$ /opt/anaconda3/envs/idex/bin/python -m spectrumpy_flight.idex_packet -f /Users/etay8828/Dropbox/IDEX Pipeline/3_Codes/3_SpectrumPY/4_Flight/src/spectrumpy_flight/Data/Calibration/Post_Env_Dust/ois_output_12132023_223729
Reading in data file /Users/etay8828/Dropbox/IDEX Pipeline/3_Codes/3_SpectrumPY/4_Flight/src/spectrumpy_flight/Data/Calibration/Post_Env_Dust/ois_output_12132023_223729
Data import completed, writing packet structures.
Packet structures written.
0
{'SHCOARSE': ParsedDataItem(SHCOARSE, raw=440202612, derived=440202612, unit=dn), 'SHFINE': ParsedDataItem(SHFINE, raw=8685, derived=8685, unit=dn), 'IDX__SCI0AID': ParsedDataItem(IDX__SCI0AID, raw=2415085345, derived=2415085345, unit=None), 'IDX__SCI0TYPE': ParsedDataItem(IDX__SCI0TYPE, raw=1, derived=1, unit=None), 'IDX__SCI0CONT': ParsedDataItem(IDX__SCI0CONT, raw=127, derived=127, unit=None), 'IDX__SCI0SPARE1': ParsedDataItem(IDX__SCI0SPARE1, raw=0, derived=0, unit=None), 'IDX__SCI0PACK': ParsedDataItem(IDX__SCI0PACK, raw=1, derived=EN, unit=None), 'IDX__SCI0FRAG': ParsedDataItem(IDX__SCI0FRAG, raw=0, derived=DS, unit=None), 'IDX__SCI0COMP': ParsedDataItem(IDX__SCI0COMP, raw=0, derived=DS, unit=None), 'IDX__SCI0EVTNUM': ParsedDataItem(IDX__SCI0EVTNUM, raw=101, derived=101, unit=None), 'IDX__SCI0CAT': ParsedDataItem(IDX__SCI0CAT, raw=32, derived=32, unit=None), 'IDX__SCI0QUAL': ParsedDataItem(IDX__SCI0QUAL, raw=5, derived=5, unit=None), 'IDX__SCI0FRAGOFF': ParsedDataItem(IDX__SCI0FRAGOFF, raw=0, derived=0, unit=None), 'IDX__SCI0VER': ParsedDataItem(IDX__SCI0VER, raw=9, derived=9, unit=None), 'IDX__SCI0TIME32': ParsedDataItem(IDX__SCI0TIME32, raw=440198281, derived=440198281, unit=None), 'IDX__SCI0SPARE2': ParsedDataItem(IDX__SCI0SPARE2, raw=0, derived=0, unit=None), 'IDX__SCI0SPARE3': ParsedDataItem(IDX__SCI0SPARE3, raw=0, derived=0, unit=None), 'IDX__SCI0SPARE4': ParsedDataItem(IDX__SCI0SPARE4, raw=0, derived=0, unit=None), 'IDX__TXHDRSCIEVTLEN': ParsedDataItem(IDX__TXHDRSCIEVTLEN, raw=8320, derived=8320, unit=None), 'IDX__TXHDRSP00': ParsedDataItem(IDX__TXHDRSP00, raw=0, derived=0, unit=None), 'IDX__TXHDRTIMESEC1': ParsedDataItem(IDX__TXHDRTIMESEC1, raw=6716, derived=6716, unit=None), 'IDX__TXHDRTIMESEC2': ParsedDataItem(IDX__TXHDRTIMESEC2, raw=58505, derived=58505, unit=None), 'IDX__TXHDRTIMESUBS': ParsedDataItem(IDX__TXHDRTIMESUBS, raw=1753, derived=1753, unit=None), 'IDX__TXHDRSP01': ParsedDataItem(IDX__TXHDRSP01, raw=0, derived=0, unit=None), 'IDX__TXHDRTRIGOFFSET': ParsedDataItem(IDX__TXHDRTRIGOFFSET, raw=7, derived=7, unit=None), 'IDX__TXHDRSP02': ParsedDataItem(IDX__TXHDRSP02, raw=0, derived=0, unit=None), 'IDX__TXHDRTRIGID': ParsedDataItem(IDX__TXHDRTRIGID, raw=1, derived=1, unit=None), 'IDX__TXHDREVTNUM': ParsedDataItem(IDX__TXHDREVTNUM, raw=101, derived=101, unit=None), 'IDX__TXHDRBLOCKS': ParsedDataItem(IDX__TXHDRBLOCKS, raw=243679, derived=243679, unit=None), 'IDX__TXHDRHGTRIGCTRL1': ParsedDataItem(IDX__TXHDRHGTRIGCTRL1, raw=2264924160, derived=2264924160, unit=None), 'IDX__TXHDRHGTRIGCTRL2': ParsedDataItem(IDX__TXHDRHGTRIGCTRL2, raw=0, derived=0, unit=None), 'IDX__TXHDRLGTRIGCTRL1': ParsedDataItem(IDX__TXHDRLGTRIGCTRL1, raw=4294965248, derived=4294965248, unit=None), 'IDX__TXHDRLGTRIGCTRL2': ParsedDataItem(IDX__TXHDRLGTRIGCTRL2, raw=4278255360, derived=4278255360, unit=None), 'IDX__TXHDRMGTRIGCTRL1': ParsedDataItem(IDX__TXHDRMGTRIGCTRL1, raw=4294965248, derived=4294965248, unit=None), 'IDX__TXHDRMGTRIGCTRL2': ParsedDataItem(IDX__TXHDRMGTRIGCTRL2, raw=4278255360, derived=4278255360, unit=None), 'IDX__TXHDRSP03': ParsedDataItem(IDX__TXHDRSP03, raw=0, derived=0, unit=None), 'IDX__TXHDRLSADC': ParsedDataItem(IDX__TXHDRLSADC, raw=1048320, derived=1048320, unit=None), 'IDX__TXHDRPOLSTAT': ParsedDataItem(IDX__TXHDRPOLSTAT, raw=1, derived=NEG, unit=None), 'IDX__TXHDRSP04': ParsedDataItem(IDX__TXHDRSP04, raw=0, derived=0, unit=None), 'IDX__TXHDRPOLCTRL': ParsedDataItem(IDX__TXHDRPOLCTRL, raw=0, derived=POS, unit=None), 'IDX__TXHDRCOINENA': ParsedDataItem(IDX__TXHDRCOINENA, raw=0, derived=DIS, unit=None), 'IDX__TXHDRLSTRIGMODE': ParsedDataItem(IDX__TXHDRLSTRIGMODE, raw=0, derived=DIS, unit=None), 'IDX__TXHDRMGTRIGMODE': ParsedDataItem(IDX__TXHDRMGTRIGMODE, raw=0, derived=0, unit=None), 'IDX__TXHDRLGTRIGMODE': ParsedDataItem(IDX__TXHDRLGTRIGMODE, raw=0, derived=0, unit=None), 'IDX__TXHDRHGTRIGMODE': ParsedDataItem(IDX__TXHDRHGTRIGMODE, raw=1, derived=1, unit=None), 'IDX__TXHDRSP05': ParsedDataItem(IDX__TXHDRSP05, raw=0, derived=0, unit=None), 'IDX__TXHDRSP06': ParsedDataItem(IDX__TXHDRSP06, raw=0, derived=0, unit=None), 'IDX__TXHDRSP07': ParsedDataItem(IDX__TXHDRSP07, raw=2019, derived=2019, unit=None), 'IDX__TXHDRSP08': ParsedDataItem(IDX__TXHDRSP08, raw=0, derived=0, unit=None), 'IDX__TXHDRTOFMAX': ParsedDataItem(IDX__TXHDRTOFMAX, raw=598219775, derived=598219775, unit=None), 'IDX__TXHDRTOFMIN': ParsedDataItem(IDX__TXHDRTOFMIN, raw=527954310, derived=527954310, unit=None), 'IDX__TXHDRLS0MAXMIN': ParsedDataItem(IDX__TXHDRLS0MAXMIN, raw=16773120, derived=16773120, unit=None), 'IDX__TXHDRLS1MAXMIN': ParsedDataItem(IDX__TXHDRLS1MAXMIN, raw=8456168, derived=8456168, unit=None), 'IDX__TXHDRLS2MAXMIN': ParsedDataItem(IDX__TXHDRLS2MAXMIN, raw=8992607, derived=8992607, unit=None), 'IDX__TXHDRFIFODELAY': ParsedDataItem(IDX__TXHDRFIFODELAY, raw=17, derived=17, unit=None), 'IDX__TXHDRSAMPDELAY': ParsedDataItem(IDX__TXHDRSAMPDELAY, raw=57728088, derived=57728088, unit=None), 'IDX__TXHDRTRANSCNT': ParsedDataItem(IDX__TXHDRTRANSCNT, raw=18, derived=18, unit=None), 'IDX__TXHDRPROCHKCH01': ParsedDataItem(IDX__TXHDRPROCHKCH01, raw=83624762, derived=83624762, unit=None), 'IDX__TXHDRPROCHKCH23': ParsedDataItem(IDX__TXHDRPROCHKCH23, raw=108463359, derived=108463359, unit=None), 'IDX__TXHDRPROCHKCH45': ParsedDataItem(IDX__TXHDRPROCHKCH45, raw=169411802, derived=169411802, unit=None), 'IDX__TXHDRPROCHKCH67': ParsedDataItem(IDX__TXHDRPROCHKCH67, raw=133695768, derived=133695768, unit=None), 'IDX__TXHDRHVPSHKCH01': ParsedDataItem(IDX__TXHDRHVPSHKCH01, raw=131860073, derived=131860073, unit=None), 'IDX__TXHDRHVPSHKCH23': ParsedDataItem(IDX__TXHDRHVPSHKCH23, raw=8849070, derived=8849070, unit=None), 'IDX__TXHDRHVPSHKCH45': ParsedDataItem(IDX__TXHDRHVPSHKCH45, raw=153290714, derived=153290714, unit=None), 'IDX__TXHDRHVPSHKCH67': ParsedDataItem(IDX__TXHDRHVPSHKCH67, raw=19991183, derived=19991183, unit=None), 'IDX__TXHDRLVHK0CH01': ParsedDataItem(IDX__TXHDRLVHK0CH01, raw=134219776, derived=134219776, unit=None), 'IDX__TXHDRLVHK0CH23': ParsedDataItem(IDX__TXHDRLVHK0CH23, raw=171838394, derived=171838394, unit=None), 'IDX__TXHDRLVHK0CH45': ParsedDataItem(IDX__TXHDRLVHK0CH45, raw=134745193, derived=134745193, unit=None), 'IDX__TXHDRLVHK0CH67': ParsedDataItem(IDX__TXHDRLVHK0CH67, raw=205655123, derived=205655123, unit=None), 'IDX__TXHDRLVHK1CH01': ParsedDataItem(IDX__TXHDRLVHK1CH01, raw=34735754, derived=34735754, unit=None), 'IDX__TXHDRLVHK1CH23': ParsedDataItem(IDX__TXHDRLVHK1CH23, raw=77465080, derived=77465080, unit=None), 'IDX__TXHDRLVHK1CH45': ParsedDataItem(IDX__TXHDRLVHK1CH45, raw=226822046, derived=226822046, unit=None), 'IDX__TXHDRLVHK1CH67': ParsedDataItem(IDX__TXHDRLVHK1CH67, raw=192872901, derived=192872901, unit=None), 'IDX__TXHDRLVHK2CH01': ParsedDataItem(IDX__TXHDRLVHK2CH01, raw=80676049, derived=80676049, unit=None), 'IDX__TXHDRLVHK2CH23': ParsedDataItem(IDX__TXHDRLVHK2CH23, raw=193530504, derived=193530504, unit=None), 'IDX__TXHDRLVHK2CH45': ParsedDataItem(IDX__TXHDRLVHK2CH45, raw=101059674, derived=101059674, unit=None), 'IDX__TXHDRLVHK2CH67': ParsedDataItem(IDX__TXHDRLVHK2CH67, raw=69017, derived=69017, unit=None), 'IDX__TXHDRSP09': ParsedDataItem(IDX__TXHDRSP09, raw=0, derived=0, unit=None), 'IDX__TXHDRSP10': ParsedDataItem(IDX__TXHDRSP10, raw=0, derived=0, unit=None), 'IDX__TXHDRFSWAIDCOPY': ParsedDataItem(IDX__TXHDRFSWAIDCOPY, raw=2415085345, derived=2415085345, unit=None), 'IDX__TXHDRFSWBINCOPY': ParsedDataItem(IDX__TXHDRFSWBINCOPY, raw=0, derived=0, unit=None), 'IDX__TXHDRFSWMAJOR': ParsedDataItem(IDX__TXHDRFSWMAJOR, raw=2, derived=2, unit=None), 'IDX__TXHDRFSWMINOR': ParsedDataItem(IDX__TXHDRFSWMINOR, raw=0, derived=0, unit=None), 'IDX__TXHDRFSWPATCH': ParsedDataItem(IDX__TXHDRFSWPATCH, raw=0, derived=0, unit=None), 'IDX__TXHDRFSWHVSTAT': ParsedDataItem(IDX__TXHDRFSWHVSTAT, raw=3, derived=3, unit=None), 'IDX__TXHDRFSWMEM0': ParsedDataItem(IDX__TXHDRFSWMEM0, raw=0, derived=0, unit=None), 'IDX__TXHDRFSWMEM1': ParsedDataItem(IDX__TXHDRFSWMEM1, raw=0, derived=0, unit=None), 'IDX__TXHDRFSWPT0': ParsedDataItem(IDX__TXHDRFSWPT0, raw=0, derived=0, unit=None), 'IDX__TXHDRFSWPT1': ParsedDataItem(IDX__TXHDRFSWPT1, raw=0, derived=0, unit=None), 'IDX__TXHDRFSWPT2': ParsedDataItem(IDX__TXHDRFSWPT2, raw=0, derived=0, unit=None), 'IDX__TXHDRFSWPT3': ParsedDataItem(IDX__TXHDRFSWPT3, raw=0, derived=0, unit=None), 'IDX__TXHDRFSWPT4': ParsedDataItem(IDX__TXHDRFSWPT4, raw=0, derived=0, unit=None), 'IDX__TXHDRFSWPT5': ParsedDataItem(IDX__TXHDRFSWPT5, raw=0, derived=0, unit=None), 'IDX__TXHDRFSWPT6': ParsedDataItem(IDX__TXHDRFSWPT6, raw=0, derived=0, unit=None), 'IDX__TXHDRFSWPT7': ParsedDataItem(IDX__TXHDRFSWPT7, raw=0, derived=0, unit=None), 'IDX__TXHDRFSWPT8': ParsedDataItem(IDX__TXHDRFSWPT8, raw=0, derived=0, unit=None), 'IDX__TXHDRFSWPT9': ParsedDataItem(IDX__TXHDRFSWPT9, raw=0, derived=0, unit=None), 'IDX__TXHDRFPGAVER': ParsedDataItem(IDX__TXHDRFPGAVER, raw=539165480, derived=539165480, unit=None), 'IDX__SYNCSCI0PKT': ParsedDataItem(IDX__SYNCSCI0PKT, raw=13107, derived=13107, unit=None), 'IDX__CRCSCI0PKT': ParsedDataItem(IDX__CRCSCI0PKT, raw=58117, derived=58117, unit=None)}
SHCOARSE = 440202612
SHFINE = 8685
IDX__SCI0AID = 2415085345
IDX__SCI0TYPE = 1
IDX__SCI0CONT = 127
IDX__SCI0SPARE1 = 0
IDX__SCI0PACK = EN
IDX__SCI0FRAG = DS
IDX__SCI0COMP = DS
IDX__SCI0EVTNUM = 101
IDX__SCI0CAT = 32
IDX__SCI0QUAL = 5
IDX__SCI0FRAGOFF = 0
IDX__SCI0VER = 9
IDX__SCI0TIME32 = 440198281
IDX__SCI0SPARE2 = 0
IDX__SCI0SPARE3 = 0
IDX__SCI0SPARE4 = 0
IDX__TXHDRSCIEVTLEN = 8320
IDX__TXHDRSP00 = 0
IDX__TXHDRTIMESEC1 = 6716
IDX__TXHDRTIMESEC2 = 58505
IDX__TXHDRTIMESUBS = 1753
IDX__TXHDRSP01 = 0
IDX__TXHDRTRIGOFFSET = 7
IDX__TXHDRSP02 = 0
IDX__TXHDRTRIGID = 1
IDX__TXHDREVTNUM = 101
IDX__TXHDRBLOCKS = 243679
IDX__TXHDRHGTRIGCTRL1 = 2264924160
IDX__TXHDRHGTRIGCTRL2 = 0
IDX__TXHDRLGTRIGCTRL1 = 4294965248
IDX__TXHDRLGTRIGCTRL2 = 4278255360
IDX__TXHDRMGTRIGCTRL1 = 4294965248
IDX__TXHDRMGTRIGCTRL2 = 4278255360
IDX__TXHDRSP03 = 0
IDX__TXHDRLSADC = 1048320
IDX__TXHDRPOLSTAT = NEG
IDX__TXHDRSP04 = 0
IDX__TXHDRPOLCTRL = POS
IDX__TXHDRCOINENA = DIS
IDX__TXHDRLSTRIGMODE = DIS
IDX__TXHDRMGTRIGMODE = 0
IDX__TXHDRLGTRIGMODE = 0
IDX__TXHDRHGTRIGMODE = 1
IDX__TXHDRSP05 = 0
IDX__TXHDRSP06 = 0
IDX__TXHDRSP07 = 2019
IDX__TXHDRSP08 = 0
IDX__TXHDRTOFMAX = 598219775
IDX__TXHDRTOFMIN = 527954310
IDX__TXHDRLS0MAXMIN = 16773120
IDX__TXHDRLS1MAXMIN = 8456168
IDX__TXHDRLS2MAXMIN = 8992607
IDX__TXHDRFIFODELAY = 17
IDX__TXHDRSAMPDELAY = 57728088
IDX__TXHDRTRANSCNT = 18
IDX__TXHDRPROCHKCH01 = 83624762
IDX__TXHDRPROCHKCH23 = 108463359
IDX__TXHDRPROCHKCH45 = 169411802
IDX__TXHDRPROCHKCH67 = 133695768
IDX__TXHDRHVPSHKCH01 = 131860073
IDX__TXHDRHVPSHKCH23 = 8849070
IDX__TXHDRHVPSHKCH45 = 153290714
IDX__TXHDRHVPSHKCH67 = 19991183
IDX__TXHDRLVHK0CH01 = 134219776
IDX__TXHDRLVHK0CH23 = 171838394
IDX__TXHDRLVHK0CH45 = 134745193
IDX__TXHDRLVHK0CH67 = 205655123
IDX__TXHDRLVHK1CH01 = 34735754
IDX__TXHDRLVHK1CH23 = 77465080
IDX__TXHDRLVHK1CH45 = 226822046
IDX__TXHDRLVHK1CH67 = 192872901
IDX__TXHDRLVHK2CH01 = 80676049
IDX__TXHDRLVHK2CH23 = 193530504
IDX__TXHDRLVHK2CH45 = 101059674
IDX__TXHDRLVHK2CH67 = 69017
IDX__TXHDRSP09 = 0
IDX__TXHDRSP10 = 0
IDX__TXHDRFSWAIDCOPY = 2415085345
IDX__TXHDRFSWBINCOPY = 0
IDX__TXHDRFSWMAJOR = 2
IDX__TXHDRFSWMINOR = 0
IDX__TXHDRFSWPATCH = 0
IDX__TXHDRFSWHVSTAT = 3
IDX__TXHDRFSWMEM0 = 0
IDX__TXHDRFSWMEM1 = 0
IDX__TXHDRFSWPT0 = 0
IDX__TXHDRFSWPT1 = 0
IDX__TXHDRFSWPT2 = 0
IDX__TXHDRFSWPT3 = 0
IDX__TXHDRFSWPT4 = 0
IDX__TXHDRFSWPT5 = 0
IDX__TXHDRFSWPT6 = 0
IDX__TXHDRFSWPT7 = 0
IDX__TXHDRFSWPT8 = 0
IDX__TXHDRFSWPT9 = 0
IDX__TXHDRFPGAVER = 539165480
IDX__SYNCSCI0PKT = 13107
IDX__CRCSCI0PKT = 58117
^*****Event header 1******^
EVTNUM: 1
SCI0TYPE: 1
TXHDRBLOCKS RAW: 243679
TXHDRBLOCKS DERIVED: 243679
-----
HS pre trig sampling blocks:  31
LS pre trig sampling blocks:  3
HS post trig sampling blocks:  31
LS post trig sampling blocks:  11
IDX__TXHDRHVPSHKCH01 = 131860073
Detector voltage =  1641
Sensor voltage =  2012
Target voltage =  1710
Reflectron voltage =  135
Rejection voltage =  2010
Current for HVPS sensor =  2339
Positive current for HVPS sensor =  2703
Negative current for HVPS sensor =  305
Voltage +3.3V reference =  2048
Voltage +3.3V operational reference =  2048
Voltage -6V bus =  3002
Voltage +6V bus =  2622
Voltage +16V bus =  3177
Voltage +3.3V bus =  2056
Voltage -5V bus =  3155
Voltage +5V bus =  3138
Current +3.3V bus =  1674
Current +16V bus =  1182
Current +6V bus =  1528
Current -6V bus =  1182
Current +5V bus =  1950
Current -5V bus =  3461
Current +2.5V bus =  453
Current -2.5V bus =  2943
Current on the 1V POL =  826
Current on the 1.9V POL =  1276
ProcBd Temperature 1 =  1279
ProcBd Temperature 2 =  1655
Voltage on 1V bus =  1242
FPGA Temperature =  2585
Voltage on 1.9V bus =  2328
Voltage on 3.3V bus =  2040
var_to_row = {'Last measurement in raw DN for Processor Board signal “1V POL Current”': 0, 'Last measurement in raw DN for Processor Board signal “1.9V POL Current”': 1, 'Last measurement in raw DN for Processor Board signal “ProcBd Temp1”': 2, nan: 48, 'Last measurement in raw DN for Processor Board signal “ProcBd Temp2”': 6, 'Last measurement in raw DN for Processor Board signal “1V Voltage”': 10, 'Last measurement in raw DN for Processor Board signal “FPGA Temp”': 11, 'Last measurement in raw DN for Processor Board signal “1.9V Voltage”': 12, 'Last measurement in raw DN for Processor Board signal “3.3V Voltage”': 13, 'Last measurement in raw DN for HVPS Board signal “Detector Voltage”': 14, 'Last measurement in raw DN for HVPS Board signal “Sensor Voltage"': 15, 'Last measurement in raw DN for HVPS Board signal “Target Voltage”': 16, 'Last measurement in raw DN for HVPS Board signal “Reflectron Voltage”': 17, 'Last measurement in raw DN for HVPS Board signal “Rejection Voltage”': 18, 'Last measurement in raw DN for HVPS Board signal “Detector Current”': 19, 'Last measurement in raw DN for HVPS Board signal “Sensor IP”': 20, 'Last measurement in raw DN for HVPS Board signal “Sensor IN”': 21, 'Last measurement in raw DN for LVPS Board signal “P3.3VREF_HK”': 22, 'Last measurement in raw DN for LVPS Board signal “P3.3VREF_OP”': 23, 'Last measurement in raw DN for LVPS Board signal “N6V”': 24, 'Last measurement in raw DN for LVPS Board signal “P6V”': 25, 'Last measurement in raw DN for LVPS Board signal “P16V”': 26, 'Last measurement in raw DN for LVPS Board signal “P3.3V”': 27, 'Last measurement in raw DN for LVPS Board signal “N5V”': 28, 'Last measurement in raw DN for LVPS Board signal “P5V”': 29, 'Last measurement in raw DN for LVPS Board signal “P3.3_IMON”': 30, 'Last measurement in raw DN for LVPS Board signal “P16V_IMON”': 31, 'Last measurement in raw DN for LVPS Board signal “P6V_IMON”': 32, 'Last measurement in raw DN for LVPS Board signal “N6V_IMON”': 33, 'Last measurement in raw DN for LVPS Board signal “P5V_IMON”': 34, 'Last measurement in raw DN for LVPS Board signal “N5V_IMON”': 35, 'Last measurement in raw DN for LVPS Board signal “P2.5V_IMON”': 36, 'Last measurement in raw DN for LVPS Board signal “N2.5V_IMON”': 37, 'Last measurement in raw DN for LVPS Board signal “THERM_DECON0”': 38, 'Last measurement in raw DN for LVPS Board signal “THERM_DECON1”': 39, 'Last measurement in raw DN for LVPS Board signal “THERM_DAB”': 40, 'Last measurement in raw DN for LVPS Board signal “THERM_LVPS”': 41, 'Last measurement in raw DN for LVPS Board signal “THERM_HVPS”': 45, 'Last measurement in raw DN for LVPS Board signal “P2.5V”': 49, 'Last measurement in raw DN for LVPS Board signal “N2.5V”': 50, 'Last measurement in raw DN for LVPS Board signal “Spare”': 51}

 
 ***** var_name being converted for each instrument setting ***** 
 

Matching row  18
coeffs for Last measurement in raw DN for Processor Board signal “1V POL Current”= [0.0 0.9029253 0.0 0.0 0.0 0.0 0.0 0.0]
var_name = Last measurement in raw DN for Processor Board signal “1V POL Current”
var_name = current_1V_pol
Header info = 826
Transformed value for current_1V_pol = 745.8162978
Matching row  18
coeffs for Last measurement in raw DN for Processor Board signal “1.9V POL Current”= [0.0 0.9029253 0.0 0.0 0.0 0.0 0.0 0.0]
var_name = Last measurement in raw DN for Processor Board signal “1.9V POL Current”
var_name = current_1.9V_pol
Header info = 1276
Transformed value for current_1.9V_pol = 1152.1326828
Matching row  18
coeffs for Last measurement in raw DN for Processor Board signal “ProcBd Temp1”= [162.8276 -0.2668687 0.0003323794 -2.43153e-07 9.034532e-11 -1.327735e-14
 0.0 0.0]
var_name = Last measurement in raw DN for Processor Board signal “ProcBd Temp1”
var_name = temperature_1
Header info = 1279
Transformed value for temperature_1 = 52.806982715623406
Matching row  18
coeffs for nan= [-104713.9 52.02446 -0.006463374 0.0 0.0 0.0 0.0 0.0]
var_name = nan
var_name = None
KeyError: (1, None) - Could not find entry for None, 48. Please check the Var_notes or variable mapping.
Matching row  18
coeffs for Last measurement in raw DN for Processor Board signal “ProcBd Temp2”= [162.8276 -0.2668687 0.0003323794 -2.43153e-07 9.034532e-11 -1.327735e-14
 0.0 0.0]
var_name = Last measurement in raw DN for Processor Board signal “ProcBd Temp2”
var_name = temperature_2
Header info = 1655
Transformed value for temperature_2 = 42.261008402175236
Matching row  18
coeffs for Last measurement in raw DN for Processor Board signal “1V Voltage”= [0.0 0.000805861 0.0 0.0 0.0 0.0 0.0 0.0]
var_name = Last measurement in raw DN for Processor Board signal “1V Voltage”
var_name = voltage_1V_bus
Header info = 1242
Transformed value for voltage_1V_bus = 1.0008793619999998
Matching row  18
coeffs for Last measurement in raw DN for Processor Board signal “FPGA Temp”= [358.31 -0.1187104 0.0 0.0 0.0 0.0 0.0 0.0]
var_name = Last measurement in raw DN for Processor Board signal “FPGA Temp”
var_name = fpga_temperature
Header info = 2585
Transformed value for fpga_temperature = 51.44361600000002
Matching row  18
coeffs for Last measurement in raw DN for Processor Board signal “1.9V Voltage”= [0.0 0.000805861 0.0 0.0 0.0 0.0 0.0 0.0]
var_name = Last measurement in raw DN for Processor Board signal “1.9V Voltage”
var_name = voltage_1.9V_bus
Header info = 2328
Transformed value for voltage_1.9V_bus = 1.8760444079999998
Matching row  18
coeffs for Last measurement in raw DN for Processor Board signal “3.3V Voltage”= [0.0 0.001611722 0.0 0.0 0.0 0.0 0.0 0.0]
var_name = Last measurement in raw DN for Processor Board signal “3.3V Voltage”
var_name = voltage_3.3V_bus
Header info = 2040
Transformed value for voltage_3.3V_bus = 3.28791288
Matching row  18
coeffs for Last measurement in raw DN for HVPS Board signal “Detector Voltage”= [0.0 1.4652 0.0 0.0 0.0 0.0 0.0 0.0]
var_name = Last measurement in raw DN for HVPS Board signal “Detector Voltage”
var_name = detector_voltage
Header info = 1641
Transformed value for detector_voltage = 2404.3932
Matching row  18
coeffs for Last measurement in raw DN for HVPS Board signal “Sensor Voltage"= [0.0 1.4652 0.0 0.0 0.0 0.0 0.0 0.0]
var_name = Last measurement in raw DN for HVPS Board signal “Sensor Voltage"
var_name = sensor_voltage
Header info = 2012
Transformed value for sensor_voltage = 2947.9824000000003
Matching row  18
coeffs for Last measurement in raw DN for HVPS Board signal “Target Voltage”= [0.0 1.4652 0.0 0.0 0.0 0.0 0.0 0.0]
var_name = Last measurement in raw DN for HVPS Board signal “Target Voltage”
var_name = target_voltage
Header info = 1710
Transformed value for target_voltage = 2505.492
Matching row  18
coeffs for Last measurement in raw DN for HVPS Board signal “Reflectron Voltage”= [0.0 1.4652 0.0 0.0 0.0 0.0 0.0 0.0]
var_name = Last measurement in raw DN for HVPS Board signal “Reflectron Voltage”
var_name = reflectron_voltage
Header info = 135
Transformed value for reflectron_voltage = 197.80200000000002
Matching row  18
coeffs for Last measurement in raw DN for HVPS Board signal “Rejection Voltage”= [0.0 1.4652 0.0 0.0 0.0 0.0 0.0 0.0]
var_name = Last measurement in raw DN for HVPS Board signal “Rejection Voltage”
var_name = rejection_voltage
Header info = 2010
Transformed value for rejection_voltage = 2945.052
Matching row  18
coeffs for Last measurement in raw DN for HVPS Board signal “Detector Current”= [0.0 7.326e-06 0.0 0.0 0.0 0.0 0.0 0.0]
var_name = Last measurement in raw DN for HVPS Board signal “Detector Current”
var_name = current_hvps_sensor
Header info = 2339
Transformed value for current_hvps_sensor = 0.017135514
Matching row  18
coeffs for Last measurement in raw DN for HVPS Board signal “Sensor IP”= [0.0 2.4339e-05 0.0 0.0 0.0 0.0 0.0 0.0]
var_name = Last measurement in raw DN for HVPS Board signal “Sensor IP”
var_name = positive_current_hvps
Header info = 2703
Transformed value for positive_current_hvps = 0.065788317
Matching row  18
coeffs for Last measurement in raw DN for HVPS Board signal “Sensor IN”= [0.0 2.4339e-05 0.0 0.0 0.0 0.0 0.0 0.0]
var_name = Last measurement in raw DN for HVPS Board signal “Sensor IN”
var_name = negative_current_hvps
Header info = 305
Transformed value for negative_current_hvps = 0.007423394999999999
Matching row  18
coeffs for Last measurement in raw DN for LVPS Board signal “P3.3VREF_HK”= [0.0 0.00161172 0.0 0.0 0.0 0.0 0.0 0.0]
var_name = Last measurement in raw DN for LVPS Board signal “P3.3VREF_HK”
var_name = voltage_3V3_ref
Header info = 2048
Transformed value for voltage_3V3_ref = 3.30080256
Matching row  18
coeffs for Last measurement in raw DN for LVPS Board signal “P3.3VREF_OP”= [0.0 0.00161172 0.0 0.0 0.0 0.0 0.0 0.0]
var_name = Last measurement in raw DN for LVPS Board signal “P3.3VREF_OP”
var_name = voltage_3V3_op_ref
Header info = 2048
Transformed value for voltage_3V3_op_ref = 3.30080256
Matching row  18
coeffs for Last measurement in raw DN for LVPS Board signal “N6V”= [-33.0 0.00886447 0.0 0.0 0.0 0.0 0.0 0.0]
var_name = Last measurement in raw DN for LVPS Board signal “N6V”
var_name = voltage_neg6V_bus
Header info = 3002
Transformed value for voltage_neg6V_bus = -6.3888610600000035
Matching row  18
coeffs for Last measurement in raw DN for LVPS Board signal “P6V”= [0.0 0.00241758 0.0 0.0 0.0 0.0 0.0 0.0]
var_name = Last measurement in raw DN for LVPS Board signal “P6V”
var_name = voltage_pos6V_bus
Header info = 2622
Transformed value for voltage_pos6V_bus = 6.33889476
Matching row  18
coeffs for Last measurement in raw DN for LVPS Board signal “P16V”= [0.0 0.00482711 0.0 0.0 0.0 0.0 0.0 0.0]
var_name = Last measurement in raw DN for LVPS Board signal “P16V”
var_name = voltage_pos16V_bus
Header info = 3177
Transformed value for voltage_pos16V_bus = 15.33572847
Matching row  18
coeffs for Last measurement in raw DN for LVPS Board signal “P3.3V”= [0.0 0.00161172 0.0 0.0 0.0 0.0 0.0 0.0]
var_name = Last measurement in raw DN for LVPS Board signal “P3.3V”
var_name = voltage_pos3V3_bus
Header info = 2056
Transformed value for voltage_pos3V3_bus = 3.31369632
Matching row  18
coeffs for Last measurement in raw DN for LVPS Board signal “N5V”= [-33.0 0.00886447 0.0 0.0 0.0 0.0 0.0 0.0]
var_name = Last measurement in raw DN for LVPS Board signal “N5V”
var_name = voltage_neg5V_bus
Header info = 3155
Transformed value for voltage_neg5V_bus = -5.032597150000001
Matching row  18
coeffs for Last measurement in raw DN for LVPS Board signal “P5V”= [0.0 0.00161172 0.0 0.0 0.0 0.0 0.0 0.0]
var_name = Last measurement in raw DN for LVPS Board signal “P5V”
var_name = voltage_pos5V_bus
Header info = 3138
Transformed value for voltage_pos5V_bus = 5.057577360000001
Matching row  18
coeffs for Last measurement in raw DN for LVPS Board signal “P3.3_IMON”= [0.0 0.00161172 0.0 0.0 0.0 0.0 0.0 0.0]
var_name = Last measurement in raw DN for LVPS Board signal “P3.3_IMON”
var_name = current_3V3_bus
Header info = 1674
Transformed value for current_3V3_bus = 2.69801928
Matching row  18
coeffs for Last measurement in raw DN for LVPS Board signal “P16V_IMON”= [0.0 0.000161172 0.0 0.0 0.0 0.0 0.0 0.0]
var_name = Last measurement in raw DN for LVPS Board signal “P16V_IMON”
var_name = current_16V_bus
Header info = 1182
Transformed value for current_16V_bus = 0.19050530400000001
Matching row  18
coeffs for Last measurement in raw DN for LVPS Board signal “P6V_IMON”= [0.0 8.05861e-05 0.0 0.0 0.0 0.0 0.0 0.0]
var_name = Last measurement in raw DN for LVPS Board signal “P6V_IMON”
var_name = current_6V_bus
Header info = 1528
Transformed value for current_6V_bus = 0.1231355608
Matching row  18
coeffs for Last measurement in raw DN for LVPS Board signal “N6V_IMON”= [0.0 -8.05861e-05 0.0 0.0 0.0 0.0 0.0 0.0]
var_name = Last measurement in raw DN for LVPS Board signal “N6V_IMON”
var_name = current_neg6V_bus
Header info = 1182
Transformed value for current_neg6V_bus = -0.0952527702
Matching row  18
coeffs for Last measurement in raw DN for LVPS Board signal “P5V_IMON”= [0.0 4.029304e-05 0.0 0.0 0.0 0.0 0.0 0.0]
var_name = Last measurement in raw DN for LVPS Board signal “P5V_IMON”
var_name = current_5V_bus
Header info = 1950
Transformed value for current_5V_bus = 0.078571428
Matching row  18
coeffs for Last measurement in raw DN for LVPS Board signal “N5V_IMON”= [0.0 -2.01465e-05 0.0 0.0 0.0 0.0 0.0 0.0]
var_name = Last measurement in raw DN for LVPS Board signal “N5V_IMON”
var_name = current_neg5V_bus
Header info = 3461
Transformed value for current_neg5V_bus = -0.0697270365
Matching row  18
coeffs for Last measurement in raw DN for LVPS Board signal “P2.5V_IMON”= [0.0 0.00161172 0.0 0.0 0.0 0.0 0.0 0.0]
var_name = Last measurement in raw DN for LVPS Board signal “P2.5V_IMON”
var_name = current_2V5_bus
Header info = 453
Transformed value for current_2V5_bus = 0.73010916
Matching row  18
coeffs for Last measurement in raw DN for LVPS Board signal “N2.5V_IMON”= [0.0 -4.0293e-05 0.0 0.0 0.0 0.0 0.0 0.0]
var_name = Last measurement in raw DN for LVPS Board signal “N2.5V_IMON”
var_name = current_neg2V5_bus
Header info = 2943
Transformed value for current_neg2V5_bus = -0.118582299
Matching row  18
coeffs for Last measurement in raw DN for LVPS Board signal “THERM_DECON0”= [-110.293 0.0665351 0.000305738 -6.32048e-07 5.9934e-10 -2.98784e-13
 7.61361e-17 -7.76467e-21]
var_name = Last measurement in raw DN for LVPS Board signal “THERM_DECON0”
var_name = None
KeyError: (1, None) - Could not find entry for None, 38. Please check the Var_notes or variable mapping.
Matching row  18
coeffs for Last measurement in raw DN for LVPS Board signal “THERM_DECON1”= [-150.478 0.376986 -0.00062072 7.73853e-07 -5.81588e-10 2.56368e-13
 -6.05698e-17 5.96635e-21]
var_name = Last measurement in raw DN for LVPS Board signal “THERM_DECON1”
var_name = None
KeyError: (1, None) - Could not find entry for None, 39. Please check the Var_notes or variable mapping.
Matching row  18
coeffs for Last measurement in raw DN for LVPS Board signal “THERM_DAB”= [-443.248 1.31224 -0.00180422 1.40016e-06 -6.43766e-10 1.7448e-13
 -2.57695e-17 1.60239e-21]
var_name = Last measurement in raw DN for LVPS Board signal “THERM_DAB”
var_name = None
KeyError: (1, None) - Could not find entry for None, 40. Please check the Var_notes or variable mapping.
Matching row  18
coeffs for Last measurement in raw DN for LVPS Board signal “THERM_LVPS”= [200.4137 -0.2020699 0.000175403 -9.739547e-08 2.888932e-11 -3.545603e-15
 0.0 0.0]
var_name = Last measurement in raw DN for LVPS Board signal “THERM_LVPS”
var_name = None
KeyError: (1, None) - Could not find entry for None, 41. Please check the Var_notes or variable mapping.
Matching row  18
coeffs for Last measurement in raw DN for LVPS Board signal “THERM_HVPS”= [200.4137 -0.2020699 0.000175403 -9.739547e-08 2.888932e-11 -3.545603e-15
 0.0 0.0]
var_name = Last measurement in raw DN for LVPS Board signal “THERM_HVPS”
var_name = None
KeyError: (1, None) - Could not find entry for None, 45. Please check the Var_notes or variable mapping.
Matching row  18
coeffs for Last measurement in raw DN for LVPS Board signal “P2.5V”= [0.0 0.00161172 0.0 0.0 0.0 0.0 0.0 0.0]
var_name = Last measurement in raw DN for LVPS Board signal “P2.5V”
var_name = None
KeyError: (1, None) - Could not find entry for None, 49. Please check the Var_notes or variable mapping.
Matching row  18
coeffs for Last measurement in raw DN for LVPS Board signal “N2.5V”= [-33.0 0.00886447 0.0 0.0 0.0 0.0 0.0 0.0]
var_name = Last measurement in raw DN for LVPS Board signal “N2.5V”
var_name = None
KeyError: (1, None) - Could not find entry for None, 50. Please check the Var_notes or variable mapping.
Matching row  18
coeffs for Last measurement in raw DN for LVPS Board signal “Spare”= [0.0 0.00161172 0.0 0.0 0.0 0.0 0.0 0.0]
var_name = Last measurement in raw DN for LVPS Board signal “Spare”
var_name = spare_signal
KeyError: (1, 'spare_signal') - Could not find entry for spare_signal, 51. Please check the Var_notes or variable mapping.
High gain delay = 88 samples.
Mid gain delay = 55 samples.
Low gain delay = 55 samples.
High sampling trigger mode =  0 0 1
High gain trigger mode enabled.
For 2264924160, HG Trigger level = 0.15605999999999998, sample settings = 0, 0
Threshold trigger mode enabled for high gain channel.
AID = 2415085345
Event number = 101
Rice compression enabled = False
Timestamp = 440198281.03506 seconds since epoch (Midnight January 1st, 2010)
Trigger time = 2023-12-13T21:18:01.035060Z
1
1
1
1
1
1
1
1
1
1
1
1
1
{'SHCOARSE': ParsedDataItem(SHCOARSE, raw=440202625, derived=440202625, unit=dn), 'SHFINE': ParsedDataItem(SHFINE, raw=8694, derived=8694, unit=dn), 'IDX__SCI0AID': ParsedDataItem(IDX__SCI0AID, raw=2415085345, derived=2415085345, unit=None), 'IDX__SCI0TYPE': ParsedDataItem(IDX__SCI0TYPE, raw=1, derived=1, unit=None), 'IDX__SCI0CONT': ParsedDataItem(IDX__SCI0CONT, raw=127, derived=127, unit=None), 'IDX__SCI0SPARE1': ParsedDataItem(IDX__SCI0SPARE1, raw=0, derived=0, unit=None), 'IDX__SCI0PACK': ParsedDataItem(IDX__SCI0PACK, raw=1, derived=EN, unit=None), 'IDX__SCI0FRAG': ParsedDataItem(IDX__SCI0FRAG, raw=0, derived=DS, unit=None), 'IDX__SCI0COMP': ParsedDataItem(IDX__SCI0COMP, raw=0, derived=DS, unit=None), 'IDX__SCI0EVTNUM': ParsedDataItem(IDX__SCI0EVTNUM, raw=102, derived=102, unit=None), 'IDX__SCI0CAT': ParsedDataItem(IDX__SCI0CAT, raw=32, derived=32, unit=None), 'IDX__SCI0QUAL': ParsedDataItem(IDX__SCI0QUAL, raw=5, derived=5, unit=None), 'IDX__SCI0FRAGOFF': ParsedDataItem(IDX__SCI0FRAGOFF, raw=0, derived=0, unit=None), 'IDX__SCI0VER': ParsedDataItem(IDX__SCI0VER, raw=9, derived=9, unit=None), 'IDX__SCI0TIME32': ParsedDataItem(IDX__SCI0TIME32, raw=440198305, derived=440198305, unit=None), 'IDX__SCI0SPARE2': ParsedDataItem(IDX__SCI0SPARE2, raw=0, derived=0, unit=None), 'IDX__SCI0SPARE3': ParsedDataItem(IDX__SCI0SPARE3, raw=0, derived=0, unit=None), 'IDX__SCI0SPARE4': ParsedDataItem(IDX__SCI0SPARE4, raw=0, derived=0, unit=None), 'IDX__TXHDRSCIEVTLEN': ParsedDataItem(IDX__TXHDRSCIEVTLEN, raw=8320, derived=8320, unit=None), 'IDX__TXHDRSP00': ParsedDataItem(IDX__TXHDRSP00, raw=0, derived=0, unit=None), 'IDX__TXHDRTIMESEC1': ParsedDataItem(IDX__TXHDRTIMESEC1, raw=6716, derived=6716, unit=None), 'IDX__TXHDRTIMESEC2': ParsedDataItem(IDX__TXHDRTIMESEC2, raw=58529, derived=58529, unit=None), 'IDX__TXHDRTIMESUBS': ParsedDataItem(IDX__TXHDRTIMESUBS, raw=24567, derived=24567, unit=None), 'IDX__TXHDRSP01': ParsedDataItem(IDX__TXHDRSP01, raw=0, derived=0, unit=None), 'IDX__TXHDRTRIGOFFSET': ParsedDataItem(IDX__TXHDRTRIGOFFSET, raw=7, derived=7, unit=None), 'IDX__TXHDRSP02': ParsedDataItem(IDX__TXHDRSP02, raw=0, derived=0, unit=None), 'IDX__TXHDRTRIGID': ParsedDataItem(IDX__TXHDRTRIGID, raw=1, derived=1, unit=None), 'IDX__TXHDREVTNUM': ParsedDataItem(IDX__TXHDREVTNUM, raw=102, derived=102, unit=None), 'IDX__TXHDRBLOCKS': ParsedDataItem(IDX__TXHDRBLOCKS, raw=243679, derived=243679, unit=None), 'IDX__TXHDRHGTRIGCTRL1': ParsedDataItem(IDX__TXHDRHGTRIGCTRL1, raw=2264924160, derived=2264924160, unit=None), 'IDX__TXHDRHGTRIGCTRL2': ParsedDataItem(IDX__TXHDRHGTRIGCTRL2, raw=0, derived=0, unit=None), 'IDX__TXHDRLGTRIGCTRL1': ParsedDataItem(IDX__TXHDRLGTRIGCTRL1, raw=4294965248, derived=4294965248, unit=None), 'IDX__TXHDRLGTRIGCTRL2': ParsedDataItem(IDX__TXHDRLGTRIGCTRL2, raw=4278255360, derived=4278255360, unit=None), 'IDX__TXHDRMGTRIGCTRL1': ParsedDataItem(IDX__TXHDRMGTRIGCTRL1, raw=4294965248, derived=4294965248, unit=None), 'IDX__TXHDRMGTRIGCTRL2': ParsedDataItem(IDX__TXHDRMGTRIGCTRL2, raw=4278255360, derived=4278255360, unit=None), 'IDX__TXHDRSP03': ParsedDataItem(IDX__TXHDRSP03, raw=0, derived=0, unit=None), 'IDX__TXHDRLSADC': ParsedDataItem(IDX__TXHDRLSADC, raw=1048320, derived=1048320, unit=None), 'IDX__TXHDRPOLSTAT': ParsedDataItem(IDX__TXHDRPOLSTAT, raw=1, derived=NEG, unit=None), 'IDX__TXHDRSP04': ParsedDataItem(IDX__TXHDRSP04, raw=0, derived=0, unit=None), 'IDX__TXHDRPOLCTRL': ParsedDataItem(IDX__TXHDRPOLCTRL, raw=0, derived=POS, unit=None), 'IDX__TXHDRCOINENA': ParsedDataItem(IDX__TXHDRCOINENA, raw=0, derived=DIS, unit=None), 'IDX__TXHDRLSTRIGMODE': ParsedDataItem(IDX__TXHDRLSTRIGMODE, raw=0, derived=DIS, unit=None), 'IDX__TXHDRMGTRIGMODE': ParsedDataItem(IDX__TXHDRMGTRIGMODE, raw=0, derived=0, unit=None), 'IDX__TXHDRLGTRIGMODE': ParsedDataItem(IDX__TXHDRLGTRIGMODE, raw=0, derived=0, unit=None), 'IDX__TXHDRHGTRIGMODE': ParsedDataItem(IDX__TXHDRHGTRIGMODE, raw=1, derived=1, unit=None), 'IDX__TXHDRSP05': ParsedDataItem(IDX__TXHDRSP05, raw=0, derived=0, unit=None), 'IDX__TXHDRSP06': ParsedDataItem(IDX__TXHDRSP06, raw=0, derived=0, unit=None), 'IDX__TXHDRSP07': ParsedDataItem(IDX__TXHDRSP07, raw=2018, derived=2018, unit=None), 'IDX__TXHDRSP08': ParsedDataItem(IDX__TXHDRSP08, raw=0, derived=0, unit=None), 'IDX__TXHDRTOFMAX': ParsedDataItem(IDX__TXHDRTOFMAX, raw=554179505, derived=554179505, unit=None), 'IDX__TXHDRTOFMIN': ParsedDataItem(IDX__TXHDRTOFMIN, raw=535295469, derived=535295469, unit=None), 'IDX__TXHDRLS0MAXMIN': ParsedDataItem(IDX__TXHDRLS0MAXMIN, raw=16773120, derived=16773120, unit=None), 'IDX__TXHDRLS1MAXMIN': ParsedDataItem(IDX__TXHDRLS1MAXMIN, raw=8443882, derived=8443882, unit=None), 'IDX__TXHDRLS2MAXMIN': ParsedDataItem(IDX__TXHDRLS2MAXMIN, raw=8349657, derived=8349657, unit=None), 'IDX__TXHDRFIFODELAY': ParsedDataItem(IDX__TXHDRFIFODELAY, raw=17, derived=17, unit=None), 'IDX__TXHDRSAMPDELAY': ParsedDataItem(IDX__TXHDRSAMPDELAY, raw=57728088, derived=57728088, unit=None), 'IDX__TXHDRTRANSCNT': ParsedDataItem(IDX__TXHDRTRANSCNT, raw=6, derived=6, unit=None), 'IDX__TXHDRPROCHKCH01': ParsedDataItem(IDX__TXHDRPROCHKCH01, raw=83624762, derived=83624762, unit=None), 'IDX__TXHDRPROCHKCH23': ParsedDataItem(IDX__TXHDRPROCHKCH23, raw=108463358, derived=108463358, unit=None), 'IDX__TXHDRPROCHKCH45': ParsedDataItem(IDX__TXHDRPROCHKCH45, raw=169346266, derived=169346266, unit=None), 'IDX__TXHDRPROCHKCH67': ParsedDataItem(IDX__TXHDRPROCHKCH67, raw=133695768, derived=133695768, unit=None), 'IDX__TXHDRHVPSHKCH01': ParsedDataItem(IDX__TXHDRHVPSHKCH01, raw=131860072, derived=131860072, unit=None), 'IDX__TXHDRHVPSHKCH23': ParsedDataItem(IDX__TXHDRHVPSHKCH23, raw=8849070, derived=8849070, unit=None), 'IDX__TXHDRHVPSHKCH45': ParsedDataItem(IDX__TXHDRHVPSHKCH45, raw=153290714, derived=153290714, unit=None), 'IDX__TXHDRHVPSHKCH67': ParsedDataItem(IDX__TXHDRHVPSHKCH67, raw=19991183, derived=19991183, unit=None), 'IDX__TXHDRLVHK0CH01': ParsedDataItem(IDX__TXHDRLVHK0CH01, raw=134219776, derived=134219776, unit=None), 'IDX__TXHDRLVHK0CH23': ParsedDataItem(IDX__TXHDRLVHK0CH23, raw=171838394, derived=171838394, unit=None), 'IDX__TXHDRLVHK0CH45': ParsedDataItem(IDX__TXHDRLVHK0CH45, raw=134745193, derived=134745193, unit=None), 'IDX__TXHDRLVHK0CH67': ParsedDataItem(IDX__TXHDRLVHK0CH67, raw=205655123, derived=205655123, unit=None), 'IDX__TXHDRLVHK1CH01': ParsedDataItem(IDX__TXHDRLVHK1CH01, raw=34735754, derived=34735754, unit=None), 'IDX__TXHDRLVHK1CH23': ParsedDataItem(IDX__TXHDRLVHK1CH23, raw=77465080, derived=77465080, unit=None), 'IDX__TXHDRLVHK1CH45': ParsedDataItem(IDX__TXHDRLVHK1CH45, raw=226822046, derived=226822046, unit=None), 'IDX__TXHDRLVHK1CH67': ParsedDataItem(IDX__TXHDRLVHK1CH67, raw=192872901, derived=192872901, unit=None), 'IDX__TXHDRLVHK2CH01': ParsedDataItem(IDX__TXHDRLVHK2CH01, raw=80676049, derived=80676049, unit=None), 'IDX__TXHDRLVHK2CH23': ParsedDataItem(IDX__TXHDRLVHK2CH23, raw=193464968, derived=193464968, unit=None), 'IDX__TXHDRLVHK2CH45': ParsedDataItem(IDX__TXHDRLVHK2CH45, raw=101059674, derived=101059674, unit=None), 'IDX__TXHDRLVHK2CH67': ParsedDataItem(IDX__TXHDRLVHK2CH67, raw=69017, derived=69017, unit=None), 'IDX__TXHDRSP09': ParsedDataItem(IDX__TXHDRSP09, raw=0, derived=0, unit=None), 'IDX__TXHDRSP10': ParsedDataItem(IDX__TXHDRSP10, raw=0, derived=0, unit=None), 'IDX__TXHDRFSWAIDCOPY': ParsedDataItem(IDX__TXHDRFSWAIDCOPY, raw=2415085345, derived=2415085345, unit=None), 'IDX__TXHDRFSWBINCOPY': ParsedDataItem(IDX__TXHDRFSWBINCOPY, raw=0, derived=0, unit=None), 'IDX__TXHDRFSWMAJOR': ParsedDataItem(IDX__TXHDRFSWMAJOR, raw=2, derived=2, unit=None), 'IDX__TXHDRFSWMINOR': ParsedDataItem(IDX__TXHDRFSWMINOR, raw=0, derived=0, unit=None), 'IDX__TXHDRFSWPATCH': ParsedDataItem(IDX__TXHDRFSWPATCH, raw=0, derived=0, unit=None), 'IDX__TXHDRFSWHVSTAT': ParsedDataItem(IDX__TXHDRFSWHVSTAT, raw=3, derived=3, unit=None), 'IDX__TXHDRFSWMEM0': ParsedDataItem(IDX__TXHDRFSWMEM0, raw=0, derived=0, unit=None), 'IDX__TXHDRFSWMEM1': ParsedDataItem(IDX__TXHDRFSWMEM1, raw=0, derived=0, unit=None), 'IDX__TXHDRFSWPT0': ParsedDataItem(IDX__TXHDRFSWPT0, raw=0, derived=0, unit=None), 'IDX__TXHDRFSWPT1': ParsedDataItem(IDX__TXHDRFSWPT1, raw=0, derived=0, unit=None), 'IDX__TXHDRFSWPT2': ParsedDataItem(IDX__TXHDRFSWPT2, raw=0, derived=0, unit=None), 'IDX__TXHDRFSWPT3': ParsedDataItem(IDX__TXHDRFSWPT3, raw=0, derived=0, unit=None), 'IDX__TXHDRFSWPT4': ParsedDataItem(IDX__TXHDRFSWPT4, raw=0, derived=0, unit=None), 'IDX__TXHDRFSWPT5': ParsedDataItem(IDX__TXHDRFSWPT5, raw=0, derived=0, unit=None), 'IDX__TXHDRFSWPT6': ParsedDataItem(IDX__TXHDRFSWPT6, raw=0, derived=0, unit=None), 'IDX__TXHDRFSWPT7': ParsedDataItem(IDX__TXHDRFSWPT7, raw=0, derived=0, unit=None), 'IDX__TXHDRFSWPT8': ParsedDataItem(IDX__TXHDRFSWPT8, raw=0, derived=0, unit=None), 'IDX__TXHDRFSWPT9': ParsedDataItem(IDX__TXHDRFSWPT9, raw=0, derived=0, unit=None), 'IDX__TXHDRFPGAVER': ParsedDataItem(IDX__TXHDRFPGAVER, raw=539165480, derived=539165480, unit=None), 'IDX__SYNCSCI0PKT': ParsedDataItem(IDX__SYNCSCI0PKT, raw=13107, derived=13107, unit=None), 'IDX__CRCSCI0PKT': ParsedDataItem(IDX__CRCSCI0PKT, raw=56689, derived=56689, unit=None)}
SHCOARSE = 440202625
SHFINE = 8694
IDX__SCI0AID = 2415085345
IDX__SCI0TYPE = 1
IDX__SCI0CONT = 127
IDX__SCI0SPARE1 = 0
IDX__SCI0PACK = EN
IDX__SCI0FRAG = DS
IDX__SCI0COMP = DS
IDX__SCI0EVTNUM = 102
IDX__SCI0CAT = 32
IDX__SCI0QUAL = 5
IDX__SCI0FRAGOFF = 0
IDX__SCI0VER = 9
IDX__SCI0TIME32 = 440198305
IDX__SCI0SPARE2 = 0
IDX__SCI0SPARE3 = 0
IDX__SCI0SPARE4 = 0
IDX__TXHDRSCIEVTLEN = 8320
IDX__TXHDRSP00 = 0
IDX__TXHDRTIMESEC1 = 6716
IDX__TXHDRTIMESEC2 = 58529
IDX__TXHDRTIMESUBS = 24567
IDX__TXHDRSP01 = 0
IDX__TXHDRTRIGOFFSET = 7
IDX__TXHDRSP02 = 0
IDX__TXHDRTRIGID = 1
IDX__TXHDREVTNUM = 102
IDX__TXHDRBLOCKS = 243679
IDX__TXHDRHGTRIGCTRL1 = 2264924160
IDX__TXHDRHGTRIGCTRL2 = 0
IDX__TXHDRLGTRIGCTRL1 = 4294965248
IDX__TXHDRLGTRIGCTRL2 = 4278255360
IDX__TXHDRMGTRIGCTRL1 = 4294965248
IDX__TXHDRMGTRIGCTRL2 = 4278255360
IDX__TXHDRSP03 = 0
IDX__TXHDRLSADC = 1048320
IDX__TXHDRPOLSTAT = NEG
IDX__TXHDRSP04 = 0
IDX__TXHDRPOLCTRL = POS
IDX__TXHDRCOINENA = DIS
IDX__TXHDRLSTRIGMODE = DIS
IDX__TXHDRMGTRIGMODE = 0
IDX__TXHDRLGTRIGMODE = 0
IDX__TXHDRHGTRIGMODE = 1
IDX__TXHDRSP05 = 0
IDX__TXHDRSP06 = 0
IDX__TXHDRSP07 = 2018
IDX__TXHDRSP08 = 0
IDX__TXHDRTOFMAX = 554179505
IDX__TXHDRTOFMIN = 535295469
IDX__TXHDRLS0MAXMIN = 16773120
IDX__TXHDRLS1MAXMIN = 8443882
IDX__TXHDRLS2MAXMIN = 8349657
IDX__TXHDRFIFODELAY = 17
IDX__TXHDRSAMPDELAY = 57728088
IDX__TXHDRTRANSCNT = 6
IDX__TXHDRPROCHKCH01 = 83624762
IDX__TXHDRPROCHKCH23 = 108463358
IDX__TXHDRPROCHKCH45 = 169346266
IDX__TXHDRPROCHKCH67 = 133695768
IDX__TXHDRHVPSHKCH01 = 131860072
IDX__TXHDRHVPSHKCH23 = 8849070
IDX__TXHDRHVPSHKCH45 = 153290714
IDX__TXHDRHVPSHKCH67 = 19991183
IDX__TXHDRLVHK0CH01 = 134219776
IDX__TXHDRLVHK0CH23 = 171838394
IDX__TXHDRLVHK0CH45 = 134745193
IDX__TXHDRLVHK0CH67 = 205655123
IDX__TXHDRLVHK1CH01 = 34735754
IDX__TXHDRLVHK1CH23 = 77465080
IDX__TXHDRLVHK1CH45 = 226822046
IDX__TXHDRLVHK1CH67 = 192872901
IDX__TXHDRLVHK2CH01 = 80676049
IDX__TXHDRLVHK2CH23 = 193464968
IDX__TXHDRLVHK2CH45 = 101059674
IDX__TXHDRLVHK2CH67 = 69017
IDX__TXHDRSP09 = 0
IDX__TXHDRSP10 = 0
IDX__TXHDRFSWAIDCOPY = 2415085345
IDX__TXHDRFSWBINCOPY = 0
IDX__TXHDRFSWMAJOR = 2
IDX__TXHDRFSWMINOR = 0
IDX__TXHDRFSWPATCH = 0
IDX__TXHDRFSWHVSTAT = 3
IDX__TXHDRFSWMEM0 = 0
IDX__TXHDRFSWMEM1 = 0
IDX__TXHDRFSWPT0 = 0
IDX__TXHDRFSWPT1 = 0
IDX__TXHDRFSWPT2 = 0
IDX__TXHDRFSWPT3 = 0
IDX__TXHDRFSWPT4 = 0
IDX__TXHDRFSWPT5 = 0
IDX__TXHDRFSWPT6 = 0
IDX__TXHDRFSWPT7 = 0
IDX__TXHDRFSWPT8 = 0
IDX__TXHDRFSWPT9 = 0
IDX__TXHDRFPGAVER = 539165480
IDX__SYNCSCI0PKT = 13107
IDX__CRCSCI0PKT = 56689
^*****Event header 2******^
EVTNUM: 2
SCI0TYPE: 1
TXHDRBLOCKS RAW: 243679
TXHDRBLOCKS DERIVED: 243679
-----
HS pre trig sampling blocks:  31
LS pre trig sampling blocks:  3
HS post trig sampling blocks:  31
LS post trig sampling blocks:  11
IDX__TXHDRHVPSHKCH01 = 131860072
Detector voltage =  1640
Sensor voltage =  2012
Target voltage =  1710
Reflectron voltage =  135
Rejection voltage =  2010
Current for HVPS sensor =  2339
Positive current for HVPS sensor =  2703
Negative current for HVPS sensor =  305
Voltage +3.3V reference =  2048
Voltage +3.3V operational reference =  2048
Voltage -6V bus =  3002
Voltage +6V bus =  2622
Voltage +16V bus =  3177
Voltage +3.3V bus =  2056
Voltage -5V bus =  3155
Voltage +5V bus =  3138
Current +3.3V bus =  1674
Current +16V bus =  1182
Current +6V bus =  1528
Current -6V bus =  1182
Current +5V bus =  1950
Current -5V bus =  3461
Current +2.5V bus =  453
Current -2.5V bus =  2943
Current on the 1V POL =  826
Current on the 1.9V POL =  1276
ProcBd Temperature 1 =  1278
ProcBd Temperature 2 =  1655
Voltage on 1V bus =  1242
FPGA Temperature =  2584
Voltage on 1.9V bus =  2328
Voltage on 3.3V bus =  2040
var_to_row = {'Last measurement in raw DN for Processor Board signal “1V POL Current”': 0, 'Last measurement in raw DN for Processor Board signal “1.9V POL Current”': 1, 'Last measurement in raw DN for Processor Board signal “ProcBd Temp1”': 2, nan: 48, 'Last measurement in raw DN for Processor Board signal “ProcBd Temp2”': 6, 'Last measurement in raw DN for Processor Board signal “1V Voltage”': 10, 'Last measurement in raw DN for Processor Board signal “FPGA Temp”': 11, 'Last measurement in raw DN for Processor Board signal “1.9V Voltage”': 12, 'Last measurement in raw DN for Processor Board signal “3.3V Voltage”': 13, 'Last measurement in raw DN for HVPS Board signal “Detector Voltage”': 14, 'Last measurement in raw DN for HVPS Board signal “Sensor Voltage"': 15, 'Last measurement in raw DN for HVPS Board signal “Target Voltage”': 16, 'Last measurement in raw DN for HVPS Board signal “Reflectron Voltage”': 17, 'Last measurement in raw DN for HVPS Board signal “Rejection Voltage”': 18, 'Last measurement in raw DN for HVPS Board signal “Detector Current”': 19, 'Last measurement in raw DN for HVPS Board signal “Sensor IP”': 20, 'Last measurement in raw DN for HVPS Board signal “Sensor IN”': 21, 'Last measurement in raw DN for LVPS Board signal “P3.3VREF_HK”': 22, 'Last measurement in raw DN for LVPS Board signal “P3.3VREF_OP”': 23, 'Last measurement in raw DN for LVPS Board signal “N6V”': 24, 'Last measurement in raw DN for LVPS Board signal “P6V”': 25, 'Last measurement in raw DN for LVPS Board signal “P16V”': 26, 'Last measurement in raw DN for LVPS Board signal “P3.3V”': 27, 'Last measurement in raw DN for LVPS Board signal “N5V”': 28, 'Last measurement in raw DN for LVPS Board signal “P5V”': 29, 'Last measurement in raw DN for LVPS Board signal “P3.3_IMON”': 30, 'Last measurement in raw DN for LVPS Board signal “P16V_IMON”': 31, 'Last measurement in raw DN for LVPS Board signal “P6V_IMON”': 32, 'Last measurement in raw DN for LVPS Board signal “N6V_IMON”': 33, 'Last measurement in raw DN for LVPS Board signal “P5V_IMON”': 34, 'Last measurement in raw DN for LVPS Board signal “N5V_IMON”': 35, 'Last measurement in raw DN for LVPS Board signal “P2.5V_IMON”': 36, 'Last measurement in raw DN for LVPS Board signal “N2.5V_IMON”': 37, 'Last measurement in raw DN for LVPS Board signal “THERM_DECON0”': 38, 'Last measurement in raw DN for LVPS Board signal “THERM_DECON1”': 39, 'Last measurement in raw DN for LVPS Board signal “THERM_DAB”': 40, 'Last measurement in raw DN for LVPS Board signal “THERM_LVPS”': 41, 'Last measurement in raw DN for LVPS Board signal “THERM_HVPS”': 45, 'Last measurement in raw DN for LVPS Board signal “P2.5V”': 49, 'Last measurement in raw DN for LVPS Board signal “N2.5V”': 50, 'Last measurement in raw DN for LVPS Board signal “Spare”': 51}

 
 ***** var_name being converted for each instrument setting ***** 
 

Matching row  18
coeffs for Last measurement in raw DN for Processor Board signal “1V POL Current”= [0.0 0.9029253 0.0 0.0 0.0 0.0 0.0 0.0]
var_name = Last measurement in raw DN for Processor Board signal “1V POL Current”
var_name = current_1V_pol
Header info = 826
Transformed value for current_1V_pol = 745.8162978
Matching row  18
coeffs for Last measurement in raw DN for Processor Board signal “1.9V POL Current”= [0.0 0.9029253 0.0 0.0 0.0 0.0 0.0 0.0]
var_name = Last measurement in raw DN for Processor Board signal “1.9V POL Current”
var_name = current_1.9V_pol
Header info = 1276
Transformed value for current_1.9V_pol = 1152.1326828
Matching row  18
coeffs for Last measurement in raw DN for Processor Board signal “ProcBd Temp1”= [162.8276 -0.2668687 0.0003323794 -2.43153e-07 9.034532e-11 -1.327735e-14
 0.0 0.0]
var_name = Last measurement in raw DN for Processor Board signal “ProcBd Temp1”
var_name = temperature_1
Header info = 1278
Transformed value for temperature_1 = 52.83846493403131
Matching row  18
coeffs for nan= [-104713.9 52.02446 -0.006463374 0.0 0.0 0.0 0.0 0.0]
var_name = nan
var_name = None
KeyError: (2, None) - Could not find entry for None, 48. Please check the Var_notes or variable mapping.
Matching row  18
coeffs for Last measurement in raw DN for Processor Board signal “ProcBd Temp2”= [162.8276 -0.2668687 0.0003323794 -2.43153e-07 9.034532e-11 -1.327735e-14
 0.0 0.0]
var_name = Last measurement in raw DN for Processor Board signal “ProcBd Temp2”
var_name = temperature_2
Header info = 1655
Transformed value for temperature_2 = 42.261008402175236
Matching row  18
coeffs for Last measurement in raw DN for Processor Board signal “1V Voltage”= [0.0 0.000805861 0.0 0.0 0.0 0.0 0.0 0.0]
var_name = Last measurement in raw DN for Processor Board signal “1V Voltage”
var_name = voltage_1V_bus
Header info = 1242
Transformed value for voltage_1V_bus = 1.0008793619999998
Matching row  18
coeffs for Last measurement in raw DN for Processor Board signal “FPGA Temp”= [358.31 -0.1187104 0.0 0.0 0.0 0.0 0.0 0.0]
var_name = Last measurement in raw DN for Processor Board signal “FPGA Temp”
var_name = fpga_temperature
Header info = 2584
Transformed value for fpga_temperature = 51.56232640000002
Matching row  18
coeffs for Last measurement in raw DN for Processor Board signal “1.9V Voltage”= [0.0 0.000805861 0.0 0.0 0.0 0.0 0.0 0.0]
var_name = Last measurement in raw DN for Processor Board signal “1.9V Voltage”
var_name = voltage_1.9V_bus
Header info = 2328
Transformed value for voltage_1.9V_bus = 1.8760444079999998
Matching row  18
coeffs for Last measurement in raw DN for Processor Board signal “3.3V Voltage”= [0.0 0.001611722 0.0 0.0 0.0 0.0 0.0 0.0]
var_name = Last measurement in raw DN for Processor Board signal “3.3V Voltage”
var_name = voltage_3.3V_bus
Header info = 2040
Transformed value for voltage_3.3V_bus = 3.28791288
Matching row  18
coeffs for Last measurement in raw DN for HVPS Board signal “Detector Voltage”= [0.0 1.4652 0.0 0.0 0.0 0.0 0.0 0.0]
var_name = Last measurement in raw DN for HVPS Board signal “Detector Voltage”
var_name = detector_voltage
Header info = 1640
Transformed value for detector_voltage = 2402.928
Matching row  18
coeffs for Last measurement in raw DN for HVPS Board signal “Sensor Voltage"= [0.0 1.4652 0.0 0.0 0.0 0.0 0.0 0.0]
var_name = Last measurement in raw DN for HVPS Board signal “Sensor Voltage"
var_name = sensor_voltage
Header info = 2012
Transformed value for sensor_voltage = 2947.9824000000003
Matching row  18
coeffs for Last measurement in raw DN for HVPS Board signal “Target Voltage”= [0.0 1.4652 0.0 0.0 0.0 0.0 0.0 0.0]
var_name = Last measurement in raw DN for HVPS Board signal “Target Voltage”
var_name = target_voltage
Header info = 1710
Transformed value for target_voltage = 2505.492
Matching row  18
coeffs for Last measurement in raw DN for HVPS Board signal “Reflectron Voltage”= [0.0 1.4652 0.0 0.0 0.0 0.0 0.0 0.0]
var_name = Last measurement in raw DN for HVPS Board signal “Reflectron Voltage”
var_name = reflectron_voltage
Header info = 135
Transformed value for reflectron_voltage = 197.80200000000002
Matching row  18
coeffs for Last measurement in raw DN for HVPS Board signal “Rejection Voltage”= [0.0 1.4652 0.0 0.0 0.0 0.0 0.0 0.0]
var_name = Last measurement in raw DN for HVPS Board signal “Rejection Voltage”
var_name = rejection_voltage
Header info = 2010
Transformed value for rejection_voltage = 2945.052
Matching row  18
coeffs for Last measurement in raw DN for HVPS Board signal “Detector Current”= [0.0 7.326e-06 0.0 0.0 0.0 0.0 0.0 0.0]
var_name = Last measurement in raw DN for HVPS Board signal “Detector Current”
var_name = current_hvps_sensor
Header info = 2339
Transformed value for current_hvps_sensor = 0.017135514
Matching row  18
coeffs for Last measurement in raw DN for HVPS Board signal “Sensor IP”= [0.0 2.4339e-05 0.0 0.0 0.0 0.0 0.0 0.0]
var_name = Last measurement in raw DN for HVPS Board signal “Sensor IP”
var_name = positive_current_hvps
Header info = 2703
Transformed value for positive_current_hvps = 0.065788317
Matching row  18
coeffs for Last measurement in raw DN for HVPS Board signal “Sensor IN”= [0.0 2.4339e-05 0.0 0.0 0.0 0.0 0.0 0.0]
var_name = Last measurement in raw DN for HVPS Board signal “Sensor IN”
var_name = negative_current_hvps
Header info = 305
Transformed value for negative_current_hvps = 0.007423394999999999
Matching row  18
coeffs for Last measurement in raw DN for LVPS Board signal “P3.3VREF_HK”= [0.0 0.00161172 0.0 0.0 0.0 0.0 0.0 0.0]
var_name = Last measurement in raw DN for LVPS Board signal “P3.3VREF_HK”
var_name = voltage_3V3_ref
Header info = 2048
Transformed value for voltage_3V3_ref = 3.30080256
Matching row  18
coeffs for Last measurement in raw DN for LVPS Board signal “P3.3VREF_OP”= [0.0 0.00161172 0.0 0.0 0.0 0.0 0.0 0.0]
var_name = Last measurement in raw DN for LVPS Board signal “P3.3VREF_OP”
var_name = voltage_3V3_op_ref
Header info = 2048
Transformed value for voltage_3V3_op_ref = 3.30080256
Matching row  18
coeffs for Last measurement in raw DN for LVPS Board signal “N6V”= [-33.0 0.00886447 0.0 0.0 0.0 0.0 0.0 0.0]
var_name = Last measurement in raw DN for LVPS Board signal “N6V”
var_name = voltage_neg6V_bus
Header info = 3002
Transformed value for voltage_neg6V_bus = -6.3888610600000035
Matching row  18
coeffs for Last measurement in raw DN for LVPS Board signal “P6V”= [0.0 0.00241758 0.0 0.0 0.0 0.0 0.0 0.0]
var_name = Last measurement in raw DN for LVPS Board signal “P6V”
var_name = voltage_pos6V_bus
Header info = 2622
Transformed value for voltage_pos6V_bus = 6.33889476
Matching row  18
coeffs for Last measurement in raw DN for LVPS Board signal “P16V”= [0.0 0.00482711 0.0 0.0 0.0 0.0 0.0 0.0]
var_name = Last measurement in raw DN for LVPS Board signal “P16V”
var_name = voltage_pos16V_bus
Header info = 3177
Transformed value for voltage_pos16V_bus = 15.33572847
Matching row  18
coeffs for Last measurement in raw DN for LVPS Board signal “P3.3V”= [0.0 0.00161172 0.0 0.0 0.0 0.0 0.0 0.0]
var_name = Last measurement in raw DN for LVPS Board signal “P3.3V”
var_name = voltage_pos3V3_bus
Header info = 2056
Transformed value for voltage_pos3V3_bus = 3.31369632
Matching row  18
coeffs for Last measurement in raw DN for LVPS Board signal “N5V”= [-33.0 0.00886447 0.0 0.0 0.0 0.0 0.0 0.0]
var_name = Last measurement in raw DN for LVPS Board signal “N5V”
var_name = voltage_neg5V_bus
Header info = 3155
Transformed value for voltage_neg5V_bus = -5.032597150000001
Matching row  18
coeffs for Last measurement in raw DN for LVPS Board signal “P5V”= [0.0 0.00161172 0.0 0.0 0.0 0.0 0.0 0.0]
var_name = Last measurement in raw DN for LVPS Board signal “P5V”
var_name = voltage_pos5V_bus
Header info = 3138
Transformed value for voltage_pos5V_bus = 5.057577360000001
Matching row  18
coeffs for Last measurement in raw DN for LVPS Board signal “P3.3_IMON”= [0.0 0.00161172 0.0 0.0 0.0 0.0 0.0 0.0]
var_name = Last measurement in raw DN for LVPS Board signal “P3.3_IMON”
var_name = current_3V3_bus
Header info = 1674
Transformed value for current_3V3_bus = 2.69801928
Matching row  18
coeffs for Last measurement in raw DN for LVPS Board signal “P16V_IMON”= [0.0 0.000161172 0.0 0.0 0.0 0.0 0.0 0.0]
var_name = Last measurement in raw DN for LVPS Board signal “P16V_IMON”
var_name = current_16V_bus
Header info = 1182
Transformed value for current_16V_bus = 0.19050530400000001
Matching row  18
coeffs for Last measurement in raw DN for LVPS Board signal “P6V_IMON”= [0.0 8.05861e-05 0.0 0.0 0.0 0.0 0.0 0.0]
var_name = Last measurement in raw DN for LVPS Board signal “P6V_IMON”
var_name = current_6V_bus
Header info = 1528
Transformed value for current_6V_bus = 0.1231355608
Matching row  18
coeffs for Last measurement in raw DN for LVPS Board signal “N6V_IMON”= [0.0 -8.05861e-05 0.0 0.0 0.0 0.0 0.0 0.0]
var_name = Last measurement in raw DN for LVPS Board signal “N6V_IMON”
var_name = current_neg6V_bus
Header info = 1182
Transformed value for current_neg6V_bus = -0.0952527702
Matching row  18
coeffs for Last measurement in raw DN for LVPS Board signal “P5V_IMON”= [0.0 4.029304e-05 0.0 0.0 0.0 0.0 0.0 0.0]
var_name = Last measurement in raw DN for LVPS Board signal “P5V_IMON”
var_name = current_5V_bus
Header info = 1950
Transformed value for current_5V_bus = 0.078571428
Matching row  18
coeffs for Last measurement in raw DN for LVPS Board signal “N5V_IMON”= [0.0 -2.01465e-05 0.0 0.0 0.0 0.0 0.0 0.0]
var_name = Last measurement in raw DN for LVPS Board signal “N5V_IMON”
var_name = current_neg5V_bus
Header info = 3461
Transformed value for current_neg5V_bus = -0.0697270365
Matching row  18
coeffs for Last measurement in raw DN for LVPS Board signal “P2.5V_IMON”= [0.0 0.00161172 0.0 0.0 0.0 0.0 0.0 0.0]
var_name = Last measurement in raw DN for LVPS Board signal “P2.5V_IMON”
var_name = current_2V5_bus
Header info = 453
Transformed value for current_2V5_bus = 0.73010916
Matching row  18
coeffs for Last measurement in raw DN for LVPS Board signal “N2.5V_IMON”= [0.0 -4.0293e-05 0.0 0.0 0.0 0.0 0.0 0.0]
var_name = Last measurement in raw DN for LVPS Board signal “N2.5V_IMON”
var_name = current_neg2V5_bus
Header info = 2943
Transformed value for current_neg2V5_bus = -0.118582299
Matching row  18
coeffs for Last measurement in raw DN for LVPS Board signal “THERM_DECON0”= [-110.293 0.0665351 0.000305738 -6.32048e-07 5.9934e-10 -2.98784e-13
 7.61361e-17 -7.76467e-21]
var_name = Last measurement in raw DN for LVPS Board signal “THERM_DECON0”
var_name = None
KeyError: (2, None) - Could not find entry for None, 38. Please check the Var_notes or variable mapping.
Matching row  18
coeffs for Last measurement in raw DN for LVPS Board signal “THERM_DECON1”= [-150.478 0.376986 -0.00062072 7.73853e-07 -5.81588e-10 2.56368e-13
 -6.05698e-17 5.96635e-21]
var_name = Last measurement in raw DN for LVPS Board signal “THERM_DECON1”
var_name = None
KeyError: (2, None) - Could not find entry for None, 39. Please check the Var_notes or variable mapping.
Matching row  18
coeffs for Last measurement in raw DN for LVPS Board signal “THERM_DAB”= [-443.248 1.31224 -0.00180422 1.40016e-06 -6.43766e-10 1.7448e-13
 -2.57695e-17 1.60239e-21]
var_name = Last measurement in raw DN for LVPS Board signal “THERM_DAB”
var_name = None
KeyError: (2, None) - Could not find entry for None, 40. Please check the Var_notes or variable mapping.
Matching row  18
coeffs for Last measurement in raw DN for LVPS Board signal “THERM_LVPS”= [200.4137 -0.2020699 0.000175403 -9.739547e-08 2.888932e-11 -3.545603e-15
 0.0 0.0]
var_name = Last measurement in raw DN for LVPS Board signal “THERM_LVPS”
var_name = None
KeyError: (2, None) - Could not find entry for None, 41. Please check the Var_notes or variable mapping.
Matching row  18
coeffs for Last measurement in raw DN for LVPS Board signal “THERM_HVPS”= [200.4137 -0.2020699 0.000175403 -9.739547e-08 2.888932e-11 -3.545603e-15
 0.0 0.0]
var_name = Last measurement in raw DN for LVPS Board signal “THERM_HVPS”
var_name = None
KeyError: (2, None) - Could not find entry for None, 45. Please check the Var_notes or variable mapping.
Matching row  18
coeffs for Last measurement in raw DN for LVPS Board signal “P2.5V”= [0.0 0.00161172 0.0 0.0 0.0 0.0 0.0 0.0]
var_name = Last measurement in raw DN for LVPS Board signal “P2.5V”
var_name = None
KeyError: (2, None) - Could not find entry for None, 49. Please check the Var_notes or variable mapping.
Matching row  18
coeffs for Last measurement in raw DN for LVPS Board signal “N2.5V”= [-33.0 0.00886447 0.0 0.0 0.0 0.0 0.0 0.0]
var_name = Last measurement in raw DN for LVPS Board signal “N2.5V”
var_name = None
KeyError: (2, None) - Could not find entry for None, 50. Please check the Var_notes or variable mapping.
Matching row  18
coeffs for Last measurement in raw DN for LVPS Board signal “Spare”= [0.0 0.00161172 0.0 0.0 0.0 0.0 0.0 0.0]
var_name = Last measurement in raw DN for LVPS Board signal “Spare”
var_name = spare_signal
KeyError: (2, 'spare_signal') - Could not find entry for spare_signal, 51. Please check the Var_notes or variable mapping.
High gain delay = 88 samples.
Mid gain delay = 55 samples.
Low gain delay = 55 samples.
High sampling trigger mode =  0 0 1
High gain trigger mode enabled.
For 2264924160, HG Trigger level = 0.15605999999999998, sample settings = 0, 0
Threshold trigger mode enabled for high gain channel.
AID = 2415085345
Event number = 102
Rice compression enabled = False
Timestamp = 440198305.49134 seconds since epoch (Midnight January 1st, 2010)
Trigger time = 2023-12-13T21:18:25.491340Z
2
2
2
2
2
2
2
2
2
2
2
2
2
{'SHCOARSE': ParsedDataItem(SHCOARSE, raw=440202639, derived=440202639, unit=dn), 'SHFINE': ParsedDataItem(SHFINE, raw=8703, derived=8703, unit=dn), 'IDX__SCI0AID': ParsedDataItem(IDX__SCI0AID, raw=2415085345, derived=2415085345, unit=None), 'IDX__SCI0TYPE': ParsedDataItem(IDX__SCI0TYPE, raw=1, derived=1, unit=None), 'IDX__SCI0CONT': ParsedDataItem(IDX__SCI0CONT, raw=127, derived=127, unit=None), 'IDX__SCI0SPARE1': ParsedDataItem(IDX__SCI0SPARE1, raw=0, derived=0, unit=None), 'IDX__SCI0PACK': ParsedDataItem(IDX__SCI0PACK, raw=1, derived=EN, unit=None), 'IDX__SCI0FRAG': ParsedDataItem(IDX__SCI0FRAG, raw=0, derived=DS, unit=None), 'IDX__SCI0COMP': ParsedDataItem(IDX__SCI0COMP, raw=0, derived=DS, unit=None), 'IDX__SCI0EVTNUM': ParsedDataItem(IDX__SCI0EVTNUM, raw=103, derived=103, unit=None), 'IDX__SCI0CAT': ParsedDataItem(IDX__SCI0CAT, raw=32, derived=32, unit=None), 'IDX__SCI0QUAL': ParsedDataItem(IDX__SCI0QUAL, raw=5, derived=5, unit=None), 'IDX__SCI0FRAGOFF': ParsedDataItem(IDX__SCI0FRAGOFF, raw=0, derived=0, unit=None), 'IDX__SCI0VER': ParsedDataItem(IDX__SCI0VER, raw=9, derived=9, unit=None), 'IDX__SCI0TIME32': ParsedDataItem(IDX__SCI0TIME32, raw=440198428, derived=440198428, unit=None), 'IDX__SCI0SPARE2': ParsedDataItem(IDX__SCI0SPARE2, raw=0, derived=0, unit=None), 'IDX__SCI0SPARE3': ParsedDataItem(IDX__SCI0SPARE3, raw=0, derived=0, unit=None), 'IDX__SCI0SPARE4': ParsedDataItem(IDX__SCI0SPARE4, raw=0, derived=0, unit=None), 'IDX__TXHDRSCIEVTLEN': ParsedDataItem(IDX__TXHDRSCIEVTLEN, raw=8320, derived=8320, unit=None), 'IDX__TXHDRSP00': ParsedDataItem(IDX__TXHDRSP00, raw=0, derived=0, unit=None), 'IDX__TXHDRTIMESEC1': ParsedDataItem(IDX__TXHDRTIMESEC1, raw=6716, derived=6716, unit=None), 'IDX__TXHDRTIMESEC2': ParsedDataItem(IDX__TXHDRTIMESEC2, raw=58652, derived=58652, unit=None), 'IDX__TXHDRTIMESUBS': ParsedDataItem(IDX__TXHDRTIMESUBS, raw=18247, derived=18247, unit=None), 'IDX__TXHDRSP01': ParsedDataItem(IDX__TXHDRSP01, raw=0, derived=0, unit=None), 'IDX__TXHDRTRIGOFFSET': ParsedDataItem(IDX__TXHDRTRIGOFFSET, raw=6, derived=6, unit=None), 'IDX__TXHDRSP02': ParsedDataItem(IDX__TXHDRSP02, raw=0, derived=0, unit=None), 'IDX__TXHDRTRIGID': ParsedDataItem(IDX__TXHDRTRIGID, raw=1, derived=1, unit=None), 'IDX__TXHDREVTNUM': ParsedDataItem(IDX__TXHDREVTNUM, raw=103, derived=103, unit=None), 'IDX__TXHDRBLOCKS': ParsedDataItem(IDX__TXHDRBLOCKS, raw=243679, derived=243679, unit=None), 'IDX__TXHDRHGTRIGCTRL1': ParsedDataItem(IDX__TXHDRHGTRIGCTRL1, raw=2264924160, derived=2264924160, unit=None), 'IDX__TXHDRHGTRIGCTRL2': ParsedDataItem(IDX__TXHDRHGTRIGCTRL2, raw=0, derived=0, unit=None), 'IDX__TXHDRLGTRIGCTRL1': ParsedDataItem(IDX__TXHDRLGTRIGCTRL1, raw=4294965248, derived=4294965248, unit=None), 'IDX__TXHDRLGTRIGCTRL2': ParsedDataItem(IDX__TXHDRLGTRIGCTRL2, raw=4278255360, derived=4278255360, unit=None), 'IDX__TXHDRMGTRIGCTRL1': ParsedDataItem(IDX__TXHDRMGTRIGCTRL1, raw=4294965248, derived=4294965248, unit=None), 'IDX__TXHDRMGTRIGCTRL2': ParsedDataItem(IDX__TXHDRMGTRIGCTRL2, raw=4278255360, derived=4278255360, unit=None), 'IDX__TXHDRSP03': ParsedDataItem(IDX__TXHDRSP03, raw=0, derived=0, unit=None), 'IDX__TXHDRLSADC': ParsedDataItem(IDX__TXHDRLSADC, raw=1048320, derived=1048320, unit=None), 'IDX__TXHDRPOLSTAT': ParsedDataItem(IDX__TXHDRPOLSTAT, raw=1, derived=NEG, unit=None), 'IDX__TXHDRSP04': ParsedDataItem(IDX__TXHDRSP04, raw=0, derived=0, unit=None), 'IDX__TXHDRPOLCTRL': ParsedDataItem(IDX__TXHDRPOLCTRL, raw=0, derived=POS, unit=None), 'IDX__TXHDRCOINENA': ParsedDataItem(IDX__TXHDRCOINENA, raw=0, derived=DIS, unit=None), 'IDX__TXHDRLSTRIGMODE': ParsedDataItem(IDX__TXHDRLSTRIGMODE, raw=0, derived=DIS, unit=None), 'IDX__TXHDRMGTRIGMODE': ParsedDataItem(IDX__TXHDRMGTRIGMODE, raw=0, derived=0, unit=None), 'IDX__TXHDRLGTRIGMODE': ParsedDataItem(IDX__TXHDRLGTRIGMODE, raw=0, derived=0, unit=None), 'IDX__TXHDRHGTRIGMODE': ParsedDataItem(IDX__TXHDRHGTRIGMODE, raw=1, derived=1, unit=None), 'IDX__TXHDRSP05': ParsedDataItem(IDX__TXHDRSP05, raw=0, derived=0, unit=None), 'IDX__TXHDRSP06': ParsedDataItem(IDX__TXHDRSP06, raw=0, derived=0, unit=None), 'IDX__TXHDRSP07': ParsedDataItem(IDX__TXHDRSP07, raw=2019, derived=2019, unit=None), 'IDX__TXHDRSP08': ParsedDataItem(IDX__TXHDRSP08, raw=0, derived=0, unit=None), 'IDX__TXHDRTOFMAX': ParsedDataItem(IDX__TXHDRTOFMAX, raw=541596211, derived=541596211, unit=None), 'IDX__TXHDRTOFMIN': ParsedDataItem(IDX__TXHDRTOFMIN, raw=535295474, derived=535295474, unit=None), 'IDX__TXHDRLS0MAXMIN': ParsedDataItem(IDX__TXHDRLS0MAXMIN, raw=16773120, derived=16773120, unit=None), 'IDX__TXHDRLS1MAXMIN': ParsedDataItem(IDX__TXHDRLS1MAXMIN, raw=8447978, derived=8447978, unit=None), 'IDX__TXHDRLS2MAXMIN': ParsedDataItem(IDX__TXHDRLS2MAXMIN, raw=8996703, derived=8996703, unit=None), 'IDX__TXHDRFIFODELAY': ParsedDataItem(IDX__TXHDRFIFODELAY, raw=18, derived=18, unit=None), 'IDX__TXHDRSAMPDELAY': ParsedDataItem(IDX__TXHDRSAMPDELAY, raw=49331282, derived=49331282, unit=None), 'IDX__TXHDRTRANSCNT': ParsedDataItem(IDX__TXHDRTRANSCNT, raw=2, derived=2, unit=None), 'IDX__TXHDRPROCHKCH01': ParsedDataItem(IDX__TXHDRPROCHKCH01, raw=83624762, derived=83624762, unit=None), 'IDX__TXHDRPROCHKCH23': ParsedDataItem(IDX__TXHDRPROCHKCH23, raw=108201211, derived=108201211, unit=None), 'IDX__TXHDRPROCHKCH45': ParsedDataItem(IDX__TXHDRPROCHKCH45, raw=169346266, derived=169346266, unit=None), 'IDX__TXHDRPROCHKCH67': ParsedDataItem(IDX__TXHDRPROCHKCH67, raw=133695768, derived=133695768, unit=None), 'IDX__TXHDRHVPSHKCH01': ParsedDataItem(IDX__TXHDRHVPSHKCH01, raw=131794536, derived=131794536, unit=None), 'IDX__TXHDRHVPSHKCH23': ParsedDataItem(IDX__TXHDRHVPSHKCH23, raw=8849070, derived=8849070, unit=None), 'IDX__TXHDRHVPSHKCH45': ParsedDataItem(IDX__TXHDRHVPSHKCH45, raw=153225178, derived=153225178, unit=None), 'IDX__TXHDRHVPSHKCH67': ParsedDataItem(IDX__TXHDRHVPSHKCH67, raw=19991183, derived=19991183, unit=None), 'IDX__TXHDRLVHK0CH01': ParsedDataItem(IDX__TXHDRLVHK0CH01, raw=134219776, derived=134219776, unit=None), 'IDX__TXHDRLVHK0CH23': ParsedDataItem(IDX__TXHDRLVHK0CH23, raw=171838394, derived=171838394, unit=None), 'IDX__TXHDRLVHK0CH45': ParsedDataItem(IDX__TXHDRLVHK0CH45, raw=134745193, derived=134745193, unit=None), 'IDX__TXHDRLVHK0CH67': ParsedDataItem(IDX__TXHDRLVHK0CH67, raw=205655123, derived=205655123, unit=None), 'IDX__TXHDRLVHK1CH01': ParsedDataItem(IDX__TXHDRLVHK1CH01, raw=34735754, derived=34735754, unit=None), 'IDX__TXHDRLVHK1CH23': ParsedDataItem(IDX__TXHDRLVHK1CH23, raw=77465081, derived=77465081, unit=None), 'IDX__TXHDRLVHK1CH45': ParsedDataItem(IDX__TXHDRLVHK1CH45, raw=226822046, derived=226822046, unit=None), 'IDX__TXHDRLVHK1CH67': ParsedDataItem(IDX__TXHDRLVHK1CH67, raw=192807365, derived=192807365, unit=None), 'IDX__TXHDRLVHK2CH01': ParsedDataItem(IDX__TXHDRLVHK2CH01, raw=80676049, derived=80676049, unit=None), 'IDX__TXHDRLVHK2CH23': ParsedDataItem(IDX__TXHDRLVHK2CH23, raw=193268362, derived=193268362, unit=None), 'IDX__TXHDRLVHK2CH45': ParsedDataItem(IDX__TXHDRLVHK2CH45, raw=101059671, derived=101059671, unit=None), 'IDX__TXHDRLVHK2CH67': ParsedDataItem(IDX__TXHDRLVHK2CH67, raw=69017, derived=69017, unit=None), 'IDX__TXHDRSP09': ParsedDataItem(IDX__TXHDRSP09, raw=0, derived=0, unit=None), 'IDX__TXHDRSP10': ParsedDataItem(IDX__TXHDRSP10, raw=0, derived=0, unit=None), 'IDX__TXHDRFSWAIDCOPY': ParsedDataItem(IDX__TXHDRFSWAIDCOPY, raw=2415085345, derived=2415085345, unit=None), 'IDX__TXHDRFSWBINCOPY': ParsedDataItem(IDX__TXHDRFSWBINCOPY, raw=0, derived=0, unit=None), 'IDX__TXHDRFSWMAJOR': ParsedDataItem(IDX__TXHDRFSWMAJOR, raw=2, derived=2, unit=None), 'IDX__TXHDRFSWMINOR': ParsedDataItem(IDX__TXHDRFSWMINOR, raw=0, derived=0, unit=None), 'IDX__TXHDRFSWPATCH': ParsedDataItem(IDX__TXHDRFSWPATCH, raw=0, derived=0, unit=None), 'IDX__TXHDRFSWHVSTAT': ParsedDataItem(IDX__TXHDRFSWHVSTAT, raw=3, derived=3, unit=None), 'IDX__TXHDRFSWMEM0': ParsedDataItem(IDX__TXHDRFSWMEM0, raw=0, derived=0, unit=None), 'IDX__TXHDRFSWMEM1': ParsedDataItem(IDX__TXHDRFSWMEM1, raw=0, derived=0, unit=None), 'IDX__TXHDRFSWPT0': ParsedDataItem(IDX__TXHDRFSWPT0, raw=0, derived=0, unit=None), 'IDX__TXHDRFSWPT1': ParsedDataItem(IDX__TXHDRFSWPT1, raw=0, derived=0, unit=None), 'IDX__TXHDRFSWPT2': ParsedDataItem(IDX__TXHDRFSWPT2, raw=0, derived=0, unit=None), 'IDX__TXHDRFSWPT3': ParsedDataItem(IDX__TXHDRFSWPT3, raw=0, derived=0, unit=None), 'IDX__TXHDRFSWPT4': ParsedDataItem(IDX__TXHDRFSWPT4, raw=0, derived=0, unit=None), 'IDX__TXHDRFSWPT5': ParsedDataItem(IDX__TXHDRFSWPT5, raw=0, derived=0, unit=None), 'IDX__TXHDRFSWPT6': ParsedDataItem(IDX__TXHDRFSWPT6, raw=0, derived=0, unit=None), 'IDX__TXHDRFSWPT7': ParsedDataItem(IDX__TXHDRFSWPT7, raw=0, derived=0, unit=None), 'IDX__TXHDRFSWPT8': ParsedDataItem(IDX__TXHDRFSWPT8, raw=0, derived=0, unit=None), 'IDX__TXHDRFSWPT9': ParsedDataItem(IDX__TXHDRFSWPT9, raw=0, derived=0, unit=None), 'IDX__TXHDRFPGAVER': ParsedDataItem(IDX__TXHDRFPGAVER, raw=539165480, derived=539165480, unit=None), 'IDX__SYNCSCI0PKT': ParsedDataItem(IDX__SYNCSCI0PKT, raw=13107, derived=13107, unit=None), 'IDX__CRCSCI0PKT': ParsedDataItem(IDX__CRCSCI0PKT, raw=57639, derived=57639, unit=None)}
SHCOARSE = 440202639
SHFINE = 8703
IDX__SCI0AID = 2415085345
IDX__SCI0TYPE = 1
IDX__SCI0CONT = 127
IDX__SCI0SPARE1 = 0
IDX__SCI0PACK = EN
IDX__SCI0FRAG = DS
IDX__SCI0COMP = DS
IDX__SCI0EVTNUM = 103
IDX__SCI0CAT = 32
IDX__SCI0QUAL = 5
IDX__SCI0FRAGOFF = 0
IDX__SCI0VER = 9
IDX__SCI0TIME32 = 440198428
IDX__SCI0SPARE2 = 0
IDX__SCI0SPARE3 = 0
IDX__SCI0SPARE4 = 0
IDX__TXHDRSCIEVTLEN = 8320
IDX__TXHDRSP00 = 0
IDX__TXHDRTIMESEC1 = 6716
IDX__TXHDRTIMESEC2 = 58652
IDX__TXHDRTIMESUBS = 18247
IDX__TXHDRSP01 = 0
IDX__TXHDRTRIGOFFSET = 6
IDX__TXHDRSP02 = 0
IDX__TXHDRTRIGID = 1
IDX__TXHDREVTNUM = 103
IDX__TXHDRBLOCKS = 243679
IDX__TXHDRHGTRIGCTRL1 = 2264924160
IDX__TXHDRHGTRIGCTRL2 = 0
IDX__TXHDRLGTRIGCTRL1 = 4294965248
IDX__TXHDRLGTRIGCTRL2 = 4278255360
IDX__TXHDRMGTRIGCTRL1 = 4294965248
IDX__TXHDRMGTRIGCTRL2 = 4278255360
IDX__TXHDRSP03 = 0
IDX__TXHDRLSADC = 1048320
IDX__TXHDRPOLSTAT = NEG
IDX__TXHDRSP04 = 0
IDX__TXHDRPOLCTRL = POS
IDX__TXHDRCOINENA = DIS
IDX__TXHDRLSTRIGMODE = DIS
IDX__TXHDRMGTRIGMODE = 0
IDX__TXHDRLGTRIGMODE = 0
IDX__TXHDRHGTRIGMODE = 1
IDX__TXHDRSP05 = 0
IDX__TXHDRSP06 = 0
IDX__TXHDRSP07 = 2019
IDX__TXHDRSP08 = 0
IDX__TXHDRTOFMAX = 541596211
IDX__TXHDRTOFMIN = 535295474
IDX__TXHDRLS0MAXMIN = 16773120
IDX__TXHDRLS1MAXMIN = 8447978
IDX__TXHDRLS2MAXMIN = 8996703
IDX__TXHDRFIFODELAY = 18
IDX__TXHDRSAMPDELAY = 49331282
IDX__TXHDRTRANSCNT = 2
IDX__TXHDRPROCHKCH01 = 83624762
IDX__TXHDRPROCHKCH23 = 108201211
IDX__TXHDRPROCHKCH45 = 169346266
IDX__TXHDRPROCHKCH67 = 133695768
IDX__TXHDRHVPSHKCH01 = 131794536
IDX__TXHDRHVPSHKCH23 = 8849070
IDX__TXHDRHVPSHKCH45 = 153225178
IDX__TXHDRHVPSHKCH67 = 19991183
IDX__TXHDRLVHK0CH01 = 134219776
IDX__TXHDRLVHK0CH23 = 171838394
IDX__TXHDRLVHK0CH45 = 134745193
IDX__TXHDRLVHK0CH67 = 205655123
IDX__TXHDRLVHK1CH01 = 34735754
IDX__TXHDRLVHK1CH23 = 77465081
IDX__TXHDRLVHK1CH45 = 226822046
IDX__TXHDRLVHK1CH67 = 192807365
IDX__TXHDRLVHK2CH01 = 80676049
IDX__TXHDRLVHK2CH23 = 193268362
IDX__TXHDRLVHK2CH45 = 101059671
IDX__TXHDRLVHK2CH67 = 69017
IDX__TXHDRSP09 = 0
IDX__TXHDRSP10 = 0
IDX__TXHDRFSWAIDCOPY = 2415085345
IDX__TXHDRFSWBINCOPY = 0
IDX__TXHDRFSWMAJOR = 2
IDX__TXHDRFSWMINOR = 0
IDX__TXHDRFSWPATCH = 0
IDX__TXHDRFSWHVSTAT = 3
IDX__TXHDRFSWMEM0 = 0
IDX__TXHDRFSWMEM1 = 0
IDX__TXHDRFSWPT0 = 0
IDX__TXHDRFSWPT1 = 0
IDX__TXHDRFSWPT2 = 0
IDX__TXHDRFSWPT3 = 0
IDX__TXHDRFSWPT4 = 0
IDX__TXHDRFSWPT5 = 0
IDX__TXHDRFSWPT6 = 0
IDX__TXHDRFSWPT7 = 0
IDX__TXHDRFSWPT8 = 0
IDX__TXHDRFSWPT9 = 0
IDX__TXHDRFPGAVER = 539165480
IDX__SYNCSCI0PKT = 13107
IDX__CRCSCI0PKT = 57639
^*****Event header 3******^
EVTNUM: 3
SCI0TYPE: 1
TXHDRBLOCKS RAW: 243679
TXHDRBLOCKS DERIVED: 243679
-----
HS pre trig sampling blocks:  31
LS pre trig sampling blocks:  3
HS post trig sampling blocks:  31
LS post trig sampling blocks:  11
IDX__TXHDRHVPSHKCH01 = 131794536
Detector voltage =  1640
Sensor voltage =  2011
Target voltage =  1710
Reflectron voltage =  135
Rejection voltage =  2010
Current for HVPS sensor =  2338
Positive current for HVPS sensor =  2703
Negative current for HVPS sensor =  305
Voltage +3.3V reference =  2048
Voltage +3.3V operational reference =  2048
Voltage -6V bus =  3002
Voltage +6V bus =  2622
Voltage +16V bus =  3177
Voltage +3.3V bus =  2056
Voltage -5V bus =  3155
Voltage +5V bus =  3138
Current +3.3V bus =  1674
Current +16V bus =  1182
Current +6V bus =  1529
Current -6V bus =  1182
Current +5V bus =  1950
Current -5V bus =  3461
Current +2.5V bus =  453
Current -2.5V bus =  2942
Current on the 1V POL =  826
Current on the 1.9V POL =  1276
ProcBd Temperature 1 =  1275
ProcBd Temperature 2 =  1651
Voltage on 1V bus =  1242
FPGA Temperature =  2584
Voltage on 1.9V bus =  2328
Voltage on 3.3V bus =  2040
var_to_row = {'Last measurement in raw DN for Processor Board signal “1V POL Current”': 0, 'Last measurement in raw DN for Processor Board signal “1.9V POL Current”': 1, 'Last measurement in raw DN for Processor Board signal “ProcBd Temp1”': 2, nan: 48, 'Last measurement in raw DN for Processor Board signal “ProcBd Temp2”': 6, 'Last measurement in raw DN for Processor Board signal “1V Voltage”': 10, 'Last measurement in raw DN for Processor Board signal “FPGA Temp”': 11, 'Last measurement in raw DN for Processor Board signal “1.9V Voltage”': 12, 'Last measurement in raw DN for Processor Board signal “3.3V Voltage”': 13, 'Last measurement in raw DN for HVPS Board signal “Detector Voltage”': 14, 'Last measurement in raw DN for HVPS Board signal “Sensor Voltage"': 15, 'Last measurement in raw DN for HVPS Board signal “Target Voltage”': 16, 'Last measurement in raw DN for HVPS Board signal “Reflectron Voltage”': 17, 'Last measurement in raw DN for HVPS Board signal “Rejection Voltage”': 18, 'Last measurement in raw DN for HVPS Board signal “Detector Current”': 19, 'Last measurement in raw DN for HVPS Board signal “Sensor IP”': 20, 'Last measurement in raw DN for HVPS Board signal “Sensor IN”': 21, 'Last measurement in raw DN for LVPS Board signal “P3.3VREF_HK”': 22, 'Last measurement in raw DN for LVPS Board signal “P3.3VREF_OP”': 23, 'Last measurement in raw DN for LVPS Board signal “N6V”': 24, 'Last measurement in raw DN for LVPS Board signal “P6V”': 25, 'Last measurement in raw DN for LVPS Board signal “P16V”': 26, 'Last measurement in raw DN for LVPS Board signal “P3.3V”': 27, 'Last measurement in raw DN for LVPS Board signal “N5V”': 28, 'Last measurement in raw DN for LVPS Board signal “P5V”': 29, 'Last measurement in raw DN for LVPS Board signal “P3.3_IMON”': 30, 'Last measurement in raw DN for LVPS Board signal “P16V_IMON”': 31, 'Last measurement in raw DN for LVPS Board signal “P6V_IMON”': 32, 'Last measurement in raw DN for LVPS Board signal “N6V_IMON”': 33, 'Last measurement in raw DN for LVPS Board signal “P5V_IMON”': 34, 'Last measurement in raw DN for LVPS Board signal “N5V_IMON”': 35, 'Last measurement in raw DN for LVPS Board signal “P2.5V_IMON”': 36, 'Last measurement in raw DN for LVPS Board signal “N2.5V_IMON”': 37, 'Last measurement in raw DN for LVPS Board signal “THERM_DECON0”': 38, 'Last measurement in raw DN for LVPS Board signal “THERM_DECON1”': 39, 'Last measurement in raw DN for LVPS Board signal “THERM_DAB”': 40, 'Last measurement in raw DN for LVPS Board signal “THERM_LVPS”': 41, 'Last measurement in raw DN for LVPS Board signal “THERM_HVPS”': 45, 'Last measurement in raw DN for LVPS Board signal “P2.5V”': 49, 'Last measurement in raw DN for LVPS Board signal “N2.5V”': 50, 'Last measurement in raw DN for LVPS Board signal “Spare”': 51}

 
 ***** var_name being converted for each instrument setting ***** 
 

Matching row  18
coeffs for Last measurement in raw DN for Processor Board signal “1V POL Current”= [0.0 0.9029253 0.0 0.0 0.0 0.0 0.0 0.0]
var_name = Last measurement in raw DN for Processor Board signal “1V POL Current”
var_name = current_1V_pol
Header info = 826
Transformed value for current_1V_pol = 745.8162978
Matching row  18
coeffs for Last measurement in raw DN for Processor Board signal “1.9V POL Current”= [0.0 0.9029253 0.0 0.0 0.0 0.0 0.0 0.0]
var_name = Last measurement in raw DN for Processor Board signal “1.9V POL Current”
var_name = current_1.9V_pol
Header info = 1276
Transformed value for current_1.9V_pol = 1152.1326828
Matching row  18
coeffs for Last measurement in raw DN for Processor Board signal “ProcBd Temp1”= [162.8276 -0.2668687 0.0003323794 -2.43153e-07 9.034532e-11 -1.327735e-14
 0.0 0.0]
var_name = Last measurement in raw DN for Processor Board signal “ProcBd Temp1”
var_name = temperature_1
Header info = 1275
Transformed value for temperature_1 = 52.933011687577675
Matching row  18
coeffs for nan= [-104713.9 52.02446 -0.006463374 0.0 0.0 0.0 0.0 0.0]
var_name = nan
var_name = None
KeyError: (3, None) - Could not find entry for None, 48. Please check the Var_notes or variable mapping.
Matching row  18
coeffs for Last measurement in raw DN for Processor Board signal “ProcBd Temp2”= [162.8276 -0.2668687 0.0003323794 -2.43153e-07 9.034532e-11 -1.327735e-14
 0.0 0.0]
var_name = Last measurement in raw DN for Processor Board signal “ProcBd Temp2”
var_name = temperature_2
Header info = 1651
Transformed value for temperature_2 = 42.35944610890556
Matching row  18
coeffs for Last measurement in raw DN for Processor Board signal “1V Voltage”= [0.0 0.000805861 0.0 0.0 0.0 0.0 0.0 0.0]
var_name = Last measurement in raw DN for Processor Board signal “1V Voltage”
var_name = voltage_1V_bus
Header info = 1242
Transformed value for voltage_1V_bus = 1.0008793619999998
Matching row  18
coeffs for Last measurement in raw DN for Processor Board signal “FPGA Temp”= [358.31 -0.1187104 0.0 0.0 0.0 0.0 0.0 0.0]
var_name = Last measurement in raw DN for Processor Board signal “FPGA Temp”
var_name = fpga_temperature
Header info = 2584
Transformed value for fpga_temperature = 51.56232640000002
Matching row  18
coeffs for Last measurement in raw DN for Processor Board signal “1.9V Voltage”= [0.0 0.000805861 0.0 0.0 0.0 0.0 0.0 0.0]
var_name = Last measurement in raw DN for Processor Board signal “1.9V Voltage”
var_name = voltage_1.9V_bus
Header info = 2328
Transformed value for voltage_1.9V_bus = 1.8760444079999998
Matching row  18
coeffs for Last measurement in raw DN for Processor Board signal “3.3V Voltage”= [0.0 0.001611722 0.0 0.0 0.0 0.0 0.0 0.0]
var_name = Last measurement in raw DN for Processor Board signal “3.3V Voltage”
var_name = voltage_3.3V_bus
Header info = 2040
Transformed value for voltage_3.3V_bus = 3.28791288
Matching row  18
coeffs for Last measurement in raw DN for HVPS Board signal “Detector Voltage”= [0.0 1.4652 0.0 0.0 0.0 0.0 0.0 0.0]
var_name = Last measurement in raw DN for HVPS Board signal “Detector Voltage”
var_name = detector_voltage
Header info = 1640
Transformed value for detector_voltage = 2402.928
Matching row  18
coeffs for Last measurement in raw DN for HVPS Board signal “Sensor Voltage"= [0.0 1.4652 0.0 0.0 0.0 0.0 0.0 0.0]
var_name = Last measurement in raw DN for HVPS Board signal “Sensor Voltage"
var_name = sensor_voltage
Header info = 2011
Transformed value for sensor_voltage = 2946.5172000000002
Matching row  18
coeffs for Last measurement in raw DN for HVPS Board signal “Target Voltage”= [0.0 1.4652 0.0 0.0 0.0 0.0 0.0 0.0]
var_name = Last measurement in raw DN for HVPS Board signal “Target Voltage”
var_name = target_voltage
Header info = 1710
Transformed value for target_voltage = 2505.492
Matching row  18
coeffs for Last measurement in raw DN for HVPS Board signal “Reflectron Voltage”= [0.0 1.4652 0.0 0.0 0.0 0.0 0.0 0.0]
var_name = Last measurement in raw DN for HVPS Board signal “Reflectron Voltage”
var_name = reflectron_voltage
Header info = 135
Transformed value for reflectron_voltage = 197.80200000000002
Matching row  18
coeffs for Last measurement in raw DN for HVPS Board signal “Rejection Voltage”= [0.0 1.4652 0.0 0.0 0.0 0.0 0.0 0.0]
var_name = Last measurement in raw DN for HVPS Board signal “Rejection Voltage”
var_name = rejection_voltage
Header info = 2010
Transformed value for rejection_voltage = 2945.052
Matching row  18
coeffs for Last measurement in raw DN for HVPS Board signal “Detector Current”= [0.0 7.326e-06 0.0 0.0 0.0 0.0 0.0 0.0]
var_name = Last measurement in raw DN for HVPS Board signal “Detector Current”
var_name = current_hvps_sensor
Header info = 2338
Transformed value for current_hvps_sensor = 0.017128188
Matching row  18
coeffs for Last measurement in raw DN for HVPS Board signal “Sensor IP”= [0.0 2.4339e-05 0.0 0.0 0.0 0.0 0.0 0.0]
var_name = Last measurement in raw DN for HVPS Board signal “Sensor IP”
var_name = positive_current_hvps
Header info = 2703
Transformed value for positive_current_hvps = 0.065788317
Matching row  18
coeffs for Last measurement in raw DN for HVPS Board signal “Sensor IN”= [0.0 2.4339e-05 0.0 0.0 0.0 0.0 0.0 0.0]
var_name = Last measurement in raw DN for HVPS Board signal “Sensor IN”
var_name = negative_current_hvps
Header info = 305
Transformed value for negative_current_hvps = 0.007423394999999999
Matching row  18
coeffs for Last measurement in raw DN for LVPS Board signal “P3.3VREF_HK”= [0.0 0.00161172 0.0 0.0 0.0 0.0 0.0 0.0]
var_name = Last measurement in raw DN for LVPS Board signal “P3.3VREF_HK”
var_name = voltage_3V3_ref
Header info = 2048
Transformed value for voltage_3V3_ref = 3.30080256
Matching row  18
coeffs for Last measurement in raw DN for LVPS Board signal “P3.3VREF_OP”= [0.0 0.00161172 0.0 0.0 0.0 0.0 0.0 0.0]
var_name = Last measurement in raw DN for LVPS Board signal “P3.3VREF_OP”
var_name = voltage_3V3_op_ref
Header info = 2048
Transformed value for voltage_3V3_op_ref = 3.30080256
Matching row  18
coeffs for Last measurement in raw DN for LVPS Board signal “N6V”= [-33.0 0.00886447 0.0 0.0 0.0 0.0 0.0 0.0]
var_name = Last measurement in raw DN for LVPS Board signal “N6V”
var_name = voltage_neg6V_bus
Header info = 3002
Transformed value for voltage_neg6V_bus = -6.3888610600000035
Matching row  18
coeffs for Last measurement in raw DN for LVPS Board signal “P6V”= [0.0 0.00241758 0.0 0.0 0.0 0.0 0.0 0.0]
var_name = Last measurement in raw DN for LVPS Board signal “P6V”
var_name = voltage_pos6V_bus
Header info = 2622
Transformed value for voltage_pos6V_bus = 6.33889476
Matching row  18
coeffs for Last measurement in raw DN for LVPS Board signal “P16V”= [0.0 0.00482711 0.0 0.0 0.0 0.0 0.0 0.0]
var_name = Last measurement in raw DN for LVPS Board signal “P16V”
var_name = voltage_pos16V_bus
Header info = 3177
Transformed value for voltage_pos16V_bus = 15.33572847
Matching row  18
coeffs for Last measurement in raw DN for LVPS Board signal “P3.3V”= [0.0 0.00161172 0.0 0.0 0.0 0.0 0.0 0.0]
var_name = Last measurement in raw DN for LVPS Board signal “P3.3V”
var_name = voltage_pos3V3_bus
Header info = 2056
Transformed value for voltage_pos3V3_bus = 3.31369632
Matching row  18
coeffs for Last measurement in raw DN for LVPS Board signal “N5V”= [-33.0 0.00886447 0.0 0.0 0.0 0.0 0.0 0.0]
var_name = Last measurement in raw DN for LVPS Board signal “N5V”
var_name = voltage_neg5V_bus
Header info = 3155
Transformed value for voltage_neg5V_bus = -5.032597150000001
Matching row  18
coeffs for Last measurement in raw DN for LVPS Board signal “P5V”= [0.0 0.00161172 0.0 0.0 0.0 0.0 0.0 0.0]
var_name = Last measurement in raw DN for LVPS Board signal “P5V”
var_name = voltage_pos5V_bus
Header info = 3138
Transformed value for voltage_pos5V_bus = 5.057577360000001
Matching row  18
coeffs for Last measurement in raw DN for LVPS Board signal “P3.3_IMON”= [0.0 0.00161172 0.0 0.0 0.0 0.0 0.0 0.0]
var_name = Last measurement in raw DN for LVPS Board signal “P3.3_IMON”
var_name = current_3V3_bus
Header info = 1674
Transformed value for current_3V3_bus = 2.69801928
Matching row  18
coeffs for Last measurement in raw DN for LVPS Board signal “P16V_IMON”= [0.0 0.000161172 0.0 0.0 0.0 0.0 0.0 0.0]
var_name = Last measurement in raw DN for LVPS Board signal “P16V_IMON”
var_name = current_16V_bus
Header info = 1182
Transformed value for current_16V_bus = 0.19050530400000001
Matching row  18
coeffs for Last measurement in raw DN for LVPS Board signal “P6V_IMON”= [0.0 8.05861e-05 0.0 0.0 0.0 0.0 0.0 0.0]
var_name = Last measurement in raw DN for LVPS Board signal “P6V_IMON”
var_name = current_6V_bus
Header info = 1529
Transformed value for current_6V_bus = 0.12321614689999999
Matching row  18
coeffs for Last measurement in raw DN for LVPS Board signal “N6V_IMON”= [0.0 -8.05861e-05 0.0 0.0 0.0 0.0 0.0 0.0]
var_name = Last measurement in raw DN for LVPS Board signal “N6V_IMON”
var_name = current_neg6V_bus
Header info = 1182
Transformed value for current_neg6V_bus = -0.0952527702
Matching row  18
coeffs for Last measurement in raw DN for LVPS Board signal “P5V_IMON”= [0.0 4.029304e-05 0.0 0.0 0.0 0.0 0.0 0.0]
var_name = Last measurement in raw DN for LVPS Board signal “P5V_IMON”
var_name = current_5V_bus
Header info = 1950
Transformed value for current_5V_bus = 0.078571428
Matching row  18
coeffs for Last measurement in raw DN for LVPS Board signal “N5V_IMON”= [0.0 -2.01465e-05 0.0 0.0 0.0 0.0 0.0 0.0]
var_name = Last measurement in raw DN for LVPS Board signal “N5V_IMON”
var_name = current_neg5V_bus
Header info = 3461
Transformed value for current_neg5V_bus = -0.0697270365
Matching row  18
coeffs for Last measurement in raw DN for LVPS Board signal “P2.5V_IMON”= [0.0 0.00161172 0.0 0.0 0.0 0.0 0.0 0.0]
var_name = Last measurement in raw DN for LVPS Board signal “P2.5V_IMON”
var_name = current_2V5_bus
Header info = 453
Transformed value for current_2V5_bus = 0.73010916
Matching row  18
coeffs for Last measurement in raw DN for LVPS Board signal “N2.5V_IMON”= [0.0 -4.0293e-05 0.0 0.0 0.0 0.0 0.0 0.0]
var_name = Last measurement in raw DN for LVPS Board signal “N2.5V_IMON”
var_name = current_neg2V5_bus
Header info = 2942
Transformed value for current_neg2V5_bus = -0.118542006
Matching row  18
coeffs for Last measurement in raw DN for LVPS Board signal “THERM_DECON0”= [-110.293 0.0665351 0.000305738 -6.32048e-07 5.9934e-10 -2.98784e-13
 7.61361e-17 -7.76467e-21]
var_name = Last measurement in raw DN for LVPS Board signal “THERM_DECON0”
var_name = None
KeyError: (3, None) - Could not find entry for None, 38. Please check the Var_notes or variable mapping.
Matching row  18
coeffs for Last measurement in raw DN for LVPS Board signal “THERM_DECON1”= [-150.478 0.376986 -0.00062072 7.73853e-07 -5.81588e-10 2.56368e-13
 -6.05698e-17 5.96635e-21]
var_name = Last measurement in raw DN for LVPS Board signal “THERM_DECON1”
var_name = None
KeyError: (3, None) - Could not find entry for None, 39. Please check the Var_notes or variable mapping.
Matching row  18
coeffs for Last measurement in raw DN for LVPS Board signal “THERM_DAB”= [-443.248 1.31224 -0.00180422 1.40016e-06 -6.43766e-10 1.7448e-13
 -2.57695e-17 1.60239e-21]
var_name = Last measurement in raw DN for LVPS Board signal “THERM_DAB”
var_name = None
KeyError: (3, None) - Could not find entry for None, 40. Please check the Var_notes or variable mapping.
Matching row  18
coeffs for Last measurement in raw DN for LVPS Board signal “THERM_LVPS”= [200.4137 -0.2020699 0.000175403 -9.739547e-08 2.888932e-11 -3.545603e-15
 0.0 0.0]
var_name = Last measurement in raw DN for LVPS Board signal “THERM_LVPS”
var_name = None
KeyError: (3, None) - Could not find entry for None, 41. Please check the Var_notes or variable mapping.
Matching row  18
coeffs for Last measurement in raw DN for LVPS Board signal “THERM_HVPS”= [200.4137 -0.2020699 0.000175403 -9.739547e-08 2.888932e-11 -3.545603e-15
 0.0 0.0]
var_name = Last measurement in raw DN for LVPS Board signal “THERM_HVPS”
var_name = None
KeyError: (3, None) - Could not find entry for None, 45. Please check the Var_notes or variable mapping.
Matching row  18
coeffs for Last measurement in raw DN for LVPS Board signal “P2.5V”= [0.0 0.00161172 0.0 0.0 0.0 0.0 0.0 0.0]
var_name = Last measurement in raw DN for LVPS Board signal “P2.5V”
var_name = None
KeyError: (3, None) - Could not find entry for None, 49. Please check the Var_notes or variable mapping.
Matching row  18
coeffs for Last measurement in raw DN for LVPS Board signal “N2.5V”= [-33.0 0.00886447 0.0 0.0 0.0 0.0 0.0 0.0]
var_name = Last measurement in raw DN for LVPS Board signal “N2.5V”
var_name = None
KeyError: (3, None) - Could not find entry for None, 50. Please check the Var_notes or variable mapping.
Matching row  18
coeffs for Last measurement in raw DN for LVPS Board signal “Spare”= [0.0 0.00161172 0.0 0.0 0.0 0.0 0.0 0.0]
var_name = Last measurement in raw DN for LVPS Board signal “Spare”
var_name = spare_signal
KeyError: (3, 'spare_signal') - Could not find entry for spare_signal, 51. Please check the Var_notes or variable mapping.
High gain delay = 82 samples.
Mid gain delay = 47 samples.
Low gain delay = 47 samples.
High sampling trigger mode =  0 0 1
High gain trigger mode enabled.
For 2264924160, HG Trigger level = 0.15605999999999998, sample settings = 0, 0
Threshold trigger mode enabled for high gain channel.
AID = 2415085345
Event number = 103
Rice compression enabled = False
Timestamp = 440198428.36494 seconds since epoch (Midnight January 1st, 2010)
Trigger time = 2023-12-13T21:20:28.364940Z
3
3
3
3
3
3
3
3
3
3
3
3
3
{'SHCOARSE': ParsedDataItem(SHCOARSE, raw=440202652, derived=440202652, unit=dn), 'SHFINE': ParsedDataItem(SHFINE, raw=8712, derived=8712, unit=dn), 'IDX__SCI0AID': ParsedDataItem(IDX__SCI0AID, raw=2415085345, derived=2415085345, unit=None), 'IDX__SCI0TYPE': ParsedDataItem(IDX__SCI0TYPE, raw=1, derived=1, unit=None), 'IDX__SCI0CONT': ParsedDataItem(IDX__SCI0CONT, raw=127, derived=127, unit=None), 'IDX__SCI0SPARE1': ParsedDataItem(IDX__SCI0SPARE1, raw=0, derived=0, unit=None), 'IDX__SCI0PACK': ParsedDataItem(IDX__SCI0PACK, raw=1, derived=EN, unit=None), 'IDX__SCI0FRAG': ParsedDataItem(IDX__SCI0FRAG, raw=0, derived=DS, unit=None), 'IDX__SCI0COMP': ParsedDataItem(IDX__SCI0COMP, raw=0, derived=DS, unit=None), 'IDX__SCI0EVTNUM': ParsedDataItem(IDX__SCI0EVTNUM, raw=104, derived=104, unit=None), 'IDX__SCI0CAT': ParsedDataItem(IDX__SCI0CAT, raw=32, derived=32, unit=None), 'IDX__SCI0QUAL': ParsedDataItem(IDX__SCI0QUAL, raw=5, derived=5, unit=None), 'IDX__SCI0FRAGOFF': ParsedDataItem(IDX__SCI0FRAGOFF, raw=0, derived=0, unit=None), 'IDX__SCI0VER': ParsedDataItem(IDX__SCI0VER, raw=9, derived=9, unit=None), 'IDX__SCI0TIME32': ParsedDataItem(IDX__SCI0TIME32, raw=440198813, derived=440198813, unit=None), 'IDX__SCI0SPARE2': ParsedDataItem(IDX__SCI0SPARE2, raw=0, derived=0, unit=None), 'IDX__SCI0SPARE3': ParsedDataItem(IDX__SCI0SPARE3, raw=0, derived=0, unit=None), 'IDX__SCI0SPARE4': ParsedDataItem(IDX__SCI0SPARE4, raw=0, derived=0, unit=None), 'IDX__TXHDRSCIEVTLEN': ParsedDataItem(IDX__TXHDRSCIEVTLEN, raw=8320, derived=8320, unit=None), 'IDX__TXHDRSP00': ParsedDataItem(IDX__TXHDRSP00, raw=0, derived=0, unit=None), 'IDX__TXHDRTIMESEC1': ParsedDataItem(IDX__TXHDRTIMESEC1, raw=6716, derived=6716, unit=None), 'IDX__TXHDRTIMESEC2': ParsedDataItem(IDX__TXHDRTIMESEC2, raw=59037, derived=59037, unit=None), 'IDX__TXHDRTIMESUBS': ParsedDataItem(IDX__TXHDRTIMESUBS, raw=17327, derived=17327, unit=None), 'IDX__TXHDRSP01': ParsedDataItem(IDX__TXHDRSP01, raw=0, derived=0, unit=None), 'IDX__TXHDRTRIGOFFSET': ParsedDataItem(IDX__TXHDRTRIGOFFSET, raw=1, derived=1, unit=None), 'IDX__TXHDRSP02': ParsedDataItem(IDX__TXHDRSP02, raw=0, derived=0, unit=None), 'IDX__TXHDRTRIGID': ParsedDataItem(IDX__TXHDRTRIGID, raw=1, derived=1, unit=None), 'IDX__TXHDREVTNUM': ParsedDataItem(IDX__TXHDREVTNUM, raw=104, derived=104, unit=None), 'IDX__TXHDRBLOCKS': ParsedDataItem(IDX__TXHDRBLOCKS, raw=243679, derived=243679, unit=None), 'IDX__TXHDRHGTRIGCTRL1': ParsedDataItem(IDX__TXHDRHGTRIGCTRL1, raw=2264924160, derived=2264924160, unit=None), 'IDX__TXHDRHGTRIGCTRL2': ParsedDataItem(IDX__TXHDRHGTRIGCTRL2, raw=0, derived=0, unit=None), 'IDX__TXHDRLGTRIGCTRL1': ParsedDataItem(IDX__TXHDRLGTRIGCTRL1, raw=4294965248, derived=4294965248, unit=None), 'IDX__TXHDRLGTRIGCTRL2': ParsedDataItem(IDX__TXHDRLGTRIGCTRL2, raw=4278255360, derived=4278255360, unit=None), 'IDX__TXHDRMGTRIGCTRL1': ParsedDataItem(IDX__TXHDRMGTRIGCTRL1, raw=4294965248, derived=4294965248, unit=None), 'IDX__TXHDRMGTRIGCTRL2': ParsedDataItem(IDX__TXHDRMGTRIGCTRL2, raw=4278255360, derived=4278255360, unit=None), 'IDX__TXHDRSP03': ParsedDataItem(IDX__TXHDRSP03, raw=0, derived=0, unit=None), 'IDX__TXHDRLSADC': ParsedDataItem(IDX__TXHDRLSADC, raw=1048320, derived=1048320, unit=None), 'IDX__TXHDRPOLSTAT': ParsedDataItem(IDX__TXHDRPOLSTAT, raw=1, derived=NEG, unit=None), 'IDX__TXHDRSP04': ParsedDataItem(IDX__TXHDRSP04, raw=0, derived=0, unit=None), 'IDX__TXHDRPOLCTRL': ParsedDataItem(IDX__TXHDRPOLCTRL, raw=0, derived=POS, unit=None), 'IDX__TXHDRCOINENA': ParsedDataItem(IDX__TXHDRCOINENA, raw=0, derived=DIS, unit=None), 'IDX__TXHDRLSTRIGMODE': ParsedDataItem(IDX__TXHDRLSTRIGMODE, raw=0, derived=DIS, unit=None), 'IDX__TXHDRMGTRIGMODE': ParsedDataItem(IDX__TXHDRMGTRIGMODE, raw=0, derived=0, unit=None), 'IDX__TXHDRLGTRIGMODE': ParsedDataItem(IDX__TXHDRLGTRIGMODE, raw=0, derived=0, unit=None), 'IDX__TXHDRHGTRIGMODE': ParsedDataItem(IDX__TXHDRHGTRIGMODE, raw=1, derived=1, unit=None), 'IDX__TXHDRSP05': ParsedDataItem(IDX__TXHDRSP05, raw=0, derived=0, unit=None), 'IDX__TXHDRSP06': ParsedDataItem(IDX__TXHDRSP06, raw=0, derived=0, unit=None), 'IDX__TXHDRSP07': ParsedDataItem(IDX__TXHDRSP07, raw=2019, derived=2019, unit=None), 'IDX__TXHDRSP08': ParsedDataItem(IDX__TXHDRSP08, raw=0, derived=0, unit=None), 'IDX__TXHDRTOFMAX': ParsedDataItem(IDX__TXHDRTOFMAX, raw=548936525, derived=548936525, unit=None), 'IDX__TXHDRTOFMIN': ParsedDataItem(IDX__TXHDRTOFMIN, raw=535295474, derived=535295474, unit=None), 'IDX__TXHDRLS0MAXMIN': ParsedDataItem(IDX__TXHDRLS0MAXMIN, raw=10601975, derived=10601975, unit=None), 'IDX__TXHDRLS1MAXMIN': ParsedDataItem(IDX__TXHDRLS1MAXMIN, raw=8452072, derived=8452072, unit=None), 'IDX__TXHDRLS2MAXMIN': ParsedDataItem(IDX__TXHDRLS2MAXMIN, raw=8402912, derived=8402912, unit=None), 'IDX__TXHDRFIFODELAY': ParsedDataItem(IDX__TXHDRFIFODELAY, raw=15, derived=15, unit=None), 'IDX__TXHDRSAMPDELAY': ParsedDataItem(IDX__TXHDRSAMPDELAY, raw=7347236, derived=7347236, unit=None), 'IDX__TXHDRTRANSCNT': ParsedDataItem(IDX__TXHDRTRANSCNT, raw=16, derived=16, unit=None), 'IDX__TXHDRPROCHKCH01': ParsedDataItem(IDX__TXHDRPROCHKCH01, raw=83624765, derived=83624765, unit=None), 'IDX__TXHDRPROCHKCH23': ParsedDataItem(IDX__TXHDRPROCHKCH23, raw=107545843, derived=107545843, unit=None), 'IDX__TXHDRPROCHKCH45': ParsedDataItem(IDX__TXHDRPROCHKCH45, raw=169149658, derived=169149658, unit=None), 'IDX__TXHDRPROCHKCH67': ParsedDataItem(IDX__TXHDRPROCHKCH67, raw=133695768, derived=133695768, unit=None), 'IDX__TXHDRHVPSHKCH01': ParsedDataItem(IDX__TXHDRHVPSHKCH01, raw=131860073, derived=131860073, unit=None), 'IDX__TXHDRHVPSHKCH23': ParsedDataItem(IDX__TXHDRHVPSHKCH23, raw=8849070, derived=8849070, unit=None), 'IDX__TXHDRHVPSHKCH45': ParsedDataItem(IDX__TXHDRHVPSHKCH45, raw=153225178, derived=153225178, unit=None), 'IDX__TXHDRHVPSHKCH67': ParsedDataItem(IDX__TXHDRHVPSHKCH67, raw=19991183, derived=19991183, unit=None), 'IDX__TXHDRLVHK0CH01': ParsedDataItem(IDX__TXHDRLVHK0CH01, raw=134219776, derived=134219776, unit=None), 'IDX__TXHDRLVHK0CH23': ParsedDataItem(IDX__TXHDRLVHK0CH23, raw=171838394, derived=171838394, unit=None), 'IDX__TXHDRLVHK0CH45': ParsedDataItem(IDX__TXHDRLVHK0CH45, raw=134745193, derived=134745193, unit=None), 'IDX__TXHDRLVHK0CH67': ParsedDataItem(IDX__TXHDRLVHK0CH67, raw=205589587, derived=205589587, unit=None), 'IDX__TXHDRLVHK1CH01': ParsedDataItem(IDX__TXHDRLVHK1CH01, raw=34735756, derived=34735756, unit=None), 'IDX__TXHDRLVHK1CH23': ParsedDataItem(IDX__TXHDRLVHK1CH23, raw=77530617, derived=77530617, unit=None), 'IDX__TXHDRLVHK1CH45': ParsedDataItem(IDX__TXHDRLVHK1CH45, raw=226953119, derived=226953119, unit=None), 'IDX__TXHDRLVHK1CH67': ParsedDataItem(IDX__TXHDRLVHK1CH67, raw=192872901, derived=192872901, unit=None), 'IDX__TXHDRLVHK2CH01': ParsedDataItem(IDX__TXHDRLVHK2CH01, raw=80807123, derived=80807123, unit=None), 'IDX__TXHDRLVHK2CH23': ParsedDataItem(IDX__TXHDRLVHK2CH23, raw=192809616, derived=192809616, unit=None), 'IDX__TXHDRLVHK2CH45': ParsedDataItem(IDX__TXHDRLVHK2CH45, raw=101059664, derived=101059664, unit=None), 'IDX__TXHDRLVHK2CH67': ParsedDataItem(IDX__TXHDRLVHK2CH67, raw=69016, derived=69016, unit=None), 'IDX__TXHDRSP09': ParsedDataItem(IDX__TXHDRSP09, raw=0, derived=0, unit=None), 'IDX__TXHDRSP10': ParsedDataItem(IDX__TXHDRSP10, raw=0, derived=0, unit=None), 'IDX__TXHDRFSWAIDCOPY': ParsedDataItem(IDX__TXHDRFSWAIDCOPY, raw=2415085345, derived=2415085345, unit=None), 'IDX__TXHDRFSWBINCOPY': ParsedDataItem(IDX__TXHDRFSWBINCOPY, raw=0, derived=0, unit=None), 'IDX__TXHDRFSWMAJOR': ParsedDataItem(IDX__TXHDRFSWMAJOR, raw=2, derived=2, unit=None), 'IDX__TXHDRFSWMINOR': ParsedDataItem(IDX__TXHDRFSWMINOR, raw=0, derived=0, unit=None), 'IDX__TXHDRFSWPATCH': ParsedDataItem(IDX__TXHDRFSWPATCH, raw=0, derived=0, unit=None), 'IDX__TXHDRFSWHVSTAT': ParsedDataItem(IDX__TXHDRFSWHVSTAT, raw=3, derived=3, unit=None), 'IDX__TXHDRFSWMEM0': ParsedDataItem(IDX__TXHDRFSWMEM0, raw=0, derived=0, unit=None), 'IDX__TXHDRFSWMEM1': ParsedDataItem(IDX__TXHDRFSWMEM1, raw=0, derived=0, unit=None), 'IDX__TXHDRFSWPT0': ParsedDataItem(IDX__TXHDRFSWPT0, raw=0, derived=0, unit=None), 'IDX__TXHDRFSWPT1': ParsedDataItem(IDX__TXHDRFSWPT1, raw=0, derived=0, unit=None), 'IDX__TXHDRFSWPT2': ParsedDataItem(IDX__TXHDRFSWPT2, raw=0, derived=0, unit=None), 'IDX__TXHDRFSWPT3': ParsedDataItem(IDX__TXHDRFSWPT3, raw=0, derived=0, unit=None), 'IDX__TXHDRFSWPT4': ParsedDataItem(IDX__TXHDRFSWPT4, raw=0, derived=0, unit=None), 'IDX__TXHDRFSWPT5': ParsedDataItem(IDX__TXHDRFSWPT5, raw=0, derived=0, unit=None), 'IDX__TXHDRFSWPT6': ParsedDataItem(IDX__TXHDRFSWPT6, raw=0, derived=0, unit=None), 'IDX__TXHDRFSWPT7': ParsedDataItem(IDX__TXHDRFSWPT7, raw=0, derived=0, unit=None), 'IDX__TXHDRFSWPT8': ParsedDataItem(IDX__TXHDRFSWPT8, raw=0, derived=0, unit=None), 'IDX__TXHDRFSWPT9': ParsedDataItem(IDX__TXHDRFSWPT9, raw=0, derived=0, unit=None), 'IDX__TXHDRFPGAVER': ParsedDataItem(IDX__TXHDRFPGAVER, raw=539165480, derived=539165480, unit=None), 'IDX__SYNCSCI0PKT': ParsedDataItem(IDX__SYNCSCI0PKT, raw=13107, derived=13107, unit=None), 'IDX__CRCSCI0PKT': ParsedDataItem(IDX__CRCSCI0PKT, raw=11653, derived=11653, unit=None)}
SHCOARSE = 440202652
SHFINE = 8712
IDX__SCI0AID = 2415085345
IDX__SCI0TYPE = 1
IDX__SCI0CONT = 127
IDX__SCI0SPARE1 = 0
IDX__SCI0PACK = EN
IDX__SCI0FRAG = DS
IDX__SCI0COMP = DS
IDX__SCI0EVTNUM = 104
IDX__SCI0CAT = 32
IDX__SCI0QUAL = 5
IDX__SCI0FRAGOFF = 0
IDX__SCI0VER = 9
IDX__SCI0TIME32 = 440198813
IDX__SCI0SPARE2 = 0
IDX__SCI0SPARE3 = 0
IDX__SCI0SPARE4 = 0
IDX__TXHDRSCIEVTLEN = 8320
IDX__TXHDRSP00 = 0
IDX__TXHDRTIMESEC1 = 6716
IDX__TXHDRTIMESEC2 = 59037
IDX__TXHDRTIMESUBS = 17327
IDX__TXHDRSP01 = 0
IDX__TXHDRTRIGOFFSET = 1
IDX__TXHDRSP02 = 0
IDX__TXHDRTRIGID = 1
IDX__TXHDREVTNUM = 104
IDX__TXHDRBLOCKS = 243679
IDX__TXHDRHGTRIGCTRL1 = 2264924160
IDX__TXHDRHGTRIGCTRL2 = 0
IDX__TXHDRLGTRIGCTRL1 = 4294965248
IDX__TXHDRLGTRIGCTRL2 = 4278255360
IDX__TXHDRMGTRIGCTRL1 = 4294965248
IDX__TXHDRMGTRIGCTRL2 = 4278255360
IDX__TXHDRSP03 = 0
IDX__TXHDRLSADC = 1048320
IDX__TXHDRPOLSTAT = NEG
IDX__TXHDRSP04 = 0
IDX__TXHDRPOLCTRL = POS
IDX__TXHDRCOINENA = DIS
IDX__TXHDRLSTRIGMODE = DIS
IDX__TXHDRMGTRIGMODE = 0
IDX__TXHDRLGTRIGMODE = 0
IDX__TXHDRHGTRIGMODE = 1
IDX__TXHDRSP05 = 0
IDX__TXHDRSP06 = 0
IDX__TXHDRSP07 = 2019
IDX__TXHDRSP08 = 0
IDX__TXHDRTOFMAX = 548936525
IDX__TXHDRTOFMIN = 535295474
IDX__TXHDRLS0MAXMIN = 10601975
IDX__TXHDRLS1MAXMIN = 8452072
IDX__TXHDRLS2MAXMIN = 8402912
IDX__TXHDRFIFODELAY = 15
IDX__TXHDRSAMPDELAY = 7347236
IDX__TXHDRTRANSCNT = 16
IDX__TXHDRPROCHKCH01 = 83624765
IDX__TXHDRPROCHKCH23 = 107545843
IDX__TXHDRPROCHKCH45 = 169149658
IDX__TXHDRPROCHKCH67 = 133695768
IDX__TXHDRHVPSHKCH01 = 131860073
IDX__TXHDRHVPSHKCH23 = 8849070
IDX__TXHDRHVPSHKCH45 = 153225178
IDX__TXHDRHVPSHKCH67 = 19991183
IDX__TXHDRLVHK0CH01 = 134219776
IDX__TXHDRLVHK0CH23 = 171838394
IDX__TXHDRLVHK0CH45 = 134745193
IDX__TXHDRLVHK0CH67 = 205589587
IDX__TXHDRLVHK1CH01 = 34735756
IDX__TXHDRLVHK1CH23 = 77530617
IDX__TXHDRLVHK1CH45 = 226953119
IDX__TXHDRLVHK1CH67 = 192872901
IDX__TXHDRLVHK2CH01 = 80807123
IDX__TXHDRLVHK2CH23 = 192809616
IDX__TXHDRLVHK2CH45 = 101059664
IDX__TXHDRLVHK2CH67 = 69016
IDX__TXHDRSP09 = 0
IDX__TXHDRSP10 = 0
IDX__TXHDRFSWAIDCOPY = 2415085345
IDX__TXHDRFSWBINCOPY = 0
IDX__TXHDRFSWMAJOR = 2
IDX__TXHDRFSWMINOR = 0
IDX__TXHDRFSWPATCH = 0
IDX__TXHDRFSWHVSTAT = 3
IDX__TXHDRFSWMEM0 = 0
IDX__TXHDRFSWMEM1 = 0
IDX__TXHDRFSWPT0 = 0
IDX__TXHDRFSWPT1 = 0
IDX__TXHDRFSWPT2 = 0
IDX__TXHDRFSWPT3 = 0
IDX__TXHDRFSWPT4 = 0
IDX__TXHDRFSWPT5 = 0
IDX__TXHDRFSWPT6 = 0
IDX__TXHDRFSWPT7 = 0
IDX__TXHDRFSWPT8 = 0
IDX__TXHDRFSWPT9 = 0
IDX__TXHDRFPGAVER = 539165480
IDX__SYNCSCI0PKT = 13107
IDX__CRCSCI0PKT = 11653
^*****Event header 4******^
EVTNUM: 4
SCI0TYPE: 1
TXHDRBLOCKS RAW: 243679
TXHDRBLOCKS DERIVED: 243679
-----
HS pre trig sampling blocks:  31
LS pre trig sampling blocks:  3
HS post trig sampling blocks:  31
LS post trig sampling blocks:  11
IDX__TXHDRHVPSHKCH01 = 131860073
Detector voltage =  1641
Sensor voltage =  2012
Target voltage =  1710
Reflectron voltage =  135
Rejection voltage =  2010
Current for HVPS sensor =  2338
Positive current for HVPS sensor =  2703
Negative current for HVPS sensor =  305
Voltage +3.3V reference =  2048
Voltage +3.3V operational reference =  2048
Voltage -6V bus =  3002
Voltage +6V bus =  2622
Voltage +16V bus =  3177
Voltage +3.3V bus =  2056
Voltage -5V bus =  3155
Voltage +5V bus =  3137
Current +3.3V bus =  1676
Current +16V bus =  1183
Current +6V bus =  1529
Current -6V bus =  1183
Current +5V bus =  1951
Current -5V bus =  3463
Current +2.5V bus =  453
Current -2.5V bus =  2943
Current on the 1V POL =  829
Current on the 1.9V POL =  1276
ProcBd Temperature 1 =  1267
ProcBd Temperature 2 =  1641
Voltage on 1V bus =  1242
FPGA Temperature =  2581
Voltage on 1.9V bus =  2328
Voltage on 3.3V bus =  2040
var_to_row = {'Last measurement in raw DN for Processor Board signal “1V POL Current”': 0, 'Last measurement in raw DN for Processor Board signal “1.9V POL Current”': 1, 'Last measurement in raw DN for Processor Board signal “ProcBd Temp1”': 2, nan: 48, 'Last measurement in raw DN for Processor Board signal “ProcBd Temp2”': 6, 'Last measurement in raw DN for Processor Board signal “1V Voltage”': 10, 'Last measurement in raw DN for Processor Board signal “FPGA Temp”': 11, 'Last measurement in raw DN for Processor Board signal “1.9V Voltage”': 12, 'Last measurement in raw DN for Processor Board signal “3.3V Voltage”': 13, 'Last measurement in raw DN for HVPS Board signal “Detector Voltage”': 14, 'Last measurement in raw DN for HVPS Board signal “Sensor Voltage"': 15, 'Last measurement in raw DN for HVPS Board signal “Target Voltage”': 16, 'Last measurement in raw DN for HVPS Board signal “Reflectron Voltage”': 17, 'Last measurement in raw DN for HVPS Board signal “Rejection Voltage”': 18, 'Last measurement in raw DN for HVPS Board signal “Detector Current”': 19, 'Last measurement in raw DN for HVPS Board signal “Sensor IP”': 20, 'Last measurement in raw DN for HVPS Board signal “Sensor IN”': 21, 'Last measurement in raw DN for LVPS Board signal “P3.3VREF_HK”': 22, 'Last measurement in raw DN for LVPS Board signal “P3.3VREF_OP”': 23, 'Last measurement in raw DN for LVPS Board signal “N6V”': 24, 'Last measurement in raw DN for LVPS Board signal “P6V”': 25, 'Last measurement in raw DN for LVPS Board signal “P16V”': 26, 'Last measurement in raw DN for LVPS Board signal “P3.3V”': 27, 'Last measurement in raw DN for LVPS Board signal “N5V”': 28, 'Last measurement in raw DN for LVPS Board signal “P5V”': 29, 'Last measurement in raw DN for LVPS Board signal “P3.3_IMON”': 30, 'Last measurement in raw DN for LVPS Board signal “P16V_IMON”': 31, 'Last measurement in raw DN for LVPS Board signal “P6V_IMON”': 32, 'Last measurement in raw DN for LVPS Board signal “N6V_IMON”': 33, 'Last measurement in raw DN for LVPS Board signal “P5V_IMON”': 34, 'Last measurement in raw DN for LVPS Board signal “N5V_IMON”': 35, 'Last measurement in raw DN for LVPS Board signal “P2.5V_IMON”': 36, 'Last measurement in raw DN for LVPS Board signal “N2.5V_IMON”': 37, 'Last measurement in raw DN for LVPS Board signal “THERM_DECON0”': 38, 'Last measurement in raw DN for LVPS Board signal “THERM_DECON1”': 39, 'Last measurement in raw DN for LVPS Board signal “THERM_DAB”': 40, 'Last measurement in raw DN for LVPS Board signal “THERM_LVPS”': 41, 'Last measurement in raw DN for LVPS Board signal “THERM_HVPS”': 45, 'Last measurement in raw DN for LVPS Board signal “P2.5V”': 49, 'Last measurement in raw DN for LVPS Board signal “N2.5V”': 50, 'Last measurement in raw DN for LVPS Board signal “Spare”': 51}

 
 ***** var_name being converted for each instrument setting ***** 
 

Matching row  18
coeffs for Last measurement in raw DN for Processor Board signal “1V POL Current”= [0.0 0.9029253 0.0 0.0 0.0 0.0 0.0 0.0]
var_name = Last measurement in raw DN for Processor Board signal “1V POL Current”
var_name = current_1V_pol
Header info = 829
Transformed value for current_1V_pol = 748.5250737
Matching row  18
coeffs for Last measurement in raw DN for Processor Board signal “1.9V POL Current”= [0.0 0.9029253 0.0 0.0 0.0 0.0 0.0 0.0]
var_name = Last measurement in raw DN for Processor Board signal “1.9V POL Current”
var_name = current_1.9V_pol
Header info = 1276
Transformed value for current_1.9V_pol = 1152.1326828
Matching row  18
coeffs for Last measurement in raw DN for Processor Board signal “ProcBd Temp1”= [162.8276 -0.2668687 0.0003323794 -2.43153e-07 9.034532e-11 -1.327735e-14
 0.0 0.0]
var_name = Last measurement in raw DN for Processor Board signal “ProcBd Temp1”
var_name = temperature_1
Header info = 1267
Transformed value for temperature_1 = 53.185868557489314
Matching row  18
coeffs for nan= [-104713.9 52.02446 -0.006463374 0.0 0.0 0.0 0.0 0.0]
var_name = nan
var_name = None
KeyError: (4, None) - Could not find entry for None, 48. Please check the Var_notes or variable mapping.
Matching row  18
coeffs for Last measurement in raw DN for Processor Board signal “ProcBd Temp2”= [162.8276 -0.2668687 0.0003323794 -2.43153e-07 9.034532e-11 -1.327735e-14
 0.0 0.0]
var_name = Last measurement in raw DN for Processor Board signal “ProcBd Temp2”
var_name = temperature_2
Header info = 1641
Transformed value for temperature_2 = 42.606681604549095
Matching row  18
coeffs for Last measurement in raw DN for Processor Board signal “1V Voltage”= [0.0 0.000805861 0.0 0.0 0.0 0.0 0.0 0.0]
var_name = Last measurement in raw DN for Processor Board signal “1V Voltage”
var_name = voltage_1V_bus
Header info = 1242
Transformed value for voltage_1V_bus = 1.0008793619999998
Matching row  18
coeffs for Last measurement in raw DN for Processor Board signal “FPGA Temp”= [358.31 -0.1187104 0.0 0.0 0.0 0.0 0.0 0.0]
var_name = Last measurement in raw DN for Processor Board signal “FPGA Temp”
var_name = fpga_temperature
Header info = 2581
Transformed value for fpga_temperature = 51.91845760000001
Matching row  18
coeffs for Last measurement in raw DN for Processor Board signal “1.9V Voltage”= [0.0 0.000805861 0.0 0.0 0.0 0.0 0.0 0.0]
var_name = Last measurement in raw DN for Processor Board signal “1.9V Voltage”
var_name = voltage_1.9V_bus
Header info = 2328
Transformed value for voltage_1.9V_bus = 1.8760444079999998
Matching row  18
coeffs for Last measurement in raw DN for Processor Board signal “3.3V Voltage”= [0.0 0.001611722 0.0 0.0 0.0 0.0 0.0 0.0]
var_name = Last measurement in raw DN for Processor Board signal “3.3V Voltage”
var_name = voltage_3.3V_bus
Header info = 2040
Transformed value for voltage_3.3V_bus = 3.28791288
Matching row  18
coeffs for Last measurement in raw DN for HVPS Board signal “Detector Voltage”= [0.0 1.4652 0.0 0.0 0.0 0.0 0.0 0.0]
var_name = Last measurement in raw DN for HVPS Board signal “Detector Voltage”
var_name = detector_voltage
Header info = 1641
Transformed value for detector_voltage = 2404.3932
Matching row  18
coeffs for Last measurement in raw DN for HVPS Board signal “Sensor Voltage"= [0.0 1.4652 0.0 0.0 0.0 0.0 0.0 0.0]
var_name = Last measurement in raw DN for HVPS Board signal “Sensor Voltage"
var_name = sensor_voltage
Header info = 2012
Transformed value for sensor_voltage = 2947.9824000000003
Matching row  18
coeffs for Last measurement in raw DN for HVPS Board signal “Target Voltage”= [0.0 1.4652 0.0 0.0 0.0 0.0 0.0 0.0]
var_name = Last measurement in raw DN for HVPS Board signal “Target Voltage”
var_name = target_voltage
Header info = 1710
Transformed value for target_voltage = 2505.492
Matching row  18
coeffs for Last measurement in raw DN for HVPS Board signal “Reflectron Voltage”= [0.0 1.4652 0.0 0.0 0.0 0.0 0.0 0.0]
var_name = Last measurement in raw DN for HVPS Board signal “Reflectron Voltage”
var_name = reflectron_voltage
Header info = 135
Transformed value for reflectron_voltage = 197.80200000000002
Matching row  18
coeffs for Last measurement in raw DN for HVPS Board signal “Rejection Voltage”= [0.0 1.4652 0.0 0.0 0.0 0.0 0.0 0.0]
var_name = Last measurement in raw DN for HVPS Board signal “Rejection Voltage”
var_name = rejection_voltage
Header info = 2010
Transformed value for rejection_voltage = 2945.052
Matching row  18
coeffs for Last measurement in raw DN for HVPS Board signal “Detector Current”= [0.0 7.326e-06 0.0 0.0 0.0 0.0 0.0 0.0]
var_name = Last measurement in raw DN for HVPS Board signal “Detector Current”
var_name = current_hvps_sensor
Header info = 2338
Transformed value for current_hvps_sensor = 0.017128188
Matching row  18
coeffs for Last measurement in raw DN for HVPS Board signal “Sensor IP”= [0.0 2.4339e-05 0.0 0.0 0.0 0.0 0.0 0.0]
var_name = Last measurement in raw DN for HVPS Board signal “Sensor IP”
var_name = positive_current_hvps
Header info = 2703
Transformed value for positive_current_hvps = 0.065788317
Matching row  18
coeffs for Last measurement in raw DN for HVPS Board signal “Sensor IN”= [0.0 2.4339e-05 0.0 0.0 0.0 0.0 0.0 0.0]
var_name = Last measurement in raw DN for HVPS Board signal “Sensor IN”
var_name = negative_current_hvps
Header info = 305
Transformed value for negative_current_hvps = 0.007423394999999999
Matching row  18
coeffs for Last measurement in raw DN for LVPS Board signal “P3.3VREF_HK”= [0.0 0.00161172 0.0 0.0 0.0 0.0 0.0 0.0]
var_name = Last measurement in raw DN for LVPS Board signal “P3.3VREF_HK”
var_name = voltage_3V3_ref
Header info = 2048
Transformed value for voltage_3V3_ref = 3.30080256
Matching row  18
coeffs for Last measurement in raw DN for LVPS Board signal “P3.3VREF_OP”= [0.0 0.00161172 0.0 0.0 0.0 0.0 0.0 0.0]
var_name = Last measurement in raw DN for LVPS Board signal “P3.3VREF_OP”
var_name = voltage_3V3_op_ref
Header info = 2048
Transformed value for voltage_3V3_op_ref = 3.30080256
Matching row  18
coeffs for Last measurement in raw DN for LVPS Board signal “N6V”= [-33.0 0.00886447 0.0 0.0 0.0 0.0 0.0 0.0]
var_name = Last measurement in raw DN for LVPS Board signal “N6V”
var_name = voltage_neg6V_bus
Header info = 3002
Transformed value for voltage_neg6V_bus = -6.3888610600000035
Matching row  18
coeffs for Last measurement in raw DN for LVPS Board signal “P6V”= [0.0 0.00241758 0.0 0.0 0.0 0.0 0.0 0.0]
var_name = Last measurement in raw DN for LVPS Board signal “P6V”
var_name = voltage_pos6V_bus
Header info = 2622
Transformed value for voltage_pos6V_bus = 6.33889476
Matching row  18
coeffs for Last measurement in raw DN for LVPS Board signal “P16V”= [0.0 0.00482711 0.0 0.0 0.0 0.0 0.0 0.0]
var_name = Last measurement in raw DN for LVPS Board signal “P16V”
var_name = voltage_pos16V_bus
Header info = 3177
Transformed value for voltage_pos16V_bus = 15.33572847
Matching row  18
coeffs for Last measurement in raw DN for LVPS Board signal “P3.3V”= [0.0 0.00161172 0.0 0.0 0.0 0.0 0.0 0.0]
var_name = Last measurement in raw DN for LVPS Board signal “P3.3V”
var_name = voltage_pos3V3_bus
Header info = 2056
Transformed value for voltage_pos3V3_bus = 3.31369632
Matching row  18
coeffs for Last measurement in raw DN for LVPS Board signal “N5V”= [-33.0 0.00886447 0.0 0.0 0.0 0.0 0.0 0.0]
var_name = Last measurement in raw DN for LVPS Board signal “N5V”
var_name = voltage_neg5V_bus
Header info = 3155
Transformed value for voltage_neg5V_bus = -5.032597150000001
Matching row  18
coeffs for Last measurement in raw DN for LVPS Board signal “P5V”= [0.0 0.00161172 0.0 0.0 0.0 0.0 0.0 0.0]
var_name = Last measurement in raw DN for LVPS Board signal “P5V”
var_name = voltage_pos5V_bus
Header info = 3137
Transformed value for voltage_pos5V_bus = 5.05596564
Matching row  18
coeffs for Last measurement in raw DN for LVPS Board signal “P3.3_IMON”= [0.0 0.00161172 0.0 0.0 0.0 0.0 0.0 0.0]
var_name = Last measurement in raw DN for LVPS Board signal “P3.3_IMON”
var_name = current_3V3_bus
Header info = 1676
Transformed value for current_3V3_bus = 2.70124272
Matching row  18
coeffs for Last measurement in raw DN for LVPS Board signal “P16V_IMON”= [0.0 0.000161172 0.0 0.0 0.0 0.0 0.0 0.0]
var_name = Last measurement in raw DN for LVPS Board signal “P16V_IMON”
var_name = current_16V_bus
Header info = 1183
Transformed value for current_16V_bus = 0.190666476
Matching row  18
coeffs for Last measurement in raw DN for LVPS Board signal “P6V_IMON”= [0.0 8.05861e-05 0.0 0.0 0.0 0.0 0.0 0.0]
var_name = Last measurement in raw DN for LVPS Board signal “P6V_IMON”
var_name = current_6V_bus
Header info = 1529
Transformed value for current_6V_bus = 0.12321614689999999
Matching row  18
coeffs for Last measurement in raw DN for LVPS Board signal “N6V_IMON”= [0.0 -8.05861e-05 0.0 0.0 0.0 0.0 0.0 0.0]
var_name = Last measurement in raw DN for LVPS Board signal “N6V_IMON”
var_name = current_neg6V_bus
Header info = 1183
Transformed value for current_neg6V_bus = -0.09533335629999999
Matching row  18
coeffs for Last measurement in raw DN for LVPS Board signal “P5V_IMON”= [0.0 4.029304e-05 0.0 0.0 0.0 0.0 0.0 0.0]
var_name = Last measurement in raw DN for LVPS Board signal “P5V_IMON”
var_name = current_5V_bus
Header info = 1951
Transformed value for current_5V_bus = 0.07861172104
Matching row  18
coeffs for Last measurement in raw DN for LVPS Board signal “N5V_IMON”= [0.0 -2.01465e-05 0.0 0.0 0.0 0.0 0.0 0.0]
var_name = Last measurement in raw DN for LVPS Board signal “N5V_IMON”
var_name = current_neg5V_bus
Header info = 3463
Transformed value for current_neg5V_bus = -0.0697673295
Matching row  18
coeffs for Last measurement in raw DN for LVPS Board signal “P2.5V_IMON”= [0.0 0.00161172 0.0 0.0 0.0 0.0 0.0 0.0]
var_name = Last measurement in raw DN for LVPS Board signal “P2.5V_IMON”
var_name = current_2V5_bus
Header info = 453
Transformed value for current_2V5_bus = 0.73010916
Matching row  18
coeffs for Last measurement in raw DN for LVPS Board signal “N2.5V_IMON”= [0.0 -4.0293e-05 0.0 0.0 0.0 0.0 0.0 0.0]
var_name = Last measurement in raw DN for LVPS Board signal “N2.5V_IMON”
var_name = current_neg2V5_bus
Header info = 2943
Transformed value for current_neg2V5_bus = -0.118582299
Matching row  18
coeffs for Last measurement in raw DN for LVPS Board signal “THERM_DECON0”= [-110.293 0.0665351 0.000305738 -6.32048e-07 5.9934e-10 -2.98784e-13
 7.61361e-17 -7.76467e-21]
var_name = Last measurement in raw DN for LVPS Board signal “THERM_DECON0”
var_name = None
KeyError: (4, None) - Could not find entry for None, 38. Please check the Var_notes or variable mapping.
Matching row  18
coeffs for Last measurement in raw DN for LVPS Board signal “THERM_DECON1”= [-150.478 0.376986 -0.00062072 7.73853e-07 -5.81588e-10 2.56368e-13
 -6.05698e-17 5.96635e-21]
var_name = Last measurement in raw DN for LVPS Board signal “THERM_DECON1”
var_name = None
KeyError: (4, None) - Could not find entry for None, 39. Please check the Var_notes or variable mapping.
Matching row  18
coeffs for Last measurement in raw DN for LVPS Board signal “THERM_DAB”= [-443.248 1.31224 -0.00180422 1.40016e-06 -6.43766e-10 1.7448e-13
 -2.57695e-17 1.60239e-21]
var_name = Last measurement in raw DN for LVPS Board signal “THERM_DAB”
var_name = None
KeyError: (4, None) - Could not find entry for None, 40. Please check the Var_notes or variable mapping.
Matching row  18
coeffs for Last measurement in raw DN for LVPS Board signal “THERM_LVPS”= [200.4137 -0.2020699 0.000175403 -9.739547e-08 2.888932e-11 -3.545603e-15
 0.0 0.0]
var_name = Last measurement in raw DN for LVPS Board signal “THERM_LVPS”
var_name = None
KeyError: (4, None) - Could not find entry for None, 41. Please check the Var_notes or variable mapping.
Matching row  18
coeffs for Last measurement in raw DN for LVPS Board signal “THERM_HVPS”= [200.4137 -0.2020699 0.000175403 -9.739547e-08 2.888932e-11 -3.545603e-15
 0.0 0.0]
var_name = Last measurement in raw DN for LVPS Board signal “THERM_HVPS”
var_name = None
KeyError: (4, None) - Could not find entry for None, 45. Please check the Var_notes or variable mapping.
Matching row  18
coeffs for Last measurement in raw DN for LVPS Board signal “P2.5V”= [0.0 0.00161172 0.0 0.0 0.0 0.0 0.0 0.0]
var_name = Last measurement in raw DN for LVPS Board signal “P2.5V”
var_name = None
KeyError: (4, None) - Could not find entry for None, 49. Please check the Var_notes or variable mapping.
Matching row  18
coeffs for Last measurement in raw DN for LVPS Board signal “N2.5V”= [-33.0 0.00886447 0.0 0.0 0.0 0.0 0.0 0.0]
var_name = Last measurement in raw DN for LVPS Board signal “N2.5V”
var_name = None
KeyError: (4, None) - Could not find entry for None, 50. Please check the Var_notes or variable mapping.
Matching row  18
coeffs for Last measurement in raw DN for LVPS Board signal “Spare”= [0.0 0.00161172 0.0 0.0 0.0 0.0 0.0 0.0]
var_name = Last measurement in raw DN for LVPS Board signal “Spare”
var_name = spare_signal
KeyError: (4, 'spare_signal') - Could not find entry for spare_signal, 51. Please check the Var_notes or variable mapping.
High gain delay = 36 samples.
Mid gain delay = 7 samples.
Low gain delay = 7 samples.
High sampling trigger mode =  0 0 1
High gain trigger mode enabled.
For 2264924160, HG Trigger level = 0.15605999999999998, sample settings = 0, 0
Threshold trigger mode enabled for high gain channel.
AID = 2415085345
Event number = 104
Rice compression enabled = False
Timestamp = 440198813.34654 seconds since epoch (Midnight January 1st, 2010)
Trigger time = 2023-12-13T21:26:53.346540Z
4
4
4
4
4
4
4
4
4
4
4
4
4
{'SHCOARSE': ParsedDataItem(SHCOARSE, raw=440202666, derived=440202666, unit=dn), 'SHFINE': ParsedDataItem(SHFINE, raw=8721, derived=8721, unit=dn), 'IDX__SCI0AID': ParsedDataItem(IDX__SCI0AID, raw=2415085345, derived=2415085345, unit=None), 'IDX__SCI0TYPE': ParsedDataItem(IDX__SCI0TYPE, raw=1, derived=1, unit=None), 'IDX__SCI0CONT': ParsedDataItem(IDX__SCI0CONT, raw=127, derived=127, unit=None), 'IDX__SCI0SPARE1': ParsedDataItem(IDX__SCI0SPARE1, raw=0, derived=0, unit=None), 'IDX__SCI0PACK': ParsedDataItem(IDX__SCI0PACK, raw=1, derived=EN, unit=None), 'IDX__SCI0FRAG': ParsedDataItem(IDX__SCI0FRAG, raw=0, derived=DS, unit=None), 'IDX__SCI0COMP': ParsedDataItem(IDX__SCI0COMP, raw=0, derived=DS, unit=None), 'IDX__SCI0EVTNUM': ParsedDataItem(IDX__SCI0EVTNUM, raw=105, derived=105, unit=None), 'IDX__SCI0CAT': ParsedDataItem(IDX__SCI0CAT, raw=32, derived=32, unit=None), 'IDX__SCI0QUAL': ParsedDataItem(IDX__SCI0QUAL, raw=5, derived=5, unit=None), 'IDX__SCI0FRAGOFF': ParsedDataItem(IDX__SCI0FRAGOFF, raw=0, derived=0, unit=None), 'IDX__SCI0VER': ParsedDataItem(IDX__SCI0VER, raw=9, derived=9, unit=None), 'IDX__SCI0TIME32': ParsedDataItem(IDX__SCI0TIME32, raw=440198866, derived=440198866, unit=None), 'IDX__SCI0SPARE2': ParsedDataItem(IDX__SCI0SPARE2, raw=0, derived=0, unit=None), 'IDX__SCI0SPARE3': ParsedDataItem(IDX__SCI0SPARE3, raw=0, derived=0, unit=None), 'IDX__SCI0SPARE4': ParsedDataItem(IDX__SCI0SPARE4, raw=0, derived=0, unit=None), 'IDX__TXHDRSCIEVTLEN': ParsedDataItem(IDX__TXHDRSCIEVTLEN, raw=8320, derived=8320, unit=None), 'IDX__TXHDRSP00': ParsedDataItem(IDX__TXHDRSP00, raw=0, derived=0, unit=None), 'IDX__TXHDRTIMESEC1': ParsedDataItem(IDX__TXHDRTIMESEC1, raw=6716, derived=6716, unit=None), 'IDX__TXHDRTIMESEC2': ParsedDataItem(IDX__TXHDRTIMESEC2, raw=59090, derived=59090, unit=None), 'IDX__TXHDRTIMESUBS': ParsedDataItem(IDX__TXHDRTIMESUBS, raw=7242, derived=7242, unit=None), 'IDX__TXHDRSP01': ParsedDataItem(IDX__TXHDRSP01, raw=0, derived=0, unit=None), 'IDX__TXHDRTRIGOFFSET': ParsedDataItem(IDX__TXHDRTRIGOFFSET, raw=2, derived=2, unit=None), 'IDX__TXHDRSP02': ParsedDataItem(IDX__TXHDRSP02, raw=0, derived=0, unit=None), 'IDX__TXHDRTRIGID': ParsedDataItem(IDX__TXHDRTRIGID, raw=1, derived=1, unit=None), 'IDX__TXHDREVTNUM': ParsedDataItem(IDX__TXHDREVTNUM, raw=105, derived=105, unit=None), 'IDX__TXHDRBLOCKS': ParsedDataItem(IDX__TXHDRBLOCKS, raw=243679, derived=243679, unit=None), 'IDX__TXHDRHGTRIGCTRL1': ParsedDataItem(IDX__TXHDRHGTRIGCTRL1, raw=2264924160, derived=2264924160, unit=None), 'IDX__TXHDRHGTRIGCTRL2': ParsedDataItem(IDX__TXHDRHGTRIGCTRL2, raw=0, derived=0, unit=None), 'IDX__TXHDRLGTRIGCTRL1': ParsedDataItem(IDX__TXHDRLGTRIGCTRL1, raw=4294965248, derived=4294965248, unit=None), 'IDX__TXHDRLGTRIGCTRL2': ParsedDataItem(IDX__TXHDRLGTRIGCTRL2, raw=4278255360, derived=4278255360, unit=None), 'IDX__TXHDRMGTRIGCTRL1': ParsedDataItem(IDX__TXHDRMGTRIGCTRL1, raw=4294965248, derived=4294965248, unit=None), 'IDX__TXHDRMGTRIGCTRL2': ParsedDataItem(IDX__TXHDRMGTRIGCTRL2, raw=4278255360, derived=4278255360, unit=None), 'IDX__TXHDRSP03': ParsedDataItem(IDX__TXHDRSP03, raw=0, derived=0, unit=None), 'IDX__TXHDRLSADC': ParsedDataItem(IDX__TXHDRLSADC, raw=1048320, derived=1048320, unit=None), 'IDX__TXHDRPOLSTAT': ParsedDataItem(IDX__TXHDRPOLSTAT, raw=1, derived=NEG, unit=None), 'IDX__TXHDRSP04': ParsedDataItem(IDX__TXHDRSP04, raw=0, derived=0, unit=None), 'IDX__TXHDRPOLCTRL': ParsedDataItem(IDX__TXHDRPOLCTRL, raw=0, derived=POS, unit=None), 'IDX__TXHDRCOINENA': ParsedDataItem(IDX__TXHDRCOINENA, raw=0, derived=DIS, unit=None), 'IDX__TXHDRLSTRIGMODE': ParsedDataItem(IDX__TXHDRLSTRIGMODE, raw=0, derived=DIS, unit=None), 'IDX__TXHDRMGTRIGMODE': ParsedDataItem(IDX__TXHDRMGTRIGMODE, raw=0, derived=0, unit=None), 'IDX__TXHDRLGTRIGMODE': ParsedDataItem(IDX__TXHDRLGTRIGMODE, raw=0, derived=0, unit=None), 'IDX__TXHDRHGTRIGMODE': ParsedDataItem(IDX__TXHDRHGTRIGMODE, raw=1, derived=1, unit=None), 'IDX__TXHDRSP05': ParsedDataItem(IDX__TXHDRSP05, raw=0, derived=0, unit=None), 'IDX__TXHDRSP06': ParsedDataItem(IDX__TXHDRSP06, raw=0, derived=0, unit=None), 'IDX__TXHDRSP07': ParsedDataItem(IDX__TXHDRSP07, raw=2018, derived=2018, unit=None), 'IDX__TXHDRSP08': ParsedDataItem(IDX__TXHDRSP08, raw=0, derived=0, unit=None), 'IDX__TXHDRTOFMAX': ParsedDataItem(IDX__TXHDRTOFMAX, raw=541596193, derived=541596193, unit=None), 'IDX__TXHDRTOFMIN': ParsedDataItem(IDX__TXHDRTOFMIN, raw=535295475, derived=535295475, unit=None), 'IDX__TXHDRLS0MAXMIN': ParsedDataItem(IDX__TXHDRLS0MAXMIN, raw=9516858, derived=9516858, unit=None), 'IDX__TXHDRLS1MAXMIN': ParsedDataItem(IDX__TXHDRLS1MAXMIN, raw=8452074, derived=8452074, unit=None), 'IDX__TXHDRLS2MAXMIN': ParsedDataItem(IDX__TXHDRLS2MAXMIN, raw=8390624, derived=8390624, unit=None), 'IDX__TXHDRFIFODELAY': ParsedDataItem(IDX__TXHDRFIFODELAY, raw=18, derived=18, unit=None), 'IDX__TXHDRSAMPDELAY': ParsedDataItem(IDX__TXHDRSAMPDELAY, raw=15744050, derived=15744050, unit=None), 'IDX__TXHDRTRANSCNT': ParsedDataItem(IDX__TXHDRTRANSCNT, raw=2, derived=2, unit=None), 'IDX__TXHDRPROCHKCH01': ParsedDataItem(IDX__TXHDRPROCHKCH01, raw=83624764, derived=83624764, unit=None), 'IDX__TXHDRPROCHKCH23': ParsedDataItem(IDX__TXHDRPROCHKCH23, raw=107480306, derived=107480306, unit=None), 'IDX__TXHDRPROCHKCH45': ParsedDataItem(IDX__TXHDRPROCHKCH45, raw=169149658, derived=169149658, unit=None), 'IDX__TXHDRPROCHKCH67': ParsedDataItem(IDX__TXHDRPROCHKCH67, raw=133695768, derived=133695768, unit=None), 'IDX__TXHDRHVPSHKCH01': ParsedDataItem(IDX__TXHDRHVPSHKCH01, raw=131860073, derived=131860073, unit=None), 'IDX__TXHDRHVPSHKCH23': ParsedDataItem(IDX__TXHDRHVPSHKCH23, raw=8849070, derived=8849070, unit=None), 'IDX__TXHDRHVPSHKCH45': ParsedDataItem(IDX__TXHDRHVPSHKCH45, raw=153225178, derived=153225178, unit=None), 'IDX__TXHDRHVPSHKCH67': ParsedDataItem(IDX__TXHDRHVPSHKCH67, raw=19991183, derived=19991183, unit=None), 'IDX__TXHDRLVHK0CH01': ParsedDataItem(IDX__TXHDRLVHK0CH01, raw=134219776, derived=134219776, unit=None), 'IDX__TXHDRLVHK0CH23': ParsedDataItem(IDX__TXHDRLVHK0CH23, raw=171838394, derived=171838394, unit=None), 'IDX__TXHDRLVHK0CH45': ParsedDataItem(IDX__TXHDRLVHK0CH45, raw=134745193, derived=134745193, unit=None), 'IDX__TXHDRLVHK0CH67': ParsedDataItem(IDX__TXHDRLVHK0CH67, raw=205655123, derived=205655123, unit=None), 'IDX__TXHDRLVHK1CH01': ParsedDataItem(IDX__TXHDRLVHK1CH01, raw=34735755, derived=34735755, unit=None), 'IDX__TXHDRLVHK1CH23': ParsedDataItem(IDX__TXHDRLVHK1CH23, raw=77530617, derived=77530617, unit=None), 'IDX__TXHDRLVHK1CH45': ParsedDataItem(IDX__TXHDRLVHK1CH45, raw=226953119, derived=226953119, unit=None), 'IDX__TXHDRLVHK1CH67': ParsedDataItem(IDX__TXHDRLVHK1CH67, raw=192872901, derived=192872901, unit=None), 'IDX__TXHDRLVHK2CH01': ParsedDataItem(IDX__TXHDRLVHK2CH01, raw=80807123, derived=80807123, unit=None), 'IDX__TXHDRLVHK2CH23': ParsedDataItem(IDX__TXHDRLVHK2CH23, raw=192744081, derived=192744081, unit=None), 'IDX__TXHDRLVHK2CH45': ParsedDataItem(IDX__TXHDRLVHK2CH45, raw=101059663, derived=101059663, unit=None), 'IDX__TXHDRLVHK2CH67': ParsedDataItem(IDX__TXHDRLVHK2CH67, raw=69017, derived=69017, unit=None), 'IDX__TXHDRSP09': ParsedDataItem(IDX__TXHDRSP09, raw=0, derived=0, unit=None), 'IDX__TXHDRSP10': ParsedDataItem(IDX__TXHDRSP10, raw=0, derived=0, unit=None), 'IDX__TXHDRFSWAIDCOPY': ParsedDataItem(IDX__TXHDRFSWAIDCOPY, raw=2415085345, derived=2415085345, unit=None), 'IDX__TXHDRFSWBINCOPY': ParsedDataItem(IDX__TXHDRFSWBINCOPY, raw=0, derived=0, unit=None), 'IDX__TXHDRFSWMAJOR': ParsedDataItem(IDX__TXHDRFSWMAJOR, raw=2, derived=2, unit=None), 'IDX__TXHDRFSWMINOR': ParsedDataItem(IDX__TXHDRFSWMINOR, raw=0, derived=0, unit=None), 'IDX__TXHDRFSWPATCH': ParsedDataItem(IDX__TXHDRFSWPATCH, raw=0, derived=0, unit=None), 'IDX__TXHDRFSWHVSTAT': ParsedDataItem(IDX__TXHDRFSWHVSTAT, raw=3, derived=3, unit=None), 'IDX__TXHDRFSWMEM0': ParsedDataItem(IDX__TXHDRFSWMEM0, raw=0, derived=0, unit=None), 'IDX__TXHDRFSWMEM1': ParsedDataItem(IDX__TXHDRFSWMEM1, raw=0, derived=0, unit=None), 'IDX__TXHDRFSWPT0': ParsedDataItem(IDX__TXHDRFSWPT0, raw=0, derived=0, unit=None), 'IDX__TXHDRFSWPT1': ParsedDataItem(IDX__TXHDRFSWPT1, raw=0, derived=0, unit=None), 'IDX__TXHDRFSWPT2': ParsedDataItem(IDX__TXHDRFSWPT2, raw=0, derived=0, unit=None), 'IDX__TXHDRFSWPT3': ParsedDataItem(IDX__TXHDRFSWPT3, raw=0, derived=0, unit=None), 'IDX__TXHDRFSWPT4': ParsedDataItem(IDX__TXHDRFSWPT4, raw=0, derived=0, unit=None), 'IDX__TXHDRFSWPT5': ParsedDataItem(IDX__TXHDRFSWPT5, raw=0, derived=0, unit=None), 'IDX__TXHDRFSWPT6': ParsedDataItem(IDX__TXHDRFSWPT6, raw=0, derived=0, unit=None), 'IDX__TXHDRFSWPT7': ParsedDataItem(IDX__TXHDRFSWPT7, raw=0, derived=0, unit=None), 'IDX__TXHDRFSWPT8': ParsedDataItem(IDX__TXHDRFSWPT8, raw=0, derived=0, unit=None), 'IDX__TXHDRFSWPT9': ParsedDataItem(IDX__TXHDRFSWPT9, raw=0, derived=0, unit=None), 'IDX__TXHDRFPGAVER': ParsedDataItem(IDX__TXHDRFPGAVER, raw=539165480, derived=539165480, unit=None), 'IDX__SYNCSCI0PKT': ParsedDataItem(IDX__SYNCSCI0PKT, raw=13107, derived=13107, unit=None), 'IDX__CRCSCI0PKT': ParsedDataItem(IDX__CRCSCI0PKT, raw=64101, derived=64101, unit=None)}
SHCOARSE = 440202666
SHFINE = 8721
IDX__SCI0AID = 2415085345
IDX__SCI0TYPE = 1
IDX__SCI0CONT = 127
IDX__SCI0SPARE1 = 0
IDX__SCI0PACK = EN
IDX__SCI0FRAG = DS
IDX__SCI0COMP = DS
IDX__SCI0EVTNUM = 105
IDX__SCI0CAT = 32
IDX__SCI0QUAL = 5
IDX__SCI0FRAGOFF = 0
IDX__SCI0VER = 9
IDX__SCI0TIME32 = 440198866
IDX__SCI0SPARE2 = 0
IDX__SCI0SPARE3 = 0
IDX__SCI0SPARE4 = 0
IDX__TXHDRSCIEVTLEN = 8320
IDX__TXHDRSP00 = 0
IDX__TXHDRTIMESEC1 = 6716
IDX__TXHDRTIMESEC2 = 59090
IDX__TXHDRTIMESUBS = 7242
IDX__TXHDRSP01 = 0
IDX__TXHDRTRIGOFFSET = 2
IDX__TXHDRSP02 = 0
IDX__TXHDRTRIGID = 1
IDX__TXHDREVTNUM = 105
IDX__TXHDRBLOCKS = 243679
IDX__TXHDRHGTRIGCTRL1 = 2264924160
IDX__TXHDRHGTRIGCTRL2 = 0
IDX__TXHDRLGTRIGCTRL1 = 4294965248
IDX__TXHDRLGTRIGCTRL2 = 4278255360
IDX__TXHDRMGTRIGCTRL1 = 4294965248
IDX__TXHDRMGTRIGCTRL2 = 4278255360
IDX__TXHDRSP03 = 0
IDX__TXHDRLSADC = 1048320
IDX__TXHDRPOLSTAT = NEG
IDX__TXHDRSP04 = 0
IDX__TXHDRPOLCTRL = POS
IDX__TXHDRCOINENA = DIS
IDX__TXHDRLSTRIGMODE = DIS
IDX__TXHDRMGTRIGMODE = 0
IDX__TXHDRLGTRIGMODE = 0
IDX__TXHDRHGTRIGMODE = 1
IDX__TXHDRSP05 = 0
IDX__TXHDRSP06 = 0
IDX__TXHDRSP07 = 2018
IDX__TXHDRSP08 = 0
IDX__TXHDRTOFMAX = 541596193
IDX__TXHDRTOFMIN = 535295475
IDX__TXHDRLS0MAXMIN = 9516858
IDX__TXHDRLS1MAXMIN = 8452074
IDX__TXHDRLS2MAXMIN = 8390624
IDX__TXHDRFIFODELAY = 18
IDX__TXHDRSAMPDELAY = 15744050
IDX__TXHDRTRANSCNT = 2
IDX__TXHDRPROCHKCH01 = 83624764
IDX__TXHDRPROCHKCH23 = 107480306
IDX__TXHDRPROCHKCH45 = 169149658
IDX__TXHDRPROCHKCH67 = 133695768
IDX__TXHDRHVPSHKCH01 = 131860073
IDX__TXHDRHVPSHKCH23 = 8849070
IDX__TXHDRHVPSHKCH45 = 153225178
IDX__TXHDRHVPSHKCH67 = 19991183
IDX__TXHDRLVHK0CH01 = 134219776
IDX__TXHDRLVHK0CH23 = 171838394
IDX__TXHDRLVHK0CH45 = 134745193
IDX__TXHDRLVHK0CH67 = 205655123
IDX__TXHDRLVHK1CH01 = 34735755
IDX__TXHDRLVHK1CH23 = 77530617
IDX__TXHDRLVHK1CH45 = 226953119
IDX__TXHDRLVHK1CH67 = 192872901
IDX__TXHDRLVHK2CH01 = 80807123
IDX__TXHDRLVHK2CH23 = 192744081
IDX__TXHDRLVHK2CH45 = 101059663
IDX__TXHDRLVHK2CH67 = 69017
IDX__TXHDRSP09 = 0
IDX__TXHDRSP10 = 0
IDX__TXHDRFSWAIDCOPY = 2415085345
IDX__TXHDRFSWBINCOPY = 0
IDX__TXHDRFSWMAJOR = 2
IDX__TXHDRFSWMINOR = 0
IDX__TXHDRFSWPATCH = 0
IDX__TXHDRFSWHVSTAT = 3
IDX__TXHDRFSWMEM0 = 0
IDX__TXHDRFSWMEM1 = 0
IDX__TXHDRFSWPT0 = 0
IDX__TXHDRFSWPT1 = 0
IDX__TXHDRFSWPT2 = 0
IDX__TXHDRFSWPT3 = 0
IDX__TXHDRFSWPT4 = 0
IDX__TXHDRFSWPT5 = 0
IDX__TXHDRFSWPT6 = 0
IDX__TXHDRFSWPT7 = 0
IDX__TXHDRFSWPT8 = 0
IDX__TXHDRFSWPT9 = 0
IDX__TXHDRFPGAVER = 539165480
IDX__SYNCSCI0PKT = 13107
IDX__CRCSCI0PKT = 64101
^*****Event header 5******^
EVTNUM: 5
SCI0TYPE: 1
TXHDRBLOCKS RAW: 243679
TXHDRBLOCKS DERIVED: 243679
-----
HS pre trig sampling blocks:  31
LS pre trig sampling blocks:  3
HS post trig sampling blocks:  31
LS post trig sampling blocks:  11
IDX__TXHDRHVPSHKCH01 = 131860073
Detector voltage =  1641
Sensor voltage =  2012
Target voltage =  1710
Reflectron voltage =  135
Rejection voltage =  2010
Current for HVPS sensor =  2338
Positive current for HVPS sensor =  2703
Negative current for HVPS sensor =  305
Voltage +3.3V reference =  2048
Voltage +3.3V operational reference =  2048
Voltage -6V bus =  3002
Voltage +6V bus =  2622
Voltage +16V bus =  3177
Voltage +3.3V bus =  2056
Voltage -5V bus =  3155
Voltage +5V bus =  3138
Current +3.3V bus =  1675
Current +16V bus =  1183
Current +6V bus =  1529
Current -6V bus =  1183
Current +5V bus =  1951
Current -5V bus =  3463
Current +2.5V bus =  453
Current -2.5V bus =  2943
Current on the 1V POL =  828
Current on the 1.9V POL =  1276
ProcBd Temperature 1 =  1266
ProcBd Temperature 2 =  1640
Voltage on 1V bus =  1242
FPGA Temperature =  2581
Voltage on 1.9V bus =  2328
Voltage on 3.3V bus =  2040
var_to_row = {'Last measurement in raw DN for Processor Board signal “1V POL Current”': 0, 'Last measurement in raw DN for Processor Board signal “1.9V POL Current”': 1, 'Last measurement in raw DN for Processor Board signal “ProcBd Temp1”': 2, nan: 48, 'Last measurement in raw DN for Processor Board signal “ProcBd Temp2”': 6, 'Last measurement in raw DN for Processor Board signal “1V Voltage”': 10, 'Last measurement in raw DN for Processor Board signal “FPGA Temp”': 11, 'Last measurement in raw DN for Processor Board signal “1.9V Voltage”': 12, 'Last measurement in raw DN for Processor Board signal “3.3V Voltage”': 13, 'Last measurement in raw DN for HVPS Board signal “Detector Voltage”': 14, 'Last measurement in raw DN for HVPS Board signal “Sensor Voltage"': 15, 'Last measurement in raw DN for HVPS Board signal “Target Voltage”': 16, 'Last measurement in raw DN for HVPS Board signal “Reflectron Voltage”': 17, 'Last measurement in raw DN for HVPS Board signal “Rejection Voltage”': 18, 'Last measurement in raw DN for HVPS Board signal “Detector Current”': 19, 'Last measurement in raw DN for HVPS Board signal “Sensor IP”': 20, 'Last measurement in raw DN for HVPS Board signal “Sensor IN”': 21, 'Last measurement in raw DN for LVPS Board signal “P3.3VREF_HK”': 22, 'Last measurement in raw DN for LVPS Board signal “P3.3VREF_OP”': 23, 'Last measurement in raw DN for LVPS Board signal “N6V”': 24, 'Last measurement in raw DN for LVPS Board signal “P6V”': 25, 'Last measurement in raw DN for LVPS Board signal “P16V”': 26, 'Last measurement in raw DN for LVPS Board signal “P3.3V”': 27, 'Last measurement in raw DN for LVPS Board signal “N5V”': 28, 'Last measurement in raw DN for LVPS Board signal “P5V”': 29, 'Last measurement in raw DN for LVPS Board signal “P3.3_IMON”': 30, 'Last measurement in raw DN for LVPS Board signal “P16V_IMON”': 31, 'Last measurement in raw DN for LVPS Board signal “P6V_IMON”': 32, 'Last measurement in raw DN for LVPS Board signal “N6V_IMON”': 33, 'Last measurement in raw DN for LVPS Board signal “P5V_IMON”': 34, 'Last measurement in raw DN for LVPS Board signal “N5V_IMON”': 35, 'Last measurement in raw DN for LVPS Board signal “P2.5V_IMON”': 36, 'Last measurement in raw DN for LVPS Board signal “N2.5V_IMON”': 37, 'Last measurement in raw DN for LVPS Board signal “THERM_DECON0”': 38, 'Last measurement in raw DN for LVPS Board signal “THERM_DECON1”': 39, 'Last measurement in raw DN for LVPS Board signal “THERM_DAB”': 40, 'Last measurement in raw DN for LVPS Board signal “THERM_LVPS”': 41, 'Last measurement in raw DN for LVPS Board signal “THERM_HVPS”': 45, 'Last measurement in raw DN for LVPS Board signal “P2.5V”': 49, 'Last measurement in raw DN for LVPS Board signal “N2.5V”': 50, 'Last measurement in raw DN for LVPS Board signal “Spare”': 51}

 
 ***** var_name being converted for each instrument setting ***** 
 

Matching row  18
coeffs for Last measurement in raw DN for Processor Board signal “1V POL Current”= [0.0 0.9029253 0.0 0.0 0.0 0.0 0.0 0.0]
var_name = Last measurement in raw DN for Processor Board signal “1V POL Current”
var_name = current_1V_pol
Header info = 828
Transformed value for current_1V_pol = 747.6221484
Matching row  18
coeffs for Last measurement in raw DN for Processor Board signal “1.9V POL Current”= [0.0 0.9029253 0.0 0.0 0.0 0.0 0.0 0.0]
var_name = Last measurement in raw DN for Processor Board signal “1.9V POL Current”
var_name = current_1.9V_pol
Header info = 1276
Transformed value for current_1.9V_pol = 1152.1326828
Matching row  18
coeffs for Last measurement in raw DN for Processor Board signal “ProcBd Temp1”= [162.8276 -0.2668687 0.0003323794 -2.43153e-07 9.034532e-11 -1.327735e-14
 0.0 0.0]
var_name = Last measurement in raw DN for Processor Board signal “ProcBd Temp1”
var_name = temperature_1
Header info = 1266
Transformed value for temperature_1 = 53.217550367589766
Matching row  18
coeffs for nan= [-104713.9 52.02446 -0.006463374 0.0 0.0 0.0 0.0 0.0]
var_name = nan
var_name = None
KeyError: (5, None) - Could not find entry for None, 48. Please check the Var_notes or variable mapping.
Matching row  18
coeffs for Last measurement in raw DN for Processor Board signal “ProcBd Temp2”= [162.8276 -0.2668687 0.0003323794 -2.43153e-07 9.034532e-11 -1.327735e-14
 0.0 0.0]
var_name = Last measurement in raw DN for Processor Board signal “ProcBd Temp2”
var_name = temperature_2
Header info = 1640
Transformed value for temperature_2 = 42.63149615904277
Matching row  18
coeffs for Last measurement in raw DN for Processor Board signal “1V Voltage”= [0.0 0.000805861 0.0 0.0 0.0 0.0 0.0 0.0]
var_name = Last measurement in raw DN for Processor Board signal “1V Voltage”
var_name = voltage_1V_bus
Header info = 1242
Transformed value for voltage_1V_bus = 1.0008793619999998
Matching row  18
coeffs for Last measurement in raw DN for Processor Board signal “FPGA Temp”= [358.31 -0.1187104 0.0 0.0 0.0 0.0 0.0 0.0]
var_name = Last measurement in raw DN for Processor Board signal “FPGA Temp”
var_name = fpga_temperature
Header info = 2581
Transformed value for fpga_temperature = 51.91845760000001
Matching row  18
coeffs for Last measurement in raw DN for Processor Board signal “1.9V Voltage”= [0.0 0.000805861 0.0 0.0 0.0 0.0 0.0 0.0]
var_name = Last measurement in raw DN for Processor Board signal “1.9V Voltage”
var_name = voltage_1.9V_bus
Header info = 2328
Transformed value for voltage_1.9V_bus = 1.8760444079999998
Matching row  18
coeffs for Last measurement in raw DN for Processor Board signal “3.3V Voltage”= [0.0 0.001611722 0.0 0.0 0.0 0.0 0.0 0.0]
var_name = Last measurement in raw DN for Processor Board signal “3.3V Voltage”
var_name = voltage_3.3V_bus
Header info = 2040
Transformed value for voltage_3.3V_bus = 3.28791288
Matching row  18
coeffs for Last measurement in raw DN for HVPS Board signal “Detector Voltage”= [0.0 1.4652 0.0 0.0 0.0 0.0 0.0 0.0]
var_name = Last measurement in raw DN for HVPS Board signal “Detector Voltage”
var_name = detector_voltage
Header info = 1641
Transformed value for detector_voltage = 2404.3932
Matching row  18
coeffs for Last measurement in raw DN for HVPS Board signal “Sensor Voltage"= [0.0 1.4652 0.0 0.0 0.0 0.0 0.0 0.0]
var_name = Last measurement in raw DN for HVPS Board signal “Sensor Voltage"
var_name = sensor_voltage
Header info = 2012
Transformed value for sensor_voltage = 2947.9824000000003
Matching row  18
coeffs for Last measurement in raw DN for HVPS Board signal “Target Voltage”= [0.0 1.4652 0.0 0.0 0.0 0.0 0.0 0.0]
var_name = Last measurement in raw DN for HVPS Board signal “Target Voltage”
var_name = target_voltage
Header info = 1710
Transformed value for target_voltage = 2505.492
Matching row  18
coeffs for Last measurement in raw DN for HVPS Board signal “Reflectron Voltage”= [0.0 1.4652 0.0 0.0 0.0 0.0 0.0 0.0]
var_name = Last measurement in raw DN for HVPS Board signal “Reflectron Voltage”
var_name = reflectron_voltage
Header info = 135
Transformed value for reflectron_voltage = 197.80200000000002
Matching row  18
coeffs for Last measurement in raw DN for HVPS Board signal “Rejection Voltage”= [0.0 1.4652 0.0 0.0 0.0 0.0 0.0 0.0]
var_name = Last measurement in raw DN for HVPS Board signal “Rejection Voltage”
var_name = rejection_voltage
Header info = 2010
Transformed value for rejection_voltage = 2945.052
Matching row  18
coeffs for Last measurement in raw DN for HVPS Board signal “Detector Current”= [0.0 7.326e-06 0.0 0.0 0.0 0.0 0.0 0.0]
var_name = Last measurement in raw DN for HVPS Board signal “Detector Current”
var_name = current_hvps_sensor
Header info = 2338
Transformed value for current_hvps_sensor = 0.017128188
Matching row  18
coeffs for Last measurement in raw DN for HVPS Board signal “Sensor IP”= [0.0 2.4339e-05 0.0 0.0 0.0 0.0 0.0 0.0]
var_name = Last measurement in raw DN for HVPS Board signal “Sensor IP”
var_name = positive_current_hvps
Header info = 2703
Transformed value for positive_current_hvps = 0.065788317
Matching row  18
coeffs for Last measurement in raw DN for HVPS Board signal “Sensor IN”= [0.0 2.4339e-05 0.0 0.0 0.0 0.0 0.0 0.0]
var_name = Last measurement in raw DN for HVPS Board signal “Sensor IN”
var_name = negative_current_hvps
Header info = 305
Transformed value for negative_current_hvps = 0.007423394999999999
Matching row  18
coeffs for Last measurement in raw DN for LVPS Board signal “P3.3VREF_HK”= [0.0 0.00161172 0.0 0.0 0.0 0.0 0.0 0.0]
var_name = Last measurement in raw DN for LVPS Board signal “P3.3VREF_HK”
var_name = voltage_3V3_ref
Header info = 2048
Transformed value for voltage_3V3_ref = 3.30080256
Matching row  18
coeffs for Last measurement in raw DN for LVPS Board signal “P3.3VREF_OP”= [0.0 0.00161172 0.0 0.0 0.0 0.0 0.0 0.0]
var_name = Last measurement in raw DN for LVPS Board signal “P3.3VREF_OP”
var_name = voltage_3V3_op_ref
Header info = 2048
Transformed value for voltage_3V3_op_ref = 3.30080256
Matching row  18
coeffs for Last measurement in raw DN for LVPS Board signal “N6V”= [-33.0 0.00886447 0.0 0.0 0.0 0.0 0.0 0.0]
var_name = Last measurement in raw DN for LVPS Board signal “N6V”
var_name = voltage_neg6V_bus
Header info = 3002
Transformed value for voltage_neg6V_bus = -6.3888610600000035
Matching row  18
coeffs for Last measurement in raw DN for LVPS Board signal “P6V”= [0.0 0.00241758 0.0 0.0 0.0 0.0 0.0 0.0]
var_name = Last measurement in raw DN for LVPS Board signal “P6V”
var_name = voltage_pos6V_bus
Header info = 2622
Transformed value for voltage_pos6V_bus = 6.33889476
Matching row  18
coeffs for Last measurement in raw DN for LVPS Board signal “P16V”= [0.0 0.00482711 0.0 0.0 0.0 0.0 0.0 0.0]
var_name = Last measurement in raw DN for LVPS Board signal “P16V”
var_name = voltage_pos16V_bus
Header info = 3177
Transformed value for voltage_pos16V_bus = 15.33572847
Matching row  18
coeffs for Last measurement in raw DN for LVPS Board signal “P3.3V”= [0.0 0.00161172 0.0 0.0 0.0 0.0 0.0 0.0]
var_name = Last measurement in raw DN for LVPS Board signal “P3.3V”
var_name = voltage_pos3V3_bus
Header info = 2056
Transformed value for voltage_pos3V3_bus = 3.31369632
Matching row  18
coeffs for Last measurement in raw DN for LVPS Board signal “N5V”= [-33.0 0.00886447 0.0 0.0 0.0 0.0 0.0 0.0]
var_name = Last measurement in raw DN for LVPS Board signal “N5V”
var_name = voltage_neg5V_bus
Header info = 3155
Transformed value for voltage_neg5V_bus = -5.032597150000001
Matching row  18
coeffs for Last measurement in raw DN for LVPS Board signal “P5V”= [0.0 0.00161172 0.0 0.0 0.0 0.0 0.0 0.0]
var_name = Last measurement in raw DN for LVPS Board signal “P5V”
var_name = voltage_pos5V_bus
Header info = 3138
Transformed value for voltage_pos5V_bus = 5.057577360000001
Matching row  18
coeffs for Last measurement in raw DN for LVPS Board signal “P3.3_IMON”= [0.0 0.00161172 0.0 0.0 0.0 0.0 0.0 0.0]
var_name = Last measurement in raw DN for LVPS Board signal “P3.3_IMON”
var_name = current_3V3_bus
Header info = 1675
Transformed value for current_3V3_bus = 2.699631
Matching row  18
coeffs for Last measurement in raw DN for LVPS Board signal “P16V_IMON”= [0.0 0.000161172 0.0 0.0 0.0 0.0 0.0 0.0]
var_name = Last measurement in raw DN for LVPS Board signal “P16V_IMON”
var_name = current_16V_bus
Header info = 1183
Transformed value for current_16V_bus = 0.190666476
Matching row  18
coeffs for Last measurement in raw DN for LVPS Board signal “P6V_IMON”= [0.0 8.05861e-05 0.0 0.0 0.0 0.0 0.0 0.0]
var_name = Last measurement in raw DN for LVPS Board signal “P6V_IMON”
var_name = current_6V_bus
Header info = 1529
Transformed value for current_6V_bus = 0.12321614689999999
Matching row  18
coeffs for Last measurement in raw DN for LVPS Board signal “N6V_IMON”= [0.0 -8.05861e-05 0.0 0.0 0.0 0.0 0.0 0.0]
var_name = Last measurement in raw DN for LVPS Board signal “N6V_IMON”
var_name = current_neg6V_bus
Header info = 1183
Transformed value for current_neg6V_bus = -0.09533335629999999
Matching row  18
coeffs for Last measurement in raw DN for LVPS Board signal “P5V_IMON”= [0.0 4.029304e-05 0.0 0.0 0.0 0.0 0.0 0.0]
var_name = Last measurement in raw DN for LVPS Board signal “P5V_IMON”
var_name = current_5V_bus
Header info = 1951
Transformed value for current_5V_bus = 0.07861172104
Matching row  18
coeffs for Last measurement in raw DN for LVPS Board signal “N5V_IMON”= [0.0 -2.01465e-05 0.0 0.0 0.0 0.0 0.0 0.0]
var_name = Last measurement in raw DN for LVPS Board signal “N5V_IMON”
var_name = current_neg5V_bus
Header info = 3463
Transformed value for current_neg5V_bus = -0.0697673295
Matching row  18
coeffs for Last measurement in raw DN for LVPS Board signal “P2.5V_IMON”= [0.0 0.00161172 0.0 0.0 0.0 0.0 0.0 0.0]
var_name = Last measurement in raw DN for LVPS Board signal “P2.5V_IMON”
var_name = current_2V5_bus
Header info = 453
Transformed value for current_2V5_bus = 0.73010916
Matching row  18
coeffs for Last measurement in raw DN for LVPS Board signal “N2.5V_IMON”= [0.0 -4.0293e-05 0.0 0.0 0.0 0.0 0.0 0.0]
var_name = Last measurement in raw DN for LVPS Board signal “N2.5V_IMON”
var_name = current_neg2V5_bus
Header info = 2943
Transformed value for current_neg2V5_bus = -0.118582299
Matching row  18
coeffs for Last measurement in raw DN for LVPS Board signal “THERM_DECON0”= [-110.293 0.0665351 0.000305738 -6.32048e-07 5.9934e-10 -2.98784e-13
 7.61361e-17 -7.76467e-21]
var_name = Last measurement in raw DN for LVPS Board signal “THERM_DECON0”
var_name = None
KeyError: (5, None) - Could not find entry for None, 38. Please check the Var_notes or variable mapping.
Matching row  18
coeffs for Last measurement in raw DN for LVPS Board signal “THERM_DECON1”= [-150.478 0.376986 -0.00062072 7.73853e-07 -5.81588e-10 2.56368e-13
 -6.05698e-17 5.96635e-21]
var_name = Last measurement in raw DN for LVPS Board signal “THERM_DECON1”
var_name = None
KeyError: (5, None) - Could not find entry for None, 39. Please check the Var_notes or variable mapping.
Matching row  18
coeffs for Last measurement in raw DN for LVPS Board signal “THERM_DAB”= [-443.248 1.31224 -0.00180422 1.40016e-06 -6.43766e-10 1.7448e-13
 -2.57695e-17 1.60239e-21]
var_name = Last measurement in raw DN for LVPS Board signal “THERM_DAB”
var_name = None
KeyError: (5, None) - Could not find entry for None, 40. Please check the Var_notes or variable mapping.
Matching row  18
coeffs for Last measurement in raw DN for LVPS Board signal “THERM_LVPS”= [200.4137 -0.2020699 0.000175403 -9.739547e-08 2.888932e-11 -3.545603e-15
 0.0 0.0]
var_name = Last measurement in raw DN for LVPS Board signal “THERM_LVPS”
var_name = None
KeyError: (5, None) - Could not find entry for None, 41. Please check the Var_notes or variable mapping.
Matching row  18
coeffs for Last measurement in raw DN for LVPS Board signal “THERM_HVPS”= [200.4137 -0.2020699 0.000175403 -9.739547e-08 2.888932e-11 -3.545603e-15
 0.0 0.0]
var_name = Last measurement in raw DN for LVPS Board signal “THERM_HVPS”
var_name = None
KeyError: (5, None) - Could not find entry for None, 45. Please check the Var_notes or variable mapping.
Matching row  18
coeffs for Last measurement in raw DN for LVPS Board signal “P2.5V”= [0.0 0.00161172 0.0 0.0 0.0 0.0 0.0 0.0]
var_name = Last measurement in raw DN for LVPS Board signal “P2.5V”
var_name = None
KeyError: (5, None) - Could not find entry for None, 49. Please check the Var_notes or variable mapping.
Matching row  18
coeffs for Last measurement in raw DN for LVPS Board signal “N2.5V”= [-33.0 0.00886447 0.0 0.0 0.0 0.0 0.0 0.0]
var_name = Last measurement in raw DN for LVPS Board signal “N2.5V”
var_name = None
KeyError: (5, None) - Could not find entry for None, 50. Please check the Var_notes or variable mapping.
Matching row  18
coeffs for Last measurement in raw DN for LVPS Board signal “Spare”= [0.0 0.00161172 0.0 0.0 0.0 0.0 0.0 0.0]
var_name = Last measurement in raw DN for LVPS Board signal “Spare”
var_name = spare_signal
KeyError: (5, 'spare_signal') - Could not find entry for spare_signal, 51. Please check the Var_notes or variable mapping.
High gain delay = 50 samples.
Mid gain delay = 15 samples.
Low gain delay = 15 samples.
High sampling trigger mode =  0 0 1
High gain trigger mode enabled.
For 2264924160, HG Trigger level = 0.15605999999999998, sample settings = 0, 0
Threshold trigger mode enabled for high gain channel.
AID = 2415085345
Event number = 105
Rice compression enabled = False
Timestamp = 440198866.14484 seconds since epoch (Midnight January 1st, 2010)
Trigger time = 2023-12-13T21:27:46.144840Z
5
5
5
5
5
5
5
5
5
5
5
5
5
{'SHCOARSE': ParsedDataItem(SHCOARSE, raw=440202681, derived=440202681, unit=dn), 'SHFINE': ParsedDataItem(SHFINE, raw=8731, derived=8731, unit=dn), 'IDX__SCI0AID': ParsedDataItem(IDX__SCI0AID, raw=2415085345, derived=2415085345, unit=None), 'IDX__SCI0TYPE': ParsedDataItem(IDX__SCI0TYPE, raw=1, derived=1, unit=None), 'IDX__SCI0CONT': ParsedDataItem(IDX__SCI0CONT, raw=127, derived=127, unit=None), 'IDX__SCI0SPARE1': ParsedDataItem(IDX__SCI0SPARE1, raw=0, derived=0, unit=None), 'IDX__SCI0PACK': ParsedDataItem(IDX__SCI0PACK, raw=1, derived=EN, unit=None), 'IDX__SCI0FRAG': ParsedDataItem(IDX__SCI0FRAG, raw=0, derived=DS, unit=None), 'IDX__SCI0COMP': ParsedDataItem(IDX__SCI0COMP, raw=0, derived=DS, unit=None), 'IDX__SCI0EVTNUM': ParsedDataItem(IDX__SCI0EVTNUM, raw=106, derived=106, unit=None), 'IDX__SCI0CAT': ParsedDataItem(IDX__SCI0CAT, raw=32, derived=32, unit=None), 'IDX__SCI0QUAL': ParsedDataItem(IDX__SCI0QUAL, raw=5, derived=5, unit=None), 'IDX__SCI0FRAGOFF': ParsedDataItem(IDX__SCI0FRAGOFF, raw=0, derived=0, unit=None), 'IDX__SCI0VER': ParsedDataItem(IDX__SCI0VER, raw=9, derived=9, unit=None), 'IDX__SCI0TIME32': ParsedDataItem(IDX__SCI0TIME32, raw=440198886, derived=440198886, unit=None), 'IDX__SCI0SPARE2': ParsedDataItem(IDX__SCI0SPARE2, raw=0, derived=0, unit=None), 'IDX__SCI0SPARE3': ParsedDataItem(IDX__SCI0SPARE3, raw=0, derived=0, unit=None), 'IDX__SCI0SPARE4': ParsedDataItem(IDX__SCI0SPARE4, raw=0, derived=0, unit=None), 'IDX__TXHDRSCIEVTLEN': ParsedDataItem(IDX__TXHDRSCIEVTLEN, raw=8320, derived=8320, unit=None), 'IDX__TXHDRSP00': ParsedDataItem(IDX__TXHDRSP00, raw=0, derived=0, unit=None), 'IDX__TXHDRTIMESEC1': ParsedDataItem(IDX__TXHDRTIMESEC1, raw=6716, derived=6716, unit=None), 'IDX__TXHDRTIMESEC2': ParsedDataItem(IDX__TXHDRTIMESEC2, raw=59110, derived=59110, unit=None), 'IDX__TXHDRTIMESUBS': ParsedDataItem(IDX__TXHDRTIMESUBS, raw=33956, derived=33956, unit=None), 'IDX__TXHDRSP01': ParsedDataItem(IDX__TXHDRSP01, raw=0, derived=0, unit=None), 'IDX__TXHDRTRIGOFFSET': ParsedDataItem(IDX__TXHDRTRIGOFFSET, raw=0, derived=0, unit=None), 'IDX__TXHDRSP02': ParsedDataItem(IDX__TXHDRSP02, raw=0, derived=0, unit=None), 'IDX__TXHDRTRIGID': ParsedDataItem(IDX__TXHDRTRIGID, raw=1, derived=1, unit=None), 'IDX__TXHDREVTNUM': ParsedDataItem(IDX__TXHDREVTNUM, raw=106, derived=106, unit=None), 'IDX__TXHDRBLOCKS': ParsedDataItem(IDX__TXHDRBLOCKS, raw=243679, derived=243679, unit=None), 'IDX__TXHDRHGTRIGCTRL1': ParsedDataItem(IDX__TXHDRHGTRIGCTRL1, raw=2264924160, derived=2264924160, unit=None), 'IDX__TXHDRHGTRIGCTRL2': ParsedDataItem(IDX__TXHDRHGTRIGCTRL2, raw=0, derived=0, unit=None), 'IDX__TXHDRLGTRIGCTRL1': ParsedDataItem(IDX__TXHDRLGTRIGCTRL1, raw=4294965248, derived=4294965248, unit=None), 'IDX__TXHDRLGTRIGCTRL2': ParsedDataItem(IDX__TXHDRLGTRIGCTRL2, raw=4278255360, derived=4278255360, unit=None), 'IDX__TXHDRMGTRIGCTRL1': ParsedDataItem(IDX__TXHDRMGTRIGCTRL1, raw=4294965248, derived=4294965248, unit=None), 'IDX__TXHDRMGTRIGCTRL2': ParsedDataItem(IDX__TXHDRMGTRIGCTRL2, raw=4278255360, derived=4278255360, unit=None), 'IDX__TXHDRSP03': ParsedDataItem(IDX__TXHDRSP03, raw=0, derived=0, unit=None), 'IDX__TXHDRLSADC': ParsedDataItem(IDX__TXHDRLSADC, raw=1048320, derived=1048320, unit=None), 'IDX__TXHDRPOLSTAT': ParsedDataItem(IDX__TXHDRPOLSTAT, raw=1, derived=NEG, unit=None), 'IDX__TXHDRSP04': ParsedDataItem(IDX__TXHDRSP04, raw=0, derived=0, unit=None), 'IDX__TXHDRPOLCTRL': ParsedDataItem(IDX__TXHDRPOLCTRL, raw=0, derived=POS, unit=None), 'IDX__TXHDRCOINENA': ParsedDataItem(IDX__TXHDRCOINENA, raw=0, derived=DIS, unit=None), 'IDX__TXHDRLSTRIGMODE': ParsedDataItem(IDX__TXHDRLSTRIGMODE, raw=0, derived=DIS, unit=None), 'IDX__TXHDRMGTRIGMODE': ParsedDataItem(IDX__TXHDRMGTRIGMODE, raw=0, derived=0, unit=None), 'IDX__TXHDRLGTRIGMODE': ParsedDataItem(IDX__TXHDRLGTRIGMODE, raw=0, derived=0, unit=None), 'IDX__TXHDRHGTRIGMODE': ParsedDataItem(IDX__TXHDRHGTRIGMODE, raw=1, derived=1, unit=None), 'IDX__TXHDRSP05': ParsedDataItem(IDX__TXHDRSP05, raw=0, derived=0, unit=None), 'IDX__TXHDRSP06': ParsedDataItem(IDX__TXHDRSP06, raw=0, derived=0, unit=None), 'IDX__TXHDRSP07': ParsedDataItem(IDX__TXHDRSP07, raw=2018, derived=2018, unit=None), 'IDX__TXHDRSP08': ParsedDataItem(IDX__TXHDRSP08, raw=0, derived=0, unit=None), 'IDX__TXHDRTOFMAX': ParsedDataItem(IDX__TXHDRTOFMAX, raw=564665343, derived=564665343, unit=None), 'IDX__TXHDRTOFMIN': ParsedDataItem(IDX__TXHDRTOFMIN, raw=535295475, derived=535295475, unit=None), 'IDX__TXHDRLS0MAXMIN': ParsedDataItem(IDX__TXHDRLS0MAXMIN, raw=9242477, derived=9242477, unit=None), 'IDX__TXHDRLS1MAXMIN': ParsedDataItem(IDX__TXHDRLS1MAXMIN, raw=8447978, derived=8447978, unit=None), 'IDX__TXHDRLS2MAXMIN': ParsedDataItem(IDX__TXHDRLS2MAXMIN, raw=8435681, derived=8435681, unit=None), 'IDX__TXHDRFIFODELAY': ParsedDataItem(IDX__TXHDRFIFODELAY, raw=18, derived=18, unit=None), 'IDX__TXHDRSAMPDELAY': ParsedDataItem(IDX__TXHDRSAMPDELAY, raw=1073740834, derived=1073740834, unit=None), 'IDX__TXHDRTRANSCNT': ParsedDataItem(IDX__TXHDRTRANSCNT, raw=16, derived=16, unit=None), 'IDX__TXHDRPROCHKCH01': ParsedDataItem(IDX__TXHDRPROCHKCH01, raw=83624764, derived=83624764, unit=None), 'IDX__TXHDRPROCHKCH23': ParsedDataItem(IDX__TXHDRPROCHKCH23, raw=107414769, derived=107414769, unit=None), 'IDX__TXHDRPROCHKCH45': ParsedDataItem(IDX__TXHDRPROCHKCH45, raw=169149658, derived=169149658, unit=None), 'IDX__TXHDRPROCHKCH67': ParsedDataItem(IDX__TXHDRPROCHKCH67, raw=133695768, derived=133695768, unit=None), 'IDX__TXHDRHVPSHKCH01': ParsedDataItem(IDX__TXHDRHVPSHKCH01, raw=131794536, derived=131794536, unit=None), 'IDX__TXHDRHVPSHKCH23': ParsedDataItem(IDX__TXHDRHVPSHKCH23, raw=8849070, derived=8849070, unit=None), 'IDX__TXHDRHVPSHKCH45': ParsedDataItem(IDX__TXHDRHVPSHKCH45, raw=153225178, derived=153225178, unit=None), 'IDX__TXHDRHVPSHKCH67': ParsedDataItem(IDX__TXHDRHVPSHKCH67, raw=19991183, derived=19991183, unit=None), 'IDX__TXHDRLVHK0CH01': ParsedDataItem(IDX__TXHDRLVHK0CH01, raw=134219776, derived=134219776, unit=None), 'IDX__TXHDRLVHK0CH23': ParsedDataItem(IDX__TXHDRLVHK0CH23, raw=171838394, derived=171838394, unit=None), 'IDX__TXHDRLVHK0CH45': ParsedDataItem(IDX__TXHDRLVHK0CH45, raw=134745193, derived=134745193, unit=None), 'IDX__TXHDRLVHK0CH67': ParsedDataItem(IDX__TXHDRLVHK0CH67, raw=205655123, derived=205655123, unit=None), 'IDX__TXHDRLVHK1CH01': ParsedDataItem(IDX__TXHDRLVHK1CH01, raw=34801292, derived=34801292, unit=None), 'IDX__TXHDRLVHK1CH23': ParsedDataItem(IDX__TXHDRLVHK1CH23, raw=77530617, derived=77530617, unit=None), 'IDX__TXHDRLVHK1CH45': ParsedDataItem(IDX__TXHDRLVHK1CH45, raw=226953119, derived=226953119, unit=None), 'IDX__TXHDRLVHK1CH67': ParsedDataItem(IDX__TXHDRLVHK1CH67, raw=192872901, derived=192872901, unit=None), 'IDX__TXHDRLVHK2CH01': ParsedDataItem(IDX__TXHDRLVHK2CH01, raw=80807123, derived=80807123, unit=None), 'IDX__TXHDRLVHK2CH23': ParsedDataItem(IDX__TXHDRLVHK2CH23, raw=192678545, derived=192678545, unit=None), 'IDX__TXHDRLVHK2CH45': ParsedDataItem(IDX__TXHDRLVHK2CH45, raw=101059662, derived=101059662, unit=None), 'IDX__TXHDRLVHK2CH67': ParsedDataItem(IDX__TXHDRLVHK2CH67, raw=3481, derived=3481, unit=None), 'IDX__TXHDRSP09': ParsedDataItem(IDX__TXHDRSP09, raw=0, derived=0, unit=None), 'IDX__TXHDRSP10': ParsedDataItem(IDX__TXHDRSP10, raw=0, derived=0, unit=None), 'IDX__TXHDRFSWAIDCOPY': ParsedDataItem(IDX__TXHDRFSWAIDCOPY, raw=2415085345, derived=2415085345, unit=None), 'IDX__TXHDRFSWBINCOPY': ParsedDataItem(IDX__TXHDRFSWBINCOPY, raw=0, derived=0, unit=None), 'IDX__TXHDRFSWMAJOR': ParsedDataItem(IDX__TXHDRFSWMAJOR, raw=2, derived=2, unit=None), 'IDX__TXHDRFSWMINOR': ParsedDataItem(IDX__TXHDRFSWMINOR, raw=0, derived=0, unit=None), 'IDX__TXHDRFSWPATCH': ParsedDataItem(IDX__TXHDRFSWPATCH, raw=0, derived=0, unit=None), 'IDX__TXHDRFSWHVSTAT': ParsedDataItem(IDX__TXHDRFSWHVSTAT, raw=3, derived=3, unit=None), 'IDX__TXHDRFSWMEM0': ParsedDataItem(IDX__TXHDRFSWMEM0, raw=0, derived=0, unit=None), 'IDX__TXHDRFSWMEM1': ParsedDataItem(IDX__TXHDRFSWMEM1, raw=0, derived=0, unit=None), 'IDX__TXHDRFSWPT0': ParsedDataItem(IDX__TXHDRFSWPT0, raw=0, derived=0, unit=None), 'IDX__TXHDRFSWPT1': ParsedDataItem(IDX__TXHDRFSWPT1, raw=0, derived=0, unit=None), 'IDX__TXHDRFSWPT2': ParsedDataItem(IDX__TXHDRFSWPT2, raw=0, derived=0, unit=None), 'IDX__TXHDRFSWPT3': ParsedDataItem(IDX__TXHDRFSWPT3, raw=0, derived=0, unit=None), 'IDX__TXHDRFSWPT4': ParsedDataItem(IDX__TXHDRFSWPT4, raw=0, derived=0, unit=None), 'IDX__TXHDRFSWPT5': ParsedDataItem(IDX__TXHDRFSWPT5, raw=0, derived=0, unit=None), 'IDX__TXHDRFSWPT6': ParsedDataItem(IDX__TXHDRFSWPT6, raw=0, derived=0, unit=None), 'IDX__TXHDRFSWPT7': ParsedDataItem(IDX__TXHDRFSWPT7, raw=0, derived=0, unit=None), 'IDX__TXHDRFSWPT8': ParsedDataItem(IDX__TXHDRFSWPT8, raw=0, derived=0, unit=None), 'IDX__TXHDRFSWPT9': ParsedDataItem(IDX__TXHDRFSWPT9, raw=0, derived=0, unit=None), 'IDX__TXHDRFPGAVER': ParsedDataItem(IDX__TXHDRFPGAVER, raw=539165480, derived=539165480, unit=None), 'IDX__SYNCSCI0PKT': ParsedDataItem(IDX__SYNCSCI0PKT, raw=13107, derived=13107, unit=None), 'IDX__CRCSCI0PKT': ParsedDataItem(IDX__CRCSCI0PKT, raw=23547, derived=23547, unit=None)}
SHCOARSE = 440202681
SHFINE = 8731
IDX__SCI0AID = 2415085345
IDX__SCI0TYPE = 1
IDX__SCI0CONT = 127
IDX__SCI0SPARE1 = 0
IDX__SCI0PACK = EN
IDX__SCI0FRAG = DS
IDX__SCI0COMP = DS
IDX__SCI0EVTNUM = 106
IDX__SCI0CAT = 32
IDX__SCI0QUAL = 5
IDX__SCI0FRAGOFF = 0
IDX__SCI0VER = 9
IDX__SCI0TIME32 = 440198886
IDX__SCI0SPARE2 = 0
IDX__SCI0SPARE3 = 0
IDX__SCI0SPARE4 = 0
IDX__TXHDRSCIEVTLEN = 8320
IDX__TXHDRSP00 = 0
IDX__TXHDRTIMESEC1 = 6716
IDX__TXHDRTIMESEC2 = 59110
IDX__TXHDRTIMESUBS = 33956
IDX__TXHDRSP01 = 0
IDX__TXHDRTRIGOFFSET = 0
IDX__TXHDRSP02 = 0
IDX__TXHDRTRIGID = 1
IDX__TXHDREVTNUM = 106
IDX__TXHDRBLOCKS = 243679
IDX__TXHDRHGTRIGCTRL1 = 2264924160
IDX__TXHDRHGTRIGCTRL2 = 0
IDX__TXHDRLGTRIGCTRL1 = 4294965248
IDX__TXHDRLGTRIGCTRL2 = 4278255360
IDX__TXHDRMGTRIGCTRL1 = 4294965248
IDX__TXHDRMGTRIGCTRL2 = 4278255360
IDX__TXHDRSP03 = 0
IDX__TXHDRLSADC = 1048320
IDX__TXHDRPOLSTAT = NEG
IDX__TXHDRSP04 = 0
IDX__TXHDRPOLCTRL = POS
IDX__TXHDRCOINENA = DIS
IDX__TXHDRLSTRIGMODE = DIS
IDX__TXHDRMGTRIGMODE = 0
IDX__TXHDRLGTRIGMODE = 0
IDX__TXHDRHGTRIGMODE = 1
IDX__TXHDRSP05 = 0
IDX__TXHDRSP06 = 0
IDX__TXHDRSP07 = 2018
IDX__TXHDRSP08 = 0
IDX__TXHDRTOFMAX = 564665343
IDX__TXHDRTOFMIN = 535295475
IDX__TXHDRLS0MAXMIN = 9242477
IDX__TXHDRLS1MAXMIN = 8447978
IDX__TXHDRLS2MAXMIN = 8435681
IDX__TXHDRFIFODELAY = 18
IDX__TXHDRSAMPDELAY = 1073740834
IDX__TXHDRTRANSCNT = 16
IDX__TXHDRPROCHKCH01 = 83624764
IDX__TXHDRPROCHKCH23 = 107414769
IDX__TXHDRPROCHKCH45 = 169149658
IDX__TXHDRPROCHKCH67 = 133695768
IDX__TXHDRHVPSHKCH01 = 131794536
IDX__TXHDRHVPSHKCH23 = 8849070
IDX__TXHDRHVPSHKCH45 = 153225178
IDX__TXHDRHVPSHKCH67 = 19991183
IDX__TXHDRLVHK0CH01 = 134219776
IDX__TXHDRLVHK0CH23 = 171838394
IDX__TXHDRLVHK0CH45 = 134745193
IDX__TXHDRLVHK0CH67 = 205655123
IDX__TXHDRLVHK1CH01 = 34801292
IDX__TXHDRLVHK1CH23 = 77530617
IDX__TXHDRLVHK1CH45 = 226953119
IDX__TXHDRLVHK1CH67 = 192872901
IDX__TXHDRLVHK2CH01 = 80807123
IDX__TXHDRLVHK2CH23 = 192678545
IDX__TXHDRLVHK2CH45 = 101059662
IDX__TXHDRLVHK2CH67 = 3481
IDX__TXHDRSP09 = 0
IDX__TXHDRSP10 = 0
IDX__TXHDRFSWAIDCOPY = 2415085345
IDX__TXHDRFSWBINCOPY = 0
IDX__TXHDRFSWMAJOR = 2
IDX__TXHDRFSWMINOR = 0
IDX__TXHDRFSWPATCH = 0
IDX__TXHDRFSWHVSTAT = 3
IDX__TXHDRFSWMEM0 = 0
IDX__TXHDRFSWMEM1 = 0
IDX__TXHDRFSWPT0 = 0
IDX__TXHDRFSWPT1 = 0
IDX__TXHDRFSWPT2 = 0
IDX__TXHDRFSWPT3 = 0
IDX__TXHDRFSWPT4 = 0
IDX__TXHDRFSWPT5 = 0
IDX__TXHDRFSWPT6 = 0
IDX__TXHDRFSWPT7 = 0
IDX__TXHDRFSWPT8 = 0
IDX__TXHDRFSWPT9 = 0
IDX__TXHDRFPGAVER = 539165480
IDX__SYNCSCI0PKT = 13107
IDX__CRCSCI0PKT = 23547
^*****Event header 6******^
EVTNUM: 6
SCI0TYPE: 1
TXHDRBLOCKS RAW: 243679
TXHDRBLOCKS DERIVED: 243679
-----
HS pre trig sampling blocks:  31
LS pre trig sampling blocks:  3
HS post trig sampling blocks:  31
LS post trig sampling blocks:  11
IDX__TXHDRHVPSHKCH01 = 131794536
Detector voltage =  1640
Sensor voltage =  2011
Target voltage =  1710
Reflectron voltage =  135
Rejection voltage =  2010
Current for HVPS sensor =  2338
Positive current for HVPS sensor =  2703
Negative current for HVPS sensor =  305
Voltage +3.3V reference =  2048
Voltage +3.3V operational reference =  2048
Voltage -6V bus =  3002
Voltage +6V bus =  2622
Voltage +16V bus =  3177
Voltage +3.3V bus =  2056
Voltage -5V bus =  3155
Voltage +5V bus =  3138
Current +3.3V bus =  1676
Current +16V bus =  1183
Current +6V bus =  1529
Current -6V bus =  1183
Current +5V bus =  1951
Current -5V bus =  3463
Current +2.5V bus =  453
Current -2.5V bus =  2943
Current on the 1V POL =  828
Current on the 1.9V POL =  1276
ProcBd Temperature 1 =  1265
ProcBd Temperature 2 =  1639
Voltage on 1V bus =  1242
FPGA Temperature =  2581
Voltage on 1.9V bus =  2328
Voltage on 3.3V bus =  2040
var_to_row = {'Last measurement in raw DN for Processor Board signal “1V POL Current”': 0, 'Last measurement in raw DN for Processor Board signal “1.9V POL Current”': 1, 'Last measurement in raw DN for Processor Board signal “ProcBd Temp1”': 2, nan: 48, 'Last measurement in raw DN for Processor Board signal “ProcBd Temp2”': 6, 'Last measurement in raw DN for Processor Board signal “1V Voltage”': 10, 'Last measurement in raw DN for Processor Board signal “FPGA Temp”': 11, 'Last measurement in raw DN for Processor Board signal “1.9V Voltage”': 12, 'Last measurement in raw DN for Processor Board signal “3.3V Voltage”': 13, 'Last measurement in raw DN for HVPS Board signal “Detector Voltage”': 14, 'Last measurement in raw DN for HVPS Board signal “Sensor Voltage"': 15, 'Last measurement in raw DN for HVPS Board signal “Target Voltage”': 16, 'Last measurement in raw DN for HVPS Board signal “Reflectron Voltage”': 17, 'Last measurement in raw DN for HVPS Board signal “Rejection Voltage”': 18, 'Last measurement in raw DN for HVPS Board signal “Detector Current”': 19, 'Last measurement in raw DN for HVPS Board signal “Sensor IP”': 20, 'Last measurement in raw DN for HVPS Board signal “Sensor IN”': 21, 'Last measurement in raw DN for LVPS Board signal “P3.3VREF_HK”': 22, 'Last measurement in raw DN for LVPS Board signal “P3.3VREF_OP”': 23, 'Last measurement in raw DN for LVPS Board signal “N6V”': 24, 'Last measurement in raw DN for LVPS Board signal “P6V”': 25, 'Last measurement in raw DN for LVPS Board signal “P16V”': 26, 'Last measurement in raw DN for LVPS Board signal “P3.3V”': 27, 'Last measurement in raw DN for LVPS Board signal “N5V”': 28, 'Last measurement in raw DN for LVPS Board signal “P5V”': 29, 'Last measurement in raw DN for LVPS Board signal “P3.3_IMON”': 30, 'Last measurement in raw DN for LVPS Board signal “P16V_IMON”': 31, 'Last measurement in raw DN for LVPS Board signal “P6V_IMON”': 32, 'Last measurement in raw DN for LVPS Board signal “N6V_IMON”': 33, 'Last measurement in raw DN for LVPS Board signal “P5V_IMON”': 34, 'Last measurement in raw DN for LVPS Board signal “N5V_IMON”': 35, 'Last measurement in raw DN for LVPS Board signal “P2.5V_IMON”': 36, 'Last measurement in raw DN for LVPS Board signal “N2.5V_IMON”': 37, 'Last measurement in raw DN for LVPS Board signal “THERM_DECON0”': 38, 'Last measurement in raw DN for LVPS Board signal “THERM_DECON1”': 39, 'Last measurement in raw DN for LVPS Board signal “THERM_DAB”': 40, 'Last measurement in raw DN for LVPS Board signal “THERM_LVPS”': 41, 'Last measurement in raw DN for LVPS Board signal “THERM_HVPS”': 45, 'Last measurement in raw DN for LVPS Board signal “P2.5V”': 49, 'Last measurement in raw DN for LVPS Board signal “N2.5V”': 50, 'Last measurement in raw DN for LVPS Board signal “Spare”': 51}

 
 ***** var_name being converted for each instrument setting ***** 
 

Matching row  18
coeffs for Last measurement in raw DN for Processor Board signal “1V POL Current”= [0.0 0.9029253 0.0 0.0 0.0 0.0 0.0 0.0]
var_name = Last measurement in raw DN for Processor Board signal “1V POL Current”
var_name = current_1V_pol
Header info = 828
Transformed value for current_1V_pol = 747.6221484
Matching row  18
coeffs for Last measurement in raw DN for Processor Board signal “1.9V POL Current”= [0.0 0.9029253 0.0 0.0 0.0 0.0 0.0 0.0]
var_name = Last measurement in raw DN for Processor Board signal “1.9V POL Current”
var_name = current_1.9V_pol
Header info = 1276
Transformed value for current_1.9V_pol = 1152.1326828
Matching row  18
coeffs for Last measurement in raw DN for Processor Board signal “ProcBd Temp1”= [162.8276 -0.2668687 0.0003323794 -2.43153e-07 9.034532e-11 -1.327735e-14
 0.0 0.0]
var_name = Last measurement in raw DN for Processor Board signal “ProcBd Temp1”
var_name = temperature_1
Header info = 1265
Transformed value for temperature_1 = 53.249248745837114
Matching row  18
coeffs for nan= [-104713.9 52.02446 -0.006463374 0.0 0.0 0.0 0.0 0.0]
var_name = nan
var_name = None
KeyError: (6, None) - Could not find entry for None, 48. Please check the Var_notes or variable mapping.
Matching row  18
coeffs for Last measurement in raw DN for Processor Board signal “ProcBd Temp2”= [162.8276 -0.2668687 0.0003323794 -2.43153e-07 9.034532e-11 -1.327735e-14
 0.0 0.0]
var_name = Last measurement in raw DN for Processor Board signal “ProcBd Temp2”
var_name = temperature_2
Header info = 1639
Transformed value for temperature_2 = 42.65632744710484
Matching row  18
coeffs for Last measurement in raw DN for Processor Board signal “1V Voltage”= [0.0 0.000805861 0.0 0.0 0.0 0.0 0.0 0.0]
var_name = Last measurement in raw DN for Processor Board signal “1V Voltage”
var_name = voltage_1V_bus
Header info = 1242
Transformed value for voltage_1V_bus = 1.0008793619999998
Matching row  18
coeffs for Last measurement in raw DN for Processor Board signal “FPGA Temp”= [358.31 -0.1187104 0.0 0.0 0.0 0.0 0.0 0.0]
var_name = Last measurement in raw DN for Processor Board signal “FPGA Temp”
var_name = fpga_temperature
Header info = 2581
Transformed value for fpga_temperature = 51.91845760000001
Matching row  18
coeffs for Last measurement in raw DN for Processor Board signal “1.9V Voltage”= [0.0 0.000805861 0.0 0.0 0.0 0.0 0.0 0.0]
var_name = Last measurement in raw DN for Processor Board signal “1.9V Voltage”
var_name = voltage_1.9V_bus
Header info = 2328
Transformed value for voltage_1.9V_bus = 1.8760444079999998
Matching row  18
coeffs for Last measurement in raw DN for Processor Board signal “3.3V Voltage”= [0.0 0.001611722 0.0 0.0 0.0 0.0 0.0 0.0]
var_name = Last measurement in raw DN for Processor Board signal “3.3V Voltage”
var_name = voltage_3.3V_bus
Header info = 2040
Transformed value for voltage_3.3V_bus = 3.28791288
Matching row  18
coeffs for Last measurement in raw DN for HVPS Board signal “Detector Voltage”= [0.0 1.4652 0.0 0.0 0.0 0.0 0.0 0.0]
var_name = Last measurement in raw DN for HVPS Board signal “Detector Voltage”
var_name = detector_voltage
Header info = 1640
Transformed value for detector_voltage = 2402.928
Matching row  18
coeffs for Last measurement in raw DN for HVPS Board signal “Sensor Voltage"= [0.0 1.4652 0.0 0.0 0.0 0.0 0.0 0.0]
var_name = Last measurement in raw DN for HVPS Board signal “Sensor Voltage"
var_name = sensor_voltage
Header info = 2011
Transformed value for sensor_voltage = 2946.5172000000002
Matching row  18
coeffs for Last measurement in raw DN for HVPS Board signal “Target Voltage”= [0.0 1.4652 0.0 0.0 0.0 0.0 0.0 0.0]
var_name = Last measurement in raw DN for HVPS Board signal “Target Voltage”
var_name = target_voltage
Header info = 1710
Transformed value for target_voltage = 2505.492
Matching row  18
coeffs for Last measurement in raw DN for HVPS Board signal “Reflectron Voltage”= [0.0 1.4652 0.0 0.0 0.0 0.0 0.0 0.0]
var_name = Last measurement in raw DN for HVPS Board signal “Reflectron Voltage”
var_name = reflectron_voltage
Header info = 135
Transformed value for reflectron_voltage = 197.80200000000002
Matching row  18
coeffs for Last measurement in raw DN for HVPS Board signal “Rejection Voltage”= [0.0 1.4652 0.0 0.0 0.0 0.0 0.0 0.0]
var_name = Last measurement in raw DN for HVPS Board signal “Rejection Voltage”
var_name = rejection_voltage
Header info = 2010
Transformed value for rejection_voltage = 2945.052
Matching row  18
coeffs for Last measurement in raw DN for HVPS Board signal “Detector Current”= [0.0 7.326e-06 0.0 0.0 0.0 0.0 0.0 0.0]
var_name = Last measurement in raw DN for HVPS Board signal “Detector Current”
var_name = current_hvps_sensor
Header info = 2338
Transformed value for current_hvps_sensor = 0.017128188
Matching row  18
coeffs for Last measurement in raw DN for HVPS Board signal “Sensor IP”= [0.0 2.4339e-05 0.0 0.0 0.0 0.0 0.0 0.0]
var_name = Last measurement in raw DN for HVPS Board signal “Sensor IP”
var_name = positive_current_hvps
Header info = 2703
Transformed value for positive_current_hvps = 0.065788317
Matching row  18
coeffs for Last measurement in raw DN for HVPS Board signal “Sensor IN”= [0.0 2.4339e-05 0.0 0.0 0.0 0.0 0.0 0.0]
var_name = Last measurement in raw DN for HVPS Board signal “Sensor IN”
var_name = negative_current_hvps
Header info = 305
Transformed value for negative_current_hvps = 0.007423394999999999
Matching row  18
coeffs for Last measurement in raw DN for LVPS Board signal “P3.3VREF_HK”= [0.0 0.00161172 0.0 0.0 0.0 0.0 0.0 0.0]
var_name = Last measurement in raw DN for LVPS Board signal “P3.3VREF_HK”
var_name = voltage_3V3_ref
Header info = 2048
Transformed value for voltage_3V3_ref = 3.30080256
Matching row  18
coeffs for Last measurement in raw DN for LVPS Board signal “P3.3VREF_OP”= [0.0 0.00161172 0.0 0.0 0.0 0.0 0.0 0.0]
var_name = Last measurement in raw DN for LVPS Board signal “P3.3VREF_OP”
var_name = voltage_3V3_op_ref
Header info = 2048
Transformed value for voltage_3V3_op_ref = 3.30080256
Matching row  18
coeffs for Last measurement in raw DN for LVPS Board signal “N6V”= [-33.0 0.00886447 0.0 0.0 0.0 0.0 0.0 0.0]
var_name = Last measurement in raw DN for LVPS Board signal “N6V”
var_name = voltage_neg6V_bus
Header info = 3002
Transformed value for voltage_neg6V_bus = -6.3888610600000035
Matching row  18
coeffs for Last measurement in raw DN for LVPS Board signal “P6V”= [0.0 0.00241758 0.0 0.0 0.0 0.0 0.0 0.0]
var_name = Last measurement in raw DN for LVPS Board signal “P6V”
var_name = voltage_pos6V_bus
Header info = 2622
Transformed value for voltage_pos6V_bus = 6.33889476
Matching row  18
coeffs for Last measurement in raw DN for LVPS Board signal “P16V”= [0.0 0.00482711 0.0 0.0 0.0 0.0 0.0 0.0]
var_name = Last measurement in raw DN for LVPS Board signal “P16V”
var_name = voltage_pos16V_bus
Header info = 3177
Transformed value for voltage_pos16V_bus = 15.33572847
Matching row  18
coeffs for Last measurement in raw DN for LVPS Board signal “P3.3V”= [0.0 0.00161172 0.0 0.0 0.0 0.0 0.0 0.0]
var_name = Last measurement in raw DN for LVPS Board signal “P3.3V”
var_name = voltage_pos3V3_bus
Header info = 2056
Transformed value for voltage_pos3V3_bus = 3.31369632
Matching row  18
coeffs for Last measurement in raw DN for LVPS Board signal “N5V”= [-33.0 0.00886447 0.0 0.0 0.0 0.0 0.0 0.0]
var_name = Last measurement in raw DN for LVPS Board signal “N5V”
var_name = voltage_neg5V_bus
Header info = 3155
Transformed value for voltage_neg5V_bus = -5.032597150000001
Matching row  18
coeffs for Last measurement in raw DN for LVPS Board signal “P5V”= [0.0 0.00161172 0.0 0.0 0.0 0.0 0.0 0.0]
var_name = Last measurement in raw DN for LVPS Board signal “P5V”
var_name = voltage_pos5V_bus
Header info = 3138
Transformed value for voltage_pos5V_bus = 5.057577360000001
Matching row  18
coeffs for Last measurement in raw DN for LVPS Board signal “P3.3_IMON”= [0.0 0.00161172 0.0 0.0 0.0 0.0 0.0 0.0]
var_name = Last measurement in raw DN for LVPS Board signal “P3.3_IMON”
var_name = current_3V3_bus
Header info = 1676
Transformed value for current_3V3_bus = 2.70124272
Matching row  18
coeffs for Last measurement in raw DN for LVPS Board signal “P16V_IMON”= [0.0 0.000161172 0.0 0.0 0.0 0.0 0.0 0.0]
var_name = Last measurement in raw DN for LVPS Board signal “P16V_IMON”
var_name = current_16V_bus
Header info = 1183
Transformed value for current_16V_bus = 0.190666476
Matching row  18
coeffs for Last measurement in raw DN for LVPS Board signal “P6V_IMON”= [0.0 8.05861e-05 0.0 0.0 0.0 0.0 0.0 0.0]
var_name = Last measurement in raw DN for LVPS Board signal “P6V_IMON”
var_name = current_6V_bus
Header info = 1529
Transformed value for current_6V_bus = 0.12321614689999999
Matching row  18
coeffs for Last measurement in raw DN for LVPS Board signal “N6V_IMON”= [0.0 -8.05861e-05 0.0 0.0 0.0 0.0 0.0 0.0]
var_name = Last measurement in raw DN for LVPS Board signal “N6V_IMON”
var_name = current_neg6V_bus
Header info = 1183
Transformed value for current_neg6V_bus = -0.09533335629999999
Matching row  18
coeffs for Last measurement in raw DN for LVPS Board signal “P5V_IMON”= [0.0 4.029304e-05 0.0 0.0 0.0 0.0 0.0 0.0]
var_name = Last measurement in raw DN for LVPS Board signal “P5V_IMON”
var_name = current_5V_bus
Header info = 1951
Transformed value for current_5V_bus = 0.07861172104
Matching row  18
coeffs for Last measurement in raw DN for LVPS Board signal “N5V_IMON”= [0.0 -2.01465e-05 0.0 0.0 0.0 0.0 0.0 0.0]
var_name = Last measurement in raw DN for LVPS Board signal “N5V_IMON”
var_name = current_neg5V_bus
Header info = 3463
Transformed value for current_neg5V_bus = -0.0697673295
Matching row  18
coeffs for Last measurement in raw DN for LVPS Board signal “P2.5V_IMON”= [0.0 0.00161172 0.0 0.0 0.0 0.0 0.0 0.0]
var_name = Last measurement in raw DN for LVPS Board signal “P2.5V_IMON”
var_name = current_2V5_bus
Header info = 453
Transformed value for current_2V5_bus = 0.73010916
Matching row  18
coeffs for Last measurement in raw DN for LVPS Board signal “N2.5V_IMON”= [0.0 -4.0293e-05 0.0 0.0 0.0 0.0 0.0 0.0]
var_name = Last measurement in raw DN for LVPS Board signal “N2.5V_IMON”
var_name = current_neg2V5_bus
Header info = 2943
Transformed value for current_neg2V5_bus = -0.118582299
Matching row  18
coeffs for Last measurement in raw DN for LVPS Board signal “THERM_DECON0”= [-110.293 0.0665351 0.000305738 -6.32048e-07 5.9934e-10 -2.98784e-13
 7.61361e-17 -7.76467e-21]
var_name = Last measurement in raw DN for LVPS Board signal “THERM_DECON0”
var_name = None
KeyError: (6, None) - Could not find entry for None, 38. Please check the Var_notes or variable mapping.
Matching row  18
coeffs for Last measurement in raw DN for LVPS Board signal “THERM_DECON1”= [-150.478 0.376986 -0.00062072 7.73853e-07 -5.81588e-10 2.56368e-13
 -6.05698e-17 5.96635e-21]
var_name = Last measurement in raw DN for LVPS Board signal “THERM_DECON1”
var_name = None
KeyError: (6, None) - Could not find entry for None, 39. Please check the Var_notes or variable mapping.
Matching row  18
coeffs for Last measurement in raw DN for LVPS Board signal “THERM_DAB”= [-443.248 1.31224 -0.00180422 1.40016e-06 -6.43766e-10 1.7448e-13
 -2.57695e-17 1.60239e-21]
var_name = Last measurement in raw DN for LVPS Board signal “THERM_DAB”
var_name = None
KeyError: (6, None) - Could not find entry for None, 40. Please check the Var_notes or variable mapping.
Matching row  18
coeffs for Last measurement in raw DN for LVPS Board signal “THERM_LVPS”= [200.4137 -0.2020699 0.000175403 -9.739547e-08 2.888932e-11 -3.545603e-15
 0.0 0.0]
var_name = Last measurement in raw DN for LVPS Board signal “THERM_LVPS”
var_name = None
KeyError: (6, None) - Could not find entry for None, 41. Please check the Var_notes or variable mapping.
Matching row  18
coeffs for Last measurement in raw DN for LVPS Board signal “THERM_HVPS”= [200.4137 -0.2020699 0.000175403 -9.739547e-08 2.888932e-11 -3.545603e-15
 0.0 0.0]
var_name = Last measurement in raw DN for LVPS Board signal “THERM_HVPS”
var_name = None
KeyError: (6, None) - Could not find entry for None, 45. Please check the Var_notes or variable mapping.
Matching row  18
coeffs for Last measurement in raw DN for LVPS Board signal “P2.5V”= [0.0 0.00161172 0.0 0.0 0.0 0.0 0.0 0.0]
var_name = Last measurement in raw DN for LVPS Board signal “P2.5V”
var_name = None
KeyError: (6, None) - Could not find entry for None, 49. Please check the Var_notes or variable mapping.
Matching row  18
coeffs for Last measurement in raw DN for LVPS Board signal “N2.5V”= [-33.0 0.00886447 0.0 0.0 0.0 0.0 0.0 0.0]
var_name = Last measurement in raw DN for LVPS Board signal “N2.5V”
var_name = None
KeyError: (6, None) - Could not find entry for None, 50. Please check the Var_notes or variable mapping.
Matching row  18
coeffs for Last measurement in raw DN for LVPS Board signal “Spare”= [0.0 0.00161172 0.0 0.0 0.0 0.0 0.0 0.0]
var_name = Last measurement in raw DN for LVPS Board signal “Spare”
var_name = spare_signal
KeyError: (6, 'spare_signal') - Could not find entry for spare_signal, 51. Please check the Var_notes or variable mapping.
High gain delay = 34 samples.
Mid gain delay = 1023 samples.
Low gain delay = 1023 samples.
High sampling trigger mode =  0 0 1
High gain trigger mode enabled.
For 2264924160, HG Trigger level = 0.15605999999999998, sample settings = 0, 0
Threshold trigger mode enabled for high gain channel.
AID = 2415085345
Event number = 106
Rice compression enabled = False
Timestamp = 440198886.67912 seconds since epoch (Midnight January 1st, 2010)
Trigger time = 2023-12-13T21:28:06.679120Z
6
6
6
6
6
6
6
6
6
6
6
6
6
{'SHCOARSE': ParsedDataItem(SHCOARSE, raw=440202694, derived=440202694, unit=dn), 'SHFINE': ParsedDataItem(SHFINE, raw=8740, derived=8740, unit=dn), 'IDX__SCI0AID': ParsedDataItem(IDX__SCI0AID, raw=2415085345, derived=2415085345, unit=None), 'IDX__SCI0TYPE': ParsedDataItem(IDX__SCI0TYPE, raw=1, derived=1, unit=None), 'IDX__SCI0CONT': ParsedDataItem(IDX__SCI0CONT, raw=127, derived=127, unit=None), 'IDX__SCI0SPARE1': ParsedDataItem(IDX__SCI0SPARE1, raw=0, derived=0, unit=None), 'IDX__SCI0PACK': ParsedDataItem(IDX__SCI0PACK, raw=1, derived=EN, unit=None), 'IDX__SCI0FRAG': ParsedDataItem(IDX__SCI0FRAG, raw=0, derived=DS, unit=None), 'IDX__SCI0COMP': ParsedDataItem(IDX__SCI0COMP, raw=0, derived=DS, unit=None), 'IDX__SCI0EVTNUM': ParsedDataItem(IDX__SCI0EVTNUM, raw=107, derived=107, unit=None), 'IDX__SCI0CAT': ParsedDataItem(IDX__SCI0CAT, raw=32, derived=32, unit=None), 'IDX__SCI0QUAL': ParsedDataItem(IDX__SCI0QUAL, raw=5, derived=5, unit=None), 'IDX__SCI0FRAGOFF': ParsedDataItem(IDX__SCI0FRAGOFF, raw=0, derived=0, unit=None), 'IDX__SCI0VER': ParsedDataItem(IDX__SCI0VER, raw=9, derived=9, unit=None), 'IDX__SCI0TIME32': ParsedDataItem(IDX__SCI0TIME32, raw=440198898, derived=440198898, unit=None), 'IDX__SCI0SPARE2': ParsedDataItem(IDX__SCI0SPARE2, raw=0, derived=0, unit=None), 'IDX__SCI0SPARE3': ParsedDataItem(IDX__SCI0SPARE3, raw=0, derived=0, unit=None), 'IDX__SCI0SPARE4': ParsedDataItem(IDX__SCI0SPARE4, raw=0, derived=0, unit=None), 'IDX__TXHDRSCIEVTLEN': ParsedDataItem(IDX__TXHDRSCIEVTLEN, raw=8320, derived=8320, unit=None), 'IDX__TXHDRSP00': ParsedDataItem(IDX__TXHDRSP00, raw=0, derived=0, unit=None), 'IDX__TXHDRTIMESEC1': ParsedDataItem(IDX__TXHDRTIMESEC1, raw=6716, derived=6716, unit=None), 'IDX__TXHDRTIMESEC2': ParsedDataItem(IDX__TXHDRTIMESEC2, raw=59122, derived=59122, unit=None), 'IDX__TXHDRTIMESUBS': ParsedDataItem(IDX__TXHDRTIMESUBS, raw=2202, derived=2202, unit=None), 'IDX__TXHDRSP01': ParsedDataItem(IDX__TXHDRSP01, raw=0, derived=0, unit=None), 'IDX__TXHDRTRIGOFFSET': ParsedDataItem(IDX__TXHDRTRIGOFFSET, raw=3, derived=3, unit=None), 'IDX__TXHDRSP02': ParsedDataItem(IDX__TXHDRSP02, raw=0, derived=0, unit=None), 'IDX__TXHDRTRIGID': ParsedDataItem(IDX__TXHDRTRIGID, raw=1, derived=1, unit=None), 'IDX__TXHDREVTNUM': ParsedDataItem(IDX__TXHDREVTNUM, raw=107, derived=107, unit=None), 'IDX__TXHDRBLOCKS': ParsedDataItem(IDX__TXHDRBLOCKS, raw=243679, derived=243679, unit=None), 'IDX__TXHDRHGTRIGCTRL1': ParsedDataItem(IDX__TXHDRHGTRIGCTRL1, raw=2264924160, derived=2264924160, unit=None), 'IDX__TXHDRHGTRIGCTRL2': ParsedDataItem(IDX__TXHDRHGTRIGCTRL2, raw=0, derived=0, unit=None), 'IDX__TXHDRLGTRIGCTRL1': ParsedDataItem(IDX__TXHDRLGTRIGCTRL1, raw=4294965248, derived=4294965248, unit=None), 'IDX__TXHDRLGTRIGCTRL2': ParsedDataItem(IDX__TXHDRLGTRIGCTRL2, raw=4278255360, derived=4278255360, unit=None), 'IDX__TXHDRMGTRIGCTRL1': ParsedDataItem(IDX__TXHDRMGTRIGCTRL1, raw=4294965248, derived=4294965248, unit=None), 'IDX__TXHDRMGTRIGCTRL2': ParsedDataItem(IDX__TXHDRMGTRIGCTRL2, raw=4278255360, derived=4278255360, unit=None), 'IDX__TXHDRSP03': ParsedDataItem(IDX__TXHDRSP03, raw=0, derived=0, unit=None), 'IDX__TXHDRLSADC': ParsedDataItem(IDX__TXHDRLSADC, raw=1048320, derived=1048320, unit=None), 'IDX__TXHDRPOLSTAT': ParsedDataItem(IDX__TXHDRPOLSTAT, raw=1, derived=NEG, unit=None), 'IDX__TXHDRSP04': ParsedDataItem(IDX__TXHDRSP04, raw=0, derived=0, unit=None), 'IDX__TXHDRPOLCTRL': ParsedDataItem(IDX__TXHDRPOLCTRL, raw=0, derived=POS, unit=None), 'IDX__TXHDRCOINENA': ParsedDataItem(IDX__TXHDRCOINENA, raw=0, derived=DIS, unit=None), 'IDX__TXHDRLSTRIGMODE': ParsedDataItem(IDX__TXHDRLSTRIGMODE, raw=0, derived=DIS, unit=None), 'IDX__TXHDRMGTRIGMODE': ParsedDataItem(IDX__TXHDRMGTRIGMODE, raw=0, derived=0, unit=None), 'IDX__TXHDRLGTRIGMODE': ParsedDataItem(IDX__TXHDRLGTRIGMODE, raw=0, derived=0, unit=None), 'IDX__TXHDRHGTRIGMODE': ParsedDataItem(IDX__TXHDRHGTRIGMODE, raw=1, derived=1, unit=None), 'IDX__TXHDRSP05': ParsedDataItem(IDX__TXHDRSP05, raw=0, derived=0, unit=None), 'IDX__TXHDRSP06': ParsedDataItem(IDX__TXHDRSP06, raw=0, derived=0, unit=None), 'IDX__TXHDRSP07': ParsedDataItem(IDX__TXHDRSP07, raw=2018, derived=2018, unit=None), 'IDX__TXHDRSP08': ParsedDataItem(IDX__TXHDRSP08, raw=0, derived=0, unit=None), 'IDX__TXHDRTOFMAX': ParsedDataItem(IDX__TXHDRTOFMAX, raw=549985220, derived=549985220, unit=None), 'IDX__TXHDRTOFMIN': ParsedDataItem(IDX__TXHDRTOFMIN, raw=535295476, derived=535295476, unit=None), 'IDX__TXHDRLS0MAXMIN': ParsedDataItem(IDX__TXHDRLS0MAXMIN, raw=9426714, derived=9426714, unit=None), 'IDX__TXHDRLS1MAXMIN': ParsedDataItem(IDX__TXHDRLS1MAXMIN, raw=8447978, derived=8447978, unit=None), 'IDX__TXHDRLS2MAXMIN': ParsedDataItem(IDX__TXHDRLS2MAXMIN, raw=8423393, derived=8423393, unit=None), 'IDX__TXHDRFIFODELAY': ParsedDataItem(IDX__TXHDRFIFODELAY, raw=16, derived=16, unit=None), 'IDX__TXHDRSAMPDELAY': ParsedDataItem(IDX__TXHDRSAMPDELAY, raw=24140855, derived=24140855, unit=None), 'IDX__TXHDRTRANSCNT': ParsedDataItem(IDX__TXHDRTRANSCNT, raw=6, derived=6, unit=None), 'IDX__TXHDRPROCHKCH01': ParsedDataItem(IDX__TXHDRPROCHKCH01, raw=83624765, derived=83624765, unit=None), 'IDX__TXHDRPROCHKCH23': ParsedDataItem(IDX__TXHDRPROCHKCH23, raw=107414769, derived=107414769, unit=None), 'IDX__TXHDRPROCHKCH45': ParsedDataItem(IDX__TXHDRPROCHKCH45, raw=169149658, derived=169149658, unit=None), 'IDX__TXHDRPROCHKCH67': ParsedDataItem(IDX__TXHDRPROCHKCH67, raw=133695768, derived=133695768, unit=None), 'IDX__TXHDRHVPSHKCH01': ParsedDataItem(IDX__TXHDRHVPSHKCH01, raw=131860072, derived=131860072, unit=None), 'IDX__TXHDRHVPSHKCH23': ParsedDataItem(IDX__TXHDRHVPSHKCH23, raw=8849070, derived=8849070, unit=None), 'IDX__TXHDRHVPSHKCH45': ParsedDataItem(IDX__TXHDRHVPSHKCH45, raw=153290714, derived=153290714, unit=None), 'IDX__TXHDRHVPSHKCH67': ParsedDataItem(IDX__TXHDRHVPSHKCH67, raw=19991183, derived=19991183, unit=None), 'IDX__TXHDRLVHK0CH01': ParsedDataItem(IDX__TXHDRLVHK0CH01, raw=134219776, derived=134219776, unit=None), 'IDX__TXHDRLVHK0CH23': ParsedDataItem(IDX__TXHDRLVHK0CH23, raw=171838394, derived=171838394, unit=None), 'IDX__TXHDRLVHK0CH45': ParsedDataItem(IDX__TXHDRLVHK0CH45, raw=134745193, derived=134745193, unit=None), 'IDX__TXHDRLVHK0CH67': ParsedDataItem(IDX__TXHDRLVHK0CH67, raw=205589587, derived=205589587, unit=None), 'IDX__TXHDRLVHK1CH01': ParsedDataItem(IDX__TXHDRLVHK1CH01, raw=34801291, derived=34801291, unit=None), 'IDX__TXHDRLVHK1CH23': ParsedDataItem(IDX__TXHDRLVHK1CH23, raw=77530618, derived=77530618, unit=None), 'IDX__TXHDRLVHK1CH45': ParsedDataItem(IDX__TXHDRLVHK1CH45, raw=226953119, derived=226953119, unit=None), 'IDX__TXHDRLVHK1CH67': ParsedDataItem(IDX__TXHDRLVHK1CH67, raw=192872901, derived=192872901, unit=None), 'IDX__TXHDRLVHK2CH01': ParsedDataItem(IDX__TXHDRLVHK2CH01, raw=80807123, derived=80807123, unit=None), 'IDX__TXHDRLVHK2CH23': ParsedDataItem(IDX__TXHDRLVHK2CH23, raw=192678545, derived=192678545, unit=None), 'IDX__TXHDRLVHK2CH45': ParsedDataItem(IDX__TXHDRLVHK2CH45, raw=101059662, derived=101059662, unit=None), 'IDX__TXHDRLVHK2CH67': ParsedDataItem(IDX__TXHDRLVHK2CH67, raw=69017, derived=69017, unit=None), 'IDX__TXHDRSP09': ParsedDataItem(IDX__TXHDRSP09, raw=0, derived=0, unit=None), 'IDX__TXHDRSP10': ParsedDataItem(IDX__TXHDRSP10, raw=0, derived=0, unit=None), 'IDX__TXHDRFSWAIDCOPY': ParsedDataItem(IDX__TXHDRFSWAIDCOPY, raw=2415085345, derived=2415085345, unit=None), 'IDX__TXHDRFSWBINCOPY': ParsedDataItem(IDX__TXHDRFSWBINCOPY, raw=0, derived=0, unit=None), 'IDX__TXHDRFSWMAJOR': ParsedDataItem(IDX__TXHDRFSWMAJOR, raw=2, derived=2, unit=None), 'IDX__TXHDRFSWMINOR': ParsedDataItem(IDX__TXHDRFSWMINOR, raw=0, derived=0, unit=None), 'IDX__TXHDRFSWPATCH': ParsedDataItem(IDX__TXHDRFSWPATCH, raw=0, derived=0, unit=None), 'IDX__TXHDRFSWHVSTAT': ParsedDataItem(IDX__TXHDRFSWHVSTAT, raw=3, derived=3, unit=None), 'IDX__TXHDRFSWMEM0': ParsedDataItem(IDX__TXHDRFSWMEM0, raw=0, derived=0, unit=None), 'IDX__TXHDRFSWMEM1': ParsedDataItem(IDX__TXHDRFSWMEM1, raw=0, derived=0, unit=None), 'IDX__TXHDRFSWPT0': ParsedDataItem(IDX__TXHDRFSWPT0, raw=0, derived=0, unit=None), 'IDX__TXHDRFSWPT1': ParsedDataItem(IDX__TXHDRFSWPT1, raw=0, derived=0, unit=None), 'IDX__TXHDRFSWPT2': ParsedDataItem(IDX__TXHDRFSWPT2, raw=0, derived=0, unit=None), 'IDX__TXHDRFSWPT3': ParsedDataItem(IDX__TXHDRFSWPT3, raw=0, derived=0, unit=None), 'IDX__TXHDRFSWPT4': ParsedDataItem(IDX__TXHDRFSWPT4, raw=0, derived=0, unit=None), 'IDX__TXHDRFSWPT5': ParsedDataItem(IDX__TXHDRFSWPT5, raw=0, derived=0, unit=None), 'IDX__TXHDRFSWPT6': ParsedDataItem(IDX__TXHDRFSWPT6, raw=0, derived=0, unit=None), 'IDX__TXHDRFSWPT7': ParsedDataItem(IDX__TXHDRFSWPT7, raw=0, derived=0, unit=None), 'IDX__TXHDRFSWPT8': ParsedDataItem(IDX__TXHDRFSWPT8, raw=0, derived=0, unit=None), 'IDX__TXHDRFSWPT9': ParsedDataItem(IDX__TXHDRFSWPT9, raw=0, derived=0, unit=None), 'IDX__TXHDRFPGAVER': ParsedDataItem(IDX__TXHDRFPGAVER, raw=539165480, derived=539165480, unit=None), 'IDX__SYNCSCI0PKT': ParsedDataItem(IDX__SYNCSCI0PKT, raw=13107, derived=13107, unit=None), 'IDX__CRCSCI0PKT': ParsedDataItem(IDX__CRCSCI0PKT, raw=61406, derived=61406, unit=None)}
SHCOARSE = 440202694
SHFINE = 8740
IDX__SCI0AID = 2415085345
IDX__SCI0TYPE = 1
IDX__SCI0CONT = 127
IDX__SCI0SPARE1 = 0
IDX__SCI0PACK = EN
IDX__SCI0FRAG = DS
IDX__SCI0COMP = DS
IDX__SCI0EVTNUM = 107
IDX__SCI0CAT = 32
IDX__SCI0QUAL = 5
IDX__SCI0FRAGOFF = 0
IDX__SCI0VER = 9
IDX__SCI0TIME32 = 440198898
IDX__SCI0SPARE2 = 0
IDX__SCI0SPARE3 = 0
IDX__SCI0SPARE4 = 0
IDX__TXHDRSCIEVTLEN = 8320
IDX__TXHDRSP00 = 0
IDX__TXHDRTIMESEC1 = 6716
IDX__TXHDRTIMESEC2 = 59122
IDX__TXHDRTIMESUBS = 2202
IDX__TXHDRSP01 = 0
IDX__TXHDRTRIGOFFSET = 3
IDX__TXHDRSP02 = 0
IDX__TXHDRTRIGID = 1
IDX__TXHDREVTNUM = 107
IDX__TXHDRBLOCKS = 243679
IDX__TXHDRHGTRIGCTRL1 = 2264924160
IDX__TXHDRHGTRIGCTRL2 = 0
IDX__TXHDRLGTRIGCTRL1 = 4294965248
IDX__TXHDRLGTRIGCTRL2 = 4278255360
IDX__TXHDRMGTRIGCTRL1 = 4294965248
IDX__TXHDRMGTRIGCTRL2 = 4278255360
IDX__TXHDRSP03 = 0
IDX__TXHDRLSADC = 1048320
IDX__TXHDRPOLSTAT = NEG
IDX__TXHDRSP04 = 0
IDX__TXHDRPOLCTRL = POS
IDX__TXHDRCOINENA = DIS
IDX__TXHDRLSTRIGMODE = DIS
IDX__TXHDRMGTRIGMODE = 0
IDX__TXHDRLGTRIGMODE = 0
IDX__TXHDRHGTRIGMODE = 1
IDX__TXHDRSP05 = 0
IDX__TXHDRSP06 = 0
IDX__TXHDRSP07 = 2018
IDX__TXHDRSP08 = 0
IDX__TXHDRTOFMAX = 549985220
IDX__TXHDRTOFMIN = 535295476
IDX__TXHDRLS0MAXMIN = 9426714
IDX__TXHDRLS1MAXMIN = 8447978
IDX__TXHDRLS2MAXMIN = 8423393
IDX__TXHDRFIFODELAY = 16
IDX__TXHDRSAMPDELAY = 24140855
IDX__TXHDRTRANSCNT = 6
IDX__TXHDRPROCHKCH01 = 83624765
IDX__TXHDRPROCHKCH23 = 107414769
IDX__TXHDRPROCHKCH45 = 169149658
IDX__TXHDRPROCHKCH67 = 133695768
IDX__TXHDRHVPSHKCH01 = 131860072
IDX__TXHDRHVPSHKCH23 = 8849070
IDX__TXHDRHVPSHKCH45 = 153290714
IDX__TXHDRHVPSHKCH67 = 19991183
IDX__TXHDRLVHK0CH01 = 134219776
IDX__TXHDRLVHK0CH23 = 171838394
IDX__TXHDRLVHK0CH45 = 134745193
IDX__TXHDRLVHK0CH67 = 205589587
IDX__TXHDRLVHK1CH01 = 34801291
IDX__TXHDRLVHK1CH23 = 77530618
IDX__TXHDRLVHK1CH45 = 226953119
IDX__TXHDRLVHK1CH67 = 192872901
IDX__TXHDRLVHK2CH01 = 80807123
IDX__TXHDRLVHK2CH23 = 192678545
IDX__TXHDRLVHK2CH45 = 101059662
IDX__TXHDRLVHK2CH67 = 69017
IDX__TXHDRSP09 = 0
IDX__TXHDRSP10 = 0
IDX__TXHDRFSWAIDCOPY = 2415085345
IDX__TXHDRFSWBINCOPY = 0
IDX__TXHDRFSWMAJOR = 2
IDX__TXHDRFSWMINOR = 0
IDX__TXHDRFSWPATCH = 0
IDX__TXHDRFSWHVSTAT = 3
IDX__TXHDRFSWMEM0 = 0
IDX__TXHDRFSWMEM1 = 0
IDX__TXHDRFSWPT0 = 0
IDX__TXHDRFSWPT1 = 0
IDX__TXHDRFSWPT2 = 0
IDX__TXHDRFSWPT3 = 0
IDX__TXHDRFSWPT4 = 0
IDX__TXHDRFSWPT5 = 0
IDX__TXHDRFSWPT6 = 0
IDX__TXHDRFSWPT7 = 0
IDX__TXHDRFSWPT8 = 0
IDX__TXHDRFSWPT9 = 0
IDX__TXHDRFPGAVER = 539165480
IDX__SYNCSCI0PKT = 13107
IDX__CRCSCI0PKT = 61406
^*****Event header 7******^
EVTNUM: 7
SCI0TYPE: 1
TXHDRBLOCKS RAW: 243679
TXHDRBLOCKS DERIVED: 243679
-----
HS pre trig sampling blocks:  31
LS pre trig sampling blocks:  3
HS post trig sampling blocks:  31
LS post trig sampling blocks:  11
IDX__TXHDRHVPSHKCH01 = 131860072
Detector voltage =  1640
Sensor voltage =  2012
Target voltage =  1710
Reflectron voltage =  135
Rejection voltage =  2010
Current for HVPS sensor =  2339
Positive current for HVPS sensor =  2703
Negative current for HVPS sensor =  305
Voltage +3.3V reference =  2048
Voltage +3.3V operational reference =  2048
Voltage -6V bus =  3002
Voltage +6V bus =  2622
Voltage +16V bus =  3177
Voltage +3.3V bus =  2056
Voltage -5V bus =  3155
Voltage +5V bus =  3137
Current +3.3V bus =  1675
Current +16V bus =  1183
Current +6V bus =  1530
Current -6V bus =  1183
Current +5V bus =  1951
Current -5V bus =  3463
Current +2.5V bus =  453
Current -2.5V bus =  2943
Current on the 1V POL =  829
Current on the 1.9V POL =  1276
ProcBd Temperature 1 =  1265
ProcBd Temperature 2 =  1639
Voltage on 1V bus =  1242
FPGA Temperature =  2581
Voltage on 1.9V bus =  2328
Voltage on 3.3V bus =  2040
var_to_row = {'Last measurement in raw DN for Processor Board signal “1V POL Current”': 0, 'Last measurement in raw DN for Processor Board signal “1.9V POL Current”': 1, 'Last measurement in raw DN for Processor Board signal “ProcBd Temp1”': 2, nan: 48, 'Last measurement in raw DN for Processor Board signal “ProcBd Temp2”': 6, 'Last measurement in raw DN for Processor Board signal “1V Voltage”': 10, 'Last measurement in raw DN for Processor Board signal “FPGA Temp”': 11, 'Last measurement in raw DN for Processor Board signal “1.9V Voltage”': 12, 'Last measurement in raw DN for Processor Board signal “3.3V Voltage”': 13, 'Last measurement in raw DN for HVPS Board signal “Detector Voltage”': 14, 'Last measurement in raw DN for HVPS Board signal “Sensor Voltage"': 15, 'Last measurement in raw DN for HVPS Board signal “Target Voltage”': 16, 'Last measurement in raw DN for HVPS Board signal “Reflectron Voltage”': 17, 'Last measurement in raw DN for HVPS Board signal “Rejection Voltage”': 18, 'Last measurement in raw DN for HVPS Board signal “Detector Current”': 19, 'Last measurement in raw DN for HVPS Board signal “Sensor IP”': 20, 'Last measurement in raw DN for HVPS Board signal “Sensor IN”': 21, 'Last measurement in raw DN for LVPS Board signal “P3.3VREF_HK”': 22, 'Last measurement in raw DN for LVPS Board signal “P3.3VREF_OP”': 23, 'Last measurement in raw DN for LVPS Board signal “N6V”': 24, 'Last measurement in raw DN for LVPS Board signal “P6V”': 25, 'Last measurement in raw DN for LVPS Board signal “P16V”': 26, 'Last measurement in raw DN for LVPS Board signal “P3.3V”': 27, 'Last measurement in raw DN for LVPS Board signal “N5V”': 28, 'Last measurement in raw DN for LVPS Board signal “P5V”': 29, 'Last measurement in raw DN for LVPS Board signal “P3.3_IMON”': 30, 'Last measurement in raw DN for LVPS Board signal “P16V_IMON”': 31, 'Last measurement in raw DN for LVPS Board signal “P6V_IMON”': 32, 'Last measurement in raw DN for LVPS Board signal “N6V_IMON”': 33, 'Last measurement in raw DN for LVPS Board signal “P5V_IMON”': 34, 'Last measurement in raw DN for LVPS Board signal “N5V_IMON”': 35, 'Last measurement in raw DN for LVPS Board signal “P2.5V_IMON”': 36, 'Last measurement in raw DN for LVPS Board signal “N2.5V_IMON”': 37, 'Last measurement in raw DN for LVPS Board signal “THERM_DECON0”': 38, 'Last measurement in raw DN for LVPS Board signal “THERM_DECON1”': 39, 'Last measurement in raw DN for LVPS Board signal “THERM_DAB”': 40, 'Last measurement in raw DN for LVPS Board signal “THERM_LVPS”': 41, 'Last measurement in raw DN for LVPS Board signal “THERM_HVPS”': 45, 'Last measurement in raw DN for LVPS Board signal “P2.5V”': 49, 'Last measurement in raw DN for LVPS Board signal “N2.5V”': 50, 'Last measurement in raw DN for LVPS Board signal “Spare”': 51}

 
 ***** var_name being converted for each instrument setting ***** 
 

Matching row  18
coeffs for Last measurement in raw DN for Processor Board signal “1V POL Current”= [0.0 0.9029253 0.0 0.0 0.0 0.0 0.0 0.0]
var_name = Last measurement in raw DN for Processor Board signal “1V POL Current”
var_name = current_1V_pol
Header info = 829
Transformed value for current_1V_pol = 748.5250737
Matching row  18
coeffs for Last measurement in raw DN for Processor Board signal “1.9V POL Current”= [0.0 0.9029253 0.0 0.0 0.0 0.0 0.0 0.0]
var_name = Last measurement in raw DN for Processor Board signal “1.9V POL Current”
var_name = current_1.9V_pol
Header info = 1276
Transformed value for current_1.9V_pol = 1152.1326828
Matching row  18
coeffs for Last measurement in raw DN for Processor Board signal “ProcBd Temp1”= [162.8276 -0.2668687 0.0003323794 -2.43153e-07 9.034532e-11 -1.327735e-14
 0.0 0.0]
var_name = Last measurement in raw DN for Processor Board signal “ProcBd Temp1”
var_name = temperature_1
Header info = 1265
Transformed value for temperature_1 = 53.249248745837114
Matching row  18
coeffs for nan= [-104713.9 52.02446 -0.006463374 0.0 0.0 0.0 0.0 0.0]
var_name = nan
var_name = None
KeyError: (7, None) - Could not find entry for None, 48. Please check the Var_notes or variable mapping.
Matching row  18
coeffs for Last measurement in raw DN for Processor Board signal “ProcBd Temp2”= [162.8276 -0.2668687 0.0003323794 -2.43153e-07 9.034532e-11 -1.327735e-14
 0.0 0.0]
var_name = Last measurement in raw DN for Processor Board signal “ProcBd Temp2”
var_name = temperature_2
Header info = 1639
Transformed value for temperature_2 = 42.65632744710484
Matching row  18
coeffs for Last measurement in raw DN for Processor Board signal “1V Voltage”= [0.0 0.000805861 0.0 0.0 0.0 0.0 0.0 0.0]
var_name = Last measurement in raw DN for Processor Board signal “1V Voltage”
var_name = voltage_1V_bus
Header info = 1242
Transformed value for voltage_1V_bus = 1.0008793619999998
Matching row  18
coeffs for Last measurement in raw DN for Processor Board signal “FPGA Temp”= [358.31 -0.1187104 0.0 0.0 0.0 0.0 0.0 0.0]
var_name = Last measurement in raw DN for Processor Board signal “FPGA Temp”
var_name = fpga_temperature
Header info = 2581
Transformed value for fpga_temperature = 51.91845760000001
Matching row  18
coeffs for Last measurement in raw DN for Processor Board signal “1.9V Voltage”= [0.0 0.000805861 0.0 0.0 0.0 0.0 0.0 0.0]
var_name = Last measurement in raw DN for Processor Board signal “1.9V Voltage”
var_name = voltage_1.9V_bus
Header info = 2328
Transformed value for voltage_1.9V_bus = 1.8760444079999998
Matching row  18
coeffs for Last measurement in raw DN for Processor Board signal “3.3V Voltage”= [0.0 0.001611722 0.0 0.0 0.0 0.0 0.0 0.0]
var_name = Last measurement in raw DN for Processor Board signal “3.3V Voltage”
var_name = voltage_3.3V_bus
Header info = 2040
Transformed value for voltage_3.3V_bus = 3.28791288
Matching row  18
coeffs for Last measurement in raw DN for HVPS Board signal “Detector Voltage”= [0.0 1.4652 0.0 0.0 0.0 0.0 0.0 0.0]
var_name = Last measurement in raw DN for HVPS Board signal “Detector Voltage”
var_name = detector_voltage
Header info = 1640
Transformed value for detector_voltage = 2402.928
Matching row  18
coeffs for Last measurement in raw DN for HVPS Board signal “Sensor Voltage"= [0.0 1.4652 0.0 0.0 0.0 0.0 0.0 0.0]
var_name = Last measurement in raw DN for HVPS Board signal “Sensor Voltage"
var_name = sensor_voltage
Header info = 2012
Transformed value for sensor_voltage = 2947.9824000000003
Matching row  18
coeffs for Last measurement in raw DN for HVPS Board signal “Target Voltage”= [0.0 1.4652 0.0 0.0 0.0 0.0 0.0 0.0]
var_name = Last measurement in raw DN for HVPS Board signal “Target Voltage”
var_name = target_voltage
Header info = 1710
Transformed value for target_voltage = 2505.492
Matching row  18
coeffs for Last measurement in raw DN for HVPS Board signal “Reflectron Voltage”= [0.0 1.4652 0.0 0.0 0.0 0.0 0.0 0.0]
var_name = Last measurement in raw DN for HVPS Board signal “Reflectron Voltage”
var_name = reflectron_voltage
Header info = 135
Transformed value for reflectron_voltage = 197.80200000000002
Matching row  18
coeffs for Last measurement in raw DN for HVPS Board signal “Rejection Voltage”= [0.0 1.4652 0.0 0.0 0.0 0.0 0.0 0.0]
var_name = Last measurement in raw DN for HVPS Board signal “Rejection Voltage”
var_name = rejection_voltage
Header info = 2010
Transformed value for rejection_voltage = 2945.052
Matching row  18
coeffs for Last measurement in raw DN for HVPS Board signal “Detector Current”= [0.0 7.326e-06 0.0 0.0 0.0 0.0 0.0 0.0]
var_name = Last measurement in raw DN for HVPS Board signal “Detector Current”
var_name = current_hvps_sensor
Header info = 2339
Transformed value for current_hvps_sensor = 0.017135514
Matching row  18
coeffs for Last measurement in raw DN for HVPS Board signal “Sensor IP”= [0.0 2.4339e-05 0.0 0.0 0.0 0.0 0.0 0.0]
var_name = Last measurement in raw DN for HVPS Board signal “Sensor IP”
var_name = positive_current_hvps
Header info = 2703
Transformed value for positive_current_hvps = 0.065788317
Matching row  18
coeffs for Last measurement in raw DN for HVPS Board signal “Sensor IN”= [0.0 2.4339e-05 0.0 0.0 0.0 0.0 0.0 0.0]
var_name = Last measurement in raw DN for HVPS Board signal “Sensor IN”
var_name = negative_current_hvps
Header info = 305
Transformed value for negative_current_hvps = 0.007423394999999999
Matching row  18
coeffs for Last measurement in raw DN for LVPS Board signal “P3.3VREF_HK”= [0.0 0.00161172 0.0 0.0 0.0 0.0 0.0 0.0]
var_name = Last measurement in raw DN for LVPS Board signal “P3.3VREF_HK”
var_name = voltage_3V3_ref
Header info = 2048
Transformed value for voltage_3V3_ref = 3.30080256
Matching row  18
coeffs for Last measurement in raw DN for LVPS Board signal “P3.3VREF_OP”= [0.0 0.00161172 0.0 0.0 0.0 0.0 0.0 0.0]
var_name = Last measurement in raw DN for LVPS Board signal “P3.3VREF_OP”
var_name = voltage_3V3_op_ref
Header info = 2048
Transformed value for voltage_3V3_op_ref = 3.30080256
Matching row  18
coeffs for Last measurement in raw DN for LVPS Board signal “N6V”= [-33.0 0.00886447 0.0 0.0 0.0 0.0 0.0 0.0]
var_name = Last measurement in raw DN for LVPS Board signal “N6V”
var_name = voltage_neg6V_bus
Header info = 3002
Transformed value for voltage_neg6V_bus = -6.3888610600000035
Matching row  18
coeffs for Last measurement in raw DN for LVPS Board signal “P6V”= [0.0 0.00241758 0.0 0.0 0.0 0.0 0.0 0.0]
var_name = Last measurement in raw DN for LVPS Board signal “P6V”
var_name = voltage_pos6V_bus
Header info = 2622
Transformed value for voltage_pos6V_bus = 6.33889476
Matching row  18
coeffs for Last measurement in raw DN for LVPS Board signal “P16V”= [0.0 0.00482711 0.0 0.0 0.0 0.0 0.0 0.0]
var_name = Last measurement in raw DN for LVPS Board signal “P16V”
var_name = voltage_pos16V_bus
Header info = 3177
Transformed value for voltage_pos16V_bus = 15.33572847
Matching row  18
coeffs for Last measurement in raw DN for LVPS Board signal “P3.3V”= [0.0 0.00161172 0.0 0.0 0.0 0.0 0.0 0.0]
var_name = Last measurement in raw DN for LVPS Board signal “P3.3V”
var_name = voltage_pos3V3_bus
Header info = 2056
Transformed value for voltage_pos3V3_bus = 3.31369632
Matching row  18
coeffs for Last measurement in raw DN for LVPS Board signal “N5V”= [-33.0 0.00886447 0.0 0.0 0.0 0.0 0.0 0.0]
var_name = Last measurement in raw DN for LVPS Board signal “N5V”
var_name = voltage_neg5V_bus
Header info = 3155
Transformed value for voltage_neg5V_bus = -5.032597150000001
Matching row  18
coeffs for Last measurement in raw DN for LVPS Board signal “P5V”= [0.0 0.00161172 0.0 0.0 0.0 0.0 0.0 0.0]
var_name = Last measurement in raw DN for LVPS Board signal “P5V”
var_name = voltage_pos5V_bus
Header info = 3137
Transformed value for voltage_pos5V_bus = 5.05596564
Matching row  18
coeffs for Last measurement in raw DN for LVPS Board signal “P3.3_IMON”= [0.0 0.00161172 0.0 0.0 0.0 0.0 0.0 0.0]
var_name = Last measurement in raw DN for LVPS Board signal “P3.3_IMON”
var_name = current_3V3_bus
Header info = 1675
Transformed value for current_3V3_bus = 2.699631
Matching row  18
coeffs for Last measurement in raw DN for LVPS Board signal “P16V_IMON”= [0.0 0.000161172 0.0 0.0 0.0 0.0 0.0 0.0]
var_name = Last measurement in raw DN for LVPS Board signal “P16V_IMON”
var_name = current_16V_bus
Header info = 1183
Transformed value for current_16V_bus = 0.190666476
Matching row  18
coeffs for Last measurement in raw DN for LVPS Board signal “P6V_IMON”= [0.0 8.05861e-05 0.0 0.0 0.0 0.0 0.0 0.0]
var_name = Last measurement in raw DN for LVPS Board signal “P6V_IMON”
var_name = current_6V_bus
Header info = 1530
Transformed value for current_6V_bus = 0.12329673299999999
Matching row  18
coeffs for Last measurement in raw DN for LVPS Board signal “N6V_IMON”= [0.0 -8.05861e-05 0.0 0.0 0.0 0.0 0.0 0.0]
var_name = Last measurement in raw DN for LVPS Board signal “N6V_IMON”
var_name = current_neg6V_bus
Header info = 1183
Transformed value for current_neg6V_bus = -0.09533335629999999
Matching row  18
coeffs for Last measurement in raw DN for LVPS Board signal “P5V_IMON”= [0.0 4.029304e-05 0.0 0.0 0.0 0.0 0.0 0.0]
var_name = Last measurement in raw DN for LVPS Board signal “P5V_IMON”
var_name = current_5V_bus
Header info = 1951
Transformed value for current_5V_bus = 0.07861172104
Matching row  18
coeffs for Last measurement in raw DN for LVPS Board signal “N5V_IMON”= [0.0 -2.01465e-05 0.0 0.0 0.0 0.0 0.0 0.0]
var_name = Last measurement in raw DN for LVPS Board signal “N5V_IMON”
var_name = current_neg5V_bus
Header info = 3463
Transformed value for current_neg5V_bus = -0.0697673295
Matching row  18
coeffs for Last measurement in raw DN for LVPS Board signal “P2.5V_IMON”= [0.0 0.00161172 0.0 0.0 0.0 0.0 0.0 0.0]
var_name = Last measurement in raw DN for LVPS Board signal “P2.5V_IMON”
var_name = current_2V5_bus
Header info = 453
Transformed value for current_2V5_bus = 0.73010916
Matching row  18
coeffs for Last measurement in raw DN for LVPS Board signal “N2.5V_IMON”= [0.0 -4.0293e-05 0.0 0.0 0.0 0.0 0.0 0.0]
var_name = Last measurement in raw DN for LVPS Board signal “N2.5V_IMON”
var_name = current_neg2V5_bus
Header info = 2943
Transformed value for current_neg2V5_bus = -0.118582299
Matching row  18
coeffs for Last measurement in raw DN for LVPS Board signal “THERM_DECON0”= [-110.293 0.0665351 0.000305738 -6.32048e-07 5.9934e-10 -2.98784e-13
 7.61361e-17 -7.76467e-21]
var_name = Last measurement in raw DN for LVPS Board signal “THERM_DECON0”
var_name = None
KeyError: (7, None) - Could not find entry for None, 38. Please check the Var_notes or variable mapping.
Matching row  18
coeffs for Last measurement in raw DN for LVPS Board signal “THERM_DECON1”= [-150.478 0.376986 -0.00062072 7.73853e-07 -5.81588e-10 2.56368e-13
 -6.05698e-17 5.96635e-21]
var_name = Last measurement in raw DN for LVPS Board signal “THERM_DECON1”
var_name = None
KeyError: (7, None) - Could not find entry for None, 39. Please check the Var_notes or variable mapping.
Matching row  18
coeffs for Last measurement in raw DN for LVPS Board signal “THERM_DAB”= [-443.248 1.31224 -0.00180422 1.40016e-06 -6.43766e-10 1.7448e-13
 -2.57695e-17 1.60239e-21]
var_name = Last measurement in raw DN for LVPS Board signal “THERM_DAB”
var_name = None
KeyError: (7, None) - Could not find entry for None, 40. Please check the Var_notes or variable mapping.
Matching row  18
coeffs for Last measurement in raw DN for LVPS Board signal “THERM_LVPS”= [200.4137 -0.2020699 0.000175403 -9.739547e-08 2.888932e-11 -3.545603e-15
 0.0 0.0]
var_name = Last measurement in raw DN for LVPS Board signal “THERM_LVPS”
var_name = None
KeyError: (7, None) - Could not find entry for None, 41. Please check the Var_notes or variable mapping.
Matching row  18
coeffs for Last measurement in raw DN for LVPS Board signal “THERM_HVPS”= [200.4137 -0.2020699 0.000175403 -9.739547e-08 2.888932e-11 -3.545603e-15
 0.0 0.0]
var_name = Last measurement in raw DN for LVPS Board signal “THERM_HVPS”
var_name = None
KeyError: (7, None) - Could not find entry for None, 45. Please check the Var_notes or variable mapping.
Matching row  18
coeffs for Last measurement in raw DN for LVPS Board signal “P2.5V”= [0.0 0.00161172 0.0 0.0 0.0 0.0 0.0 0.0]
var_name = Last measurement in raw DN for LVPS Board signal “P2.5V”
var_name = None
KeyError: (7, None) - Could not find entry for None, 49. Please check the Var_notes or variable mapping.
Matching row  18
coeffs for Last measurement in raw DN for LVPS Board signal “N2.5V”= [-33.0 0.00886447 0.0 0.0 0.0 0.0 0.0 0.0]
var_name = Last measurement in raw DN for LVPS Board signal “N2.5V”
var_name = None
KeyError: (7, None) - Could not find entry for None, 50. Please check the Var_notes or variable mapping.
Matching row  18
coeffs for Last measurement in raw DN for LVPS Board signal “Spare”= [0.0 0.00161172 0.0 0.0 0.0 0.0 0.0 0.0]
var_name = Last measurement in raw DN for LVPS Board signal “Spare”
var_name = spare_signal
KeyError: (7, 'spare_signal') - Could not find entry for spare_signal, 51. Please check the Var_notes or variable mapping.
High gain delay = 55 samples.
Mid gain delay = 23 samples.
Low gain delay = 23 samples.
High sampling trigger mode =  0 0 1
High gain trigger mode enabled.
For 2264924160, HG Trigger level = 0.15605999999999998, sample settings = 0, 0
Threshold trigger mode enabled for high gain channel.
AID = 2415085345
Event number = 107
Rice compression enabled = False
Timestamp = 440198898.04404 seconds since epoch (Midnight January 1st, 2010)
Trigger time = 2023-12-13T21:28:18.044040Z
7
7
7
7
7
7
7
7
7
7
7
7
7
{'SHCOARSE': ParsedDataItem(SHCOARSE, raw=440202708, derived=440202708, unit=dn), 'SHFINE': ParsedDataItem(SHFINE, raw=8749, derived=8749, unit=dn), 'IDX__SCI0AID': ParsedDataItem(IDX__SCI0AID, raw=2415085345, derived=2415085345, unit=None), 'IDX__SCI0TYPE': ParsedDataItem(IDX__SCI0TYPE, raw=1, derived=1, unit=None), 'IDX__SCI0CONT': ParsedDataItem(IDX__SCI0CONT, raw=127, derived=127, unit=None), 'IDX__SCI0SPARE1': ParsedDataItem(IDX__SCI0SPARE1, raw=0, derived=0, unit=None), 'IDX__SCI0PACK': ParsedDataItem(IDX__SCI0PACK, raw=1, derived=EN, unit=None), 'IDX__SCI0FRAG': ParsedDataItem(IDX__SCI0FRAG, raw=0, derived=DS, unit=None), 'IDX__SCI0COMP': ParsedDataItem(IDX__SCI0COMP, raw=0, derived=DS, unit=None), 'IDX__SCI0EVTNUM': ParsedDataItem(IDX__SCI0EVTNUM, raw=108, derived=108, unit=None), 'IDX__SCI0CAT': ParsedDataItem(IDX__SCI0CAT, raw=32, derived=32, unit=None), 'IDX__SCI0QUAL': ParsedDataItem(IDX__SCI0QUAL, raw=5, derived=5, unit=None), 'IDX__SCI0FRAGOFF': ParsedDataItem(IDX__SCI0FRAGOFF, raw=0, derived=0, unit=None), 'IDX__SCI0VER': ParsedDataItem(IDX__SCI0VER, raw=9, derived=9, unit=None), 'IDX__SCI0TIME32': ParsedDataItem(IDX__SCI0TIME32, raw=440198932, derived=440198932, unit=None), 'IDX__SCI0SPARE2': ParsedDataItem(IDX__SCI0SPARE2, raw=0, derived=0, unit=None), 'IDX__SCI0SPARE3': ParsedDataItem(IDX__SCI0SPARE3, raw=0, derived=0, unit=None), 'IDX__SCI0SPARE4': ParsedDataItem(IDX__SCI0SPARE4, raw=0, derived=0, unit=None), 'IDX__TXHDRSCIEVTLEN': ParsedDataItem(IDX__TXHDRSCIEVTLEN, raw=8320, derived=8320, unit=None), 'IDX__TXHDRSP00': ParsedDataItem(IDX__TXHDRSP00, raw=0, derived=0, unit=None), 'IDX__TXHDRTIMESEC1': ParsedDataItem(IDX__TXHDRTIMESEC1, raw=6716, derived=6716, unit=None), 'IDX__TXHDRTIMESEC2': ParsedDataItem(IDX__TXHDRTIMESEC2, raw=59156, derived=59156, unit=None), 'IDX__TXHDRTIMESUBS': ParsedDataItem(IDX__TXHDRTIMESUBS, raw=38243, derived=38243, unit=None), 'IDX__TXHDRSP01': ParsedDataItem(IDX__TXHDRSP01, raw=0, derived=0, unit=None), 'IDX__TXHDRTRIGOFFSET': ParsedDataItem(IDX__TXHDRTRIGOFFSET, raw=5, derived=5, unit=None), 'IDX__TXHDRSP02': ParsedDataItem(IDX__TXHDRSP02, raw=0, derived=0, unit=None), 'IDX__TXHDRTRIGID': ParsedDataItem(IDX__TXHDRTRIGID, raw=1, derived=1, unit=None), 'IDX__TXHDREVTNUM': ParsedDataItem(IDX__TXHDREVTNUM, raw=108, derived=108, unit=None), 'IDX__TXHDRBLOCKS': ParsedDataItem(IDX__TXHDRBLOCKS, raw=243679, derived=243679, unit=None), 'IDX__TXHDRHGTRIGCTRL1': ParsedDataItem(IDX__TXHDRHGTRIGCTRL1, raw=2264924160, derived=2264924160, unit=None), 'IDX__TXHDRHGTRIGCTRL2': ParsedDataItem(IDX__TXHDRHGTRIGCTRL2, raw=0, derived=0, unit=None), 'IDX__TXHDRLGTRIGCTRL1': ParsedDataItem(IDX__TXHDRLGTRIGCTRL1, raw=4294965248, derived=4294965248, unit=None), 'IDX__TXHDRLGTRIGCTRL2': ParsedDataItem(IDX__TXHDRLGTRIGCTRL2, raw=4278255360, derived=4278255360, unit=None), 'IDX__TXHDRMGTRIGCTRL1': ParsedDataItem(IDX__TXHDRMGTRIGCTRL1, raw=4294965248, derived=4294965248, unit=None), 'IDX__TXHDRMGTRIGCTRL2': ParsedDataItem(IDX__TXHDRMGTRIGCTRL2, raw=4278255360, derived=4278255360, unit=None), 'IDX__TXHDRSP03': ParsedDataItem(IDX__TXHDRSP03, raw=0, derived=0, unit=None), 'IDX__TXHDRLSADC': ParsedDataItem(IDX__TXHDRLSADC, raw=1048320, derived=1048320, unit=None), 'IDX__TXHDRPOLSTAT': ParsedDataItem(IDX__TXHDRPOLSTAT, raw=1, derived=NEG, unit=None), 'IDX__TXHDRSP04': ParsedDataItem(IDX__TXHDRSP04, raw=0, derived=0, unit=None), 'IDX__TXHDRPOLCTRL': ParsedDataItem(IDX__TXHDRPOLCTRL, raw=0, derived=POS, unit=None), 'IDX__TXHDRCOINENA': ParsedDataItem(IDX__TXHDRCOINENA, raw=0, derived=DIS, unit=None), 'IDX__TXHDRLSTRIGMODE': ParsedDataItem(IDX__TXHDRLSTRIGMODE, raw=0, derived=DIS, unit=None), 'IDX__TXHDRMGTRIGMODE': ParsedDataItem(IDX__TXHDRMGTRIGMODE, raw=0, derived=0, unit=None), 'IDX__TXHDRLGTRIGMODE': ParsedDataItem(IDX__TXHDRLGTRIGMODE, raw=0, derived=0, unit=None), 'IDX__TXHDRHGTRIGMODE': ParsedDataItem(IDX__TXHDRHGTRIGMODE, raw=1, derived=1, unit=None), 'IDX__TXHDRSP05': ParsedDataItem(IDX__TXHDRSP05, raw=0, derived=0, unit=None), 'IDX__TXHDRSP06': ParsedDataItem(IDX__TXHDRSP06, raw=0, derived=0, unit=None), 'IDX__TXHDRSP07': ParsedDataItem(IDX__TXHDRSP07, raw=2018, derived=2018, unit=None), 'IDX__TXHDRSP08': ParsedDataItem(IDX__TXHDRSP08, raw=0, derived=0, unit=None), 'IDX__TXHDRTOFMAX': ParsedDataItem(IDX__TXHDRTOFMAX, raw=567811071, derived=567811071, unit=None), 'IDX__TXHDRTOFMIN': ParsedDataItem(IDX__TXHDRTOFMIN, raw=535295475, derived=535295475, unit=None), 'IDX__TXHDRLS0MAXMIN': ParsedDataItem(IDX__TXHDRLS0MAXMIN, raw=9668327, derived=9668327, unit=None), 'IDX__TXHDRLS1MAXMIN': ParsedDataItem(IDX__TXHDRLS1MAXMIN, raw=8447978, derived=8447978, unit=None), 'IDX__TXHDRLS2MAXMIN': ParsedDataItem(IDX__TXHDRLS2MAXMIN, raw=8427489, derived=8427489, unit=None), 'IDX__TXHDRFIFODELAY': ParsedDataItem(IDX__TXHDRFIFODELAY, raw=17, derived=17, unit=None), 'IDX__TXHDRSAMPDELAY': ParsedDataItem(IDX__TXHDRSAMPDELAY, raw=40934472, derived=40934472, unit=None), 'IDX__TXHDRTRANSCNT': ParsedDataItem(IDX__TXHDRTRANSCNT, raw=14, derived=14, unit=None), 'IDX__TXHDRPROCHKCH01': ParsedDataItem(IDX__TXHDRPROCHKCH01, raw=83624765, derived=83624765, unit=None), 'IDX__TXHDRPROCHKCH23': ParsedDataItem(IDX__TXHDRPROCHKCH23, raw=107349232, derived=107349232, unit=None), 'IDX__TXHDRPROCHKCH45': ParsedDataItem(IDX__TXHDRPROCHKCH45, raw=169149658, derived=169149658, unit=None), 'IDX__TXHDRPROCHKCH67': ParsedDataItem(IDX__TXHDRPROCHKCH67, raw=133695768, derived=133695768, unit=None), 'IDX__TXHDRHVPSHKCH01': ParsedDataItem(IDX__TXHDRHVPSHKCH01, raw=131860073, derived=131860073, unit=None), 'IDX__TXHDRHVPSHKCH23': ParsedDataItem(IDX__TXHDRHVPSHKCH23, raw=8849070, derived=8849070, unit=None), 'IDX__TXHDRHVPSHKCH45': ParsedDataItem(IDX__TXHDRHVPSHKCH45, raw=153225178, derived=153225178, unit=None), 'IDX__TXHDRHVPSHKCH67': ParsedDataItem(IDX__TXHDRHVPSHKCH67, raw=19991184, derived=19991184, unit=None), 'IDX__TXHDRLVHK0CH01': ParsedDataItem(IDX__TXHDRLVHK0CH01, raw=134219776, derived=134219776, unit=None), 'IDX__TXHDRLVHK0CH23': ParsedDataItem(IDX__TXHDRLVHK0CH23, raw=171838394, derived=171838394, unit=None), 'IDX__TXHDRLVHK0CH45': ParsedDataItem(IDX__TXHDRLVHK0CH45, raw=134745193, derived=134745193, unit=None), 'IDX__TXHDRLVHK0CH67': ParsedDataItem(IDX__TXHDRLVHK0CH67, raw=205589587, derived=205589587, unit=None), 'IDX__TXHDRLVHK1CH01': ParsedDataItem(IDX__TXHDRLVHK1CH01, raw=34735755, derived=34735755, unit=None), 'IDX__TXHDRLVHK1CH23': ParsedDataItem(IDX__TXHDRLVHK1CH23, raw=77530618, derived=77530618, unit=None), 'IDX__TXHDRLVHK1CH45': ParsedDataItem(IDX__TXHDRLVHK1CH45, raw=226953119, derived=226953119, unit=None), 'IDX__TXHDRLVHK1CH67': ParsedDataItem(IDX__TXHDRLVHK1CH67, raw=192872901, derived=192872901, unit=None), 'IDX__TXHDRLVHK2CH01': ParsedDataItem(IDX__TXHDRLVHK2CH01, raw=80807123, derived=80807123, unit=None), 'IDX__TXHDRLVHK2CH23': ParsedDataItem(IDX__TXHDRLVHK2CH23, raw=192613010, derived=192613010, unit=None), 'IDX__TXHDRLVHK2CH45': ParsedDataItem(IDX__TXHDRLVHK2CH45, raw=101059661, derived=101059661, unit=None), 'IDX__TXHDRLVHK2CH67': ParsedDataItem(IDX__TXHDRLVHK2CH67, raw=69017, derived=69017, unit=None), 'IDX__TXHDRSP09': ParsedDataItem(IDX__TXHDRSP09, raw=0, derived=0, unit=None), 'IDX__TXHDRSP10': ParsedDataItem(IDX__TXHDRSP10, raw=0, derived=0, unit=None), 'IDX__TXHDRFSWAIDCOPY': ParsedDataItem(IDX__TXHDRFSWAIDCOPY, raw=2415085345, derived=2415085345, unit=None), 'IDX__TXHDRFSWBINCOPY': ParsedDataItem(IDX__TXHDRFSWBINCOPY, raw=0, derived=0, unit=None), 'IDX__TXHDRFSWMAJOR': ParsedDataItem(IDX__TXHDRFSWMAJOR, raw=2, derived=2, unit=None), 'IDX__TXHDRFSWMINOR': ParsedDataItem(IDX__TXHDRFSWMINOR, raw=0, derived=0, unit=None), 'IDX__TXHDRFSWPATCH': ParsedDataItem(IDX__TXHDRFSWPATCH, raw=0, derived=0, unit=None), 'IDX__TXHDRFSWHVSTAT': ParsedDataItem(IDX__TXHDRFSWHVSTAT, raw=3, derived=3, unit=None), 'IDX__TXHDRFSWMEM0': ParsedDataItem(IDX__TXHDRFSWMEM0, raw=0, derived=0, unit=None), 'IDX__TXHDRFSWMEM1': ParsedDataItem(IDX__TXHDRFSWMEM1, raw=0, derived=0, unit=None), 'IDX__TXHDRFSWPT0': ParsedDataItem(IDX__TXHDRFSWPT0, raw=0, derived=0, unit=None), 'IDX__TXHDRFSWPT1': ParsedDataItem(IDX__TXHDRFSWPT1, raw=0, derived=0, unit=None), 'IDX__TXHDRFSWPT2': ParsedDataItem(IDX__TXHDRFSWPT2, raw=0, derived=0, unit=None), 'IDX__TXHDRFSWPT3': ParsedDataItem(IDX__TXHDRFSWPT3, raw=0, derived=0, unit=None), 'IDX__TXHDRFSWPT4': ParsedDataItem(IDX__TXHDRFSWPT4, raw=0, derived=0, unit=None), 'IDX__TXHDRFSWPT5': ParsedDataItem(IDX__TXHDRFSWPT5, raw=0, derived=0, unit=None), 'IDX__TXHDRFSWPT6': ParsedDataItem(IDX__TXHDRFSWPT6, raw=0, derived=0, unit=None), 'IDX__TXHDRFSWPT7': ParsedDataItem(IDX__TXHDRFSWPT7, raw=0, derived=0, unit=None), 'IDX__TXHDRFSWPT8': ParsedDataItem(IDX__TXHDRFSWPT8, raw=0, derived=0, unit=None), 'IDX__TXHDRFSWPT9': ParsedDataItem(IDX__TXHDRFSWPT9, raw=0, derived=0, unit=None), 'IDX__TXHDRFPGAVER': ParsedDataItem(IDX__TXHDRFPGAVER, raw=539165480, derived=539165480, unit=None), 'IDX__SYNCSCI0PKT': ParsedDataItem(IDX__SYNCSCI0PKT, raw=13107, derived=13107, unit=None), 'IDX__CRCSCI0PKT': ParsedDataItem(IDX__CRCSCI0PKT, raw=60577, derived=60577, unit=None)}
SHCOARSE = 440202708
SHFINE = 8749
IDX__SCI0AID = 2415085345
IDX__SCI0TYPE = 1
IDX__SCI0CONT = 127
IDX__SCI0SPARE1 = 0
IDX__SCI0PACK = EN
IDX__SCI0FRAG = DS
IDX__SCI0COMP = DS
IDX__SCI0EVTNUM = 108
IDX__SCI0CAT = 32
IDX__SCI0QUAL = 5
IDX__SCI0FRAGOFF = 0
IDX__SCI0VER = 9
IDX__SCI0TIME32 = 440198932
IDX__SCI0SPARE2 = 0
IDX__SCI0SPARE3 = 0
IDX__SCI0SPARE4 = 0
IDX__TXHDRSCIEVTLEN = 8320
IDX__TXHDRSP00 = 0
IDX__TXHDRTIMESEC1 = 6716
IDX__TXHDRTIMESEC2 = 59156
IDX__TXHDRTIMESUBS = 38243
IDX__TXHDRSP01 = 0
IDX__TXHDRTRIGOFFSET = 5
IDX__TXHDRSP02 = 0
IDX__TXHDRTRIGID = 1
IDX__TXHDREVTNUM = 108
IDX__TXHDRBLOCKS = 243679
IDX__TXHDRHGTRIGCTRL1 = 2264924160
IDX__TXHDRHGTRIGCTRL2 = 0
IDX__TXHDRLGTRIGCTRL1 = 4294965248
IDX__TXHDRLGTRIGCTRL2 = 4278255360
IDX__TXHDRMGTRIGCTRL1 = 4294965248
IDX__TXHDRMGTRIGCTRL2 = 4278255360
IDX__TXHDRSP03 = 0
IDX__TXHDRLSADC = 1048320
IDX__TXHDRPOLSTAT = NEG
IDX__TXHDRSP04 = 0
IDX__TXHDRPOLCTRL = POS
IDX__TXHDRCOINENA = DIS
IDX__TXHDRLSTRIGMODE = DIS
IDX__TXHDRMGTRIGMODE = 0
IDX__TXHDRLGTRIGMODE = 0
IDX__TXHDRHGTRIGMODE = 1
IDX__TXHDRSP05 = 0
IDX__TXHDRSP06 = 0
IDX__TXHDRSP07 = 2018
IDX__TXHDRSP08 = 0
IDX__TXHDRTOFMAX = 567811071
IDX__TXHDRTOFMIN = 535295475
IDX__TXHDRLS0MAXMIN = 9668327
IDX__TXHDRLS1MAXMIN = 8447978
IDX__TXHDRLS2MAXMIN = 8427489
IDX__TXHDRFIFODELAY = 17
IDX__TXHDRSAMPDELAY = 40934472
IDX__TXHDRTRANSCNT = 14
IDX__TXHDRPROCHKCH01 = 83624765
IDX__TXHDRPROCHKCH23 = 107349232
IDX__TXHDRPROCHKCH45 = 169149658
IDX__TXHDRPROCHKCH67 = 133695768
IDX__TXHDRHVPSHKCH01 = 131860073
IDX__TXHDRHVPSHKCH23 = 8849070
IDX__TXHDRHVPSHKCH45 = 153225178
IDX__TXHDRHVPSHKCH67 = 19991184
IDX__TXHDRLVHK0CH01 = 134219776
IDX__TXHDRLVHK0CH23 = 171838394
IDX__TXHDRLVHK0CH45 = 134745193
IDX__TXHDRLVHK0CH67 = 205589587
IDX__TXHDRLVHK1CH01 = 34735755
IDX__TXHDRLVHK1CH23 = 77530618
IDX__TXHDRLVHK1CH45 = 226953119
IDX__TXHDRLVHK1CH67 = 192872901
IDX__TXHDRLVHK2CH01 = 80807123
IDX__TXHDRLVHK2CH23 = 192613010
IDX__TXHDRLVHK2CH45 = 101059661
IDX__TXHDRLVHK2CH67 = 69017
IDX__TXHDRSP09 = 0
IDX__TXHDRSP10 = 0
IDX__TXHDRFSWAIDCOPY = 2415085345
IDX__TXHDRFSWBINCOPY = 0
IDX__TXHDRFSWMAJOR = 2
IDX__TXHDRFSWMINOR = 0
IDX__TXHDRFSWPATCH = 0
IDX__TXHDRFSWHVSTAT = 3
IDX__TXHDRFSWMEM0 = 0
IDX__TXHDRFSWMEM1 = 0
IDX__TXHDRFSWPT0 = 0
IDX__TXHDRFSWPT1 = 0
IDX__TXHDRFSWPT2 = 0
IDX__TXHDRFSWPT3 = 0
IDX__TXHDRFSWPT4 = 0
IDX__TXHDRFSWPT5 = 0
IDX__TXHDRFSWPT6 = 0
IDX__TXHDRFSWPT7 = 0
IDX__TXHDRFSWPT8 = 0
IDX__TXHDRFSWPT9 = 0
IDX__TXHDRFPGAVER = 539165480
IDX__SYNCSCI0PKT = 13107
IDX__CRCSCI0PKT = 60577
^*****Event header 8******^
EVTNUM: 8
SCI0TYPE: 1
TXHDRBLOCKS RAW: 243679
TXHDRBLOCKS DERIVED: 243679
-----
HS pre trig sampling blocks:  31
LS pre trig sampling blocks:  3
HS post trig sampling blocks:  31
LS post trig sampling blocks:  11
IDX__TXHDRHVPSHKCH01 = 131860073
Detector voltage =  1641
Sensor voltage =  2012
Target voltage =  1710
Reflectron voltage =  135
Rejection voltage =  2010
Current for HVPS sensor =  2338
Positive current for HVPS sensor =  2704
Negative current for HVPS sensor =  305
Voltage +3.3V reference =  2048
Voltage +3.3V operational reference =  2048
Voltage -6V bus =  3002
Voltage +6V bus =  2622
Voltage +16V bus =  3177
Voltage +3.3V bus =  2056
Voltage -5V bus =  3155
Voltage +5V bus =  3137
Current +3.3V bus =  1675
Current +16V bus =  1183
Current +6V bus =  1530
Current -6V bus =  1183
Current +5V bus =  1951
Current -5V bus =  3463
Current +2.5V bus =  453
Current -2.5V bus =  2943
Current on the 1V POL =  829
Current on the 1.9V POL =  1276
ProcBd Temperature 1 =  1264
ProcBd Temperature 2 =  1638
Voltage on 1V bus =  1242
FPGA Temperature =  2581
Voltage on 1.9V bus =  2328
Voltage on 3.3V bus =  2040
var_to_row = {'Last measurement in raw DN for Processor Board signal “1V POL Current”': 0, 'Last measurement in raw DN for Processor Board signal “1.9V POL Current”': 1, 'Last measurement in raw DN for Processor Board signal “ProcBd Temp1”': 2, nan: 48, 'Last measurement in raw DN for Processor Board signal “ProcBd Temp2”': 6, 'Last measurement in raw DN for Processor Board signal “1V Voltage”': 10, 'Last measurement in raw DN for Processor Board signal “FPGA Temp”': 11, 'Last measurement in raw DN for Processor Board signal “1.9V Voltage”': 12, 'Last measurement in raw DN for Processor Board signal “3.3V Voltage”': 13, 'Last measurement in raw DN for HVPS Board signal “Detector Voltage”': 14, 'Last measurement in raw DN for HVPS Board signal “Sensor Voltage"': 15, 'Last measurement in raw DN for HVPS Board signal “Target Voltage”': 16, 'Last measurement in raw DN for HVPS Board signal “Reflectron Voltage”': 17, 'Last measurement in raw DN for HVPS Board signal “Rejection Voltage”': 18, 'Last measurement in raw DN for HVPS Board signal “Detector Current”': 19, 'Last measurement in raw DN for HVPS Board signal “Sensor IP”': 20, 'Last measurement in raw DN for HVPS Board signal “Sensor IN”': 21, 'Last measurement in raw DN for LVPS Board signal “P3.3VREF_HK”': 22, 'Last measurement in raw DN for LVPS Board signal “P3.3VREF_OP”': 23, 'Last measurement in raw DN for LVPS Board signal “N6V”': 24, 'Last measurement in raw DN for LVPS Board signal “P6V”': 25, 'Last measurement in raw DN for LVPS Board signal “P16V”': 26, 'Last measurement in raw DN for LVPS Board signal “P3.3V”': 27, 'Last measurement in raw DN for LVPS Board signal “N5V”': 28, 'Last measurement in raw DN for LVPS Board signal “P5V”': 29, 'Last measurement in raw DN for LVPS Board signal “P3.3_IMON”': 30, 'Last measurement in raw DN for LVPS Board signal “P16V_IMON”': 31, 'Last measurement in raw DN for LVPS Board signal “P6V_IMON”': 32, 'Last measurement in raw DN for LVPS Board signal “N6V_IMON”': 33, 'Last measurement in raw DN for LVPS Board signal “P5V_IMON”': 34, 'Last measurement in raw DN for LVPS Board signal “N5V_IMON”': 35, 'Last measurement in raw DN for LVPS Board signal “P2.5V_IMON”': 36, 'Last measurement in raw DN for LVPS Board signal “N2.5V_IMON”': 37, 'Last measurement in raw DN for LVPS Board signal “THERM_DECON0”': 38, 'Last measurement in raw DN for LVPS Board signal “THERM_DECON1”': 39, 'Last measurement in raw DN for LVPS Board signal “THERM_DAB”': 40, 'Last measurement in raw DN for LVPS Board signal “THERM_LVPS”': 41, 'Last measurement in raw DN for LVPS Board signal “THERM_HVPS”': 45, 'Last measurement in raw DN for LVPS Board signal “P2.5V”': 49, 'Last measurement in raw DN for LVPS Board signal “N2.5V”': 50, 'Last measurement in raw DN for LVPS Board signal “Spare”': 51}

 
 ***** var_name being converted for each instrument setting ***** 
 

Matching row  18
coeffs for Last measurement in raw DN for Processor Board signal “1V POL Current”= [0.0 0.9029253 0.0 0.0 0.0 0.0 0.0 0.0]
var_name = Last measurement in raw DN for Processor Board signal “1V POL Current”
var_name = current_1V_pol
Header info = 829
Transformed value for current_1V_pol = 748.5250737
Matching row  18
coeffs for Last measurement in raw DN for Processor Board signal “1.9V POL Current”= [0.0 0.9029253 0.0 0.0 0.0 0.0 0.0 0.0]
var_name = Last measurement in raw DN for Processor Board signal “1.9V POL Current”
var_name = current_1.9V_pol
Header info = 1276
Transformed value for current_1.9V_pol = 1152.1326828
Matching row  18
coeffs for Last measurement in raw DN for Processor Board signal “ProcBd Temp1”= [162.8276 -0.2668687 0.0003323794 -2.43153e-07 9.034532e-11 -1.327735e-14
 0.0 0.0]
var_name = Last measurement in raw DN for Processor Board signal “ProcBd Temp1”
var_name = temperature_1
Header info = 1264
Transformed value for temperature_1 = 53.2809636829942
Matching row  18
coeffs for nan= [-104713.9 52.02446 -0.006463374 0.0 0.0 0.0 0.0 0.0]
var_name = nan
var_name = None
KeyError: (8, None) - Could not find entry for None, 48. Please check the Var_notes or variable mapping.
Matching row  18
coeffs for Last measurement in raw DN for Processor Board signal “ProcBd Temp2”= [162.8276 -0.2668687 0.0003323794 -2.43153e-07 9.034532e-11 -1.327735e-14
 0.0 0.0]
var_name = Last measurement in raw DN for Processor Board signal “ProcBd Temp2”
var_name = temperature_2
Header info = 1638
Transformed value for temperature_2 = 42.68117551408582
Matching row  18
coeffs for Last measurement in raw DN for Processor Board signal “1V Voltage”= [0.0 0.000805861 0.0 0.0 0.0 0.0 0.0 0.0]
var_name = Last measurement in raw DN for Processor Board signal “1V Voltage”
var_name = voltage_1V_bus
Header info = 1242
Transformed value for voltage_1V_bus = 1.0008793619999998
Matching row  18
coeffs for Last measurement in raw DN for Processor Board signal “FPGA Temp”= [358.31 -0.1187104 0.0 0.0 0.0 0.0 0.0 0.0]
var_name = Last measurement in raw DN for Processor Board signal “FPGA Temp”
var_name = fpga_temperature
Header info = 2581
Transformed value for fpga_temperature = 51.91845760000001
Matching row  18
coeffs for Last measurement in raw DN for Processor Board signal “1.9V Voltage”= [0.0 0.000805861 0.0 0.0 0.0 0.0 0.0 0.0]
var_name = Last measurement in raw DN for Processor Board signal “1.9V Voltage”
var_name = voltage_1.9V_bus
Header info = 2328
Transformed value for voltage_1.9V_bus = 1.8760444079999998
Matching row  18
coeffs for Last measurement in raw DN for Processor Board signal “3.3V Voltage”= [0.0 0.001611722 0.0 0.0 0.0 0.0 0.0 0.0]
var_name = Last measurement in raw DN for Processor Board signal “3.3V Voltage”
var_name = voltage_3.3V_bus
Header info = 2040
Transformed value for voltage_3.3V_bus = 3.28791288
Matching row  18
coeffs for Last measurement in raw DN for HVPS Board signal “Detector Voltage”= [0.0 1.4652 0.0 0.0 0.0 0.0 0.0 0.0]
var_name = Last measurement in raw DN for HVPS Board signal “Detector Voltage”
var_name = detector_voltage
Header info = 1641
Transformed value for detector_voltage = 2404.3932
Matching row  18
coeffs for Last measurement in raw DN for HVPS Board signal “Sensor Voltage"= [0.0 1.4652 0.0 0.0 0.0 0.0 0.0 0.0]
var_name = Last measurement in raw DN for HVPS Board signal “Sensor Voltage"
var_name = sensor_voltage
Header info = 2012
Transformed value for sensor_voltage = 2947.9824000000003
Matching row  18
coeffs for Last measurement in raw DN for HVPS Board signal “Target Voltage”= [0.0 1.4652 0.0 0.0 0.0 0.0 0.0 0.0]
var_name = Last measurement in raw DN for HVPS Board signal “Target Voltage”
var_name = target_voltage
Header info = 1710
Transformed value for target_voltage = 2505.492
Matching row  18
coeffs for Last measurement in raw DN for HVPS Board signal “Reflectron Voltage”= [0.0 1.4652 0.0 0.0 0.0 0.0 0.0 0.0]
var_name = Last measurement in raw DN for HVPS Board signal “Reflectron Voltage”
var_name = reflectron_voltage
Header info = 135
Transformed value for reflectron_voltage = 197.80200000000002
Matching row  18
coeffs for Last measurement in raw DN for HVPS Board signal “Rejection Voltage”= [0.0 1.4652 0.0 0.0 0.0 0.0 0.0 0.0]
var_name = Last measurement in raw DN for HVPS Board signal “Rejection Voltage”
var_name = rejection_voltage
Header info = 2010
Transformed value for rejection_voltage = 2945.052
Matching row  18
coeffs for Last measurement in raw DN for HVPS Board signal “Detector Current”= [0.0 7.326e-06 0.0 0.0 0.0 0.0 0.0 0.0]
var_name = Last measurement in raw DN for HVPS Board signal “Detector Current”
var_name = current_hvps_sensor
Header info = 2338
Transformed value for current_hvps_sensor = 0.017128188
Matching row  18
coeffs for Last measurement in raw DN for HVPS Board signal “Sensor IP”= [0.0 2.4339e-05 0.0 0.0 0.0 0.0 0.0 0.0]
var_name = Last measurement in raw DN for HVPS Board signal “Sensor IP”
var_name = positive_current_hvps
Header info = 2704
Transformed value for positive_current_hvps = 0.065812656
Matching row  18
coeffs for Last measurement in raw DN for HVPS Board signal “Sensor IN”= [0.0 2.4339e-05 0.0 0.0 0.0 0.0 0.0 0.0]
var_name = Last measurement in raw DN for HVPS Board signal “Sensor IN”
var_name = negative_current_hvps
Header info = 305
Transformed value for negative_current_hvps = 0.007423394999999999
Matching row  18
coeffs for Last measurement in raw DN for LVPS Board signal “P3.3VREF_HK”= [0.0 0.00161172 0.0 0.0 0.0 0.0 0.0 0.0]
var_name = Last measurement in raw DN for LVPS Board signal “P3.3VREF_HK”
var_name = voltage_3V3_ref
Header info = 2048
Transformed value for voltage_3V3_ref = 3.30080256
Matching row  18
coeffs for Last measurement in raw DN for LVPS Board signal “P3.3VREF_OP”= [0.0 0.00161172 0.0 0.0 0.0 0.0 0.0 0.0]
var_name = Last measurement in raw DN for LVPS Board signal “P3.3VREF_OP”
var_name = voltage_3V3_op_ref
Header info = 2048
Transformed value for voltage_3V3_op_ref = 3.30080256
Matching row  18
coeffs for Last measurement in raw DN for LVPS Board signal “N6V”= [-33.0 0.00886447 0.0 0.0 0.0 0.0 0.0 0.0]
var_name = Last measurement in raw DN for LVPS Board signal “N6V”
var_name = voltage_neg6V_bus
Header info = 3002
Transformed value for voltage_neg6V_bus = -6.3888610600000035
Matching row  18
coeffs for Last measurement in raw DN for LVPS Board signal “P6V”= [0.0 0.00241758 0.0 0.0 0.0 0.0 0.0 0.0]
var_name = Last measurement in raw DN for LVPS Board signal “P6V”
var_name = voltage_pos6V_bus
Header info = 2622
Transformed value for voltage_pos6V_bus = 6.33889476
Matching row  18
coeffs for Last measurement in raw DN for LVPS Board signal “P16V”= [0.0 0.00482711 0.0 0.0 0.0 0.0 0.0 0.0]
var_name = Last measurement in raw DN for LVPS Board signal “P16V”
var_name = voltage_pos16V_bus
Header info = 3177
Transformed value for voltage_pos16V_bus = 15.33572847
Matching row  18
coeffs for Last measurement in raw DN for LVPS Board signal “P3.3V”= [0.0 0.00161172 0.0 0.0 0.0 0.0 0.0 0.0]
var_name = Last measurement in raw DN for LVPS Board signal “P3.3V”
var_name = voltage_pos3V3_bus
Header info = 2056
Transformed value for voltage_pos3V3_bus = 3.31369632
Matching row  18
coeffs for Last measurement in raw DN for LVPS Board signal “N5V”= [-33.0 0.00886447 0.0 0.0 0.0 0.0 0.0 0.0]
var_name = Last measurement in raw DN for LVPS Board signal “N5V”
var_name = voltage_neg5V_bus
Header info = 3155
Transformed value for voltage_neg5V_bus = -5.032597150000001
Matching row  18
coeffs for Last measurement in raw DN for LVPS Board signal “P5V”= [0.0 0.00161172 0.0 0.0 0.0 0.0 0.0 0.0]
var_name = Last measurement in raw DN for LVPS Board signal “P5V”
var_name = voltage_pos5V_bus
Header info = 3137
Transformed value for voltage_pos5V_bus = 5.05596564
Matching row  18
coeffs for Last measurement in raw DN for LVPS Board signal “P3.3_IMON”= [0.0 0.00161172 0.0 0.0 0.0 0.0 0.0 0.0]
var_name = Last measurement in raw DN for LVPS Board signal “P3.3_IMON”
var_name = current_3V3_bus
Header info = 1675
Transformed value for current_3V3_bus = 2.699631
Matching row  18
coeffs for Last measurement in raw DN for LVPS Board signal “P16V_IMON”= [0.0 0.000161172 0.0 0.0 0.0 0.0 0.0 0.0]
var_name = Last measurement in raw DN for LVPS Board signal “P16V_IMON”
var_name = current_16V_bus
Header info = 1183
Transformed value for current_16V_bus = 0.190666476
Matching row  18
coeffs for Last measurement in raw DN for LVPS Board signal “P6V_IMON”= [0.0 8.05861e-05 0.0 0.0 0.0 0.0 0.0 0.0]
var_name = Last measurement in raw DN for LVPS Board signal “P6V_IMON”
var_name = current_6V_bus
Header info = 1530
Transformed value for current_6V_bus = 0.12329673299999999
Matching row  18
coeffs for Last measurement in raw DN for LVPS Board signal “N6V_IMON”= [0.0 -8.05861e-05 0.0 0.0 0.0 0.0 0.0 0.0]
var_name = Last measurement in raw DN for LVPS Board signal “N6V_IMON”
var_name = current_neg6V_bus
Header info = 1183
Transformed value for current_neg6V_bus = -0.09533335629999999
Matching row  18
coeffs for Last measurement in raw DN for LVPS Board signal “P5V_IMON”= [0.0 4.029304e-05 0.0 0.0 0.0 0.0 0.0 0.0]
var_name = Last measurement in raw DN for LVPS Board signal “P5V_IMON”
var_name = current_5V_bus
Header info = 1951
Transformed value for current_5V_bus = 0.07861172104
Matching row  18
coeffs for Last measurement in raw DN for LVPS Board signal “N5V_IMON”= [0.0 -2.01465e-05 0.0 0.0 0.0 0.0 0.0 0.0]
var_name = Last measurement in raw DN for LVPS Board signal “N5V_IMON”
var_name = current_neg5V_bus
Header info = 3463
Transformed value for current_neg5V_bus = -0.0697673295
Matching row  18
coeffs for Last measurement in raw DN for LVPS Board signal “P2.5V_IMON”= [0.0 0.00161172 0.0 0.0 0.0 0.0 0.0 0.0]
var_name = Last measurement in raw DN for LVPS Board signal “P2.5V_IMON”
var_name = current_2V5_bus
Header info = 453
Transformed value for current_2V5_bus = 0.73010916
Matching row  18
coeffs for Last measurement in raw DN for LVPS Board signal “N2.5V_IMON”= [0.0 -4.0293e-05 0.0 0.0 0.0 0.0 0.0 0.0]
var_name = Last measurement in raw DN for LVPS Board signal “N2.5V_IMON”
var_name = current_neg2V5_bus
Header info = 2943
Transformed value for current_neg2V5_bus = -0.118582299
Matching row  18
coeffs for Last measurement in raw DN for LVPS Board signal “THERM_DECON0”= [-110.293 0.0665351 0.000305738 -6.32048e-07 5.9934e-10 -2.98784e-13
 7.61361e-17 -7.76467e-21]
var_name = Last measurement in raw DN for LVPS Board signal “THERM_DECON0”
var_name = None
KeyError: (8, None) - Could not find entry for None, 38. Please check the Var_notes or variable mapping.
Matching row  18
coeffs for Last measurement in raw DN for LVPS Board signal “THERM_DECON1”= [-150.478 0.376986 -0.00062072 7.73853e-07 -5.81588e-10 2.56368e-13
 -6.05698e-17 5.96635e-21]
var_name = Last measurement in raw DN for LVPS Board signal “THERM_DECON1”
var_name = None
KeyError: (8, None) - Could not find entry for None, 39. Please check the Var_notes or variable mapping.
Matching row  18
coeffs for Last measurement in raw DN for LVPS Board signal “THERM_DAB”= [-443.248 1.31224 -0.00180422 1.40016e-06 -6.43766e-10 1.7448e-13
 -2.57695e-17 1.60239e-21]
var_name = Last measurement in raw DN for LVPS Board signal “THERM_DAB”
var_name = None
KeyError: (8, None) - Could not find entry for None, 40. Please check the Var_notes or variable mapping.
Matching row  18
coeffs for Last measurement in raw DN for LVPS Board signal “THERM_LVPS”= [200.4137 -0.2020699 0.000175403 -9.739547e-08 2.888932e-11 -3.545603e-15
 0.0 0.0]
var_name = Last measurement in raw DN for LVPS Board signal “THERM_LVPS”
var_name = None
KeyError: (8, None) - Could not find entry for None, 41. Please check the Var_notes or variable mapping.
Matching row  18
coeffs for Last measurement in raw DN for LVPS Board signal “THERM_HVPS”= [200.4137 -0.2020699 0.000175403 -9.739547e-08 2.888932e-11 -3.545603e-15
 0.0 0.0]
var_name = Last measurement in raw DN for LVPS Board signal “THERM_HVPS”
var_name = None
KeyError: (8, None) - Could not find entry for None, 45. Please check the Var_notes or variable mapping.
Matching row  18
coeffs for Last measurement in raw DN for LVPS Board signal “P2.5V”= [0.0 0.00161172 0.0 0.0 0.0 0.0 0.0 0.0]
var_name = Last measurement in raw DN for LVPS Board signal “P2.5V”
var_name = None
KeyError: (8, None) - Could not find entry for None, 49. Please check the Var_notes or variable mapping.
Matching row  18
coeffs for Last measurement in raw DN for LVPS Board signal “N2.5V”= [-33.0 0.00886447 0.0 0.0 0.0 0.0 0.0 0.0]
var_name = Last measurement in raw DN for LVPS Board signal “N2.5V”
var_name = None
KeyError: (8, None) - Could not find entry for None, 50. Please check the Var_notes or variable mapping.
Matching row  18
coeffs for Last measurement in raw DN for LVPS Board signal “Spare”= [0.0 0.00161172 0.0 0.0 0.0 0.0 0.0 0.0]
var_name = Last measurement in raw DN for LVPS Board signal “Spare”
var_name = spare_signal
KeyError: (8, 'spare_signal') - Could not find entry for spare_signal, 51. Please check the Var_notes or variable mapping.
High gain delay = 72 samples.
Mid gain delay = 39 samples.
Low gain delay = 39 samples.
High sampling trigger mode =  0 0 1
High gain trigger mode enabled.
For 2264924160, HG Trigger level = 0.15605999999999998, sample settings = 0, 0
Threshold trigger mode enabled for high gain channel.
AID = 2415085345
Event number = 108
Rice compression enabled = False
Timestamp = 440198932.76486 seconds since epoch (Midnight January 1st, 2010)
Trigger time = 2023-12-13T21:28:52.764860Z
8
8
8
8
8
8
8
8
8
8
8
8
8
{'SHCOARSE': ParsedDataItem(SHCOARSE, raw=440202721, derived=440202721, unit=dn), 'SHFINE': ParsedDataItem(SHFINE, raw=8758, derived=8758, unit=dn), 'IDX__SCI0AID': ParsedDataItem(IDX__SCI0AID, raw=2415085345, derived=2415085345, unit=None), 'IDX__SCI0TYPE': ParsedDataItem(IDX__SCI0TYPE, raw=1, derived=1, unit=None), 'IDX__SCI0CONT': ParsedDataItem(IDX__SCI0CONT, raw=127, derived=127, unit=None), 'IDX__SCI0SPARE1': ParsedDataItem(IDX__SCI0SPARE1, raw=0, derived=0, unit=None), 'IDX__SCI0PACK': ParsedDataItem(IDX__SCI0PACK, raw=1, derived=EN, unit=None), 'IDX__SCI0FRAG': ParsedDataItem(IDX__SCI0FRAG, raw=0, derived=DS, unit=None), 'IDX__SCI0COMP': ParsedDataItem(IDX__SCI0COMP, raw=0, derived=DS, unit=None), 'IDX__SCI0EVTNUM': ParsedDataItem(IDX__SCI0EVTNUM, raw=109, derived=109, unit=None), 'IDX__SCI0CAT': ParsedDataItem(IDX__SCI0CAT, raw=32, derived=32, unit=None), 'IDX__SCI0QUAL': ParsedDataItem(IDX__SCI0QUAL, raw=5, derived=5, unit=None), 'IDX__SCI0FRAGOFF': ParsedDataItem(IDX__SCI0FRAGOFF, raw=0, derived=0, unit=None), 'IDX__SCI0VER': ParsedDataItem(IDX__SCI0VER, raw=9, derived=9, unit=None), 'IDX__SCI0TIME32': ParsedDataItem(IDX__SCI0TIME32, raw=440199190, derived=440199190, unit=None), 'IDX__SCI0SPARE2': ParsedDataItem(IDX__SCI0SPARE2, raw=0, derived=0, unit=None), 'IDX__SCI0SPARE3': ParsedDataItem(IDX__SCI0SPARE3, raw=0, derived=0, unit=None), 'IDX__SCI0SPARE4': ParsedDataItem(IDX__SCI0SPARE4, raw=0, derived=0, unit=None), 'IDX__TXHDRSCIEVTLEN': ParsedDataItem(IDX__TXHDRSCIEVTLEN, raw=8320, derived=8320, unit=None), 'IDX__TXHDRSP00': ParsedDataItem(IDX__TXHDRSP00, raw=0, derived=0, unit=None), 'IDX__TXHDRTIMESEC1': ParsedDataItem(IDX__TXHDRTIMESEC1, raw=6716, derived=6716, unit=None), 'IDX__TXHDRTIMESEC2': ParsedDataItem(IDX__TXHDRTIMESEC2, raw=59414, derived=59414, unit=None), 'IDX__TXHDRTIMESUBS': ParsedDataItem(IDX__TXHDRTIMESUBS, raw=11821, derived=11821, unit=None), 'IDX__TXHDRSP01': ParsedDataItem(IDX__TXHDRSP01, raw=0, derived=0, unit=None), 'IDX__TXHDRTRIGOFFSET': ParsedDataItem(IDX__TXHDRTRIGOFFSET, raw=1, derived=1, unit=None), 'IDX__TXHDRSP02': ParsedDataItem(IDX__TXHDRSP02, raw=0, derived=0, unit=None), 'IDX__TXHDRTRIGID': ParsedDataItem(IDX__TXHDRTRIGID, raw=1, derived=1, unit=None), 'IDX__TXHDREVTNUM': ParsedDataItem(IDX__TXHDREVTNUM, raw=109, derived=109, unit=None), 'IDX__TXHDRBLOCKS': ParsedDataItem(IDX__TXHDRBLOCKS, raw=243679, derived=243679, unit=None), 'IDX__TXHDRHGTRIGCTRL1': ParsedDataItem(IDX__TXHDRHGTRIGCTRL1, raw=2264924160, derived=2264924160, unit=None), 'IDX__TXHDRHGTRIGCTRL2': ParsedDataItem(IDX__TXHDRHGTRIGCTRL2, raw=0, derived=0, unit=None), 'IDX__TXHDRLGTRIGCTRL1': ParsedDataItem(IDX__TXHDRLGTRIGCTRL1, raw=4294965248, derived=4294965248, unit=None), 'IDX__TXHDRLGTRIGCTRL2': ParsedDataItem(IDX__TXHDRLGTRIGCTRL2, raw=4278255360, derived=4278255360, unit=None), 'IDX__TXHDRMGTRIGCTRL1': ParsedDataItem(IDX__TXHDRMGTRIGCTRL1, raw=4294965248, derived=4294965248, unit=None), 'IDX__TXHDRMGTRIGCTRL2': ParsedDataItem(IDX__TXHDRMGTRIGCTRL2, raw=4278255360, derived=4278255360, unit=None), 'IDX__TXHDRSP03': ParsedDataItem(IDX__TXHDRSP03, raw=0, derived=0, unit=None), 'IDX__TXHDRLSADC': ParsedDataItem(IDX__TXHDRLSADC, raw=1048320, derived=1048320, unit=None), 'IDX__TXHDRPOLSTAT': ParsedDataItem(IDX__TXHDRPOLSTAT, raw=1, derived=NEG, unit=None), 'IDX__TXHDRSP04': ParsedDataItem(IDX__TXHDRSP04, raw=0, derived=0, unit=None), 'IDX__TXHDRPOLCTRL': ParsedDataItem(IDX__TXHDRPOLCTRL, raw=0, derived=POS, unit=None), 'IDX__TXHDRCOINENA': ParsedDataItem(IDX__TXHDRCOINENA, raw=0, derived=DIS, unit=None), 'IDX__TXHDRLSTRIGMODE': ParsedDataItem(IDX__TXHDRLSTRIGMODE, raw=0, derived=DIS, unit=None), 'IDX__TXHDRMGTRIGMODE': ParsedDataItem(IDX__TXHDRMGTRIGMODE, raw=0, derived=0, unit=None), 'IDX__TXHDRLGTRIGMODE': ParsedDataItem(IDX__TXHDRLGTRIGMODE, raw=0, derived=0, unit=None), 'IDX__TXHDRHGTRIGMODE': ParsedDataItem(IDX__TXHDRHGTRIGMODE, raw=1, derived=1, unit=None), 'IDX__TXHDRSP05': ParsedDataItem(IDX__TXHDRSP05, raw=0, derived=0, unit=None), 'IDX__TXHDRSP06': ParsedDataItem(IDX__TXHDRSP06, raw=0, derived=0, unit=None), 'IDX__TXHDRSP07': ParsedDataItem(IDX__TXHDRSP07, raw=2018, derived=2018, unit=None), 'IDX__TXHDRSP08': ParsedDataItem(IDX__TXHDRSP08, raw=0, derived=0, unit=None), 'IDX__TXHDRTOFMAX': ParsedDataItem(IDX__TXHDRTOFMAX, raw=560471039, derived=560471039, unit=None), 'IDX__TXHDRTOFMIN': ParsedDataItem(IDX__TXHDRTOFMIN, raw=535295474, derived=535295474, unit=None), 'IDX__TXHDRLS0MAXMIN': ParsedDataItem(IDX__TXHDRLS0MAXMIN, raw=14792058, derived=14792058, unit=None), 'IDX__TXHDRLS1MAXMIN': ParsedDataItem(IDX__TXHDRLS1MAXMIN, raw=8447976, derived=8447976, unit=None), 'IDX__TXHDRLS2MAXMIN': ParsedDataItem(IDX__TXHDRLS2MAXMIN, raw=8447965, derived=8447965, unit=None), 'IDX__TXHDRFIFODELAY': ParsedDataItem(IDX__TXHDRFIFODELAY, raw=16, derived=16, unit=None), 'IDX__TXHDRSAMPDELAY': ParsedDataItem(IDX__TXHDRSAMPDELAY, raw=7347239, derived=7347239, unit=None), 'IDX__TXHDRTRANSCNT': ParsedDataItem(IDX__TXHDRTRANSCNT, raw=18, derived=18, unit=None), 'IDX__TXHDRPROCHKCH01': ParsedDataItem(IDX__TXHDRPROCHKCH01, raw=83624767, derived=83624767, unit=None), 'IDX__TXHDRPROCHKCH23': ParsedDataItem(IDX__TXHDRPROCHKCH23, raw=106956011, derived=106956011, unit=None), 'IDX__TXHDRPROCHKCH45': ParsedDataItem(IDX__TXHDRPROCHKCH45, raw=169018586, derived=169018586, unit=None), 'IDX__TXHDRPROCHKCH67': ParsedDataItem(IDX__TXHDRPROCHKCH67, raw=133695768, derived=133695768, unit=None), 'IDX__TXHDRHVPSHKCH01': ParsedDataItem(IDX__TXHDRHVPSHKCH01, raw=131860073, derived=131860073, unit=None), 'IDX__TXHDRHVPSHKCH23': ParsedDataItem(IDX__TXHDRHVPSHKCH23, raw=8849070, derived=8849070, unit=None), 'IDX__TXHDRHVPSHKCH45': ParsedDataItem(IDX__TXHDRHVPSHKCH45, raw=153290714, derived=153290714, unit=None), 'IDX__TXHDRHVPSHKCH67': ParsedDataItem(IDX__TXHDRHVPSHKCH67, raw=19991184, derived=19991184, unit=None), 'IDX__TXHDRLVHK0CH01': ParsedDataItem(IDX__TXHDRLVHK0CH01, raw=134219776, derived=134219776, unit=None), 'IDX__TXHDRLVHK0CH23': ParsedDataItem(IDX__TXHDRLVHK0CH23, raw=171838394, derived=171838394, unit=None), 'IDX__TXHDRLVHK0CH45': ParsedDataItem(IDX__TXHDRLVHK0CH45, raw=134745193, derived=134745193, unit=None), 'IDX__TXHDRLVHK0CH67': ParsedDataItem(IDX__TXHDRLVHK0CH67, raw=205589587, derived=205589587, unit=None), 'IDX__TXHDRLVHK1CH01': ParsedDataItem(IDX__TXHDRLVHK1CH01, raw=34801293, derived=34801293, unit=None), 'IDX__TXHDRLVHK1CH23': ParsedDataItem(IDX__TXHDRLVHK1CH23, raw=77530618, derived=77530618, unit=None), 'IDX__TXHDRLVHK1CH45': ParsedDataItem(IDX__TXHDRLVHK1CH45, raw=227018656, derived=227018656, unit=None), 'IDX__TXHDRLVHK1CH67': ParsedDataItem(IDX__TXHDRLVHK1CH67, raw=192872901, derived=192872901, unit=None), 'IDX__TXHDRLVHK2CH01': ParsedDataItem(IDX__TXHDRLVHK2CH01, raw=80938197, derived=80938197, unit=None), 'IDX__TXHDRLVHK2CH23': ParsedDataItem(IDX__TXHDRLVHK2CH23, raw=192285333, derived=192285333, unit=None), 'IDX__TXHDRLVHK2CH45': ParsedDataItem(IDX__TXHDRLVHK2CH45, raw=101059657, derived=101059657, unit=None), 'IDX__TXHDRLVHK2CH67': ParsedDataItem(IDX__TXHDRLVHK2CH67, raw=69017, derived=69017, unit=None), 'IDX__TXHDRSP09': ParsedDataItem(IDX__TXHDRSP09, raw=0, derived=0, unit=None), 'IDX__TXHDRSP10': ParsedDataItem(IDX__TXHDRSP10, raw=0, derived=0, unit=None), 'IDX__TXHDRFSWAIDCOPY': ParsedDataItem(IDX__TXHDRFSWAIDCOPY, raw=2415085345, derived=2415085345, unit=None), 'IDX__TXHDRFSWBINCOPY': ParsedDataItem(IDX__TXHDRFSWBINCOPY, raw=0, derived=0, unit=None), 'IDX__TXHDRFSWMAJOR': ParsedDataItem(IDX__TXHDRFSWMAJOR, raw=2, derived=2, unit=None), 'IDX__TXHDRFSWMINOR': ParsedDataItem(IDX__TXHDRFSWMINOR, raw=0, derived=0, unit=None), 'IDX__TXHDRFSWPATCH': ParsedDataItem(IDX__TXHDRFSWPATCH, raw=0, derived=0, unit=None), 'IDX__TXHDRFSWHVSTAT': ParsedDataItem(IDX__TXHDRFSWHVSTAT, raw=3, derived=3, unit=None), 'IDX__TXHDRFSWMEM0': ParsedDataItem(IDX__TXHDRFSWMEM0, raw=0, derived=0, unit=None), 'IDX__TXHDRFSWMEM1': ParsedDataItem(IDX__TXHDRFSWMEM1, raw=0, derived=0, unit=None), 'IDX__TXHDRFSWPT0': ParsedDataItem(IDX__TXHDRFSWPT0, raw=0, derived=0, unit=None), 'IDX__TXHDRFSWPT1': ParsedDataItem(IDX__TXHDRFSWPT1, raw=0, derived=0, unit=None), 'IDX__TXHDRFSWPT2': ParsedDataItem(IDX__TXHDRFSWPT2, raw=0, derived=0, unit=None), 'IDX__TXHDRFSWPT3': ParsedDataItem(IDX__TXHDRFSWPT3, raw=0, derived=0, unit=None), 'IDX__TXHDRFSWPT4': ParsedDataItem(IDX__TXHDRFSWPT4, raw=0, derived=0, unit=None), 'IDX__TXHDRFSWPT5': ParsedDataItem(IDX__TXHDRFSWPT5, raw=0, derived=0, unit=None), 'IDX__TXHDRFSWPT6': ParsedDataItem(IDX__TXHDRFSWPT6, raw=0, derived=0, unit=None), 'IDX__TXHDRFSWPT7': ParsedDataItem(IDX__TXHDRFSWPT7, raw=0, derived=0, unit=None), 'IDX__TXHDRFSWPT8': ParsedDataItem(IDX__TXHDRFSWPT8, raw=0, derived=0, unit=None), 'IDX__TXHDRFSWPT9': ParsedDataItem(IDX__TXHDRFSWPT9, raw=0, derived=0, unit=None), 'IDX__TXHDRFPGAVER': ParsedDataItem(IDX__TXHDRFPGAVER, raw=539165480, derived=539165480, unit=None), 'IDX__SYNCSCI0PKT': ParsedDataItem(IDX__SYNCSCI0PKT, raw=13107, derived=13107, unit=None), 'IDX__CRCSCI0PKT': ParsedDataItem(IDX__CRCSCI0PKT, raw=61027, derived=61027, unit=None)}
SHCOARSE = 440202721
SHFINE = 8758
IDX__SCI0AID = 2415085345
IDX__SCI0TYPE = 1
IDX__SCI0CONT = 127
IDX__SCI0SPARE1 = 0
IDX__SCI0PACK = EN
IDX__SCI0FRAG = DS
IDX__SCI0COMP = DS
IDX__SCI0EVTNUM = 109
IDX__SCI0CAT = 32
IDX__SCI0QUAL = 5
IDX__SCI0FRAGOFF = 0
IDX__SCI0VER = 9
IDX__SCI0TIME32 = 440199190
IDX__SCI0SPARE2 = 0
IDX__SCI0SPARE3 = 0
IDX__SCI0SPARE4 = 0
IDX__TXHDRSCIEVTLEN = 8320
IDX__TXHDRSP00 = 0
IDX__TXHDRTIMESEC1 = 6716
IDX__TXHDRTIMESEC2 = 59414
IDX__TXHDRTIMESUBS = 11821
IDX__TXHDRSP01 = 0
IDX__TXHDRTRIGOFFSET = 1
IDX__TXHDRSP02 = 0
IDX__TXHDRTRIGID = 1
IDX__TXHDREVTNUM = 109
IDX__TXHDRBLOCKS = 243679
IDX__TXHDRHGTRIGCTRL1 = 2264924160
IDX__TXHDRHGTRIGCTRL2 = 0
IDX__TXHDRLGTRIGCTRL1 = 4294965248
IDX__TXHDRLGTRIGCTRL2 = 4278255360
IDX__TXHDRMGTRIGCTRL1 = 4294965248
IDX__TXHDRMGTRIGCTRL2 = 4278255360
IDX__TXHDRSP03 = 0
IDX__TXHDRLSADC = 1048320
IDX__TXHDRPOLSTAT = NEG
IDX__TXHDRSP04 = 0
IDX__TXHDRPOLCTRL = POS
IDX__TXHDRCOINENA = DIS
IDX__TXHDRLSTRIGMODE = DIS
IDX__TXHDRMGTRIGMODE = 0
IDX__TXHDRLGTRIGMODE = 0
IDX__TXHDRHGTRIGMODE = 1
IDX__TXHDRSP05 = 0
IDX__TXHDRSP06 = 0
IDX__TXHDRSP07 = 2018
IDX__TXHDRSP08 = 0
IDX__TXHDRTOFMAX = 560471039
IDX__TXHDRTOFMIN = 535295474
IDX__TXHDRLS0MAXMIN = 14792058
IDX__TXHDRLS1MAXMIN = 8447976
IDX__TXHDRLS2MAXMIN = 8447965
IDX__TXHDRFIFODELAY = 16
IDX__TXHDRSAMPDELAY = 7347239
IDX__TXHDRTRANSCNT = 18
IDX__TXHDRPROCHKCH01 = 83624767
IDX__TXHDRPROCHKCH23 = 106956011
IDX__TXHDRPROCHKCH45 = 169018586
IDX__TXHDRPROCHKCH67 = 133695768
IDX__TXHDRHVPSHKCH01 = 131860073
IDX__TXHDRHVPSHKCH23 = 8849070
IDX__TXHDRHVPSHKCH45 = 153290714
IDX__TXHDRHVPSHKCH67 = 19991184
IDX__TXHDRLVHK0CH01 = 134219776
IDX__TXHDRLVHK0CH23 = 171838394
IDX__TXHDRLVHK0CH45 = 134745193
IDX__TXHDRLVHK0CH67 = 205589587
IDX__TXHDRLVHK1CH01 = 34801293
IDX__TXHDRLVHK1CH23 = 77530618
IDX__TXHDRLVHK1CH45 = 227018656
IDX__TXHDRLVHK1CH67 = 192872901
IDX__TXHDRLVHK2CH01 = 80938197
IDX__TXHDRLVHK2CH23 = 192285333
IDX__TXHDRLVHK2CH45 = 101059657
IDX__TXHDRLVHK2CH67 = 69017
IDX__TXHDRSP09 = 0
IDX__TXHDRSP10 = 0
IDX__TXHDRFSWAIDCOPY = 2415085345
IDX__TXHDRFSWBINCOPY = 0
IDX__TXHDRFSWMAJOR = 2
IDX__TXHDRFSWMINOR = 0
IDX__TXHDRFSWPATCH = 0
IDX__TXHDRFSWHVSTAT = 3
IDX__TXHDRFSWMEM0 = 0
IDX__TXHDRFSWMEM1 = 0
IDX__TXHDRFSWPT0 = 0
IDX__TXHDRFSWPT1 = 0
IDX__TXHDRFSWPT2 = 0
IDX__TXHDRFSWPT3 = 0
IDX__TXHDRFSWPT4 = 0
IDX__TXHDRFSWPT5 = 0
IDX__TXHDRFSWPT6 = 0
IDX__TXHDRFSWPT7 = 0
IDX__TXHDRFSWPT8 = 0
IDX__TXHDRFSWPT9 = 0
IDX__TXHDRFPGAVER = 539165480
IDX__SYNCSCI0PKT = 13107
IDX__CRCSCI0PKT = 61027
^*****Event header 9******^
EVTNUM: 9
SCI0TYPE: 1
TXHDRBLOCKS RAW: 243679
TXHDRBLOCKS DERIVED: 243679
-----
HS pre trig sampling blocks:  31
LS pre trig sampling blocks:  3
HS post trig sampling blocks:  31
LS post trig sampling blocks:  11
IDX__TXHDRHVPSHKCH01 = 131860073
Detector voltage =  1641
Sensor voltage =  2012
Target voltage =  1710
Reflectron voltage =  135
Rejection voltage =  2010
Current for HVPS sensor =  2339
Positive current for HVPS sensor =  2704
Negative current for HVPS sensor =  305
Voltage +3.3V reference =  2048
Voltage +3.3V operational reference =  2048
Voltage -6V bus =  3002
Voltage +6V bus =  2622
Voltage +16V bus =  3177
Voltage +3.3V bus =  2056
Voltage -5V bus =  3155
Voltage +5V bus =  3137
Current +3.3V bus =  1677
Current +16V bus =  1183
Current +6V bus =  1530
Current -6V bus =  1183
Current +5V bus =  1952
Current -5V bus =  3464
Current +2.5V bus =  453
Current -2.5V bus =  2943
Current on the 1V POL =  831
Current on the 1.9V POL =  1276
ProcBd Temperature 1 =  1259
ProcBd Temperature 2 =  1632
Voltage on 1V bus =  1242
FPGA Temperature =  2579
Voltage on 1.9V bus =  2328
Voltage on 3.3V bus =  2040
var_to_row = {'Last measurement in raw DN for Processor Board signal “1V POL Current”': 0, 'Last measurement in raw DN for Processor Board signal “1.9V POL Current”': 1, 'Last measurement in raw DN for Processor Board signal “ProcBd Temp1”': 2, nan: 48, 'Last measurement in raw DN for Processor Board signal “ProcBd Temp2”': 6, 'Last measurement in raw DN for Processor Board signal “1V Voltage”': 10, 'Last measurement in raw DN for Processor Board signal “FPGA Temp”': 11, 'Last measurement in raw DN for Processor Board signal “1.9V Voltage”': 12, 'Last measurement in raw DN for Processor Board signal “3.3V Voltage”': 13, 'Last measurement in raw DN for HVPS Board signal “Detector Voltage”': 14, 'Last measurement in raw DN for HVPS Board signal “Sensor Voltage"': 15, 'Last measurement in raw DN for HVPS Board signal “Target Voltage”': 16, 'Last measurement in raw DN for HVPS Board signal “Reflectron Voltage”': 17, 'Last measurement in raw DN for HVPS Board signal “Rejection Voltage”': 18, 'Last measurement in raw DN for HVPS Board signal “Detector Current”': 19, 'Last measurement in raw DN for HVPS Board signal “Sensor IP”': 20, 'Last measurement in raw DN for HVPS Board signal “Sensor IN”': 21, 'Last measurement in raw DN for LVPS Board signal “P3.3VREF_HK”': 22, 'Last measurement in raw DN for LVPS Board signal “P3.3VREF_OP”': 23, 'Last measurement in raw DN for LVPS Board signal “N6V”': 24, 'Last measurement in raw DN for LVPS Board signal “P6V”': 25, 'Last measurement in raw DN for LVPS Board signal “P16V”': 26, 'Last measurement in raw DN for LVPS Board signal “P3.3V”': 27, 'Last measurement in raw DN for LVPS Board signal “N5V”': 28, 'Last measurement in raw DN for LVPS Board signal “P5V”': 29, 'Last measurement in raw DN for LVPS Board signal “P3.3_IMON”': 30, 'Last measurement in raw DN for LVPS Board signal “P16V_IMON”': 31, 'Last measurement in raw DN for LVPS Board signal “P6V_IMON”': 32, 'Last measurement in raw DN for LVPS Board signal “N6V_IMON”': 33, 'Last measurement in raw DN for LVPS Board signal “P5V_IMON”': 34, 'Last measurement in raw DN for LVPS Board signal “N5V_IMON”': 35, 'Last measurement in raw DN for LVPS Board signal “P2.5V_IMON”': 36, 'Last measurement in raw DN for LVPS Board signal “N2.5V_IMON”': 37, 'Last measurement in raw DN for LVPS Board signal “THERM_DECON0”': 38, 'Last measurement in raw DN for LVPS Board signal “THERM_DECON1”': 39, 'Last measurement in raw DN for LVPS Board signal “THERM_DAB”': 40, 'Last measurement in raw DN for LVPS Board signal “THERM_LVPS”': 41, 'Last measurement in raw DN for LVPS Board signal “THERM_HVPS”': 45, 'Last measurement in raw DN for LVPS Board signal “P2.5V”': 49, 'Last measurement in raw DN for LVPS Board signal “N2.5V”': 50, 'Last measurement in raw DN for LVPS Board signal “Spare”': 51}

 
 ***** var_name being converted for each instrument setting ***** 
 

Matching row  18
coeffs for Last measurement in raw DN for Processor Board signal “1V POL Current”= [0.0 0.9029253 0.0 0.0 0.0 0.0 0.0 0.0]
var_name = Last measurement in raw DN for Processor Board signal “1V POL Current”
var_name = current_1V_pol
Header info = 831
Transformed value for current_1V_pol = 750.3309243
Matching row  18
coeffs for Last measurement in raw DN for Processor Board signal “1.9V POL Current”= [0.0 0.9029253 0.0 0.0 0.0 0.0 0.0 0.0]
var_name = Last measurement in raw DN for Processor Board signal “1.9V POL Current”
var_name = current_1.9V_pol
Header info = 1276
Transformed value for current_1.9V_pol = 1152.1326828
Matching row  18
coeffs for Last measurement in raw DN for Processor Board signal “ProcBd Temp1”= [162.8276 -0.2668687 0.0003323794 -2.43153e-07 9.034532e-11 -1.327735e-14
 0.0 0.0]
var_name = Last measurement in raw DN for Processor Board signal “ProcBd Temp1”
var_name = temperature_1
Header info = 1259
Transformed value for temperature_1 = 53.439786439913085
Matching row  18
coeffs for nan= [-104713.9 52.02446 -0.006463374 0.0 0.0 0.0 0.0 0.0]
var_name = nan
var_name = None
KeyError: (9, None) - Could not find entry for None, 48. Please check the Var_notes or variable mapping.
Matching row  18
coeffs for Last measurement in raw DN for Processor Board signal “ProcBd Temp2”= [162.8276 -0.2668687 0.0003323794 -2.43153e-07 9.034532e-11 -1.327735e-14
 0.0 0.0]
var_name = Last measurement in raw DN for Processor Board signal “ProcBd Temp2”
var_name = temperature_2
Header info = 1632
Transformed value for temperature_2 = 42.830618757222936
Matching row  18
coeffs for Last measurement in raw DN for Processor Board signal “1V Voltage”= [0.0 0.000805861 0.0 0.0 0.0 0.0 0.0 0.0]
var_name = Last measurement in raw DN for Processor Board signal “1V Voltage”
var_name = voltage_1V_bus
Header info = 1242
Transformed value for voltage_1V_bus = 1.0008793619999998
Matching row  18
coeffs for Last measurement in raw DN for Processor Board signal “FPGA Temp”= [358.31 -0.1187104 0.0 0.0 0.0 0.0 0.0 0.0]
var_name = Last measurement in raw DN for Processor Board signal “FPGA Temp”
var_name = fpga_temperature
Header info = 2579
Transformed value for fpga_temperature = 52.155878400000006
Matching row  18
coeffs for Last measurement in raw DN for Processor Board signal “1.9V Voltage”= [0.0 0.000805861 0.0 0.0 0.0 0.0 0.0 0.0]
var_name = Last measurement in raw DN for Processor Board signal “1.9V Voltage”
var_name = voltage_1.9V_bus
Header info = 2328
Transformed value for voltage_1.9V_bus = 1.8760444079999998
Matching row  18
coeffs for Last measurement in raw DN for Processor Board signal “3.3V Voltage”= [0.0 0.001611722 0.0 0.0 0.0 0.0 0.0 0.0]
var_name = Last measurement in raw DN for Processor Board signal “3.3V Voltage”
var_name = voltage_3.3V_bus
Header info = 2040
Transformed value for voltage_3.3V_bus = 3.28791288
Matching row  18
coeffs for Last measurement in raw DN for HVPS Board signal “Detector Voltage”= [0.0 1.4652 0.0 0.0 0.0 0.0 0.0 0.0]
var_name = Last measurement in raw DN for HVPS Board signal “Detector Voltage”
var_name = detector_voltage
Header info = 1641
Transformed value for detector_voltage = 2404.3932
Matching row  18
coeffs for Last measurement in raw DN for HVPS Board signal “Sensor Voltage"= [0.0 1.4652 0.0 0.0 0.0 0.0 0.0 0.0]
var_name = Last measurement in raw DN for HVPS Board signal “Sensor Voltage"
var_name = sensor_voltage
Header info = 2012
Transformed value for sensor_voltage = 2947.9824000000003
Matching row  18
coeffs for Last measurement in raw DN for HVPS Board signal “Target Voltage”= [0.0 1.4652 0.0 0.0 0.0 0.0 0.0 0.0]
var_name = Last measurement in raw DN for HVPS Board signal “Target Voltage”
var_name = target_voltage
Header info = 1710
Transformed value for target_voltage = 2505.492
Matching row  18
coeffs for Last measurement in raw DN for HVPS Board signal “Reflectron Voltage”= [0.0 1.4652 0.0 0.0 0.0 0.0 0.0 0.0]
var_name = Last measurement in raw DN for HVPS Board signal “Reflectron Voltage”
var_name = reflectron_voltage
Header info = 135
Transformed value for reflectron_voltage = 197.80200000000002
Matching row  18
coeffs for Last measurement in raw DN for HVPS Board signal “Rejection Voltage”= [0.0 1.4652 0.0 0.0 0.0 0.0 0.0 0.0]
var_name = Last measurement in raw DN for HVPS Board signal “Rejection Voltage”
var_name = rejection_voltage
Header info = 2010
Transformed value for rejection_voltage = 2945.052
Matching row  18
coeffs for Last measurement in raw DN for HVPS Board signal “Detector Current”= [0.0 7.326e-06 0.0 0.0 0.0 0.0 0.0 0.0]
var_name = Last measurement in raw DN for HVPS Board signal “Detector Current”
var_name = current_hvps_sensor
Header info = 2339
Transformed value for current_hvps_sensor = 0.017135514
Matching row  18
coeffs for Last measurement in raw DN for HVPS Board signal “Sensor IP”= [0.0 2.4339e-05 0.0 0.0 0.0 0.0 0.0 0.0]
var_name = Last measurement in raw DN for HVPS Board signal “Sensor IP”
var_name = positive_current_hvps
Header info = 2704
Transformed value for positive_current_hvps = 0.065812656
Matching row  18
coeffs for Last measurement in raw DN for HVPS Board signal “Sensor IN”= [0.0 2.4339e-05 0.0 0.0 0.0 0.0 0.0 0.0]
var_name = Last measurement in raw DN for HVPS Board signal “Sensor IN”
var_name = negative_current_hvps
Header info = 305
Transformed value for negative_current_hvps = 0.007423394999999999
Matching row  18
coeffs for Last measurement in raw DN for LVPS Board signal “P3.3VREF_HK”= [0.0 0.00161172 0.0 0.0 0.0 0.0 0.0 0.0]
var_name = Last measurement in raw DN for LVPS Board signal “P3.3VREF_HK”
var_name = voltage_3V3_ref
Header info = 2048
Transformed value for voltage_3V3_ref = 3.30080256
Matching row  18
coeffs for Last measurement in raw DN for LVPS Board signal “P3.3VREF_OP”= [0.0 0.00161172 0.0 0.0 0.0 0.0 0.0 0.0]
var_name = Last measurement in raw DN for LVPS Board signal “P3.3VREF_OP”
var_name = voltage_3V3_op_ref
Header info = 2048
Transformed value for voltage_3V3_op_ref = 3.30080256
Matching row  18
coeffs for Last measurement in raw DN for LVPS Board signal “N6V”= [-33.0 0.00886447 0.0 0.0 0.0 0.0 0.0 0.0]
var_name = Last measurement in raw DN for LVPS Board signal “N6V”
var_name = voltage_neg6V_bus
Header info = 3002
Transformed value for voltage_neg6V_bus = -6.3888610600000035
Matching row  18
coeffs for Last measurement in raw DN for LVPS Board signal “P6V”= [0.0 0.00241758 0.0 0.0 0.0 0.0 0.0 0.0]
var_name = Last measurement in raw DN for LVPS Board signal “P6V”
var_name = voltage_pos6V_bus
Header info = 2622
Transformed value for voltage_pos6V_bus = 6.33889476
Matching row  18
coeffs for Last measurement in raw DN for LVPS Board signal “P16V”= [0.0 0.00482711 0.0 0.0 0.0 0.0 0.0 0.0]
var_name = Last measurement in raw DN for LVPS Board signal “P16V”
var_name = voltage_pos16V_bus
Header info = 3177
Transformed value for voltage_pos16V_bus = 15.33572847
Matching row  18
coeffs for Last measurement in raw DN for LVPS Board signal “P3.3V”= [0.0 0.00161172 0.0 0.0 0.0 0.0 0.0 0.0]
var_name = Last measurement in raw DN for LVPS Board signal “P3.3V”
var_name = voltage_pos3V3_bus
Header info = 2056
Transformed value for voltage_pos3V3_bus = 3.31369632
Matching row  18
coeffs for Last measurement in raw DN for LVPS Board signal “N5V”= [-33.0 0.00886447 0.0 0.0 0.0 0.0 0.0 0.0]
var_name = Last measurement in raw DN for LVPS Board signal “N5V”
var_name = voltage_neg5V_bus
Header info = 3155
Transformed value for voltage_neg5V_bus = -5.032597150000001
Matching row  18
coeffs for Last measurement in raw DN for LVPS Board signal “P5V”= [0.0 0.00161172 0.0 0.0 0.0 0.0 0.0 0.0]
var_name = Last measurement in raw DN for LVPS Board signal “P5V”
var_name = voltage_pos5V_bus
Header info = 3137
Transformed value for voltage_pos5V_bus = 5.05596564
Matching row  18
coeffs for Last measurement in raw DN for LVPS Board signal “P3.3_IMON”= [0.0 0.00161172 0.0 0.0 0.0 0.0 0.0 0.0]
var_name = Last measurement in raw DN for LVPS Board signal “P3.3_IMON”
var_name = current_3V3_bus
Header info = 1677
Transformed value for current_3V3_bus = 2.7028544400000003
Matching row  18
coeffs for Last measurement in raw DN for LVPS Board signal “P16V_IMON”= [0.0 0.000161172 0.0 0.0 0.0 0.0 0.0 0.0]
var_name = Last measurement in raw DN for LVPS Board signal “P16V_IMON”
var_name = current_16V_bus
Header info = 1183
Transformed value for current_16V_bus = 0.190666476
Matching row  18
coeffs for Last measurement in raw DN for LVPS Board signal “P6V_IMON”= [0.0 8.05861e-05 0.0 0.0 0.0 0.0 0.0 0.0]
var_name = Last measurement in raw DN for LVPS Board signal “P6V_IMON”
var_name = current_6V_bus
Header info = 1530
Transformed value for current_6V_bus = 0.12329673299999999
Matching row  18
coeffs for Last measurement in raw DN for LVPS Board signal “N6V_IMON”= [0.0 -8.05861e-05 0.0 0.0 0.0 0.0 0.0 0.0]
var_name = Last measurement in raw DN for LVPS Board signal “N6V_IMON”
var_name = current_neg6V_bus
Header info = 1183
Transformed value for current_neg6V_bus = -0.09533335629999999
Matching row  18
coeffs for Last measurement in raw DN for LVPS Board signal “P5V_IMON”= [0.0 4.029304e-05 0.0 0.0 0.0 0.0 0.0 0.0]
var_name = Last measurement in raw DN for LVPS Board signal “P5V_IMON”
var_name = current_5V_bus
Header info = 1952
Transformed value for current_5V_bus = 0.07865201408
Matching row  18
coeffs for Last measurement in raw DN for LVPS Board signal “N5V_IMON”= [0.0 -2.01465e-05 0.0 0.0 0.0 0.0 0.0 0.0]
var_name = Last measurement in raw DN for LVPS Board signal “N5V_IMON”
var_name = current_neg5V_bus
Header info = 3464
Transformed value for current_neg5V_bus = -0.069787476
Matching row  18
coeffs for Last measurement in raw DN for LVPS Board signal “P2.5V_IMON”= [0.0 0.00161172 0.0 0.0 0.0 0.0 0.0 0.0]
var_name = Last measurement in raw DN for LVPS Board signal “P2.5V_IMON”
var_name = current_2V5_bus
Header info = 453
Transformed value for current_2V5_bus = 0.73010916
Matching row  18
coeffs for Last measurement in raw DN for LVPS Board signal “N2.5V_IMON”= [0.0 -4.0293e-05 0.0 0.0 0.0 0.0 0.0 0.0]
var_name = Last measurement in raw DN for LVPS Board signal “N2.5V_IMON”
var_name = current_neg2V5_bus
Header info = 2943
Transformed value for current_neg2V5_bus = -0.118582299
Matching row  18
coeffs for Last measurement in raw DN for LVPS Board signal “THERM_DECON0”= [-110.293 0.0665351 0.000305738 -6.32048e-07 5.9934e-10 -2.98784e-13
 7.61361e-17 -7.76467e-21]
var_name = Last measurement in raw DN for LVPS Board signal “THERM_DECON0”
var_name = None
KeyError: (9, None) - Could not find entry for None, 38. Please check the Var_notes or variable mapping.
Matching row  18
coeffs for Last measurement in raw DN for LVPS Board signal “THERM_DECON1”= [-150.478 0.376986 -0.00062072 7.73853e-07 -5.81588e-10 2.56368e-13
 -6.05698e-17 5.96635e-21]
var_name = Last measurement in raw DN for LVPS Board signal “THERM_DECON1”
var_name = None
KeyError: (9, None) - Could not find entry for None, 39. Please check the Var_notes or variable mapping.
Matching row  18
coeffs for Last measurement in raw DN for LVPS Board signal “THERM_DAB”= [-443.248 1.31224 -0.00180422 1.40016e-06 -6.43766e-10 1.7448e-13
 -2.57695e-17 1.60239e-21]
var_name = Last measurement in raw DN for LVPS Board signal “THERM_DAB”
var_name = None
KeyError: (9, None) - Could not find entry for None, 40. Please check the Var_notes or variable mapping.
Matching row  18
coeffs for Last measurement in raw DN for LVPS Board signal “THERM_LVPS”= [200.4137 -0.2020699 0.000175403 -9.739547e-08 2.888932e-11 -3.545603e-15
 0.0 0.0]
var_name = Last measurement in raw DN for LVPS Board signal “THERM_LVPS”
var_name = None
KeyError: (9, None) - Could not find entry for None, 41. Please check the Var_notes or variable mapping.
Matching row  18
coeffs for Last measurement in raw DN for LVPS Board signal “THERM_HVPS”= [200.4137 -0.2020699 0.000175403 -9.739547e-08 2.888932e-11 -3.545603e-15
 0.0 0.0]
var_name = Last measurement in raw DN for LVPS Board signal “THERM_HVPS”
var_name = None
KeyError: (9, None) - Could not find entry for None, 45. Please check the Var_notes or variable mapping.
Matching row  18
coeffs for Last measurement in raw DN for LVPS Board signal “P2.5V”= [0.0 0.00161172 0.0 0.0 0.0 0.0 0.0 0.0]
var_name = Last measurement in raw DN for LVPS Board signal “P2.5V”
var_name = None
KeyError: (9, None) - Could not find entry for None, 49. Please check the Var_notes or variable mapping.
Matching row  18
coeffs for Last measurement in raw DN for LVPS Board signal “N2.5V”= [-33.0 0.00886447 0.0 0.0 0.0 0.0 0.0 0.0]
var_name = Last measurement in raw DN for LVPS Board signal “N2.5V”
var_name = None
KeyError: (9, None) - Could not find entry for None, 50. Please check the Var_notes or variable mapping.
Matching row  18
coeffs for Last measurement in raw DN for LVPS Board signal “Spare”= [0.0 0.00161172 0.0 0.0 0.0 0.0 0.0 0.0]
var_name = Last measurement in raw DN for LVPS Board signal “Spare”
var_name = spare_signal
KeyError: (9, 'spare_signal') - Could not find entry for spare_signal, 51. Please check the Var_notes or variable mapping.
High gain delay = 39 samples.
Mid gain delay = 7 samples.
Low gain delay = 7 samples.
High sampling trigger mode =  0 0 1
High gain trigger mode enabled.
For 2264924160, HG Trigger level = 0.15605999999999998, sample settings = 0, 0
Threshold trigger mode enabled for high gain channel.
AID = 2415085345
Event number = 109
Rice compression enabled = False
Timestamp = 440199190.23642 seconds since epoch (Midnight January 1st, 2010)
Trigger time = 2023-12-13T21:33:10.236420Z
9
9
9
9
9
9
9
9
9
9
9
9
9
{'SHCOARSE': ParsedDataItem(SHCOARSE, raw=440202737, derived=440202737, unit=dn), 'SHFINE': ParsedDataItem(SHFINE, raw=8769, derived=8769, unit=dn), 'IDX__SCI0AID': ParsedDataItem(IDX__SCI0AID, raw=2415085345, derived=2415085345, unit=None), 'IDX__SCI0TYPE': ParsedDataItem(IDX__SCI0TYPE, raw=1, derived=1, unit=None), 'IDX__SCI0CONT': ParsedDataItem(IDX__SCI0CONT, raw=127, derived=127, unit=None), 'IDX__SCI0SPARE1': ParsedDataItem(IDX__SCI0SPARE1, raw=0, derived=0, unit=None), 'IDX__SCI0PACK': ParsedDataItem(IDX__SCI0PACK, raw=1, derived=EN, unit=None), 'IDX__SCI0FRAG': ParsedDataItem(IDX__SCI0FRAG, raw=0, derived=DS, unit=None), 'IDX__SCI0COMP': ParsedDataItem(IDX__SCI0COMP, raw=0, derived=DS, unit=None), 'IDX__SCI0EVTNUM': ParsedDataItem(IDX__SCI0EVTNUM, raw=110, derived=110, unit=None), 'IDX__SCI0CAT': ParsedDataItem(IDX__SCI0CAT, raw=32, derived=32, unit=None), 'IDX__SCI0QUAL': ParsedDataItem(IDX__SCI0QUAL, raw=5, derived=5, unit=None), 'IDX__SCI0FRAGOFF': ParsedDataItem(IDX__SCI0FRAGOFF, raw=0, derived=0, unit=None), 'IDX__SCI0VER': ParsedDataItem(IDX__SCI0VER, raw=9, derived=9, unit=None), 'IDX__SCI0TIME32': ParsedDataItem(IDX__SCI0TIME32, raw=440199297, derived=440199297, unit=None), 'IDX__SCI0SPARE2': ParsedDataItem(IDX__SCI0SPARE2, raw=0, derived=0, unit=None), 'IDX__SCI0SPARE3': ParsedDataItem(IDX__SCI0SPARE3, raw=0, derived=0, unit=None), 'IDX__SCI0SPARE4': ParsedDataItem(IDX__SCI0SPARE4, raw=0, derived=0, unit=None), 'IDX__TXHDRSCIEVTLEN': ParsedDataItem(IDX__TXHDRSCIEVTLEN, raw=8320, derived=8320, unit=None), 'IDX__TXHDRSP00': ParsedDataItem(IDX__TXHDRSP00, raw=0, derived=0, unit=None), 'IDX__TXHDRTIMESEC1': ParsedDataItem(IDX__TXHDRTIMESEC1, raw=6716, derived=6716, unit=None), 'IDX__TXHDRTIMESEC2': ParsedDataItem(IDX__TXHDRTIMESEC2, raw=59521, derived=59521, unit=None), 'IDX__TXHDRTIMESUBS': ParsedDataItem(IDX__TXHDRTIMESUBS, raw=49870, derived=49870, unit=None), 'IDX__TXHDRSP01': ParsedDataItem(IDX__TXHDRSP01, raw=0, derived=0, unit=None), 'IDX__TXHDRTRIGOFFSET': ParsedDataItem(IDX__TXHDRTRIGOFFSET, raw=5, derived=5, unit=None), 'IDX__TXHDRSP02': ParsedDataItem(IDX__TXHDRSP02, raw=0, derived=0, unit=None), 'IDX__TXHDRTRIGID': ParsedDataItem(IDX__TXHDRTRIGID, raw=1, derived=1, unit=None), 'IDX__TXHDREVTNUM': ParsedDataItem(IDX__TXHDREVTNUM, raw=110, derived=110, unit=None), 'IDX__TXHDRBLOCKS': ParsedDataItem(IDX__TXHDRBLOCKS, raw=243679, derived=243679, unit=None), 'IDX__TXHDRHGTRIGCTRL1': ParsedDataItem(IDX__TXHDRHGTRIGCTRL1, raw=2264924160, derived=2264924160, unit=None), 'IDX__TXHDRHGTRIGCTRL2': ParsedDataItem(IDX__TXHDRHGTRIGCTRL2, raw=0, derived=0, unit=None), 'IDX__TXHDRLGTRIGCTRL1': ParsedDataItem(IDX__TXHDRLGTRIGCTRL1, raw=4294965248, derived=4294965248, unit=None), 'IDX__TXHDRLGTRIGCTRL2': ParsedDataItem(IDX__TXHDRLGTRIGCTRL2, raw=4278255360, derived=4278255360, unit=None), 'IDX__TXHDRMGTRIGCTRL1': ParsedDataItem(IDX__TXHDRMGTRIGCTRL1, raw=4294965248, derived=4294965248, unit=None), 'IDX__TXHDRMGTRIGCTRL2': ParsedDataItem(IDX__TXHDRMGTRIGCTRL2, raw=4278255360, derived=4278255360, unit=None), 'IDX__TXHDRSP03': ParsedDataItem(IDX__TXHDRSP03, raw=0, derived=0, unit=None), 'IDX__TXHDRLSADC': ParsedDataItem(IDX__TXHDRLSADC, raw=1048320, derived=1048320, unit=None), 'IDX__TXHDRPOLSTAT': ParsedDataItem(IDX__TXHDRPOLSTAT, raw=1, derived=NEG, unit=None), 'IDX__TXHDRSP04': ParsedDataItem(IDX__TXHDRSP04, raw=0, derived=0, unit=None), 'IDX__TXHDRPOLCTRL': ParsedDataItem(IDX__TXHDRPOLCTRL, raw=0, derived=POS, unit=None), 'IDX__TXHDRCOINENA': ParsedDataItem(IDX__TXHDRCOINENA, raw=0, derived=DIS, unit=None), 'IDX__TXHDRLSTRIGMODE': ParsedDataItem(IDX__TXHDRLSTRIGMODE, raw=0, derived=DIS, unit=None), 'IDX__TXHDRMGTRIGMODE': ParsedDataItem(IDX__TXHDRMGTRIGMODE, raw=0, derived=0, unit=None), 'IDX__TXHDRLGTRIGMODE': ParsedDataItem(IDX__TXHDRLGTRIGMODE, raw=0, derived=0, unit=None), 'IDX__TXHDRHGTRIGMODE': ParsedDataItem(IDX__TXHDRHGTRIGMODE, raw=1, derived=1, unit=None), 'IDX__TXHDRSP05': ParsedDataItem(IDX__TXHDRSP05, raw=0, derived=0, unit=None), 'IDX__TXHDRSP06': ParsedDataItem(IDX__TXHDRSP06, raw=0, derived=0, unit=None), 'IDX__TXHDRSP07': ParsedDataItem(IDX__TXHDRSP07, raw=2018, derived=2018, unit=None), 'IDX__TXHDRSP08': ParsedDataItem(IDX__TXHDRSP08, raw=0, derived=0, unit=None), 'IDX__TXHDRTOFMAX': ParsedDataItem(IDX__TXHDRTOFMAX, raw=541596204, derived=541596204, unit=None), 'IDX__TXHDRTOFMIN': ParsedDataItem(IDX__TXHDRTOFMIN, raw=535295474, derived=535295474, unit=None), 'IDX__TXHDRLS0MAXMIN': ParsedDataItem(IDX__TXHDRLS0MAXMIN, raw=9684683, derived=9684683, unit=None), 'IDX__TXHDRLS1MAXMIN': ParsedDataItem(IDX__TXHDRLS1MAXMIN, raw=8452072, derived=8452072, unit=None), 'IDX__TXHDRLS2MAXMIN': ParsedDataItem(IDX__TXHDRLS2MAXMIN, raw=8435681, derived=8435681, unit=None), 'IDX__TXHDRFIFODELAY': ParsedDataItem(IDX__TXHDRFIFODELAY, raw=17, derived=17, unit=None), 'IDX__TXHDRSAMPDELAY': ParsedDataItem(IDX__TXHDRSAMPDELAY, raw=40934472, derived=40934472, unit=None), 'IDX__TXHDRTRANSCNT': ParsedDataItem(IDX__TXHDRTRANSCNT, raw=2, derived=2, unit=None), 'IDX__TXHDRPROCHKCH01': ParsedDataItem(IDX__TXHDRPROCHKCH01, raw=83624768, derived=83624768, unit=None), 'IDX__TXHDRPROCHKCH23': ParsedDataItem(IDX__TXHDRPROCHKCH23, raw=106759401, derived=106759401, unit=None), 'IDX__TXHDRPROCHKCH45': ParsedDataItem(IDX__TXHDRPROCHKCH45, raw=169018586, derived=169018586, unit=None), 'IDX__TXHDRPROCHKCH67': ParsedDataItem(IDX__TXHDRPROCHKCH67, raw=133695768, derived=133695768, unit=None), 'IDX__TXHDRHVPSHKCH01': ParsedDataItem(IDX__TXHDRHVPSHKCH01, raw=131860073, derived=131860073, unit=None), 'IDX__TXHDRHVPSHKCH23': ParsedDataItem(IDX__TXHDRHVPSHKCH23, raw=8849070, derived=8849070, unit=None), 'IDX__TXHDRHVPSHKCH45': ParsedDataItem(IDX__TXHDRHVPSHKCH45, raw=153225178, derived=153225178, unit=None), 'IDX__TXHDRHVPSHKCH67': ParsedDataItem(IDX__TXHDRHVPSHKCH67, raw=19991183, derived=19991183, unit=None), 'IDX__TXHDRLVHK0CH01': ParsedDataItem(IDX__TXHDRLVHK0CH01, raw=134219776, derived=134219776, unit=None), 'IDX__TXHDRLVHK0CH23': ParsedDataItem(IDX__TXHDRLVHK0CH23, raw=171838394, derived=171838394, unit=None), 'IDX__TXHDRLVHK0CH45': ParsedDataItem(IDX__TXHDRLVHK0CH45, raw=134745194, derived=134745194, unit=None), 'IDX__TXHDRLVHK0CH67': ParsedDataItem(IDX__TXHDRLVHK0CH67, raw=205655123, derived=205655123, unit=None), 'IDX__TXHDRLVHK1CH01': ParsedDataItem(IDX__TXHDRLVHK1CH01, raw=34801294, derived=34801294, unit=None), 'IDX__TXHDRLVHK1CH23': ParsedDataItem(IDX__TXHDRLVHK1CH23, raw=77530618, derived=77530618, unit=None), 'IDX__TXHDRLVHK1CH45': ParsedDataItem(IDX__TXHDRLVHK1CH45, raw=227084192, derived=227084192, unit=None), 'IDX__TXHDRLVHK1CH67': ParsedDataItem(IDX__TXHDRLVHK1CH67, raw=192872901, derived=192872901, unit=None), 'IDX__TXHDRLVHK2CH01': ParsedDataItem(IDX__TXHDRLVHK2CH01, raw=80938197, derived=80938197, unit=None), 'IDX__TXHDRLVHK2CH23': ParsedDataItem(IDX__TXHDRLVHK2CH23, raw=192154263, derived=192154263, unit=None), 'IDX__TXHDRLVHK2CH45': ParsedDataItem(IDX__TXHDRLVHK2CH45, raw=101059655, derived=101059655, unit=None), 'IDX__TXHDRLVHK2CH67': ParsedDataItem(IDX__TXHDRLVHK2CH67, raw=69017, derived=69017, unit=None), 'IDX__TXHDRSP09': ParsedDataItem(IDX__TXHDRSP09, raw=0, derived=0, unit=None), 'IDX__TXHDRSP10': ParsedDataItem(IDX__TXHDRSP10, raw=0, derived=0, unit=None), 'IDX__TXHDRFSWAIDCOPY': ParsedDataItem(IDX__TXHDRFSWAIDCOPY, raw=2415085345, derived=2415085345, unit=None), 'IDX__TXHDRFSWBINCOPY': ParsedDataItem(IDX__TXHDRFSWBINCOPY, raw=0, derived=0, unit=None), 'IDX__TXHDRFSWMAJOR': ParsedDataItem(IDX__TXHDRFSWMAJOR, raw=2, derived=2, unit=None), 'IDX__TXHDRFSWMINOR': ParsedDataItem(IDX__TXHDRFSWMINOR, raw=0, derived=0, unit=None), 'IDX__TXHDRFSWPATCH': ParsedDataItem(IDX__TXHDRFSWPATCH, raw=0, derived=0, unit=None), 'IDX__TXHDRFSWHVSTAT': ParsedDataItem(IDX__TXHDRFSWHVSTAT, raw=3, derived=3, unit=None), 'IDX__TXHDRFSWMEM0': ParsedDataItem(IDX__TXHDRFSWMEM0, raw=0, derived=0, unit=None), 'IDX__TXHDRFSWMEM1': ParsedDataItem(IDX__TXHDRFSWMEM1, raw=0, derived=0, unit=None), 'IDX__TXHDRFSWPT0': ParsedDataItem(IDX__TXHDRFSWPT0, raw=0, derived=0, unit=None), 'IDX__TXHDRFSWPT1': ParsedDataItem(IDX__TXHDRFSWPT1, raw=0, derived=0, unit=None), 'IDX__TXHDRFSWPT2': ParsedDataItem(IDX__TXHDRFSWPT2, raw=0, derived=0, unit=None), 'IDX__TXHDRFSWPT3': ParsedDataItem(IDX__TXHDRFSWPT3, raw=0, derived=0, unit=None), 'IDX__TXHDRFSWPT4': ParsedDataItem(IDX__TXHDRFSWPT4, raw=0, derived=0, unit=None), 'IDX__TXHDRFSWPT5': ParsedDataItem(IDX__TXHDRFSWPT5, raw=0, derived=0, unit=None), 'IDX__TXHDRFSWPT6': ParsedDataItem(IDX__TXHDRFSWPT6, raw=0, derived=0, unit=None), 'IDX__TXHDRFSWPT7': ParsedDataItem(IDX__TXHDRFSWPT7, raw=0, derived=0, unit=None), 'IDX__TXHDRFSWPT8': ParsedDataItem(IDX__TXHDRFSWPT8, raw=0, derived=0, unit=None), 'IDX__TXHDRFSWPT9': ParsedDataItem(IDX__TXHDRFSWPT9, raw=0, derived=0, unit=None), 'IDX__TXHDRFPGAVER': ParsedDataItem(IDX__TXHDRFPGAVER, raw=539165480, derived=539165480, unit=None), 'IDX__SYNCSCI0PKT': ParsedDataItem(IDX__SYNCSCI0PKT, raw=13107, derived=13107, unit=None), 'IDX__CRCSCI0PKT': ParsedDataItem(IDX__CRCSCI0PKT, raw=63925, derived=63925, unit=None)}
SHCOARSE = 440202737
SHFINE = 8769
IDX__SCI0AID = 2415085345
IDX__SCI0TYPE = 1
IDX__SCI0CONT = 127
IDX__SCI0SPARE1 = 0
IDX__SCI0PACK = EN
IDX__SCI0FRAG = DS
IDX__SCI0COMP = DS
IDX__SCI0EVTNUM = 110
IDX__SCI0CAT = 32
IDX__SCI0QUAL = 5
IDX__SCI0FRAGOFF = 0
IDX__SCI0VER = 9
IDX__SCI0TIME32 = 440199297
IDX__SCI0SPARE2 = 0
IDX__SCI0SPARE3 = 0
IDX__SCI0SPARE4 = 0
IDX__TXHDRSCIEVTLEN = 8320
IDX__TXHDRSP00 = 0
IDX__TXHDRTIMESEC1 = 6716
IDX__TXHDRTIMESEC2 = 59521
IDX__TXHDRTIMESUBS = 49870
IDX__TXHDRSP01 = 0
IDX__TXHDRTRIGOFFSET = 5
IDX__TXHDRSP02 = 0
IDX__TXHDRTRIGID = 1
IDX__TXHDREVTNUM = 110
IDX__TXHDRBLOCKS = 243679
IDX__TXHDRHGTRIGCTRL1 = 2264924160
IDX__TXHDRHGTRIGCTRL2 = 0
IDX__TXHDRLGTRIGCTRL1 = 4294965248
IDX__TXHDRLGTRIGCTRL2 = 4278255360
IDX__TXHDRMGTRIGCTRL1 = 4294965248
IDX__TXHDRMGTRIGCTRL2 = 4278255360
IDX__TXHDRSP03 = 0
IDX__TXHDRLSADC = 1048320
IDX__TXHDRPOLSTAT = NEG
IDX__TXHDRSP04 = 0
IDX__TXHDRPOLCTRL = POS
IDX__TXHDRCOINENA = DIS
IDX__TXHDRLSTRIGMODE = DIS
IDX__TXHDRMGTRIGMODE = 0
IDX__TXHDRLGTRIGMODE = 0
IDX__TXHDRHGTRIGMODE = 1
IDX__TXHDRSP05 = 0
IDX__TXHDRSP06 = 0
IDX__TXHDRSP07 = 2018
IDX__TXHDRSP08 = 0
IDX__TXHDRTOFMAX = 541596204
IDX__TXHDRTOFMIN = 535295474
IDX__TXHDRLS0MAXMIN = 9684683
IDX__TXHDRLS1MAXMIN = 8452072
IDX__TXHDRLS2MAXMIN = 8435681
IDX__TXHDRFIFODELAY = 17
IDX__TXHDRSAMPDELAY = 40934472
IDX__TXHDRTRANSCNT = 2
IDX__TXHDRPROCHKCH01 = 83624768
IDX__TXHDRPROCHKCH23 = 106759401
IDX__TXHDRPROCHKCH45 = 169018586
IDX__TXHDRPROCHKCH67 = 133695768
IDX__TXHDRHVPSHKCH01 = 131860073
IDX__TXHDRHVPSHKCH23 = 8849070
IDX__TXHDRHVPSHKCH45 = 153225178
IDX__TXHDRHVPSHKCH67 = 19991183
IDX__TXHDRLVHK0CH01 = 134219776
IDX__TXHDRLVHK0CH23 = 171838394
IDX__TXHDRLVHK0CH45 = 134745194
IDX__TXHDRLVHK0CH67 = 205655123
IDX__TXHDRLVHK1CH01 = 34801294
IDX__TXHDRLVHK1CH23 = 77530618
IDX__TXHDRLVHK1CH45 = 227084192
IDX__TXHDRLVHK1CH67 = 192872901
IDX__TXHDRLVHK2CH01 = 80938197
IDX__TXHDRLVHK2CH23 = 192154263
IDX__TXHDRLVHK2CH45 = 101059655
IDX__TXHDRLVHK2CH67 = 69017
IDX__TXHDRSP09 = 0
IDX__TXHDRSP10 = 0
IDX__TXHDRFSWAIDCOPY = 2415085345
IDX__TXHDRFSWBINCOPY = 0
IDX__TXHDRFSWMAJOR = 2
IDX__TXHDRFSWMINOR = 0
IDX__TXHDRFSWPATCH = 0
IDX__TXHDRFSWHVSTAT = 3
IDX__TXHDRFSWMEM0 = 0
IDX__TXHDRFSWMEM1 = 0
IDX__TXHDRFSWPT0 = 0
IDX__TXHDRFSWPT1 = 0
IDX__TXHDRFSWPT2 = 0
IDX__TXHDRFSWPT3 = 0
IDX__TXHDRFSWPT4 = 0
IDX__TXHDRFSWPT5 = 0
IDX__TXHDRFSWPT6 = 0
IDX__TXHDRFSWPT7 = 0
IDX__TXHDRFSWPT8 = 0
IDX__TXHDRFSWPT9 = 0
IDX__TXHDRFPGAVER = 539165480
IDX__SYNCSCI0PKT = 13107
IDX__CRCSCI0PKT = 63925
^*****Event header 10******^
EVTNUM: 10
SCI0TYPE: 1
TXHDRBLOCKS RAW: 243679
TXHDRBLOCKS DERIVED: 243679
-----
HS pre trig sampling blocks:  31
LS pre trig sampling blocks:  3
HS post trig sampling blocks:  31
LS post trig sampling blocks:  11
IDX__TXHDRHVPSHKCH01 = 131860073
Detector voltage =  1641
Sensor voltage =  2012
Target voltage =  1710
Reflectron voltage =  135
Rejection voltage =  2010
Current for HVPS sensor =  2338
Positive current for HVPS sensor =  2703
Negative current for HVPS sensor =  305
Voltage +3.3V reference =  2048
Voltage +3.3V operational reference =  2048
Voltage -6V bus =  3002
Voltage +6V bus =  2622
Voltage +16V bus =  3178
Voltage +3.3V bus =  2056
Voltage -5V bus =  3155
Voltage +5V bus =  3138
Current +3.3V bus =  1678
Current +16V bus =  1183
Current +6V bus =  1530
Current -6V bus =  1183
Current +5V bus =  1952
Current -5V bus =  3465
Current +2.5V bus =  453
Current -2.5V bus =  2943
Current on the 1V POL =  832
Current on the 1.9V POL =  1276
ProcBd Temperature 1 =  1257
ProcBd Temperature 2 =  1629
Voltage on 1V bus =  1242
FPGA Temperature =  2579
Voltage on 1.9V bus =  2328
Voltage on 3.3V bus =  2040
var_to_row = {'Last measurement in raw DN for Processor Board signal “1V POL Current”': 0, 'Last measurement in raw DN for Processor Board signal “1.9V POL Current”': 1, 'Last measurement in raw DN for Processor Board signal “ProcBd Temp1”': 2, nan: 48, 'Last measurement in raw DN for Processor Board signal “ProcBd Temp2”': 6, 'Last measurement in raw DN for Processor Board signal “1V Voltage”': 10, 'Last measurement in raw DN for Processor Board signal “FPGA Temp”': 11, 'Last measurement in raw DN for Processor Board signal “1.9V Voltage”': 12, 'Last measurement in raw DN for Processor Board signal “3.3V Voltage”': 13, 'Last measurement in raw DN for HVPS Board signal “Detector Voltage”': 14, 'Last measurement in raw DN for HVPS Board signal “Sensor Voltage"': 15, 'Last measurement in raw DN for HVPS Board signal “Target Voltage”': 16, 'Last measurement in raw DN for HVPS Board signal “Reflectron Voltage”': 17, 'Last measurement in raw DN for HVPS Board signal “Rejection Voltage”': 18, 'Last measurement in raw DN for HVPS Board signal “Detector Current”': 19, 'Last measurement in raw DN for HVPS Board signal “Sensor IP”': 20, 'Last measurement in raw DN for HVPS Board signal “Sensor IN”': 21, 'Last measurement in raw DN for LVPS Board signal “P3.3VREF_HK”': 22, 'Last measurement in raw DN for LVPS Board signal “P3.3VREF_OP”': 23, 'Last measurement in raw DN for LVPS Board signal “N6V”': 24, 'Last measurement in raw DN for LVPS Board signal “P6V”': 25, 'Last measurement in raw DN for LVPS Board signal “P16V”': 26, 'Last measurement in raw DN for LVPS Board signal “P3.3V”': 27, 'Last measurement in raw DN for LVPS Board signal “N5V”': 28, 'Last measurement in raw DN for LVPS Board signal “P5V”': 29, 'Last measurement in raw DN for LVPS Board signal “P3.3_IMON”': 30, 'Last measurement in raw DN for LVPS Board signal “P16V_IMON”': 31, 'Last measurement in raw DN for LVPS Board signal “P6V_IMON”': 32, 'Last measurement in raw DN for LVPS Board signal “N6V_IMON”': 33, 'Last measurement in raw DN for LVPS Board signal “P5V_IMON”': 34, 'Last measurement in raw DN for LVPS Board signal “N5V_IMON”': 35, 'Last measurement in raw DN for LVPS Board signal “P2.5V_IMON”': 36, 'Last measurement in raw DN for LVPS Board signal “N2.5V_IMON”': 37, 'Last measurement in raw DN for LVPS Board signal “THERM_DECON0”': 38, 'Last measurement in raw DN for LVPS Board signal “THERM_DECON1”': 39, 'Last measurement in raw DN for LVPS Board signal “THERM_DAB”': 40, 'Last measurement in raw DN for LVPS Board signal “THERM_LVPS”': 41, 'Last measurement in raw DN for LVPS Board signal “THERM_HVPS”': 45, 'Last measurement in raw DN for LVPS Board signal “P2.5V”': 49, 'Last measurement in raw DN for LVPS Board signal “N2.5V”': 50, 'Last measurement in raw DN for LVPS Board signal “Spare”': 51}

 
 ***** var_name being converted for each instrument setting ***** 
 

Matching row  18
coeffs for Last measurement in raw DN for Processor Board signal “1V POL Current”= [0.0 0.9029253 0.0 0.0 0.0 0.0 0.0 0.0]
var_name = Last measurement in raw DN for Processor Board signal “1V POL Current”
var_name = current_1V_pol
Header info = 832
Transformed value for current_1V_pol = 751.2338496
Matching row  18
coeffs for Last measurement in raw DN for Processor Board signal “1.9V POL Current”= [0.0 0.9029253 0.0 0.0 0.0 0.0 0.0 0.0]
var_name = Last measurement in raw DN for Processor Board signal “1.9V POL Current”
var_name = current_1.9V_pol
Header info = 1276
Transformed value for current_1.9V_pol = 1152.1326828
Matching row  18
coeffs for Last measurement in raw DN for Processor Board signal “ProcBd Temp1”= [162.8276 -0.2668687 0.0003323794 -2.43153e-07 9.034532e-11 -1.327735e-14
 0.0 0.0]
var_name = Last measurement in raw DN for Processor Board signal “ProcBd Temp1”
var_name = temperature_1
Header info = 1257
Transformed value for temperature_1 = 53.50343114914058
Matching row  18
coeffs for nan= [-104713.9 52.02446 -0.006463374 0.0 0.0 0.0 0.0 0.0]
var_name = nan
var_name = None
KeyError: (10, None) - Could not find entry for None, 48. Please check the Var_notes or variable mapping.
Matching row  18
coeffs for Last measurement in raw DN for Processor Board signal “ProcBd Temp2”= [162.8276 -0.2668687 0.0003323794 -2.43153e-07 9.034532e-11 -1.327735e-14
 0.0 0.0]
var_name = Last measurement in raw DN for Processor Board signal “ProcBd Temp2”
var_name = temperature_2
Header info = 1629
Transformed value for temperature_2 = 42.9055704329042
Matching row  18
coeffs for Last measurement in raw DN for Processor Board signal “1V Voltage”= [0.0 0.000805861 0.0 0.0 0.0 0.0 0.0 0.0]
var_name = Last measurement in raw DN for Processor Board signal “1V Voltage”
var_name = voltage_1V_bus
Header info = 1242
Transformed value for voltage_1V_bus = 1.0008793619999998
Matching row  18
coeffs for Last measurement in raw DN for Processor Board signal “FPGA Temp”= [358.31 -0.1187104 0.0 0.0 0.0 0.0 0.0 0.0]
var_name = Last measurement in raw DN for Processor Board signal “FPGA Temp”
var_name = fpga_temperature
Header info = 2579
Transformed value for fpga_temperature = 52.155878400000006
Matching row  18
coeffs for Last measurement in raw DN for Processor Board signal “1.9V Voltage”= [0.0 0.000805861 0.0 0.0 0.0 0.0 0.0 0.0]
var_name = Last measurement in raw DN for Processor Board signal “1.9V Voltage”
var_name = voltage_1.9V_bus
Header info = 2328
Transformed value for voltage_1.9V_bus = 1.8760444079999998
Matching row  18
coeffs for Last measurement in raw DN for Processor Board signal “3.3V Voltage”= [0.0 0.001611722 0.0 0.0 0.0 0.0 0.0 0.0]
var_name = Last measurement in raw DN for Processor Board signal “3.3V Voltage”
var_name = voltage_3.3V_bus
Header info = 2040
Transformed value for voltage_3.3V_bus = 3.28791288
Matching row  18
coeffs for Last measurement in raw DN for HVPS Board signal “Detector Voltage”= [0.0 1.4652 0.0 0.0 0.0 0.0 0.0 0.0]
var_name = Last measurement in raw DN for HVPS Board signal “Detector Voltage”
var_name = detector_voltage
Header info = 1641
Transformed value for detector_voltage = 2404.3932
Matching row  18
coeffs for Last measurement in raw DN for HVPS Board signal “Sensor Voltage"= [0.0 1.4652 0.0 0.0 0.0 0.0 0.0 0.0]
var_name = Last measurement in raw DN for HVPS Board signal “Sensor Voltage"
var_name = sensor_voltage
Header info = 2012
Transformed value for sensor_voltage = 2947.9824000000003
Matching row  18
coeffs for Last measurement in raw DN for HVPS Board signal “Target Voltage”= [0.0 1.4652 0.0 0.0 0.0 0.0 0.0 0.0]
var_name = Last measurement in raw DN for HVPS Board signal “Target Voltage”
var_name = target_voltage
Header info = 1710
Transformed value for target_voltage = 2505.492
Matching row  18
coeffs for Last measurement in raw DN for HVPS Board signal “Reflectron Voltage”= [0.0 1.4652 0.0 0.0 0.0 0.0 0.0 0.0]
var_name = Last measurement in raw DN for HVPS Board signal “Reflectron Voltage”
var_name = reflectron_voltage
Header info = 135
Transformed value for reflectron_voltage = 197.80200000000002
Matching row  18
coeffs for Last measurement in raw DN for HVPS Board signal “Rejection Voltage”= [0.0 1.4652 0.0 0.0 0.0 0.0 0.0 0.0]
var_name = Last measurement in raw DN for HVPS Board signal “Rejection Voltage”
var_name = rejection_voltage
Header info = 2010
Transformed value for rejection_voltage = 2945.052
Matching row  18
coeffs for Last measurement in raw DN for HVPS Board signal “Detector Current”= [0.0 7.326e-06 0.0 0.0 0.0 0.0 0.0 0.0]
var_name = Last measurement in raw DN for HVPS Board signal “Detector Current”
var_name = current_hvps_sensor
Header info = 2338
Transformed value for current_hvps_sensor = 0.017128188
Matching row  18
coeffs for Last measurement in raw DN for HVPS Board signal “Sensor IP”= [0.0 2.4339e-05 0.0 0.0 0.0 0.0 0.0 0.0]
var_name = Last measurement in raw DN for HVPS Board signal “Sensor IP”
var_name = positive_current_hvps
Header info = 2703
Transformed value for positive_current_hvps = 0.065788317
Matching row  18
coeffs for Last measurement in raw DN for HVPS Board signal “Sensor IN”= [0.0 2.4339e-05 0.0 0.0 0.0 0.0 0.0 0.0]
var_name = Last measurement in raw DN for HVPS Board signal “Sensor IN”
var_name = negative_current_hvps
Header info = 305
Transformed value for negative_current_hvps = 0.007423394999999999
Matching row  18
coeffs for Last measurement in raw DN for LVPS Board signal “P3.3VREF_HK”= [0.0 0.00161172 0.0 0.0 0.0 0.0 0.0 0.0]
var_name = Last measurement in raw DN for LVPS Board signal “P3.3VREF_HK”
var_name = voltage_3V3_ref
Header info = 2048
Transformed value for voltage_3V3_ref = 3.30080256
Matching row  18
coeffs for Last measurement in raw DN for LVPS Board signal “P3.3VREF_OP”= [0.0 0.00161172 0.0 0.0 0.0 0.0 0.0 0.0]
var_name = Last measurement in raw DN for LVPS Board signal “P3.3VREF_OP”
var_name = voltage_3V3_op_ref
Header info = 2048
Transformed value for voltage_3V3_op_ref = 3.30080256
Matching row  18
coeffs for Last measurement in raw DN for LVPS Board signal “N6V”= [-33.0 0.00886447 0.0 0.0 0.0 0.0 0.0 0.0]
var_name = Last measurement in raw DN for LVPS Board signal “N6V”
var_name = voltage_neg6V_bus
Header info = 3002
Transformed value for voltage_neg6V_bus = -6.3888610600000035
Matching row  18
coeffs for Last measurement in raw DN for LVPS Board signal “P6V”= [0.0 0.00241758 0.0 0.0 0.0 0.0 0.0 0.0]
var_name = Last measurement in raw DN for LVPS Board signal “P6V”
var_name = voltage_pos6V_bus
Header info = 2622
Transformed value for voltage_pos6V_bus = 6.33889476
Matching row  18
coeffs for Last measurement in raw DN for LVPS Board signal “P16V”= [0.0 0.00482711 0.0 0.0 0.0 0.0 0.0 0.0]
var_name = Last measurement in raw DN for LVPS Board signal “P16V”
var_name = voltage_pos16V_bus
Header info = 3178
Transformed value for voltage_pos16V_bus = 15.34055558
Matching row  18
coeffs for Last measurement in raw DN for LVPS Board signal “P3.3V”= [0.0 0.00161172 0.0 0.0 0.0 0.0 0.0 0.0]
var_name = Last measurement in raw DN for LVPS Board signal “P3.3V”
var_name = voltage_pos3V3_bus
Header info = 2056
Transformed value for voltage_pos3V3_bus = 3.31369632
Matching row  18
coeffs for Last measurement in raw DN for LVPS Board signal “N5V”= [-33.0 0.00886447 0.0 0.0 0.0 0.0 0.0 0.0]
var_name = Last measurement in raw DN for LVPS Board signal “N5V”
var_name = voltage_neg5V_bus
Header info = 3155
Transformed value for voltage_neg5V_bus = -5.032597150000001
Matching row  18
coeffs for Last measurement in raw DN for LVPS Board signal “P5V”= [0.0 0.00161172 0.0 0.0 0.0 0.0 0.0 0.0]
var_name = Last measurement in raw DN for LVPS Board signal “P5V”
var_name = voltage_pos5V_bus
Header info = 3138
Transformed value for voltage_pos5V_bus = 5.057577360000001
Matching row  18
coeffs for Last measurement in raw DN for LVPS Board signal “P3.3_IMON”= [0.0 0.00161172 0.0 0.0 0.0 0.0 0.0 0.0]
var_name = Last measurement in raw DN for LVPS Board signal “P3.3_IMON”
var_name = current_3V3_bus
Header info = 1678
Transformed value for current_3V3_bus = 2.70446616
Matching row  18
coeffs for Last measurement in raw DN for LVPS Board signal “P16V_IMON”= [0.0 0.000161172 0.0 0.0 0.0 0.0 0.0 0.0]
var_name = Last measurement in raw DN for LVPS Board signal “P16V_IMON”
var_name = current_16V_bus
Header info = 1183
Transformed value for current_16V_bus = 0.190666476
Matching row  18
coeffs for Last measurement in raw DN for LVPS Board signal “P6V_IMON”= [0.0 8.05861e-05 0.0 0.0 0.0 0.0 0.0 0.0]
var_name = Last measurement in raw DN for LVPS Board signal “P6V_IMON”
var_name = current_6V_bus
Header info = 1530
Transformed value for current_6V_bus = 0.12329673299999999
Matching row  18
coeffs for Last measurement in raw DN for LVPS Board signal “N6V_IMON”= [0.0 -8.05861e-05 0.0 0.0 0.0 0.0 0.0 0.0]
var_name = Last measurement in raw DN for LVPS Board signal “N6V_IMON”
var_name = current_neg6V_bus
Header info = 1183
Transformed value for current_neg6V_bus = -0.09533335629999999
Matching row  18
coeffs for Last measurement in raw DN for LVPS Board signal “P5V_IMON”= [0.0 4.029304e-05 0.0 0.0 0.0 0.0 0.0 0.0]
var_name = Last measurement in raw DN for LVPS Board signal “P5V_IMON”
var_name = current_5V_bus
Header info = 1952
Transformed value for current_5V_bus = 0.07865201408
Matching row  18
coeffs for Last measurement in raw DN for LVPS Board signal “N5V_IMON”= [0.0 -2.01465e-05 0.0 0.0 0.0 0.0 0.0 0.0]
var_name = Last measurement in raw DN for LVPS Board signal “N5V_IMON”
var_name = current_neg5V_bus
Header info = 3465
Transformed value for current_neg5V_bus = -0.0698076225
Matching row  18
coeffs for Last measurement in raw DN for LVPS Board signal “P2.5V_IMON”= [0.0 0.00161172 0.0 0.0 0.0 0.0 0.0 0.0]
var_name = Last measurement in raw DN for LVPS Board signal “P2.5V_IMON”
var_name = current_2V5_bus
Header info = 453
Transformed value for current_2V5_bus = 0.73010916
Matching row  18
coeffs for Last measurement in raw DN for LVPS Board signal “N2.5V_IMON”= [0.0 -4.0293e-05 0.0 0.0 0.0 0.0 0.0 0.0]
var_name = Last measurement in raw DN for LVPS Board signal “N2.5V_IMON”
var_name = current_neg2V5_bus
Header info = 2943
Transformed value for current_neg2V5_bus = -0.118582299
Matching row  18
coeffs for Last measurement in raw DN for LVPS Board signal “THERM_DECON0”= [-110.293 0.0665351 0.000305738 -6.32048e-07 5.9934e-10 -2.98784e-13
 7.61361e-17 -7.76467e-21]
var_name = Last measurement in raw DN for LVPS Board signal “THERM_DECON0”
var_name = None
KeyError: (10, None) - Could not find entry for None, 38. Please check the Var_notes or variable mapping.
Matching row  18
coeffs for Last measurement in raw DN for LVPS Board signal “THERM_DECON1”= [-150.478 0.376986 -0.00062072 7.73853e-07 -5.81588e-10 2.56368e-13
 -6.05698e-17 5.96635e-21]
var_name = Last measurement in raw DN for LVPS Board signal “THERM_DECON1”
var_name = None
KeyError: (10, None) - Could not find entry for None, 39. Please check the Var_notes or variable mapping.
Matching row  18
coeffs for Last measurement in raw DN for LVPS Board signal “THERM_DAB”= [-443.248 1.31224 -0.00180422 1.40016e-06 -6.43766e-10 1.7448e-13
 -2.57695e-17 1.60239e-21]
var_name = Last measurement in raw DN for LVPS Board signal “THERM_DAB”
var_name = None
KeyError: (10, None) - Could not find entry for None, 40. Please check the Var_notes or variable mapping.
Matching row  18
coeffs for Last measurement in raw DN for LVPS Board signal “THERM_LVPS”= [200.4137 -0.2020699 0.000175403 -9.739547e-08 2.888932e-11 -3.545603e-15
 0.0 0.0]
var_name = Last measurement in raw DN for LVPS Board signal “THERM_LVPS”
var_name = None
KeyError: (10, None) - Could not find entry for None, 41. Please check the Var_notes or variable mapping.
Matching row  18
coeffs for Last measurement in raw DN for LVPS Board signal “THERM_HVPS”= [200.4137 -0.2020699 0.000175403 -9.739547e-08 2.888932e-11 -3.545603e-15
 0.0 0.0]
var_name = Last measurement in raw DN for LVPS Board signal “THERM_HVPS”
var_name = None
KeyError: (10, None) - Could not find entry for None, 45. Please check the Var_notes or variable mapping.
Matching row  18
coeffs for Last measurement in raw DN for LVPS Board signal “P2.5V”= [0.0 0.00161172 0.0 0.0 0.0 0.0 0.0 0.0]
var_name = Last measurement in raw DN for LVPS Board signal “P2.5V”
var_name = None
KeyError: (10, None) - Could not find entry for None, 49. Please check the Var_notes or variable mapping.
Matching row  18
coeffs for Last measurement in raw DN for LVPS Board signal “N2.5V”= [-33.0 0.00886447 0.0 0.0 0.0 0.0 0.0 0.0]
var_name = Last measurement in raw DN for LVPS Board signal “N2.5V”
var_name = None
KeyError: (10, None) - Could not find entry for None, 50. Please check the Var_notes or variable mapping.
Matching row  18
coeffs for Last measurement in raw DN for LVPS Board signal “Spare”= [0.0 0.00161172 0.0 0.0 0.0 0.0 0.0 0.0]
var_name = Last measurement in raw DN for LVPS Board signal “Spare”
var_name = spare_signal
KeyError: (10, 'spare_signal') - Could not find entry for spare_signal, 51. Please check the Var_notes or variable mapping.
High gain delay = 72 samples.
Mid gain delay = 39 samples.
Low gain delay = 39 samples.
High sampling trigger mode =  0 0 1
High gain trigger mode enabled.
For 2264924160, HG Trigger level = 0.15605999999999998, sample settings = 0, 0
Threshold trigger mode enabled for high gain channel.
AID = 2415085345
Event number = 110
Rice compression enabled = False
Timestamp = 440199297.9974 seconds since epoch (Midnight January 1st, 2010)
Trigger time = 2023-12-13T21:34:57.997400Z
10
10
10
10
10
10
10
10
10
10
10
10
10
{'SHCOARSE': ParsedDataItem(SHCOARSE, raw=440202750, derived=440202750, unit=dn), 'SHFINE': ParsedDataItem(SHFINE, raw=8777, derived=8777, unit=dn), 'IDX__SCI0AID': ParsedDataItem(IDX__SCI0AID, raw=2415085345, derived=2415085345, unit=None), 'IDX__SCI0TYPE': ParsedDataItem(IDX__SCI0TYPE, raw=1, derived=1, unit=None), 'IDX__SCI0CONT': ParsedDataItem(IDX__SCI0CONT, raw=127, derived=127, unit=None), 'IDX__SCI0SPARE1': ParsedDataItem(IDX__SCI0SPARE1, raw=0, derived=0, unit=None), 'IDX__SCI0PACK': ParsedDataItem(IDX__SCI0PACK, raw=1, derived=EN, unit=None), 'IDX__SCI0FRAG': ParsedDataItem(IDX__SCI0FRAG, raw=0, derived=DS, unit=None), 'IDX__SCI0COMP': ParsedDataItem(IDX__SCI0COMP, raw=0, derived=DS, unit=None), 'IDX__SCI0EVTNUM': ParsedDataItem(IDX__SCI0EVTNUM, raw=111, derived=111, unit=None), 'IDX__SCI0CAT': ParsedDataItem(IDX__SCI0CAT, raw=32, derived=32, unit=None), 'IDX__SCI0QUAL': ParsedDataItem(IDX__SCI0QUAL, raw=5, derived=5, unit=None), 'IDX__SCI0FRAGOFF': ParsedDataItem(IDX__SCI0FRAGOFF, raw=0, derived=0, unit=None), 'IDX__SCI0VER': ParsedDataItem(IDX__SCI0VER, raw=9, derived=9, unit=None), 'IDX__SCI0TIME32': ParsedDataItem(IDX__SCI0TIME32, raw=440199300, derived=440199300, unit=None), 'IDX__SCI0SPARE2': ParsedDataItem(IDX__SCI0SPARE2, raw=0, derived=0, unit=None), 'IDX__SCI0SPARE3': ParsedDataItem(IDX__SCI0SPARE3, raw=0, derived=0, unit=None), 'IDX__SCI0SPARE4': ParsedDataItem(IDX__SCI0SPARE4, raw=0, derived=0, unit=None), 'IDX__TXHDRSCIEVTLEN': ParsedDataItem(IDX__TXHDRSCIEVTLEN, raw=8320, derived=8320, unit=None), 'IDX__TXHDRSP00': ParsedDataItem(IDX__TXHDRSP00, raw=0, derived=0, unit=None), 'IDX__TXHDRTIMESEC1': ParsedDataItem(IDX__TXHDRTIMESEC1, raw=6716, derived=6716, unit=None), 'IDX__TXHDRTIMESEC2': ParsedDataItem(IDX__TXHDRTIMESEC2, raw=59524, derived=59524, unit=None), 'IDX__TXHDRTIMESUBS': ParsedDataItem(IDX__TXHDRTIMESUBS, raw=10883, derived=10883, unit=None), 'IDX__TXHDRSP01': ParsedDataItem(IDX__TXHDRSP01, raw=0, derived=0, unit=None), 'IDX__TXHDRTRIGOFFSET': ParsedDataItem(IDX__TXHDRTRIGOFFSET, raw=3, derived=3, unit=None), 'IDX__TXHDRSP02': ParsedDataItem(IDX__TXHDRSP02, raw=0, derived=0, unit=None), 'IDX__TXHDRTRIGID': ParsedDataItem(IDX__TXHDRTRIGID, raw=1, derived=1, unit=None), 'IDX__TXHDREVTNUM': ParsedDataItem(IDX__TXHDREVTNUM, raw=111, derived=111, unit=None), 'IDX__TXHDRBLOCKS': ParsedDataItem(IDX__TXHDRBLOCKS, raw=243679, derived=243679, unit=None), 'IDX__TXHDRHGTRIGCTRL1': ParsedDataItem(IDX__TXHDRHGTRIGCTRL1, raw=2264924160, derived=2264924160, unit=None), 'IDX__TXHDRHGTRIGCTRL2': ParsedDataItem(IDX__TXHDRHGTRIGCTRL2, raw=0, derived=0, unit=None), 'IDX__TXHDRLGTRIGCTRL1': ParsedDataItem(IDX__TXHDRLGTRIGCTRL1, raw=4294965248, derived=4294965248, unit=None), 'IDX__TXHDRLGTRIGCTRL2': ParsedDataItem(IDX__TXHDRLGTRIGCTRL2, raw=4278255360, derived=4278255360, unit=None), 'IDX__TXHDRMGTRIGCTRL1': ParsedDataItem(IDX__TXHDRMGTRIGCTRL1, raw=4294965248, derived=4294965248, unit=None), 'IDX__TXHDRMGTRIGCTRL2': ParsedDataItem(IDX__TXHDRMGTRIGCTRL2, raw=4278255360, derived=4278255360, unit=None), 'IDX__TXHDRSP03': ParsedDataItem(IDX__TXHDRSP03, raw=0, derived=0, unit=None), 'IDX__TXHDRLSADC': ParsedDataItem(IDX__TXHDRLSADC, raw=1048320, derived=1048320, unit=None), 'IDX__TXHDRPOLSTAT': ParsedDataItem(IDX__TXHDRPOLSTAT, raw=1, derived=NEG, unit=None), 'IDX__TXHDRSP04': ParsedDataItem(IDX__TXHDRSP04, raw=0, derived=0, unit=None), 'IDX__TXHDRPOLCTRL': ParsedDataItem(IDX__TXHDRPOLCTRL, raw=0, derived=POS, unit=None), 'IDX__TXHDRCOINENA': ParsedDataItem(IDX__TXHDRCOINENA, raw=0, derived=DIS, unit=None), 'IDX__TXHDRLSTRIGMODE': ParsedDataItem(IDX__TXHDRLSTRIGMODE, raw=0, derived=DIS, unit=None), 'IDX__TXHDRMGTRIGMODE': ParsedDataItem(IDX__TXHDRMGTRIGMODE, raw=0, derived=0, unit=None), 'IDX__TXHDRLGTRIGMODE': ParsedDataItem(IDX__TXHDRLGTRIGMODE, raw=0, derived=0, unit=None), 'IDX__TXHDRHGTRIGMODE': ParsedDataItem(IDX__TXHDRHGTRIGMODE, raw=1, derived=1, unit=None), 'IDX__TXHDRSP05': ParsedDataItem(IDX__TXHDRSP05, raw=0, derived=0, unit=None), 'IDX__TXHDRSP06': ParsedDataItem(IDX__TXHDRSP06, raw=0, derived=0, unit=None), 'IDX__TXHDRSP07': ParsedDataItem(IDX__TXHDRSP07, raw=2019, derived=2019, unit=None), 'IDX__TXHDRSP08': ParsedDataItem(IDX__TXHDRSP08, raw=0, derived=0, unit=None), 'IDX__TXHDRTOFMAX': ParsedDataItem(IDX__TXHDRTOFMAX, raw=565713919, derived=565713919, unit=None), 'IDX__TXHDRTOFMIN': ParsedDataItem(IDX__TXHDRTOFMIN, raw=535295476, derived=535295476, unit=None), 'IDX__TXHDRLS0MAXMIN': ParsedDataItem(IDX__TXHDRLS0MAXMIN, raw=9267063, derived=9267063, unit=None), 'IDX__TXHDRLS1MAXMIN': ParsedDataItem(IDX__TXHDRLS1MAXMIN, raw=8443882, derived=8443882, unit=None), 'IDX__TXHDRLS2MAXMIN': ParsedDataItem(IDX__TXHDRLS2MAXMIN, raw=8407010, derived=8407010, unit=None), 'IDX__TXHDRFIFODELAY': ParsedDataItem(IDX__TXHDRFIFODELAY, raw=18, derived=18, unit=None), 'IDX__TXHDRSAMPDELAY': ParsedDataItem(IDX__TXHDRSAMPDELAY, raw=24140859, derived=24140859, unit=None), 'IDX__TXHDRTRANSCNT': ParsedDataItem(IDX__TXHDRTRANSCNT, raw=14, derived=14, unit=None), 'IDX__TXHDRPROCHKCH01': ParsedDataItem(IDX__TXHDRPROCHKCH01, raw=83624768, derived=83624768, unit=None), 'IDX__TXHDRPROCHKCH23': ParsedDataItem(IDX__TXHDRPROCHKCH23, raw=106759401, derived=106759401, unit=None), 'IDX__TXHDRPROCHKCH45': ParsedDataItem(IDX__TXHDRPROCHKCH45, raw=169018586, derived=169018586, unit=None), 'IDX__TXHDRPROCHKCH67': ParsedDataItem(IDX__TXHDRPROCHKCH67, raw=133695768, derived=133695768, unit=None), 'IDX__TXHDRHVPSHKCH01': ParsedDataItem(IDX__TXHDRHVPSHKCH01, raw=131860073, derived=131860073, unit=None), 'IDX__TXHDRHVPSHKCH23': ParsedDataItem(IDX__TXHDRHVPSHKCH23, raw=8849070, derived=8849070, unit=None), 'IDX__TXHDRHVPSHKCH45': ParsedDataItem(IDX__TXHDRHVPSHKCH45, raw=153290714, derived=153290714, unit=None), 'IDX__TXHDRHVPSHKCH67': ParsedDataItem(IDX__TXHDRHVPSHKCH67, raw=19991183, derived=19991183, unit=None), 'IDX__TXHDRLVHK0CH01': ParsedDataItem(IDX__TXHDRLVHK0CH01, raw=134219776, derived=134219776, unit=None), 'IDX__TXHDRLVHK0CH23': ParsedDataItem(IDX__TXHDRLVHK0CH23, raw=171838394, derived=171838394, unit=None), 'IDX__TXHDRLVHK0CH45': ParsedDataItem(IDX__TXHDRLVHK0CH45, raw=134745193, derived=134745193, unit=None), 'IDX__TXHDRLVHK0CH67': ParsedDataItem(IDX__TXHDRLVHK0CH67, raw=205589587, derived=205589587, unit=None), 'IDX__TXHDRLVHK1CH01': ParsedDataItem(IDX__TXHDRLVHK1CH01, raw=34801293, derived=34801293, unit=None), 'IDX__TXHDRLVHK1CH23': ParsedDataItem(IDX__TXHDRLVHK1CH23, raw=77530618, derived=77530618, unit=None), 'IDX__TXHDRLVHK1CH45': ParsedDataItem(IDX__TXHDRLVHK1CH45, raw=227084192, derived=227084192, unit=None), 'IDX__TXHDRLVHK1CH67': ParsedDataItem(IDX__TXHDRLVHK1CH67, raw=192872901, derived=192872901, unit=None), 'IDX__TXHDRLVHK2CH01': ParsedDataItem(IDX__TXHDRLVHK2CH01, raw=80938197, derived=80938197, unit=None), 'IDX__TXHDRLVHK2CH23': ParsedDataItem(IDX__TXHDRLVHK2CH23, raw=192154263, derived=192154263, unit=None), 'IDX__TXHDRLVHK2CH45': ParsedDataItem(IDX__TXHDRLVHK2CH45, raw=101059655, derived=101059655, unit=None), 'IDX__TXHDRLVHK2CH67': ParsedDataItem(IDX__TXHDRLVHK2CH67, raw=69017, derived=69017, unit=None), 'IDX__TXHDRSP09': ParsedDataItem(IDX__TXHDRSP09, raw=0, derived=0, unit=None), 'IDX__TXHDRSP10': ParsedDataItem(IDX__TXHDRSP10, raw=0, derived=0, unit=None), 'IDX__TXHDRFSWAIDCOPY': ParsedDataItem(IDX__TXHDRFSWAIDCOPY, raw=2415085345, derived=2415085345, unit=None), 'IDX__TXHDRFSWBINCOPY': ParsedDataItem(IDX__TXHDRFSWBINCOPY, raw=0, derived=0, unit=None), 'IDX__TXHDRFSWMAJOR': ParsedDataItem(IDX__TXHDRFSWMAJOR, raw=2, derived=2, unit=None), 'IDX__TXHDRFSWMINOR': ParsedDataItem(IDX__TXHDRFSWMINOR, raw=0, derived=0, unit=None), 'IDX__TXHDRFSWPATCH': ParsedDataItem(IDX__TXHDRFSWPATCH, raw=0, derived=0, unit=None), 'IDX__TXHDRFSWHVSTAT': ParsedDataItem(IDX__TXHDRFSWHVSTAT, raw=3, derived=3, unit=None), 'IDX__TXHDRFSWMEM0': ParsedDataItem(IDX__TXHDRFSWMEM0, raw=0, derived=0, unit=None), 'IDX__TXHDRFSWMEM1': ParsedDataItem(IDX__TXHDRFSWMEM1, raw=0, derived=0, unit=None), 'IDX__TXHDRFSWPT0': ParsedDataItem(IDX__TXHDRFSWPT0, raw=0, derived=0, unit=None), 'IDX__TXHDRFSWPT1': ParsedDataItem(IDX__TXHDRFSWPT1, raw=0, derived=0, unit=None), 'IDX__TXHDRFSWPT2': ParsedDataItem(IDX__TXHDRFSWPT2, raw=0, derived=0, unit=None), 'IDX__TXHDRFSWPT3': ParsedDataItem(IDX__TXHDRFSWPT3, raw=0, derived=0, unit=None), 'IDX__TXHDRFSWPT4': ParsedDataItem(IDX__TXHDRFSWPT4, raw=0, derived=0, unit=None), 'IDX__TXHDRFSWPT5': ParsedDataItem(IDX__TXHDRFSWPT5, raw=0, derived=0, unit=None), 'IDX__TXHDRFSWPT6': ParsedDataItem(IDX__TXHDRFSWPT6, raw=0, derived=0, unit=None), 'IDX__TXHDRFSWPT7': ParsedDataItem(IDX__TXHDRFSWPT7, raw=0, derived=0, unit=None), 'IDX__TXHDRFSWPT8': ParsedDataItem(IDX__TXHDRFSWPT8, raw=0, derived=0, unit=None), 'IDX__TXHDRFSWPT9': ParsedDataItem(IDX__TXHDRFSWPT9, raw=0, derived=0, unit=None), 'IDX__TXHDRFPGAVER': ParsedDataItem(IDX__TXHDRFPGAVER, raw=539165480, derived=539165480, unit=None), 'IDX__SYNCSCI0PKT': ParsedDataItem(IDX__SYNCSCI0PKT, raw=13107, derived=13107, unit=None), 'IDX__CRCSCI0PKT': ParsedDataItem(IDX__CRCSCI0PKT, raw=18132, derived=18132, unit=None)}
SHCOARSE = 440202750
SHFINE = 8777
IDX__SCI0AID = 2415085345
IDX__SCI0TYPE = 1
IDX__SCI0CONT = 127
IDX__SCI0SPARE1 = 0
IDX__SCI0PACK = EN
IDX__SCI0FRAG = DS
IDX__SCI0COMP = DS
IDX__SCI0EVTNUM = 111
IDX__SCI0CAT = 32
IDX__SCI0QUAL = 5
IDX__SCI0FRAGOFF = 0
IDX__SCI0VER = 9
IDX__SCI0TIME32 = 440199300
IDX__SCI0SPARE2 = 0
IDX__SCI0SPARE3 = 0
IDX__SCI0SPARE4 = 0
IDX__TXHDRSCIEVTLEN = 8320
IDX__TXHDRSP00 = 0
IDX__TXHDRTIMESEC1 = 6716
IDX__TXHDRTIMESEC2 = 59524
IDX__TXHDRTIMESUBS = 10883
IDX__TXHDRSP01 = 0
IDX__TXHDRTRIGOFFSET = 3
IDX__TXHDRSP02 = 0
IDX__TXHDRTRIGID = 1
IDX__TXHDREVTNUM = 111
IDX__TXHDRBLOCKS = 243679
IDX__TXHDRHGTRIGCTRL1 = 2264924160
IDX__TXHDRHGTRIGCTRL2 = 0
IDX__TXHDRLGTRIGCTRL1 = 4294965248
IDX__TXHDRLGTRIGCTRL2 = 4278255360
IDX__TXHDRMGTRIGCTRL1 = 4294965248
IDX__TXHDRMGTRIGCTRL2 = 4278255360
IDX__TXHDRSP03 = 0
IDX__TXHDRLSADC = 1048320
IDX__TXHDRPOLSTAT = NEG
IDX__TXHDRSP04 = 0
IDX__TXHDRPOLCTRL = POS
IDX__TXHDRCOINENA = DIS
IDX__TXHDRLSTRIGMODE = DIS
IDX__TXHDRMGTRIGMODE = 0
IDX__TXHDRLGTRIGMODE = 0
IDX__TXHDRHGTRIGMODE = 1
IDX__TXHDRSP05 = 0
IDX__TXHDRSP06 = 0
IDX__TXHDRSP07 = 2019
IDX__TXHDRSP08 = 0
IDX__TXHDRTOFMAX = 565713919
IDX__TXHDRTOFMIN = 535295476
IDX__TXHDRLS0MAXMIN = 9267063
IDX__TXHDRLS1MAXMIN = 8443882
IDX__TXHDRLS2MAXMIN = 8407010
IDX__TXHDRFIFODELAY = 18
IDX__TXHDRSAMPDELAY = 24140859
IDX__TXHDRTRANSCNT = 14
IDX__TXHDRPROCHKCH01 = 83624768
IDX__TXHDRPROCHKCH23 = 106759401
IDX__TXHDRPROCHKCH45 = 169018586
IDX__TXHDRPROCHKCH67 = 133695768
IDX__TXHDRHVPSHKCH01 = 131860073
IDX__TXHDRHVPSHKCH23 = 8849070
IDX__TXHDRHVPSHKCH45 = 153290714
IDX__TXHDRHVPSHKCH67 = 19991183
IDX__TXHDRLVHK0CH01 = 134219776
IDX__TXHDRLVHK0CH23 = 171838394
IDX__TXHDRLVHK0CH45 = 134745193
IDX__TXHDRLVHK0CH67 = 205589587
IDX__TXHDRLVHK1CH01 = 34801293
IDX__TXHDRLVHK1CH23 = 77530618
IDX__TXHDRLVHK1CH45 = 227084192
IDX__TXHDRLVHK1CH67 = 192872901
IDX__TXHDRLVHK2CH01 = 80938197
IDX__TXHDRLVHK2CH23 = 192154263
IDX__TXHDRLVHK2CH45 = 101059655
IDX__TXHDRLVHK2CH67 = 69017
IDX__TXHDRSP09 = 0
IDX__TXHDRSP10 = 0
IDX__TXHDRFSWAIDCOPY = 2415085345
IDX__TXHDRFSWBINCOPY = 0
IDX__TXHDRFSWMAJOR = 2
IDX__TXHDRFSWMINOR = 0
IDX__TXHDRFSWPATCH = 0
IDX__TXHDRFSWHVSTAT = 3
IDX__TXHDRFSWMEM0 = 0
IDX__TXHDRFSWMEM1 = 0
IDX__TXHDRFSWPT0 = 0
IDX__TXHDRFSWPT1 = 0
IDX__TXHDRFSWPT2 = 0
IDX__TXHDRFSWPT3 = 0
IDX__TXHDRFSWPT4 = 0
IDX__TXHDRFSWPT5 = 0
IDX__TXHDRFSWPT6 = 0
IDX__TXHDRFSWPT7 = 0
IDX__TXHDRFSWPT8 = 0
IDX__TXHDRFSWPT9 = 0
IDX__TXHDRFPGAVER = 539165480
IDX__SYNCSCI0PKT = 13107
IDX__CRCSCI0PKT = 18132
^*****Event header 11******^
EVTNUM: 11
SCI0TYPE: 1
TXHDRBLOCKS RAW: 243679
TXHDRBLOCKS DERIVED: 243679
-----
HS pre trig sampling blocks:  31
LS pre trig sampling blocks:  3
HS post trig sampling blocks:  31
LS post trig sampling blocks:  11
IDX__TXHDRHVPSHKCH01 = 131860073
Detector voltage =  1641
Sensor voltage =  2012
Target voltage =  1710
Reflectron voltage =  135
Rejection voltage =  2010
Current for HVPS sensor =  2339
Positive current for HVPS sensor =  2703
Negative current for HVPS sensor =  305
Voltage +3.3V reference =  2048
Voltage +3.3V operational reference =  2048
Voltage -6V bus =  3002
Voltage +6V bus =  2622
Voltage +16V bus =  3177
Voltage +3.3V bus =  2056
Voltage -5V bus =  3155
Voltage +5V bus =  3137
Current +3.3V bus =  1677
Current +16V bus =  1183
Current +6V bus =  1530
Current -6V bus =  1183
Current +5V bus =  1952
Current -5V bus =  3465
Current +2.5V bus =  453
Current -2.5V bus =  2943
Current on the 1V POL =  832
Current on the 1.9V POL =  1276
ProcBd Temperature 1 =  1257
ProcBd Temperature 2 =  1629
Voltage on 1V bus =  1242
FPGA Temperature =  2579
Voltage on 1.9V bus =  2328
Voltage on 3.3V bus =  2040
var_to_row = {'Last measurement in raw DN for Processor Board signal “1V POL Current”': 0, 'Last measurement in raw DN for Processor Board signal “1.9V POL Current”': 1, 'Last measurement in raw DN for Processor Board signal “ProcBd Temp1”': 2, nan: 48, 'Last measurement in raw DN for Processor Board signal “ProcBd Temp2”': 6, 'Last measurement in raw DN for Processor Board signal “1V Voltage”': 10, 'Last measurement in raw DN for Processor Board signal “FPGA Temp”': 11, 'Last measurement in raw DN for Processor Board signal “1.9V Voltage”': 12, 'Last measurement in raw DN for Processor Board signal “3.3V Voltage”': 13, 'Last measurement in raw DN for HVPS Board signal “Detector Voltage”': 14, 'Last measurement in raw DN for HVPS Board signal “Sensor Voltage"': 15, 'Last measurement in raw DN for HVPS Board signal “Target Voltage”': 16, 'Last measurement in raw DN for HVPS Board signal “Reflectron Voltage”': 17, 'Last measurement in raw DN for HVPS Board signal “Rejection Voltage”': 18, 'Last measurement in raw DN for HVPS Board signal “Detector Current”': 19, 'Last measurement in raw DN for HVPS Board signal “Sensor IP”': 20, 'Last measurement in raw DN for HVPS Board signal “Sensor IN”': 21, 'Last measurement in raw DN for LVPS Board signal “P3.3VREF_HK”': 22, 'Last measurement in raw DN for LVPS Board signal “P3.3VREF_OP”': 23, 'Last measurement in raw DN for LVPS Board signal “N6V”': 24, 'Last measurement in raw DN for LVPS Board signal “P6V”': 25, 'Last measurement in raw DN for LVPS Board signal “P16V”': 26, 'Last measurement in raw DN for LVPS Board signal “P3.3V”': 27, 'Last measurement in raw DN for LVPS Board signal “N5V”': 28, 'Last measurement in raw DN for LVPS Board signal “P5V”': 29, 'Last measurement in raw DN for LVPS Board signal “P3.3_IMON”': 30, 'Last measurement in raw DN for LVPS Board signal “P16V_IMON”': 31, 'Last measurement in raw DN for LVPS Board signal “P6V_IMON”': 32, 'Last measurement in raw DN for LVPS Board signal “N6V_IMON”': 33, 'Last measurement in raw DN for LVPS Board signal “P5V_IMON”': 34, 'Last measurement in raw DN for LVPS Board signal “N5V_IMON”': 35, 'Last measurement in raw DN for LVPS Board signal “P2.5V_IMON”': 36, 'Last measurement in raw DN for LVPS Board signal “N2.5V_IMON”': 37, 'Last measurement in raw DN for LVPS Board signal “THERM_DECON0”': 38, 'Last measurement in raw DN for LVPS Board signal “THERM_DECON1”': 39, 'Last measurement in raw DN for LVPS Board signal “THERM_DAB”': 40, 'Last measurement in raw DN for LVPS Board signal “THERM_LVPS”': 41, 'Last measurement in raw DN for LVPS Board signal “THERM_HVPS”': 45, 'Last measurement in raw DN for LVPS Board signal “P2.5V”': 49, 'Last measurement in raw DN for LVPS Board signal “N2.5V”': 50, 'Last measurement in raw DN for LVPS Board signal “Spare”': 51}

 
 ***** var_name being converted for each instrument setting ***** 
 

Matching row  18
coeffs for Last measurement in raw DN for Processor Board signal “1V POL Current”= [0.0 0.9029253 0.0 0.0 0.0 0.0 0.0 0.0]
var_name = Last measurement in raw DN for Processor Board signal “1V POL Current”
var_name = current_1V_pol
Header info = 832
Transformed value for current_1V_pol = 751.2338496
Matching row  18
coeffs for Last measurement in raw DN for Processor Board signal “1.9V POL Current”= [0.0 0.9029253 0.0 0.0 0.0 0.0 0.0 0.0]
var_name = Last measurement in raw DN for Processor Board signal “1.9V POL Current”
var_name = current_1.9V_pol
Header info = 1276
Transformed value for current_1.9V_pol = 1152.1326828
Matching row  18
coeffs for Last measurement in raw DN for Processor Board signal “ProcBd Temp1”= [162.8276 -0.2668687 0.0003323794 -2.43153e-07 9.034532e-11 -1.327735e-14
 0.0 0.0]
var_name = Last measurement in raw DN for Processor Board signal “ProcBd Temp1”
var_name = temperature_1
Header info = 1257
Transformed value for temperature_1 = 53.50343114914058
Matching row  18
coeffs for nan= [-104713.9 52.02446 -0.006463374 0.0 0.0 0.0 0.0 0.0]
var_name = nan
var_name = None
KeyError: (11, None) - Could not find entry for None, 48. Please check the Var_notes or variable mapping.
Matching row  18
coeffs for Last measurement in raw DN for Processor Board signal “ProcBd Temp2”= [162.8276 -0.2668687 0.0003323794 -2.43153e-07 9.034532e-11 -1.327735e-14
 0.0 0.0]
var_name = Last measurement in raw DN for Processor Board signal “ProcBd Temp2”
var_name = temperature_2
Header info = 1629
Transformed value for temperature_2 = 42.9055704329042
Matching row  18
coeffs for Last measurement in raw DN for Processor Board signal “1V Voltage”= [0.0 0.000805861 0.0 0.0 0.0 0.0 0.0 0.0]
var_name = Last measurement in raw DN for Processor Board signal “1V Voltage”
var_name = voltage_1V_bus
Header info = 1242
Transformed value for voltage_1V_bus = 1.0008793619999998
Matching row  18
coeffs for Last measurement in raw DN for Processor Board signal “FPGA Temp”= [358.31 -0.1187104 0.0 0.0 0.0 0.0 0.0 0.0]
var_name = Last measurement in raw DN for Processor Board signal “FPGA Temp”
var_name = fpga_temperature
Header info = 2579
Transformed value for fpga_temperature = 52.155878400000006
Matching row  18
coeffs for Last measurement in raw DN for Processor Board signal “1.9V Voltage”= [0.0 0.000805861 0.0 0.0 0.0 0.0 0.0 0.0]
var_name = Last measurement in raw DN for Processor Board signal “1.9V Voltage”
var_name = voltage_1.9V_bus
Header info = 2328
Transformed value for voltage_1.9V_bus = 1.8760444079999998
Matching row  18
coeffs for Last measurement in raw DN for Processor Board signal “3.3V Voltage”= [0.0 0.001611722 0.0 0.0 0.0 0.0 0.0 0.0]
var_name = Last measurement in raw DN for Processor Board signal “3.3V Voltage”
var_name = voltage_3.3V_bus
Header info = 2040
Transformed value for voltage_3.3V_bus = 3.28791288
Matching row  18
coeffs for Last measurement in raw DN for HVPS Board signal “Detector Voltage”= [0.0 1.4652 0.0 0.0 0.0 0.0 0.0 0.0]
var_name = Last measurement in raw DN for HVPS Board signal “Detector Voltage”
var_name = detector_voltage
Header info = 1641
Transformed value for detector_voltage = 2404.3932
Matching row  18
coeffs for Last measurement in raw DN for HVPS Board signal “Sensor Voltage"= [0.0 1.4652 0.0 0.0 0.0 0.0 0.0 0.0]
var_name = Last measurement in raw DN for HVPS Board signal “Sensor Voltage"
var_name = sensor_voltage
Header info = 2012
Transformed value for sensor_voltage = 2947.9824000000003
Matching row  18
coeffs for Last measurement in raw DN for HVPS Board signal “Target Voltage”= [0.0 1.4652 0.0 0.0 0.0 0.0 0.0 0.0]
var_name = Last measurement in raw DN for HVPS Board signal “Target Voltage”
var_name = target_voltage
Header info = 1710
Transformed value for target_voltage = 2505.492
Matching row  18
coeffs for Last measurement in raw DN for HVPS Board signal “Reflectron Voltage”= [0.0 1.4652 0.0 0.0 0.0 0.0 0.0 0.0]
var_name = Last measurement in raw DN for HVPS Board signal “Reflectron Voltage”
var_name = reflectron_voltage
Header info = 135
Transformed value for reflectron_voltage = 197.80200000000002
Matching row  18
coeffs for Last measurement in raw DN for HVPS Board signal “Rejection Voltage”= [0.0 1.4652 0.0 0.0 0.0 0.0 0.0 0.0]
var_name = Last measurement in raw DN for HVPS Board signal “Rejection Voltage”
var_name = rejection_voltage
Header info = 2010
Transformed value for rejection_voltage = 2945.052
Matching row  18
coeffs for Last measurement in raw DN for HVPS Board signal “Detector Current”= [0.0 7.326e-06 0.0 0.0 0.0 0.0 0.0 0.0]
var_name = Last measurement in raw DN for HVPS Board signal “Detector Current”
var_name = current_hvps_sensor
Header info = 2339
Transformed value for current_hvps_sensor = 0.017135514
Matching row  18
coeffs for Last measurement in raw DN for HVPS Board signal “Sensor IP”= [0.0 2.4339e-05 0.0 0.0 0.0 0.0 0.0 0.0]
var_name = Last measurement in raw DN for HVPS Board signal “Sensor IP”
var_name = positive_current_hvps
Header info = 2703
Transformed value for positive_current_hvps = 0.065788317
Matching row  18
coeffs for Last measurement in raw DN for HVPS Board signal “Sensor IN”= [0.0 2.4339e-05 0.0 0.0 0.0 0.0 0.0 0.0]
var_name = Last measurement in raw DN for HVPS Board signal “Sensor IN”
var_name = negative_current_hvps
Header info = 305
Transformed value for negative_current_hvps = 0.007423394999999999
Matching row  18
coeffs for Last measurement in raw DN for LVPS Board signal “P3.3VREF_HK”= [0.0 0.00161172 0.0 0.0 0.0 0.0 0.0 0.0]
var_name = Last measurement in raw DN for LVPS Board signal “P3.3VREF_HK”
var_name = voltage_3V3_ref
Header info = 2048
Transformed value for voltage_3V3_ref = 3.30080256
Matching row  18
coeffs for Last measurement in raw DN for LVPS Board signal “P3.3VREF_OP”= [0.0 0.00161172 0.0 0.0 0.0 0.0 0.0 0.0]
var_name = Last measurement in raw DN for LVPS Board signal “P3.3VREF_OP”
var_name = voltage_3V3_op_ref
Header info = 2048
Transformed value for voltage_3V3_op_ref = 3.30080256
Matching row  18
coeffs for Last measurement in raw DN for LVPS Board signal “N6V”= [-33.0 0.00886447 0.0 0.0 0.0 0.0 0.0 0.0]
var_name = Last measurement in raw DN for LVPS Board signal “N6V”
var_name = voltage_neg6V_bus
Header info = 3002
Transformed value for voltage_neg6V_bus = -6.3888610600000035
Matching row  18
coeffs for Last measurement in raw DN for LVPS Board signal “P6V”= [0.0 0.00241758 0.0 0.0 0.0 0.0 0.0 0.0]
var_name = Last measurement in raw DN for LVPS Board signal “P6V”
var_name = voltage_pos6V_bus
Header info = 2622
Transformed value for voltage_pos6V_bus = 6.33889476
Matching row  18
coeffs for Last measurement in raw DN for LVPS Board signal “P16V”= [0.0 0.00482711 0.0 0.0 0.0 0.0 0.0 0.0]
var_name = Last measurement in raw DN for LVPS Board signal “P16V”
var_name = voltage_pos16V_bus
Header info = 3177
Transformed value for voltage_pos16V_bus = 15.33572847
Matching row  18
coeffs for Last measurement in raw DN for LVPS Board signal “P3.3V”= [0.0 0.00161172 0.0 0.0 0.0 0.0 0.0 0.0]
var_name = Last measurement in raw DN for LVPS Board signal “P3.3V”
var_name = voltage_pos3V3_bus
Header info = 2056
Transformed value for voltage_pos3V3_bus = 3.31369632
Matching row  18
coeffs for Last measurement in raw DN for LVPS Board signal “N5V”= [-33.0 0.00886447 0.0 0.0 0.0 0.0 0.0 0.0]
var_name = Last measurement in raw DN for LVPS Board signal “N5V”
var_name = voltage_neg5V_bus
Header info = 3155
Transformed value for voltage_neg5V_bus = -5.032597150000001
Matching row  18
coeffs for Last measurement in raw DN for LVPS Board signal “P5V”= [0.0 0.00161172 0.0 0.0 0.0 0.0 0.0 0.0]
var_name = Last measurement in raw DN for LVPS Board signal “P5V”
var_name = voltage_pos5V_bus
Header info = 3137
Transformed value for voltage_pos5V_bus = 5.05596564
Matching row  18
coeffs for Last measurement in raw DN for LVPS Board signal “P3.3_IMON”= [0.0 0.00161172 0.0 0.0 0.0 0.0 0.0 0.0]
var_name = Last measurement in raw DN for LVPS Board signal “P3.3_IMON”
var_name = current_3V3_bus
Header info = 1677
Transformed value for current_3V3_bus = 2.7028544400000003
Matching row  18
coeffs for Last measurement in raw DN for LVPS Board signal “P16V_IMON”= [0.0 0.000161172 0.0 0.0 0.0 0.0 0.0 0.0]
var_name = Last measurement in raw DN for LVPS Board signal “P16V_IMON”
var_name = current_16V_bus
Header info = 1183
Transformed value for current_16V_bus = 0.190666476
Matching row  18
coeffs for Last measurement in raw DN for LVPS Board signal “P6V_IMON”= [0.0 8.05861e-05 0.0 0.0 0.0 0.0 0.0 0.0]
var_name = Last measurement in raw DN for LVPS Board signal “P6V_IMON”
var_name = current_6V_bus
Header info = 1530
Transformed value for current_6V_bus = 0.12329673299999999
Matching row  18
coeffs for Last measurement in raw DN for LVPS Board signal “N6V_IMON”= [0.0 -8.05861e-05 0.0 0.0 0.0 0.0 0.0 0.0]
var_name = Last measurement in raw DN for LVPS Board signal “N6V_IMON”
var_name = current_neg6V_bus
Header info = 1183
Transformed value for current_neg6V_bus = -0.09533335629999999
Matching row  18
coeffs for Last measurement in raw DN for LVPS Board signal “P5V_IMON”= [0.0 4.029304e-05 0.0 0.0 0.0 0.0 0.0 0.0]
var_name = Last measurement in raw DN for LVPS Board signal “P5V_IMON”
var_name = current_5V_bus
Header info = 1952
Transformed value for current_5V_bus = 0.07865201408
Matching row  18
coeffs for Last measurement in raw DN for LVPS Board signal “N5V_IMON”= [0.0 -2.01465e-05 0.0 0.0 0.0 0.0 0.0 0.0]
var_name = Last measurement in raw DN for LVPS Board signal “N5V_IMON”
var_name = current_neg5V_bus
Header info = 3465
Transformed value for current_neg5V_bus = -0.0698076225
Matching row  18
coeffs for Last measurement in raw DN for LVPS Board signal “P2.5V_IMON”= [0.0 0.00161172 0.0 0.0 0.0 0.0 0.0 0.0]
var_name = Last measurement in raw DN for LVPS Board signal “P2.5V_IMON”
var_name = current_2V5_bus
Header info = 453
Transformed value for current_2V5_bus = 0.73010916
Matching row  18
coeffs for Last measurement in raw DN for LVPS Board signal “N2.5V_IMON”= [0.0 -4.0293e-05 0.0 0.0 0.0 0.0 0.0 0.0]
var_name = Last measurement in raw DN for LVPS Board signal “N2.5V_IMON”
var_name = current_neg2V5_bus
Header info = 2943
Transformed value for current_neg2V5_bus = -0.118582299
Matching row  18
coeffs for Last measurement in raw DN for LVPS Board signal “THERM_DECON0”= [-110.293 0.0665351 0.000305738 -6.32048e-07 5.9934e-10 -2.98784e-13
 7.61361e-17 -7.76467e-21]
var_name = Last measurement in raw DN for LVPS Board signal “THERM_DECON0”
var_name = None
KeyError: (11, None) - Could not find entry for None, 38. Please check the Var_notes or variable mapping.
Matching row  18
coeffs for Last measurement in raw DN for LVPS Board signal “THERM_DECON1”= [-150.478 0.376986 -0.00062072 7.73853e-07 -5.81588e-10 2.56368e-13
 -6.05698e-17 5.96635e-21]
var_name = Last measurement in raw DN for LVPS Board signal “THERM_DECON1”
var_name = None
KeyError: (11, None) - Could not find entry for None, 39. Please check the Var_notes or variable mapping.
Matching row  18
coeffs for Last measurement in raw DN for LVPS Board signal “THERM_DAB”= [-443.248 1.31224 -0.00180422 1.40016e-06 -6.43766e-10 1.7448e-13
 -2.57695e-17 1.60239e-21]
var_name = Last measurement in raw DN for LVPS Board signal “THERM_DAB”
var_name = None
KeyError: (11, None) - Could not find entry for None, 40. Please check the Var_notes or variable mapping.
Matching row  18
coeffs for Last measurement in raw DN for LVPS Board signal “THERM_LVPS”= [200.4137 -0.2020699 0.000175403 -9.739547e-08 2.888932e-11 -3.545603e-15
 0.0 0.0]
var_name = Last measurement in raw DN for LVPS Board signal “THERM_LVPS”
var_name = None
KeyError: (11, None) - Could not find entry for None, 41. Please check the Var_notes or variable mapping.
Matching row  18
coeffs for Last measurement in raw DN for LVPS Board signal “THERM_HVPS”= [200.4137 -0.2020699 0.000175403 -9.739547e-08 2.888932e-11 -3.545603e-15
 0.0 0.0]
var_name = Last measurement in raw DN for LVPS Board signal “THERM_HVPS”
var_name = None
KeyError: (11, None) - Could not find entry for None, 45. Please check the Var_notes or variable mapping.
Matching row  18
coeffs for Last measurement in raw DN for LVPS Board signal “P2.5V”= [0.0 0.00161172 0.0 0.0 0.0 0.0 0.0 0.0]
var_name = Last measurement in raw DN for LVPS Board signal “P2.5V”
var_name = None
KeyError: (11, None) - Could not find entry for None, 49. Please check the Var_notes or variable mapping.
Matching row  18
coeffs for Last measurement in raw DN for LVPS Board signal “N2.5V”= [-33.0 0.00886447 0.0 0.0 0.0 0.0 0.0 0.0]
var_name = Last measurement in raw DN for LVPS Board signal “N2.5V”
var_name = None
KeyError: (11, None) - Could not find entry for None, 50. Please check the Var_notes or variable mapping.
Matching row  18
coeffs for Last measurement in raw DN for LVPS Board signal “Spare”= [0.0 0.00161172 0.0 0.0 0.0 0.0 0.0 0.0]
var_name = Last measurement in raw DN for LVPS Board signal “Spare”
var_name = spare_signal
KeyError: (11, 'spare_signal') - Could not find entry for spare_signal, 51. Please check the Var_notes or variable mapping.
High gain delay = 59 samples.
Mid gain delay = 23 samples.
Low gain delay = 23 samples.
High sampling trigger mode =  0 0 1
High gain trigger mode enabled.
For 2264924160, HG Trigger level = 0.15605999999999998, sample settings = 0, 0
Threshold trigger mode enabled for high gain channel.
AID = 2415085345
Event number = 111
Rice compression enabled = False
Timestamp = 440199300.21766 seconds since epoch (Midnight January 1st, 2010)
Trigger time = 2023-12-13T21:35:00.217660Z
11
11
11
11
11
11
11
11
11
11
11
11
11
{'SHCOARSE': ParsedDataItem(SHCOARSE, raw=440202764, derived=440202764, unit=dn), 'SHFINE': ParsedDataItem(SHFINE, raw=8787, derived=8787, unit=dn), 'IDX__SCI0AID': ParsedDataItem(IDX__SCI0AID, raw=2415085345, derived=2415085345, unit=None), 'IDX__SCI0TYPE': ParsedDataItem(IDX__SCI0TYPE, raw=1, derived=1, unit=None), 'IDX__SCI0CONT': ParsedDataItem(IDX__SCI0CONT, raw=127, derived=127, unit=None), 'IDX__SCI0SPARE1': ParsedDataItem(IDX__SCI0SPARE1, raw=0, derived=0, unit=None), 'IDX__SCI0PACK': ParsedDataItem(IDX__SCI0PACK, raw=1, derived=EN, unit=None), 'IDX__SCI0FRAG': ParsedDataItem(IDX__SCI0FRAG, raw=0, derived=DS, unit=None), 'IDX__SCI0COMP': ParsedDataItem(IDX__SCI0COMP, raw=0, derived=DS, unit=None), 'IDX__SCI0EVTNUM': ParsedDataItem(IDX__SCI0EVTNUM, raw=112, derived=112, unit=None), 'IDX__SCI0CAT': ParsedDataItem(IDX__SCI0CAT, raw=32, derived=32, unit=None), 'IDX__SCI0QUAL': ParsedDataItem(IDX__SCI0QUAL, raw=5, derived=5, unit=None), 'IDX__SCI0FRAGOFF': ParsedDataItem(IDX__SCI0FRAGOFF, raw=0, derived=0, unit=None), 'IDX__SCI0VER': ParsedDataItem(IDX__SCI0VER, raw=9, derived=9, unit=None), 'IDX__SCI0TIME32': ParsedDataItem(IDX__SCI0TIME32, raw=440199339, derived=440199339, unit=None), 'IDX__SCI0SPARE2': ParsedDataItem(IDX__SCI0SPARE2, raw=0, derived=0, unit=None), 'IDX__SCI0SPARE3': ParsedDataItem(IDX__SCI0SPARE3, raw=0, derived=0, unit=None), 'IDX__SCI0SPARE4': ParsedDataItem(IDX__SCI0SPARE4, raw=0, derived=0, unit=None), 'IDX__TXHDRSCIEVTLEN': ParsedDataItem(IDX__TXHDRSCIEVTLEN, raw=8320, derived=8320, unit=None), 'IDX__TXHDRSP00': ParsedDataItem(IDX__TXHDRSP00, raw=0, derived=0, unit=None), 'IDX__TXHDRTIMESEC1': ParsedDataItem(IDX__TXHDRTIMESEC1, raw=6716, derived=6716, unit=None), 'IDX__TXHDRTIMESEC2': ParsedDataItem(IDX__TXHDRTIMESEC2, raw=59563, derived=59563, unit=None), 'IDX__TXHDRTIMESUBS': ParsedDataItem(IDX__TXHDRTIMESUBS, raw=7820, derived=7820, unit=None), 'IDX__TXHDRSP01': ParsedDataItem(IDX__TXHDRSP01, raw=0, derived=0, unit=None), 'IDX__TXHDRTRIGOFFSET': ParsedDataItem(IDX__TXHDRTRIGOFFSET, raw=7, derived=7, unit=None), 'IDX__TXHDRSP02': ParsedDataItem(IDX__TXHDRSP02, raw=0, derived=0, unit=None), 'IDX__TXHDRTRIGID': ParsedDataItem(IDX__TXHDRTRIGID, raw=1, derived=1, unit=None), 'IDX__TXHDREVTNUM': ParsedDataItem(IDX__TXHDREVTNUM, raw=112, derived=112, unit=None), 'IDX__TXHDRBLOCKS': ParsedDataItem(IDX__TXHDRBLOCKS, raw=243679, derived=243679, unit=None), 'IDX__TXHDRHGTRIGCTRL1': ParsedDataItem(IDX__TXHDRHGTRIGCTRL1, raw=2264924160, derived=2264924160, unit=None), 'IDX__TXHDRHGTRIGCTRL2': ParsedDataItem(IDX__TXHDRHGTRIGCTRL2, raw=0, derived=0, unit=None), 'IDX__TXHDRLGTRIGCTRL1': ParsedDataItem(IDX__TXHDRLGTRIGCTRL1, raw=4294965248, derived=4294965248, unit=None), 'IDX__TXHDRLGTRIGCTRL2': ParsedDataItem(IDX__TXHDRLGTRIGCTRL2, raw=4278255360, derived=4278255360, unit=None), 'IDX__TXHDRMGTRIGCTRL1': ParsedDataItem(IDX__TXHDRMGTRIGCTRL1, raw=4294965248, derived=4294965248, unit=None), 'IDX__TXHDRMGTRIGCTRL2': ParsedDataItem(IDX__TXHDRMGTRIGCTRL2, raw=4278255360, derived=4278255360, unit=None), 'IDX__TXHDRSP03': ParsedDataItem(IDX__TXHDRSP03, raw=0, derived=0, unit=None), 'IDX__TXHDRLSADC': ParsedDataItem(IDX__TXHDRLSADC, raw=1048320, derived=1048320, unit=None), 'IDX__TXHDRPOLSTAT': ParsedDataItem(IDX__TXHDRPOLSTAT, raw=1, derived=NEG, unit=None), 'IDX__TXHDRSP04': ParsedDataItem(IDX__TXHDRSP04, raw=0, derived=0, unit=None), 'IDX__TXHDRPOLCTRL': ParsedDataItem(IDX__TXHDRPOLCTRL, raw=0, derived=POS, unit=None), 'IDX__TXHDRCOINENA': ParsedDataItem(IDX__TXHDRCOINENA, raw=0, derived=DIS, unit=None), 'IDX__TXHDRLSTRIGMODE': ParsedDataItem(IDX__TXHDRLSTRIGMODE, raw=0, derived=DIS, unit=None), 'IDX__TXHDRMGTRIGMODE': ParsedDataItem(IDX__TXHDRMGTRIGMODE, raw=0, derived=0, unit=None), 'IDX__TXHDRLGTRIGMODE': ParsedDataItem(IDX__TXHDRLGTRIGMODE, raw=0, derived=0, unit=None), 'IDX__TXHDRHGTRIGMODE': ParsedDataItem(IDX__TXHDRHGTRIGMODE, raw=1, derived=1, unit=None), 'IDX__TXHDRSP05': ParsedDataItem(IDX__TXHDRSP05, raw=0, derived=0, unit=None), 'IDX__TXHDRSP06': ParsedDataItem(IDX__TXHDRSP06, raw=0, derived=0, unit=None), 'IDX__TXHDRSP07': ParsedDataItem(IDX__TXHDRSP07, raw=2017, derived=2017, unit=None), 'IDX__TXHDRSP08': ParsedDataItem(IDX__TXHDRSP08, raw=0, derived=0, unit=None), 'IDX__TXHDRTOFMAX': ParsedDataItem(IDX__TXHDRTOFMAX, raw=546839319, derived=546839319, unit=None), 'IDX__TXHDRTOFMIN': ParsedDataItem(IDX__TXHDRTOFMIN, raw=535295475, derived=535295475, unit=None), 'IDX__TXHDRLS0MAXMIN': ParsedDataItem(IDX__TXHDRLS0MAXMIN, raw=9459405, derived=9459405, unit=None), 'IDX__TXHDRLS1MAXMIN': ParsedDataItem(IDX__TXHDRLS1MAXMIN, raw=8452074, derived=8452074, unit=None), 'IDX__TXHDRLS2MAXMIN': ParsedDataItem(IDX__TXHDRLS2MAXMIN, raw=8390625, derived=8390625, unit=None), 'IDX__TXHDRFIFODELAY': ParsedDataItem(IDX__TXHDRFIFODELAY, raw=15, derived=15, unit=None), 'IDX__TXHDRSAMPDELAY': ParsedDataItem(IDX__TXHDRSAMPDELAY, raw=57728085, derived=57728085, unit=None), 'IDX__TXHDRTRANSCNT': ParsedDataItem(IDX__TXHDRTRANSCNT, raw=6, derived=6, unit=None), 'IDX__TXHDRPROCHKCH01': ParsedDataItem(IDX__TXHDRPROCHKCH01, raw=83624767, derived=83624767, unit=None), 'IDX__TXHDRPROCHKCH23': ParsedDataItem(IDX__TXHDRPROCHKCH23, raw=106693864, derived=106693864, unit=None), 'IDX__TXHDRPROCHKCH45': ParsedDataItem(IDX__TXHDRPROCHKCH45, raw=169018586, derived=169018586, unit=None), 'IDX__TXHDRPROCHKCH67': ParsedDataItem(IDX__TXHDRPROCHKCH67, raw=133695768, derived=133695768, unit=None), 'IDX__TXHDRHVPSHKCH01': ParsedDataItem(IDX__TXHDRHVPSHKCH01, raw=131860073, derived=131860073, unit=None), 'IDX__TXHDRHVPSHKCH23': ParsedDataItem(IDX__TXHDRHVPSHKCH23, raw=8849070, derived=8849070, unit=None), 'IDX__TXHDRHVPSHKCH45': ParsedDataItem(IDX__TXHDRHVPSHKCH45, raw=153290714, derived=153290714, unit=None), 'IDX__TXHDRHVPSHKCH67': ParsedDataItem(IDX__TXHDRHVPSHKCH67, raw=19991184, derived=19991184, unit=None), 'IDX__TXHDRLVHK0CH01': ParsedDataItem(IDX__TXHDRLVHK0CH01, raw=134219776, derived=134219776, unit=None), 'IDX__TXHDRLVHK0CH23': ParsedDataItem(IDX__TXHDRLVHK0CH23, raw=171838394, derived=171838394, unit=None), 'IDX__TXHDRLVHK0CH45': ParsedDataItem(IDX__TXHDRLVHK0CH45, raw=134745193, derived=134745193, unit=None), 'IDX__TXHDRLVHK0CH67': ParsedDataItem(IDX__TXHDRLVHK0CH67, raw=205589587, derived=205589587, unit=None), 'IDX__TXHDRLVHK1CH01': ParsedDataItem(IDX__TXHDRLVHK1CH01, raw=34801293, derived=34801293, unit=None), 'IDX__TXHDRLVHK1CH23': ParsedDataItem(IDX__TXHDRLVHK1CH23, raw=77596154, derived=77596154, unit=None), 'IDX__TXHDRLVHK1CH45': ParsedDataItem(IDX__TXHDRLVHK1CH45, raw=227084192, derived=227084192, unit=None), 'IDX__TXHDRLVHK1CH67': ParsedDataItem(IDX__TXHDRLVHK1CH67, raw=192872901, derived=192872901, unit=None), 'IDX__TXHDRLVHK2CH01': ParsedDataItem(IDX__TXHDRLVHK2CH01, raw=80938197, derived=80938197, unit=None), 'IDX__TXHDRLVHK2CH23': ParsedDataItem(IDX__TXHDRLVHK2CH23, raw=192154263, derived=192154263, unit=None), 'IDX__TXHDRLVHK2CH45': ParsedDataItem(IDX__TXHDRLVHK2CH45, raw=101059654, derived=101059654, unit=None), 'IDX__TXHDRLVHK2CH67': ParsedDataItem(IDX__TXHDRLVHK2CH67, raw=69017, derived=69017, unit=None), 'IDX__TXHDRSP09': ParsedDataItem(IDX__TXHDRSP09, raw=0, derived=0, unit=None), 'IDX__TXHDRSP10': ParsedDataItem(IDX__TXHDRSP10, raw=0, derived=0, unit=None), 'IDX__TXHDRFSWAIDCOPY': ParsedDataItem(IDX__TXHDRFSWAIDCOPY, raw=2415085345, derived=2415085345, unit=None), 'IDX__TXHDRFSWBINCOPY': ParsedDataItem(IDX__TXHDRFSWBINCOPY, raw=0, derived=0, unit=None), 'IDX__TXHDRFSWMAJOR': ParsedDataItem(IDX__TXHDRFSWMAJOR, raw=2, derived=2, unit=None), 'IDX__TXHDRFSWMINOR': ParsedDataItem(IDX__TXHDRFSWMINOR, raw=0, derived=0, unit=None), 'IDX__TXHDRFSWPATCH': ParsedDataItem(IDX__TXHDRFSWPATCH, raw=0, derived=0, unit=None), 'IDX__TXHDRFSWHVSTAT': ParsedDataItem(IDX__TXHDRFSWHVSTAT, raw=3, derived=3, unit=None), 'IDX__TXHDRFSWMEM0': ParsedDataItem(IDX__TXHDRFSWMEM0, raw=0, derived=0, unit=None), 'IDX__TXHDRFSWMEM1': ParsedDataItem(IDX__TXHDRFSWMEM1, raw=0, derived=0, unit=None), 'IDX__TXHDRFSWPT0': ParsedDataItem(IDX__TXHDRFSWPT0, raw=0, derived=0, unit=None), 'IDX__TXHDRFSWPT1': ParsedDataItem(IDX__TXHDRFSWPT1, raw=0, derived=0, unit=None), 'IDX__TXHDRFSWPT2': ParsedDataItem(IDX__TXHDRFSWPT2, raw=0, derived=0, unit=None), 'IDX__TXHDRFSWPT3': ParsedDataItem(IDX__TXHDRFSWPT3, raw=0, derived=0, unit=None), 'IDX__TXHDRFSWPT4': ParsedDataItem(IDX__TXHDRFSWPT4, raw=0, derived=0, unit=None), 'IDX__TXHDRFSWPT5': ParsedDataItem(IDX__TXHDRFSWPT5, raw=0, derived=0, unit=None), 'IDX__TXHDRFSWPT6': ParsedDataItem(IDX__TXHDRFSWPT6, raw=0, derived=0, unit=None), 'IDX__TXHDRFSWPT7': ParsedDataItem(IDX__TXHDRFSWPT7, raw=0, derived=0, unit=None), 'IDX__TXHDRFSWPT8': ParsedDataItem(IDX__TXHDRFSWPT8, raw=0, derived=0, unit=None), 'IDX__TXHDRFSWPT9': ParsedDataItem(IDX__TXHDRFSWPT9, raw=0, derived=0, unit=None), 'IDX__TXHDRFPGAVER': ParsedDataItem(IDX__TXHDRFPGAVER, raw=539165480, derived=539165480, unit=None), 'IDX__SYNCSCI0PKT': ParsedDataItem(IDX__SYNCSCI0PKT, raw=13107, derived=13107, unit=None), 'IDX__CRCSCI0PKT': ParsedDataItem(IDX__CRCSCI0PKT, raw=32022, derived=32022, unit=None)}
SHCOARSE = 440202764
SHFINE = 8787
IDX__SCI0AID = 2415085345
IDX__SCI0TYPE = 1
IDX__SCI0CONT = 127
IDX__SCI0SPARE1 = 0
IDX__SCI0PACK = EN
IDX__SCI0FRAG = DS
IDX__SCI0COMP = DS
IDX__SCI0EVTNUM = 112
IDX__SCI0CAT = 32
IDX__SCI0QUAL = 5
IDX__SCI0FRAGOFF = 0
IDX__SCI0VER = 9
IDX__SCI0TIME32 = 440199339
IDX__SCI0SPARE2 = 0
IDX__SCI0SPARE3 = 0
IDX__SCI0SPARE4 = 0
IDX__TXHDRSCIEVTLEN = 8320
IDX__TXHDRSP00 = 0
IDX__TXHDRTIMESEC1 = 6716
IDX__TXHDRTIMESEC2 = 59563
IDX__TXHDRTIMESUBS = 7820
IDX__TXHDRSP01 = 0
IDX__TXHDRTRIGOFFSET = 7
IDX__TXHDRSP02 = 0
IDX__TXHDRTRIGID = 1
IDX__TXHDREVTNUM = 112
IDX__TXHDRBLOCKS = 243679
IDX__TXHDRHGTRIGCTRL1 = 2264924160
IDX__TXHDRHGTRIGCTRL2 = 0
IDX__TXHDRLGTRIGCTRL1 = 4294965248
IDX__TXHDRLGTRIGCTRL2 = 4278255360
IDX__TXHDRMGTRIGCTRL1 = 4294965248
IDX__TXHDRMGTRIGCTRL2 = 4278255360
IDX__TXHDRSP03 = 0
IDX__TXHDRLSADC = 1048320
IDX__TXHDRPOLSTAT = NEG
IDX__TXHDRSP04 = 0
IDX__TXHDRPOLCTRL = POS
IDX__TXHDRCOINENA = DIS
IDX__TXHDRLSTRIGMODE = DIS
IDX__TXHDRMGTRIGMODE = 0
IDX__TXHDRLGTRIGMODE = 0
IDX__TXHDRHGTRIGMODE = 1
IDX__TXHDRSP05 = 0
IDX__TXHDRSP06 = 0
IDX__TXHDRSP07 = 2017
IDX__TXHDRSP08 = 0
IDX__TXHDRTOFMAX = 546839319
IDX__TXHDRTOFMIN = 535295475
IDX__TXHDRLS0MAXMIN = 9459405
IDX__TXHDRLS1MAXMIN = 8452074
IDX__TXHDRLS2MAXMIN = 8390625
IDX__TXHDRFIFODELAY = 15
IDX__TXHDRSAMPDELAY = 57728085
IDX__TXHDRTRANSCNT = 6
IDX__TXHDRPROCHKCH01 = 83624767
IDX__TXHDRPROCHKCH23 = 106693864
IDX__TXHDRPROCHKCH45 = 169018586
IDX__TXHDRPROCHKCH67 = 133695768
IDX__TXHDRHVPSHKCH01 = 131860073
IDX__TXHDRHVPSHKCH23 = 8849070
IDX__TXHDRHVPSHKCH45 = 153290714
IDX__TXHDRHVPSHKCH67 = 19991184
IDX__TXHDRLVHK0CH01 = 134219776
IDX__TXHDRLVHK0CH23 = 171838394
IDX__TXHDRLVHK0CH45 = 134745193
IDX__TXHDRLVHK0CH67 = 205589587
IDX__TXHDRLVHK1CH01 = 34801293
IDX__TXHDRLVHK1CH23 = 77596154
IDX__TXHDRLVHK1CH45 = 227084192
IDX__TXHDRLVHK1CH67 = 192872901
IDX__TXHDRLVHK2CH01 = 80938197
IDX__TXHDRLVHK2CH23 = 192154263
IDX__TXHDRLVHK2CH45 = 101059654
IDX__TXHDRLVHK2CH67 = 69017
IDX__TXHDRSP09 = 0
IDX__TXHDRSP10 = 0
IDX__TXHDRFSWAIDCOPY = 2415085345
IDX__TXHDRFSWBINCOPY = 0
IDX__TXHDRFSWMAJOR = 2
IDX__TXHDRFSWMINOR = 0
IDX__TXHDRFSWPATCH = 0
IDX__TXHDRFSWHVSTAT = 3
IDX__TXHDRFSWMEM0 = 0
IDX__TXHDRFSWMEM1 = 0
IDX__TXHDRFSWPT0 = 0
IDX__TXHDRFSWPT1 = 0
IDX__TXHDRFSWPT2 = 0
IDX__TXHDRFSWPT3 = 0
IDX__TXHDRFSWPT4 = 0
IDX__TXHDRFSWPT5 = 0
IDX__TXHDRFSWPT6 = 0
IDX__TXHDRFSWPT7 = 0
IDX__TXHDRFSWPT8 = 0
IDX__TXHDRFSWPT9 = 0
IDX__TXHDRFPGAVER = 539165480
IDX__SYNCSCI0PKT = 13107
IDX__CRCSCI0PKT = 32022
^*****Event header 12******^
EVTNUM: 12
SCI0TYPE: 1
TXHDRBLOCKS RAW: 243679
TXHDRBLOCKS DERIVED: 243679
-----
HS pre trig sampling blocks:  31
LS pre trig sampling blocks:  3
HS post trig sampling blocks:  31
LS post trig sampling blocks:  11
IDX__TXHDRHVPSHKCH01 = 131860073
Detector voltage =  1641
Sensor voltage =  2012
Target voltage =  1710
Reflectron voltage =  135
Rejection voltage =  2010
Current for HVPS sensor =  2339
Positive current for HVPS sensor =  2704
Negative current for HVPS sensor =  305
Voltage +3.3V reference =  2048
Voltage +3.3V operational reference =  2048
Voltage -6V bus =  3002
Voltage +6V bus =  2622
Voltage +16V bus =  3177
Voltage +3.3V bus =  2056
Voltage -5V bus =  3155
Voltage +5V bus =  3137
Current +3.3V bus =  1677
Current +16V bus =  1184
Current +6V bus =  1530
Current -6V bus =  1184
Current +5V bus =  1952
Current -5V bus =  3465
Current +2.5V bus =  453
Current -2.5V bus =  2943
Current on the 1V POL =  831
Current on the 1.9V POL =  1276
ProcBd Temperature 1 =  1256
ProcBd Temperature 2 =  1628
Voltage on 1V bus =  1242
FPGA Temperature =  2579
Voltage on 1.9V bus =  2328
Voltage on 3.3V bus =  2040
var_to_row = {'Last measurement in raw DN for Processor Board signal “1V POL Current”': 0, 'Last measurement in raw DN for Processor Board signal “1.9V POL Current”': 1, 'Last measurement in raw DN for Processor Board signal “ProcBd Temp1”': 2, nan: 48, 'Last measurement in raw DN for Processor Board signal “ProcBd Temp2”': 6, 'Last measurement in raw DN for Processor Board signal “1V Voltage”': 10, 'Last measurement in raw DN for Processor Board signal “FPGA Temp”': 11, 'Last measurement in raw DN for Processor Board signal “1.9V Voltage”': 12, 'Last measurement in raw DN for Processor Board signal “3.3V Voltage”': 13, 'Last measurement in raw DN for HVPS Board signal “Detector Voltage”': 14, 'Last measurement in raw DN for HVPS Board signal “Sensor Voltage"': 15, 'Last measurement in raw DN for HVPS Board signal “Target Voltage”': 16, 'Last measurement in raw DN for HVPS Board signal “Reflectron Voltage”': 17, 'Last measurement in raw DN for HVPS Board signal “Rejection Voltage”': 18, 'Last measurement in raw DN for HVPS Board signal “Detector Current”': 19, 'Last measurement in raw DN for HVPS Board signal “Sensor IP”': 20, 'Last measurement in raw DN for HVPS Board signal “Sensor IN”': 21, 'Last measurement in raw DN for LVPS Board signal “P3.3VREF_HK”': 22, 'Last measurement in raw DN for LVPS Board signal “P3.3VREF_OP”': 23, 'Last measurement in raw DN for LVPS Board signal “N6V”': 24, 'Last measurement in raw DN for LVPS Board signal “P6V”': 25, 'Last measurement in raw DN for LVPS Board signal “P16V”': 26, 'Last measurement in raw DN for LVPS Board signal “P3.3V”': 27, 'Last measurement in raw DN for LVPS Board signal “N5V”': 28, 'Last measurement in raw DN for LVPS Board signal “P5V”': 29, 'Last measurement in raw DN for LVPS Board signal “P3.3_IMON”': 30, 'Last measurement in raw DN for LVPS Board signal “P16V_IMON”': 31, 'Last measurement in raw DN for LVPS Board signal “P6V_IMON”': 32, 'Last measurement in raw DN for LVPS Board signal “N6V_IMON”': 33, 'Last measurement in raw DN for LVPS Board signal “P5V_IMON”': 34, 'Last measurement in raw DN for LVPS Board signal “N5V_IMON”': 35, 'Last measurement in raw DN for LVPS Board signal “P2.5V_IMON”': 36, 'Last measurement in raw DN for LVPS Board signal “N2.5V_IMON”': 37, 'Last measurement in raw DN for LVPS Board signal “THERM_DECON0”': 38, 'Last measurement in raw DN for LVPS Board signal “THERM_DECON1”': 39, 'Last measurement in raw DN for LVPS Board signal “THERM_DAB”': 40, 'Last measurement in raw DN for LVPS Board signal “THERM_LVPS”': 41, 'Last measurement in raw DN for LVPS Board signal “THERM_HVPS”': 45, 'Last measurement in raw DN for LVPS Board signal “P2.5V”': 49, 'Last measurement in raw DN for LVPS Board signal “N2.5V”': 50, 'Last measurement in raw DN for LVPS Board signal “Spare”': 51}

 
 ***** var_name being converted for each instrument setting ***** 
 

Matching row  18
coeffs for Last measurement in raw DN for Processor Board signal “1V POL Current”= [0.0 0.9029253 0.0 0.0 0.0 0.0 0.0 0.0]
var_name = Last measurement in raw DN for Processor Board signal “1V POL Current”
var_name = current_1V_pol
Header info = 831
Transformed value for current_1V_pol = 750.3309243
Matching row  18
coeffs for Last measurement in raw DN for Processor Board signal “1.9V POL Current”= [0.0 0.9029253 0.0 0.0 0.0 0.0 0.0 0.0]
var_name = Last measurement in raw DN for Processor Board signal “1.9V POL Current”
var_name = current_1.9V_pol
Header info = 1276
Transformed value for current_1.9V_pol = 1152.1326828
Matching row  18
coeffs for Last measurement in raw DN for Processor Board signal “ProcBd Temp1”= [162.8276 -0.2668687 0.0003323794 -2.43153e-07 9.034532e-11 -1.327735e-14
 0.0 0.0]
var_name = Last measurement in raw DN for Processor Board signal “ProcBd Temp1”
var_name = temperature_1
Header info = 1256
Transformed value for temperature_1 = 53.535278243710486
Matching row  18
coeffs for nan= [-104713.9 52.02446 -0.006463374 0.0 0.0 0.0 0.0 0.0]
var_name = nan
var_name = None
KeyError: (12, None) - Could not find entry for None, 48. Please check the Var_notes or variable mapping.
Matching row  18
coeffs for Last measurement in raw DN for Processor Board signal “ProcBd Temp2”= [162.8276 -0.2668687 0.0003323794 -2.43153e-07 9.034532e-11 -1.327735e-14
 0.0 0.0]
var_name = Last measurement in raw DN for Processor Board signal “ProcBd Temp2”
var_name = temperature_2
Header info = 1628
Transformed value for temperature_2 = 42.93058868662064
Matching row  18
coeffs for Last measurement in raw DN for Processor Board signal “1V Voltage”= [0.0 0.000805861 0.0 0.0 0.0 0.0 0.0 0.0]
var_name = Last measurement in raw DN for Processor Board signal “1V Voltage”
var_name = voltage_1V_bus
Header info = 1242
Transformed value for voltage_1V_bus = 1.0008793619999998
Matching row  18
coeffs for Last measurement in raw DN for Processor Board signal “FPGA Temp”= [358.31 -0.1187104 0.0 0.0 0.0 0.0 0.0 0.0]
var_name = Last measurement in raw DN for Processor Board signal “FPGA Temp”
var_name = fpga_temperature
Header info = 2579
Transformed value for fpga_temperature = 52.155878400000006
Matching row  18
coeffs for Last measurement in raw DN for Processor Board signal “1.9V Voltage”= [0.0 0.000805861 0.0 0.0 0.0 0.0 0.0 0.0]
var_name = Last measurement in raw DN for Processor Board signal “1.9V Voltage”
var_name = voltage_1.9V_bus
Header info = 2328
Transformed value for voltage_1.9V_bus = 1.8760444079999998
Matching row  18
coeffs for Last measurement in raw DN for Processor Board signal “3.3V Voltage”= [0.0 0.001611722 0.0 0.0 0.0 0.0 0.0 0.0]
var_name = Last measurement in raw DN for Processor Board signal “3.3V Voltage”
var_name = voltage_3.3V_bus
Header info = 2040
Transformed value for voltage_3.3V_bus = 3.28791288
Matching row  18
coeffs for Last measurement in raw DN for HVPS Board signal “Detector Voltage”= [0.0 1.4652 0.0 0.0 0.0 0.0 0.0 0.0]
var_name = Last measurement in raw DN for HVPS Board signal “Detector Voltage”
var_name = detector_voltage
Header info = 1641
Transformed value for detector_voltage = 2404.3932
Matching row  18
coeffs for Last measurement in raw DN for HVPS Board signal “Sensor Voltage"= [0.0 1.4652 0.0 0.0 0.0 0.0 0.0 0.0]
var_name = Last measurement in raw DN for HVPS Board signal “Sensor Voltage"
var_name = sensor_voltage
Header info = 2012
Transformed value for sensor_voltage = 2947.9824000000003
Matching row  18
coeffs for Last measurement in raw DN for HVPS Board signal “Target Voltage”= [0.0 1.4652 0.0 0.0 0.0 0.0 0.0 0.0]
var_name = Last measurement in raw DN for HVPS Board signal “Target Voltage”
var_name = target_voltage
Header info = 1710
Transformed value for target_voltage = 2505.492
Matching row  18
coeffs for Last measurement in raw DN for HVPS Board signal “Reflectron Voltage”= [0.0 1.4652 0.0 0.0 0.0 0.0 0.0 0.0]
var_name = Last measurement in raw DN for HVPS Board signal “Reflectron Voltage”
var_name = reflectron_voltage
Header info = 135
Transformed value for reflectron_voltage = 197.80200000000002
Matching row  18
coeffs for Last measurement in raw DN for HVPS Board signal “Rejection Voltage”= [0.0 1.4652 0.0 0.0 0.0 0.0 0.0 0.0]
var_name = Last measurement in raw DN for HVPS Board signal “Rejection Voltage”
var_name = rejection_voltage
Header info = 2010
Transformed value for rejection_voltage = 2945.052
Matching row  18
coeffs for Last measurement in raw DN for HVPS Board signal “Detector Current”= [0.0 7.326e-06 0.0 0.0 0.0 0.0 0.0 0.0]
var_name = Last measurement in raw DN for HVPS Board signal “Detector Current”
var_name = current_hvps_sensor
Header info = 2339
Transformed value for current_hvps_sensor = 0.017135514
Matching row  18
coeffs for Last measurement in raw DN for HVPS Board signal “Sensor IP”= [0.0 2.4339e-05 0.0 0.0 0.0 0.0 0.0 0.0]
var_name = Last measurement in raw DN for HVPS Board signal “Sensor IP”
var_name = positive_current_hvps
Header info = 2704
Transformed value for positive_current_hvps = 0.065812656
Matching row  18
coeffs for Last measurement in raw DN for HVPS Board signal “Sensor IN”= [0.0 2.4339e-05 0.0 0.0 0.0 0.0 0.0 0.0]
var_name = Last measurement in raw DN for HVPS Board signal “Sensor IN”
var_name = negative_current_hvps
Header info = 305
Transformed value for negative_current_hvps = 0.007423394999999999
Matching row  18
coeffs for Last measurement in raw DN for LVPS Board signal “P3.3VREF_HK”= [0.0 0.00161172 0.0 0.0 0.0 0.0 0.0 0.0]
var_name = Last measurement in raw DN for LVPS Board signal “P3.3VREF_HK”
var_name = voltage_3V3_ref
Header info = 2048
Transformed value for voltage_3V3_ref = 3.30080256
Matching row  18
coeffs for Last measurement in raw DN for LVPS Board signal “P3.3VREF_OP”= [0.0 0.00161172 0.0 0.0 0.0 0.0 0.0 0.0]
var_name = Last measurement in raw DN for LVPS Board signal “P3.3VREF_OP”
var_name = voltage_3V3_op_ref
Header info = 2048
Transformed value for voltage_3V3_op_ref = 3.30080256
Matching row  18
coeffs for Last measurement in raw DN for LVPS Board signal “N6V”= [-33.0 0.00886447 0.0 0.0 0.0 0.0 0.0 0.0]
var_name = Last measurement in raw DN for LVPS Board signal “N6V”
var_name = voltage_neg6V_bus
Header info = 3002
Transformed value for voltage_neg6V_bus = -6.3888610600000035
Matching row  18
coeffs for Last measurement in raw DN for LVPS Board signal “P6V”= [0.0 0.00241758 0.0 0.0 0.0 0.0 0.0 0.0]
var_name = Last measurement in raw DN for LVPS Board signal “P6V”
var_name = voltage_pos6V_bus
Header info = 2622
Transformed value for voltage_pos6V_bus = 6.33889476
Matching row  18
coeffs for Last measurement in raw DN for LVPS Board signal “P16V”= [0.0 0.00482711 0.0 0.0 0.0 0.0 0.0 0.0]
var_name = Last measurement in raw DN for LVPS Board signal “P16V”
var_name = voltage_pos16V_bus
Header info = 3177
Transformed value for voltage_pos16V_bus = 15.33572847
Matching row  18
coeffs for Last measurement in raw DN for LVPS Board signal “P3.3V”= [0.0 0.00161172 0.0 0.0 0.0 0.0 0.0 0.0]
var_name = Last measurement in raw DN for LVPS Board signal “P3.3V”
var_name = voltage_pos3V3_bus
Header info = 2056
Transformed value for voltage_pos3V3_bus = 3.31369632
Matching row  18
coeffs for Last measurement in raw DN for LVPS Board signal “N5V”= [-33.0 0.00886447 0.0 0.0 0.0 0.0 0.0 0.0]
var_name = Last measurement in raw DN for LVPS Board signal “N5V”
var_name = voltage_neg5V_bus
Header info = 3155
Transformed value for voltage_neg5V_bus = -5.032597150000001
Matching row  18
coeffs for Last measurement in raw DN for LVPS Board signal “P5V”= [0.0 0.00161172 0.0 0.0 0.0 0.0 0.0 0.0]
var_name = Last measurement in raw DN for LVPS Board signal “P5V”
var_name = voltage_pos5V_bus
Header info = 3137
Transformed value for voltage_pos5V_bus = 5.05596564
Matching row  18
coeffs for Last measurement in raw DN for LVPS Board signal “P3.3_IMON”= [0.0 0.00161172 0.0 0.0 0.0 0.0 0.0 0.0]
var_name = Last measurement in raw DN for LVPS Board signal “P3.3_IMON”
var_name = current_3V3_bus
Header info = 1677
Transformed value for current_3V3_bus = 2.7028544400000003
Matching row  18
coeffs for Last measurement in raw DN for LVPS Board signal “P16V_IMON”= [0.0 0.000161172 0.0 0.0 0.0 0.0 0.0 0.0]
var_name = Last measurement in raw DN for LVPS Board signal “P16V_IMON”
var_name = current_16V_bus
Header info = 1184
Transformed value for current_16V_bus = 0.19082764800000002
Matching row  18
coeffs for Last measurement in raw DN for LVPS Board signal “P6V_IMON”= [0.0 8.05861e-05 0.0 0.0 0.0 0.0 0.0 0.0]
var_name = Last measurement in raw DN for LVPS Board signal “P6V_IMON”
var_name = current_6V_bus
Header info = 1530
Transformed value for current_6V_bus = 0.12329673299999999
Matching row  18
coeffs for Last measurement in raw DN for LVPS Board signal “N6V_IMON”= [0.0 -8.05861e-05 0.0 0.0 0.0 0.0 0.0 0.0]
var_name = Last measurement in raw DN for LVPS Board signal “N6V_IMON”
var_name = current_neg6V_bus
Header info = 1184
Transformed value for current_neg6V_bus = -0.09541394239999999
Matching row  18
coeffs for Last measurement in raw DN for LVPS Board signal “P5V_IMON”= [0.0 4.029304e-05 0.0 0.0 0.0 0.0 0.0 0.0]
var_name = Last measurement in raw DN for LVPS Board signal “P5V_IMON”
var_name = current_5V_bus
Header info = 1952
Transformed value for current_5V_bus = 0.07865201408
Matching row  18
coeffs for Last measurement in raw DN for LVPS Board signal “N5V_IMON”= [0.0 -2.01465e-05 0.0 0.0 0.0 0.0 0.0 0.0]
var_name = Last measurement in raw DN for LVPS Board signal “N5V_IMON”
var_name = current_neg5V_bus
Header info = 3465
Transformed value for current_neg5V_bus = -0.0698076225
Matching row  18
coeffs for Last measurement in raw DN for LVPS Board signal “P2.5V_IMON”= [0.0 0.00161172 0.0 0.0 0.0 0.0 0.0 0.0]
var_name = Last measurement in raw DN for LVPS Board signal “P2.5V_IMON”
var_name = current_2V5_bus
Header info = 453
Transformed value for current_2V5_bus = 0.73010916
Matching row  18
coeffs for Last measurement in raw DN for LVPS Board signal “N2.5V_IMON”= [0.0 -4.0293e-05 0.0 0.0 0.0 0.0 0.0 0.0]
var_name = Last measurement in raw DN for LVPS Board signal “N2.5V_IMON”
var_name = current_neg2V5_bus
Header info = 2943
Transformed value for current_neg2V5_bus = -0.118582299
Matching row  18
coeffs for Last measurement in raw DN for LVPS Board signal “THERM_DECON0”= [-110.293 0.0665351 0.000305738 -6.32048e-07 5.9934e-10 -2.98784e-13
 7.61361e-17 -7.76467e-21]
var_name = Last measurement in raw DN for LVPS Board signal “THERM_DECON0”
var_name = None
KeyError: (12, None) - Could not find entry for None, 38. Please check the Var_notes or variable mapping.
Matching row  18
coeffs for Last measurement in raw DN for LVPS Board signal “THERM_DECON1”= [-150.478 0.376986 -0.00062072 7.73853e-07 -5.81588e-10 2.56368e-13
 -6.05698e-17 5.96635e-21]
var_name = Last measurement in raw DN for LVPS Board signal “THERM_DECON1”
var_name = None
KeyError: (12, None) - Could not find entry for None, 39. Please check the Var_notes or variable mapping.
Matching row  18
coeffs for Last measurement in raw DN for LVPS Board signal “THERM_DAB”= [-443.248 1.31224 -0.00180422 1.40016e-06 -6.43766e-10 1.7448e-13
 -2.57695e-17 1.60239e-21]
var_name = Last measurement in raw DN for LVPS Board signal “THERM_DAB”
var_name = None
KeyError: (12, None) - Could not find entry for None, 40. Please check the Var_notes or variable mapping.
Matching row  18
coeffs for Last measurement in raw DN for LVPS Board signal “THERM_LVPS”= [200.4137 -0.2020699 0.000175403 -9.739547e-08 2.888932e-11 -3.545603e-15
 0.0 0.0]
var_name = Last measurement in raw DN for LVPS Board signal “THERM_LVPS”
var_name = None
KeyError: (12, None) - Could not find entry for None, 41. Please check the Var_notes or variable mapping.
Matching row  18
coeffs for Last measurement in raw DN for LVPS Board signal “THERM_HVPS”= [200.4137 -0.2020699 0.000175403 -9.739547e-08 2.888932e-11 -3.545603e-15
 0.0 0.0]
var_name = Last measurement in raw DN for LVPS Board signal “THERM_HVPS”
var_name = None
KeyError: (12, None) - Could not find entry for None, 45. Please check the Var_notes or variable mapping.
Matching row  18
coeffs for Last measurement in raw DN for LVPS Board signal “P2.5V”= [0.0 0.00161172 0.0 0.0 0.0 0.0 0.0 0.0]
var_name = Last measurement in raw DN for LVPS Board signal “P2.5V”
var_name = None
KeyError: (12, None) - Could not find entry for None, 49. Please check the Var_notes or variable mapping.
Matching row  18
coeffs for Last measurement in raw DN for LVPS Board signal “N2.5V”= [-33.0 0.00886447 0.0 0.0 0.0 0.0 0.0 0.0]
var_name = Last measurement in raw DN for LVPS Board signal “N2.5V”
var_name = None
KeyError: (12, None) - Could not find entry for None, 50. Please check the Var_notes or variable mapping.
Matching row  18
coeffs for Last measurement in raw DN for LVPS Board signal “Spare”= [0.0 0.00161172 0.0 0.0 0.0 0.0 0.0 0.0]
var_name = Last measurement in raw DN for LVPS Board signal “Spare”
var_name = spare_signal
KeyError: (12, 'spare_signal') - Could not find entry for spare_signal, 51. Please check the Var_notes or variable mapping.
High gain delay = 85 samples.
Mid gain delay = 55 samples.
Low gain delay = 55 samples.
High sampling trigger mode =  0 0 1
High gain trigger mode enabled.
For 2264924160, HG Trigger level = 0.15605999999999998, sample settings = 0, 0
Threshold trigger mode enabled for high gain channel.
AID = 2415085345
Event number = 112
Rice compression enabled = False
Timestamp = 440199339.1564 seconds since epoch (Midnight January 1st, 2010)
Trigger time = 2023-12-13T21:35:39.156400Z
12
12
12
12
12
12
12
12
12
12
12
12
12
{'SHCOARSE': ParsedDataItem(SHCOARSE, raw=440202777, derived=440202777, unit=dn), 'SHFINE': ParsedDataItem(SHFINE, raw=8795, derived=8795, unit=dn), 'IDX__SCI0AID': ParsedDataItem(IDX__SCI0AID, raw=2415085345, derived=2415085345, unit=None), 'IDX__SCI0TYPE': ParsedDataItem(IDX__SCI0TYPE, raw=1, derived=1, unit=None), 'IDX__SCI0CONT': ParsedDataItem(IDX__SCI0CONT, raw=127, derived=127, unit=None), 'IDX__SCI0SPARE1': ParsedDataItem(IDX__SCI0SPARE1, raw=0, derived=0, unit=None), 'IDX__SCI0PACK': ParsedDataItem(IDX__SCI0PACK, raw=1, derived=EN, unit=None), 'IDX__SCI0FRAG': ParsedDataItem(IDX__SCI0FRAG, raw=0, derived=DS, unit=None), 'IDX__SCI0COMP': ParsedDataItem(IDX__SCI0COMP, raw=0, derived=DS, unit=None), 'IDX__SCI0EVTNUM': ParsedDataItem(IDX__SCI0EVTNUM, raw=113, derived=113, unit=None), 'IDX__SCI0CAT': ParsedDataItem(IDX__SCI0CAT, raw=32, derived=32, unit=None), 'IDX__SCI0QUAL': ParsedDataItem(IDX__SCI0QUAL, raw=5, derived=5, unit=None), 'IDX__SCI0FRAGOFF': ParsedDataItem(IDX__SCI0FRAGOFF, raw=0, derived=0, unit=None), 'IDX__SCI0VER': ParsedDataItem(IDX__SCI0VER, raw=9, derived=9, unit=None), 'IDX__SCI0TIME32': ParsedDataItem(IDX__SCI0TIME32, raw=440199522, derived=440199522, unit=None), 'IDX__SCI0SPARE2': ParsedDataItem(IDX__SCI0SPARE2, raw=0, derived=0, unit=None), 'IDX__SCI0SPARE3': ParsedDataItem(IDX__SCI0SPARE3, raw=0, derived=0, unit=None), 'IDX__SCI0SPARE4': ParsedDataItem(IDX__SCI0SPARE4, raw=0, derived=0, unit=None), 'IDX__TXHDRSCIEVTLEN': ParsedDataItem(IDX__TXHDRSCIEVTLEN, raw=8320, derived=8320, unit=None), 'IDX__TXHDRSP00': ParsedDataItem(IDX__TXHDRSP00, raw=0, derived=0, unit=None), 'IDX__TXHDRTIMESEC1': ParsedDataItem(IDX__TXHDRTIMESEC1, raw=6716, derived=6716, unit=None), 'IDX__TXHDRTIMESEC2': ParsedDataItem(IDX__TXHDRTIMESEC2, raw=59746, derived=59746, unit=None), 'IDX__TXHDRTIMESUBS': ParsedDataItem(IDX__TXHDRTIMESUBS, raw=41374, derived=41374, unit=None), 'IDX__TXHDRSP01': ParsedDataItem(IDX__TXHDRSP01, raw=0, derived=0, unit=None), 'IDX__TXHDRTRIGOFFSET': ParsedDataItem(IDX__TXHDRTRIGOFFSET, raw=2, derived=2, unit=None), 'IDX__TXHDRSP02': ParsedDataItem(IDX__TXHDRSP02, raw=0, derived=0, unit=None), 'IDX__TXHDRTRIGID': ParsedDataItem(IDX__TXHDRTRIGID, raw=1, derived=1, unit=None), 'IDX__TXHDREVTNUM': ParsedDataItem(IDX__TXHDREVTNUM, raw=113, derived=113, unit=None), 'IDX__TXHDRBLOCKS': ParsedDataItem(IDX__TXHDRBLOCKS, raw=243679, derived=243679, unit=None), 'IDX__TXHDRHGTRIGCTRL1': ParsedDataItem(IDX__TXHDRHGTRIGCTRL1, raw=2264924160, derived=2264924160, unit=None), 'IDX__TXHDRHGTRIGCTRL2': ParsedDataItem(IDX__TXHDRHGTRIGCTRL2, raw=0, derived=0, unit=None), 'IDX__TXHDRLGTRIGCTRL1': ParsedDataItem(IDX__TXHDRLGTRIGCTRL1, raw=4294965248, derived=4294965248, unit=None), 'IDX__TXHDRLGTRIGCTRL2': ParsedDataItem(IDX__TXHDRLGTRIGCTRL2, raw=4278255360, derived=4278255360, unit=None), 'IDX__TXHDRMGTRIGCTRL1': ParsedDataItem(IDX__TXHDRMGTRIGCTRL1, raw=4294965248, derived=4294965248, unit=None), 'IDX__TXHDRMGTRIGCTRL2': ParsedDataItem(IDX__TXHDRMGTRIGCTRL2, raw=4278255360, derived=4278255360, unit=None), 'IDX__TXHDRSP03': ParsedDataItem(IDX__TXHDRSP03, raw=0, derived=0, unit=None), 'IDX__TXHDRLSADC': ParsedDataItem(IDX__TXHDRLSADC, raw=1048320, derived=1048320, unit=None), 'IDX__TXHDRPOLSTAT': ParsedDataItem(IDX__TXHDRPOLSTAT, raw=1, derived=NEG, unit=None), 'IDX__TXHDRSP04': ParsedDataItem(IDX__TXHDRSP04, raw=0, derived=0, unit=None), 'IDX__TXHDRPOLCTRL': ParsedDataItem(IDX__TXHDRPOLCTRL, raw=0, derived=POS, unit=None), 'IDX__TXHDRCOINENA': ParsedDataItem(IDX__TXHDRCOINENA, raw=0, derived=DIS, unit=None), 'IDX__TXHDRLSTRIGMODE': ParsedDataItem(IDX__TXHDRLSTRIGMODE, raw=0, derived=DIS, unit=None), 'IDX__TXHDRMGTRIGMODE': ParsedDataItem(IDX__TXHDRMGTRIGMODE, raw=0, derived=0, unit=None), 'IDX__TXHDRLGTRIGMODE': ParsedDataItem(IDX__TXHDRLGTRIGMODE, raw=0, derived=0, unit=None), 'IDX__TXHDRHGTRIGMODE': ParsedDataItem(IDX__TXHDRHGTRIGMODE, raw=1, derived=1, unit=None), 'IDX__TXHDRSP05': ParsedDataItem(IDX__TXHDRSP05, raw=0, derived=0, unit=None), 'IDX__TXHDRSP06': ParsedDataItem(IDX__TXHDRSP06, raw=0, derived=0, unit=None), 'IDX__TXHDRSP07': ParsedDataItem(IDX__TXHDRSP07, raw=2019, derived=2019, unit=None), 'IDX__TXHDRSP08': ParsedDataItem(IDX__TXHDRSP08, raw=0, derived=0, unit=None), 'IDX__TXHDRTOFMAX': ParsedDataItem(IDX__TXHDRTOFMAX, raw=541596190, derived=541596190, unit=None), 'IDX__TXHDRTOFMIN': ParsedDataItem(IDX__TXHDRTOFMIN, raw=535295475, derived=535295475, unit=None), 'IDX__TXHDRLS0MAXMIN': ParsedDataItem(IDX__TXHDRLS0MAXMIN, raw=9570044, derived=9570044, unit=None), 'IDX__TXHDRLS1MAXMIN': ParsedDataItem(IDX__TXHDRLS1MAXMIN, raw=8452073, derived=8452073, unit=None), 'IDX__TXHDRLS2MAXMIN': ParsedDataItem(IDX__TXHDRLS2MAXMIN, raw=8333281, derived=8333281, unit=None), 'IDX__TXHDRFIFODELAY': ParsedDataItem(IDX__TXHDRFIFODELAY, raw=15, derived=15, unit=None), 'IDX__TXHDRSAMPDELAY': ParsedDataItem(IDX__TXHDRSAMPDELAY, raw=15744044, derived=15744044, unit=None), 'IDX__TXHDRTRANSCNT': ParsedDataItem(IDX__TXHDRTRANSCNT, raw=2, derived=2, unit=None), 'IDX__TXHDRPROCHKCH01': ParsedDataItem(IDX__TXHDRPROCHKCH01, raw=83690305, derived=83690305, unit=None), 'IDX__TXHDRPROCHKCH23': ParsedDataItem(IDX__TXHDRPROCHKCH23, raw=106431717, derived=106431717, unit=None), 'IDX__TXHDRPROCHKCH45': ParsedDataItem(IDX__TXHDRPROCHKCH45, raw=168953050, derived=168953050, unit=None), 'IDX__TXHDRPROCHKCH67': ParsedDataItem(IDX__TXHDRPROCHKCH67, raw=133695768, derived=133695768, unit=None), 'IDX__TXHDRHVPSHKCH01': ParsedDataItem(IDX__TXHDRHVPSHKCH01, raw=131860073, derived=131860073, unit=None), 'IDX__TXHDRHVPSHKCH23': ParsedDataItem(IDX__TXHDRHVPSHKCH23, raw=8849070, derived=8849070, unit=None), 'IDX__TXHDRHVPSHKCH45': ParsedDataItem(IDX__TXHDRHVPSHKCH45, raw=153290714, derived=153290714, unit=None), 'IDX__TXHDRHVPSHKCH67': ParsedDataItem(IDX__TXHDRHVPSHKCH67, raw=19991184, derived=19991184, unit=None), 'IDX__TXHDRLVHK0CH01': ParsedDataItem(IDX__TXHDRLVHK0CH01, raw=134219776, derived=134219776, unit=None), 'IDX__TXHDRLVHK0CH23': ParsedDataItem(IDX__TXHDRLVHK0CH23, raw=171838394, derived=171838394, unit=None), 'IDX__TXHDRLVHK0CH45': ParsedDataItem(IDX__TXHDRLVHK0CH45, raw=134745193, derived=134745193, unit=None), 'IDX__TXHDRLVHK0CH67': ParsedDataItem(IDX__TXHDRLVHK0CH67, raw=205589587, derived=205589587, unit=None), 'IDX__TXHDRLVHK1CH01': ParsedDataItem(IDX__TXHDRLVHK1CH01, raw=34801295, derived=34801295, unit=None), 'IDX__TXHDRLVHK1CH23': ParsedDataItem(IDX__TXHDRLVHK1CH23, raw=77596155, derived=77596155, unit=None), 'IDX__TXHDRLVHK1CH45': ParsedDataItem(IDX__TXHDRLVHK1CH45, raw=227084193, derived=227084193, unit=None), 'IDX__TXHDRLVHK1CH67': ParsedDataItem(IDX__TXHDRLVHK1CH67, raw=192872901, derived=192872901, unit=None), 'IDX__TXHDRLVHK2CH01': ParsedDataItem(IDX__TXHDRLVHK2CH01, raw=81003734, derived=81003734, unit=None), 'IDX__TXHDRLVHK2CH23': ParsedDataItem(IDX__TXHDRLVHK2CH23, raw=191892122, derived=191892122, unit=None), 'IDX__TXHDRLVHK2CH45': ParsedDataItem(IDX__TXHDRLVHK2CH45, raw=101059651, derived=101059651, unit=None), 'IDX__TXHDRLVHK2CH67': ParsedDataItem(IDX__TXHDRLVHK2CH67, raw=3481, derived=3481, unit=None), 'IDX__TXHDRSP09': ParsedDataItem(IDX__TXHDRSP09, raw=0, derived=0, unit=None), 'IDX__TXHDRSP10': ParsedDataItem(IDX__TXHDRSP10, raw=0, derived=0, unit=None), 'IDX__TXHDRFSWAIDCOPY': ParsedDataItem(IDX__TXHDRFSWAIDCOPY, raw=2415085345, derived=2415085345, unit=None), 'IDX__TXHDRFSWBINCOPY': ParsedDataItem(IDX__TXHDRFSWBINCOPY, raw=0, derived=0, unit=None), 'IDX__TXHDRFSWMAJOR': ParsedDataItem(IDX__TXHDRFSWMAJOR, raw=2, derived=2, unit=None), 'IDX__TXHDRFSWMINOR': ParsedDataItem(IDX__TXHDRFSWMINOR, raw=0, derived=0, unit=None), 'IDX__TXHDRFSWPATCH': ParsedDataItem(IDX__TXHDRFSWPATCH, raw=0, derived=0, unit=None), 'IDX__TXHDRFSWHVSTAT': ParsedDataItem(IDX__TXHDRFSWHVSTAT, raw=3, derived=3, unit=None), 'IDX__TXHDRFSWMEM0': ParsedDataItem(IDX__TXHDRFSWMEM0, raw=0, derived=0, unit=None), 'IDX__TXHDRFSWMEM1': ParsedDataItem(IDX__TXHDRFSWMEM1, raw=0, derived=0, unit=None), 'IDX__TXHDRFSWPT0': ParsedDataItem(IDX__TXHDRFSWPT0, raw=0, derived=0, unit=None), 'IDX__TXHDRFSWPT1': ParsedDataItem(IDX__TXHDRFSWPT1, raw=0, derived=0, unit=None), 'IDX__TXHDRFSWPT2': ParsedDataItem(IDX__TXHDRFSWPT2, raw=0, derived=0, unit=None), 'IDX__TXHDRFSWPT3': ParsedDataItem(IDX__TXHDRFSWPT3, raw=0, derived=0, unit=None), 'IDX__TXHDRFSWPT4': ParsedDataItem(IDX__TXHDRFSWPT4, raw=0, derived=0, unit=None), 'IDX__TXHDRFSWPT5': ParsedDataItem(IDX__TXHDRFSWPT5, raw=0, derived=0, unit=None), 'IDX__TXHDRFSWPT6': ParsedDataItem(IDX__TXHDRFSWPT6, raw=0, derived=0, unit=None), 'IDX__TXHDRFSWPT7': ParsedDataItem(IDX__TXHDRFSWPT7, raw=0, derived=0, unit=None), 'IDX__TXHDRFSWPT8': ParsedDataItem(IDX__TXHDRFSWPT8, raw=0, derived=0, unit=None), 'IDX__TXHDRFSWPT9': ParsedDataItem(IDX__TXHDRFSWPT9, raw=0, derived=0, unit=None), 'IDX__TXHDRFPGAVER': ParsedDataItem(IDX__TXHDRFPGAVER, raw=539165480, derived=539165480, unit=None), 'IDX__SYNCSCI0PKT': ParsedDataItem(IDX__SYNCSCI0PKT, raw=13107, derived=13107, unit=None), 'IDX__CRCSCI0PKT': ParsedDataItem(IDX__CRCSCI0PKT, raw=9035, derived=9035, unit=None)}
SHCOARSE = 440202777
SHFINE = 8795
IDX__SCI0AID = 2415085345
IDX__SCI0TYPE = 1
IDX__SCI0CONT = 127
IDX__SCI0SPARE1 = 0
IDX__SCI0PACK = EN
IDX__SCI0FRAG = DS
IDX__SCI0COMP = DS
IDX__SCI0EVTNUM = 113
IDX__SCI0CAT = 32
IDX__SCI0QUAL = 5
IDX__SCI0FRAGOFF = 0
IDX__SCI0VER = 9
IDX__SCI0TIME32 = 440199522
IDX__SCI0SPARE2 = 0
IDX__SCI0SPARE3 = 0
IDX__SCI0SPARE4 = 0
IDX__TXHDRSCIEVTLEN = 8320
IDX__TXHDRSP00 = 0
IDX__TXHDRTIMESEC1 = 6716
IDX__TXHDRTIMESEC2 = 59746
IDX__TXHDRTIMESUBS = 41374
IDX__TXHDRSP01 = 0
IDX__TXHDRTRIGOFFSET = 2
IDX__TXHDRSP02 = 0
IDX__TXHDRTRIGID = 1
IDX__TXHDREVTNUM = 113
IDX__TXHDRBLOCKS = 243679
IDX__TXHDRHGTRIGCTRL1 = 2264924160
IDX__TXHDRHGTRIGCTRL2 = 0
IDX__TXHDRLGTRIGCTRL1 = 4294965248
IDX__TXHDRLGTRIGCTRL2 = 4278255360
IDX__TXHDRMGTRIGCTRL1 = 4294965248
IDX__TXHDRMGTRIGCTRL2 = 4278255360
IDX__TXHDRSP03 = 0
IDX__TXHDRLSADC = 1048320
IDX__TXHDRPOLSTAT = NEG
IDX__TXHDRSP04 = 0
IDX__TXHDRPOLCTRL = POS
IDX__TXHDRCOINENA = DIS
IDX__TXHDRLSTRIGMODE = DIS
IDX__TXHDRMGTRIGMODE = 0
IDX__TXHDRLGTRIGMODE = 0
IDX__TXHDRHGTRIGMODE = 1
IDX__TXHDRSP05 = 0
IDX__TXHDRSP06 = 0
IDX__TXHDRSP07 = 2019
IDX__TXHDRSP08 = 0
IDX__TXHDRTOFMAX = 541596190
IDX__TXHDRTOFMIN = 535295475
IDX__TXHDRLS0MAXMIN = 9570044
IDX__TXHDRLS1MAXMIN = 8452073
IDX__TXHDRLS2MAXMIN = 8333281
IDX__TXHDRFIFODELAY = 15
IDX__TXHDRSAMPDELAY = 15744044
IDX__TXHDRTRANSCNT = 2
IDX__TXHDRPROCHKCH01 = 83690305
IDX__TXHDRPROCHKCH23 = 106431717
IDX__TXHDRPROCHKCH45 = 168953050
IDX__TXHDRPROCHKCH67 = 133695768
IDX__TXHDRHVPSHKCH01 = 131860073
IDX__TXHDRHVPSHKCH23 = 8849070
IDX__TXHDRHVPSHKCH45 = 153290714
IDX__TXHDRHVPSHKCH67 = 19991184
IDX__TXHDRLVHK0CH01 = 134219776
IDX__TXHDRLVHK0CH23 = 171838394
IDX__TXHDRLVHK0CH45 = 134745193
IDX__TXHDRLVHK0CH67 = 205589587
IDX__TXHDRLVHK1CH01 = 34801295
IDX__TXHDRLVHK1CH23 = 77596155
IDX__TXHDRLVHK1CH45 = 227084193
IDX__TXHDRLVHK1CH67 = 192872901
IDX__TXHDRLVHK2CH01 = 81003734
IDX__TXHDRLVHK2CH23 = 191892122
IDX__TXHDRLVHK2CH45 = 101059651
IDX__TXHDRLVHK2CH67 = 3481
IDX__TXHDRSP09 = 0
IDX__TXHDRSP10 = 0
IDX__TXHDRFSWAIDCOPY = 2415085345
IDX__TXHDRFSWBINCOPY = 0
IDX__TXHDRFSWMAJOR = 2
IDX__TXHDRFSWMINOR = 0
IDX__TXHDRFSWPATCH = 0
IDX__TXHDRFSWHVSTAT = 3
IDX__TXHDRFSWMEM0 = 0
IDX__TXHDRFSWMEM1 = 0
IDX__TXHDRFSWPT0 = 0
IDX__TXHDRFSWPT1 = 0
IDX__TXHDRFSWPT2 = 0
IDX__TXHDRFSWPT3 = 0
IDX__TXHDRFSWPT4 = 0
IDX__TXHDRFSWPT5 = 0
IDX__TXHDRFSWPT6 = 0
IDX__TXHDRFSWPT7 = 0
IDX__TXHDRFSWPT8 = 0
IDX__TXHDRFSWPT9 = 0
IDX__TXHDRFPGAVER = 539165480
IDX__SYNCSCI0PKT = 13107
IDX__CRCSCI0PKT = 9035
^*****Event header 13******^
EVTNUM: 13
SCI0TYPE: 1
TXHDRBLOCKS RAW: 243679
TXHDRBLOCKS DERIVED: 243679
-----
HS pre trig sampling blocks:  31
LS pre trig sampling blocks:  3
HS post trig sampling blocks:  31
LS post trig sampling blocks:  11
IDX__TXHDRHVPSHKCH01 = 131860073
Detector voltage =  1641
Sensor voltage =  2012
Target voltage =  1710
Reflectron voltage =  135
Rejection voltage =  2010
Current for HVPS sensor =  2339
Positive current for HVPS sensor =  2704
Negative current for HVPS sensor =  305
Voltage +3.3V reference =  2048
Voltage +3.3V operational reference =  2048
Voltage -6V bus =  3002
Voltage +6V bus =  2622
Voltage +16V bus =  3177
Voltage +3.3V bus =  2056
Voltage -5V bus =  3155
Voltage +5V bus =  3137
Current +3.3V bus =  1679
Current +16V bus =  1184
Current +6V bus =  1531
Current -6V bus =  1184
Current +5V bus =  1953
Current -5V bus =  3465
Current +2.5V bus =  453
Current -2.5V bus =  2943
Current on the 1V POL =  833
Current on the 1.9V POL =  1277
ProcBd Temperature 1 =  1253
ProcBd Temperature 2 =  1624
Voltage on 1V bus =  1242
FPGA Temperature =  2578
Voltage on 1.9V bus =  2328
Voltage on 3.3V bus =  2040
var_to_row = {'Last measurement in raw DN for Processor Board signal “1V POL Current”': 0, 'Last measurement in raw DN for Processor Board signal “1.9V POL Current”': 1, 'Last measurement in raw DN for Processor Board signal “ProcBd Temp1”': 2, nan: 48, 'Last measurement in raw DN for Processor Board signal “ProcBd Temp2”': 6, 'Last measurement in raw DN for Processor Board signal “1V Voltage”': 10, 'Last measurement in raw DN for Processor Board signal “FPGA Temp”': 11, 'Last measurement in raw DN for Processor Board signal “1.9V Voltage”': 12, 'Last measurement in raw DN for Processor Board signal “3.3V Voltage”': 13, 'Last measurement in raw DN for HVPS Board signal “Detector Voltage”': 14, 'Last measurement in raw DN for HVPS Board signal “Sensor Voltage"': 15, 'Last measurement in raw DN for HVPS Board signal “Target Voltage”': 16, 'Last measurement in raw DN for HVPS Board signal “Reflectron Voltage”': 17, 'Last measurement in raw DN for HVPS Board signal “Rejection Voltage”': 18, 'Last measurement in raw DN for HVPS Board signal “Detector Current”': 19, 'Last measurement in raw DN for HVPS Board signal “Sensor IP”': 20, 'Last measurement in raw DN for HVPS Board signal “Sensor IN”': 21, 'Last measurement in raw DN for LVPS Board signal “P3.3VREF_HK”': 22, 'Last measurement in raw DN for LVPS Board signal “P3.3VREF_OP”': 23, 'Last measurement in raw DN for LVPS Board signal “N6V”': 24, 'Last measurement in raw DN for LVPS Board signal “P6V”': 25, 'Last measurement in raw DN for LVPS Board signal “P16V”': 26, 'Last measurement in raw DN for LVPS Board signal “P3.3V”': 27, 'Last measurement in raw DN for LVPS Board signal “N5V”': 28, 'Last measurement in raw DN for LVPS Board signal “P5V”': 29, 'Last measurement in raw DN for LVPS Board signal “P3.3_IMON”': 30, 'Last measurement in raw DN for LVPS Board signal “P16V_IMON”': 31, 'Last measurement in raw DN for LVPS Board signal “P6V_IMON”': 32, 'Last measurement in raw DN for LVPS Board signal “N6V_IMON”': 33, 'Last measurement in raw DN for LVPS Board signal “P5V_IMON”': 34, 'Last measurement in raw DN for LVPS Board signal “N5V_IMON”': 35, 'Last measurement in raw DN for LVPS Board signal “P2.5V_IMON”': 36, 'Last measurement in raw DN for LVPS Board signal “N2.5V_IMON”': 37, 'Last measurement in raw DN for LVPS Board signal “THERM_DECON0”': 38, 'Last measurement in raw DN for LVPS Board signal “THERM_DECON1”': 39, 'Last measurement in raw DN for LVPS Board signal “THERM_DAB”': 40, 'Last measurement in raw DN for LVPS Board signal “THERM_LVPS”': 41, 'Last measurement in raw DN for LVPS Board signal “THERM_HVPS”': 45, 'Last measurement in raw DN for LVPS Board signal “P2.5V”': 49, 'Last measurement in raw DN for LVPS Board signal “N2.5V”': 50, 'Last measurement in raw DN for LVPS Board signal “Spare”': 51}

 
 ***** var_name being converted for each instrument setting ***** 
 

Matching row  18
coeffs for Last measurement in raw DN for Processor Board signal “1V POL Current”= [0.0 0.9029253 0.0 0.0 0.0 0.0 0.0 0.0]
var_name = Last measurement in raw DN for Processor Board signal “1V POL Current”
var_name = current_1V_pol
Header info = 833
Transformed value for current_1V_pol = 752.1367749000001
Matching row  18
coeffs for Last measurement in raw DN for Processor Board signal “1.9V POL Current”= [0.0 0.9029253 0.0 0.0 0.0 0.0 0.0 0.0]
var_name = Last measurement in raw DN for Processor Board signal “1.9V POL Current”
var_name = current_1.9V_pol
Header info = 1277
Transformed value for current_1.9V_pol = 1153.0356081
Matching row  18
coeffs for Last measurement in raw DN for Processor Board signal “ProcBd Temp1”= [162.8276 -0.2668687 0.0003323794 -2.43153e-07 9.034532e-11 -1.327735e-14
 0.0 0.0]
var_name = Last measurement in raw DN for Processor Board signal “ProcBd Temp1”
var_name = temperature_1
Header info = 1253
Transformed value for temperature_1 = 53.630918394095154
Matching row  18
coeffs for nan= [-104713.9 52.02446 -0.006463374 0.0 0.0 0.0 0.0 0.0]
var_name = nan
var_name = None
KeyError: (13, None) - Could not find entry for None, 48. Please check the Var_notes or variable mapping.
Matching row  18
coeffs for Last measurement in raw DN for Processor Board signal “ProcBd Temp2”= [162.8276 -0.2668687 0.0003323794 -2.43153e-07 9.034532e-11 -1.327735e-14
 0.0 0.0]
var_name = Last measurement in raw DN for Processor Board signal “ProcBd Temp2”
var_name = temperature_2
Header info = 1624
Transformed value for temperature_2 = 43.030834589476854
Matching row  18
coeffs for Last measurement in raw DN for Processor Board signal “1V Voltage”= [0.0 0.000805861 0.0 0.0 0.0 0.0 0.0 0.0]
var_name = Last measurement in raw DN for Processor Board signal “1V Voltage”
var_name = voltage_1V_bus
Header info = 1242
Transformed value for voltage_1V_bus = 1.0008793619999998
Matching row  18
coeffs for Last measurement in raw DN for Processor Board signal “FPGA Temp”= [358.31 -0.1187104 0.0 0.0 0.0 0.0 0.0 0.0]
var_name = Last measurement in raw DN for Processor Board signal “FPGA Temp”
var_name = fpga_temperature
Header info = 2578
Transformed value for fpga_temperature = 52.274588800000004
Matching row  18
coeffs for Last measurement in raw DN for Processor Board signal “1.9V Voltage”= [0.0 0.000805861 0.0 0.0 0.0 0.0 0.0 0.0]
var_name = Last measurement in raw DN for Processor Board signal “1.9V Voltage”
var_name = voltage_1.9V_bus
Header info = 2328
Transformed value for voltage_1.9V_bus = 1.8760444079999998
Matching row  18
coeffs for Last measurement in raw DN for Processor Board signal “3.3V Voltage”= [0.0 0.001611722 0.0 0.0 0.0 0.0 0.0 0.0]
var_name = Last measurement in raw DN for Processor Board signal “3.3V Voltage”
var_name = voltage_3.3V_bus
Header info = 2040
Transformed value for voltage_3.3V_bus = 3.28791288
Matching row  18
coeffs for Last measurement in raw DN for HVPS Board signal “Detector Voltage”= [0.0 1.4652 0.0 0.0 0.0 0.0 0.0 0.0]
var_name = Last measurement in raw DN for HVPS Board signal “Detector Voltage”
var_name = detector_voltage
Header info = 1641
Transformed value for detector_voltage = 2404.3932
Matching row  18
coeffs for Last measurement in raw DN for HVPS Board signal “Sensor Voltage"= [0.0 1.4652 0.0 0.0 0.0 0.0 0.0 0.0]
var_name = Last measurement in raw DN for HVPS Board signal “Sensor Voltage"
var_name = sensor_voltage
Header info = 2012
Transformed value for sensor_voltage = 2947.9824000000003
Matching row  18
coeffs for Last measurement in raw DN for HVPS Board signal “Target Voltage”= [0.0 1.4652 0.0 0.0 0.0 0.0 0.0 0.0]
var_name = Last measurement in raw DN for HVPS Board signal “Target Voltage”
var_name = target_voltage
Header info = 1710
Transformed value for target_voltage = 2505.492
Matching row  18
coeffs for Last measurement in raw DN for HVPS Board signal “Reflectron Voltage”= [0.0 1.4652 0.0 0.0 0.0 0.0 0.0 0.0]
var_name = Last measurement in raw DN for HVPS Board signal “Reflectron Voltage”
var_name = reflectron_voltage
Header info = 135
Transformed value for reflectron_voltage = 197.80200000000002
Matching row  18
coeffs for Last measurement in raw DN for HVPS Board signal “Rejection Voltage”= [0.0 1.4652 0.0 0.0 0.0 0.0 0.0 0.0]
var_name = Last measurement in raw DN for HVPS Board signal “Rejection Voltage”
var_name = rejection_voltage
Header info = 2010
Transformed value for rejection_voltage = 2945.052
Matching row  18
coeffs for Last measurement in raw DN for HVPS Board signal “Detector Current”= [0.0 7.326e-06 0.0 0.0 0.0 0.0 0.0 0.0]
var_name = Last measurement in raw DN for HVPS Board signal “Detector Current”
var_name = current_hvps_sensor
Header info = 2339
Transformed value for current_hvps_sensor = 0.017135514
Matching row  18
coeffs for Last measurement in raw DN for HVPS Board signal “Sensor IP”= [0.0 2.4339e-05 0.0 0.0 0.0 0.0 0.0 0.0]
var_name = Last measurement in raw DN for HVPS Board signal “Sensor IP”
var_name = positive_current_hvps
Header info = 2704
Transformed value for positive_current_hvps = 0.065812656
Matching row  18
coeffs for Last measurement in raw DN for HVPS Board signal “Sensor IN”= [0.0 2.4339e-05 0.0 0.0 0.0 0.0 0.0 0.0]
var_name = Last measurement in raw DN for HVPS Board signal “Sensor IN”
var_name = negative_current_hvps
Header info = 305
Transformed value for negative_current_hvps = 0.007423394999999999
Matching row  18
coeffs for Last measurement in raw DN for LVPS Board signal “P3.3VREF_HK”= [0.0 0.00161172 0.0 0.0 0.0 0.0 0.0 0.0]
var_name = Last measurement in raw DN for LVPS Board signal “P3.3VREF_HK”
var_name = voltage_3V3_ref
Header info = 2048
Transformed value for voltage_3V3_ref = 3.30080256
Matching row  18
coeffs for Last measurement in raw DN for LVPS Board signal “P3.3VREF_OP”= [0.0 0.00161172 0.0 0.0 0.0 0.0 0.0 0.0]
var_name = Last measurement in raw DN for LVPS Board signal “P3.3VREF_OP”
var_name = voltage_3V3_op_ref
Header info = 2048
Transformed value for voltage_3V3_op_ref = 3.30080256
Matching row  18
coeffs for Last measurement in raw DN for LVPS Board signal “N6V”= [-33.0 0.00886447 0.0 0.0 0.0 0.0 0.0 0.0]
var_name = Last measurement in raw DN for LVPS Board signal “N6V”
var_name = voltage_neg6V_bus
Header info = 3002
Transformed value for voltage_neg6V_bus = -6.3888610600000035
Matching row  18
coeffs for Last measurement in raw DN for LVPS Board signal “P6V”= [0.0 0.00241758 0.0 0.0 0.0 0.0 0.0 0.0]
var_name = Last measurement in raw DN for LVPS Board signal “P6V”
var_name = voltage_pos6V_bus
Header info = 2622
Transformed value for voltage_pos6V_bus = 6.33889476
Matching row  18
coeffs for Last measurement in raw DN for LVPS Board signal “P16V”= [0.0 0.00482711 0.0 0.0 0.0 0.0 0.0 0.0]
var_name = Last measurement in raw DN for LVPS Board signal “P16V”
var_name = voltage_pos16V_bus
Header info = 3177
Transformed value for voltage_pos16V_bus = 15.33572847
Matching row  18
coeffs for Last measurement in raw DN for LVPS Board signal “P3.3V”= [0.0 0.00161172 0.0 0.0 0.0 0.0 0.0 0.0]
var_name = Last measurement in raw DN for LVPS Board signal “P3.3V”
var_name = voltage_pos3V3_bus
Header info = 2056
Transformed value for voltage_pos3V3_bus = 3.31369632
Matching row  18
coeffs for Last measurement in raw DN for LVPS Board signal “N5V”= [-33.0 0.00886447 0.0 0.0 0.0 0.0 0.0 0.0]
var_name = Last measurement in raw DN for LVPS Board signal “N5V”
var_name = voltage_neg5V_bus
Header info = 3155
Transformed value for voltage_neg5V_bus = -5.032597150000001
Matching row  18
coeffs for Last measurement in raw DN for LVPS Board signal “P5V”= [0.0 0.00161172 0.0 0.0 0.0 0.0 0.0 0.0]
var_name = Last measurement in raw DN for LVPS Board signal “P5V”
var_name = voltage_pos5V_bus
Header info = 3137
Transformed value for voltage_pos5V_bus = 5.05596564
Matching row  18
coeffs for Last measurement in raw DN for LVPS Board signal “P3.3_IMON”= [0.0 0.00161172 0.0 0.0 0.0 0.0 0.0 0.0]
var_name = Last measurement in raw DN for LVPS Board signal “P3.3_IMON”
var_name = current_3V3_bus
Header info = 1679
Transformed value for current_3V3_bus = 2.70607788
Matching row  18
coeffs for Last measurement in raw DN for LVPS Board signal “P16V_IMON”= [0.0 0.000161172 0.0 0.0 0.0 0.0 0.0 0.0]
var_name = Last measurement in raw DN for LVPS Board signal “P16V_IMON”
var_name = current_16V_bus
Header info = 1184
Transformed value for current_16V_bus = 0.19082764800000002
Matching row  18
coeffs for Last measurement in raw DN for LVPS Board signal “P6V_IMON”= [0.0 8.05861e-05 0.0 0.0 0.0 0.0 0.0 0.0]
var_name = Last measurement in raw DN for LVPS Board signal “P6V_IMON”
var_name = current_6V_bus
Header info = 1531
Transformed value for current_6V_bus = 0.1233773191
Matching row  18
coeffs for Last measurement in raw DN for LVPS Board signal “N6V_IMON”= [0.0 -8.05861e-05 0.0 0.0 0.0 0.0 0.0 0.0]
var_name = Last measurement in raw DN for LVPS Board signal “N6V_IMON”
var_name = current_neg6V_bus
Header info = 1184
Transformed value for current_neg6V_bus = -0.09541394239999999
Matching row  18
coeffs for Last measurement in raw DN for LVPS Board signal “P5V_IMON”= [0.0 4.029304e-05 0.0 0.0 0.0 0.0 0.0 0.0]
var_name = Last measurement in raw DN for LVPS Board signal “P5V_IMON”
var_name = current_5V_bus
Header info = 1953
Transformed value for current_5V_bus = 0.07869230712
Matching row  18
coeffs for Last measurement in raw DN for LVPS Board signal “N5V_IMON”= [0.0 -2.01465e-05 0.0 0.0 0.0 0.0 0.0 0.0]
var_name = Last measurement in raw DN for LVPS Board signal “N5V_IMON”
var_name = current_neg5V_bus
Header info = 3465
Transformed value for current_neg5V_bus = -0.0698076225
Matching row  18
coeffs for Last measurement in raw DN for LVPS Board signal “P2.5V_IMON”= [0.0 0.00161172 0.0 0.0 0.0 0.0 0.0 0.0]
var_name = Last measurement in raw DN for LVPS Board signal “P2.5V_IMON”
var_name = current_2V5_bus
Header info = 453
Transformed value for current_2V5_bus = 0.73010916
Matching row  18
coeffs for Last measurement in raw DN for LVPS Board signal “N2.5V_IMON”= [0.0 -4.0293e-05 0.0 0.0 0.0 0.0 0.0 0.0]
var_name = Last measurement in raw DN for LVPS Board signal “N2.5V_IMON”
var_name = current_neg2V5_bus
Header info = 2943
Transformed value for current_neg2V5_bus = -0.118582299
Matching row  18
coeffs for Last measurement in raw DN for LVPS Board signal “THERM_DECON0”= [-110.293 0.0665351 0.000305738 -6.32048e-07 5.9934e-10 -2.98784e-13
 7.61361e-17 -7.76467e-21]
var_name = Last measurement in raw DN for LVPS Board signal “THERM_DECON0”
var_name = None
KeyError: (13, None) - Could not find entry for None, 38. Please check the Var_notes or variable mapping.
Matching row  18
coeffs for Last measurement in raw DN for LVPS Board signal “THERM_DECON1”= [-150.478 0.376986 -0.00062072 7.73853e-07 -5.81588e-10 2.56368e-13
 -6.05698e-17 5.96635e-21]
var_name = Last measurement in raw DN for LVPS Board signal “THERM_DECON1”
var_name = None
KeyError: (13, None) - Could not find entry for None, 39. Please check the Var_notes or variable mapping.
Matching row  18
coeffs for Last measurement in raw DN for LVPS Board signal “THERM_DAB”= [-443.248 1.31224 -0.00180422 1.40016e-06 -6.43766e-10 1.7448e-13
 -2.57695e-17 1.60239e-21]
var_name = Last measurement in raw DN for LVPS Board signal “THERM_DAB”
var_name = None
KeyError: (13, None) - Could not find entry for None, 40. Please check the Var_notes or variable mapping.
Matching row  18
coeffs for Last measurement in raw DN for LVPS Board signal “THERM_LVPS”= [200.4137 -0.2020699 0.000175403 -9.739547e-08 2.888932e-11 -3.545603e-15
 0.0 0.0]
var_name = Last measurement in raw DN for LVPS Board signal “THERM_LVPS”
var_name = None
KeyError: (13, None) - Could not find entry for None, 41. Please check the Var_notes or variable mapping.
Matching row  18
coeffs for Last measurement in raw DN for LVPS Board signal “THERM_HVPS”= [200.4137 -0.2020699 0.000175403 -9.739547e-08 2.888932e-11 -3.545603e-15
 0.0 0.0]
var_name = Last measurement in raw DN for LVPS Board signal “THERM_HVPS”
var_name = None
KeyError: (13, None) - Could not find entry for None, 45. Please check the Var_notes or variable mapping.
Matching row  18
coeffs for Last measurement in raw DN for LVPS Board signal “P2.5V”= [0.0 0.00161172 0.0 0.0 0.0 0.0 0.0 0.0]
var_name = Last measurement in raw DN for LVPS Board signal “P2.5V”
var_name = None
KeyError: (13, None) - Could not find entry for None, 49. Please check the Var_notes or variable mapping.
Matching row  18
coeffs for Last measurement in raw DN for LVPS Board signal “N2.5V”= [-33.0 0.00886447 0.0 0.0 0.0 0.0 0.0 0.0]
var_name = Last measurement in raw DN for LVPS Board signal “N2.5V”
var_name = None
KeyError: (13, None) - Could not find entry for None, 50. Please check the Var_notes or variable mapping.
Matching row  18
coeffs for Last measurement in raw DN for LVPS Board signal “Spare”= [0.0 0.00161172 0.0 0.0 0.0 0.0 0.0 0.0]
var_name = Last measurement in raw DN for LVPS Board signal “Spare”
var_name = spare_signal
KeyError: (13, 'spare_signal') - Could not find entry for spare_signal, 51. Please check the Var_notes or variable mapping.
High gain delay = 44 samples.
Mid gain delay = 15 samples.
Low gain delay = 15 samples.
High sampling trigger mode =  0 0 1
High gain trigger mode enabled.
For 2264924160, HG Trigger level = 0.15605999999999998, sample settings = 0, 0
Threshold trigger mode enabled for high gain channel.
AID = 2415085345
Event number = 113
Rice compression enabled = False
Timestamp = 440199522.82748 seconds since epoch (Midnight January 1st, 2010)
Trigger time = 2023-12-13T21:38:42.827480Z
13
13
13
13
13
13
13
13
13
13
13
13
13
{'SHCOARSE': ParsedDataItem(SHCOARSE, raw=440202792, derived=440202792, unit=dn), 'SHFINE': ParsedDataItem(SHFINE, raw=8805, derived=8805, unit=dn), 'IDX__SCI0AID': ParsedDataItem(IDX__SCI0AID, raw=2415085345, derived=2415085345, unit=None), 'IDX__SCI0TYPE': ParsedDataItem(IDX__SCI0TYPE, raw=1, derived=1, unit=None), 'IDX__SCI0CONT': ParsedDataItem(IDX__SCI0CONT, raw=127, derived=127, unit=None), 'IDX__SCI0SPARE1': ParsedDataItem(IDX__SCI0SPARE1, raw=0, derived=0, unit=None), 'IDX__SCI0PACK': ParsedDataItem(IDX__SCI0PACK, raw=1, derived=EN, unit=None), 'IDX__SCI0FRAG': ParsedDataItem(IDX__SCI0FRAG, raw=0, derived=DS, unit=None), 'IDX__SCI0COMP': ParsedDataItem(IDX__SCI0COMP, raw=0, derived=DS, unit=None), 'IDX__SCI0EVTNUM': ParsedDataItem(IDX__SCI0EVTNUM, raw=114, derived=114, unit=None), 'IDX__SCI0CAT': ParsedDataItem(IDX__SCI0CAT, raw=32, derived=32, unit=None), 'IDX__SCI0QUAL': ParsedDataItem(IDX__SCI0QUAL, raw=5, derived=5, unit=None), 'IDX__SCI0FRAGOFF': ParsedDataItem(IDX__SCI0FRAGOFF, raw=0, derived=0, unit=None), 'IDX__SCI0VER': ParsedDataItem(IDX__SCI0VER, raw=9, derived=9, unit=None), 'IDX__SCI0TIME32': ParsedDataItem(IDX__SCI0TIME32, raw=440199593, derived=440199593, unit=None), 'IDX__SCI0SPARE2': ParsedDataItem(IDX__SCI0SPARE2, raw=0, derived=0, unit=None), 'IDX__SCI0SPARE3': ParsedDataItem(IDX__SCI0SPARE3, raw=0, derived=0, unit=None), 'IDX__SCI0SPARE4': ParsedDataItem(IDX__SCI0SPARE4, raw=0, derived=0, unit=None), 'IDX__TXHDRSCIEVTLEN': ParsedDataItem(IDX__TXHDRSCIEVTLEN, raw=8320, derived=8320, unit=None), 'IDX__TXHDRSP00': ParsedDataItem(IDX__TXHDRSP00, raw=0, derived=0, unit=None), 'IDX__TXHDRTIMESEC1': ParsedDataItem(IDX__TXHDRTIMESEC1, raw=6716, derived=6716, unit=None), 'IDX__TXHDRTIMESEC2': ParsedDataItem(IDX__TXHDRTIMESEC2, raw=59817, derived=59817, unit=None), 'IDX__TXHDRTIMESUBS': ParsedDataItem(IDX__TXHDRTIMESUBS, raw=28597, derived=28597, unit=None), 'IDX__TXHDRSP01': ParsedDataItem(IDX__TXHDRSP01, raw=0, derived=0, unit=None), 'IDX__TXHDRTRIGOFFSET': ParsedDataItem(IDX__TXHDRTRIGOFFSET, raw=5, derived=5, unit=None), 'IDX__TXHDRSP02': ParsedDataItem(IDX__TXHDRSP02, raw=0, derived=0, unit=None), 'IDX__TXHDRTRIGID': ParsedDataItem(IDX__TXHDRTRIGID, raw=1, derived=1, unit=None), 'IDX__TXHDREVTNUM': ParsedDataItem(IDX__TXHDREVTNUM, raw=114, derived=114, unit=None), 'IDX__TXHDRBLOCKS': ParsedDataItem(IDX__TXHDRBLOCKS, raw=243679, derived=243679, unit=None), 'IDX__TXHDRHGTRIGCTRL1': ParsedDataItem(IDX__TXHDRHGTRIGCTRL1, raw=2264924160, derived=2264924160, unit=None), 'IDX__TXHDRHGTRIGCTRL2': ParsedDataItem(IDX__TXHDRHGTRIGCTRL2, raw=0, derived=0, unit=None), 'IDX__TXHDRLGTRIGCTRL1': ParsedDataItem(IDX__TXHDRLGTRIGCTRL1, raw=4294965248, derived=4294965248, unit=None), 'IDX__TXHDRLGTRIGCTRL2': ParsedDataItem(IDX__TXHDRLGTRIGCTRL2, raw=4278255360, derived=4278255360, unit=None), 'IDX__TXHDRMGTRIGCTRL1': ParsedDataItem(IDX__TXHDRMGTRIGCTRL1, raw=4294965248, derived=4294965248, unit=None), 'IDX__TXHDRMGTRIGCTRL2': ParsedDataItem(IDX__TXHDRMGTRIGCTRL2, raw=4278255360, derived=4278255360, unit=None), 'IDX__TXHDRSP03': ParsedDataItem(IDX__TXHDRSP03, raw=0, derived=0, unit=None), 'IDX__TXHDRLSADC': ParsedDataItem(IDX__TXHDRLSADC, raw=1048320, derived=1048320, unit=None), 'IDX__TXHDRPOLSTAT': ParsedDataItem(IDX__TXHDRPOLSTAT, raw=1, derived=NEG, unit=None), 'IDX__TXHDRSP04': ParsedDataItem(IDX__TXHDRSP04, raw=0, derived=0, unit=None), 'IDX__TXHDRPOLCTRL': ParsedDataItem(IDX__TXHDRPOLCTRL, raw=0, derived=POS, unit=None), 'IDX__TXHDRCOINENA': ParsedDataItem(IDX__TXHDRCOINENA, raw=0, derived=DIS, unit=None), 'IDX__TXHDRLSTRIGMODE': ParsedDataItem(IDX__TXHDRLSTRIGMODE, raw=0, derived=DIS, unit=None), 'IDX__TXHDRMGTRIGMODE': ParsedDataItem(IDX__TXHDRMGTRIGMODE, raw=0, derived=0, unit=None), 'IDX__TXHDRLGTRIGMODE': ParsedDataItem(IDX__TXHDRLGTRIGMODE, raw=0, derived=0, unit=None), 'IDX__TXHDRHGTRIGMODE': ParsedDataItem(IDX__TXHDRHGTRIGMODE, raw=1, derived=1, unit=None), 'IDX__TXHDRSP05': ParsedDataItem(IDX__TXHDRSP05, raw=0, derived=0, unit=None), 'IDX__TXHDRSP06': ParsedDataItem(IDX__TXHDRSP06, raw=0, derived=0, unit=None), 'IDX__TXHDRSP07': ParsedDataItem(IDX__TXHDRSP07, raw=2018, derived=2018, unit=None), 'IDX__TXHDRSP08': ParsedDataItem(IDX__TXHDRSP08, raw=0, derived=0, unit=None), 'IDX__TXHDRTOFMAX': ParsedDataItem(IDX__TXHDRTOFMAX, raw=541596222, derived=541596222, unit=None), 'IDX__TXHDRTOFMIN': ParsedDataItem(IDX__TXHDRTOFMIN, raw=535295475, derived=535295475, unit=None), 'IDX__TXHDRLS0MAXMIN': ParsedDataItem(IDX__TXHDRLS0MAXMIN, raw=9799341, derived=9799341, unit=None), 'IDX__TXHDRLS1MAXMIN': ParsedDataItem(IDX__TXHDRLS1MAXMIN, raw=8447977, derived=8447977, unit=None), 'IDX__TXHDRLS2MAXMIN': ParsedDataItem(IDX__TXHDRLS2MAXMIN, raw=8316897, derived=8316897, unit=None), 'IDX__TXHDRFIFODELAY': ParsedDataItem(IDX__TXHDRFIFODELAY, raw=17, derived=17, unit=None), 'IDX__TXHDRSAMPDELAY': ParsedDataItem(IDX__TXHDRSAMPDELAY, raw=40934473, derived=40934473, unit=None), 'IDX__TXHDRTRANSCNT': ParsedDataItem(IDX__TXHDRTRANSCNT, raw=2, derived=2, unit=None), 'IDX__TXHDRPROCHKCH01': ParsedDataItem(IDX__TXHDRPROCHKCH01, raw=83624769, derived=83624769, unit=None), 'IDX__TXHDRPROCHKCH23': ParsedDataItem(IDX__TXHDRPROCHKCH23, raw=106366180, derived=106366180, unit=None), 'IDX__TXHDRPROCHKCH45': ParsedDataItem(IDX__TXHDRPROCHKCH45, raw=168887514, derived=168887514, unit=None), 'IDX__TXHDRPROCHKCH67': ParsedDataItem(IDX__TXHDRPROCHKCH67, raw=133695768, derived=133695768, unit=None), 'IDX__TXHDRHVPSHKCH01': ParsedDataItem(IDX__TXHDRHVPSHKCH01, raw=131860072, derived=131860072, unit=None), 'IDX__TXHDRHVPSHKCH23': ParsedDataItem(IDX__TXHDRHVPSHKCH23, raw=8849070, derived=8849070, unit=None), 'IDX__TXHDRHVPSHKCH45': ParsedDataItem(IDX__TXHDRHVPSHKCH45, raw=153225178, derived=153225178, unit=None), 'IDX__TXHDRHVPSHKCH67': ParsedDataItem(IDX__TXHDRHVPSHKCH67, raw=19991184, derived=19991184, unit=None), 'IDX__TXHDRLVHK0CH01': ParsedDataItem(IDX__TXHDRLVHK0CH01, raw=134219776, derived=134219776, unit=None), 'IDX__TXHDRLVHK0CH23': ParsedDataItem(IDX__TXHDRLVHK0CH23, raw=171838394, derived=171838394, unit=None), 'IDX__TXHDRLVHK0CH45': ParsedDataItem(IDX__TXHDRLVHK0CH45, raw=134745193, derived=134745193, unit=None), 'IDX__TXHDRLVHK0CH67': ParsedDataItem(IDX__TXHDRLVHK0CH67, raw=205589587, derived=205589587, unit=None), 'IDX__TXHDRLVHK1CH01': ParsedDataItem(IDX__TXHDRLVHK1CH01, raw=34801294, derived=34801294, unit=None), 'IDX__TXHDRLVHK1CH23': ParsedDataItem(IDX__TXHDRLVHK1CH23, raw=77596155, derived=77596155, unit=None), 'IDX__TXHDRLVHK1CH45': ParsedDataItem(IDX__TXHDRLVHK1CH45, raw=227084193, derived=227084193, unit=None), 'IDX__TXHDRLVHK1CH67': ParsedDataItem(IDX__TXHDRLVHK1CH67, raw=192872901, derived=192872901, unit=None), 'IDX__TXHDRLVHK2CH01': ParsedDataItem(IDX__TXHDRLVHK2CH01, raw=81003734, derived=81003734, unit=None), 'IDX__TXHDRLVHK2CH23': ParsedDataItem(IDX__TXHDRLVHK2CH23, raw=191826587, derived=191826587, unit=None), 'IDX__TXHDRLVHK2CH45': ParsedDataItem(IDX__TXHDRLVHK2CH45, raw=101059649, derived=101059649, unit=None), 'IDX__TXHDRLVHK2CH67': ParsedDataItem(IDX__TXHDRLVHK2CH67, raw=69017, derived=69017, unit=None), 'IDX__TXHDRSP09': ParsedDataItem(IDX__TXHDRSP09, raw=0, derived=0, unit=None), 'IDX__TXHDRSP10': ParsedDataItem(IDX__TXHDRSP10, raw=0, derived=0, unit=None), 'IDX__TXHDRFSWAIDCOPY': ParsedDataItem(IDX__TXHDRFSWAIDCOPY, raw=2415085345, derived=2415085345, unit=None), 'IDX__TXHDRFSWBINCOPY': ParsedDataItem(IDX__TXHDRFSWBINCOPY, raw=0, derived=0, unit=None), 'IDX__TXHDRFSWMAJOR': ParsedDataItem(IDX__TXHDRFSWMAJOR, raw=2, derived=2, unit=None), 'IDX__TXHDRFSWMINOR': ParsedDataItem(IDX__TXHDRFSWMINOR, raw=0, derived=0, unit=None), 'IDX__TXHDRFSWPATCH': ParsedDataItem(IDX__TXHDRFSWPATCH, raw=0, derived=0, unit=None), 'IDX__TXHDRFSWHVSTAT': ParsedDataItem(IDX__TXHDRFSWHVSTAT, raw=3, derived=3, unit=None), 'IDX__TXHDRFSWMEM0': ParsedDataItem(IDX__TXHDRFSWMEM0, raw=0, derived=0, unit=None), 'IDX__TXHDRFSWMEM1': ParsedDataItem(IDX__TXHDRFSWMEM1, raw=0, derived=0, unit=None), 'IDX__TXHDRFSWPT0': ParsedDataItem(IDX__TXHDRFSWPT0, raw=0, derived=0, unit=None), 'IDX__TXHDRFSWPT1': ParsedDataItem(IDX__TXHDRFSWPT1, raw=0, derived=0, unit=None), 'IDX__TXHDRFSWPT2': ParsedDataItem(IDX__TXHDRFSWPT2, raw=0, derived=0, unit=None), 'IDX__TXHDRFSWPT3': ParsedDataItem(IDX__TXHDRFSWPT3, raw=0, derived=0, unit=None), 'IDX__TXHDRFSWPT4': ParsedDataItem(IDX__TXHDRFSWPT4, raw=0, derived=0, unit=None), 'IDX__TXHDRFSWPT5': ParsedDataItem(IDX__TXHDRFSWPT5, raw=0, derived=0, unit=None), 'IDX__TXHDRFSWPT6': ParsedDataItem(IDX__TXHDRFSWPT6, raw=0, derived=0, unit=None), 'IDX__TXHDRFSWPT7': ParsedDataItem(IDX__TXHDRFSWPT7, raw=0, derived=0, unit=None), 'IDX__TXHDRFSWPT8': ParsedDataItem(IDX__TXHDRFSWPT8, raw=0, derived=0, unit=None), 'IDX__TXHDRFSWPT9': ParsedDataItem(IDX__TXHDRFSWPT9, raw=0, derived=0, unit=None), 'IDX__TXHDRFPGAVER': ParsedDataItem(IDX__TXHDRFPGAVER, raw=539165480, derived=539165480, unit=None), 'IDX__SYNCSCI0PKT': ParsedDataItem(IDX__SYNCSCI0PKT, raw=13107, derived=13107, unit=None), 'IDX__CRCSCI0PKT': ParsedDataItem(IDX__CRCSCI0PKT, raw=61880, derived=61880, unit=None)}
SHCOARSE = 440202792
SHFINE = 8805
IDX__SCI0AID = 2415085345
IDX__SCI0TYPE = 1
IDX__SCI0CONT = 127
IDX__SCI0SPARE1 = 0
IDX__SCI0PACK = EN
IDX__SCI0FRAG = DS
IDX__SCI0COMP = DS
IDX__SCI0EVTNUM = 114
IDX__SCI0CAT = 32
IDX__SCI0QUAL = 5
IDX__SCI0FRAGOFF = 0
IDX__SCI0VER = 9
IDX__SCI0TIME32 = 440199593
IDX__SCI0SPARE2 = 0
IDX__SCI0SPARE3 = 0
IDX__SCI0SPARE4 = 0
IDX__TXHDRSCIEVTLEN = 8320
IDX__TXHDRSP00 = 0
IDX__TXHDRTIMESEC1 = 6716
IDX__TXHDRTIMESEC2 = 59817
IDX__TXHDRTIMESUBS = 28597
IDX__TXHDRSP01 = 0
IDX__TXHDRTRIGOFFSET = 5
IDX__TXHDRSP02 = 0
IDX__TXHDRTRIGID = 1
IDX__TXHDREVTNUM = 114
IDX__TXHDRBLOCKS = 243679
IDX__TXHDRHGTRIGCTRL1 = 2264924160
IDX__TXHDRHGTRIGCTRL2 = 0
IDX__TXHDRLGTRIGCTRL1 = 4294965248
IDX__TXHDRLGTRIGCTRL2 = 4278255360
IDX__TXHDRMGTRIGCTRL1 = 4294965248
IDX__TXHDRMGTRIGCTRL2 = 4278255360
IDX__TXHDRSP03 = 0
IDX__TXHDRLSADC = 1048320
IDX__TXHDRPOLSTAT = NEG
IDX__TXHDRSP04 = 0
IDX__TXHDRPOLCTRL = POS
IDX__TXHDRCOINENA = DIS
IDX__TXHDRLSTRIGMODE = DIS
IDX__TXHDRMGTRIGMODE = 0
IDX__TXHDRLGTRIGMODE = 0
IDX__TXHDRHGTRIGMODE = 1
IDX__TXHDRSP05 = 0
IDX__TXHDRSP06 = 0
IDX__TXHDRSP07 = 2018
IDX__TXHDRSP08 = 0
IDX__TXHDRTOFMAX = 541596222
IDX__TXHDRTOFMIN = 535295475
IDX__TXHDRLS0MAXMIN = 9799341
IDX__TXHDRLS1MAXMIN = 8447977
IDX__TXHDRLS2MAXMIN = 8316897
IDX__TXHDRFIFODELAY = 17
IDX__TXHDRSAMPDELAY = 40934473
IDX__TXHDRTRANSCNT = 2
IDX__TXHDRPROCHKCH01 = 83624769
IDX__TXHDRPROCHKCH23 = 106366180
IDX__TXHDRPROCHKCH45 = 168887514
IDX__TXHDRPROCHKCH67 = 133695768
IDX__TXHDRHVPSHKCH01 = 131860072
IDX__TXHDRHVPSHKCH23 = 8849070
IDX__TXHDRHVPSHKCH45 = 153225178
IDX__TXHDRHVPSHKCH67 = 19991184
IDX__TXHDRLVHK0CH01 = 134219776
IDX__TXHDRLVHK0CH23 = 171838394
IDX__TXHDRLVHK0CH45 = 134745193
IDX__TXHDRLVHK0CH67 = 205589587
IDX__TXHDRLVHK1CH01 = 34801294
IDX__TXHDRLVHK1CH23 = 77596155
IDX__TXHDRLVHK1CH45 = 227084193
IDX__TXHDRLVHK1CH67 = 192872901
IDX__TXHDRLVHK2CH01 = 81003734
IDX__TXHDRLVHK2CH23 = 191826587
IDX__TXHDRLVHK2CH45 = 101059649
IDX__TXHDRLVHK2CH67 = 69017
IDX__TXHDRSP09 = 0
IDX__TXHDRSP10 = 0
IDX__TXHDRFSWAIDCOPY = 2415085345
IDX__TXHDRFSWBINCOPY = 0
IDX__TXHDRFSWMAJOR = 2
IDX__TXHDRFSWMINOR = 0
IDX__TXHDRFSWPATCH = 0
IDX__TXHDRFSWHVSTAT = 3
IDX__TXHDRFSWMEM0 = 0
IDX__TXHDRFSWMEM1 = 0
IDX__TXHDRFSWPT0 = 0
IDX__TXHDRFSWPT1 = 0
IDX__TXHDRFSWPT2 = 0
IDX__TXHDRFSWPT3 = 0
IDX__TXHDRFSWPT4 = 0
IDX__TXHDRFSWPT5 = 0
IDX__TXHDRFSWPT6 = 0
IDX__TXHDRFSWPT7 = 0
IDX__TXHDRFSWPT8 = 0
IDX__TXHDRFSWPT9 = 0
IDX__TXHDRFPGAVER = 539165480
IDX__SYNCSCI0PKT = 13107
IDX__CRCSCI0PKT = 61880
^*****Event header 14******^
EVTNUM: 14
SCI0TYPE: 1
TXHDRBLOCKS RAW: 243679
TXHDRBLOCKS DERIVED: 243679
-----
HS pre trig sampling blocks:  31
LS pre trig sampling blocks:  3
HS post trig sampling blocks:  31
LS post trig sampling blocks:  11
IDX__TXHDRHVPSHKCH01 = 131860072
Detector voltage =  1640
Sensor voltage =  2012
Target voltage =  1710
Reflectron voltage =  135
Rejection voltage =  2010
Current for HVPS sensor =  2338
Positive current for HVPS sensor =  2704
Negative current for HVPS sensor =  305
Voltage +3.3V reference =  2048
Voltage +3.3V operational reference =  2048
Voltage -6V bus =  3002
Voltage +6V bus =  2622
Voltage +16V bus =  3177
Voltage +3.3V bus =  2056
Voltage -5V bus =  3155
Voltage +5V bus =  3137
Current +3.3V bus =  1678
Current +16V bus =  1184
Current +6V bus =  1531
Current -6V bus =  1184
Current +5V bus =  1953
Current -5V bus =  3465
Current +2.5V bus =  453
Current -2.5V bus =  2943
Current on the 1V POL =  833
Current on the 1.9V POL =  1276
ProcBd Temperature 1 =  1252
ProcBd Temperature 2 =  1623
Voltage on 1V bus =  1242
FPGA Temperature =  2577
Voltage on 1.9V bus =  2328
Voltage on 3.3V bus =  2040
var_to_row = {'Last measurement in raw DN for Processor Board signal “1V POL Current”': 0, 'Last measurement in raw DN for Processor Board signal “1.9V POL Current”': 1, 'Last measurement in raw DN for Processor Board signal “ProcBd Temp1”': 2, nan: 48, 'Last measurement in raw DN for Processor Board signal “ProcBd Temp2”': 6, 'Last measurement in raw DN for Processor Board signal “1V Voltage”': 10, 'Last measurement in raw DN for Processor Board signal “FPGA Temp”': 11, 'Last measurement in raw DN for Processor Board signal “1.9V Voltage”': 12, 'Last measurement in raw DN for Processor Board signal “3.3V Voltage”': 13, 'Last measurement in raw DN for HVPS Board signal “Detector Voltage”': 14, 'Last measurement in raw DN for HVPS Board signal “Sensor Voltage"': 15, 'Last measurement in raw DN for HVPS Board signal “Target Voltage”': 16, 'Last measurement in raw DN for HVPS Board signal “Reflectron Voltage”': 17, 'Last measurement in raw DN for HVPS Board signal “Rejection Voltage”': 18, 'Last measurement in raw DN for HVPS Board signal “Detector Current”': 19, 'Last measurement in raw DN for HVPS Board signal “Sensor IP”': 20, 'Last measurement in raw DN for HVPS Board signal “Sensor IN”': 21, 'Last measurement in raw DN for LVPS Board signal “P3.3VREF_HK”': 22, 'Last measurement in raw DN for LVPS Board signal “P3.3VREF_OP”': 23, 'Last measurement in raw DN for LVPS Board signal “N6V”': 24, 'Last measurement in raw DN for LVPS Board signal “P6V”': 25, 'Last measurement in raw DN for LVPS Board signal “P16V”': 26, 'Last measurement in raw DN for LVPS Board signal “P3.3V”': 27, 'Last measurement in raw DN for LVPS Board signal “N5V”': 28, 'Last measurement in raw DN for LVPS Board signal “P5V”': 29, 'Last measurement in raw DN for LVPS Board signal “P3.3_IMON”': 30, 'Last measurement in raw DN for LVPS Board signal “P16V_IMON”': 31, 'Last measurement in raw DN for LVPS Board signal “P6V_IMON”': 32, 'Last measurement in raw DN for LVPS Board signal “N6V_IMON”': 33, 'Last measurement in raw DN for LVPS Board signal “P5V_IMON”': 34, 'Last measurement in raw DN for LVPS Board signal “N5V_IMON”': 35, 'Last measurement in raw DN for LVPS Board signal “P2.5V_IMON”': 36, 'Last measurement in raw DN for LVPS Board signal “N2.5V_IMON”': 37, 'Last measurement in raw DN for LVPS Board signal “THERM_DECON0”': 38, 'Last measurement in raw DN for LVPS Board signal “THERM_DECON1”': 39, 'Last measurement in raw DN for LVPS Board signal “THERM_DAB”': 40, 'Last measurement in raw DN for LVPS Board signal “THERM_LVPS”': 41, 'Last measurement in raw DN for LVPS Board signal “THERM_HVPS”': 45, 'Last measurement in raw DN for LVPS Board signal “P2.5V”': 49, 'Last measurement in raw DN for LVPS Board signal “N2.5V”': 50, 'Last measurement in raw DN for LVPS Board signal “Spare”': 51}

 
 ***** var_name being converted for each instrument setting ***** 
 

Matching row  18
coeffs for Last measurement in raw DN for Processor Board signal “1V POL Current”= [0.0 0.9029253 0.0 0.0 0.0 0.0 0.0 0.0]
var_name = Last measurement in raw DN for Processor Board signal “1V POL Current”
var_name = current_1V_pol
Header info = 833
Transformed value for current_1V_pol = 752.1367749000001
Matching row  18
coeffs for Last measurement in raw DN for Processor Board signal “1.9V POL Current”= [0.0 0.9029253 0.0 0.0 0.0 0.0 0.0 0.0]
var_name = Last measurement in raw DN for Processor Board signal “1.9V POL Current”
var_name = current_1.9V_pol
Header info = 1276
Transformed value for current_1.9V_pol = 1152.1326828
Matching row  18
coeffs for Last measurement in raw DN for Processor Board signal “ProcBd Temp1”= [162.8276 -0.2668687 0.0003323794 -2.43153e-07 9.034532e-11 -1.327735e-14
 0.0 0.0]
var_name = Last measurement in raw DN for Processor Board signal “ProcBd Temp1”
var_name = temperature_1
Header info = 1252
Transformed value for temperature_1 = 53.66283137488759
Matching row  18
coeffs for nan= [-104713.9 52.02446 -0.006463374 0.0 0.0 0.0 0.0 0.0]
var_name = nan
var_name = None
KeyError: (14, None) - Could not find entry for None, 48. Please check the Var_notes or variable mapping.
Matching row  18
coeffs for Last measurement in raw DN for Processor Board signal “ProcBd Temp2”= [162.8276 -0.2668687 0.0003323794 -2.43153e-07 9.034532e-11 -1.327735e-14
 0.0 0.0]
var_name = Last measurement in raw DN for Processor Board signal “ProcBd Temp2”
var_name = temperature_2
Header info = 1623
Transformed value for temperature_2 = 43.05593948470522
Matching row  18
coeffs for Last measurement in raw DN for Processor Board signal “1V Voltage”= [0.0 0.000805861 0.0 0.0 0.0 0.0 0.0 0.0]
var_name = Last measurement in raw DN for Processor Board signal “1V Voltage”
var_name = voltage_1V_bus
Header info = 1242
Transformed value for voltage_1V_bus = 1.0008793619999998
Matching row  18
coeffs for Last measurement in raw DN for Processor Board signal “FPGA Temp”= [358.31 -0.1187104 0.0 0.0 0.0 0.0 0.0 0.0]
var_name = Last measurement in raw DN for Processor Board signal “FPGA Temp”
var_name = fpga_temperature
Header info = 2577
Transformed value for fpga_temperature = 52.3932992
Matching row  18
coeffs for Last measurement in raw DN for Processor Board signal “1.9V Voltage”= [0.0 0.000805861 0.0 0.0 0.0 0.0 0.0 0.0]
var_name = Last measurement in raw DN for Processor Board signal “1.9V Voltage”
var_name = voltage_1.9V_bus
Header info = 2328
Transformed value for voltage_1.9V_bus = 1.8760444079999998
Matching row  18
coeffs for Last measurement in raw DN for Processor Board signal “3.3V Voltage”= [0.0 0.001611722 0.0 0.0 0.0 0.0 0.0 0.0]
var_name = Last measurement in raw DN for Processor Board signal “3.3V Voltage”
var_name = voltage_3.3V_bus
Header info = 2040
Transformed value for voltage_3.3V_bus = 3.28791288
Matching row  18
coeffs for Last measurement in raw DN for HVPS Board signal “Detector Voltage”= [0.0 1.4652 0.0 0.0 0.0 0.0 0.0 0.0]
var_name = Last measurement in raw DN for HVPS Board signal “Detector Voltage”
var_name = detector_voltage
Header info = 1640
Transformed value for detector_voltage = 2402.928
Matching row  18
coeffs for Last measurement in raw DN for HVPS Board signal “Sensor Voltage"= [0.0 1.4652 0.0 0.0 0.0 0.0 0.0 0.0]
var_name = Last measurement in raw DN for HVPS Board signal “Sensor Voltage"
var_name = sensor_voltage
Header info = 2012
Transformed value for sensor_voltage = 2947.9824000000003
Matching row  18
coeffs for Last measurement in raw DN for HVPS Board signal “Target Voltage”= [0.0 1.4652 0.0 0.0 0.0 0.0 0.0 0.0]
var_name = Last measurement in raw DN for HVPS Board signal “Target Voltage”
var_name = target_voltage
Header info = 1710
Transformed value for target_voltage = 2505.492
Matching row  18
coeffs for Last measurement in raw DN for HVPS Board signal “Reflectron Voltage”= [0.0 1.4652 0.0 0.0 0.0 0.0 0.0 0.0]
var_name = Last measurement in raw DN for HVPS Board signal “Reflectron Voltage”
var_name = reflectron_voltage
Header info = 135
Transformed value for reflectron_voltage = 197.80200000000002
Matching row  18
coeffs for Last measurement in raw DN for HVPS Board signal “Rejection Voltage”= [0.0 1.4652 0.0 0.0 0.0 0.0 0.0 0.0]
var_name = Last measurement in raw DN for HVPS Board signal “Rejection Voltage”
var_name = rejection_voltage
Header info = 2010
Transformed value for rejection_voltage = 2945.052
Matching row  18
coeffs for Last measurement in raw DN for HVPS Board signal “Detector Current”= [0.0 7.326e-06 0.0 0.0 0.0 0.0 0.0 0.0]
var_name = Last measurement in raw DN for HVPS Board signal “Detector Current”
var_name = current_hvps_sensor
Header info = 2338
Transformed value for current_hvps_sensor = 0.017128188
Matching row  18
coeffs for Last measurement in raw DN for HVPS Board signal “Sensor IP”= [0.0 2.4339e-05 0.0 0.0 0.0 0.0 0.0 0.0]
var_name = Last measurement in raw DN for HVPS Board signal “Sensor IP”
var_name = positive_current_hvps
Header info = 2704
Transformed value for positive_current_hvps = 0.065812656
Matching row  18
coeffs for Last measurement in raw DN for HVPS Board signal “Sensor IN”= [0.0 2.4339e-05 0.0 0.0 0.0 0.0 0.0 0.0]
var_name = Last measurement in raw DN for HVPS Board signal “Sensor IN”
var_name = negative_current_hvps
Header info = 305
Transformed value for negative_current_hvps = 0.007423394999999999
Matching row  18
coeffs for Last measurement in raw DN for LVPS Board signal “P3.3VREF_HK”= [0.0 0.00161172 0.0 0.0 0.0 0.0 0.0 0.0]
var_name = Last measurement in raw DN for LVPS Board signal “P3.3VREF_HK”
var_name = voltage_3V3_ref
Header info = 2048
Transformed value for voltage_3V3_ref = 3.30080256
Matching row  18
coeffs for Last measurement in raw DN for LVPS Board signal “P3.3VREF_OP”= [0.0 0.00161172 0.0 0.0 0.0 0.0 0.0 0.0]
var_name = Last measurement in raw DN for LVPS Board signal “P3.3VREF_OP”
var_name = voltage_3V3_op_ref
Header info = 2048
Transformed value for voltage_3V3_op_ref = 3.30080256
Matching row  18
coeffs for Last measurement in raw DN for LVPS Board signal “N6V”= [-33.0 0.00886447 0.0 0.0 0.0 0.0 0.0 0.0]
var_name = Last measurement in raw DN for LVPS Board signal “N6V”
var_name = voltage_neg6V_bus
Header info = 3002
Transformed value for voltage_neg6V_bus = -6.3888610600000035
Matching row  18
coeffs for Last measurement in raw DN for LVPS Board signal “P6V”= [0.0 0.00241758 0.0 0.0 0.0 0.0 0.0 0.0]
var_name = Last measurement in raw DN for LVPS Board signal “P6V”
var_name = voltage_pos6V_bus
Header info = 2622
Transformed value for voltage_pos6V_bus = 6.33889476
Matching row  18
coeffs for Last measurement in raw DN for LVPS Board signal “P16V”= [0.0 0.00482711 0.0 0.0 0.0 0.0 0.0 0.0]
var_name = Last measurement in raw DN for LVPS Board signal “P16V”
var_name = voltage_pos16V_bus
Header info = 3177
Transformed value for voltage_pos16V_bus = 15.33572847
Matching row  18
coeffs for Last measurement in raw DN for LVPS Board signal “P3.3V”= [0.0 0.00161172 0.0 0.0 0.0 0.0 0.0 0.0]
var_name = Last measurement in raw DN for LVPS Board signal “P3.3V”
var_name = voltage_pos3V3_bus
Header info = 2056
Transformed value for voltage_pos3V3_bus = 3.31369632
Matching row  18
coeffs for Last measurement in raw DN for LVPS Board signal “N5V”= [-33.0 0.00886447 0.0 0.0 0.0 0.0 0.0 0.0]
var_name = Last measurement in raw DN for LVPS Board signal “N5V”
var_name = voltage_neg5V_bus
Header info = 3155
Transformed value for voltage_neg5V_bus = -5.032597150000001
Matching row  18
coeffs for Last measurement in raw DN for LVPS Board signal “P5V”= [0.0 0.00161172 0.0 0.0 0.0 0.0 0.0 0.0]
var_name = Last measurement in raw DN for LVPS Board signal “P5V”
var_name = voltage_pos5V_bus
Header info = 3137
Transformed value for voltage_pos5V_bus = 5.05596564
Matching row  18
coeffs for Last measurement in raw DN for LVPS Board signal “P3.3_IMON”= [0.0 0.00161172 0.0 0.0 0.0 0.0 0.0 0.0]
var_name = Last measurement in raw DN for LVPS Board signal “P3.3_IMON”
var_name = current_3V3_bus
Header info = 1678
Transformed value for current_3V3_bus = 2.70446616
Matching row  18
coeffs for Last measurement in raw DN for LVPS Board signal “P16V_IMON”= [0.0 0.000161172 0.0 0.0 0.0 0.0 0.0 0.0]
var_name = Last measurement in raw DN for LVPS Board signal “P16V_IMON”
var_name = current_16V_bus
Header info = 1184
Transformed value for current_16V_bus = 0.19082764800000002
Matching row  18
coeffs for Last measurement in raw DN for LVPS Board signal “P6V_IMON”= [0.0 8.05861e-05 0.0 0.0 0.0 0.0 0.0 0.0]
var_name = Last measurement in raw DN for LVPS Board signal “P6V_IMON”
var_name = current_6V_bus
Header info = 1531
Transformed value for current_6V_bus = 0.1233773191
Matching row  18
coeffs for Last measurement in raw DN for LVPS Board signal “N6V_IMON”= [0.0 -8.05861e-05 0.0 0.0 0.0 0.0 0.0 0.0]
var_name = Last measurement in raw DN for LVPS Board signal “N6V_IMON”
var_name = current_neg6V_bus
Header info = 1184
Transformed value for current_neg6V_bus = -0.09541394239999999
Matching row  18
coeffs for Last measurement in raw DN for LVPS Board signal “P5V_IMON”= [0.0 4.029304e-05 0.0 0.0 0.0 0.0 0.0 0.0]
var_name = Last measurement in raw DN for LVPS Board signal “P5V_IMON”
var_name = current_5V_bus
Header info = 1953
Transformed value for current_5V_bus = 0.07869230712
Matching row  18
coeffs for Last measurement in raw DN for LVPS Board signal “N5V_IMON”= [0.0 -2.01465e-05 0.0 0.0 0.0 0.0 0.0 0.0]
var_name = Last measurement in raw DN for LVPS Board signal “N5V_IMON”
var_name = current_neg5V_bus
Header info = 3465
Transformed value for current_neg5V_bus = -0.0698076225
Matching row  18
coeffs for Last measurement in raw DN for LVPS Board signal “P2.5V_IMON”= [0.0 0.00161172 0.0 0.0 0.0 0.0 0.0 0.0]
var_name = Last measurement in raw DN for LVPS Board signal “P2.5V_IMON”
var_name = current_2V5_bus
Header info = 453
Transformed value for current_2V5_bus = 0.73010916
Matching row  18
coeffs for Last measurement in raw DN for LVPS Board signal “N2.5V_IMON”= [0.0 -4.0293e-05 0.0 0.0 0.0 0.0 0.0 0.0]
var_name = Last measurement in raw DN for LVPS Board signal “N2.5V_IMON”
var_name = current_neg2V5_bus
Header info = 2943
Transformed value for current_neg2V5_bus = -0.118582299
Matching row  18
coeffs for Last measurement in raw DN for LVPS Board signal “THERM_DECON0”= [-110.293 0.0665351 0.000305738 -6.32048e-07 5.9934e-10 -2.98784e-13
 7.61361e-17 -7.76467e-21]
var_name = Last measurement in raw DN for LVPS Board signal “THERM_DECON0”
var_name = None
KeyError: (14, None) - Could not find entry for None, 38. Please check the Var_notes or variable mapping.
Matching row  18
coeffs for Last measurement in raw DN for LVPS Board signal “THERM_DECON1”= [-150.478 0.376986 -0.00062072 7.73853e-07 -5.81588e-10 2.56368e-13
 -6.05698e-17 5.96635e-21]
var_name = Last measurement in raw DN for LVPS Board signal “THERM_DECON1”
var_name = None
KeyError: (14, None) - Could not find entry for None, 39. Please check the Var_notes or variable mapping.
Matching row  18
coeffs for Last measurement in raw DN for LVPS Board signal “THERM_DAB”= [-443.248 1.31224 -0.00180422 1.40016e-06 -6.43766e-10 1.7448e-13
 -2.57695e-17 1.60239e-21]
var_name = Last measurement in raw DN for LVPS Board signal “THERM_DAB”
var_name = None
KeyError: (14, None) - Could not find entry for None, 40. Please check the Var_notes or variable mapping.
Matching row  18
coeffs for Last measurement in raw DN for LVPS Board signal “THERM_LVPS”= [200.4137 -0.2020699 0.000175403 -9.739547e-08 2.888932e-11 -3.545603e-15
 0.0 0.0]
var_name = Last measurement in raw DN for LVPS Board signal “THERM_LVPS”
var_name = None
KeyError: (14, None) - Could not find entry for None, 41. Please check the Var_notes or variable mapping.
Matching row  18
coeffs for Last measurement in raw DN for LVPS Board signal “THERM_HVPS”= [200.4137 -0.2020699 0.000175403 -9.739547e-08 2.888932e-11 -3.545603e-15
 0.0 0.0]
var_name = Last measurement in raw DN for LVPS Board signal “THERM_HVPS”
var_name = None
KeyError: (14, None) - Could not find entry for None, 45. Please check the Var_notes or variable mapping.
Matching row  18
coeffs for Last measurement in raw DN for LVPS Board signal “P2.5V”= [0.0 0.00161172 0.0 0.0 0.0 0.0 0.0 0.0]
var_name = Last measurement in raw DN for LVPS Board signal “P2.5V”
var_name = None
KeyError: (14, None) - Could not find entry for None, 49. Please check the Var_notes or variable mapping.
Matching row  18
coeffs for Last measurement in raw DN for LVPS Board signal “N2.5V”= [-33.0 0.00886447 0.0 0.0 0.0 0.0 0.0 0.0]
var_name = Last measurement in raw DN for LVPS Board signal “N2.5V”
var_name = None
KeyError: (14, None) - Could not find entry for None, 50. Please check the Var_notes or variable mapping.
Matching row  18
coeffs for Last measurement in raw DN for LVPS Board signal “Spare”= [0.0 0.00161172 0.0 0.0 0.0 0.0 0.0 0.0]
var_name = Last measurement in raw DN for LVPS Board signal “Spare”
var_name = spare_signal
KeyError: (14, 'spare_signal') - Could not find entry for spare_signal, 51. Please check the Var_notes or variable mapping.
High gain delay = 73 samples.
Mid gain delay = 39 samples.
Low gain delay = 39 samples.
High sampling trigger mode =  0 0 1
High gain trigger mode enabled.
For 2264924160, HG Trigger level = 0.15605999999999998, sample settings = 0, 0
Threshold trigger mode enabled for high gain channel.
AID = 2415085345
Event number = 114
Rice compression enabled = False
Timestamp = 440199593.57194 seconds since epoch (Midnight January 1st, 2010)
Trigger time = 2023-12-13T21:39:53.571940Z
14
14
14
14
14
14
14
14
14
14
14
14
14
{'SHCOARSE': ParsedDataItem(SHCOARSE, raw=440202806, derived=440202806, unit=dn), 'SHFINE': ParsedDataItem(SHFINE, raw=8815, derived=8815, unit=dn), 'IDX__SCI0AID': ParsedDataItem(IDX__SCI0AID, raw=2415085345, derived=2415085345, unit=None), 'IDX__SCI0TYPE': ParsedDataItem(IDX__SCI0TYPE, raw=1, derived=1, unit=None), 'IDX__SCI0CONT': ParsedDataItem(IDX__SCI0CONT, raw=127, derived=127, unit=None), 'IDX__SCI0SPARE1': ParsedDataItem(IDX__SCI0SPARE1, raw=0, derived=0, unit=None), 'IDX__SCI0PACK': ParsedDataItem(IDX__SCI0PACK, raw=1, derived=EN, unit=None), 'IDX__SCI0FRAG': ParsedDataItem(IDX__SCI0FRAG, raw=0, derived=DS, unit=None), 'IDX__SCI0COMP': ParsedDataItem(IDX__SCI0COMP, raw=0, derived=DS, unit=None), 'IDX__SCI0EVTNUM': ParsedDataItem(IDX__SCI0EVTNUM, raw=115, derived=115, unit=None), 'IDX__SCI0CAT': ParsedDataItem(IDX__SCI0CAT, raw=32, derived=32, unit=None), 'IDX__SCI0QUAL': ParsedDataItem(IDX__SCI0QUAL, raw=5, derived=5, unit=None), 'IDX__SCI0FRAGOFF': ParsedDataItem(IDX__SCI0FRAGOFF, raw=0, derived=0, unit=None), 'IDX__SCI0VER': ParsedDataItem(IDX__SCI0VER, raw=9, derived=9, unit=None), 'IDX__SCI0TIME32': ParsedDataItem(IDX__SCI0TIME32, raw=440199697, derived=440199697, unit=None), 'IDX__SCI0SPARE2': ParsedDataItem(IDX__SCI0SPARE2, raw=0, derived=0, unit=None), 'IDX__SCI0SPARE3': ParsedDataItem(IDX__SCI0SPARE3, raw=0, derived=0, unit=None), 'IDX__SCI0SPARE4': ParsedDataItem(IDX__SCI0SPARE4, raw=0, derived=0, unit=None), 'IDX__TXHDRSCIEVTLEN': ParsedDataItem(IDX__TXHDRSCIEVTLEN, raw=8320, derived=8320, unit=None), 'IDX__TXHDRSP00': ParsedDataItem(IDX__TXHDRSP00, raw=0, derived=0, unit=None), 'IDX__TXHDRTIMESEC1': ParsedDataItem(IDX__TXHDRTIMESEC1, raw=6716, derived=6716, unit=None), 'IDX__TXHDRTIMESEC2': ParsedDataItem(IDX__TXHDRTIMESEC2, raw=59921, derived=59921, unit=None), 'IDX__TXHDRTIMESUBS': ParsedDataItem(IDX__TXHDRTIMESUBS, raw=47820, derived=47820, unit=None), 'IDX__TXHDRSP01': ParsedDataItem(IDX__TXHDRSP01, raw=0, derived=0, unit=None), 'IDX__TXHDRTRIGOFFSET': ParsedDataItem(IDX__TXHDRTRIGOFFSET, raw=5, derived=5, unit=None), 'IDX__TXHDRSP02': ParsedDataItem(IDX__TXHDRSP02, raw=0, derived=0, unit=None), 'IDX__TXHDRTRIGID': ParsedDataItem(IDX__TXHDRTRIGID, raw=1, derived=1, unit=None), 'IDX__TXHDREVTNUM': ParsedDataItem(IDX__TXHDREVTNUM, raw=115, derived=115, unit=None), 'IDX__TXHDRBLOCKS': ParsedDataItem(IDX__TXHDRBLOCKS, raw=243679, derived=243679, unit=None), 'IDX__TXHDRHGTRIGCTRL1': ParsedDataItem(IDX__TXHDRHGTRIGCTRL1, raw=2264924160, derived=2264924160, unit=None), 'IDX__TXHDRHGTRIGCTRL2': ParsedDataItem(IDX__TXHDRHGTRIGCTRL2, raw=0, derived=0, unit=None), 'IDX__TXHDRLGTRIGCTRL1': ParsedDataItem(IDX__TXHDRLGTRIGCTRL1, raw=4294965248, derived=4294965248, unit=None), 'IDX__TXHDRLGTRIGCTRL2': ParsedDataItem(IDX__TXHDRLGTRIGCTRL2, raw=4278255360, derived=4278255360, unit=None), 'IDX__TXHDRMGTRIGCTRL1': ParsedDataItem(IDX__TXHDRMGTRIGCTRL1, raw=4294965248, derived=4294965248, unit=None), 'IDX__TXHDRMGTRIGCTRL2': ParsedDataItem(IDX__TXHDRMGTRIGCTRL2, raw=4278255360, derived=4278255360, unit=None), 'IDX__TXHDRSP03': ParsedDataItem(IDX__TXHDRSP03, raw=0, derived=0, unit=None), 'IDX__TXHDRLSADC': ParsedDataItem(IDX__TXHDRLSADC, raw=1048320, derived=1048320, unit=None), 'IDX__TXHDRPOLSTAT': ParsedDataItem(IDX__TXHDRPOLSTAT, raw=1, derived=NEG, unit=None), 'IDX__TXHDRSP04': ParsedDataItem(IDX__TXHDRSP04, raw=0, derived=0, unit=None), 'IDX__TXHDRPOLCTRL': ParsedDataItem(IDX__TXHDRPOLCTRL, raw=0, derived=POS, unit=None), 'IDX__TXHDRCOINENA': ParsedDataItem(IDX__TXHDRCOINENA, raw=0, derived=DIS, unit=None), 'IDX__TXHDRLSTRIGMODE': ParsedDataItem(IDX__TXHDRLSTRIGMODE, raw=0, derived=DIS, unit=None), 'IDX__TXHDRMGTRIGMODE': ParsedDataItem(IDX__TXHDRMGTRIGMODE, raw=0, derived=0, unit=None), 'IDX__TXHDRLGTRIGMODE': ParsedDataItem(IDX__TXHDRLGTRIGMODE, raw=0, derived=0, unit=None), 'IDX__TXHDRHGTRIGMODE': ParsedDataItem(IDX__TXHDRHGTRIGMODE, raw=1, derived=1, unit=None), 'IDX__TXHDRSP05': ParsedDataItem(IDX__TXHDRSP05, raw=0, derived=0, unit=None), 'IDX__TXHDRSP06': ParsedDataItem(IDX__TXHDRSP06, raw=0, derived=0, unit=None), 'IDX__TXHDRSP07': ParsedDataItem(IDX__TXHDRSP07, raw=2019, derived=2019, unit=None), 'IDX__TXHDRSP08': ParsedDataItem(IDX__TXHDRSP08, raw=0, derived=0, unit=None), 'IDX__TXHDRTOFMAX': ParsedDataItem(IDX__TXHDRTOFMAX, raw=541596198, derived=541596198, unit=None), 'IDX__TXHDRTOFMIN': ParsedDataItem(IDX__TXHDRTOFMIN, raw=535295475, derived=535295475, unit=None), 'IDX__TXHDRLS0MAXMIN': ParsedDataItem(IDX__TXHDRLS0MAXMIN, raw=9651978, derived=9651978, unit=None), 'IDX__TXHDRLS1MAXMIN': ParsedDataItem(IDX__TXHDRLS1MAXMIN, raw=8456170, derived=8456170, unit=None), 'IDX__TXHDRLS2MAXMIN': ParsedDataItem(IDX__TXHDRLS2MAXMIN, raw=8316897, derived=8316897, unit=None), 'IDX__TXHDRFIFODELAY': ParsedDataItem(IDX__TXHDRFIFODELAY, raw=16, derived=16, unit=None), 'IDX__TXHDRSAMPDELAY': ParsedDataItem(IDX__TXHDRSAMPDELAY, raw=40934471, derived=40934471, unit=None), 'IDX__TXHDRTRANSCNT': ParsedDataItem(IDX__TXHDRTRANSCNT, raw=2, derived=2, unit=None), 'IDX__TXHDRPROCHKCH01': ParsedDataItem(IDX__TXHDRPROCHKCH01, raw=83624769, derived=83624769, unit=None), 'IDX__TXHDRPROCHKCH23': ParsedDataItem(IDX__TXHDRPROCHKCH23, raw=106169570, derived=106169570, unit=None), 'IDX__TXHDRPROCHKCH45': ParsedDataItem(IDX__TXHDRPROCHKCH45, raw=168887514, derived=168887514, unit=None), 'IDX__TXHDRPROCHKCH67': ParsedDataItem(IDX__TXHDRPROCHKCH67, raw=133695768, derived=133695768, unit=None), 'IDX__TXHDRHVPSHKCH01': ParsedDataItem(IDX__TXHDRHVPSHKCH01, raw=131860073, derived=131860073, unit=None), 'IDX__TXHDRHVPSHKCH23': ParsedDataItem(IDX__TXHDRHVPSHKCH23, raw=8849070, derived=8849070, unit=None), 'IDX__TXHDRHVPSHKCH45': ParsedDataItem(IDX__TXHDRHVPSHKCH45, raw=153290714, derived=153290714, unit=None), 'IDX__TXHDRHVPSHKCH67': ParsedDataItem(IDX__TXHDRHVPSHKCH67, raw=19991183, derived=19991183, unit=None), 'IDX__TXHDRLVHK0CH01': ParsedDataItem(IDX__TXHDRLVHK0CH01, raw=134219776, derived=134219776, unit=None), 'IDX__TXHDRLVHK0CH23': ParsedDataItem(IDX__TXHDRLVHK0CH23, raw=171838394, derived=171838394, unit=None), 'IDX__TXHDRLVHK0CH45': ParsedDataItem(IDX__TXHDRLVHK0CH45, raw=134745193, derived=134745193, unit=None), 'IDX__TXHDRLVHK0CH67': ParsedDataItem(IDX__TXHDRLVHK0CH67, raw=205589587, derived=205589587, unit=None), 'IDX__TXHDRLVHK1CH01': ParsedDataItem(IDX__TXHDRLVHK1CH01, raw=34801294, derived=34801294, unit=None), 'IDX__TXHDRLVHK1CH23': ParsedDataItem(IDX__TXHDRLVHK1CH23, raw=77596155, derived=77596155, unit=None), 'IDX__TXHDRLVHK1CH45': ParsedDataItem(IDX__TXHDRLVHK1CH45, raw=227149729, derived=227149729, unit=None), 'IDX__TXHDRLVHK1CH67': ParsedDataItem(IDX__TXHDRLVHK1CH67, raw=192872901, derived=192872901, unit=None), 'IDX__TXHDRLVHK2CH01': ParsedDataItem(IDX__TXHDRLVHK2CH01, raw=81069271, derived=81069271, unit=None), 'IDX__TXHDRLVHK2CH23': ParsedDataItem(IDX__TXHDRLVHK2CH23, raw=191695516, derived=191695516, unit=None), 'IDX__TXHDRLVHK2CH45': ParsedDataItem(IDX__TXHDRLVHK2CH45, raw=101059648, derived=101059648, unit=None), 'IDX__TXHDRLVHK2CH67': ParsedDataItem(IDX__TXHDRLVHK2CH67, raw=3480, derived=3480, unit=None), 'IDX__TXHDRSP09': ParsedDataItem(IDX__TXHDRSP09, raw=0, derived=0, unit=None), 'IDX__TXHDRSP10': ParsedDataItem(IDX__TXHDRSP10, raw=0, derived=0, unit=None), 'IDX__TXHDRFSWAIDCOPY': ParsedDataItem(IDX__TXHDRFSWAIDCOPY, raw=2415085345, derived=2415085345, unit=None), 'IDX__TXHDRFSWBINCOPY': ParsedDataItem(IDX__TXHDRFSWBINCOPY, raw=0, derived=0, unit=None), 'IDX__TXHDRFSWMAJOR': ParsedDataItem(IDX__TXHDRFSWMAJOR, raw=2, derived=2, unit=None), 'IDX__TXHDRFSWMINOR': ParsedDataItem(IDX__TXHDRFSWMINOR, raw=0, derived=0, unit=None), 'IDX__TXHDRFSWPATCH': ParsedDataItem(IDX__TXHDRFSWPATCH, raw=0, derived=0, unit=None), 'IDX__TXHDRFSWHVSTAT': ParsedDataItem(IDX__TXHDRFSWHVSTAT, raw=3, derived=3, unit=None), 'IDX__TXHDRFSWMEM0': ParsedDataItem(IDX__TXHDRFSWMEM0, raw=0, derived=0, unit=None), 'IDX__TXHDRFSWMEM1': ParsedDataItem(IDX__TXHDRFSWMEM1, raw=0, derived=0, unit=None), 'IDX__TXHDRFSWPT0': ParsedDataItem(IDX__TXHDRFSWPT0, raw=0, derived=0, unit=None), 'IDX__TXHDRFSWPT1': ParsedDataItem(IDX__TXHDRFSWPT1, raw=0, derived=0, unit=None), 'IDX__TXHDRFSWPT2': ParsedDataItem(IDX__TXHDRFSWPT2, raw=0, derived=0, unit=None), 'IDX__TXHDRFSWPT3': ParsedDataItem(IDX__TXHDRFSWPT3, raw=0, derived=0, unit=None), 'IDX__TXHDRFSWPT4': ParsedDataItem(IDX__TXHDRFSWPT4, raw=0, derived=0, unit=None), 'IDX__TXHDRFSWPT5': ParsedDataItem(IDX__TXHDRFSWPT5, raw=0, derived=0, unit=None), 'IDX__TXHDRFSWPT6': ParsedDataItem(IDX__TXHDRFSWPT6, raw=0, derived=0, unit=None), 'IDX__TXHDRFSWPT7': ParsedDataItem(IDX__TXHDRFSWPT7, raw=0, derived=0, unit=None), 'IDX__TXHDRFSWPT8': ParsedDataItem(IDX__TXHDRFSWPT8, raw=0, derived=0, unit=None), 'IDX__TXHDRFSWPT9': ParsedDataItem(IDX__TXHDRFSWPT9, raw=0, derived=0, unit=None), 'IDX__TXHDRFPGAVER': ParsedDataItem(IDX__TXHDRFPGAVER, raw=539165480, derived=539165480, unit=None), 'IDX__SYNCSCI0PKT': ParsedDataItem(IDX__SYNCSCI0PKT, raw=13107, derived=13107, unit=None), 'IDX__CRCSCI0PKT': ParsedDataItem(IDX__CRCSCI0PKT, raw=9629, derived=9629, unit=None)}
SHCOARSE = 440202806
SHFINE = 8815
IDX__SCI0AID = 2415085345
IDX__SCI0TYPE = 1
IDX__SCI0CONT = 127
IDX__SCI0SPARE1 = 0
IDX__SCI0PACK = EN
IDX__SCI0FRAG = DS
IDX__SCI0COMP = DS
IDX__SCI0EVTNUM = 115
IDX__SCI0CAT = 32
IDX__SCI0QUAL = 5
IDX__SCI0FRAGOFF = 0
IDX__SCI0VER = 9
IDX__SCI0TIME32 = 440199697
IDX__SCI0SPARE2 = 0
IDX__SCI0SPARE3 = 0
IDX__SCI0SPARE4 = 0
IDX__TXHDRSCIEVTLEN = 8320
IDX__TXHDRSP00 = 0
IDX__TXHDRTIMESEC1 = 6716
IDX__TXHDRTIMESEC2 = 59921
IDX__TXHDRTIMESUBS = 47820
IDX__TXHDRSP01 = 0
IDX__TXHDRTRIGOFFSET = 5
IDX__TXHDRSP02 = 0
IDX__TXHDRTRIGID = 1
IDX__TXHDREVTNUM = 115
IDX__TXHDRBLOCKS = 243679
IDX__TXHDRHGTRIGCTRL1 = 2264924160
IDX__TXHDRHGTRIGCTRL2 = 0
IDX__TXHDRLGTRIGCTRL1 = 4294965248
IDX__TXHDRLGTRIGCTRL2 = 4278255360
IDX__TXHDRMGTRIGCTRL1 = 4294965248
IDX__TXHDRMGTRIGCTRL2 = 4278255360
IDX__TXHDRSP03 = 0
IDX__TXHDRLSADC = 1048320
IDX__TXHDRPOLSTAT = NEG
IDX__TXHDRSP04 = 0
IDX__TXHDRPOLCTRL = POS
IDX__TXHDRCOINENA = DIS
IDX__TXHDRLSTRIGMODE = DIS
IDX__TXHDRMGTRIGMODE = 0
IDX__TXHDRLGTRIGMODE = 0
IDX__TXHDRHGTRIGMODE = 1
IDX__TXHDRSP05 = 0
IDX__TXHDRSP06 = 0
IDX__TXHDRSP07 = 2019
IDX__TXHDRSP08 = 0
IDX__TXHDRTOFMAX = 541596198
IDX__TXHDRTOFMIN = 535295475
IDX__TXHDRLS0MAXMIN = 9651978
IDX__TXHDRLS1MAXMIN = 8456170
IDX__TXHDRLS2MAXMIN = 8316897
IDX__TXHDRFIFODELAY = 16
IDX__TXHDRSAMPDELAY = 40934471
IDX__TXHDRTRANSCNT = 2
IDX__TXHDRPROCHKCH01 = 83624769
IDX__TXHDRPROCHKCH23 = 106169570
IDX__TXHDRPROCHKCH45 = 168887514
IDX__TXHDRPROCHKCH67 = 133695768
IDX__TXHDRHVPSHKCH01 = 131860073
IDX__TXHDRHVPSHKCH23 = 8849070
IDX__TXHDRHVPSHKCH45 = 153290714
IDX__TXHDRHVPSHKCH67 = 19991183
IDX__TXHDRLVHK0CH01 = 134219776
IDX__TXHDRLVHK0CH23 = 171838394
IDX__TXHDRLVHK0CH45 = 134745193
IDX__TXHDRLVHK0CH67 = 205589587
IDX__TXHDRLVHK1CH01 = 34801294
IDX__TXHDRLVHK1CH23 = 77596155
IDX__TXHDRLVHK1CH45 = 227149729
IDX__TXHDRLVHK1CH67 = 192872901
IDX__TXHDRLVHK2CH01 = 81069271
IDX__TXHDRLVHK2CH23 = 191695516
IDX__TXHDRLVHK2CH45 = 101059648
IDX__TXHDRLVHK2CH67 = 3480
IDX__TXHDRSP09 = 0
IDX__TXHDRSP10 = 0
IDX__TXHDRFSWAIDCOPY = 2415085345
IDX__TXHDRFSWBINCOPY = 0
IDX__TXHDRFSWMAJOR = 2
IDX__TXHDRFSWMINOR = 0
IDX__TXHDRFSWPATCH = 0
IDX__TXHDRFSWHVSTAT = 3
IDX__TXHDRFSWMEM0 = 0
IDX__TXHDRFSWMEM1 = 0
IDX__TXHDRFSWPT0 = 0
IDX__TXHDRFSWPT1 = 0
IDX__TXHDRFSWPT2 = 0
IDX__TXHDRFSWPT3 = 0
IDX__TXHDRFSWPT4 = 0
IDX__TXHDRFSWPT5 = 0
IDX__TXHDRFSWPT6 = 0
IDX__TXHDRFSWPT7 = 0
IDX__TXHDRFSWPT8 = 0
IDX__TXHDRFSWPT9 = 0
IDX__TXHDRFPGAVER = 539165480
IDX__SYNCSCI0PKT = 13107
IDX__CRCSCI0PKT = 9629
^*****Event header 15******^
EVTNUM: 15
SCI0TYPE: 1
TXHDRBLOCKS RAW: 243679
TXHDRBLOCKS DERIVED: 243679
-----
HS pre trig sampling blocks:  31
LS pre trig sampling blocks:  3
HS post trig sampling blocks:  31
LS post trig sampling blocks:  11
IDX__TXHDRHVPSHKCH01 = 131860073
Detector voltage =  1641
Sensor voltage =  2012
Target voltage =  1710
Reflectron voltage =  135
Rejection voltage =  2010
Current for HVPS sensor =  2339
Positive current for HVPS sensor =  2703
Negative current for HVPS sensor =  305
Voltage +3.3V reference =  2048
Voltage +3.3V operational reference =  2048
Voltage -6V bus =  3002
Voltage +6V bus =  2622
Voltage +16V bus =  3177
Voltage +3.3V bus =  2056
Voltage -5V bus =  3155
Voltage +5V bus =  3137
Current +3.3V bus =  1678
Current +16V bus =  1184
Current +6V bus =  1531
Current -6V bus =  1184
Current +5V bus =  1953
Current -5V bus =  3466
Current +2.5V bus =  453
Current -2.5V bus =  2943
Current on the 1V POL =  833
Current on the 1.9V POL =  1276
ProcBd Temperature 1 =  1250
ProcBd Temperature 2 =  1620
Voltage on 1V bus =  1242
FPGA Temperature =  2577
Voltage on 1.9V bus =  2328
Voltage on 3.3V bus =  2040
var_to_row = {'Last measurement in raw DN for Processor Board signal “1V POL Current”': 0, 'Last measurement in raw DN for Processor Board signal “1.9V POL Current”': 1, 'Last measurement in raw DN for Processor Board signal “ProcBd Temp1”': 2, nan: 48, 'Last measurement in raw DN for Processor Board signal “ProcBd Temp2”': 6, 'Last measurement in raw DN for Processor Board signal “1V Voltage”': 10, 'Last measurement in raw DN for Processor Board signal “FPGA Temp”': 11, 'Last measurement in raw DN for Processor Board signal “1.9V Voltage”': 12, 'Last measurement in raw DN for Processor Board signal “3.3V Voltage”': 13, 'Last measurement in raw DN for HVPS Board signal “Detector Voltage”': 14, 'Last measurement in raw DN for HVPS Board signal “Sensor Voltage"': 15, 'Last measurement in raw DN for HVPS Board signal “Target Voltage”': 16, 'Last measurement in raw DN for HVPS Board signal “Reflectron Voltage”': 17, 'Last measurement in raw DN for HVPS Board signal “Rejection Voltage”': 18, 'Last measurement in raw DN for HVPS Board signal “Detector Current”': 19, 'Last measurement in raw DN for HVPS Board signal “Sensor IP”': 20, 'Last measurement in raw DN for HVPS Board signal “Sensor IN”': 21, 'Last measurement in raw DN for LVPS Board signal “P3.3VREF_HK”': 22, 'Last measurement in raw DN for LVPS Board signal “P3.3VREF_OP”': 23, 'Last measurement in raw DN for LVPS Board signal “N6V”': 24, 'Last measurement in raw DN for LVPS Board signal “P6V”': 25, 'Last measurement in raw DN for LVPS Board signal “P16V”': 26, 'Last measurement in raw DN for LVPS Board signal “P3.3V”': 27, 'Last measurement in raw DN for LVPS Board signal “N5V”': 28, 'Last measurement in raw DN for LVPS Board signal “P5V”': 29, 'Last measurement in raw DN for LVPS Board signal “P3.3_IMON”': 30, 'Last measurement in raw DN for LVPS Board signal “P16V_IMON”': 31, 'Last measurement in raw DN for LVPS Board signal “P6V_IMON”': 32, 'Last measurement in raw DN for LVPS Board signal “N6V_IMON”': 33, 'Last measurement in raw DN for LVPS Board signal “P5V_IMON”': 34, 'Last measurement in raw DN for LVPS Board signal “N5V_IMON”': 35, 'Last measurement in raw DN for LVPS Board signal “P2.5V_IMON”': 36, 'Last measurement in raw DN for LVPS Board signal “N2.5V_IMON”': 37, 'Last measurement in raw DN for LVPS Board signal “THERM_DECON0”': 38, 'Last measurement in raw DN for LVPS Board signal “THERM_DECON1”': 39, 'Last measurement in raw DN for LVPS Board signal “THERM_DAB”': 40, 'Last measurement in raw DN for LVPS Board signal “THERM_LVPS”': 41, 'Last measurement in raw DN for LVPS Board signal “THERM_HVPS”': 45, 'Last measurement in raw DN for LVPS Board signal “P2.5V”': 49, 'Last measurement in raw DN for LVPS Board signal “N2.5V”': 50, 'Last measurement in raw DN for LVPS Board signal “Spare”': 51}

 
 ***** var_name being converted for each instrument setting ***** 
 

Matching row  18
coeffs for Last measurement in raw DN for Processor Board signal “1V POL Current”= [0.0 0.9029253 0.0 0.0 0.0 0.0 0.0 0.0]
var_name = Last measurement in raw DN for Processor Board signal “1V POL Current”
var_name = current_1V_pol
Header info = 833
Transformed value for current_1V_pol = 752.1367749000001
Matching row  18
coeffs for Last measurement in raw DN for Processor Board signal “1.9V POL Current”= [0.0 0.9029253 0.0 0.0 0.0 0.0 0.0 0.0]
var_name = Last measurement in raw DN for Processor Board signal “1.9V POL Current”
var_name = current_1.9V_pol
Header info = 1276
Transformed value for current_1.9V_pol = 1152.1326828
Matching row  18
coeffs for Last measurement in raw DN for Processor Board signal “ProcBd Temp1”= [162.8276 -0.2668687 0.0003323794 -2.43153e-07 9.034532e-11 -1.327735e-14
 0.0 0.0]
var_name = Last measurement in raw DN for Processor Board signal “ProcBd Temp1”
var_name = temperature_1
Header info = 1250
Transformed value for temperature_1 = 53.72670668945321
Matching row  18
coeffs for nan= [-104713.9 52.02446 -0.006463374 0.0 0.0 0.0 0.0 0.0]
var_name = nan
var_name = None
KeyError: (15, None) - Could not find entry for None, 48. Please check the Var_notes or variable mapping.
Matching row  18
coeffs for Last measurement in raw DN for Processor Board signal “ProcBd Temp2”= [162.8276 -0.2668687 0.0003323794 -2.43153e-07 9.034532e-11 -1.327735e-14
 0.0 0.0]
var_name = Last measurement in raw DN for Processor Board signal “ProcBd Temp2”
var_name = temperature_2
Header info = 1620
Transformed value for temperature_2 = 43.131358994139816
Matching row  18
coeffs for Last measurement in raw DN for Processor Board signal “1V Voltage”= [0.0 0.000805861 0.0 0.0 0.0 0.0 0.0 0.0]
var_name = Last measurement in raw DN for Processor Board signal “1V Voltage”
var_name = voltage_1V_bus
Header info = 1242
Transformed value for voltage_1V_bus = 1.0008793619999998
Matching row  18
coeffs for Last measurement in raw DN for Processor Board signal “FPGA Temp”= [358.31 -0.1187104 0.0 0.0 0.0 0.0 0.0 0.0]
var_name = Last measurement in raw DN for Processor Board signal “FPGA Temp”
var_name = fpga_temperature
Header info = 2577
Transformed value for fpga_temperature = 52.3932992
Matching row  18
coeffs for Last measurement in raw DN for Processor Board signal “1.9V Voltage”= [0.0 0.000805861 0.0 0.0 0.0 0.0 0.0 0.0]
var_name = Last measurement in raw DN for Processor Board signal “1.9V Voltage”
var_name = voltage_1.9V_bus
Header info = 2328
Transformed value for voltage_1.9V_bus = 1.8760444079999998
Matching row  18
coeffs for Last measurement in raw DN for Processor Board signal “3.3V Voltage”= [0.0 0.001611722 0.0 0.0 0.0 0.0 0.0 0.0]
var_name = Last measurement in raw DN for Processor Board signal “3.3V Voltage”
var_name = voltage_3.3V_bus
Header info = 2040
Transformed value for voltage_3.3V_bus = 3.28791288
Matching row  18
coeffs for Last measurement in raw DN for HVPS Board signal “Detector Voltage”= [0.0 1.4652 0.0 0.0 0.0 0.0 0.0 0.0]
var_name = Last measurement in raw DN for HVPS Board signal “Detector Voltage”
var_name = detector_voltage
Header info = 1641
Transformed value for detector_voltage = 2404.3932
Matching row  18
coeffs for Last measurement in raw DN for HVPS Board signal “Sensor Voltage"= [0.0 1.4652 0.0 0.0 0.0 0.0 0.0 0.0]
var_name = Last measurement in raw DN for HVPS Board signal “Sensor Voltage"
var_name = sensor_voltage
Header info = 2012
Transformed value for sensor_voltage = 2947.9824000000003
Matching row  18
coeffs for Last measurement in raw DN for HVPS Board signal “Target Voltage”= [0.0 1.4652 0.0 0.0 0.0 0.0 0.0 0.0]
var_name = Last measurement in raw DN for HVPS Board signal “Target Voltage”
var_name = target_voltage
Header info = 1710
Transformed value for target_voltage = 2505.492
Matching row  18
coeffs for Last measurement in raw DN for HVPS Board signal “Reflectron Voltage”= [0.0 1.4652 0.0 0.0 0.0 0.0 0.0 0.0]
var_name = Last measurement in raw DN for HVPS Board signal “Reflectron Voltage”
var_name = reflectron_voltage
Header info = 135
Transformed value for reflectron_voltage = 197.80200000000002
Matching row  18
coeffs for Last measurement in raw DN for HVPS Board signal “Rejection Voltage”= [0.0 1.4652 0.0 0.0 0.0 0.0 0.0 0.0]
var_name = Last measurement in raw DN for HVPS Board signal “Rejection Voltage”
var_name = rejection_voltage
Header info = 2010
Transformed value for rejection_voltage = 2945.052
Matching row  18
coeffs for Last measurement in raw DN for HVPS Board signal “Detector Current”= [0.0 7.326e-06 0.0 0.0 0.0 0.0 0.0 0.0]
var_name = Last measurement in raw DN for HVPS Board signal “Detector Current”
var_name = current_hvps_sensor
Header info = 2339
Transformed value for current_hvps_sensor = 0.017135514
Matching row  18
coeffs for Last measurement in raw DN for HVPS Board signal “Sensor IP”= [0.0 2.4339e-05 0.0 0.0 0.0 0.0 0.0 0.0]
var_name = Last measurement in raw DN for HVPS Board signal “Sensor IP”
var_name = positive_current_hvps
Header info = 2703
Transformed value for positive_current_hvps = 0.065788317
Matching row  18
coeffs for Last measurement in raw DN for HVPS Board signal “Sensor IN”= [0.0 2.4339e-05 0.0 0.0 0.0 0.0 0.0 0.0]
var_name = Last measurement in raw DN for HVPS Board signal “Sensor IN”
var_name = negative_current_hvps
Header info = 305
Transformed value for negative_current_hvps = 0.007423394999999999
Matching row  18
coeffs for Last measurement in raw DN for LVPS Board signal “P3.3VREF_HK”= [0.0 0.00161172 0.0 0.0 0.0 0.0 0.0 0.0]
var_name = Last measurement in raw DN for LVPS Board signal “P3.3VREF_HK”
var_name = voltage_3V3_ref
Header info = 2048
Transformed value for voltage_3V3_ref = 3.30080256
Matching row  18
coeffs for Last measurement in raw DN for LVPS Board signal “P3.3VREF_OP”= [0.0 0.00161172 0.0 0.0 0.0 0.0 0.0 0.0]
var_name = Last measurement in raw DN for LVPS Board signal “P3.3VREF_OP”
var_name = voltage_3V3_op_ref
Header info = 2048
Transformed value for voltage_3V3_op_ref = 3.30080256
Matching row  18
coeffs for Last measurement in raw DN for LVPS Board signal “N6V”= [-33.0 0.00886447 0.0 0.0 0.0 0.0 0.0 0.0]
var_name = Last measurement in raw DN for LVPS Board signal “N6V”
var_name = voltage_neg6V_bus
Header info = 3002
Transformed value for voltage_neg6V_bus = -6.3888610600000035
Matching row  18
coeffs for Last measurement in raw DN for LVPS Board signal “P6V”= [0.0 0.00241758 0.0 0.0 0.0 0.0 0.0 0.0]
var_name = Last measurement in raw DN for LVPS Board signal “P6V”
var_name = voltage_pos6V_bus
Header info = 2622
Transformed value for voltage_pos6V_bus = 6.33889476
Matching row  18
coeffs for Last measurement in raw DN for LVPS Board signal “P16V”= [0.0 0.00482711 0.0 0.0 0.0 0.0 0.0 0.0]
var_name = Last measurement in raw DN for LVPS Board signal “P16V”
var_name = voltage_pos16V_bus
Header info = 3177
Transformed value for voltage_pos16V_bus = 15.33572847
Matching row  18
coeffs for Last measurement in raw DN for LVPS Board signal “P3.3V”= [0.0 0.00161172 0.0 0.0 0.0 0.0 0.0 0.0]
var_name = Last measurement in raw DN for LVPS Board signal “P3.3V”
var_name = voltage_pos3V3_bus
Header info = 2056
Transformed value for voltage_pos3V3_bus = 3.31369632
Matching row  18
coeffs for Last measurement in raw DN for LVPS Board signal “N5V”= [-33.0 0.00886447 0.0 0.0 0.0 0.0 0.0 0.0]
var_name = Last measurement in raw DN for LVPS Board signal “N5V”
var_name = voltage_neg5V_bus
Header info = 3155
Transformed value for voltage_neg5V_bus = -5.032597150000001
Matching row  18
coeffs for Last measurement in raw DN for LVPS Board signal “P5V”= [0.0 0.00161172 0.0 0.0 0.0 0.0 0.0 0.0]
var_name = Last measurement in raw DN for LVPS Board signal “P5V”
var_name = voltage_pos5V_bus
Header info = 3137
Transformed value for voltage_pos5V_bus = 5.05596564
Matching row  18
coeffs for Last measurement in raw DN for LVPS Board signal “P3.3_IMON”= [0.0 0.00161172 0.0 0.0 0.0 0.0 0.0 0.0]
var_name = Last measurement in raw DN for LVPS Board signal “P3.3_IMON”
var_name = current_3V3_bus
Header info = 1678
Transformed value for current_3V3_bus = 2.70446616
Matching row  18
coeffs for Last measurement in raw DN for LVPS Board signal “P16V_IMON”= [0.0 0.000161172 0.0 0.0 0.0 0.0 0.0 0.0]
var_name = Last measurement in raw DN for LVPS Board signal “P16V_IMON”
var_name = current_16V_bus
Header info = 1184
Transformed value for current_16V_bus = 0.19082764800000002
Matching row  18
coeffs for Last measurement in raw DN for LVPS Board signal “P6V_IMON”= [0.0 8.05861e-05 0.0 0.0 0.0 0.0 0.0 0.0]
var_name = Last measurement in raw DN for LVPS Board signal “P6V_IMON”
var_name = current_6V_bus
Header info = 1531
Transformed value for current_6V_bus = 0.1233773191
Matching row  18
coeffs for Last measurement in raw DN for LVPS Board signal “N6V_IMON”= [0.0 -8.05861e-05 0.0 0.0 0.0 0.0 0.0 0.0]
var_name = Last measurement in raw DN for LVPS Board signal “N6V_IMON”
var_name = current_neg6V_bus
Header info = 1184
Transformed value for current_neg6V_bus = -0.09541394239999999
Matching row  18
coeffs for Last measurement in raw DN for LVPS Board signal “P5V_IMON”= [0.0 4.029304e-05 0.0 0.0 0.0 0.0 0.0 0.0]
var_name = Last measurement in raw DN for LVPS Board signal “P5V_IMON”
var_name = current_5V_bus
Header info = 1953
Transformed value for current_5V_bus = 0.07869230712
Matching row  18
coeffs for Last measurement in raw DN for LVPS Board signal “N5V_IMON”= [0.0 -2.01465e-05 0.0 0.0 0.0 0.0 0.0 0.0]
var_name = Last measurement in raw DN for LVPS Board signal “N5V_IMON”
var_name = current_neg5V_bus
Header info = 3466
Transformed value for current_neg5V_bus = -0.069827769
Matching row  18
coeffs for Last measurement in raw DN for LVPS Board signal “P2.5V_IMON”= [0.0 0.00161172 0.0 0.0 0.0 0.0 0.0 0.0]
var_name = Last measurement in raw DN for LVPS Board signal “P2.5V_IMON”
var_name = current_2V5_bus
Header info = 453
Transformed value for current_2V5_bus = 0.73010916
Matching row  18
coeffs for Last measurement in raw DN for LVPS Board signal “N2.5V_IMON”= [0.0 -4.0293e-05 0.0 0.0 0.0 0.0 0.0 0.0]
var_name = Last measurement in raw DN for LVPS Board signal “N2.5V_IMON”
var_name = current_neg2V5_bus
Header info = 2943
Transformed value for current_neg2V5_bus = -0.118582299
Matching row  18
coeffs for Last measurement in raw DN for LVPS Board signal “THERM_DECON0”= [-110.293 0.0665351 0.000305738 -6.32048e-07 5.9934e-10 -2.98784e-13
 7.61361e-17 -7.76467e-21]
var_name = Last measurement in raw DN for LVPS Board signal “THERM_DECON0”
var_name = None
KeyError: (15, None) - Could not find entry for None, 38. Please check the Var_notes or variable mapping.
Matching row  18
coeffs for Last measurement in raw DN for LVPS Board signal “THERM_DECON1”= [-150.478 0.376986 -0.00062072 7.73853e-07 -5.81588e-10 2.56368e-13
 -6.05698e-17 5.96635e-21]
var_name = Last measurement in raw DN for LVPS Board signal “THERM_DECON1”
var_name = None
KeyError: (15, None) - Could not find entry for None, 39. Please check the Var_notes or variable mapping.
Matching row  18
coeffs for Last measurement in raw DN for LVPS Board signal “THERM_DAB”= [-443.248 1.31224 -0.00180422 1.40016e-06 -6.43766e-10 1.7448e-13
 -2.57695e-17 1.60239e-21]
var_name = Last measurement in raw DN for LVPS Board signal “THERM_DAB”
var_name = None
KeyError: (15, None) - Could not find entry for None, 40. Please check the Var_notes or variable mapping.
Matching row  18
coeffs for Last measurement in raw DN for LVPS Board signal “THERM_LVPS”= [200.4137 -0.2020699 0.000175403 -9.739547e-08 2.888932e-11 -3.545603e-15
 0.0 0.0]
var_name = Last measurement in raw DN for LVPS Board signal “THERM_LVPS”
var_name = None
KeyError: (15, None) - Could not find entry for None, 41. Please check the Var_notes or variable mapping.
Matching row  18
coeffs for Last measurement in raw DN for LVPS Board signal “THERM_HVPS”= [200.4137 -0.2020699 0.000175403 -9.739547e-08 2.888932e-11 -3.545603e-15
 0.0 0.0]
var_name = Last measurement in raw DN for LVPS Board signal “THERM_HVPS”
var_name = None
KeyError: (15, None) - Could not find entry for None, 45. Please check the Var_notes or variable mapping.
Matching row  18
coeffs for Last measurement in raw DN for LVPS Board signal “P2.5V”= [0.0 0.00161172 0.0 0.0 0.0 0.0 0.0 0.0]
var_name = Last measurement in raw DN for LVPS Board signal “P2.5V”
var_name = None
KeyError: (15, None) - Could not find entry for None, 49. Please check the Var_notes or variable mapping.
Matching row  18
coeffs for Last measurement in raw DN for LVPS Board signal “N2.5V”= [-33.0 0.00886447 0.0 0.0 0.0 0.0 0.0 0.0]
var_name = Last measurement in raw DN for LVPS Board signal “N2.5V”
var_name = None
KeyError: (15, None) - Could not find entry for None, 50. Please check the Var_notes or variable mapping.
Matching row  18
coeffs for Last measurement in raw DN for LVPS Board signal “Spare”= [0.0 0.00161172 0.0 0.0 0.0 0.0 0.0 0.0]
var_name = Last measurement in raw DN for LVPS Board signal “Spare”
var_name = spare_signal
KeyError: (15, 'spare_signal') - Could not find entry for spare_signal, 51. Please check the Var_notes or variable mapping.
High gain delay = 71 samples.
Mid gain delay = 39 samples.
Low gain delay = 39 samples.
High sampling trigger mode =  0 0 1
High gain trigger mode enabled.
For 2264924160, HG Trigger level = 0.15605999999999998, sample settings = 0, 0
Threshold trigger mode enabled for high gain channel.
AID = 2415085345
Event number = 115
Rice compression enabled = False
Timestamp = 440199697.9564 seconds since epoch (Midnight January 1st, 2010)
Trigger time = 2023-12-13T21:41:37.956400Z
15
15
15
15
15
15
15
15
15
15
15
15
15
{'SHCOARSE': ParsedDataItem(SHCOARSE, raw=440202819, derived=440202819, unit=dn), 'SHFINE': ParsedDataItem(SHFINE, raw=8823, derived=8823, unit=dn), 'IDX__SCI0AID': ParsedDataItem(IDX__SCI0AID, raw=2415085345, derived=2415085345, unit=None), 'IDX__SCI0TYPE': ParsedDataItem(IDX__SCI0TYPE, raw=1, derived=1, unit=None), 'IDX__SCI0CONT': ParsedDataItem(IDX__SCI0CONT, raw=127, derived=127, unit=None), 'IDX__SCI0SPARE1': ParsedDataItem(IDX__SCI0SPARE1, raw=0, derived=0, unit=None), 'IDX__SCI0PACK': ParsedDataItem(IDX__SCI0PACK, raw=1, derived=EN, unit=None), 'IDX__SCI0FRAG': ParsedDataItem(IDX__SCI0FRAG, raw=0, derived=DS, unit=None), 'IDX__SCI0COMP': ParsedDataItem(IDX__SCI0COMP, raw=0, derived=DS, unit=None), 'IDX__SCI0EVTNUM': ParsedDataItem(IDX__SCI0EVTNUM, raw=116, derived=116, unit=None), 'IDX__SCI0CAT': ParsedDataItem(IDX__SCI0CAT, raw=32, derived=32, unit=None), 'IDX__SCI0QUAL': ParsedDataItem(IDX__SCI0QUAL, raw=5, derived=5, unit=None), 'IDX__SCI0FRAGOFF': ParsedDataItem(IDX__SCI0FRAGOFF, raw=0, derived=0, unit=None), 'IDX__SCI0VER': ParsedDataItem(IDX__SCI0VER, raw=9, derived=9, unit=None), 'IDX__SCI0TIME32': ParsedDataItem(IDX__SCI0TIME32, raw=440199745, derived=440199745, unit=None), 'IDX__SCI0SPARE2': ParsedDataItem(IDX__SCI0SPARE2, raw=0, derived=0, unit=None), 'IDX__SCI0SPARE3': ParsedDataItem(IDX__SCI0SPARE3, raw=0, derived=0, unit=None), 'IDX__SCI0SPARE4': ParsedDataItem(IDX__SCI0SPARE4, raw=0, derived=0, unit=None), 'IDX__TXHDRSCIEVTLEN': ParsedDataItem(IDX__TXHDRSCIEVTLEN, raw=8320, derived=8320, unit=None), 'IDX__TXHDRSP00': ParsedDataItem(IDX__TXHDRSP00, raw=0, derived=0, unit=None), 'IDX__TXHDRTIMESEC1': ParsedDataItem(IDX__TXHDRTIMESEC1, raw=6716, derived=6716, unit=None), 'IDX__TXHDRTIMESEC2': ParsedDataItem(IDX__TXHDRTIMESEC2, raw=59969, derived=59969, unit=None), 'IDX__TXHDRTIMESUBS': ParsedDataItem(IDX__TXHDRTIMESUBS, raw=38104, derived=38104, unit=None), 'IDX__TXHDRSP01': ParsedDataItem(IDX__TXHDRSP01, raw=0, derived=0, unit=None), 'IDX__TXHDRTRIGOFFSET': ParsedDataItem(IDX__TXHDRTRIGOFFSET, raw=3, derived=3, unit=None), 'IDX__TXHDRSP02': ParsedDataItem(IDX__TXHDRSP02, raw=0, derived=0, unit=None), 'IDX__TXHDRTRIGID': ParsedDataItem(IDX__TXHDRTRIGID, raw=1, derived=1, unit=None), 'IDX__TXHDREVTNUM': ParsedDataItem(IDX__TXHDREVTNUM, raw=116, derived=116, unit=None), 'IDX__TXHDRBLOCKS': ParsedDataItem(IDX__TXHDRBLOCKS, raw=243679, derived=243679, unit=None), 'IDX__TXHDRHGTRIGCTRL1': ParsedDataItem(IDX__TXHDRHGTRIGCTRL1, raw=2264924160, derived=2264924160, unit=None), 'IDX__TXHDRHGTRIGCTRL2': ParsedDataItem(IDX__TXHDRHGTRIGCTRL2, raw=0, derived=0, unit=None), 'IDX__TXHDRLGTRIGCTRL1': ParsedDataItem(IDX__TXHDRLGTRIGCTRL1, raw=4294965248, derived=4294965248, unit=None), 'IDX__TXHDRLGTRIGCTRL2': ParsedDataItem(IDX__TXHDRLGTRIGCTRL2, raw=4278255360, derived=4278255360, unit=None), 'IDX__TXHDRMGTRIGCTRL1': ParsedDataItem(IDX__TXHDRMGTRIGCTRL1, raw=4294965248, derived=4294965248, unit=None), 'IDX__TXHDRMGTRIGCTRL2': ParsedDataItem(IDX__TXHDRMGTRIGCTRL2, raw=4278255360, derived=4278255360, unit=None), 'IDX__TXHDRSP03': ParsedDataItem(IDX__TXHDRSP03, raw=0, derived=0, unit=None), 'IDX__TXHDRLSADC': ParsedDataItem(IDX__TXHDRLSADC, raw=1048320, derived=1048320, unit=None), 'IDX__TXHDRPOLSTAT': ParsedDataItem(IDX__TXHDRPOLSTAT, raw=1, derived=NEG, unit=None), 'IDX__TXHDRSP04': ParsedDataItem(IDX__TXHDRSP04, raw=0, derived=0, unit=None), 'IDX__TXHDRPOLCTRL': ParsedDataItem(IDX__TXHDRPOLCTRL, raw=0, derived=POS, unit=None), 'IDX__TXHDRCOINENA': ParsedDataItem(IDX__TXHDRCOINENA, raw=0, derived=DIS, unit=None), 'IDX__TXHDRLSTRIGMODE': ParsedDataItem(IDX__TXHDRLSTRIGMODE, raw=0, derived=DIS, unit=None), 'IDX__TXHDRMGTRIGMODE': ParsedDataItem(IDX__TXHDRMGTRIGMODE, raw=0, derived=0, unit=None), 'IDX__TXHDRLGTRIGMODE': ParsedDataItem(IDX__TXHDRLGTRIGMODE, raw=0, derived=0, unit=None), 'IDX__TXHDRHGTRIGMODE': ParsedDataItem(IDX__TXHDRHGTRIGMODE, raw=1, derived=1, unit=None), 'IDX__TXHDRSP05': ParsedDataItem(IDX__TXHDRSP05, raw=0, derived=0, unit=None), 'IDX__TXHDRSP06': ParsedDataItem(IDX__TXHDRSP06, raw=0, derived=0, unit=None), 'IDX__TXHDRSP07': ParsedDataItem(IDX__TXHDRSP07, raw=2018, derived=2018, unit=None), 'IDX__TXHDRSP08': ParsedDataItem(IDX__TXHDRSP08, raw=0, derived=0, unit=None), 'IDX__TXHDRTOFMAX': ParsedDataItem(IDX__TXHDRTOFMAX, raw=541596217, derived=541596217, unit=None), 'IDX__TXHDRTOFMIN': ParsedDataItem(IDX__TXHDRTOFMIN, raw=535295475, derived=535295475, unit=None), 'IDX__TXHDRLS0MAXMIN': ParsedDataItem(IDX__TXHDRLS0MAXMIN, raw=9500467, derived=9500467, unit=None), 'IDX__TXHDRLS1MAXMIN': ParsedDataItem(IDX__TXHDRLS1MAXMIN, raw=8447976, derived=8447976, unit=None), 'IDX__TXHDRLS2MAXMIN': ParsedDataItem(IDX__TXHDRLS2MAXMIN, raw=8329185, derived=8329185, unit=None), 'IDX__TXHDRFIFODELAY': ParsedDataItem(IDX__TXHDRFIFODELAY, raw=17, derived=17, unit=None), 'IDX__TXHDRSAMPDELAY': ParsedDataItem(IDX__TXHDRSAMPDELAY, raw=24140857, derived=24140857, unit=None), 'IDX__TXHDRTRANSCNT': ParsedDataItem(IDX__TXHDRTRANSCNT, raw=6, derived=6, unit=None), 'IDX__TXHDRPROCHKCH01': ParsedDataItem(IDX__TXHDRPROCHKCH01, raw=83690307, derived=83690307, unit=None), 'IDX__TXHDRPROCHKCH23': ParsedDataItem(IDX__TXHDRPROCHKCH23, raw=106104033, derived=106104033, unit=None), 'IDX__TXHDRPROCHKCH45': ParsedDataItem(IDX__TXHDRPROCHKCH45, raw=168821978, derived=168821978, unit=None), 'IDX__TXHDRPROCHKCH67': ParsedDataItem(IDX__TXHDRPROCHKCH67, raw=133695768, derived=133695768, unit=None), 'IDX__TXHDRHVPSHKCH01': ParsedDataItem(IDX__TXHDRHVPSHKCH01, raw=131860073, derived=131860073, unit=None), 'IDX__TXHDRHVPSHKCH23': ParsedDataItem(IDX__TXHDRHVPSHKCH23, raw=8849070, derived=8849070, unit=None), 'IDX__TXHDRHVPSHKCH45': ParsedDataItem(IDX__TXHDRHVPSHKCH45, raw=153290714, derived=153290714, unit=None), 'IDX__TXHDRHVPSHKCH67': ParsedDataItem(IDX__TXHDRHVPSHKCH67, raw=19991184, derived=19991184, unit=None), 'IDX__TXHDRLVHK0CH01': ParsedDataItem(IDX__TXHDRLVHK0CH01, raw=134219776, derived=134219776, unit=None), 'IDX__TXHDRLVHK0CH23': ParsedDataItem(IDX__TXHDRLVHK0CH23, raw=171838394, derived=171838394, unit=None), 'IDX__TXHDRLVHK0CH45': ParsedDataItem(IDX__TXHDRLVHK0CH45, raw=134745194, derived=134745194, unit=None), 'IDX__TXHDRLVHK0CH67': ParsedDataItem(IDX__TXHDRLVHK0CH67, raw=205589587, derived=205589587, unit=None), 'IDX__TXHDRLVHK1CH01': ParsedDataItem(IDX__TXHDRLVHK1CH01, raw=34801295, derived=34801295, unit=None), 'IDX__TXHDRLVHK1CH23': ParsedDataItem(IDX__TXHDRLVHK1CH23, raw=77596155, derived=77596155, unit=None), 'IDX__TXHDRLVHK1CH45': ParsedDataItem(IDX__TXHDRLVHK1CH45, raw=227149729, derived=227149729, unit=None), 'IDX__TXHDRLVHK1CH67': ParsedDataItem(IDX__TXHDRLVHK1CH67, raw=192872901, derived=192872901, unit=None), 'IDX__TXHDRLVHK2CH01': ParsedDataItem(IDX__TXHDRLVHK2CH01, raw=81069271, derived=81069271, unit=None), 'IDX__TXHDRLVHK2CH23': ParsedDataItem(IDX__TXHDRLVHK2CH23, raw=191629981, derived=191629981, unit=None), 'IDX__TXHDRLVHK2CH45': ParsedDataItem(IDX__TXHDRLVHK2CH45, raw=101059647, derived=101059647, unit=None), 'IDX__TXHDRLVHK2CH67': ParsedDataItem(IDX__TXHDRLVHK2CH67, raw=69016, derived=69016, unit=None), 'IDX__TXHDRSP09': ParsedDataItem(IDX__TXHDRSP09, raw=0, derived=0, unit=None), 'IDX__TXHDRSP10': ParsedDataItem(IDX__TXHDRSP10, raw=0, derived=0, unit=None), 'IDX__TXHDRFSWAIDCOPY': ParsedDataItem(IDX__TXHDRFSWAIDCOPY, raw=2415085345, derived=2415085345, unit=None), 'IDX__TXHDRFSWBINCOPY': ParsedDataItem(IDX__TXHDRFSWBINCOPY, raw=0, derived=0, unit=None), 'IDX__TXHDRFSWMAJOR': ParsedDataItem(IDX__TXHDRFSWMAJOR, raw=2, derived=2, unit=None), 'IDX__TXHDRFSWMINOR': ParsedDataItem(IDX__TXHDRFSWMINOR, raw=0, derived=0, unit=None), 'IDX__TXHDRFSWPATCH': ParsedDataItem(IDX__TXHDRFSWPATCH, raw=0, derived=0, unit=None), 'IDX__TXHDRFSWHVSTAT': ParsedDataItem(IDX__TXHDRFSWHVSTAT, raw=3, derived=3, unit=None), 'IDX__TXHDRFSWMEM0': ParsedDataItem(IDX__TXHDRFSWMEM0, raw=0, derived=0, unit=None), 'IDX__TXHDRFSWMEM1': ParsedDataItem(IDX__TXHDRFSWMEM1, raw=0, derived=0, unit=None), 'IDX__TXHDRFSWPT0': ParsedDataItem(IDX__TXHDRFSWPT0, raw=0, derived=0, unit=None), 'IDX__TXHDRFSWPT1': ParsedDataItem(IDX__TXHDRFSWPT1, raw=0, derived=0, unit=None), 'IDX__TXHDRFSWPT2': ParsedDataItem(IDX__TXHDRFSWPT2, raw=0, derived=0, unit=None), 'IDX__TXHDRFSWPT3': ParsedDataItem(IDX__TXHDRFSWPT3, raw=0, derived=0, unit=None), 'IDX__TXHDRFSWPT4': ParsedDataItem(IDX__TXHDRFSWPT4, raw=0, derived=0, unit=None), 'IDX__TXHDRFSWPT5': ParsedDataItem(IDX__TXHDRFSWPT5, raw=0, derived=0, unit=None), 'IDX__TXHDRFSWPT6': ParsedDataItem(IDX__TXHDRFSWPT6, raw=0, derived=0, unit=None), 'IDX__TXHDRFSWPT7': ParsedDataItem(IDX__TXHDRFSWPT7, raw=0, derived=0, unit=None), 'IDX__TXHDRFSWPT8': ParsedDataItem(IDX__TXHDRFSWPT8, raw=0, derived=0, unit=None), 'IDX__TXHDRFSWPT9': ParsedDataItem(IDX__TXHDRFSWPT9, raw=0, derived=0, unit=None), 'IDX__TXHDRFPGAVER': ParsedDataItem(IDX__TXHDRFPGAVER, raw=539165480, derived=539165480, unit=None), 'IDX__SYNCSCI0PKT': ParsedDataItem(IDX__SYNCSCI0PKT, raw=13107, derived=13107, unit=None), 'IDX__CRCSCI0PKT': ParsedDataItem(IDX__CRCSCI0PKT, raw=9477, derived=9477, unit=None)}
SHCOARSE = 440202819
SHFINE = 8823
IDX__SCI0AID = 2415085345
IDX__SCI0TYPE = 1
IDX__SCI0CONT = 127
IDX__SCI0SPARE1 = 0
IDX__SCI0PACK = EN
IDX__SCI0FRAG = DS
IDX__SCI0COMP = DS
IDX__SCI0EVTNUM = 116
IDX__SCI0CAT = 32
IDX__SCI0QUAL = 5
IDX__SCI0FRAGOFF = 0
IDX__SCI0VER = 9
IDX__SCI0TIME32 = 440199745
IDX__SCI0SPARE2 = 0
IDX__SCI0SPARE3 = 0
IDX__SCI0SPARE4 = 0
IDX__TXHDRSCIEVTLEN = 8320
IDX__TXHDRSP00 = 0
IDX__TXHDRTIMESEC1 = 6716
IDX__TXHDRTIMESEC2 = 59969
IDX__TXHDRTIMESUBS = 38104
IDX__TXHDRSP01 = 0
IDX__TXHDRTRIGOFFSET = 3
IDX__TXHDRSP02 = 0
IDX__TXHDRTRIGID = 1
IDX__TXHDREVTNUM = 116
IDX__TXHDRBLOCKS = 243679
IDX__TXHDRHGTRIGCTRL1 = 2264924160
IDX__TXHDRHGTRIGCTRL2 = 0
IDX__TXHDRLGTRIGCTRL1 = 4294965248
IDX__TXHDRLGTRIGCTRL2 = 4278255360
IDX__TXHDRMGTRIGCTRL1 = 4294965248
IDX__TXHDRMGTRIGCTRL2 = 4278255360
IDX__TXHDRSP03 = 0
IDX__TXHDRLSADC = 1048320
IDX__TXHDRPOLSTAT = NEG
IDX__TXHDRSP04 = 0
IDX__TXHDRPOLCTRL = POS
IDX__TXHDRCOINENA = DIS
IDX__TXHDRLSTRIGMODE = DIS
IDX__TXHDRMGTRIGMODE = 0
IDX__TXHDRLGTRIGMODE = 0
IDX__TXHDRHGTRIGMODE = 1
IDX__TXHDRSP05 = 0
IDX__TXHDRSP06 = 0
IDX__TXHDRSP07 = 2018
IDX__TXHDRSP08 = 0
IDX__TXHDRTOFMAX = 541596217
IDX__TXHDRTOFMIN = 535295475
IDX__TXHDRLS0MAXMIN = 9500467
IDX__TXHDRLS1MAXMIN = 8447976
IDX__TXHDRLS2MAXMIN = 8329185
IDX__TXHDRFIFODELAY = 17
IDX__TXHDRSAMPDELAY = 24140857
IDX__TXHDRTRANSCNT = 6
IDX__TXHDRPROCHKCH01 = 83690307
IDX__TXHDRPROCHKCH23 = 106104033
IDX__TXHDRPROCHKCH45 = 168821978
IDX__TXHDRPROCHKCH67 = 133695768
IDX__TXHDRHVPSHKCH01 = 131860073
IDX__TXHDRHVPSHKCH23 = 8849070
IDX__TXHDRHVPSHKCH45 = 153290714
IDX__TXHDRHVPSHKCH67 = 19991184
IDX__TXHDRLVHK0CH01 = 134219776
IDX__TXHDRLVHK0CH23 = 171838394
IDX__TXHDRLVHK0CH45 = 134745194
IDX__TXHDRLVHK0CH67 = 205589587
IDX__TXHDRLVHK1CH01 = 34801295
IDX__TXHDRLVHK1CH23 = 77596155
IDX__TXHDRLVHK1CH45 = 227149729
IDX__TXHDRLVHK1CH67 = 192872901
IDX__TXHDRLVHK2CH01 = 81069271
IDX__TXHDRLVHK2CH23 = 191629981
IDX__TXHDRLVHK2CH45 = 101059647
IDX__TXHDRLVHK2CH67 = 69016
IDX__TXHDRSP09 = 0
IDX__TXHDRSP10 = 0
IDX__TXHDRFSWAIDCOPY = 2415085345
IDX__TXHDRFSWBINCOPY = 0
IDX__TXHDRFSWMAJOR = 2
IDX__TXHDRFSWMINOR = 0
IDX__TXHDRFSWPATCH = 0
IDX__TXHDRFSWHVSTAT = 3
IDX__TXHDRFSWMEM0 = 0
IDX__TXHDRFSWMEM1 = 0
IDX__TXHDRFSWPT0 = 0
IDX__TXHDRFSWPT1 = 0
IDX__TXHDRFSWPT2 = 0
IDX__TXHDRFSWPT3 = 0
IDX__TXHDRFSWPT4 = 0
IDX__TXHDRFSWPT5 = 0
IDX__TXHDRFSWPT6 = 0
IDX__TXHDRFSWPT7 = 0
IDX__TXHDRFSWPT8 = 0
IDX__TXHDRFSWPT9 = 0
IDX__TXHDRFPGAVER = 539165480
IDX__SYNCSCI0PKT = 13107
IDX__CRCSCI0PKT = 9477
^*****Event header 16******^
EVTNUM: 16
SCI0TYPE: 1
TXHDRBLOCKS RAW: 243679
TXHDRBLOCKS DERIVED: 243679
-----
HS pre trig sampling blocks:  31
LS pre trig sampling blocks:  3
HS post trig sampling blocks:  31
LS post trig sampling blocks:  11
IDX__TXHDRHVPSHKCH01 = 131860073
Detector voltage =  1641
Sensor voltage =  2012
Target voltage =  1710
Reflectron voltage =  135
Rejection voltage =  2010
Current for HVPS sensor =  2339
Positive current for HVPS sensor =  2704
Negative current for HVPS sensor =  305
Voltage +3.3V reference =  2048
Voltage +3.3V operational reference =  2048
Voltage -6V bus =  3002
Voltage +6V bus =  2622
Voltage +16V bus =  3178
Voltage +3.3V bus =  2056
Voltage -5V bus =  3155
Voltage +5V bus =  3137
Current +3.3V bus =  1679
Current +16V bus =  1184
Current +6V bus =  1531
Current -6V bus =  1184
Current +5V bus =  1953
Current -5V bus =  3466
Current +2.5V bus =  453
Current -2.5V bus =  2943
Current on the 1V POL =  835
Current on the 1.9V POL =  1277
ProcBd Temperature 1 =  1249
ProcBd Temperature 2 =  1619
Voltage on 1V bus =  1242
FPGA Temperature =  2576
Voltage on 1.9V bus =  2328
Voltage on 3.3V bus =  2040
var_to_row = {'Last measurement in raw DN for Processor Board signal “1V POL Current”': 0, 'Last measurement in raw DN for Processor Board signal “1.9V POL Current”': 1, 'Last measurement in raw DN for Processor Board signal “ProcBd Temp1”': 2, nan: 48, 'Last measurement in raw DN for Processor Board signal “ProcBd Temp2”': 6, 'Last measurement in raw DN for Processor Board signal “1V Voltage”': 10, 'Last measurement in raw DN for Processor Board signal “FPGA Temp”': 11, 'Last measurement in raw DN for Processor Board signal “1.9V Voltage”': 12, 'Last measurement in raw DN for Processor Board signal “3.3V Voltage”': 13, 'Last measurement in raw DN for HVPS Board signal “Detector Voltage”': 14, 'Last measurement in raw DN for HVPS Board signal “Sensor Voltage"': 15, 'Last measurement in raw DN for HVPS Board signal “Target Voltage”': 16, 'Last measurement in raw DN for HVPS Board signal “Reflectron Voltage”': 17, 'Last measurement in raw DN for HVPS Board signal “Rejection Voltage”': 18, 'Last measurement in raw DN for HVPS Board signal “Detector Current”': 19, 'Last measurement in raw DN for HVPS Board signal “Sensor IP”': 20, 'Last measurement in raw DN for HVPS Board signal “Sensor IN”': 21, 'Last measurement in raw DN for LVPS Board signal “P3.3VREF_HK”': 22, 'Last measurement in raw DN for LVPS Board signal “P3.3VREF_OP”': 23, 'Last measurement in raw DN for LVPS Board signal “N6V”': 24, 'Last measurement in raw DN for LVPS Board signal “P6V”': 25, 'Last measurement in raw DN for LVPS Board signal “P16V”': 26, 'Last measurement in raw DN for LVPS Board signal “P3.3V”': 27, 'Last measurement in raw DN for LVPS Board signal “N5V”': 28, 'Last measurement in raw DN for LVPS Board signal “P5V”': 29, 'Last measurement in raw DN for LVPS Board signal “P3.3_IMON”': 30, 'Last measurement in raw DN for LVPS Board signal “P16V_IMON”': 31, 'Last measurement in raw DN for LVPS Board signal “P6V_IMON”': 32, 'Last measurement in raw DN for LVPS Board signal “N6V_IMON”': 33, 'Last measurement in raw DN for LVPS Board signal “P5V_IMON”': 34, 'Last measurement in raw DN for LVPS Board signal “N5V_IMON”': 35, 'Last measurement in raw DN for LVPS Board signal “P2.5V_IMON”': 36, 'Last measurement in raw DN for LVPS Board signal “N2.5V_IMON”': 37, 'Last measurement in raw DN for LVPS Board signal “THERM_DECON0”': 38, 'Last measurement in raw DN for LVPS Board signal “THERM_DECON1”': 39, 'Last measurement in raw DN for LVPS Board signal “THERM_DAB”': 40, 'Last measurement in raw DN for LVPS Board signal “THERM_LVPS”': 41, 'Last measurement in raw DN for LVPS Board signal “THERM_HVPS”': 45, 'Last measurement in raw DN for LVPS Board signal “P2.5V”': 49, 'Last measurement in raw DN for LVPS Board signal “N2.5V”': 50, 'Last measurement in raw DN for LVPS Board signal “Spare”': 51}

 
 ***** var_name being converted for each instrument setting ***** 
 

Matching row  18
coeffs for Last measurement in raw DN for Processor Board signal “1V POL Current”= [0.0 0.9029253 0.0 0.0 0.0 0.0 0.0 0.0]
var_name = Last measurement in raw DN for Processor Board signal “1V POL Current”
var_name = current_1V_pol
Header info = 835
Transformed value for current_1V_pol = 753.9426255000001
Matching row  18
coeffs for Last measurement in raw DN for Processor Board signal “1.9V POL Current”= [0.0 0.9029253 0.0 0.0 0.0 0.0 0.0 0.0]
var_name = Last measurement in raw DN for Processor Board signal “1.9V POL Current”
var_name = current_1.9V_pol
Header info = 1277
Transformed value for current_1.9V_pol = 1153.0356081
Matching row  18
coeffs for Last measurement in raw DN for Processor Board signal “ProcBd Temp1”= [162.8276 -0.2668687 0.0003323794 -2.43153e-07 9.034532e-11 -1.327735e-14
 0.0 0.0]
var_name = Last measurement in raw DN for Processor Board signal “ProcBd Temp1”
var_name = temperature_1
Header info = 1249
Transformed value for temperature_1 = 53.758669009495584
Matching row  18
coeffs for nan= [-104713.9 52.02446 -0.006463374 0.0 0.0 0.0 0.0 0.0]
var_name = nan
var_name = None
KeyError: (16, None) - Could not find entry for None, 48. Please check the Var_notes or variable mapping.
Matching row  18
coeffs for Last measurement in raw DN for Processor Board signal “ProcBd Temp2”= [162.8276 -0.2668687 0.0003323794 -2.43153e-07 9.034532e-11 -1.327735e-14
 0.0 0.0]
var_name = Last measurement in raw DN for Processor Board signal “ProcBd Temp2”
var_name = temperature_2
Header info = 1619
Transformed value for temperature_2 = 43.15653389726231
Matching row  18
coeffs for Last measurement in raw DN for Processor Board signal “1V Voltage”= [0.0 0.000805861 0.0 0.0 0.0 0.0 0.0 0.0]
var_name = Last measurement in raw DN for Processor Board signal “1V Voltage”
var_name = voltage_1V_bus
Header info = 1242
Transformed value for voltage_1V_bus = 1.0008793619999998
Matching row  18
coeffs for Last measurement in raw DN for Processor Board signal “FPGA Temp”= [358.31 -0.1187104 0.0 0.0 0.0 0.0 0.0 0.0]
var_name = Last measurement in raw DN for Processor Board signal “FPGA Temp”
var_name = fpga_temperature
Header info = 2576
Transformed value for fpga_temperature = 52.5120096
Matching row  18
coeffs for Last measurement in raw DN for Processor Board signal “1.9V Voltage”= [0.0 0.000805861 0.0 0.0 0.0 0.0 0.0 0.0]
var_name = Last measurement in raw DN for Processor Board signal “1.9V Voltage”
var_name = voltage_1.9V_bus
Header info = 2328
Transformed value for voltage_1.9V_bus = 1.8760444079999998
Matching row  18
coeffs for Last measurement in raw DN for Processor Board signal “3.3V Voltage”= [0.0 0.001611722 0.0 0.0 0.0 0.0 0.0 0.0]
var_name = Last measurement in raw DN for Processor Board signal “3.3V Voltage”
var_name = voltage_3.3V_bus
Header info = 2040
Transformed value for voltage_3.3V_bus = 3.28791288
Matching row  18
coeffs for Last measurement in raw DN for HVPS Board signal “Detector Voltage”= [0.0 1.4652 0.0 0.0 0.0 0.0 0.0 0.0]
var_name = Last measurement in raw DN for HVPS Board signal “Detector Voltage”
var_name = detector_voltage
Header info = 1641
Transformed value for detector_voltage = 2404.3932
Matching row  18
coeffs for Last measurement in raw DN for HVPS Board signal “Sensor Voltage"= [0.0 1.4652 0.0 0.0 0.0 0.0 0.0 0.0]
var_name = Last measurement in raw DN for HVPS Board signal “Sensor Voltage"
var_name = sensor_voltage
Header info = 2012
Transformed value for sensor_voltage = 2947.9824000000003
Matching row  18
coeffs for Last measurement in raw DN for HVPS Board signal “Target Voltage”= [0.0 1.4652 0.0 0.0 0.0 0.0 0.0 0.0]
var_name = Last measurement in raw DN for HVPS Board signal “Target Voltage”
var_name = target_voltage
Header info = 1710
Transformed value for target_voltage = 2505.492
Matching row  18
coeffs for Last measurement in raw DN for HVPS Board signal “Reflectron Voltage”= [0.0 1.4652 0.0 0.0 0.0 0.0 0.0 0.0]
var_name = Last measurement in raw DN for HVPS Board signal “Reflectron Voltage”
var_name = reflectron_voltage
Header info = 135
Transformed value for reflectron_voltage = 197.80200000000002
Matching row  18
coeffs for Last measurement in raw DN for HVPS Board signal “Rejection Voltage”= [0.0 1.4652 0.0 0.0 0.0 0.0 0.0 0.0]
var_name = Last measurement in raw DN for HVPS Board signal “Rejection Voltage”
var_name = rejection_voltage
Header info = 2010
Transformed value for rejection_voltage = 2945.052
Matching row  18
coeffs for Last measurement in raw DN for HVPS Board signal “Detector Current”= [0.0 7.326e-06 0.0 0.0 0.0 0.0 0.0 0.0]
var_name = Last measurement in raw DN for HVPS Board signal “Detector Current”
var_name = current_hvps_sensor
Header info = 2339
Transformed value for current_hvps_sensor = 0.017135514
Matching row  18
coeffs for Last measurement in raw DN for HVPS Board signal “Sensor IP”= [0.0 2.4339e-05 0.0 0.0 0.0 0.0 0.0 0.0]
var_name = Last measurement in raw DN for HVPS Board signal “Sensor IP”
var_name = positive_current_hvps
Header info = 2704
Transformed value for positive_current_hvps = 0.065812656
Matching row  18
coeffs for Last measurement in raw DN for HVPS Board signal “Sensor IN”= [0.0 2.4339e-05 0.0 0.0 0.0 0.0 0.0 0.0]
var_name = Last measurement in raw DN for HVPS Board signal “Sensor IN”
var_name = negative_current_hvps
Header info = 305
Transformed value for negative_current_hvps = 0.007423394999999999
Matching row  18
coeffs for Last measurement in raw DN for LVPS Board signal “P3.3VREF_HK”= [0.0 0.00161172 0.0 0.0 0.0 0.0 0.0 0.0]
var_name = Last measurement in raw DN for LVPS Board signal “P3.3VREF_HK”
var_name = voltage_3V3_ref
Header info = 2048
Transformed value for voltage_3V3_ref = 3.30080256
Matching row  18
coeffs for Last measurement in raw DN for LVPS Board signal “P3.3VREF_OP”= [0.0 0.00161172 0.0 0.0 0.0 0.0 0.0 0.0]
var_name = Last measurement in raw DN for LVPS Board signal “P3.3VREF_OP”
var_name = voltage_3V3_op_ref
Header info = 2048
Transformed value for voltage_3V3_op_ref = 3.30080256
Matching row  18
coeffs for Last measurement in raw DN for LVPS Board signal “N6V”= [-33.0 0.00886447 0.0 0.0 0.0 0.0 0.0 0.0]
var_name = Last measurement in raw DN for LVPS Board signal “N6V”
var_name = voltage_neg6V_bus
Header info = 3002
Transformed value for voltage_neg6V_bus = -6.3888610600000035
Matching row  18
coeffs for Last measurement in raw DN for LVPS Board signal “P6V”= [0.0 0.00241758 0.0 0.0 0.0 0.0 0.0 0.0]
var_name = Last measurement in raw DN for LVPS Board signal “P6V”
var_name = voltage_pos6V_bus
Header info = 2622
Transformed value for voltage_pos6V_bus = 6.33889476
Matching row  18
coeffs for Last measurement in raw DN for LVPS Board signal “P16V”= [0.0 0.00482711 0.0 0.0 0.0 0.0 0.0 0.0]
var_name = Last measurement in raw DN for LVPS Board signal “P16V”
var_name = voltage_pos16V_bus
Header info = 3178
Transformed value for voltage_pos16V_bus = 15.34055558
Matching row  18
coeffs for Last measurement in raw DN for LVPS Board signal “P3.3V”= [0.0 0.00161172 0.0 0.0 0.0 0.0 0.0 0.0]
var_name = Last measurement in raw DN for LVPS Board signal “P3.3V”
var_name = voltage_pos3V3_bus
Header info = 2056
Transformed value for voltage_pos3V3_bus = 3.31369632
Matching row  18
coeffs for Last measurement in raw DN for LVPS Board signal “N5V”= [-33.0 0.00886447 0.0 0.0 0.0 0.0 0.0 0.0]
var_name = Last measurement in raw DN for LVPS Board signal “N5V”
var_name = voltage_neg5V_bus
Header info = 3155
Transformed value for voltage_neg5V_bus = -5.032597150000001
Matching row  18
coeffs for Last measurement in raw DN for LVPS Board signal “P5V”= [0.0 0.00161172 0.0 0.0 0.0 0.0 0.0 0.0]
var_name = Last measurement in raw DN for LVPS Board signal “P5V”
var_name = voltage_pos5V_bus
Header info = 3137
Transformed value for voltage_pos5V_bus = 5.05596564
Matching row  18
coeffs for Last measurement in raw DN for LVPS Board signal “P3.3_IMON”= [0.0 0.00161172 0.0 0.0 0.0 0.0 0.0 0.0]
var_name = Last measurement in raw DN for LVPS Board signal “P3.3_IMON”
var_name = current_3V3_bus
Header info = 1679
Transformed value for current_3V3_bus = 2.70607788
Matching row  18
coeffs for Last measurement in raw DN for LVPS Board signal “P16V_IMON”= [0.0 0.000161172 0.0 0.0 0.0 0.0 0.0 0.0]
var_name = Last measurement in raw DN for LVPS Board signal “P16V_IMON”
var_name = current_16V_bus
Header info = 1184
Transformed value for current_16V_bus = 0.19082764800000002
Matching row  18
coeffs for Last measurement in raw DN for LVPS Board signal “P6V_IMON”= [0.0 8.05861e-05 0.0 0.0 0.0 0.0 0.0 0.0]
var_name = Last measurement in raw DN for LVPS Board signal “P6V_IMON”
var_name = current_6V_bus
Header info = 1531
Transformed value for current_6V_bus = 0.1233773191
Matching row  18
coeffs for Last measurement in raw DN for LVPS Board signal “N6V_IMON”= [0.0 -8.05861e-05 0.0 0.0 0.0 0.0 0.0 0.0]
var_name = Last measurement in raw DN for LVPS Board signal “N6V_IMON”
var_name = current_neg6V_bus
Header info = 1184
Transformed value for current_neg6V_bus = -0.09541394239999999
Matching row  18
coeffs for Last measurement in raw DN for LVPS Board signal “P5V_IMON”= [0.0 4.029304e-05 0.0 0.0 0.0 0.0 0.0 0.0]
var_name = Last measurement in raw DN for LVPS Board signal “P5V_IMON”
var_name = current_5V_bus
Header info = 1953
Transformed value for current_5V_bus = 0.07869230712
Matching row  18
coeffs for Last measurement in raw DN for LVPS Board signal “N5V_IMON”= [0.0 -2.01465e-05 0.0 0.0 0.0 0.0 0.0 0.0]
var_name = Last measurement in raw DN for LVPS Board signal “N5V_IMON”
var_name = current_neg5V_bus
Header info = 3466
Transformed value for current_neg5V_bus = -0.069827769
Matching row  18
coeffs for Last measurement in raw DN for LVPS Board signal “P2.5V_IMON”= [0.0 0.00161172 0.0 0.0 0.0 0.0 0.0 0.0]
var_name = Last measurement in raw DN for LVPS Board signal “P2.5V_IMON”
var_name = current_2V5_bus
Header info = 453
Transformed value for current_2V5_bus = 0.73010916
Matching row  18
coeffs for Last measurement in raw DN for LVPS Board signal “N2.5V_IMON”= [0.0 -4.0293e-05 0.0 0.0 0.0 0.0 0.0 0.0]
var_name = Last measurement in raw DN for LVPS Board signal “N2.5V_IMON”
var_name = current_neg2V5_bus
Header info = 2943
Transformed value for current_neg2V5_bus = -0.118582299
Matching row  18
coeffs for Last measurement in raw DN for LVPS Board signal “THERM_DECON0”= [-110.293 0.0665351 0.000305738 -6.32048e-07 5.9934e-10 -2.98784e-13
 7.61361e-17 -7.76467e-21]
var_name = Last measurement in raw DN for LVPS Board signal “THERM_DECON0”
var_name = None
KeyError: (16, None) - Could not find entry for None, 38. Please check the Var_notes or variable mapping.
Matching row  18
coeffs for Last measurement in raw DN for LVPS Board signal “THERM_DECON1”= [-150.478 0.376986 -0.00062072 7.73853e-07 -5.81588e-10 2.56368e-13
 -6.05698e-17 5.96635e-21]
var_name = Last measurement in raw DN for LVPS Board signal “THERM_DECON1”
var_name = None
KeyError: (16, None) - Could not find entry for None, 39. Please check the Var_notes or variable mapping.
Matching row  18
coeffs for Last measurement in raw DN for LVPS Board signal “THERM_DAB”= [-443.248 1.31224 -0.00180422 1.40016e-06 -6.43766e-10 1.7448e-13
 -2.57695e-17 1.60239e-21]
var_name = Last measurement in raw DN for LVPS Board signal “THERM_DAB”
var_name = None
KeyError: (16, None) - Could not find entry for None, 40. Please check the Var_notes or variable mapping.
Matching row  18
coeffs for Last measurement in raw DN for LVPS Board signal “THERM_LVPS”= [200.4137 -0.2020699 0.000175403 -9.739547e-08 2.888932e-11 -3.545603e-15
 0.0 0.0]
var_name = Last measurement in raw DN for LVPS Board signal “THERM_LVPS”
var_name = None
KeyError: (16, None) - Could not find entry for None, 41. Please check the Var_notes or variable mapping.
Matching row  18
coeffs for Last measurement in raw DN for LVPS Board signal “THERM_HVPS”= [200.4137 -0.2020699 0.000175403 -9.739547e-08 2.888932e-11 -3.545603e-15
 0.0 0.0]
var_name = Last measurement in raw DN for LVPS Board signal “THERM_HVPS”
var_name = None
KeyError: (16, None) - Could not find entry for None, 45. Please check the Var_notes or variable mapping.
Matching row  18
coeffs for Last measurement in raw DN for LVPS Board signal “P2.5V”= [0.0 0.00161172 0.0 0.0 0.0 0.0 0.0 0.0]
var_name = Last measurement in raw DN for LVPS Board signal “P2.5V”
var_name = None
KeyError: (16, None) - Could not find entry for None, 49. Please check the Var_notes or variable mapping.
Matching row  18
coeffs for Last measurement in raw DN for LVPS Board signal “N2.5V”= [-33.0 0.00886447 0.0 0.0 0.0 0.0 0.0 0.0]
var_name = Last measurement in raw DN for LVPS Board signal “N2.5V”
var_name = None
KeyError: (16, None) - Could not find entry for None, 50. Please check the Var_notes or variable mapping.
Matching row  18
coeffs for Last measurement in raw DN for LVPS Board signal “Spare”= [0.0 0.00161172 0.0 0.0 0.0 0.0 0.0 0.0]
var_name = Last measurement in raw DN for LVPS Board signal “Spare”
var_name = spare_signal
KeyError: (16, 'spare_signal') - Could not find entry for spare_signal, 51. Please check the Var_notes or variable mapping.
High gain delay = 57 samples.
Mid gain delay = 23 samples.
Low gain delay = 23 samples.
High sampling trigger mode =  0 0 1
High gain trigger mode enabled.
For 2264924160, HG Trigger level = 0.15605999999999998, sample settings = 0, 0
Threshold trigger mode enabled for high gain channel.
AID = 2415085345
Event number = 116
Rice compression enabled = False
Timestamp = 440199745.76208 seconds since epoch (Midnight January 1st, 2010)
Trigger time = 2023-12-13T21:42:25.762080Z
16
16
16
16
16
16
16
16
16
16
16
16
16
{'SHCOARSE': ParsedDataItem(SHCOARSE, raw=440202833, derived=440202833, unit=dn), 'SHFINE': ParsedDataItem(SHFINE, raw=8833, derived=8833, unit=dn), 'IDX__SCI0AID': ParsedDataItem(IDX__SCI0AID, raw=2415085345, derived=2415085345, unit=None), 'IDX__SCI0TYPE': ParsedDataItem(IDX__SCI0TYPE, raw=1, derived=1, unit=None), 'IDX__SCI0CONT': ParsedDataItem(IDX__SCI0CONT, raw=127, derived=127, unit=None), 'IDX__SCI0SPARE1': ParsedDataItem(IDX__SCI0SPARE1, raw=0, derived=0, unit=None), 'IDX__SCI0PACK': ParsedDataItem(IDX__SCI0PACK, raw=1, derived=EN, unit=None), 'IDX__SCI0FRAG': ParsedDataItem(IDX__SCI0FRAG, raw=0, derived=DS, unit=None), 'IDX__SCI0COMP': ParsedDataItem(IDX__SCI0COMP, raw=0, derived=DS, unit=None), 'IDX__SCI0EVTNUM': ParsedDataItem(IDX__SCI0EVTNUM, raw=117, derived=117, unit=None), 'IDX__SCI0CAT': ParsedDataItem(IDX__SCI0CAT, raw=32, derived=32, unit=None), 'IDX__SCI0QUAL': ParsedDataItem(IDX__SCI0QUAL, raw=5, derived=5, unit=None), 'IDX__SCI0FRAGOFF': ParsedDataItem(IDX__SCI0FRAGOFF, raw=0, derived=0, unit=None), 'IDX__SCI0VER': ParsedDataItem(IDX__SCI0VER, raw=9, derived=9, unit=None), 'IDX__SCI0TIME32': ParsedDataItem(IDX__SCI0TIME32, raw=440200066, derived=440200066, unit=None), 'IDX__SCI0SPARE2': ParsedDataItem(IDX__SCI0SPARE2, raw=0, derived=0, unit=None), 'IDX__SCI0SPARE3': ParsedDataItem(IDX__SCI0SPARE3, raw=0, derived=0, unit=None), 'IDX__SCI0SPARE4': ParsedDataItem(IDX__SCI0SPARE4, raw=0, derived=0, unit=None), 'IDX__TXHDRSCIEVTLEN': ParsedDataItem(IDX__TXHDRSCIEVTLEN, raw=8320, derived=8320, unit=None), 'IDX__TXHDRSP00': ParsedDataItem(IDX__TXHDRSP00, raw=0, derived=0, unit=None), 'IDX__TXHDRTIMESEC1': ParsedDataItem(IDX__TXHDRTIMESEC1, raw=6716, derived=6716, unit=None), 'IDX__TXHDRTIMESEC2': ParsedDataItem(IDX__TXHDRTIMESEC2, raw=60290, derived=60290, unit=None), 'IDX__TXHDRTIMESUBS': ParsedDataItem(IDX__TXHDRTIMESUBS, raw=14333, derived=14333, unit=None), 'IDX__TXHDRSP01': ParsedDataItem(IDX__TXHDRSP01, raw=0, derived=0, unit=None), 'IDX__TXHDRTRIGOFFSET': ParsedDataItem(IDX__TXHDRTRIGOFFSET, raw=1, derived=1, unit=None), 'IDX__TXHDRSP02': ParsedDataItem(IDX__TXHDRSP02, raw=0, derived=0, unit=None), 'IDX__TXHDRTRIGID': ParsedDataItem(IDX__TXHDRTRIGID, raw=1, derived=1, unit=None), 'IDX__TXHDREVTNUM': ParsedDataItem(IDX__TXHDREVTNUM, raw=117, derived=117, unit=None), 'IDX__TXHDRBLOCKS': ParsedDataItem(IDX__TXHDRBLOCKS, raw=243679, derived=243679, unit=None), 'IDX__TXHDRHGTRIGCTRL1': ParsedDataItem(IDX__TXHDRHGTRIGCTRL1, raw=2264924160, derived=2264924160, unit=None), 'IDX__TXHDRHGTRIGCTRL2': ParsedDataItem(IDX__TXHDRHGTRIGCTRL2, raw=0, derived=0, unit=None), 'IDX__TXHDRLGTRIGCTRL1': ParsedDataItem(IDX__TXHDRLGTRIGCTRL1, raw=4294965248, derived=4294965248, unit=None), 'IDX__TXHDRLGTRIGCTRL2': ParsedDataItem(IDX__TXHDRLGTRIGCTRL2, raw=4278255360, derived=4278255360, unit=None), 'IDX__TXHDRMGTRIGCTRL1': ParsedDataItem(IDX__TXHDRMGTRIGCTRL1, raw=4294965248, derived=4294965248, unit=None), 'IDX__TXHDRMGTRIGCTRL2': ParsedDataItem(IDX__TXHDRMGTRIGCTRL2, raw=4278255360, derived=4278255360, unit=None), 'IDX__TXHDRSP03': ParsedDataItem(IDX__TXHDRSP03, raw=0, derived=0, unit=None), 'IDX__TXHDRLSADC': ParsedDataItem(IDX__TXHDRLSADC, raw=1048320, derived=1048320, unit=None), 'IDX__TXHDRPOLSTAT': ParsedDataItem(IDX__TXHDRPOLSTAT, raw=1, derived=NEG, unit=None), 'IDX__TXHDRSP04': ParsedDataItem(IDX__TXHDRSP04, raw=0, derived=0, unit=None), 'IDX__TXHDRPOLCTRL': ParsedDataItem(IDX__TXHDRPOLCTRL, raw=0, derived=POS, unit=None), 'IDX__TXHDRCOINENA': ParsedDataItem(IDX__TXHDRCOINENA, raw=0, derived=DIS, unit=None), 'IDX__TXHDRLSTRIGMODE': ParsedDataItem(IDX__TXHDRLSTRIGMODE, raw=0, derived=DIS, unit=None), 'IDX__TXHDRMGTRIGMODE': ParsedDataItem(IDX__TXHDRMGTRIGMODE, raw=0, derived=0, unit=None), 'IDX__TXHDRLGTRIGMODE': ParsedDataItem(IDX__TXHDRLGTRIGMODE, raw=0, derived=0, unit=None), 'IDX__TXHDRHGTRIGMODE': ParsedDataItem(IDX__TXHDRHGTRIGMODE, raw=1, derived=1, unit=None), 'IDX__TXHDRSP05': ParsedDataItem(IDX__TXHDRSP05, raw=0, derived=0, unit=None), 'IDX__TXHDRSP06': ParsedDataItem(IDX__TXHDRSP06, raw=0, derived=0, unit=None), 'IDX__TXHDRSP07': ParsedDataItem(IDX__TXHDRSP07, raw=2018, derived=2018, unit=None), 'IDX__TXHDRSP08': ParsedDataItem(IDX__TXHDRSP08, raw=0, derived=0, unit=None), 'IDX__TXHDRTOFMAX': ParsedDataItem(IDX__TXHDRTOFMAX, raw=554179583, derived=554179583, unit=None), 'IDX__TXHDRTOFMIN': ParsedDataItem(IDX__TXHDRTOFMIN, raw=535295475, derived=535295475, unit=None), 'IDX__TXHDRLS0MAXMIN': ParsedDataItem(IDX__TXHDRLS0MAXMIN, raw=13186462, derived=13186462, unit=None), 'IDX__TXHDRLS1MAXMIN': ParsedDataItem(IDX__TXHDRLS1MAXMIN, raw=8452073, derived=8452073, unit=None), 'IDX__TXHDRLS2MAXMIN': ParsedDataItem(IDX__TXHDRLS2MAXMIN, raw=8435677, derived=8435677, unit=None), 'IDX__TXHDRFIFODELAY': ParsedDataItem(IDX__TXHDRFIFODELAY, raw=17, derived=17, unit=None), 'IDX__TXHDRSAMPDELAY': ParsedDataItem(IDX__TXHDRSAMPDELAY, raw=7347241, derived=7347241, unit=None), 'IDX__TXHDRTRANSCNT': ParsedDataItem(IDX__TXHDRTRANSCNT, raw=16, derived=16, unit=None), 'IDX__TXHDRPROCHKCH01': ParsedDataItem(IDX__TXHDRPROCHKCH01, raw=83624771, derived=83624771, unit=None), 'IDX__TXHDRPROCHKCH23': ParsedDataItem(IDX__TXHDRPROCHKCH23, raw=105645275, derived=105645275, unit=None), 'IDX__TXHDRPROCHKCH45': ParsedDataItem(IDX__TXHDRPROCHKCH45, raw=168756442, derived=168756442, unit=None), 'IDX__TXHDRPROCHKCH67': ParsedDataItem(IDX__TXHDRPROCHKCH67, raw=133695768, derived=133695768, unit=None), 'IDX__TXHDRHVPSHKCH01': ParsedDataItem(IDX__TXHDRHVPSHKCH01, raw=131860073, derived=131860073, unit=None), 'IDX__TXHDRHVPSHKCH23': ParsedDataItem(IDX__TXHDRHVPSHKCH23, raw=8849070, derived=8849070, unit=None), 'IDX__TXHDRHVPSHKCH45': ParsedDataItem(IDX__TXHDRHVPSHKCH45, raw=153225178, derived=153225178, unit=None), 'IDX__TXHDRHVPSHKCH67': ParsedDataItem(IDX__TXHDRHVPSHKCH67, raw=19991184, derived=19991184, unit=None), 'IDX__TXHDRLVHK0CH01': ParsedDataItem(IDX__TXHDRLVHK0CH01, raw=134219776, derived=134219776, unit=None), 'IDX__TXHDRLVHK0CH23': ParsedDataItem(IDX__TXHDRLVHK0CH23, raw=171838394, derived=171838394, unit=None), 'IDX__TXHDRLVHK0CH45': ParsedDataItem(IDX__TXHDRLVHK0CH45, raw=134745193, derived=134745193, unit=None), 'IDX__TXHDRLVHK0CH67': ParsedDataItem(IDX__TXHDRLVHK0CH67, raw=205589587, derived=205589587, unit=None), 'IDX__TXHDRLVHK1CH01': ParsedDataItem(IDX__TXHDRLVHK1CH01, raw=34801295, derived=34801295, unit=None), 'IDX__TXHDRLVHK1CH23': ParsedDataItem(IDX__TXHDRLVHK1CH23, raw=77596156, derived=77596156, unit=None), 'IDX__TXHDRLVHK1CH45': ParsedDataItem(IDX__TXHDRLVHK1CH45, raw=227215266, derived=227215266, unit=None), 'IDX__TXHDRLVHK1CH67': ParsedDataItem(IDX__TXHDRLVHK1CH67, raw=192872901, derived=192872901, unit=None), 'IDX__TXHDRLVHK2CH01': ParsedDataItem(IDX__TXHDRLVHK2CH01, raw=81134808, derived=81134808, unit=None), 'IDX__TXHDRLVHK2CH23': ParsedDataItem(IDX__TXHDRLVHK2CH23, raw=191302305, derived=191302305, unit=None), 'IDX__TXHDRLVHK2CH45': ParsedDataItem(IDX__TXHDRLVHK2CH45, raw=100994106, derived=100994106, unit=None), 'IDX__TXHDRLVHK2CH67': ParsedDataItem(IDX__TXHDRLVHK2CH67, raw=69016, derived=69016, unit=None), 'IDX__TXHDRSP09': ParsedDataItem(IDX__TXHDRSP09, raw=0, derived=0, unit=None), 'IDX__TXHDRSP10': ParsedDataItem(IDX__TXHDRSP10, raw=0, derived=0, unit=None), 'IDX__TXHDRFSWAIDCOPY': ParsedDataItem(IDX__TXHDRFSWAIDCOPY, raw=2415085345, derived=2415085345, unit=None), 'IDX__TXHDRFSWBINCOPY': ParsedDataItem(IDX__TXHDRFSWBINCOPY, raw=0, derived=0, unit=None), 'IDX__TXHDRFSWMAJOR': ParsedDataItem(IDX__TXHDRFSWMAJOR, raw=2, derived=2, unit=None), 'IDX__TXHDRFSWMINOR': ParsedDataItem(IDX__TXHDRFSWMINOR, raw=0, derived=0, unit=None), 'IDX__TXHDRFSWPATCH': ParsedDataItem(IDX__TXHDRFSWPATCH, raw=0, derived=0, unit=None), 'IDX__TXHDRFSWHVSTAT': ParsedDataItem(IDX__TXHDRFSWHVSTAT, raw=3, derived=3, unit=None), 'IDX__TXHDRFSWMEM0': ParsedDataItem(IDX__TXHDRFSWMEM0, raw=0, derived=0, unit=None), 'IDX__TXHDRFSWMEM1': ParsedDataItem(IDX__TXHDRFSWMEM1, raw=0, derived=0, unit=None), 'IDX__TXHDRFSWPT0': ParsedDataItem(IDX__TXHDRFSWPT0, raw=0, derived=0, unit=None), 'IDX__TXHDRFSWPT1': ParsedDataItem(IDX__TXHDRFSWPT1, raw=0, derived=0, unit=None), 'IDX__TXHDRFSWPT2': ParsedDataItem(IDX__TXHDRFSWPT2, raw=0, derived=0, unit=None), 'IDX__TXHDRFSWPT3': ParsedDataItem(IDX__TXHDRFSWPT3, raw=0, derived=0, unit=None), 'IDX__TXHDRFSWPT4': ParsedDataItem(IDX__TXHDRFSWPT4, raw=0, derived=0, unit=None), 'IDX__TXHDRFSWPT5': ParsedDataItem(IDX__TXHDRFSWPT5, raw=0, derived=0, unit=None), 'IDX__TXHDRFSWPT6': ParsedDataItem(IDX__TXHDRFSWPT6, raw=0, derived=0, unit=None), 'IDX__TXHDRFSWPT7': ParsedDataItem(IDX__TXHDRFSWPT7, raw=0, derived=0, unit=None), 'IDX__TXHDRFSWPT8': ParsedDataItem(IDX__TXHDRFSWPT8, raw=0, derived=0, unit=None), 'IDX__TXHDRFSWPT9': ParsedDataItem(IDX__TXHDRFSWPT9, raw=0, derived=0, unit=None), 'IDX__TXHDRFPGAVER': ParsedDataItem(IDX__TXHDRFPGAVER, raw=539165480, derived=539165480, unit=None), 'IDX__SYNCSCI0PKT': ParsedDataItem(IDX__SYNCSCI0PKT, raw=13107, derived=13107, unit=None), 'IDX__CRCSCI0PKT': ParsedDataItem(IDX__CRCSCI0PKT, raw=61220, derived=61220, unit=None)}
SHCOARSE = 440202833
SHFINE = 8833
IDX__SCI0AID = 2415085345
IDX__SCI0TYPE = 1
IDX__SCI0CONT = 127
IDX__SCI0SPARE1 = 0
IDX__SCI0PACK = EN
IDX__SCI0FRAG = DS
IDX__SCI0COMP = DS
IDX__SCI0EVTNUM = 117
IDX__SCI0CAT = 32
IDX__SCI0QUAL = 5
IDX__SCI0FRAGOFF = 0
IDX__SCI0VER = 9
IDX__SCI0TIME32 = 440200066
IDX__SCI0SPARE2 = 0
IDX__SCI0SPARE3 = 0
IDX__SCI0SPARE4 = 0
IDX__TXHDRSCIEVTLEN = 8320
IDX__TXHDRSP00 = 0
IDX__TXHDRTIMESEC1 = 6716
IDX__TXHDRTIMESEC2 = 60290
IDX__TXHDRTIMESUBS = 14333
IDX__TXHDRSP01 = 0
IDX__TXHDRTRIGOFFSET = 1
IDX__TXHDRSP02 = 0
IDX__TXHDRTRIGID = 1
IDX__TXHDREVTNUM = 117
IDX__TXHDRBLOCKS = 243679
IDX__TXHDRHGTRIGCTRL1 = 2264924160
IDX__TXHDRHGTRIGCTRL2 = 0
IDX__TXHDRLGTRIGCTRL1 = 4294965248
IDX__TXHDRLGTRIGCTRL2 = 4278255360
IDX__TXHDRMGTRIGCTRL1 = 4294965248
IDX__TXHDRMGTRIGCTRL2 = 4278255360
IDX__TXHDRSP03 = 0
IDX__TXHDRLSADC = 1048320
IDX__TXHDRPOLSTAT = NEG
IDX__TXHDRSP04 = 0
IDX__TXHDRPOLCTRL = POS
IDX__TXHDRCOINENA = DIS
IDX__TXHDRLSTRIGMODE = DIS
IDX__TXHDRMGTRIGMODE = 0
IDX__TXHDRLGTRIGMODE = 0
IDX__TXHDRHGTRIGMODE = 1
IDX__TXHDRSP05 = 0
IDX__TXHDRSP06 = 0
IDX__TXHDRSP07 = 2018
IDX__TXHDRSP08 = 0
IDX__TXHDRTOFMAX = 554179583
IDX__TXHDRTOFMIN = 535295475
IDX__TXHDRLS0MAXMIN = 13186462
IDX__TXHDRLS1MAXMIN = 8452073
IDX__TXHDRLS2MAXMIN = 8435677
IDX__TXHDRFIFODELAY = 17
IDX__TXHDRSAMPDELAY = 7347241
IDX__TXHDRTRANSCNT = 16
IDX__TXHDRPROCHKCH01 = 83624771
IDX__TXHDRPROCHKCH23 = 105645275
IDX__TXHDRPROCHKCH45 = 168756442
IDX__TXHDRPROCHKCH67 = 133695768
IDX__TXHDRHVPSHKCH01 = 131860073
IDX__TXHDRHVPSHKCH23 = 8849070
IDX__TXHDRHVPSHKCH45 = 153225178
IDX__TXHDRHVPSHKCH67 = 19991184
IDX__TXHDRLVHK0CH01 = 134219776
IDX__TXHDRLVHK0CH23 = 171838394
IDX__TXHDRLVHK0CH45 = 134745193
IDX__TXHDRLVHK0CH67 = 205589587
IDX__TXHDRLVHK1CH01 = 34801295
IDX__TXHDRLVHK1CH23 = 77596156
IDX__TXHDRLVHK1CH45 = 227215266
IDX__TXHDRLVHK1CH67 = 192872901
IDX__TXHDRLVHK2CH01 = 81134808
IDX__TXHDRLVHK2CH23 = 191302305
IDX__TXHDRLVHK2CH45 = 100994106
IDX__TXHDRLVHK2CH67 = 69016
IDX__TXHDRSP09 = 0
IDX__TXHDRSP10 = 0
IDX__TXHDRFSWAIDCOPY = 2415085345
IDX__TXHDRFSWBINCOPY = 0
IDX__TXHDRFSWMAJOR = 2
IDX__TXHDRFSWMINOR = 0
IDX__TXHDRFSWPATCH = 0
IDX__TXHDRFSWHVSTAT = 3
IDX__TXHDRFSWMEM0 = 0
IDX__TXHDRFSWMEM1 = 0
IDX__TXHDRFSWPT0 = 0
IDX__TXHDRFSWPT1 = 0
IDX__TXHDRFSWPT2 = 0
IDX__TXHDRFSWPT3 = 0
IDX__TXHDRFSWPT4 = 0
IDX__TXHDRFSWPT5 = 0
IDX__TXHDRFSWPT6 = 0
IDX__TXHDRFSWPT7 = 0
IDX__TXHDRFSWPT8 = 0
IDX__TXHDRFSWPT9 = 0
IDX__TXHDRFPGAVER = 539165480
IDX__SYNCSCI0PKT = 13107
IDX__CRCSCI0PKT = 61220
^*****Event header 17******^
EVTNUM: 17
SCI0TYPE: 1
TXHDRBLOCKS RAW: 243679
TXHDRBLOCKS DERIVED: 243679
-----
HS pre trig sampling blocks:  31
LS pre trig sampling blocks:  3
HS post trig sampling blocks:  31
LS post trig sampling blocks:  11
IDX__TXHDRHVPSHKCH01 = 131860073
Detector voltage =  1641
Sensor voltage =  2012
Target voltage =  1710
Reflectron voltage =  135
Rejection voltage =  2010
Current for HVPS sensor =  2338
Positive current for HVPS sensor =  2704
Negative current for HVPS sensor =  305
Voltage +3.3V reference =  2048
Voltage +3.3V operational reference =  2048
Voltage -6V bus =  3002
Voltage +6V bus =  2622
Voltage +16V bus =  3177
Voltage +3.3V bus =  2056
Voltage -5V bus =  3155
Voltage +5V bus =  3137
Current +3.3V bus =  1679
Current +16V bus =  1184
Current +6V bus =  1532
Current -6V bus =  1184
Current +5V bus =  1954
Current -5V bus =  3467
Current +2.5V bus =  453
Current -2.5V bus =  2943
Current on the 1V POL =  835
Current on the 1.9V POL =  1276
ProcBd Temperature 1 =  1243
ProcBd Temperature 2 =  1612
Voltage on 1V bus =  1242
FPGA Temperature =  2575
Voltage on 1.9V bus =  2328
Voltage on 3.3V bus =  2040
var_to_row = {'Last measurement in raw DN for Processor Board signal “1V POL Current”': 0, 'Last measurement in raw DN for Processor Board signal “1.9V POL Current”': 1, 'Last measurement in raw DN for Processor Board signal “ProcBd Temp1”': 2, nan: 48, 'Last measurement in raw DN for Processor Board signal “ProcBd Temp2”': 6, 'Last measurement in raw DN for Processor Board signal “1V Voltage”': 10, 'Last measurement in raw DN for Processor Board signal “FPGA Temp”': 11, 'Last measurement in raw DN for Processor Board signal “1.9V Voltage”': 12, 'Last measurement in raw DN for Processor Board signal “3.3V Voltage”': 13, 'Last measurement in raw DN for HVPS Board signal “Detector Voltage”': 14, 'Last measurement in raw DN for HVPS Board signal “Sensor Voltage"': 15, 'Last measurement in raw DN for HVPS Board signal “Target Voltage”': 16, 'Last measurement in raw DN for HVPS Board signal “Reflectron Voltage”': 17, 'Last measurement in raw DN for HVPS Board signal “Rejection Voltage”': 18, 'Last measurement in raw DN for HVPS Board signal “Detector Current”': 19, 'Last measurement in raw DN for HVPS Board signal “Sensor IP”': 20, 'Last measurement in raw DN for HVPS Board signal “Sensor IN”': 21, 'Last measurement in raw DN for LVPS Board signal “P3.3VREF_HK”': 22, 'Last measurement in raw DN for LVPS Board signal “P3.3VREF_OP”': 23, 'Last measurement in raw DN for LVPS Board signal “N6V”': 24, 'Last measurement in raw DN for LVPS Board signal “P6V”': 25, 'Last measurement in raw DN for LVPS Board signal “P16V”': 26, 'Last measurement in raw DN for LVPS Board signal “P3.3V”': 27, 'Last measurement in raw DN for LVPS Board signal “N5V”': 28, 'Last measurement in raw DN for LVPS Board signal “P5V”': 29, 'Last measurement in raw DN for LVPS Board signal “P3.3_IMON”': 30, 'Last measurement in raw DN for LVPS Board signal “P16V_IMON”': 31, 'Last measurement in raw DN for LVPS Board signal “P6V_IMON”': 32, 'Last measurement in raw DN for LVPS Board signal “N6V_IMON”': 33, 'Last measurement in raw DN for LVPS Board signal “P5V_IMON”': 34, 'Last measurement in raw DN for LVPS Board signal “N5V_IMON”': 35, 'Last measurement in raw DN for LVPS Board signal “P2.5V_IMON”': 36, 'Last measurement in raw DN for LVPS Board signal “N2.5V_IMON”': 37, 'Last measurement in raw DN for LVPS Board signal “THERM_DECON0”': 38, 'Last measurement in raw DN for LVPS Board signal “THERM_DECON1”': 39, 'Last measurement in raw DN for LVPS Board signal “THERM_DAB”': 40, 'Last measurement in raw DN for LVPS Board signal “THERM_LVPS”': 41, 'Last measurement in raw DN for LVPS Board signal “THERM_HVPS”': 45, 'Last measurement in raw DN for LVPS Board signal “P2.5V”': 49, 'Last measurement in raw DN for LVPS Board signal “N2.5V”': 50, 'Last measurement in raw DN for LVPS Board signal “Spare”': 51}

 
 ***** var_name being converted for each instrument setting ***** 
 

Matching row  18
coeffs for Last measurement in raw DN for Processor Board signal “1V POL Current”= [0.0 0.9029253 0.0 0.0 0.0 0.0 0.0 0.0]
var_name = Last measurement in raw DN for Processor Board signal “1V POL Current”
var_name = current_1V_pol
Header info = 835
Transformed value for current_1V_pol = 753.9426255000001
Matching row  18
coeffs for Last measurement in raw DN for Processor Board signal “1.9V POL Current”= [0.0 0.9029253 0.0 0.0 0.0 0.0 0.0 0.0]
var_name = Last measurement in raw DN for Processor Board signal “1.9V POL Current”
var_name = current_1.9V_pol
Header info = 1276
Transformed value for current_1.9V_pol = 1152.1326828
Matching row  18
coeffs for Last measurement in raw DN for Processor Board signal “ProcBd Temp1”= [162.8276 -0.2668687 0.0003323794 -2.43153e-07 9.034532e-11 -1.327735e-14
 0.0 0.0]
var_name = Last measurement in raw DN for Processor Board signal “ProcBd Temp1”
var_name = temperature_1
Header info = 1243
Transformed value for temperature_1 = 53.950787803833215
Matching row  18
coeffs for nan= [-104713.9 52.02446 -0.006463374 0.0 0.0 0.0 0.0 0.0]
var_name = nan
var_name = None
KeyError: (17, None) - Could not find entry for None, 48. Please check the Var_notes or variable mapping.
Matching row  18
coeffs for Last measurement in raw DN for Processor Board signal “ProcBd Temp2”= [162.8276 -0.2668687 0.0003323794 -2.43153e-07 9.034532e-11 -1.327735e-14
 0.0 0.0]
var_name = Last measurement in raw DN for Processor Board signal “ProcBd Temp2”
var_name = temperature_2
Header info = 1612
Transformed value for temperature_2 = 43.333252887331014
Matching row  18
coeffs for Last measurement in raw DN for Processor Board signal “1V Voltage”= [0.0 0.000805861 0.0 0.0 0.0 0.0 0.0 0.0]
var_name = Last measurement in raw DN for Processor Board signal “1V Voltage”
var_name = voltage_1V_bus
Header info = 1242
Transformed value for voltage_1V_bus = 1.0008793619999998
Matching row  18
coeffs for Last measurement in raw DN for Processor Board signal “FPGA Temp”= [358.31 -0.1187104 0.0 0.0 0.0 0.0 0.0 0.0]
var_name = Last measurement in raw DN for Processor Board signal “FPGA Temp”
var_name = fpga_temperature
Header info = 2575
Transformed value for fpga_temperature = 52.63072
Matching row  18
coeffs for Last measurement in raw DN for Processor Board signal “1.9V Voltage”= [0.0 0.000805861 0.0 0.0 0.0 0.0 0.0 0.0]
var_name = Last measurement in raw DN for Processor Board signal “1.9V Voltage”
var_name = voltage_1.9V_bus
Header info = 2328
Transformed value for voltage_1.9V_bus = 1.8760444079999998
Matching row  18
coeffs for Last measurement in raw DN for Processor Board signal “3.3V Voltage”= [0.0 0.001611722 0.0 0.0 0.0 0.0 0.0 0.0]
var_name = Last measurement in raw DN for Processor Board signal “3.3V Voltage”
var_name = voltage_3.3V_bus
Header info = 2040
Transformed value for voltage_3.3V_bus = 3.28791288
Matching row  18
coeffs for Last measurement in raw DN for HVPS Board signal “Detector Voltage”= [0.0 1.4652 0.0 0.0 0.0 0.0 0.0 0.0]
var_name = Last measurement in raw DN for HVPS Board signal “Detector Voltage”
var_name = detector_voltage
Header info = 1641
Transformed value for detector_voltage = 2404.3932
Matching row  18
coeffs for Last measurement in raw DN for HVPS Board signal “Sensor Voltage"= [0.0 1.4652 0.0 0.0 0.0 0.0 0.0 0.0]
var_name = Last measurement in raw DN for HVPS Board signal “Sensor Voltage"
var_name = sensor_voltage
Header info = 2012
Transformed value for sensor_voltage = 2947.9824000000003
Matching row  18
coeffs for Last measurement in raw DN for HVPS Board signal “Target Voltage”= [0.0 1.4652 0.0 0.0 0.0 0.0 0.0 0.0]
var_name = Last measurement in raw DN for HVPS Board signal “Target Voltage”
var_name = target_voltage
Header info = 1710
Transformed value for target_voltage = 2505.492
Matching row  18
coeffs for Last measurement in raw DN for HVPS Board signal “Reflectron Voltage”= [0.0 1.4652 0.0 0.0 0.0 0.0 0.0 0.0]
var_name = Last measurement in raw DN for HVPS Board signal “Reflectron Voltage”
var_name = reflectron_voltage
Header info = 135
Transformed value for reflectron_voltage = 197.80200000000002
Matching row  18
coeffs for Last measurement in raw DN for HVPS Board signal “Rejection Voltage”= [0.0 1.4652 0.0 0.0 0.0 0.0 0.0 0.0]
var_name = Last measurement in raw DN for HVPS Board signal “Rejection Voltage”
var_name = rejection_voltage
Header info = 2010
Transformed value for rejection_voltage = 2945.052
Matching row  18
coeffs for Last measurement in raw DN for HVPS Board signal “Detector Current”= [0.0 7.326e-06 0.0 0.0 0.0 0.0 0.0 0.0]
var_name = Last measurement in raw DN for HVPS Board signal “Detector Current”
var_name = current_hvps_sensor
Header info = 2338
Transformed value for current_hvps_sensor = 0.017128188
Matching row  18
coeffs for Last measurement in raw DN for HVPS Board signal “Sensor IP”= [0.0 2.4339e-05 0.0 0.0 0.0 0.0 0.0 0.0]
var_name = Last measurement in raw DN for HVPS Board signal “Sensor IP”
var_name = positive_current_hvps
Header info = 2704
Transformed value for positive_current_hvps = 0.065812656
Matching row  18
coeffs for Last measurement in raw DN for HVPS Board signal “Sensor IN”= [0.0 2.4339e-05 0.0 0.0 0.0 0.0 0.0 0.0]
var_name = Last measurement in raw DN for HVPS Board signal “Sensor IN”
var_name = negative_current_hvps
Header info = 305
Transformed value for negative_current_hvps = 0.007423394999999999
Matching row  18
coeffs for Last measurement in raw DN for LVPS Board signal “P3.3VREF_HK”= [0.0 0.00161172 0.0 0.0 0.0 0.0 0.0 0.0]
var_name = Last measurement in raw DN for LVPS Board signal “P3.3VREF_HK”
var_name = voltage_3V3_ref
Header info = 2048
Transformed value for voltage_3V3_ref = 3.30080256
Matching row  18
coeffs for Last measurement in raw DN for LVPS Board signal “P3.3VREF_OP”= [0.0 0.00161172 0.0 0.0 0.0 0.0 0.0 0.0]
var_name = Last measurement in raw DN for LVPS Board signal “P3.3VREF_OP”
var_name = voltage_3V3_op_ref
Header info = 2048
Transformed value for voltage_3V3_op_ref = 3.30080256
Matching row  18
coeffs for Last measurement in raw DN for LVPS Board signal “N6V”= [-33.0 0.00886447 0.0 0.0 0.0 0.0 0.0 0.0]
var_name = Last measurement in raw DN for LVPS Board signal “N6V”
var_name = voltage_neg6V_bus
Header info = 3002
Transformed value for voltage_neg6V_bus = -6.3888610600000035
Matching row  18
coeffs for Last measurement in raw DN for LVPS Board signal “P6V”= [0.0 0.00241758 0.0 0.0 0.0 0.0 0.0 0.0]
var_name = Last measurement in raw DN for LVPS Board signal “P6V”
var_name = voltage_pos6V_bus
Header info = 2622
Transformed value for voltage_pos6V_bus = 6.33889476
Matching row  18
coeffs for Last measurement in raw DN for LVPS Board signal “P16V”= [0.0 0.00482711 0.0 0.0 0.0 0.0 0.0 0.0]
var_name = Last measurement in raw DN for LVPS Board signal “P16V”
var_name = voltage_pos16V_bus
Header info = 3177
Transformed value for voltage_pos16V_bus = 15.33572847
Matching row  18
coeffs for Last measurement in raw DN for LVPS Board signal “P3.3V”= [0.0 0.00161172 0.0 0.0 0.0 0.0 0.0 0.0]
var_name = Last measurement in raw DN for LVPS Board signal “P3.3V”
var_name = voltage_pos3V3_bus
Header info = 2056
Transformed value for voltage_pos3V3_bus = 3.31369632
Matching row  18
coeffs for Last measurement in raw DN for LVPS Board signal “N5V”= [-33.0 0.00886447 0.0 0.0 0.0 0.0 0.0 0.0]
var_name = Last measurement in raw DN for LVPS Board signal “N5V”
var_name = voltage_neg5V_bus
Header info = 3155
Transformed value for voltage_neg5V_bus = -5.032597150000001
Matching row  18
coeffs for Last measurement in raw DN for LVPS Board signal “P5V”= [0.0 0.00161172 0.0 0.0 0.0 0.0 0.0 0.0]
var_name = Last measurement in raw DN for LVPS Board signal “P5V”
var_name = voltage_pos5V_bus
Header info = 3137
Transformed value for voltage_pos5V_bus = 5.05596564
Matching row  18
coeffs for Last measurement in raw DN for LVPS Board signal “P3.3_IMON”= [0.0 0.00161172 0.0 0.0 0.0 0.0 0.0 0.0]
var_name = Last measurement in raw DN for LVPS Board signal “P3.3_IMON”
var_name = current_3V3_bus
Header info = 1679
Transformed value for current_3V3_bus = 2.70607788
Matching row  18
coeffs for Last measurement in raw DN for LVPS Board signal “P16V_IMON”= [0.0 0.000161172 0.0 0.0 0.0 0.0 0.0 0.0]
var_name = Last measurement in raw DN for LVPS Board signal “P16V_IMON”
var_name = current_16V_bus
Header info = 1184
Transformed value for current_16V_bus = 0.19082764800000002
Matching row  18
coeffs for Last measurement in raw DN for LVPS Board signal “P6V_IMON”= [0.0 8.05861e-05 0.0 0.0 0.0 0.0 0.0 0.0]
var_name = Last measurement in raw DN for LVPS Board signal “P6V_IMON”
var_name = current_6V_bus
Header info = 1532
Transformed value for current_6V_bus = 0.1234579052
Matching row  18
coeffs for Last measurement in raw DN for LVPS Board signal “N6V_IMON”= [0.0 -8.05861e-05 0.0 0.0 0.0 0.0 0.0 0.0]
var_name = Last measurement in raw DN for LVPS Board signal “N6V_IMON”
var_name = current_neg6V_bus
Header info = 1184
Transformed value for current_neg6V_bus = -0.09541394239999999
Matching row  18
coeffs for Last measurement in raw DN for LVPS Board signal “P5V_IMON”= [0.0 4.029304e-05 0.0 0.0 0.0 0.0 0.0 0.0]
var_name = Last measurement in raw DN for LVPS Board signal “P5V_IMON”
var_name = current_5V_bus
Header info = 1954
Transformed value for current_5V_bus = 0.07873260016
Matching row  18
coeffs for Last measurement in raw DN for LVPS Board signal “N5V_IMON”= [0.0 -2.01465e-05 0.0 0.0 0.0 0.0 0.0 0.0]
var_name = Last measurement in raw DN for LVPS Board signal “N5V_IMON”
var_name = current_neg5V_bus
Header info = 3467
Transformed value for current_neg5V_bus = -0.06984791550000001
Matching row  18
coeffs for Last measurement in raw DN for LVPS Board signal “P2.5V_IMON”= [0.0 0.00161172 0.0 0.0 0.0 0.0 0.0 0.0]
var_name = Last measurement in raw DN for LVPS Board signal “P2.5V_IMON”
var_name = current_2V5_bus
Header info = 453
Transformed value for current_2V5_bus = 0.73010916
Matching row  18
coeffs for Last measurement in raw DN for LVPS Board signal “N2.5V_IMON”= [0.0 -4.0293e-05 0.0 0.0 0.0 0.0 0.0 0.0]
var_name = Last measurement in raw DN for LVPS Board signal “N2.5V_IMON”
var_name = current_neg2V5_bus
Header info = 2943
Transformed value for current_neg2V5_bus = -0.118582299
Matching row  18
coeffs for Last measurement in raw DN for LVPS Board signal “THERM_DECON0”= [-110.293 0.0665351 0.000305738 -6.32048e-07 5.9934e-10 -2.98784e-13
 7.61361e-17 -7.76467e-21]
var_name = Last measurement in raw DN for LVPS Board signal “THERM_DECON0”
var_name = None
KeyError: (17, None) - Could not find entry for None, 38. Please check the Var_notes or variable mapping.
Matching row  18
coeffs for Last measurement in raw DN for LVPS Board signal “THERM_DECON1”= [-150.478 0.376986 -0.00062072 7.73853e-07 -5.81588e-10 2.56368e-13
 -6.05698e-17 5.96635e-21]
var_name = Last measurement in raw DN for LVPS Board signal “THERM_DECON1”
var_name = None
KeyError: (17, None) - Could not find entry for None, 39. Please check the Var_notes or variable mapping.
Matching row  18
coeffs for Last measurement in raw DN for LVPS Board signal “THERM_DAB”= [-443.248 1.31224 -0.00180422 1.40016e-06 -6.43766e-10 1.7448e-13
 -2.57695e-17 1.60239e-21]
var_name = Last measurement in raw DN for LVPS Board signal “THERM_DAB”
var_name = None
KeyError: (17, None) - Could not find entry for None, 40. Please check the Var_notes or variable mapping.
Matching row  18
coeffs for Last measurement in raw DN for LVPS Board signal “THERM_LVPS”= [200.4137 -0.2020699 0.000175403 -9.739547e-08 2.888932e-11 -3.545603e-15
 0.0 0.0]
var_name = Last measurement in raw DN for LVPS Board signal “THERM_LVPS”
var_name = None
KeyError: (17, None) - Could not find entry for None, 41. Please check the Var_notes or variable mapping.
Matching row  18
coeffs for Last measurement in raw DN for LVPS Board signal “THERM_HVPS”= [200.4137 -0.2020699 0.000175403 -9.739547e-08 2.888932e-11 -3.545603e-15
 0.0 0.0]
var_name = Last measurement in raw DN for LVPS Board signal “THERM_HVPS”
var_name = None
KeyError: (17, None) - Could not find entry for None, 45. Please check the Var_notes or variable mapping.
Matching row  18
coeffs for Last measurement in raw DN for LVPS Board signal “P2.5V”= [0.0 0.00161172 0.0 0.0 0.0 0.0 0.0 0.0]
var_name = Last measurement in raw DN for LVPS Board signal “P2.5V”
var_name = None
KeyError: (17, None) - Could not find entry for None, 49. Please check the Var_notes or variable mapping.
Matching row  18
coeffs for Last measurement in raw DN for LVPS Board signal “N2.5V”= [-33.0 0.00886447 0.0 0.0 0.0 0.0 0.0 0.0]
var_name = Last measurement in raw DN for LVPS Board signal “N2.5V”
var_name = None
KeyError: (17, None) - Could not find entry for None, 50. Please check the Var_notes or variable mapping.
Matching row  18
coeffs for Last measurement in raw DN for LVPS Board signal “Spare”= [0.0 0.00161172 0.0 0.0 0.0 0.0 0.0 0.0]
var_name = Last measurement in raw DN for LVPS Board signal “Spare”
var_name = spare_signal
KeyError: (17, 'spare_signal') - Could not find entry for spare_signal, 51. Please check the Var_notes or variable mapping.
High gain delay = 41 samples.
Mid gain delay = 7 samples.
Low gain delay = 7 samples.
High sampling trigger mode =  0 0 1
High gain trigger mode enabled.
For 2264924160, HG Trigger level = 0.15605999999999998, sample settings = 0, 0
Threshold trigger mode enabled for high gain channel.
AID = 2415085345
Event number = 117
Rice compression enabled = False
Timestamp = 440200066.28666 seconds since epoch (Midnight January 1st, 2010)
Trigger time = 2023-12-13T21:47:46.286660Z
17
17
17
17
17
17
17
17
17
17
17
17
17
{'SHCOARSE': ParsedDataItem(SHCOARSE, raw=440202846, derived=440202846, unit=dn), 'SHFINE': ParsedDataItem(SHFINE, raw=8842, derived=8842, unit=dn), 'IDX__SCI0AID': ParsedDataItem(IDX__SCI0AID, raw=2415085345, derived=2415085345, unit=None), 'IDX__SCI0TYPE': ParsedDataItem(IDX__SCI0TYPE, raw=1, derived=1, unit=None), 'IDX__SCI0CONT': ParsedDataItem(IDX__SCI0CONT, raw=127, derived=127, unit=None), 'IDX__SCI0SPARE1': ParsedDataItem(IDX__SCI0SPARE1, raw=0, derived=0, unit=None), 'IDX__SCI0PACK': ParsedDataItem(IDX__SCI0PACK, raw=1, derived=EN, unit=None), 'IDX__SCI0FRAG': ParsedDataItem(IDX__SCI0FRAG, raw=0, derived=DS, unit=None), 'IDX__SCI0COMP': ParsedDataItem(IDX__SCI0COMP, raw=0, derived=DS, unit=None), 'IDX__SCI0EVTNUM': ParsedDataItem(IDX__SCI0EVTNUM, raw=118, derived=118, unit=None), 'IDX__SCI0CAT': ParsedDataItem(IDX__SCI0CAT, raw=32, derived=32, unit=None), 'IDX__SCI0QUAL': ParsedDataItem(IDX__SCI0QUAL, raw=5, derived=5, unit=None), 'IDX__SCI0FRAGOFF': ParsedDataItem(IDX__SCI0FRAGOFF, raw=0, derived=0, unit=None), 'IDX__SCI0VER': ParsedDataItem(IDX__SCI0VER, raw=9, derived=9, unit=None), 'IDX__SCI0TIME32': ParsedDataItem(IDX__SCI0TIME32, raw=440200332, derived=440200332, unit=None), 'IDX__SCI0SPARE2': ParsedDataItem(IDX__SCI0SPARE2, raw=0, derived=0, unit=None), 'IDX__SCI0SPARE3': ParsedDataItem(IDX__SCI0SPARE3, raw=0, derived=0, unit=None), 'IDX__SCI0SPARE4': ParsedDataItem(IDX__SCI0SPARE4, raw=0, derived=0, unit=None), 'IDX__TXHDRSCIEVTLEN': ParsedDataItem(IDX__TXHDRSCIEVTLEN, raw=8320, derived=8320, unit=None), 'IDX__TXHDRSP00': ParsedDataItem(IDX__TXHDRSP00, raw=0, derived=0, unit=None), 'IDX__TXHDRTIMESEC1': ParsedDataItem(IDX__TXHDRTIMESEC1, raw=6716, derived=6716, unit=None), 'IDX__TXHDRTIMESEC2': ParsedDataItem(IDX__TXHDRTIMESEC2, raw=60556, derived=60556, unit=None), 'IDX__TXHDRTIMESUBS': ParsedDataItem(IDX__TXHDRTIMESUBS, raw=6845, derived=6845, unit=None), 'IDX__TXHDRSP01': ParsedDataItem(IDX__TXHDRSP01, raw=0, derived=0, unit=None), 'IDX__TXHDRTRIGOFFSET': ParsedDataItem(IDX__TXHDRTRIGOFFSET, raw=1, derived=1, unit=None), 'IDX__TXHDRSP02': ParsedDataItem(IDX__TXHDRSP02, raw=0, derived=0, unit=None), 'IDX__TXHDRTRIGID': ParsedDataItem(IDX__TXHDRTRIGID, raw=1, derived=1, unit=None), 'IDX__TXHDREVTNUM': ParsedDataItem(IDX__TXHDREVTNUM, raw=118, derived=118, unit=None), 'IDX__TXHDRBLOCKS': ParsedDataItem(IDX__TXHDRBLOCKS, raw=243679, derived=243679, unit=None), 'IDX__TXHDRHGTRIGCTRL1': ParsedDataItem(IDX__TXHDRHGTRIGCTRL1, raw=2264924160, derived=2264924160, unit=None), 'IDX__TXHDRHGTRIGCTRL2': ParsedDataItem(IDX__TXHDRHGTRIGCTRL2, raw=0, derived=0, unit=None), 'IDX__TXHDRLGTRIGCTRL1': ParsedDataItem(IDX__TXHDRLGTRIGCTRL1, raw=4294965248, derived=4294965248, unit=None), 'IDX__TXHDRLGTRIGCTRL2': ParsedDataItem(IDX__TXHDRLGTRIGCTRL2, raw=4278255360, derived=4278255360, unit=None), 'IDX__TXHDRMGTRIGCTRL1': ParsedDataItem(IDX__TXHDRMGTRIGCTRL1, raw=4294965248, derived=4294965248, unit=None), 'IDX__TXHDRMGTRIGCTRL2': ParsedDataItem(IDX__TXHDRMGTRIGCTRL2, raw=4278255360, derived=4278255360, unit=None), 'IDX__TXHDRSP03': ParsedDataItem(IDX__TXHDRSP03, raw=0, derived=0, unit=None), 'IDX__TXHDRLSADC': ParsedDataItem(IDX__TXHDRLSADC, raw=1048320, derived=1048320, unit=None), 'IDX__TXHDRPOLSTAT': ParsedDataItem(IDX__TXHDRPOLSTAT, raw=1, derived=NEG, unit=None), 'IDX__TXHDRSP04': ParsedDataItem(IDX__TXHDRSP04, raw=0, derived=0, unit=None), 'IDX__TXHDRPOLCTRL': ParsedDataItem(IDX__TXHDRPOLCTRL, raw=0, derived=POS, unit=None), 'IDX__TXHDRCOINENA': ParsedDataItem(IDX__TXHDRCOINENA, raw=0, derived=DIS, unit=None), 'IDX__TXHDRLSTRIGMODE': ParsedDataItem(IDX__TXHDRLSTRIGMODE, raw=0, derived=DIS, unit=None), 'IDX__TXHDRMGTRIGMODE': ParsedDataItem(IDX__TXHDRMGTRIGMODE, raw=0, derived=0, unit=None), 'IDX__TXHDRLGTRIGMODE': ParsedDataItem(IDX__TXHDRLGTRIGMODE, raw=0, derived=0, unit=None), 'IDX__TXHDRHGTRIGMODE': ParsedDataItem(IDX__TXHDRHGTRIGMODE, raw=1, derived=1, unit=None), 'IDX__TXHDRSP05': ParsedDataItem(IDX__TXHDRSP05, raw=0, derived=0, unit=None), 'IDX__TXHDRSP06': ParsedDataItem(IDX__TXHDRSP06, raw=0, derived=0, unit=None), 'IDX__TXHDRSP07': ParsedDataItem(IDX__TXHDRSP07, raw=2018, derived=2018, unit=None), 'IDX__TXHDRSP08': ParsedDataItem(IDX__TXHDRSP08, raw=0, derived=0, unit=None), 'IDX__TXHDRTOFMAX': ParsedDataItem(IDX__TXHDRTOFMAX, raw=543693477, derived=543693477, unit=None), 'IDX__TXHDRTOFMIN': ParsedDataItem(IDX__TXHDRTOFMIN, raw=535295473, derived=535295473, unit=None), 'IDX__TXHDRLS0MAXMIN': ParsedDataItem(IDX__TXHDRLS0MAXMIN, raw=16773120, derived=16773120, unit=None), 'IDX__TXHDRLS1MAXMIN': ParsedDataItem(IDX__TXHDRLS1MAXMIN, raw=8452073, derived=8452073, unit=None), 'IDX__TXHDRLS2MAXMIN': ParsedDataItem(IDX__TXHDRLS2MAXMIN, raw=8853342, derived=8853342, unit=None), 'IDX__TXHDRFIFODELAY': ParsedDataItem(IDX__TXHDRFIFODELAY, raw=18, derived=18, unit=None), 'IDX__TXHDRSAMPDELAY': ParsedDataItem(IDX__TXHDRSAMPDELAY, raw=7347243, derived=7347243, unit=None), 'IDX__TXHDRTRANSCNT': ParsedDataItem(IDX__TXHDRTRANSCNT, raw=8, derived=8, unit=None), 'IDX__TXHDRPROCHKCH01': ParsedDataItem(IDX__TXHDRPROCHKCH01, raw=83690309, derived=83690309, unit=None), 'IDX__TXHDRPROCHKCH23': ParsedDataItem(IDX__TXHDRPROCHKCH23, raw=105317591, derived=105317591, unit=None), 'IDX__TXHDRPROCHKCH45': ParsedDataItem(IDX__TXHDRPROCHKCH45, raw=168690906, derived=168690906, unit=None), 'IDX__TXHDRPROCHKCH67': ParsedDataItem(IDX__TXHDRPROCHKCH67, raw=133695768, derived=133695768, unit=None), 'IDX__TXHDRHVPSHKCH01': ParsedDataItem(IDX__TXHDRHVPSHKCH01, raw=131860073, derived=131860073, unit=None), 'IDX__TXHDRHVPSHKCH23': ParsedDataItem(IDX__TXHDRHVPSHKCH23, raw=8849070, derived=8849070, unit=None), 'IDX__TXHDRHVPSHKCH45': ParsedDataItem(IDX__TXHDRHVPSHKCH45, raw=153225178, derived=153225178, unit=None), 'IDX__TXHDRHVPSHKCH67': ParsedDataItem(IDX__TXHDRHVPSHKCH67, raw=19991183, derived=19991183, unit=None), 'IDX__TXHDRLVHK0CH01': ParsedDataItem(IDX__TXHDRLVHK0CH01, raw=134219776, derived=134219776, unit=None), 'IDX__TXHDRLVHK0CH23': ParsedDataItem(IDX__TXHDRLVHK0CH23, raw=171838394, derived=171838394, unit=None), 'IDX__TXHDRLVHK0CH45': ParsedDataItem(IDX__TXHDRLVHK0CH45, raw=134745194, derived=134745194, unit=None), 'IDX__TXHDRLVHK0CH67': ParsedDataItem(IDX__TXHDRLVHK0CH67, raw=205589587, derived=205589587, unit=None), 'IDX__TXHDRLVHK1CH01': ParsedDataItem(IDX__TXHDRLVHK1CH01, raw=34801296, derived=34801296, unit=None), 'IDX__TXHDRLVHK1CH23': ParsedDataItem(IDX__TXHDRLVHK1CH23, raw=77661692, derived=77661692, unit=None), 'IDX__TXHDRLVHK1CH45': ParsedDataItem(IDX__TXHDRLVHK1CH45, raw=227280802, derived=227280802, unit=None), 'IDX__TXHDRLVHK1CH67': ParsedDataItem(IDX__TXHDRLVHK1CH67, raw=192872901, derived=192872901, unit=None), 'IDX__TXHDRLVHK2CH01': ParsedDataItem(IDX__TXHDRLVHK2CH01, raw=81265882, derived=81265882, unit=None), 'IDX__TXHDRLVHK2CH23': ParsedDataItem(IDX__TXHDRLVHK2CH23, raw=190974628, derived=190974628, unit=None), 'IDX__TXHDRLVHK2CH45': ParsedDataItem(IDX__TXHDRLVHK2CH45, raw=101059637, derived=101059637, unit=None), 'IDX__TXHDRLVHK2CH67': ParsedDataItem(IDX__TXHDRLVHK2CH67, raw=69016, derived=69016, unit=None), 'IDX__TXHDRSP09': ParsedDataItem(IDX__TXHDRSP09, raw=0, derived=0, unit=None), 'IDX__TXHDRSP10': ParsedDataItem(IDX__TXHDRSP10, raw=0, derived=0, unit=None), 'IDX__TXHDRFSWAIDCOPY': ParsedDataItem(IDX__TXHDRFSWAIDCOPY, raw=2415085345, derived=2415085345, unit=None), 'IDX__TXHDRFSWBINCOPY': ParsedDataItem(IDX__TXHDRFSWBINCOPY, raw=0, derived=0, unit=None), 'IDX__TXHDRFSWMAJOR': ParsedDataItem(IDX__TXHDRFSWMAJOR, raw=2, derived=2, unit=None), 'IDX__TXHDRFSWMINOR': ParsedDataItem(IDX__TXHDRFSWMINOR, raw=0, derived=0, unit=None), 'IDX__TXHDRFSWPATCH': ParsedDataItem(IDX__TXHDRFSWPATCH, raw=0, derived=0, unit=None), 'IDX__TXHDRFSWHVSTAT': ParsedDataItem(IDX__TXHDRFSWHVSTAT, raw=3, derived=3, unit=None), 'IDX__TXHDRFSWMEM0': ParsedDataItem(IDX__TXHDRFSWMEM0, raw=0, derived=0, unit=None), 'IDX__TXHDRFSWMEM1': ParsedDataItem(IDX__TXHDRFSWMEM1, raw=0, derived=0, unit=None), 'IDX__TXHDRFSWPT0': ParsedDataItem(IDX__TXHDRFSWPT0, raw=0, derived=0, unit=None), 'IDX__TXHDRFSWPT1': ParsedDataItem(IDX__TXHDRFSWPT1, raw=0, derived=0, unit=None), 'IDX__TXHDRFSWPT2': ParsedDataItem(IDX__TXHDRFSWPT2, raw=0, derived=0, unit=None), 'IDX__TXHDRFSWPT3': ParsedDataItem(IDX__TXHDRFSWPT3, raw=0, derived=0, unit=None), 'IDX__TXHDRFSWPT4': ParsedDataItem(IDX__TXHDRFSWPT4, raw=0, derived=0, unit=None), 'IDX__TXHDRFSWPT5': ParsedDataItem(IDX__TXHDRFSWPT5, raw=0, derived=0, unit=None), 'IDX__TXHDRFSWPT6': ParsedDataItem(IDX__TXHDRFSWPT6, raw=0, derived=0, unit=None), 'IDX__TXHDRFSWPT7': ParsedDataItem(IDX__TXHDRFSWPT7, raw=0, derived=0, unit=None), 'IDX__TXHDRFSWPT8': ParsedDataItem(IDX__TXHDRFSWPT8, raw=0, derived=0, unit=None), 'IDX__TXHDRFSWPT9': ParsedDataItem(IDX__TXHDRFSWPT9, raw=0, derived=0, unit=None), 'IDX__TXHDRFPGAVER': ParsedDataItem(IDX__TXHDRFPGAVER, raw=539165480, derived=539165480, unit=None), 'IDX__SYNCSCI0PKT': ParsedDataItem(IDX__SYNCSCI0PKT, raw=13107, derived=13107, unit=None), 'IDX__CRCSCI0PKT': ParsedDataItem(IDX__CRCSCI0PKT, raw=4570, derived=4570, unit=None)}
SHCOARSE = 440202846
SHFINE = 8842
IDX__SCI0AID = 2415085345
IDX__SCI0TYPE = 1
IDX__SCI0CONT = 127
IDX__SCI0SPARE1 = 0
IDX__SCI0PACK = EN
IDX__SCI0FRAG = DS
IDX__SCI0COMP = DS
IDX__SCI0EVTNUM = 118
IDX__SCI0CAT = 32
IDX__SCI0QUAL = 5
IDX__SCI0FRAGOFF = 0
IDX__SCI0VER = 9
IDX__SCI0TIME32 = 440200332
IDX__SCI0SPARE2 = 0
IDX__SCI0SPARE3 = 0
IDX__SCI0SPARE4 = 0
IDX__TXHDRSCIEVTLEN = 8320
IDX__TXHDRSP00 = 0
IDX__TXHDRTIMESEC1 = 6716
IDX__TXHDRTIMESEC2 = 60556
IDX__TXHDRTIMESUBS = 6845
IDX__TXHDRSP01 = 0
IDX__TXHDRTRIGOFFSET = 1
IDX__TXHDRSP02 = 0
IDX__TXHDRTRIGID = 1
IDX__TXHDREVTNUM = 118
IDX__TXHDRBLOCKS = 243679
IDX__TXHDRHGTRIGCTRL1 = 2264924160
IDX__TXHDRHGTRIGCTRL2 = 0
IDX__TXHDRLGTRIGCTRL1 = 4294965248
IDX__TXHDRLGTRIGCTRL2 = 4278255360
IDX__TXHDRMGTRIGCTRL1 = 4294965248
IDX__TXHDRMGTRIGCTRL2 = 4278255360
IDX__TXHDRSP03 = 0
IDX__TXHDRLSADC = 1048320
IDX__TXHDRPOLSTAT = NEG
IDX__TXHDRSP04 = 0
IDX__TXHDRPOLCTRL = POS
IDX__TXHDRCOINENA = DIS
IDX__TXHDRLSTRIGMODE = DIS
IDX__TXHDRMGTRIGMODE = 0
IDX__TXHDRLGTRIGMODE = 0
IDX__TXHDRHGTRIGMODE = 1
IDX__TXHDRSP05 = 0
IDX__TXHDRSP06 = 0
IDX__TXHDRSP07 = 2018
IDX__TXHDRSP08 = 0
IDX__TXHDRTOFMAX = 543693477
IDX__TXHDRTOFMIN = 535295473
IDX__TXHDRLS0MAXMIN = 16773120
IDX__TXHDRLS1MAXMIN = 8452073
IDX__TXHDRLS2MAXMIN = 8853342
IDX__TXHDRFIFODELAY = 18
IDX__TXHDRSAMPDELAY = 7347243
IDX__TXHDRTRANSCNT = 8
IDX__TXHDRPROCHKCH01 = 83690309
IDX__TXHDRPROCHKCH23 = 105317591
IDX__TXHDRPROCHKCH45 = 168690906
IDX__TXHDRPROCHKCH67 = 133695768
IDX__TXHDRHVPSHKCH01 = 131860073
IDX__TXHDRHVPSHKCH23 = 8849070
IDX__TXHDRHVPSHKCH45 = 153225178
IDX__TXHDRHVPSHKCH67 = 19991183
IDX__TXHDRLVHK0CH01 = 134219776
IDX__TXHDRLVHK0CH23 = 171838394
IDX__TXHDRLVHK0CH45 = 134745194
IDX__TXHDRLVHK0CH67 = 205589587
IDX__TXHDRLVHK1CH01 = 34801296
IDX__TXHDRLVHK1CH23 = 77661692
IDX__TXHDRLVHK1CH45 = 227280802
IDX__TXHDRLVHK1CH67 = 192872901
IDX__TXHDRLVHK2CH01 = 81265882
IDX__TXHDRLVHK2CH23 = 190974628
IDX__TXHDRLVHK2CH45 = 101059637
IDX__TXHDRLVHK2CH67 = 69016
IDX__TXHDRSP09 = 0
IDX__TXHDRSP10 = 0
IDX__TXHDRFSWAIDCOPY = 2415085345
IDX__TXHDRFSWBINCOPY = 0
IDX__TXHDRFSWMAJOR = 2
IDX__TXHDRFSWMINOR = 0
IDX__TXHDRFSWPATCH = 0
IDX__TXHDRFSWHVSTAT = 3
IDX__TXHDRFSWMEM0 = 0
IDX__TXHDRFSWMEM1 = 0
IDX__TXHDRFSWPT0 = 0
IDX__TXHDRFSWPT1 = 0
IDX__TXHDRFSWPT2 = 0
IDX__TXHDRFSWPT3 = 0
IDX__TXHDRFSWPT4 = 0
IDX__TXHDRFSWPT5 = 0
IDX__TXHDRFSWPT6 = 0
IDX__TXHDRFSWPT7 = 0
IDX__TXHDRFSWPT8 = 0
IDX__TXHDRFSWPT9 = 0
IDX__TXHDRFPGAVER = 539165480
IDX__SYNCSCI0PKT = 13107
IDX__CRCSCI0PKT = 4570
^*****Event header 18******^
EVTNUM: 18
SCI0TYPE: 1
TXHDRBLOCKS RAW: 243679
TXHDRBLOCKS DERIVED: 243679
-----
HS pre trig sampling blocks:  31
LS pre trig sampling blocks:  3
HS post trig sampling blocks:  31
LS post trig sampling blocks:  11
IDX__TXHDRHVPSHKCH01 = 131860073
Detector voltage =  1641
Sensor voltage =  2012
Target voltage =  1710
Reflectron voltage =  135
Rejection voltage =  2010
Current for HVPS sensor =  2338
Positive current for HVPS sensor =  2703
Negative current for HVPS sensor =  305
Voltage +3.3V reference =  2048
Voltage +3.3V operational reference =  2048
Voltage -6V bus =  3002
Voltage +6V bus =  2622
Voltage +16V bus =  3178
Voltage +3.3V bus =  2056
Voltage -5V bus =  3155
Voltage +5V bus =  3137
Current +3.3V bus =  1680
Current +16V bus =  1185
Current +6V bus =  1532
Current -6V bus =  1185
Current +5V bus =  1954
Current -5V bus =  3468
Current +2.5V bus =  453
Current -2.5V bus =  2943
Current on the 1V POL =  837
Current on the 1.9V POL =  1277
ProcBd Temperature 1 =  1239
ProcBd Temperature 2 =  1607
Voltage on 1V bus =  1242
FPGA Temperature =  2574
Voltage on 1.9V bus =  2328
Voltage on 3.3V bus =  2040
var_to_row = {'Last measurement in raw DN for Processor Board signal “1V POL Current”': 0, 'Last measurement in raw DN for Processor Board signal “1.9V POL Current”': 1, 'Last measurement in raw DN for Processor Board signal “ProcBd Temp1”': 2, nan: 48, 'Last measurement in raw DN for Processor Board signal “ProcBd Temp2”': 6, 'Last measurement in raw DN for Processor Board signal “1V Voltage”': 10, 'Last measurement in raw DN for Processor Board signal “FPGA Temp”': 11, 'Last measurement in raw DN for Processor Board signal “1.9V Voltage”': 12, 'Last measurement in raw DN for Processor Board signal “3.3V Voltage”': 13, 'Last measurement in raw DN for HVPS Board signal “Detector Voltage”': 14, 'Last measurement in raw DN for HVPS Board signal “Sensor Voltage"': 15, 'Last measurement in raw DN for HVPS Board signal “Target Voltage”': 16, 'Last measurement in raw DN for HVPS Board signal “Reflectron Voltage”': 17, 'Last measurement in raw DN for HVPS Board signal “Rejection Voltage”': 18, 'Last measurement in raw DN for HVPS Board signal “Detector Current”': 19, 'Last measurement in raw DN for HVPS Board signal “Sensor IP”': 20, 'Last measurement in raw DN for HVPS Board signal “Sensor IN”': 21, 'Last measurement in raw DN for LVPS Board signal “P3.3VREF_HK”': 22, 'Last measurement in raw DN for LVPS Board signal “P3.3VREF_OP”': 23, 'Last measurement in raw DN for LVPS Board signal “N6V”': 24, 'Last measurement in raw DN for LVPS Board signal “P6V”': 25, 'Last measurement in raw DN for LVPS Board signal “P16V”': 26, 'Last measurement in raw DN for LVPS Board signal “P3.3V”': 27, 'Last measurement in raw DN for LVPS Board signal “N5V”': 28, 'Last measurement in raw DN for LVPS Board signal “P5V”': 29, 'Last measurement in raw DN for LVPS Board signal “P3.3_IMON”': 30, 'Last measurement in raw DN for LVPS Board signal “P16V_IMON”': 31, 'Last measurement in raw DN for LVPS Board signal “P6V_IMON”': 32, 'Last measurement in raw DN for LVPS Board signal “N6V_IMON”': 33, 'Last measurement in raw DN for LVPS Board signal “P5V_IMON”': 34, 'Last measurement in raw DN for LVPS Board signal “N5V_IMON”': 35, 'Last measurement in raw DN for LVPS Board signal “P2.5V_IMON”': 36, 'Last measurement in raw DN for LVPS Board signal “N2.5V_IMON”': 37, 'Last measurement in raw DN for LVPS Board signal “THERM_DECON0”': 38, 'Last measurement in raw DN for LVPS Board signal “THERM_DECON1”': 39, 'Last measurement in raw DN for LVPS Board signal “THERM_DAB”': 40, 'Last measurement in raw DN for LVPS Board signal “THERM_LVPS”': 41, 'Last measurement in raw DN for LVPS Board signal “THERM_HVPS”': 45, 'Last measurement in raw DN for LVPS Board signal “P2.5V”': 49, 'Last measurement in raw DN for LVPS Board signal “N2.5V”': 50, 'Last measurement in raw DN for LVPS Board signal “Spare”': 51}

 
 ***** var_name being converted for each instrument setting ***** 
 

Matching row  18
coeffs for Last measurement in raw DN for Processor Board signal “1V POL Current”= [0.0 0.9029253 0.0 0.0 0.0 0.0 0.0 0.0]
var_name = Last measurement in raw DN for Processor Board signal “1V POL Current”
var_name = current_1V_pol
Header info = 837
Transformed value for current_1V_pol = 755.7484761000001
Matching row  18
coeffs for Last measurement in raw DN for Processor Board signal “1.9V POL Current”= [0.0 0.9029253 0.0 0.0 0.0 0.0 0.0 0.0]
var_name = Last measurement in raw DN for Processor Board signal “1.9V POL Current”
var_name = current_1.9V_pol
Header info = 1277
Transformed value for current_1.9V_pol = 1153.0356081
Matching row  18
coeffs for Last measurement in raw DN for Processor Board signal “ProcBd Temp1”= [162.8276 -0.2668687 0.0003323794 -2.43153e-07 9.034532e-11 -1.327735e-14
 0.0 0.0]
var_name = Last measurement in raw DN for Processor Board signal “ProcBd Temp1”
var_name = temperature_1
Header info = 1239
Transformed value for temperature_1 = 54.07919502406282
Matching row  18
coeffs for nan= [-104713.9 52.02446 -0.006463374 0.0 0.0 0.0 0.0 0.0]
var_name = nan
var_name = None
KeyError: (18, None) - Could not find entry for None, 48. Please check the Var_notes or variable mapping.
Matching row  18
coeffs for Last measurement in raw DN for Processor Board signal “ProcBd Temp2”= [162.8276 -0.2668687 0.0003323794 -2.43153e-07 9.034532e-11 -1.327735e-14
 0.0 0.0]
var_name = Last measurement in raw DN for Processor Board signal “ProcBd Temp2”
var_name = temperature_2
Header info = 1607
Transformed value for temperature_2 = 43.46001525713811
Matching row  18
coeffs for Last measurement in raw DN for Processor Board signal “1V Voltage”= [0.0 0.000805861 0.0 0.0 0.0 0.0 0.0 0.0]
var_name = Last measurement in raw DN for Processor Board signal “1V Voltage”
var_name = voltage_1V_bus
Header info = 1242
Transformed value for voltage_1V_bus = 1.0008793619999998
Matching row  18
coeffs for Last measurement in raw DN for Processor Board signal “FPGA Temp”= [358.31 -0.1187104 0.0 0.0 0.0 0.0 0.0 0.0]
var_name = Last measurement in raw DN for Processor Board signal “FPGA Temp”
var_name = fpga_temperature
Header info = 2574
Transformed value for fpga_temperature = 52.749430399999994
Matching row  18
coeffs for Last measurement in raw DN for Processor Board signal “1.9V Voltage”= [0.0 0.000805861 0.0 0.0 0.0 0.0 0.0 0.0]
var_name = Last measurement in raw DN for Processor Board signal “1.9V Voltage”
var_name = voltage_1.9V_bus
Header info = 2328
Transformed value for voltage_1.9V_bus = 1.8760444079999998
Matching row  18
coeffs for Last measurement in raw DN for Processor Board signal “3.3V Voltage”= [0.0 0.001611722 0.0 0.0 0.0 0.0 0.0 0.0]
var_name = Last measurement in raw DN for Processor Board signal “3.3V Voltage”
var_name = voltage_3.3V_bus
Header info = 2040
Transformed value for voltage_3.3V_bus = 3.28791288
Matching row  18
coeffs for Last measurement in raw DN for HVPS Board signal “Detector Voltage”= [0.0 1.4652 0.0 0.0 0.0 0.0 0.0 0.0]
var_name = Last measurement in raw DN for HVPS Board signal “Detector Voltage”
var_name = detector_voltage
Header info = 1641
Transformed value for detector_voltage = 2404.3932
Matching row  18
coeffs for Last measurement in raw DN for HVPS Board signal “Sensor Voltage"= [0.0 1.4652 0.0 0.0 0.0 0.0 0.0 0.0]
var_name = Last measurement in raw DN for HVPS Board signal “Sensor Voltage"
var_name = sensor_voltage
Header info = 2012
Transformed value for sensor_voltage = 2947.9824000000003
Matching row  18
coeffs for Last measurement in raw DN for HVPS Board signal “Target Voltage”= [0.0 1.4652 0.0 0.0 0.0 0.0 0.0 0.0]
var_name = Last measurement in raw DN for HVPS Board signal “Target Voltage”
var_name = target_voltage
Header info = 1710
Transformed value for target_voltage = 2505.492
Matching row  18
coeffs for Last measurement in raw DN for HVPS Board signal “Reflectron Voltage”= [0.0 1.4652 0.0 0.0 0.0 0.0 0.0 0.0]
var_name = Last measurement in raw DN for HVPS Board signal “Reflectron Voltage”
var_name = reflectron_voltage
Header info = 135
Transformed value for reflectron_voltage = 197.80200000000002
Matching row  18
coeffs for Last measurement in raw DN for HVPS Board signal “Rejection Voltage”= [0.0 1.4652 0.0 0.0 0.0 0.0 0.0 0.0]
var_name = Last measurement in raw DN for HVPS Board signal “Rejection Voltage”
var_name = rejection_voltage
Header info = 2010
Transformed value for rejection_voltage = 2945.052
Matching row  18
coeffs for Last measurement in raw DN for HVPS Board signal “Detector Current”= [0.0 7.326e-06 0.0 0.0 0.0 0.0 0.0 0.0]
var_name = Last measurement in raw DN for HVPS Board signal “Detector Current”
var_name = current_hvps_sensor
Header info = 2338
Transformed value for current_hvps_sensor = 0.017128188
Matching row  18
coeffs for Last measurement in raw DN for HVPS Board signal “Sensor IP”= [0.0 2.4339e-05 0.0 0.0 0.0 0.0 0.0 0.0]
var_name = Last measurement in raw DN for HVPS Board signal “Sensor IP”
var_name = positive_current_hvps
Header info = 2703
Transformed value for positive_current_hvps = 0.065788317
Matching row  18
coeffs for Last measurement in raw DN for HVPS Board signal “Sensor IN”= [0.0 2.4339e-05 0.0 0.0 0.0 0.0 0.0 0.0]
var_name = Last measurement in raw DN for HVPS Board signal “Sensor IN”
var_name = negative_current_hvps
Header info = 305
Transformed value for negative_current_hvps = 0.007423394999999999
Matching row  18
coeffs for Last measurement in raw DN for LVPS Board signal “P3.3VREF_HK”= [0.0 0.00161172 0.0 0.0 0.0 0.0 0.0 0.0]
var_name = Last measurement in raw DN for LVPS Board signal “P3.3VREF_HK”
var_name = voltage_3V3_ref
Header info = 2048
Transformed value for voltage_3V3_ref = 3.30080256
Matching row  18
coeffs for Last measurement in raw DN for LVPS Board signal “P3.3VREF_OP”= [0.0 0.00161172 0.0 0.0 0.0 0.0 0.0 0.0]
var_name = Last measurement in raw DN for LVPS Board signal “P3.3VREF_OP”
var_name = voltage_3V3_op_ref
Header info = 2048
Transformed value for voltage_3V3_op_ref = 3.30080256
Matching row  18
coeffs for Last measurement in raw DN for LVPS Board signal “N6V”= [-33.0 0.00886447 0.0 0.0 0.0 0.0 0.0 0.0]
var_name = Last measurement in raw DN for LVPS Board signal “N6V”
var_name = voltage_neg6V_bus
Header info = 3002
Transformed value for voltage_neg6V_bus = -6.3888610600000035
Matching row  18
coeffs for Last measurement in raw DN for LVPS Board signal “P6V”= [0.0 0.00241758 0.0 0.0 0.0 0.0 0.0 0.0]
var_name = Last measurement in raw DN for LVPS Board signal “P6V”
var_name = voltage_pos6V_bus
Header info = 2622
Transformed value for voltage_pos6V_bus = 6.33889476
Matching row  18
coeffs for Last measurement in raw DN for LVPS Board signal “P16V”= [0.0 0.00482711 0.0 0.0 0.0 0.0 0.0 0.0]
var_name = Last measurement in raw DN for LVPS Board signal “P16V”
var_name = voltage_pos16V_bus
Header info = 3178
Transformed value for voltage_pos16V_bus = 15.34055558
Matching row  18
coeffs for Last measurement in raw DN for LVPS Board signal “P3.3V”= [0.0 0.00161172 0.0 0.0 0.0 0.0 0.0 0.0]
var_name = Last measurement in raw DN for LVPS Board signal “P3.3V”
var_name = voltage_pos3V3_bus
Header info = 2056
Transformed value for voltage_pos3V3_bus = 3.31369632
Matching row  18
coeffs for Last measurement in raw DN for LVPS Board signal “N5V”= [-33.0 0.00886447 0.0 0.0 0.0 0.0 0.0 0.0]
var_name = Last measurement in raw DN for LVPS Board signal “N5V”
var_name = voltage_neg5V_bus
Header info = 3155
Transformed value for voltage_neg5V_bus = -5.032597150000001
Matching row  18
coeffs for Last measurement in raw DN for LVPS Board signal “P5V”= [0.0 0.00161172 0.0 0.0 0.0 0.0 0.0 0.0]
var_name = Last measurement in raw DN for LVPS Board signal “P5V”
var_name = voltage_pos5V_bus
Header info = 3137
Transformed value for voltage_pos5V_bus = 5.05596564
Matching row  18
coeffs for Last measurement in raw DN for LVPS Board signal “P3.3_IMON”= [0.0 0.00161172 0.0 0.0 0.0 0.0 0.0 0.0]
var_name = Last measurement in raw DN for LVPS Board signal “P3.3_IMON”
var_name = current_3V3_bus
Header info = 1680
Transformed value for current_3V3_bus = 2.7076896
Matching row  18
coeffs for Last measurement in raw DN for LVPS Board signal “P16V_IMON”= [0.0 0.000161172 0.0 0.0 0.0 0.0 0.0 0.0]
var_name = Last measurement in raw DN for LVPS Board signal “P16V_IMON”
var_name = current_16V_bus
Header info = 1185
Transformed value for current_16V_bus = 0.19098882
Matching row  18
coeffs for Last measurement in raw DN for LVPS Board signal “P6V_IMON”= [0.0 8.05861e-05 0.0 0.0 0.0 0.0 0.0 0.0]
var_name = Last measurement in raw DN for LVPS Board signal “P6V_IMON”
var_name = current_6V_bus
Header info = 1532
Transformed value for current_6V_bus = 0.1234579052
Matching row  18
coeffs for Last measurement in raw DN for LVPS Board signal “N6V_IMON”= [0.0 -8.05861e-05 0.0 0.0 0.0 0.0 0.0 0.0]
var_name = Last measurement in raw DN for LVPS Board signal “N6V_IMON”
var_name = current_neg6V_bus
Header info = 1185
Transformed value for current_neg6V_bus = -0.0954945285
Matching row  18
coeffs for Last measurement in raw DN for LVPS Board signal “P5V_IMON”= [0.0 4.029304e-05 0.0 0.0 0.0 0.0 0.0 0.0]
var_name = Last measurement in raw DN for LVPS Board signal “P5V_IMON”
var_name = current_5V_bus
Header info = 1954
Transformed value for current_5V_bus = 0.07873260016
Matching row  18
coeffs for Last measurement in raw DN for LVPS Board signal “N5V_IMON”= [0.0 -2.01465e-05 0.0 0.0 0.0 0.0 0.0 0.0]
var_name = Last measurement in raw DN for LVPS Board signal “N5V_IMON”
var_name = current_neg5V_bus
Header info = 3468
Transformed value for current_neg5V_bus = -0.06986806200000001
Matching row  18
coeffs for Last measurement in raw DN for LVPS Board signal “P2.5V_IMON”= [0.0 0.00161172 0.0 0.0 0.0 0.0 0.0 0.0]
var_name = Last measurement in raw DN for LVPS Board signal “P2.5V_IMON”
var_name = current_2V5_bus
Header info = 453
Transformed value for current_2V5_bus = 0.73010916
Matching row  18
coeffs for Last measurement in raw DN for LVPS Board signal “N2.5V_IMON”= [0.0 -4.0293e-05 0.0 0.0 0.0 0.0 0.0 0.0]
var_name = Last measurement in raw DN for LVPS Board signal “N2.5V_IMON”
var_name = current_neg2V5_bus
Header info = 2943
Transformed value for current_neg2V5_bus = -0.118582299
Matching row  18
coeffs for Last measurement in raw DN for LVPS Board signal “THERM_DECON0”= [-110.293 0.0665351 0.000305738 -6.32048e-07 5.9934e-10 -2.98784e-13
 7.61361e-17 -7.76467e-21]
var_name = Last measurement in raw DN for LVPS Board signal “THERM_DECON0”
var_name = None
KeyError: (18, None) - Could not find entry for None, 38. Please check the Var_notes or variable mapping.
Matching row  18
coeffs for Last measurement in raw DN for LVPS Board signal “THERM_DECON1”= [-150.478 0.376986 -0.00062072 7.73853e-07 -5.81588e-10 2.56368e-13
 -6.05698e-17 5.96635e-21]
var_name = Last measurement in raw DN for LVPS Board signal “THERM_DECON1”
var_name = None
KeyError: (18, None) - Could not find entry for None, 39. Please check the Var_notes or variable mapping.
Matching row  18
coeffs for Last measurement in raw DN for LVPS Board signal “THERM_DAB”= [-443.248 1.31224 -0.00180422 1.40016e-06 -6.43766e-10 1.7448e-13
 -2.57695e-17 1.60239e-21]
var_name = Last measurement in raw DN for LVPS Board signal “THERM_DAB”
var_name = None
KeyError: (18, None) - Could not find entry for None, 40. Please check the Var_notes or variable mapping.
Matching row  18
coeffs for Last measurement in raw DN for LVPS Board signal “THERM_LVPS”= [200.4137 -0.2020699 0.000175403 -9.739547e-08 2.888932e-11 -3.545603e-15
 0.0 0.0]
var_name = Last measurement in raw DN for LVPS Board signal “THERM_LVPS”
var_name = None
KeyError: (18, None) - Could not find entry for None, 41. Please check the Var_notes or variable mapping.
Matching row  18
coeffs for Last measurement in raw DN for LVPS Board signal “THERM_HVPS”= [200.4137 -0.2020699 0.000175403 -9.739547e-08 2.888932e-11 -3.545603e-15
 0.0 0.0]
var_name = Last measurement in raw DN for LVPS Board signal “THERM_HVPS”
var_name = None
KeyError: (18, None) - Could not find entry for None, 45. Please check the Var_notes or variable mapping.
Matching row  18
coeffs for Last measurement in raw DN for LVPS Board signal “P2.5V”= [0.0 0.00161172 0.0 0.0 0.0 0.0 0.0 0.0]
var_name = Last measurement in raw DN for LVPS Board signal “P2.5V”
var_name = None
KeyError: (18, None) - Could not find entry for None, 49. Please check the Var_notes or variable mapping.
Matching row  18
coeffs for Last measurement in raw DN for LVPS Board signal “N2.5V”= [-33.0 0.00886447 0.0 0.0 0.0 0.0 0.0 0.0]
var_name = Last measurement in raw DN for LVPS Board signal “N2.5V”
var_name = None
KeyError: (18, None) - Could not find entry for None, 50. Please check the Var_notes or variable mapping.
Matching row  18
coeffs for Last measurement in raw DN for LVPS Board signal “Spare”= [0.0 0.00161172 0.0 0.0 0.0 0.0 0.0 0.0]
var_name = Last measurement in raw DN for LVPS Board signal “Spare”
var_name = spare_signal
KeyError: (18, 'spare_signal') - Could not find entry for spare_signal, 51. Please check the Var_notes or variable mapping.
High gain delay = 43 samples.
Mid gain delay = 7 samples.
Low gain delay = 7 samples.
High sampling trigger mode =  0 0 1
High gain trigger mode enabled.
For 2264924160, HG Trigger level = 0.15605999999999998, sample settings = 0, 0
Threshold trigger mode enabled for high gain channel.
AID = 2415085345
Event number = 118
Rice compression enabled = False
Timestamp = 440200332.1369 seconds since epoch (Midnight January 1st, 2010)
Trigger time = 2023-12-13T21:52:12.136900Z
18
18
18
18
18
18
18
18
18
18
18
18
18
{'SHCOARSE': ParsedDataItem(SHCOARSE, raw=440202862, derived=440202862, unit=dn), 'SHFINE': ParsedDataItem(SHFINE, raw=8852, derived=8852, unit=dn), 'IDX__SCI0AID': ParsedDataItem(IDX__SCI0AID, raw=2415085345, derived=2415085345, unit=None), 'IDX__SCI0TYPE': ParsedDataItem(IDX__SCI0TYPE, raw=1, derived=1, unit=None), 'IDX__SCI0CONT': ParsedDataItem(IDX__SCI0CONT, raw=127, derived=127, unit=None), 'IDX__SCI0SPARE1': ParsedDataItem(IDX__SCI0SPARE1, raw=0, derived=0, unit=None), 'IDX__SCI0PACK': ParsedDataItem(IDX__SCI0PACK, raw=1, derived=EN, unit=None), 'IDX__SCI0FRAG': ParsedDataItem(IDX__SCI0FRAG, raw=0, derived=DS, unit=None), 'IDX__SCI0COMP': ParsedDataItem(IDX__SCI0COMP, raw=0, derived=DS, unit=None), 'IDX__SCI0EVTNUM': ParsedDataItem(IDX__SCI0EVTNUM, raw=119, derived=119, unit=None), 'IDX__SCI0CAT': ParsedDataItem(IDX__SCI0CAT, raw=32, derived=32, unit=None), 'IDX__SCI0QUAL': ParsedDataItem(IDX__SCI0QUAL, raw=5, derived=5, unit=None), 'IDX__SCI0FRAGOFF': ParsedDataItem(IDX__SCI0FRAGOFF, raw=0, derived=0, unit=None), 'IDX__SCI0VER': ParsedDataItem(IDX__SCI0VER, raw=9, derived=9, unit=None), 'IDX__SCI0TIME32': ParsedDataItem(IDX__SCI0TIME32, raw=440200517, derived=440200517, unit=None), 'IDX__SCI0SPARE2': ParsedDataItem(IDX__SCI0SPARE2, raw=0, derived=0, unit=None), 'IDX__SCI0SPARE3': ParsedDataItem(IDX__SCI0SPARE3, raw=0, derived=0, unit=None), 'IDX__SCI0SPARE4': ParsedDataItem(IDX__SCI0SPARE4, raw=0, derived=0, unit=None), 'IDX__TXHDRSCIEVTLEN': ParsedDataItem(IDX__TXHDRSCIEVTLEN, raw=8320, derived=8320, unit=None), 'IDX__TXHDRSP00': ParsedDataItem(IDX__TXHDRSP00, raw=0, derived=0, unit=None), 'IDX__TXHDRTIMESEC1': ParsedDataItem(IDX__TXHDRTIMESEC1, raw=6716, derived=6716, unit=None), 'IDX__TXHDRTIMESEC2': ParsedDataItem(IDX__TXHDRTIMESEC2, raw=60741, derived=60741, unit=None), 'IDX__TXHDRTIMESUBS': ParsedDataItem(IDX__TXHDRTIMESUBS, raw=45598, derived=45598, unit=None), 'IDX__TXHDRSP01': ParsedDataItem(IDX__TXHDRSP01, raw=0, derived=0, unit=None), 'IDX__TXHDRTRIGOFFSET': ParsedDataItem(IDX__TXHDRTRIGOFFSET, raw=4, derived=4, unit=None), 'IDX__TXHDRSP02': ParsedDataItem(IDX__TXHDRSP02, raw=0, derived=0, unit=None), 'IDX__TXHDRTRIGID': ParsedDataItem(IDX__TXHDRTRIGID, raw=1, derived=1, unit=None), 'IDX__TXHDREVTNUM': ParsedDataItem(IDX__TXHDREVTNUM, raw=119, derived=119, unit=None), 'IDX__TXHDRBLOCKS': ParsedDataItem(IDX__TXHDRBLOCKS, raw=243679, derived=243679, unit=None), 'IDX__TXHDRHGTRIGCTRL1': ParsedDataItem(IDX__TXHDRHGTRIGCTRL1, raw=2264924160, derived=2264924160, unit=None), 'IDX__TXHDRHGTRIGCTRL2': ParsedDataItem(IDX__TXHDRHGTRIGCTRL2, raw=0, derived=0, unit=None), 'IDX__TXHDRLGTRIGCTRL1': ParsedDataItem(IDX__TXHDRLGTRIGCTRL1, raw=4294965248, derived=4294965248, unit=None), 'IDX__TXHDRLGTRIGCTRL2': ParsedDataItem(IDX__TXHDRLGTRIGCTRL2, raw=4278255360, derived=4278255360, unit=None), 'IDX__TXHDRMGTRIGCTRL1': ParsedDataItem(IDX__TXHDRMGTRIGCTRL1, raw=4294965248, derived=4294965248, unit=None), 'IDX__TXHDRMGTRIGCTRL2': ParsedDataItem(IDX__TXHDRMGTRIGCTRL2, raw=4278255360, derived=4278255360, unit=None), 'IDX__TXHDRSP03': ParsedDataItem(IDX__TXHDRSP03, raw=0, derived=0, unit=None), 'IDX__TXHDRLSADC': ParsedDataItem(IDX__TXHDRLSADC, raw=1048320, derived=1048320, unit=None), 'IDX__TXHDRPOLSTAT': ParsedDataItem(IDX__TXHDRPOLSTAT, raw=1, derived=NEG, unit=None), 'IDX__TXHDRSP04': ParsedDataItem(IDX__TXHDRSP04, raw=0, derived=0, unit=None), 'IDX__TXHDRPOLCTRL': ParsedDataItem(IDX__TXHDRPOLCTRL, raw=0, derived=POS, unit=None), 'IDX__TXHDRCOINENA': ParsedDataItem(IDX__TXHDRCOINENA, raw=0, derived=DIS, unit=None), 'IDX__TXHDRLSTRIGMODE': ParsedDataItem(IDX__TXHDRLSTRIGMODE, raw=0, derived=DIS, unit=None), 'IDX__TXHDRMGTRIGMODE': ParsedDataItem(IDX__TXHDRMGTRIGMODE, raw=0, derived=0, unit=None), 'IDX__TXHDRLGTRIGMODE': ParsedDataItem(IDX__TXHDRLGTRIGMODE, raw=0, derived=0, unit=None), 'IDX__TXHDRHGTRIGMODE': ParsedDataItem(IDX__TXHDRHGTRIGMODE, raw=1, derived=1, unit=None), 'IDX__TXHDRSP05': ParsedDataItem(IDX__TXHDRSP05, raw=0, derived=0, unit=None), 'IDX__TXHDRSP06': ParsedDataItem(IDX__TXHDRSP06, raw=0, derived=0, unit=None), 'IDX__TXHDRSP07': ParsedDataItem(IDX__TXHDRSP07, raw=2019, derived=2019, unit=None), 'IDX__TXHDRSP08': ParsedDataItem(IDX__TXHDRSP08, raw=0, derived=0, unit=None), 'IDX__TXHDRTOFMAX': ParsedDataItem(IDX__TXHDRTOFMAX, raw=574102527, derived=574102527, unit=None), 'IDX__TXHDRTOFMIN': ParsedDataItem(IDX__TXHDRTOFMIN, raw=535295470, derived=535295470, unit=None), 'IDX__TXHDRLS0MAXMIN': ParsedDataItem(IDX__TXHDRLS0MAXMIN, raw=9787104, derived=9787104, unit=None), 'IDX__TXHDRLS1MAXMIN': ParsedDataItem(IDX__TXHDRLS1MAXMIN, raw=8464361, derived=8464361, unit=None), 'IDX__TXHDRLS2MAXMIN': ParsedDataItem(IDX__TXHDRLS2MAXMIN, raw=8632289, derived=8632289, unit=None), 'IDX__TXHDRFIFODELAY': ParsedDataItem(IDX__TXHDRFIFODELAY, raw=16, derived=16, unit=None), 'IDX__TXHDRSAMPDELAY': ParsedDataItem(IDX__TXHDRSAMPDELAY, raw=32537663, derived=32537663, unit=None), 'IDX__TXHDRTRANSCNT': ParsedDataItem(IDX__TXHDRTRANSCNT, raw=22, derived=22, unit=None), 'IDX__TXHDRPROCHKCH01': ParsedDataItem(IDX__TXHDRPROCHKCH01, raw=83690309, derived=83690309, unit=None), 'IDX__TXHDRPROCHKCH23': ParsedDataItem(IDX__TXHDRPROCHKCH23, raw=105055444, derived=105055444, unit=None), 'IDX__TXHDRPROCHKCH45': ParsedDataItem(IDX__TXHDRPROCHKCH45, raw=168625370, derived=168625370, unit=None), 'IDX__TXHDRPROCHKCH67': ParsedDataItem(IDX__TXHDRPROCHKCH67, raw=133695768, derived=133695768, unit=None), 'IDX__TXHDRHVPSHKCH01': ParsedDataItem(IDX__TXHDRHVPSHKCH01, raw=131860073, derived=131860073, unit=None), 'IDX__TXHDRHVPSHKCH23': ParsedDataItem(IDX__TXHDRHVPSHKCH23, raw=8849070, derived=8849070, unit=None), 'IDX__TXHDRHVPSHKCH45': ParsedDataItem(IDX__TXHDRHVPSHKCH45, raw=153225178, derived=153225178, unit=None), 'IDX__TXHDRHVPSHKCH67': ParsedDataItem(IDX__TXHDRHVPSHKCH67, raw=19991183, derived=19991183, unit=None), 'IDX__TXHDRLVHK0CH01': ParsedDataItem(IDX__TXHDRLVHK0CH01, raw=134219776, derived=134219776, unit=None), 'IDX__TXHDRLVHK0CH23': ParsedDataItem(IDX__TXHDRLVHK0CH23, raw=171838394, derived=171838394, unit=None), 'IDX__TXHDRLVHK0CH45': ParsedDataItem(IDX__TXHDRLVHK0CH45, raw=134745194, derived=134745194, unit=None), 'IDX__TXHDRLVHK0CH67': ParsedDataItem(IDX__TXHDRLVHK0CH67, raw=205589587, derived=205589587, unit=None), 'IDX__TXHDRLVHK1CH01': ParsedDataItem(IDX__TXHDRLVHK1CH01, raw=34801297, derived=34801297, unit=None), 'IDX__TXHDRLVHK1CH23': ParsedDataItem(IDX__TXHDRLVHK1CH23, raw=77661692, derived=77661692, unit=None), 'IDX__TXHDRLVHK1CH45': ParsedDataItem(IDX__TXHDRLVHK1CH45, raw=227346339, derived=227346339, unit=None), 'IDX__TXHDRLVHK1CH67': ParsedDataItem(IDX__TXHDRLVHK1CH67, raw=192872901, derived=192872901, unit=None), 'IDX__TXHDRLVHK2CH01': ParsedDataItem(IDX__TXHDRLVHK2CH01, raw=81265882, derived=81265882, unit=None), 'IDX__TXHDRLVHK2CH23': ParsedDataItem(IDX__TXHDRLVHK2CH23, raw=190778022, derived=190778022, unit=None), 'IDX__TXHDRLVHK2CH45': ParsedDataItem(IDX__TXHDRLVHK2CH45, raw=101059634, derived=101059634, unit=None), 'IDX__TXHDRLVHK2CH67': ParsedDataItem(IDX__TXHDRLVHK2CH67, raw=69016, derived=69016, unit=None), 'IDX__TXHDRSP09': ParsedDataItem(IDX__TXHDRSP09, raw=0, derived=0, unit=None), 'IDX__TXHDRSP10': ParsedDataItem(IDX__TXHDRSP10, raw=0, derived=0, unit=None), 'IDX__TXHDRFSWAIDCOPY': ParsedDataItem(IDX__TXHDRFSWAIDCOPY, raw=2415085345, derived=2415085345, unit=None), 'IDX__TXHDRFSWBINCOPY': ParsedDataItem(IDX__TXHDRFSWBINCOPY, raw=0, derived=0, unit=None), 'IDX__TXHDRFSWMAJOR': ParsedDataItem(IDX__TXHDRFSWMAJOR, raw=2, derived=2, unit=None), 'IDX__TXHDRFSWMINOR': ParsedDataItem(IDX__TXHDRFSWMINOR, raw=0, derived=0, unit=None), 'IDX__TXHDRFSWPATCH': ParsedDataItem(IDX__TXHDRFSWPATCH, raw=0, derived=0, unit=None), 'IDX__TXHDRFSWHVSTAT': ParsedDataItem(IDX__TXHDRFSWHVSTAT, raw=3, derived=3, unit=None), 'IDX__TXHDRFSWMEM0': ParsedDataItem(IDX__TXHDRFSWMEM0, raw=0, derived=0, unit=None), 'IDX__TXHDRFSWMEM1': ParsedDataItem(IDX__TXHDRFSWMEM1, raw=0, derived=0, unit=None), 'IDX__TXHDRFSWPT0': ParsedDataItem(IDX__TXHDRFSWPT0, raw=0, derived=0, unit=None), 'IDX__TXHDRFSWPT1': ParsedDataItem(IDX__TXHDRFSWPT1, raw=0, derived=0, unit=None), 'IDX__TXHDRFSWPT2': ParsedDataItem(IDX__TXHDRFSWPT2, raw=0, derived=0, unit=None), 'IDX__TXHDRFSWPT3': ParsedDataItem(IDX__TXHDRFSWPT3, raw=0, derived=0, unit=None), 'IDX__TXHDRFSWPT4': ParsedDataItem(IDX__TXHDRFSWPT4, raw=0, derived=0, unit=None), 'IDX__TXHDRFSWPT5': ParsedDataItem(IDX__TXHDRFSWPT5, raw=0, derived=0, unit=None), 'IDX__TXHDRFSWPT6': ParsedDataItem(IDX__TXHDRFSWPT6, raw=0, derived=0, unit=None), 'IDX__TXHDRFSWPT7': ParsedDataItem(IDX__TXHDRFSWPT7, raw=0, derived=0, unit=None), 'IDX__TXHDRFSWPT8': ParsedDataItem(IDX__TXHDRFSWPT8, raw=0, derived=0, unit=None), 'IDX__TXHDRFSWPT9': ParsedDataItem(IDX__TXHDRFSWPT9, raw=0, derived=0, unit=None), 'IDX__TXHDRFPGAVER': ParsedDataItem(IDX__TXHDRFPGAVER, raw=539165480, derived=539165480, unit=None), 'IDX__SYNCSCI0PKT': ParsedDataItem(IDX__SYNCSCI0PKT, raw=13107, derived=13107, unit=None), 'IDX__CRCSCI0PKT': ParsedDataItem(IDX__CRCSCI0PKT, raw=20016, derived=20016, unit=None)}
SHCOARSE = 440202862
SHFINE = 8852
IDX__SCI0AID = 2415085345
IDX__SCI0TYPE = 1
IDX__SCI0CONT = 127
IDX__SCI0SPARE1 = 0
IDX__SCI0PACK = EN
IDX__SCI0FRAG = DS
IDX__SCI0COMP = DS
IDX__SCI0EVTNUM = 119
IDX__SCI0CAT = 32
IDX__SCI0QUAL = 5
IDX__SCI0FRAGOFF = 0
IDX__SCI0VER = 9
IDX__SCI0TIME32 = 440200517
IDX__SCI0SPARE2 = 0
IDX__SCI0SPARE3 = 0
IDX__SCI0SPARE4 = 0
IDX__TXHDRSCIEVTLEN = 8320
IDX__TXHDRSP00 = 0
IDX__TXHDRTIMESEC1 = 6716
IDX__TXHDRTIMESEC2 = 60741
IDX__TXHDRTIMESUBS = 45598
IDX__TXHDRSP01 = 0
IDX__TXHDRTRIGOFFSET = 4
IDX__TXHDRSP02 = 0
IDX__TXHDRTRIGID = 1
IDX__TXHDREVTNUM = 119
IDX__TXHDRBLOCKS = 243679
IDX__TXHDRHGTRIGCTRL1 = 2264924160
IDX__TXHDRHGTRIGCTRL2 = 0
IDX__TXHDRLGTRIGCTRL1 = 4294965248
IDX__TXHDRLGTRIGCTRL2 = 4278255360
IDX__TXHDRMGTRIGCTRL1 = 4294965248
IDX__TXHDRMGTRIGCTRL2 = 4278255360
IDX__TXHDRSP03 = 0
IDX__TXHDRLSADC = 1048320
IDX__TXHDRPOLSTAT = NEG
IDX__TXHDRSP04 = 0
IDX__TXHDRPOLCTRL = POS
IDX__TXHDRCOINENA = DIS
IDX__TXHDRLSTRIGMODE = DIS
IDX__TXHDRMGTRIGMODE = 0
IDX__TXHDRLGTRIGMODE = 0
IDX__TXHDRHGTRIGMODE = 1
IDX__TXHDRSP05 = 0
IDX__TXHDRSP06 = 0
IDX__TXHDRSP07 = 2019
IDX__TXHDRSP08 = 0
IDX__TXHDRTOFMAX = 574102527
IDX__TXHDRTOFMIN = 535295470
IDX__TXHDRLS0MAXMIN = 9787104
IDX__TXHDRLS1MAXMIN = 8464361
IDX__TXHDRLS2MAXMIN = 8632289
IDX__TXHDRFIFODELAY = 16
IDX__TXHDRSAMPDELAY = 32537663
IDX__TXHDRTRANSCNT = 22
IDX__TXHDRPROCHKCH01 = 83690309
IDX__TXHDRPROCHKCH23 = 105055444
IDX__TXHDRPROCHKCH45 = 168625370
IDX__TXHDRPROCHKCH67 = 133695768
IDX__TXHDRHVPSHKCH01 = 131860073
IDX__TXHDRHVPSHKCH23 = 8849070
IDX__TXHDRHVPSHKCH45 = 153225178
IDX__TXHDRHVPSHKCH67 = 19991183
IDX__TXHDRLVHK0CH01 = 134219776
IDX__TXHDRLVHK0CH23 = 171838394
IDX__TXHDRLVHK0CH45 = 134745194
IDX__TXHDRLVHK0CH67 = 205589587
IDX__TXHDRLVHK1CH01 = 34801297
IDX__TXHDRLVHK1CH23 = 77661692
IDX__TXHDRLVHK1CH45 = 227346339
IDX__TXHDRLVHK1CH67 = 192872901
IDX__TXHDRLVHK2CH01 = 81265882
IDX__TXHDRLVHK2CH23 = 190778022
IDX__TXHDRLVHK2CH45 = 101059634
IDX__TXHDRLVHK2CH67 = 69016
IDX__TXHDRSP09 = 0
IDX__TXHDRSP10 = 0
IDX__TXHDRFSWAIDCOPY = 2415085345
IDX__TXHDRFSWBINCOPY = 0
IDX__TXHDRFSWMAJOR = 2
IDX__TXHDRFSWMINOR = 0
IDX__TXHDRFSWPATCH = 0
IDX__TXHDRFSWHVSTAT = 3
IDX__TXHDRFSWMEM0 = 0
IDX__TXHDRFSWMEM1 = 0
IDX__TXHDRFSWPT0 = 0
IDX__TXHDRFSWPT1 = 0
IDX__TXHDRFSWPT2 = 0
IDX__TXHDRFSWPT3 = 0
IDX__TXHDRFSWPT4 = 0
IDX__TXHDRFSWPT5 = 0
IDX__TXHDRFSWPT6 = 0
IDX__TXHDRFSWPT7 = 0
IDX__TXHDRFSWPT8 = 0
IDX__TXHDRFSWPT9 = 0
IDX__TXHDRFPGAVER = 539165480
IDX__SYNCSCI0PKT = 13107
IDX__CRCSCI0PKT = 20016
^*****Event header 19******^
EVTNUM: 19
SCI0TYPE: 1
TXHDRBLOCKS RAW: 243679
TXHDRBLOCKS DERIVED: 243679
-----
HS pre trig sampling blocks:  31
LS pre trig sampling blocks:  3
HS post trig sampling blocks:  31
LS post trig sampling blocks:  11
IDX__TXHDRHVPSHKCH01 = 131860073
Detector voltage =  1641
Sensor voltage =  2012
Target voltage =  1710
Reflectron voltage =  135
Rejection voltage =  2010
Current for HVPS sensor =  2338
Positive current for HVPS sensor =  2703
Negative current for HVPS sensor =  305
Voltage +3.3V reference =  2048
Voltage +3.3V operational reference =  2048
Voltage -6V bus =  3002
Voltage +6V bus =  2622
Voltage +16V bus =  3178
Voltage +3.3V bus =  2056
Voltage -5V bus =  3155
Voltage +5V bus =  3137
Current +3.3V bus =  1681
Current +16V bus =  1185
Current +6V bus =  1532
Current -6V bus =  1185
Current +5V bus =  1955
Current -5V bus =  3469
Current +2.5V bus =  453
Current -2.5V bus =  2943
Current on the 1V POL =  837
Current on the 1.9V POL =  1277
ProcBd Temperature 1 =  1236
ProcBd Temperature 2 =  1603
Voltage on 1V bus =  1242
FPGA Temperature =  2573
Voltage on 1.9V bus =  2328
Voltage on 3.3V bus =  2040
var_to_row = {'Last measurement in raw DN for Processor Board signal “1V POL Current”': 0, 'Last measurement in raw DN for Processor Board signal “1.9V POL Current”': 1, 'Last measurement in raw DN for Processor Board signal “ProcBd Temp1”': 2, nan: 48, 'Last measurement in raw DN for Processor Board signal “ProcBd Temp2”': 6, 'Last measurement in raw DN for Processor Board signal “1V Voltage”': 10, 'Last measurement in raw DN for Processor Board signal “FPGA Temp”': 11, 'Last measurement in raw DN for Processor Board signal “1.9V Voltage”': 12, 'Last measurement in raw DN for Processor Board signal “3.3V Voltage”': 13, 'Last measurement in raw DN for HVPS Board signal “Detector Voltage”': 14, 'Last measurement in raw DN for HVPS Board signal “Sensor Voltage"': 15, 'Last measurement in raw DN for HVPS Board signal “Target Voltage”': 16, 'Last measurement in raw DN for HVPS Board signal “Reflectron Voltage”': 17, 'Last measurement in raw DN for HVPS Board signal “Rejection Voltage”': 18, 'Last measurement in raw DN for HVPS Board signal “Detector Current”': 19, 'Last measurement in raw DN for HVPS Board signal “Sensor IP”': 20, 'Last measurement in raw DN for HVPS Board signal “Sensor IN”': 21, 'Last measurement in raw DN for LVPS Board signal “P3.3VREF_HK”': 22, 'Last measurement in raw DN for LVPS Board signal “P3.3VREF_OP”': 23, 'Last measurement in raw DN for LVPS Board signal “N6V”': 24, 'Last measurement in raw DN for LVPS Board signal “P6V”': 25, 'Last measurement in raw DN for LVPS Board signal “P16V”': 26, 'Last measurement in raw DN for LVPS Board signal “P3.3V”': 27, 'Last measurement in raw DN for LVPS Board signal “N5V”': 28, 'Last measurement in raw DN for LVPS Board signal “P5V”': 29, 'Last measurement in raw DN for LVPS Board signal “P3.3_IMON”': 30, 'Last measurement in raw DN for LVPS Board signal “P16V_IMON”': 31, 'Last measurement in raw DN for LVPS Board signal “P6V_IMON”': 32, 'Last measurement in raw DN for LVPS Board signal “N6V_IMON”': 33, 'Last measurement in raw DN for LVPS Board signal “P5V_IMON”': 34, 'Last measurement in raw DN for LVPS Board signal “N5V_IMON”': 35, 'Last measurement in raw DN for LVPS Board signal “P2.5V_IMON”': 36, 'Last measurement in raw DN for LVPS Board signal “N2.5V_IMON”': 37, 'Last measurement in raw DN for LVPS Board signal “THERM_DECON0”': 38, 'Last measurement in raw DN for LVPS Board signal “THERM_DECON1”': 39, 'Last measurement in raw DN for LVPS Board signal “THERM_DAB”': 40, 'Last measurement in raw DN for LVPS Board signal “THERM_LVPS”': 41, 'Last measurement in raw DN for LVPS Board signal “THERM_HVPS”': 45, 'Last measurement in raw DN for LVPS Board signal “P2.5V”': 49, 'Last measurement in raw DN for LVPS Board signal “N2.5V”': 50, 'Last measurement in raw DN for LVPS Board signal “Spare”': 51}

 
 ***** var_name being converted for each instrument setting ***** 
 

Matching row  18
coeffs for Last measurement in raw DN for Processor Board signal “1V POL Current”= [0.0 0.9029253 0.0 0.0 0.0 0.0 0.0 0.0]
var_name = Last measurement in raw DN for Processor Board signal “1V POL Current”
var_name = current_1V_pol
Header info = 837
Transformed value for current_1V_pol = 755.7484761000001
Matching row  18
coeffs for Last measurement in raw DN for Processor Board signal “1.9V POL Current”= [0.0 0.9029253 0.0 0.0 0.0 0.0 0.0 0.0]
var_name = Last measurement in raw DN for Processor Board signal “1.9V POL Current”
var_name = current_1.9V_pol
Header info = 1277
Transformed value for current_1.9V_pol = 1153.0356081
Matching row  18
coeffs for Last measurement in raw DN for Processor Board signal “ProcBd Temp1”= [162.8276 -0.2668687 0.0003323794 -2.43153e-07 9.034532e-11 -1.327735e-14
 0.0 0.0]
var_name = Last measurement in raw DN for Processor Board signal “ProcBd Temp1”
var_name = temperature_1
Header info = 1236
Transformed value for temperature_1 = 54.17567241640284
Matching row  18
coeffs for nan= [-104713.9 52.02446 -0.006463374 0.0 0.0 0.0 0.0 0.0]
var_name = nan
var_name = None
KeyError: (19, None) - Could not find entry for None, 48. Please check the Var_notes or variable mapping.
Matching row  18
coeffs for Last measurement in raw DN for Processor Board signal “ProcBd Temp2”= [162.8276 -0.2668687 0.0003323794 -2.43153e-07 9.034532e-11 -1.327735e-14
 0.0 0.0]
var_name = Last measurement in raw DN for Processor Board signal “ProcBd Temp2”
var_name = temperature_2
Header info = 1603
Transformed value for temperature_2 = 43.561749037919924
Matching row  18
coeffs for Last measurement in raw DN for Processor Board signal “1V Voltage”= [0.0 0.000805861 0.0 0.0 0.0 0.0 0.0 0.0]
var_name = Last measurement in raw DN for Processor Board signal “1V Voltage”
var_name = voltage_1V_bus
Header info = 1242
Transformed value for voltage_1V_bus = 1.0008793619999998
Matching row  18
coeffs for Last measurement in raw DN for Processor Board signal “FPGA Temp”= [358.31 -0.1187104 0.0 0.0 0.0 0.0 0.0 0.0]
var_name = Last measurement in raw DN for Processor Board signal “FPGA Temp”
var_name = fpga_temperature
Header info = 2573
Transformed value for fpga_temperature = 52.86814079999999
Matching row  18
coeffs for Last measurement in raw DN for Processor Board signal “1.9V Voltage”= [0.0 0.000805861 0.0 0.0 0.0 0.0 0.0 0.0]
var_name = Last measurement in raw DN for Processor Board signal “1.9V Voltage”
var_name = voltage_1.9V_bus
Header info = 2328
Transformed value for voltage_1.9V_bus = 1.8760444079999998
Matching row  18
coeffs for Last measurement in raw DN for Processor Board signal “3.3V Voltage”= [0.0 0.001611722 0.0 0.0 0.0 0.0 0.0 0.0]
var_name = Last measurement in raw DN for Processor Board signal “3.3V Voltage”
var_name = voltage_3.3V_bus
Header info = 2040
Transformed value for voltage_3.3V_bus = 3.28791288
Matching row  18
coeffs for Last measurement in raw DN for HVPS Board signal “Detector Voltage”= [0.0 1.4652 0.0 0.0 0.0 0.0 0.0 0.0]
var_name = Last measurement in raw DN for HVPS Board signal “Detector Voltage”
var_name = detector_voltage
Header info = 1641
Transformed value for detector_voltage = 2404.3932
Matching row  18
coeffs for Last measurement in raw DN for HVPS Board signal “Sensor Voltage"= [0.0 1.4652 0.0 0.0 0.0 0.0 0.0 0.0]
var_name = Last measurement in raw DN for HVPS Board signal “Sensor Voltage"
var_name = sensor_voltage
Header info = 2012
Transformed value for sensor_voltage = 2947.9824000000003
Matching row  18
coeffs for Last measurement in raw DN for HVPS Board signal “Target Voltage”= [0.0 1.4652 0.0 0.0 0.0 0.0 0.0 0.0]
var_name = Last measurement in raw DN for HVPS Board signal “Target Voltage”
var_name = target_voltage
Header info = 1710
Transformed value for target_voltage = 2505.492
Matching row  18
coeffs for Last measurement in raw DN for HVPS Board signal “Reflectron Voltage”= [0.0 1.4652 0.0 0.0 0.0 0.0 0.0 0.0]
var_name = Last measurement in raw DN for HVPS Board signal “Reflectron Voltage”
var_name = reflectron_voltage
Header info = 135
Transformed value for reflectron_voltage = 197.80200000000002
Matching row  18
coeffs for Last measurement in raw DN for HVPS Board signal “Rejection Voltage”= [0.0 1.4652 0.0 0.0 0.0 0.0 0.0 0.0]
var_name = Last measurement in raw DN for HVPS Board signal “Rejection Voltage”
var_name = rejection_voltage
Header info = 2010
Transformed value for rejection_voltage = 2945.052
Matching row  18
coeffs for Last measurement in raw DN for HVPS Board signal “Detector Current”= [0.0 7.326e-06 0.0 0.0 0.0 0.0 0.0 0.0]
var_name = Last measurement in raw DN for HVPS Board signal “Detector Current”
var_name = current_hvps_sensor
Header info = 2338
Transformed value for current_hvps_sensor = 0.017128188
Matching row  18
coeffs for Last measurement in raw DN for HVPS Board signal “Sensor IP”= [0.0 2.4339e-05 0.0 0.0 0.0 0.0 0.0 0.0]
var_name = Last measurement in raw DN for HVPS Board signal “Sensor IP”
var_name = positive_current_hvps
Header info = 2703
Transformed value for positive_current_hvps = 0.065788317
Matching row  18
coeffs for Last measurement in raw DN for HVPS Board signal “Sensor IN”= [0.0 2.4339e-05 0.0 0.0 0.0 0.0 0.0 0.0]
var_name = Last measurement in raw DN for HVPS Board signal “Sensor IN”
var_name = negative_current_hvps
Header info = 305
Transformed value for negative_current_hvps = 0.007423394999999999
Matching row  18
coeffs for Last measurement in raw DN for LVPS Board signal “P3.3VREF_HK”= [0.0 0.00161172 0.0 0.0 0.0 0.0 0.0 0.0]
var_name = Last measurement in raw DN for LVPS Board signal “P3.3VREF_HK”
var_name = voltage_3V3_ref
Header info = 2048
Transformed value for voltage_3V3_ref = 3.30080256
Matching row  18
coeffs for Last measurement in raw DN for LVPS Board signal “P3.3VREF_OP”= [0.0 0.00161172 0.0 0.0 0.0 0.0 0.0 0.0]
var_name = Last measurement in raw DN for LVPS Board signal “P3.3VREF_OP”
var_name = voltage_3V3_op_ref
Header info = 2048
Transformed value for voltage_3V3_op_ref = 3.30080256
Matching row  18
coeffs for Last measurement in raw DN for LVPS Board signal “N6V”= [-33.0 0.00886447 0.0 0.0 0.0 0.0 0.0 0.0]
var_name = Last measurement in raw DN for LVPS Board signal “N6V”
var_name = voltage_neg6V_bus
Header info = 3002
Transformed value for voltage_neg6V_bus = -6.3888610600000035
Matching row  18
coeffs for Last measurement in raw DN for LVPS Board signal “P6V”= [0.0 0.00241758 0.0 0.0 0.0 0.0 0.0 0.0]
var_name = Last measurement in raw DN for LVPS Board signal “P6V”
var_name = voltage_pos6V_bus
Header info = 2622
Transformed value for voltage_pos6V_bus = 6.33889476
Matching row  18
coeffs for Last measurement in raw DN for LVPS Board signal “P16V”= [0.0 0.00482711 0.0 0.0 0.0 0.0 0.0 0.0]
var_name = Last measurement in raw DN for LVPS Board signal “P16V”
var_name = voltage_pos16V_bus
Header info = 3178
Transformed value for voltage_pos16V_bus = 15.34055558
Matching row  18
coeffs for Last measurement in raw DN for LVPS Board signal “P3.3V”= [0.0 0.00161172 0.0 0.0 0.0 0.0 0.0 0.0]
var_name = Last measurement in raw DN for LVPS Board signal “P3.3V”
var_name = voltage_pos3V3_bus
Header info = 2056
Transformed value for voltage_pos3V3_bus = 3.31369632
Matching row  18
coeffs for Last measurement in raw DN for LVPS Board signal “N5V”= [-33.0 0.00886447 0.0 0.0 0.0 0.0 0.0 0.0]
var_name = Last measurement in raw DN for LVPS Board signal “N5V”
var_name = voltage_neg5V_bus
Header info = 3155
Transformed value for voltage_neg5V_bus = -5.032597150000001
Matching row  18
coeffs for Last measurement in raw DN for LVPS Board signal “P5V”= [0.0 0.00161172 0.0 0.0 0.0 0.0 0.0 0.0]
var_name = Last measurement in raw DN for LVPS Board signal “P5V”
var_name = voltage_pos5V_bus
Header info = 3137
Transformed value for voltage_pos5V_bus = 5.05596564
Matching row  18
coeffs for Last measurement in raw DN for LVPS Board signal “P3.3_IMON”= [0.0 0.00161172 0.0 0.0 0.0 0.0 0.0 0.0]
var_name = Last measurement in raw DN for LVPS Board signal “P3.3_IMON”
var_name = current_3V3_bus
Header info = 1681
Transformed value for current_3V3_bus = 2.7093013200000002
Matching row  18
coeffs for Last measurement in raw DN for LVPS Board signal “P16V_IMON”= [0.0 0.000161172 0.0 0.0 0.0 0.0 0.0 0.0]
var_name = Last measurement in raw DN for LVPS Board signal “P16V_IMON”
var_name = current_16V_bus
Header info = 1185
Transformed value for current_16V_bus = 0.19098882
Matching row  18
coeffs for Last measurement in raw DN for LVPS Board signal “P6V_IMON”= [0.0 8.05861e-05 0.0 0.0 0.0 0.0 0.0 0.0]
var_name = Last measurement in raw DN for LVPS Board signal “P6V_IMON”
var_name = current_6V_bus
Header info = 1532
Transformed value for current_6V_bus = 0.1234579052
Matching row  18
coeffs for Last measurement in raw DN for LVPS Board signal “N6V_IMON”= [0.0 -8.05861e-05 0.0 0.0 0.0 0.0 0.0 0.0]
var_name = Last measurement in raw DN for LVPS Board signal “N6V_IMON”
var_name = current_neg6V_bus
Header info = 1185
Transformed value for current_neg6V_bus = -0.0954945285
Matching row  18
coeffs for Last measurement in raw DN for LVPS Board signal “P5V_IMON”= [0.0 4.029304e-05 0.0 0.0 0.0 0.0 0.0 0.0]
var_name = Last measurement in raw DN for LVPS Board signal “P5V_IMON”
var_name = current_5V_bus
Header info = 1955
Transformed value for current_5V_bus = 0.0787728932
Matching row  18
coeffs for Last measurement in raw DN for LVPS Board signal “N5V_IMON”= [0.0 -2.01465e-05 0.0 0.0 0.0 0.0 0.0 0.0]
var_name = Last measurement in raw DN for LVPS Board signal “N5V_IMON”
var_name = current_neg5V_bus
Header info = 3469
Transformed value for current_neg5V_bus = -0.06988820850000001
Matching row  18
coeffs for Last measurement in raw DN for LVPS Board signal “P2.5V_IMON”= [0.0 0.00161172 0.0 0.0 0.0 0.0 0.0 0.0]
var_name = Last measurement in raw DN for LVPS Board signal “P2.5V_IMON”
var_name = current_2V5_bus
Header info = 453
Transformed value for current_2V5_bus = 0.73010916
Matching row  18
coeffs for Last measurement in raw DN for LVPS Board signal “N2.5V_IMON”= [0.0 -4.0293e-05 0.0 0.0 0.0 0.0 0.0 0.0]
var_name = Last measurement in raw DN for LVPS Board signal “N2.5V_IMON”
var_name = current_neg2V5_bus
Header info = 2943
Transformed value for current_neg2V5_bus = -0.118582299
Matching row  18
coeffs for Last measurement in raw DN for LVPS Board signal “THERM_DECON0”= [-110.293 0.0665351 0.000305738 -6.32048e-07 5.9934e-10 -2.98784e-13
 7.61361e-17 -7.76467e-21]
var_name = Last measurement in raw DN for LVPS Board signal “THERM_DECON0”
var_name = None
KeyError: (19, None) - Could not find entry for None, 38. Please check the Var_notes or variable mapping.
Matching row  18
coeffs for Last measurement in raw DN for LVPS Board signal “THERM_DECON1”= [-150.478 0.376986 -0.00062072 7.73853e-07 -5.81588e-10 2.56368e-13
 -6.05698e-17 5.96635e-21]
var_name = Last measurement in raw DN for LVPS Board signal “THERM_DECON1”
var_name = None
KeyError: (19, None) - Could not find entry for None, 39. Please check the Var_notes or variable mapping.
Matching row  18
coeffs for Last measurement in raw DN for LVPS Board signal “THERM_DAB”= [-443.248 1.31224 -0.00180422 1.40016e-06 -6.43766e-10 1.7448e-13
 -2.57695e-17 1.60239e-21]
var_name = Last measurement in raw DN for LVPS Board signal “THERM_DAB”
var_name = None
KeyError: (19, None) - Could not find entry for None, 40. Please check the Var_notes or variable mapping.
Matching row  18
coeffs for Last measurement in raw DN for LVPS Board signal “THERM_LVPS”= [200.4137 -0.2020699 0.000175403 -9.739547e-08 2.888932e-11 -3.545603e-15
 0.0 0.0]
var_name = Last measurement in raw DN for LVPS Board signal “THERM_LVPS”
var_name = None
KeyError: (19, None) - Could not find entry for None, 41. Please check the Var_notes or variable mapping.
Matching row  18
coeffs for Last measurement in raw DN for LVPS Board signal “THERM_HVPS”= [200.4137 -0.2020699 0.000175403 -9.739547e-08 2.888932e-11 -3.545603e-15
 0.0 0.0]
var_name = Last measurement in raw DN for LVPS Board signal “THERM_HVPS”
var_name = None
KeyError: (19, None) - Could not find entry for None, 45. Please check the Var_notes or variable mapping.
Matching row  18
coeffs for Last measurement in raw DN for LVPS Board signal “P2.5V”= [0.0 0.00161172 0.0 0.0 0.0 0.0 0.0 0.0]
var_name = Last measurement in raw DN for LVPS Board signal “P2.5V”
var_name = None
KeyError: (19, None) - Could not find entry for None, 49. Please check the Var_notes or variable mapping.
Matching row  18
coeffs for Last measurement in raw DN for LVPS Board signal “N2.5V”= [-33.0 0.00886447 0.0 0.0 0.0 0.0 0.0 0.0]
var_name = Last measurement in raw DN for LVPS Board signal “N2.5V”
var_name = None
KeyError: (19, None) - Could not find entry for None, 50. Please check the Var_notes or variable mapping.
Matching row  18
coeffs for Last measurement in raw DN for LVPS Board signal “Spare”= [0.0 0.00161172 0.0 0.0 0.0 0.0 0.0 0.0]
var_name = Last measurement in raw DN for LVPS Board signal “Spare”
var_name = spare_signal
KeyError: (19, 'spare_signal') - Could not find entry for spare_signal, 51. Please check the Var_notes or variable mapping.
High gain delay = 63 samples.
Mid gain delay = 31 samples.
Low gain delay = 31 samples.
High sampling trigger mode =  0 0 1
High gain trigger mode enabled.
For 2264924160, HG Trigger level = 0.15605999999999998, sample settings = 0, 0
Threshold trigger mode enabled for high gain channel.
AID = 2415085345
Event number = 119
Rice compression enabled = False
Timestamp = 440200517.91196 seconds since epoch (Midnight January 1st, 2010)
Trigger time = 2023-12-13T21:55:17.911960Z
19
19
19
19
19
19
19
19
19
19
19
19
19
{'SHCOARSE': ParsedDataItem(SHCOARSE, raw=440202875, derived=440202875, unit=dn), 'SHFINE': ParsedDataItem(SHFINE, raw=8861, derived=8861, unit=dn), 'IDX__SCI0AID': ParsedDataItem(IDX__SCI0AID, raw=2415085345, derived=2415085345, unit=None), 'IDX__SCI0TYPE': ParsedDataItem(IDX__SCI0TYPE, raw=1, derived=1, unit=None), 'IDX__SCI0CONT': ParsedDataItem(IDX__SCI0CONT, raw=127, derived=127, unit=None), 'IDX__SCI0SPARE1': ParsedDataItem(IDX__SCI0SPARE1, raw=0, derived=0, unit=None), 'IDX__SCI0PACK': ParsedDataItem(IDX__SCI0PACK, raw=1, derived=EN, unit=None), 'IDX__SCI0FRAG': ParsedDataItem(IDX__SCI0FRAG, raw=0, derived=DS, unit=None), 'IDX__SCI0COMP': ParsedDataItem(IDX__SCI0COMP, raw=0, derived=DS, unit=None), 'IDX__SCI0EVTNUM': ParsedDataItem(IDX__SCI0EVTNUM, raw=120, derived=120, unit=None), 'IDX__SCI0CAT': ParsedDataItem(IDX__SCI0CAT, raw=32, derived=32, unit=None), 'IDX__SCI0QUAL': ParsedDataItem(IDX__SCI0QUAL, raw=5, derived=5, unit=None), 'IDX__SCI0FRAGOFF': ParsedDataItem(IDX__SCI0FRAGOFF, raw=0, derived=0, unit=None), 'IDX__SCI0VER': ParsedDataItem(IDX__SCI0VER, raw=9, derived=9, unit=None), 'IDX__SCI0TIME32': ParsedDataItem(IDX__SCI0TIME32, raw=440200626, derived=440200626, unit=None), 'IDX__SCI0SPARE2': ParsedDataItem(IDX__SCI0SPARE2, raw=0, derived=0, unit=None), 'IDX__SCI0SPARE3': ParsedDataItem(IDX__SCI0SPARE3, raw=0, derived=0, unit=None), 'IDX__SCI0SPARE4': ParsedDataItem(IDX__SCI0SPARE4, raw=0, derived=0, unit=None), 'IDX__TXHDRSCIEVTLEN': ParsedDataItem(IDX__TXHDRSCIEVTLEN, raw=8320, derived=8320, unit=None), 'IDX__TXHDRSP00': ParsedDataItem(IDX__TXHDRSP00, raw=0, derived=0, unit=None), 'IDX__TXHDRTIMESEC1': ParsedDataItem(IDX__TXHDRTIMESEC1, raw=6716, derived=6716, unit=None), 'IDX__TXHDRTIMESEC2': ParsedDataItem(IDX__TXHDRTIMESEC2, raw=60850, derived=60850, unit=None), 'IDX__TXHDRTIMESUBS': ParsedDataItem(IDX__TXHDRTIMESUBS, raw=15083, derived=15083, unit=None), 'IDX__TXHDRSP01': ParsedDataItem(IDX__TXHDRSP01, raw=0, derived=0, unit=None), 'IDX__TXHDRTRIGOFFSET': ParsedDataItem(IDX__TXHDRTRIGOFFSET, raw=7, derived=7, unit=None), 'IDX__TXHDRSP02': ParsedDataItem(IDX__TXHDRSP02, raw=0, derived=0, unit=None), 'IDX__TXHDRTRIGID': ParsedDataItem(IDX__TXHDRTRIGID, raw=1, derived=1, unit=None), 'IDX__TXHDREVTNUM': ParsedDataItem(IDX__TXHDREVTNUM, raw=120, derived=120, unit=None), 'IDX__TXHDRBLOCKS': ParsedDataItem(IDX__TXHDRBLOCKS, raw=243679, derived=243679, unit=None), 'IDX__TXHDRHGTRIGCTRL1': ParsedDataItem(IDX__TXHDRHGTRIGCTRL1, raw=2264924160, derived=2264924160, unit=None), 'IDX__TXHDRHGTRIGCTRL2': ParsedDataItem(IDX__TXHDRHGTRIGCTRL2, raw=0, derived=0, unit=None), 'IDX__TXHDRLGTRIGCTRL1': ParsedDataItem(IDX__TXHDRLGTRIGCTRL1, raw=4294965248, derived=4294965248, unit=None), 'IDX__TXHDRLGTRIGCTRL2': ParsedDataItem(IDX__TXHDRLGTRIGCTRL2, raw=4278255360, derived=4278255360, unit=None), 'IDX__TXHDRMGTRIGCTRL1': ParsedDataItem(IDX__TXHDRMGTRIGCTRL1, raw=4294965248, derived=4294965248, unit=None), 'IDX__TXHDRMGTRIGCTRL2': ParsedDataItem(IDX__TXHDRMGTRIGCTRL2, raw=4278255360, derived=4278255360, unit=None), 'IDX__TXHDRSP03': ParsedDataItem(IDX__TXHDRSP03, raw=0, derived=0, unit=None), 'IDX__TXHDRLSADC': ParsedDataItem(IDX__TXHDRLSADC, raw=1048320, derived=1048320, unit=None), 'IDX__TXHDRPOLSTAT': ParsedDataItem(IDX__TXHDRPOLSTAT, raw=1, derived=NEG, unit=None), 'IDX__TXHDRSP04': ParsedDataItem(IDX__TXHDRSP04, raw=0, derived=0, unit=None), 'IDX__TXHDRPOLCTRL': ParsedDataItem(IDX__TXHDRPOLCTRL, raw=0, derived=POS, unit=None), 'IDX__TXHDRCOINENA': ParsedDataItem(IDX__TXHDRCOINENA, raw=0, derived=DIS, unit=None), 'IDX__TXHDRLSTRIGMODE': ParsedDataItem(IDX__TXHDRLSTRIGMODE, raw=0, derived=DIS, unit=None), 'IDX__TXHDRMGTRIGMODE': ParsedDataItem(IDX__TXHDRMGTRIGMODE, raw=0, derived=0, unit=None), 'IDX__TXHDRLGTRIGMODE': ParsedDataItem(IDX__TXHDRLGTRIGMODE, raw=0, derived=0, unit=None), 'IDX__TXHDRHGTRIGMODE': ParsedDataItem(IDX__TXHDRHGTRIGMODE, raw=1, derived=1, unit=None), 'IDX__TXHDRSP05': ParsedDataItem(IDX__TXHDRSP05, raw=0, derived=0, unit=None), 'IDX__TXHDRSP06': ParsedDataItem(IDX__TXHDRSP06, raw=0, derived=0, unit=None), 'IDX__TXHDRSP07': ParsedDataItem(IDX__TXHDRSP07, raw=2017, derived=2017, unit=None), 'IDX__TXHDRSP08': ParsedDataItem(IDX__TXHDRSP08, raw=0, derived=0, unit=None), 'IDX__TXHDRTOFMAX': ParsedDataItem(IDX__TXHDRTOFMAX, raw=573053951, derived=573053951, unit=None), 'IDX__TXHDRTOFMIN': ParsedDataItem(IDX__TXHDRTOFMIN, raw=535295466, derived=535295466, unit=None), 'IDX__TXHDRLS0MAXMIN': ParsedDataItem(IDX__TXHDRLS0MAXMIN, raw=9668364, derived=9668364, unit=None), 'IDX__TXHDRLS1MAXMIN': ParsedDataItem(IDX__TXHDRLS1MAXMIN, raw=8452073, derived=8452073, unit=None), 'IDX__TXHDRLS2MAXMIN': ParsedDataItem(IDX__TXHDRLS2MAXMIN, raw=8607713, derived=8607713, unit=None), 'IDX__TXHDRFIFODELAY': ParsedDataItem(IDX__TXHDRFIFODELAY, raw=17, derived=17, unit=None), 'IDX__TXHDRSAMPDELAY': ParsedDataItem(IDX__TXHDRSAMPDELAY, raw=57728088, derived=57728088, unit=None), 'IDX__TXHDRTRANSCNT': ParsedDataItem(IDX__TXHDRTRANSCNT, raw=10, derived=10, unit=None), 'IDX__TXHDRPROCHKCH01': ParsedDataItem(IDX__TXHDRPROCHKCH01, raw=83690309, derived=83690309, unit=None), 'IDX__TXHDRPROCHKCH23': ParsedDataItem(IDX__TXHDRPROCHKCH23, raw=104924370, derived=104924370, unit=None), 'IDX__TXHDRPROCHKCH45': ParsedDataItem(IDX__TXHDRPROCHKCH45, raw=168559834, derived=168559834, unit=None), 'IDX__TXHDRPROCHKCH67': ParsedDataItem(IDX__TXHDRPROCHKCH67, raw=133695768, derived=133695768, unit=None), 'IDX__TXHDRHVPSHKCH01': ParsedDataItem(IDX__TXHDRHVPSHKCH01, raw=131860073, derived=131860073, unit=None), 'IDX__TXHDRHVPSHKCH23': ParsedDataItem(IDX__TXHDRHVPSHKCH23, raw=8849070, derived=8849070, unit=None), 'IDX__TXHDRHVPSHKCH45': ParsedDataItem(IDX__TXHDRHVPSHKCH45, raw=153290714, derived=153290714, unit=None), 'IDX__TXHDRHVPSHKCH67': ParsedDataItem(IDX__TXHDRHVPSHKCH67, raw=19925648, derived=19925648, unit=None), 'IDX__TXHDRLVHK0CH01': ParsedDataItem(IDX__TXHDRLVHK0CH01, raw=134219776, derived=134219776, unit=None), 'IDX__TXHDRLVHK0CH23': ParsedDataItem(IDX__TXHDRLVHK0CH23, raw=171838394, derived=171838394, unit=None), 'IDX__TXHDRLVHK0CH45': ParsedDataItem(IDX__TXHDRLVHK0CH45, raw=134745194, derived=134745194, unit=None), 'IDX__TXHDRLVHK0CH67': ParsedDataItem(IDX__TXHDRLVHK0CH67, raw=205589587, derived=205589587, unit=None), 'IDX__TXHDRLVHK1CH01': ParsedDataItem(IDX__TXHDRLVHK1CH01, raw=34801297, derived=34801297, unit=None), 'IDX__TXHDRLVHK1CH23': ParsedDataItem(IDX__TXHDRLVHK1CH23, raw=77661692, derived=77661692, unit=None), 'IDX__TXHDRLVHK1CH45': ParsedDataItem(IDX__TXHDRLVHK1CH45, raw=227346339, derived=227346339, unit=None), 'IDX__TXHDRLVHK1CH67': ParsedDataItem(IDX__TXHDRLVHK1CH67, raw=192872901, derived=192872901, unit=None), 'IDX__TXHDRLVHK2CH01': ParsedDataItem(IDX__TXHDRLVHK2CH01, raw=81331419, derived=81331419, unit=None), 'IDX__TXHDRLVHK2CH23': ParsedDataItem(IDX__TXHDRLVHK2CH23, raw=190712488, derived=190712488, unit=None), 'IDX__TXHDRLVHK2CH45': ParsedDataItem(IDX__TXHDRLVHK2CH45, raw=100994097, derived=100994097, unit=None), 'IDX__TXHDRLVHK2CH67': ParsedDataItem(IDX__TXHDRLVHK2CH67, raw=69016, derived=69016, unit=None), 'IDX__TXHDRSP09': ParsedDataItem(IDX__TXHDRSP09, raw=0, derived=0, unit=None), 'IDX__TXHDRSP10': ParsedDataItem(IDX__TXHDRSP10, raw=0, derived=0, unit=None), 'IDX__TXHDRFSWAIDCOPY': ParsedDataItem(IDX__TXHDRFSWAIDCOPY, raw=2415085345, derived=2415085345, unit=None), 'IDX__TXHDRFSWBINCOPY': ParsedDataItem(IDX__TXHDRFSWBINCOPY, raw=0, derived=0, unit=None), 'IDX__TXHDRFSWMAJOR': ParsedDataItem(IDX__TXHDRFSWMAJOR, raw=2, derived=2, unit=None), 'IDX__TXHDRFSWMINOR': ParsedDataItem(IDX__TXHDRFSWMINOR, raw=0, derived=0, unit=None), 'IDX__TXHDRFSWPATCH': ParsedDataItem(IDX__TXHDRFSWPATCH, raw=0, derived=0, unit=None), 'IDX__TXHDRFSWHVSTAT': ParsedDataItem(IDX__TXHDRFSWHVSTAT, raw=3, derived=3, unit=None), 'IDX__TXHDRFSWMEM0': ParsedDataItem(IDX__TXHDRFSWMEM0, raw=0, derived=0, unit=None), 'IDX__TXHDRFSWMEM1': ParsedDataItem(IDX__TXHDRFSWMEM1, raw=0, derived=0, unit=None), 'IDX__TXHDRFSWPT0': ParsedDataItem(IDX__TXHDRFSWPT0, raw=0, derived=0, unit=None), 'IDX__TXHDRFSWPT1': ParsedDataItem(IDX__TXHDRFSWPT1, raw=0, derived=0, unit=None), 'IDX__TXHDRFSWPT2': ParsedDataItem(IDX__TXHDRFSWPT2, raw=0, derived=0, unit=None), 'IDX__TXHDRFSWPT3': ParsedDataItem(IDX__TXHDRFSWPT3, raw=0, derived=0, unit=None), 'IDX__TXHDRFSWPT4': ParsedDataItem(IDX__TXHDRFSWPT4, raw=0, derived=0, unit=None), 'IDX__TXHDRFSWPT5': ParsedDataItem(IDX__TXHDRFSWPT5, raw=0, derived=0, unit=None), 'IDX__TXHDRFSWPT6': ParsedDataItem(IDX__TXHDRFSWPT6, raw=0, derived=0, unit=None), 'IDX__TXHDRFSWPT7': ParsedDataItem(IDX__TXHDRFSWPT7, raw=0, derived=0, unit=None), 'IDX__TXHDRFSWPT8': ParsedDataItem(IDX__TXHDRFSWPT8, raw=0, derived=0, unit=None), 'IDX__TXHDRFSWPT9': ParsedDataItem(IDX__TXHDRFSWPT9, raw=0, derived=0, unit=None), 'IDX__TXHDRFPGAVER': ParsedDataItem(IDX__TXHDRFPGAVER, raw=539165480, derived=539165480, unit=None), 'IDX__SYNCSCI0PKT': ParsedDataItem(IDX__SYNCSCI0PKT, raw=13107, derived=13107, unit=None), 'IDX__CRCSCI0PKT': ParsedDataItem(IDX__CRCSCI0PKT, raw=38515, derived=38515, unit=None)}
SHCOARSE = 440202875
SHFINE = 8861
IDX__SCI0AID = 2415085345
IDX__SCI0TYPE = 1
IDX__SCI0CONT = 127
IDX__SCI0SPARE1 = 0
IDX__SCI0PACK = EN
IDX__SCI0FRAG = DS
IDX__SCI0COMP = DS
IDX__SCI0EVTNUM = 120
IDX__SCI0CAT = 32
IDX__SCI0QUAL = 5
IDX__SCI0FRAGOFF = 0
IDX__SCI0VER = 9
IDX__SCI0TIME32 = 440200626
IDX__SCI0SPARE2 = 0
IDX__SCI0SPARE3 = 0
IDX__SCI0SPARE4 = 0
IDX__TXHDRSCIEVTLEN = 8320
IDX__TXHDRSP00 = 0
IDX__TXHDRTIMESEC1 = 6716
IDX__TXHDRTIMESEC2 = 60850
IDX__TXHDRTIMESUBS = 15083
IDX__TXHDRSP01 = 0
IDX__TXHDRTRIGOFFSET = 7
IDX__TXHDRSP02 = 0
IDX__TXHDRTRIGID = 1
IDX__TXHDREVTNUM = 120
IDX__TXHDRBLOCKS = 243679
IDX__TXHDRHGTRIGCTRL1 = 2264924160
IDX__TXHDRHGTRIGCTRL2 = 0
IDX__TXHDRLGTRIGCTRL1 = 4294965248
IDX__TXHDRLGTRIGCTRL2 = 4278255360
IDX__TXHDRMGTRIGCTRL1 = 4294965248
IDX__TXHDRMGTRIGCTRL2 = 4278255360
IDX__TXHDRSP03 = 0
IDX__TXHDRLSADC = 1048320
IDX__TXHDRPOLSTAT = NEG
IDX__TXHDRSP04 = 0
IDX__TXHDRPOLCTRL = POS
IDX__TXHDRCOINENA = DIS
IDX__TXHDRLSTRIGMODE = DIS
IDX__TXHDRMGTRIGMODE = 0
IDX__TXHDRLGTRIGMODE = 0
IDX__TXHDRHGTRIGMODE = 1
IDX__TXHDRSP05 = 0
IDX__TXHDRSP06 = 0
IDX__TXHDRSP07 = 2017
IDX__TXHDRSP08 = 0
IDX__TXHDRTOFMAX = 573053951
IDX__TXHDRTOFMIN = 535295466
IDX__TXHDRLS0MAXMIN = 9668364
IDX__TXHDRLS1MAXMIN = 8452073
IDX__TXHDRLS2MAXMIN = 8607713
IDX__TXHDRFIFODELAY = 17
IDX__TXHDRSAMPDELAY = 57728088
IDX__TXHDRTRANSCNT = 10
IDX__TXHDRPROCHKCH01 = 83690309
IDX__TXHDRPROCHKCH23 = 104924370
IDX__TXHDRPROCHKCH45 = 168559834
IDX__TXHDRPROCHKCH67 = 133695768
IDX__TXHDRHVPSHKCH01 = 131860073
IDX__TXHDRHVPSHKCH23 = 8849070
IDX__TXHDRHVPSHKCH45 = 153290714
IDX__TXHDRHVPSHKCH67 = 19925648
IDX__TXHDRLVHK0CH01 = 134219776
IDX__TXHDRLVHK0CH23 = 171838394
IDX__TXHDRLVHK0CH45 = 134745194
IDX__TXHDRLVHK0CH67 = 205589587
IDX__TXHDRLVHK1CH01 = 34801297
IDX__TXHDRLVHK1CH23 = 77661692
IDX__TXHDRLVHK1CH45 = 227346339
IDX__TXHDRLVHK1CH67 = 192872901
IDX__TXHDRLVHK2CH01 = 81331419
IDX__TXHDRLVHK2CH23 = 190712488
IDX__TXHDRLVHK2CH45 = 100994097
IDX__TXHDRLVHK2CH67 = 69016
IDX__TXHDRSP09 = 0
IDX__TXHDRSP10 = 0
IDX__TXHDRFSWAIDCOPY = 2415085345
IDX__TXHDRFSWBINCOPY = 0
IDX__TXHDRFSWMAJOR = 2
IDX__TXHDRFSWMINOR = 0
IDX__TXHDRFSWPATCH = 0
IDX__TXHDRFSWHVSTAT = 3
IDX__TXHDRFSWMEM0 = 0
IDX__TXHDRFSWMEM1 = 0
IDX__TXHDRFSWPT0 = 0
IDX__TXHDRFSWPT1 = 0
IDX__TXHDRFSWPT2 = 0
IDX__TXHDRFSWPT3 = 0
IDX__TXHDRFSWPT4 = 0
IDX__TXHDRFSWPT5 = 0
IDX__TXHDRFSWPT6 = 0
IDX__TXHDRFSWPT7 = 0
IDX__TXHDRFSWPT8 = 0
IDX__TXHDRFSWPT9 = 0
IDX__TXHDRFPGAVER = 539165480
IDX__SYNCSCI0PKT = 13107
IDX__CRCSCI0PKT = 38515
^*****Event header 20******^
EVTNUM: 20
SCI0TYPE: 1
TXHDRBLOCKS RAW: 243679
TXHDRBLOCKS DERIVED: 243679
-----
HS pre trig sampling blocks:  31
LS pre trig sampling blocks:  3
HS post trig sampling blocks:  31
LS post trig sampling blocks:  11
IDX__TXHDRHVPSHKCH01 = 131860073
Detector voltage =  1641
Sensor voltage =  2012
Target voltage =  1710
Reflectron voltage =  135
Rejection voltage =  2010
Current for HVPS sensor =  2339
Positive current for HVPS sensor =  2704
Negative current for HVPS sensor =  304
Voltage +3.3V reference =  2048
Voltage +3.3V operational reference =  2048
Voltage -6V bus =  3002
Voltage +6V bus =  2622
Voltage +16V bus =  3178
Voltage +3.3V bus =  2056
Voltage -5V bus =  3155
Voltage +5V bus =  3137
Current +3.3V bus =  1681
Current +16V bus =  1185
Current +6V bus =  1532
Current -6V bus =  1185
Current +5V bus =  1955
Current -5V bus =  3469
Current +2.5V bus =  453
Current -2.5V bus =  2943
Current on the 1V POL =  837
Current on the 1.9V POL =  1277
ProcBd Temperature 1 =  1234
ProcBd Temperature 2 =  1601
Voltage on 1V bus =  1242
FPGA Temperature =  2572
Voltage on 1.9V bus =  2328
Voltage on 3.3V bus =  2040
var_to_row = {'Last measurement in raw DN for Processor Board signal “1V POL Current”': 0, 'Last measurement in raw DN for Processor Board signal “1.9V POL Current”': 1, 'Last measurement in raw DN for Processor Board signal “ProcBd Temp1”': 2, nan: 48, 'Last measurement in raw DN for Processor Board signal “ProcBd Temp2”': 6, 'Last measurement in raw DN for Processor Board signal “1V Voltage”': 10, 'Last measurement in raw DN for Processor Board signal “FPGA Temp”': 11, 'Last measurement in raw DN for Processor Board signal “1.9V Voltage”': 12, 'Last measurement in raw DN for Processor Board signal “3.3V Voltage”': 13, 'Last measurement in raw DN for HVPS Board signal “Detector Voltage”': 14, 'Last measurement in raw DN for HVPS Board signal “Sensor Voltage"': 15, 'Last measurement in raw DN for HVPS Board signal “Target Voltage”': 16, 'Last measurement in raw DN for HVPS Board signal “Reflectron Voltage”': 17, 'Last measurement in raw DN for HVPS Board signal “Rejection Voltage”': 18, 'Last measurement in raw DN for HVPS Board signal “Detector Current”': 19, 'Last measurement in raw DN for HVPS Board signal “Sensor IP”': 20, 'Last measurement in raw DN for HVPS Board signal “Sensor IN”': 21, 'Last measurement in raw DN for LVPS Board signal “P3.3VREF_HK”': 22, 'Last measurement in raw DN for LVPS Board signal “P3.3VREF_OP”': 23, 'Last measurement in raw DN for LVPS Board signal “N6V”': 24, 'Last measurement in raw DN for LVPS Board signal “P6V”': 25, 'Last measurement in raw DN for LVPS Board signal “P16V”': 26, 'Last measurement in raw DN for LVPS Board signal “P3.3V”': 27, 'Last measurement in raw DN for LVPS Board signal “N5V”': 28, 'Last measurement in raw DN for LVPS Board signal “P5V”': 29, 'Last measurement in raw DN for LVPS Board signal “P3.3_IMON”': 30, 'Last measurement in raw DN for LVPS Board signal “P16V_IMON”': 31, 'Last measurement in raw DN for LVPS Board signal “P6V_IMON”': 32, 'Last measurement in raw DN for LVPS Board signal “N6V_IMON”': 33, 'Last measurement in raw DN for LVPS Board signal “P5V_IMON”': 34, 'Last measurement in raw DN for LVPS Board signal “N5V_IMON”': 35, 'Last measurement in raw DN for LVPS Board signal “P2.5V_IMON”': 36, 'Last measurement in raw DN for LVPS Board signal “N2.5V_IMON”': 37, 'Last measurement in raw DN for LVPS Board signal “THERM_DECON0”': 38, 'Last measurement in raw DN for LVPS Board signal “THERM_DECON1”': 39, 'Last measurement in raw DN for LVPS Board signal “THERM_DAB”': 40, 'Last measurement in raw DN for LVPS Board signal “THERM_LVPS”': 41, 'Last measurement in raw DN for LVPS Board signal “THERM_HVPS”': 45, 'Last measurement in raw DN for LVPS Board signal “P2.5V”': 49, 'Last measurement in raw DN for LVPS Board signal “N2.5V”': 50, 'Last measurement in raw DN for LVPS Board signal “Spare”': 51}

 
 ***** var_name being converted for each instrument setting ***** 
 

Matching row  18
coeffs for Last measurement in raw DN for Processor Board signal “1V POL Current”= [0.0 0.9029253 0.0 0.0 0.0 0.0 0.0 0.0]
var_name = Last measurement in raw DN for Processor Board signal “1V POL Current”
var_name = current_1V_pol
Header info = 837
Transformed value for current_1V_pol = 755.7484761000001
Matching row  18
coeffs for Last measurement in raw DN for Processor Board signal “1.9V POL Current”= [0.0 0.9029253 0.0 0.0 0.0 0.0 0.0 0.0]
var_name = Last measurement in raw DN for Processor Board signal “1.9V POL Current”
var_name = current_1.9V_pol
Header info = 1277
Transformed value for current_1.9V_pol = 1153.0356081
Matching row  18
coeffs for Last measurement in raw DN for Processor Board signal “ProcBd Temp1”= [162.8276 -0.2668687 0.0003323794 -2.43153e-07 9.034532e-11 -1.327735e-14
 0.0 0.0]
var_name = Last measurement in raw DN for Processor Board signal “ProcBd Temp1”
var_name = temperature_1
Header info = 1234
Transformed value for temperature_1 = 54.24007250505319
Matching row  18
coeffs for nan= [-104713.9 52.02446 -0.006463374 0.0 0.0 0.0 0.0 0.0]
var_name = nan
var_name = None
KeyError: (20, None) - Could not find entry for None, 48. Please check the Var_notes or variable mapping.
Matching row  18
coeffs for Last measurement in raw DN for Processor Board signal “ProcBd Temp2”= [162.8276 -0.2668687 0.0003323794 -2.43153e-07 9.034532e-11 -1.327735e-14
 0.0 0.0]
var_name = Last measurement in raw DN for Processor Board signal “ProcBd Temp2”
var_name = temperature_2
Header info = 1601
Transformed value for temperature_2 = 43.61272457808022
Matching row  18
coeffs for Last measurement in raw DN for Processor Board signal “1V Voltage”= [0.0 0.000805861 0.0 0.0 0.0 0.0 0.0 0.0]
var_name = Last measurement in raw DN for Processor Board signal “1V Voltage”
var_name = voltage_1V_bus
Header info = 1242
Transformed value for voltage_1V_bus = 1.0008793619999998
Matching row  18
coeffs for Last measurement in raw DN for Processor Board signal “FPGA Temp”= [358.31 -0.1187104 0.0 0.0 0.0 0.0 0.0 0.0]
var_name = Last measurement in raw DN for Processor Board signal “FPGA Temp”
var_name = fpga_temperature
Header info = 2572
Transformed value for fpga_temperature = 52.986851200000046
Matching row  18
coeffs for Last measurement in raw DN for Processor Board signal “1.9V Voltage”= [0.0 0.000805861 0.0 0.0 0.0 0.0 0.0 0.0]
var_name = Last measurement in raw DN for Processor Board signal “1.9V Voltage”
var_name = voltage_1.9V_bus
Header info = 2328
Transformed value for voltage_1.9V_bus = 1.8760444079999998
Matching row  18
coeffs for Last measurement in raw DN for Processor Board signal “3.3V Voltage”= [0.0 0.001611722 0.0 0.0 0.0 0.0 0.0 0.0]
var_name = Last measurement in raw DN for Processor Board signal “3.3V Voltage”
var_name = voltage_3.3V_bus
Header info = 2040
Transformed value for voltage_3.3V_bus = 3.28791288
Matching row  18
coeffs for Last measurement in raw DN for HVPS Board signal “Detector Voltage”= [0.0 1.4652 0.0 0.0 0.0 0.0 0.0 0.0]
var_name = Last measurement in raw DN for HVPS Board signal “Detector Voltage”
var_name = detector_voltage
Header info = 1641
Transformed value for detector_voltage = 2404.3932
Matching row  18
coeffs for Last measurement in raw DN for HVPS Board signal “Sensor Voltage"= [0.0 1.4652 0.0 0.0 0.0 0.0 0.0 0.0]
var_name = Last measurement in raw DN for HVPS Board signal “Sensor Voltage"
var_name = sensor_voltage
Header info = 2012
Transformed value for sensor_voltage = 2947.9824000000003
Matching row  18
coeffs for Last measurement in raw DN for HVPS Board signal “Target Voltage”= [0.0 1.4652 0.0 0.0 0.0 0.0 0.0 0.0]
var_name = Last measurement in raw DN for HVPS Board signal “Target Voltage”
var_name = target_voltage
Header info = 1710
Transformed value for target_voltage = 2505.492
Matching row  18
coeffs for Last measurement in raw DN for HVPS Board signal “Reflectron Voltage”= [0.0 1.4652 0.0 0.0 0.0 0.0 0.0 0.0]
var_name = Last measurement in raw DN for HVPS Board signal “Reflectron Voltage”
var_name = reflectron_voltage
Header info = 135
Transformed value for reflectron_voltage = 197.80200000000002
Matching row  18
coeffs for Last measurement in raw DN for HVPS Board signal “Rejection Voltage”= [0.0 1.4652 0.0 0.0 0.0 0.0 0.0 0.0]
var_name = Last measurement in raw DN for HVPS Board signal “Rejection Voltage”
var_name = rejection_voltage
Header info = 2010
Transformed value for rejection_voltage = 2945.052
Matching row  18
coeffs for Last measurement in raw DN for HVPS Board signal “Detector Current”= [0.0 7.326e-06 0.0 0.0 0.0 0.0 0.0 0.0]
var_name = Last measurement in raw DN for HVPS Board signal “Detector Current”
var_name = current_hvps_sensor
Header info = 2339
Transformed value for current_hvps_sensor = 0.017135514
Matching row  18
coeffs for Last measurement in raw DN for HVPS Board signal “Sensor IP”= [0.0 2.4339e-05 0.0 0.0 0.0 0.0 0.0 0.0]
var_name = Last measurement in raw DN for HVPS Board signal “Sensor IP”
var_name = positive_current_hvps
Header info = 2704
Transformed value for positive_current_hvps = 0.065812656
Matching row  18
coeffs for Last measurement in raw DN for HVPS Board signal “Sensor IN”= [0.0 2.4339e-05 0.0 0.0 0.0 0.0 0.0 0.0]
var_name = Last measurement in raw DN for HVPS Board signal “Sensor IN”
var_name = negative_current_hvps
Header info = 304
Transformed value for negative_current_hvps = 0.007399055999999999
Matching row  18
coeffs for Last measurement in raw DN for LVPS Board signal “P3.3VREF_HK”= [0.0 0.00161172 0.0 0.0 0.0 0.0 0.0 0.0]
var_name = Last measurement in raw DN for LVPS Board signal “P3.3VREF_HK”
var_name = voltage_3V3_ref
Header info = 2048
Transformed value for voltage_3V3_ref = 3.30080256
Matching row  18
coeffs for Last measurement in raw DN for LVPS Board signal “P3.3VREF_OP”= [0.0 0.00161172 0.0 0.0 0.0 0.0 0.0 0.0]
var_name = Last measurement in raw DN for LVPS Board signal “P3.3VREF_OP”
var_name = voltage_3V3_op_ref
Header info = 2048
Transformed value for voltage_3V3_op_ref = 3.30080256
Matching row  18
coeffs for Last measurement in raw DN for LVPS Board signal “N6V”= [-33.0 0.00886447 0.0 0.0 0.0 0.0 0.0 0.0]
var_name = Last measurement in raw DN for LVPS Board signal “N6V”
var_name = voltage_neg6V_bus
Header info = 3002
Transformed value for voltage_neg6V_bus = -6.3888610600000035
Matching row  18
coeffs for Last measurement in raw DN for LVPS Board signal “P6V”= [0.0 0.00241758 0.0 0.0 0.0 0.0 0.0 0.0]
var_name = Last measurement in raw DN for LVPS Board signal “P6V”
var_name = voltage_pos6V_bus
Header info = 2622
Transformed value for voltage_pos6V_bus = 6.33889476
Matching row  18
coeffs for Last measurement in raw DN for LVPS Board signal “P16V”= [0.0 0.00482711 0.0 0.0 0.0 0.0 0.0 0.0]
var_name = Last measurement in raw DN for LVPS Board signal “P16V”
var_name = voltage_pos16V_bus
Header info = 3178
Transformed value for voltage_pos16V_bus = 15.34055558
Matching row  18
coeffs for Last measurement in raw DN for LVPS Board signal “P3.3V”= [0.0 0.00161172 0.0 0.0 0.0 0.0 0.0 0.0]
var_name = Last measurement in raw DN for LVPS Board signal “P3.3V”
var_name = voltage_pos3V3_bus
Header info = 2056
Transformed value for voltage_pos3V3_bus = 3.31369632
Matching row  18
coeffs for Last measurement in raw DN for LVPS Board signal “N5V”= [-33.0 0.00886447 0.0 0.0 0.0 0.0 0.0 0.0]
var_name = Last measurement in raw DN for LVPS Board signal “N5V”
var_name = voltage_neg5V_bus
Header info = 3155
Transformed value for voltage_neg5V_bus = -5.032597150000001
Matching row  18
coeffs for Last measurement in raw DN for LVPS Board signal “P5V”= [0.0 0.00161172 0.0 0.0 0.0 0.0 0.0 0.0]
var_name = Last measurement in raw DN for LVPS Board signal “P5V”
var_name = voltage_pos5V_bus
Header info = 3137
Transformed value for voltage_pos5V_bus = 5.05596564
Matching row  18
coeffs for Last measurement in raw DN for LVPS Board signal “P3.3_IMON”= [0.0 0.00161172 0.0 0.0 0.0 0.0 0.0 0.0]
var_name = Last measurement in raw DN for LVPS Board signal “P3.3_IMON”
var_name = current_3V3_bus
Header info = 1681
Transformed value for current_3V3_bus = 2.7093013200000002
Matching row  18
coeffs for Last measurement in raw DN for LVPS Board signal “P16V_IMON”= [0.0 0.000161172 0.0 0.0 0.0 0.0 0.0 0.0]
var_name = Last measurement in raw DN for LVPS Board signal “P16V_IMON”
var_name = current_16V_bus
Header info = 1185
Transformed value for current_16V_bus = 0.19098882
Matching row  18
coeffs for Last measurement in raw DN for LVPS Board signal “P6V_IMON”= [0.0 8.05861e-05 0.0 0.0 0.0 0.0 0.0 0.0]
var_name = Last measurement in raw DN for LVPS Board signal “P6V_IMON”
var_name = current_6V_bus
Header info = 1532
Transformed value for current_6V_bus = 0.1234579052
Matching row  18
coeffs for Last measurement in raw DN for LVPS Board signal “N6V_IMON”= [0.0 -8.05861e-05 0.0 0.0 0.0 0.0 0.0 0.0]
var_name = Last measurement in raw DN for LVPS Board signal “N6V_IMON”
var_name = current_neg6V_bus
Header info = 1185
Transformed value for current_neg6V_bus = -0.0954945285
Matching row  18
coeffs for Last measurement in raw DN for LVPS Board signal “P5V_IMON”= [0.0 4.029304e-05 0.0 0.0 0.0 0.0 0.0 0.0]
var_name = Last measurement in raw DN for LVPS Board signal “P5V_IMON”
var_name = current_5V_bus
Header info = 1955
Transformed value for current_5V_bus = 0.0787728932
Matching row  18
coeffs for Last measurement in raw DN for LVPS Board signal “N5V_IMON”= [0.0 -2.01465e-05 0.0 0.0 0.0 0.0 0.0 0.0]
var_name = Last measurement in raw DN for LVPS Board signal “N5V_IMON”
var_name = current_neg5V_bus
Header info = 3469
Transformed value for current_neg5V_bus = -0.06988820850000001
Matching row  18
coeffs for Last measurement in raw DN for LVPS Board signal “P2.5V_IMON”= [0.0 0.00161172 0.0 0.0 0.0 0.0 0.0 0.0]
var_name = Last measurement in raw DN for LVPS Board signal “P2.5V_IMON”
var_name = current_2V5_bus
Header info = 453
Transformed value for current_2V5_bus = 0.73010916
Matching row  18
coeffs for Last measurement in raw DN for LVPS Board signal “N2.5V_IMON”= [0.0 -4.0293e-05 0.0 0.0 0.0 0.0 0.0 0.0]
var_name = Last measurement in raw DN for LVPS Board signal “N2.5V_IMON”
var_name = current_neg2V5_bus
Header info = 2943
Transformed value for current_neg2V5_bus = -0.118582299
Matching row  18
coeffs for Last measurement in raw DN for LVPS Board signal “THERM_DECON0”= [-110.293 0.0665351 0.000305738 -6.32048e-07 5.9934e-10 -2.98784e-13
 7.61361e-17 -7.76467e-21]
var_name = Last measurement in raw DN for LVPS Board signal “THERM_DECON0”
var_name = None
KeyError: (20, None) - Could not find entry for None, 38. Please check the Var_notes or variable mapping.
Matching row  18
coeffs for Last measurement in raw DN for LVPS Board signal “THERM_DECON1”= [-150.478 0.376986 -0.00062072 7.73853e-07 -5.81588e-10 2.56368e-13
 -6.05698e-17 5.96635e-21]
var_name = Last measurement in raw DN for LVPS Board signal “THERM_DECON1”
var_name = None
KeyError: (20, None) - Could not find entry for None, 39. Please check the Var_notes or variable mapping.
Matching row  18
coeffs for Last measurement in raw DN for LVPS Board signal “THERM_DAB”= [-443.248 1.31224 -0.00180422 1.40016e-06 -6.43766e-10 1.7448e-13
 -2.57695e-17 1.60239e-21]
var_name = Last measurement in raw DN for LVPS Board signal “THERM_DAB”
var_name = None
KeyError: (20, None) - Could not find entry for None, 40. Please check the Var_notes or variable mapping.
Matching row  18
coeffs for Last measurement in raw DN for LVPS Board signal “THERM_LVPS”= [200.4137 -0.2020699 0.000175403 -9.739547e-08 2.888932e-11 -3.545603e-15
 0.0 0.0]
var_name = Last measurement in raw DN for LVPS Board signal “THERM_LVPS”
var_name = None
KeyError: (20, None) - Could not find entry for None, 41. Please check the Var_notes or variable mapping.
Matching row  18
coeffs for Last measurement in raw DN for LVPS Board signal “THERM_HVPS”= [200.4137 -0.2020699 0.000175403 -9.739547e-08 2.888932e-11 -3.545603e-15
 0.0 0.0]
var_name = Last measurement in raw DN for LVPS Board signal “THERM_HVPS”
var_name = None
KeyError: (20, None) - Could not find entry for None, 45. Please check the Var_notes or variable mapping.
Matching row  18
coeffs for Last measurement in raw DN for LVPS Board signal “P2.5V”= [0.0 0.00161172 0.0 0.0 0.0 0.0 0.0 0.0]
var_name = Last measurement in raw DN for LVPS Board signal “P2.5V”
var_name = None
KeyError: (20, None) - Could not find entry for None, 49. Please check the Var_notes or variable mapping.
Matching row  18
coeffs for Last measurement in raw DN for LVPS Board signal “N2.5V”= [-33.0 0.00886447 0.0 0.0 0.0 0.0 0.0 0.0]
var_name = Last measurement in raw DN for LVPS Board signal “N2.5V”
var_name = None
KeyError: (20, None) - Could not find entry for None, 50. Please check the Var_notes or variable mapping.
Matching row  18
coeffs for Last measurement in raw DN for LVPS Board signal “Spare”= [0.0 0.00161172 0.0 0.0 0.0 0.0 0.0 0.0]
var_name = Last measurement in raw DN for LVPS Board signal “Spare”
var_name = spare_signal
KeyError: (20, 'spare_signal') - Could not find entry for spare_signal, 51. Please check the Var_notes or variable mapping.
High gain delay = 88 samples.
Mid gain delay = 55 samples.
Low gain delay = 55 samples.
High sampling trigger mode =  0 0 1
High gain trigger mode enabled.
For 2264924160, HG Trigger level = 0.15605999999999998, sample settings = 0, 0
Threshold trigger mode enabled for high gain channel.
AID = 2415085345
Event number = 120
Rice compression enabled = False
Timestamp = 440200626.30166 seconds since epoch (Midnight January 1st, 2010)
Trigger time = 2023-12-13T21:57:06.301660Z
20
20
20
20
20
20
20
20
20
20
20
20
20
{'SHCOARSE': ParsedDataItem(SHCOARSE, raw=440202889, derived=440202889, unit=dn), 'SHFINE': ParsedDataItem(SHFINE, raw=8870, derived=8870, unit=dn), 'IDX__SCI0AID': ParsedDataItem(IDX__SCI0AID, raw=2415085345, derived=2415085345, unit=None), 'IDX__SCI0TYPE': ParsedDataItem(IDX__SCI0TYPE, raw=1, derived=1, unit=None), 'IDX__SCI0CONT': ParsedDataItem(IDX__SCI0CONT, raw=127, derived=127, unit=None), 'IDX__SCI0SPARE1': ParsedDataItem(IDX__SCI0SPARE1, raw=0, derived=0, unit=None), 'IDX__SCI0PACK': ParsedDataItem(IDX__SCI0PACK, raw=1, derived=EN, unit=None), 'IDX__SCI0FRAG': ParsedDataItem(IDX__SCI0FRAG, raw=0, derived=DS, unit=None), 'IDX__SCI0COMP': ParsedDataItem(IDX__SCI0COMP, raw=0, derived=DS, unit=None), 'IDX__SCI0EVTNUM': ParsedDataItem(IDX__SCI0EVTNUM, raw=121, derived=121, unit=None), 'IDX__SCI0CAT': ParsedDataItem(IDX__SCI0CAT, raw=32, derived=32, unit=None), 'IDX__SCI0QUAL': ParsedDataItem(IDX__SCI0QUAL, raw=5, derived=5, unit=None), 'IDX__SCI0FRAGOFF': ParsedDataItem(IDX__SCI0FRAGOFF, raw=0, derived=0, unit=None), 'IDX__SCI0VER': ParsedDataItem(IDX__SCI0VER, raw=9, derived=9, unit=None), 'IDX__SCI0TIME32': ParsedDataItem(IDX__SCI0TIME32, raw=440200766, derived=440200766, unit=None), 'IDX__SCI0SPARE2': ParsedDataItem(IDX__SCI0SPARE2, raw=0, derived=0, unit=None), 'IDX__SCI0SPARE3': ParsedDataItem(IDX__SCI0SPARE3, raw=0, derived=0, unit=None), 'IDX__SCI0SPARE4': ParsedDataItem(IDX__SCI0SPARE4, raw=0, derived=0, unit=None), 'IDX__TXHDRSCIEVTLEN': ParsedDataItem(IDX__TXHDRSCIEVTLEN, raw=8320, derived=8320, unit=None), 'IDX__TXHDRSP00': ParsedDataItem(IDX__TXHDRSP00, raw=0, derived=0, unit=None), 'IDX__TXHDRTIMESEC1': ParsedDataItem(IDX__TXHDRTIMESEC1, raw=6716, derived=6716, unit=None), 'IDX__TXHDRTIMESEC2': ParsedDataItem(IDX__TXHDRTIMESEC2, raw=60990, derived=60990, unit=None), 'IDX__TXHDRTIMESUBS': ParsedDataItem(IDX__TXHDRTIMESUBS, raw=24237, derived=24237, unit=None), 'IDX__TXHDRSP01': ParsedDataItem(IDX__TXHDRSP01, raw=0, derived=0, unit=None), 'IDX__TXHDRTRIGOFFSET': ParsedDataItem(IDX__TXHDRTRIGOFFSET, raw=5, derived=5, unit=None), 'IDX__TXHDRSP02': ParsedDataItem(IDX__TXHDRSP02, raw=0, derived=0, unit=None), 'IDX__TXHDRTRIGID': ParsedDataItem(IDX__TXHDRTRIGID, raw=1, derived=1, unit=None), 'IDX__TXHDREVTNUM': ParsedDataItem(IDX__TXHDREVTNUM, raw=121, derived=121, unit=None), 'IDX__TXHDRBLOCKS': ParsedDataItem(IDX__TXHDRBLOCKS, raw=243679, derived=243679, unit=None), 'IDX__TXHDRHGTRIGCTRL1': ParsedDataItem(IDX__TXHDRHGTRIGCTRL1, raw=2264924160, derived=2264924160, unit=None), 'IDX__TXHDRHGTRIGCTRL2': ParsedDataItem(IDX__TXHDRHGTRIGCTRL2, raw=0, derived=0, unit=None), 'IDX__TXHDRLGTRIGCTRL1': ParsedDataItem(IDX__TXHDRLGTRIGCTRL1, raw=4294965248, derived=4294965248, unit=None), 'IDX__TXHDRLGTRIGCTRL2': ParsedDataItem(IDX__TXHDRLGTRIGCTRL2, raw=4278255360, derived=4278255360, unit=None), 'IDX__TXHDRMGTRIGCTRL1': ParsedDataItem(IDX__TXHDRMGTRIGCTRL1, raw=4294965248, derived=4294965248, unit=None), 'IDX__TXHDRMGTRIGCTRL2': ParsedDataItem(IDX__TXHDRMGTRIGCTRL2, raw=4278255360, derived=4278255360, unit=None), 'IDX__TXHDRSP03': ParsedDataItem(IDX__TXHDRSP03, raw=0, derived=0, unit=None), 'IDX__TXHDRLSADC': ParsedDataItem(IDX__TXHDRLSADC, raw=1048320, derived=1048320, unit=None), 'IDX__TXHDRPOLSTAT': ParsedDataItem(IDX__TXHDRPOLSTAT, raw=1, derived=NEG, unit=None), 'IDX__TXHDRSP04': ParsedDataItem(IDX__TXHDRSP04, raw=0, derived=0, unit=None), 'IDX__TXHDRPOLCTRL': ParsedDataItem(IDX__TXHDRPOLCTRL, raw=0, derived=POS, unit=None), 'IDX__TXHDRCOINENA': ParsedDataItem(IDX__TXHDRCOINENA, raw=0, derived=DIS, unit=None), 'IDX__TXHDRLSTRIGMODE': ParsedDataItem(IDX__TXHDRLSTRIGMODE, raw=0, derived=DIS, unit=None), 'IDX__TXHDRMGTRIGMODE': ParsedDataItem(IDX__TXHDRMGTRIGMODE, raw=0, derived=0, unit=None), 'IDX__TXHDRLGTRIGMODE': ParsedDataItem(IDX__TXHDRLGTRIGMODE, raw=0, derived=0, unit=None), 'IDX__TXHDRHGTRIGMODE': ParsedDataItem(IDX__TXHDRHGTRIGMODE, raw=1, derived=1, unit=None), 'IDX__TXHDRSP05': ParsedDataItem(IDX__TXHDRSP05, raw=0, derived=0, unit=None), 'IDX__TXHDRSP06': ParsedDataItem(IDX__TXHDRSP06, raw=0, derived=0, unit=None), 'IDX__TXHDRSP07': ParsedDataItem(IDX__TXHDRSP07, raw=2018, derived=2018, unit=None), 'IDX__TXHDRSP08': ParsedDataItem(IDX__TXHDRSP08, raw=0, derived=0, unit=None), 'IDX__TXHDRTOFMAX': ParsedDataItem(IDX__TXHDRTOFMAX, raw=556276735, derived=556276735, unit=None), 'IDX__TXHDRTOFMIN': ParsedDataItem(IDX__TXHDRTOFMIN, raw=535295475, derived=535295475, unit=None), 'IDX__TXHDRLS0MAXMIN': ParsedDataItem(IDX__TXHDRLS0MAXMIN, raw=9848533, derived=9848533, unit=None), 'IDX__TXHDRLS1MAXMIN': ParsedDataItem(IDX__TXHDRLS1MAXMIN, raw=8452071, derived=8452071, unit=None), 'IDX__TXHDRLS2MAXMIN': ParsedDataItem(IDX__TXHDRLS2MAXMIN, raw=8570849, derived=8570849, unit=None), 'IDX__TXHDRFIFODELAY': ParsedDataItem(IDX__TXHDRFIFODELAY, raw=16, derived=16, unit=None), 'IDX__TXHDRSAMPDELAY': ParsedDataItem(IDX__TXHDRSAMPDELAY, raw=40934471, derived=40934471, unit=None), 'IDX__TXHDRTRANSCNT': ParsedDataItem(IDX__TXHDRTRANSCNT, raw=10, derived=10, unit=None), 'IDX__TXHDRPROCHKCH01': ParsedDataItem(IDX__TXHDRPROCHKCH01, raw=83690313, derived=83690313, unit=None), 'IDX__TXHDRPROCHKCH23': ParsedDataItem(IDX__TXHDRPROCHKCH23, raw=104727760, derived=104727760, unit=None), 'IDX__TXHDRPROCHKCH45': ParsedDataItem(IDX__TXHDRPROCHKCH45, raw=168559834, derived=168559834, unit=None), 'IDX__TXHDRPROCHKCH67': ParsedDataItem(IDX__TXHDRPROCHKCH67, raw=133695768, derived=133695768, unit=None), 'IDX__TXHDRHVPSHKCH01': ParsedDataItem(IDX__TXHDRHVPSHKCH01, raw=131860073, derived=131860073, unit=None), 'IDX__TXHDRHVPSHKCH23': ParsedDataItem(IDX__TXHDRHVPSHKCH23, raw=8849070, derived=8849070, unit=None), 'IDX__TXHDRHVPSHKCH45': ParsedDataItem(IDX__TXHDRHVPSHKCH45, raw=153225178, derived=153225178, unit=None), 'IDX__TXHDRHVPSHKCH67': ParsedDataItem(IDX__TXHDRHVPSHKCH67, raw=19991184, derived=19991184, unit=None), 'IDX__TXHDRLVHK0CH01': ParsedDataItem(IDX__TXHDRLVHK0CH01, raw=134219776, derived=134219776, unit=None), 'IDX__TXHDRLVHK0CH23': ParsedDataItem(IDX__TXHDRLVHK0CH23, raw=171838394, derived=171838394, unit=None), 'IDX__TXHDRLVHK0CH45': ParsedDataItem(IDX__TXHDRLVHK0CH45, raw=134745194, derived=134745194, unit=None), 'IDX__TXHDRLVHK0CH67': ParsedDataItem(IDX__TXHDRLVHK0CH67, raw=205589587, derived=205589587, unit=None), 'IDX__TXHDRLVHK1CH01': ParsedDataItem(IDX__TXHDRLVHK1CH01, raw=34801299, derived=34801299, unit=None), 'IDX__TXHDRLVHK1CH23': ParsedDataItem(IDX__TXHDRLVHK1CH23, raw=77661693, derived=77661693, unit=None), 'IDX__TXHDRLVHK1CH45': ParsedDataItem(IDX__TXHDRLVHK1CH45, raw=227411875, derived=227411875, unit=None), 'IDX__TXHDRLVHK1CH67': ParsedDataItem(IDX__TXHDRLVHK1CH67, raw=192872901, derived=192872901, unit=None), 'IDX__TXHDRLVHK2CH01': ParsedDataItem(IDX__TXHDRLVHK2CH01, raw=81331419, derived=81331419, unit=None), 'IDX__TXHDRLVHK2CH23': ParsedDataItem(IDX__TXHDRLVHK2CH23, raw=190515882, derived=190515882, unit=None), 'IDX__TXHDRLVHK2CH45': ParsedDataItem(IDX__TXHDRLVHK2CH45, raw=101059631, derived=101059631, unit=None), 'IDX__TXHDRLVHK2CH67': ParsedDataItem(IDX__TXHDRLVHK2CH67, raw=69016, derived=69016, unit=None), 'IDX__TXHDRSP09': ParsedDataItem(IDX__TXHDRSP09, raw=0, derived=0, unit=None), 'IDX__TXHDRSP10': ParsedDataItem(IDX__TXHDRSP10, raw=0, derived=0, unit=None), 'IDX__TXHDRFSWAIDCOPY': ParsedDataItem(IDX__TXHDRFSWAIDCOPY, raw=2415085345, derived=2415085345, unit=None), 'IDX__TXHDRFSWBINCOPY': ParsedDataItem(IDX__TXHDRFSWBINCOPY, raw=0, derived=0, unit=None), 'IDX__TXHDRFSWMAJOR': ParsedDataItem(IDX__TXHDRFSWMAJOR, raw=2, derived=2, unit=None), 'IDX__TXHDRFSWMINOR': ParsedDataItem(IDX__TXHDRFSWMINOR, raw=0, derived=0, unit=None), 'IDX__TXHDRFSWPATCH': ParsedDataItem(IDX__TXHDRFSWPATCH, raw=0, derived=0, unit=None), 'IDX__TXHDRFSWHVSTAT': ParsedDataItem(IDX__TXHDRFSWHVSTAT, raw=3, derived=3, unit=None), 'IDX__TXHDRFSWMEM0': ParsedDataItem(IDX__TXHDRFSWMEM0, raw=0, derived=0, unit=None), 'IDX__TXHDRFSWMEM1': ParsedDataItem(IDX__TXHDRFSWMEM1, raw=0, derived=0, unit=None), 'IDX__TXHDRFSWPT0': ParsedDataItem(IDX__TXHDRFSWPT0, raw=0, derived=0, unit=None), 'IDX__TXHDRFSWPT1': ParsedDataItem(IDX__TXHDRFSWPT1, raw=0, derived=0, unit=None), 'IDX__TXHDRFSWPT2': ParsedDataItem(IDX__TXHDRFSWPT2, raw=0, derived=0, unit=None), 'IDX__TXHDRFSWPT3': ParsedDataItem(IDX__TXHDRFSWPT3, raw=0, derived=0, unit=None), 'IDX__TXHDRFSWPT4': ParsedDataItem(IDX__TXHDRFSWPT4, raw=0, derived=0, unit=None), 'IDX__TXHDRFSWPT5': ParsedDataItem(IDX__TXHDRFSWPT5, raw=0, derived=0, unit=None), 'IDX__TXHDRFSWPT6': ParsedDataItem(IDX__TXHDRFSWPT6, raw=0, derived=0, unit=None), 'IDX__TXHDRFSWPT7': ParsedDataItem(IDX__TXHDRFSWPT7, raw=0, derived=0, unit=None), 'IDX__TXHDRFSWPT8': ParsedDataItem(IDX__TXHDRFSWPT8, raw=0, derived=0, unit=None), 'IDX__TXHDRFSWPT9': ParsedDataItem(IDX__TXHDRFSWPT9, raw=0, derived=0, unit=None), 'IDX__TXHDRFPGAVER': ParsedDataItem(IDX__TXHDRFPGAVER, raw=539165480, derived=539165480, unit=None), 'IDX__SYNCSCI0PKT': ParsedDataItem(IDX__SYNCSCI0PKT, raw=13107, derived=13107, unit=None), 'IDX__CRCSCI0PKT': ParsedDataItem(IDX__CRCSCI0PKT, raw=58650, derived=58650, unit=None)}
SHCOARSE = 440202889
SHFINE = 8870
IDX__SCI0AID = 2415085345
IDX__SCI0TYPE = 1
IDX__SCI0CONT = 127
IDX__SCI0SPARE1 = 0
IDX__SCI0PACK = EN
IDX__SCI0FRAG = DS
IDX__SCI0COMP = DS
IDX__SCI0EVTNUM = 121
IDX__SCI0CAT = 32
IDX__SCI0QUAL = 5
IDX__SCI0FRAGOFF = 0
IDX__SCI0VER = 9
IDX__SCI0TIME32 = 440200766
IDX__SCI0SPARE2 = 0
IDX__SCI0SPARE3 = 0
IDX__SCI0SPARE4 = 0
IDX__TXHDRSCIEVTLEN = 8320
IDX__TXHDRSP00 = 0
IDX__TXHDRTIMESEC1 = 6716
IDX__TXHDRTIMESEC2 = 60990
IDX__TXHDRTIMESUBS = 24237
IDX__TXHDRSP01 = 0
IDX__TXHDRTRIGOFFSET = 5
IDX__TXHDRSP02 = 0
IDX__TXHDRTRIGID = 1
IDX__TXHDREVTNUM = 121
IDX__TXHDRBLOCKS = 243679
IDX__TXHDRHGTRIGCTRL1 = 2264924160
IDX__TXHDRHGTRIGCTRL2 = 0
IDX__TXHDRLGTRIGCTRL1 = 4294965248
IDX__TXHDRLGTRIGCTRL2 = 4278255360
IDX__TXHDRMGTRIGCTRL1 = 4294965248
IDX__TXHDRMGTRIGCTRL2 = 4278255360
IDX__TXHDRSP03 = 0
IDX__TXHDRLSADC = 1048320
IDX__TXHDRPOLSTAT = NEG
IDX__TXHDRSP04 = 0
IDX__TXHDRPOLCTRL = POS
IDX__TXHDRCOINENA = DIS
IDX__TXHDRLSTRIGMODE = DIS
IDX__TXHDRMGTRIGMODE = 0
IDX__TXHDRLGTRIGMODE = 0
IDX__TXHDRHGTRIGMODE = 1
IDX__TXHDRSP05 = 0
IDX__TXHDRSP06 = 0
IDX__TXHDRSP07 = 2018
IDX__TXHDRSP08 = 0
IDX__TXHDRTOFMAX = 556276735
IDX__TXHDRTOFMIN = 535295475
IDX__TXHDRLS0MAXMIN = 9848533
IDX__TXHDRLS1MAXMIN = 8452071
IDX__TXHDRLS2MAXMIN = 8570849
IDX__TXHDRFIFODELAY = 16
IDX__TXHDRSAMPDELAY = 40934471
IDX__TXHDRTRANSCNT = 10
IDX__TXHDRPROCHKCH01 = 83690313
IDX__TXHDRPROCHKCH23 = 104727760
IDX__TXHDRPROCHKCH45 = 168559834
IDX__TXHDRPROCHKCH67 = 133695768
IDX__TXHDRHVPSHKCH01 = 131860073
IDX__TXHDRHVPSHKCH23 = 8849070
IDX__TXHDRHVPSHKCH45 = 153225178
IDX__TXHDRHVPSHKCH67 = 19991184
IDX__TXHDRLVHK0CH01 = 134219776
IDX__TXHDRLVHK0CH23 = 171838394
IDX__TXHDRLVHK0CH45 = 134745194
IDX__TXHDRLVHK0CH67 = 205589587
IDX__TXHDRLVHK1CH01 = 34801299
IDX__TXHDRLVHK1CH23 = 77661693
IDX__TXHDRLVHK1CH45 = 227411875
IDX__TXHDRLVHK1CH67 = 192872901
IDX__TXHDRLVHK2CH01 = 81331419
IDX__TXHDRLVHK2CH23 = 190515882
IDX__TXHDRLVHK2CH45 = 101059631
IDX__TXHDRLVHK2CH67 = 69016
IDX__TXHDRSP09 = 0
IDX__TXHDRSP10 = 0
IDX__TXHDRFSWAIDCOPY = 2415085345
IDX__TXHDRFSWBINCOPY = 0
IDX__TXHDRFSWMAJOR = 2
IDX__TXHDRFSWMINOR = 0
IDX__TXHDRFSWPATCH = 0
IDX__TXHDRFSWHVSTAT = 3
IDX__TXHDRFSWMEM0 = 0
IDX__TXHDRFSWMEM1 = 0
IDX__TXHDRFSWPT0 = 0
IDX__TXHDRFSWPT1 = 0
IDX__TXHDRFSWPT2 = 0
IDX__TXHDRFSWPT3 = 0
IDX__TXHDRFSWPT4 = 0
IDX__TXHDRFSWPT5 = 0
IDX__TXHDRFSWPT6 = 0
IDX__TXHDRFSWPT7 = 0
IDX__TXHDRFSWPT8 = 0
IDX__TXHDRFSWPT9 = 0
IDX__TXHDRFPGAVER = 539165480
IDX__SYNCSCI0PKT = 13107
IDX__CRCSCI0PKT = 58650
^*****Event header 21******^
EVTNUM: 21
SCI0TYPE: 1
TXHDRBLOCKS RAW: 243679
TXHDRBLOCKS DERIVED: 243679
-----
HS pre trig sampling blocks:  31
LS pre trig sampling blocks:  3
HS post trig sampling blocks:  31
LS post trig sampling blocks:  11
IDX__TXHDRHVPSHKCH01 = 131860073
Detector voltage =  1641
Sensor voltage =  2012
Target voltage =  1710
Reflectron voltage =  135
Rejection voltage =  2010
Current for HVPS sensor =  2338
Positive current for HVPS sensor =  2704
Negative current for HVPS sensor =  305
Voltage +3.3V reference =  2048
Voltage +3.3V operational reference =  2048
Voltage -6V bus =  3002
Voltage +6V bus =  2622
Voltage +16V bus =  3178
Voltage +3.3V bus =  2056
Voltage -5V bus =  3155
Voltage +5V bus =  3137
Current +3.3V bus =  1683
Current +16V bus =  1185
Current +6V bus =  1533
Current -6V bus =  1185
Current +5V bus =  1955
Current -5V bus =  3470
Current +2.5V bus =  453
Current -2.5V bus =  2943
Current on the 1V POL =  841
Current on the 1.9V POL =  1277
ProcBd Temperature 1 =  1232
ProcBd Temperature 2 =  1598
Voltage on 1V bus =  1242
FPGA Temperature =  2572
Voltage on 1.9V bus =  2328
Voltage on 3.3V bus =  2040
var_to_row = {'Last measurement in raw DN for Processor Board signal “1V POL Current”': 0, 'Last measurement in raw DN for Processor Board signal “1.9V POL Current”': 1, 'Last measurement in raw DN for Processor Board signal “ProcBd Temp1”': 2, nan: 48, 'Last measurement in raw DN for Processor Board signal “ProcBd Temp2”': 6, 'Last measurement in raw DN for Processor Board signal “1V Voltage”': 10, 'Last measurement in raw DN for Processor Board signal “FPGA Temp”': 11, 'Last measurement in raw DN for Processor Board signal “1.9V Voltage”': 12, 'Last measurement in raw DN for Processor Board signal “3.3V Voltage”': 13, 'Last measurement in raw DN for HVPS Board signal “Detector Voltage”': 14, 'Last measurement in raw DN for HVPS Board signal “Sensor Voltage"': 15, 'Last measurement in raw DN for HVPS Board signal “Target Voltage”': 16, 'Last measurement in raw DN for HVPS Board signal “Reflectron Voltage”': 17, 'Last measurement in raw DN for HVPS Board signal “Rejection Voltage”': 18, 'Last measurement in raw DN for HVPS Board signal “Detector Current”': 19, 'Last measurement in raw DN for HVPS Board signal “Sensor IP”': 20, 'Last measurement in raw DN for HVPS Board signal “Sensor IN”': 21, 'Last measurement in raw DN for LVPS Board signal “P3.3VREF_HK”': 22, 'Last measurement in raw DN for LVPS Board signal “P3.3VREF_OP”': 23, 'Last measurement in raw DN for LVPS Board signal “N6V”': 24, 'Last measurement in raw DN for LVPS Board signal “P6V”': 25, 'Last measurement in raw DN for LVPS Board signal “P16V”': 26, 'Last measurement in raw DN for LVPS Board signal “P3.3V”': 27, 'Last measurement in raw DN for LVPS Board signal “N5V”': 28, 'Last measurement in raw DN for LVPS Board signal “P5V”': 29, 'Last measurement in raw DN for LVPS Board signal “P3.3_IMON”': 30, 'Last measurement in raw DN for LVPS Board signal “P16V_IMON”': 31, 'Last measurement in raw DN for LVPS Board signal “P6V_IMON”': 32, 'Last measurement in raw DN for LVPS Board signal “N6V_IMON”': 33, 'Last measurement in raw DN for LVPS Board signal “P5V_IMON”': 34, 'Last measurement in raw DN for LVPS Board signal “N5V_IMON”': 35, 'Last measurement in raw DN for LVPS Board signal “P2.5V_IMON”': 36, 'Last measurement in raw DN for LVPS Board signal “N2.5V_IMON”': 37, 'Last measurement in raw DN for LVPS Board signal “THERM_DECON0”': 38, 'Last measurement in raw DN for LVPS Board signal “THERM_DECON1”': 39, 'Last measurement in raw DN for LVPS Board signal “THERM_DAB”': 40, 'Last measurement in raw DN for LVPS Board signal “THERM_LVPS”': 41, 'Last measurement in raw DN for LVPS Board signal “THERM_HVPS”': 45, 'Last measurement in raw DN for LVPS Board signal “P2.5V”': 49, 'Last measurement in raw DN for LVPS Board signal “N2.5V”': 50, 'Last measurement in raw DN for LVPS Board signal “Spare”': 51}

 
 ***** var_name being converted for each instrument setting ***** 
 

Matching row  18
coeffs for Last measurement in raw DN for Processor Board signal “1V POL Current”= [0.0 0.9029253 0.0 0.0 0.0 0.0 0.0 0.0]
var_name = Last measurement in raw DN for Processor Board signal “1V POL Current”
var_name = current_1V_pol
Header info = 841
Transformed value for current_1V_pol = 759.3601773
Matching row  18
coeffs for Last measurement in raw DN for Processor Board signal “1.9V POL Current”= [0.0 0.9029253 0.0 0.0 0.0 0.0 0.0 0.0]
var_name = Last measurement in raw DN for Processor Board signal “1.9V POL Current”
var_name = current_1.9V_pol
Header info = 1277
Transformed value for current_1.9V_pol = 1153.0356081
Matching row  18
coeffs for Last measurement in raw DN for Processor Board signal “ProcBd Temp1”= [162.8276 -0.2668687 0.0003323794 -2.43153e-07 9.034532e-11 -1.327735e-14
 0.0 0.0]
var_name = Last measurement in raw DN for Processor Board signal “ProcBd Temp1”
var_name = temperature_1
Header info = 1232
Transformed value for temperature_1 = 54.3045380188867
Matching row  18
coeffs for nan= [-104713.9 52.02446 -0.006463374 0.0 0.0 0.0 0.0 0.0]
var_name = nan
var_name = None
KeyError: (21, None) - Could not find entry for None, 48. Please check the Var_notes or variable mapping.
Matching row  18
coeffs for Last measurement in raw DN for Processor Board signal “ProcBd Temp2”= [162.8276 -0.2668687 0.0003323794 -2.43153e-07 9.034532e-11 -1.327735e-14
 0.0 0.0]
var_name = Last measurement in raw DN for Processor Board signal “ProcBd Temp2”
var_name = temperature_2
Header info = 1598
Transformed value for temperature_2 = 43.68932437376833
Matching row  18
coeffs for Last measurement in raw DN for Processor Board signal “1V Voltage”= [0.0 0.000805861 0.0 0.0 0.0 0.0 0.0 0.0]
var_name = Last measurement in raw DN for Processor Board signal “1V Voltage”
var_name = voltage_1V_bus
Header info = 1242
Transformed value for voltage_1V_bus = 1.0008793619999998
Matching row  18
coeffs for Last measurement in raw DN for Processor Board signal “FPGA Temp”= [358.31 -0.1187104 0.0 0.0 0.0 0.0 0.0 0.0]
var_name = Last measurement in raw DN for Processor Board signal “FPGA Temp”
var_name = fpga_temperature
Header info = 2572
Transformed value for fpga_temperature = 52.986851200000046
Matching row  18
coeffs for Last measurement in raw DN for Processor Board signal “1.9V Voltage”= [0.0 0.000805861 0.0 0.0 0.0 0.0 0.0 0.0]
var_name = Last measurement in raw DN for Processor Board signal “1.9V Voltage”
var_name = voltage_1.9V_bus
Header info = 2328
Transformed value for voltage_1.9V_bus = 1.8760444079999998
Matching row  18
coeffs for Last measurement in raw DN for Processor Board signal “3.3V Voltage”= [0.0 0.001611722 0.0 0.0 0.0 0.0 0.0 0.0]
var_name = Last measurement in raw DN for Processor Board signal “3.3V Voltage”
var_name = voltage_3.3V_bus
Header info = 2040
Transformed value for voltage_3.3V_bus = 3.28791288
Matching row  18
coeffs for Last measurement in raw DN for HVPS Board signal “Detector Voltage”= [0.0 1.4652 0.0 0.0 0.0 0.0 0.0 0.0]
var_name = Last measurement in raw DN for HVPS Board signal “Detector Voltage”
var_name = detector_voltage
Header info = 1641
Transformed value for detector_voltage = 2404.3932
Matching row  18
coeffs for Last measurement in raw DN for HVPS Board signal “Sensor Voltage"= [0.0 1.4652 0.0 0.0 0.0 0.0 0.0 0.0]
var_name = Last measurement in raw DN for HVPS Board signal “Sensor Voltage"
var_name = sensor_voltage
Header info = 2012
Transformed value for sensor_voltage = 2947.9824000000003
Matching row  18
coeffs for Last measurement in raw DN for HVPS Board signal “Target Voltage”= [0.0 1.4652 0.0 0.0 0.0 0.0 0.0 0.0]
var_name = Last measurement in raw DN for HVPS Board signal “Target Voltage”
var_name = target_voltage
Header info = 1710
Transformed value for target_voltage = 2505.492
Matching row  18
coeffs for Last measurement in raw DN for HVPS Board signal “Reflectron Voltage”= [0.0 1.4652 0.0 0.0 0.0 0.0 0.0 0.0]
var_name = Last measurement in raw DN for HVPS Board signal “Reflectron Voltage”
var_name = reflectron_voltage
Header info = 135
Transformed value for reflectron_voltage = 197.80200000000002
Matching row  18
coeffs for Last measurement in raw DN for HVPS Board signal “Rejection Voltage”= [0.0 1.4652 0.0 0.0 0.0 0.0 0.0 0.0]
var_name = Last measurement in raw DN for HVPS Board signal “Rejection Voltage”
var_name = rejection_voltage
Header info = 2010
Transformed value for rejection_voltage = 2945.052
Matching row  18
coeffs for Last measurement in raw DN for HVPS Board signal “Detector Current”= [0.0 7.326e-06 0.0 0.0 0.0 0.0 0.0 0.0]
var_name = Last measurement in raw DN for HVPS Board signal “Detector Current”
var_name = current_hvps_sensor
Header info = 2338
Transformed value for current_hvps_sensor = 0.017128188
Matching row  18
coeffs for Last measurement in raw DN for HVPS Board signal “Sensor IP”= [0.0 2.4339e-05 0.0 0.0 0.0 0.0 0.0 0.0]
var_name = Last measurement in raw DN for HVPS Board signal “Sensor IP”
var_name = positive_current_hvps
Header info = 2704
Transformed value for positive_current_hvps = 0.065812656
Matching row  18
coeffs for Last measurement in raw DN for HVPS Board signal “Sensor IN”= [0.0 2.4339e-05 0.0 0.0 0.0 0.0 0.0 0.0]
var_name = Last measurement in raw DN for HVPS Board signal “Sensor IN”
var_name = negative_current_hvps
Header info = 305
Transformed value for negative_current_hvps = 0.007423394999999999
Matching row  18
coeffs for Last measurement in raw DN for LVPS Board signal “P3.3VREF_HK”= [0.0 0.00161172 0.0 0.0 0.0 0.0 0.0 0.0]
var_name = Last measurement in raw DN for LVPS Board signal “P3.3VREF_HK”
var_name = voltage_3V3_ref
Header info = 2048
Transformed value for voltage_3V3_ref = 3.30080256
Matching row  18
coeffs for Last measurement in raw DN for LVPS Board signal “P3.3VREF_OP”= [0.0 0.00161172 0.0 0.0 0.0 0.0 0.0 0.0]
var_name = Last measurement in raw DN for LVPS Board signal “P3.3VREF_OP”
var_name = voltage_3V3_op_ref
Header info = 2048
Transformed value for voltage_3V3_op_ref = 3.30080256
Matching row  18
coeffs for Last measurement in raw DN for LVPS Board signal “N6V”= [-33.0 0.00886447 0.0 0.0 0.0 0.0 0.0 0.0]
var_name = Last measurement in raw DN for LVPS Board signal “N6V”
var_name = voltage_neg6V_bus
Header info = 3002
Transformed value for voltage_neg6V_bus = -6.3888610600000035
Matching row  18
coeffs for Last measurement in raw DN for LVPS Board signal “P6V”= [0.0 0.00241758 0.0 0.0 0.0 0.0 0.0 0.0]
var_name = Last measurement in raw DN for LVPS Board signal “P6V”
var_name = voltage_pos6V_bus
Header info = 2622
Transformed value for voltage_pos6V_bus = 6.33889476
Matching row  18
coeffs for Last measurement in raw DN for LVPS Board signal “P16V”= [0.0 0.00482711 0.0 0.0 0.0 0.0 0.0 0.0]
var_name = Last measurement in raw DN for LVPS Board signal “P16V”
var_name = voltage_pos16V_bus
Header info = 3178
Transformed value for voltage_pos16V_bus = 15.34055558
Matching row  18
coeffs for Last measurement in raw DN for LVPS Board signal “P3.3V”= [0.0 0.00161172 0.0 0.0 0.0 0.0 0.0 0.0]
var_name = Last measurement in raw DN for LVPS Board signal “P3.3V”
var_name = voltage_pos3V3_bus
Header info = 2056
Transformed value for voltage_pos3V3_bus = 3.31369632
Matching row  18
coeffs for Last measurement in raw DN for LVPS Board signal “N5V”= [-33.0 0.00886447 0.0 0.0 0.0 0.0 0.0 0.0]
var_name = Last measurement in raw DN for LVPS Board signal “N5V”
var_name = voltage_neg5V_bus
Header info = 3155
Transformed value for voltage_neg5V_bus = -5.032597150000001
Matching row  18
coeffs for Last measurement in raw DN for LVPS Board signal “P5V”= [0.0 0.00161172 0.0 0.0 0.0 0.0 0.0 0.0]
var_name = Last measurement in raw DN for LVPS Board signal “P5V”
var_name = voltage_pos5V_bus
Header info = 3137
Transformed value for voltage_pos5V_bus = 5.05596564
Matching row  18
coeffs for Last measurement in raw DN for LVPS Board signal “P3.3_IMON”= [0.0 0.00161172 0.0 0.0 0.0 0.0 0.0 0.0]
var_name = Last measurement in raw DN for LVPS Board signal “P3.3_IMON”
var_name = current_3V3_bus
Header info = 1683
Transformed value for current_3V3_bus = 2.71252476
Matching row  18
coeffs for Last measurement in raw DN for LVPS Board signal “P16V_IMON”= [0.0 0.000161172 0.0 0.0 0.0 0.0 0.0 0.0]
var_name = Last measurement in raw DN for LVPS Board signal “P16V_IMON”
var_name = current_16V_bus
Header info = 1185
Transformed value for current_16V_bus = 0.19098882
Matching row  18
coeffs for Last measurement in raw DN for LVPS Board signal “P6V_IMON”= [0.0 8.05861e-05 0.0 0.0 0.0 0.0 0.0 0.0]
var_name = Last measurement in raw DN for LVPS Board signal “P6V_IMON”
var_name = current_6V_bus
Header info = 1533
Transformed value for current_6V_bus = 0.1235384913
Matching row  18
coeffs for Last measurement in raw DN for LVPS Board signal “N6V_IMON”= [0.0 -8.05861e-05 0.0 0.0 0.0 0.0 0.0 0.0]
var_name = Last measurement in raw DN for LVPS Board signal “N6V_IMON”
var_name = current_neg6V_bus
Header info = 1185
Transformed value for current_neg6V_bus = -0.0954945285
Matching row  18
coeffs for Last measurement in raw DN for LVPS Board signal “P5V_IMON”= [0.0 4.029304e-05 0.0 0.0 0.0 0.0 0.0 0.0]
var_name = Last measurement in raw DN for LVPS Board signal “P5V_IMON”
var_name = current_5V_bus
Header info = 1955
Transformed value for current_5V_bus = 0.0787728932
Matching row  18
coeffs for Last measurement in raw DN for LVPS Board signal “N5V_IMON”= [0.0 -2.01465e-05 0.0 0.0 0.0 0.0 0.0 0.0]
var_name = Last measurement in raw DN for LVPS Board signal “N5V_IMON”
var_name = current_neg5V_bus
Header info = 3470
Transformed value for current_neg5V_bus = -0.069908355
Matching row  18
coeffs for Last measurement in raw DN for LVPS Board signal “P2.5V_IMON”= [0.0 0.00161172 0.0 0.0 0.0 0.0 0.0 0.0]
var_name = Last measurement in raw DN for LVPS Board signal “P2.5V_IMON”
var_name = current_2V5_bus
Header info = 453
Transformed value for current_2V5_bus = 0.73010916
Matching row  18
coeffs for Last measurement in raw DN for LVPS Board signal “N2.5V_IMON”= [0.0 -4.0293e-05 0.0 0.0 0.0 0.0 0.0 0.0]
var_name = Last measurement in raw DN for LVPS Board signal “N2.5V_IMON”
var_name = current_neg2V5_bus
Header info = 2943
Transformed value for current_neg2V5_bus = -0.118582299
Matching row  18
coeffs for Last measurement in raw DN for LVPS Board signal “THERM_DECON0”= [-110.293 0.0665351 0.000305738 -6.32048e-07 5.9934e-10 -2.98784e-13
 7.61361e-17 -7.76467e-21]
var_name = Last measurement in raw DN for LVPS Board signal “THERM_DECON0”
var_name = None
KeyError: (21, None) - Could not find entry for None, 38. Please check the Var_notes or variable mapping.
Matching row  18
coeffs for Last measurement in raw DN for LVPS Board signal “THERM_DECON1”= [-150.478 0.376986 -0.00062072 7.73853e-07 -5.81588e-10 2.56368e-13
 -6.05698e-17 5.96635e-21]
var_name = Last measurement in raw DN for LVPS Board signal “THERM_DECON1”
var_name = None
KeyError: (21, None) - Could not find entry for None, 39. Please check the Var_notes or variable mapping.
Matching row  18
coeffs for Last measurement in raw DN for LVPS Board signal “THERM_DAB”= [-443.248 1.31224 -0.00180422 1.40016e-06 -6.43766e-10 1.7448e-13
 -2.57695e-17 1.60239e-21]
var_name = Last measurement in raw DN for LVPS Board signal “THERM_DAB”
var_name = None
KeyError: (21, None) - Could not find entry for None, 40. Please check the Var_notes or variable mapping.
Matching row  18
coeffs for Last measurement in raw DN for LVPS Board signal “THERM_LVPS”= [200.4137 -0.2020699 0.000175403 -9.739547e-08 2.888932e-11 -3.545603e-15
 0.0 0.0]
var_name = Last measurement in raw DN for LVPS Board signal “THERM_LVPS”
var_name = None
KeyError: (21, None) - Could not find entry for None, 41. Please check the Var_notes or variable mapping.
Matching row  18
coeffs for Last measurement in raw DN for LVPS Board signal “THERM_HVPS”= [200.4137 -0.2020699 0.000175403 -9.739547e-08 2.888932e-11 -3.545603e-15
 0.0 0.0]
var_name = Last measurement in raw DN for LVPS Board signal “THERM_HVPS”
var_name = None
KeyError: (21, None) - Could not find entry for None, 45. Please check the Var_notes or variable mapping.
Matching row  18
coeffs for Last measurement in raw DN for LVPS Board signal “P2.5V”= [0.0 0.00161172 0.0 0.0 0.0 0.0 0.0 0.0]
var_name = Last measurement in raw DN for LVPS Board signal “P2.5V”
var_name = None
KeyError: (21, None) - Could not find entry for None, 49. Please check the Var_notes or variable mapping.
Matching row  18
coeffs for Last measurement in raw DN for LVPS Board signal “N2.5V”= [-33.0 0.00886447 0.0 0.0 0.0 0.0 0.0 0.0]
var_name = Last measurement in raw DN for LVPS Board signal “N2.5V”
var_name = None
KeyError: (21, None) - Could not find entry for None, 50. Please check the Var_notes or variable mapping.
Matching row  18
coeffs for Last measurement in raw DN for LVPS Board signal “Spare”= [0.0 0.00161172 0.0 0.0 0.0 0.0 0.0 0.0]
var_name = Last measurement in raw DN for LVPS Board signal “Spare”
var_name = spare_signal
KeyError: (21, 'spare_signal') - Could not find entry for spare_signal, 51. Please check the Var_notes or variable mapping.
High gain delay = 71 samples.
Mid gain delay = 39 samples.
Low gain delay = 39 samples.
High sampling trigger mode =  0 0 1
High gain trigger mode enabled.
For 2264924160, HG Trigger level = 0.15605999999999998, sample settings = 0, 0
Threshold trigger mode enabled for high gain channel.
AID = 2415085345
Event number = 121
Rice compression enabled = False
Timestamp = 440200766.48474 seconds since epoch (Midnight January 1st, 2010)
Trigger time = 2023-12-13T21:59:26.484740Z
21
21
21
21
21
21
21
21
21
21
21
21
21
{'SHCOARSE': ParsedDataItem(SHCOARSE, raw=440202902, derived=440202902, unit=dn), 'SHFINE': ParsedDataItem(SHFINE, raw=8879, derived=8879, unit=dn), 'IDX__SCI0AID': ParsedDataItem(IDX__SCI0AID, raw=2415085345, derived=2415085345, unit=None), 'IDX__SCI0TYPE': ParsedDataItem(IDX__SCI0TYPE, raw=1, derived=1, unit=None), 'IDX__SCI0CONT': ParsedDataItem(IDX__SCI0CONT, raw=127, derived=127, unit=None), 'IDX__SCI0SPARE1': ParsedDataItem(IDX__SCI0SPARE1, raw=0, derived=0, unit=None), 'IDX__SCI0PACK': ParsedDataItem(IDX__SCI0PACK, raw=1, derived=EN, unit=None), 'IDX__SCI0FRAG': ParsedDataItem(IDX__SCI0FRAG, raw=0, derived=DS, unit=None), 'IDX__SCI0COMP': ParsedDataItem(IDX__SCI0COMP, raw=0, derived=DS, unit=None), 'IDX__SCI0EVTNUM': ParsedDataItem(IDX__SCI0EVTNUM, raw=122, derived=122, unit=None), 'IDX__SCI0CAT': ParsedDataItem(IDX__SCI0CAT, raw=32, derived=32, unit=None), 'IDX__SCI0QUAL': ParsedDataItem(IDX__SCI0QUAL, raw=5, derived=5, unit=None), 'IDX__SCI0FRAGOFF': ParsedDataItem(IDX__SCI0FRAGOFF, raw=0, derived=0, unit=None), 'IDX__SCI0VER': ParsedDataItem(IDX__SCI0VER, raw=9, derived=9, unit=None), 'IDX__SCI0TIME32': ParsedDataItem(IDX__SCI0TIME32, raw=440200849, derived=440200849, unit=None), 'IDX__SCI0SPARE2': ParsedDataItem(IDX__SCI0SPARE2, raw=0, derived=0, unit=None), 'IDX__SCI0SPARE3': ParsedDataItem(IDX__SCI0SPARE3, raw=0, derived=0, unit=None), 'IDX__SCI0SPARE4': ParsedDataItem(IDX__SCI0SPARE4, raw=0, derived=0, unit=None), 'IDX__TXHDRSCIEVTLEN': ParsedDataItem(IDX__TXHDRSCIEVTLEN, raw=8320, derived=8320, unit=None), 'IDX__TXHDRSP00': ParsedDataItem(IDX__TXHDRSP00, raw=0, derived=0, unit=None), 'IDX__TXHDRTIMESEC1': ParsedDataItem(IDX__TXHDRTIMESEC1, raw=6716, derived=6716, unit=None), 'IDX__TXHDRTIMESEC2': ParsedDataItem(IDX__TXHDRTIMESEC2, raw=61073, derived=61073, unit=None), 'IDX__TXHDRTIMESUBS': ParsedDataItem(IDX__TXHDRTIMESUBS, raw=45412, derived=45412, unit=None), 'IDX__TXHDRSP01': ParsedDataItem(IDX__TXHDRSP01, raw=0, derived=0, unit=None), 'IDX__TXHDRTRIGOFFSET': ParsedDataItem(IDX__TXHDRTRIGOFFSET, raw=0, derived=0, unit=None), 'IDX__TXHDRSP02': ParsedDataItem(IDX__TXHDRSP02, raw=0, derived=0, unit=None), 'IDX__TXHDRTRIGID': ParsedDataItem(IDX__TXHDRTRIGID, raw=1, derived=1, unit=None), 'IDX__TXHDREVTNUM': ParsedDataItem(IDX__TXHDREVTNUM, raw=122, derived=122, unit=None), 'IDX__TXHDRBLOCKS': ParsedDataItem(IDX__TXHDRBLOCKS, raw=243679, derived=243679, unit=None), 'IDX__TXHDRHGTRIGCTRL1': ParsedDataItem(IDX__TXHDRHGTRIGCTRL1, raw=2264924160, derived=2264924160, unit=None), 'IDX__TXHDRHGTRIGCTRL2': ParsedDataItem(IDX__TXHDRHGTRIGCTRL2, raw=0, derived=0, unit=None), 'IDX__TXHDRLGTRIGCTRL1': ParsedDataItem(IDX__TXHDRLGTRIGCTRL1, raw=4294965248, derived=4294965248, unit=None), 'IDX__TXHDRLGTRIGCTRL2': ParsedDataItem(IDX__TXHDRLGTRIGCTRL2, raw=4278255360, derived=4278255360, unit=None), 'IDX__TXHDRMGTRIGCTRL1': ParsedDataItem(IDX__TXHDRMGTRIGCTRL1, raw=4294965248, derived=4294965248, unit=None), 'IDX__TXHDRMGTRIGCTRL2': ParsedDataItem(IDX__TXHDRMGTRIGCTRL2, raw=4278255360, derived=4278255360, unit=None), 'IDX__TXHDRSP03': ParsedDataItem(IDX__TXHDRSP03, raw=0, derived=0, unit=None), 'IDX__TXHDRLSADC': ParsedDataItem(IDX__TXHDRLSADC, raw=1048320, derived=1048320, unit=None), 'IDX__TXHDRPOLSTAT': ParsedDataItem(IDX__TXHDRPOLSTAT, raw=1, derived=NEG, unit=None), 'IDX__TXHDRSP04': ParsedDataItem(IDX__TXHDRSP04, raw=0, derived=0, unit=None), 'IDX__TXHDRPOLCTRL': ParsedDataItem(IDX__TXHDRPOLCTRL, raw=0, derived=POS, unit=None), 'IDX__TXHDRCOINENA': ParsedDataItem(IDX__TXHDRCOINENA, raw=0, derived=DIS, unit=None), 'IDX__TXHDRLSTRIGMODE': ParsedDataItem(IDX__TXHDRLSTRIGMODE, raw=0, derived=DIS, unit=None), 'IDX__TXHDRMGTRIGMODE': ParsedDataItem(IDX__TXHDRMGTRIGMODE, raw=0, derived=0, unit=None), 'IDX__TXHDRLGTRIGMODE': ParsedDataItem(IDX__TXHDRLGTRIGMODE, raw=0, derived=0, unit=None), 'IDX__TXHDRHGTRIGMODE': ParsedDataItem(IDX__TXHDRHGTRIGMODE, raw=1, derived=1, unit=None), 'IDX__TXHDRSP05': ParsedDataItem(IDX__TXHDRSP05, raw=0, derived=0, unit=None), 'IDX__TXHDRSP06': ParsedDataItem(IDX__TXHDRSP06, raw=0, derived=0, unit=None), 'IDX__TXHDRSP07': ParsedDataItem(IDX__TXHDRSP07, raw=2019, derived=2019, unit=None), 'IDX__TXHDRSP08': ParsedDataItem(IDX__TXHDRSP08, raw=0, derived=0, unit=None), 'IDX__TXHDRTOFMAX': ParsedDataItem(IDX__TXHDRTOFMAX, raw=541596244, derived=541596244, unit=None), 'IDX__TXHDRTOFMIN': ParsedDataItem(IDX__TXHDRTOFMIN, raw=535295473, derived=535295473, unit=None), 'IDX__TXHDRLS0MAXMIN': ParsedDataItem(IDX__TXHDRLS0MAXMIN, raw=11450107, derived=11450107, unit=None), 'IDX__TXHDRLS1MAXMIN': ParsedDataItem(IDX__TXHDRLS1MAXMIN, raw=8452073, derived=8452073, unit=None), 'IDX__TXHDRLS2MAXMIN': ParsedDataItem(IDX__TXHDRLS2MAXMIN, raw=8361952, derived=8361952, unit=None), 'IDX__TXHDRFIFODELAY': ParsedDataItem(IDX__TXHDRFIFODELAY, raw=15, derived=15, unit=None), 'IDX__TXHDRSAMPDELAY': ParsedDataItem(IDX__TXHDRSAMPDELAY, raw=1073740828, derived=1073740828, unit=None), 'IDX__TXHDRTRANSCNT': ParsedDataItem(IDX__TXHDRTRANSCNT, raw=4, derived=4, unit=None), 'IDX__TXHDRPROCHKCH01': ParsedDataItem(IDX__TXHDRPROCHKCH01, raw=83690310, derived=83690310, unit=None), 'IDX__TXHDRPROCHKCH23': ParsedDataItem(IDX__TXHDRPROCHKCH23, raw=104662222, derived=104662222, unit=None), 'IDX__TXHDRPROCHKCH45': ParsedDataItem(IDX__TXHDRPROCHKCH45, raw=168559834, derived=168559834, unit=None), 'IDX__TXHDRPROCHKCH67': ParsedDataItem(IDX__TXHDRPROCHKCH67, raw=133695768, derived=133695768, unit=None), 'IDX__TXHDRHVPSHKCH01': ParsedDataItem(IDX__TXHDRHVPSHKCH01, raw=131860073, derived=131860073, unit=None), 'IDX__TXHDRHVPSHKCH23': ParsedDataItem(IDX__TXHDRHVPSHKCH23, raw=8849070, derived=8849070, unit=None), 'IDX__TXHDRHVPSHKCH45': ParsedDataItem(IDX__TXHDRHVPSHKCH45, raw=153290714, derived=153290714, unit=None), 'IDX__TXHDRHVPSHKCH67': ParsedDataItem(IDX__TXHDRHVPSHKCH67, raw=19991184, derived=19991184, unit=None), 'IDX__TXHDRLVHK0CH01': ParsedDataItem(IDX__TXHDRLVHK0CH01, raw=134219776, derived=134219776, unit=None), 'IDX__TXHDRLVHK0CH23': ParsedDataItem(IDX__TXHDRLVHK0CH23, raw=171838394, derived=171838394, unit=None), 'IDX__TXHDRLVHK0CH45': ParsedDataItem(IDX__TXHDRLVHK0CH45, raw=134745194, derived=134745194, unit=None), 'IDX__TXHDRLVHK0CH67': ParsedDataItem(IDX__TXHDRLVHK0CH67, raw=205589587, derived=205589587, unit=None), 'IDX__TXHDRLVHK1CH01': ParsedDataItem(IDX__TXHDRLVHK1CH01, raw=34801297, derived=34801297, unit=None), 'IDX__TXHDRLVHK1CH23': ParsedDataItem(IDX__TXHDRLVHK1CH23, raw=77661693, derived=77661693, unit=None), 'IDX__TXHDRLVHK1CH45': ParsedDataItem(IDX__TXHDRLVHK1CH45, raw=227411875, derived=227411875, unit=None), 'IDX__TXHDRLVHK1CH67': ParsedDataItem(IDX__TXHDRLVHK1CH67, raw=192872901, derived=192872901, unit=None), 'IDX__TXHDRLVHK2CH01': ParsedDataItem(IDX__TXHDRLVHK2CH01, raw=81396956, derived=81396956, unit=None), 'IDX__TXHDRLVHK2CH23': ParsedDataItem(IDX__TXHDRLVHK2CH23, raw=190450347, derived=190450347, unit=None), 'IDX__TXHDRLVHK2CH45': ParsedDataItem(IDX__TXHDRLVHK2CH45, raw=101059630, derived=101059630, unit=None), 'IDX__TXHDRLVHK2CH67': ParsedDataItem(IDX__TXHDRLVHK2CH67, raw=69016, derived=69016, unit=None), 'IDX__TXHDRSP09': ParsedDataItem(IDX__TXHDRSP09, raw=0, derived=0, unit=None), 'IDX__TXHDRSP10': ParsedDataItem(IDX__TXHDRSP10, raw=0, derived=0, unit=None), 'IDX__TXHDRFSWAIDCOPY': ParsedDataItem(IDX__TXHDRFSWAIDCOPY, raw=2415085345, derived=2415085345, unit=None), 'IDX__TXHDRFSWBINCOPY': ParsedDataItem(IDX__TXHDRFSWBINCOPY, raw=0, derived=0, unit=None), 'IDX__TXHDRFSWMAJOR': ParsedDataItem(IDX__TXHDRFSWMAJOR, raw=2, derived=2, unit=None), 'IDX__TXHDRFSWMINOR': ParsedDataItem(IDX__TXHDRFSWMINOR, raw=0, derived=0, unit=None), 'IDX__TXHDRFSWPATCH': ParsedDataItem(IDX__TXHDRFSWPATCH, raw=0, derived=0, unit=None), 'IDX__TXHDRFSWHVSTAT': ParsedDataItem(IDX__TXHDRFSWHVSTAT, raw=3, derived=3, unit=None), 'IDX__TXHDRFSWMEM0': ParsedDataItem(IDX__TXHDRFSWMEM0, raw=0, derived=0, unit=None), 'IDX__TXHDRFSWMEM1': ParsedDataItem(IDX__TXHDRFSWMEM1, raw=0, derived=0, unit=None), 'IDX__TXHDRFSWPT0': ParsedDataItem(IDX__TXHDRFSWPT0, raw=0, derived=0, unit=None), 'IDX__TXHDRFSWPT1': ParsedDataItem(IDX__TXHDRFSWPT1, raw=0, derived=0, unit=None), 'IDX__TXHDRFSWPT2': ParsedDataItem(IDX__TXHDRFSWPT2, raw=0, derived=0, unit=None), 'IDX__TXHDRFSWPT3': ParsedDataItem(IDX__TXHDRFSWPT3, raw=0, derived=0, unit=None), 'IDX__TXHDRFSWPT4': ParsedDataItem(IDX__TXHDRFSWPT4, raw=0, derived=0, unit=None), 'IDX__TXHDRFSWPT5': ParsedDataItem(IDX__TXHDRFSWPT5, raw=0, derived=0, unit=None), 'IDX__TXHDRFSWPT6': ParsedDataItem(IDX__TXHDRFSWPT6, raw=0, derived=0, unit=None), 'IDX__TXHDRFSWPT7': ParsedDataItem(IDX__TXHDRFSWPT7, raw=0, derived=0, unit=None), 'IDX__TXHDRFSWPT8': ParsedDataItem(IDX__TXHDRFSWPT8, raw=0, derived=0, unit=None), 'IDX__TXHDRFSWPT9': ParsedDataItem(IDX__TXHDRFSWPT9, raw=0, derived=0, unit=None), 'IDX__TXHDRFPGAVER': ParsedDataItem(IDX__TXHDRFPGAVER, raw=539165480, derived=539165480, unit=None), 'IDX__SYNCSCI0PKT': ParsedDataItem(IDX__SYNCSCI0PKT, raw=13107, derived=13107, unit=None), 'IDX__CRCSCI0PKT': ParsedDataItem(IDX__CRCSCI0PKT, raw=19134, derived=19134, unit=None)}
SHCOARSE = 440202902
SHFINE = 8879
IDX__SCI0AID = 2415085345
IDX__SCI0TYPE = 1
IDX__SCI0CONT = 127
IDX__SCI0SPARE1 = 0
IDX__SCI0PACK = EN
IDX__SCI0FRAG = DS
IDX__SCI0COMP = DS
IDX__SCI0EVTNUM = 122
IDX__SCI0CAT = 32
IDX__SCI0QUAL = 5
IDX__SCI0FRAGOFF = 0
IDX__SCI0VER = 9
IDX__SCI0TIME32 = 440200849
IDX__SCI0SPARE2 = 0
IDX__SCI0SPARE3 = 0
IDX__SCI0SPARE4 = 0
IDX__TXHDRSCIEVTLEN = 8320
IDX__TXHDRSP00 = 0
IDX__TXHDRTIMESEC1 = 6716
IDX__TXHDRTIMESEC2 = 61073
IDX__TXHDRTIMESUBS = 45412
IDX__TXHDRSP01 = 0
IDX__TXHDRTRIGOFFSET = 0
IDX__TXHDRSP02 = 0
IDX__TXHDRTRIGID = 1
IDX__TXHDREVTNUM = 122
IDX__TXHDRBLOCKS = 243679
IDX__TXHDRHGTRIGCTRL1 = 2264924160
IDX__TXHDRHGTRIGCTRL2 = 0
IDX__TXHDRLGTRIGCTRL1 = 4294965248
IDX__TXHDRLGTRIGCTRL2 = 4278255360
IDX__TXHDRMGTRIGCTRL1 = 4294965248
IDX__TXHDRMGTRIGCTRL2 = 4278255360
IDX__TXHDRSP03 = 0
IDX__TXHDRLSADC = 1048320
IDX__TXHDRPOLSTAT = NEG
IDX__TXHDRSP04 = 0
IDX__TXHDRPOLCTRL = POS
IDX__TXHDRCOINENA = DIS
IDX__TXHDRLSTRIGMODE = DIS
IDX__TXHDRMGTRIGMODE = 0
IDX__TXHDRLGTRIGMODE = 0
IDX__TXHDRHGTRIGMODE = 1
IDX__TXHDRSP05 = 0
IDX__TXHDRSP06 = 0
IDX__TXHDRSP07 = 2019
IDX__TXHDRSP08 = 0
IDX__TXHDRTOFMAX = 541596244
IDX__TXHDRTOFMIN = 535295473
IDX__TXHDRLS0MAXMIN = 11450107
IDX__TXHDRLS1MAXMIN = 8452073
IDX__TXHDRLS2MAXMIN = 8361952
IDX__TXHDRFIFODELAY = 15
IDX__TXHDRSAMPDELAY = 1073740828
IDX__TXHDRTRANSCNT = 4
IDX__TXHDRPROCHKCH01 = 83690310
IDX__TXHDRPROCHKCH23 = 104662222
IDX__TXHDRPROCHKCH45 = 168559834
IDX__TXHDRPROCHKCH67 = 133695768
IDX__TXHDRHVPSHKCH01 = 131860073
IDX__TXHDRHVPSHKCH23 = 8849070
IDX__TXHDRHVPSHKCH45 = 153290714
IDX__TXHDRHVPSHKCH67 = 19991184
IDX__TXHDRLVHK0CH01 = 134219776
IDX__TXHDRLVHK0CH23 = 171838394
IDX__TXHDRLVHK0CH45 = 134745194
IDX__TXHDRLVHK0CH67 = 205589587
IDX__TXHDRLVHK1CH01 = 34801297
IDX__TXHDRLVHK1CH23 = 77661693
IDX__TXHDRLVHK1CH45 = 227411875
IDX__TXHDRLVHK1CH67 = 192872901
IDX__TXHDRLVHK2CH01 = 81396956
IDX__TXHDRLVHK2CH23 = 190450347
IDX__TXHDRLVHK2CH45 = 101059630
IDX__TXHDRLVHK2CH67 = 69016
IDX__TXHDRSP09 = 0
IDX__TXHDRSP10 = 0
IDX__TXHDRFSWAIDCOPY = 2415085345
IDX__TXHDRFSWBINCOPY = 0
IDX__TXHDRFSWMAJOR = 2
IDX__TXHDRFSWMINOR = 0
IDX__TXHDRFSWPATCH = 0
IDX__TXHDRFSWHVSTAT = 3
IDX__TXHDRFSWMEM0 = 0
IDX__TXHDRFSWMEM1 = 0
IDX__TXHDRFSWPT0 = 0
IDX__TXHDRFSWPT1 = 0
IDX__TXHDRFSWPT2 = 0
IDX__TXHDRFSWPT3 = 0
IDX__TXHDRFSWPT4 = 0
IDX__TXHDRFSWPT5 = 0
IDX__TXHDRFSWPT6 = 0
IDX__TXHDRFSWPT7 = 0
IDX__TXHDRFSWPT8 = 0
IDX__TXHDRFSWPT9 = 0
IDX__TXHDRFPGAVER = 539165480
IDX__SYNCSCI0PKT = 13107
IDX__CRCSCI0PKT = 19134
^*****Event header 22******^
EVTNUM: 22
SCI0TYPE: 1
TXHDRBLOCKS RAW: 243679
TXHDRBLOCKS DERIVED: 243679
-----
HS pre trig sampling blocks:  31
LS pre trig sampling blocks:  3
HS post trig sampling blocks:  31
LS post trig sampling blocks:  11
IDX__TXHDRHVPSHKCH01 = 131860073
Detector voltage =  1641
Sensor voltage =  2012
Target voltage =  1710
Reflectron voltage =  135
Rejection voltage =  2010
Current for HVPS sensor =  2339
Positive current for HVPS sensor =  2704
Negative current for HVPS sensor =  305
Voltage +3.3V reference =  2048
Voltage +3.3V operational reference =  2048
Voltage -6V bus =  3002
Voltage +6V bus =  2622
Voltage +16V bus =  3178
Voltage +3.3V bus =  2056
Voltage -5V bus =  3155
Voltage +5V bus =  3137
Current +3.3V bus =  1681
Current +16V bus =  1185
Current +6V bus =  1533
Current -6V bus =  1185
Current +5V bus =  1955
Current -5V bus =  3470
Current +2.5V bus =  453
Current -2.5V bus =  2943
Current on the 1V POL =  838
Current on the 1.9V POL =  1277
ProcBd Temperature 1 =  1230
ProcBd Temperature 2 =  1597
Voltage on 1V bus =  1242
FPGA Temperature =  2572
Voltage on 1.9V bus =  2328
Voltage on 3.3V bus =  2040
var_to_row = {'Last measurement in raw DN for Processor Board signal “1V POL Current”': 0, 'Last measurement in raw DN for Processor Board signal “1.9V POL Current”': 1, 'Last measurement in raw DN for Processor Board signal “ProcBd Temp1”': 2, nan: 48, 'Last measurement in raw DN for Processor Board signal “ProcBd Temp2”': 6, 'Last measurement in raw DN for Processor Board signal “1V Voltage”': 10, 'Last measurement in raw DN for Processor Board signal “FPGA Temp”': 11, 'Last measurement in raw DN for Processor Board signal “1.9V Voltage”': 12, 'Last measurement in raw DN for Processor Board signal “3.3V Voltage”': 13, 'Last measurement in raw DN for HVPS Board signal “Detector Voltage”': 14, 'Last measurement in raw DN for HVPS Board signal “Sensor Voltage"': 15, 'Last measurement in raw DN for HVPS Board signal “Target Voltage”': 16, 'Last measurement in raw DN for HVPS Board signal “Reflectron Voltage”': 17, 'Last measurement in raw DN for HVPS Board signal “Rejection Voltage”': 18, 'Last measurement in raw DN for HVPS Board signal “Detector Current”': 19, 'Last measurement in raw DN for HVPS Board signal “Sensor IP”': 20, 'Last measurement in raw DN for HVPS Board signal “Sensor IN”': 21, 'Last measurement in raw DN for LVPS Board signal “P3.3VREF_HK”': 22, 'Last measurement in raw DN for LVPS Board signal “P3.3VREF_OP”': 23, 'Last measurement in raw DN for LVPS Board signal “N6V”': 24, 'Last measurement in raw DN for LVPS Board signal “P6V”': 25, 'Last measurement in raw DN for LVPS Board signal “P16V”': 26, 'Last measurement in raw DN for LVPS Board signal “P3.3V”': 27, 'Last measurement in raw DN for LVPS Board signal “N5V”': 28, 'Last measurement in raw DN for LVPS Board signal “P5V”': 29, 'Last measurement in raw DN for LVPS Board signal “P3.3_IMON”': 30, 'Last measurement in raw DN for LVPS Board signal “P16V_IMON”': 31, 'Last measurement in raw DN for LVPS Board signal “P6V_IMON”': 32, 'Last measurement in raw DN for LVPS Board signal “N6V_IMON”': 33, 'Last measurement in raw DN for LVPS Board signal “P5V_IMON”': 34, 'Last measurement in raw DN for LVPS Board signal “N5V_IMON”': 35, 'Last measurement in raw DN for LVPS Board signal “P2.5V_IMON”': 36, 'Last measurement in raw DN for LVPS Board signal “N2.5V_IMON”': 37, 'Last measurement in raw DN for LVPS Board signal “THERM_DECON0”': 38, 'Last measurement in raw DN for LVPS Board signal “THERM_DECON1”': 39, 'Last measurement in raw DN for LVPS Board signal “THERM_DAB”': 40, 'Last measurement in raw DN for LVPS Board signal “THERM_LVPS”': 41, 'Last measurement in raw DN for LVPS Board signal “THERM_HVPS”': 45, 'Last measurement in raw DN for LVPS Board signal “P2.5V”': 49, 'Last measurement in raw DN for LVPS Board signal “N2.5V”': 50, 'Last measurement in raw DN for LVPS Board signal “Spare”': 51}

 
 ***** var_name being converted for each instrument setting ***** 
 

Matching row  18
coeffs for Last measurement in raw DN for Processor Board signal “1V POL Current”= [0.0 0.9029253 0.0 0.0 0.0 0.0 0.0 0.0]
var_name = Last measurement in raw DN for Processor Board signal “1V POL Current”
var_name = current_1V_pol
Header info = 838
Transformed value for current_1V_pol = 756.6514014
Matching row  18
coeffs for Last measurement in raw DN for Processor Board signal “1.9V POL Current”= [0.0 0.9029253 0.0 0.0 0.0 0.0 0.0 0.0]
var_name = Last measurement in raw DN for Processor Board signal “1.9V POL Current”
var_name = current_1.9V_pol
Header info = 1277
Transformed value for current_1.9V_pol = 1153.0356081
Matching row  18
coeffs for Last measurement in raw DN for Processor Board signal “ProcBd Temp1”= [162.8276 -0.2668687 0.0003323794 -2.43153e-07 9.034532e-11 -1.327735e-14
 0.0 0.0]
var_name = Last measurement in raw DN for Processor Board signal “ProcBd Temp1”
var_name = temperature_1
Header info = 1230
Transformed value for temperature_1 = 54.36906893026055
Matching row  18
coeffs for nan= [-104713.9 52.02446 -0.006463374 0.0 0.0 0.0 0.0 0.0]
var_name = nan
var_name = None
KeyError: (22, None) - Could not find entry for None, 48. Please check the Var_notes or variable mapping.
Matching row  18
coeffs for Last measurement in raw DN for Processor Board signal “ProcBd Temp2”= [162.8276 -0.2668687 0.0003323794 -2.43153e-07 9.034532e-11 -1.327735e-14
 0.0 0.0]
var_name = Last measurement in raw DN for Processor Board signal “ProcBd Temp2”
var_name = temperature_2
Header info = 1597
Transformed value for temperature_2 = 43.714894150974374
Matching row  18
coeffs for Last measurement in raw DN for Processor Board signal “1V Voltage”= [0.0 0.000805861 0.0 0.0 0.0 0.0 0.0 0.0]
var_name = Last measurement in raw DN for Processor Board signal “1V Voltage”
var_name = voltage_1V_bus
Header info = 1242
Transformed value for voltage_1V_bus = 1.0008793619999998
Matching row  18
coeffs for Last measurement in raw DN for Processor Board signal “FPGA Temp”= [358.31 -0.1187104 0.0 0.0 0.0 0.0 0.0 0.0]
var_name = Last measurement in raw DN for Processor Board signal “FPGA Temp”
var_name = fpga_temperature
Header info = 2572
Transformed value for fpga_temperature = 52.986851200000046
Matching row  18
coeffs for Last measurement in raw DN for Processor Board signal “1.9V Voltage”= [0.0 0.000805861 0.0 0.0 0.0 0.0 0.0 0.0]
var_name = Last measurement in raw DN for Processor Board signal “1.9V Voltage”
var_name = voltage_1.9V_bus
Header info = 2328
Transformed value for voltage_1.9V_bus = 1.8760444079999998
Matching row  18
coeffs for Last measurement in raw DN for Processor Board signal “3.3V Voltage”= [0.0 0.001611722 0.0 0.0 0.0 0.0 0.0 0.0]
var_name = Last measurement in raw DN for Processor Board signal “3.3V Voltage”
var_name = voltage_3.3V_bus
Header info = 2040
Transformed value for voltage_3.3V_bus = 3.28791288
Matching row  18
coeffs for Last measurement in raw DN for HVPS Board signal “Detector Voltage”= [0.0 1.4652 0.0 0.0 0.0 0.0 0.0 0.0]
var_name = Last measurement in raw DN for HVPS Board signal “Detector Voltage”
var_name = detector_voltage
Header info = 1641
Transformed value for detector_voltage = 2404.3932
Matching row  18
coeffs for Last measurement in raw DN for HVPS Board signal “Sensor Voltage"= [0.0 1.4652 0.0 0.0 0.0 0.0 0.0 0.0]
var_name = Last measurement in raw DN for HVPS Board signal “Sensor Voltage"
var_name = sensor_voltage
Header info = 2012
Transformed value for sensor_voltage = 2947.9824000000003
Matching row  18
coeffs for Last measurement in raw DN for HVPS Board signal “Target Voltage”= [0.0 1.4652 0.0 0.0 0.0 0.0 0.0 0.0]
var_name = Last measurement in raw DN for HVPS Board signal “Target Voltage”
var_name = target_voltage
Header info = 1710
Transformed value for target_voltage = 2505.492
Matching row  18
coeffs for Last measurement in raw DN for HVPS Board signal “Reflectron Voltage”= [0.0 1.4652 0.0 0.0 0.0 0.0 0.0 0.0]
var_name = Last measurement in raw DN for HVPS Board signal “Reflectron Voltage”
var_name = reflectron_voltage
Header info = 135
Transformed value for reflectron_voltage = 197.80200000000002
Matching row  18
coeffs for Last measurement in raw DN for HVPS Board signal “Rejection Voltage”= [0.0 1.4652 0.0 0.0 0.0 0.0 0.0 0.0]
var_name = Last measurement in raw DN for HVPS Board signal “Rejection Voltage”
var_name = rejection_voltage
Header info = 2010
Transformed value for rejection_voltage = 2945.052
Matching row  18
coeffs for Last measurement in raw DN for HVPS Board signal “Detector Current”= [0.0 7.326e-06 0.0 0.0 0.0 0.0 0.0 0.0]
var_name = Last measurement in raw DN for HVPS Board signal “Detector Current”
var_name = current_hvps_sensor
Header info = 2339
Transformed value for current_hvps_sensor = 0.017135514
Matching row  18
coeffs for Last measurement in raw DN for HVPS Board signal “Sensor IP”= [0.0 2.4339e-05 0.0 0.0 0.0 0.0 0.0 0.0]
var_name = Last measurement in raw DN for HVPS Board signal “Sensor IP”
var_name = positive_current_hvps
Header info = 2704
Transformed value for positive_current_hvps = 0.065812656
Matching row  18
coeffs for Last measurement in raw DN for HVPS Board signal “Sensor IN”= [0.0 2.4339e-05 0.0 0.0 0.0 0.0 0.0 0.0]
var_name = Last measurement in raw DN for HVPS Board signal “Sensor IN”
var_name = negative_current_hvps
Header info = 305
Transformed value for negative_current_hvps = 0.007423394999999999
Matching row  18
coeffs for Last measurement in raw DN for LVPS Board signal “P3.3VREF_HK”= [0.0 0.00161172 0.0 0.0 0.0 0.0 0.0 0.0]
var_name = Last measurement in raw DN for LVPS Board signal “P3.3VREF_HK”
var_name = voltage_3V3_ref
Header info = 2048
Transformed value for voltage_3V3_ref = 3.30080256
Matching row  18
coeffs for Last measurement in raw DN for LVPS Board signal “P3.3VREF_OP”= [0.0 0.00161172 0.0 0.0 0.0 0.0 0.0 0.0]
var_name = Last measurement in raw DN for LVPS Board signal “P3.3VREF_OP”
var_name = voltage_3V3_op_ref
Header info = 2048
Transformed value for voltage_3V3_op_ref = 3.30080256
Matching row  18
coeffs for Last measurement in raw DN for LVPS Board signal “N6V”= [-33.0 0.00886447 0.0 0.0 0.0 0.0 0.0 0.0]
var_name = Last measurement in raw DN for LVPS Board signal “N6V”
var_name = voltage_neg6V_bus
Header info = 3002
Transformed value for voltage_neg6V_bus = -6.3888610600000035
Matching row  18
coeffs for Last measurement in raw DN for LVPS Board signal “P6V”= [0.0 0.00241758 0.0 0.0 0.0 0.0 0.0 0.0]
var_name = Last measurement in raw DN for LVPS Board signal “P6V”
var_name = voltage_pos6V_bus
Header info = 2622
Transformed value for voltage_pos6V_bus = 6.33889476
Matching row  18
coeffs for Last measurement in raw DN for LVPS Board signal “P16V”= [0.0 0.00482711 0.0 0.0 0.0 0.0 0.0 0.0]
var_name = Last measurement in raw DN for LVPS Board signal “P16V”
var_name = voltage_pos16V_bus
Header info = 3178
Transformed value for voltage_pos16V_bus = 15.34055558
Matching row  18
coeffs for Last measurement in raw DN for LVPS Board signal “P3.3V”= [0.0 0.00161172 0.0 0.0 0.0 0.0 0.0 0.0]
var_name = Last measurement in raw DN for LVPS Board signal “P3.3V”
var_name = voltage_pos3V3_bus
Header info = 2056
Transformed value for voltage_pos3V3_bus = 3.31369632
Matching row  18
coeffs for Last measurement in raw DN for LVPS Board signal “N5V”= [-33.0 0.00886447 0.0 0.0 0.0 0.0 0.0 0.0]
var_name = Last measurement in raw DN for LVPS Board signal “N5V”
var_name = voltage_neg5V_bus
Header info = 3155
Transformed value for voltage_neg5V_bus = -5.032597150000001
Matching row  18
coeffs for Last measurement in raw DN for LVPS Board signal “P5V”= [0.0 0.00161172 0.0 0.0 0.0 0.0 0.0 0.0]
var_name = Last measurement in raw DN for LVPS Board signal “P5V”
var_name = voltage_pos5V_bus
Header info = 3137
Transformed value for voltage_pos5V_bus = 5.05596564
Matching row  18
coeffs for Last measurement in raw DN for LVPS Board signal “P3.3_IMON”= [0.0 0.00161172 0.0 0.0 0.0 0.0 0.0 0.0]
var_name = Last measurement in raw DN for LVPS Board signal “P3.3_IMON”
var_name = current_3V3_bus
Header info = 1681
Transformed value for current_3V3_bus = 2.7093013200000002
Matching row  18
coeffs for Last measurement in raw DN for LVPS Board signal “P16V_IMON”= [0.0 0.000161172 0.0 0.0 0.0 0.0 0.0 0.0]
var_name = Last measurement in raw DN for LVPS Board signal “P16V_IMON”
var_name = current_16V_bus
Header info = 1185
Transformed value for current_16V_bus = 0.19098882
Matching row  18
coeffs for Last measurement in raw DN for LVPS Board signal “P6V_IMON”= [0.0 8.05861e-05 0.0 0.0 0.0 0.0 0.0 0.0]
var_name = Last measurement in raw DN for LVPS Board signal “P6V_IMON”
var_name = current_6V_bus
Header info = 1533
Transformed value for current_6V_bus = 0.1235384913
Matching row  18
coeffs for Last measurement in raw DN for LVPS Board signal “N6V_IMON”= [0.0 -8.05861e-05 0.0 0.0 0.0 0.0 0.0 0.0]
var_name = Last measurement in raw DN for LVPS Board signal “N6V_IMON”
var_name = current_neg6V_bus
Header info = 1185
Transformed value for current_neg6V_bus = -0.0954945285
Matching row  18
coeffs for Last measurement in raw DN for LVPS Board signal “P5V_IMON”= [0.0 4.029304e-05 0.0 0.0 0.0 0.0 0.0 0.0]
var_name = Last measurement in raw DN for LVPS Board signal “P5V_IMON”
var_name = current_5V_bus
Header info = 1955
Transformed value for current_5V_bus = 0.0787728932
Matching row  18
coeffs for Last measurement in raw DN for LVPS Board signal “N5V_IMON”= [0.0 -2.01465e-05 0.0 0.0 0.0 0.0 0.0 0.0]
var_name = Last measurement in raw DN for LVPS Board signal “N5V_IMON”
var_name = current_neg5V_bus
Header info = 3470
Transformed value for current_neg5V_bus = -0.069908355
Matching row  18
coeffs for Last measurement in raw DN for LVPS Board signal “P2.5V_IMON”= [0.0 0.00161172 0.0 0.0 0.0 0.0 0.0 0.0]
var_name = Last measurement in raw DN for LVPS Board signal “P2.5V_IMON”
var_name = current_2V5_bus
Header info = 453
Transformed value for current_2V5_bus = 0.73010916
Matching row  18
coeffs for Last measurement in raw DN for LVPS Board signal “N2.5V_IMON”= [0.0 -4.0293e-05 0.0 0.0 0.0 0.0 0.0 0.0]
var_name = Last measurement in raw DN for LVPS Board signal “N2.5V_IMON”
var_name = current_neg2V5_bus
Header info = 2943
Transformed value for current_neg2V5_bus = -0.118582299
Matching row  18
coeffs for Last measurement in raw DN for LVPS Board signal “THERM_DECON0”= [-110.293 0.0665351 0.000305738 -6.32048e-07 5.9934e-10 -2.98784e-13
 7.61361e-17 -7.76467e-21]
var_name = Last measurement in raw DN for LVPS Board signal “THERM_DECON0”
var_name = None
KeyError: (22, None) - Could not find entry for None, 38. Please check the Var_notes or variable mapping.
Matching row  18
coeffs for Last measurement in raw DN for LVPS Board signal “THERM_DECON1”= [-150.478 0.376986 -0.00062072 7.73853e-07 -5.81588e-10 2.56368e-13
 -6.05698e-17 5.96635e-21]
var_name = Last measurement in raw DN for LVPS Board signal “THERM_DECON1”
var_name = None
KeyError: (22, None) - Could not find entry for None, 39. Please check the Var_notes or variable mapping.
Matching row  18
coeffs for Last measurement in raw DN for LVPS Board signal “THERM_DAB”= [-443.248 1.31224 -0.00180422 1.40016e-06 -6.43766e-10 1.7448e-13
 -2.57695e-17 1.60239e-21]
var_name = Last measurement in raw DN for LVPS Board signal “THERM_DAB”
var_name = None
KeyError: (22, None) - Could not find entry for None, 40. Please check the Var_notes or variable mapping.
Matching row  18
coeffs for Last measurement in raw DN for LVPS Board signal “THERM_LVPS”= [200.4137 -0.2020699 0.000175403 -9.739547e-08 2.888932e-11 -3.545603e-15
 0.0 0.0]
var_name = Last measurement in raw DN for LVPS Board signal “THERM_LVPS”
var_name = None
KeyError: (22, None) - Could not find entry for None, 41. Please check the Var_notes or variable mapping.
Matching row  18
coeffs for Last measurement in raw DN for LVPS Board signal “THERM_HVPS”= [200.4137 -0.2020699 0.000175403 -9.739547e-08 2.888932e-11 -3.545603e-15
 0.0 0.0]
var_name = Last measurement in raw DN for LVPS Board signal “THERM_HVPS”
var_name = None
KeyError: (22, None) - Could not find entry for None, 45. Please check the Var_notes or variable mapping.
Matching row  18
coeffs for Last measurement in raw DN for LVPS Board signal “P2.5V”= [0.0 0.00161172 0.0 0.0 0.0 0.0 0.0 0.0]
var_name = Last measurement in raw DN for LVPS Board signal “P2.5V”
var_name = None
KeyError: (22, None) - Could not find entry for None, 49. Please check the Var_notes or variable mapping.
Matching row  18
coeffs for Last measurement in raw DN for LVPS Board signal “N2.5V”= [-33.0 0.00886447 0.0 0.0 0.0 0.0 0.0 0.0]
var_name = Last measurement in raw DN for LVPS Board signal “N2.5V”
var_name = None
KeyError: (22, None) - Could not find entry for None, 50. Please check the Var_notes or variable mapping.
Matching row  18
coeffs for Last measurement in raw DN for LVPS Board signal “Spare”= [0.0 0.00161172 0.0 0.0 0.0 0.0 0.0 0.0]
var_name = Last measurement in raw DN for LVPS Board signal “Spare”
var_name = spare_signal
KeyError: (22, 'spare_signal') - Could not find entry for spare_signal, 51. Please check the Var_notes or variable mapping.
High gain delay = 28 samples.
Mid gain delay = 1023 samples.
Low gain delay = 1023 samples.
High sampling trigger mode =  0 0 1
High gain trigger mode enabled.
For 2264924160, HG Trigger level = 0.15605999999999998, sample settings = 0, 0
Threshold trigger mode enabled for high gain channel.
AID = 2415085345
Event number = 122
Rice compression enabled = False
Timestamp = 440200849.90824 seconds since epoch (Midnight January 1st, 2010)
Trigger time = 2023-12-13T22:00:49.908240Z
22
22
22
22
22
22
22
22
22
22
22
22
22
{'SHCOARSE': ParsedDataItem(SHCOARSE, raw=440202917, derived=440202917, unit=dn), 'SHFINE': ParsedDataItem(SHFINE, raw=8889, derived=8889, unit=dn), 'IDX__SCI0AID': ParsedDataItem(IDX__SCI0AID, raw=2415085345, derived=2415085345, unit=None), 'IDX__SCI0TYPE': ParsedDataItem(IDX__SCI0TYPE, raw=1, derived=1, unit=None), 'IDX__SCI0CONT': ParsedDataItem(IDX__SCI0CONT, raw=127, derived=127, unit=None), 'IDX__SCI0SPARE1': ParsedDataItem(IDX__SCI0SPARE1, raw=0, derived=0, unit=None), 'IDX__SCI0PACK': ParsedDataItem(IDX__SCI0PACK, raw=1, derived=EN, unit=None), 'IDX__SCI0FRAG': ParsedDataItem(IDX__SCI0FRAG, raw=0, derived=DS, unit=None), 'IDX__SCI0COMP': ParsedDataItem(IDX__SCI0COMP, raw=0, derived=DS, unit=None), 'IDX__SCI0EVTNUM': ParsedDataItem(IDX__SCI0EVTNUM, raw=123, derived=123, unit=None), 'IDX__SCI0CAT': ParsedDataItem(IDX__SCI0CAT, raw=32, derived=32, unit=None), 'IDX__SCI0QUAL': ParsedDataItem(IDX__SCI0QUAL, raw=5, derived=5, unit=None), 'IDX__SCI0FRAGOFF': ParsedDataItem(IDX__SCI0FRAGOFF, raw=0, derived=0, unit=None), 'IDX__SCI0VER': ParsedDataItem(IDX__SCI0VER, raw=9, derived=9, unit=None), 'IDX__SCI0TIME32': ParsedDataItem(IDX__SCI0TIME32, raw=440200854, derived=440200854, unit=None), 'IDX__SCI0SPARE2': ParsedDataItem(IDX__SCI0SPARE2, raw=0, derived=0, unit=None), 'IDX__SCI0SPARE3': ParsedDataItem(IDX__SCI0SPARE3, raw=0, derived=0, unit=None), 'IDX__SCI0SPARE4': ParsedDataItem(IDX__SCI0SPARE4, raw=0, derived=0, unit=None), 'IDX__TXHDRSCIEVTLEN': ParsedDataItem(IDX__TXHDRSCIEVTLEN, raw=8320, derived=8320, unit=None), 'IDX__TXHDRSP00': ParsedDataItem(IDX__TXHDRSP00, raw=0, derived=0, unit=None), 'IDX__TXHDRTIMESEC1': ParsedDataItem(IDX__TXHDRTIMESEC1, raw=6716, derived=6716, unit=None), 'IDX__TXHDRTIMESEC2': ParsedDataItem(IDX__TXHDRTIMESEC2, raw=61078, derived=61078, unit=None), 'IDX__TXHDRTIMESUBS': ParsedDataItem(IDX__TXHDRTIMESUBS, raw=3580, derived=3580, unit=None), 'IDX__TXHDRSP01': ParsedDataItem(IDX__TXHDRSP01, raw=0, derived=0, unit=None), 'IDX__TXHDRTRIGOFFSET': ParsedDataItem(IDX__TXHDRTRIGOFFSET, raw=6, derived=6, unit=None), 'IDX__TXHDRSP02': ParsedDataItem(IDX__TXHDRSP02, raw=0, derived=0, unit=None), 'IDX__TXHDRTRIGID': ParsedDataItem(IDX__TXHDRTRIGID, raw=1, derived=1, unit=None), 'IDX__TXHDREVTNUM': ParsedDataItem(IDX__TXHDREVTNUM, raw=123, derived=123, unit=None), 'IDX__TXHDRBLOCKS': ParsedDataItem(IDX__TXHDRBLOCKS, raw=243679, derived=243679, unit=None), 'IDX__TXHDRHGTRIGCTRL1': ParsedDataItem(IDX__TXHDRHGTRIGCTRL1, raw=2264924160, derived=2264924160, unit=None), 'IDX__TXHDRHGTRIGCTRL2': ParsedDataItem(IDX__TXHDRHGTRIGCTRL2, raw=0, derived=0, unit=None), 'IDX__TXHDRLGTRIGCTRL1': ParsedDataItem(IDX__TXHDRLGTRIGCTRL1, raw=4294965248, derived=4294965248, unit=None), 'IDX__TXHDRLGTRIGCTRL2': ParsedDataItem(IDX__TXHDRLGTRIGCTRL2, raw=4278255360, derived=4278255360, unit=None), 'IDX__TXHDRMGTRIGCTRL1': ParsedDataItem(IDX__TXHDRMGTRIGCTRL1, raw=4294965248, derived=4294965248, unit=None), 'IDX__TXHDRMGTRIGCTRL2': ParsedDataItem(IDX__TXHDRMGTRIGCTRL2, raw=4278255360, derived=4278255360, unit=None), 'IDX__TXHDRSP03': ParsedDataItem(IDX__TXHDRSP03, raw=0, derived=0, unit=None), 'IDX__TXHDRLSADC': ParsedDataItem(IDX__TXHDRLSADC, raw=1048320, derived=1048320, unit=None), 'IDX__TXHDRPOLSTAT': ParsedDataItem(IDX__TXHDRPOLSTAT, raw=1, derived=NEG, unit=None), 'IDX__TXHDRSP04': ParsedDataItem(IDX__TXHDRSP04, raw=0, derived=0, unit=None), 'IDX__TXHDRPOLCTRL': ParsedDataItem(IDX__TXHDRPOLCTRL, raw=0, derived=POS, unit=None), 'IDX__TXHDRCOINENA': ParsedDataItem(IDX__TXHDRCOINENA, raw=0, derived=DIS, unit=None), 'IDX__TXHDRLSTRIGMODE': ParsedDataItem(IDX__TXHDRLSTRIGMODE, raw=0, derived=DIS, unit=None), 'IDX__TXHDRMGTRIGMODE': ParsedDataItem(IDX__TXHDRMGTRIGMODE, raw=0, derived=0, unit=None), 'IDX__TXHDRLGTRIGMODE': ParsedDataItem(IDX__TXHDRLGTRIGMODE, raw=0, derived=0, unit=None), 'IDX__TXHDRHGTRIGMODE': ParsedDataItem(IDX__TXHDRHGTRIGMODE, raw=1, derived=1, unit=None), 'IDX__TXHDRSP05': ParsedDataItem(IDX__TXHDRSP05, raw=0, derived=0, unit=None), 'IDX__TXHDRSP06': ParsedDataItem(IDX__TXHDRSP06, raw=0, derived=0, unit=None), 'IDX__TXHDRSP07': ParsedDataItem(IDX__TXHDRSP07, raw=2018, derived=2018, unit=None), 'IDX__TXHDRSP08': ParsedDataItem(IDX__TXHDRSP08, raw=0, derived=0, unit=None), 'IDX__TXHDRTOFMAX': ParsedDataItem(IDX__TXHDRTOFMAX, raw=541596201, derived=541596201, unit=None), 'IDX__TXHDRTOFMIN': ParsedDataItem(IDX__TXHDRTOFMIN, raw=535295475, derived=535295475, unit=None), 'IDX__TXHDRLS0MAXMIN': ParsedDataItem(IDX__TXHDRLS0MAXMIN, raw=9537296, derived=9537296, unit=None), 'IDX__TXHDRLS1MAXMIN': ParsedDataItem(IDX__TXHDRLS1MAXMIN, raw=8443884, derived=8443884, unit=None), 'IDX__TXHDRLS2MAXMIN': ParsedDataItem(IDX__TXHDRLS2MAXMIN, raw=8329185, derived=8329185, unit=None), 'IDX__TXHDRFIFODELAY': ParsedDataItem(IDX__TXHDRFIFODELAY, raw=17, derived=17, unit=None), 'IDX__TXHDRSAMPDELAY': ParsedDataItem(IDX__TXHDRSAMPDELAY, raw=49331280, derived=49331280, unit=None), 'IDX__TXHDRTRANSCNT': ParsedDataItem(IDX__TXHDRTRANSCNT, raw=2, derived=2, unit=None), 'IDX__TXHDRPROCHKCH01': ParsedDataItem(IDX__TXHDRPROCHKCH01, raw=83690311, derived=83690311, unit=None), 'IDX__TXHDRPROCHKCH23': ParsedDataItem(IDX__TXHDRPROCHKCH23, raw=104662222, derived=104662222, unit=None), 'IDX__TXHDRPROCHKCH45': ParsedDataItem(IDX__TXHDRPROCHKCH45, raw=168494298, derived=168494298, unit=None), 'IDX__TXHDRPROCHKCH67': ParsedDataItem(IDX__TXHDRPROCHKCH67, raw=133695768, derived=133695768, unit=None), 'IDX__TXHDRHVPSHKCH01': ParsedDataItem(IDX__TXHDRHVPSHKCH01, raw=131860073, derived=131860073, unit=None), 'IDX__TXHDRHVPSHKCH23': ParsedDataItem(IDX__TXHDRHVPSHKCH23, raw=8849070, derived=8849070, unit=None), 'IDX__TXHDRHVPSHKCH45': ParsedDataItem(IDX__TXHDRHVPSHKCH45, raw=153290714, derived=153290714, unit=None), 'IDX__TXHDRHVPSHKCH67': ParsedDataItem(IDX__TXHDRHVPSHKCH67, raw=19991184, derived=19991184, unit=None), 'IDX__TXHDRLVHK0CH01': ParsedDataItem(IDX__TXHDRLVHK0CH01, raw=134219776, derived=134219776, unit=None), 'IDX__TXHDRLVHK0CH23': ParsedDataItem(IDX__TXHDRLVHK0CH23, raw=171838394, derived=171838394, unit=None), 'IDX__TXHDRLVHK0CH45': ParsedDataItem(IDX__TXHDRLVHK0CH45, raw=134745194, derived=134745194, unit=None), 'IDX__TXHDRLVHK0CH67': ParsedDataItem(IDX__TXHDRLVHK0CH67, raw=205589587, derived=205589587, unit=None), 'IDX__TXHDRLVHK1CH01': ParsedDataItem(IDX__TXHDRLVHK1CH01, raw=34801298, derived=34801298, unit=None), 'IDX__TXHDRLVHK1CH23': ParsedDataItem(IDX__TXHDRLVHK1CH23, raw=77661693, derived=77661693, unit=None), 'IDX__TXHDRLVHK1CH45': ParsedDataItem(IDX__TXHDRLVHK1CH45, raw=227411875, derived=227411875, unit=None), 'IDX__TXHDRLVHK1CH67': ParsedDataItem(IDX__TXHDRLVHK1CH67, raw=192872901, derived=192872901, unit=None), 'IDX__TXHDRLVHK2CH01': ParsedDataItem(IDX__TXHDRLVHK2CH01, raw=81396956, derived=81396956, unit=None), 'IDX__TXHDRLVHK2CH23': ParsedDataItem(IDX__TXHDRLVHK2CH23, raw=190450346, derived=190450346, unit=None), 'IDX__TXHDRLVHK2CH45': ParsedDataItem(IDX__TXHDRLVHK2CH45, raw=101059629, derived=101059629, unit=None), 'IDX__TXHDRLVHK2CH67': ParsedDataItem(IDX__TXHDRLVHK2CH67, raw=69017, derived=69017, unit=None), 'IDX__TXHDRSP09': ParsedDataItem(IDX__TXHDRSP09, raw=0, derived=0, unit=None), 'IDX__TXHDRSP10': ParsedDataItem(IDX__TXHDRSP10, raw=0, derived=0, unit=None), 'IDX__TXHDRFSWAIDCOPY': ParsedDataItem(IDX__TXHDRFSWAIDCOPY, raw=2415085345, derived=2415085345, unit=None), 'IDX__TXHDRFSWBINCOPY': ParsedDataItem(IDX__TXHDRFSWBINCOPY, raw=0, derived=0, unit=None), 'IDX__TXHDRFSWMAJOR': ParsedDataItem(IDX__TXHDRFSWMAJOR, raw=2, derived=2, unit=None), 'IDX__TXHDRFSWMINOR': ParsedDataItem(IDX__TXHDRFSWMINOR, raw=0, derived=0, unit=None), 'IDX__TXHDRFSWPATCH': ParsedDataItem(IDX__TXHDRFSWPATCH, raw=0, derived=0, unit=None), 'IDX__TXHDRFSWHVSTAT': ParsedDataItem(IDX__TXHDRFSWHVSTAT, raw=3, derived=3, unit=None), 'IDX__TXHDRFSWMEM0': ParsedDataItem(IDX__TXHDRFSWMEM0, raw=0, derived=0, unit=None), 'IDX__TXHDRFSWMEM1': ParsedDataItem(IDX__TXHDRFSWMEM1, raw=0, derived=0, unit=None), 'IDX__TXHDRFSWPT0': ParsedDataItem(IDX__TXHDRFSWPT0, raw=0, derived=0, unit=None), 'IDX__TXHDRFSWPT1': ParsedDataItem(IDX__TXHDRFSWPT1, raw=0, derived=0, unit=None), 'IDX__TXHDRFSWPT2': ParsedDataItem(IDX__TXHDRFSWPT2, raw=0, derived=0, unit=None), 'IDX__TXHDRFSWPT3': ParsedDataItem(IDX__TXHDRFSWPT3, raw=0, derived=0, unit=None), 'IDX__TXHDRFSWPT4': ParsedDataItem(IDX__TXHDRFSWPT4, raw=0, derived=0, unit=None), 'IDX__TXHDRFSWPT5': ParsedDataItem(IDX__TXHDRFSWPT5, raw=0, derived=0, unit=None), 'IDX__TXHDRFSWPT6': ParsedDataItem(IDX__TXHDRFSWPT6, raw=0, derived=0, unit=None), 'IDX__TXHDRFSWPT7': ParsedDataItem(IDX__TXHDRFSWPT7, raw=0, derived=0, unit=None), 'IDX__TXHDRFSWPT8': ParsedDataItem(IDX__TXHDRFSWPT8, raw=0, derived=0, unit=None), 'IDX__TXHDRFSWPT9': ParsedDataItem(IDX__TXHDRFSWPT9, raw=0, derived=0, unit=None), 'IDX__TXHDRFPGAVER': ParsedDataItem(IDX__TXHDRFPGAVER, raw=539165480, derived=539165480, unit=None), 'IDX__SYNCSCI0PKT': ParsedDataItem(IDX__SYNCSCI0PKT, raw=13107, derived=13107, unit=None), 'IDX__CRCSCI0PKT': ParsedDataItem(IDX__CRCSCI0PKT, raw=5866, derived=5866, unit=None)}
SHCOARSE = 440202917
SHFINE = 8889
IDX__SCI0AID = 2415085345
IDX__SCI0TYPE = 1
IDX__SCI0CONT = 127
IDX__SCI0SPARE1 = 0
IDX__SCI0PACK = EN
IDX__SCI0FRAG = DS
IDX__SCI0COMP = DS
IDX__SCI0EVTNUM = 123
IDX__SCI0CAT = 32
IDX__SCI0QUAL = 5
IDX__SCI0FRAGOFF = 0
IDX__SCI0VER = 9
IDX__SCI0TIME32 = 440200854
IDX__SCI0SPARE2 = 0
IDX__SCI0SPARE3 = 0
IDX__SCI0SPARE4 = 0
IDX__TXHDRSCIEVTLEN = 8320
IDX__TXHDRSP00 = 0
IDX__TXHDRTIMESEC1 = 6716
IDX__TXHDRTIMESEC2 = 61078
IDX__TXHDRTIMESUBS = 3580
IDX__TXHDRSP01 = 0
IDX__TXHDRTRIGOFFSET = 6
IDX__TXHDRSP02 = 0
IDX__TXHDRTRIGID = 1
IDX__TXHDREVTNUM = 123
IDX__TXHDRBLOCKS = 243679
IDX__TXHDRHGTRIGCTRL1 = 2264924160
IDX__TXHDRHGTRIGCTRL2 = 0
IDX__TXHDRLGTRIGCTRL1 = 4294965248
IDX__TXHDRLGTRIGCTRL2 = 4278255360
IDX__TXHDRMGTRIGCTRL1 = 4294965248
IDX__TXHDRMGTRIGCTRL2 = 4278255360
IDX__TXHDRSP03 = 0
IDX__TXHDRLSADC = 1048320
IDX__TXHDRPOLSTAT = NEG
IDX__TXHDRSP04 = 0
IDX__TXHDRPOLCTRL = POS
IDX__TXHDRCOINENA = DIS
IDX__TXHDRLSTRIGMODE = DIS
IDX__TXHDRMGTRIGMODE = 0
IDX__TXHDRLGTRIGMODE = 0
IDX__TXHDRHGTRIGMODE = 1
IDX__TXHDRSP05 = 0
IDX__TXHDRSP06 = 0
IDX__TXHDRSP07 = 2018
IDX__TXHDRSP08 = 0
IDX__TXHDRTOFMAX = 541596201
IDX__TXHDRTOFMIN = 535295475
IDX__TXHDRLS0MAXMIN = 9537296
IDX__TXHDRLS1MAXMIN = 8443884
IDX__TXHDRLS2MAXMIN = 8329185
IDX__TXHDRFIFODELAY = 17
IDX__TXHDRSAMPDELAY = 49331280
IDX__TXHDRTRANSCNT = 2
IDX__TXHDRPROCHKCH01 = 83690311
IDX__TXHDRPROCHKCH23 = 104662222
IDX__TXHDRPROCHKCH45 = 168494298
IDX__TXHDRPROCHKCH67 = 133695768
IDX__TXHDRHVPSHKCH01 = 131860073
IDX__TXHDRHVPSHKCH23 = 8849070
IDX__TXHDRHVPSHKCH45 = 153290714
IDX__TXHDRHVPSHKCH67 = 19991184
IDX__TXHDRLVHK0CH01 = 134219776
IDX__TXHDRLVHK0CH23 = 171838394
IDX__TXHDRLVHK0CH45 = 134745194
IDX__TXHDRLVHK0CH67 = 205589587
IDX__TXHDRLVHK1CH01 = 34801298
IDX__TXHDRLVHK1CH23 = 77661693
IDX__TXHDRLVHK1CH45 = 227411875
IDX__TXHDRLVHK1CH67 = 192872901
IDX__TXHDRLVHK2CH01 = 81396956
IDX__TXHDRLVHK2CH23 = 190450346
IDX__TXHDRLVHK2CH45 = 101059629
IDX__TXHDRLVHK2CH67 = 69017
IDX__TXHDRSP09 = 0
IDX__TXHDRSP10 = 0
IDX__TXHDRFSWAIDCOPY = 2415085345
IDX__TXHDRFSWBINCOPY = 0
IDX__TXHDRFSWMAJOR = 2
IDX__TXHDRFSWMINOR = 0
IDX__TXHDRFSWPATCH = 0
IDX__TXHDRFSWHVSTAT = 3
IDX__TXHDRFSWMEM0 = 0
IDX__TXHDRFSWMEM1 = 0
IDX__TXHDRFSWPT0 = 0
IDX__TXHDRFSWPT1 = 0
IDX__TXHDRFSWPT2 = 0
IDX__TXHDRFSWPT3 = 0
IDX__TXHDRFSWPT4 = 0
IDX__TXHDRFSWPT5 = 0
IDX__TXHDRFSWPT6 = 0
IDX__TXHDRFSWPT7 = 0
IDX__TXHDRFSWPT8 = 0
IDX__TXHDRFSWPT9 = 0
IDX__TXHDRFPGAVER = 539165480
IDX__SYNCSCI0PKT = 13107
IDX__CRCSCI0PKT = 5866
^*****Event header 23******^
EVTNUM: 23
SCI0TYPE: 1
TXHDRBLOCKS RAW: 243679
TXHDRBLOCKS DERIVED: 243679
-----
HS pre trig sampling blocks:  31
LS pre trig sampling blocks:  3
HS post trig sampling blocks:  31
LS post trig sampling blocks:  11
IDX__TXHDRHVPSHKCH01 = 131860073
Detector voltage =  1641
Sensor voltage =  2012
Target voltage =  1710
Reflectron voltage =  135
Rejection voltage =  2010
Current for HVPS sensor =  2339
Positive current for HVPS sensor =  2704
Negative current for HVPS sensor =  305
Voltage +3.3V reference =  2048
Voltage +3.3V operational reference =  2048
Voltage -6V bus =  3002
Voltage +6V bus =  2622
Voltage +16V bus =  3178
Voltage +3.3V bus =  2056
Voltage -5V bus =  3155
Voltage +5V bus =  3137
Current +3.3V bus =  1682
Current +16V bus =  1185
Current +6V bus =  1533
Current -6V bus =  1185
Current +5V bus =  1955
Current -5V bus =  3470
Current +2.5V bus =  453
Current -2.5V bus =  2943
Current on the 1V POL =  839
Current on the 1.9V POL =  1277
ProcBd Temperature 1 =  1230
ProcBd Temperature 2 =  1597
Voltage on 1V bus =  1242
FPGA Temperature =  2571
Voltage on 1.9V bus =  2328
Voltage on 3.3V bus =  2040
var_to_row = {'Last measurement in raw DN for Processor Board signal “1V POL Current”': 0, 'Last measurement in raw DN for Processor Board signal “1.9V POL Current”': 1, 'Last measurement in raw DN for Processor Board signal “ProcBd Temp1”': 2, nan: 48, 'Last measurement in raw DN for Processor Board signal “ProcBd Temp2”': 6, 'Last measurement in raw DN for Processor Board signal “1V Voltage”': 10, 'Last measurement in raw DN for Processor Board signal “FPGA Temp”': 11, 'Last measurement in raw DN for Processor Board signal “1.9V Voltage”': 12, 'Last measurement in raw DN for Processor Board signal “3.3V Voltage”': 13, 'Last measurement in raw DN for HVPS Board signal “Detector Voltage”': 14, 'Last measurement in raw DN for HVPS Board signal “Sensor Voltage"': 15, 'Last measurement in raw DN for HVPS Board signal “Target Voltage”': 16, 'Last measurement in raw DN for HVPS Board signal “Reflectron Voltage”': 17, 'Last measurement in raw DN for HVPS Board signal “Rejection Voltage”': 18, 'Last measurement in raw DN for HVPS Board signal “Detector Current”': 19, 'Last measurement in raw DN for HVPS Board signal “Sensor IP”': 20, 'Last measurement in raw DN for HVPS Board signal “Sensor IN”': 21, 'Last measurement in raw DN for LVPS Board signal “P3.3VREF_HK”': 22, 'Last measurement in raw DN for LVPS Board signal “P3.3VREF_OP”': 23, 'Last measurement in raw DN for LVPS Board signal “N6V”': 24, 'Last measurement in raw DN for LVPS Board signal “P6V”': 25, 'Last measurement in raw DN for LVPS Board signal “P16V”': 26, 'Last measurement in raw DN for LVPS Board signal “P3.3V”': 27, 'Last measurement in raw DN for LVPS Board signal “N5V”': 28, 'Last measurement in raw DN for LVPS Board signal “P5V”': 29, 'Last measurement in raw DN for LVPS Board signal “P3.3_IMON”': 30, 'Last measurement in raw DN for LVPS Board signal “P16V_IMON”': 31, 'Last measurement in raw DN for LVPS Board signal “P6V_IMON”': 32, 'Last measurement in raw DN for LVPS Board signal “N6V_IMON”': 33, 'Last measurement in raw DN for LVPS Board signal “P5V_IMON”': 34, 'Last measurement in raw DN for LVPS Board signal “N5V_IMON”': 35, 'Last measurement in raw DN for LVPS Board signal “P2.5V_IMON”': 36, 'Last measurement in raw DN for LVPS Board signal “N2.5V_IMON”': 37, 'Last measurement in raw DN for LVPS Board signal “THERM_DECON0”': 38, 'Last measurement in raw DN for LVPS Board signal “THERM_DECON1”': 39, 'Last measurement in raw DN for LVPS Board signal “THERM_DAB”': 40, 'Last measurement in raw DN for LVPS Board signal “THERM_LVPS”': 41, 'Last measurement in raw DN for LVPS Board signal “THERM_HVPS”': 45, 'Last measurement in raw DN for LVPS Board signal “P2.5V”': 49, 'Last measurement in raw DN for LVPS Board signal “N2.5V”': 50, 'Last measurement in raw DN for LVPS Board signal “Spare”': 51}

 
 ***** var_name being converted for each instrument setting ***** 
 

Matching row  18
coeffs for Last measurement in raw DN for Processor Board signal “1V POL Current”= [0.0 0.9029253 0.0 0.0 0.0 0.0 0.0 0.0]
var_name = Last measurement in raw DN for Processor Board signal “1V POL Current”
var_name = current_1V_pol
Header info = 839
Transformed value for current_1V_pol = 757.5543267
Matching row  18
coeffs for Last measurement in raw DN for Processor Board signal “1.9V POL Current”= [0.0 0.9029253 0.0 0.0 0.0 0.0 0.0 0.0]
var_name = Last measurement in raw DN for Processor Board signal “1.9V POL Current”
var_name = current_1.9V_pol
Header info = 1277
Transformed value for current_1.9V_pol = 1153.0356081
Matching row  18
coeffs for Last measurement in raw DN for Processor Board signal “ProcBd Temp1”= [162.8276 -0.2668687 0.0003323794 -2.43153e-07 9.034532e-11 -1.327735e-14
 0.0 0.0]
var_name = Last measurement in raw DN for Processor Board signal “ProcBd Temp1”
var_name = temperature_1
Header info = 1230
Transformed value for temperature_1 = 54.36906893026055
Matching row  18
coeffs for nan= [-104713.9 52.02446 -0.006463374 0.0 0.0 0.0 0.0 0.0]
var_name = nan
var_name = None
KeyError: (23, None) - Could not find entry for None, 48. Please check the Var_notes or variable mapping.
Matching row  18
coeffs for Last measurement in raw DN for Processor Board signal “ProcBd Temp2”= [162.8276 -0.2668687 0.0003323794 -2.43153e-07 9.034532e-11 -1.327735e-14
 0.0 0.0]
var_name = Last measurement in raw DN for Processor Board signal “ProcBd Temp2”
var_name = temperature_2
Header info = 1597
Transformed value for temperature_2 = 43.714894150974374
Matching row  18
coeffs for Last measurement in raw DN for Processor Board signal “1V Voltage”= [0.0 0.000805861 0.0 0.0 0.0 0.0 0.0 0.0]
var_name = Last measurement in raw DN for Processor Board signal “1V Voltage”
var_name = voltage_1V_bus
Header info = 1242
Transformed value for voltage_1V_bus = 1.0008793619999998
Matching row  18
coeffs for Last measurement in raw DN for Processor Board signal “FPGA Temp”= [358.31 -0.1187104 0.0 0.0 0.0 0.0 0.0 0.0]
var_name = Last measurement in raw DN for Processor Board signal “FPGA Temp”
var_name = fpga_temperature
Header info = 2571
Transformed value for fpga_temperature = 53.105561600000044
Matching row  18
coeffs for Last measurement in raw DN for Processor Board signal “1.9V Voltage”= [0.0 0.000805861 0.0 0.0 0.0 0.0 0.0 0.0]
var_name = Last measurement in raw DN for Processor Board signal “1.9V Voltage”
var_name = voltage_1.9V_bus
Header info = 2328
Transformed value for voltage_1.9V_bus = 1.8760444079999998
Matching row  18
coeffs for Last measurement in raw DN for Processor Board signal “3.3V Voltage”= [0.0 0.001611722 0.0 0.0 0.0 0.0 0.0 0.0]
var_name = Last measurement in raw DN for Processor Board signal “3.3V Voltage”
var_name = voltage_3.3V_bus
Header info = 2040
Transformed value for voltage_3.3V_bus = 3.28791288
Matching row  18
coeffs for Last measurement in raw DN for HVPS Board signal “Detector Voltage”= [0.0 1.4652 0.0 0.0 0.0 0.0 0.0 0.0]
var_name = Last measurement in raw DN for HVPS Board signal “Detector Voltage”
var_name = detector_voltage
Header info = 1641
Transformed value for detector_voltage = 2404.3932
Matching row  18
coeffs for Last measurement in raw DN for HVPS Board signal “Sensor Voltage"= [0.0 1.4652 0.0 0.0 0.0 0.0 0.0 0.0]
var_name = Last measurement in raw DN for HVPS Board signal “Sensor Voltage"
var_name = sensor_voltage
Header info = 2012
Transformed value for sensor_voltage = 2947.9824000000003
Matching row  18
coeffs for Last measurement in raw DN for HVPS Board signal “Target Voltage”= [0.0 1.4652 0.0 0.0 0.0 0.0 0.0 0.0]
var_name = Last measurement in raw DN for HVPS Board signal “Target Voltage”
var_name = target_voltage
Header info = 1710
Transformed value for target_voltage = 2505.492
Matching row  18
coeffs for Last measurement in raw DN for HVPS Board signal “Reflectron Voltage”= [0.0 1.4652 0.0 0.0 0.0 0.0 0.0 0.0]
var_name = Last measurement in raw DN for HVPS Board signal “Reflectron Voltage”
var_name = reflectron_voltage
Header info = 135
Transformed value for reflectron_voltage = 197.80200000000002
Matching row  18
coeffs for Last measurement in raw DN for HVPS Board signal “Rejection Voltage”= [0.0 1.4652 0.0 0.0 0.0 0.0 0.0 0.0]
var_name = Last measurement in raw DN for HVPS Board signal “Rejection Voltage”
var_name = rejection_voltage
Header info = 2010
Transformed value for rejection_voltage = 2945.052
Matching row  18
coeffs for Last measurement in raw DN for HVPS Board signal “Detector Current”= [0.0 7.326e-06 0.0 0.0 0.0 0.0 0.0 0.0]
var_name = Last measurement in raw DN for HVPS Board signal “Detector Current”
var_name = current_hvps_sensor
Header info = 2339
Transformed value for current_hvps_sensor = 0.017135514
Matching row  18
coeffs for Last measurement in raw DN for HVPS Board signal “Sensor IP”= [0.0 2.4339e-05 0.0 0.0 0.0 0.0 0.0 0.0]
var_name = Last measurement in raw DN for HVPS Board signal “Sensor IP”
var_name = positive_current_hvps
Header info = 2704
Transformed value for positive_current_hvps = 0.065812656
Matching row  18
coeffs for Last measurement in raw DN for HVPS Board signal “Sensor IN”= [0.0 2.4339e-05 0.0 0.0 0.0 0.0 0.0 0.0]
var_name = Last measurement in raw DN for HVPS Board signal “Sensor IN”
var_name = negative_current_hvps
Header info = 305
Transformed value for negative_current_hvps = 0.007423394999999999
Matching row  18
coeffs for Last measurement in raw DN for LVPS Board signal “P3.3VREF_HK”= [0.0 0.00161172 0.0 0.0 0.0 0.0 0.0 0.0]
var_name = Last measurement in raw DN for LVPS Board signal “P3.3VREF_HK”
var_name = voltage_3V3_ref
Header info = 2048
Transformed value for voltage_3V3_ref = 3.30080256
Matching row  18
coeffs for Last measurement in raw DN for LVPS Board signal “P3.3VREF_OP”= [0.0 0.00161172 0.0 0.0 0.0 0.0 0.0 0.0]
var_name = Last measurement in raw DN for LVPS Board signal “P3.3VREF_OP”
var_name = voltage_3V3_op_ref
Header info = 2048
Transformed value for voltage_3V3_op_ref = 3.30080256
Matching row  18
coeffs for Last measurement in raw DN for LVPS Board signal “N6V”= [-33.0 0.00886447 0.0 0.0 0.0 0.0 0.0 0.0]
var_name = Last measurement in raw DN for LVPS Board signal “N6V”
var_name = voltage_neg6V_bus
Header info = 3002
Transformed value for voltage_neg6V_bus = -6.3888610600000035
Matching row  18
coeffs for Last measurement in raw DN for LVPS Board signal “P6V”= [0.0 0.00241758 0.0 0.0 0.0 0.0 0.0 0.0]
var_name = Last measurement in raw DN for LVPS Board signal “P6V”
var_name = voltage_pos6V_bus
Header info = 2622
Transformed value for voltage_pos6V_bus = 6.33889476
Matching row  18
coeffs for Last measurement in raw DN for LVPS Board signal “P16V”= [0.0 0.00482711 0.0 0.0 0.0 0.0 0.0 0.0]
var_name = Last measurement in raw DN for LVPS Board signal “P16V”
var_name = voltage_pos16V_bus
Header info = 3178
Transformed value for voltage_pos16V_bus = 15.34055558
Matching row  18
coeffs for Last measurement in raw DN for LVPS Board signal “P3.3V”= [0.0 0.00161172 0.0 0.0 0.0 0.0 0.0 0.0]
var_name = Last measurement in raw DN for LVPS Board signal “P3.3V”
var_name = voltage_pos3V3_bus
Header info = 2056
Transformed value for voltage_pos3V3_bus = 3.31369632
Matching row  18
coeffs for Last measurement in raw DN for LVPS Board signal “N5V”= [-33.0 0.00886447 0.0 0.0 0.0 0.0 0.0 0.0]
var_name = Last measurement in raw DN for LVPS Board signal “N5V”
var_name = voltage_neg5V_bus
Header info = 3155
Transformed value for voltage_neg5V_bus = -5.032597150000001
Matching row  18
coeffs for Last measurement in raw DN for LVPS Board signal “P5V”= [0.0 0.00161172 0.0 0.0 0.0 0.0 0.0 0.0]
var_name = Last measurement in raw DN for LVPS Board signal “P5V”
var_name = voltage_pos5V_bus
Header info = 3137
Transformed value for voltage_pos5V_bus = 5.05596564
Matching row  18
coeffs for Last measurement in raw DN for LVPS Board signal “P3.3_IMON”= [0.0 0.00161172 0.0 0.0 0.0 0.0 0.0 0.0]
var_name = Last measurement in raw DN for LVPS Board signal “P3.3_IMON”
var_name = current_3V3_bus
Header info = 1682
Transformed value for current_3V3_bus = 2.7109130400000003
Matching row  18
coeffs for Last measurement in raw DN for LVPS Board signal “P16V_IMON”= [0.0 0.000161172 0.0 0.0 0.0 0.0 0.0 0.0]
var_name = Last measurement in raw DN for LVPS Board signal “P16V_IMON”
var_name = current_16V_bus
Header info = 1185
Transformed value for current_16V_bus = 0.19098882
Matching row  18
coeffs for Last measurement in raw DN for LVPS Board signal “P6V_IMON”= [0.0 8.05861e-05 0.0 0.0 0.0 0.0 0.0 0.0]
var_name = Last measurement in raw DN for LVPS Board signal “P6V_IMON”
var_name = current_6V_bus
Header info = 1533
Transformed value for current_6V_bus = 0.1235384913
Matching row  18
coeffs for Last measurement in raw DN for LVPS Board signal “N6V_IMON”= [0.0 -8.05861e-05 0.0 0.0 0.0 0.0 0.0 0.0]
var_name = Last measurement in raw DN for LVPS Board signal “N6V_IMON”
var_name = current_neg6V_bus
Header info = 1185
Transformed value for current_neg6V_bus = -0.0954945285
Matching row  18
coeffs for Last measurement in raw DN for LVPS Board signal “P5V_IMON”= [0.0 4.029304e-05 0.0 0.0 0.0 0.0 0.0 0.0]
var_name = Last measurement in raw DN for LVPS Board signal “P5V_IMON”
var_name = current_5V_bus
Header info = 1955
Transformed value for current_5V_bus = 0.0787728932
Matching row  18
coeffs for Last measurement in raw DN for LVPS Board signal “N5V_IMON”= [0.0 -2.01465e-05 0.0 0.0 0.0 0.0 0.0 0.0]
var_name = Last measurement in raw DN for LVPS Board signal “N5V_IMON”
var_name = current_neg5V_bus
Header info = 3470
Transformed value for current_neg5V_bus = -0.069908355
Matching row  18
coeffs for Last measurement in raw DN for LVPS Board signal “P2.5V_IMON”= [0.0 0.00161172 0.0 0.0 0.0 0.0 0.0 0.0]
var_name = Last measurement in raw DN for LVPS Board signal “P2.5V_IMON”
var_name = current_2V5_bus
Header info = 453
Transformed value for current_2V5_bus = 0.73010916
Matching row  18
coeffs for Last measurement in raw DN for LVPS Board signal “N2.5V_IMON”= [0.0 -4.0293e-05 0.0 0.0 0.0 0.0 0.0 0.0]
var_name = Last measurement in raw DN for LVPS Board signal “N2.5V_IMON”
var_name = current_neg2V5_bus
Header info = 2943
Transformed value for current_neg2V5_bus = -0.118582299
Matching row  18
coeffs for Last measurement in raw DN for LVPS Board signal “THERM_DECON0”= [-110.293 0.0665351 0.000305738 -6.32048e-07 5.9934e-10 -2.98784e-13
 7.61361e-17 -7.76467e-21]
var_name = Last measurement in raw DN for LVPS Board signal “THERM_DECON0”
var_name = None
KeyError: (23, None) - Could not find entry for None, 38. Please check the Var_notes or variable mapping.
Matching row  18
coeffs for Last measurement in raw DN for LVPS Board signal “THERM_DECON1”= [-150.478 0.376986 -0.00062072 7.73853e-07 -5.81588e-10 2.56368e-13
 -6.05698e-17 5.96635e-21]
var_name = Last measurement in raw DN for LVPS Board signal “THERM_DECON1”
var_name = None
KeyError: (23, None) - Could not find entry for None, 39. Please check the Var_notes or variable mapping.
Matching row  18
coeffs for Last measurement in raw DN for LVPS Board signal “THERM_DAB”= [-443.248 1.31224 -0.00180422 1.40016e-06 -6.43766e-10 1.7448e-13
 -2.57695e-17 1.60239e-21]
var_name = Last measurement in raw DN for LVPS Board signal “THERM_DAB”
var_name = None
KeyError: (23, None) - Could not find entry for None, 40. Please check the Var_notes or variable mapping.
Matching row  18
coeffs for Last measurement in raw DN for LVPS Board signal “THERM_LVPS”= [200.4137 -0.2020699 0.000175403 -9.739547e-08 2.888932e-11 -3.545603e-15
 0.0 0.0]
var_name = Last measurement in raw DN for LVPS Board signal “THERM_LVPS”
var_name = None
KeyError: (23, None) - Could not find entry for None, 41. Please check the Var_notes or variable mapping.
Matching row  18
coeffs for Last measurement in raw DN for LVPS Board signal “THERM_HVPS”= [200.4137 -0.2020699 0.000175403 -9.739547e-08 2.888932e-11 -3.545603e-15
 0.0 0.0]
var_name = Last measurement in raw DN for LVPS Board signal “THERM_HVPS”
var_name = None
KeyError: (23, None) - Could not find entry for None, 45. Please check the Var_notes or variable mapping.
Matching row  18
coeffs for Last measurement in raw DN for LVPS Board signal “P2.5V”= [0.0 0.00161172 0.0 0.0 0.0 0.0 0.0 0.0]
var_name = Last measurement in raw DN for LVPS Board signal “P2.5V”
var_name = None
KeyError: (23, None) - Could not find entry for None, 49. Please check the Var_notes or variable mapping.
Matching row  18
coeffs for Last measurement in raw DN for LVPS Board signal “N2.5V”= [-33.0 0.00886447 0.0 0.0 0.0 0.0 0.0 0.0]
var_name = Last measurement in raw DN for LVPS Board signal “N2.5V”
var_name = None
KeyError: (23, None) - Could not find entry for None, 50. Please check the Var_notes or variable mapping.
Matching row  18
coeffs for Last measurement in raw DN for LVPS Board signal “Spare”= [0.0 0.00161172 0.0 0.0 0.0 0.0 0.0 0.0]
var_name = Last measurement in raw DN for LVPS Board signal “Spare”
var_name = spare_signal
KeyError: (23, 'spare_signal') - Could not find entry for spare_signal, 51. Please check the Var_notes or variable mapping.
High gain delay = 80 samples.
Mid gain delay = 47 samples.
Low gain delay = 47 samples.
High sampling trigger mode =  0 0 1
High gain trigger mode enabled.
For 2264924160, HG Trigger level = 0.15605999999999998, sample settings = 0, 0
Threshold trigger mode enabled for high gain channel.
AID = 2415085345
Event number = 123
Rice compression enabled = False
Timestamp = 440200854.0716 seconds since epoch (Midnight January 1st, 2010)
Trigger time = 2023-12-13T22:00:54.071600Z
23
23
23
23
23
23
23
23
23
23
23
23
23
{'SHCOARSE': ParsedDataItem(SHCOARSE, raw=440202931, derived=440202931, unit=dn), 'SHFINE': ParsedDataItem(SHFINE, raw=8899, derived=8899, unit=dn), 'IDX__SCI0AID': ParsedDataItem(IDX__SCI0AID, raw=2415085345, derived=2415085345, unit=None), 'IDX__SCI0TYPE': ParsedDataItem(IDX__SCI0TYPE, raw=1, derived=1, unit=None), 'IDX__SCI0CONT': ParsedDataItem(IDX__SCI0CONT, raw=127, derived=127, unit=None), 'IDX__SCI0SPARE1': ParsedDataItem(IDX__SCI0SPARE1, raw=0, derived=0, unit=None), 'IDX__SCI0PACK': ParsedDataItem(IDX__SCI0PACK, raw=1, derived=EN, unit=None), 'IDX__SCI0FRAG': ParsedDataItem(IDX__SCI0FRAG, raw=0, derived=DS, unit=None), 'IDX__SCI0COMP': ParsedDataItem(IDX__SCI0COMP, raw=0, derived=DS, unit=None), 'IDX__SCI0EVTNUM': ParsedDataItem(IDX__SCI0EVTNUM, raw=124, derived=124, unit=None), 'IDX__SCI0CAT': ParsedDataItem(IDX__SCI0CAT, raw=32, derived=32, unit=None), 'IDX__SCI0QUAL': ParsedDataItem(IDX__SCI0QUAL, raw=5, derived=5, unit=None), 'IDX__SCI0FRAGOFF': ParsedDataItem(IDX__SCI0FRAGOFF, raw=0, derived=0, unit=None), 'IDX__SCI0VER': ParsedDataItem(IDX__SCI0VER, raw=9, derived=9, unit=None), 'IDX__SCI0TIME32': ParsedDataItem(IDX__SCI0TIME32, raw=440201173, derived=440201173, unit=None), 'IDX__SCI0SPARE2': ParsedDataItem(IDX__SCI0SPARE2, raw=0, derived=0, unit=None), 'IDX__SCI0SPARE3': ParsedDataItem(IDX__SCI0SPARE3, raw=0, derived=0, unit=None), 'IDX__SCI0SPARE4': ParsedDataItem(IDX__SCI0SPARE4, raw=0, derived=0, unit=None), 'IDX__TXHDRSCIEVTLEN': ParsedDataItem(IDX__TXHDRSCIEVTLEN, raw=8320, derived=8320, unit=None), 'IDX__TXHDRSP00': ParsedDataItem(IDX__TXHDRSP00, raw=0, derived=0, unit=None), 'IDX__TXHDRTIMESEC1': ParsedDataItem(IDX__TXHDRTIMESEC1, raw=6716, derived=6716, unit=None), 'IDX__TXHDRTIMESEC2': ParsedDataItem(IDX__TXHDRTIMESEC2, raw=61397, derived=61397, unit=None), 'IDX__TXHDRTIMESUBS': ParsedDataItem(IDX__TXHDRTIMESUBS, raw=896, derived=896, unit=None), 'IDX__TXHDRSP01': ParsedDataItem(IDX__TXHDRSP01, raw=0, derived=0, unit=None), 'IDX__TXHDRTRIGOFFSET': ParsedDataItem(IDX__TXHDRTRIGOFFSET, raw=5, derived=5, unit=None), 'IDX__TXHDRSP02': ParsedDataItem(IDX__TXHDRSP02, raw=0, derived=0, unit=None), 'IDX__TXHDRTRIGID': ParsedDataItem(IDX__TXHDRTRIGID, raw=1, derived=1, unit=None), 'IDX__TXHDREVTNUM': ParsedDataItem(IDX__TXHDREVTNUM, raw=124, derived=124, unit=None), 'IDX__TXHDRBLOCKS': ParsedDataItem(IDX__TXHDRBLOCKS, raw=243679, derived=243679, unit=None), 'IDX__TXHDRHGTRIGCTRL1': ParsedDataItem(IDX__TXHDRHGTRIGCTRL1, raw=2264924160, derived=2264924160, unit=None), 'IDX__TXHDRHGTRIGCTRL2': ParsedDataItem(IDX__TXHDRHGTRIGCTRL2, raw=0, derived=0, unit=None), 'IDX__TXHDRLGTRIGCTRL1': ParsedDataItem(IDX__TXHDRLGTRIGCTRL1, raw=4294965248, derived=4294965248, unit=None), 'IDX__TXHDRLGTRIGCTRL2': ParsedDataItem(IDX__TXHDRLGTRIGCTRL2, raw=4278255360, derived=4278255360, unit=None), 'IDX__TXHDRMGTRIGCTRL1': ParsedDataItem(IDX__TXHDRMGTRIGCTRL1, raw=4294965248, derived=4294965248, unit=None), 'IDX__TXHDRMGTRIGCTRL2': ParsedDataItem(IDX__TXHDRMGTRIGCTRL2, raw=4278255360, derived=4278255360, unit=None), 'IDX__TXHDRSP03': ParsedDataItem(IDX__TXHDRSP03, raw=0, derived=0, unit=None), 'IDX__TXHDRLSADC': ParsedDataItem(IDX__TXHDRLSADC, raw=1048320, derived=1048320, unit=None), 'IDX__TXHDRPOLSTAT': ParsedDataItem(IDX__TXHDRPOLSTAT, raw=1, derived=NEG, unit=None), 'IDX__TXHDRSP04': ParsedDataItem(IDX__TXHDRSP04, raw=0, derived=0, unit=None), 'IDX__TXHDRPOLCTRL': ParsedDataItem(IDX__TXHDRPOLCTRL, raw=0, derived=POS, unit=None), 'IDX__TXHDRCOINENA': ParsedDataItem(IDX__TXHDRCOINENA, raw=0, derived=DIS, unit=None), 'IDX__TXHDRLSTRIGMODE': ParsedDataItem(IDX__TXHDRLSTRIGMODE, raw=0, derived=DIS, unit=None), 'IDX__TXHDRMGTRIGMODE': ParsedDataItem(IDX__TXHDRMGTRIGMODE, raw=0, derived=0, unit=None), 'IDX__TXHDRLGTRIGMODE': ParsedDataItem(IDX__TXHDRLGTRIGMODE, raw=0, derived=0, unit=None), 'IDX__TXHDRHGTRIGMODE': ParsedDataItem(IDX__TXHDRHGTRIGMODE, raw=1, derived=1, unit=None), 'IDX__TXHDRSP05': ParsedDataItem(IDX__TXHDRSP05, raw=0, derived=0, unit=None), 'IDX__TXHDRSP06': ParsedDataItem(IDX__TXHDRSP06, raw=0, derived=0, unit=None), 'IDX__TXHDRSP07': ParsedDataItem(IDX__TXHDRSP07, raw=2019, derived=2019, unit=None), 'IDX__TXHDRSP08': ParsedDataItem(IDX__TXHDRSP08, raw=0, derived=0, unit=None), 'IDX__TXHDRTOFMAX': ParsedDataItem(IDX__TXHDRTOFMAX, raw=541596216, derived=541596216, unit=None), 'IDX__TXHDRTOFMIN': ParsedDataItem(IDX__TXHDRTOFMIN, raw=535295475, derived=535295475, unit=None), 'IDX__TXHDRLS0MAXMIN': ParsedDataItem(IDX__TXHDRLS0MAXMIN, raw=9762497, derived=9762497, unit=None), 'IDX__TXHDRLS1MAXMIN': ParsedDataItem(IDX__TXHDRLS1MAXMIN, raw=8456168, derived=8456168, unit=None), 'IDX__TXHDRLS2MAXMIN': ParsedDataItem(IDX__TXHDRLS2MAXMIN, raw=8312801, derived=8312801, unit=None), 'IDX__TXHDRFIFODELAY': ParsedDataItem(IDX__TXHDRFIFODELAY, raw=17, derived=17, unit=None), 'IDX__TXHDRSAMPDELAY': ParsedDataItem(IDX__TXHDRSAMPDELAY, raw=40934472, derived=40934472, unit=None), 'IDX__TXHDRTRANSCNT': ParsedDataItem(IDX__TXHDRTRANSCNT, raw=4, derived=4, unit=None), 'IDX__TXHDRPROCHKCH01': ParsedDataItem(IDX__TXHDRPROCHKCH01, raw=83690312, derived=83690312, unit=None), 'IDX__TXHDRPROCHKCH23': ParsedDataItem(IDX__TXHDRPROCHKCH23, raw=104269002, derived=104269002, unit=None), 'IDX__TXHDRPROCHKCH45': ParsedDataItem(IDX__TXHDRPROCHKCH45, raw=168428762, derived=168428762, unit=None), 'IDX__TXHDRPROCHKCH67': ParsedDataItem(IDX__TXHDRPROCHKCH67, raw=133695768, derived=133695768, unit=None), 'IDX__TXHDRHVPSHKCH01': ParsedDataItem(IDX__TXHDRHVPSHKCH01, raw=131860073, derived=131860073, unit=None), 'IDX__TXHDRHVPSHKCH23': ParsedDataItem(IDX__TXHDRHVPSHKCH23, raw=8849070, derived=8849070, unit=None), 'IDX__TXHDRHVPSHKCH45': ParsedDataItem(IDX__TXHDRHVPSHKCH45, raw=153225178, derived=153225178, unit=None), 'IDX__TXHDRHVPSHKCH67': ParsedDataItem(IDX__TXHDRHVPSHKCH67, raw=19991184, derived=19991184, unit=None), 'IDX__TXHDRLVHK0CH01': ParsedDataItem(IDX__TXHDRLVHK0CH01, raw=134219776, derived=134219776, unit=None), 'IDX__TXHDRLVHK0CH23': ParsedDataItem(IDX__TXHDRLVHK0CH23, raw=171838394, derived=171838394, unit=None), 'IDX__TXHDRLVHK0CH45': ParsedDataItem(IDX__TXHDRLVHK0CH45, raw=134745194, derived=134745194, unit=None), 'IDX__TXHDRLVHK0CH67': ParsedDataItem(IDX__TXHDRLVHK0CH67, raw=205589587, derived=205589587, unit=None), 'IDX__TXHDRLVHK1CH01': ParsedDataItem(IDX__TXHDRLVHK1CH01, raw=34866834, derived=34866834, unit=None), 'IDX__TXHDRLVHK1CH23': ParsedDataItem(IDX__TXHDRLVHK1CH23, raw=77727229, derived=77727229, unit=None), 'IDX__TXHDRLVHK1CH45': ParsedDataItem(IDX__TXHDRLVHK1CH45, raw=227477412, derived=227477412, unit=None), 'IDX__TXHDRLVHK1CH67': ParsedDataItem(IDX__TXHDRLVHK1CH67, raw=192938437, derived=192938437, unit=None), 'IDX__TXHDRLVHK2CH01': ParsedDataItem(IDX__TXHDRLVHK2CH01, raw=81462493, derived=81462493, unit=None), 'IDX__TXHDRLVHK2CH23': ParsedDataItem(IDX__TXHDRLVHK2CH23, raw=190122670, derived=190122670, unit=None), 'IDX__TXHDRLVHK2CH45': ParsedDataItem(IDX__TXHDRLVHK2CH45, raw=101059625, derived=101059625, unit=None), 'IDX__TXHDRLVHK2CH67': ParsedDataItem(IDX__TXHDRLVHK2CH67, raw=69016, derived=69016, unit=None), 'IDX__TXHDRSP09': ParsedDataItem(IDX__TXHDRSP09, raw=0, derived=0, unit=None), 'IDX__TXHDRSP10': ParsedDataItem(IDX__TXHDRSP10, raw=0, derived=0, unit=None), 'IDX__TXHDRFSWAIDCOPY': ParsedDataItem(IDX__TXHDRFSWAIDCOPY, raw=2415085345, derived=2415085345, unit=None), 'IDX__TXHDRFSWBINCOPY': ParsedDataItem(IDX__TXHDRFSWBINCOPY, raw=0, derived=0, unit=None), 'IDX__TXHDRFSWMAJOR': ParsedDataItem(IDX__TXHDRFSWMAJOR, raw=2, derived=2, unit=None), 'IDX__TXHDRFSWMINOR': ParsedDataItem(IDX__TXHDRFSWMINOR, raw=0, derived=0, unit=None), 'IDX__TXHDRFSWPATCH': ParsedDataItem(IDX__TXHDRFSWPATCH, raw=0, derived=0, unit=None), 'IDX__TXHDRFSWHVSTAT': ParsedDataItem(IDX__TXHDRFSWHVSTAT, raw=3, derived=3, unit=None), 'IDX__TXHDRFSWMEM0': ParsedDataItem(IDX__TXHDRFSWMEM0, raw=0, derived=0, unit=None), 'IDX__TXHDRFSWMEM1': ParsedDataItem(IDX__TXHDRFSWMEM1, raw=0, derived=0, unit=None), 'IDX__TXHDRFSWPT0': ParsedDataItem(IDX__TXHDRFSWPT0, raw=0, derived=0, unit=None), 'IDX__TXHDRFSWPT1': ParsedDataItem(IDX__TXHDRFSWPT1, raw=0, derived=0, unit=None), 'IDX__TXHDRFSWPT2': ParsedDataItem(IDX__TXHDRFSWPT2, raw=0, derived=0, unit=None), 'IDX__TXHDRFSWPT3': ParsedDataItem(IDX__TXHDRFSWPT3, raw=0, derived=0, unit=None), 'IDX__TXHDRFSWPT4': ParsedDataItem(IDX__TXHDRFSWPT4, raw=0, derived=0, unit=None), 'IDX__TXHDRFSWPT5': ParsedDataItem(IDX__TXHDRFSWPT5, raw=0, derived=0, unit=None), 'IDX__TXHDRFSWPT6': ParsedDataItem(IDX__TXHDRFSWPT6, raw=0, derived=0, unit=None), 'IDX__TXHDRFSWPT7': ParsedDataItem(IDX__TXHDRFSWPT7, raw=0, derived=0, unit=None), 'IDX__TXHDRFSWPT8': ParsedDataItem(IDX__TXHDRFSWPT8, raw=0, derived=0, unit=None), 'IDX__TXHDRFSWPT9': ParsedDataItem(IDX__TXHDRFSWPT9, raw=0, derived=0, unit=None), 'IDX__TXHDRFPGAVER': ParsedDataItem(IDX__TXHDRFPGAVER, raw=539165480, derived=539165480, unit=None), 'IDX__SYNCSCI0PKT': ParsedDataItem(IDX__SYNCSCI0PKT, raw=13107, derived=13107, unit=None), 'IDX__CRCSCI0PKT': ParsedDataItem(IDX__CRCSCI0PKT, raw=49605, derived=49605, unit=None)}
SHCOARSE = 440202931
SHFINE = 8899
IDX__SCI0AID = 2415085345
IDX__SCI0TYPE = 1
IDX__SCI0CONT = 127
IDX__SCI0SPARE1 = 0
IDX__SCI0PACK = EN
IDX__SCI0FRAG = DS
IDX__SCI0COMP = DS
IDX__SCI0EVTNUM = 124
IDX__SCI0CAT = 32
IDX__SCI0QUAL = 5
IDX__SCI0FRAGOFF = 0
IDX__SCI0VER = 9
IDX__SCI0TIME32 = 440201173
IDX__SCI0SPARE2 = 0
IDX__SCI0SPARE3 = 0
IDX__SCI0SPARE4 = 0
IDX__TXHDRSCIEVTLEN = 8320
IDX__TXHDRSP00 = 0
IDX__TXHDRTIMESEC1 = 6716
IDX__TXHDRTIMESEC2 = 61397
IDX__TXHDRTIMESUBS = 896
IDX__TXHDRSP01 = 0
IDX__TXHDRTRIGOFFSET = 5
IDX__TXHDRSP02 = 0
IDX__TXHDRTRIGID = 1
IDX__TXHDREVTNUM = 124
IDX__TXHDRBLOCKS = 243679
IDX__TXHDRHGTRIGCTRL1 = 2264924160
IDX__TXHDRHGTRIGCTRL2 = 0
IDX__TXHDRLGTRIGCTRL1 = 4294965248
IDX__TXHDRLGTRIGCTRL2 = 4278255360
IDX__TXHDRMGTRIGCTRL1 = 4294965248
IDX__TXHDRMGTRIGCTRL2 = 4278255360
IDX__TXHDRSP03 = 0
IDX__TXHDRLSADC = 1048320
IDX__TXHDRPOLSTAT = NEG
IDX__TXHDRSP04 = 0
IDX__TXHDRPOLCTRL = POS
IDX__TXHDRCOINENA = DIS
IDX__TXHDRLSTRIGMODE = DIS
IDX__TXHDRMGTRIGMODE = 0
IDX__TXHDRLGTRIGMODE = 0
IDX__TXHDRHGTRIGMODE = 1
IDX__TXHDRSP05 = 0
IDX__TXHDRSP06 = 0
IDX__TXHDRSP07 = 2019
IDX__TXHDRSP08 = 0
IDX__TXHDRTOFMAX = 541596216
IDX__TXHDRTOFMIN = 535295475
IDX__TXHDRLS0MAXMIN = 9762497
IDX__TXHDRLS1MAXMIN = 8456168
IDX__TXHDRLS2MAXMIN = 8312801
IDX__TXHDRFIFODELAY = 17
IDX__TXHDRSAMPDELAY = 40934472
IDX__TXHDRTRANSCNT = 4
IDX__TXHDRPROCHKCH01 = 83690312
IDX__TXHDRPROCHKCH23 = 104269002
IDX__TXHDRPROCHKCH45 = 168428762
IDX__TXHDRPROCHKCH67 = 133695768
IDX__TXHDRHVPSHKCH01 = 131860073
IDX__TXHDRHVPSHKCH23 = 8849070
IDX__TXHDRHVPSHKCH45 = 153225178
IDX__TXHDRHVPSHKCH67 = 19991184
IDX__TXHDRLVHK0CH01 = 134219776
IDX__TXHDRLVHK0CH23 = 171838394
IDX__TXHDRLVHK0CH45 = 134745194
IDX__TXHDRLVHK0CH67 = 205589587
IDX__TXHDRLVHK1CH01 = 34866834
IDX__TXHDRLVHK1CH23 = 77727229
IDX__TXHDRLVHK1CH45 = 227477412
IDX__TXHDRLVHK1CH67 = 192938437
IDX__TXHDRLVHK2CH01 = 81462493
IDX__TXHDRLVHK2CH23 = 190122670
IDX__TXHDRLVHK2CH45 = 101059625
IDX__TXHDRLVHK2CH67 = 69016
IDX__TXHDRSP09 = 0
IDX__TXHDRSP10 = 0
IDX__TXHDRFSWAIDCOPY = 2415085345
IDX__TXHDRFSWBINCOPY = 0
IDX__TXHDRFSWMAJOR = 2
IDX__TXHDRFSWMINOR = 0
IDX__TXHDRFSWPATCH = 0
IDX__TXHDRFSWHVSTAT = 3
IDX__TXHDRFSWMEM0 = 0
IDX__TXHDRFSWMEM1 = 0
IDX__TXHDRFSWPT0 = 0
IDX__TXHDRFSWPT1 = 0
IDX__TXHDRFSWPT2 = 0
IDX__TXHDRFSWPT3 = 0
IDX__TXHDRFSWPT4 = 0
IDX__TXHDRFSWPT5 = 0
IDX__TXHDRFSWPT6 = 0
IDX__TXHDRFSWPT7 = 0
IDX__TXHDRFSWPT8 = 0
IDX__TXHDRFSWPT9 = 0
IDX__TXHDRFPGAVER = 539165480
IDX__SYNCSCI0PKT = 13107
IDX__CRCSCI0PKT = 49605
^*****Event header 24******^
EVTNUM: 24
SCI0TYPE: 1
TXHDRBLOCKS RAW: 243679
TXHDRBLOCKS DERIVED: 243679
-----
HS pre trig sampling blocks:  31
LS pre trig sampling blocks:  3
HS post trig sampling blocks:  31
LS post trig sampling blocks:  11
IDX__TXHDRHVPSHKCH01 = 131860073
Detector voltage =  1641
Sensor voltage =  2012
Target voltage =  1710
Reflectron voltage =  135
Rejection voltage =  2010
Current for HVPS sensor =  2338
Positive current for HVPS sensor =  2704
Negative current for HVPS sensor =  305
Voltage +3.3V reference =  2048
Voltage +3.3V operational reference =  2048
Voltage -6V bus =  3002
Voltage +6V bus =  2622
Voltage +16V bus =  3178
Voltage +3.3V bus =  2056
Voltage -5V bus =  3155
Voltage +5V bus =  3137
Current +3.3V bus =  1682
Current +16V bus =  1186
Current +6V bus =  1533
Current -6V bus =  1186
Current +5V bus =  1956
Current -5V bus =  3471
Current +2.5V bus =  453
Current -2.5V bus =  2944
Current on the 1V POL =  840
Current on the 1.9V POL =  1277
ProcBd Temperature 1 =  1226
ProcBd Temperature 2 =  1591
Voltage on 1V bus =  1242
FPGA Temperature =  2570
Voltage on 1.9V bus =  2328
Voltage on 3.3V bus =  2040
var_to_row = {'Last measurement in raw DN for Processor Board signal “1V POL Current”': 0, 'Last measurement in raw DN for Processor Board signal “1.9V POL Current”': 1, 'Last measurement in raw DN for Processor Board signal “ProcBd Temp1”': 2, nan: 48, 'Last measurement in raw DN for Processor Board signal “ProcBd Temp2”': 6, 'Last measurement in raw DN for Processor Board signal “1V Voltage”': 10, 'Last measurement in raw DN for Processor Board signal “FPGA Temp”': 11, 'Last measurement in raw DN for Processor Board signal “1.9V Voltage”': 12, 'Last measurement in raw DN for Processor Board signal “3.3V Voltage”': 13, 'Last measurement in raw DN for HVPS Board signal “Detector Voltage”': 14, 'Last measurement in raw DN for HVPS Board signal “Sensor Voltage"': 15, 'Last measurement in raw DN for HVPS Board signal “Target Voltage”': 16, 'Last measurement in raw DN for HVPS Board signal “Reflectron Voltage”': 17, 'Last measurement in raw DN for HVPS Board signal “Rejection Voltage”': 18, 'Last measurement in raw DN for HVPS Board signal “Detector Current”': 19, 'Last measurement in raw DN for HVPS Board signal “Sensor IP”': 20, 'Last measurement in raw DN for HVPS Board signal “Sensor IN”': 21, 'Last measurement in raw DN for LVPS Board signal “P3.3VREF_HK”': 22, 'Last measurement in raw DN for LVPS Board signal “P3.3VREF_OP”': 23, 'Last measurement in raw DN for LVPS Board signal “N6V”': 24, 'Last measurement in raw DN for LVPS Board signal “P6V”': 25, 'Last measurement in raw DN for LVPS Board signal “P16V”': 26, 'Last measurement in raw DN for LVPS Board signal “P3.3V”': 27, 'Last measurement in raw DN for LVPS Board signal “N5V”': 28, 'Last measurement in raw DN for LVPS Board signal “P5V”': 29, 'Last measurement in raw DN for LVPS Board signal “P3.3_IMON”': 30, 'Last measurement in raw DN for LVPS Board signal “P16V_IMON”': 31, 'Last measurement in raw DN for LVPS Board signal “P6V_IMON”': 32, 'Last measurement in raw DN for LVPS Board signal “N6V_IMON”': 33, 'Last measurement in raw DN for LVPS Board signal “P5V_IMON”': 34, 'Last measurement in raw DN for LVPS Board signal “N5V_IMON”': 35, 'Last measurement in raw DN for LVPS Board signal “P2.5V_IMON”': 36, 'Last measurement in raw DN for LVPS Board signal “N2.5V_IMON”': 37, 'Last measurement in raw DN for LVPS Board signal “THERM_DECON0”': 38, 'Last measurement in raw DN for LVPS Board signal “THERM_DECON1”': 39, 'Last measurement in raw DN for LVPS Board signal “THERM_DAB”': 40, 'Last measurement in raw DN for LVPS Board signal “THERM_LVPS”': 41, 'Last measurement in raw DN for LVPS Board signal “THERM_HVPS”': 45, 'Last measurement in raw DN for LVPS Board signal “P2.5V”': 49, 'Last measurement in raw DN for LVPS Board signal “N2.5V”': 50, 'Last measurement in raw DN for LVPS Board signal “Spare”': 51}

 
 ***** var_name being converted for each instrument setting ***** 
 

Matching row  18
coeffs for Last measurement in raw DN for Processor Board signal “1V POL Current”= [0.0 0.9029253 0.0 0.0 0.0 0.0 0.0 0.0]
var_name = Last measurement in raw DN for Processor Board signal “1V POL Current”
var_name = current_1V_pol
Header info = 840
Transformed value for current_1V_pol = 758.457252
Matching row  18
coeffs for Last measurement in raw DN for Processor Board signal “1.9V POL Current”= [0.0 0.9029253 0.0 0.0 0.0 0.0 0.0 0.0]
var_name = Last measurement in raw DN for Processor Board signal “1.9V POL Current”
var_name = current_1.9V_pol
Header info = 1277
Transformed value for current_1.9V_pol = 1153.0356081
Matching row  18
coeffs for Last measurement in raw DN for Processor Board signal “ProcBd Temp1”= [162.8276 -0.2668687 0.0003323794 -2.43153e-07 9.034532e-11 -1.327735e-14
 0.0 0.0]
var_name = Last measurement in raw DN for Processor Board signal “ProcBd Temp1”
var_name = temperature_1
Header info = 1226
Transformed value for temperature_1 = 54.49832685153771
Matching row  18
coeffs for nan= [-104713.9 52.02446 -0.006463374 0.0 0.0 0.0 0.0 0.0]
var_name = nan
var_name = None
KeyError: (24, None) - Could not find entry for None, 48. Please check the Var_notes or variable mapping.
Matching row  18
coeffs for Last measurement in raw DN for Processor Board signal “ProcBd Temp2”= [162.8276 -0.2668687 0.0003323794 -2.43153e-07 9.034532e-11 -1.327735e-14
 0.0 0.0]
var_name = Last measurement in raw DN for Processor Board signal “ProcBd Temp2”
var_name = temperature_2
Header info = 1591
Transformed value for temperature_2 = 43.868698138142065
Matching row  18
coeffs for Last measurement in raw DN for Processor Board signal “1V Voltage”= [0.0 0.000805861 0.0 0.0 0.0 0.0 0.0 0.0]
var_name = Last measurement in raw DN for Processor Board signal “1V Voltage”
var_name = voltage_1V_bus
Header info = 1242
Transformed value for voltage_1V_bus = 1.0008793619999998
Matching row  18
coeffs for Last measurement in raw DN for Processor Board signal “FPGA Temp”= [358.31 -0.1187104 0.0 0.0 0.0 0.0 0.0 0.0]
var_name = Last measurement in raw DN for Processor Board signal “FPGA Temp”
var_name = fpga_temperature
Header info = 2570
Transformed value for fpga_temperature = 53.22427200000004
Matching row  18
coeffs for Last measurement in raw DN for Processor Board signal “1.9V Voltage”= [0.0 0.000805861 0.0 0.0 0.0 0.0 0.0 0.0]
var_name = Last measurement in raw DN for Processor Board signal “1.9V Voltage”
var_name = voltage_1.9V_bus
Header info = 2328
Transformed value for voltage_1.9V_bus = 1.8760444079999998
Matching row  18
coeffs for Last measurement in raw DN for Processor Board signal “3.3V Voltage”= [0.0 0.001611722 0.0 0.0 0.0 0.0 0.0 0.0]
var_name = Last measurement in raw DN for Processor Board signal “3.3V Voltage”
var_name = voltage_3.3V_bus
Header info = 2040
Transformed value for voltage_3.3V_bus = 3.28791288
Matching row  18
coeffs for Last measurement in raw DN for HVPS Board signal “Detector Voltage”= [0.0 1.4652 0.0 0.0 0.0 0.0 0.0 0.0]
var_name = Last measurement in raw DN for HVPS Board signal “Detector Voltage”
var_name = detector_voltage
Header info = 1641
Transformed value for detector_voltage = 2404.3932
Matching row  18
coeffs for Last measurement in raw DN for HVPS Board signal “Sensor Voltage"= [0.0 1.4652 0.0 0.0 0.0 0.0 0.0 0.0]
var_name = Last measurement in raw DN for HVPS Board signal “Sensor Voltage"
var_name = sensor_voltage
Header info = 2012
Transformed value for sensor_voltage = 2947.9824000000003
Matching row  18
coeffs for Last measurement in raw DN for HVPS Board signal “Target Voltage”= [0.0 1.4652 0.0 0.0 0.0 0.0 0.0 0.0]
var_name = Last measurement in raw DN for HVPS Board signal “Target Voltage”
var_name = target_voltage
Header info = 1710
Transformed value for target_voltage = 2505.492
Matching row  18
coeffs for Last measurement in raw DN for HVPS Board signal “Reflectron Voltage”= [0.0 1.4652 0.0 0.0 0.0 0.0 0.0 0.0]
var_name = Last measurement in raw DN for HVPS Board signal “Reflectron Voltage”
var_name = reflectron_voltage
Header info = 135
Transformed value for reflectron_voltage = 197.80200000000002
Matching row  18
coeffs for Last measurement in raw DN for HVPS Board signal “Rejection Voltage”= [0.0 1.4652 0.0 0.0 0.0 0.0 0.0 0.0]
var_name = Last measurement in raw DN for HVPS Board signal “Rejection Voltage”
var_name = rejection_voltage
Header info = 2010
Transformed value for rejection_voltage = 2945.052
Matching row  18
coeffs for Last measurement in raw DN for HVPS Board signal “Detector Current”= [0.0 7.326e-06 0.0 0.0 0.0 0.0 0.0 0.0]
var_name = Last measurement in raw DN for HVPS Board signal “Detector Current”
var_name = current_hvps_sensor
Header info = 2338
Transformed value for current_hvps_sensor = 0.017128188
Matching row  18
coeffs for Last measurement in raw DN for HVPS Board signal “Sensor IP”= [0.0 2.4339e-05 0.0 0.0 0.0 0.0 0.0 0.0]
var_name = Last measurement in raw DN for HVPS Board signal “Sensor IP”
var_name = positive_current_hvps
Header info = 2704
Transformed value for positive_current_hvps = 0.065812656
Matching row  18
coeffs for Last measurement in raw DN for HVPS Board signal “Sensor IN”= [0.0 2.4339e-05 0.0 0.0 0.0 0.0 0.0 0.0]
var_name = Last measurement in raw DN for HVPS Board signal “Sensor IN”
var_name = negative_current_hvps
Header info = 305
Transformed value for negative_current_hvps = 0.007423394999999999
Matching row  18
coeffs for Last measurement in raw DN for LVPS Board signal “P3.3VREF_HK”= [0.0 0.00161172 0.0 0.0 0.0 0.0 0.0 0.0]
var_name = Last measurement in raw DN for LVPS Board signal “P3.3VREF_HK”
var_name = voltage_3V3_ref
Header info = 2048
Transformed value for voltage_3V3_ref = 3.30080256
Matching row  18
coeffs for Last measurement in raw DN for LVPS Board signal “P3.3VREF_OP”= [0.0 0.00161172 0.0 0.0 0.0 0.0 0.0 0.0]
var_name = Last measurement in raw DN for LVPS Board signal “P3.3VREF_OP”
var_name = voltage_3V3_op_ref
Header info = 2048
Transformed value for voltage_3V3_op_ref = 3.30080256
Matching row  18
coeffs for Last measurement in raw DN for LVPS Board signal “N6V”= [-33.0 0.00886447 0.0 0.0 0.0 0.0 0.0 0.0]
var_name = Last measurement in raw DN for LVPS Board signal “N6V”
var_name = voltage_neg6V_bus
Header info = 3002
Transformed value for voltage_neg6V_bus = -6.3888610600000035
Matching row  18
coeffs for Last measurement in raw DN for LVPS Board signal “P6V”= [0.0 0.00241758 0.0 0.0 0.0 0.0 0.0 0.0]
var_name = Last measurement in raw DN for LVPS Board signal “P6V”
var_name = voltage_pos6V_bus
Header info = 2622
Transformed value for voltage_pos6V_bus = 6.33889476
Matching row  18
coeffs for Last measurement in raw DN for LVPS Board signal “P16V”= [0.0 0.00482711 0.0 0.0 0.0 0.0 0.0 0.0]
var_name = Last measurement in raw DN for LVPS Board signal “P16V”
var_name = voltage_pos16V_bus
Header info = 3178
Transformed value for voltage_pos16V_bus = 15.34055558
Matching row  18
coeffs for Last measurement in raw DN for LVPS Board signal “P3.3V”= [0.0 0.00161172 0.0 0.0 0.0 0.0 0.0 0.0]
var_name = Last measurement in raw DN for LVPS Board signal “P3.3V”
var_name = voltage_pos3V3_bus
Header info = 2056
Transformed value for voltage_pos3V3_bus = 3.31369632
Matching row  18
coeffs for Last measurement in raw DN for LVPS Board signal “N5V”= [-33.0 0.00886447 0.0 0.0 0.0 0.0 0.0 0.0]
var_name = Last measurement in raw DN for LVPS Board signal “N5V”
var_name = voltage_neg5V_bus
Header info = 3155
Transformed value for voltage_neg5V_bus = -5.032597150000001
Matching row  18
coeffs for Last measurement in raw DN for LVPS Board signal “P5V”= [0.0 0.00161172 0.0 0.0 0.0 0.0 0.0 0.0]
var_name = Last measurement in raw DN for LVPS Board signal “P5V”
var_name = voltage_pos5V_bus
Header info = 3137
Transformed value for voltage_pos5V_bus = 5.05596564
Matching row  18
coeffs for Last measurement in raw DN for LVPS Board signal “P3.3_IMON”= [0.0 0.00161172 0.0 0.0 0.0 0.0 0.0 0.0]
var_name = Last measurement in raw DN for LVPS Board signal “P3.3_IMON”
var_name = current_3V3_bus
Header info = 1682
Transformed value for current_3V3_bus = 2.7109130400000003
Matching row  18
coeffs for Last measurement in raw DN for LVPS Board signal “P16V_IMON”= [0.0 0.000161172 0.0 0.0 0.0 0.0 0.0 0.0]
var_name = Last measurement in raw DN for LVPS Board signal “P16V_IMON”
var_name = current_16V_bus
Header info = 1186
Transformed value for current_16V_bus = 0.19114999200000002
Matching row  18
coeffs for Last measurement in raw DN for LVPS Board signal “P6V_IMON”= [0.0 8.05861e-05 0.0 0.0 0.0 0.0 0.0 0.0]
var_name = Last measurement in raw DN for LVPS Board signal “P6V_IMON”
var_name = current_6V_bus
Header info = 1533
Transformed value for current_6V_bus = 0.1235384913
Matching row  18
coeffs for Last measurement in raw DN for LVPS Board signal “N6V_IMON”= [0.0 -8.05861e-05 0.0 0.0 0.0 0.0 0.0 0.0]
var_name = Last measurement in raw DN for LVPS Board signal “N6V_IMON”
var_name = current_neg6V_bus
Header info = 1186
Transformed value for current_neg6V_bus = -0.0955751146
Matching row  18
coeffs for Last measurement in raw DN for LVPS Board signal “P5V_IMON”= [0.0 4.029304e-05 0.0 0.0 0.0 0.0 0.0 0.0]
var_name = Last measurement in raw DN for LVPS Board signal “P5V_IMON”
var_name = current_5V_bus
Header info = 1956
Transformed value for current_5V_bus = 0.07881318624
Matching row  18
coeffs for Last measurement in raw DN for LVPS Board signal “N5V_IMON”= [0.0 -2.01465e-05 0.0 0.0 0.0 0.0 0.0 0.0]
var_name = Last measurement in raw DN for LVPS Board signal “N5V_IMON”
var_name = current_neg5V_bus
Header info = 3471
Transformed value for current_neg5V_bus = -0.0699285015
Matching row  18
coeffs for Last measurement in raw DN for LVPS Board signal “P2.5V_IMON”= [0.0 0.00161172 0.0 0.0 0.0 0.0 0.0 0.0]
var_name = Last measurement in raw DN for LVPS Board signal “P2.5V_IMON”
var_name = current_2V5_bus
Header info = 453
Transformed value for current_2V5_bus = 0.73010916
Matching row  18
coeffs for Last measurement in raw DN for LVPS Board signal “N2.5V_IMON”= [0.0 -4.0293e-05 0.0 0.0 0.0 0.0 0.0 0.0]
var_name = Last measurement in raw DN for LVPS Board signal “N2.5V_IMON”
var_name = current_neg2V5_bus
Header info = 2944
Transformed value for current_neg2V5_bus = -0.118622592
Matching row  18
coeffs for Last measurement in raw DN for LVPS Board signal “THERM_DECON0”= [-110.293 0.0665351 0.000305738 -6.32048e-07 5.9934e-10 -2.98784e-13
 7.61361e-17 -7.76467e-21]
var_name = Last measurement in raw DN for LVPS Board signal “THERM_DECON0”
var_name = None
KeyError: (24, None) - Could not find entry for None, 38. Please check the Var_notes or variable mapping.
Matching row  18
coeffs for Last measurement in raw DN for LVPS Board signal “THERM_DECON1”= [-150.478 0.376986 -0.00062072 7.73853e-07 -5.81588e-10 2.56368e-13
 -6.05698e-17 5.96635e-21]
var_name = Last measurement in raw DN for LVPS Board signal “THERM_DECON1”
var_name = None
KeyError: (24, None) - Could not find entry for None, 39. Please check the Var_notes or variable mapping.
Matching row  18
coeffs for Last measurement in raw DN for LVPS Board signal “THERM_DAB”= [-443.248 1.31224 -0.00180422 1.40016e-06 -6.43766e-10 1.7448e-13
 -2.57695e-17 1.60239e-21]
var_name = Last measurement in raw DN for LVPS Board signal “THERM_DAB”
var_name = None
KeyError: (24, None) - Could not find entry for None, 40. Please check the Var_notes or variable mapping.
Matching row  18
coeffs for Last measurement in raw DN for LVPS Board signal “THERM_LVPS”= [200.4137 -0.2020699 0.000175403 -9.739547e-08 2.888932e-11 -3.545603e-15
 0.0 0.0]
var_name = Last measurement in raw DN for LVPS Board signal “THERM_LVPS”
var_name = None
KeyError: (24, None) - Could not find entry for None, 41. Please check the Var_notes or variable mapping.
Matching row  18
coeffs for Last measurement in raw DN for LVPS Board signal “THERM_HVPS”= [200.4137 -0.2020699 0.000175403 -9.739547e-08 2.888932e-11 -3.545603e-15
 0.0 0.0]
var_name = Last measurement in raw DN for LVPS Board signal “THERM_HVPS”
var_name = None
KeyError: (24, None) - Could not find entry for None, 45. Please check the Var_notes or variable mapping.
Matching row  18
coeffs for Last measurement in raw DN for LVPS Board signal “P2.5V”= [0.0 0.00161172 0.0 0.0 0.0 0.0 0.0 0.0]
var_name = Last measurement in raw DN for LVPS Board signal “P2.5V”
var_name = None
KeyError: (24, None) - Could not find entry for None, 49. Please check the Var_notes or variable mapping.
Matching row  18
coeffs for Last measurement in raw DN for LVPS Board signal “N2.5V”= [-33.0 0.00886447 0.0 0.0 0.0 0.0 0.0 0.0]
var_name = Last measurement in raw DN for LVPS Board signal “N2.5V”
var_name = None
KeyError: (24, None) - Could not find entry for None, 50. Please check the Var_notes or variable mapping.
Matching row  18
coeffs for Last measurement in raw DN for LVPS Board signal “Spare”= [0.0 0.00161172 0.0 0.0 0.0 0.0 0.0 0.0]
var_name = Last measurement in raw DN for LVPS Board signal “Spare”
var_name = spare_signal
KeyError: (24, 'spare_signal') - Could not find entry for spare_signal, 51. Please check the Var_notes or variable mapping.
High gain delay = 72 samples.
Mid gain delay = 39 samples.
Low gain delay = 39 samples.
High sampling trigger mode =  0 0 1
High gain trigger mode enabled.
For 2264924160, HG Trigger level = 0.15605999999999998, sample settings = 0, 0
Threshold trigger mode enabled for high gain channel.
AID = 2415085345
Event number = 124
Rice compression enabled = False
Timestamp = 440201173.01792 seconds since epoch (Midnight January 1st, 2010)
Trigger time = 2023-12-13T22:06:13.017920Z
24
24
24
24
24
24
24
24
24
24
24
24
24
{'SHCOARSE': ParsedDataItem(SHCOARSE, raw=440202944, derived=440202944, unit=dn), 'SHFINE': ParsedDataItem(SHFINE, raw=8907, derived=8907, unit=dn), 'IDX__SCI0AID': ParsedDataItem(IDX__SCI0AID, raw=2415085345, derived=2415085345, unit=None), 'IDX__SCI0TYPE': ParsedDataItem(IDX__SCI0TYPE, raw=1, derived=1, unit=None), 'IDX__SCI0CONT': ParsedDataItem(IDX__SCI0CONT, raw=127, derived=127, unit=None), 'IDX__SCI0SPARE1': ParsedDataItem(IDX__SCI0SPARE1, raw=0, derived=0, unit=None), 'IDX__SCI0PACK': ParsedDataItem(IDX__SCI0PACK, raw=1, derived=EN, unit=None), 'IDX__SCI0FRAG': ParsedDataItem(IDX__SCI0FRAG, raw=0, derived=DS, unit=None), 'IDX__SCI0COMP': ParsedDataItem(IDX__SCI0COMP, raw=0, derived=DS, unit=None), 'IDX__SCI0EVTNUM': ParsedDataItem(IDX__SCI0EVTNUM, raw=125, derived=125, unit=None), 'IDX__SCI0CAT': ParsedDataItem(IDX__SCI0CAT, raw=32, derived=32, unit=None), 'IDX__SCI0QUAL': ParsedDataItem(IDX__SCI0QUAL, raw=5, derived=5, unit=None), 'IDX__SCI0FRAGOFF': ParsedDataItem(IDX__SCI0FRAGOFF, raw=0, derived=0, unit=None), 'IDX__SCI0VER': ParsedDataItem(IDX__SCI0VER, raw=9, derived=9, unit=None), 'IDX__SCI0TIME32': ParsedDataItem(IDX__SCI0TIME32, raw=440201178, derived=440201178, unit=None), 'IDX__SCI0SPARE2': ParsedDataItem(IDX__SCI0SPARE2, raw=0, derived=0, unit=None), 'IDX__SCI0SPARE3': ParsedDataItem(IDX__SCI0SPARE3, raw=0, derived=0, unit=None), 'IDX__SCI0SPARE4': ParsedDataItem(IDX__SCI0SPARE4, raw=0, derived=0, unit=None), 'IDX__TXHDRSCIEVTLEN': ParsedDataItem(IDX__TXHDRSCIEVTLEN, raw=8320, derived=8320, unit=None), 'IDX__TXHDRSP00': ParsedDataItem(IDX__TXHDRSP00, raw=0, derived=0, unit=None), 'IDX__TXHDRTIMESEC1': ParsedDataItem(IDX__TXHDRTIMESEC1, raw=6716, derived=6716, unit=None), 'IDX__TXHDRTIMESEC2': ParsedDataItem(IDX__TXHDRTIMESEC2, raw=61402, derived=61402, unit=None), 'IDX__TXHDRTIMESUBS': ParsedDataItem(IDX__TXHDRTIMESUBS, raw=2351, derived=2351, unit=None), 'IDX__TXHDRSP01': ParsedDataItem(IDX__TXHDRSP01, raw=0, derived=0, unit=None), 'IDX__TXHDRTRIGOFFSET': ParsedDataItem(IDX__TXHDRTRIGOFFSET, raw=2, derived=2, unit=None), 'IDX__TXHDRSP02': ParsedDataItem(IDX__TXHDRSP02, raw=0, derived=0, unit=None), 'IDX__TXHDRTRIGID': ParsedDataItem(IDX__TXHDRTRIGID, raw=1, derived=1, unit=None), 'IDX__TXHDREVTNUM': ParsedDataItem(IDX__TXHDREVTNUM, raw=125, derived=125, unit=None), 'IDX__TXHDRBLOCKS': ParsedDataItem(IDX__TXHDRBLOCKS, raw=243679, derived=243679, unit=None), 'IDX__TXHDRHGTRIGCTRL1': ParsedDataItem(IDX__TXHDRHGTRIGCTRL1, raw=2264924160, derived=2264924160, unit=None), 'IDX__TXHDRHGTRIGCTRL2': ParsedDataItem(IDX__TXHDRHGTRIGCTRL2, raw=0, derived=0, unit=None), 'IDX__TXHDRLGTRIGCTRL1': ParsedDataItem(IDX__TXHDRLGTRIGCTRL1, raw=4294965248, derived=4294965248, unit=None), 'IDX__TXHDRLGTRIGCTRL2': ParsedDataItem(IDX__TXHDRLGTRIGCTRL2, raw=4278255360, derived=4278255360, unit=None), 'IDX__TXHDRMGTRIGCTRL1': ParsedDataItem(IDX__TXHDRMGTRIGCTRL1, raw=4294965248, derived=4294965248, unit=None), 'IDX__TXHDRMGTRIGCTRL2': ParsedDataItem(IDX__TXHDRMGTRIGCTRL2, raw=4278255360, derived=4278255360, unit=None), 'IDX__TXHDRSP03': ParsedDataItem(IDX__TXHDRSP03, raw=0, derived=0, unit=None), 'IDX__TXHDRLSADC': ParsedDataItem(IDX__TXHDRLSADC, raw=1048320, derived=1048320, unit=None), 'IDX__TXHDRPOLSTAT': ParsedDataItem(IDX__TXHDRPOLSTAT, raw=1, derived=NEG, unit=None), 'IDX__TXHDRSP04': ParsedDataItem(IDX__TXHDRSP04, raw=0, derived=0, unit=None), 'IDX__TXHDRPOLCTRL': ParsedDataItem(IDX__TXHDRPOLCTRL, raw=0, derived=POS, unit=None), 'IDX__TXHDRCOINENA': ParsedDataItem(IDX__TXHDRCOINENA, raw=0, derived=DIS, unit=None), 'IDX__TXHDRLSTRIGMODE': ParsedDataItem(IDX__TXHDRLSTRIGMODE, raw=0, derived=DIS, unit=None), 'IDX__TXHDRMGTRIGMODE': ParsedDataItem(IDX__TXHDRMGTRIGMODE, raw=0, derived=0, unit=None), 'IDX__TXHDRLGTRIGMODE': ParsedDataItem(IDX__TXHDRLGTRIGMODE, raw=0, derived=0, unit=None), 'IDX__TXHDRHGTRIGMODE': ParsedDataItem(IDX__TXHDRHGTRIGMODE, raw=1, derived=1, unit=None), 'IDX__TXHDRSP05': ParsedDataItem(IDX__TXHDRSP05, raw=0, derived=0, unit=None), 'IDX__TXHDRSP06': ParsedDataItem(IDX__TXHDRSP06, raw=0, derived=0, unit=None), 'IDX__TXHDRSP07': ParsedDataItem(IDX__TXHDRSP07, raw=2019, derived=2019, unit=None), 'IDX__TXHDRSP08': ParsedDataItem(IDX__TXHDRSP08, raw=0, derived=0, unit=None), 'IDX__TXHDRTOFMAX': ParsedDataItem(IDX__TXHDRTOFMAX, raw=542644925, derived=542644925, unit=None), 'IDX__TXHDRTOFMIN': ParsedDataItem(IDX__TXHDRTOFMIN, raw=535295475, derived=535295475, unit=None), 'IDX__TXHDRLS0MAXMIN': ParsedDataItem(IDX__TXHDRLS0MAXMIN, raw=9189237, derived=9189237, unit=None), 'IDX__TXHDRLS1MAXMIN': ParsedDataItem(IDX__TXHDRLS1MAXMIN, raw=8447979, derived=8447979, unit=None), 'IDX__TXHDRLS2MAXMIN': ParsedDataItem(IDX__TXHDRLS2MAXMIN, raw=8333281, derived=8333281, unit=None), 'IDX__TXHDRFIFODELAY': ParsedDataItem(IDX__TXHDRFIFODELAY, raw=16, derived=16, unit=None), 'IDX__TXHDRSAMPDELAY': ParsedDataItem(IDX__TXHDRSAMPDELAY, raw=15744047, derived=15744047, unit=None), 'IDX__TXHDRTRANSCNT': ParsedDataItem(IDX__TXHDRTRANSCNT, raw=6, derived=6, unit=None), 'IDX__TXHDRPROCHKCH01': ParsedDataItem(IDX__TXHDRPROCHKCH01, raw=83690313, derived=83690313, unit=None), 'IDX__TXHDRPROCHKCH23': ParsedDataItem(IDX__TXHDRPROCHKCH23, raw=104269002, derived=104269002, unit=None), 'IDX__TXHDRPROCHKCH45': ParsedDataItem(IDX__TXHDRPROCHKCH45, raw=168428762, derived=168428762, unit=None), 'IDX__TXHDRPROCHKCH67': ParsedDataItem(IDX__TXHDRPROCHKCH67, raw=133695768, derived=133695768, unit=None), 'IDX__TXHDRHVPSHKCH01': ParsedDataItem(IDX__TXHDRHVPSHKCH01, raw=131860073, derived=131860073, unit=None), 'IDX__TXHDRHVPSHKCH23': ParsedDataItem(IDX__TXHDRHVPSHKCH23, raw=8849070, derived=8849070, unit=None), 'IDX__TXHDRHVPSHKCH45': ParsedDataItem(IDX__TXHDRHVPSHKCH45, raw=153290714, derived=153290714, unit=None), 'IDX__TXHDRHVPSHKCH67': ParsedDataItem(IDX__TXHDRHVPSHKCH67, raw=19991184, derived=19991184, unit=None), 'IDX__TXHDRLVHK0CH01': ParsedDataItem(IDX__TXHDRLVHK0CH01, raw=134219776, derived=134219776, unit=None), 'IDX__TXHDRLVHK0CH23': ParsedDataItem(IDX__TXHDRLVHK0CH23, raw=171838394, derived=171838394, unit=None), 'IDX__TXHDRLVHK0CH45': ParsedDataItem(IDX__TXHDRLVHK0CH45, raw=134745194, derived=134745194, unit=None), 'IDX__TXHDRLVHK0CH67': ParsedDataItem(IDX__TXHDRLVHK0CH67, raw=205589587, derived=205589587, unit=None), 'IDX__TXHDRLVHK1CH01': ParsedDataItem(IDX__TXHDRLVHK1CH01, raw=34801299, derived=34801299, unit=None), 'IDX__TXHDRLVHK1CH23': ParsedDataItem(IDX__TXHDRLVHK1CH23, raw=77727229, derived=77727229, unit=None), 'IDX__TXHDRLVHK1CH45': ParsedDataItem(IDX__TXHDRLVHK1CH45, raw=227477412, derived=227477412, unit=None), 'IDX__TXHDRLVHK1CH67': ParsedDataItem(IDX__TXHDRLVHK1CH67, raw=192938437, derived=192938437, unit=None), 'IDX__TXHDRLVHK2CH01': ParsedDataItem(IDX__TXHDRLVHK2CH01, raw=81462493, derived=81462493, unit=None), 'IDX__TXHDRLVHK2CH23': ParsedDataItem(IDX__TXHDRLVHK2CH23, raw=190122670, derived=190122670, unit=None), 'IDX__TXHDRLVHK2CH45': ParsedDataItem(IDX__TXHDRLVHK2CH45, raw=101059625, derived=101059625, unit=None), 'IDX__TXHDRLVHK2CH67': ParsedDataItem(IDX__TXHDRLVHK2CH67, raw=69016, derived=69016, unit=None), 'IDX__TXHDRSP09': ParsedDataItem(IDX__TXHDRSP09, raw=0, derived=0, unit=None), 'IDX__TXHDRSP10': ParsedDataItem(IDX__TXHDRSP10, raw=0, derived=0, unit=None), 'IDX__TXHDRFSWAIDCOPY': ParsedDataItem(IDX__TXHDRFSWAIDCOPY, raw=2415085345, derived=2415085345, unit=None), 'IDX__TXHDRFSWBINCOPY': ParsedDataItem(IDX__TXHDRFSWBINCOPY, raw=0, derived=0, unit=None), 'IDX__TXHDRFSWMAJOR': ParsedDataItem(IDX__TXHDRFSWMAJOR, raw=2, derived=2, unit=None), 'IDX__TXHDRFSWMINOR': ParsedDataItem(IDX__TXHDRFSWMINOR, raw=0, derived=0, unit=None), 'IDX__TXHDRFSWPATCH': ParsedDataItem(IDX__TXHDRFSWPATCH, raw=0, derived=0, unit=None), 'IDX__TXHDRFSWHVSTAT': ParsedDataItem(IDX__TXHDRFSWHVSTAT, raw=3, derived=3, unit=None), 'IDX__TXHDRFSWMEM0': ParsedDataItem(IDX__TXHDRFSWMEM0, raw=0, derived=0, unit=None), 'IDX__TXHDRFSWMEM1': ParsedDataItem(IDX__TXHDRFSWMEM1, raw=0, derived=0, unit=None), 'IDX__TXHDRFSWPT0': ParsedDataItem(IDX__TXHDRFSWPT0, raw=0, derived=0, unit=None), 'IDX__TXHDRFSWPT1': ParsedDataItem(IDX__TXHDRFSWPT1, raw=0, derived=0, unit=None), 'IDX__TXHDRFSWPT2': ParsedDataItem(IDX__TXHDRFSWPT2, raw=0, derived=0, unit=None), 'IDX__TXHDRFSWPT3': ParsedDataItem(IDX__TXHDRFSWPT3, raw=0, derived=0, unit=None), 'IDX__TXHDRFSWPT4': ParsedDataItem(IDX__TXHDRFSWPT4, raw=0, derived=0, unit=None), 'IDX__TXHDRFSWPT5': ParsedDataItem(IDX__TXHDRFSWPT5, raw=0, derived=0, unit=None), 'IDX__TXHDRFSWPT6': ParsedDataItem(IDX__TXHDRFSWPT6, raw=0, derived=0, unit=None), 'IDX__TXHDRFSWPT7': ParsedDataItem(IDX__TXHDRFSWPT7, raw=0, derived=0, unit=None), 'IDX__TXHDRFSWPT8': ParsedDataItem(IDX__TXHDRFSWPT8, raw=0, derived=0, unit=None), 'IDX__TXHDRFSWPT9': ParsedDataItem(IDX__TXHDRFSWPT9, raw=0, derived=0, unit=None), 'IDX__TXHDRFPGAVER': ParsedDataItem(IDX__TXHDRFPGAVER, raw=539165480, derived=539165480, unit=None), 'IDX__SYNCSCI0PKT': ParsedDataItem(IDX__SYNCSCI0PKT, raw=13107, derived=13107, unit=None), 'IDX__CRCSCI0PKT': ParsedDataItem(IDX__CRCSCI0PKT, raw=46985, derived=46985, unit=None)}
SHCOARSE = 440202944
SHFINE = 8907
IDX__SCI0AID = 2415085345
IDX__SCI0TYPE = 1
IDX__SCI0CONT = 127
IDX__SCI0SPARE1 = 0
IDX__SCI0PACK = EN
IDX__SCI0FRAG = DS
IDX__SCI0COMP = DS
IDX__SCI0EVTNUM = 125
IDX__SCI0CAT = 32
IDX__SCI0QUAL = 5
IDX__SCI0FRAGOFF = 0
IDX__SCI0VER = 9
IDX__SCI0TIME32 = 440201178
IDX__SCI0SPARE2 = 0
IDX__SCI0SPARE3 = 0
IDX__SCI0SPARE4 = 0
IDX__TXHDRSCIEVTLEN = 8320
IDX__TXHDRSP00 = 0
IDX__TXHDRTIMESEC1 = 6716
IDX__TXHDRTIMESEC2 = 61402
IDX__TXHDRTIMESUBS = 2351
IDX__TXHDRSP01 = 0
IDX__TXHDRTRIGOFFSET = 2
IDX__TXHDRSP02 = 0
IDX__TXHDRTRIGID = 1
IDX__TXHDREVTNUM = 125
IDX__TXHDRBLOCKS = 243679
IDX__TXHDRHGTRIGCTRL1 = 2264924160
IDX__TXHDRHGTRIGCTRL2 = 0
IDX__TXHDRLGTRIGCTRL1 = 4294965248
IDX__TXHDRLGTRIGCTRL2 = 4278255360
IDX__TXHDRMGTRIGCTRL1 = 4294965248
IDX__TXHDRMGTRIGCTRL2 = 4278255360
IDX__TXHDRSP03 = 0
IDX__TXHDRLSADC = 1048320
IDX__TXHDRPOLSTAT = NEG
IDX__TXHDRSP04 = 0
IDX__TXHDRPOLCTRL = POS
IDX__TXHDRCOINENA = DIS
IDX__TXHDRLSTRIGMODE = DIS
IDX__TXHDRMGTRIGMODE = 0
IDX__TXHDRLGTRIGMODE = 0
IDX__TXHDRHGTRIGMODE = 1
IDX__TXHDRSP05 = 0
IDX__TXHDRSP06 = 0
IDX__TXHDRSP07 = 2019
IDX__TXHDRSP08 = 0
IDX__TXHDRTOFMAX = 542644925
IDX__TXHDRTOFMIN = 535295475
IDX__TXHDRLS0MAXMIN = 9189237
IDX__TXHDRLS1MAXMIN = 8447979
IDX__TXHDRLS2MAXMIN = 8333281
IDX__TXHDRFIFODELAY = 16
IDX__TXHDRSAMPDELAY = 15744047
IDX__TXHDRTRANSCNT = 6
IDX__TXHDRPROCHKCH01 = 83690313
IDX__TXHDRPROCHKCH23 = 104269002
IDX__TXHDRPROCHKCH45 = 168428762
IDX__TXHDRPROCHKCH67 = 133695768
IDX__TXHDRHVPSHKCH01 = 131860073
IDX__TXHDRHVPSHKCH23 = 8849070
IDX__TXHDRHVPSHKCH45 = 153290714
IDX__TXHDRHVPSHKCH67 = 19991184
IDX__TXHDRLVHK0CH01 = 134219776
IDX__TXHDRLVHK0CH23 = 171838394
IDX__TXHDRLVHK0CH45 = 134745194
IDX__TXHDRLVHK0CH67 = 205589587
IDX__TXHDRLVHK1CH01 = 34801299
IDX__TXHDRLVHK1CH23 = 77727229
IDX__TXHDRLVHK1CH45 = 227477412
IDX__TXHDRLVHK1CH67 = 192938437
IDX__TXHDRLVHK2CH01 = 81462493
IDX__TXHDRLVHK2CH23 = 190122670
IDX__TXHDRLVHK2CH45 = 101059625
IDX__TXHDRLVHK2CH67 = 69016
IDX__TXHDRSP09 = 0
IDX__TXHDRSP10 = 0
IDX__TXHDRFSWAIDCOPY = 2415085345
IDX__TXHDRFSWBINCOPY = 0
IDX__TXHDRFSWMAJOR = 2
IDX__TXHDRFSWMINOR = 0
IDX__TXHDRFSWPATCH = 0
IDX__TXHDRFSWHVSTAT = 3
IDX__TXHDRFSWMEM0 = 0
IDX__TXHDRFSWMEM1 = 0
IDX__TXHDRFSWPT0 = 0
IDX__TXHDRFSWPT1 = 0
IDX__TXHDRFSWPT2 = 0
IDX__TXHDRFSWPT3 = 0
IDX__TXHDRFSWPT4 = 0
IDX__TXHDRFSWPT5 = 0
IDX__TXHDRFSWPT6 = 0
IDX__TXHDRFSWPT7 = 0
IDX__TXHDRFSWPT8 = 0
IDX__TXHDRFSWPT9 = 0
IDX__TXHDRFPGAVER = 539165480
IDX__SYNCSCI0PKT = 13107
IDX__CRCSCI0PKT = 46985
^*****Event header 25******^
EVTNUM: 25
SCI0TYPE: 1
TXHDRBLOCKS RAW: 243679
TXHDRBLOCKS DERIVED: 243679
-----
HS pre trig sampling blocks:  31
LS pre trig sampling blocks:  3
HS post trig sampling blocks:  31
LS post trig sampling blocks:  11
IDX__TXHDRHVPSHKCH01 = 131860073
Detector voltage =  1641
Sensor voltage =  2012
Target voltage =  1710
Reflectron voltage =  135
Rejection voltage =  2010
Current for HVPS sensor =  2339
Positive current for HVPS sensor =  2704
Negative current for HVPS sensor =  305
Voltage +3.3V reference =  2048
Voltage +3.3V operational reference =  2048
Voltage -6V bus =  3002
Voltage +6V bus =  2622
Voltage +16V bus =  3178
Voltage +3.3V bus =  2056
Voltage -5V bus =  3155
Voltage +5V bus =  3137
Current +3.3V bus =  1683
Current +16V bus =  1186
Current +6V bus =  1533
Current -6V bus =  1186
Current +5V bus =  1956
Current -5V bus =  3471
Current +2.5V bus =  453
Current -2.5V bus =  2944
Current on the 1V POL =  841
Current on the 1.9V POL =  1277
ProcBd Temperature 1 =  1226
ProcBd Temperature 2 =  1591
Voltage on 1V bus =  1242
FPGA Temperature =  2570
Voltage on 1.9V bus =  2328
Voltage on 3.3V bus =  2040
var_to_row = {'Last measurement in raw DN for Processor Board signal “1V POL Current”': 0, 'Last measurement in raw DN for Processor Board signal “1.9V POL Current”': 1, 'Last measurement in raw DN for Processor Board signal “ProcBd Temp1”': 2, nan: 48, 'Last measurement in raw DN for Processor Board signal “ProcBd Temp2”': 6, 'Last measurement in raw DN for Processor Board signal “1V Voltage”': 10, 'Last measurement in raw DN for Processor Board signal “FPGA Temp”': 11, 'Last measurement in raw DN for Processor Board signal “1.9V Voltage”': 12, 'Last measurement in raw DN for Processor Board signal “3.3V Voltage”': 13, 'Last measurement in raw DN for HVPS Board signal “Detector Voltage”': 14, 'Last measurement in raw DN for HVPS Board signal “Sensor Voltage"': 15, 'Last measurement in raw DN for HVPS Board signal “Target Voltage”': 16, 'Last measurement in raw DN for HVPS Board signal “Reflectron Voltage”': 17, 'Last measurement in raw DN for HVPS Board signal “Rejection Voltage”': 18, 'Last measurement in raw DN for HVPS Board signal “Detector Current”': 19, 'Last measurement in raw DN for HVPS Board signal “Sensor IP”': 20, 'Last measurement in raw DN for HVPS Board signal “Sensor IN”': 21, 'Last measurement in raw DN for LVPS Board signal “P3.3VREF_HK”': 22, 'Last measurement in raw DN for LVPS Board signal “P3.3VREF_OP”': 23, 'Last measurement in raw DN for LVPS Board signal “N6V”': 24, 'Last measurement in raw DN for LVPS Board signal “P6V”': 25, 'Last measurement in raw DN for LVPS Board signal “P16V”': 26, 'Last measurement in raw DN for LVPS Board signal “P3.3V”': 27, 'Last measurement in raw DN for LVPS Board signal “N5V”': 28, 'Last measurement in raw DN for LVPS Board signal “P5V”': 29, 'Last measurement in raw DN for LVPS Board signal “P3.3_IMON”': 30, 'Last measurement in raw DN for LVPS Board signal “P16V_IMON”': 31, 'Last measurement in raw DN for LVPS Board signal “P6V_IMON”': 32, 'Last measurement in raw DN for LVPS Board signal “N6V_IMON”': 33, 'Last measurement in raw DN for LVPS Board signal “P5V_IMON”': 34, 'Last measurement in raw DN for LVPS Board signal “N5V_IMON”': 35, 'Last measurement in raw DN for LVPS Board signal “P2.5V_IMON”': 36, 'Last measurement in raw DN for LVPS Board signal “N2.5V_IMON”': 37, 'Last measurement in raw DN for LVPS Board signal “THERM_DECON0”': 38, 'Last measurement in raw DN for LVPS Board signal “THERM_DECON1”': 39, 'Last measurement in raw DN for LVPS Board signal “THERM_DAB”': 40, 'Last measurement in raw DN for LVPS Board signal “THERM_LVPS”': 41, 'Last measurement in raw DN for LVPS Board signal “THERM_HVPS”': 45, 'Last measurement in raw DN for LVPS Board signal “P2.5V”': 49, 'Last measurement in raw DN for LVPS Board signal “N2.5V”': 50, 'Last measurement in raw DN for LVPS Board signal “Spare”': 51}

 
 ***** var_name being converted for each instrument setting ***** 
 

Matching row  18
coeffs for Last measurement in raw DN for Processor Board signal “1V POL Current”= [0.0 0.9029253 0.0 0.0 0.0 0.0 0.0 0.0]
var_name = Last measurement in raw DN for Processor Board signal “1V POL Current”
var_name = current_1V_pol
Header info = 841
Transformed value for current_1V_pol = 759.3601773
Matching row  18
coeffs for Last measurement in raw DN for Processor Board signal “1.9V POL Current”= [0.0 0.9029253 0.0 0.0 0.0 0.0 0.0 0.0]
var_name = Last measurement in raw DN for Processor Board signal “1.9V POL Current”
var_name = current_1.9V_pol
Header info = 1277
Transformed value for current_1.9V_pol = 1153.0356081
Matching row  18
coeffs for Last measurement in raw DN for Processor Board signal “ProcBd Temp1”= [162.8276 -0.2668687 0.0003323794 -2.43153e-07 9.034532e-11 -1.327735e-14
 0.0 0.0]
var_name = Last measurement in raw DN for Processor Board signal “ProcBd Temp1”
var_name = temperature_1
Header info = 1226
Transformed value for temperature_1 = 54.49832685153771
Matching row  18
coeffs for nan= [-104713.9 52.02446 -0.006463374 0.0 0.0 0.0 0.0 0.0]
var_name = nan
var_name = None
KeyError: (25, None) - Could not find entry for None, 48. Please check the Var_notes or variable mapping.
Matching row  18
coeffs for Last measurement in raw DN for Processor Board signal “ProcBd Temp2”= [162.8276 -0.2668687 0.0003323794 -2.43153e-07 9.034532e-11 -1.327735e-14
 0.0 0.0]
var_name = Last measurement in raw DN for Processor Board signal “ProcBd Temp2”
var_name = temperature_2
Header info = 1591
Transformed value for temperature_2 = 43.868698138142065
Matching row  18
coeffs for Last measurement in raw DN for Processor Board signal “1V Voltage”= [0.0 0.000805861 0.0 0.0 0.0 0.0 0.0 0.0]
var_name = Last measurement in raw DN for Processor Board signal “1V Voltage”
var_name = voltage_1V_bus
Header info = 1242
Transformed value for voltage_1V_bus = 1.0008793619999998
Matching row  18
coeffs for Last measurement in raw DN for Processor Board signal “FPGA Temp”= [358.31 -0.1187104 0.0 0.0 0.0 0.0 0.0 0.0]
var_name = Last measurement in raw DN for Processor Board signal “FPGA Temp”
var_name = fpga_temperature
Header info = 2570
Transformed value for fpga_temperature = 53.22427200000004
Matching row  18
coeffs for Last measurement in raw DN for Processor Board signal “1.9V Voltage”= [0.0 0.000805861 0.0 0.0 0.0 0.0 0.0 0.0]
var_name = Last measurement in raw DN for Processor Board signal “1.9V Voltage”
var_name = voltage_1.9V_bus
Header info = 2328
Transformed value for voltage_1.9V_bus = 1.8760444079999998
Matching row  18
coeffs for Last measurement in raw DN for Processor Board signal “3.3V Voltage”= [0.0 0.001611722 0.0 0.0 0.0 0.0 0.0 0.0]
var_name = Last measurement in raw DN for Processor Board signal “3.3V Voltage”
var_name = voltage_3.3V_bus
Header info = 2040
Transformed value for voltage_3.3V_bus = 3.28791288
Matching row  18
coeffs for Last measurement in raw DN for HVPS Board signal “Detector Voltage”= [0.0 1.4652 0.0 0.0 0.0 0.0 0.0 0.0]
var_name = Last measurement in raw DN for HVPS Board signal “Detector Voltage”
var_name = detector_voltage
Header info = 1641
Transformed value for detector_voltage = 2404.3932
Matching row  18
coeffs for Last measurement in raw DN for HVPS Board signal “Sensor Voltage"= [0.0 1.4652 0.0 0.0 0.0 0.0 0.0 0.0]
var_name = Last measurement in raw DN for HVPS Board signal “Sensor Voltage"
var_name = sensor_voltage
Header info = 2012
Transformed value for sensor_voltage = 2947.9824000000003
Matching row  18
coeffs for Last measurement in raw DN for HVPS Board signal “Target Voltage”= [0.0 1.4652 0.0 0.0 0.0 0.0 0.0 0.0]
var_name = Last measurement in raw DN for HVPS Board signal “Target Voltage”
var_name = target_voltage
Header info = 1710
Transformed value for target_voltage = 2505.492
Matching row  18
coeffs for Last measurement in raw DN for HVPS Board signal “Reflectron Voltage”= [0.0 1.4652 0.0 0.0 0.0 0.0 0.0 0.0]
var_name = Last measurement in raw DN for HVPS Board signal “Reflectron Voltage”
var_name = reflectron_voltage
Header info = 135
Transformed value for reflectron_voltage = 197.80200000000002
Matching row  18
coeffs for Last measurement in raw DN for HVPS Board signal “Rejection Voltage”= [0.0 1.4652 0.0 0.0 0.0 0.0 0.0 0.0]
var_name = Last measurement in raw DN for HVPS Board signal “Rejection Voltage”
var_name = rejection_voltage
Header info = 2010
Transformed value for rejection_voltage = 2945.052
Matching row  18
coeffs for Last measurement in raw DN for HVPS Board signal “Detector Current”= [0.0 7.326e-06 0.0 0.0 0.0 0.0 0.0 0.0]
var_name = Last measurement in raw DN for HVPS Board signal “Detector Current”
var_name = current_hvps_sensor
Header info = 2339
Transformed value for current_hvps_sensor = 0.017135514
Matching row  18
coeffs for Last measurement in raw DN for HVPS Board signal “Sensor IP”= [0.0 2.4339e-05 0.0 0.0 0.0 0.0 0.0 0.0]
var_name = Last measurement in raw DN for HVPS Board signal “Sensor IP”
var_name = positive_current_hvps
Header info = 2704
Transformed value for positive_current_hvps = 0.065812656
Matching row  18
coeffs for Last measurement in raw DN for HVPS Board signal “Sensor IN”= [0.0 2.4339e-05 0.0 0.0 0.0 0.0 0.0 0.0]
var_name = Last measurement in raw DN for HVPS Board signal “Sensor IN”
var_name = negative_current_hvps
Header info = 305
Transformed value for negative_current_hvps = 0.007423394999999999
Matching row  18
coeffs for Last measurement in raw DN for LVPS Board signal “P3.3VREF_HK”= [0.0 0.00161172 0.0 0.0 0.0 0.0 0.0 0.0]
var_name = Last measurement in raw DN for LVPS Board signal “P3.3VREF_HK”
var_name = voltage_3V3_ref
Header info = 2048
Transformed value for voltage_3V3_ref = 3.30080256
Matching row  18
coeffs for Last measurement in raw DN for LVPS Board signal “P3.3VREF_OP”= [0.0 0.00161172 0.0 0.0 0.0 0.0 0.0 0.0]
var_name = Last measurement in raw DN for LVPS Board signal “P3.3VREF_OP”
var_name = voltage_3V3_op_ref
Header info = 2048
Transformed value for voltage_3V3_op_ref = 3.30080256
Matching row  18
coeffs for Last measurement in raw DN for LVPS Board signal “N6V”= [-33.0 0.00886447 0.0 0.0 0.0 0.0 0.0 0.0]
var_name = Last measurement in raw DN for LVPS Board signal “N6V”
var_name = voltage_neg6V_bus
Header info = 3002
Transformed value for voltage_neg6V_bus = -6.3888610600000035
Matching row  18
coeffs for Last measurement in raw DN for LVPS Board signal “P6V”= [0.0 0.00241758 0.0 0.0 0.0 0.0 0.0 0.0]
var_name = Last measurement in raw DN for LVPS Board signal “P6V”
var_name = voltage_pos6V_bus
Header info = 2622
Transformed value for voltage_pos6V_bus = 6.33889476
Matching row  18
coeffs for Last measurement in raw DN for LVPS Board signal “P16V”= [0.0 0.00482711 0.0 0.0 0.0 0.0 0.0 0.0]
var_name = Last measurement in raw DN for LVPS Board signal “P16V”
var_name = voltage_pos16V_bus
Header info = 3178
Transformed value for voltage_pos16V_bus = 15.34055558
Matching row  18
coeffs for Last measurement in raw DN for LVPS Board signal “P3.3V”= [0.0 0.00161172 0.0 0.0 0.0 0.0 0.0 0.0]
var_name = Last measurement in raw DN for LVPS Board signal “P3.3V”
var_name = voltage_pos3V3_bus
Header info = 2056
Transformed value for voltage_pos3V3_bus = 3.31369632
Matching row  18
coeffs for Last measurement in raw DN for LVPS Board signal “N5V”= [-33.0 0.00886447 0.0 0.0 0.0 0.0 0.0 0.0]
var_name = Last measurement in raw DN for LVPS Board signal “N5V”
var_name = voltage_neg5V_bus
Header info = 3155
Transformed value for voltage_neg5V_bus = -5.032597150000001
Matching row  18
coeffs for Last measurement in raw DN for LVPS Board signal “P5V”= [0.0 0.00161172 0.0 0.0 0.0 0.0 0.0 0.0]
var_name = Last measurement in raw DN for LVPS Board signal “P5V”
var_name = voltage_pos5V_bus
Header info = 3137
Transformed value for voltage_pos5V_bus = 5.05596564
Matching row  18
coeffs for Last measurement in raw DN for LVPS Board signal “P3.3_IMON”= [0.0 0.00161172 0.0 0.0 0.0 0.0 0.0 0.0]
var_name = Last measurement in raw DN for LVPS Board signal “P3.3_IMON”
var_name = current_3V3_bus
Header info = 1683
Transformed value for current_3V3_bus = 2.71252476
Matching row  18
coeffs for Last measurement in raw DN for LVPS Board signal “P16V_IMON”= [0.0 0.000161172 0.0 0.0 0.0 0.0 0.0 0.0]
var_name = Last measurement in raw DN for LVPS Board signal “P16V_IMON”
var_name = current_16V_bus
Header info = 1186
Transformed value for current_16V_bus = 0.19114999200000002
Matching row  18
coeffs for Last measurement in raw DN for LVPS Board signal “P6V_IMON”= [0.0 8.05861e-05 0.0 0.0 0.0 0.0 0.0 0.0]
var_name = Last measurement in raw DN for LVPS Board signal “P6V_IMON”
var_name = current_6V_bus
Header info = 1533
Transformed value for current_6V_bus = 0.1235384913
Matching row  18
coeffs for Last measurement in raw DN for LVPS Board signal “N6V_IMON”= [0.0 -8.05861e-05 0.0 0.0 0.0 0.0 0.0 0.0]
var_name = Last measurement in raw DN for LVPS Board signal “N6V_IMON”
var_name = current_neg6V_bus
Header info = 1186
Transformed value for current_neg6V_bus = -0.0955751146
Matching row  18
coeffs for Last measurement in raw DN for LVPS Board signal “P5V_IMON”= [0.0 4.029304e-05 0.0 0.0 0.0 0.0 0.0 0.0]
var_name = Last measurement in raw DN for LVPS Board signal “P5V_IMON”
var_name = current_5V_bus
Header info = 1956
Transformed value for current_5V_bus = 0.07881318624
Matching row  18
coeffs for Last measurement in raw DN for LVPS Board signal “N5V_IMON”= [0.0 -2.01465e-05 0.0 0.0 0.0 0.0 0.0 0.0]
var_name = Last measurement in raw DN for LVPS Board signal “N5V_IMON”
var_name = current_neg5V_bus
Header info = 3471
Transformed value for current_neg5V_bus = -0.0699285015
Matching row  18
coeffs for Last measurement in raw DN for LVPS Board signal “P2.5V_IMON”= [0.0 0.00161172 0.0 0.0 0.0 0.0 0.0 0.0]
var_name = Last measurement in raw DN for LVPS Board signal “P2.5V_IMON”
var_name = current_2V5_bus
Header info = 453
Transformed value for current_2V5_bus = 0.73010916
Matching row  18
coeffs for Last measurement in raw DN for LVPS Board signal “N2.5V_IMON”= [0.0 -4.0293e-05 0.0 0.0 0.0 0.0 0.0 0.0]
var_name = Last measurement in raw DN for LVPS Board signal “N2.5V_IMON”
var_name = current_neg2V5_bus
Header info = 2944
Transformed value for current_neg2V5_bus = -0.118622592
Matching row  18
coeffs for Last measurement in raw DN for LVPS Board signal “THERM_DECON0”= [-110.293 0.0665351 0.000305738 -6.32048e-07 5.9934e-10 -2.98784e-13
 7.61361e-17 -7.76467e-21]
var_name = Last measurement in raw DN for LVPS Board signal “THERM_DECON0”
var_name = None
KeyError: (25, None) - Could not find entry for None, 38. Please check the Var_notes or variable mapping.
Matching row  18
coeffs for Last measurement in raw DN for LVPS Board signal “THERM_DECON1”= [-150.478 0.376986 -0.00062072 7.73853e-07 -5.81588e-10 2.56368e-13
 -6.05698e-17 5.96635e-21]
var_name = Last measurement in raw DN for LVPS Board signal “THERM_DECON1”
var_name = None
KeyError: (25, None) - Could not find entry for None, 39. Please check the Var_notes or variable mapping.
Matching row  18
coeffs for Last measurement in raw DN for LVPS Board signal “THERM_DAB”= [-443.248 1.31224 -0.00180422 1.40016e-06 -6.43766e-10 1.7448e-13
 -2.57695e-17 1.60239e-21]
var_name = Last measurement in raw DN for LVPS Board signal “THERM_DAB”
var_name = None
KeyError: (25, None) - Could not find entry for None, 40. Please check the Var_notes or variable mapping.
Matching row  18
coeffs for Last measurement in raw DN for LVPS Board signal “THERM_LVPS”= [200.4137 -0.2020699 0.000175403 -9.739547e-08 2.888932e-11 -3.545603e-15
 0.0 0.0]
var_name = Last measurement in raw DN for LVPS Board signal “THERM_LVPS”
var_name = None
KeyError: (25, None) - Could not find entry for None, 41. Please check the Var_notes or variable mapping.
Matching row  18
coeffs for Last measurement in raw DN for LVPS Board signal “THERM_HVPS”= [200.4137 -0.2020699 0.000175403 -9.739547e-08 2.888932e-11 -3.545603e-15
 0.0 0.0]
var_name = Last measurement in raw DN for LVPS Board signal “THERM_HVPS”
var_name = None
KeyError: (25, None) - Could not find entry for None, 45. Please check the Var_notes or variable mapping.
Matching row  18
coeffs for Last measurement in raw DN for LVPS Board signal “P2.5V”= [0.0 0.00161172 0.0 0.0 0.0 0.0 0.0 0.0]
var_name = Last measurement in raw DN for LVPS Board signal “P2.5V”
var_name = None
KeyError: (25, None) - Could not find entry for None, 49. Please check the Var_notes or variable mapping.
Matching row  18
coeffs for Last measurement in raw DN for LVPS Board signal “N2.5V”= [-33.0 0.00886447 0.0 0.0 0.0 0.0 0.0 0.0]
var_name = Last measurement in raw DN for LVPS Board signal “N2.5V”
var_name = None
KeyError: (25, None) - Could not find entry for None, 50. Please check the Var_notes or variable mapping.
Matching row  18
coeffs for Last measurement in raw DN for LVPS Board signal “Spare”= [0.0 0.00161172 0.0 0.0 0.0 0.0 0.0 0.0]
var_name = Last measurement in raw DN for LVPS Board signal “Spare”
var_name = spare_signal
KeyError: (25, 'spare_signal') - Could not find entry for spare_signal, 51. Please check the Var_notes or variable mapping.
High gain delay = 47 samples.
Mid gain delay = 15 samples.
Low gain delay = 15 samples.
High sampling trigger mode =  0 0 1
High gain trigger mode enabled.
For 2264924160, HG Trigger level = 0.15605999999999998, sample settings = 0, 0
Threshold trigger mode enabled for high gain channel.
AID = 2415085345
Event number = 125
Rice compression enabled = False
Timestamp = 440201178.04702 seconds since epoch (Midnight January 1st, 2010)
Trigger time = 2023-12-13T22:06:18.047020Z
25
25
25
25
25
25
25
25
25
25
25
25
25
{'SHCOARSE': ParsedDataItem(SHCOARSE, raw=440202958, derived=440202958, unit=dn), 'SHFINE': ParsedDataItem(SHFINE, raw=8917, derived=8917, unit=dn), 'IDX__SCI0AID': ParsedDataItem(IDX__SCI0AID, raw=2415085345, derived=2415085345, unit=None), 'IDX__SCI0TYPE': ParsedDataItem(IDX__SCI0TYPE, raw=1, derived=1, unit=None), 'IDX__SCI0CONT': ParsedDataItem(IDX__SCI0CONT, raw=127, derived=127, unit=None), 'IDX__SCI0SPARE1': ParsedDataItem(IDX__SCI0SPARE1, raw=0, derived=0, unit=None), 'IDX__SCI0PACK': ParsedDataItem(IDX__SCI0PACK, raw=1, derived=EN, unit=None), 'IDX__SCI0FRAG': ParsedDataItem(IDX__SCI0FRAG, raw=0, derived=DS, unit=None), 'IDX__SCI0COMP': ParsedDataItem(IDX__SCI0COMP, raw=0, derived=DS, unit=None), 'IDX__SCI0EVTNUM': ParsedDataItem(IDX__SCI0EVTNUM, raw=126, derived=126, unit=None), 'IDX__SCI0CAT': ParsedDataItem(IDX__SCI0CAT, raw=32, derived=32, unit=None), 'IDX__SCI0QUAL': ParsedDataItem(IDX__SCI0QUAL, raw=5, derived=5, unit=None), 'IDX__SCI0FRAGOFF': ParsedDataItem(IDX__SCI0FRAGOFF, raw=0, derived=0, unit=None), 'IDX__SCI0VER': ParsedDataItem(IDX__SCI0VER, raw=9, derived=9, unit=None), 'IDX__SCI0TIME32': ParsedDataItem(IDX__SCI0TIME32, raw=440201227, derived=440201227, unit=None), 'IDX__SCI0SPARE2': ParsedDataItem(IDX__SCI0SPARE2, raw=0, derived=0, unit=None), 'IDX__SCI0SPARE3': ParsedDataItem(IDX__SCI0SPARE3, raw=0, derived=0, unit=None), 'IDX__SCI0SPARE4': ParsedDataItem(IDX__SCI0SPARE4, raw=0, derived=0, unit=None), 'IDX__TXHDRSCIEVTLEN': ParsedDataItem(IDX__TXHDRSCIEVTLEN, raw=8320, derived=8320, unit=None), 'IDX__TXHDRSP00': ParsedDataItem(IDX__TXHDRSP00, raw=0, derived=0, unit=None), 'IDX__TXHDRTIMESEC1': ParsedDataItem(IDX__TXHDRTIMESEC1, raw=6716, derived=6716, unit=None), 'IDX__TXHDRTIMESEC2': ParsedDataItem(IDX__TXHDRTIMESEC2, raw=61451, derived=61451, unit=None), 'IDX__TXHDRTIMESUBS': ParsedDataItem(IDX__TXHDRTIMESUBS, raw=27125, derived=27125, unit=None), 'IDX__TXHDRSP01': ParsedDataItem(IDX__TXHDRSP01, raw=0, derived=0, unit=None), 'IDX__TXHDRTRIGOFFSET': ParsedDataItem(IDX__TXHDRTRIGOFFSET, raw=4, derived=4, unit=None), 'IDX__TXHDRSP02': ParsedDataItem(IDX__TXHDRSP02, raw=0, derived=0, unit=None), 'IDX__TXHDRTRIGID': ParsedDataItem(IDX__TXHDRTRIGID, raw=1, derived=1, unit=None), 'IDX__TXHDREVTNUM': ParsedDataItem(IDX__TXHDREVTNUM, raw=126, derived=126, unit=None), 'IDX__TXHDRBLOCKS': ParsedDataItem(IDX__TXHDRBLOCKS, raw=243679, derived=243679, unit=None), 'IDX__TXHDRHGTRIGCTRL1': ParsedDataItem(IDX__TXHDRHGTRIGCTRL1, raw=2264924160, derived=2264924160, unit=None), 'IDX__TXHDRHGTRIGCTRL2': ParsedDataItem(IDX__TXHDRHGTRIGCTRL2, raw=0, derived=0, unit=None), 'IDX__TXHDRLGTRIGCTRL1': ParsedDataItem(IDX__TXHDRLGTRIGCTRL1, raw=4294965248, derived=4294965248, unit=None), 'IDX__TXHDRLGTRIGCTRL2': ParsedDataItem(IDX__TXHDRLGTRIGCTRL2, raw=4278255360, derived=4278255360, unit=None), 'IDX__TXHDRMGTRIGCTRL1': ParsedDataItem(IDX__TXHDRMGTRIGCTRL1, raw=4294965248, derived=4294965248, unit=None), 'IDX__TXHDRMGTRIGCTRL2': ParsedDataItem(IDX__TXHDRMGTRIGCTRL2, raw=4278255360, derived=4278255360, unit=None), 'IDX__TXHDRSP03': ParsedDataItem(IDX__TXHDRSP03, raw=0, derived=0, unit=None), 'IDX__TXHDRLSADC': ParsedDataItem(IDX__TXHDRLSADC, raw=1048320, derived=1048320, unit=None), 'IDX__TXHDRPOLSTAT': ParsedDataItem(IDX__TXHDRPOLSTAT, raw=1, derived=NEG, unit=None), 'IDX__TXHDRSP04': ParsedDataItem(IDX__TXHDRSP04, raw=0, derived=0, unit=None), 'IDX__TXHDRPOLCTRL': ParsedDataItem(IDX__TXHDRPOLCTRL, raw=0, derived=POS, unit=None), 'IDX__TXHDRCOINENA': ParsedDataItem(IDX__TXHDRCOINENA, raw=0, derived=DIS, unit=None), 'IDX__TXHDRLSTRIGMODE': ParsedDataItem(IDX__TXHDRLSTRIGMODE, raw=0, derived=DIS, unit=None), 'IDX__TXHDRMGTRIGMODE': ParsedDataItem(IDX__TXHDRMGTRIGMODE, raw=0, derived=0, unit=None), 'IDX__TXHDRLGTRIGMODE': ParsedDataItem(IDX__TXHDRLGTRIGMODE, raw=0, derived=0, unit=None), 'IDX__TXHDRHGTRIGMODE': ParsedDataItem(IDX__TXHDRHGTRIGMODE, raw=1, derived=1, unit=None), 'IDX__TXHDRSP05': ParsedDataItem(IDX__TXHDRSP05, raw=0, derived=0, unit=None), 'IDX__TXHDRSP06': ParsedDataItem(IDX__TXHDRSP06, raw=0, derived=0, unit=None), 'IDX__TXHDRSP07': ParsedDataItem(IDX__TXHDRSP07, raw=2019, derived=2019, unit=None), 'IDX__TXHDRSP08': ParsedDataItem(IDX__TXHDRSP08, raw=0, derived=0, unit=None), 'IDX__TXHDRTOFMAX': ParsedDataItem(IDX__TXHDRTOFMAX, raw=558373887, derived=558373887, unit=None), 'IDX__TXHDRTOFMIN': ParsedDataItem(IDX__TXHDRTOFMIN, raw=534246859, derived=534246859, unit=None), 'IDX__TXHDRLS0MAXMIN': ParsedDataItem(IDX__TXHDRLS0MAXMIN, raw=9873107, derived=9873107, unit=None), 'IDX__TXHDRLS1MAXMIN': ParsedDataItem(IDX__TXHDRLS1MAXMIN, raw=8452073, derived=8452073, unit=None), 'IDX__TXHDRLS2MAXMIN': ParsedDataItem(IDX__TXHDRLS2MAXMIN, raw=8325089, derived=8325089, unit=None), 'IDX__TXHDRFIFODELAY': ParsedDataItem(IDX__TXHDRFIFODELAY, raw=16, derived=16, unit=None), 'IDX__TXHDRSAMPDELAY': ParsedDataItem(IDX__TXHDRSAMPDELAY, raw=32537662, derived=32537662, unit=None), 'IDX__TXHDRTRANSCNT': ParsedDataItem(IDX__TXHDRTRANSCNT, raw=8, derived=8, unit=None), 'IDX__TXHDRPROCHKCH01': ParsedDataItem(IDX__TXHDRPROCHKCH01, raw=83690312, derived=83690312, unit=None), 'IDX__TXHDRPROCHKCH23': ParsedDataItem(IDX__TXHDRPROCHKCH23, raw=104203465, derived=104203465, unit=None), 'IDX__TXHDRPROCHKCH45': ParsedDataItem(IDX__TXHDRPROCHKCH45, raw=168428762, derived=168428762, unit=None), 'IDX__TXHDRPROCHKCH67': ParsedDataItem(IDX__TXHDRPROCHKCH67, raw=133695768, derived=133695768, unit=None), 'IDX__TXHDRHVPSHKCH01': ParsedDataItem(IDX__TXHDRHVPSHKCH01, raw=131860072, derived=131860072, unit=None), 'IDX__TXHDRHVPSHKCH23': ParsedDataItem(IDX__TXHDRHVPSHKCH23, raw=8849070, derived=8849070, unit=None), 'IDX__TXHDRHVPSHKCH45': ParsedDataItem(IDX__TXHDRHVPSHKCH45, raw=153290714, derived=153290714, unit=None), 'IDX__TXHDRHVPSHKCH67': ParsedDataItem(IDX__TXHDRHVPSHKCH67, raw=19991184, derived=19991184, unit=None), 'IDX__TXHDRLVHK0CH01': ParsedDataItem(IDX__TXHDRLVHK0CH01, raw=134219776, derived=134219776, unit=None), 'IDX__TXHDRLVHK0CH23': ParsedDataItem(IDX__TXHDRLVHK0CH23, raw=171838394, derived=171838394, unit=None), 'IDX__TXHDRLVHK0CH45': ParsedDataItem(IDX__TXHDRLVHK0CH45, raw=134745194, derived=134745194, unit=None), 'IDX__TXHDRLVHK0CH67': ParsedDataItem(IDX__TXHDRLVHK0CH67, raw=205589587, derived=205589587, unit=None), 'IDX__TXHDRLVHK1CH01': ParsedDataItem(IDX__TXHDRLVHK1CH01, raw=34801298, derived=34801298, unit=None), 'IDX__TXHDRLVHK1CH23': ParsedDataItem(IDX__TXHDRLVHK1CH23, raw=77727229, derived=77727229, unit=None), 'IDX__TXHDRLVHK1CH45': ParsedDataItem(IDX__TXHDRLVHK1CH45, raw=227477412, derived=227477412, unit=None), 'IDX__TXHDRLVHK1CH67': ParsedDataItem(IDX__TXHDRLVHK1CH67, raw=192872901, derived=192872901, unit=None), 'IDX__TXHDRLVHK2CH01': ParsedDataItem(IDX__TXHDRLVHK2CH01, raw=81462494, derived=81462494, unit=None), 'IDX__TXHDRLVHK2CH23': ParsedDataItem(IDX__TXHDRLVHK2CH23, raw=190057135, derived=190057135, unit=None), 'IDX__TXHDRLVHK2CH45': ParsedDataItem(IDX__TXHDRLVHK2CH45, raw=101059624, derived=101059624, unit=None), 'IDX__TXHDRLVHK2CH67': ParsedDataItem(IDX__TXHDRLVHK2CH67, raw=69016, derived=69016, unit=None), 'IDX__TXHDRSP09': ParsedDataItem(IDX__TXHDRSP09, raw=0, derived=0, unit=None), 'IDX__TXHDRSP10': ParsedDataItem(IDX__TXHDRSP10, raw=0, derived=0, unit=None), 'IDX__TXHDRFSWAIDCOPY': ParsedDataItem(IDX__TXHDRFSWAIDCOPY, raw=2415085345, derived=2415085345, unit=None), 'IDX__TXHDRFSWBINCOPY': ParsedDataItem(IDX__TXHDRFSWBINCOPY, raw=0, derived=0, unit=None), 'IDX__TXHDRFSWMAJOR': ParsedDataItem(IDX__TXHDRFSWMAJOR, raw=2, derived=2, unit=None), 'IDX__TXHDRFSWMINOR': ParsedDataItem(IDX__TXHDRFSWMINOR, raw=0, derived=0, unit=None), 'IDX__TXHDRFSWPATCH': ParsedDataItem(IDX__TXHDRFSWPATCH, raw=0, derived=0, unit=None), 'IDX__TXHDRFSWHVSTAT': ParsedDataItem(IDX__TXHDRFSWHVSTAT, raw=3, derived=3, unit=None), 'IDX__TXHDRFSWMEM0': ParsedDataItem(IDX__TXHDRFSWMEM0, raw=0, derived=0, unit=None), 'IDX__TXHDRFSWMEM1': ParsedDataItem(IDX__TXHDRFSWMEM1, raw=0, derived=0, unit=None), 'IDX__TXHDRFSWPT0': ParsedDataItem(IDX__TXHDRFSWPT0, raw=0, derived=0, unit=None), 'IDX__TXHDRFSWPT1': ParsedDataItem(IDX__TXHDRFSWPT1, raw=0, derived=0, unit=None), 'IDX__TXHDRFSWPT2': ParsedDataItem(IDX__TXHDRFSWPT2, raw=0, derived=0, unit=None), 'IDX__TXHDRFSWPT3': ParsedDataItem(IDX__TXHDRFSWPT3, raw=0, derived=0, unit=None), 'IDX__TXHDRFSWPT4': ParsedDataItem(IDX__TXHDRFSWPT4, raw=0, derived=0, unit=None), 'IDX__TXHDRFSWPT5': ParsedDataItem(IDX__TXHDRFSWPT5, raw=0, derived=0, unit=None), 'IDX__TXHDRFSWPT6': ParsedDataItem(IDX__TXHDRFSWPT6, raw=0, derived=0, unit=None), 'IDX__TXHDRFSWPT7': ParsedDataItem(IDX__TXHDRFSWPT7, raw=0, derived=0, unit=None), 'IDX__TXHDRFSWPT8': ParsedDataItem(IDX__TXHDRFSWPT8, raw=0, derived=0, unit=None), 'IDX__TXHDRFSWPT9': ParsedDataItem(IDX__TXHDRFSWPT9, raw=0, derived=0, unit=None), 'IDX__TXHDRFPGAVER': ParsedDataItem(IDX__TXHDRFPGAVER, raw=539165480, derived=539165480, unit=None), 'IDX__SYNCSCI0PKT': ParsedDataItem(IDX__SYNCSCI0PKT, raw=13107, derived=13107, unit=None), 'IDX__CRCSCI0PKT': ParsedDataItem(IDX__CRCSCI0PKT, raw=7861, derived=7861, unit=None)}
SHCOARSE = 440202958
SHFINE = 8917
IDX__SCI0AID = 2415085345
IDX__SCI0TYPE = 1
IDX__SCI0CONT = 127
IDX__SCI0SPARE1 = 0
IDX__SCI0PACK = EN
IDX__SCI0FRAG = DS
IDX__SCI0COMP = DS
IDX__SCI0EVTNUM = 126
IDX__SCI0CAT = 32
IDX__SCI0QUAL = 5
IDX__SCI0FRAGOFF = 0
IDX__SCI0VER = 9
IDX__SCI0TIME32 = 440201227
IDX__SCI0SPARE2 = 0
IDX__SCI0SPARE3 = 0
IDX__SCI0SPARE4 = 0
IDX__TXHDRSCIEVTLEN = 8320
IDX__TXHDRSP00 = 0
IDX__TXHDRTIMESEC1 = 6716
IDX__TXHDRTIMESEC2 = 61451
IDX__TXHDRTIMESUBS = 27125
IDX__TXHDRSP01 = 0
IDX__TXHDRTRIGOFFSET = 4
IDX__TXHDRSP02 = 0
IDX__TXHDRTRIGID = 1
IDX__TXHDREVTNUM = 126
IDX__TXHDRBLOCKS = 243679
IDX__TXHDRHGTRIGCTRL1 = 2264924160
IDX__TXHDRHGTRIGCTRL2 = 0
IDX__TXHDRLGTRIGCTRL1 = 4294965248
IDX__TXHDRLGTRIGCTRL2 = 4278255360
IDX__TXHDRMGTRIGCTRL1 = 4294965248
IDX__TXHDRMGTRIGCTRL2 = 4278255360
IDX__TXHDRSP03 = 0
IDX__TXHDRLSADC = 1048320
IDX__TXHDRPOLSTAT = NEG
IDX__TXHDRSP04 = 0
IDX__TXHDRPOLCTRL = POS
IDX__TXHDRCOINENA = DIS
IDX__TXHDRLSTRIGMODE = DIS
IDX__TXHDRMGTRIGMODE = 0
IDX__TXHDRLGTRIGMODE = 0
IDX__TXHDRHGTRIGMODE = 1
IDX__TXHDRSP05 = 0
IDX__TXHDRSP06 = 0
IDX__TXHDRSP07 = 2019
IDX__TXHDRSP08 = 0
IDX__TXHDRTOFMAX = 558373887
IDX__TXHDRTOFMIN = 534246859
IDX__TXHDRLS0MAXMIN = 9873107
IDX__TXHDRLS1MAXMIN = 8452073
IDX__TXHDRLS2MAXMIN = 8325089
IDX__TXHDRFIFODELAY = 16
IDX__TXHDRSAMPDELAY = 32537662
IDX__TXHDRTRANSCNT = 8
IDX__TXHDRPROCHKCH01 = 83690312
IDX__TXHDRPROCHKCH23 = 104203465
IDX__TXHDRPROCHKCH45 = 168428762
IDX__TXHDRPROCHKCH67 = 133695768
IDX__TXHDRHVPSHKCH01 = 131860072
IDX__TXHDRHVPSHKCH23 = 8849070
IDX__TXHDRHVPSHKCH45 = 153290714
IDX__TXHDRHVPSHKCH67 = 19991184
IDX__TXHDRLVHK0CH01 = 134219776
IDX__TXHDRLVHK0CH23 = 171838394
IDX__TXHDRLVHK0CH45 = 134745194
IDX__TXHDRLVHK0CH67 = 205589587
IDX__TXHDRLVHK1CH01 = 34801298
IDX__TXHDRLVHK1CH23 = 77727229
IDX__TXHDRLVHK1CH45 = 227477412
IDX__TXHDRLVHK1CH67 = 192872901
IDX__TXHDRLVHK2CH01 = 81462494
IDX__TXHDRLVHK2CH23 = 190057135
IDX__TXHDRLVHK2CH45 = 101059624
IDX__TXHDRLVHK2CH67 = 69016
IDX__TXHDRSP09 = 0
IDX__TXHDRSP10 = 0
IDX__TXHDRFSWAIDCOPY = 2415085345
IDX__TXHDRFSWBINCOPY = 0
IDX__TXHDRFSWMAJOR = 2
IDX__TXHDRFSWMINOR = 0
IDX__TXHDRFSWPATCH = 0
IDX__TXHDRFSWHVSTAT = 3
IDX__TXHDRFSWMEM0 = 0
IDX__TXHDRFSWMEM1 = 0
IDX__TXHDRFSWPT0 = 0
IDX__TXHDRFSWPT1 = 0
IDX__TXHDRFSWPT2 = 0
IDX__TXHDRFSWPT3 = 0
IDX__TXHDRFSWPT4 = 0
IDX__TXHDRFSWPT5 = 0
IDX__TXHDRFSWPT6 = 0
IDX__TXHDRFSWPT7 = 0
IDX__TXHDRFSWPT8 = 0
IDX__TXHDRFSWPT9 = 0
IDX__TXHDRFPGAVER = 539165480
IDX__SYNCSCI0PKT = 13107
IDX__CRCSCI0PKT = 7861
^*****Event header 26******^
EVTNUM: 26
SCI0TYPE: 1
TXHDRBLOCKS RAW: 243679
TXHDRBLOCKS DERIVED: 243679
-----
HS pre trig sampling blocks:  31
LS pre trig sampling blocks:  3
HS post trig sampling blocks:  31
LS post trig sampling blocks:  11
IDX__TXHDRHVPSHKCH01 = 131860072
Detector voltage =  1640
Sensor voltage =  2012
Target voltage =  1710
Reflectron voltage =  135
Rejection voltage =  2010
Current for HVPS sensor =  2339
Positive current for HVPS sensor =  2704
Negative current for HVPS sensor =  305
Voltage +3.3V reference =  2048
Voltage +3.3V operational reference =  2048
Voltage -6V bus =  3002
Voltage +6V bus =  2622
Voltage +16V bus =  3178
Voltage +3.3V bus =  2056
Voltage -5V bus =  3155
Voltage +5V bus =  3137
Current +3.3V bus =  1682
Current +16V bus =  1186
Current +6V bus =  1533
Current -6V bus =  1186
Current +5V bus =  1956
Current -5V bus =  3471
Current +2.5V bus =  453
Current -2.5V bus =  2943
Current on the 1V POL =  840
Current on the 1.9V POL =  1277
ProcBd Temperature 1 =  1225
ProcBd Temperature 2 =  1590
Voltage on 1V bus =  1242
FPGA Temperature =  2570
Voltage on 1.9V bus =  2328
Voltage on 3.3V bus =  2040
var_to_row = {'Last measurement in raw DN for Processor Board signal “1V POL Current”': 0, 'Last measurement in raw DN for Processor Board signal “1.9V POL Current”': 1, 'Last measurement in raw DN for Processor Board signal “ProcBd Temp1”': 2, nan: 48, 'Last measurement in raw DN for Processor Board signal “ProcBd Temp2”': 6, 'Last measurement in raw DN for Processor Board signal “1V Voltage”': 10, 'Last measurement in raw DN for Processor Board signal “FPGA Temp”': 11, 'Last measurement in raw DN for Processor Board signal “1.9V Voltage”': 12, 'Last measurement in raw DN for Processor Board signal “3.3V Voltage”': 13, 'Last measurement in raw DN for HVPS Board signal “Detector Voltage”': 14, 'Last measurement in raw DN for HVPS Board signal “Sensor Voltage"': 15, 'Last measurement in raw DN for HVPS Board signal “Target Voltage”': 16, 'Last measurement in raw DN for HVPS Board signal “Reflectron Voltage”': 17, 'Last measurement in raw DN for HVPS Board signal “Rejection Voltage”': 18, 'Last measurement in raw DN for HVPS Board signal “Detector Current”': 19, 'Last measurement in raw DN for HVPS Board signal “Sensor IP”': 20, 'Last measurement in raw DN for HVPS Board signal “Sensor IN”': 21, 'Last measurement in raw DN for LVPS Board signal “P3.3VREF_HK”': 22, 'Last measurement in raw DN for LVPS Board signal “P3.3VREF_OP”': 23, 'Last measurement in raw DN for LVPS Board signal “N6V”': 24, 'Last measurement in raw DN for LVPS Board signal “P6V”': 25, 'Last measurement in raw DN for LVPS Board signal “P16V”': 26, 'Last measurement in raw DN for LVPS Board signal “P3.3V”': 27, 'Last measurement in raw DN for LVPS Board signal “N5V”': 28, 'Last measurement in raw DN for LVPS Board signal “P5V”': 29, 'Last measurement in raw DN for LVPS Board signal “P3.3_IMON”': 30, 'Last measurement in raw DN for LVPS Board signal “P16V_IMON”': 31, 'Last measurement in raw DN for LVPS Board signal “P6V_IMON”': 32, 'Last measurement in raw DN for LVPS Board signal “N6V_IMON”': 33, 'Last measurement in raw DN for LVPS Board signal “P5V_IMON”': 34, 'Last measurement in raw DN for LVPS Board signal “N5V_IMON”': 35, 'Last measurement in raw DN for LVPS Board signal “P2.5V_IMON”': 36, 'Last measurement in raw DN for LVPS Board signal “N2.5V_IMON”': 37, 'Last measurement in raw DN for LVPS Board signal “THERM_DECON0”': 38, 'Last measurement in raw DN for LVPS Board signal “THERM_DECON1”': 39, 'Last measurement in raw DN for LVPS Board signal “THERM_DAB”': 40, 'Last measurement in raw DN for LVPS Board signal “THERM_LVPS”': 41, 'Last measurement in raw DN for LVPS Board signal “THERM_HVPS”': 45, 'Last measurement in raw DN for LVPS Board signal “P2.5V”': 49, 'Last measurement in raw DN for LVPS Board signal “N2.5V”': 50, 'Last measurement in raw DN for LVPS Board signal “Spare”': 51}

 
 ***** var_name being converted for each instrument setting ***** 
 

Matching row  18
coeffs for Last measurement in raw DN for Processor Board signal “1V POL Current”= [0.0 0.9029253 0.0 0.0 0.0 0.0 0.0 0.0]
var_name = Last measurement in raw DN for Processor Board signal “1V POL Current”
var_name = current_1V_pol
Header info = 840
Transformed value for current_1V_pol = 758.457252
Matching row  18
coeffs for Last measurement in raw DN for Processor Board signal “1.9V POL Current”= [0.0 0.9029253 0.0 0.0 0.0 0.0 0.0 0.0]
var_name = Last measurement in raw DN for Processor Board signal “1.9V POL Current”
var_name = current_1.9V_pol
Header info = 1277
Transformed value for current_1.9V_pol = 1153.0356081
Matching row  18
coeffs for Last measurement in raw DN for Processor Board signal “ProcBd Temp1”= [162.8276 -0.2668687 0.0003323794 -2.43153e-07 9.034532e-11 -1.327735e-14
 0.0 0.0]
var_name = Last measurement in raw DN for Processor Board signal “ProcBd Temp1”
var_name = temperature_1
Header info = 1225
Transformed value for temperature_1 = 54.530682171315014
Matching row  18
coeffs for nan= [-104713.9 52.02446 -0.006463374 0.0 0.0 0.0 0.0 0.0]
var_name = nan
var_name = None
KeyError: (26, None) - Could not find entry for None, 48. Please check the Var_notes or variable mapping.
Matching row  18
coeffs for Last measurement in raw DN for Processor Board signal “ProcBd Temp2”= [162.8276 -0.2668687 0.0003323794 -2.43153e-07 9.034532e-11 -1.327735e-14
 0.0 0.0]
var_name = Last measurement in raw DN for Processor Board signal “ProcBd Temp2”
var_name = temperature_2
Header info = 1590
Transformed value for temperature_2 = 43.8943966068249
Matching row  18
coeffs for Last measurement in raw DN for Processor Board signal “1V Voltage”= [0.0 0.000805861 0.0 0.0 0.0 0.0 0.0 0.0]
var_name = Last measurement in raw DN for Processor Board signal “1V Voltage”
var_name = voltage_1V_bus
Header info = 1242
Transformed value for voltage_1V_bus = 1.0008793619999998
Matching row  18
coeffs for Last measurement in raw DN for Processor Board signal “FPGA Temp”= [358.31 -0.1187104 0.0 0.0 0.0 0.0 0.0 0.0]
var_name = Last measurement in raw DN for Processor Board signal “FPGA Temp”
var_name = fpga_temperature
Header info = 2570
Transformed value for fpga_temperature = 53.22427200000004
Matching row  18
coeffs for Last measurement in raw DN for Processor Board signal “1.9V Voltage”= [0.0 0.000805861 0.0 0.0 0.0 0.0 0.0 0.0]
var_name = Last measurement in raw DN for Processor Board signal “1.9V Voltage”
var_name = voltage_1.9V_bus
Header info = 2328
Transformed value for voltage_1.9V_bus = 1.8760444079999998
Matching row  18
coeffs for Last measurement in raw DN for Processor Board signal “3.3V Voltage”= [0.0 0.001611722 0.0 0.0 0.0 0.0 0.0 0.0]
var_name = Last measurement in raw DN for Processor Board signal “3.3V Voltage”
var_name = voltage_3.3V_bus
Header info = 2040
Transformed value for voltage_3.3V_bus = 3.28791288
Matching row  18
coeffs for Last measurement in raw DN for HVPS Board signal “Detector Voltage”= [0.0 1.4652 0.0 0.0 0.0 0.0 0.0 0.0]
var_name = Last measurement in raw DN for HVPS Board signal “Detector Voltage”
var_name = detector_voltage
Header info = 1640
Transformed value for detector_voltage = 2402.928
Matching row  18
coeffs for Last measurement in raw DN for HVPS Board signal “Sensor Voltage"= [0.0 1.4652 0.0 0.0 0.0 0.0 0.0 0.0]
var_name = Last measurement in raw DN for HVPS Board signal “Sensor Voltage"
var_name = sensor_voltage
Header info = 2012
Transformed value for sensor_voltage = 2947.9824000000003
Matching row  18
coeffs for Last measurement in raw DN for HVPS Board signal “Target Voltage”= [0.0 1.4652 0.0 0.0 0.0 0.0 0.0 0.0]
var_name = Last measurement in raw DN for HVPS Board signal “Target Voltage”
var_name = target_voltage
Header info = 1710
Transformed value for target_voltage = 2505.492
Matching row  18
coeffs for Last measurement in raw DN for HVPS Board signal “Reflectron Voltage”= [0.0 1.4652 0.0 0.0 0.0 0.0 0.0 0.0]
var_name = Last measurement in raw DN for HVPS Board signal “Reflectron Voltage”
var_name = reflectron_voltage
Header info = 135
Transformed value for reflectron_voltage = 197.80200000000002
Matching row  18
coeffs for Last measurement in raw DN for HVPS Board signal “Rejection Voltage”= [0.0 1.4652 0.0 0.0 0.0 0.0 0.0 0.0]
var_name = Last measurement in raw DN for HVPS Board signal “Rejection Voltage”
var_name = rejection_voltage
Header info = 2010
Transformed value for rejection_voltage = 2945.052
Matching row  18
coeffs for Last measurement in raw DN for HVPS Board signal “Detector Current”= [0.0 7.326e-06 0.0 0.0 0.0 0.0 0.0 0.0]
var_name = Last measurement in raw DN for HVPS Board signal “Detector Current”
var_name = current_hvps_sensor
Header info = 2339
Transformed value for current_hvps_sensor = 0.017135514
Matching row  18
coeffs for Last measurement in raw DN for HVPS Board signal “Sensor IP”= [0.0 2.4339e-05 0.0 0.0 0.0 0.0 0.0 0.0]
var_name = Last measurement in raw DN for HVPS Board signal “Sensor IP”
var_name = positive_current_hvps
Header info = 2704
Transformed value for positive_current_hvps = 0.065812656
Matching row  18
coeffs for Last measurement in raw DN for HVPS Board signal “Sensor IN”= [0.0 2.4339e-05 0.0 0.0 0.0 0.0 0.0 0.0]
var_name = Last measurement in raw DN for HVPS Board signal “Sensor IN”
var_name = negative_current_hvps
Header info = 305
Transformed value for negative_current_hvps = 0.007423394999999999
Matching row  18
coeffs for Last measurement in raw DN for LVPS Board signal “P3.3VREF_HK”= [0.0 0.00161172 0.0 0.0 0.0 0.0 0.0 0.0]
var_name = Last measurement in raw DN for LVPS Board signal “P3.3VREF_HK”
var_name = voltage_3V3_ref
Header info = 2048
Transformed value for voltage_3V3_ref = 3.30080256
Matching row  18
coeffs for Last measurement in raw DN for LVPS Board signal “P3.3VREF_OP”= [0.0 0.00161172 0.0 0.0 0.0 0.0 0.0 0.0]
var_name = Last measurement in raw DN for LVPS Board signal “P3.3VREF_OP”
var_name = voltage_3V3_op_ref
Header info = 2048
Transformed value for voltage_3V3_op_ref = 3.30080256
Matching row  18
coeffs for Last measurement in raw DN for LVPS Board signal “N6V”= [-33.0 0.00886447 0.0 0.0 0.0 0.0 0.0 0.0]
var_name = Last measurement in raw DN for LVPS Board signal “N6V”
var_name = voltage_neg6V_bus
Header info = 3002
Transformed value for voltage_neg6V_bus = -6.3888610600000035
Matching row  18
coeffs for Last measurement in raw DN for LVPS Board signal “P6V”= [0.0 0.00241758 0.0 0.0 0.0 0.0 0.0 0.0]
var_name = Last measurement in raw DN for LVPS Board signal “P6V”
var_name = voltage_pos6V_bus
Header info = 2622
Transformed value for voltage_pos6V_bus = 6.33889476
Matching row  18
coeffs for Last measurement in raw DN for LVPS Board signal “P16V”= [0.0 0.00482711 0.0 0.0 0.0 0.0 0.0 0.0]
var_name = Last measurement in raw DN for LVPS Board signal “P16V”
var_name = voltage_pos16V_bus
Header info = 3178
Transformed value for voltage_pos16V_bus = 15.34055558
Matching row  18
coeffs for Last measurement in raw DN for LVPS Board signal “P3.3V”= [0.0 0.00161172 0.0 0.0 0.0 0.0 0.0 0.0]
var_name = Last measurement in raw DN for LVPS Board signal “P3.3V”
var_name = voltage_pos3V3_bus
Header info = 2056
Transformed value for voltage_pos3V3_bus = 3.31369632
Matching row  18
coeffs for Last measurement in raw DN for LVPS Board signal “N5V”= [-33.0 0.00886447 0.0 0.0 0.0 0.0 0.0 0.0]
var_name = Last measurement in raw DN for LVPS Board signal “N5V”
var_name = voltage_neg5V_bus
Header info = 3155
Transformed value for voltage_neg5V_bus = -5.032597150000001
Matching row  18
coeffs for Last measurement in raw DN for LVPS Board signal “P5V”= [0.0 0.00161172 0.0 0.0 0.0 0.0 0.0 0.0]
var_name = Last measurement in raw DN for LVPS Board signal “P5V”
var_name = voltage_pos5V_bus
Header info = 3137
Transformed value for voltage_pos5V_bus = 5.05596564
Matching row  18
coeffs for Last measurement in raw DN for LVPS Board signal “P3.3_IMON”= [0.0 0.00161172 0.0 0.0 0.0 0.0 0.0 0.0]
var_name = Last measurement in raw DN for LVPS Board signal “P3.3_IMON”
var_name = current_3V3_bus
Header info = 1682
Transformed value for current_3V3_bus = 2.7109130400000003
Matching row  18
coeffs for Last measurement in raw DN for LVPS Board signal “P16V_IMON”= [0.0 0.000161172 0.0 0.0 0.0 0.0 0.0 0.0]
var_name = Last measurement in raw DN for LVPS Board signal “P16V_IMON”
var_name = current_16V_bus
Header info = 1186
Transformed value for current_16V_bus = 0.19114999200000002
Matching row  18
coeffs for Last measurement in raw DN for LVPS Board signal “P6V_IMON”= [0.0 8.05861e-05 0.0 0.0 0.0 0.0 0.0 0.0]
var_name = Last measurement in raw DN for LVPS Board signal “P6V_IMON”
var_name = current_6V_bus
Header info = 1533
Transformed value for current_6V_bus = 0.1235384913
Matching row  18
coeffs for Last measurement in raw DN for LVPS Board signal “N6V_IMON”= [0.0 -8.05861e-05 0.0 0.0 0.0 0.0 0.0 0.0]
var_name = Last measurement in raw DN for LVPS Board signal “N6V_IMON”
var_name = current_neg6V_bus
Header info = 1186
Transformed value for current_neg6V_bus = -0.0955751146
Matching row  18
coeffs for Last measurement in raw DN for LVPS Board signal “P5V_IMON”= [0.0 4.029304e-05 0.0 0.0 0.0 0.0 0.0 0.0]
var_name = Last measurement in raw DN for LVPS Board signal “P5V_IMON”
var_name = current_5V_bus
Header info = 1956
Transformed value for current_5V_bus = 0.07881318624
Matching row  18
coeffs for Last measurement in raw DN for LVPS Board signal “N5V_IMON”= [0.0 -2.01465e-05 0.0 0.0 0.0 0.0 0.0 0.0]
var_name = Last measurement in raw DN for LVPS Board signal “N5V_IMON”
var_name = current_neg5V_bus
Header info = 3471
Transformed value for current_neg5V_bus = -0.0699285015
Matching row  18
coeffs for Last measurement in raw DN for LVPS Board signal “P2.5V_IMON”= [0.0 0.00161172 0.0 0.0 0.0 0.0 0.0 0.0]
var_name = Last measurement in raw DN for LVPS Board signal “P2.5V_IMON”
var_name = current_2V5_bus
Header info = 453
Transformed value for current_2V5_bus = 0.73010916
Matching row  18
coeffs for Last measurement in raw DN for LVPS Board signal “N2.5V_IMON”= [0.0 -4.0293e-05 0.0 0.0 0.0 0.0 0.0 0.0]
var_name = Last measurement in raw DN for LVPS Board signal “N2.5V_IMON”
var_name = current_neg2V5_bus
Header info = 2943
Transformed value for current_neg2V5_bus = -0.118582299
Matching row  18
coeffs for Last measurement in raw DN for LVPS Board signal “THERM_DECON0”= [-110.293 0.0665351 0.000305738 -6.32048e-07 5.9934e-10 -2.98784e-13
 7.61361e-17 -7.76467e-21]
var_name = Last measurement in raw DN for LVPS Board signal “THERM_DECON0”
var_name = None
KeyError: (26, None) - Could not find entry for None, 38. Please check the Var_notes or variable mapping.
Matching row  18
coeffs for Last measurement in raw DN for LVPS Board signal “THERM_DECON1”= [-150.478 0.376986 -0.00062072 7.73853e-07 -5.81588e-10 2.56368e-13
 -6.05698e-17 5.96635e-21]
var_name = Last measurement in raw DN for LVPS Board signal “THERM_DECON1”
var_name = None
KeyError: (26, None) - Could not find entry for None, 39. Please check the Var_notes or variable mapping.
Matching row  18
coeffs for Last measurement in raw DN for LVPS Board signal “THERM_DAB”= [-443.248 1.31224 -0.00180422 1.40016e-06 -6.43766e-10 1.7448e-13
 -2.57695e-17 1.60239e-21]
var_name = Last measurement in raw DN for LVPS Board signal “THERM_DAB”
var_name = None
KeyError: (26, None) - Could not find entry for None, 40. Please check the Var_notes or variable mapping.
Matching row  18
coeffs for Last measurement in raw DN for LVPS Board signal “THERM_LVPS”= [200.4137 -0.2020699 0.000175403 -9.739547e-08 2.888932e-11 -3.545603e-15
 0.0 0.0]
var_name = Last measurement in raw DN for LVPS Board signal “THERM_LVPS”
var_name = None
KeyError: (26, None) - Could not find entry for None, 41. Please check the Var_notes or variable mapping.
Matching row  18
coeffs for Last measurement in raw DN for LVPS Board signal “THERM_HVPS”= [200.4137 -0.2020699 0.000175403 -9.739547e-08 2.888932e-11 -3.545603e-15
 0.0 0.0]
var_name = Last measurement in raw DN for LVPS Board signal “THERM_HVPS”
var_name = None
KeyError: (26, None) - Could not find entry for None, 45. Please check the Var_notes or variable mapping.
Matching row  18
coeffs for Last measurement in raw DN for LVPS Board signal “P2.5V”= [0.0 0.00161172 0.0 0.0 0.0 0.0 0.0 0.0]
var_name = Last measurement in raw DN for LVPS Board signal “P2.5V”
var_name = None
KeyError: (26, None) - Could not find entry for None, 49. Please check the Var_notes or variable mapping.
Matching row  18
coeffs for Last measurement in raw DN for LVPS Board signal “N2.5V”= [-33.0 0.00886447 0.0 0.0 0.0 0.0 0.0 0.0]
var_name = Last measurement in raw DN for LVPS Board signal “N2.5V”
var_name = None
KeyError: (26, None) - Could not find entry for None, 50. Please check the Var_notes or variable mapping.
Matching row  18
coeffs for Last measurement in raw DN for LVPS Board signal “Spare”= [0.0 0.00161172 0.0 0.0 0.0 0.0 0.0 0.0]
var_name = Last measurement in raw DN for LVPS Board signal “Spare”
var_name = spare_signal
KeyError: (26, 'spare_signal') - Could not find entry for spare_signal, 51. Please check the Var_notes or variable mapping.
High gain delay = 62 samples.
Mid gain delay = 31 samples.
Low gain delay = 31 samples.
High sampling trigger mode =  0 0 1
High gain trigger mode enabled.
For 2264924160, HG Trigger level = 0.15605999999999998, sample settings = 0, 0
Threshold trigger mode enabled for high gain channel.
AID = 2415085345
Event number = 126
Rice compression enabled = False
Timestamp = 440201227.5425 seconds since epoch (Midnight January 1st, 2010)
Trigger time = 2023-12-13T22:07:07.542500Z
26
26
26
26
26
26
26
26
26
26
26
26
26
{'SHCOARSE': ParsedDataItem(SHCOARSE, raw=440202973, derived=440202973, unit=dn), 'SHFINE': ParsedDataItem(SHFINE, raw=8927, derived=8927, unit=dn), 'IDX__SCI0AID': ParsedDataItem(IDX__SCI0AID, raw=2415085345, derived=2415085345, unit=None), 'IDX__SCI0TYPE': ParsedDataItem(IDX__SCI0TYPE, raw=1, derived=1, unit=None), 'IDX__SCI0CONT': ParsedDataItem(IDX__SCI0CONT, raw=127, derived=127, unit=None), 'IDX__SCI0SPARE1': ParsedDataItem(IDX__SCI0SPARE1, raw=0, derived=0, unit=None), 'IDX__SCI0PACK': ParsedDataItem(IDX__SCI0PACK, raw=1, derived=EN, unit=None), 'IDX__SCI0FRAG': ParsedDataItem(IDX__SCI0FRAG, raw=0, derived=DS, unit=None), 'IDX__SCI0COMP': ParsedDataItem(IDX__SCI0COMP, raw=0, derived=DS, unit=None), 'IDX__SCI0EVTNUM': ParsedDataItem(IDX__SCI0EVTNUM, raw=127, derived=127, unit=None), 'IDX__SCI0CAT': ParsedDataItem(IDX__SCI0CAT, raw=32, derived=32, unit=None), 'IDX__SCI0QUAL': ParsedDataItem(IDX__SCI0QUAL, raw=5, derived=5, unit=None), 'IDX__SCI0FRAGOFF': ParsedDataItem(IDX__SCI0FRAGOFF, raw=0, derived=0, unit=None), 'IDX__SCI0VER': ParsedDataItem(IDX__SCI0VER, raw=9, derived=9, unit=None), 'IDX__SCI0TIME32': ParsedDataItem(IDX__SCI0TIME32, raw=440201391, derived=440201391, unit=None), 'IDX__SCI0SPARE2': ParsedDataItem(IDX__SCI0SPARE2, raw=0, derived=0, unit=None), 'IDX__SCI0SPARE3': ParsedDataItem(IDX__SCI0SPARE3, raw=0, derived=0, unit=None), 'IDX__SCI0SPARE4': ParsedDataItem(IDX__SCI0SPARE4, raw=0, derived=0, unit=None), 'IDX__TXHDRSCIEVTLEN': ParsedDataItem(IDX__TXHDRSCIEVTLEN, raw=8320, derived=8320, unit=None), 'IDX__TXHDRSP00': ParsedDataItem(IDX__TXHDRSP00, raw=0, derived=0, unit=None), 'IDX__TXHDRTIMESEC1': ParsedDataItem(IDX__TXHDRTIMESEC1, raw=6716, derived=6716, unit=None), 'IDX__TXHDRTIMESEC2': ParsedDataItem(IDX__TXHDRTIMESEC2, raw=61615, derived=61615, unit=None), 'IDX__TXHDRTIMESUBS': ParsedDataItem(IDX__TXHDRTIMESUBS, raw=38608, derived=38608, unit=None), 'IDX__TXHDRSP01': ParsedDataItem(IDX__TXHDRSP01, raw=0, derived=0, unit=None), 'IDX__TXHDRTRIGOFFSET': ParsedDataItem(IDX__TXHDRTRIGOFFSET, raw=5, derived=5, unit=None), 'IDX__TXHDRSP02': ParsedDataItem(IDX__TXHDRSP02, raw=0, derived=0, unit=None), 'IDX__TXHDRTRIGID': ParsedDataItem(IDX__TXHDRTRIGID, raw=1, derived=1, unit=None), 'IDX__TXHDREVTNUM': ParsedDataItem(IDX__TXHDREVTNUM, raw=127, derived=127, unit=None), 'IDX__TXHDRBLOCKS': ParsedDataItem(IDX__TXHDRBLOCKS, raw=243679, derived=243679, unit=None), 'IDX__TXHDRHGTRIGCTRL1': ParsedDataItem(IDX__TXHDRHGTRIGCTRL1, raw=2264924160, derived=2264924160, unit=None), 'IDX__TXHDRHGTRIGCTRL2': ParsedDataItem(IDX__TXHDRHGTRIGCTRL2, raw=0, derived=0, unit=None), 'IDX__TXHDRLGTRIGCTRL1': ParsedDataItem(IDX__TXHDRLGTRIGCTRL1, raw=4294965248, derived=4294965248, unit=None), 'IDX__TXHDRLGTRIGCTRL2': ParsedDataItem(IDX__TXHDRLGTRIGCTRL2, raw=4278255360, derived=4278255360, unit=None), 'IDX__TXHDRMGTRIGCTRL1': ParsedDataItem(IDX__TXHDRMGTRIGCTRL1, raw=4294965248, derived=4294965248, unit=None), 'IDX__TXHDRMGTRIGCTRL2': ParsedDataItem(IDX__TXHDRMGTRIGCTRL2, raw=4278255360, derived=4278255360, unit=None), 'IDX__TXHDRSP03': ParsedDataItem(IDX__TXHDRSP03, raw=0, derived=0, unit=None), 'IDX__TXHDRLSADC': ParsedDataItem(IDX__TXHDRLSADC, raw=1048320, derived=1048320, unit=None), 'IDX__TXHDRPOLSTAT': ParsedDataItem(IDX__TXHDRPOLSTAT, raw=1, derived=NEG, unit=None), 'IDX__TXHDRSP04': ParsedDataItem(IDX__TXHDRSP04, raw=0, derived=0, unit=None), 'IDX__TXHDRPOLCTRL': ParsedDataItem(IDX__TXHDRPOLCTRL, raw=0, derived=POS, unit=None), 'IDX__TXHDRCOINENA': ParsedDataItem(IDX__TXHDRCOINENA, raw=0, derived=DIS, unit=None), 'IDX__TXHDRLSTRIGMODE': ParsedDataItem(IDX__TXHDRLSTRIGMODE, raw=0, derived=DIS, unit=None), 'IDX__TXHDRMGTRIGMODE': ParsedDataItem(IDX__TXHDRMGTRIGMODE, raw=0, derived=0, unit=None), 'IDX__TXHDRLGTRIGMODE': ParsedDataItem(IDX__TXHDRLGTRIGMODE, raw=0, derived=0, unit=None), 'IDX__TXHDRHGTRIGMODE': ParsedDataItem(IDX__TXHDRHGTRIGMODE, raw=1, derived=1, unit=None), 'IDX__TXHDRSP05': ParsedDataItem(IDX__TXHDRSP05, raw=0, derived=0, unit=None), 'IDX__TXHDRSP06': ParsedDataItem(IDX__TXHDRSP06, raw=0, derived=0, unit=None), 'IDX__TXHDRSP07': ParsedDataItem(IDX__TXHDRSP07, raw=2019, derived=2019, unit=None), 'IDX__TXHDRSP08': ParsedDataItem(IDX__TXHDRSP08, raw=0, derived=0, unit=None), 'IDX__TXHDRTOFMAX': ParsedDataItem(IDX__TXHDRTOFMAX, raw=545790714, derived=545790714, unit=None), 'IDX__TXHDRTOFMIN': ParsedDataItem(IDX__TXHDRTOFMIN, raw=535295474, derived=535295474, unit=None), 'IDX__TXHDRLS0MAXMIN': ParsedDataItem(IDX__TXHDRLS0MAXMIN, raw=9746067, derived=9746067, unit=None), 'IDX__TXHDRLS1MAXMIN': ParsedDataItem(IDX__TXHDRLS1MAXMIN, raw=8452073, derived=8452073, unit=None), 'IDX__TXHDRLS2MAXMIN': ParsedDataItem(IDX__TXHDRLS2MAXMIN, raw=8349665, derived=8349665, unit=None), 'IDX__TXHDRFIFODELAY': ParsedDataItem(IDX__TXHDRFIFODELAY, raw=18, derived=18, unit=None), 'IDX__TXHDRSAMPDELAY': ParsedDataItem(IDX__TXHDRSAMPDELAY, raw=40934475, derived=40934475, unit=None), 'IDX__TXHDRTRANSCNT': ParsedDataItem(IDX__TXHDRTRANSCNT, raw=4, derived=4, unit=None), 'IDX__TXHDRPROCHKCH01': ParsedDataItem(IDX__TXHDRPROCHKCH01, raw=83690315, derived=83690315, unit=None), 'IDX__TXHDRPROCHKCH23': ParsedDataItem(IDX__TXHDRPROCHKCH23, raw=104006854, derived=104006854, unit=None), 'IDX__TXHDRPROCHKCH45': ParsedDataItem(IDX__TXHDRPROCHKCH45, raw=168363226, derived=168363226, unit=None), 'IDX__TXHDRPROCHKCH67': ParsedDataItem(IDX__TXHDRPROCHKCH67, raw=133695768, derived=133695768, unit=None), 'IDX__TXHDRHVPSHKCH01': ParsedDataItem(IDX__TXHDRHVPSHKCH01, raw=131860073, derived=131860073, unit=None), 'IDX__TXHDRHVPSHKCH23': ParsedDataItem(IDX__TXHDRHVPSHKCH23, raw=8849070, derived=8849070, unit=None), 'IDX__TXHDRHVPSHKCH45': ParsedDataItem(IDX__TXHDRHVPSHKCH45, raw=153290714, derived=153290714, unit=None), 'IDX__TXHDRHVPSHKCH67': ParsedDataItem(IDX__TXHDRHVPSHKCH67, raw=19991184, derived=19991184, unit=None), 'IDX__TXHDRLVHK0CH01': ParsedDataItem(IDX__TXHDRLVHK0CH01, raw=134219776, derived=134219776, unit=None), 'IDX__TXHDRLVHK0CH23': ParsedDataItem(IDX__TXHDRLVHK0CH23, raw=171838393, derived=171838393, unit=None), 'IDX__TXHDRLVHK0CH45': ParsedDataItem(IDX__TXHDRLVHK0CH45, raw=134745194, derived=134745194, unit=None), 'IDX__TXHDRLVHK0CH67': ParsedDataItem(IDX__TXHDRLVHK0CH67, raw=205589587, derived=205589587, unit=None), 'IDX__TXHDRLVHK1CH01': ParsedDataItem(IDX__TXHDRLVHK1CH01, raw=34866836, derived=34866836, unit=None), 'IDX__TXHDRLVHK1CH23': ParsedDataItem(IDX__TXHDRLVHK1CH23, raw=77727230, derived=77727230, unit=None), 'IDX__TXHDRLVHK1CH45': ParsedDataItem(IDX__TXHDRLVHK1CH45, raw=227542948, derived=227542948, unit=None), 'IDX__TXHDRLVHK1CH67': ParsedDataItem(IDX__TXHDRLVHK1CH67, raw=192872901, derived=192872901, unit=None), 'IDX__TXHDRLVHK2CH01': ParsedDataItem(IDX__TXHDRLVHK2CH01, raw=81528030, derived=81528030, unit=None), 'IDX__TXHDRLVHK2CH23': ParsedDataItem(IDX__TXHDRLVHK2CH23, raw=189926065, derived=189926065, unit=None), 'IDX__TXHDRLVHK2CH45': ParsedDataItem(IDX__TXHDRLVHK2CH45, raw=101059622, derived=101059622, unit=None), 'IDX__TXHDRLVHK2CH67': ParsedDataItem(IDX__TXHDRLVHK2CH67, raw=69016, derived=69016, unit=None), 'IDX__TXHDRSP09': ParsedDataItem(IDX__TXHDRSP09, raw=0, derived=0, unit=None), 'IDX__TXHDRSP10': ParsedDataItem(IDX__TXHDRSP10, raw=0, derived=0, unit=None), 'IDX__TXHDRFSWAIDCOPY': ParsedDataItem(IDX__TXHDRFSWAIDCOPY, raw=2415085345, derived=2415085345, unit=None), 'IDX__TXHDRFSWBINCOPY': ParsedDataItem(IDX__TXHDRFSWBINCOPY, raw=0, derived=0, unit=None), 'IDX__TXHDRFSWMAJOR': ParsedDataItem(IDX__TXHDRFSWMAJOR, raw=2, derived=2, unit=None), 'IDX__TXHDRFSWMINOR': ParsedDataItem(IDX__TXHDRFSWMINOR, raw=0, derived=0, unit=None), 'IDX__TXHDRFSWPATCH': ParsedDataItem(IDX__TXHDRFSWPATCH, raw=0, derived=0, unit=None), 'IDX__TXHDRFSWHVSTAT': ParsedDataItem(IDX__TXHDRFSWHVSTAT, raw=3, derived=3, unit=None), 'IDX__TXHDRFSWMEM0': ParsedDataItem(IDX__TXHDRFSWMEM0, raw=0, derived=0, unit=None), 'IDX__TXHDRFSWMEM1': ParsedDataItem(IDX__TXHDRFSWMEM1, raw=0, derived=0, unit=None), 'IDX__TXHDRFSWPT0': ParsedDataItem(IDX__TXHDRFSWPT0, raw=0, derived=0, unit=None), 'IDX__TXHDRFSWPT1': ParsedDataItem(IDX__TXHDRFSWPT1, raw=0, derived=0, unit=None), 'IDX__TXHDRFSWPT2': ParsedDataItem(IDX__TXHDRFSWPT2, raw=0, derived=0, unit=None), 'IDX__TXHDRFSWPT3': ParsedDataItem(IDX__TXHDRFSWPT3, raw=0, derived=0, unit=None), 'IDX__TXHDRFSWPT4': ParsedDataItem(IDX__TXHDRFSWPT4, raw=0, derived=0, unit=None), 'IDX__TXHDRFSWPT5': ParsedDataItem(IDX__TXHDRFSWPT5, raw=0, derived=0, unit=None), 'IDX__TXHDRFSWPT6': ParsedDataItem(IDX__TXHDRFSWPT6, raw=0, derived=0, unit=None), 'IDX__TXHDRFSWPT7': ParsedDataItem(IDX__TXHDRFSWPT7, raw=0, derived=0, unit=None), 'IDX__TXHDRFSWPT8': ParsedDataItem(IDX__TXHDRFSWPT8, raw=0, derived=0, unit=None), 'IDX__TXHDRFSWPT9': ParsedDataItem(IDX__TXHDRFSWPT9, raw=0, derived=0, unit=None), 'IDX__TXHDRFPGAVER': ParsedDataItem(IDX__TXHDRFPGAVER, raw=539165480, derived=539165480, unit=None), 'IDX__SYNCSCI0PKT': ParsedDataItem(IDX__SYNCSCI0PKT, raw=13107, derived=13107, unit=None), 'IDX__CRCSCI0PKT': ParsedDataItem(IDX__CRCSCI0PKT, raw=19061, derived=19061, unit=None)}
SHCOARSE = 440202973
SHFINE = 8927
IDX__SCI0AID = 2415085345
IDX__SCI0TYPE = 1
IDX__SCI0CONT = 127
IDX__SCI0SPARE1 = 0
IDX__SCI0PACK = EN
IDX__SCI0FRAG = DS
IDX__SCI0COMP = DS
IDX__SCI0EVTNUM = 127
IDX__SCI0CAT = 32
IDX__SCI0QUAL = 5
IDX__SCI0FRAGOFF = 0
IDX__SCI0VER = 9
IDX__SCI0TIME32 = 440201391
IDX__SCI0SPARE2 = 0
IDX__SCI0SPARE3 = 0
IDX__SCI0SPARE4 = 0
IDX__TXHDRSCIEVTLEN = 8320
IDX__TXHDRSP00 = 0
IDX__TXHDRTIMESEC1 = 6716
IDX__TXHDRTIMESEC2 = 61615
IDX__TXHDRTIMESUBS = 38608
IDX__TXHDRSP01 = 0
IDX__TXHDRTRIGOFFSET = 5
IDX__TXHDRSP02 = 0
IDX__TXHDRTRIGID = 1
IDX__TXHDREVTNUM = 127
IDX__TXHDRBLOCKS = 243679
IDX__TXHDRHGTRIGCTRL1 = 2264924160
IDX__TXHDRHGTRIGCTRL2 = 0
IDX__TXHDRLGTRIGCTRL1 = 4294965248
IDX__TXHDRLGTRIGCTRL2 = 4278255360
IDX__TXHDRMGTRIGCTRL1 = 4294965248
IDX__TXHDRMGTRIGCTRL2 = 4278255360
IDX__TXHDRSP03 = 0
IDX__TXHDRLSADC = 1048320
IDX__TXHDRPOLSTAT = NEG
IDX__TXHDRSP04 = 0
IDX__TXHDRPOLCTRL = POS
IDX__TXHDRCOINENA = DIS
IDX__TXHDRLSTRIGMODE = DIS
IDX__TXHDRMGTRIGMODE = 0
IDX__TXHDRLGTRIGMODE = 0
IDX__TXHDRHGTRIGMODE = 1
IDX__TXHDRSP05 = 0
IDX__TXHDRSP06 = 0
IDX__TXHDRSP07 = 2019
IDX__TXHDRSP08 = 0
IDX__TXHDRTOFMAX = 545790714
IDX__TXHDRTOFMIN = 535295474
IDX__TXHDRLS0MAXMIN = 9746067
IDX__TXHDRLS1MAXMIN = 8452073
IDX__TXHDRLS2MAXMIN = 8349665
IDX__TXHDRFIFODELAY = 18
IDX__TXHDRSAMPDELAY = 40934475
IDX__TXHDRTRANSCNT = 4
IDX__TXHDRPROCHKCH01 = 83690315
IDX__TXHDRPROCHKCH23 = 104006854
IDX__TXHDRPROCHKCH45 = 168363226
IDX__TXHDRPROCHKCH67 = 133695768
IDX__TXHDRHVPSHKCH01 = 131860073
IDX__TXHDRHVPSHKCH23 = 8849070
IDX__TXHDRHVPSHKCH45 = 153290714
IDX__TXHDRHVPSHKCH67 = 19991184
IDX__TXHDRLVHK0CH01 = 134219776
IDX__TXHDRLVHK0CH23 = 171838393
IDX__TXHDRLVHK0CH45 = 134745194
IDX__TXHDRLVHK0CH67 = 205589587
IDX__TXHDRLVHK1CH01 = 34866836
IDX__TXHDRLVHK1CH23 = 77727230
IDX__TXHDRLVHK1CH45 = 227542948
IDX__TXHDRLVHK1CH67 = 192872901
IDX__TXHDRLVHK2CH01 = 81528030
IDX__TXHDRLVHK2CH23 = 189926065
IDX__TXHDRLVHK2CH45 = 101059622
IDX__TXHDRLVHK2CH67 = 69016
IDX__TXHDRSP09 = 0
IDX__TXHDRSP10 = 0
IDX__TXHDRFSWAIDCOPY = 2415085345
IDX__TXHDRFSWBINCOPY = 0
IDX__TXHDRFSWMAJOR = 2
IDX__TXHDRFSWMINOR = 0
IDX__TXHDRFSWPATCH = 0
IDX__TXHDRFSWHVSTAT = 3
IDX__TXHDRFSWMEM0 = 0
IDX__TXHDRFSWMEM1 = 0
IDX__TXHDRFSWPT0 = 0
IDX__TXHDRFSWPT1 = 0
IDX__TXHDRFSWPT2 = 0
IDX__TXHDRFSWPT3 = 0
IDX__TXHDRFSWPT4 = 0
IDX__TXHDRFSWPT5 = 0
IDX__TXHDRFSWPT6 = 0
IDX__TXHDRFSWPT7 = 0
IDX__TXHDRFSWPT8 = 0
IDX__TXHDRFSWPT9 = 0
IDX__TXHDRFPGAVER = 539165480
IDX__SYNCSCI0PKT = 13107
IDX__CRCSCI0PKT = 19061
^*****Event header 27******^
EVTNUM: 27
SCI0TYPE: 1
TXHDRBLOCKS RAW: 243679
TXHDRBLOCKS DERIVED: 243679
-----
HS pre trig sampling blocks:  31
LS pre trig sampling blocks:  3
HS post trig sampling blocks:  31
LS post trig sampling blocks:  11
IDX__TXHDRHVPSHKCH01 = 131860073
Detector voltage =  1641
Sensor voltage =  2012
Target voltage =  1710
Reflectron voltage =  135
Rejection voltage =  2010
Current for HVPS sensor =  2339
Positive current for HVPS sensor =  2704
Negative current for HVPS sensor =  305
Voltage +3.3V reference =  2048
Voltage +3.3V operational reference =  2048
Voltage -6V bus =  3001
Voltage +6V bus =  2622
Voltage +16V bus =  3178
Voltage +3.3V bus =  2056
Voltage -5V bus =  3155
Voltage +5V bus =  3137
Current +3.3V bus =  1684
Current +16V bus =  1186
Current +6V bus =  1534
Current -6V bus =  1186
Current +5V bus =  1956
Current -5V bus =  3472
Current +2.5V bus =  453
Current -2.5V bus =  2943
Current on the 1V POL =  843
Current on the 1.9V POL =  1277
ProcBd Temperature 1 =  1222
ProcBd Temperature 2 =  1587
Voltage on 1V bus =  1242
FPGA Temperature =  2569
Voltage on 1.9V bus =  2328
Voltage on 3.3V bus =  2040
var_to_row = {'Last measurement in raw DN for Processor Board signal “1V POL Current”': 0, 'Last measurement in raw DN for Processor Board signal “1.9V POL Current”': 1, 'Last measurement in raw DN for Processor Board signal “ProcBd Temp1”': 2, nan: 48, 'Last measurement in raw DN for Processor Board signal “ProcBd Temp2”': 6, 'Last measurement in raw DN for Processor Board signal “1V Voltage”': 10, 'Last measurement in raw DN for Processor Board signal “FPGA Temp”': 11, 'Last measurement in raw DN for Processor Board signal “1.9V Voltage”': 12, 'Last measurement in raw DN for Processor Board signal “3.3V Voltage”': 13, 'Last measurement in raw DN for HVPS Board signal “Detector Voltage”': 14, 'Last measurement in raw DN for HVPS Board signal “Sensor Voltage"': 15, 'Last measurement in raw DN for HVPS Board signal “Target Voltage”': 16, 'Last measurement in raw DN for HVPS Board signal “Reflectron Voltage”': 17, 'Last measurement in raw DN for HVPS Board signal “Rejection Voltage”': 18, 'Last measurement in raw DN for HVPS Board signal “Detector Current”': 19, 'Last measurement in raw DN for HVPS Board signal “Sensor IP”': 20, 'Last measurement in raw DN for HVPS Board signal “Sensor IN”': 21, 'Last measurement in raw DN for LVPS Board signal “P3.3VREF_HK”': 22, 'Last measurement in raw DN for LVPS Board signal “P3.3VREF_OP”': 23, 'Last measurement in raw DN for LVPS Board signal “N6V”': 24, 'Last measurement in raw DN for LVPS Board signal “P6V”': 25, 'Last measurement in raw DN for LVPS Board signal “P16V”': 26, 'Last measurement in raw DN for LVPS Board signal “P3.3V”': 27, 'Last measurement in raw DN for LVPS Board signal “N5V”': 28, 'Last measurement in raw DN for LVPS Board signal “P5V”': 29, 'Last measurement in raw DN for LVPS Board signal “P3.3_IMON”': 30, 'Last measurement in raw DN for LVPS Board signal “P16V_IMON”': 31, 'Last measurement in raw DN for LVPS Board signal “P6V_IMON”': 32, 'Last measurement in raw DN for LVPS Board signal “N6V_IMON”': 33, 'Last measurement in raw DN for LVPS Board signal “P5V_IMON”': 34, 'Last measurement in raw DN for LVPS Board signal “N5V_IMON”': 35, 'Last measurement in raw DN for LVPS Board signal “P2.5V_IMON”': 36, 'Last measurement in raw DN for LVPS Board signal “N2.5V_IMON”': 37, 'Last measurement in raw DN for LVPS Board signal “THERM_DECON0”': 38, 'Last measurement in raw DN for LVPS Board signal “THERM_DECON1”': 39, 'Last measurement in raw DN for LVPS Board signal “THERM_DAB”': 40, 'Last measurement in raw DN for LVPS Board signal “THERM_LVPS”': 41, 'Last measurement in raw DN for LVPS Board signal “THERM_HVPS”': 45, 'Last measurement in raw DN for LVPS Board signal “P2.5V”': 49, 'Last measurement in raw DN for LVPS Board signal “N2.5V”': 50, 'Last measurement in raw DN for LVPS Board signal “Spare”': 51}

 
 ***** var_name being converted for each instrument setting ***** 
 

Matching row  18
coeffs for Last measurement in raw DN for Processor Board signal “1V POL Current”= [0.0 0.9029253 0.0 0.0 0.0 0.0 0.0 0.0]
var_name = Last measurement in raw DN for Processor Board signal “1V POL Current”
var_name = current_1V_pol
Header info = 843
Transformed value for current_1V_pol = 761.1660279
Matching row  18
coeffs for Last measurement in raw DN for Processor Board signal “1.9V POL Current”= [0.0 0.9029253 0.0 0.0 0.0 0.0 0.0 0.0]
var_name = Last measurement in raw DN for Processor Board signal “1.9V POL Current”
var_name = current_1.9V_pol
Header info = 1277
Transformed value for current_1.9V_pol = 1153.0356081
Matching row  18
coeffs for Last measurement in raw DN for Processor Board signal “ProcBd Temp1”= [162.8276 -0.2668687 0.0003323794 -2.43153e-07 9.034532e-11 -1.327735e-14
 0.0 0.0]
var_name = Last measurement in raw DN for Processor Board signal “ProcBd Temp1”
var_name = temperature_1
Header info = 1222
Transformed value for temperature_1 = 54.627846114375544
Matching row  18
coeffs for nan= [-104713.9 52.02446 -0.006463374 0.0 0.0 0.0 0.0 0.0]
var_name = nan
var_name = None
KeyError: (27, None) - Could not find entry for None, 48. Please check the Var_notes or variable mapping.
Matching row  18
coeffs for Last measurement in raw DN for Processor Board signal “ProcBd Temp2”= [162.8276 -0.2668687 0.0003323794 -2.43153e-07 9.034532e-11 -1.327735e-14
 0.0 0.0]
var_name = Last measurement in raw DN for Processor Board signal “ProcBd Temp2”
var_name = temperature_2
Header info = 1587
Transformed value for temperature_2 = 43.97160305004914
Matching row  18
coeffs for Last measurement in raw DN for Processor Board signal “1V Voltage”= [0.0 0.000805861 0.0 0.0 0.0 0.0 0.0 0.0]
var_name = Last measurement in raw DN for Processor Board signal “1V Voltage”
var_name = voltage_1V_bus
Header info = 1242
Transformed value for voltage_1V_bus = 1.0008793619999998
Matching row  18
coeffs for Last measurement in raw DN for Processor Board signal “FPGA Temp”= [358.31 -0.1187104 0.0 0.0 0.0 0.0 0.0 0.0]
var_name = Last measurement in raw DN for Processor Board signal “FPGA Temp”
var_name = fpga_temperature
Header info = 2569
Transformed value for fpga_temperature = 53.34298240000004
Matching row  18
coeffs for Last measurement in raw DN for Processor Board signal “1.9V Voltage”= [0.0 0.000805861 0.0 0.0 0.0 0.0 0.0 0.0]
var_name = Last measurement in raw DN for Processor Board signal “1.9V Voltage”
var_name = voltage_1.9V_bus
Header info = 2328
Transformed value for voltage_1.9V_bus = 1.8760444079999998
Matching row  18
coeffs for Last measurement in raw DN for Processor Board signal “3.3V Voltage”= [0.0 0.001611722 0.0 0.0 0.0 0.0 0.0 0.0]
var_name = Last measurement in raw DN for Processor Board signal “3.3V Voltage”
var_name = voltage_3.3V_bus
Header info = 2040
Transformed value for voltage_3.3V_bus = 3.28791288
Matching row  18
coeffs for Last measurement in raw DN for HVPS Board signal “Detector Voltage”= [0.0 1.4652 0.0 0.0 0.0 0.0 0.0 0.0]
var_name = Last measurement in raw DN for HVPS Board signal “Detector Voltage”
var_name = detector_voltage
Header info = 1641
Transformed value for detector_voltage = 2404.3932
Matching row  18
coeffs for Last measurement in raw DN for HVPS Board signal “Sensor Voltage"= [0.0 1.4652 0.0 0.0 0.0 0.0 0.0 0.0]
var_name = Last measurement in raw DN for HVPS Board signal “Sensor Voltage"
var_name = sensor_voltage
Header info = 2012
Transformed value for sensor_voltage = 2947.9824000000003
Matching row  18
coeffs for Last measurement in raw DN for HVPS Board signal “Target Voltage”= [0.0 1.4652 0.0 0.0 0.0 0.0 0.0 0.0]
var_name = Last measurement in raw DN for HVPS Board signal “Target Voltage”
var_name = target_voltage
Header info = 1710
Transformed value for target_voltage = 2505.492
Matching row  18
coeffs for Last measurement in raw DN for HVPS Board signal “Reflectron Voltage”= [0.0 1.4652 0.0 0.0 0.0 0.0 0.0 0.0]
var_name = Last measurement in raw DN for HVPS Board signal “Reflectron Voltage”
var_name = reflectron_voltage
Header info = 135
Transformed value for reflectron_voltage = 197.80200000000002
Matching row  18
coeffs for Last measurement in raw DN for HVPS Board signal “Rejection Voltage”= [0.0 1.4652 0.0 0.0 0.0 0.0 0.0 0.0]
var_name = Last measurement in raw DN for HVPS Board signal “Rejection Voltage”
var_name = rejection_voltage
Header info = 2010
Transformed value for rejection_voltage = 2945.052
Matching row  18
coeffs for Last measurement in raw DN for HVPS Board signal “Detector Current”= [0.0 7.326e-06 0.0 0.0 0.0 0.0 0.0 0.0]
var_name = Last measurement in raw DN for HVPS Board signal “Detector Current”
var_name = current_hvps_sensor
Header info = 2339
Transformed value for current_hvps_sensor = 0.017135514
Matching row  18
coeffs for Last measurement in raw DN for HVPS Board signal “Sensor IP”= [0.0 2.4339e-05 0.0 0.0 0.0 0.0 0.0 0.0]
var_name = Last measurement in raw DN for HVPS Board signal “Sensor IP”
var_name = positive_current_hvps
Header info = 2704
Transformed value for positive_current_hvps = 0.065812656
Matching row  18
coeffs for Last measurement in raw DN for HVPS Board signal “Sensor IN”= [0.0 2.4339e-05 0.0 0.0 0.0 0.0 0.0 0.0]
var_name = Last measurement in raw DN for HVPS Board signal “Sensor IN”
var_name = negative_current_hvps
Header info = 305
Transformed value for negative_current_hvps = 0.007423394999999999
Matching row  18
coeffs for Last measurement in raw DN for LVPS Board signal “P3.3VREF_HK”= [0.0 0.00161172 0.0 0.0 0.0 0.0 0.0 0.0]
var_name = Last measurement in raw DN for LVPS Board signal “P3.3VREF_HK”
var_name = voltage_3V3_ref
Header info = 2048
Transformed value for voltage_3V3_ref = 3.30080256
Matching row  18
coeffs for Last measurement in raw DN for LVPS Board signal “P3.3VREF_OP”= [0.0 0.00161172 0.0 0.0 0.0 0.0 0.0 0.0]
var_name = Last measurement in raw DN for LVPS Board signal “P3.3VREF_OP”
var_name = voltage_3V3_op_ref
Header info = 2048
Transformed value for voltage_3V3_op_ref = 3.30080256
Matching row  18
coeffs for Last measurement in raw DN for LVPS Board signal “N6V”= [-33.0 0.00886447 0.0 0.0 0.0 0.0 0.0 0.0]
var_name = Last measurement in raw DN for LVPS Board signal “N6V”
var_name = voltage_neg6V_bus
Header info = 3001
Transformed value for voltage_neg6V_bus = -6.397725530000002
Matching row  18
coeffs for Last measurement in raw DN for LVPS Board signal “P6V”= [0.0 0.00241758 0.0 0.0 0.0 0.0 0.0 0.0]
var_name = Last measurement in raw DN for LVPS Board signal “P6V”
var_name = voltage_pos6V_bus
Header info = 2622
Transformed value for voltage_pos6V_bus = 6.33889476
Matching row  18
coeffs for Last measurement in raw DN for LVPS Board signal “P16V”= [0.0 0.00482711 0.0 0.0 0.0 0.0 0.0 0.0]
var_name = Last measurement in raw DN for LVPS Board signal “P16V”
var_name = voltage_pos16V_bus
Header info = 3178
Transformed value for voltage_pos16V_bus = 15.34055558
Matching row  18
coeffs for Last measurement in raw DN for LVPS Board signal “P3.3V”= [0.0 0.00161172 0.0 0.0 0.0 0.0 0.0 0.0]
var_name = Last measurement in raw DN for LVPS Board signal “P3.3V”
var_name = voltage_pos3V3_bus
Header info = 2056
Transformed value for voltage_pos3V3_bus = 3.31369632
Matching row  18
coeffs for Last measurement in raw DN for LVPS Board signal “N5V”= [-33.0 0.00886447 0.0 0.0 0.0 0.0 0.0 0.0]
var_name = Last measurement in raw DN for LVPS Board signal “N5V”
var_name = voltage_neg5V_bus
Header info = 3155
Transformed value for voltage_neg5V_bus = -5.032597150000001
Matching row  18
coeffs for Last measurement in raw DN for LVPS Board signal “P5V”= [0.0 0.00161172 0.0 0.0 0.0 0.0 0.0 0.0]
var_name = Last measurement in raw DN for LVPS Board signal “P5V”
var_name = voltage_pos5V_bus
Header info = 3137
Transformed value for voltage_pos5V_bus = 5.05596564
Matching row  18
coeffs for Last measurement in raw DN for LVPS Board signal “P3.3_IMON”= [0.0 0.00161172 0.0 0.0 0.0 0.0 0.0 0.0]
var_name = Last measurement in raw DN for LVPS Board signal “P3.3_IMON”
var_name = current_3V3_bus
Header info = 1684
Transformed value for current_3V3_bus = 2.71413648
Matching row  18
coeffs for Last measurement in raw DN for LVPS Board signal “P16V_IMON”= [0.0 0.000161172 0.0 0.0 0.0 0.0 0.0 0.0]
var_name = Last measurement in raw DN for LVPS Board signal “P16V_IMON”
var_name = current_16V_bus
Header info = 1186
Transformed value for current_16V_bus = 0.19114999200000002
Matching row  18
coeffs for Last measurement in raw DN for LVPS Board signal “P6V_IMON”= [0.0 8.05861e-05 0.0 0.0 0.0 0.0 0.0 0.0]
var_name = Last measurement in raw DN for LVPS Board signal “P6V_IMON”
var_name = current_6V_bus
Header info = 1534
Transformed value for current_6V_bus = 0.1236190774
Matching row  18
coeffs for Last measurement in raw DN for LVPS Board signal “N6V_IMON”= [0.0 -8.05861e-05 0.0 0.0 0.0 0.0 0.0 0.0]
var_name = Last measurement in raw DN for LVPS Board signal “N6V_IMON”
var_name = current_neg6V_bus
Header info = 1186
Transformed value for current_neg6V_bus = -0.0955751146
Matching row  18
coeffs for Last measurement in raw DN for LVPS Board signal “P5V_IMON”= [0.0 4.029304e-05 0.0 0.0 0.0 0.0 0.0 0.0]
var_name = Last measurement in raw DN for LVPS Board signal “P5V_IMON”
var_name = current_5V_bus
Header info = 1956
Transformed value for current_5V_bus = 0.07881318624
Matching row  18
coeffs for Last measurement in raw DN for LVPS Board signal “N5V_IMON”= [0.0 -2.01465e-05 0.0 0.0 0.0 0.0 0.0 0.0]
var_name = Last measurement in raw DN for LVPS Board signal “N5V_IMON”
var_name = current_neg5V_bus
Header info = 3472
Transformed value for current_neg5V_bus = -0.069948648
Matching row  18
coeffs for Last measurement in raw DN for LVPS Board signal “P2.5V_IMON”= [0.0 0.00161172 0.0 0.0 0.0 0.0 0.0 0.0]
var_name = Last measurement in raw DN for LVPS Board signal “P2.5V_IMON”
var_name = current_2V5_bus
Header info = 453
Transformed value for current_2V5_bus = 0.73010916
Matching row  18
coeffs for Last measurement in raw DN for LVPS Board signal “N2.5V_IMON”= [0.0 -4.0293e-05 0.0 0.0 0.0 0.0 0.0 0.0]
var_name = Last measurement in raw DN for LVPS Board signal “N2.5V_IMON”
var_name = current_neg2V5_bus
Header info = 2943
Transformed value for current_neg2V5_bus = -0.118582299
Matching row  18
coeffs for Last measurement in raw DN for LVPS Board signal “THERM_DECON0”= [-110.293 0.0665351 0.000305738 -6.32048e-07 5.9934e-10 -2.98784e-13
 7.61361e-17 -7.76467e-21]
var_name = Last measurement in raw DN for LVPS Board signal “THERM_DECON0”
var_name = None
KeyError: (27, None) - Could not find entry for None, 38. Please check the Var_notes or variable mapping.
Matching row  18
coeffs for Last measurement in raw DN for LVPS Board signal “THERM_DECON1”= [-150.478 0.376986 -0.00062072 7.73853e-07 -5.81588e-10 2.56368e-13
 -6.05698e-17 5.96635e-21]
var_name = Last measurement in raw DN for LVPS Board signal “THERM_DECON1”
var_name = None
KeyError: (27, None) - Could not find entry for None, 39. Please check the Var_notes or variable mapping.
Matching row  18
coeffs for Last measurement in raw DN for LVPS Board signal “THERM_DAB”= [-443.248 1.31224 -0.00180422 1.40016e-06 -6.43766e-10 1.7448e-13
 -2.57695e-17 1.60239e-21]
var_name = Last measurement in raw DN for LVPS Board signal “THERM_DAB”
var_name = None
KeyError: (27, None) - Could not find entry for None, 40. Please check the Var_notes or variable mapping.
Matching row  18
coeffs for Last measurement in raw DN for LVPS Board signal “THERM_LVPS”= [200.4137 -0.2020699 0.000175403 -9.739547e-08 2.888932e-11 -3.545603e-15
 0.0 0.0]
var_name = Last measurement in raw DN for LVPS Board signal “THERM_LVPS”
var_name = None
KeyError: (27, None) - Could not find entry for None, 41. Please check the Var_notes or variable mapping.
Matching row  18
coeffs for Last measurement in raw DN for LVPS Board signal “THERM_HVPS”= [200.4137 -0.2020699 0.000175403 -9.739547e-08 2.888932e-11 -3.545603e-15
 0.0 0.0]
var_name = Last measurement in raw DN for LVPS Board signal “THERM_HVPS”
var_name = None
KeyError: (27, None) - Could not find entry for None, 45. Please check the Var_notes or variable mapping.
Matching row  18
coeffs for Last measurement in raw DN for LVPS Board signal “P2.5V”= [0.0 0.00161172 0.0 0.0 0.0 0.0 0.0 0.0]
var_name = Last measurement in raw DN for LVPS Board signal “P2.5V”
var_name = None
KeyError: (27, None) - Could not find entry for None, 49. Please check the Var_notes or variable mapping.
Matching row  18
coeffs for Last measurement in raw DN for LVPS Board signal “N2.5V”= [-33.0 0.00886447 0.0 0.0 0.0 0.0 0.0 0.0]
var_name = Last measurement in raw DN for LVPS Board signal “N2.5V”
var_name = None
KeyError: (27, None) - Could not find entry for None, 50. Please check the Var_notes or variable mapping.
Matching row  18
coeffs for Last measurement in raw DN for LVPS Board signal “Spare”= [0.0 0.00161172 0.0 0.0 0.0 0.0 0.0 0.0]
var_name = Last measurement in raw DN for LVPS Board signal “Spare”
var_name = spare_signal
KeyError: (27, 'spare_signal') - Could not find entry for spare_signal, 51. Please check the Var_notes or variable mapping.
High gain delay = 75 samples.
Mid gain delay = 39 samples.
Low gain delay = 39 samples.
High sampling trigger mode =  0 0 1
High gain trigger mode enabled.
For 2264924160, HG Trigger level = 0.15605999999999998, sample settings = 0, 0
Threshold trigger mode enabled for high gain channel.
AID = 2415085345
Event number = 127
Rice compression enabled = False
Timestamp = 440201391.77216 seconds since epoch (Midnight January 1st, 2010)
Trigger time = 2023-12-13T22:09:51.772160Z
27
27
27
27
27
27
27
27
27
27
27
27
Progress: [====================]100% [Elapsed: 0:00:01.738870, 493 pkts/s]
Parsing waveform for scitype=2
8189
Parsing waveform for scitype=4
8189
Parsing waveform for scitype=8
8189
Parsing waveform for scitype=16
512
Parsing waveform for scitype=32
512
Parsing waveform for scitype=64
512
Parsing waveform for scitype=2
8189
Parsing waveform for scitype=4
8189
Parsing waveform for scitype=8
8189
Parsing waveform for scitype=16
512
Parsing waveform for scitype=32
512
Parsing waveform for scitype=64
512
Parsing waveform for scitype=2
8189
Parsing waveform for scitype=4
8189
Parsing waveform for scitype=8
8189
Parsing waveform for scitype=16
512
Parsing waveform for scitype=32
512
Parsing waveform for scitype=64
512
Parsing waveform for scitype=2
8189
Parsing waveform for scitype=4
8189
Parsing waveform for scitype=8
8189
Parsing waveform for scitype=16
512
Parsing waveform for scitype=32
512
Parsing waveform for scitype=64
512
Parsing waveform for scitype=2
8189
Parsing waveform for scitype=4
8189
Parsing waveform for scitype=8
8189
Parsing waveform for scitype=16
512
Parsing waveform for scitype=32
512
Parsing waveform for scitype=64
512
Parsing waveform for scitype=2
8189
Parsing waveform for scitype=4
8189
Parsing waveform for scitype=8
8189
Parsing waveform for scitype=16
512
Parsing waveform for scitype=32
512
Parsing waveform for scitype=64
512
Parsing waveform for scitype=2
8189
Parsing waveform for scitype=4
8189
Parsing waveform for scitype=8
8189
Parsing waveform for scitype=16
512
Parsing waveform for scitype=32
512
Parsing waveform for scitype=64
512
Parsing waveform for scitype=2
8189
Parsing waveform for scitype=4
8189
Parsing waveform for scitype=8
8189
Parsing waveform for scitype=16
512
Parsing waveform for scitype=32
512
Parsing waveform for scitype=64
512
Parsing waveform for scitype=2
8189
Parsing waveform for scitype=4
8189
Parsing waveform for scitype=8
8189
Parsing waveform for scitype=16
512
Parsing waveform for scitype=32
512
Parsing waveform for scitype=64
512
Parsing waveform for scitype=2
8189
Parsing waveform for scitype=4
8189
Parsing waveform for scitype=8
8189
Parsing waveform for scitype=16
512
Parsing waveform for scitype=32
512
Parsing waveform for scitype=64
512
Parsing waveform for scitype=2
8189
Parsing waveform for scitype=4
8189
Parsing waveform for scitype=8
8189
Parsing waveform for scitype=16
512
Parsing waveform for scitype=32
512
Parsing waveform for scitype=64
512
Parsing waveform for scitype=2
8189
Parsing waveform for scitype=4
8189
Parsing waveform for scitype=8
8189
Parsing waveform for scitype=16
512
Parsing waveform for scitype=32
512
Parsing waveform for scitype=64
512
Parsing waveform for scitype=2
8189
Parsing waveform for scitype=4
8189
Parsing waveform for scitype=8
8189
Parsing waveform for scitype=16
512
Parsing waveform for scitype=32
512
Parsing waveform for scitype=64
512
Parsing waveform for scitype=2
8189
Parsing waveform for scitype=4
8189
Parsing waveform for scitype=8
8189
Parsing waveform for scitype=16
512
Parsing waveform for scitype=32
512
Parsing waveform for scitype=64
512
Parsing waveform for scitype=2
8189
Parsing waveform for scitype=4
8189
Parsing waveform for scitype=8
8189
Parsing waveform for scitype=16
512
Parsing waveform for scitype=32
512
Parsing waveform for scitype=64
512
Parsing waveform for scitype=2
8189
Parsing waveform for scitype=4
8189
Parsing waveform for scitype=8
8189
Parsing waveform for scitype=16
512
Parsing waveform for scitype=32
512
Parsing waveform for scitype=64
512
Parsing waveform for scitype=2
8189
Parsing waveform for scitype=4
8189
Parsing waveform for scitype=8
8189
Parsing waveform for scitype=16
512
Parsing waveform for scitype=32
512
Parsing waveform for scitype=64
512
Parsing waveform for scitype=2
8189
Parsing waveform for scitype=4
8189
Parsing waveform for scitype=8
8189
Parsing waveform for scitype=16
512
Parsing waveform for scitype=32
512
Parsing waveform for scitype=64
512
Parsing waveform for scitype=2
8189
Parsing waveform for scitype=4
8189
Parsing waveform for scitype=8
8189
Parsing waveform for scitype=16
512
Parsing waveform for scitype=32
512
Parsing waveform for scitype=64
512
Parsing waveform for scitype=2
8189
Parsing waveform for scitype=4
8189
Parsing waveform for scitype=8
8189
Parsing waveform for scitype=16
512
Parsing waveform for scitype=32
512
Parsing waveform for scitype=64
512
Parsing waveform for scitype=2
8189
Parsing waveform for scitype=4
8189
Parsing waveform for scitype=8
8189
Parsing waveform for scitype=16
512
Parsing waveform for scitype=32
512
Parsing waveform for scitype=64
512
Parsing waveform for scitype=2
8189
Parsing waveform for scitype=4
8189
Parsing waveform for scitype=8
8189
Parsing waveform for scitype=16
512
Parsing waveform for scitype=32
512
Parsing waveform for scitype=64
512
Parsing waveform for scitype=2
8189
Parsing waveform for scitype=4
8189
Parsing waveform for scitype=8
8189
Parsing waveform for scitype=16
512
Parsing waveform for scitype=32
512
Parsing waveform for scitype=64
512
Parsing waveform for scitype=2
8189
Parsing waveform for scitype=4
8189
Parsing waveform for scitype=8
8189
Parsing waveform for scitype=16
512
Parsing waveform for scitype=32
512
Parsing waveform for scitype=64
512
Parsing waveform for scitype=2
8189
Parsing waveform for scitype=4
8189
Parsing waveform for scitype=8
8189
Parsing waveform for scitype=16
512
Parsing waveform for scitype=32
512
Parsing waveform for scitype=64
512
Parsing waveform for scitype=2
8189
Parsing waveform for scitype=4
8189
Parsing waveform for scitype=8
8189
Parsing waveform for scitype=16
512
Parsing waveform for scitype=32
512
Parsing waveform for scitype=64
512
Parsing waveform for scitype=2
8189
Parsing waveform for scitype=4
8189
Parsing waveform for scitype=8
8189
Parsing waveform for scitype=16
512
Parsing waveform for scitype=32
512
Parsing waveform for scitype=64
512
Auto-assigned 2 mass line(s) with 1 detected peaks
Auto-assigned 5 mass line(s) with 1 detected peaks
Auto-assigned 14 mass line(s) with 40 detected peaks
Auto-assigned 9 mass line(s) with 9 detected peaks
Auto-assigned 15 mass line(s) with 50 detected peaks
Auto-assigned 9 mass line(s) with 10 detected peaks
Auto-assigned 9 mass line(s) with 3 detected peaks
Auto-assigned 9 mass line(s) with 7 detected peaks
Auto-assigned 6 mass line(s) with 8 detected peaks
Auto-assigned 15 mass line(s) with 35 detected peaks
Auto-assigned 9 mass line(s) with 8 detected peaks
Auto-assigned 14 mass line(s) with 17 detected peaks
Auto-assigned 13 mass line(s) with 41 detected peaks
Auto-assigned 11 mass line(s) with 8 detected peaks
Auto-assigned 15 mass line(s) with 31 detected peaks
Auto-assigned 12 mass line(s) with 30 detected peaks
Auto-assigned 8 mass line(s) with 8 detected peaks
Auto-assigned 12 mass line(s) with 30 detected peaks
Auto-assigned 8 mass line(s) with 10 detected peaks
Auto-assigned 3 mass line(s) with 4 detected peaks
Auto-assigned 10 mass line(s) with 8 detected peaks
Auto-assigned 13 mass line(s) with 39 detected peaks
Auto-assigned 9 mass line(s) with 10 detected peaks
Auto-assigned 15 mass line(s) with 40 detected peaks
Auto-assigned 11 mass line(s) with 13 detected peaks
Auto-assigned 3 mass line(s) with 1 detected peaks
Auto-assigned 12 mass line(s) with 13 detected peaks
No accelerator match found for event 1
No accelerator match found for event 2
No accelerator match found for event 3
No accelerator match found for event 4
No accelerator match found for event 5
No accelerator match found for event 6
No accelerator match found for event 7
No accelerator match found for event 8
No accelerator match found for event 9
No accelerator match found for event 10
No accelerator match found for event 11
No accelerator match found for event 12
No accelerator match found for event 13
No accelerator match found for event 14
No accelerator match found for event 15
No accelerator match found for event 16
No accelerator match found for event 17
No accelerator match found for event 18
No accelerator match found for event 19
No accelerator match found for event 20
No accelerator match found for event 21
No accelerator match found for event 22
No accelerator match found for event 23
No accelerator match found for event 24
No accelerator match found for event 25
No accelerator match found for event 26
No accelerator match found for event 27
