$ /opt/anaconda3/envs/idex/bin/python -m spectrumpy_flight.idex_packet -f /Users/etay8828/Dropbox/IDEX Pipeline/3_Codes/3_SpectrumPY/4_Flight/src/spectrumpy_flight/Data/Calibration/120623_Cold_Testing_raw_data/ois_output_12062023_202827
Reading in data file /Users/etay8828/Dropbox/IDEX Pipeline/3_Codes/3_SpectrumPY/4_Flight/src/spectrumpy_flight/Data/Calibration/120623_Cold_Testing_raw_data/ois_output_12062023_202827
Data import completed, writing packet structures.
Packet structures written.
0
{'SHCOARSE': ParsedDataItem(SHCOARSE, raw=439590155, derived=439590155, unit=dn), 'SHFINE': ParsedDataItem(SHFINE, raw=11102, derived=11102, unit=dn), 'IDX__SCI0AID': ParsedDataItem(IDX__SCI0AID, raw=2415277394, derived=2415277394, unit=None), 'IDX__SCI0TYPE': ParsedDataItem(IDX__SCI0TYPE, raw=1, derived=1, unit=None), 'IDX__SCI0CONT': ParsedDataItem(IDX__SCI0CONT, raw=127, derived=127, unit=None), 'IDX__SCI0SPARE1': ParsedDataItem(IDX__SCI0SPARE1, raw=0, derived=0, unit=None), 'IDX__SCI0PACK': ParsedDataItem(IDX__SCI0PACK, raw=1, derived=EN, unit=None), 'IDX__SCI0FRAG': ParsedDataItem(IDX__SCI0FRAG, raw=0, derived=DS, unit=None), 'IDX__SCI0COMP': ParsedDataItem(IDX__SCI0COMP, raw=0, derived=DS, unit=None), 'IDX__SCI0EVTNUM': ParsedDataItem(IDX__SCI0EVTNUM, raw=2, derived=2, unit=None), 'IDX__SCI0CAT': ParsedDataItem(IDX__SCI0CAT, raw=32, derived=32, unit=None), 'IDX__SCI0QUAL': ParsedDataItem(IDX__SCI0QUAL, raw=5, derived=5, unit=None), 'IDX__SCI0FRAGOFF': ParsedDataItem(IDX__SCI0FRAGOFF, raw=0, derived=0, unit=None), 'IDX__SCI0VER': ParsedDataItem(IDX__SCI0VER, raw=9, derived=9, unit=None), 'IDX__SCI0TIME32': ParsedDataItem(IDX__SCI0TIME32, raw=439589699, derived=439589699, unit=None), 'IDX__SCI0SPARE2': ParsedDataItem(IDX__SCI0SPARE2, raw=0, derived=0, unit=None), 'IDX__SCI0SPARE3': ParsedDataItem(IDX__SCI0SPARE3, raw=0, derived=0, unit=None), 'IDX__SCI0SPARE4': ParsedDataItem(IDX__SCI0SPARE4, raw=0, derived=0, unit=None), 'IDX__TXHDRSCIEVTLEN': ParsedDataItem(IDX__TXHDRSCIEVTLEN, raw=8320, derived=8320, unit=None), 'IDX__TXHDRSP00': ParsedDataItem(IDX__TXHDRSP00, raw=0, derived=0, unit=None), 'IDX__TXHDRTIMESEC1': ParsedDataItem(IDX__TXHDRTIMESEC1, raw=6707, derived=6707, unit=None), 'IDX__TXHDRTIMESEC2': ParsedDataItem(IDX__TXHDRTIMESEC2, raw=39747, derived=39747, unit=None), 'IDX__TXHDRTIMESUBS': ParsedDataItem(IDX__TXHDRTIMESUBS, raw=7243, derived=7243, unit=None), 'IDX__TXHDRSP01': ParsedDataItem(IDX__TXHDRSP01, raw=0, derived=0, unit=None), 'IDX__TXHDRTRIGOFFSET': ParsedDataItem(IDX__TXHDRTRIGOFFSET, raw=6, derived=6, unit=None), 'IDX__TXHDRSP02': ParsedDataItem(IDX__TXHDRSP02, raw=0, derived=0, unit=None), 'IDX__TXHDRTRIGID': ParsedDataItem(IDX__TXHDRTRIGID, raw=1, derived=1, unit=None), 'IDX__TXHDREVTNUM': ParsedDataItem(IDX__TXHDREVTNUM, raw=2, derived=2, unit=None), 'IDX__TXHDRBLOCKS': ParsedDataItem(IDX__TXHDRBLOCKS, raw=243679, derived=243679, unit=None), 'IDX__TXHDRHGTRIGCTRL1': ParsedDataItem(IDX__TXHDRHGTRIGCTRL1, raw=2222981120, derived=2222981120, unit=None), 'IDX__TXHDRHGTRIGCTRL2': ParsedDataItem(IDX__TXHDRHGTRIGCTRL2, raw=0, derived=0, unit=None), 'IDX__TXHDRLGTRIGCTRL1': ParsedDataItem(IDX__TXHDRLGTRIGCTRL1, raw=4294965248, derived=4294965248, unit=None), 'IDX__TXHDRLGTRIGCTRL2': ParsedDataItem(IDX__TXHDRLGTRIGCTRL2, raw=4278255360, derived=4278255360, unit=None), 'IDX__TXHDRMGTRIGCTRL1': ParsedDataItem(IDX__TXHDRMGTRIGCTRL1, raw=4294965248, derived=4294965248, unit=None), 'IDX__TXHDRMGTRIGCTRL2': ParsedDataItem(IDX__TXHDRMGTRIGCTRL2, raw=4278255360, derived=4278255360, unit=None), 'IDX__TXHDRSP03': ParsedDataItem(IDX__TXHDRSP03, raw=0, derived=0, unit=None), 'IDX__TXHDRLSADC': ParsedDataItem(IDX__TXHDRLSADC, raw=555521, derived=555521, unit=None), 'IDX__TXHDRPOLSTAT': ParsedDataItem(IDX__TXHDRPOLSTAT, raw=1, derived=NEG, unit=None), 'IDX__TXHDRSP04': ParsedDataItem(IDX__TXHDRSP04, raw=0, derived=0, unit=None), 'IDX__TXHDRPOLCTRL': ParsedDataItem(IDX__TXHDRPOLCTRL, raw=0, derived=POS, unit=None), 'IDX__TXHDRCOINENA': ParsedDataItem(IDX__TXHDRCOINENA, raw=0, derived=DIS, unit=None), 'IDX__TXHDRLSTRIGMODE': ParsedDataItem(IDX__TXHDRLSTRIGMODE, raw=0, derived=DIS, unit=None), 'IDX__TXHDRMGTRIGMODE': ParsedDataItem(IDX__TXHDRMGTRIGMODE, raw=0, derived=0, unit=None), 'IDX__TXHDRLGTRIGMODE': ParsedDataItem(IDX__TXHDRLGTRIGMODE, raw=0, derived=0, unit=None), 'IDX__TXHDRHGTRIGMODE': ParsedDataItem(IDX__TXHDRHGTRIGMODE, raw=1, derived=1, unit=None), 'IDX__TXHDRSP05': ParsedDataItem(IDX__TXHDRSP05, raw=0, derived=0, unit=None), 'IDX__TXHDRSP06': ParsedDataItem(IDX__TXHDRSP06, raw=0, derived=0, unit=None), 'IDX__TXHDRSP07': ParsedDataItem(IDX__TXHDRSP07, raw=2022, derived=2022, unit=None), 'IDX__TXHDRSP08': ParsedDataItem(IDX__TXHDRSP08, raw=0, derived=0, unit=None), 'IDX__TXHDRTOFMAX': ParsedDataItem(IDX__TXHDRTOFMAX, raw=864579583, derived=864579583, unit=None), 'IDX__TXHDRTOFMIN': ParsedDataItem(IDX__TXHDRTOFMIN, raw=497532055, derived=497532055, unit=None), 'IDX__TXHDRLS0MAXMIN': ParsedDataItem(IDX__TXHDRLS0MAXMIN, raw=8464396, derived=8464396, unit=None), 'IDX__TXHDRLS1MAXMIN': ParsedDataItem(IDX__TXHDRLS1MAXMIN, raw=8538063, derived=8538063, unit=None), 'IDX__TXHDRLS2MAXMIN': ParsedDataItem(IDX__TXHDRLS2MAXMIN, raw=8308709, derived=8308709, unit=None), 'IDX__TXHDRFIFODELAY': ParsedDataItem(IDX__TXHDRFIFODELAY, raw=17, derived=17, unit=None), 'IDX__TXHDRSAMPDELAY': ParsedDataItem(IDX__TXHDRSAMPDELAY, raw=49331280, derived=49331280, unit=None), 'IDX__TXHDRTRANSCNT': ParsedDataItem(IDX__TXHDRTRANSCNT, raw=20, derived=20, unit=None), 'IDX__TXHDRPROCHKCH01': ParsedDataItem(IDX__TXHDRPROCHKCH01, raw=81527418, derived=81527418, unit=None), 'IDX__TXHDRPROCHKCH23': ParsedDataItem(IDX__TXHDRPROCHKCH23, raw=240323903, derived=240323903, unit=None), 'IDX__TXHDRPROCHKCH45': ParsedDataItem(IDX__TXHDRPROCHKCH45, raw=199099614, derived=199099614, unit=None), 'IDX__TXHDRPROCHKCH67': ParsedDataItem(IDX__TXHDRPROCHKCH67, raw=134088995, derived=134088995, unit=None), 'IDX__TXHDRHVPSHKCH01': ParsedDataItem(IDX__TXHDRHVPSHKCH01, raw=131663463, derived=131663463, unit=None), 'IDX__TXHDRHVPSHKCH23': ParsedDataItem(IDX__TXHDRHVPSHKCH23, raw=8849067, derived=8849067, unit=None), 'IDX__TXHDRHVPSHKCH45': ParsedDataItem(IDX__TXHDRHVPSHKCH45, raw=152897501, derived=152897501, unit=None), 'IDX__TXHDRHVPSHKCH67': ParsedDataItem(IDX__TXHDRHVPSHKCH67, raw=20056716, derived=20056716, unit=None), 'IDX__TXHDRLVHK0CH01': ParsedDataItem(IDX__TXHDRLVHK0CH01, raw=134219776, derived=134219776, unit=None), 'IDX__TXHDRLVHK0CH23': ParsedDataItem(IDX__TXHDRLVHK0CH23, raw=173018038, derived=173018038, unit=None), 'IDX__TXHDRLVHK0CH45': ParsedDataItem(IDX__TXHDRLVHK0CH45, raw=134941794, derived=134941794, unit=None), 'IDX__TXHDRLVHK0CH67': ParsedDataItem(IDX__TXHDRLVHK0CH67, raw=207096915, derived=207096915, unit=None), 'IDX__TXHDRLVHK1CH01': ParsedDataItem(IDX__TXHDRLVHK1CH01, raw=32114210, derived=32114210, unit=None), 'IDX__TXHDRLVHK1CH23': ParsedDataItem(IDX__TXHDRLVHK1CH23, raw=63571204, derived=63571204, unit=None), 'IDX__TXHDRLVHK1CH45': ParsedDataItem(IDX__TXHDRLVHK1CH45, raw=183502389, derived=183502389, unit=None), 'IDX__TXHDRLVHK1CH67': ParsedDataItem(IDX__TXHDRLVHK1CH67, raw=189268449, derived=189268449, unit=None), 'IDX__TXHDRLVHK2CH01': ParsedDataItem(IDX__TXHDRLVHK2CH01, raw=42730130, derived=42730130, unit=None), 'IDX__TXHDRLVHK2CH23': ParsedDataItem(IDX__TXHDRLVHK2CH23, raw=260047824, derived=260047824, unit=None), 'IDX__TXHDRLVHK2CH45': ParsedDataItem(IDX__TXHDRLVHK2CH45, raw=101257134, derived=101257134, unit=None), 'IDX__TXHDRLVHK2CH67': ParsedDataItem(IDX__TXHDRLVHK2CH67, raw=69022, derived=69022, unit=None), 'IDX__TXHDRSP09': ParsedDataItem(IDX__TXHDRSP09, raw=0, derived=0, unit=None), 'IDX__TXHDRSP10': ParsedDataItem(IDX__TXHDRSP10, raw=0, derived=0, unit=None), 'IDX__TXHDRFSWAIDCOPY': ParsedDataItem(IDX__TXHDRFSWAIDCOPY, raw=2415277394, derived=2415277394, unit=None), 'IDX__TXHDRFSWBINCOPY': ParsedDataItem(IDX__TXHDRFSWBINCOPY, raw=0, derived=0, unit=None), 'IDX__TXHDRFSWMAJOR': ParsedDataItem(IDX__TXHDRFSWMAJOR, raw=2, derived=2, unit=None), 'IDX__TXHDRFSWMINOR': ParsedDataItem(IDX__TXHDRFSWMINOR, raw=0, derived=0, unit=None), 'IDX__TXHDRFSWPATCH': ParsedDataItem(IDX__TXHDRFSWPATCH, raw=0, derived=0, unit=None), 'IDX__TXHDRFSWHVSTAT': ParsedDataItem(IDX__TXHDRFSWHVSTAT, raw=3, derived=3, unit=None), 'IDX__TXHDRFSWMEM0': ParsedDataItem(IDX__TXHDRFSWMEM0, raw=0, derived=0, unit=None), 'IDX__TXHDRFSWMEM1': ParsedDataItem(IDX__TXHDRFSWMEM1, raw=0, derived=0, unit=None), 'IDX__TXHDRFSWPT0': ParsedDataItem(IDX__TXHDRFSWPT0, raw=0, derived=0, unit=None), 'IDX__TXHDRFSWPT1': ParsedDataItem(IDX__TXHDRFSWPT1, raw=0, derived=0, unit=None), 'IDX__TXHDRFSWPT2': ParsedDataItem(IDX__TXHDRFSWPT2, raw=0, derived=0, unit=None), 'IDX__TXHDRFSWPT3': ParsedDataItem(IDX__TXHDRFSWPT3, raw=0, derived=0, unit=None), 'IDX__TXHDRFSWPT4': ParsedDataItem(IDX__TXHDRFSWPT4, raw=0, derived=0, unit=None), 'IDX__TXHDRFSWPT5': ParsedDataItem(IDX__TXHDRFSWPT5, raw=0, derived=0, unit=None), 'IDX__TXHDRFSWPT6': ParsedDataItem(IDX__TXHDRFSWPT6, raw=0, derived=0, unit=None), 'IDX__TXHDRFSWPT7': ParsedDataItem(IDX__TXHDRFSWPT7, raw=0, derived=0, unit=None), 'IDX__TXHDRFSWPT8': ParsedDataItem(IDX__TXHDRFSWPT8, raw=0, derived=0, unit=None), 'IDX__TXHDRFSWPT9': ParsedDataItem(IDX__TXHDRFSWPT9, raw=0, derived=0, unit=None), 'IDX__TXHDRFPGAVER': ParsedDataItem(IDX__TXHDRFPGAVER, raw=539165480, derived=539165480, unit=None), 'IDX__SYNCSCI0PKT': ParsedDataItem(IDX__SYNCSCI0PKT, raw=13107, derived=13107, unit=None), 'IDX__CRCSCI0PKT': ParsedDataItem(IDX__CRCSCI0PKT, raw=60368, derived=60368, unit=None)}
SHCOARSE = 439590155
SHFINE = 11102
IDX__SCI0AID = 2415277394
IDX__SCI0TYPE = 1
IDX__SCI0CONT = 127
IDX__SCI0SPARE1 = 0
IDX__SCI0PACK = EN
IDX__SCI0FRAG = DS
IDX__SCI0COMP = DS
IDX__SCI0EVTNUM = 2
IDX__SCI0CAT = 32
IDX__SCI0QUAL = 5
IDX__SCI0FRAGOFF = 0
IDX__SCI0VER = 9
IDX__SCI0TIME32 = 439589699
IDX__SCI0SPARE2 = 0
IDX__SCI0SPARE3 = 0
IDX__SCI0SPARE4 = 0
IDX__TXHDRSCIEVTLEN = 8320
IDX__TXHDRSP00 = 0
IDX__TXHDRTIMESEC1 = 6707
IDX__TXHDRTIMESEC2 = 39747
IDX__TXHDRTIMESUBS = 7243
IDX__TXHDRSP01 = 0
IDX__TXHDRTRIGOFFSET = 6
IDX__TXHDRSP02 = 0
IDX__TXHDRTRIGID = 1
IDX__TXHDREVTNUM = 2
IDX__TXHDRBLOCKS = 243679
IDX__TXHDRHGTRIGCTRL1 = 2222981120
IDX__TXHDRHGTRIGCTRL2 = 0
IDX__TXHDRLGTRIGCTRL1 = 4294965248
IDX__TXHDRLGTRIGCTRL2 = 4278255360
IDX__TXHDRMGTRIGCTRL1 = 4294965248
IDX__TXHDRMGTRIGCTRL2 = 4278255360
IDX__TXHDRSP03 = 0
IDX__TXHDRLSADC = 555521
IDX__TXHDRPOLSTAT = NEG
IDX__TXHDRSP04 = 0
IDX__TXHDRPOLCTRL = POS
IDX__TXHDRCOINENA = DIS
IDX__TXHDRLSTRIGMODE = DIS
IDX__TXHDRMGTRIGMODE = 0
IDX__TXHDRLGTRIGMODE = 0
IDX__TXHDRHGTRIGMODE = 1
IDX__TXHDRSP05 = 0
IDX__TXHDRSP06 = 0
IDX__TXHDRSP07 = 2022
IDX__TXHDRSP08 = 0
IDX__TXHDRTOFMAX = 864579583
IDX__TXHDRTOFMIN = 497532055
IDX__TXHDRLS0MAXMIN = 8464396
IDX__TXHDRLS1MAXMIN = 8538063
IDX__TXHDRLS2MAXMIN = 8308709
IDX__TXHDRFIFODELAY = 17
IDX__TXHDRSAMPDELAY = 49331280
IDX__TXHDRTRANSCNT = 20
IDX__TXHDRPROCHKCH01 = 81527418
IDX__TXHDRPROCHKCH23 = 240323903
IDX__TXHDRPROCHKCH45 = 199099614
IDX__TXHDRPROCHKCH67 = 134088995
IDX__TXHDRHVPSHKCH01 = 131663463
IDX__TXHDRHVPSHKCH23 = 8849067
IDX__TXHDRHVPSHKCH45 = 152897501
IDX__TXHDRHVPSHKCH67 = 20056716
IDX__TXHDRLVHK0CH01 = 134219776
IDX__TXHDRLVHK0CH23 = 173018038
IDX__TXHDRLVHK0CH45 = 134941794
IDX__TXHDRLVHK0CH67 = 207096915
IDX__TXHDRLVHK1CH01 = 32114210
IDX__TXHDRLVHK1CH23 = 63571204
IDX__TXHDRLVHK1CH45 = 183502389
IDX__TXHDRLVHK1CH67 = 189268449
IDX__TXHDRLVHK2CH01 = 42730130
IDX__TXHDRLVHK2CH23 = 260047824
IDX__TXHDRLVHK2CH45 = 101257134
IDX__TXHDRLVHK2CH67 = 69022
IDX__TXHDRSP09 = 0
IDX__TXHDRSP10 = 0
IDX__TXHDRFSWAIDCOPY = 2415277394
IDX__TXHDRFSWBINCOPY = 0
IDX__TXHDRFSWMAJOR = 2
IDX__TXHDRFSWMINOR = 0
IDX__TXHDRFSWPATCH = 0
IDX__TXHDRFSWHVSTAT = 3
IDX__TXHDRFSWMEM0 = 0
IDX__TXHDRFSWMEM1 = 0
IDX__TXHDRFSWPT0 = 0
IDX__TXHDRFSWPT1 = 0
IDX__TXHDRFSWPT2 = 0
IDX__TXHDRFSWPT3 = 0
IDX__TXHDRFSWPT4 = 0
IDX__TXHDRFSWPT5 = 0
IDX__TXHDRFSWPT6 = 0
IDX__TXHDRFSWPT7 = 0
IDX__TXHDRFSWPT8 = 0
IDX__TXHDRFSWPT9 = 0
IDX__TXHDRFPGAVER = 539165480
IDX__SYNCSCI0PKT = 13107
IDX__CRCSCI0PKT = 60368
^*****Event header 1******^
HS pre trig sampling blocks:  31
LS pre trig sampling blocks:  3
HS post trig sampling blocks:  31
LS post trig sampling blocks:  11
IDX__TXHDRHVPSHKCH01 = 131663463
Detector voltage =  1639
Sensor voltage =  2009
Target voltage =  1707
Reflectron voltage =  135
Rejection voltage =  2013
Current for HVPS sensor =  2333
Positive current for HVPS sensor =  2700
Negative current for HVPS sensor =  306
Voltage +3.3V reference =  2048
Voltage +3.3V operational reference =  2048
Voltage -6V bus =  2998
Voltage +6V bus =  2640
Voltage +16V bus =  3170
Voltage +3.3V bus =  2059
Voltage -5V bus =  3155
Voltage +5V bus =  3160
Current +3.3V bus =  1570
Current +16V bus =  970
Current +6V bus =  1284
Current -6V bus =  970
Current +5V bus =  1589
Current -5V bus =  2800
Current +2.5V bus =  481
Current -2.5V bus =  2888
Current on the 1V POL =  634
Current on the 1.9V POL =  1244
ProcBd Temperature 1 =  3391
ProcBd Temperature 2 =  3667
Voltage on 1V bus =  1246
FPGA Temperature =  3038
Voltage on 1.9V bus =  2339
Voltage on 3.3V bus =  2046
var_to_row = {'Last measurement in raw DN for Processor Board signal “1V POL Current”': 0, 'Last measurement in raw DN for Processor Board signal “1.9V POL Current”': 1, 'Last measurement in raw DN for Processor Board signal “ProcBd Temp1”': 2, nan: 48, 'Last measurement in raw DN for Processor Board signal “ProcBd Temp2”': 6, 'Last measurement in raw DN for Processor Board signal “1V Voltage”': 10, 'Last measurement in raw DN for Processor Board signal “FPGA Temp”': 11, 'Last measurement in raw DN for Processor Board signal “1.9V Voltage”': 12, 'Last measurement in raw DN for Processor Board signal “3.3V Voltage”': 13, 'Last measurement in raw DN for HVPS Board signal “Detector Voltage”': 14, 'Last measurement in raw DN for HVPS Board signal “Sensor Voltage"': 15, 'Last measurement in raw DN for HVPS Board signal “Target Voltage”': 16, 'Last measurement in raw DN for HVPS Board signal “Reflectron Voltage”': 17, 'Last measurement in raw DN for HVPS Board signal “Rejection Voltage”': 18, 'Last measurement in raw DN for HVPS Board signal “Detector Current”': 19, 'Last measurement in raw DN for HVPS Board signal “Sensor IP”': 20, 'Last measurement in raw DN for HVPS Board signal “Sensor IN”': 21, 'Last measurement in raw DN for LVPS Board signal “P3.3VREF_HK”': 22, 'Last measurement in raw DN for LVPS Board signal “P3.3VREF_OP”': 23, 'Last measurement in raw DN for LVPS Board signal “N6V”': 24, 'Last measurement in raw DN for LVPS Board signal “P6V”': 25, 'Last measurement in raw DN for LVPS Board signal “P16V”': 26, 'Last measurement in raw DN for LVPS Board signal “P3.3V”': 27, 'Last measurement in raw DN for LVPS Board signal “N5V”': 28, 'Last measurement in raw DN for LVPS Board signal “P5V”': 29, 'Last measurement in raw DN for LVPS Board signal “P3.3_IMON”': 30, 'Last measurement in raw DN for LVPS Board signal “P16V_IMON”': 31, 'Last measurement in raw DN for LVPS Board signal “P6V_IMON”': 32, 'Last measurement in raw DN for LVPS Board signal “N6V_IMON”': 33, 'Last measurement in raw DN for LVPS Board signal “P5V_IMON”': 34, 'Last measurement in raw DN for LVPS Board signal “N5V_IMON”': 35, 'Last measurement in raw DN for LVPS Board signal “P2.5V_IMON”': 36, 'Last measurement in raw DN for LVPS Board signal “N2.5V_IMON”': 37, 'Last measurement in raw DN for LVPS Board signal “THERM_DECON0”': 38, 'Last measurement in raw DN for LVPS Board signal “THERM_DECON1”': 39, 'Last measurement in raw DN for LVPS Board signal “THERM_DAB”': 40, 'Last measurement in raw DN for LVPS Board signal “THERM_LVPS”': 41, 'Last measurement in raw DN for LVPS Board signal “THERM_HVPS”': 45, 'Last measurement in raw DN for LVPS Board signal “P2.5V”': 49, 'Last measurement in raw DN for LVPS Board signal “N2.5V”': 50, 'Last measurement in raw DN for LVPS Board signal “Spare”': 51}

 
 ***** var_name being converted for each instrument setting ***** 
 

Matching row  18
coeffs for Last measurement in raw DN for Processor Board signal “1V POL Current”= [0.0 0.9029253 0.0 0.0 0.0 0.0 0.0 0.0]
var_name = Last measurement in raw DN for Processor Board signal “1V POL Current”
var_name = current_1V_pol
Header info = 634
Transformed value for current_1V_pol = 572.4546402
Matching row  18
coeffs for Last measurement in raw DN for Processor Board signal “1.9V POL Current”= [0.0 0.9029253 0.0 0.0 0.0 0.0 0.0 0.0]
var_name = Last measurement in raw DN for Processor Board signal “1.9V POL Current”
var_name = current_1.9V_pol
Header info = 1244
Transformed value for current_1.9V_pol = 1123.2390732000001
Matching row  18
coeffs for Last measurement in raw DN for Processor Board signal “ProcBd Temp1”= [162.8276 -0.2668687 0.0003323794 -2.43153e-07 9.034532e-11 -1.327735e-14
 0.0 0.0]
var_name = Last measurement in raw DN for Processor Board signal “ProcBd Temp1”
var_name = temperature_1
Header info = 3391
Transformed value for temperature_1 = -408.6811903905609
Matching row  18
coeffs for nan= [-104713.9 52.02446 -0.006463374 0.0 0.0 0.0 0.0 0.0]
var_name = nan
var_name = None
KeyError: (1, None) - Could not find entry for None, 48. Please check the Var_notes or variable mapping.
Matching row  18
coeffs for Last measurement in raw DN for Processor Board signal “ProcBd Temp2”= [162.8276 -0.2668687 0.0003323794 -2.43153e-07 9.034532e-11 -1.327735e-14
 0.0 0.0]
var_name = Last measurement in raw DN for Processor Board signal “ProcBd Temp2”
var_name = temperature_2
Header info = 3667
Transformed value for temperature_2 = -803.7027843446795
Matching row  18
coeffs for Last measurement in raw DN for Processor Board signal “1V Voltage”= [0.0 0.000805861 0.0 0.0 0.0 0.0 0.0 0.0]
var_name = Last measurement in raw DN for Processor Board signal “1V Voltage”
var_name = voltage_1V_bus
Header info = 1246
Transformed value for voltage_1V_bus = 1.004102806
Matching row  18
coeffs for Last measurement in raw DN for Processor Board signal “FPGA Temp”= [358.31 -0.1187104 0.0 0.0 0.0 0.0 0.0 0.0]
var_name = Last measurement in raw DN for Processor Board signal “FPGA Temp”
var_name = fpga_temperature
Header info = 3038
Transformed value for fpga_temperature = -2.332195200000001
Matching row  18
coeffs for Last measurement in raw DN for Processor Board signal “1.9V Voltage”= [0.0 0.000805861 0.0 0.0 0.0 0.0 0.0 0.0]
var_name = Last measurement in raw DN for Processor Board signal “1.9V Voltage”
var_name = voltage_1.9V_bus
Header info = 2339
Transformed value for voltage_1.9V_bus = 1.884908879
Matching row  18
coeffs for Last measurement in raw DN for Processor Board signal “3.3V Voltage”= [0.0 0.001611722 0.0 0.0 0.0 0.0 0.0 0.0]
var_name = Last measurement in raw DN for Processor Board signal “3.3V Voltage”
var_name = voltage_3.3V_bus
Header info = 2046
Transformed value for voltage_3.3V_bus = 3.2975832119999997
Matching row  18
coeffs for Last measurement in raw DN for HVPS Board signal “Detector Voltage”= [0.0 1.4652 0.0 0.0 0.0 0.0 0.0 0.0]
var_name = Last measurement in raw DN for HVPS Board signal “Detector Voltage”
var_name = detector_voltage
Header info = 1639
Transformed value for detector_voltage = 2401.4628000000002
Matching row  18
coeffs for Last measurement in raw DN for HVPS Board signal “Sensor Voltage"= [0.0 1.4652 0.0 0.0 0.0 0.0 0.0 0.0]
var_name = Last measurement in raw DN for HVPS Board signal “Sensor Voltage"
var_name = sensor_voltage
Header info = 2009
Transformed value for sensor_voltage = 2943.5868
Matching row  18
coeffs for Last measurement in raw DN for HVPS Board signal “Target Voltage”= [0.0 1.4652 0.0 0.0 0.0 0.0 0.0 0.0]
var_name = Last measurement in raw DN for HVPS Board signal “Target Voltage”
var_name = target_voltage
Header info = 1707
Transformed value for target_voltage = 2501.0964
Matching row  18
coeffs for Last measurement in raw DN for HVPS Board signal “Reflectron Voltage”= [0.0 1.4652 0.0 0.0 0.0 0.0 0.0 0.0]
var_name = Last measurement in raw DN for HVPS Board signal “Reflectron Voltage”
var_name = reflectron_voltage
Header info = 135
Transformed value for reflectron_voltage = 197.80200000000002
Matching row  18
coeffs for Last measurement in raw DN for HVPS Board signal “Rejection Voltage”= [0.0 1.4652 0.0 0.0 0.0 0.0 0.0 0.0]
var_name = Last measurement in raw DN for HVPS Board signal “Rejection Voltage”
var_name = rejection_voltage
Header info = 2013
Transformed value for rejection_voltage = 2949.4476
Matching row  18
coeffs for Last measurement in raw DN for HVPS Board signal “Detector Current”= [0.0 7.326e-06 0.0 0.0 0.0 0.0 0.0 0.0]
var_name = Last measurement in raw DN for HVPS Board signal “Detector Current”
var_name = current_hvps_sensor
Header info = 2333
Transformed value for current_hvps_sensor = 0.017091558
Matching row  18
coeffs for Last measurement in raw DN for HVPS Board signal “Sensor IP”= [0.0 2.4339e-05 0.0 0.0 0.0 0.0 0.0 0.0]
var_name = Last measurement in raw DN for HVPS Board signal “Sensor IP”
var_name = positive_current_hvps
Header info = 2700
Transformed value for positive_current_hvps = 0.06571529999999999
Matching row  18
coeffs for Last measurement in raw DN for HVPS Board signal “Sensor IN”= [0.0 2.4339e-05 0.0 0.0 0.0 0.0 0.0 0.0]
var_name = Last measurement in raw DN for HVPS Board signal “Sensor IN”
var_name = negative_current_hvps
Header info = 306
Transformed value for negative_current_hvps = 0.007447733999999999
Matching row  18
coeffs for Last measurement in raw DN for LVPS Board signal “P3.3VREF_HK”= [0.0 0.00161172 0.0 0.0 0.0 0.0 0.0 0.0]
var_name = Last measurement in raw DN for LVPS Board signal “P3.3VREF_HK”
var_name = voltage_3V3_ref
Header info = 2048
Transformed value for voltage_3V3_ref = 3.30080256
Matching row  18
coeffs for Last measurement in raw DN for LVPS Board signal “P3.3VREF_OP”= [0.0 0.00161172 0.0 0.0 0.0 0.0 0.0 0.0]
var_name = Last measurement in raw DN for LVPS Board signal “P3.3VREF_OP”
var_name = voltage_3V3_op_ref
Header info = 2048
Transformed value for voltage_3V3_op_ref = 3.30080256
Matching row  18
coeffs for Last measurement in raw DN for LVPS Board signal “N6V”= [-33.0 0.00886447 0.0 0.0 0.0 0.0 0.0 0.0]
var_name = Last measurement in raw DN for LVPS Board signal “N6V”
var_name = voltage_neg6V_bus
Header info = 2998
Transformed value for voltage_neg6V_bus = -6.424318940000003
Matching row  18
coeffs for Last measurement in raw DN for LVPS Board signal “P6V”= [0.0 0.00241758 0.0 0.0 0.0 0.0 0.0 0.0]
var_name = Last measurement in raw DN for LVPS Board signal “P6V”
var_name = voltage_pos6V_bus
Header info = 2640
Transformed value for voltage_pos6V_bus = 6.3824112
Matching row  18
coeffs for Last measurement in raw DN for LVPS Board signal “P16V”= [0.0 0.00482711 0.0 0.0 0.0 0.0 0.0 0.0]
var_name = Last measurement in raw DN for LVPS Board signal “P16V”
var_name = voltage_pos16V_bus
Header info = 3170
Transformed value for voltage_pos16V_bus = 15.3019387
Matching row  18
coeffs for Last measurement in raw DN for LVPS Board signal “P3.3V”= [0.0 0.00161172 0.0 0.0 0.0 0.0 0.0 0.0]
var_name = Last measurement in raw DN for LVPS Board signal “P3.3V”
var_name = voltage_pos3V3_bus
Header info = 2059
Transformed value for voltage_pos3V3_bus = 3.3185314800000003
Matching row  18
coeffs for Last measurement in raw DN for LVPS Board signal “N5V”= [-33.0 0.00886447 0.0 0.0 0.0 0.0 0.0 0.0]
var_name = Last measurement in raw DN for LVPS Board signal “N5V”
var_name = voltage_neg5V_bus
Header info = 3155
Transformed value for voltage_neg5V_bus = -5.032597150000001
Matching row  18
coeffs for Last measurement in raw DN for LVPS Board signal “P5V”= [0.0 0.00161172 0.0 0.0 0.0 0.0 0.0 0.0]
var_name = Last measurement in raw DN for LVPS Board signal “P5V”
var_name = voltage_pos5V_bus
Header info = 3160
Transformed value for voltage_pos5V_bus = 5.0930352
Matching row  18
coeffs for Last measurement in raw DN for LVPS Board signal “P3.3_IMON”= [0.0 0.00161172 0.0 0.0 0.0 0.0 0.0 0.0]
var_name = Last measurement in raw DN for LVPS Board signal “P3.3_IMON”
var_name = current_3V3_bus
Header info = 1570
Transformed value for current_3V3_bus = 2.5304004
Matching row  18
coeffs for Last measurement in raw DN for LVPS Board signal “P16V_IMON”= [0.0 0.000161172 0.0 0.0 0.0 0.0 0.0 0.0]
var_name = Last measurement in raw DN for LVPS Board signal “P16V_IMON”
var_name = current_16V_bus
Header info = 970
Transformed value for current_16V_bus = 0.15633684
Matching row  18
coeffs for Last measurement in raw DN for LVPS Board signal “P6V_IMON”= [0.0 8.05861e-05 0.0 0.0 0.0 0.0 0.0 0.0]
var_name = Last measurement in raw DN for LVPS Board signal “P6V_IMON”
var_name = current_6V_bus
Header info = 1284
Transformed value for current_6V_bus = 0.1034725524
Matching row  18
coeffs for Last measurement in raw DN for LVPS Board signal “N6V_IMON”= [0.0 -8.05861e-05 0.0 0.0 0.0 0.0 0.0 0.0]
var_name = Last measurement in raw DN for LVPS Board signal “N6V_IMON”
var_name = current_neg6V_bus
Header info = 970
Transformed value for current_neg6V_bus = -0.07816851699999999
Matching row  18
coeffs for Last measurement in raw DN for LVPS Board signal “P5V_IMON”= [0.0 4.029304e-05 0.0 0.0 0.0 0.0 0.0 0.0]
var_name = Last measurement in raw DN for LVPS Board signal “P5V_IMON”
var_name = current_5V_bus
Header info = 1589
Transformed value for current_5V_bus = 0.06402564056
Matching row  18
coeffs for Last measurement in raw DN for LVPS Board signal “N5V_IMON”= [0.0 -2.01465e-05 0.0 0.0 0.0 0.0 0.0 0.0]
var_name = Last measurement in raw DN for LVPS Board signal “N5V_IMON”
var_name = current_neg5V_bus
Header info = 2800
Transformed value for current_neg5V_bus = -0.0564102
Matching row  18
coeffs for Last measurement in raw DN for LVPS Board signal “P2.5V_IMON”= [0.0 0.00161172 0.0 0.0 0.0 0.0 0.0 0.0]
var_name = Last measurement in raw DN for LVPS Board signal “P2.5V_IMON”
var_name = current_2V5_bus
Header info = 481
Transformed value for current_2V5_bus = 0.77523732
Matching row  18
coeffs for Last measurement in raw DN for LVPS Board signal “N2.5V_IMON”= [0.0 -4.0293e-05 0.0 0.0 0.0 0.0 0.0 0.0]
var_name = Last measurement in raw DN for LVPS Board signal “N2.5V_IMON”
var_name = current_neg2V5_bus
Header info = 2888
Transformed value for current_neg2V5_bus = -0.11636618400000001
Matching row  18
coeffs for Last measurement in raw DN for LVPS Board signal “THERM_DECON0”= [-110.293 0.0665351 0.000305738 -6.32048e-07 5.9934e-10 -2.98784e-13
 7.61361e-17 -7.76467e-21]
var_name = Last measurement in raw DN for LVPS Board signal “THERM_DECON0”
var_name = None
KeyError: (1, None) - Could not find entry for None, 38. Please check the Var_notes or variable mapping.
Matching row  18
coeffs for Last measurement in raw DN for LVPS Board signal “THERM_DECON1”= [-150.478 0.376986 -0.00062072 7.73853e-07 -5.81588e-10 2.56368e-13
 -6.05698e-17 5.96635e-21]
var_name = Last measurement in raw DN for LVPS Board signal “THERM_DECON1”
var_name = None
KeyError: (1, None) - Could not find entry for None, 39. Please check the Var_notes or variable mapping.
Matching row  18
coeffs for Last measurement in raw DN for LVPS Board signal “THERM_DAB”= [-443.248 1.31224 -0.00180422 1.40016e-06 -6.43766e-10 1.7448e-13
 -2.57695e-17 1.60239e-21]
var_name = Last measurement in raw DN for LVPS Board signal “THERM_DAB”
var_name = None
KeyError: (1, None) - Could not find entry for None, 40. Please check the Var_notes or variable mapping.
Matching row  18
coeffs for Last measurement in raw DN for LVPS Board signal “THERM_LVPS”= [200.4137 -0.2020699 0.000175403 -9.739547e-08 2.888932e-11 -3.545603e-15
 0.0 0.0]
var_name = Last measurement in raw DN for LVPS Board signal “THERM_LVPS”
var_name = None
KeyError: (1, None) - Could not find entry for None, 41. Please check the Var_notes or variable mapping.
Matching row  18
coeffs for Last measurement in raw DN for LVPS Board signal “THERM_HVPS”= [200.4137 -0.2020699 0.000175403 -9.739547e-08 2.888932e-11 -3.545603e-15
 0.0 0.0]
var_name = Last measurement in raw DN for LVPS Board signal “THERM_HVPS”
var_name = None
KeyError: (1, None) - Could not find entry for None, 45. Please check the Var_notes or variable mapping.
Matching row  18
coeffs for Last measurement in raw DN for LVPS Board signal “P2.5V”= [0.0 0.00161172 0.0 0.0 0.0 0.0 0.0 0.0]
var_name = Last measurement in raw DN for LVPS Board signal “P2.5V”
var_name = None
KeyError: (1, None) - Could not find entry for None, 49. Please check the Var_notes or variable mapping.
Matching row  18
coeffs for Last measurement in raw DN for LVPS Board signal “N2.5V”= [-33.0 0.00886447 0.0 0.0 0.0 0.0 0.0 0.0]
var_name = Last measurement in raw DN for LVPS Board signal “N2.5V”
var_name = None
KeyError: (1, None) - Could not find entry for None, 50. Please check the Var_notes or variable mapping.
Matching row  18
coeffs for Last measurement in raw DN for LVPS Board signal “Spare”= [0.0 0.00161172 0.0 0.0 0.0 0.0 0.0 0.0]
var_name = Last measurement in raw DN for LVPS Board signal “Spare”
var_name = spare_signal
KeyError: (1, 'spare_signal') - Could not find entry for spare_signal, 51. Please check the Var_notes or variable mapping.
High gain delay = 47 samples.
Mid gain delay = 47 samples.
Low gain delay = 80 samples.
High sampling trigger mode =  0 0 1
High gain trigger mode enabled.
For 2222981120, HG Trigger level = 0.15317, sample settings = 0, 0
Threshold trigger mode enabled for high gain channel.
AID = 2415277394
Event number = 2
Rice compression enabled = False
Timestamp = 439569022.20602 seconds since epoch (Midnight January 1st, 2010)
Trigger time = 2023-12-06 14:30:22.206020+00:00
1
1
1
1
1
1
1
1
1
1
1
1
1
{'SHCOARSE': ParsedDataItem(SHCOARSE, raw=439590168, derived=439590168, unit=dn), 'SHFINE': ParsedDataItem(SHFINE, raw=11090, derived=11090, unit=dn), 'IDX__SCI0AID': ParsedDataItem(IDX__SCI0AID, raw=2415277394, derived=2415277394, unit=None), 'IDX__SCI0TYPE': ParsedDataItem(IDX__SCI0TYPE, raw=1, derived=1, unit=None), 'IDX__SCI0CONT': ParsedDataItem(IDX__SCI0CONT, raw=127, derived=127, unit=None), 'IDX__SCI0SPARE1': ParsedDataItem(IDX__SCI0SPARE1, raw=0, derived=0, unit=None), 'IDX__SCI0PACK': ParsedDataItem(IDX__SCI0PACK, raw=1, derived=EN, unit=None), 'IDX__SCI0FRAG': ParsedDataItem(IDX__SCI0FRAG, raw=0, derived=DS, unit=None), 'IDX__SCI0COMP': ParsedDataItem(IDX__SCI0COMP, raw=0, derived=DS, unit=None), 'IDX__SCI0EVTNUM': ParsedDataItem(IDX__SCI0EVTNUM, raw=3, derived=3, unit=None), 'IDX__SCI0CAT': ParsedDataItem(IDX__SCI0CAT, raw=32, derived=32, unit=None), 'IDX__SCI0QUAL': ParsedDataItem(IDX__SCI0QUAL, raw=5, derived=5, unit=None), 'IDX__SCI0FRAGOFF': ParsedDataItem(IDX__SCI0FRAGOFF, raw=0, derived=0, unit=None), 'IDX__SCI0VER': ParsedDataItem(IDX__SCI0VER, raw=9, derived=9, unit=None), 'IDX__SCI0TIME32': ParsedDataItem(IDX__SCI0TIME32, raw=439589712, derived=439589712, unit=None), 'IDX__SCI0SPARE2': ParsedDataItem(IDX__SCI0SPARE2, raw=0, derived=0, unit=None), 'IDX__SCI0SPARE3': ParsedDataItem(IDX__SCI0SPARE3, raw=0, derived=0, unit=None), 'IDX__SCI0SPARE4': ParsedDataItem(IDX__SCI0SPARE4, raw=0, derived=0, unit=None), 'IDX__TXHDRSCIEVTLEN': ParsedDataItem(IDX__TXHDRSCIEVTLEN, raw=8320, derived=8320, unit=None), 'IDX__TXHDRSP00': ParsedDataItem(IDX__TXHDRSP00, raw=0, derived=0, unit=None), 'IDX__TXHDRTIMESEC1': ParsedDataItem(IDX__TXHDRTIMESEC1, raw=6707, derived=6707, unit=None), 'IDX__TXHDRTIMESEC2': ParsedDataItem(IDX__TXHDRTIMESEC2, raw=39760, derived=39760, unit=None), 'IDX__TXHDRTIMESUBS': ParsedDataItem(IDX__TXHDRTIMESUBS, raw=17168, derived=17168, unit=None), 'IDX__TXHDRSP01': ParsedDataItem(IDX__TXHDRSP01, raw=0, derived=0, unit=None), 'IDX__TXHDRTRIGOFFSET': ParsedDataItem(IDX__TXHDRTRIGOFFSET, raw=1, derived=1, unit=None), 'IDX__TXHDRSP02': ParsedDataItem(IDX__TXHDRSP02, raw=0, derived=0, unit=None), 'IDX__TXHDRTRIGID': ParsedDataItem(IDX__TXHDRTRIGID, raw=1, derived=1, unit=None), 'IDX__TXHDREVTNUM': ParsedDataItem(IDX__TXHDREVTNUM, raw=3, derived=3, unit=None), 'IDX__TXHDRBLOCKS': ParsedDataItem(IDX__TXHDRBLOCKS, raw=243679, derived=243679, unit=None), 'IDX__TXHDRHGTRIGCTRL1': ParsedDataItem(IDX__TXHDRHGTRIGCTRL1, raw=2222981120, derived=2222981120, unit=None), 'IDX__TXHDRHGTRIGCTRL2': ParsedDataItem(IDX__TXHDRHGTRIGCTRL2, raw=0, derived=0, unit=None), 'IDX__TXHDRLGTRIGCTRL1': ParsedDataItem(IDX__TXHDRLGTRIGCTRL1, raw=4294965248, derived=4294965248, unit=None), 'IDX__TXHDRLGTRIGCTRL2': ParsedDataItem(IDX__TXHDRLGTRIGCTRL2, raw=4278255360, derived=4278255360, unit=None), 'IDX__TXHDRMGTRIGCTRL1': ParsedDataItem(IDX__TXHDRMGTRIGCTRL1, raw=4294965248, derived=4294965248, unit=None), 'IDX__TXHDRMGTRIGCTRL2': ParsedDataItem(IDX__TXHDRMGTRIGCTRL2, raw=4278255360, derived=4278255360, unit=None), 'IDX__TXHDRSP03': ParsedDataItem(IDX__TXHDRSP03, raw=0, derived=0, unit=None), 'IDX__TXHDRLSADC': ParsedDataItem(IDX__TXHDRLSADC, raw=555521, derived=555521, unit=None), 'IDX__TXHDRPOLSTAT': ParsedDataItem(IDX__TXHDRPOLSTAT, raw=1, derived=NEG, unit=None), 'IDX__TXHDRSP04': ParsedDataItem(IDX__TXHDRSP04, raw=0, derived=0, unit=None), 'IDX__TXHDRPOLCTRL': ParsedDataItem(IDX__TXHDRPOLCTRL, raw=0, derived=POS, unit=None), 'IDX__TXHDRCOINENA': ParsedDataItem(IDX__TXHDRCOINENA, raw=0, derived=DIS, unit=None), 'IDX__TXHDRLSTRIGMODE': ParsedDataItem(IDX__TXHDRLSTRIGMODE, raw=0, derived=DIS, unit=None), 'IDX__TXHDRMGTRIGMODE': ParsedDataItem(IDX__TXHDRMGTRIGMODE, raw=0, derived=0, unit=None), 'IDX__TXHDRLGTRIGMODE': ParsedDataItem(IDX__TXHDRLGTRIGMODE, raw=0, derived=0, unit=None), 'IDX__TXHDRHGTRIGMODE': ParsedDataItem(IDX__TXHDRHGTRIGMODE, raw=1, derived=1, unit=None), 'IDX__TXHDRSP05': ParsedDataItem(IDX__TXHDRSP05, raw=0, derived=0, unit=None), 'IDX__TXHDRSP06': ParsedDataItem(IDX__TXHDRSP06, raw=0, derived=0, unit=None), 'IDX__TXHDRSP07': ParsedDataItem(IDX__TXHDRSP07, raw=2022, derived=2022, unit=None), 'IDX__TXHDRSP08': ParsedDataItem(IDX__TXHDRSP08, raw=0, derived=0, unit=None), 'IDX__TXHDRTOFMAX': ParsedDataItem(IDX__TXHDRTOFMAX, raw=561520639, derived=561520639, unit=None), 'IDX__TXHDRTOFMIN': ParsedDataItem(IDX__TXHDRTOFMIN, raw=534246894, derived=534246894, unit=None), 'IDX__TXHDRLS0MAXMIN': ParsedDataItem(IDX__TXHDRLS0MAXMIN, raw=8464397, derived=8464397, unit=None), 'IDX__TXHDRLS1MAXMIN': ParsedDataItem(IDX__TXHDRLS1MAXMIN, raw=8484834, derived=8484834, unit=None), 'IDX__TXHDRLS2MAXMIN': ParsedDataItem(IDX__TXHDRLS2MAXMIN, raw=8308709, derived=8308709, unit=None), 'IDX__TXHDRFIFODELAY': ParsedDataItem(IDX__TXHDRFIFODELAY, raw=15, derived=15, unit=None), 'IDX__TXHDRSAMPDELAY': ParsedDataItem(IDX__TXHDRSAMPDELAY, raw=7347236, derived=7347236, unit=None), 'IDX__TXHDRTRANSCNT': ParsedDataItem(IDX__TXHDRTRANSCNT, raw=4, derived=4, unit=None), 'IDX__TXHDRPROCHKCH01': ParsedDataItem(IDX__TXHDRPROCHKCH01, raw=81527417, derived=81527417, unit=None), 'IDX__TXHDRPROCHKCH23': ParsedDataItem(IDX__TXHDRPROCHKCH23, raw=240258367, derived=240258367, unit=None), 'IDX__TXHDRPROCHKCH45': ParsedDataItem(IDX__TXHDRPROCHKCH45, raw=199034078, derived=199034078, unit=None), 'IDX__TXHDRPROCHKCH67': ParsedDataItem(IDX__TXHDRPROCHKCH67, raw=134088995, derived=134088995, unit=None), 'IDX__TXHDRHVPSHKCH01': ParsedDataItem(IDX__TXHDRHVPSHKCH01, raw=131663463, derived=131663463, unit=None), 'IDX__TXHDRHVPSHKCH23': ParsedDataItem(IDX__TXHDRHVPSHKCH23, raw=8849067, derived=8849067, unit=None), 'IDX__TXHDRHVPSHKCH45': ParsedDataItem(IDX__TXHDRHVPSHKCH45, raw=152897501, derived=152897501, unit=None), 'IDX__TXHDRHVPSHKCH67': ParsedDataItem(IDX__TXHDRHVPSHKCH67, raw=20056717, derived=20056717, unit=None), 'IDX__TXHDRLVHK0CH01': ParsedDataItem(IDX__TXHDRLVHK0CH01, raw=134219776, derived=134219776, unit=None), 'IDX__TXHDRLVHK0CH23': ParsedDataItem(IDX__TXHDRLVHK0CH23, raw=173018038, derived=173018038, unit=None), 'IDX__TXHDRLVHK0CH45': ParsedDataItem(IDX__TXHDRLVHK0CH45, raw=134941794, derived=134941794, unit=None), 'IDX__TXHDRLVHK0CH67': ParsedDataItem(IDX__TXHDRLVHK0CH67, raw=207096915, derived=207096915, unit=None), 'IDX__TXHDRLVHK1CH01': ParsedDataItem(IDX__TXHDRLVHK1CH01, raw=32114209, derived=32114209, unit=None), 'IDX__TXHDRLVHK1CH23': ParsedDataItem(IDX__TXHDRLVHK1CH23, raw=63571204, derived=63571204, unit=None), 'IDX__TXHDRLVHK1CH45': ParsedDataItem(IDX__TXHDRLVHK1CH45, raw=183502389, derived=183502389, unit=None), 'IDX__TXHDRLVHK1CH67': ParsedDataItem(IDX__TXHDRLVHK1CH67, raw=189202913, derived=189202913, unit=None), 'IDX__TXHDRLVHK2CH01': ParsedDataItem(IDX__TXHDRLVHK2CH01, raw=42730130, derived=42730130, unit=None), 'IDX__TXHDRLVHK2CH23': ParsedDataItem(IDX__TXHDRLVHK2CH23, raw=260047824, derived=260047824, unit=None), 'IDX__TXHDRLVHK2CH45': ParsedDataItem(IDX__TXHDRLVHK2CH45, raw=101257134, derived=101257134, unit=None), 'IDX__TXHDRLVHK2CH67': ParsedDataItem(IDX__TXHDRLVHK2CH67, raw=69022, derived=69022, unit=None), 'IDX__TXHDRSP09': ParsedDataItem(IDX__TXHDRSP09, raw=0, derived=0, unit=None), 'IDX__TXHDRSP10': ParsedDataItem(IDX__TXHDRSP10, raw=0, derived=0, unit=None), 'IDX__TXHDRFSWAIDCOPY': ParsedDataItem(IDX__TXHDRFSWAIDCOPY, raw=2415277394, derived=2415277394, unit=None), 'IDX__TXHDRFSWBINCOPY': ParsedDataItem(IDX__TXHDRFSWBINCOPY, raw=0, derived=0, unit=None), 'IDX__TXHDRFSWMAJOR': ParsedDataItem(IDX__TXHDRFSWMAJOR, raw=2, derived=2, unit=None), 'IDX__TXHDRFSWMINOR': ParsedDataItem(IDX__TXHDRFSWMINOR, raw=0, derived=0, unit=None), 'IDX__TXHDRFSWPATCH': ParsedDataItem(IDX__TXHDRFSWPATCH, raw=0, derived=0, unit=None), 'IDX__TXHDRFSWHVSTAT': ParsedDataItem(IDX__TXHDRFSWHVSTAT, raw=3, derived=3, unit=None), 'IDX__TXHDRFSWMEM0': ParsedDataItem(IDX__TXHDRFSWMEM0, raw=0, derived=0, unit=None), 'IDX__TXHDRFSWMEM1': ParsedDataItem(IDX__TXHDRFSWMEM1, raw=0, derived=0, unit=None), 'IDX__TXHDRFSWPT0': ParsedDataItem(IDX__TXHDRFSWPT0, raw=0, derived=0, unit=None), 'IDX__TXHDRFSWPT1': ParsedDataItem(IDX__TXHDRFSWPT1, raw=0, derived=0, unit=None), 'IDX__TXHDRFSWPT2': ParsedDataItem(IDX__TXHDRFSWPT2, raw=0, derived=0, unit=None), 'IDX__TXHDRFSWPT3': ParsedDataItem(IDX__TXHDRFSWPT3, raw=0, derived=0, unit=None), 'IDX__TXHDRFSWPT4': ParsedDataItem(IDX__TXHDRFSWPT4, raw=0, derived=0, unit=None), 'IDX__TXHDRFSWPT5': ParsedDataItem(IDX__TXHDRFSWPT5, raw=0, derived=0, unit=None), 'IDX__TXHDRFSWPT6': ParsedDataItem(IDX__TXHDRFSWPT6, raw=0, derived=0, unit=None), 'IDX__TXHDRFSWPT7': ParsedDataItem(IDX__TXHDRFSWPT7, raw=0, derived=0, unit=None), 'IDX__TXHDRFSWPT8': ParsedDataItem(IDX__TXHDRFSWPT8, raw=0, derived=0, unit=None), 'IDX__TXHDRFSWPT9': ParsedDataItem(IDX__TXHDRFSWPT9, raw=0, derived=0, unit=None), 'IDX__TXHDRFPGAVER': ParsedDataItem(IDX__TXHDRFPGAVER, raw=539165480, derived=539165480, unit=None), 'IDX__SYNCSCI0PKT': ParsedDataItem(IDX__SYNCSCI0PKT, raw=13107, derived=13107, unit=None), 'IDX__CRCSCI0PKT': ParsedDataItem(IDX__CRCSCI0PKT, raw=4853, derived=4853, unit=None)}
SHCOARSE = 439590168
SHFINE = 11090
IDX__SCI0AID = 2415277394
IDX__SCI0TYPE = 1
IDX__SCI0CONT = 127
IDX__SCI0SPARE1 = 0
IDX__SCI0PACK = EN
IDX__SCI0FRAG = DS
IDX__SCI0COMP = DS
IDX__SCI0EVTNUM = 3
IDX__SCI0CAT = 32
IDX__SCI0QUAL = 5
IDX__SCI0FRAGOFF = 0
IDX__SCI0VER = 9
IDX__SCI0TIME32 = 439589712
IDX__SCI0SPARE2 = 0
IDX__SCI0SPARE3 = 0
IDX__SCI0SPARE4 = 0
IDX__TXHDRSCIEVTLEN = 8320
IDX__TXHDRSP00 = 0
IDX__TXHDRTIMESEC1 = 6707
IDX__TXHDRTIMESEC2 = 39760
IDX__TXHDRTIMESUBS = 17168
IDX__TXHDRSP01 = 0
IDX__TXHDRTRIGOFFSET = 1
IDX__TXHDRSP02 = 0
IDX__TXHDRTRIGID = 1
IDX__TXHDREVTNUM = 3
IDX__TXHDRBLOCKS = 243679
IDX__TXHDRHGTRIGCTRL1 = 2222981120
IDX__TXHDRHGTRIGCTRL2 = 0
IDX__TXHDRLGTRIGCTRL1 = 4294965248
IDX__TXHDRLGTRIGCTRL2 = 4278255360
IDX__TXHDRMGTRIGCTRL1 = 4294965248
IDX__TXHDRMGTRIGCTRL2 = 4278255360
IDX__TXHDRSP03 = 0
IDX__TXHDRLSADC = 555521
IDX__TXHDRPOLSTAT = NEG
IDX__TXHDRSP04 = 0
IDX__TXHDRPOLCTRL = POS
IDX__TXHDRCOINENA = DIS
IDX__TXHDRLSTRIGMODE = DIS
IDX__TXHDRMGTRIGMODE = 0
IDX__TXHDRLGTRIGMODE = 0
IDX__TXHDRHGTRIGMODE = 1
IDX__TXHDRSP05 = 0
IDX__TXHDRSP06 = 0
IDX__TXHDRSP07 = 2022
IDX__TXHDRSP08 = 0
IDX__TXHDRTOFMAX = 561520639
IDX__TXHDRTOFMIN = 534246894
IDX__TXHDRLS0MAXMIN = 8464397
IDX__TXHDRLS1MAXMIN = 8484834
IDX__TXHDRLS2MAXMIN = 8308709
IDX__TXHDRFIFODELAY = 15
IDX__TXHDRSAMPDELAY = 7347236
IDX__TXHDRTRANSCNT = 4
IDX__TXHDRPROCHKCH01 = 81527417
IDX__TXHDRPROCHKCH23 = 240258367
IDX__TXHDRPROCHKCH45 = 199034078
IDX__TXHDRPROCHKCH67 = 134088995
IDX__TXHDRHVPSHKCH01 = 131663463
IDX__TXHDRHVPSHKCH23 = 8849067
IDX__TXHDRHVPSHKCH45 = 152897501
IDX__TXHDRHVPSHKCH67 = 20056717
IDX__TXHDRLVHK0CH01 = 134219776
IDX__TXHDRLVHK0CH23 = 173018038
IDX__TXHDRLVHK0CH45 = 134941794
IDX__TXHDRLVHK0CH67 = 207096915
IDX__TXHDRLVHK1CH01 = 32114209
IDX__TXHDRLVHK1CH23 = 63571204
IDX__TXHDRLVHK1CH45 = 183502389
IDX__TXHDRLVHK1CH67 = 189202913
IDX__TXHDRLVHK2CH01 = 42730130
IDX__TXHDRLVHK2CH23 = 260047824
IDX__TXHDRLVHK2CH45 = 101257134
IDX__TXHDRLVHK2CH67 = 69022
IDX__TXHDRSP09 = 0
IDX__TXHDRSP10 = 0
IDX__TXHDRFSWAIDCOPY = 2415277394
IDX__TXHDRFSWBINCOPY = 0
IDX__TXHDRFSWMAJOR = 2
IDX__TXHDRFSWMINOR = 0
IDX__TXHDRFSWPATCH = 0
IDX__TXHDRFSWHVSTAT = 3
IDX__TXHDRFSWMEM0 = 0
IDX__TXHDRFSWMEM1 = 0
IDX__TXHDRFSWPT0 = 0
IDX__TXHDRFSWPT1 = 0
IDX__TXHDRFSWPT2 = 0
IDX__TXHDRFSWPT3 = 0
IDX__TXHDRFSWPT4 = 0
IDX__TXHDRFSWPT5 = 0
IDX__TXHDRFSWPT6 = 0
IDX__TXHDRFSWPT7 = 0
IDX__TXHDRFSWPT8 = 0
IDX__TXHDRFSWPT9 = 0
IDX__TXHDRFPGAVER = 539165480
IDX__SYNCSCI0PKT = 13107
IDX__CRCSCI0PKT = 4853
^*****Event header 2******^
HS pre trig sampling blocks:  31
LS pre trig sampling blocks:  3
HS post trig sampling blocks:  31
LS post trig sampling blocks:  11
IDX__TXHDRHVPSHKCH01 = 131663463
Detector voltage =  1639
Sensor voltage =  2009
Target voltage =  1707
Reflectron voltage =  135
Rejection voltage =  2013
Current for HVPS sensor =  2333
Positive current for HVPS sensor =  2701
Negative current for HVPS sensor =  306
Voltage +3.3V reference =  2048
Voltage +3.3V operational reference =  2048
Voltage -6V bus =  2998
Voltage +6V bus =  2640
Voltage +16V bus =  3170
Voltage +3.3V bus =  2059
Voltage -5V bus =  3155
Voltage +5V bus =  3160
Current +3.3V bus =  1569
Current +16V bus =  970
Current +6V bus =  1284
Current -6V bus =  970
Current +5V bus =  1589
Current -5V bus =  2800
Current +2.5V bus =  481
Current -2.5V bus =  2887
Current on the 1V POL =  633
Current on the 1.9V POL =  1244
ProcBd Temperature 1 =  3391
ProcBd Temperature 2 =  3666
Voltage on 1V bus =  1246
FPGA Temperature =  3037
Voltage on 1.9V bus =  2339
Voltage on 3.3V bus =  2046
var_to_row = {'Last measurement in raw DN for Processor Board signal “1V POL Current”': 0, 'Last measurement in raw DN for Processor Board signal “1.9V POL Current”': 1, 'Last measurement in raw DN for Processor Board signal “ProcBd Temp1”': 2, nan: 48, 'Last measurement in raw DN for Processor Board signal “ProcBd Temp2”': 6, 'Last measurement in raw DN for Processor Board signal “1V Voltage”': 10, 'Last measurement in raw DN for Processor Board signal “FPGA Temp”': 11, 'Last measurement in raw DN for Processor Board signal “1.9V Voltage”': 12, 'Last measurement in raw DN for Processor Board signal “3.3V Voltage”': 13, 'Last measurement in raw DN for HVPS Board signal “Detector Voltage”': 14, 'Last measurement in raw DN for HVPS Board signal “Sensor Voltage"': 15, 'Last measurement in raw DN for HVPS Board signal “Target Voltage”': 16, 'Last measurement in raw DN for HVPS Board signal “Reflectron Voltage”': 17, 'Last measurement in raw DN for HVPS Board signal “Rejection Voltage”': 18, 'Last measurement in raw DN for HVPS Board signal “Detector Current”': 19, 'Last measurement in raw DN for HVPS Board signal “Sensor IP”': 20, 'Last measurement in raw DN for HVPS Board signal “Sensor IN”': 21, 'Last measurement in raw DN for LVPS Board signal “P3.3VREF_HK”': 22, 'Last measurement in raw DN for LVPS Board signal “P3.3VREF_OP”': 23, 'Last measurement in raw DN for LVPS Board signal “N6V”': 24, 'Last measurement in raw DN for LVPS Board signal “P6V”': 25, 'Last measurement in raw DN for LVPS Board signal “P16V”': 26, 'Last measurement in raw DN for LVPS Board signal “P3.3V”': 27, 'Last measurement in raw DN for LVPS Board signal “N5V”': 28, 'Last measurement in raw DN for LVPS Board signal “P5V”': 29, 'Last measurement in raw DN for LVPS Board signal “P3.3_IMON”': 30, 'Last measurement in raw DN for LVPS Board signal “P16V_IMON”': 31, 'Last measurement in raw DN for LVPS Board signal “P6V_IMON”': 32, 'Last measurement in raw DN for LVPS Board signal “N6V_IMON”': 33, 'Last measurement in raw DN for LVPS Board signal “P5V_IMON”': 34, 'Last measurement in raw DN for LVPS Board signal “N5V_IMON”': 35, 'Last measurement in raw DN for LVPS Board signal “P2.5V_IMON”': 36, 'Last measurement in raw DN for LVPS Board signal “N2.5V_IMON”': 37, 'Last measurement in raw DN for LVPS Board signal “THERM_DECON0”': 38, 'Last measurement in raw DN for LVPS Board signal “THERM_DECON1”': 39, 'Last measurement in raw DN for LVPS Board signal “THERM_DAB”': 40, 'Last measurement in raw DN for LVPS Board signal “THERM_LVPS”': 41, 'Last measurement in raw DN for LVPS Board signal “THERM_HVPS”': 45, 'Last measurement in raw DN for LVPS Board signal “P2.5V”': 49, 'Last measurement in raw DN for LVPS Board signal “N2.5V”': 50, 'Last measurement in raw DN for LVPS Board signal “Spare”': 51}

 
 ***** var_name being converted for each instrument setting ***** 
 

Matching row  18
coeffs for Last measurement in raw DN for Processor Board signal “1V POL Current”= [0.0 0.9029253 0.0 0.0 0.0 0.0 0.0 0.0]
var_name = Last measurement in raw DN for Processor Board signal “1V POL Current”
var_name = current_1V_pol
Header info = 633
Transformed value for current_1V_pol = 571.5517149
Matching row  18
coeffs for Last measurement in raw DN for Processor Board signal “1.9V POL Current”= [0.0 0.9029253 0.0 0.0 0.0 0.0 0.0 0.0]
var_name = Last measurement in raw DN for Processor Board signal “1.9V POL Current”
var_name = current_1.9V_pol
Header info = 1244
Transformed value for current_1.9V_pol = 1123.2390732000001
Matching row  18
coeffs for Last measurement in raw DN for Processor Board signal “ProcBd Temp1”= [162.8276 -0.2668687 0.0003323794 -2.43153e-07 9.034532e-11 -1.327735e-14
 0.0 0.0]
var_name = Last measurement in raw DN for Processor Board signal “ProcBd Temp1”
var_name = temperature_1
Header info = 3391
Transformed value for temperature_1 = -408.6811903905609
Matching row  18
coeffs for nan= [-104713.9 52.02446 -0.006463374 0.0 0.0 0.0 0.0 0.0]
var_name = nan
var_name = None
KeyError: (2, None) - Could not find entry for None, 48. Please check the Var_notes or variable mapping.
Matching row  18
coeffs for Last measurement in raw DN for Processor Board signal “ProcBd Temp2”= [162.8276 -0.2668687 0.0003323794 -2.43153e-07 9.034532e-11 -1.327735e-14
 0.0 0.0]
var_name = Last measurement in raw DN for Processor Board signal “ProcBd Temp2”
var_name = temperature_2
Header info = 3666
Transformed value for temperature_2 = -801.8818752684547
Matching row  18
coeffs for Last measurement in raw DN for Processor Board signal “1V Voltage”= [0.0 0.000805861 0.0 0.0 0.0 0.0 0.0 0.0]
var_name = Last measurement in raw DN for Processor Board signal “1V Voltage”
var_name = voltage_1V_bus
Header info = 1246
Transformed value for voltage_1V_bus = 1.004102806
Matching row  18
coeffs for Last measurement in raw DN for Processor Board signal “FPGA Temp”= [358.31 -0.1187104 0.0 0.0 0.0 0.0 0.0 0.0]
var_name = Last measurement in raw DN for Processor Board signal “FPGA Temp”
var_name = fpga_temperature
Header info = 3037
Transformed value for fpga_temperature = -2.2134848000000034
Matching row  18
coeffs for Last measurement in raw DN for Processor Board signal “1.9V Voltage”= [0.0 0.000805861 0.0 0.0 0.0 0.0 0.0 0.0]
var_name = Last measurement in raw DN for Processor Board signal “1.9V Voltage”
var_name = voltage_1.9V_bus
Header info = 2339
Transformed value for voltage_1.9V_bus = 1.884908879
Matching row  18
coeffs for Last measurement in raw DN for Processor Board signal “3.3V Voltage”= [0.0 0.001611722 0.0 0.0 0.0 0.0 0.0 0.0]
var_name = Last measurement in raw DN for Processor Board signal “3.3V Voltage”
var_name = voltage_3.3V_bus
Header info = 2046
Transformed value for voltage_3.3V_bus = 3.2975832119999997
Matching row  18
coeffs for Last measurement in raw DN for HVPS Board signal “Detector Voltage”= [0.0 1.4652 0.0 0.0 0.0 0.0 0.0 0.0]
var_name = Last measurement in raw DN for HVPS Board signal “Detector Voltage”
var_name = detector_voltage
Header info = 1639
Transformed value for detector_voltage = 2401.4628000000002
Matching row  18
coeffs for Last measurement in raw DN for HVPS Board signal “Sensor Voltage"= [0.0 1.4652 0.0 0.0 0.0 0.0 0.0 0.0]
var_name = Last measurement in raw DN for HVPS Board signal “Sensor Voltage"
var_name = sensor_voltage
Header info = 2009
Transformed value for sensor_voltage = 2943.5868
Matching row  18
coeffs for Last measurement in raw DN for HVPS Board signal “Target Voltage”= [0.0 1.4652 0.0 0.0 0.0 0.0 0.0 0.0]
var_name = Last measurement in raw DN for HVPS Board signal “Target Voltage”
var_name = target_voltage
Header info = 1707
Transformed value for target_voltage = 2501.0964
Matching row  18
coeffs for Last measurement in raw DN for HVPS Board signal “Reflectron Voltage”= [0.0 1.4652 0.0 0.0 0.0 0.0 0.0 0.0]
var_name = Last measurement in raw DN for HVPS Board signal “Reflectron Voltage”
var_name = reflectron_voltage
Header info = 135
Transformed value for reflectron_voltage = 197.80200000000002
Matching row  18
coeffs for Last measurement in raw DN for HVPS Board signal “Rejection Voltage”= [0.0 1.4652 0.0 0.0 0.0 0.0 0.0 0.0]
var_name = Last measurement in raw DN for HVPS Board signal “Rejection Voltage”
var_name = rejection_voltage
Header info = 2013
Transformed value for rejection_voltage = 2949.4476
Matching row  18
coeffs for Last measurement in raw DN for HVPS Board signal “Detector Current”= [0.0 7.326e-06 0.0 0.0 0.0 0.0 0.0 0.0]
var_name = Last measurement in raw DN for HVPS Board signal “Detector Current”
var_name = current_hvps_sensor
Header info = 2333
Transformed value for current_hvps_sensor = 0.017091558
Matching row  18
coeffs for Last measurement in raw DN for HVPS Board signal “Sensor IP”= [0.0 2.4339e-05 0.0 0.0 0.0 0.0 0.0 0.0]
var_name = Last measurement in raw DN for HVPS Board signal “Sensor IP”
var_name = positive_current_hvps
Header info = 2701
Transformed value for positive_current_hvps = 0.065739639
Matching row  18
coeffs for Last measurement in raw DN for HVPS Board signal “Sensor IN”= [0.0 2.4339e-05 0.0 0.0 0.0 0.0 0.0 0.0]
var_name = Last measurement in raw DN for HVPS Board signal “Sensor IN”
var_name = negative_current_hvps
Header info = 306
Transformed value for negative_current_hvps = 0.007447733999999999
Matching row  18
coeffs for Last measurement in raw DN for LVPS Board signal “P3.3VREF_HK”= [0.0 0.00161172 0.0 0.0 0.0 0.0 0.0 0.0]
var_name = Last measurement in raw DN for LVPS Board signal “P3.3VREF_HK”
var_name = voltage_3V3_ref
Header info = 2048
Transformed value for voltage_3V3_ref = 3.30080256
Matching row  18
coeffs for Last measurement in raw DN for LVPS Board signal “P3.3VREF_OP”= [0.0 0.00161172 0.0 0.0 0.0 0.0 0.0 0.0]
var_name = Last measurement in raw DN for LVPS Board signal “P3.3VREF_OP”
var_name = voltage_3V3_op_ref
Header info = 2048
Transformed value for voltage_3V3_op_ref = 3.30080256
Matching row  18
coeffs for Last measurement in raw DN for LVPS Board signal “N6V”= [-33.0 0.00886447 0.0 0.0 0.0 0.0 0.0 0.0]
var_name = Last measurement in raw DN for LVPS Board signal “N6V”
var_name = voltage_neg6V_bus
Header info = 2998
Transformed value for voltage_neg6V_bus = -6.424318940000003
Matching row  18
coeffs for Last measurement in raw DN for LVPS Board signal “P6V”= [0.0 0.00241758 0.0 0.0 0.0 0.0 0.0 0.0]
var_name = Last measurement in raw DN for LVPS Board signal “P6V”
var_name = voltage_pos6V_bus
Header info = 2640
Transformed value for voltage_pos6V_bus = 6.3824112
Matching row  18
coeffs for Last measurement in raw DN for LVPS Board signal “P16V”= [0.0 0.00482711 0.0 0.0 0.0 0.0 0.0 0.0]
var_name = Last measurement in raw DN for LVPS Board signal “P16V”
var_name = voltage_pos16V_bus
Header info = 3170
Transformed value for voltage_pos16V_bus = 15.3019387
Matching row  18
coeffs for Last measurement in raw DN for LVPS Board signal “P3.3V”= [0.0 0.00161172 0.0 0.0 0.0 0.0 0.0 0.0]
var_name = Last measurement in raw DN for LVPS Board signal “P3.3V”
var_name = voltage_pos3V3_bus
Header info = 2059
Transformed value for voltage_pos3V3_bus = 3.3185314800000003
Matching row  18
coeffs for Last measurement in raw DN for LVPS Board signal “N5V”= [-33.0 0.00886447 0.0 0.0 0.0 0.0 0.0 0.0]
var_name = Last measurement in raw DN for LVPS Board signal “N5V”
var_name = voltage_neg5V_bus
Header info = 3155
Transformed value for voltage_neg5V_bus = -5.032597150000001
Matching row  18
coeffs for Last measurement in raw DN for LVPS Board signal “P5V”= [0.0 0.00161172 0.0 0.0 0.0 0.0 0.0 0.0]
var_name = Last measurement in raw DN for LVPS Board signal “P5V”
var_name = voltage_pos5V_bus
Header info = 3160
Transformed value for voltage_pos5V_bus = 5.0930352
Matching row  18
coeffs for Last measurement in raw DN for LVPS Board signal “P3.3_IMON”= [0.0 0.00161172 0.0 0.0 0.0 0.0 0.0 0.0]
var_name = Last measurement in raw DN for LVPS Board signal “P3.3_IMON”
var_name = current_3V3_bus
Header info = 1569
Transformed value for current_3V3_bus = 2.5287886800000003
Matching row  18
coeffs for Last measurement in raw DN for LVPS Board signal “P16V_IMON”= [0.0 0.000161172 0.0 0.0 0.0 0.0 0.0 0.0]
var_name = Last measurement in raw DN for LVPS Board signal “P16V_IMON”
var_name = current_16V_bus
Header info = 970
Transformed value for current_16V_bus = 0.15633684
Matching row  18
coeffs for Last measurement in raw DN for LVPS Board signal “P6V_IMON”= [0.0 8.05861e-05 0.0 0.0 0.0 0.0 0.0 0.0]
var_name = Last measurement in raw DN for LVPS Board signal “P6V_IMON”
var_name = current_6V_bus
Header info = 1284
Transformed value for current_6V_bus = 0.1034725524
Matching row  18
coeffs for Last measurement in raw DN for LVPS Board signal “N6V_IMON”= [0.0 -8.05861e-05 0.0 0.0 0.0 0.0 0.0 0.0]
var_name = Last measurement in raw DN for LVPS Board signal “N6V_IMON”
var_name = current_neg6V_bus
Header info = 970
Transformed value for current_neg6V_bus = -0.07816851699999999
Matching row  18
coeffs for Last measurement in raw DN for LVPS Board signal “P5V_IMON”= [0.0 4.029304e-05 0.0 0.0 0.0 0.0 0.0 0.0]
var_name = Last measurement in raw DN for LVPS Board signal “P5V_IMON”
var_name = current_5V_bus
Header info = 1589
Transformed value for current_5V_bus = 0.06402564056
Matching row  18
coeffs for Last measurement in raw DN for LVPS Board signal “N5V_IMON”= [0.0 -2.01465e-05 0.0 0.0 0.0 0.0 0.0 0.0]
var_name = Last measurement in raw DN for LVPS Board signal “N5V_IMON”
var_name = current_neg5V_bus
Header info = 2800
Transformed value for current_neg5V_bus = -0.0564102
Matching row  18
coeffs for Last measurement in raw DN for LVPS Board signal “P2.5V_IMON”= [0.0 0.00161172 0.0 0.0 0.0 0.0 0.0 0.0]
var_name = Last measurement in raw DN for LVPS Board signal “P2.5V_IMON”
var_name = current_2V5_bus
Header info = 481
Transformed value for current_2V5_bus = 0.77523732
Matching row  18
coeffs for Last measurement in raw DN for LVPS Board signal “N2.5V_IMON”= [0.0 -4.0293e-05 0.0 0.0 0.0 0.0 0.0 0.0]
var_name = Last measurement in raw DN for LVPS Board signal “N2.5V_IMON”
var_name = current_neg2V5_bus
Header info = 2887
Transformed value for current_neg2V5_bus = -0.116325891
Matching row  18
coeffs for Last measurement in raw DN for LVPS Board signal “THERM_DECON0”= [-110.293 0.0665351 0.000305738 -6.32048e-07 5.9934e-10 -2.98784e-13
 7.61361e-17 -7.76467e-21]
var_name = Last measurement in raw DN for LVPS Board signal “THERM_DECON0”
var_name = None
KeyError: (2, None) - Could not find entry for None, 38. Please check the Var_notes or variable mapping.
Matching row  18
coeffs for Last measurement in raw DN for LVPS Board signal “THERM_DECON1”= [-150.478 0.376986 -0.00062072 7.73853e-07 -5.81588e-10 2.56368e-13
 -6.05698e-17 5.96635e-21]
var_name = Last measurement in raw DN for LVPS Board signal “THERM_DECON1”
var_name = None
KeyError: (2, None) - Could not find entry for None, 39. Please check the Var_notes or variable mapping.
Matching row  18
coeffs for Last measurement in raw DN for LVPS Board signal “THERM_DAB”= [-443.248 1.31224 -0.00180422 1.40016e-06 -6.43766e-10 1.7448e-13
 -2.57695e-17 1.60239e-21]
var_name = Last measurement in raw DN for LVPS Board signal “THERM_DAB”
var_name = None
KeyError: (2, None) - Could not find entry for None, 40. Please check the Var_notes or variable mapping.
Matching row  18
coeffs for Last measurement in raw DN for LVPS Board signal “THERM_LVPS”= [200.4137 -0.2020699 0.000175403 -9.739547e-08 2.888932e-11 -3.545603e-15
 0.0 0.0]
var_name = Last measurement in raw DN for LVPS Board signal “THERM_LVPS”
var_name = None
KeyError: (2, None) - Could not find entry for None, 41. Please check the Var_notes or variable mapping.
Matching row  18
coeffs for Last measurement in raw DN for LVPS Board signal “THERM_HVPS”= [200.4137 -0.2020699 0.000175403 -9.739547e-08 2.888932e-11 -3.545603e-15
 0.0 0.0]
var_name = Last measurement in raw DN for LVPS Board signal “THERM_HVPS”
var_name = None
KeyError: (2, None) - Could not find entry for None, 45. Please check the Var_notes or variable mapping.
Matching row  18
coeffs for Last measurement in raw DN for LVPS Board signal “P2.5V”= [0.0 0.00161172 0.0 0.0 0.0 0.0 0.0 0.0]
var_name = Last measurement in raw DN for LVPS Board signal “P2.5V”
var_name = None
KeyError: (2, None) - Could not find entry for None, 49. Please check the Var_notes or variable mapping.
Matching row  18
coeffs for Last measurement in raw DN for LVPS Board signal “N2.5V”= [-33.0 0.00886447 0.0 0.0 0.0 0.0 0.0 0.0]
var_name = Last measurement in raw DN for LVPS Board signal “N2.5V”
var_name = None
KeyError: (2, None) - Could not find entry for None, 50. Please check the Var_notes or variable mapping.
Matching row  18
coeffs for Last measurement in raw DN for LVPS Board signal “Spare”= [0.0 0.00161172 0.0 0.0 0.0 0.0 0.0 0.0]
var_name = Last measurement in raw DN for LVPS Board signal “Spare”
var_name = spare_signal
KeyError: (2, 'spare_signal') - Could not find entry for spare_signal, 51. Please check the Var_notes or variable mapping.
High gain delay = 7 samples.
Mid gain delay = 7 samples.
Low gain delay = 36 samples.
High sampling trigger mode =  0 0 1
High gain trigger mode enabled.
For 2222981120, HG Trigger level = 0.15317, sample settings = 0, 0
Threshold trigger mode enabled for high gain channel.
AID = 2415277394
Event number = 3
Rice compression enabled = False
Timestamp = 439569022.20628 seconds since epoch (Midnight January 1st, 2010)
Trigger time = 2023-12-06 14:30:22.206280+00:00
2
2
2
2
2
2
2
2
2
2
2
2
2
{'SHCOARSE': ParsedDataItem(SHCOARSE, raw=439590182, derived=439590182, unit=dn), 'SHFINE': ParsedDataItem(SHFINE, raw=11077, derived=11077, unit=dn), 'IDX__SCI0AID': ParsedDataItem(IDX__SCI0AID, raw=2415277394, derived=2415277394, unit=None), 'IDX__SCI0TYPE': ParsedDataItem(IDX__SCI0TYPE, raw=1, derived=1, unit=None), 'IDX__SCI0CONT': ParsedDataItem(IDX__SCI0CONT, raw=127, derived=127, unit=None), 'IDX__SCI0SPARE1': ParsedDataItem(IDX__SCI0SPARE1, raw=0, derived=0, unit=None), 'IDX__SCI0PACK': ParsedDataItem(IDX__SCI0PACK, raw=1, derived=EN, unit=None), 'IDX__SCI0FRAG': ParsedDataItem(IDX__SCI0FRAG, raw=0, derived=DS, unit=None), 'IDX__SCI0COMP': ParsedDataItem(IDX__SCI0COMP, raw=0, derived=DS, unit=None), 'IDX__SCI0EVTNUM': ParsedDataItem(IDX__SCI0EVTNUM, raw=4, derived=4, unit=None), 'IDX__SCI0CAT': ParsedDataItem(IDX__SCI0CAT, raw=32, derived=32, unit=None), 'IDX__SCI0QUAL': ParsedDataItem(IDX__SCI0QUAL, raw=5, derived=5, unit=None), 'IDX__SCI0FRAGOFF': ParsedDataItem(IDX__SCI0FRAGOFF, raw=0, derived=0, unit=None), 'IDX__SCI0VER': ParsedDataItem(IDX__SCI0VER, raw=9, derived=9, unit=None), 'IDX__SCI0TIME32': ParsedDataItem(IDX__SCI0TIME32, raw=439589738, derived=439589738, unit=None), 'IDX__SCI0SPARE2': ParsedDataItem(IDX__SCI0SPARE2, raw=0, derived=0, unit=None), 'IDX__SCI0SPARE3': ParsedDataItem(IDX__SCI0SPARE3, raw=0, derived=0, unit=None), 'IDX__SCI0SPARE4': ParsedDataItem(IDX__SCI0SPARE4, raw=0, derived=0, unit=None), 'IDX__TXHDRSCIEVTLEN': ParsedDataItem(IDX__TXHDRSCIEVTLEN, raw=8320, derived=8320, unit=None), 'IDX__TXHDRSP00': ParsedDataItem(IDX__TXHDRSP00, raw=0, derived=0, unit=None), 'IDX__TXHDRTIMESEC1': ParsedDataItem(IDX__TXHDRTIMESEC1, raw=6707, derived=6707, unit=None), 'IDX__TXHDRTIMESEC2': ParsedDataItem(IDX__TXHDRTIMESEC2, raw=39786, derived=39786, unit=None), 'IDX__TXHDRTIMESUBS': ParsedDataItem(IDX__TXHDRTIMESUBS, raw=37528, derived=37528, unit=None), 'IDX__TXHDRSP01': ParsedDataItem(IDX__TXHDRSP01, raw=0, derived=0, unit=None), 'IDX__TXHDRTRIGOFFSET': ParsedDataItem(IDX__TXHDRTRIGOFFSET, raw=0, derived=0, unit=None), 'IDX__TXHDRSP02': ParsedDataItem(IDX__TXHDRSP02, raw=0, derived=0, unit=None), 'IDX__TXHDRTRIGID': ParsedDataItem(IDX__TXHDRTRIGID, raw=1, derived=1, unit=None), 'IDX__TXHDREVTNUM': ParsedDataItem(IDX__TXHDREVTNUM, raw=4, derived=4, unit=None), 'IDX__TXHDRBLOCKS': ParsedDataItem(IDX__TXHDRBLOCKS, raw=243679, derived=243679, unit=None), 'IDX__TXHDRHGTRIGCTRL1': ParsedDataItem(IDX__TXHDRHGTRIGCTRL1, raw=2222981120, derived=2222981120, unit=None), 'IDX__TXHDRHGTRIGCTRL2': ParsedDataItem(IDX__TXHDRHGTRIGCTRL2, raw=0, derived=0, unit=None), 'IDX__TXHDRLGTRIGCTRL1': ParsedDataItem(IDX__TXHDRLGTRIGCTRL1, raw=4294965248, derived=4294965248, unit=None), 'IDX__TXHDRLGTRIGCTRL2': ParsedDataItem(IDX__TXHDRLGTRIGCTRL2, raw=4278255360, derived=4278255360, unit=None), 'IDX__TXHDRMGTRIGCTRL1': ParsedDataItem(IDX__TXHDRMGTRIGCTRL1, raw=4294965248, derived=4294965248, unit=None), 'IDX__TXHDRMGTRIGCTRL2': ParsedDataItem(IDX__TXHDRMGTRIGCTRL2, raw=4278255360, derived=4278255360, unit=None), 'IDX__TXHDRSP03': ParsedDataItem(IDX__TXHDRSP03, raw=0, derived=0, unit=None), 'IDX__TXHDRLSADC': ParsedDataItem(IDX__TXHDRLSADC, raw=555521, derived=555521, unit=None), 'IDX__TXHDRPOLSTAT': ParsedDataItem(IDX__TXHDRPOLSTAT, raw=1, derived=NEG, unit=None), 'IDX__TXHDRSP04': ParsedDataItem(IDX__TXHDRSP04, raw=0, derived=0, unit=None), 'IDX__TXHDRPOLCTRL': ParsedDataItem(IDX__TXHDRPOLCTRL, raw=0, derived=POS, unit=None), 'IDX__TXHDRCOINENA': ParsedDataItem(IDX__TXHDRCOINENA, raw=0, derived=DIS, unit=None), 'IDX__TXHDRLSTRIGMODE': ParsedDataItem(IDX__TXHDRLSTRIGMODE, raw=0, derived=DIS, unit=None), 'IDX__TXHDRMGTRIGMODE': ParsedDataItem(IDX__TXHDRMGTRIGMODE, raw=0, derived=0, unit=None), 'IDX__TXHDRLGTRIGMODE': ParsedDataItem(IDX__TXHDRLGTRIGMODE, raw=0, derived=0, unit=None), 'IDX__TXHDRHGTRIGMODE': ParsedDataItem(IDX__TXHDRHGTRIGMODE, raw=1, derived=1, unit=None), 'IDX__TXHDRSP05': ParsedDataItem(IDX__TXHDRSP05, raw=0, derived=0, unit=None), 'IDX__TXHDRSP06': ParsedDataItem(IDX__TXHDRSP06, raw=0, derived=0, unit=None), 'IDX__TXHDRSP07': ParsedDataItem(IDX__TXHDRSP07, raw=2022, derived=2022, unit=None), 'IDX__TXHDRSP08': ParsedDataItem(IDX__TXHDRSP08, raw=0, derived=0, unit=None), 'IDX__TXHDRTOFMAX': ParsedDataItem(IDX__TXHDRTOFMAX, raw=562569215, derived=562569215, unit=None), 'IDX__TXHDRTOFMIN': ParsedDataItem(IDX__TXHDRTOFMIN, raw=535295474, derived=535295474, unit=None), 'IDX__TXHDRLS0MAXMIN': ParsedDataItem(IDX__TXHDRLS0MAXMIN, raw=8464396, derived=8464396, unit=None), 'IDX__TXHDRLS1MAXMIN': ParsedDataItem(IDX__TXHDRLS1MAXMIN, raw=8493025, derived=8493025, unit=None), 'IDX__TXHDRLS2MAXMIN': ParsedDataItem(IDX__TXHDRLS2MAXMIN, raw=8329189, derived=8329189, unit=None), 'IDX__TXHDRFIFODELAY': ParsedDataItem(IDX__TXHDRFIFODELAY, raw=17, derived=17, unit=None), 'IDX__TXHDRSAMPDELAY': ParsedDataItem(IDX__TXHDRSAMPDELAY, raw=1073740833, derived=1073740833, unit=None), 'IDX__TXHDRTRANSCNT': ParsedDataItem(IDX__TXHDRTRANSCNT, raw=22, derived=22, unit=None), 'IDX__TXHDRPROCHKCH01': ParsedDataItem(IDX__TXHDRPROCHKCH01, raw=81527417, derived=81527417, unit=None), 'IDX__TXHDRPROCHKCH23': ParsedDataItem(IDX__TXHDRPROCHKCH23, raw=240258367, derived=240258367, unit=None), 'IDX__TXHDRPROCHKCH45': ParsedDataItem(IDX__TXHDRPROCHKCH45, raw=199099614, derived=199099614, unit=None), 'IDX__TXHDRPROCHKCH67': ParsedDataItem(IDX__TXHDRPROCHKCH67, raw=134088995, derived=134088995, unit=None), 'IDX__TXHDRHVPSHKCH01': ParsedDataItem(IDX__TXHDRHVPSHKCH01, raw=131663463, derived=131663463, unit=None), 'IDX__TXHDRHVPSHKCH23': ParsedDataItem(IDX__TXHDRHVPSHKCH23, raw=8849067, derived=8849067, unit=None), 'IDX__TXHDRHVPSHKCH45': ParsedDataItem(IDX__TXHDRHVPSHKCH45, raw=152897500, derived=152897500, unit=None), 'IDX__TXHDRHVPSHKCH67': ParsedDataItem(IDX__TXHDRHVPSHKCH67, raw=20056716, derived=20056716, unit=None), 'IDX__TXHDRLVHK0CH01': ParsedDataItem(IDX__TXHDRLVHK0CH01, raw=134219776, derived=134219776, unit=None), 'IDX__TXHDRLVHK0CH23': ParsedDataItem(IDX__TXHDRLVHK0CH23, raw=173018038, derived=173018038, unit=None), 'IDX__TXHDRLVHK0CH45': ParsedDataItem(IDX__TXHDRLVHK0CH45, raw=134941794, derived=134941794, unit=None), 'IDX__TXHDRLVHK0CH67': ParsedDataItem(IDX__TXHDRLVHK0CH67, raw=207096915, derived=207096915, unit=None), 'IDX__TXHDRLVHK1CH01': ParsedDataItem(IDX__TXHDRLVHK1CH01, raw=32114209, derived=32114209, unit=None), 'IDX__TXHDRLVHK1CH23': ParsedDataItem(IDX__TXHDRLVHK1CH23, raw=63571204, derived=63571204, unit=None), 'IDX__TXHDRLVHK1CH45': ParsedDataItem(IDX__TXHDRLVHK1CH45, raw=183502389, derived=183502389, unit=None), 'IDX__TXHDRLVHK1CH67': ParsedDataItem(IDX__TXHDRLVHK1CH67, raw=189202913, derived=189202913, unit=None), 'IDX__TXHDRLVHK2CH01': ParsedDataItem(IDX__TXHDRLVHK2CH01, raw=42730130, derived=42730130, unit=None), 'IDX__TXHDRLVHK2CH23': ParsedDataItem(IDX__TXHDRLVHK2CH23, raw=260113360, derived=260113360, unit=None), 'IDX__TXHDRLVHK2CH45': ParsedDataItem(IDX__TXHDRLVHK2CH45, raw=101257134, derived=101257134, unit=None), 'IDX__TXHDRLVHK2CH67': ParsedDataItem(IDX__TXHDRLVHK2CH67, raw=69022, derived=69022, unit=None), 'IDX__TXHDRSP09': ParsedDataItem(IDX__TXHDRSP09, raw=0, derived=0, unit=None), 'IDX__TXHDRSP10': ParsedDataItem(IDX__TXHDRSP10, raw=0, derived=0, unit=None), 'IDX__TXHDRFSWAIDCOPY': ParsedDataItem(IDX__TXHDRFSWAIDCOPY, raw=2415277394, derived=2415277394, unit=None), 'IDX__TXHDRFSWBINCOPY': ParsedDataItem(IDX__TXHDRFSWBINCOPY, raw=0, derived=0, unit=None), 'IDX__TXHDRFSWMAJOR': ParsedDataItem(IDX__TXHDRFSWMAJOR, raw=2, derived=2, unit=None), 'IDX__TXHDRFSWMINOR': ParsedDataItem(IDX__TXHDRFSWMINOR, raw=0, derived=0, unit=None), 'IDX__TXHDRFSWPATCH': ParsedDataItem(IDX__TXHDRFSWPATCH, raw=0, derived=0, unit=None), 'IDX__TXHDRFSWHVSTAT': ParsedDataItem(IDX__TXHDRFSWHVSTAT, raw=3, derived=3, unit=None), 'IDX__TXHDRFSWMEM0': ParsedDataItem(IDX__TXHDRFSWMEM0, raw=0, derived=0, unit=None), 'IDX__TXHDRFSWMEM1': ParsedDataItem(IDX__TXHDRFSWMEM1, raw=0, derived=0, unit=None), 'IDX__TXHDRFSWPT0': ParsedDataItem(IDX__TXHDRFSWPT0, raw=0, derived=0, unit=None), 'IDX__TXHDRFSWPT1': ParsedDataItem(IDX__TXHDRFSWPT1, raw=0, derived=0, unit=None), 'IDX__TXHDRFSWPT2': ParsedDataItem(IDX__TXHDRFSWPT2, raw=0, derived=0, unit=None), 'IDX__TXHDRFSWPT3': ParsedDataItem(IDX__TXHDRFSWPT3, raw=0, derived=0, unit=None), 'IDX__TXHDRFSWPT4': ParsedDataItem(IDX__TXHDRFSWPT4, raw=0, derived=0, unit=None), 'IDX__TXHDRFSWPT5': ParsedDataItem(IDX__TXHDRFSWPT5, raw=0, derived=0, unit=None), 'IDX__TXHDRFSWPT6': ParsedDataItem(IDX__TXHDRFSWPT6, raw=0, derived=0, unit=None), 'IDX__TXHDRFSWPT7': ParsedDataItem(IDX__TXHDRFSWPT7, raw=0, derived=0, unit=None), 'IDX__TXHDRFSWPT8': ParsedDataItem(IDX__TXHDRFSWPT8, raw=0, derived=0, unit=None), 'IDX__TXHDRFSWPT9': ParsedDataItem(IDX__TXHDRFSWPT9, raw=0, derived=0, unit=None), 'IDX__TXHDRFPGAVER': ParsedDataItem(IDX__TXHDRFPGAVER, raw=539165480, derived=539165480, unit=None), 'IDX__SYNCSCI0PKT': ParsedDataItem(IDX__SYNCSCI0PKT, raw=13107, derived=13107, unit=None), 'IDX__CRCSCI0PKT': ParsedDataItem(IDX__CRCSCI0PKT, raw=28915, derived=28915, unit=None)}
SHCOARSE = 439590182
SHFINE = 11077
IDX__SCI0AID = 2415277394
IDX__SCI0TYPE = 1
IDX__SCI0CONT = 127
IDX__SCI0SPARE1 = 0
IDX__SCI0PACK = EN
IDX__SCI0FRAG = DS
IDX__SCI0COMP = DS
IDX__SCI0EVTNUM = 4
IDX__SCI0CAT = 32
IDX__SCI0QUAL = 5
IDX__SCI0FRAGOFF = 0
IDX__SCI0VER = 9
IDX__SCI0TIME32 = 439589738
IDX__SCI0SPARE2 = 0
IDX__SCI0SPARE3 = 0
IDX__SCI0SPARE4 = 0
IDX__TXHDRSCIEVTLEN = 8320
IDX__TXHDRSP00 = 0
IDX__TXHDRTIMESEC1 = 6707
IDX__TXHDRTIMESEC2 = 39786
IDX__TXHDRTIMESUBS = 37528
IDX__TXHDRSP01 = 0
IDX__TXHDRTRIGOFFSET = 0
IDX__TXHDRSP02 = 0
IDX__TXHDRTRIGID = 1
IDX__TXHDREVTNUM = 4
IDX__TXHDRBLOCKS = 243679
IDX__TXHDRHGTRIGCTRL1 = 2222981120
IDX__TXHDRHGTRIGCTRL2 = 0
IDX__TXHDRLGTRIGCTRL1 = 4294965248
IDX__TXHDRLGTRIGCTRL2 = 4278255360
IDX__TXHDRMGTRIGCTRL1 = 4294965248
IDX__TXHDRMGTRIGCTRL2 = 4278255360
IDX__TXHDRSP03 = 0
IDX__TXHDRLSADC = 555521
IDX__TXHDRPOLSTAT = NEG
IDX__TXHDRSP04 = 0
IDX__TXHDRPOLCTRL = POS
IDX__TXHDRCOINENA = DIS
IDX__TXHDRLSTRIGMODE = DIS
IDX__TXHDRMGTRIGMODE = 0
IDX__TXHDRLGTRIGMODE = 0
IDX__TXHDRHGTRIGMODE = 1
IDX__TXHDRSP05 = 0
IDX__TXHDRSP06 = 0
IDX__TXHDRSP07 = 2022
IDX__TXHDRSP08 = 0
IDX__TXHDRTOFMAX = 562569215
IDX__TXHDRTOFMIN = 535295474
IDX__TXHDRLS0MAXMIN = 8464396
IDX__TXHDRLS1MAXMIN = 8493025
IDX__TXHDRLS2MAXMIN = 8329189
IDX__TXHDRFIFODELAY = 17
IDX__TXHDRSAMPDELAY = 1073740833
IDX__TXHDRTRANSCNT = 22
IDX__TXHDRPROCHKCH01 = 81527417
IDX__TXHDRPROCHKCH23 = 240258367
IDX__TXHDRPROCHKCH45 = 199099614
IDX__TXHDRPROCHKCH67 = 134088995
IDX__TXHDRHVPSHKCH01 = 131663463
IDX__TXHDRHVPSHKCH23 = 8849067
IDX__TXHDRHVPSHKCH45 = 152897500
IDX__TXHDRHVPSHKCH67 = 20056716
IDX__TXHDRLVHK0CH01 = 134219776
IDX__TXHDRLVHK0CH23 = 173018038
IDX__TXHDRLVHK0CH45 = 134941794
IDX__TXHDRLVHK0CH67 = 207096915
IDX__TXHDRLVHK1CH01 = 32114209
IDX__TXHDRLVHK1CH23 = 63571204
IDX__TXHDRLVHK1CH45 = 183502389
IDX__TXHDRLVHK1CH67 = 189202913
IDX__TXHDRLVHK2CH01 = 42730130
IDX__TXHDRLVHK2CH23 = 260113360
IDX__TXHDRLVHK2CH45 = 101257134
IDX__TXHDRLVHK2CH67 = 69022
IDX__TXHDRSP09 = 0
IDX__TXHDRSP10 = 0
IDX__TXHDRFSWAIDCOPY = 2415277394
IDX__TXHDRFSWBINCOPY = 0
IDX__TXHDRFSWMAJOR = 2
IDX__TXHDRFSWMINOR = 0
IDX__TXHDRFSWPATCH = 0
IDX__TXHDRFSWHVSTAT = 3
IDX__TXHDRFSWMEM0 = 0
IDX__TXHDRFSWMEM1 = 0
IDX__TXHDRFSWPT0 = 0
IDX__TXHDRFSWPT1 = 0
IDX__TXHDRFSWPT2 = 0
IDX__TXHDRFSWPT3 = 0
IDX__TXHDRFSWPT4 = 0
IDX__TXHDRFSWPT5 = 0
IDX__TXHDRFSWPT6 = 0
IDX__TXHDRFSWPT7 = 0
IDX__TXHDRFSWPT8 = 0
IDX__TXHDRFSWPT9 = 0
IDX__TXHDRFPGAVER = 539165480
IDX__SYNCSCI0PKT = 13107
IDX__CRCSCI0PKT = 28915
^*****Event header 3******^
HS pre trig sampling blocks:  31
LS pre trig sampling blocks:  3
HS post trig sampling blocks:  31
LS post trig sampling blocks:  11
IDX__TXHDRHVPSHKCH01 = 131663463
Detector voltage =  1639
Sensor voltage =  2009
Target voltage =  1707
Reflectron voltage =  135
Rejection voltage =  2012
Current for HVPS sensor =  2333
Positive current for HVPS sensor =  2700
Negative current for HVPS sensor =  306
Voltage +3.3V reference =  2048
Voltage +3.3V operational reference =  2048
Voltage -6V bus =  2998
Voltage +6V bus =  2640
Voltage +16V bus =  3170
Voltage +3.3V bus =  2059
Voltage -5V bus =  3155
Voltage +5V bus =  3160
Current +3.3V bus =  1569
Current +16V bus =  970
Current +6V bus =  1284
Current -6V bus =  970
Current +5V bus =  1589
Current -5V bus =  2800
Current +2.5V bus =  481
Current -2.5V bus =  2887
Current on the 1V POL =  633
Current on the 1.9V POL =  1244
ProcBd Temperature 1 =  3391
ProcBd Temperature 2 =  3666
Voltage on 1V bus =  1246
FPGA Temperature =  3038
Voltage on 1.9V bus =  2339
Voltage on 3.3V bus =  2046
var_to_row = {'Last measurement in raw DN for Processor Board signal “1V POL Current”': 0, 'Last measurement in raw DN for Processor Board signal “1.9V POL Current”': 1, 'Last measurement in raw DN for Processor Board signal “ProcBd Temp1”': 2, nan: 48, 'Last measurement in raw DN for Processor Board signal “ProcBd Temp2”': 6, 'Last measurement in raw DN for Processor Board signal “1V Voltage”': 10, 'Last measurement in raw DN for Processor Board signal “FPGA Temp”': 11, 'Last measurement in raw DN for Processor Board signal “1.9V Voltage”': 12, 'Last measurement in raw DN for Processor Board signal “3.3V Voltage”': 13, 'Last measurement in raw DN for HVPS Board signal “Detector Voltage”': 14, 'Last measurement in raw DN for HVPS Board signal “Sensor Voltage"': 15, 'Last measurement in raw DN for HVPS Board signal “Target Voltage”': 16, 'Last measurement in raw DN for HVPS Board signal “Reflectron Voltage”': 17, 'Last measurement in raw DN for HVPS Board signal “Rejection Voltage”': 18, 'Last measurement in raw DN for HVPS Board signal “Detector Current”': 19, 'Last measurement in raw DN for HVPS Board signal “Sensor IP”': 20, 'Last measurement in raw DN for HVPS Board signal “Sensor IN”': 21, 'Last measurement in raw DN for LVPS Board signal “P3.3VREF_HK”': 22, 'Last measurement in raw DN for LVPS Board signal “P3.3VREF_OP”': 23, 'Last measurement in raw DN for LVPS Board signal “N6V”': 24, 'Last measurement in raw DN for LVPS Board signal “P6V”': 25, 'Last measurement in raw DN for LVPS Board signal “P16V”': 26, 'Last measurement in raw DN for LVPS Board signal “P3.3V”': 27, 'Last measurement in raw DN for LVPS Board signal “N5V”': 28, 'Last measurement in raw DN for LVPS Board signal “P5V”': 29, 'Last measurement in raw DN for LVPS Board signal “P3.3_IMON”': 30, 'Last measurement in raw DN for LVPS Board signal “P16V_IMON”': 31, 'Last measurement in raw DN for LVPS Board signal “P6V_IMON”': 32, 'Last measurement in raw DN for LVPS Board signal “N6V_IMON”': 33, 'Last measurement in raw DN for LVPS Board signal “P5V_IMON”': 34, 'Last measurement in raw DN for LVPS Board signal “N5V_IMON”': 35, 'Last measurement in raw DN for LVPS Board signal “P2.5V_IMON”': 36, 'Last measurement in raw DN for LVPS Board signal “N2.5V_IMON”': 37, 'Last measurement in raw DN for LVPS Board signal “THERM_DECON0”': 38, 'Last measurement in raw DN for LVPS Board signal “THERM_DECON1”': 39, 'Last measurement in raw DN for LVPS Board signal “THERM_DAB”': 40, 'Last measurement in raw DN for LVPS Board signal “THERM_LVPS”': 41, 'Last measurement in raw DN for LVPS Board signal “THERM_HVPS”': 45, 'Last measurement in raw DN for LVPS Board signal “P2.5V”': 49, 'Last measurement in raw DN for LVPS Board signal “N2.5V”': 50, 'Last measurement in raw DN for LVPS Board signal “Spare”': 51}

 
 ***** var_name being converted for each instrument setting ***** 
 

Matching row  18
coeffs for Last measurement in raw DN for Processor Board signal “1V POL Current”= [0.0 0.9029253 0.0 0.0 0.0 0.0 0.0 0.0]
var_name = Last measurement in raw DN for Processor Board signal “1V POL Current”
var_name = current_1V_pol
Header info = 633
Transformed value for current_1V_pol = 571.5517149
Matching row  18
coeffs for Last measurement in raw DN for Processor Board signal “1.9V POL Current”= [0.0 0.9029253 0.0 0.0 0.0 0.0 0.0 0.0]
var_name = Last measurement in raw DN for Processor Board signal “1.9V POL Current”
var_name = current_1.9V_pol
Header info = 1244
Transformed value for current_1.9V_pol = 1123.2390732000001
Matching row  18
coeffs for Last measurement in raw DN for Processor Board signal “ProcBd Temp1”= [162.8276 -0.2668687 0.0003323794 -2.43153e-07 9.034532e-11 -1.327735e-14
 0.0 0.0]
var_name = Last measurement in raw DN for Processor Board signal “ProcBd Temp1”
var_name = temperature_1
Header info = 3391
Transformed value for temperature_1 = -408.6811903905609
Matching row  18
coeffs for nan= [-104713.9 52.02446 -0.006463374 0.0 0.0 0.0 0.0 0.0]
var_name = nan
var_name = None
KeyError: (3, None) - Could not find entry for None, 48. Please check the Var_notes or variable mapping.
Matching row  18
coeffs for Last measurement in raw DN for Processor Board signal “ProcBd Temp2”= [162.8276 -0.2668687 0.0003323794 -2.43153e-07 9.034532e-11 -1.327735e-14
 0.0 0.0]
var_name = Last measurement in raw DN for Processor Board signal “ProcBd Temp2”
var_name = temperature_2
Header info = 3666
Transformed value for temperature_2 = -801.8818752684547
Matching row  18
coeffs for Last measurement in raw DN for Processor Board signal “1V Voltage”= [0.0 0.000805861 0.0 0.0 0.0 0.0 0.0 0.0]
var_name = Last measurement in raw DN for Processor Board signal “1V Voltage”
var_name = voltage_1V_bus
Header info = 1246
Transformed value for voltage_1V_bus = 1.004102806
Matching row  18
coeffs for Last measurement in raw DN for Processor Board signal “FPGA Temp”= [358.31 -0.1187104 0.0 0.0 0.0 0.0 0.0 0.0]
var_name = Last measurement in raw DN for Processor Board signal “FPGA Temp”
var_name = fpga_temperature
Header info = 3038
Transformed value for fpga_temperature = -2.332195200000001
Matching row  18
coeffs for Last measurement in raw DN for Processor Board signal “1.9V Voltage”= [0.0 0.000805861 0.0 0.0 0.0 0.0 0.0 0.0]
var_name = Last measurement in raw DN for Processor Board signal “1.9V Voltage”
var_name = voltage_1.9V_bus
Header info = 2339
Transformed value for voltage_1.9V_bus = 1.884908879
Matching row  18
coeffs for Last measurement in raw DN for Processor Board signal “3.3V Voltage”= [0.0 0.001611722 0.0 0.0 0.0 0.0 0.0 0.0]
var_name = Last measurement in raw DN for Processor Board signal “3.3V Voltage”
var_name = voltage_3.3V_bus
Header info = 2046
Transformed value for voltage_3.3V_bus = 3.2975832119999997
Matching row  18
coeffs for Last measurement in raw DN for HVPS Board signal “Detector Voltage”= [0.0 1.4652 0.0 0.0 0.0 0.0 0.0 0.0]
var_name = Last measurement in raw DN for HVPS Board signal “Detector Voltage”
var_name = detector_voltage
Header info = 1639
Transformed value for detector_voltage = 2401.4628000000002
Matching row  18
coeffs for Last measurement in raw DN for HVPS Board signal “Sensor Voltage"= [0.0 1.4652 0.0 0.0 0.0 0.0 0.0 0.0]
var_name = Last measurement in raw DN for HVPS Board signal “Sensor Voltage"
var_name = sensor_voltage
Header info = 2009
Transformed value for sensor_voltage = 2943.5868
Matching row  18
coeffs for Last measurement in raw DN for HVPS Board signal “Target Voltage”= [0.0 1.4652 0.0 0.0 0.0 0.0 0.0 0.0]
var_name = Last measurement in raw DN for HVPS Board signal “Target Voltage”
var_name = target_voltage
Header info = 1707
Transformed value for target_voltage = 2501.0964
Matching row  18
coeffs for Last measurement in raw DN for HVPS Board signal “Reflectron Voltage”= [0.0 1.4652 0.0 0.0 0.0 0.0 0.0 0.0]
var_name = Last measurement in raw DN for HVPS Board signal “Reflectron Voltage”
var_name = reflectron_voltage
Header info = 135
Transformed value for reflectron_voltage = 197.80200000000002
Matching row  18
coeffs for Last measurement in raw DN for HVPS Board signal “Rejection Voltage”= [0.0 1.4652 0.0 0.0 0.0 0.0 0.0 0.0]
var_name = Last measurement in raw DN for HVPS Board signal “Rejection Voltage”
var_name = rejection_voltage
Header info = 2012
Transformed value for rejection_voltage = 2947.9824000000003
Matching row  18
coeffs for Last measurement in raw DN for HVPS Board signal “Detector Current”= [0.0 7.326e-06 0.0 0.0 0.0 0.0 0.0 0.0]
var_name = Last measurement in raw DN for HVPS Board signal “Detector Current”
var_name = current_hvps_sensor
Header info = 2333
Transformed value for current_hvps_sensor = 0.017091558
Matching row  18
coeffs for Last measurement in raw DN for HVPS Board signal “Sensor IP”= [0.0 2.4339e-05 0.0 0.0 0.0 0.0 0.0 0.0]
var_name = Last measurement in raw DN for HVPS Board signal “Sensor IP”
var_name = positive_current_hvps
Header info = 2700
Transformed value for positive_current_hvps = 0.06571529999999999
Matching row  18
coeffs for Last measurement in raw DN for HVPS Board signal “Sensor IN”= [0.0 2.4339e-05 0.0 0.0 0.0 0.0 0.0 0.0]
var_name = Last measurement in raw DN for HVPS Board signal “Sensor IN”
var_name = negative_current_hvps
Header info = 306
Transformed value for negative_current_hvps = 0.007447733999999999
Matching row  18
coeffs for Last measurement in raw DN for LVPS Board signal “P3.3VREF_HK”= [0.0 0.00161172 0.0 0.0 0.0 0.0 0.0 0.0]
var_name = Last measurement in raw DN for LVPS Board signal “P3.3VREF_HK”
var_name = voltage_3V3_ref
Header info = 2048
Transformed value for voltage_3V3_ref = 3.30080256
Matching row  18
coeffs for Last measurement in raw DN for LVPS Board signal “P3.3VREF_OP”= [0.0 0.00161172 0.0 0.0 0.0 0.0 0.0 0.0]
var_name = Last measurement in raw DN for LVPS Board signal “P3.3VREF_OP”
var_name = voltage_3V3_op_ref
Header info = 2048
Transformed value for voltage_3V3_op_ref = 3.30080256
Matching row  18
coeffs for Last measurement in raw DN for LVPS Board signal “N6V”= [-33.0 0.00886447 0.0 0.0 0.0 0.0 0.0 0.0]
var_name = Last measurement in raw DN for LVPS Board signal “N6V”
var_name = voltage_neg6V_bus
Header info = 2998
Transformed value for voltage_neg6V_bus = -6.424318940000003
Matching row  18
coeffs for Last measurement in raw DN for LVPS Board signal “P6V”= [0.0 0.00241758 0.0 0.0 0.0 0.0 0.0 0.0]
var_name = Last measurement in raw DN for LVPS Board signal “P6V”
var_name = voltage_pos6V_bus
Header info = 2640
Transformed value for voltage_pos6V_bus = 6.3824112
Matching row  18
coeffs for Last measurement in raw DN for LVPS Board signal “P16V”= [0.0 0.00482711 0.0 0.0 0.0 0.0 0.0 0.0]
var_name = Last measurement in raw DN for LVPS Board signal “P16V”
var_name = voltage_pos16V_bus
Header info = 3170
Transformed value for voltage_pos16V_bus = 15.3019387
Matching row  18
coeffs for Last measurement in raw DN for LVPS Board signal “P3.3V”= [0.0 0.00161172 0.0 0.0 0.0 0.0 0.0 0.0]
var_name = Last measurement in raw DN for LVPS Board signal “P3.3V”
var_name = voltage_pos3V3_bus
Header info = 2059
Transformed value for voltage_pos3V3_bus = 3.3185314800000003
Matching row  18
coeffs for Last measurement in raw DN for LVPS Board signal “N5V”= [-33.0 0.00886447 0.0 0.0 0.0 0.0 0.0 0.0]
var_name = Last measurement in raw DN for LVPS Board signal “N5V”
var_name = voltage_neg5V_bus
Header info = 3155
Transformed value for voltage_neg5V_bus = -5.032597150000001
Matching row  18
coeffs for Last measurement in raw DN for LVPS Board signal “P5V”= [0.0 0.00161172 0.0 0.0 0.0 0.0 0.0 0.0]
var_name = Last measurement in raw DN for LVPS Board signal “P5V”
var_name = voltage_pos5V_bus
Header info = 3160
Transformed value for voltage_pos5V_bus = 5.0930352
Matching row  18
coeffs for Last measurement in raw DN for LVPS Board signal “P3.3_IMON”= [0.0 0.00161172 0.0 0.0 0.0 0.0 0.0 0.0]
var_name = Last measurement in raw DN for LVPS Board signal “P3.3_IMON”
var_name = current_3V3_bus
Header info = 1569
Transformed value for current_3V3_bus = 2.5287886800000003
Matching row  18
coeffs for Last measurement in raw DN for LVPS Board signal “P16V_IMON”= [0.0 0.000161172 0.0 0.0 0.0 0.0 0.0 0.0]
var_name = Last measurement in raw DN for LVPS Board signal “P16V_IMON”
var_name = current_16V_bus
Header info = 970
Transformed value for current_16V_bus = 0.15633684
Matching row  18
coeffs for Last measurement in raw DN for LVPS Board signal “P6V_IMON”= [0.0 8.05861e-05 0.0 0.0 0.0 0.0 0.0 0.0]
var_name = Last measurement in raw DN for LVPS Board signal “P6V_IMON”
var_name = current_6V_bus
Header info = 1284
Transformed value for current_6V_bus = 0.1034725524
Matching row  18
coeffs for Last measurement in raw DN for LVPS Board signal “N6V_IMON”= [0.0 -8.05861e-05 0.0 0.0 0.0 0.0 0.0 0.0]
var_name = Last measurement in raw DN for LVPS Board signal “N6V_IMON”
var_name = current_neg6V_bus
Header info = 970
Transformed value for current_neg6V_bus = -0.07816851699999999
Matching row  18
coeffs for Last measurement in raw DN for LVPS Board signal “P5V_IMON”= [0.0 4.029304e-05 0.0 0.0 0.0 0.0 0.0 0.0]
var_name = Last measurement in raw DN for LVPS Board signal “P5V_IMON”
var_name = current_5V_bus
Header info = 1589
Transformed value for current_5V_bus = 0.06402564056
Matching row  18
coeffs for Last measurement in raw DN for LVPS Board signal “N5V_IMON”= [0.0 -2.01465e-05 0.0 0.0 0.0 0.0 0.0 0.0]
var_name = Last measurement in raw DN for LVPS Board signal “N5V_IMON”
var_name = current_neg5V_bus
Header info = 2800
Transformed value for current_neg5V_bus = -0.0564102
Matching row  18
coeffs for Last measurement in raw DN for LVPS Board signal “P2.5V_IMON”= [0.0 0.00161172 0.0 0.0 0.0 0.0 0.0 0.0]
var_name = Last measurement in raw DN for LVPS Board signal “P2.5V_IMON”
var_name = current_2V5_bus
Header info = 481
Transformed value for current_2V5_bus = 0.77523732
Matching row  18
coeffs for Last measurement in raw DN for LVPS Board signal “N2.5V_IMON”= [0.0 -4.0293e-05 0.0 0.0 0.0 0.0 0.0 0.0]
var_name = Last measurement in raw DN for LVPS Board signal “N2.5V_IMON”
var_name = current_neg2V5_bus
Header info = 2887
Transformed value for current_neg2V5_bus = -0.116325891
Matching row  18
coeffs for Last measurement in raw DN for LVPS Board signal “THERM_DECON0”= [-110.293 0.0665351 0.000305738 -6.32048e-07 5.9934e-10 -2.98784e-13
 7.61361e-17 -7.76467e-21]
var_name = Last measurement in raw DN for LVPS Board signal “THERM_DECON0”
var_name = None
KeyError: (3, None) - Could not find entry for None, 38. Please check the Var_notes or variable mapping.
Matching row  18
coeffs for Last measurement in raw DN for LVPS Board signal “THERM_DECON1”= [-150.478 0.376986 -0.00062072 7.73853e-07 -5.81588e-10 2.56368e-13
 -6.05698e-17 5.96635e-21]
var_name = Last measurement in raw DN for LVPS Board signal “THERM_DECON1”
var_name = None
KeyError: (3, None) - Could not find entry for None, 39. Please check the Var_notes or variable mapping.
Matching row  18
coeffs for Last measurement in raw DN for LVPS Board signal “THERM_DAB”= [-443.248 1.31224 -0.00180422 1.40016e-06 -6.43766e-10 1.7448e-13
 -2.57695e-17 1.60239e-21]
var_name = Last measurement in raw DN for LVPS Board signal “THERM_DAB”
var_name = None
KeyError: (3, None) - Could not find entry for None, 40. Please check the Var_notes or variable mapping.
Matching row  18
coeffs for Last measurement in raw DN for LVPS Board signal “THERM_LVPS”= [200.4137 -0.2020699 0.000175403 -9.739547e-08 2.888932e-11 -3.545603e-15
 0.0 0.0]
var_name = Last measurement in raw DN for LVPS Board signal “THERM_LVPS”
var_name = None
KeyError: (3, None) - Could not find entry for None, 41. Please check the Var_notes or variable mapping.
Matching row  18
coeffs for Last measurement in raw DN for LVPS Board signal “THERM_HVPS”= [200.4137 -0.2020699 0.000175403 -9.739547e-08 2.888932e-11 -3.545603e-15
 0.0 0.0]
var_name = Last measurement in raw DN for LVPS Board signal “THERM_HVPS”
var_name = None
KeyError: (3, None) - Could not find entry for None, 45. Please check the Var_notes or variable mapping.
Matching row  18
coeffs for Last measurement in raw DN for LVPS Board signal “P2.5V”= [0.0 0.00161172 0.0 0.0 0.0 0.0 0.0 0.0]
var_name = Last measurement in raw DN for LVPS Board signal “P2.5V”
var_name = None
KeyError: (3, None) - Could not find entry for None, 49. Please check the Var_notes or variable mapping.
Matching row  18
coeffs for Last measurement in raw DN for LVPS Board signal “N2.5V”= [-33.0 0.00886447 0.0 0.0 0.0 0.0 0.0 0.0]
var_name = Last measurement in raw DN for LVPS Board signal “N2.5V”
var_name = None
KeyError: (3, None) - Could not find entry for None, 50. Please check the Var_notes or variable mapping.
Matching row  18
coeffs for Last measurement in raw DN for LVPS Board signal “Spare”= [0.0 0.00161172 0.0 0.0 0.0 0.0 0.0 0.0]
var_name = Last measurement in raw DN for LVPS Board signal “Spare”
var_name = spare_signal
KeyError: (3, 'spare_signal') - Could not find entry for spare_signal, 51. Please check the Var_notes or variable mapping.
High gain delay = 1023 samples.
Mid gain delay = 1023 samples.
Low gain delay = 33 samples.
High sampling trigger mode =  0 0 1
High gain trigger mode enabled.
For 2222981120, HG Trigger level = 0.15317, sample settings = 0, 0
Threshold trigger mode enabled for high gain channel.
AID = 2415277394
Event number = 4
Rice compression enabled = False
Timestamp = 439569022.2068 seconds since epoch (Midnight January 1st, 2010)
Trigger time = 2023-12-06 14:30:22.206800+00:00
3
3
3
3
3
3
3
3
3
3
3
3
3
{'SHCOARSE': ParsedDataItem(SHCOARSE, raw=439590195, derived=439590195, unit=dn), 'SHFINE': ParsedDataItem(SHFINE, raw=11064, derived=11064, unit=dn), 'IDX__SCI0AID': ParsedDataItem(IDX__SCI0AID, raw=2415277394, derived=2415277394, unit=None), 'IDX__SCI0TYPE': ParsedDataItem(IDX__SCI0TYPE, raw=1, derived=1, unit=None), 'IDX__SCI0CONT': ParsedDataItem(IDX__SCI0CONT, raw=127, derived=127, unit=None), 'IDX__SCI0SPARE1': ParsedDataItem(IDX__SCI0SPARE1, raw=0, derived=0, unit=None), 'IDX__SCI0PACK': ParsedDataItem(IDX__SCI0PACK, raw=1, derived=EN, unit=None), 'IDX__SCI0FRAG': ParsedDataItem(IDX__SCI0FRAG, raw=0, derived=DS, unit=None), 'IDX__SCI0COMP': ParsedDataItem(IDX__SCI0COMP, raw=0, derived=DS, unit=None), 'IDX__SCI0EVTNUM': ParsedDataItem(IDX__SCI0EVTNUM, raw=5, derived=5, unit=None), 'IDX__SCI0CAT': ParsedDataItem(IDX__SCI0CAT, raw=32, derived=32, unit=None), 'IDX__SCI0QUAL': ParsedDataItem(IDX__SCI0QUAL, raw=5, derived=5, unit=None), 'IDX__SCI0FRAGOFF': ParsedDataItem(IDX__SCI0FRAGOFF, raw=0, derived=0, unit=None), 'IDX__SCI0VER': ParsedDataItem(IDX__SCI0VER, raw=9, derived=9, unit=None), 'IDX__SCI0TIME32': ParsedDataItem(IDX__SCI0TIME32, raw=439589742, derived=439589742, unit=None), 'IDX__SCI0SPARE2': ParsedDataItem(IDX__SCI0SPARE2, raw=0, derived=0, unit=None), 'IDX__SCI0SPARE3': ParsedDataItem(IDX__SCI0SPARE3, raw=0, derived=0, unit=None), 'IDX__SCI0SPARE4': ParsedDataItem(IDX__SCI0SPARE4, raw=0, derived=0, unit=None), 'IDX__TXHDRSCIEVTLEN': ParsedDataItem(IDX__TXHDRSCIEVTLEN, raw=8320, derived=8320, unit=None), 'IDX__TXHDRSP00': ParsedDataItem(IDX__TXHDRSP00, raw=0, derived=0, unit=None), 'IDX__TXHDRTIMESEC1': ParsedDataItem(IDX__TXHDRTIMESEC1, raw=6707, derived=6707, unit=None), 'IDX__TXHDRTIMESEC2': ParsedDataItem(IDX__TXHDRTIMESEC2, raw=39790, derived=39790, unit=None), 'IDX__TXHDRTIMESUBS': ParsedDataItem(IDX__TXHDRTIMESUBS, raw=37516, derived=37516, unit=None), 'IDX__TXHDRSP01': ParsedDataItem(IDX__TXHDRSP01, raw=0, derived=0, unit=None), 'IDX__TXHDRTRIGOFFSET': ParsedDataItem(IDX__TXHDRTRIGOFFSET, raw=2, derived=2, unit=None), 'IDX__TXHDRSP02': ParsedDataItem(IDX__TXHDRSP02, raw=0, derived=0, unit=None), 'IDX__TXHDRTRIGID': ParsedDataItem(IDX__TXHDRTRIGID, raw=1, derived=1, unit=None), 'IDX__TXHDREVTNUM': ParsedDataItem(IDX__TXHDREVTNUM, raw=5, derived=5, unit=None), 'IDX__TXHDRBLOCKS': ParsedDataItem(IDX__TXHDRBLOCKS, raw=243679, derived=243679, unit=None), 'IDX__TXHDRHGTRIGCTRL1': ParsedDataItem(IDX__TXHDRHGTRIGCTRL1, raw=2222981120, derived=2222981120, unit=None), 'IDX__TXHDRHGTRIGCTRL2': ParsedDataItem(IDX__TXHDRHGTRIGCTRL2, raw=0, derived=0, unit=None), 'IDX__TXHDRLGTRIGCTRL1': ParsedDataItem(IDX__TXHDRLGTRIGCTRL1, raw=4294965248, derived=4294965248, unit=None), 'IDX__TXHDRLGTRIGCTRL2': ParsedDataItem(IDX__TXHDRLGTRIGCTRL2, raw=4278255360, derived=4278255360, unit=None), 'IDX__TXHDRMGTRIGCTRL1': ParsedDataItem(IDX__TXHDRMGTRIGCTRL1, raw=4294965248, derived=4294965248, unit=None), 'IDX__TXHDRMGTRIGCTRL2': ParsedDataItem(IDX__TXHDRMGTRIGCTRL2, raw=4278255360, derived=4278255360, unit=None), 'IDX__TXHDRSP03': ParsedDataItem(IDX__TXHDRSP03, raw=0, derived=0, unit=None), 'IDX__TXHDRLSADC': ParsedDataItem(IDX__TXHDRLSADC, raw=555521, derived=555521, unit=None), 'IDX__TXHDRPOLSTAT': ParsedDataItem(IDX__TXHDRPOLSTAT, raw=1, derived=NEG, unit=None), 'IDX__TXHDRSP04': ParsedDataItem(IDX__TXHDRSP04, raw=0, derived=0, unit=None), 'IDX__TXHDRPOLCTRL': ParsedDataItem(IDX__TXHDRPOLCTRL, raw=0, derived=POS, unit=None), 'IDX__TXHDRCOINENA': ParsedDataItem(IDX__TXHDRCOINENA, raw=0, derived=DIS, unit=None), 'IDX__TXHDRLSTRIGMODE': ParsedDataItem(IDX__TXHDRLSTRIGMODE, raw=0, derived=DIS, unit=None), 'IDX__TXHDRMGTRIGMODE': ParsedDataItem(IDX__TXHDRMGTRIGMODE, raw=0, derived=0, unit=None), 'IDX__TXHDRLGTRIGMODE': ParsedDataItem(IDX__TXHDRLGTRIGMODE, raw=0, derived=0, unit=None), 'IDX__TXHDRHGTRIGMODE': ParsedDataItem(IDX__TXHDRHGTRIGMODE, raw=1, derived=1, unit=None), 'IDX__TXHDRSP05': ParsedDataItem(IDX__TXHDRSP05, raw=0, derived=0, unit=None), 'IDX__TXHDRSP06': ParsedDataItem(IDX__TXHDRSP06, raw=0, derived=0, unit=None), 'IDX__TXHDRSP07': ParsedDataItem(IDX__TXHDRSP07, raw=2022, derived=2022, unit=None), 'IDX__TXHDRSP08': ParsedDataItem(IDX__TXHDRSP08, raw=0, derived=0, unit=None), 'IDX__TXHDRTOFMAX': ParsedDataItem(IDX__TXHDRTOFMAX, raw=541597204, derived=541597204, unit=None), 'IDX__TXHDRTOFMIN': ParsedDataItem(IDX__TXHDRTOFMIN, raw=535295476, derived=535295476, unit=None), 'IDX__TXHDRLS0MAXMIN': ParsedDataItem(IDX__TXHDRLS0MAXMIN, raw=8464396, derived=8464396, unit=None), 'IDX__TXHDRLS1MAXMIN': ParsedDataItem(IDX__TXHDRLS1MAXMIN, raw=8484833, derived=8484833, unit=None), 'IDX__TXHDRLS2MAXMIN': ParsedDataItem(IDX__TXHDRLS2MAXMIN, raw=8320997, derived=8320997, unit=None), 'IDX__TXHDRFIFODELAY': ParsedDataItem(IDX__TXHDRFIFODELAY, raw=18, derived=18, unit=None), 'IDX__TXHDRSAMPDELAY': ParsedDataItem(IDX__TXHDRSAMPDELAY, raw=15744051, derived=15744051, unit=None), 'IDX__TXHDRTRANSCNT': ParsedDataItem(IDX__TXHDRTRANSCNT, raw=2, derived=2, unit=None), 'IDX__TXHDRPROCHKCH01': ParsedDataItem(IDX__TXHDRPROCHKCH01, raw=81527416, derived=81527416, unit=None), 'IDX__TXHDRPROCHKCH23': ParsedDataItem(IDX__TXHDRPROCHKCH23, raw=240258367, derived=240258367, unit=None), 'IDX__TXHDRPROCHKCH45': ParsedDataItem(IDX__TXHDRPROCHKCH45, raw=199034078, derived=199034078, unit=None), 'IDX__TXHDRPROCHKCH67': ParsedDataItem(IDX__TXHDRPROCHKCH67, raw=134088995, derived=134088995, unit=None), 'IDX__TXHDRHVPSHKCH01': ParsedDataItem(IDX__TXHDRHVPSHKCH01, raw=131663463, derived=131663463, unit=None), 'IDX__TXHDRHVPSHKCH23': ParsedDataItem(IDX__TXHDRHVPSHKCH23, raw=8849067, derived=8849067, unit=None), 'IDX__TXHDRHVPSHKCH45': ParsedDataItem(IDX__TXHDRHVPSHKCH45, raw=152897500, derived=152897500, unit=None), 'IDX__TXHDRHVPSHKCH67': ParsedDataItem(IDX__TXHDRHVPSHKCH67, raw=20056717, derived=20056717, unit=None), 'IDX__TXHDRLVHK0CH01': ParsedDataItem(IDX__TXHDRLVHK0CH01, raw=134219776, derived=134219776, unit=None), 'IDX__TXHDRLVHK0CH23': ParsedDataItem(IDX__TXHDRLVHK0CH23, raw=173018038, derived=173018038, unit=None), 'IDX__TXHDRLVHK0CH45': ParsedDataItem(IDX__TXHDRLVHK0CH45, raw=134941794, derived=134941794, unit=None), 'IDX__TXHDRLVHK0CH67': ParsedDataItem(IDX__TXHDRLVHK0CH67, raw=207096915, derived=207096915, unit=None), 'IDX__TXHDRLVHK1CH01': ParsedDataItem(IDX__TXHDRLVHK1CH01, raw=32114209, derived=32114209, unit=None), 'IDX__TXHDRLVHK1CH23': ParsedDataItem(IDX__TXHDRLVHK1CH23, raw=63571204, derived=63571204, unit=None), 'IDX__TXHDRLVHK1CH45': ParsedDataItem(IDX__TXHDRLVHK1CH45, raw=183502389, derived=183502389, unit=None), 'IDX__TXHDRLVHK1CH67': ParsedDataItem(IDX__TXHDRLVHK1CH67, raw=189202913, derived=189202913, unit=None), 'IDX__TXHDRLVHK2CH01': ParsedDataItem(IDX__TXHDRLVHK2CH01, raw=42730130, derived=42730130, unit=None), 'IDX__TXHDRLVHK2CH23': ParsedDataItem(IDX__TXHDRLVHK2CH23, raw=260047824, derived=260047824, unit=None), 'IDX__TXHDRLVHK2CH45': ParsedDataItem(IDX__TXHDRLVHK2CH45, raw=101257134, derived=101257134, unit=None), 'IDX__TXHDRLVHK2CH67': ParsedDataItem(IDX__TXHDRLVHK2CH67, raw=69022, derived=69022, unit=None), 'IDX__TXHDRSP09': ParsedDataItem(IDX__TXHDRSP09, raw=0, derived=0, unit=None), 'IDX__TXHDRSP10': ParsedDataItem(IDX__TXHDRSP10, raw=0, derived=0, unit=None), 'IDX__TXHDRFSWAIDCOPY': ParsedDataItem(IDX__TXHDRFSWAIDCOPY, raw=2415277394, derived=2415277394, unit=None), 'IDX__TXHDRFSWBINCOPY': ParsedDataItem(IDX__TXHDRFSWBINCOPY, raw=0, derived=0, unit=None), 'IDX__TXHDRFSWMAJOR': ParsedDataItem(IDX__TXHDRFSWMAJOR, raw=2, derived=2, unit=None), 'IDX__TXHDRFSWMINOR': ParsedDataItem(IDX__TXHDRFSWMINOR, raw=0, derived=0, unit=None), 'IDX__TXHDRFSWPATCH': ParsedDataItem(IDX__TXHDRFSWPATCH, raw=0, derived=0, unit=None), 'IDX__TXHDRFSWHVSTAT': ParsedDataItem(IDX__TXHDRFSWHVSTAT, raw=3, derived=3, unit=None), 'IDX__TXHDRFSWMEM0': ParsedDataItem(IDX__TXHDRFSWMEM0, raw=0, derived=0, unit=None), 'IDX__TXHDRFSWMEM1': ParsedDataItem(IDX__TXHDRFSWMEM1, raw=0, derived=0, unit=None), 'IDX__TXHDRFSWPT0': ParsedDataItem(IDX__TXHDRFSWPT0, raw=0, derived=0, unit=None), 'IDX__TXHDRFSWPT1': ParsedDataItem(IDX__TXHDRFSWPT1, raw=0, derived=0, unit=None), 'IDX__TXHDRFSWPT2': ParsedDataItem(IDX__TXHDRFSWPT2, raw=0, derived=0, unit=None), 'IDX__TXHDRFSWPT3': ParsedDataItem(IDX__TXHDRFSWPT3, raw=0, derived=0, unit=None), 'IDX__TXHDRFSWPT4': ParsedDataItem(IDX__TXHDRFSWPT4, raw=0, derived=0, unit=None), 'IDX__TXHDRFSWPT5': ParsedDataItem(IDX__TXHDRFSWPT5, raw=0, derived=0, unit=None), 'IDX__TXHDRFSWPT6': ParsedDataItem(IDX__TXHDRFSWPT6, raw=0, derived=0, unit=None), 'IDX__TXHDRFSWPT7': ParsedDataItem(IDX__TXHDRFSWPT7, raw=0, derived=0, unit=None), 'IDX__TXHDRFSWPT8': ParsedDataItem(IDX__TXHDRFSWPT8, raw=0, derived=0, unit=None), 'IDX__TXHDRFSWPT9': ParsedDataItem(IDX__TXHDRFSWPT9, raw=0, derived=0, unit=None), 'IDX__TXHDRFPGAVER': ParsedDataItem(IDX__TXHDRFPGAVER, raw=539165480, derived=539165480, unit=None), 'IDX__SYNCSCI0PKT': ParsedDataItem(IDX__SYNCSCI0PKT, raw=13107, derived=13107, unit=None), 'IDX__CRCSCI0PKT': ParsedDataItem(IDX__CRCSCI0PKT, raw=27995, derived=27995, unit=None)}
SHCOARSE = 439590195
SHFINE = 11064
IDX__SCI0AID = 2415277394
IDX__SCI0TYPE = 1
IDX__SCI0CONT = 127
IDX__SCI0SPARE1 = 0
IDX__SCI0PACK = EN
IDX__SCI0FRAG = DS
IDX__SCI0COMP = DS
IDX__SCI0EVTNUM = 5
IDX__SCI0CAT = 32
IDX__SCI0QUAL = 5
IDX__SCI0FRAGOFF = 0
IDX__SCI0VER = 9
IDX__SCI0TIME32 = 439589742
IDX__SCI0SPARE2 = 0
IDX__SCI0SPARE3 = 0
IDX__SCI0SPARE4 = 0
IDX__TXHDRSCIEVTLEN = 8320
IDX__TXHDRSP00 = 0
IDX__TXHDRTIMESEC1 = 6707
IDX__TXHDRTIMESEC2 = 39790
IDX__TXHDRTIMESUBS = 37516
IDX__TXHDRSP01 = 0
IDX__TXHDRTRIGOFFSET = 2
IDX__TXHDRSP02 = 0
IDX__TXHDRTRIGID = 1
IDX__TXHDREVTNUM = 5
IDX__TXHDRBLOCKS = 243679
IDX__TXHDRHGTRIGCTRL1 = 2222981120
IDX__TXHDRHGTRIGCTRL2 = 0
IDX__TXHDRLGTRIGCTRL1 = 4294965248
IDX__TXHDRLGTRIGCTRL2 = 4278255360
IDX__TXHDRMGTRIGCTRL1 = 4294965248
IDX__TXHDRMGTRIGCTRL2 = 4278255360
IDX__TXHDRSP03 = 0
IDX__TXHDRLSADC = 555521
IDX__TXHDRPOLSTAT = NEG
IDX__TXHDRSP04 = 0
IDX__TXHDRPOLCTRL = POS
IDX__TXHDRCOINENA = DIS
IDX__TXHDRLSTRIGMODE = DIS
IDX__TXHDRMGTRIGMODE = 0
IDX__TXHDRLGTRIGMODE = 0
IDX__TXHDRHGTRIGMODE = 1
IDX__TXHDRSP05 = 0
IDX__TXHDRSP06 = 0
IDX__TXHDRSP07 = 2022
IDX__TXHDRSP08 = 0
IDX__TXHDRTOFMAX = 541597204
IDX__TXHDRTOFMIN = 535295476
IDX__TXHDRLS0MAXMIN = 8464396
IDX__TXHDRLS1MAXMIN = 8484833
IDX__TXHDRLS2MAXMIN = 8320997
IDX__TXHDRFIFODELAY = 18
IDX__TXHDRSAMPDELAY = 15744051
IDX__TXHDRTRANSCNT = 2
IDX__TXHDRPROCHKCH01 = 81527416
IDX__TXHDRPROCHKCH23 = 240258367
IDX__TXHDRPROCHKCH45 = 199034078
IDX__TXHDRPROCHKCH67 = 134088995
IDX__TXHDRHVPSHKCH01 = 131663463
IDX__TXHDRHVPSHKCH23 = 8849067
IDX__TXHDRHVPSHKCH45 = 152897500
IDX__TXHDRHVPSHKCH67 = 20056717
IDX__TXHDRLVHK0CH01 = 134219776
IDX__TXHDRLVHK0CH23 = 173018038
IDX__TXHDRLVHK0CH45 = 134941794
IDX__TXHDRLVHK0CH67 = 207096915
IDX__TXHDRLVHK1CH01 = 32114209
IDX__TXHDRLVHK1CH23 = 63571204
IDX__TXHDRLVHK1CH45 = 183502389
IDX__TXHDRLVHK1CH67 = 189202913
IDX__TXHDRLVHK2CH01 = 42730130
IDX__TXHDRLVHK2CH23 = 260047824
IDX__TXHDRLVHK2CH45 = 101257134
IDX__TXHDRLVHK2CH67 = 69022
IDX__TXHDRSP09 = 0
IDX__TXHDRSP10 = 0
IDX__TXHDRFSWAIDCOPY = 2415277394
IDX__TXHDRFSWBINCOPY = 0
IDX__TXHDRFSWMAJOR = 2
IDX__TXHDRFSWMINOR = 0
IDX__TXHDRFSWPATCH = 0
IDX__TXHDRFSWHVSTAT = 3
IDX__TXHDRFSWMEM0 = 0
IDX__TXHDRFSWMEM1 = 0
IDX__TXHDRFSWPT0 = 0
IDX__TXHDRFSWPT1 = 0
IDX__TXHDRFSWPT2 = 0
IDX__TXHDRFSWPT3 = 0
IDX__TXHDRFSWPT4 = 0
IDX__TXHDRFSWPT5 = 0
IDX__TXHDRFSWPT6 = 0
IDX__TXHDRFSWPT7 = 0
IDX__TXHDRFSWPT8 = 0
IDX__TXHDRFSWPT9 = 0
IDX__TXHDRFPGAVER = 539165480
IDX__SYNCSCI0PKT = 13107
IDX__CRCSCI0PKT = 27995
^*****Event header 4******^
HS pre trig sampling blocks:  31
LS pre trig sampling blocks:  3
HS post trig sampling blocks:  31
LS post trig sampling blocks:  11
IDX__TXHDRHVPSHKCH01 = 131663463
Detector voltage =  1639
Sensor voltage =  2009
Target voltage =  1707
Reflectron voltage =  135
Rejection voltage =  2012
Current for HVPS sensor =  2333
Positive current for HVPS sensor =  2701
Negative current for HVPS sensor =  306
Voltage +3.3V reference =  2048
Voltage +3.3V operational reference =  2048
Voltage -6V bus =  2998
Voltage +6V bus =  2640
Voltage +16V bus =  3170
Voltage +3.3V bus =  2059
Voltage -5V bus =  3155
Voltage +5V bus =  3160
Current +3.3V bus =  1569
Current +16V bus =  970
Current +6V bus =  1284
Current -6V bus =  970
Current +5V bus =  1589
Current -5V bus =  2800
Current +2.5V bus =  481
Current -2.5V bus =  2887
Current on the 1V POL =  632
Current on the 1.9V POL =  1244
ProcBd Temperature 1 =  3391
ProcBd Temperature 2 =  3666
Voltage on 1V bus =  1246
FPGA Temperature =  3037
Voltage on 1.9V bus =  2339
Voltage on 3.3V bus =  2046
var_to_row = {'Last measurement in raw DN for Processor Board signal “1V POL Current”': 0, 'Last measurement in raw DN for Processor Board signal “1.9V POL Current”': 1, 'Last measurement in raw DN for Processor Board signal “ProcBd Temp1”': 2, nan: 48, 'Last measurement in raw DN for Processor Board signal “ProcBd Temp2”': 6, 'Last measurement in raw DN for Processor Board signal “1V Voltage”': 10, 'Last measurement in raw DN for Processor Board signal “FPGA Temp”': 11, 'Last measurement in raw DN for Processor Board signal “1.9V Voltage”': 12, 'Last measurement in raw DN for Processor Board signal “3.3V Voltage”': 13, 'Last measurement in raw DN for HVPS Board signal “Detector Voltage”': 14, 'Last measurement in raw DN for HVPS Board signal “Sensor Voltage"': 15, 'Last measurement in raw DN for HVPS Board signal “Target Voltage”': 16, 'Last measurement in raw DN for HVPS Board signal “Reflectron Voltage”': 17, 'Last measurement in raw DN for HVPS Board signal “Rejection Voltage”': 18, 'Last measurement in raw DN for HVPS Board signal “Detector Current”': 19, 'Last measurement in raw DN for HVPS Board signal “Sensor IP”': 20, 'Last measurement in raw DN for HVPS Board signal “Sensor IN”': 21, 'Last measurement in raw DN for LVPS Board signal “P3.3VREF_HK”': 22, 'Last measurement in raw DN for LVPS Board signal “P3.3VREF_OP”': 23, 'Last measurement in raw DN for LVPS Board signal “N6V”': 24, 'Last measurement in raw DN for LVPS Board signal “P6V”': 25, 'Last measurement in raw DN for LVPS Board signal “P16V”': 26, 'Last measurement in raw DN for LVPS Board signal “P3.3V”': 27, 'Last measurement in raw DN for LVPS Board signal “N5V”': 28, 'Last measurement in raw DN for LVPS Board signal “P5V”': 29, 'Last measurement in raw DN for LVPS Board signal “P3.3_IMON”': 30, 'Last measurement in raw DN for LVPS Board signal “P16V_IMON”': 31, 'Last measurement in raw DN for LVPS Board signal “P6V_IMON”': 32, 'Last measurement in raw DN for LVPS Board signal “N6V_IMON”': 33, 'Last measurement in raw DN for LVPS Board signal “P5V_IMON”': 34, 'Last measurement in raw DN for LVPS Board signal “N5V_IMON”': 35, 'Last measurement in raw DN for LVPS Board signal “P2.5V_IMON”': 36, 'Last measurement in raw DN for LVPS Board signal “N2.5V_IMON”': 37, 'Last measurement in raw DN for LVPS Board signal “THERM_DECON0”': 38, 'Last measurement in raw DN for LVPS Board signal “THERM_DECON1”': 39, 'Last measurement in raw DN for LVPS Board signal “THERM_DAB”': 40, 'Last measurement in raw DN for LVPS Board signal “THERM_LVPS”': 41, 'Last measurement in raw DN for LVPS Board signal “THERM_HVPS”': 45, 'Last measurement in raw DN for LVPS Board signal “P2.5V”': 49, 'Last measurement in raw DN for LVPS Board signal “N2.5V”': 50, 'Last measurement in raw DN for LVPS Board signal “Spare”': 51}

 
 ***** var_name being converted for each instrument setting ***** 
 

Matching row  18
coeffs for Last measurement in raw DN for Processor Board signal “1V POL Current”= [0.0 0.9029253 0.0 0.0 0.0 0.0 0.0 0.0]
var_name = Last measurement in raw DN for Processor Board signal “1V POL Current”
var_name = current_1V_pol
Header info = 632
Transformed value for current_1V_pol = 570.6487896
Matching row  18
coeffs for Last measurement in raw DN for Processor Board signal “1.9V POL Current”= [0.0 0.9029253 0.0 0.0 0.0 0.0 0.0 0.0]
var_name = Last measurement in raw DN for Processor Board signal “1.9V POL Current”
var_name = current_1.9V_pol
Header info = 1244
Transformed value for current_1.9V_pol = 1123.2390732000001
Matching row  18
coeffs for Last measurement in raw DN for Processor Board signal “ProcBd Temp1”= [162.8276 -0.2668687 0.0003323794 -2.43153e-07 9.034532e-11 -1.327735e-14
 0.0 0.0]
var_name = Last measurement in raw DN for Processor Board signal “ProcBd Temp1”
var_name = temperature_1
Header info = 3391
Transformed value for temperature_1 = -408.6811903905609
Matching row  18
coeffs for nan= [-104713.9 52.02446 -0.006463374 0.0 0.0 0.0 0.0 0.0]
var_name = nan
var_name = None
KeyError: (4, None) - Could not find entry for None, 48. Please check the Var_notes or variable mapping.
Matching row  18
coeffs for Last measurement in raw DN for Processor Board signal “ProcBd Temp2”= [162.8276 -0.2668687 0.0003323794 -2.43153e-07 9.034532e-11 -1.327735e-14
 0.0 0.0]
var_name = Last measurement in raw DN for Processor Board signal “ProcBd Temp2”
var_name = temperature_2
Header info = 3666
Transformed value for temperature_2 = -801.8818752684547
Matching row  18
coeffs for Last measurement in raw DN for Processor Board signal “1V Voltage”= [0.0 0.000805861 0.0 0.0 0.0 0.0 0.0 0.0]
var_name = Last measurement in raw DN for Processor Board signal “1V Voltage”
var_name = voltage_1V_bus
Header info = 1246
Transformed value for voltage_1V_bus = 1.004102806
Matching row  18
coeffs for Last measurement in raw DN for Processor Board signal “FPGA Temp”= [358.31 -0.1187104 0.0 0.0 0.0 0.0 0.0 0.0]
var_name = Last measurement in raw DN for Processor Board signal “FPGA Temp”
var_name = fpga_temperature
Header info = 3037
Transformed value for fpga_temperature = -2.2134848000000034
Matching row  18
coeffs for Last measurement in raw DN for Processor Board signal “1.9V Voltage”= [0.0 0.000805861 0.0 0.0 0.0 0.0 0.0 0.0]
var_name = Last measurement in raw DN for Processor Board signal “1.9V Voltage”
var_name = voltage_1.9V_bus
Header info = 2339
Transformed value for voltage_1.9V_bus = 1.884908879
Matching row  18
coeffs for Last measurement in raw DN for Processor Board signal “3.3V Voltage”= [0.0 0.001611722 0.0 0.0 0.0 0.0 0.0 0.0]
var_name = Last measurement in raw DN for Processor Board signal “3.3V Voltage”
var_name = voltage_3.3V_bus
Header info = 2046
Transformed value for voltage_3.3V_bus = 3.2975832119999997
Matching row  18
coeffs for Last measurement in raw DN for HVPS Board signal “Detector Voltage”= [0.0 1.4652 0.0 0.0 0.0 0.0 0.0 0.0]
var_name = Last measurement in raw DN for HVPS Board signal “Detector Voltage”
var_name = detector_voltage
Header info = 1639
Transformed value for detector_voltage = 2401.4628000000002
Matching row  18
coeffs for Last measurement in raw DN for HVPS Board signal “Sensor Voltage"= [0.0 1.4652 0.0 0.0 0.0 0.0 0.0 0.0]
var_name = Last measurement in raw DN for HVPS Board signal “Sensor Voltage"
var_name = sensor_voltage
Header info = 2009
Transformed value for sensor_voltage = 2943.5868
Matching row  18
coeffs for Last measurement in raw DN for HVPS Board signal “Target Voltage”= [0.0 1.4652 0.0 0.0 0.0 0.0 0.0 0.0]
var_name = Last measurement in raw DN for HVPS Board signal “Target Voltage”
var_name = target_voltage
Header info = 1707
Transformed value for target_voltage = 2501.0964
Matching row  18
coeffs for Last measurement in raw DN for HVPS Board signal “Reflectron Voltage”= [0.0 1.4652 0.0 0.0 0.0 0.0 0.0 0.0]
var_name = Last measurement in raw DN for HVPS Board signal “Reflectron Voltage”
var_name = reflectron_voltage
Header info = 135
Transformed value for reflectron_voltage = 197.80200000000002
Matching row  18
coeffs for Last measurement in raw DN for HVPS Board signal “Rejection Voltage”= [0.0 1.4652 0.0 0.0 0.0 0.0 0.0 0.0]
var_name = Last measurement in raw DN for HVPS Board signal “Rejection Voltage”
var_name = rejection_voltage
Header info = 2012
Transformed value for rejection_voltage = 2947.9824000000003
Matching row  18
coeffs for Last measurement in raw DN for HVPS Board signal “Detector Current”= [0.0 7.326e-06 0.0 0.0 0.0 0.0 0.0 0.0]
var_name = Last measurement in raw DN for HVPS Board signal “Detector Current”
var_name = current_hvps_sensor
Header info = 2333
Transformed value for current_hvps_sensor = 0.017091558
Matching row  18
coeffs for Last measurement in raw DN for HVPS Board signal “Sensor IP”= [0.0 2.4339e-05 0.0 0.0 0.0 0.0 0.0 0.0]
var_name = Last measurement in raw DN for HVPS Board signal “Sensor IP”
var_name = positive_current_hvps
Header info = 2701
Transformed value for positive_current_hvps = 0.065739639
Matching row  18
coeffs for Last measurement in raw DN for HVPS Board signal “Sensor IN”= [0.0 2.4339e-05 0.0 0.0 0.0 0.0 0.0 0.0]
var_name = Last measurement in raw DN for HVPS Board signal “Sensor IN”
var_name = negative_current_hvps
Header info = 306
Transformed value for negative_current_hvps = 0.007447733999999999
Matching row  18
coeffs for Last measurement in raw DN for LVPS Board signal “P3.3VREF_HK”= [0.0 0.00161172 0.0 0.0 0.0 0.0 0.0 0.0]
var_name = Last measurement in raw DN for LVPS Board signal “P3.3VREF_HK”
var_name = voltage_3V3_ref
Header info = 2048
Transformed value for voltage_3V3_ref = 3.30080256
Matching row  18
coeffs for Last measurement in raw DN for LVPS Board signal “P3.3VREF_OP”= [0.0 0.00161172 0.0 0.0 0.0 0.0 0.0 0.0]
var_name = Last measurement in raw DN for LVPS Board signal “P3.3VREF_OP”
var_name = voltage_3V3_op_ref
Header info = 2048
Transformed value for voltage_3V3_op_ref = 3.30080256
Matching row  18
coeffs for Last measurement in raw DN for LVPS Board signal “N6V”= [-33.0 0.00886447 0.0 0.0 0.0 0.0 0.0 0.0]
var_name = Last measurement in raw DN for LVPS Board signal “N6V”
var_name = voltage_neg6V_bus
Header info = 2998
Transformed value for voltage_neg6V_bus = -6.424318940000003
Matching row  18
coeffs for Last measurement in raw DN for LVPS Board signal “P6V”= [0.0 0.00241758 0.0 0.0 0.0 0.0 0.0 0.0]
var_name = Last measurement in raw DN for LVPS Board signal “P6V”
var_name = voltage_pos6V_bus
Header info = 2640
Transformed value for voltage_pos6V_bus = 6.3824112
Matching row  18
coeffs for Last measurement in raw DN for LVPS Board signal “P16V”= [0.0 0.00482711 0.0 0.0 0.0 0.0 0.0 0.0]
var_name = Last measurement in raw DN for LVPS Board signal “P16V”
var_name = voltage_pos16V_bus
Header info = 3170
Transformed value for voltage_pos16V_bus = 15.3019387
Matching row  18
coeffs for Last measurement in raw DN for LVPS Board signal “P3.3V”= [0.0 0.00161172 0.0 0.0 0.0 0.0 0.0 0.0]
var_name = Last measurement in raw DN for LVPS Board signal “P3.3V”
var_name = voltage_pos3V3_bus
Header info = 2059
Transformed value for voltage_pos3V3_bus = 3.3185314800000003
Matching row  18
coeffs for Last measurement in raw DN for LVPS Board signal “N5V”= [-33.0 0.00886447 0.0 0.0 0.0 0.0 0.0 0.0]
var_name = Last measurement in raw DN for LVPS Board signal “N5V”
var_name = voltage_neg5V_bus
Header info = 3155
Transformed value for voltage_neg5V_bus = -5.032597150000001
Matching row  18
coeffs for Last measurement in raw DN for LVPS Board signal “P5V”= [0.0 0.00161172 0.0 0.0 0.0 0.0 0.0 0.0]
var_name = Last measurement in raw DN for LVPS Board signal “P5V”
var_name = voltage_pos5V_bus
Header info = 3160
Transformed value for voltage_pos5V_bus = 5.0930352
Matching row  18
coeffs for Last measurement in raw DN for LVPS Board signal “P3.3_IMON”= [0.0 0.00161172 0.0 0.0 0.0 0.0 0.0 0.0]
var_name = Last measurement in raw DN for LVPS Board signal “P3.3_IMON”
var_name = current_3V3_bus
Header info = 1569
Transformed value for current_3V3_bus = 2.5287886800000003
Matching row  18
coeffs for Last measurement in raw DN for LVPS Board signal “P16V_IMON”= [0.0 0.000161172 0.0 0.0 0.0 0.0 0.0 0.0]
var_name = Last measurement in raw DN for LVPS Board signal “P16V_IMON”
var_name = current_16V_bus
Header info = 970
Transformed value for current_16V_bus = 0.15633684
Matching row  18
coeffs for Last measurement in raw DN for LVPS Board signal “P6V_IMON”= [0.0 8.05861e-05 0.0 0.0 0.0 0.0 0.0 0.0]
var_name = Last measurement in raw DN for LVPS Board signal “P6V_IMON”
var_name = current_6V_bus
Header info = 1284
Transformed value for current_6V_bus = 0.1034725524
Matching row  18
coeffs for Last measurement in raw DN for LVPS Board signal “N6V_IMON”= [0.0 -8.05861e-05 0.0 0.0 0.0 0.0 0.0 0.0]
var_name = Last measurement in raw DN for LVPS Board signal “N6V_IMON”
var_name = current_neg6V_bus
Header info = 970
Transformed value for current_neg6V_bus = -0.07816851699999999
Matching row  18
coeffs for Last measurement in raw DN for LVPS Board signal “P5V_IMON”= [0.0 4.029304e-05 0.0 0.0 0.0 0.0 0.0 0.0]
var_name = Last measurement in raw DN for LVPS Board signal “P5V_IMON”
var_name = current_5V_bus
Header info = 1589
Transformed value for current_5V_bus = 0.06402564056
Matching row  18
coeffs for Last measurement in raw DN for LVPS Board signal “N5V_IMON”= [0.0 -2.01465e-05 0.0 0.0 0.0 0.0 0.0 0.0]
var_name = Last measurement in raw DN for LVPS Board signal “N5V_IMON”
var_name = current_neg5V_bus
Header info = 2800
Transformed value for current_neg5V_bus = -0.0564102
Matching row  18
coeffs for Last measurement in raw DN for LVPS Board signal “P2.5V_IMON”= [0.0 0.00161172 0.0 0.0 0.0 0.0 0.0 0.0]
var_name = Last measurement in raw DN for LVPS Board signal “P2.5V_IMON”
var_name = current_2V5_bus
Header info = 481
Transformed value for current_2V5_bus = 0.77523732
Matching row  18
coeffs for Last measurement in raw DN for LVPS Board signal “N2.5V_IMON”= [0.0 -4.0293e-05 0.0 0.0 0.0 0.0 0.0 0.0]
var_name = Last measurement in raw DN for LVPS Board signal “N2.5V_IMON”
var_name = current_neg2V5_bus
Header info = 2887
Transformed value for current_neg2V5_bus = -0.116325891
Matching row  18
coeffs for Last measurement in raw DN for LVPS Board signal “THERM_DECON0”= [-110.293 0.0665351 0.000305738 -6.32048e-07 5.9934e-10 -2.98784e-13
 7.61361e-17 -7.76467e-21]
var_name = Last measurement in raw DN for LVPS Board signal “THERM_DECON0”
var_name = None
KeyError: (4, None) - Could not find entry for None, 38. Please check the Var_notes or variable mapping.
Matching row  18
coeffs for Last measurement in raw DN for LVPS Board signal “THERM_DECON1”= [-150.478 0.376986 -0.00062072 7.73853e-07 -5.81588e-10 2.56368e-13
 -6.05698e-17 5.96635e-21]
var_name = Last measurement in raw DN for LVPS Board signal “THERM_DECON1”
var_name = None
KeyError: (4, None) - Could not find entry for None, 39. Please check the Var_notes or variable mapping.
Matching row  18
coeffs for Last measurement in raw DN for LVPS Board signal “THERM_DAB”= [-443.248 1.31224 -0.00180422 1.40016e-06 -6.43766e-10 1.7448e-13
 -2.57695e-17 1.60239e-21]
var_name = Last measurement in raw DN for LVPS Board signal “THERM_DAB”
var_name = None
KeyError: (4, None) - Could not find entry for None, 40. Please check the Var_notes or variable mapping.
Matching row  18
coeffs for Last measurement in raw DN for LVPS Board signal “THERM_LVPS”= [200.4137 -0.2020699 0.000175403 -9.739547e-08 2.888932e-11 -3.545603e-15
 0.0 0.0]
var_name = Last measurement in raw DN for LVPS Board signal “THERM_LVPS”
var_name = None
KeyError: (4, None) - Could not find entry for None, 41. Please check the Var_notes or variable mapping.
Matching row  18
coeffs for Last measurement in raw DN for LVPS Board signal “THERM_HVPS”= [200.4137 -0.2020699 0.000175403 -9.739547e-08 2.888932e-11 -3.545603e-15
 0.0 0.0]
var_name = Last measurement in raw DN for LVPS Board signal “THERM_HVPS”
var_name = None
KeyError: (4, None) - Could not find entry for None, 45. Please check the Var_notes or variable mapping.
Matching row  18
coeffs for Last measurement in raw DN for LVPS Board signal “P2.5V”= [0.0 0.00161172 0.0 0.0 0.0 0.0 0.0 0.0]
var_name = Last measurement in raw DN for LVPS Board signal “P2.5V”
var_name = None
KeyError: (4, None) - Could not find entry for None, 49. Please check the Var_notes or variable mapping.
Matching row  18
coeffs for Last measurement in raw DN for LVPS Board signal “N2.5V”= [-33.0 0.00886447 0.0 0.0 0.0 0.0 0.0 0.0]
var_name = Last measurement in raw DN for LVPS Board signal “N2.5V”
var_name = None
KeyError: (4, None) - Could not find entry for None, 50. Please check the Var_notes or variable mapping.
Matching row  18
coeffs for Last measurement in raw DN for LVPS Board signal “Spare”= [0.0 0.00161172 0.0 0.0 0.0 0.0 0.0 0.0]
var_name = Last measurement in raw DN for LVPS Board signal “Spare”
var_name = spare_signal
KeyError: (4, 'spare_signal') - Could not find entry for spare_signal, 51. Please check the Var_notes or variable mapping.
High gain delay = 15 samples.
Mid gain delay = 15 samples.
Low gain delay = 51 samples.
High sampling trigger mode =  0 0 1
High gain trigger mode enabled.
For 2222981120, HG Trigger level = 0.15317, sample settings = 0, 0
Threshold trigger mode enabled for high gain channel.
AID = 2415277394
Event number = 5
Rice compression enabled = False
Timestamp = 439569022.20688 seconds since epoch (Midnight January 1st, 2010)
Trigger time = 2023-12-06 14:30:22.206880+00:00
4
4
4
4
4
4
4
4
4
4
4
4
4
{'SHCOARSE': ParsedDataItem(SHCOARSE, raw=439590210, derived=439590210, unit=dn), 'SHFINE': ParsedDataItem(SHFINE, raw=11050, derived=11050, unit=dn), 'IDX__SCI0AID': ParsedDataItem(IDX__SCI0AID, raw=2415277394, derived=2415277394, unit=None), 'IDX__SCI0TYPE': ParsedDataItem(IDX__SCI0TYPE, raw=1, derived=1, unit=None), 'IDX__SCI0CONT': ParsedDataItem(IDX__SCI0CONT, raw=127, derived=127, unit=None), 'IDX__SCI0SPARE1': ParsedDataItem(IDX__SCI0SPARE1, raw=0, derived=0, unit=None), 'IDX__SCI0PACK': ParsedDataItem(IDX__SCI0PACK, raw=1, derived=EN, unit=None), 'IDX__SCI0FRAG': ParsedDataItem(IDX__SCI0FRAG, raw=0, derived=DS, unit=None), 'IDX__SCI0COMP': ParsedDataItem(IDX__SCI0COMP, raw=0, derived=DS, unit=None), 'IDX__SCI0EVTNUM': ParsedDataItem(IDX__SCI0EVTNUM, raw=6, derived=6, unit=None), 'IDX__SCI0CAT': ParsedDataItem(IDX__SCI0CAT, raw=32, derived=32, unit=None), 'IDX__SCI0QUAL': ParsedDataItem(IDX__SCI0QUAL, raw=5, derived=5, unit=None), 'IDX__SCI0FRAGOFF': ParsedDataItem(IDX__SCI0FRAGOFF, raw=0, derived=0, unit=None), 'IDX__SCI0VER': ParsedDataItem(IDX__SCI0VER, raw=9, derived=9, unit=None), 'IDX__SCI0TIME32': ParsedDataItem(IDX__SCI0TIME32, raw=439589752, derived=439589752, unit=None), 'IDX__SCI0SPARE2': ParsedDataItem(IDX__SCI0SPARE2, raw=0, derived=0, unit=None), 'IDX__SCI0SPARE3': ParsedDataItem(IDX__SCI0SPARE3, raw=0, derived=0, unit=None), 'IDX__SCI0SPARE4': ParsedDataItem(IDX__SCI0SPARE4, raw=0, derived=0, unit=None), 'IDX__TXHDRSCIEVTLEN': ParsedDataItem(IDX__TXHDRSCIEVTLEN, raw=8320, derived=8320, unit=None), 'IDX__TXHDRSP00': ParsedDataItem(IDX__TXHDRSP00, raw=0, derived=0, unit=None), 'IDX__TXHDRTIMESEC1': ParsedDataItem(IDX__TXHDRTIMESEC1, raw=6707, derived=6707, unit=None), 'IDX__TXHDRTIMESEC2': ParsedDataItem(IDX__TXHDRTIMESEC2, raw=39800, derived=39800, unit=None), 'IDX__TXHDRTIMESUBS': ParsedDataItem(IDX__TXHDRTIMESUBS, raw=37486, derived=37486, unit=None), 'IDX__TXHDRSP01': ParsedDataItem(IDX__TXHDRSP01, raw=0, derived=0, unit=None), 'IDX__TXHDRTRIGOFFSET': ParsedDataItem(IDX__TXHDRTRIGOFFSET, raw=2, derived=2, unit=None), 'IDX__TXHDRSP02': ParsedDataItem(IDX__TXHDRSP02, raw=0, derived=0, unit=None), 'IDX__TXHDRTRIGID': ParsedDataItem(IDX__TXHDRTRIGID, raw=1, derived=1, unit=None), 'IDX__TXHDREVTNUM': ParsedDataItem(IDX__TXHDREVTNUM, raw=6, derived=6, unit=None), 'IDX__TXHDRBLOCKS': ParsedDataItem(IDX__TXHDRBLOCKS, raw=243679, derived=243679, unit=None), 'IDX__TXHDRHGTRIGCTRL1': ParsedDataItem(IDX__TXHDRHGTRIGCTRL1, raw=2222981120, derived=2222981120, unit=None), 'IDX__TXHDRHGTRIGCTRL2': ParsedDataItem(IDX__TXHDRHGTRIGCTRL2, raw=0, derived=0, unit=None), 'IDX__TXHDRLGTRIGCTRL1': ParsedDataItem(IDX__TXHDRLGTRIGCTRL1, raw=4294965248, derived=4294965248, unit=None), 'IDX__TXHDRLGTRIGCTRL2': ParsedDataItem(IDX__TXHDRLGTRIGCTRL2, raw=4278255360, derived=4278255360, unit=None), 'IDX__TXHDRMGTRIGCTRL1': ParsedDataItem(IDX__TXHDRMGTRIGCTRL1, raw=4294965248, derived=4294965248, unit=None), 'IDX__TXHDRMGTRIGCTRL2': ParsedDataItem(IDX__TXHDRMGTRIGCTRL2, raw=4278255360, derived=4278255360, unit=None), 'IDX__TXHDRSP03': ParsedDataItem(IDX__TXHDRSP03, raw=0, derived=0, unit=None), 'IDX__TXHDRLSADC': ParsedDataItem(IDX__TXHDRLSADC, raw=555521, derived=555521, unit=None), 'IDX__TXHDRPOLSTAT': ParsedDataItem(IDX__TXHDRPOLSTAT, raw=1, derived=NEG, unit=None), 'IDX__TXHDRSP04': ParsedDataItem(IDX__TXHDRSP04, raw=0, derived=0, unit=None), 'IDX__TXHDRPOLCTRL': ParsedDataItem(IDX__TXHDRPOLCTRL, raw=0, derived=POS, unit=None), 'IDX__TXHDRCOINENA': ParsedDataItem(IDX__TXHDRCOINENA, raw=0, derived=DIS, unit=None), 'IDX__TXHDRLSTRIGMODE': ParsedDataItem(IDX__TXHDRLSTRIGMODE, raw=0, derived=DIS, unit=None), 'IDX__TXHDRMGTRIGMODE': ParsedDataItem(IDX__TXHDRMGTRIGMODE, raw=0, derived=0, unit=None), 'IDX__TXHDRLGTRIGMODE': ParsedDataItem(IDX__TXHDRLGTRIGMODE, raw=0, derived=0, unit=None), 'IDX__TXHDRHGTRIGMODE': ParsedDataItem(IDX__TXHDRHGTRIGMODE, raw=1, derived=1, unit=None), 'IDX__TXHDRSP05': ParsedDataItem(IDX__TXHDRSP05, raw=0, derived=0, unit=None), 'IDX__TXHDRSP06': ParsedDataItem(IDX__TXHDRSP06, raw=0, derived=0, unit=None), 'IDX__TXHDRSP07': ParsedDataItem(IDX__TXHDRSP07, raw=2022, derived=2022, unit=None), 'IDX__TXHDRSP08': ParsedDataItem(IDX__TXHDRSP08, raw=0, derived=0, unit=None), 'IDX__TXHDRTOFMAX': ParsedDataItem(IDX__TXHDRTOFMAX, raw=574103551, derived=574103551, unit=None), 'IDX__TXHDRTOFMIN': ParsedDataItem(IDX__TXHDRTOFMIN, raw=535295470, derived=535295470, unit=None), 'IDX__TXHDRLS0MAXMIN': ParsedDataItem(IDX__TXHDRLS0MAXMIN, raw=8464397, derived=8464397, unit=None), 'IDX__TXHDRLS1MAXMIN': ParsedDataItem(IDX__TXHDRLS1MAXMIN, raw=8488927, derived=8488927, unit=None), 'IDX__TXHDRLS2MAXMIN': ParsedDataItem(IDX__TXHDRLS2MAXMIN, raw=8353765, derived=8353765, unit=None), 'IDX__TXHDRFIFODELAY': ParsedDataItem(IDX__TXHDRFIFODELAY, raw=18, derived=18, unit=None), 'IDX__TXHDRSAMPDELAY': ParsedDataItem(IDX__TXHDRSAMPDELAY, raw=15744051, derived=15744051, unit=None), 'IDX__TXHDRTRANSCNT': ParsedDataItem(IDX__TXHDRTRANSCNT, raw=26, derived=26, unit=None), 'IDX__TXHDRPROCHKCH01': ParsedDataItem(IDX__TXHDRPROCHKCH01, raw=81527417, derived=81527417, unit=None), 'IDX__TXHDRPROCHKCH23': ParsedDataItem(IDX__TXHDRPROCHKCH23, raw=240258367, derived=240258367, unit=None), 'IDX__TXHDRPROCHKCH45': ParsedDataItem(IDX__TXHDRPROCHKCH45, raw=199099614, derived=199099614, unit=None), 'IDX__TXHDRPROCHKCH67': ParsedDataItem(IDX__TXHDRPROCHKCH67, raw=134088995, derived=134088995, unit=None), 'IDX__TXHDRHVPSHKCH01': ParsedDataItem(IDX__TXHDRHVPSHKCH01, raw=131663463, derived=131663463, unit=None), 'IDX__TXHDRHVPSHKCH23': ParsedDataItem(IDX__TXHDRHVPSHKCH23, raw=8849067, derived=8849067, unit=None), 'IDX__TXHDRHVPSHKCH45': ParsedDataItem(IDX__TXHDRHVPSHKCH45, raw=152897501, derived=152897501, unit=None), 'IDX__TXHDRHVPSHKCH67': ParsedDataItem(IDX__TXHDRHVPSHKCH67, raw=20056716, derived=20056716, unit=None), 'IDX__TXHDRLVHK0CH01': ParsedDataItem(IDX__TXHDRLVHK0CH01, raw=134219776, derived=134219776, unit=None), 'IDX__TXHDRLVHK0CH23': ParsedDataItem(IDX__TXHDRLVHK0CH23, raw=173018038, derived=173018038, unit=None), 'IDX__TXHDRLVHK0CH45': ParsedDataItem(IDX__TXHDRLVHK0CH45, raw=134941794, derived=134941794, unit=None), 'IDX__TXHDRLVHK0CH67': ParsedDataItem(IDX__TXHDRLVHK0CH67, raw=207096915, derived=207096915, unit=None), 'IDX__TXHDRLVHK1CH01': ParsedDataItem(IDX__TXHDRLVHK1CH01, raw=32114208, derived=32114208, unit=None), 'IDX__TXHDRLVHK1CH23': ParsedDataItem(IDX__TXHDRLVHK1CH23, raw=63571204, derived=63571204, unit=None), 'IDX__TXHDRLVHK1CH45': ParsedDataItem(IDX__TXHDRLVHK1CH45, raw=183502389, derived=183502389, unit=None), 'IDX__TXHDRLVHK1CH67': ParsedDataItem(IDX__TXHDRLVHK1CH67, raw=189202913, derived=189202913, unit=None), 'IDX__TXHDRLVHK2CH01': ParsedDataItem(IDX__TXHDRLVHK2CH01, raw=42730130, derived=42730130, unit=None), 'IDX__TXHDRLVHK2CH23': ParsedDataItem(IDX__TXHDRLVHK2CH23, raw=260047824, derived=260047824, unit=None), 'IDX__TXHDRLVHK2CH45': ParsedDataItem(IDX__TXHDRLVHK2CH45, raw=101257134, derived=101257134, unit=None), 'IDX__TXHDRLVHK2CH67': ParsedDataItem(IDX__TXHDRLVHK2CH67, raw=69022, derived=69022, unit=None), 'IDX__TXHDRSP09': ParsedDataItem(IDX__TXHDRSP09, raw=0, derived=0, unit=None), 'IDX__TXHDRSP10': ParsedDataItem(IDX__TXHDRSP10, raw=0, derived=0, unit=None), 'IDX__TXHDRFSWAIDCOPY': ParsedDataItem(IDX__TXHDRFSWAIDCOPY, raw=2415277394, derived=2415277394, unit=None), 'IDX__TXHDRFSWBINCOPY': ParsedDataItem(IDX__TXHDRFSWBINCOPY, raw=0, derived=0, unit=None), 'IDX__TXHDRFSWMAJOR': ParsedDataItem(IDX__TXHDRFSWMAJOR, raw=2, derived=2, unit=None), 'IDX__TXHDRFSWMINOR': ParsedDataItem(IDX__TXHDRFSWMINOR, raw=0, derived=0, unit=None), 'IDX__TXHDRFSWPATCH': ParsedDataItem(IDX__TXHDRFSWPATCH, raw=0, derived=0, unit=None), 'IDX__TXHDRFSWHVSTAT': ParsedDataItem(IDX__TXHDRFSWHVSTAT, raw=3, derived=3, unit=None), 'IDX__TXHDRFSWMEM0': ParsedDataItem(IDX__TXHDRFSWMEM0, raw=0, derived=0, unit=None), 'IDX__TXHDRFSWMEM1': ParsedDataItem(IDX__TXHDRFSWMEM1, raw=0, derived=0, unit=None), 'IDX__TXHDRFSWPT0': ParsedDataItem(IDX__TXHDRFSWPT0, raw=0, derived=0, unit=None), 'IDX__TXHDRFSWPT1': ParsedDataItem(IDX__TXHDRFSWPT1, raw=0, derived=0, unit=None), 'IDX__TXHDRFSWPT2': ParsedDataItem(IDX__TXHDRFSWPT2, raw=0, derived=0, unit=None), 'IDX__TXHDRFSWPT3': ParsedDataItem(IDX__TXHDRFSWPT3, raw=0, derived=0, unit=None), 'IDX__TXHDRFSWPT4': ParsedDataItem(IDX__TXHDRFSWPT4, raw=0, derived=0, unit=None), 'IDX__TXHDRFSWPT5': ParsedDataItem(IDX__TXHDRFSWPT5, raw=0, derived=0, unit=None), 'IDX__TXHDRFSWPT6': ParsedDataItem(IDX__TXHDRFSWPT6, raw=0, derived=0, unit=None), 'IDX__TXHDRFSWPT7': ParsedDataItem(IDX__TXHDRFSWPT7, raw=0, derived=0, unit=None), 'IDX__TXHDRFSWPT8': ParsedDataItem(IDX__TXHDRFSWPT8, raw=0, derived=0, unit=None), 'IDX__TXHDRFSWPT9': ParsedDataItem(IDX__TXHDRFSWPT9, raw=0, derived=0, unit=None), 'IDX__TXHDRFPGAVER': ParsedDataItem(IDX__TXHDRFPGAVER, raw=539165480, derived=539165480, unit=None), 'IDX__SYNCSCI0PKT': ParsedDataItem(IDX__SYNCSCI0PKT, raw=13107, derived=13107, unit=None), 'IDX__CRCSCI0PKT': ParsedDataItem(IDX__CRCSCI0PKT, raw=25353, derived=25353, unit=None)}
SHCOARSE = 439590210
SHFINE = 11050
IDX__SCI0AID = 2415277394
IDX__SCI0TYPE = 1
IDX__SCI0CONT = 127
IDX__SCI0SPARE1 = 0
IDX__SCI0PACK = EN
IDX__SCI0FRAG = DS
IDX__SCI0COMP = DS
IDX__SCI0EVTNUM = 6
IDX__SCI0CAT = 32
IDX__SCI0QUAL = 5
IDX__SCI0FRAGOFF = 0
IDX__SCI0VER = 9
IDX__SCI0TIME32 = 439589752
IDX__SCI0SPARE2 = 0
IDX__SCI0SPARE3 = 0
IDX__SCI0SPARE4 = 0
IDX__TXHDRSCIEVTLEN = 8320
IDX__TXHDRSP00 = 0
IDX__TXHDRTIMESEC1 = 6707
IDX__TXHDRTIMESEC2 = 39800
IDX__TXHDRTIMESUBS = 37486
IDX__TXHDRSP01 = 0
IDX__TXHDRTRIGOFFSET = 2
IDX__TXHDRSP02 = 0
IDX__TXHDRTRIGID = 1
IDX__TXHDREVTNUM = 6
IDX__TXHDRBLOCKS = 243679
IDX__TXHDRHGTRIGCTRL1 = 2222981120
IDX__TXHDRHGTRIGCTRL2 = 0
IDX__TXHDRLGTRIGCTRL1 = 4294965248
IDX__TXHDRLGTRIGCTRL2 = 4278255360
IDX__TXHDRMGTRIGCTRL1 = 4294965248
IDX__TXHDRMGTRIGCTRL2 = 4278255360
IDX__TXHDRSP03 = 0
IDX__TXHDRLSADC = 555521
IDX__TXHDRPOLSTAT = NEG
IDX__TXHDRSP04 = 0
IDX__TXHDRPOLCTRL = POS
IDX__TXHDRCOINENA = DIS
IDX__TXHDRLSTRIGMODE = DIS
IDX__TXHDRMGTRIGMODE = 0
IDX__TXHDRLGTRIGMODE = 0
IDX__TXHDRHGTRIGMODE = 1
IDX__TXHDRSP05 = 0
IDX__TXHDRSP06 = 0
IDX__TXHDRSP07 = 2022
IDX__TXHDRSP08 = 0
IDX__TXHDRTOFMAX = 574103551
IDX__TXHDRTOFMIN = 535295470
IDX__TXHDRLS0MAXMIN = 8464397
IDX__TXHDRLS1MAXMIN = 8488927
IDX__TXHDRLS2MAXMIN = 8353765
IDX__TXHDRFIFODELAY = 18
IDX__TXHDRSAMPDELAY = 15744051
IDX__TXHDRTRANSCNT = 26
IDX__TXHDRPROCHKCH01 = 81527417
IDX__TXHDRPROCHKCH23 = 240258367
IDX__TXHDRPROCHKCH45 = 199099614
IDX__TXHDRPROCHKCH67 = 134088995
IDX__TXHDRHVPSHKCH01 = 131663463
IDX__TXHDRHVPSHKCH23 = 8849067
IDX__TXHDRHVPSHKCH45 = 152897501
IDX__TXHDRHVPSHKCH67 = 20056716
IDX__TXHDRLVHK0CH01 = 134219776
IDX__TXHDRLVHK0CH23 = 173018038
IDX__TXHDRLVHK0CH45 = 134941794
IDX__TXHDRLVHK0CH67 = 207096915
IDX__TXHDRLVHK1CH01 = 32114208
IDX__TXHDRLVHK1CH23 = 63571204
IDX__TXHDRLVHK1CH45 = 183502389
IDX__TXHDRLVHK1CH67 = 189202913
IDX__TXHDRLVHK2CH01 = 42730130
IDX__TXHDRLVHK2CH23 = 260047824
IDX__TXHDRLVHK2CH45 = 101257134
IDX__TXHDRLVHK2CH67 = 69022
IDX__TXHDRSP09 = 0
IDX__TXHDRSP10 = 0
IDX__TXHDRFSWAIDCOPY = 2415277394
IDX__TXHDRFSWBINCOPY = 0
IDX__TXHDRFSWMAJOR = 2
IDX__TXHDRFSWMINOR = 0
IDX__TXHDRFSWPATCH = 0
IDX__TXHDRFSWHVSTAT = 3
IDX__TXHDRFSWMEM0 = 0
IDX__TXHDRFSWMEM1 = 0
IDX__TXHDRFSWPT0 = 0
IDX__TXHDRFSWPT1 = 0
IDX__TXHDRFSWPT2 = 0
IDX__TXHDRFSWPT3 = 0
IDX__TXHDRFSWPT4 = 0
IDX__TXHDRFSWPT5 = 0
IDX__TXHDRFSWPT6 = 0
IDX__TXHDRFSWPT7 = 0
IDX__TXHDRFSWPT8 = 0
IDX__TXHDRFSWPT9 = 0
IDX__TXHDRFPGAVER = 539165480
IDX__SYNCSCI0PKT = 13107
IDX__CRCSCI0PKT = 25353
^*****Event header 5******^
HS pre trig sampling blocks:  31
LS pre trig sampling blocks:  3
HS post trig sampling blocks:  31
LS post trig sampling blocks:  11
IDX__TXHDRHVPSHKCH01 = 131663463
Detector voltage =  1639
Sensor voltage =  2009
Target voltage =  1707
Reflectron voltage =  135
Rejection voltage =  2013
Current for HVPS sensor =  2333
Positive current for HVPS sensor =  2700
Negative current for HVPS sensor =  306
Voltage +3.3V reference =  2048
Voltage +3.3V operational reference =  2048
Voltage -6V bus =  2998
Voltage +6V bus =  2640
Voltage +16V bus =  3170
Voltage +3.3V bus =  2059
Voltage -5V bus =  3155
Voltage +5V bus =  3160
Current +3.3V bus =  1568
Current +16V bus =  970
Current +6V bus =  1284
Current -6V bus =  970
Current +5V bus =  1589
Current -5V bus =  2800
Current +2.5V bus =  481
Current -2.5V bus =  2887
Current on the 1V POL =  633
Current on the 1.9V POL =  1244
ProcBd Temperature 1 =  3391
ProcBd Temperature 2 =  3666
Voltage on 1V bus =  1246
FPGA Temperature =  3038
Voltage on 1.9V bus =  2339
Voltage on 3.3V bus =  2046
var_to_row = {'Last measurement in raw DN for Processor Board signal “1V POL Current”': 0, 'Last measurement in raw DN for Processor Board signal “1.9V POL Current”': 1, 'Last measurement in raw DN for Processor Board signal “ProcBd Temp1”': 2, nan: 48, 'Last measurement in raw DN for Processor Board signal “ProcBd Temp2”': 6, 'Last measurement in raw DN for Processor Board signal “1V Voltage”': 10, 'Last measurement in raw DN for Processor Board signal “FPGA Temp”': 11, 'Last measurement in raw DN for Processor Board signal “1.9V Voltage”': 12, 'Last measurement in raw DN for Processor Board signal “3.3V Voltage”': 13, 'Last measurement in raw DN for HVPS Board signal “Detector Voltage”': 14, 'Last measurement in raw DN for HVPS Board signal “Sensor Voltage"': 15, 'Last measurement in raw DN for HVPS Board signal “Target Voltage”': 16, 'Last measurement in raw DN for HVPS Board signal “Reflectron Voltage”': 17, 'Last measurement in raw DN for HVPS Board signal “Rejection Voltage”': 18, 'Last measurement in raw DN for HVPS Board signal “Detector Current”': 19, 'Last measurement in raw DN for HVPS Board signal “Sensor IP”': 20, 'Last measurement in raw DN for HVPS Board signal “Sensor IN”': 21, 'Last measurement in raw DN for LVPS Board signal “P3.3VREF_HK”': 22, 'Last measurement in raw DN for LVPS Board signal “P3.3VREF_OP”': 23, 'Last measurement in raw DN for LVPS Board signal “N6V”': 24, 'Last measurement in raw DN for LVPS Board signal “P6V”': 25, 'Last measurement in raw DN for LVPS Board signal “P16V”': 26, 'Last measurement in raw DN for LVPS Board signal “P3.3V”': 27, 'Last measurement in raw DN for LVPS Board signal “N5V”': 28, 'Last measurement in raw DN for LVPS Board signal “P5V”': 29, 'Last measurement in raw DN for LVPS Board signal “P3.3_IMON”': 30, 'Last measurement in raw DN for LVPS Board signal “P16V_IMON”': 31, 'Last measurement in raw DN for LVPS Board signal “P6V_IMON”': 32, 'Last measurement in raw DN for LVPS Board signal “N6V_IMON”': 33, 'Last measurement in raw DN for LVPS Board signal “P5V_IMON”': 34, 'Last measurement in raw DN for LVPS Board signal “N5V_IMON”': 35, 'Last measurement in raw DN for LVPS Board signal “P2.5V_IMON”': 36, 'Last measurement in raw DN for LVPS Board signal “N2.5V_IMON”': 37, 'Last measurement in raw DN for LVPS Board signal “THERM_DECON0”': 38, 'Last measurement in raw DN for LVPS Board signal “THERM_DECON1”': 39, 'Last measurement in raw DN for LVPS Board signal “THERM_DAB”': 40, 'Last measurement in raw DN for LVPS Board signal “THERM_LVPS”': 41, 'Last measurement in raw DN for LVPS Board signal “THERM_HVPS”': 45, 'Last measurement in raw DN for LVPS Board signal “P2.5V”': 49, 'Last measurement in raw DN for LVPS Board signal “N2.5V”': 50, 'Last measurement in raw DN for LVPS Board signal “Spare”': 51}

 
 ***** var_name being converted for each instrument setting ***** 
 

Matching row  18
coeffs for Last measurement in raw DN for Processor Board signal “1V POL Current”= [0.0 0.9029253 0.0 0.0 0.0 0.0 0.0 0.0]
var_name = Last measurement in raw DN for Processor Board signal “1V POL Current”
var_name = current_1V_pol
Header info = 633
Transformed value for current_1V_pol = 571.5517149
Matching row  18
coeffs for Last measurement in raw DN for Processor Board signal “1.9V POL Current”= [0.0 0.9029253 0.0 0.0 0.0 0.0 0.0 0.0]
var_name = Last measurement in raw DN for Processor Board signal “1.9V POL Current”
var_name = current_1.9V_pol
Header info = 1244
Transformed value for current_1.9V_pol = 1123.2390732000001
Matching row  18
coeffs for Last measurement in raw DN for Processor Board signal “ProcBd Temp1”= [162.8276 -0.2668687 0.0003323794 -2.43153e-07 9.034532e-11 -1.327735e-14
 0.0 0.0]
var_name = Last measurement in raw DN for Processor Board signal “ProcBd Temp1”
var_name = temperature_1
Header info = 3391
Transformed value for temperature_1 = -408.6811903905609
Matching row  18
coeffs for nan= [-104713.9 52.02446 -0.006463374 0.0 0.0 0.0 0.0 0.0]
var_name = nan
var_name = None
KeyError: (5, None) - Could not find entry for None, 48. Please check the Var_notes or variable mapping.
Matching row  18
coeffs for Last measurement in raw DN for Processor Board signal “ProcBd Temp2”= [162.8276 -0.2668687 0.0003323794 -2.43153e-07 9.034532e-11 -1.327735e-14
 0.0 0.0]
var_name = Last measurement in raw DN for Processor Board signal “ProcBd Temp2”
var_name = temperature_2
Header info = 3666
Transformed value for temperature_2 = -801.8818752684547
Matching row  18
coeffs for Last measurement in raw DN for Processor Board signal “1V Voltage”= [0.0 0.000805861 0.0 0.0 0.0 0.0 0.0 0.0]
var_name = Last measurement in raw DN for Processor Board signal “1V Voltage”
var_name = voltage_1V_bus
Header info = 1246
Transformed value for voltage_1V_bus = 1.004102806
Matching row  18
coeffs for Last measurement in raw DN for Processor Board signal “FPGA Temp”= [358.31 -0.1187104 0.0 0.0 0.0 0.0 0.0 0.0]
var_name = Last measurement in raw DN for Processor Board signal “FPGA Temp”
var_name = fpga_temperature
Header info = 3038
Transformed value for fpga_temperature = -2.332195200000001
Matching row  18
coeffs for Last measurement in raw DN for Processor Board signal “1.9V Voltage”= [0.0 0.000805861 0.0 0.0 0.0 0.0 0.0 0.0]
var_name = Last measurement in raw DN for Processor Board signal “1.9V Voltage”
var_name = voltage_1.9V_bus
Header info = 2339
Transformed value for voltage_1.9V_bus = 1.884908879
Matching row  18
coeffs for Last measurement in raw DN for Processor Board signal “3.3V Voltage”= [0.0 0.001611722 0.0 0.0 0.0 0.0 0.0 0.0]
var_name = Last measurement in raw DN for Processor Board signal “3.3V Voltage”
var_name = voltage_3.3V_bus
Header info = 2046
Transformed value for voltage_3.3V_bus = 3.2975832119999997
Matching row  18
coeffs for Last measurement in raw DN for HVPS Board signal “Detector Voltage”= [0.0 1.4652 0.0 0.0 0.0 0.0 0.0 0.0]
var_name = Last measurement in raw DN for HVPS Board signal “Detector Voltage”
var_name = detector_voltage
Header info = 1639
Transformed value for detector_voltage = 2401.4628000000002
Matching row  18
coeffs for Last measurement in raw DN for HVPS Board signal “Sensor Voltage"= [0.0 1.4652 0.0 0.0 0.0 0.0 0.0 0.0]
var_name = Last measurement in raw DN for HVPS Board signal “Sensor Voltage"
var_name = sensor_voltage
Header info = 2009
Transformed value for sensor_voltage = 2943.5868
Matching row  18
coeffs for Last measurement in raw DN for HVPS Board signal “Target Voltage”= [0.0 1.4652 0.0 0.0 0.0 0.0 0.0 0.0]
var_name = Last measurement in raw DN for HVPS Board signal “Target Voltage”
var_name = target_voltage
Header info = 1707
Transformed value for target_voltage = 2501.0964
Matching row  18
coeffs for Last measurement in raw DN for HVPS Board signal “Reflectron Voltage”= [0.0 1.4652 0.0 0.0 0.0 0.0 0.0 0.0]
var_name = Last measurement in raw DN for HVPS Board signal “Reflectron Voltage”
var_name = reflectron_voltage
Header info = 135
Transformed value for reflectron_voltage = 197.80200000000002
Matching row  18
coeffs for Last measurement in raw DN for HVPS Board signal “Rejection Voltage”= [0.0 1.4652 0.0 0.0 0.0 0.0 0.0 0.0]
var_name = Last measurement in raw DN for HVPS Board signal “Rejection Voltage”
var_name = rejection_voltage
Header info = 2013
Transformed value for rejection_voltage = 2949.4476
Matching row  18
coeffs for Last measurement in raw DN for HVPS Board signal “Detector Current”= [0.0 7.326e-06 0.0 0.0 0.0 0.0 0.0 0.0]
var_name = Last measurement in raw DN for HVPS Board signal “Detector Current”
var_name = current_hvps_sensor
Header info = 2333
Transformed value for current_hvps_sensor = 0.017091558
Matching row  18
coeffs for Last measurement in raw DN for HVPS Board signal “Sensor IP”= [0.0 2.4339e-05 0.0 0.0 0.0 0.0 0.0 0.0]
var_name = Last measurement in raw DN for HVPS Board signal “Sensor IP”
var_name = positive_current_hvps
Header info = 2700
Transformed value for positive_current_hvps = 0.06571529999999999
Matching row  18
coeffs for Last measurement in raw DN for HVPS Board signal “Sensor IN”= [0.0 2.4339e-05 0.0 0.0 0.0 0.0 0.0 0.0]
var_name = Last measurement in raw DN for HVPS Board signal “Sensor IN”
var_name = negative_current_hvps
Header info = 306
Transformed value for negative_current_hvps = 0.007447733999999999
Matching row  18
coeffs for Last measurement in raw DN for LVPS Board signal “P3.3VREF_HK”= [0.0 0.00161172 0.0 0.0 0.0 0.0 0.0 0.0]
var_name = Last measurement in raw DN for LVPS Board signal “P3.3VREF_HK”
var_name = voltage_3V3_ref
Header info = 2048
Transformed value for voltage_3V3_ref = 3.30080256
Matching row  18
coeffs for Last measurement in raw DN for LVPS Board signal “P3.3VREF_OP”= [0.0 0.00161172 0.0 0.0 0.0 0.0 0.0 0.0]
var_name = Last measurement in raw DN for LVPS Board signal “P3.3VREF_OP”
var_name = voltage_3V3_op_ref
Header info = 2048
Transformed value for voltage_3V3_op_ref = 3.30080256
Matching row  18
coeffs for Last measurement in raw DN for LVPS Board signal “N6V”= [-33.0 0.00886447 0.0 0.0 0.0 0.0 0.0 0.0]
var_name = Last measurement in raw DN for LVPS Board signal “N6V”
var_name = voltage_neg6V_bus
Header info = 2998
Transformed value for voltage_neg6V_bus = -6.424318940000003
Matching row  18
coeffs for Last measurement in raw DN for LVPS Board signal “P6V”= [0.0 0.00241758 0.0 0.0 0.0 0.0 0.0 0.0]
var_name = Last measurement in raw DN for LVPS Board signal “P6V”
var_name = voltage_pos6V_bus
Header info = 2640
Transformed value for voltage_pos6V_bus = 6.3824112
Matching row  18
coeffs for Last measurement in raw DN for LVPS Board signal “P16V”= [0.0 0.00482711 0.0 0.0 0.0 0.0 0.0 0.0]
var_name = Last measurement in raw DN for LVPS Board signal “P16V”
var_name = voltage_pos16V_bus
Header info = 3170
Transformed value for voltage_pos16V_bus = 15.3019387
Matching row  18
coeffs for Last measurement in raw DN for LVPS Board signal “P3.3V”= [0.0 0.00161172 0.0 0.0 0.0 0.0 0.0 0.0]
var_name = Last measurement in raw DN for LVPS Board signal “P3.3V”
var_name = voltage_pos3V3_bus
Header info = 2059
Transformed value for voltage_pos3V3_bus = 3.3185314800000003
Matching row  18
coeffs for Last measurement in raw DN for LVPS Board signal “N5V”= [-33.0 0.00886447 0.0 0.0 0.0 0.0 0.0 0.0]
var_name = Last measurement in raw DN for LVPS Board signal “N5V”
var_name = voltage_neg5V_bus
Header info = 3155
Transformed value for voltage_neg5V_bus = -5.032597150000001
Matching row  18
coeffs for Last measurement in raw DN for LVPS Board signal “P5V”= [0.0 0.00161172 0.0 0.0 0.0 0.0 0.0 0.0]
var_name = Last measurement in raw DN for LVPS Board signal “P5V”
var_name = voltage_pos5V_bus
Header info = 3160
Transformed value for voltage_pos5V_bus = 5.0930352
Matching row  18
coeffs for Last measurement in raw DN for LVPS Board signal “P3.3_IMON”= [0.0 0.00161172 0.0 0.0 0.0 0.0 0.0 0.0]
var_name = Last measurement in raw DN for LVPS Board signal “P3.3_IMON”
var_name = current_3V3_bus
Header info = 1568
Transformed value for current_3V3_bus = 2.5271769600000002
Matching row  18
coeffs for Last measurement in raw DN for LVPS Board signal “P16V_IMON”= [0.0 0.000161172 0.0 0.0 0.0 0.0 0.0 0.0]
var_name = Last measurement in raw DN for LVPS Board signal “P16V_IMON”
var_name = current_16V_bus
Header info = 970
Transformed value for current_16V_bus = 0.15633684
Matching row  18
coeffs for Last measurement in raw DN for LVPS Board signal “P6V_IMON”= [0.0 8.05861e-05 0.0 0.0 0.0 0.0 0.0 0.0]
var_name = Last measurement in raw DN for LVPS Board signal “P6V_IMON”
var_name = current_6V_bus
Header info = 1284
Transformed value for current_6V_bus = 0.1034725524
Matching row  18
coeffs for Last measurement in raw DN for LVPS Board signal “N6V_IMON”= [0.0 -8.05861e-05 0.0 0.0 0.0 0.0 0.0 0.0]
var_name = Last measurement in raw DN for LVPS Board signal “N6V_IMON”
var_name = current_neg6V_bus
Header info = 970
Transformed value for current_neg6V_bus = -0.07816851699999999
Matching row  18
coeffs for Last measurement in raw DN for LVPS Board signal “P5V_IMON”= [0.0 4.029304e-05 0.0 0.0 0.0 0.0 0.0 0.0]
var_name = Last measurement in raw DN for LVPS Board signal “P5V_IMON”
var_name = current_5V_bus
Header info = 1589
Transformed value for current_5V_bus = 0.06402564056
Matching row  18
coeffs for Last measurement in raw DN for LVPS Board signal “N5V_IMON”= [0.0 -2.01465e-05 0.0 0.0 0.0 0.0 0.0 0.0]
var_name = Last measurement in raw DN for LVPS Board signal “N5V_IMON”
var_name = current_neg5V_bus
Header info = 2800
Transformed value for current_neg5V_bus = -0.0564102
Matching row  18
coeffs for Last measurement in raw DN for LVPS Board signal “P2.5V_IMON”= [0.0 0.00161172 0.0 0.0 0.0 0.0 0.0 0.0]
var_name = Last measurement in raw DN for LVPS Board signal “P2.5V_IMON”
var_name = current_2V5_bus
Header info = 481
Transformed value for current_2V5_bus = 0.77523732
Matching row  18
coeffs for Last measurement in raw DN for LVPS Board signal “N2.5V_IMON”= [0.0 -4.0293e-05 0.0 0.0 0.0 0.0 0.0 0.0]
var_name = Last measurement in raw DN for LVPS Board signal “N2.5V_IMON”
var_name = current_neg2V5_bus
Header info = 2887
Transformed value for current_neg2V5_bus = -0.116325891
Matching row  18
coeffs for Last measurement in raw DN for LVPS Board signal “THERM_DECON0”= [-110.293 0.0665351 0.000305738 -6.32048e-07 5.9934e-10 -2.98784e-13
 7.61361e-17 -7.76467e-21]
var_name = Last measurement in raw DN for LVPS Board signal “THERM_DECON0”
var_name = None
KeyError: (5, None) - Could not find entry for None, 38. Please check the Var_notes or variable mapping.
Matching row  18
coeffs for Last measurement in raw DN for LVPS Board signal “THERM_DECON1”= [-150.478 0.376986 -0.00062072 7.73853e-07 -5.81588e-10 2.56368e-13
 -6.05698e-17 5.96635e-21]
var_name = Last measurement in raw DN for LVPS Board signal “THERM_DECON1”
var_name = None
KeyError: (5, None) - Could not find entry for None, 39. Please check the Var_notes or variable mapping.
Matching row  18
coeffs for Last measurement in raw DN for LVPS Board signal “THERM_DAB”= [-443.248 1.31224 -0.00180422 1.40016e-06 -6.43766e-10 1.7448e-13
 -2.57695e-17 1.60239e-21]
var_name = Last measurement in raw DN for LVPS Board signal “THERM_DAB”
var_name = None
KeyError: (5, None) - Could not find entry for None, 40. Please check the Var_notes or variable mapping.
Matching row  18
coeffs for Last measurement in raw DN for LVPS Board signal “THERM_LVPS”= [200.4137 -0.2020699 0.000175403 -9.739547e-08 2.888932e-11 -3.545603e-15
 0.0 0.0]
var_name = Last measurement in raw DN for LVPS Board signal “THERM_LVPS”
var_name = None
KeyError: (5, None) - Could not find entry for None, 41. Please check the Var_notes or variable mapping.
Matching row  18
coeffs for Last measurement in raw DN for LVPS Board signal “THERM_HVPS”= [200.4137 -0.2020699 0.000175403 -9.739547e-08 2.888932e-11 -3.545603e-15
 0.0 0.0]
var_name = Last measurement in raw DN for LVPS Board signal “THERM_HVPS”
var_name = None
KeyError: (5, None) - Could not find entry for None, 45. Please check the Var_notes or variable mapping.
Matching row  18
coeffs for Last measurement in raw DN for LVPS Board signal “P2.5V”= [0.0 0.00161172 0.0 0.0 0.0 0.0 0.0 0.0]
var_name = Last measurement in raw DN for LVPS Board signal “P2.5V”
var_name = None
KeyError: (5, None) - Could not find entry for None, 49. Please check the Var_notes or variable mapping.
Matching row  18
coeffs for Last measurement in raw DN for LVPS Board signal “N2.5V”= [-33.0 0.00886447 0.0 0.0 0.0 0.0 0.0 0.0]
var_name = Last measurement in raw DN for LVPS Board signal “N2.5V”
var_name = None
KeyError: (5, None) - Could not find entry for None, 50. Please check the Var_notes or variable mapping.
Matching row  18
coeffs for Last measurement in raw DN for LVPS Board signal “Spare”= [0.0 0.00161172 0.0 0.0 0.0 0.0 0.0 0.0]
var_name = Last measurement in raw DN for LVPS Board signal “Spare”
var_name = spare_signal
KeyError: (5, 'spare_signal') - Could not find entry for spare_signal, 51. Please check the Var_notes or variable mapping.
High gain delay = 15 samples.
Mid gain delay = 15 samples.
Low gain delay = 51 samples.
High sampling trigger mode =  0 0 1
High gain trigger mode enabled.
For 2222981120, HG Trigger level = 0.15317, sample settings = 0, 0
Threshold trigger mode enabled for high gain channel.
AID = 2415277394
Event number = 6
Rice compression enabled = False
Timestamp = 439569022.20708 seconds since epoch (Midnight January 1st, 2010)
Trigger time = 2023-12-06 14:30:22.207080+00:00
5
5
5
5
5
5
5
5
5
5
5
5
5
{'SHCOARSE': ParsedDataItem(SHCOARSE, raw=439590223, derived=439590223, unit=dn), 'SHFINE': ParsedDataItem(SHFINE, raw=11038, derived=11038, unit=dn), 'IDX__SCI0AID': ParsedDataItem(IDX__SCI0AID, raw=2415277394, derived=2415277394, unit=None), 'IDX__SCI0TYPE': ParsedDataItem(IDX__SCI0TYPE, raw=1, derived=1, unit=None), 'IDX__SCI0CONT': ParsedDataItem(IDX__SCI0CONT, raw=127, derived=127, unit=None), 'IDX__SCI0SPARE1': ParsedDataItem(IDX__SCI0SPARE1, raw=0, derived=0, unit=None), 'IDX__SCI0PACK': ParsedDataItem(IDX__SCI0PACK, raw=1, derived=EN, unit=None), 'IDX__SCI0FRAG': ParsedDataItem(IDX__SCI0FRAG, raw=0, derived=DS, unit=None), 'IDX__SCI0COMP': ParsedDataItem(IDX__SCI0COMP, raw=0, derived=DS, unit=None), 'IDX__SCI0EVTNUM': ParsedDataItem(IDX__SCI0EVTNUM, raw=7, derived=7, unit=None), 'IDX__SCI0CAT': ParsedDataItem(IDX__SCI0CAT, raw=32, derived=32, unit=None), 'IDX__SCI0QUAL': ParsedDataItem(IDX__SCI0QUAL, raw=5, derived=5, unit=None), 'IDX__SCI0FRAGOFF': ParsedDataItem(IDX__SCI0FRAGOFF, raw=0, derived=0, unit=None), 'IDX__SCI0VER': ParsedDataItem(IDX__SCI0VER, raw=9, derived=9, unit=None), 'IDX__SCI0TIME32': ParsedDataItem(IDX__SCI0TIME32, raw=439589753, derived=439589753, unit=None), 'IDX__SCI0SPARE2': ParsedDataItem(IDX__SCI0SPARE2, raw=0, derived=0, unit=None), 'IDX__SCI0SPARE3': ParsedDataItem(IDX__SCI0SPARE3, raw=0, derived=0, unit=None), 'IDX__SCI0SPARE4': ParsedDataItem(IDX__SCI0SPARE4, raw=0, derived=0, unit=None), 'IDX__TXHDRSCIEVTLEN': ParsedDataItem(IDX__TXHDRSCIEVTLEN, raw=8320, derived=8320, unit=None), 'IDX__TXHDRSP00': ParsedDataItem(IDX__TXHDRSP00, raw=0, derived=0, unit=None), 'IDX__TXHDRTIMESEC1': ParsedDataItem(IDX__TXHDRTIMESEC1, raw=6707, derived=6707, unit=None), 'IDX__TXHDRTIMESEC2': ParsedDataItem(IDX__TXHDRTIMESEC2, raw=39801, derived=39801, unit=None), 'IDX__TXHDRTIMESUBS': ParsedDataItem(IDX__TXHDRTIMESUBS, raw=37483, derived=37483, unit=None), 'IDX__TXHDRSP01': ParsedDataItem(IDX__TXHDRSP01, raw=0, derived=0, unit=None), 'IDX__TXHDRTRIGOFFSET': ParsedDataItem(IDX__TXHDRTRIGOFFSET, raw=3, derived=3, unit=None), 'IDX__TXHDRSP02': ParsedDataItem(IDX__TXHDRSP02, raw=0, derived=0, unit=None), 'IDX__TXHDRTRIGID': ParsedDataItem(IDX__TXHDRTRIGID, raw=1, derived=1, unit=None), 'IDX__TXHDREVTNUM': ParsedDataItem(IDX__TXHDREVTNUM, raw=7, derived=7, unit=None), 'IDX__TXHDRBLOCKS': ParsedDataItem(IDX__TXHDRBLOCKS, raw=243679, derived=243679, unit=None), 'IDX__TXHDRHGTRIGCTRL1': ParsedDataItem(IDX__TXHDRHGTRIGCTRL1, raw=2222981120, derived=2222981120, unit=None), 'IDX__TXHDRHGTRIGCTRL2': ParsedDataItem(IDX__TXHDRHGTRIGCTRL2, raw=0, derived=0, unit=None), 'IDX__TXHDRLGTRIGCTRL1': ParsedDataItem(IDX__TXHDRLGTRIGCTRL1, raw=4294965248, derived=4294965248, unit=None), 'IDX__TXHDRLGTRIGCTRL2': ParsedDataItem(IDX__TXHDRLGTRIGCTRL2, raw=4278255360, derived=4278255360, unit=None), 'IDX__TXHDRMGTRIGCTRL1': ParsedDataItem(IDX__TXHDRMGTRIGCTRL1, raw=4294965248, derived=4294965248, unit=None), 'IDX__TXHDRMGTRIGCTRL2': ParsedDataItem(IDX__TXHDRMGTRIGCTRL2, raw=4278255360, derived=4278255360, unit=None), 'IDX__TXHDRSP03': ParsedDataItem(IDX__TXHDRSP03, raw=0, derived=0, unit=None), 'IDX__TXHDRLSADC': ParsedDataItem(IDX__TXHDRLSADC, raw=555521, derived=555521, unit=None), 'IDX__TXHDRPOLSTAT': ParsedDataItem(IDX__TXHDRPOLSTAT, raw=1, derived=NEG, unit=None), 'IDX__TXHDRSP04': ParsedDataItem(IDX__TXHDRSP04, raw=0, derived=0, unit=None), 'IDX__TXHDRPOLCTRL': ParsedDataItem(IDX__TXHDRPOLCTRL, raw=0, derived=POS, unit=None), 'IDX__TXHDRCOINENA': ParsedDataItem(IDX__TXHDRCOINENA, raw=0, derived=DIS, unit=None), 'IDX__TXHDRLSTRIGMODE': ParsedDataItem(IDX__TXHDRLSTRIGMODE, raw=0, derived=DIS, unit=None), 'IDX__TXHDRMGTRIGMODE': ParsedDataItem(IDX__TXHDRMGTRIGMODE, raw=0, derived=0, unit=None), 'IDX__TXHDRLGTRIGMODE': ParsedDataItem(IDX__TXHDRLGTRIGMODE, raw=0, derived=0, unit=None), 'IDX__TXHDRHGTRIGMODE': ParsedDataItem(IDX__TXHDRHGTRIGMODE, raw=1, derived=1, unit=None), 'IDX__TXHDRSP05': ParsedDataItem(IDX__TXHDRSP05, raw=0, derived=0, unit=None), 'IDX__TXHDRSP06': ParsedDataItem(IDX__TXHDRSP06, raw=0, derived=0, unit=None), 'IDX__TXHDRSP07': ParsedDataItem(IDX__TXHDRSP07, raw=2022, derived=2022, unit=None), 'IDX__TXHDRSP08': ParsedDataItem(IDX__TXHDRSP08, raw=0, derived=0, unit=None), 'IDX__TXHDRTOFMAX': ParsedDataItem(IDX__TXHDRTOFMAX, raw=542644845, derived=542644845, unit=None), 'IDX__TXHDRTOFMIN': ParsedDataItem(IDX__TXHDRTOFMIN, raw=535295476, derived=535295476, unit=None), 'IDX__TXHDRLS0MAXMIN': ParsedDataItem(IDX__TXHDRLS0MAXMIN, raw=8464397, derived=8464397, unit=None), 'IDX__TXHDRLS1MAXMIN': ParsedDataItem(IDX__TXHDRLS1MAXMIN, raw=8484836, derived=8484836, unit=None), 'IDX__TXHDRLS2MAXMIN': ParsedDataItem(IDX__TXHDRLS2MAXMIN, raw=8345573, derived=8345573, unit=None), 'IDX__TXHDRFIFODELAY': ParsedDataItem(IDX__TXHDRFIFODELAY, raw=16, derived=16, unit=None), 'IDX__TXHDRSAMPDELAY': ParsedDataItem(IDX__TXHDRSAMPDELAY, raw=24140854, derived=24140854, unit=None), 'IDX__TXHDRTRANSCNT': ParsedDataItem(IDX__TXHDRTRANSCNT, raw=12, derived=12, unit=None), 'IDX__TXHDRPROCHKCH01': ParsedDataItem(IDX__TXHDRPROCHKCH01, raw=81527418, derived=81527418, unit=None), 'IDX__TXHDRPROCHKCH23': ParsedDataItem(IDX__TXHDRPROCHKCH23, raw=240258367, derived=240258367, unit=None), 'IDX__TXHDRPROCHKCH45': ParsedDataItem(IDX__TXHDRPROCHKCH45, raw=199099614, derived=199099614, unit=None), 'IDX__TXHDRPROCHKCH67': ParsedDataItem(IDX__TXHDRPROCHKCH67, raw=134088995, derived=134088995, unit=None), 'IDX__TXHDRHVPSHKCH01': ParsedDataItem(IDX__TXHDRHVPSHKCH01, raw=131663462, derived=131663462, unit=None), 'IDX__TXHDRHVPSHKCH23': ParsedDataItem(IDX__TXHDRHVPSHKCH23, raw=8849067, derived=8849067, unit=None), 'IDX__TXHDRHVPSHKCH45': ParsedDataItem(IDX__TXHDRHVPSHKCH45, raw=152897500, derived=152897500, unit=None), 'IDX__TXHDRHVPSHKCH67': ParsedDataItem(IDX__TXHDRHVPSHKCH67, raw=20056716, derived=20056716, unit=None), 'IDX__TXHDRLVHK0CH01': ParsedDataItem(IDX__TXHDRLVHK0CH01, raw=134219776, derived=134219776, unit=None), 'IDX__TXHDRLVHK0CH23': ParsedDataItem(IDX__TXHDRLVHK0CH23, raw=173018038, derived=173018038, unit=None), 'IDX__TXHDRLVHK0CH45': ParsedDataItem(IDX__TXHDRLVHK0CH45, raw=134941794, derived=134941794, unit=None), 'IDX__TXHDRLVHK0CH67': ParsedDataItem(IDX__TXHDRLVHK0CH67, raw=207096915, derived=207096915, unit=None), 'IDX__TXHDRLVHK1CH01': ParsedDataItem(IDX__TXHDRLVHK1CH01, raw=32114209, derived=32114209, unit=None), 'IDX__TXHDRLVHK1CH23': ParsedDataItem(IDX__TXHDRLVHK1CH23, raw=63571204, derived=63571204, unit=None), 'IDX__TXHDRLVHK1CH45': ParsedDataItem(IDX__TXHDRLVHK1CH45, raw=183502389, derived=183502389, unit=None), 'IDX__TXHDRLVHK1CH67': ParsedDataItem(IDX__TXHDRLVHK1CH67, raw=189268449, derived=189268449, unit=None), 'IDX__TXHDRLVHK2CH01': ParsedDataItem(IDX__TXHDRLVHK2CH01, raw=42730130, derived=42730130, unit=None), 'IDX__TXHDRLVHK2CH23': ParsedDataItem(IDX__TXHDRLVHK2CH23, raw=260047824, derived=260047824, unit=None), 'IDX__TXHDRLVHK2CH45': ParsedDataItem(IDX__TXHDRLVHK2CH45, raw=101257134, derived=101257134, unit=None), 'IDX__TXHDRLVHK2CH67': ParsedDataItem(IDX__TXHDRLVHK2CH67, raw=69022, derived=69022, unit=None), 'IDX__TXHDRSP09': ParsedDataItem(IDX__TXHDRSP09, raw=0, derived=0, unit=None), 'IDX__TXHDRSP10': ParsedDataItem(IDX__TXHDRSP10, raw=0, derived=0, unit=None), 'IDX__TXHDRFSWAIDCOPY': ParsedDataItem(IDX__TXHDRFSWAIDCOPY, raw=2415277394, derived=2415277394, unit=None), 'IDX__TXHDRFSWBINCOPY': ParsedDataItem(IDX__TXHDRFSWBINCOPY, raw=0, derived=0, unit=None), 'IDX__TXHDRFSWMAJOR': ParsedDataItem(IDX__TXHDRFSWMAJOR, raw=2, derived=2, unit=None), 'IDX__TXHDRFSWMINOR': ParsedDataItem(IDX__TXHDRFSWMINOR, raw=0, derived=0, unit=None), 'IDX__TXHDRFSWPATCH': ParsedDataItem(IDX__TXHDRFSWPATCH, raw=0, derived=0, unit=None), 'IDX__TXHDRFSWHVSTAT': ParsedDataItem(IDX__TXHDRFSWHVSTAT, raw=3, derived=3, unit=None), 'IDX__TXHDRFSWMEM0': ParsedDataItem(IDX__TXHDRFSWMEM0, raw=0, derived=0, unit=None), 'IDX__TXHDRFSWMEM1': ParsedDataItem(IDX__TXHDRFSWMEM1, raw=0, derived=0, unit=None), 'IDX__TXHDRFSWPT0': ParsedDataItem(IDX__TXHDRFSWPT0, raw=0, derived=0, unit=None), 'IDX__TXHDRFSWPT1': ParsedDataItem(IDX__TXHDRFSWPT1, raw=0, derived=0, unit=None), 'IDX__TXHDRFSWPT2': ParsedDataItem(IDX__TXHDRFSWPT2, raw=0, derived=0, unit=None), 'IDX__TXHDRFSWPT3': ParsedDataItem(IDX__TXHDRFSWPT3, raw=0, derived=0, unit=None), 'IDX__TXHDRFSWPT4': ParsedDataItem(IDX__TXHDRFSWPT4, raw=0, derived=0, unit=None), 'IDX__TXHDRFSWPT5': ParsedDataItem(IDX__TXHDRFSWPT5, raw=0, derived=0, unit=None), 'IDX__TXHDRFSWPT6': ParsedDataItem(IDX__TXHDRFSWPT6, raw=0, derived=0, unit=None), 'IDX__TXHDRFSWPT7': ParsedDataItem(IDX__TXHDRFSWPT7, raw=0, derived=0, unit=None), 'IDX__TXHDRFSWPT8': ParsedDataItem(IDX__TXHDRFSWPT8, raw=0, derived=0, unit=None), 'IDX__TXHDRFSWPT9': ParsedDataItem(IDX__TXHDRFSWPT9, raw=0, derived=0, unit=None), 'IDX__TXHDRFPGAVER': ParsedDataItem(IDX__TXHDRFPGAVER, raw=539165480, derived=539165480, unit=None), 'IDX__SYNCSCI0PKT': ParsedDataItem(IDX__SYNCSCI0PKT, raw=13107, derived=13107, unit=None), 'IDX__CRCSCI0PKT': ParsedDataItem(IDX__CRCSCI0PKT, raw=22748, derived=22748, unit=None)}
SHCOARSE = 439590223
SHFINE = 11038
IDX__SCI0AID = 2415277394
IDX__SCI0TYPE = 1
IDX__SCI0CONT = 127
IDX__SCI0SPARE1 = 0
IDX__SCI0PACK = EN
IDX__SCI0FRAG = DS
IDX__SCI0COMP = DS
IDX__SCI0EVTNUM = 7
IDX__SCI0CAT = 32
IDX__SCI0QUAL = 5
IDX__SCI0FRAGOFF = 0
IDX__SCI0VER = 9
IDX__SCI0TIME32 = 439589753
IDX__SCI0SPARE2 = 0
IDX__SCI0SPARE3 = 0
IDX__SCI0SPARE4 = 0
IDX__TXHDRSCIEVTLEN = 8320
IDX__TXHDRSP00 = 0
IDX__TXHDRTIMESEC1 = 6707
IDX__TXHDRTIMESEC2 = 39801
IDX__TXHDRTIMESUBS = 37483
IDX__TXHDRSP01 = 0
IDX__TXHDRTRIGOFFSET = 3
IDX__TXHDRSP02 = 0
IDX__TXHDRTRIGID = 1
IDX__TXHDREVTNUM = 7
IDX__TXHDRBLOCKS = 243679
IDX__TXHDRHGTRIGCTRL1 = 2222981120
IDX__TXHDRHGTRIGCTRL2 = 0
IDX__TXHDRLGTRIGCTRL1 = 4294965248
IDX__TXHDRLGTRIGCTRL2 = 4278255360
IDX__TXHDRMGTRIGCTRL1 = 4294965248
IDX__TXHDRMGTRIGCTRL2 = 4278255360
IDX__TXHDRSP03 = 0
IDX__TXHDRLSADC = 555521
IDX__TXHDRPOLSTAT = NEG
IDX__TXHDRSP04 = 0
IDX__TXHDRPOLCTRL = POS
IDX__TXHDRCOINENA = DIS
IDX__TXHDRLSTRIGMODE = DIS
IDX__TXHDRMGTRIGMODE = 0
IDX__TXHDRLGTRIGMODE = 0
IDX__TXHDRHGTRIGMODE = 1
IDX__TXHDRSP05 = 0
IDX__TXHDRSP06 = 0
IDX__TXHDRSP07 = 2022
IDX__TXHDRSP08 = 0
IDX__TXHDRTOFMAX = 542644845
IDX__TXHDRTOFMIN = 535295476
IDX__TXHDRLS0MAXMIN = 8464397
IDX__TXHDRLS1MAXMIN = 8484836
IDX__TXHDRLS2MAXMIN = 8345573
IDX__TXHDRFIFODELAY = 16
IDX__TXHDRSAMPDELAY = 24140854
IDX__TXHDRTRANSCNT = 12
IDX__TXHDRPROCHKCH01 = 81527418
IDX__TXHDRPROCHKCH23 = 240258367
IDX__TXHDRPROCHKCH45 = 199099614
IDX__TXHDRPROCHKCH67 = 134088995
IDX__TXHDRHVPSHKCH01 = 131663462
IDX__TXHDRHVPSHKCH23 = 8849067
IDX__TXHDRHVPSHKCH45 = 152897500
IDX__TXHDRHVPSHKCH67 = 20056716
IDX__TXHDRLVHK0CH01 = 134219776
IDX__TXHDRLVHK0CH23 = 173018038
IDX__TXHDRLVHK0CH45 = 134941794
IDX__TXHDRLVHK0CH67 = 207096915
IDX__TXHDRLVHK1CH01 = 32114209
IDX__TXHDRLVHK1CH23 = 63571204
IDX__TXHDRLVHK1CH45 = 183502389
IDX__TXHDRLVHK1CH67 = 189268449
IDX__TXHDRLVHK2CH01 = 42730130
IDX__TXHDRLVHK2CH23 = 260047824
IDX__TXHDRLVHK2CH45 = 101257134
IDX__TXHDRLVHK2CH67 = 69022
IDX__TXHDRSP09 = 0
IDX__TXHDRSP10 = 0
IDX__TXHDRFSWAIDCOPY = 2415277394
IDX__TXHDRFSWBINCOPY = 0
IDX__TXHDRFSWMAJOR = 2
IDX__TXHDRFSWMINOR = 0
IDX__TXHDRFSWPATCH = 0
IDX__TXHDRFSWHVSTAT = 3
IDX__TXHDRFSWMEM0 = 0
IDX__TXHDRFSWMEM1 = 0
IDX__TXHDRFSWPT0 = 0
IDX__TXHDRFSWPT1 = 0
IDX__TXHDRFSWPT2 = 0
IDX__TXHDRFSWPT3 = 0
IDX__TXHDRFSWPT4 = 0
IDX__TXHDRFSWPT5 = 0
IDX__TXHDRFSWPT6 = 0
IDX__TXHDRFSWPT7 = 0
IDX__TXHDRFSWPT8 = 0
IDX__TXHDRFSWPT9 = 0
IDX__TXHDRFPGAVER = 539165480
IDX__SYNCSCI0PKT = 13107
IDX__CRCSCI0PKT = 22748
^*****Event header 6******^
HS pre trig sampling blocks:  31
LS pre trig sampling blocks:  3
HS post trig sampling blocks:  31
LS post trig sampling blocks:  11
IDX__TXHDRHVPSHKCH01 = 131663462
Detector voltage =  1638
Sensor voltage =  2009
Target voltage =  1707
Reflectron voltage =  135
Rejection voltage =  2012
Current for HVPS sensor =  2333
Positive current for HVPS sensor =  2700
Negative current for HVPS sensor =  306
Voltage +3.3V reference =  2048
Voltage +3.3V operational reference =  2048
Voltage -6V bus =  2998
Voltage +6V bus =  2640
Voltage +16V bus =  3170
Voltage +3.3V bus =  2059
Voltage -5V bus =  3155
Voltage +5V bus =  3160
Current +3.3V bus =  1569
Current +16V bus =  970
Current +6V bus =  1284
Current -6V bus =  970
Current +5V bus =  1589
Current -5V bus =  2800
Current +2.5V bus =  481
Current -2.5V bus =  2888
Current on the 1V POL =  634
Current on the 1.9V POL =  1244
ProcBd Temperature 1 =  3391
ProcBd Temperature 2 =  3666
Voltage on 1V bus =  1246
FPGA Temperature =  3038
Voltage on 1.9V bus =  2339
Voltage on 3.3V bus =  2046
var_to_row = {'Last measurement in raw DN for Processor Board signal “1V POL Current”': 0, 'Last measurement in raw DN for Processor Board signal “1.9V POL Current”': 1, 'Last measurement in raw DN for Processor Board signal “ProcBd Temp1”': 2, nan: 48, 'Last measurement in raw DN for Processor Board signal “ProcBd Temp2”': 6, 'Last measurement in raw DN for Processor Board signal “1V Voltage”': 10, 'Last measurement in raw DN for Processor Board signal “FPGA Temp”': 11, 'Last measurement in raw DN for Processor Board signal “1.9V Voltage”': 12, 'Last measurement in raw DN for Processor Board signal “3.3V Voltage”': 13, 'Last measurement in raw DN for HVPS Board signal “Detector Voltage”': 14, 'Last measurement in raw DN for HVPS Board signal “Sensor Voltage"': 15, 'Last measurement in raw DN for HVPS Board signal “Target Voltage”': 16, 'Last measurement in raw DN for HVPS Board signal “Reflectron Voltage”': 17, 'Last measurement in raw DN for HVPS Board signal “Rejection Voltage”': 18, 'Last measurement in raw DN for HVPS Board signal “Detector Current”': 19, 'Last measurement in raw DN for HVPS Board signal “Sensor IP”': 20, 'Last measurement in raw DN for HVPS Board signal “Sensor IN”': 21, 'Last measurement in raw DN for LVPS Board signal “P3.3VREF_HK”': 22, 'Last measurement in raw DN for LVPS Board signal “P3.3VREF_OP”': 23, 'Last measurement in raw DN for LVPS Board signal “N6V”': 24, 'Last measurement in raw DN for LVPS Board signal “P6V”': 25, 'Last measurement in raw DN for LVPS Board signal “P16V”': 26, 'Last measurement in raw DN for LVPS Board signal “P3.3V”': 27, 'Last measurement in raw DN for LVPS Board signal “N5V”': 28, 'Last measurement in raw DN for LVPS Board signal “P5V”': 29, 'Last measurement in raw DN for LVPS Board signal “P3.3_IMON”': 30, 'Last measurement in raw DN for LVPS Board signal “P16V_IMON”': 31, 'Last measurement in raw DN for LVPS Board signal “P6V_IMON”': 32, 'Last measurement in raw DN for LVPS Board signal “N6V_IMON”': 33, 'Last measurement in raw DN for LVPS Board signal “P5V_IMON”': 34, 'Last measurement in raw DN for LVPS Board signal “N5V_IMON”': 35, 'Last measurement in raw DN for LVPS Board signal “P2.5V_IMON”': 36, 'Last measurement in raw DN for LVPS Board signal “N2.5V_IMON”': 37, 'Last measurement in raw DN for LVPS Board signal “THERM_DECON0”': 38, 'Last measurement in raw DN for LVPS Board signal “THERM_DECON1”': 39, 'Last measurement in raw DN for LVPS Board signal “THERM_DAB”': 40, 'Last measurement in raw DN for LVPS Board signal “THERM_LVPS”': 41, 'Last measurement in raw DN for LVPS Board signal “THERM_HVPS”': 45, 'Last measurement in raw DN for LVPS Board signal “P2.5V”': 49, 'Last measurement in raw DN for LVPS Board signal “N2.5V”': 50, 'Last measurement in raw DN for LVPS Board signal “Spare”': 51}

 
 ***** var_name being converted for each instrument setting ***** 
 

Matching row  18
coeffs for Last measurement in raw DN for Processor Board signal “1V POL Current”= [0.0 0.9029253 0.0 0.0 0.0 0.0 0.0 0.0]
var_name = Last measurement in raw DN for Processor Board signal “1V POL Current”
var_name = current_1V_pol
Header info = 634
Transformed value for current_1V_pol = 572.4546402
Matching row  18
coeffs for Last measurement in raw DN for Processor Board signal “1.9V POL Current”= [0.0 0.9029253 0.0 0.0 0.0 0.0 0.0 0.0]
var_name = Last measurement in raw DN for Processor Board signal “1.9V POL Current”
var_name = current_1.9V_pol
Header info = 1244
Transformed value for current_1.9V_pol = 1123.2390732000001
Matching row  18
coeffs for Last measurement in raw DN for Processor Board signal “ProcBd Temp1”= [162.8276 -0.2668687 0.0003323794 -2.43153e-07 9.034532e-11 -1.327735e-14
 0.0 0.0]
var_name = Last measurement in raw DN for Processor Board signal “ProcBd Temp1”
var_name = temperature_1
Header info = 3391
Transformed value for temperature_1 = -408.6811903905609
Matching row  18
coeffs for nan= [-104713.9 52.02446 -0.006463374 0.0 0.0 0.0 0.0 0.0]
var_name = nan
var_name = None
KeyError: (6, None) - Could not find entry for None, 48. Please check the Var_notes or variable mapping.
Matching row  18
coeffs for Last measurement in raw DN for Processor Board signal “ProcBd Temp2”= [162.8276 -0.2668687 0.0003323794 -2.43153e-07 9.034532e-11 -1.327735e-14
 0.0 0.0]
var_name = Last measurement in raw DN for Processor Board signal “ProcBd Temp2”
var_name = temperature_2
Header info = 3666
Transformed value for temperature_2 = -801.8818752684547
Matching row  18
coeffs for Last measurement in raw DN for Processor Board signal “1V Voltage”= [0.0 0.000805861 0.0 0.0 0.0 0.0 0.0 0.0]
var_name = Last measurement in raw DN for Processor Board signal “1V Voltage”
var_name = voltage_1V_bus
Header info = 1246
Transformed value for voltage_1V_bus = 1.004102806
Matching row  18
coeffs for Last measurement in raw DN for Processor Board signal “FPGA Temp”= [358.31 -0.1187104 0.0 0.0 0.0 0.0 0.0 0.0]
var_name = Last measurement in raw DN for Processor Board signal “FPGA Temp”
var_name = fpga_temperature
Header info = 3038
Transformed value for fpga_temperature = -2.332195200000001
Matching row  18
coeffs for Last measurement in raw DN for Processor Board signal “1.9V Voltage”= [0.0 0.000805861 0.0 0.0 0.0 0.0 0.0 0.0]
var_name = Last measurement in raw DN for Processor Board signal “1.9V Voltage”
var_name = voltage_1.9V_bus
Header info = 2339
Transformed value for voltage_1.9V_bus = 1.884908879
Matching row  18
coeffs for Last measurement in raw DN for Processor Board signal “3.3V Voltage”= [0.0 0.001611722 0.0 0.0 0.0 0.0 0.0 0.0]
var_name = Last measurement in raw DN for Processor Board signal “3.3V Voltage”
var_name = voltage_3.3V_bus
Header info = 2046
Transformed value for voltage_3.3V_bus = 3.2975832119999997
Matching row  18
coeffs for Last measurement in raw DN for HVPS Board signal “Detector Voltage”= [0.0 1.4652 0.0 0.0 0.0 0.0 0.0 0.0]
var_name = Last measurement in raw DN for HVPS Board signal “Detector Voltage”
var_name = detector_voltage
Header info = 1638
Transformed value for detector_voltage = 2399.9976
Matching row  18
coeffs for Last measurement in raw DN for HVPS Board signal “Sensor Voltage"= [0.0 1.4652 0.0 0.0 0.0 0.0 0.0 0.0]
var_name = Last measurement in raw DN for HVPS Board signal “Sensor Voltage"
var_name = sensor_voltage
Header info = 2009
Transformed value for sensor_voltage = 2943.5868
Matching row  18
coeffs for Last measurement in raw DN for HVPS Board signal “Target Voltage”= [0.0 1.4652 0.0 0.0 0.0 0.0 0.0 0.0]
var_name = Last measurement in raw DN for HVPS Board signal “Target Voltage”
var_name = target_voltage
Header info = 1707
Transformed value for target_voltage = 2501.0964
Matching row  18
coeffs for Last measurement in raw DN for HVPS Board signal “Reflectron Voltage”= [0.0 1.4652 0.0 0.0 0.0 0.0 0.0 0.0]
var_name = Last measurement in raw DN for HVPS Board signal “Reflectron Voltage”
var_name = reflectron_voltage
Header info = 135
Transformed value for reflectron_voltage = 197.80200000000002
Matching row  18
coeffs for Last measurement in raw DN for HVPS Board signal “Rejection Voltage”= [0.0 1.4652 0.0 0.0 0.0 0.0 0.0 0.0]
var_name = Last measurement in raw DN for HVPS Board signal “Rejection Voltage”
var_name = rejection_voltage
Header info = 2012
Transformed value for rejection_voltage = 2947.9824000000003
Matching row  18
coeffs for Last measurement in raw DN for HVPS Board signal “Detector Current”= [0.0 7.326e-06 0.0 0.0 0.0 0.0 0.0 0.0]
var_name = Last measurement in raw DN for HVPS Board signal “Detector Current”
var_name = current_hvps_sensor
Header info = 2333
Transformed value for current_hvps_sensor = 0.017091558
Matching row  18
coeffs for Last measurement in raw DN for HVPS Board signal “Sensor IP”= [0.0 2.4339e-05 0.0 0.0 0.0 0.0 0.0 0.0]
var_name = Last measurement in raw DN for HVPS Board signal “Sensor IP”
var_name = positive_current_hvps
Header info = 2700
Transformed value for positive_current_hvps = 0.06571529999999999
Matching row  18
coeffs for Last measurement in raw DN for HVPS Board signal “Sensor IN”= [0.0 2.4339e-05 0.0 0.0 0.0 0.0 0.0 0.0]
var_name = Last measurement in raw DN for HVPS Board signal “Sensor IN”
var_name = negative_current_hvps
Header info = 306
Transformed value for negative_current_hvps = 0.007447733999999999
Matching row  18
coeffs for Last measurement in raw DN for LVPS Board signal “P3.3VREF_HK”= [0.0 0.00161172 0.0 0.0 0.0 0.0 0.0 0.0]
var_name = Last measurement in raw DN for LVPS Board signal “P3.3VREF_HK”
var_name = voltage_3V3_ref
Header info = 2048
Transformed value for voltage_3V3_ref = 3.30080256
Matching row  18
coeffs for Last measurement in raw DN for LVPS Board signal “P3.3VREF_OP”= [0.0 0.00161172 0.0 0.0 0.0 0.0 0.0 0.0]
var_name = Last measurement in raw DN for LVPS Board signal “P3.3VREF_OP”
var_name = voltage_3V3_op_ref
Header info = 2048
Transformed value for voltage_3V3_op_ref = 3.30080256
Matching row  18
coeffs for Last measurement in raw DN for LVPS Board signal “N6V”= [-33.0 0.00886447 0.0 0.0 0.0 0.0 0.0 0.0]
var_name = Last measurement in raw DN for LVPS Board signal “N6V”
var_name = voltage_neg6V_bus
Header info = 2998
Transformed value for voltage_neg6V_bus = -6.424318940000003
Matching row  18
coeffs for Last measurement in raw DN for LVPS Board signal “P6V”= [0.0 0.00241758 0.0 0.0 0.0 0.0 0.0 0.0]
var_name = Last measurement in raw DN for LVPS Board signal “P6V”
var_name = voltage_pos6V_bus
Header info = 2640
Transformed value for voltage_pos6V_bus = 6.3824112
Matching row  18
coeffs for Last measurement in raw DN for LVPS Board signal “P16V”= [0.0 0.00482711 0.0 0.0 0.0 0.0 0.0 0.0]
var_name = Last measurement in raw DN for LVPS Board signal “P16V”
var_name = voltage_pos16V_bus
Header info = 3170
Transformed value for voltage_pos16V_bus = 15.3019387
Matching row  18
coeffs for Last measurement in raw DN for LVPS Board signal “P3.3V”= [0.0 0.00161172 0.0 0.0 0.0 0.0 0.0 0.0]
var_name = Last measurement in raw DN for LVPS Board signal “P3.3V”
var_name = voltage_pos3V3_bus
Header info = 2059
Transformed value for voltage_pos3V3_bus = 3.3185314800000003
Matching row  18
coeffs for Last measurement in raw DN for LVPS Board signal “N5V”= [-33.0 0.00886447 0.0 0.0 0.0 0.0 0.0 0.0]
var_name = Last measurement in raw DN for LVPS Board signal “N5V”
var_name = voltage_neg5V_bus
Header info = 3155
Transformed value for voltage_neg5V_bus = -5.032597150000001
Matching row  18
coeffs for Last measurement in raw DN for LVPS Board signal “P5V”= [0.0 0.00161172 0.0 0.0 0.0 0.0 0.0 0.0]
var_name = Last measurement in raw DN for LVPS Board signal “P5V”
var_name = voltage_pos5V_bus
Header info = 3160
Transformed value for voltage_pos5V_bus = 5.0930352
Matching row  18
coeffs for Last measurement in raw DN for LVPS Board signal “P3.3_IMON”= [0.0 0.00161172 0.0 0.0 0.0 0.0 0.0 0.0]
var_name = Last measurement in raw DN for LVPS Board signal “P3.3_IMON”
var_name = current_3V3_bus
Header info = 1569
Transformed value for current_3V3_bus = 2.5287886800000003
Matching row  18
coeffs for Last measurement in raw DN for LVPS Board signal “P16V_IMON”= [0.0 0.000161172 0.0 0.0 0.0 0.0 0.0 0.0]
var_name = Last measurement in raw DN for LVPS Board signal “P16V_IMON”
var_name = current_16V_bus
Header info = 970
Transformed value for current_16V_bus = 0.15633684
Matching row  18
coeffs for Last measurement in raw DN for LVPS Board signal “P6V_IMON”= [0.0 8.05861e-05 0.0 0.0 0.0 0.0 0.0 0.0]
var_name = Last measurement in raw DN for LVPS Board signal “P6V_IMON”
var_name = current_6V_bus
Header info = 1284
Transformed value for current_6V_bus = 0.1034725524
Matching row  18
coeffs for Last measurement in raw DN for LVPS Board signal “N6V_IMON”= [0.0 -8.05861e-05 0.0 0.0 0.0 0.0 0.0 0.0]
var_name = Last measurement in raw DN for LVPS Board signal “N6V_IMON”
var_name = current_neg6V_bus
Header info = 970
Transformed value for current_neg6V_bus = -0.07816851699999999
Matching row  18
coeffs for Last measurement in raw DN for LVPS Board signal “P5V_IMON”= [0.0 4.029304e-05 0.0 0.0 0.0 0.0 0.0 0.0]
var_name = Last measurement in raw DN for LVPS Board signal “P5V_IMON”
var_name = current_5V_bus
Header info = 1589
Transformed value for current_5V_bus = 0.06402564056
Matching row  18
coeffs for Last measurement in raw DN for LVPS Board signal “N5V_IMON”= [0.0 -2.01465e-05 0.0 0.0 0.0 0.0 0.0 0.0]
var_name = Last measurement in raw DN for LVPS Board signal “N5V_IMON”
var_name = current_neg5V_bus
Header info = 2800
Transformed value for current_neg5V_bus = -0.0564102
Matching row  18
coeffs for Last measurement in raw DN for LVPS Board signal “P2.5V_IMON”= [0.0 0.00161172 0.0 0.0 0.0 0.0 0.0 0.0]
var_name = Last measurement in raw DN for LVPS Board signal “P2.5V_IMON”
var_name = current_2V5_bus
Header info = 481
Transformed value for current_2V5_bus = 0.77523732
Matching row  18
coeffs for Last measurement in raw DN for LVPS Board signal “N2.5V_IMON”= [0.0 -4.0293e-05 0.0 0.0 0.0 0.0 0.0 0.0]
var_name = Last measurement in raw DN for LVPS Board signal “N2.5V_IMON”
var_name = current_neg2V5_bus
Header info = 2888
Transformed value for current_neg2V5_bus = -0.11636618400000001
Matching row  18
coeffs for Last measurement in raw DN for LVPS Board signal “THERM_DECON0”= [-110.293 0.0665351 0.000305738 -6.32048e-07 5.9934e-10 -2.98784e-13
 7.61361e-17 -7.76467e-21]
var_name = Last measurement in raw DN for LVPS Board signal “THERM_DECON0”
var_name = None
KeyError: (6, None) - Could not find entry for None, 38. Please check the Var_notes or variable mapping.
Matching row  18
coeffs for Last measurement in raw DN for LVPS Board signal “THERM_DECON1”= [-150.478 0.376986 -0.00062072 7.73853e-07 -5.81588e-10 2.56368e-13
 -6.05698e-17 5.96635e-21]
var_name = Last measurement in raw DN for LVPS Board signal “THERM_DECON1”
var_name = None
KeyError: (6, None) - Could not find entry for None, 39. Please check the Var_notes or variable mapping.
Matching row  18
coeffs for Last measurement in raw DN for LVPS Board signal “THERM_DAB”= [-443.248 1.31224 -0.00180422 1.40016e-06 -6.43766e-10 1.7448e-13
 -2.57695e-17 1.60239e-21]
var_name = Last measurement in raw DN for LVPS Board signal “THERM_DAB”
var_name = None
KeyError: (6, None) - Could not find entry for None, 40. Please check the Var_notes or variable mapping.
Matching row  18
coeffs for Last measurement in raw DN for LVPS Board signal “THERM_LVPS”= [200.4137 -0.2020699 0.000175403 -9.739547e-08 2.888932e-11 -3.545603e-15
 0.0 0.0]
var_name = Last measurement in raw DN for LVPS Board signal “THERM_LVPS”
var_name = None
KeyError: (6, None) - Could not find entry for None, 41. Please check the Var_notes or variable mapping.
Matching row  18
coeffs for Last measurement in raw DN for LVPS Board signal “THERM_HVPS”= [200.4137 -0.2020699 0.000175403 -9.739547e-08 2.888932e-11 -3.545603e-15
 0.0 0.0]
var_name = Last measurement in raw DN for LVPS Board signal “THERM_HVPS”
var_name = None
KeyError: (6, None) - Could not find entry for None, 45. Please check the Var_notes or variable mapping.
Matching row  18
coeffs for Last measurement in raw DN for LVPS Board signal “P2.5V”= [0.0 0.00161172 0.0 0.0 0.0 0.0 0.0 0.0]
var_name = Last measurement in raw DN for LVPS Board signal “P2.5V”
var_name = None
KeyError: (6, None) - Could not find entry for None, 49. Please check the Var_notes or variable mapping.
Matching row  18
coeffs for Last measurement in raw DN for LVPS Board signal “N2.5V”= [-33.0 0.00886447 0.0 0.0 0.0 0.0 0.0 0.0]
var_name = Last measurement in raw DN for LVPS Board signal “N2.5V”
var_name = None
KeyError: (6, None) - Could not find entry for None, 50. Please check the Var_notes or variable mapping.
Matching row  18
coeffs for Last measurement in raw DN for LVPS Board signal “Spare”= [0.0 0.00161172 0.0 0.0 0.0 0.0 0.0 0.0]
var_name = Last measurement in raw DN for LVPS Board signal “Spare”
var_name = spare_signal
KeyError: (6, 'spare_signal') - Could not find entry for spare_signal, 51. Please check the Var_notes or variable mapping.
High gain delay = 23 samples.
Mid gain delay = 23 samples.
Low gain delay = 54 samples.
High sampling trigger mode =  0 0 1
High gain trigger mode enabled.
For 2222981120, HG Trigger level = 0.15317, sample settings = 0, 0
Threshold trigger mode enabled for high gain channel.
AID = 2415277394
Event number = 7
Rice compression enabled = False
Timestamp = 439569022.2071 seconds since epoch (Midnight January 1st, 2010)
Trigger time = 2023-12-06 14:30:22.207100+00:00
6
6
6
6
6
6
6
6
6
6
6
6
6
{'SHCOARSE': ParsedDataItem(SHCOARSE, raw=439590237, derived=439590237, unit=dn), 'SHFINE': ParsedDataItem(SHFINE, raw=11024, derived=11024, unit=dn), 'IDX__SCI0AID': ParsedDataItem(IDX__SCI0AID, raw=2415277394, derived=2415277394, unit=None), 'IDX__SCI0TYPE': ParsedDataItem(IDX__SCI0TYPE, raw=1, derived=1, unit=None), 'IDX__SCI0CONT': ParsedDataItem(IDX__SCI0CONT, raw=127, derived=127, unit=None), 'IDX__SCI0SPARE1': ParsedDataItem(IDX__SCI0SPARE1, raw=0, derived=0, unit=None), 'IDX__SCI0PACK': ParsedDataItem(IDX__SCI0PACK, raw=1, derived=EN, unit=None), 'IDX__SCI0FRAG': ParsedDataItem(IDX__SCI0FRAG, raw=0, derived=DS, unit=None), 'IDX__SCI0COMP': ParsedDataItem(IDX__SCI0COMP, raw=0, derived=DS, unit=None), 'IDX__SCI0EVTNUM': ParsedDataItem(IDX__SCI0EVTNUM, raw=8, derived=8, unit=None), 'IDX__SCI0CAT': ParsedDataItem(IDX__SCI0CAT, raw=32, derived=32, unit=None), 'IDX__SCI0QUAL': ParsedDataItem(IDX__SCI0QUAL, raw=5, derived=5, unit=None), 'IDX__SCI0FRAGOFF': ParsedDataItem(IDX__SCI0FRAGOFF, raw=0, derived=0, unit=None), 'IDX__SCI0VER': ParsedDataItem(IDX__SCI0VER, raw=9, derived=9, unit=None), 'IDX__SCI0TIME32': ParsedDataItem(IDX__SCI0TIME32, raw=439589754, derived=439589754, unit=None), 'IDX__SCI0SPARE2': ParsedDataItem(IDX__SCI0SPARE2, raw=0, derived=0, unit=None), 'IDX__SCI0SPARE3': ParsedDataItem(IDX__SCI0SPARE3, raw=0, derived=0, unit=None), 'IDX__SCI0SPARE4': ParsedDataItem(IDX__SCI0SPARE4, raw=0, derived=0, unit=None), 'IDX__TXHDRSCIEVTLEN': ParsedDataItem(IDX__TXHDRSCIEVTLEN, raw=8320, derived=8320, unit=None), 'IDX__TXHDRSP00': ParsedDataItem(IDX__TXHDRSP00, raw=0, derived=0, unit=None), 'IDX__TXHDRTIMESEC1': ParsedDataItem(IDX__TXHDRTIMESEC1, raw=6707, derived=6707, unit=None), 'IDX__TXHDRTIMESEC2': ParsedDataItem(IDX__TXHDRTIMESEC2, raw=39802, derived=39802, unit=None), 'IDX__TXHDRTIMESUBS': ParsedDataItem(IDX__TXHDRTIMESUBS, raw=37480, derived=37480, unit=None), 'IDX__TXHDRSP01': ParsedDataItem(IDX__TXHDRSP01, raw=0, derived=0, unit=None), 'IDX__TXHDRTRIGOFFSET': ParsedDataItem(IDX__TXHDRTRIGOFFSET, raw=1, derived=1, unit=None), 'IDX__TXHDRSP02': ParsedDataItem(IDX__TXHDRSP02, raw=0, derived=0, unit=None), 'IDX__TXHDRTRIGID': ParsedDataItem(IDX__TXHDRTRIGID, raw=1, derived=1, unit=None), 'IDX__TXHDREVTNUM': ParsedDataItem(IDX__TXHDREVTNUM, raw=8, derived=8, unit=None), 'IDX__TXHDRBLOCKS': ParsedDataItem(IDX__TXHDRBLOCKS, raw=243679, derived=243679, unit=None), 'IDX__TXHDRHGTRIGCTRL1': ParsedDataItem(IDX__TXHDRHGTRIGCTRL1, raw=2222981120, derived=2222981120, unit=None), 'IDX__TXHDRHGTRIGCTRL2': ParsedDataItem(IDX__TXHDRHGTRIGCTRL2, raw=0, derived=0, unit=None), 'IDX__TXHDRLGTRIGCTRL1': ParsedDataItem(IDX__TXHDRLGTRIGCTRL1, raw=4294965248, derived=4294965248, unit=None), 'IDX__TXHDRLGTRIGCTRL2': ParsedDataItem(IDX__TXHDRLGTRIGCTRL2, raw=4278255360, derived=4278255360, unit=None), 'IDX__TXHDRMGTRIGCTRL1': ParsedDataItem(IDX__TXHDRMGTRIGCTRL1, raw=4294965248, derived=4294965248, unit=None), 'IDX__TXHDRMGTRIGCTRL2': ParsedDataItem(IDX__TXHDRMGTRIGCTRL2, raw=4278255360, derived=4278255360, unit=None), 'IDX__TXHDRSP03': ParsedDataItem(IDX__TXHDRSP03, raw=0, derived=0, unit=None), 'IDX__TXHDRLSADC': ParsedDataItem(IDX__TXHDRLSADC, raw=555521, derived=555521, unit=None), 'IDX__TXHDRPOLSTAT': ParsedDataItem(IDX__TXHDRPOLSTAT, raw=1, derived=NEG, unit=None), 'IDX__TXHDRSP04': ParsedDataItem(IDX__TXHDRSP04, raw=0, derived=0, unit=None), 'IDX__TXHDRPOLCTRL': ParsedDataItem(IDX__TXHDRPOLCTRL, raw=0, derived=POS, unit=None), 'IDX__TXHDRCOINENA': ParsedDataItem(IDX__TXHDRCOINENA, raw=0, derived=DIS, unit=None), 'IDX__TXHDRLSTRIGMODE': ParsedDataItem(IDX__TXHDRLSTRIGMODE, raw=0, derived=DIS, unit=None), 'IDX__TXHDRMGTRIGMODE': ParsedDataItem(IDX__TXHDRMGTRIGMODE, raw=0, derived=0, unit=None), 'IDX__TXHDRLGTRIGMODE': ParsedDataItem(IDX__TXHDRLGTRIGMODE, raw=0, derived=0, unit=None), 'IDX__TXHDRHGTRIGMODE': ParsedDataItem(IDX__TXHDRHGTRIGMODE, raw=1, derived=1, unit=None), 'IDX__TXHDRSP05': ParsedDataItem(IDX__TXHDRSP05, raw=0, derived=0, unit=None), 'IDX__TXHDRSP06': ParsedDataItem(IDX__TXHDRSP06, raw=0, derived=0, unit=None), 'IDX__TXHDRSP07': ParsedDataItem(IDX__TXHDRSP07, raw=2022, derived=2022, unit=None), 'IDX__TXHDRSP08': ParsedDataItem(IDX__TXHDRSP08, raw=0, derived=0, unit=None), 'IDX__TXHDRTOFMAX': ParsedDataItem(IDX__TXHDRTOFMAX, raw=541596182, derived=541596182, unit=None), 'IDX__TXHDRTOFMIN': ParsedDataItem(IDX__TXHDRTOFMIN, raw=535295476, derived=535295476, unit=None), 'IDX__TXHDRLS0MAXMIN': ParsedDataItem(IDX__TXHDRLS0MAXMIN, raw=8464397, derived=8464397, unit=None), 'IDX__TXHDRLS1MAXMIN': ParsedDataItem(IDX__TXHDRLS1MAXMIN, raw=8476644, derived=8476644, unit=None), 'IDX__TXHDRLS2MAXMIN': ParsedDataItem(IDX__TXHDRLS2MAXMIN, raw=8308710, derived=8308710, unit=None), 'IDX__TXHDRFIFODELAY': ParsedDataItem(IDX__TXHDRFIFODELAY, raw=17, derived=17, unit=None), 'IDX__TXHDRSAMPDELAY': ParsedDataItem(IDX__TXHDRSAMPDELAY, raw=7347240, derived=7347240, unit=None), 'IDX__TXHDRTRANSCNT': ParsedDataItem(IDX__TXHDRTRANSCNT, raw=2, derived=2, unit=None), 'IDX__TXHDRPROCHKCH01': ParsedDataItem(IDX__TXHDRPROCHKCH01, raw=81527416, derived=81527416, unit=None), 'IDX__TXHDRPROCHKCH23': ParsedDataItem(IDX__TXHDRPROCHKCH23, raw=240258367, derived=240258367, unit=None), 'IDX__TXHDRPROCHKCH45': ParsedDataItem(IDX__TXHDRPROCHKCH45, raw=199034078, derived=199034078, unit=None), 'IDX__TXHDRPROCHKCH67': ParsedDataItem(IDX__TXHDRPROCHKCH67, raw=134088995, derived=134088995, unit=None), 'IDX__TXHDRHVPSHKCH01': ParsedDataItem(IDX__TXHDRHVPSHKCH01, raw=131663463, derived=131663463, unit=None), 'IDX__TXHDRHVPSHKCH23': ParsedDataItem(IDX__TXHDRHVPSHKCH23, raw=8849067, derived=8849067, unit=None), 'IDX__TXHDRHVPSHKCH45': ParsedDataItem(IDX__TXHDRHVPSHKCH45, raw=152897501, derived=152897501, unit=None), 'IDX__TXHDRHVPSHKCH67': ParsedDataItem(IDX__TXHDRHVPSHKCH67, raw=19991181, derived=19991181, unit=None), 'IDX__TXHDRLVHK0CH01': ParsedDataItem(IDX__TXHDRLVHK0CH01, raw=134219776, derived=134219776, unit=None), 'IDX__TXHDRLVHK0CH23': ParsedDataItem(IDX__TXHDRLVHK0CH23, raw=173018038, derived=173018038, unit=None), 'IDX__TXHDRLVHK0CH45': ParsedDataItem(IDX__TXHDRLVHK0CH45, raw=134941794, derived=134941794, unit=None), 'IDX__TXHDRLVHK0CH67': ParsedDataItem(IDX__TXHDRLVHK0CH67, raw=207096915, derived=207096915, unit=None), 'IDX__TXHDRLVHK1CH01': ParsedDataItem(IDX__TXHDRLVHK1CH01, raw=32114208, derived=32114208, unit=None), 'IDX__TXHDRLVHK1CH23': ParsedDataItem(IDX__TXHDRLVHK1CH23, raw=63636740, derived=63636740, unit=None), 'IDX__TXHDRLVHK1CH45': ParsedDataItem(IDX__TXHDRLVHK1CH45, raw=183502389, derived=183502389, unit=None), 'IDX__TXHDRLVHK1CH67': ParsedDataItem(IDX__TXHDRLVHK1CH67, raw=189202913, derived=189202913, unit=None), 'IDX__TXHDRLVHK2CH01': ParsedDataItem(IDX__TXHDRLVHK2CH01, raw=42730130, derived=42730130, unit=None), 'IDX__TXHDRLVHK2CH23': ParsedDataItem(IDX__TXHDRLVHK2CH23, raw=260047824, derived=260047824, unit=None), 'IDX__TXHDRLVHK2CH45': ParsedDataItem(IDX__TXHDRLVHK2CH45, raw=101257134, derived=101257134, unit=None), 'IDX__TXHDRLVHK2CH67': ParsedDataItem(IDX__TXHDRLVHK2CH67, raw=69022, derived=69022, unit=None), 'IDX__TXHDRSP09': ParsedDataItem(IDX__TXHDRSP09, raw=0, derived=0, unit=None), 'IDX__TXHDRSP10': ParsedDataItem(IDX__TXHDRSP10, raw=0, derived=0, unit=None), 'IDX__TXHDRFSWAIDCOPY': ParsedDataItem(IDX__TXHDRFSWAIDCOPY, raw=2415277394, derived=2415277394, unit=None), 'IDX__TXHDRFSWBINCOPY': ParsedDataItem(IDX__TXHDRFSWBINCOPY, raw=0, derived=0, unit=None), 'IDX__TXHDRFSWMAJOR': ParsedDataItem(IDX__TXHDRFSWMAJOR, raw=2, derived=2, unit=None), 'IDX__TXHDRFSWMINOR': ParsedDataItem(IDX__TXHDRFSWMINOR, raw=0, derived=0, unit=None), 'IDX__TXHDRFSWPATCH': ParsedDataItem(IDX__TXHDRFSWPATCH, raw=0, derived=0, unit=None), 'IDX__TXHDRFSWHVSTAT': ParsedDataItem(IDX__TXHDRFSWHVSTAT, raw=3, derived=3, unit=None), 'IDX__TXHDRFSWMEM0': ParsedDataItem(IDX__TXHDRFSWMEM0, raw=0, derived=0, unit=None), 'IDX__TXHDRFSWMEM1': ParsedDataItem(IDX__TXHDRFSWMEM1, raw=0, derived=0, unit=None), 'IDX__TXHDRFSWPT0': ParsedDataItem(IDX__TXHDRFSWPT0, raw=0, derived=0, unit=None), 'IDX__TXHDRFSWPT1': ParsedDataItem(IDX__TXHDRFSWPT1, raw=0, derived=0, unit=None), 'IDX__TXHDRFSWPT2': ParsedDataItem(IDX__TXHDRFSWPT2, raw=0, derived=0, unit=None), 'IDX__TXHDRFSWPT3': ParsedDataItem(IDX__TXHDRFSWPT3, raw=0, derived=0, unit=None), 'IDX__TXHDRFSWPT4': ParsedDataItem(IDX__TXHDRFSWPT4, raw=0, derived=0, unit=None), 'IDX__TXHDRFSWPT5': ParsedDataItem(IDX__TXHDRFSWPT5, raw=0, derived=0, unit=None), 'IDX__TXHDRFSWPT6': ParsedDataItem(IDX__TXHDRFSWPT6, raw=0, derived=0, unit=None), 'IDX__TXHDRFSWPT7': ParsedDataItem(IDX__TXHDRFSWPT7, raw=0, derived=0, unit=None), 'IDX__TXHDRFSWPT8': ParsedDataItem(IDX__TXHDRFSWPT8, raw=0, derived=0, unit=None), 'IDX__TXHDRFSWPT9': ParsedDataItem(IDX__TXHDRFSWPT9, raw=0, derived=0, unit=None), 'IDX__TXHDRFPGAVER': ParsedDataItem(IDX__TXHDRFPGAVER, raw=539165480, derived=539165480, unit=None), 'IDX__SYNCSCI0PKT': ParsedDataItem(IDX__SYNCSCI0PKT, raw=13107, derived=13107, unit=None), 'IDX__CRCSCI0PKT': ParsedDataItem(IDX__CRCSCI0PKT, raw=2929, derived=2929, unit=None)}
SHCOARSE = 439590237
SHFINE = 11024
IDX__SCI0AID = 2415277394
IDX__SCI0TYPE = 1
IDX__SCI0CONT = 127
IDX__SCI0SPARE1 = 0
IDX__SCI0PACK = EN
IDX__SCI0FRAG = DS
IDX__SCI0COMP = DS
IDX__SCI0EVTNUM = 8
IDX__SCI0CAT = 32
IDX__SCI0QUAL = 5
IDX__SCI0FRAGOFF = 0
IDX__SCI0VER = 9
IDX__SCI0TIME32 = 439589754
IDX__SCI0SPARE2 = 0
IDX__SCI0SPARE3 = 0
IDX__SCI0SPARE4 = 0
IDX__TXHDRSCIEVTLEN = 8320
IDX__TXHDRSP00 = 0
IDX__TXHDRTIMESEC1 = 6707
IDX__TXHDRTIMESEC2 = 39802
IDX__TXHDRTIMESUBS = 37480
IDX__TXHDRSP01 = 0
IDX__TXHDRTRIGOFFSET = 1
IDX__TXHDRSP02 = 0
IDX__TXHDRTRIGID = 1
IDX__TXHDREVTNUM = 8
IDX__TXHDRBLOCKS = 243679
IDX__TXHDRHGTRIGCTRL1 = 2222981120
IDX__TXHDRHGTRIGCTRL2 = 0
IDX__TXHDRLGTRIGCTRL1 = 4294965248
IDX__TXHDRLGTRIGCTRL2 = 4278255360
IDX__TXHDRMGTRIGCTRL1 = 4294965248
IDX__TXHDRMGTRIGCTRL2 = 4278255360
IDX__TXHDRSP03 = 0
IDX__TXHDRLSADC = 555521
IDX__TXHDRPOLSTAT = NEG
IDX__TXHDRSP04 = 0
IDX__TXHDRPOLCTRL = POS
IDX__TXHDRCOINENA = DIS
IDX__TXHDRLSTRIGMODE = DIS
IDX__TXHDRMGTRIGMODE = 0
IDX__TXHDRLGTRIGMODE = 0
IDX__TXHDRHGTRIGMODE = 1
IDX__TXHDRSP05 = 0
IDX__TXHDRSP06 = 0
IDX__TXHDRSP07 = 2022
IDX__TXHDRSP08 = 0
IDX__TXHDRTOFMAX = 541596182
IDX__TXHDRTOFMIN = 535295476
IDX__TXHDRLS0MAXMIN = 8464397
IDX__TXHDRLS1MAXMIN = 8476644
IDX__TXHDRLS2MAXMIN = 8308710
IDX__TXHDRFIFODELAY = 17
IDX__TXHDRSAMPDELAY = 7347240
IDX__TXHDRTRANSCNT = 2
IDX__TXHDRPROCHKCH01 = 81527416
IDX__TXHDRPROCHKCH23 = 240258367
IDX__TXHDRPROCHKCH45 = 199034078
IDX__TXHDRPROCHKCH67 = 134088995
IDX__TXHDRHVPSHKCH01 = 131663463
IDX__TXHDRHVPSHKCH23 = 8849067
IDX__TXHDRHVPSHKCH45 = 152897501
IDX__TXHDRHVPSHKCH67 = 19991181
IDX__TXHDRLVHK0CH01 = 134219776
IDX__TXHDRLVHK0CH23 = 173018038
IDX__TXHDRLVHK0CH45 = 134941794
IDX__TXHDRLVHK0CH67 = 207096915
IDX__TXHDRLVHK1CH01 = 32114208
IDX__TXHDRLVHK1CH23 = 63636740
IDX__TXHDRLVHK1CH45 = 183502389
IDX__TXHDRLVHK1CH67 = 189202913
IDX__TXHDRLVHK2CH01 = 42730130
IDX__TXHDRLVHK2CH23 = 260047824
IDX__TXHDRLVHK2CH45 = 101257134
IDX__TXHDRLVHK2CH67 = 69022
IDX__TXHDRSP09 = 0
IDX__TXHDRSP10 = 0
IDX__TXHDRFSWAIDCOPY = 2415277394
IDX__TXHDRFSWBINCOPY = 0
IDX__TXHDRFSWMAJOR = 2
IDX__TXHDRFSWMINOR = 0
IDX__TXHDRFSWPATCH = 0
IDX__TXHDRFSWHVSTAT = 3
IDX__TXHDRFSWMEM0 = 0
IDX__TXHDRFSWMEM1 = 0
IDX__TXHDRFSWPT0 = 0
IDX__TXHDRFSWPT1 = 0
IDX__TXHDRFSWPT2 = 0
IDX__TXHDRFSWPT3 = 0
IDX__TXHDRFSWPT4 = 0
IDX__TXHDRFSWPT5 = 0
IDX__TXHDRFSWPT6 = 0
IDX__TXHDRFSWPT7 = 0
IDX__TXHDRFSWPT8 = 0
IDX__TXHDRFSWPT9 = 0
IDX__TXHDRFPGAVER = 539165480
IDX__SYNCSCI0PKT = 13107
IDX__CRCSCI0PKT = 2929
^*****Event header 7******^
HS pre trig sampling blocks:  31
LS pre trig sampling blocks:  3
HS post trig sampling blocks:  31
LS post trig sampling blocks:  11
IDX__TXHDRHVPSHKCH01 = 131663463
Detector voltage =  1639
Sensor voltage =  2009
Target voltage =  1707
Reflectron voltage =  135
Rejection voltage =  2013
Current for HVPS sensor =  2333
Positive current for HVPS sensor =  2701
Negative current for HVPS sensor =  305
Voltage +3.3V reference =  2048
Voltage +3.3V operational reference =  2048
Voltage -6V bus =  2998
Voltage +6V bus =  2640
Voltage +16V bus =  3170
Voltage +3.3V bus =  2059
Voltage -5V bus =  3155
Voltage +5V bus =  3160
Current +3.3V bus =  1568
Current +16V bus =  971
Current +6V bus =  1284
Current -6V bus =  971
Current +5V bus =  1589
Current -5V bus =  2800
Current +2.5V bus =  481
Current -2.5V bus =  2887
Current on the 1V POL =  632
Current on the 1.9V POL =  1244
ProcBd Temperature 1 =  3391
ProcBd Temperature 2 =  3666
Voltage on 1V bus =  1246
FPGA Temperature =  3037
Voltage on 1.9V bus =  2339
Voltage on 3.3V bus =  2046
var_to_row = {'Last measurement in raw DN for Processor Board signal “1V POL Current”': 0, 'Last measurement in raw DN for Processor Board signal “1.9V POL Current”': 1, 'Last measurement in raw DN for Processor Board signal “ProcBd Temp1”': 2, nan: 48, 'Last measurement in raw DN for Processor Board signal “ProcBd Temp2”': 6, 'Last measurement in raw DN for Processor Board signal “1V Voltage”': 10, 'Last measurement in raw DN for Processor Board signal “FPGA Temp”': 11, 'Last measurement in raw DN for Processor Board signal “1.9V Voltage”': 12, 'Last measurement in raw DN for Processor Board signal “3.3V Voltage”': 13, 'Last measurement in raw DN for HVPS Board signal “Detector Voltage”': 14, 'Last measurement in raw DN for HVPS Board signal “Sensor Voltage"': 15, 'Last measurement in raw DN for HVPS Board signal “Target Voltage”': 16, 'Last measurement in raw DN for HVPS Board signal “Reflectron Voltage”': 17, 'Last measurement in raw DN for HVPS Board signal “Rejection Voltage”': 18, 'Last measurement in raw DN for HVPS Board signal “Detector Current”': 19, 'Last measurement in raw DN for HVPS Board signal “Sensor IP”': 20, 'Last measurement in raw DN for HVPS Board signal “Sensor IN”': 21, 'Last measurement in raw DN for LVPS Board signal “P3.3VREF_HK”': 22, 'Last measurement in raw DN for LVPS Board signal “P3.3VREF_OP”': 23, 'Last measurement in raw DN for LVPS Board signal “N6V”': 24, 'Last measurement in raw DN for LVPS Board signal “P6V”': 25, 'Last measurement in raw DN for LVPS Board signal “P16V”': 26, 'Last measurement in raw DN for LVPS Board signal “P3.3V”': 27, 'Last measurement in raw DN for LVPS Board signal “N5V”': 28, 'Last measurement in raw DN for LVPS Board signal “P5V”': 29, 'Last measurement in raw DN for LVPS Board signal “P3.3_IMON”': 30, 'Last measurement in raw DN for LVPS Board signal “P16V_IMON”': 31, 'Last measurement in raw DN for LVPS Board signal “P6V_IMON”': 32, 'Last measurement in raw DN for LVPS Board signal “N6V_IMON”': 33, 'Last measurement in raw DN for LVPS Board signal “P5V_IMON”': 34, 'Last measurement in raw DN for LVPS Board signal “N5V_IMON”': 35, 'Last measurement in raw DN for LVPS Board signal “P2.5V_IMON”': 36, 'Last measurement in raw DN for LVPS Board signal “N2.5V_IMON”': 37, 'Last measurement in raw DN for LVPS Board signal “THERM_DECON0”': 38, 'Last measurement in raw DN for LVPS Board signal “THERM_DECON1”': 39, 'Last measurement in raw DN for LVPS Board signal “THERM_DAB”': 40, 'Last measurement in raw DN for LVPS Board signal “THERM_LVPS”': 41, 'Last measurement in raw DN for LVPS Board signal “THERM_HVPS”': 45, 'Last measurement in raw DN for LVPS Board signal “P2.5V”': 49, 'Last measurement in raw DN for LVPS Board signal “N2.5V”': 50, 'Last measurement in raw DN for LVPS Board signal “Spare”': 51}

 
 ***** var_name being converted for each instrument setting ***** 
 

Matching row  18
coeffs for Last measurement in raw DN for Processor Board signal “1V POL Current”= [0.0 0.9029253 0.0 0.0 0.0 0.0 0.0 0.0]
var_name = Last measurement in raw DN for Processor Board signal “1V POL Current”
var_name = current_1V_pol
Header info = 632
Transformed value for current_1V_pol = 570.6487896
Matching row  18
coeffs for Last measurement in raw DN for Processor Board signal “1.9V POL Current”= [0.0 0.9029253 0.0 0.0 0.0 0.0 0.0 0.0]
var_name = Last measurement in raw DN for Processor Board signal “1.9V POL Current”
var_name = current_1.9V_pol
Header info = 1244
Transformed value for current_1.9V_pol = 1123.2390732000001
Matching row  18
coeffs for Last measurement in raw DN for Processor Board signal “ProcBd Temp1”= [162.8276 -0.2668687 0.0003323794 -2.43153e-07 9.034532e-11 -1.327735e-14
 0.0 0.0]
var_name = Last measurement in raw DN for Processor Board signal “ProcBd Temp1”
var_name = temperature_1
Header info = 3391
Transformed value for temperature_1 = -408.6811903905609
Matching row  18
coeffs for nan= [-104713.9 52.02446 -0.006463374 0.0 0.0 0.0 0.0 0.0]
var_name = nan
var_name = None
KeyError: (7, None) - Could not find entry for None, 48. Please check the Var_notes or variable mapping.
Matching row  18
coeffs for Last measurement in raw DN for Processor Board signal “ProcBd Temp2”= [162.8276 -0.2668687 0.0003323794 -2.43153e-07 9.034532e-11 -1.327735e-14
 0.0 0.0]
var_name = Last measurement in raw DN for Processor Board signal “ProcBd Temp2”
var_name = temperature_2
Header info = 3666
Transformed value for temperature_2 = -801.8818752684547
Matching row  18
coeffs for Last measurement in raw DN for Processor Board signal “1V Voltage”= [0.0 0.000805861 0.0 0.0 0.0 0.0 0.0 0.0]
var_name = Last measurement in raw DN for Processor Board signal “1V Voltage”
var_name = voltage_1V_bus
Header info = 1246
Transformed value for voltage_1V_bus = 1.004102806
Matching row  18
coeffs for Last measurement in raw DN for Processor Board signal “FPGA Temp”= [358.31 -0.1187104 0.0 0.0 0.0 0.0 0.0 0.0]
var_name = Last measurement in raw DN for Processor Board signal “FPGA Temp”
var_name = fpga_temperature
Header info = 3037
Transformed value for fpga_temperature = -2.2134848000000034
Matching row  18
coeffs for Last measurement in raw DN for Processor Board signal “1.9V Voltage”= [0.0 0.000805861 0.0 0.0 0.0 0.0 0.0 0.0]
var_name = Last measurement in raw DN for Processor Board signal “1.9V Voltage”
var_name = voltage_1.9V_bus
Header info = 2339
Transformed value for voltage_1.9V_bus = 1.884908879
Matching row  18
coeffs for Last measurement in raw DN for Processor Board signal “3.3V Voltage”= [0.0 0.001611722 0.0 0.0 0.0 0.0 0.0 0.0]
var_name = Last measurement in raw DN for Processor Board signal “3.3V Voltage”
var_name = voltage_3.3V_bus
Header info = 2046
Transformed value for voltage_3.3V_bus = 3.2975832119999997
Matching row  18
coeffs for Last measurement in raw DN for HVPS Board signal “Detector Voltage”= [0.0 1.4652 0.0 0.0 0.0 0.0 0.0 0.0]
var_name = Last measurement in raw DN for HVPS Board signal “Detector Voltage”
var_name = detector_voltage
Header info = 1639
Transformed value for detector_voltage = 2401.4628000000002
Matching row  18
coeffs for Last measurement in raw DN for HVPS Board signal “Sensor Voltage"= [0.0 1.4652 0.0 0.0 0.0 0.0 0.0 0.0]
var_name = Last measurement in raw DN for HVPS Board signal “Sensor Voltage"
var_name = sensor_voltage
Header info = 2009
Transformed value for sensor_voltage = 2943.5868
Matching row  18
coeffs for Last measurement in raw DN for HVPS Board signal “Target Voltage”= [0.0 1.4652 0.0 0.0 0.0 0.0 0.0 0.0]
var_name = Last measurement in raw DN for HVPS Board signal “Target Voltage”
var_name = target_voltage
Header info = 1707
Transformed value for target_voltage = 2501.0964
Matching row  18
coeffs for Last measurement in raw DN for HVPS Board signal “Reflectron Voltage”= [0.0 1.4652 0.0 0.0 0.0 0.0 0.0 0.0]
var_name = Last measurement in raw DN for HVPS Board signal “Reflectron Voltage”
var_name = reflectron_voltage
Header info = 135
Transformed value for reflectron_voltage = 197.80200000000002
Matching row  18
coeffs for Last measurement in raw DN for HVPS Board signal “Rejection Voltage”= [0.0 1.4652 0.0 0.0 0.0 0.0 0.0 0.0]
var_name = Last measurement in raw DN for HVPS Board signal “Rejection Voltage”
var_name = rejection_voltage
Header info = 2013
Transformed value for rejection_voltage = 2949.4476
Matching row  18
coeffs for Last measurement in raw DN for HVPS Board signal “Detector Current”= [0.0 7.326e-06 0.0 0.0 0.0 0.0 0.0 0.0]
var_name = Last measurement in raw DN for HVPS Board signal “Detector Current”
var_name = current_hvps_sensor
Header info = 2333
Transformed value for current_hvps_sensor = 0.017091558
Matching row  18
coeffs for Last measurement in raw DN for HVPS Board signal “Sensor IP”= [0.0 2.4339e-05 0.0 0.0 0.0 0.0 0.0 0.0]
var_name = Last measurement in raw DN for HVPS Board signal “Sensor IP”
var_name = positive_current_hvps
Header info = 2701
Transformed value for positive_current_hvps = 0.065739639
Matching row  18
coeffs for Last measurement in raw DN for HVPS Board signal “Sensor IN”= [0.0 2.4339e-05 0.0 0.0 0.0 0.0 0.0 0.0]
var_name = Last measurement in raw DN for HVPS Board signal “Sensor IN”
var_name = negative_current_hvps
Header info = 305
Transformed value for negative_current_hvps = 0.007423394999999999
Matching row  18
coeffs for Last measurement in raw DN for LVPS Board signal “P3.3VREF_HK”= [0.0 0.00161172 0.0 0.0 0.0 0.0 0.0 0.0]
var_name = Last measurement in raw DN for LVPS Board signal “P3.3VREF_HK”
var_name = voltage_3V3_ref
Header info = 2048
Transformed value for voltage_3V3_ref = 3.30080256
Matching row  18
coeffs for Last measurement in raw DN for LVPS Board signal “P3.3VREF_OP”= [0.0 0.00161172 0.0 0.0 0.0 0.0 0.0 0.0]
var_name = Last measurement in raw DN for LVPS Board signal “P3.3VREF_OP”
var_name = voltage_3V3_op_ref
Header info = 2048
Transformed value for voltage_3V3_op_ref = 3.30080256
Matching row  18
coeffs for Last measurement in raw DN for LVPS Board signal “N6V”= [-33.0 0.00886447 0.0 0.0 0.0 0.0 0.0 0.0]
var_name = Last measurement in raw DN for LVPS Board signal “N6V”
var_name = voltage_neg6V_bus
Header info = 2998
Transformed value for voltage_neg6V_bus = -6.424318940000003
Matching row  18
coeffs for Last measurement in raw DN for LVPS Board signal “P6V”= [0.0 0.00241758 0.0 0.0 0.0 0.0 0.0 0.0]
var_name = Last measurement in raw DN for LVPS Board signal “P6V”
var_name = voltage_pos6V_bus
Header info = 2640
Transformed value for voltage_pos6V_bus = 6.3824112
Matching row  18
coeffs for Last measurement in raw DN for LVPS Board signal “P16V”= [0.0 0.00482711 0.0 0.0 0.0 0.0 0.0 0.0]
var_name = Last measurement in raw DN for LVPS Board signal “P16V”
var_name = voltage_pos16V_bus
Header info = 3170
Transformed value for voltage_pos16V_bus = 15.3019387
Matching row  18
coeffs for Last measurement in raw DN for LVPS Board signal “P3.3V”= [0.0 0.00161172 0.0 0.0 0.0 0.0 0.0 0.0]
var_name = Last measurement in raw DN for LVPS Board signal “P3.3V”
var_name = voltage_pos3V3_bus
Header info = 2059
Transformed value for voltage_pos3V3_bus = 3.3185314800000003
Matching row  18
coeffs for Last measurement in raw DN for LVPS Board signal “N5V”= [-33.0 0.00886447 0.0 0.0 0.0 0.0 0.0 0.0]
var_name = Last measurement in raw DN for LVPS Board signal “N5V”
var_name = voltage_neg5V_bus
Header info = 3155
Transformed value for voltage_neg5V_bus = -5.032597150000001
Matching row  18
coeffs for Last measurement in raw DN for LVPS Board signal “P5V”= [0.0 0.00161172 0.0 0.0 0.0 0.0 0.0 0.0]
var_name = Last measurement in raw DN for LVPS Board signal “P5V”
var_name = voltage_pos5V_bus
Header info = 3160
Transformed value for voltage_pos5V_bus = 5.0930352
Matching row  18
coeffs for Last measurement in raw DN for LVPS Board signal “P3.3_IMON”= [0.0 0.00161172 0.0 0.0 0.0 0.0 0.0 0.0]
var_name = Last measurement in raw DN for LVPS Board signal “P3.3_IMON”
var_name = current_3V3_bus
Header info = 1568
Transformed value for current_3V3_bus = 2.5271769600000002
Matching row  18
coeffs for Last measurement in raw DN for LVPS Board signal “P16V_IMON”= [0.0 0.000161172 0.0 0.0 0.0 0.0 0.0 0.0]
var_name = Last measurement in raw DN for LVPS Board signal “P16V_IMON”
var_name = current_16V_bus
Header info = 971
Transformed value for current_16V_bus = 0.15649801200000002
Matching row  18
coeffs for Last measurement in raw DN for LVPS Board signal “P6V_IMON”= [0.0 8.05861e-05 0.0 0.0 0.0 0.0 0.0 0.0]
var_name = Last measurement in raw DN for LVPS Board signal “P6V_IMON”
var_name = current_6V_bus
Header info = 1284
Transformed value for current_6V_bus = 0.1034725524
Matching row  18
coeffs for Last measurement in raw DN for LVPS Board signal “N6V_IMON”= [0.0 -8.05861e-05 0.0 0.0 0.0 0.0 0.0 0.0]
var_name = Last measurement in raw DN for LVPS Board signal “N6V_IMON”
var_name = current_neg6V_bus
Header info = 971
Transformed value for current_neg6V_bus = -0.0782491031
Matching row  18
coeffs for Last measurement in raw DN for LVPS Board signal “P5V_IMON”= [0.0 4.029304e-05 0.0 0.0 0.0 0.0 0.0 0.0]
var_name = Last measurement in raw DN for LVPS Board signal “P5V_IMON”
var_name = current_5V_bus
Header info = 1589
Transformed value for current_5V_bus = 0.06402564056
Matching row  18
coeffs for Last measurement in raw DN for LVPS Board signal “N5V_IMON”= [0.0 -2.01465e-05 0.0 0.0 0.0 0.0 0.0 0.0]
var_name = Last measurement in raw DN for LVPS Board signal “N5V_IMON”
var_name = current_neg5V_bus
Header info = 2800
Transformed value for current_neg5V_bus = -0.0564102
Matching row  18
coeffs for Last measurement in raw DN for LVPS Board signal “P2.5V_IMON”= [0.0 0.00161172 0.0 0.0 0.0 0.0 0.0 0.0]
var_name = Last measurement in raw DN for LVPS Board signal “P2.5V_IMON”
var_name = current_2V5_bus
Header info = 481
Transformed value for current_2V5_bus = 0.77523732
Matching row  18
coeffs for Last measurement in raw DN for LVPS Board signal “N2.5V_IMON”= [0.0 -4.0293e-05 0.0 0.0 0.0 0.0 0.0 0.0]
var_name = Last measurement in raw DN for LVPS Board signal “N2.5V_IMON”
var_name = current_neg2V5_bus
Header info = 2887
Transformed value for current_neg2V5_bus = -0.116325891
Matching row  18
coeffs for Last measurement in raw DN for LVPS Board signal “THERM_DECON0”= [-110.293 0.0665351 0.000305738 -6.32048e-07 5.9934e-10 -2.98784e-13
 7.61361e-17 -7.76467e-21]
var_name = Last measurement in raw DN for LVPS Board signal “THERM_DECON0”
var_name = None
KeyError: (7, None) - Could not find entry for None, 38. Please check the Var_notes or variable mapping.
Matching row  18
coeffs for Last measurement in raw DN for LVPS Board signal “THERM_DECON1”= [-150.478 0.376986 -0.00062072 7.73853e-07 -5.81588e-10 2.56368e-13
 -6.05698e-17 5.96635e-21]
var_name = Last measurement in raw DN for LVPS Board signal “THERM_DECON1”
var_name = None
KeyError: (7, None) - Could not find entry for None, 39. Please check the Var_notes or variable mapping.
Matching row  18
coeffs for Last measurement in raw DN for LVPS Board signal “THERM_DAB”= [-443.248 1.31224 -0.00180422 1.40016e-06 -6.43766e-10 1.7448e-13
 -2.57695e-17 1.60239e-21]
var_name = Last measurement in raw DN for LVPS Board signal “THERM_DAB”
var_name = None
KeyError: (7, None) - Could not find entry for None, 40. Please check the Var_notes or variable mapping.
Matching row  18
coeffs for Last measurement in raw DN for LVPS Board signal “THERM_LVPS”= [200.4137 -0.2020699 0.000175403 -9.739547e-08 2.888932e-11 -3.545603e-15
 0.0 0.0]
var_name = Last measurement in raw DN for LVPS Board signal “THERM_LVPS”
var_name = None
KeyError: (7, None) - Could not find entry for None, 41. Please check the Var_notes or variable mapping.
Matching row  18
coeffs for Last measurement in raw DN for LVPS Board signal “THERM_HVPS”= [200.4137 -0.2020699 0.000175403 -9.739547e-08 2.888932e-11 -3.545603e-15
 0.0 0.0]
var_name = Last measurement in raw DN for LVPS Board signal “THERM_HVPS”
var_name = None
KeyError: (7, None) - Could not find entry for None, 45. Please check the Var_notes or variable mapping.
Matching row  18
coeffs for Last measurement in raw DN for LVPS Board signal “P2.5V”= [0.0 0.00161172 0.0 0.0 0.0 0.0 0.0 0.0]
var_name = Last measurement in raw DN for LVPS Board signal “P2.5V”
var_name = None
KeyError: (7, None) - Could not find entry for None, 49. Please check the Var_notes or variable mapping.
Matching row  18
coeffs for Last measurement in raw DN for LVPS Board signal “N2.5V”= [-33.0 0.00886447 0.0 0.0 0.0 0.0 0.0 0.0]
var_name = Last measurement in raw DN for LVPS Board signal “N2.5V”
var_name = None
KeyError: (7, None) - Could not find entry for None, 50. Please check the Var_notes or variable mapping.
Matching row  18
coeffs for Last measurement in raw DN for LVPS Board signal “Spare”= [0.0 0.00161172 0.0 0.0 0.0 0.0 0.0 0.0]
var_name = Last measurement in raw DN for LVPS Board signal “Spare”
var_name = spare_signal
KeyError: (7, 'spare_signal') - Could not find entry for spare_signal, 51. Please check the Var_notes or variable mapping.
High gain delay = 7 samples.
Mid gain delay = 7 samples.
Low gain delay = 40 samples.
High sampling trigger mode =  0 0 1
High gain trigger mode enabled.
For 2222981120, HG Trigger level = 0.15317, sample settings = 0, 0
Threshold trigger mode enabled for high gain channel.
AID = 2415277394
Event number = 8
Rice compression enabled = False
Timestamp = 439569022.20712 seconds since epoch (Midnight January 1st, 2010)
Trigger time = 2023-12-06 14:30:22.207120+00:00
7
7
7
7
7
7
7
7
7
7
7
7
7
{'SHCOARSE': ParsedDataItem(SHCOARSE, raw=439590250, derived=439590250, unit=dn), 'SHFINE': ParsedDataItem(SHFINE, raw=11012, derived=11012, unit=dn), 'IDX__SCI0AID': ParsedDataItem(IDX__SCI0AID, raw=2415277394, derived=2415277394, unit=None), 'IDX__SCI0TYPE': ParsedDataItem(IDX__SCI0TYPE, raw=1, derived=1, unit=None), 'IDX__SCI0CONT': ParsedDataItem(IDX__SCI0CONT, raw=127, derived=127, unit=None), 'IDX__SCI0SPARE1': ParsedDataItem(IDX__SCI0SPARE1, raw=0, derived=0, unit=None), 'IDX__SCI0PACK': ParsedDataItem(IDX__SCI0PACK, raw=1, derived=EN, unit=None), 'IDX__SCI0FRAG': ParsedDataItem(IDX__SCI0FRAG, raw=0, derived=DS, unit=None), 'IDX__SCI0COMP': ParsedDataItem(IDX__SCI0COMP, raw=0, derived=DS, unit=None), 'IDX__SCI0EVTNUM': ParsedDataItem(IDX__SCI0EVTNUM, raw=9, derived=9, unit=None), 'IDX__SCI0CAT': ParsedDataItem(IDX__SCI0CAT, raw=32, derived=32, unit=None), 'IDX__SCI0QUAL': ParsedDataItem(IDX__SCI0QUAL, raw=5, derived=5, unit=None), 'IDX__SCI0FRAGOFF': ParsedDataItem(IDX__SCI0FRAGOFF, raw=0, derived=0, unit=None), 'IDX__SCI0VER': ParsedDataItem(IDX__SCI0VER, raw=9, derived=9, unit=None), 'IDX__SCI0TIME32': ParsedDataItem(IDX__SCI0TIME32, raw=439589756, derived=439589756, unit=None), 'IDX__SCI0SPARE2': ParsedDataItem(IDX__SCI0SPARE2, raw=0, derived=0, unit=None), 'IDX__SCI0SPARE3': ParsedDataItem(IDX__SCI0SPARE3, raw=0, derived=0, unit=None), 'IDX__SCI0SPARE4': ParsedDataItem(IDX__SCI0SPARE4, raw=0, derived=0, unit=None), 'IDX__TXHDRSCIEVTLEN': ParsedDataItem(IDX__TXHDRSCIEVTLEN, raw=8320, derived=8320, unit=None), 'IDX__TXHDRSP00': ParsedDataItem(IDX__TXHDRSP00, raw=0, derived=0, unit=None), 'IDX__TXHDRTIMESEC1': ParsedDataItem(IDX__TXHDRTIMESEC1, raw=6707, derived=6707, unit=None), 'IDX__TXHDRTIMESEC2': ParsedDataItem(IDX__TXHDRTIMESEC2, raw=39804, derived=39804, unit=None), 'IDX__TXHDRTIMESUBS': ParsedDataItem(IDX__TXHDRTIMESUBS, raw=37474, derived=37474, unit=None), 'IDX__TXHDRSP01': ParsedDataItem(IDX__TXHDRSP01, raw=0, derived=0, unit=None), 'IDX__TXHDRTRIGOFFSET': ParsedDataItem(IDX__TXHDRTRIGOFFSET, raw=3, derived=3, unit=None), 'IDX__TXHDRSP02': ParsedDataItem(IDX__TXHDRSP02, raw=0, derived=0, unit=None), 'IDX__TXHDRTRIGID': ParsedDataItem(IDX__TXHDRTRIGID, raw=1, derived=1, unit=None), 'IDX__TXHDREVTNUM': ParsedDataItem(IDX__TXHDREVTNUM, raw=9, derived=9, unit=None), 'IDX__TXHDRBLOCKS': ParsedDataItem(IDX__TXHDRBLOCKS, raw=243679, derived=243679, unit=None), 'IDX__TXHDRHGTRIGCTRL1': ParsedDataItem(IDX__TXHDRHGTRIGCTRL1, raw=2222981120, derived=2222981120, unit=None), 'IDX__TXHDRHGTRIGCTRL2': ParsedDataItem(IDX__TXHDRHGTRIGCTRL2, raw=0, derived=0, unit=None), 'IDX__TXHDRLGTRIGCTRL1': ParsedDataItem(IDX__TXHDRLGTRIGCTRL1, raw=4294965248, derived=4294965248, unit=None), 'IDX__TXHDRLGTRIGCTRL2': ParsedDataItem(IDX__TXHDRLGTRIGCTRL2, raw=4278255360, derived=4278255360, unit=None), 'IDX__TXHDRMGTRIGCTRL1': ParsedDataItem(IDX__TXHDRMGTRIGCTRL1, raw=4294965248, derived=4294965248, unit=None), 'IDX__TXHDRMGTRIGCTRL2': ParsedDataItem(IDX__TXHDRMGTRIGCTRL2, raw=4278255360, derived=4278255360, unit=None), 'IDX__TXHDRSP03': ParsedDataItem(IDX__TXHDRSP03, raw=0, derived=0, unit=None), 'IDX__TXHDRLSADC': ParsedDataItem(IDX__TXHDRLSADC, raw=555521, derived=555521, unit=None), 'IDX__TXHDRPOLSTAT': ParsedDataItem(IDX__TXHDRPOLSTAT, raw=1, derived=NEG, unit=None), 'IDX__TXHDRSP04': ParsedDataItem(IDX__TXHDRSP04, raw=0, derived=0, unit=None), 'IDX__TXHDRPOLCTRL': ParsedDataItem(IDX__TXHDRPOLCTRL, raw=0, derived=POS, unit=None), 'IDX__TXHDRCOINENA': ParsedDataItem(IDX__TXHDRCOINENA, raw=0, derived=DIS, unit=None), 'IDX__TXHDRLSTRIGMODE': ParsedDataItem(IDX__TXHDRLSTRIGMODE, raw=0, derived=DIS, unit=None), 'IDX__TXHDRMGTRIGMODE': ParsedDataItem(IDX__TXHDRMGTRIGMODE, raw=0, derived=0, unit=None), 'IDX__TXHDRLGTRIGMODE': ParsedDataItem(IDX__TXHDRLGTRIGMODE, raw=0, derived=0, unit=None), 'IDX__TXHDRHGTRIGMODE': ParsedDataItem(IDX__TXHDRHGTRIGMODE, raw=1, derived=1, unit=None), 'IDX__TXHDRSP05': ParsedDataItem(IDX__TXHDRSP05, raw=0, derived=0, unit=None), 'IDX__TXHDRSP06': ParsedDataItem(IDX__TXHDRSP06, raw=0, derived=0, unit=None), 'IDX__TXHDRSP07': ParsedDataItem(IDX__TXHDRSP07, raw=2022, derived=2022, unit=None), 'IDX__TXHDRSP08': ParsedDataItem(IDX__TXHDRSP08, raw=0, derived=0, unit=None), 'IDX__TXHDRTOFMAX': ParsedDataItem(IDX__TXHDRTOFMAX, raw=542644836, derived=542644836, unit=None), 'IDX__TXHDRTOFMIN': ParsedDataItem(IDX__TXHDRTOFMIN, raw=535295476, derived=535295476, unit=None), 'IDX__TXHDRLS0MAXMIN': ParsedDataItem(IDX__TXHDRLS0MAXMIN, raw=8464397, derived=8464397, unit=None), 'IDX__TXHDRLS1MAXMIN': ParsedDataItem(IDX__TXHDRLS1MAXMIN, raw=8484835, derived=8484835, unit=None), 'IDX__TXHDRLS2MAXMIN': ParsedDataItem(IDX__TXHDRLS2MAXMIN, raw=8308709, derived=8308709, unit=None), 'IDX__TXHDRFIFODELAY': ParsedDataItem(IDX__TXHDRFIFODELAY, raw=17, derived=17, unit=None), 'IDX__TXHDRSAMPDELAY': ParsedDataItem(IDX__TXHDRSAMPDELAY, raw=24140856, derived=24140856, unit=None), 'IDX__TXHDRTRANSCNT': ParsedDataItem(IDX__TXHDRTRANSCNT, raw=10, derived=10, unit=None), 'IDX__TXHDRPROCHKCH01': ParsedDataItem(IDX__TXHDRPROCHKCH01, raw=81527416, derived=81527416, unit=None), 'IDX__TXHDRPROCHKCH23': ParsedDataItem(IDX__TXHDRPROCHKCH23, raw=240258367, derived=240258367, unit=None), 'IDX__TXHDRPROCHKCH45': ParsedDataItem(IDX__TXHDRPROCHKCH45, raw=199099614, derived=199099614, unit=None), 'IDX__TXHDRPROCHKCH67': ParsedDataItem(IDX__TXHDRPROCHKCH67, raw=134088995, derived=134088995, unit=None), 'IDX__TXHDRHVPSHKCH01': ParsedDataItem(IDX__TXHDRHVPSHKCH01, raw=131663462, derived=131663462, unit=None), 'IDX__TXHDRHVPSHKCH23': ParsedDataItem(IDX__TXHDRHVPSHKCH23, raw=8849067, derived=8849067, unit=None), 'IDX__TXHDRHVPSHKCH45': ParsedDataItem(IDX__TXHDRHVPSHKCH45, raw=152963037, derived=152963037, unit=None), 'IDX__TXHDRHVPSHKCH67': ParsedDataItem(IDX__TXHDRHVPSHKCH67, raw=20056717, derived=20056717, unit=None), 'IDX__TXHDRLVHK0CH01': ParsedDataItem(IDX__TXHDRLVHK0CH01, raw=134219776, derived=134219776, unit=None), 'IDX__TXHDRLVHK0CH23': ParsedDataItem(IDX__TXHDRLVHK0CH23, raw=173018038, derived=173018038, unit=None), 'IDX__TXHDRLVHK0CH45': ParsedDataItem(IDX__TXHDRLVHK0CH45, raw=134941794, derived=134941794, unit=None), 'IDX__TXHDRLVHK0CH67': ParsedDataItem(IDX__TXHDRLVHK0CH67, raw=207096915, derived=207096915, unit=None), 'IDX__TXHDRLVHK1CH01': ParsedDataItem(IDX__TXHDRLVHK1CH01, raw=32114208, derived=32114208, unit=None), 'IDX__TXHDRLVHK1CH23': ParsedDataItem(IDX__TXHDRLVHK1CH23, raw=63571204, derived=63571204, unit=None), 'IDX__TXHDRLVHK1CH45': ParsedDataItem(IDX__TXHDRLVHK1CH45, raw=183502389, derived=183502389, unit=None), 'IDX__TXHDRLVHK1CH67': ParsedDataItem(IDX__TXHDRLVHK1CH67, raw=189202913, derived=189202913, unit=None), 'IDX__TXHDRLVHK2CH01': ParsedDataItem(IDX__TXHDRLVHK2CH01, raw=42730130, derived=42730130, unit=None), 'IDX__TXHDRLVHK2CH23': ParsedDataItem(IDX__TXHDRLVHK2CH23, raw=260047824, derived=260047824, unit=None), 'IDX__TXHDRLVHK2CH45': ParsedDataItem(IDX__TXHDRLVHK2CH45, raw=101257134, derived=101257134, unit=None), 'IDX__TXHDRLVHK2CH67': ParsedDataItem(IDX__TXHDRLVHK2CH67, raw=69022, derived=69022, unit=None), 'IDX__TXHDRSP09': ParsedDataItem(IDX__TXHDRSP09, raw=0, derived=0, unit=None), 'IDX__TXHDRSP10': ParsedDataItem(IDX__TXHDRSP10, raw=0, derived=0, unit=None), 'IDX__TXHDRFSWAIDCOPY': ParsedDataItem(IDX__TXHDRFSWAIDCOPY, raw=2415277394, derived=2415277394, unit=None), 'IDX__TXHDRFSWBINCOPY': ParsedDataItem(IDX__TXHDRFSWBINCOPY, raw=0, derived=0, unit=None), 'IDX__TXHDRFSWMAJOR': ParsedDataItem(IDX__TXHDRFSWMAJOR, raw=2, derived=2, unit=None), 'IDX__TXHDRFSWMINOR': ParsedDataItem(IDX__TXHDRFSWMINOR, raw=0, derived=0, unit=None), 'IDX__TXHDRFSWPATCH': ParsedDataItem(IDX__TXHDRFSWPATCH, raw=0, derived=0, unit=None), 'IDX__TXHDRFSWHVSTAT': ParsedDataItem(IDX__TXHDRFSWHVSTAT, raw=3, derived=3, unit=None), 'IDX__TXHDRFSWMEM0': ParsedDataItem(IDX__TXHDRFSWMEM0, raw=0, derived=0, unit=None), 'IDX__TXHDRFSWMEM1': ParsedDataItem(IDX__TXHDRFSWMEM1, raw=0, derived=0, unit=None), 'IDX__TXHDRFSWPT0': ParsedDataItem(IDX__TXHDRFSWPT0, raw=0, derived=0, unit=None), 'IDX__TXHDRFSWPT1': ParsedDataItem(IDX__TXHDRFSWPT1, raw=0, derived=0, unit=None), 'IDX__TXHDRFSWPT2': ParsedDataItem(IDX__TXHDRFSWPT2, raw=0, derived=0, unit=None), 'IDX__TXHDRFSWPT3': ParsedDataItem(IDX__TXHDRFSWPT3, raw=0, derived=0, unit=None), 'IDX__TXHDRFSWPT4': ParsedDataItem(IDX__TXHDRFSWPT4, raw=0, derived=0, unit=None), 'IDX__TXHDRFSWPT5': ParsedDataItem(IDX__TXHDRFSWPT5, raw=0, derived=0, unit=None), 'IDX__TXHDRFSWPT6': ParsedDataItem(IDX__TXHDRFSWPT6, raw=0, derived=0, unit=None), 'IDX__TXHDRFSWPT7': ParsedDataItem(IDX__TXHDRFSWPT7, raw=0, derived=0, unit=None), 'IDX__TXHDRFSWPT8': ParsedDataItem(IDX__TXHDRFSWPT8, raw=0, derived=0, unit=None), 'IDX__TXHDRFSWPT9': ParsedDataItem(IDX__TXHDRFSWPT9, raw=0, derived=0, unit=None), 'IDX__TXHDRFPGAVER': ParsedDataItem(IDX__TXHDRFPGAVER, raw=539165480, derived=539165480, unit=None), 'IDX__SYNCSCI0PKT': ParsedDataItem(IDX__SYNCSCI0PKT, raw=13107, derived=13107, unit=None), 'IDX__CRCSCI0PKT': ParsedDataItem(IDX__CRCSCI0PKT, raw=39464, derived=39464, unit=None)}
SHCOARSE = 439590250
SHFINE = 11012
IDX__SCI0AID = 2415277394
IDX__SCI0TYPE = 1
IDX__SCI0CONT = 127
IDX__SCI0SPARE1 = 0
IDX__SCI0PACK = EN
IDX__SCI0FRAG = DS
IDX__SCI0COMP = DS
IDX__SCI0EVTNUM = 9
IDX__SCI0CAT = 32
IDX__SCI0QUAL = 5
IDX__SCI0FRAGOFF = 0
IDX__SCI0VER = 9
IDX__SCI0TIME32 = 439589756
IDX__SCI0SPARE2 = 0
IDX__SCI0SPARE3 = 0
IDX__SCI0SPARE4 = 0
IDX__TXHDRSCIEVTLEN = 8320
IDX__TXHDRSP00 = 0
IDX__TXHDRTIMESEC1 = 6707
IDX__TXHDRTIMESEC2 = 39804
IDX__TXHDRTIMESUBS = 37474
IDX__TXHDRSP01 = 0
IDX__TXHDRTRIGOFFSET = 3
IDX__TXHDRSP02 = 0
IDX__TXHDRTRIGID = 1
IDX__TXHDREVTNUM = 9
IDX__TXHDRBLOCKS = 243679
IDX__TXHDRHGTRIGCTRL1 = 2222981120
IDX__TXHDRHGTRIGCTRL2 = 0
IDX__TXHDRLGTRIGCTRL1 = 4294965248
IDX__TXHDRLGTRIGCTRL2 = 4278255360
IDX__TXHDRMGTRIGCTRL1 = 4294965248
IDX__TXHDRMGTRIGCTRL2 = 4278255360
IDX__TXHDRSP03 = 0
IDX__TXHDRLSADC = 555521
IDX__TXHDRPOLSTAT = NEG
IDX__TXHDRSP04 = 0
IDX__TXHDRPOLCTRL = POS
IDX__TXHDRCOINENA = DIS
IDX__TXHDRLSTRIGMODE = DIS
IDX__TXHDRMGTRIGMODE = 0
IDX__TXHDRLGTRIGMODE = 0
IDX__TXHDRHGTRIGMODE = 1
IDX__TXHDRSP05 = 0
IDX__TXHDRSP06 = 0
IDX__TXHDRSP07 = 2022
IDX__TXHDRSP08 = 0
IDX__TXHDRTOFMAX = 542644836
IDX__TXHDRTOFMIN = 535295476
IDX__TXHDRLS0MAXMIN = 8464397
IDX__TXHDRLS1MAXMIN = 8484835
IDX__TXHDRLS2MAXMIN = 8308709
IDX__TXHDRFIFODELAY = 17
IDX__TXHDRSAMPDELAY = 24140856
IDX__TXHDRTRANSCNT = 10
IDX__TXHDRPROCHKCH01 = 81527416
IDX__TXHDRPROCHKCH23 = 240258367
IDX__TXHDRPROCHKCH45 = 199099614
IDX__TXHDRPROCHKCH67 = 134088995
IDX__TXHDRHVPSHKCH01 = 131663462
IDX__TXHDRHVPSHKCH23 = 8849067
IDX__TXHDRHVPSHKCH45 = 152963037
IDX__TXHDRHVPSHKCH67 = 20056717
IDX__TXHDRLVHK0CH01 = 134219776
IDX__TXHDRLVHK0CH23 = 173018038
IDX__TXHDRLVHK0CH45 = 134941794
IDX__TXHDRLVHK0CH67 = 207096915
IDX__TXHDRLVHK1CH01 = 32114208
IDX__TXHDRLVHK1CH23 = 63571204
IDX__TXHDRLVHK1CH45 = 183502389
IDX__TXHDRLVHK1CH67 = 189202913
IDX__TXHDRLVHK2CH01 = 42730130
IDX__TXHDRLVHK2CH23 = 260047824
IDX__TXHDRLVHK2CH45 = 101257134
IDX__TXHDRLVHK2CH67 = 69022
IDX__TXHDRSP09 = 0
IDX__TXHDRSP10 = 0
IDX__TXHDRFSWAIDCOPY = 2415277394
IDX__TXHDRFSWBINCOPY = 0
IDX__TXHDRFSWMAJOR = 2
IDX__TXHDRFSWMINOR = 0
IDX__TXHDRFSWPATCH = 0
IDX__TXHDRFSWHVSTAT = 3
IDX__TXHDRFSWMEM0 = 0
IDX__TXHDRFSWMEM1 = 0
IDX__TXHDRFSWPT0 = 0
IDX__TXHDRFSWPT1 = 0
IDX__TXHDRFSWPT2 = 0
IDX__TXHDRFSWPT3 = 0
IDX__TXHDRFSWPT4 = 0
IDX__TXHDRFSWPT5 = 0
IDX__TXHDRFSWPT6 = 0
IDX__TXHDRFSWPT7 = 0
IDX__TXHDRFSWPT8 = 0
IDX__TXHDRFSWPT9 = 0
IDX__TXHDRFPGAVER = 539165480
IDX__SYNCSCI0PKT = 13107
IDX__CRCSCI0PKT = 39464
^*****Event header 8******^
HS pre trig sampling blocks:  31
LS pre trig sampling blocks:  3
HS post trig sampling blocks:  31
LS post trig sampling blocks:  11
IDX__TXHDRHVPSHKCH01 = 131663462
Detector voltage =  1638
Sensor voltage =  2009
Target voltage =  1707
Reflectron voltage =  135
Rejection voltage =  2013
Current for HVPS sensor =  2334
Positive current for HVPS sensor =  2701
Negative current for HVPS sensor =  306
Voltage +3.3V reference =  2048
Voltage +3.3V operational reference =  2048
Voltage -6V bus =  2998
Voltage +6V bus =  2640
Voltage +16V bus =  3170
Voltage +3.3V bus =  2059
Voltage -5V bus =  3155
Voltage +5V bus =  3160
Current +3.3V bus =  1568
Current +16V bus =  970
Current +6V bus =  1284
Current -6V bus =  970
Current +5V bus =  1589
Current -5V bus =  2800
Current +2.5V bus =  481
Current -2.5V bus =  2887
Current on the 1V POL =  632
Current on the 1.9V POL =  1244
ProcBd Temperature 1 =  3391
ProcBd Temperature 2 =  3666
Voltage on 1V bus =  1246
FPGA Temperature =  3038
Voltage on 1.9V bus =  2339
Voltage on 3.3V bus =  2046
var_to_row = {'Last measurement in raw DN for Processor Board signal “1V POL Current”': 0, 'Last measurement in raw DN for Processor Board signal “1.9V POL Current”': 1, 'Last measurement in raw DN for Processor Board signal “ProcBd Temp1”': 2, nan: 48, 'Last measurement in raw DN for Processor Board signal “ProcBd Temp2”': 6, 'Last measurement in raw DN for Processor Board signal “1V Voltage”': 10, 'Last measurement in raw DN for Processor Board signal “FPGA Temp”': 11, 'Last measurement in raw DN for Processor Board signal “1.9V Voltage”': 12, 'Last measurement in raw DN for Processor Board signal “3.3V Voltage”': 13, 'Last measurement in raw DN for HVPS Board signal “Detector Voltage”': 14, 'Last measurement in raw DN for HVPS Board signal “Sensor Voltage"': 15, 'Last measurement in raw DN for HVPS Board signal “Target Voltage”': 16, 'Last measurement in raw DN for HVPS Board signal “Reflectron Voltage”': 17, 'Last measurement in raw DN for HVPS Board signal “Rejection Voltage”': 18, 'Last measurement in raw DN for HVPS Board signal “Detector Current”': 19, 'Last measurement in raw DN for HVPS Board signal “Sensor IP”': 20, 'Last measurement in raw DN for HVPS Board signal “Sensor IN”': 21, 'Last measurement in raw DN for LVPS Board signal “P3.3VREF_HK”': 22, 'Last measurement in raw DN for LVPS Board signal “P3.3VREF_OP”': 23, 'Last measurement in raw DN for LVPS Board signal “N6V”': 24, 'Last measurement in raw DN for LVPS Board signal “P6V”': 25, 'Last measurement in raw DN for LVPS Board signal “P16V”': 26, 'Last measurement in raw DN for LVPS Board signal “P3.3V”': 27, 'Last measurement in raw DN for LVPS Board signal “N5V”': 28, 'Last measurement in raw DN for LVPS Board signal “P5V”': 29, 'Last measurement in raw DN for LVPS Board signal “P3.3_IMON”': 30, 'Last measurement in raw DN for LVPS Board signal “P16V_IMON”': 31, 'Last measurement in raw DN for LVPS Board signal “P6V_IMON”': 32, 'Last measurement in raw DN for LVPS Board signal “N6V_IMON”': 33, 'Last measurement in raw DN for LVPS Board signal “P5V_IMON”': 34, 'Last measurement in raw DN for LVPS Board signal “N5V_IMON”': 35, 'Last measurement in raw DN for LVPS Board signal “P2.5V_IMON”': 36, 'Last measurement in raw DN for LVPS Board signal “N2.5V_IMON”': 37, 'Last measurement in raw DN for LVPS Board signal “THERM_DECON0”': 38, 'Last measurement in raw DN for LVPS Board signal “THERM_DECON1”': 39, 'Last measurement in raw DN for LVPS Board signal “THERM_DAB”': 40, 'Last measurement in raw DN for LVPS Board signal “THERM_LVPS”': 41, 'Last measurement in raw DN for LVPS Board signal “THERM_HVPS”': 45, 'Last measurement in raw DN for LVPS Board signal “P2.5V”': 49, 'Last measurement in raw DN for LVPS Board signal “N2.5V”': 50, 'Last measurement in raw DN for LVPS Board signal “Spare”': 51}

 
 ***** var_name being converted for each instrument setting ***** 
 

Matching row  18
coeffs for Last measurement in raw DN for Processor Board signal “1V POL Current”= [0.0 0.9029253 0.0 0.0 0.0 0.0 0.0 0.0]
var_name = Last measurement in raw DN for Processor Board signal “1V POL Current”
var_name = current_1V_pol
Header info = 632
Transformed value for current_1V_pol = 570.6487896
Matching row  18
coeffs for Last measurement in raw DN for Processor Board signal “1.9V POL Current”= [0.0 0.9029253 0.0 0.0 0.0 0.0 0.0 0.0]
var_name = Last measurement in raw DN for Processor Board signal “1.9V POL Current”
var_name = current_1.9V_pol
Header info = 1244
Transformed value for current_1.9V_pol = 1123.2390732000001
Matching row  18
coeffs for Last measurement in raw DN for Processor Board signal “ProcBd Temp1”= [162.8276 -0.2668687 0.0003323794 -2.43153e-07 9.034532e-11 -1.327735e-14
 0.0 0.0]
var_name = Last measurement in raw DN for Processor Board signal “ProcBd Temp1”
var_name = temperature_1
Header info = 3391
Transformed value for temperature_1 = -408.6811903905609
Matching row  18
coeffs for nan= [-104713.9 52.02446 -0.006463374 0.0 0.0 0.0 0.0 0.0]
var_name = nan
var_name = None
KeyError: (8, None) - Could not find entry for None, 48. Please check the Var_notes or variable mapping.
Matching row  18
coeffs for Last measurement in raw DN for Processor Board signal “ProcBd Temp2”= [162.8276 -0.2668687 0.0003323794 -2.43153e-07 9.034532e-11 -1.327735e-14
 0.0 0.0]
var_name = Last measurement in raw DN for Processor Board signal “ProcBd Temp2”
var_name = temperature_2
Header info = 3666
Transformed value for temperature_2 = -801.8818752684547
Matching row  18
coeffs for Last measurement in raw DN for Processor Board signal “1V Voltage”= [0.0 0.000805861 0.0 0.0 0.0 0.0 0.0 0.0]
var_name = Last measurement in raw DN for Processor Board signal “1V Voltage”
var_name = voltage_1V_bus
Header info = 1246
Transformed value for voltage_1V_bus = 1.004102806
Matching row  18
coeffs for Last measurement in raw DN for Processor Board signal “FPGA Temp”= [358.31 -0.1187104 0.0 0.0 0.0 0.0 0.0 0.0]
var_name = Last measurement in raw DN for Processor Board signal “FPGA Temp”
var_name = fpga_temperature
Header info = 3038
Transformed value for fpga_temperature = -2.332195200000001
Matching row  18
coeffs for Last measurement in raw DN for Processor Board signal “1.9V Voltage”= [0.0 0.000805861 0.0 0.0 0.0 0.0 0.0 0.0]
var_name = Last measurement in raw DN for Processor Board signal “1.9V Voltage”
var_name = voltage_1.9V_bus
Header info = 2339
Transformed value for voltage_1.9V_bus = 1.884908879
Matching row  18
coeffs for Last measurement in raw DN for Processor Board signal “3.3V Voltage”= [0.0 0.001611722 0.0 0.0 0.0 0.0 0.0 0.0]
var_name = Last measurement in raw DN for Processor Board signal “3.3V Voltage”
var_name = voltage_3.3V_bus
Header info = 2046
Transformed value for voltage_3.3V_bus = 3.2975832119999997
Matching row  18
coeffs for Last measurement in raw DN for HVPS Board signal “Detector Voltage”= [0.0 1.4652 0.0 0.0 0.0 0.0 0.0 0.0]
var_name = Last measurement in raw DN for HVPS Board signal “Detector Voltage”
var_name = detector_voltage
Header info = 1638
Transformed value for detector_voltage = 2399.9976
Matching row  18
coeffs for Last measurement in raw DN for HVPS Board signal “Sensor Voltage"= [0.0 1.4652 0.0 0.0 0.0 0.0 0.0 0.0]
var_name = Last measurement in raw DN for HVPS Board signal “Sensor Voltage"
var_name = sensor_voltage
Header info = 2009
Transformed value for sensor_voltage = 2943.5868
Matching row  18
coeffs for Last measurement in raw DN for HVPS Board signal “Target Voltage”= [0.0 1.4652 0.0 0.0 0.0 0.0 0.0 0.0]
var_name = Last measurement in raw DN for HVPS Board signal “Target Voltage”
var_name = target_voltage
Header info = 1707
Transformed value for target_voltage = 2501.0964
Matching row  18
coeffs for Last measurement in raw DN for HVPS Board signal “Reflectron Voltage”= [0.0 1.4652 0.0 0.0 0.0 0.0 0.0 0.0]
var_name = Last measurement in raw DN for HVPS Board signal “Reflectron Voltage”
var_name = reflectron_voltage
Header info = 135
Transformed value for reflectron_voltage = 197.80200000000002
Matching row  18
coeffs for Last measurement in raw DN for HVPS Board signal “Rejection Voltage”= [0.0 1.4652 0.0 0.0 0.0 0.0 0.0 0.0]
var_name = Last measurement in raw DN for HVPS Board signal “Rejection Voltage”
var_name = rejection_voltage
Header info = 2013
Transformed value for rejection_voltage = 2949.4476
Matching row  18
coeffs for Last measurement in raw DN for HVPS Board signal “Detector Current”= [0.0 7.326e-06 0.0 0.0 0.0 0.0 0.0 0.0]
var_name = Last measurement in raw DN for HVPS Board signal “Detector Current”
var_name = current_hvps_sensor
Header info = 2334
Transformed value for current_hvps_sensor = 0.017098883999999998
Matching row  18
coeffs for Last measurement in raw DN for HVPS Board signal “Sensor IP”= [0.0 2.4339e-05 0.0 0.0 0.0 0.0 0.0 0.0]
var_name = Last measurement in raw DN for HVPS Board signal “Sensor IP”
var_name = positive_current_hvps
Header info = 2701
Transformed value for positive_current_hvps = 0.065739639
Matching row  18
coeffs for Last measurement in raw DN for HVPS Board signal “Sensor IN”= [0.0 2.4339e-05 0.0 0.0 0.0 0.0 0.0 0.0]
var_name = Last measurement in raw DN for HVPS Board signal “Sensor IN”
var_name = negative_current_hvps
Header info = 306
Transformed value for negative_current_hvps = 0.007447733999999999
Matching row  18
coeffs for Last measurement in raw DN for LVPS Board signal “P3.3VREF_HK”= [0.0 0.00161172 0.0 0.0 0.0 0.0 0.0 0.0]
var_name = Last measurement in raw DN for LVPS Board signal “P3.3VREF_HK”
var_name = voltage_3V3_ref
Header info = 2048
Transformed value for voltage_3V3_ref = 3.30080256
Matching row  18
coeffs for Last measurement in raw DN for LVPS Board signal “P3.3VREF_OP”= [0.0 0.00161172 0.0 0.0 0.0 0.0 0.0 0.0]
var_name = Last measurement in raw DN for LVPS Board signal “P3.3VREF_OP”
var_name = voltage_3V3_op_ref
Header info = 2048
Transformed value for voltage_3V3_op_ref = 3.30080256
Matching row  18
coeffs for Last measurement in raw DN for LVPS Board signal “N6V”= [-33.0 0.00886447 0.0 0.0 0.0 0.0 0.0 0.0]
var_name = Last measurement in raw DN for LVPS Board signal “N6V”
var_name = voltage_neg6V_bus
Header info = 2998
Transformed value for voltage_neg6V_bus = -6.424318940000003
Matching row  18
coeffs for Last measurement in raw DN for LVPS Board signal “P6V”= [0.0 0.00241758 0.0 0.0 0.0 0.0 0.0 0.0]
var_name = Last measurement in raw DN for LVPS Board signal “P6V”
var_name = voltage_pos6V_bus
Header info = 2640
Transformed value for voltage_pos6V_bus = 6.3824112
Matching row  18
coeffs for Last measurement in raw DN for LVPS Board signal “P16V”= [0.0 0.00482711 0.0 0.0 0.0 0.0 0.0 0.0]
var_name = Last measurement in raw DN for LVPS Board signal “P16V”
var_name = voltage_pos16V_bus
Header info = 3170
Transformed value for voltage_pos16V_bus = 15.3019387
Matching row  18
coeffs for Last measurement in raw DN for LVPS Board signal “P3.3V”= [0.0 0.00161172 0.0 0.0 0.0 0.0 0.0 0.0]
var_name = Last measurement in raw DN for LVPS Board signal “P3.3V”
var_name = voltage_pos3V3_bus
Header info = 2059
Transformed value for voltage_pos3V3_bus = 3.3185314800000003
Matching row  18
coeffs for Last measurement in raw DN for LVPS Board signal “N5V”= [-33.0 0.00886447 0.0 0.0 0.0 0.0 0.0 0.0]
var_name = Last measurement in raw DN for LVPS Board signal “N5V”
var_name = voltage_neg5V_bus
Header info = 3155
Transformed value for voltage_neg5V_bus = -5.032597150000001
Matching row  18
coeffs for Last measurement in raw DN for LVPS Board signal “P5V”= [0.0 0.00161172 0.0 0.0 0.0 0.0 0.0 0.0]
var_name = Last measurement in raw DN for LVPS Board signal “P5V”
var_name = voltage_pos5V_bus
Header info = 3160
Transformed value for voltage_pos5V_bus = 5.0930352
Matching row  18
coeffs for Last measurement in raw DN for LVPS Board signal “P3.3_IMON”= [0.0 0.00161172 0.0 0.0 0.0 0.0 0.0 0.0]
var_name = Last measurement in raw DN for LVPS Board signal “P3.3_IMON”
var_name = current_3V3_bus
Header info = 1568
Transformed value for current_3V3_bus = 2.5271769600000002
Matching row  18
coeffs for Last measurement in raw DN for LVPS Board signal “P16V_IMON”= [0.0 0.000161172 0.0 0.0 0.0 0.0 0.0 0.0]
var_name = Last measurement in raw DN for LVPS Board signal “P16V_IMON”
var_name = current_16V_bus
Header info = 970
Transformed value for current_16V_bus = 0.15633684
Matching row  18
coeffs for Last measurement in raw DN for LVPS Board signal “P6V_IMON”= [0.0 8.05861e-05 0.0 0.0 0.0 0.0 0.0 0.0]
var_name = Last measurement in raw DN for LVPS Board signal “P6V_IMON”
var_name = current_6V_bus
Header info = 1284
Transformed value for current_6V_bus = 0.1034725524
Matching row  18
coeffs for Last measurement in raw DN for LVPS Board signal “N6V_IMON”= [0.0 -8.05861e-05 0.0 0.0 0.0 0.0 0.0 0.0]
var_name = Last measurement in raw DN for LVPS Board signal “N6V_IMON”
var_name = current_neg6V_bus
Header info = 970
Transformed value for current_neg6V_bus = -0.07816851699999999
Matching row  18
coeffs for Last measurement in raw DN for LVPS Board signal “P5V_IMON”= [0.0 4.029304e-05 0.0 0.0 0.0 0.0 0.0 0.0]
var_name = Last measurement in raw DN for LVPS Board signal “P5V_IMON”
var_name = current_5V_bus
Header info = 1589
Transformed value for current_5V_bus = 0.06402564056
Matching row  18
coeffs for Last measurement in raw DN for LVPS Board signal “N5V_IMON”= [0.0 -2.01465e-05 0.0 0.0 0.0 0.0 0.0 0.0]
var_name = Last measurement in raw DN for LVPS Board signal “N5V_IMON”
var_name = current_neg5V_bus
Header info = 2800
Transformed value for current_neg5V_bus = -0.0564102
Matching row  18
coeffs for Last measurement in raw DN for LVPS Board signal “P2.5V_IMON”= [0.0 0.00161172 0.0 0.0 0.0 0.0 0.0 0.0]
var_name = Last measurement in raw DN for LVPS Board signal “P2.5V_IMON”
var_name = current_2V5_bus
Header info = 481
Transformed value for current_2V5_bus = 0.77523732
Matching row  18
coeffs for Last measurement in raw DN for LVPS Board signal “N2.5V_IMON”= [0.0 -4.0293e-05 0.0 0.0 0.0 0.0 0.0 0.0]
var_name = Last measurement in raw DN for LVPS Board signal “N2.5V_IMON”
var_name = current_neg2V5_bus
Header info = 2887
Transformed value for current_neg2V5_bus = -0.116325891
Matching row  18
coeffs for Last measurement in raw DN for LVPS Board signal “THERM_DECON0”= [-110.293 0.0665351 0.000305738 -6.32048e-07 5.9934e-10 -2.98784e-13
 7.61361e-17 -7.76467e-21]
var_name = Last measurement in raw DN for LVPS Board signal “THERM_DECON0”
var_name = None
KeyError: (8, None) - Could not find entry for None, 38. Please check the Var_notes or variable mapping.
Matching row  18
coeffs for Last measurement in raw DN for LVPS Board signal “THERM_DECON1”= [-150.478 0.376986 -0.00062072 7.73853e-07 -5.81588e-10 2.56368e-13
 -6.05698e-17 5.96635e-21]
var_name = Last measurement in raw DN for LVPS Board signal “THERM_DECON1”
var_name = None
KeyError: (8, None) - Could not find entry for None, 39. Please check the Var_notes or variable mapping.
Matching row  18
coeffs for Last measurement in raw DN for LVPS Board signal “THERM_DAB”= [-443.248 1.31224 -0.00180422 1.40016e-06 -6.43766e-10 1.7448e-13
 -2.57695e-17 1.60239e-21]
var_name = Last measurement in raw DN for LVPS Board signal “THERM_DAB”
var_name = None
KeyError: (8, None) - Could not find entry for None, 40. Please check the Var_notes or variable mapping.
Matching row  18
coeffs for Last measurement in raw DN for LVPS Board signal “THERM_LVPS”= [200.4137 -0.2020699 0.000175403 -9.739547e-08 2.888932e-11 -3.545603e-15
 0.0 0.0]
var_name = Last measurement in raw DN for LVPS Board signal “THERM_LVPS”
var_name = None
KeyError: (8, None) - Could not find entry for None, 41. Please check the Var_notes or variable mapping.
Matching row  18
coeffs for Last measurement in raw DN for LVPS Board signal “THERM_HVPS”= [200.4137 -0.2020699 0.000175403 -9.739547e-08 2.888932e-11 -3.545603e-15
 0.0 0.0]
var_name = Last measurement in raw DN for LVPS Board signal “THERM_HVPS”
var_name = None
KeyError: (8, None) - Could not find entry for None, 45. Please check the Var_notes or variable mapping.
Matching row  18
coeffs for Last measurement in raw DN for LVPS Board signal “P2.5V”= [0.0 0.00161172 0.0 0.0 0.0 0.0 0.0 0.0]
var_name = Last measurement in raw DN for LVPS Board signal “P2.5V”
var_name = None
KeyError: (8, None) - Could not find entry for None, 49. Please check the Var_notes or variable mapping.
Matching row  18
coeffs for Last measurement in raw DN for LVPS Board signal “N2.5V”= [-33.0 0.00886447 0.0 0.0 0.0 0.0 0.0 0.0]
var_name = Last measurement in raw DN for LVPS Board signal “N2.5V”
var_name = None
KeyError: (8, None) - Could not find entry for None, 50. Please check the Var_notes or variable mapping.
Matching row  18
coeffs for Last measurement in raw DN for LVPS Board signal “Spare”= [0.0 0.00161172 0.0 0.0 0.0 0.0 0.0 0.0]
var_name = Last measurement in raw DN for LVPS Board signal “Spare”
var_name = spare_signal
KeyError: (8, 'spare_signal') - Could not find entry for spare_signal, 51. Please check the Var_notes or variable mapping.
High gain delay = 23 samples.
Mid gain delay = 23 samples.
Low gain delay = 56 samples.
High sampling trigger mode =  0 0 1
High gain trigger mode enabled.
For 2222981120, HG Trigger level = 0.15317, sample settings = 0, 0
Threshold trigger mode enabled for high gain channel.
AID = 2415277394
Event number = 9
Rice compression enabled = False
Timestamp = 439569022.20716 seconds since epoch (Midnight January 1st, 2010)
Trigger time = 2023-12-06 14:30:22.207160+00:00
8
8
8
8
8
8
8
8
8
8
8
8
8
{'SHCOARSE': ParsedDataItem(SHCOARSE, raw=439590264, derived=439590264, unit=dn), 'SHFINE': ParsedDataItem(SHFINE, raw=10998, derived=10998, unit=dn), 'IDX__SCI0AID': ParsedDataItem(IDX__SCI0AID, raw=2415277394, derived=2415277394, unit=None), 'IDX__SCI0TYPE': ParsedDataItem(IDX__SCI0TYPE, raw=1, derived=1, unit=None), 'IDX__SCI0CONT': ParsedDataItem(IDX__SCI0CONT, raw=127, derived=127, unit=None), 'IDX__SCI0SPARE1': ParsedDataItem(IDX__SCI0SPARE1, raw=0, derived=0, unit=None), 'IDX__SCI0PACK': ParsedDataItem(IDX__SCI0PACK, raw=1, derived=EN, unit=None), 'IDX__SCI0FRAG': ParsedDataItem(IDX__SCI0FRAG, raw=0, derived=DS, unit=None), 'IDX__SCI0COMP': ParsedDataItem(IDX__SCI0COMP, raw=0, derived=DS, unit=None), 'IDX__SCI0EVTNUM': ParsedDataItem(IDX__SCI0EVTNUM, raw=10, derived=10, unit=None), 'IDX__SCI0CAT': ParsedDataItem(IDX__SCI0CAT, raw=32, derived=32, unit=None), 'IDX__SCI0QUAL': ParsedDataItem(IDX__SCI0QUAL, raw=5, derived=5, unit=None), 'IDX__SCI0FRAGOFF': ParsedDataItem(IDX__SCI0FRAGOFF, raw=0, derived=0, unit=None), 'IDX__SCI0VER': ParsedDataItem(IDX__SCI0VER, raw=9, derived=9, unit=None), 'IDX__SCI0TIME32': ParsedDataItem(IDX__SCI0TIME32, raw=439589770, derived=439589770, unit=None), 'IDX__SCI0SPARE2': ParsedDataItem(IDX__SCI0SPARE2, raw=0, derived=0, unit=None), 'IDX__SCI0SPARE3': ParsedDataItem(IDX__SCI0SPARE3, raw=0, derived=0, unit=None), 'IDX__SCI0SPARE4': ParsedDataItem(IDX__SCI0SPARE4, raw=0, derived=0, unit=None), 'IDX__TXHDRSCIEVTLEN': ParsedDataItem(IDX__TXHDRSCIEVTLEN, raw=8320, derived=8320, unit=None), 'IDX__TXHDRSP00': ParsedDataItem(IDX__TXHDRSP00, raw=0, derived=0, unit=None), 'IDX__TXHDRTIMESEC1': ParsedDataItem(IDX__TXHDRTIMESEC1, raw=6707, derived=6707, unit=None), 'IDX__TXHDRTIMESEC2': ParsedDataItem(IDX__TXHDRTIMESEC2, raw=39818, derived=39818, unit=None), 'IDX__TXHDRTIMESUBS': ParsedDataItem(IDX__TXHDRTIMESUBS, raw=37432, derived=37432, unit=None), 'IDX__TXHDRSP01': ParsedDataItem(IDX__TXHDRSP01, raw=0, derived=0, unit=None), 'IDX__TXHDRTRIGOFFSET': ParsedDataItem(IDX__TXHDRTRIGOFFSET, raw=1, derived=1, unit=None), 'IDX__TXHDRSP02': ParsedDataItem(IDX__TXHDRSP02, raw=0, derived=0, unit=None), 'IDX__TXHDRTRIGID': ParsedDataItem(IDX__TXHDRTRIGID, raw=1, derived=1, unit=None), 'IDX__TXHDREVTNUM': ParsedDataItem(IDX__TXHDREVTNUM, raw=10, derived=10, unit=None), 'IDX__TXHDRBLOCKS': ParsedDataItem(IDX__TXHDRBLOCKS, raw=243679, derived=243679, unit=None), 'IDX__TXHDRHGTRIGCTRL1': ParsedDataItem(IDX__TXHDRHGTRIGCTRL1, raw=2222981120, derived=2222981120, unit=None), 'IDX__TXHDRHGTRIGCTRL2': ParsedDataItem(IDX__TXHDRHGTRIGCTRL2, raw=0, derived=0, unit=None), 'IDX__TXHDRLGTRIGCTRL1': ParsedDataItem(IDX__TXHDRLGTRIGCTRL1, raw=4294965248, derived=4294965248, unit=None), 'IDX__TXHDRLGTRIGCTRL2': ParsedDataItem(IDX__TXHDRLGTRIGCTRL2, raw=4278255360, derived=4278255360, unit=None), 'IDX__TXHDRMGTRIGCTRL1': ParsedDataItem(IDX__TXHDRMGTRIGCTRL1, raw=4294965248, derived=4294965248, unit=None), 'IDX__TXHDRMGTRIGCTRL2': ParsedDataItem(IDX__TXHDRMGTRIGCTRL2, raw=4278255360, derived=4278255360, unit=None), 'IDX__TXHDRSP03': ParsedDataItem(IDX__TXHDRSP03, raw=0, derived=0, unit=None), 'IDX__TXHDRLSADC': ParsedDataItem(IDX__TXHDRLSADC, raw=555521, derived=555521, unit=None), 'IDX__TXHDRPOLSTAT': ParsedDataItem(IDX__TXHDRPOLSTAT, raw=1, derived=NEG, unit=None), 'IDX__TXHDRSP04': ParsedDataItem(IDX__TXHDRSP04, raw=0, derived=0, unit=None), 'IDX__TXHDRPOLCTRL': ParsedDataItem(IDX__TXHDRPOLCTRL, raw=0, derived=POS, unit=None), 'IDX__TXHDRCOINENA': ParsedDataItem(IDX__TXHDRCOINENA, raw=0, derived=DIS, unit=None), 'IDX__TXHDRLSTRIGMODE': ParsedDataItem(IDX__TXHDRLSTRIGMODE, raw=0, derived=DIS, unit=None), 'IDX__TXHDRMGTRIGMODE': ParsedDataItem(IDX__TXHDRMGTRIGMODE, raw=0, derived=0, unit=None), 'IDX__TXHDRLGTRIGMODE': ParsedDataItem(IDX__TXHDRLGTRIGMODE, raw=0, derived=0, unit=None), 'IDX__TXHDRHGTRIGMODE': ParsedDataItem(IDX__TXHDRHGTRIGMODE, raw=1, derived=1, unit=None), 'IDX__TXHDRSP05': ParsedDataItem(IDX__TXHDRSP05, raw=0, derived=0, unit=None), 'IDX__TXHDRSP06': ParsedDataItem(IDX__TXHDRSP06, raw=0, derived=0, unit=None), 'IDX__TXHDRSP07': ParsedDataItem(IDX__TXHDRSP07, raw=2022, derived=2022, unit=None), 'IDX__TXHDRSP08': ParsedDataItem(IDX__TXHDRSP08, raw=0, derived=0, unit=None), 'IDX__TXHDRTOFMAX': ParsedDataItem(IDX__TXHDRTOFMAX, raw=541597203, derived=541597203, unit=None), 'IDX__TXHDRTOFMIN': ParsedDataItem(IDX__TXHDRTOFMIN, raw=535295475, derived=535295475, unit=None), 'IDX__TXHDRLS0MAXMIN': ParsedDataItem(IDX__TXHDRLS0MAXMIN, raw=8464396, derived=8464396, unit=None), 'IDX__TXHDRLS1MAXMIN': ParsedDataItem(IDX__TXHDRLS1MAXMIN, raw=8497118, derived=8497118, unit=None), 'IDX__TXHDRLS2MAXMIN': ParsedDataItem(IDX__TXHDRLS2MAXMIN, raw=8308709, derived=8308709, unit=None), 'IDX__TXHDRFIFODELAY': ParsedDataItem(IDX__TXHDRFIFODELAY, raw=18, derived=18, unit=None), 'IDX__TXHDRSAMPDELAY': ParsedDataItem(IDX__TXHDRSAMPDELAY, raw=7347242, derived=7347242, unit=None), 'IDX__TXHDRTRANSCNT': ParsedDataItem(IDX__TXHDRTRANSCNT, raw=2, derived=2, unit=None), 'IDX__TXHDRPROCHKCH01': ParsedDataItem(IDX__TXHDRPROCHKCH01, raw=81527416, derived=81527416, unit=None), 'IDX__TXHDRPROCHKCH23': ParsedDataItem(IDX__TXHDRPROCHKCH23, raw=240258367, derived=240258367, unit=None), 'IDX__TXHDRPROCHKCH45': ParsedDataItem(IDX__TXHDRPROCHKCH45, raw=199034078, derived=199034078, unit=None), 'IDX__TXHDRPROCHKCH67': ParsedDataItem(IDX__TXHDRPROCHKCH67, raw=134088995, derived=134088995, unit=None), 'IDX__TXHDRHVPSHKCH01': ParsedDataItem(IDX__TXHDRHVPSHKCH01, raw=131663463, derived=131663463, unit=None), 'IDX__TXHDRHVPSHKCH23': ParsedDataItem(IDX__TXHDRHVPSHKCH23, raw=8849067, derived=8849067, unit=None), 'IDX__TXHDRHVPSHKCH45': ParsedDataItem(IDX__TXHDRHVPSHKCH45, raw=152897501, derived=152897501, unit=None), 'IDX__TXHDRHVPSHKCH67': ParsedDataItem(IDX__TXHDRHVPSHKCH67, raw=20056717, derived=20056717, unit=None), 'IDX__TXHDRLVHK0CH01': ParsedDataItem(IDX__TXHDRLVHK0CH01, raw=134219776, derived=134219776, unit=None), 'IDX__TXHDRLVHK0CH23': ParsedDataItem(IDX__TXHDRLVHK0CH23, raw=173018038, derived=173018038, unit=None), 'IDX__TXHDRLVHK0CH45': ParsedDataItem(IDX__TXHDRLVHK0CH45, raw=134941794, derived=134941794, unit=None), 'IDX__TXHDRLVHK0CH67': ParsedDataItem(IDX__TXHDRLVHK0CH67, raw=207096915, derived=207096915, unit=None), 'IDX__TXHDRLVHK1CH01': ParsedDataItem(IDX__TXHDRLVHK1CH01, raw=32114208, derived=32114208, unit=None), 'IDX__TXHDRLVHK1CH23': ParsedDataItem(IDX__TXHDRLVHK1CH23, raw=63571204, derived=63571204, unit=None), 'IDX__TXHDRLVHK1CH45': ParsedDataItem(IDX__TXHDRLVHK1CH45, raw=183502389, derived=183502389, unit=None), 'IDX__TXHDRLVHK1CH67': ParsedDataItem(IDX__TXHDRLVHK1CH67, raw=189268449, derived=189268449, unit=None), 'IDX__TXHDRLVHK2CH01': ParsedDataItem(IDX__TXHDRLVHK2CH01, raw=42730130, derived=42730130, unit=None), 'IDX__TXHDRLVHK2CH23': ParsedDataItem(IDX__TXHDRLVHK2CH23, raw=260047824, derived=260047824, unit=None), 'IDX__TXHDRLVHK2CH45': ParsedDataItem(IDX__TXHDRLVHK2CH45, raw=101257134, derived=101257134, unit=None), 'IDX__TXHDRLVHK2CH67': ParsedDataItem(IDX__TXHDRLVHK2CH67, raw=69022, derived=69022, unit=None), 'IDX__TXHDRSP09': ParsedDataItem(IDX__TXHDRSP09, raw=0, derived=0, unit=None), 'IDX__TXHDRSP10': ParsedDataItem(IDX__TXHDRSP10, raw=0, derived=0, unit=None), 'IDX__TXHDRFSWAIDCOPY': ParsedDataItem(IDX__TXHDRFSWAIDCOPY, raw=2415277394, derived=2415277394, unit=None), 'IDX__TXHDRFSWBINCOPY': ParsedDataItem(IDX__TXHDRFSWBINCOPY, raw=0, derived=0, unit=None), 'IDX__TXHDRFSWMAJOR': ParsedDataItem(IDX__TXHDRFSWMAJOR, raw=2, derived=2, unit=None), 'IDX__TXHDRFSWMINOR': ParsedDataItem(IDX__TXHDRFSWMINOR, raw=0, derived=0, unit=None), 'IDX__TXHDRFSWPATCH': ParsedDataItem(IDX__TXHDRFSWPATCH, raw=0, derived=0, unit=None), 'IDX__TXHDRFSWHVSTAT': ParsedDataItem(IDX__TXHDRFSWHVSTAT, raw=3, derived=3, unit=None), 'IDX__TXHDRFSWMEM0': ParsedDataItem(IDX__TXHDRFSWMEM0, raw=0, derived=0, unit=None), 'IDX__TXHDRFSWMEM1': ParsedDataItem(IDX__TXHDRFSWMEM1, raw=0, derived=0, unit=None), 'IDX__TXHDRFSWPT0': ParsedDataItem(IDX__TXHDRFSWPT0, raw=0, derived=0, unit=None), 'IDX__TXHDRFSWPT1': ParsedDataItem(IDX__TXHDRFSWPT1, raw=0, derived=0, unit=None), 'IDX__TXHDRFSWPT2': ParsedDataItem(IDX__TXHDRFSWPT2, raw=0, derived=0, unit=None), 'IDX__TXHDRFSWPT3': ParsedDataItem(IDX__TXHDRFSWPT3, raw=0, derived=0, unit=None), 'IDX__TXHDRFSWPT4': ParsedDataItem(IDX__TXHDRFSWPT4, raw=0, derived=0, unit=None), 'IDX__TXHDRFSWPT5': ParsedDataItem(IDX__TXHDRFSWPT5, raw=0, derived=0, unit=None), 'IDX__TXHDRFSWPT6': ParsedDataItem(IDX__TXHDRFSWPT6, raw=0, derived=0, unit=None), 'IDX__TXHDRFSWPT7': ParsedDataItem(IDX__TXHDRFSWPT7, raw=0, derived=0, unit=None), 'IDX__TXHDRFSWPT8': ParsedDataItem(IDX__TXHDRFSWPT8, raw=0, derived=0, unit=None), 'IDX__TXHDRFSWPT9': ParsedDataItem(IDX__TXHDRFSWPT9, raw=0, derived=0, unit=None), 'IDX__TXHDRFPGAVER': ParsedDataItem(IDX__TXHDRFPGAVER, raw=539165480, derived=539165480, unit=None), 'IDX__SYNCSCI0PKT': ParsedDataItem(IDX__SYNCSCI0PKT, raw=13107, derived=13107, unit=None), 'IDX__CRCSCI0PKT': ParsedDataItem(IDX__CRCSCI0PKT, raw=63178, derived=63178, unit=None)}
SHCOARSE = 439590264
SHFINE = 10998
IDX__SCI0AID = 2415277394
IDX__SCI0TYPE = 1
IDX__SCI0CONT = 127
IDX__SCI0SPARE1 = 0
IDX__SCI0PACK = EN
IDX__SCI0FRAG = DS
IDX__SCI0COMP = DS
IDX__SCI0EVTNUM = 10
IDX__SCI0CAT = 32
IDX__SCI0QUAL = 5
IDX__SCI0FRAGOFF = 0
IDX__SCI0VER = 9
IDX__SCI0TIME32 = 439589770
IDX__SCI0SPARE2 = 0
IDX__SCI0SPARE3 = 0
IDX__SCI0SPARE4 = 0
IDX__TXHDRSCIEVTLEN = 8320
IDX__TXHDRSP00 = 0
IDX__TXHDRTIMESEC1 = 6707
IDX__TXHDRTIMESEC2 = 39818
IDX__TXHDRTIMESUBS = 37432
IDX__TXHDRSP01 = 0
IDX__TXHDRTRIGOFFSET = 1
IDX__TXHDRSP02 = 0
IDX__TXHDRTRIGID = 1
IDX__TXHDREVTNUM = 10
IDX__TXHDRBLOCKS = 243679
IDX__TXHDRHGTRIGCTRL1 = 2222981120
IDX__TXHDRHGTRIGCTRL2 = 0
IDX__TXHDRLGTRIGCTRL1 = 4294965248
IDX__TXHDRLGTRIGCTRL2 = 4278255360
IDX__TXHDRMGTRIGCTRL1 = 4294965248
IDX__TXHDRMGTRIGCTRL2 = 4278255360
IDX__TXHDRSP03 = 0
IDX__TXHDRLSADC = 555521
IDX__TXHDRPOLSTAT = NEG
IDX__TXHDRSP04 = 0
IDX__TXHDRPOLCTRL = POS
IDX__TXHDRCOINENA = DIS
IDX__TXHDRLSTRIGMODE = DIS
IDX__TXHDRMGTRIGMODE = 0
IDX__TXHDRLGTRIGMODE = 0
IDX__TXHDRHGTRIGMODE = 1
IDX__TXHDRSP05 = 0
IDX__TXHDRSP06 = 0
IDX__TXHDRSP07 = 2022
IDX__TXHDRSP08 = 0
IDX__TXHDRTOFMAX = 541597203
IDX__TXHDRTOFMIN = 535295475
IDX__TXHDRLS0MAXMIN = 8464396
IDX__TXHDRLS1MAXMIN = 8497118
IDX__TXHDRLS2MAXMIN = 8308709
IDX__TXHDRFIFODELAY = 18
IDX__TXHDRSAMPDELAY = 7347242
IDX__TXHDRTRANSCNT = 2
IDX__TXHDRPROCHKCH01 = 81527416
IDX__TXHDRPROCHKCH23 = 240258367
IDX__TXHDRPROCHKCH45 = 199034078
IDX__TXHDRPROCHKCH67 = 134088995
IDX__TXHDRHVPSHKCH01 = 131663463
IDX__TXHDRHVPSHKCH23 = 8849067
IDX__TXHDRHVPSHKCH45 = 152897501
IDX__TXHDRHVPSHKCH67 = 20056717
IDX__TXHDRLVHK0CH01 = 134219776
IDX__TXHDRLVHK0CH23 = 173018038
IDX__TXHDRLVHK0CH45 = 134941794
IDX__TXHDRLVHK0CH67 = 207096915
IDX__TXHDRLVHK1CH01 = 32114208
IDX__TXHDRLVHK1CH23 = 63571204
IDX__TXHDRLVHK1CH45 = 183502389
IDX__TXHDRLVHK1CH67 = 189268449
IDX__TXHDRLVHK2CH01 = 42730130
IDX__TXHDRLVHK2CH23 = 260047824
IDX__TXHDRLVHK2CH45 = 101257134
IDX__TXHDRLVHK2CH67 = 69022
IDX__TXHDRSP09 = 0
IDX__TXHDRSP10 = 0
IDX__TXHDRFSWAIDCOPY = 2415277394
IDX__TXHDRFSWBINCOPY = 0
IDX__TXHDRFSWMAJOR = 2
IDX__TXHDRFSWMINOR = 0
IDX__TXHDRFSWPATCH = 0
IDX__TXHDRFSWHVSTAT = 3
IDX__TXHDRFSWMEM0 = 0
IDX__TXHDRFSWMEM1 = 0
IDX__TXHDRFSWPT0 = 0
IDX__TXHDRFSWPT1 = 0
IDX__TXHDRFSWPT2 = 0
IDX__TXHDRFSWPT3 = 0
IDX__TXHDRFSWPT4 = 0
IDX__TXHDRFSWPT5 = 0
IDX__TXHDRFSWPT6 = 0
IDX__TXHDRFSWPT7 = 0
IDX__TXHDRFSWPT8 = 0
IDX__TXHDRFSWPT9 = 0
IDX__TXHDRFPGAVER = 539165480
IDX__SYNCSCI0PKT = 13107
IDX__CRCSCI0PKT = 63178
^*****Event header 9******^
HS pre trig sampling blocks:  31
LS pre trig sampling blocks:  3
HS post trig sampling blocks:  31
LS post trig sampling blocks:  11
IDX__TXHDRHVPSHKCH01 = 131663463
Detector voltage =  1639
Sensor voltage =  2009
Target voltage =  1707
Reflectron voltage =  135
Rejection voltage =  2013
Current for HVPS sensor =  2333
Positive current for HVPS sensor =  2701
Negative current for HVPS sensor =  306
Voltage +3.3V reference =  2048
Voltage +3.3V operational reference =  2048
Voltage -6V bus =  2998
Voltage +6V bus =  2640
Voltage +16V bus =  3170
Voltage +3.3V bus =  2059
Voltage -5V bus =  3155
Voltage +5V bus =  3160
Current +3.3V bus =  1568
Current +16V bus =  970
Current +6V bus =  1284
Current -6V bus =  970
Current +5V bus =  1589
Current -5V bus =  2800
Current +2.5V bus =  481
Current -2.5V bus =  2888
Current on the 1V POL =  632
Current on the 1.9V POL =  1244
ProcBd Temperature 1 =  3391
ProcBd Temperature 2 =  3666
Voltage on 1V bus =  1246
FPGA Temperature =  3037
Voltage on 1.9V bus =  2339
Voltage on 3.3V bus =  2046
var_to_row = {'Last measurement in raw DN for Processor Board signal “1V POL Current”': 0, 'Last measurement in raw DN for Processor Board signal “1.9V POL Current”': 1, 'Last measurement in raw DN for Processor Board signal “ProcBd Temp1”': 2, nan: 48, 'Last measurement in raw DN for Processor Board signal “ProcBd Temp2”': 6, 'Last measurement in raw DN for Processor Board signal “1V Voltage”': 10, 'Last measurement in raw DN for Processor Board signal “FPGA Temp”': 11, 'Last measurement in raw DN for Processor Board signal “1.9V Voltage”': 12, 'Last measurement in raw DN for Processor Board signal “3.3V Voltage”': 13, 'Last measurement in raw DN for HVPS Board signal “Detector Voltage”': 14, 'Last measurement in raw DN for HVPS Board signal “Sensor Voltage"': 15, 'Last measurement in raw DN for HVPS Board signal “Target Voltage”': 16, 'Last measurement in raw DN for HVPS Board signal “Reflectron Voltage”': 17, 'Last measurement in raw DN for HVPS Board signal “Rejection Voltage”': 18, 'Last measurement in raw DN for HVPS Board signal “Detector Current”': 19, 'Last measurement in raw DN for HVPS Board signal “Sensor IP”': 20, 'Last measurement in raw DN for HVPS Board signal “Sensor IN”': 21, 'Last measurement in raw DN for LVPS Board signal “P3.3VREF_HK”': 22, 'Last measurement in raw DN for LVPS Board signal “P3.3VREF_OP”': 23, 'Last measurement in raw DN for LVPS Board signal “N6V”': 24, 'Last measurement in raw DN for LVPS Board signal “P6V”': 25, 'Last measurement in raw DN for LVPS Board signal “P16V”': 26, 'Last measurement in raw DN for LVPS Board signal “P3.3V”': 27, 'Last measurement in raw DN for LVPS Board signal “N5V”': 28, 'Last measurement in raw DN for LVPS Board signal “P5V”': 29, 'Last measurement in raw DN for LVPS Board signal “P3.3_IMON”': 30, 'Last measurement in raw DN for LVPS Board signal “P16V_IMON”': 31, 'Last measurement in raw DN for LVPS Board signal “P6V_IMON”': 32, 'Last measurement in raw DN for LVPS Board signal “N6V_IMON”': 33, 'Last measurement in raw DN for LVPS Board signal “P5V_IMON”': 34, 'Last measurement in raw DN for LVPS Board signal “N5V_IMON”': 35, 'Last measurement in raw DN for LVPS Board signal “P2.5V_IMON”': 36, 'Last measurement in raw DN for LVPS Board signal “N2.5V_IMON”': 37, 'Last measurement in raw DN for LVPS Board signal “THERM_DECON0”': 38, 'Last measurement in raw DN for LVPS Board signal “THERM_DECON1”': 39, 'Last measurement in raw DN for LVPS Board signal “THERM_DAB”': 40, 'Last measurement in raw DN for LVPS Board signal “THERM_LVPS”': 41, 'Last measurement in raw DN for LVPS Board signal “THERM_HVPS”': 45, 'Last measurement in raw DN for LVPS Board signal “P2.5V”': 49, 'Last measurement in raw DN for LVPS Board signal “N2.5V”': 50, 'Last measurement in raw DN for LVPS Board signal “Spare”': 51}

 
 ***** var_name being converted for each instrument setting ***** 
 

Matching row  18
coeffs for Last measurement in raw DN for Processor Board signal “1V POL Current”= [0.0 0.9029253 0.0 0.0 0.0 0.0 0.0 0.0]
var_name = Last measurement in raw DN for Processor Board signal “1V POL Current”
var_name = current_1V_pol
Header info = 632
Transformed value for current_1V_pol = 570.6487896
Matching row  18
coeffs for Last measurement in raw DN for Processor Board signal “1.9V POL Current”= [0.0 0.9029253 0.0 0.0 0.0 0.0 0.0 0.0]
var_name = Last measurement in raw DN for Processor Board signal “1.9V POL Current”
var_name = current_1.9V_pol
Header info = 1244
Transformed value for current_1.9V_pol = 1123.2390732000001
Matching row  18
coeffs for Last measurement in raw DN for Processor Board signal “ProcBd Temp1”= [162.8276 -0.2668687 0.0003323794 -2.43153e-07 9.034532e-11 -1.327735e-14
 0.0 0.0]
var_name = Last measurement in raw DN for Processor Board signal “ProcBd Temp1”
var_name = temperature_1
Header info = 3391
Transformed value for temperature_1 = -408.6811903905609
Matching row  18
coeffs for nan= [-104713.9 52.02446 -0.006463374 0.0 0.0 0.0 0.0 0.0]
var_name = nan
var_name = None
KeyError: (9, None) - Could not find entry for None, 48. Please check the Var_notes or variable mapping.
Matching row  18
coeffs for Last measurement in raw DN for Processor Board signal “ProcBd Temp2”= [162.8276 -0.2668687 0.0003323794 -2.43153e-07 9.034532e-11 -1.327735e-14
 0.0 0.0]
var_name = Last measurement in raw DN for Processor Board signal “ProcBd Temp2”
var_name = temperature_2
Header info = 3666
Transformed value for temperature_2 = -801.8818752684547
Matching row  18
coeffs for Last measurement in raw DN for Processor Board signal “1V Voltage”= [0.0 0.000805861 0.0 0.0 0.0 0.0 0.0 0.0]
var_name = Last measurement in raw DN for Processor Board signal “1V Voltage”
var_name = voltage_1V_bus
Header info = 1246
Transformed value for voltage_1V_bus = 1.004102806
Matching row  18
coeffs for Last measurement in raw DN for Processor Board signal “FPGA Temp”= [358.31 -0.1187104 0.0 0.0 0.0 0.0 0.0 0.0]
var_name = Last measurement in raw DN for Processor Board signal “FPGA Temp”
var_name = fpga_temperature
Header info = 3037
Transformed value for fpga_temperature = -2.2134848000000034
Matching row  18
coeffs for Last measurement in raw DN for Processor Board signal “1.9V Voltage”= [0.0 0.000805861 0.0 0.0 0.0 0.0 0.0 0.0]
var_name = Last measurement in raw DN for Processor Board signal “1.9V Voltage”
var_name = voltage_1.9V_bus
Header info = 2339
Transformed value for voltage_1.9V_bus = 1.884908879
Matching row  18
coeffs for Last measurement in raw DN for Processor Board signal “3.3V Voltage”= [0.0 0.001611722 0.0 0.0 0.0 0.0 0.0 0.0]
var_name = Last measurement in raw DN for Processor Board signal “3.3V Voltage”
var_name = voltage_3.3V_bus
Header info = 2046
Transformed value for voltage_3.3V_bus = 3.2975832119999997
Matching row  18
coeffs for Last measurement in raw DN for HVPS Board signal “Detector Voltage”= [0.0 1.4652 0.0 0.0 0.0 0.0 0.0 0.0]
var_name = Last measurement in raw DN for HVPS Board signal “Detector Voltage”
var_name = detector_voltage
Header info = 1639
Transformed value for detector_voltage = 2401.4628000000002
Matching row  18
coeffs for Last measurement in raw DN for HVPS Board signal “Sensor Voltage"= [0.0 1.4652 0.0 0.0 0.0 0.0 0.0 0.0]
var_name = Last measurement in raw DN for HVPS Board signal “Sensor Voltage"
var_name = sensor_voltage
Header info = 2009
Transformed value for sensor_voltage = 2943.5868
Matching row  18
coeffs for Last measurement in raw DN for HVPS Board signal “Target Voltage”= [0.0 1.4652 0.0 0.0 0.0 0.0 0.0 0.0]
var_name = Last measurement in raw DN for HVPS Board signal “Target Voltage”
var_name = target_voltage
Header info = 1707
Transformed value for target_voltage = 2501.0964
Matching row  18
coeffs for Last measurement in raw DN for HVPS Board signal “Reflectron Voltage”= [0.0 1.4652 0.0 0.0 0.0 0.0 0.0 0.0]
var_name = Last measurement in raw DN for HVPS Board signal “Reflectron Voltage”
var_name = reflectron_voltage
Header info = 135
Transformed value for reflectron_voltage = 197.80200000000002
Matching row  18
coeffs for Last measurement in raw DN for HVPS Board signal “Rejection Voltage”= [0.0 1.4652 0.0 0.0 0.0 0.0 0.0 0.0]
var_name = Last measurement in raw DN for HVPS Board signal “Rejection Voltage”
var_name = rejection_voltage
Header info = 2013
Transformed value for rejection_voltage = 2949.4476
Matching row  18
coeffs for Last measurement in raw DN for HVPS Board signal “Detector Current”= [0.0 7.326e-06 0.0 0.0 0.0 0.0 0.0 0.0]
var_name = Last measurement in raw DN for HVPS Board signal “Detector Current”
var_name = current_hvps_sensor
Header info = 2333
Transformed value for current_hvps_sensor = 0.017091558
Matching row  18
coeffs for Last measurement in raw DN for HVPS Board signal “Sensor IP”= [0.0 2.4339e-05 0.0 0.0 0.0 0.0 0.0 0.0]
var_name = Last measurement in raw DN for HVPS Board signal “Sensor IP”
var_name = positive_current_hvps
Header info = 2701
Transformed value for positive_current_hvps = 0.065739639
Matching row  18
coeffs for Last measurement in raw DN for HVPS Board signal “Sensor IN”= [0.0 2.4339e-05 0.0 0.0 0.0 0.0 0.0 0.0]
var_name = Last measurement in raw DN for HVPS Board signal “Sensor IN”
var_name = negative_current_hvps
Header info = 306
Transformed value for negative_current_hvps = 0.007447733999999999
Matching row  18
coeffs for Last measurement in raw DN for LVPS Board signal “P3.3VREF_HK”= [0.0 0.00161172 0.0 0.0 0.0 0.0 0.0 0.0]
var_name = Last measurement in raw DN for LVPS Board signal “P3.3VREF_HK”
var_name = voltage_3V3_ref
Header info = 2048
Transformed value for voltage_3V3_ref = 3.30080256
Matching row  18
coeffs for Last measurement in raw DN for LVPS Board signal “P3.3VREF_OP”= [0.0 0.00161172 0.0 0.0 0.0 0.0 0.0 0.0]
var_name = Last measurement in raw DN for LVPS Board signal “P3.3VREF_OP”
var_name = voltage_3V3_op_ref
Header info = 2048
Transformed value for voltage_3V3_op_ref = 3.30080256
Matching row  18
coeffs for Last measurement in raw DN for LVPS Board signal “N6V”= [-33.0 0.00886447 0.0 0.0 0.0 0.0 0.0 0.0]
var_name = Last measurement in raw DN for LVPS Board signal “N6V”
var_name = voltage_neg6V_bus
Header info = 2998
Transformed value for voltage_neg6V_bus = -6.424318940000003
Matching row  18
coeffs for Last measurement in raw DN for LVPS Board signal “P6V”= [0.0 0.00241758 0.0 0.0 0.0 0.0 0.0 0.0]
var_name = Last measurement in raw DN for LVPS Board signal “P6V”
var_name = voltage_pos6V_bus
Header info = 2640
Transformed value for voltage_pos6V_bus = 6.3824112
Matching row  18
coeffs for Last measurement in raw DN for LVPS Board signal “P16V”= [0.0 0.00482711 0.0 0.0 0.0 0.0 0.0 0.0]
var_name = Last measurement in raw DN for LVPS Board signal “P16V”
var_name = voltage_pos16V_bus
Header info = 3170
Transformed value for voltage_pos16V_bus = 15.3019387
Matching row  18
coeffs for Last measurement in raw DN for LVPS Board signal “P3.3V”= [0.0 0.00161172 0.0 0.0 0.0 0.0 0.0 0.0]
var_name = Last measurement in raw DN for LVPS Board signal “P3.3V”
var_name = voltage_pos3V3_bus
Header info = 2059
Transformed value for voltage_pos3V3_bus = 3.3185314800000003
Matching row  18
coeffs for Last measurement in raw DN for LVPS Board signal “N5V”= [-33.0 0.00886447 0.0 0.0 0.0 0.0 0.0 0.0]
var_name = Last measurement in raw DN for LVPS Board signal “N5V”
var_name = voltage_neg5V_bus
Header info = 3155
Transformed value for voltage_neg5V_bus = -5.032597150000001
Matching row  18
coeffs for Last measurement in raw DN for LVPS Board signal “P5V”= [0.0 0.00161172 0.0 0.0 0.0 0.0 0.0 0.0]
var_name = Last measurement in raw DN for LVPS Board signal “P5V”
var_name = voltage_pos5V_bus
Header info = 3160
Transformed value for voltage_pos5V_bus = 5.0930352
Matching row  18
coeffs for Last measurement in raw DN for LVPS Board signal “P3.3_IMON”= [0.0 0.00161172 0.0 0.0 0.0 0.0 0.0 0.0]
var_name = Last measurement in raw DN for LVPS Board signal “P3.3_IMON”
var_name = current_3V3_bus
Header info = 1568
Transformed value for current_3V3_bus = 2.5271769600000002
Matching row  18
coeffs for Last measurement in raw DN for LVPS Board signal “P16V_IMON”= [0.0 0.000161172 0.0 0.0 0.0 0.0 0.0 0.0]
var_name = Last measurement in raw DN for LVPS Board signal “P16V_IMON”
var_name = current_16V_bus
Header info = 970
Transformed value for current_16V_bus = 0.15633684
Matching row  18
coeffs for Last measurement in raw DN for LVPS Board signal “P6V_IMON”= [0.0 8.05861e-05 0.0 0.0 0.0 0.0 0.0 0.0]
var_name = Last measurement in raw DN for LVPS Board signal “P6V_IMON”
var_name = current_6V_bus
Header info = 1284
Transformed value for current_6V_bus = 0.1034725524
Matching row  18
coeffs for Last measurement in raw DN for LVPS Board signal “N6V_IMON”= [0.0 -8.05861e-05 0.0 0.0 0.0 0.0 0.0 0.0]
var_name = Last measurement in raw DN for LVPS Board signal “N6V_IMON”
var_name = current_neg6V_bus
Header info = 970
Transformed value for current_neg6V_bus = -0.07816851699999999
Matching row  18
coeffs for Last measurement in raw DN for LVPS Board signal “P5V_IMON”= [0.0 4.029304e-05 0.0 0.0 0.0 0.0 0.0 0.0]
var_name = Last measurement in raw DN for LVPS Board signal “P5V_IMON”
var_name = current_5V_bus
Header info = 1589
Transformed value for current_5V_bus = 0.06402564056
Matching row  18
coeffs for Last measurement in raw DN for LVPS Board signal “N5V_IMON”= [0.0 -2.01465e-05 0.0 0.0 0.0 0.0 0.0 0.0]
var_name = Last measurement in raw DN for LVPS Board signal “N5V_IMON”
var_name = current_neg5V_bus
Header info = 2800
Transformed value for current_neg5V_bus = -0.0564102
Matching row  18
coeffs for Last measurement in raw DN for LVPS Board signal “P2.5V_IMON”= [0.0 0.00161172 0.0 0.0 0.0 0.0 0.0 0.0]
var_name = Last measurement in raw DN for LVPS Board signal “P2.5V_IMON”
var_name = current_2V5_bus
Header info = 481
Transformed value for current_2V5_bus = 0.77523732
Matching row  18
coeffs for Last measurement in raw DN for LVPS Board signal “N2.5V_IMON”= [0.0 -4.0293e-05 0.0 0.0 0.0 0.0 0.0 0.0]
var_name = Last measurement in raw DN for LVPS Board signal “N2.5V_IMON”
var_name = current_neg2V5_bus
Header info = 2888
Transformed value for current_neg2V5_bus = -0.11636618400000001
Matching row  18
coeffs for Last measurement in raw DN for LVPS Board signal “THERM_DECON0”= [-110.293 0.0665351 0.000305738 -6.32048e-07 5.9934e-10 -2.98784e-13
 7.61361e-17 -7.76467e-21]
var_name = Last measurement in raw DN for LVPS Board signal “THERM_DECON0”
var_name = None
KeyError: (9, None) - Could not find entry for None, 38. Please check the Var_notes or variable mapping.
Matching row  18
coeffs for Last measurement in raw DN for LVPS Board signal “THERM_DECON1”= [-150.478 0.376986 -0.00062072 7.73853e-07 -5.81588e-10 2.56368e-13
 -6.05698e-17 5.96635e-21]
var_name = Last measurement in raw DN for LVPS Board signal “THERM_DECON1”
var_name = None
KeyError: (9, None) - Could not find entry for None, 39. Please check the Var_notes or variable mapping.
Matching row  18
coeffs for Last measurement in raw DN for LVPS Board signal “THERM_DAB”= [-443.248 1.31224 -0.00180422 1.40016e-06 -6.43766e-10 1.7448e-13
 -2.57695e-17 1.60239e-21]
var_name = Last measurement in raw DN for LVPS Board signal “THERM_DAB”
var_name = None
KeyError: (9, None) - Could not find entry for None, 40. Please check the Var_notes or variable mapping.
Matching row  18
coeffs for Last measurement in raw DN for LVPS Board signal “THERM_LVPS”= [200.4137 -0.2020699 0.000175403 -9.739547e-08 2.888932e-11 -3.545603e-15
 0.0 0.0]
var_name = Last measurement in raw DN for LVPS Board signal “THERM_LVPS”
var_name = None
KeyError: (9, None) - Could not find entry for None, 41. Please check the Var_notes or variable mapping.
Matching row  18
coeffs for Last measurement in raw DN for LVPS Board signal “THERM_HVPS”= [200.4137 -0.2020699 0.000175403 -9.739547e-08 2.888932e-11 -3.545603e-15
 0.0 0.0]
var_name = Last measurement in raw DN for LVPS Board signal “THERM_HVPS”
var_name = None
KeyError: (9, None) - Could not find entry for None, 45. Please check the Var_notes or variable mapping.
Matching row  18
coeffs for Last measurement in raw DN for LVPS Board signal “P2.5V”= [0.0 0.00161172 0.0 0.0 0.0 0.0 0.0 0.0]
var_name = Last measurement in raw DN for LVPS Board signal “P2.5V”
var_name = None
KeyError: (9, None) - Could not find entry for None, 49. Please check the Var_notes or variable mapping.
Matching row  18
coeffs for Last measurement in raw DN for LVPS Board signal “N2.5V”= [-33.0 0.00886447 0.0 0.0 0.0 0.0 0.0 0.0]
var_name = Last measurement in raw DN for LVPS Board signal “N2.5V”
var_name = None
KeyError: (9, None) - Could not find entry for None, 50. Please check the Var_notes or variable mapping.
Matching row  18
coeffs for Last measurement in raw DN for LVPS Board signal “Spare”= [0.0 0.00161172 0.0 0.0 0.0 0.0 0.0 0.0]
var_name = Last measurement in raw DN for LVPS Board signal “Spare”
var_name = spare_signal
KeyError: (9, 'spare_signal') - Could not find entry for spare_signal, 51. Please check the Var_notes or variable mapping.
High gain delay = 7 samples.
Mid gain delay = 7 samples.
Low gain delay = 42 samples.
High sampling trigger mode =  0 0 1
High gain trigger mode enabled.
For 2222981120, HG Trigger level = 0.15317, sample settings = 0, 0
Threshold trigger mode enabled for high gain channel.
AID = 2415277394
Event number = 10
Rice compression enabled = False
Timestamp = 439569022.20744 seconds since epoch (Midnight January 1st, 2010)
Trigger time = 2023-12-06 14:30:22.207440+00:00
9
9
9
9
9
9
9
9
9
9
9
9
9
{'SHCOARSE': ParsedDataItem(SHCOARSE, raw=439590280, derived=439590280, unit=dn), 'SHFINE': ParsedDataItem(SHFINE, raw=10983, derived=10983, unit=dn), 'IDX__SCI0AID': ParsedDataItem(IDX__SCI0AID, raw=2415277394, derived=2415277394, unit=None), 'IDX__SCI0TYPE': ParsedDataItem(IDX__SCI0TYPE, raw=1, derived=1, unit=None), 'IDX__SCI0CONT': ParsedDataItem(IDX__SCI0CONT, raw=127, derived=127, unit=None), 'IDX__SCI0SPARE1': ParsedDataItem(IDX__SCI0SPARE1, raw=0, derived=0, unit=None), 'IDX__SCI0PACK': ParsedDataItem(IDX__SCI0PACK, raw=1, derived=EN, unit=None), 'IDX__SCI0FRAG': ParsedDataItem(IDX__SCI0FRAG, raw=0, derived=DS, unit=None), 'IDX__SCI0COMP': ParsedDataItem(IDX__SCI0COMP, raw=0, derived=DS, unit=None), 'IDX__SCI0EVTNUM': ParsedDataItem(IDX__SCI0EVTNUM, raw=11, derived=11, unit=None), 'IDX__SCI0CAT': ParsedDataItem(IDX__SCI0CAT, raw=32, derived=32, unit=None), 'IDX__SCI0QUAL': ParsedDataItem(IDX__SCI0QUAL, raw=5, derived=5, unit=None), 'IDX__SCI0FRAGOFF': ParsedDataItem(IDX__SCI0FRAGOFF, raw=0, derived=0, unit=None), 'IDX__SCI0VER': ParsedDataItem(IDX__SCI0VER, raw=9, derived=9, unit=None), 'IDX__SCI0TIME32': ParsedDataItem(IDX__SCI0TIME32, raw=439589779, derived=439589779, unit=None), 'IDX__SCI0SPARE2': ParsedDataItem(IDX__SCI0SPARE2, raw=0, derived=0, unit=None), 'IDX__SCI0SPARE3': ParsedDataItem(IDX__SCI0SPARE3, raw=0, derived=0, unit=None), 'IDX__SCI0SPARE4': ParsedDataItem(IDX__SCI0SPARE4, raw=0, derived=0, unit=None), 'IDX__TXHDRSCIEVTLEN': ParsedDataItem(IDX__TXHDRSCIEVTLEN, raw=8320, derived=8320, unit=None), 'IDX__TXHDRSP00': ParsedDataItem(IDX__TXHDRSP00, raw=0, derived=0, unit=None), 'IDX__TXHDRTIMESEC1': ParsedDataItem(IDX__TXHDRTIMESEC1, raw=6707, derived=6707, unit=None), 'IDX__TXHDRTIMESEC2': ParsedDataItem(IDX__TXHDRTIMESEC2, raw=39827, derived=39827, unit=None), 'IDX__TXHDRTIMESUBS': ParsedDataItem(IDX__TXHDRTIMESUBS, raw=23711, derived=23711, unit=None), 'IDX__TXHDRSP01': ParsedDataItem(IDX__TXHDRSP01, raw=0, derived=0, unit=None), 'IDX__TXHDRTRIGOFFSET': ParsedDataItem(IDX__TXHDRTRIGOFFSET, raw=2, derived=2, unit=None), 'IDX__TXHDRSP02': ParsedDataItem(IDX__TXHDRSP02, raw=0, derived=0, unit=None), 'IDX__TXHDRTRIGID': ParsedDataItem(IDX__TXHDRTRIGID, raw=1, derived=1, unit=None), 'IDX__TXHDREVTNUM': ParsedDataItem(IDX__TXHDREVTNUM, raw=11, derived=11, unit=None), 'IDX__TXHDRBLOCKS': ParsedDataItem(IDX__TXHDRBLOCKS, raw=243679, derived=243679, unit=None), 'IDX__TXHDRHGTRIGCTRL1': ParsedDataItem(IDX__TXHDRHGTRIGCTRL1, raw=2222981120, derived=2222981120, unit=None), 'IDX__TXHDRHGTRIGCTRL2': ParsedDataItem(IDX__TXHDRHGTRIGCTRL2, raw=0, derived=0, unit=None), 'IDX__TXHDRLGTRIGCTRL1': ParsedDataItem(IDX__TXHDRLGTRIGCTRL1, raw=4294965248, derived=4294965248, unit=None), 'IDX__TXHDRLGTRIGCTRL2': ParsedDataItem(IDX__TXHDRLGTRIGCTRL2, raw=4278255360, derived=4278255360, unit=None), 'IDX__TXHDRMGTRIGCTRL1': ParsedDataItem(IDX__TXHDRMGTRIGCTRL1, raw=4294965248, derived=4294965248, unit=None), 'IDX__TXHDRMGTRIGCTRL2': ParsedDataItem(IDX__TXHDRMGTRIGCTRL2, raw=4278255360, derived=4278255360, unit=None), 'IDX__TXHDRSP03': ParsedDataItem(IDX__TXHDRSP03, raw=0, derived=0, unit=None), 'IDX__TXHDRLSADC': ParsedDataItem(IDX__TXHDRLSADC, raw=555521, derived=555521, unit=None), 'IDX__TXHDRPOLSTAT': ParsedDataItem(IDX__TXHDRPOLSTAT, raw=1, derived=NEG, unit=None), 'IDX__TXHDRSP04': ParsedDataItem(IDX__TXHDRSP04, raw=0, derived=0, unit=None), 'IDX__TXHDRPOLCTRL': ParsedDataItem(IDX__TXHDRPOLCTRL, raw=0, derived=POS, unit=None), 'IDX__TXHDRCOINENA': ParsedDataItem(IDX__TXHDRCOINENA, raw=0, derived=DIS, unit=None), 'IDX__TXHDRLSTRIGMODE': ParsedDataItem(IDX__TXHDRLSTRIGMODE, raw=0, derived=DIS, unit=None), 'IDX__TXHDRMGTRIGMODE': ParsedDataItem(IDX__TXHDRMGTRIGMODE, raw=0, derived=0, unit=None), 'IDX__TXHDRLGTRIGMODE': ParsedDataItem(IDX__TXHDRLGTRIGMODE, raw=0, derived=0, unit=None), 'IDX__TXHDRHGTRIGMODE': ParsedDataItem(IDX__TXHDRHGTRIGMODE, raw=1, derived=1, unit=None), 'IDX__TXHDRSP05': ParsedDataItem(IDX__TXHDRSP05, raw=0, derived=0, unit=None), 'IDX__TXHDRSP06': ParsedDataItem(IDX__TXHDRSP06, raw=0, derived=0, unit=None), 'IDX__TXHDRSP07': ParsedDataItem(IDX__TXHDRSP07, raw=2022, derived=2022, unit=None), 'IDX__TXHDRSP08': ParsedDataItem(IDX__TXHDRSP08, raw=0, derived=0, unit=None), 'IDX__TXHDRTOFMAX': ParsedDataItem(IDX__TXHDRTOFMAX, raw=541597213, derived=541597213, unit=None), 'IDX__TXHDRTOFMIN': ParsedDataItem(IDX__TXHDRTOFMIN, raw=535295476, derived=535295476, unit=None), 'IDX__TXHDRLS0MAXMIN': ParsedDataItem(IDX__TXHDRLS0MAXMIN, raw=8464396, derived=8464396, unit=None), 'IDX__TXHDRLS1MAXMIN': ParsedDataItem(IDX__TXHDRLS1MAXMIN, raw=8488928, derived=8488928, unit=None), 'IDX__TXHDRLS2MAXMIN': ParsedDataItem(IDX__TXHDRLS2MAXMIN, raw=8304613, derived=8304613, unit=None), 'IDX__TXHDRFIFODELAY': ParsedDataItem(IDX__TXHDRFIFODELAY, raw=17, derived=17, unit=None), 'IDX__TXHDRSAMPDELAY': ParsedDataItem(IDX__TXHDRSAMPDELAY, raw=15744048, derived=15744048, unit=None), 'IDX__TXHDRTRANSCNT': ParsedDataItem(IDX__TXHDRTRANSCNT, raw=2, derived=2, unit=None), 'IDX__TXHDRPROCHKCH01': ParsedDataItem(IDX__TXHDRPROCHKCH01, raw=81527416, derived=81527416, unit=None), 'IDX__TXHDRPROCHKCH23': ParsedDataItem(IDX__TXHDRPROCHKCH23, raw=240258367, derived=240258367, unit=None), 'IDX__TXHDRPROCHKCH45': ParsedDataItem(IDX__TXHDRPROCHKCH45, raw=199034078, derived=199034078, unit=None), 'IDX__TXHDRPROCHKCH67': ParsedDataItem(IDX__TXHDRPROCHKCH67, raw=134088995, derived=134088995, unit=None), 'IDX__TXHDRHVPSHKCH01': ParsedDataItem(IDX__TXHDRHVPSHKCH01, raw=131663463, derived=131663463, unit=None), 'IDX__TXHDRHVPSHKCH23': ParsedDataItem(IDX__TXHDRHVPSHKCH23, raw=8849067, derived=8849067, unit=None), 'IDX__TXHDRHVPSHKCH45': ParsedDataItem(IDX__TXHDRHVPSHKCH45, raw=152897501, derived=152897501, unit=None), 'IDX__TXHDRHVPSHKCH67': ParsedDataItem(IDX__TXHDRHVPSHKCH67, raw=20056717, derived=20056717, unit=None), 'IDX__TXHDRLVHK0CH01': ParsedDataItem(IDX__TXHDRLVHK0CH01, raw=134219776, derived=134219776, unit=None), 'IDX__TXHDRLVHK0CH23': ParsedDataItem(IDX__TXHDRLVHK0CH23, raw=173018038, derived=173018038, unit=None), 'IDX__TXHDRLVHK0CH45': ParsedDataItem(IDX__TXHDRLVHK0CH45, raw=134941794, derived=134941794, unit=None), 'IDX__TXHDRLVHK0CH67': ParsedDataItem(IDX__TXHDRLVHK0CH67, raw=207096915, derived=207096915, unit=None), 'IDX__TXHDRLVHK1CH01': ParsedDataItem(IDX__TXHDRLVHK1CH01, raw=32114208, derived=32114208, unit=None), 'IDX__TXHDRLVHK1CH23': ParsedDataItem(IDX__TXHDRLVHK1CH23, raw=63571204, derived=63571204, unit=None), 'IDX__TXHDRLVHK1CH45': ParsedDataItem(IDX__TXHDRLVHK1CH45, raw=183502389, derived=183502389, unit=None), 'IDX__TXHDRLVHK1CH67': ParsedDataItem(IDX__TXHDRLVHK1CH67, raw=189202913, derived=189202913, unit=None), 'IDX__TXHDRLVHK2CH01': ParsedDataItem(IDX__TXHDRLVHK2CH01, raw=42730130, derived=42730130, unit=None), 'IDX__TXHDRLVHK2CH23': ParsedDataItem(IDX__TXHDRLVHK2CH23, raw=260047824, derived=260047824, unit=None), 'IDX__TXHDRLVHK2CH45': ParsedDataItem(IDX__TXHDRLVHK2CH45, raw=101257134, derived=101257134, unit=None), 'IDX__TXHDRLVHK2CH67': ParsedDataItem(IDX__TXHDRLVHK2CH67, raw=69022, derived=69022, unit=None), 'IDX__TXHDRSP09': ParsedDataItem(IDX__TXHDRSP09, raw=0, derived=0, unit=None), 'IDX__TXHDRSP10': ParsedDataItem(IDX__TXHDRSP10, raw=0, derived=0, unit=None), 'IDX__TXHDRFSWAIDCOPY': ParsedDataItem(IDX__TXHDRFSWAIDCOPY, raw=2415277394, derived=2415277394, unit=None), 'IDX__TXHDRFSWBINCOPY': ParsedDataItem(IDX__TXHDRFSWBINCOPY, raw=0, derived=0, unit=None), 'IDX__TXHDRFSWMAJOR': ParsedDataItem(IDX__TXHDRFSWMAJOR, raw=2, derived=2, unit=None), 'IDX__TXHDRFSWMINOR': ParsedDataItem(IDX__TXHDRFSWMINOR, raw=0, derived=0, unit=None), 'IDX__TXHDRFSWPATCH': ParsedDataItem(IDX__TXHDRFSWPATCH, raw=0, derived=0, unit=None), 'IDX__TXHDRFSWHVSTAT': ParsedDataItem(IDX__TXHDRFSWHVSTAT, raw=3, derived=3, unit=None), 'IDX__TXHDRFSWMEM0': ParsedDataItem(IDX__TXHDRFSWMEM0, raw=0, derived=0, unit=None), 'IDX__TXHDRFSWMEM1': ParsedDataItem(IDX__TXHDRFSWMEM1, raw=0, derived=0, unit=None), 'IDX__TXHDRFSWPT0': ParsedDataItem(IDX__TXHDRFSWPT0, raw=0, derived=0, unit=None), 'IDX__TXHDRFSWPT1': ParsedDataItem(IDX__TXHDRFSWPT1, raw=0, derived=0, unit=None), 'IDX__TXHDRFSWPT2': ParsedDataItem(IDX__TXHDRFSWPT2, raw=0, derived=0, unit=None), 'IDX__TXHDRFSWPT3': ParsedDataItem(IDX__TXHDRFSWPT3, raw=0, derived=0, unit=None), 'IDX__TXHDRFSWPT4': ParsedDataItem(IDX__TXHDRFSWPT4, raw=0, derived=0, unit=None), 'IDX__TXHDRFSWPT5': ParsedDataItem(IDX__TXHDRFSWPT5, raw=0, derived=0, unit=None), 'IDX__TXHDRFSWPT6': ParsedDataItem(IDX__TXHDRFSWPT6, raw=0, derived=0, unit=None), 'IDX__TXHDRFSWPT7': ParsedDataItem(IDX__TXHDRFSWPT7, raw=0, derived=0, unit=None), 'IDX__TXHDRFSWPT8': ParsedDataItem(IDX__TXHDRFSWPT8, raw=0, derived=0, unit=None), 'IDX__TXHDRFSWPT9': ParsedDataItem(IDX__TXHDRFSWPT9, raw=0, derived=0, unit=None), 'IDX__TXHDRFPGAVER': ParsedDataItem(IDX__TXHDRFPGAVER, raw=539165480, derived=539165480, unit=None), 'IDX__SYNCSCI0PKT': ParsedDataItem(IDX__SYNCSCI0PKT, raw=13107, derived=13107, unit=None), 'IDX__CRCSCI0PKT': ParsedDataItem(IDX__CRCSCI0PKT, raw=7060, derived=7060, unit=None)}
SHCOARSE = 439590280
SHFINE = 10983
IDX__SCI0AID = 2415277394
IDX__SCI0TYPE = 1
IDX__SCI0CONT = 127
IDX__SCI0SPARE1 = 0
IDX__SCI0PACK = EN
IDX__SCI0FRAG = DS
IDX__SCI0COMP = DS
IDX__SCI0EVTNUM = 11
IDX__SCI0CAT = 32
IDX__SCI0QUAL = 5
IDX__SCI0FRAGOFF = 0
IDX__SCI0VER = 9
IDX__SCI0TIME32 = 439589779
IDX__SCI0SPARE2 = 0
IDX__SCI0SPARE3 = 0
IDX__SCI0SPARE4 = 0
IDX__TXHDRSCIEVTLEN = 8320
IDX__TXHDRSP00 = 0
IDX__TXHDRTIMESEC1 = 6707
IDX__TXHDRTIMESEC2 = 39827
IDX__TXHDRTIMESUBS = 23711
IDX__TXHDRSP01 = 0
IDX__TXHDRTRIGOFFSET = 2
IDX__TXHDRSP02 = 0
IDX__TXHDRTRIGID = 1
IDX__TXHDREVTNUM = 11
IDX__TXHDRBLOCKS = 243679
IDX__TXHDRHGTRIGCTRL1 = 2222981120
IDX__TXHDRHGTRIGCTRL2 = 0
IDX__TXHDRLGTRIGCTRL1 = 4294965248
IDX__TXHDRLGTRIGCTRL2 = 4278255360
IDX__TXHDRMGTRIGCTRL1 = 4294965248
IDX__TXHDRMGTRIGCTRL2 = 4278255360
IDX__TXHDRSP03 = 0
IDX__TXHDRLSADC = 555521
IDX__TXHDRPOLSTAT = NEG
IDX__TXHDRSP04 = 0
IDX__TXHDRPOLCTRL = POS
IDX__TXHDRCOINENA = DIS
IDX__TXHDRLSTRIGMODE = DIS
IDX__TXHDRMGTRIGMODE = 0
IDX__TXHDRLGTRIGMODE = 0
IDX__TXHDRHGTRIGMODE = 1
IDX__TXHDRSP05 = 0
IDX__TXHDRSP06 = 0
IDX__TXHDRSP07 = 2022
IDX__TXHDRSP08 = 0
IDX__TXHDRTOFMAX = 541597213
IDX__TXHDRTOFMIN = 535295476
IDX__TXHDRLS0MAXMIN = 8464396
IDX__TXHDRLS1MAXMIN = 8488928
IDX__TXHDRLS2MAXMIN = 8304613
IDX__TXHDRFIFODELAY = 17
IDX__TXHDRSAMPDELAY = 15744048
IDX__TXHDRTRANSCNT = 2
IDX__TXHDRPROCHKCH01 = 81527416
IDX__TXHDRPROCHKCH23 = 240258367
IDX__TXHDRPROCHKCH45 = 199034078
IDX__TXHDRPROCHKCH67 = 134088995
IDX__TXHDRHVPSHKCH01 = 131663463
IDX__TXHDRHVPSHKCH23 = 8849067
IDX__TXHDRHVPSHKCH45 = 152897501
IDX__TXHDRHVPSHKCH67 = 20056717
IDX__TXHDRLVHK0CH01 = 134219776
IDX__TXHDRLVHK0CH23 = 173018038
IDX__TXHDRLVHK0CH45 = 134941794
IDX__TXHDRLVHK0CH67 = 207096915
IDX__TXHDRLVHK1CH01 = 32114208
IDX__TXHDRLVHK1CH23 = 63571204
IDX__TXHDRLVHK1CH45 = 183502389
IDX__TXHDRLVHK1CH67 = 189202913
IDX__TXHDRLVHK2CH01 = 42730130
IDX__TXHDRLVHK2CH23 = 260047824
IDX__TXHDRLVHK2CH45 = 101257134
IDX__TXHDRLVHK2CH67 = 69022
IDX__TXHDRSP09 = 0
IDX__TXHDRSP10 = 0
IDX__TXHDRFSWAIDCOPY = 2415277394
IDX__TXHDRFSWBINCOPY = 0
IDX__TXHDRFSWMAJOR = 2
IDX__TXHDRFSWMINOR = 0
IDX__TXHDRFSWPATCH = 0
IDX__TXHDRFSWHVSTAT = 3
IDX__TXHDRFSWMEM0 = 0
IDX__TXHDRFSWMEM1 = 0
IDX__TXHDRFSWPT0 = 0
IDX__TXHDRFSWPT1 = 0
IDX__TXHDRFSWPT2 = 0
IDX__TXHDRFSWPT3 = 0
IDX__TXHDRFSWPT4 = 0
IDX__TXHDRFSWPT5 = 0
IDX__TXHDRFSWPT6 = 0
IDX__TXHDRFSWPT7 = 0
IDX__TXHDRFSWPT8 = 0
IDX__TXHDRFSWPT9 = 0
IDX__TXHDRFPGAVER = 539165480
IDX__SYNCSCI0PKT = 13107
IDX__CRCSCI0PKT = 7060
^*****Event header 10******^
HS pre trig sampling blocks:  31
LS pre trig sampling blocks:  3
HS post trig sampling blocks:  31
LS post trig sampling blocks:  11
IDX__TXHDRHVPSHKCH01 = 131663463
Detector voltage =  1639
Sensor voltage =  2009
Target voltage =  1707
Reflectron voltage =  135
Rejection voltage =  2013
Current for HVPS sensor =  2333
Positive current for HVPS sensor =  2701
Negative current for HVPS sensor =  306
Voltage +3.3V reference =  2048
Voltage +3.3V operational reference =  2048
Voltage -6V bus =  2998
Voltage +6V bus =  2640
Voltage +16V bus =  3170
Voltage +3.3V bus =  2059
Voltage -5V bus =  3155
Voltage +5V bus =  3160
Current +3.3V bus =  1568
Current +16V bus =  970
Current +6V bus =  1284
Current -6V bus =  970
Current +5V bus =  1589
Current -5V bus =  2800
Current +2.5V bus =  481
Current -2.5V bus =  2887
Current on the 1V POL =  632
Current on the 1.9V POL =  1244
ProcBd Temperature 1 =  3391
ProcBd Temperature 2 =  3666
Voltage on 1V bus =  1246
FPGA Temperature =  3037
Voltage on 1.9V bus =  2339
Voltage on 3.3V bus =  2046
var_to_row = {'Last measurement in raw DN for Processor Board signal “1V POL Current”': 0, 'Last measurement in raw DN for Processor Board signal “1.9V POL Current”': 1, 'Last measurement in raw DN for Processor Board signal “ProcBd Temp1”': 2, nan: 48, 'Last measurement in raw DN for Processor Board signal “ProcBd Temp2”': 6, 'Last measurement in raw DN for Processor Board signal “1V Voltage”': 10, 'Last measurement in raw DN for Processor Board signal “FPGA Temp”': 11, 'Last measurement in raw DN for Processor Board signal “1.9V Voltage”': 12, 'Last measurement in raw DN for Processor Board signal “3.3V Voltage”': 13, 'Last measurement in raw DN for HVPS Board signal “Detector Voltage”': 14, 'Last measurement in raw DN for HVPS Board signal “Sensor Voltage"': 15, 'Last measurement in raw DN for HVPS Board signal “Target Voltage”': 16, 'Last measurement in raw DN for HVPS Board signal “Reflectron Voltage”': 17, 'Last measurement in raw DN for HVPS Board signal “Rejection Voltage”': 18, 'Last measurement in raw DN for HVPS Board signal “Detector Current”': 19, 'Last measurement in raw DN for HVPS Board signal “Sensor IP”': 20, 'Last measurement in raw DN for HVPS Board signal “Sensor IN”': 21, 'Last measurement in raw DN for LVPS Board signal “P3.3VREF_HK”': 22, 'Last measurement in raw DN for LVPS Board signal “P3.3VREF_OP”': 23, 'Last measurement in raw DN for LVPS Board signal “N6V”': 24, 'Last measurement in raw DN for LVPS Board signal “P6V”': 25, 'Last measurement in raw DN for LVPS Board signal “P16V”': 26, 'Last measurement in raw DN for LVPS Board signal “P3.3V”': 27, 'Last measurement in raw DN for LVPS Board signal “N5V”': 28, 'Last measurement in raw DN for LVPS Board signal “P5V”': 29, 'Last measurement in raw DN for LVPS Board signal “P3.3_IMON”': 30, 'Last measurement in raw DN for LVPS Board signal “P16V_IMON”': 31, 'Last measurement in raw DN for LVPS Board signal “P6V_IMON”': 32, 'Last measurement in raw DN for LVPS Board signal “N6V_IMON”': 33, 'Last measurement in raw DN for LVPS Board signal “P5V_IMON”': 34, 'Last measurement in raw DN for LVPS Board signal “N5V_IMON”': 35, 'Last measurement in raw DN for LVPS Board signal “P2.5V_IMON”': 36, 'Last measurement in raw DN for LVPS Board signal “N2.5V_IMON”': 37, 'Last measurement in raw DN for LVPS Board signal “THERM_DECON0”': 38, 'Last measurement in raw DN for LVPS Board signal “THERM_DECON1”': 39, 'Last measurement in raw DN for LVPS Board signal “THERM_DAB”': 40, 'Last measurement in raw DN for LVPS Board signal “THERM_LVPS”': 41, 'Last measurement in raw DN for LVPS Board signal “THERM_HVPS”': 45, 'Last measurement in raw DN for LVPS Board signal “P2.5V”': 49, 'Last measurement in raw DN for LVPS Board signal “N2.5V”': 50, 'Last measurement in raw DN for LVPS Board signal “Spare”': 51}

 
 ***** var_name being converted for each instrument setting ***** 
 

Matching row  18
coeffs for Last measurement in raw DN for Processor Board signal “1V POL Current”= [0.0 0.9029253 0.0 0.0 0.0 0.0 0.0 0.0]
var_name = Last measurement in raw DN for Processor Board signal “1V POL Current”
var_name = current_1V_pol
Header info = 632
Transformed value for current_1V_pol = 570.6487896
Matching row  18
coeffs for Last measurement in raw DN for Processor Board signal “1.9V POL Current”= [0.0 0.9029253 0.0 0.0 0.0 0.0 0.0 0.0]
var_name = Last measurement in raw DN for Processor Board signal “1.9V POL Current”
var_name = current_1.9V_pol
Header info = 1244
Transformed value for current_1.9V_pol = 1123.2390732000001
Matching row  18
coeffs for Last measurement in raw DN for Processor Board signal “ProcBd Temp1”= [162.8276 -0.2668687 0.0003323794 -2.43153e-07 9.034532e-11 -1.327735e-14
 0.0 0.0]
var_name = Last measurement in raw DN for Processor Board signal “ProcBd Temp1”
var_name = temperature_1
Header info = 3391
Transformed value for temperature_1 = -408.6811903905609
Matching row  18
coeffs for nan= [-104713.9 52.02446 -0.006463374 0.0 0.0 0.0 0.0 0.0]
var_name = nan
var_name = None
KeyError: (10, None) - Could not find entry for None, 48. Please check the Var_notes or variable mapping.
Matching row  18
coeffs for Last measurement in raw DN for Processor Board signal “ProcBd Temp2”= [162.8276 -0.2668687 0.0003323794 -2.43153e-07 9.034532e-11 -1.327735e-14
 0.0 0.0]
var_name = Last measurement in raw DN for Processor Board signal “ProcBd Temp2”
var_name = temperature_2
Header info = 3666
Transformed value for temperature_2 = -801.8818752684547
Matching row  18
coeffs for Last measurement in raw DN for Processor Board signal “1V Voltage”= [0.0 0.000805861 0.0 0.0 0.0 0.0 0.0 0.0]
var_name = Last measurement in raw DN for Processor Board signal “1V Voltage”
var_name = voltage_1V_bus
Header info = 1246
Transformed value for voltage_1V_bus = 1.004102806
Matching row  18
coeffs for Last measurement in raw DN for Processor Board signal “FPGA Temp”= [358.31 -0.1187104 0.0 0.0 0.0 0.0 0.0 0.0]
var_name = Last measurement in raw DN for Processor Board signal “FPGA Temp”
var_name = fpga_temperature
Header info = 3037
Transformed value for fpga_temperature = -2.2134848000000034
Matching row  18
coeffs for Last measurement in raw DN for Processor Board signal “1.9V Voltage”= [0.0 0.000805861 0.0 0.0 0.0 0.0 0.0 0.0]
var_name = Last measurement in raw DN for Processor Board signal “1.9V Voltage”
var_name = voltage_1.9V_bus
Header info = 2339
Transformed value for voltage_1.9V_bus = 1.884908879
Matching row  18
coeffs for Last measurement in raw DN for Processor Board signal “3.3V Voltage”= [0.0 0.001611722 0.0 0.0 0.0 0.0 0.0 0.0]
var_name = Last measurement in raw DN for Processor Board signal “3.3V Voltage”
var_name = voltage_3.3V_bus
Header info = 2046
Transformed value for voltage_3.3V_bus = 3.2975832119999997
Matching row  18
coeffs for Last measurement in raw DN for HVPS Board signal “Detector Voltage”= [0.0 1.4652 0.0 0.0 0.0 0.0 0.0 0.0]
var_name = Last measurement in raw DN for HVPS Board signal “Detector Voltage”
var_name = detector_voltage
Header info = 1639
Transformed value for detector_voltage = 2401.4628000000002
Matching row  18
coeffs for Last measurement in raw DN for HVPS Board signal “Sensor Voltage"= [0.0 1.4652 0.0 0.0 0.0 0.0 0.0 0.0]
var_name = Last measurement in raw DN for HVPS Board signal “Sensor Voltage"
var_name = sensor_voltage
Header info = 2009
Transformed value for sensor_voltage = 2943.5868
Matching row  18
coeffs for Last measurement in raw DN for HVPS Board signal “Target Voltage”= [0.0 1.4652 0.0 0.0 0.0 0.0 0.0 0.0]
var_name = Last measurement in raw DN for HVPS Board signal “Target Voltage”
var_name = target_voltage
Header info = 1707
Transformed value for target_voltage = 2501.0964
Matching row  18
coeffs for Last measurement in raw DN for HVPS Board signal “Reflectron Voltage”= [0.0 1.4652 0.0 0.0 0.0 0.0 0.0 0.0]
var_name = Last measurement in raw DN for HVPS Board signal “Reflectron Voltage”
var_name = reflectron_voltage
Header info = 135
Transformed value for reflectron_voltage = 197.80200000000002
Matching row  18
coeffs for Last measurement in raw DN for HVPS Board signal “Rejection Voltage”= [0.0 1.4652 0.0 0.0 0.0 0.0 0.0 0.0]
var_name = Last measurement in raw DN for HVPS Board signal “Rejection Voltage”
var_name = rejection_voltage
Header info = 2013
Transformed value for rejection_voltage = 2949.4476
Matching row  18
coeffs for Last measurement in raw DN for HVPS Board signal “Detector Current”= [0.0 7.326e-06 0.0 0.0 0.0 0.0 0.0 0.0]
var_name = Last measurement in raw DN for HVPS Board signal “Detector Current”
var_name = current_hvps_sensor
Header info = 2333
Transformed value for current_hvps_sensor = 0.017091558
Matching row  18
coeffs for Last measurement in raw DN for HVPS Board signal “Sensor IP”= [0.0 2.4339e-05 0.0 0.0 0.0 0.0 0.0 0.0]
var_name = Last measurement in raw DN for HVPS Board signal “Sensor IP”
var_name = positive_current_hvps
Header info = 2701
Transformed value for positive_current_hvps = 0.065739639
Matching row  18
coeffs for Last measurement in raw DN for HVPS Board signal “Sensor IN”= [0.0 2.4339e-05 0.0 0.0 0.0 0.0 0.0 0.0]
var_name = Last measurement in raw DN for HVPS Board signal “Sensor IN”
var_name = negative_current_hvps
Header info = 306
Transformed value for negative_current_hvps = 0.007447733999999999
Matching row  18
coeffs for Last measurement in raw DN for LVPS Board signal “P3.3VREF_HK”= [0.0 0.00161172 0.0 0.0 0.0 0.0 0.0 0.0]
var_name = Last measurement in raw DN for LVPS Board signal “P3.3VREF_HK”
var_name = voltage_3V3_ref
Header info = 2048
Transformed value for voltage_3V3_ref = 3.30080256
Matching row  18
coeffs for Last measurement in raw DN for LVPS Board signal “P3.3VREF_OP”= [0.0 0.00161172 0.0 0.0 0.0 0.0 0.0 0.0]
var_name = Last measurement in raw DN for LVPS Board signal “P3.3VREF_OP”
var_name = voltage_3V3_op_ref
Header info = 2048
Transformed value for voltage_3V3_op_ref = 3.30080256
Matching row  18
coeffs for Last measurement in raw DN for LVPS Board signal “N6V”= [-33.0 0.00886447 0.0 0.0 0.0 0.0 0.0 0.0]
var_name = Last measurement in raw DN for LVPS Board signal “N6V”
var_name = voltage_neg6V_bus
Header info = 2998
Transformed value for voltage_neg6V_bus = -6.424318940000003
Matching row  18
coeffs for Last measurement in raw DN for LVPS Board signal “P6V”= [0.0 0.00241758 0.0 0.0 0.0 0.0 0.0 0.0]
var_name = Last measurement in raw DN for LVPS Board signal “P6V”
var_name = voltage_pos6V_bus
Header info = 2640
Transformed value for voltage_pos6V_bus = 6.3824112
Matching row  18
coeffs for Last measurement in raw DN for LVPS Board signal “P16V”= [0.0 0.00482711 0.0 0.0 0.0 0.0 0.0 0.0]
var_name = Last measurement in raw DN for LVPS Board signal “P16V”
var_name = voltage_pos16V_bus
Header info = 3170
Transformed value for voltage_pos16V_bus = 15.3019387
Matching row  18
coeffs for Last measurement in raw DN for LVPS Board signal “P3.3V”= [0.0 0.00161172 0.0 0.0 0.0 0.0 0.0 0.0]
var_name = Last measurement in raw DN for LVPS Board signal “P3.3V”
var_name = voltage_pos3V3_bus
Header info = 2059
Transformed value for voltage_pos3V3_bus = 3.3185314800000003
Matching row  18
coeffs for Last measurement in raw DN for LVPS Board signal “N5V”= [-33.0 0.00886447 0.0 0.0 0.0 0.0 0.0 0.0]
var_name = Last measurement in raw DN for LVPS Board signal “N5V”
var_name = voltage_neg5V_bus
Header info = 3155
Transformed value for voltage_neg5V_bus = -5.032597150000001
Matching row  18
coeffs for Last measurement in raw DN for LVPS Board signal “P5V”= [0.0 0.00161172 0.0 0.0 0.0 0.0 0.0 0.0]
var_name = Last measurement in raw DN for LVPS Board signal “P5V”
var_name = voltage_pos5V_bus
Header info = 3160
Transformed value for voltage_pos5V_bus = 5.0930352
Matching row  18
coeffs for Last measurement in raw DN for LVPS Board signal “P3.3_IMON”= [0.0 0.00161172 0.0 0.0 0.0 0.0 0.0 0.0]
var_name = Last measurement in raw DN for LVPS Board signal “P3.3_IMON”
var_name = current_3V3_bus
Header info = 1568
Transformed value for current_3V3_bus = 2.5271769600000002
Matching row  18
coeffs for Last measurement in raw DN for LVPS Board signal “P16V_IMON”= [0.0 0.000161172 0.0 0.0 0.0 0.0 0.0 0.0]
var_name = Last measurement in raw DN for LVPS Board signal “P16V_IMON”
var_name = current_16V_bus
Header info = 970
Transformed value for current_16V_bus = 0.15633684
Matching row  18
coeffs for Last measurement in raw DN for LVPS Board signal “P6V_IMON”= [0.0 8.05861e-05 0.0 0.0 0.0 0.0 0.0 0.0]
var_name = Last measurement in raw DN for LVPS Board signal “P6V_IMON”
var_name = current_6V_bus
Header info = 1284
Transformed value for current_6V_bus = 0.1034725524
Matching row  18
coeffs for Last measurement in raw DN for LVPS Board signal “N6V_IMON”= [0.0 -8.05861e-05 0.0 0.0 0.0 0.0 0.0 0.0]
var_name = Last measurement in raw DN for LVPS Board signal “N6V_IMON”
var_name = current_neg6V_bus
Header info = 970
Transformed value for current_neg6V_bus = -0.07816851699999999
Matching row  18
coeffs for Last measurement in raw DN for LVPS Board signal “P5V_IMON”= [0.0 4.029304e-05 0.0 0.0 0.0 0.0 0.0 0.0]
var_name = Last measurement in raw DN for LVPS Board signal “P5V_IMON”
var_name = current_5V_bus
Header info = 1589
Transformed value for current_5V_bus = 0.06402564056
Matching row  18
coeffs for Last measurement in raw DN for LVPS Board signal “N5V_IMON”= [0.0 -2.01465e-05 0.0 0.0 0.0 0.0 0.0 0.0]
var_name = Last measurement in raw DN for LVPS Board signal “N5V_IMON”
var_name = current_neg5V_bus
Header info = 2800
Transformed value for current_neg5V_bus = -0.0564102
Matching row  18
coeffs for Last measurement in raw DN for LVPS Board signal “P2.5V_IMON”= [0.0 0.00161172 0.0 0.0 0.0 0.0 0.0 0.0]
var_name = Last measurement in raw DN for LVPS Board signal “P2.5V_IMON”
var_name = current_2V5_bus
Header info = 481
Transformed value for current_2V5_bus = 0.77523732
Matching row  18
coeffs for Last measurement in raw DN for LVPS Board signal “N2.5V_IMON”= [0.0 -4.0293e-05 0.0 0.0 0.0 0.0 0.0 0.0]
var_name = Last measurement in raw DN for LVPS Board signal “N2.5V_IMON”
var_name = current_neg2V5_bus
Header info = 2887
Transformed value for current_neg2V5_bus = -0.116325891
Matching row  18
coeffs for Last measurement in raw DN for LVPS Board signal “THERM_DECON0”= [-110.293 0.0665351 0.000305738 -6.32048e-07 5.9934e-10 -2.98784e-13
 7.61361e-17 -7.76467e-21]
var_name = Last measurement in raw DN for LVPS Board signal “THERM_DECON0”
var_name = None
KeyError: (10, None) - Could not find entry for None, 38. Please check the Var_notes or variable mapping.
Matching row  18
coeffs for Last measurement in raw DN for LVPS Board signal “THERM_DECON1”= [-150.478 0.376986 -0.00062072 7.73853e-07 -5.81588e-10 2.56368e-13
 -6.05698e-17 5.96635e-21]
var_name = Last measurement in raw DN for LVPS Board signal “THERM_DECON1”
var_name = None
KeyError: (10, None) - Could not find entry for None, 39. Please check the Var_notes or variable mapping.
Matching row  18
coeffs for Last measurement in raw DN for LVPS Board signal “THERM_DAB”= [-443.248 1.31224 -0.00180422 1.40016e-06 -6.43766e-10 1.7448e-13
 -2.57695e-17 1.60239e-21]
var_name = Last measurement in raw DN for LVPS Board signal “THERM_DAB”
var_name = None
KeyError: (10, None) - Could not find entry for None, 40. Please check the Var_notes or variable mapping.
Matching row  18
coeffs for Last measurement in raw DN for LVPS Board signal “THERM_LVPS”= [200.4137 -0.2020699 0.000175403 -9.739547e-08 2.888932e-11 -3.545603e-15
 0.0 0.0]
var_name = Last measurement in raw DN for LVPS Board signal “THERM_LVPS”
var_name = None
KeyError: (10, None) - Could not find entry for None, 41. Please check the Var_notes or variable mapping.
Matching row  18
coeffs for Last measurement in raw DN for LVPS Board signal “THERM_HVPS”= [200.4137 -0.2020699 0.000175403 -9.739547e-08 2.888932e-11 -3.545603e-15
 0.0 0.0]
var_name = Last measurement in raw DN for LVPS Board signal “THERM_HVPS”
var_name = None
KeyError: (10, None) - Could not find entry for None, 45. Please check the Var_notes or variable mapping.
Matching row  18
coeffs for Last measurement in raw DN for LVPS Board signal “P2.5V”= [0.0 0.00161172 0.0 0.0 0.0 0.0 0.0 0.0]
var_name = Last measurement in raw DN for LVPS Board signal “P2.5V”
var_name = None
KeyError: (10, None) - Could not find entry for None, 49. Please check the Var_notes or variable mapping.
Matching row  18
coeffs for Last measurement in raw DN for LVPS Board signal “N2.5V”= [-33.0 0.00886447 0.0 0.0 0.0 0.0 0.0 0.0]
var_name = Last measurement in raw DN for LVPS Board signal “N2.5V”
var_name = None
KeyError: (10, None) - Could not find entry for None, 50. Please check the Var_notes or variable mapping.
Matching row  18
coeffs for Last measurement in raw DN for LVPS Board signal “Spare”= [0.0 0.00161172 0.0 0.0 0.0 0.0 0.0 0.0]
var_name = Last measurement in raw DN for LVPS Board signal “Spare”
var_name = spare_signal
KeyError: (10, 'spare_signal') - Could not find entry for spare_signal, 51. Please check the Var_notes or variable mapping.
High gain delay = 15 samples.
Mid gain delay = 15 samples.
Low gain delay = 48 samples.
High sampling trigger mode =  0 0 1
High gain trigger mode enabled.
For 2222981120, HG Trigger level = 0.15317, sample settings = 0, 0
Threshold trigger mode enabled for high gain channel.
AID = 2415277394
Event number = 11
Rice compression enabled = False
Timestamp = 439569022.20762 seconds since epoch (Midnight January 1st, 2010)
Trigger time = 2023-12-06 14:30:22.207620+00:00
10
10
10
10
10
10
10
10
10
10
10
10
10
{'SHCOARSE': ParsedDataItem(SHCOARSE, raw=439590293, derived=439590293, unit=dn), 'SHFINE': ParsedDataItem(SHFINE, raw=10971, derived=10971, unit=dn), 'IDX__SCI0AID': ParsedDataItem(IDX__SCI0AID, raw=2415277394, derived=2415277394, unit=None), 'IDX__SCI0TYPE': ParsedDataItem(IDX__SCI0TYPE, raw=1, derived=1, unit=None), 'IDX__SCI0CONT': ParsedDataItem(IDX__SCI0CONT, raw=127, derived=127, unit=None), 'IDX__SCI0SPARE1': ParsedDataItem(IDX__SCI0SPARE1, raw=0, derived=0, unit=None), 'IDX__SCI0PACK': ParsedDataItem(IDX__SCI0PACK, raw=1, derived=EN, unit=None), 'IDX__SCI0FRAG': ParsedDataItem(IDX__SCI0FRAG, raw=0, derived=DS, unit=None), 'IDX__SCI0COMP': ParsedDataItem(IDX__SCI0COMP, raw=0, derived=DS, unit=None), 'IDX__SCI0EVTNUM': ParsedDataItem(IDX__SCI0EVTNUM, raw=12, derived=12, unit=None), 'IDX__SCI0CAT': ParsedDataItem(IDX__SCI0CAT, raw=32, derived=32, unit=None), 'IDX__SCI0QUAL': ParsedDataItem(IDX__SCI0QUAL, raw=5, derived=5, unit=None), 'IDX__SCI0FRAGOFF': ParsedDataItem(IDX__SCI0FRAGOFF, raw=0, derived=0, unit=None), 'IDX__SCI0VER': ParsedDataItem(IDX__SCI0VER, raw=9, derived=9, unit=None), 'IDX__SCI0TIME32': ParsedDataItem(IDX__SCI0TIME32, raw=439589785, derived=439589785, unit=None), 'IDX__SCI0SPARE2': ParsedDataItem(IDX__SCI0SPARE2, raw=0, derived=0, unit=None), 'IDX__SCI0SPARE3': ParsedDataItem(IDX__SCI0SPARE3, raw=0, derived=0, unit=None), 'IDX__SCI0SPARE4': ParsedDataItem(IDX__SCI0SPARE4, raw=0, derived=0, unit=None), 'IDX__TXHDRSCIEVTLEN': ParsedDataItem(IDX__TXHDRSCIEVTLEN, raw=8320, derived=8320, unit=None), 'IDX__TXHDRSP00': ParsedDataItem(IDX__TXHDRSP00, raw=0, derived=0, unit=None), 'IDX__TXHDRTIMESEC1': ParsedDataItem(IDX__TXHDRTIMESEC1, raw=6707, derived=6707, unit=None), 'IDX__TXHDRTIMESEC2': ParsedDataItem(IDX__TXHDRTIMESEC2, raw=39833, derived=39833, unit=None), 'IDX__TXHDRTIMESUBS': ParsedDataItem(IDX__TXHDRTIMESUBS, raw=37387, derived=37387, unit=None), 'IDX__TXHDRSP01': ParsedDataItem(IDX__TXHDRSP01, raw=0, derived=0, unit=None), 'IDX__TXHDRTRIGOFFSET': ParsedDataItem(IDX__TXHDRTRIGOFFSET, raw=3, derived=3, unit=None), 'IDX__TXHDRSP02': ParsedDataItem(IDX__TXHDRSP02, raw=0, derived=0, unit=None), 'IDX__TXHDRTRIGID': ParsedDataItem(IDX__TXHDRTRIGID, raw=1, derived=1, unit=None), 'IDX__TXHDREVTNUM': ParsedDataItem(IDX__TXHDREVTNUM, raw=12, derived=12, unit=None), 'IDX__TXHDRBLOCKS': ParsedDataItem(IDX__TXHDRBLOCKS, raw=243679, derived=243679, unit=None), 'IDX__TXHDRHGTRIGCTRL1': ParsedDataItem(IDX__TXHDRHGTRIGCTRL1, raw=2222981120, derived=2222981120, unit=None), 'IDX__TXHDRHGTRIGCTRL2': ParsedDataItem(IDX__TXHDRHGTRIGCTRL2, raw=0, derived=0, unit=None), 'IDX__TXHDRLGTRIGCTRL1': ParsedDataItem(IDX__TXHDRLGTRIGCTRL1, raw=4294965248, derived=4294965248, unit=None), 'IDX__TXHDRLGTRIGCTRL2': ParsedDataItem(IDX__TXHDRLGTRIGCTRL2, raw=4278255360, derived=4278255360, unit=None), 'IDX__TXHDRMGTRIGCTRL1': ParsedDataItem(IDX__TXHDRMGTRIGCTRL1, raw=4294965248, derived=4294965248, unit=None), 'IDX__TXHDRMGTRIGCTRL2': ParsedDataItem(IDX__TXHDRMGTRIGCTRL2, raw=4278255360, derived=4278255360, unit=None), 'IDX__TXHDRSP03': ParsedDataItem(IDX__TXHDRSP03, raw=0, derived=0, unit=None), 'IDX__TXHDRLSADC': ParsedDataItem(IDX__TXHDRLSADC, raw=555521, derived=555521, unit=None), 'IDX__TXHDRPOLSTAT': ParsedDataItem(IDX__TXHDRPOLSTAT, raw=1, derived=NEG, unit=None), 'IDX__TXHDRSP04': ParsedDataItem(IDX__TXHDRSP04, raw=0, derived=0, unit=None), 'IDX__TXHDRPOLCTRL': ParsedDataItem(IDX__TXHDRPOLCTRL, raw=0, derived=POS, unit=None), 'IDX__TXHDRCOINENA': ParsedDataItem(IDX__TXHDRCOINENA, raw=0, derived=DIS, unit=None), 'IDX__TXHDRLSTRIGMODE': ParsedDataItem(IDX__TXHDRLSTRIGMODE, raw=0, derived=DIS, unit=None), 'IDX__TXHDRMGTRIGMODE': ParsedDataItem(IDX__TXHDRMGTRIGMODE, raw=0, derived=0, unit=None), 'IDX__TXHDRLGTRIGMODE': ParsedDataItem(IDX__TXHDRLGTRIGMODE, raw=0, derived=0, unit=None), 'IDX__TXHDRHGTRIGMODE': ParsedDataItem(IDX__TXHDRHGTRIGMODE, raw=1, derived=1, unit=None), 'IDX__TXHDRSP05': ParsedDataItem(IDX__TXHDRSP05, raw=0, derived=0, unit=None), 'IDX__TXHDRSP06': ParsedDataItem(IDX__TXHDRSP06, raw=0, derived=0, unit=None), 'IDX__TXHDRSP07': ParsedDataItem(IDX__TXHDRSP07, raw=2022, derived=2022, unit=None), 'IDX__TXHDRSP08': ParsedDataItem(IDX__TXHDRSP08, raw=0, derived=0, unit=None), 'IDX__TXHDRTOFMAX': ParsedDataItem(IDX__TXHDRTOFMAX, raw=542644759, derived=542644759, unit=None), 'IDX__TXHDRTOFMIN': ParsedDataItem(IDX__TXHDRTOFMIN, raw=535295476, derived=535295476, unit=None), 'IDX__TXHDRLS0MAXMIN': ParsedDataItem(IDX__TXHDRLS0MAXMIN, raw=8464397, derived=8464397, unit=None), 'IDX__TXHDRLS1MAXMIN': ParsedDataItem(IDX__TXHDRLS1MAXMIN, raw=8476643, derived=8476643, unit=None), 'IDX__TXHDRLS2MAXMIN': ParsedDataItem(IDX__TXHDRLS2MAXMIN, raw=8308709, derived=8308709, unit=None), 'IDX__TXHDRFIFODELAY': ParsedDataItem(IDX__TXHDRFIFODELAY, raw=15, derived=15, unit=None), 'IDX__TXHDRSAMPDELAY': ParsedDataItem(IDX__TXHDRSAMPDELAY, raw=24140853, derived=24140853, unit=None), 'IDX__TXHDRTRANSCNT': ParsedDataItem(IDX__TXHDRTRANSCNT, raw=2, derived=2, unit=None), 'IDX__TXHDRPROCHKCH01': ParsedDataItem(IDX__TXHDRPROCHKCH01, raw=81527417, derived=81527417, unit=None), 'IDX__TXHDRPROCHKCH23': ParsedDataItem(IDX__TXHDRPROCHKCH23, raw=240258367, derived=240258367, unit=None), 'IDX__TXHDRPROCHKCH45': ParsedDataItem(IDX__TXHDRPROCHKCH45, raw=199034078, derived=199034078, unit=None), 'IDX__TXHDRPROCHKCH67': ParsedDataItem(IDX__TXHDRPROCHKCH67, raw=134088995, derived=134088995, unit=None), 'IDX__TXHDRHVPSHKCH01': ParsedDataItem(IDX__TXHDRHVPSHKCH01, raw=131663463, derived=131663463, unit=None), 'IDX__TXHDRHVPSHKCH23': ParsedDataItem(IDX__TXHDRHVPSHKCH23, raw=8849067, derived=8849067, unit=None), 'IDX__TXHDRHVPSHKCH45': ParsedDataItem(IDX__TXHDRHVPSHKCH45, raw=152897501, derived=152897501, unit=None), 'IDX__TXHDRHVPSHKCH67': ParsedDataItem(IDX__TXHDRHVPSHKCH67, raw=20056716, derived=20056716, unit=None), 'IDX__TXHDRLVHK0CH01': ParsedDataItem(IDX__TXHDRLVHK0CH01, raw=134219776, derived=134219776, unit=None), 'IDX__TXHDRLVHK0CH23': ParsedDataItem(IDX__TXHDRLVHK0CH23, raw=173018038, derived=173018038, unit=None), 'IDX__TXHDRLVHK0CH45': ParsedDataItem(IDX__TXHDRLVHK0CH45, raw=134941794, derived=134941794, unit=None), 'IDX__TXHDRLVHK0CH67': ParsedDataItem(IDX__TXHDRLVHK0CH67, raw=207096915, derived=207096915, unit=None), 'IDX__TXHDRLVHK1CH01': ParsedDataItem(IDX__TXHDRLVHK1CH01, raw=32114209, derived=32114209, unit=None), 'IDX__TXHDRLVHK1CH23': ParsedDataItem(IDX__TXHDRLVHK1CH23, raw=63571204, derived=63571204, unit=None), 'IDX__TXHDRLVHK1CH45': ParsedDataItem(IDX__TXHDRLVHK1CH45, raw=183502389, derived=183502389, unit=None), 'IDX__TXHDRLVHK1CH67': ParsedDataItem(IDX__TXHDRLVHK1CH67, raw=189202913, derived=189202913, unit=None), 'IDX__TXHDRLVHK2CH01': ParsedDataItem(IDX__TXHDRLVHK2CH01, raw=42730130, derived=42730130, unit=None), 'IDX__TXHDRLVHK2CH23': ParsedDataItem(IDX__TXHDRLVHK2CH23, raw=260047824, derived=260047824, unit=None), 'IDX__TXHDRLVHK2CH45': ParsedDataItem(IDX__TXHDRLVHK2CH45, raw=101257134, derived=101257134, unit=None), 'IDX__TXHDRLVHK2CH67': ParsedDataItem(IDX__TXHDRLVHK2CH67, raw=69022, derived=69022, unit=None), 'IDX__TXHDRSP09': ParsedDataItem(IDX__TXHDRSP09, raw=0, derived=0, unit=None), 'IDX__TXHDRSP10': ParsedDataItem(IDX__TXHDRSP10, raw=0, derived=0, unit=None), 'IDX__TXHDRFSWAIDCOPY': ParsedDataItem(IDX__TXHDRFSWAIDCOPY, raw=2415277394, derived=2415277394, unit=None), 'IDX__TXHDRFSWBINCOPY': ParsedDataItem(IDX__TXHDRFSWBINCOPY, raw=0, derived=0, unit=None), 'IDX__TXHDRFSWMAJOR': ParsedDataItem(IDX__TXHDRFSWMAJOR, raw=2, derived=2, unit=None), 'IDX__TXHDRFSWMINOR': ParsedDataItem(IDX__TXHDRFSWMINOR, raw=0, derived=0, unit=None), 'IDX__TXHDRFSWPATCH': ParsedDataItem(IDX__TXHDRFSWPATCH, raw=0, derived=0, unit=None), 'IDX__TXHDRFSWHVSTAT': ParsedDataItem(IDX__TXHDRFSWHVSTAT, raw=3, derived=3, unit=None), 'IDX__TXHDRFSWMEM0': ParsedDataItem(IDX__TXHDRFSWMEM0, raw=0, derived=0, unit=None), 'IDX__TXHDRFSWMEM1': ParsedDataItem(IDX__TXHDRFSWMEM1, raw=0, derived=0, unit=None), 'IDX__TXHDRFSWPT0': ParsedDataItem(IDX__TXHDRFSWPT0, raw=0, derived=0, unit=None), 'IDX__TXHDRFSWPT1': ParsedDataItem(IDX__TXHDRFSWPT1, raw=0, derived=0, unit=None), 'IDX__TXHDRFSWPT2': ParsedDataItem(IDX__TXHDRFSWPT2, raw=0, derived=0, unit=None), 'IDX__TXHDRFSWPT3': ParsedDataItem(IDX__TXHDRFSWPT3, raw=0, derived=0, unit=None), 'IDX__TXHDRFSWPT4': ParsedDataItem(IDX__TXHDRFSWPT4, raw=0, derived=0, unit=None), 'IDX__TXHDRFSWPT5': ParsedDataItem(IDX__TXHDRFSWPT5, raw=0, derived=0, unit=None), 'IDX__TXHDRFSWPT6': ParsedDataItem(IDX__TXHDRFSWPT6, raw=0, derived=0, unit=None), 'IDX__TXHDRFSWPT7': ParsedDataItem(IDX__TXHDRFSWPT7, raw=0, derived=0, unit=None), 'IDX__TXHDRFSWPT8': ParsedDataItem(IDX__TXHDRFSWPT8, raw=0, derived=0, unit=None), 'IDX__TXHDRFSWPT9': ParsedDataItem(IDX__TXHDRFSWPT9, raw=0, derived=0, unit=None), 'IDX__TXHDRFPGAVER': ParsedDataItem(IDX__TXHDRFPGAVER, raw=539165480, derived=539165480, unit=None), 'IDX__SYNCSCI0PKT': ParsedDataItem(IDX__SYNCSCI0PKT, raw=13107, derived=13107, unit=None), 'IDX__CRCSCI0PKT': ParsedDataItem(IDX__CRCSCI0PKT, raw=9669, derived=9669, unit=None)}
SHCOARSE = 439590293
SHFINE = 10971
IDX__SCI0AID = 2415277394
IDX__SCI0TYPE = 1
IDX__SCI0CONT = 127
IDX__SCI0SPARE1 = 0
IDX__SCI0PACK = EN
IDX__SCI0FRAG = DS
IDX__SCI0COMP = DS
IDX__SCI0EVTNUM = 12
IDX__SCI0CAT = 32
IDX__SCI0QUAL = 5
IDX__SCI0FRAGOFF = 0
IDX__SCI0VER = 9
IDX__SCI0TIME32 = 439589785
IDX__SCI0SPARE2 = 0
IDX__SCI0SPARE3 = 0
IDX__SCI0SPARE4 = 0
IDX__TXHDRSCIEVTLEN = 8320
IDX__TXHDRSP00 = 0
IDX__TXHDRTIMESEC1 = 6707
IDX__TXHDRTIMESEC2 = 39833
IDX__TXHDRTIMESUBS = 37387
IDX__TXHDRSP01 = 0
IDX__TXHDRTRIGOFFSET = 3
IDX__TXHDRSP02 = 0
IDX__TXHDRTRIGID = 1
IDX__TXHDREVTNUM = 12
IDX__TXHDRBLOCKS = 243679
IDX__TXHDRHGTRIGCTRL1 = 2222981120
IDX__TXHDRHGTRIGCTRL2 = 0
IDX__TXHDRLGTRIGCTRL1 = 4294965248
IDX__TXHDRLGTRIGCTRL2 = 4278255360
IDX__TXHDRMGTRIGCTRL1 = 4294965248
IDX__TXHDRMGTRIGCTRL2 = 4278255360
IDX__TXHDRSP03 = 0
IDX__TXHDRLSADC = 555521
IDX__TXHDRPOLSTAT = NEG
IDX__TXHDRSP04 = 0
IDX__TXHDRPOLCTRL = POS
IDX__TXHDRCOINENA = DIS
IDX__TXHDRLSTRIGMODE = DIS
IDX__TXHDRMGTRIGMODE = 0
IDX__TXHDRLGTRIGMODE = 0
IDX__TXHDRHGTRIGMODE = 1
IDX__TXHDRSP05 = 0
IDX__TXHDRSP06 = 0
IDX__TXHDRSP07 = 2022
IDX__TXHDRSP08 = 0
IDX__TXHDRTOFMAX = 542644759
IDX__TXHDRTOFMIN = 535295476
IDX__TXHDRLS0MAXMIN = 8464397
IDX__TXHDRLS1MAXMIN = 8476643
IDX__TXHDRLS2MAXMIN = 8308709
IDX__TXHDRFIFODELAY = 15
IDX__TXHDRSAMPDELAY = 24140853
IDX__TXHDRTRANSCNT = 2
IDX__TXHDRPROCHKCH01 = 81527417
IDX__TXHDRPROCHKCH23 = 240258367
IDX__TXHDRPROCHKCH45 = 199034078
IDX__TXHDRPROCHKCH67 = 134088995
IDX__TXHDRHVPSHKCH01 = 131663463
IDX__TXHDRHVPSHKCH23 = 8849067
IDX__TXHDRHVPSHKCH45 = 152897501
IDX__TXHDRHVPSHKCH67 = 20056716
IDX__TXHDRLVHK0CH01 = 134219776
IDX__TXHDRLVHK0CH23 = 173018038
IDX__TXHDRLVHK0CH45 = 134941794
IDX__TXHDRLVHK0CH67 = 207096915
IDX__TXHDRLVHK1CH01 = 32114209
IDX__TXHDRLVHK1CH23 = 63571204
IDX__TXHDRLVHK1CH45 = 183502389
IDX__TXHDRLVHK1CH67 = 189202913
IDX__TXHDRLVHK2CH01 = 42730130
IDX__TXHDRLVHK2CH23 = 260047824
IDX__TXHDRLVHK2CH45 = 101257134
IDX__TXHDRLVHK2CH67 = 69022
IDX__TXHDRSP09 = 0
IDX__TXHDRSP10 = 0
IDX__TXHDRFSWAIDCOPY = 2415277394
IDX__TXHDRFSWBINCOPY = 0
IDX__TXHDRFSWMAJOR = 2
IDX__TXHDRFSWMINOR = 0
IDX__TXHDRFSWPATCH = 0
IDX__TXHDRFSWHVSTAT = 3
IDX__TXHDRFSWMEM0 = 0
IDX__TXHDRFSWMEM1 = 0
IDX__TXHDRFSWPT0 = 0
IDX__TXHDRFSWPT1 = 0
IDX__TXHDRFSWPT2 = 0
IDX__TXHDRFSWPT3 = 0
IDX__TXHDRFSWPT4 = 0
IDX__TXHDRFSWPT5 = 0
IDX__TXHDRFSWPT6 = 0
IDX__TXHDRFSWPT7 = 0
IDX__TXHDRFSWPT8 = 0
IDX__TXHDRFSWPT9 = 0
IDX__TXHDRFPGAVER = 539165480
IDX__SYNCSCI0PKT = 13107
IDX__CRCSCI0PKT = 9669
^*****Event header 11******^
HS pre trig sampling blocks:  31
LS pre trig sampling blocks:  3
HS post trig sampling blocks:  31
LS post trig sampling blocks:  11
IDX__TXHDRHVPSHKCH01 = 131663463
Detector voltage =  1639
Sensor voltage =  2009
Target voltage =  1707
Reflectron voltage =  135
Rejection voltage =  2013
Current for HVPS sensor =  2333
Positive current for HVPS sensor =  2700
Negative current for HVPS sensor =  306
Voltage +3.3V reference =  2048
Voltage +3.3V operational reference =  2048
Voltage -6V bus =  2998
Voltage +6V bus =  2640
Voltage +16V bus =  3170
Voltage +3.3V bus =  2059
Voltage -5V bus =  3155
Voltage +5V bus =  3160
Current +3.3V bus =  1569
Current +16V bus =  970
Current +6V bus =  1284
Current -6V bus =  970
Current +5V bus =  1589
Current -5V bus =  2800
Current +2.5V bus =  481
Current -2.5V bus =  2887
Current on the 1V POL =  633
Current on the 1.9V POL =  1244
ProcBd Temperature 1 =  3391
ProcBd Temperature 2 =  3666
Voltage on 1V bus =  1246
FPGA Temperature =  3037
Voltage on 1.9V bus =  2339
Voltage on 3.3V bus =  2046
var_to_row = {'Last measurement in raw DN for Processor Board signal “1V POL Current”': 0, 'Last measurement in raw DN for Processor Board signal “1.9V POL Current”': 1, 'Last measurement in raw DN for Processor Board signal “ProcBd Temp1”': 2, nan: 48, 'Last measurement in raw DN for Processor Board signal “ProcBd Temp2”': 6, 'Last measurement in raw DN for Processor Board signal “1V Voltage”': 10, 'Last measurement in raw DN for Processor Board signal “FPGA Temp”': 11, 'Last measurement in raw DN for Processor Board signal “1.9V Voltage”': 12, 'Last measurement in raw DN for Processor Board signal “3.3V Voltage”': 13, 'Last measurement in raw DN for HVPS Board signal “Detector Voltage”': 14, 'Last measurement in raw DN for HVPS Board signal “Sensor Voltage"': 15, 'Last measurement in raw DN for HVPS Board signal “Target Voltage”': 16, 'Last measurement in raw DN for HVPS Board signal “Reflectron Voltage”': 17, 'Last measurement in raw DN for HVPS Board signal “Rejection Voltage”': 18, 'Last measurement in raw DN for HVPS Board signal “Detector Current”': 19, 'Last measurement in raw DN for HVPS Board signal “Sensor IP”': 20, 'Last measurement in raw DN for HVPS Board signal “Sensor IN”': 21, 'Last measurement in raw DN for LVPS Board signal “P3.3VREF_HK”': 22, 'Last measurement in raw DN for LVPS Board signal “P3.3VREF_OP”': 23, 'Last measurement in raw DN for LVPS Board signal “N6V”': 24, 'Last measurement in raw DN for LVPS Board signal “P6V”': 25, 'Last measurement in raw DN for LVPS Board signal “P16V”': 26, 'Last measurement in raw DN for LVPS Board signal “P3.3V”': 27, 'Last measurement in raw DN for LVPS Board signal “N5V”': 28, 'Last measurement in raw DN for LVPS Board signal “P5V”': 29, 'Last measurement in raw DN for LVPS Board signal “P3.3_IMON”': 30, 'Last measurement in raw DN for LVPS Board signal “P16V_IMON”': 31, 'Last measurement in raw DN for LVPS Board signal “P6V_IMON”': 32, 'Last measurement in raw DN for LVPS Board signal “N6V_IMON”': 33, 'Last measurement in raw DN for LVPS Board signal “P5V_IMON”': 34, 'Last measurement in raw DN for LVPS Board signal “N5V_IMON”': 35, 'Last measurement in raw DN for LVPS Board signal “P2.5V_IMON”': 36, 'Last measurement in raw DN for LVPS Board signal “N2.5V_IMON”': 37, 'Last measurement in raw DN for LVPS Board signal “THERM_DECON0”': 38, 'Last measurement in raw DN for LVPS Board signal “THERM_DECON1”': 39, 'Last measurement in raw DN for LVPS Board signal “THERM_DAB”': 40, 'Last measurement in raw DN for LVPS Board signal “THERM_LVPS”': 41, 'Last measurement in raw DN for LVPS Board signal “THERM_HVPS”': 45, 'Last measurement in raw DN for LVPS Board signal “P2.5V”': 49, 'Last measurement in raw DN for LVPS Board signal “N2.5V”': 50, 'Last measurement in raw DN for LVPS Board signal “Spare”': 51}

 
 ***** var_name being converted for each instrument setting ***** 
 

Matching row  18
coeffs for Last measurement in raw DN for Processor Board signal “1V POL Current”= [0.0 0.9029253 0.0 0.0 0.0 0.0 0.0 0.0]
var_name = Last measurement in raw DN for Processor Board signal “1V POL Current”
var_name = current_1V_pol
Header info = 633
Transformed value for current_1V_pol = 571.5517149
Matching row  18
coeffs for Last measurement in raw DN for Processor Board signal “1.9V POL Current”= [0.0 0.9029253 0.0 0.0 0.0 0.0 0.0 0.0]
var_name = Last measurement in raw DN for Processor Board signal “1.9V POL Current”
var_name = current_1.9V_pol
Header info = 1244
Transformed value for current_1.9V_pol = 1123.2390732000001
Matching row  18
coeffs for Last measurement in raw DN for Processor Board signal “ProcBd Temp1”= [162.8276 -0.2668687 0.0003323794 -2.43153e-07 9.034532e-11 -1.327735e-14
 0.0 0.0]
var_name = Last measurement in raw DN for Processor Board signal “ProcBd Temp1”
var_name = temperature_1
Header info = 3391
Transformed value for temperature_1 = -408.6811903905609
Matching row  18
coeffs for nan= [-104713.9 52.02446 -0.006463374 0.0 0.0 0.0 0.0 0.0]
var_name = nan
var_name = None
KeyError: (11, None) - Could not find entry for None, 48. Please check the Var_notes or variable mapping.
Matching row  18
coeffs for Last measurement in raw DN for Processor Board signal “ProcBd Temp2”= [162.8276 -0.2668687 0.0003323794 -2.43153e-07 9.034532e-11 -1.327735e-14
 0.0 0.0]
var_name = Last measurement in raw DN for Processor Board signal “ProcBd Temp2”
var_name = temperature_2
Header info = 3666
Transformed value for temperature_2 = -801.8818752684547
Matching row  18
coeffs for Last measurement in raw DN for Processor Board signal “1V Voltage”= [0.0 0.000805861 0.0 0.0 0.0 0.0 0.0 0.0]
var_name = Last measurement in raw DN for Processor Board signal “1V Voltage”
var_name = voltage_1V_bus
Header info = 1246
Transformed value for voltage_1V_bus = 1.004102806
Matching row  18
coeffs for Last measurement in raw DN for Processor Board signal “FPGA Temp”= [358.31 -0.1187104 0.0 0.0 0.0 0.0 0.0 0.0]
var_name = Last measurement in raw DN for Processor Board signal “FPGA Temp”
var_name = fpga_temperature
Header info = 3037
Transformed value for fpga_temperature = -2.2134848000000034
Matching row  18
coeffs for Last measurement in raw DN for Processor Board signal “1.9V Voltage”= [0.0 0.000805861 0.0 0.0 0.0 0.0 0.0 0.0]
var_name = Last measurement in raw DN for Processor Board signal “1.9V Voltage”
var_name = voltage_1.9V_bus
Header info = 2339
Transformed value for voltage_1.9V_bus = 1.884908879
Matching row  18
coeffs for Last measurement in raw DN for Processor Board signal “3.3V Voltage”= [0.0 0.001611722 0.0 0.0 0.0 0.0 0.0 0.0]
var_name = Last measurement in raw DN for Processor Board signal “3.3V Voltage”
var_name = voltage_3.3V_bus
Header info = 2046
Transformed value for voltage_3.3V_bus = 3.2975832119999997
Matching row  18
coeffs for Last measurement in raw DN for HVPS Board signal “Detector Voltage”= [0.0 1.4652 0.0 0.0 0.0 0.0 0.0 0.0]
var_name = Last measurement in raw DN for HVPS Board signal “Detector Voltage”
var_name = detector_voltage
Header info = 1639
Transformed value for detector_voltage = 2401.4628000000002
Matching row  18
coeffs for Last measurement in raw DN for HVPS Board signal “Sensor Voltage"= [0.0 1.4652 0.0 0.0 0.0 0.0 0.0 0.0]
var_name = Last measurement in raw DN for HVPS Board signal “Sensor Voltage"
var_name = sensor_voltage
Header info = 2009
Transformed value for sensor_voltage = 2943.5868
Matching row  18
coeffs for Last measurement in raw DN for HVPS Board signal “Target Voltage”= [0.0 1.4652 0.0 0.0 0.0 0.0 0.0 0.0]
var_name = Last measurement in raw DN for HVPS Board signal “Target Voltage”
var_name = target_voltage
Header info = 1707
Transformed value for target_voltage = 2501.0964
Matching row  18
coeffs for Last measurement in raw DN for HVPS Board signal “Reflectron Voltage”= [0.0 1.4652 0.0 0.0 0.0 0.0 0.0 0.0]
var_name = Last measurement in raw DN for HVPS Board signal “Reflectron Voltage”
var_name = reflectron_voltage
Header info = 135
Transformed value for reflectron_voltage = 197.80200000000002
Matching row  18
coeffs for Last measurement in raw DN for HVPS Board signal “Rejection Voltage”= [0.0 1.4652 0.0 0.0 0.0 0.0 0.0 0.0]
var_name = Last measurement in raw DN for HVPS Board signal “Rejection Voltage”
var_name = rejection_voltage
Header info = 2013
Transformed value for rejection_voltage = 2949.4476
Matching row  18
coeffs for Last measurement in raw DN for HVPS Board signal “Detector Current”= [0.0 7.326e-06 0.0 0.0 0.0 0.0 0.0 0.0]
var_name = Last measurement in raw DN for HVPS Board signal “Detector Current”
var_name = current_hvps_sensor
Header info = 2333
Transformed value for current_hvps_sensor = 0.017091558
Matching row  18
coeffs for Last measurement in raw DN for HVPS Board signal “Sensor IP”= [0.0 2.4339e-05 0.0 0.0 0.0 0.0 0.0 0.0]
var_name = Last measurement in raw DN for HVPS Board signal “Sensor IP”
var_name = positive_current_hvps
Header info = 2700
Transformed value for positive_current_hvps = 0.06571529999999999
Matching row  18
coeffs for Last measurement in raw DN for HVPS Board signal “Sensor IN”= [0.0 2.4339e-05 0.0 0.0 0.0 0.0 0.0 0.0]
var_name = Last measurement in raw DN for HVPS Board signal “Sensor IN”
var_name = negative_current_hvps
Header info = 306
Transformed value for negative_current_hvps = 0.007447733999999999
Matching row  18
coeffs for Last measurement in raw DN for LVPS Board signal “P3.3VREF_HK”= [0.0 0.00161172 0.0 0.0 0.0 0.0 0.0 0.0]
var_name = Last measurement in raw DN for LVPS Board signal “P3.3VREF_HK”
var_name = voltage_3V3_ref
Header info = 2048
Transformed value for voltage_3V3_ref = 3.30080256
Matching row  18
coeffs for Last measurement in raw DN for LVPS Board signal “P3.3VREF_OP”= [0.0 0.00161172 0.0 0.0 0.0 0.0 0.0 0.0]
var_name = Last measurement in raw DN for LVPS Board signal “P3.3VREF_OP”
var_name = voltage_3V3_op_ref
Header info = 2048
Transformed value for voltage_3V3_op_ref = 3.30080256
Matching row  18
coeffs for Last measurement in raw DN for LVPS Board signal “N6V”= [-33.0 0.00886447 0.0 0.0 0.0 0.0 0.0 0.0]
var_name = Last measurement in raw DN for LVPS Board signal “N6V”
var_name = voltage_neg6V_bus
Header info = 2998
Transformed value for voltage_neg6V_bus = -6.424318940000003
Matching row  18
coeffs for Last measurement in raw DN for LVPS Board signal “P6V”= [0.0 0.00241758 0.0 0.0 0.0 0.0 0.0 0.0]
var_name = Last measurement in raw DN for LVPS Board signal “P6V”
var_name = voltage_pos6V_bus
Header info = 2640
Transformed value for voltage_pos6V_bus = 6.3824112
Matching row  18
coeffs for Last measurement in raw DN for LVPS Board signal “P16V”= [0.0 0.00482711 0.0 0.0 0.0 0.0 0.0 0.0]
var_name = Last measurement in raw DN for LVPS Board signal “P16V”
var_name = voltage_pos16V_bus
Header info = 3170
Transformed value for voltage_pos16V_bus = 15.3019387
Matching row  18
coeffs for Last measurement in raw DN for LVPS Board signal “P3.3V”= [0.0 0.00161172 0.0 0.0 0.0 0.0 0.0 0.0]
var_name = Last measurement in raw DN for LVPS Board signal “P3.3V”
var_name = voltage_pos3V3_bus
Header info = 2059
Transformed value for voltage_pos3V3_bus = 3.3185314800000003
Matching row  18
coeffs for Last measurement in raw DN for LVPS Board signal “N5V”= [-33.0 0.00886447 0.0 0.0 0.0 0.0 0.0 0.0]
var_name = Last measurement in raw DN for LVPS Board signal “N5V”
var_name = voltage_neg5V_bus
Header info = 3155
Transformed value for voltage_neg5V_bus = -5.032597150000001
Matching row  18
coeffs for Last measurement in raw DN for LVPS Board signal “P5V”= [0.0 0.00161172 0.0 0.0 0.0 0.0 0.0 0.0]
var_name = Last measurement in raw DN for LVPS Board signal “P5V”
var_name = voltage_pos5V_bus
Header info = 3160
Transformed value for voltage_pos5V_bus = 5.0930352
Matching row  18
coeffs for Last measurement in raw DN for LVPS Board signal “P3.3_IMON”= [0.0 0.00161172 0.0 0.0 0.0 0.0 0.0 0.0]
var_name = Last measurement in raw DN for LVPS Board signal “P3.3_IMON”
var_name = current_3V3_bus
Header info = 1569
Transformed value for current_3V3_bus = 2.5287886800000003
Matching row  18
coeffs for Last measurement in raw DN for LVPS Board signal “P16V_IMON”= [0.0 0.000161172 0.0 0.0 0.0 0.0 0.0 0.0]
var_name = Last measurement in raw DN for LVPS Board signal “P16V_IMON”
var_name = current_16V_bus
Header info = 970
Transformed value for current_16V_bus = 0.15633684
Matching row  18
coeffs for Last measurement in raw DN for LVPS Board signal “P6V_IMON”= [0.0 8.05861e-05 0.0 0.0 0.0 0.0 0.0 0.0]
var_name = Last measurement in raw DN for LVPS Board signal “P6V_IMON”
var_name = current_6V_bus
Header info = 1284
Transformed value for current_6V_bus = 0.1034725524
Matching row  18
coeffs for Last measurement in raw DN for LVPS Board signal “N6V_IMON”= [0.0 -8.05861e-05 0.0 0.0 0.0 0.0 0.0 0.0]
var_name = Last measurement in raw DN for LVPS Board signal “N6V_IMON”
var_name = current_neg6V_bus
Header info = 970
Transformed value for current_neg6V_bus = -0.07816851699999999
Matching row  18
coeffs for Last measurement in raw DN for LVPS Board signal “P5V_IMON”= [0.0 4.029304e-05 0.0 0.0 0.0 0.0 0.0 0.0]
var_name = Last measurement in raw DN for LVPS Board signal “P5V_IMON”
var_name = current_5V_bus
Header info = 1589
Transformed value for current_5V_bus = 0.06402564056
Matching row  18
coeffs for Last measurement in raw DN for LVPS Board signal “N5V_IMON”= [0.0 -2.01465e-05 0.0 0.0 0.0 0.0 0.0 0.0]
var_name = Last measurement in raw DN for LVPS Board signal “N5V_IMON”
var_name = current_neg5V_bus
Header info = 2800
Transformed value for current_neg5V_bus = -0.0564102
Matching row  18
coeffs for Last measurement in raw DN for LVPS Board signal “P2.5V_IMON”= [0.0 0.00161172 0.0 0.0 0.0 0.0 0.0 0.0]
var_name = Last measurement in raw DN for LVPS Board signal “P2.5V_IMON”
var_name = current_2V5_bus
Header info = 481
Transformed value for current_2V5_bus = 0.77523732
Matching row  18
coeffs for Last measurement in raw DN for LVPS Board signal “N2.5V_IMON”= [0.0 -4.0293e-05 0.0 0.0 0.0 0.0 0.0 0.0]
var_name = Last measurement in raw DN for LVPS Board signal “N2.5V_IMON”
var_name = current_neg2V5_bus
Header info = 2887
Transformed value for current_neg2V5_bus = -0.116325891
Matching row  18
coeffs for Last measurement in raw DN for LVPS Board signal “THERM_DECON0”= [-110.293 0.0665351 0.000305738 -6.32048e-07 5.9934e-10 -2.98784e-13
 7.61361e-17 -7.76467e-21]
var_name = Last measurement in raw DN for LVPS Board signal “THERM_DECON0”
var_name = None
KeyError: (11, None) - Could not find entry for None, 38. Please check the Var_notes or variable mapping.
Matching row  18
coeffs for Last measurement in raw DN for LVPS Board signal “THERM_DECON1”= [-150.478 0.376986 -0.00062072 7.73853e-07 -5.81588e-10 2.56368e-13
 -6.05698e-17 5.96635e-21]
var_name = Last measurement in raw DN for LVPS Board signal “THERM_DECON1”
var_name = None
KeyError: (11, None) - Could not find entry for None, 39. Please check the Var_notes or variable mapping.
Matching row  18
coeffs for Last measurement in raw DN for LVPS Board signal “THERM_DAB”= [-443.248 1.31224 -0.00180422 1.40016e-06 -6.43766e-10 1.7448e-13
 -2.57695e-17 1.60239e-21]
var_name = Last measurement in raw DN for LVPS Board signal “THERM_DAB”
var_name = None
KeyError: (11, None) - Could not find entry for None, 40. Please check the Var_notes or variable mapping.
Matching row  18
coeffs for Last measurement in raw DN for LVPS Board signal “THERM_LVPS”= [200.4137 -0.2020699 0.000175403 -9.739547e-08 2.888932e-11 -3.545603e-15
 0.0 0.0]
var_name = Last measurement in raw DN for LVPS Board signal “THERM_LVPS”
var_name = None
KeyError: (11, None) - Could not find entry for None, 41. Please check the Var_notes or variable mapping.
Matching row  18
coeffs for Last measurement in raw DN for LVPS Board signal “THERM_HVPS”= [200.4137 -0.2020699 0.000175403 -9.739547e-08 2.888932e-11 -3.545603e-15
 0.0 0.0]
var_name = Last measurement in raw DN for LVPS Board signal “THERM_HVPS”
var_name = None
KeyError: (11, None) - Could not find entry for None, 45. Please check the Var_notes or variable mapping.
Matching row  18
coeffs for Last measurement in raw DN for LVPS Board signal “P2.5V”= [0.0 0.00161172 0.0 0.0 0.0 0.0 0.0 0.0]
var_name = Last measurement in raw DN for LVPS Board signal “P2.5V”
var_name = None
KeyError: (11, None) - Could not find entry for None, 49. Please check the Var_notes or variable mapping.
Matching row  18
coeffs for Last measurement in raw DN for LVPS Board signal “N2.5V”= [-33.0 0.00886447 0.0 0.0 0.0 0.0 0.0 0.0]
var_name = Last measurement in raw DN for LVPS Board signal “N2.5V”
var_name = None
KeyError: (11, None) - Could not find entry for None, 50. Please check the Var_notes or variable mapping.
Matching row  18
coeffs for Last measurement in raw DN for LVPS Board signal “Spare”= [0.0 0.00161172 0.0 0.0 0.0 0.0 0.0 0.0]
var_name = Last measurement in raw DN for LVPS Board signal “Spare”
var_name = spare_signal
KeyError: (11, 'spare_signal') - Could not find entry for spare_signal, 51. Please check the Var_notes or variable mapping.
High gain delay = 23 samples.
Mid gain delay = 23 samples.
Low gain delay = 53 samples.
High sampling trigger mode =  0 0 1
High gain trigger mode enabled.
For 2222981120, HG Trigger level = 0.15317, sample settings = 0, 0
Threshold trigger mode enabled for high gain channel.
AID = 2415277394
Event number = 12
Rice compression enabled = False
Timestamp = 439569022.20774 seconds since epoch (Midnight January 1st, 2010)
Trigger time = 2023-12-06 14:30:22.207740+00:00
11
11
11
11
11
11
11
11
11
11
11
11
11
{'SHCOARSE': ParsedDataItem(SHCOARSE, raw=439590307, derived=439590307, unit=dn), 'SHFINE': ParsedDataItem(SHFINE, raw=10957, derived=10957, unit=dn), 'IDX__SCI0AID': ParsedDataItem(IDX__SCI0AID, raw=2415277394, derived=2415277394, unit=None), 'IDX__SCI0TYPE': ParsedDataItem(IDX__SCI0TYPE, raw=1, derived=1, unit=None), 'IDX__SCI0CONT': ParsedDataItem(IDX__SCI0CONT, raw=127, derived=127, unit=None), 'IDX__SCI0SPARE1': ParsedDataItem(IDX__SCI0SPARE1, raw=0, derived=0, unit=None), 'IDX__SCI0PACK': ParsedDataItem(IDX__SCI0PACK, raw=1, derived=EN, unit=None), 'IDX__SCI0FRAG': ParsedDataItem(IDX__SCI0FRAG, raw=0, derived=DS, unit=None), 'IDX__SCI0COMP': ParsedDataItem(IDX__SCI0COMP, raw=0, derived=DS, unit=None), 'IDX__SCI0EVTNUM': ParsedDataItem(IDX__SCI0EVTNUM, raw=13, derived=13, unit=None), 'IDX__SCI0CAT': ParsedDataItem(IDX__SCI0CAT, raw=32, derived=32, unit=None), 'IDX__SCI0QUAL': ParsedDataItem(IDX__SCI0QUAL, raw=5, derived=5, unit=None), 'IDX__SCI0FRAGOFF': ParsedDataItem(IDX__SCI0FRAGOFF, raw=0, derived=0, unit=None), 'IDX__SCI0VER': ParsedDataItem(IDX__SCI0VER, raw=9, derived=9, unit=None), 'IDX__SCI0TIME32': ParsedDataItem(IDX__SCI0TIME32, raw=439589801, derived=439589801, unit=None), 'IDX__SCI0SPARE2': ParsedDataItem(IDX__SCI0SPARE2, raw=0, derived=0, unit=None), 'IDX__SCI0SPARE3': ParsedDataItem(IDX__SCI0SPARE3, raw=0, derived=0, unit=None), 'IDX__SCI0SPARE4': ParsedDataItem(IDX__SCI0SPARE4, raw=0, derived=0, unit=None), 'IDX__TXHDRSCIEVTLEN': ParsedDataItem(IDX__TXHDRSCIEVTLEN, raw=8320, derived=8320, unit=None), 'IDX__TXHDRSP00': ParsedDataItem(IDX__TXHDRSP00, raw=0, derived=0, unit=None), 'IDX__TXHDRTIMESEC1': ParsedDataItem(IDX__TXHDRTIMESEC1, raw=6707, derived=6707, unit=None), 'IDX__TXHDRTIMESEC2': ParsedDataItem(IDX__TXHDRTIMESEC2, raw=39849, derived=39849, unit=None), 'IDX__TXHDRTIMESUBS': ParsedDataItem(IDX__TXHDRTIMESUBS, raw=37338, derived=37338, unit=None), 'IDX__TXHDRSP01': ParsedDataItem(IDX__TXHDRSP01, raw=0, derived=0, unit=None), 'IDX__TXHDRTRIGOFFSET': ParsedDataItem(IDX__TXHDRTRIGOFFSET, raw=4, derived=4, unit=None), 'IDX__TXHDRSP02': ParsedDataItem(IDX__TXHDRSP02, raw=0, derived=0, unit=None), 'IDX__TXHDRTRIGID': ParsedDataItem(IDX__TXHDRTRIGID, raw=1, derived=1, unit=None), 'IDX__TXHDREVTNUM': ParsedDataItem(IDX__TXHDREVTNUM, raw=13, derived=13, unit=None), 'IDX__TXHDRBLOCKS': ParsedDataItem(IDX__TXHDRBLOCKS, raw=243679, derived=243679, unit=None), 'IDX__TXHDRHGTRIGCTRL1': ParsedDataItem(IDX__TXHDRHGTRIGCTRL1, raw=2222981120, derived=2222981120, unit=None), 'IDX__TXHDRHGTRIGCTRL2': ParsedDataItem(IDX__TXHDRHGTRIGCTRL2, raw=0, derived=0, unit=None), 'IDX__TXHDRLGTRIGCTRL1': ParsedDataItem(IDX__TXHDRLGTRIGCTRL1, raw=4294965248, derived=4294965248, unit=None), 'IDX__TXHDRLGTRIGCTRL2': ParsedDataItem(IDX__TXHDRLGTRIGCTRL2, raw=4278255360, derived=4278255360, unit=None), 'IDX__TXHDRMGTRIGCTRL1': ParsedDataItem(IDX__TXHDRMGTRIGCTRL1, raw=4294965248, derived=4294965248, unit=None), 'IDX__TXHDRMGTRIGCTRL2': ParsedDataItem(IDX__TXHDRMGTRIGCTRL2, raw=4278255360, derived=4278255360, unit=None), 'IDX__TXHDRSP03': ParsedDataItem(IDX__TXHDRSP03, raw=0, derived=0, unit=None), 'IDX__TXHDRLSADC': ParsedDataItem(IDX__TXHDRLSADC, raw=555521, derived=555521, unit=None), 'IDX__TXHDRPOLSTAT': ParsedDataItem(IDX__TXHDRPOLSTAT, raw=1, derived=NEG, unit=None), 'IDX__TXHDRSP04': ParsedDataItem(IDX__TXHDRSP04, raw=0, derived=0, unit=None), 'IDX__TXHDRPOLCTRL': ParsedDataItem(IDX__TXHDRPOLCTRL, raw=0, derived=POS, unit=None), 'IDX__TXHDRCOINENA': ParsedDataItem(IDX__TXHDRCOINENA, raw=0, derived=DIS, unit=None), 'IDX__TXHDRLSTRIGMODE': ParsedDataItem(IDX__TXHDRLSTRIGMODE, raw=0, derived=DIS, unit=None), 'IDX__TXHDRMGTRIGMODE': ParsedDataItem(IDX__TXHDRMGTRIGMODE, raw=0, derived=0, unit=None), 'IDX__TXHDRLGTRIGMODE': ParsedDataItem(IDX__TXHDRLGTRIGMODE, raw=0, derived=0, unit=None), 'IDX__TXHDRHGTRIGMODE': ParsedDataItem(IDX__TXHDRHGTRIGMODE, raw=1, derived=1, unit=None), 'IDX__TXHDRSP05': ParsedDataItem(IDX__TXHDRSP05, raw=0, derived=0, unit=None), 'IDX__TXHDRSP06': ParsedDataItem(IDX__TXHDRSP06, raw=0, derived=0, unit=None), 'IDX__TXHDRSP07': ParsedDataItem(IDX__TXHDRSP07, raw=2022, derived=2022, unit=None), 'IDX__TXHDRSP08': ParsedDataItem(IDX__TXHDRSP08, raw=0, derived=0, unit=None), 'IDX__TXHDRTOFMAX': ParsedDataItem(IDX__TXHDRTOFMAX, raw=541597211, derived=541597211, unit=None), 'IDX__TXHDRTOFMIN': ParsedDataItem(IDX__TXHDRTOFMIN, raw=535295476, derived=535295476, unit=None), 'IDX__TXHDRLS0MAXMIN': ParsedDataItem(IDX__TXHDRLS0MAXMIN, raw=8464397, derived=8464397, unit=None), 'IDX__TXHDRLS1MAXMIN': ParsedDataItem(IDX__TXHDRLS1MAXMIN, raw=8484834, derived=8484834, unit=None), 'IDX__TXHDRLS2MAXMIN': ParsedDataItem(IDX__TXHDRLS2MAXMIN, raw=8308709, derived=8308709, unit=None), 'IDX__TXHDRFIFODELAY': ParsedDataItem(IDX__TXHDRFIFODELAY, raw=17, derived=17, unit=None), 'IDX__TXHDRSAMPDELAY': ParsedDataItem(IDX__TXHDRSAMPDELAY, raw=32537664, derived=32537664, unit=None), 'IDX__TXHDRTRANSCNT': ParsedDataItem(IDX__TXHDRTRANSCNT, raw=2, derived=2, unit=None), 'IDX__TXHDRPROCHKCH01': ParsedDataItem(IDX__TXHDRPROCHKCH01, raw=81527416, derived=81527416, unit=None), 'IDX__TXHDRPROCHKCH23': ParsedDataItem(IDX__TXHDRPROCHKCH23, raw=240258366, derived=240258366, unit=None), 'IDX__TXHDRPROCHKCH45': ParsedDataItem(IDX__TXHDRPROCHKCH45, raw=199034078, derived=199034078, unit=None), 'IDX__TXHDRPROCHKCH67': ParsedDataItem(IDX__TXHDRPROCHKCH67, raw=134088995, derived=134088995, unit=None), 'IDX__TXHDRHVPSHKCH01': ParsedDataItem(IDX__TXHDRHVPSHKCH01, raw=131663463, derived=131663463, unit=None), 'IDX__TXHDRHVPSHKCH23': ParsedDataItem(IDX__TXHDRHVPSHKCH23, raw=8849067, derived=8849067, unit=None), 'IDX__TXHDRHVPSHKCH45': ParsedDataItem(IDX__TXHDRHVPSHKCH45, raw=152897500, derived=152897500, unit=None), 'IDX__TXHDRHVPSHKCH67': ParsedDataItem(IDX__TXHDRHVPSHKCH67, raw=20056717, derived=20056717, unit=None), 'IDX__TXHDRLVHK0CH01': ParsedDataItem(IDX__TXHDRLVHK0CH01, raw=134219776, derived=134219776, unit=None), 'IDX__TXHDRLVHK0CH23': ParsedDataItem(IDX__TXHDRLVHK0CH23, raw=173018038, derived=173018038, unit=None), 'IDX__TXHDRLVHK0CH45': ParsedDataItem(IDX__TXHDRLVHK0CH45, raw=134941794, derived=134941794, unit=None), 'IDX__TXHDRLVHK0CH67': ParsedDataItem(IDX__TXHDRLVHK0CH67, raw=207096915, derived=207096915, unit=None), 'IDX__TXHDRLVHK1CH01': ParsedDataItem(IDX__TXHDRLVHK1CH01, raw=32114208, derived=32114208, unit=None), 'IDX__TXHDRLVHK1CH23': ParsedDataItem(IDX__TXHDRLVHK1CH23, raw=63571204, derived=63571204, unit=None), 'IDX__TXHDRLVHK1CH45': ParsedDataItem(IDX__TXHDRLVHK1CH45, raw=183502389, derived=183502389, unit=None), 'IDX__TXHDRLVHK1CH67': ParsedDataItem(IDX__TXHDRLVHK1CH67, raw=189202913, derived=189202913, unit=None), 'IDX__TXHDRLVHK2CH01': ParsedDataItem(IDX__TXHDRLVHK2CH01, raw=42730130, derived=42730130, unit=None), 'IDX__TXHDRLVHK2CH23': ParsedDataItem(IDX__TXHDRLVHK2CH23, raw=260047824, derived=260047824, unit=None), 'IDX__TXHDRLVHK2CH45': ParsedDataItem(IDX__TXHDRLVHK2CH45, raw=101257134, derived=101257134, unit=None), 'IDX__TXHDRLVHK2CH67': ParsedDataItem(IDX__TXHDRLVHK2CH67, raw=69022, derived=69022, unit=None), 'IDX__TXHDRSP09': ParsedDataItem(IDX__TXHDRSP09, raw=0, derived=0, unit=None), 'IDX__TXHDRSP10': ParsedDataItem(IDX__TXHDRSP10, raw=0, derived=0, unit=None), 'IDX__TXHDRFSWAIDCOPY': ParsedDataItem(IDX__TXHDRFSWAIDCOPY, raw=2415277394, derived=2415277394, unit=None), 'IDX__TXHDRFSWBINCOPY': ParsedDataItem(IDX__TXHDRFSWBINCOPY, raw=0, derived=0, unit=None), 'IDX__TXHDRFSWMAJOR': ParsedDataItem(IDX__TXHDRFSWMAJOR, raw=2, derived=2, unit=None), 'IDX__TXHDRFSWMINOR': ParsedDataItem(IDX__TXHDRFSWMINOR, raw=0, derived=0, unit=None), 'IDX__TXHDRFSWPATCH': ParsedDataItem(IDX__TXHDRFSWPATCH, raw=0, derived=0, unit=None), 'IDX__TXHDRFSWHVSTAT': ParsedDataItem(IDX__TXHDRFSWHVSTAT, raw=3, derived=3, unit=None), 'IDX__TXHDRFSWMEM0': ParsedDataItem(IDX__TXHDRFSWMEM0, raw=0, derived=0, unit=None), 'IDX__TXHDRFSWMEM1': ParsedDataItem(IDX__TXHDRFSWMEM1, raw=0, derived=0, unit=None), 'IDX__TXHDRFSWPT0': ParsedDataItem(IDX__TXHDRFSWPT0, raw=0, derived=0, unit=None), 'IDX__TXHDRFSWPT1': ParsedDataItem(IDX__TXHDRFSWPT1, raw=0, derived=0, unit=None), 'IDX__TXHDRFSWPT2': ParsedDataItem(IDX__TXHDRFSWPT2, raw=0, derived=0, unit=None), 'IDX__TXHDRFSWPT3': ParsedDataItem(IDX__TXHDRFSWPT3, raw=0, derived=0, unit=None), 'IDX__TXHDRFSWPT4': ParsedDataItem(IDX__TXHDRFSWPT4, raw=0, derived=0, unit=None), 'IDX__TXHDRFSWPT5': ParsedDataItem(IDX__TXHDRFSWPT5, raw=0, derived=0, unit=None), 'IDX__TXHDRFSWPT6': ParsedDataItem(IDX__TXHDRFSWPT6, raw=0, derived=0, unit=None), 'IDX__TXHDRFSWPT7': ParsedDataItem(IDX__TXHDRFSWPT7, raw=0, derived=0, unit=None), 'IDX__TXHDRFSWPT8': ParsedDataItem(IDX__TXHDRFSWPT8, raw=0, derived=0, unit=None), 'IDX__TXHDRFSWPT9': ParsedDataItem(IDX__TXHDRFSWPT9, raw=0, derived=0, unit=None), 'IDX__TXHDRFPGAVER': ParsedDataItem(IDX__TXHDRFPGAVER, raw=539165480, derived=539165480, unit=None), 'IDX__SYNCSCI0PKT': ParsedDataItem(IDX__SYNCSCI0PKT, raw=13107, derived=13107, unit=None), 'IDX__CRCSCI0PKT': ParsedDataItem(IDX__CRCSCI0PKT, raw=42120, derived=42120, unit=None)}
SHCOARSE = 439590307
SHFINE = 10957
IDX__SCI0AID = 2415277394
IDX__SCI0TYPE = 1
IDX__SCI0CONT = 127
IDX__SCI0SPARE1 = 0
IDX__SCI0PACK = EN
IDX__SCI0FRAG = DS
IDX__SCI0COMP = DS
IDX__SCI0EVTNUM = 13
IDX__SCI0CAT = 32
IDX__SCI0QUAL = 5
IDX__SCI0FRAGOFF = 0
IDX__SCI0VER = 9
IDX__SCI0TIME32 = 439589801
IDX__SCI0SPARE2 = 0
IDX__SCI0SPARE3 = 0
IDX__SCI0SPARE4 = 0
IDX__TXHDRSCIEVTLEN = 8320
IDX__TXHDRSP00 = 0
IDX__TXHDRTIMESEC1 = 6707
IDX__TXHDRTIMESEC2 = 39849
IDX__TXHDRTIMESUBS = 37338
IDX__TXHDRSP01 = 0
IDX__TXHDRTRIGOFFSET = 4
IDX__TXHDRSP02 = 0
IDX__TXHDRTRIGID = 1
IDX__TXHDREVTNUM = 13
IDX__TXHDRBLOCKS = 243679
IDX__TXHDRHGTRIGCTRL1 = 2222981120
IDX__TXHDRHGTRIGCTRL2 = 0
IDX__TXHDRLGTRIGCTRL1 = 4294965248
IDX__TXHDRLGTRIGCTRL2 = 4278255360
IDX__TXHDRMGTRIGCTRL1 = 4294965248
IDX__TXHDRMGTRIGCTRL2 = 4278255360
IDX__TXHDRSP03 = 0
IDX__TXHDRLSADC = 555521
IDX__TXHDRPOLSTAT = NEG
IDX__TXHDRSP04 = 0
IDX__TXHDRPOLCTRL = POS
IDX__TXHDRCOINENA = DIS
IDX__TXHDRLSTRIGMODE = DIS
IDX__TXHDRMGTRIGMODE = 0
IDX__TXHDRLGTRIGMODE = 0
IDX__TXHDRHGTRIGMODE = 1
IDX__TXHDRSP05 = 0
IDX__TXHDRSP06 = 0
IDX__TXHDRSP07 = 2022
IDX__TXHDRSP08 = 0
IDX__TXHDRTOFMAX = 541597211
IDX__TXHDRTOFMIN = 535295476
IDX__TXHDRLS0MAXMIN = 8464397
IDX__TXHDRLS1MAXMIN = 8484834
IDX__TXHDRLS2MAXMIN = 8308709
IDX__TXHDRFIFODELAY = 17
IDX__TXHDRSAMPDELAY = 32537664
IDX__TXHDRTRANSCNT = 2
IDX__TXHDRPROCHKCH01 = 81527416
IDX__TXHDRPROCHKCH23 = 240258366
IDX__TXHDRPROCHKCH45 = 199034078
IDX__TXHDRPROCHKCH67 = 134088995
IDX__TXHDRHVPSHKCH01 = 131663463
IDX__TXHDRHVPSHKCH23 = 8849067
IDX__TXHDRHVPSHKCH45 = 152897500
IDX__TXHDRHVPSHKCH67 = 20056717
IDX__TXHDRLVHK0CH01 = 134219776
IDX__TXHDRLVHK0CH23 = 173018038
IDX__TXHDRLVHK0CH45 = 134941794
IDX__TXHDRLVHK0CH67 = 207096915
IDX__TXHDRLVHK1CH01 = 32114208
IDX__TXHDRLVHK1CH23 = 63571204
IDX__TXHDRLVHK1CH45 = 183502389
IDX__TXHDRLVHK1CH67 = 189202913
IDX__TXHDRLVHK2CH01 = 42730130
IDX__TXHDRLVHK2CH23 = 260047824
IDX__TXHDRLVHK2CH45 = 101257134
IDX__TXHDRLVHK2CH67 = 69022
IDX__TXHDRSP09 = 0
IDX__TXHDRSP10 = 0
IDX__TXHDRFSWAIDCOPY = 2415277394
IDX__TXHDRFSWBINCOPY = 0
IDX__TXHDRFSWMAJOR = 2
IDX__TXHDRFSWMINOR = 0
IDX__TXHDRFSWPATCH = 0
IDX__TXHDRFSWHVSTAT = 3
IDX__TXHDRFSWMEM0 = 0
IDX__TXHDRFSWMEM1 = 0
IDX__TXHDRFSWPT0 = 0
IDX__TXHDRFSWPT1 = 0
IDX__TXHDRFSWPT2 = 0
IDX__TXHDRFSWPT3 = 0
IDX__TXHDRFSWPT4 = 0
IDX__TXHDRFSWPT5 = 0
IDX__TXHDRFSWPT6 = 0
IDX__TXHDRFSWPT7 = 0
IDX__TXHDRFSWPT8 = 0
IDX__TXHDRFSWPT9 = 0
IDX__TXHDRFPGAVER = 539165480
IDX__SYNCSCI0PKT = 13107
IDX__CRCSCI0PKT = 42120
^*****Event header 12******^
HS pre trig sampling blocks:  31
LS pre trig sampling blocks:  3
HS post trig sampling blocks:  31
LS post trig sampling blocks:  11
IDX__TXHDRHVPSHKCH01 = 131663463
Detector voltage =  1639
Sensor voltage =  2009
Target voltage =  1707
Reflectron voltage =  135
Rejection voltage =  2012
Current for HVPS sensor =  2333
Positive current for HVPS sensor =  2701
Negative current for HVPS sensor =  306
Voltage +3.3V reference =  2048
Voltage +3.3V operational reference =  2048
Voltage -6V bus =  2998
Voltage +6V bus =  2640
Voltage +16V bus =  3170
Voltage +3.3V bus =  2059
Voltage -5V bus =  3155
Voltage +5V bus =  3160
Current +3.3V bus =  1568
Current +16V bus =  970
Current +6V bus =  1284
Current -6V bus =  970
Current +5V bus =  1589
Current -5V bus =  2800
Current +2.5V bus =  481
Current -2.5V bus =  2887
Current on the 1V POL =  632
Current on the 1.9V POL =  1244
ProcBd Temperature 1 =  3390
ProcBd Temperature 2 =  3666
Voltage on 1V bus =  1246
FPGA Temperature =  3037
Voltage on 1.9V bus =  2339
Voltage on 3.3V bus =  2046
var_to_row = {'Last measurement in raw DN for Processor Board signal “1V POL Current”': 0, 'Last measurement in raw DN for Processor Board signal “1.9V POL Current”': 1, 'Last measurement in raw DN for Processor Board signal “ProcBd Temp1”': 2, nan: 48, 'Last measurement in raw DN for Processor Board signal “ProcBd Temp2”': 6, 'Last measurement in raw DN for Processor Board signal “1V Voltage”': 10, 'Last measurement in raw DN for Processor Board signal “FPGA Temp”': 11, 'Last measurement in raw DN for Processor Board signal “1.9V Voltage”': 12, 'Last measurement in raw DN for Processor Board signal “3.3V Voltage”': 13, 'Last measurement in raw DN for HVPS Board signal “Detector Voltage”': 14, 'Last measurement in raw DN for HVPS Board signal “Sensor Voltage"': 15, 'Last measurement in raw DN for HVPS Board signal “Target Voltage”': 16, 'Last measurement in raw DN for HVPS Board signal “Reflectron Voltage”': 17, 'Last measurement in raw DN for HVPS Board signal “Rejection Voltage”': 18, 'Last measurement in raw DN for HVPS Board signal “Detector Current”': 19, 'Last measurement in raw DN for HVPS Board signal “Sensor IP”': 20, 'Last measurement in raw DN for HVPS Board signal “Sensor IN”': 21, 'Last measurement in raw DN for LVPS Board signal “P3.3VREF_HK”': 22, 'Last measurement in raw DN for LVPS Board signal “P3.3VREF_OP”': 23, 'Last measurement in raw DN for LVPS Board signal “N6V”': 24, 'Last measurement in raw DN for LVPS Board signal “P6V”': 25, 'Last measurement in raw DN for LVPS Board signal “P16V”': 26, 'Last measurement in raw DN for LVPS Board signal “P3.3V”': 27, 'Last measurement in raw DN for LVPS Board signal “N5V”': 28, 'Last measurement in raw DN for LVPS Board signal “P5V”': 29, 'Last measurement in raw DN for LVPS Board signal “P3.3_IMON”': 30, 'Last measurement in raw DN for LVPS Board signal “P16V_IMON”': 31, 'Last measurement in raw DN for LVPS Board signal “P6V_IMON”': 32, 'Last measurement in raw DN for LVPS Board signal “N6V_IMON”': 33, 'Last measurement in raw DN for LVPS Board signal “P5V_IMON”': 34, 'Last measurement in raw DN for LVPS Board signal “N5V_IMON”': 35, 'Last measurement in raw DN for LVPS Board signal “P2.5V_IMON”': 36, 'Last measurement in raw DN for LVPS Board signal “N2.5V_IMON”': 37, 'Last measurement in raw DN for LVPS Board signal “THERM_DECON0”': 38, 'Last measurement in raw DN for LVPS Board signal “THERM_DECON1”': 39, 'Last measurement in raw DN for LVPS Board signal “THERM_DAB”': 40, 'Last measurement in raw DN for LVPS Board signal “THERM_LVPS”': 41, 'Last measurement in raw DN for LVPS Board signal “THERM_HVPS”': 45, 'Last measurement in raw DN for LVPS Board signal “P2.5V”': 49, 'Last measurement in raw DN for LVPS Board signal “N2.5V”': 50, 'Last measurement in raw DN for LVPS Board signal “Spare”': 51}

 
 ***** var_name being converted for each instrument setting ***** 
 

Matching row  18
coeffs for Last measurement in raw DN for Processor Board signal “1V POL Current”= [0.0 0.9029253 0.0 0.0 0.0 0.0 0.0 0.0]
var_name = Last measurement in raw DN for Processor Board signal “1V POL Current”
var_name = current_1V_pol
Header info = 632
Transformed value for current_1V_pol = 570.6487896
Matching row  18
coeffs for Last measurement in raw DN for Processor Board signal “1.9V POL Current”= [0.0 0.9029253 0.0 0.0 0.0 0.0 0.0 0.0]
var_name = Last measurement in raw DN for Processor Board signal “1.9V POL Current”
var_name = current_1.9V_pol
Header info = 1244
Transformed value for current_1.9V_pol = 1123.2390732000001
Matching row  18
coeffs for Last measurement in raw DN for Processor Board signal “ProcBd Temp1”= [162.8276 -0.2668687 0.0003323794 -2.43153e-07 9.034532e-11 -1.327735e-14
 0.0 0.0]
var_name = Last measurement in raw DN for Processor Board signal “ProcBd Temp1”
var_name = temperature_1
Header info = 3390
Transformed value for temperature_1 = -407.5949358341395
Matching row  18
coeffs for nan= [-104713.9 52.02446 -0.006463374 0.0 0.0 0.0 0.0 0.0]
var_name = nan
var_name = None
KeyError: (12, None) - Could not find entry for None, 48. Please check the Var_notes or variable mapping.
Matching row  18
coeffs for Last measurement in raw DN for Processor Board signal “ProcBd Temp2”= [162.8276 -0.2668687 0.0003323794 -2.43153e-07 9.034532e-11 -1.327735e-14
 0.0 0.0]
var_name = Last measurement in raw DN for Processor Board signal “ProcBd Temp2”
var_name = temperature_2
Header info = 3666
Transformed value for temperature_2 = -801.8818752684547
Matching row  18
coeffs for Last measurement in raw DN for Processor Board signal “1V Voltage”= [0.0 0.000805861 0.0 0.0 0.0 0.0 0.0 0.0]
var_name = Last measurement in raw DN for Processor Board signal “1V Voltage”
var_name = voltage_1V_bus
Header info = 1246
Transformed value for voltage_1V_bus = 1.004102806
Matching row  18
coeffs for Last measurement in raw DN for Processor Board signal “FPGA Temp”= [358.31 -0.1187104 0.0 0.0 0.0 0.0 0.0 0.0]
var_name = Last measurement in raw DN for Processor Board signal “FPGA Temp”
var_name = fpga_temperature
Header info = 3037
Transformed value for fpga_temperature = -2.2134848000000034
Matching row  18
coeffs for Last measurement in raw DN for Processor Board signal “1.9V Voltage”= [0.0 0.000805861 0.0 0.0 0.0 0.0 0.0 0.0]
var_name = Last measurement in raw DN for Processor Board signal “1.9V Voltage”
var_name = voltage_1.9V_bus
Header info = 2339
Transformed value for voltage_1.9V_bus = 1.884908879
Matching row  18
coeffs for Last measurement in raw DN for Processor Board signal “3.3V Voltage”= [0.0 0.001611722 0.0 0.0 0.0 0.0 0.0 0.0]
var_name = Last measurement in raw DN for Processor Board signal “3.3V Voltage”
var_name = voltage_3.3V_bus
Header info = 2046
Transformed value for voltage_3.3V_bus = 3.2975832119999997
Matching row  18
coeffs for Last measurement in raw DN for HVPS Board signal “Detector Voltage”= [0.0 1.4652 0.0 0.0 0.0 0.0 0.0 0.0]
var_name = Last measurement in raw DN for HVPS Board signal “Detector Voltage”
var_name = detector_voltage
Header info = 1639
Transformed value for detector_voltage = 2401.4628000000002
Matching row  18
coeffs for Last measurement in raw DN for HVPS Board signal “Sensor Voltage"= [0.0 1.4652 0.0 0.0 0.0 0.0 0.0 0.0]
var_name = Last measurement in raw DN for HVPS Board signal “Sensor Voltage"
var_name = sensor_voltage
Header info = 2009
Transformed value for sensor_voltage = 2943.5868
Matching row  18
coeffs for Last measurement in raw DN for HVPS Board signal “Target Voltage”= [0.0 1.4652 0.0 0.0 0.0 0.0 0.0 0.0]
var_name = Last measurement in raw DN for HVPS Board signal “Target Voltage”
var_name = target_voltage
Header info = 1707
Transformed value for target_voltage = 2501.0964
Matching row  18
coeffs for Last measurement in raw DN for HVPS Board signal “Reflectron Voltage”= [0.0 1.4652 0.0 0.0 0.0 0.0 0.0 0.0]
var_name = Last measurement in raw DN for HVPS Board signal “Reflectron Voltage”
var_name = reflectron_voltage
Header info = 135
Transformed value for reflectron_voltage = 197.80200000000002
Matching row  18
coeffs for Last measurement in raw DN for HVPS Board signal “Rejection Voltage”= [0.0 1.4652 0.0 0.0 0.0 0.0 0.0 0.0]
var_name = Last measurement in raw DN for HVPS Board signal “Rejection Voltage”
var_name = rejection_voltage
Header info = 2012
Transformed value for rejection_voltage = 2947.9824000000003
Matching row  18
coeffs for Last measurement in raw DN for HVPS Board signal “Detector Current”= [0.0 7.326e-06 0.0 0.0 0.0 0.0 0.0 0.0]
var_name = Last measurement in raw DN for HVPS Board signal “Detector Current”
var_name = current_hvps_sensor
Header info = 2333
Transformed value for current_hvps_sensor = 0.017091558
Matching row  18
coeffs for Last measurement in raw DN for HVPS Board signal “Sensor IP”= [0.0 2.4339e-05 0.0 0.0 0.0 0.0 0.0 0.0]
var_name = Last measurement in raw DN for HVPS Board signal “Sensor IP”
var_name = positive_current_hvps
Header info = 2701
Transformed value for positive_current_hvps = 0.065739639
Matching row  18
coeffs for Last measurement in raw DN for HVPS Board signal “Sensor IN”= [0.0 2.4339e-05 0.0 0.0 0.0 0.0 0.0 0.0]
var_name = Last measurement in raw DN for HVPS Board signal “Sensor IN”
var_name = negative_current_hvps
Header info = 306
Transformed value for negative_current_hvps = 0.007447733999999999
Matching row  18
coeffs for Last measurement in raw DN for LVPS Board signal “P3.3VREF_HK”= [0.0 0.00161172 0.0 0.0 0.0 0.0 0.0 0.0]
var_name = Last measurement in raw DN for LVPS Board signal “P3.3VREF_HK”
var_name = voltage_3V3_ref
Header info = 2048
Transformed value for voltage_3V3_ref = 3.30080256
Matching row  18
coeffs for Last measurement in raw DN for LVPS Board signal “P3.3VREF_OP”= [0.0 0.00161172 0.0 0.0 0.0 0.0 0.0 0.0]
var_name = Last measurement in raw DN for LVPS Board signal “P3.3VREF_OP”
var_name = voltage_3V3_op_ref
Header info = 2048
Transformed value for voltage_3V3_op_ref = 3.30080256
Matching row  18
coeffs for Last measurement in raw DN for LVPS Board signal “N6V”= [-33.0 0.00886447 0.0 0.0 0.0 0.0 0.0 0.0]
var_name = Last measurement in raw DN for LVPS Board signal “N6V”
var_name = voltage_neg6V_bus
Header info = 2998
Transformed value for voltage_neg6V_bus = -6.424318940000003
Matching row  18
coeffs for Last measurement in raw DN for LVPS Board signal “P6V”= [0.0 0.00241758 0.0 0.0 0.0 0.0 0.0 0.0]
var_name = Last measurement in raw DN for LVPS Board signal “P6V”
var_name = voltage_pos6V_bus
Header info = 2640
Transformed value for voltage_pos6V_bus = 6.3824112
Matching row  18
coeffs for Last measurement in raw DN for LVPS Board signal “P16V”= [0.0 0.00482711 0.0 0.0 0.0 0.0 0.0 0.0]
var_name = Last measurement in raw DN for LVPS Board signal “P16V”
var_name = voltage_pos16V_bus
Header info = 3170
Transformed value for voltage_pos16V_bus = 15.3019387
Matching row  18
coeffs for Last measurement in raw DN for LVPS Board signal “P3.3V”= [0.0 0.00161172 0.0 0.0 0.0 0.0 0.0 0.0]
var_name = Last measurement in raw DN for LVPS Board signal “P3.3V”
var_name = voltage_pos3V3_bus
Header info = 2059
Transformed value for voltage_pos3V3_bus = 3.3185314800000003
Matching row  18
coeffs for Last measurement in raw DN for LVPS Board signal “N5V”= [-33.0 0.00886447 0.0 0.0 0.0 0.0 0.0 0.0]
var_name = Last measurement in raw DN for LVPS Board signal “N5V”
var_name = voltage_neg5V_bus
Header info = 3155
Transformed value for voltage_neg5V_bus = -5.032597150000001
Matching row  18
coeffs for Last measurement in raw DN for LVPS Board signal “P5V”= [0.0 0.00161172 0.0 0.0 0.0 0.0 0.0 0.0]
var_name = Last measurement in raw DN for LVPS Board signal “P5V”
var_name = voltage_pos5V_bus
Header info = 3160
Transformed value for voltage_pos5V_bus = 5.0930352
Matching row  18
coeffs for Last measurement in raw DN for LVPS Board signal “P3.3_IMON”= [0.0 0.00161172 0.0 0.0 0.0 0.0 0.0 0.0]
var_name = Last measurement in raw DN for LVPS Board signal “P3.3_IMON”
var_name = current_3V3_bus
Header info = 1568
Transformed value for current_3V3_bus = 2.5271769600000002
Matching row  18
coeffs for Last measurement in raw DN for LVPS Board signal “P16V_IMON”= [0.0 0.000161172 0.0 0.0 0.0 0.0 0.0 0.0]
var_name = Last measurement in raw DN for LVPS Board signal “P16V_IMON”
var_name = current_16V_bus
Header info = 970
Transformed value for current_16V_bus = 0.15633684
Matching row  18
coeffs for Last measurement in raw DN for LVPS Board signal “P6V_IMON”= [0.0 8.05861e-05 0.0 0.0 0.0 0.0 0.0 0.0]
var_name = Last measurement in raw DN for LVPS Board signal “P6V_IMON”
var_name = current_6V_bus
Header info = 1284
Transformed value for current_6V_bus = 0.1034725524
Matching row  18
coeffs for Last measurement in raw DN for LVPS Board signal “N6V_IMON”= [0.0 -8.05861e-05 0.0 0.0 0.0 0.0 0.0 0.0]
var_name = Last measurement in raw DN for LVPS Board signal “N6V_IMON”
var_name = current_neg6V_bus
Header info = 970
Transformed value for current_neg6V_bus = -0.07816851699999999
Matching row  18
coeffs for Last measurement in raw DN for LVPS Board signal “P5V_IMON”= [0.0 4.029304e-05 0.0 0.0 0.0 0.0 0.0 0.0]
var_name = Last measurement in raw DN for LVPS Board signal “P5V_IMON”
var_name = current_5V_bus
Header info = 1589
Transformed value for current_5V_bus = 0.06402564056
Matching row  18
coeffs for Last measurement in raw DN for LVPS Board signal “N5V_IMON”= [0.0 -2.01465e-05 0.0 0.0 0.0 0.0 0.0 0.0]
var_name = Last measurement in raw DN for LVPS Board signal “N5V_IMON”
var_name = current_neg5V_bus
Header info = 2800
Transformed value for current_neg5V_bus = -0.0564102
Matching row  18
coeffs for Last measurement in raw DN for LVPS Board signal “P2.5V_IMON”= [0.0 0.00161172 0.0 0.0 0.0 0.0 0.0 0.0]
var_name = Last measurement in raw DN for LVPS Board signal “P2.5V_IMON”
var_name = current_2V5_bus
Header info = 481
Transformed value for current_2V5_bus = 0.77523732
Matching row  18
coeffs for Last measurement in raw DN for LVPS Board signal “N2.5V_IMON”= [0.0 -4.0293e-05 0.0 0.0 0.0 0.0 0.0 0.0]
var_name = Last measurement in raw DN for LVPS Board signal “N2.5V_IMON”
var_name = current_neg2V5_bus
Header info = 2887
Transformed value for current_neg2V5_bus = -0.116325891
Matching row  18
coeffs for Last measurement in raw DN for LVPS Board signal “THERM_DECON0”= [-110.293 0.0665351 0.000305738 -6.32048e-07 5.9934e-10 -2.98784e-13
 7.61361e-17 -7.76467e-21]
var_name = Last measurement in raw DN for LVPS Board signal “THERM_DECON0”
var_name = None
KeyError: (12, None) - Could not find entry for None, 38. Please check the Var_notes or variable mapping.
Matching row  18
coeffs for Last measurement in raw DN for LVPS Board signal “THERM_DECON1”= [-150.478 0.376986 -0.00062072 7.73853e-07 -5.81588e-10 2.56368e-13
 -6.05698e-17 5.96635e-21]
var_name = Last measurement in raw DN for LVPS Board signal “THERM_DECON1”
var_name = None
KeyError: (12, None) - Could not find entry for None, 39. Please check the Var_notes or variable mapping.
Matching row  18
coeffs for Last measurement in raw DN for LVPS Board signal “THERM_DAB”= [-443.248 1.31224 -0.00180422 1.40016e-06 -6.43766e-10 1.7448e-13
 -2.57695e-17 1.60239e-21]
var_name = Last measurement in raw DN for LVPS Board signal “THERM_DAB”
var_name = None
KeyError: (12, None) - Could not find entry for None, 40. Please check the Var_notes or variable mapping.
Matching row  18
coeffs for Last measurement in raw DN for LVPS Board signal “THERM_LVPS”= [200.4137 -0.2020699 0.000175403 -9.739547e-08 2.888932e-11 -3.545603e-15
 0.0 0.0]
var_name = Last measurement in raw DN for LVPS Board signal “THERM_LVPS”
var_name = None
KeyError: (12, None) - Could not find entry for None, 41. Please check the Var_notes or variable mapping.
Matching row  18
coeffs for Last measurement in raw DN for LVPS Board signal “THERM_HVPS”= [200.4137 -0.2020699 0.000175403 -9.739547e-08 2.888932e-11 -3.545603e-15
 0.0 0.0]
var_name = Last measurement in raw DN for LVPS Board signal “THERM_HVPS”
var_name = None
KeyError: (12, None) - Could not find entry for None, 45. Please check the Var_notes or variable mapping.
Matching row  18
coeffs for Last measurement in raw DN for LVPS Board signal “P2.5V”= [0.0 0.00161172 0.0 0.0 0.0 0.0 0.0 0.0]
var_name = Last measurement in raw DN for LVPS Board signal “P2.5V”
var_name = None
KeyError: (12, None) - Could not find entry for None, 49. Please check the Var_notes or variable mapping.
Matching row  18
coeffs for Last measurement in raw DN for LVPS Board signal “N2.5V”= [-33.0 0.00886447 0.0 0.0 0.0 0.0 0.0 0.0]
var_name = Last measurement in raw DN for LVPS Board signal “N2.5V”
var_name = None
KeyError: (12, None) - Could not find entry for None, 50. Please check the Var_notes or variable mapping.
Matching row  18
coeffs for Last measurement in raw DN for LVPS Board signal “Spare”= [0.0 0.00161172 0.0 0.0 0.0 0.0 0.0 0.0]
var_name = Last measurement in raw DN for LVPS Board signal “Spare”
var_name = spare_signal
KeyError: (12, 'spare_signal') - Could not find entry for spare_signal, 51. Please check the Var_notes or variable mapping.
High gain delay = 31 samples.
Mid gain delay = 31 samples.
Low gain delay = 64 samples.
High sampling trigger mode =  0 0 1
High gain trigger mode enabled.
For 2222981120, HG Trigger level = 0.15317, sample settings = 0, 0
Threshold trigger mode enabled for high gain channel.
AID = 2415277394
Event number = 13
Rice compression enabled = False
Timestamp = 439569022.20805997 seconds since epoch (Midnight January 1st, 2010)
Trigger time = 2023-12-06 14:30:22.208060+00:00
12
12
12
12
12
12
12
12
12
12
12
12
12
{'SHCOARSE': ParsedDataItem(SHCOARSE, raw=439590320, derived=439590320, unit=dn), 'SHFINE': ParsedDataItem(SHFINE, raw=10945, derived=10945, unit=dn), 'IDX__SCI0AID': ParsedDataItem(IDX__SCI0AID, raw=2415277394, derived=2415277394, unit=None), 'IDX__SCI0TYPE': ParsedDataItem(IDX__SCI0TYPE, raw=1, derived=1, unit=None), 'IDX__SCI0CONT': ParsedDataItem(IDX__SCI0CONT, raw=127, derived=127, unit=None), 'IDX__SCI0SPARE1': ParsedDataItem(IDX__SCI0SPARE1, raw=0, derived=0, unit=None), 'IDX__SCI0PACK': ParsedDataItem(IDX__SCI0PACK, raw=1, derived=EN, unit=None), 'IDX__SCI0FRAG': ParsedDataItem(IDX__SCI0FRAG, raw=0, derived=DS, unit=None), 'IDX__SCI0COMP': ParsedDataItem(IDX__SCI0COMP, raw=0, derived=DS, unit=None), 'IDX__SCI0EVTNUM': ParsedDataItem(IDX__SCI0EVTNUM, raw=14, derived=14, unit=None), 'IDX__SCI0CAT': ParsedDataItem(IDX__SCI0CAT, raw=32, derived=32, unit=None), 'IDX__SCI0QUAL': ParsedDataItem(IDX__SCI0QUAL, raw=5, derived=5, unit=None), 'IDX__SCI0FRAGOFF': ParsedDataItem(IDX__SCI0FRAGOFF, raw=0, derived=0, unit=None), 'IDX__SCI0VER': ParsedDataItem(IDX__SCI0VER, raw=9, derived=9, unit=None), 'IDX__SCI0TIME32': ParsedDataItem(IDX__SCI0TIME32, raw=439589806, derived=439589806, unit=None), 'IDX__SCI0SPARE2': ParsedDataItem(IDX__SCI0SPARE2, raw=0, derived=0, unit=None), 'IDX__SCI0SPARE3': ParsedDataItem(IDX__SCI0SPARE3, raw=0, derived=0, unit=None), 'IDX__SCI0SPARE4': ParsedDataItem(IDX__SCI0SPARE4, raw=0, derived=0, unit=None), 'IDX__TXHDRSCIEVTLEN': ParsedDataItem(IDX__TXHDRSCIEVTLEN, raw=8320, derived=8320, unit=None), 'IDX__TXHDRSP00': ParsedDataItem(IDX__TXHDRSP00, raw=0, derived=0, unit=None), 'IDX__TXHDRTIMESEC1': ParsedDataItem(IDX__TXHDRTIMESEC1, raw=6707, derived=6707, unit=None), 'IDX__TXHDRTIMESEC2': ParsedDataItem(IDX__TXHDRTIMESEC2, raw=39854, derived=39854, unit=None), 'IDX__TXHDRTIMESUBS': ParsedDataItem(IDX__TXHDRTIMESUBS, raw=37323, derived=37323, unit=None), 'IDX__TXHDRSP01': ParsedDataItem(IDX__TXHDRSP01, raw=0, derived=0, unit=None), 'IDX__TXHDRTRIGOFFSET': ParsedDataItem(IDX__TXHDRTRIGOFFSET, raw=7, derived=7, unit=None), 'IDX__TXHDRSP02': ParsedDataItem(IDX__TXHDRSP02, raw=0, derived=0, unit=None), 'IDX__TXHDRTRIGID': ParsedDataItem(IDX__TXHDRTRIGID, raw=1, derived=1, unit=None), 'IDX__TXHDREVTNUM': ParsedDataItem(IDX__TXHDREVTNUM, raw=14, derived=14, unit=None), 'IDX__TXHDRBLOCKS': ParsedDataItem(IDX__TXHDRBLOCKS, raw=243679, derived=243679, unit=None), 'IDX__TXHDRHGTRIGCTRL1': ParsedDataItem(IDX__TXHDRHGTRIGCTRL1, raw=2222981120, derived=2222981120, unit=None), 'IDX__TXHDRHGTRIGCTRL2': ParsedDataItem(IDX__TXHDRHGTRIGCTRL2, raw=0, derived=0, unit=None), 'IDX__TXHDRLGTRIGCTRL1': ParsedDataItem(IDX__TXHDRLGTRIGCTRL1, raw=4294965248, derived=4294965248, unit=None), 'IDX__TXHDRLGTRIGCTRL2': ParsedDataItem(IDX__TXHDRLGTRIGCTRL2, raw=4278255360, derived=4278255360, unit=None), 'IDX__TXHDRMGTRIGCTRL1': ParsedDataItem(IDX__TXHDRMGTRIGCTRL1, raw=4294965248, derived=4294965248, unit=None), 'IDX__TXHDRMGTRIGCTRL2': ParsedDataItem(IDX__TXHDRMGTRIGCTRL2, raw=4278255360, derived=4278255360, unit=None), 'IDX__TXHDRSP03': ParsedDataItem(IDX__TXHDRSP03, raw=0, derived=0, unit=None), 'IDX__TXHDRLSADC': ParsedDataItem(IDX__TXHDRLSADC, raw=555521, derived=555521, unit=None), 'IDX__TXHDRPOLSTAT': ParsedDataItem(IDX__TXHDRPOLSTAT, raw=1, derived=NEG, unit=None), 'IDX__TXHDRSP04': ParsedDataItem(IDX__TXHDRSP04, raw=0, derived=0, unit=None), 'IDX__TXHDRPOLCTRL': ParsedDataItem(IDX__TXHDRPOLCTRL, raw=0, derived=POS, unit=None), 'IDX__TXHDRCOINENA': ParsedDataItem(IDX__TXHDRCOINENA, raw=0, derived=DIS, unit=None), 'IDX__TXHDRLSTRIGMODE': ParsedDataItem(IDX__TXHDRLSTRIGMODE, raw=0, derived=DIS, unit=None), 'IDX__TXHDRMGTRIGMODE': ParsedDataItem(IDX__TXHDRMGTRIGMODE, raw=0, derived=0, unit=None), 'IDX__TXHDRLGTRIGMODE': ParsedDataItem(IDX__TXHDRLGTRIGMODE, raw=0, derived=0, unit=None), 'IDX__TXHDRHGTRIGMODE': ParsedDataItem(IDX__TXHDRHGTRIGMODE, raw=1, derived=1, unit=None), 'IDX__TXHDRSP05': ParsedDataItem(IDX__TXHDRSP05, raw=0, derived=0, unit=None), 'IDX__TXHDRSP06': ParsedDataItem(IDX__TXHDRSP06, raw=0, derived=0, unit=None), 'IDX__TXHDRSP07': ParsedDataItem(IDX__TXHDRSP07, raw=2022, derived=2022, unit=None), 'IDX__TXHDRSP08': ParsedDataItem(IDX__TXHDRSP08, raw=0, derived=0, unit=None), 'IDX__TXHDRTOFMAX': ParsedDataItem(IDX__TXHDRTOFMAX, raw=541597220, derived=541597220, unit=None), 'IDX__TXHDRTOFMIN': ParsedDataItem(IDX__TXHDRTOFMIN, raw=535295476, derived=535295476, unit=None), 'IDX__TXHDRLS0MAXMIN': ParsedDataItem(IDX__TXHDRLS0MAXMIN, raw=8464397, derived=8464397, unit=None), 'IDX__TXHDRLS1MAXMIN': ParsedDataItem(IDX__TXHDRLS1MAXMIN, raw=8493027, derived=8493027, unit=None), 'IDX__TXHDRLS2MAXMIN': ParsedDataItem(IDX__TXHDRLS2MAXMIN, raw=8308709, derived=8308709, unit=None), 'IDX__TXHDRFIFODELAY': ParsedDataItem(IDX__TXHDRFIFODELAY, raw=15, derived=15, unit=None), 'IDX__TXHDRSAMPDELAY': ParsedDataItem(IDX__TXHDRSAMPDELAY, raw=57728085, derived=57728085, unit=None), 'IDX__TXHDRTRANSCNT': ParsedDataItem(IDX__TXHDRTRANSCNT, raw=8, derived=8, unit=None), 'IDX__TXHDRPROCHKCH01': ParsedDataItem(IDX__TXHDRPROCHKCH01, raw=81527416, derived=81527416, unit=None), 'IDX__TXHDRPROCHKCH23': ParsedDataItem(IDX__TXHDRPROCHKCH23, raw=240258367, derived=240258367, unit=None), 'IDX__TXHDRPROCHKCH45': ParsedDataItem(IDX__TXHDRPROCHKCH45, raw=199034078, derived=199034078, unit=None), 'IDX__TXHDRPROCHKCH67': ParsedDataItem(IDX__TXHDRPROCHKCH67, raw=134088995, derived=134088995, unit=None), 'IDX__TXHDRHVPSHKCH01': ParsedDataItem(IDX__TXHDRHVPSHKCH01, raw=131663463, derived=131663463, unit=None), 'IDX__TXHDRHVPSHKCH23': ParsedDataItem(IDX__TXHDRHVPSHKCH23, raw=8849067, derived=8849067, unit=None), 'IDX__TXHDRHVPSHKCH45': ParsedDataItem(IDX__TXHDRHVPSHKCH45, raw=152897500, derived=152897500, unit=None), 'IDX__TXHDRHVPSHKCH67': ParsedDataItem(IDX__TXHDRHVPSHKCH67, raw=20056716, derived=20056716, unit=None), 'IDX__TXHDRLVHK0CH01': ParsedDataItem(IDX__TXHDRLVHK0CH01, raw=134219776, derived=134219776, unit=None), 'IDX__TXHDRLVHK0CH23': ParsedDataItem(IDX__TXHDRLVHK0CH23, raw=173018038, derived=173018038, unit=None), 'IDX__TXHDRLVHK0CH45': ParsedDataItem(IDX__TXHDRLVHK0CH45, raw=134941794, derived=134941794, unit=None), 'IDX__TXHDRLVHK0CH67': ParsedDataItem(IDX__TXHDRLVHK0CH67, raw=207096915, derived=207096915, unit=None), 'IDX__TXHDRLVHK1CH01': ParsedDataItem(IDX__TXHDRLVHK1CH01, raw=32114208, derived=32114208, unit=None), 'IDX__TXHDRLVHK1CH23': ParsedDataItem(IDX__TXHDRLVHK1CH23, raw=63571204, derived=63571204, unit=None), 'IDX__TXHDRLVHK1CH45': ParsedDataItem(IDX__TXHDRLVHK1CH45, raw=183502389, derived=183502389, unit=None), 'IDX__TXHDRLVHK1CH67': ParsedDataItem(IDX__TXHDRLVHK1CH67, raw=189202913, derived=189202913, unit=None), 'IDX__TXHDRLVHK2CH01': ParsedDataItem(IDX__TXHDRLVHK2CH01, raw=42730130, derived=42730130, unit=None), 'IDX__TXHDRLVHK2CH23': ParsedDataItem(IDX__TXHDRLVHK2CH23, raw=260047824, derived=260047824, unit=None), 'IDX__TXHDRLVHK2CH45': ParsedDataItem(IDX__TXHDRLVHK2CH45, raw=101257134, derived=101257134, unit=None), 'IDX__TXHDRLVHK2CH67': ParsedDataItem(IDX__TXHDRLVHK2CH67, raw=69022, derived=69022, unit=None), 'IDX__TXHDRSP09': ParsedDataItem(IDX__TXHDRSP09, raw=0, derived=0, unit=None), 'IDX__TXHDRSP10': ParsedDataItem(IDX__TXHDRSP10, raw=0, derived=0, unit=None), 'IDX__TXHDRFSWAIDCOPY': ParsedDataItem(IDX__TXHDRFSWAIDCOPY, raw=2415277394, derived=2415277394, unit=None), 'IDX__TXHDRFSWBINCOPY': ParsedDataItem(IDX__TXHDRFSWBINCOPY, raw=0, derived=0, unit=None), 'IDX__TXHDRFSWMAJOR': ParsedDataItem(IDX__TXHDRFSWMAJOR, raw=2, derived=2, unit=None), 'IDX__TXHDRFSWMINOR': ParsedDataItem(IDX__TXHDRFSWMINOR, raw=0, derived=0, unit=None), 'IDX__TXHDRFSWPATCH': ParsedDataItem(IDX__TXHDRFSWPATCH, raw=0, derived=0, unit=None), 'IDX__TXHDRFSWHVSTAT': ParsedDataItem(IDX__TXHDRFSWHVSTAT, raw=3, derived=3, unit=None), 'IDX__TXHDRFSWMEM0': ParsedDataItem(IDX__TXHDRFSWMEM0, raw=0, derived=0, unit=None), 'IDX__TXHDRFSWMEM1': ParsedDataItem(IDX__TXHDRFSWMEM1, raw=0, derived=0, unit=None), 'IDX__TXHDRFSWPT0': ParsedDataItem(IDX__TXHDRFSWPT0, raw=0, derived=0, unit=None), 'IDX__TXHDRFSWPT1': ParsedDataItem(IDX__TXHDRFSWPT1, raw=0, derived=0, unit=None), 'IDX__TXHDRFSWPT2': ParsedDataItem(IDX__TXHDRFSWPT2, raw=0, derived=0, unit=None), 'IDX__TXHDRFSWPT3': ParsedDataItem(IDX__TXHDRFSWPT3, raw=0, derived=0, unit=None), 'IDX__TXHDRFSWPT4': ParsedDataItem(IDX__TXHDRFSWPT4, raw=0, derived=0, unit=None), 'IDX__TXHDRFSWPT5': ParsedDataItem(IDX__TXHDRFSWPT5, raw=0, derived=0, unit=None), 'IDX__TXHDRFSWPT6': ParsedDataItem(IDX__TXHDRFSWPT6, raw=0, derived=0, unit=None), 'IDX__TXHDRFSWPT7': ParsedDataItem(IDX__TXHDRFSWPT7, raw=0, derived=0, unit=None), 'IDX__TXHDRFSWPT8': ParsedDataItem(IDX__TXHDRFSWPT8, raw=0, derived=0, unit=None), 'IDX__TXHDRFSWPT9': ParsedDataItem(IDX__TXHDRFSWPT9, raw=0, derived=0, unit=None), 'IDX__TXHDRFPGAVER': ParsedDataItem(IDX__TXHDRFPGAVER, raw=539165480, derived=539165480, unit=None), 'IDX__SYNCSCI0PKT': ParsedDataItem(IDX__SYNCSCI0PKT, raw=13107, derived=13107, unit=None), 'IDX__CRCSCI0PKT': ParsedDataItem(IDX__CRCSCI0PKT, raw=3784, derived=3784, unit=None)}
SHCOARSE = 439590320
SHFINE = 10945
IDX__SCI0AID = 2415277394
IDX__SCI0TYPE = 1
IDX__SCI0CONT = 127
IDX__SCI0SPARE1 = 0
IDX__SCI0PACK = EN
IDX__SCI0FRAG = DS
IDX__SCI0COMP = DS
IDX__SCI0EVTNUM = 14
IDX__SCI0CAT = 32
IDX__SCI0QUAL = 5
IDX__SCI0FRAGOFF = 0
IDX__SCI0VER = 9
IDX__SCI0TIME32 = 439589806
IDX__SCI0SPARE2 = 0
IDX__SCI0SPARE3 = 0
IDX__SCI0SPARE4 = 0
IDX__TXHDRSCIEVTLEN = 8320
IDX__TXHDRSP00 = 0
IDX__TXHDRTIMESEC1 = 6707
IDX__TXHDRTIMESEC2 = 39854
IDX__TXHDRTIMESUBS = 37323
IDX__TXHDRSP01 = 0
IDX__TXHDRTRIGOFFSET = 7
IDX__TXHDRSP02 = 0
IDX__TXHDRTRIGID = 1
IDX__TXHDREVTNUM = 14
IDX__TXHDRBLOCKS = 243679
IDX__TXHDRHGTRIGCTRL1 = 2222981120
IDX__TXHDRHGTRIGCTRL2 = 0
IDX__TXHDRLGTRIGCTRL1 = 4294965248
IDX__TXHDRLGTRIGCTRL2 = 4278255360
IDX__TXHDRMGTRIGCTRL1 = 4294965248
IDX__TXHDRMGTRIGCTRL2 = 4278255360
IDX__TXHDRSP03 = 0
IDX__TXHDRLSADC = 555521
IDX__TXHDRPOLSTAT = NEG
IDX__TXHDRSP04 = 0
IDX__TXHDRPOLCTRL = POS
IDX__TXHDRCOINENA = DIS
IDX__TXHDRLSTRIGMODE = DIS
IDX__TXHDRMGTRIGMODE = 0
IDX__TXHDRLGTRIGMODE = 0
IDX__TXHDRHGTRIGMODE = 1
IDX__TXHDRSP05 = 0
IDX__TXHDRSP06 = 0
IDX__TXHDRSP07 = 2022
IDX__TXHDRSP08 = 0
IDX__TXHDRTOFMAX = 541597220
IDX__TXHDRTOFMIN = 535295476
IDX__TXHDRLS0MAXMIN = 8464397
IDX__TXHDRLS1MAXMIN = 8493027
IDX__TXHDRLS2MAXMIN = 8308709
IDX__TXHDRFIFODELAY = 15
IDX__TXHDRSAMPDELAY = 57728085
IDX__TXHDRTRANSCNT = 8
IDX__TXHDRPROCHKCH01 = 81527416
IDX__TXHDRPROCHKCH23 = 240258367
IDX__TXHDRPROCHKCH45 = 199034078
IDX__TXHDRPROCHKCH67 = 134088995
IDX__TXHDRHVPSHKCH01 = 131663463
IDX__TXHDRHVPSHKCH23 = 8849067
IDX__TXHDRHVPSHKCH45 = 152897500
IDX__TXHDRHVPSHKCH67 = 20056716
IDX__TXHDRLVHK0CH01 = 134219776
IDX__TXHDRLVHK0CH23 = 173018038
IDX__TXHDRLVHK0CH45 = 134941794
IDX__TXHDRLVHK0CH67 = 207096915
IDX__TXHDRLVHK1CH01 = 32114208
IDX__TXHDRLVHK1CH23 = 63571204
IDX__TXHDRLVHK1CH45 = 183502389
IDX__TXHDRLVHK1CH67 = 189202913
IDX__TXHDRLVHK2CH01 = 42730130
IDX__TXHDRLVHK2CH23 = 260047824
IDX__TXHDRLVHK2CH45 = 101257134
IDX__TXHDRLVHK2CH67 = 69022
IDX__TXHDRSP09 = 0
IDX__TXHDRSP10 = 0
IDX__TXHDRFSWAIDCOPY = 2415277394
IDX__TXHDRFSWBINCOPY = 0
IDX__TXHDRFSWMAJOR = 2
IDX__TXHDRFSWMINOR = 0
IDX__TXHDRFSWPATCH = 0
IDX__TXHDRFSWHVSTAT = 3
IDX__TXHDRFSWMEM0 = 0
IDX__TXHDRFSWMEM1 = 0
IDX__TXHDRFSWPT0 = 0
IDX__TXHDRFSWPT1 = 0
IDX__TXHDRFSWPT2 = 0
IDX__TXHDRFSWPT3 = 0
IDX__TXHDRFSWPT4 = 0
IDX__TXHDRFSWPT5 = 0
IDX__TXHDRFSWPT6 = 0
IDX__TXHDRFSWPT7 = 0
IDX__TXHDRFSWPT8 = 0
IDX__TXHDRFSWPT9 = 0
IDX__TXHDRFPGAVER = 539165480
IDX__SYNCSCI0PKT = 13107
IDX__CRCSCI0PKT = 3784
^*****Event header 13******^
HS pre trig sampling blocks:  31
LS pre trig sampling blocks:  3
HS post trig sampling blocks:  31
LS post trig sampling blocks:  11
IDX__TXHDRHVPSHKCH01 = 131663463
Detector voltage =  1639
Sensor voltage =  2009
Target voltage =  1707
Reflectron voltage =  135
Rejection voltage =  2012
Current for HVPS sensor =  2333
Positive current for HVPS sensor =  2700
Negative current for HVPS sensor =  306
Voltage +3.3V reference =  2048
Voltage +3.3V operational reference =  2048
Voltage -6V bus =  2998
Voltage +6V bus =  2640
Voltage +16V bus =  3170
Voltage +3.3V bus =  2059
Voltage -5V bus =  3155
Voltage +5V bus =  3160
Current +3.3V bus =  1568
Current +16V bus =  970
Current +6V bus =  1284
Current -6V bus =  970
Current +5V bus =  1589
Current -5V bus =  2800
Current +2.5V bus =  481
Current -2.5V bus =  2887
Current on the 1V POL =  632
Current on the 1.9V POL =  1244
ProcBd Temperature 1 =  3391
ProcBd Temperature 2 =  3666
Voltage on 1V bus =  1246
FPGA Temperature =  3037
Voltage on 1.9V bus =  2339
Voltage on 3.3V bus =  2046
var_to_row = {'Last measurement in raw DN for Processor Board signal “1V POL Current”': 0, 'Last measurement in raw DN for Processor Board signal “1.9V POL Current”': 1, 'Last measurement in raw DN for Processor Board signal “ProcBd Temp1”': 2, nan: 48, 'Last measurement in raw DN for Processor Board signal “ProcBd Temp2”': 6, 'Last measurement in raw DN for Processor Board signal “1V Voltage”': 10, 'Last measurement in raw DN for Processor Board signal “FPGA Temp”': 11, 'Last measurement in raw DN for Processor Board signal “1.9V Voltage”': 12, 'Last measurement in raw DN for Processor Board signal “3.3V Voltage”': 13, 'Last measurement in raw DN for HVPS Board signal “Detector Voltage”': 14, 'Last measurement in raw DN for HVPS Board signal “Sensor Voltage"': 15, 'Last measurement in raw DN for HVPS Board signal “Target Voltage”': 16, 'Last measurement in raw DN for HVPS Board signal “Reflectron Voltage”': 17, 'Last measurement in raw DN for HVPS Board signal “Rejection Voltage”': 18, 'Last measurement in raw DN for HVPS Board signal “Detector Current”': 19, 'Last measurement in raw DN for HVPS Board signal “Sensor IP”': 20, 'Last measurement in raw DN for HVPS Board signal “Sensor IN”': 21, 'Last measurement in raw DN for LVPS Board signal “P3.3VREF_HK”': 22, 'Last measurement in raw DN for LVPS Board signal “P3.3VREF_OP”': 23, 'Last measurement in raw DN for LVPS Board signal “N6V”': 24, 'Last measurement in raw DN for LVPS Board signal “P6V”': 25, 'Last measurement in raw DN for LVPS Board signal “P16V”': 26, 'Last measurement in raw DN for LVPS Board signal “P3.3V”': 27, 'Last measurement in raw DN for LVPS Board signal “N5V”': 28, 'Last measurement in raw DN for LVPS Board signal “P5V”': 29, 'Last measurement in raw DN for LVPS Board signal “P3.3_IMON”': 30, 'Last measurement in raw DN for LVPS Board signal “P16V_IMON”': 31, 'Last measurement in raw DN for LVPS Board signal “P6V_IMON”': 32, 'Last measurement in raw DN for LVPS Board signal “N6V_IMON”': 33, 'Last measurement in raw DN for LVPS Board signal “P5V_IMON”': 34, 'Last measurement in raw DN for LVPS Board signal “N5V_IMON”': 35, 'Last measurement in raw DN for LVPS Board signal “P2.5V_IMON”': 36, 'Last measurement in raw DN for LVPS Board signal “N2.5V_IMON”': 37, 'Last measurement in raw DN for LVPS Board signal “THERM_DECON0”': 38, 'Last measurement in raw DN for LVPS Board signal “THERM_DECON1”': 39, 'Last measurement in raw DN for LVPS Board signal “THERM_DAB”': 40, 'Last measurement in raw DN for LVPS Board signal “THERM_LVPS”': 41, 'Last measurement in raw DN for LVPS Board signal “THERM_HVPS”': 45, 'Last measurement in raw DN for LVPS Board signal “P2.5V”': 49, 'Last measurement in raw DN for LVPS Board signal “N2.5V”': 50, 'Last measurement in raw DN for LVPS Board signal “Spare”': 51}

 
 ***** var_name being converted for each instrument setting ***** 
 

Matching row  18
coeffs for Last measurement in raw DN for Processor Board signal “1V POL Current”= [0.0 0.9029253 0.0 0.0 0.0 0.0 0.0 0.0]
var_name = Last measurement in raw DN for Processor Board signal “1V POL Current”
var_name = current_1V_pol
Header info = 632
Transformed value for current_1V_pol = 570.6487896
Matching row  18
coeffs for Last measurement in raw DN for Processor Board signal “1.9V POL Current”= [0.0 0.9029253 0.0 0.0 0.0 0.0 0.0 0.0]
var_name = Last measurement in raw DN for Processor Board signal “1.9V POL Current”
var_name = current_1.9V_pol
Header info = 1244
Transformed value for current_1.9V_pol = 1123.2390732000001
Matching row  18
coeffs for Last measurement in raw DN for Processor Board signal “ProcBd Temp1”= [162.8276 -0.2668687 0.0003323794 -2.43153e-07 9.034532e-11 -1.327735e-14
 0.0 0.0]
var_name = Last measurement in raw DN for Processor Board signal “ProcBd Temp1”
var_name = temperature_1
Header info = 3391
Transformed value for temperature_1 = -408.6811903905609
Matching row  18
coeffs for nan= [-104713.9 52.02446 -0.006463374 0.0 0.0 0.0 0.0 0.0]
var_name = nan
var_name = None
KeyError: (13, None) - Could not find entry for None, 48. Please check the Var_notes or variable mapping.
Matching row  18
coeffs for Last measurement in raw DN for Processor Board signal “ProcBd Temp2”= [162.8276 -0.2668687 0.0003323794 -2.43153e-07 9.034532e-11 -1.327735e-14
 0.0 0.0]
var_name = Last measurement in raw DN for Processor Board signal “ProcBd Temp2”
var_name = temperature_2
Header info = 3666
Transformed value for temperature_2 = -801.8818752684547
Matching row  18
coeffs for Last measurement in raw DN for Processor Board signal “1V Voltage”= [0.0 0.000805861 0.0 0.0 0.0 0.0 0.0 0.0]
var_name = Last measurement in raw DN for Processor Board signal “1V Voltage”
var_name = voltage_1V_bus
Header info = 1246
Transformed value for voltage_1V_bus = 1.004102806
Matching row  18
coeffs for Last measurement in raw DN for Processor Board signal “FPGA Temp”= [358.31 -0.1187104 0.0 0.0 0.0 0.0 0.0 0.0]
var_name = Last measurement in raw DN for Processor Board signal “FPGA Temp”
var_name = fpga_temperature
Header info = 3037
Transformed value for fpga_temperature = -2.2134848000000034
Matching row  18
coeffs for Last measurement in raw DN for Processor Board signal “1.9V Voltage”= [0.0 0.000805861 0.0 0.0 0.0 0.0 0.0 0.0]
var_name = Last measurement in raw DN for Processor Board signal “1.9V Voltage”
var_name = voltage_1.9V_bus
Header info = 2339
Transformed value for voltage_1.9V_bus = 1.884908879
Matching row  18
coeffs for Last measurement in raw DN for Processor Board signal “3.3V Voltage”= [0.0 0.001611722 0.0 0.0 0.0 0.0 0.0 0.0]
var_name = Last measurement in raw DN for Processor Board signal “3.3V Voltage”
var_name = voltage_3.3V_bus
Header info = 2046
Transformed value for voltage_3.3V_bus = 3.2975832119999997
Matching row  18
coeffs for Last measurement in raw DN for HVPS Board signal “Detector Voltage”= [0.0 1.4652 0.0 0.0 0.0 0.0 0.0 0.0]
var_name = Last measurement in raw DN for HVPS Board signal “Detector Voltage”
var_name = detector_voltage
Header info = 1639
Transformed value for detector_voltage = 2401.4628000000002
Matching row  18
coeffs for Last measurement in raw DN for HVPS Board signal “Sensor Voltage"= [0.0 1.4652 0.0 0.0 0.0 0.0 0.0 0.0]
var_name = Last measurement in raw DN for HVPS Board signal “Sensor Voltage"
var_name = sensor_voltage
Header info = 2009
Transformed value for sensor_voltage = 2943.5868
Matching row  18
coeffs for Last measurement in raw DN for HVPS Board signal “Target Voltage”= [0.0 1.4652 0.0 0.0 0.0 0.0 0.0 0.0]
var_name = Last measurement in raw DN for HVPS Board signal “Target Voltage”
var_name = target_voltage
Header info = 1707
Transformed value for target_voltage = 2501.0964
Matching row  18
coeffs for Last measurement in raw DN for HVPS Board signal “Reflectron Voltage”= [0.0 1.4652 0.0 0.0 0.0 0.0 0.0 0.0]
var_name = Last measurement in raw DN for HVPS Board signal “Reflectron Voltage”
var_name = reflectron_voltage
Header info = 135
Transformed value for reflectron_voltage = 197.80200000000002
Matching row  18
coeffs for Last measurement in raw DN for HVPS Board signal “Rejection Voltage”= [0.0 1.4652 0.0 0.0 0.0 0.0 0.0 0.0]
var_name = Last measurement in raw DN for HVPS Board signal “Rejection Voltage”
var_name = rejection_voltage
Header info = 2012
Transformed value for rejection_voltage = 2947.9824000000003
Matching row  18
coeffs for Last measurement in raw DN for HVPS Board signal “Detector Current”= [0.0 7.326e-06 0.0 0.0 0.0 0.0 0.0 0.0]
var_name = Last measurement in raw DN for HVPS Board signal “Detector Current”
var_name = current_hvps_sensor
Header info = 2333
Transformed value for current_hvps_sensor = 0.017091558
Matching row  18
coeffs for Last measurement in raw DN for HVPS Board signal “Sensor IP”= [0.0 2.4339e-05 0.0 0.0 0.0 0.0 0.0 0.0]
var_name = Last measurement in raw DN for HVPS Board signal “Sensor IP”
var_name = positive_current_hvps
Header info = 2700
Transformed value for positive_current_hvps = 0.06571529999999999
Matching row  18
coeffs for Last measurement in raw DN for HVPS Board signal “Sensor IN”= [0.0 2.4339e-05 0.0 0.0 0.0 0.0 0.0 0.0]
var_name = Last measurement in raw DN for HVPS Board signal “Sensor IN”
var_name = negative_current_hvps
Header info = 306
Transformed value for negative_current_hvps = 0.007447733999999999
Matching row  18
coeffs for Last measurement in raw DN for LVPS Board signal “P3.3VREF_HK”= [0.0 0.00161172 0.0 0.0 0.0 0.0 0.0 0.0]
var_name = Last measurement in raw DN for LVPS Board signal “P3.3VREF_HK”
var_name = voltage_3V3_ref
Header info = 2048
Transformed value for voltage_3V3_ref = 3.30080256
Matching row  18
coeffs for Last measurement in raw DN for LVPS Board signal “P3.3VREF_OP”= [0.0 0.00161172 0.0 0.0 0.0 0.0 0.0 0.0]
var_name = Last measurement in raw DN for LVPS Board signal “P3.3VREF_OP”
var_name = voltage_3V3_op_ref
Header info = 2048
Transformed value for voltage_3V3_op_ref = 3.30080256
Matching row  18
coeffs for Last measurement in raw DN for LVPS Board signal “N6V”= [-33.0 0.00886447 0.0 0.0 0.0 0.0 0.0 0.0]
var_name = Last measurement in raw DN for LVPS Board signal “N6V”
var_name = voltage_neg6V_bus
Header info = 2998
Transformed value for voltage_neg6V_bus = -6.424318940000003
Matching row  18
coeffs for Last measurement in raw DN for LVPS Board signal “P6V”= [0.0 0.00241758 0.0 0.0 0.0 0.0 0.0 0.0]
var_name = Last measurement in raw DN for LVPS Board signal “P6V”
var_name = voltage_pos6V_bus
Header info = 2640
Transformed value for voltage_pos6V_bus = 6.3824112
Matching row  18
coeffs for Last measurement in raw DN for LVPS Board signal “P16V”= [0.0 0.00482711 0.0 0.0 0.0 0.0 0.0 0.0]
var_name = Last measurement in raw DN for LVPS Board signal “P16V”
var_name = voltage_pos16V_bus
Header info = 3170
Transformed value for voltage_pos16V_bus = 15.3019387
Matching row  18
coeffs for Last measurement in raw DN for LVPS Board signal “P3.3V”= [0.0 0.00161172 0.0 0.0 0.0 0.0 0.0 0.0]
var_name = Last measurement in raw DN for LVPS Board signal “P3.3V”
var_name = voltage_pos3V3_bus
Header info = 2059
Transformed value for voltage_pos3V3_bus = 3.3185314800000003
Matching row  18
coeffs for Last measurement in raw DN for LVPS Board signal “N5V”= [-33.0 0.00886447 0.0 0.0 0.0 0.0 0.0 0.0]
var_name = Last measurement in raw DN for LVPS Board signal “N5V”
var_name = voltage_neg5V_bus
Header info = 3155
Transformed value for voltage_neg5V_bus = -5.032597150000001
Matching row  18
coeffs for Last measurement in raw DN for LVPS Board signal “P5V”= [0.0 0.00161172 0.0 0.0 0.0 0.0 0.0 0.0]
var_name = Last measurement in raw DN for LVPS Board signal “P5V”
var_name = voltage_pos5V_bus
Header info = 3160
Transformed value for voltage_pos5V_bus = 5.0930352
Matching row  18
coeffs for Last measurement in raw DN for LVPS Board signal “P3.3_IMON”= [0.0 0.00161172 0.0 0.0 0.0 0.0 0.0 0.0]
var_name = Last measurement in raw DN for LVPS Board signal “P3.3_IMON”
var_name = current_3V3_bus
Header info = 1568
Transformed value for current_3V3_bus = 2.5271769600000002
Matching row  18
coeffs for Last measurement in raw DN for LVPS Board signal “P16V_IMON”= [0.0 0.000161172 0.0 0.0 0.0 0.0 0.0 0.0]
var_name = Last measurement in raw DN for LVPS Board signal “P16V_IMON”
var_name = current_16V_bus
Header info = 970
Transformed value for current_16V_bus = 0.15633684
Matching row  18
coeffs for Last measurement in raw DN for LVPS Board signal “P6V_IMON”= [0.0 8.05861e-05 0.0 0.0 0.0 0.0 0.0 0.0]
var_name = Last measurement in raw DN for LVPS Board signal “P6V_IMON”
var_name = current_6V_bus
Header info = 1284
Transformed value for current_6V_bus = 0.1034725524
Matching row  18
coeffs for Last measurement in raw DN for LVPS Board signal “N6V_IMON”= [0.0 -8.05861e-05 0.0 0.0 0.0 0.0 0.0 0.0]
var_name = Last measurement in raw DN for LVPS Board signal “N6V_IMON”
var_name = current_neg6V_bus
Header info = 970
Transformed value for current_neg6V_bus = -0.07816851699999999
Matching row  18
coeffs for Last measurement in raw DN for LVPS Board signal “P5V_IMON”= [0.0 4.029304e-05 0.0 0.0 0.0 0.0 0.0 0.0]
var_name = Last measurement in raw DN for LVPS Board signal “P5V_IMON”
var_name = current_5V_bus
Header info = 1589
Transformed value for current_5V_bus = 0.06402564056
Matching row  18
coeffs for Last measurement in raw DN for LVPS Board signal “N5V_IMON”= [0.0 -2.01465e-05 0.0 0.0 0.0 0.0 0.0 0.0]
var_name = Last measurement in raw DN for LVPS Board signal “N5V_IMON”
var_name = current_neg5V_bus
Header info = 2800
Transformed value for current_neg5V_bus = -0.0564102
Matching row  18
coeffs for Last measurement in raw DN for LVPS Board signal “P2.5V_IMON”= [0.0 0.00161172 0.0 0.0 0.0 0.0 0.0 0.0]
var_name = Last measurement in raw DN for LVPS Board signal “P2.5V_IMON”
var_name = current_2V5_bus
Header info = 481
Transformed value for current_2V5_bus = 0.77523732
Matching row  18
coeffs for Last measurement in raw DN for LVPS Board signal “N2.5V_IMON”= [0.0 -4.0293e-05 0.0 0.0 0.0 0.0 0.0 0.0]
var_name = Last measurement in raw DN for LVPS Board signal “N2.5V_IMON”
var_name = current_neg2V5_bus
Header info = 2887
Transformed value for current_neg2V5_bus = -0.116325891
Matching row  18
coeffs for Last measurement in raw DN for LVPS Board signal “THERM_DECON0”= [-110.293 0.0665351 0.000305738 -6.32048e-07 5.9934e-10 -2.98784e-13
 7.61361e-17 -7.76467e-21]
var_name = Last measurement in raw DN for LVPS Board signal “THERM_DECON0”
var_name = None
KeyError: (13, None) - Could not find entry for None, 38. Please check the Var_notes or variable mapping.
Matching row  18
coeffs for Last measurement in raw DN for LVPS Board signal “THERM_DECON1”= [-150.478 0.376986 -0.00062072 7.73853e-07 -5.81588e-10 2.56368e-13
 -6.05698e-17 5.96635e-21]
var_name = Last measurement in raw DN for LVPS Board signal “THERM_DECON1”
var_name = None
KeyError: (13, None) - Could not find entry for None, 39. Please check the Var_notes or variable mapping.
Matching row  18
coeffs for Last measurement in raw DN for LVPS Board signal “THERM_DAB”= [-443.248 1.31224 -0.00180422 1.40016e-06 -6.43766e-10 1.7448e-13
 -2.57695e-17 1.60239e-21]
var_name = Last measurement in raw DN for LVPS Board signal “THERM_DAB”
var_name = None
KeyError: (13, None) - Could not find entry for None, 40. Please check the Var_notes or variable mapping.
Matching row  18
coeffs for Last measurement in raw DN for LVPS Board signal “THERM_LVPS”= [200.4137 -0.2020699 0.000175403 -9.739547e-08 2.888932e-11 -3.545603e-15
 0.0 0.0]
var_name = Last measurement in raw DN for LVPS Board signal “THERM_LVPS”
var_name = None
KeyError: (13, None) - Could not find entry for None, 41. Please check the Var_notes or variable mapping.
Matching row  18
coeffs for Last measurement in raw DN for LVPS Board signal “THERM_HVPS”= [200.4137 -0.2020699 0.000175403 -9.739547e-08 2.888932e-11 -3.545603e-15
 0.0 0.0]
var_name = Last measurement in raw DN for LVPS Board signal “THERM_HVPS”
var_name = None
KeyError: (13, None) - Could not find entry for None, 45. Please check the Var_notes or variable mapping.
Matching row  18
coeffs for Last measurement in raw DN for LVPS Board signal “P2.5V”= [0.0 0.00161172 0.0 0.0 0.0 0.0 0.0 0.0]
var_name = Last measurement in raw DN for LVPS Board signal “P2.5V”
var_name = None
KeyError: (13, None) - Could not find entry for None, 49. Please check the Var_notes or variable mapping.
Matching row  18
coeffs for Last measurement in raw DN for LVPS Board signal “N2.5V”= [-33.0 0.00886447 0.0 0.0 0.0 0.0 0.0 0.0]
var_name = Last measurement in raw DN for LVPS Board signal “N2.5V”
var_name = None
KeyError: (13, None) - Could not find entry for None, 50. Please check the Var_notes or variable mapping.
Matching row  18
coeffs for Last measurement in raw DN for LVPS Board signal “Spare”= [0.0 0.00161172 0.0 0.0 0.0 0.0 0.0 0.0]
var_name = Last measurement in raw DN for LVPS Board signal “Spare”
var_name = spare_signal
KeyError: (13, 'spare_signal') - Could not find entry for spare_signal, 51. Please check the Var_notes or variable mapping.
High gain delay = 55 samples.
Mid gain delay = 55 samples.
Low gain delay = 85 samples.
High sampling trigger mode =  0 0 1
High gain trigger mode enabled.
For 2222981120, HG Trigger level = 0.15317, sample settings = 0, 0
Threshold trigger mode enabled for high gain channel.
AID = 2415277394
Event number = 14
Rice compression enabled = False
Timestamp = 439569022.20816 seconds since epoch (Midnight January 1st, 2010)
Trigger time = 2023-12-06 14:30:22.208160+00:00
13
13
13
13
13
13
13
13
13
13
13
13
13
{'SHCOARSE': ParsedDataItem(SHCOARSE, raw=439590335, derived=439590335, unit=dn), 'SHFINE': ParsedDataItem(SHFINE, raw=10930, derived=10930, unit=dn), 'IDX__SCI0AID': ParsedDataItem(IDX__SCI0AID, raw=2415277394, derived=2415277394, unit=None), 'IDX__SCI0TYPE': ParsedDataItem(IDX__SCI0TYPE, raw=1, derived=1, unit=None), 'IDX__SCI0CONT': ParsedDataItem(IDX__SCI0CONT, raw=127, derived=127, unit=None), 'IDX__SCI0SPARE1': ParsedDataItem(IDX__SCI0SPARE1, raw=0, derived=0, unit=None), 'IDX__SCI0PACK': ParsedDataItem(IDX__SCI0PACK, raw=1, derived=EN, unit=None), 'IDX__SCI0FRAG': ParsedDataItem(IDX__SCI0FRAG, raw=0, derived=DS, unit=None), 'IDX__SCI0COMP': ParsedDataItem(IDX__SCI0COMP, raw=0, derived=DS, unit=None), 'IDX__SCI0EVTNUM': ParsedDataItem(IDX__SCI0EVTNUM, raw=15, derived=15, unit=None), 'IDX__SCI0CAT': ParsedDataItem(IDX__SCI0CAT, raw=32, derived=32, unit=None), 'IDX__SCI0QUAL': ParsedDataItem(IDX__SCI0QUAL, raw=5, derived=5, unit=None), 'IDX__SCI0FRAGOFF': ParsedDataItem(IDX__SCI0FRAGOFF, raw=0, derived=0, unit=None), 'IDX__SCI0VER': ParsedDataItem(IDX__SCI0VER, raw=9, derived=9, unit=None), 'IDX__SCI0TIME32': ParsedDataItem(IDX__SCI0TIME32, raw=439589811, derived=439589811, unit=None), 'IDX__SCI0SPARE2': ParsedDataItem(IDX__SCI0SPARE2, raw=0, derived=0, unit=None), 'IDX__SCI0SPARE3': ParsedDataItem(IDX__SCI0SPARE3, raw=0, derived=0, unit=None), 'IDX__SCI0SPARE4': ParsedDataItem(IDX__SCI0SPARE4, raw=0, derived=0, unit=None), 'IDX__TXHDRSCIEVTLEN': ParsedDataItem(IDX__TXHDRSCIEVTLEN, raw=8320, derived=8320, unit=None), 'IDX__TXHDRSP00': ParsedDataItem(IDX__TXHDRSP00, raw=0, derived=0, unit=None), 'IDX__TXHDRTIMESEC1': ParsedDataItem(IDX__TXHDRTIMESEC1, raw=6707, derived=6707, unit=None), 'IDX__TXHDRTIMESEC2': ParsedDataItem(IDX__TXHDRTIMESEC2, raw=39859, derived=39859, unit=None), 'IDX__TXHDRTIMESUBS': ParsedDataItem(IDX__TXHDRTIMESUBS, raw=37308, derived=37308, unit=None), 'IDX__TXHDRSP01': ParsedDataItem(IDX__TXHDRSP01, raw=0, derived=0, unit=None), 'IDX__TXHDRTRIGOFFSET': ParsedDataItem(IDX__TXHDRTRIGOFFSET, raw=6, derived=6, unit=None), 'IDX__TXHDRSP02': ParsedDataItem(IDX__TXHDRSP02, raw=0, derived=0, unit=None), 'IDX__TXHDRTRIGID': ParsedDataItem(IDX__TXHDRTRIGID, raw=1, derived=1, unit=None), 'IDX__TXHDREVTNUM': ParsedDataItem(IDX__TXHDREVTNUM, raw=15, derived=15, unit=None), 'IDX__TXHDRBLOCKS': ParsedDataItem(IDX__TXHDRBLOCKS, raw=243679, derived=243679, unit=None), 'IDX__TXHDRHGTRIGCTRL1': ParsedDataItem(IDX__TXHDRHGTRIGCTRL1, raw=2222981120, derived=2222981120, unit=None), 'IDX__TXHDRHGTRIGCTRL2': ParsedDataItem(IDX__TXHDRHGTRIGCTRL2, raw=0, derived=0, unit=None), 'IDX__TXHDRLGTRIGCTRL1': ParsedDataItem(IDX__TXHDRLGTRIGCTRL1, raw=4294965248, derived=4294965248, unit=None), 'IDX__TXHDRLGTRIGCTRL2': ParsedDataItem(IDX__TXHDRLGTRIGCTRL2, raw=4278255360, derived=4278255360, unit=None), 'IDX__TXHDRMGTRIGCTRL1': ParsedDataItem(IDX__TXHDRMGTRIGCTRL1, raw=4294965248, derived=4294965248, unit=None), 'IDX__TXHDRMGTRIGCTRL2': ParsedDataItem(IDX__TXHDRMGTRIGCTRL2, raw=4278255360, derived=4278255360, unit=None), 'IDX__TXHDRSP03': ParsedDataItem(IDX__TXHDRSP03, raw=0, derived=0, unit=None), 'IDX__TXHDRLSADC': ParsedDataItem(IDX__TXHDRLSADC, raw=555521, derived=555521, unit=None), 'IDX__TXHDRPOLSTAT': ParsedDataItem(IDX__TXHDRPOLSTAT, raw=1, derived=NEG, unit=None), 'IDX__TXHDRSP04': ParsedDataItem(IDX__TXHDRSP04, raw=0, derived=0, unit=None), 'IDX__TXHDRPOLCTRL': ParsedDataItem(IDX__TXHDRPOLCTRL, raw=0, derived=POS, unit=None), 'IDX__TXHDRCOINENA': ParsedDataItem(IDX__TXHDRCOINENA, raw=0, derived=DIS, unit=None), 'IDX__TXHDRLSTRIGMODE': ParsedDataItem(IDX__TXHDRLSTRIGMODE, raw=0, derived=DIS, unit=None), 'IDX__TXHDRMGTRIGMODE': ParsedDataItem(IDX__TXHDRMGTRIGMODE, raw=0, derived=0, unit=None), 'IDX__TXHDRLGTRIGMODE': ParsedDataItem(IDX__TXHDRLGTRIGMODE, raw=0, derived=0, unit=None), 'IDX__TXHDRHGTRIGMODE': ParsedDataItem(IDX__TXHDRHGTRIGMODE, raw=1, derived=1, unit=None), 'IDX__TXHDRSP05': ParsedDataItem(IDX__TXHDRSP05, raw=0, derived=0, unit=None), 'IDX__TXHDRSP06': ParsedDataItem(IDX__TXHDRSP06, raw=0, derived=0, unit=None), 'IDX__TXHDRSP07': ParsedDataItem(IDX__TXHDRSP07, raw=2022, derived=2022, unit=None), 'IDX__TXHDRSP08': ParsedDataItem(IDX__TXHDRSP08, raw=0, derived=0, unit=None), 'IDX__TXHDRTOFMAX': ParsedDataItem(IDX__TXHDRTOFMAX, raw=542645877, derived=542645877, unit=None), 'IDX__TXHDRTOFMIN': ParsedDataItem(IDX__TXHDRTOFMIN, raw=535295476, derived=535295476, unit=None), 'IDX__TXHDRLS0MAXMIN': ParsedDataItem(IDX__TXHDRLS0MAXMIN, raw=8464397, derived=8464397, unit=None), 'IDX__TXHDRLS1MAXMIN': ParsedDataItem(IDX__TXHDRLS1MAXMIN, raw=8484835, derived=8484835, unit=None), 'IDX__TXHDRLS2MAXMIN': ParsedDataItem(IDX__TXHDRLS2MAXMIN, raw=8304613, derived=8304613, unit=None), 'IDX__TXHDRFIFODELAY': ParsedDataItem(IDX__TXHDRFIFODELAY, raw=18, derived=18, unit=None), 'IDX__TXHDRSAMPDELAY': ParsedDataItem(IDX__TXHDRSAMPDELAY, raw=49331282, derived=49331282, unit=None), 'IDX__TXHDRTRANSCNT': ParsedDataItem(IDX__TXHDRTRANSCNT, raw=6, derived=6, unit=None), 'IDX__TXHDRPROCHKCH01': ParsedDataItem(IDX__TXHDRPROCHKCH01, raw=81527416, derived=81527416, unit=None), 'IDX__TXHDRPROCHKCH23': ParsedDataItem(IDX__TXHDRPROCHKCH23, raw=240258367, derived=240258367, unit=None), 'IDX__TXHDRPROCHKCH45': ParsedDataItem(IDX__TXHDRPROCHKCH45, raw=199034078, derived=199034078, unit=None), 'IDX__TXHDRPROCHKCH67': ParsedDataItem(IDX__TXHDRPROCHKCH67, raw=134088995, derived=134088995, unit=None), 'IDX__TXHDRHVPSHKCH01': ParsedDataItem(IDX__TXHDRHVPSHKCH01, raw=131663462, derived=131663462, unit=None), 'IDX__TXHDRHVPSHKCH23': ParsedDataItem(IDX__TXHDRHVPSHKCH23, raw=8849067, derived=8849067, unit=None), 'IDX__TXHDRHVPSHKCH45': ParsedDataItem(IDX__TXHDRHVPSHKCH45, raw=152897500, derived=152897500, unit=None), 'IDX__TXHDRHVPSHKCH67': ParsedDataItem(IDX__TXHDRHVPSHKCH67, raw=20056716, derived=20056716, unit=None), 'IDX__TXHDRLVHK0CH01': ParsedDataItem(IDX__TXHDRLVHK0CH01, raw=134219776, derived=134219776, unit=None), 'IDX__TXHDRLVHK0CH23': ParsedDataItem(IDX__TXHDRLVHK0CH23, raw=173018038, derived=173018038, unit=None), 'IDX__TXHDRLVHK0CH45': ParsedDataItem(IDX__TXHDRLVHK0CH45, raw=134941794, derived=134941794, unit=None), 'IDX__TXHDRLVHK0CH67': ParsedDataItem(IDX__TXHDRLVHK0CH67, raw=207096915, derived=207096915, unit=None), 'IDX__TXHDRLVHK1CH01': ParsedDataItem(IDX__TXHDRLVHK1CH01, raw=32114208, derived=32114208, unit=None), 'IDX__TXHDRLVHK1CH23': ParsedDataItem(IDX__TXHDRLVHK1CH23, raw=63571204, derived=63571204, unit=None), 'IDX__TXHDRLVHK1CH45': ParsedDataItem(IDX__TXHDRLVHK1CH45, raw=183502389, derived=183502389, unit=None), 'IDX__TXHDRLVHK1CH67': ParsedDataItem(IDX__TXHDRLVHK1CH67, raw=189202913, derived=189202913, unit=None), 'IDX__TXHDRLVHK2CH01': ParsedDataItem(IDX__TXHDRLVHK2CH01, raw=42730130, derived=42730130, unit=None), 'IDX__TXHDRLVHK2CH23': ParsedDataItem(IDX__TXHDRLVHK2CH23, raw=260047824, derived=260047824, unit=None), 'IDX__TXHDRLVHK2CH45': ParsedDataItem(IDX__TXHDRLVHK2CH45, raw=101257134, derived=101257134, unit=None), 'IDX__TXHDRLVHK2CH67': ParsedDataItem(IDX__TXHDRLVHK2CH67, raw=69022, derived=69022, unit=None), 'IDX__TXHDRSP09': ParsedDataItem(IDX__TXHDRSP09, raw=0, derived=0, unit=None), 'IDX__TXHDRSP10': ParsedDataItem(IDX__TXHDRSP10, raw=0, derived=0, unit=None), 'IDX__TXHDRFSWAIDCOPY': ParsedDataItem(IDX__TXHDRFSWAIDCOPY, raw=2415277394, derived=2415277394, unit=None), 'IDX__TXHDRFSWBINCOPY': ParsedDataItem(IDX__TXHDRFSWBINCOPY, raw=0, derived=0, unit=None), 'IDX__TXHDRFSWMAJOR': ParsedDataItem(IDX__TXHDRFSWMAJOR, raw=2, derived=2, unit=None), 'IDX__TXHDRFSWMINOR': ParsedDataItem(IDX__TXHDRFSWMINOR, raw=0, derived=0, unit=None), 'IDX__TXHDRFSWPATCH': ParsedDataItem(IDX__TXHDRFSWPATCH, raw=0, derived=0, unit=None), 'IDX__TXHDRFSWHVSTAT': ParsedDataItem(IDX__TXHDRFSWHVSTAT, raw=3, derived=3, unit=None), 'IDX__TXHDRFSWMEM0': ParsedDataItem(IDX__TXHDRFSWMEM0, raw=0, derived=0, unit=None), 'IDX__TXHDRFSWMEM1': ParsedDataItem(IDX__TXHDRFSWMEM1, raw=0, derived=0, unit=None), 'IDX__TXHDRFSWPT0': ParsedDataItem(IDX__TXHDRFSWPT0, raw=0, derived=0, unit=None), 'IDX__TXHDRFSWPT1': ParsedDataItem(IDX__TXHDRFSWPT1, raw=0, derived=0, unit=None), 'IDX__TXHDRFSWPT2': ParsedDataItem(IDX__TXHDRFSWPT2, raw=0, derived=0, unit=None), 'IDX__TXHDRFSWPT3': ParsedDataItem(IDX__TXHDRFSWPT3, raw=0, derived=0, unit=None), 'IDX__TXHDRFSWPT4': ParsedDataItem(IDX__TXHDRFSWPT4, raw=0, derived=0, unit=None), 'IDX__TXHDRFSWPT5': ParsedDataItem(IDX__TXHDRFSWPT5, raw=0, derived=0, unit=None), 'IDX__TXHDRFSWPT6': ParsedDataItem(IDX__TXHDRFSWPT6, raw=0, derived=0, unit=None), 'IDX__TXHDRFSWPT7': ParsedDataItem(IDX__TXHDRFSWPT7, raw=0, derived=0, unit=None), 'IDX__TXHDRFSWPT8': ParsedDataItem(IDX__TXHDRFSWPT8, raw=0, derived=0, unit=None), 'IDX__TXHDRFSWPT9': ParsedDataItem(IDX__TXHDRFSWPT9, raw=0, derived=0, unit=None), 'IDX__TXHDRFPGAVER': ParsedDataItem(IDX__TXHDRFPGAVER, raw=539165480, derived=539165480, unit=None), 'IDX__SYNCSCI0PKT': ParsedDataItem(IDX__SYNCSCI0PKT, raw=13107, derived=13107, unit=None), 'IDX__CRCSCI0PKT': ParsedDataItem(IDX__CRCSCI0PKT, raw=40128, derived=40128, unit=None)}
SHCOARSE = 439590335
SHFINE = 10930
IDX__SCI0AID = 2415277394
IDX__SCI0TYPE = 1
IDX__SCI0CONT = 127
IDX__SCI0SPARE1 = 0
IDX__SCI0PACK = EN
IDX__SCI0FRAG = DS
IDX__SCI0COMP = DS
IDX__SCI0EVTNUM = 15
IDX__SCI0CAT = 32
IDX__SCI0QUAL = 5
IDX__SCI0FRAGOFF = 0
IDX__SCI0VER = 9
IDX__SCI0TIME32 = 439589811
IDX__SCI0SPARE2 = 0
IDX__SCI0SPARE3 = 0
IDX__SCI0SPARE4 = 0
IDX__TXHDRSCIEVTLEN = 8320
IDX__TXHDRSP00 = 0
IDX__TXHDRTIMESEC1 = 6707
IDX__TXHDRTIMESEC2 = 39859
IDX__TXHDRTIMESUBS = 37308
IDX__TXHDRSP01 = 0
IDX__TXHDRTRIGOFFSET = 6
IDX__TXHDRSP02 = 0
IDX__TXHDRTRIGID = 1
IDX__TXHDREVTNUM = 15
IDX__TXHDRBLOCKS = 243679
IDX__TXHDRHGTRIGCTRL1 = 2222981120
IDX__TXHDRHGTRIGCTRL2 = 0
IDX__TXHDRLGTRIGCTRL1 = 4294965248
IDX__TXHDRLGTRIGCTRL2 = 4278255360
IDX__TXHDRMGTRIGCTRL1 = 4294965248
IDX__TXHDRMGTRIGCTRL2 = 4278255360
IDX__TXHDRSP03 = 0
IDX__TXHDRLSADC = 555521
IDX__TXHDRPOLSTAT = NEG
IDX__TXHDRSP04 = 0
IDX__TXHDRPOLCTRL = POS
IDX__TXHDRCOINENA = DIS
IDX__TXHDRLSTRIGMODE = DIS
IDX__TXHDRMGTRIGMODE = 0
IDX__TXHDRLGTRIGMODE = 0
IDX__TXHDRHGTRIGMODE = 1
IDX__TXHDRSP05 = 0
IDX__TXHDRSP06 = 0
IDX__TXHDRSP07 = 2022
IDX__TXHDRSP08 = 0
IDX__TXHDRTOFMAX = 542645877
IDX__TXHDRTOFMIN = 535295476
IDX__TXHDRLS0MAXMIN = 8464397
IDX__TXHDRLS1MAXMIN = 8484835
IDX__TXHDRLS2MAXMIN = 8304613
IDX__TXHDRFIFODELAY = 18
IDX__TXHDRSAMPDELAY = 49331282
IDX__TXHDRTRANSCNT = 6
IDX__TXHDRPROCHKCH01 = 81527416
IDX__TXHDRPROCHKCH23 = 240258367
IDX__TXHDRPROCHKCH45 = 199034078
IDX__TXHDRPROCHKCH67 = 134088995
IDX__TXHDRHVPSHKCH01 = 131663462
IDX__TXHDRHVPSHKCH23 = 8849067
IDX__TXHDRHVPSHKCH45 = 152897500
IDX__TXHDRHVPSHKCH67 = 20056716
IDX__TXHDRLVHK0CH01 = 134219776
IDX__TXHDRLVHK0CH23 = 173018038
IDX__TXHDRLVHK0CH45 = 134941794
IDX__TXHDRLVHK0CH67 = 207096915
IDX__TXHDRLVHK1CH01 = 32114208
IDX__TXHDRLVHK1CH23 = 63571204
IDX__TXHDRLVHK1CH45 = 183502389
IDX__TXHDRLVHK1CH67 = 189202913
IDX__TXHDRLVHK2CH01 = 42730130
IDX__TXHDRLVHK2CH23 = 260047824
IDX__TXHDRLVHK2CH45 = 101257134
IDX__TXHDRLVHK2CH67 = 69022
IDX__TXHDRSP09 = 0
IDX__TXHDRSP10 = 0
IDX__TXHDRFSWAIDCOPY = 2415277394
IDX__TXHDRFSWBINCOPY = 0
IDX__TXHDRFSWMAJOR = 2
IDX__TXHDRFSWMINOR = 0
IDX__TXHDRFSWPATCH = 0
IDX__TXHDRFSWHVSTAT = 3
IDX__TXHDRFSWMEM0 = 0
IDX__TXHDRFSWMEM1 = 0
IDX__TXHDRFSWPT0 = 0
IDX__TXHDRFSWPT1 = 0
IDX__TXHDRFSWPT2 = 0
IDX__TXHDRFSWPT3 = 0
IDX__TXHDRFSWPT4 = 0
IDX__TXHDRFSWPT5 = 0
IDX__TXHDRFSWPT6 = 0
IDX__TXHDRFSWPT7 = 0
IDX__TXHDRFSWPT8 = 0
IDX__TXHDRFSWPT9 = 0
IDX__TXHDRFPGAVER = 539165480
IDX__SYNCSCI0PKT = 13107
IDX__CRCSCI0PKT = 40128
^*****Event header 14******^
HS pre trig sampling blocks:  31
LS pre trig sampling blocks:  3
HS post trig sampling blocks:  31
LS post trig sampling blocks:  11
IDX__TXHDRHVPSHKCH01 = 131663462
Detector voltage =  1638
Sensor voltage =  2009
Target voltage =  1707
Reflectron voltage =  135
Rejection voltage =  2012
Current for HVPS sensor =  2333
Positive current for HVPS sensor =  2700
Negative current for HVPS sensor =  306
Voltage +3.3V reference =  2048
Voltage +3.3V operational reference =  2048
Voltage -6V bus =  2998
Voltage +6V bus =  2640
Voltage +16V bus =  3170
Voltage +3.3V bus =  2059
Voltage -5V bus =  3155
Voltage +5V bus =  3160
Current +3.3V bus =  1568
Current +16V bus =  970
Current +6V bus =  1284
Current -6V bus =  970
Current +5V bus =  1589
Current -5V bus =  2800
Current +2.5V bus =  481
Current -2.5V bus =  2887
Current on the 1V POL =  632
Current on the 1.9V POL =  1244
ProcBd Temperature 1 =  3391
ProcBd Temperature 2 =  3666
Voltage on 1V bus =  1246
FPGA Temperature =  3037
Voltage on 1.9V bus =  2339
Voltage on 3.3V bus =  2046
var_to_row = {'Last measurement in raw DN for Processor Board signal “1V POL Current”': 0, 'Last measurement in raw DN for Processor Board signal “1.9V POL Current”': 1, 'Last measurement in raw DN for Processor Board signal “ProcBd Temp1”': 2, nan: 48, 'Last measurement in raw DN for Processor Board signal “ProcBd Temp2”': 6, 'Last measurement in raw DN for Processor Board signal “1V Voltage”': 10, 'Last measurement in raw DN for Processor Board signal “FPGA Temp”': 11, 'Last measurement in raw DN for Processor Board signal “1.9V Voltage”': 12, 'Last measurement in raw DN for Processor Board signal “3.3V Voltage”': 13, 'Last measurement in raw DN for HVPS Board signal “Detector Voltage”': 14, 'Last measurement in raw DN for HVPS Board signal “Sensor Voltage"': 15, 'Last measurement in raw DN for HVPS Board signal “Target Voltage”': 16, 'Last measurement in raw DN for HVPS Board signal “Reflectron Voltage”': 17, 'Last measurement in raw DN for HVPS Board signal “Rejection Voltage”': 18, 'Last measurement in raw DN for HVPS Board signal “Detector Current”': 19, 'Last measurement in raw DN for HVPS Board signal “Sensor IP”': 20, 'Last measurement in raw DN for HVPS Board signal “Sensor IN”': 21, 'Last measurement in raw DN for LVPS Board signal “P3.3VREF_HK”': 22, 'Last measurement in raw DN for LVPS Board signal “P3.3VREF_OP”': 23, 'Last measurement in raw DN for LVPS Board signal “N6V”': 24, 'Last measurement in raw DN for LVPS Board signal “P6V”': 25, 'Last measurement in raw DN for LVPS Board signal “P16V”': 26, 'Last measurement in raw DN for LVPS Board signal “P3.3V”': 27, 'Last measurement in raw DN for LVPS Board signal “N5V”': 28, 'Last measurement in raw DN for LVPS Board signal “P5V”': 29, 'Last measurement in raw DN for LVPS Board signal “P3.3_IMON”': 30, 'Last measurement in raw DN for LVPS Board signal “P16V_IMON”': 31, 'Last measurement in raw DN for LVPS Board signal “P6V_IMON”': 32, 'Last measurement in raw DN for LVPS Board signal “N6V_IMON”': 33, 'Last measurement in raw DN for LVPS Board signal “P5V_IMON”': 34, 'Last measurement in raw DN for LVPS Board signal “N5V_IMON”': 35, 'Last measurement in raw DN for LVPS Board signal “P2.5V_IMON”': 36, 'Last measurement in raw DN for LVPS Board signal “N2.5V_IMON”': 37, 'Last measurement in raw DN for LVPS Board signal “THERM_DECON0”': 38, 'Last measurement in raw DN for LVPS Board signal “THERM_DECON1”': 39, 'Last measurement in raw DN for LVPS Board signal “THERM_DAB”': 40, 'Last measurement in raw DN for LVPS Board signal “THERM_LVPS”': 41, 'Last measurement in raw DN for LVPS Board signal “THERM_HVPS”': 45, 'Last measurement in raw DN for LVPS Board signal “P2.5V”': 49, 'Last measurement in raw DN for LVPS Board signal “N2.5V”': 50, 'Last measurement in raw DN for LVPS Board signal “Spare”': 51}

 
 ***** var_name being converted for each instrument setting ***** 
 

Matching row  18
coeffs for Last measurement in raw DN for Processor Board signal “1V POL Current”= [0.0 0.9029253 0.0 0.0 0.0 0.0 0.0 0.0]
var_name = Last measurement in raw DN for Processor Board signal “1V POL Current”
var_name = current_1V_pol
Header info = 632
Transformed value for current_1V_pol = 570.6487896
Matching row  18
coeffs for Last measurement in raw DN for Processor Board signal “1.9V POL Current”= [0.0 0.9029253 0.0 0.0 0.0 0.0 0.0 0.0]
var_name = Last measurement in raw DN for Processor Board signal “1.9V POL Current”
var_name = current_1.9V_pol
Header info = 1244
Transformed value for current_1.9V_pol = 1123.2390732000001
Matching row  18
coeffs for Last measurement in raw DN for Processor Board signal “ProcBd Temp1”= [162.8276 -0.2668687 0.0003323794 -2.43153e-07 9.034532e-11 -1.327735e-14
 0.0 0.0]
var_name = Last measurement in raw DN for Processor Board signal “ProcBd Temp1”
var_name = temperature_1
Header info = 3391
Transformed value for temperature_1 = -408.6811903905609
Matching row  18
coeffs for nan= [-104713.9 52.02446 -0.006463374 0.0 0.0 0.0 0.0 0.0]
var_name = nan
var_name = None
KeyError: (14, None) - Could not find entry for None, 48. Please check the Var_notes or variable mapping.
Matching row  18
coeffs for Last measurement in raw DN for Processor Board signal “ProcBd Temp2”= [162.8276 -0.2668687 0.0003323794 -2.43153e-07 9.034532e-11 -1.327735e-14
 0.0 0.0]
var_name = Last measurement in raw DN for Processor Board signal “ProcBd Temp2”
var_name = temperature_2
Header info = 3666
Transformed value for temperature_2 = -801.8818752684547
Matching row  18
coeffs for Last measurement in raw DN for Processor Board signal “1V Voltage”= [0.0 0.000805861 0.0 0.0 0.0 0.0 0.0 0.0]
var_name = Last measurement in raw DN for Processor Board signal “1V Voltage”
var_name = voltage_1V_bus
Header info = 1246
Transformed value for voltage_1V_bus = 1.004102806
Matching row  18
coeffs for Last measurement in raw DN for Processor Board signal “FPGA Temp”= [358.31 -0.1187104 0.0 0.0 0.0 0.0 0.0 0.0]
var_name = Last measurement in raw DN for Processor Board signal “FPGA Temp”
var_name = fpga_temperature
Header info = 3037
Transformed value for fpga_temperature = -2.2134848000000034
Matching row  18
coeffs for Last measurement in raw DN for Processor Board signal “1.9V Voltage”= [0.0 0.000805861 0.0 0.0 0.0 0.0 0.0 0.0]
var_name = Last measurement in raw DN for Processor Board signal “1.9V Voltage”
var_name = voltage_1.9V_bus
Header info = 2339
Transformed value for voltage_1.9V_bus = 1.884908879
Matching row  18
coeffs for Last measurement in raw DN for Processor Board signal “3.3V Voltage”= [0.0 0.001611722 0.0 0.0 0.0 0.0 0.0 0.0]
var_name = Last measurement in raw DN for Processor Board signal “3.3V Voltage”
var_name = voltage_3.3V_bus
Header info = 2046
Transformed value for voltage_3.3V_bus = 3.2975832119999997
Matching row  18
coeffs for Last measurement in raw DN for HVPS Board signal “Detector Voltage”= [0.0 1.4652 0.0 0.0 0.0 0.0 0.0 0.0]
var_name = Last measurement in raw DN for HVPS Board signal “Detector Voltage”
var_name = detector_voltage
Header info = 1638
Transformed value for detector_voltage = 2399.9976
Matching row  18
coeffs for Last measurement in raw DN for HVPS Board signal “Sensor Voltage"= [0.0 1.4652 0.0 0.0 0.0 0.0 0.0 0.0]
var_name = Last measurement in raw DN for HVPS Board signal “Sensor Voltage"
var_name = sensor_voltage
Header info = 2009
Transformed value for sensor_voltage = 2943.5868
Matching row  18
coeffs for Last measurement in raw DN for HVPS Board signal “Target Voltage”= [0.0 1.4652 0.0 0.0 0.0 0.0 0.0 0.0]
var_name = Last measurement in raw DN for HVPS Board signal “Target Voltage”
var_name = target_voltage
Header info = 1707
Transformed value for target_voltage = 2501.0964
Matching row  18
coeffs for Last measurement in raw DN for HVPS Board signal “Reflectron Voltage”= [0.0 1.4652 0.0 0.0 0.0 0.0 0.0 0.0]
var_name = Last measurement in raw DN for HVPS Board signal “Reflectron Voltage”
var_name = reflectron_voltage
Header info = 135
Transformed value for reflectron_voltage = 197.80200000000002
Matching row  18
coeffs for Last measurement in raw DN for HVPS Board signal “Rejection Voltage”= [0.0 1.4652 0.0 0.0 0.0 0.0 0.0 0.0]
var_name = Last measurement in raw DN for HVPS Board signal “Rejection Voltage”
var_name = rejection_voltage
Header info = 2012
Transformed value for rejection_voltage = 2947.9824000000003
Matching row  18
coeffs for Last measurement in raw DN for HVPS Board signal “Detector Current”= [0.0 7.326e-06 0.0 0.0 0.0 0.0 0.0 0.0]
var_name = Last measurement in raw DN for HVPS Board signal “Detector Current”
var_name = current_hvps_sensor
Header info = 2333
Transformed value for current_hvps_sensor = 0.017091558
Matching row  18
coeffs for Last measurement in raw DN for HVPS Board signal “Sensor IP”= [0.0 2.4339e-05 0.0 0.0 0.0 0.0 0.0 0.0]
var_name = Last measurement in raw DN for HVPS Board signal “Sensor IP”
var_name = positive_current_hvps
Header info = 2700
Transformed value for positive_current_hvps = 0.06571529999999999
Matching row  18
coeffs for Last measurement in raw DN for HVPS Board signal “Sensor IN”= [0.0 2.4339e-05 0.0 0.0 0.0 0.0 0.0 0.0]
var_name = Last measurement in raw DN for HVPS Board signal “Sensor IN”
var_name = negative_current_hvps
Header info = 306
Transformed value for negative_current_hvps = 0.007447733999999999
Matching row  18
coeffs for Last measurement in raw DN for LVPS Board signal “P3.3VREF_HK”= [0.0 0.00161172 0.0 0.0 0.0 0.0 0.0 0.0]
var_name = Last measurement in raw DN for LVPS Board signal “P3.3VREF_HK”
var_name = voltage_3V3_ref
Header info = 2048
Transformed value for voltage_3V3_ref = 3.30080256
Matching row  18
coeffs for Last measurement in raw DN for LVPS Board signal “P3.3VREF_OP”= [0.0 0.00161172 0.0 0.0 0.0 0.0 0.0 0.0]
var_name = Last measurement in raw DN for LVPS Board signal “P3.3VREF_OP”
var_name = voltage_3V3_op_ref
Header info = 2048
Transformed value for voltage_3V3_op_ref = 3.30080256
Matching row  18
coeffs for Last measurement in raw DN for LVPS Board signal “N6V”= [-33.0 0.00886447 0.0 0.0 0.0 0.0 0.0 0.0]
var_name = Last measurement in raw DN for LVPS Board signal “N6V”
var_name = voltage_neg6V_bus
Header info = 2998
Transformed value for voltage_neg6V_bus = -6.424318940000003
Matching row  18
coeffs for Last measurement in raw DN for LVPS Board signal “P6V”= [0.0 0.00241758 0.0 0.0 0.0 0.0 0.0 0.0]
var_name = Last measurement in raw DN for LVPS Board signal “P6V”
var_name = voltage_pos6V_bus
Header info = 2640
Transformed value for voltage_pos6V_bus = 6.3824112
Matching row  18
coeffs for Last measurement in raw DN for LVPS Board signal “P16V”= [0.0 0.00482711 0.0 0.0 0.0 0.0 0.0 0.0]
var_name = Last measurement in raw DN for LVPS Board signal “P16V”
var_name = voltage_pos16V_bus
Header info = 3170
Transformed value for voltage_pos16V_bus = 15.3019387
Matching row  18
coeffs for Last measurement in raw DN for LVPS Board signal “P3.3V”= [0.0 0.00161172 0.0 0.0 0.0 0.0 0.0 0.0]
var_name = Last measurement in raw DN for LVPS Board signal “P3.3V”
var_name = voltage_pos3V3_bus
Header info = 2059
Transformed value for voltage_pos3V3_bus = 3.3185314800000003
Matching row  18
coeffs for Last measurement in raw DN for LVPS Board signal “N5V”= [-33.0 0.00886447 0.0 0.0 0.0 0.0 0.0 0.0]
var_name = Last measurement in raw DN for LVPS Board signal “N5V”
var_name = voltage_neg5V_bus
Header info = 3155
Transformed value for voltage_neg5V_bus = -5.032597150000001
Matching row  18
coeffs for Last measurement in raw DN for LVPS Board signal “P5V”= [0.0 0.00161172 0.0 0.0 0.0 0.0 0.0 0.0]
var_name = Last measurement in raw DN for LVPS Board signal “P5V”
var_name = voltage_pos5V_bus
Header info = 3160
Transformed value for voltage_pos5V_bus = 5.0930352
Matching row  18
coeffs for Last measurement in raw DN for LVPS Board signal “P3.3_IMON”= [0.0 0.00161172 0.0 0.0 0.0 0.0 0.0 0.0]
var_name = Last measurement in raw DN for LVPS Board signal “P3.3_IMON”
var_name = current_3V3_bus
Header info = 1568
Transformed value for current_3V3_bus = 2.5271769600000002
Matching row  18
coeffs for Last measurement in raw DN for LVPS Board signal “P16V_IMON”= [0.0 0.000161172 0.0 0.0 0.0 0.0 0.0 0.0]
var_name = Last measurement in raw DN for LVPS Board signal “P16V_IMON”
var_name = current_16V_bus
Header info = 970
Transformed value for current_16V_bus = 0.15633684
Matching row  18
coeffs for Last measurement in raw DN for LVPS Board signal “P6V_IMON”= [0.0 8.05861e-05 0.0 0.0 0.0 0.0 0.0 0.0]
var_name = Last measurement in raw DN for LVPS Board signal “P6V_IMON”
var_name = current_6V_bus
Header info = 1284
Transformed value for current_6V_bus = 0.1034725524
Matching row  18
coeffs for Last measurement in raw DN for LVPS Board signal “N6V_IMON”= [0.0 -8.05861e-05 0.0 0.0 0.0 0.0 0.0 0.0]
var_name = Last measurement in raw DN for LVPS Board signal “N6V_IMON”
var_name = current_neg6V_bus
Header info = 970
Transformed value for current_neg6V_bus = -0.07816851699999999
Matching row  18
coeffs for Last measurement in raw DN for LVPS Board signal “P5V_IMON”= [0.0 4.029304e-05 0.0 0.0 0.0 0.0 0.0 0.0]
var_name = Last measurement in raw DN for LVPS Board signal “P5V_IMON”
var_name = current_5V_bus
Header info = 1589
Transformed value for current_5V_bus = 0.06402564056
Matching row  18
coeffs for Last measurement in raw DN for LVPS Board signal “N5V_IMON”= [0.0 -2.01465e-05 0.0 0.0 0.0 0.0 0.0 0.0]
var_name = Last measurement in raw DN for LVPS Board signal “N5V_IMON”
var_name = current_neg5V_bus
Header info = 2800
Transformed value for current_neg5V_bus = -0.0564102
Matching row  18
coeffs for Last measurement in raw DN for LVPS Board signal “P2.5V_IMON”= [0.0 0.00161172 0.0 0.0 0.0 0.0 0.0 0.0]
var_name = Last measurement in raw DN for LVPS Board signal “P2.5V_IMON”
var_name = current_2V5_bus
Header info = 481
Transformed value for current_2V5_bus = 0.77523732
Matching row  18
coeffs for Last measurement in raw DN for LVPS Board signal “N2.5V_IMON”= [0.0 -4.0293e-05 0.0 0.0 0.0 0.0 0.0 0.0]
var_name = Last measurement in raw DN for LVPS Board signal “N2.5V_IMON”
var_name = current_neg2V5_bus
Header info = 2887
Transformed value for current_neg2V5_bus = -0.116325891
Matching row  18
coeffs for Last measurement in raw DN for LVPS Board signal “THERM_DECON0”= [-110.293 0.0665351 0.000305738 -6.32048e-07 5.9934e-10 -2.98784e-13
 7.61361e-17 -7.76467e-21]
var_name = Last measurement in raw DN for LVPS Board signal “THERM_DECON0”
var_name = None
KeyError: (14, None) - Could not find entry for None, 38. Please check the Var_notes or variable mapping.
Matching row  18
coeffs for Last measurement in raw DN for LVPS Board signal “THERM_DECON1”= [-150.478 0.376986 -0.00062072 7.73853e-07 -5.81588e-10 2.56368e-13
 -6.05698e-17 5.96635e-21]
var_name = Last measurement in raw DN for LVPS Board signal “THERM_DECON1”
var_name = None
KeyError: (14, None) - Could not find entry for None, 39. Please check the Var_notes or variable mapping.
Matching row  18
coeffs for Last measurement in raw DN for LVPS Board signal “THERM_DAB”= [-443.248 1.31224 -0.00180422 1.40016e-06 -6.43766e-10 1.7448e-13
 -2.57695e-17 1.60239e-21]
var_name = Last measurement in raw DN for LVPS Board signal “THERM_DAB”
var_name = None
KeyError: (14, None) - Could not find entry for None, 40. Please check the Var_notes or variable mapping.
Matching row  18
coeffs for Last measurement in raw DN for LVPS Board signal “THERM_LVPS”= [200.4137 -0.2020699 0.000175403 -9.739547e-08 2.888932e-11 -3.545603e-15
 0.0 0.0]
var_name = Last measurement in raw DN for LVPS Board signal “THERM_LVPS”
var_name = None
KeyError: (14, None) - Could not find entry for None, 41. Please check the Var_notes or variable mapping.
Matching row  18
coeffs for Last measurement in raw DN for LVPS Board signal “THERM_HVPS”= [200.4137 -0.2020699 0.000175403 -9.739547e-08 2.888932e-11 -3.545603e-15
 0.0 0.0]
var_name = Last measurement in raw DN for LVPS Board signal “THERM_HVPS”
var_name = None
KeyError: (14, None) - Could not find entry for None, 45. Please check the Var_notes or variable mapping.
Matching row  18
coeffs for Last measurement in raw DN for LVPS Board signal “P2.5V”= [0.0 0.00161172 0.0 0.0 0.0 0.0 0.0 0.0]
var_name = Last measurement in raw DN for LVPS Board signal “P2.5V”
var_name = None
KeyError: (14, None) - Could not find entry for None, 49. Please check the Var_notes or variable mapping.
Matching row  18
coeffs for Last measurement in raw DN for LVPS Board signal “N2.5V”= [-33.0 0.00886447 0.0 0.0 0.0 0.0 0.0 0.0]
var_name = Last measurement in raw DN for LVPS Board signal “N2.5V”
var_name = None
KeyError: (14, None) - Could not find entry for None, 50. Please check the Var_notes or variable mapping.
Matching row  18
coeffs for Last measurement in raw DN for LVPS Board signal “Spare”= [0.0 0.00161172 0.0 0.0 0.0 0.0 0.0 0.0]
var_name = Last measurement in raw DN for LVPS Board signal “Spare”
var_name = spare_signal
KeyError: (14, 'spare_signal') - Could not find entry for spare_signal, 51. Please check the Var_notes or variable mapping.
High gain delay = 47 samples.
Mid gain delay = 47 samples.
Low gain delay = 82 samples.
High sampling trigger mode =  0 0 1
High gain trigger mode enabled.
For 2222981120, HG Trigger level = 0.15317, sample settings = 0, 0
Threshold trigger mode enabled for high gain channel.
AID = 2415277394
Event number = 15
Rice compression enabled = False
Timestamp = 439569022.20826 seconds since epoch (Midnight January 1st, 2010)
Trigger time = 2023-12-06 14:30:22.208260+00:00
14
14
14
14
14
14
14
14
14
14
14
14
14
{'SHCOARSE': ParsedDataItem(SHCOARSE, raw=439590348, derived=439590348, unit=dn), 'SHFINE': ParsedDataItem(SHFINE, raw=10918, derived=10918, unit=dn), 'IDX__SCI0AID': ParsedDataItem(IDX__SCI0AID, raw=2415277394, derived=2415277394, unit=None), 'IDX__SCI0TYPE': ParsedDataItem(IDX__SCI0TYPE, raw=1, derived=1, unit=None), 'IDX__SCI0CONT': ParsedDataItem(IDX__SCI0CONT, raw=127, derived=127, unit=None), 'IDX__SCI0SPARE1': ParsedDataItem(IDX__SCI0SPARE1, raw=0, derived=0, unit=None), 'IDX__SCI0PACK': ParsedDataItem(IDX__SCI0PACK, raw=1, derived=EN, unit=None), 'IDX__SCI0FRAG': ParsedDataItem(IDX__SCI0FRAG, raw=0, derived=DS, unit=None), 'IDX__SCI0COMP': ParsedDataItem(IDX__SCI0COMP, raw=0, derived=DS, unit=None), 'IDX__SCI0EVTNUM': ParsedDataItem(IDX__SCI0EVTNUM, raw=16, derived=16, unit=None), 'IDX__SCI0CAT': ParsedDataItem(IDX__SCI0CAT, raw=32, derived=32, unit=None), 'IDX__SCI0QUAL': ParsedDataItem(IDX__SCI0QUAL, raw=5, derived=5, unit=None), 'IDX__SCI0FRAGOFF': ParsedDataItem(IDX__SCI0FRAGOFF, raw=0, derived=0, unit=None), 'IDX__SCI0VER': ParsedDataItem(IDX__SCI0VER, raw=9, derived=9, unit=None), 'IDX__SCI0TIME32': ParsedDataItem(IDX__SCI0TIME32, raw=439589813, derived=439589813, unit=None), 'IDX__SCI0SPARE2': ParsedDataItem(IDX__SCI0SPARE2, raw=0, derived=0, unit=None), 'IDX__SCI0SPARE3': ParsedDataItem(IDX__SCI0SPARE3, raw=0, derived=0, unit=None), 'IDX__SCI0SPARE4': ParsedDataItem(IDX__SCI0SPARE4, raw=0, derived=0, unit=None), 'IDX__TXHDRSCIEVTLEN': ParsedDataItem(IDX__TXHDRSCIEVTLEN, raw=8320, derived=8320, unit=None), 'IDX__TXHDRSP00': ParsedDataItem(IDX__TXHDRSP00, raw=0, derived=0, unit=None), 'IDX__TXHDRTIMESEC1': ParsedDataItem(IDX__TXHDRTIMESEC1, raw=6707, derived=6707, unit=None), 'IDX__TXHDRTIMESEC2': ParsedDataItem(IDX__TXHDRTIMESEC2, raw=39861, derived=39861, unit=None), 'IDX__TXHDRTIMESUBS': ParsedDataItem(IDX__TXHDRTIMESUBS, raw=37302, derived=37302, unit=None), 'IDX__TXHDRSP01': ParsedDataItem(IDX__TXHDRSP01, raw=0, derived=0, unit=None), 'IDX__TXHDRTRIGOFFSET': ParsedDataItem(IDX__TXHDRTRIGOFFSET, raw=6, derived=6, unit=None), 'IDX__TXHDRSP02': ParsedDataItem(IDX__TXHDRSP02, raw=0, derived=0, unit=None), 'IDX__TXHDRTRIGID': ParsedDataItem(IDX__TXHDRTRIGID, raw=1, derived=1, unit=None), 'IDX__TXHDREVTNUM': ParsedDataItem(IDX__TXHDREVTNUM, raw=16, derived=16, unit=None), 'IDX__TXHDRBLOCKS': ParsedDataItem(IDX__TXHDRBLOCKS, raw=243679, derived=243679, unit=None), 'IDX__TXHDRHGTRIGCTRL1': ParsedDataItem(IDX__TXHDRHGTRIGCTRL1, raw=2222981120, derived=2222981120, unit=None), 'IDX__TXHDRHGTRIGCTRL2': ParsedDataItem(IDX__TXHDRHGTRIGCTRL2, raw=0, derived=0, unit=None), 'IDX__TXHDRLGTRIGCTRL1': ParsedDataItem(IDX__TXHDRLGTRIGCTRL1, raw=4294965248, derived=4294965248, unit=None), 'IDX__TXHDRLGTRIGCTRL2': ParsedDataItem(IDX__TXHDRLGTRIGCTRL2, raw=4278255360, derived=4278255360, unit=None), 'IDX__TXHDRMGTRIGCTRL1': ParsedDataItem(IDX__TXHDRMGTRIGCTRL1, raw=4294965248, derived=4294965248, unit=None), 'IDX__TXHDRMGTRIGCTRL2': ParsedDataItem(IDX__TXHDRMGTRIGCTRL2, raw=4278255360, derived=4278255360, unit=None), 'IDX__TXHDRSP03': ParsedDataItem(IDX__TXHDRSP03, raw=0, derived=0, unit=None), 'IDX__TXHDRLSADC': ParsedDataItem(IDX__TXHDRLSADC, raw=555521, derived=555521, unit=None), 'IDX__TXHDRPOLSTAT': ParsedDataItem(IDX__TXHDRPOLSTAT, raw=1, derived=NEG, unit=None), 'IDX__TXHDRSP04': ParsedDataItem(IDX__TXHDRSP04, raw=0, derived=0, unit=None), 'IDX__TXHDRPOLCTRL': ParsedDataItem(IDX__TXHDRPOLCTRL, raw=0, derived=POS, unit=None), 'IDX__TXHDRCOINENA': ParsedDataItem(IDX__TXHDRCOINENA, raw=0, derived=DIS, unit=None), 'IDX__TXHDRLSTRIGMODE': ParsedDataItem(IDX__TXHDRLSTRIGMODE, raw=0, derived=DIS, unit=None), 'IDX__TXHDRMGTRIGMODE': ParsedDataItem(IDX__TXHDRMGTRIGMODE, raw=0, derived=0, unit=None), 'IDX__TXHDRLGTRIGMODE': ParsedDataItem(IDX__TXHDRLGTRIGMODE, raw=0, derived=0, unit=None), 'IDX__TXHDRHGTRIGMODE': ParsedDataItem(IDX__TXHDRHGTRIGMODE, raw=1, derived=1, unit=None), 'IDX__TXHDRSP05': ParsedDataItem(IDX__TXHDRSP05, raw=0, derived=0, unit=None), 'IDX__TXHDRSP06': ParsedDataItem(IDX__TXHDRSP06, raw=0, derived=0, unit=None), 'IDX__TXHDRSP07': ParsedDataItem(IDX__TXHDRSP07, raw=2022, derived=2022, unit=None), 'IDX__TXHDRSP08': ParsedDataItem(IDX__TXHDRSP08, raw=0, derived=0, unit=None), 'IDX__TXHDRTOFMAX': ParsedDataItem(IDX__TXHDRTOFMAX, raw=541597204, derived=541597204, unit=None), 'IDX__TXHDRTOFMIN': ParsedDataItem(IDX__TXHDRTOFMIN, raw=535295476, derived=535295476, unit=None), 'IDX__TXHDRLS0MAXMIN': ParsedDataItem(IDX__TXHDRLS0MAXMIN, raw=8464397, derived=8464397, unit=None), 'IDX__TXHDRLS1MAXMIN': ParsedDataItem(IDX__TXHDRLS1MAXMIN, raw=8476645, derived=8476645, unit=None), 'IDX__TXHDRLS2MAXMIN': ParsedDataItem(IDX__TXHDRLS2MAXMIN, raw=8308709, derived=8308709, unit=None), 'IDX__TXHDRFIFODELAY': ParsedDataItem(IDX__TXHDRFIFODELAY, raw=15, derived=15, unit=None), 'IDX__TXHDRSAMPDELAY': ParsedDataItem(IDX__TXHDRSAMPDELAY, raw=49331277, derived=49331277, unit=None), 'IDX__TXHDRTRANSCNT': ParsedDataItem(IDX__TXHDRTRANSCNT, raw=2, derived=2, unit=None), 'IDX__TXHDRPROCHKCH01': ParsedDataItem(IDX__TXHDRPROCHKCH01, raw=81461880, derived=81461880, unit=None), 'IDX__TXHDRPROCHKCH23': ParsedDataItem(IDX__TXHDRPROCHKCH23, raw=240258367, derived=240258367, unit=None), 'IDX__TXHDRPROCHKCH45': ParsedDataItem(IDX__TXHDRPROCHKCH45, raw=199034078, derived=199034078, unit=None), 'IDX__TXHDRPROCHKCH67': ParsedDataItem(IDX__TXHDRPROCHKCH67, raw=134088995, derived=134088995, unit=None), 'IDX__TXHDRHVPSHKCH01': ParsedDataItem(IDX__TXHDRHVPSHKCH01, raw=131663463, derived=131663463, unit=None), 'IDX__TXHDRHVPSHKCH23': ParsedDataItem(IDX__TXHDRHVPSHKCH23, raw=8849067, derived=8849067, unit=None), 'IDX__TXHDRHVPSHKCH45': ParsedDataItem(IDX__TXHDRHVPSHKCH45, raw=152897501, derived=152897501, unit=None), 'IDX__TXHDRHVPSHKCH67': ParsedDataItem(IDX__TXHDRHVPSHKCH67, raw=20056716, derived=20056716, unit=None), 'IDX__TXHDRLVHK0CH01': ParsedDataItem(IDX__TXHDRLVHK0CH01, raw=134219776, derived=134219776, unit=None), 'IDX__TXHDRLVHK0CH23': ParsedDataItem(IDX__TXHDRLVHK0CH23, raw=173018038, derived=173018038, unit=None), 'IDX__TXHDRLVHK0CH45': ParsedDataItem(IDX__TXHDRLVHK0CH45, raw=134941794, derived=134941794, unit=None), 'IDX__TXHDRLVHK0CH67': ParsedDataItem(IDX__TXHDRLVHK0CH67, raw=207096915, derived=207096915, unit=None), 'IDX__TXHDRLVHK1CH01': ParsedDataItem(IDX__TXHDRLVHK1CH01, raw=32114208, derived=32114208, unit=None), 'IDX__TXHDRLVHK1CH23': ParsedDataItem(IDX__TXHDRLVHK1CH23, raw=63571204, derived=63571204, unit=None), 'IDX__TXHDRLVHK1CH45': ParsedDataItem(IDX__TXHDRLVHK1CH45, raw=183502389, derived=183502389, unit=None), 'IDX__TXHDRLVHK1CH67': ParsedDataItem(IDX__TXHDRLVHK1CH67, raw=189268449, derived=189268449, unit=None), 'IDX__TXHDRLVHK2CH01': ParsedDataItem(IDX__TXHDRLVHK2CH01, raw=42730130, derived=42730130, unit=None), 'IDX__TXHDRLVHK2CH23': ParsedDataItem(IDX__TXHDRLVHK2CH23, raw=260047824, derived=260047824, unit=None), 'IDX__TXHDRLVHK2CH45': ParsedDataItem(IDX__TXHDRLVHK2CH45, raw=101257134, derived=101257134, unit=None), 'IDX__TXHDRLVHK2CH67': ParsedDataItem(IDX__TXHDRLVHK2CH67, raw=69022, derived=69022, unit=None), 'IDX__TXHDRSP09': ParsedDataItem(IDX__TXHDRSP09, raw=0, derived=0, unit=None), 'IDX__TXHDRSP10': ParsedDataItem(IDX__TXHDRSP10, raw=0, derived=0, unit=None), 'IDX__TXHDRFSWAIDCOPY': ParsedDataItem(IDX__TXHDRFSWAIDCOPY, raw=2415277394, derived=2415277394, unit=None), 'IDX__TXHDRFSWBINCOPY': ParsedDataItem(IDX__TXHDRFSWBINCOPY, raw=0, derived=0, unit=None), 'IDX__TXHDRFSWMAJOR': ParsedDataItem(IDX__TXHDRFSWMAJOR, raw=2, derived=2, unit=None), 'IDX__TXHDRFSWMINOR': ParsedDataItem(IDX__TXHDRFSWMINOR, raw=0, derived=0, unit=None), 'IDX__TXHDRFSWPATCH': ParsedDataItem(IDX__TXHDRFSWPATCH, raw=0, derived=0, unit=None), 'IDX__TXHDRFSWHVSTAT': ParsedDataItem(IDX__TXHDRFSWHVSTAT, raw=3, derived=3, unit=None), 'IDX__TXHDRFSWMEM0': ParsedDataItem(IDX__TXHDRFSWMEM0, raw=0, derived=0, unit=None), 'IDX__TXHDRFSWMEM1': ParsedDataItem(IDX__TXHDRFSWMEM1, raw=0, derived=0, unit=None), 'IDX__TXHDRFSWPT0': ParsedDataItem(IDX__TXHDRFSWPT0, raw=0, derived=0, unit=None), 'IDX__TXHDRFSWPT1': ParsedDataItem(IDX__TXHDRFSWPT1, raw=0, derived=0, unit=None), 'IDX__TXHDRFSWPT2': ParsedDataItem(IDX__TXHDRFSWPT2, raw=0, derived=0, unit=None), 'IDX__TXHDRFSWPT3': ParsedDataItem(IDX__TXHDRFSWPT3, raw=0, derived=0, unit=None), 'IDX__TXHDRFSWPT4': ParsedDataItem(IDX__TXHDRFSWPT4, raw=0, derived=0, unit=None), 'IDX__TXHDRFSWPT5': ParsedDataItem(IDX__TXHDRFSWPT5, raw=0, derived=0, unit=None), 'IDX__TXHDRFSWPT6': ParsedDataItem(IDX__TXHDRFSWPT6, raw=0, derived=0, unit=None), 'IDX__TXHDRFSWPT7': ParsedDataItem(IDX__TXHDRFSWPT7, raw=0, derived=0, unit=None), 'IDX__TXHDRFSWPT8': ParsedDataItem(IDX__TXHDRFSWPT8, raw=0, derived=0, unit=None), 'IDX__TXHDRFSWPT9': ParsedDataItem(IDX__TXHDRFSWPT9, raw=0, derived=0, unit=None), 'IDX__TXHDRFPGAVER': ParsedDataItem(IDX__TXHDRFPGAVER, raw=539165480, derived=539165480, unit=None), 'IDX__SYNCSCI0PKT': ParsedDataItem(IDX__SYNCSCI0PKT, raw=13107, derived=13107, unit=None), 'IDX__CRCSCI0PKT': ParsedDataItem(IDX__CRCSCI0PKT, raw=54729, derived=54729, unit=None)}
SHCOARSE = 439590348
SHFINE = 10918
IDX__SCI0AID = 2415277394
IDX__SCI0TYPE = 1
IDX__SCI0CONT = 127
IDX__SCI0SPARE1 = 0
IDX__SCI0PACK = EN
IDX__SCI0FRAG = DS
IDX__SCI0COMP = DS
IDX__SCI0EVTNUM = 16
IDX__SCI0CAT = 32
IDX__SCI0QUAL = 5
IDX__SCI0FRAGOFF = 0
IDX__SCI0VER = 9
IDX__SCI0TIME32 = 439589813
IDX__SCI0SPARE2 = 0
IDX__SCI0SPARE3 = 0
IDX__SCI0SPARE4 = 0
IDX__TXHDRSCIEVTLEN = 8320
IDX__TXHDRSP00 = 0
IDX__TXHDRTIMESEC1 = 6707
IDX__TXHDRTIMESEC2 = 39861
IDX__TXHDRTIMESUBS = 37302
IDX__TXHDRSP01 = 0
IDX__TXHDRTRIGOFFSET = 6
IDX__TXHDRSP02 = 0
IDX__TXHDRTRIGID = 1
IDX__TXHDREVTNUM = 16
IDX__TXHDRBLOCKS = 243679
IDX__TXHDRHGTRIGCTRL1 = 2222981120
IDX__TXHDRHGTRIGCTRL2 = 0
IDX__TXHDRLGTRIGCTRL1 = 4294965248
IDX__TXHDRLGTRIGCTRL2 = 4278255360
IDX__TXHDRMGTRIGCTRL1 = 4294965248
IDX__TXHDRMGTRIGCTRL2 = 4278255360
IDX__TXHDRSP03 = 0
IDX__TXHDRLSADC = 555521
IDX__TXHDRPOLSTAT = NEG
IDX__TXHDRSP04 = 0
IDX__TXHDRPOLCTRL = POS
IDX__TXHDRCOINENA = DIS
IDX__TXHDRLSTRIGMODE = DIS
IDX__TXHDRMGTRIGMODE = 0
IDX__TXHDRLGTRIGMODE = 0
IDX__TXHDRHGTRIGMODE = 1
IDX__TXHDRSP05 = 0
IDX__TXHDRSP06 = 0
IDX__TXHDRSP07 = 2022
IDX__TXHDRSP08 = 0
IDX__TXHDRTOFMAX = 541597204
IDX__TXHDRTOFMIN = 535295476
IDX__TXHDRLS0MAXMIN = 8464397
IDX__TXHDRLS1MAXMIN = 8476645
IDX__TXHDRLS2MAXMIN = 8308709
IDX__TXHDRFIFODELAY = 15
IDX__TXHDRSAMPDELAY = 49331277
IDX__TXHDRTRANSCNT = 2
IDX__TXHDRPROCHKCH01 = 81461880
IDX__TXHDRPROCHKCH23 = 240258367
IDX__TXHDRPROCHKCH45 = 199034078
IDX__TXHDRPROCHKCH67 = 134088995
IDX__TXHDRHVPSHKCH01 = 131663463
IDX__TXHDRHVPSHKCH23 = 8849067
IDX__TXHDRHVPSHKCH45 = 152897501
IDX__TXHDRHVPSHKCH67 = 20056716
IDX__TXHDRLVHK0CH01 = 134219776
IDX__TXHDRLVHK0CH23 = 173018038
IDX__TXHDRLVHK0CH45 = 134941794
IDX__TXHDRLVHK0CH67 = 207096915
IDX__TXHDRLVHK1CH01 = 32114208
IDX__TXHDRLVHK1CH23 = 63571204
IDX__TXHDRLVHK1CH45 = 183502389
IDX__TXHDRLVHK1CH67 = 189268449
IDX__TXHDRLVHK2CH01 = 42730130
IDX__TXHDRLVHK2CH23 = 260047824
IDX__TXHDRLVHK2CH45 = 101257134
IDX__TXHDRLVHK2CH67 = 69022
IDX__TXHDRSP09 = 0
IDX__TXHDRSP10 = 0
IDX__TXHDRFSWAIDCOPY = 2415277394
IDX__TXHDRFSWBINCOPY = 0
IDX__TXHDRFSWMAJOR = 2
IDX__TXHDRFSWMINOR = 0
IDX__TXHDRFSWPATCH = 0
IDX__TXHDRFSWHVSTAT = 3
IDX__TXHDRFSWMEM0 = 0
IDX__TXHDRFSWMEM1 = 0
IDX__TXHDRFSWPT0 = 0
IDX__TXHDRFSWPT1 = 0
IDX__TXHDRFSWPT2 = 0
IDX__TXHDRFSWPT3 = 0
IDX__TXHDRFSWPT4 = 0
IDX__TXHDRFSWPT5 = 0
IDX__TXHDRFSWPT6 = 0
IDX__TXHDRFSWPT7 = 0
IDX__TXHDRFSWPT8 = 0
IDX__TXHDRFSWPT9 = 0
IDX__TXHDRFPGAVER = 539165480
IDX__SYNCSCI0PKT = 13107
IDX__CRCSCI0PKT = 54729
^*****Event header 15******^
HS pre trig sampling blocks:  31
LS pre trig sampling blocks:  3
HS post trig sampling blocks:  31
LS post trig sampling blocks:  11
IDX__TXHDRHVPSHKCH01 = 131663463
Detector voltage =  1639
Sensor voltage =  2009
Target voltage =  1707
Reflectron voltage =  135
Rejection voltage =  2013
Current for HVPS sensor =  2333
Positive current for HVPS sensor =  2700
Negative current for HVPS sensor =  306
Voltage +3.3V reference =  2048
Voltage +3.3V operational reference =  2048
Voltage -6V bus =  2998
Voltage +6V bus =  2640
Voltage +16V bus =  3170
Voltage +3.3V bus =  2059
Voltage -5V bus =  3155
Voltage +5V bus =  3160
Current +3.3V bus =  1568
Current +16V bus =  970
Current +6V bus =  1284
Current -6V bus =  970
Current +5V bus =  1589
Current -5V bus =  2800
Current +2.5V bus =  481
Current -2.5V bus =  2888
Current on the 1V POL =  632
Current on the 1.9V POL =  1243
ProcBd Temperature 1 =  3391
ProcBd Temperature 2 =  3666
Voltage on 1V bus =  1246
FPGA Temperature =  3037
Voltage on 1.9V bus =  2339
Voltage on 3.3V bus =  2046
var_to_row = {'Last measurement in raw DN for Processor Board signal “1V POL Current”': 0, 'Last measurement in raw DN for Processor Board signal “1.9V POL Current”': 1, 'Last measurement in raw DN for Processor Board signal “ProcBd Temp1”': 2, nan: 48, 'Last measurement in raw DN for Processor Board signal “ProcBd Temp2”': 6, 'Last measurement in raw DN for Processor Board signal “1V Voltage”': 10, 'Last measurement in raw DN for Processor Board signal “FPGA Temp”': 11, 'Last measurement in raw DN for Processor Board signal “1.9V Voltage”': 12, 'Last measurement in raw DN for Processor Board signal “3.3V Voltage”': 13, 'Last measurement in raw DN for HVPS Board signal “Detector Voltage”': 14, 'Last measurement in raw DN for HVPS Board signal “Sensor Voltage"': 15, 'Last measurement in raw DN for HVPS Board signal “Target Voltage”': 16, 'Last measurement in raw DN for HVPS Board signal “Reflectron Voltage”': 17, 'Last measurement in raw DN for HVPS Board signal “Rejection Voltage”': 18, 'Last measurement in raw DN for HVPS Board signal “Detector Current”': 19, 'Last measurement in raw DN for HVPS Board signal “Sensor IP”': 20, 'Last measurement in raw DN for HVPS Board signal “Sensor IN”': 21, 'Last measurement in raw DN for LVPS Board signal “P3.3VREF_HK”': 22, 'Last measurement in raw DN for LVPS Board signal “P3.3VREF_OP”': 23, 'Last measurement in raw DN for LVPS Board signal “N6V”': 24, 'Last measurement in raw DN for LVPS Board signal “P6V”': 25, 'Last measurement in raw DN for LVPS Board signal “P16V”': 26, 'Last measurement in raw DN for LVPS Board signal “P3.3V”': 27, 'Last measurement in raw DN for LVPS Board signal “N5V”': 28, 'Last measurement in raw DN for LVPS Board signal “P5V”': 29, 'Last measurement in raw DN for LVPS Board signal “P3.3_IMON”': 30, 'Last measurement in raw DN for LVPS Board signal “P16V_IMON”': 31, 'Last measurement in raw DN for LVPS Board signal “P6V_IMON”': 32, 'Last measurement in raw DN for LVPS Board signal “N6V_IMON”': 33, 'Last measurement in raw DN for LVPS Board signal “P5V_IMON”': 34, 'Last measurement in raw DN for LVPS Board signal “N5V_IMON”': 35, 'Last measurement in raw DN for LVPS Board signal “P2.5V_IMON”': 36, 'Last measurement in raw DN for LVPS Board signal “N2.5V_IMON”': 37, 'Last measurement in raw DN for LVPS Board signal “THERM_DECON0”': 38, 'Last measurement in raw DN for LVPS Board signal “THERM_DECON1”': 39, 'Last measurement in raw DN for LVPS Board signal “THERM_DAB”': 40, 'Last measurement in raw DN for LVPS Board signal “THERM_LVPS”': 41, 'Last measurement in raw DN for LVPS Board signal “THERM_HVPS”': 45, 'Last measurement in raw DN for LVPS Board signal “P2.5V”': 49, 'Last measurement in raw DN for LVPS Board signal “N2.5V”': 50, 'Last measurement in raw DN for LVPS Board signal “Spare”': 51}

 
 ***** var_name being converted for each instrument setting ***** 
 

Matching row  18
coeffs for Last measurement in raw DN for Processor Board signal “1V POL Current”= [0.0 0.9029253 0.0 0.0 0.0 0.0 0.0 0.0]
var_name = Last measurement in raw DN for Processor Board signal “1V POL Current”
var_name = current_1V_pol
Header info = 632
Transformed value for current_1V_pol = 570.6487896
Matching row  18
coeffs for Last measurement in raw DN for Processor Board signal “1.9V POL Current”= [0.0 0.9029253 0.0 0.0 0.0 0.0 0.0 0.0]
var_name = Last measurement in raw DN for Processor Board signal “1.9V POL Current”
var_name = current_1.9V_pol
Header info = 1243
Transformed value for current_1.9V_pol = 1122.3361479
Matching row  18
coeffs for Last measurement in raw DN for Processor Board signal “ProcBd Temp1”= [162.8276 -0.2668687 0.0003323794 -2.43153e-07 9.034532e-11 -1.327735e-14
 0.0 0.0]
var_name = Last measurement in raw DN for Processor Board signal “ProcBd Temp1”
var_name = temperature_1
Header info = 3391
Transformed value for temperature_1 = -408.6811903905609
Matching row  18
coeffs for nan= [-104713.9 52.02446 -0.006463374 0.0 0.0 0.0 0.0 0.0]
var_name = nan
var_name = None
KeyError: (15, None) - Could not find entry for None, 48. Please check the Var_notes or variable mapping.
Matching row  18
coeffs for Last measurement in raw DN for Processor Board signal “ProcBd Temp2”= [162.8276 -0.2668687 0.0003323794 -2.43153e-07 9.034532e-11 -1.327735e-14
 0.0 0.0]
var_name = Last measurement in raw DN for Processor Board signal “ProcBd Temp2”
var_name = temperature_2
Header info = 3666
Transformed value for temperature_2 = -801.8818752684547
Matching row  18
coeffs for Last measurement in raw DN for Processor Board signal “1V Voltage”= [0.0 0.000805861 0.0 0.0 0.0 0.0 0.0 0.0]
var_name = Last measurement in raw DN for Processor Board signal “1V Voltage”
var_name = voltage_1V_bus
Header info = 1246
Transformed value for voltage_1V_bus = 1.004102806
Matching row  18
coeffs for Last measurement in raw DN for Processor Board signal “FPGA Temp”= [358.31 -0.1187104 0.0 0.0 0.0 0.0 0.0 0.0]
var_name = Last measurement in raw DN for Processor Board signal “FPGA Temp”
var_name = fpga_temperature
Header info = 3037
Transformed value for fpga_temperature = -2.2134848000000034
Matching row  18
coeffs for Last measurement in raw DN for Processor Board signal “1.9V Voltage”= [0.0 0.000805861 0.0 0.0 0.0 0.0 0.0 0.0]
var_name = Last measurement in raw DN for Processor Board signal “1.9V Voltage”
var_name = voltage_1.9V_bus
Header info = 2339
Transformed value for voltage_1.9V_bus = 1.884908879
Matching row  18
coeffs for Last measurement in raw DN for Processor Board signal “3.3V Voltage”= [0.0 0.001611722 0.0 0.0 0.0 0.0 0.0 0.0]
var_name = Last measurement in raw DN for Processor Board signal “3.3V Voltage”
var_name = voltage_3.3V_bus
Header info = 2046
Transformed value for voltage_3.3V_bus = 3.2975832119999997
Matching row  18
coeffs for Last measurement in raw DN for HVPS Board signal “Detector Voltage”= [0.0 1.4652 0.0 0.0 0.0 0.0 0.0 0.0]
var_name = Last measurement in raw DN for HVPS Board signal “Detector Voltage”
var_name = detector_voltage
Header info = 1639
Transformed value for detector_voltage = 2401.4628000000002
Matching row  18
coeffs for Last measurement in raw DN for HVPS Board signal “Sensor Voltage"= [0.0 1.4652 0.0 0.0 0.0 0.0 0.0 0.0]
var_name = Last measurement in raw DN for HVPS Board signal “Sensor Voltage"
var_name = sensor_voltage
Header info = 2009
Transformed value for sensor_voltage = 2943.5868
Matching row  18
coeffs for Last measurement in raw DN for HVPS Board signal “Target Voltage”= [0.0 1.4652 0.0 0.0 0.0 0.0 0.0 0.0]
var_name = Last measurement in raw DN for HVPS Board signal “Target Voltage”
var_name = target_voltage
Header info = 1707
Transformed value for target_voltage = 2501.0964
Matching row  18
coeffs for Last measurement in raw DN for HVPS Board signal “Reflectron Voltage”= [0.0 1.4652 0.0 0.0 0.0 0.0 0.0 0.0]
var_name = Last measurement in raw DN for HVPS Board signal “Reflectron Voltage”
var_name = reflectron_voltage
Header info = 135
Transformed value for reflectron_voltage = 197.80200000000002
Matching row  18
coeffs for Last measurement in raw DN for HVPS Board signal “Rejection Voltage”= [0.0 1.4652 0.0 0.0 0.0 0.0 0.0 0.0]
var_name = Last measurement in raw DN for HVPS Board signal “Rejection Voltage”
var_name = rejection_voltage
Header info = 2013
Transformed value for rejection_voltage = 2949.4476
Matching row  18
coeffs for Last measurement in raw DN for HVPS Board signal “Detector Current”= [0.0 7.326e-06 0.0 0.0 0.0 0.0 0.0 0.0]
var_name = Last measurement in raw DN for HVPS Board signal “Detector Current”
var_name = current_hvps_sensor
Header info = 2333
Transformed value for current_hvps_sensor = 0.017091558
Matching row  18
coeffs for Last measurement in raw DN for HVPS Board signal “Sensor IP”= [0.0 2.4339e-05 0.0 0.0 0.0 0.0 0.0 0.0]
var_name = Last measurement in raw DN for HVPS Board signal “Sensor IP”
var_name = positive_current_hvps
Header info = 2700
Transformed value for positive_current_hvps = 0.06571529999999999
Matching row  18
coeffs for Last measurement in raw DN for HVPS Board signal “Sensor IN”= [0.0 2.4339e-05 0.0 0.0 0.0 0.0 0.0 0.0]
var_name = Last measurement in raw DN for HVPS Board signal “Sensor IN”
var_name = negative_current_hvps
Header info = 306
Transformed value for negative_current_hvps = 0.007447733999999999
Matching row  18
coeffs for Last measurement in raw DN for LVPS Board signal “P3.3VREF_HK”= [0.0 0.00161172 0.0 0.0 0.0 0.0 0.0 0.0]
var_name = Last measurement in raw DN for LVPS Board signal “P3.3VREF_HK”
var_name = voltage_3V3_ref
Header info = 2048
Transformed value for voltage_3V3_ref = 3.30080256
Matching row  18
coeffs for Last measurement in raw DN for LVPS Board signal “P3.3VREF_OP”= [0.0 0.00161172 0.0 0.0 0.0 0.0 0.0 0.0]
var_name = Last measurement in raw DN for LVPS Board signal “P3.3VREF_OP”
var_name = voltage_3V3_op_ref
Header info = 2048
Transformed value for voltage_3V3_op_ref = 3.30080256
Matching row  18
coeffs for Last measurement in raw DN for LVPS Board signal “N6V”= [-33.0 0.00886447 0.0 0.0 0.0 0.0 0.0 0.0]
var_name = Last measurement in raw DN for LVPS Board signal “N6V”
var_name = voltage_neg6V_bus
Header info = 2998
Transformed value for voltage_neg6V_bus = -6.424318940000003
Matching row  18
coeffs for Last measurement in raw DN for LVPS Board signal “P6V”= [0.0 0.00241758 0.0 0.0 0.0 0.0 0.0 0.0]
var_name = Last measurement in raw DN for LVPS Board signal “P6V”
var_name = voltage_pos6V_bus
Header info = 2640
Transformed value for voltage_pos6V_bus = 6.3824112
Matching row  18
coeffs for Last measurement in raw DN for LVPS Board signal “P16V”= [0.0 0.00482711 0.0 0.0 0.0 0.0 0.0 0.0]
var_name = Last measurement in raw DN for LVPS Board signal “P16V”
var_name = voltage_pos16V_bus
Header info = 3170
Transformed value for voltage_pos16V_bus = 15.3019387
Matching row  18
coeffs for Last measurement in raw DN for LVPS Board signal “P3.3V”= [0.0 0.00161172 0.0 0.0 0.0 0.0 0.0 0.0]
var_name = Last measurement in raw DN for LVPS Board signal “P3.3V”
var_name = voltage_pos3V3_bus
Header info = 2059
Transformed value for voltage_pos3V3_bus = 3.3185314800000003
Matching row  18
coeffs for Last measurement in raw DN for LVPS Board signal “N5V”= [-33.0 0.00886447 0.0 0.0 0.0 0.0 0.0 0.0]
var_name = Last measurement in raw DN for LVPS Board signal “N5V”
var_name = voltage_neg5V_bus
Header info = 3155
Transformed value for voltage_neg5V_bus = -5.032597150000001
Matching row  18
coeffs for Last measurement in raw DN for LVPS Board signal “P5V”= [0.0 0.00161172 0.0 0.0 0.0 0.0 0.0 0.0]
var_name = Last measurement in raw DN for LVPS Board signal “P5V”
var_name = voltage_pos5V_bus
Header info = 3160
Transformed value for voltage_pos5V_bus = 5.0930352
Matching row  18
coeffs for Last measurement in raw DN for LVPS Board signal “P3.3_IMON”= [0.0 0.00161172 0.0 0.0 0.0 0.0 0.0 0.0]
var_name = Last measurement in raw DN for LVPS Board signal “P3.3_IMON”
var_name = current_3V3_bus
Header info = 1568
Transformed value for current_3V3_bus = 2.5271769600000002
Matching row  18
coeffs for Last measurement in raw DN for LVPS Board signal “P16V_IMON”= [0.0 0.000161172 0.0 0.0 0.0 0.0 0.0 0.0]
var_name = Last measurement in raw DN for LVPS Board signal “P16V_IMON”
var_name = current_16V_bus
Header info = 970
Transformed value for current_16V_bus = 0.15633684
Matching row  18
coeffs for Last measurement in raw DN for LVPS Board signal “P6V_IMON”= [0.0 8.05861e-05 0.0 0.0 0.0 0.0 0.0 0.0]
var_name = Last measurement in raw DN for LVPS Board signal “P6V_IMON”
var_name = current_6V_bus
Header info = 1284
Transformed value for current_6V_bus = 0.1034725524
Matching row  18
coeffs for Last measurement in raw DN for LVPS Board signal “N6V_IMON”= [0.0 -8.05861e-05 0.0 0.0 0.0 0.0 0.0 0.0]
var_name = Last measurement in raw DN for LVPS Board signal “N6V_IMON”
var_name = current_neg6V_bus
Header info = 970
Transformed value for current_neg6V_bus = -0.07816851699999999
Matching row  18
coeffs for Last measurement in raw DN for LVPS Board signal “P5V_IMON”= [0.0 4.029304e-05 0.0 0.0 0.0 0.0 0.0 0.0]
var_name = Last measurement in raw DN for LVPS Board signal “P5V_IMON”
var_name = current_5V_bus
Header info = 1589
Transformed value for current_5V_bus = 0.06402564056
Matching row  18
coeffs for Last measurement in raw DN for LVPS Board signal “N5V_IMON”= [0.0 -2.01465e-05 0.0 0.0 0.0 0.0 0.0 0.0]
var_name = Last measurement in raw DN for LVPS Board signal “N5V_IMON”
var_name = current_neg5V_bus
Header info = 2800
Transformed value for current_neg5V_bus = -0.0564102
Matching row  18
coeffs for Last measurement in raw DN for LVPS Board signal “P2.5V_IMON”= [0.0 0.00161172 0.0 0.0 0.0 0.0 0.0 0.0]
var_name = Last measurement in raw DN for LVPS Board signal “P2.5V_IMON”
var_name = current_2V5_bus
Header info = 481
Transformed value for current_2V5_bus = 0.77523732
Matching row  18
coeffs for Last measurement in raw DN for LVPS Board signal “N2.5V_IMON”= [0.0 -4.0293e-05 0.0 0.0 0.0 0.0 0.0 0.0]
var_name = Last measurement in raw DN for LVPS Board signal “N2.5V_IMON”
var_name = current_neg2V5_bus
Header info = 2888
Transformed value for current_neg2V5_bus = -0.11636618400000001
Matching row  18
coeffs for Last measurement in raw DN for LVPS Board signal “THERM_DECON0”= [-110.293 0.0665351 0.000305738 -6.32048e-07 5.9934e-10 -2.98784e-13
 7.61361e-17 -7.76467e-21]
var_name = Last measurement in raw DN for LVPS Board signal “THERM_DECON0”
var_name = None
KeyError: (15, None) - Could not find entry for None, 38. Please check the Var_notes or variable mapping.
Matching row  18
coeffs for Last measurement in raw DN for LVPS Board signal “THERM_DECON1”= [-150.478 0.376986 -0.00062072 7.73853e-07 -5.81588e-10 2.56368e-13
 -6.05698e-17 5.96635e-21]
var_name = Last measurement in raw DN for LVPS Board signal “THERM_DECON1”
var_name = None
KeyError: (15, None) - Could not find entry for None, 39. Please check the Var_notes or variable mapping.
Matching row  18
coeffs for Last measurement in raw DN for LVPS Board signal “THERM_DAB”= [-443.248 1.31224 -0.00180422 1.40016e-06 -6.43766e-10 1.7448e-13
 -2.57695e-17 1.60239e-21]
var_name = Last measurement in raw DN for LVPS Board signal “THERM_DAB”
var_name = None
KeyError: (15, None) - Could not find entry for None, 40. Please check the Var_notes or variable mapping.
Matching row  18
coeffs for Last measurement in raw DN for LVPS Board signal “THERM_LVPS”= [200.4137 -0.2020699 0.000175403 -9.739547e-08 2.888932e-11 -3.545603e-15
 0.0 0.0]
var_name = Last measurement in raw DN for LVPS Board signal “THERM_LVPS”
var_name = None
KeyError: (15, None) - Could not find entry for None, 41. Please check the Var_notes or variable mapping.
Matching row  18
coeffs for Last measurement in raw DN for LVPS Board signal “THERM_HVPS”= [200.4137 -0.2020699 0.000175403 -9.739547e-08 2.888932e-11 -3.545603e-15
 0.0 0.0]
var_name = Last measurement in raw DN for LVPS Board signal “THERM_HVPS”
var_name = None
KeyError: (15, None) - Could not find entry for None, 45. Please check the Var_notes or variable mapping.
Matching row  18
coeffs for Last measurement in raw DN for LVPS Board signal “P2.5V”= [0.0 0.00161172 0.0 0.0 0.0 0.0 0.0 0.0]
var_name = Last measurement in raw DN for LVPS Board signal “P2.5V”
var_name = None
KeyError: (15, None) - Could not find entry for None, 49. Please check the Var_notes or variable mapping.
Matching row  18
coeffs for Last measurement in raw DN for LVPS Board signal “N2.5V”= [-33.0 0.00886447 0.0 0.0 0.0 0.0 0.0 0.0]
var_name = Last measurement in raw DN for LVPS Board signal “N2.5V”
var_name = None
KeyError: (15, None) - Could not find entry for None, 50. Please check the Var_notes or variable mapping.
Matching row  18
coeffs for Last measurement in raw DN for LVPS Board signal “Spare”= [0.0 0.00161172 0.0 0.0 0.0 0.0 0.0 0.0]
var_name = Last measurement in raw DN for LVPS Board signal “Spare”
var_name = spare_signal
KeyError: (15, 'spare_signal') - Could not find entry for spare_signal, 51. Please check the Var_notes or variable mapping.
High gain delay = 47 samples.
Mid gain delay = 47 samples.
Low gain delay = 77 samples.
High sampling trigger mode =  0 0 1
High gain trigger mode enabled.
For 2222981120, HG Trigger level = 0.15317, sample settings = 0, 0
Threshold trigger mode enabled for high gain channel.
AID = 2415277394
Event number = 16
Rice compression enabled = False
Timestamp = 439569022.2083 seconds since epoch (Midnight January 1st, 2010)
Trigger time = 2023-12-06 14:30:22.208300+00:00
15
15
15
15
15
15
15
15
15
15
15
15
15
{'SHCOARSE': ParsedDataItem(SHCOARSE, raw=439590362, derived=439590362, unit=dn), 'SHFINE': ParsedDataItem(SHFINE, raw=10905, derived=10905, unit=dn), 'IDX__SCI0AID': ParsedDataItem(IDX__SCI0AID, raw=2415277394, derived=2415277394, unit=None), 'IDX__SCI0TYPE': ParsedDataItem(IDX__SCI0TYPE, raw=1, derived=1, unit=None), 'IDX__SCI0CONT': ParsedDataItem(IDX__SCI0CONT, raw=127, derived=127, unit=None), 'IDX__SCI0SPARE1': ParsedDataItem(IDX__SCI0SPARE1, raw=0, derived=0, unit=None), 'IDX__SCI0PACK': ParsedDataItem(IDX__SCI0PACK, raw=1, derived=EN, unit=None), 'IDX__SCI0FRAG': ParsedDataItem(IDX__SCI0FRAG, raw=0, derived=DS, unit=None), 'IDX__SCI0COMP': ParsedDataItem(IDX__SCI0COMP, raw=0, derived=DS, unit=None), 'IDX__SCI0EVTNUM': ParsedDataItem(IDX__SCI0EVTNUM, raw=17, derived=17, unit=None), 'IDX__SCI0CAT': ParsedDataItem(IDX__SCI0CAT, raw=32, derived=32, unit=None), 'IDX__SCI0QUAL': ParsedDataItem(IDX__SCI0QUAL, raw=5, derived=5, unit=None), 'IDX__SCI0FRAGOFF': ParsedDataItem(IDX__SCI0FRAGOFF, raw=0, derived=0, unit=None), 'IDX__SCI0VER': ParsedDataItem(IDX__SCI0VER, raw=9, derived=9, unit=None), 'IDX__SCI0TIME32': ParsedDataItem(IDX__SCI0TIME32, raw=439589814, derived=439589814, unit=None), 'IDX__SCI0SPARE2': ParsedDataItem(IDX__SCI0SPARE2, raw=0, derived=0, unit=None), 'IDX__SCI0SPARE3': ParsedDataItem(IDX__SCI0SPARE3, raw=0, derived=0, unit=None), 'IDX__SCI0SPARE4': ParsedDataItem(IDX__SCI0SPARE4, raw=0, derived=0, unit=None), 'IDX__TXHDRSCIEVTLEN': ParsedDataItem(IDX__TXHDRSCIEVTLEN, raw=8320, derived=8320, unit=None), 'IDX__TXHDRSP00': ParsedDataItem(IDX__TXHDRSP00, raw=0, derived=0, unit=None), 'IDX__TXHDRTIMESEC1': ParsedDataItem(IDX__TXHDRTIMESEC1, raw=6707, derived=6707, unit=None), 'IDX__TXHDRTIMESEC2': ParsedDataItem(IDX__TXHDRTIMESEC2, raw=39862, derived=39862, unit=None), 'IDX__TXHDRTIMESUBS': ParsedDataItem(IDX__TXHDRTIMESUBS, raw=37299, derived=37299, unit=None), 'IDX__TXHDRSP01': ParsedDataItem(IDX__TXHDRSP01, raw=0, derived=0, unit=None), 'IDX__TXHDRTRIGOFFSET': ParsedDataItem(IDX__TXHDRTRIGOFFSET, raw=3, derived=3, unit=None), 'IDX__TXHDRSP02': ParsedDataItem(IDX__TXHDRSP02, raw=0, derived=0, unit=None), 'IDX__TXHDRTRIGID': ParsedDataItem(IDX__TXHDRTRIGID, raw=1, derived=1, unit=None), 'IDX__TXHDREVTNUM': ParsedDataItem(IDX__TXHDREVTNUM, raw=17, derived=17, unit=None), 'IDX__TXHDRBLOCKS': ParsedDataItem(IDX__TXHDRBLOCKS, raw=243679, derived=243679, unit=None), 'IDX__TXHDRHGTRIGCTRL1': ParsedDataItem(IDX__TXHDRHGTRIGCTRL1, raw=2222981120, derived=2222981120, unit=None), 'IDX__TXHDRHGTRIGCTRL2': ParsedDataItem(IDX__TXHDRHGTRIGCTRL2, raw=0, derived=0, unit=None), 'IDX__TXHDRLGTRIGCTRL1': ParsedDataItem(IDX__TXHDRLGTRIGCTRL1, raw=4294965248, derived=4294965248, unit=None), 'IDX__TXHDRLGTRIGCTRL2': ParsedDataItem(IDX__TXHDRLGTRIGCTRL2, raw=4278255360, derived=4278255360, unit=None), 'IDX__TXHDRMGTRIGCTRL1': ParsedDataItem(IDX__TXHDRMGTRIGCTRL1, raw=4294965248, derived=4294965248, unit=None), 'IDX__TXHDRMGTRIGCTRL2': ParsedDataItem(IDX__TXHDRMGTRIGCTRL2, raw=4278255360, derived=4278255360, unit=None), 'IDX__TXHDRSP03': ParsedDataItem(IDX__TXHDRSP03, raw=0, derived=0, unit=None), 'IDX__TXHDRLSADC': ParsedDataItem(IDX__TXHDRLSADC, raw=555521, derived=555521, unit=None), 'IDX__TXHDRPOLSTAT': ParsedDataItem(IDX__TXHDRPOLSTAT, raw=1, derived=NEG, unit=None), 'IDX__TXHDRSP04': ParsedDataItem(IDX__TXHDRSP04, raw=0, derived=0, unit=None), 'IDX__TXHDRPOLCTRL': ParsedDataItem(IDX__TXHDRPOLCTRL, raw=0, derived=POS, unit=None), 'IDX__TXHDRCOINENA': ParsedDataItem(IDX__TXHDRCOINENA, raw=0, derived=DIS, unit=None), 'IDX__TXHDRLSTRIGMODE': ParsedDataItem(IDX__TXHDRLSTRIGMODE, raw=0, derived=DIS, unit=None), 'IDX__TXHDRMGTRIGMODE': ParsedDataItem(IDX__TXHDRMGTRIGMODE, raw=0, derived=0, unit=None), 'IDX__TXHDRLGTRIGMODE': ParsedDataItem(IDX__TXHDRLGTRIGMODE, raw=0, derived=0, unit=None), 'IDX__TXHDRHGTRIGMODE': ParsedDataItem(IDX__TXHDRHGTRIGMODE, raw=1, derived=1, unit=None), 'IDX__TXHDRSP05': ParsedDataItem(IDX__TXHDRSP05, raw=0, derived=0, unit=None), 'IDX__TXHDRSP06': ParsedDataItem(IDX__TXHDRSP06, raw=0, derived=0, unit=None), 'IDX__TXHDRSP07': ParsedDataItem(IDX__TXHDRSP07, raw=2022, derived=2022, unit=None), 'IDX__TXHDRSP08': ParsedDataItem(IDX__TXHDRSP08, raw=0, derived=0, unit=None), 'IDX__TXHDRTOFMAX': ParsedDataItem(IDX__TXHDRTOFMAX, raw=542645870, derived=542645870, unit=None), 'IDX__TXHDRTOFMIN': ParsedDataItem(IDX__TXHDRTOFMIN, raw=535295476, derived=535295476, unit=None), 'IDX__TXHDRLS0MAXMIN': ParsedDataItem(IDX__TXHDRLS0MAXMIN, raw=8464397, derived=8464397, unit=None), 'IDX__TXHDRLS1MAXMIN': ParsedDataItem(IDX__TXHDRLS1MAXMIN, raw=8480741, derived=8480741, unit=None), 'IDX__TXHDRLS2MAXMIN': ParsedDataItem(IDX__TXHDRLS2MAXMIN, raw=8304614, derived=8304614, unit=None), 'IDX__TXHDRFIFODELAY': ParsedDataItem(IDX__TXHDRFIFODELAY, raw=15, derived=15, unit=None), 'IDX__TXHDRSAMPDELAY': ParsedDataItem(IDX__TXHDRSAMPDELAY, raw=24140852, derived=24140852, unit=None), 'IDX__TXHDRTRANSCNT': ParsedDataItem(IDX__TXHDRTRANSCNT, raw=8, derived=8, unit=None), 'IDX__TXHDRPROCHKCH01': ParsedDataItem(IDX__TXHDRPROCHKCH01, raw=81527417, derived=81527417, unit=None), 'IDX__TXHDRPROCHKCH23': ParsedDataItem(IDX__TXHDRPROCHKCH23, raw=240258366, derived=240258366, unit=None), 'IDX__TXHDRPROCHKCH45': ParsedDataItem(IDX__TXHDRPROCHKCH45, raw=199034078, derived=199034078, unit=None), 'IDX__TXHDRPROCHKCH67': ParsedDataItem(IDX__TXHDRPROCHKCH67, raw=134088995, derived=134088995, unit=None), 'IDX__TXHDRHVPSHKCH01': ParsedDataItem(IDX__TXHDRHVPSHKCH01, raw=131663463, derived=131663463, unit=None), 'IDX__TXHDRHVPSHKCH23': ParsedDataItem(IDX__TXHDRHVPSHKCH23, raw=8849067, derived=8849067, unit=None), 'IDX__TXHDRHVPSHKCH45': ParsedDataItem(IDX__TXHDRHVPSHKCH45, raw=152897500, derived=152897500, unit=None), 'IDX__TXHDRHVPSHKCH67': ParsedDataItem(IDX__TXHDRHVPSHKCH67, raw=20056716, derived=20056716, unit=None), 'IDX__TXHDRLVHK0CH01': ParsedDataItem(IDX__TXHDRLVHK0CH01, raw=134219776, derived=134219776, unit=None), 'IDX__TXHDRLVHK0CH23': ParsedDataItem(IDX__TXHDRLVHK0CH23, raw=173018038, derived=173018038, unit=None), 'IDX__TXHDRLVHK0CH45': ParsedDataItem(IDX__TXHDRLVHK0CH45, raw=134941794, derived=134941794, unit=None), 'IDX__TXHDRLVHK0CH67': ParsedDataItem(IDX__TXHDRLVHK0CH67, raw=207096915, derived=207096915, unit=None), 'IDX__TXHDRLVHK1CH01': ParsedDataItem(IDX__TXHDRLVHK1CH01, raw=32114209, derived=32114209, unit=None), 'IDX__TXHDRLVHK1CH23': ParsedDataItem(IDX__TXHDRLVHK1CH23, raw=63571204, derived=63571204, unit=None), 'IDX__TXHDRLVHK1CH45': ParsedDataItem(IDX__TXHDRLVHK1CH45, raw=183502389, derived=183502389, unit=None), 'IDX__TXHDRLVHK1CH67': ParsedDataItem(IDX__TXHDRLVHK1CH67, raw=189268449, derived=189268449, unit=None), 'IDX__TXHDRLVHK2CH01': ParsedDataItem(IDX__TXHDRLVHK2CH01, raw=42730130, derived=42730130, unit=None), 'IDX__TXHDRLVHK2CH23': ParsedDataItem(IDX__TXHDRLVHK2CH23, raw=260047824, derived=260047824, unit=None), 'IDX__TXHDRLVHK2CH45': ParsedDataItem(IDX__TXHDRLVHK2CH45, raw=101257134, derived=101257134, unit=None), 'IDX__TXHDRLVHK2CH67': ParsedDataItem(IDX__TXHDRLVHK2CH67, raw=69022, derived=69022, unit=None), 'IDX__TXHDRSP09': ParsedDataItem(IDX__TXHDRSP09, raw=0, derived=0, unit=None), 'IDX__TXHDRSP10': ParsedDataItem(IDX__TXHDRSP10, raw=0, derived=0, unit=None), 'IDX__TXHDRFSWAIDCOPY': ParsedDataItem(IDX__TXHDRFSWAIDCOPY, raw=2415277394, derived=2415277394, unit=None), 'IDX__TXHDRFSWBINCOPY': ParsedDataItem(IDX__TXHDRFSWBINCOPY, raw=0, derived=0, unit=None), 'IDX__TXHDRFSWMAJOR': ParsedDataItem(IDX__TXHDRFSWMAJOR, raw=2, derived=2, unit=None), 'IDX__TXHDRFSWMINOR': ParsedDataItem(IDX__TXHDRFSWMINOR, raw=0, derived=0, unit=None), 'IDX__TXHDRFSWPATCH': ParsedDataItem(IDX__TXHDRFSWPATCH, raw=0, derived=0, unit=None), 'IDX__TXHDRFSWHVSTAT': ParsedDataItem(IDX__TXHDRFSWHVSTAT, raw=3, derived=3, unit=None), 'IDX__TXHDRFSWMEM0': ParsedDataItem(IDX__TXHDRFSWMEM0, raw=0, derived=0, unit=None), 'IDX__TXHDRFSWMEM1': ParsedDataItem(IDX__TXHDRFSWMEM1, raw=0, derived=0, unit=None), 'IDX__TXHDRFSWPT0': ParsedDataItem(IDX__TXHDRFSWPT0, raw=0, derived=0, unit=None), 'IDX__TXHDRFSWPT1': ParsedDataItem(IDX__TXHDRFSWPT1, raw=0, derived=0, unit=None), 'IDX__TXHDRFSWPT2': ParsedDataItem(IDX__TXHDRFSWPT2, raw=0, derived=0, unit=None), 'IDX__TXHDRFSWPT3': ParsedDataItem(IDX__TXHDRFSWPT3, raw=0, derived=0, unit=None), 'IDX__TXHDRFSWPT4': ParsedDataItem(IDX__TXHDRFSWPT4, raw=0, derived=0, unit=None), 'IDX__TXHDRFSWPT5': ParsedDataItem(IDX__TXHDRFSWPT5, raw=0, derived=0, unit=None), 'IDX__TXHDRFSWPT6': ParsedDataItem(IDX__TXHDRFSWPT6, raw=0, derived=0, unit=None), 'IDX__TXHDRFSWPT7': ParsedDataItem(IDX__TXHDRFSWPT7, raw=0, derived=0, unit=None), 'IDX__TXHDRFSWPT8': ParsedDataItem(IDX__TXHDRFSWPT8, raw=0, derived=0, unit=None), 'IDX__TXHDRFSWPT9': ParsedDataItem(IDX__TXHDRFSWPT9, raw=0, derived=0, unit=None), 'IDX__TXHDRFPGAVER': ParsedDataItem(IDX__TXHDRFPGAVER, raw=539165480, derived=539165480, unit=None), 'IDX__SYNCSCI0PKT': ParsedDataItem(IDX__SYNCSCI0PKT, raw=13107, derived=13107, unit=None), 'IDX__CRCSCI0PKT': ParsedDataItem(IDX__CRCSCI0PKT, raw=41404, derived=41404, unit=None)}
SHCOARSE = 439590362
SHFINE = 10905
IDX__SCI0AID = 2415277394
IDX__SCI0TYPE = 1
IDX__SCI0CONT = 127
IDX__SCI0SPARE1 = 0
IDX__SCI0PACK = EN
IDX__SCI0FRAG = DS
IDX__SCI0COMP = DS
IDX__SCI0EVTNUM = 17
IDX__SCI0CAT = 32
IDX__SCI0QUAL = 5
IDX__SCI0FRAGOFF = 0
IDX__SCI0VER = 9
IDX__SCI0TIME32 = 439589814
IDX__SCI0SPARE2 = 0
IDX__SCI0SPARE3 = 0
IDX__SCI0SPARE4 = 0
IDX__TXHDRSCIEVTLEN = 8320
IDX__TXHDRSP00 = 0
IDX__TXHDRTIMESEC1 = 6707
IDX__TXHDRTIMESEC2 = 39862
IDX__TXHDRTIMESUBS = 37299
IDX__TXHDRSP01 = 0
IDX__TXHDRTRIGOFFSET = 3
IDX__TXHDRSP02 = 0
IDX__TXHDRTRIGID = 1
IDX__TXHDREVTNUM = 17
IDX__TXHDRBLOCKS = 243679
IDX__TXHDRHGTRIGCTRL1 = 2222981120
IDX__TXHDRHGTRIGCTRL2 = 0
IDX__TXHDRLGTRIGCTRL1 = 4294965248
IDX__TXHDRLGTRIGCTRL2 = 4278255360
IDX__TXHDRMGTRIGCTRL1 = 4294965248
IDX__TXHDRMGTRIGCTRL2 = 4278255360
IDX__TXHDRSP03 = 0
IDX__TXHDRLSADC = 555521
IDX__TXHDRPOLSTAT = NEG
IDX__TXHDRSP04 = 0
IDX__TXHDRPOLCTRL = POS
IDX__TXHDRCOINENA = DIS
IDX__TXHDRLSTRIGMODE = DIS
IDX__TXHDRMGTRIGMODE = 0
IDX__TXHDRLGTRIGMODE = 0
IDX__TXHDRHGTRIGMODE = 1
IDX__TXHDRSP05 = 0
IDX__TXHDRSP06 = 0
IDX__TXHDRSP07 = 2022
IDX__TXHDRSP08 = 0
IDX__TXHDRTOFMAX = 542645870
IDX__TXHDRTOFMIN = 535295476
IDX__TXHDRLS0MAXMIN = 8464397
IDX__TXHDRLS1MAXMIN = 8480741
IDX__TXHDRLS2MAXMIN = 8304614
IDX__TXHDRFIFODELAY = 15
IDX__TXHDRSAMPDELAY = 24140852
IDX__TXHDRTRANSCNT = 8
IDX__TXHDRPROCHKCH01 = 81527417
IDX__TXHDRPROCHKCH23 = 240258366
IDX__TXHDRPROCHKCH45 = 199034078
IDX__TXHDRPROCHKCH67 = 134088995
IDX__TXHDRHVPSHKCH01 = 131663463
IDX__TXHDRHVPSHKCH23 = 8849067
IDX__TXHDRHVPSHKCH45 = 152897500
IDX__TXHDRHVPSHKCH67 = 20056716
IDX__TXHDRLVHK0CH01 = 134219776
IDX__TXHDRLVHK0CH23 = 173018038
IDX__TXHDRLVHK0CH45 = 134941794
IDX__TXHDRLVHK0CH67 = 207096915
IDX__TXHDRLVHK1CH01 = 32114209
IDX__TXHDRLVHK1CH23 = 63571204
IDX__TXHDRLVHK1CH45 = 183502389
IDX__TXHDRLVHK1CH67 = 189268449
IDX__TXHDRLVHK2CH01 = 42730130
IDX__TXHDRLVHK2CH23 = 260047824
IDX__TXHDRLVHK2CH45 = 101257134
IDX__TXHDRLVHK2CH67 = 69022
IDX__TXHDRSP09 = 0
IDX__TXHDRSP10 = 0
IDX__TXHDRFSWAIDCOPY = 2415277394
IDX__TXHDRFSWBINCOPY = 0
IDX__TXHDRFSWMAJOR = 2
IDX__TXHDRFSWMINOR = 0
IDX__TXHDRFSWPATCH = 0
IDX__TXHDRFSWHVSTAT = 3
IDX__TXHDRFSWMEM0 = 0
IDX__TXHDRFSWMEM1 = 0
IDX__TXHDRFSWPT0 = 0
IDX__TXHDRFSWPT1 = 0
IDX__TXHDRFSWPT2 = 0
IDX__TXHDRFSWPT3 = 0
IDX__TXHDRFSWPT4 = 0
IDX__TXHDRFSWPT5 = 0
IDX__TXHDRFSWPT6 = 0
IDX__TXHDRFSWPT7 = 0
IDX__TXHDRFSWPT8 = 0
IDX__TXHDRFSWPT9 = 0
IDX__TXHDRFPGAVER = 539165480
IDX__SYNCSCI0PKT = 13107
IDX__CRCSCI0PKT = 41404
^*****Event header 16******^
HS pre trig sampling blocks:  31
LS pre trig sampling blocks:  3
HS post trig sampling blocks:  31
LS post trig sampling blocks:  11
IDX__TXHDRHVPSHKCH01 = 131663463
Detector voltage =  1639
Sensor voltage =  2009
Target voltage =  1707
Reflectron voltage =  135
Rejection voltage =  2012
Current for HVPS sensor =  2333
Positive current for HVPS sensor =  2700
Negative current for HVPS sensor =  306
Voltage +3.3V reference =  2048
Voltage +3.3V operational reference =  2048
Voltage -6V bus =  2998
Voltage +6V bus =  2640
Voltage +16V bus =  3170
Voltage +3.3V bus =  2059
Voltage -5V bus =  3155
Voltage +5V bus =  3160
Current +3.3V bus =  1569
Current +16V bus =  970
Current +6V bus =  1284
Current -6V bus =  970
Current +5V bus =  1589
Current -5V bus =  2800
Current +2.5V bus =  481
Current -2.5V bus =  2888
Current on the 1V POL =  633
Current on the 1.9V POL =  1244
ProcBd Temperature 1 =  3390
ProcBd Temperature 2 =  3666
Voltage on 1V bus =  1246
FPGA Temperature =  3037
Voltage on 1.9V bus =  2339
Voltage on 3.3V bus =  2046
var_to_row = {'Last measurement in raw DN for Processor Board signal “1V POL Current”': 0, 'Last measurement in raw DN for Processor Board signal “1.9V POL Current”': 1, 'Last measurement in raw DN for Processor Board signal “ProcBd Temp1”': 2, nan: 48, 'Last measurement in raw DN for Processor Board signal “ProcBd Temp2”': 6, 'Last measurement in raw DN for Processor Board signal “1V Voltage”': 10, 'Last measurement in raw DN for Processor Board signal “FPGA Temp”': 11, 'Last measurement in raw DN for Processor Board signal “1.9V Voltage”': 12, 'Last measurement in raw DN for Processor Board signal “3.3V Voltage”': 13, 'Last measurement in raw DN for HVPS Board signal “Detector Voltage”': 14, 'Last measurement in raw DN for HVPS Board signal “Sensor Voltage"': 15, 'Last measurement in raw DN for HVPS Board signal “Target Voltage”': 16, 'Last measurement in raw DN for HVPS Board signal “Reflectron Voltage”': 17, 'Last measurement in raw DN for HVPS Board signal “Rejection Voltage”': 18, 'Last measurement in raw DN for HVPS Board signal “Detector Current”': 19, 'Last measurement in raw DN for HVPS Board signal “Sensor IP”': 20, 'Last measurement in raw DN for HVPS Board signal “Sensor IN”': 21, 'Last measurement in raw DN for LVPS Board signal “P3.3VREF_HK”': 22, 'Last measurement in raw DN for LVPS Board signal “P3.3VREF_OP”': 23, 'Last measurement in raw DN for LVPS Board signal “N6V”': 24, 'Last measurement in raw DN for LVPS Board signal “P6V”': 25, 'Last measurement in raw DN for LVPS Board signal “P16V”': 26, 'Last measurement in raw DN for LVPS Board signal “P3.3V”': 27, 'Last measurement in raw DN for LVPS Board signal “N5V”': 28, 'Last measurement in raw DN for LVPS Board signal “P5V”': 29, 'Last measurement in raw DN for LVPS Board signal “P3.3_IMON”': 30, 'Last measurement in raw DN for LVPS Board signal “P16V_IMON”': 31, 'Last measurement in raw DN for LVPS Board signal “P6V_IMON”': 32, 'Last measurement in raw DN for LVPS Board signal “N6V_IMON”': 33, 'Last measurement in raw DN for LVPS Board signal “P5V_IMON”': 34, 'Last measurement in raw DN for LVPS Board signal “N5V_IMON”': 35, 'Last measurement in raw DN for LVPS Board signal “P2.5V_IMON”': 36, 'Last measurement in raw DN for LVPS Board signal “N2.5V_IMON”': 37, 'Last measurement in raw DN for LVPS Board signal “THERM_DECON0”': 38, 'Last measurement in raw DN for LVPS Board signal “THERM_DECON1”': 39, 'Last measurement in raw DN for LVPS Board signal “THERM_DAB”': 40, 'Last measurement in raw DN for LVPS Board signal “THERM_LVPS”': 41, 'Last measurement in raw DN for LVPS Board signal “THERM_HVPS”': 45, 'Last measurement in raw DN for LVPS Board signal “P2.5V”': 49, 'Last measurement in raw DN for LVPS Board signal “N2.5V”': 50, 'Last measurement in raw DN for LVPS Board signal “Spare”': 51}

 
 ***** var_name being converted for each instrument setting ***** 
 

Matching row  18
coeffs for Last measurement in raw DN for Processor Board signal “1V POL Current”= [0.0 0.9029253 0.0 0.0 0.0 0.0 0.0 0.0]
var_name = Last measurement in raw DN for Processor Board signal “1V POL Current”
var_name = current_1V_pol
Header info = 633
Transformed value for current_1V_pol = 571.5517149
Matching row  18
coeffs for Last measurement in raw DN for Processor Board signal “1.9V POL Current”= [0.0 0.9029253 0.0 0.0 0.0 0.0 0.0 0.0]
var_name = Last measurement in raw DN for Processor Board signal “1.9V POL Current”
var_name = current_1.9V_pol
Header info = 1244
Transformed value for current_1.9V_pol = 1123.2390732000001
Matching row  18
coeffs for Last measurement in raw DN for Processor Board signal “ProcBd Temp1”= [162.8276 -0.2668687 0.0003323794 -2.43153e-07 9.034532e-11 -1.327735e-14
 0.0 0.0]
var_name = Last measurement in raw DN for Processor Board signal “ProcBd Temp1”
var_name = temperature_1
Header info = 3390
Transformed value for temperature_1 = -407.5949358341395
Matching row  18
coeffs for nan= [-104713.9 52.02446 -0.006463374 0.0 0.0 0.0 0.0 0.0]
var_name = nan
var_name = None
KeyError: (16, None) - Could not find entry for None, 48. Please check the Var_notes or variable mapping.
Matching row  18
coeffs for Last measurement in raw DN for Processor Board signal “ProcBd Temp2”= [162.8276 -0.2668687 0.0003323794 -2.43153e-07 9.034532e-11 -1.327735e-14
 0.0 0.0]
var_name = Last measurement in raw DN for Processor Board signal “ProcBd Temp2”
var_name = temperature_2
Header info = 3666
Transformed value for temperature_2 = -801.8818752684547
Matching row  18
coeffs for Last measurement in raw DN for Processor Board signal “1V Voltage”= [0.0 0.000805861 0.0 0.0 0.0 0.0 0.0 0.0]
var_name = Last measurement in raw DN for Processor Board signal “1V Voltage”
var_name = voltage_1V_bus
Header info = 1246
Transformed value for voltage_1V_bus = 1.004102806
Matching row  18
coeffs for Last measurement in raw DN for Processor Board signal “FPGA Temp”= [358.31 -0.1187104 0.0 0.0 0.0 0.0 0.0 0.0]
var_name = Last measurement in raw DN for Processor Board signal “FPGA Temp”
var_name = fpga_temperature
Header info = 3037
Transformed value for fpga_temperature = -2.2134848000000034
Matching row  18
coeffs for Last measurement in raw DN for Processor Board signal “1.9V Voltage”= [0.0 0.000805861 0.0 0.0 0.0 0.0 0.0 0.0]
var_name = Last measurement in raw DN for Processor Board signal “1.9V Voltage”
var_name = voltage_1.9V_bus
Header info = 2339
Transformed value for voltage_1.9V_bus = 1.884908879
Matching row  18
coeffs for Last measurement in raw DN for Processor Board signal “3.3V Voltage”= [0.0 0.001611722 0.0 0.0 0.0 0.0 0.0 0.0]
var_name = Last measurement in raw DN for Processor Board signal “3.3V Voltage”
var_name = voltage_3.3V_bus
Header info = 2046
Transformed value for voltage_3.3V_bus = 3.2975832119999997
Matching row  18
coeffs for Last measurement in raw DN for HVPS Board signal “Detector Voltage”= [0.0 1.4652 0.0 0.0 0.0 0.0 0.0 0.0]
var_name = Last measurement in raw DN for HVPS Board signal “Detector Voltage”
var_name = detector_voltage
Header info = 1639
Transformed value for detector_voltage = 2401.4628000000002
Matching row  18
coeffs for Last measurement in raw DN for HVPS Board signal “Sensor Voltage"= [0.0 1.4652 0.0 0.0 0.0 0.0 0.0 0.0]
var_name = Last measurement in raw DN for HVPS Board signal “Sensor Voltage"
var_name = sensor_voltage
Header info = 2009
Transformed value for sensor_voltage = 2943.5868
Matching row  18
coeffs for Last measurement in raw DN for HVPS Board signal “Target Voltage”= [0.0 1.4652 0.0 0.0 0.0 0.0 0.0 0.0]
var_name = Last measurement in raw DN for HVPS Board signal “Target Voltage”
var_name = target_voltage
Header info = 1707
Transformed value for target_voltage = 2501.0964
Matching row  18
coeffs for Last measurement in raw DN for HVPS Board signal “Reflectron Voltage”= [0.0 1.4652 0.0 0.0 0.0 0.0 0.0 0.0]
var_name = Last measurement in raw DN for HVPS Board signal “Reflectron Voltage”
var_name = reflectron_voltage
Header info = 135
Transformed value for reflectron_voltage = 197.80200000000002
Matching row  18
coeffs for Last measurement in raw DN for HVPS Board signal “Rejection Voltage”= [0.0 1.4652 0.0 0.0 0.0 0.0 0.0 0.0]
var_name = Last measurement in raw DN for HVPS Board signal “Rejection Voltage”
var_name = rejection_voltage
Header info = 2012
Transformed value for rejection_voltage = 2947.9824000000003
Matching row  18
coeffs for Last measurement in raw DN for HVPS Board signal “Detector Current”= [0.0 7.326e-06 0.0 0.0 0.0 0.0 0.0 0.0]
var_name = Last measurement in raw DN for HVPS Board signal “Detector Current”
var_name = current_hvps_sensor
Header info = 2333
Transformed value for current_hvps_sensor = 0.017091558
Matching row  18
coeffs for Last measurement in raw DN for HVPS Board signal “Sensor IP”= [0.0 2.4339e-05 0.0 0.0 0.0 0.0 0.0 0.0]
var_name = Last measurement in raw DN for HVPS Board signal “Sensor IP”
var_name = positive_current_hvps
Header info = 2700
Transformed value for positive_current_hvps = 0.06571529999999999
Matching row  18
coeffs for Last measurement in raw DN for HVPS Board signal “Sensor IN”= [0.0 2.4339e-05 0.0 0.0 0.0 0.0 0.0 0.0]
var_name = Last measurement in raw DN for HVPS Board signal “Sensor IN”
var_name = negative_current_hvps
Header info = 306
Transformed value for negative_current_hvps = 0.007447733999999999
Matching row  18
coeffs for Last measurement in raw DN for LVPS Board signal “P3.3VREF_HK”= [0.0 0.00161172 0.0 0.0 0.0 0.0 0.0 0.0]
var_name = Last measurement in raw DN for LVPS Board signal “P3.3VREF_HK”
var_name = voltage_3V3_ref
Header info = 2048
Transformed value for voltage_3V3_ref = 3.30080256
Matching row  18
coeffs for Last measurement in raw DN for LVPS Board signal “P3.3VREF_OP”= [0.0 0.00161172 0.0 0.0 0.0 0.0 0.0 0.0]
var_name = Last measurement in raw DN for LVPS Board signal “P3.3VREF_OP”
var_name = voltage_3V3_op_ref
Header info = 2048
Transformed value for voltage_3V3_op_ref = 3.30080256
Matching row  18
coeffs for Last measurement in raw DN for LVPS Board signal “N6V”= [-33.0 0.00886447 0.0 0.0 0.0 0.0 0.0 0.0]
var_name = Last measurement in raw DN for LVPS Board signal “N6V”
var_name = voltage_neg6V_bus
Header info = 2998
Transformed value for voltage_neg6V_bus = -6.424318940000003
Matching row  18
coeffs for Last measurement in raw DN for LVPS Board signal “P6V”= [0.0 0.00241758 0.0 0.0 0.0 0.0 0.0 0.0]
var_name = Last measurement in raw DN for LVPS Board signal “P6V”
var_name = voltage_pos6V_bus
Header info = 2640
Transformed value for voltage_pos6V_bus = 6.3824112
Matching row  18
coeffs for Last measurement in raw DN for LVPS Board signal “P16V”= [0.0 0.00482711 0.0 0.0 0.0 0.0 0.0 0.0]
var_name = Last measurement in raw DN for LVPS Board signal “P16V”
var_name = voltage_pos16V_bus
Header info = 3170
Transformed value for voltage_pos16V_bus = 15.3019387
Matching row  18
coeffs for Last measurement in raw DN for LVPS Board signal “P3.3V”= [0.0 0.00161172 0.0 0.0 0.0 0.0 0.0 0.0]
var_name = Last measurement in raw DN for LVPS Board signal “P3.3V”
var_name = voltage_pos3V3_bus
Header info = 2059
Transformed value for voltage_pos3V3_bus = 3.3185314800000003
Matching row  18
coeffs for Last measurement in raw DN for LVPS Board signal “N5V”= [-33.0 0.00886447 0.0 0.0 0.0 0.0 0.0 0.0]
var_name = Last measurement in raw DN for LVPS Board signal “N5V”
var_name = voltage_neg5V_bus
Header info = 3155
Transformed value for voltage_neg5V_bus = -5.032597150000001
Matching row  18
coeffs for Last measurement in raw DN for LVPS Board signal “P5V”= [0.0 0.00161172 0.0 0.0 0.0 0.0 0.0 0.0]
var_name = Last measurement in raw DN for LVPS Board signal “P5V”
var_name = voltage_pos5V_bus
Header info = 3160
Transformed value for voltage_pos5V_bus = 5.0930352
Matching row  18
coeffs for Last measurement in raw DN for LVPS Board signal “P3.3_IMON”= [0.0 0.00161172 0.0 0.0 0.0 0.0 0.0 0.0]
var_name = Last measurement in raw DN for LVPS Board signal “P3.3_IMON”
var_name = current_3V3_bus
Header info = 1569
Transformed value for current_3V3_bus = 2.5287886800000003
Matching row  18
coeffs for Last measurement in raw DN for LVPS Board signal “P16V_IMON”= [0.0 0.000161172 0.0 0.0 0.0 0.0 0.0 0.0]
var_name = Last measurement in raw DN for LVPS Board signal “P16V_IMON”
var_name = current_16V_bus
Header info = 970
Transformed value for current_16V_bus = 0.15633684
Matching row  18
coeffs for Last measurement in raw DN for LVPS Board signal “P6V_IMON”= [0.0 8.05861e-05 0.0 0.0 0.0 0.0 0.0 0.0]
var_name = Last measurement in raw DN for LVPS Board signal “P6V_IMON”
var_name = current_6V_bus
Header info = 1284
Transformed value for current_6V_bus = 0.1034725524
Matching row  18
coeffs for Last measurement in raw DN for LVPS Board signal “N6V_IMON”= [0.0 -8.05861e-05 0.0 0.0 0.0 0.0 0.0 0.0]
var_name = Last measurement in raw DN for LVPS Board signal “N6V_IMON”
var_name = current_neg6V_bus
Header info = 970
Transformed value for current_neg6V_bus = -0.07816851699999999
Matching row  18
coeffs for Last measurement in raw DN for LVPS Board signal “P5V_IMON”= [0.0 4.029304e-05 0.0 0.0 0.0 0.0 0.0 0.0]
var_name = Last measurement in raw DN for LVPS Board signal “P5V_IMON”
var_name = current_5V_bus
Header info = 1589
Transformed value for current_5V_bus = 0.06402564056
Matching row  18
coeffs for Last measurement in raw DN for LVPS Board signal “N5V_IMON”= [0.0 -2.01465e-05 0.0 0.0 0.0 0.0 0.0 0.0]
var_name = Last measurement in raw DN for LVPS Board signal “N5V_IMON”
var_name = current_neg5V_bus
Header info = 2800
Transformed value for current_neg5V_bus = -0.0564102
Matching row  18
coeffs for Last measurement in raw DN for LVPS Board signal “P2.5V_IMON”= [0.0 0.00161172 0.0 0.0 0.0 0.0 0.0 0.0]
var_name = Last measurement in raw DN for LVPS Board signal “P2.5V_IMON”
var_name = current_2V5_bus
Header info = 481
Transformed value for current_2V5_bus = 0.77523732
Matching row  18
coeffs for Last measurement in raw DN for LVPS Board signal “N2.5V_IMON”= [0.0 -4.0293e-05 0.0 0.0 0.0 0.0 0.0 0.0]
var_name = Last measurement in raw DN for LVPS Board signal “N2.5V_IMON”
var_name = current_neg2V5_bus
Header info = 2888
Transformed value for current_neg2V5_bus = -0.11636618400000001
Matching row  18
coeffs for Last measurement in raw DN for LVPS Board signal “THERM_DECON0”= [-110.293 0.0665351 0.000305738 -6.32048e-07 5.9934e-10 -2.98784e-13
 7.61361e-17 -7.76467e-21]
var_name = Last measurement in raw DN for LVPS Board signal “THERM_DECON0”
var_name = None
KeyError: (16, None) - Could not find entry for None, 38. Please check the Var_notes or variable mapping.
Matching row  18
coeffs for Last measurement in raw DN for LVPS Board signal “THERM_DECON1”= [-150.478 0.376986 -0.00062072 7.73853e-07 -5.81588e-10 2.56368e-13
 -6.05698e-17 5.96635e-21]
var_name = Last measurement in raw DN for LVPS Board signal “THERM_DECON1”
var_name = None
KeyError: (16, None) - Could not find entry for None, 39. Please check the Var_notes or variable mapping.
Matching row  18
coeffs for Last measurement in raw DN for LVPS Board signal “THERM_DAB”= [-443.248 1.31224 -0.00180422 1.40016e-06 -6.43766e-10 1.7448e-13
 -2.57695e-17 1.60239e-21]
var_name = Last measurement in raw DN for LVPS Board signal “THERM_DAB”
var_name = None
KeyError: (16, None) - Could not find entry for None, 40. Please check the Var_notes or variable mapping.
Matching row  18
coeffs for Last measurement in raw DN for LVPS Board signal “THERM_LVPS”= [200.4137 -0.2020699 0.000175403 -9.739547e-08 2.888932e-11 -3.545603e-15
 0.0 0.0]
var_name = Last measurement in raw DN for LVPS Board signal “THERM_LVPS”
var_name = None
KeyError: (16, None) - Could not find entry for None, 41. Please check the Var_notes or variable mapping.
Matching row  18
coeffs for Last measurement in raw DN for LVPS Board signal “THERM_HVPS”= [200.4137 -0.2020699 0.000175403 -9.739547e-08 2.888932e-11 -3.545603e-15
 0.0 0.0]
var_name = Last measurement in raw DN for LVPS Board signal “THERM_HVPS”
var_name = None
KeyError: (16, None) - Could not find entry for None, 45. Please check the Var_notes or variable mapping.
Matching row  18
coeffs for Last measurement in raw DN for LVPS Board signal “P2.5V”= [0.0 0.00161172 0.0 0.0 0.0 0.0 0.0 0.0]
var_name = Last measurement in raw DN for LVPS Board signal “P2.5V”
var_name = None
KeyError: (16, None) - Could not find entry for None, 49. Please check the Var_notes or variable mapping.
Matching row  18
coeffs for Last measurement in raw DN for LVPS Board signal “N2.5V”= [-33.0 0.00886447 0.0 0.0 0.0 0.0 0.0 0.0]
var_name = Last measurement in raw DN for LVPS Board signal “N2.5V”
var_name = None
KeyError: (16, None) - Could not find entry for None, 50. Please check the Var_notes or variable mapping.
Matching row  18
coeffs for Last measurement in raw DN for LVPS Board signal “Spare”= [0.0 0.00161172 0.0 0.0 0.0 0.0 0.0 0.0]
var_name = Last measurement in raw DN for LVPS Board signal “Spare”
var_name = spare_signal
KeyError: (16, 'spare_signal') - Could not find entry for spare_signal, 51. Please check the Var_notes or variable mapping.
High gain delay = 23 samples.
Mid gain delay = 23 samples.
Low gain delay = 52 samples.
High sampling trigger mode =  0 0 1
High gain trigger mode enabled.
For 2222981120, HG Trigger level = 0.15317, sample settings = 0, 0
Threshold trigger mode enabled for high gain channel.
AID = 2415277394
Event number = 17
Rice compression enabled = False
Timestamp = 439569022.20832 seconds since epoch (Midnight January 1st, 2010)
Trigger time = 2023-12-06 14:30:22.208320+00:00
16
16
16
16
16
16
16
16
16
16
16
16
16
{'SHCOARSE': ParsedDataItem(SHCOARSE, raw=439590375, derived=439590375, unit=dn), 'SHFINE': ParsedDataItem(SHFINE, raw=10892, derived=10892, unit=dn), 'IDX__SCI0AID': ParsedDataItem(IDX__SCI0AID, raw=2415277394, derived=2415277394, unit=None), 'IDX__SCI0TYPE': ParsedDataItem(IDX__SCI0TYPE, raw=1, derived=1, unit=None), 'IDX__SCI0CONT': ParsedDataItem(IDX__SCI0CONT, raw=127, derived=127, unit=None), 'IDX__SCI0SPARE1': ParsedDataItem(IDX__SCI0SPARE1, raw=0, derived=0, unit=None), 'IDX__SCI0PACK': ParsedDataItem(IDX__SCI0PACK, raw=1, derived=EN, unit=None), 'IDX__SCI0FRAG': ParsedDataItem(IDX__SCI0FRAG, raw=0, derived=DS, unit=None), 'IDX__SCI0COMP': ParsedDataItem(IDX__SCI0COMP, raw=0, derived=DS, unit=None), 'IDX__SCI0EVTNUM': ParsedDataItem(IDX__SCI0EVTNUM, raw=18, derived=18, unit=None), 'IDX__SCI0CAT': ParsedDataItem(IDX__SCI0CAT, raw=32, derived=32, unit=None), 'IDX__SCI0QUAL': ParsedDataItem(IDX__SCI0QUAL, raw=5, derived=5, unit=None), 'IDX__SCI0FRAGOFF': ParsedDataItem(IDX__SCI0FRAGOFF, raw=0, derived=0, unit=None), 'IDX__SCI0VER': ParsedDataItem(IDX__SCI0VER, raw=9, derived=9, unit=None), 'IDX__SCI0TIME32': ParsedDataItem(IDX__SCI0TIME32, raw=439589818, derived=439589818, unit=None), 'IDX__SCI0SPARE2': ParsedDataItem(IDX__SCI0SPARE2, raw=0, derived=0, unit=None), 'IDX__SCI0SPARE3': ParsedDataItem(IDX__SCI0SPARE3, raw=0, derived=0, unit=None), 'IDX__SCI0SPARE4': ParsedDataItem(IDX__SCI0SPARE4, raw=0, derived=0, unit=None), 'IDX__TXHDRSCIEVTLEN': ParsedDataItem(IDX__TXHDRSCIEVTLEN, raw=8320, derived=8320, unit=None), 'IDX__TXHDRSP00': ParsedDataItem(IDX__TXHDRSP00, raw=0, derived=0, unit=None), 'IDX__TXHDRTIMESEC1': ParsedDataItem(IDX__TXHDRTIMESEC1, raw=6707, derived=6707, unit=None), 'IDX__TXHDRTIMESEC2': ParsedDataItem(IDX__TXHDRTIMESEC2, raw=39866, derived=39866, unit=None), 'IDX__TXHDRTIMESUBS': ParsedDataItem(IDX__TXHDRTIMESUBS, raw=37288, derived=37288, unit=None), 'IDX__TXHDRSP01': ParsedDataItem(IDX__TXHDRSP01, raw=0, derived=0, unit=None), 'IDX__TXHDRTRIGOFFSET': ParsedDataItem(IDX__TXHDRTRIGOFFSET, raw=5, derived=5, unit=None), 'IDX__TXHDRSP02': ParsedDataItem(IDX__TXHDRSP02, raw=0, derived=0, unit=None), 'IDX__TXHDRTRIGID': ParsedDataItem(IDX__TXHDRTRIGID, raw=1, derived=1, unit=None), 'IDX__TXHDREVTNUM': ParsedDataItem(IDX__TXHDREVTNUM, raw=18, derived=18, unit=None), 'IDX__TXHDRBLOCKS': ParsedDataItem(IDX__TXHDRBLOCKS, raw=243679, derived=243679, unit=None), 'IDX__TXHDRHGTRIGCTRL1': ParsedDataItem(IDX__TXHDRHGTRIGCTRL1, raw=2222981120, derived=2222981120, unit=None), 'IDX__TXHDRHGTRIGCTRL2': ParsedDataItem(IDX__TXHDRHGTRIGCTRL2, raw=0, derived=0, unit=None), 'IDX__TXHDRLGTRIGCTRL1': ParsedDataItem(IDX__TXHDRLGTRIGCTRL1, raw=4294965248, derived=4294965248, unit=None), 'IDX__TXHDRLGTRIGCTRL2': ParsedDataItem(IDX__TXHDRLGTRIGCTRL2, raw=4278255360, derived=4278255360, unit=None), 'IDX__TXHDRMGTRIGCTRL1': ParsedDataItem(IDX__TXHDRMGTRIGCTRL1, raw=4294965248, derived=4294965248, unit=None), 'IDX__TXHDRMGTRIGCTRL2': ParsedDataItem(IDX__TXHDRMGTRIGCTRL2, raw=4278255360, derived=4278255360, unit=None), 'IDX__TXHDRSP03': ParsedDataItem(IDX__TXHDRSP03, raw=0, derived=0, unit=None), 'IDX__TXHDRLSADC': ParsedDataItem(IDX__TXHDRLSADC, raw=555521, derived=555521, unit=None), 'IDX__TXHDRPOLSTAT': ParsedDataItem(IDX__TXHDRPOLSTAT, raw=1, derived=NEG, unit=None), 'IDX__TXHDRSP04': ParsedDataItem(IDX__TXHDRSP04, raw=0, derived=0, unit=None), 'IDX__TXHDRPOLCTRL': ParsedDataItem(IDX__TXHDRPOLCTRL, raw=0, derived=POS, unit=None), 'IDX__TXHDRCOINENA': ParsedDataItem(IDX__TXHDRCOINENA, raw=0, derived=DIS, unit=None), 'IDX__TXHDRLSTRIGMODE': ParsedDataItem(IDX__TXHDRLSTRIGMODE, raw=0, derived=DIS, unit=None), 'IDX__TXHDRMGTRIGMODE': ParsedDataItem(IDX__TXHDRMGTRIGMODE, raw=0, derived=0, unit=None), 'IDX__TXHDRLGTRIGMODE': ParsedDataItem(IDX__TXHDRLGTRIGMODE, raw=0, derived=0, unit=None), 'IDX__TXHDRHGTRIGMODE': ParsedDataItem(IDX__TXHDRHGTRIGMODE, raw=1, derived=1, unit=None), 'IDX__TXHDRSP05': ParsedDataItem(IDX__TXHDRSP05, raw=0, derived=0, unit=None), 'IDX__TXHDRSP06': ParsedDataItem(IDX__TXHDRSP06, raw=0, derived=0, unit=None), 'IDX__TXHDRSP07': ParsedDataItem(IDX__TXHDRSP07, raw=2022, derived=2022, unit=None), 'IDX__TXHDRSP08': ParsedDataItem(IDX__TXHDRSP08, raw=0, derived=0, unit=None), 'IDX__TXHDRTOFMAX': ParsedDataItem(IDX__TXHDRTOFMAX, raw=541596183, derived=541596183, unit=None), 'IDX__TXHDRTOFMIN': ParsedDataItem(IDX__TXHDRTOFMIN, raw=535295476, derived=535295476, unit=None), 'IDX__TXHDRLS0MAXMIN': ParsedDataItem(IDX__TXHDRLS0MAXMIN, raw=8464397, derived=8464397, unit=None), 'IDX__TXHDRLS1MAXMIN': ParsedDataItem(IDX__TXHDRLS1MAXMIN, raw=8472547, derived=8472547, unit=None), 'IDX__TXHDRLS2MAXMIN': ParsedDataItem(IDX__TXHDRLS2MAXMIN, raw=8304613, derived=8304613, unit=None), 'IDX__TXHDRFIFODELAY': ParsedDataItem(IDX__TXHDRFIFODELAY, raw=16, derived=16, unit=None), 'IDX__TXHDRSAMPDELAY': ParsedDataItem(IDX__TXHDRSAMPDELAY, raw=40934471, derived=40934471, unit=None), 'IDX__TXHDRTRANSCNT': ParsedDataItem(IDX__TXHDRTRANSCNT, raw=4, derived=4, unit=None), 'IDX__TXHDRPROCHKCH01': ParsedDataItem(IDX__TXHDRPROCHKCH01, raw=81527416, derived=81527416, unit=None), 'IDX__TXHDRPROCHKCH23': ParsedDataItem(IDX__TXHDRPROCHKCH23, raw=240258366, derived=240258366, unit=None), 'IDX__TXHDRPROCHKCH45': ParsedDataItem(IDX__TXHDRPROCHKCH45, raw=199034078, derived=199034078, unit=None), 'IDX__TXHDRPROCHKCH67': ParsedDataItem(IDX__TXHDRPROCHKCH67, raw=134088995, derived=134088995, unit=None), 'IDX__TXHDRHVPSHKCH01': ParsedDataItem(IDX__TXHDRHVPSHKCH01, raw=131663462, derived=131663462, unit=None), 'IDX__TXHDRHVPSHKCH23': ParsedDataItem(IDX__TXHDRHVPSHKCH23, raw=8849067, derived=8849067, unit=None), 'IDX__TXHDRHVPSHKCH45': ParsedDataItem(IDX__TXHDRHVPSHKCH45, raw=152897501, derived=152897501, unit=None), 'IDX__TXHDRHVPSHKCH67': ParsedDataItem(IDX__TXHDRHVPSHKCH67, raw=20056716, derived=20056716, unit=None), 'IDX__TXHDRLVHK0CH01': ParsedDataItem(IDX__TXHDRLVHK0CH01, raw=134219776, derived=134219776, unit=None), 'IDX__TXHDRLVHK0CH23': ParsedDataItem(IDX__TXHDRLVHK0CH23, raw=173018038, derived=173018038, unit=None), 'IDX__TXHDRLVHK0CH45': ParsedDataItem(IDX__TXHDRLVHK0CH45, raw=134941794, derived=134941794, unit=None), 'IDX__TXHDRLVHK0CH67': ParsedDataItem(IDX__TXHDRLVHK0CH67, raw=207096915, derived=207096915, unit=None), 'IDX__TXHDRLVHK1CH01': ParsedDataItem(IDX__TXHDRLVHK1CH01, raw=32114208, derived=32114208, unit=None), 'IDX__TXHDRLVHK1CH23': ParsedDataItem(IDX__TXHDRLVHK1CH23, raw=63571204, derived=63571204, unit=None), 'IDX__TXHDRLVHK1CH45': ParsedDataItem(IDX__TXHDRLVHK1CH45, raw=183502389, derived=183502389, unit=None), 'IDX__TXHDRLVHK1CH67': ParsedDataItem(IDX__TXHDRLVHK1CH67, raw=189202913, derived=189202913, unit=None), 'IDX__TXHDRLVHK2CH01': ParsedDataItem(IDX__TXHDRLVHK2CH01, raw=42730130, derived=42730130, unit=None), 'IDX__TXHDRLVHK2CH23': ParsedDataItem(IDX__TXHDRLVHK2CH23, raw=260047824, derived=260047824, unit=None), 'IDX__TXHDRLVHK2CH45': ParsedDataItem(IDX__TXHDRLVHK2CH45, raw=101257134, derived=101257134, unit=None), 'IDX__TXHDRLVHK2CH67': ParsedDataItem(IDX__TXHDRLVHK2CH67, raw=69022, derived=69022, unit=None), 'IDX__TXHDRSP09': ParsedDataItem(IDX__TXHDRSP09, raw=0, derived=0, unit=None), 'IDX__TXHDRSP10': ParsedDataItem(IDX__TXHDRSP10, raw=0, derived=0, unit=None), 'IDX__TXHDRFSWAIDCOPY': ParsedDataItem(IDX__TXHDRFSWAIDCOPY, raw=2415277394, derived=2415277394, unit=None), 'IDX__TXHDRFSWBINCOPY': ParsedDataItem(IDX__TXHDRFSWBINCOPY, raw=0, derived=0, unit=None), 'IDX__TXHDRFSWMAJOR': ParsedDataItem(IDX__TXHDRFSWMAJOR, raw=2, derived=2, unit=None), 'IDX__TXHDRFSWMINOR': ParsedDataItem(IDX__TXHDRFSWMINOR, raw=0, derived=0, unit=None), 'IDX__TXHDRFSWPATCH': ParsedDataItem(IDX__TXHDRFSWPATCH, raw=0, derived=0, unit=None), 'IDX__TXHDRFSWHVSTAT': ParsedDataItem(IDX__TXHDRFSWHVSTAT, raw=3, derived=3, unit=None), 'IDX__TXHDRFSWMEM0': ParsedDataItem(IDX__TXHDRFSWMEM0, raw=0, derived=0, unit=None), 'IDX__TXHDRFSWMEM1': ParsedDataItem(IDX__TXHDRFSWMEM1, raw=0, derived=0, unit=None), 'IDX__TXHDRFSWPT0': ParsedDataItem(IDX__TXHDRFSWPT0, raw=0, derived=0, unit=None), 'IDX__TXHDRFSWPT1': ParsedDataItem(IDX__TXHDRFSWPT1, raw=0, derived=0, unit=None), 'IDX__TXHDRFSWPT2': ParsedDataItem(IDX__TXHDRFSWPT2, raw=0, derived=0, unit=None), 'IDX__TXHDRFSWPT3': ParsedDataItem(IDX__TXHDRFSWPT3, raw=0, derived=0, unit=None), 'IDX__TXHDRFSWPT4': ParsedDataItem(IDX__TXHDRFSWPT4, raw=0, derived=0, unit=None), 'IDX__TXHDRFSWPT5': ParsedDataItem(IDX__TXHDRFSWPT5, raw=0, derived=0, unit=None), 'IDX__TXHDRFSWPT6': ParsedDataItem(IDX__TXHDRFSWPT6, raw=0, derived=0, unit=None), 'IDX__TXHDRFSWPT7': ParsedDataItem(IDX__TXHDRFSWPT7, raw=0, derived=0, unit=None), 'IDX__TXHDRFSWPT8': ParsedDataItem(IDX__TXHDRFSWPT8, raw=0, derived=0, unit=None), 'IDX__TXHDRFSWPT9': ParsedDataItem(IDX__TXHDRFSWPT9, raw=0, derived=0, unit=None), 'IDX__TXHDRFPGAVER': ParsedDataItem(IDX__TXHDRFPGAVER, raw=539165480, derived=539165480, unit=None), 'IDX__SYNCSCI0PKT': ParsedDataItem(IDX__SYNCSCI0PKT, raw=13107, derived=13107, unit=None), 'IDX__CRCSCI0PKT': ParsedDataItem(IDX__CRCSCI0PKT, raw=61316, derived=61316, unit=None)}
SHCOARSE = 439590375
SHFINE = 10892
IDX__SCI0AID = 2415277394
IDX__SCI0TYPE = 1
IDX__SCI0CONT = 127
IDX__SCI0SPARE1 = 0
IDX__SCI0PACK = EN
IDX__SCI0FRAG = DS
IDX__SCI0COMP = DS
IDX__SCI0EVTNUM = 18
IDX__SCI0CAT = 32
IDX__SCI0QUAL = 5
IDX__SCI0FRAGOFF = 0
IDX__SCI0VER = 9
IDX__SCI0TIME32 = 439589818
IDX__SCI0SPARE2 = 0
IDX__SCI0SPARE3 = 0
IDX__SCI0SPARE4 = 0
IDX__TXHDRSCIEVTLEN = 8320
IDX__TXHDRSP00 = 0
IDX__TXHDRTIMESEC1 = 6707
IDX__TXHDRTIMESEC2 = 39866
IDX__TXHDRTIMESUBS = 37288
IDX__TXHDRSP01 = 0
IDX__TXHDRTRIGOFFSET = 5
IDX__TXHDRSP02 = 0
IDX__TXHDRTRIGID = 1
IDX__TXHDREVTNUM = 18
IDX__TXHDRBLOCKS = 243679
IDX__TXHDRHGTRIGCTRL1 = 2222981120
IDX__TXHDRHGTRIGCTRL2 = 0
IDX__TXHDRLGTRIGCTRL1 = 4294965248
IDX__TXHDRLGTRIGCTRL2 = 4278255360
IDX__TXHDRMGTRIGCTRL1 = 4294965248
IDX__TXHDRMGTRIGCTRL2 = 4278255360
IDX__TXHDRSP03 = 0
IDX__TXHDRLSADC = 555521
IDX__TXHDRPOLSTAT = NEG
IDX__TXHDRSP04 = 0
IDX__TXHDRPOLCTRL = POS
IDX__TXHDRCOINENA = DIS
IDX__TXHDRLSTRIGMODE = DIS
IDX__TXHDRMGTRIGMODE = 0
IDX__TXHDRLGTRIGMODE = 0
IDX__TXHDRHGTRIGMODE = 1
IDX__TXHDRSP05 = 0
IDX__TXHDRSP06 = 0
IDX__TXHDRSP07 = 2022
IDX__TXHDRSP08 = 0
IDX__TXHDRTOFMAX = 541596183
IDX__TXHDRTOFMIN = 535295476
IDX__TXHDRLS0MAXMIN = 8464397
IDX__TXHDRLS1MAXMIN = 8472547
IDX__TXHDRLS2MAXMIN = 8304613
IDX__TXHDRFIFODELAY = 16
IDX__TXHDRSAMPDELAY = 40934471
IDX__TXHDRTRANSCNT = 4
IDX__TXHDRPROCHKCH01 = 81527416
IDX__TXHDRPROCHKCH23 = 240258366
IDX__TXHDRPROCHKCH45 = 199034078
IDX__TXHDRPROCHKCH67 = 134088995
IDX__TXHDRHVPSHKCH01 = 131663462
IDX__TXHDRHVPSHKCH23 = 8849067
IDX__TXHDRHVPSHKCH45 = 152897501
IDX__TXHDRHVPSHKCH67 = 20056716
IDX__TXHDRLVHK0CH01 = 134219776
IDX__TXHDRLVHK0CH23 = 173018038
IDX__TXHDRLVHK0CH45 = 134941794
IDX__TXHDRLVHK0CH67 = 207096915
IDX__TXHDRLVHK1CH01 = 32114208
IDX__TXHDRLVHK1CH23 = 63571204
IDX__TXHDRLVHK1CH45 = 183502389
IDX__TXHDRLVHK1CH67 = 189202913
IDX__TXHDRLVHK2CH01 = 42730130
IDX__TXHDRLVHK2CH23 = 260047824
IDX__TXHDRLVHK2CH45 = 101257134
IDX__TXHDRLVHK2CH67 = 69022
IDX__TXHDRSP09 = 0
IDX__TXHDRSP10 = 0
IDX__TXHDRFSWAIDCOPY = 2415277394
IDX__TXHDRFSWBINCOPY = 0
IDX__TXHDRFSWMAJOR = 2
IDX__TXHDRFSWMINOR = 0
IDX__TXHDRFSWPATCH = 0
IDX__TXHDRFSWHVSTAT = 3
IDX__TXHDRFSWMEM0 = 0
IDX__TXHDRFSWMEM1 = 0
IDX__TXHDRFSWPT0 = 0
IDX__TXHDRFSWPT1 = 0
IDX__TXHDRFSWPT2 = 0
IDX__TXHDRFSWPT3 = 0
IDX__TXHDRFSWPT4 = 0
IDX__TXHDRFSWPT5 = 0
IDX__TXHDRFSWPT6 = 0
IDX__TXHDRFSWPT7 = 0
IDX__TXHDRFSWPT8 = 0
IDX__TXHDRFSWPT9 = 0
IDX__TXHDRFPGAVER = 539165480
IDX__SYNCSCI0PKT = 13107
IDX__CRCSCI0PKT = 61316
^*****Event header 17******^
HS pre trig sampling blocks:  31
LS pre trig sampling blocks:  3
HS post trig sampling blocks:  31
LS post trig sampling blocks:  11
IDX__TXHDRHVPSHKCH01 = 131663462
Detector voltage =  1638
Sensor voltage =  2009
Target voltage =  1707
Reflectron voltage =  135
Rejection voltage =  2013
Current for HVPS sensor =  2333
Positive current for HVPS sensor =  2700
Negative current for HVPS sensor =  306
Voltage +3.3V reference =  2048
Voltage +3.3V operational reference =  2048
Voltage -6V bus =  2998
Voltage +6V bus =  2640
Voltage +16V bus =  3170
Voltage +3.3V bus =  2059
Voltage -5V bus =  3155
Voltage +5V bus =  3160
Current +3.3V bus =  1568
Current +16V bus =  970
Current +6V bus =  1284
Current -6V bus =  970
Current +5V bus =  1589
Current -5V bus =  2800
Current +2.5V bus =  481
Current -2.5V bus =  2887
Current on the 1V POL =  632
Current on the 1.9V POL =  1244
ProcBd Temperature 1 =  3390
ProcBd Temperature 2 =  3666
Voltage on 1V bus =  1246
FPGA Temperature =  3037
Voltage on 1.9V bus =  2339
Voltage on 3.3V bus =  2046
var_to_row = {'Last measurement in raw DN for Processor Board signal “1V POL Current”': 0, 'Last measurement in raw DN for Processor Board signal “1.9V POL Current”': 1, 'Last measurement in raw DN for Processor Board signal “ProcBd Temp1”': 2, nan: 48, 'Last measurement in raw DN for Processor Board signal “ProcBd Temp2”': 6, 'Last measurement in raw DN for Processor Board signal “1V Voltage”': 10, 'Last measurement in raw DN for Processor Board signal “FPGA Temp”': 11, 'Last measurement in raw DN for Processor Board signal “1.9V Voltage”': 12, 'Last measurement in raw DN for Processor Board signal “3.3V Voltage”': 13, 'Last measurement in raw DN for HVPS Board signal “Detector Voltage”': 14, 'Last measurement in raw DN for HVPS Board signal “Sensor Voltage"': 15, 'Last measurement in raw DN for HVPS Board signal “Target Voltage”': 16, 'Last measurement in raw DN for HVPS Board signal “Reflectron Voltage”': 17, 'Last measurement in raw DN for HVPS Board signal “Rejection Voltage”': 18, 'Last measurement in raw DN for HVPS Board signal “Detector Current”': 19, 'Last measurement in raw DN for HVPS Board signal “Sensor IP”': 20, 'Last measurement in raw DN for HVPS Board signal “Sensor IN”': 21, 'Last measurement in raw DN for LVPS Board signal “P3.3VREF_HK”': 22, 'Last measurement in raw DN for LVPS Board signal “P3.3VREF_OP”': 23, 'Last measurement in raw DN for LVPS Board signal “N6V”': 24, 'Last measurement in raw DN for LVPS Board signal “P6V”': 25, 'Last measurement in raw DN for LVPS Board signal “P16V”': 26, 'Last measurement in raw DN for LVPS Board signal “P3.3V”': 27, 'Last measurement in raw DN for LVPS Board signal “N5V”': 28, 'Last measurement in raw DN for LVPS Board signal “P5V”': 29, 'Last measurement in raw DN for LVPS Board signal “P3.3_IMON”': 30, 'Last measurement in raw DN for LVPS Board signal “P16V_IMON”': 31, 'Last measurement in raw DN for LVPS Board signal “P6V_IMON”': 32, 'Last measurement in raw DN for LVPS Board signal “N6V_IMON”': 33, 'Last measurement in raw DN for LVPS Board signal “P5V_IMON”': 34, 'Last measurement in raw DN for LVPS Board signal “N5V_IMON”': 35, 'Last measurement in raw DN for LVPS Board signal “P2.5V_IMON”': 36, 'Last measurement in raw DN for LVPS Board signal “N2.5V_IMON”': 37, 'Last measurement in raw DN for LVPS Board signal “THERM_DECON0”': 38, 'Last measurement in raw DN for LVPS Board signal “THERM_DECON1”': 39, 'Last measurement in raw DN for LVPS Board signal “THERM_DAB”': 40, 'Last measurement in raw DN for LVPS Board signal “THERM_LVPS”': 41, 'Last measurement in raw DN for LVPS Board signal “THERM_HVPS”': 45, 'Last measurement in raw DN for LVPS Board signal “P2.5V”': 49, 'Last measurement in raw DN for LVPS Board signal “N2.5V”': 50, 'Last measurement in raw DN for LVPS Board signal “Spare”': 51}

 
 ***** var_name being converted for each instrument setting ***** 
 

Matching row  18
coeffs for Last measurement in raw DN for Processor Board signal “1V POL Current”= [0.0 0.9029253 0.0 0.0 0.0 0.0 0.0 0.0]
var_name = Last measurement in raw DN for Processor Board signal “1V POL Current”
var_name = current_1V_pol
Header info = 632
Transformed value for current_1V_pol = 570.6487896
Matching row  18
coeffs for Last measurement in raw DN for Processor Board signal “1.9V POL Current”= [0.0 0.9029253 0.0 0.0 0.0 0.0 0.0 0.0]
var_name = Last measurement in raw DN for Processor Board signal “1.9V POL Current”
var_name = current_1.9V_pol
Header info = 1244
Transformed value for current_1.9V_pol = 1123.2390732000001
Matching row  18
coeffs for Last measurement in raw DN for Processor Board signal “ProcBd Temp1”= [162.8276 -0.2668687 0.0003323794 -2.43153e-07 9.034532e-11 -1.327735e-14
 0.0 0.0]
var_name = Last measurement in raw DN for Processor Board signal “ProcBd Temp1”
var_name = temperature_1
Header info = 3390
Transformed value for temperature_1 = -407.5949358341395
Matching row  18
coeffs for nan= [-104713.9 52.02446 -0.006463374 0.0 0.0 0.0 0.0 0.0]
var_name = nan
var_name = None
KeyError: (17, None) - Could not find entry for None, 48. Please check the Var_notes or variable mapping.
Matching row  18
coeffs for Last measurement in raw DN for Processor Board signal “ProcBd Temp2”= [162.8276 -0.2668687 0.0003323794 -2.43153e-07 9.034532e-11 -1.327735e-14
 0.0 0.0]
var_name = Last measurement in raw DN for Processor Board signal “ProcBd Temp2”
var_name = temperature_2
Header info = 3666
Transformed value for temperature_2 = -801.8818752684547
Matching row  18
coeffs for Last measurement in raw DN for Processor Board signal “1V Voltage”= [0.0 0.000805861 0.0 0.0 0.0 0.0 0.0 0.0]
var_name = Last measurement in raw DN for Processor Board signal “1V Voltage”
var_name = voltage_1V_bus
Header info = 1246
Transformed value for voltage_1V_bus = 1.004102806
Matching row  18
coeffs for Last measurement in raw DN for Processor Board signal “FPGA Temp”= [358.31 -0.1187104 0.0 0.0 0.0 0.0 0.0 0.0]
var_name = Last measurement in raw DN for Processor Board signal “FPGA Temp”
var_name = fpga_temperature
Header info = 3037
Transformed value for fpga_temperature = -2.2134848000000034
Matching row  18
coeffs for Last measurement in raw DN for Processor Board signal “1.9V Voltage”= [0.0 0.000805861 0.0 0.0 0.0 0.0 0.0 0.0]
var_name = Last measurement in raw DN for Processor Board signal “1.9V Voltage”
var_name = voltage_1.9V_bus
Header info = 2339
Transformed value for voltage_1.9V_bus = 1.884908879
Matching row  18
coeffs for Last measurement in raw DN for Processor Board signal “3.3V Voltage”= [0.0 0.001611722 0.0 0.0 0.0 0.0 0.0 0.0]
var_name = Last measurement in raw DN for Processor Board signal “3.3V Voltage”
var_name = voltage_3.3V_bus
Header info = 2046
Transformed value for voltage_3.3V_bus = 3.2975832119999997
Matching row  18
coeffs for Last measurement in raw DN for HVPS Board signal “Detector Voltage”= [0.0 1.4652 0.0 0.0 0.0 0.0 0.0 0.0]
var_name = Last measurement in raw DN for HVPS Board signal “Detector Voltage”
var_name = detector_voltage
Header info = 1638
Transformed value for detector_voltage = 2399.9976
Matching row  18
coeffs for Last measurement in raw DN for HVPS Board signal “Sensor Voltage"= [0.0 1.4652 0.0 0.0 0.0 0.0 0.0 0.0]
var_name = Last measurement in raw DN for HVPS Board signal “Sensor Voltage"
var_name = sensor_voltage
Header info = 2009
Transformed value for sensor_voltage = 2943.5868
Matching row  18
coeffs for Last measurement in raw DN for HVPS Board signal “Target Voltage”= [0.0 1.4652 0.0 0.0 0.0 0.0 0.0 0.0]
var_name = Last measurement in raw DN for HVPS Board signal “Target Voltage”
var_name = target_voltage
Header info = 1707
Transformed value for target_voltage = 2501.0964
Matching row  18
coeffs for Last measurement in raw DN for HVPS Board signal “Reflectron Voltage”= [0.0 1.4652 0.0 0.0 0.0 0.0 0.0 0.0]
var_name = Last measurement in raw DN for HVPS Board signal “Reflectron Voltage”
var_name = reflectron_voltage
Header info = 135
Transformed value for reflectron_voltage = 197.80200000000002
Matching row  18
coeffs for Last measurement in raw DN for HVPS Board signal “Rejection Voltage”= [0.0 1.4652 0.0 0.0 0.0 0.0 0.0 0.0]
var_name = Last measurement in raw DN for HVPS Board signal “Rejection Voltage”
var_name = rejection_voltage
Header info = 2013
Transformed value for rejection_voltage = 2949.4476
Matching row  18
coeffs for Last measurement in raw DN for HVPS Board signal “Detector Current”= [0.0 7.326e-06 0.0 0.0 0.0 0.0 0.0 0.0]
var_name = Last measurement in raw DN for HVPS Board signal “Detector Current”
var_name = current_hvps_sensor
Header info = 2333
Transformed value for current_hvps_sensor = 0.017091558
Matching row  18
coeffs for Last measurement in raw DN for HVPS Board signal “Sensor IP”= [0.0 2.4339e-05 0.0 0.0 0.0 0.0 0.0 0.0]
var_name = Last measurement in raw DN for HVPS Board signal “Sensor IP”
var_name = positive_current_hvps
Header info = 2700
Transformed value for positive_current_hvps = 0.06571529999999999
Matching row  18
coeffs for Last measurement in raw DN for HVPS Board signal “Sensor IN”= [0.0 2.4339e-05 0.0 0.0 0.0 0.0 0.0 0.0]
var_name = Last measurement in raw DN for HVPS Board signal “Sensor IN”
var_name = negative_current_hvps
Header info = 306
Transformed value for negative_current_hvps = 0.007447733999999999
Matching row  18
coeffs for Last measurement in raw DN for LVPS Board signal “P3.3VREF_HK”= [0.0 0.00161172 0.0 0.0 0.0 0.0 0.0 0.0]
var_name = Last measurement in raw DN for LVPS Board signal “P3.3VREF_HK”
var_name = voltage_3V3_ref
Header info = 2048
Transformed value for voltage_3V3_ref = 3.30080256
Matching row  18
coeffs for Last measurement in raw DN for LVPS Board signal “P3.3VREF_OP”= [0.0 0.00161172 0.0 0.0 0.0 0.0 0.0 0.0]
var_name = Last measurement in raw DN for LVPS Board signal “P3.3VREF_OP”
var_name = voltage_3V3_op_ref
Header info = 2048
Transformed value for voltage_3V3_op_ref = 3.30080256
Matching row  18
coeffs for Last measurement in raw DN for LVPS Board signal “N6V”= [-33.0 0.00886447 0.0 0.0 0.0 0.0 0.0 0.0]
var_name = Last measurement in raw DN for LVPS Board signal “N6V”
var_name = voltage_neg6V_bus
Header info = 2998
Transformed value for voltage_neg6V_bus = -6.424318940000003
Matching row  18
coeffs for Last measurement in raw DN for LVPS Board signal “P6V”= [0.0 0.00241758 0.0 0.0 0.0 0.0 0.0 0.0]
var_name = Last measurement in raw DN for LVPS Board signal “P6V”
var_name = voltage_pos6V_bus
Header info = 2640
Transformed value for voltage_pos6V_bus = 6.3824112
Matching row  18
coeffs for Last measurement in raw DN for LVPS Board signal “P16V”= [0.0 0.00482711 0.0 0.0 0.0 0.0 0.0 0.0]
var_name = Last measurement in raw DN for LVPS Board signal “P16V”
var_name = voltage_pos16V_bus
Header info = 3170
Transformed value for voltage_pos16V_bus = 15.3019387
Matching row  18
coeffs for Last measurement in raw DN for LVPS Board signal “P3.3V”= [0.0 0.00161172 0.0 0.0 0.0 0.0 0.0 0.0]
var_name = Last measurement in raw DN for LVPS Board signal “P3.3V”
var_name = voltage_pos3V3_bus
Header info = 2059
Transformed value for voltage_pos3V3_bus = 3.3185314800000003
Matching row  18
coeffs for Last measurement in raw DN for LVPS Board signal “N5V”= [-33.0 0.00886447 0.0 0.0 0.0 0.0 0.0 0.0]
var_name = Last measurement in raw DN for LVPS Board signal “N5V”
var_name = voltage_neg5V_bus
Header info = 3155
Transformed value for voltage_neg5V_bus = -5.032597150000001
Matching row  18
coeffs for Last measurement in raw DN for LVPS Board signal “P5V”= [0.0 0.00161172 0.0 0.0 0.0 0.0 0.0 0.0]
var_name = Last measurement in raw DN for LVPS Board signal “P5V”
var_name = voltage_pos5V_bus
Header info = 3160
Transformed value for voltage_pos5V_bus = 5.0930352
Matching row  18
coeffs for Last measurement in raw DN for LVPS Board signal “P3.3_IMON”= [0.0 0.00161172 0.0 0.0 0.0 0.0 0.0 0.0]
var_name = Last measurement in raw DN for LVPS Board signal “P3.3_IMON”
var_name = current_3V3_bus
Header info = 1568
Transformed value for current_3V3_bus = 2.5271769600000002
Matching row  18
coeffs for Last measurement in raw DN for LVPS Board signal “P16V_IMON”= [0.0 0.000161172 0.0 0.0 0.0 0.0 0.0 0.0]
var_name = Last measurement in raw DN for LVPS Board signal “P16V_IMON”
var_name = current_16V_bus
Header info = 970
Transformed value for current_16V_bus = 0.15633684
Matching row  18
coeffs for Last measurement in raw DN for LVPS Board signal “P6V_IMON”= [0.0 8.05861e-05 0.0 0.0 0.0 0.0 0.0 0.0]
var_name = Last measurement in raw DN for LVPS Board signal “P6V_IMON”
var_name = current_6V_bus
Header info = 1284
Transformed value for current_6V_bus = 0.1034725524
Matching row  18
coeffs for Last measurement in raw DN for LVPS Board signal “N6V_IMON”= [0.0 -8.05861e-05 0.0 0.0 0.0 0.0 0.0 0.0]
var_name = Last measurement in raw DN for LVPS Board signal “N6V_IMON”
var_name = current_neg6V_bus
Header info = 970
Transformed value for current_neg6V_bus = -0.07816851699999999
Matching row  18
coeffs for Last measurement in raw DN for LVPS Board signal “P5V_IMON”= [0.0 4.029304e-05 0.0 0.0 0.0 0.0 0.0 0.0]
var_name = Last measurement in raw DN for LVPS Board signal “P5V_IMON”
var_name = current_5V_bus
Header info = 1589
Transformed value for current_5V_bus = 0.06402564056
Matching row  18
coeffs for Last measurement in raw DN for LVPS Board signal “N5V_IMON”= [0.0 -2.01465e-05 0.0 0.0 0.0 0.0 0.0 0.0]
var_name = Last measurement in raw DN for LVPS Board signal “N5V_IMON”
var_name = current_neg5V_bus
Header info = 2800
Transformed value for current_neg5V_bus = -0.0564102
Matching row  18
coeffs for Last measurement in raw DN for LVPS Board signal “P2.5V_IMON”= [0.0 0.00161172 0.0 0.0 0.0 0.0 0.0 0.0]
var_name = Last measurement in raw DN for LVPS Board signal “P2.5V_IMON”
var_name = current_2V5_bus
Header info = 481
Transformed value for current_2V5_bus = 0.77523732
Matching row  18
coeffs for Last measurement in raw DN for LVPS Board signal “N2.5V_IMON”= [0.0 -4.0293e-05 0.0 0.0 0.0 0.0 0.0 0.0]
var_name = Last measurement in raw DN for LVPS Board signal “N2.5V_IMON”
var_name = current_neg2V5_bus
Header info = 2887
Transformed value for current_neg2V5_bus = -0.116325891
Matching row  18
coeffs for Last measurement in raw DN for LVPS Board signal “THERM_DECON0”= [-110.293 0.0665351 0.000305738 -6.32048e-07 5.9934e-10 -2.98784e-13
 7.61361e-17 -7.76467e-21]
var_name = Last measurement in raw DN for LVPS Board signal “THERM_DECON0”
var_name = None
KeyError: (17, None) - Could not find entry for None, 38. Please check the Var_notes or variable mapping.
Matching row  18
coeffs for Last measurement in raw DN for LVPS Board signal “THERM_DECON1”= [-150.478 0.376986 -0.00062072 7.73853e-07 -5.81588e-10 2.56368e-13
 -6.05698e-17 5.96635e-21]
var_name = Last measurement in raw DN for LVPS Board signal “THERM_DECON1”
var_name = None
KeyError: (17, None) - Could not find entry for None, 39. Please check the Var_notes or variable mapping.
Matching row  18
coeffs for Last measurement in raw DN for LVPS Board signal “THERM_DAB”= [-443.248 1.31224 -0.00180422 1.40016e-06 -6.43766e-10 1.7448e-13
 -2.57695e-17 1.60239e-21]
var_name = Last measurement in raw DN for LVPS Board signal “THERM_DAB”
var_name = None
KeyError: (17, None) - Could not find entry for None, 40. Please check the Var_notes or variable mapping.
Matching row  18
coeffs for Last measurement in raw DN for LVPS Board signal “THERM_LVPS”= [200.4137 -0.2020699 0.000175403 -9.739547e-08 2.888932e-11 -3.545603e-15
 0.0 0.0]
var_name = Last measurement in raw DN for LVPS Board signal “THERM_LVPS”
var_name = None
KeyError: (17, None) - Could not find entry for None, 41. Please check the Var_notes or variable mapping.
Matching row  18
coeffs for Last measurement in raw DN for LVPS Board signal “THERM_HVPS”= [200.4137 -0.2020699 0.000175403 -9.739547e-08 2.888932e-11 -3.545603e-15
 0.0 0.0]
var_name = Last measurement in raw DN for LVPS Board signal “THERM_HVPS”
var_name = None
KeyError: (17, None) - Could not find entry for None, 45. Please check the Var_notes or variable mapping.
Matching row  18
coeffs for Last measurement in raw DN for LVPS Board signal “P2.5V”= [0.0 0.00161172 0.0 0.0 0.0 0.0 0.0 0.0]
var_name = Last measurement in raw DN for LVPS Board signal “P2.5V”
var_name = None
KeyError: (17, None) - Could not find entry for None, 49. Please check the Var_notes or variable mapping.
Matching row  18
coeffs for Last measurement in raw DN for LVPS Board signal “N2.5V”= [-33.0 0.00886447 0.0 0.0 0.0 0.0 0.0 0.0]
var_name = Last measurement in raw DN for LVPS Board signal “N2.5V”
var_name = None
KeyError: (17, None) - Could not find entry for None, 50. Please check the Var_notes or variable mapping.
Matching row  18
coeffs for Last measurement in raw DN for LVPS Board signal “Spare”= [0.0 0.00161172 0.0 0.0 0.0 0.0 0.0 0.0]
var_name = Last measurement in raw DN for LVPS Board signal “Spare”
var_name = spare_signal
KeyError: (17, 'spare_signal') - Could not find entry for spare_signal, 51. Please check the Var_notes or variable mapping.
High gain delay = 39 samples.
Mid gain delay = 39 samples.
Low gain delay = 71 samples.
High sampling trigger mode =  0 0 1
High gain trigger mode enabled.
For 2222981120, HG Trigger level = 0.15317, sample settings = 0, 0
Threshold trigger mode enabled for high gain channel.
AID = 2415277394
Event number = 18
Rice compression enabled = False
Timestamp = 439569022.2084 seconds since epoch (Midnight January 1st, 2010)
Trigger time = 2023-12-06 14:30:22.208400+00:00
17
17
17
17
17
17
17
17
17
17
17
17
17
{'SHCOARSE': ParsedDataItem(SHCOARSE, raw=439590391, derived=439590391, unit=dn), 'SHFINE': ParsedDataItem(SHFINE, raw=10877, derived=10877, unit=dn), 'IDX__SCI0AID': ParsedDataItem(IDX__SCI0AID, raw=2415277394, derived=2415277394, unit=None), 'IDX__SCI0TYPE': ParsedDataItem(IDX__SCI0TYPE, raw=1, derived=1, unit=None), 'IDX__SCI0CONT': ParsedDataItem(IDX__SCI0CONT, raw=127, derived=127, unit=None), 'IDX__SCI0SPARE1': ParsedDataItem(IDX__SCI0SPARE1, raw=0, derived=0, unit=None), 'IDX__SCI0PACK': ParsedDataItem(IDX__SCI0PACK, raw=1, derived=EN, unit=None), 'IDX__SCI0FRAG': ParsedDataItem(IDX__SCI0FRAG, raw=0, derived=DS, unit=None), 'IDX__SCI0COMP': ParsedDataItem(IDX__SCI0COMP, raw=0, derived=DS, unit=None), 'IDX__SCI0EVTNUM': ParsedDataItem(IDX__SCI0EVTNUM, raw=19, derived=19, unit=None), 'IDX__SCI0CAT': ParsedDataItem(IDX__SCI0CAT, raw=32, derived=32, unit=None), 'IDX__SCI0QUAL': ParsedDataItem(IDX__SCI0QUAL, raw=5, derived=5, unit=None), 'IDX__SCI0FRAGOFF': ParsedDataItem(IDX__SCI0FRAGOFF, raw=0, derived=0, unit=None), 'IDX__SCI0VER': ParsedDataItem(IDX__SCI0VER, raw=9, derived=9, unit=None), 'IDX__SCI0TIME32': ParsedDataItem(IDX__SCI0TIME32, raw=439589819, derived=439589819, unit=None), 'IDX__SCI0SPARE2': ParsedDataItem(IDX__SCI0SPARE2, raw=0, derived=0, unit=None), 'IDX__SCI0SPARE3': ParsedDataItem(IDX__SCI0SPARE3, raw=0, derived=0, unit=None), 'IDX__SCI0SPARE4': ParsedDataItem(IDX__SCI0SPARE4, raw=0, derived=0, unit=None), 'IDX__TXHDRSCIEVTLEN': ParsedDataItem(IDX__TXHDRSCIEVTLEN, raw=8320, derived=8320, unit=None), 'IDX__TXHDRSP00': ParsedDataItem(IDX__TXHDRSP00, raw=0, derived=0, unit=None), 'IDX__TXHDRTIMESEC1': ParsedDataItem(IDX__TXHDRTIMESEC1, raw=6707, derived=6707, unit=None), 'IDX__TXHDRTIMESEC2': ParsedDataItem(IDX__TXHDRTIMESEC2, raw=39867, derived=39867, unit=None), 'IDX__TXHDRTIMESUBS': ParsedDataItem(IDX__TXHDRTIMESUBS, raw=37284, derived=37284, unit=None), 'IDX__TXHDRSP01': ParsedDataItem(IDX__TXHDRSP01, raw=0, derived=0, unit=None), 'IDX__TXHDRTRIGOFFSET': ParsedDataItem(IDX__TXHDRTRIGOFFSET, raw=4, derived=4, unit=None), 'IDX__TXHDRSP02': ParsedDataItem(IDX__TXHDRSP02, raw=0, derived=0, unit=None), 'IDX__TXHDRTRIGID': ParsedDataItem(IDX__TXHDRTRIGID, raw=1, derived=1, unit=None), 'IDX__TXHDREVTNUM': ParsedDataItem(IDX__TXHDREVTNUM, raw=19, derived=19, unit=None), 'IDX__TXHDRBLOCKS': ParsedDataItem(IDX__TXHDRBLOCKS, raw=243679, derived=243679, unit=None), 'IDX__TXHDRHGTRIGCTRL1': ParsedDataItem(IDX__TXHDRHGTRIGCTRL1, raw=2222981120, derived=2222981120, unit=None), 'IDX__TXHDRHGTRIGCTRL2': ParsedDataItem(IDX__TXHDRHGTRIGCTRL2, raw=0, derived=0, unit=None), 'IDX__TXHDRLGTRIGCTRL1': ParsedDataItem(IDX__TXHDRLGTRIGCTRL1, raw=4294965248, derived=4294965248, unit=None), 'IDX__TXHDRLGTRIGCTRL2': ParsedDataItem(IDX__TXHDRLGTRIGCTRL2, raw=4278255360, derived=4278255360, unit=None), 'IDX__TXHDRMGTRIGCTRL1': ParsedDataItem(IDX__TXHDRMGTRIGCTRL1, raw=4294965248, derived=4294965248, unit=None), 'IDX__TXHDRMGTRIGCTRL2': ParsedDataItem(IDX__TXHDRMGTRIGCTRL2, raw=4278255360, derived=4278255360, unit=None), 'IDX__TXHDRSP03': ParsedDataItem(IDX__TXHDRSP03, raw=0, derived=0, unit=None), 'IDX__TXHDRLSADC': ParsedDataItem(IDX__TXHDRLSADC, raw=555521, derived=555521, unit=None), 'IDX__TXHDRPOLSTAT': ParsedDataItem(IDX__TXHDRPOLSTAT, raw=1, derived=NEG, unit=None), 'IDX__TXHDRSP04': ParsedDataItem(IDX__TXHDRSP04, raw=0, derived=0, unit=None), 'IDX__TXHDRPOLCTRL': ParsedDataItem(IDX__TXHDRPOLCTRL, raw=0, derived=POS, unit=None), 'IDX__TXHDRCOINENA': ParsedDataItem(IDX__TXHDRCOINENA, raw=0, derived=DIS, unit=None), 'IDX__TXHDRLSTRIGMODE': ParsedDataItem(IDX__TXHDRLSTRIGMODE, raw=0, derived=DIS, unit=None), 'IDX__TXHDRMGTRIGMODE': ParsedDataItem(IDX__TXHDRMGTRIGMODE, raw=0, derived=0, unit=None), 'IDX__TXHDRLGTRIGMODE': ParsedDataItem(IDX__TXHDRLGTRIGMODE, raw=0, derived=0, unit=None), 'IDX__TXHDRHGTRIGMODE': ParsedDataItem(IDX__TXHDRHGTRIGMODE, raw=1, derived=1, unit=None), 'IDX__TXHDRSP05': ParsedDataItem(IDX__TXHDRSP05, raw=0, derived=0, unit=None), 'IDX__TXHDRSP06': ParsedDataItem(IDX__TXHDRSP06, raw=0, derived=0, unit=None), 'IDX__TXHDRSP07': ParsedDataItem(IDX__TXHDRSP07, raw=2022, derived=2022, unit=None), 'IDX__TXHDRSP08': ParsedDataItem(IDX__TXHDRSP08, raw=0, derived=0, unit=None), 'IDX__TXHDRTOFMAX': ParsedDataItem(IDX__TXHDRTOFMAX, raw=541596184, derived=541596184, unit=None), 'IDX__TXHDRTOFMIN': ParsedDataItem(IDX__TXHDRTOFMIN, raw=535295476, derived=535295476, unit=None), 'IDX__TXHDRLS0MAXMIN': ParsedDataItem(IDX__TXHDRLS0MAXMIN, raw=8464397, derived=8464397, unit=None), 'IDX__TXHDRLS1MAXMIN': ParsedDataItem(IDX__TXHDRLS1MAXMIN, raw=8468452, derived=8468452, unit=None), 'IDX__TXHDRLS2MAXMIN': ParsedDataItem(IDX__TXHDRLS2MAXMIN, raw=8304613, derived=8304613, unit=None), 'IDX__TXHDRFIFODELAY': ParsedDataItem(IDX__TXHDRFIFODELAY, raw=17, derived=17, unit=None), 'IDX__TXHDRSAMPDELAY': ParsedDataItem(IDX__TXHDRSAMPDELAY, raw=32537664, derived=32537664, unit=None), 'IDX__TXHDRTRANSCNT': ParsedDataItem(IDX__TXHDRTRANSCNT, raw=2, derived=2, unit=None), 'IDX__TXHDRPROCHKCH01': ParsedDataItem(IDX__TXHDRPROCHKCH01, raw=81527416, derived=81527416, unit=None), 'IDX__TXHDRPROCHKCH23': ParsedDataItem(IDX__TXHDRPROCHKCH23, raw=240258366, derived=240258366, unit=None), 'IDX__TXHDRPROCHKCH45': ParsedDataItem(IDX__TXHDRPROCHKCH45, raw=199034078, derived=199034078, unit=None), 'IDX__TXHDRPROCHKCH67': ParsedDataItem(IDX__TXHDRPROCHKCH67, raw=134088995, derived=134088995, unit=None), 'IDX__TXHDRHVPSHKCH01': ParsedDataItem(IDX__TXHDRHVPSHKCH01, raw=131663462, derived=131663462, unit=None), 'IDX__TXHDRHVPSHKCH23': ParsedDataItem(IDX__TXHDRHVPSHKCH23, raw=8849067, derived=8849067, unit=None), 'IDX__TXHDRHVPSHKCH45': ParsedDataItem(IDX__TXHDRHVPSHKCH45, raw=152897501, derived=152897501, unit=None), 'IDX__TXHDRHVPSHKCH67': ParsedDataItem(IDX__TXHDRHVPSHKCH67, raw=20056717, derived=20056717, unit=None), 'IDX__TXHDRLVHK0CH01': ParsedDataItem(IDX__TXHDRLVHK0CH01, raw=134219776, derived=134219776, unit=None), 'IDX__TXHDRLVHK0CH23': ParsedDataItem(IDX__TXHDRLVHK0CH23, raw=173018038, derived=173018038, unit=None), 'IDX__TXHDRLVHK0CH45': ParsedDataItem(IDX__TXHDRLVHK0CH45, raw=134941794, derived=134941794, unit=None), 'IDX__TXHDRLVHK0CH67': ParsedDataItem(IDX__TXHDRLVHK0CH67, raw=207096915, derived=207096915, unit=None), 'IDX__TXHDRLVHK1CH01': ParsedDataItem(IDX__TXHDRLVHK1CH01, raw=32114208, derived=32114208, unit=None), 'IDX__TXHDRLVHK1CH23': ParsedDataItem(IDX__TXHDRLVHK1CH23, raw=63571204, derived=63571204, unit=None), 'IDX__TXHDRLVHK1CH45': ParsedDataItem(IDX__TXHDRLVHK1CH45, raw=183502389, derived=183502389, unit=None), 'IDX__TXHDRLVHK1CH67': ParsedDataItem(IDX__TXHDRLVHK1CH67, raw=189268449, derived=189268449, unit=None), 'IDX__TXHDRLVHK2CH01': ParsedDataItem(IDX__TXHDRLVHK2CH01, raw=42730130, derived=42730130, unit=None), 'IDX__TXHDRLVHK2CH23': ParsedDataItem(IDX__TXHDRLVHK2CH23, raw=260047824, derived=260047824, unit=None), 'IDX__TXHDRLVHK2CH45': ParsedDataItem(IDX__TXHDRLVHK2CH45, raw=101257134, derived=101257134, unit=None), 'IDX__TXHDRLVHK2CH67': ParsedDataItem(IDX__TXHDRLVHK2CH67, raw=69022, derived=69022, unit=None), 'IDX__TXHDRSP09': ParsedDataItem(IDX__TXHDRSP09, raw=0, derived=0, unit=None), 'IDX__TXHDRSP10': ParsedDataItem(IDX__TXHDRSP10, raw=0, derived=0, unit=None), 'IDX__TXHDRFSWAIDCOPY': ParsedDataItem(IDX__TXHDRFSWAIDCOPY, raw=2415277394, derived=2415277394, unit=None), 'IDX__TXHDRFSWBINCOPY': ParsedDataItem(IDX__TXHDRFSWBINCOPY, raw=0, derived=0, unit=None), 'IDX__TXHDRFSWMAJOR': ParsedDataItem(IDX__TXHDRFSWMAJOR, raw=2, derived=2, unit=None), 'IDX__TXHDRFSWMINOR': ParsedDataItem(IDX__TXHDRFSWMINOR, raw=0, derived=0, unit=None), 'IDX__TXHDRFSWPATCH': ParsedDataItem(IDX__TXHDRFSWPATCH, raw=0, derived=0, unit=None), 'IDX__TXHDRFSWHVSTAT': ParsedDataItem(IDX__TXHDRFSWHVSTAT, raw=3, derived=3, unit=None), 'IDX__TXHDRFSWMEM0': ParsedDataItem(IDX__TXHDRFSWMEM0, raw=0, derived=0, unit=None), 'IDX__TXHDRFSWMEM1': ParsedDataItem(IDX__TXHDRFSWMEM1, raw=0, derived=0, unit=None), 'IDX__TXHDRFSWPT0': ParsedDataItem(IDX__TXHDRFSWPT0, raw=0, derived=0, unit=None), 'IDX__TXHDRFSWPT1': ParsedDataItem(IDX__TXHDRFSWPT1, raw=0, derived=0, unit=None), 'IDX__TXHDRFSWPT2': ParsedDataItem(IDX__TXHDRFSWPT2, raw=0, derived=0, unit=None), 'IDX__TXHDRFSWPT3': ParsedDataItem(IDX__TXHDRFSWPT3, raw=0, derived=0, unit=None), 'IDX__TXHDRFSWPT4': ParsedDataItem(IDX__TXHDRFSWPT4, raw=0, derived=0, unit=None), 'IDX__TXHDRFSWPT5': ParsedDataItem(IDX__TXHDRFSWPT5, raw=0, derived=0, unit=None), 'IDX__TXHDRFSWPT6': ParsedDataItem(IDX__TXHDRFSWPT6, raw=0, derived=0, unit=None), 'IDX__TXHDRFSWPT7': ParsedDataItem(IDX__TXHDRFSWPT7, raw=0, derived=0, unit=None), 'IDX__TXHDRFSWPT8': ParsedDataItem(IDX__TXHDRFSWPT8, raw=0, derived=0, unit=None), 'IDX__TXHDRFSWPT9': ParsedDataItem(IDX__TXHDRFSWPT9, raw=0, derived=0, unit=None), 'IDX__TXHDRFPGAVER': ParsedDataItem(IDX__TXHDRFPGAVER, raw=539165480, derived=539165480, unit=None), 'IDX__SYNCSCI0PKT': ParsedDataItem(IDX__SYNCSCI0PKT, raw=13107, derived=13107, unit=None), 'IDX__CRCSCI0PKT': ParsedDataItem(IDX__CRCSCI0PKT, raw=1246, derived=1246, unit=None)}
SHCOARSE = 439590391
SHFINE = 10877
IDX__SCI0AID = 2415277394
IDX__SCI0TYPE = 1
IDX__SCI0CONT = 127
IDX__SCI0SPARE1 = 0
IDX__SCI0PACK = EN
IDX__SCI0FRAG = DS
IDX__SCI0COMP = DS
IDX__SCI0EVTNUM = 19
IDX__SCI0CAT = 32
IDX__SCI0QUAL = 5
IDX__SCI0FRAGOFF = 0
IDX__SCI0VER = 9
IDX__SCI0TIME32 = 439589819
IDX__SCI0SPARE2 = 0
IDX__SCI0SPARE3 = 0
IDX__SCI0SPARE4 = 0
IDX__TXHDRSCIEVTLEN = 8320
IDX__TXHDRSP00 = 0
IDX__TXHDRTIMESEC1 = 6707
IDX__TXHDRTIMESEC2 = 39867
IDX__TXHDRTIMESUBS = 37284
IDX__TXHDRSP01 = 0
IDX__TXHDRTRIGOFFSET = 4
IDX__TXHDRSP02 = 0
IDX__TXHDRTRIGID = 1
IDX__TXHDREVTNUM = 19
IDX__TXHDRBLOCKS = 243679
IDX__TXHDRHGTRIGCTRL1 = 2222981120
IDX__TXHDRHGTRIGCTRL2 = 0
IDX__TXHDRLGTRIGCTRL1 = 4294965248
IDX__TXHDRLGTRIGCTRL2 = 4278255360
IDX__TXHDRMGTRIGCTRL1 = 4294965248
IDX__TXHDRMGTRIGCTRL2 = 4278255360
IDX__TXHDRSP03 = 0
IDX__TXHDRLSADC = 555521
IDX__TXHDRPOLSTAT = NEG
IDX__TXHDRSP04 = 0
IDX__TXHDRPOLCTRL = POS
IDX__TXHDRCOINENA = DIS
IDX__TXHDRLSTRIGMODE = DIS
IDX__TXHDRMGTRIGMODE = 0
IDX__TXHDRLGTRIGMODE = 0
IDX__TXHDRHGTRIGMODE = 1
IDX__TXHDRSP05 = 0
IDX__TXHDRSP06 = 0
IDX__TXHDRSP07 = 2022
IDX__TXHDRSP08 = 0
IDX__TXHDRTOFMAX = 541596184
IDX__TXHDRTOFMIN = 535295476
IDX__TXHDRLS0MAXMIN = 8464397
IDX__TXHDRLS1MAXMIN = 8468452
IDX__TXHDRLS2MAXMIN = 8304613
IDX__TXHDRFIFODELAY = 17
IDX__TXHDRSAMPDELAY = 32537664
IDX__TXHDRTRANSCNT = 2
IDX__TXHDRPROCHKCH01 = 81527416
IDX__TXHDRPROCHKCH23 = 240258366
IDX__TXHDRPROCHKCH45 = 199034078
IDX__TXHDRPROCHKCH67 = 134088995
IDX__TXHDRHVPSHKCH01 = 131663462
IDX__TXHDRHVPSHKCH23 = 8849067
IDX__TXHDRHVPSHKCH45 = 152897501
IDX__TXHDRHVPSHKCH67 = 20056717
IDX__TXHDRLVHK0CH01 = 134219776
IDX__TXHDRLVHK0CH23 = 173018038
IDX__TXHDRLVHK0CH45 = 134941794
IDX__TXHDRLVHK0CH67 = 207096915
IDX__TXHDRLVHK1CH01 = 32114208
IDX__TXHDRLVHK1CH23 = 63571204
IDX__TXHDRLVHK1CH45 = 183502389
IDX__TXHDRLVHK1CH67 = 189268449
IDX__TXHDRLVHK2CH01 = 42730130
IDX__TXHDRLVHK2CH23 = 260047824
IDX__TXHDRLVHK2CH45 = 101257134
IDX__TXHDRLVHK2CH67 = 69022
IDX__TXHDRSP09 = 0
IDX__TXHDRSP10 = 0
IDX__TXHDRFSWAIDCOPY = 2415277394
IDX__TXHDRFSWBINCOPY = 0
IDX__TXHDRFSWMAJOR = 2
IDX__TXHDRFSWMINOR = 0
IDX__TXHDRFSWPATCH = 0
IDX__TXHDRFSWHVSTAT = 3
IDX__TXHDRFSWMEM0 = 0
IDX__TXHDRFSWMEM1 = 0
IDX__TXHDRFSWPT0 = 0
IDX__TXHDRFSWPT1 = 0
IDX__TXHDRFSWPT2 = 0
IDX__TXHDRFSWPT3 = 0
IDX__TXHDRFSWPT4 = 0
IDX__TXHDRFSWPT5 = 0
IDX__TXHDRFSWPT6 = 0
IDX__TXHDRFSWPT7 = 0
IDX__TXHDRFSWPT8 = 0
IDX__TXHDRFSWPT9 = 0
IDX__TXHDRFPGAVER = 539165480
IDX__SYNCSCI0PKT = 13107
IDX__CRCSCI0PKT = 1246
^*****Event header 18******^
HS pre trig sampling blocks:  31
LS pre trig sampling blocks:  3
HS post trig sampling blocks:  31
LS post trig sampling blocks:  11
IDX__TXHDRHVPSHKCH01 = 131663462
Detector voltage =  1638
Sensor voltage =  2009
Target voltage =  1707
Reflectron voltage =  135
Rejection voltage =  2013
Current for HVPS sensor =  2333
Positive current for HVPS sensor =  2701
Negative current for HVPS sensor =  306
Voltage +3.3V reference =  2048
Voltage +3.3V operational reference =  2048
Voltage -6V bus =  2998
Voltage +6V bus =  2640
Voltage +16V bus =  3170
Voltage +3.3V bus =  2059
Voltage -5V bus =  3155
Voltage +5V bus =  3160
Current +3.3V bus =  1568
Current +16V bus =  970
Current +6V bus =  1284
Current -6V bus =  970
Current +5V bus =  1589
Current -5V bus =  2800
Current +2.5V bus =  481
Current -2.5V bus =  2888
Current on the 1V POL =  632
Current on the 1.9V POL =  1244
ProcBd Temperature 1 =  3390
ProcBd Temperature 2 =  3666
Voltage on 1V bus =  1246
FPGA Temperature =  3037
Voltage on 1.9V bus =  2339
Voltage on 3.3V bus =  2046
var_to_row = {'Last measurement in raw DN for Processor Board signal “1V POL Current”': 0, 'Last measurement in raw DN for Processor Board signal “1.9V POL Current”': 1, 'Last measurement in raw DN for Processor Board signal “ProcBd Temp1”': 2, nan: 48, 'Last measurement in raw DN for Processor Board signal “ProcBd Temp2”': 6, 'Last measurement in raw DN for Processor Board signal “1V Voltage”': 10, 'Last measurement in raw DN for Processor Board signal “FPGA Temp”': 11, 'Last measurement in raw DN for Processor Board signal “1.9V Voltage”': 12, 'Last measurement in raw DN for Processor Board signal “3.3V Voltage”': 13, 'Last measurement in raw DN for HVPS Board signal “Detector Voltage”': 14, 'Last measurement in raw DN for HVPS Board signal “Sensor Voltage"': 15, 'Last measurement in raw DN for HVPS Board signal “Target Voltage”': 16, 'Last measurement in raw DN for HVPS Board signal “Reflectron Voltage”': 17, 'Last measurement in raw DN for HVPS Board signal “Rejection Voltage”': 18, 'Last measurement in raw DN for HVPS Board signal “Detector Current”': 19, 'Last measurement in raw DN for HVPS Board signal “Sensor IP”': 20, 'Last measurement in raw DN for HVPS Board signal “Sensor IN”': 21, 'Last measurement in raw DN for LVPS Board signal “P3.3VREF_HK”': 22, 'Last measurement in raw DN for LVPS Board signal “P3.3VREF_OP”': 23, 'Last measurement in raw DN for LVPS Board signal “N6V”': 24, 'Last measurement in raw DN for LVPS Board signal “P6V”': 25, 'Last measurement in raw DN for LVPS Board signal “P16V”': 26, 'Last measurement in raw DN for LVPS Board signal “P3.3V”': 27, 'Last measurement in raw DN for LVPS Board signal “N5V”': 28, 'Last measurement in raw DN for LVPS Board signal “P5V”': 29, 'Last measurement in raw DN for LVPS Board signal “P3.3_IMON”': 30, 'Last measurement in raw DN for LVPS Board signal “P16V_IMON”': 31, 'Last measurement in raw DN for LVPS Board signal “P6V_IMON”': 32, 'Last measurement in raw DN for LVPS Board signal “N6V_IMON”': 33, 'Last measurement in raw DN for LVPS Board signal “P5V_IMON”': 34, 'Last measurement in raw DN for LVPS Board signal “N5V_IMON”': 35, 'Last measurement in raw DN for LVPS Board signal “P2.5V_IMON”': 36, 'Last measurement in raw DN for LVPS Board signal “N2.5V_IMON”': 37, 'Last measurement in raw DN for LVPS Board signal “THERM_DECON0”': 38, 'Last measurement in raw DN for LVPS Board signal “THERM_DECON1”': 39, 'Last measurement in raw DN for LVPS Board signal “THERM_DAB”': 40, 'Last measurement in raw DN for LVPS Board signal “THERM_LVPS”': 41, 'Last measurement in raw DN for LVPS Board signal “THERM_HVPS”': 45, 'Last measurement in raw DN for LVPS Board signal “P2.5V”': 49, 'Last measurement in raw DN for LVPS Board signal “N2.5V”': 50, 'Last measurement in raw DN for LVPS Board signal “Spare”': 51}

 
 ***** var_name being converted for each instrument setting ***** 
 

Matching row  18
coeffs for Last measurement in raw DN for Processor Board signal “1V POL Current”= [0.0 0.9029253 0.0 0.0 0.0 0.0 0.0 0.0]
var_name = Last measurement in raw DN for Processor Board signal “1V POL Current”
var_name = current_1V_pol
Header info = 632
Transformed value for current_1V_pol = 570.6487896
Matching row  18
coeffs for Last measurement in raw DN for Processor Board signal “1.9V POL Current”= [0.0 0.9029253 0.0 0.0 0.0 0.0 0.0 0.0]
var_name = Last measurement in raw DN for Processor Board signal “1.9V POL Current”
var_name = current_1.9V_pol
Header info = 1244
Transformed value for current_1.9V_pol = 1123.2390732000001
Matching row  18
coeffs for Last measurement in raw DN for Processor Board signal “ProcBd Temp1”= [162.8276 -0.2668687 0.0003323794 -2.43153e-07 9.034532e-11 -1.327735e-14
 0.0 0.0]
var_name = Last measurement in raw DN for Processor Board signal “ProcBd Temp1”
var_name = temperature_1
Header info = 3390
Transformed value for temperature_1 = -407.5949358341395
Matching row  18
coeffs for nan= [-104713.9 52.02446 -0.006463374 0.0 0.0 0.0 0.0 0.0]
var_name = nan
var_name = None
KeyError: (18, None) - Could not find entry for None, 48. Please check the Var_notes or variable mapping.
Matching row  18
coeffs for Last measurement in raw DN for Processor Board signal “ProcBd Temp2”= [162.8276 -0.2668687 0.0003323794 -2.43153e-07 9.034532e-11 -1.327735e-14
 0.0 0.0]
var_name = Last measurement in raw DN for Processor Board signal “ProcBd Temp2”
var_name = temperature_2
Header info = 3666
Transformed value for temperature_2 = -801.8818752684547
Matching row  18
coeffs for Last measurement in raw DN for Processor Board signal “1V Voltage”= [0.0 0.000805861 0.0 0.0 0.0 0.0 0.0 0.0]
var_name = Last measurement in raw DN for Processor Board signal “1V Voltage”
var_name = voltage_1V_bus
Header info = 1246
Transformed value for voltage_1V_bus = 1.004102806
Matching row  18
coeffs for Last measurement in raw DN for Processor Board signal “FPGA Temp”= [358.31 -0.1187104 0.0 0.0 0.0 0.0 0.0 0.0]
var_name = Last measurement in raw DN for Processor Board signal “FPGA Temp”
var_name = fpga_temperature
Header info = 3037
Transformed value for fpga_temperature = -2.2134848000000034
Matching row  18
coeffs for Last measurement in raw DN for Processor Board signal “1.9V Voltage”= [0.0 0.000805861 0.0 0.0 0.0 0.0 0.0 0.0]
var_name = Last measurement in raw DN for Processor Board signal “1.9V Voltage”
var_name = voltage_1.9V_bus
Header info = 2339
Transformed value for voltage_1.9V_bus = 1.884908879
Matching row  18
coeffs for Last measurement in raw DN for Processor Board signal “3.3V Voltage”= [0.0 0.001611722 0.0 0.0 0.0 0.0 0.0 0.0]
var_name = Last measurement in raw DN for Processor Board signal “3.3V Voltage”
var_name = voltage_3.3V_bus
Header info = 2046
Transformed value for voltage_3.3V_bus = 3.2975832119999997
Matching row  18
coeffs for Last measurement in raw DN for HVPS Board signal “Detector Voltage”= [0.0 1.4652 0.0 0.0 0.0 0.0 0.0 0.0]
var_name = Last measurement in raw DN for HVPS Board signal “Detector Voltage”
var_name = detector_voltage
Header info = 1638
Transformed value for detector_voltage = 2399.9976
Matching row  18
coeffs for Last measurement in raw DN for HVPS Board signal “Sensor Voltage"= [0.0 1.4652 0.0 0.0 0.0 0.0 0.0 0.0]
var_name = Last measurement in raw DN for HVPS Board signal “Sensor Voltage"
var_name = sensor_voltage
Header info = 2009
Transformed value for sensor_voltage = 2943.5868
Matching row  18
coeffs for Last measurement in raw DN for HVPS Board signal “Target Voltage”= [0.0 1.4652 0.0 0.0 0.0 0.0 0.0 0.0]
var_name = Last measurement in raw DN for HVPS Board signal “Target Voltage”
var_name = target_voltage
Header info = 1707
Transformed value for target_voltage = 2501.0964
Matching row  18
coeffs for Last measurement in raw DN for HVPS Board signal “Reflectron Voltage”= [0.0 1.4652 0.0 0.0 0.0 0.0 0.0 0.0]
var_name = Last measurement in raw DN for HVPS Board signal “Reflectron Voltage”
var_name = reflectron_voltage
Header info = 135
Transformed value for reflectron_voltage = 197.80200000000002
Matching row  18
coeffs for Last measurement in raw DN for HVPS Board signal “Rejection Voltage”= [0.0 1.4652 0.0 0.0 0.0 0.0 0.0 0.0]
var_name = Last measurement in raw DN for HVPS Board signal “Rejection Voltage”
var_name = rejection_voltage
Header info = 2013
Transformed value for rejection_voltage = 2949.4476
Matching row  18
coeffs for Last measurement in raw DN for HVPS Board signal “Detector Current”= [0.0 7.326e-06 0.0 0.0 0.0 0.0 0.0 0.0]
var_name = Last measurement in raw DN for HVPS Board signal “Detector Current”
var_name = current_hvps_sensor
Header info = 2333
Transformed value for current_hvps_sensor = 0.017091558
Matching row  18
coeffs for Last measurement in raw DN for HVPS Board signal “Sensor IP”= [0.0 2.4339e-05 0.0 0.0 0.0 0.0 0.0 0.0]
var_name = Last measurement in raw DN for HVPS Board signal “Sensor IP”
var_name = positive_current_hvps
Header info = 2701
Transformed value for positive_current_hvps = 0.065739639
Matching row  18
coeffs for Last measurement in raw DN for HVPS Board signal “Sensor IN”= [0.0 2.4339e-05 0.0 0.0 0.0 0.0 0.0 0.0]
var_name = Last measurement in raw DN for HVPS Board signal “Sensor IN”
var_name = negative_current_hvps
Header info = 306
Transformed value for negative_current_hvps = 0.007447733999999999
Matching row  18
coeffs for Last measurement in raw DN for LVPS Board signal “P3.3VREF_HK”= [0.0 0.00161172 0.0 0.0 0.0 0.0 0.0 0.0]
var_name = Last measurement in raw DN for LVPS Board signal “P3.3VREF_HK”
var_name = voltage_3V3_ref
Header info = 2048
Transformed value for voltage_3V3_ref = 3.30080256
Matching row  18
coeffs for Last measurement in raw DN for LVPS Board signal “P3.3VREF_OP”= [0.0 0.00161172 0.0 0.0 0.0 0.0 0.0 0.0]
var_name = Last measurement in raw DN for LVPS Board signal “P3.3VREF_OP”
var_name = voltage_3V3_op_ref
Header info = 2048
Transformed value for voltage_3V3_op_ref = 3.30080256
Matching row  18
coeffs for Last measurement in raw DN for LVPS Board signal “N6V”= [-33.0 0.00886447 0.0 0.0 0.0 0.0 0.0 0.0]
var_name = Last measurement in raw DN for LVPS Board signal “N6V”
var_name = voltage_neg6V_bus
Header info = 2998
Transformed value for voltage_neg6V_bus = -6.424318940000003
Matching row  18
coeffs for Last measurement in raw DN for LVPS Board signal “P6V”= [0.0 0.00241758 0.0 0.0 0.0 0.0 0.0 0.0]
var_name = Last measurement in raw DN for LVPS Board signal “P6V”
var_name = voltage_pos6V_bus
Header info = 2640
Transformed value for voltage_pos6V_bus = 6.3824112
Matching row  18
coeffs for Last measurement in raw DN for LVPS Board signal “P16V”= [0.0 0.00482711 0.0 0.0 0.0 0.0 0.0 0.0]
var_name = Last measurement in raw DN for LVPS Board signal “P16V”
var_name = voltage_pos16V_bus
Header info = 3170
Transformed value for voltage_pos16V_bus = 15.3019387
Matching row  18
coeffs for Last measurement in raw DN for LVPS Board signal “P3.3V”= [0.0 0.00161172 0.0 0.0 0.0 0.0 0.0 0.0]
var_name = Last measurement in raw DN for LVPS Board signal “P3.3V”
var_name = voltage_pos3V3_bus
Header info = 2059
Transformed value for voltage_pos3V3_bus = 3.3185314800000003
Matching row  18
coeffs for Last measurement in raw DN for LVPS Board signal “N5V”= [-33.0 0.00886447 0.0 0.0 0.0 0.0 0.0 0.0]
var_name = Last measurement in raw DN for LVPS Board signal “N5V”
var_name = voltage_neg5V_bus
Header info = 3155
Transformed value for voltage_neg5V_bus = -5.032597150000001
Matching row  18
coeffs for Last measurement in raw DN for LVPS Board signal “P5V”= [0.0 0.00161172 0.0 0.0 0.0 0.0 0.0 0.0]
var_name = Last measurement in raw DN for LVPS Board signal “P5V”
var_name = voltage_pos5V_bus
Header info = 3160
Transformed value for voltage_pos5V_bus = 5.0930352
Matching row  18
coeffs for Last measurement in raw DN for LVPS Board signal “P3.3_IMON”= [0.0 0.00161172 0.0 0.0 0.0 0.0 0.0 0.0]
var_name = Last measurement in raw DN for LVPS Board signal “P3.3_IMON”
var_name = current_3V3_bus
Header info = 1568
Transformed value for current_3V3_bus = 2.5271769600000002
Matching row  18
coeffs for Last measurement in raw DN for LVPS Board signal “P16V_IMON”= [0.0 0.000161172 0.0 0.0 0.0 0.0 0.0 0.0]
var_name = Last measurement in raw DN for LVPS Board signal “P16V_IMON”
var_name = current_16V_bus
Header info = 970
Transformed value for current_16V_bus = 0.15633684
Matching row  18
coeffs for Last measurement in raw DN for LVPS Board signal “P6V_IMON”= [0.0 8.05861e-05 0.0 0.0 0.0 0.0 0.0 0.0]
var_name = Last measurement in raw DN for LVPS Board signal “P6V_IMON”
var_name = current_6V_bus
Header info = 1284
Transformed value for current_6V_bus = 0.1034725524
Matching row  18
coeffs for Last measurement in raw DN for LVPS Board signal “N6V_IMON”= [0.0 -8.05861e-05 0.0 0.0 0.0 0.0 0.0 0.0]
var_name = Last measurement in raw DN for LVPS Board signal “N6V_IMON”
var_name = current_neg6V_bus
Header info = 970
Transformed value for current_neg6V_bus = -0.07816851699999999
Matching row  18
coeffs for Last measurement in raw DN for LVPS Board signal “P5V_IMON”= [0.0 4.029304e-05 0.0 0.0 0.0 0.0 0.0 0.0]
var_name = Last measurement in raw DN for LVPS Board signal “P5V_IMON”
var_name = current_5V_bus
Header info = 1589
Transformed value for current_5V_bus = 0.06402564056
Matching row  18
coeffs for Last measurement in raw DN for LVPS Board signal “N5V_IMON”= [0.0 -2.01465e-05 0.0 0.0 0.0 0.0 0.0 0.0]
var_name = Last measurement in raw DN for LVPS Board signal “N5V_IMON”
var_name = current_neg5V_bus
Header info = 2800
Transformed value for current_neg5V_bus = -0.0564102
Matching row  18
coeffs for Last measurement in raw DN for LVPS Board signal “P2.5V_IMON”= [0.0 0.00161172 0.0 0.0 0.0 0.0 0.0 0.0]
var_name = Last measurement in raw DN for LVPS Board signal “P2.5V_IMON”
var_name = current_2V5_bus
Header info = 481
Transformed value for current_2V5_bus = 0.77523732
Matching row  18
coeffs for Last measurement in raw DN for LVPS Board signal “N2.5V_IMON”= [0.0 -4.0293e-05 0.0 0.0 0.0 0.0 0.0 0.0]
var_name = Last measurement in raw DN for LVPS Board signal “N2.5V_IMON”
var_name = current_neg2V5_bus
Header info = 2888
Transformed value for current_neg2V5_bus = -0.11636618400000001
Matching row  18
coeffs for Last measurement in raw DN for LVPS Board signal “THERM_DECON0”= [-110.293 0.0665351 0.000305738 -6.32048e-07 5.9934e-10 -2.98784e-13
 7.61361e-17 -7.76467e-21]
var_name = Last measurement in raw DN for LVPS Board signal “THERM_DECON0”
var_name = None
KeyError: (18, None) - Could not find entry for None, 38. Please check the Var_notes or variable mapping.
Matching row  18
coeffs for Last measurement in raw DN for LVPS Board signal “THERM_DECON1”= [-150.478 0.376986 -0.00062072 7.73853e-07 -5.81588e-10 2.56368e-13
 -6.05698e-17 5.96635e-21]
var_name = Last measurement in raw DN for LVPS Board signal “THERM_DECON1”
var_name = None
KeyError: (18, None) - Could not find entry for None, 39. Please check the Var_notes or variable mapping.
Matching row  18
coeffs for Last measurement in raw DN for LVPS Board signal “THERM_DAB”= [-443.248 1.31224 -0.00180422 1.40016e-06 -6.43766e-10 1.7448e-13
 -2.57695e-17 1.60239e-21]
var_name = Last measurement in raw DN for LVPS Board signal “THERM_DAB”
var_name = None
KeyError: (18, None) - Could not find entry for None, 40. Please check the Var_notes or variable mapping.
Matching row  18
coeffs for Last measurement in raw DN for LVPS Board signal “THERM_LVPS”= [200.4137 -0.2020699 0.000175403 -9.739547e-08 2.888932e-11 -3.545603e-15
 0.0 0.0]
var_name = Last measurement in raw DN for LVPS Board signal “THERM_LVPS”
var_name = None
KeyError: (18, None) - Could not find entry for None, 41. Please check the Var_notes or variable mapping.
Matching row  18
coeffs for Last measurement in raw DN for LVPS Board signal “THERM_HVPS”= [200.4137 -0.2020699 0.000175403 -9.739547e-08 2.888932e-11 -3.545603e-15
 0.0 0.0]
var_name = Last measurement in raw DN for LVPS Board signal “THERM_HVPS”
var_name = None
KeyError: (18, None) - Could not find entry for None, 45. Please check the Var_notes or variable mapping.
Matching row  18
coeffs for Last measurement in raw DN for LVPS Board signal “P2.5V”= [0.0 0.00161172 0.0 0.0 0.0 0.0 0.0 0.0]
var_name = Last measurement in raw DN for LVPS Board signal “P2.5V”
var_name = None
KeyError: (18, None) - Could not find entry for None, 49. Please check the Var_notes or variable mapping.
Matching row  18
coeffs for Last measurement in raw DN for LVPS Board signal “N2.5V”= [-33.0 0.00886447 0.0 0.0 0.0 0.0 0.0 0.0]
var_name = Last measurement in raw DN for LVPS Board signal “N2.5V”
var_name = None
KeyError: (18, None) - Could not find entry for None, 50. Please check the Var_notes or variable mapping.
Matching row  18
coeffs for Last measurement in raw DN for LVPS Board signal “Spare”= [0.0 0.00161172 0.0 0.0 0.0 0.0 0.0 0.0]
var_name = Last measurement in raw DN for LVPS Board signal “Spare”
var_name = spare_signal
KeyError: (18, 'spare_signal') - Could not find entry for spare_signal, 51. Please check the Var_notes or variable mapping.
High gain delay = 31 samples.
Mid gain delay = 31 samples.
Low gain delay = 64 samples.
High sampling trigger mode =  0 0 1
High gain trigger mode enabled.
For 2222981120, HG Trigger level = 0.15317, sample settings = 0, 0
Threshold trigger mode enabled for high gain channel.
AID = 2415277394
Event number = 19
Rice compression enabled = False
Timestamp = 439569022.20842 seconds since epoch (Midnight January 1st, 2010)
Trigger time = 2023-12-06 14:30:22.208420+00:00
18
18
18
18
18
18
18
18
18
18
18
18
18
{'SHCOARSE': ParsedDataItem(SHCOARSE, raw=439590405, derived=439590405, unit=dn), 'SHFINE': ParsedDataItem(SHFINE, raw=10863, derived=10863, unit=dn), 'IDX__SCI0AID': ParsedDataItem(IDX__SCI0AID, raw=2415277394, derived=2415277394, unit=None), 'IDX__SCI0TYPE': ParsedDataItem(IDX__SCI0TYPE, raw=1, derived=1, unit=None), 'IDX__SCI0CONT': ParsedDataItem(IDX__SCI0CONT, raw=127, derived=127, unit=None), 'IDX__SCI0SPARE1': ParsedDataItem(IDX__SCI0SPARE1, raw=0, derived=0, unit=None), 'IDX__SCI0PACK': ParsedDataItem(IDX__SCI0PACK, raw=1, derived=EN, unit=None), 'IDX__SCI0FRAG': ParsedDataItem(IDX__SCI0FRAG, raw=0, derived=DS, unit=None), 'IDX__SCI0COMP': ParsedDataItem(IDX__SCI0COMP, raw=0, derived=DS, unit=None), 'IDX__SCI0EVTNUM': ParsedDataItem(IDX__SCI0EVTNUM, raw=20, derived=20, unit=None), 'IDX__SCI0CAT': ParsedDataItem(IDX__SCI0CAT, raw=32, derived=32, unit=None), 'IDX__SCI0QUAL': ParsedDataItem(IDX__SCI0QUAL, raw=5, derived=5, unit=None), 'IDX__SCI0FRAGOFF': ParsedDataItem(IDX__SCI0FRAGOFF, raw=0, derived=0, unit=None), 'IDX__SCI0VER': ParsedDataItem(IDX__SCI0VER, raw=9, derived=9, unit=None), 'IDX__SCI0TIME32': ParsedDataItem(IDX__SCI0TIME32, raw=439589821, derived=439589821, unit=None), 'IDX__SCI0SPARE2': ParsedDataItem(IDX__SCI0SPARE2, raw=0, derived=0, unit=None), 'IDX__SCI0SPARE3': ParsedDataItem(IDX__SCI0SPARE3, raw=0, derived=0, unit=None), 'IDX__SCI0SPARE4': ParsedDataItem(IDX__SCI0SPARE4, raw=0, derived=0, unit=None), 'IDX__TXHDRSCIEVTLEN': ParsedDataItem(IDX__TXHDRSCIEVTLEN, raw=8320, derived=8320, unit=None), 'IDX__TXHDRSP00': ParsedDataItem(IDX__TXHDRSP00, raw=0, derived=0, unit=None), 'IDX__TXHDRTIMESEC1': ParsedDataItem(IDX__TXHDRTIMESEC1, raw=6707, derived=6707, unit=None), 'IDX__TXHDRTIMESEC2': ParsedDataItem(IDX__TXHDRTIMESEC2, raw=39869, derived=39869, unit=None), 'IDX__TXHDRTIMESUBS': ParsedDataItem(IDX__TXHDRTIMESUBS, raw=37278, derived=37278, unit=None), 'IDX__TXHDRSP01': ParsedDataItem(IDX__TXHDRSP01, raw=0, derived=0, unit=None), 'IDX__TXHDRTRIGOFFSET': ParsedDataItem(IDX__TXHDRTRIGOFFSET, raw=1, derived=1, unit=None), 'IDX__TXHDRSP02': ParsedDataItem(IDX__TXHDRSP02, raw=0, derived=0, unit=None), 'IDX__TXHDRTRIGID': ParsedDataItem(IDX__TXHDRTRIGID, raw=1, derived=1, unit=None), 'IDX__TXHDREVTNUM': ParsedDataItem(IDX__TXHDREVTNUM, raw=20, derived=20, unit=None), 'IDX__TXHDRBLOCKS': ParsedDataItem(IDX__TXHDRBLOCKS, raw=243679, derived=243679, unit=None), 'IDX__TXHDRHGTRIGCTRL1': ParsedDataItem(IDX__TXHDRHGTRIGCTRL1, raw=2222981120, derived=2222981120, unit=None), 'IDX__TXHDRHGTRIGCTRL2': ParsedDataItem(IDX__TXHDRHGTRIGCTRL2, raw=0, derived=0, unit=None), 'IDX__TXHDRLGTRIGCTRL1': ParsedDataItem(IDX__TXHDRLGTRIGCTRL1, raw=4294965248, derived=4294965248, unit=None), 'IDX__TXHDRLGTRIGCTRL2': ParsedDataItem(IDX__TXHDRLGTRIGCTRL2, raw=4278255360, derived=4278255360, unit=None), 'IDX__TXHDRMGTRIGCTRL1': ParsedDataItem(IDX__TXHDRMGTRIGCTRL1, raw=4294965248, derived=4294965248, unit=None), 'IDX__TXHDRMGTRIGCTRL2': ParsedDataItem(IDX__TXHDRMGTRIGCTRL2, raw=4278255360, derived=4278255360, unit=None), 'IDX__TXHDRSP03': ParsedDataItem(IDX__TXHDRSP03, raw=0, derived=0, unit=None), 'IDX__TXHDRLSADC': ParsedDataItem(IDX__TXHDRLSADC, raw=555521, derived=555521, unit=None), 'IDX__TXHDRPOLSTAT': ParsedDataItem(IDX__TXHDRPOLSTAT, raw=1, derived=NEG, unit=None), 'IDX__TXHDRSP04': ParsedDataItem(IDX__TXHDRSP04, raw=0, derived=0, unit=None), 'IDX__TXHDRPOLCTRL': ParsedDataItem(IDX__TXHDRPOLCTRL, raw=0, derived=POS, unit=None), 'IDX__TXHDRCOINENA': ParsedDataItem(IDX__TXHDRCOINENA, raw=0, derived=DIS, unit=None), 'IDX__TXHDRLSTRIGMODE': ParsedDataItem(IDX__TXHDRLSTRIGMODE, raw=0, derived=DIS, unit=None), 'IDX__TXHDRMGTRIGMODE': ParsedDataItem(IDX__TXHDRMGTRIGMODE, raw=0, derived=0, unit=None), 'IDX__TXHDRLGTRIGMODE': ParsedDataItem(IDX__TXHDRLGTRIGMODE, raw=0, derived=0, unit=None), 'IDX__TXHDRHGTRIGMODE': ParsedDataItem(IDX__TXHDRHGTRIGMODE, raw=1, derived=1, unit=None), 'IDX__TXHDRSP05': ParsedDataItem(IDX__TXHDRSP05, raw=0, derived=0, unit=None), 'IDX__TXHDRSP06': ParsedDataItem(IDX__TXHDRSP06, raw=0, derived=0, unit=None), 'IDX__TXHDRSP07': ParsedDataItem(IDX__TXHDRSP07, raw=2022, derived=2022, unit=None), 'IDX__TXHDRSP08': ParsedDataItem(IDX__TXHDRSP08, raw=0, derived=0, unit=None), 'IDX__TXHDRTOFMAX': ParsedDataItem(IDX__TXHDRTOFMAX, raw=541596181, derived=541596181, unit=None), 'IDX__TXHDRTOFMIN': ParsedDataItem(IDX__TXHDRTOFMIN, raw=535295476, derived=535295476, unit=None), 'IDX__TXHDRLS0MAXMIN': ParsedDataItem(IDX__TXHDRLS0MAXMIN, raw=8464397, derived=8464397, unit=None), 'IDX__TXHDRLS1MAXMIN': ParsedDataItem(IDX__TXHDRLS1MAXMIN, raw=8476645, derived=8476645, unit=None), 'IDX__TXHDRLS2MAXMIN': ParsedDataItem(IDX__TXHDRLS2MAXMIN, raw=8304613, derived=8304613, unit=None), 'IDX__TXHDRFIFODELAY': ParsedDataItem(IDX__TXHDRFIFODELAY, raw=16, derived=16, unit=None), 'IDX__TXHDRSAMPDELAY': ParsedDataItem(IDX__TXHDRSAMPDELAY, raw=7347239, derived=7347239, unit=None), 'IDX__TXHDRTRANSCNT': ParsedDataItem(IDX__TXHDRTRANSCNT, raw=2, derived=2, unit=None), 'IDX__TXHDRPROCHKCH01': ParsedDataItem(IDX__TXHDRPROCHKCH01, raw=81527417, derived=81527417, unit=None), 'IDX__TXHDRPROCHKCH23': ParsedDataItem(IDX__TXHDRPROCHKCH23, raw=240258366, derived=240258366, unit=None), 'IDX__TXHDRPROCHKCH45': ParsedDataItem(IDX__TXHDRPROCHKCH45, raw=199034078, derived=199034078, unit=None), 'IDX__TXHDRPROCHKCH67': ParsedDataItem(IDX__TXHDRPROCHKCH67, raw=134088995, derived=134088995, unit=None), 'IDX__TXHDRHVPSHKCH01': ParsedDataItem(IDX__TXHDRHVPSHKCH01, raw=131663463, derived=131663463, unit=None), 'IDX__TXHDRHVPSHKCH23': ParsedDataItem(IDX__TXHDRHVPSHKCH23, raw=8849067, derived=8849067, unit=None), 'IDX__TXHDRHVPSHKCH45': ParsedDataItem(IDX__TXHDRHVPSHKCH45, raw=152897501, derived=152897501, unit=None), 'IDX__TXHDRHVPSHKCH67': ParsedDataItem(IDX__TXHDRHVPSHKCH67, raw=20056716, derived=20056716, unit=None), 'IDX__TXHDRLVHK0CH01': ParsedDataItem(IDX__TXHDRLVHK0CH01, raw=134219776, derived=134219776, unit=None), 'IDX__TXHDRLVHK0CH23': ParsedDataItem(IDX__TXHDRLVHK0CH23, raw=173018038, derived=173018038, unit=None), 'IDX__TXHDRLVHK0CH45': ParsedDataItem(IDX__TXHDRLVHK0CH45, raw=134941794, derived=134941794, unit=None), 'IDX__TXHDRLVHK0CH67': ParsedDataItem(IDX__TXHDRLVHK0CH67, raw=207096915, derived=207096915, unit=None), 'IDX__TXHDRLVHK1CH01': ParsedDataItem(IDX__TXHDRLVHK1CH01, raw=32114208, derived=32114208, unit=None), 'IDX__TXHDRLVHK1CH23': ParsedDataItem(IDX__TXHDRLVHK1CH23, raw=63571204, derived=63571204, unit=None), 'IDX__TXHDRLVHK1CH45': ParsedDataItem(IDX__TXHDRLVHK1CH45, raw=183502389, derived=183502389, unit=None), 'IDX__TXHDRLVHK1CH67': ParsedDataItem(IDX__TXHDRLVHK1CH67, raw=189202913, derived=189202913, unit=None), 'IDX__TXHDRLVHK2CH01': ParsedDataItem(IDX__TXHDRLVHK2CH01, raw=42730130, derived=42730130, unit=None), 'IDX__TXHDRLVHK2CH23': ParsedDataItem(IDX__TXHDRLVHK2CH23, raw=260047824, derived=260047824, unit=None), 'IDX__TXHDRLVHK2CH45': ParsedDataItem(IDX__TXHDRLVHK2CH45, raw=101257134, derived=101257134, unit=None), 'IDX__TXHDRLVHK2CH67': ParsedDataItem(IDX__TXHDRLVHK2CH67, raw=69022, derived=69022, unit=None), 'IDX__TXHDRSP09': ParsedDataItem(IDX__TXHDRSP09, raw=0, derived=0, unit=None), 'IDX__TXHDRSP10': ParsedDataItem(IDX__TXHDRSP10, raw=0, derived=0, unit=None), 'IDX__TXHDRFSWAIDCOPY': ParsedDataItem(IDX__TXHDRFSWAIDCOPY, raw=2415277394, derived=2415277394, unit=None), 'IDX__TXHDRFSWBINCOPY': ParsedDataItem(IDX__TXHDRFSWBINCOPY, raw=0, derived=0, unit=None), 'IDX__TXHDRFSWMAJOR': ParsedDataItem(IDX__TXHDRFSWMAJOR, raw=2, derived=2, unit=None), 'IDX__TXHDRFSWMINOR': ParsedDataItem(IDX__TXHDRFSWMINOR, raw=0, derived=0, unit=None), 'IDX__TXHDRFSWPATCH': ParsedDataItem(IDX__TXHDRFSWPATCH, raw=0, derived=0, unit=None), 'IDX__TXHDRFSWHVSTAT': ParsedDataItem(IDX__TXHDRFSWHVSTAT, raw=3, derived=3, unit=None), 'IDX__TXHDRFSWMEM0': ParsedDataItem(IDX__TXHDRFSWMEM0, raw=0, derived=0, unit=None), 'IDX__TXHDRFSWMEM1': ParsedDataItem(IDX__TXHDRFSWMEM1, raw=0, derived=0, unit=None), 'IDX__TXHDRFSWPT0': ParsedDataItem(IDX__TXHDRFSWPT0, raw=0, derived=0, unit=None), 'IDX__TXHDRFSWPT1': ParsedDataItem(IDX__TXHDRFSWPT1, raw=0, derived=0, unit=None), 'IDX__TXHDRFSWPT2': ParsedDataItem(IDX__TXHDRFSWPT2, raw=0, derived=0, unit=None), 'IDX__TXHDRFSWPT3': ParsedDataItem(IDX__TXHDRFSWPT3, raw=0, derived=0, unit=None), 'IDX__TXHDRFSWPT4': ParsedDataItem(IDX__TXHDRFSWPT4, raw=0, derived=0, unit=None), 'IDX__TXHDRFSWPT5': ParsedDataItem(IDX__TXHDRFSWPT5, raw=0, derived=0, unit=None), 'IDX__TXHDRFSWPT6': ParsedDataItem(IDX__TXHDRFSWPT6, raw=0, derived=0, unit=None), 'IDX__TXHDRFSWPT7': ParsedDataItem(IDX__TXHDRFSWPT7, raw=0, derived=0, unit=None), 'IDX__TXHDRFSWPT8': ParsedDataItem(IDX__TXHDRFSWPT8, raw=0, derived=0, unit=None), 'IDX__TXHDRFSWPT9': ParsedDataItem(IDX__TXHDRFSWPT9, raw=0, derived=0, unit=None), 'IDX__TXHDRFPGAVER': ParsedDataItem(IDX__TXHDRFPGAVER, raw=539165480, derived=539165480, unit=None), 'IDX__SYNCSCI0PKT': ParsedDataItem(IDX__SYNCSCI0PKT, raw=13107, derived=13107, unit=None), 'IDX__CRCSCI0PKT': ParsedDataItem(IDX__CRCSCI0PKT, raw=23447, derived=23447, unit=None)}
SHCOARSE = 439590405
SHFINE = 10863
IDX__SCI0AID = 2415277394
IDX__SCI0TYPE = 1
IDX__SCI0CONT = 127
IDX__SCI0SPARE1 = 0
IDX__SCI0PACK = EN
IDX__SCI0FRAG = DS
IDX__SCI0COMP = DS
IDX__SCI0EVTNUM = 20
IDX__SCI0CAT = 32
IDX__SCI0QUAL = 5
IDX__SCI0FRAGOFF = 0
IDX__SCI0VER = 9
IDX__SCI0TIME32 = 439589821
IDX__SCI0SPARE2 = 0
IDX__SCI0SPARE3 = 0
IDX__SCI0SPARE4 = 0
IDX__TXHDRSCIEVTLEN = 8320
IDX__TXHDRSP00 = 0
IDX__TXHDRTIMESEC1 = 6707
IDX__TXHDRTIMESEC2 = 39869
IDX__TXHDRTIMESUBS = 37278
IDX__TXHDRSP01 = 0
IDX__TXHDRTRIGOFFSET = 1
IDX__TXHDRSP02 = 0
IDX__TXHDRTRIGID = 1
IDX__TXHDREVTNUM = 20
IDX__TXHDRBLOCKS = 243679
IDX__TXHDRHGTRIGCTRL1 = 2222981120
IDX__TXHDRHGTRIGCTRL2 = 0
IDX__TXHDRLGTRIGCTRL1 = 4294965248
IDX__TXHDRLGTRIGCTRL2 = 4278255360
IDX__TXHDRMGTRIGCTRL1 = 4294965248
IDX__TXHDRMGTRIGCTRL2 = 4278255360
IDX__TXHDRSP03 = 0
IDX__TXHDRLSADC = 555521
IDX__TXHDRPOLSTAT = NEG
IDX__TXHDRSP04 = 0
IDX__TXHDRPOLCTRL = POS
IDX__TXHDRCOINENA = DIS
IDX__TXHDRLSTRIGMODE = DIS
IDX__TXHDRMGTRIGMODE = 0
IDX__TXHDRLGTRIGMODE = 0
IDX__TXHDRHGTRIGMODE = 1
IDX__TXHDRSP05 = 0
IDX__TXHDRSP06 = 0
IDX__TXHDRSP07 = 2022
IDX__TXHDRSP08 = 0
IDX__TXHDRTOFMAX = 541596181
IDX__TXHDRTOFMIN = 535295476
IDX__TXHDRLS0MAXMIN = 8464397
IDX__TXHDRLS1MAXMIN = 8476645
IDX__TXHDRLS2MAXMIN = 8304613
IDX__TXHDRFIFODELAY = 16
IDX__TXHDRSAMPDELAY = 7347239
IDX__TXHDRTRANSCNT = 2
IDX__TXHDRPROCHKCH01 = 81527417
IDX__TXHDRPROCHKCH23 = 240258366
IDX__TXHDRPROCHKCH45 = 199034078
IDX__TXHDRPROCHKCH67 = 134088995
IDX__TXHDRHVPSHKCH01 = 131663463
IDX__TXHDRHVPSHKCH23 = 8849067
IDX__TXHDRHVPSHKCH45 = 152897501
IDX__TXHDRHVPSHKCH67 = 20056716
IDX__TXHDRLVHK0CH01 = 134219776
IDX__TXHDRLVHK0CH23 = 173018038
IDX__TXHDRLVHK0CH45 = 134941794
IDX__TXHDRLVHK0CH67 = 207096915
IDX__TXHDRLVHK1CH01 = 32114208
IDX__TXHDRLVHK1CH23 = 63571204
IDX__TXHDRLVHK1CH45 = 183502389
IDX__TXHDRLVHK1CH67 = 189202913
IDX__TXHDRLVHK2CH01 = 42730130
IDX__TXHDRLVHK2CH23 = 260047824
IDX__TXHDRLVHK2CH45 = 101257134
IDX__TXHDRLVHK2CH67 = 69022
IDX__TXHDRSP09 = 0
IDX__TXHDRSP10 = 0
IDX__TXHDRFSWAIDCOPY = 2415277394
IDX__TXHDRFSWBINCOPY = 0
IDX__TXHDRFSWMAJOR = 2
IDX__TXHDRFSWMINOR = 0
IDX__TXHDRFSWPATCH = 0
IDX__TXHDRFSWHVSTAT = 3
IDX__TXHDRFSWMEM0 = 0
IDX__TXHDRFSWMEM1 = 0
IDX__TXHDRFSWPT0 = 0
IDX__TXHDRFSWPT1 = 0
IDX__TXHDRFSWPT2 = 0
IDX__TXHDRFSWPT3 = 0
IDX__TXHDRFSWPT4 = 0
IDX__TXHDRFSWPT5 = 0
IDX__TXHDRFSWPT6 = 0
IDX__TXHDRFSWPT7 = 0
IDX__TXHDRFSWPT8 = 0
IDX__TXHDRFSWPT9 = 0
IDX__TXHDRFPGAVER = 539165480
IDX__SYNCSCI0PKT = 13107
IDX__CRCSCI0PKT = 23447
^*****Event header 19******^
HS pre trig sampling blocks:  31
LS pre trig sampling blocks:  3
HS post trig sampling blocks:  31
LS post trig sampling blocks:  11
IDX__TXHDRHVPSHKCH01 = 131663463
Detector voltage =  1639
Sensor voltage =  2009
Target voltage =  1707
Reflectron voltage =  135
Rejection voltage =  2013
Current for HVPS sensor =  2333
Positive current for HVPS sensor =  2700
Negative current for HVPS sensor =  306
Voltage +3.3V reference =  2048
Voltage +3.3V operational reference =  2048
Voltage -6V bus =  2998
Voltage +6V bus =  2640
Voltage +16V bus =  3170
Voltage +3.3V bus =  2059
Voltage -5V bus =  3155
Voltage +5V bus =  3160
Current +3.3V bus =  1568
Current +16V bus =  970
Current +6V bus =  1284
Current -6V bus =  970
Current +5V bus =  1589
Current -5V bus =  2800
Current +2.5V bus =  481
Current -2.5V bus =  2887
Current on the 1V POL =  633
Current on the 1.9V POL =  1244
ProcBd Temperature 1 =  3390
ProcBd Temperature 2 =  3666
Voltage on 1V bus =  1246
FPGA Temperature =  3037
Voltage on 1.9V bus =  2339
Voltage on 3.3V bus =  2046
var_to_row = {'Last measurement in raw DN for Processor Board signal “1V POL Current”': 0, 'Last measurement in raw DN for Processor Board signal “1.9V POL Current”': 1, 'Last measurement in raw DN for Processor Board signal “ProcBd Temp1”': 2, nan: 48, 'Last measurement in raw DN for Processor Board signal “ProcBd Temp2”': 6, 'Last measurement in raw DN for Processor Board signal “1V Voltage”': 10, 'Last measurement in raw DN for Processor Board signal “FPGA Temp”': 11, 'Last measurement in raw DN for Processor Board signal “1.9V Voltage”': 12, 'Last measurement in raw DN for Processor Board signal “3.3V Voltage”': 13, 'Last measurement in raw DN for HVPS Board signal “Detector Voltage”': 14, 'Last measurement in raw DN for HVPS Board signal “Sensor Voltage"': 15, 'Last measurement in raw DN for HVPS Board signal “Target Voltage”': 16, 'Last measurement in raw DN for HVPS Board signal “Reflectron Voltage”': 17, 'Last measurement in raw DN for HVPS Board signal “Rejection Voltage”': 18, 'Last measurement in raw DN for HVPS Board signal “Detector Current”': 19, 'Last measurement in raw DN for HVPS Board signal “Sensor IP”': 20, 'Last measurement in raw DN for HVPS Board signal “Sensor IN”': 21, 'Last measurement in raw DN for LVPS Board signal “P3.3VREF_HK”': 22, 'Last measurement in raw DN for LVPS Board signal “P3.3VREF_OP”': 23, 'Last measurement in raw DN for LVPS Board signal “N6V”': 24, 'Last measurement in raw DN for LVPS Board signal “P6V”': 25, 'Last measurement in raw DN for LVPS Board signal “P16V”': 26, 'Last measurement in raw DN for LVPS Board signal “P3.3V”': 27, 'Last measurement in raw DN for LVPS Board signal “N5V”': 28, 'Last measurement in raw DN for LVPS Board signal “P5V”': 29, 'Last measurement in raw DN for LVPS Board signal “P3.3_IMON”': 30, 'Last measurement in raw DN for LVPS Board signal “P16V_IMON”': 31, 'Last measurement in raw DN for LVPS Board signal “P6V_IMON”': 32, 'Last measurement in raw DN for LVPS Board signal “N6V_IMON”': 33, 'Last measurement in raw DN for LVPS Board signal “P5V_IMON”': 34, 'Last measurement in raw DN for LVPS Board signal “N5V_IMON”': 35, 'Last measurement in raw DN for LVPS Board signal “P2.5V_IMON”': 36, 'Last measurement in raw DN for LVPS Board signal “N2.5V_IMON”': 37, 'Last measurement in raw DN for LVPS Board signal “THERM_DECON0”': 38, 'Last measurement in raw DN for LVPS Board signal “THERM_DECON1”': 39, 'Last measurement in raw DN for LVPS Board signal “THERM_DAB”': 40, 'Last measurement in raw DN for LVPS Board signal “THERM_LVPS”': 41, 'Last measurement in raw DN for LVPS Board signal “THERM_HVPS”': 45, 'Last measurement in raw DN for LVPS Board signal “P2.5V”': 49, 'Last measurement in raw DN for LVPS Board signal “N2.5V”': 50, 'Last measurement in raw DN for LVPS Board signal “Spare”': 51}

 
 ***** var_name being converted for each instrument setting ***** 
 

Matching row  18
coeffs for Last measurement in raw DN for Processor Board signal “1V POL Current”= [0.0 0.9029253 0.0 0.0 0.0 0.0 0.0 0.0]
var_name = Last measurement in raw DN for Processor Board signal “1V POL Current”
var_name = current_1V_pol
Header info = 633
Transformed value for current_1V_pol = 571.5517149
Matching row  18
coeffs for Last measurement in raw DN for Processor Board signal “1.9V POL Current”= [0.0 0.9029253 0.0 0.0 0.0 0.0 0.0 0.0]
var_name = Last measurement in raw DN for Processor Board signal “1.9V POL Current”
var_name = current_1.9V_pol
Header info = 1244
Transformed value for current_1.9V_pol = 1123.2390732000001
Matching row  18
coeffs for Last measurement in raw DN for Processor Board signal “ProcBd Temp1”= [162.8276 -0.2668687 0.0003323794 -2.43153e-07 9.034532e-11 -1.327735e-14
 0.0 0.0]
var_name = Last measurement in raw DN for Processor Board signal “ProcBd Temp1”
var_name = temperature_1
Header info = 3390
Transformed value for temperature_1 = -407.5949358341395
Matching row  18
coeffs for nan= [-104713.9 52.02446 -0.006463374 0.0 0.0 0.0 0.0 0.0]
var_name = nan
var_name = None
KeyError: (19, None) - Could not find entry for None, 48. Please check the Var_notes or variable mapping.
Matching row  18
coeffs for Last measurement in raw DN for Processor Board signal “ProcBd Temp2”= [162.8276 -0.2668687 0.0003323794 -2.43153e-07 9.034532e-11 -1.327735e-14
 0.0 0.0]
var_name = Last measurement in raw DN for Processor Board signal “ProcBd Temp2”
var_name = temperature_2
Header info = 3666
Transformed value for temperature_2 = -801.8818752684547
Matching row  18
coeffs for Last measurement in raw DN for Processor Board signal “1V Voltage”= [0.0 0.000805861 0.0 0.0 0.0 0.0 0.0 0.0]
var_name = Last measurement in raw DN for Processor Board signal “1V Voltage”
var_name = voltage_1V_bus
Header info = 1246
Transformed value for voltage_1V_bus = 1.004102806
Matching row  18
coeffs for Last measurement in raw DN for Processor Board signal “FPGA Temp”= [358.31 -0.1187104 0.0 0.0 0.0 0.0 0.0 0.0]
var_name = Last measurement in raw DN for Processor Board signal “FPGA Temp”
var_name = fpga_temperature
Header info = 3037
Transformed value for fpga_temperature = -2.2134848000000034
Matching row  18
coeffs for Last measurement in raw DN for Processor Board signal “1.9V Voltage”= [0.0 0.000805861 0.0 0.0 0.0 0.0 0.0 0.0]
var_name = Last measurement in raw DN for Processor Board signal “1.9V Voltage”
var_name = voltage_1.9V_bus
Header info = 2339
Transformed value for voltage_1.9V_bus = 1.884908879
Matching row  18
coeffs for Last measurement in raw DN for Processor Board signal “3.3V Voltage”= [0.0 0.001611722 0.0 0.0 0.0 0.0 0.0 0.0]
var_name = Last measurement in raw DN for Processor Board signal “3.3V Voltage”
var_name = voltage_3.3V_bus
Header info = 2046
Transformed value for voltage_3.3V_bus = 3.2975832119999997
Matching row  18
coeffs for Last measurement in raw DN for HVPS Board signal “Detector Voltage”= [0.0 1.4652 0.0 0.0 0.0 0.0 0.0 0.0]
var_name = Last measurement in raw DN for HVPS Board signal “Detector Voltage”
var_name = detector_voltage
Header info = 1639
Transformed value for detector_voltage = 2401.4628000000002
Matching row  18
coeffs for Last measurement in raw DN for HVPS Board signal “Sensor Voltage"= [0.0 1.4652 0.0 0.0 0.0 0.0 0.0 0.0]
var_name = Last measurement in raw DN for HVPS Board signal “Sensor Voltage"
var_name = sensor_voltage
Header info = 2009
Transformed value for sensor_voltage = 2943.5868
Matching row  18
coeffs for Last measurement in raw DN for HVPS Board signal “Target Voltage”= [0.0 1.4652 0.0 0.0 0.0 0.0 0.0 0.0]
var_name = Last measurement in raw DN for HVPS Board signal “Target Voltage”
var_name = target_voltage
Header info = 1707
Transformed value for target_voltage = 2501.0964
Matching row  18
coeffs for Last measurement in raw DN for HVPS Board signal “Reflectron Voltage”= [0.0 1.4652 0.0 0.0 0.0 0.0 0.0 0.0]
var_name = Last measurement in raw DN for HVPS Board signal “Reflectron Voltage”
var_name = reflectron_voltage
Header info = 135
Transformed value for reflectron_voltage = 197.80200000000002
Matching row  18
coeffs for Last measurement in raw DN for HVPS Board signal “Rejection Voltage”= [0.0 1.4652 0.0 0.0 0.0 0.0 0.0 0.0]
var_name = Last measurement in raw DN for HVPS Board signal “Rejection Voltage”
var_name = rejection_voltage
Header info = 2013
Transformed value for rejection_voltage = 2949.4476
Matching row  18
coeffs for Last measurement in raw DN for HVPS Board signal “Detector Current”= [0.0 7.326e-06 0.0 0.0 0.0 0.0 0.0 0.0]
var_name = Last measurement in raw DN for HVPS Board signal “Detector Current”
var_name = current_hvps_sensor
Header info = 2333
Transformed value for current_hvps_sensor = 0.017091558
Matching row  18
coeffs for Last measurement in raw DN for HVPS Board signal “Sensor IP”= [0.0 2.4339e-05 0.0 0.0 0.0 0.0 0.0 0.0]
var_name = Last measurement in raw DN for HVPS Board signal “Sensor IP”
var_name = positive_current_hvps
Header info = 2700
Transformed value for positive_current_hvps = 0.06571529999999999
Matching row  18
coeffs for Last measurement in raw DN for HVPS Board signal “Sensor IN”= [0.0 2.4339e-05 0.0 0.0 0.0 0.0 0.0 0.0]
var_name = Last measurement in raw DN for HVPS Board signal “Sensor IN”
var_name = negative_current_hvps
Header info = 306
Transformed value for negative_current_hvps = 0.007447733999999999
Matching row  18
coeffs for Last measurement in raw DN for LVPS Board signal “P3.3VREF_HK”= [0.0 0.00161172 0.0 0.0 0.0 0.0 0.0 0.0]
var_name = Last measurement in raw DN for LVPS Board signal “P3.3VREF_HK”
var_name = voltage_3V3_ref
Header info = 2048
Transformed value for voltage_3V3_ref = 3.30080256
Matching row  18
coeffs for Last measurement in raw DN for LVPS Board signal “P3.3VREF_OP”= [0.0 0.00161172 0.0 0.0 0.0 0.0 0.0 0.0]
var_name = Last measurement in raw DN for LVPS Board signal “P3.3VREF_OP”
var_name = voltage_3V3_op_ref
Header info = 2048
Transformed value for voltage_3V3_op_ref = 3.30080256
Matching row  18
coeffs for Last measurement in raw DN for LVPS Board signal “N6V”= [-33.0 0.00886447 0.0 0.0 0.0 0.0 0.0 0.0]
var_name = Last measurement in raw DN for LVPS Board signal “N6V”
var_name = voltage_neg6V_bus
Header info = 2998
Transformed value for voltage_neg6V_bus = -6.424318940000003
Matching row  18
coeffs for Last measurement in raw DN for LVPS Board signal “P6V”= [0.0 0.00241758 0.0 0.0 0.0 0.0 0.0 0.0]
var_name = Last measurement in raw DN for LVPS Board signal “P6V”
var_name = voltage_pos6V_bus
Header info = 2640
Transformed value for voltage_pos6V_bus = 6.3824112
Matching row  18
coeffs for Last measurement in raw DN for LVPS Board signal “P16V”= [0.0 0.00482711 0.0 0.0 0.0 0.0 0.0 0.0]
var_name = Last measurement in raw DN for LVPS Board signal “P16V”
var_name = voltage_pos16V_bus
Header info = 3170
Transformed value for voltage_pos16V_bus = 15.3019387
Matching row  18
coeffs for Last measurement in raw DN for LVPS Board signal “P3.3V”= [0.0 0.00161172 0.0 0.0 0.0 0.0 0.0 0.0]
var_name = Last measurement in raw DN for LVPS Board signal “P3.3V”
var_name = voltage_pos3V3_bus
Header info = 2059
Transformed value for voltage_pos3V3_bus = 3.3185314800000003
Matching row  18
coeffs for Last measurement in raw DN for LVPS Board signal “N5V”= [-33.0 0.00886447 0.0 0.0 0.0 0.0 0.0 0.0]
var_name = Last measurement in raw DN for LVPS Board signal “N5V”
var_name = voltage_neg5V_bus
Header info = 3155
Transformed value for voltage_neg5V_bus = -5.032597150000001
Matching row  18
coeffs for Last measurement in raw DN for LVPS Board signal “P5V”= [0.0 0.00161172 0.0 0.0 0.0 0.0 0.0 0.0]
var_name = Last measurement in raw DN for LVPS Board signal “P5V”
var_name = voltage_pos5V_bus
Header info = 3160
Transformed value for voltage_pos5V_bus = 5.0930352
Matching row  18
coeffs for Last measurement in raw DN for LVPS Board signal “P3.3_IMON”= [0.0 0.00161172 0.0 0.0 0.0 0.0 0.0 0.0]
var_name = Last measurement in raw DN for LVPS Board signal “P3.3_IMON”
var_name = current_3V3_bus
Header info = 1568
Transformed value for current_3V3_bus = 2.5271769600000002
Matching row  18
coeffs for Last measurement in raw DN for LVPS Board signal “P16V_IMON”= [0.0 0.000161172 0.0 0.0 0.0 0.0 0.0 0.0]
var_name = Last measurement in raw DN for LVPS Board signal “P16V_IMON”
var_name = current_16V_bus
Header info = 970
Transformed value for current_16V_bus = 0.15633684
Matching row  18
coeffs for Last measurement in raw DN for LVPS Board signal “P6V_IMON”= [0.0 8.05861e-05 0.0 0.0 0.0 0.0 0.0 0.0]
var_name = Last measurement in raw DN for LVPS Board signal “P6V_IMON”
var_name = current_6V_bus
Header info = 1284
Transformed value for current_6V_bus = 0.1034725524
Matching row  18
coeffs for Last measurement in raw DN for LVPS Board signal “N6V_IMON”= [0.0 -8.05861e-05 0.0 0.0 0.0 0.0 0.0 0.0]
var_name = Last measurement in raw DN for LVPS Board signal “N6V_IMON”
var_name = current_neg6V_bus
Header info = 970
Transformed value for current_neg6V_bus = -0.07816851699999999
Matching row  18
coeffs for Last measurement in raw DN for LVPS Board signal “P5V_IMON”= [0.0 4.029304e-05 0.0 0.0 0.0 0.0 0.0 0.0]
var_name = Last measurement in raw DN for LVPS Board signal “P5V_IMON”
var_name = current_5V_bus
Header info = 1589
Transformed value for current_5V_bus = 0.06402564056
Matching row  18
coeffs for Last measurement in raw DN for LVPS Board signal “N5V_IMON”= [0.0 -2.01465e-05 0.0 0.0 0.0 0.0 0.0 0.0]
var_name = Last measurement in raw DN for LVPS Board signal “N5V_IMON”
var_name = current_neg5V_bus
Header info = 2800
Transformed value for current_neg5V_bus = -0.0564102
Matching row  18
coeffs for Last measurement in raw DN for LVPS Board signal “P2.5V_IMON”= [0.0 0.00161172 0.0 0.0 0.0 0.0 0.0 0.0]
var_name = Last measurement in raw DN for LVPS Board signal “P2.5V_IMON”
var_name = current_2V5_bus
Header info = 481
Transformed value for current_2V5_bus = 0.77523732
Matching row  18
coeffs for Last measurement in raw DN for LVPS Board signal “N2.5V_IMON”= [0.0 -4.0293e-05 0.0 0.0 0.0 0.0 0.0 0.0]
var_name = Last measurement in raw DN for LVPS Board signal “N2.5V_IMON”
var_name = current_neg2V5_bus
Header info = 2887
Transformed value for current_neg2V5_bus = -0.116325891
Matching row  18
coeffs for Last measurement in raw DN for LVPS Board signal “THERM_DECON0”= [-110.293 0.0665351 0.000305738 -6.32048e-07 5.9934e-10 -2.98784e-13
 7.61361e-17 -7.76467e-21]
var_name = Last measurement in raw DN for LVPS Board signal “THERM_DECON0”
var_name = None
KeyError: (19, None) - Could not find entry for None, 38. Please check the Var_notes or variable mapping.
Matching row  18
coeffs for Last measurement in raw DN for LVPS Board signal “THERM_DECON1”= [-150.478 0.376986 -0.00062072 7.73853e-07 -5.81588e-10 2.56368e-13
 -6.05698e-17 5.96635e-21]
var_name = Last measurement in raw DN for LVPS Board signal “THERM_DECON1”
var_name = None
KeyError: (19, None) - Could not find entry for None, 39. Please check the Var_notes or variable mapping.
Matching row  18
coeffs for Last measurement in raw DN for LVPS Board signal “THERM_DAB”= [-443.248 1.31224 -0.00180422 1.40016e-06 -6.43766e-10 1.7448e-13
 -2.57695e-17 1.60239e-21]
var_name = Last measurement in raw DN for LVPS Board signal “THERM_DAB”
var_name = None
KeyError: (19, None) - Could not find entry for None, 40. Please check the Var_notes or variable mapping.
Matching row  18
coeffs for Last measurement in raw DN for LVPS Board signal “THERM_LVPS”= [200.4137 -0.2020699 0.000175403 -9.739547e-08 2.888932e-11 -3.545603e-15
 0.0 0.0]
var_name = Last measurement in raw DN for LVPS Board signal “THERM_LVPS”
var_name = None
KeyError: (19, None) - Could not find entry for None, 41. Please check the Var_notes or variable mapping.
Matching row  18
coeffs for Last measurement in raw DN for LVPS Board signal “THERM_HVPS”= [200.4137 -0.2020699 0.000175403 -9.739547e-08 2.888932e-11 -3.545603e-15
 0.0 0.0]
var_name = Last measurement in raw DN for LVPS Board signal “THERM_HVPS”
var_name = None
KeyError: (19, None) - Could not find entry for None, 45. Please check the Var_notes or variable mapping.
Matching row  18
coeffs for Last measurement in raw DN for LVPS Board signal “P2.5V”= [0.0 0.00161172 0.0 0.0 0.0 0.0 0.0 0.0]
var_name = Last measurement in raw DN for LVPS Board signal “P2.5V”
var_name = None
KeyError: (19, None) - Could not find entry for None, 49. Please check the Var_notes or variable mapping.
Matching row  18
coeffs for Last measurement in raw DN for LVPS Board signal “N2.5V”= [-33.0 0.00886447 0.0 0.0 0.0 0.0 0.0 0.0]
var_name = Last measurement in raw DN for LVPS Board signal “N2.5V”
var_name = None
KeyError: (19, None) - Could not find entry for None, 50. Please check the Var_notes or variable mapping.
Matching row  18
coeffs for Last measurement in raw DN for LVPS Board signal “Spare”= [0.0 0.00161172 0.0 0.0 0.0 0.0 0.0 0.0]
var_name = Last measurement in raw DN for LVPS Board signal “Spare”
var_name = spare_signal
KeyError: (19, 'spare_signal') - Could not find entry for spare_signal, 51. Please check the Var_notes or variable mapping.
High gain delay = 7 samples.
Mid gain delay = 7 samples.
Low gain delay = 39 samples.
High sampling trigger mode =  0 0 1
High gain trigger mode enabled.
For 2222981120, HG Trigger level = 0.15317, sample settings = 0, 0
Threshold trigger mode enabled for high gain channel.
AID = 2415277394
Event number = 20
Rice compression enabled = False
Timestamp = 439569022.20846 seconds since epoch (Midnight January 1st, 2010)
Trigger time = 2023-12-06 14:30:22.208460+00:00
19
19
19
19
19
19
19
19
19
19
19
19
19
{'SHCOARSE': ParsedDataItem(SHCOARSE, raw=439590418, derived=439590418, unit=dn), 'SHFINE': ParsedDataItem(SHFINE, raw=10851, derived=10851, unit=dn), 'IDX__SCI0AID': ParsedDataItem(IDX__SCI0AID, raw=2415277394, derived=2415277394, unit=None), 'IDX__SCI0TYPE': ParsedDataItem(IDX__SCI0TYPE, raw=1, derived=1, unit=None), 'IDX__SCI0CONT': ParsedDataItem(IDX__SCI0CONT, raw=127, derived=127, unit=None), 'IDX__SCI0SPARE1': ParsedDataItem(IDX__SCI0SPARE1, raw=0, derived=0, unit=None), 'IDX__SCI0PACK': ParsedDataItem(IDX__SCI0PACK, raw=1, derived=EN, unit=None), 'IDX__SCI0FRAG': ParsedDataItem(IDX__SCI0FRAG, raw=0, derived=DS, unit=None), 'IDX__SCI0COMP': ParsedDataItem(IDX__SCI0COMP, raw=0, derived=DS, unit=None), 'IDX__SCI0EVTNUM': ParsedDataItem(IDX__SCI0EVTNUM, raw=21, derived=21, unit=None), 'IDX__SCI0CAT': ParsedDataItem(IDX__SCI0CAT, raw=32, derived=32, unit=None), 'IDX__SCI0QUAL': ParsedDataItem(IDX__SCI0QUAL, raw=5, derived=5, unit=None), 'IDX__SCI0FRAGOFF': ParsedDataItem(IDX__SCI0FRAGOFF, raw=0, derived=0, unit=None), 'IDX__SCI0VER': ParsedDataItem(IDX__SCI0VER, raw=9, derived=9, unit=None), 'IDX__SCI0TIME32': ParsedDataItem(IDX__SCI0TIME32, raw=439589826, derived=439589826, unit=None), 'IDX__SCI0SPARE2': ParsedDataItem(IDX__SCI0SPARE2, raw=0, derived=0, unit=None), 'IDX__SCI0SPARE3': ParsedDataItem(IDX__SCI0SPARE3, raw=0, derived=0, unit=None), 'IDX__SCI0SPARE4': ParsedDataItem(IDX__SCI0SPARE4, raw=0, derived=0, unit=None), 'IDX__TXHDRSCIEVTLEN': ParsedDataItem(IDX__TXHDRSCIEVTLEN, raw=8320, derived=8320, unit=None), 'IDX__TXHDRSP00': ParsedDataItem(IDX__TXHDRSP00, raw=0, derived=0, unit=None), 'IDX__TXHDRTIMESEC1': ParsedDataItem(IDX__TXHDRTIMESEC1, raw=6707, derived=6707, unit=None), 'IDX__TXHDRTIMESEC2': ParsedDataItem(IDX__TXHDRTIMESEC2, raw=39874, derived=39874, unit=None), 'IDX__TXHDRTIMESUBS': ParsedDataItem(IDX__TXHDRTIMESUBS, raw=37264, derived=37264, unit=None), 'IDX__TXHDRSP01': ParsedDataItem(IDX__TXHDRSP01, raw=0, derived=0, unit=None), 'IDX__TXHDRTRIGOFFSET': ParsedDataItem(IDX__TXHDRTRIGOFFSET, raw=3, derived=3, unit=None), 'IDX__TXHDRSP02': ParsedDataItem(IDX__TXHDRSP02, raw=0, derived=0, unit=None), 'IDX__TXHDRTRIGID': ParsedDataItem(IDX__TXHDRTRIGID, raw=1, derived=1, unit=None), 'IDX__TXHDREVTNUM': ParsedDataItem(IDX__TXHDREVTNUM, raw=21, derived=21, unit=None), 'IDX__TXHDRBLOCKS': ParsedDataItem(IDX__TXHDRBLOCKS, raw=243679, derived=243679, unit=None), 'IDX__TXHDRHGTRIGCTRL1': ParsedDataItem(IDX__TXHDRHGTRIGCTRL1, raw=2222981120, derived=2222981120, unit=None), 'IDX__TXHDRHGTRIGCTRL2': ParsedDataItem(IDX__TXHDRHGTRIGCTRL2, raw=0, derived=0, unit=None), 'IDX__TXHDRLGTRIGCTRL1': ParsedDataItem(IDX__TXHDRLGTRIGCTRL1, raw=4294965248, derived=4294965248, unit=None), 'IDX__TXHDRLGTRIGCTRL2': ParsedDataItem(IDX__TXHDRLGTRIGCTRL2, raw=4278255360, derived=4278255360, unit=None), 'IDX__TXHDRMGTRIGCTRL1': ParsedDataItem(IDX__TXHDRMGTRIGCTRL1, raw=4294965248, derived=4294965248, unit=None), 'IDX__TXHDRMGTRIGCTRL2': ParsedDataItem(IDX__TXHDRMGTRIGCTRL2, raw=4278255360, derived=4278255360, unit=None), 'IDX__TXHDRSP03': ParsedDataItem(IDX__TXHDRSP03, raw=0, derived=0, unit=None), 'IDX__TXHDRLSADC': ParsedDataItem(IDX__TXHDRLSADC, raw=555521, derived=555521, unit=None), 'IDX__TXHDRPOLSTAT': ParsedDataItem(IDX__TXHDRPOLSTAT, raw=1, derived=NEG, unit=None), 'IDX__TXHDRSP04': ParsedDataItem(IDX__TXHDRSP04, raw=0, derived=0, unit=None), 'IDX__TXHDRPOLCTRL': ParsedDataItem(IDX__TXHDRPOLCTRL, raw=0, derived=POS, unit=None), 'IDX__TXHDRCOINENA': ParsedDataItem(IDX__TXHDRCOINENA, raw=0, derived=DIS, unit=None), 'IDX__TXHDRLSTRIGMODE': ParsedDataItem(IDX__TXHDRLSTRIGMODE, raw=0, derived=DIS, unit=None), 'IDX__TXHDRMGTRIGMODE': ParsedDataItem(IDX__TXHDRMGTRIGMODE, raw=0, derived=0, unit=None), 'IDX__TXHDRLGTRIGMODE': ParsedDataItem(IDX__TXHDRLGTRIGMODE, raw=0, derived=0, unit=None), 'IDX__TXHDRHGTRIGMODE': ParsedDataItem(IDX__TXHDRHGTRIGMODE, raw=1, derived=1, unit=None), 'IDX__TXHDRSP05': ParsedDataItem(IDX__TXHDRSP05, raw=0, derived=0, unit=None), 'IDX__TXHDRSP06': ParsedDataItem(IDX__TXHDRSP06, raw=0, derived=0, unit=None), 'IDX__TXHDRSP07': ParsedDataItem(IDX__TXHDRSP07, raw=2022, derived=2022, unit=None), 'IDX__TXHDRSP08': ParsedDataItem(IDX__TXHDRSP08, raw=0, derived=0, unit=None), 'IDX__TXHDRTOFMAX': ParsedDataItem(IDX__TXHDRTOFMAX, raw=541596180, derived=541596180, unit=None), 'IDX__TXHDRTOFMIN': ParsedDataItem(IDX__TXHDRTOFMIN, raw=535295476, derived=535295476, unit=None), 'IDX__TXHDRLS0MAXMIN': ParsedDataItem(IDX__TXHDRLS0MAXMIN, raw=8464396, derived=8464396, unit=None), 'IDX__TXHDRLS1MAXMIN': ParsedDataItem(IDX__TXHDRLS1MAXMIN, raw=8472547, derived=8472547, unit=None), 'IDX__TXHDRLS2MAXMIN': ParsedDataItem(IDX__TXHDRLS2MAXMIN, raw=8304613, derived=8304613, unit=None), 'IDX__TXHDRFIFODELAY': ParsedDataItem(IDX__TXHDRFIFODELAY, raw=15, derived=15, unit=None), 'IDX__TXHDRSAMPDELAY': ParsedDataItem(IDX__TXHDRSAMPDELAY, raw=24140852, derived=24140852, unit=None), 'IDX__TXHDRTRANSCNT': ParsedDataItem(IDX__TXHDRTRANSCNT, raw=2, derived=2, unit=None), 'IDX__TXHDRPROCHKCH01': ParsedDataItem(IDX__TXHDRPROCHKCH01, raw=81527417, derived=81527417, unit=None), 'IDX__TXHDRPROCHKCH23': ParsedDataItem(IDX__TXHDRPROCHKCH23, raw=240258366, derived=240258366, unit=None), 'IDX__TXHDRPROCHKCH45': ParsedDataItem(IDX__TXHDRPROCHKCH45, raw=199034078, derived=199034078, unit=None), 'IDX__TXHDRPROCHKCH67': ParsedDataItem(IDX__TXHDRPROCHKCH67, raw=134088995, derived=134088995, unit=None), 'IDX__TXHDRHVPSHKCH01': ParsedDataItem(IDX__TXHDRHVPSHKCH01, raw=131663463, derived=131663463, unit=None), 'IDX__TXHDRHVPSHKCH23': ParsedDataItem(IDX__TXHDRHVPSHKCH23, raw=8849067, derived=8849067, unit=None), 'IDX__TXHDRHVPSHKCH45': ParsedDataItem(IDX__TXHDRHVPSHKCH45, raw=152897500, derived=152897500, unit=None), 'IDX__TXHDRHVPSHKCH67': ParsedDataItem(IDX__TXHDRHVPSHKCH67, raw=20056717, derived=20056717, unit=None), 'IDX__TXHDRLVHK0CH01': ParsedDataItem(IDX__TXHDRLVHK0CH01, raw=134219776, derived=134219776, unit=None), 'IDX__TXHDRLVHK0CH23': ParsedDataItem(IDX__TXHDRLVHK0CH23, raw=173018038, derived=173018038, unit=None), 'IDX__TXHDRLVHK0CH45': ParsedDataItem(IDX__TXHDRLVHK0CH45, raw=134941794, derived=134941794, unit=None), 'IDX__TXHDRLVHK0CH67': ParsedDataItem(IDX__TXHDRLVHK0CH67, raw=207096915, derived=207096915, unit=None), 'IDX__TXHDRLVHK1CH01': ParsedDataItem(IDX__TXHDRLVHK1CH01, raw=32114209, derived=32114209, unit=None), 'IDX__TXHDRLVHK1CH23': ParsedDataItem(IDX__TXHDRLVHK1CH23, raw=63571204, derived=63571204, unit=None), 'IDX__TXHDRLVHK1CH45': ParsedDataItem(IDX__TXHDRLVHK1CH45, raw=183502389, derived=183502389, unit=None), 'IDX__TXHDRLVHK1CH67': ParsedDataItem(IDX__TXHDRLVHK1CH67, raw=189202913, derived=189202913, unit=None), 'IDX__TXHDRLVHK2CH01': ParsedDataItem(IDX__TXHDRLVHK2CH01, raw=42730130, derived=42730130, unit=None), 'IDX__TXHDRLVHK2CH23': ParsedDataItem(IDX__TXHDRLVHK2CH23, raw=260047824, derived=260047824, unit=None), 'IDX__TXHDRLVHK2CH45': ParsedDataItem(IDX__TXHDRLVHK2CH45, raw=101257134, derived=101257134, unit=None), 'IDX__TXHDRLVHK2CH67': ParsedDataItem(IDX__TXHDRLVHK2CH67, raw=69022, derived=69022, unit=None), 'IDX__TXHDRSP09': ParsedDataItem(IDX__TXHDRSP09, raw=0, derived=0, unit=None), 'IDX__TXHDRSP10': ParsedDataItem(IDX__TXHDRSP10, raw=0, derived=0, unit=None), 'IDX__TXHDRFSWAIDCOPY': ParsedDataItem(IDX__TXHDRFSWAIDCOPY, raw=2415277394, derived=2415277394, unit=None), 'IDX__TXHDRFSWBINCOPY': ParsedDataItem(IDX__TXHDRFSWBINCOPY, raw=0, derived=0, unit=None), 'IDX__TXHDRFSWMAJOR': ParsedDataItem(IDX__TXHDRFSWMAJOR, raw=2, derived=2, unit=None), 'IDX__TXHDRFSWMINOR': ParsedDataItem(IDX__TXHDRFSWMINOR, raw=0, derived=0, unit=None), 'IDX__TXHDRFSWPATCH': ParsedDataItem(IDX__TXHDRFSWPATCH, raw=0, derived=0, unit=None), 'IDX__TXHDRFSWHVSTAT': ParsedDataItem(IDX__TXHDRFSWHVSTAT, raw=3, derived=3, unit=None), 'IDX__TXHDRFSWMEM0': ParsedDataItem(IDX__TXHDRFSWMEM0, raw=0, derived=0, unit=None), 'IDX__TXHDRFSWMEM1': ParsedDataItem(IDX__TXHDRFSWMEM1, raw=0, derived=0, unit=None), 'IDX__TXHDRFSWPT0': ParsedDataItem(IDX__TXHDRFSWPT0, raw=0, derived=0, unit=None), 'IDX__TXHDRFSWPT1': ParsedDataItem(IDX__TXHDRFSWPT1, raw=0, derived=0, unit=None), 'IDX__TXHDRFSWPT2': ParsedDataItem(IDX__TXHDRFSWPT2, raw=0, derived=0, unit=None), 'IDX__TXHDRFSWPT3': ParsedDataItem(IDX__TXHDRFSWPT3, raw=0, derived=0, unit=None), 'IDX__TXHDRFSWPT4': ParsedDataItem(IDX__TXHDRFSWPT4, raw=0, derived=0, unit=None), 'IDX__TXHDRFSWPT5': ParsedDataItem(IDX__TXHDRFSWPT5, raw=0, derived=0, unit=None), 'IDX__TXHDRFSWPT6': ParsedDataItem(IDX__TXHDRFSWPT6, raw=0, derived=0, unit=None), 'IDX__TXHDRFSWPT7': ParsedDataItem(IDX__TXHDRFSWPT7, raw=0, derived=0, unit=None), 'IDX__TXHDRFSWPT8': ParsedDataItem(IDX__TXHDRFSWPT8, raw=0, derived=0, unit=None), 'IDX__TXHDRFSWPT9': ParsedDataItem(IDX__TXHDRFSWPT9, raw=0, derived=0, unit=None), 'IDX__TXHDRFPGAVER': ParsedDataItem(IDX__TXHDRFPGAVER, raw=539165480, derived=539165480, unit=None), 'IDX__SYNCSCI0PKT': ParsedDataItem(IDX__SYNCSCI0PKT, raw=13107, derived=13107, unit=None), 'IDX__CRCSCI0PKT': ParsedDataItem(IDX__CRCSCI0PKT, raw=19536, derived=19536, unit=None)}
SHCOARSE = 439590418
SHFINE = 10851
IDX__SCI0AID = 2415277394
IDX__SCI0TYPE = 1
IDX__SCI0CONT = 127
IDX__SCI0SPARE1 = 0
IDX__SCI0PACK = EN
IDX__SCI0FRAG = DS
IDX__SCI0COMP = DS
IDX__SCI0EVTNUM = 21
IDX__SCI0CAT = 32
IDX__SCI0QUAL = 5
IDX__SCI0FRAGOFF = 0
IDX__SCI0VER = 9
IDX__SCI0TIME32 = 439589826
IDX__SCI0SPARE2 = 0
IDX__SCI0SPARE3 = 0
IDX__SCI0SPARE4 = 0
IDX__TXHDRSCIEVTLEN = 8320
IDX__TXHDRSP00 = 0
IDX__TXHDRTIMESEC1 = 6707
IDX__TXHDRTIMESEC2 = 39874
IDX__TXHDRTIMESUBS = 37264
IDX__TXHDRSP01 = 0
IDX__TXHDRTRIGOFFSET = 3
IDX__TXHDRSP02 = 0
IDX__TXHDRTRIGID = 1
IDX__TXHDREVTNUM = 21
IDX__TXHDRBLOCKS = 243679
IDX__TXHDRHGTRIGCTRL1 = 2222981120
IDX__TXHDRHGTRIGCTRL2 = 0
IDX__TXHDRLGTRIGCTRL1 = 4294965248
IDX__TXHDRLGTRIGCTRL2 = 4278255360
IDX__TXHDRMGTRIGCTRL1 = 4294965248
IDX__TXHDRMGTRIGCTRL2 = 4278255360
IDX__TXHDRSP03 = 0
IDX__TXHDRLSADC = 555521
IDX__TXHDRPOLSTAT = NEG
IDX__TXHDRSP04 = 0
IDX__TXHDRPOLCTRL = POS
IDX__TXHDRCOINENA = DIS
IDX__TXHDRLSTRIGMODE = DIS
IDX__TXHDRMGTRIGMODE = 0
IDX__TXHDRLGTRIGMODE = 0
IDX__TXHDRHGTRIGMODE = 1
IDX__TXHDRSP05 = 0
IDX__TXHDRSP06 = 0
IDX__TXHDRSP07 = 2022
IDX__TXHDRSP08 = 0
IDX__TXHDRTOFMAX = 541596180
IDX__TXHDRTOFMIN = 535295476
IDX__TXHDRLS0MAXMIN = 8464396
IDX__TXHDRLS1MAXMIN = 8472547
IDX__TXHDRLS2MAXMIN = 8304613
IDX__TXHDRFIFODELAY = 15
IDX__TXHDRSAMPDELAY = 24140852
IDX__TXHDRTRANSCNT = 2
IDX__TXHDRPROCHKCH01 = 81527417
IDX__TXHDRPROCHKCH23 = 240258366
IDX__TXHDRPROCHKCH45 = 199034078
IDX__TXHDRPROCHKCH67 = 134088995
IDX__TXHDRHVPSHKCH01 = 131663463
IDX__TXHDRHVPSHKCH23 = 8849067
IDX__TXHDRHVPSHKCH45 = 152897500
IDX__TXHDRHVPSHKCH67 = 20056717
IDX__TXHDRLVHK0CH01 = 134219776
IDX__TXHDRLVHK0CH23 = 173018038
IDX__TXHDRLVHK0CH45 = 134941794
IDX__TXHDRLVHK0CH67 = 207096915
IDX__TXHDRLVHK1CH01 = 32114209
IDX__TXHDRLVHK1CH23 = 63571204
IDX__TXHDRLVHK1CH45 = 183502389
IDX__TXHDRLVHK1CH67 = 189202913
IDX__TXHDRLVHK2CH01 = 42730130
IDX__TXHDRLVHK2CH23 = 260047824
IDX__TXHDRLVHK2CH45 = 101257134
IDX__TXHDRLVHK2CH67 = 69022
IDX__TXHDRSP09 = 0
IDX__TXHDRSP10 = 0
IDX__TXHDRFSWAIDCOPY = 2415277394
IDX__TXHDRFSWBINCOPY = 0
IDX__TXHDRFSWMAJOR = 2
IDX__TXHDRFSWMINOR = 0
IDX__TXHDRFSWPATCH = 0
IDX__TXHDRFSWHVSTAT = 3
IDX__TXHDRFSWMEM0 = 0
IDX__TXHDRFSWMEM1 = 0
IDX__TXHDRFSWPT0 = 0
IDX__TXHDRFSWPT1 = 0
IDX__TXHDRFSWPT2 = 0
IDX__TXHDRFSWPT3 = 0
IDX__TXHDRFSWPT4 = 0
IDX__TXHDRFSWPT5 = 0
IDX__TXHDRFSWPT6 = 0
IDX__TXHDRFSWPT7 = 0
IDX__TXHDRFSWPT8 = 0
IDX__TXHDRFSWPT9 = 0
IDX__TXHDRFPGAVER = 539165480
IDX__SYNCSCI0PKT = 13107
IDX__CRCSCI0PKT = 19536
^*****Event header 20******^
HS pre trig sampling blocks:  31
LS pre trig sampling blocks:  3
HS post trig sampling blocks:  31
LS post trig sampling blocks:  11
IDX__TXHDRHVPSHKCH01 = 131663463
Detector voltage =  1639
Sensor voltage =  2009
Target voltage =  1707
Reflectron voltage =  135
Rejection voltage =  2012
Current for HVPS sensor =  2333
Positive current for HVPS sensor =  2701
Negative current for HVPS sensor =  306
Voltage +3.3V reference =  2048
Voltage +3.3V operational reference =  2048
Voltage -6V bus =  2998
Voltage +6V bus =  2640
Voltage +16V bus =  3170
Voltage +3.3V bus =  2059
Voltage -5V bus =  3155
Voltage +5V bus =  3160
Current +3.3V bus =  1569
Current +16V bus =  970
Current +6V bus =  1284
Current -6V bus =  970
Current +5V bus =  1589
Current -5V bus =  2800
Current +2.5V bus =  481
Current -2.5V bus =  2887
Current on the 1V POL =  633
Current on the 1.9V POL =  1244
ProcBd Temperature 1 =  3390
ProcBd Temperature 2 =  3666
Voltage on 1V bus =  1246
FPGA Temperature =  3037
Voltage on 1.9V bus =  2339
Voltage on 3.3V bus =  2046
var_to_row = {'Last measurement in raw DN for Processor Board signal “1V POL Current”': 0, 'Last measurement in raw DN for Processor Board signal “1.9V POL Current”': 1, 'Last measurement in raw DN for Processor Board signal “ProcBd Temp1”': 2, nan: 48, 'Last measurement in raw DN for Processor Board signal “ProcBd Temp2”': 6, 'Last measurement in raw DN for Processor Board signal “1V Voltage”': 10, 'Last measurement in raw DN for Processor Board signal “FPGA Temp”': 11, 'Last measurement in raw DN for Processor Board signal “1.9V Voltage”': 12, 'Last measurement in raw DN for Processor Board signal “3.3V Voltage”': 13, 'Last measurement in raw DN for HVPS Board signal “Detector Voltage”': 14, 'Last measurement in raw DN for HVPS Board signal “Sensor Voltage"': 15, 'Last measurement in raw DN for HVPS Board signal “Target Voltage”': 16, 'Last measurement in raw DN for HVPS Board signal “Reflectron Voltage”': 17, 'Last measurement in raw DN for HVPS Board signal “Rejection Voltage”': 18, 'Last measurement in raw DN for HVPS Board signal “Detector Current”': 19, 'Last measurement in raw DN for HVPS Board signal “Sensor IP”': 20, 'Last measurement in raw DN for HVPS Board signal “Sensor IN”': 21, 'Last measurement in raw DN for LVPS Board signal “P3.3VREF_HK”': 22, 'Last measurement in raw DN for LVPS Board signal “P3.3VREF_OP”': 23, 'Last measurement in raw DN for LVPS Board signal “N6V”': 24, 'Last measurement in raw DN for LVPS Board signal “P6V”': 25, 'Last measurement in raw DN for LVPS Board signal “P16V”': 26, 'Last measurement in raw DN for LVPS Board signal “P3.3V”': 27, 'Last measurement in raw DN for LVPS Board signal “N5V”': 28, 'Last measurement in raw DN for LVPS Board signal “P5V”': 29, 'Last measurement in raw DN for LVPS Board signal “P3.3_IMON”': 30, 'Last measurement in raw DN for LVPS Board signal “P16V_IMON”': 31, 'Last measurement in raw DN for LVPS Board signal “P6V_IMON”': 32, 'Last measurement in raw DN for LVPS Board signal “N6V_IMON”': 33, 'Last measurement in raw DN for LVPS Board signal “P5V_IMON”': 34, 'Last measurement in raw DN for LVPS Board signal “N5V_IMON”': 35, 'Last measurement in raw DN for LVPS Board signal “P2.5V_IMON”': 36, 'Last measurement in raw DN for LVPS Board signal “N2.5V_IMON”': 37, 'Last measurement in raw DN for LVPS Board signal “THERM_DECON0”': 38, 'Last measurement in raw DN for LVPS Board signal “THERM_DECON1”': 39, 'Last measurement in raw DN for LVPS Board signal “THERM_DAB”': 40, 'Last measurement in raw DN for LVPS Board signal “THERM_LVPS”': 41, 'Last measurement in raw DN for LVPS Board signal “THERM_HVPS”': 45, 'Last measurement in raw DN for LVPS Board signal “P2.5V”': 49, 'Last measurement in raw DN for LVPS Board signal “N2.5V”': 50, 'Last measurement in raw DN for LVPS Board signal “Spare”': 51}

 
 ***** var_name being converted for each instrument setting ***** 
 

Matching row  18
coeffs for Last measurement in raw DN for Processor Board signal “1V POL Current”= [0.0 0.9029253 0.0 0.0 0.0 0.0 0.0 0.0]
var_name = Last measurement in raw DN for Processor Board signal “1V POL Current”
var_name = current_1V_pol
Header info = 633
Transformed value for current_1V_pol = 571.5517149
Matching row  18
coeffs for Last measurement in raw DN for Processor Board signal “1.9V POL Current”= [0.0 0.9029253 0.0 0.0 0.0 0.0 0.0 0.0]
var_name = Last measurement in raw DN for Processor Board signal “1.9V POL Current”
var_name = current_1.9V_pol
Header info = 1244
Transformed value for current_1.9V_pol = 1123.2390732000001
Matching row  18
coeffs for Last measurement in raw DN for Processor Board signal “ProcBd Temp1”= [162.8276 -0.2668687 0.0003323794 -2.43153e-07 9.034532e-11 -1.327735e-14
 0.0 0.0]
var_name = Last measurement in raw DN for Processor Board signal “ProcBd Temp1”
var_name = temperature_1
Header info = 3390
Transformed value for temperature_1 = -407.5949358341395
Matching row  18
coeffs for nan= [-104713.9 52.02446 -0.006463374 0.0 0.0 0.0 0.0 0.0]
var_name = nan
var_name = None
KeyError: (20, None) - Could not find entry for None, 48. Please check the Var_notes or variable mapping.
Matching row  18
coeffs for Last measurement in raw DN for Processor Board signal “ProcBd Temp2”= [162.8276 -0.2668687 0.0003323794 -2.43153e-07 9.034532e-11 -1.327735e-14
 0.0 0.0]
var_name = Last measurement in raw DN for Processor Board signal “ProcBd Temp2”
var_name = temperature_2
Header info = 3666
Transformed value for temperature_2 = -801.8818752684547
Matching row  18
coeffs for Last measurement in raw DN for Processor Board signal “1V Voltage”= [0.0 0.000805861 0.0 0.0 0.0 0.0 0.0 0.0]
var_name = Last measurement in raw DN for Processor Board signal “1V Voltage”
var_name = voltage_1V_bus
Header info = 1246
Transformed value for voltage_1V_bus = 1.004102806
Matching row  18
coeffs for Last measurement in raw DN for Processor Board signal “FPGA Temp”= [358.31 -0.1187104 0.0 0.0 0.0 0.0 0.0 0.0]
var_name = Last measurement in raw DN for Processor Board signal “FPGA Temp”
var_name = fpga_temperature
Header info = 3037
Transformed value for fpga_temperature = -2.2134848000000034
Matching row  18
coeffs for Last measurement in raw DN for Processor Board signal “1.9V Voltage”= [0.0 0.000805861 0.0 0.0 0.0 0.0 0.0 0.0]
var_name = Last measurement in raw DN for Processor Board signal “1.9V Voltage”
var_name = voltage_1.9V_bus
Header info = 2339
Transformed value for voltage_1.9V_bus = 1.884908879
Matching row  18
coeffs for Last measurement in raw DN for Processor Board signal “3.3V Voltage”= [0.0 0.001611722 0.0 0.0 0.0 0.0 0.0 0.0]
var_name = Last measurement in raw DN for Processor Board signal “3.3V Voltage”
var_name = voltage_3.3V_bus
Header info = 2046
Transformed value for voltage_3.3V_bus = 3.2975832119999997
Matching row  18
coeffs for Last measurement in raw DN for HVPS Board signal “Detector Voltage”= [0.0 1.4652 0.0 0.0 0.0 0.0 0.0 0.0]
var_name = Last measurement in raw DN for HVPS Board signal “Detector Voltage”
var_name = detector_voltage
Header info = 1639
Transformed value for detector_voltage = 2401.4628000000002
Matching row  18
coeffs for Last measurement in raw DN for HVPS Board signal “Sensor Voltage"= [0.0 1.4652 0.0 0.0 0.0 0.0 0.0 0.0]
var_name = Last measurement in raw DN for HVPS Board signal “Sensor Voltage"
var_name = sensor_voltage
Header info = 2009
Transformed value for sensor_voltage = 2943.5868
Matching row  18
coeffs for Last measurement in raw DN for HVPS Board signal “Target Voltage”= [0.0 1.4652 0.0 0.0 0.0 0.0 0.0 0.0]
var_name = Last measurement in raw DN for HVPS Board signal “Target Voltage”
var_name = target_voltage
Header info = 1707
Transformed value for target_voltage = 2501.0964
Matching row  18
coeffs for Last measurement in raw DN for HVPS Board signal “Reflectron Voltage”= [0.0 1.4652 0.0 0.0 0.0 0.0 0.0 0.0]
var_name = Last measurement in raw DN for HVPS Board signal “Reflectron Voltage”
var_name = reflectron_voltage
Header info = 135
Transformed value for reflectron_voltage = 197.80200000000002
Matching row  18
coeffs for Last measurement in raw DN for HVPS Board signal “Rejection Voltage”= [0.0 1.4652 0.0 0.0 0.0 0.0 0.0 0.0]
var_name = Last measurement in raw DN for HVPS Board signal “Rejection Voltage”
var_name = rejection_voltage
Header info = 2012
Transformed value for rejection_voltage = 2947.9824000000003
Matching row  18
coeffs for Last measurement in raw DN for HVPS Board signal “Detector Current”= [0.0 7.326e-06 0.0 0.0 0.0 0.0 0.0 0.0]
var_name = Last measurement in raw DN for HVPS Board signal “Detector Current”
var_name = current_hvps_sensor
Header info = 2333
Transformed value for current_hvps_sensor = 0.017091558
Matching row  18
coeffs for Last measurement in raw DN for HVPS Board signal “Sensor IP”= [0.0 2.4339e-05 0.0 0.0 0.0 0.0 0.0 0.0]
var_name = Last measurement in raw DN for HVPS Board signal “Sensor IP”
var_name = positive_current_hvps
Header info = 2701
Transformed value for positive_current_hvps = 0.065739639
Matching row  18
coeffs for Last measurement in raw DN for HVPS Board signal “Sensor IN”= [0.0 2.4339e-05 0.0 0.0 0.0 0.0 0.0 0.0]
var_name = Last measurement in raw DN for HVPS Board signal “Sensor IN”
var_name = negative_current_hvps
Header info = 306
Transformed value for negative_current_hvps = 0.007447733999999999
Matching row  18
coeffs for Last measurement in raw DN for LVPS Board signal “P3.3VREF_HK”= [0.0 0.00161172 0.0 0.0 0.0 0.0 0.0 0.0]
var_name = Last measurement in raw DN for LVPS Board signal “P3.3VREF_HK”
var_name = voltage_3V3_ref
Header info = 2048
Transformed value for voltage_3V3_ref = 3.30080256
Matching row  18
coeffs for Last measurement in raw DN for LVPS Board signal “P3.3VREF_OP”= [0.0 0.00161172 0.0 0.0 0.0 0.0 0.0 0.0]
var_name = Last measurement in raw DN for LVPS Board signal “P3.3VREF_OP”
var_name = voltage_3V3_op_ref
Header info = 2048
Transformed value for voltage_3V3_op_ref = 3.30080256
Matching row  18
coeffs for Last measurement in raw DN for LVPS Board signal “N6V”= [-33.0 0.00886447 0.0 0.0 0.0 0.0 0.0 0.0]
var_name = Last measurement in raw DN for LVPS Board signal “N6V”
var_name = voltage_neg6V_bus
Header info = 2998
Transformed value for voltage_neg6V_bus = -6.424318940000003
Matching row  18
coeffs for Last measurement in raw DN for LVPS Board signal “P6V”= [0.0 0.00241758 0.0 0.0 0.0 0.0 0.0 0.0]
var_name = Last measurement in raw DN for LVPS Board signal “P6V”
var_name = voltage_pos6V_bus
Header info = 2640
Transformed value for voltage_pos6V_bus = 6.3824112
Matching row  18
coeffs for Last measurement in raw DN for LVPS Board signal “P16V”= [0.0 0.00482711 0.0 0.0 0.0 0.0 0.0 0.0]
var_name = Last measurement in raw DN for LVPS Board signal “P16V”
var_name = voltage_pos16V_bus
Header info = 3170
Transformed value for voltage_pos16V_bus = 15.3019387
Matching row  18
coeffs for Last measurement in raw DN for LVPS Board signal “P3.3V”= [0.0 0.00161172 0.0 0.0 0.0 0.0 0.0 0.0]
var_name = Last measurement in raw DN for LVPS Board signal “P3.3V”
var_name = voltage_pos3V3_bus
Header info = 2059
Transformed value for voltage_pos3V3_bus = 3.3185314800000003
Matching row  18
coeffs for Last measurement in raw DN for LVPS Board signal “N5V”= [-33.0 0.00886447 0.0 0.0 0.0 0.0 0.0 0.0]
var_name = Last measurement in raw DN for LVPS Board signal “N5V”
var_name = voltage_neg5V_bus
Header info = 3155
Transformed value for voltage_neg5V_bus = -5.032597150000001
Matching row  18
coeffs for Last measurement in raw DN for LVPS Board signal “P5V”= [0.0 0.00161172 0.0 0.0 0.0 0.0 0.0 0.0]
var_name = Last measurement in raw DN for LVPS Board signal “P5V”
var_name = voltage_pos5V_bus
Header info = 3160
Transformed value for voltage_pos5V_bus = 5.0930352
Matching row  18
coeffs for Last measurement in raw DN for LVPS Board signal “P3.3_IMON”= [0.0 0.00161172 0.0 0.0 0.0 0.0 0.0 0.0]
var_name = Last measurement in raw DN for LVPS Board signal “P3.3_IMON”
var_name = current_3V3_bus
Header info = 1569
Transformed value for current_3V3_bus = 2.5287886800000003
Matching row  18
coeffs for Last measurement in raw DN for LVPS Board signal “P16V_IMON”= [0.0 0.000161172 0.0 0.0 0.0 0.0 0.0 0.0]
var_name = Last measurement in raw DN for LVPS Board signal “P16V_IMON”
var_name = current_16V_bus
Header info = 970
Transformed value for current_16V_bus = 0.15633684
Matching row  18
coeffs for Last measurement in raw DN for LVPS Board signal “P6V_IMON”= [0.0 8.05861e-05 0.0 0.0 0.0 0.0 0.0 0.0]
var_name = Last measurement in raw DN for LVPS Board signal “P6V_IMON”
var_name = current_6V_bus
Header info = 1284
Transformed value for current_6V_bus = 0.1034725524
Matching row  18
coeffs for Last measurement in raw DN for LVPS Board signal “N6V_IMON”= [0.0 -8.05861e-05 0.0 0.0 0.0 0.0 0.0 0.0]
var_name = Last measurement in raw DN for LVPS Board signal “N6V_IMON”
var_name = current_neg6V_bus
Header info = 970
Transformed value for current_neg6V_bus = -0.07816851699999999
Matching row  18
coeffs for Last measurement in raw DN for LVPS Board signal “P5V_IMON”= [0.0 4.029304e-05 0.0 0.0 0.0 0.0 0.0 0.0]
var_name = Last measurement in raw DN for LVPS Board signal “P5V_IMON”
var_name = current_5V_bus
Header info = 1589
Transformed value for current_5V_bus = 0.06402564056
Matching row  18
coeffs for Last measurement in raw DN for LVPS Board signal “N5V_IMON”= [0.0 -2.01465e-05 0.0 0.0 0.0 0.0 0.0 0.0]
var_name = Last measurement in raw DN for LVPS Board signal “N5V_IMON”
var_name = current_neg5V_bus
Header info = 2800
Transformed value for current_neg5V_bus = -0.0564102
Matching row  18
coeffs for Last measurement in raw DN for LVPS Board signal “P2.5V_IMON”= [0.0 0.00161172 0.0 0.0 0.0 0.0 0.0 0.0]
var_name = Last measurement in raw DN for LVPS Board signal “P2.5V_IMON”
var_name = current_2V5_bus
Header info = 481
Transformed value for current_2V5_bus = 0.77523732
Matching row  18
coeffs for Last measurement in raw DN for LVPS Board signal “N2.5V_IMON”= [0.0 -4.0293e-05 0.0 0.0 0.0 0.0 0.0 0.0]
var_name = Last measurement in raw DN for LVPS Board signal “N2.5V_IMON”
var_name = current_neg2V5_bus
Header info = 2887
Transformed value for current_neg2V5_bus = -0.116325891
Matching row  18
coeffs for Last measurement in raw DN for LVPS Board signal “THERM_DECON0”= [-110.293 0.0665351 0.000305738 -6.32048e-07 5.9934e-10 -2.98784e-13
 7.61361e-17 -7.76467e-21]
var_name = Last measurement in raw DN for LVPS Board signal “THERM_DECON0”
var_name = None
KeyError: (20, None) - Could not find entry for None, 38. Please check the Var_notes or variable mapping.
Matching row  18
coeffs for Last measurement in raw DN for LVPS Board signal “THERM_DECON1”= [-150.478 0.376986 -0.00062072 7.73853e-07 -5.81588e-10 2.56368e-13
 -6.05698e-17 5.96635e-21]
var_name = Last measurement in raw DN for LVPS Board signal “THERM_DECON1”
var_name = None
KeyError: (20, None) - Could not find entry for None, 39. Please check the Var_notes or variable mapping.
Matching row  18
coeffs for Last measurement in raw DN for LVPS Board signal “THERM_DAB”= [-443.248 1.31224 -0.00180422 1.40016e-06 -6.43766e-10 1.7448e-13
 -2.57695e-17 1.60239e-21]
var_name = Last measurement in raw DN for LVPS Board signal “THERM_DAB”
var_name = None
KeyError: (20, None) - Could not find entry for None, 40. Please check the Var_notes or variable mapping.
Matching row  18
coeffs for Last measurement in raw DN for LVPS Board signal “THERM_LVPS”= [200.4137 -0.2020699 0.000175403 -9.739547e-08 2.888932e-11 -3.545603e-15
 0.0 0.0]
var_name = Last measurement in raw DN for LVPS Board signal “THERM_LVPS”
var_name = None
KeyError: (20, None) - Could not find entry for None, 41. Please check the Var_notes or variable mapping.
Matching row  18
coeffs for Last measurement in raw DN for LVPS Board signal “THERM_HVPS”= [200.4137 -0.2020699 0.000175403 -9.739547e-08 2.888932e-11 -3.545603e-15
 0.0 0.0]
var_name = Last measurement in raw DN for LVPS Board signal “THERM_HVPS”
var_name = None
KeyError: (20, None) - Could not find entry for None, 45. Please check the Var_notes or variable mapping.
Matching row  18
coeffs for Last measurement in raw DN for LVPS Board signal “P2.5V”= [0.0 0.00161172 0.0 0.0 0.0 0.0 0.0 0.0]
var_name = Last measurement in raw DN for LVPS Board signal “P2.5V”
var_name = None
KeyError: (20, None) - Could not find entry for None, 49. Please check the Var_notes or variable mapping.
Matching row  18
coeffs for Last measurement in raw DN for LVPS Board signal “N2.5V”= [-33.0 0.00886447 0.0 0.0 0.0 0.0 0.0 0.0]
var_name = Last measurement in raw DN for LVPS Board signal “N2.5V”
var_name = None
KeyError: (20, None) - Could not find entry for None, 50. Please check the Var_notes or variable mapping.
Matching row  18
coeffs for Last measurement in raw DN for LVPS Board signal “Spare”= [0.0 0.00161172 0.0 0.0 0.0 0.0 0.0 0.0]
var_name = Last measurement in raw DN for LVPS Board signal “Spare”
var_name = spare_signal
KeyError: (20, 'spare_signal') - Could not find entry for spare_signal, 51. Please check the Var_notes or variable mapping.
High gain delay = 23 samples.
Mid gain delay = 23 samples.
Low gain delay = 52 samples.
High sampling trigger mode =  0 0 1
High gain trigger mode enabled.
For 2222981120, HG Trigger level = 0.15317, sample settings = 0, 0
Threshold trigger mode enabled for high gain channel.
AID = 2415277394
Event number = 21
Rice compression enabled = False
Timestamp = 439569022.20856 seconds since epoch (Midnight January 1st, 2010)
Trigger time = 2023-12-06 14:30:22.208560+00:00
20
20
20
20
20
20
20
20
20
20
20
20
20
{'SHCOARSE': ParsedDataItem(SHCOARSE, raw=439590432, derived=439590432, unit=dn), 'SHFINE': ParsedDataItem(SHFINE, raw=10838, derived=10838, unit=dn), 'IDX__SCI0AID': ParsedDataItem(IDX__SCI0AID, raw=2415277394, derived=2415277394, unit=None), 'IDX__SCI0TYPE': ParsedDataItem(IDX__SCI0TYPE, raw=1, derived=1, unit=None), 'IDX__SCI0CONT': ParsedDataItem(IDX__SCI0CONT, raw=127, derived=127, unit=None), 'IDX__SCI0SPARE1': ParsedDataItem(IDX__SCI0SPARE1, raw=0, derived=0, unit=None), 'IDX__SCI0PACK': ParsedDataItem(IDX__SCI0PACK, raw=1, derived=EN, unit=None), 'IDX__SCI0FRAG': ParsedDataItem(IDX__SCI0FRAG, raw=0, derived=DS, unit=None), 'IDX__SCI0COMP': ParsedDataItem(IDX__SCI0COMP, raw=0, derived=DS, unit=None), 'IDX__SCI0EVTNUM': ParsedDataItem(IDX__SCI0EVTNUM, raw=22, derived=22, unit=None), 'IDX__SCI0CAT': ParsedDataItem(IDX__SCI0CAT, raw=32, derived=32, unit=None), 'IDX__SCI0QUAL': ParsedDataItem(IDX__SCI0QUAL, raw=5, derived=5, unit=None), 'IDX__SCI0FRAGOFF': ParsedDataItem(IDX__SCI0FRAGOFF, raw=0, derived=0, unit=None), 'IDX__SCI0VER': ParsedDataItem(IDX__SCI0VER, raw=9, derived=9, unit=None), 'IDX__SCI0TIME32': ParsedDataItem(IDX__SCI0TIME32, raw=439589830, derived=439589830, unit=None), 'IDX__SCI0SPARE2': ParsedDataItem(IDX__SCI0SPARE2, raw=0, derived=0, unit=None), 'IDX__SCI0SPARE3': ParsedDataItem(IDX__SCI0SPARE3, raw=0, derived=0, unit=None), 'IDX__SCI0SPARE4': ParsedDataItem(IDX__SCI0SPARE4, raw=0, derived=0, unit=None), 'IDX__TXHDRSCIEVTLEN': ParsedDataItem(IDX__TXHDRSCIEVTLEN, raw=8320, derived=8320, unit=None), 'IDX__TXHDRSP00': ParsedDataItem(IDX__TXHDRSP00, raw=0, derived=0, unit=None), 'IDX__TXHDRTIMESEC1': ParsedDataItem(IDX__TXHDRTIMESEC1, raw=6707, derived=6707, unit=None), 'IDX__TXHDRTIMESEC2': ParsedDataItem(IDX__TXHDRTIMESEC2, raw=39878, derived=39878, unit=None), 'IDX__TXHDRTIMESUBS': ParsedDataItem(IDX__TXHDRTIMESUBS, raw=37251, derived=37251, unit=None), 'IDX__TXHDRSP01': ParsedDataItem(IDX__TXHDRSP01, raw=0, derived=0, unit=None), 'IDX__TXHDRTRIGOFFSET': ParsedDataItem(IDX__TXHDRTRIGOFFSET, raw=2, derived=2, unit=None), 'IDX__TXHDRSP02': ParsedDataItem(IDX__TXHDRSP02, raw=0, derived=0, unit=None), 'IDX__TXHDRTRIGID': ParsedDataItem(IDX__TXHDRTRIGID, raw=1, derived=1, unit=None), 'IDX__TXHDREVTNUM': ParsedDataItem(IDX__TXHDREVTNUM, raw=22, derived=22, unit=None), 'IDX__TXHDRBLOCKS': ParsedDataItem(IDX__TXHDRBLOCKS, raw=243679, derived=243679, unit=None), 'IDX__TXHDRHGTRIGCTRL1': ParsedDataItem(IDX__TXHDRHGTRIGCTRL1, raw=2222981120, derived=2222981120, unit=None), 'IDX__TXHDRHGTRIGCTRL2': ParsedDataItem(IDX__TXHDRHGTRIGCTRL2, raw=0, derived=0, unit=None), 'IDX__TXHDRLGTRIGCTRL1': ParsedDataItem(IDX__TXHDRLGTRIGCTRL1, raw=4294965248, derived=4294965248, unit=None), 'IDX__TXHDRLGTRIGCTRL2': ParsedDataItem(IDX__TXHDRLGTRIGCTRL2, raw=4278255360, derived=4278255360, unit=None), 'IDX__TXHDRMGTRIGCTRL1': ParsedDataItem(IDX__TXHDRMGTRIGCTRL1, raw=4294965248, derived=4294965248, unit=None), 'IDX__TXHDRMGTRIGCTRL2': ParsedDataItem(IDX__TXHDRMGTRIGCTRL2, raw=4278255360, derived=4278255360, unit=None), 'IDX__TXHDRSP03': ParsedDataItem(IDX__TXHDRSP03, raw=0, derived=0, unit=None), 'IDX__TXHDRLSADC': ParsedDataItem(IDX__TXHDRLSADC, raw=555521, derived=555521, unit=None), 'IDX__TXHDRPOLSTAT': ParsedDataItem(IDX__TXHDRPOLSTAT, raw=1, derived=NEG, unit=None), 'IDX__TXHDRSP04': ParsedDataItem(IDX__TXHDRSP04, raw=0, derived=0, unit=None), 'IDX__TXHDRPOLCTRL': ParsedDataItem(IDX__TXHDRPOLCTRL, raw=0, derived=POS, unit=None), 'IDX__TXHDRCOINENA': ParsedDataItem(IDX__TXHDRCOINENA, raw=0, derived=DIS, unit=None), 'IDX__TXHDRLSTRIGMODE': ParsedDataItem(IDX__TXHDRLSTRIGMODE, raw=0, derived=DIS, unit=None), 'IDX__TXHDRMGTRIGMODE': ParsedDataItem(IDX__TXHDRMGTRIGMODE, raw=0, derived=0, unit=None), 'IDX__TXHDRLGTRIGMODE': ParsedDataItem(IDX__TXHDRLGTRIGMODE, raw=0, derived=0, unit=None), 'IDX__TXHDRHGTRIGMODE': ParsedDataItem(IDX__TXHDRHGTRIGMODE, raw=1, derived=1, unit=None), 'IDX__TXHDRSP05': ParsedDataItem(IDX__TXHDRSP05, raw=0, derived=0, unit=None), 'IDX__TXHDRSP06': ParsedDataItem(IDX__TXHDRSP06, raw=0, derived=0, unit=None), 'IDX__TXHDRSP07': ParsedDataItem(IDX__TXHDRSP07, raw=2022, derived=2022, unit=None), 'IDX__TXHDRSP08': ParsedDataItem(IDX__TXHDRSP08, raw=0, derived=0, unit=None), 'IDX__TXHDRTOFMAX': ParsedDataItem(IDX__TXHDRTOFMAX, raw=541597206, derived=541597206, unit=None), 'IDX__TXHDRTOFMIN': ParsedDataItem(IDX__TXHDRTOFMIN, raw=535295476, derived=535295476, unit=None), 'IDX__TXHDRLS0MAXMIN': ParsedDataItem(IDX__TXHDRLS0MAXMIN, raw=8464397, derived=8464397, unit=None), 'IDX__TXHDRLS1MAXMIN': ParsedDataItem(IDX__TXHDRLS1MAXMIN, raw=8472547, derived=8472547, unit=None), 'IDX__TXHDRLS2MAXMIN': ParsedDataItem(IDX__TXHDRLS2MAXMIN, raw=8304613, derived=8304613, unit=None), 'IDX__TXHDRFIFODELAY': ParsedDataItem(IDX__TXHDRFIFODELAY, raw=18, derived=18, unit=None), 'IDX__TXHDRSAMPDELAY': ParsedDataItem(IDX__TXHDRSAMPDELAY, raw=15744051, derived=15744051, unit=None), 'IDX__TXHDRTRANSCNT': ParsedDataItem(IDX__TXHDRTRANSCNT, raw=2, derived=2, unit=None), 'IDX__TXHDRPROCHKCH01': ParsedDataItem(IDX__TXHDRPROCHKCH01, raw=81527416, derived=81527416, unit=None), 'IDX__TXHDRPROCHKCH23': ParsedDataItem(IDX__TXHDRPROCHKCH23, raw=240258366, derived=240258366, unit=None), 'IDX__TXHDRPROCHKCH45': ParsedDataItem(IDX__TXHDRPROCHKCH45, raw=199034078, derived=199034078, unit=None), 'IDX__TXHDRPROCHKCH67': ParsedDataItem(IDX__TXHDRPROCHKCH67, raw=134088995, derived=134088995, unit=None), 'IDX__TXHDRHVPSHKCH01': ParsedDataItem(IDX__TXHDRHVPSHKCH01, raw=131663462, derived=131663462, unit=None), 'IDX__TXHDRHVPSHKCH23': ParsedDataItem(IDX__TXHDRHVPSHKCH23, raw=8849067, derived=8849067, unit=None), 'IDX__TXHDRHVPSHKCH45': ParsedDataItem(IDX__TXHDRHVPSHKCH45, raw=152897500, derived=152897500, unit=None), 'IDX__TXHDRHVPSHKCH67': ParsedDataItem(IDX__TXHDRHVPSHKCH67, raw=20056716, derived=20056716, unit=None), 'IDX__TXHDRLVHK0CH01': ParsedDataItem(IDX__TXHDRLVHK0CH01, raw=134219776, derived=134219776, unit=None), 'IDX__TXHDRLVHK0CH23': ParsedDataItem(IDX__TXHDRLVHK0CH23, raw=173018038, derived=173018038, unit=None), 'IDX__TXHDRLVHK0CH45': ParsedDataItem(IDX__TXHDRLVHK0CH45, raw=134941794, derived=134941794, unit=None), 'IDX__TXHDRLVHK0CH67': ParsedDataItem(IDX__TXHDRLVHK0CH67, raw=207096915, derived=207096915, unit=None), 'IDX__TXHDRLVHK1CH01': ParsedDataItem(IDX__TXHDRLVHK1CH01, raw=32114208, derived=32114208, unit=None), 'IDX__TXHDRLVHK1CH23': ParsedDataItem(IDX__TXHDRLVHK1CH23, raw=63571204, derived=63571204, unit=None), 'IDX__TXHDRLVHK1CH45': ParsedDataItem(IDX__TXHDRLVHK1CH45, raw=183502389, derived=183502389, unit=None), 'IDX__TXHDRLVHK1CH67': ParsedDataItem(IDX__TXHDRLVHK1CH67, raw=189202913, derived=189202913, unit=None), 'IDX__TXHDRLVHK2CH01': ParsedDataItem(IDX__TXHDRLVHK2CH01, raw=42730130, derived=42730130, unit=None), 'IDX__TXHDRLVHK2CH23': ParsedDataItem(IDX__TXHDRLVHK2CH23, raw=260047824, derived=260047824, unit=None), 'IDX__TXHDRLVHK2CH45': ParsedDataItem(IDX__TXHDRLVHK2CH45, raw=101257134, derived=101257134, unit=None), 'IDX__TXHDRLVHK2CH67': ParsedDataItem(IDX__TXHDRLVHK2CH67, raw=69022, derived=69022, unit=None), 'IDX__TXHDRSP09': ParsedDataItem(IDX__TXHDRSP09, raw=0, derived=0, unit=None), 'IDX__TXHDRSP10': ParsedDataItem(IDX__TXHDRSP10, raw=0, derived=0, unit=None), 'IDX__TXHDRFSWAIDCOPY': ParsedDataItem(IDX__TXHDRFSWAIDCOPY, raw=2415277394, derived=2415277394, unit=None), 'IDX__TXHDRFSWBINCOPY': ParsedDataItem(IDX__TXHDRFSWBINCOPY, raw=0, derived=0, unit=None), 'IDX__TXHDRFSWMAJOR': ParsedDataItem(IDX__TXHDRFSWMAJOR, raw=2, derived=2, unit=None), 'IDX__TXHDRFSWMINOR': ParsedDataItem(IDX__TXHDRFSWMINOR, raw=0, derived=0, unit=None), 'IDX__TXHDRFSWPATCH': ParsedDataItem(IDX__TXHDRFSWPATCH, raw=0, derived=0, unit=None), 'IDX__TXHDRFSWHVSTAT': ParsedDataItem(IDX__TXHDRFSWHVSTAT, raw=3, derived=3, unit=None), 'IDX__TXHDRFSWMEM0': ParsedDataItem(IDX__TXHDRFSWMEM0, raw=0, derived=0, unit=None), 'IDX__TXHDRFSWMEM1': ParsedDataItem(IDX__TXHDRFSWMEM1, raw=0, derived=0, unit=None), 'IDX__TXHDRFSWPT0': ParsedDataItem(IDX__TXHDRFSWPT0, raw=0, derived=0, unit=None), 'IDX__TXHDRFSWPT1': ParsedDataItem(IDX__TXHDRFSWPT1, raw=0, derived=0, unit=None), 'IDX__TXHDRFSWPT2': ParsedDataItem(IDX__TXHDRFSWPT2, raw=0, derived=0, unit=None), 'IDX__TXHDRFSWPT3': ParsedDataItem(IDX__TXHDRFSWPT3, raw=0, derived=0, unit=None), 'IDX__TXHDRFSWPT4': ParsedDataItem(IDX__TXHDRFSWPT4, raw=0, derived=0, unit=None), 'IDX__TXHDRFSWPT5': ParsedDataItem(IDX__TXHDRFSWPT5, raw=0, derived=0, unit=None), 'IDX__TXHDRFSWPT6': ParsedDataItem(IDX__TXHDRFSWPT6, raw=0, derived=0, unit=None), 'IDX__TXHDRFSWPT7': ParsedDataItem(IDX__TXHDRFSWPT7, raw=0, derived=0, unit=None), 'IDX__TXHDRFSWPT8': ParsedDataItem(IDX__TXHDRFSWPT8, raw=0, derived=0, unit=None), 'IDX__TXHDRFSWPT9': ParsedDataItem(IDX__TXHDRFSWPT9, raw=0, derived=0, unit=None), 'IDX__TXHDRFPGAVER': ParsedDataItem(IDX__TXHDRFPGAVER, raw=539165480, derived=539165480, unit=None), 'IDX__SYNCSCI0PKT': ParsedDataItem(IDX__SYNCSCI0PKT, raw=13107, derived=13107, unit=None), 'IDX__CRCSCI0PKT': ParsedDataItem(IDX__CRCSCI0PKT, raw=46863, derived=46863, unit=None)}
SHCOARSE = 439590432
SHFINE = 10838
IDX__SCI0AID = 2415277394
IDX__SCI0TYPE = 1
IDX__SCI0CONT = 127
IDX__SCI0SPARE1 = 0
IDX__SCI0PACK = EN
IDX__SCI0FRAG = DS
IDX__SCI0COMP = DS
IDX__SCI0EVTNUM = 22
IDX__SCI0CAT = 32
IDX__SCI0QUAL = 5
IDX__SCI0FRAGOFF = 0
IDX__SCI0VER = 9
IDX__SCI0TIME32 = 439589830
IDX__SCI0SPARE2 = 0
IDX__SCI0SPARE3 = 0
IDX__SCI0SPARE4 = 0
IDX__TXHDRSCIEVTLEN = 8320
IDX__TXHDRSP00 = 0
IDX__TXHDRTIMESEC1 = 6707
IDX__TXHDRTIMESEC2 = 39878
IDX__TXHDRTIMESUBS = 37251
IDX__TXHDRSP01 = 0
IDX__TXHDRTRIGOFFSET = 2
IDX__TXHDRSP02 = 0
IDX__TXHDRTRIGID = 1
IDX__TXHDREVTNUM = 22
IDX__TXHDRBLOCKS = 243679
IDX__TXHDRHGTRIGCTRL1 = 2222981120
IDX__TXHDRHGTRIGCTRL2 = 0
IDX__TXHDRLGTRIGCTRL1 = 4294965248
IDX__TXHDRLGTRIGCTRL2 = 4278255360
IDX__TXHDRMGTRIGCTRL1 = 4294965248
IDX__TXHDRMGTRIGCTRL2 = 4278255360
IDX__TXHDRSP03 = 0
IDX__TXHDRLSADC = 555521
IDX__TXHDRPOLSTAT = NEG
IDX__TXHDRSP04 = 0
IDX__TXHDRPOLCTRL = POS
IDX__TXHDRCOINENA = DIS
IDX__TXHDRLSTRIGMODE = DIS
IDX__TXHDRMGTRIGMODE = 0
IDX__TXHDRLGTRIGMODE = 0
IDX__TXHDRHGTRIGMODE = 1
IDX__TXHDRSP05 = 0
IDX__TXHDRSP06 = 0
IDX__TXHDRSP07 = 2022
IDX__TXHDRSP08 = 0
IDX__TXHDRTOFMAX = 541597206
IDX__TXHDRTOFMIN = 535295476
IDX__TXHDRLS0MAXMIN = 8464397
IDX__TXHDRLS1MAXMIN = 8472547
IDX__TXHDRLS2MAXMIN = 8304613
IDX__TXHDRFIFODELAY = 18
IDX__TXHDRSAMPDELAY = 15744051
IDX__TXHDRTRANSCNT = 2
IDX__TXHDRPROCHKCH01 = 81527416
IDX__TXHDRPROCHKCH23 = 240258366
IDX__TXHDRPROCHKCH45 = 199034078
IDX__TXHDRPROCHKCH67 = 134088995
IDX__TXHDRHVPSHKCH01 = 131663462
IDX__TXHDRHVPSHKCH23 = 8849067
IDX__TXHDRHVPSHKCH45 = 152897500
IDX__TXHDRHVPSHKCH67 = 20056716
IDX__TXHDRLVHK0CH01 = 134219776
IDX__TXHDRLVHK0CH23 = 173018038
IDX__TXHDRLVHK0CH45 = 134941794
IDX__TXHDRLVHK0CH67 = 207096915
IDX__TXHDRLVHK1CH01 = 32114208
IDX__TXHDRLVHK1CH23 = 63571204
IDX__TXHDRLVHK1CH45 = 183502389
IDX__TXHDRLVHK1CH67 = 189202913
IDX__TXHDRLVHK2CH01 = 42730130
IDX__TXHDRLVHK2CH23 = 260047824
IDX__TXHDRLVHK2CH45 = 101257134
IDX__TXHDRLVHK2CH67 = 69022
IDX__TXHDRSP09 = 0
IDX__TXHDRSP10 = 0
IDX__TXHDRFSWAIDCOPY = 2415277394
IDX__TXHDRFSWBINCOPY = 0
IDX__TXHDRFSWMAJOR = 2
IDX__TXHDRFSWMINOR = 0
IDX__TXHDRFSWPATCH = 0
IDX__TXHDRFSWHVSTAT = 3
IDX__TXHDRFSWMEM0 = 0
IDX__TXHDRFSWMEM1 = 0
IDX__TXHDRFSWPT0 = 0
IDX__TXHDRFSWPT1 = 0
IDX__TXHDRFSWPT2 = 0
IDX__TXHDRFSWPT3 = 0
IDX__TXHDRFSWPT4 = 0
IDX__TXHDRFSWPT5 = 0
IDX__TXHDRFSWPT6 = 0
IDX__TXHDRFSWPT7 = 0
IDX__TXHDRFSWPT8 = 0
IDX__TXHDRFSWPT9 = 0
IDX__TXHDRFPGAVER = 539165480
IDX__SYNCSCI0PKT = 13107
IDX__CRCSCI0PKT = 46863
^*****Event header 21******^
HS pre trig sampling blocks:  31
LS pre trig sampling blocks:  3
HS post trig sampling blocks:  31
LS post trig sampling blocks:  11
IDX__TXHDRHVPSHKCH01 = 131663462
Detector voltage =  1638
Sensor voltage =  2009
Target voltage =  1707
Reflectron voltage =  135
Rejection voltage =  2012
Current for HVPS sensor =  2333
Positive current for HVPS sensor =  2700
Negative current for HVPS sensor =  306
Voltage +3.3V reference =  2048
Voltage +3.3V operational reference =  2048
Voltage -6V bus =  2998
Voltage +6V bus =  2640
Voltage +16V bus =  3170
Voltage +3.3V bus =  2059
Voltage -5V bus =  3155
Voltage +5V bus =  3160
Current +3.3V bus =  1568
Current +16V bus =  970
Current +6V bus =  1284
Current -6V bus =  970
Current +5V bus =  1589
Current -5V bus =  2800
Current +2.5V bus =  481
Current -2.5V bus =  2887
Current on the 1V POL =  632
Current on the 1.9V POL =  1244
ProcBd Temperature 1 =  3390
ProcBd Temperature 2 =  3666
Voltage on 1V bus =  1246
FPGA Temperature =  3037
Voltage on 1.9V bus =  2339
Voltage on 3.3V bus =  2046
var_to_row = {'Last measurement in raw DN for Processor Board signal “1V POL Current”': 0, 'Last measurement in raw DN for Processor Board signal “1.9V POL Current”': 1, 'Last measurement in raw DN for Processor Board signal “ProcBd Temp1”': 2, nan: 48, 'Last measurement in raw DN for Processor Board signal “ProcBd Temp2”': 6, 'Last measurement in raw DN for Processor Board signal “1V Voltage”': 10, 'Last measurement in raw DN for Processor Board signal “FPGA Temp”': 11, 'Last measurement in raw DN for Processor Board signal “1.9V Voltage”': 12, 'Last measurement in raw DN for Processor Board signal “3.3V Voltage”': 13, 'Last measurement in raw DN for HVPS Board signal “Detector Voltage”': 14, 'Last measurement in raw DN for HVPS Board signal “Sensor Voltage"': 15, 'Last measurement in raw DN for HVPS Board signal “Target Voltage”': 16, 'Last measurement in raw DN for HVPS Board signal “Reflectron Voltage”': 17, 'Last measurement in raw DN for HVPS Board signal “Rejection Voltage”': 18, 'Last measurement in raw DN for HVPS Board signal “Detector Current”': 19, 'Last measurement in raw DN for HVPS Board signal “Sensor IP”': 20, 'Last measurement in raw DN for HVPS Board signal “Sensor IN”': 21, 'Last measurement in raw DN for LVPS Board signal “P3.3VREF_HK”': 22, 'Last measurement in raw DN for LVPS Board signal “P3.3VREF_OP”': 23, 'Last measurement in raw DN for LVPS Board signal “N6V”': 24, 'Last measurement in raw DN for LVPS Board signal “P6V”': 25, 'Last measurement in raw DN for LVPS Board signal “P16V”': 26, 'Last measurement in raw DN for LVPS Board signal “P3.3V”': 27, 'Last measurement in raw DN for LVPS Board signal “N5V”': 28, 'Last measurement in raw DN for LVPS Board signal “P5V”': 29, 'Last measurement in raw DN for LVPS Board signal “P3.3_IMON”': 30, 'Last measurement in raw DN for LVPS Board signal “P16V_IMON”': 31, 'Last measurement in raw DN for LVPS Board signal “P6V_IMON”': 32, 'Last measurement in raw DN for LVPS Board signal “N6V_IMON”': 33, 'Last measurement in raw DN for LVPS Board signal “P5V_IMON”': 34, 'Last measurement in raw DN for LVPS Board signal “N5V_IMON”': 35, 'Last measurement in raw DN for LVPS Board signal “P2.5V_IMON”': 36, 'Last measurement in raw DN for LVPS Board signal “N2.5V_IMON”': 37, 'Last measurement in raw DN for LVPS Board signal “THERM_DECON0”': 38, 'Last measurement in raw DN for LVPS Board signal “THERM_DECON1”': 39, 'Last measurement in raw DN for LVPS Board signal “THERM_DAB”': 40, 'Last measurement in raw DN for LVPS Board signal “THERM_LVPS”': 41, 'Last measurement in raw DN for LVPS Board signal “THERM_HVPS”': 45, 'Last measurement in raw DN for LVPS Board signal “P2.5V”': 49, 'Last measurement in raw DN for LVPS Board signal “N2.5V”': 50, 'Last measurement in raw DN for LVPS Board signal “Spare”': 51}

 
 ***** var_name being converted for each instrument setting ***** 
 

Matching row  18
coeffs for Last measurement in raw DN for Processor Board signal “1V POL Current”= [0.0 0.9029253 0.0 0.0 0.0 0.0 0.0 0.0]
var_name = Last measurement in raw DN for Processor Board signal “1V POL Current”
var_name = current_1V_pol
Header info = 632
Transformed value for current_1V_pol = 570.6487896
Matching row  18
coeffs for Last measurement in raw DN for Processor Board signal “1.9V POL Current”= [0.0 0.9029253 0.0 0.0 0.0 0.0 0.0 0.0]
var_name = Last measurement in raw DN for Processor Board signal “1.9V POL Current”
var_name = current_1.9V_pol
Header info = 1244
Transformed value for current_1.9V_pol = 1123.2390732000001
Matching row  18
coeffs for Last measurement in raw DN for Processor Board signal “ProcBd Temp1”= [162.8276 -0.2668687 0.0003323794 -2.43153e-07 9.034532e-11 -1.327735e-14
 0.0 0.0]
var_name = Last measurement in raw DN for Processor Board signal “ProcBd Temp1”
var_name = temperature_1
Header info = 3390
Transformed value for temperature_1 = -407.5949358341395
Matching row  18
coeffs for nan= [-104713.9 52.02446 -0.006463374 0.0 0.0 0.0 0.0 0.0]
var_name = nan
var_name = None
KeyError: (21, None) - Could not find entry for None, 48. Please check the Var_notes or variable mapping.
Matching row  18
coeffs for Last measurement in raw DN for Processor Board signal “ProcBd Temp2”= [162.8276 -0.2668687 0.0003323794 -2.43153e-07 9.034532e-11 -1.327735e-14
 0.0 0.0]
var_name = Last measurement in raw DN for Processor Board signal “ProcBd Temp2”
var_name = temperature_2
Header info = 3666
Transformed value for temperature_2 = -801.8818752684547
Matching row  18
coeffs for Last measurement in raw DN for Processor Board signal “1V Voltage”= [0.0 0.000805861 0.0 0.0 0.0 0.0 0.0 0.0]
var_name = Last measurement in raw DN for Processor Board signal “1V Voltage”
var_name = voltage_1V_bus
Header info = 1246
Transformed value for voltage_1V_bus = 1.004102806
Matching row  18
coeffs for Last measurement in raw DN for Processor Board signal “FPGA Temp”= [358.31 -0.1187104 0.0 0.0 0.0 0.0 0.0 0.0]
var_name = Last measurement in raw DN for Processor Board signal “FPGA Temp”
var_name = fpga_temperature
Header info = 3037
Transformed value for fpga_temperature = -2.2134848000000034
Matching row  18
coeffs for Last measurement in raw DN for Processor Board signal “1.9V Voltage”= [0.0 0.000805861 0.0 0.0 0.0 0.0 0.0 0.0]
var_name = Last measurement in raw DN for Processor Board signal “1.9V Voltage”
var_name = voltage_1.9V_bus
Header info = 2339
Transformed value for voltage_1.9V_bus = 1.884908879
Matching row  18
coeffs for Last measurement in raw DN for Processor Board signal “3.3V Voltage”= [0.0 0.001611722 0.0 0.0 0.0 0.0 0.0 0.0]
var_name = Last measurement in raw DN for Processor Board signal “3.3V Voltage”
var_name = voltage_3.3V_bus
Header info = 2046
Transformed value for voltage_3.3V_bus = 3.2975832119999997
Matching row  18
coeffs for Last measurement in raw DN for HVPS Board signal “Detector Voltage”= [0.0 1.4652 0.0 0.0 0.0 0.0 0.0 0.0]
var_name = Last measurement in raw DN for HVPS Board signal “Detector Voltage”
var_name = detector_voltage
Header info = 1638
Transformed value for detector_voltage = 2399.9976
Matching row  18
coeffs for Last measurement in raw DN for HVPS Board signal “Sensor Voltage"= [0.0 1.4652 0.0 0.0 0.0 0.0 0.0 0.0]
var_name = Last measurement in raw DN for HVPS Board signal “Sensor Voltage"
var_name = sensor_voltage
Header info = 2009
Transformed value for sensor_voltage = 2943.5868
Matching row  18
coeffs for Last measurement in raw DN for HVPS Board signal “Target Voltage”= [0.0 1.4652 0.0 0.0 0.0 0.0 0.0 0.0]
var_name = Last measurement in raw DN for HVPS Board signal “Target Voltage”
var_name = target_voltage
Header info = 1707
Transformed value for target_voltage = 2501.0964
Matching row  18
coeffs for Last measurement in raw DN for HVPS Board signal “Reflectron Voltage”= [0.0 1.4652 0.0 0.0 0.0 0.0 0.0 0.0]
var_name = Last measurement in raw DN for HVPS Board signal “Reflectron Voltage”
var_name = reflectron_voltage
Header info = 135
Transformed value for reflectron_voltage = 197.80200000000002
Matching row  18
coeffs for Last measurement in raw DN for HVPS Board signal “Rejection Voltage”= [0.0 1.4652 0.0 0.0 0.0 0.0 0.0 0.0]
var_name = Last measurement in raw DN for HVPS Board signal “Rejection Voltage”
var_name = rejection_voltage
Header info = 2012
Transformed value for rejection_voltage = 2947.9824000000003
Matching row  18
coeffs for Last measurement in raw DN for HVPS Board signal “Detector Current”= [0.0 7.326e-06 0.0 0.0 0.0 0.0 0.0 0.0]
var_name = Last measurement in raw DN for HVPS Board signal “Detector Current”
var_name = current_hvps_sensor
Header info = 2333
Transformed value for current_hvps_sensor = 0.017091558
Matching row  18
coeffs for Last measurement in raw DN for HVPS Board signal “Sensor IP”= [0.0 2.4339e-05 0.0 0.0 0.0 0.0 0.0 0.0]
var_name = Last measurement in raw DN for HVPS Board signal “Sensor IP”
var_name = positive_current_hvps
Header info = 2700
Transformed value for positive_current_hvps = 0.06571529999999999
Matching row  18
coeffs for Last measurement in raw DN for HVPS Board signal “Sensor IN”= [0.0 2.4339e-05 0.0 0.0 0.0 0.0 0.0 0.0]
var_name = Last measurement in raw DN for HVPS Board signal “Sensor IN”
var_name = negative_current_hvps
Header info = 306
Transformed value for negative_current_hvps = 0.007447733999999999
Matching row  18
coeffs for Last measurement in raw DN for LVPS Board signal “P3.3VREF_HK”= [0.0 0.00161172 0.0 0.0 0.0 0.0 0.0 0.0]
var_name = Last measurement in raw DN for LVPS Board signal “P3.3VREF_HK”
var_name = voltage_3V3_ref
Header info = 2048
Transformed value for voltage_3V3_ref = 3.30080256
Matching row  18
coeffs for Last measurement in raw DN for LVPS Board signal “P3.3VREF_OP”= [0.0 0.00161172 0.0 0.0 0.0 0.0 0.0 0.0]
var_name = Last measurement in raw DN for LVPS Board signal “P3.3VREF_OP”
var_name = voltage_3V3_op_ref
Header info = 2048
Transformed value for voltage_3V3_op_ref = 3.30080256
Matching row  18
coeffs for Last measurement in raw DN for LVPS Board signal “N6V”= [-33.0 0.00886447 0.0 0.0 0.0 0.0 0.0 0.0]
var_name = Last measurement in raw DN for LVPS Board signal “N6V”
var_name = voltage_neg6V_bus
Header info = 2998
Transformed value for voltage_neg6V_bus = -6.424318940000003
Matching row  18
coeffs for Last measurement in raw DN for LVPS Board signal “P6V”= [0.0 0.00241758 0.0 0.0 0.0 0.0 0.0 0.0]
var_name = Last measurement in raw DN for LVPS Board signal “P6V”
var_name = voltage_pos6V_bus
Header info = 2640
Transformed value for voltage_pos6V_bus = 6.3824112
Matching row  18
coeffs for Last measurement in raw DN for LVPS Board signal “P16V”= [0.0 0.00482711 0.0 0.0 0.0 0.0 0.0 0.0]
var_name = Last measurement in raw DN for LVPS Board signal “P16V”
var_name = voltage_pos16V_bus
Header info = 3170
Transformed value for voltage_pos16V_bus = 15.3019387
Matching row  18
coeffs for Last measurement in raw DN for LVPS Board signal “P3.3V”= [0.0 0.00161172 0.0 0.0 0.0 0.0 0.0 0.0]
var_name = Last measurement in raw DN for LVPS Board signal “P3.3V”
var_name = voltage_pos3V3_bus
Header info = 2059
Transformed value for voltage_pos3V3_bus = 3.3185314800000003
Matching row  18
coeffs for Last measurement in raw DN for LVPS Board signal “N5V”= [-33.0 0.00886447 0.0 0.0 0.0 0.0 0.0 0.0]
var_name = Last measurement in raw DN for LVPS Board signal “N5V”
var_name = voltage_neg5V_bus
Header info = 3155
Transformed value for voltage_neg5V_bus = -5.032597150000001
Matching row  18
coeffs for Last measurement in raw DN for LVPS Board signal “P5V”= [0.0 0.00161172 0.0 0.0 0.0 0.0 0.0 0.0]
var_name = Last measurement in raw DN for LVPS Board signal “P5V”
var_name = voltage_pos5V_bus
Header info = 3160
Transformed value for voltage_pos5V_bus = 5.0930352
Matching row  18
coeffs for Last measurement in raw DN for LVPS Board signal “P3.3_IMON”= [0.0 0.00161172 0.0 0.0 0.0 0.0 0.0 0.0]
var_name = Last measurement in raw DN for LVPS Board signal “P3.3_IMON”
var_name = current_3V3_bus
Header info = 1568
Transformed value for current_3V3_bus = 2.5271769600000002
Matching row  18
coeffs for Last measurement in raw DN for LVPS Board signal “P16V_IMON”= [0.0 0.000161172 0.0 0.0 0.0 0.0 0.0 0.0]
var_name = Last measurement in raw DN for LVPS Board signal “P16V_IMON”
var_name = current_16V_bus
Header info = 970
Transformed value for current_16V_bus = 0.15633684
Matching row  18
coeffs for Last measurement in raw DN for LVPS Board signal “P6V_IMON”= [0.0 8.05861e-05 0.0 0.0 0.0 0.0 0.0 0.0]
var_name = Last measurement in raw DN for LVPS Board signal “P6V_IMON”
var_name = current_6V_bus
Header info = 1284
Transformed value for current_6V_bus = 0.1034725524
Matching row  18
coeffs for Last measurement in raw DN for LVPS Board signal “N6V_IMON”= [0.0 -8.05861e-05 0.0 0.0 0.0 0.0 0.0 0.0]
var_name = Last measurement in raw DN for LVPS Board signal “N6V_IMON”
var_name = current_neg6V_bus
Header info = 970
Transformed value for current_neg6V_bus = -0.07816851699999999
Matching row  18
coeffs for Last measurement in raw DN for LVPS Board signal “P5V_IMON”= [0.0 4.029304e-05 0.0 0.0 0.0 0.0 0.0 0.0]
var_name = Last measurement in raw DN for LVPS Board signal “P5V_IMON”
var_name = current_5V_bus
Header info = 1589
Transformed value for current_5V_bus = 0.06402564056
Matching row  18
coeffs for Last measurement in raw DN for LVPS Board signal “N5V_IMON”= [0.0 -2.01465e-05 0.0 0.0 0.0 0.0 0.0 0.0]
var_name = Last measurement in raw DN for LVPS Board signal “N5V_IMON”
var_name = current_neg5V_bus
Header info = 2800
Transformed value for current_neg5V_bus = -0.0564102
Matching row  18
coeffs for Last measurement in raw DN for LVPS Board signal “P2.5V_IMON”= [0.0 0.00161172 0.0 0.0 0.0 0.0 0.0 0.0]
var_name = Last measurement in raw DN for LVPS Board signal “P2.5V_IMON”
var_name = current_2V5_bus
Header info = 481
Transformed value for current_2V5_bus = 0.77523732
Matching row  18
coeffs for Last measurement in raw DN for LVPS Board signal “N2.5V_IMON”= [0.0 -4.0293e-05 0.0 0.0 0.0 0.0 0.0 0.0]
var_name = Last measurement in raw DN for LVPS Board signal “N2.5V_IMON”
var_name = current_neg2V5_bus
Header info = 2887
Transformed value for current_neg2V5_bus = -0.116325891
Matching row  18
coeffs for Last measurement in raw DN for LVPS Board signal “THERM_DECON0”= [-110.293 0.0665351 0.000305738 -6.32048e-07 5.9934e-10 -2.98784e-13
 7.61361e-17 -7.76467e-21]
var_name = Last measurement in raw DN for LVPS Board signal “THERM_DECON0”
var_name = None
KeyError: (21, None) - Could not find entry for None, 38. Please check the Var_notes or variable mapping.
Matching row  18
coeffs for Last measurement in raw DN for LVPS Board signal “THERM_DECON1”= [-150.478 0.376986 -0.00062072 7.73853e-07 -5.81588e-10 2.56368e-13
 -6.05698e-17 5.96635e-21]
var_name = Last measurement in raw DN for LVPS Board signal “THERM_DECON1”
var_name = None
KeyError: (21, None) - Could not find entry for None, 39. Please check the Var_notes or variable mapping.
Matching row  18
coeffs for Last measurement in raw DN for LVPS Board signal “THERM_DAB”= [-443.248 1.31224 -0.00180422 1.40016e-06 -6.43766e-10 1.7448e-13
 -2.57695e-17 1.60239e-21]
var_name = Last measurement in raw DN for LVPS Board signal “THERM_DAB”
var_name = None
KeyError: (21, None) - Could not find entry for None, 40. Please check the Var_notes or variable mapping.
Matching row  18
coeffs for Last measurement in raw DN for LVPS Board signal “THERM_LVPS”= [200.4137 -0.2020699 0.000175403 -9.739547e-08 2.888932e-11 -3.545603e-15
 0.0 0.0]
var_name = Last measurement in raw DN for LVPS Board signal “THERM_LVPS”
var_name = None
KeyError: (21, None) - Could not find entry for None, 41. Please check the Var_notes or variable mapping.
Matching row  18
coeffs for Last measurement in raw DN for LVPS Board signal “THERM_HVPS”= [200.4137 -0.2020699 0.000175403 -9.739547e-08 2.888932e-11 -3.545603e-15
 0.0 0.0]
var_name = Last measurement in raw DN for LVPS Board signal “THERM_HVPS”
var_name = None
KeyError: (21, None) - Could not find entry for None, 45. Please check the Var_notes or variable mapping.
Matching row  18
coeffs for Last measurement in raw DN for LVPS Board signal “P2.5V”= [0.0 0.00161172 0.0 0.0 0.0 0.0 0.0 0.0]
var_name = Last measurement in raw DN for LVPS Board signal “P2.5V”
var_name = None
KeyError: (21, None) - Could not find entry for None, 49. Please check the Var_notes or variable mapping.
Matching row  18
coeffs for Last measurement in raw DN for LVPS Board signal “N2.5V”= [-33.0 0.00886447 0.0 0.0 0.0 0.0 0.0 0.0]
var_name = Last measurement in raw DN for LVPS Board signal “N2.5V”
var_name = None
KeyError: (21, None) - Could not find entry for None, 50. Please check the Var_notes or variable mapping.
Matching row  18
coeffs for Last measurement in raw DN for LVPS Board signal “Spare”= [0.0 0.00161172 0.0 0.0 0.0 0.0 0.0 0.0]
var_name = Last measurement in raw DN for LVPS Board signal “Spare”
var_name = spare_signal
KeyError: (21, 'spare_signal') - Could not find entry for spare_signal, 51. Please check the Var_notes or variable mapping.
High gain delay = 15 samples.
Mid gain delay = 15 samples.
Low gain delay = 51 samples.
High sampling trigger mode =  0 0 1
High gain trigger mode enabled.
For 2222981120, HG Trigger level = 0.15317, sample settings = 0, 0
Threshold trigger mode enabled for high gain channel.
AID = 2415277394
Event number = 22
Rice compression enabled = False
Timestamp = 439569022.20864 seconds since epoch (Midnight January 1st, 2010)
Trigger time = 2023-12-06 14:30:22.208640+00:00
21
21
21
21
21
21
21
21
21
21
21
21
21
{'SHCOARSE': ParsedDataItem(SHCOARSE, raw=439590445, derived=439590445, unit=dn), 'SHFINE': ParsedDataItem(SHFINE, raw=10825, derived=10825, unit=dn), 'IDX__SCI0AID': ParsedDataItem(IDX__SCI0AID, raw=2415277394, derived=2415277394, unit=None), 'IDX__SCI0TYPE': ParsedDataItem(IDX__SCI0TYPE, raw=1, derived=1, unit=None), 'IDX__SCI0CONT': ParsedDataItem(IDX__SCI0CONT, raw=127, derived=127, unit=None), 'IDX__SCI0SPARE1': ParsedDataItem(IDX__SCI0SPARE1, raw=0, derived=0, unit=None), 'IDX__SCI0PACK': ParsedDataItem(IDX__SCI0PACK, raw=1, derived=EN, unit=None), 'IDX__SCI0FRAG': ParsedDataItem(IDX__SCI0FRAG, raw=0, derived=DS, unit=None), 'IDX__SCI0COMP': ParsedDataItem(IDX__SCI0COMP, raw=0, derived=DS, unit=None), 'IDX__SCI0EVTNUM': ParsedDataItem(IDX__SCI0EVTNUM, raw=23, derived=23, unit=None), 'IDX__SCI0CAT': ParsedDataItem(IDX__SCI0CAT, raw=32, derived=32, unit=None), 'IDX__SCI0QUAL': ParsedDataItem(IDX__SCI0QUAL, raw=5, derived=5, unit=None), 'IDX__SCI0FRAGOFF': ParsedDataItem(IDX__SCI0FRAGOFF, raw=0, derived=0, unit=None), 'IDX__SCI0VER': ParsedDataItem(IDX__SCI0VER, raw=9, derived=9, unit=None), 'IDX__SCI0TIME32': ParsedDataItem(IDX__SCI0TIME32, raw=439589831, derived=439589831, unit=None), 'IDX__SCI0SPARE2': ParsedDataItem(IDX__SCI0SPARE2, raw=0, derived=0, unit=None), 'IDX__SCI0SPARE3': ParsedDataItem(IDX__SCI0SPARE3, raw=0, derived=0, unit=None), 'IDX__SCI0SPARE4': ParsedDataItem(IDX__SCI0SPARE4, raw=0, derived=0, unit=None), 'IDX__TXHDRSCIEVTLEN': ParsedDataItem(IDX__TXHDRSCIEVTLEN, raw=8320, derived=8320, unit=None), 'IDX__TXHDRSP00': ParsedDataItem(IDX__TXHDRSP00, raw=0, derived=0, unit=None), 'IDX__TXHDRTIMESEC1': ParsedDataItem(IDX__TXHDRTIMESEC1, raw=6707, derived=6707, unit=None), 'IDX__TXHDRTIMESEC2': ParsedDataItem(IDX__TXHDRTIMESEC2, raw=39879, derived=39879, unit=None), 'IDX__TXHDRTIMESUBS': ParsedDataItem(IDX__TXHDRTIMESUBS, raw=37248, derived=37248, unit=None), 'IDX__TXHDRSP01': ParsedDataItem(IDX__TXHDRSP01, raw=0, derived=0, unit=None), 'IDX__TXHDRTRIGOFFSET': ParsedDataItem(IDX__TXHDRTRIGOFFSET, raw=1, derived=1, unit=None), 'IDX__TXHDRSP02': ParsedDataItem(IDX__TXHDRSP02, raw=0, derived=0, unit=None), 'IDX__TXHDRTRIGID': ParsedDataItem(IDX__TXHDRTRIGID, raw=1, derived=1, unit=None), 'IDX__TXHDREVTNUM': ParsedDataItem(IDX__TXHDREVTNUM, raw=23, derived=23, unit=None), 'IDX__TXHDRBLOCKS': ParsedDataItem(IDX__TXHDRBLOCKS, raw=243679, derived=243679, unit=None), 'IDX__TXHDRHGTRIGCTRL1': ParsedDataItem(IDX__TXHDRHGTRIGCTRL1, raw=2222981120, derived=2222981120, unit=None), 'IDX__TXHDRHGTRIGCTRL2': ParsedDataItem(IDX__TXHDRHGTRIGCTRL2, raw=0, derived=0, unit=None), 'IDX__TXHDRLGTRIGCTRL1': ParsedDataItem(IDX__TXHDRLGTRIGCTRL1, raw=4294965248, derived=4294965248, unit=None), 'IDX__TXHDRLGTRIGCTRL2': ParsedDataItem(IDX__TXHDRLGTRIGCTRL2, raw=4278255360, derived=4278255360, unit=None), 'IDX__TXHDRMGTRIGCTRL1': ParsedDataItem(IDX__TXHDRMGTRIGCTRL1, raw=4294965248, derived=4294965248, unit=None), 'IDX__TXHDRMGTRIGCTRL2': ParsedDataItem(IDX__TXHDRMGTRIGCTRL2, raw=4278255360, derived=4278255360, unit=None), 'IDX__TXHDRSP03': ParsedDataItem(IDX__TXHDRSP03, raw=0, derived=0, unit=None), 'IDX__TXHDRLSADC': ParsedDataItem(IDX__TXHDRLSADC, raw=555521, derived=555521, unit=None), 'IDX__TXHDRPOLSTAT': ParsedDataItem(IDX__TXHDRPOLSTAT, raw=1, derived=NEG, unit=None), 'IDX__TXHDRSP04': ParsedDataItem(IDX__TXHDRSP04, raw=0, derived=0, unit=None), 'IDX__TXHDRPOLCTRL': ParsedDataItem(IDX__TXHDRPOLCTRL, raw=0, derived=POS, unit=None), 'IDX__TXHDRCOINENA': ParsedDataItem(IDX__TXHDRCOINENA, raw=0, derived=DIS, unit=None), 'IDX__TXHDRLSTRIGMODE': ParsedDataItem(IDX__TXHDRLSTRIGMODE, raw=0, derived=DIS, unit=None), 'IDX__TXHDRMGTRIGMODE': ParsedDataItem(IDX__TXHDRMGTRIGMODE, raw=0, derived=0, unit=None), 'IDX__TXHDRLGTRIGMODE': ParsedDataItem(IDX__TXHDRLGTRIGMODE, raw=0, derived=0, unit=None), 'IDX__TXHDRHGTRIGMODE': ParsedDataItem(IDX__TXHDRHGTRIGMODE, raw=1, derived=1, unit=None), 'IDX__TXHDRSP05': ParsedDataItem(IDX__TXHDRSP05, raw=0, derived=0, unit=None), 'IDX__TXHDRSP06': ParsedDataItem(IDX__TXHDRSP06, raw=0, derived=0, unit=None), 'IDX__TXHDRSP07': ParsedDataItem(IDX__TXHDRSP07, raw=2022, derived=2022, unit=None), 'IDX__TXHDRSP08': ParsedDataItem(IDX__TXHDRSP08, raw=0, derived=0, unit=None), 'IDX__TXHDRTOFMAX': ParsedDataItem(IDX__TXHDRTOFMAX, raw=541596198, derived=541596198, unit=None), 'IDX__TXHDRTOFMIN': ParsedDataItem(IDX__TXHDRTOFMIN, raw=535295476, derived=535295476, unit=None), 'IDX__TXHDRLS0MAXMIN': ParsedDataItem(IDX__TXHDRLS0MAXMIN, raw=8464397, derived=8464397, unit=None), 'IDX__TXHDRLS1MAXMIN': ParsedDataItem(IDX__TXHDRLS1MAXMIN, raw=8476644, derived=8476644, unit=None), 'IDX__TXHDRLS2MAXMIN': ParsedDataItem(IDX__TXHDRLS2MAXMIN, raw=8308709, derived=8308709, unit=None), 'IDX__TXHDRFIFODELAY': ParsedDataItem(IDX__TXHDRFIFODELAY, raw=18, derived=18, unit=None), 'IDX__TXHDRSAMPDELAY': ParsedDataItem(IDX__TXHDRSAMPDELAY, raw=7347242, derived=7347242, unit=None), 'IDX__TXHDRTRANSCNT': ParsedDataItem(IDX__TXHDRTRANSCNT, raw=14, derived=14, unit=None), 'IDX__TXHDRPROCHKCH01': ParsedDataItem(IDX__TXHDRPROCHKCH01, raw=81527416, derived=81527416, unit=None), 'IDX__TXHDRPROCHKCH23': ParsedDataItem(IDX__TXHDRPROCHKCH23, raw=240258367, derived=240258367, unit=None), 'IDX__TXHDRPROCHKCH45': ParsedDataItem(IDX__TXHDRPROCHKCH45, raw=199034078, derived=199034078, unit=None), 'IDX__TXHDRPROCHKCH67': ParsedDataItem(IDX__TXHDRPROCHKCH67, raw=134088995, derived=134088995, unit=None), 'IDX__TXHDRHVPSHKCH01': ParsedDataItem(IDX__TXHDRHVPSHKCH01, raw=131663462, derived=131663462, unit=None), 'IDX__TXHDRHVPSHKCH23': ParsedDataItem(IDX__TXHDRHVPSHKCH23, raw=8849067, derived=8849067, unit=None), 'IDX__TXHDRHVPSHKCH45': ParsedDataItem(IDX__TXHDRHVPSHKCH45, raw=152963037, derived=152963037, unit=None), 'IDX__TXHDRHVPSHKCH67': ParsedDataItem(IDX__TXHDRHVPSHKCH67, raw=20056717, derived=20056717, unit=None), 'IDX__TXHDRLVHK0CH01': ParsedDataItem(IDX__TXHDRLVHK0CH01, raw=134219776, derived=134219776, unit=None), 'IDX__TXHDRLVHK0CH23': ParsedDataItem(IDX__TXHDRLVHK0CH23, raw=173018038, derived=173018038, unit=None), 'IDX__TXHDRLVHK0CH45': ParsedDataItem(IDX__TXHDRLVHK0CH45, raw=134941794, derived=134941794, unit=None), 'IDX__TXHDRLVHK0CH67': ParsedDataItem(IDX__TXHDRLVHK0CH67, raw=207096915, derived=207096915, unit=None), 'IDX__TXHDRLVHK1CH01': ParsedDataItem(IDX__TXHDRLVHK1CH01, raw=32114208, derived=32114208, unit=None), 'IDX__TXHDRLVHK1CH23': ParsedDataItem(IDX__TXHDRLVHK1CH23, raw=63571204, derived=63571204, unit=None), 'IDX__TXHDRLVHK1CH45': ParsedDataItem(IDX__TXHDRLVHK1CH45, raw=183502389, derived=183502389, unit=None), 'IDX__TXHDRLVHK1CH67': ParsedDataItem(IDX__TXHDRLVHK1CH67, raw=189268449, derived=189268449, unit=None), 'IDX__TXHDRLVHK2CH01': ParsedDataItem(IDX__TXHDRLVHK2CH01, raw=42730130, derived=42730130, unit=None), 'IDX__TXHDRLVHK2CH23': ParsedDataItem(IDX__TXHDRLVHK2CH23, raw=260047824, derived=260047824, unit=None), 'IDX__TXHDRLVHK2CH45': ParsedDataItem(IDX__TXHDRLVHK2CH45, raw=101257134, derived=101257134, unit=None), 'IDX__TXHDRLVHK2CH67': ParsedDataItem(IDX__TXHDRLVHK2CH67, raw=69022, derived=69022, unit=None), 'IDX__TXHDRSP09': ParsedDataItem(IDX__TXHDRSP09, raw=0, derived=0, unit=None), 'IDX__TXHDRSP10': ParsedDataItem(IDX__TXHDRSP10, raw=0, derived=0, unit=None), 'IDX__TXHDRFSWAIDCOPY': ParsedDataItem(IDX__TXHDRFSWAIDCOPY, raw=2415277394, derived=2415277394, unit=None), 'IDX__TXHDRFSWBINCOPY': ParsedDataItem(IDX__TXHDRFSWBINCOPY, raw=0, derived=0, unit=None), 'IDX__TXHDRFSWMAJOR': ParsedDataItem(IDX__TXHDRFSWMAJOR, raw=2, derived=2, unit=None), 'IDX__TXHDRFSWMINOR': ParsedDataItem(IDX__TXHDRFSWMINOR, raw=0, derived=0, unit=None), 'IDX__TXHDRFSWPATCH': ParsedDataItem(IDX__TXHDRFSWPATCH, raw=0, derived=0, unit=None), 'IDX__TXHDRFSWHVSTAT': ParsedDataItem(IDX__TXHDRFSWHVSTAT, raw=3, derived=3, unit=None), 'IDX__TXHDRFSWMEM0': ParsedDataItem(IDX__TXHDRFSWMEM0, raw=0, derived=0, unit=None), 'IDX__TXHDRFSWMEM1': ParsedDataItem(IDX__TXHDRFSWMEM1, raw=0, derived=0, unit=None), 'IDX__TXHDRFSWPT0': ParsedDataItem(IDX__TXHDRFSWPT0, raw=0, derived=0, unit=None), 'IDX__TXHDRFSWPT1': ParsedDataItem(IDX__TXHDRFSWPT1, raw=0, derived=0, unit=None), 'IDX__TXHDRFSWPT2': ParsedDataItem(IDX__TXHDRFSWPT2, raw=0, derived=0, unit=None), 'IDX__TXHDRFSWPT3': ParsedDataItem(IDX__TXHDRFSWPT3, raw=0, derived=0, unit=None), 'IDX__TXHDRFSWPT4': ParsedDataItem(IDX__TXHDRFSWPT4, raw=0, derived=0, unit=None), 'IDX__TXHDRFSWPT5': ParsedDataItem(IDX__TXHDRFSWPT5, raw=0, derived=0, unit=None), 'IDX__TXHDRFSWPT6': ParsedDataItem(IDX__TXHDRFSWPT6, raw=0, derived=0, unit=None), 'IDX__TXHDRFSWPT7': ParsedDataItem(IDX__TXHDRFSWPT7, raw=0, derived=0, unit=None), 'IDX__TXHDRFSWPT8': ParsedDataItem(IDX__TXHDRFSWPT8, raw=0, derived=0, unit=None), 'IDX__TXHDRFSWPT9': ParsedDataItem(IDX__TXHDRFSWPT9, raw=0, derived=0, unit=None), 'IDX__TXHDRFPGAVER': ParsedDataItem(IDX__TXHDRFPGAVER, raw=539165480, derived=539165480, unit=None), 'IDX__SYNCSCI0PKT': ParsedDataItem(IDX__SYNCSCI0PKT, raw=13107, derived=13107, unit=None), 'IDX__CRCSCI0PKT': ParsedDataItem(IDX__CRCSCI0PKT, raw=12478, derived=12478, unit=None)}
SHCOARSE = 439590445
SHFINE = 10825
IDX__SCI0AID = 2415277394
IDX__SCI0TYPE = 1
IDX__SCI0CONT = 127
IDX__SCI0SPARE1 = 0
IDX__SCI0PACK = EN
IDX__SCI0FRAG = DS
IDX__SCI0COMP = DS
IDX__SCI0EVTNUM = 23
IDX__SCI0CAT = 32
IDX__SCI0QUAL = 5
IDX__SCI0FRAGOFF = 0
IDX__SCI0VER = 9
IDX__SCI0TIME32 = 439589831
IDX__SCI0SPARE2 = 0
IDX__SCI0SPARE3 = 0
IDX__SCI0SPARE4 = 0
IDX__TXHDRSCIEVTLEN = 8320
IDX__TXHDRSP00 = 0
IDX__TXHDRTIMESEC1 = 6707
IDX__TXHDRTIMESEC2 = 39879
IDX__TXHDRTIMESUBS = 37248
IDX__TXHDRSP01 = 0
IDX__TXHDRTRIGOFFSET = 1
IDX__TXHDRSP02 = 0
IDX__TXHDRTRIGID = 1
IDX__TXHDREVTNUM = 23
IDX__TXHDRBLOCKS = 243679
IDX__TXHDRHGTRIGCTRL1 = 2222981120
IDX__TXHDRHGTRIGCTRL2 = 0
IDX__TXHDRLGTRIGCTRL1 = 4294965248
IDX__TXHDRLGTRIGCTRL2 = 4278255360
IDX__TXHDRMGTRIGCTRL1 = 4294965248
IDX__TXHDRMGTRIGCTRL2 = 4278255360
IDX__TXHDRSP03 = 0
IDX__TXHDRLSADC = 555521
IDX__TXHDRPOLSTAT = NEG
IDX__TXHDRSP04 = 0
IDX__TXHDRPOLCTRL = POS
IDX__TXHDRCOINENA = DIS
IDX__TXHDRLSTRIGMODE = DIS
IDX__TXHDRMGTRIGMODE = 0
IDX__TXHDRLGTRIGMODE = 0
IDX__TXHDRHGTRIGMODE = 1
IDX__TXHDRSP05 = 0
IDX__TXHDRSP06 = 0
IDX__TXHDRSP07 = 2022
IDX__TXHDRSP08 = 0
IDX__TXHDRTOFMAX = 541596198
IDX__TXHDRTOFMIN = 535295476
IDX__TXHDRLS0MAXMIN = 8464397
IDX__TXHDRLS1MAXMIN = 8476644
IDX__TXHDRLS2MAXMIN = 8308709
IDX__TXHDRFIFODELAY = 18
IDX__TXHDRSAMPDELAY = 7347242
IDX__TXHDRTRANSCNT = 14
IDX__TXHDRPROCHKCH01 = 81527416
IDX__TXHDRPROCHKCH23 = 240258367
IDX__TXHDRPROCHKCH45 = 199034078
IDX__TXHDRPROCHKCH67 = 134088995
IDX__TXHDRHVPSHKCH01 = 131663462
IDX__TXHDRHVPSHKCH23 = 8849067
IDX__TXHDRHVPSHKCH45 = 152963037
IDX__TXHDRHVPSHKCH67 = 20056717
IDX__TXHDRLVHK0CH01 = 134219776
IDX__TXHDRLVHK0CH23 = 173018038
IDX__TXHDRLVHK0CH45 = 134941794
IDX__TXHDRLVHK0CH67 = 207096915
IDX__TXHDRLVHK1CH01 = 32114208
IDX__TXHDRLVHK1CH23 = 63571204
IDX__TXHDRLVHK1CH45 = 183502389
IDX__TXHDRLVHK1CH67 = 189268449
IDX__TXHDRLVHK2CH01 = 42730130
IDX__TXHDRLVHK2CH23 = 260047824
IDX__TXHDRLVHK2CH45 = 101257134
IDX__TXHDRLVHK2CH67 = 69022
IDX__TXHDRSP09 = 0
IDX__TXHDRSP10 = 0
IDX__TXHDRFSWAIDCOPY = 2415277394
IDX__TXHDRFSWBINCOPY = 0
IDX__TXHDRFSWMAJOR = 2
IDX__TXHDRFSWMINOR = 0
IDX__TXHDRFSWPATCH = 0
IDX__TXHDRFSWHVSTAT = 3
IDX__TXHDRFSWMEM0 = 0
IDX__TXHDRFSWMEM1 = 0
IDX__TXHDRFSWPT0 = 0
IDX__TXHDRFSWPT1 = 0
IDX__TXHDRFSWPT2 = 0
IDX__TXHDRFSWPT3 = 0
IDX__TXHDRFSWPT4 = 0
IDX__TXHDRFSWPT5 = 0
IDX__TXHDRFSWPT6 = 0
IDX__TXHDRFSWPT7 = 0
IDX__TXHDRFSWPT8 = 0
IDX__TXHDRFSWPT9 = 0
IDX__TXHDRFPGAVER = 539165480
IDX__SYNCSCI0PKT = 13107
IDX__CRCSCI0PKT = 12478
^*****Event header 22******^
HS pre trig sampling blocks:  31
LS pre trig sampling blocks:  3
HS post trig sampling blocks:  31
LS post trig sampling blocks:  11
IDX__TXHDRHVPSHKCH01 = 131663462
Detector voltage =  1638
Sensor voltage =  2009
Target voltage =  1707
Reflectron voltage =  135
Rejection voltage =  2013
Current for HVPS sensor =  2334
Positive current for HVPS sensor =  2701
Negative current for HVPS sensor =  306
Voltage +3.3V reference =  2048
Voltage +3.3V operational reference =  2048
Voltage -6V bus =  2998
Voltage +6V bus =  2640
Voltage +16V bus =  3170
Voltage +3.3V bus =  2059
Voltage -5V bus =  3155
Voltage +5V bus =  3160
Current +3.3V bus =  1568
Current +16V bus =  970
Current +6V bus =  1284
Current -6V bus =  970
Current +5V bus =  1589
Current -5V bus =  2800
Current +2.5V bus =  481
Current -2.5V bus =  2888
Current on the 1V POL =  632
Current on the 1.9V POL =  1244
ProcBd Temperature 1 =  3391
ProcBd Temperature 2 =  3666
Voltage on 1V bus =  1246
FPGA Temperature =  3037
Voltage on 1.9V bus =  2339
Voltage on 3.3V bus =  2046
var_to_row = {'Last measurement in raw DN for Processor Board signal “1V POL Current”': 0, 'Last measurement in raw DN for Processor Board signal “1.9V POL Current”': 1, 'Last measurement in raw DN for Processor Board signal “ProcBd Temp1”': 2, nan: 48, 'Last measurement in raw DN for Processor Board signal “ProcBd Temp2”': 6, 'Last measurement in raw DN for Processor Board signal “1V Voltage”': 10, 'Last measurement in raw DN for Processor Board signal “FPGA Temp”': 11, 'Last measurement in raw DN for Processor Board signal “1.9V Voltage”': 12, 'Last measurement in raw DN for Processor Board signal “3.3V Voltage”': 13, 'Last measurement in raw DN for HVPS Board signal “Detector Voltage”': 14, 'Last measurement in raw DN for HVPS Board signal “Sensor Voltage"': 15, 'Last measurement in raw DN for HVPS Board signal “Target Voltage”': 16, 'Last measurement in raw DN for HVPS Board signal “Reflectron Voltage”': 17, 'Last measurement in raw DN for HVPS Board signal “Rejection Voltage”': 18, 'Last measurement in raw DN for HVPS Board signal “Detector Current”': 19, 'Last measurement in raw DN for HVPS Board signal “Sensor IP”': 20, 'Last measurement in raw DN for HVPS Board signal “Sensor IN”': 21, 'Last measurement in raw DN for LVPS Board signal “P3.3VREF_HK”': 22, 'Last measurement in raw DN for LVPS Board signal “P3.3VREF_OP”': 23, 'Last measurement in raw DN for LVPS Board signal “N6V”': 24, 'Last measurement in raw DN for LVPS Board signal “P6V”': 25, 'Last measurement in raw DN for LVPS Board signal “P16V”': 26, 'Last measurement in raw DN for LVPS Board signal “P3.3V”': 27, 'Last measurement in raw DN for LVPS Board signal “N5V”': 28, 'Last measurement in raw DN for LVPS Board signal “P5V”': 29, 'Last measurement in raw DN for LVPS Board signal “P3.3_IMON”': 30, 'Last measurement in raw DN for LVPS Board signal “P16V_IMON”': 31, 'Last measurement in raw DN for LVPS Board signal “P6V_IMON”': 32, 'Last measurement in raw DN for LVPS Board signal “N6V_IMON”': 33, 'Last measurement in raw DN for LVPS Board signal “P5V_IMON”': 34, 'Last measurement in raw DN for LVPS Board signal “N5V_IMON”': 35, 'Last measurement in raw DN for LVPS Board signal “P2.5V_IMON”': 36, 'Last measurement in raw DN for LVPS Board signal “N2.5V_IMON”': 37, 'Last measurement in raw DN for LVPS Board signal “THERM_DECON0”': 38, 'Last measurement in raw DN for LVPS Board signal “THERM_DECON1”': 39, 'Last measurement in raw DN for LVPS Board signal “THERM_DAB”': 40, 'Last measurement in raw DN for LVPS Board signal “THERM_LVPS”': 41, 'Last measurement in raw DN for LVPS Board signal “THERM_HVPS”': 45, 'Last measurement in raw DN for LVPS Board signal “P2.5V”': 49, 'Last measurement in raw DN for LVPS Board signal “N2.5V”': 50, 'Last measurement in raw DN for LVPS Board signal “Spare”': 51}

 
 ***** var_name being converted for each instrument setting ***** 
 

Matching row  18
coeffs for Last measurement in raw DN for Processor Board signal “1V POL Current”= [0.0 0.9029253 0.0 0.0 0.0 0.0 0.0 0.0]
var_name = Last measurement in raw DN for Processor Board signal “1V POL Current”
var_name = current_1V_pol
Header info = 632
Transformed value for current_1V_pol = 570.6487896
Matching row  18
coeffs for Last measurement in raw DN for Processor Board signal “1.9V POL Current”= [0.0 0.9029253 0.0 0.0 0.0 0.0 0.0 0.0]
var_name = Last measurement in raw DN for Processor Board signal “1.9V POL Current”
var_name = current_1.9V_pol
Header info = 1244
Transformed value for current_1.9V_pol = 1123.2390732000001
Matching row  18
coeffs for Last measurement in raw DN for Processor Board signal “ProcBd Temp1”= [162.8276 -0.2668687 0.0003323794 -2.43153e-07 9.034532e-11 -1.327735e-14
 0.0 0.0]
var_name = Last measurement in raw DN for Processor Board signal “ProcBd Temp1”
var_name = temperature_1
Header info = 3391
Transformed value for temperature_1 = -408.6811903905609
Matching row  18
coeffs for nan= [-104713.9 52.02446 -0.006463374 0.0 0.0 0.0 0.0 0.0]
var_name = nan
var_name = None
KeyError: (22, None) - Could not find entry for None, 48. Please check the Var_notes or variable mapping.
Matching row  18
coeffs for Last measurement in raw DN for Processor Board signal “ProcBd Temp2”= [162.8276 -0.2668687 0.0003323794 -2.43153e-07 9.034532e-11 -1.327735e-14
 0.0 0.0]
var_name = Last measurement in raw DN for Processor Board signal “ProcBd Temp2”
var_name = temperature_2
Header info = 3666
Transformed value for temperature_2 = -801.8818752684547
Matching row  18
coeffs for Last measurement in raw DN for Processor Board signal “1V Voltage”= [0.0 0.000805861 0.0 0.0 0.0 0.0 0.0 0.0]
var_name = Last measurement in raw DN for Processor Board signal “1V Voltage”
var_name = voltage_1V_bus
Header info = 1246
Transformed value for voltage_1V_bus = 1.004102806
Matching row  18
coeffs for Last measurement in raw DN for Processor Board signal “FPGA Temp”= [358.31 -0.1187104 0.0 0.0 0.0 0.0 0.0 0.0]
var_name = Last measurement in raw DN for Processor Board signal “FPGA Temp”
var_name = fpga_temperature
Header info = 3037
Transformed value for fpga_temperature = -2.2134848000000034
Matching row  18
coeffs for Last measurement in raw DN for Processor Board signal “1.9V Voltage”= [0.0 0.000805861 0.0 0.0 0.0 0.0 0.0 0.0]
var_name = Last measurement in raw DN for Processor Board signal “1.9V Voltage”
var_name = voltage_1.9V_bus
Header info = 2339
Transformed value for voltage_1.9V_bus = 1.884908879
Matching row  18
coeffs for Last measurement in raw DN for Processor Board signal “3.3V Voltage”= [0.0 0.001611722 0.0 0.0 0.0 0.0 0.0 0.0]
var_name = Last measurement in raw DN for Processor Board signal “3.3V Voltage”
var_name = voltage_3.3V_bus
Header info = 2046
Transformed value for voltage_3.3V_bus = 3.2975832119999997
Matching row  18
coeffs for Last measurement in raw DN for HVPS Board signal “Detector Voltage”= [0.0 1.4652 0.0 0.0 0.0 0.0 0.0 0.0]
var_name = Last measurement in raw DN for HVPS Board signal “Detector Voltage”
var_name = detector_voltage
Header info = 1638
Transformed value for detector_voltage = 2399.9976
Matching row  18
coeffs for Last measurement in raw DN for HVPS Board signal “Sensor Voltage"= [0.0 1.4652 0.0 0.0 0.0 0.0 0.0 0.0]
var_name = Last measurement in raw DN for HVPS Board signal “Sensor Voltage"
var_name = sensor_voltage
Header info = 2009
Transformed value for sensor_voltage = 2943.5868
Matching row  18
coeffs for Last measurement in raw DN for HVPS Board signal “Target Voltage”= [0.0 1.4652 0.0 0.0 0.0 0.0 0.0 0.0]
var_name = Last measurement in raw DN for HVPS Board signal “Target Voltage”
var_name = target_voltage
Header info = 1707
Transformed value for target_voltage = 2501.0964
Matching row  18
coeffs for Last measurement in raw DN for HVPS Board signal “Reflectron Voltage”= [0.0 1.4652 0.0 0.0 0.0 0.0 0.0 0.0]
var_name = Last measurement in raw DN for HVPS Board signal “Reflectron Voltage”
var_name = reflectron_voltage
Header info = 135
Transformed value for reflectron_voltage = 197.80200000000002
Matching row  18
coeffs for Last measurement in raw DN for HVPS Board signal “Rejection Voltage”= [0.0 1.4652 0.0 0.0 0.0 0.0 0.0 0.0]
var_name = Last measurement in raw DN for HVPS Board signal “Rejection Voltage”
var_name = rejection_voltage
Header info = 2013
Transformed value for rejection_voltage = 2949.4476
Matching row  18
coeffs for Last measurement in raw DN for HVPS Board signal “Detector Current”= [0.0 7.326e-06 0.0 0.0 0.0 0.0 0.0 0.0]
var_name = Last measurement in raw DN for HVPS Board signal “Detector Current”
var_name = current_hvps_sensor
Header info = 2334
Transformed value for current_hvps_sensor = 0.017098883999999998
Matching row  18
coeffs for Last measurement in raw DN for HVPS Board signal “Sensor IP”= [0.0 2.4339e-05 0.0 0.0 0.0 0.0 0.0 0.0]
var_name = Last measurement in raw DN for HVPS Board signal “Sensor IP”
var_name = positive_current_hvps
Header info = 2701
Transformed value for positive_current_hvps = 0.065739639
Matching row  18
coeffs for Last measurement in raw DN for HVPS Board signal “Sensor IN”= [0.0 2.4339e-05 0.0 0.0 0.0 0.0 0.0 0.0]
var_name = Last measurement in raw DN for HVPS Board signal “Sensor IN”
var_name = negative_current_hvps
Header info = 306
Transformed value for negative_current_hvps = 0.007447733999999999
Matching row  18
coeffs for Last measurement in raw DN for LVPS Board signal “P3.3VREF_HK”= [0.0 0.00161172 0.0 0.0 0.0 0.0 0.0 0.0]
var_name = Last measurement in raw DN for LVPS Board signal “P3.3VREF_HK”
var_name = voltage_3V3_ref
Header info = 2048
Transformed value for voltage_3V3_ref = 3.30080256
Matching row  18
coeffs for Last measurement in raw DN for LVPS Board signal “P3.3VREF_OP”= [0.0 0.00161172 0.0 0.0 0.0 0.0 0.0 0.0]
var_name = Last measurement in raw DN for LVPS Board signal “P3.3VREF_OP”
var_name = voltage_3V3_op_ref
Header info = 2048
Transformed value for voltage_3V3_op_ref = 3.30080256
Matching row  18
coeffs for Last measurement in raw DN for LVPS Board signal “N6V”= [-33.0 0.00886447 0.0 0.0 0.0 0.0 0.0 0.0]
var_name = Last measurement in raw DN for LVPS Board signal “N6V”
var_name = voltage_neg6V_bus
Header info = 2998
Transformed value for voltage_neg6V_bus = -6.424318940000003
Matching row  18
coeffs for Last measurement in raw DN for LVPS Board signal “P6V”= [0.0 0.00241758 0.0 0.0 0.0 0.0 0.0 0.0]
var_name = Last measurement in raw DN for LVPS Board signal “P6V”
var_name = voltage_pos6V_bus
Header info = 2640
Transformed value for voltage_pos6V_bus = 6.3824112
Matching row  18
coeffs for Last measurement in raw DN for LVPS Board signal “P16V”= [0.0 0.00482711 0.0 0.0 0.0 0.0 0.0 0.0]
var_name = Last measurement in raw DN for LVPS Board signal “P16V”
var_name = voltage_pos16V_bus
Header info = 3170
Transformed value for voltage_pos16V_bus = 15.3019387
Matching row  18
coeffs for Last measurement in raw DN for LVPS Board signal “P3.3V”= [0.0 0.00161172 0.0 0.0 0.0 0.0 0.0 0.0]
var_name = Last measurement in raw DN for LVPS Board signal “P3.3V”
var_name = voltage_pos3V3_bus
Header info = 2059
Transformed value for voltage_pos3V3_bus = 3.3185314800000003
Matching row  18
coeffs for Last measurement in raw DN for LVPS Board signal “N5V”= [-33.0 0.00886447 0.0 0.0 0.0 0.0 0.0 0.0]
var_name = Last measurement in raw DN for LVPS Board signal “N5V”
var_name = voltage_neg5V_bus
Header info = 3155
Transformed value for voltage_neg5V_bus = -5.032597150000001
Matching row  18
coeffs for Last measurement in raw DN for LVPS Board signal “P5V”= [0.0 0.00161172 0.0 0.0 0.0 0.0 0.0 0.0]
var_name = Last measurement in raw DN for LVPS Board signal “P5V”
var_name = voltage_pos5V_bus
Header info = 3160
Transformed value for voltage_pos5V_bus = 5.0930352
Matching row  18
coeffs for Last measurement in raw DN for LVPS Board signal “P3.3_IMON”= [0.0 0.00161172 0.0 0.0 0.0 0.0 0.0 0.0]
var_name = Last measurement in raw DN for LVPS Board signal “P3.3_IMON”
var_name = current_3V3_bus
Header info = 1568
Transformed value for current_3V3_bus = 2.5271769600000002
Matching row  18
coeffs for Last measurement in raw DN for LVPS Board signal “P16V_IMON”= [0.0 0.000161172 0.0 0.0 0.0 0.0 0.0 0.0]
var_name = Last measurement in raw DN for LVPS Board signal “P16V_IMON”
var_name = current_16V_bus
Header info = 970
Transformed value for current_16V_bus = 0.15633684
Matching row  18
coeffs for Last measurement in raw DN for LVPS Board signal “P6V_IMON”= [0.0 8.05861e-05 0.0 0.0 0.0 0.0 0.0 0.0]
var_name = Last measurement in raw DN for LVPS Board signal “P6V_IMON”
var_name = current_6V_bus
Header info = 1284
Transformed value for current_6V_bus = 0.1034725524
Matching row  18
coeffs for Last measurement in raw DN for LVPS Board signal “N6V_IMON”= [0.0 -8.05861e-05 0.0 0.0 0.0 0.0 0.0 0.0]
var_name = Last measurement in raw DN for LVPS Board signal “N6V_IMON”
var_name = current_neg6V_bus
Header info = 970
Transformed value for current_neg6V_bus = -0.07816851699999999
Matching row  18
coeffs for Last measurement in raw DN for LVPS Board signal “P5V_IMON”= [0.0 4.029304e-05 0.0 0.0 0.0 0.0 0.0 0.0]
var_name = Last measurement in raw DN for LVPS Board signal “P5V_IMON”
var_name = current_5V_bus
Header info = 1589
Transformed value for current_5V_bus = 0.06402564056
Matching row  18
coeffs for Last measurement in raw DN for LVPS Board signal “N5V_IMON”= [0.0 -2.01465e-05 0.0 0.0 0.0 0.0 0.0 0.0]
var_name = Last measurement in raw DN for LVPS Board signal “N5V_IMON”
var_name = current_neg5V_bus
Header info = 2800
Transformed value for current_neg5V_bus = -0.0564102
Matching row  18
coeffs for Last measurement in raw DN for LVPS Board signal “P2.5V_IMON”= [0.0 0.00161172 0.0 0.0 0.0 0.0 0.0 0.0]
var_name = Last measurement in raw DN for LVPS Board signal “P2.5V_IMON”
var_name = current_2V5_bus
Header info = 481
Transformed value for current_2V5_bus = 0.77523732
Matching row  18
coeffs for Last measurement in raw DN for LVPS Board signal “N2.5V_IMON”= [0.0 -4.0293e-05 0.0 0.0 0.0 0.0 0.0 0.0]
var_name = Last measurement in raw DN for LVPS Board signal “N2.5V_IMON”
var_name = current_neg2V5_bus
Header info = 2888
Transformed value for current_neg2V5_bus = -0.11636618400000001
Matching row  18
coeffs for Last measurement in raw DN for LVPS Board signal “THERM_DECON0”= [-110.293 0.0665351 0.000305738 -6.32048e-07 5.9934e-10 -2.98784e-13
 7.61361e-17 -7.76467e-21]
var_name = Last measurement in raw DN for LVPS Board signal “THERM_DECON0”
var_name = None
KeyError: (22, None) - Could not find entry for None, 38. Please check the Var_notes or variable mapping.
Matching row  18
coeffs for Last measurement in raw DN for LVPS Board signal “THERM_DECON1”= [-150.478 0.376986 -0.00062072 7.73853e-07 -5.81588e-10 2.56368e-13
 -6.05698e-17 5.96635e-21]
var_name = Last measurement in raw DN for LVPS Board signal “THERM_DECON1”
var_name = None
KeyError: (22, None) - Could not find entry for None, 39. Please check the Var_notes or variable mapping.
Matching row  18
coeffs for Last measurement in raw DN for LVPS Board signal “THERM_DAB”= [-443.248 1.31224 -0.00180422 1.40016e-06 -6.43766e-10 1.7448e-13
 -2.57695e-17 1.60239e-21]
var_name = Last measurement in raw DN for LVPS Board signal “THERM_DAB”
var_name = None
KeyError: (22, None) - Could not find entry for None, 40. Please check the Var_notes or variable mapping.
Matching row  18
coeffs for Last measurement in raw DN for LVPS Board signal “THERM_LVPS”= [200.4137 -0.2020699 0.000175403 -9.739547e-08 2.888932e-11 -3.545603e-15
 0.0 0.0]
var_name = Last measurement in raw DN for LVPS Board signal “THERM_LVPS”
var_name = None
KeyError: (22, None) - Could not find entry for None, 41. Please check the Var_notes or variable mapping.
Matching row  18
coeffs for Last measurement in raw DN for LVPS Board signal “THERM_HVPS”= [200.4137 -0.2020699 0.000175403 -9.739547e-08 2.888932e-11 -3.545603e-15
 0.0 0.0]
var_name = Last measurement in raw DN for LVPS Board signal “THERM_HVPS”
var_name = None
KeyError: (22, None) - Could not find entry for None, 45. Please check the Var_notes or variable mapping.
Matching row  18
coeffs for Last measurement in raw DN for LVPS Board signal “P2.5V”= [0.0 0.00161172 0.0 0.0 0.0 0.0 0.0 0.0]
var_name = Last measurement in raw DN for LVPS Board signal “P2.5V”
var_name = None
KeyError: (22, None) - Could not find entry for None, 49. Please check the Var_notes or variable mapping.
Matching row  18
coeffs for Last measurement in raw DN for LVPS Board signal “N2.5V”= [-33.0 0.00886447 0.0 0.0 0.0 0.0 0.0 0.0]
var_name = Last measurement in raw DN for LVPS Board signal “N2.5V”
var_name = None
KeyError: (22, None) - Could not find entry for None, 50. Please check the Var_notes or variable mapping.
Matching row  18
coeffs for Last measurement in raw DN for LVPS Board signal “Spare”= [0.0 0.00161172 0.0 0.0 0.0 0.0 0.0 0.0]
var_name = Last measurement in raw DN for LVPS Board signal “Spare”
var_name = spare_signal
KeyError: (22, 'spare_signal') - Could not find entry for spare_signal, 51. Please check the Var_notes or variable mapping.
High gain delay = 7 samples.
Mid gain delay = 7 samples.
Low gain delay = 42 samples.
High sampling trigger mode =  0 0 1
High gain trigger mode enabled.
For 2222981120, HG Trigger level = 0.15317, sample settings = 0, 0
Threshold trigger mode enabled for high gain channel.
AID = 2415277394
Event number = 23
Rice compression enabled = False
Timestamp = 439569022.20866 seconds since epoch (Midnight January 1st, 2010)
Trigger time = 2023-12-06 14:30:22.208660+00:00
22
22
22
22
22
22
22
22
22
22
22
22
Progress: [====================]100% [Elapsed: 0:00:01.093846, 635 pkts/s]
Parsing waveform for scitype=2
8189
Parsing waveform for scitype=4
8189
Parsing waveform for scitype=8
8189
Parsing waveform for scitype=16
512
Parsing waveform for scitype=32
512
Parsing waveform for scitype=64
512
Parsing waveform for scitype=2
8189
Parsing waveform for scitype=4
8189
Parsing waveform for scitype=8
8189
Parsing waveform for scitype=16
512
Parsing waveform for scitype=32
512
Parsing waveform for scitype=64
512
Parsing waveform for scitype=2
8189
Parsing waveform for scitype=4
8189
Parsing waveform for scitype=8
8189
Parsing waveform for scitype=16
512
Parsing waveform for scitype=32
512
Parsing waveform for scitype=64
512
Parsing waveform for scitype=2
8189
Parsing waveform for scitype=4
8189
Parsing waveform for scitype=8
8189
Parsing waveform for scitype=16
512
Parsing waveform for scitype=32
512
Parsing waveform for scitype=64
512
Parsing waveform for scitype=2
8189
Parsing waveform for scitype=4
8189
Parsing waveform for scitype=8
8189
Parsing waveform for scitype=16
512
Parsing waveform for scitype=32
512
Parsing waveform for scitype=64
512
Parsing waveform for scitype=2
8189
Parsing waveform for scitype=4
8189
Parsing waveform for scitype=8
8189
Parsing waveform for scitype=16
512
Parsing waveform for scitype=32
512
Parsing waveform for scitype=64
512
Parsing waveform for scitype=2
8189
Parsing waveform for scitype=4
8189
Parsing waveform for scitype=8
8189
Parsing waveform for scitype=16
512
Parsing waveform for scitype=32
512
Parsing waveform for scitype=64
512
Parsing waveform for scitype=2
8189
Parsing waveform for scitype=4
8189
Parsing waveform for scitype=8
8189
Parsing waveform for scitype=16
512
Parsing waveform for scitype=32
512
Parsing waveform for scitype=64
512
Parsing waveform for scitype=2
8189
Parsing waveform for scitype=4
8189
Parsing waveform for scitype=8
8189
Parsing waveform for scitype=16
512
Parsing waveform for scitype=32
512
Parsing waveform for scitype=64
512
Parsing waveform for scitype=2
8189
Parsing waveform for scitype=4
8189
Parsing waveform for scitype=8
8189
Parsing waveform for scitype=16
512
Parsing waveform for scitype=32
512
Parsing waveform for scitype=64
512
Parsing waveform for scitype=2
8189
Parsing waveform for scitype=4
8189
Parsing waveform for scitype=8
8189
Parsing waveform for scitype=16
512
Parsing waveform for scitype=32
512
Parsing waveform for scitype=64
512
Parsing waveform for scitype=2
8189
Parsing waveform for scitype=4
8189
Parsing waveform for scitype=8
8189
Parsing waveform for scitype=16
512
Parsing waveform for scitype=32
512
Parsing waveform for scitype=64
512
Parsing waveform for scitype=2
8189
Parsing waveform for scitype=4
8189
Parsing waveform for scitype=8
8189
Parsing waveform for scitype=16
512
Parsing waveform for scitype=32
512
Parsing waveform for scitype=64
512
Parsing waveform for scitype=2
8189
Parsing waveform for scitype=4
8189
Parsing waveform for scitype=8
8189
Parsing waveform for scitype=16
512
Parsing waveform for scitype=32
512
Parsing waveform for scitype=64
512
Parsing waveform for scitype=2
8189
Parsing waveform for scitype=4
8189
Parsing waveform for scitype=8
8189
Parsing waveform for scitype=16
512
Parsing waveform for scitype=32
512
Parsing waveform for scitype=64
512
Parsing waveform for scitype=2
8189
Parsing waveform for scitype=4
8189
Parsing waveform for scitype=8
8189
Parsing waveform for scitype=16
512
Parsing waveform for scitype=32
512
Parsing waveform for scitype=64
512
Parsing waveform for scitype=2
8189
Parsing waveform for scitype=4
8189
Parsing waveform for scitype=8
8189
Parsing waveform for scitype=16
512
Parsing waveform for scitype=32
512
Parsing waveform for scitype=64
512
Parsing waveform for scitype=2
8189
Parsing waveform for scitype=4
8189
Parsing waveform for scitype=8
8189
Parsing waveform for scitype=16
512
Parsing waveform for scitype=32
512
Parsing waveform for scitype=64
512
Parsing waveform for scitype=2
8189
Parsing waveform for scitype=4
8189
Parsing waveform for scitype=8
8189
Parsing waveform for scitype=16
512
Parsing waveform for scitype=32
512
Parsing waveform for scitype=64
512
Parsing waveform for scitype=2
8189
Parsing waveform for scitype=4
8189
Parsing waveform for scitype=8
8189
Parsing waveform for scitype=16
512
Parsing waveform for scitype=32
512
Parsing waveform for scitype=64
512
Parsing waveform for scitype=2
8189
Parsing waveform for scitype=4
8189
Parsing waveform for scitype=8
8189
Parsing waveform for scitype=16
512
Parsing waveform for scitype=32
512
Parsing waveform for scitype=64
512
Parsing waveform for scitype=2
8189
Parsing waveform for scitype=4
8189
Parsing waveform for scitype=8
8189
Parsing waveform for scitype=16
512
Parsing waveform for scitype=32
512
Parsing waveform for scitype=64
512
'list' object has no attribute 'min'
Created dataset: /1/Metadata/SHCOARSE with value: 439590155
Created dataset: /1/Metadata/SHFINE with value: 11102
Skipping header field IDX__SCI0AID
Skipping header field IDX__SCI0TYPE
Skipping header field IDX__SCI0CONT
Skipping header field IDX__SCI0SPARE1
Skipping header field IDX__SCI0PACK
Skipping header field IDX__SCI0FRAG
Skipping header field IDX__SCI0COMP
Skipping header field IDX__SCI0EVTNUM
Skipping header field IDX__SCI0CAT
Skipping header field IDX__SCI0QUAL
Skipping header field IDX__SCI0FRAGOFF
Skipping header field IDX__SCI0VER
Skipping header field IDX__SCI0TIME32
Skipping header field IDX__SCI0SPARE2
Skipping header field IDX__SCI0SPARE3
Skipping header field IDX__SCI0SPARE4
Skipping header field IDX__TXHDRSCIEVTLEN
Skipping header field IDX__TXHDRSP00
Skipping header field IDX__TXHDRTIMESEC1
Skipping header field IDX__TXHDRTIMESEC2
Skipping header field IDX__TXHDRTIMESUBS
Skipping header field IDX__TXHDRSP01
Skipping header field IDX__TXHDRTRIGOFFSET
Skipping header field IDX__TXHDRSP02
Skipping header field IDX__TXHDRTRIGID
Skipping header field IDX__TXHDREVTNUM
Skipping header field IDX__TXHDRBLOCKS
Skipping header field IDX__TXHDRHGTRIGCTRL1
Skipping header field IDX__TXHDRHGTRIGCTRL2
Skipping header field IDX__TXHDRLGTRIGCTRL1
Skipping header field IDX__TXHDRLGTRIGCTRL2
Skipping header field IDX__TXHDRMGTRIGCTRL1
Skipping header field IDX__TXHDRMGTRIGCTRL2
Skipping header field IDX__TXHDRSP03
Skipping header field IDX__TXHDRLSADC
Skipping header field IDX__TXHDRPOLSTAT
Skipping header field IDX__TXHDRSP04
Skipping header field IDX__TXHDRPOLCTRL
Skipping header field IDX__TXHDRCOINENA
Skipping header field IDX__TXHDRLSTRIGMODE
Skipping header field IDX__TXHDRMGTRIGMODE
Skipping header field IDX__TXHDRLGTRIGMODE
Skipping header field IDX__TXHDRHGTRIGMODE
Skipping header field IDX__TXHDRSP05
Skipping header field IDX__TXHDRSP06
Skipping header field IDX__TXHDRSP07
Skipping header field IDX__TXHDRSP08
Skipping header field IDX__TXHDRTOFMAX
Skipping header field IDX__TXHDRTOFMIN
Skipping header field IDX__TXHDRLS0MAXMIN
Skipping header field IDX__TXHDRLS1MAXMIN
Skipping header field IDX__TXHDRLS2MAXMIN
Skipping header field IDX__TXHDRFIFODELAY
Skipping header field IDX__TXHDRSAMPDELAY
Skipping header field IDX__TXHDRTRANSCNT
Skipping header field IDX__TXHDRPROCHKCH01
Skipping header field IDX__TXHDRPROCHKCH23
Skipping header field IDX__TXHDRPROCHKCH45
Skipping header field IDX__TXHDRPROCHKCH67
Skipping header field IDX__TXHDRHVPSHKCH01
Skipping header field IDX__TXHDRHVPSHKCH23
Skipping header field IDX__TXHDRHVPSHKCH45
Skipping header field IDX__TXHDRHVPSHKCH67
Skipping header field IDX__TXHDRLVHK0CH01
Skipping header field IDX__TXHDRLVHK0CH23
Skipping header field IDX__TXHDRLVHK0CH45
Skipping header field IDX__TXHDRLVHK0CH67
Skipping header field IDX__TXHDRLVHK1CH01
Skipping header field IDX__TXHDRLVHK1CH23
Skipping header field IDX__TXHDRLVHK1CH45
Skipping header field IDX__TXHDRLVHK1CH67
Skipping header field IDX__TXHDRLVHK2CH01
Skipping header field IDX__TXHDRLVHK2CH23
Skipping header field IDX__TXHDRLVHK2CH45
Skipping header field IDX__TXHDRLVHK2CH67
Skipping header field IDX__TXHDRSP09
Skipping header field IDX__TXHDRSP10
Skipping header field IDX__TXHDRFSWAIDCOPY
Skipping header field IDX__TXHDRFSWBINCOPY
Skipping header field IDX__TXHDRFSWMAJOR
Skipping header field IDX__TXHDRFSWMINOR
Skipping header field IDX__TXHDRFSWPATCH
Skipping header field IDX__TXHDRFSWHVSTAT
Skipping header field IDX__TXHDRFSWMEM0
Skipping header field IDX__TXHDRFSWMEM1
Skipping header field IDX__TXHDRFSWPT0
Skipping header field IDX__TXHDRFSWPT1
Skipping header field IDX__TXHDRFSWPT2
Skipping header field IDX__TXHDRFSWPT3
Skipping header field IDX__TXHDRFSWPT4
Skipping header field IDX__TXHDRFSWPT5
Skipping header field IDX__TXHDRFSWPT6
Skipping header field IDX__TXHDRFSWPT7
Skipping header field IDX__TXHDRFSWPT8
Skipping header field IDX__TXHDRFSWPT9
Skipping header field IDX__TXHDRFPGAVER
Skipping header field IDX__SYNCSCI0PKT
Skipping header field IDX__CRCSCI0PKT
Created dataset: /1/Metadata/detector_voltage with value: 2401.4628000000002
Created dataset: /1/Metadata/sensor_voltage with value: 2943.5868
Created dataset: /1/Metadata/target_voltage with value: 2501.0964
Created dataset: /1/Metadata/reflectron_voltage with value: 197.80200000000002
Created dataset: /1/Metadata/rejection_voltage with value: 2949.4476
Created dataset: /1/Metadata/current_hvps_sensor with value: 0.017091558
Created dataset: /1/Metadata/positive_current_hvps with value: 0.06571529999999999
Created dataset: /1/Metadata/negative_current_hvps with value: 0.007447733999999999
Created dataset: /1/Metadata/voltage_3V3_ref with value: 3.30080256
Created dataset: /1/Metadata/voltage_3V3_op_ref with value: 3.30080256
Created dataset: /1/Metadata/voltage_neg6V_bus with value: -6.424318940000003
Created dataset: /1/Metadata/voltage_pos6V_bus with value: 6.3824112
Created dataset: /1/Metadata/voltage_pos16V_bus with value: 15.3019387
Created dataset: /1/Metadata/voltage_pos3V3_bus with value: 3.3185314800000003
Created dataset: /1/Metadata/voltage_neg5V_bus with value: -5.032597150000001
Created dataset: /1/Metadata/voltage_pos5V_bus with value: 5.0930352
Created dataset: /1/Metadata/current_3V3_bus with value: 2.5304004
Created dataset: /1/Metadata/current_16V_bus with value: 0.15633684
Created dataset: /1/Metadata/current_6V_bus with value: 0.1034725524
Created dataset: /1/Metadata/current_neg6V_bus with value: -0.07816851699999999
Created dataset: /1/Metadata/current_5V_bus with value: 0.06402564056
Created dataset: /1/Metadata/current_neg5V_bus with value: -0.0564102
Created dataset: /1/Metadata/current_2V5_bus with value: 0.77523732
Created dataset: /1/Metadata/current_neg2V5_bus with value: -0.11636618400000001
Created dataset: /1/Metadata/current_1V_pol with value: 572.4546402
Created dataset: /1/Metadata/current_1.9V_pol with value: 1123.2390732000001
Created dataset: /1/Metadata/temperature_1 with value: -408.6811903905609
Created dataset: /1/Metadata/temperature_2 with value: -803.7027843446795
Created dataset: /1/Metadata/voltage_1V_bus with value: 1.004102806
Created dataset: /1/Metadata/fpga_temperature with value: -2.332195200000001
Created dataset: /1/Metadata/voltage_1.9V_bus with value: 1.884908879
Created dataset: /1/Metadata/voltage_3.3V_bus with value: 3.2975832119999997
Created dataset: /1/Metadata/TOFDelay with value: 49331280
Created dataset: /1/Metadata/TOFDelay_L with value: 80
Created dataset: /1/Metadata/TOFDelay_M with value: 47
Created dataset: /1/Metadata/TOFDelay_H with value: 47
Created dataset: /1/Metadata/FIFODelay with value: 17
Created dataset: /1/Metadata/TriggerLevel with value: 0.15317
Created dataset: /1/Metadata/TriggerMode with value: HGThreshold
Created dataset: /1/Metadata/Timestamp with value: 1701873022.20602
Created dataset: /1/Metadata/SpacecraftSeconds with value: 439569022.20602
Created dataset: /2/Metadata/SHCOARSE with value: 439590168
Created dataset: /2/Metadata/SHFINE with value: 11090
Skipping header field IDX__SCI0AID
Skipping header field IDX__SCI0TYPE
Skipping header field IDX__SCI0CONT
Skipping header field IDX__SCI0SPARE1
Skipping header field IDX__SCI0PACK
Skipping header field IDX__SCI0FRAG
Skipping header field IDX__SCI0COMP
Skipping header field IDX__SCI0EVTNUM
Skipping header field IDX__SCI0CAT
Skipping header field IDX__SCI0QUAL
Skipping header field IDX__SCI0FRAGOFF
Skipping header field IDX__SCI0VER
Skipping header field IDX__SCI0TIME32
Skipping header field IDX__SCI0SPARE2
Skipping header field IDX__SCI0SPARE3
Skipping header field IDX__SCI0SPARE4
Skipping header field IDX__TXHDRSCIEVTLEN
Skipping header field IDX__TXHDRSP00
Skipping header field IDX__TXHDRTIMESEC1
Skipping header field IDX__TXHDRTIMESEC2
Skipping header field IDX__TXHDRTIMESUBS
Skipping header field IDX__TXHDRSP01
Skipping header field IDX__TXHDRTRIGOFFSET
Skipping header field IDX__TXHDRSP02
Skipping header field IDX__TXHDRTRIGID
Skipping header field IDX__TXHDREVTNUM
Skipping header field IDX__TXHDRBLOCKS
Skipping header field IDX__TXHDRHGTRIGCTRL1
Skipping header field IDX__TXHDRHGTRIGCTRL2
Skipping header field IDX__TXHDRLGTRIGCTRL1
Skipping header field IDX__TXHDRLGTRIGCTRL2
Skipping header field IDX__TXHDRMGTRIGCTRL1
Skipping header field IDX__TXHDRMGTRIGCTRL2
Skipping header field IDX__TXHDRSP03
Skipping header field IDX__TXHDRLSADC
Skipping header field IDX__TXHDRPOLSTAT
Skipping header field IDX__TXHDRSP04
Skipping header field IDX__TXHDRPOLCTRL
Skipping header field IDX__TXHDRCOINENA
Skipping header field IDX__TXHDRLSTRIGMODE
Skipping header field IDX__TXHDRMGTRIGMODE
Skipping header field IDX__TXHDRLGTRIGMODE
Skipping header field IDX__TXHDRHGTRIGMODE
Skipping header field IDX__TXHDRSP05
Skipping header field IDX__TXHDRSP06
Skipping header field IDX__TXHDRSP07
Skipping header field IDX__TXHDRSP08
Skipping header field IDX__TXHDRTOFMAX
Skipping header field IDX__TXHDRTOFMIN
Skipping header field IDX__TXHDRLS0MAXMIN
Skipping header field IDX__TXHDRLS1MAXMIN
Skipping header field IDX__TXHDRLS2MAXMIN
Skipping header field IDX__TXHDRFIFODELAY
Skipping header field IDX__TXHDRSAMPDELAY
Skipping header field IDX__TXHDRTRANSCNT
Skipping header field IDX__TXHDRPROCHKCH01
Skipping header field IDX__TXHDRPROCHKCH23
Skipping header field IDX__TXHDRPROCHKCH45
Skipping header field IDX__TXHDRPROCHKCH67
Skipping header field IDX__TXHDRHVPSHKCH01
Skipping header field IDX__TXHDRHVPSHKCH23
Skipping header field IDX__TXHDRHVPSHKCH45
Skipping header field IDX__TXHDRHVPSHKCH67
Skipping header field IDX__TXHDRLVHK0CH01
Skipping header field IDX__TXHDRLVHK0CH23
Skipping header field IDX__TXHDRLVHK0CH45
Skipping header field IDX__TXHDRLVHK0CH67
Skipping header field IDX__TXHDRLVHK1CH01
Skipping header field IDX__TXHDRLVHK1CH23
Skipping header field IDX__TXHDRLVHK1CH45
Skipping header field IDX__TXHDRLVHK1CH67
Skipping header field IDX__TXHDRLVHK2CH01
Skipping header field IDX__TXHDRLVHK2CH23
Skipping header field IDX__TXHDRLVHK2CH45
Skipping header field IDX__TXHDRLVHK2CH67
Skipping header field IDX__TXHDRSP09
Skipping header field IDX__TXHDRSP10
Skipping header field IDX__TXHDRFSWAIDCOPY
Skipping header field IDX__TXHDRFSWBINCOPY
Skipping header field IDX__TXHDRFSWMAJOR
Skipping header field IDX__TXHDRFSWMINOR
Skipping header field IDX__TXHDRFSWPATCH
Skipping header field IDX__TXHDRFSWHVSTAT
Skipping header field IDX__TXHDRFSWMEM0
Skipping header field IDX__TXHDRFSWMEM1
Skipping header field IDX__TXHDRFSWPT0
Skipping header field IDX__TXHDRFSWPT1
Skipping header field IDX__TXHDRFSWPT2
Skipping header field IDX__TXHDRFSWPT3
Skipping header field IDX__TXHDRFSWPT4
Skipping header field IDX__TXHDRFSWPT5
Skipping header field IDX__TXHDRFSWPT6
Skipping header field IDX__TXHDRFSWPT7
Skipping header field IDX__TXHDRFSWPT8
Skipping header field IDX__TXHDRFSWPT9
Skipping header field IDX__TXHDRFPGAVER
Skipping header field IDX__SYNCSCI0PKT
Skipping header field IDX__CRCSCI0PKT
Created dataset: /2/Metadata/detector_voltage with value: 2401.4628000000002
Created dataset: /2/Metadata/sensor_voltage with value: 2943.5868
Created dataset: /2/Metadata/target_voltage with value: 2501.0964
Created dataset: /2/Metadata/reflectron_voltage with value: 197.80200000000002
Created dataset: /2/Metadata/rejection_voltage with value: 2949.4476
Created dataset: /2/Metadata/current_hvps_sensor with value: 0.017091558
Created dataset: /2/Metadata/positive_current_hvps with value: 0.065739639
Created dataset: /2/Metadata/negative_current_hvps with value: 0.007447733999999999
Created dataset: /2/Metadata/voltage_3V3_ref with value: 3.30080256
Created dataset: /2/Metadata/voltage_3V3_op_ref with value: 3.30080256
Created dataset: /2/Metadata/voltage_neg6V_bus with value: -6.424318940000003
Created dataset: /2/Metadata/voltage_pos6V_bus with value: 6.3824112
Created dataset: /2/Metadata/voltage_pos16V_bus with value: 15.3019387
Created dataset: /2/Metadata/voltage_pos3V3_bus with value: 3.3185314800000003
Created dataset: /2/Metadata/voltage_neg5V_bus with value: -5.032597150000001
Created dataset: /2/Metadata/voltage_pos5V_bus with value: 5.0930352
Created dataset: /2/Metadata/current_3V3_bus with value: 2.5287886800000003
Created dataset: /2/Metadata/current_16V_bus with value: 0.15633684
Created dataset: /2/Metadata/current_6V_bus with value: 0.1034725524
Created dataset: /2/Metadata/current_neg6V_bus with value: -0.07816851699999999
Created dataset: /2/Metadata/current_5V_bus with value: 0.06402564056
Created dataset: /2/Metadata/current_neg5V_bus with value: -0.0564102
Created dataset: /2/Metadata/current_2V5_bus with value: 0.77523732
Created dataset: /2/Metadata/current_neg2V5_bus with value: -0.116325891
Created dataset: /2/Metadata/current_1V_pol with value: 571.5517149
Created dataset: /2/Metadata/current_1.9V_pol with value: 1123.2390732000001
Created dataset: /2/Metadata/temperature_1 with value: -408.6811903905609
Created dataset: /2/Metadata/temperature_2 with value: -801.8818752684547
Created dataset: /2/Metadata/voltage_1V_bus with value: 1.004102806
Created dataset: /2/Metadata/fpga_temperature with value: -2.2134848000000034
Created dataset: /2/Metadata/voltage_1.9V_bus with value: 1.884908879
Created dataset: /2/Metadata/voltage_3.3V_bus with value: 3.2975832119999997
Created dataset: /2/Metadata/TOFDelay with value: 7347236
Created dataset: /2/Metadata/TOFDelay_L with value: 36
Created dataset: /2/Metadata/TOFDelay_M with value: 7
Created dataset: /2/Metadata/TOFDelay_H with value: 7
Created dataset: /2/Metadata/FIFODelay with value: 15
Created dataset: /2/Metadata/TriggerLevel with value: 0.15317
Created dataset: /2/Metadata/TriggerMode with value: HGThreshold
Created dataset: /2/Metadata/Timestamp with value: 1701873022.20628
Created dataset: /2/Metadata/SpacecraftSeconds with value: 439569022.20628
Created dataset: /3/Metadata/SHCOARSE with value: 439590182
Created dataset: /3/Metadata/SHFINE with value: 11077
Skipping header field IDX__SCI0AID
Skipping header field IDX__SCI0TYPE
Skipping header field IDX__SCI0CONT
Skipping header field IDX__SCI0SPARE1
Skipping header field IDX__SCI0PACK
Skipping header field IDX__SCI0FRAG
Skipping header field IDX__SCI0COMP
Skipping header field IDX__SCI0EVTNUM
Skipping header field IDX__SCI0CAT
Skipping header field IDX__SCI0QUAL
Skipping header field IDX__SCI0FRAGOFF
Skipping header field IDX__SCI0VER
Skipping header field IDX__SCI0TIME32
Skipping header field IDX__SCI0SPARE2
Skipping header field IDX__SCI0SPARE3
Skipping header field IDX__SCI0SPARE4
Skipping header field IDX__TXHDRSCIEVTLEN
Skipping header field IDX__TXHDRSP00
Skipping header field IDX__TXHDRTIMESEC1
Skipping header field IDX__TXHDRTIMESEC2
Skipping header field IDX__TXHDRTIMESUBS
Skipping header field IDX__TXHDRSP01
Skipping header field IDX__TXHDRTRIGOFFSET
Skipping header field IDX__TXHDRSP02
Skipping header field IDX__TXHDRTRIGID
Skipping header field IDX__TXHDREVTNUM
Skipping header field IDX__TXHDRBLOCKS
Skipping header field IDX__TXHDRHGTRIGCTRL1
Skipping header field IDX__TXHDRHGTRIGCTRL2
Skipping header field IDX__TXHDRLGTRIGCTRL1
Skipping header field IDX__TXHDRLGTRIGCTRL2
Skipping header field IDX__TXHDRMGTRIGCTRL1
Skipping header field IDX__TXHDRMGTRIGCTRL2
Skipping header field IDX__TXHDRSP03
Skipping header field IDX__TXHDRLSADC
Skipping header field IDX__TXHDRPOLSTAT
Skipping header field IDX__TXHDRSP04
Skipping header field IDX__TXHDRPOLCTRL
Skipping header field IDX__TXHDRCOINENA
Skipping header field IDX__TXHDRLSTRIGMODE
Skipping header field IDX__TXHDRMGTRIGMODE
Skipping header field IDX__TXHDRLGTRIGMODE
Skipping header field IDX__TXHDRHGTRIGMODE
Skipping header field IDX__TXHDRSP05
Skipping header field IDX__TXHDRSP06
Skipping header field IDX__TXHDRSP07
Skipping header field IDX__TXHDRSP08
Skipping header field IDX__TXHDRTOFMAX
Skipping header field IDX__TXHDRTOFMIN
Skipping header field IDX__TXHDRLS0MAXMIN
Skipping header field IDX__TXHDRLS1MAXMIN
Skipping header field IDX__TXHDRLS2MAXMIN
Skipping header field IDX__TXHDRFIFODELAY
Skipping header field IDX__TXHDRSAMPDELAY
Skipping header field IDX__TXHDRTRANSCNT
Skipping header field IDX__TXHDRPROCHKCH01
Skipping header field IDX__TXHDRPROCHKCH23
Skipping header field IDX__TXHDRPROCHKCH45
Skipping header field IDX__TXHDRPROCHKCH67
Skipping header field IDX__TXHDRHVPSHKCH01
Skipping header field IDX__TXHDRHVPSHKCH23
Skipping header field IDX__TXHDRHVPSHKCH45
Skipping header field IDX__TXHDRHVPSHKCH67
Skipping header field IDX__TXHDRLVHK0CH01
Skipping header field IDX__TXHDRLVHK0CH23
Skipping header field IDX__TXHDRLVHK0CH45
Skipping header field IDX__TXHDRLVHK0CH67
Skipping header field IDX__TXHDRLVHK1CH01
Skipping header field IDX__TXHDRLVHK1CH23
Skipping header field IDX__TXHDRLVHK1CH45
Skipping header field IDX__TXHDRLVHK1CH67
Skipping header field IDX__TXHDRLVHK2CH01
Skipping header field IDX__TXHDRLVHK2CH23
Skipping header field IDX__TXHDRLVHK2CH45
Skipping header field IDX__TXHDRLVHK2CH67
Skipping header field IDX__TXHDRSP09
Skipping header field IDX__TXHDRSP10
Skipping header field IDX__TXHDRFSWAIDCOPY
Skipping header field IDX__TXHDRFSWBINCOPY
Skipping header field IDX__TXHDRFSWMAJOR
Skipping header field IDX__TXHDRFSWMINOR
Skipping header field IDX__TXHDRFSWPATCH
Skipping header field IDX__TXHDRFSWHVSTAT
Skipping header field IDX__TXHDRFSWMEM0
Skipping header field IDX__TXHDRFSWMEM1
Skipping header field IDX__TXHDRFSWPT0
Skipping header field IDX__TXHDRFSWPT1
Skipping header field IDX__TXHDRFSWPT2
Skipping header field IDX__TXHDRFSWPT3
Skipping header field IDX__TXHDRFSWPT4
Skipping header field IDX__TXHDRFSWPT5
Skipping header field IDX__TXHDRFSWPT6
Skipping header field IDX__TXHDRFSWPT7
Skipping header field IDX__TXHDRFSWPT8
Skipping header field IDX__TXHDRFSWPT9
Skipping header field IDX__TXHDRFPGAVER
Skipping header field IDX__SYNCSCI0PKT
Skipping header field IDX__CRCSCI0PKT
Created dataset: /3/Metadata/detector_voltage with value: 2401.4628000000002
Created dataset: /3/Metadata/sensor_voltage with value: 2943.5868
Created dataset: /3/Metadata/target_voltage with value: 2501.0964
Created dataset: /3/Metadata/reflectron_voltage with value: 197.80200000000002
Created dataset: /3/Metadata/rejection_voltage with value: 2947.9824000000003
Created dataset: /3/Metadata/current_hvps_sensor with value: 0.017091558
Created dataset: /3/Metadata/positive_current_hvps with value: 0.06571529999999999
Created dataset: /3/Metadata/negative_current_hvps with value: 0.007447733999999999
Created dataset: /3/Metadata/voltage_3V3_ref with value: 3.30080256
Created dataset: /3/Metadata/voltage_3V3_op_ref with value: 3.30080256
Created dataset: /3/Metadata/voltage_neg6V_bus with value: -6.424318940000003
Created dataset: /3/Metadata/voltage_pos6V_bus with value: 6.3824112
Created dataset: /3/Metadata/voltage_pos16V_bus with value: 15.3019387
Created dataset: /3/Metadata/voltage_pos3V3_bus with value: 3.3185314800000003
Created dataset: /3/Metadata/voltage_neg5V_bus with value: -5.032597150000001
Created dataset: /3/Metadata/voltage_pos5V_bus with value: 5.0930352
Created dataset: /3/Metadata/current_3V3_bus with value: 2.5287886800000003
Created dataset: /3/Metadata/current_16V_bus with value: 0.15633684
Created dataset: /3/Metadata/current_6V_bus with value: 0.1034725524
Created dataset: /3/Metadata/current_neg6V_bus with value: -0.07816851699999999
Created dataset: /3/Metadata/current_5V_bus with value: 0.06402564056
Created dataset: /3/Metadata/current_neg5V_bus with value: -0.0564102
Created dataset: /3/Metadata/current_2V5_bus with value: 0.77523732
Created dataset: /3/Metadata/current_neg2V5_bus with value: -0.116325891
Created dataset: /3/Metadata/current_1V_pol with value: 571.5517149
Created dataset: /3/Metadata/current_1.9V_pol with value: 1123.2390732000001
Created dataset: /3/Metadata/temperature_1 with value: -408.6811903905609
Created dataset: /3/Metadata/temperature_2 with value: -801.8818752684547
Created dataset: /3/Metadata/voltage_1V_bus with value: 1.004102806
Created dataset: /3/Metadata/fpga_temperature with value: -2.332195200000001
Created dataset: /3/Metadata/voltage_1.9V_bus with value: 1.884908879
Created dataset: /3/Metadata/voltage_3.3V_bus with value: 3.2975832119999997
Created dataset: /3/Metadata/TOFDelay with value: 1073740833
Created dataset: /3/Metadata/TOFDelay_L with value: 33
Created dataset: /3/Metadata/TOFDelay_M with value: 1023
Created dataset: /3/Metadata/TOFDelay_H with value: 1023
Created dataset: /3/Metadata/FIFODelay with value: 17
Created dataset: /3/Metadata/TriggerLevel with value: 0.15317
Created dataset: /3/Metadata/TriggerMode with value: HGThreshold
Created dataset: /3/Metadata/Timestamp with value: 1701873022.2068
Created dataset: /3/Metadata/SpacecraftSeconds with value: 439569022.2068
Created dataset: /4/Metadata/SHCOARSE with value: 439590195
Created dataset: /4/Metadata/SHFINE with value: 11064
Skipping header field IDX__SCI0AID
Skipping header field IDX__SCI0TYPE
Skipping header field IDX__SCI0CONT
Skipping header field IDX__SCI0SPARE1
Skipping header field IDX__SCI0PACK
Skipping header field IDX__SCI0FRAG
Skipping header field IDX__SCI0COMP
Skipping header field IDX__SCI0EVTNUM
Skipping header field IDX__SCI0CAT
Skipping header field IDX__SCI0QUAL
Skipping header field IDX__SCI0FRAGOFF
Skipping header field IDX__SCI0VER
Skipping header field IDX__SCI0TIME32
Skipping header field IDX__SCI0SPARE2
Skipping header field IDX__SCI0SPARE3
Skipping header field IDX__SCI0SPARE4
Skipping header field IDX__TXHDRSCIEVTLEN
Skipping header field IDX__TXHDRSP00
Skipping header field IDX__TXHDRTIMESEC1
Skipping header field IDX__TXHDRTIMESEC2
Skipping header field IDX__TXHDRTIMESUBS
Skipping header field IDX__TXHDRSP01
Skipping header field IDX__TXHDRTRIGOFFSET
Skipping header field IDX__TXHDRSP02
Skipping header field IDX__TXHDRTRIGID
Skipping header field IDX__TXHDREVTNUM
Skipping header field IDX__TXHDRBLOCKS
Skipping header field IDX__TXHDRHGTRIGCTRL1
Skipping header field IDX__TXHDRHGTRIGCTRL2
Skipping header field IDX__TXHDRLGTRIGCTRL1
Skipping header field IDX__TXHDRLGTRIGCTRL2
Skipping header field IDX__TXHDRMGTRIGCTRL1
Skipping header field IDX__TXHDRMGTRIGCTRL2
Skipping header field IDX__TXHDRSP03
Skipping header field IDX__TXHDRLSADC
Skipping header field IDX__TXHDRPOLSTAT
Skipping header field IDX__TXHDRSP04
Skipping header field IDX__TXHDRPOLCTRL
Skipping header field IDX__TXHDRCOINENA
Skipping header field IDX__TXHDRLSTRIGMODE
Skipping header field IDX__TXHDRMGTRIGMODE
Skipping header field IDX__TXHDRLGTRIGMODE
Skipping header field IDX__TXHDRHGTRIGMODE
Skipping header field IDX__TXHDRSP05
Skipping header field IDX__TXHDRSP06
Skipping header field IDX__TXHDRSP07
Skipping header field IDX__TXHDRSP08
Skipping header field IDX__TXHDRTOFMAX
Skipping header field IDX__TXHDRTOFMIN
Skipping header field IDX__TXHDRLS0MAXMIN
Skipping header field IDX__TXHDRLS1MAXMIN
Skipping header field IDX__TXHDRLS2MAXMIN
Skipping header field IDX__TXHDRFIFODELAY
Skipping header field IDX__TXHDRSAMPDELAY
Skipping header field IDX__TXHDRTRANSCNT
Skipping header field IDX__TXHDRPROCHKCH01
Skipping header field IDX__TXHDRPROCHKCH23
Skipping header field IDX__TXHDRPROCHKCH45
Skipping header field IDX__TXHDRPROCHKCH67
Skipping header field IDX__TXHDRHVPSHKCH01
Skipping header field IDX__TXHDRHVPSHKCH23
Skipping header field IDX__TXHDRHVPSHKCH45
Skipping header field IDX__TXHDRHVPSHKCH67
Skipping header field IDX__TXHDRLVHK0CH01
Skipping header field IDX__TXHDRLVHK0CH23
Skipping header field IDX__TXHDRLVHK0CH45
Skipping header field IDX__TXHDRLVHK0CH67
Skipping header field IDX__TXHDRLVHK1CH01
Skipping header field IDX__TXHDRLVHK1CH23
Skipping header field IDX__TXHDRLVHK1CH45
Skipping header field IDX__TXHDRLVHK1CH67
Skipping header field IDX__TXHDRLVHK2CH01
Skipping header field IDX__TXHDRLVHK2CH23
Skipping header field IDX__TXHDRLVHK2CH45
Skipping header field IDX__TXHDRLVHK2CH67
Skipping header field IDX__TXHDRSP09
Skipping header field IDX__TXHDRSP10
Skipping header field IDX__TXHDRFSWAIDCOPY
Skipping header field IDX__TXHDRFSWBINCOPY
Skipping header field IDX__TXHDRFSWMAJOR
Skipping header field IDX__TXHDRFSWMINOR
Skipping header field IDX__TXHDRFSWPATCH
Skipping header field IDX__TXHDRFSWHVSTAT
Skipping header field IDX__TXHDRFSWMEM0
Skipping header field IDX__TXHDRFSWMEM1
Skipping header field IDX__TXHDRFSWPT0
Skipping header field IDX__TXHDRFSWPT1
Skipping header field IDX__TXHDRFSWPT2
Skipping header field IDX__TXHDRFSWPT3
Skipping header field IDX__TXHDRFSWPT4
Skipping header field IDX__TXHDRFSWPT5
Skipping header field IDX__TXHDRFSWPT6
Skipping header field IDX__TXHDRFSWPT7
Skipping header field IDX__TXHDRFSWPT8
Skipping header field IDX__TXHDRFSWPT9
Skipping header field IDX__TXHDRFPGAVER
Skipping header field IDX__SYNCSCI0PKT
Skipping header field IDX__CRCSCI0PKT
Created dataset: /4/Metadata/detector_voltage with value: 2401.4628000000002
Created dataset: /4/Metadata/sensor_voltage with value: 2943.5868
Created dataset: /4/Metadata/target_voltage with value: 2501.0964
Created dataset: /4/Metadata/reflectron_voltage with value: 197.80200000000002
Created dataset: /4/Metadata/rejection_voltage with value: 2947.9824000000003
Created dataset: /4/Metadata/current_hvps_sensor with value: 0.017091558
Created dataset: /4/Metadata/positive_current_hvps with value: 0.065739639
Created dataset: /4/Metadata/negative_current_hvps with value: 0.007447733999999999
Created dataset: /4/Metadata/voltage_3V3_ref with value: 3.30080256
Created dataset: /4/Metadata/voltage_3V3_op_ref with value: 3.30080256
Created dataset: /4/Metadata/voltage_neg6V_bus with value: -6.424318940000003
Created dataset: /4/Metadata/voltage_pos6V_bus with value: 6.3824112
Created dataset: /4/Metadata/voltage_pos16V_bus with value: 15.3019387
Created dataset: /4/Metadata/voltage_pos3V3_bus with value: 3.3185314800000003
Created dataset: /4/Metadata/voltage_neg5V_bus with value: -5.032597150000001
Created dataset: /4/Metadata/voltage_pos5V_bus with value: 5.0930352
Created dataset: /4/Metadata/current_3V3_bus with value: 2.5287886800000003
Created dataset: /4/Metadata/current_16V_bus with value: 0.15633684
Created dataset: /4/Metadata/current_6V_bus with value: 0.1034725524
Created dataset: /4/Metadata/current_neg6V_bus with value: -0.07816851699999999
Created dataset: /4/Metadata/current_5V_bus with value: 0.06402564056
Created dataset: /4/Metadata/current_neg5V_bus with value: -0.0564102
Created dataset: /4/Metadata/current_2V5_bus with value: 0.77523732
Created dataset: /4/Metadata/current_neg2V5_bus with value: -0.116325891
Created dataset: /4/Metadata/current_1V_pol with value: 570.6487896
Created dataset: /4/Metadata/current_1.9V_pol with value: 1123.2390732000001
Created dataset: /4/Metadata/temperature_1 with value: -408.6811903905609
Created dataset: /4/Metadata/temperature_2 with value: -801.8818752684547
Created dataset: /4/Metadata/voltage_1V_bus with value: 1.004102806
Created dataset: /4/Metadata/fpga_temperature with value: -2.2134848000000034
Created dataset: /4/Metadata/voltage_1.9V_bus with value: 1.884908879
Created dataset: /4/Metadata/voltage_3.3V_bus with value: 3.2975832119999997
Created dataset: /4/Metadata/TOFDelay with value: 15744051
Created dataset: /4/Metadata/TOFDelay_L with value: 51
Created dataset: /4/Metadata/TOFDelay_M with value: 15
Created dataset: /4/Metadata/TOFDelay_H with value: 15
Created dataset: /4/Metadata/FIFODelay with value: 18
Created dataset: /4/Metadata/TriggerLevel with value: 0.15317
Created dataset: /4/Metadata/TriggerMode with value: HGThreshold
Created dataset: /4/Metadata/Timestamp with value: 1701873022.20688
Created dataset: /4/Metadata/SpacecraftSeconds with value: 439569022.20688
Created dataset: /5/Metadata/SHCOARSE with value: 439590210
Created dataset: /5/Metadata/SHFINE with value: 11050
Skipping header field IDX__SCI0AID
Skipping header field IDX__SCI0TYPE
Skipping header field IDX__SCI0CONT
Skipping header field IDX__SCI0SPARE1
Skipping header field IDX__SCI0PACK
Skipping header field IDX__SCI0FRAG
Skipping header field IDX__SCI0COMP
Skipping header field IDX__SCI0EVTNUM
Skipping header field IDX__SCI0CAT
Skipping header field IDX__SCI0QUAL
Skipping header field IDX__SCI0FRAGOFF
Skipping header field IDX__SCI0VER
Skipping header field IDX__SCI0TIME32
Skipping header field IDX__SCI0SPARE2
Skipping header field IDX__SCI0SPARE3
Skipping header field IDX__SCI0SPARE4
Skipping header field IDX__TXHDRSCIEVTLEN
Skipping header field IDX__TXHDRSP00
Skipping header field IDX__TXHDRTIMESEC1
Skipping header field IDX__TXHDRTIMESEC2
Skipping header field IDX__TXHDRTIMESUBS
Skipping header field IDX__TXHDRSP01
Skipping header field IDX__TXHDRTRIGOFFSET
Skipping header field IDX__TXHDRSP02
Skipping header field IDX__TXHDRTRIGID
Skipping header field IDX__TXHDREVTNUM
Skipping header field IDX__TXHDRBLOCKS
Skipping header field IDX__TXHDRHGTRIGCTRL1
Skipping header field IDX__TXHDRHGTRIGCTRL2
Skipping header field IDX__TXHDRLGTRIGCTRL1
Skipping header field IDX__TXHDRLGTRIGCTRL2
Skipping header field IDX__TXHDRMGTRIGCTRL1
Skipping header field IDX__TXHDRMGTRIGCTRL2
Skipping header field IDX__TXHDRSP03
Skipping header field IDX__TXHDRLSADC
Skipping header field IDX__TXHDRPOLSTAT
Skipping header field IDX__TXHDRSP04
Skipping header field IDX__TXHDRPOLCTRL
Skipping header field IDX__TXHDRCOINENA
Skipping header field IDX__TXHDRLSTRIGMODE
Skipping header field IDX__TXHDRMGTRIGMODE
Skipping header field IDX__TXHDRLGTRIGMODE
Skipping header field IDX__TXHDRHGTRIGMODE
Skipping header field IDX__TXHDRSP05
Skipping header field IDX__TXHDRSP06
Skipping header field IDX__TXHDRSP07
Skipping header field IDX__TXHDRSP08
Skipping header field IDX__TXHDRTOFMAX
Skipping header field IDX__TXHDRTOFMIN
Skipping header field IDX__TXHDRLS0MAXMIN
Skipping header field IDX__TXHDRLS1MAXMIN
Skipping header field IDX__TXHDRLS2MAXMIN
Skipping header field IDX__TXHDRFIFODELAY
Skipping header field IDX__TXHDRSAMPDELAY
Skipping header field IDX__TXHDRTRANSCNT
Skipping header field IDX__TXHDRPROCHKCH01
Skipping header field IDX__TXHDRPROCHKCH23
Skipping header field IDX__TXHDRPROCHKCH45
Skipping header field IDX__TXHDRPROCHKCH67
Skipping header field IDX__TXHDRHVPSHKCH01
Skipping header field IDX__TXHDRHVPSHKCH23
Skipping header field IDX__TXHDRHVPSHKCH45
Skipping header field IDX__TXHDRHVPSHKCH67
Skipping header field IDX__TXHDRLVHK0CH01
Skipping header field IDX__TXHDRLVHK0CH23
Skipping header field IDX__TXHDRLVHK0CH45
Skipping header field IDX__TXHDRLVHK0CH67
Skipping header field IDX__TXHDRLVHK1CH01
Skipping header field IDX__TXHDRLVHK1CH23
Skipping header field IDX__TXHDRLVHK1CH45
Skipping header field IDX__TXHDRLVHK1CH67
Skipping header field IDX__TXHDRLVHK2CH01
Skipping header field IDX__TXHDRLVHK2CH23
Skipping header field IDX__TXHDRLVHK2CH45
Skipping header field IDX__TXHDRLVHK2CH67
Skipping header field IDX__TXHDRSP09
Skipping header field IDX__TXHDRSP10
Skipping header field IDX__TXHDRFSWAIDCOPY
Skipping header field IDX__TXHDRFSWBINCOPY
Skipping header field IDX__TXHDRFSWMAJOR
Skipping header field IDX__TXHDRFSWMINOR
Skipping header field IDX__TXHDRFSWPATCH
Skipping header field IDX__TXHDRFSWHVSTAT
Skipping header field IDX__TXHDRFSWMEM0
Skipping header field IDX__TXHDRFSWMEM1
Skipping header field IDX__TXHDRFSWPT0
Skipping header field IDX__TXHDRFSWPT1
Skipping header field IDX__TXHDRFSWPT2
Skipping header field IDX__TXHDRFSWPT3
Skipping header field IDX__TXHDRFSWPT4
Skipping header field IDX__TXHDRFSWPT5
Skipping header field IDX__TXHDRFSWPT6
Skipping header field IDX__TXHDRFSWPT7
Skipping header field IDX__TXHDRFSWPT8
Skipping header field IDX__TXHDRFSWPT9
Skipping header field IDX__TXHDRFPGAVER
Skipping header field IDX__SYNCSCI0PKT
Skipping header field IDX__CRCSCI0PKT
Created dataset: /5/Metadata/detector_voltage with value: 2401.4628000000002
Created dataset: /5/Metadata/sensor_voltage with value: 2943.5868
Created dataset: /5/Metadata/target_voltage with value: 2501.0964
Created dataset: /5/Metadata/reflectron_voltage with value: 197.80200000000002
Created dataset: /5/Metadata/rejection_voltage with value: 2949.4476
Created dataset: /5/Metadata/current_hvps_sensor with value: 0.017091558
Created dataset: /5/Metadata/positive_current_hvps with value: 0.06571529999999999
Created dataset: /5/Metadata/negative_current_hvps with value: 0.007447733999999999
Created dataset: /5/Metadata/voltage_3V3_ref with value: 3.30080256
Created dataset: /5/Metadata/voltage_3V3_op_ref with value: 3.30080256
Created dataset: /5/Metadata/voltage_neg6V_bus with value: -6.424318940000003
Created dataset: /5/Metadata/voltage_pos6V_bus with value: 6.3824112
Created dataset: /5/Metadata/voltage_pos16V_bus with value: 15.3019387
Created dataset: /5/Metadata/voltage_pos3V3_bus with value: 3.3185314800000003
Created dataset: /5/Metadata/voltage_neg5V_bus with value: -5.032597150000001
Created dataset: /5/Metadata/voltage_pos5V_bus with value: 5.0930352
Created dataset: /5/Metadata/current_3V3_bus with value: 2.5271769600000002
Created dataset: /5/Metadata/current_16V_bus with value: 0.15633684
Created dataset: /5/Metadata/current_6V_bus with value: 0.1034725524
Created dataset: /5/Metadata/current_neg6V_bus with value: -0.07816851699999999
Created dataset: /5/Metadata/current_5V_bus with value: 0.06402564056
Created dataset: /5/Metadata/current_neg5V_bus with value: -0.0564102
Created dataset: /5/Metadata/current_2V5_bus with value: 0.77523732
Created dataset: /5/Metadata/current_neg2V5_bus with value: -0.116325891
Created dataset: /5/Metadata/current_1V_pol with value: 571.5517149
Created dataset: /5/Metadata/current_1.9V_pol with value: 1123.2390732000001
Created dataset: /5/Metadata/temperature_1 with value: -408.6811903905609
Created dataset: /5/Metadata/temperature_2 with value: -801.8818752684547
Created dataset: /5/Metadata/voltage_1V_bus with value: 1.004102806
Created dataset: /5/Metadata/fpga_temperature with value: -2.332195200000001
Created dataset: /5/Metadata/voltage_1.9V_bus with value: 1.884908879
Created dataset: /5/Metadata/voltage_3.3V_bus with value: 3.2975832119999997
Created dataset: /5/Metadata/TOFDelay with value: 15744051
Created dataset: /5/Metadata/TOFDelay_L with value: 51
Created dataset: /5/Metadata/TOFDelay_M with value: 15
Created dataset: /5/Metadata/TOFDelay_H with value: 15
Created dataset: /5/Metadata/FIFODelay with value: 18
Created dataset: /5/Metadata/TriggerLevel with value: 0.15317
Created dataset: /5/Metadata/TriggerMode with value: HGThreshold
Created dataset: /5/Metadata/Timestamp with value: 1701873022.20708
Created dataset: /5/Metadata/SpacecraftSeconds with value: 439569022.20708
Created dataset: /6/Metadata/SHCOARSE with value: 439590223
Created dataset: /6/Metadata/SHFINE with value: 11038
Skipping header field IDX__SCI0AID
Skipping header field IDX__SCI0TYPE
Skipping header field IDX__SCI0CONT
Skipping header field IDX__SCI0SPARE1
Skipping header field IDX__SCI0PACK
Skipping header field IDX__SCI0FRAG
Skipping header field IDX__SCI0COMP
Skipping header field IDX__SCI0EVTNUM
Skipping header field IDX__SCI0CAT
Skipping header field IDX__SCI0QUAL
Skipping header field IDX__SCI0FRAGOFF
Skipping header field IDX__SCI0VER
Skipping header field IDX__SCI0TIME32
Skipping header field IDX__SCI0SPARE2
Skipping header field IDX__SCI0SPARE3
Skipping header field IDX__SCI0SPARE4
Skipping header field IDX__TXHDRSCIEVTLEN
Skipping header field IDX__TXHDRSP00
Skipping header field IDX__TXHDRTIMESEC1
Skipping header field IDX__TXHDRTIMESEC2
Skipping header field IDX__TXHDRTIMESUBS
Skipping header field IDX__TXHDRSP01
Skipping header field IDX__TXHDRTRIGOFFSET
Skipping header field IDX__TXHDRSP02
Skipping header field IDX__TXHDRTRIGID
Skipping header field IDX__TXHDREVTNUM
Skipping header field IDX__TXHDRBLOCKS
Skipping header field IDX__TXHDRHGTRIGCTRL1
Skipping header field IDX__TXHDRHGTRIGCTRL2
Skipping header field IDX__TXHDRLGTRIGCTRL1
Skipping header field IDX__TXHDRLGTRIGCTRL2
Skipping header field IDX__TXHDRMGTRIGCTRL1
Skipping header field IDX__TXHDRMGTRIGCTRL2
Skipping header field IDX__TXHDRSP03
Skipping header field IDX__TXHDRLSADC
Skipping header field IDX__TXHDRPOLSTAT
Skipping header field IDX__TXHDRSP04
Skipping header field IDX__TXHDRPOLCTRL
Skipping header field IDX__TXHDRCOINENA
Skipping header field IDX__TXHDRLSTRIGMODE
Skipping header field IDX__TXHDRMGTRIGMODE
Skipping header field IDX__TXHDRLGTRIGMODE
Skipping header field IDX__TXHDRHGTRIGMODE
Skipping header field IDX__TXHDRSP05
Skipping header field IDX__TXHDRSP06
Skipping header field IDX__TXHDRSP07
Skipping header field IDX__TXHDRSP08
Skipping header field IDX__TXHDRTOFMAX
Skipping header field IDX__TXHDRTOFMIN
Skipping header field IDX__TXHDRLS0MAXMIN
Skipping header field IDX__TXHDRLS1MAXMIN
Skipping header field IDX__TXHDRLS2MAXMIN
Skipping header field IDX__TXHDRFIFODELAY
Skipping header field IDX__TXHDRSAMPDELAY
Skipping header field IDX__TXHDRTRANSCNT
Skipping header field IDX__TXHDRPROCHKCH01
Skipping header field IDX__TXHDRPROCHKCH23
Skipping header field IDX__TXHDRPROCHKCH45
Skipping header field IDX__TXHDRPROCHKCH67
Skipping header field IDX__TXHDRHVPSHKCH01
Skipping header field IDX__TXHDRHVPSHKCH23
Skipping header field IDX__TXHDRHVPSHKCH45
Skipping header field IDX__TXHDRHVPSHKCH67
Skipping header field IDX__TXHDRLVHK0CH01
Skipping header field IDX__TXHDRLVHK0CH23
Skipping header field IDX__TXHDRLVHK0CH45
Skipping header field IDX__TXHDRLVHK0CH67
Skipping header field IDX__TXHDRLVHK1CH01
Skipping header field IDX__TXHDRLVHK1CH23
Skipping header field IDX__TXHDRLVHK1CH45
Skipping header field IDX__TXHDRLVHK1CH67
Skipping header field IDX__TXHDRLVHK2CH01
Skipping header field IDX__TXHDRLVHK2CH23
Skipping header field IDX__TXHDRLVHK2CH45
Skipping header field IDX__TXHDRLVHK2CH67
Skipping header field IDX__TXHDRSP09
Skipping header field IDX__TXHDRSP10
Skipping header field IDX__TXHDRFSWAIDCOPY
Skipping header field IDX__TXHDRFSWBINCOPY
Skipping header field IDX__TXHDRFSWMAJOR
Skipping header field IDX__TXHDRFSWMINOR
Skipping header field IDX__TXHDRFSWPATCH
Skipping header field IDX__TXHDRFSWHVSTAT
Skipping header field IDX__TXHDRFSWMEM0
Skipping header field IDX__TXHDRFSWMEM1
Skipping header field IDX__TXHDRFSWPT0
Skipping header field IDX__TXHDRFSWPT1
Skipping header field IDX__TXHDRFSWPT2
Skipping header field IDX__TXHDRFSWPT3
Skipping header field IDX__TXHDRFSWPT4
Skipping header field IDX__TXHDRFSWPT5
Skipping header field IDX__TXHDRFSWPT6
Skipping header field IDX__TXHDRFSWPT7
Skipping header field IDX__TXHDRFSWPT8
Skipping header field IDX__TXHDRFSWPT9
Skipping header field IDX__TXHDRFPGAVER
Skipping header field IDX__SYNCSCI0PKT
Skipping header field IDX__CRCSCI0PKT
Created dataset: /6/Metadata/detector_voltage with value: 2399.9976
Created dataset: /6/Metadata/sensor_voltage with value: 2943.5868
Created dataset: /6/Metadata/target_voltage with value: 2501.0964
Created dataset: /6/Metadata/reflectron_voltage with value: 197.80200000000002
Created dataset: /6/Metadata/rejection_voltage with value: 2947.9824000000003
Created dataset: /6/Metadata/current_hvps_sensor with value: 0.017091558
Created dataset: /6/Metadata/positive_current_hvps with value: 0.06571529999999999
Created dataset: /6/Metadata/negative_current_hvps with value: 0.007447733999999999
Created dataset: /6/Metadata/voltage_3V3_ref with value: 3.30080256
Created dataset: /6/Metadata/voltage_3V3_op_ref with value: 3.30080256
Created dataset: /6/Metadata/voltage_neg6V_bus with value: -6.424318940000003
Created dataset: /6/Metadata/voltage_pos6V_bus with value: 6.3824112
Created dataset: /6/Metadata/voltage_pos16V_bus with value: 15.3019387
Created dataset: /6/Metadata/voltage_pos3V3_bus with value: 3.3185314800000003
Created dataset: /6/Metadata/voltage_neg5V_bus with value: -5.032597150000001
Created dataset: /6/Metadata/voltage_pos5V_bus with value: 5.0930352
Created dataset: /6/Metadata/current_3V3_bus with value: 2.5287886800000003
Created dataset: /6/Metadata/current_16V_bus with value: 0.15633684
Created dataset: /6/Metadata/current_6V_bus with value: 0.1034725524
Created dataset: /6/Metadata/current_neg6V_bus with value: -0.07816851699999999
Created dataset: /6/Metadata/current_5V_bus with value: 0.06402564056
Created dataset: /6/Metadata/current_neg5V_bus with value: -0.0564102
Created dataset: /6/Metadata/current_2V5_bus with value: 0.77523732
Created dataset: /6/Metadata/current_neg2V5_bus with value: -0.11636618400000001
Created dataset: /6/Metadata/current_1V_pol with value: 572.4546402
Created dataset: /6/Metadata/current_1.9V_pol with value: 1123.2390732000001
Created dataset: /6/Metadata/temperature_1 with value: -408.6811903905609
Created dataset: /6/Metadata/temperature_2 with value: -801.8818752684547
Created dataset: /6/Metadata/voltage_1V_bus with value: 1.004102806
Created dataset: /6/Metadata/fpga_temperature with value: -2.332195200000001
Created dataset: /6/Metadata/voltage_1.9V_bus with value: 1.884908879
Created dataset: /6/Metadata/voltage_3.3V_bus with value: 3.2975832119999997
Created dataset: /6/Metadata/TOFDelay with value: 24140854
Created dataset: /6/Metadata/TOFDelay_L with value: 54
Created dataset: /6/Metadata/TOFDelay_M with value: 23
Created dataset: /6/Metadata/TOFDelay_H with value: 23
Created dataset: /6/Metadata/FIFODelay with value: 16
Created dataset: /6/Metadata/TriggerLevel with value: 0.15317
Created dataset: /6/Metadata/TriggerMode with value: HGThreshold
Created dataset: /6/Metadata/Timestamp with value: 1701873022.2071
Created dataset: /6/Metadata/SpacecraftSeconds with value: 439569022.2071
Created dataset: /7/Metadata/SHCOARSE with value: 439590237
Created dataset: /7/Metadata/SHFINE with value: 11024
Skipping header field IDX__SCI0AID
Skipping header field IDX__SCI0TYPE
Skipping header field IDX__SCI0CONT
Skipping header field IDX__SCI0SPARE1
Skipping header field IDX__SCI0PACK
Skipping header field IDX__SCI0FRAG
Skipping header field IDX__SCI0COMP
Skipping header field IDX__SCI0EVTNUM
Skipping header field IDX__SCI0CAT
Skipping header field IDX__SCI0QUAL
Skipping header field IDX__SCI0FRAGOFF
Skipping header field IDX__SCI0VER
Skipping header field IDX__SCI0TIME32
Skipping header field IDX__SCI0SPARE2
Skipping header field IDX__SCI0SPARE3
Skipping header field IDX__SCI0SPARE4
Skipping header field IDX__TXHDRSCIEVTLEN
Skipping header field IDX__TXHDRSP00
Skipping header field IDX__TXHDRTIMESEC1
Skipping header field IDX__TXHDRTIMESEC2
Skipping header field IDX__TXHDRTIMESUBS
Skipping header field IDX__TXHDRSP01
Skipping header field IDX__TXHDRTRIGOFFSET
Skipping header field IDX__TXHDRSP02
Skipping header field IDX__TXHDRTRIGID
Skipping header field IDX__TXHDREVTNUM
Skipping header field IDX__TXHDRBLOCKS
Skipping header field IDX__TXHDRHGTRIGCTRL1
Skipping header field IDX__TXHDRHGTRIGCTRL2
Skipping header field IDX__TXHDRLGTRIGCTRL1
Skipping header field IDX__TXHDRLGTRIGCTRL2
Skipping header field IDX__TXHDRMGTRIGCTRL1
Skipping header field IDX__TXHDRMGTRIGCTRL2
Skipping header field IDX__TXHDRSP03
Skipping header field IDX__TXHDRLSADC
Skipping header field IDX__TXHDRPOLSTAT
Skipping header field IDX__TXHDRSP04
Skipping header field IDX__TXHDRPOLCTRL
Skipping header field IDX__TXHDRCOINENA
Skipping header field IDX__TXHDRLSTRIGMODE
Skipping header field IDX__TXHDRMGTRIGMODE
Skipping header field IDX__TXHDRLGTRIGMODE
Skipping header field IDX__TXHDRHGTRIGMODE
Skipping header field IDX__TXHDRSP05
Skipping header field IDX__TXHDRSP06
Skipping header field IDX__TXHDRSP07
Skipping header field IDX__TXHDRSP08
Skipping header field IDX__TXHDRTOFMAX
Skipping header field IDX__TXHDRTOFMIN
Skipping header field IDX__TXHDRLS0MAXMIN
Skipping header field IDX__TXHDRLS1MAXMIN
Skipping header field IDX__TXHDRLS2MAXMIN
Skipping header field IDX__TXHDRFIFODELAY
Skipping header field IDX__TXHDRSAMPDELAY
Skipping header field IDX__TXHDRTRANSCNT
Skipping header field IDX__TXHDRPROCHKCH01
Skipping header field IDX__TXHDRPROCHKCH23
Skipping header field IDX__TXHDRPROCHKCH45
Skipping header field IDX__TXHDRPROCHKCH67
Skipping header field IDX__TXHDRHVPSHKCH01
Skipping header field IDX__TXHDRHVPSHKCH23
Skipping header field IDX__TXHDRHVPSHKCH45
Skipping header field IDX__TXHDRHVPSHKCH67
Skipping header field IDX__TXHDRLVHK0CH01
Skipping header field IDX__TXHDRLVHK0CH23
Skipping header field IDX__TXHDRLVHK0CH45
Skipping header field IDX__TXHDRLVHK0CH67
Skipping header field IDX__TXHDRLVHK1CH01
Skipping header field IDX__TXHDRLVHK1CH23
Skipping header field IDX__TXHDRLVHK1CH45
Skipping header field IDX__TXHDRLVHK1CH67
Skipping header field IDX__TXHDRLVHK2CH01
Skipping header field IDX__TXHDRLVHK2CH23
Skipping header field IDX__TXHDRLVHK2CH45
Skipping header field IDX__TXHDRLVHK2CH67
Skipping header field IDX__TXHDRSP09
Skipping header field IDX__TXHDRSP10
Skipping header field IDX__TXHDRFSWAIDCOPY
Skipping header field IDX__TXHDRFSWBINCOPY
Skipping header field IDX__TXHDRFSWMAJOR
Skipping header field IDX__TXHDRFSWMINOR
Skipping header field IDX__TXHDRFSWPATCH
Skipping header field IDX__TXHDRFSWHVSTAT
Skipping header field IDX__TXHDRFSWMEM0
Skipping header field IDX__TXHDRFSWMEM1
Skipping header field IDX__TXHDRFSWPT0
Skipping header field IDX__TXHDRFSWPT1
Skipping header field IDX__TXHDRFSWPT2
Skipping header field IDX__TXHDRFSWPT3
Skipping header field IDX__TXHDRFSWPT4
Skipping header field IDX__TXHDRFSWPT5
Skipping header field IDX__TXHDRFSWPT6
Skipping header field IDX__TXHDRFSWPT7
Skipping header field IDX__TXHDRFSWPT8
Skipping header field IDX__TXHDRFSWPT9
Skipping header field IDX__TXHDRFPGAVER
Skipping header field IDX__SYNCSCI0PKT
Skipping header field IDX__CRCSCI0PKT
Created dataset: /7/Metadata/detector_voltage with value: 2401.4628000000002
Created dataset: /7/Metadata/sensor_voltage with value: 2943.5868
Created dataset: /7/Metadata/target_voltage with value: 2501.0964
Created dataset: /7/Metadata/reflectron_voltage with value: 197.80200000000002
Created dataset: /7/Metadata/rejection_voltage with value: 2949.4476
Created dataset: /7/Metadata/current_hvps_sensor with value: 0.017091558
Created dataset: /7/Metadata/positive_current_hvps with value: 0.065739639
Created dataset: /7/Metadata/negative_current_hvps with value: 0.007423394999999999
Created dataset: /7/Metadata/voltage_3V3_ref with value: 3.30080256
Created dataset: /7/Metadata/voltage_3V3_op_ref with value: 3.30080256
Created dataset: /7/Metadata/voltage_neg6V_bus with value: -6.424318940000003
Created dataset: /7/Metadata/voltage_pos6V_bus with value: 6.3824112
Created dataset: /7/Metadata/voltage_pos16V_bus with value: 15.3019387
Created dataset: /7/Metadata/voltage_pos3V3_bus with value: 3.3185314800000003
Created dataset: /7/Metadata/voltage_neg5V_bus with value: -5.032597150000001
Created dataset: /7/Metadata/voltage_pos5V_bus with value: 5.0930352
Created dataset: /7/Metadata/current_3V3_bus with value: 2.5271769600000002
Created dataset: /7/Metadata/current_16V_bus with value: 0.15649801200000002
Created dataset: /7/Metadata/current_6V_bus with value: 0.1034725524
Created dataset: /7/Metadata/current_neg6V_bus with value: -0.0782491031
Created dataset: /7/Metadata/current_5V_bus with value: 0.06402564056
Created dataset: /7/Metadata/current_neg5V_bus with value: -0.0564102
Created dataset: /7/Metadata/current_2V5_bus with value: 0.77523732
Created dataset: /7/Metadata/current_neg2V5_bus with value: -0.116325891
Created dataset: /7/Metadata/current_1V_pol with value: 570.6487896
Created dataset: /7/Metadata/current_1.9V_pol with value: 1123.2390732000001
Created dataset: /7/Metadata/temperature_1 with value: -408.6811903905609
Created dataset: /7/Metadata/temperature_2 with value: -801.8818752684547
Created dataset: /7/Metadata/voltage_1V_bus with value: 1.004102806
Created dataset: /7/Metadata/fpga_temperature with value: -2.2134848000000034
Created dataset: /7/Metadata/voltage_1.9V_bus with value: 1.884908879
Created dataset: /7/Metadata/voltage_3.3V_bus with value: 3.2975832119999997
Created dataset: /7/Metadata/TOFDelay with value: 7347240
Created dataset: /7/Metadata/TOFDelay_L with value: 40
Created dataset: /7/Metadata/TOFDelay_M with value: 7
Created dataset: /7/Metadata/TOFDelay_H with value: 7
Created dataset: /7/Metadata/FIFODelay with value: 17
Created dataset: /7/Metadata/TriggerLevel with value: 0.15317
Created dataset: /7/Metadata/TriggerMode with value: HGThreshold
Created dataset: /7/Metadata/Timestamp with value: 1701873022.20712
Created dataset: /7/Metadata/SpacecraftSeconds with value: 439569022.20712
Created dataset: /8/Metadata/SHCOARSE with value: 439590250
Created dataset: /8/Metadata/SHFINE with value: 11012
Skipping header field IDX__SCI0AID
Skipping header field IDX__SCI0TYPE
Skipping header field IDX__SCI0CONT
Skipping header field IDX__SCI0SPARE1
Skipping header field IDX__SCI0PACK
Skipping header field IDX__SCI0FRAG
Skipping header field IDX__SCI0COMP
Skipping header field IDX__SCI0EVTNUM
Skipping header field IDX__SCI0CAT
Skipping header field IDX__SCI0QUAL
Skipping header field IDX__SCI0FRAGOFF
Skipping header field IDX__SCI0VER
Skipping header field IDX__SCI0TIME32
Skipping header field IDX__SCI0SPARE2
Skipping header field IDX__SCI0SPARE3
Skipping header field IDX__SCI0SPARE4
Skipping header field IDX__TXHDRSCIEVTLEN
Skipping header field IDX__TXHDRSP00
Skipping header field IDX__TXHDRTIMESEC1
Skipping header field IDX__TXHDRTIMESEC2
Skipping header field IDX__TXHDRTIMESUBS
Skipping header field IDX__TXHDRSP01
Skipping header field IDX__TXHDRTRIGOFFSET
Skipping header field IDX__TXHDRSP02
Skipping header field IDX__TXHDRTRIGID
Skipping header field IDX__TXHDREVTNUM
Skipping header field IDX__TXHDRBLOCKS
Skipping header field IDX__TXHDRHGTRIGCTRL1
Skipping header field IDX__TXHDRHGTRIGCTRL2
Skipping header field IDX__TXHDRLGTRIGCTRL1
Skipping header field IDX__TXHDRLGTRIGCTRL2
Skipping header field IDX__TXHDRMGTRIGCTRL1
Skipping header field IDX__TXHDRMGTRIGCTRL2
Skipping header field IDX__TXHDRSP03
Skipping header field IDX__TXHDRLSADC
Skipping header field IDX__TXHDRPOLSTAT
Skipping header field IDX__TXHDRSP04
Skipping header field IDX__TXHDRPOLCTRL
Skipping header field IDX__TXHDRCOINENA
Skipping header field IDX__TXHDRLSTRIGMODE
Skipping header field IDX__TXHDRMGTRIGMODE
Skipping header field IDX__TXHDRLGTRIGMODE
Skipping header field IDX__TXHDRHGTRIGMODE
Skipping header field IDX__TXHDRSP05
Skipping header field IDX__TXHDRSP06
Skipping header field IDX__TXHDRSP07
Skipping header field IDX__TXHDRSP08
Skipping header field IDX__TXHDRTOFMAX
Skipping header field IDX__TXHDRTOFMIN
Skipping header field IDX__TXHDRLS0MAXMIN
Skipping header field IDX__TXHDRLS1MAXMIN
Skipping header field IDX__TXHDRLS2MAXMIN
Skipping header field IDX__TXHDRFIFODELAY
Skipping header field IDX__TXHDRSAMPDELAY
Skipping header field IDX__TXHDRTRANSCNT
Skipping header field IDX__TXHDRPROCHKCH01
Skipping header field IDX__TXHDRPROCHKCH23
Skipping header field IDX__TXHDRPROCHKCH45
Skipping header field IDX__TXHDRPROCHKCH67
Skipping header field IDX__TXHDRHVPSHKCH01
Skipping header field IDX__TXHDRHVPSHKCH23
Skipping header field IDX__TXHDRHVPSHKCH45
Skipping header field IDX__TXHDRHVPSHKCH67
Skipping header field IDX__TXHDRLVHK0CH01
Skipping header field IDX__TXHDRLVHK0CH23
Skipping header field IDX__TXHDRLVHK0CH45
Skipping header field IDX__TXHDRLVHK0CH67
Skipping header field IDX__TXHDRLVHK1CH01
Skipping header field IDX__TXHDRLVHK1CH23
Skipping header field IDX__TXHDRLVHK1CH45
Skipping header field IDX__TXHDRLVHK1CH67
Skipping header field IDX__TXHDRLVHK2CH01
Skipping header field IDX__TXHDRLVHK2CH23
Skipping header field IDX__TXHDRLVHK2CH45
Skipping header field IDX__TXHDRLVHK2CH67
Skipping header field IDX__TXHDRSP09
Skipping header field IDX__TXHDRSP10
Skipping header field IDX__TXHDRFSWAIDCOPY
Skipping header field IDX__TXHDRFSWBINCOPY
Skipping header field IDX__TXHDRFSWMAJOR
Skipping header field IDX__TXHDRFSWMINOR
Skipping header field IDX__TXHDRFSWPATCH
Skipping header field IDX__TXHDRFSWHVSTAT
Skipping header field IDX__TXHDRFSWMEM0
Skipping header field IDX__TXHDRFSWMEM1
Skipping header field IDX__TXHDRFSWPT0
Skipping header field IDX__TXHDRFSWPT1
Skipping header field IDX__TXHDRFSWPT2
Skipping header field IDX__TXHDRFSWPT3
Skipping header field IDX__TXHDRFSWPT4
Skipping header field IDX__TXHDRFSWPT5
Skipping header field IDX__TXHDRFSWPT6
Skipping header field IDX__TXHDRFSWPT7
Skipping header field IDX__TXHDRFSWPT8
Skipping header field IDX__TXHDRFSWPT9
Skipping header field IDX__TXHDRFPGAVER
Skipping header field IDX__SYNCSCI0PKT
Skipping header field IDX__CRCSCI0PKT
Created dataset: /8/Metadata/detector_voltage with value: 2399.9976
Created dataset: /8/Metadata/sensor_voltage with value: 2943.5868
Created dataset: /8/Metadata/target_voltage with value: 2501.0964
Created dataset: /8/Metadata/reflectron_voltage with value: 197.80200000000002
Created dataset: /8/Metadata/rejection_voltage with value: 2949.4476
Created dataset: /8/Metadata/current_hvps_sensor with value: 0.017098883999999998
Created dataset: /8/Metadata/positive_current_hvps with value: 0.065739639
Created dataset: /8/Metadata/negative_current_hvps with value: 0.007447733999999999
Created dataset: /8/Metadata/voltage_3V3_ref with value: 3.30080256
Created dataset: /8/Metadata/voltage_3V3_op_ref with value: 3.30080256
Created dataset: /8/Metadata/voltage_neg6V_bus with value: -6.424318940000003
Created dataset: /8/Metadata/voltage_pos6V_bus with value: 6.3824112
Created dataset: /8/Metadata/voltage_pos16V_bus with value: 15.3019387
Created dataset: /8/Metadata/voltage_pos3V3_bus with value: 3.3185314800000003
Created dataset: /8/Metadata/voltage_neg5V_bus with value: -5.032597150000001
Created dataset: /8/Metadata/voltage_pos5V_bus with value: 5.0930352
Created dataset: /8/Metadata/current_3V3_bus with value: 2.5271769600000002
Created dataset: /8/Metadata/current_16V_bus with value: 0.15633684
Created dataset: /8/Metadata/current_6V_bus with value: 0.1034725524
Created dataset: /8/Metadata/current_neg6V_bus with value: -0.07816851699999999
Created dataset: /8/Metadata/current_5V_bus with value: 0.06402564056
Created dataset: /8/Metadata/current_neg5V_bus with value: -0.0564102
Created dataset: /8/Metadata/current_2V5_bus with value: 0.77523732
Created dataset: /8/Metadata/current_neg2V5_bus with value: -0.116325891
Created dataset: /8/Metadata/current_1V_pol with value: 570.6487896
Created dataset: /8/Metadata/current_1.9V_pol with value: 1123.2390732000001
Created dataset: /8/Metadata/temperature_1 with value: -408.6811903905609
Created dataset: /8/Metadata/temperature_2 with value: -801.8818752684547
Created dataset: /8/Metadata/voltage_1V_bus with value: 1.004102806
Created dataset: /8/Metadata/fpga_temperature with value: -2.332195200000001
Created dataset: /8/Metadata/voltage_1.9V_bus with value: 1.884908879
Created dataset: /8/Metadata/voltage_3.3V_bus with value: 3.2975832119999997
Created dataset: /8/Metadata/TOFDelay with value: 24140856
Created dataset: /8/Metadata/TOFDelay_L with value: 56
Created dataset: /8/Metadata/TOFDelay_M with value: 23
Created dataset: /8/Metadata/TOFDelay_H with value: 23
Created dataset: /8/Metadata/FIFODelay with value: 17
Created dataset: /8/Metadata/TriggerLevel with value: 0.15317
Created dataset: /8/Metadata/TriggerMode with value: HGThreshold
Created dataset: /8/Metadata/Timestamp with value: 1701873022.20716
Created dataset: /8/Metadata/SpacecraftSeconds with value: 439569022.20716
Created dataset: /9/Metadata/SHCOARSE with value: 439590264
Created dataset: /9/Metadata/SHFINE with value: 10998
Skipping header field IDX__SCI0AID
Skipping header field IDX__SCI0TYPE
Skipping header field IDX__SCI0CONT
Skipping header field IDX__SCI0SPARE1
Skipping header field IDX__SCI0PACK
Skipping header field IDX__SCI0FRAG
Skipping header field IDX__SCI0COMP
Skipping header field IDX__SCI0EVTNUM
Skipping header field IDX__SCI0CAT
Skipping header field IDX__SCI0QUAL
Skipping header field IDX__SCI0FRAGOFF
Skipping header field IDX__SCI0VER
Skipping header field IDX__SCI0TIME32
Skipping header field IDX__SCI0SPARE2
Skipping header field IDX__SCI0SPARE3
Skipping header field IDX__SCI0SPARE4
Skipping header field IDX__TXHDRSCIEVTLEN
Skipping header field IDX__TXHDRSP00
Skipping header field IDX__TXHDRTIMESEC1
Skipping header field IDX__TXHDRTIMESEC2
Skipping header field IDX__TXHDRTIMESUBS
Skipping header field IDX__TXHDRSP01
Skipping header field IDX__TXHDRTRIGOFFSET
Skipping header field IDX__TXHDRSP02
Skipping header field IDX__TXHDRTRIGID
Skipping header field IDX__TXHDREVTNUM
Skipping header field IDX__TXHDRBLOCKS
Skipping header field IDX__TXHDRHGTRIGCTRL1
Skipping header field IDX__TXHDRHGTRIGCTRL2
Skipping header field IDX__TXHDRLGTRIGCTRL1
Skipping header field IDX__TXHDRLGTRIGCTRL2
Skipping header field IDX__TXHDRMGTRIGCTRL1
Skipping header field IDX__TXHDRMGTRIGCTRL2
Skipping header field IDX__TXHDRSP03
Skipping header field IDX__TXHDRLSADC
Skipping header field IDX__TXHDRPOLSTAT
Skipping header field IDX__TXHDRSP04
Skipping header field IDX__TXHDRPOLCTRL
Skipping header field IDX__TXHDRCOINENA
Skipping header field IDX__TXHDRLSTRIGMODE
Skipping header field IDX__TXHDRMGTRIGMODE
Skipping header field IDX__TXHDRLGTRIGMODE
Skipping header field IDX__TXHDRHGTRIGMODE
Skipping header field IDX__TXHDRSP05
Skipping header field IDX__TXHDRSP06
Skipping header field IDX__TXHDRSP07
Skipping header field IDX__TXHDRSP08
Skipping header field IDX__TXHDRTOFMAX
Skipping header field IDX__TXHDRTOFMIN
Skipping header field IDX__TXHDRLS0MAXMIN
Skipping header field IDX__TXHDRLS1MAXMIN
Skipping header field IDX__TXHDRLS2MAXMIN
Skipping header field IDX__TXHDRFIFODELAY
Skipping header field IDX__TXHDRSAMPDELAY
Skipping header field IDX__TXHDRTRANSCNT
Skipping header field IDX__TXHDRPROCHKCH01
Skipping header field IDX__TXHDRPROCHKCH23
Skipping header field IDX__TXHDRPROCHKCH45
Skipping header field IDX__TXHDRPROCHKCH67
Skipping header field IDX__TXHDRHVPSHKCH01
Skipping header field IDX__TXHDRHVPSHKCH23
Skipping header field IDX__TXHDRHVPSHKCH45
Skipping header field IDX__TXHDRHVPSHKCH67
Skipping header field IDX__TXHDRLVHK0CH01
Skipping header field IDX__TXHDRLVHK0CH23
Skipping header field IDX__TXHDRLVHK0CH45
Skipping header field IDX__TXHDRLVHK0CH67
Skipping header field IDX__TXHDRLVHK1CH01
Skipping header field IDX__TXHDRLVHK1CH23
Skipping header field IDX__TXHDRLVHK1CH45
Skipping header field IDX__TXHDRLVHK1CH67
Skipping header field IDX__TXHDRLVHK2CH01
Skipping header field IDX__TXHDRLVHK2CH23
Skipping header field IDX__TXHDRLVHK2CH45
Skipping header field IDX__TXHDRLVHK2CH67
Skipping header field IDX__TXHDRSP09
Skipping header field IDX__TXHDRSP10
Skipping header field IDX__TXHDRFSWAIDCOPY
Skipping header field IDX__TXHDRFSWBINCOPY
Skipping header field IDX__TXHDRFSWMAJOR
Skipping header field IDX__TXHDRFSWMINOR
Skipping header field IDX__TXHDRFSWPATCH
Skipping header field IDX__TXHDRFSWHVSTAT
Skipping header field IDX__TXHDRFSWMEM0
Skipping header field IDX__TXHDRFSWMEM1
Skipping header field IDX__TXHDRFSWPT0
Skipping header field IDX__TXHDRFSWPT1
Skipping header field IDX__TXHDRFSWPT2
Skipping header field IDX__TXHDRFSWPT3
Skipping header field IDX__TXHDRFSWPT4
Skipping header field IDX__TXHDRFSWPT5
Skipping header field IDX__TXHDRFSWPT6
Skipping header field IDX__TXHDRFSWPT7
Skipping header field IDX__TXHDRFSWPT8
Skipping header field IDX__TXHDRFSWPT9
Skipping header field IDX__TXHDRFPGAVER
Skipping header field IDX__SYNCSCI0PKT
Skipping header field IDX__CRCSCI0PKT
Created dataset: /9/Metadata/detector_voltage with value: 2401.4628000000002
Created dataset: /9/Metadata/sensor_voltage with value: 2943.5868
Created dataset: /9/Metadata/target_voltage with value: 2501.0964
Created dataset: /9/Metadata/reflectron_voltage with value: 197.80200000000002
Created dataset: /9/Metadata/rejection_voltage with value: 2949.4476
Created dataset: /9/Metadata/current_hvps_sensor with value: 0.017091558
Created dataset: /9/Metadata/positive_current_hvps with value: 0.065739639
Created dataset: /9/Metadata/negative_current_hvps with value: 0.007447733999999999
Created dataset: /9/Metadata/voltage_3V3_ref with value: 3.30080256
Created dataset: /9/Metadata/voltage_3V3_op_ref with value: 3.30080256
Created dataset: /9/Metadata/voltage_neg6V_bus with value: -6.424318940000003
Created dataset: /9/Metadata/voltage_pos6V_bus with value: 6.3824112
Created dataset: /9/Metadata/voltage_pos16V_bus with value: 15.3019387
Created dataset: /9/Metadata/voltage_pos3V3_bus with value: 3.3185314800000003
Created dataset: /9/Metadata/voltage_neg5V_bus with value: -5.032597150000001
Created dataset: /9/Metadata/voltage_pos5V_bus with value: 5.0930352
Created dataset: /9/Metadata/current_3V3_bus with value: 2.5271769600000002
Created dataset: /9/Metadata/current_16V_bus with value: 0.15633684
Created dataset: /9/Metadata/current_6V_bus with value: 0.1034725524
Created dataset: /9/Metadata/current_neg6V_bus with value: -0.07816851699999999
Created dataset: /9/Metadata/current_5V_bus with value: 0.06402564056
Created dataset: /9/Metadata/current_neg5V_bus with value: -0.0564102
Created dataset: /9/Metadata/current_2V5_bus with value: 0.77523732
Created dataset: /9/Metadata/current_neg2V5_bus with value: -0.11636618400000001
Created dataset: /9/Metadata/current_1V_pol with value: 570.6487896
Created dataset: /9/Metadata/current_1.9V_pol with value: 1123.2390732000001
Created dataset: /9/Metadata/temperature_1 with value: -408.6811903905609
Created dataset: /9/Metadata/temperature_2 with value: -801.8818752684547
Created dataset: /9/Metadata/voltage_1V_bus with value: 1.004102806
Created dataset: /9/Metadata/fpga_temperature with value: -2.2134848000000034
Created dataset: /9/Metadata/voltage_1.9V_bus with value: 1.884908879
Created dataset: /9/Metadata/voltage_3.3V_bus with value: 3.2975832119999997
Created dataset: /9/Metadata/TOFDelay with value: 7347242
Created dataset: /9/Metadata/TOFDelay_L with value: 42
Created dataset: /9/Metadata/TOFDelay_M with value: 7
Created dataset: /9/Metadata/TOFDelay_H with value: 7
Created dataset: /9/Metadata/FIFODelay with value: 18
Created dataset: /9/Metadata/TriggerLevel with value: 0.15317
Created dataset: /9/Metadata/TriggerMode with value: HGThreshold
Created dataset: /9/Metadata/Timestamp with value: 1701873022.20744
Created dataset: /9/Metadata/SpacecraftSeconds with value: 439569022.20744
Created dataset: /10/Metadata/SHCOARSE with value: 439590280
Created dataset: /10/Metadata/SHFINE with value: 10983
Skipping header field IDX__SCI0AID
Skipping header field IDX__SCI0TYPE
Skipping header field IDX__SCI0CONT
Skipping header field IDX__SCI0SPARE1
Skipping header field IDX__SCI0PACK
Skipping header field IDX__SCI0FRAG
Skipping header field IDX__SCI0COMP
Skipping header field IDX__SCI0EVTNUM
Skipping header field IDX__SCI0CAT
Skipping header field IDX__SCI0QUAL
Skipping header field IDX__SCI0FRAGOFF
Skipping header field IDX__SCI0VER
Skipping header field IDX__SCI0TIME32
Skipping header field IDX__SCI0SPARE2
Skipping header field IDX__SCI0SPARE3
Skipping header field IDX__SCI0SPARE4
Skipping header field IDX__TXHDRSCIEVTLEN
Skipping header field IDX__TXHDRSP00
Skipping header field IDX__TXHDRTIMESEC1
Skipping header field IDX__TXHDRTIMESEC2
Skipping header field IDX__TXHDRTIMESUBS
Skipping header field IDX__TXHDRSP01
Skipping header field IDX__TXHDRTRIGOFFSET
Skipping header field IDX__TXHDRSP02
Skipping header field IDX__TXHDRTRIGID
Skipping header field IDX__TXHDREVTNUM
Skipping header field IDX__TXHDRBLOCKS
Skipping header field IDX__TXHDRHGTRIGCTRL1
Skipping header field IDX__TXHDRHGTRIGCTRL2
Skipping header field IDX__TXHDRLGTRIGCTRL1
Skipping header field IDX__TXHDRLGTRIGCTRL2
Skipping header field IDX__TXHDRMGTRIGCTRL1
Skipping header field IDX__TXHDRMGTRIGCTRL2
Skipping header field IDX__TXHDRSP03
Skipping header field IDX__TXHDRLSADC
Skipping header field IDX__TXHDRPOLSTAT
Skipping header field IDX__TXHDRSP04
Skipping header field IDX__TXHDRPOLCTRL
Skipping header field IDX__TXHDRCOINENA
Skipping header field IDX__TXHDRLSTRIGMODE
Skipping header field IDX__TXHDRMGTRIGMODE
Skipping header field IDX__TXHDRLGTRIGMODE
Skipping header field IDX__TXHDRHGTRIGMODE
Skipping header field IDX__TXHDRSP05
Skipping header field IDX__TXHDRSP06
Skipping header field IDX__TXHDRSP07
Skipping header field IDX__TXHDRSP08
Skipping header field IDX__TXHDRTOFMAX
Skipping header field IDX__TXHDRTOFMIN
Skipping header field IDX__TXHDRLS0MAXMIN
Skipping header field IDX__TXHDRLS1MAXMIN
Skipping header field IDX__TXHDRLS2MAXMIN
Skipping header field IDX__TXHDRFIFODELAY
Skipping header field IDX__TXHDRSAMPDELAY
Skipping header field IDX__TXHDRTRANSCNT
Skipping header field IDX__TXHDRPROCHKCH01
Skipping header field IDX__TXHDRPROCHKCH23
Skipping header field IDX__TXHDRPROCHKCH45
Skipping header field IDX__TXHDRPROCHKCH67
Skipping header field IDX__TXHDRHVPSHKCH01
Skipping header field IDX__TXHDRHVPSHKCH23
Skipping header field IDX__TXHDRHVPSHKCH45
Skipping header field IDX__TXHDRHVPSHKCH67
Skipping header field IDX__TXHDRLVHK0CH01
Skipping header field IDX__TXHDRLVHK0CH23
Skipping header field IDX__TXHDRLVHK0CH45
Skipping header field IDX__TXHDRLVHK0CH67
Skipping header field IDX__TXHDRLVHK1CH01
Skipping header field IDX__TXHDRLVHK1CH23
Skipping header field IDX__TXHDRLVHK1CH45
Skipping header field IDX__TXHDRLVHK1CH67
Skipping header field IDX__TXHDRLVHK2CH01
Skipping header field IDX__TXHDRLVHK2CH23
Skipping header field IDX__TXHDRLVHK2CH45
Skipping header field IDX__TXHDRLVHK2CH67
Skipping header field IDX__TXHDRSP09
Skipping header field IDX__TXHDRSP10
Skipping header field IDX__TXHDRFSWAIDCOPY
Skipping header field IDX__TXHDRFSWBINCOPY
Skipping header field IDX__TXHDRFSWMAJOR
Skipping header field IDX__TXHDRFSWMINOR
Skipping header field IDX__TXHDRFSWPATCH
Skipping header field IDX__TXHDRFSWHVSTAT
Skipping header field IDX__TXHDRFSWMEM0
Skipping header field IDX__TXHDRFSWMEM1
Skipping header field IDX__TXHDRFSWPT0
Skipping header field IDX__TXHDRFSWPT1
Skipping header field IDX__TXHDRFSWPT2
Skipping header field IDX__TXHDRFSWPT3
Skipping header field IDX__TXHDRFSWPT4
Skipping header field IDX__TXHDRFSWPT5
Skipping header field IDX__TXHDRFSWPT6
Skipping header field IDX__TXHDRFSWPT7
Skipping header field IDX__TXHDRFSWPT8
Skipping header field IDX__TXHDRFSWPT9
Skipping header field IDX__TXHDRFPGAVER
Skipping header field IDX__SYNCSCI0PKT
Skipping header field IDX__CRCSCI0PKT
Created dataset: /10/Metadata/detector_voltage with value: 2401.4628000000002
Created dataset: /10/Metadata/sensor_voltage with value: 2943.5868
Created dataset: /10/Metadata/target_voltage with value: 2501.0964
Created dataset: /10/Metadata/reflectron_voltage with value: 197.80200000000002
Created dataset: /10/Metadata/rejection_voltage with value: 2949.4476
Created dataset: /10/Metadata/current_hvps_sensor with value: 0.017091558
Created dataset: /10/Metadata/positive_current_hvps with value: 0.065739639
Created dataset: /10/Metadata/negative_current_hvps with value: 0.007447733999999999
Created dataset: /10/Metadata/voltage_3V3_ref with value: 3.30080256
Created dataset: /10/Metadata/voltage_3V3_op_ref with value: 3.30080256
Created dataset: /10/Metadata/voltage_neg6V_bus with value: -6.424318940000003
Created dataset: /10/Metadata/voltage_pos6V_bus with value: 6.3824112
Created dataset: /10/Metadata/voltage_pos16V_bus with value: 15.3019387
Created dataset: /10/Metadata/voltage_pos3V3_bus with value: 3.3185314800000003
Created dataset: /10/Metadata/voltage_neg5V_bus with value: -5.032597150000001
Created dataset: /10/Metadata/voltage_pos5V_bus with value: 5.0930352
Created dataset: /10/Metadata/current_3V3_bus with value: 2.5271769600000002
Created dataset: /10/Metadata/current_16V_bus with value: 0.15633684
Created dataset: /10/Metadata/current_6V_bus with value: 0.1034725524
Created dataset: /10/Metadata/current_neg6V_bus with value: -0.07816851699999999
Created dataset: /10/Metadata/current_5V_bus with value: 0.06402564056
Created dataset: /10/Metadata/current_neg5V_bus with value: -0.0564102
Created dataset: /10/Metadata/current_2V5_bus with value: 0.77523732
Created dataset: /10/Metadata/current_neg2V5_bus with value: -0.116325891
Created dataset: /10/Metadata/current_1V_pol with value: 570.6487896
Created dataset: /10/Metadata/current_1.9V_pol with value: 1123.2390732000001
Created dataset: /10/Metadata/temperature_1 with value: -408.6811903905609
Created dataset: /10/Metadata/temperature_2 with value: -801.8818752684547
Created dataset: /10/Metadata/voltage_1V_bus with value: 1.004102806
Created dataset: /10/Metadata/fpga_temperature with value: -2.2134848000000034
Created dataset: /10/Metadata/voltage_1.9V_bus with value: 1.884908879
Created dataset: /10/Metadata/voltage_3.3V_bus with value: 3.2975832119999997
Created dataset: /10/Metadata/TOFDelay with value: 15744048
Created dataset: /10/Metadata/TOFDelay_L with value: 48
Created dataset: /10/Metadata/TOFDelay_M with value: 15
Created dataset: /10/Metadata/TOFDelay_H with value: 15
Created dataset: /10/Metadata/FIFODelay with value: 17
Created dataset: /10/Metadata/TriggerLevel with value: 0.15317
Created dataset: /10/Metadata/TriggerMode with value: HGThreshold
Created dataset: /10/Metadata/Timestamp with value: 1701873022.20762
Created dataset: /10/Metadata/SpacecraftSeconds with value: 439569022.20762
Created dataset: /11/Metadata/SHCOARSE with value: 439590293
Created dataset: /11/Metadata/SHFINE with value: 10971
Skipping header field IDX__SCI0AID
Skipping header field IDX__SCI0TYPE
Skipping header field IDX__SCI0CONT
Skipping header field IDX__SCI0SPARE1
Skipping header field IDX__SCI0PACK
Skipping header field IDX__SCI0FRAG
Skipping header field IDX__SCI0COMP
Skipping header field IDX__SCI0EVTNUM
Skipping header field IDX__SCI0CAT
Skipping header field IDX__SCI0QUAL
Skipping header field IDX__SCI0FRAGOFF
Skipping header field IDX__SCI0VER
Skipping header field IDX__SCI0TIME32
Skipping header field IDX__SCI0SPARE2
Skipping header field IDX__SCI0SPARE3
Skipping header field IDX__SCI0SPARE4
Skipping header field IDX__TXHDRSCIEVTLEN
Skipping header field IDX__TXHDRSP00
Skipping header field IDX__TXHDRTIMESEC1
Skipping header field IDX__TXHDRTIMESEC2
Skipping header field IDX__TXHDRTIMESUBS
Skipping header field IDX__TXHDRSP01
Skipping header field IDX__TXHDRTRIGOFFSET
Skipping header field IDX__TXHDRSP02
Skipping header field IDX__TXHDRTRIGID
Skipping header field IDX__TXHDREVTNUM
Skipping header field IDX__TXHDRBLOCKS
Skipping header field IDX__TXHDRHGTRIGCTRL1
Skipping header field IDX__TXHDRHGTRIGCTRL2
Skipping header field IDX__TXHDRLGTRIGCTRL1
Skipping header field IDX__TXHDRLGTRIGCTRL2
Skipping header field IDX__TXHDRMGTRIGCTRL1
Skipping header field IDX__TXHDRMGTRIGCTRL2
Skipping header field IDX__TXHDRSP03
Skipping header field IDX__TXHDRLSADC
Skipping header field IDX__TXHDRPOLSTAT
Skipping header field IDX__TXHDRSP04
Skipping header field IDX__TXHDRPOLCTRL
Skipping header field IDX__TXHDRCOINENA
Skipping header field IDX__TXHDRLSTRIGMODE
Skipping header field IDX__TXHDRMGTRIGMODE
Skipping header field IDX__TXHDRLGTRIGMODE
Skipping header field IDX__TXHDRHGTRIGMODE
Skipping header field IDX__TXHDRSP05
Skipping header field IDX__TXHDRSP06
Skipping header field IDX__TXHDRSP07
Skipping header field IDX__TXHDRSP08
Skipping header field IDX__TXHDRTOFMAX
Skipping header field IDX__TXHDRTOFMIN
Skipping header field IDX__TXHDRLS0MAXMIN
Skipping header field IDX__TXHDRLS1MAXMIN
Skipping header field IDX__TXHDRLS2MAXMIN
Skipping header field IDX__TXHDRFIFODELAY
Skipping header field IDX__TXHDRSAMPDELAY
Skipping header field IDX__TXHDRTRANSCNT
Skipping header field IDX__TXHDRPROCHKCH01
Skipping header field IDX__TXHDRPROCHKCH23
Skipping header field IDX__TXHDRPROCHKCH45
Skipping header field IDX__TXHDRPROCHKCH67
Skipping header field IDX__TXHDRHVPSHKCH01
Skipping header field IDX__TXHDRHVPSHKCH23
Skipping header field IDX__TXHDRHVPSHKCH45
Skipping header field IDX__TXHDRHVPSHKCH67
Skipping header field IDX__TXHDRLVHK0CH01
Skipping header field IDX__TXHDRLVHK0CH23
Skipping header field IDX__TXHDRLVHK0CH45
Skipping header field IDX__TXHDRLVHK0CH67
Skipping header field IDX__TXHDRLVHK1CH01
Skipping header field IDX__TXHDRLVHK1CH23
Skipping header field IDX__TXHDRLVHK1CH45
Skipping header field IDX__TXHDRLVHK1CH67
Skipping header field IDX__TXHDRLVHK2CH01
Skipping header field IDX__TXHDRLVHK2CH23
Skipping header field IDX__TXHDRLVHK2CH45
Skipping header field IDX__TXHDRLVHK2CH67
Skipping header field IDX__TXHDRSP09
Skipping header field IDX__TXHDRSP10
Skipping header field IDX__TXHDRFSWAIDCOPY
Skipping header field IDX__TXHDRFSWBINCOPY
Skipping header field IDX__TXHDRFSWMAJOR
Skipping header field IDX__TXHDRFSWMINOR
Skipping header field IDX__TXHDRFSWPATCH
Skipping header field IDX__TXHDRFSWHVSTAT
Skipping header field IDX__TXHDRFSWMEM0
Skipping header field IDX__TXHDRFSWMEM1
Skipping header field IDX__TXHDRFSWPT0
Skipping header field IDX__TXHDRFSWPT1
Skipping header field IDX__TXHDRFSWPT2
Skipping header field IDX__TXHDRFSWPT3
Skipping header field IDX__TXHDRFSWPT4
Skipping header field IDX__TXHDRFSWPT5
Skipping header field IDX__TXHDRFSWPT6
Skipping header field IDX__TXHDRFSWPT7
Skipping header field IDX__TXHDRFSWPT8
Skipping header field IDX__TXHDRFSWPT9
Skipping header field IDX__TXHDRFPGAVER
Skipping header field IDX__SYNCSCI0PKT
Skipping header field IDX__CRCSCI0PKT
Created dataset: /11/Metadata/detector_voltage with value: 2401.4628000000002
Created dataset: /11/Metadata/sensor_voltage with value: 2943.5868
Created dataset: /11/Metadata/target_voltage with value: 2501.0964
Created dataset: /11/Metadata/reflectron_voltage with value: 197.80200000000002
Created dataset: /11/Metadata/rejection_voltage with value: 2949.4476
Created dataset: /11/Metadata/current_hvps_sensor with value: 0.017091558
Created dataset: /11/Metadata/positive_current_hvps with value: 0.06571529999999999
Created dataset: /11/Metadata/negative_current_hvps with value: 0.007447733999999999
Created dataset: /11/Metadata/voltage_3V3_ref with value: 3.30080256
Created dataset: /11/Metadata/voltage_3V3_op_ref with value: 3.30080256
Created dataset: /11/Metadata/voltage_neg6V_bus with value: -6.424318940000003
Created dataset: /11/Metadata/voltage_pos6V_bus with value: 6.3824112
Created dataset: /11/Metadata/voltage_pos16V_bus with value: 15.3019387
Created dataset: /11/Metadata/voltage_pos3V3_bus with value: 3.3185314800000003
Created dataset: /11/Metadata/voltage_neg5V_bus with value: -5.032597150000001
Created dataset: /11/Metadata/voltage_pos5V_bus with value: 5.0930352
Created dataset: /11/Metadata/current_3V3_bus with value: 2.5287886800000003
Created dataset: /11/Metadata/current_16V_bus with value: 0.15633684
Created dataset: /11/Metadata/current_6V_bus with value: 0.1034725524
Created dataset: /11/Metadata/current_neg6V_bus with value: -0.07816851699999999
Created dataset: /11/Metadata/current_5V_bus with value: 0.06402564056
Created dataset: /11/Metadata/current_neg5V_bus with value: -0.0564102
Created dataset: /11/Metadata/current_2V5_bus with value: 0.77523732
Created dataset: /11/Metadata/current_neg2V5_bus with value: -0.116325891
Created dataset: /11/Metadata/current_1V_pol with value: 571.5517149
Created dataset: /11/Metadata/current_1.9V_pol with value: 1123.2390732000001
Created dataset: /11/Metadata/temperature_1 with value: -408.6811903905609
Created dataset: /11/Metadata/temperature_2 with value: -801.8818752684547
Created dataset: /11/Metadata/voltage_1V_bus with value: 1.004102806
Created dataset: /11/Metadata/fpga_temperature with value: -2.2134848000000034
Created dataset: /11/Metadata/voltage_1.9V_bus with value: 1.884908879
Created dataset: /11/Metadata/voltage_3.3V_bus with value: 3.2975832119999997
Created dataset: /11/Metadata/TOFDelay with value: 24140853
Created dataset: /11/Metadata/TOFDelay_L with value: 53
Created dataset: /11/Metadata/TOFDelay_M with value: 23
Created dataset: /11/Metadata/TOFDelay_H with value: 23
Created dataset: /11/Metadata/FIFODelay with value: 15
Created dataset: /11/Metadata/TriggerLevel with value: 0.15317
Created dataset: /11/Metadata/TriggerMode with value: HGThreshold
Created dataset: /11/Metadata/Timestamp with value: 1701873022.20774
Created dataset: /11/Metadata/SpacecraftSeconds with value: 439569022.20774
Created dataset: /12/Metadata/SHCOARSE with value: 439590307
Created dataset: /12/Metadata/SHFINE with value: 10957
Skipping header field IDX__SCI0AID
Skipping header field IDX__SCI0TYPE
Skipping header field IDX__SCI0CONT
Skipping header field IDX__SCI0SPARE1
Skipping header field IDX__SCI0PACK
Skipping header field IDX__SCI0FRAG
Skipping header field IDX__SCI0COMP
Skipping header field IDX__SCI0EVTNUM
Skipping header field IDX__SCI0CAT
Skipping header field IDX__SCI0QUAL
Skipping header field IDX__SCI0FRAGOFF
Skipping header field IDX__SCI0VER
Skipping header field IDX__SCI0TIME32
Skipping header field IDX__SCI0SPARE2
Skipping header field IDX__SCI0SPARE3
Skipping header field IDX__SCI0SPARE4
Skipping header field IDX__TXHDRSCIEVTLEN
Skipping header field IDX__TXHDRSP00
Skipping header field IDX__TXHDRTIMESEC1
Skipping header field IDX__TXHDRTIMESEC2
Skipping header field IDX__TXHDRTIMESUBS
Skipping header field IDX__TXHDRSP01
Skipping header field IDX__TXHDRTRIGOFFSET
Skipping header field IDX__TXHDRSP02
Skipping header field IDX__TXHDRTRIGID
Skipping header field IDX__TXHDREVTNUM
Skipping header field IDX__TXHDRBLOCKS
Skipping header field IDX__TXHDRHGTRIGCTRL1
Skipping header field IDX__TXHDRHGTRIGCTRL2
Skipping header field IDX__TXHDRLGTRIGCTRL1
Skipping header field IDX__TXHDRLGTRIGCTRL2
Skipping header field IDX__TXHDRMGTRIGCTRL1
Skipping header field IDX__TXHDRMGTRIGCTRL2
Skipping header field IDX__TXHDRSP03
Skipping header field IDX__TXHDRLSADC
Skipping header field IDX__TXHDRPOLSTAT
Skipping header field IDX__TXHDRSP04
Skipping header field IDX__TXHDRPOLCTRL
Skipping header field IDX__TXHDRCOINENA
Skipping header field IDX__TXHDRLSTRIGMODE
Skipping header field IDX__TXHDRMGTRIGMODE
Skipping header field IDX__TXHDRLGTRIGMODE
Skipping header field IDX__TXHDRHGTRIGMODE
Skipping header field IDX__TXHDRSP05
Skipping header field IDX__TXHDRSP06
Skipping header field IDX__TXHDRSP07
Skipping header field IDX__TXHDRSP08
Skipping header field IDX__TXHDRTOFMAX
Skipping header field IDX__TXHDRTOFMIN
Skipping header field IDX__TXHDRLS0MAXMIN
Skipping header field IDX__TXHDRLS1MAXMIN
Skipping header field IDX__TXHDRLS2MAXMIN
Skipping header field IDX__TXHDRFIFODELAY
Skipping header field IDX__TXHDRSAMPDELAY
Skipping header field IDX__TXHDRTRANSCNT
Skipping header field IDX__TXHDRPROCHKCH01
Skipping header field IDX__TXHDRPROCHKCH23
Skipping header field IDX__TXHDRPROCHKCH45
Skipping header field IDX__TXHDRPROCHKCH67
Skipping header field IDX__TXHDRHVPSHKCH01
Skipping header field IDX__TXHDRHVPSHKCH23
Skipping header field IDX__TXHDRHVPSHKCH45
Skipping header field IDX__TXHDRHVPSHKCH67
Skipping header field IDX__TXHDRLVHK0CH01
Skipping header field IDX__TXHDRLVHK0CH23
Skipping header field IDX__TXHDRLVHK0CH45
Skipping header field IDX__TXHDRLVHK0CH67
Skipping header field IDX__TXHDRLVHK1CH01
Skipping header field IDX__TXHDRLVHK1CH23
Skipping header field IDX__TXHDRLVHK1CH45
Skipping header field IDX__TXHDRLVHK1CH67
Skipping header field IDX__TXHDRLVHK2CH01
Skipping header field IDX__TXHDRLVHK2CH23
Skipping header field IDX__TXHDRLVHK2CH45
Skipping header field IDX__TXHDRLVHK2CH67
Skipping header field IDX__TXHDRSP09
Skipping header field IDX__TXHDRSP10
Skipping header field IDX__TXHDRFSWAIDCOPY
Skipping header field IDX__TXHDRFSWBINCOPY
Skipping header field IDX__TXHDRFSWMAJOR
Skipping header field IDX__TXHDRFSWMINOR
Skipping header field IDX__TXHDRFSWPATCH
Skipping header field IDX__TXHDRFSWHVSTAT
Skipping header field IDX__TXHDRFSWMEM0
Skipping header field IDX__TXHDRFSWMEM1
Skipping header field IDX__TXHDRFSWPT0
Skipping header field IDX__TXHDRFSWPT1
Skipping header field IDX__TXHDRFSWPT2
Skipping header field IDX__TXHDRFSWPT3
Skipping header field IDX__TXHDRFSWPT4
Skipping header field IDX__TXHDRFSWPT5
Skipping header field IDX__TXHDRFSWPT6
Skipping header field IDX__TXHDRFSWPT7
Skipping header field IDX__TXHDRFSWPT8
Skipping header field IDX__TXHDRFSWPT9
Skipping header field IDX__TXHDRFPGAVER
Skipping header field IDX__SYNCSCI0PKT
Skipping header field IDX__CRCSCI0PKT
Created dataset: /12/Metadata/detector_voltage with value: 2401.4628000000002
Created dataset: /12/Metadata/sensor_voltage with value: 2943.5868
Created dataset: /12/Metadata/target_voltage with value: 2501.0964
Created dataset: /12/Metadata/reflectron_voltage with value: 197.80200000000002
Created dataset: /12/Metadata/rejection_voltage with value: 2947.9824000000003
Created dataset: /12/Metadata/current_hvps_sensor with value: 0.017091558
Created dataset: /12/Metadata/positive_current_hvps with value: 0.065739639
Created dataset: /12/Metadata/negative_current_hvps with value: 0.007447733999999999
Created dataset: /12/Metadata/voltage_3V3_ref with value: 3.30080256
Created dataset: /12/Metadata/voltage_3V3_op_ref with value: 3.30080256
Created dataset: /12/Metadata/voltage_neg6V_bus with value: -6.424318940000003
Created dataset: /12/Metadata/voltage_pos6V_bus with value: 6.3824112
Created dataset: /12/Metadata/voltage_pos16V_bus with value: 15.3019387
Created dataset: /12/Metadata/voltage_pos3V3_bus with value: 3.3185314800000003
Created dataset: /12/Metadata/voltage_neg5V_bus with value: -5.032597150000001
Created dataset: /12/Metadata/voltage_pos5V_bus with value: 5.0930352
Created dataset: /12/Metadata/current_3V3_bus with value: 2.5271769600000002
Created dataset: /12/Metadata/current_16V_bus with value: 0.15633684
Created dataset: /12/Metadata/current_6V_bus with value: 0.1034725524
Created dataset: /12/Metadata/current_neg6V_bus with value: -0.07816851699999999
Created dataset: /12/Metadata/current_5V_bus with value: 0.06402564056
Created dataset: /12/Metadata/current_neg5V_bus with value: -0.0564102
Created dataset: /12/Metadata/current_2V5_bus with value: 0.77523732
Created dataset: /12/Metadata/current_neg2V5_bus with value: -0.116325891
Created dataset: /12/Metadata/current_1V_pol with value: 570.6487896
Created dataset: /12/Metadata/current_1.9V_pol with value: 1123.2390732000001
Created dataset: /12/Metadata/temperature_1 with value: -407.5949358341395
Created dataset: /12/Metadata/temperature_2 with value: -801.8818752684547
Created dataset: /12/Metadata/voltage_1V_bus with value: 1.004102806
Created dataset: /12/Metadata/fpga_temperature with value: -2.2134848000000034
Created dataset: /12/Metadata/voltage_1.9V_bus with value: 1.884908879
Created dataset: /12/Metadata/voltage_3.3V_bus with value: 3.2975832119999997
Created dataset: /12/Metadata/TOFDelay with value: 32537664
Created dataset: /12/Metadata/TOFDelay_L with value: 64
Created dataset: /12/Metadata/TOFDelay_M with value: 31
Created dataset: /12/Metadata/TOFDelay_H with value: 31
Created dataset: /12/Metadata/FIFODelay with value: 17
Created dataset: /12/Metadata/TriggerLevel with value: 0.15317
Created dataset: /12/Metadata/TriggerMode with value: HGThreshold
Created dataset: /12/Metadata/Timestamp with value: 1701873022.20806
Created dataset: /12/Metadata/SpacecraftSeconds with value: 439569022.20805997
Created dataset: /13/Metadata/SHCOARSE with value: 439590320
Created dataset: /13/Metadata/SHFINE with value: 10945
Skipping header field IDX__SCI0AID
Skipping header field IDX__SCI0TYPE
Skipping header field IDX__SCI0CONT
Skipping header field IDX__SCI0SPARE1
Skipping header field IDX__SCI0PACK
Skipping header field IDX__SCI0FRAG
Skipping header field IDX__SCI0COMP
Skipping header field IDX__SCI0EVTNUM
Skipping header field IDX__SCI0CAT
Skipping header field IDX__SCI0QUAL
Skipping header field IDX__SCI0FRAGOFF
Skipping header field IDX__SCI0VER
Skipping header field IDX__SCI0TIME32
Skipping header field IDX__SCI0SPARE2
Skipping header field IDX__SCI0SPARE3
Skipping header field IDX__SCI0SPARE4
Skipping header field IDX__TXHDRSCIEVTLEN
Skipping header field IDX__TXHDRSP00
Skipping header field IDX__TXHDRTIMESEC1
Skipping header field IDX__TXHDRTIMESEC2
Skipping header field IDX__TXHDRTIMESUBS
Skipping header field IDX__TXHDRSP01
Skipping header field IDX__TXHDRTRIGOFFSET
Skipping header field IDX__TXHDRSP02
Skipping header field IDX__TXHDRTRIGID
Skipping header field IDX__TXHDREVTNUM
Skipping header field IDX__TXHDRBLOCKS
Skipping header field IDX__TXHDRHGTRIGCTRL1
Skipping header field IDX__TXHDRHGTRIGCTRL2
Skipping header field IDX__TXHDRLGTRIGCTRL1
Skipping header field IDX__TXHDRLGTRIGCTRL2
Skipping header field IDX__TXHDRMGTRIGCTRL1
Skipping header field IDX__TXHDRMGTRIGCTRL2
Skipping header field IDX__TXHDRSP03
Skipping header field IDX__TXHDRLSADC
Skipping header field IDX__TXHDRPOLSTAT
Skipping header field IDX__TXHDRSP04
Skipping header field IDX__TXHDRPOLCTRL
Skipping header field IDX__TXHDRCOINENA
Skipping header field IDX__TXHDRLSTRIGMODE
Skipping header field IDX__TXHDRMGTRIGMODE
Skipping header field IDX__TXHDRLGTRIGMODE
Skipping header field IDX__TXHDRHGTRIGMODE
Skipping header field IDX__TXHDRSP05
Skipping header field IDX__TXHDRSP06
Skipping header field IDX__TXHDRSP07
Skipping header field IDX__TXHDRSP08
Skipping header field IDX__TXHDRTOFMAX
Skipping header field IDX__TXHDRTOFMIN
Skipping header field IDX__TXHDRLS0MAXMIN
Skipping header field IDX__TXHDRLS1MAXMIN
Skipping header field IDX__TXHDRLS2MAXMIN
Skipping header field IDX__TXHDRFIFODELAY
Skipping header field IDX__TXHDRSAMPDELAY
Skipping header field IDX__TXHDRTRANSCNT
Skipping header field IDX__TXHDRPROCHKCH01
Skipping header field IDX__TXHDRPROCHKCH23
Skipping header field IDX__TXHDRPROCHKCH45
Skipping header field IDX__TXHDRPROCHKCH67
Skipping header field IDX__TXHDRHVPSHKCH01
Skipping header field IDX__TXHDRHVPSHKCH23
Skipping header field IDX__TXHDRHVPSHKCH45
Skipping header field IDX__TXHDRHVPSHKCH67
Skipping header field IDX__TXHDRLVHK0CH01
Skipping header field IDX__TXHDRLVHK0CH23
Skipping header field IDX__TXHDRLVHK0CH45
Skipping header field IDX__TXHDRLVHK0CH67
Skipping header field IDX__TXHDRLVHK1CH01
Skipping header field IDX__TXHDRLVHK1CH23
Skipping header field IDX__TXHDRLVHK1CH45
Skipping header field IDX__TXHDRLVHK1CH67
Skipping header field IDX__TXHDRLVHK2CH01
Skipping header field IDX__TXHDRLVHK2CH23
Skipping header field IDX__TXHDRLVHK2CH45
Skipping header field IDX__TXHDRLVHK2CH67
Skipping header field IDX__TXHDRSP09
Skipping header field IDX__TXHDRSP10
Skipping header field IDX__TXHDRFSWAIDCOPY
Skipping header field IDX__TXHDRFSWBINCOPY
Skipping header field IDX__TXHDRFSWMAJOR
Skipping header field IDX__TXHDRFSWMINOR
Skipping header field IDX__TXHDRFSWPATCH
Skipping header field IDX__TXHDRFSWHVSTAT
Skipping header field IDX__TXHDRFSWMEM0
Skipping header field IDX__TXHDRFSWMEM1
Skipping header field IDX__TXHDRFSWPT0
Skipping header field IDX__TXHDRFSWPT1
Skipping header field IDX__TXHDRFSWPT2
Skipping header field IDX__TXHDRFSWPT3
Skipping header field IDX__TXHDRFSWPT4
Skipping header field IDX__TXHDRFSWPT5
Skipping header field IDX__TXHDRFSWPT6
Skipping header field IDX__TXHDRFSWPT7
Skipping header field IDX__TXHDRFSWPT8
Skipping header field IDX__TXHDRFSWPT9
Skipping header field IDX__TXHDRFPGAVER
Skipping header field IDX__SYNCSCI0PKT
Skipping header field IDX__CRCSCI0PKT
Created dataset: /13/Metadata/detector_voltage with value: 2401.4628000000002
Created dataset: /13/Metadata/sensor_voltage with value: 2943.5868
Created dataset: /13/Metadata/target_voltage with value: 2501.0964
Created dataset: /13/Metadata/reflectron_voltage with value: 197.80200000000002
Created dataset: /13/Metadata/rejection_voltage with value: 2947.9824000000003
Created dataset: /13/Metadata/current_hvps_sensor with value: 0.017091558
Created dataset: /13/Metadata/positive_current_hvps with value: 0.06571529999999999
Created dataset: /13/Metadata/negative_current_hvps with value: 0.007447733999999999
Created dataset: /13/Metadata/voltage_3V3_ref with value: 3.30080256
Created dataset: /13/Metadata/voltage_3V3_op_ref with value: 3.30080256
Created dataset: /13/Metadata/voltage_neg6V_bus with value: -6.424318940000003
Created dataset: /13/Metadata/voltage_pos6V_bus with value: 6.3824112
Created dataset: /13/Metadata/voltage_pos16V_bus with value: 15.3019387
Created dataset: /13/Metadata/voltage_pos3V3_bus with value: 3.3185314800000003
Created dataset: /13/Metadata/voltage_neg5V_bus with value: -5.032597150000001
Created dataset: /13/Metadata/voltage_pos5V_bus with value: 5.0930352
Created dataset: /13/Metadata/current_3V3_bus with value: 2.5271769600000002
Created dataset: /13/Metadata/current_16V_bus with value: 0.15633684
Created dataset: /13/Metadata/current_6V_bus with value: 0.1034725524
Created dataset: /13/Metadata/current_neg6V_bus with value: -0.07816851699999999
Created dataset: /13/Metadata/current_5V_bus with value: 0.06402564056
Created dataset: /13/Metadata/current_neg5V_bus with value: -0.0564102
Created dataset: /13/Metadata/current_2V5_bus with value: 0.77523732
Created dataset: /13/Metadata/current_neg2V5_bus with value: -0.116325891
Created dataset: /13/Metadata/current_1V_pol with value: 570.6487896
Created dataset: /13/Metadata/current_1.9V_pol with value: 1123.2390732000001
Created dataset: /13/Metadata/temperature_1 with value: -408.6811903905609
Created dataset: /13/Metadata/temperature_2 with value: -801.8818752684547
Created dataset: /13/Metadata/voltage_1V_bus with value: 1.004102806
Created dataset: /13/Metadata/fpga_temperature with value: -2.2134848000000034
Created dataset: /13/Metadata/voltage_1.9V_bus with value: 1.884908879
Created dataset: /13/Metadata/voltage_3.3V_bus with value: 3.2975832119999997
Created dataset: /13/Metadata/TOFDelay with value: 57728085
Created dataset: /13/Metadata/TOFDelay_L with value: 85
Created dataset: /13/Metadata/TOFDelay_M with value: 55
Created dataset: /13/Metadata/TOFDelay_H with value: 55
Created dataset: /13/Metadata/FIFODelay with value: 15
Created dataset: /13/Metadata/TriggerLevel with value: 0.15317
Created dataset: /13/Metadata/TriggerMode with value: HGThreshold
Created dataset: /13/Metadata/Timestamp with value: 1701873022.20816
Created dataset: /13/Metadata/SpacecraftSeconds with value: 439569022.20816
Created dataset: /14/Metadata/SHCOARSE with value: 439590335
Created dataset: /14/Metadata/SHFINE with value: 10930
Skipping header field IDX__SCI0AID
Skipping header field IDX__SCI0TYPE
Skipping header field IDX__SCI0CONT
Skipping header field IDX__SCI0SPARE1
Skipping header field IDX__SCI0PACK
Skipping header field IDX__SCI0FRAG
Skipping header field IDX__SCI0COMP
Skipping header field IDX__SCI0EVTNUM
Skipping header field IDX__SCI0CAT
Skipping header field IDX__SCI0QUAL
Skipping header field IDX__SCI0FRAGOFF
Skipping header field IDX__SCI0VER
Skipping header field IDX__SCI0TIME32
Skipping header field IDX__SCI0SPARE2
Skipping header field IDX__SCI0SPARE3
Skipping header field IDX__SCI0SPARE4
Skipping header field IDX__TXHDRSCIEVTLEN
Skipping header field IDX__TXHDRSP00
Skipping header field IDX__TXHDRTIMESEC1
Skipping header field IDX__TXHDRTIMESEC2
Skipping header field IDX__TXHDRTIMESUBS
Skipping header field IDX__TXHDRSP01
Skipping header field IDX__TXHDRTRIGOFFSET
Skipping header field IDX__TXHDRSP02
Skipping header field IDX__TXHDRTRIGID
Skipping header field IDX__TXHDREVTNUM
Skipping header field IDX__TXHDRBLOCKS
Skipping header field IDX__TXHDRHGTRIGCTRL1
Skipping header field IDX__TXHDRHGTRIGCTRL2
Skipping header field IDX__TXHDRLGTRIGCTRL1
Skipping header field IDX__TXHDRLGTRIGCTRL2
Skipping header field IDX__TXHDRMGTRIGCTRL1
Skipping header field IDX__TXHDRMGTRIGCTRL2
Skipping header field IDX__TXHDRSP03
Skipping header field IDX__TXHDRLSADC
Skipping header field IDX__TXHDRPOLSTAT
Skipping header field IDX__TXHDRSP04
Skipping header field IDX__TXHDRPOLCTRL
Skipping header field IDX__TXHDRCOINENA
Skipping header field IDX__TXHDRLSTRIGMODE
Skipping header field IDX__TXHDRMGTRIGMODE
Skipping header field IDX__TXHDRLGTRIGMODE
Skipping header field IDX__TXHDRHGTRIGMODE
Skipping header field IDX__TXHDRSP05
Skipping header field IDX__TXHDRSP06
Skipping header field IDX__TXHDRSP07
Skipping header field IDX__TXHDRSP08
Skipping header field IDX__TXHDRTOFMAX
Skipping header field IDX__TXHDRTOFMIN
Skipping header field IDX__TXHDRLS0MAXMIN
Skipping header field IDX__TXHDRLS1MAXMIN
Skipping header field IDX__TXHDRLS2MAXMIN
Skipping header field IDX__TXHDRFIFODELAY
Skipping header field IDX__TXHDRSAMPDELAY
Skipping header field IDX__TXHDRTRANSCNT
Skipping header field IDX__TXHDRPROCHKCH01
Skipping header field IDX__TXHDRPROCHKCH23
Skipping header field IDX__TXHDRPROCHKCH45
Skipping header field IDX__TXHDRPROCHKCH67
Skipping header field IDX__TXHDRHVPSHKCH01
Skipping header field IDX__TXHDRHVPSHKCH23
Skipping header field IDX__TXHDRHVPSHKCH45
Skipping header field IDX__TXHDRHVPSHKCH67
Skipping header field IDX__TXHDRLVHK0CH01
Skipping header field IDX__TXHDRLVHK0CH23
Skipping header field IDX__TXHDRLVHK0CH45
Skipping header field IDX__TXHDRLVHK0CH67
Skipping header field IDX__TXHDRLVHK1CH01
Skipping header field IDX__TXHDRLVHK1CH23
Skipping header field IDX__TXHDRLVHK1CH45
Skipping header field IDX__TXHDRLVHK1CH67
Skipping header field IDX__TXHDRLVHK2CH01
Skipping header field IDX__TXHDRLVHK2CH23
Skipping header field IDX__TXHDRLVHK2CH45
Skipping header field IDX__TXHDRLVHK2CH67
Skipping header field IDX__TXHDRSP09
Skipping header field IDX__TXHDRSP10
Skipping header field IDX__TXHDRFSWAIDCOPY
Skipping header field IDX__TXHDRFSWBINCOPY
Skipping header field IDX__TXHDRFSWMAJOR
Skipping header field IDX__TXHDRFSWMINOR
Skipping header field IDX__TXHDRFSWPATCH
Skipping header field IDX__TXHDRFSWHVSTAT
Skipping header field IDX__TXHDRFSWMEM0
Skipping header field IDX__TXHDRFSWMEM1
Skipping header field IDX__TXHDRFSWPT0
Skipping header field IDX__TXHDRFSWPT1
Skipping header field IDX__TXHDRFSWPT2
Skipping header field IDX__TXHDRFSWPT3
Skipping header field IDX__TXHDRFSWPT4
Skipping header field IDX__TXHDRFSWPT5
Skipping header field IDX__TXHDRFSWPT6
Skipping header field IDX__TXHDRFSWPT7
Skipping header field IDX__TXHDRFSWPT8
Skipping header field IDX__TXHDRFSWPT9
Skipping header field IDX__TXHDRFPGAVER
Skipping header field IDX__SYNCSCI0PKT
Skipping header field IDX__CRCSCI0PKT
Created dataset: /14/Metadata/detector_voltage with value: 2399.9976
Created dataset: /14/Metadata/sensor_voltage with value: 2943.5868
Created dataset: /14/Metadata/target_voltage with value: 2501.0964
Created dataset: /14/Metadata/reflectron_voltage with value: 197.80200000000002
Created dataset: /14/Metadata/rejection_voltage with value: 2947.9824000000003
Created dataset: /14/Metadata/current_hvps_sensor with value: 0.017091558
Created dataset: /14/Metadata/positive_current_hvps with value: 0.06571529999999999
Created dataset: /14/Metadata/negative_current_hvps with value: 0.007447733999999999
Created dataset: /14/Metadata/voltage_3V3_ref with value: 3.30080256
Created dataset: /14/Metadata/voltage_3V3_op_ref with value: 3.30080256
Created dataset: /14/Metadata/voltage_neg6V_bus with value: -6.424318940000003
Created dataset: /14/Metadata/voltage_pos6V_bus with value: 6.3824112
Created dataset: /14/Metadata/voltage_pos16V_bus with value: 15.3019387
Created dataset: /14/Metadata/voltage_pos3V3_bus with value: 3.3185314800000003
Created dataset: /14/Metadata/voltage_neg5V_bus with value: -5.032597150000001
Created dataset: /14/Metadata/voltage_pos5V_bus with value: 5.0930352
Created dataset: /14/Metadata/current_3V3_bus with value: 2.5271769600000002
Created dataset: /14/Metadata/current_16V_bus with value: 0.15633684
Created dataset: /14/Metadata/current_6V_bus with value: 0.1034725524
Created dataset: /14/Metadata/current_neg6V_bus with value: -0.07816851699999999
Created dataset: /14/Metadata/current_5V_bus with value: 0.06402564056
Created dataset: /14/Metadata/current_neg5V_bus with value: -0.0564102
Created dataset: /14/Metadata/current_2V5_bus with value: 0.77523732
Created dataset: /14/Metadata/current_neg2V5_bus with value: -0.116325891
Created dataset: /14/Metadata/current_1V_pol with value: 570.6487896
Created dataset: /14/Metadata/current_1.9V_pol with value: 1123.2390732000001
Created dataset: /14/Metadata/temperature_1 with value: -408.6811903905609
Created dataset: /14/Metadata/temperature_2 with value: -801.8818752684547
Created dataset: /14/Metadata/voltage_1V_bus with value: 1.004102806
Created dataset: /14/Metadata/fpga_temperature with value: -2.2134848000000034
Created dataset: /14/Metadata/voltage_1.9V_bus with value: 1.884908879
Created dataset: /14/Metadata/voltage_3.3V_bus with value: 3.2975832119999997
Created dataset: /14/Metadata/TOFDelay with value: 49331282
Created dataset: /14/Metadata/TOFDelay_L with value: 82
Created dataset: /14/Metadata/TOFDelay_M with value: 47
Created dataset: /14/Metadata/TOFDelay_H with value: 47
Created dataset: /14/Metadata/FIFODelay with value: 18
Created dataset: /14/Metadata/TriggerLevel with value: 0.15317
Created dataset: /14/Metadata/TriggerMode with value: HGThreshold
Created dataset: /14/Metadata/Timestamp with value: 1701873022.20826
Created dataset: /14/Metadata/SpacecraftSeconds with value: 439569022.20826
Created dataset: /15/Metadata/SHCOARSE with value: 439590348
Created dataset: /15/Metadata/SHFINE with value: 10918
Skipping header field IDX__SCI0AID
Skipping header field IDX__SCI0TYPE
Skipping header field IDX__SCI0CONT
Skipping header field IDX__SCI0SPARE1
Skipping header field IDX__SCI0PACK
Skipping header field IDX__SCI0FRAG
Skipping header field IDX__SCI0COMP
Skipping header field IDX__SCI0EVTNUM
Skipping header field IDX__SCI0CAT
Skipping header field IDX__SCI0QUAL
Skipping header field IDX__SCI0FRAGOFF
Skipping header field IDX__SCI0VER
Skipping header field IDX__SCI0TIME32
Skipping header field IDX__SCI0SPARE2
Skipping header field IDX__SCI0SPARE3
Skipping header field IDX__SCI0SPARE4
Skipping header field IDX__TXHDRSCIEVTLEN
Skipping header field IDX__TXHDRSP00
Skipping header field IDX__TXHDRTIMESEC1
Skipping header field IDX__TXHDRTIMESEC2
Skipping header field IDX__TXHDRTIMESUBS
Skipping header field IDX__TXHDRSP01
Skipping header field IDX__TXHDRTRIGOFFSET
Skipping header field IDX__TXHDRSP02
Skipping header field IDX__TXHDRTRIGID
Skipping header field IDX__TXHDREVTNUM
Skipping header field IDX__TXHDRBLOCKS
Skipping header field IDX__TXHDRHGTRIGCTRL1
Skipping header field IDX__TXHDRHGTRIGCTRL2
Skipping header field IDX__TXHDRLGTRIGCTRL1
Skipping header field IDX__TXHDRLGTRIGCTRL2
Skipping header field IDX__TXHDRMGTRIGCTRL1
Skipping header field IDX__TXHDRMGTRIGCTRL2
Skipping header field IDX__TXHDRSP03
Skipping header field IDX__TXHDRLSADC
Skipping header field IDX__TXHDRPOLSTAT
Skipping header field IDX__TXHDRSP04
Skipping header field IDX__TXHDRPOLCTRL
Skipping header field IDX__TXHDRCOINENA
Skipping header field IDX__TXHDRLSTRIGMODE
Skipping header field IDX__TXHDRMGTRIGMODE
Skipping header field IDX__TXHDRLGTRIGMODE
Skipping header field IDX__TXHDRHGTRIGMODE
Skipping header field IDX__TXHDRSP05
Skipping header field IDX__TXHDRSP06
Skipping header field IDX__TXHDRSP07
Skipping header field IDX__TXHDRSP08
Skipping header field IDX__TXHDRTOFMAX
Skipping header field IDX__TXHDRTOFMIN
Skipping header field IDX__TXHDRLS0MAXMIN
Skipping header field IDX__TXHDRLS1MAXMIN
Skipping header field IDX__TXHDRLS2MAXMIN
Skipping header field IDX__TXHDRFIFODELAY
Skipping header field IDX__TXHDRSAMPDELAY
Skipping header field IDX__TXHDRTRANSCNT
Skipping header field IDX__TXHDRPROCHKCH01
Skipping header field IDX__TXHDRPROCHKCH23
Skipping header field IDX__TXHDRPROCHKCH45
Skipping header field IDX__TXHDRPROCHKCH67
Skipping header field IDX__TXHDRHVPSHKCH01
Skipping header field IDX__TXHDRHVPSHKCH23
Skipping header field IDX__TXHDRHVPSHKCH45
Skipping header field IDX__TXHDRHVPSHKCH67
Skipping header field IDX__TXHDRLVHK0CH01
Skipping header field IDX__TXHDRLVHK0CH23
Skipping header field IDX__TXHDRLVHK0CH45
Skipping header field IDX__TXHDRLVHK0CH67
Skipping header field IDX__TXHDRLVHK1CH01
Skipping header field IDX__TXHDRLVHK1CH23
Skipping header field IDX__TXHDRLVHK1CH45
Skipping header field IDX__TXHDRLVHK1CH67
Skipping header field IDX__TXHDRLVHK2CH01
Skipping header field IDX__TXHDRLVHK2CH23
Skipping header field IDX__TXHDRLVHK2CH45
Skipping header field IDX__TXHDRLVHK2CH67
Skipping header field IDX__TXHDRSP09
Skipping header field IDX__TXHDRSP10
Skipping header field IDX__TXHDRFSWAIDCOPY
Skipping header field IDX__TXHDRFSWBINCOPY
Skipping header field IDX__TXHDRFSWMAJOR
Skipping header field IDX__TXHDRFSWMINOR
Skipping header field IDX__TXHDRFSWPATCH
Skipping header field IDX__TXHDRFSWHVSTAT
Skipping header field IDX__TXHDRFSWMEM0
Skipping header field IDX__TXHDRFSWMEM1
Skipping header field IDX__TXHDRFSWPT0
Skipping header field IDX__TXHDRFSWPT1
Skipping header field IDX__TXHDRFSWPT2
Skipping header field IDX__TXHDRFSWPT3
Skipping header field IDX__TXHDRFSWPT4
Skipping header field IDX__TXHDRFSWPT5
Skipping header field IDX__TXHDRFSWPT6
Skipping header field IDX__TXHDRFSWPT7
Skipping header field IDX__TXHDRFSWPT8
Skipping header field IDX__TXHDRFSWPT9
Skipping header field IDX__TXHDRFPGAVER
Skipping header field IDX__SYNCSCI0PKT
Skipping header field IDX__CRCSCI0PKT
Created dataset: /15/Metadata/detector_voltage with value: 2401.4628000000002
Created dataset: /15/Metadata/sensor_voltage with value: 2943.5868
Created dataset: /15/Metadata/target_voltage with value: 2501.0964
Created dataset: /15/Metadata/reflectron_voltage with value: 197.80200000000002
Created dataset: /15/Metadata/rejection_voltage with value: 2949.4476
Created dataset: /15/Metadata/current_hvps_sensor with value: 0.017091558
Created dataset: /15/Metadata/positive_current_hvps with value: 0.06571529999999999
Created dataset: /15/Metadata/negative_current_hvps with value: 0.007447733999999999
Created dataset: /15/Metadata/voltage_3V3_ref with value: 3.30080256
Created dataset: /15/Metadata/voltage_3V3_op_ref with value: 3.30080256
Created dataset: /15/Metadata/voltage_neg6V_bus with value: -6.424318940000003
Created dataset: /15/Metadata/voltage_pos6V_bus with value: 6.3824112
Created dataset: /15/Metadata/voltage_pos16V_bus with value: 15.3019387
Created dataset: /15/Metadata/voltage_pos3V3_bus with value: 3.3185314800000003
Created dataset: /15/Metadata/voltage_neg5V_bus with value: -5.032597150000001
Created dataset: /15/Metadata/voltage_pos5V_bus with value: 5.0930352
Created dataset: /15/Metadata/current_3V3_bus with value: 2.5271769600000002
Created dataset: /15/Metadata/current_16V_bus with value: 0.15633684
Created dataset: /15/Metadata/current_6V_bus with value: 0.1034725524
Created dataset: /15/Metadata/current_neg6V_bus with value: -0.07816851699999999
Created dataset: /15/Metadata/current_5V_bus with value: 0.06402564056
Created dataset: /15/Metadata/current_neg5V_bus with value: -0.0564102
Created dataset: /15/Metadata/current_2V5_bus with value: 0.77523732
Created dataset: /15/Metadata/current_neg2V5_bus with value: -0.11636618400000001
Created dataset: /15/Metadata/current_1V_pol with value: 570.6487896
Created dataset: /15/Metadata/current_1.9V_pol with value: 1122.3361479
Created dataset: /15/Metadata/temperature_1 with value: -408.6811903905609
Created dataset: /15/Metadata/temperature_2 with value: -801.8818752684547
Created dataset: /15/Metadata/voltage_1V_bus with value: 1.004102806
Created dataset: /15/Metadata/fpga_temperature with value: -2.2134848000000034
Created dataset: /15/Metadata/voltage_1.9V_bus with value: 1.884908879
Created dataset: /15/Metadata/voltage_3.3V_bus with value: 3.2975832119999997
Created dataset: /15/Metadata/TOFDelay with value: 49331277
Created dataset: /15/Metadata/TOFDelay_L with value: 77
Created dataset: /15/Metadata/TOFDelay_M with value: 47
Created dataset: /15/Metadata/TOFDelay_H with value: 47
Created dataset: /15/Metadata/FIFODelay with value: 15
Created dataset: /15/Metadata/TriggerLevel with value: 0.15317
Created dataset: /15/Metadata/TriggerMode with value: HGThreshold
Created dataset: /15/Metadata/Timestamp with value: 1701873022.2083
Created dataset: /15/Metadata/SpacecraftSeconds with value: 439569022.2083
Created dataset: /16/Metadata/SHCOARSE with value: 439590362
Created dataset: /16/Metadata/SHFINE with value: 10905
Skipping header field IDX__SCI0AID
Skipping header field IDX__SCI0TYPE
Skipping header field IDX__SCI0CONT
Skipping header field IDX__SCI0SPARE1
Skipping header field IDX__SCI0PACK
Skipping header field IDX__SCI0FRAG
Skipping header field IDX__SCI0COMP
Skipping header field IDX__SCI0EVTNUM
Skipping header field IDX__SCI0CAT
Skipping header field IDX__SCI0QUAL
Skipping header field IDX__SCI0FRAGOFF
Skipping header field IDX__SCI0VER
Skipping header field IDX__SCI0TIME32
Skipping header field IDX__SCI0SPARE2
Skipping header field IDX__SCI0SPARE3
Skipping header field IDX__SCI0SPARE4
Skipping header field IDX__TXHDRSCIEVTLEN
Skipping header field IDX__TXHDRSP00
Skipping header field IDX__TXHDRTIMESEC1
Skipping header field IDX__TXHDRTIMESEC2
Skipping header field IDX__TXHDRTIMESUBS
Skipping header field IDX__TXHDRSP01
Skipping header field IDX__TXHDRTRIGOFFSET
Skipping header field IDX__TXHDRSP02
Skipping header field IDX__TXHDRTRIGID
Skipping header field IDX__TXHDREVTNUM
Skipping header field IDX__TXHDRBLOCKS
Skipping header field IDX__TXHDRHGTRIGCTRL1
Skipping header field IDX__TXHDRHGTRIGCTRL2
Skipping header field IDX__TXHDRLGTRIGCTRL1
Skipping header field IDX__TXHDRLGTRIGCTRL2
Skipping header field IDX__TXHDRMGTRIGCTRL1
Skipping header field IDX__TXHDRMGTRIGCTRL2
Skipping header field IDX__TXHDRSP03
Skipping header field IDX__TXHDRLSADC
Skipping header field IDX__TXHDRPOLSTAT
Skipping header field IDX__TXHDRSP04
Skipping header field IDX__TXHDRPOLCTRL
Skipping header field IDX__TXHDRCOINENA
Skipping header field IDX__TXHDRLSTRIGMODE
Skipping header field IDX__TXHDRMGTRIGMODE
Skipping header field IDX__TXHDRLGTRIGMODE
Skipping header field IDX__TXHDRHGTRIGMODE
Skipping header field IDX__TXHDRSP05
Skipping header field IDX__TXHDRSP06
Skipping header field IDX__TXHDRSP07
Skipping header field IDX__TXHDRSP08
Skipping header field IDX__TXHDRTOFMAX
Skipping header field IDX__TXHDRTOFMIN
Skipping header field IDX__TXHDRLS0MAXMIN
Skipping header field IDX__TXHDRLS1MAXMIN
Skipping header field IDX__TXHDRLS2MAXMIN
Skipping header field IDX__TXHDRFIFODELAY
Skipping header field IDX__TXHDRSAMPDELAY
Skipping header field IDX__TXHDRTRANSCNT
Skipping header field IDX__TXHDRPROCHKCH01
Skipping header field IDX__TXHDRPROCHKCH23
Skipping header field IDX__TXHDRPROCHKCH45
Skipping header field IDX__TXHDRPROCHKCH67
Skipping header field IDX__TXHDRHVPSHKCH01
Skipping header field IDX__TXHDRHVPSHKCH23
Skipping header field IDX__TXHDRHVPSHKCH45
Skipping header field IDX__TXHDRHVPSHKCH67
Skipping header field IDX__TXHDRLVHK0CH01
Skipping header field IDX__TXHDRLVHK0CH23
Skipping header field IDX__TXHDRLVHK0CH45
Skipping header field IDX__TXHDRLVHK0CH67
Skipping header field IDX__TXHDRLVHK1CH01
Skipping header field IDX__TXHDRLVHK1CH23
Skipping header field IDX__TXHDRLVHK1CH45
Skipping header field IDX__TXHDRLVHK1CH67
Skipping header field IDX__TXHDRLVHK2CH01
Skipping header field IDX__TXHDRLVHK2CH23
Skipping header field IDX__TXHDRLVHK2CH45
Skipping header field IDX__TXHDRLVHK2CH67
Skipping header field IDX__TXHDRSP09
Skipping header field IDX__TXHDRSP10
Skipping header field IDX__TXHDRFSWAIDCOPY
Skipping header field IDX__TXHDRFSWBINCOPY
Skipping header field IDX__TXHDRFSWMAJOR
Skipping header field IDX__TXHDRFSWMINOR
Skipping header field IDX__TXHDRFSWPATCH
Skipping header field IDX__TXHDRFSWHVSTAT
Skipping header field IDX__TXHDRFSWMEM0
Skipping header field IDX__TXHDRFSWMEM1
Skipping header field IDX__TXHDRFSWPT0
Skipping header field IDX__TXHDRFSWPT1
Skipping header field IDX__TXHDRFSWPT2
Skipping header field IDX__TXHDRFSWPT3
Skipping header field IDX__TXHDRFSWPT4
Skipping header field IDX__TXHDRFSWPT5
Skipping header field IDX__TXHDRFSWPT6
Skipping header field IDX__TXHDRFSWPT7
Skipping header field IDX__TXHDRFSWPT8
Skipping header field IDX__TXHDRFSWPT9
Skipping header field IDX__TXHDRFPGAVER
Skipping header field IDX__SYNCSCI0PKT
Skipping header field IDX__CRCSCI0PKT
Created dataset: /16/Metadata/detector_voltage with value: 2401.4628000000002
Created dataset: /16/Metadata/sensor_voltage with value: 2943.5868
Created dataset: /16/Metadata/target_voltage with value: 2501.0964
Created dataset: /16/Metadata/reflectron_voltage with value: 197.80200000000002
Created dataset: /16/Metadata/rejection_voltage with value: 2947.9824000000003
Created dataset: /16/Metadata/current_hvps_sensor with value: 0.017091558
Created dataset: /16/Metadata/positive_current_hvps with value: 0.06571529999999999
Created dataset: /16/Metadata/negative_current_hvps with value: 0.007447733999999999
Created dataset: /16/Metadata/voltage_3V3_ref with value: 3.30080256
Created dataset: /16/Metadata/voltage_3V3_op_ref with value: 3.30080256
Created dataset: /16/Metadata/voltage_neg6V_bus with value: -6.424318940000003
Created dataset: /16/Metadata/voltage_pos6V_bus with value: 6.3824112
Created dataset: /16/Metadata/voltage_pos16V_bus with value: 15.3019387
Created dataset: /16/Metadata/voltage_pos3V3_bus with value: 3.3185314800000003
Created dataset: /16/Metadata/voltage_neg5V_bus with value: -5.032597150000001
Created dataset: /16/Metadata/voltage_pos5V_bus with value: 5.0930352
Created dataset: /16/Metadata/current_3V3_bus with value: 2.5287886800000003
Created dataset: /16/Metadata/current_16V_bus with value: 0.15633684
Created dataset: /16/Metadata/current_6V_bus with value: 0.1034725524
Created dataset: /16/Metadata/current_neg6V_bus with value: -0.07816851699999999
Created dataset: /16/Metadata/current_5V_bus with value: 0.06402564056
Created dataset: /16/Metadata/current_neg5V_bus with value: -0.0564102
Created dataset: /16/Metadata/current_2V5_bus with value: 0.77523732
Created dataset: /16/Metadata/current_neg2V5_bus with value: -0.11636618400000001
Created dataset: /16/Metadata/current_1V_pol with value: 571.5517149
Created dataset: /16/Metadata/current_1.9V_pol with value: 1123.2390732000001
Created dataset: /16/Metadata/temperature_1 with value: -407.5949358341395
Created dataset: /16/Metadata/temperature_2 with value: -801.8818752684547
Created dataset: /16/Metadata/voltage_1V_bus with value: 1.004102806
Created dataset: /16/Metadata/fpga_temperature with value: -2.2134848000000034
Created dataset: /16/Metadata/voltage_1.9V_bus with value: 1.884908879
Created dataset: /16/Metadata/voltage_3.3V_bus with value: 3.2975832119999997
Created dataset: /16/Metadata/TOFDelay with value: 24140852
Created dataset: /16/Metadata/TOFDelay_L with value: 52
Created dataset: /16/Metadata/TOFDelay_M with value: 23
Created dataset: /16/Metadata/TOFDelay_H with value: 23
Created dataset: /16/Metadata/FIFODelay with value: 15
Created dataset: /16/Metadata/TriggerLevel with value: 0.15317
Created dataset: /16/Metadata/TriggerMode with value: HGThreshold
Created dataset: /16/Metadata/Timestamp with value: 1701873022.20832
Created dataset: /16/Metadata/SpacecraftSeconds with value: 439569022.20832
Created dataset: /17/Metadata/SHCOARSE with value: 439590375
Created dataset: /17/Metadata/SHFINE with value: 10892
Skipping header field IDX__SCI0AID
Skipping header field IDX__SCI0TYPE
Skipping header field IDX__SCI0CONT
Skipping header field IDX__SCI0SPARE1
Skipping header field IDX__SCI0PACK
Skipping header field IDX__SCI0FRAG
Skipping header field IDX__SCI0COMP
Skipping header field IDX__SCI0EVTNUM
Skipping header field IDX__SCI0CAT
Skipping header field IDX__SCI0QUAL
Skipping header field IDX__SCI0FRAGOFF
Skipping header field IDX__SCI0VER
Skipping header field IDX__SCI0TIME32
Skipping header field IDX__SCI0SPARE2
Skipping header field IDX__SCI0SPARE3
Skipping header field IDX__SCI0SPARE4
Skipping header field IDX__TXHDRSCIEVTLEN
Skipping header field IDX__TXHDRSP00
Skipping header field IDX__TXHDRTIMESEC1
Skipping header field IDX__TXHDRTIMESEC2
Skipping header field IDX__TXHDRTIMESUBS
Skipping header field IDX__TXHDRSP01
Skipping header field IDX__TXHDRTRIGOFFSET
Skipping header field IDX__TXHDRSP02
Skipping header field IDX__TXHDRTRIGID
Skipping header field IDX__TXHDREVTNUM
Skipping header field IDX__TXHDRBLOCKS
Skipping header field IDX__TXHDRHGTRIGCTRL1
Skipping header field IDX__TXHDRHGTRIGCTRL2
Skipping header field IDX__TXHDRLGTRIGCTRL1
Skipping header field IDX__TXHDRLGTRIGCTRL2
Skipping header field IDX__TXHDRMGTRIGCTRL1
Skipping header field IDX__TXHDRMGTRIGCTRL2
Skipping header field IDX__TXHDRSP03
Skipping header field IDX__TXHDRLSADC
Skipping header field IDX__TXHDRPOLSTAT
Skipping header field IDX__TXHDRSP04
Skipping header field IDX__TXHDRPOLCTRL
Skipping header field IDX__TXHDRCOINENA
Skipping header field IDX__TXHDRLSTRIGMODE
Skipping header field IDX__TXHDRMGTRIGMODE
Skipping header field IDX__TXHDRLGTRIGMODE
Skipping header field IDX__TXHDRHGTRIGMODE
Skipping header field IDX__TXHDRSP05
Skipping header field IDX__TXHDRSP06
Skipping header field IDX__TXHDRSP07
Skipping header field IDX__TXHDRSP08
Skipping header field IDX__TXHDRTOFMAX
Skipping header field IDX__TXHDRTOFMIN
Skipping header field IDX__TXHDRLS0MAXMIN
Skipping header field IDX__TXHDRLS1MAXMIN
Skipping header field IDX__TXHDRLS2MAXMIN
Skipping header field IDX__TXHDRFIFODELAY
Skipping header field IDX__TXHDRSAMPDELAY
Skipping header field IDX__TXHDRTRANSCNT
Skipping header field IDX__TXHDRPROCHKCH01
Skipping header field IDX__TXHDRPROCHKCH23
Skipping header field IDX__TXHDRPROCHKCH45
Skipping header field IDX__TXHDRPROCHKCH67
Skipping header field IDX__TXHDRHVPSHKCH01
Skipping header field IDX__TXHDRHVPSHKCH23
Skipping header field IDX__TXHDRHVPSHKCH45
Skipping header field IDX__TXHDRHVPSHKCH67
Skipping header field IDX__TXHDRLVHK0CH01
Skipping header field IDX__TXHDRLVHK0CH23
Skipping header field IDX__TXHDRLVHK0CH45
Skipping header field IDX__TXHDRLVHK0CH67
Skipping header field IDX__TXHDRLVHK1CH01
Skipping header field IDX__TXHDRLVHK1CH23
Skipping header field IDX__TXHDRLVHK1CH45
Skipping header field IDX__TXHDRLVHK1CH67
Skipping header field IDX__TXHDRLVHK2CH01
Skipping header field IDX__TXHDRLVHK2CH23
Skipping header field IDX__TXHDRLVHK2CH45
Skipping header field IDX__TXHDRLVHK2CH67
Skipping header field IDX__TXHDRSP09
Skipping header field IDX__TXHDRSP10
Skipping header field IDX__TXHDRFSWAIDCOPY
Skipping header field IDX__TXHDRFSWBINCOPY
Skipping header field IDX__TXHDRFSWMAJOR
Skipping header field IDX__TXHDRFSWMINOR
Skipping header field IDX__TXHDRFSWPATCH
Skipping header field IDX__TXHDRFSWHVSTAT
Skipping header field IDX__TXHDRFSWMEM0
Skipping header field IDX__TXHDRFSWMEM1
Skipping header field IDX__TXHDRFSWPT0
Skipping header field IDX__TXHDRFSWPT1
Skipping header field IDX__TXHDRFSWPT2
Skipping header field IDX__TXHDRFSWPT3
Skipping header field IDX__TXHDRFSWPT4
Skipping header field IDX__TXHDRFSWPT5
Skipping header field IDX__TXHDRFSWPT6
Skipping header field IDX__TXHDRFSWPT7
Skipping header field IDX__TXHDRFSWPT8
Skipping header field IDX__TXHDRFSWPT9
Skipping header field IDX__TXHDRFPGAVER
Skipping header field IDX__SYNCSCI0PKT
Skipping header field IDX__CRCSCI0PKT
Created dataset: /17/Metadata/detector_voltage with value: 2399.9976
Created dataset: /17/Metadata/sensor_voltage with value: 2943.5868
Created dataset: /17/Metadata/target_voltage with value: 2501.0964
Created dataset: /17/Metadata/reflectron_voltage with value: 197.80200000000002
Created dataset: /17/Metadata/rejection_voltage with value: 2949.4476
Created dataset: /17/Metadata/current_hvps_sensor with value: 0.017091558
Created dataset: /17/Metadata/positive_current_hvps with value: 0.06571529999999999
Created dataset: /17/Metadata/negative_current_hvps with value: 0.007447733999999999
Created dataset: /17/Metadata/voltage_3V3_ref with value: 3.30080256
Created dataset: /17/Metadata/voltage_3V3_op_ref with value: 3.30080256
Created dataset: /17/Metadata/voltage_neg6V_bus with value: -6.424318940000003
Created dataset: /17/Metadata/voltage_pos6V_bus with value: 6.3824112
Created dataset: /17/Metadata/voltage_pos16V_bus with value: 15.3019387
Created dataset: /17/Metadata/voltage_pos3V3_bus with value: 3.3185314800000003
Created dataset: /17/Metadata/voltage_neg5V_bus with value: -5.032597150000001
Created dataset: /17/Metadata/voltage_pos5V_bus with value: 5.0930352
Created dataset: /17/Metadata/current_3V3_bus with value: 2.5271769600000002
Created dataset: /17/Metadata/current_16V_bus with value: 0.15633684
Created dataset: /17/Metadata/current_6V_bus with value: 0.1034725524
Created dataset: /17/Metadata/current_neg6V_bus with value: -0.07816851699999999
Created dataset: /17/Metadata/current_5V_bus with value: 0.06402564056
Created dataset: /17/Metadata/current_neg5V_bus with value: -0.0564102
Created dataset: /17/Metadata/current_2V5_bus with value: 0.77523732
Created dataset: /17/Metadata/current_neg2V5_bus with value: -0.116325891
Created dataset: /17/Metadata/current_1V_pol with value: 570.6487896
Created dataset: /17/Metadata/current_1.9V_pol with value: 1123.2390732000001
Created dataset: /17/Metadata/temperature_1 with value: -407.5949358341395
Created dataset: /17/Metadata/temperature_2 with value: -801.8818752684547
Created dataset: /17/Metadata/voltage_1V_bus with value: 1.004102806
Created dataset: /17/Metadata/fpga_temperature with value: -2.2134848000000034
Created dataset: /17/Metadata/voltage_1.9V_bus with value: 1.884908879
Created dataset: /17/Metadata/voltage_3.3V_bus with value: 3.2975832119999997
Created dataset: /17/Metadata/TOFDelay with value: 40934471
Created dataset: /17/Metadata/TOFDelay_L with value: 71
Created dataset: /17/Metadata/TOFDelay_M with value: 39
Created dataset: /17/Metadata/TOFDelay_H with value: 39
Created dataset: /17/Metadata/FIFODelay with value: 16
Created dataset: /17/Metadata/TriggerLevel with value: 0.15317
Created dataset: /17/Metadata/TriggerMode with value: HGThreshold
Created dataset: /17/Metadata/Timestamp with value: 1701873022.2084
Created dataset: /17/Metadata/SpacecraftSeconds with value: 439569022.2084
Created dataset: /18/Metadata/SHCOARSE with value: 439590391
Created dataset: /18/Metadata/SHFINE with value: 10877
Skipping header field IDX__SCI0AID
Skipping header field IDX__SCI0TYPE
Skipping header field IDX__SCI0CONT
Skipping header field IDX__SCI0SPARE1
Skipping header field IDX__SCI0PACK
Skipping header field IDX__SCI0FRAG
Skipping header field IDX__SCI0COMP
Skipping header field IDX__SCI0EVTNUM
Skipping header field IDX__SCI0CAT
Skipping header field IDX__SCI0QUAL
Skipping header field IDX__SCI0FRAGOFF
Skipping header field IDX__SCI0VER
Skipping header field IDX__SCI0TIME32
Skipping header field IDX__SCI0SPARE2
Skipping header field IDX__SCI0SPARE3
Skipping header field IDX__SCI0SPARE4
Skipping header field IDX__TXHDRSCIEVTLEN
Skipping header field IDX__TXHDRSP00
Skipping header field IDX__TXHDRTIMESEC1
Skipping header field IDX__TXHDRTIMESEC2
Skipping header field IDX__TXHDRTIMESUBS
Skipping header field IDX__TXHDRSP01
Skipping header field IDX__TXHDRTRIGOFFSET
Skipping header field IDX__TXHDRSP02
Skipping header field IDX__TXHDRTRIGID
Skipping header field IDX__TXHDREVTNUM
Skipping header field IDX__TXHDRBLOCKS
Skipping header field IDX__TXHDRHGTRIGCTRL1
Skipping header field IDX__TXHDRHGTRIGCTRL2
Skipping header field IDX__TXHDRLGTRIGCTRL1
Skipping header field IDX__TXHDRLGTRIGCTRL2
Skipping header field IDX__TXHDRMGTRIGCTRL1
Skipping header field IDX__TXHDRMGTRIGCTRL2
Skipping header field IDX__TXHDRSP03
Skipping header field IDX__TXHDRLSADC
Skipping header field IDX__TXHDRPOLSTAT
Skipping header field IDX__TXHDRSP04
Skipping header field IDX__TXHDRPOLCTRL
Skipping header field IDX__TXHDRCOINENA
Skipping header field IDX__TXHDRLSTRIGMODE
Skipping header field IDX__TXHDRMGTRIGMODE
Skipping header field IDX__TXHDRLGTRIGMODE
Skipping header field IDX__TXHDRHGTRIGMODE
Skipping header field IDX__TXHDRSP05
Skipping header field IDX__TXHDRSP06
Skipping header field IDX__TXHDRSP07
Skipping header field IDX__TXHDRSP08
Skipping header field IDX__TXHDRTOFMAX
Skipping header field IDX__TXHDRTOFMIN
Skipping header field IDX__TXHDRLS0MAXMIN
Skipping header field IDX__TXHDRLS1MAXMIN
Skipping header field IDX__TXHDRLS2MAXMIN
Skipping header field IDX__TXHDRFIFODELAY
Skipping header field IDX__TXHDRSAMPDELAY
Skipping header field IDX__TXHDRTRANSCNT
Skipping header field IDX__TXHDRPROCHKCH01
Skipping header field IDX__TXHDRPROCHKCH23
Skipping header field IDX__TXHDRPROCHKCH45
Skipping header field IDX__TXHDRPROCHKCH67
Skipping header field IDX__TXHDRHVPSHKCH01
Skipping header field IDX__TXHDRHVPSHKCH23
Skipping header field IDX__TXHDRHVPSHKCH45
Skipping header field IDX__TXHDRHVPSHKCH67
Skipping header field IDX__TXHDRLVHK0CH01
Skipping header field IDX__TXHDRLVHK0CH23
Skipping header field IDX__TXHDRLVHK0CH45
Skipping header field IDX__TXHDRLVHK0CH67
Skipping header field IDX__TXHDRLVHK1CH01
Skipping header field IDX__TXHDRLVHK1CH23
Skipping header field IDX__TXHDRLVHK1CH45
Skipping header field IDX__TXHDRLVHK1CH67
Skipping header field IDX__TXHDRLVHK2CH01
Skipping header field IDX__TXHDRLVHK2CH23
Skipping header field IDX__TXHDRLVHK2CH45
Skipping header field IDX__TXHDRLVHK2CH67
Skipping header field IDX__TXHDRSP09
Skipping header field IDX__TXHDRSP10
Skipping header field IDX__TXHDRFSWAIDCOPY
Skipping header field IDX__TXHDRFSWBINCOPY
Skipping header field IDX__TXHDRFSWMAJOR
Skipping header field IDX__TXHDRFSWMINOR
Skipping header field IDX__TXHDRFSWPATCH
Skipping header field IDX__TXHDRFSWHVSTAT
Skipping header field IDX__TXHDRFSWMEM0
Skipping header field IDX__TXHDRFSWMEM1
Skipping header field IDX__TXHDRFSWPT0
Skipping header field IDX__TXHDRFSWPT1
Skipping header field IDX__TXHDRFSWPT2
Skipping header field IDX__TXHDRFSWPT3
Skipping header field IDX__TXHDRFSWPT4
Skipping header field IDX__TXHDRFSWPT5
Skipping header field IDX__TXHDRFSWPT6
Skipping header field IDX__TXHDRFSWPT7
Skipping header field IDX__TXHDRFSWPT8
Skipping header field IDX__TXHDRFSWPT9
Skipping header field IDX__TXHDRFPGAVER
Skipping header field IDX__SYNCSCI0PKT
Skipping header field IDX__CRCSCI0PKT
Created dataset: /18/Metadata/detector_voltage with value: 2399.9976
Created dataset: /18/Metadata/sensor_voltage with value: 2943.5868
Created dataset: /18/Metadata/target_voltage with value: 2501.0964
Created dataset: /18/Metadata/reflectron_voltage with value: 197.80200000000002
Created dataset: /18/Metadata/rejection_voltage with value: 2949.4476
Created dataset: /18/Metadata/current_hvps_sensor with value: 0.017091558
Created dataset: /18/Metadata/positive_current_hvps with value: 0.065739639
Created dataset: /18/Metadata/negative_current_hvps with value: 0.007447733999999999
Created dataset: /18/Metadata/voltage_3V3_ref with value: 3.30080256
Created dataset: /18/Metadata/voltage_3V3_op_ref with value: 3.30080256
Created dataset: /18/Metadata/voltage_neg6V_bus with value: -6.424318940000003
Created dataset: /18/Metadata/voltage_pos6V_bus with value: 6.3824112
Created dataset: /18/Metadata/voltage_pos16V_bus with value: 15.3019387
Created dataset: /18/Metadata/voltage_pos3V3_bus with value: 3.3185314800000003
Created dataset: /18/Metadata/voltage_neg5V_bus with value: -5.032597150000001
Created dataset: /18/Metadata/voltage_pos5V_bus with value: 5.0930352
Created dataset: /18/Metadata/current_3V3_bus with value: 2.5271769600000002
Created dataset: /18/Metadata/current_16V_bus with value: 0.15633684
Created dataset: /18/Metadata/current_6V_bus with value: 0.1034725524
Created dataset: /18/Metadata/current_neg6V_bus with value: -0.07816851699999999
Created dataset: /18/Metadata/current_5V_bus with value: 0.06402564056
Created dataset: /18/Metadata/current_neg5V_bus with value: -0.0564102
Created dataset: /18/Metadata/current_2V5_bus with value: 0.77523732
Created dataset: /18/Metadata/current_neg2V5_bus with value: -0.11636618400000001
Created dataset: /18/Metadata/current_1V_pol with value: 570.6487896
Created dataset: /18/Metadata/current_1.9V_pol with value: 1123.2390732000001
Created dataset: /18/Metadata/temperature_1 with value: -407.5949358341395
Created dataset: /18/Metadata/temperature_2 with value: -801.8818752684547
Created dataset: /18/Metadata/voltage_1V_bus with value: 1.004102806
Created dataset: /18/Metadata/fpga_temperature with value: -2.2134848000000034
Created dataset: /18/Metadata/voltage_1.9V_bus with value: 1.884908879
Created dataset: /18/Metadata/voltage_3.3V_bus with value: 3.2975832119999997
Created dataset: /18/Metadata/TOFDelay with value: 32537664
Created dataset: /18/Metadata/TOFDelay_L with value: 64
Created dataset: /18/Metadata/TOFDelay_M with value: 31
Created dataset: /18/Metadata/TOFDelay_H with value: 31
Created dataset: /18/Metadata/FIFODelay with value: 17
Created dataset: /18/Metadata/TriggerLevel with value: 0.15317
Created dataset: /18/Metadata/TriggerMode with value: HGThreshold
Created dataset: /18/Metadata/Timestamp with value: 1701873022.20842
Created dataset: /18/Metadata/SpacecraftSeconds with value: 439569022.20842
Created dataset: /19/Metadata/SHCOARSE with value: 439590405
Created dataset: /19/Metadata/SHFINE with value: 10863
Skipping header field IDX__SCI0AID
Skipping header field IDX__SCI0TYPE
Skipping header field IDX__SCI0CONT
Skipping header field IDX__SCI0SPARE1
Skipping header field IDX__SCI0PACK
Skipping header field IDX__SCI0FRAG
Skipping header field IDX__SCI0COMP
Skipping header field IDX__SCI0EVTNUM
Skipping header field IDX__SCI0CAT
Skipping header field IDX__SCI0QUAL
Skipping header field IDX__SCI0FRAGOFF
Skipping header field IDX__SCI0VER
Skipping header field IDX__SCI0TIME32
Skipping header field IDX__SCI0SPARE2
Skipping header field IDX__SCI0SPARE3
Skipping header field IDX__SCI0SPARE4
Skipping header field IDX__TXHDRSCIEVTLEN
Skipping header field IDX__TXHDRSP00
Skipping header field IDX__TXHDRTIMESEC1
Skipping header field IDX__TXHDRTIMESEC2
Skipping header field IDX__TXHDRTIMESUBS
Skipping header field IDX__TXHDRSP01
Skipping header field IDX__TXHDRTRIGOFFSET
Skipping header field IDX__TXHDRSP02
Skipping header field IDX__TXHDRTRIGID
Skipping header field IDX__TXHDREVTNUM
Skipping header field IDX__TXHDRBLOCKS
Skipping header field IDX__TXHDRHGTRIGCTRL1
Skipping header field IDX__TXHDRHGTRIGCTRL2
Skipping header field IDX__TXHDRLGTRIGCTRL1
Skipping header field IDX__TXHDRLGTRIGCTRL2
Skipping header field IDX__TXHDRMGTRIGCTRL1
Skipping header field IDX__TXHDRMGTRIGCTRL2
Skipping header field IDX__TXHDRSP03
Skipping header field IDX__TXHDRLSADC
Skipping header field IDX__TXHDRPOLSTAT
Skipping header field IDX__TXHDRSP04
Skipping header field IDX__TXHDRPOLCTRL
Skipping header field IDX__TXHDRCOINENA
Skipping header field IDX__TXHDRLSTRIGMODE
Skipping header field IDX__TXHDRMGTRIGMODE
Skipping header field IDX__TXHDRLGTRIGMODE
Skipping header field IDX__TXHDRHGTRIGMODE
Skipping header field IDX__TXHDRSP05
Skipping header field IDX__TXHDRSP06
Skipping header field IDX__TXHDRSP07
Skipping header field IDX__TXHDRSP08
Skipping header field IDX__TXHDRTOFMAX
Skipping header field IDX__TXHDRTOFMIN
Skipping header field IDX__TXHDRLS0MAXMIN
Skipping header field IDX__TXHDRLS1MAXMIN
Skipping header field IDX__TXHDRLS2MAXMIN
Skipping header field IDX__TXHDRFIFODELAY
Skipping header field IDX__TXHDRSAMPDELAY
Skipping header field IDX__TXHDRTRANSCNT
Skipping header field IDX__TXHDRPROCHKCH01
Skipping header field IDX__TXHDRPROCHKCH23
Skipping header field IDX__TXHDRPROCHKCH45
Skipping header field IDX__TXHDRPROCHKCH67
Skipping header field IDX__TXHDRHVPSHKCH01
Skipping header field IDX__TXHDRHVPSHKCH23
Skipping header field IDX__TXHDRHVPSHKCH45
Skipping header field IDX__TXHDRHVPSHKCH67
Skipping header field IDX__TXHDRLVHK0CH01
Skipping header field IDX__TXHDRLVHK0CH23
Skipping header field IDX__TXHDRLVHK0CH45
Skipping header field IDX__TXHDRLVHK0CH67
Skipping header field IDX__TXHDRLVHK1CH01
Skipping header field IDX__TXHDRLVHK1CH23
Skipping header field IDX__TXHDRLVHK1CH45
Skipping header field IDX__TXHDRLVHK1CH67
Skipping header field IDX__TXHDRLVHK2CH01
Skipping header field IDX__TXHDRLVHK2CH23
Skipping header field IDX__TXHDRLVHK2CH45
Skipping header field IDX__TXHDRLVHK2CH67
Skipping header field IDX__TXHDRSP09
Skipping header field IDX__TXHDRSP10
Skipping header field IDX__TXHDRFSWAIDCOPY
Skipping header field IDX__TXHDRFSWBINCOPY
Skipping header field IDX__TXHDRFSWMAJOR
Skipping header field IDX__TXHDRFSWMINOR
Skipping header field IDX__TXHDRFSWPATCH
Skipping header field IDX__TXHDRFSWHVSTAT
Skipping header field IDX__TXHDRFSWMEM0
Skipping header field IDX__TXHDRFSWMEM1
Skipping header field IDX__TXHDRFSWPT0
Skipping header field IDX__TXHDRFSWPT1
Skipping header field IDX__TXHDRFSWPT2
Skipping header field IDX__TXHDRFSWPT3
Skipping header field IDX__TXHDRFSWPT4
Skipping header field IDX__TXHDRFSWPT5
Skipping header field IDX__TXHDRFSWPT6
Skipping header field IDX__TXHDRFSWPT7
Skipping header field IDX__TXHDRFSWPT8
Skipping header field IDX__TXHDRFSWPT9
Skipping header field IDX__TXHDRFPGAVER
Skipping header field IDX__SYNCSCI0PKT
Skipping header field IDX__CRCSCI0PKT
Created dataset: /19/Metadata/detector_voltage with value: 2401.4628000000002
Created dataset: /19/Metadata/sensor_voltage with value: 2943.5868
Created dataset: /19/Metadata/target_voltage with value: 2501.0964
Created dataset: /19/Metadata/reflectron_voltage with value: 197.80200000000002
Created dataset: /19/Metadata/rejection_voltage with value: 2949.4476
Created dataset: /19/Metadata/current_hvps_sensor with value: 0.017091558
Created dataset: /19/Metadata/positive_current_hvps with value: 0.06571529999999999
Created dataset: /19/Metadata/negative_current_hvps with value: 0.007447733999999999
Created dataset: /19/Metadata/voltage_3V3_ref with value: 3.30080256
Created dataset: /19/Metadata/voltage_3V3_op_ref with value: 3.30080256
Created dataset: /19/Metadata/voltage_neg6V_bus with value: -6.424318940000003
Created dataset: /19/Metadata/voltage_pos6V_bus with value: 6.3824112
Created dataset: /19/Metadata/voltage_pos16V_bus with value: 15.3019387
Created dataset: /19/Metadata/voltage_pos3V3_bus with value: 3.3185314800000003
Created dataset: /19/Metadata/voltage_neg5V_bus with value: -5.032597150000001
Created dataset: /19/Metadata/voltage_pos5V_bus with value: 5.0930352
Created dataset: /19/Metadata/current_3V3_bus with value: 2.5271769600000002
Created dataset: /19/Metadata/current_16V_bus with value: 0.15633684
Created dataset: /19/Metadata/current_6V_bus with value: 0.1034725524
Created dataset: /19/Metadata/current_neg6V_bus with value: -0.07816851699999999
Created dataset: /19/Metadata/current_5V_bus with value: 0.06402564056
Created dataset: /19/Metadata/current_neg5V_bus with value: -0.0564102
Created dataset: /19/Metadata/current_2V5_bus with value: 0.77523732
Created dataset: /19/Metadata/current_neg2V5_bus with value: -0.116325891
Created dataset: /19/Metadata/current_1V_pol with value: 571.5517149
Created dataset: /19/Metadata/current_1.9V_pol with value: 1123.2390732000001
Created dataset: /19/Metadata/temperature_1 with value: -407.5949358341395
Created dataset: /19/Metadata/temperature_2 with value: -801.8818752684547
Created dataset: /19/Metadata/voltage_1V_bus with value: 1.004102806
Created dataset: /19/Metadata/fpga_temperature with value: -2.2134848000000034
Created dataset: /19/Metadata/voltage_1.9V_bus with value: 1.884908879
Created dataset: /19/Metadata/voltage_3.3V_bus with value: 3.2975832119999997
Created dataset: /19/Metadata/TOFDelay with value: 7347239
Created dataset: /19/Metadata/TOFDelay_L with value: 39
Created dataset: /19/Metadata/TOFDelay_M with value: 7
Created dataset: /19/Metadata/TOFDelay_H with value: 7
Created dataset: /19/Metadata/FIFODelay with value: 16
Created dataset: /19/Metadata/TriggerLevel with value: 0.15317
Created dataset: /19/Metadata/TriggerMode with value: HGThreshold
Created dataset: /19/Metadata/Timestamp with value: 1701873022.20846
Created dataset: /19/Metadata/SpacecraftSeconds with value: 439569022.20846
Created dataset: /20/Metadata/SHCOARSE with value: 439590418
Created dataset: /20/Metadata/SHFINE with value: 10851
Skipping header field IDX__SCI0AID
Skipping header field IDX__SCI0TYPE
Skipping header field IDX__SCI0CONT
Skipping header field IDX__SCI0SPARE1
Skipping header field IDX__SCI0PACK
Skipping header field IDX__SCI0FRAG
Skipping header field IDX__SCI0COMP
Skipping header field IDX__SCI0EVTNUM
Skipping header field IDX__SCI0CAT
Skipping header field IDX__SCI0QUAL
Skipping header field IDX__SCI0FRAGOFF
Skipping header field IDX__SCI0VER
Skipping header field IDX__SCI0TIME32
Skipping header field IDX__SCI0SPARE2
Skipping header field IDX__SCI0SPARE3
Skipping header field IDX__SCI0SPARE4
Skipping header field IDX__TXHDRSCIEVTLEN
Skipping header field IDX__TXHDRSP00
Skipping header field IDX__TXHDRTIMESEC1
Skipping header field IDX__TXHDRTIMESEC2
Skipping header field IDX__TXHDRTIMESUBS
Skipping header field IDX__TXHDRSP01
Skipping header field IDX__TXHDRTRIGOFFSET
Skipping header field IDX__TXHDRSP02
Skipping header field IDX__TXHDRTRIGID
Skipping header field IDX__TXHDREVTNUM
Skipping header field IDX__TXHDRBLOCKS
Skipping header field IDX__TXHDRHGTRIGCTRL1
Skipping header field IDX__TXHDRHGTRIGCTRL2
Skipping header field IDX__TXHDRLGTRIGCTRL1
Skipping header field IDX__TXHDRLGTRIGCTRL2
Skipping header field IDX__TXHDRMGTRIGCTRL1
Skipping header field IDX__TXHDRMGTRIGCTRL2
Skipping header field IDX__TXHDRSP03
Skipping header field IDX__TXHDRLSADC
Skipping header field IDX__TXHDRPOLSTAT
Skipping header field IDX__TXHDRSP04
Skipping header field IDX__TXHDRPOLCTRL
Skipping header field IDX__TXHDRCOINENA
Skipping header field IDX__TXHDRLSTRIGMODE
Skipping header field IDX__TXHDRMGTRIGMODE
Skipping header field IDX__TXHDRLGTRIGMODE
Skipping header field IDX__TXHDRHGTRIGMODE
Skipping header field IDX__TXHDRSP05
Skipping header field IDX__TXHDRSP06
Skipping header field IDX__TXHDRSP07
Skipping header field IDX__TXHDRSP08
Skipping header field IDX__TXHDRTOFMAX
Skipping header field IDX__TXHDRTOFMIN
Skipping header field IDX__TXHDRLS0MAXMIN
Skipping header field IDX__TXHDRLS1MAXMIN
Skipping header field IDX__TXHDRLS2MAXMIN
Skipping header field IDX__TXHDRFIFODELAY
Skipping header field IDX__TXHDRSAMPDELAY
Skipping header field IDX__TXHDRTRANSCNT
Skipping header field IDX__TXHDRPROCHKCH01
Skipping header field IDX__TXHDRPROCHKCH23
Skipping header field IDX__TXHDRPROCHKCH45
Skipping header field IDX__TXHDRPROCHKCH67
Skipping header field IDX__TXHDRHVPSHKCH01
Skipping header field IDX__TXHDRHVPSHKCH23
Skipping header field IDX__TXHDRHVPSHKCH45
Skipping header field IDX__TXHDRHVPSHKCH67
Skipping header field IDX__TXHDRLVHK0CH01
Skipping header field IDX__TXHDRLVHK0CH23
Skipping header field IDX__TXHDRLVHK0CH45
Skipping header field IDX__TXHDRLVHK0CH67
Skipping header field IDX__TXHDRLVHK1CH01
Skipping header field IDX__TXHDRLVHK1CH23
Skipping header field IDX__TXHDRLVHK1CH45
Skipping header field IDX__TXHDRLVHK1CH67
Skipping header field IDX__TXHDRLVHK2CH01
Skipping header field IDX__TXHDRLVHK2CH23
Skipping header field IDX__TXHDRLVHK2CH45
Skipping header field IDX__TXHDRLVHK2CH67
Skipping header field IDX__TXHDRSP09
Skipping header field IDX__TXHDRSP10
Skipping header field IDX__TXHDRFSWAIDCOPY
Skipping header field IDX__TXHDRFSWBINCOPY
Skipping header field IDX__TXHDRFSWMAJOR
Skipping header field IDX__TXHDRFSWMINOR
Skipping header field IDX__TXHDRFSWPATCH
Skipping header field IDX__TXHDRFSWHVSTAT
Skipping header field IDX__TXHDRFSWMEM0
Skipping header field IDX__TXHDRFSWMEM1
Skipping header field IDX__TXHDRFSWPT0
Skipping header field IDX__TXHDRFSWPT1
Skipping header field IDX__TXHDRFSWPT2
Skipping header field IDX__TXHDRFSWPT3
Skipping header field IDX__TXHDRFSWPT4
Skipping header field IDX__TXHDRFSWPT5
Skipping header field IDX__TXHDRFSWPT6
Skipping header field IDX__TXHDRFSWPT7
Skipping header field IDX__TXHDRFSWPT8
Skipping header field IDX__TXHDRFSWPT9
Skipping header field IDX__TXHDRFPGAVER
Skipping header field IDX__SYNCSCI0PKT
Skipping header field IDX__CRCSCI0PKT
Created dataset: /20/Metadata/detector_voltage with value: 2401.4628000000002
Created dataset: /20/Metadata/sensor_voltage with value: 2943.5868
Created dataset: /20/Metadata/target_voltage with value: 2501.0964
Created dataset: /20/Metadata/reflectron_voltage with value: 197.80200000000002
Created dataset: /20/Metadata/rejection_voltage with value: 2947.9824000000003
Created dataset: /20/Metadata/current_hvps_sensor with value: 0.017091558
Created dataset: /20/Metadata/positive_current_hvps with value: 0.065739639
Created dataset: /20/Metadata/negative_current_hvps with value: 0.007447733999999999
Created dataset: /20/Metadata/voltage_3V3_ref with value: 3.30080256
Created dataset: /20/Metadata/voltage_3V3_op_ref with value: 3.30080256
Created dataset: /20/Metadata/voltage_neg6V_bus with value: -6.424318940000003
Created dataset: /20/Metadata/voltage_pos6V_bus with value: 6.3824112
Created dataset: /20/Metadata/voltage_pos16V_bus with value: 15.3019387
Created dataset: /20/Metadata/voltage_pos3V3_bus with value: 3.3185314800000003
Created dataset: /20/Metadata/voltage_neg5V_bus with value: -5.032597150000001
Created dataset: /20/Metadata/voltage_pos5V_bus with value: 5.0930352
Created dataset: /20/Metadata/current_3V3_bus with value: 2.5287886800000003
Created dataset: /20/Metadata/current_16V_bus with value: 0.15633684
Created dataset: /20/Metadata/current_6V_bus with value: 0.1034725524
Created dataset: /20/Metadata/current_neg6V_bus with value: -0.07816851699999999
Created dataset: /20/Metadata/current_5V_bus with value: 0.06402564056
Created dataset: /20/Metadata/current_neg5V_bus with value: -0.0564102
Created dataset: /20/Metadata/current_2V5_bus with value: 0.77523732
Created dataset: /20/Metadata/current_neg2V5_bus with value: -0.116325891
Created dataset: /20/Metadata/current_1V_pol with value: 571.5517149
Created dataset: /20/Metadata/current_1.9V_pol with value: 1123.2390732000001
Created dataset: /20/Metadata/temperature_1 with value: -407.5949358341395
Created dataset: /20/Metadata/temperature_2 with value: -801.8818752684547
Created dataset: /20/Metadata/voltage_1V_bus with value: 1.004102806
Created dataset: /20/Metadata/fpga_temperature with value: -2.2134848000000034
Created dataset: /20/Metadata/voltage_1.9V_bus with value: 1.884908879
Created dataset: /20/Metadata/voltage_3.3V_bus with value: 3.2975832119999997
Created dataset: /20/Metadata/TOFDelay with value: 24140852
Created dataset: /20/Metadata/TOFDelay_L with value: 52
Created dataset: /20/Metadata/TOFDelay_M with value: 23
Created dataset: /20/Metadata/TOFDelay_H with value: 23
Created dataset: /20/Metadata/FIFODelay with value: 15
Created dataset: /20/Metadata/TriggerLevel with value: 0.15317
Created dataset: /20/Metadata/TriggerMode with value: HGThreshold
Created dataset: /20/Metadata/Timestamp with value: 1701873022.20856
Created dataset: /20/Metadata/SpacecraftSeconds with value: 439569022.20856
Created dataset: /21/Metadata/SHCOARSE with value: 439590432
Created dataset: /21/Metadata/SHFINE with value: 10838
Skipping header field IDX__SCI0AID
Skipping header field IDX__SCI0TYPE
Skipping header field IDX__SCI0CONT
Skipping header field IDX__SCI0SPARE1
Skipping header field IDX__SCI0PACK
Skipping header field IDX__SCI0FRAG
Skipping header field IDX__SCI0COMP
Skipping header field IDX__SCI0EVTNUM
Skipping header field IDX__SCI0CAT
Skipping header field IDX__SCI0QUAL
Skipping header field IDX__SCI0FRAGOFF
Skipping header field IDX__SCI0VER
Skipping header field IDX__SCI0TIME32
Skipping header field IDX__SCI0SPARE2
Skipping header field IDX__SCI0SPARE3
Skipping header field IDX__SCI0SPARE4
Skipping header field IDX__TXHDRSCIEVTLEN
Skipping header field IDX__TXHDRSP00
Skipping header field IDX__TXHDRTIMESEC1
Skipping header field IDX__TXHDRTIMESEC2
Skipping header field IDX__TXHDRTIMESUBS
Skipping header field IDX__TXHDRSP01
Skipping header field IDX__TXHDRTRIGOFFSET
Skipping header field IDX__TXHDRSP02
Skipping header field IDX__TXHDRTRIGID
Skipping header field IDX__TXHDREVTNUM
Skipping header field IDX__TXHDRBLOCKS
Skipping header field IDX__TXHDRHGTRIGCTRL1
Skipping header field IDX__TXHDRHGTRIGCTRL2
Skipping header field IDX__TXHDRLGTRIGCTRL1
Skipping header field IDX__TXHDRLGTRIGCTRL2
Skipping header field IDX__TXHDRMGTRIGCTRL1
Skipping header field IDX__TXHDRMGTRIGCTRL2
Skipping header field IDX__TXHDRSP03
Skipping header field IDX__TXHDRLSADC
Skipping header field IDX__TXHDRPOLSTAT
Skipping header field IDX__TXHDRSP04
Skipping header field IDX__TXHDRPOLCTRL
Skipping header field IDX__TXHDRCOINENA
Skipping header field IDX__TXHDRLSTRIGMODE
Skipping header field IDX__TXHDRMGTRIGMODE
Skipping header field IDX__TXHDRLGTRIGMODE
Skipping header field IDX__TXHDRHGTRIGMODE
Skipping header field IDX__TXHDRSP05
Skipping header field IDX__TXHDRSP06
Skipping header field IDX__TXHDRSP07
Skipping header field IDX__TXHDRSP08
Skipping header field IDX__TXHDRTOFMAX
Skipping header field IDX__TXHDRTOFMIN
Skipping header field IDX__TXHDRLS0MAXMIN
Skipping header field IDX__TXHDRLS1MAXMIN
Skipping header field IDX__TXHDRLS2MAXMIN
Skipping header field IDX__TXHDRFIFODELAY
Skipping header field IDX__TXHDRSAMPDELAY
Skipping header field IDX__TXHDRTRANSCNT
Skipping header field IDX__TXHDRPROCHKCH01
Skipping header field IDX__TXHDRPROCHKCH23
Skipping header field IDX__TXHDRPROCHKCH45
Skipping header field IDX__TXHDRPROCHKCH67
Skipping header field IDX__TXHDRHVPSHKCH01
Skipping header field IDX__TXHDRHVPSHKCH23
Skipping header field IDX__TXHDRHVPSHKCH45
Skipping header field IDX__TXHDRHVPSHKCH67
Skipping header field IDX__TXHDRLVHK0CH01
Skipping header field IDX__TXHDRLVHK0CH23
Skipping header field IDX__TXHDRLVHK0CH45
Skipping header field IDX__TXHDRLVHK0CH67
Skipping header field IDX__TXHDRLVHK1CH01
Skipping header field IDX__TXHDRLVHK1CH23
Skipping header field IDX__TXHDRLVHK1CH45
Skipping header field IDX__TXHDRLVHK1CH67
Skipping header field IDX__TXHDRLVHK2CH01
Skipping header field IDX__TXHDRLVHK2CH23
Skipping header field IDX__TXHDRLVHK2CH45
Skipping header field IDX__TXHDRLVHK2CH67
Skipping header field IDX__TXHDRSP09
Skipping header field IDX__TXHDRSP10
Skipping header field IDX__TXHDRFSWAIDCOPY
Skipping header field IDX__TXHDRFSWBINCOPY
Skipping header field IDX__TXHDRFSWMAJOR
Skipping header field IDX__TXHDRFSWMINOR
Skipping header field IDX__TXHDRFSWPATCH
Skipping header field IDX__TXHDRFSWHVSTAT
Skipping header field IDX__TXHDRFSWMEM0
Skipping header field IDX__TXHDRFSWMEM1
Skipping header field IDX__TXHDRFSWPT0
Skipping header field IDX__TXHDRFSWPT1
Skipping header field IDX__TXHDRFSWPT2
Skipping header field IDX__TXHDRFSWPT3
Skipping header field IDX__TXHDRFSWPT4
Skipping header field IDX__TXHDRFSWPT5
Skipping header field IDX__TXHDRFSWPT6
Skipping header field IDX__TXHDRFSWPT7
Skipping header field IDX__TXHDRFSWPT8
Skipping header field IDX__TXHDRFSWPT9
Skipping header field IDX__TXHDRFPGAVER
Skipping header field IDX__SYNCSCI0PKT
Skipping header field IDX__CRCSCI0PKT
Created dataset: /21/Metadata/detector_voltage with value: 2399.9976
Created dataset: /21/Metadata/sensor_voltage with value: 2943.5868
Created dataset: /21/Metadata/target_voltage with value: 2501.0964
Created dataset: /21/Metadata/reflectron_voltage with value: 197.80200000000002
Created dataset: /21/Metadata/rejection_voltage with value: 2947.9824000000003
Created dataset: /21/Metadata/current_hvps_sensor with value: 0.017091558
Created dataset: /21/Metadata/positive_current_hvps with value: 0.06571529999999999
Created dataset: /21/Metadata/negative_current_hvps with value: 0.007447733999999999
Created dataset: /21/Metadata/voltage_3V3_ref with value: 3.30080256
Created dataset: /21/Metadata/voltage_3V3_op_ref with value: 3.30080256
Created dataset: /21/Metadata/voltage_neg6V_bus with value: -6.424318940000003
Created dataset: /21/Metadata/voltage_pos6V_bus with value: 6.3824112
Created dataset: /21/Metadata/voltage_pos16V_bus with value: 15.3019387
Created dataset: /21/Metadata/voltage_pos3V3_bus with value: 3.3185314800000003
Created dataset: /21/Metadata/voltage_neg5V_bus with value: -5.032597150000001
Created dataset: /21/Metadata/voltage_pos5V_bus with value: 5.0930352
Created dataset: /21/Metadata/current_3V3_bus with value: 2.5271769600000002
Created dataset: /21/Metadata/current_16V_bus with value: 0.15633684
Created dataset: /21/Metadata/current_6V_bus with value: 0.1034725524
Created dataset: /21/Metadata/current_neg6V_bus with value: -0.07816851699999999
Created dataset: /21/Metadata/current_5V_bus with value: 0.06402564056
Created dataset: /21/Metadata/current_neg5V_bus with value: -0.0564102
Created dataset: /21/Metadata/current_2V5_bus with value: 0.77523732
Created dataset: /21/Metadata/current_neg2V5_bus with value: -0.116325891
Created dataset: /21/Metadata/current_1V_pol with value: 570.6487896
Created dataset: /21/Metadata/current_1.9V_pol with value: 1123.2390732000001
Created dataset: /21/Metadata/temperature_1 with value: -407.5949358341395
Created dataset: /21/Metadata/temperature_2 with value: -801.8818752684547
Created dataset: /21/Metadata/voltage_1V_bus with value: 1.004102806
Created dataset: /21/Metadata/fpga_temperature with value: -2.2134848000000034
Created dataset: /21/Metadata/voltage_1.9V_bus with value: 1.884908879
Created dataset: /21/Metadata/voltage_3.3V_bus with value: 3.2975832119999997
Created dataset: /21/Metadata/TOFDelay with value: 15744051
Created dataset: /21/Metadata/TOFDelay_L with value: 51
Created dataset: /21/Metadata/TOFDelay_M with value: 15
Created dataset: /21/Metadata/TOFDelay_H with value: 15
Created dataset: /21/Metadata/FIFODelay with value: 18
Created dataset: /21/Metadata/TriggerLevel with value: 0.15317
Created dataset: /21/Metadata/TriggerMode with value: HGThreshold
Created dataset: /21/Metadata/Timestamp with value: 1701873022.20864
Created dataset: /21/Metadata/SpacecraftSeconds with value: 439569022.20864
Created dataset: /22/Metadata/SHCOARSE with value: 439590445
Created dataset: /22/Metadata/SHFINE with value: 10825
Skipping header field IDX__SCI0AID
Skipping header field IDX__SCI0TYPE
Skipping header field IDX__SCI0CONT
Skipping header field IDX__SCI0SPARE1
Skipping header field IDX__SCI0PACK
Skipping header field IDX__SCI0FRAG
Skipping header field IDX__SCI0COMP
Skipping header field IDX__SCI0EVTNUM
Skipping header field IDX__SCI0CAT
Skipping header field IDX__SCI0QUAL
Skipping header field IDX__SCI0FRAGOFF
Skipping header field IDX__SCI0VER
Skipping header field IDX__SCI0TIME32
Skipping header field IDX__SCI0SPARE2
Skipping header field IDX__SCI0SPARE3
Skipping header field IDX__SCI0SPARE4
Skipping header field IDX__TXHDRSCIEVTLEN
Skipping header field IDX__TXHDRSP00
Skipping header field IDX__TXHDRTIMESEC1
Skipping header field IDX__TXHDRTIMESEC2
Skipping header field IDX__TXHDRTIMESUBS
Skipping header field IDX__TXHDRSP01
Skipping header field IDX__TXHDRTRIGOFFSET
Skipping header field IDX__TXHDRSP02
Skipping header field IDX__TXHDRTRIGID
Skipping header field IDX__TXHDREVTNUM
Skipping header field IDX__TXHDRBLOCKS
Skipping header field IDX__TXHDRHGTRIGCTRL1
Skipping header field IDX__TXHDRHGTRIGCTRL2
Skipping header field IDX__TXHDRLGTRIGCTRL1
Skipping header field IDX__TXHDRLGTRIGCTRL2
Skipping header field IDX__TXHDRMGTRIGCTRL1
Skipping header field IDX__TXHDRMGTRIGCTRL2
Skipping header field IDX__TXHDRSP03
Skipping header field IDX__TXHDRLSADC
Skipping header field IDX__TXHDRPOLSTAT
Skipping header field IDX__TXHDRSP04
Skipping header field IDX__TXHDRPOLCTRL
Skipping header field IDX__TXHDRCOINENA
Skipping header field IDX__TXHDRLSTRIGMODE
Skipping header field IDX__TXHDRMGTRIGMODE
Skipping header field IDX__TXHDRLGTRIGMODE
Skipping header field IDX__TXHDRHGTRIGMODE
Skipping header field IDX__TXHDRSP05
Skipping header field IDX__TXHDRSP06
Skipping header field IDX__TXHDRSP07
Skipping header field IDX__TXHDRSP08
Skipping header field IDX__TXHDRTOFMAX
Skipping header field IDX__TXHDRTOFMIN
Skipping header field IDX__TXHDRLS0MAXMIN
Skipping header field IDX__TXHDRLS1MAXMIN
Skipping header field IDX__TXHDRLS2MAXMIN
Skipping header field IDX__TXHDRFIFODELAY
Skipping header field IDX__TXHDRSAMPDELAY
Skipping header field IDX__TXHDRTRANSCNT
Skipping header field IDX__TXHDRPROCHKCH01
Skipping header field IDX__TXHDRPROCHKCH23
Skipping header field IDX__TXHDRPROCHKCH45
Skipping header field IDX__TXHDRPROCHKCH67
Skipping header field IDX__TXHDRHVPSHKCH01
Skipping header field IDX__TXHDRHVPSHKCH23
Skipping header field IDX__TXHDRHVPSHKCH45
Skipping header field IDX__TXHDRHVPSHKCH67
Skipping header field IDX__TXHDRLVHK0CH01
Skipping header field IDX__TXHDRLVHK0CH23
Skipping header field IDX__TXHDRLVHK0CH45
Skipping header field IDX__TXHDRLVHK0CH67
Skipping header field IDX__TXHDRLVHK1CH01
Skipping header field IDX__TXHDRLVHK1CH23
Skipping header field IDX__TXHDRLVHK1CH45
Skipping header field IDX__TXHDRLVHK1CH67
Skipping header field IDX__TXHDRLVHK2CH01
Skipping header field IDX__TXHDRLVHK2CH23
Skipping header field IDX__TXHDRLVHK2CH45
Skipping header field IDX__TXHDRLVHK2CH67
Skipping header field IDX__TXHDRSP09
Skipping header field IDX__TXHDRSP10
Skipping header field IDX__TXHDRFSWAIDCOPY
Skipping header field IDX__TXHDRFSWBINCOPY
Skipping header field IDX__TXHDRFSWMAJOR
Skipping header field IDX__TXHDRFSWMINOR
Skipping header field IDX__TXHDRFSWPATCH
Skipping header field IDX__TXHDRFSWHVSTAT
Skipping header field IDX__TXHDRFSWMEM0
Skipping header field IDX__TXHDRFSWMEM1
Skipping header field IDX__TXHDRFSWPT0
Skipping header field IDX__TXHDRFSWPT1
Skipping header field IDX__TXHDRFSWPT2
Skipping header field IDX__TXHDRFSWPT3
Skipping header field IDX__TXHDRFSWPT4
Skipping header field IDX__TXHDRFSWPT5
Skipping header field IDX__TXHDRFSWPT6
Skipping header field IDX__TXHDRFSWPT7
Skipping header field IDX__TXHDRFSWPT8
Skipping header field IDX__TXHDRFSWPT9
Skipping header field IDX__TXHDRFPGAVER
Skipping header field IDX__SYNCSCI0PKT
Skipping header field IDX__CRCSCI0PKT
Created dataset: /22/Metadata/detector_voltage with value: 2399.9976
Created dataset: /22/Metadata/sensor_voltage with value: 2943.5868
Created dataset: /22/Metadata/target_voltage with value: 2501.0964
Created dataset: /22/Metadata/reflectron_voltage with value: 197.80200000000002
Created dataset: /22/Metadata/rejection_voltage with value: 2949.4476
Created dataset: /22/Metadata/current_hvps_sensor with value: 0.017098883999999998
Created dataset: /22/Metadata/positive_current_hvps with value: 0.065739639
Created dataset: /22/Metadata/negative_current_hvps with value: 0.007447733999999999
Created dataset: /22/Metadata/voltage_3V3_ref with value: 3.30080256
Created dataset: /22/Metadata/voltage_3V3_op_ref with value: 3.30080256
Created dataset: /22/Metadata/voltage_neg6V_bus with value: -6.424318940000003
Created dataset: /22/Metadata/voltage_pos6V_bus with value: 6.3824112
Created dataset: /22/Metadata/voltage_pos16V_bus with value: 15.3019387
Created dataset: /22/Metadata/voltage_pos3V3_bus with value: 3.3185314800000003
Created dataset: /22/Metadata/voltage_neg5V_bus with value: -5.032597150000001
Created dataset: /22/Metadata/voltage_pos5V_bus with value: 5.0930352
Created dataset: /22/Metadata/current_3V3_bus with value: 2.5271769600000002
Created dataset: /22/Metadata/current_16V_bus with value: 0.15633684
Created dataset: /22/Metadata/current_6V_bus with value: 0.1034725524
Created dataset: /22/Metadata/current_neg6V_bus with value: -0.07816851699999999
Created dataset: /22/Metadata/current_5V_bus with value: 0.06402564056
Created dataset: /22/Metadata/current_neg5V_bus with value: -0.0564102
Created dataset: /22/Metadata/current_2V5_bus with value: 0.77523732
Created dataset: /22/Metadata/current_neg2V5_bus with value: -0.11636618400000001
Created dataset: /22/Metadata/current_1V_pol with value: 570.6487896
Created dataset: /22/Metadata/current_1.9V_pol with value: 1123.2390732000001
Created dataset: /22/Metadata/temperature_1 with value: -408.6811903905609
Created dataset: /22/Metadata/temperature_2 with value: -801.8818752684547
Created dataset: /22/Metadata/voltage_1V_bus with value: 1.004102806
Created dataset: /22/Metadata/fpga_temperature with value: -2.2134848000000034
Created dataset: /22/Metadata/voltage_1.9V_bus with value: 1.884908879
Created dataset: /22/Metadata/voltage_3.3V_bus with value: 3.2975832119999997
Created dataset: /22/Metadata/TOFDelay with value: 7347242
Created dataset: /22/Metadata/TOFDelay_L with value: 42
Created dataset: /22/Metadata/TOFDelay_M with value: 7
Created dataset: /22/Metadata/TOFDelay_H with value: 7
Created dataset: /22/Metadata/FIFODelay with value: 18
Created dataset: /22/Metadata/TriggerLevel with value: 0.15317
Created dataset: /22/Metadata/TriggerMode with value: HGThreshold
Created dataset: /22/Metadata/Timestamp with value: 1701873022.20866
Created dataset: /22/Metadata/SpacecraftSeconds with value: 439569022.20866
Auto-assigned 14 mass line(s) with 60 detected peaks
Auto-assigned 1 mass line(s) with 1 detected peaks
Auto-assigned 5 mass line(s) with 7 detected peaks
Auto-assigned 14 mass line(s) with 66 detected peaks
Auto-assigned 8 mass line(s) with 11 detected peaks
Auto-assigned 15 mass line(s) with 62 detected peaks
Auto-assigned 14 mass line(s) with 59 detected peaks
Auto-assigned 14 mass line(s) with 29 detected peaks
Auto-assigned 14 mass line(s) with 56 detected peaks
Auto-assigned 14 mass line(s) with 15 detected peaks
Auto-assigned 14 mass line(s) with 59 detected peaks
Auto-assigned 14 mass line(s) with 68 detected peaks
Auto-assigned 14 mass line(s) with 54 detected peaks
Auto-assigned 13 mass line(s) with 48 detected peaks
Auto-assigned 14 mass line(s) with 68 detected peaks
Auto-assigned 13 mass line(s) with 37 detected peaks
Auto-assigned 14 mass line(s) with 62 detected peaks
Auto-assigned 14 mass line(s) with 33 detected peaks
Auto-assigned 13 mass line(s) with 56 detected peaks
Auto-assigned 15 mass line(s) with 56 detected peaks
Auto-assigned 13 mass line(s) with 20 detected peaks
Auto-assigned 4 mass line(s) with 27 detected peaks
No accelerator match found for event 1
No accelerator match found for event 2
No accelerator match found for event 3
No accelerator match found for event 4
No accelerator match found for event 5
No accelerator match found for event 6
No accelerator match found for event 7
No accelerator match found for event 8
No accelerator match found for event 9
No accelerator match found for event 10
No accelerator match found for event 11
No accelerator match found for event 12
No accelerator match found for event 13
No accelerator match found for event 14
No accelerator match found for event 15
No accelerator match found for event 16
No accelerator match found for event 17
No accelerator match found for event 18
No accelerator match found for event 19
No accelerator match found for event 20
No accelerator match found for event 21
No accelerator match found for event 22
