$ /opt/anaconda3/envs/idex/bin/python -m spectrumpy_flight.idex_packet -f /Users/etay8828/Dropbox/IDEX Pipeline/3_Codes/3_SpectrumPY/4_Flight/src/spectrumpy_flight/Data/Calibration/Pre_Env_Dust/ois_output_08072023_212623
Reading in data file /Users/etay8828/Dropbox/IDEX Pipeline/3_Codes/3_SpectrumPY/4_Flight/src/spectrumpy_flight/Data/Calibration/Pre_Env_Dust/ois_output_08072023_212623
Data import completed, writing packet structures.
Packet structures written.
0
{'SHCOARSE': ParsedDataItem(SHCOARSE, raw=429139157, derived=429139157, unit=dn), 'SHFINE': ParsedDataItem(SHFINE, raw=7004, derived=7004, unit=dn), 'IDX__SCI0AID': ParsedDataItem(IDX__SCI0AID, raw=2415008032, derived=2415008032, unit=None), 'IDX__SCI0TYPE': ParsedDataItem(IDX__SCI0TYPE, raw=1, derived=1, unit=None), 'IDX__SCI0CONT': ParsedDataItem(IDX__SCI0CONT, raw=127, derived=127, unit=None), 'IDX__SCI0SPARE1': ParsedDataItem(IDX__SCI0SPARE1, raw=0, derived=0, unit=None), 'IDX__SCI0PACK': ParsedDataItem(IDX__SCI0PACK, raw=1, derived=EN, unit=None), 'IDX__SCI0FRAG': ParsedDataItem(IDX__SCI0FRAG, raw=0, derived=DS, unit=None), 'IDX__SCI0COMP': ParsedDataItem(IDX__SCI0COMP, raw=0, derived=DS, unit=None), 'IDX__SCI0EVTNUM': ParsedDataItem(IDX__SCI0EVTNUM, raw=0, derived=0, unit=None), 'IDX__SCI0CAT': ParsedDataItem(IDX__SCI0CAT, raw=32, derived=32, unit=None), 'IDX__SCI0QUAL': ParsedDataItem(IDX__SCI0QUAL, raw=5, derived=5, unit=None), 'IDX__SCI0FRAGOFF': ParsedDataItem(IDX__SCI0FRAGOFF, raw=0, derived=0, unit=None), 'IDX__SCI0VER': ParsedDataItem(IDX__SCI0VER, raw=9, derived=9, unit=None), 'IDX__SCI0TIME32': ParsedDataItem(IDX__SCI0TIME32, raw=429137618, derived=429137618, unit=None), 'IDX__SCI0SPARE2': ParsedDataItem(IDX__SCI0SPARE2, raw=0, derived=0, unit=None), 'IDX__SCI0SPARE3': ParsedDataItem(IDX__SCI0SPARE3, raw=0, derived=0, unit=None), 'IDX__SCI0SPARE4': ParsedDataItem(IDX__SCI0SPARE4, raw=0, derived=0, unit=None), 'IDX__TXHDRSCIEVTLEN': ParsedDataItem(IDX__TXHDRSCIEVTLEN, raw=8320, derived=8320, unit=None), 'IDX__TXHDRSP00': ParsedDataItem(IDX__TXHDRSP00, raw=0, derived=0, unit=None), 'IDX__TXHDRTIMESEC1': ParsedDataItem(IDX__TXHDRTIMESEC1, raw=6548, derived=6548, unit=None), 'IDX__TXHDRTIMESEC2': ParsedDataItem(IDX__TXHDRTIMESEC2, raw=7890, derived=7890, unit=None), 'IDX__TXHDRTIMESUBS': ParsedDataItem(IDX__TXHDRTIMESUBS, raw=18451, derived=18451, unit=None), 'IDX__TXHDRSP01': ParsedDataItem(IDX__TXHDRSP01, raw=0, derived=0, unit=None), 'IDX__TXHDRTRIGOFFSET': ParsedDataItem(IDX__TXHDRTRIGOFFSET, raw=4, derived=4, unit=None), 'IDX__TXHDRSP02': ParsedDataItem(IDX__TXHDRSP02, raw=0, derived=0, unit=None), 'IDX__TXHDRTRIGID': ParsedDataItem(IDX__TXHDRTRIGID, raw=1, derived=1, unit=None), 'IDX__TXHDREVTNUM': ParsedDataItem(IDX__TXHDREVTNUM, raw=0, derived=0, unit=None), 'IDX__TXHDRBLOCKS': ParsedDataItem(IDX__TXHDRBLOCKS, raw=243679, derived=243679, unit=None), 'IDX__TXHDRHGTRIGCTRL1': ParsedDataItem(IDX__TXHDRHGTRIGCTRL1, raw=2222981120, derived=2222981120, unit=None), 'IDX__TXHDRHGTRIGCTRL2': ParsedDataItem(IDX__TXHDRHGTRIGCTRL2, raw=0, derived=0, unit=None), 'IDX__TXHDRLGTRIGCTRL1': ParsedDataItem(IDX__TXHDRLGTRIGCTRL1, raw=4294965248, derived=4294965248, unit=None), 'IDX__TXHDRLGTRIGCTRL2': ParsedDataItem(IDX__TXHDRLGTRIGCTRL2, raw=4278255360, derived=4278255360, unit=None), 'IDX__TXHDRMGTRIGCTRL1': ParsedDataItem(IDX__TXHDRMGTRIGCTRL1, raw=4294965248, derived=4294965248, unit=None), 'IDX__TXHDRMGTRIGCTRL2': ParsedDataItem(IDX__TXHDRMGTRIGCTRL2, raw=4278255360, derived=4278255360, unit=None), 'IDX__TXHDRSP03': ParsedDataItem(IDX__TXHDRSP03, raw=0, derived=0, unit=None), 'IDX__TXHDRLSADC': ParsedDataItem(IDX__TXHDRLSADC, raw=1048320, derived=1048320, unit=None), 'IDX__TXHDRPOLSTAT': ParsedDataItem(IDX__TXHDRPOLSTAT, raw=1, derived=NEG, unit=None), 'IDX__TXHDRSP04': ParsedDataItem(IDX__TXHDRSP04, raw=0, derived=0, unit=None), 'IDX__TXHDRPOLCTRL': ParsedDataItem(IDX__TXHDRPOLCTRL, raw=0, derived=POS, unit=None), 'IDX__TXHDRCOINENA': ParsedDataItem(IDX__TXHDRCOINENA, raw=0, derived=DIS, unit=None), 'IDX__TXHDRLSTRIGMODE': ParsedDataItem(IDX__TXHDRLSTRIGMODE, raw=0, derived=DIS, unit=None), 'IDX__TXHDRMGTRIGMODE': ParsedDataItem(IDX__TXHDRMGTRIGMODE, raw=0, derived=0, unit=None), 'IDX__TXHDRLGTRIGMODE': ParsedDataItem(IDX__TXHDRLGTRIGMODE, raw=0, derived=0, unit=None), 'IDX__TXHDRHGTRIGMODE': ParsedDataItem(IDX__TXHDRHGTRIGMODE, raw=1, derived=1, unit=None), 'IDX__TXHDRSP05': ParsedDataItem(IDX__TXHDRSP05, raw=0, derived=0, unit=None), 'IDX__TXHDRSP06': ParsedDataItem(IDX__TXHDRSP06, raw=0, derived=0, unit=None), 'IDX__TXHDRSP07': ParsedDataItem(IDX__TXHDRSP07, raw=0, derived=0, unit=None), 'IDX__TXHDRSP08': ParsedDataItem(IDX__TXHDRSP08, raw=0, derived=0, unit=None), 'IDX__TXHDRTOFMAX': ParsedDataItem(IDX__TXHDRTOFMAX, raw=1069545471, derived=1069545471, unit=None), 'IDX__TXHDRTOFMIN': ParsedDataItem(IDX__TXHDRTOFMIN, raw=4196354, derived=4196354, unit=None), 'IDX__TXHDRLS0MAXMIN': ParsedDataItem(IDX__TXHDRLS0MAXMIN, raw=10839914, derived=10839914, unit=None), 'IDX__TXHDRLS1MAXMIN': ParsedDataItem(IDX__TXHDRLS1MAXMIN, raw=16773120, derived=16773120, unit=None), 'IDX__TXHDRLS2MAXMIN': ParsedDataItem(IDX__TXHDRLS2MAXMIN, raw=8984387, derived=8984387, unit=None), 'IDX__TXHDRFIFODELAY': ParsedDataItem(IDX__TXHDRFIFODELAY, raw=17, derived=17, unit=None), 'IDX__TXHDRSAMPDELAY': ParsedDataItem(IDX__TXHDRSAMPDELAY, raw=32537664, derived=32537664, unit=None), 'IDX__TXHDRTRANSCNT': ParsedDataItem(IDX__TXHDRTRANSCNT, raw=56, derived=56, unit=None), 'IDX__TXHDRPROCHKCH01': ParsedDataItem(IDX__TXHDRPROCHKCH01, raw=83165915, derived=83165915, unit=None), 'IDX__TXHDRPROCHKCH23': ParsedDataItem(IDX__TXHDRPROCHKCH23, raw=148244257, derived=148244257, unit=None), 'IDX__TXHDRPROCHKCH45': ParsedDataItem(IDX__TXHDRPROCHKCH45, raw=177276123, derived=177276123, unit=None), 'IDX__TXHDRPROCHKCH67': ParsedDataItem(IDX__TXHDRPROCHKCH67, raw=133761307, derived=133761307, unit=None), 'IDX__TXHDRHVPSHKCH01': ParsedDataItem(IDX__TXHDRHVPSHKCH01, raw=131794262, derived=131794262, unit=None), 'IDX__TXHDRHVPSHKCH23': ParsedDataItem(IDX__TXHDRHVPSHKCH23, raw=8849069, derived=8849069, unit=None), 'IDX__TXHDRHVPSHKCH45': ParsedDataItem(IDX__TXHDRHVPSHKCH45, raw=127731676, derived=127731676, unit=None), 'IDX__TXHDRHVPSHKCH67': ParsedDataItem(IDX__TXHDRHVPSHKCH67, raw=19925644, derived=19925644, unit=None), 'IDX__TXHDRLVHK0CH01': ParsedDataItem(IDX__TXHDRLVHK0CH01, raw=134285312, derived=134285312, unit=None), 'IDX__TXHDRLVHK0CH23': ParsedDataItem(IDX__TXHDRLVHK0CH23, raw=171772858, derived=171772858, unit=None), 'IDX__TXHDRLVHK0CH45': ParsedDataItem(IDX__TXHDRLVHK0CH45, raw=134810727, derived=134810727, unit=None), 'IDX__TXHDRLVHK0CH67': ParsedDataItem(IDX__TXHDRLVHK0CH67, raw=205851732, derived=205851732, unit=None), 'IDX__TXHDRLVHK1CH01': ParsedDataItem(IDX__TXHDRLVHK1CH01, raw=33228378, derived=33228378, unit=None), 'IDX__TXHDRLVHK1CH23': ParsedDataItem(IDX__TXHDRLVHK1CH23, raw=76547559, derived=76547559, unit=None), 'IDX__TXHDRLVHK1CH45': ParsedDataItem(IDX__TXHDRLVHK1CH45, raw=225380235, derived=225380235, unit=None), 'IDX__TXHDRLVHK1CH67': ParsedDataItem(IDX__TXHDRLVHK1CH67, raw=192152011, derived=192152011, unit=None), 'IDX__TXHDRLVHK2CH01': ParsedDataItem(IDX__TXHDRLVHK2CH01, raw=80807126, derived=80807126, unit=None), 'IDX__TXHDRLVHK2CH23': ParsedDataItem(IDX__TXHDRLVHK2CH23, raw=213649982, derived=213649982, unit=None), 'IDX__TXHDRLVHK2CH45': ParsedDataItem(IDX__TXHDRLVHK2CH45, raw=101059943, derived=101059943, unit=None), 'IDX__TXHDRLVHK2CH67': ParsedDataItem(IDX__TXHDRLVHK2CH67, raw=69017, derived=69017, unit=None), 'IDX__TXHDRSP09': ParsedDataItem(IDX__TXHDRSP09, raw=0, derived=0, unit=None), 'IDX__TXHDRSP10': ParsedDataItem(IDX__TXHDRSP10, raw=0, derived=0, unit=None), 'IDX__TXHDRFSWAIDCOPY': ParsedDataItem(IDX__TXHDRFSWAIDCOPY, raw=2415008032, derived=2415008032, unit=None), 'IDX__TXHDRFSWBINCOPY': ParsedDataItem(IDX__TXHDRFSWBINCOPY, raw=0, derived=0, unit=None), 'IDX__TXHDRFSWMAJOR': ParsedDataItem(IDX__TXHDRFSWMAJOR, raw=2, derived=2, unit=None), 'IDX__TXHDRFSWMINOR': ParsedDataItem(IDX__TXHDRFSWMINOR, raw=0, derived=0, unit=None), 'IDX__TXHDRFSWPATCH': ParsedDataItem(IDX__TXHDRFSWPATCH, raw=0, derived=0, unit=None), 'IDX__TXHDRFSWHVSTAT': ParsedDataItem(IDX__TXHDRFSWHVSTAT, raw=3, derived=3, unit=None), 'IDX__TXHDRFSWMEM0': ParsedDataItem(IDX__TXHDRFSWMEM0, raw=0, derived=0, unit=None), 'IDX__TXHDRFSWMEM1': ParsedDataItem(IDX__TXHDRFSWMEM1, raw=0, derived=0, unit=None), 'IDX__TXHDRFSWPT0': ParsedDataItem(IDX__TXHDRFSWPT0, raw=0, derived=0, unit=None), 'IDX__TXHDRFSWPT1': ParsedDataItem(IDX__TXHDRFSWPT1, raw=0, derived=0, unit=None), 'IDX__TXHDRFSWPT2': ParsedDataItem(IDX__TXHDRFSWPT2, raw=0, derived=0, unit=None), 'IDX__TXHDRFSWPT3': ParsedDataItem(IDX__TXHDRFSWPT3, raw=0, derived=0, unit=None), 'IDX__TXHDRFSWPT4': ParsedDataItem(IDX__TXHDRFSWPT4, raw=0, derived=0, unit=None), 'IDX__TXHDRFSWPT5': ParsedDataItem(IDX__TXHDRFSWPT5, raw=0, derived=0, unit=None), 'IDX__TXHDRFSWPT6': ParsedDataItem(IDX__TXHDRFSWPT6, raw=0, derived=0, unit=None), 'IDX__TXHDRFSWPT7': ParsedDataItem(IDX__TXHDRFSWPT7, raw=0, derived=0, unit=None), 'IDX__TXHDRFSWPT8': ParsedDataItem(IDX__TXHDRFSWPT8, raw=0, derived=0, unit=None), 'IDX__TXHDRFSWPT9': ParsedDataItem(IDX__TXHDRFSWPT9, raw=0, derived=0, unit=None), 'IDX__TXHDRFPGAVER': ParsedDataItem(IDX__TXHDRFPGAVER, raw=539165480, derived=539165480, unit=None), 'IDX__SYNCSCI0PKT': ParsedDataItem(IDX__SYNCSCI0PKT, raw=13107, derived=13107, unit=None), 'IDX__CRCSCI0PKT': ParsedDataItem(IDX__CRCSCI0PKT, raw=37598, derived=37598, unit=None)}
SHCOARSE = 429139157
SHFINE = 7004
IDX__SCI0AID = 2415008032
IDX__SCI0TYPE = 1
IDX__SCI0CONT = 127
IDX__SCI0SPARE1 = 0
IDX__SCI0PACK = EN
IDX__SCI0FRAG = DS
IDX__SCI0COMP = DS
IDX__SCI0EVTNUM = 0
IDX__SCI0CAT = 32
IDX__SCI0QUAL = 5
IDX__SCI0FRAGOFF = 0
IDX__SCI0VER = 9
IDX__SCI0TIME32 = 429137618
IDX__SCI0SPARE2 = 0
IDX__SCI0SPARE3 = 0
IDX__SCI0SPARE4 = 0
IDX__TXHDRSCIEVTLEN = 8320
IDX__TXHDRSP00 = 0
IDX__TXHDRTIMESEC1 = 6548
IDX__TXHDRTIMESEC2 = 7890
IDX__TXHDRTIMESUBS = 18451
IDX__TXHDRSP01 = 0
IDX__TXHDRTRIGOFFSET = 4
IDX__TXHDRSP02 = 0
IDX__TXHDRTRIGID = 1
IDX__TXHDREVTNUM = 0
IDX__TXHDRBLOCKS = 243679
IDX__TXHDRHGTRIGCTRL1 = 2222981120
IDX__TXHDRHGTRIGCTRL2 = 0
IDX__TXHDRLGTRIGCTRL1 = 4294965248
IDX__TXHDRLGTRIGCTRL2 = 4278255360
IDX__TXHDRMGTRIGCTRL1 = 4294965248
IDX__TXHDRMGTRIGCTRL2 = 4278255360
IDX__TXHDRSP03 = 0
IDX__TXHDRLSADC = 1048320
IDX__TXHDRPOLSTAT = NEG
IDX__TXHDRSP04 = 0
IDX__TXHDRPOLCTRL = POS
IDX__TXHDRCOINENA = DIS
IDX__TXHDRLSTRIGMODE = DIS
IDX__TXHDRMGTRIGMODE = 0
IDX__TXHDRLGTRIGMODE = 0
IDX__TXHDRHGTRIGMODE = 1
IDX__TXHDRSP05 = 0
IDX__TXHDRSP06 = 0
IDX__TXHDRSP07 = 0
IDX__TXHDRSP08 = 0
IDX__TXHDRTOFMAX = 1069545471
IDX__TXHDRTOFMIN = 4196354
IDX__TXHDRLS0MAXMIN = 10839914
IDX__TXHDRLS1MAXMIN = 16773120
IDX__TXHDRLS2MAXMIN = 8984387
IDX__TXHDRFIFODELAY = 17
IDX__TXHDRSAMPDELAY = 32537664
IDX__TXHDRTRANSCNT = 56
IDX__TXHDRPROCHKCH01 = 83165915
IDX__TXHDRPROCHKCH23 = 148244257
IDX__TXHDRPROCHKCH45 = 177276123
IDX__TXHDRPROCHKCH67 = 133761307
IDX__TXHDRHVPSHKCH01 = 131794262
IDX__TXHDRHVPSHKCH23 = 8849069
IDX__TXHDRHVPSHKCH45 = 127731676
IDX__TXHDRHVPSHKCH67 = 19925644
IDX__TXHDRLVHK0CH01 = 134285312
IDX__TXHDRLVHK0CH23 = 171772858
IDX__TXHDRLVHK0CH45 = 134810727
IDX__TXHDRLVHK0CH67 = 205851732
IDX__TXHDRLVHK1CH01 = 33228378
IDX__TXHDRLVHK1CH23 = 76547559
IDX__TXHDRLVHK1CH45 = 225380235
IDX__TXHDRLVHK1CH67 = 192152011
IDX__TXHDRLVHK2CH01 = 80807126
IDX__TXHDRLVHK2CH23 = 213649982
IDX__TXHDRLVHK2CH45 = 101059943
IDX__TXHDRLVHK2CH67 = 69017
IDX__TXHDRSP09 = 0
IDX__TXHDRSP10 = 0
IDX__TXHDRFSWAIDCOPY = 2415008032
IDX__TXHDRFSWBINCOPY = 0
IDX__TXHDRFSWMAJOR = 2
IDX__TXHDRFSWMINOR = 0
IDX__TXHDRFSWPATCH = 0
IDX__TXHDRFSWHVSTAT = 3
IDX__TXHDRFSWMEM0 = 0
IDX__TXHDRFSWMEM1 = 0
IDX__TXHDRFSWPT0 = 0
IDX__TXHDRFSWPT1 = 0
IDX__TXHDRFSWPT2 = 0
IDX__TXHDRFSWPT3 = 0
IDX__TXHDRFSWPT4 = 0
IDX__TXHDRFSWPT5 = 0
IDX__TXHDRFSWPT6 = 0
IDX__TXHDRFSWPT7 = 0
IDX__TXHDRFSWPT8 = 0
IDX__TXHDRFSWPT9 = 0
IDX__TXHDRFPGAVER = 539165480
IDX__SYNCSCI0PKT = 13107
IDX__CRCSCI0PKT = 37598
^*****Event header 1******^
EVTNUM: 1
SCI0TYPE: 1
TXHDRBLOCKS RAW: 243679
TXHDRBLOCKS DERIVED: 243679
-----
HS pre trig sampling blocks:  31
LS pre trig sampling blocks:  3
HS post trig sampling blocks:  31
LS post trig sampling blocks:  11
IDX__TXHDRHVPSHKCH01 = 131794262
Detector voltage =  1366
Sensor voltage =  2011
Target voltage =  1709
Reflectron voltage =  135
Rejection voltage =  2012
Current for HVPS sensor =  1949
Positive current for HVPS sensor =  2700
Negative current for HVPS sensor =  304
Voltage +3.3V reference =  2048
Voltage +3.3V operational reference =  2049
Voltage -6V bus =  3002
Voltage +6V bus =  2621
Voltage +16V bus =  3175
Voltage +3.3V bus =  2057
Voltage -5V bus =  3156
Voltage +5V bus =  3141
Current +3.3V bus =  1626
Current +16V bus =  1168
Current +6V bus =  1511
Current -6V bus =  1168
Current +5V bus =  1931
Current -5V bus =  3439
Current +2.5V bus =  459
Current -2.5V bus =  2932
Current on the 1V POL =  731
Current on the 1.9V POL =  1269
ProcBd Temperature 1 =  1825
ProcBd Temperature 2 =  2262
Voltage on 1V bus =  1243
FPGA Temperature =  2705
Voltage on 1.9V bus =  2331
Voltage on 3.3V bus =  2041
var_to_row = {'Last measurement in raw DN for Processor Board signal “1V POL Current”': 0, 'Last measurement in raw DN for Processor Board signal “1.9V POL Current”': 1, 'Last measurement in raw DN for Processor Board signal “ProcBd Temp1”': 2, nan: 48, 'Last measurement in raw DN for Processor Board signal “ProcBd Temp2”': 6, 'Last measurement in raw DN for Processor Board signal “1V Voltage”': 10, 'Last measurement in raw DN for Processor Board signal “FPGA Temp”': 11, 'Last measurement in raw DN for Processor Board signal “1.9V Voltage”': 12, 'Last measurement in raw DN for Processor Board signal “3.3V Voltage”': 13, 'Last measurement in raw DN for HVPS Board signal “Detector Voltage”': 14, 'Last measurement in raw DN for HVPS Board signal “Sensor Voltage"': 15, 'Last measurement in raw DN for HVPS Board signal “Target Voltage”': 16, 'Last measurement in raw DN for HVPS Board signal “Reflectron Voltage”': 17, 'Last measurement in raw DN for HVPS Board signal “Rejection Voltage”': 18, 'Last measurement in raw DN for HVPS Board signal “Detector Current”': 19, 'Last measurement in raw DN for HVPS Board signal “Sensor IP”': 20, 'Last measurement in raw DN for HVPS Board signal “Sensor IN”': 21, 'Last measurement in raw DN for LVPS Board signal “P3.3VREF_HK”': 22, 'Last measurement in raw DN for LVPS Board signal “P3.3VREF_OP”': 23, 'Last measurement in raw DN for LVPS Board signal “N6V”': 24, 'Last measurement in raw DN for LVPS Board signal “P6V”': 25, 'Last measurement in raw DN for LVPS Board signal “P16V”': 26, 'Last measurement in raw DN for LVPS Board signal “P3.3V”': 27, 'Last measurement in raw DN for LVPS Board signal “N5V”': 28, 'Last measurement in raw DN for LVPS Board signal “P5V”': 29, 'Last measurement in raw DN for LVPS Board signal “P3.3_IMON”': 30, 'Last measurement in raw DN for LVPS Board signal “P16V_IMON”': 31, 'Last measurement in raw DN for LVPS Board signal “P6V_IMON”': 32, 'Last measurement in raw DN for LVPS Board signal “N6V_IMON”': 33, 'Last measurement in raw DN for LVPS Board signal “P5V_IMON”': 34, 'Last measurement in raw DN for LVPS Board signal “N5V_IMON”': 35, 'Last measurement in raw DN for LVPS Board signal “P2.5V_IMON”': 36, 'Last measurement in raw DN for LVPS Board signal “N2.5V_IMON”': 37, 'Last measurement in raw DN for LVPS Board signal “THERM_DECON0”': 38, 'Last measurement in raw DN for LVPS Board signal “THERM_DECON1”': 39, 'Last measurement in raw DN for LVPS Board signal “THERM_DAB”': 40, 'Last measurement in raw DN for LVPS Board signal “THERM_LVPS”': 41, 'Last measurement in raw DN for LVPS Board signal “THERM_HVPS”': 45, 'Last measurement in raw DN for LVPS Board signal “P2.5V”': 49, 'Last measurement in raw DN for LVPS Board signal “N2.5V”': 50, 'Last measurement in raw DN for LVPS Board signal “Spare”': 51}

 
 ***** var_name being converted for each instrument setting ***** 
 

Matching row  18
coeffs for Last measurement in raw DN for Processor Board signal “1V POL Current”= [0.0 0.9029253 0.0 0.0 0.0 0.0 0.0 0.0]
var_name = Last measurement in raw DN for Processor Board signal “1V POL Current”
var_name = current_1V_pol
Header info = 731
Transformed value for current_1V_pol = 660.0383943
Matching row  18
coeffs for Last measurement in raw DN for Processor Board signal “1.9V POL Current”= [0.0 0.9029253 0.0 0.0 0.0 0.0 0.0 0.0]
var_name = Last measurement in raw DN for Processor Board signal “1.9V POL Current”
var_name = current_1.9V_pol
Header info = 1269
Transformed value for current_1.9V_pol = 1145.8122057
Matching row  18
coeffs for Last measurement in raw DN for Processor Board signal “ProcBd Temp1”= [162.8276 -0.2668687 0.0003323794 -2.43153e-07 9.034532e-11 -1.327735e-14
 0.0 0.0]
var_name = Last measurement in raw DN for Processor Board signal “ProcBd Temp1”
var_name = temperature_1
Header info = 1825
Transformed value for temperature_1 = 38.25293922623314
Matching row  18
coeffs for nan= [-104713.9 52.02446 -0.006463374 0.0 0.0 0.0 0.0 0.0]
var_name = nan
var_name = None
KeyError: (1, None) - Could not find entry for None, 48. Please check the Var_notes or variable mapping.
Matching row  18
coeffs for Last measurement in raw DN for Processor Board signal “ProcBd Temp2”= [162.8276 -0.2668687 0.0003323794 -2.43153e-07 9.034532e-11 -1.327735e-14
 0.0 0.0]
var_name = Last measurement in raw DN for Processor Board signal “ProcBd Temp2”
var_name = temperature_2
Header info = 2262
Transformed value for temperature_2 = 24.591350806976152
Matching row  18
coeffs for Last measurement in raw DN for Processor Board signal “1V Voltage”= [0.0 0.000805861 0.0 0.0 0.0 0.0 0.0 0.0]
var_name = Last measurement in raw DN for Processor Board signal “1V Voltage”
var_name = voltage_1V_bus
Header info = 1243
Transformed value for voltage_1V_bus = 1.001685223
Matching row  18
coeffs for Last measurement in raw DN for Processor Board signal “FPGA Temp”= [358.31 -0.1187104 0.0 0.0 0.0 0.0 0.0 0.0]
var_name = Last measurement in raw DN for Processor Board signal “FPGA Temp”
var_name = fpga_temperature
Header info = 2705
Transformed value for fpga_temperature = 37.198368000000016
Matching row  18
coeffs for Last measurement in raw DN for Processor Board signal “1.9V Voltage”= [0.0 0.000805861 0.0 0.0 0.0 0.0 0.0 0.0]
var_name = Last measurement in raw DN for Processor Board signal “1.9V Voltage”
var_name = voltage_1.9V_bus
Header info = 2331
Transformed value for voltage_1.9V_bus = 1.8784619909999998
Matching row  18
coeffs for Last measurement in raw DN for Processor Board signal “3.3V Voltage”= [0.0 0.001611722 0.0 0.0 0.0 0.0 0.0 0.0]
var_name = Last measurement in raw DN for Processor Board signal “3.3V Voltage”
var_name = voltage_3.3V_bus
Header info = 2041
Transformed value for voltage_3.3V_bus = 3.2895246019999997
Matching row  18
coeffs for Last measurement in raw DN for HVPS Board signal “Detector Voltage”= [0.0 1.4652 0.0 0.0 0.0 0.0 0.0 0.0]
var_name = Last measurement in raw DN for HVPS Board signal “Detector Voltage”
var_name = detector_voltage
Header info = 1366
Transformed value for detector_voltage = 2001.4632000000001
Matching row  18
coeffs for Last measurement in raw DN for HVPS Board signal “Sensor Voltage"= [0.0 1.4652 0.0 0.0 0.0 0.0 0.0 0.0]
var_name = Last measurement in raw DN for HVPS Board signal “Sensor Voltage"
var_name = sensor_voltage
Header info = 2011
Transformed value for sensor_voltage = 2946.5172000000002
Matching row  18
coeffs for Last measurement in raw DN for HVPS Board signal “Target Voltage”= [0.0 1.4652 0.0 0.0 0.0 0.0 0.0 0.0]
var_name = Last measurement in raw DN for HVPS Board signal “Target Voltage”
var_name = target_voltage
Header info = 1709
Transformed value for target_voltage = 2504.0268
Matching row  18
coeffs for Last measurement in raw DN for HVPS Board signal “Reflectron Voltage”= [0.0 1.4652 0.0 0.0 0.0 0.0 0.0 0.0]
var_name = Last measurement in raw DN for HVPS Board signal “Reflectron Voltage”
var_name = reflectron_voltage
Header info = 135
Transformed value for reflectron_voltage = 197.80200000000002
Matching row  18
coeffs for Last measurement in raw DN for HVPS Board signal “Rejection Voltage”= [0.0 1.4652 0.0 0.0 0.0 0.0 0.0 0.0]
var_name = Last measurement in raw DN for HVPS Board signal “Rejection Voltage”
var_name = rejection_voltage
Header info = 2012
Transformed value for rejection_voltage = 2947.9824000000003
Matching row  18
coeffs for Last measurement in raw DN for HVPS Board signal “Detector Current”= [0.0 7.326e-06 0.0 0.0 0.0 0.0 0.0 0.0]
var_name = Last measurement in raw DN for HVPS Board signal “Detector Current”
var_name = current_hvps_sensor
Header info = 1949
Transformed value for current_hvps_sensor = 0.014278374
Matching row  18
coeffs for Last measurement in raw DN for HVPS Board signal “Sensor IP”= [0.0 2.4339e-05 0.0 0.0 0.0 0.0 0.0 0.0]
var_name = Last measurement in raw DN for HVPS Board signal “Sensor IP”
var_name = positive_current_hvps
Header info = 2700
Transformed value for positive_current_hvps = 0.06571529999999999
Matching row  18
coeffs for Last measurement in raw DN for HVPS Board signal “Sensor IN”= [0.0 2.4339e-05 0.0 0.0 0.0 0.0 0.0 0.0]
var_name = Last measurement in raw DN for HVPS Board signal “Sensor IN”
var_name = negative_current_hvps
Header info = 304
Transformed value for negative_current_hvps = 0.007399055999999999
Matching row  18
coeffs for Last measurement in raw DN for LVPS Board signal “P3.3VREF_HK”= [0.0 0.00161172 0.0 0.0 0.0 0.0 0.0 0.0]
var_name = Last measurement in raw DN for LVPS Board signal “P3.3VREF_HK”
var_name = voltage_3V3_ref
Header info = 2048
Transformed value for voltage_3V3_ref = 3.30080256
Matching row  18
coeffs for Last measurement in raw DN for LVPS Board signal “P3.3VREF_OP”= [0.0 0.00161172 0.0 0.0 0.0 0.0 0.0 0.0]
var_name = Last measurement in raw DN for LVPS Board signal “P3.3VREF_OP”
var_name = voltage_3V3_op_ref
Header info = 2049
Transformed value for voltage_3V3_op_ref = 3.3024142800000003
Matching row  18
coeffs for Last measurement in raw DN for LVPS Board signal “N6V”= [-33.0 0.00886447 0.0 0.0 0.0 0.0 0.0 0.0]
var_name = Last measurement in raw DN for LVPS Board signal “N6V”
var_name = voltage_neg6V_bus
Header info = 3002
Transformed value for voltage_neg6V_bus = -6.3888610600000035
Matching row  18
coeffs for Last measurement in raw DN for LVPS Board signal “P6V”= [0.0 0.00241758 0.0 0.0 0.0 0.0 0.0 0.0]
var_name = Last measurement in raw DN for LVPS Board signal “P6V”
var_name = voltage_pos6V_bus
Header info = 2621
Transformed value for voltage_pos6V_bus = 6.33647718
Matching row  18
coeffs for Last measurement in raw DN for LVPS Board signal “P16V”= [0.0 0.00482711 0.0 0.0 0.0 0.0 0.0 0.0]
var_name = Last measurement in raw DN for LVPS Board signal “P16V”
var_name = voltage_pos16V_bus
Header info = 3175
Transformed value for voltage_pos16V_bus = 15.32607425
Matching row  18
coeffs for Last measurement in raw DN for LVPS Board signal “P3.3V”= [0.0 0.00161172 0.0 0.0 0.0 0.0 0.0 0.0]
var_name = Last measurement in raw DN for LVPS Board signal “P3.3V”
var_name = voltage_pos3V3_bus
Header info = 2057
Transformed value for voltage_pos3V3_bus = 3.31530804
Matching row  18
coeffs for Last measurement in raw DN for LVPS Board signal “N5V”= [-33.0 0.00886447 0.0 0.0 0.0 0.0 0.0 0.0]
var_name = Last measurement in raw DN for LVPS Board signal “N5V”
var_name = voltage_neg5V_bus
Header info = 3156
Transformed value for voltage_neg5V_bus = -5.023732680000002
Matching row  18
coeffs for Last measurement in raw DN for LVPS Board signal “P5V”= [0.0 0.00161172 0.0 0.0 0.0 0.0 0.0 0.0]
var_name = Last measurement in raw DN for LVPS Board signal “P5V”
var_name = voltage_pos5V_bus
Header info = 3141
Transformed value for voltage_pos5V_bus = 5.0624125200000005
Matching row  18
coeffs for Last measurement in raw DN for LVPS Board signal “P3.3_IMON”= [0.0 0.00161172 0.0 0.0 0.0 0.0 0.0 0.0]
var_name = Last measurement in raw DN for LVPS Board signal “P3.3_IMON”
var_name = current_3V3_bus
Header info = 1626
Transformed value for current_3V3_bus = 2.62065672
Matching row  18
coeffs for Last measurement in raw DN for LVPS Board signal “P16V_IMON”= [0.0 0.000161172 0.0 0.0 0.0 0.0 0.0 0.0]
var_name = Last measurement in raw DN for LVPS Board signal “P16V_IMON”
var_name = current_16V_bus
Header info = 1168
Transformed value for current_16V_bus = 0.188248896
Matching row  18
coeffs for Last measurement in raw DN for LVPS Board signal “P6V_IMON”= [0.0 8.05861e-05 0.0 0.0 0.0 0.0 0.0 0.0]
var_name = Last measurement in raw DN for LVPS Board signal “P6V_IMON”
var_name = current_6V_bus
Header info = 1511
Transformed value for current_6V_bus = 0.1217655971
Matching row  18
coeffs for Last measurement in raw DN for LVPS Board signal “N6V_IMON”= [0.0 -8.05861e-05 0.0 0.0 0.0 0.0 0.0 0.0]
var_name = Last measurement in raw DN for LVPS Board signal “N6V_IMON”
var_name = current_neg6V_bus
Header info = 1168
Transformed value for current_neg6V_bus = -0.09412456479999999
Matching row  18
coeffs for Last measurement in raw DN for LVPS Board signal “P5V_IMON”= [0.0 4.029304e-05 0.0 0.0 0.0 0.0 0.0 0.0]
var_name = Last measurement in raw DN for LVPS Board signal “P5V_IMON”
var_name = current_5V_bus
Header info = 1931
Transformed value for current_5V_bus = 0.07780586024
Matching row  18
coeffs for Last measurement in raw DN for LVPS Board signal “N5V_IMON”= [0.0 -2.01465e-05 0.0 0.0 0.0 0.0 0.0 0.0]
var_name = Last measurement in raw DN for LVPS Board signal “N5V_IMON”
var_name = current_neg5V_bus
Header info = 3439
Transformed value for current_neg5V_bus = -0.0692838135
Matching row  18
coeffs for Last measurement in raw DN for LVPS Board signal “P2.5V_IMON”= [0.0 0.00161172 0.0 0.0 0.0 0.0 0.0 0.0]
var_name = Last measurement in raw DN for LVPS Board signal “P2.5V_IMON”
var_name = current_2V5_bus
Header info = 459
Transformed value for current_2V5_bus = 0.73977948
Matching row  18
coeffs for Last measurement in raw DN for LVPS Board signal “N2.5V_IMON”= [0.0 -4.0293e-05 0.0 0.0 0.0 0.0 0.0 0.0]
var_name = Last measurement in raw DN for LVPS Board signal “N2.5V_IMON”
var_name = current_neg2V5_bus
Header info = 2932
Transformed value for current_neg2V5_bus = -0.11813907600000001
Matching row  18
coeffs for Last measurement in raw DN for LVPS Board signal “THERM_DECON0”= [-110.293 0.0665351 0.000305738 -6.32048e-07 5.9934e-10 -2.98784e-13
 7.61361e-17 -7.76467e-21]
var_name = Last measurement in raw DN for LVPS Board signal “THERM_DECON0”
var_name = None
KeyError: (1, None) - Could not find entry for None, 38. Please check the Var_notes or variable mapping.
Matching row  18
coeffs for Last measurement in raw DN for LVPS Board signal “THERM_DECON1”= [-150.478 0.376986 -0.00062072 7.73853e-07 -5.81588e-10 2.56368e-13
 -6.05698e-17 5.96635e-21]
var_name = Last measurement in raw DN for LVPS Board signal “THERM_DECON1”
var_name = None
KeyError: (1, None) - Could not find entry for None, 39. Please check the Var_notes or variable mapping.
Matching row  18
coeffs for Last measurement in raw DN for LVPS Board signal “THERM_DAB”= [-443.248 1.31224 -0.00180422 1.40016e-06 -6.43766e-10 1.7448e-13
 -2.57695e-17 1.60239e-21]
var_name = Last measurement in raw DN for LVPS Board signal “THERM_DAB”
var_name = None
KeyError: (1, None) - Could not find entry for None, 40. Please check the Var_notes or variable mapping.
Matching row  18
coeffs for Last measurement in raw DN for LVPS Board signal “THERM_LVPS”= [200.4137 -0.2020699 0.000175403 -9.739547e-08 2.888932e-11 -3.545603e-15
 0.0 0.0]
var_name = Last measurement in raw DN for LVPS Board signal “THERM_LVPS”
var_name = None
KeyError: (1, None) - Could not find entry for None, 41. Please check the Var_notes or variable mapping.
Matching row  18
coeffs for Last measurement in raw DN for LVPS Board signal “THERM_HVPS”= [200.4137 -0.2020699 0.000175403 -9.739547e-08 2.888932e-11 -3.545603e-15
 0.0 0.0]
var_name = Last measurement in raw DN for LVPS Board signal “THERM_HVPS”
var_name = None
KeyError: (1, None) - Could not find entry for None, 45. Please check the Var_notes or variable mapping.
Matching row  18
coeffs for Last measurement in raw DN for LVPS Board signal “P2.5V”= [0.0 0.00161172 0.0 0.0 0.0 0.0 0.0 0.0]
var_name = Last measurement in raw DN for LVPS Board signal “P2.5V”
var_name = None
KeyError: (1, None) - Could not find entry for None, 49. Please check the Var_notes or variable mapping.
Matching row  18
coeffs for Last measurement in raw DN for LVPS Board signal “N2.5V”= [-33.0 0.00886447 0.0 0.0 0.0 0.0 0.0 0.0]
var_name = Last measurement in raw DN for LVPS Board signal “N2.5V”
var_name = None
KeyError: (1, None) - Could not find entry for None, 50. Please check the Var_notes or variable mapping.
Matching row  18
coeffs for Last measurement in raw DN for LVPS Board signal “Spare”= [0.0 0.00161172 0.0 0.0 0.0 0.0 0.0 0.0]
var_name = Last measurement in raw DN for LVPS Board signal “Spare”
var_name = spare_signal
KeyError: (1, 'spare_signal') - Could not find entry for spare_signal, 51. Please check the Var_notes or variable mapping.
High gain delay = 64 samples.
Mid gain delay = 31 samples.
Low gain delay = 31 samples.
High sampling trigger mode =  0 0 1
High gain trigger mode enabled.
For 2222981120, HG Trigger level = 0.15317, sample settings = 0, 0
Threshold trigger mode enabled for high gain channel.
AID = 2415008032
Event number = 0
Rice compression enabled = False
Timestamp = 429137618.36902 seconds since epoch (Midnight January 1st, 2010)
Trigger time = 2023-08-07T20:53:38.369020Z
1
1
1
1
1
1
1
1
1
1
1
1
1
{'SHCOARSE': ParsedDataItem(SHCOARSE, raw=429139171, derived=429139171, unit=dn), 'SHFINE': ParsedDataItem(SHFINE, raw=7010, derived=7010, unit=dn), 'IDX__SCI0AID': ParsedDataItem(IDX__SCI0AID, raw=2415008032, derived=2415008032, unit=None), 'IDX__SCI0TYPE': ParsedDataItem(IDX__SCI0TYPE, raw=1, derived=1, unit=None), 'IDX__SCI0CONT': ParsedDataItem(IDX__SCI0CONT, raw=127, derived=127, unit=None), 'IDX__SCI0SPARE1': ParsedDataItem(IDX__SCI0SPARE1, raw=0, derived=0, unit=None), 'IDX__SCI0PACK': ParsedDataItem(IDX__SCI0PACK, raw=1, derived=EN, unit=None), 'IDX__SCI0FRAG': ParsedDataItem(IDX__SCI0FRAG, raw=0, derived=DS, unit=None), 'IDX__SCI0COMP': ParsedDataItem(IDX__SCI0COMP, raw=0, derived=DS, unit=None), 'IDX__SCI0EVTNUM': ParsedDataItem(IDX__SCI0EVTNUM, raw=1, derived=1, unit=None), 'IDX__SCI0CAT': ParsedDataItem(IDX__SCI0CAT, raw=32, derived=32, unit=None), 'IDX__SCI0QUAL': ParsedDataItem(IDX__SCI0QUAL, raw=5, derived=5, unit=None), 'IDX__SCI0FRAGOFF': ParsedDataItem(IDX__SCI0FRAGOFF, raw=0, derived=0, unit=None), 'IDX__SCI0VER': ParsedDataItem(IDX__SCI0VER, raw=9, derived=9, unit=None), 'IDX__SCI0TIME32': ParsedDataItem(IDX__SCI0TIME32, raw=429137777, derived=429137777, unit=None), 'IDX__SCI0SPARE2': ParsedDataItem(IDX__SCI0SPARE2, raw=0, derived=0, unit=None), 'IDX__SCI0SPARE3': ParsedDataItem(IDX__SCI0SPARE3, raw=0, derived=0, unit=None), 'IDX__SCI0SPARE4': ParsedDataItem(IDX__SCI0SPARE4, raw=0, derived=0, unit=None), 'IDX__TXHDRSCIEVTLEN': ParsedDataItem(IDX__TXHDRSCIEVTLEN, raw=8320, derived=8320, unit=None), 'IDX__TXHDRSP00': ParsedDataItem(IDX__TXHDRSP00, raw=0, derived=0, unit=None), 'IDX__TXHDRTIMESEC1': ParsedDataItem(IDX__TXHDRTIMESEC1, raw=6548, derived=6548, unit=None), 'IDX__TXHDRTIMESEC2': ParsedDataItem(IDX__TXHDRTIMESEC2, raw=8049, derived=8049, unit=None), 'IDX__TXHDRTIMESUBS': ParsedDataItem(IDX__TXHDRTIMESUBS, raw=28715, derived=28715, unit=None), 'IDX__TXHDRSP01': ParsedDataItem(IDX__TXHDRSP01, raw=0, derived=0, unit=None), 'IDX__TXHDRTRIGOFFSET': ParsedDataItem(IDX__TXHDRTRIGOFFSET, raw=6, derived=6, unit=None), 'IDX__TXHDRSP02': ParsedDataItem(IDX__TXHDRSP02, raw=0, derived=0, unit=None), 'IDX__TXHDRTRIGID': ParsedDataItem(IDX__TXHDRTRIGID, raw=1, derived=1, unit=None), 'IDX__TXHDREVTNUM': ParsedDataItem(IDX__TXHDREVTNUM, raw=1, derived=1, unit=None), 'IDX__TXHDRBLOCKS': ParsedDataItem(IDX__TXHDRBLOCKS, raw=243679, derived=243679, unit=None), 'IDX__TXHDRHGTRIGCTRL1': ParsedDataItem(IDX__TXHDRHGTRIGCTRL1, raw=2222981120, derived=2222981120, unit=None), 'IDX__TXHDRHGTRIGCTRL2': ParsedDataItem(IDX__TXHDRHGTRIGCTRL2, raw=0, derived=0, unit=None), 'IDX__TXHDRLGTRIGCTRL1': ParsedDataItem(IDX__TXHDRLGTRIGCTRL1, raw=4294965248, derived=4294965248, unit=None), 'IDX__TXHDRLGTRIGCTRL2': ParsedDataItem(IDX__TXHDRLGTRIGCTRL2, raw=4278255360, derived=4278255360, unit=None), 'IDX__TXHDRMGTRIGCTRL1': ParsedDataItem(IDX__TXHDRMGTRIGCTRL1, raw=4294965248, derived=4294965248, unit=None), 'IDX__TXHDRMGTRIGCTRL2': ParsedDataItem(IDX__TXHDRMGTRIGCTRL2, raw=4278255360, derived=4278255360, unit=None), 'IDX__TXHDRSP03': ParsedDataItem(IDX__TXHDRSP03, raw=0, derived=0, unit=None), 'IDX__TXHDRLSADC': ParsedDataItem(IDX__TXHDRLSADC, raw=1048320, derived=1048320, unit=None), 'IDX__TXHDRPOLSTAT': ParsedDataItem(IDX__TXHDRPOLSTAT, raw=1, derived=NEG, unit=None), 'IDX__TXHDRSP04': ParsedDataItem(IDX__TXHDRSP04, raw=0, derived=0, unit=None), 'IDX__TXHDRPOLCTRL': ParsedDataItem(IDX__TXHDRPOLCTRL, raw=0, derived=POS, unit=None), 'IDX__TXHDRCOINENA': ParsedDataItem(IDX__TXHDRCOINENA, raw=0, derived=DIS, unit=None), 'IDX__TXHDRLSTRIGMODE': ParsedDataItem(IDX__TXHDRLSTRIGMODE, raw=0, derived=DIS, unit=None), 'IDX__TXHDRMGTRIGMODE': ParsedDataItem(IDX__TXHDRMGTRIGMODE, raw=0, derived=0, unit=None), 'IDX__TXHDRLGTRIGMODE': ParsedDataItem(IDX__TXHDRLGTRIGMODE, raw=0, derived=0, unit=None), 'IDX__TXHDRHGTRIGMODE': ParsedDataItem(IDX__TXHDRHGTRIGMODE, raw=1, derived=1, unit=None), 'IDX__TXHDRSP05': ParsedDataItem(IDX__TXHDRSP05, raw=0, derived=0, unit=None), 'IDX__TXHDRSP06': ParsedDataItem(IDX__TXHDRSP06, raw=0, derived=0, unit=None), 'IDX__TXHDRSP07': ParsedDataItem(IDX__TXHDRSP07, raw=2019, derived=2019, unit=None), 'IDX__TXHDRSP08': ParsedDataItem(IDX__TXHDRSP08, raw=0, derived=0, unit=None), 'IDX__TXHDRTOFMAX': ParsedDataItem(IDX__TXHDRTOFMAX, raw=541596212, derived=541596212, unit=None), 'IDX__TXHDRTOFMIN': ParsedDataItem(IDX__TXHDRTOFMIN, raw=535295475, derived=535295475, unit=None), 'IDX__TXHDRLS0MAXMIN': ParsedDataItem(IDX__TXHDRLS0MAXMIN, raw=8529917, derived=8529917, unit=None), 'IDX__TXHDRLS1MAXMIN': ParsedDataItem(IDX__TXHDRLS1MAXMIN, raw=16773762, derived=16773762, unit=None), 'IDX__TXHDRLS2MAXMIN': ParsedDataItem(IDX__TXHDRLS2MAXMIN, raw=8554429, derived=8554429, unit=None), 'IDX__TXHDRFIFODELAY': ParsedDataItem(IDX__TXHDRFIFODELAY, raw=18, derived=18, unit=None), 'IDX__TXHDRSAMPDELAY': ParsedDataItem(IDX__TXHDRSAMPDELAY, raw=49331283, derived=49331283, unit=None), 'IDX__TXHDRTRANSCNT': ParsedDataItem(IDX__TXHDRTRANSCNT, raw=6, derived=6, unit=None), 'IDX__TXHDRPROCHKCH01': ParsedDataItem(IDX__TXHDRPROCHKCH01, raw=83165920, derived=83165920, unit=None), 'IDX__TXHDRPROCHKCH23': ParsedDataItem(IDX__TXHDRPROCHKCH23, raw=144639714, derived=144639714, unit=None), 'IDX__TXHDRPROCHKCH45': ParsedDataItem(IDX__TXHDRPROCHKCH45, raw=176489691, derived=176489691, unit=None), 'IDX__TXHDRPROCHKCH67': ParsedDataItem(IDX__TXHDRPROCHKCH67, raw=133761307, derived=133761307, unit=None), 'IDX__TXHDRHVPSHKCH01': ParsedDataItem(IDX__TXHDRHVPSHKCH01, raw=131794262, derived=131794262, unit=None), 'IDX__TXHDRHVPSHKCH23': ParsedDataItem(IDX__TXHDRHVPSHKCH23, raw=8849069, derived=8849069, unit=None), 'IDX__TXHDRHVPSHKCH45': ParsedDataItem(IDX__TXHDRHVPSHKCH45, raw=127731676, derived=127731676, unit=None), 'IDX__TXHDRHVPSHKCH67': ParsedDataItem(IDX__TXHDRHVPSHKCH67, raw=19925645, derived=19925645, unit=None), 'IDX__TXHDRLVHK0CH01': ParsedDataItem(IDX__TXHDRLVHK0CH01, raw=134219776, derived=134219776, unit=None), 'IDX__TXHDRLVHK0CH23': ParsedDataItem(IDX__TXHDRLVHK0CH23, raw=171772858, derived=171772858, unit=None), 'IDX__TXHDRLVHK0CH45': ParsedDataItem(IDX__TXHDRLVHK0CH45, raw=134810727, derived=134810727, unit=None), 'IDX__TXHDRLVHK0CH67': ParsedDataItem(IDX__TXHDRLVHK0CH67, raw=205851732, derived=205851732, unit=None), 'IDX__TXHDRLVHK1CH01': ParsedDataItem(IDX__TXHDRLVHK1CH01, raw=33228381, derived=33228381, unit=None), 'IDX__TXHDRLVHK1CH23': ParsedDataItem(IDX__TXHDRLVHK1CH23, raw=76613096, derived=76613096, unit=None), 'IDX__TXHDRLVHK1CH45': ParsedDataItem(IDX__TXHDRLVHK1CH45, raw=225511308, derived=225511308, unit=None), 'IDX__TXHDRLVHK1CH67': ParsedDataItem(IDX__TXHDRLVHK1CH67, raw=192217546, derived=192217546, unit=None), 'IDX__TXHDRLVHK2CH01': ParsedDataItem(IDX__TXHDRLVHK2CH01, raw=80807126, derived=80807126, unit=None), 'IDX__TXHDRLVHK2CH23': ParsedDataItem(IDX__TXHDRLVHK2CH23, raw=212666941, derived=212666941, unit=None), 'IDX__TXHDRLVHK2CH45': ParsedDataItem(IDX__TXHDRLVHK2CH45, raw=101059933, derived=101059933, unit=None), 'IDX__TXHDRLVHK2CH67': ParsedDataItem(IDX__TXHDRLVHK2CH67, raw=69017, derived=69017, unit=None), 'IDX__TXHDRSP09': ParsedDataItem(IDX__TXHDRSP09, raw=0, derived=0, unit=None), 'IDX__TXHDRSP10': ParsedDataItem(IDX__TXHDRSP10, raw=0, derived=0, unit=None), 'IDX__TXHDRFSWAIDCOPY': ParsedDataItem(IDX__TXHDRFSWAIDCOPY, raw=2415008032, derived=2415008032, unit=None), 'IDX__TXHDRFSWBINCOPY': ParsedDataItem(IDX__TXHDRFSWBINCOPY, raw=0, derived=0, unit=None), 'IDX__TXHDRFSWMAJOR': ParsedDataItem(IDX__TXHDRFSWMAJOR, raw=2, derived=2, unit=None), 'IDX__TXHDRFSWMINOR': ParsedDataItem(IDX__TXHDRFSWMINOR, raw=0, derived=0, unit=None), 'IDX__TXHDRFSWPATCH': ParsedDataItem(IDX__TXHDRFSWPATCH, raw=0, derived=0, unit=None), 'IDX__TXHDRFSWHVSTAT': ParsedDataItem(IDX__TXHDRFSWHVSTAT, raw=3, derived=3, unit=None), 'IDX__TXHDRFSWMEM0': ParsedDataItem(IDX__TXHDRFSWMEM0, raw=0, derived=0, unit=None), 'IDX__TXHDRFSWMEM1': ParsedDataItem(IDX__TXHDRFSWMEM1, raw=0, derived=0, unit=None), 'IDX__TXHDRFSWPT0': ParsedDataItem(IDX__TXHDRFSWPT0, raw=0, derived=0, unit=None), 'IDX__TXHDRFSWPT1': ParsedDataItem(IDX__TXHDRFSWPT1, raw=0, derived=0, unit=None), 'IDX__TXHDRFSWPT2': ParsedDataItem(IDX__TXHDRFSWPT2, raw=0, derived=0, unit=None), 'IDX__TXHDRFSWPT3': ParsedDataItem(IDX__TXHDRFSWPT3, raw=0, derived=0, unit=None), 'IDX__TXHDRFSWPT4': ParsedDataItem(IDX__TXHDRFSWPT4, raw=0, derived=0, unit=None), 'IDX__TXHDRFSWPT5': ParsedDataItem(IDX__TXHDRFSWPT5, raw=0, derived=0, unit=None), 'IDX__TXHDRFSWPT6': ParsedDataItem(IDX__TXHDRFSWPT6, raw=0, derived=0, unit=None), 'IDX__TXHDRFSWPT7': ParsedDataItem(IDX__TXHDRFSWPT7, raw=0, derived=0, unit=None), 'IDX__TXHDRFSWPT8': ParsedDataItem(IDX__TXHDRFSWPT8, raw=0, derived=0, unit=None), 'IDX__TXHDRFSWPT9': ParsedDataItem(IDX__TXHDRFSWPT9, raw=0, derived=0, unit=None), 'IDX__TXHDRFPGAVER': ParsedDataItem(IDX__TXHDRFPGAVER, raw=539165480, derived=539165480, unit=None), 'IDX__SYNCSCI0PKT': ParsedDataItem(IDX__SYNCSCI0PKT, raw=13107, derived=13107, unit=None), 'IDX__CRCSCI0PKT': ParsedDataItem(IDX__CRCSCI0PKT, raw=42036, derived=42036, unit=None)}
SHCOARSE = 429139171
SHFINE = 7010
IDX__SCI0AID = 2415008032
IDX__SCI0TYPE = 1
IDX__SCI0CONT = 127
IDX__SCI0SPARE1 = 0
IDX__SCI0PACK = EN
IDX__SCI0FRAG = DS
IDX__SCI0COMP = DS
IDX__SCI0EVTNUM = 1
IDX__SCI0CAT = 32
IDX__SCI0QUAL = 5
IDX__SCI0FRAGOFF = 0
IDX__SCI0VER = 9
IDX__SCI0TIME32 = 429137777
IDX__SCI0SPARE2 = 0
IDX__SCI0SPARE3 = 0
IDX__SCI0SPARE4 = 0
IDX__TXHDRSCIEVTLEN = 8320
IDX__TXHDRSP00 = 0
IDX__TXHDRTIMESEC1 = 6548
IDX__TXHDRTIMESEC2 = 8049
IDX__TXHDRTIMESUBS = 28715
IDX__TXHDRSP01 = 0
IDX__TXHDRTRIGOFFSET = 6
IDX__TXHDRSP02 = 0
IDX__TXHDRTRIGID = 1
IDX__TXHDREVTNUM = 1
IDX__TXHDRBLOCKS = 243679
IDX__TXHDRHGTRIGCTRL1 = 2222981120
IDX__TXHDRHGTRIGCTRL2 = 0
IDX__TXHDRLGTRIGCTRL1 = 4294965248
IDX__TXHDRLGTRIGCTRL2 = 4278255360
IDX__TXHDRMGTRIGCTRL1 = 4294965248
IDX__TXHDRMGTRIGCTRL2 = 4278255360
IDX__TXHDRSP03 = 0
IDX__TXHDRLSADC = 1048320
IDX__TXHDRPOLSTAT = NEG
IDX__TXHDRSP04 = 0
IDX__TXHDRPOLCTRL = POS
IDX__TXHDRCOINENA = DIS
IDX__TXHDRLSTRIGMODE = DIS
IDX__TXHDRMGTRIGMODE = 0
IDX__TXHDRLGTRIGMODE = 0
IDX__TXHDRHGTRIGMODE = 1
IDX__TXHDRSP05 = 0
IDX__TXHDRSP06 = 0
IDX__TXHDRSP07 = 2019
IDX__TXHDRSP08 = 0
IDX__TXHDRTOFMAX = 541596212
IDX__TXHDRTOFMIN = 535295475
IDX__TXHDRLS0MAXMIN = 8529917
IDX__TXHDRLS1MAXMIN = 16773762
IDX__TXHDRLS2MAXMIN = 8554429
IDX__TXHDRFIFODELAY = 18
IDX__TXHDRSAMPDELAY = 49331283
IDX__TXHDRTRANSCNT = 6
IDX__TXHDRPROCHKCH01 = 83165920
IDX__TXHDRPROCHKCH23 = 144639714
IDX__TXHDRPROCHKCH45 = 176489691
IDX__TXHDRPROCHKCH67 = 133761307
IDX__TXHDRHVPSHKCH01 = 131794262
IDX__TXHDRHVPSHKCH23 = 8849069
IDX__TXHDRHVPSHKCH45 = 127731676
IDX__TXHDRHVPSHKCH67 = 19925645
IDX__TXHDRLVHK0CH01 = 134219776
IDX__TXHDRLVHK0CH23 = 171772858
IDX__TXHDRLVHK0CH45 = 134810727
IDX__TXHDRLVHK0CH67 = 205851732
IDX__TXHDRLVHK1CH01 = 33228381
IDX__TXHDRLVHK1CH23 = 76613096
IDX__TXHDRLVHK1CH45 = 225511308
IDX__TXHDRLVHK1CH67 = 192217546
IDX__TXHDRLVHK2CH01 = 80807126
IDX__TXHDRLVHK2CH23 = 212666941
IDX__TXHDRLVHK2CH45 = 101059933
IDX__TXHDRLVHK2CH67 = 69017
IDX__TXHDRSP09 = 0
IDX__TXHDRSP10 = 0
IDX__TXHDRFSWAIDCOPY = 2415008032
IDX__TXHDRFSWBINCOPY = 0
IDX__TXHDRFSWMAJOR = 2
IDX__TXHDRFSWMINOR = 0
IDX__TXHDRFSWPATCH = 0
IDX__TXHDRFSWHVSTAT = 3
IDX__TXHDRFSWMEM0 = 0
IDX__TXHDRFSWMEM1 = 0
IDX__TXHDRFSWPT0 = 0
IDX__TXHDRFSWPT1 = 0
IDX__TXHDRFSWPT2 = 0
IDX__TXHDRFSWPT3 = 0
IDX__TXHDRFSWPT4 = 0
IDX__TXHDRFSWPT5 = 0
IDX__TXHDRFSWPT6 = 0
IDX__TXHDRFSWPT7 = 0
IDX__TXHDRFSWPT8 = 0
IDX__TXHDRFSWPT9 = 0
IDX__TXHDRFPGAVER = 539165480
IDX__SYNCSCI0PKT = 13107
IDX__CRCSCI0PKT = 42036
^*****Event header 2******^
EVTNUM: 2
SCI0TYPE: 1
TXHDRBLOCKS RAW: 243679
TXHDRBLOCKS DERIVED: 243679
-----
HS pre trig sampling blocks:  31
LS pre trig sampling blocks:  3
HS post trig sampling blocks:  31
LS post trig sampling blocks:  11
IDX__TXHDRHVPSHKCH01 = 131794262
Detector voltage =  1366
Sensor voltage =  2011
Target voltage =  1709
Reflectron voltage =  135
Rejection voltage =  2012
Current for HVPS sensor =  1949
Positive current for HVPS sensor =  2701
Negative current for HVPS sensor =  304
Voltage +3.3V reference =  2048
Voltage +3.3V operational reference =  2048
Voltage -6V bus =  3002
Voltage +6V bus =  2621
Voltage +16V bus =  3175
Voltage +3.3V bus =  2057
Voltage -5V bus =  3156
Voltage +5V bus =  3141
Current +3.3V bus =  1629
Current +16V bus =  1169
Current +6V bus =  1512
Current -6V bus =  1169
Current +5V bus =  1932
Current -5V bus =  3441
Current +2.5V bus =  458
Current -2.5V bus =  2933
Current on the 1V POL =  736
Current on the 1.9V POL =  1269
ProcBd Temperature 1 =  1762
ProcBd Temperature 2 =  2207
Voltage on 1V bus =  1243
FPGA Temperature =  2693
Voltage on 1.9V bus =  2331
Voltage on 3.3V bus =  2041
var_to_row = {'Last measurement in raw DN for Processor Board signal “1V POL Current”': 0, 'Last measurement in raw DN for Processor Board signal “1.9V POL Current”': 1, 'Last measurement in raw DN for Processor Board signal “ProcBd Temp1”': 2, nan: 48, 'Last measurement in raw DN for Processor Board signal “ProcBd Temp2”': 6, 'Last measurement in raw DN for Processor Board signal “1V Voltage”': 10, 'Last measurement in raw DN for Processor Board signal “FPGA Temp”': 11, 'Last measurement in raw DN for Processor Board signal “1.9V Voltage”': 12, 'Last measurement in raw DN for Processor Board signal “3.3V Voltage”': 13, 'Last measurement in raw DN for HVPS Board signal “Detector Voltage”': 14, 'Last measurement in raw DN for HVPS Board signal “Sensor Voltage"': 15, 'Last measurement in raw DN for HVPS Board signal “Target Voltage”': 16, 'Last measurement in raw DN for HVPS Board signal “Reflectron Voltage”': 17, 'Last measurement in raw DN for HVPS Board signal “Rejection Voltage”': 18, 'Last measurement in raw DN for HVPS Board signal “Detector Current”': 19, 'Last measurement in raw DN for HVPS Board signal “Sensor IP”': 20, 'Last measurement in raw DN for HVPS Board signal “Sensor IN”': 21, 'Last measurement in raw DN for LVPS Board signal “P3.3VREF_HK”': 22, 'Last measurement in raw DN for LVPS Board signal “P3.3VREF_OP”': 23, 'Last measurement in raw DN for LVPS Board signal “N6V”': 24, 'Last measurement in raw DN for LVPS Board signal “P6V”': 25, 'Last measurement in raw DN for LVPS Board signal “P16V”': 26, 'Last measurement in raw DN for LVPS Board signal “P3.3V”': 27, 'Last measurement in raw DN for LVPS Board signal “N5V”': 28, 'Last measurement in raw DN for LVPS Board signal “P5V”': 29, 'Last measurement in raw DN for LVPS Board signal “P3.3_IMON”': 30, 'Last measurement in raw DN for LVPS Board signal “P16V_IMON”': 31, 'Last measurement in raw DN for LVPS Board signal “P6V_IMON”': 32, 'Last measurement in raw DN for LVPS Board signal “N6V_IMON”': 33, 'Last measurement in raw DN for LVPS Board signal “P5V_IMON”': 34, 'Last measurement in raw DN for LVPS Board signal “N5V_IMON”': 35, 'Last measurement in raw DN for LVPS Board signal “P2.5V_IMON”': 36, 'Last measurement in raw DN for LVPS Board signal “N2.5V_IMON”': 37, 'Last measurement in raw DN for LVPS Board signal “THERM_DECON0”': 38, 'Last measurement in raw DN for LVPS Board signal “THERM_DECON1”': 39, 'Last measurement in raw DN for LVPS Board signal “THERM_DAB”': 40, 'Last measurement in raw DN for LVPS Board signal “THERM_LVPS”': 41, 'Last measurement in raw DN for LVPS Board signal “THERM_HVPS”': 45, 'Last measurement in raw DN for LVPS Board signal “P2.5V”': 49, 'Last measurement in raw DN for LVPS Board signal “N2.5V”': 50, 'Last measurement in raw DN for LVPS Board signal “Spare”': 51}

 
 ***** var_name being converted for each instrument setting ***** 
 

Matching row  18
coeffs for Last measurement in raw DN for Processor Board signal “1V POL Current”= [0.0 0.9029253 0.0 0.0 0.0 0.0 0.0 0.0]
var_name = Last measurement in raw DN for Processor Board signal “1V POL Current”
var_name = current_1V_pol
Header info = 736
Transformed value for current_1V_pol = 664.5530208
Matching row  18
coeffs for Last measurement in raw DN for Processor Board signal “1.9V POL Current”= [0.0 0.9029253 0.0 0.0 0.0 0.0 0.0 0.0]
var_name = Last measurement in raw DN for Processor Board signal “1.9V POL Current”
var_name = current_1.9V_pol
Header info = 1269
Transformed value for current_1.9V_pol = 1145.8122057
Matching row  18
coeffs for Last measurement in raw DN for Processor Board signal “ProcBd Temp1”= [162.8276 -0.2668687 0.0003323794 -2.43153e-07 9.034532e-11 -1.327735e-14
 0.0 0.0]
var_name = Last measurement in raw DN for Processor Board signal “ProcBd Temp1”
var_name = temperature_1
Header info = 1762
Transformed value for temperature_1 = 39.70937663107239
Matching row  18
coeffs for nan= [-104713.9 52.02446 -0.006463374 0.0 0.0 0.0 0.0 0.0]
var_name = nan
var_name = None
KeyError: (2, None) - Could not find entry for None, 48. Please check the Var_notes or variable mapping.
Matching row  18
coeffs for Last measurement in raw DN for Processor Board signal “ProcBd Temp2”= [162.8276 -0.2668687 0.0003323794 -2.43153e-07 9.034532e-11 -1.327735e-14
 0.0 0.0]
var_name = Last measurement in raw DN for Processor Board signal “ProcBd Temp2”
var_name = temperature_2
Header info = 2207
Transformed value for temperature_2 = 27.169087061175446
Matching row  18
coeffs for Last measurement in raw DN for Processor Board signal “1V Voltage”= [0.0 0.000805861 0.0 0.0 0.0 0.0 0.0 0.0]
var_name = Last measurement in raw DN for Processor Board signal “1V Voltage”
var_name = voltage_1V_bus
Header info = 1243
Transformed value for voltage_1V_bus = 1.001685223
Matching row  18
coeffs for Last measurement in raw DN for Processor Board signal “FPGA Temp”= [358.31 -0.1187104 0.0 0.0 0.0 0.0 0.0 0.0]
var_name = Last measurement in raw DN for Processor Board signal “FPGA Temp”
var_name = fpga_temperature
Header info = 2693
Transformed value for fpga_temperature = 38.622892800000045
Matching row  18
coeffs for Last measurement in raw DN for Processor Board signal “1.9V Voltage”= [0.0 0.000805861 0.0 0.0 0.0 0.0 0.0 0.0]
var_name = Last measurement in raw DN for Processor Board signal “1.9V Voltage”
var_name = voltage_1.9V_bus
Header info = 2331
Transformed value for voltage_1.9V_bus = 1.8784619909999998
Matching row  18
coeffs for Last measurement in raw DN for Processor Board signal “3.3V Voltage”= [0.0 0.001611722 0.0 0.0 0.0 0.0 0.0 0.0]
var_name = Last measurement in raw DN for Processor Board signal “3.3V Voltage”
var_name = voltage_3.3V_bus
Header info = 2041
Transformed value for voltage_3.3V_bus = 3.2895246019999997
Matching row  18
coeffs for Last measurement in raw DN for HVPS Board signal “Detector Voltage”= [0.0 1.4652 0.0 0.0 0.0 0.0 0.0 0.0]
var_name = Last measurement in raw DN for HVPS Board signal “Detector Voltage”
var_name = detector_voltage
Header info = 1366
Transformed value for detector_voltage = 2001.4632000000001
Matching row  18
coeffs for Last measurement in raw DN for HVPS Board signal “Sensor Voltage"= [0.0 1.4652 0.0 0.0 0.0 0.0 0.0 0.0]
var_name = Last measurement in raw DN for HVPS Board signal “Sensor Voltage"
var_name = sensor_voltage
Header info = 2011
Transformed value for sensor_voltage = 2946.5172000000002
Matching row  18
coeffs for Last measurement in raw DN for HVPS Board signal “Target Voltage”= [0.0 1.4652 0.0 0.0 0.0 0.0 0.0 0.0]
var_name = Last measurement in raw DN for HVPS Board signal “Target Voltage”
var_name = target_voltage
Header info = 1709
Transformed value for target_voltage = 2504.0268
Matching row  18
coeffs for Last measurement in raw DN for HVPS Board signal “Reflectron Voltage”= [0.0 1.4652 0.0 0.0 0.0 0.0 0.0 0.0]
var_name = Last measurement in raw DN for HVPS Board signal “Reflectron Voltage”
var_name = reflectron_voltage
Header info = 135
Transformed value for reflectron_voltage = 197.80200000000002
Matching row  18
coeffs for Last measurement in raw DN for HVPS Board signal “Rejection Voltage”= [0.0 1.4652 0.0 0.0 0.0 0.0 0.0 0.0]
var_name = Last measurement in raw DN for HVPS Board signal “Rejection Voltage”
var_name = rejection_voltage
Header info = 2012
Transformed value for rejection_voltage = 2947.9824000000003
Matching row  18
coeffs for Last measurement in raw DN for HVPS Board signal “Detector Current”= [0.0 7.326e-06 0.0 0.0 0.0 0.0 0.0 0.0]
var_name = Last measurement in raw DN for HVPS Board signal “Detector Current”
var_name = current_hvps_sensor
Header info = 1949
Transformed value for current_hvps_sensor = 0.014278374
Matching row  18
coeffs for Last measurement in raw DN for HVPS Board signal “Sensor IP”= [0.0 2.4339e-05 0.0 0.0 0.0 0.0 0.0 0.0]
var_name = Last measurement in raw DN for HVPS Board signal “Sensor IP”
var_name = positive_current_hvps
Header info = 2701
Transformed value for positive_current_hvps = 0.065739639
Matching row  18
coeffs for Last measurement in raw DN for HVPS Board signal “Sensor IN”= [0.0 2.4339e-05 0.0 0.0 0.0 0.0 0.0 0.0]
var_name = Last measurement in raw DN for HVPS Board signal “Sensor IN”
var_name = negative_current_hvps
Header info = 304
Transformed value for negative_current_hvps = 0.007399055999999999
Matching row  18
coeffs for Last measurement in raw DN for LVPS Board signal “P3.3VREF_HK”= [0.0 0.00161172 0.0 0.0 0.0 0.0 0.0 0.0]
var_name = Last measurement in raw DN for LVPS Board signal “P3.3VREF_HK”
var_name = voltage_3V3_ref
Header info = 2048
Transformed value for voltage_3V3_ref = 3.30080256
Matching row  18
coeffs for Last measurement in raw DN for LVPS Board signal “P3.3VREF_OP”= [0.0 0.00161172 0.0 0.0 0.0 0.0 0.0 0.0]
var_name = Last measurement in raw DN for LVPS Board signal “P3.3VREF_OP”
var_name = voltage_3V3_op_ref
Header info = 2048
Transformed value for voltage_3V3_op_ref = 3.30080256
Matching row  18
coeffs for Last measurement in raw DN for LVPS Board signal “N6V”= [-33.0 0.00886447 0.0 0.0 0.0 0.0 0.0 0.0]
var_name = Last measurement in raw DN for LVPS Board signal “N6V”
var_name = voltage_neg6V_bus
Header info = 3002
Transformed value for voltage_neg6V_bus = -6.3888610600000035
Matching row  18
coeffs for Last measurement in raw DN for LVPS Board signal “P6V”= [0.0 0.00241758 0.0 0.0 0.0 0.0 0.0 0.0]
var_name = Last measurement in raw DN for LVPS Board signal “P6V”
var_name = voltage_pos6V_bus
Header info = 2621
Transformed value for voltage_pos6V_bus = 6.33647718
Matching row  18
coeffs for Last measurement in raw DN for LVPS Board signal “P16V”= [0.0 0.00482711 0.0 0.0 0.0 0.0 0.0 0.0]
var_name = Last measurement in raw DN for LVPS Board signal “P16V”
var_name = voltage_pos16V_bus
Header info = 3175
Transformed value for voltage_pos16V_bus = 15.32607425
Matching row  18
coeffs for Last measurement in raw DN for LVPS Board signal “P3.3V”= [0.0 0.00161172 0.0 0.0 0.0 0.0 0.0 0.0]
var_name = Last measurement in raw DN for LVPS Board signal “P3.3V”
var_name = voltage_pos3V3_bus
Header info = 2057
Transformed value for voltage_pos3V3_bus = 3.31530804
Matching row  18
coeffs for Last measurement in raw DN for LVPS Board signal “N5V”= [-33.0 0.00886447 0.0 0.0 0.0 0.0 0.0 0.0]
var_name = Last measurement in raw DN for LVPS Board signal “N5V”
var_name = voltage_neg5V_bus
Header info = 3156
Transformed value for voltage_neg5V_bus = -5.023732680000002
Matching row  18
coeffs for Last measurement in raw DN for LVPS Board signal “P5V”= [0.0 0.00161172 0.0 0.0 0.0 0.0 0.0 0.0]
var_name = Last measurement in raw DN for LVPS Board signal “P5V”
var_name = voltage_pos5V_bus
Header info = 3141
Transformed value for voltage_pos5V_bus = 5.0624125200000005
Matching row  18
coeffs for Last measurement in raw DN for LVPS Board signal “P3.3_IMON”= [0.0 0.00161172 0.0 0.0 0.0 0.0 0.0 0.0]
var_name = Last measurement in raw DN for LVPS Board signal “P3.3_IMON”
var_name = current_3V3_bus
Header info = 1629
Transformed value for current_3V3_bus = 2.6254918800000002
Matching row  18
coeffs for Last measurement in raw DN for LVPS Board signal “P16V_IMON”= [0.0 0.000161172 0.0 0.0 0.0 0.0 0.0 0.0]
var_name = Last measurement in raw DN for LVPS Board signal “P16V_IMON”
var_name = current_16V_bus
Header info = 1169
Transformed value for current_16V_bus = 0.188410068
Matching row  18
coeffs for Last measurement in raw DN for LVPS Board signal “P6V_IMON”= [0.0 8.05861e-05 0.0 0.0 0.0 0.0 0.0 0.0]
var_name = Last measurement in raw DN for LVPS Board signal “P6V_IMON”
var_name = current_6V_bus
Header info = 1512
Transformed value for current_6V_bus = 0.1218461832
Matching row  18
coeffs for Last measurement in raw DN for LVPS Board signal “N6V_IMON”= [0.0 -8.05861e-05 0.0 0.0 0.0 0.0 0.0 0.0]
var_name = Last measurement in raw DN for LVPS Board signal “N6V_IMON”
var_name = current_neg6V_bus
Header info = 1169
Transformed value for current_neg6V_bus = -0.09420515089999999
Matching row  18
coeffs for Last measurement in raw DN for LVPS Board signal “P5V_IMON”= [0.0 4.029304e-05 0.0 0.0 0.0 0.0 0.0 0.0]
var_name = Last measurement in raw DN for LVPS Board signal “P5V_IMON”
var_name = current_5V_bus
Header info = 1932
Transformed value for current_5V_bus = 0.07784615328
Matching row  18
coeffs for Last measurement in raw DN for LVPS Board signal “N5V_IMON”= [0.0 -2.01465e-05 0.0 0.0 0.0 0.0 0.0 0.0]
var_name = Last measurement in raw DN for LVPS Board signal “N5V_IMON”
var_name = current_neg5V_bus
Header info = 3441
Transformed value for current_neg5V_bus = -0.06932410650000001
Matching row  18
coeffs for Last measurement in raw DN for LVPS Board signal “P2.5V_IMON”= [0.0 0.00161172 0.0 0.0 0.0 0.0 0.0 0.0]
var_name = Last measurement in raw DN for LVPS Board signal “P2.5V_IMON”
var_name = current_2V5_bus
Header info = 458
Transformed value for current_2V5_bus = 0.7381677600000001
Matching row  18
coeffs for Last measurement in raw DN for LVPS Board signal “N2.5V_IMON”= [0.0 -4.0293e-05 0.0 0.0 0.0 0.0 0.0 0.0]
var_name = Last measurement in raw DN for LVPS Board signal “N2.5V_IMON”
var_name = current_neg2V5_bus
Header info = 2933
Transformed value for current_neg2V5_bus = -0.118179369
Matching row  18
coeffs for Last measurement in raw DN for LVPS Board signal “THERM_DECON0”= [-110.293 0.0665351 0.000305738 -6.32048e-07 5.9934e-10 -2.98784e-13
 7.61361e-17 -7.76467e-21]
var_name = Last measurement in raw DN for LVPS Board signal “THERM_DECON0”
var_name = None
KeyError: (2, None) - Could not find entry for None, 38. Please check the Var_notes or variable mapping.
Matching row  18
coeffs for Last measurement in raw DN for LVPS Board signal “THERM_DECON1”= [-150.478 0.376986 -0.00062072 7.73853e-07 -5.81588e-10 2.56368e-13
 -6.05698e-17 5.96635e-21]
var_name = Last measurement in raw DN for LVPS Board signal “THERM_DECON1”
var_name = None
KeyError: (2, None) - Could not find entry for None, 39. Please check the Var_notes or variable mapping.
Matching row  18
coeffs for Last measurement in raw DN for LVPS Board signal “THERM_DAB”= [-443.248 1.31224 -0.00180422 1.40016e-06 -6.43766e-10 1.7448e-13
 -2.57695e-17 1.60239e-21]
var_name = Last measurement in raw DN for LVPS Board signal “THERM_DAB”
var_name = None
KeyError: (2, None) - Could not find entry for None, 40. Please check the Var_notes or variable mapping.
Matching row  18
coeffs for Last measurement in raw DN for LVPS Board signal “THERM_LVPS”= [200.4137 -0.2020699 0.000175403 -9.739547e-08 2.888932e-11 -3.545603e-15
 0.0 0.0]
var_name = Last measurement in raw DN for LVPS Board signal “THERM_LVPS”
var_name = None
KeyError: (2, None) - Could not find entry for None, 41. Please check the Var_notes or variable mapping.
Matching row  18
coeffs for Last measurement in raw DN for LVPS Board signal “THERM_HVPS”= [200.4137 -0.2020699 0.000175403 -9.739547e-08 2.888932e-11 -3.545603e-15
 0.0 0.0]
var_name = Last measurement in raw DN for LVPS Board signal “THERM_HVPS”
var_name = None
KeyError: (2, None) - Could not find entry for None, 45. Please check the Var_notes or variable mapping.
Matching row  18
coeffs for Last measurement in raw DN for LVPS Board signal “P2.5V”= [0.0 0.00161172 0.0 0.0 0.0 0.0 0.0 0.0]
var_name = Last measurement in raw DN for LVPS Board signal “P2.5V”
var_name = None
KeyError: (2, None) - Could not find entry for None, 49. Please check the Var_notes or variable mapping.
Matching row  18
coeffs for Last measurement in raw DN for LVPS Board signal “N2.5V”= [-33.0 0.00886447 0.0 0.0 0.0 0.0 0.0 0.0]
var_name = Last measurement in raw DN for LVPS Board signal “N2.5V”
var_name = None
KeyError: (2, None) - Could not find entry for None, 50. Please check the Var_notes or variable mapping.
Matching row  18
coeffs for Last measurement in raw DN for LVPS Board signal “Spare”= [0.0 0.00161172 0.0 0.0 0.0 0.0 0.0 0.0]
var_name = Last measurement in raw DN for LVPS Board signal “Spare”
var_name = spare_signal
KeyError: (2, 'spare_signal') - Could not find entry for spare_signal, 51. Please check the Var_notes or variable mapping.
High gain delay = 83 samples.
Mid gain delay = 47 samples.
Low gain delay = 47 samples.
High sampling trigger mode =  0 0 1
High gain trigger mode enabled.
For 2222981120, HG Trigger level = 0.15317, sample settings = 0, 0
Threshold trigger mode enabled for high gain channel.
AID = 2415008032
Event number = 1
Rice compression enabled = False
Timestamp = 429137777.5743 seconds since epoch (Midnight January 1st, 2010)
Trigger time = 2023-08-07T20:56:17.574300Z
2
2
2
2
2
2
2
2
2
2
2
2
2
{'SHCOARSE': ParsedDataItem(SHCOARSE, raw=429139184, derived=429139184, unit=dn), 'SHFINE': ParsedDataItem(SHFINE, raw=7015, derived=7015, unit=dn), 'IDX__SCI0AID': ParsedDataItem(IDX__SCI0AID, raw=2415008032, derived=2415008032, unit=None), 'IDX__SCI0TYPE': ParsedDataItem(IDX__SCI0TYPE, raw=1, derived=1, unit=None), 'IDX__SCI0CONT': ParsedDataItem(IDX__SCI0CONT, raw=127, derived=127, unit=None), 'IDX__SCI0SPARE1': ParsedDataItem(IDX__SCI0SPARE1, raw=0, derived=0, unit=None), 'IDX__SCI0PACK': ParsedDataItem(IDX__SCI0PACK, raw=1, derived=EN, unit=None), 'IDX__SCI0FRAG': ParsedDataItem(IDX__SCI0FRAG, raw=0, derived=DS, unit=None), 'IDX__SCI0COMP': ParsedDataItem(IDX__SCI0COMP, raw=0, derived=DS, unit=None), 'IDX__SCI0EVTNUM': ParsedDataItem(IDX__SCI0EVTNUM, raw=2, derived=2, unit=None), 'IDX__SCI0CAT': ParsedDataItem(IDX__SCI0CAT, raw=32, derived=32, unit=None), 'IDX__SCI0QUAL': ParsedDataItem(IDX__SCI0QUAL, raw=5, derived=5, unit=None), 'IDX__SCI0FRAGOFF': ParsedDataItem(IDX__SCI0FRAGOFF, raw=0, derived=0, unit=None), 'IDX__SCI0VER': ParsedDataItem(IDX__SCI0VER, raw=9, derived=9, unit=None), 'IDX__SCI0TIME32': ParsedDataItem(IDX__SCI0TIME32, raw=429137796, derived=429137796, unit=None), 'IDX__SCI0SPARE2': ParsedDataItem(IDX__SCI0SPARE2, raw=0, derived=0, unit=None), 'IDX__SCI0SPARE3': ParsedDataItem(IDX__SCI0SPARE3, raw=0, derived=0, unit=None), 'IDX__SCI0SPARE4': ParsedDataItem(IDX__SCI0SPARE4, raw=0, derived=0, unit=None), 'IDX__TXHDRSCIEVTLEN': ParsedDataItem(IDX__TXHDRSCIEVTLEN, raw=8320, derived=8320, unit=None), 'IDX__TXHDRSP00': ParsedDataItem(IDX__TXHDRSP00, raw=0, derived=0, unit=None), 'IDX__TXHDRTIMESEC1': ParsedDataItem(IDX__TXHDRTIMESEC1, raw=6548, derived=6548, unit=None), 'IDX__TXHDRTIMESEC2': ParsedDataItem(IDX__TXHDRTIMESEC2, raw=8068, derived=8068, unit=None), 'IDX__TXHDRTIMESUBS': ParsedDataItem(IDX__TXHDRTIMESUBS, raw=24730, derived=24730, unit=None), 'IDX__TXHDRSP01': ParsedDataItem(IDX__TXHDRSP01, raw=0, derived=0, unit=None), 'IDX__TXHDRTRIGOFFSET': ParsedDataItem(IDX__TXHDRTRIGOFFSET, raw=3, derived=3, unit=None), 'IDX__TXHDRSP02': ParsedDataItem(IDX__TXHDRSP02, raw=0, derived=0, unit=None), 'IDX__TXHDRTRIGID': ParsedDataItem(IDX__TXHDRTRIGID, raw=1, derived=1, unit=None), 'IDX__TXHDREVTNUM': ParsedDataItem(IDX__TXHDREVTNUM, raw=2, derived=2, unit=None), 'IDX__TXHDRBLOCKS': ParsedDataItem(IDX__TXHDRBLOCKS, raw=243679, derived=243679, unit=None), 'IDX__TXHDRHGTRIGCTRL1': ParsedDataItem(IDX__TXHDRHGTRIGCTRL1, raw=2222981120, derived=2222981120, unit=None), 'IDX__TXHDRHGTRIGCTRL2': ParsedDataItem(IDX__TXHDRHGTRIGCTRL2, raw=0, derived=0, unit=None), 'IDX__TXHDRLGTRIGCTRL1': ParsedDataItem(IDX__TXHDRLGTRIGCTRL1, raw=4294965248, derived=4294965248, unit=None), 'IDX__TXHDRLGTRIGCTRL2': ParsedDataItem(IDX__TXHDRLGTRIGCTRL2, raw=4278255360, derived=4278255360, unit=None), 'IDX__TXHDRMGTRIGCTRL1': ParsedDataItem(IDX__TXHDRMGTRIGCTRL1, raw=4294965248, derived=4294965248, unit=None), 'IDX__TXHDRMGTRIGCTRL2': ParsedDataItem(IDX__TXHDRMGTRIGCTRL2, raw=4278255360, derived=4278255360, unit=None), 'IDX__TXHDRSP03': ParsedDataItem(IDX__TXHDRSP03, raw=0, derived=0, unit=None), 'IDX__TXHDRLSADC': ParsedDataItem(IDX__TXHDRLSADC, raw=1048320, derived=1048320, unit=None), 'IDX__TXHDRPOLSTAT': ParsedDataItem(IDX__TXHDRPOLSTAT, raw=1, derived=NEG, unit=None), 'IDX__TXHDRSP04': ParsedDataItem(IDX__TXHDRSP04, raw=0, derived=0, unit=None), 'IDX__TXHDRPOLCTRL': ParsedDataItem(IDX__TXHDRPOLCTRL, raw=0, derived=POS, unit=None), 'IDX__TXHDRCOINENA': ParsedDataItem(IDX__TXHDRCOINENA, raw=0, derived=DIS, unit=None), 'IDX__TXHDRLSTRIGMODE': ParsedDataItem(IDX__TXHDRLSTRIGMODE, raw=0, derived=DIS, unit=None), 'IDX__TXHDRMGTRIGMODE': ParsedDataItem(IDX__TXHDRMGTRIGMODE, raw=0, derived=0, unit=None), 'IDX__TXHDRLGTRIGMODE': ParsedDataItem(IDX__TXHDRLGTRIGMODE, raw=0, derived=0, unit=None), 'IDX__TXHDRHGTRIGMODE': ParsedDataItem(IDX__TXHDRHGTRIGMODE, raw=1, derived=1, unit=None), 'IDX__TXHDRSP05': ParsedDataItem(IDX__TXHDRSP05, raw=0, derived=0, unit=None), 'IDX__TXHDRSP06': ParsedDataItem(IDX__TXHDRSP06, raw=0, derived=0, unit=None), 'IDX__TXHDRSP07': ParsedDataItem(IDX__TXHDRSP07, raw=2018, derived=2018, unit=None), 'IDX__TXHDRSP08': ParsedDataItem(IDX__TXHDRSP08, raw=0, derived=0, unit=None), 'IDX__TXHDRTOFMAX': ParsedDataItem(IDX__TXHDRTOFMAX, raw=541596210, derived=541596210, unit=None), 'IDX__TXHDRTOFMIN': ParsedDataItem(IDX__TXHDRTOFMIN, raw=535295474, derived=535295474, unit=None), 'IDX__TXHDRLS0MAXMIN': ParsedDataItem(IDX__TXHDRLS0MAXMIN, raw=8525824, derived=8525824, unit=None), 'IDX__TXHDRLS1MAXMIN': ParsedDataItem(IDX__TXHDRLS1MAXMIN, raw=9013115, derived=9013115, unit=None), 'IDX__TXHDRLS2MAXMIN': ParsedDataItem(IDX__TXHDRLS2MAXMIN, raw=8415202, derived=8415202, unit=None), 'IDX__TXHDRFIFODELAY': ParsedDataItem(IDX__TXHDRFIFODELAY, raw=15, derived=15, unit=None), 'IDX__TXHDRSAMPDELAY': ParsedDataItem(IDX__TXHDRSAMPDELAY, raw=24140852, derived=24140852, unit=None), 'IDX__TXHDRTRANSCNT': ParsedDataItem(IDX__TXHDRTRANSCNT, raw=4, derived=4, unit=None), 'IDX__TXHDRPROCHKCH01': ParsedDataItem(IDX__TXHDRPROCHKCH01, raw=83165920, derived=83165920, unit=None), 'IDX__TXHDRPROCHKCH23': ParsedDataItem(IDX__TXHDRPROCHKCH23, raw=144246492, derived=144246492, unit=None), 'IDX__TXHDRPROCHKCH45': ParsedDataItem(IDX__TXHDRPROCHKCH45, raw=176424155, derived=176424155, unit=None), 'IDX__TXHDRPROCHKCH67': ParsedDataItem(IDX__TXHDRPROCHKCH67, raw=133761306, derived=133761306, unit=None), 'IDX__TXHDRHVPSHKCH01': ParsedDataItem(IDX__TXHDRHVPSHKCH01, raw=131794263, derived=131794263, unit=None), 'IDX__TXHDRHVPSHKCH23': ParsedDataItem(IDX__TXHDRHVPSHKCH23, raw=8849069, derived=8849069, unit=None), 'IDX__TXHDRHVPSHKCH45': ParsedDataItem(IDX__TXHDRHVPSHKCH45, raw=127666140, derived=127666140, unit=None), 'IDX__TXHDRHVPSHKCH67': ParsedDataItem(IDX__TXHDRHVPSHKCH67, raw=19925645, derived=19925645, unit=None), 'IDX__TXHDRLVHK0CH01': ParsedDataItem(IDX__TXHDRLVHK0CH01, raw=134219776, derived=134219776, unit=None), 'IDX__TXHDRLVHK0CH23': ParsedDataItem(IDX__TXHDRLVHK0CH23, raw=171772858, derived=171772858, unit=None), 'IDX__TXHDRLVHK0CH45': ParsedDataItem(IDX__TXHDRLVHK0CH45, raw=134810727, derived=134810727, unit=None), 'IDX__TXHDRLVHK0CH67': ParsedDataItem(IDX__TXHDRLVHK0CH67, raw=205851732, derived=205851732, unit=None), 'IDX__TXHDRLVHK1CH01': ParsedDataItem(IDX__TXHDRLVHK1CH01, raw=33228380, derived=33228380, unit=None), 'IDX__TXHDRLVHK1CH23': ParsedDataItem(IDX__TXHDRLVHK1CH23, raw=76613096, derived=76613096, unit=None), 'IDX__TXHDRLVHK1CH45': ParsedDataItem(IDX__TXHDRLVHK1CH45, raw=225511309, derived=225511309, unit=None), 'IDX__TXHDRLVHK1CH67': ParsedDataItem(IDX__TXHDRLVHK1CH67, raw=192217546, derived=192217546, unit=None), 'IDX__TXHDRLVHK2CH01': ParsedDataItem(IDX__TXHDRLVHK2CH01, raw=80807126, derived=80807126, unit=None), 'IDX__TXHDRLVHK2CH23': ParsedDataItem(IDX__TXHDRLVHK2CH23, raw=212535869, derived=212535869, unit=None), 'IDX__TXHDRLVHK2CH45': ParsedDataItem(IDX__TXHDRLVHK2CH45, raw=101059931, derived=101059931, unit=None), 'IDX__TXHDRLVHK2CH67': ParsedDataItem(IDX__TXHDRLVHK2CH67, raw=69017, derived=69017, unit=None), 'IDX__TXHDRSP09': ParsedDataItem(IDX__TXHDRSP09, raw=0, derived=0, unit=None), 'IDX__TXHDRSP10': ParsedDataItem(IDX__TXHDRSP10, raw=0, derived=0, unit=None), 'IDX__TXHDRFSWAIDCOPY': ParsedDataItem(IDX__TXHDRFSWAIDCOPY, raw=2415008032, derived=2415008032, unit=None), 'IDX__TXHDRFSWBINCOPY': ParsedDataItem(IDX__TXHDRFSWBINCOPY, raw=0, derived=0, unit=None), 'IDX__TXHDRFSWMAJOR': ParsedDataItem(IDX__TXHDRFSWMAJOR, raw=2, derived=2, unit=None), 'IDX__TXHDRFSWMINOR': ParsedDataItem(IDX__TXHDRFSWMINOR, raw=0, derived=0, unit=None), 'IDX__TXHDRFSWPATCH': ParsedDataItem(IDX__TXHDRFSWPATCH, raw=0, derived=0, unit=None), 'IDX__TXHDRFSWHVSTAT': ParsedDataItem(IDX__TXHDRFSWHVSTAT, raw=3, derived=3, unit=None), 'IDX__TXHDRFSWMEM0': ParsedDataItem(IDX__TXHDRFSWMEM0, raw=0, derived=0, unit=None), 'IDX__TXHDRFSWMEM1': ParsedDataItem(IDX__TXHDRFSWMEM1, raw=0, derived=0, unit=None), 'IDX__TXHDRFSWPT0': ParsedDataItem(IDX__TXHDRFSWPT0, raw=0, derived=0, unit=None), 'IDX__TXHDRFSWPT1': ParsedDataItem(IDX__TXHDRFSWPT1, raw=0, derived=0, unit=None), 'IDX__TXHDRFSWPT2': ParsedDataItem(IDX__TXHDRFSWPT2, raw=0, derived=0, unit=None), 'IDX__TXHDRFSWPT3': ParsedDataItem(IDX__TXHDRFSWPT3, raw=0, derived=0, unit=None), 'IDX__TXHDRFSWPT4': ParsedDataItem(IDX__TXHDRFSWPT4, raw=0, derived=0, unit=None), 'IDX__TXHDRFSWPT5': ParsedDataItem(IDX__TXHDRFSWPT5, raw=0, derived=0, unit=None), 'IDX__TXHDRFSWPT6': ParsedDataItem(IDX__TXHDRFSWPT6, raw=0, derived=0, unit=None), 'IDX__TXHDRFSWPT7': ParsedDataItem(IDX__TXHDRFSWPT7, raw=0, derived=0, unit=None), 'IDX__TXHDRFSWPT8': ParsedDataItem(IDX__TXHDRFSWPT8, raw=0, derived=0, unit=None), 'IDX__TXHDRFSWPT9': ParsedDataItem(IDX__TXHDRFSWPT9, raw=0, derived=0, unit=None), 'IDX__TXHDRFPGAVER': ParsedDataItem(IDX__TXHDRFPGAVER, raw=539165480, derived=539165480, unit=None), 'IDX__SYNCSCI0PKT': ParsedDataItem(IDX__SYNCSCI0PKT, raw=13107, derived=13107, unit=None), 'IDX__CRCSCI0PKT': ParsedDataItem(IDX__CRCSCI0PKT, raw=35924, derived=35924, unit=None)}
SHCOARSE = 429139184
SHFINE = 7015
IDX__SCI0AID = 2415008032
IDX__SCI0TYPE = 1
IDX__SCI0CONT = 127
IDX__SCI0SPARE1 = 0
IDX__SCI0PACK = EN
IDX__SCI0FRAG = DS
IDX__SCI0COMP = DS
IDX__SCI0EVTNUM = 2
IDX__SCI0CAT = 32
IDX__SCI0QUAL = 5
IDX__SCI0FRAGOFF = 0
IDX__SCI0VER = 9
IDX__SCI0TIME32 = 429137796
IDX__SCI0SPARE2 = 0
IDX__SCI0SPARE3 = 0
IDX__SCI0SPARE4 = 0
IDX__TXHDRSCIEVTLEN = 8320
IDX__TXHDRSP00 = 0
IDX__TXHDRTIMESEC1 = 6548
IDX__TXHDRTIMESEC2 = 8068
IDX__TXHDRTIMESUBS = 24730
IDX__TXHDRSP01 = 0
IDX__TXHDRTRIGOFFSET = 3
IDX__TXHDRSP02 = 0
IDX__TXHDRTRIGID = 1
IDX__TXHDREVTNUM = 2
IDX__TXHDRBLOCKS = 243679
IDX__TXHDRHGTRIGCTRL1 = 2222981120
IDX__TXHDRHGTRIGCTRL2 = 0
IDX__TXHDRLGTRIGCTRL1 = 4294965248
IDX__TXHDRLGTRIGCTRL2 = 4278255360
IDX__TXHDRMGTRIGCTRL1 = 4294965248
IDX__TXHDRMGTRIGCTRL2 = 4278255360
IDX__TXHDRSP03 = 0
IDX__TXHDRLSADC = 1048320
IDX__TXHDRPOLSTAT = NEG
IDX__TXHDRSP04 = 0
IDX__TXHDRPOLCTRL = POS
IDX__TXHDRCOINENA = DIS
IDX__TXHDRLSTRIGMODE = DIS
IDX__TXHDRMGTRIGMODE = 0
IDX__TXHDRLGTRIGMODE = 0
IDX__TXHDRHGTRIGMODE = 1
IDX__TXHDRSP05 = 0
IDX__TXHDRSP06 = 0
IDX__TXHDRSP07 = 2018
IDX__TXHDRSP08 = 0
IDX__TXHDRTOFMAX = 541596210
IDX__TXHDRTOFMIN = 535295474
IDX__TXHDRLS0MAXMIN = 8525824
IDX__TXHDRLS1MAXMIN = 9013115
IDX__TXHDRLS2MAXMIN = 8415202
IDX__TXHDRFIFODELAY = 15
IDX__TXHDRSAMPDELAY = 24140852
IDX__TXHDRTRANSCNT = 4
IDX__TXHDRPROCHKCH01 = 83165920
IDX__TXHDRPROCHKCH23 = 144246492
IDX__TXHDRPROCHKCH45 = 176424155
IDX__TXHDRPROCHKCH67 = 133761306
IDX__TXHDRHVPSHKCH01 = 131794263
IDX__TXHDRHVPSHKCH23 = 8849069
IDX__TXHDRHVPSHKCH45 = 127666140
IDX__TXHDRHVPSHKCH67 = 19925645
IDX__TXHDRLVHK0CH01 = 134219776
IDX__TXHDRLVHK0CH23 = 171772858
IDX__TXHDRLVHK0CH45 = 134810727
IDX__TXHDRLVHK0CH67 = 205851732
IDX__TXHDRLVHK1CH01 = 33228380
IDX__TXHDRLVHK1CH23 = 76613096
IDX__TXHDRLVHK1CH45 = 225511309
IDX__TXHDRLVHK1CH67 = 192217546
IDX__TXHDRLVHK2CH01 = 80807126
IDX__TXHDRLVHK2CH23 = 212535869
IDX__TXHDRLVHK2CH45 = 101059931
IDX__TXHDRLVHK2CH67 = 69017
IDX__TXHDRSP09 = 0
IDX__TXHDRSP10 = 0
IDX__TXHDRFSWAIDCOPY = 2415008032
IDX__TXHDRFSWBINCOPY = 0
IDX__TXHDRFSWMAJOR = 2
IDX__TXHDRFSWMINOR = 0
IDX__TXHDRFSWPATCH = 0
IDX__TXHDRFSWHVSTAT = 3
IDX__TXHDRFSWMEM0 = 0
IDX__TXHDRFSWMEM1 = 0
IDX__TXHDRFSWPT0 = 0
IDX__TXHDRFSWPT1 = 0
IDX__TXHDRFSWPT2 = 0
IDX__TXHDRFSWPT3 = 0
IDX__TXHDRFSWPT4 = 0
IDX__TXHDRFSWPT5 = 0
IDX__TXHDRFSWPT6 = 0
IDX__TXHDRFSWPT7 = 0
IDX__TXHDRFSWPT8 = 0
IDX__TXHDRFSWPT9 = 0
IDX__TXHDRFPGAVER = 539165480
IDX__SYNCSCI0PKT = 13107
IDX__CRCSCI0PKT = 35924
^*****Event header 3******^
EVTNUM: 3
SCI0TYPE: 1
TXHDRBLOCKS RAW: 243679
TXHDRBLOCKS DERIVED: 243679
-----
HS pre trig sampling blocks:  31
LS pre trig sampling blocks:  3
HS post trig sampling blocks:  31
LS post trig sampling blocks:  11
IDX__TXHDRHVPSHKCH01 = 131794263
Detector voltage =  1367
Sensor voltage =  2011
Target voltage =  1709
Reflectron voltage =  135
Rejection voltage =  2012
Current for HVPS sensor =  1948
Positive current for HVPS sensor =  2701
Negative current for HVPS sensor =  304
Voltage +3.3V reference =  2048
Voltage +3.3V operational reference =  2048
Voltage -6V bus =  3002
Voltage +6V bus =  2621
Voltage +16V bus =  3175
Voltage +3.3V bus =  2057
Voltage -5V bus =  3156
Voltage +5V bus =  3141
Current +3.3V bus =  1628
Current +16V bus =  1169
Current +6V bus =  1512
Current -6V bus =  1169
Current +5V bus =  1933
Current -5V bus =  3441
Current +2.5V bus =  458
Current -2.5V bus =  2933
Current on the 1V POL =  736
Current on the 1.9V POL =  1269
ProcBd Temperature 1 =  1756
ProcBd Temperature 2 =  2201
Voltage on 1V bus =  1243
FPGA Temperature =  2692
Voltage on 1.9V bus =  2330
Voltage on 3.3V bus =  2041
var_to_row = {'Last measurement in raw DN for Processor Board signal “1V POL Current”': 0, 'Last measurement in raw DN for Processor Board signal “1.9V POL Current”': 1, 'Last measurement in raw DN for Processor Board signal “ProcBd Temp1”': 2, nan: 48, 'Last measurement in raw DN for Processor Board signal “ProcBd Temp2”': 6, 'Last measurement in raw DN for Processor Board signal “1V Voltage”': 10, 'Last measurement in raw DN for Processor Board signal “FPGA Temp”': 11, 'Last measurement in raw DN for Processor Board signal “1.9V Voltage”': 12, 'Last measurement in raw DN for Processor Board signal “3.3V Voltage”': 13, 'Last measurement in raw DN for HVPS Board signal “Detector Voltage”': 14, 'Last measurement in raw DN for HVPS Board signal “Sensor Voltage"': 15, 'Last measurement in raw DN for HVPS Board signal “Target Voltage”': 16, 'Last measurement in raw DN for HVPS Board signal “Reflectron Voltage”': 17, 'Last measurement in raw DN for HVPS Board signal “Rejection Voltage”': 18, 'Last measurement in raw DN for HVPS Board signal “Detector Current”': 19, 'Last measurement in raw DN for HVPS Board signal “Sensor IP”': 20, 'Last measurement in raw DN for HVPS Board signal “Sensor IN”': 21, 'Last measurement in raw DN for LVPS Board signal “P3.3VREF_HK”': 22, 'Last measurement in raw DN for LVPS Board signal “P3.3VREF_OP”': 23, 'Last measurement in raw DN for LVPS Board signal “N6V”': 24, 'Last measurement in raw DN for LVPS Board signal “P6V”': 25, 'Last measurement in raw DN for LVPS Board signal “P16V”': 26, 'Last measurement in raw DN for LVPS Board signal “P3.3V”': 27, 'Last measurement in raw DN for LVPS Board signal “N5V”': 28, 'Last measurement in raw DN for LVPS Board signal “P5V”': 29, 'Last measurement in raw DN for LVPS Board signal “P3.3_IMON”': 30, 'Last measurement in raw DN for LVPS Board signal “P16V_IMON”': 31, 'Last measurement in raw DN for LVPS Board signal “P6V_IMON”': 32, 'Last measurement in raw DN for LVPS Board signal “N6V_IMON”': 33, 'Last measurement in raw DN for LVPS Board signal “P5V_IMON”': 34, 'Last measurement in raw DN for LVPS Board signal “N5V_IMON”': 35, 'Last measurement in raw DN for LVPS Board signal “P2.5V_IMON”': 36, 'Last measurement in raw DN for LVPS Board signal “N2.5V_IMON”': 37, 'Last measurement in raw DN for LVPS Board signal “THERM_DECON0”': 38, 'Last measurement in raw DN for LVPS Board signal “THERM_DECON1”': 39, 'Last measurement in raw DN for LVPS Board signal “THERM_DAB”': 40, 'Last measurement in raw DN for LVPS Board signal “THERM_LVPS”': 41, 'Last measurement in raw DN for LVPS Board signal “THERM_HVPS”': 45, 'Last measurement in raw DN for LVPS Board signal “P2.5V”': 49, 'Last measurement in raw DN for LVPS Board signal “N2.5V”': 50, 'Last measurement in raw DN for LVPS Board signal “Spare”': 51}

 
 ***** var_name being converted for each instrument setting ***** 
 

Matching row  18
coeffs for Last measurement in raw DN for Processor Board signal “1V POL Current”= [0.0 0.9029253 0.0 0.0 0.0 0.0 0.0 0.0]
var_name = Last measurement in raw DN for Processor Board signal “1V POL Current”
var_name = current_1V_pol
Header info = 736
Transformed value for current_1V_pol = 664.5530208
Matching row  18
coeffs for Last measurement in raw DN for Processor Board signal “1.9V POL Current”= [0.0 0.9029253 0.0 0.0 0.0 0.0 0.0 0.0]
var_name = Last measurement in raw DN for Processor Board signal “1.9V POL Current”
var_name = current_1.9V_pol
Header info = 1269
Transformed value for current_1.9V_pol = 1145.8122057
Matching row  18
coeffs for Last measurement in raw DN for Processor Board signal “ProcBd Temp1”= [162.8276 -0.2668687 0.0003323794 -2.43153e-07 9.034532e-11 -1.327735e-14
 0.0 0.0]
var_name = Last measurement in raw DN for Processor Board signal “ProcBd Temp1”
var_name = temperature_1
Header info = 1756
Transformed value for temperature_1 = 39.849132593279734
Matching row  18
coeffs for nan= [-104713.9 52.02446 -0.006463374 0.0 0.0 0.0 0.0 0.0]
var_name = nan
var_name = None
KeyError: (3, None) - Could not find entry for None, 48. Please check the Var_notes or variable mapping.
Matching row  18
coeffs for Last measurement in raw DN for Processor Board signal “ProcBd Temp2”= [162.8276 -0.2668687 0.0003323794 -2.43153e-07 9.034532e-11 -1.327735e-14
 0.0 0.0]
var_name = Last measurement in raw DN for Processor Board signal “ProcBd Temp2”
var_name = temperature_2
Header info = 2201
Transformed value for temperature_2 = 27.42497669331101
Matching row  18
coeffs for Last measurement in raw DN for Processor Board signal “1V Voltage”= [0.0 0.000805861 0.0 0.0 0.0 0.0 0.0 0.0]
var_name = Last measurement in raw DN for Processor Board signal “1V Voltage”
var_name = voltage_1V_bus
Header info = 1243
Transformed value for voltage_1V_bus = 1.001685223
Matching row  18
coeffs for Last measurement in raw DN for Processor Board signal “FPGA Temp”= [358.31 -0.1187104 0.0 0.0 0.0 0.0 0.0 0.0]
var_name = Last measurement in raw DN for Processor Board signal “FPGA Temp”
var_name = fpga_temperature
Header info = 2692
Transformed value for fpga_temperature = 38.74160320000004
Matching row  18
coeffs for Last measurement in raw DN for Processor Board signal “1.9V Voltage”= [0.0 0.000805861 0.0 0.0 0.0 0.0 0.0 0.0]
var_name = Last measurement in raw DN for Processor Board signal “1.9V Voltage”
var_name = voltage_1.9V_bus
Header info = 2330
Transformed value for voltage_1.9V_bus = 1.8776561299999999
Matching row  18
coeffs for Last measurement in raw DN for Processor Board signal “3.3V Voltage”= [0.0 0.001611722 0.0 0.0 0.0 0.0 0.0 0.0]
var_name = Last measurement in raw DN for Processor Board signal “3.3V Voltage”
var_name = voltage_3.3V_bus
Header info = 2041
Transformed value for voltage_3.3V_bus = 3.2895246019999997
Matching row  18
coeffs for Last measurement in raw DN for HVPS Board signal “Detector Voltage”= [0.0 1.4652 0.0 0.0 0.0 0.0 0.0 0.0]
var_name = Last measurement in raw DN for HVPS Board signal “Detector Voltage”
var_name = detector_voltage
Header info = 1367
Transformed value for detector_voltage = 2002.9284
Matching row  18
coeffs for Last measurement in raw DN for HVPS Board signal “Sensor Voltage"= [0.0 1.4652 0.0 0.0 0.0 0.0 0.0 0.0]
var_name = Last measurement in raw DN for HVPS Board signal “Sensor Voltage"
var_name = sensor_voltage
Header info = 2011
Transformed value for sensor_voltage = 2946.5172000000002
Matching row  18
coeffs for Last measurement in raw DN for HVPS Board signal “Target Voltage”= [0.0 1.4652 0.0 0.0 0.0 0.0 0.0 0.0]
var_name = Last measurement in raw DN for HVPS Board signal “Target Voltage”
var_name = target_voltage
Header info = 1709
Transformed value for target_voltage = 2504.0268
Matching row  18
coeffs for Last measurement in raw DN for HVPS Board signal “Reflectron Voltage”= [0.0 1.4652 0.0 0.0 0.0 0.0 0.0 0.0]
var_name = Last measurement in raw DN for HVPS Board signal “Reflectron Voltage”
var_name = reflectron_voltage
Header info = 135
Transformed value for reflectron_voltage = 197.80200000000002
Matching row  18
coeffs for Last measurement in raw DN for HVPS Board signal “Rejection Voltage”= [0.0 1.4652 0.0 0.0 0.0 0.0 0.0 0.0]
var_name = Last measurement in raw DN for HVPS Board signal “Rejection Voltage”
var_name = rejection_voltage
Header info = 2012
Transformed value for rejection_voltage = 2947.9824000000003
Matching row  18
coeffs for Last measurement in raw DN for HVPS Board signal “Detector Current”= [0.0 7.326e-06 0.0 0.0 0.0 0.0 0.0 0.0]
var_name = Last measurement in raw DN for HVPS Board signal “Detector Current”
var_name = current_hvps_sensor
Header info = 1948
Transformed value for current_hvps_sensor = 0.014271048
Matching row  18
coeffs for Last measurement in raw DN for HVPS Board signal “Sensor IP”= [0.0 2.4339e-05 0.0 0.0 0.0 0.0 0.0 0.0]
var_name = Last measurement in raw DN for HVPS Board signal “Sensor IP”
var_name = positive_current_hvps
Header info = 2701
Transformed value for positive_current_hvps = 0.065739639
Matching row  18
coeffs for Last measurement in raw DN for HVPS Board signal “Sensor IN”= [0.0 2.4339e-05 0.0 0.0 0.0 0.0 0.0 0.0]
var_name = Last measurement in raw DN for HVPS Board signal “Sensor IN”
var_name = negative_current_hvps
Header info = 304
Transformed value for negative_current_hvps = 0.007399055999999999
Matching row  18
coeffs for Last measurement in raw DN for LVPS Board signal “P3.3VREF_HK”= [0.0 0.00161172 0.0 0.0 0.0 0.0 0.0 0.0]
var_name = Last measurement in raw DN for LVPS Board signal “P3.3VREF_HK”
var_name = voltage_3V3_ref
Header info = 2048
Transformed value for voltage_3V3_ref = 3.30080256
Matching row  18
coeffs for Last measurement in raw DN for LVPS Board signal “P3.3VREF_OP”= [0.0 0.00161172 0.0 0.0 0.0 0.0 0.0 0.0]
var_name = Last measurement in raw DN for LVPS Board signal “P3.3VREF_OP”
var_name = voltage_3V3_op_ref
Header info = 2048
Transformed value for voltage_3V3_op_ref = 3.30080256
Matching row  18
coeffs for Last measurement in raw DN for LVPS Board signal “N6V”= [-33.0 0.00886447 0.0 0.0 0.0 0.0 0.0 0.0]
var_name = Last measurement in raw DN for LVPS Board signal “N6V”
var_name = voltage_neg6V_bus
Header info = 3002
Transformed value for voltage_neg6V_bus = -6.3888610600000035
Matching row  18
coeffs for Last measurement in raw DN for LVPS Board signal “P6V”= [0.0 0.00241758 0.0 0.0 0.0 0.0 0.0 0.0]
var_name = Last measurement in raw DN for LVPS Board signal “P6V”
var_name = voltage_pos6V_bus
Header info = 2621
Transformed value for voltage_pos6V_bus = 6.33647718
Matching row  18
coeffs for Last measurement in raw DN for LVPS Board signal “P16V”= [0.0 0.00482711 0.0 0.0 0.0 0.0 0.0 0.0]
var_name = Last measurement in raw DN for LVPS Board signal “P16V”
var_name = voltage_pos16V_bus
Header info = 3175
Transformed value for voltage_pos16V_bus = 15.32607425
Matching row  18
coeffs for Last measurement in raw DN for LVPS Board signal “P3.3V”= [0.0 0.00161172 0.0 0.0 0.0 0.0 0.0 0.0]
var_name = Last measurement in raw DN for LVPS Board signal “P3.3V”
var_name = voltage_pos3V3_bus
Header info = 2057
Transformed value for voltage_pos3V3_bus = 3.31530804
Matching row  18
coeffs for Last measurement in raw DN for LVPS Board signal “N5V”= [-33.0 0.00886447 0.0 0.0 0.0 0.0 0.0 0.0]
var_name = Last measurement in raw DN for LVPS Board signal “N5V”
var_name = voltage_neg5V_bus
Header info = 3156
Transformed value for voltage_neg5V_bus = -5.023732680000002
Matching row  18
coeffs for Last measurement in raw DN for LVPS Board signal “P5V”= [0.0 0.00161172 0.0 0.0 0.0 0.0 0.0 0.0]
var_name = Last measurement in raw DN for LVPS Board signal “P5V”
var_name = voltage_pos5V_bus
Header info = 3141
Transformed value for voltage_pos5V_bus = 5.0624125200000005
Matching row  18
coeffs for Last measurement in raw DN for LVPS Board signal “P3.3_IMON”= [0.0 0.00161172 0.0 0.0 0.0 0.0 0.0 0.0]
var_name = Last measurement in raw DN for LVPS Board signal “P3.3_IMON”
var_name = current_3V3_bus
Header info = 1628
Transformed value for current_3V3_bus = 2.62388016
Matching row  18
coeffs for Last measurement in raw DN for LVPS Board signal “P16V_IMON”= [0.0 0.000161172 0.0 0.0 0.0 0.0 0.0 0.0]
var_name = Last measurement in raw DN for LVPS Board signal “P16V_IMON”
var_name = current_16V_bus
Header info = 1169
Transformed value for current_16V_bus = 0.188410068
Matching row  18
coeffs for Last measurement in raw DN for LVPS Board signal “P6V_IMON”= [0.0 8.05861e-05 0.0 0.0 0.0 0.0 0.0 0.0]
var_name = Last measurement in raw DN for LVPS Board signal “P6V_IMON”
var_name = current_6V_bus
Header info = 1512
Transformed value for current_6V_bus = 0.1218461832
Matching row  18
coeffs for Last measurement in raw DN for LVPS Board signal “N6V_IMON”= [0.0 -8.05861e-05 0.0 0.0 0.0 0.0 0.0 0.0]
var_name = Last measurement in raw DN for LVPS Board signal “N6V_IMON”
var_name = current_neg6V_bus
Header info = 1169
Transformed value for current_neg6V_bus = -0.09420515089999999
Matching row  18
coeffs for Last measurement in raw DN for LVPS Board signal “P5V_IMON”= [0.0 4.029304e-05 0.0 0.0 0.0 0.0 0.0 0.0]
var_name = Last measurement in raw DN for LVPS Board signal “P5V_IMON”
var_name = current_5V_bus
Header info = 1933
Transformed value for current_5V_bus = 0.07788644632
Matching row  18
coeffs for Last measurement in raw DN for LVPS Board signal “N5V_IMON”= [0.0 -2.01465e-05 0.0 0.0 0.0 0.0 0.0 0.0]
var_name = Last measurement in raw DN for LVPS Board signal “N5V_IMON”
var_name = current_neg5V_bus
Header info = 3441
Transformed value for current_neg5V_bus = -0.06932410650000001
Matching row  18
coeffs for Last measurement in raw DN for LVPS Board signal “P2.5V_IMON”= [0.0 0.00161172 0.0 0.0 0.0 0.0 0.0 0.0]
var_name = Last measurement in raw DN for LVPS Board signal “P2.5V_IMON”
var_name = current_2V5_bus
Header info = 458
Transformed value for current_2V5_bus = 0.7381677600000001
Matching row  18
coeffs for Last measurement in raw DN for LVPS Board signal “N2.5V_IMON”= [0.0 -4.0293e-05 0.0 0.0 0.0 0.0 0.0 0.0]
var_name = Last measurement in raw DN for LVPS Board signal “N2.5V_IMON”
var_name = current_neg2V5_bus
Header info = 2933
Transformed value for current_neg2V5_bus = -0.118179369
Matching row  18
coeffs for Last measurement in raw DN for LVPS Board signal “THERM_DECON0”= [-110.293 0.0665351 0.000305738 -6.32048e-07 5.9934e-10 -2.98784e-13
 7.61361e-17 -7.76467e-21]
var_name = Last measurement in raw DN for LVPS Board signal “THERM_DECON0”
var_name = None
KeyError: (3, None) - Could not find entry for None, 38. Please check the Var_notes or variable mapping.
Matching row  18
coeffs for Last measurement in raw DN for LVPS Board signal “THERM_DECON1”= [-150.478 0.376986 -0.00062072 7.73853e-07 -5.81588e-10 2.56368e-13
 -6.05698e-17 5.96635e-21]
var_name = Last measurement in raw DN for LVPS Board signal “THERM_DECON1”
var_name = None
KeyError: (3, None) - Could not find entry for None, 39. Please check the Var_notes or variable mapping.
Matching row  18
coeffs for Last measurement in raw DN for LVPS Board signal “THERM_DAB”= [-443.248 1.31224 -0.00180422 1.40016e-06 -6.43766e-10 1.7448e-13
 -2.57695e-17 1.60239e-21]
var_name = Last measurement in raw DN for LVPS Board signal “THERM_DAB”
var_name = None
KeyError: (3, None) - Could not find entry for None, 40. Please check the Var_notes or variable mapping.
Matching row  18
coeffs for Last measurement in raw DN for LVPS Board signal “THERM_LVPS”= [200.4137 -0.2020699 0.000175403 -9.739547e-08 2.888932e-11 -3.545603e-15
 0.0 0.0]
var_name = Last measurement in raw DN for LVPS Board signal “THERM_LVPS”
var_name = None
KeyError: (3, None) - Could not find entry for None, 41. Please check the Var_notes or variable mapping.
Matching row  18
coeffs for Last measurement in raw DN for LVPS Board signal “THERM_HVPS”= [200.4137 -0.2020699 0.000175403 -9.739547e-08 2.888932e-11 -3.545603e-15
 0.0 0.0]
var_name = Last measurement in raw DN for LVPS Board signal “THERM_HVPS”
var_name = None
KeyError: (3, None) - Could not find entry for None, 45. Please check the Var_notes or variable mapping.
Matching row  18
coeffs for Last measurement in raw DN for LVPS Board signal “P2.5V”= [0.0 0.00161172 0.0 0.0 0.0 0.0 0.0 0.0]
var_name = Last measurement in raw DN for LVPS Board signal “P2.5V”
var_name = None
KeyError: (3, None) - Could not find entry for None, 49. Please check the Var_notes or variable mapping.
Matching row  18
coeffs for Last measurement in raw DN for LVPS Board signal “N2.5V”= [-33.0 0.00886447 0.0 0.0 0.0 0.0 0.0 0.0]
var_name = Last measurement in raw DN for LVPS Board signal “N2.5V”
var_name = None
KeyError: (3, None) - Could not find entry for None, 50. Please check the Var_notes or variable mapping.
Matching row  18
coeffs for Last measurement in raw DN for LVPS Board signal “Spare”= [0.0 0.00161172 0.0 0.0 0.0 0.0 0.0 0.0]
var_name = Last measurement in raw DN for LVPS Board signal “Spare”
var_name = spare_signal
KeyError: (3, 'spare_signal') - Could not find entry for spare_signal, 51. Please check the Var_notes or variable mapping.
High gain delay = 52 samples.
Mid gain delay = 23 samples.
Low gain delay = 23 samples.
High sampling trigger mode =  0 0 1
High gain trigger mode enabled.
For 2222981120, HG Trigger level = 0.15317, sample settings = 0, 0
Threshold trigger mode enabled for high gain channel.
AID = 2415008032
Event number = 2
Rice compression enabled = False
Timestamp = 429137796.4946 seconds since epoch (Midnight January 1st, 2010)
Trigger time = 2023-08-07T20:56:36.494600Z
3
3
3
3
3
3
3
3
3
3
3
3
3
{'SHCOARSE': ParsedDataItem(SHCOARSE, raw=429139198, derived=429139198, unit=dn), 'SHFINE': ParsedDataItem(SHFINE, raw=7021, derived=7021, unit=dn), 'IDX__SCI0AID': ParsedDataItem(IDX__SCI0AID, raw=2415008032, derived=2415008032, unit=None), 'IDX__SCI0TYPE': ParsedDataItem(IDX__SCI0TYPE, raw=1, derived=1, unit=None), 'IDX__SCI0CONT': ParsedDataItem(IDX__SCI0CONT, raw=127, derived=127, unit=None), 'IDX__SCI0SPARE1': ParsedDataItem(IDX__SCI0SPARE1, raw=0, derived=0, unit=None), 'IDX__SCI0PACK': ParsedDataItem(IDX__SCI0PACK, raw=1, derived=EN, unit=None), 'IDX__SCI0FRAG': ParsedDataItem(IDX__SCI0FRAG, raw=0, derived=DS, unit=None), 'IDX__SCI0COMP': ParsedDataItem(IDX__SCI0COMP, raw=0, derived=DS, unit=None), 'IDX__SCI0EVTNUM': ParsedDataItem(IDX__SCI0EVTNUM, raw=3, derived=3, unit=None), 'IDX__SCI0CAT': ParsedDataItem(IDX__SCI0CAT, raw=32, derived=32, unit=None), 'IDX__SCI0QUAL': ParsedDataItem(IDX__SCI0QUAL, raw=5, derived=5, unit=None), 'IDX__SCI0FRAGOFF': ParsedDataItem(IDX__SCI0FRAGOFF, raw=0, derived=0, unit=None), 'IDX__SCI0VER': ParsedDataItem(IDX__SCI0VER, raw=9, derived=9, unit=None), 'IDX__SCI0TIME32': ParsedDataItem(IDX__SCI0TIME32, raw=429137822, derived=429137822, unit=None), 'IDX__SCI0SPARE2': ParsedDataItem(IDX__SCI0SPARE2, raw=0, derived=0, unit=None), 'IDX__SCI0SPARE3': ParsedDataItem(IDX__SCI0SPARE3, raw=0, derived=0, unit=None), 'IDX__SCI0SPARE4': ParsedDataItem(IDX__SCI0SPARE4, raw=0, derived=0, unit=None), 'IDX__TXHDRSCIEVTLEN': ParsedDataItem(IDX__TXHDRSCIEVTLEN, raw=8320, derived=8320, unit=None), 'IDX__TXHDRSP00': ParsedDataItem(IDX__TXHDRSP00, raw=0, derived=0, unit=None), 'IDX__TXHDRTIMESEC1': ParsedDataItem(IDX__TXHDRTIMESEC1, raw=6548, derived=6548, unit=None), 'IDX__TXHDRTIMESEC2': ParsedDataItem(IDX__TXHDRTIMESEC2, raw=8094, derived=8094, unit=None), 'IDX__TXHDRTIMESUBS': ParsedDataItem(IDX__TXHDRTIMESUBS, raw=38158, derived=38158, unit=None), 'IDX__TXHDRSP01': ParsedDataItem(IDX__TXHDRSP01, raw=0, derived=0, unit=None), 'IDX__TXHDRTRIGOFFSET': ParsedDataItem(IDX__TXHDRTRIGOFFSET, raw=3, derived=3, unit=None), 'IDX__TXHDRSP02': ParsedDataItem(IDX__TXHDRSP02, raw=0, derived=0, unit=None), 'IDX__TXHDRTRIGID': ParsedDataItem(IDX__TXHDRTRIGID, raw=1, derived=1, unit=None), 'IDX__TXHDREVTNUM': ParsedDataItem(IDX__TXHDREVTNUM, raw=3, derived=3, unit=None), 'IDX__TXHDRBLOCKS': ParsedDataItem(IDX__TXHDRBLOCKS, raw=243679, derived=243679, unit=None), 'IDX__TXHDRHGTRIGCTRL1': ParsedDataItem(IDX__TXHDRHGTRIGCTRL1, raw=2222981120, derived=2222981120, unit=None), 'IDX__TXHDRHGTRIGCTRL2': ParsedDataItem(IDX__TXHDRHGTRIGCTRL2, raw=0, derived=0, unit=None), 'IDX__TXHDRLGTRIGCTRL1': ParsedDataItem(IDX__TXHDRLGTRIGCTRL1, raw=4294965248, derived=4294965248, unit=None), 'IDX__TXHDRLGTRIGCTRL2': ParsedDataItem(IDX__TXHDRLGTRIGCTRL2, raw=4278255360, derived=4278255360, unit=None), 'IDX__TXHDRMGTRIGCTRL1': ParsedDataItem(IDX__TXHDRMGTRIGCTRL1, raw=4294965248, derived=4294965248, unit=None), 'IDX__TXHDRMGTRIGCTRL2': ParsedDataItem(IDX__TXHDRMGTRIGCTRL2, raw=4278255360, derived=4278255360, unit=None), 'IDX__TXHDRSP03': ParsedDataItem(IDX__TXHDRSP03, raw=0, derived=0, unit=None), 'IDX__TXHDRLSADC': ParsedDataItem(IDX__TXHDRLSADC, raw=1048320, derived=1048320, unit=None), 'IDX__TXHDRPOLSTAT': ParsedDataItem(IDX__TXHDRPOLSTAT, raw=1, derived=NEG, unit=None), 'IDX__TXHDRSP04': ParsedDataItem(IDX__TXHDRSP04, raw=0, derived=0, unit=None), 'IDX__TXHDRPOLCTRL': ParsedDataItem(IDX__TXHDRPOLCTRL, raw=0, derived=POS, unit=None), 'IDX__TXHDRCOINENA': ParsedDataItem(IDX__TXHDRCOINENA, raw=0, derived=DIS, unit=None), 'IDX__TXHDRLSTRIGMODE': ParsedDataItem(IDX__TXHDRLSTRIGMODE, raw=0, derived=DIS, unit=None), 'IDX__TXHDRMGTRIGMODE': ParsedDataItem(IDX__TXHDRMGTRIGMODE, raw=0, derived=0, unit=None), 'IDX__TXHDRLGTRIGMODE': ParsedDataItem(IDX__TXHDRLGTRIGMODE, raw=0, derived=0, unit=None), 'IDX__TXHDRHGTRIGMODE': ParsedDataItem(IDX__TXHDRHGTRIGMODE, raw=1, derived=1, unit=None), 'IDX__TXHDRSP05': ParsedDataItem(IDX__TXHDRSP05, raw=0, derived=0, unit=None), 'IDX__TXHDRSP06': ParsedDataItem(IDX__TXHDRSP06, raw=0, derived=0, unit=None), 'IDX__TXHDRSP07': ParsedDataItem(IDX__TXHDRSP07, raw=2019, derived=2019, unit=None), 'IDX__TXHDRSP08': ParsedDataItem(IDX__TXHDRSP08, raw=0, derived=0, unit=None), 'IDX__TXHDRTOFMAX': ParsedDataItem(IDX__TXHDRTOFMAX, raw=541596237, derived=541596237, unit=None), 'IDX__TXHDRTOFMIN': ParsedDataItem(IDX__TXHDRTOFMIN, raw=535295475, derived=535295475, unit=None), 'IDX__TXHDRLS0MAXMIN': ParsedDataItem(IDX__TXHDRLS0MAXMIN, raw=8534014, derived=8534014, unit=None), 'IDX__TXHDRLS1MAXMIN': ParsedDataItem(IDX__TXHDRLS1MAXMIN, raw=14058875, derived=14058875, unit=None), 'IDX__TXHDRLS2MAXMIN': ParsedDataItem(IDX__TXHDRLS2MAXMIN, raw=8402911, derived=8402911, unit=None), 'IDX__TXHDRFIFODELAY': ParsedDataItem(IDX__TXHDRFIFODELAY, raw=18, derived=18, unit=None), 'IDX__TXHDRSAMPDELAY': ParsedDataItem(IDX__TXHDRSAMPDELAY, raw=24140859, derived=24140859, unit=None), 'IDX__TXHDRTRANSCNT': ParsedDataItem(IDX__TXHDRTRANSCNT, raw=2, derived=2, unit=None), 'IDX__TXHDRPROCHKCH01': ParsedDataItem(IDX__TXHDRPROCHKCH01, raw=83165922, derived=83165922, unit=None), 'IDX__TXHDRPROCHKCH23': ParsedDataItem(IDX__TXHDRPROCHKCH23, raw=143656659, derived=143656659, unit=None), 'IDX__TXHDRPROCHKCH45': ParsedDataItem(IDX__TXHDRPROCHKCH45, raw=176358619, derived=176358619, unit=None), 'IDX__TXHDRPROCHKCH67': ParsedDataItem(IDX__TXHDRPROCHKCH67, raw=133761307, derived=133761307, unit=None), 'IDX__TXHDRHVPSHKCH01': ParsedDataItem(IDX__TXHDRHVPSHKCH01, raw=131794262, derived=131794262, unit=None), 'IDX__TXHDRHVPSHKCH23': ParsedDataItem(IDX__TXHDRHVPSHKCH23, raw=8849069, derived=8849069, unit=None), 'IDX__TXHDRHVPSHKCH45': ParsedDataItem(IDX__TXHDRHVPSHKCH45, raw=127731675, derived=127731675, unit=None), 'IDX__TXHDRHVPSHKCH67': ParsedDataItem(IDX__TXHDRHVPSHKCH67, raw=19925645, derived=19925645, unit=None), 'IDX__TXHDRLVHK0CH01': ParsedDataItem(IDX__TXHDRLVHK0CH01, raw=134285312, derived=134285312, unit=None), 'IDX__TXHDRLVHK0CH23': ParsedDataItem(IDX__TXHDRLVHK0CH23, raw=171772858, derived=171772858, unit=None), 'IDX__TXHDRLVHK0CH45': ParsedDataItem(IDX__TXHDRLVHK0CH45, raw=134810727, derived=134810727, unit=None), 'IDX__TXHDRLVHK0CH67': ParsedDataItem(IDX__TXHDRLVHK0CH67, raw=205851732, derived=205851732, unit=None), 'IDX__TXHDRLVHK1CH01': ParsedDataItem(IDX__TXHDRLVHK1CH01, raw=33228381, derived=33228381, unit=None), 'IDX__TXHDRLVHK1CH23': ParsedDataItem(IDX__TXHDRLVHK1CH23, raw=76678633, derived=76678633, unit=None), 'IDX__TXHDRLVHK1CH45': ParsedDataItem(IDX__TXHDRLVHK1CH45, raw=225773455, derived=225773455, unit=None), 'IDX__TXHDRLVHK1CH67': ParsedDataItem(IDX__TXHDRLVHK1CH67, raw=192217546, derived=192217546, unit=None), 'IDX__TXHDRLVHK2CH01': ParsedDataItem(IDX__TXHDRLVHK2CH01, raw=80807126, derived=80807126, unit=None), 'IDX__TXHDRLVHK2CH23': ParsedDataItem(IDX__TXHDRLVHK2CH23, raw=212404797, derived=212404797, unit=None), 'IDX__TXHDRLVHK2CH45': ParsedDataItem(IDX__TXHDRLVHK2CH45, raw=101059930, derived=101059930, unit=None), 'IDX__TXHDRLVHK2CH67': ParsedDataItem(IDX__TXHDRLVHK2CH67, raw=69017, derived=69017, unit=None), 'IDX__TXHDRSP09': ParsedDataItem(IDX__TXHDRSP09, raw=0, derived=0, unit=None), 'IDX__TXHDRSP10': ParsedDataItem(IDX__TXHDRSP10, raw=0, derived=0, unit=None), 'IDX__TXHDRFSWAIDCOPY': ParsedDataItem(IDX__TXHDRFSWAIDCOPY, raw=2415008032, derived=2415008032, unit=None), 'IDX__TXHDRFSWBINCOPY': ParsedDataItem(IDX__TXHDRFSWBINCOPY, raw=0, derived=0, unit=None), 'IDX__TXHDRFSWMAJOR': ParsedDataItem(IDX__TXHDRFSWMAJOR, raw=2, derived=2, unit=None), 'IDX__TXHDRFSWMINOR': ParsedDataItem(IDX__TXHDRFSWMINOR, raw=0, derived=0, unit=None), 'IDX__TXHDRFSWPATCH': ParsedDataItem(IDX__TXHDRFSWPATCH, raw=0, derived=0, unit=None), 'IDX__TXHDRFSWHVSTAT': ParsedDataItem(IDX__TXHDRFSWHVSTAT, raw=3, derived=3, unit=None), 'IDX__TXHDRFSWMEM0': ParsedDataItem(IDX__TXHDRFSWMEM0, raw=0, derived=0, unit=None), 'IDX__TXHDRFSWMEM1': ParsedDataItem(IDX__TXHDRFSWMEM1, raw=0, derived=0, unit=None), 'IDX__TXHDRFSWPT0': ParsedDataItem(IDX__TXHDRFSWPT0, raw=0, derived=0, unit=None), 'IDX__TXHDRFSWPT1': ParsedDataItem(IDX__TXHDRFSWPT1, raw=0, derived=0, unit=None), 'IDX__TXHDRFSWPT2': ParsedDataItem(IDX__TXHDRFSWPT2, raw=0, derived=0, unit=None), 'IDX__TXHDRFSWPT3': ParsedDataItem(IDX__TXHDRFSWPT3, raw=0, derived=0, unit=None), 'IDX__TXHDRFSWPT4': ParsedDataItem(IDX__TXHDRFSWPT4, raw=0, derived=0, unit=None), 'IDX__TXHDRFSWPT5': ParsedDataItem(IDX__TXHDRFSWPT5, raw=0, derived=0, unit=None), 'IDX__TXHDRFSWPT6': ParsedDataItem(IDX__TXHDRFSWPT6, raw=0, derived=0, unit=None), 'IDX__TXHDRFSWPT7': ParsedDataItem(IDX__TXHDRFSWPT7, raw=0, derived=0, unit=None), 'IDX__TXHDRFSWPT8': ParsedDataItem(IDX__TXHDRFSWPT8, raw=0, derived=0, unit=None), 'IDX__TXHDRFSWPT9': ParsedDataItem(IDX__TXHDRFSWPT9, raw=0, derived=0, unit=None), 'IDX__TXHDRFPGAVER': ParsedDataItem(IDX__TXHDRFPGAVER, raw=539165480, derived=539165480, unit=None), 'IDX__SYNCSCI0PKT': ParsedDataItem(IDX__SYNCSCI0PKT, raw=13107, derived=13107, unit=None), 'IDX__CRCSCI0PKT': ParsedDataItem(IDX__CRCSCI0PKT, raw=182, derived=182, unit=None)}
SHCOARSE = 429139198
SHFINE = 7021
IDX__SCI0AID = 2415008032
IDX__SCI0TYPE = 1
IDX__SCI0CONT = 127
IDX__SCI0SPARE1 = 0
IDX__SCI0PACK = EN
IDX__SCI0FRAG = DS
IDX__SCI0COMP = DS
IDX__SCI0EVTNUM = 3
IDX__SCI0CAT = 32
IDX__SCI0QUAL = 5
IDX__SCI0FRAGOFF = 0
IDX__SCI0VER = 9
IDX__SCI0TIME32 = 429137822
IDX__SCI0SPARE2 = 0
IDX__SCI0SPARE3 = 0
IDX__SCI0SPARE4 = 0
IDX__TXHDRSCIEVTLEN = 8320
IDX__TXHDRSP00 = 0
IDX__TXHDRTIMESEC1 = 6548
IDX__TXHDRTIMESEC2 = 8094
IDX__TXHDRTIMESUBS = 38158
IDX__TXHDRSP01 = 0
IDX__TXHDRTRIGOFFSET = 3
IDX__TXHDRSP02 = 0
IDX__TXHDRTRIGID = 1
IDX__TXHDREVTNUM = 3
IDX__TXHDRBLOCKS = 243679
IDX__TXHDRHGTRIGCTRL1 = 2222981120
IDX__TXHDRHGTRIGCTRL2 = 0
IDX__TXHDRLGTRIGCTRL1 = 4294965248
IDX__TXHDRLGTRIGCTRL2 = 4278255360
IDX__TXHDRMGTRIGCTRL1 = 4294965248
IDX__TXHDRMGTRIGCTRL2 = 4278255360
IDX__TXHDRSP03 = 0
IDX__TXHDRLSADC = 1048320
IDX__TXHDRPOLSTAT = NEG
IDX__TXHDRSP04 = 0
IDX__TXHDRPOLCTRL = POS
IDX__TXHDRCOINENA = DIS
IDX__TXHDRLSTRIGMODE = DIS
IDX__TXHDRMGTRIGMODE = 0
IDX__TXHDRLGTRIGMODE = 0
IDX__TXHDRHGTRIGMODE = 1
IDX__TXHDRSP05 = 0
IDX__TXHDRSP06 = 0
IDX__TXHDRSP07 = 2019
IDX__TXHDRSP08 = 0
IDX__TXHDRTOFMAX = 541596237
IDX__TXHDRTOFMIN = 535295475
IDX__TXHDRLS0MAXMIN = 8534014
IDX__TXHDRLS1MAXMIN = 14058875
IDX__TXHDRLS2MAXMIN = 8402911
IDX__TXHDRFIFODELAY = 18
IDX__TXHDRSAMPDELAY = 24140859
IDX__TXHDRTRANSCNT = 2
IDX__TXHDRPROCHKCH01 = 83165922
IDX__TXHDRPROCHKCH23 = 143656659
IDX__TXHDRPROCHKCH45 = 176358619
IDX__TXHDRPROCHKCH67 = 133761307
IDX__TXHDRHVPSHKCH01 = 131794262
IDX__TXHDRHVPSHKCH23 = 8849069
IDX__TXHDRHVPSHKCH45 = 127731675
IDX__TXHDRHVPSHKCH67 = 19925645
IDX__TXHDRLVHK0CH01 = 134285312
IDX__TXHDRLVHK0CH23 = 171772858
IDX__TXHDRLVHK0CH45 = 134810727
IDX__TXHDRLVHK0CH67 = 205851732
IDX__TXHDRLVHK1CH01 = 33228381
IDX__TXHDRLVHK1CH23 = 76678633
IDX__TXHDRLVHK1CH45 = 225773455
IDX__TXHDRLVHK1CH67 = 192217546
IDX__TXHDRLVHK2CH01 = 80807126
IDX__TXHDRLVHK2CH23 = 212404797
IDX__TXHDRLVHK2CH45 = 101059930
IDX__TXHDRLVHK2CH67 = 69017
IDX__TXHDRSP09 = 0
IDX__TXHDRSP10 = 0
IDX__TXHDRFSWAIDCOPY = 2415008032
IDX__TXHDRFSWBINCOPY = 0
IDX__TXHDRFSWMAJOR = 2
IDX__TXHDRFSWMINOR = 0
IDX__TXHDRFSWPATCH = 0
IDX__TXHDRFSWHVSTAT = 3
IDX__TXHDRFSWMEM0 = 0
IDX__TXHDRFSWMEM1 = 0
IDX__TXHDRFSWPT0 = 0
IDX__TXHDRFSWPT1 = 0
IDX__TXHDRFSWPT2 = 0
IDX__TXHDRFSWPT3 = 0
IDX__TXHDRFSWPT4 = 0
IDX__TXHDRFSWPT5 = 0
IDX__TXHDRFSWPT6 = 0
IDX__TXHDRFSWPT7 = 0
IDX__TXHDRFSWPT8 = 0
IDX__TXHDRFSWPT9 = 0
IDX__TXHDRFPGAVER = 539165480
IDX__SYNCSCI0PKT = 13107
IDX__CRCSCI0PKT = 182
^*****Event header 4******^
EVTNUM: 4
SCI0TYPE: 1
TXHDRBLOCKS RAW: 243679
TXHDRBLOCKS DERIVED: 243679
-----
HS pre trig sampling blocks:  31
LS pre trig sampling blocks:  3
HS post trig sampling blocks:  31
LS post trig sampling blocks:  11
IDX__TXHDRHVPSHKCH01 = 131794262
Detector voltage =  1366
Sensor voltage =  2011
Target voltage =  1709
Reflectron voltage =  135
Rejection voltage =  2011
Current for HVPS sensor =  1949
Positive current for HVPS sensor =  2701
Negative current for HVPS sensor =  304
Voltage +3.3V reference =  2048
Voltage +3.3V operational reference =  2049
Voltage -6V bus =  3002
Voltage +6V bus =  2621
Voltage +16V bus =  3175
Voltage +3.3V bus =  2057
Voltage -5V bus =  3156
Voltage +5V bus =  3141
Current +3.3V bus =  1629
Current +16V bus =  1170
Current +6V bus =  1513
Current -6V bus =  1170
Current +5V bus =  1935
Current -5V bus =  3445
Current +2.5V bus =  458
Current -2.5V bus =  2933
Current on the 1V POL =  738
Current on the 1.9V POL =  1269
ProcBd Temperature 1 =  1747
ProcBd Temperature 2 =  2192
Voltage on 1V bus =  1243
FPGA Temperature =  2691
Voltage on 1.9V bus =  2331
Voltage on 3.3V bus =  2041
var_to_row = {'Last measurement in raw DN for Processor Board signal “1V POL Current”': 0, 'Last measurement in raw DN for Processor Board signal “1.9V POL Current”': 1, 'Last measurement in raw DN for Processor Board signal “ProcBd Temp1”': 2, nan: 48, 'Last measurement in raw DN for Processor Board signal “ProcBd Temp2”': 6, 'Last measurement in raw DN for Processor Board signal “1V Voltage”': 10, 'Last measurement in raw DN for Processor Board signal “FPGA Temp”': 11, 'Last measurement in raw DN for Processor Board signal “1.9V Voltage”': 12, 'Last measurement in raw DN for Processor Board signal “3.3V Voltage”': 13, 'Last measurement in raw DN for HVPS Board signal “Detector Voltage”': 14, 'Last measurement in raw DN for HVPS Board signal “Sensor Voltage"': 15, 'Last measurement in raw DN for HVPS Board signal “Target Voltage”': 16, 'Last measurement in raw DN for HVPS Board signal “Reflectron Voltage”': 17, 'Last measurement in raw DN for HVPS Board signal “Rejection Voltage”': 18, 'Last measurement in raw DN for HVPS Board signal “Detector Current”': 19, 'Last measurement in raw DN for HVPS Board signal “Sensor IP”': 20, 'Last measurement in raw DN for HVPS Board signal “Sensor IN”': 21, 'Last measurement in raw DN for LVPS Board signal “P3.3VREF_HK”': 22, 'Last measurement in raw DN for LVPS Board signal “P3.3VREF_OP”': 23, 'Last measurement in raw DN for LVPS Board signal “N6V”': 24, 'Last measurement in raw DN for LVPS Board signal “P6V”': 25, 'Last measurement in raw DN for LVPS Board signal “P16V”': 26, 'Last measurement in raw DN for LVPS Board signal “P3.3V”': 27, 'Last measurement in raw DN for LVPS Board signal “N5V”': 28, 'Last measurement in raw DN for LVPS Board signal “P5V”': 29, 'Last measurement in raw DN for LVPS Board signal “P3.3_IMON”': 30, 'Last measurement in raw DN for LVPS Board signal “P16V_IMON”': 31, 'Last measurement in raw DN for LVPS Board signal “P6V_IMON”': 32, 'Last measurement in raw DN for LVPS Board signal “N6V_IMON”': 33, 'Last measurement in raw DN for LVPS Board signal “P5V_IMON”': 34, 'Last measurement in raw DN for LVPS Board signal “N5V_IMON”': 35, 'Last measurement in raw DN for LVPS Board signal “P2.5V_IMON”': 36, 'Last measurement in raw DN for LVPS Board signal “N2.5V_IMON”': 37, 'Last measurement in raw DN for LVPS Board signal “THERM_DECON0”': 38, 'Last measurement in raw DN for LVPS Board signal “THERM_DECON1”': 39, 'Last measurement in raw DN for LVPS Board signal “THERM_DAB”': 40, 'Last measurement in raw DN for LVPS Board signal “THERM_LVPS”': 41, 'Last measurement in raw DN for LVPS Board signal “THERM_HVPS”': 45, 'Last measurement in raw DN for LVPS Board signal “P2.5V”': 49, 'Last measurement in raw DN for LVPS Board signal “N2.5V”': 50, 'Last measurement in raw DN for LVPS Board signal “Spare”': 51}

 
 ***** var_name being converted for each instrument setting ***** 
 

Matching row  18
coeffs for Last measurement in raw DN for Processor Board signal “1V POL Current”= [0.0 0.9029253 0.0 0.0 0.0 0.0 0.0 0.0]
var_name = Last measurement in raw DN for Processor Board signal “1V POL Current”
var_name = current_1V_pol
Header info = 738
Transformed value for current_1V_pol = 666.3588714
Matching row  18
coeffs for Last measurement in raw DN for Processor Board signal “1.9V POL Current”= [0.0 0.9029253 0.0 0.0 0.0 0.0 0.0 0.0]
var_name = Last measurement in raw DN for Processor Board signal “1.9V POL Current”
var_name = current_1.9V_pol
Header info = 1269
Transformed value for current_1.9V_pol = 1145.8122057
Matching row  18
coeffs for Last measurement in raw DN for Processor Board signal “ProcBd Temp1”= [162.8276 -0.2668687 0.0003323794 -2.43153e-07 9.034532e-11 -1.327735e-14
 0.0 0.0]
var_name = Last measurement in raw DN for Processor Board signal “ProcBd Temp1”
var_name = temperature_1
Header info = 1747
Transformed value for temperature_1 = 40.059316354802235
Matching row  18
coeffs for nan= [-104713.9 52.02446 -0.006463374 0.0 0.0 0.0 0.0 0.0]
var_name = nan
var_name = None
KeyError: (4, None) - Could not find entry for None, 48. Please check the Var_notes or variable mapping.
Matching row  18
coeffs for Last measurement in raw DN for Processor Board signal “ProcBd Temp2”= [162.8276 -0.2668687 0.0003323794 -2.43153e-07 9.034532e-11 -1.327735e-14
 0.0 0.0]
var_name = Last measurement in raw DN for Processor Board signal “ProcBd Temp2”
var_name = temperature_2
Header info = 2192
Transformed value for temperature_2 = 27.80036315071004
Matching row  18
coeffs for Last measurement in raw DN for Processor Board signal “1V Voltage”= [0.0 0.000805861 0.0 0.0 0.0 0.0 0.0 0.0]
var_name = Last measurement in raw DN for Processor Board signal “1V Voltage”
var_name = voltage_1V_bus
Header info = 1243
Transformed value for voltage_1V_bus = 1.001685223
Matching row  18
coeffs for Last measurement in raw DN for Processor Board signal “FPGA Temp”= [358.31 -0.1187104 0.0 0.0 0.0 0.0 0.0 0.0]
var_name = Last measurement in raw DN for Processor Board signal “FPGA Temp”
var_name = fpga_temperature
Header info = 2691
Transformed value for fpga_temperature = 38.86031360000004
Matching row  18
coeffs for Last measurement in raw DN for Processor Board signal “1.9V Voltage”= [0.0 0.000805861 0.0 0.0 0.0 0.0 0.0 0.0]
var_name = Last measurement in raw DN for Processor Board signal “1.9V Voltage”
var_name = voltage_1.9V_bus
Header info = 2331
Transformed value for voltage_1.9V_bus = 1.8784619909999998
Matching row  18
coeffs for Last measurement in raw DN for Processor Board signal “3.3V Voltage”= [0.0 0.001611722 0.0 0.0 0.0 0.0 0.0 0.0]
var_name = Last measurement in raw DN for Processor Board signal “3.3V Voltage”
var_name = voltage_3.3V_bus
Header info = 2041
Transformed value for voltage_3.3V_bus = 3.2895246019999997
Matching row  18
coeffs for Last measurement in raw DN for HVPS Board signal “Detector Voltage”= [0.0 1.4652 0.0 0.0 0.0 0.0 0.0 0.0]
var_name = Last measurement in raw DN for HVPS Board signal “Detector Voltage”
var_name = detector_voltage
Header info = 1366
Transformed value for detector_voltage = 2001.4632000000001
Matching row  18
coeffs for Last measurement in raw DN for HVPS Board signal “Sensor Voltage"= [0.0 1.4652 0.0 0.0 0.0 0.0 0.0 0.0]
var_name = Last measurement in raw DN for HVPS Board signal “Sensor Voltage"
var_name = sensor_voltage
Header info = 2011
Transformed value for sensor_voltage = 2946.5172000000002
Matching row  18
coeffs for Last measurement in raw DN for HVPS Board signal “Target Voltage”= [0.0 1.4652 0.0 0.0 0.0 0.0 0.0 0.0]
var_name = Last measurement in raw DN for HVPS Board signal “Target Voltage”
var_name = target_voltage
Header info = 1709
Transformed value for target_voltage = 2504.0268
Matching row  18
coeffs for Last measurement in raw DN for HVPS Board signal “Reflectron Voltage”= [0.0 1.4652 0.0 0.0 0.0 0.0 0.0 0.0]
var_name = Last measurement in raw DN for HVPS Board signal “Reflectron Voltage”
var_name = reflectron_voltage
Header info = 135
Transformed value for reflectron_voltage = 197.80200000000002
Matching row  18
coeffs for Last measurement in raw DN for HVPS Board signal “Rejection Voltage”= [0.0 1.4652 0.0 0.0 0.0 0.0 0.0 0.0]
var_name = Last measurement in raw DN for HVPS Board signal “Rejection Voltage”
var_name = rejection_voltage
Header info = 2011
Transformed value for rejection_voltage = 2946.5172000000002
Matching row  18
coeffs for Last measurement in raw DN for HVPS Board signal “Detector Current”= [0.0 7.326e-06 0.0 0.0 0.0 0.0 0.0 0.0]
var_name = Last measurement in raw DN for HVPS Board signal “Detector Current”
var_name = current_hvps_sensor
Header info = 1949
Transformed value for current_hvps_sensor = 0.014278374
Matching row  18
coeffs for Last measurement in raw DN for HVPS Board signal “Sensor IP”= [0.0 2.4339e-05 0.0 0.0 0.0 0.0 0.0 0.0]
var_name = Last measurement in raw DN for HVPS Board signal “Sensor IP”
var_name = positive_current_hvps
Header info = 2701
Transformed value for positive_current_hvps = 0.065739639
Matching row  18
coeffs for Last measurement in raw DN for HVPS Board signal “Sensor IN”= [0.0 2.4339e-05 0.0 0.0 0.0 0.0 0.0 0.0]
var_name = Last measurement in raw DN for HVPS Board signal “Sensor IN”
var_name = negative_current_hvps
Header info = 304
Transformed value for negative_current_hvps = 0.007399055999999999
Matching row  18
coeffs for Last measurement in raw DN for LVPS Board signal “P3.3VREF_HK”= [0.0 0.00161172 0.0 0.0 0.0 0.0 0.0 0.0]
var_name = Last measurement in raw DN for LVPS Board signal “P3.3VREF_HK”
var_name = voltage_3V3_ref
Header info = 2048
Transformed value for voltage_3V3_ref = 3.30080256
Matching row  18
coeffs for Last measurement in raw DN for LVPS Board signal “P3.3VREF_OP”= [0.0 0.00161172 0.0 0.0 0.0 0.0 0.0 0.0]
var_name = Last measurement in raw DN for LVPS Board signal “P3.3VREF_OP”
var_name = voltage_3V3_op_ref
Header info = 2049
Transformed value for voltage_3V3_op_ref = 3.3024142800000003
Matching row  18
coeffs for Last measurement in raw DN for LVPS Board signal “N6V”= [-33.0 0.00886447 0.0 0.0 0.0 0.0 0.0 0.0]
var_name = Last measurement in raw DN for LVPS Board signal “N6V”
var_name = voltage_neg6V_bus
Header info = 3002
Transformed value for voltage_neg6V_bus = -6.3888610600000035
Matching row  18
coeffs for Last measurement in raw DN for LVPS Board signal “P6V”= [0.0 0.00241758 0.0 0.0 0.0 0.0 0.0 0.0]
var_name = Last measurement in raw DN for LVPS Board signal “P6V”
var_name = voltage_pos6V_bus
Header info = 2621
Transformed value for voltage_pos6V_bus = 6.33647718
Matching row  18
coeffs for Last measurement in raw DN for LVPS Board signal “P16V”= [0.0 0.00482711 0.0 0.0 0.0 0.0 0.0 0.0]
var_name = Last measurement in raw DN for LVPS Board signal “P16V”
var_name = voltage_pos16V_bus
Header info = 3175
Transformed value for voltage_pos16V_bus = 15.32607425
Matching row  18
coeffs for Last measurement in raw DN for LVPS Board signal “P3.3V”= [0.0 0.00161172 0.0 0.0 0.0 0.0 0.0 0.0]
var_name = Last measurement in raw DN for LVPS Board signal “P3.3V”
var_name = voltage_pos3V3_bus
Header info = 2057
Transformed value for voltage_pos3V3_bus = 3.31530804
Matching row  18
coeffs for Last measurement in raw DN for LVPS Board signal “N5V”= [-33.0 0.00886447 0.0 0.0 0.0 0.0 0.0 0.0]
var_name = Last measurement in raw DN for LVPS Board signal “N5V”
var_name = voltage_neg5V_bus
Header info = 3156
Transformed value for voltage_neg5V_bus = -5.023732680000002
Matching row  18
coeffs for Last measurement in raw DN for LVPS Board signal “P5V”= [0.0 0.00161172 0.0 0.0 0.0 0.0 0.0 0.0]
var_name = Last measurement in raw DN for LVPS Board signal “P5V”
var_name = voltage_pos5V_bus
Header info = 3141
Transformed value for voltage_pos5V_bus = 5.0624125200000005
Matching row  18
coeffs for Last measurement in raw DN for LVPS Board signal “P3.3_IMON”= [0.0 0.00161172 0.0 0.0 0.0 0.0 0.0 0.0]
var_name = Last measurement in raw DN for LVPS Board signal “P3.3_IMON”
var_name = current_3V3_bus
Header info = 1629
Transformed value for current_3V3_bus = 2.6254918800000002
Matching row  18
coeffs for Last measurement in raw DN for LVPS Board signal “P16V_IMON”= [0.0 0.000161172 0.0 0.0 0.0 0.0 0.0 0.0]
var_name = Last measurement in raw DN for LVPS Board signal “P16V_IMON”
var_name = current_16V_bus
Header info = 1170
Transformed value for current_16V_bus = 0.18857124
Matching row  18
coeffs for Last measurement in raw DN for LVPS Board signal “P6V_IMON”= [0.0 8.05861e-05 0.0 0.0 0.0 0.0 0.0 0.0]
var_name = Last measurement in raw DN for LVPS Board signal “P6V_IMON”
var_name = current_6V_bus
Header info = 1513
Transformed value for current_6V_bus = 0.1219267693
Matching row  18
coeffs for Last measurement in raw DN for LVPS Board signal “N6V_IMON”= [0.0 -8.05861e-05 0.0 0.0 0.0 0.0 0.0 0.0]
var_name = Last measurement in raw DN for LVPS Board signal “N6V_IMON”
var_name = current_neg6V_bus
Header info = 1170
Transformed value for current_neg6V_bus = -0.094285737
Matching row  18
coeffs for Last measurement in raw DN for LVPS Board signal “P5V_IMON”= [0.0 4.029304e-05 0.0 0.0 0.0 0.0 0.0 0.0]
var_name = Last measurement in raw DN for LVPS Board signal “P5V_IMON”
var_name = current_5V_bus
Header info = 1935
Transformed value for current_5V_bus = 0.0779670324
Matching row  18
coeffs for Last measurement in raw DN for LVPS Board signal “N5V_IMON”= [0.0 -2.01465e-05 0.0 0.0 0.0 0.0 0.0 0.0]
var_name = Last measurement in raw DN for LVPS Board signal “N5V_IMON”
var_name = current_neg5V_bus
Header info = 3445
Transformed value for current_neg5V_bus = -0.0694046925
Matching row  18
coeffs for Last measurement in raw DN for LVPS Board signal “P2.5V_IMON”= [0.0 0.00161172 0.0 0.0 0.0 0.0 0.0 0.0]
var_name = Last measurement in raw DN for LVPS Board signal “P2.5V_IMON”
var_name = current_2V5_bus
Header info = 458
Transformed value for current_2V5_bus = 0.7381677600000001
Matching row  18
coeffs for Last measurement in raw DN for LVPS Board signal “N2.5V_IMON”= [0.0 -4.0293e-05 0.0 0.0 0.0 0.0 0.0 0.0]
var_name = Last measurement in raw DN for LVPS Board signal “N2.5V_IMON”
var_name = current_neg2V5_bus
Header info = 2933
Transformed value for current_neg2V5_bus = -0.118179369
Matching row  18
coeffs for Last measurement in raw DN for LVPS Board signal “THERM_DECON0”= [-110.293 0.0665351 0.000305738 -6.32048e-07 5.9934e-10 -2.98784e-13
 7.61361e-17 -7.76467e-21]
var_name = Last measurement in raw DN for LVPS Board signal “THERM_DECON0”
var_name = None
KeyError: (4, None) - Could not find entry for None, 38. Please check the Var_notes or variable mapping.
Matching row  18
coeffs for Last measurement in raw DN for LVPS Board signal “THERM_DECON1”= [-150.478 0.376986 -0.00062072 7.73853e-07 -5.81588e-10 2.56368e-13
 -6.05698e-17 5.96635e-21]
var_name = Last measurement in raw DN for LVPS Board signal “THERM_DECON1”
var_name = None
KeyError: (4, None) - Could not find entry for None, 39. Please check the Var_notes or variable mapping.
Matching row  18
coeffs for Last measurement in raw DN for LVPS Board signal “THERM_DAB”= [-443.248 1.31224 -0.00180422 1.40016e-06 -6.43766e-10 1.7448e-13
 -2.57695e-17 1.60239e-21]
var_name = Last measurement in raw DN for LVPS Board signal “THERM_DAB”
var_name = None
KeyError: (4, None) - Could not find entry for None, 40. Please check the Var_notes or variable mapping.
Matching row  18
coeffs for Last measurement in raw DN for LVPS Board signal “THERM_LVPS”= [200.4137 -0.2020699 0.000175403 -9.739547e-08 2.888932e-11 -3.545603e-15
 0.0 0.0]
var_name = Last measurement in raw DN for LVPS Board signal “THERM_LVPS”
var_name = None
KeyError: (4, None) - Could not find entry for None, 41. Please check the Var_notes or variable mapping.
Matching row  18
coeffs for Last measurement in raw DN for LVPS Board signal “THERM_HVPS”= [200.4137 -0.2020699 0.000175403 -9.739547e-08 2.888932e-11 -3.545603e-15
 0.0 0.0]
var_name = Last measurement in raw DN for LVPS Board signal “THERM_HVPS”
var_name = None
KeyError: (4, None) - Could not find entry for None, 45. Please check the Var_notes or variable mapping.
Matching row  18
coeffs for Last measurement in raw DN for LVPS Board signal “P2.5V”= [0.0 0.00161172 0.0 0.0 0.0 0.0 0.0 0.0]
var_name = Last measurement in raw DN for LVPS Board signal “P2.5V”
var_name = None
KeyError: (4, None) - Could not find entry for None, 49. Please check the Var_notes or variable mapping.
Matching row  18
coeffs for Last measurement in raw DN for LVPS Board signal “N2.5V”= [-33.0 0.00886447 0.0 0.0 0.0 0.0 0.0 0.0]
var_name = Last measurement in raw DN for LVPS Board signal “N2.5V”
var_name = None
KeyError: (4, None) - Could not find entry for None, 50. Please check the Var_notes or variable mapping.
Matching row  18
coeffs for Last measurement in raw DN for LVPS Board signal “Spare”= [0.0 0.00161172 0.0 0.0 0.0 0.0 0.0 0.0]
var_name = Last measurement in raw DN for LVPS Board signal “Spare”
var_name = spare_signal
KeyError: (4, 'spare_signal') - Could not find entry for spare_signal, 51. Please check the Var_notes or variable mapping.
High gain delay = 59 samples.
Mid gain delay = 23 samples.
Low gain delay = 23 samples.
High sampling trigger mode =  0 0 1
High gain trigger mode enabled.
For 2222981120, HG Trigger level = 0.15317, sample settings = 0, 0
Threshold trigger mode enabled for high gain channel.
AID = 2415008032
Event number = 3
Rice compression enabled = False
Timestamp = 429137822.76316 seconds since epoch (Midnight January 1st, 2010)
Trigger time = 2023-08-07T20:57:02.763160Z
4
4
4
4
4
4
4
4
4
4
4
4
4
{'SHCOARSE': ParsedDataItem(SHCOARSE, raw=429139211, derived=429139211, unit=dn), 'SHFINE': ParsedDataItem(SHFINE, raw=7026, derived=7026, unit=dn), 'IDX__SCI0AID': ParsedDataItem(IDX__SCI0AID, raw=2415008032, derived=2415008032, unit=None), 'IDX__SCI0TYPE': ParsedDataItem(IDX__SCI0TYPE, raw=1, derived=1, unit=None), 'IDX__SCI0CONT': ParsedDataItem(IDX__SCI0CONT, raw=127, derived=127, unit=None), 'IDX__SCI0SPARE1': ParsedDataItem(IDX__SCI0SPARE1, raw=0, derived=0, unit=None), 'IDX__SCI0PACK': ParsedDataItem(IDX__SCI0PACK, raw=1, derived=EN, unit=None), 'IDX__SCI0FRAG': ParsedDataItem(IDX__SCI0FRAG, raw=0, derived=DS, unit=None), 'IDX__SCI0COMP': ParsedDataItem(IDX__SCI0COMP, raw=0, derived=DS, unit=None), 'IDX__SCI0EVTNUM': ParsedDataItem(IDX__SCI0EVTNUM, raw=4, derived=4, unit=None), 'IDX__SCI0CAT': ParsedDataItem(IDX__SCI0CAT, raw=32, derived=32, unit=None), 'IDX__SCI0QUAL': ParsedDataItem(IDX__SCI0QUAL, raw=5, derived=5, unit=None), 'IDX__SCI0FRAGOFF': ParsedDataItem(IDX__SCI0FRAGOFF, raw=0, derived=0, unit=None), 'IDX__SCI0VER': ParsedDataItem(IDX__SCI0VER, raw=9, derived=9, unit=None), 'IDX__SCI0TIME32': ParsedDataItem(IDX__SCI0TIME32, raw=429137845, derived=429137845, unit=None), 'IDX__SCI0SPARE2': ParsedDataItem(IDX__SCI0SPARE2, raw=0, derived=0, unit=None), 'IDX__SCI0SPARE3': ParsedDataItem(IDX__SCI0SPARE3, raw=0, derived=0, unit=None), 'IDX__SCI0SPARE4': ParsedDataItem(IDX__SCI0SPARE4, raw=0, derived=0, unit=None), 'IDX__TXHDRSCIEVTLEN': ParsedDataItem(IDX__TXHDRSCIEVTLEN, raw=8320, derived=8320, unit=None), 'IDX__TXHDRSP00': ParsedDataItem(IDX__TXHDRSP00, raw=0, derived=0, unit=None), 'IDX__TXHDRTIMESEC1': ParsedDataItem(IDX__TXHDRTIMESEC1, raw=6548, derived=6548, unit=None), 'IDX__TXHDRTIMESEC2': ParsedDataItem(IDX__TXHDRTIMESEC2, raw=8117, derived=8117, unit=None), 'IDX__TXHDRTIMESUBS': ParsedDataItem(IDX__TXHDRTIMESUBS, raw=13196, derived=13196, unit=None), 'IDX__TXHDRSP01': ParsedDataItem(IDX__TXHDRSP01, raw=0, derived=0, unit=None), 'IDX__TXHDRTRIGOFFSET': ParsedDataItem(IDX__TXHDRTRIGOFFSET, raw=2, derived=2, unit=None), 'IDX__TXHDRSP02': ParsedDataItem(IDX__TXHDRSP02, raw=0, derived=0, unit=None), 'IDX__TXHDRTRIGID': ParsedDataItem(IDX__TXHDRTRIGID, raw=1, derived=1, unit=None), 'IDX__TXHDREVTNUM': ParsedDataItem(IDX__TXHDREVTNUM, raw=4, derived=4, unit=None), 'IDX__TXHDRBLOCKS': ParsedDataItem(IDX__TXHDRBLOCKS, raw=243679, derived=243679, unit=None), 'IDX__TXHDRHGTRIGCTRL1': ParsedDataItem(IDX__TXHDRHGTRIGCTRL1, raw=2222981120, derived=2222981120, unit=None), 'IDX__TXHDRHGTRIGCTRL2': ParsedDataItem(IDX__TXHDRHGTRIGCTRL2, raw=0, derived=0, unit=None), 'IDX__TXHDRLGTRIGCTRL1': ParsedDataItem(IDX__TXHDRLGTRIGCTRL1, raw=4294965248, derived=4294965248, unit=None), 'IDX__TXHDRLGTRIGCTRL2': ParsedDataItem(IDX__TXHDRLGTRIGCTRL2, raw=4278255360, derived=4278255360, unit=None), 'IDX__TXHDRMGTRIGCTRL1': ParsedDataItem(IDX__TXHDRMGTRIGCTRL1, raw=4294965248, derived=4294965248, unit=None), 'IDX__TXHDRMGTRIGCTRL2': ParsedDataItem(IDX__TXHDRMGTRIGCTRL2, raw=4278255360, derived=4278255360, unit=None), 'IDX__TXHDRSP03': ParsedDataItem(IDX__TXHDRSP03, raw=0, derived=0, unit=None), 'IDX__TXHDRLSADC': ParsedDataItem(IDX__TXHDRLSADC, raw=1048320, derived=1048320, unit=None), 'IDX__TXHDRPOLSTAT': ParsedDataItem(IDX__TXHDRPOLSTAT, raw=1, derived=NEG, unit=None), 'IDX__TXHDRSP04': ParsedDataItem(IDX__TXHDRSP04, raw=0, derived=0, unit=None), 'IDX__TXHDRPOLCTRL': ParsedDataItem(IDX__TXHDRPOLCTRL, raw=0, derived=POS, unit=None), 'IDX__TXHDRCOINENA': ParsedDataItem(IDX__TXHDRCOINENA, raw=0, derived=DIS, unit=None), 'IDX__TXHDRLSTRIGMODE': ParsedDataItem(IDX__TXHDRLSTRIGMODE, raw=0, derived=DIS, unit=None), 'IDX__TXHDRMGTRIGMODE': ParsedDataItem(IDX__TXHDRMGTRIGMODE, raw=0, derived=0, unit=None), 'IDX__TXHDRLGTRIGMODE': ParsedDataItem(IDX__TXHDRLGTRIGMODE, raw=0, derived=0, unit=None), 'IDX__TXHDRHGTRIGMODE': ParsedDataItem(IDX__TXHDRHGTRIGMODE, raw=1, derived=1, unit=None), 'IDX__TXHDRSP05': ParsedDataItem(IDX__TXHDRSP05, raw=0, derived=0, unit=None), 'IDX__TXHDRSP06': ParsedDataItem(IDX__TXHDRSP06, raw=0, derived=0, unit=None), 'IDX__TXHDRSP07': ParsedDataItem(IDX__TXHDRSP07, raw=2018, derived=2018, unit=None), 'IDX__TXHDRSP08': ParsedDataItem(IDX__TXHDRSP08, raw=0, derived=0, unit=None), 'IDX__TXHDRTOFMAX': ParsedDataItem(IDX__TXHDRTOFMAX, raw=541596197, derived=541596197, unit=None), 'IDX__TXHDRTOFMIN': ParsedDataItem(IDX__TXHDRTOFMIN, raw=535295475, derived=535295475, unit=None), 'IDX__TXHDRLS0MAXMIN': ParsedDataItem(IDX__TXHDRLS0MAXMIN, raw=8525823, derived=8525823, unit=None), 'IDX__TXHDRLS1MAXMIN': ParsedDataItem(IDX__TXHDRLS1MAXMIN, raw=10372632, derived=10372632, unit=None), 'IDX__TXHDRLS2MAXMIN': ParsedDataItem(IDX__TXHDRLS2MAXMIN, raw=8407009, derived=8407009, unit=None), 'IDX__TXHDRFIFODELAY': ParsedDataItem(IDX__TXHDRFIFODELAY, raw=17, derived=17, unit=None), 'IDX__TXHDRSAMPDELAY': ParsedDataItem(IDX__TXHDRSAMPDELAY, raw=15744048, derived=15744048, unit=None), 'IDX__TXHDRTRANSCNT': ParsedDataItem(IDX__TXHDRTRANSCNT, raw=4, derived=4, unit=None), 'IDX__TXHDRPROCHKCH01': ParsedDataItem(IDX__TXHDRPROCHKCH01, raw=83231460, derived=83231460, unit=None), 'IDX__TXHDRPROCHKCH23': ParsedDataItem(IDX__TXHDRPROCHKCH23, raw=143197900, derived=143197900, unit=None), 'IDX__TXHDRPROCHKCH45': ParsedDataItem(IDX__TXHDRPROCHKCH45, raw=176227547, derived=176227547, unit=None), 'IDX__TXHDRPROCHKCH67': ParsedDataItem(IDX__TXHDRPROCHKCH67, raw=133761307, derived=133761307, unit=None), 'IDX__TXHDRHVPSHKCH01': ParsedDataItem(IDX__TXHDRHVPSHKCH01, raw=131794262, derived=131794262, unit=None), 'IDX__TXHDRHVPSHKCH23': ParsedDataItem(IDX__TXHDRHVPSHKCH23, raw=8849069, derived=8849069, unit=None), 'IDX__TXHDRHVPSHKCH45': ParsedDataItem(IDX__TXHDRHVPSHKCH45, raw=127731676, derived=127731676, unit=None), 'IDX__TXHDRHVPSHKCH67': ParsedDataItem(IDX__TXHDRHVPSHKCH67, raw=19925645, derived=19925645, unit=None), 'IDX__TXHDRLVHK0CH01': ParsedDataItem(IDX__TXHDRLVHK0CH01, raw=134219776, derived=134219776, unit=None), 'IDX__TXHDRLVHK0CH23': ParsedDataItem(IDX__TXHDRLVHK0CH23, raw=171772858, derived=171772858, unit=None), 'IDX__TXHDRLVHK0CH45': ParsedDataItem(IDX__TXHDRLVHK0CH45, raw=134810727, derived=134810727, unit=None), 'IDX__TXHDRLVHK0CH67': ParsedDataItem(IDX__TXHDRLVHK0CH67, raw=205851732, derived=205851732, unit=None), 'IDX__TXHDRLVHK1CH01': ParsedDataItem(IDX__TXHDRLVHK1CH01, raw=33228383, derived=33228383, unit=None), 'IDX__TXHDRLVHK1CH23': ParsedDataItem(IDX__TXHDRLVHK1CH23, raw=76678633, derived=76678633, unit=None), 'IDX__TXHDRLVHK1CH45': ParsedDataItem(IDX__TXHDRLVHK1CH45, raw=225511309, derived=225511309, unit=None), 'IDX__TXHDRLVHK1CH67': ParsedDataItem(IDX__TXHDRLVHK1CH67, raw=192217546, derived=192217546, unit=None), 'IDX__TXHDRLVHK2CH01': ParsedDataItem(IDX__TXHDRLVHK2CH01, raw=80807126, derived=80807126, unit=None), 'IDX__TXHDRLVHK2CH23': ParsedDataItem(IDX__TXHDRLVHK2CH23, raw=212208189, derived=212208189, unit=None), 'IDX__TXHDRLVHK2CH45': ParsedDataItem(IDX__TXHDRLVHK2CH45, raw=101059928, derived=101059928, unit=None), 'IDX__TXHDRLVHK2CH67': ParsedDataItem(IDX__TXHDRLVHK2CH67, raw=3481, derived=3481, unit=None), 'IDX__TXHDRSP09': ParsedDataItem(IDX__TXHDRSP09, raw=0, derived=0, unit=None), 'IDX__TXHDRSP10': ParsedDataItem(IDX__TXHDRSP10, raw=0, derived=0, unit=None), 'IDX__TXHDRFSWAIDCOPY': ParsedDataItem(IDX__TXHDRFSWAIDCOPY, raw=2415008032, derived=2415008032, unit=None), 'IDX__TXHDRFSWBINCOPY': ParsedDataItem(IDX__TXHDRFSWBINCOPY, raw=0, derived=0, unit=None), 'IDX__TXHDRFSWMAJOR': ParsedDataItem(IDX__TXHDRFSWMAJOR, raw=2, derived=2, unit=None), 'IDX__TXHDRFSWMINOR': ParsedDataItem(IDX__TXHDRFSWMINOR, raw=0, derived=0, unit=None), 'IDX__TXHDRFSWPATCH': ParsedDataItem(IDX__TXHDRFSWPATCH, raw=0, derived=0, unit=None), 'IDX__TXHDRFSWHVSTAT': ParsedDataItem(IDX__TXHDRFSWHVSTAT, raw=3, derived=3, unit=None), 'IDX__TXHDRFSWMEM0': ParsedDataItem(IDX__TXHDRFSWMEM0, raw=0, derived=0, unit=None), 'IDX__TXHDRFSWMEM1': ParsedDataItem(IDX__TXHDRFSWMEM1, raw=0, derived=0, unit=None), 'IDX__TXHDRFSWPT0': ParsedDataItem(IDX__TXHDRFSWPT0, raw=0, derived=0, unit=None), 'IDX__TXHDRFSWPT1': ParsedDataItem(IDX__TXHDRFSWPT1, raw=0, derived=0, unit=None), 'IDX__TXHDRFSWPT2': ParsedDataItem(IDX__TXHDRFSWPT2, raw=0, derived=0, unit=None), 'IDX__TXHDRFSWPT3': ParsedDataItem(IDX__TXHDRFSWPT3, raw=0, derived=0, unit=None), 'IDX__TXHDRFSWPT4': ParsedDataItem(IDX__TXHDRFSWPT4, raw=0, derived=0, unit=None), 'IDX__TXHDRFSWPT5': ParsedDataItem(IDX__TXHDRFSWPT5, raw=0, derived=0, unit=None), 'IDX__TXHDRFSWPT6': ParsedDataItem(IDX__TXHDRFSWPT6, raw=0, derived=0, unit=None), 'IDX__TXHDRFSWPT7': ParsedDataItem(IDX__TXHDRFSWPT7, raw=0, derived=0, unit=None), 'IDX__TXHDRFSWPT8': ParsedDataItem(IDX__TXHDRFSWPT8, raw=0, derived=0, unit=None), 'IDX__TXHDRFSWPT9': ParsedDataItem(IDX__TXHDRFSWPT9, raw=0, derived=0, unit=None), 'IDX__TXHDRFPGAVER': ParsedDataItem(IDX__TXHDRFPGAVER, raw=539165480, derived=539165480, unit=None), 'IDX__SYNCSCI0PKT': ParsedDataItem(IDX__SYNCSCI0PKT, raw=13107, derived=13107, unit=None), 'IDX__CRCSCI0PKT': ParsedDataItem(IDX__CRCSCI0PKT, raw=17193, derived=17193, unit=None)}
SHCOARSE = 429139211
SHFINE = 7026
IDX__SCI0AID = 2415008032
IDX__SCI0TYPE = 1
IDX__SCI0CONT = 127
IDX__SCI0SPARE1 = 0
IDX__SCI0PACK = EN
IDX__SCI0FRAG = DS
IDX__SCI0COMP = DS
IDX__SCI0EVTNUM = 4
IDX__SCI0CAT = 32
IDX__SCI0QUAL = 5
IDX__SCI0FRAGOFF = 0
IDX__SCI0VER = 9
IDX__SCI0TIME32 = 429137845
IDX__SCI0SPARE2 = 0
IDX__SCI0SPARE3 = 0
IDX__SCI0SPARE4 = 0
IDX__TXHDRSCIEVTLEN = 8320
IDX__TXHDRSP00 = 0
IDX__TXHDRTIMESEC1 = 6548
IDX__TXHDRTIMESEC2 = 8117
IDX__TXHDRTIMESUBS = 13196
IDX__TXHDRSP01 = 0
IDX__TXHDRTRIGOFFSET = 2
IDX__TXHDRSP02 = 0
IDX__TXHDRTRIGID = 1
IDX__TXHDREVTNUM = 4
IDX__TXHDRBLOCKS = 243679
IDX__TXHDRHGTRIGCTRL1 = 2222981120
IDX__TXHDRHGTRIGCTRL2 = 0
IDX__TXHDRLGTRIGCTRL1 = 4294965248
IDX__TXHDRLGTRIGCTRL2 = 4278255360
IDX__TXHDRMGTRIGCTRL1 = 4294965248
IDX__TXHDRMGTRIGCTRL2 = 4278255360
IDX__TXHDRSP03 = 0
IDX__TXHDRLSADC = 1048320
IDX__TXHDRPOLSTAT = NEG
IDX__TXHDRSP04 = 0
IDX__TXHDRPOLCTRL = POS
IDX__TXHDRCOINENA = DIS
IDX__TXHDRLSTRIGMODE = DIS
IDX__TXHDRMGTRIGMODE = 0
IDX__TXHDRLGTRIGMODE = 0
IDX__TXHDRHGTRIGMODE = 1
IDX__TXHDRSP05 = 0
IDX__TXHDRSP06 = 0
IDX__TXHDRSP07 = 2018
IDX__TXHDRSP08 = 0
IDX__TXHDRTOFMAX = 541596197
IDX__TXHDRTOFMIN = 535295475
IDX__TXHDRLS0MAXMIN = 8525823
IDX__TXHDRLS1MAXMIN = 10372632
IDX__TXHDRLS2MAXMIN = 8407009
IDX__TXHDRFIFODELAY = 17
IDX__TXHDRSAMPDELAY = 15744048
IDX__TXHDRTRANSCNT = 4
IDX__TXHDRPROCHKCH01 = 83231460
IDX__TXHDRPROCHKCH23 = 143197900
IDX__TXHDRPROCHKCH45 = 176227547
IDX__TXHDRPROCHKCH67 = 133761307
IDX__TXHDRHVPSHKCH01 = 131794262
IDX__TXHDRHVPSHKCH23 = 8849069
IDX__TXHDRHVPSHKCH45 = 127731676
IDX__TXHDRHVPSHKCH67 = 19925645
IDX__TXHDRLVHK0CH01 = 134219776
IDX__TXHDRLVHK0CH23 = 171772858
IDX__TXHDRLVHK0CH45 = 134810727
IDX__TXHDRLVHK0CH67 = 205851732
IDX__TXHDRLVHK1CH01 = 33228383
IDX__TXHDRLVHK1CH23 = 76678633
IDX__TXHDRLVHK1CH45 = 225511309
IDX__TXHDRLVHK1CH67 = 192217546
IDX__TXHDRLVHK2CH01 = 80807126
IDX__TXHDRLVHK2CH23 = 212208189
IDX__TXHDRLVHK2CH45 = 101059928
IDX__TXHDRLVHK2CH67 = 3481
IDX__TXHDRSP09 = 0
IDX__TXHDRSP10 = 0
IDX__TXHDRFSWAIDCOPY = 2415008032
IDX__TXHDRFSWBINCOPY = 0
IDX__TXHDRFSWMAJOR = 2
IDX__TXHDRFSWMINOR = 0
IDX__TXHDRFSWPATCH = 0
IDX__TXHDRFSWHVSTAT = 3
IDX__TXHDRFSWMEM0 = 0
IDX__TXHDRFSWMEM1 = 0
IDX__TXHDRFSWPT0 = 0
IDX__TXHDRFSWPT1 = 0
IDX__TXHDRFSWPT2 = 0
IDX__TXHDRFSWPT3 = 0
IDX__TXHDRFSWPT4 = 0
IDX__TXHDRFSWPT5 = 0
IDX__TXHDRFSWPT6 = 0
IDX__TXHDRFSWPT7 = 0
IDX__TXHDRFSWPT8 = 0
IDX__TXHDRFSWPT9 = 0
IDX__TXHDRFPGAVER = 539165480
IDX__SYNCSCI0PKT = 13107
IDX__CRCSCI0PKT = 17193
^*****Event header 5******^
EVTNUM: 5
SCI0TYPE: 1
TXHDRBLOCKS RAW: 243679
TXHDRBLOCKS DERIVED: 243679
-----
HS pre trig sampling blocks:  31
LS pre trig sampling blocks:  3
HS post trig sampling blocks:  31
LS post trig sampling blocks:  11
IDX__TXHDRHVPSHKCH01 = 131794262
Detector voltage =  1366
Sensor voltage =  2011
Target voltage =  1709
Reflectron voltage =  135
Rejection voltage =  2012
Current for HVPS sensor =  1949
Positive current for HVPS sensor =  2701
Negative current for HVPS sensor =  304
Voltage +3.3V reference =  2048
Voltage +3.3V operational reference =  2048
Voltage -6V bus =  3002
Voltage +6V bus =  2621
Voltage +16V bus =  3175
Voltage +3.3V bus =  2057
Voltage -5V bus =  3156
Voltage +5V bus =  3141
Current +3.3V bus =  1631
Current +16V bus =  1170
Current +6V bus =  1513
Current -6V bus =  1170
Current +5V bus =  1933
Current -5V bus =  3441
Current +2.5V bus =  458
Current -2.5V bus =  2933
Current on the 1V POL =  740
Current on the 1.9V POL =  1270
ProcBd Temperature 1 =  1740
ProcBd Temperature 2 =  2185
Voltage on 1V bus =  1243
FPGA Temperature =  2689
Voltage on 1.9V bus =  2331
Voltage on 3.3V bus =  2041
var_to_row = {'Last measurement in raw DN for Processor Board signal “1V POL Current”': 0, 'Last measurement in raw DN for Processor Board signal “1.9V POL Current”': 1, 'Last measurement in raw DN for Processor Board signal “ProcBd Temp1”': 2, nan: 48, 'Last measurement in raw DN for Processor Board signal “ProcBd Temp2”': 6, 'Last measurement in raw DN for Processor Board signal “1V Voltage”': 10, 'Last measurement in raw DN for Processor Board signal “FPGA Temp”': 11, 'Last measurement in raw DN for Processor Board signal “1.9V Voltage”': 12, 'Last measurement in raw DN for Processor Board signal “3.3V Voltage”': 13, 'Last measurement in raw DN for HVPS Board signal “Detector Voltage”': 14, 'Last measurement in raw DN for HVPS Board signal “Sensor Voltage"': 15, 'Last measurement in raw DN for HVPS Board signal “Target Voltage”': 16, 'Last measurement in raw DN for HVPS Board signal “Reflectron Voltage”': 17, 'Last measurement in raw DN for HVPS Board signal “Rejection Voltage”': 18, 'Last measurement in raw DN for HVPS Board signal “Detector Current”': 19, 'Last measurement in raw DN for HVPS Board signal “Sensor IP”': 20, 'Last measurement in raw DN for HVPS Board signal “Sensor IN”': 21, 'Last measurement in raw DN for LVPS Board signal “P3.3VREF_HK”': 22, 'Last measurement in raw DN for LVPS Board signal “P3.3VREF_OP”': 23, 'Last measurement in raw DN for LVPS Board signal “N6V”': 24, 'Last measurement in raw DN for LVPS Board signal “P6V”': 25, 'Last measurement in raw DN for LVPS Board signal “P16V”': 26, 'Last measurement in raw DN for LVPS Board signal “P3.3V”': 27, 'Last measurement in raw DN for LVPS Board signal “N5V”': 28, 'Last measurement in raw DN for LVPS Board signal “P5V”': 29, 'Last measurement in raw DN for LVPS Board signal “P3.3_IMON”': 30, 'Last measurement in raw DN for LVPS Board signal “P16V_IMON”': 31, 'Last measurement in raw DN for LVPS Board signal “P6V_IMON”': 32, 'Last measurement in raw DN for LVPS Board signal “N6V_IMON”': 33, 'Last measurement in raw DN for LVPS Board signal “P5V_IMON”': 34, 'Last measurement in raw DN for LVPS Board signal “N5V_IMON”': 35, 'Last measurement in raw DN for LVPS Board signal “P2.5V_IMON”': 36, 'Last measurement in raw DN for LVPS Board signal “N2.5V_IMON”': 37, 'Last measurement in raw DN for LVPS Board signal “THERM_DECON0”': 38, 'Last measurement in raw DN for LVPS Board signal “THERM_DECON1”': 39, 'Last measurement in raw DN for LVPS Board signal “THERM_DAB”': 40, 'Last measurement in raw DN for LVPS Board signal “THERM_LVPS”': 41, 'Last measurement in raw DN for LVPS Board signal “THERM_HVPS”': 45, 'Last measurement in raw DN for LVPS Board signal “P2.5V”': 49, 'Last measurement in raw DN for LVPS Board signal “N2.5V”': 50, 'Last measurement in raw DN for LVPS Board signal “Spare”': 51}

 
 ***** var_name being converted for each instrument setting ***** 
 

Matching row  18
coeffs for Last measurement in raw DN for Processor Board signal “1V POL Current”= [0.0 0.9029253 0.0 0.0 0.0 0.0 0.0 0.0]
var_name = Last measurement in raw DN for Processor Board signal “1V POL Current”
var_name = current_1V_pol
Header info = 740
Transformed value for current_1V_pol = 668.164722
Matching row  18
coeffs for Last measurement in raw DN for Processor Board signal “1.9V POL Current”= [0.0 0.9029253 0.0 0.0 0.0 0.0 0.0 0.0]
var_name = Last measurement in raw DN for Processor Board signal “1.9V POL Current”
var_name = current_1.9V_pol
Header info = 1270
Transformed value for current_1.9V_pol = 1146.7151310000002
Matching row  18
coeffs for Last measurement in raw DN for Processor Board signal “ProcBd Temp1”= [162.8276 -0.2668687 0.0003323794 -2.43153e-07 9.034532e-11 -1.327735e-14
 0.0 0.0]
var_name = Last measurement in raw DN for Processor Board signal “ProcBd Temp1”
var_name = temperature_1
Header info = 1740
Transformed value for temperature_1 = 40.22329184436674
Matching row  18
coeffs for nan= [-104713.9 52.02446 -0.006463374 0.0 0.0 0.0 0.0 0.0]
var_name = nan
var_name = None
KeyError: (5, None) - Could not find entry for None, 48. Please check the Var_notes or variable mapping.
Matching row  18
coeffs for Last measurement in raw DN for Processor Board signal “ProcBd Temp2”= [162.8276 -0.2668687 0.0003323794 -2.43153e-07 9.034532e-11 -1.327735e-14
 0.0 0.0]
var_name = Last measurement in raw DN for Processor Board signal “ProcBd Temp2”
var_name = temperature_2
Header info = 2185
Transformed value for temperature_2 = 28.08554322046359
Matching row  18
coeffs for Last measurement in raw DN for Processor Board signal “1V Voltage”= [0.0 0.000805861 0.0 0.0 0.0 0.0 0.0 0.0]
var_name = Last measurement in raw DN for Processor Board signal “1V Voltage”
var_name = voltage_1V_bus
Header info = 1243
Transformed value for voltage_1V_bus = 1.001685223
Matching row  18
coeffs for Last measurement in raw DN for Processor Board signal “FPGA Temp”= [358.31 -0.1187104 0.0 0.0 0.0 0.0 0.0 0.0]
var_name = Last measurement in raw DN for Processor Board signal “FPGA Temp”
var_name = fpga_temperature
Header info = 2689
Transformed value for fpga_temperature = 39.097734400000036
Matching row  18
coeffs for Last measurement in raw DN for Processor Board signal “1.9V Voltage”= [0.0 0.000805861 0.0 0.0 0.0 0.0 0.0 0.0]
var_name = Last measurement in raw DN for Processor Board signal “1.9V Voltage”
var_name = voltage_1.9V_bus
Header info = 2331
Transformed value for voltage_1.9V_bus = 1.8784619909999998
Matching row  18
coeffs for Last measurement in raw DN for Processor Board signal “3.3V Voltage”= [0.0 0.001611722 0.0 0.0 0.0 0.0 0.0 0.0]
var_name = Last measurement in raw DN for Processor Board signal “3.3V Voltage”
var_name = voltage_3.3V_bus
Header info = 2041
Transformed value for voltage_3.3V_bus = 3.2895246019999997
Matching row  18
coeffs for Last measurement in raw DN for HVPS Board signal “Detector Voltage”= [0.0 1.4652 0.0 0.0 0.0 0.0 0.0 0.0]
var_name = Last measurement in raw DN for HVPS Board signal “Detector Voltage”
var_name = detector_voltage
Header info = 1366
Transformed value for detector_voltage = 2001.4632000000001
Matching row  18
coeffs for Last measurement in raw DN for HVPS Board signal “Sensor Voltage"= [0.0 1.4652 0.0 0.0 0.0 0.0 0.0 0.0]
var_name = Last measurement in raw DN for HVPS Board signal “Sensor Voltage"
var_name = sensor_voltage
Header info = 2011
Transformed value for sensor_voltage = 2946.5172000000002
Matching row  18
coeffs for Last measurement in raw DN for HVPS Board signal “Target Voltage”= [0.0 1.4652 0.0 0.0 0.0 0.0 0.0 0.0]
var_name = Last measurement in raw DN for HVPS Board signal “Target Voltage”
var_name = target_voltage
Header info = 1709
Transformed value for target_voltage = 2504.0268
Matching row  18
coeffs for Last measurement in raw DN for HVPS Board signal “Reflectron Voltage”= [0.0 1.4652 0.0 0.0 0.0 0.0 0.0 0.0]
var_name = Last measurement in raw DN for HVPS Board signal “Reflectron Voltage”
var_name = reflectron_voltage
Header info = 135
Transformed value for reflectron_voltage = 197.80200000000002
Matching row  18
coeffs for Last measurement in raw DN for HVPS Board signal “Rejection Voltage”= [0.0 1.4652 0.0 0.0 0.0 0.0 0.0 0.0]
var_name = Last measurement in raw DN for HVPS Board signal “Rejection Voltage”
var_name = rejection_voltage
Header info = 2012
Transformed value for rejection_voltage = 2947.9824000000003
Matching row  18
coeffs for Last measurement in raw DN for HVPS Board signal “Detector Current”= [0.0 7.326e-06 0.0 0.0 0.0 0.0 0.0 0.0]
var_name = Last measurement in raw DN for HVPS Board signal “Detector Current”
var_name = current_hvps_sensor
Header info = 1949
Transformed value for current_hvps_sensor = 0.014278374
Matching row  18
coeffs for Last measurement in raw DN for HVPS Board signal “Sensor IP”= [0.0 2.4339e-05 0.0 0.0 0.0 0.0 0.0 0.0]
var_name = Last measurement in raw DN for HVPS Board signal “Sensor IP”
var_name = positive_current_hvps
Header info = 2701
Transformed value for positive_current_hvps = 0.065739639
Matching row  18
coeffs for Last measurement in raw DN for HVPS Board signal “Sensor IN”= [0.0 2.4339e-05 0.0 0.0 0.0 0.0 0.0 0.0]
var_name = Last measurement in raw DN for HVPS Board signal “Sensor IN”
var_name = negative_current_hvps
Header info = 304
Transformed value for negative_current_hvps = 0.007399055999999999
Matching row  18
coeffs for Last measurement in raw DN for LVPS Board signal “P3.3VREF_HK”= [0.0 0.00161172 0.0 0.0 0.0 0.0 0.0 0.0]
var_name = Last measurement in raw DN for LVPS Board signal “P3.3VREF_HK”
var_name = voltage_3V3_ref
Header info = 2048
Transformed value for voltage_3V3_ref = 3.30080256
Matching row  18
coeffs for Last measurement in raw DN for LVPS Board signal “P3.3VREF_OP”= [0.0 0.00161172 0.0 0.0 0.0 0.0 0.0 0.0]
var_name = Last measurement in raw DN for LVPS Board signal “P3.3VREF_OP”
var_name = voltage_3V3_op_ref
Header info = 2048
Transformed value for voltage_3V3_op_ref = 3.30080256
Matching row  18
coeffs for Last measurement in raw DN for LVPS Board signal “N6V”= [-33.0 0.00886447 0.0 0.0 0.0 0.0 0.0 0.0]
var_name = Last measurement in raw DN for LVPS Board signal “N6V”
var_name = voltage_neg6V_bus
Header info = 3002
Transformed value for voltage_neg6V_bus = -6.3888610600000035
Matching row  18
coeffs for Last measurement in raw DN for LVPS Board signal “P6V”= [0.0 0.00241758 0.0 0.0 0.0 0.0 0.0 0.0]
var_name = Last measurement in raw DN for LVPS Board signal “P6V”
var_name = voltage_pos6V_bus
Header info = 2621
Transformed value for voltage_pos6V_bus = 6.33647718
Matching row  18
coeffs for Last measurement in raw DN for LVPS Board signal “P16V”= [0.0 0.00482711 0.0 0.0 0.0 0.0 0.0 0.0]
var_name = Last measurement in raw DN for LVPS Board signal “P16V”
var_name = voltage_pos16V_bus
Header info = 3175
Transformed value for voltage_pos16V_bus = 15.32607425
Matching row  18
coeffs for Last measurement in raw DN for LVPS Board signal “P3.3V”= [0.0 0.00161172 0.0 0.0 0.0 0.0 0.0 0.0]
var_name = Last measurement in raw DN for LVPS Board signal “P3.3V”
var_name = voltage_pos3V3_bus
Header info = 2057
Transformed value for voltage_pos3V3_bus = 3.31530804
Matching row  18
coeffs for Last measurement in raw DN for LVPS Board signal “N5V”= [-33.0 0.00886447 0.0 0.0 0.0 0.0 0.0 0.0]
var_name = Last measurement in raw DN for LVPS Board signal “N5V”
var_name = voltage_neg5V_bus
Header info = 3156
Transformed value for voltage_neg5V_bus = -5.023732680000002
Matching row  18
coeffs for Last measurement in raw DN for LVPS Board signal “P5V”= [0.0 0.00161172 0.0 0.0 0.0 0.0 0.0 0.0]
var_name = Last measurement in raw DN for LVPS Board signal “P5V”
var_name = voltage_pos5V_bus
Header info = 3141
Transformed value for voltage_pos5V_bus = 5.0624125200000005
Matching row  18
coeffs for Last measurement in raw DN for LVPS Board signal “P3.3_IMON”= [0.0 0.00161172 0.0 0.0 0.0 0.0 0.0 0.0]
var_name = Last measurement in raw DN for LVPS Board signal “P3.3_IMON”
var_name = current_3V3_bus
Header info = 1631
Transformed value for current_3V3_bus = 2.62871532
Matching row  18
coeffs for Last measurement in raw DN for LVPS Board signal “P16V_IMON”= [0.0 0.000161172 0.0 0.0 0.0 0.0 0.0 0.0]
var_name = Last measurement in raw DN for LVPS Board signal “P16V_IMON”
var_name = current_16V_bus
Header info = 1170
Transformed value for current_16V_bus = 0.18857124
Matching row  18
coeffs for Last measurement in raw DN for LVPS Board signal “P6V_IMON”= [0.0 8.05861e-05 0.0 0.0 0.0 0.0 0.0 0.0]
var_name = Last measurement in raw DN for LVPS Board signal “P6V_IMON”
var_name = current_6V_bus
Header info = 1513
Transformed value for current_6V_bus = 0.1219267693
Matching row  18
coeffs for Last measurement in raw DN for LVPS Board signal “N6V_IMON”= [0.0 -8.05861e-05 0.0 0.0 0.0 0.0 0.0 0.0]
var_name = Last measurement in raw DN for LVPS Board signal “N6V_IMON”
var_name = current_neg6V_bus
Header info = 1170
Transformed value for current_neg6V_bus = -0.094285737
Matching row  18
coeffs for Last measurement in raw DN for LVPS Board signal “P5V_IMON”= [0.0 4.029304e-05 0.0 0.0 0.0 0.0 0.0 0.0]
var_name = Last measurement in raw DN for LVPS Board signal “P5V_IMON”
var_name = current_5V_bus
Header info = 1933
Transformed value for current_5V_bus = 0.07788644632
Matching row  18
coeffs for Last measurement in raw DN for LVPS Board signal “N5V_IMON”= [0.0 -2.01465e-05 0.0 0.0 0.0 0.0 0.0 0.0]
var_name = Last measurement in raw DN for LVPS Board signal “N5V_IMON”
var_name = current_neg5V_bus
Header info = 3441
Transformed value for current_neg5V_bus = -0.06932410650000001
Matching row  18
coeffs for Last measurement in raw DN for LVPS Board signal “P2.5V_IMON”= [0.0 0.00161172 0.0 0.0 0.0 0.0 0.0 0.0]
var_name = Last measurement in raw DN for LVPS Board signal “P2.5V_IMON”
var_name = current_2V5_bus
Header info = 458
Transformed value for current_2V5_bus = 0.7381677600000001
Matching row  18
coeffs for Last measurement in raw DN for LVPS Board signal “N2.5V_IMON”= [0.0 -4.0293e-05 0.0 0.0 0.0 0.0 0.0 0.0]
var_name = Last measurement in raw DN for LVPS Board signal “N2.5V_IMON”
var_name = current_neg2V5_bus
Header info = 2933
Transformed value for current_neg2V5_bus = -0.118179369
Matching row  18
coeffs for Last measurement in raw DN for LVPS Board signal “THERM_DECON0”= [-110.293 0.0665351 0.000305738 -6.32048e-07 5.9934e-10 -2.98784e-13
 7.61361e-17 -7.76467e-21]
var_name = Last measurement in raw DN for LVPS Board signal “THERM_DECON0”
var_name = None
KeyError: (5, None) - Could not find entry for None, 38. Please check the Var_notes or variable mapping.
Matching row  18
coeffs for Last measurement in raw DN for LVPS Board signal “THERM_DECON1”= [-150.478 0.376986 -0.00062072 7.73853e-07 -5.81588e-10 2.56368e-13
 -6.05698e-17 5.96635e-21]
var_name = Last measurement in raw DN for LVPS Board signal “THERM_DECON1”
var_name = None
KeyError: (5, None) - Could not find entry for None, 39. Please check the Var_notes or variable mapping.
Matching row  18
coeffs for Last measurement in raw DN for LVPS Board signal “THERM_DAB”= [-443.248 1.31224 -0.00180422 1.40016e-06 -6.43766e-10 1.7448e-13
 -2.57695e-17 1.60239e-21]
var_name = Last measurement in raw DN for LVPS Board signal “THERM_DAB”
var_name = None
KeyError: (5, None) - Could not find entry for None, 40. Please check the Var_notes or variable mapping.
Matching row  18
coeffs for Last measurement in raw DN for LVPS Board signal “THERM_LVPS”= [200.4137 -0.2020699 0.000175403 -9.739547e-08 2.888932e-11 -3.545603e-15
 0.0 0.0]
var_name = Last measurement in raw DN for LVPS Board signal “THERM_LVPS”
var_name = None
KeyError: (5, None) - Could not find entry for None, 41. Please check the Var_notes or variable mapping.
Matching row  18
coeffs for Last measurement in raw DN for LVPS Board signal “THERM_HVPS”= [200.4137 -0.2020699 0.000175403 -9.739547e-08 2.888932e-11 -3.545603e-15
 0.0 0.0]
var_name = Last measurement in raw DN for LVPS Board signal “THERM_HVPS”
var_name = None
KeyError: (5, None) - Could not find entry for None, 45. Please check the Var_notes or variable mapping.
Matching row  18
coeffs for Last measurement in raw DN for LVPS Board signal “P2.5V”= [0.0 0.00161172 0.0 0.0 0.0 0.0 0.0 0.0]
var_name = Last measurement in raw DN for LVPS Board signal “P2.5V”
var_name = None
KeyError: (5, None) - Could not find entry for None, 49. Please check the Var_notes or variable mapping.
Matching row  18
coeffs for Last measurement in raw DN for LVPS Board signal “N2.5V”= [-33.0 0.00886447 0.0 0.0 0.0 0.0 0.0 0.0]
var_name = Last measurement in raw DN for LVPS Board signal “N2.5V”
var_name = None
KeyError: (5, None) - Could not find entry for None, 50. Please check the Var_notes or variable mapping.
Matching row  18
coeffs for Last measurement in raw DN for LVPS Board signal “Spare”= [0.0 0.00161172 0.0 0.0 0.0 0.0 0.0 0.0]
var_name = Last measurement in raw DN for LVPS Board signal “Spare”
var_name = spare_signal
KeyError: (5, 'spare_signal') - Could not find entry for spare_signal, 51. Please check the Var_notes or variable mapping.
High gain delay = 48 samples.
Mid gain delay = 15 samples.
Low gain delay = 15 samples.
High sampling trigger mode =  0 0 1
High gain trigger mode enabled.
For 2222981120, HG Trigger level = 0.15317, sample settings = 0, 0
Threshold trigger mode enabled for high gain channel.
AID = 2415008032
Event number = 4
Rice compression enabled = False
Timestamp = 429137845.26392 seconds since epoch (Midnight January 1st, 2010)
Trigger time = 2023-08-07T20:57:25.263920Z
5
5
5
5
5
5
5
5
5
5
5
5
5
{'SHCOARSE': ParsedDataItem(SHCOARSE, raw=429139226, derived=429139226, unit=dn), 'SHFINE': ParsedDataItem(SHFINE, raw=7032, derived=7032, unit=dn), 'IDX__SCI0AID': ParsedDataItem(IDX__SCI0AID, raw=2415008032, derived=2415008032, unit=None), 'IDX__SCI0TYPE': ParsedDataItem(IDX__SCI0TYPE, raw=1, derived=1, unit=None), 'IDX__SCI0CONT': ParsedDataItem(IDX__SCI0CONT, raw=127, derived=127, unit=None), 'IDX__SCI0SPARE1': ParsedDataItem(IDX__SCI0SPARE1, raw=0, derived=0, unit=None), 'IDX__SCI0PACK': ParsedDataItem(IDX__SCI0PACK, raw=1, derived=EN, unit=None), 'IDX__SCI0FRAG': ParsedDataItem(IDX__SCI0FRAG, raw=0, derived=DS, unit=None), 'IDX__SCI0COMP': ParsedDataItem(IDX__SCI0COMP, raw=0, derived=DS, unit=None), 'IDX__SCI0EVTNUM': ParsedDataItem(IDX__SCI0EVTNUM, raw=5, derived=5, unit=None), 'IDX__SCI0CAT': ParsedDataItem(IDX__SCI0CAT, raw=32, derived=32, unit=None), 'IDX__SCI0QUAL': ParsedDataItem(IDX__SCI0QUAL, raw=5, derived=5, unit=None), 'IDX__SCI0FRAGOFF': ParsedDataItem(IDX__SCI0FRAGOFF, raw=0, derived=0, unit=None), 'IDX__SCI0VER': ParsedDataItem(IDX__SCI0VER, raw=9, derived=9, unit=None), 'IDX__SCI0TIME32': ParsedDataItem(IDX__SCI0TIME32, raw=429137857, derived=429137857, unit=None), 'IDX__SCI0SPARE2': ParsedDataItem(IDX__SCI0SPARE2, raw=0, derived=0, unit=None), 'IDX__SCI0SPARE3': ParsedDataItem(IDX__SCI0SPARE3, raw=0, derived=0, unit=None), 'IDX__SCI0SPARE4': ParsedDataItem(IDX__SCI0SPARE4, raw=0, derived=0, unit=None), 'IDX__TXHDRSCIEVTLEN': ParsedDataItem(IDX__TXHDRSCIEVTLEN, raw=8320, derived=8320, unit=None), 'IDX__TXHDRSP00': ParsedDataItem(IDX__TXHDRSP00, raw=0, derived=0, unit=None), 'IDX__TXHDRTIMESEC1': ParsedDataItem(IDX__TXHDRTIMESEC1, raw=6548, derived=6548, unit=None), 'IDX__TXHDRTIMESEC2': ParsedDataItem(IDX__TXHDRTIMESEC2, raw=8129, derived=8129, unit=None), 'IDX__TXHDRTIMESUBS': ParsedDataItem(IDX__TXHDRTIMESUBS, raw=27822, derived=27822, unit=None), 'IDX__TXHDRSP01': ParsedDataItem(IDX__TXHDRSP01, raw=0, derived=0, unit=None), 'IDX__TXHDRTRIGOFFSET': ParsedDataItem(IDX__TXHDRTRIGOFFSET, raw=1, derived=1, unit=None), 'IDX__TXHDRSP02': ParsedDataItem(IDX__TXHDRSP02, raw=0, derived=0, unit=None), 'IDX__TXHDRTRIGID': ParsedDataItem(IDX__TXHDRTRIGID, raw=1, derived=1, unit=None), 'IDX__TXHDREVTNUM': ParsedDataItem(IDX__TXHDREVTNUM, raw=5, derived=5, unit=None), 'IDX__TXHDRBLOCKS': ParsedDataItem(IDX__TXHDRBLOCKS, raw=243679, derived=243679, unit=None), 'IDX__TXHDRHGTRIGCTRL1': ParsedDataItem(IDX__TXHDRHGTRIGCTRL1, raw=2222981120, derived=2222981120, unit=None), 'IDX__TXHDRHGTRIGCTRL2': ParsedDataItem(IDX__TXHDRHGTRIGCTRL2, raw=0, derived=0, unit=None), 'IDX__TXHDRLGTRIGCTRL1': ParsedDataItem(IDX__TXHDRLGTRIGCTRL1, raw=4294965248, derived=4294965248, unit=None), 'IDX__TXHDRLGTRIGCTRL2': ParsedDataItem(IDX__TXHDRLGTRIGCTRL2, raw=4278255360, derived=4278255360, unit=None), 'IDX__TXHDRMGTRIGCTRL1': ParsedDataItem(IDX__TXHDRMGTRIGCTRL1, raw=4294965248, derived=4294965248, unit=None), 'IDX__TXHDRMGTRIGCTRL2': ParsedDataItem(IDX__TXHDRMGTRIGCTRL2, raw=4278255360, derived=4278255360, unit=None), 'IDX__TXHDRSP03': ParsedDataItem(IDX__TXHDRSP03, raw=0, derived=0, unit=None), 'IDX__TXHDRLSADC': ParsedDataItem(IDX__TXHDRLSADC, raw=1048320, derived=1048320, unit=None), 'IDX__TXHDRPOLSTAT': ParsedDataItem(IDX__TXHDRPOLSTAT, raw=1, derived=NEG, unit=None), 'IDX__TXHDRSP04': ParsedDataItem(IDX__TXHDRSP04, raw=0, derived=0, unit=None), 'IDX__TXHDRPOLCTRL': ParsedDataItem(IDX__TXHDRPOLCTRL, raw=0, derived=POS, unit=None), 'IDX__TXHDRCOINENA': ParsedDataItem(IDX__TXHDRCOINENA, raw=0, derived=DIS, unit=None), 'IDX__TXHDRLSTRIGMODE': ParsedDataItem(IDX__TXHDRLSTRIGMODE, raw=0, derived=DIS, unit=None), 'IDX__TXHDRMGTRIGMODE': ParsedDataItem(IDX__TXHDRMGTRIGMODE, raw=0, derived=0, unit=None), 'IDX__TXHDRLGTRIGMODE': ParsedDataItem(IDX__TXHDRLGTRIGMODE, raw=0, derived=0, unit=None), 'IDX__TXHDRHGTRIGMODE': ParsedDataItem(IDX__TXHDRHGTRIGMODE, raw=1, derived=1, unit=None), 'IDX__TXHDRSP05': ParsedDataItem(IDX__TXHDRSP05, raw=0, derived=0, unit=None), 'IDX__TXHDRSP06': ParsedDataItem(IDX__TXHDRSP06, raw=0, derived=0, unit=None), 'IDX__TXHDRSP07': ParsedDataItem(IDX__TXHDRSP07, raw=2018, derived=2018, unit=None), 'IDX__TXHDRSP08': ParsedDataItem(IDX__TXHDRSP08, raw=0, derived=0, unit=None), 'IDX__TXHDRTOFMAX': ParsedDataItem(IDX__TXHDRTOFMAX, raw=543693480, derived=543693480, unit=None), 'IDX__TXHDRTOFMIN': ParsedDataItem(IDX__TXHDRTOFMIN, raw=535295475, derived=535295475, unit=None), 'IDX__TXHDRLS0MAXMIN': ParsedDataItem(IDX__TXHDRLS0MAXMIN, raw=8529919, derived=8529919, unit=None), 'IDX__TXHDRLS1MAXMIN': ParsedDataItem(IDX__TXHDRLS1MAXMIN, raw=10577383, derived=10577383, unit=None), 'IDX__TXHDRLS2MAXMIN': ParsedDataItem(IDX__TXHDRLS2MAXMIN, raw=8681442, derived=8681442, unit=None), 'IDX__TXHDRFIFODELAY': ParsedDataItem(IDX__TXHDRFIFODELAY, raw=16, derived=16, unit=None), 'IDX__TXHDRSAMPDELAY': ParsedDataItem(IDX__TXHDRSAMPDELAY, raw=7347239, derived=7347239, unit=None), 'IDX__TXHDRTRANSCNT': ParsedDataItem(IDX__TXHDRTRANSCNT, raw=6, derived=6, unit=None), 'IDX__TXHDRPROCHKCH01': ParsedDataItem(IDX__TXHDRPROCHKCH01, raw=83231460, derived=83231460, unit=None), 'IDX__TXHDRPROCHKCH23': ParsedDataItem(IDX__TXHDRPROCHKCH23, raw=142935751, derived=142935751, unit=None), 'IDX__TXHDRPROCHKCH45': ParsedDataItem(IDX__TXHDRPROCHKCH45, raw=176162011, derived=176162011, unit=None), 'IDX__TXHDRPROCHKCH67': ParsedDataItem(IDX__TXHDRPROCHKCH67, raw=133761307, derived=133761307, unit=None), 'IDX__TXHDRHVPSHKCH01': ParsedDataItem(IDX__TXHDRHVPSHKCH01, raw=131794262, derived=131794262, unit=None), 'IDX__TXHDRHVPSHKCH23': ParsedDataItem(IDX__TXHDRHVPSHKCH23, raw=8849069, derived=8849069, unit=None), 'IDX__TXHDRHVPSHKCH45': ParsedDataItem(IDX__TXHDRHVPSHKCH45, raw=127731675, derived=127731675, unit=None), 'IDX__TXHDRHVPSHKCH67': ParsedDataItem(IDX__TXHDRHVPSHKCH67, raw=19925645, derived=19925645, unit=None), 'IDX__TXHDRLVHK0CH01': ParsedDataItem(IDX__TXHDRLVHK0CH01, raw=134219776, derived=134219776, unit=None), 'IDX__TXHDRLVHK0CH23': ParsedDataItem(IDX__TXHDRLVHK0CH23, raw=171772858, derived=171772858, unit=None), 'IDX__TXHDRLVHK0CH45': ParsedDataItem(IDX__TXHDRLVHK0CH45, raw=134810727, derived=134810727, unit=None), 'IDX__TXHDRLVHK0CH67': ParsedDataItem(IDX__TXHDRLVHK0CH67, raw=205851732, derived=205851732, unit=None), 'IDX__TXHDRLVHK1CH01': ParsedDataItem(IDX__TXHDRLVHK1CH01, raw=33228382, derived=33228382, unit=None), 'IDX__TXHDRLVHK1CH23': ParsedDataItem(IDX__TXHDRLVHK1CH23, raw=76613097, derived=76613097, unit=None), 'IDX__TXHDRLVHK1CH45': ParsedDataItem(IDX__TXHDRLVHK1CH45, raw=225511309, derived=225511309, unit=None), 'IDX__TXHDRLVHK1CH67': ParsedDataItem(IDX__TXHDRLVHK1CH67, raw=192217546, derived=192217546, unit=None), 'IDX__TXHDRLVHK2CH01': ParsedDataItem(IDX__TXHDRLVHK2CH01, raw=80807126, derived=80807126, unit=None), 'IDX__TXHDRLVHK2CH23': ParsedDataItem(IDX__TXHDRLVHK2CH23, raw=212142653, derived=212142653, unit=None), 'IDX__TXHDRLVHK2CH45': ParsedDataItem(IDX__TXHDRLVHK2CH45, raw=101059927, derived=101059927, unit=None), 'IDX__TXHDRLVHK2CH67': ParsedDataItem(IDX__TXHDRLVHK2CH67, raw=69017, derived=69017, unit=None), 'IDX__TXHDRSP09': ParsedDataItem(IDX__TXHDRSP09, raw=0, derived=0, unit=None), 'IDX__TXHDRSP10': ParsedDataItem(IDX__TXHDRSP10, raw=0, derived=0, unit=None), 'IDX__TXHDRFSWAIDCOPY': ParsedDataItem(IDX__TXHDRFSWAIDCOPY, raw=2415008032, derived=2415008032, unit=None), 'IDX__TXHDRFSWBINCOPY': ParsedDataItem(IDX__TXHDRFSWBINCOPY, raw=0, derived=0, unit=None), 'IDX__TXHDRFSWMAJOR': ParsedDataItem(IDX__TXHDRFSWMAJOR, raw=2, derived=2, unit=None), 'IDX__TXHDRFSWMINOR': ParsedDataItem(IDX__TXHDRFSWMINOR, raw=0, derived=0, unit=None), 'IDX__TXHDRFSWPATCH': ParsedDataItem(IDX__TXHDRFSWPATCH, raw=0, derived=0, unit=None), 'IDX__TXHDRFSWHVSTAT': ParsedDataItem(IDX__TXHDRFSWHVSTAT, raw=3, derived=3, unit=None), 'IDX__TXHDRFSWMEM0': ParsedDataItem(IDX__TXHDRFSWMEM0, raw=0, derived=0, unit=None), 'IDX__TXHDRFSWMEM1': ParsedDataItem(IDX__TXHDRFSWMEM1, raw=0, derived=0, unit=None), 'IDX__TXHDRFSWPT0': ParsedDataItem(IDX__TXHDRFSWPT0, raw=0, derived=0, unit=None), 'IDX__TXHDRFSWPT1': ParsedDataItem(IDX__TXHDRFSWPT1, raw=0, derived=0, unit=None), 'IDX__TXHDRFSWPT2': ParsedDataItem(IDX__TXHDRFSWPT2, raw=0, derived=0, unit=None), 'IDX__TXHDRFSWPT3': ParsedDataItem(IDX__TXHDRFSWPT3, raw=0, derived=0, unit=None), 'IDX__TXHDRFSWPT4': ParsedDataItem(IDX__TXHDRFSWPT4, raw=0, derived=0, unit=None), 'IDX__TXHDRFSWPT5': ParsedDataItem(IDX__TXHDRFSWPT5, raw=0, derived=0, unit=None), 'IDX__TXHDRFSWPT6': ParsedDataItem(IDX__TXHDRFSWPT6, raw=0, derived=0, unit=None), 'IDX__TXHDRFSWPT7': ParsedDataItem(IDX__TXHDRFSWPT7, raw=0, derived=0, unit=None), 'IDX__TXHDRFSWPT8': ParsedDataItem(IDX__TXHDRFSWPT8, raw=0, derived=0, unit=None), 'IDX__TXHDRFSWPT9': ParsedDataItem(IDX__TXHDRFSWPT9, raw=0, derived=0, unit=None), 'IDX__TXHDRFPGAVER': ParsedDataItem(IDX__TXHDRFPGAVER, raw=539165480, derived=539165480, unit=None), 'IDX__SYNCSCI0PKT': ParsedDataItem(IDX__SYNCSCI0PKT, raw=13107, derived=13107, unit=None), 'IDX__CRCSCI0PKT': ParsedDataItem(IDX__CRCSCI0PKT, raw=62685, derived=62685, unit=None)}
SHCOARSE = 429139226
SHFINE = 7032
IDX__SCI0AID = 2415008032
IDX__SCI0TYPE = 1
IDX__SCI0CONT = 127
IDX__SCI0SPARE1 = 0
IDX__SCI0PACK = EN
IDX__SCI0FRAG = DS
IDX__SCI0COMP = DS
IDX__SCI0EVTNUM = 5
IDX__SCI0CAT = 32
IDX__SCI0QUAL = 5
IDX__SCI0FRAGOFF = 0
IDX__SCI0VER = 9
IDX__SCI0TIME32 = 429137857
IDX__SCI0SPARE2 = 0
IDX__SCI0SPARE3 = 0
IDX__SCI0SPARE4 = 0
IDX__TXHDRSCIEVTLEN = 8320
IDX__TXHDRSP00 = 0
IDX__TXHDRTIMESEC1 = 6548
IDX__TXHDRTIMESEC2 = 8129
IDX__TXHDRTIMESUBS = 27822
IDX__TXHDRSP01 = 0
IDX__TXHDRTRIGOFFSET = 1
IDX__TXHDRSP02 = 0
IDX__TXHDRTRIGID = 1
IDX__TXHDREVTNUM = 5
IDX__TXHDRBLOCKS = 243679
IDX__TXHDRHGTRIGCTRL1 = 2222981120
IDX__TXHDRHGTRIGCTRL2 = 0
IDX__TXHDRLGTRIGCTRL1 = 4294965248
IDX__TXHDRLGTRIGCTRL2 = 4278255360
IDX__TXHDRMGTRIGCTRL1 = 4294965248
IDX__TXHDRMGTRIGCTRL2 = 4278255360
IDX__TXHDRSP03 = 0
IDX__TXHDRLSADC = 1048320
IDX__TXHDRPOLSTAT = NEG
IDX__TXHDRSP04 = 0
IDX__TXHDRPOLCTRL = POS
IDX__TXHDRCOINENA = DIS
IDX__TXHDRLSTRIGMODE = DIS
IDX__TXHDRMGTRIGMODE = 0
IDX__TXHDRLGTRIGMODE = 0
IDX__TXHDRHGTRIGMODE = 1
IDX__TXHDRSP05 = 0
IDX__TXHDRSP06 = 0
IDX__TXHDRSP07 = 2018
IDX__TXHDRSP08 = 0
IDX__TXHDRTOFMAX = 543693480
IDX__TXHDRTOFMIN = 535295475
IDX__TXHDRLS0MAXMIN = 8529919
IDX__TXHDRLS1MAXMIN = 10577383
IDX__TXHDRLS2MAXMIN = 8681442
IDX__TXHDRFIFODELAY = 16
IDX__TXHDRSAMPDELAY = 7347239
IDX__TXHDRTRANSCNT = 6
IDX__TXHDRPROCHKCH01 = 83231460
IDX__TXHDRPROCHKCH23 = 142935751
IDX__TXHDRPROCHKCH45 = 176162011
IDX__TXHDRPROCHKCH67 = 133761307
IDX__TXHDRHVPSHKCH01 = 131794262
IDX__TXHDRHVPSHKCH23 = 8849069
IDX__TXHDRHVPSHKCH45 = 127731675
IDX__TXHDRHVPSHKCH67 = 19925645
IDX__TXHDRLVHK0CH01 = 134219776
IDX__TXHDRLVHK0CH23 = 171772858
IDX__TXHDRLVHK0CH45 = 134810727
IDX__TXHDRLVHK0CH67 = 205851732
IDX__TXHDRLVHK1CH01 = 33228382
IDX__TXHDRLVHK1CH23 = 76613097
IDX__TXHDRLVHK1CH45 = 225511309
IDX__TXHDRLVHK1CH67 = 192217546
IDX__TXHDRLVHK2CH01 = 80807126
IDX__TXHDRLVHK2CH23 = 212142653
IDX__TXHDRLVHK2CH45 = 101059927
IDX__TXHDRLVHK2CH67 = 69017
IDX__TXHDRSP09 = 0
IDX__TXHDRSP10 = 0
IDX__TXHDRFSWAIDCOPY = 2415008032
IDX__TXHDRFSWBINCOPY = 0
IDX__TXHDRFSWMAJOR = 2
IDX__TXHDRFSWMINOR = 0
IDX__TXHDRFSWPATCH = 0
IDX__TXHDRFSWHVSTAT = 3
IDX__TXHDRFSWMEM0 = 0
IDX__TXHDRFSWMEM1 = 0
IDX__TXHDRFSWPT0 = 0
IDX__TXHDRFSWPT1 = 0
IDX__TXHDRFSWPT2 = 0
IDX__TXHDRFSWPT3 = 0
IDX__TXHDRFSWPT4 = 0
IDX__TXHDRFSWPT5 = 0
IDX__TXHDRFSWPT6 = 0
IDX__TXHDRFSWPT7 = 0
IDX__TXHDRFSWPT8 = 0
IDX__TXHDRFSWPT9 = 0
IDX__TXHDRFPGAVER = 539165480
IDX__SYNCSCI0PKT = 13107
IDX__CRCSCI0PKT = 62685
^*****Event header 6******^
EVTNUM: 6
SCI0TYPE: 1
TXHDRBLOCKS RAW: 243679
TXHDRBLOCKS DERIVED: 243679
-----
HS pre trig sampling blocks:  31
LS pre trig sampling blocks:  3
HS post trig sampling blocks:  31
LS post trig sampling blocks:  11
IDX__TXHDRHVPSHKCH01 = 131794262
Detector voltage =  1366
Sensor voltage =  2011
Target voltage =  1709
Reflectron voltage =  135
Rejection voltage =  2011
Current for HVPS sensor =  1949
Positive current for HVPS sensor =  2701
Negative current for HVPS sensor =  304
Voltage +3.3V reference =  2048
Voltage +3.3V operational reference =  2048
Voltage -6V bus =  3002
Voltage +6V bus =  2621
Voltage +16V bus =  3175
Voltage +3.3V bus =  2057
Voltage -5V bus =  3156
Voltage +5V bus =  3141
Current +3.3V bus =  1630
Current +16V bus =  1169
Current +6V bus =  1513
Current -6V bus =  1169
Current +5V bus =  1933
Current -5V bus =  3441
Current +2.5V bus =  458
Current -2.5V bus =  2933
Current on the 1V POL =  740
Current on the 1.9V POL =  1270
ProcBd Temperature 1 =  1735
ProcBd Temperature 2 =  2181
Voltage on 1V bus =  1243
FPGA Temperature =  2688
Voltage on 1.9V bus =  2331
Voltage on 3.3V bus =  2041
var_to_row = {'Last measurement in raw DN for Processor Board signal “1V POL Current”': 0, 'Last measurement in raw DN for Processor Board signal “1.9V POL Current”': 1, 'Last measurement in raw DN for Processor Board signal “ProcBd Temp1”': 2, nan: 48, 'Last measurement in raw DN for Processor Board signal “ProcBd Temp2”': 6, 'Last measurement in raw DN for Processor Board signal “1V Voltage”': 10, 'Last measurement in raw DN for Processor Board signal “FPGA Temp”': 11, 'Last measurement in raw DN for Processor Board signal “1.9V Voltage”': 12, 'Last measurement in raw DN for Processor Board signal “3.3V Voltage”': 13, 'Last measurement in raw DN for HVPS Board signal “Detector Voltage”': 14, 'Last measurement in raw DN for HVPS Board signal “Sensor Voltage"': 15, 'Last measurement in raw DN for HVPS Board signal “Target Voltage”': 16, 'Last measurement in raw DN for HVPS Board signal “Reflectron Voltage”': 17, 'Last measurement in raw DN for HVPS Board signal “Rejection Voltage”': 18, 'Last measurement in raw DN for HVPS Board signal “Detector Current”': 19, 'Last measurement in raw DN for HVPS Board signal “Sensor IP”': 20, 'Last measurement in raw DN for HVPS Board signal “Sensor IN”': 21, 'Last measurement in raw DN for LVPS Board signal “P3.3VREF_HK”': 22, 'Last measurement in raw DN for LVPS Board signal “P3.3VREF_OP”': 23, 'Last measurement in raw DN for LVPS Board signal “N6V”': 24, 'Last measurement in raw DN for LVPS Board signal “P6V”': 25, 'Last measurement in raw DN for LVPS Board signal “P16V”': 26, 'Last measurement in raw DN for LVPS Board signal “P3.3V”': 27, 'Last measurement in raw DN for LVPS Board signal “N5V”': 28, 'Last measurement in raw DN for LVPS Board signal “P5V”': 29, 'Last measurement in raw DN for LVPS Board signal “P3.3_IMON”': 30, 'Last measurement in raw DN for LVPS Board signal “P16V_IMON”': 31, 'Last measurement in raw DN for LVPS Board signal “P6V_IMON”': 32, 'Last measurement in raw DN for LVPS Board signal “N6V_IMON”': 33, 'Last measurement in raw DN for LVPS Board signal “P5V_IMON”': 34, 'Last measurement in raw DN for LVPS Board signal “N5V_IMON”': 35, 'Last measurement in raw DN for LVPS Board signal “P2.5V_IMON”': 36, 'Last measurement in raw DN for LVPS Board signal “N2.5V_IMON”': 37, 'Last measurement in raw DN for LVPS Board signal “THERM_DECON0”': 38, 'Last measurement in raw DN for LVPS Board signal “THERM_DECON1”': 39, 'Last measurement in raw DN for LVPS Board signal “THERM_DAB”': 40, 'Last measurement in raw DN for LVPS Board signal “THERM_LVPS”': 41, 'Last measurement in raw DN for LVPS Board signal “THERM_HVPS”': 45, 'Last measurement in raw DN for LVPS Board signal “P2.5V”': 49, 'Last measurement in raw DN for LVPS Board signal “N2.5V”': 50, 'Last measurement in raw DN for LVPS Board signal “Spare”': 51}

 
 ***** var_name being converted for each instrument setting ***** 
 

Matching row  18
coeffs for Last measurement in raw DN for Processor Board signal “1V POL Current”= [0.0 0.9029253 0.0 0.0 0.0 0.0 0.0 0.0]
var_name = Last measurement in raw DN for Processor Board signal “1V POL Current”
var_name = current_1V_pol
Header info = 740
Transformed value for current_1V_pol = 668.164722
Matching row  18
coeffs for Last measurement in raw DN for Processor Board signal “1.9V POL Current”= [0.0 0.9029253 0.0 0.0 0.0 0.0 0.0 0.0]
var_name = Last measurement in raw DN for Processor Board signal “1.9V POL Current”
var_name = current_1.9V_pol
Header info = 1270
Transformed value for current_1.9V_pol = 1146.7151310000002
Matching row  18
coeffs for Last measurement in raw DN for Processor Board signal “ProcBd Temp1”= [162.8276 -0.2668687 0.0003323794 -2.43153e-07 9.034532e-11 -1.327735e-14
 0.0 0.0]
var_name = Last measurement in raw DN for Processor Board signal “ProcBd Temp1”
var_name = temperature_1
Header info = 1735
Transformed value for temperature_1 = 40.340705796916524
Matching row  18
coeffs for nan= [-104713.9 52.02446 -0.006463374 0.0 0.0 0.0 0.0 0.0]
var_name = nan
var_name = None
KeyError: (6, None) - Could not find entry for None, 48. Please check the Var_notes or variable mapping.
Matching row  18
coeffs for Last measurement in raw DN for Processor Board signal “ProcBd Temp2”= [162.8276 -0.2668687 0.0003323794 -2.43153e-07 9.034532e-11 -1.327735e-14
 0.0 0.0]
var_name = Last measurement in raw DN for Processor Board signal “ProcBd Temp2”
var_name = temperature_2
Header info = 2181
Transformed value for temperature_2 = 28.245914723329406
Matching row  18
coeffs for Last measurement in raw DN for Processor Board signal “1V Voltage”= [0.0 0.000805861 0.0 0.0 0.0 0.0 0.0 0.0]
var_name = Last measurement in raw DN for Processor Board signal “1V Voltage”
var_name = voltage_1V_bus
Header info = 1243
Transformed value for voltage_1V_bus = 1.001685223
Matching row  18
coeffs for Last measurement in raw DN for Processor Board signal “FPGA Temp”= [358.31 -0.1187104 0.0 0.0 0.0 0.0 0.0 0.0]
var_name = Last measurement in raw DN for Processor Board signal “FPGA Temp”
var_name = fpga_temperature
Header info = 2688
Transformed value for fpga_temperature = 39.21644480000003
Matching row  18
coeffs for Last measurement in raw DN for Processor Board signal “1.9V Voltage”= [0.0 0.000805861 0.0 0.0 0.0 0.0 0.0 0.0]
var_name = Last measurement in raw DN for Processor Board signal “1.9V Voltage”
var_name = voltage_1.9V_bus
Header info = 2331
Transformed value for voltage_1.9V_bus = 1.8784619909999998
Matching row  18
coeffs for Last measurement in raw DN for Processor Board signal “3.3V Voltage”= [0.0 0.001611722 0.0 0.0 0.0 0.0 0.0 0.0]
var_name = Last measurement in raw DN for Processor Board signal “3.3V Voltage”
var_name = voltage_3.3V_bus
Header info = 2041
Transformed value for voltage_3.3V_bus = 3.2895246019999997
Matching row  18
coeffs for Last measurement in raw DN for HVPS Board signal “Detector Voltage”= [0.0 1.4652 0.0 0.0 0.0 0.0 0.0 0.0]
var_name = Last measurement in raw DN for HVPS Board signal “Detector Voltage”
var_name = detector_voltage
Header info = 1366
Transformed value for detector_voltage = 2001.4632000000001
Matching row  18
coeffs for Last measurement in raw DN for HVPS Board signal “Sensor Voltage"= [0.0 1.4652 0.0 0.0 0.0 0.0 0.0 0.0]
var_name = Last measurement in raw DN for HVPS Board signal “Sensor Voltage"
var_name = sensor_voltage
Header info = 2011
Transformed value for sensor_voltage = 2946.5172000000002
Matching row  18
coeffs for Last measurement in raw DN for HVPS Board signal “Target Voltage”= [0.0 1.4652 0.0 0.0 0.0 0.0 0.0 0.0]
var_name = Last measurement in raw DN for HVPS Board signal “Target Voltage”
var_name = target_voltage
Header info = 1709
Transformed value for target_voltage = 2504.0268
Matching row  18
coeffs for Last measurement in raw DN for HVPS Board signal “Reflectron Voltage”= [0.0 1.4652 0.0 0.0 0.0 0.0 0.0 0.0]
var_name = Last measurement in raw DN for HVPS Board signal “Reflectron Voltage”
var_name = reflectron_voltage
Header info = 135
Transformed value for reflectron_voltage = 197.80200000000002
Matching row  18
coeffs for Last measurement in raw DN for HVPS Board signal “Rejection Voltage”= [0.0 1.4652 0.0 0.0 0.0 0.0 0.0 0.0]
var_name = Last measurement in raw DN for HVPS Board signal “Rejection Voltage”
var_name = rejection_voltage
Header info = 2011
Transformed value for rejection_voltage = 2946.5172000000002
Matching row  18
coeffs for Last measurement in raw DN for HVPS Board signal “Detector Current”= [0.0 7.326e-06 0.0 0.0 0.0 0.0 0.0 0.0]
var_name = Last measurement in raw DN for HVPS Board signal “Detector Current”
var_name = current_hvps_sensor
Header info = 1949
Transformed value for current_hvps_sensor = 0.014278374
Matching row  18
coeffs for Last measurement in raw DN for HVPS Board signal “Sensor IP”= [0.0 2.4339e-05 0.0 0.0 0.0 0.0 0.0 0.0]
var_name = Last measurement in raw DN for HVPS Board signal “Sensor IP”
var_name = positive_current_hvps
Header info = 2701
Transformed value for positive_current_hvps = 0.065739639
Matching row  18
coeffs for Last measurement in raw DN for HVPS Board signal “Sensor IN”= [0.0 2.4339e-05 0.0 0.0 0.0 0.0 0.0 0.0]
var_name = Last measurement in raw DN for HVPS Board signal “Sensor IN”
var_name = negative_current_hvps
Header info = 304
Transformed value for negative_current_hvps = 0.007399055999999999
Matching row  18
coeffs for Last measurement in raw DN for LVPS Board signal “P3.3VREF_HK”= [0.0 0.00161172 0.0 0.0 0.0 0.0 0.0 0.0]
var_name = Last measurement in raw DN for LVPS Board signal “P3.3VREF_HK”
var_name = voltage_3V3_ref
Header info = 2048
Transformed value for voltage_3V3_ref = 3.30080256
Matching row  18
coeffs for Last measurement in raw DN for LVPS Board signal “P3.3VREF_OP”= [0.0 0.00161172 0.0 0.0 0.0 0.0 0.0 0.0]
var_name = Last measurement in raw DN for LVPS Board signal “P3.3VREF_OP”
var_name = voltage_3V3_op_ref
Header info = 2048
Transformed value for voltage_3V3_op_ref = 3.30080256
Matching row  18
coeffs for Last measurement in raw DN for LVPS Board signal “N6V”= [-33.0 0.00886447 0.0 0.0 0.0 0.0 0.0 0.0]
var_name = Last measurement in raw DN for LVPS Board signal “N6V”
var_name = voltage_neg6V_bus
Header info = 3002
Transformed value for voltage_neg6V_bus = -6.3888610600000035
Matching row  18
coeffs for Last measurement in raw DN for LVPS Board signal “P6V”= [0.0 0.00241758 0.0 0.0 0.0 0.0 0.0 0.0]
var_name = Last measurement in raw DN for LVPS Board signal “P6V”
var_name = voltage_pos6V_bus
Header info = 2621
Transformed value for voltage_pos6V_bus = 6.33647718
Matching row  18
coeffs for Last measurement in raw DN for LVPS Board signal “P16V”= [0.0 0.00482711 0.0 0.0 0.0 0.0 0.0 0.0]
var_name = Last measurement in raw DN for LVPS Board signal “P16V”
var_name = voltage_pos16V_bus
Header info = 3175
Transformed value for voltage_pos16V_bus = 15.32607425
Matching row  18
coeffs for Last measurement in raw DN for LVPS Board signal “P3.3V”= [0.0 0.00161172 0.0 0.0 0.0 0.0 0.0 0.0]
var_name = Last measurement in raw DN for LVPS Board signal “P3.3V”
var_name = voltage_pos3V3_bus
Header info = 2057
Transformed value for voltage_pos3V3_bus = 3.31530804
Matching row  18
coeffs for Last measurement in raw DN for LVPS Board signal “N5V”= [-33.0 0.00886447 0.0 0.0 0.0 0.0 0.0 0.0]
var_name = Last measurement in raw DN for LVPS Board signal “N5V”
var_name = voltage_neg5V_bus
Header info = 3156
Transformed value for voltage_neg5V_bus = -5.023732680000002
Matching row  18
coeffs for Last measurement in raw DN for LVPS Board signal “P5V”= [0.0 0.00161172 0.0 0.0 0.0 0.0 0.0 0.0]
var_name = Last measurement in raw DN for LVPS Board signal “P5V”
var_name = voltage_pos5V_bus
Header info = 3141
Transformed value for voltage_pos5V_bus = 5.0624125200000005
Matching row  18
coeffs for Last measurement in raw DN for LVPS Board signal “P3.3_IMON”= [0.0 0.00161172 0.0 0.0 0.0 0.0 0.0 0.0]
var_name = Last measurement in raw DN for LVPS Board signal “P3.3_IMON”
var_name = current_3V3_bus
Header info = 1630
Transformed value for current_3V3_bus = 2.6271036000000003
Matching row  18
coeffs for Last measurement in raw DN for LVPS Board signal “P16V_IMON”= [0.0 0.000161172 0.0 0.0 0.0 0.0 0.0 0.0]
var_name = Last measurement in raw DN for LVPS Board signal “P16V_IMON”
var_name = current_16V_bus
Header info = 1169
Transformed value for current_16V_bus = 0.188410068
Matching row  18
coeffs for Last measurement in raw DN for LVPS Board signal “P6V_IMON”= [0.0 8.05861e-05 0.0 0.0 0.0 0.0 0.0 0.0]
var_name = Last measurement in raw DN for LVPS Board signal “P6V_IMON”
var_name = current_6V_bus
Header info = 1513
Transformed value for current_6V_bus = 0.1219267693
Matching row  18
coeffs for Last measurement in raw DN for LVPS Board signal “N6V_IMON”= [0.0 -8.05861e-05 0.0 0.0 0.0 0.0 0.0 0.0]
var_name = Last measurement in raw DN for LVPS Board signal “N6V_IMON”
var_name = current_neg6V_bus
Header info = 1169
Transformed value for current_neg6V_bus = -0.09420515089999999
Matching row  18
coeffs for Last measurement in raw DN for LVPS Board signal “P5V_IMON”= [0.0 4.029304e-05 0.0 0.0 0.0 0.0 0.0 0.0]
var_name = Last measurement in raw DN for LVPS Board signal “P5V_IMON”
var_name = current_5V_bus
Header info = 1933
Transformed value for current_5V_bus = 0.07788644632
Matching row  18
coeffs for Last measurement in raw DN for LVPS Board signal “N5V_IMON”= [0.0 -2.01465e-05 0.0 0.0 0.0 0.0 0.0 0.0]
var_name = Last measurement in raw DN for LVPS Board signal “N5V_IMON”
var_name = current_neg5V_bus
Header info = 3441
Transformed value for current_neg5V_bus = -0.06932410650000001
Matching row  18
coeffs for Last measurement in raw DN for LVPS Board signal “P2.5V_IMON”= [0.0 0.00161172 0.0 0.0 0.0 0.0 0.0 0.0]
var_name = Last measurement in raw DN for LVPS Board signal “P2.5V_IMON”
var_name = current_2V5_bus
Header info = 458
Transformed value for current_2V5_bus = 0.7381677600000001
Matching row  18
coeffs for Last measurement in raw DN for LVPS Board signal “N2.5V_IMON”= [0.0 -4.0293e-05 0.0 0.0 0.0 0.0 0.0 0.0]
var_name = Last measurement in raw DN for LVPS Board signal “N2.5V_IMON”
var_name = current_neg2V5_bus
Header info = 2933
Transformed value for current_neg2V5_bus = -0.118179369
Matching row  18
coeffs for Last measurement in raw DN for LVPS Board signal “THERM_DECON0”= [-110.293 0.0665351 0.000305738 -6.32048e-07 5.9934e-10 -2.98784e-13
 7.61361e-17 -7.76467e-21]
var_name = Last measurement in raw DN for LVPS Board signal “THERM_DECON0”
var_name = None
KeyError: (6, None) - Could not find entry for None, 38. Please check the Var_notes or variable mapping.
Matching row  18
coeffs for Last measurement in raw DN for LVPS Board signal “THERM_DECON1”= [-150.478 0.376986 -0.00062072 7.73853e-07 -5.81588e-10 2.56368e-13
 -6.05698e-17 5.96635e-21]
var_name = Last measurement in raw DN for LVPS Board signal “THERM_DECON1”
var_name = None
KeyError: (6, None) - Could not find entry for None, 39. Please check the Var_notes or variable mapping.
Matching row  18
coeffs for Last measurement in raw DN for LVPS Board signal “THERM_DAB”= [-443.248 1.31224 -0.00180422 1.40016e-06 -6.43766e-10 1.7448e-13
 -2.57695e-17 1.60239e-21]
var_name = Last measurement in raw DN for LVPS Board signal “THERM_DAB”
var_name = None
KeyError: (6, None) - Could not find entry for None, 40. Please check the Var_notes or variable mapping.
Matching row  18
coeffs for Last measurement in raw DN for LVPS Board signal “THERM_LVPS”= [200.4137 -0.2020699 0.000175403 -9.739547e-08 2.888932e-11 -3.545603e-15
 0.0 0.0]
var_name = Last measurement in raw DN for LVPS Board signal “THERM_LVPS”
var_name = None
KeyError: (6, None) - Could not find entry for None, 41. Please check the Var_notes or variable mapping.
Matching row  18
coeffs for Last measurement in raw DN for LVPS Board signal “THERM_HVPS”= [200.4137 -0.2020699 0.000175403 -9.739547e-08 2.888932e-11 -3.545603e-15
 0.0 0.0]
var_name = Last measurement in raw DN for LVPS Board signal “THERM_HVPS”
var_name = None
KeyError: (6, None) - Could not find entry for None, 45. Please check the Var_notes or variable mapping.
Matching row  18
coeffs for Last measurement in raw DN for LVPS Board signal “P2.5V”= [0.0 0.00161172 0.0 0.0 0.0 0.0 0.0 0.0]
var_name = Last measurement in raw DN for LVPS Board signal “P2.5V”
var_name = None
KeyError: (6, None) - Could not find entry for None, 49. Please check the Var_notes or variable mapping.
Matching row  18
coeffs for Last measurement in raw DN for LVPS Board signal “N2.5V”= [-33.0 0.00886447 0.0 0.0 0.0 0.0 0.0 0.0]
var_name = Last measurement in raw DN for LVPS Board signal “N2.5V”
var_name = None
KeyError: (6, None) - Could not find entry for None, 50. Please check the Var_notes or variable mapping.
Matching row  18
coeffs for Last measurement in raw DN for LVPS Board signal “Spare”= [0.0 0.00161172 0.0 0.0 0.0 0.0 0.0 0.0]
var_name = Last measurement in raw DN for LVPS Board signal “Spare”
var_name = spare_signal
KeyError: (6, 'spare_signal') - Could not find entry for spare_signal, 51. Please check the Var_notes or variable mapping.
High gain delay = 39 samples.
Mid gain delay = 7 samples.
Low gain delay = 7 samples.
High sampling trigger mode =  0 0 1
High gain trigger mode enabled.
For 2222981120, HG Trigger level = 0.15317, sample settings = 0, 0
Threshold trigger mode enabled for high gain channel.
AID = 2415008032
Event number = 5
Rice compression enabled = False
Timestamp = 429137857.55644 seconds since epoch (Midnight January 1st, 2010)
Trigger time = 2023-08-07T20:57:37.556440Z
6
6
6
6
6
6
6
6
6
6
6
6
6
{'SHCOARSE': ParsedDataItem(SHCOARSE, raw=429139240, derived=429139240, unit=dn), 'SHFINE': ParsedDataItem(SHFINE, raw=7037, derived=7037, unit=dn), 'IDX__SCI0AID': ParsedDataItem(IDX__SCI0AID, raw=2415008032, derived=2415008032, unit=None), 'IDX__SCI0TYPE': ParsedDataItem(IDX__SCI0TYPE, raw=1, derived=1, unit=None), 'IDX__SCI0CONT': ParsedDataItem(IDX__SCI0CONT, raw=127, derived=127, unit=None), 'IDX__SCI0SPARE1': ParsedDataItem(IDX__SCI0SPARE1, raw=0, derived=0, unit=None), 'IDX__SCI0PACK': ParsedDataItem(IDX__SCI0PACK, raw=1, derived=EN, unit=None), 'IDX__SCI0FRAG': ParsedDataItem(IDX__SCI0FRAG, raw=0, derived=DS, unit=None), 'IDX__SCI0COMP': ParsedDataItem(IDX__SCI0COMP, raw=0, derived=DS, unit=None), 'IDX__SCI0EVTNUM': ParsedDataItem(IDX__SCI0EVTNUM, raw=6, derived=6, unit=None), 'IDX__SCI0CAT': ParsedDataItem(IDX__SCI0CAT, raw=32, derived=32, unit=None), 'IDX__SCI0QUAL': ParsedDataItem(IDX__SCI0QUAL, raw=5, derived=5, unit=None), 'IDX__SCI0FRAGOFF': ParsedDataItem(IDX__SCI0FRAGOFF, raw=0, derived=0, unit=None), 'IDX__SCI0VER': ParsedDataItem(IDX__SCI0VER, raw=9, derived=9, unit=None), 'IDX__SCI0TIME32': ParsedDataItem(IDX__SCI0TIME32, raw=429137884, derived=429137884, unit=None), 'IDX__SCI0SPARE2': ParsedDataItem(IDX__SCI0SPARE2, raw=0, derived=0, unit=None), 'IDX__SCI0SPARE3': ParsedDataItem(IDX__SCI0SPARE3, raw=0, derived=0, unit=None), 'IDX__SCI0SPARE4': ParsedDataItem(IDX__SCI0SPARE4, raw=0, derived=0, unit=None), 'IDX__TXHDRSCIEVTLEN': ParsedDataItem(IDX__TXHDRSCIEVTLEN, raw=8320, derived=8320, unit=None), 'IDX__TXHDRSP00': ParsedDataItem(IDX__TXHDRSP00, raw=0, derived=0, unit=None), 'IDX__TXHDRTIMESEC1': ParsedDataItem(IDX__TXHDRTIMESEC1, raw=6548, derived=6548, unit=None), 'IDX__TXHDRTIMESEC2': ParsedDataItem(IDX__TXHDRTIMESEC2, raw=8156, derived=8156, unit=None), 'IDX__TXHDRTIMESUBS': ParsedDataItem(IDX__TXHDRTIMESUBS, raw=15527, derived=15527, unit=None), 'IDX__TXHDRSP01': ParsedDataItem(IDX__TXHDRSP01, raw=0, derived=0, unit=None), 'IDX__TXHDRTRIGOFFSET': ParsedDataItem(IDX__TXHDRTRIGOFFSET, raw=1, derived=1, unit=None), 'IDX__TXHDRSP02': ParsedDataItem(IDX__TXHDRSP02, raw=0, derived=0, unit=None), 'IDX__TXHDRTRIGID': ParsedDataItem(IDX__TXHDRTRIGID, raw=1, derived=1, unit=None), 'IDX__TXHDREVTNUM': ParsedDataItem(IDX__TXHDREVTNUM, raw=6, derived=6, unit=None), 'IDX__TXHDRBLOCKS': ParsedDataItem(IDX__TXHDRBLOCKS, raw=243679, derived=243679, unit=None), 'IDX__TXHDRHGTRIGCTRL1': ParsedDataItem(IDX__TXHDRHGTRIGCTRL1, raw=2222981120, derived=2222981120, unit=None), 'IDX__TXHDRHGTRIGCTRL2': ParsedDataItem(IDX__TXHDRHGTRIGCTRL2, raw=0, derived=0, unit=None), 'IDX__TXHDRLGTRIGCTRL1': ParsedDataItem(IDX__TXHDRLGTRIGCTRL1, raw=4294965248, derived=4294965248, unit=None), 'IDX__TXHDRLGTRIGCTRL2': ParsedDataItem(IDX__TXHDRLGTRIGCTRL2, raw=4278255360, derived=4278255360, unit=None), 'IDX__TXHDRMGTRIGCTRL1': ParsedDataItem(IDX__TXHDRMGTRIGCTRL1, raw=4294965248, derived=4294965248, unit=None), 'IDX__TXHDRMGTRIGCTRL2': ParsedDataItem(IDX__TXHDRMGTRIGCTRL2, raw=4278255360, derived=4278255360, unit=None), 'IDX__TXHDRSP03': ParsedDataItem(IDX__TXHDRSP03, raw=0, derived=0, unit=None), 'IDX__TXHDRLSADC': ParsedDataItem(IDX__TXHDRLSADC, raw=1048320, derived=1048320, unit=None), 'IDX__TXHDRPOLSTAT': ParsedDataItem(IDX__TXHDRPOLSTAT, raw=1, derived=NEG, unit=None), 'IDX__TXHDRSP04': ParsedDataItem(IDX__TXHDRSP04, raw=0, derived=0, unit=None), 'IDX__TXHDRPOLCTRL': ParsedDataItem(IDX__TXHDRPOLCTRL, raw=0, derived=POS, unit=None), 'IDX__TXHDRCOINENA': ParsedDataItem(IDX__TXHDRCOINENA, raw=0, derived=DIS, unit=None), 'IDX__TXHDRLSTRIGMODE': ParsedDataItem(IDX__TXHDRLSTRIGMODE, raw=0, derived=DIS, unit=None), 'IDX__TXHDRMGTRIGMODE': ParsedDataItem(IDX__TXHDRMGTRIGMODE, raw=0, derived=0, unit=None), 'IDX__TXHDRLGTRIGMODE': ParsedDataItem(IDX__TXHDRLGTRIGMODE, raw=0, derived=0, unit=None), 'IDX__TXHDRHGTRIGMODE': ParsedDataItem(IDX__TXHDRHGTRIGMODE, raw=1, derived=1, unit=None), 'IDX__TXHDRSP05': ParsedDataItem(IDX__TXHDRSP05, raw=0, derived=0, unit=None), 'IDX__TXHDRSP06': ParsedDataItem(IDX__TXHDRSP06, raw=0, derived=0, unit=None), 'IDX__TXHDRSP07': ParsedDataItem(IDX__TXHDRSP07, raw=2017, derived=2017, unit=None), 'IDX__TXHDRSP08': ParsedDataItem(IDX__TXHDRSP08, raw=0, derived=0, unit=None), 'IDX__TXHDRTOFMAX': ParsedDataItem(IDX__TXHDRTOFMAX, raw=541596181, derived=541596181, unit=None), 'IDX__TXHDRTOFMIN': ParsedDataItem(IDX__TXHDRTOFMIN, raw=535295475, derived=535295475, unit=None), 'IDX__TXHDRLS0MAXMIN': ParsedDataItem(IDX__TXHDRLS0MAXMIN, raw=8529918, derived=8529918, unit=None), 'IDX__TXHDRLS1MAXMIN': ParsedDataItem(IDX__TXHDRLS1MAXMIN, raw=10114634, derived=10114634, unit=None), 'IDX__TXHDRLS2MAXMIN': ParsedDataItem(IDX__TXHDRLS2MAXMIN, raw=8640481, derived=8640481, unit=None), 'IDX__TXHDRFIFODELAY': ParsedDataItem(IDX__TXHDRFIFODELAY, raw=17, derived=17, unit=None), 'IDX__TXHDRSAMPDELAY': ParsedDataItem(IDX__TXHDRSAMPDELAY, raw=7347240, derived=7347240, unit=None), 'IDX__TXHDRTRANSCNT': ParsedDataItem(IDX__TXHDRTRANSCNT, raw=2, derived=2, unit=None), 'IDX__TXHDRPROCHKCH01': ParsedDataItem(IDX__TXHDRPROCHKCH01, raw=83165925, derived=83165925, unit=None), 'IDX__TXHDRPROCHKCH23': ParsedDataItem(IDX__TXHDRPROCHKCH23, raw=142411455, derived=142411455, unit=None), 'IDX__TXHDRPROCHKCH45': ParsedDataItem(IDX__TXHDRPROCHKCH45, raw=176096475, derived=176096475, unit=None), 'IDX__TXHDRPROCHKCH67': ParsedDataItem(IDX__TXHDRPROCHKCH67, raw=133761307, derived=133761307, unit=None), 'IDX__TXHDRHVPSHKCH01': ParsedDataItem(IDX__TXHDRHVPSHKCH01, raw=131794263, derived=131794263, unit=None), 'IDX__TXHDRHVPSHKCH23': ParsedDataItem(IDX__TXHDRHVPSHKCH23, raw=8849069, derived=8849069, unit=None), 'IDX__TXHDRHVPSHKCH45': ParsedDataItem(IDX__TXHDRHVPSHKCH45, raw=127731676, derived=127731676, unit=None), 'IDX__TXHDRHVPSHKCH67': ParsedDataItem(IDX__TXHDRHVPSHKCH67, raw=19925645, derived=19925645, unit=None), 'IDX__TXHDRLVHK0CH01': ParsedDataItem(IDX__TXHDRLVHK0CH01, raw=134219776, derived=134219776, unit=None), 'IDX__TXHDRLVHK0CH23': ParsedDataItem(IDX__TXHDRLVHK0CH23, raw=171772858, derived=171772858, unit=None), 'IDX__TXHDRLVHK0CH45': ParsedDataItem(IDX__TXHDRLVHK0CH45, raw=134810727, derived=134810727, unit=None), 'IDX__TXHDRLVHK0CH67': ParsedDataItem(IDX__TXHDRLVHK0CH67, raw=205851732, derived=205851732, unit=None), 'IDX__TXHDRLVHK1CH01': ParsedDataItem(IDX__TXHDRLVHK1CH01, raw=33228383, derived=33228383, unit=None), 'IDX__TXHDRLVHK1CH23': ParsedDataItem(IDX__TXHDRLVHK1CH23, raw=76613097, derived=76613097, unit=None), 'IDX__TXHDRLVHK1CH45': ParsedDataItem(IDX__TXHDRLVHK1CH45, raw=225511309, derived=225511309, unit=None), 'IDX__TXHDRLVHK1CH67': ParsedDataItem(IDX__TXHDRLVHK1CH67, raw=192283082, derived=192283082, unit=None), 'IDX__TXHDRLVHK2CH01': ParsedDataItem(IDX__TXHDRLVHK2CH01, raw=80807126, derived=80807126, unit=None), 'IDX__TXHDRLVHK2CH23': ParsedDataItem(IDX__TXHDRLVHK2CH23, raw=212011581, derived=212011581, unit=None), 'IDX__TXHDRLVHK2CH45': ParsedDataItem(IDX__TXHDRLVHK2CH45, raw=101059926, derived=101059926, unit=None), 'IDX__TXHDRLVHK2CH67': ParsedDataItem(IDX__TXHDRLVHK2CH67, raw=3481, derived=3481, unit=None), 'IDX__TXHDRSP09': ParsedDataItem(IDX__TXHDRSP09, raw=0, derived=0, unit=None), 'IDX__TXHDRSP10': ParsedDataItem(IDX__TXHDRSP10, raw=0, derived=0, unit=None), 'IDX__TXHDRFSWAIDCOPY': ParsedDataItem(IDX__TXHDRFSWAIDCOPY, raw=2415008032, derived=2415008032, unit=None), 'IDX__TXHDRFSWBINCOPY': ParsedDataItem(IDX__TXHDRFSWBINCOPY, raw=0, derived=0, unit=None), 'IDX__TXHDRFSWMAJOR': ParsedDataItem(IDX__TXHDRFSWMAJOR, raw=2, derived=2, unit=None), 'IDX__TXHDRFSWMINOR': ParsedDataItem(IDX__TXHDRFSWMINOR, raw=0, derived=0, unit=None), 'IDX__TXHDRFSWPATCH': ParsedDataItem(IDX__TXHDRFSWPATCH, raw=0, derived=0, unit=None), 'IDX__TXHDRFSWHVSTAT': ParsedDataItem(IDX__TXHDRFSWHVSTAT, raw=3, derived=3, unit=None), 'IDX__TXHDRFSWMEM0': ParsedDataItem(IDX__TXHDRFSWMEM0, raw=0, derived=0, unit=None), 'IDX__TXHDRFSWMEM1': ParsedDataItem(IDX__TXHDRFSWMEM1, raw=0, derived=0, unit=None), 'IDX__TXHDRFSWPT0': ParsedDataItem(IDX__TXHDRFSWPT0, raw=0, derived=0, unit=None), 'IDX__TXHDRFSWPT1': ParsedDataItem(IDX__TXHDRFSWPT1, raw=0, derived=0, unit=None), 'IDX__TXHDRFSWPT2': ParsedDataItem(IDX__TXHDRFSWPT2, raw=0, derived=0, unit=None), 'IDX__TXHDRFSWPT3': ParsedDataItem(IDX__TXHDRFSWPT3, raw=0, derived=0, unit=None), 'IDX__TXHDRFSWPT4': ParsedDataItem(IDX__TXHDRFSWPT4, raw=0, derived=0, unit=None), 'IDX__TXHDRFSWPT5': ParsedDataItem(IDX__TXHDRFSWPT5, raw=0, derived=0, unit=None), 'IDX__TXHDRFSWPT6': ParsedDataItem(IDX__TXHDRFSWPT6, raw=0, derived=0, unit=None), 'IDX__TXHDRFSWPT7': ParsedDataItem(IDX__TXHDRFSWPT7, raw=0, derived=0, unit=None), 'IDX__TXHDRFSWPT8': ParsedDataItem(IDX__TXHDRFSWPT8, raw=0, derived=0, unit=None), 'IDX__TXHDRFSWPT9': ParsedDataItem(IDX__TXHDRFSWPT9, raw=0, derived=0, unit=None), 'IDX__TXHDRFPGAVER': ParsedDataItem(IDX__TXHDRFPGAVER, raw=539165480, derived=539165480, unit=None), 'IDX__SYNCSCI0PKT': ParsedDataItem(IDX__SYNCSCI0PKT, raw=13107, derived=13107, unit=None), 'IDX__CRCSCI0PKT': ParsedDataItem(IDX__CRCSCI0PKT, raw=20633, derived=20633, unit=None)}
SHCOARSE = 429139240
SHFINE = 7037
IDX__SCI0AID = 2415008032
IDX__SCI0TYPE = 1
IDX__SCI0CONT = 127
IDX__SCI0SPARE1 = 0
IDX__SCI0PACK = EN
IDX__SCI0FRAG = DS
IDX__SCI0COMP = DS
IDX__SCI0EVTNUM = 6
IDX__SCI0CAT = 32
IDX__SCI0QUAL = 5
IDX__SCI0FRAGOFF = 0
IDX__SCI0VER = 9
IDX__SCI0TIME32 = 429137884
IDX__SCI0SPARE2 = 0
IDX__SCI0SPARE3 = 0
IDX__SCI0SPARE4 = 0
IDX__TXHDRSCIEVTLEN = 8320
IDX__TXHDRSP00 = 0
IDX__TXHDRTIMESEC1 = 6548
IDX__TXHDRTIMESEC2 = 8156
IDX__TXHDRTIMESUBS = 15527
IDX__TXHDRSP01 = 0
IDX__TXHDRTRIGOFFSET = 1
IDX__TXHDRSP02 = 0
IDX__TXHDRTRIGID = 1
IDX__TXHDREVTNUM = 6
IDX__TXHDRBLOCKS = 243679
IDX__TXHDRHGTRIGCTRL1 = 2222981120
IDX__TXHDRHGTRIGCTRL2 = 0
IDX__TXHDRLGTRIGCTRL1 = 4294965248
IDX__TXHDRLGTRIGCTRL2 = 4278255360
IDX__TXHDRMGTRIGCTRL1 = 4294965248
IDX__TXHDRMGTRIGCTRL2 = 4278255360
IDX__TXHDRSP03 = 0
IDX__TXHDRLSADC = 1048320
IDX__TXHDRPOLSTAT = NEG
IDX__TXHDRSP04 = 0
IDX__TXHDRPOLCTRL = POS
IDX__TXHDRCOINENA = DIS
IDX__TXHDRLSTRIGMODE = DIS
IDX__TXHDRMGTRIGMODE = 0
IDX__TXHDRLGTRIGMODE = 0
IDX__TXHDRHGTRIGMODE = 1
IDX__TXHDRSP05 = 0
IDX__TXHDRSP06 = 0
IDX__TXHDRSP07 = 2017
IDX__TXHDRSP08 = 0
IDX__TXHDRTOFMAX = 541596181
IDX__TXHDRTOFMIN = 535295475
IDX__TXHDRLS0MAXMIN = 8529918
IDX__TXHDRLS1MAXMIN = 10114634
IDX__TXHDRLS2MAXMIN = 8640481
IDX__TXHDRFIFODELAY = 17
IDX__TXHDRSAMPDELAY = 7347240
IDX__TXHDRTRANSCNT = 2
IDX__TXHDRPROCHKCH01 = 83165925
IDX__TXHDRPROCHKCH23 = 142411455
IDX__TXHDRPROCHKCH45 = 176096475
IDX__TXHDRPROCHKCH67 = 133761307
IDX__TXHDRHVPSHKCH01 = 131794263
IDX__TXHDRHVPSHKCH23 = 8849069
IDX__TXHDRHVPSHKCH45 = 127731676
IDX__TXHDRHVPSHKCH67 = 19925645
IDX__TXHDRLVHK0CH01 = 134219776
IDX__TXHDRLVHK0CH23 = 171772858
IDX__TXHDRLVHK0CH45 = 134810727
IDX__TXHDRLVHK0CH67 = 205851732
IDX__TXHDRLVHK1CH01 = 33228383
IDX__TXHDRLVHK1CH23 = 76613097
IDX__TXHDRLVHK1CH45 = 225511309
IDX__TXHDRLVHK1CH67 = 192283082
IDX__TXHDRLVHK2CH01 = 80807126
IDX__TXHDRLVHK2CH23 = 212011581
IDX__TXHDRLVHK2CH45 = 101059926
IDX__TXHDRLVHK2CH67 = 3481
IDX__TXHDRSP09 = 0
IDX__TXHDRSP10 = 0
IDX__TXHDRFSWAIDCOPY = 2415008032
IDX__TXHDRFSWBINCOPY = 0
IDX__TXHDRFSWMAJOR = 2
IDX__TXHDRFSWMINOR = 0
IDX__TXHDRFSWPATCH = 0
IDX__TXHDRFSWHVSTAT = 3
IDX__TXHDRFSWMEM0 = 0
IDX__TXHDRFSWMEM1 = 0
IDX__TXHDRFSWPT0 = 0
IDX__TXHDRFSWPT1 = 0
IDX__TXHDRFSWPT2 = 0
IDX__TXHDRFSWPT3 = 0
IDX__TXHDRFSWPT4 = 0
IDX__TXHDRFSWPT5 = 0
IDX__TXHDRFSWPT6 = 0
IDX__TXHDRFSWPT7 = 0
IDX__TXHDRFSWPT8 = 0
IDX__TXHDRFSWPT9 = 0
IDX__TXHDRFPGAVER = 539165480
IDX__SYNCSCI0PKT = 13107
IDX__CRCSCI0PKT = 20633
^*****Event header 7******^
EVTNUM: 7
SCI0TYPE: 1
TXHDRBLOCKS RAW: 243679
TXHDRBLOCKS DERIVED: 243679
-----
HS pre trig sampling blocks:  31
LS pre trig sampling blocks:  3
HS post trig sampling blocks:  31
LS post trig sampling blocks:  11
IDX__TXHDRHVPSHKCH01 = 131794263
Detector voltage =  1367
Sensor voltage =  2011
Target voltage =  1709
Reflectron voltage =  135
Rejection voltage =  2012
Current for HVPS sensor =  1949
Positive current for HVPS sensor =  2701
Negative current for HVPS sensor =  304
Voltage +3.3V reference =  2048
Voltage +3.3V operational reference =  2048
Voltage -6V bus =  3002
Voltage +6V bus =  2621
Voltage +16V bus =  3175
Voltage +3.3V bus =  2057
Voltage -5V bus =  3156
Voltage +5V bus =  3141
Current +3.3V bus =  1631
Current +16V bus =  1169
Current +6V bus =  1513
Current -6V bus =  1169
Current +5V bus =  1933
Current -5V bus =  3441
Current +2.5V bus =  458
Current -2.5V bus =  2934
Current on the 1V POL =  741
Current on the 1.9V POL =  1269
ProcBd Temperature 1 =  1727
ProcBd Temperature 2 =  2173
Voltage on 1V bus =  1243
FPGA Temperature =  2687
Voltage on 1.9V bus =  2331
Voltage on 3.3V bus =  2041
var_to_row = {'Last measurement in raw DN for Processor Board signal “1V POL Current”': 0, 'Last measurement in raw DN for Processor Board signal “1.9V POL Current”': 1, 'Last measurement in raw DN for Processor Board signal “ProcBd Temp1”': 2, nan: 48, 'Last measurement in raw DN for Processor Board signal “ProcBd Temp2”': 6, 'Last measurement in raw DN for Processor Board signal “1V Voltage”': 10, 'Last measurement in raw DN for Processor Board signal “FPGA Temp”': 11, 'Last measurement in raw DN for Processor Board signal “1.9V Voltage”': 12, 'Last measurement in raw DN for Processor Board signal “3.3V Voltage”': 13, 'Last measurement in raw DN for HVPS Board signal “Detector Voltage”': 14, 'Last measurement in raw DN for HVPS Board signal “Sensor Voltage"': 15, 'Last measurement in raw DN for HVPS Board signal “Target Voltage”': 16, 'Last measurement in raw DN for HVPS Board signal “Reflectron Voltage”': 17, 'Last measurement in raw DN for HVPS Board signal “Rejection Voltage”': 18, 'Last measurement in raw DN for HVPS Board signal “Detector Current”': 19, 'Last measurement in raw DN for HVPS Board signal “Sensor IP”': 20, 'Last measurement in raw DN for HVPS Board signal “Sensor IN”': 21, 'Last measurement in raw DN for LVPS Board signal “P3.3VREF_HK”': 22, 'Last measurement in raw DN for LVPS Board signal “P3.3VREF_OP”': 23, 'Last measurement in raw DN for LVPS Board signal “N6V”': 24, 'Last measurement in raw DN for LVPS Board signal “P6V”': 25, 'Last measurement in raw DN for LVPS Board signal “P16V”': 26, 'Last measurement in raw DN for LVPS Board signal “P3.3V”': 27, 'Last measurement in raw DN for LVPS Board signal “N5V”': 28, 'Last measurement in raw DN for LVPS Board signal “P5V”': 29, 'Last measurement in raw DN for LVPS Board signal “P3.3_IMON”': 30, 'Last measurement in raw DN for LVPS Board signal “P16V_IMON”': 31, 'Last measurement in raw DN for LVPS Board signal “P6V_IMON”': 32, 'Last measurement in raw DN for LVPS Board signal “N6V_IMON”': 33, 'Last measurement in raw DN for LVPS Board signal “P5V_IMON”': 34, 'Last measurement in raw DN for LVPS Board signal “N5V_IMON”': 35, 'Last measurement in raw DN for LVPS Board signal “P2.5V_IMON”': 36, 'Last measurement in raw DN for LVPS Board signal “N2.5V_IMON”': 37, 'Last measurement in raw DN for LVPS Board signal “THERM_DECON0”': 38, 'Last measurement in raw DN for LVPS Board signal “THERM_DECON1”': 39, 'Last measurement in raw DN for LVPS Board signal “THERM_DAB”': 40, 'Last measurement in raw DN for LVPS Board signal “THERM_LVPS”': 41, 'Last measurement in raw DN for LVPS Board signal “THERM_HVPS”': 45, 'Last measurement in raw DN for LVPS Board signal “P2.5V”': 49, 'Last measurement in raw DN for LVPS Board signal “N2.5V”': 50, 'Last measurement in raw DN for LVPS Board signal “Spare”': 51}

 
 ***** var_name being converted for each instrument setting ***** 
 

Matching row  18
coeffs for Last measurement in raw DN for Processor Board signal “1V POL Current”= [0.0 0.9029253 0.0 0.0 0.0 0.0 0.0 0.0]
var_name = Last measurement in raw DN for Processor Board signal “1V POL Current”
var_name = current_1V_pol
Header info = 741
Transformed value for current_1V_pol = 669.0676473
Matching row  18
coeffs for Last measurement in raw DN for Processor Board signal “1.9V POL Current”= [0.0 0.9029253 0.0 0.0 0.0 0.0 0.0 0.0]
var_name = Last measurement in raw DN for Processor Board signal “1.9V POL Current”
var_name = current_1.9V_pol
Header info = 1269
Transformed value for current_1.9V_pol = 1145.8122057
Matching row  18
coeffs for Last measurement in raw DN for Processor Board signal “ProcBd Temp1”= [162.8276 -0.2668687 0.0003323794 -2.43153e-07 9.034532e-11 -1.327735e-14
 0.0 0.0]
var_name = Last measurement in raw DN for Processor Board signal “ProcBd Temp1”
var_name = temperature_1
Header info = 1727
Transformed value for temperature_1 = 40.52910177115896
Matching row  18
coeffs for nan= [-104713.9 52.02446 -0.006463374 0.0 0.0 0.0 0.0 0.0]
var_name = nan
var_name = None
KeyError: (7, None) - Could not find entry for None, 48. Please check the Var_notes or variable mapping.
Matching row  18
coeffs for Last measurement in raw DN for Processor Board signal “ProcBd Temp2”= [162.8276 -0.2668687 0.0003323794 -2.43153e-07 9.034532e-11 -1.327735e-14
 0.0 0.0]
var_name = Last measurement in raw DN for Processor Board signal “ProcBd Temp2”
var_name = temperature_2
Header info = 2173
Transformed value for temperature_2 = 28.561168581430252
Matching row  18
coeffs for Last measurement in raw DN for Processor Board signal “1V Voltage”= [0.0 0.000805861 0.0 0.0 0.0 0.0 0.0 0.0]
var_name = Last measurement in raw DN for Processor Board signal “1V Voltage”
var_name = voltage_1V_bus
Header info = 1243
Transformed value for voltage_1V_bus = 1.001685223
Matching row  18
coeffs for Last measurement in raw DN for Processor Board signal “FPGA Temp”= [358.31 -0.1187104 0.0 0.0 0.0 0.0 0.0 0.0]
var_name = Last measurement in raw DN for Processor Board signal “FPGA Temp”
var_name = fpga_temperature
Header info = 2687
Transformed value for fpga_temperature = 39.33515520000003
Matching row  18
coeffs for Last measurement in raw DN for Processor Board signal “1.9V Voltage”= [0.0 0.000805861 0.0 0.0 0.0 0.0 0.0 0.0]
var_name = Last measurement in raw DN for Processor Board signal “1.9V Voltage”
var_name = voltage_1.9V_bus
Header info = 2331
Transformed value for voltage_1.9V_bus = 1.8784619909999998
Matching row  18
coeffs for Last measurement in raw DN for Processor Board signal “3.3V Voltage”= [0.0 0.001611722 0.0 0.0 0.0 0.0 0.0 0.0]
var_name = Last measurement in raw DN for Processor Board signal “3.3V Voltage”
var_name = voltage_3.3V_bus
Header info = 2041
Transformed value for voltage_3.3V_bus = 3.2895246019999997
Matching row  18
coeffs for Last measurement in raw DN for HVPS Board signal “Detector Voltage”= [0.0 1.4652 0.0 0.0 0.0 0.0 0.0 0.0]
var_name = Last measurement in raw DN for HVPS Board signal “Detector Voltage”
var_name = detector_voltage
Header info = 1367
Transformed value for detector_voltage = 2002.9284
Matching row  18
coeffs for Last measurement in raw DN for HVPS Board signal “Sensor Voltage"= [0.0 1.4652 0.0 0.0 0.0 0.0 0.0 0.0]
var_name = Last measurement in raw DN for HVPS Board signal “Sensor Voltage"
var_name = sensor_voltage
Header info = 2011
Transformed value for sensor_voltage = 2946.5172000000002
Matching row  18
coeffs for Last measurement in raw DN for HVPS Board signal “Target Voltage”= [0.0 1.4652 0.0 0.0 0.0 0.0 0.0 0.0]
var_name = Last measurement in raw DN for HVPS Board signal “Target Voltage”
var_name = target_voltage
Header info = 1709
Transformed value for target_voltage = 2504.0268
Matching row  18
coeffs for Last measurement in raw DN for HVPS Board signal “Reflectron Voltage”= [0.0 1.4652 0.0 0.0 0.0 0.0 0.0 0.0]
var_name = Last measurement in raw DN for HVPS Board signal “Reflectron Voltage”
var_name = reflectron_voltage
Header info = 135
Transformed value for reflectron_voltage = 197.80200000000002
Matching row  18
coeffs for Last measurement in raw DN for HVPS Board signal “Rejection Voltage”= [0.0 1.4652 0.0 0.0 0.0 0.0 0.0 0.0]
var_name = Last measurement in raw DN for HVPS Board signal “Rejection Voltage”
var_name = rejection_voltage
Header info = 2012
Transformed value for rejection_voltage = 2947.9824000000003
Matching row  18
coeffs for Last measurement in raw DN for HVPS Board signal “Detector Current”= [0.0 7.326e-06 0.0 0.0 0.0 0.0 0.0 0.0]
var_name = Last measurement in raw DN for HVPS Board signal “Detector Current”
var_name = current_hvps_sensor
Header info = 1949
Transformed value for current_hvps_sensor = 0.014278374
Matching row  18
coeffs for Last measurement in raw DN for HVPS Board signal “Sensor IP”= [0.0 2.4339e-05 0.0 0.0 0.0 0.0 0.0 0.0]
var_name = Last measurement in raw DN for HVPS Board signal “Sensor IP”
var_name = positive_current_hvps
Header info = 2701
Transformed value for positive_current_hvps = 0.065739639
Matching row  18
coeffs for Last measurement in raw DN for HVPS Board signal “Sensor IN”= [0.0 2.4339e-05 0.0 0.0 0.0 0.0 0.0 0.0]
var_name = Last measurement in raw DN for HVPS Board signal “Sensor IN”
var_name = negative_current_hvps
Header info = 304
Transformed value for negative_current_hvps = 0.007399055999999999
Matching row  18
coeffs for Last measurement in raw DN for LVPS Board signal “P3.3VREF_HK”= [0.0 0.00161172 0.0 0.0 0.0 0.0 0.0 0.0]
var_name = Last measurement in raw DN for LVPS Board signal “P3.3VREF_HK”
var_name = voltage_3V3_ref
Header info = 2048
Transformed value for voltage_3V3_ref = 3.30080256
Matching row  18
coeffs for Last measurement in raw DN for LVPS Board signal “P3.3VREF_OP”= [0.0 0.00161172 0.0 0.0 0.0 0.0 0.0 0.0]
var_name = Last measurement in raw DN for LVPS Board signal “P3.3VREF_OP”
var_name = voltage_3V3_op_ref
Header info = 2048
Transformed value for voltage_3V3_op_ref = 3.30080256
Matching row  18
coeffs for Last measurement in raw DN for LVPS Board signal “N6V”= [-33.0 0.00886447 0.0 0.0 0.0 0.0 0.0 0.0]
var_name = Last measurement in raw DN for LVPS Board signal “N6V”
var_name = voltage_neg6V_bus
Header info = 3002
Transformed value for voltage_neg6V_bus = -6.3888610600000035
Matching row  18
coeffs for Last measurement in raw DN for LVPS Board signal “P6V”= [0.0 0.00241758 0.0 0.0 0.0 0.0 0.0 0.0]
var_name = Last measurement in raw DN for LVPS Board signal “P6V”
var_name = voltage_pos6V_bus
Header info = 2621
Transformed value for voltage_pos6V_bus = 6.33647718
Matching row  18
coeffs for Last measurement in raw DN for LVPS Board signal “P16V”= [0.0 0.00482711 0.0 0.0 0.0 0.0 0.0 0.0]
var_name = Last measurement in raw DN for LVPS Board signal “P16V”
var_name = voltage_pos16V_bus
Header info = 3175
Transformed value for voltage_pos16V_bus = 15.32607425
Matching row  18
coeffs for Last measurement in raw DN for LVPS Board signal “P3.3V”= [0.0 0.00161172 0.0 0.0 0.0 0.0 0.0 0.0]
var_name = Last measurement in raw DN for LVPS Board signal “P3.3V”
var_name = voltage_pos3V3_bus
Header info = 2057
Transformed value for voltage_pos3V3_bus = 3.31530804
Matching row  18
coeffs for Last measurement in raw DN for LVPS Board signal “N5V”= [-33.0 0.00886447 0.0 0.0 0.0 0.0 0.0 0.0]
var_name = Last measurement in raw DN for LVPS Board signal “N5V”
var_name = voltage_neg5V_bus
Header info = 3156
Transformed value for voltage_neg5V_bus = -5.023732680000002
Matching row  18
coeffs for Last measurement in raw DN for LVPS Board signal “P5V”= [0.0 0.00161172 0.0 0.0 0.0 0.0 0.0 0.0]
var_name = Last measurement in raw DN for LVPS Board signal “P5V”
var_name = voltage_pos5V_bus
Header info = 3141
Transformed value for voltage_pos5V_bus = 5.0624125200000005
Matching row  18
coeffs for Last measurement in raw DN for LVPS Board signal “P3.3_IMON”= [0.0 0.00161172 0.0 0.0 0.0 0.0 0.0 0.0]
var_name = Last measurement in raw DN for LVPS Board signal “P3.3_IMON”
var_name = current_3V3_bus
Header info = 1631
Transformed value for current_3V3_bus = 2.62871532
Matching row  18
coeffs for Last measurement in raw DN for LVPS Board signal “P16V_IMON”= [0.0 0.000161172 0.0 0.0 0.0 0.0 0.0 0.0]
var_name = Last measurement in raw DN for LVPS Board signal “P16V_IMON”
var_name = current_16V_bus
Header info = 1169
Transformed value for current_16V_bus = 0.188410068
Matching row  18
coeffs for Last measurement in raw DN for LVPS Board signal “P6V_IMON”= [0.0 8.05861e-05 0.0 0.0 0.0 0.0 0.0 0.0]
var_name = Last measurement in raw DN for LVPS Board signal “P6V_IMON”
var_name = current_6V_bus
Header info = 1513
Transformed value for current_6V_bus = 0.1219267693
Matching row  18
coeffs for Last measurement in raw DN for LVPS Board signal “N6V_IMON”= [0.0 -8.05861e-05 0.0 0.0 0.0 0.0 0.0 0.0]
var_name = Last measurement in raw DN for LVPS Board signal “N6V_IMON”
var_name = current_neg6V_bus
Header info = 1169
Transformed value for current_neg6V_bus = -0.09420515089999999
Matching row  18
coeffs for Last measurement in raw DN for LVPS Board signal “P5V_IMON”= [0.0 4.029304e-05 0.0 0.0 0.0 0.0 0.0 0.0]
var_name = Last measurement in raw DN for LVPS Board signal “P5V_IMON”
var_name = current_5V_bus
Header info = 1933
Transformed value for current_5V_bus = 0.07788644632
Matching row  18
coeffs for Last measurement in raw DN for LVPS Board signal “N5V_IMON”= [0.0 -2.01465e-05 0.0 0.0 0.0 0.0 0.0 0.0]
var_name = Last measurement in raw DN for LVPS Board signal “N5V_IMON”
var_name = current_neg5V_bus
Header info = 3441
Transformed value for current_neg5V_bus = -0.06932410650000001
Matching row  18
coeffs for Last measurement in raw DN for LVPS Board signal “P2.5V_IMON”= [0.0 0.00161172 0.0 0.0 0.0 0.0 0.0 0.0]
var_name = Last measurement in raw DN for LVPS Board signal “P2.5V_IMON”
var_name = current_2V5_bus
Header info = 458
Transformed value for current_2V5_bus = 0.7381677600000001
Matching row  18
coeffs for Last measurement in raw DN for LVPS Board signal “N2.5V_IMON”= [0.0 -4.0293e-05 0.0 0.0 0.0 0.0 0.0 0.0]
var_name = Last measurement in raw DN for LVPS Board signal “N2.5V_IMON”
var_name = current_neg2V5_bus
Header info = 2934
Transformed value for current_neg2V5_bus = -0.118219662
Matching row  18
coeffs for Last measurement in raw DN for LVPS Board signal “THERM_DECON0”= [-110.293 0.0665351 0.000305738 -6.32048e-07 5.9934e-10 -2.98784e-13
 7.61361e-17 -7.76467e-21]
var_name = Last measurement in raw DN for LVPS Board signal “THERM_DECON0”
var_name = None
KeyError: (7, None) - Could not find entry for None, 38. Please check the Var_notes or variable mapping.
Matching row  18
coeffs for Last measurement in raw DN for LVPS Board signal “THERM_DECON1”= [-150.478 0.376986 -0.00062072 7.73853e-07 -5.81588e-10 2.56368e-13
 -6.05698e-17 5.96635e-21]
var_name = Last measurement in raw DN for LVPS Board signal “THERM_DECON1”
var_name = None
KeyError: (7, None) - Could not find entry for None, 39. Please check the Var_notes or variable mapping.
Matching row  18
coeffs for Last measurement in raw DN for LVPS Board signal “THERM_DAB”= [-443.248 1.31224 -0.00180422 1.40016e-06 -6.43766e-10 1.7448e-13
 -2.57695e-17 1.60239e-21]
var_name = Last measurement in raw DN for LVPS Board signal “THERM_DAB”
var_name = None
KeyError: (7, None) - Could not find entry for None, 40. Please check the Var_notes or variable mapping.
Matching row  18
coeffs for Last measurement in raw DN for LVPS Board signal “THERM_LVPS”= [200.4137 -0.2020699 0.000175403 -9.739547e-08 2.888932e-11 -3.545603e-15
 0.0 0.0]
var_name = Last measurement in raw DN for LVPS Board signal “THERM_LVPS”
var_name = None
KeyError: (7, None) - Could not find entry for None, 41. Please check the Var_notes or variable mapping.
Matching row  18
coeffs for Last measurement in raw DN for LVPS Board signal “THERM_HVPS”= [200.4137 -0.2020699 0.000175403 -9.739547e-08 2.888932e-11 -3.545603e-15
 0.0 0.0]
var_name = Last measurement in raw DN for LVPS Board signal “THERM_HVPS”
var_name = None
KeyError: (7, None) - Could not find entry for None, 45. Please check the Var_notes or variable mapping.
Matching row  18
coeffs for Last measurement in raw DN for LVPS Board signal “P2.5V”= [0.0 0.00161172 0.0 0.0 0.0 0.0 0.0 0.0]
var_name = Last measurement in raw DN for LVPS Board signal “P2.5V”
var_name = None
KeyError: (7, None) - Could not find entry for None, 49. Please check the Var_notes or variable mapping.
Matching row  18
coeffs for Last measurement in raw DN for LVPS Board signal “N2.5V”= [-33.0 0.00886447 0.0 0.0 0.0 0.0 0.0 0.0]
var_name = Last measurement in raw DN for LVPS Board signal “N2.5V”
var_name = None
KeyError: (7, None) - Could not find entry for None, 50. Please check the Var_notes or variable mapping.
Matching row  18
coeffs for Last measurement in raw DN for LVPS Board signal “Spare”= [0.0 0.00161172 0.0 0.0 0.0 0.0 0.0 0.0]
var_name = Last measurement in raw DN for LVPS Board signal “Spare”
var_name = spare_signal
KeyError: (7, 'spare_signal') - Could not find entry for spare_signal, 51. Please check the Var_notes or variable mapping.
High gain delay = 40 samples.
Mid gain delay = 7 samples.
Low gain delay = 7 samples.
High sampling trigger mode =  0 0 1
High gain trigger mode enabled.
For 2222981120, HG Trigger level = 0.15317, sample settings = 0, 0
Threshold trigger mode enabled for high gain channel.
AID = 2415008032
Event number = 6
Rice compression enabled = False
Timestamp = 429137884.31054 seconds since epoch (Midnight January 1st, 2010)
Trigger time = 2023-08-07T20:58:04.310540Z
7
7
7
7
7
7
7
7
7
7
7
7
7
{'SHCOARSE': ParsedDataItem(SHCOARSE, raw=429139253, derived=429139253, unit=dn), 'SHFINE': ParsedDataItem(SHFINE, raw=7042, derived=7042, unit=dn), 'IDX__SCI0AID': ParsedDataItem(IDX__SCI0AID, raw=2415008032, derived=2415008032, unit=None), 'IDX__SCI0TYPE': ParsedDataItem(IDX__SCI0TYPE, raw=1, derived=1, unit=None), 'IDX__SCI0CONT': ParsedDataItem(IDX__SCI0CONT, raw=127, derived=127, unit=None), 'IDX__SCI0SPARE1': ParsedDataItem(IDX__SCI0SPARE1, raw=0, derived=0, unit=None), 'IDX__SCI0PACK': ParsedDataItem(IDX__SCI0PACK, raw=1, derived=EN, unit=None), 'IDX__SCI0FRAG': ParsedDataItem(IDX__SCI0FRAG, raw=0, derived=DS, unit=None), 'IDX__SCI0COMP': ParsedDataItem(IDX__SCI0COMP, raw=0, derived=DS, unit=None), 'IDX__SCI0EVTNUM': ParsedDataItem(IDX__SCI0EVTNUM, raw=7, derived=7, unit=None), 'IDX__SCI0CAT': ParsedDataItem(IDX__SCI0CAT, raw=32, derived=32, unit=None), 'IDX__SCI0QUAL': ParsedDataItem(IDX__SCI0QUAL, raw=5, derived=5, unit=None), 'IDX__SCI0FRAGOFF': ParsedDataItem(IDX__SCI0FRAGOFF, raw=0, derived=0, unit=None), 'IDX__SCI0VER': ParsedDataItem(IDX__SCI0VER, raw=9, derived=9, unit=None), 'IDX__SCI0TIME32': ParsedDataItem(IDX__SCI0TIME32, raw=429137980, derived=429137980, unit=None), 'IDX__SCI0SPARE2': ParsedDataItem(IDX__SCI0SPARE2, raw=0, derived=0, unit=None), 'IDX__SCI0SPARE3': ParsedDataItem(IDX__SCI0SPARE3, raw=0, derived=0, unit=None), 'IDX__SCI0SPARE4': ParsedDataItem(IDX__SCI0SPARE4, raw=0, derived=0, unit=None), 'IDX__TXHDRSCIEVTLEN': ParsedDataItem(IDX__TXHDRSCIEVTLEN, raw=8320, derived=8320, unit=None), 'IDX__TXHDRSP00': ParsedDataItem(IDX__TXHDRSP00, raw=0, derived=0, unit=None), 'IDX__TXHDRTIMESEC1': ParsedDataItem(IDX__TXHDRTIMESEC1, raw=6548, derived=6548, unit=None), 'IDX__TXHDRTIMESEC2': ParsedDataItem(IDX__TXHDRTIMESEC2, raw=8252, derived=8252, unit=None), 'IDX__TXHDRTIMESUBS': ParsedDataItem(IDX__TXHDRTIMESUBS, raw=9937, derived=9937, unit=None), 'IDX__TXHDRSP01': ParsedDataItem(IDX__TXHDRSP01, raw=0, derived=0, unit=None), 'IDX__TXHDRTRIGOFFSET': ParsedDataItem(IDX__TXHDRTRIGOFFSET, raw=1, derived=1, unit=None), 'IDX__TXHDRSP02': ParsedDataItem(IDX__TXHDRSP02, raw=0, derived=0, unit=None), 'IDX__TXHDRTRIGID': ParsedDataItem(IDX__TXHDRTRIGID, raw=1, derived=1, unit=None), 'IDX__TXHDREVTNUM': ParsedDataItem(IDX__TXHDREVTNUM, raw=7, derived=7, unit=None), 'IDX__TXHDRBLOCKS': ParsedDataItem(IDX__TXHDRBLOCKS, raw=243679, derived=243679, unit=None), 'IDX__TXHDRHGTRIGCTRL1': ParsedDataItem(IDX__TXHDRHGTRIGCTRL1, raw=2222981120, derived=2222981120, unit=None), 'IDX__TXHDRHGTRIGCTRL2': ParsedDataItem(IDX__TXHDRHGTRIGCTRL2, raw=0, derived=0, unit=None), 'IDX__TXHDRLGTRIGCTRL1': ParsedDataItem(IDX__TXHDRLGTRIGCTRL1, raw=4294965248, derived=4294965248, unit=None), 'IDX__TXHDRLGTRIGCTRL2': ParsedDataItem(IDX__TXHDRLGTRIGCTRL2, raw=4278255360, derived=4278255360, unit=None), 'IDX__TXHDRMGTRIGCTRL1': ParsedDataItem(IDX__TXHDRMGTRIGCTRL1, raw=4294965248, derived=4294965248, unit=None), 'IDX__TXHDRMGTRIGCTRL2': ParsedDataItem(IDX__TXHDRMGTRIGCTRL2, raw=4278255360, derived=4278255360, unit=None), 'IDX__TXHDRSP03': ParsedDataItem(IDX__TXHDRSP03, raw=0, derived=0, unit=None), 'IDX__TXHDRLSADC': ParsedDataItem(IDX__TXHDRLSADC, raw=1048320, derived=1048320, unit=None), 'IDX__TXHDRPOLSTAT': ParsedDataItem(IDX__TXHDRPOLSTAT, raw=1, derived=NEG, unit=None), 'IDX__TXHDRSP04': ParsedDataItem(IDX__TXHDRSP04, raw=0, derived=0, unit=None), 'IDX__TXHDRPOLCTRL': ParsedDataItem(IDX__TXHDRPOLCTRL, raw=0, derived=POS, unit=None), 'IDX__TXHDRCOINENA': ParsedDataItem(IDX__TXHDRCOINENA, raw=0, derived=DIS, unit=None), 'IDX__TXHDRLSTRIGMODE': ParsedDataItem(IDX__TXHDRLSTRIGMODE, raw=0, derived=DIS, unit=None), 'IDX__TXHDRMGTRIGMODE': ParsedDataItem(IDX__TXHDRMGTRIGMODE, raw=0, derived=0, unit=None), 'IDX__TXHDRLGTRIGMODE': ParsedDataItem(IDX__TXHDRLGTRIGMODE, raw=0, derived=0, unit=None), 'IDX__TXHDRHGTRIGMODE': ParsedDataItem(IDX__TXHDRHGTRIGMODE, raw=1, derived=1, unit=None), 'IDX__TXHDRSP05': ParsedDataItem(IDX__TXHDRSP05, raw=0, derived=0, unit=None), 'IDX__TXHDRSP06': ParsedDataItem(IDX__TXHDRSP06, raw=0, derived=0, unit=None), 'IDX__TXHDRSP07': ParsedDataItem(IDX__TXHDRSP07, raw=2019, derived=2019, unit=None), 'IDX__TXHDRSP08': ParsedDataItem(IDX__TXHDRSP08, raw=0, derived=0, unit=None), 'IDX__TXHDRTOFMAX': ParsedDataItem(IDX__TXHDRTOFMAX, raw=541596260, derived=541596260, unit=None), 'IDX__TXHDRTOFMIN': ParsedDataItem(IDX__TXHDRTOFMIN, raw=535295474, derived=535295474, unit=None), 'IDX__TXHDRLS0MAXMIN': ParsedDataItem(IDX__TXHDRLS0MAXMIN, raw=8534014, derived=8534014, unit=None), 'IDX__TXHDRLS1MAXMIN': ParsedDataItem(IDX__TXHDRLS1MAXMIN, raw=10253831, derived=10253831, unit=None), 'IDX__TXHDRLS2MAXMIN': ParsedDataItem(IDX__TXHDRLS2MAXMIN, raw=8378337, derived=8378337, unit=None), 'IDX__TXHDRFIFODELAY': ParsedDataItem(IDX__TXHDRFIFODELAY, raw=18, derived=18, unit=None), 'IDX__TXHDRSAMPDELAY': ParsedDataItem(IDX__TXHDRSAMPDELAY, raw=7347243, derived=7347243, unit=None), 'IDX__TXHDRTRANSCNT': ParsedDataItem(IDX__TXHDRTRANSCNT, raw=2, derived=2, unit=None), 'IDX__TXHDRPROCHKCH01': ParsedDataItem(IDX__TXHDRPROCHKCH01, raw=83231465, derived=83231465, unit=None), 'IDX__TXHDRPROCHKCH23': ParsedDataItem(IDX__TXHDRPROCHKCH23, raw=140576419, derived=140576419, unit=None), 'IDX__TXHDRPROCHKCH45': ParsedDataItem(IDX__TXHDRPROCHKCH45, raw=175768795, derived=175768795, unit=None), 'IDX__TXHDRPROCHKCH67': ParsedDataItem(IDX__TXHDRPROCHKCH67, raw=133761306, derived=133761306, unit=None), 'IDX__TXHDRHVPSHKCH01': ParsedDataItem(IDX__TXHDRHVPSHKCH01, raw=131794262, derived=131794262, unit=None), 'IDX__TXHDRHVPSHKCH23': ParsedDataItem(IDX__TXHDRHVPSHKCH23, raw=8849069, derived=8849069, unit=None), 'IDX__TXHDRHVPSHKCH45': ParsedDataItem(IDX__TXHDRHVPSHKCH45, raw=127731675, derived=127731675, unit=None), 'IDX__TXHDRHVPSHKCH67': ParsedDataItem(IDX__TXHDRHVPSHKCH67, raw=19925645, derived=19925645, unit=None), 'IDX__TXHDRLVHK0CH01': ParsedDataItem(IDX__TXHDRLVHK0CH01, raw=134219776, derived=134219776, unit=None), 'IDX__TXHDRLVHK0CH23': ParsedDataItem(IDX__TXHDRLVHK0CH23, raw=171772858, derived=171772858, unit=None), 'IDX__TXHDRLVHK0CH45': ParsedDataItem(IDX__TXHDRLVHK0CH45, raw=134810727, derived=134810727, unit=None), 'IDX__TXHDRLVHK0CH67': ParsedDataItem(IDX__TXHDRLVHK0CH67, raw=205851732, derived=205851732, unit=None), 'IDX__TXHDRLVHK1CH01': ParsedDataItem(IDX__TXHDRLVHK1CH01, raw=33228385, derived=33228385, unit=None), 'IDX__TXHDRLVHK1CH23': ParsedDataItem(IDX__TXHDRLVHK1CH23, raw=76678634, derived=76678634, unit=None), 'IDX__TXHDRLVHK1CH45': ParsedDataItem(IDX__TXHDRLVHK1CH45, raw=225576846, derived=225576846, unit=None), 'IDX__TXHDRLVHK1CH67': ParsedDataItem(IDX__TXHDRLVHK1CH67, raw=192283081, derived=192283081, unit=None), 'IDX__TXHDRLVHK2CH01': ParsedDataItem(IDX__TXHDRLVHK2CH01, raw=80807126, derived=80807126, unit=None), 'IDX__TXHDRLVHK2CH23': ParsedDataItem(IDX__TXHDRLVHK2CH23, raw=211421758, derived=211421758, unit=None), 'IDX__TXHDRLVHK2CH45': ParsedDataItem(IDX__TXHDRLVHK2CH45, raw=101059919, derived=101059919, unit=None), 'IDX__TXHDRLVHK2CH67': ParsedDataItem(IDX__TXHDRLVHK2CH67, raw=69017, derived=69017, unit=None), 'IDX__TXHDRSP09': ParsedDataItem(IDX__TXHDRSP09, raw=0, derived=0, unit=None), 'IDX__TXHDRSP10': ParsedDataItem(IDX__TXHDRSP10, raw=0, derived=0, unit=None), 'IDX__TXHDRFSWAIDCOPY': ParsedDataItem(IDX__TXHDRFSWAIDCOPY, raw=2415008032, derived=2415008032, unit=None), 'IDX__TXHDRFSWBINCOPY': ParsedDataItem(IDX__TXHDRFSWBINCOPY, raw=0, derived=0, unit=None), 'IDX__TXHDRFSWMAJOR': ParsedDataItem(IDX__TXHDRFSWMAJOR, raw=2, derived=2, unit=None), 'IDX__TXHDRFSWMINOR': ParsedDataItem(IDX__TXHDRFSWMINOR, raw=0, derived=0, unit=None), 'IDX__TXHDRFSWPATCH': ParsedDataItem(IDX__TXHDRFSWPATCH, raw=0, derived=0, unit=None), 'IDX__TXHDRFSWHVSTAT': ParsedDataItem(IDX__TXHDRFSWHVSTAT, raw=3, derived=3, unit=None), 'IDX__TXHDRFSWMEM0': ParsedDataItem(IDX__TXHDRFSWMEM0, raw=0, derived=0, unit=None), 'IDX__TXHDRFSWMEM1': ParsedDataItem(IDX__TXHDRFSWMEM1, raw=0, derived=0, unit=None), 'IDX__TXHDRFSWPT0': ParsedDataItem(IDX__TXHDRFSWPT0, raw=0, derived=0, unit=None), 'IDX__TXHDRFSWPT1': ParsedDataItem(IDX__TXHDRFSWPT1, raw=0, derived=0, unit=None), 'IDX__TXHDRFSWPT2': ParsedDataItem(IDX__TXHDRFSWPT2, raw=0, derived=0, unit=None), 'IDX__TXHDRFSWPT3': ParsedDataItem(IDX__TXHDRFSWPT3, raw=0, derived=0, unit=None), 'IDX__TXHDRFSWPT4': ParsedDataItem(IDX__TXHDRFSWPT4, raw=0, derived=0, unit=None), 'IDX__TXHDRFSWPT5': ParsedDataItem(IDX__TXHDRFSWPT5, raw=0, derived=0, unit=None), 'IDX__TXHDRFSWPT6': ParsedDataItem(IDX__TXHDRFSWPT6, raw=0, derived=0, unit=None), 'IDX__TXHDRFSWPT7': ParsedDataItem(IDX__TXHDRFSWPT7, raw=0, derived=0, unit=None), 'IDX__TXHDRFSWPT8': ParsedDataItem(IDX__TXHDRFSWPT8, raw=0, derived=0, unit=None), 'IDX__TXHDRFSWPT9': ParsedDataItem(IDX__TXHDRFSWPT9, raw=0, derived=0, unit=None), 'IDX__TXHDRFPGAVER': ParsedDataItem(IDX__TXHDRFPGAVER, raw=539165480, derived=539165480, unit=None), 'IDX__SYNCSCI0PKT': ParsedDataItem(IDX__SYNCSCI0PKT, raw=13107, derived=13107, unit=None), 'IDX__CRCSCI0PKT': ParsedDataItem(IDX__CRCSCI0PKT, raw=51154, derived=51154, unit=None)}
SHCOARSE = 429139253
SHFINE = 7042
IDX__SCI0AID = 2415008032
IDX__SCI0TYPE = 1
IDX__SCI0CONT = 127
IDX__SCI0SPARE1 = 0
IDX__SCI0PACK = EN
IDX__SCI0FRAG = DS
IDX__SCI0COMP = DS
IDX__SCI0EVTNUM = 7
IDX__SCI0CAT = 32
IDX__SCI0QUAL = 5
IDX__SCI0FRAGOFF = 0
IDX__SCI0VER = 9
IDX__SCI0TIME32 = 429137980
IDX__SCI0SPARE2 = 0
IDX__SCI0SPARE3 = 0
IDX__SCI0SPARE4 = 0
IDX__TXHDRSCIEVTLEN = 8320
IDX__TXHDRSP00 = 0
IDX__TXHDRTIMESEC1 = 6548
IDX__TXHDRTIMESEC2 = 8252
IDX__TXHDRTIMESUBS = 9937
IDX__TXHDRSP01 = 0
IDX__TXHDRTRIGOFFSET = 1
IDX__TXHDRSP02 = 0
IDX__TXHDRTRIGID = 1
IDX__TXHDREVTNUM = 7
IDX__TXHDRBLOCKS = 243679
IDX__TXHDRHGTRIGCTRL1 = 2222981120
IDX__TXHDRHGTRIGCTRL2 = 0
IDX__TXHDRLGTRIGCTRL1 = 4294965248
IDX__TXHDRLGTRIGCTRL2 = 4278255360
IDX__TXHDRMGTRIGCTRL1 = 4294965248
IDX__TXHDRMGTRIGCTRL2 = 4278255360
IDX__TXHDRSP03 = 0
IDX__TXHDRLSADC = 1048320
IDX__TXHDRPOLSTAT = NEG
IDX__TXHDRSP04 = 0
IDX__TXHDRPOLCTRL = POS
IDX__TXHDRCOINENA = DIS
IDX__TXHDRLSTRIGMODE = DIS
IDX__TXHDRMGTRIGMODE = 0
IDX__TXHDRLGTRIGMODE = 0
IDX__TXHDRHGTRIGMODE = 1
IDX__TXHDRSP05 = 0
IDX__TXHDRSP06 = 0
IDX__TXHDRSP07 = 2019
IDX__TXHDRSP08 = 0
IDX__TXHDRTOFMAX = 541596260
IDX__TXHDRTOFMIN = 535295474
IDX__TXHDRLS0MAXMIN = 8534014
IDX__TXHDRLS1MAXMIN = 10253831
IDX__TXHDRLS2MAXMIN = 8378337
IDX__TXHDRFIFODELAY = 18
IDX__TXHDRSAMPDELAY = 7347243
IDX__TXHDRTRANSCNT = 2
IDX__TXHDRPROCHKCH01 = 83231465
IDX__TXHDRPROCHKCH23 = 140576419
IDX__TXHDRPROCHKCH45 = 175768795
IDX__TXHDRPROCHKCH67 = 133761306
IDX__TXHDRHVPSHKCH01 = 131794262
IDX__TXHDRHVPSHKCH23 = 8849069
IDX__TXHDRHVPSHKCH45 = 127731675
IDX__TXHDRHVPSHKCH67 = 19925645
IDX__TXHDRLVHK0CH01 = 134219776
IDX__TXHDRLVHK0CH23 = 171772858
IDX__TXHDRLVHK0CH45 = 134810727
IDX__TXHDRLVHK0CH67 = 205851732
IDX__TXHDRLVHK1CH01 = 33228385
IDX__TXHDRLVHK1CH23 = 76678634
IDX__TXHDRLVHK1CH45 = 225576846
IDX__TXHDRLVHK1CH67 = 192283081
IDX__TXHDRLVHK2CH01 = 80807126
IDX__TXHDRLVHK2CH23 = 211421758
IDX__TXHDRLVHK2CH45 = 101059919
IDX__TXHDRLVHK2CH67 = 69017
IDX__TXHDRSP09 = 0
IDX__TXHDRSP10 = 0
IDX__TXHDRFSWAIDCOPY = 2415008032
IDX__TXHDRFSWBINCOPY = 0
IDX__TXHDRFSWMAJOR = 2
IDX__TXHDRFSWMINOR = 0
IDX__TXHDRFSWPATCH = 0
IDX__TXHDRFSWHVSTAT = 3
IDX__TXHDRFSWMEM0 = 0
IDX__TXHDRFSWMEM1 = 0
IDX__TXHDRFSWPT0 = 0
IDX__TXHDRFSWPT1 = 0
IDX__TXHDRFSWPT2 = 0
IDX__TXHDRFSWPT3 = 0
IDX__TXHDRFSWPT4 = 0
IDX__TXHDRFSWPT5 = 0
IDX__TXHDRFSWPT6 = 0
IDX__TXHDRFSWPT7 = 0
IDX__TXHDRFSWPT8 = 0
IDX__TXHDRFSWPT9 = 0
IDX__TXHDRFPGAVER = 539165480
IDX__SYNCSCI0PKT = 13107
IDX__CRCSCI0PKT = 51154
^*****Event header 8******^
EVTNUM: 8
SCI0TYPE: 1
TXHDRBLOCKS RAW: 243679
TXHDRBLOCKS DERIVED: 243679
-----
HS pre trig sampling blocks:  31
LS pre trig sampling blocks:  3
HS post trig sampling blocks:  31
LS post trig sampling blocks:  11
IDX__TXHDRHVPSHKCH01 = 131794262
Detector voltage =  1366
Sensor voltage =  2011
Target voltage =  1709
Reflectron voltage =  135
Rejection voltage =  2011
Current for HVPS sensor =  1949
Positive current for HVPS sensor =  2701
Negative current for HVPS sensor =  304
Voltage +3.3V reference =  2048
Voltage +3.3V operational reference =  2048
Voltage -6V bus =  3002
Voltage +6V bus =  2621
Voltage +16V bus =  3175
Voltage +3.3V bus =  2057
Voltage -5V bus =  3156
Voltage +5V bus =  3141
Current +3.3V bus =  1633
Current +16V bus =  1170
Current +6V bus =  1514
Current -6V bus =  1170
Current +5V bus =  1934
Current -5V bus =  3442
Current +2.5V bus =  457
Current -2.5V bus =  2934
Current on the 1V POL =  745
Current on the 1.9V POL =  1270
ProcBd Temperature 1 =  1699
ProcBd Temperature 2 =  2145
Voltage on 1V bus =  1243
FPGA Temperature =  2682
Voltage on 1.9V bus =  2330
Voltage on 3.3V bus =  2041
var_to_row = {'Last measurement in raw DN for Processor Board signal “1V POL Current”': 0, 'Last measurement in raw DN for Processor Board signal “1.9V POL Current”': 1, 'Last measurement in raw DN for Processor Board signal “ProcBd Temp1”': 2, nan: 48, 'Last measurement in raw DN for Processor Board signal “ProcBd Temp2”': 6, 'Last measurement in raw DN for Processor Board signal “1V Voltage”': 10, 'Last measurement in raw DN for Processor Board signal “FPGA Temp”': 11, 'Last measurement in raw DN for Processor Board signal “1.9V Voltage”': 12, 'Last measurement in raw DN for Processor Board signal “3.3V Voltage”': 13, 'Last measurement in raw DN for HVPS Board signal “Detector Voltage”': 14, 'Last measurement in raw DN for HVPS Board signal “Sensor Voltage"': 15, 'Last measurement in raw DN for HVPS Board signal “Target Voltage”': 16, 'Last measurement in raw DN for HVPS Board signal “Reflectron Voltage”': 17, 'Last measurement in raw DN for HVPS Board signal “Rejection Voltage”': 18, 'Last measurement in raw DN for HVPS Board signal “Detector Current”': 19, 'Last measurement in raw DN for HVPS Board signal “Sensor IP”': 20, 'Last measurement in raw DN for HVPS Board signal “Sensor IN”': 21, 'Last measurement in raw DN for LVPS Board signal “P3.3VREF_HK”': 22, 'Last measurement in raw DN for LVPS Board signal “P3.3VREF_OP”': 23, 'Last measurement in raw DN for LVPS Board signal “N6V”': 24, 'Last measurement in raw DN for LVPS Board signal “P6V”': 25, 'Last measurement in raw DN for LVPS Board signal “P16V”': 26, 'Last measurement in raw DN for LVPS Board signal “P3.3V”': 27, 'Last measurement in raw DN for LVPS Board signal “N5V”': 28, 'Last measurement in raw DN for LVPS Board signal “P5V”': 29, 'Last measurement in raw DN for LVPS Board signal “P3.3_IMON”': 30, 'Last measurement in raw DN for LVPS Board signal “P16V_IMON”': 31, 'Last measurement in raw DN for LVPS Board signal “P6V_IMON”': 32, 'Last measurement in raw DN for LVPS Board signal “N6V_IMON”': 33, 'Last measurement in raw DN for LVPS Board signal “P5V_IMON”': 34, 'Last measurement in raw DN for LVPS Board signal “N5V_IMON”': 35, 'Last measurement in raw DN for LVPS Board signal “P2.5V_IMON”': 36, 'Last measurement in raw DN for LVPS Board signal “N2.5V_IMON”': 37, 'Last measurement in raw DN for LVPS Board signal “THERM_DECON0”': 38, 'Last measurement in raw DN for LVPS Board signal “THERM_DECON1”': 39, 'Last measurement in raw DN for LVPS Board signal “THERM_DAB”': 40, 'Last measurement in raw DN for LVPS Board signal “THERM_LVPS”': 41, 'Last measurement in raw DN for LVPS Board signal “THERM_HVPS”': 45, 'Last measurement in raw DN for LVPS Board signal “P2.5V”': 49, 'Last measurement in raw DN for LVPS Board signal “N2.5V”': 50, 'Last measurement in raw DN for LVPS Board signal “Spare”': 51}

 
 ***** var_name being converted for each instrument setting ***** 
 

Matching row  18
coeffs for Last measurement in raw DN for Processor Board signal “1V POL Current”= [0.0 0.9029253 0.0 0.0 0.0 0.0 0.0 0.0]
var_name = Last measurement in raw DN for Processor Board signal “1V POL Current”
var_name = current_1V_pol
Header info = 745
Transformed value for current_1V_pol = 672.6793485000001
Matching row  18
coeffs for Last measurement in raw DN for Processor Board signal “1.9V POL Current”= [0.0 0.9029253 0.0 0.0 0.0 0.0 0.0 0.0]
var_name = Last measurement in raw DN for Processor Board signal “1.9V POL Current”
var_name = current_1.9V_pol
Header info = 1270
Transformed value for current_1.9V_pol = 1146.7151310000002
Matching row  18
coeffs for Last measurement in raw DN for Processor Board signal “ProcBd Temp1”= [162.8276 -0.2668687 0.0003323794 -2.43153e-07 9.034532e-11 -1.327735e-14
 0.0 0.0]
var_name = Last measurement in raw DN for Processor Board signal “ProcBd Temp1”
var_name = temperature_1
Header info = 1699
Transformed value for temperature_1 = 41.194275161776375
Matching row  18
coeffs for nan= [-104713.9 52.02446 -0.006463374 0.0 0.0 0.0 0.0 0.0]
var_name = nan
var_name = None
KeyError: (8, None) - Could not find entry for None, 48. Please check the Var_notes or variable mapping.
Matching row  18
coeffs for Last measurement in raw DN for Processor Board signal “ProcBd Temp2”= [162.8276 -0.2668687 0.0003323794 -2.43153e-07 9.034532e-11 -1.327735e-14
 0.0 0.0]
var_name = Last measurement in raw DN for Processor Board signal “ProcBd Temp2”
var_name = temperature_2
Header info = 2145
Transformed value for temperature_2 = 29.610323809793044
Matching row  18
coeffs for Last measurement in raw DN for Processor Board signal “1V Voltage”= [0.0 0.000805861 0.0 0.0 0.0 0.0 0.0 0.0]
var_name = Last measurement in raw DN for Processor Board signal “1V Voltage”
var_name = voltage_1V_bus
Header info = 1243
Transformed value for voltage_1V_bus = 1.001685223
Matching row  18
coeffs for Last measurement in raw DN for Processor Board signal “FPGA Temp”= [358.31 -0.1187104 0.0 0.0 0.0 0.0 0.0 0.0]
var_name = Last measurement in raw DN for Processor Board signal “FPGA Temp”
var_name = fpga_temperature
Header info = 2682
Transformed value for fpga_temperature = 39.92870720000002
Matching row  18
coeffs for Last measurement in raw DN for Processor Board signal “1.9V Voltage”= [0.0 0.000805861 0.0 0.0 0.0 0.0 0.0 0.0]
var_name = Last measurement in raw DN for Processor Board signal “1.9V Voltage”
var_name = voltage_1.9V_bus
Header info = 2330
Transformed value for voltage_1.9V_bus = 1.8776561299999999
Matching row  18
coeffs for Last measurement in raw DN for Processor Board signal “3.3V Voltage”= [0.0 0.001611722 0.0 0.0 0.0 0.0 0.0 0.0]
var_name = Last measurement in raw DN for Processor Board signal “3.3V Voltage”
var_name = voltage_3.3V_bus
Header info = 2041
Transformed value for voltage_3.3V_bus = 3.2895246019999997
Matching row  18
coeffs for Last measurement in raw DN for HVPS Board signal “Detector Voltage”= [0.0 1.4652 0.0 0.0 0.0 0.0 0.0 0.0]
var_name = Last measurement in raw DN for HVPS Board signal “Detector Voltage”
var_name = detector_voltage
Header info = 1366
Transformed value for detector_voltage = 2001.4632000000001
Matching row  18
coeffs for Last measurement in raw DN for HVPS Board signal “Sensor Voltage"= [0.0 1.4652 0.0 0.0 0.0 0.0 0.0 0.0]
var_name = Last measurement in raw DN for HVPS Board signal “Sensor Voltage"
var_name = sensor_voltage
Header info = 2011
Transformed value for sensor_voltage = 2946.5172000000002
Matching row  18
coeffs for Last measurement in raw DN for HVPS Board signal “Target Voltage”= [0.0 1.4652 0.0 0.0 0.0 0.0 0.0 0.0]
var_name = Last measurement in raw DN for HVPS Board signal “Target Voltage”
var_name = target_voltage
Header info = 1709
Transformed value for target_voltage = 2504.0268
Matching row  18
coeffs for Last measurement in raw DN for HVPS Board signal “Reflectron Voltage”= [0.0 1.4652 0.0 0.0 0.0 0.0 0.0 0.0]
var_name = Last measurement in raw DN for HVPS Board signal “Reflectron Voltage”
var_name = reflectron_voltage
Header info = 135
Transformed value for reflectron_voltage = 197.80200000000002
Matching row  18
coeffs for Last measurement in raw DN for HVPS Board signal “Rejection Voltage”= [0.0 1.4652 0.0 0.0 0.0 0.0 0.0 0.0]
var_name = Last measurement in raw DN for HVPS Board signal “Rejection Voltage”
var_name = rejection_voltage
Header info = 2011
Transformed value for rejection_voltage = 2946.5172000000002
Matching row  18
coeffs for Last measurement in raw DN for HVPS Board signal “Detector Current”= [0.0 7.326e-06 0.0 0.0 0.0 0.0 0.0 0.0]
var_name = Last measurement in raw DN for HVPS Board signal “Detector Current”
var_name = current_hvps_sensor
Header info = 1949
Transformed value for current_hvps_sensor = 0.014278374
Matching row  18
coeffs for Last measurement in raw DN for HVPS Board signal “Sensor IP”= [0.0 2.4339e-05 0.0 0.0 0.0 0.0 0.0 0.0]
var_name = Last measurement in raw DN for HVPS Board signal “Sensor IP”
var_name = positive_current_hvps
Header info = 2701
Transformed value for positive_current_hvps = 0.065739639
Matching row  18
coeffs for Last measurement in raw DN for HVPS Board signal “Sensor IN”= [0.0 2.4339e-05 0.0 0.0 0.0 0.0 0.0 0.0]
var_name = Last measurement in raw DN for HVPS Board signal “Sensor IN”
var_name = negative_current_hvps
Header info = 304
Transformed value for negative_current_hvps = 0.007399055999999999
Matching row  18
coeffs for Last measurement in raw DN for LVPS Board signal “P3.3VREF_HK”= [0.0 0.00161172 0.0 0.0 0.0 0.0 0.0 0.0]
var_name = Last measurement in raw DN for LVPS Board signal “P3.3VREF_HK”
var_name = voltage_3V3_ref
Header info = 2048
Transformed value for voltage_3V3_ref = 3.30080256
Matching row  18
coeffs for Last measurement in raw DN for LVPS Board signal “P3.3VREF_OP”= [0.0 0.00161172 0.0 0.0 0.0 0.0 0.0 0.0]
var_name = Last measurement in raw DN for LVPS Board signal “P3.3VREF_OP”
var_name = voltage_3V3_op_ref
Header info = 2048
Transformed value for voltage_3V3_op_ref = 3.30080256
Matching row  18
coeffs for Last measurement in raw DN for LVPS Board signal “N6V”= [-33.0 0.00886447 0.0 0.0 0.0 0.0 0.0 0.0]
var_name = Last measurement in raw DN for LVPS Board signal “N6V”
var_name = voltage_neg6V_bus
Header info = 3002
Transformed value for voltage_neg6V_bus = -6.3888610600000035
Matching row  18
coeffs for Last measurement in raw DN for LVPS Board signal “P6V”= [0.0 0.00241758 0.0 0.0 0.0 0.0 0.0 0.0]
var_name = Last measurement in raw DN for LVPS Board signal “P6V”
var_name = voltage_pos6V_bus
Header info = 2621
Transformed value for voltage_pos6V_bus = 6.33647718
Matching row  18
coeffs for Last measurement in raw DN for LVPS Board signal “P16V”= [0.0 0.00482711 0.0 0.0 0.0 0.0 0.0 0.0]
var_name = Last measurement in raw DN for LVPS Board signal “P16V”
var_name = voltage_pos16V_bus
Header info = 3175
Transformed value for voltage_pos16V_bus = 15.32607425
Matching row  18
coeffs for Last measurement in raw DN for LVPS Board signal “P3.3V”= [0.0 0.00161172 0.0 0.0 0.0 0.0 0.0 0.0]
var_name = Last measurement in raw DN for LVPS Board signal “P3.3V”
var_name = voltage_pos3V3_bus
Header info = 2057
Transformed value for voltage_pos3V3_bus = 3.31530804
Matching row  18
coeffs for Last measurement in raw DN for LVPS Board signal “N5V”= [-33.0 0.00886447 0.0 0.0 0.0 0.0 0.0 0.0]
var_name = Last measurement in raw DN for LVPS Board signal “N5V”
var_name = voltage_neg5V_bus
Header info = 3156
Transformed value for voltage_neg5V_bus = -5.023732680000002
Matching row  18
coeffs for Last measurement in raw DN for LVPS Board signal “P5V”= [0.0 0.00161172 0.0 0.0 0.0 0.0 0.0 0.0]
var_name = Last measurement in raw DN for LVPS Board signal “P5V”
var_name = voltage_pos5V_bus
Header info = 3141
Transformed value for voltage_pos5V_bus = 5.0624125200000005
Matching row  18
coeffs for Last measurement in raw DN for LVPS Board signal “P3.3_IMON”= [0.0 0.00161172 0.0 0.0 0.0 0.0 0.0 0.0]
var_name = Last measurement in raw DN for LVPS Board signal “P3.3_IMON”
var_name = current_3V3_bus
Header info = 1633
Transformed value for current_3V3_bus = 2.63193876
Matching row  18
coeffs for Last measurement in raw DN for LVPS Board signal “P16V_IMON”= [0.0 0.000161172 0.0 0.0 0.0 0.0 0.0 0.0]
var_name = Last measurement in raw DN for LVPS Board signal “P16V_IMON”
var_name = current_16V_bus
Header info = 1170
Transformed value for current_16V_bus = 0.18857124
Matching row  18
coeffs for Last measurement in raw DN for LVPS Board signal “P6V_IMON”= [0.0 8.05861e-05 0.0 0.0 0.0 0.0 0.0 0.0]
var_name = Last measurement in raw DN for LVPS Board signal “P6V_IMON”
var_name = current_6V_bus
Header info = 1514
Transformed value for current_6V_bus = 0.12200735539999999
Matching row  18
coeffs for Last measurement in raw DN for LVPS Board signal “N6V_IMON”= [0.0 -8.05861e-05 0.0 0.0 0.0 0.0 0.0 0.0]
var_name = Last measurement in raw DN for LVPS Board signal “N6V_IMON”
var_name = current_neg6V_bus
Header info = 1170
Transformed value for current_neg6V_bus = -0.094285737
Matching row  18
coeffs for Last measurement in raw DN for LVPS Board signal “P5V_IMON”= [0.0 4.029304e-05 0.0 0.0 0.0 0.0 0.0 0.0]
var_name = Last measurement in raw DN for LVPS Board signal “P5V_IMON”
var_name = current_5V_bus
Header info = 1934
Transformed value for current_5V_bus = 0.07792673936
Matching row  18
coeffs for Last measurement in raw DN for LVPS Board signal “N5V_IMON”= [0.0 -2.01465e-05 0.0 0.0 0.0 0.0 0.0 0.0]
var_name = Last measurement in raw DN for LVPS Board signal “N5V_IMON”
var_name = current_neg5V_bus
Header info = 3442
Transformed value for current_neg5V_bus = -0.06934425300000001
Matching row  18
coeffs for Last measurement in raw DN for LVPS Board signal “P2.5V_IMON”= [0.0 0.00161172 0.0 0.0 0.0 0.0 0.0 0.0]
var_name = Last measurement in raw DN for LVPS Board signal “P2.5V_IMON”
var_name = current_2V5_bus
Header info = 457
Transformed value for current_2V5_bus = 0.7365560400000001
Matching row  18
coeffs for Last measurement in raw DN for LVPS Board signal “N2.5V_IMON”= [0.0 -4.0293e-05 0.0 0.0 0.0 0.0 0.0 0.0]
var_name = Last measurement in raw DN for LVPS Board signal “N2.5V_IMON”
var_name = current_neg2V5_bus
Header info = 2934
Transformed value for current_neg2V5_bus = -0.118219662
Matching row  18
coeffs for Last measurement in raw DN for LVPS Board signal “THERM_DECON0”= [-110.293 0.0665351 0.000305738 -6.32048e-07 5.9934e-10 -2.98784e-13
 7.61361e-17 -7.76467e-21]
var_name = Last measurement in raw DN for LVPS Board signal “THERM_DECON0”
var_name = None
KeyError: (8, None) - Could not find entry for None, 38. Please check the Var_notes or variable mapping.
Matching row  18
coeffs for Last measurement in raw DN for LVPS Board signal “THERM_DECON1”= [-150.478 0.376986 -0.00062072 7.73853e-07 -5.81588e-10 2.56368e-13
 -6.05698e-17 5.96635e-21]
var_name = Last measurement in raw DN for LVPS Board signal “THERM_DECON1”
var_name = None
KeyError: (8, None) - Could not find entry for None, 39. Please check the Var_notes or variable mapping.
Matching row  18
coeffs for Last measurement in raw DN for LVPS Board signal “THERM_DAB”= [-443.248 1.31224 -0.00180422 1.40016e-06 -6.43766e-10 1.7448e-13
 -2.57695e-17 1.60239e-21]
var_name = Last measurement in raw DN for LVPS Board signal “THERM_DAB”
var_name = None
KeyError: (8, None) - Could not find entry for None, 40. Please check the Var_notes or variable mapping.
Matching row  18
coeffs for Last measurement in raw DN for LVPS Board signal “THERM_LVPS”= [200.4137 -0.2020699 0.000175403 -9.739547e-08 2.888932e-11 -3.545603e-15
 0.0 0.0]
var_name = Last measurement in raw DN for LVPS Board signal “THERM_LVPS”
var_name = None
KeyError: (8, None) - Could not find entry for None, 41. Please check the Var_notes or variable mapping.
Matching row  18
coeffs for Last measurement in raw DN for LVPS Board signal “THERM_HVPS”= [200.4137 -0.2020699 0.000175403 -9.739547e-08 2.888932e-11 -3.545603e-15
 0.0 0.0]
var_name = Last measurement in raw DN for LVPS Board signal “THERM_HVPS”
var_name = None
KeyError: (8, None) - Could not find entry for None, 45. Please check the Var_notes or variable mapping.
Matching row  18
coeffs for Last measurement in raw DN for LVPS Board signal “P2.5V”= [0.0 0.00161172 0.0 0.0 0.0 0.0 0.0 0.0]
var_name = Last measurement in raw DN for LVPS Board signal “P2.5V”
var_name = None
KeyError: (8, None) - Could not find entry for None, 49. Please check the Var_notes or variable mapping.
Matching row  18
coeffs for Last measurement in raw DN for LVPS Board signal “N2.5V”= [-33.0 0.00886447 0.0 0.0 0.0 0.0 0.0 0.0]
var_name = Last measurement in raw DN for LVPS Board signal “N2.5V”
var_name = None
KeyError: (8, None) - Could not find entry for None, 50. Please check the Var_notes or variable mapping.
Matching row  18
coeffs for Last measurement in raw DN for LVPS Board signal “Spare”= [0.0 0.00161172 0.0 0.0 0.0 0.0 0.0 0.0]
var_name = Last measurement in raw DN for LVPS Board signal “Spare”
var_name = spare_signal
KeyError: (8, 'spare_signal') - Could not find entry for spare_signal, 51. Please check the Var_notes or variable mapping.
High gain delay = 43 samples.
Mid gain delay = 7 samples.
Low gain delay = 7 samples.
High sampling trigger mode =  0 0 1
High gain trigger mode enabled.
For 2222981120, HG Trigger level = 0.15317, sample settings = 0, 0
Threshold trigger mode enabled for high gain channel.
AID = 2415008032
Event number = 7
Rice compression enabled = False
Timestamp = 429137980.19874 seconds since epoch (Midnight January 1st, 2010)
Trigger time = 2023-08-07T20:59:40.198740Z
8
8
8
8
8
8
8
8
8
8
8
8
8
{'SHCOARSE': ParsedDataItem(SHCOARSE, raw=429139267, derived=429139267, unit=dn), 'SHFINE': ParsedDataItem(SHFINE, raw=7048, derived=7048, unit=dn), 'IDX__SCI0AID': ParsedDataItem(IDX__SCI0AID, raw=2415008032, derived=2415008032, unit=None), 'IDX__SCI0TYPE': ParsedDataItem(IDX__SCI0TYPE, raw=1, derived=1, unit=None), 'IDX__SCI0CONT': ParsedDataItem(IDX__SCI0CONT, raw=127, derived=127, unit=None), 'IDX__SCI0SPARE1': ParsedDataItem(IDX__SCI0SPARE1, raw=0, derived=0, unit=None), 'IDX__SCI0PACK': ParsedDataItem(IDX__SCI0PACK, raw=1, derived=EN, unit=None), 'IDX__SCI0FRAG': ParsedDataItem(IDX__SCI0FRAG, raw=0, derived=DS, unit=None), 'IDX__SCI0COMP': ParsedDataItem(IDX__SCI0COMP, raw=0, derived=DS, unit=None), 'IDX__SCI0EVTNUM': ParsedDataItem(IDX__SCI0EVTNUM, raw=8, derived=8, unit=None), 'IDX__SCI0CAT': ParsedDataItem(IDX__SCI0CAT, raw=32, derived=32, unit=None), 'IDX__SCI0QUAL': ParsedDataItem(IDX__SCI0QUAL, raw=5, derived=5, unit=None), 'IDX__SCI0FRAGOFF': ParsedDataItem(IDX__SCI0FRAGOFF, raw=0, derived=0, unit=None), 'IDX__SCI0VER': ParsedDataItem(IDX__SCI0VER, raw=9, derived=9, unit=None), 'IDX__SCI0TIME32': ParsedDataItem(IDX__SCI0TIME32, raw=429138001, derived=429138001, unit=None), 'IDX__SCI0SPARE2': ParsedDataItem(IDX__SCI0SPARE2, raw=0, derived=0, unit=None), 'IDX__SCI0SPARE3': ParsedDataItem(IDX__SCI0SPARE3, raw=0, derived=0, unit=None), 'IDX__SCI0SPARE4': ParsedDataItem(IDX__SCI0SPARE4, raw=0, derived=0, unit=None), 'IDX__TXHDRSCIEVTLEN': ParsedDataItem(IDX__TXHDRSCIEVTLEN, raw=8320, derived=8320, unit=None), 'IDX__TXHDRSP00': ParsedDataItem(IDX__TXHDRSP00, raw=0, derived=0, unit=None), 'IDX__TXHDRTIMESEC1': ParsedDataItem(IDX__TXHDRTIMESEC1, raw=6548, derived=6548, unit=None), 'IDX__TXHDRTIMESEC2': ParsedDataItem(IDX__TXHDRTIMESEC2, raw=8273, derived=8273, unit=None), 'IDX__TXHDRTIMESUBS': ParsedDataItem(IDX__TXHDRTIMESUBS, raw=44985, derived=44985, unit=None), 'IDX__TXHDRSP01': ParsedDataItem(IDX__TXHDRSP01, raw=0, derived=0, unit=None), 'IDX__TXHDRTRIGOFFSET': ParsedDataItem(IDX__TXHDRTRIGOFFSET, raw=3, derived=3, unit=None), 'IDX__TXHDRSP02': ParsedDataItem(IDX__TXHDRSP02, raw=0, derived=0, unit=None), 'IDX__TXHDRTRIGID': ParsedDataItem(IDX__TXHDRTRIGID, raw=1, derived=1, unit=None), 'IDX__TXHDREVTNUM': ParsedDataItem(IDX__TXHDREVTNUM, raw=8, derived=8, unit=None), 'IDX__TXHDRBLOCKS': ParsedDataItem(IDX__TXHDRBLOCKS, raw=243679, derived=243679, unit=None), 'IDX__TXHDRHGTRIGCTRL1': ParsedDataItem(IDX__TXHDRHGTRIGCTRL1, raw=2222981120, derived=2222981120, unit=None), 'IDX__TXHDRHGTRIGCTRL2': ParsedDataItem(IDX__TXHDRHGTRIGCTRL2, raw=0, derived=0, unit=None), 'IDX__TXHDRLGTRIGCTRL1': ParsedDataItem(IDX__TXHDRLGTRIGCTRL1, raw=4294965248, derived=4294965248, unit=None), 'IDX__TXHDRLGTRIGCTRL2': ParsedDataItem(IDX__TXHDRLGTRIGCTRL2, raw=4278255360, derived=4278255360, unit=None), 'IDX__TXHDRMGTRIGCTRL1': ParsedDataItem(IDX__TXHDRMGTRIGCTRL1, raw=4294965248, derived=4294965248, unit=None), 'IDX__TXHDRMGTRIGCTRL2': ParsedDataItem(IDX__TXHDRMGTRIGCTRL2, raw=4278255360, derived=4278255360, unit=None), 'IDX__TXHDRSP03': ParsedDataItem(IDX__TXHDRSP03, raw=0, derived=0, unit=None), 'IDX__TXHDRLSADC': ParsedDataItem(IDX__TXHDRLSADC, raw=1048320, derived=1048320, unit=None), 'IDX__TXHDRPOLSTAT': ParsedDataItem(IDX__TXHDRPOLSTAT, raw=1, derived=NEG, unit=None), 'IDX__TXHDRSP04': ParsedDataItem(IDX__TXHDRSP04, raw=0, derived=0, unit=None), 'IDX__TXHDRPOLCTRL': ParsedDataItem(IDX__TXHDRPOLCTRL, raw=0, derived=POS, unit=None), 'IDX__TXHDRCOINENA': ParsedDataItem(IDX__TXHDRCOINENA, raw=0, derived=DIS, unit=None), 'IDX__TXHDRLSTRIGMODE': ParsedDataItem(IDX__TXHDRLSTRIGMODE, raw=0, derived=DIS, unit=None), 'IDX__TXHDRMGTRIGMODE': ParsedDataItem(IDX__TXHDRMGTRIGMODE, raw=0, derived=0, unit=None), 'IDX__TXHDRLGTRIGMODE': ParsedDataItem(IDX__TXHDRLGTRIGMODE, raw=0, derived=0, unit=None), 'IDX__TXHDRHGTRIGMODE': ParsedDataItem(IDX__TXHDRHGTRIGMODE, raw=1, derived=1, unit=None), 'IDX__TXHDRSP05': ParsedDataItem(IDX__TXHDRSP05, raw=0, derived=0, unit=None), 'IDX__TXHDRSP06': ParsedDataItem(IDX__TXHDRSP06, raw=0, derived=0, unit=None), 'IDX__TXHDRSP07': ParsedDataItem(IDX__TXHDRSP07, raw=2019, derived=2019, unit=None), 'IDX__TXHDRSP08': ParsedDataItem(IDX__TXHDRSP08, raw=0, derived=0, unit=None), 'IDX__TXHDRTOFMAX': ParsedDataItem(IDX__TXHDRTOFMAX, raw=541596181, derived=541596181, unit=None), 'IDX__TXHDRTOFMIN': ParsedDataItem(IDX__TXHDRTOFMIN, raw=535295475, derived=535295475, unit=None), 'IDX__TXHDRLS0MAXMIN': ParsedDataItem(IDX__TXHDRLS0MAXMIN, raw=8525823, derived=8525823, unit=None), 'IDX__TXHDRLS1MAXMIN': ParsedDataItem(IDX__TXHDRLS1MAXMIN, raw=10593792, derived=10593792, unit=None), 'IDX__TXHDRLS2MAXMIN': ParsedDataItem(IDX__TXHDRLS2MAXMIN, raw=8374241, derived=8374241, unit=None), 'IDX__TXHDRFIFODELAY': ParsedDataItem(IDX__TXHDRFIFODELAY, raw=16, derived=16, unit=None), 'IDX__TXHDRSAMPDELAY': ParsedDataItem(IDX__TXHDRSAMPDELAY, raw=24140854, derived=24140854, unit=None), 'IDX__TXHDRTRANSCNT': ParsedDataItem(IDX__TXHDRTRANSCNT, raw=2, derived=2, unit=None), 'IDX__TXHDRPROCHKCH01': ParsedDataItem(IDX__TXHDRPROCHKCH01, raw=83231465, derived=83231465, unit=None), 'IDX__TXHDRPROCHKCH23': ParsedDataItem(IDX__TXHDRPROCHKCH23, raw=140183198, derived=140183198, unit=None), 'IDX__TXHDRPROCHKCH45': ParsedDataItem(IDX__TXHDRPROCHKCH45, raw=175637723, derived=175637723, unit=None), 'IDX__TXHDRPROCHKCH67': ParsedDataItem(IDX__TXHDRPROCHKCH67, raw=133761306, derived=133761306, unit=None), 'IDX__TXHDRHVPSHKCH01': ParsedDataItem(IDX__TXHDRHVPSHKCH01, raw=131794262, derived=131794262, unit=None), 'IDX__TXHDRHVPSHKCH23': ParsedDataItem(IDX__TXHDRHVPSHKCH23, raw=8849069, derived=8849069, unit=None), 'IDX__TXHDRHVPSHKCH45': ParsedDataItem(IDX__TXHDRHVPSHKCH45, raw=127731676, derived=127731676, unit=None), 'IDX__TXHDRHVPSHKCH67': ParsedDataItem(IDX__TXHDRHVPSHKCH67, raw=19925645, derived=19925645, unit=None), 'IDX__TXHDRLVHK0CH01': ParsedDataItem(IDX__TXHDRLVHK0CH01, raw=134219776, derived=134219776, unit=None), 'IDX__TXHDRLVHK0CH23': ParsedDataItem(IDX__TXHDRLVHK0CH23, raw=171772858, derived=171772858, unit=None), 'IDX__TXHDRLVHK0CH45': ParsedDataItem(IDX__TXHDRLVHK0CH45, raw=134810727, derived=134810727, unit=None), 'IDX__TXHDRLVHK0CH67': ParsedDataItem(IDX__TXHDRLVHK0CH67, raw=205851732, derived=205851732, unit=None), 'IDX__TXHDRLVHK1CH01': ParsedDataItem(IDX__TXHDRLVHK1CH01, raw=33228385, derived=33228385, unit=None), 'IDX__TXHDRLVHK1CH23': ParsedDataItem(IDX__TXHDRLVHK1CH23, raw=76678634, derived=76678634, unit=None), 'IDX__TXHDRLVHK1CH45': ParsedDataItem(IDX__TXHDRLVHK1CH45, raw=225642383, derived=225642383, unit=None), 'IDX__TXHDRLVHK1CH67': ParsedDataItem(IDX__TXHDRLVHK1CH67, raw=192283081, derived=192283081, unit=None), 'IDX__TXHDRLVHK2CH01': ParsedDataItem(IDX__TXHDRLVHK2CH01, raw=80807126, derived=80807126, unit=None), 'IDX__TXHDRLVHK2CH23': ParsedDataItem(IDX__TXHDRLVHK2CH23, raw=211290686, derived=211290686, unit=None), 'IDX__TXHDRLVHK2CH45': ParsedDataItem(IDX__TXHDRLVHK2CH45, raw=101059917, derived=101059917, unit=None), 'IDX__TXHDRLVHK2CH67': ParsedDataItem(IDX__TXHDRLVHK2CH67, raw=69017, derived=69017, unit=None), 'IDX__TXHDRSP09': ParsedDataItem(IDX__TXHDRSP09, raw=0, derived=0, unit=None), 'IDX__TXHDRSP10': ParsedDataItem(IDX__TXHDRSP10, raw=0, derived=0, unit=None), 'IDX__TXHDRFSWAIDCOPY': ParsedDataItem(IDX__TXHDRFSWAIDCOPY, raw=2415008032, derived=2415008032, unit=None), 'IDX__TXHDRFSWBINCOPY': ParsedDataItem(IDX__TXHDRFSWBINCOPY, raw=0, derived=0, unit=None), 'IDX__TXHDRFSWMAJOR': ParsedDataItem(IDX__TXHDRFSWMAJOR, raw=2, derived=2, unit=None), 'IDX__TXHDRFSWMINOR': ParsedDataItem(IDX__TXHDRFSWMINOR, raw=0, derived=0, unit=None), 'IDX__TXHDRFSWPATCH': ParsedDataItem(IDX__TXHDRFSWPATCH, raw=0, derived=0, unit=None), 'IDX__TXHDRFSWHVSTAT': ParsedDataItem(IDX__TXHDRFSWHVSTAT, raw=3, derived=3, unit=None), 'IDX__TXHDRFSWMEM0': ParsedDataItem(IDX__TXHDRFSWMEM0, raw=0, derived=0, unit=None), 'IDX__TXHDRFSWMEM1': ParsedDataItem(IDX__TXHDRFSWMEM1, raw=0, derived=0, unit=None), 'IDX__TXHDRFSWPT0': ParsedDataItem(IDX__TXHDRFSWPT0, raw=0, derived=0, unit=None), 'IDX__TXHDRFSWPT1': ParsedDataItem(IDX__TXHDRFSWPT1, raw=0, derived=0, unit=None), 'IDX__TXHDRFSWPT2': ParsedDataItem(IDX__TXHDRFSWPT2, raw=0, derived=0, unit=None), 'IDX__TXHDRFSWPT3': ParsedDataItem(IDX__TXHDRFSWPT3, raw=0, derived=0, unit=None), 'IDX__TXHDRFSWPT4': ParsedDataItem(IDX__TXHDRFSWPT4, raw=0, derived=0, unit=None), 'IDX__TXHDRFSWPT5': ParsedDataItem(IDX__TXHDRFSWPT5, raw=0, derived=0, unit=None), 'IDX__TXHDRFSWPT6': ParsedDataItem(IDX__TXHDRFSWPT6, raw=0, derived=0, unit=None), 'IDX__TXHDRFSWPT7': ParsedDataItem(IDX__TXHDRFSWPT7, raw=0, derived=0, unit=None), 'IDX__TXHDRFSWPT8': ParsedDataItem(IDX__TXHDRFSWPT8, raw=0, derived=0, unit=None), 'IDX__TXHDRFSWPT9': ParsedDataItem(IDX__TXHDRFSWPT9, raw=0, derived=0, unit=None), 'IDX__TXHDRFPGAVER': ParsedDataItem(IDX__TXHDRFPGAVER, raw=539165480, derived=539165480, unit=None), 'IDX__SYNCSCI0PKT': ParsedDataItem(IDX__SYNCSCI0PKT, raw=13107, derived=13107, unit=None), 'IDX__CRCSCI0PKT': ParsedDataItem(IDX__CRCSCI0PKT, raw=39142, derived=39142, unit=None)}
SHCOARSE = 429139267
SHFINE = 7048
IDX__SCI0AID = 2415008032
IDX__SCI0TYPE = 1
IDX__SCI0CONT = 127
IDX__SCI0SPARE1 = 0
IDX__SCI0PACK = EN
IDX__SCI0FRAG = DS
IDX__SCI0COMP = DS
IDX__SCI0EVTNUM = 8
IDX__SCI0CAT = 32
IDX__SCI0QUAL = 5
IDX__SCI0FRAGOFF = 0
IDX__SCI0VER = 9
IDX__SCI0TIME32 = 429138001
IDX__SCI0SPARE2 = 0
IDX__SCI0SPARE3 = 0
IDX__SCI0SPARE4 = 0
IDX__TXHDRSCIEVTLEN = 8320
IDX__TXHDRSP00 = 0
IDX__TXHDRTIMESEC1 = 6548
IDX__TXHDRTIMESEC2 = 8273
IDX__TXHDRTIMESUBS = 44985
IDX__TXHDRSP01 = 0
IDX__TXHDRTRIGOFFSET = 3
IDX__TXHDRSP02 = 0
IDX__TXHDRTRIGID = 1
IDX__TXHDREVTNUM = 8
IDX__TXHDRBLOCKS = 243679
IDX__TXHDRHGTRIGCTRL1 = 2222981120
IDX__TXHDRHGTRIGCTRL2 = 0
IDX__TXHDRLGTRIGCTRL1 = 4294965248
IDX__TXHDRLGTRIGCTRL2 = 4278255360
IDX__TXHDRMGTRIGCTRL1 = 4294965248
IDX__TXHDRMGTRIGCTRL2 = 4278255360
IDX__TXHDRSP03 = 0
IDX__TXHDRLSADC = 1048320
IDX__TXHDRPOLSTAT = NEG
IDX__TXHDRSP04 = 0
IDX__TXHDRPOLCTRL = POS
IDX__TXHDRCOINENA = DIS
IDX__TXHDRLSTRIGMODE = DIS
IDX__TXHDRMGTRIGMODE = 0
IDX__TXHDRLGTRIGMODE = 0
IDX__TXHDRHGTRIGMODE = 1
IDX__TXHDRSP05 = 0
IDX__TXHDRSP06 = 0
IDX__TXHDRSP07 = 2019
IDX__TXHDRSP08 = 0
IDX__TXHDRTOFMAX = 541596181
IDX__TXHDRTOFMIN = 535295475
IDX__TXHDRLS0MAXMIN = 8525823
IDX__TXHDRLS1MAXMIN = 10593792
IDX__TXHDRLS2MAXMIN = 8374241
IDX__TXHDRFIFODELAY = 16
IDX__TXHDRSAMPDELAY = 24140854
IDX__TXHDRTRANSCNT = 2
IDX__TXHDRPROCHKCH01 = 83231465
IDX__TXHDRPROCHKCH23 = 140183198
IDX__TXHDRPROCHKCH45 = 175637723
IDX__TXHDRPROCHKCH67 = 133761306
IDX__TXHDRHVPSHKCH01 = 131794262
IDX__TXHDRHVPSHKCH23 = 8849069
IDX__TXHDRHVPSHKCH45 = 127731676
IDX__TXHDRHVPSHKCH67 = 19925645
IDX__TXHDRLVHK0CH01 = 134219776
IDX__TXHDRLVHK0CH23 = 171772858
IDX__TXHDRLVHK0CH45 = 134810727
IDX__TXHDRLVHK0CH67 = 205851732
IDX__TXHDRLVHK1CH01 = 33228385
IDX__TXHDRLVHK1CH23 = 76678634
IDX__TXHDRLVHK1CH45 = 225642383
IDX__TXHDRLVHK1CH67 = 192283081
IDX__TXHDRLVHK2CH01 = 80807126
IDX__TXHDRLVHK2CH23 = 211290686
IDX__TXHDRLVHK2CH45 = 101059917
IDX__TXHDRLVHK2CH67 = 69017
IDX__TXHDRSP09 = 0
IDX__TXHDRSP10 = 0
IDX__TXHDRFSWAIDCOPY = 2415008032
IDX__TXHDRFSWBINCOPY = 0
IDX__TXHDRFSWMAJOR = 2
IDX__TXHDRFSWMINOR = 0
IDX__TXHDRFSWPATCH = 0
IDX__TXHDRFSWHVSTAT = 3
IDX__TXHDRFSWMEM0 = 0
IDX__TXHDRFSWMEM1 = 0
IDX__TXHDRFSWPT0 = 0
IDX__TXHDRFSWPT1 = 0
IDX__TXHDRFSWPT2 = 0
IDX__TXHDRFSWPT3 = 0
IDX__TXHDRFSWPT4 = 0
IDX__TXHDRFSWPT5 = 0
IDX__TXHDRFSWPT6 = 0
IDX__TXHDRFSWPT7 = 0
IDX__TXHDRFSWPT8 = 0
IDX__TXHDRFSWPT9 = 0
IDX__TXHDRFPGAVER = 539165480
IDX__SYNCSCI0PKT = 13107
IDX__CRCSCI0PKT = 39142
^*****Event header 9******^
EVTNUM: 9
SCI0TYPE: 1
TXHDRBLOCKS RAW: 243679
TXHDRBLOCKS DERIVED: 243679
-----
HS pre trig sampling blocks:  31
LS pre trig sampling blocks:  3
HS post trig sampling blocks:  31
LS post trig sampling blocks:  11
IDX__TXHDRHVPSHKCH01 = 131794262
Detector voltage =  1366
Sensor voltage =  2011
Target voltage =  1709
Reflectron voltage =  135
Rejection voltage =  2012
Current for HVPS sensor =  1949
Positive current for HVPS sensor =  2701
Negative current for HVPS sensor =  304
Voltage +3.3V reference =  2048
Voltage +3.3V operational reference =  2048
Voltage -6V bus =  3002
Voltage +6V bus =  2621
Voltage +16V bus =  3175
Voltage +3.3V bus =  2057
Voltage -5V bus =  3156
Voltage +5V bus =  3141
Current +3.3V bus =  1633
Current +16V bus =  1170
Current +6V bus =  1514
Current -6V bus =  1170
Current +5V bus =  1935
Current -5V bus =  3443
Current +2.5V bus =  457
Current -2.5V bus =  2934
Current on the 1V POL =  745
Current on the 1.9V POL =  1270
ProcBd Temperature 1 =  1694
ProcBd Temperature 2 =  2139
Voltage on 1V bus =  1243
FPGA Temperature =  2680
Voltage on 1.9V bus =  2330
Voltage on 3.3V bus =  2041
var_to_row = {'Last measurement in raw DN for Processor Board signal “1V POL Current”': 0, 'Last measurement in raw DN for Processor Board signal “1.9V POL Current”': 1, 'Last measurement in raw DN for Processor Board signal “ProcBd Temp1”': 2, nan: 48, 'Last measurement in raw DN for Processor Board signal “ProcBd Temp2”': 6, 'Last measurement in raw DN for Processor Board signal “1V Voltage”': 10, 'Last measurement in raw DN for Processor Board signal “FPGA Temp”': 11, 'Last measurement in raw DN for Processor Board signal “1.9V Voltage”': 12, 'Last measurement in raw DN for Processor Board signal “3.3V Voltage”': 13, 'Last measurement in raw DN for HVPS Board signal “Detector Voltage”': 14, 'Last measurement in raw DN for HVPS Board signal “Sensor Voltage"': 15, 'Last measurement in raw DN for HVPS Board signal “Target Voltage”': 16, 'Last measurement in raw DN for HVPS Board signal “Reflectron Voltage”': 17, 'Last measurement in raw DN for HVPS Board signal “Rejection Voltage”': 18, 'Last measurement in raw DN for HVPS Board signal “Detector Current”': 19, 'Last measurement in raw DN for HVPS Board signal “Sensor IP”': 20, 'Last measurement in raw DN for HVPS Board signal “Sensor IN”': 21, 'Last measurement in raw DN for LVPS Board signal “P3.3VREF_HK”': 22, 'Last measurement in raw DN for LVPS Board signal “P3.3VREF_OP”': 23, 'Last measurement in raw DN for LVPS Board signal “N6V”': 24, 'Last measurement in raw DN for LVPS Board signal “P6V”': 25, 'Last measurement in raw DN for LVPS Board signal “P16V”': 26, 'Last measurement in raw DN for LVPS Board signal “P3.3V”': 27, 'Last measurement in raw DN for LVPS Board signal “N5V”': 28, 'Last measurement in raw DN for LVPS Board signal “P5V”': 29, 'Last measurement in raw DN for LVPS Board signal “P3.3_IMON”': 30, 'Last measurement in raw DN for LVPS Board signal “P16V_IMON”': 31, 'Last measurement in raw DN for LVPS Board signal “P6V_IMON”': 32, 'Last measurement in raw DN for LVPS Board signal “N6V_IMON”': 33, 'Last measurement in raw DN for LVPS Board signal “P5V_IMON”': 34, 'Last measurement in raw DN for LVPS Board signal “N5V_IMON”': 35, 'Last measurement in raw DN for LVPS Board signal “P2.5V_IMON”': 36, 'Last measurement in raw DN for LVPS Board signal “N2.5V_IMON”': 37, 'Last measurement in raw DN for LVPS Board signal “THERM_DECON0”': 38, 'Last measurement in raw DN for LVPS Board signal “THERM_DECON1”': 39, 'Last measurement in raw DN for LVPS Board signal “THERM_DAB”': 40, 'Last measurement in raw DN for LVPS Board signal “THERM_LVPS”': 41, 'Last measurement in raw DN for LVPS Board signal “THERM_HVPS”': 45, 'Last measurement in raw DN for LVPS Board signal “P2.5V”': 49, 'Last measurement in raw DN for LVPS Board signal “N2.5V”': 50, 'Last measurement in raw DN for LVPS Board signal “Spare”': 51}

 
 ***** var_name being converted for each instrument setting ***** 
 

Matching row  18
coeffs for Last measurement in raw DN for Processor Board signal “1V POL Current”= [0.0 0.9029253 0.0 0.0 0.0 0.0 0.0 0.0]
var_name = Last measurement in raw DN for Processor Board signal “1V POL Current”
var_name = current_1V_pol
Header info = 745
Transformed value for current_1V_pol = 672.6793485000001
Matching row  18
coeffs for Last measurement in raw DN for Processor Board signal “1.9V POL Current”= [0.0 0.9029253 0.0 0.0 0.0 0.0 0.0 0.0]
var_name = Last measurement in raw DN for Processor Board signal “1.9V POL Current”
var_name = current_1.9V_pol
Header info = 1270
Transformed value for current_1.9V_pol = 1146.7151310000002
Matching row  18
coeffs for Last measurement in raw DN for Processor Board signal “ProcBd Temp1”= [162.8276 -0.2668687 0.0003323794 -2.43153e-07 9.034532e-11 -1.327735e-14
 0.0 0.0]
var_name = Last measurement in raw DN for Processor Board signal “ProcBd Temp1”
var_name = temperature_1
Header info = 1694
Transformed value for temperature_1 = 41.31409678076801
Matching row  18
coeffs for nan= [-104713.9 52.02446 -0.006463374 0.0 0.0 0.0 0.0 0.0]
var_name = nan
var_name = None
KeyError: (9, None) - Could not find entry for None, 48. Please check the Var_notes or variable mapping.
Matching row  18
coeffs for Last measurement in raw DN for Processor Board signal “ProcBd Temp2”= [162.8276 -0.2668687 0.0003323794 -2.43153e-07 9.034532e-11 -1.327735e-14
 0.0 0.0]
var_name = Last measurement in raw DN for Processor Board signal “ProcBd Temp2”
var_name = temperature_2
Header info = 2139
Transformed value for temperature_2 = 29.82486906629788
Matching row  18
coeffs for Last measurement in raw DN for Processor Board signal “1V Voltage”= [0.0 0.000805861 0.0 0.0 0.0 0.0 0.0 0.0]
var_name = Last measurement in raw DN for Processor Board signal “1V Voltage”
var_name = voltage_1V_bus
Header info = 1243
Transformed value for voltage_1V_bus = 1.001685223
Matching row  18
coeffs for Last measurement in raw DN for Processor Board signal “FPGA Temp”= [358.31 -0.1187104 0.0 0.0 0.0 0.0 0.0 0.0]
var_name = Last measurement in raw DN for Processor Board signal “FPGA Temp”
var_name = fpga_temperature
Header info = 2680
Transformed value for fpga_temperature = 40.166128000000015
Matching row  18
coeffs for Last measurement in raw DN for Processor Board signal “1.9V Voltage”= [0.0 0.000805861 0.0 0.0 0.0 0.0 0.0 0.0]
var_name = Last measurement in raw DN for Processor Board signal “1.9V Voltage”
var_name = voltage_1.9V_bus
Header info = 2330
Transformed value for voltage_1.9V_bus = 1.8776561299999999
Matching row  18
coeffs for Last measurement in raw DN for Processor Board signal “3.3V Voltage”= [0.0 0.001611722 0.0 0.0 0.0 0.0 0.0 0.0]
var_name = Last measurement in raw DN for Processor Board signal “3.3V Voltage”
var_name = voltage_3.3V_bus
Header info = 2041
Transformed value for voltage_3.3V_bus = 3.2895246019999997
Matching row  18
coeffs for Last measurement in raw DN for HVPS Board signal “Detector Voltage”= [0.0 1.4652 0.0 0.0 0.0 0.0 0.0 0.0]
var_name = Last measurement in raw DN for HVPS Board signal “Detector Voltage”
var_name = detector_voltage
Header info = 1366
Transformed value for detector_voltage = 2001.4632000000001
Matching row  18
coeffs for Last measurement in raw DN for HVPS Board signal “Sensor Voltage"= [0.0 1.4652 0.0 0.0 0.0 0.0 0.0 0.0]
var_name = Last measurement in raw DN for HVPS Board signal “Sensor Voltage"
var_name = sensor_voltage
Header info = 2011
Transformed value for sensor_voltage = 2946.5172000000002
Matching row  18
coeffs for Last measurement in raw DN for HVPS Board signal “Target Voltage”= [0.0 1.4652 0.0 0.0 0.0 0.0 0.0 0.0]
var_name = Last measurement in raw DN for HVPS Board signal “Target Voltage”
var_name = target_voltage
Header info = 1709
Transformed value for target_voltage = 2504.0268
Matching row  18
coeffs for Last measurement in raw DN for HVPS Board signal “Reflectron Voltage”= [0.0 1.4652 0.0 0.0 0.0 0.0 0.0 0.0]
var_name = Last measurement in raw DN for HVPS Board signal “Reflectron Voltage”
var_name = reflectron_voltage
Header info = 135
Transformed value for reflectron_voltage = 197.80200000000002
Matching row  18
coeffs for Last measurement in raw DN for HVPS Board signal “Rejection Voltage”= [0.0 1.4652 0.0 0.0 0.0 0.0 0.0 0.0]
var_name = Last measurement in raw DN for HVPS Board signal “Rejection Voltage”
var_name = rejection_voltage
Header info = 2012
Transformed value for rejection_voltage = 2947.9824000000003
Matching row  18
coeffs for Last measurement in raw DN for HVPS Board signal “Detector Current”= [0.0 7.326e-06 0.0 0.0 0.0 0.0 0.0 0.0]
var_name = Last measurement in raw DN for HVPS Board signal “Detector Current”
var_name = current_hvps_sensor
Header info = 1949
Transformed value for current_hvps_sensor = 0.014278374
Matching row  18
coeffs for Last measurement in raw DN for HVPS Board signal “Sensor IP”= [0.0 2.4339e-05 0.0 0.0 0.0 0.0 0.0 0.0]
var_name = Last measurement in raw DN for HVPS Board signal “Sensor IP”
var_name = positive_current_hvps
Header info = 2701
Transformed value for positive_current_hvps = 0.065739639
Matching row  18
coeffs for Last measurement in raw DN for HVPS Board signal “Sensor IN”= [0.0 2.4339e-05 0.0 0.0 0.0 0.0 0.0 0.0]
var_name = Last measurement in raw DN for HVPS Board signal “Sensor IN”
var_name = negative_current_hvps
Header info = 304
Transformed value for negative_current_hvps = 0.007399055999999999
Matching row  18
coeffs for Last measurement in raw DN for LVPS Board signal “P3.3VREF_HK”= [0.0 0.00161172 0.0 0.0 0.0 0.0 0.0 0.0]
var_name = Last measurement in raw DN for LVPS Board signal “P3.3VREF_HK”
var_name = voltage_3V3_ref
Header info = 2048
Transformed value for voltage_3V3_ref = 3.30080256
Matching row  18
coeffs for Last measurement in raw DN for LVPS Board signal “P3.3VREF_OP”= [0.0 0.00161172 0.0 0.0 0.0 0.0 0.0 0.0]
var_name = Last measurement in raw DN for LVPS Board signal “P3.3VREF_OP”
var_name = voltage_3V3_op_ref
Header info = 2048
Transformed value for voltage_3V3_op_ref = 3.30080256
Matching row  18
coeffs for Last measurement in raw DN for LVPS Board signal “N6V”= [-33.0 0.00886447 0.0 0.0 0.0 0.0 0.0 0.0]
var_name = Last measurement in raw DN for LVPS Board signal “N6V”
var_name = voltage_neg6V_bus
Header info = 3002
Transformed value for voltage_neg6V_bus = -6.3888610600000035
Matching row  18
coeffs for Last measurement in raw DN for LVPS Board signal “P6V”= [0.0 0.00241758 0.0 0.0 0.0 0.0 0.0 0.0]
var_name = Last measurement in raw DN for LVPS Board signal “P6V”
var_name = voltage_pos6V_bus
Header info = 2621
Transformed value for voltage_pos6V_bus = 6.33647718
Matching row  18
coeffs for Last measurement in raw DN for LVPS Board signal “P16V”= [0.0 0.00482711 0.0 0.0 0.0 0.0 0.0 0.0]
var_name = Last measurement in raw DN for LVPS Board signal “P16V”
var_name = voltage_pos16V_bus
Header info = 3175
Transformed value for voltage_pos16V_bus = 15.32607425
Matching row  18
coeffs for Last measurement in raw DN for LVPS Board signal “P3.3V”= [0.0 0.00161172 0.0 0.0 0.0 0.0 0.0 0.0]
var_name = Last measurement in raw DN for LVPS Board signal “P3.3V”
var_name = voltage_pos3V3_bus
Header info = 2057
Transformed value for voltage_pos3V3_bus = 3.31530804
Matching row  18
coeffs for Last measurement in raw DN for LVPS Board signal “N5V”= [-33.0 0.00886447 0.0 0.0 0.0 0.0 0.0 0.0]
var_name = Last measurement in raw DN for LVPS Board signal “N5V”
var_name = voltage_neg5V_bus
Header info = 3156
Transformed value for voltage_neg5V_bus = -5.023732680000002
Matching row  18
coeffs for Last measurement in raw DN for LVPS Board signal “P5V”= [0.0 0.00161172 0.0 0.0 0.0 0.0 0.0 0.0]
var_name = Last measurement in raw DN for LVPS Board signal “P5V”
var_name = voltage_pos5V_bus
Header info = 3141
Transformed value for voltage_pos5V_bus = 5.0624125200000005
Matching row  18
coeffs for Last measurement in raw DN for LVPS Board signal “P3.3_IMON”= [0.0 0.00161172 0.0 0.0 0.0 0.0 0.0 0.0]
var_name = Last measurement in raw DN for LVPS Board signal “P3.3_IMON”
var_name = current_3V3_bus
Header info = 1633
Transformed value for current_3V3_bus = 2.63193876
Matching row  18
coeffs for Last measurement in raw DN for LVPS Board signal “P16V_IMON”= [0.0 0.000161172 0.0 0.0 0.0 0.0 0.0 0.0]
var_name = Last measurement in raw DN for LVPS Board signal “P16V_IMON”
var_name = current_16V_bus
Header info = 1170
Transformed value for current_16V_bus = 0.18857124
Matching row  18
coeffs for Last measurement in raw DN for LVPS Board signal “P6V_IMON”= [0.0 8.05861e-05 0.0 0.0 0.0 0.0 0.0 0.0]
var_name = Last measurement in raw DN for LVPS Board signal “P6V_IMON”
var_name = current_6V_bus
Header info = 1514
Transformed value for current_6V_bus = 0.12200735539999999
Matching row  18
coeffs for Last measurement in raw DN for LVPS Board signal “N6V_IMON”= [0.0 -8.05861e-05 0.0 0.0 0.0 0.0 0.0 0.0]
var_name = Last measurement in raw DN for LVPS Board signal “N6V_IMON”
var_name = current_neg6V_bus
Header info = 1170
Transformed value for current_neg6V_bus = -0.094285737
Matching row  18
coeffs for Last measurement in raw DN for LVPS Board signal “P5V_IMON”= [0.0 4.029304e-05 0.0 0.0 0.0 0.0 0.0 0.0]
var_name = Last measurement in raw DN for LVPS Board signal “P5V_IMON”
var_name = current_5V_bus
Header info = 1935
Transformed value for current_5V_bus = 0.0779670324
Matching row  18
coeffs for Last measurement in raw DN for LVPS Board signal “N5V_IMON”= [0.0 -2.01465e-05 0.0 0.0 0.0 0.0 0.0 0.0]
var_name = Last measurement in raw DN for LVPS Board signal “N5V_IMON”
var_name = current_neg5V_bus
Header info = 3443
Transformed value for current_neg5V_bus = -0.0693643995
Matching row  18
coeffs for Last measurement in raw DN for LVPS Board signal “P2.5V_IMON”= [0.0 0.00161172 0.0 0.0 0.0 0.0 0.0 0.0]
var_name = Last measurement in raw DN for LVPS Board signal “P2.5V_IMON”
var_name = current_2V5_bus
Header info = 457
Transformed value for current_2V5_bus = 0.7365560400000001
Matching row  18
coeffs for Last measurement in raw DN for LVPS Board signal “N2.5V_IMON”= [0.0 -4.0293e-05 0.0 0.0 0.0 0.0 0.0 0.0]
var_name = Last measurement in raw DN for LVPS Board signal “N2.5V_IMON”
var_name = current_neg2V5_bus
Header info = 2934
Transformed value for current_neg2V5_bus = -0.118219662
Matching row  18
coeffs for Last measurement in raw DN for LVPS Board signal “THERM_DECON0”= [-110.293 0.0665351 0.000305738 -6.32048e-07 5.9934e-10 -2.98784e-13
 7.61361e-17 -7.76467e-21]
var_name = Last measurement in raw DN for LVPS Board signal “THERM_DECON0”
var_name = None
KeyError: (9, None) - Could not find entry for None, 38. Please check the Var_notes or variable mapping.
Matching row  18
coeffs for Last measurement in raw DN for LVPS Board signal “THERM_DECON1”= [-150.478 0.376986 -0.00062072 7.73853e-07 -5.81588e-10 2.56368e-13
 -6.05698e-17 5.96635e-21]
var_name = Last measurement in raw DN for LVPS Board signal “THERM_DECON1”
var_name = None
KeyError: (9, None) - Could not find entry for None, 39. Please check the Var_notes or variable mapping.
Matching row  18
coeffs for Last measurement in raw DN for LVPS Board signal “THERM_DAB”= [-443.248 1.31224 -0.00180422 1.40016e-06 -6.43766e-10 1.7448e-13
 -2.57695e-17 1.60239e-21]
var_name = Last measurement in raw DN for LVPS Board signal “THERM_DAB”
var_name = None
KeyError: (9, None) - Could not find entry for None, 40. Please check the Var_notes or variable mapping.
Matching row  18
coeffs for Last measurement in raw DN for LVPS Board signal “THERM_LVPS”= [200.4137 -0.2020699 0.000175403 -9.739547e-08 2.888932e-11 -3.545603e-15
 0.0 0.0]
var_name = Last measurement in raw DN for LVPS Board signal “THERM_LVPS”
var_name = None
KeyError: (9, None) - Could not find entry for None, 41. Please check the Var_notes or variable mapping.
Matching row  18
coeffs for Last measurement in raw DN for LVPS Board signal “THERM_HVPS”= [200.4137 -0.2020699 0.000175403 -9.739547e-08 2.888932e-11 -3.545603e-15
 0.0 0.0]
var_name = Last measurement in raw DN for LVPS Board signal “THERM_HVPS”
var_name = None
KeyError: (9, None) - Could not find entry for None, 45. Please check the Var_notes or variable mapping.
Matching row  18
coeffs for Last measurement in raw DN for LVPS Board signal “P2.5V”= [0.0 0.00161172 0.0 0.0 0.0 0.0 0.0 0.0]
var_name = Last measurement in raw DN for LVPS Board signal “P2.5V”
var_name = None
KeyError: (9, None) - Could not find entry for None, 49. Please check the Var_notes or variable mapping.
Matching row  18
coeffs for Last measurement in raw DN for LVPS Board signal “N2.5V”= [-33.0 0.00886447 0.0 0.0 0.0 0.0 0.0 0.0]
var_name = Last measurement in raw DN for LVPS Board signal “N2.5V”
var_name = None
KeyError: (9, None) - Could not find entry for None, 50. Please check the Var_notes or variable mapping.
Matching row  18
coeffs for Last measurement in raw DN for LVPS Board signal “Spare”= [0.0 0.00161172 0.0 0.0 0.0 0.0 0.0 0.0]
var_name = Last measurement in raw DN for LVPS Board signal “Spare”
var_name = spare_signal
KeyError: (9, 'spare_signal') - Could not find entry for spare_signal, 51. Please check the Var_notes or variable mapping.
High gain delay = 54 samples.
Mid gain delay = 23 samples.
Low gain delay = 23 samples.
High sampling trigger mode =  0 0 1
High gain trigger mode enabled.
For 2222981120, HG Trigger level = 0.15317, sample settings = 0, 0
Threshold trigger mode enabled for high gain channel.
AID = 2415008032
Event number = 8
Rice compression enabled = False
Timestamp = 429138001.8997 seconds since epoch (Midnight January 1st, 2010)
Trigger time = 2023-08-07T21:00:01.899700Z
9
9
9
9
9
9
9
9
9
9
9
9
9
{'SHCOARSE': ParsedDataItem(SHCOARSE, raw=429139282, derived=429139282, unit=dn), 'SHFINE': ParsedDataItem(SHFINE, raw=7054, derived=7054, unit=dn), 'IDX__SCI0AID': ParsedDataItem(IDX__SCI0AID, raw=2415008032, derived=2415008032, unit=None), 'IDX__SCI0TYPE': ParsedDataItem(IDX__SCI0TYPE, raw=1, derived=1, unit=None), 'IDX__SCI0CONT': ParsedDataItem(IDX__SCI0CONT, raw=127, derived=127, unit=None), 'IDX__SCI0SPARE1': ParsedDataItem(IDX__SCI0SPARE1, raw=0, derived=0, unit=None), 'IDX__SCI0PACK': ParsedDataItem(IDX__SCI0PACK, raw=1, derived=EN, unit=None), 'IDX__SCI0FRAG': ParsedDataItem(IDX__SCI0FRAG, raw=0, derived=DS, unit=None), 'IDX__SCI0COMP': ParsedDataItem(IDX__SCI0COMP, raw=0, derived=DS, unit=None), 'IDX__SCI0EVTNUM': ParsedDataItem(IDX__SCI0EVTNUM, raw=9, derived=9, unit=None), 'IDX__SCI0CAT': ParsedDataItem(IDX__SCI0CAT, raw=32, derived=32, unit=None), 'IDX__SCI0QUAL': ParsedDataItem(IDX__SCI0QUAL, raw=5, derived=5, unit=None), 'IDX__SCI0FRAGOFF': ParsedDataItem(IDX__SCI0FRAGOFF, raw=0, derived=0, unit=None), 'IDX__SCI0VER': ParsedDataItem(IDX__SCI0VER, raw=9, derived=9, unit=None), 'IDX__SCI0TIME32': ParsedDataItem(IDX__SCI0TIME32, raw=429138002, derived=429138002, unit=None), 'IDX__SCI0SPARE2': ParsedDataItem(IDX__SCI0SPARE2, raw=0, derived=0, unit=None), 'IDX__SCI0SPARE3': ParsedDataItem(IDX__SCI0SPARE3, raw=0, derived=0, unit=None), 'IDX__SCI0SPARE4': ParsedDataItem(IDX__SCI0SPARE4, raw=0, derived=0, unit=None), 'IDX__TXHDRSCIEVTLEN': ParsedDataItem(IDX__TXHDRSCIEVTLEN, raw=8320, derived=8320, unit=None), 'IDX__TXHDRSP00': ParsedDataItem(IDX__TXHDRSP00, raw=0, derived=0, unit=None), 'IDX__TXHDRTIMESEC1': ParsedDataItem(IDX__TXHDRTIMESEC1, raw=6548, derived=6548, unit=None), 'IDX__TXHDRTIMESEC2': ParsedDataItem(IDX__TXHDRTIMESEC2, raw=8274, derived=8274, unit=None), 'IDX__TXHDRTIMESUBS': ParsedDataItem(IDX__TXHDRTIMESUBS, raw=16787, derived=16787, unit=None), 'IDX__TXHDRSP01': ParsedDataItem(IDX__TXHDRSP01, raw=0, derived=0, unit=None), 'IDX__TXHDRTRIGOFFSET': ParsedDataItem(IDX__TXHDRTRIGOFFSET, raw=3, derived=3, unit=None), 'IDX__TXHDRSP02': ParsedDataItem(IDX__TXHDRSP02, raw=0, derived=0, unit=None), 'IDX__TXHDRTRIGID': ParsedDataItem(IDX__TXHDRTRIGID, raw=1, derived=1, unit=None), 'IDX__TXHDREVTNUM': ParsedDataItem(IDX__TXHDREVTNUM, raw=9, derived=9, unit=None), 'IDX__TXHDRBLOCKS': ParsedDataItem(IDX__TXHDRBLOCKS, raw=243679, derived=243679, unit=None), 'IDX__TXHDRHGTRIGCTRL1': ParsedDataItem(IDX__TXHDRHGTRIGCTRL1, raw=2222981120, derived=2222981120, unit=None), 'IDX__TXHDRHGTRIGCTRL2': ParsedDataItem(IDX__TXHDRHGTRIGCTRL2, raw=0, derived=0, unit=None), 'IDX__TXHDRLGTRIGCTRL1': ParsedDataItem(IDX__TXHDRLGTRIGCTRL1, raw=4294965248, derived=4294965248, unit=None), 'IDX__TXHDRLGTRIGCTRL2': ParsedDataItem(IDX__TXHDRLGTRIGCTRL2, raw=4278255360, derived=4278255360, unit=None), 'IDX__TXHDRMGTRIGCTRL1': ParsedDataItem(IDX__TXHDRMGTRIGCTRL1, raw=4294965248, derived=4294965248, unit=None), 'IDX__TXHDRMGTRIGCTRL2': ParsedDataItem(IDX__TXHDRMGTRIGCTRL2, raw=4278255360, derived=4278255360, unit=None), 'IDX__TXHDRSP03': ParsedDataItem(IDX__TXHDRSP03, raw=0, derived=0, unit=None), 'IDX__TXHDRLSADC': ParsedDataItem(IDX__TXHDRLSADC, raw=1048320, derived=1048320, unit=None), 'IDX__TXHDRPOLSTAT': ParsedDataItem(IDX__TXHDRPOLSTAT, raw=1, derived=NEG, unit=None), 'IDX__TXHDRSP04': ParsedDataItem(IDX__TXHDRSP04, raw=0, derived=0, unit=None), 'IDX__TXHDRPOLCTRL': ParsedDataItem(IDX__TXHDRPOLCTRL, raw=0, derived=POS, unit=None), 'IDX__TXHDRCOINENA': ParsedDataItem(IDX__TXHDRCOINENA, raw=0, derived=DIS, unit=None), 'IDX__TXHDRLSTRIGMODE': ParsedDataItem(IDX__TXHDRLSTRIGMODE, raw=0, derived=DIS, unit=None), 'IDX__TXHDRMGTRIGMODE': ParsedDataItem(IDX__TXHDRMGTRIGMODE, raw=0, derived=0, unit=None), 'IDX__TXHDRLGTRIGMODE': ParsedDataItem(IDX__TXHDRLGTRIGMODE, raw=0, derived=0, unit=None), 'IDX__TXHDRHGTRIGMODE': ParsedDataItem(IDX__TXHDRHGTRIGMODE, raw=1, derived=1, unit=None), 'IDX__TXHDRSP05': ParsedDataItem(IDX__TXHDRSP05, raw=0, derived=0, unit=None), 'IDX__TXHDRSP06': ParsedDataItem(IDX__TXHDRSP06, raw=0, derived=0, unit=None), 'IDX__TXHDRSP07': ParsedDataItem(IDX__TXHDRSP07, raw=2018, derived=2018, unit=None), 'IDX__TXHDRSP08': ParsedDataItem(IDX__TXHDRSP08, raw=0, derived=0, unit=None), 'IDX__TXHDRTOFMAX': ParsedDataItem(IDX__TXHDRTOFMAX, raw=541596212, derived=541596212, unit=None), 'IDX__TXHDRTOFMIN': ParsedDataItem(IDX__TXHDRTOFMIN, raw=535295476, derived=535295476, unit=None), 'IDX__TXHDRLS0MAXMIN': ParsedDataItem(IDX__TXHDRLS0MAXMIN, raw=8517633, derived=8517633, unit=None), 'IDX__TXHDRLS1MAXMIN': ParsedDataItem(IDX__TXHDRLS1MAXMIN, raw=10499661, derived=10499661, unit=None), 'IDX__TXHDRLS2MAXMIN': ParsedDataItem(IDX__TXHDRLS2MAXMIN, raw=8390626, derived=8390626, unit=None), 'IDX__TXHDRFIFODELAY': ParsedDataItem(IDX__TXHDRFIFODELAY, raw=15, derived=15, unit=None), 'IDX__TXHDRSAMPDELAY': ParsedDataItem(IDX__TXHDRSAMPDELAY, raw=24140853, derived=24140853, unit=None), 'IDX__TXHDRTRANSCNT': ParsedDataItem(IDX__TXHDRTRANSCNT, raw=4, derived=4, unit=None), 'IDX__TXHDRPROCHKCH01': ParsedDataItem(IDX__TXHDRPROCHKCH01, raw=83231465, derived=83231465, unit=None), 'IDX__TXHDRPROCHKCH23': ParsedDataItem(IDX__TXHDRPROCHKCH23, raw=140183198, derived=140183198, unit=None), 'IDX__TXHDRPROCHKCH45': ParsedDataItem(IDX__TXHDRPROCHKCH45, raw=175637723, derived=175637723, unit=None), 'IDX__TXHDRPROCHKCH67': ParsedDataItem(IDX__TXHDRPROCHKCH67, raw=133761306, derived=133761306, unit=None), 'IDX__TXHDRHVPSHKCH01': ParsedDataItem(IDX__TXHDRHVPSHKCH01, raw=131794262, derived=131794262, unit=None), 'IDX__TXHDRHVPSHKCH23': ParsedDataItem(IDX__TXHDRHVPSHKCH23, raw=8849069, derived=8849069, unit=None), 'IDX__TXHDRHVPSHKCH45': ParsedDataItem(IDX__TXHDRHVPSHKCH45, raw=127731676, derived=127731676, unit=None), 'IDX__TXHDRHVPSHKCH67': ParsedDataItem(IDX__TXHDRHVPSHKCH67, raw=19925645, derived=19925645, unit=None), 'IDX__TXHDRLVHK0CH01': ParsedDataItem(IDX__TXHDRLVHK0CH01, raw=134219776, derived=134219776, unit=None), 'IDX__TXHDRLVHK0CH23': ParsedDataItem(IDX__TXHDRLVHK0CH23, raw=171772858, derived=171772858, unit=None), 'IDX__TXHDRLVHK0CH45': ParsedDataItem(IDX__TXHDRLVHK0CH45, raw=134810727, derived=134810727, unit=None), 'IDX__TXHDRLVHK0CH67': ParsedDataItem(IDX__TXHDRLVHK0CH67, raw=205851732, derived=205851732, unit=None), 'IDX__TXHDRLVHK1CH01': ParsedDataItem(IDX__TXHDRLVHK1CH01, raw=33228385, derived=33228385, unit=None), 'IDX__TXHDRLVHK1CH23': ParsedDataItem(IDX__TXHDRLVHK1CH23, raw=76678634, derived=76678634, unit=None), 'IDX__TXHDRLVHK1CH45': ParsedDataItem(IDX__TXHDRLVHK1CH45, raw=225642383, derived=225642383, unit=None), 'IDX__TXHDRLVHK1CH67': ParsedDataItem(IDX__TXHDRLVHK1CH67, raw=192283081, derived=192283081, unit=None), 'IDX__TXHDRLVHK2CH01': ParsedDataItem(IDX__TXHDRLVHK2CH01, raw=80807126, derived=80807126, unit=None), 'IDX__TXHDRLVHK2CH23': ParsedDataItem(IDX__TXHDRLVHK2CH23, raw=211290686, derived=211290686, unit=None), 'IDX__TXHDRLVHK2CH45': ParsedDataItem(IDX__TXHDRLVHK2CH45, raw=101059917, derived=101059917, unit=None), 'IDX__TXHDRLVHK2CH67': ParsedDataItem(IDX__TXHDRLVHK2CH67, raw=69017, derived=69017, unit=None), 'IDX__TXHDRSP09': ParsedDataItem(IDX__TXHDRSP09, raw=0, derived=0, unit=None), 'IDX__TXHDRSP10': ParsedDataItem(IDX__TXHDRSP10, raw=0, derived=0, unit=None), 'IDX__TXHDRFSWAIDCOPY': ParsedDataItem(IDX__TXHDRFSWAIDCOPY, raw=2415008032, derived=2415008032, unit=None), 'IDX__TXHDRFSWBINCOPY': ParsedDataItem(IDX__TXHDRFSWBINCOPY, raw=0, derived=0, unit=None), 'IDX__TXHDRFSWMAJOR': ParsedDataItem(IDX__TXHDRFSWMAJOR, raw=2, derived=2, unit=None), 'IDX__TXHDRFSWMINOR': ParsedDataItem(IDX__TXHDRFSWMINOR, raw=0, derived=0, unit=None), 'IDX__TXHDRFSWPATCH': ParsedDataItem(IDX__TXHDRFSWPATCH, raw=0, derived=0, unit=None), 'IDX__TXHDRFSWHVSTAT': ParsedDataItem(IDX__TXHDRFSWHVSTAT, raw=3, derived=3, unit=None), 'IDX__TXHDRFSWMEM0': ParsedDataItem(IDX__TXHDRFSWMEM0, raw=0, derived=0, unit=None), 'IDX__TXHDRFSWMEM1': ParsedDataItem(IDX__TXHDRFSWMEM1, raw=0, derived=0, unit=None), 'IDX__TXHDRFSWPT0': ParsedDataItem(IDX__TXHDRFSWPT0, raw=0, derived=0, unit=None), 'IDX__TXHDRFSWPT1': ParsedDataItem(IDX__TXHDRFSWPT1, raw=0, derived=0, unit=None), 'IDX__TXHDRFSWPT2': ParsedDataItem(IDX__TXHDRFSWPT2, raw=0, derived=0, unit=None), 'IDX__TXHDRFSWPT3': ParsedDataItem(IDX__TXHDRFSWPT3, raw=0, derived=0, unit=None), 'IDX__TXHDRFSWPT4': ParsedDataItem(IDX__TXHDRFSWPT4, raw=0, derived=0, unit=None), 'IDX__TXHDRFSWPT5': ParsedDataItem(IDX__TXHDRFSWPT5, raw=0, derived=0, unit=None), 'IDX__TXHDRFSWPT6': ParsedDataItem(IDX__TXHDRFSWPT6, raw=0, derived=0, unit=None), 'IDX__TXHDRFSWPT7': ParsedDataItem(IDX__TXHDRFSWPT7, raw=0, derived=0, unit=None), 'IDX__TXHDRFSWPT8': ParsedDataItem(IDX__TXHDRFSWPT8, raw=0, derived=0, unit=None), 'IDX__TXHDRFSWPT9': ParsedDataItem(IDX__TXHDRFSWPT9, raw=0, derived=0, unit=None), 'IDX__TXHDRFPGAVER': ParsedDataItem(IDX__TXHDRFPGAVER, raw=539165480, derived=539165480, unit=None), 'IDX__SYNCSCI0PKT': ParsedDataItem(IDX__SYNCSCI0PKT, raw=13107, derived=13107, unit=None), 'IDX__CRCSCI0PKT': ParsedDataItem(IDX__CRCSCI0PKT, raw=65466, derived=65466, unit=None)}
SHCOARSE = 429139282
SHFINE = 7054
IDX__SCI0AID = 2415008032
IDX__SCI0TYPE = 1
IDX__SCI0CONT = 127
IDX__SCI0SPARE1 = 0
IDX__SCI0PACK = EN
IDX__SCI0FRAG = DS
IDX__SCI0COMP = DS
IDX__SCI0EVTNUM = 9
IDX__SCI0CAT = 32
IDX__SCI0QUAL = 5
IDX__SCI0FRAGOFF = 0
IDX__SCI0VER = 9
IDX__SCI0TIME32 = 429138002
IDX__SCI0SPARE2 = 0
IDX__SCI0SPARE3 = 0
IDX__SCI0SPARE4 = 0
IDX__TXHDRSCIEVTLEN = 8320
IDX__TXHDRSP00 = 0
IDX__TXHDRTIMESEC1 = 6548
IDX__TXHDRTIMESEC2 = 8274
IDX__TXHDRTIMESUBS = 16787
IDX__TXHDRSP01 = 0
IDX__TXHDRTRIGOFFSET = 3
IDX__TXHDRSP02 = 0
IDX__TXHDRTRIGID = 1
IDX__TXHDREVTNUM = 9
IDX__TXHDRBLOCKS = 243679
IDX__TXHDRHGTRIGCTRL1 = 2222981120
IDX__TXHDRHGTRIGCTRL2 = 0
IDX__TXHDRLGTRIGCTRL1 = 4294965248
IDX__TXHDRLGTRIGCTRL2 = 4278255360
IDX__TXHDRMGTRIGCTRL1 = 4294965248
IDX__TXHDRMGTRIGCTRL2 = 4278255360
IDX__TXHDRSP03 = 0
IDX__TXHDRLSADC = 1048320
IDX__TXHDRPOLSTAT = NEG
IDX__TXHDRSP04 = 0
IDX__TXHDRPOLCTRL = POS
IDX__TXHDRCOINENA = DIS
IDX__TXHDRLSTRIGMODE = DIS
IDX__TXHDRMGTRIGMODE = 0
IDX__TXHDRLGTRIGMODE = 0
IDX__TXHDRHGTRIGMODE = 1
IDX__TXHDRSP05 = 0
IDX__TXHDRSP06 = 0
IDX__TXHDRSP07 = 2018
IDX__TXHDRSP08 = 0
IDX__TXHDRTOFMAX = 541596212
IDX__TXHDRTOFMIN = 535295476
IDX__TXHDRLS0MAXMIN = 8517633
IDX__TXHDRLS1MAXMIN = 10499661
IDX__TXHDRLS2MAXMIN = 8390626
IDX__TXHDRFIFODELAY = 15
IDX__TXHDRSAMPDELAY = 24140853
IDX__TXHDRTRANSCNT = 4
IDX__TXHDRPROCHKCH01 = 83231465
IDX__TXHDRPROCHKCH23 = 140183198
IDX__TXHDRPROCHKCH45 = 175637723
IDX__TXHDRPROCHKCH67 = 133761306
IDX__TXHDRHVPSHKCH01 = 131794262
IDX__TXHDRHVPSHKCH23 = 8849069
IDX__TXHDRHVPSHKCH45 = 127731676
IDX__TXHDRHVPSHKCH67 = 19925645
IDX__TXHDRLVHK0CH01 = 134219776
IDX__TXHDRLVHK0CH23 = 171772858
IDX__TXHDRLVHK0CH45 = 134810727
IDX__TXHDRLVHK0CH67 = 205851732
IDX__TXHDRLVHK1CH01 = 33228385
IDX__TXHDRLVHK1CH23 = 76678634
IDX__TXHDRLVHK1CH45 = 225642383
IDX__TXHDRLVHK1CH67 = 192283081
IDX__TXHDRLVHK2CH01 = 80807126
IDX__TXHDRLVHK2CH23 = 211290686
IDX__TXHDRLVHK2CH45 = 101059917
IDX__TXHDRLVHK2CH67 = 69017
IDX__TXHDRSP09 = 0
IDX__TXHDRSP10 = 0
IDX__TXHDRFSWAIDCOPY = 2415008032
IDX__TXHDRFSWBINCOPY = 0
IDX__TXHDRFSWMAJOR = 2
IDX__TXHDRFSWMINOR = 0
IDX__TXHDRFSWPATCH = 0
IDX__TXHDRFSWHVSTAT = 3
IDX__TXHDRFSWMEM0 = 0
IDX__TXHDRFSWMEM1 = 0
IDX__TXHDRFSWPT0 = 0
IDX__TXHDRFSWPT1 = 0
IDX__TXHDRFSWPT2 = 0
IDX__TXHDRFSWPT3 = 0
IDX__TXHDRFSWPT4 = 0
IDX__TXHDRFSWPT5 = 0
IDX__TXHDRFSWPT6 = 0
IDX__TXHDRFSWPT7 = 0
IDX__TXHDRFSWPT8 = 0
IDX__TXHDRFSWPT9 = 0
IDX__TXHDRFPGAVER = 539165480
IDX__SYNCSCI0PKT = 13107
IDX__CRCSCI0PKT = 65466
^*****Event header 10******^
EVTNUM: 10
SCI0TYPE: 1
TXHDRBLOCKS RAW: 243679
TXHDRBLOCKS DERIVED: 243679
-----
HS pre trig sampling blocks:  31
LS pre trig sampling blocks:  3
HS post trig sampling blocks:  31
LS post trig sampling blocks:  11
IDX__TXHDRHVPSHKCH01 = 131794262
Detector voltage =  1366
Sensor voltage =  2011
Target voltage =  1709
Reflectron voltage =  135
Rejection voltage =  2012
Current for HVPS sensor =  1949
Positive current for HVPS sensor =  2701
Negative current for HVPS sensor =  304
Voltage +3.3V reference =  2048
Voltage +3.3V operational reference =  2048
Voltage -6V bus =  3002
Voltage +6V bus =  2621
Voltage +16V bus =  3175
Voltage +3.3V bus =  2057
Voltage -5V bus =  3156
Voltage +5V bus =  3141
Current +3.3V bus =  1633
Current +16V bus =  1170
Current +6V bus =  1514
Current -6V bus =  1170
Current +5V bus =  1935
Current -5V bus =  3443
Current +2.5V bus =  457
Current -2.5V bus =  2934
Current on the 1V POL =  745
Current on the 1.9V POL =  1270
ProcBd Temperature 1 =  1694
ProcBd Temperature 2 =  2139
Voltage on 1V bus =  1243
FPGA Temperature =  2680
Voltage on 1.9V bus =  2330
Voltage on 3.3V bus =  2041
var_to_row = {'Last measurement in raw DN for Processor Board signal “1V POL Current”': 0, 'Last measurement in raw DN for Processor Board signal “1.9V POL Current”': 1, 'Last measurement in raw DN for Processor Board signal “ProcBd Temp1”': 2, nan: 48, 'Last measurement in raw DN for Processor Board signal “ProcBd Temp2”': 6, 'Last measurement in raw DN for Processor Board signal “1V Voltage”': 10, 'Last measurement in raw DN for Processor Board signal “FPGA Temp”': 11, 'Last measurement in raw DN for Processor Board signal “1.9V Voltage”': 12, 'Last measurement in raw DN for Processor Board signal “3.3V Voltage”': 13, 'Last measurement in raw DN for HVPS Board signal “Detector Voltage”': 14, 'Last measurement in raw DN for HVPS Board signal “Sensor Voltage"': 15, 'Last measurement in raw DN for HVPS Board signal “Target Voltage”': 16, 'Last measurement in raw DN for HVPS Board signal “Reflectron Voltage”': 17, 'Last measurement in raw DN for HVPS Board signal “Rejection Voltage”': 18, 'Last measurement in raw DN for HVPS Board signal “Detector Current”': 19, 'Last measurement in raw DN for HVPS Board signal “Sensor IP”': 20, 'Last measurement in raw DN for HVPS Board signal “Sensor IN”': 21, 'Last measurement in raw DN for LVPS Board signal “P3.3VREF_HK”': 22, 'Last measurement in raw DN for LVPS Board signal “P3.3VREF_OP”': 23, 'Last measurement in raw DN for LVPS Board signal “N6V”': 24, 'Last measurement in raw DN for LVPS Board signal “P6V”': 25, 'Last measurement in raw DN for LVPS Board signal “P16V”': 26, 'Last measurement in raw DN for LVPS Board signal “P3.3V”': 27, 'Last measurement in raw DN for LVPS Board signal “N5V”': 28, 'Last measurement in raw DN for LVPS Board signal “P5V”': 29, 'Last measurement in raw DN for LVPS Board signal “P3.3_IMON”': 30, 'Last measurement in raw DN for LVPS Board signal “P16V_IMON”': 31, 'Last measurement in raw DN for LVPS Board signal “P6V_IMON”': 32, 'Last measurement in raw DN for LVPS Board signal “N6V_IMON”': 33, 'Last measurement in raw DN for LVPS Board signal “P5V_IMON”': 34, 'Last measurement in raw DN for LVPS Board signal “N5V_IMON”': 35, 'Last measurement in raw DN for LVPS Board signal “P2.5V_IMON”': 36, 'Last measurement in raw DN for LVPS Board signal “N2.5V_IMON”': 37, 'Last measurement in raw DN for LVPS Board signal “THERM_DECON0”': 38, 'Last measurement in raw DN for LVPS Board signal “THERM_DECON1”': 39, 'Last measurement in raw DN for LVPS Board signal “THERM_DAB”': 40, 'Last measurement in raw DN for LVPS Board signal “THERM_LVPS”': 41, 'Last measurement in raw DN for LVPS Board signal “THERM_HVPS”': 45, 'Last measurement in raw DN for LVPS Board signal “P2.5V”': 49, 'Last measurement in raw DN for LVPS Board signal “N2.5V”': 50, 'Last measurement in raw DN for LVPS Board signal “Spare”': 51}

 
 ***** var_name being converted for each instrument setting ***** 
 

Matching row  18
coeffs for Last measurement in raw DN for Processor Board signal “1V POL Current”= [0.0 0.9029253 0.0 0.0 0.0 0.0 0.0 0.0]
var_name = Last measurement in raw DN for Processor Board signal “1V POL Current”
var_name = current_1V_pol
Header info = 745
Transformed value for current_1V_pol = 672.6793485000001
Matching row  18
coeffs for Last measurement in raw DN for Processor Board signal “1.9V POL Current”= [0.0 0.9029253 0.0 0.0 0.0 0.0 0.0 0.0]
var_name = Last measurement in raw DN for Processor Board signal “1.9V POL Current”
var_name = current_1.9V_pol
Header info = 1270
Transformed value for current_1.9V_pol = 1146.7151310000002
Matching row  18
coeffs for Last measurement in raw DN for Processor Board signal “ProcBd Temp1”= [162.8276 -0.2668687 0.0003323794 -2.43153e-07 9.034532e-11 -1.327735e-14
 0.0 0.0]
var_name = Last measurement in raw DN for Processor Board signal “ProcBd Temp1”
var_name = temperature_1
Header info = 1694
Transformed value for temperature_1 = 41.31409678076801
Matching row  18
coeffs for nan= [-104713.9 52.02446 -0.006463374 0.0 0.0 0.0 0.0 0.0]
var_name = nan
var_name = None
KeyError: (10, None) - Could not find entry for None, 48. Please check the Var_notes or variable mapping.
Matching row  18
coeffs for Last measurement in raw DN for Processor Board signal “ProcBd Temp2”= [162.8276 -0.2668687 0.0003323794 -2.43153e-07 9.034532e-11 -1.327735e-14
 0.0 0.0]
var_name = Last measurement in raw DN for Processor Board signal “ProcBd Temp2”
var_name = temperature_2
Header info = 2139
Transformed value for temperature_2 = 29.82486906629788
Matching row  18
coeffs for Last measurement in raw DN for Processor Board signal “1V Voltage”= [0.0 0.000805861 0.0 0.0 0.0 0.0 0.0 0.0]
var_name = Last measurement in raw DN for Processor Board signal “1V Voltage”
var_name = voltage_1V_bus
Header info = 1243
Transformed value for voltage_1V_bus = 1.001685223
Matching row  18
coeffs for Last measurement in raw DN for Processor Board signal “FPGA Temp”= [358.31 -0.1187104 0.0 0.0 0.0 0.0 0.0 0.0]
var_name = Last measurement in raw DN for Processor Board signal “FPGA Temp”
var_name = fpga_temperature
Header info = 2680
Transformed value for fpga_temperature = 40.166128000000015
Matching row  18
coeffs for Last measurement in raw DN for Processor Board signal “1.9V Voltage”= [0.0 0.000805861 0.0 0.0 0.0 0.0 0.0 0.0]
var_name = Last measurement in raw DN for Processor Board signal “1.9V Voltage”
var_name = voltage_1.9V_bus
Header info = 2330
Transformed value for voltage_1.9V_bus = 1.8776561299999999
Matching row  18
coeffs for Last measurement in raw DN for Processor Board signal “3.3V Voltage”= [0.0 0.001611722 0.0 0.0 0.0 0.0 0.0 0.0]
var_name = Last measurement in raw DN for Processor Board signal “3.3V Voltage”
var_name = voltage_3.3V_bus
Header info = 2041
Transformed value for voltage_3.3V_bus = 3.2895246019999997
Matching row  18
coeffs for Last measurement in raw DN for HVPS Board signal “Detector Voltage”= [0.0 1.4652 0.0 0.0 0.0 0.0 0.0 0.0]
var_name = Last measurement in raw DN for HVPS Board signal “Detector Voltage”
var_name = detector_voltage
Header info = 1366
Transformed value for detector_voltage = 2001.4632000000001
Matching row  18
coeffs for Last measurement in raw DN for HVPS Board signal “Sensor Voltage"= [0.0 1.4652 0.0 0.0 0.0 0.0 0.0 0.0]
var_name = Last measurement in raw DN for HVPS Board signal “Sensor Voltage"
var_name = sensor_voltage
Header info = 2011
Transformed value for sensor_voltage = 2946.5172000000002
Matching row  18
coeffs for Last measurement in raw DN for HVPS Board signal “Target Voltage”= [0.0 1.4652 0.0 0.0 0.0 0.0 0.0 0.0]
var_name = Last measurement in raw DN for HVPS Board signal “Target Voltage”
var_name = target_voltage
Header info = 1709
Transformed value for target_voltage = 2504.0268
Matching row  18
coeffs for Last measurement in raw DN for HVPS Board signal “Reflectron Voltage”= [0.0 1.4652 0.0 0.0 0.0 0.0 0.0 0.0]
var_name = Last measurement in raw DN for HVPS Board signal “Reflectron Voltage”
var_name = reflectron_voltage
Header info = 135
Transformed value for reflectron_voltage = 197.80200000000002
Matching row  18
coeffs for Last measurement in raw DN for HVPS Board signal “Rejection Voltage”= [0.0 1.4652 0.0 0.0 0.0 0.0 0.0 0.0]
var_name = Last measurement in raw DN for HVPS Board signal “Rejection Voltage”
var_name = rejection_voltage
Header info = 2012
Transformed value for rejection_voltage = 2947.9824000000003
Matching row  18
coeffs for Last measurement in raw DN for HVPS Board signal “Detector Current”= [0.0 7.326e-06 0.0 0.0 0.0 0.0 0.0 0.0]
var_name = Last measurement in raw DN for HVPS Board signal “Detector Current”
var_name = current_hvps_sensor
Header info = 1949
Transformed value for current_hvps_sensor = 0.014278374
Matching row  18
coeffs for Last measurement in raw DN for HVPS Board signal “Sensor IP”= [0.0 2.4339e-05 0.0 0.0 0.0 0.0 0.0 0.0]
var_name = Last measurement in raw DN for HVPS Board signal “Sensor IP”
var_name = positive_current_hvps
Header info = 2701
Transformed value for positive_current_hvps = 0.065739639
Matching row  18
coeffs for Last measurement in raw DN for HVPS Board signal “Sensor IN”= [0.0 2.4339e-05 0.0 0.0 0.0 0.0 0.0 0.0]
var_name = Last measurement in raw DN for HVPS Board signal “Sensor IN”
var_name = negative_current_hvps
Header info = 304
Transformed value for negative_current_hvps = 0.007399055999999999
Matching row  18
coeffs for Last measurement in raw DN for LVPS Board signal “P3.3VREF_HK”= [0.0 0.00161172 0.0 0.0 0.0 0.0 0.0 0.0]
var_name = Last measurement in raw DN for LVPS Board signal “P3.3VREF_HK”
var_name = voltage_3V3_ref
Header info = 2048
Transformed value for voltage_3V3_ref = 3.30080256
Matching row  18
coeffs for Last measurement in raw DN for LVPS Board signal “P3.3VREF_OP”= [0.0 0.00161172 0.0 0.0 0.0 0.0 0.0 0.0]
var_name = Last measurement in raw DN for LVPS Board signal “P3.3VREF_OP”
var_name = voltage_3V3_op_ref
Header info = 2048
Transformed value for voltage_3V3_op_ref = 3.30080256
Matching row  18
coeffs for Last measurement in raw DN for LVPS Board signal “N6V”= [-33.0 0.00886447 0.0 0.0 0.0 0.0 0.0 0.0]
var_name = Last measurement in raw DN for LVPS Board signal “N6V”
var_name = voltage_neg6V_bus
Header info = 3002
Transformed value for voltage_neg6V_bus = -6.3888610600000035
Matching row  18
coeffs for Last measurement in raw DN for LVPS Board signal “P6V”= [0.0 0.00241758 0.0 0.0 0.0 0.0 0.0 0.0]
var_name = Last measurement in raw DN for LVPS Board signal “P6V”
var_name = voltage_pos6V_bus
Header info = 2621
Transformed value for voltage_pos6V_bus = 6.33647718
Matching row  18
coeffs for Last measurement in raw DN for LVPS Board signal “P16V”= [0.0 0.00482711 0.0 0.0 0.0 0.0 0.0 0.0]
var_name = Last measurement in raw DN for LVPS Board signal “P16V”
var_name = voltage_pos16V_bus
Header info = 3175
Transformed value for voltage_pos16V_bus = 15.32607425
Matching row  18
coeffs for Last measurement in raw DN for LVPS Board signal “P3.3V”= [0.0 0.00161172 0.0 0.0 0.0 0.0 0.0 0.0]
var_name = Last measurement in raw DN for LVPS Board signal “P3.3V”
var_name = voltage_pos3V3_bus
Header info = 2057
Transformed value for voltage_pos3V3_bus = 3.31530804
Matching row  18
coeffs for Last measurement in raw DN for LVPS Board signal “N5V”= [-33.0 0.00886447 0.0 0.0 0.0 0.0 0.0 0.0]
var_name = Last measurement in raw DN for LVPS Board signal “N5V”
var_name = voltage_neg5V_bus
Header info = 3156
Transformed value for voltage_neg5V_bus = -5.023732680000002
Matching row  18
coeffs for Last measurement in raw DN for LVPS Board signal “P5V”= [0.0 0.00161172 0.0 0.0 0.0 0.0 0.0 0.0]
var_name = Last measurement in raw DN for LVPS Board signal “P5V”
var_name = voltage_pos5V_bus
Header info = 3141
Transformed value for voltage_pos5V_bus = 5.0624125200000005
Matching row  18
coeffs for Last measurement in raw DN for LVPS Board signal “P3.3_IMON”= [0.0 0.00161172 0.0 0.0 0.0 0.0 0.0 0.0]
var_name = Last measurement in raw DN for LVPS Board signal “P3.3_IMON”
var_name = current_3V3_bus
Header info = 1633
Transformed value for current_3V3_bus = 2.63193876
Matching row  18
coeffs for Last measurement in raw DN for LVPS Board signal “P16V_IMON”= [0.0 0.000161172 0.0 0.0 0.0 0.0 0.0 0.0]
var_name = Last measurement in raw DN for LVPS Board signal “P16V_IMON”
var_name = current_16V_bus
Header info = 1170
Transformed value for current_16V_bus = 0.18857124
Matching row  18
coeffs for Last measurement in raw DN for LVPS Board signal “P6V_IMON”= [0.0 8.05861e-05 0.0 0.0 0.0 0.0 0.0 0.0]
var_name = Last measurement in raw DN for LVPS Board signal “P6V_IMON”
var_name = current_6V_bus
Header info = 1514
Transformed value for current_6V_bus = 0.12200735539999999
Matching row  18
coeffs for Last measurement in raw DN for LVPS Board signal “N6V_IMON”= [0.0 -8.05861e-05 0.0 0.0 0.0 0.0 0.0 0.0]
var_name = Last measurement in raw DN for LVPS Board signal “N6V_IMON”
var_name = current_neg6V_bus
Header info = 1170
Transformed value for current_neg6V_bus = -0.094285737
Matching row  18
coeffs for Last measurement in raw DN for LVPS Board signal “P5V_IMON”= [0.0 4.029304e-05 0.0 0.0 0.0 0.0 0.0 0.0]
var_name = Last measurement in raw DN for LVPS Board signal “P5V_IMON”
var_name = current_5V_bus
Header info = 1935
Transformed value for current_5V_bus = 0.0779670324
Matching row  18
coeffs for Last measurement in raw DN for LVPS Board signal “N5V_IMON”= [0.0 -2.01465e-05 0.0 0.0 0.0 0.0 0.0 0.0]
var_name = Last measurement in raw DN for LVPS Board signal “N5V_IMON”
var_name = current_neg5V_bus
Header info = 3443
Transformed value for current_neg5V_bus = -0.0693643995
Matching row  18
coeffs for Last measurement in raw DN for LVPS Board signal “P2.5V_IMON”= [0.0 0.00161172 0.0 0.0 0.0 0.0 0.0 0.0]
var_name = Last measurement in raw DN for LVPS Board signal “P2.5V_IMON”
var_name = current_2V5_bus
Header info = 457
Transformed value for current_2V5_bus = 0.7365560400000001
Matching row  18
coeffs for Last measurement in raw DN for LVPS Board signal “N2.5V_IMON”= [0.0 -4.0293e-05 0.0 0.0 0.0 0.0 0.0 0.0]
var_name = Last measurement in raw DN for LVPS Board signal “N2.5V_IMON”
var_name = current_neg2V5_bus
Header info = 2934
Transformed value for current_neg2V5_bus = -0.118219662
Matching row  18
coeffs for Last measurement in raw DN for LVPS Board signal “THERM_DECON0”= [-110.293 0.0665351 0.000305738 -6.32048e-07 5.9934e-10 -2.98784e-13
 7.61361e-17 -7.76467e-21]
var_name = Last measurement in raw DN for LVPS Board signal “THERM_DECON0”
var_name = None
KeyError: (10, None) - Could not find entry for None, 38. Please check the Var_notes or variable mapping.
Matching row  18
coeffs for Last measurement in raw DN for LVPS Board signal “THERM_DECON1”= [-150.478 0.376986 -0.00062072 7.73853e-07 -5.81588e-10 2.56368e-13
 -6.05698e-17 5.96635e-21]
var_name = Last measurement in raw DN for LVPS Board signal “THERM_DECON1”
var_name = None
KeyError: (10, None) - Could not find entry for None, 39. Please check the Var_notes or variable mapping.
Matching row  18
coeffs for Last measurement in raw DN for LVPS Board signal “THERM_DAB”= [-443.248 1.31224 -0.00180422 1.40016e-06 -6.43766e-10 1.7448e-13
 -2.57695e-17 1.60239e-21]
var_name = Last measurement in raw DN for LVPS Board signal “THERM_DAB”
var_name = None
KeyError: (10, None) - Could not find entry for None, 40. Please check the Var_notes or variable mapping.
Matching row  18
coeffs for Last measurement in raw DN for LVPS Board signal “THERM_LVPS”= [200.4137 -0.2020699 0.000175403 -9.739547e-08 2.888932e-11 -3.545603e-15
 0.0 0.0]
var_name = Last measurement in raw DN for LVPS Board signal “THERM_LVPS”
var_name = None
KeyError: (10, None) - Could not find entry for None, 41. Please check the Var_notes or variable mapping.
Matching row  18
coeffs for Last measurement in raw DN for LVPS Board signal “THERM_HVPS”= [200.4137 -0.2020699 0.000175403 -9.739547e-08 2.888932e-11 -3.545603e-15
 0.0 0.0]
var_name = Last measurement in raw DN for LVPS Board signal “THERM_HVPS”
var_name = None
KeyError: (10, None) - Could not find entry for None, 45. Please check the Var_notes or variable mapping.
Matching row  18
coeffs for Last measurement in raw DN for LVPS Board signal “P2.5V”= [0.0 0.00161172 0.0 0.0 0.0 0.0 0.0 0.0]
var_name = Last measurement in raw DN for LVPS Board signal “P2.5V”
var_name = None
KeyError: (10, None) - Could not find entry for None, 49. Please check the Var_notes or variable mapping.
Matching row  18
coeffs for Last measurement in raw DN for LVPS Board signal “N2.5V”= [-33.0 0.00886447 0.0 0.0 0.0 0.0 0.0 0.0]
var_name = Last measurement in raw DN for LVPS Board signal “N2.5V”
var_name = None
KeyError: (10, None) - Could not find entry for None, 50. Please check the Var_notes or variable mapping.
Matching row  18
coeffs for Last measurement in raw DN for LVPS Board signal “Spare”= [0.0 0.00161172 0.0 0.0 0.0 0.0 0.0 0.0]
var_name = Last measurement in raw DN for LVPS Board signal “Spare”
var_name = spare_signal
KeyError: (10, 'spare_signal') - Could not find entry for spare_signal, 51. Please check the Var_notes or variable mapping.
High gain delay = 53 samples.
Mid gain delay = 23 samples.
Low gain delay = 23 samples.
High sampling trigger mode =  0 0 1
High gain trigger mode enabled.
For 2222981120, HG Trigger level = 0.15317, sample settings = 0, 0
Threshold trigger mode enabled for high gain channel.
AID = 2415008032
Event number = 9
Rice compression enabled = False
Timestamp = 429138002.33574 seconds since epoch (Midnight January 1st, 2010)
Trigger time = 2023-08-07T21:00:02.335740Z
10
10
10
10
10
10
10
10
10
10
10
10
10
{'SHCOARSE': ParsedDataItem(SHCOARSE, raw=429139296, derived=429139296, unit=dn), 'SHFINE': ParsedDataItem(SHFINE, raw=7060, derived=7060, unit=dn), 'IDX__SCI0AID': ParsedDataItem(IDX__SCI0AID, raw=2415008032, derived=2415008032, unit=None), 'IDX__SCI0TYPE': ParsedDataItem(IDX__SCI0TYPE, raw=1, derived=1, unit=None), 'IDX__SCI0CONT': ParsedDataItem(IDX__SCI0CONT, raw=127, derived=127, unit=None), 'IDX__SCI0SPARE1': ParsedDataItem(IDX__SCI0SPARE1, raw=0, derived=0, unit=None), 'IDX__SCI0PACK': ParsedDataItem(IDX__SCI0PACK, raw=1, derived=EN, unit=None), 'IDX__SCI0FRAG': ParsedDataItem(IDX__SCI0FRAG, raw=0, derived=DS, unit=None), 'IDX__SCI0COMP': ParsedDataItem(IDX__SCI0COMP, raw=0, derived=DS, unit=None), 'IDX__SCI0EVTNUM': ParsedDataItem(IDX__SCI0EVTNUM, raw=10, derived=10, unit=None), 'IDX__SCI0CAT': ParsedDataItem(IDX__SCI0CAT, raw=32, derived=32, unit=None), 'IDX__SCI0QUAL': ParsedDataItem(IDX__SCI0QUAL, raw=5, derived=5, unit=None), 'IDX__SCI0FRAGOFF': ParsedDataItem(IDX__SCI0FRAGOFF, raw=0, derived=0, unit=None), 'IDX__SCI0VER': ParsedDataItem(IDX__SCI0VER, raw=9, derived=9, unit=None), 'IDX__SCI0TIME32': ParsedDataItem(IDX__SCI0TIME32, raw=429138058, derived=429138058, unit=None), 'IDX__SCI0SPARE2': ParsedDataItem(IDX__SCI0SPARE2, raw=0, derived=0, unit=None), 'IDX__SCI0SPARE3': ParsedDataItem(IDX__SCI0SPARE3, raw=0, derived=0, unit=None), 'IDX__SCI0SPARE4': ParsedDataItem(IDX__SCI0SPARE4, raw=0, derived=0, unit=None), 'IDX__TXHDRSCIEVTLEN': ParsedDataItem(IDX__TXHDRSCIEVTLEN, raw=8320, derived=8320, unit=None), 'IDX__TXHDRSP00': ParsedDataItem(IDX__TXHDRSP00, raw=0, derived=0, unit=None), 'IDX__TXHDRTIMESEC1': ParsedDataItem(IDX__TXHDRTIMESEC1, raw=6548, derived=6548, unit=None), 'IDX__TXHDRTIMESEC2': ParsedDataItem(IDX__TXHDRTIMESEC2, raw=8330, derived=8330, unit=None), 'IDX__TXHDRTIMESUBS': ParsedDataItem(IDX__TXHDRTIMESUBS, raw=40260, derived=40260, unit=None), 'IDX__TXHDRSP01': ParsedDataItem(IDX__TXHDRSP01, raw=0, derived=0, unit=None), 'IDX__TXHDRTRIGOFFSET': ParsedDataItem(IDX__TXHDRTRIGOFFSET, raw=3, derived=3, unit=None), 'IDX__TXHDRSP02': ParsedDataItem(IDX__TXHDRSP02, raw=0, derived=0, unit=None), 'IDX__TXHDRTRIGID': ParsedDataItem(IDX__TXHDRTRIGID, raw=1, derived=1, unit=None), 'IDX__TXHDREVTNUM': ParsedDataItem(IDX__TXHDREVTNUM, raw=10, derived=10, unit=None), 'IDX__TXHDRBLOCKS': ParsedDataItem(IDX__TXHDRBLOCKS, raw=243679, derived=243679, unit=None), 'IDX__TXHDRHGTRIGCTRL1': ParsedDataItem(IDX__TXHDRHGTRIGCTRL1, raw=2222981120, derived=2222981120, unit=None), 'IDX__TXHDRHGTRIGCTRL2': ParsedDataItem(IDX__TXHDRHGTRIGCTRL2, raw=0, derived=0, unit=None), 'IDX__TXHDRLGTRIGCTRL1': ParsedDataItem(IDX__TXHDRLGTRIGCTRL1, raw=4294965248, derived=4294965248, unit=None), 'IDX__TXHDRLGTRIGCTRL2': ParsedDataItem(IDX__TXHDRLGTRIGCTRL2, raw=4278255360, derived=4278255360, unit=None), 'IDX__TXHDRMGTRIGCTRL1': ParsedDataItem(IDX__TXHDRMGTRIGCTRL1, raw=4294965248, derived=4294965248, unit=None), 'IDX__TXHDRMGTRIGCTRL2': ParsedDataItem(IDX__TXHDRMGTRIGCTRL2, raw=4278255360, derived=4278255360, unit=None), 'IDX__TXHDRSP03': ParsedDataItem(IDX__TXHDRSP03, raw=0, derived=0, unit=None), 'IDX__TXHDRLSADC': ParsedDataItem(IDX__TXHDRLSADC, raw=1048320, derived=1048320, unit=None), 'IDX__TXHDRPOLSTAT': ParsedDataItem(IDX__TXHDRPOLSTAT, raw=1, derived=NEG, unit=None), 'IDX__TXHDRSP04': ParsedDataItem(IDX__TXHDRSP04, raw=0, derived=0, unit=None), 'IDX__TXHDRPOLCTRL': ParsedDataItem(IDX__TXHDRPOLCTRL, raw=0, derived=POS, unit=None), 'IDX__TXHDRCOINENA': ParsedDataItem(IDX__TXHDRCOINENA, raw=0, derived=DIS, unit=None), 'IDX__TXHDRLSTRIGMODE': ParsedDataItem(IDX__TXHDRLSTRIGMODE, raw=0, derived=DIS, unit=None), 'IDX__TXHDRMGTRIGMODE': ParsedDataItem(IDX__TXHDRMGTRIGMODE, raw=0, derived=0, unit=None), 'IDX__TXHDRLGTRIGMODE': ParsedDataItem(IDX__TXHDRLGTRIGMODE, raw=0, derived=0, unit=None), 'IDX__TXHDRHGTRIGMODE': ParsedDataItem(IDX__TXHDRHGTRIGMODE, raw=1, derived=1, unit=None), 'IDX__TXHDRSP05': ParsedDataItem(IDX__TXHDRSP05, raw=0, derived=0, unit=None), 'IDX__TXHDRSP06': ParsedDataItem(IDX__TXHDRSP06, raw=0, derived=0, unit=None), 'IDX__TXHDRSP07': ParsedDataItem(IDX__TXHDRSP07, raw=2018, derived=2018, unit=None), 'IDX__TXHDRSP08': ParsedDataItem(IDX__TXHDRSP08, raw=0, derived=0, unit=None), 'IDX__TXHDRTOFMAX': ParsedDataItem(IDX__TXHDRTOFMAX, raw=541596181, derived=541596181, unit=None), 'IDX__TXHDRTOFMIN': ParsedDataItem(IDX__TXHDRTOFMIN, raw=535295475, derived=535295475, unit=None), 'IDX__TXHDRLS0MAXMIN': ParsedDataItem(IDX__TXHDRLS0MAXMIN, raw=8525822, derived=8525822, unit=None), 'IDX__TXHDRLS1MAXMIN': ParsedDataItem(IDX__TXHDRLS1MAXMIN, raw=10204674, derived=10204674, unit=None), 'IDX__TXHDRLS2MAXMIN': ParsedDataItem(IDX__TXHDRLS2MAXMIN, raw=8390625, derived=8390625, unit=None), 'IDX__TXHDRFIFODELAY': ParsedDataItem(IDX__TXHDRFIFODELAY, raw=18, derived=18, unit=None), 'IDX__TXHDRSAMPDELAY': ParsedDataItem(IDX__TXHDRSAMPDELAY, raw=24140859, derived=24140859, unit=None), 'IDX__TXHDRTRANSCNT': ParsedDataItem(IDX__TXHDRTRANSCNT, raw=2, derived=2, unit=None), 'IDX__TXHDRPROCHKCH01': ParsedDataItem(IDX__TXHDRPROCHKCH01, raw=83231467, derived=83231467, unit=None), 'IDX__TXHDRPROCHKCH23': ParsedDataItem(IDX__TXHDRPROCHKCH23, raw=139134607, derived=139134607, unit=None), 'IDX__TXHDRPROCHKCH45': ParsedDataItem(IDX__TXHDRPROCHKCH45, raw=175441115, derived=175441115, unit=None), 'IDX__TXHDRPROCHKCH67': ParsedDataItem(IDX__TXHDRPROCHKCH67, raw=133761306, derived=133761306, unit=None), 'IDX__TXHDRHVPSHKCH01': ParsedDataItem(IDX__TXHDRHVPSHKCH01, raw=131794262, derived=131794262, unit=None), 'IDX__TXHDRHVPSHKCH23': ParsedDataItem(IDX__TXHDRHVPSHKCH23, raw=8849069, derived=8849069, unit=None), 'IDX__TXHDRHVPSHKCH45': ParsedDataItem(IDX__TXHDRHVPSHKCH45, raw=127731675, derived=127731675, unit=None), 'IDX__TXHDRHVPSHKCH67': ParsedDataItem(IDX__TXHDRHVPSHKCH67, raw=19925645, derived=19925645, unit=None), 'IDX__TXHDRLVHK0CH01': ParsedDataItem(IDX__TXHDRLVHK0CH01, raw=134219776, derived=134219776, unit=None), 'IDX__TXHDRLVHK0CH23': ParsedDataItem(IDX__TXHDRLVHK0CH23, raw=171772858, derived=171772858, unit=None), 'IDX__TXHDRLVHK0CH45': ParsedDataItem(IDX__TXHDRLVHK0CH45, raw=134810727, derived=134810727, unit=None), 'IDX__TXHDRLVHK0CH67': ParsedDataItem(IDX__TXHDRLVHK0CH67, raw=205851732, derived=205851732, unit=None), 'IDX__TXHDRLVHK1CH01': ParsedDataItem(IDX__TXHDRLVHK1CH01, raw=33228386, derived=33228386, unit=None), 'IDX__TXHDRLVHK1CH23': ParsedDataItem(IDX__TXHDRLVHK1CH23, raw=76678634, derived=76678634, unit=None), 'IDX__TXHDRLVHK1CH45': ParsedDataItem(IDX__TXHDRLVHK1CH45, raw=225576846, derived=225576846, unit=None), 'IDX__TXHDRLVHK1CH67': ParsedDataItem(IDX__TXHDRLVHK1CH67, raw=192348617, derived=192348617, unit=None), 'IDX__TXHDRLVHK2CH01': ParsedDataItem(IDX__TXHDRLVHK2CH01, raw=80807126, derived=80807126, unit=None), 'IDX__TXHDRLVHK2CH23': ParsedDataItem(IDX__TXHDRLVHK2CH23, raw=210963006, derived=210963006, unit=None), 'IDX__TXHDRLVHK2CH45': ParsedDataItem(IDX__TXHDRLVHK2CH45, raw=101059914, derived=101059914, unit=None), 'IDX__TXHDRLVHK2CH67': ParsedDataItem(IDX__TXHDRLVHK2CH67, raw=69017, derived=69017, unit=None), 'IDX__TXHDRSP09': ParsedDataItem(IDX__TXHDRSP09, raw=0, derived=0, unit=None), 'IDX__TXHDRSP10': ParsedDataItem(IDX__TXHDRSP10, raw=0, derived=0, unit=None), 'IDX__TXHDRFSWAIDCOPY': ParsedDataItem(IDX__TXHDRFSWAIDCOPY, raw=2415008032, derived=2415008032, unit=None), 'IDX__TXHDRFSWBINCOPY': ParsedDataItem(IDX__TXHDRFSWBINCOPY, raw=0, derived=0, unit=None), 'IDX__TXHDRFSWMAJOR': ParsedDataItem(IDX__TXHDRFSWMAJOR, raw=2, derived=2, unit=None), 'IDX__TXHDRFSWMINOR': ParsedDataItem(IDX__TXHDRFSWMINOR, raw=0, derived=0, unit=None), 'IDX__TXHDRFSWPATCH': ParsedDataItem(IDX__TXHDRFSWPATCH, raw=0, derived=0, unit=None), 'IDX__TXHDRFSWHVSTAT': ParsedDataItem(IDX__TXHDRFSWHVSTAT, raw=3, derived=3, unit=None), 'IDX__TXHDRFSWMEM0': ParsedDataItem(IDX__TXHDRFSWMEM0, raw=0, derived=0, unit=None), 'IDX__TXHDRFSWMEM1': ParsedDataItem(IDX__TXHDRFSWMEM1, raw=0, derived=0, unit=None), 'IDX__TXHDRFSWPT0': ParsedDataItem(IDX__TXHDRFSWPT0, raw=0, derived=0, unit=None), 'IDX__TXHDRFSWPT1': ParsedDataItem(IDX__TXHDRFSWPT1, raw=0, derived=0, unit=None), 'IDX__TXHDRFSWPT2': ParsedDataItem(IDX__TXHDRFSWPT2, raw=0, derived=0, unit=None), 'IDX__TXHDRFSWPT3': ParsedDataItem(IDX__TXHDRFSWPT3, raw=0, derived=0, unit=None), 'IDX__TXHDRFSWPT4': ParsedDataItem(IDX__TXHDRFSWPT4, raw=0, derived=0, unit=None), 'IDX__TXHDRFSWPT5': ParsedDataItem(IDX__TXHDRFSWPT5, raw=0, derived=0, unit=None), 'IDX__TXHDRFSWPT6': ParsedDataItem(IDX__TXHDRFSWPT6, raw=0, derived=0, unit=None), 'IDX__TXHDRFSWPT7': ParsedDataItem(IDX__TXHDRFSWPT7, raw=0, derived=0, unit=None), 'IDX__TXHDRFSWPT8': ParsedDataItem(IDX__TXHDRFSWPT8, raw=0, derived=0, unit=None), 'IDX__TXHDRFSWPT9': ParsedDataItem(IDX__TXHDRFSWPT9, raw=0, derived=0, unit=None), 'IDX__TXHDRFPGAVER': ParsedDataItem(IDX__TXHDRFPGAVER, raw=539165480, derived=539165480, unit=None), 'IDX__SYNCSCI0PKT': ParsedDataItem(IDX__SYNCSCI0PKT, raw=13107, derived=13107, unit=None), 'IDX__CRCSCI0PKT': ParsedDataItem(IDX__CRCSCI0PKT, raw=20585, derived=20585, unit=None)}
SHCOARSE = 429139296
SHFINE = 7060
IDX__SCI0AID = 2415008032
IDX__SCI0TYPE = 1
IDX__SCI0CONT = 127
IDX__SCI0SPARE1 = 0
IDX__SCI0PACK = EN
IDX__SCI0FRAG = DS
IDX__SCI0COMP = DS
IDX__SCI0EVTNUM = 10
IDX__SCI0CAT = 32
IDX__SCI0QUAL = 5
IDX__SCI0FRAGOFF = 0
IDX__SCI0VER = 9
IDX__SCI0TIME32 = 429138058
IDX__SCI0SPARE2 = 0
IDX__SCI0SPARE3 = 0
IDX__SCI0SPARE4 = 0
IDX__TXHDRSCIEVTLEN = 8320
IDX__TXHDRSP00 = 0
IDX__TXHDRTIMESEC1 = 6548
IDX__TXHDRTIMESEC2 = 8330
IDX__TXHDRTIMESUBS = 40260
IDX__TXHDRSP01 = 0
IDX__TXHDRTRIGOFFSET = 3
IDX__TXHDRSP02 = 0
IDX__TXHDRTRIGID = 1
IDX__TXHDREVTNUM = 10
IDX__TXHDRBLOCKS = 243679
IDX__TXHDRHGTRIGCTRL1 = 2222981120
IDX__TXHDRHGTRIGCTRL2 = 0
IDX__TXHDRLGTRIGCTRL1 = 4294965248
IDX__TXHDRLGTRIGCTRL2 = 4278255360
IDX__TXHDRMGTRIGCTRL1 = 4294965248
IDX__TXHDRMGTRIGCTRL2 = 4278255360
IDX__TXHDRSP03 = 0
IDX__TXHDRLSADC = 1048320
IDX__TXHDRPOLSTAT = NEG
IDX__TXHDRSP04 = 0
IDX__TXHDRPOLCTRL = POS
IDX__TXHDRCOINENA = DIS
IDX__TXHDRLSTRIGMODE = DIS
IDX__TXHDRMGTRIGMODE = 0
IDX__TXHDRLGTRIGMODE = 0
IDX__TXHDRHGTRIGMODE = 1
IDX__TXHDRSP05 = 0
IDX__TXHDRSP06 = 0
IDX__TXHDRSP07 = 2018
IDX__TXHDRSP08 = 0
IDX__TXHDRTOFMAX = 541596181
IDX__TXHDRTOFMIN = 535295475
IDX__TXHDRLS0MAXMIN = 8525822
IDX__TXHDRLS1MAXMIN = 10204674
IDX__TXHDRLS2MAXMIN = 8390625
IDX__TXHDRFIFODELAY = 18
IDX__TXHDRSAMPDELAY = 24140859
IDX__TXHDRTRANSCNT = 2
IDX__TXHDRPROCHKCH01 = 83231467
IDX__TXHDRPROCHKCH23 = 139134607
IDX__TXHDRPROCHKCH45 = 175441115
IDX__TXHDRPROCHKCH67 = 133761306
IDX__TXHDRHVPSHKCH01 = 131794262
IDX__TXHDRHVPSHKCH23 = 8849069
IDX__TXHDRHVPSHKCH45 = 127731675
IDX__TXHDRHVPSHKCH67 = 19925645
IDX__TXHDRLVHK0CH01 = 134219776
IDX__TXHDRLVHK0CH23 = 171772858
IDX__TXHDRLVHK0CH45 = 134810727
IDX__TXHDRLVHK0CH67 = 205851732
IDX__TXHDRLVHK1CH01 = 33228386
IDX__TXHDRLVHK1CH23 = 76678634
IDX__TXHDRLVHK1CH45 = 225576846
IDX__TXHDRLVHK1CH67 = 192348617
IDX__TXHDRLVHK2CH01 = 80807126
IDX__TXHDRLVHK2CH23 = 210963006
IDX__TXHDRLVHK2CH45 = 101059914
IDX__TXHDRLVHK2CH67 = 69017
IDX__TXHDRSP09 = 0
IDX__TXHDRSP10 = 0
IDX__TXHDRFSWAIDCOPY = 2415008032
IDX__TXHDRFSWBINCOPY = 0
IDX__TXHDRFSWMAJOR = 2
IDX__TXHDRFSWMINOR = 0
IDX__TXHDRFSWPATCH = 0
IDX__TXHDRFSWHVSTAT = 3
IDX__TXHDRFSWMEM0 = 0
IDX__TXHDRFSWMEM1 = 0
IDX__TXHDRFSWPT0 = 0
IDX__TXHDRFSWPT1 = 0
IDX__TXHDRFSWPT2 = 0
IDX__TXHDRFSWPT3 = 0
IDX__TXHDRFSWPT4 = 0
IDX__TXHDRFSWPT5 = 0
IDX__TXHDRFSWPT6 = 0
IDX__TXHDRFSWPT7 = 0
IDX__TXHDRFSWPT8 = 0
IDX__TXHDRFSWPT9 = 0
IDX__TXHDRFPGAVER = 539165480
IDX__SYNCSCI0PKT = 13107
IDX__CRCSCI0PKT = 20585
^*****Event header 11******^
EVTNUM: 11
SCI0TYPE: 1
TXHDRBLOCKS RAW: 243679
TXHDRBLOCKS DERIVED: 243679
-----
HS pre trig sampling blocks:  31
LS pre trig sampling blocks:  3
HS post trig sampling blocks:  31
LS post trig sampling blocks:  11
IDX__TXHDRHVPSHKCH01 = 131794262
Detector voltage =  1366
Sensor voltage =  2011
Target voltage =  1709
Reflectron voltage =  135
Rejection voltage =  2011
Current for HVPS sensor =  1949
Positive current for HVPS sensor =  2701
Negative current for HVPS sensor =  304
Voltage +3.3V reference =  2048
Voltage +3.3V operational reference =  2048
Voltage -6V bus =  3002
Voltage +6V bus =  2621
Voltage +16V bus =  3175
Voltage +3.3V bus =  2057
Voltage -5V bus =  3156
Voltage +5V bus =  3141
Current +3.3V bus =  1634
Current +16V bus =  1170
Current +6V bus =  1514
Current -6V bus =  1170
Current +5V bus =  1934
Current -5V bus =  3442
Current +2.5V bus =  457
Current -2.5V bus =  2935
Current on the 1V POL =  747
Current on the 1.9V POL =  1270
ProcBd Temperature 1 =  1679
ProcBd Temperature 2 =  2123
Voltage on 1V bus =  1243
FPGA Temperature =  2677
Voltage on 1.9V bus =  2330
Voltage on 3.3V bus =  2041
var_to_row = {'Last measurement in raw DN for Processor Board signal “1V POL Current”': 0, 'Last measurement in raw DN for Processor Board signal “1.9V POL Current”': 1, 'Last measurement in raw DN for Processor Board signal “ProcBd Temp1”': 2, nan: 48, 'Last measurement in raw DN for Processor Board signal “ProcBd Temp2”': 6, 'Last measurement in raw DN for Processor Board signal “1V Voltage”': 10, 'Last measurement in raw DN for Processor Board signal “FPGA Temp”': 11, 'Last measurement in raw DN for Processor Board signal “1.9V Voltage”': 12, 'Last measurement in raw DN for Processor Board signal “3.3V Voltage”': 13, 'Last measurement in raw DN for HVPS Board signal “Detector Voltage”': 14, 'Last measurement in raw DN for HVPS Board signal “Sensor Voltage"': 15, 'Last measurement in raw DN for HVPS Board signal “Target Voltage”': 16, 'Last measurement in raw DN for HVPS Board signal “Reflectron Voltage”': 17, 'Last measurement in raw DN for HVPS Board signal “Rejection Voltage”': 18, 'Last measurement in raw DN for HVPS Board signal “Detector Current”': 19, 'Last measurement in raw DN for HVPS Board signal “Sensor IP”': 20, 'Last measurement in raw DN for HVPS Board signal “Sensor IN”': 21, 'Last measurement in raw DN for LVPS Board signal “P3.3VREF_HK”': 22, 'Last measurement in raw DN for LVPS Board signal “P3.3VREF_OP”': 23, 'Last measurement in raw DN for LVPS Board signal “N6V”': 24, 'Last measurement in raw DN for LVPS Board signal “P6V”': 25, 'Last measurement in raw DN for LVPS Board signal “P16V”': 26, 'Last measurement in raw DN for LVPS Board signal “P3.3V”': 27, 'Last measurement in raw DN for LVPS Board signal “N5V”': 28, 'Last measurement in raw DN for LVPS Board signal “P5V”': 29, 'Last measurement in raw DN for LVPS Board signal “P3.3_IMON”': 30, 'Last measurement in raw DN for LVPS Board signal “P16V_IMON”': 31, 'Last measurement in raw DN for LVPS Board signal “P6V_IMON”': 32, 'Last measurement in raw DN for LVPS Board signal “N6V_IMON”': 33, 'Last measurement in raw DN for LVPS Board signal “P5V_IMON”': 34, 'Last measurement in raw DN for LVPS Board signal “N5V_IMON”': 35, 'Last measurement in raw DN for LVPS Board signal “P2.5V_IMON”': 36, 'Last measurement in raw DN for LVPS Board signal “N2.5V_IMON”': 37, 'Last measurement in raw DN for LVPS Board signal “THERM_DECON0”': 38, 'Last measurement in raw DN for LVPS Board signal “THERM_DECON1”': 39, 'Last measurement in raw DN for LVPS Board signal “THERM_DAB”': 40, 'Last measurement in raw DN for LVPS Board signal “THERM_LVPS”': 41, 'Last measurement in raw DN for LVPS Board signal “THERM_HVPS”': 45, 'Last measurement in raw DN for LVPS Board signal “P2.5V”': 49, 'Last measurement in raw DN for LVPS Board signal “N2.5V”': 50, 'Last measurement in raw DN for LVPS Board signal “Spare”': 51}

 
 ***** var_name being converted for each instrument setting ***** 
 

Matching row  18
coeffs for Last measurement in raw DN for Processor Board signal “1V POL Current”= [0.0 0.9029253 0.0 0.0 0.0 0.0 0.0 0.0]
var_name = Last measurement in raw DN for Processor Board signal “1V POL Current”
var_name = current_1V_pol
Header info = 747
Transformed value for current_1V_pol = 674.4851991
Matching row  18
coeffs for Last measurement in raw DN for Processor Board signal “1.9V POL Current”= [0.0 0.9029253 0.0 0.0 0.0 0.0 0.0 0.0]
var_name = Last measurement in raw DN for Processor Board signal “1.9V POL Current”
var_name = current_1.9V_pol
Header info = 1270
Transformed value for current_1.9V_pol = 1146.7151310000002
Matching row  18
coeffs for Last measurement in raw DN for Processor Board signal “ProcBd Temp1”= [162.8276 -0.2668687 0.0003323794 -2.43153e-07 9.034532e-11 -1.327735e-14
 0.0 0.0]
var_name = Last measurement in raw DN for Processor Board signal “ProcBd Temp1”
var_name = temperature_1
Header info = 1679
Transformed value for temperature_1 = 41.675633823003466
Matching row  18
coeffs for nan= [-104713.9 52.02446 -0.006463374 0.0 0.0 0.0 0.0 0.0]
var_name = nan
var_name = None
KeyError: (11, None) - Could not find entry for None, 48. Please check the Var_notes or variable mapping.
Matching row  18
coeffs for Last measurement in raw DN for Processor Board signal “ProcBd Temp2”= [162.8276 -0.2668687 0.0003323794 -2.43153e-07 9.034532e-11 -1.327735e-14
 0.0 0.0]
var_name = Last measurement in raw DN for Processor Board signal “ProcBd Temp2”
var_name = temperature_2
Header info = 2123
Transformed value for temperature_2 = 30.380651062317952
Matching row  18
coeffs for Last measurement in raw DN for Processor Board signal “1V Voltage”= [0.0 0.000805861 0.0 0.0 0.0 0.0 0.0 0.0]
var_name = Last measurement in raw DN for Processor Board signal “1V Voltage”
var_name = voltage_1V_bus
Header info = 1243
Transformed value for voltage_1V_bus = 1.001685223
Matching row  18
coeffs for Last measurement in raw DN for Processor Board signal “FPGA Temp”= [358.31 -0.1187104 0.0 0.0 0.0 0.0 0.0 0.0]
var_name = Last measurement in raw DN for Processor Board signal “FPGA Temp”
var_name = fpga_temperature
Header info = 2677
Transformed value for fpga_temperature = 40.52225920000001
Matching row  18
coeffs for Last measurement in raw DN for Processor Board signal “1.9V Voltage”= [0.0 0.000805861 0.0 0.0 0.0 0.0 0.0 0.0]
var_name = Last measurement in raw DN for Processor Board signal “1.9V Voltage”
var_name = voltage_1.9V_bus
Header info = 2330
Transformed value for voltage_1.9V_bus = 1.8776561299999999
Matching row  18
coeffs for Last measurement in raw DN for Processor Board signal “3.3V Voltage”= [0.0 0.001611722 0.0 0.0 0.0 0.0 0.0 0.0]
var_name = Last measurement in raw DN for Processor Board signal “3.3V Voltage”
var_name = voltage_3.3V_bus
Header info = 2041
Transformed value for voltage_3.3V_bus = 3.2895246019999997
Matching row  18
coeffs for Last measurement in raw DN for HVPS Board signal “Detector Voltage”= [0.0 1.4652 0.0 0.0 0.0 0.0 0.0 0.0]
var_name = Last measurement in raw DN for HVPS Board signal “Detector Voltage”
var_name = detector_voltage
Header info = 1366
Transformed value for detector_voltage = 2001.4632000000001
Matching row  18
coeffs for Last measurement in raw DN for HVPS Board signal “Sensor Voltage"= [0.0 1.4652 0.0 0.0 0.0 0.0 0.0 0.0]
var_name = Last measurement in raw DN for HVPS Board signal “Sensor Voltage"
var_name = sensor_voltage
Header info = 2011
Transformed value for sensor_voltage = 2946.5172000000002
Matching row  18
coeffs for Last measurement in raw DN for HVPS Board signal “Target Voltage”= [0.0 1.4652 0.0 0.0 0.0 0.0 0.0 0.0]
var_name = Last measurement in raw DN for HVPS Board signal “Target Voltage”
var_name = target_voltage
Header info = 1709
Transformed value for target_voltage = 2504.0268
Matching row  18
coeffs for Last measurement in raw DN for HVPS Board signal “Reflectron Voltage”= [0.0 1.4652 0.0 0.0 0.0 0.0 0.0 0.0]
var_name = Last measurement in raw DN for HVPS Board signal “Reflectron Voltage”
var_name = reflectron_voltage
Header info = 135
Transformed value for reflectron_voltage = 197.80200000000002
Matching row  18
coeffs for Last measurement in raw DN for HVPS Board signal “Rejection Voltage”= [0.0 1.4652 0.0 0.0 0.0 0.0 0.0 0.0]
var_name = Last measurement in raw DN for HVPS Board signal “Rejection Voltage”
var_name = rejection_voltage
Header info = 2011
Transformed value for rejection_voltage = 2946.5172000000002
Matching row  18
coeffs for Last measurement in raw DN for HVPS Board signal “Detector Current”= [0.0 7.326e-06 0.0 0.0 0.0 0.0 0.0 0.0]
var_name = Last measurement in raw DN for HVPS Board signal “Detector Current”
var_name = current_hvps_sensor
Header info = 1949
Transformed value for current_hvps_sensor = 0.014278374
Matching row  18
coeffs for Last measurement in raw DN for HVPS Board signal “Sensor IP”= [0.0 2.4339e-05 0.0 0.0 0.0 0.0 0.0 0.0]
var_name = Last measurement in raw DN for HVPS Board signal “Sensor IP”
var_name = positive_current_hvps
Header info = 2701
Transformed value for positive_current_hvps = 0.065739639
Matching row  18
coeffs for Last measurement in raw DN for HVPS Board signal “Sensor IN”= [0.0 2.4339e-05 0.0 0.0 0.0 0.0 0.0 0.0]
var_name = Last measurement in raw DN for HVPS Board signal “Sensor IN”
var_name = negative_current_hvps
Header info = 304
Transformed value for negative_current_hvps = 0.007399055999999999
Matching row  18
coeffs for Last measurement in raw DN for LVPS Board signal “P3.3VREF_HK”= [0.0 0.00161172 0.0 0.0 0.0 0.0 0.0 0.0]
var_name = Last measurement in raw DN for LVPS Board signal “P3.3VREF_HK”
var_name = voltage_3V3_ref
Header info = 2048
Transformed value for voltage_3V3_ref = 3.30080256
Matching row  18
coeffs for Last measurement in raw DN for LVPS Board signal “P3.3VREF_OP”= [0.0 0.00161172 0.0 0.0 0.0 0.0 0.0 0.0]
var_name = Last measurement in raw DN for LVPS Board signal “P3.3VREF_OP”
var_name = voltage_3V3_op_ref
Header info = 2048
Transformed value for voltage_3V3_op_ref = 3.30080256
Matching row  18
coeffs for Last measurement in raw DN for LVPS Board signal “N6V”= [-33.0 0.00886447 0.0 0.0 0.0 0.0 0.0 0.0]
var_name = Last measurement in raw DN for LVPS Board signal “N6V”
var_name = voltage_neg6V_bus
Header info = 3002
Transformed value for voltage_neg6V_bus = -6.3888610600000035
Matching row  18
coeffs for Last measurement in raw DN for LVPS Board signal “P6V”= [0.0 0.00241758 0.0 0.0 0.0 0.0 0.0 0.0]
var_name = Last measurement in raw DN for LVPS Board signal “P6V”
var_name = voltage_pos6V_bus
Header info = 2621
Transformed value for voltage_pos6V_bus = 6.33647718
Matching row  18
coeffs for Last measurement in raw DN for LVPS Board signal “P16V”= [0.0 0.00482711 0.0 0.0 0.0 0.0 0.0 0.0]
var_name = Last measurement in raw DN for LVPS Board signal “P16V”
var_name = voltage_pos16V_bus
Header info = 3175
Transformed value for voltage_pos16V_bus = 15.32607425
Matching row  18
coeffs for Last measurement in raw DN for LVPS Board signal “P3.3V”= [0.0 0.00161172 0.0 0.0 0.0 0.0 0.0 0.0]
var_name = Last measurement in raw DN for LVPS Board signal “P3.3V”
var_name = voltage_pos3V3_bus
Header info = 2057
Transformed value for voltage_pos3V3_bus = 3.31530804
Matching row  18
coeffs for Last measurement in raw DN for LVPS Board signal “N5V”= [-33.0 0.00886447 0.0 0.0 0.0 0.0 0.0 0.0]
var_name = Last measurement in raw DN for LVPS Board signal “N5V”
var_name = voltage_neg5V_bus
Header info = 3156
Transformed value for voltage_neg5V_bus = -5.023732680000002
Matching row  18
coeffs for Last measurement in raw DN for LVPS Board signal “P5V”= [0.0 0.00161172 0.0 0.0 0.0 0.0 0.0 0.0]
var_name = Last measurement in raw DN for LVPS Board signal “P5V”
var_name = voltage_pos5V_bus
Header info = 3141
Transformed value for voltage_pos5V_bus = 5.0624125200000005
Matching row  18
coeffs for Last measurement in raw DN for LVPS Board signal “P3.3_IMON”= [0.0 0.00161172 0.0 0.0 0.0 0.0 0.0 0.0]
var_name = Last measurement in raw DN for LVPS Board signal “P3.3_IMON”
var_name = current_3V3_bus
Header info = 1634
Transformed value for current_3V3_bus = 2.6335504800000002
Matching row  18
coeffs for Last measurement in raw DN for LVPS Board signal “P16V_IMON”= [0.0 0.000161172 0.0 0.0 0.0 0.0 0.0 0.0]
var_name = Last measurement in raw DN for LVPS Board signal “P16V_IMON”
var_name = current_16V_bus
Header info = 1170
Transformed value for current_16V_bus = 0.18857124
Matching row  18
coeffs for Last measurement in raw DN for LVPS Board signal “P6V_IMON”= [0.0 8.05861e-05 0.0 0.0 0.0 0.0 0.0 0.0]
var_name = Last measurement in raw DN for LVPS Board signal “P6V_IMON”
var_name = current_6V_bus
Header info = 1514
Transformed value for current_6V_bus = 0.12200735539999999
Matching row  18
coeffs for Last measurement in raw DN for LVPS Board signal “N6V_IMON”= [0.0 -8.05861e-05 0.0 0.0 0.0 0.0 0.0 0.0]
var_name = Last measurement in raw DN for LVPS Board signal “N6V_IMON”
var_name = current_neg6V_bus
Header info = 1170
Transformed value for current_neg6V_bus = -0.094285737
Matching row  18
coeffs for Last measurement in raw DN for LVPS Board signal “P5V_IMON”= [0.0 4.029304e-05 0.0 0.0 0.0 0.0 0.0 0.0]
var_name = Last measurement in raw DN for LVPS Board signal “P5V_IMON”
var_name = current_5V_bus
Header info = 1934
Transformed value for current_5V_bus = 0.07792673936
Matching row  18
coeffs for Last measurement in raw DN for LVPS Board signal “N5V_IMON”= [0.0 -2.01465e-05 0.0 0.0 0.0 0.0 0.0 0.0]
var_name = Last measurement in raw DN for LVPS Board signal “N5V_IMON”
var_name = current_neg5V_bus
Header info = 3442
Transformed value for current_neg5V_bus = -0.06934425300000001
Matching row  18
coeffs for Last measurement in raw DN for LVPS Board signal “P2.5V_IMON”= [0.0 0.00161172 0.0 0.0 0.0 0.0 0.0 0.0]
var_name = Last measurement in raw DN for LVPS Board signal “P2.5V_IMON”
var_name = current_2V5_bus
Header info = 457
Transformed value for current_2V5_bus = 0.7365560400000001
Matching row  18
coeffs for Last measurement in raw DN for LVPS Board signal “N2.5V_IMON”= [0.0 -4.0293e-05 0.0 0.0 0.0 0.0 0.0 0.0]
var_name = Last measurement in raw DN for LVPS Board signal “N2.5V_IMON”
var_name = current_neg2V5_bus
Header info = 2935
Transformed value for current_neg2V5_bus = -0.118259955
Matching row  18
coeffs for Last measurement in raw DN for LVPS Board signal “THERM_DECON0”= [-110.293 0.0665351 0.000305738 -6.32048e-07 5.9934e-10 -2.98784e-13
 7.61361e-17 -7.76467e-21]
var_name = Last measurement in raw DN for LVPS Board signal “THERM_DECON0”
var_name = None
KeyError: (11, None) - Could not find entry for None, 38. Please check the Var_notes or variable mapping.
Matching row  18
coeffs for Last measurement in raw DN for LVPS Board signal “THERM_DECON1”= [-150.478 0.376986 -0.00062072 7.73853e-07 -5.81588e-10 2.56368e-13
 -6.05698e-17 5.96635e-21]
var_name = Last measurement in raw DN for LVPS Board signal “THERM_DECON1”
var_name = None
KeyError: (11, None) - Could not find entry for None, 39. Please check the Var_notes or variable mapping.
Matching row  18
coeffs for Last measurement in raw DN for LVPS Board signal “THERM_DAB”= [-443.248 1.31224 -0.00180422 1.40016e-06 -6.43766e-10 1.7448e-13
 -2.57695e-17 1.60239e-21]
var_name = Last measurement in raw DN for LVPS Board signal “THERM_DAB”
var_name = None
KeyError: (11, None) - Could not find entry for None, 40. Please check the Var_notes or variable mapping.
Matching row  18
coeffs for Last measurement in raw DN for LVPS Board signal “THERM_LVPS”= [200.4137 -0.2020699 0.000175403 -9.739547e-08 2.888932e-11 -3.545603e-15
 0.0 0.0]
var_name = Last measurement in raw DN for LVPS Board signal “THERM_LVPS”
var_name = None
KeyError: (11, None) - Could not find entry for None, 41. Please check the Var_notes or variable mapping.
Matching row  18
coeffs for Last measurement in raw DN for LVPS Board signal “THERM_HVPS”= [200.4137 -0.2020699 0.000175403 -9.739547e-08 2.888932e-11 -3.545603e-15
 0.0 0.0]
var_name = Last measurement in raw DN for LVPS Board signal “THERM_HVPS”
var_name = None
KeyError: (11, None) - Could not find entry for None, 45. Please check the Var_notes or variable mapping.
Matching row  18
coeffs for Last measurement in raw DN for LVPS Board signal “P2.5V”= [0.0 0.00161172 0.0 0.0 0.0 0.0 0.0 0.0]
var_name = Last measurement in raw DN for LVPS Board signal “P2.5V”
var_name = None
KeyError: (11, None) - Could not find entry for None, 49. Please check the Var_notes or variable mapping.
Matching row  18
coeffs for Last measurement in raw DN for LVPS Board signal “N2.5V”= [-33.0 0.00886447 0.0 0.0 0.0 0.0 0.0 0.0]
var_name = Last measurement in raw DN for LVPS Board signal “N2.5V”
var_name = None
KeyError: (11, None) - Could not find entry for None, 50. Please check the Var_notes or variable mapping.
Matching row  18
coeffs for Last measurement in raw DN for LVPS Board signal “Spare”= [0.0 0.00161172 0.0 0.0 0.0 0.0 0.0 0.0]
var_name = Last measurement in raw DN for LVPS Board signal “Spare”
var_name = spare_signal
KeyError: (11, 'spare_signal') - Could not find entry for spare_signal, 51. Please check the Var_notes or variable mapping.
High gain delay = 59 samples.
Mid gain delay = 23 samples.
Low gain delay = 23 samples.
High sampling trigger mode =  0 0 1
High gain trigger mode enabled.
For 2222981120, HG Trigger level = 0.15317, sample settings = 0, 0
Threshold trigger mode enabled for high gain channel.
AID = 2415008032
Event number = 10
Rice compression enabled = False
Timestamp = 429138058.8052 seconds since epoch (Midnight January 1st, 2010)
Trigger time = 2023-08-07T21:00:58.805200Z
11
11
11
11
11
11
11
11
11
11
11
11
11
{'SHCOARSE': ParsedDataItem(SHCOARSE, raw=429139309, derived=429139309, unit=dn), 'SHFINE': ParsedDataItem(SHFINE, raw=7065, derived=7065, unit=dn), 'IDX__SCI0AID': ParsedDataItem(IDX__SCI0AID, raw=2415008032, derived=2415008032, unit=None), 'IDX__SCI0TYPE': ParsedDataItem(IDX__SCI0TYPE, raw=1, derived=1, unit=None), 'IDX__SCI0CONT': ParsedDataItem(IDX__SCI0CONT, raw=127, derived=127, unit=None), 'IDX__SCI0SPARE1': ParsedDataItem(IDX__SCI0SPARE1, raw=0, derived=0, unit=None), 'IDX__SCI0PACK': ParsedDataItem(IDX__SCI0PACK, raw=1, derived=EN, unit=None), 'IDX__SCI0FRAG': ParsedDataItem(IDX__SCI0FRAG, raw=0, derived=DS, unit=None), 'IDX__SCI0COMP': ParsedDataItem(IDX__SCI0COMP, raw=0, derived=DS, unit=None), 'IDX__SCI0EVTNUM': ParsedDataItem(IDX__SCI0EVTNUM, raw=11, derived=11, unit=None), 'IDX__SCI0CAT': ParsedDataItem(IDX__SCI0CAT, raw=32, derived=32, unit=None), 'IDX__SCI0QUAL': ParsedDataItem(IDX__SCI0QUAL, raw=5, derived=5, unit=None), 'IDX__SCI0FRAGOFF': ParsedDataItem(IDX__SCI0FRAGOFF, raw=0, derived=0, unit=None), 'IDX__SCI0VER': ParsedDataItem(IDX__SCI0VER, raw=9, derived=9, unit=None), 'IDX__SCI0TIME32': ParsedDataItem(IDX__SCI0TIME32, raw=429138114, derived=429138114, unit=None), 'IDX__SCI0SPARE2': ParsedDataItem(IDX__SCI0SPARE2, raw=0, derived=0, unit=None), 'IDX__SCI0SPARE3': ParsedDataItem(IDX__SCI0SPARE3, raw=0, derived=0, unit=None), 'IDX__SCI0SPARE4': ParsedDataItem(IDX__SCI0SPARE4, raw=0, derived=0, unit=None), 'IDX__TXHDRSCIEVTLEN': ParsedDataItem(IDX__TXHDRSCIEVTLEN, raw=8320, derived=8320, unit=None), 'IDX__TXHDRSP00': ParsedDataItem(IDX__TXHDRSP00, raw=0, derived=0, unit=None), 'IDX__TXHDRTIMESEC1': ParsedDataItem(IDX__TXHDRTIMESEC1, raw=6548, derived=6548, unit=None), 'IDX__TXHDRTIMESEC2': ParsedDataItem(IDX__TXHDRTIMESEC2, raw=8386, derived=8386, unit=None), 'IDX__TXHDRTIMESUBS': ParsedDataItem(IDX__TXHDRTIMESUBS, raw=16684, derived=16684, unit=None), 'IDX__TXHDRSP01': ParsedDataItem(IDX__TXHDRSP01, raw=0, derived=0, unit=None), 'IDX__TXHDRTRIGOFFSET': ParsedDataItem(IDX__TXHDRTRIGOFFSET, raw=0, derived=0, unit=None), 'IDX__TXHDRSP02': ParsedDataItem(IDX__TXHDRSP02, raw=0, derived=0, unit=None), 'IDX__TXHDRTRIGID': ParsedDataItem(IDX__TXHDRTRIGID, raw=1, derived=1, unit=None), 'IDX__TXHDREVTNUM': ParsedDataItem(IDX__TXHDREVTNUM, raw=11, derived=11, unit=None), 'IDX__TXHDRBLOCKS': ParsedDataItem(IDX__TXHDRBLOCKS, raw=243679, derived=243679, unit=None), 'IDX__TXHDRHGTRIGCTRL1': ParsedDataItem(IDX__TXHDRHGTRIGCTRL1, raw=2222981120, derived=2222981120, unit=None), 'IDX__TXHDRHGTRIGCTRL2': ParsedDataItem(IDX__TXHDRHGTRIGCTRL2, raw=0, derived=0, unit=None), 'IDX__TXHDRLGTRIGCTRL1': ParsedDataItem(IDX__TXHDRLGTRIGCTRL1, raw=4294965248, derived=4294965248, unit=None), 'IDX__TXHDRLGTRIGCTRL2': ParsedDataItem(IDX__TXHDRLGTRIGCTRL2, raw=4278255360, derived=4278255360, unit=None), 'IDX__TXHDRMGTRIGCTRL1': ParsedDataItem(IDX__TXHDRMGTRIGCTRL1, raw=4294965248, derived=4294965248, unit=None), 'IDX__TXHDRMGTRIGCTRL2': ParsedDataItem(IDX__TXHDRMGTRIGCTRL2, raw=4278255360, derived=4278255360, unit=None), 'IDX__TXHDRSP03': ParsedDataItem(IDX__TXHDRSP03, raw=0, derived=0, unit=None), 'IDX__TXHDRLSADC': ParsedDataItem(IDX__TXHDRLSADC, raw=1048320, derived=1048320, unit=None), 'IDX__TXHDRPOLSTAT': ParsedDataItem(IDX__TXHDRPOLSTAT, raw=1, derived=NEG, unit=None), 'IDX__TXHDRSP04': ParsedDataItem(IDX__TXHDRSP04, raw=0, derived=0, unit=None), 'IDX__TXHDRPOLCTRL': ParsedDataItem(IDX__TXHDRPOLCTRL, raw=0, derived=POS, unit=None), 'IDX__TXHDRCOINENA': ParsedDataItem(IDX__TXHDRCOINENA, raw=0, derived=DIS, unit=None), 'IDX__TXHDRLSTRIGMODE': ParsedDataItem(IDX__TXHDRLSTRIGMODE, raw=0, derived=DIS, unit=None), 'IDX__TXHDRMGTRIGMODE': ParsedDataItem(IDX__TXHDRMGTRIGMODE, raw=0, derived=0, unit=None), 'IDX__TXHDRLGTRIGMODE': ParsedDataItem(IDX__TXHDRLGTRIGMODE, raw=0, derived=0, unit=None), 'IDX__TXHDRHGTRIGMODE': ParsedDataItem(IDX__TXHDRHGTRIGMODE, raw=1, derived=1, unit=None), 'IDX__TXHDRSP05': ParsedDataItem(IDX__TXHDRSP05, raw=0, derived=0, unit=None), 'IDX__TXHDRSP06': ParsedDataItem(IDX__TXHDRSP06, raw=0, derived=0, unit=None), 'IDX__TXHDRSP07': ParsedDataItem(IDX__TXHDRSP07, raw=2019, derived=2019, unit=None), 'IDX__TXHDRSP08': ParsedDataItem(IDX__TXHDRSP08, raw=0, derived=0, unit=None), 'IDX__TXHDRTOFMAX': ParsedDataItem(IDX__TXHDRTOFMAX, raw=541596188, derived=541596188, unit=None), 'IDX__TXHDRTOFMIN': ParsedDataItem(IDX__TXHDRTOFMIN, raw=535295475, derived=535295475, unit=None), 'IDX__TXHDRLS0MAXMIN': ParsedDataItem(IDX__TXHDRLS0MAXMIN, raw=8529917, derived=8529917, unit=None), 'IDX__TXHDRLS1MAXMIN': ParsedDataItem(IDX__TXHDRLS1MAXMIN, raw=10188350, derived=10188350, unit=None), 'IDX__TXHDRLS2MAXMIN': ParsedDataItem(IDX__TXHDRLS2MAXMIN, raw=8325089, derived=8325089, unit=None), 'IDX__TXHDRFIFODELAY': ParsedDataItem(IDX__TXHDRFIFODELAY, raw=16, derived=16, unit=None), 'IDX__TXHDRSAMPDELAY': ParsedDataItem(IDX__TXHDRSAMPDELAY, raw=1073740830, derived=1073740830, unit=None), 'IDX__TXHDRTRANSCNT': ParsedDataItem(IDX__TXHDRTRANSCNT, raw=2, derived=2, unit=None), 'IDX__TXHDRPROCHKCH01': ParsedDataItem(IDX__TXHDRPROCHKCH01, raw=83231470, derived=83231470, unit=None), 'IDX__TXHDRPROCHKCH23': ParsedDataItem(IDX__TXHDRPROCHKCH23, raw=138217089, derived=138217089, unit=None), 'IDX__TXHDRPROCHKCH45': ParsedDataItem(IDX__TXHDRPROCHKCH45, raw=175310043, derived=175310043, unit=None), 'IDX__TXHDRPROCHKCH67': ParsedDataItem(IDX__TXHDRPROCHKCH67, raw=133761306, derived=133761306, unit=None), 'IDX__TXHDRHVPSHKCH01': ParsedDataItem(IDX__TXHDRHVPSHKCH01, raw=131794263, derived=131794263, unit=None), 'IDX__TXHDRHVPSHKCH23': ParsedDataItem(IDX__TXHDRHVPSHKCH23, raw=8849069, derived=8849069, unit=None), 'IDX__TXHDRHVPSHKCH45': ParsedDataItem(IDX__TXHDRHVPSHKCH45, raw=127731676, derived=127731676, unit=None), 'IDX__TXHDRHVPSHKCH67': ParsedDataItem(IDX__TXHDRHVPSHKCH67, raw=19925645, derived=19925645, unit=None), 'IDX__TXHDRLVHK0CH01': ParsedDataItem(IDX__TXHDRLVHK0CH01, raw=134219776, derived=134219776, unit=None), 'IDX__TXHDRLVHK0CH23': ParsedDataItem(IDX__TXHDRLVHK0CH23, raw=171772858, derived=171772858, unit=None), 'IDX__TXHDRLVHK0CH45': ParsedDataItem(IDX__TXHDRLVHK0CH45, raw=134810728, derived=134810728, unit=None), 'IDX__TXHDRLVHK0CH67': ParsedDataItem(IDX__TXHDRLVHK0CH67, raw=205851732, derived=205851732, unit=None), 'IDX__TXHDRLVHK1CH01': ParsedDataItem(IDX__TXHDRLVHK1CH01, raw=33293924, derived=33293924, unit=None), 'IDX__TXHDRLVHK1CH23': ParsedDataItem(IDX__TXHDRLVHK1CH23, raw=76678634, derived=76678634, unit=None), 'IDX__TXHDRLVHK1CH45': ParsedDataItem(IDX__TXHDRLVHK1CH45, raw=225642383, derived=225642383, unit=None), 'IDX__TXHDRLVHK1CH67': ParsedDataItem(IDX__TXHDRLVHK1CH67, raw=192348617, derived=192348617, unit=None), 'IDX__TXHDRLVHK2CH01': ParsedDataItem(IDX__TXHDRLVHK2CH01, raw=80807126, derived=80807126, unit=None), 'IDX__TXHDRLVHK2CH23': ParsedDataItem(IDX__TXHDRLVHK2CH23, raw=210635326, derived=210635326, unit=None), 'IDX__TXHDRLVHK2CH45': ParsedDataItem(IDX__TXHDRLVHK2CH45, raw=101059910, derived=101059910, unit=None), 'IDX__TXHDRLVHK2CH67': ParsedDataItem(IDX__TXHDRLVHK2CH67, raw=3481, derived=3481, unit=None), 'IDX__TXHDRSP09': ParsedDataItem(IDX__TXHDRSP09, raw=0, derived=0, unit=None), 'IDX__TXHDRSP10': ParsedDataItem(IDX__TXHDRSP10, raw=0, derived=0, unit=None), 'IDX__TXHDRFSWAIDCOPY': ParsedDataItem(IDX__TXHDRFSWAIDCOPY, raw=2415008032, derived=2415008032, unit=None), 'IDX__TXHDRFSWBINCOPY': ParsedDataItem(IDX__TXHDRFSWBINCOPY, raw=0, derived=0, unit=None), 'IDX__TXHDRFSWMAJOR': ParsedDataItem(IDX__TXHDRFSWMAJOR, raw=2, derived=2, unit=None), 'IDX__TXHDRFSWMINOR': ParsedDataItem(IDX__TXHDRFSWMINOR, raw=0, derived=0, unit=None), 'IDX__TXHDRFSWPATCH': ParsedDataItem(IDX__TXHDRFSWPATCH, raw=0, derived=0, unit=None), 'IDX__TXHDRFSWHVSTAT': ParsedDataItem(IDX__TXHDRFSWHVSTAT, raw=3, derived=3, unit=None), 'IDX__TXHDRFSWMEM0': ParsedDataItem(IDX__TXHDRFSWMEM0, raw=0, derived=0, unit=None), 'IDX__TXHDRFSWMEM1': ParsedDataItem(IDX__TXHDRFSWMEM1, raw=0, derived=0, unit=None), 'IDX__TXHDRFSWPT0': ParsedDataItem(IDX__TXHDRFSWPT0, raw=0, derived=0, unit=None), 'IDX__TXHDRFSWPT1': ParsedDataItem(IDX__TXHDRFSWPT1, raw=0, derived=0, unit=None), 'IDX__TXHDRFSWPT2': ParsedDataItem(IDX__TXHDRFSWPT2, raw=0, derived=0, unit=None), 'IDX__TXHDRFSWPT3': ParsedDataItem(IDX__TXHDRFSWPT3, raw=0, derived=0, unit=None), 'IDX__TXHDRFSWPT4': ParsedDataItem(IDX__TXHDRFSWPT4, raw=0, derived=0, unit=None), 'IDX__TXHDRFSWPT5': ParsedDataItem(IDX__TXHDRFSWPT5, raw=0, derived=0, unit=None), 'IDX__TXHDRFSWPT6': ParsedDataItem(IDX__TXHDRFSWPT6, raw=0, derived=0, unit=None), 'IDX__TXHDRFSWPT7': ParsedDataItem(IDX__TXHDRFSWPT7, raw=0, derived=0, unit=None), 'IDX__TXHDRFSWPT8': ParsedDataItem(IDX__TXHDRFSWPT8, raw=0, derived=0, unit=None), 'IDX__TXHDRFSWPT9': ParsedDataItem(IDX__TXHDRFSWPT9, raw=0, derived=0, unit=None), 'IDX__TXHDRFPGAVER': ParsedDataItem(IDX__TXHDRFPGAVER, raw=539165480, derived=539165480, unit=None), 'IDX__SYNCSCI0PKT': ParsedDataItem(IDX__SYNCSCI0PKT, raw=13107, derived=13107, unit=None), 'IDX__CRCSCI0PKT': ParsedDataItem(IDX__CRCSCI0PKT, raw=5514, derived=5514, unit=None)}
SHCOARSE = 429139309
SHFINE = 7065
IDX__SCI0AID = 2415008032
IDX__SCI0TYPE = 1
IDX__SCI0CONT = 127
IDX__SCI0SPARE1 = 0
IDX__SCI0PACK = EN
IDX__SCI0FRAG = DS
IDX__SCI0COMP = DS
IDX__SCI0EVTNUM = 11
IDX__SCI0CAT = 32
IDX__SCI0QUAL = 5
IDX__SCI0FRAGOFF = 0
IDX__SCI0VER = 9
IDX__SCI0TIME32 = 429138114
IDX__SCI0SPARE2 = 0
IDX__SCI0SPARE3 = 0
IDX__SCI0SPARE4 = 0
IDX__TXHDRSCIEVTLEN = 8320
IDX__TXHDRSP00 = 0
IDX__TXHDRTIMESEC1 = 6548
IDX__TXHDRTIMESEC2 = 8386
IDX__TXHDRTIMESUBS = 16684
IDX__TXHDRSP01 = 0
IDX__TXHDRTRIGOFFSET = 0
IDX__TXHDRSP02 = 0
IDX__TXHDRTRIGID = 1
IDX__TXHDREVTNUM = 11
IDX__TXHDRBLOCKS = 243679
IDX__TXHDRHGTRIGCTRL1 = 2222981120
IDX__TXHDRHGTRIGCTRL2 = 0
IDX__TXHDRLGTRIGCTRL1 = 4294965248
IDX__TXHDRLGTRIGCTRL2 = 4278255360
IDX__TXHDRMGTRIGCTRL1 = 4294965248
IDX__TXHDRMGTRIGCTRL2 = 4278255360
IDX__TXHDRSP03 = 0
IDX__TXHDRLSADC = 1048320
IDX__TXHDRPOLSTAT = NEG
IDX__TXHDRSP04 = 0
IDX__TXHDRPOLCTRL = POS
IDX__TXHDRCOINENA = DIS
IDX__TXHDRLSTRIGMODE = DIS
IDX__TXHDRMGTRIGMODE = 0
IDX__TXHDRLGTRIGMODE = 0
IDX__TXHDRHGTRIGMODE = 1
IDX__TXHDRSP05 = 0
IDX__TXHDRSP06 = 0
IDX__TXHDRSP07 = 2019
IDX__TXHDRSP08 = 0
IDX__TXHDRTOFMAX = 541596188
IDX__TXHDRTOFMIN = 535295475
IDX__TXHDRLS0MAXMIN = 8529917
IDX__TXHDRLS1MAXMIN = 10188350
IDX__TXHDRLS2MAXMIN = 8325089
IDX__TXHDRFIFODELAY = 16
IDX__TXHDRSAMPDELAY = 1073740830
IDX__TXHDRTRANSCNT = 2
IDX__TXHDRPROCHKCH01 = 83231470
IDX__TXHDRPROCHKCH23 = 138217089
IDX__TXHDRPROCHKCH45 = 175310043
IDX__TXHDRPROCHKCH67 = 133761306
IDX__TXHDRHVPSHKCH01 = 131794263
IDX__TXHDRHVPSHKCH23 = 8849069
IDX__TXHDRHVPSHKCH45 = 127731676
IDX__TXHDRHVPSHKCH67 = 19925645
IDX__TXHDRLVHK0CH01 = 134219776
IDX__TXHDRLVHK0CH23 = 171772858
IDX__TXHDRLVHK0CH45 = 134810728
IDX__TXHDRLVHK0CH67 = 205851732
IDX__TXHDRLVHK1CH01 = 33293924
IDX__TXHDRLVHK1CH23 = 76678634
IDX__TXHDRLVHK1CH45 = 225642383
IDX__TXHDRLVHK1CH67 = 192348617
IDX__TXHDRLVHK2CH01 = 80807126
IDX__TXHDRLVHK2CH23 = 210635326
IDX__TXHDRLVHK2CH45 = 101059910
IDX__TXHDRLVHK2CH67 = 3481
IDX__TXHDRSP09 = 0
IDX__TXHDRSP10 = 0
IDX__TXHDRFSWAIDCOPY = 2415008032
IDX__TXHDRFSWBINCOPY = 0
IDX__TXHDRFSWMAJOR = 2
IDX__TXHDRFSWMINOR = 0
IDX__TXHDRFSWPATCH = 0
IDX__TXHDRFSWHVSTAT = 3
IDX__TXHDRFSWMEM0 = 0
IDX__TXHDRFSWMEM1 = 0
IDX__TXHDRFSWPT0 = 0
IDX__TXHDRFSWPT1 = 0
IDX__TXHDRFSWPT2 = 0
IDX__TXHDRFSWPT3 = 0
IDX__TXHDRFSWPT4 = 0
IDX__TXHDRFSWPT5 = 0
IDX__TXHDRFSWPT6 = 0
IDX__TXHDRFSWPT7 = 0
IDX__TXHDRFSWPT8 = 0
IDX__TXHDRFSWPT9 = 0
IDX__TXHDRFPGAVER = 539165480
IDX__SYNCSCI0PKT = 13107
IDX__CRCSCI0PKT = 5514
^*****Event header 12******^
EVTNUM: 12
SCI0TYPE: 1
TXHDRBLOCKS RAW: 243679
TXHDRBLOCKS DERIVED: 243679
-----
HS pre trig sampling blocks:  31
LS pre trig sampling blocks:  3
HS post trig sampling blocks:  31
LS post trig sampling blocks:  11
IDX__TXHDRHVPSHKCH01 = 131794263
Detector voltage =  1367
Sensor voltage =  2011
Target voltage =  1709
Reflectron voltage =  135
Rejection voltage =  2012
Current for HVPS sensor =  1949
Positive current for HVPS sensor =  2701
Negative current for HVPS sensor =  304
Voltage +3.3V reference =  2048
Voltage +3.3V operational reference =  2048
Voltage -6V bus =  3002
Voltage +6V bus =  2621
Voltage +16V bus =  3176
Voltage +3.3V bus =  2057
Voltage -5V bus =  3156
Voltage +5V bus =  3141
Current +3.3V bus =  1636
Current +16V bus =  1170
Current +6V bus =  1514
Current -6V bus =  1170
Current +5V bus =  1935
Current -5V bus =  3443
Current +2.5V bus =  457
Current -2.5V bus =  2935
Current on the 1V POL =  750
Current on the 1.9V POL =  1270
ProcBd Temperature 1 =  1665
ProcBd Temperature 2 =  2109
Voltage on 1V bus =  1243
FPGA Temperature =  2675
Voltage on 1.9V bus =  2330
Voltage on 3.3V bus =  2041
var_to_row = {'Last measurement in raw DN for Processor Board signal “1V POL Current”': 0, 'Last measurement in raw DN for Processor Board signal “1.9V POL Current”': 1, 'Last measurement in raw DN for Processor Board signal “ProcBd Temp1”': 2, nan: 48, 'Last measurement in raw DN for Processor Board signal “ProcBd Temp2”': 6, 'Last measurement in raw DN for Processor Board signal “1V Voltage”': 10, 'Last measurement in raw DN for Processor Board signal “FPGA Temp”': 11, 'Last measurement in raw DN for Processor Board signal “1.9V Voltage”': 12, 'Last measurement in raw DN for Processor Board signal “3.3V Voltage”': 13, 'Last measurement in raw DN for HVPS Board signal “Detector Voltage”': 14, 'Last measurement in raw DN for HVPS Board signal “Sensor Voltage"': 15, 'Last measurement in raw DN for HVPS Board signal “Target Voltage”': 16, 'Last measurement in raw DN for HVPS Board signal “Reflectron Voltage”': 17, 'Last measurement in raw DN for HVPS Board signal “Rejection Voltage”': 18, 'Last measurement in raw DN for HVPS Board signal “Detector Current”': 19, 'Last measurement in raw DN for HVPS Board signal “Sensor IP”': 20, 'Last measurement in raw DN for HVPS Board signal “Sensor IN”': 21, 'Last measurement in raw DN for LVPS Board signal “P3.3VREF_HK”': 22, 'Last measurement in raw DN for LVPS Board signal “P3.3VREF_OP”': 23, 'Last measurement in raw DN for LVPS Board signal “N6V”': 24, 'Last measurement in raw DN for LVPS Board signal “P6V”': 25, 'Last measurement in raw DN for LVPS Board signal “P16V”': 26, 'Last measurement in raw DN for LVPS Board signal “P3.3V”': 27, 'Last measurement in raw DN for LVPS Board signal “N5V”': 28, 'Last measurement in raw DN for LVPS Board signal “P5V”': 29, 'Last measurement in raw DN for LVPS Board signal “P3.3_IMON”': 30, 'Last measurement in raw DN for LVPS Board signal “P16V_IMON”': 31, 'Last measurement in raw DN for LVPS Board signal “P6V_IMON”': 32, 'Last measurement in raw DN for LVPS Board signal “N6V_IMON”': 33, 'Last measurement in raw DN for LVPS Board signal “P5V_IMON”': 34, 'Last measurement in raw DN for LVPS Board signal “N5V_IMON”': 35, 'Last measurement in raw DN for LVPS Board signal “P2.5V_IMON”': 36, 'Last measurement in raw DN for LVPS Board signal “N2.5V_IMON”': 37, 'Last measurement in raw DN for LVPS Board signal “THERM_DECON0”': 38, 'Last measurement in raw DN for LVPS Board signal “THERM_DECON1”': 39, 'Last measurement in raw DN for LVPS Board signal “THERM_DAB”': 40, 'Last measurement in raw DN for LVPS Board signal “THERM_LVPS”': 41, 'Last measurement in raw DN for LVPS Board signal “THERM_HVPS”': 45, 'Last measurement in raw DN for LVPS Board signal “P2.5V”': 49, 'Last measurement in raw DN for LVPS Board signal “N2.5V”': 50, 'Last measurement in raw DN for LVPS Board signal “Spare”': 51}

 
 ***** var_name being converted for each instrument setting ***** 
 

Matching row  18
coeffs for Last measurement in raw DN for Processor Board signal “1V POL Current”= [0.0 0.9029253 0.0 0.0 0.0 0.0 0.0 0.0]
var_name = Last measurement in raw DN for Processor Board signal “1V POL Current”
var_name = current_1V_pol
Header info = 750
Transformed value for current_1V_pol = 677.193975
Matching row  18
coeffs for Last measurement in raw DN for Processor Board signal “1.9V POL Current”= [0.0 0.9029253 0.0 0.0 0.0 0.0 0.0 0.0]
var_name = Last measurement in raw DN for Processor Board signal “1.9V POL Current”
var_name = current_1.9V_pol
Header info = 1270
Transformed value for current_1.9V_pol = 1146.7151310000002
Matching row  18
coeffs for Last measurement in raw DN for Processor Board signal “ProcBd Temp1”= [162.8276 -0.2668687 0.0003323794 -2.43153e-07 9.034532e-11 -1.327735e-14
 0.0 0.0]
var_name = Last measurement in raw DN for Processor Board signal “ProcBd Temp1”
var_name = temperature_1
Header info = 1665
Transformed value for temperature_1 = 42.01602652456353
Matching row  18
coeffs for nan= [-104713.9 52.02446 -0.006463374 0.0 0.0 0.0 0.0 0.0]
var_name = nan
var_name = None
KeyError: (12, None) - Could not find entry for None, 48. Please check the Var_notes or variable mapping.
Matching row  18
coeffs for Last measurement in raw DN for Processor Board signal “ProcBd Temp2”= [162.8276 -0.2668687 0.0003323794 -2.43153e-07 9.034532e-11 -1.327735e-14
 0.0 0.0]
var_name = Last measurement in raw DN for Processor Board signal “ProcBd Temp2”
var_name = temperature_2
Header info = 2109
Transformed value for temperature_2 = 30.84860823628037
Matching row  18
coeffs for Last measurement in raw DN for Processor Board signal “1V Voltage”= [0.0 0.000805861 0.0 0.0 0.0 0.0 0.0 0.0]
var_name = Last measurement in raw DN for Processor Board signal “1V Voltage”
var_name = voltage_1V_bus
Header info = 1243
Transformed value for voltage_1V_bus = 1.001685223
Matching row  18
coeffs for Last measurement in raw DN for Processor Board signal “FPGA Temp”= [358.31 -0.1187104 0.0 0.0 0.0 0.0 0.0 0.0]
var_name = Last measurement in raw DN for Processor Board signal “FPGA Temp”
var_name = fpga_temperature
Header info = 2675
Transformed value for fpga_temperature = 40.75968
Matching row  18
coeffs for Last measurement in raw DN for Processor Board signal “1.9V Voltage”= [0.0 0.000805861 0.0 0.0 0.0 0.0 0.0 0.0]
var_name = Last measurement in raw DN for Processor Board signal “1.9V Voltage”
var_name = voltage_1.9V_bus
Header info = 2330
Transformed value for voltage_1.9V_bus = 1.8776561299999999
Matching row  18
coeffs for Last measurement in raw DN for Processor Board signal “3.3V Voltage”= [0.0 0.001611722 0.0 0.0 0.0 0.0 0.0 0.0]
var_name = Last measurement in raw DN for Processor Board signal “3.3V Voltage”
var_name = voltage_3.3V_bus
Header info = 2041
Transformed value for voltage_3.3V_bus = 3.2895246019999997
Matching row  18
coeffs for Last measurement in raw DN for HVPS Board signal “Detector Voltage”= [0.0 1.4652 0.0 0.0 0.0 0.0 0.0 0.0]
var_name = Last measurement in raw DN for HVPS Board signal “Detector Voltage”
var_name = detector_voltage
Header info = 1367
Transformed value for detector_voltage = 2002.9284
Matching row  18
coeffs for Last measurement in raw DN for HVPS Board signal “Sensor Voltage"= [0.0 1.4652 0.0 0.0 0.0 0.0 0.0 0.0]
var_name = Last measurement in raw DN for HVPS Board signal “Sensor Voltage"
var_name = sensor_voltage
Header info = 2011
Transformed value for sensor_voltage = 2946.5172000000002
Matching row  18
coeffs for Last measurement in raw DN for HVPS Board signal “Target Voltage”= [0.0 1.4652 0.0 0.0 0.0 0.0 0.0 0.0]
var_name = Last measurement in raw DN for HVPS Board signal “Target Voltage”
var_name = target_voltage
Header info = 1709
Transformed value for target_voltage = 2504.0268
Matching row  18
coeffs for Last measurement in raw DN for HVPS Board signal “Reflectron Voltage”= [0.0 1.4652 0.0 0.0 0.0 0.0 0.0 0.0]
var_name = Last measurement in raw DN for HVPS Board signal “Reflectron Voltage”
var_name = reflectron_voltage
Header info = 135
Transformed value for reflectron_voltage = 197.80200000000002
Matching row  18
coeffs for Last measurement in raw DN for HVPS Board signal “Rejection Voltage”= [0.0 1.4652 0.0 0.0 0.0 0.0 0.0 0.0]
var_name = Last measurement in raw DN for HVPS Board signal “Rejection Voltage”
var_name = rejection_voltage
Header info = 2012
Transformed value for rejection_voltage = 2947.9824000000003
Matching row  18
coeffs for Last measurement in raw DN for HVPS Board signal “Detector Current”= [0.0 7.326e-06 0.0 0.0 0.0 0.0 0.0 0.0]
var_name = Last measurement in raw DN for HVPS Board signal “Detector Current”
var_name = current_hvps_sensor
Header info = 1949
Transformed value for current_hvps_sensor = 0.014278374
Matching row  18
coeffs for Last measurement in raw DN for HVPS Board signal “Sensor IP”= [0.0 2.4339e-05 0.0 0.0 0.0 0.0 0.0 0.0]
var_name = Last measurement in raw DN for HVPS Board signal “Sensor IP”
var_name = positive_current_hvps
Header info = 2701
Transformed value for positive_current_hvps = 0.065739639
Matching row  18
coeffs for Last measurement in raw DN for HVPS Board signal “Sensor IN”= [0.0 2.4339e-05 0.0 0.0 0.0 0.0 0.0 0.0]
var_name = Last measurement in raw DN for HVPS Board signal “Sensor IN”
var_name = negative_current_hvps
Header info = 304
Transformed value for negative_current_hvps = 0.007399055999999999
Matching row  18
coeffs for Last measurement in raw DN for LVPS Board signal “P3.3VREF_HK”= [0.0 0.00161172 0.0 0.0 0.0 0.0 0.0 0.0]
var_name = Last measurement in raw DN for LVPS Board signal “P3.3VREF_HK”
var_name = voltage_3V3_ref
Header info = 2048
Transformed value for voltage_3V3_ref = 3.30080256
Matching row  18
coeffs for Last measurement in raw DN for LVPS Board signal “P3.3VREF_OP”= [0.0 0.00161172 0.0 0.0 0.0 0.0 0.0 0.0]
var_name = Last measurement in raw DN for LVPS Board signal “P3.3VREF_OP”
var_name = voltage_3V3_op_ref
Header info = 2048
Transformed value for voltage_3V3_op_ref = 3.30080256
Matching row  18
coeffs for Last measurement in raw DN for LVPS Board signal “N6V”= [-33.0 0.00886447 0.0 0.0 0.0 0.0 0.0 0.0]
var_name = Last measurement in raw DN for LVPS Board signal “N6V”
var_name = voltage_neg6V_bus
Header info = 3002
Transformed value for voltage_neg6V_bus = -6.3888610600000035
Matching row  18
coeffs for Last measurement in raw DN for LVPS Board signal “P6V”= [0.0 0.00241758 0.0 0.0 0.0 0.0 0.0 0.0]
var_name = Last measurement in raw DN for LVPS Board signal “P6V”
var_name = voltage_pos6V_bus
Header info = 2621
Transformed value for voltage_pos6V_bus = 6.33647718
Matching row  18
coeffs for Last measurement in raw DN for LVPS Board signal “P16V”= [0.0 0.00482711 0.0 0.0 0.0 0.0 0.0 0.0]
var_name = Last measurement in raw DN for LVPS Board signal “P16V”
var_name = voltage_pos16V_bus
Header info = 3176
Transformed value for voltage_pos16V_bus = 15.33090136
Matching row  18
coeffs for Last measurement in raw DN for LVPS Board signal “P3.3V”= [0.0 0.00161172 0.0 0.0 0.0 0.0 0.0 0.0]
var_name = Last measurement in raw DN for LVPS Board signal “P3.3V”
var_name = voltage_pos3V3_bus
Header info = 2057
Transformed value for voltage_pos3V3_bus = 3.31530804
Matching row  18
coeffs for Last measurement in raw DN for LVPS Board signal “N5V”= [-33.0 0.00886447 0.0 0.0 0.0 0.0 0.0 0.0]
var_name = Last measurement in raw DN for LVPS Board signal “N5V”
var_name = voltage_neg5V_bus
Header info = 3156
Transformed value for voltage_neg5V_bus = -5.023732680000002
Matching row  18
coeffs for Last measurement in raw DN for LVPS Board signal “P5V”= [0.0 0.00161172 0.0 0.0 0.0 0.0 0.0 0.0]
var_name = Last measurement in raw DN for LVPS Board signal “P5V”
var_name = voltage_pos5V_bus
Header info = 3141
Transformed value for voltage_pos5V_bus = 5.0624125200000005
Matching row  18
coeffs for Last measurement in raw DN for LVPS Board signal “P3.3_IMON”= [0.0 0.00161172 0.0 0.0 0.0 0.0 0.0 0.0]
var_name = Last measurement in raw DN for LVPS Board signal “P3.3_IMON”
var_name = current_3V3_bus
Header info = 1636
Transformed value for current_3V3_bus = 2.63677392
Matching row  18
coeffs for Last measurement in raw DN for LVPS Board signal “P16V_IMON”= [0.0 0.000161172 0.0 0.0 0.0 0.0 0.0 0.0]
var_name = Last measurement in raw DN for LVPS Board signal “P16V_IMON”
var_name = current_16V_bus
Header info = 1170
Transformed value for current_16V_bus = 0.18857124
Matching row  18
coeffs for Last measurement in raw DN for LVPS Board signal “P6V_IMON”= [0.0 8.05861e-05 0.0 0.0 0.0 0.0 0.0 0.0]
var_name = Last measurement in raw DN for LVPS Board signal “P6V_IMON”
var_name = current_6V_bus
Header info = 1514
Transformed value for current_6V_bus = 0.12200735539999999
Matching row  18
coeffs for Last measurement in raw DN for LVPS Board signal “N6V_IMON”= [0.0 -8.05861e-05 0.0 0.0 0.0 0.0 0.0 0.0]
var_name = Last measurement in raw DN for LVPS Board signal “N6V_IMON”
var_name = current_neg6V_bus
Header info = 1170
Transformed value for current_neg6V_bus = -0.094285737
Matching row  18
coeffs for Last measurement in raw DN for LVPS Board signal “P5V_IMON”= [0.0 4.029304e-05 0.0 0.0 0.0 0.0 0.0 0.0]
var_name = Last measurement in raw DN for LVPS Board signal “P5V_IMON”
var_name = current_5V_bus
Header info = 1935
Transformed value for current_5V_bus = 0.0779670324
Matching row  18
coeffs for Last measurement in raw DN for LVPS Board signal “N5V_IMON”= [0.0 -2.01465e-05 0.0 0.0 0.0 0.0 0.0 0.0]
var_name = Last measurement in raw DN for LVPS Board signal “N5V_IMON”
var_name = current_neg5V_bus
Header info = 3443
Transformed value for current_neg5V_bus = -0.0693643995
Matching row  18
coeffs for Last measurement in raw DN for LVPS Board signal “P2.5V_IMON”= [0.0 0.00161172 0.0 0.0 0.0 0.0 0.0 0.0]
var_name = Last measurement in raw DN for LVPS Board signal “P2.5V_IMON”
var_name = current_2V5_bus
Header info = 457
Transformed value for current_2V5_bus = 0.7365560400000001
Matching row  18
coeffs for Last measurement in raw DN for LVPS Board signal “N2.5V_IMON”= [0.0 -4.0293e-05 0.0 0.0 0.0 0.0 0.0 0.0]
var_name = Last measurement in raw DN for LVPS Board signal “N2.5V_IMON”
var_name = current_neg2V5_bus
Header info = 2935
Transformed value for current_neg2V5_bus = -0.118259955
Matching row  18
coeffs for Last measurement in raw DN for LVPS Board signal “THERM_DECON0”= [-110.293 0.0665351 0.000305738 -6.32048e-07 5.9934e-10 -2.98784e-13
 7.61361e-17 -7.76467e-21]
var_name = Last measurement in raw DN for LVPS Board signal “THERM_DECON0”
var_name = None
KeyError: (12, None) - Could not find entry for None, 38. Please check the Var_notes or variable mapping.
Matching row  18
coeffs for Last measurement in raw DN for LVPS Board signal “THERM_DECON1”= [-150.478 0.376986 -0.00062072 7.73853e-07 -5.81588e-10 2.56368e-13
 -6.05698e-17 5.96635e-21]
var_name = Last measurement in raw DN for LVPS Board signal “THERM_DECON1”
var_name = None
KeyError: (12, None) - Could not find entry for None, 39. Please check the Var_notes or variable mapping.
Matching row  18
coeffs for Last measurement in raw DN for LVPS Board signal “THERM_DAB”= [-443.248 1.31224 -0.00180422 1.40016e-06 -6.43766e-10 1.7448e-13
 -2.57695e-17 1.60239e-21]
var_name = Last measurement in raw DN for LVPS Board signal “THERM_DAB”
var_name = None
KeyError: (12, None) - Could not find entry for None, 40. Please check the Var_notes or variable mapping.
Matching row  18
coeffs for Last measurement in raw DN for LVPS Board signal “THERM_LVPS”= [200.4137 -0.2020699 0.000175403 -9.739547e-08 2.888932e-11 -3.545603e-15
 0.0 0.0]
var_name = Last measurement in raw DN for LVPS Board signal “THERM_LVPS”
var_name = None
KeyError: (12, None) - Could not find entry for None, 41. Please check the Var_notes or variable mapping.
Matching row  18
coeffs for Last measurement in raw DN for LVPS Board signal “THERM_HVPS”= [200.4137 -0.2020699 0.000175403 -9.739547e-08 2.888932e-11 -3.545603e-15
 0.0 0.0]
var_name = Last measurement in raw DN for LVPS Board signal “THERM_HVPS”
var_name = None
KeyError: (12, None) - Could not find entry for None, 45. Please check the Var_notes or variable mapping.
Matching row  18
coeffs for Last measurement in raw DN for LVPS Board signal “P2.5V”= [0.0 0.00161172 0.0 0.0 0.0 0.0 0.0 0.0]
var_name = Last measurement in raw DN for LVPS Board signal “P2.5V”
var_name = None
KeyError: (12, None) - Could not find entry for None, 49. Please check the Var_notes or variable mapping.
Matching row  18
coeffs for Last measurement in raw DN for LVPS Board signal “N2.5V”= [-33.0 0.00886447 0.0 0.0 0.0 0.0 0.0 0.0]
var_name = Last measurement in raw DN for LVPS Board signal “N2.5V”
var_name = None
KeyError: (12, None) - Could not find entry for None, 50. Please check the Var_notes or variable mapping.
Matching row  18
coeffs for Last measurement in raw DN for LVPS Board signal “Spare”= [0.0 0.00161172 0.0 0.0 0.0 0.0 0.0 0.0]
var_name = Last measurement in raw DN for LVPS Board signal “Spare”
var_name = spare_signal
KeyError: (12, 'spare_signal') - Could not find entry for spare_signal, 51. Please check the Var_notes or variable mapping.
High gain delay = 30 samples.
Mid gain delay = 1023 samples.
Low gain delay = 1023 samples.
High sampling trigger mode =  0 0 1
High gain trigger mode enabled.
For 2222981120, HG Trigger level = 0.15317, sample settings = 0, 0
Threshold trigger mode enabled for high gain channel.
AID = 2415008032
Event number = 11
Rice compression enabled = False
Timestamp = 429138114.33368 seconds since epoch (Midnight January 1st, 2010)
Trigger time = 2023-08-07T21:01:54.333680Z
12
12
12
12
12
12
12
12
12
12
12
12
12
{'SHCOARSE': ParsedDataItem(SHCOARSE, raw=429139323, derived=429139323, unit=dn), 'SHFINE': ParsedDataItem(SHFINE, raw=7071, derived=7071, unit=dn), 'IDX__SCI0AID': ParsedDataItem(IDX__SCI0AID, raw=2415008032, derived=2415008032, unit=None), 'IDX__SCI0TYPE': ParsedDataItem(IDX__SCI0TYPE, raw=1, derived=1, unit=None), 'IDX__SCI0CONT': ParsedDataItem(IDX__SCI0CONT, raw=127, derived=127, unit=None), 'IDX__SCI0SPARE1': ParsedDataItem(IDX__SCI0SPARE1, raw=0, derived=0, unit=None), 'IDX__SCI0PACK': ParsedDataItem(IDX__SCI0PACK, raw=1, derived=EN, unit=None), 'IDX__SCI0FRAG': ParsedDataItem(IDX__SCI0FRAG, raw=0, derived=DS, unit=None), 'IDX__SCI0COMP': ParsedDataItem(IDX__SCI0COMP, raw=0, derived=DS, unit=None), 'IDX__SCI0EVTNUM': ParsedDataItem(IDX__SCI0EVTNUM, raw=12, derived=12, unit=None), 'IDX__SCI0CAT': ParsedDataItem(IDX__SCI0CAT, raw=32, derived=32, unit=None), 'IDX__SCI0QUAL': ParsedDataItem(IDX__SCI0QUAL, raw=5, derived=5, unit=None), 'IDX__SCI0FRAGOFF': ParsedDataItem(IDX__SCI0FRAGOFF, raw=0, derived=0, unit=None), 'IDX__SCI0VER': ParsedDataItem(IDX__SCI0VER, raw=9, derived=9, unit=None), 'IDX__SCI0TIME32': ParsedDataItem(IDX__SCI0TIME32, raw=429138122, derived=429138122, unit=None), 'IDX__SCI0SPARE2': ParsedDataItem(IDX__SCI0SPARE2, raw=0, derived=0, unit=None), 'IDX__SCI0SPARE3': ParsedDataItem(IDX__SCI0SPARE3, raw=0, derived=0, unit=None), 'IDX__SCI0SPARE4': ParsedDataItem(IDX__SCI0SPARE4, raw=0, derived=0, unit=None), 'IDX__TXHDRSCIEVTLEN': ParsedDataItem(IDX__TXHDRSCIEVTLEN, raw=8320, derived=8320, unit=None), 'IDX__TXHDRSP00': ParsedDataItem(IDX__TXHDRSP00, raw=0, derived=0, unit=None), 'IDX__TXHDRTIMESEC1': ParsedDataItem(IDX__TXHDRTIMESEC1, raw=6548, derived=6548, unit=None), 'IDX__TXHDRTIMESEC2': ParsedDataItem(IDX__TXHDRTIMESEC2, raw=8394, derived=8394, unit=None), 'IDX__TXHDRTIMESUBS': ParsedDataItem(IDX__TXHDRTIMESUBS, raw=12483, derived=12483, unit=None), 'IDX__TXHDRSP01': ParsedDataItem(IDX__TXHDRSP01, raw=0, derived=0, unit=None), 'IDX__TXHDRTRIGOFFSET': ParsedDataItem(IDX__TXHDRTRIGOFFSET, raw=4, derived=4, unit=None), 'IDX__TXHDRSP02': ParsedDataItem(IDX__TXHDRSP02, raw=0, derived=0, unit=None), 'IDX__TXHDRTRIGID': ParsedDataItem(IDX__TXHDRTRIGID, raw=1, derived=1, unit=None), 'IDX__TXHDREVTNUM': ParsedDataItem(IDX__TXHDREVTNUM, raw=12, derived=12, unit=None), 'IDX__TXHDRBLOCKS': ParsedDataItem(IDX__TXHDRBLOCKS, raw=243679, derived=243679, unit=None), 'IDX__TXHDRHGTRIGCTRL1': ParsedDataItem(IDX__TXHDRHGTRIGCTRL1, raw=2222981120, derived=2222981120, unit=None), 'IDX__TXHDRHGTRIGCTRL2': ParsedDataItem(IDX__TXHDRHGTRIGCTRL2, raw=0, derived=0, unit=None), 'IDX__TXHDRLGTRIGCTRL1': ParsedDataItem(IDX__TXHDRLGTRIGCTRL1, raw=4294965248, derived=4294965248, unit=None), 'IDX__TXHDRLGTRIGCTRL2': ParsedDataItem(IDX__TXHDRLGTRIGCTRL2, raw=4278255360, derived=4278255360, unit=None), 'IDX__TXHDRMGTRIGCTRL1': ParsedDataItem(IDX__TXHDRMGTRIGCTRL1, raw=4294965248, derived=4294965248, unit=None), 'IDX__TXHDRMGTRIGCTRL2': ParsedDataItem(IDX__TXHDRMGTRIGCTRL2, raw=4278255360, derived=4278255360, unit=None), 'IDX__TXHDRSP03': ParsedDataItem(IDX__TXHDRSP03, raw=0, derived=0, unit=None), 'IDX__TXHDRLSADC': ParsedDataItem(IDX__TXHDRLSADC, raw=1048320, derived=1048320, unit=None), 'IDX__TXHDRPOLSTAT': ParsedDataItem(IDX__TXHDRPOLSTAT, raw=1, derived=NEG, unit=None), 'IDX__TXHDRSP04': ParsedDataItem(IDX__TXHDRSP04, raw=0, derived=0, unit=None), 'IDX__TXHDRPOLCTRL': ParsedDataItem(IDX__TXHDRPOLCTRL, raw=0, derived=POS, unit=None), 'IDX__TXHDRCOINENA': ParsedDataItem(IDX__TXHDRCOINENA, raw=0, derived=DIS, unit=None), 'IDX__TXHDRLSTRIGMODE': ParsedDataItem(IDX__TXHDRLSTRIGMODE, raw=0, derived=DIS, unit=None), 'IDX__TXHDRMGTRIGMODE': ParsedDataItem(IDX__TXHDRMGTRIGMODE, raw=0, derived=0, unit=None), 'IDX__TXHDRLGTRIGMODE': ParsedDataItem(IDX__TXHDRLGTRIGMODE, raw=0, derived=0, unit=None), 'IDX__TXHDRHGTRIGMODE': ParsedDataItem(IDX__TXHDRHGTRIGMODE, raw=1, derived=1, unit=None), 'IDX__TXHDRSP05': ParsedDataItem(IDX__TXHDRSP05, raw=0, derived=0, unit=None), 'IDX__TXHDRSP06': ParsedDataItem(IDX__TXHDRSP06, raw=0, derived=0, unit=None), 'IDX__TXHDRSP07': ParsedDataItem(IDX__TXHDRSP07, raw=2019, derived=2019, unit=None), 'IDX__TXHDRSP08': ParsedDataItem(IDX__TXHDRSP08, raw=0, derived=0, unit=None), 'IDX__TXHDRTOFMAX': ParsedDataItem(IDX__TXHDRTOFMAX, raw=543693477, derived=543693477, unit=None), 'IDX__TXHDRTOFMIN': ParsedDataItem(IDX__TXHDRTOFMIN, raw=535295476, derived=535295476, unit=None), 'IDX__TXHDRLS0MAXMIN': ParsedDataItem(IDX__TXHDRLS0MAXMIN, raw=8529919, derived=8529919, unit=None), 'IDX__TXHDRLS1MAXMIN': ParsedDataItem(IDX__TXHDRLS1MAXMIN, raw=9066326, derived=9066326, unit=None), 'IDX__TXHDRLS2MAXMIN': ParsedDataItem(IDX__TXHDRLS2MAXMIN, raw=8759265, derived=8759265, unit=None), 'IDX__TXHDRFIFODELAY': ParsedDataItem(IDX__TXHDRFIFODELAY, raw=15, derived=15, unit=None), 'IDX__TXHDRSAMPDELAY': ParsedDataItem(IDX__TXHDRSAMPDELAY, raw=32537661, derived=32537661, unit=None), 'IDX__TXHDRTRANSCNT': ParsedDataItem(IDX__TXHDRTRANSCNT, raw=6, derived=6, unit=None), 'IDX__TXHDRPROCHKCH01': ParsedDataItem(IDX__TXHDRPROCHKCH01, raw=83297006, derived=83297006, unit=None), 'IDX__TXHDRPROCHKCH23': ParsedDataItem(IDX__TXHDRPROCHKCH23, raw=138086015, derived=138086015, unit=None), 'IDX__TXHDRPROCHKCH45': ParsedDataItem(IDX__TXHDRPROCHKCH45, raw=175244507, derived=175244507, unit=None), 'IDX__TXHDRPROCHKCH67': ParsedDataItem(IDX__TXHDRPROCHKCH67, raw=133761306, derived=133761306, unit=None), 'IDX__TXHDRHVPSHKCH01': ParsedDataItem(IDX__TXHDRHVPSHKCH01, raw=131794262, derived=131794262, unit=None), 'IDX__TXHDRHVPSHKCH23': ParsedDataItem(IDX__TXHDRHVPSHKCH23, raw=8849069, derived=8849069, unit=None), 'IDX__TXHDRHVPSHKCH45': ParsedDataItem(IDX__TXHDRHVPSHKCH45, raw=127731675, derived=127731675, unit=None), 'IDX__TXHDRHVPSHKCH67': ParsedDataItem(IDX__TXHDRHVPSHKCH67, raw=19925645, derived=19925645, unit=None), 'IDX__TXHDRLVHK0CH01': ParsedDataItem(IDX__TXHDRLVHK0CH01, raw=134219776, derived=134219776, unit=None), 'IDX__TXHDRLVHK0CH23': ParsedDataItem(IDX__TXHDRLVHK0CH23, raw=171838394, derived=171838394, unit=None), 'IDX__TXHDRLVHK0CH45': ParsedDataItem(IDX__TXHDRLVHK0CH45, raw=134810727, derived=134810727, unit=None), 'IDX__TXHDRLVHK0CH67': ParsedDataItem(IDX__TXHDRLVHK0CH67, raw=205851732, derived=205851732, unit=None), 'IDX__TXHDRLVHK1CH01': ParsedDataItem(IDX__TXHDRLVHK1CH01, raw=33293924, derived=33293924, unit=None), 'IDX__TXHDRLVHK1CH23': ParsedDataItem(IDX__TXHDRLVHK1CH23, raw=76744170, derived=76744170, unit=None), 'IDX__TXHDRLVHK1CH45': ParsedDataItem(IDX__TXHDRLVHK1CH45, raw=225642383, derived=225642383, unit=None), 'IDX__TXHDRLVHK1CH67': ParsedDataItem(IDX__TXHDRLVHK1CH67, raw=192348617, derived=192348617, unit=None), 'IDX__TXHDRLVHK2CH01': ParsedDataItem(IDX__TXHDRLVHK2CH01, raw=80807126, derived=80807126, unit=None), 'IDX__TXHDRLVHK2CH23': ParsedDataItem(IDX__TXHDRLVHK2CH23, raw=210635326, derived=210635326, unit=None), 'IDX__TXHDRLVHK2CH45': ParsedDataItem(IDX__TXHDRLVHK2CH45, raw=101059909, derived=101059909, unit=None), 'IDX__TXHDRLVHK2CH67': ParsedDataItem(IDX__TXHDRLVHK2CH67, raw=69017, derived=69017, unit=None), 'IDX__TXHDRSP09': ParsedDataItem(IDX__TXHDRSP09, raw=0, derived=0, unit=None), 'IDX__TXHDRSP10': ParsedDataItem(IDX__TXHDRSP10, raw=0, derived=0, unit=None), 'IDX__TXHDRFSWAIDCOPY': ParsedDataItem(IDX__TXHDRFSWAIDCOPY, raw=2415008032, derived=2415008032, unit=None), 'IDX__TXHDRFSWBINCOPY': ParsedDataItem(IDX__TXHDRFSWBINCOPY, raw=0, derived=0, unit=None), 'IDX__TXHDRFSWMAJOR': ParsedDataItem(IDX__TXHDRFSWMAJOR, raw=2, derived=2, unit=None), 'IDX__TXHDRFSWMINOR': ParsedDataItem(IDX__TXHDRFSWMINOR, raw=0, derived=0, unit=None), 'IDX__TXHDRFSWPATCH': ParsedDataItem(IDX__TXHDRFSWPATCH, raw=0, derived=0, unit=None), 'IDX__TXHDRFSWHVSTAT': ParsedDataItem(IDX__TXHDRFSWHVSTAT, raw=3, derived=3, unit=None), 'IDX__TXHDRFSWMEM0': ParsedDataItem(IDX__TXHDRFSWMEM0, raw=0, derived=0, unit=None), 'IDX__TXHDRFSWMEM1': ParsedDataItem(IDX__TXHDRFSWMEM1, raw=0, derived=0, unit=None), 'IDX__TXHDRFSWPT0': ParsedDataItem(IDX__TXHDRFSWPT0, raw=0, derived=0, unit=None), 'IDX__TXHDRFSWPT1': ParsedDataItem(IDX__TXHDRFSWPT1, raw=0, derived=0, unit=None), 'IDX__TXHDRFSWPT2': ParsedDataItem(IDX__TXHDRFSWPT2, raw=0, derived=0, unit=None), 'IDX__TXHDRFSWPT3': ParsedDataItem(IDX__TXHDRFSWPT3, raw=0, derived=0, unit=None), 'IDX__TXHDRFSWPT4': ParsedDataItem(IDX__TXHDRFSWPT4, raw=0, derived=0, unit=None), 'IDX__TXHDRFSWPT5': ParsedDataItem(IDX__TXHDRFSWPT5, raw=0, derived=0, unit=None), 'IDX__TXHDRFSWPT6': ParsedDataItem(IDX__TXHDRFSWPT6, raw=0, derived=0, unit=None), 'IDX__TXHDRFSWPT7': ParsedDataItem(IDX__TXHDRFSWPT7, raw=0, derived=0, unit=None), 'IDX__TXHDRFSWPT8': ParsedDataItem(IDX__TXHDRFSWPT8, raw=0, derived=0, unit=None), 'IDX__TXHDRFSWPT9': ParsedDataItem(IDX__TXHDRFSWPT9, raw=0, derived=0, unit=None), 'IDX__TXHDRFPGAVER': ParsedDataItem(IDX__TXHDRFPGAVER, raw=539165480, derived=539165480, unit=None), 'IDX__SYNCSCI0PKT': ParsedDataItem(IDX__SYNCSCI0PKT, raw=13107, derived=13107, unit=None), 'IDX__CRCSCI0PKT': ParsedDataItem(IDX__CRCSCI0PKT, raw=45821, derived=45821, unit=None)}
SHCOARSE = 429139323
SHFINE = 7071
IDX__SCI0AID = 2415008032
IDX__SCI0TYPE = 1
IDX__SCI0CONT = 127
IDX__SCI0SPARE1 = 0
IDX__SCI0PACK = EN
IDX__SCI0FRAG = DS
IDX__SCI0COMP = DS
IDX__SCI0EVTNUM = 12
IDX__SCI0CAT = 32
IDX__SCI0QUAL = 5
IDX__SCI0FRAGOFF = 0
IDX__SCI0VER = 9
IDX__SCI0TIME32 = 429138122
IDX__SCI0SPARE2 = 0
IDX__SCI0SPARE3 = 0
IDX__SCI0SPARE4 = 0
IDX__TXHDRSCIEVTLEN = 8320
IDX__TXHDRSP00 = 0
IDX__TXHDRTIMESEC1 = 6548
IDX__TXHDRTIMESEC2 = 8394
IDX__TXHDRTIMESUBS = 12483
IDX__TXHDRSP01 = 0
IDX__TXHDRTRIGOFFSET = 4
IDX__TXHDRSP02 = 0
IDX__TXHDRTRIGID = 1
IDX__TXHDREVTNUM = 12
IDX__TXHDRBLOCKS = 243679
IDX__TXHDRHGTRIGCTRL1 = 2222981120
IDX__TXHDRHGTRIGCTRL2 = 0
IDX__TXHDRLGTRIGCTRL1 = 4294965248
IDX__TXHDRLGTRIGCTRL2 = 4278255360
IDX__TXHDRMGTRIGCTRL1 = 4294965248
IDX__TXHDRMGTRIGCTRL2 = 4278255360
IDX__TXHDRSP03 = 0
IDX__TXHDRLSADC = 1048320
IDX__TXHDRPOLSTAT = NEG
IDX__TXHDRSP04 = 0
IDX__TXHDRPOLCTRL = POS
IDX__TXHDRCOINENA = DIS
IDX__TXHDRLSTRIGMODE = DIS
IDX__TXHDRMGTRIGMODE = 0
IDX__TXHDRLGTRIGMODE = 0
IDX__TXHDRHGTRIGMODE = 1
IDX__TXHDRSP05 = 0
IDX__TXHDRSP06 = 0
IDX__TXHDRSP07 = 2019
IDX__TXHDRSP08 = 0
IDX__TXHDRTOFMAX = 543693477
IDX__TXHDRTOFMIN = 535295476
IDX__TXHDRLS0MAXMIN = 8529919
IDX__TXHDRLS1MAXMIN = 9066326
IDX__TXHDRLS2MAXMIN = 8759265
IDX__TXHDRFIFODELAY = 15
IDX__TXHDRSAMPDELAY = 32537661
IDX__TXHDRTRANSCNT = 6
IDX__TXHDRPROCHKCH01 = 83297006
IDX__TXHDRPROCHKCH23 = 138086015
IDX__TXHDRPROCHKCH45 = 175244507
IDX__TXHDRPROCHKCH67 = 133761306
IDX__TXHDRHVPSHKCH01 = 131794262
IDX__TXHDRHVPSHKCH23 = 8849069
IDX__TXHDRHVPSHKCH45 = 127731675
IDX__TXHDRHVPSHKCH67 = 19925645
IDX__TXHDRLVHK0CH01 = 134219776
IDX__TXHDRLVHK0CH23 = 171838394
IDX__TXHDRLVHK0CH45 = 134810727
IDX__TXHDRLVHK0CH67 = 205851732
IDX__TXHDRLVHK1CH01 = 33293924
IDX__TXHDRLVHK1CH23 = 76744170
IDX__TXHDRLVHK1CH45 = 225642383
IDX__TXHDRLVHK1CH67 = 192348617
IDX__TXHDRLVHK2CH01 = 80807126
IDX__TXHDRLVHK2CH23 = 210635326
IDX__TXHDRLVHK2CH45 = 101059909
IDX__TXHDRLVHK2CH67 = 69017
IDX__TXHDRSP09 = 0
IDX__TXHDRSP10 = 0
IDX__TXHDRFSWAIDCOPY = 2415008032
IDX__TXHDRFSWBINCOPY = 0
IDX__TXHDRFSWMAJOR = 2
IDX__TXHDRFSWMINOR = 0
IDX__TXHDRFSWPATCH = 0
IDX__TXHDRFSWHVSTAT = 3
IDX__TXHDRFSWMEM0 = 0
IDX__TXHDRFSWMEM1 = 0
IDX__TXHDRFSWPT0 = 0
IDX__TXHDRFSWPT1 = 0
IDX__TXHDRFSWPT2 = 0
IDX__TXHDRFSWPT3 = 0
IDX__TXHDRFSWPT4 = 0
IDX__TXHDRFSWPT5 = 0
IDX__TXHDRFSWPT6 = 0
IDX__TXHDRFSWPT7 = 0
IDX__TXHDRFSWPT8 = 0
IDX__TXHDRFSWPT9 = 0
IDX__TXHDRFPGAVER = 539165480
IDX__SYNCSCI0PKT = 13107
IDX__CRCSCI0PKT = 45821
^*****Event header 13******^
EVTNUM: 13
SCI0TYPE: 1
TXHDRBLOCKS RAW: 243679
TXHDRBLOCKS DERIVED: 243679
-----
HS pre trig sampling blocks:  31
LS pre trig sampling blocks:  3
HS post trig sampling blocks:  31
LS post trig sampling blocks:  11
IDX__TXHDRHVPSHKCH01 = 131794262
Detector voltage =  1366
Sensor voltage =  2011
Target voltage =  1709
Reflectron voltage =  135
Rejection voltage =  2011
Current for HVPS sensor =  1949
Positive current for HVPS sensor =  2701
Negative current for HVPS sensor =  304
Voltage +3.3V reference =  2048
Voltage +3.3V operational reference =  2048
Voltage -6V bus =  3002
Voltage +6V bus =  2622
Voltage +16V bus =  3175
Voltage +3.3V bus =  2057
Voltage -5V bus =  3156
Voltage +5V bus =  3141
Current +3.3V bus =  1636
Current +16V bus =  1171
Current +6V bus =  1514
Current -6V bus =  1171
Current +5V bus =  1935
Current -5V bus =  3443
Current +2.5V bus =  457
Current -2.5V bus =  2935
Current on the 1V POL =  750
Current on the 1.9V POL =  1271
ProcBd Temperature 1 =  1663
ProcBd Temperature 2 =  2107
Voltage on 1V bus =  1243
FPGA Temperature =  2674
Voltage on 1.9V bus =  2330
Voltage on 3.3V bus =  2041
var_to_row = {'Last measurement in raw DN for Processor Board signal “1V POL Current”': 0, 'Last measurement in raw DN for Processor Board signal “1.9V POL Current”': 1, 'Last measurement in raw DN for Processor Board signal “ProcBd Temp1”': 2, nan: 48, 'Last measurement in raw DN for Processor Board signal “ProcBd Temp2”': 6, 'Last measurement in raw DN for Processor Board signal “1V Voltage”': 10, 'Last measurement in raw DN for Processor Board signal “FPGA Temp”': 11, 'Last measurement in raw DN for Processor Board signal “1.9V Voltage”': 12, 'Last measurement in raw DN for Processor Board signal “3.3V Voltage”': 13, 'Last measurement in raw DN for HVPS Board signal “Detector Voltage”': 14, 'Last measurement in raw DN for HVPS Board signal “Sensor Voltage"': 15, 'Last measurement in raw DN for HVPS Board signal “Target Voltage”': 16, 'Last measurement in raw DN for HVPS Board signal “Reflectron Voltage”': 17, 'Last measurement in raw DN for HVPS Board signal “Rejection Voltage”': 18, 'Last measurement in raw DN for HVPS Board signal “Detector Current”': 19, 'Last measurement in raw DN for HVPS Board signal “Sensor IP”': 20, 'Last measurement in raw DN for HVPS Board signal “Sensor IN”': 21, 'Last measurement in raw DN for LVPS Board signal “P3.3VREF_HK”': 22, 'Last measurement in raw DN for LVPS Board signal “P3.3VREF_OP”': 23, 'Last measurement in raw DN for LVPS Board signal “N6V”': 24, 'Last measurement in raw DN for LVPS Board signal “P6V”': 25, 'Last measurement in raw DN for LVPS Board signal “P16V”': 26, 'Last measurement in raw DN for LVPS Board signal “P3.3V”': 27, 'Last measurement in raw DN for LVPS Board signal “N5V”': 28, 'Last measurement in raw DN for LVPS Board signal “P5V”': 29, 'Last measurement in raw DN for LVPS Board signal “P3.3_IMON”': 30, 'Last measurement in raw DN for LVPS Board signal “P16V_IMON”': 31, 'Last measurement in raw DN for LVPS Board signal “P6V_IMON”': 32, 'Last measurement in raw DN for LVPS Board signal “N6V_IMON”': 33, 'Last measurement in raw DN for LVPS Board signal “P5V_IMON”': 34, 'Last measurement in raw DN for LVPS Board signal “N5V_IMON”': 35, 'Last measurement in raw DN for LVPS Board signal “P2.5V_IMON”': 36, 'Last measurement in raw DN for LVPS Board signal “N2.5V_IMON”': 37, 'Last measurement in raw DN for LVPS Board signal “THERM_DECON0”': 38, 'Last measurement in raw DN for LVPS Board signal “THERM_DECON1”': 39, 'Last measurement in raw DN for LVPS Board signal “THERM_DAB”': 40, 'Last measurement in raw DN for LVPS Board signal “THERM_LVPS”': 41, 'Last measurement in raw DN for LVPS Board signal “THERM_HVPS”': 45, 'Last measurement in raw DN for LVPS Board signal “P2.5V”': 49, 'Last measurement in raw DN for LVPS Board signal “N2.5V”': 50, 'Last measurement in raw DN for LVPS Board signal “Spare”': 51}

 
 ***** var_name being converted for each instrument setting ***** 
 

Matching row  18
coeffs for Last measurement in raw DN for Processor Board signal “1V POL Current”= [0.0 0.9029253 0.0 0.0 0.0 0.0 0.0 0.0]
var_name = Last measurement in raw DN for Processor Board signal “1V POL Current”
var_name = current_1V_pol
Header info = 750
Transformed value for current_1V_pol = 677.193975
Matching row  18
coeffs for Last measurement in raw DN for Processor Board signal “1.9V POL Current”= [0.0 0.9029253 0.0 0.0 0.0 0.0 0.0 0.0]
var_name = Last measurement in raw DN for Processor Board signal “1.9V POL Current”
var_name = current_1.9V_pol
Header info = 1271
Transformed value for current_1.9V_pol = 1147.6180563
Matching row  18
coeffs for Last measurement in raw DN for Processor Board signal “ProcBd Temp1”= [162.8276 -0.2668687 0.0003323794 -2.43153e-07 9.034532e-11 -1.327735e-14
 0.0 0.0]
var_name = Last measurement in raw DN for Processor Board signal “ProcBd Temp1”
var_name = temperature_1
Header info = 1663
Transformed value for temperature_1 = 42.06489750034001
Matching row  18
coeffs for nan= [-104713.9 52.02446 -0.006463374 0.0 0.0 0.0 0.0 0.0]
var_name = nan
var_name = None
KeyError: (13, None) - Could not find entry for None, 48. Please check the Var_notes or variable mapping.
Matching row  18
coeffs for Last measurement in raw DN for Processor Board signal “ProcBd Temp2”= [162.8276 -0.2668687 0.0003323794 -2.43153e-07 9.034532e-11 -1.327735e-14
 0.0 0.0]
var_name = Last measurement in raw DN for Processor Board signal “ProcBd Temp2”
var_name = temperature_2
Header info = 2107
Transformed value for temperature_2 = 30.914136441481674
Matching row  18
coeffs for Last measurement in raw DN for Processor Board signal “1V Voltage”= [0.0 0.000805861 0.0 0.0 0.0 0.0 0.0 0.0]
var_name = Last measurement in raw DN for Processor Board signal “1V Voltage”
var_name = voltage_1V_bus
Header info = 1243
Transformed value for voltage_1V_bus = 1.001685223
Matching row  18
coeffs for Last measurement in raw DN for Processor Board signal “FPGA Temp”= [358.31 -0.1187104 0.0 0.0 0.0 0.0 0.0 0.0]
var_name = Last measurement in raw DN for Processor Board signal “FPGA Temp”
var_name = fpga_temperature
Header info = 2674
Transformed value for fpga_temperature = 40.8783904
Matching row  18
coeffs for Last measurement in raw DN for Processor Board signal “1.9V Voltage”= [0.0 0.000805861 0.0 0.0 0.0 0.0 0.0 0.0]
var_name = Last measurement in raw DN for Processor Board signal “1.9V Voltage”
var_name = voltage_1.9V_bus
Header info = 2330
Transformed value for voltage_1.9V_bus = 1.8776561299999999
Matching row  18
coeffs for Last measurement in raw DN for Processor Board signal “3.3V Voltage”= [0.0 0.001611722 0.0 0.0 0.0 0.0 0.0 0.0]
var_name = Last measurement in raw DN for Processor Board signal “3.3V Voltage”
var_name = voltage_3.3V_bus
Header info = 2041
Transformed value for voltage_3.3V_bus = 3.2895246019999997
Matching row  18
coeffs for Last measurement in raw DN for HVPS Board signal “Detector Voltage”= [0.0 1.4652 0.0 0.0 0.0 0.0 0.0 0.0]
var_name = Last measurement in raw DN for HVPS Board signal “Detector Voltage”
var_name = detector_voltage
Header info = 1366
Transformed value for detector_voltage = 2001.4632000000001
Matching row  18
coeffs for Last measurement in raw DN for HVPS Board signal “Sensor Voltage"= [0.0 1.4652 0.0 0.0 0.0 0.0 0.0 0.0]
var_name = Last measurement in raw DN for HVPS Board signal “Sensor Voltage"
var_name = sensor_voltage
Header info = 2011
Transformed value for sensor_voltage = 2946.5172000000002
Matching row  18
coeffs for Last measurement in raw DN for HVPS Board signal “Target Voltage”= [0.0 1.4652 0.0 0.0 0.0 0.0 0.0 0.0]
var_name = Last measurement in raw DN for HVPS Board signal “Target Voltage”
var_name = target_voltage
Header info = 1709
Transformed value for target_voltage = 2504.0268
Matching row  18
coeffs for Last measurement in raw DN for HVPS Board signal “Reflectron Voltage”= [0.0 1.4652 0.0 0.0 0.0 0.0 0.0 0.0]
var_name = Last measurement in raw DN for HVPS Board signal “Reflectron Voltage”
var_name = reflectron_voltage
Header info = 135
Transformed value for reflectron_voltage = 197.80200000000002
Matching row  18
coeffs for Last measurement in raw DN for HVPS Board signal “Rejection Voltage”= [0.0 1.4652 0.0 0.0 0.0 0.0 0.0 0.0]
var_name = Last measurement in raw DN for HVPS Board signal “Rejection Voltage”
var_name = rejection_voltage
Header info = 2011
Transformed value for rejection_voltage = 2946.5172000000002
Matching row  18
coeffs for Last measurement in raw DN for HVPS Board signal “Detector Current”= [0.0 7.326e-06 0.0 0.0 0.0 0.0 0.0 0.0]
var_name = Last measurement in raw DN for HVPS Board signal “Detector Current”
var_name = current_hvps_sensor
Header info = 1949
Transformed value for current_hvps_sensor = 0.014278374
Matching row  18
coeffs for Last measurement in raw DN for HVPS Board signal “Sensor IP”= [0.0 2.4339e-05 0.0 0.0 0.0 0.0 0.0 0.0]
var_name = Last measurement in raw DN for HVPS Board signal “Sensor IP”
var_name = positive_current_hvps
Header info = 2701
Transformed value for positive_current_hvps = 0.065739639
Matching row  18
coeffs for Last measurement in raw DN for HVPS Board signal “Sensor IN”= [0.0 2.4339e-05 0.0 0.0 0.0 0.0 0.0 0.0]
var_name = Last measurement in raw DN for HVPS Board signal “Sensor IN”
var_name = negative_current_hvps
Header info = 304
Transformed value for negative_current_hvps = 0.007399055999999999
Matching row  18
coeffs for Last measurement in raw DN for LVPS Board signal “P3.3VREF_HK”= [0.0 0.00161172 0.0 0.0 0.0 0.0 0.0 0.0]
var_name = Last measurement in raw DN for LVPS Board signal “P3.3VREF_HK”
var_name = voltage_3V3_ref
Header info = 2048
Transformed value for voltage_3V3_ref = 3.30080256
Matching row  18
coeffs for Last measurement in raw DN for LVPS Board signal “P3.3VREF_OP”= [0.0 0.00161172 0.0 0.0 0.0 0.0 0.0 0.0]
var_name = Last measurement in raw DN for LVPS Board signal “P3.3VREF_OP”
var_name = voltage_3V3_op_ref
Header info = 2048
Transformed value for voltage_3V3_op_ref = 3.30080256
Matching row  18
coeffs for Last measurement in raw DN for LVPS Board signal “N6V”= [-33.0 0.00886447 0.0 0.0 0.0 0.0 0.0 0.0]
var_name = Last measurement in raw DN for LVPS Board signal “N6V”
var_name = voltage_neg6V_bus
Header info = 3002
Transformed value for voltage_neg6V_bus = -6.3888610600000035
Matching row  18
coeffs for Last measurement in raw DN for LVPS Board signal “P6V”= [0.0 0.00241758 0.0 0.0 0.0 0.0 0.0 0.0]
var_name = Last measurement in raw DN for LVPS Board signal “P6V”
var_name = voltage_pos6V_bus
Header info = 2622
Transformed value for voltage_pos6V_bus = 6.33889476
Matching row  18
coeffs for Last measurement in raw DN for LVPS Board signal “P16V”= [0.0 0.00482711 0.0 0.0 0.0 0.0 0.0 0.0]
var_name = Last measurement in raw DN for LVPS Board signal “P16V”
var_name = voltage_pos16V_bus
Header info = 3175
Transformed value for voltage_pos16V_bus = 15.32607425
Matching row  18
coeffs for Last measurement in raw DN for LVPS Board signal “P3.3V”= [0.0 0.00161172 0.0 0.0 0.0 0.0 0.0 0.0]
var_name = Last measurement in raw DN for LVPS Board signal “P3.3V”
var_name = voltage_pos3V3_bus
Header info = 2057
Transformed value for voltage_pos3V3_bus = 3.31530804
Matching row  18
coeffs for Last measurement in raw DN for LVPS Board signal “N5V”= [-33.0 0.00886447 0.0 0.0 0.0 0.0 0.0 0.0]
var_name = Last measurement in raw DN for LVPS Board signal “N5V”
var_name = voltage_neg5V_bus
Header info = 3156
Transformed value for voltage_neg5V_bus = -5.023732680000002
Matching row  18
coeffs for Last measurement in raw DN for LVPS Board signal “P5V”= [0.0 0.00161172 0.0 0.0 0.0 0.0 0.0 0.0]
var_name = Last measurement in raw DN for LVPS Board signal “P5V”
var_name = voltage_pos5V_bus
Header info = 3141
Transformed value for voltage_pos5V_bus = 5.0624125200000005
Matching row  18
coeffs for Last measurement in raw DN for LVPS Board signal “P3.3_IMON”= [0.0 0.00161172 0.0 0.0 0.0 0.0 0.0 0.0]
var_name = Last measurement in raw DN for LVPS Board signal “P3.3_IMON”
var_name = current_3V3_bus
Header info = 1636
Transformed value for current_3V3_bus = 2.63677392
Matching row  18
coeffs for Last measurement in raw DN for LVPS Board signal “P16V_IMON”= [0.0 0.000161172 0.0 0.0 0.0 0.0 0.0 0.0]
var_name = Last measurement in raw DN for LVPS Board signal “P16V_IMON”
var_name = current_16V_bus
Header info = 1171
Transformed value for current_16V_bus = 0.18873241200000002
Matching row  18
coeffs for Last measurement in raw DN for LVPS Board signal “P6V_IMON”= [0.0 8.05861e-05 0.0 0.0 0.0 0.0 0.0 0.0]
var_name = Last measurement in raw DN for LVPS Board signal “P6V_IMON”
var_name = current_6V_bus
Header info = 1514
Transformed value for current_6V_bus = 0.12200735539999999
Matching row  18
coeffs for Last measurement in raw DN for LVPS Board signal “N6V_IMON”= [0.0 -8.05861e-05 0.0 0.0 0.0 0.0 0.0 0.0]
var_name = Last measurement in raw DN for LVPS Board signal “N6V_IMON”
var_name = current_neg6V_bus
Header info = 1171
Transformed value for current_neg6V_bus = -0.0943663231
Matching row  18
coeffs for Last measurement in raw DN for LVPS Board signal “P5V_IMON”= [0.0 4.029304e-05 0.0 0.0 0.0 0.0 0.0 0.0]
var_name = Last measurement in raw DN for LVPS Board signal “P5V_IMON”
var_name = current_5V_bus
Header info = 1935
Transformed value for current_5V_bus = 0.0779670324
Matching row  18
coeffs for Last measurement in raw DN for LVPS Board signal “N5V_IMON”= [0.0 -2.01465e-05 0.0 0.0 0.0 0.0 0.0 0.0]
var_name = Last measurement in raw DN for LVPS Board signal “N5V_IMON”
var_name = current_neg5V_bus
Header info = 3443
Transformed value for current_neg5V_bus = -0.0693643995
Matching row  18
coeffs for Last measurement in raw DN for LVPS Board signal “P2.5V_IMON”= [0.0 0.00161172 0.0 0.0 0.0 0.0 0.0 0.0]
var_name = Last measurement in raw DN for LVPS Board signal “P2.5V_IMON”
var_name = current_2V5_bus
Header info = 457
Transformed value for current_2V5_bus = 0.7365560400000001
Matching row  18
coeffs for Last measurement in raw DN for LVPS Board signal “N2.5V_IMON”= [0.0 -4.0293e-05 0.0 0.0 0.0 0.0 0.0 0.0]
var_name = Last measurement in raw DN for LVPS Board signal “N2.5V_IMON”
var_name = current_neg2V5_bus
Header info = 2935
Transformed value for current_neg2V5_bus = -0.118259955
Matching row  18
coeffs for Last measurement in raw DN for LVPS Board signal “THERM_DECON0”= [-110.293 0.0665351 0.000305738 -6.32048e-07 5.9934e-10 -2.98784e-13
 7.61361e-17 -7.76467e-21]
var_name = Last measurement in raw DN for LVPS Board signal “THERM_DECON0”
var_name = None
KeyError: (13, None) - Could not find entry for None, 38. Please check the Var_notes or variable mapping.
Matching row  18
coeffs for Last measurement in raw DN for LVPS Board signal “THERM_DECON1”= [-150.478 0.376986 -0.00062072 7.73853e-07 -5.81588e-10 2.56368e-13
 -6.05698e-17 5.96635e-21]
var_name = Last measurement in raw DN for LVPS Board signal “THERM_DECON1”
var_name = None
KeyError: (13, None) - Could not find entry for None, 39. Please check the Var_notes or variable mapping.
Matching row  18
coeffs for Last measurement in raw DN for LVPS Board signal “THERM_DAB”= [-443.248 1.31224 -0.00180422 1.40016e-06 -6.43766e-10 1.7448e-13
 -2.57695e-17 1.60239e-21]
var_name = Last measurement in raw DN for LVPS Board signal “THERM_DAB”
var_name = None
KeyError: (13, None) - Could not find entry for None, 40. Please check the Var_notes or variable mapping.
Matching row  18
coeffs for Last measurement in raw DN for LVPS Board signal “THERM_LVPS”= [200.4137 -0.2020699 0.000175403 -9.739547e-08 2.888932e-11 -3.545603e-15
 0.0 0.0]
var_name = Last measurement in raw DN for LVPS Board signal “THERM_LVPS”
var_name = None
KeyError: (13, None) - Could not find entry for None, 41. Please check the Var_notes or variable mapping.
Matching row  18
coeffs for Last measurement in raw DN for LVPS Board signal “THERM_HVPS”= [200.4137 -0.2020699 0.000175403 -9.739547e-08 2.888932e-11 -3.545603e-15
 0.0 0.0]
var_name = Last measurement in raw DN for LVPS Board signal “THERM_HVPS”
var_name = None
KeyError: (13, None) - Could not find entry for None, 45. Please check the Var_notes or variable mapping.
Matching row  18
coeffs for Last measurement in raw DN for LVPS Board signal “P2.5V”= [0.0 0.00161172 0.0 0.0 0.0 0.0 0.0 0.0]
var_name = Last measurement in raw DN for LVPS Board signal “P2.5V”
var_name = None
KeyError: (13, None) - Could not find entry for None, 49. Please check the Var_notes or variable mapping.
Matching row  18
coeffs for Last measurement in raw DN for LVPS Board signal “N2.5V”= [-33.0 0.00886447 0.0 0.0 0.0 0.0 0.0 0.0]
var_name = Last measurement in raw DN for LVPS Board signal “N2.5V”
var_name = None
KeyError: (13, None) - Could not find entry for None, 50. Please check the Var_notes or variable mapping.
Matching row  18
coeffs for Last measurement in raw DN for LVPS Board signal “Spare”= [0.0 0.00161172 0.0 0.0 0.0 0.0 0.0 0.0]
var_name = Last measurement in raw DN for LVPS Board signal “Spare”
var_name = spare_signal
KeyError: (13, 'spare_signal') - Could not find entry for spare_signal, 51. Please check the Var_notes or variable mapping.
High gain delay = 61 samples.
Mid gain delay = 31 samples.
Low gain delay = 31 samples.
High sampling trigger mode =  0 0 1
High gain trigger mode enabled.
For 2222981120, HG Trigger level = 0.15317, sample settings = 0, 0
Threshold trigger mode enabled for high gain channel.
AID = 2415008032
Event number = 12
Rice compression enabled = False
Timestamp = 429138122.24966 seconds since epoch (Midnight January 1st, 2010)
Trigger time = 2023-08-07T21:02:02.249660Z
13
13
13
13
13
13
13
13
13
13
13
13
13
{'SHCOARSE': ParsedDataItem(SHCOARSE, raw=429139337, derived=429139337, unit=dn), 'SHFINE': ParsedDataItem(SHFINE, raw=7076, derived=7076, unit=dn), 'IDX__SCI0AID': ParsedDataItem(IDX__SCI0AID, raw=2415008032, derived=2415008032, unit=None), 'IDX__SCI0TYPE': ParsedDataItem(IDX__SCI0TYPE, raw=1, derived=1, unit=None), 'IDX__SCI0CONT': ParsedDataItem(IDX__SCI0CONT, raw=127, derived=127, unit=None), 'IDX__SCI0SPARE1': ParsedDataItem(IDX__SCI0SPARE1, raw=0, derived=0, unit=None), 'IDX__SCI0PACK': ParsedDataItem(IDX__SCI0PACK, raw=1, derived=EN, unit=None), 'IDX__SCI0FRAG': ParsedDataItem(IDX__SCI0FRAG, raw=0, derived=DS, unit=None), 'IDX__SCI0COMP': ParsedDataItem(IDX__SCI0COMP, raw=0, derived=DS, unit=None), 'IDX__SCI0EVTNUM': ParsedDataItem(IDX__SCI0EVTNUM, raw=13, derived=13, unit=None), 'IDX__SCI0CAT': ParsedDataItem(IDX__SCI0CAT, raw=32, derived=32, unit=None), 'IDX__SCI0QUAL': ParsedDataItem(IDX__SCI0QUAL, raw=5, derived=5, unit=None), 'IDX__SCI0FRAGOFF': ParsedDataItem(IDX__SCI0FRAGOFF, raw=0, derived=0, unit=None), 'IDX__SCI0VER': ParsedDataItem(IDX__SCI0VER, raw=9, derived=9, unit=None), 'IDX__SCI0TIME32': ParsedDataItem(IDX__SCI0TIME32, raw=429138167, derived=429138167, unit=None), 'IDX__SCI0SPARE2': ParsedDataItem(IDX__SCI0SPARE2, raw=0, derived=0, unit=None), 'IDX__SCI0SPARE3': ParsedDataItem(IDX__SCI0SPARE3, raw=0, derived=0, unit=None), 'IDX__SCI0SPARE4': ParsedDataItem(IDX__SCI0SPARE4, raw=0, derived=0, unit=None), 'IDX__TXHDRSCIEVTLEN': ParsedDataItem(IDX__TXHDRSCIEVTLEN, raw=8320, derived=8320, unit=None), 'IDX__TXHDRSP00': ParsedDataItem(IDX__TXHDRSP00, raw=0, derived=0, unit=None), 'IDX__TXHDRTIMESEC1': ParsedDataItem(IDX__TXHDRTIMESEC1, raw=6548, derived=6548, unit=None), 'IDX__TXHDRTIMESEC2': ParsedDataItem(IDX__TXHDRTIMESEC2, raw=8439, derived=8439, unit=None), 'IDX__TXHDRTIMESUBS': ParsedDataItem(IDX__TXHDRTIMESUBS, raw=42170, derived=42170, unit=None), 'IDX__TXHDRSP01': ParsedDataItem(IDX__TXHDRSP01, raw=0, derived=0, unit=None), 'IDX__TXHDRTRIGOFFSET': ParsedDataItem(IDX__TXHDRTRIGOFFSET, raw=5, derived=5, unit=None), 'IDX__TXHDRSP02': ParsedDataItem(IDX__TXHDRSP02, raw=0, derived=0, unit=None), 'IDX__TXHDRTRIGID': ParsedDataItem(IDX__TXHDRTRIGID, raw=1, derived=1, unit=None), 'IDX__TXHDREVTNUM': ParsedDataItem(IDX__TXHDREVTNUM, raw=13, derived=13, unit=None), 'IDX__TXHDRBLOCKS': ParsedDataItem(IDX__TXHDRBLOCKS, raw=243679, derived=243679, unit=None), 'IDX__TXHDRHGTRIGCTRL1': ParsedDataItem(IDX__TXHDRHGTRIGCTRL1, raw=2222981120, derived=2222981120, unit=None), 'IDX__TXHDRHGTRIGCTRL2': ParsedDataItem(IDX__TXHDRHGTRIGCTRL2, raw=0, derived=0, unit=None), 'IDX__TXHDRLGTRIGCTRL1': ParsedDataItem(IDX__TXHDRLGTRIGCTRL1, raw=4294965248, derived=4294965248, unit=None), 'IDX__TXHDRLGTRIGCTRL2': ParsedDataItem(IDX__TXHDRLGTRIGCTRL2, raw=4278255360, derived=4278255360, unit=None), 'IDX__TXHDRMGTRIGCTRL1': ParsedDataItem(IDX__TXHDRMGTRIGCTRL1, raw=4294965248, derived=4294965248, unit=None), 'IDX__TXHDRMGTRIGCTRL2': ParsedDataItem(IDX__TXHDRMGTRIGCTRL2, raw=4278255360, derived=4278255360, unit=None), 'IDX__TXHDRSP03': ParsedDataItem(IDX__TXHDRSP03, raw=0, derived=0, unit=None), 'IDX__TXHDRLSADC': ParsedDataItem(IDX__TXHDRLSADC, raw=1048320, derived=1048320, unit=None), 'IDX__TXHDRPOLSTAT': ParsedDataItem(IDX__TXHDRPOLSTAT, raw=1, derived=NEG, unit=None), 'IDX__TXHDRSP04': ParsedDataItem(IDX__TXHDRSP04, raw=0, derived=0, unit=None), 'IDX__TXHDRPOLCTRL': ParsedDataItem(IDX__TXHDRPOLCTRL, raw=0, derived=POS, unit=None), 'IDX__TXHDRCOINENA': ParsedDataItem(IDX__TXHDRCOINENA, raw=0, derived=DIS, unit=None), 'IDX__TXHDRLSTRIGMODE': ParsedDataItem(IDX__TXHDRLSTRIGMODE, raw=0, derived=DIS, unit=None), 'IDX__TXHDRMGTRIGMODE': ParsedDataItem(IDX__TXHDRMGTRIGMODE, raw=0, derived=0, unit=None), 'IDX__TXHDRLGTRIGMODE': ParsedDataItem(IDX__TXHDRLGTRIGMODE, raw=0, derived=0, unit=None), 'IDX__TXHDRHGTRIGMODE': ParsedDataItem(IDX__TXHDRHGTRIGMODE, raw=1, derived=1, unit=None), 'IDX__TXHDRSP05': ParsedDataItem(IDX__TXHDRSP05, raw=0, derived=0, unit=None), 'IDX__TXHDRSP06': ParsedDataItem(IDX__TXHDRSP06, raw=0, derived=0, unit=None), 'IDX__TXHDRSP07': ParsedDataItem(IDX__TXHDRSP07, raw=2016, derived=2016, unit=None), 'IDX__TXHDRSP08': ParsedDataItem(IDX__TXHDRSP08, raw=0, derived=0, unit=None), 'IDX__TXHDRTOFMAX': ParsedDataItem(IDX__TXHDRTOFMAX, raw=541596233, derived=541596233, unit=None), 'IDX__TXHDRTOFMIN': ParsedDataItem(IDX__TXHDRTOFMIN, raw=535295475, derived=535295475, unit=None), 'IDX__TXHDRLS0MAXMIN': ParsedDataItem(IDX__TXHDRLS0MAXMIN, raw=8534013, derived=8534013, unit=None), 'IDX__TXHDRLS1MAXMIN': ParsedDataItem(IDX__TXHDRLS1MAXMIN, raw=10434066, derived=10434066, unit=None), 'IDX__TXHDRLS2MAXMIN': ParsedDataItem(IDX__TXHDRLS2MAXMIN, raw=8710112, derived=8710112, unit=None), 'IDX__TXHDRFIFODELAY': ParsedDataItem(IDX__TXHDRFIFODELAY, raw=17, derived=17, unit=None), 'IDX__TXHDRSAMPDELAY': ParsedDataItem(IDX__TXHDRSAMPDELAY, raw=40934472, derived=40934472, unit=None), 'IDX__TXHDRTRANSCNT': ParsedDataItem(IDX__TXHDRTRANSCNT, raw=4, derived=4, unit=None), 'IDX__TXHDRPROCHKCH01': ParsedDataItem(IDX__TXHDRPROCHKCH01, raw=83231471, derived=83231471, unit=None), 'IDX__TXHDRPROCHKCH23': ParsedDataItem(IDX__TXHDRPROCHKCH23, raw=137299573, derived=137299573, unit=None), 'IDX__TXHDRPROCHKCH45': ParsedDataItem(IDX__TXHDRPROCHKCH45, raw=175113435, derived=175113435, unit=None), 'IDX__TXHDRPROCHKCH67': ParsedDataItem(IDX__TXHDRPROCHKCH67, raw=133761306, derived=133761306, unit=None), 'IDX__TXHDRHVPSHKCH01': ParsedDataItem(IDX__TXHDRHVPSHKCH01, raw=131794263, derived=131794263, unit=None), 'IDX__TXHDRHVPSHKCH23': ParsedDataItem(IDX__TXHDRHVPSHKCH23, raw=8849069, derived=8849069, unit=None), 'IDX__TXHDRHVPSHKCH45': ParsedDataItem(IDX__TXHDRHVPSHKCH45, raw=127731675, derived=127731675, unit=None), 'IDX__TXHDRHVPSHKCH67': ParsedDataItem(IDX__TXHDRHVPSHKCH67, raw=19925645, derived=19925645, unit=None), 'IDX__TXHDRLVHK0CH01': ParsedDataItem(IDX__TXHDRLVHK0CH01, raw=134219776, derived=134219776, unit=None), 'IDX__TXHDRLVHK0CH23': ParsedDataItem(IDX__TXHDRLVHK0CH23, raw=171772858, derived=171772858, unit=None), 'IDX__TXHDRLVHK0CH45': ParsedDataItem(IDX__TXHDRLVHK0CH45, raw=134810728, derived=134810728, unit=None), 'IDX__TXHDRLVHK0CH67': ParsedDataItem(IDX__TXHDRLVHK0CH67, raw=205851732, derived=205851732, unit=None), 'IDX__TXHDRLVHK1CH01': ParsedDataItem(IDX__TXHDRLVHK1CH01, raw=33293924, derived=33293924, unit=None), 'IDX__TXHDRLVHK1CH23': ParsedDataItem(IDX__TXHDRLVHK1CH23, raw=76744171, derived=76744171, unit=None), 'IDX__TXHDRLVHK1CH45': ParsedDataItem(IDX__TXHDRLVHK1CH45, raw=225642383, derived=225642383, unit=None), 'IDX__TXHDRLVHK1CH67': ParsedDataItem(IDX__TXHDRLVHK1CH67, raw=192348617, derived=192348617, unit=None), 'IDX__TXHDRLVHK2CH01': ParsedDataItem(IDX__TXHDRLVHK2CH01, raw=80807126, derived=80807126, unit=None), 'IDX__TXHDRLVHK2CH23': ParsedDataItem(IDX__TXHDRLVHK2CH23, raw=210373183, derived=210373183, unit=None), 'IDX__TXHDRLVHK2CH45': ParsedDataItem(IDX__TXHDRLVHK2CH45, raw=101059907, derived=101059907, unit=None), 'IDX__TXHDRLVHK2CH67': ParsedDataItem(IDX__TXHDRLVHK2CH67, raw=69017, derived=69017, unit=None), 'IDX__TXHDRSP09': ParsedDataItem(IDX__TXHDRSP09, raw=0, derived=0, unit=None), 'IDX__TXHDRSP10': ParsedDataItem(IDX__TXHDRSP10, raw=0, derived=0, unit=None), 'IDX__TXHDRFSWAIDCOPY': ParsedDataItem(IDX__TXHDRFSWAIDCOPY, raw=2415008032, derived=2415008032, unit=None), 'IDX__TXHDRFSWBINCOPY': ParsedDataItem(IDX__TXHDRFSWBINCOPY, raw=0, derived=0, unit=None), 'IDX__TXHDRFSWMAJOR': ParsedDataItem(IDX__TXHDRFSWMAJOR, raw=2, derived=2, unit=None), 'IDX__TXHDRFSWMINOR': ParsedDataItem(IDX__TXHDRFSWMINOR, raw=0, derived=0, unit=None), 'IDX__TXHDRFSWPATCH': ParsedDataItem(IDX__TXHDRFSWPATCH, raw=0, derived=0, unit=None), 'IDX__TXHDRFSWHVSTAT': ParsedDataItem(IDX__TXHDRFSWHVSTAT, raw=3, derived=3, unit=None), 'IDX__TXHDRFSWMEM0': ParsedDataItem(IDX__TXHDRFSWMEM0, raw=0, derived=0, unit=None), 'IDX__TXHDRFSWMEM1': ParsedDataItem(IDX__TXHDRFSWMEM1, raw=0, derived=0, unit=None), 'IDX__TXHDRFSWPT0': ParsedDataItem(IDX__TXHDRFSWPT0, raw=0, derived=0, unit=None), 'IDX__TXHDRFSWPT1': ParsedDataItem(IDX__TXHDRFSWPT1, raw=0, derived=0, unit=None), 'IDX__TXHDRFSWPT2': ParsedDataItem(IDX__TXHDRFSWPT2, raw=0, derived=0, unit=None), 'IDX__TXHDRFSWPT3': ParsedDataItem(IDX__TXHDRFSWPT3, raw=0, derived=0, unit=None), 'IDX__TXHDRFSWPT4': ParsedDataItem(IDX__TXHDRFSWPT4, raw=0, derived=0, unit=None), 'IDX__TXHDRFSWPT5': ParsedDataItem(IDX__TXHDRFSWPT5, raw=0, derived=0, unit=None), 'IDX__TXHDRFSWPT6': ParsedDataItem(IDX__TXHDRFSWPT6, raw=0, derived=0, unit=None), 'IDX__TXHDRFSWPT7': ParsedDataItem(IDX__TXHDRFSWPT7, raw=0, derived=0, unit=None), 'IDX__TXHDRFSWPT8': ParsedDataItem(IDX__TXHDRFSWPT8, raw=0, derived=0, unit=None), 'IDX__TXHDRFSWPT9': ParsedDataItem(IDX__TXHDRFSWPT9, raw=0, derived=0, unit=None), 'IDX__TXHDRFPGAVER': ParsedDataItem(IDX__TXHDRFPGAVER, raw=539165480, derived=539165480, unit=None), 'IDX__SYNCSCI0PKT': ParsedDataItem(IDX__SYNCSCI0PKT, raw=13107, derived=13107, unit=None), 'IDX__CRCSCI0PKT': ParsedDataItem(IDX__CRCSCI0PKT, raw=29296, derived=29296, unit=None)}
SHCOARSE = 429139337
SHFINE = 7076
IDX__SCI0AID = 2415008032
IDX__SCI0TYPE = 1
IDX__SCI0CONT = 127
IDX__SCI0SPARE1 = 0
IDX__SCI0PACK = EN
IDX__SCI0FRAG = DS
IDX__SCI0COMP = DS
IDX__SCI0EVTNUM = 13
IDX__SCI0CAT = 32
IDX__SCI0QUAL = 5
IDX__SCI0FRAGOFF = 0
IDX__SCI0VER = 9
IDX__SCI0TIME32 = 429138167
IDX__SCI0SPARE2 = 0
IDX__SCI0SPARE3 = 0
IDX__SCI0SPARE4 = 0
IDX__TXHDRSCIEVTLEN = 8320
IDX__TXHDRSP00 = 0
IDX__TXHDRTIMESEC1 = 6548
IDX__TXHDRTIMESEC2 = 8439
IDX__TXHDRTIMESUBS = 42170
IDX__TXHDRSP01 = 0
IDX__TXHDRTRIGOFFSET = 5
IDX__TXHDRSP02 = 0
IDX__TXHDRTRIGID = 1
IDX__TXHDREVTNUM = 13
IDX__TXHDRBLOCKS = 243679
IDX__TXHDRHGTRIGCTRL1 = 2222981120
IDX__TXHDRHGTRIGCTRL2 = 0
IDX__TXHDRLGTRIGCTRL1 = 4294965248
IDX__TXHDRLGTRIGCTRL2 = 4278255360
IDX__TXHDRMGTRIGCTRL1 = 4294965248
IDX__TXHDRMGTRIGCTRL2 = 4278255360
IDX__TXHDRSP03 = 0
IDX__TXHDRLSADC = 1048320
IDX__TXHDRPOLSTAT = NEG
IDX__TXHDRSP04 = 0
IDX__TXHDRPOLCTRL = POS
IDX__TXHDRCOINENA = DIS
IDX__TXHDRLSTRIGMODE = DIS
IDX__TXHDRMGTRIGMODE = 0
IDX__TXHDRLGTRIGMODE = 0
IDX__TXHDRHGTRIGMODE = 1
IDX__TXHDRSP05 = 0
IDX__TXHDRSP06 = 0
IDX__TXHDRSP07 = 2016
IDX__TXHDRSP08 = 0
IDX__TXHDRTOFMAX = 541596233
IDX__TXHDRTOFMIN = 535295475
IDX__TXHDRLS0MAXMIN = 8534013
IDX__TXHDRLS1MAXMIN = 10434066
IDX__TXHDRLS2MAXMIN = 8710112
IDX__TXHDRFIFODELAY = 17
IDX__TXHDRSAMPDELAY = 40934472
IDX__TXHDRTRANSCNT = 4
IDX__TXHDRPROCHKCH01 = 83231471
IDX__TXHDRPROCHKCH23 = 137299573
IDX__TXHDRPROCHKCH45 = 175113435
IDX__TXHDRPROCHKCH67 = 133761306
IDX__TXHDRHVPSHKCH01 = 131794263
IDX__TXHDRHVPSHKCH23 = 8849069
IDX__TXHDRHVPSHKCH45 = 127731675
IDX__TXHDRHVPSHKCH67 = 19925645
IDX__TXHDRLVHK0CH01 = 134219776
IDX__TXHDRLVHK0CH23 = 171772858
IDX__TXHDRLVHK0CH45 = 134810728
IDX__TXHDRLVHK0CH67 = 205851732
IDX__TXHDRLVHK1CH01 = 33293924
IDX__TXHDRLVHK1CH23 = 76744171
IDX__TXHDRLVHK1CH45 = 225642383
IDX__TXHDRLVHK1CH67 = 192348617
IDX__TXHDRLVHK2CH01 = 80807126
IDX__TXHDRLVHK2CH23 = 210373183
IDX__TXHDRLVHK2CH45 = 101059907
IDX__TXHDRLVHK2CH67 = 69017
IDX__TXHDRSP09 = 0
IDX__TXHDRSP10 = 0
IDX__TXHDRFSWAIDCOPY = 2415008032
IDX__TXHDRFSWBINCOPY = 0
IDX__TXHDRFSWMAJOR = 2
IDX__TXHDRFSWMINOR = 0
IDX__TXHDRFSWPATCH = 0
IDX__TXHDRFSWHVSTAT = 3
IDX__TXHDRFSWMEM0 = 0
IDX__TXHDRFSWMEM1 = 0
IDX__TXHDRFSWPT0 = 0
IDX__TXHDRFSWPT1 = 0
IDX__TXHDRFSWPT2 = 0
IDX__TXHDRFSWPT3 = 0
IDX__TXHDRFSWPT4 = 0
IDX__TXHDRFSWPT5 = 0
IDX__TXHDRFSWPT6 = 0
IDX__TXHDRFSWPT7 = 0
IDX__TXHDRFSWPT8 = 0
IDX__TXHDRFSWPT9 = 0
IDX__TXHDRFPGAVER = 539165480
IDX__SYNCSCI0PKT = 13107
IDX__CRCSCI0PKT = 29296
^*****Event header 14******^
EVTNUM: 14
SCI0TYPE: 1
TXHDRBLOCKS RAW: 243679
TXHDRBLOCKS DERIVED: 243679
-----
HS pre trig sampling blocks:  31
LS pre trig sampling blocks:  3
HS post trig sampling blocks:  31
LS post trig sampling blocks:  11
IDX__TXHDRHVPSHKCH01 = 131794263
Detector voltage =  1367
Sensor voltage =  2011
Target voltage =  1709
Reflectron voltage =  135
Rejection voltage =  2011
Current for HVPS sensor =  1949
Positive current for HVPS sensor =  2701
Negative current for HVPS sensor =  304
Voltage +3.3V reference =  2048
Voltage +3.3V operational reference =  2048
Voltage -6V bus =  3002
Voltage +6V bus =  2621
Voltage +16V bus =  3176
Voltage +3.3V bus =  2057
Voltage -5V bus =  3156
Voltage +5V bus =  3141
Current +3.3V bus =  1636
Current +16V bus =  1171
Current +6V bus =  1515
Current -6V bus =  1171
Current +5V bus =  1935
Current -5V bus =  3443
Current +2.5V bus =  457
Current -2.5V bus =  2935
Current on the 1V POL =  751
Current on the 1.9V POL =  1270
ProcBd Temperature 1 =  1653
ProcBd Temperature 2 =  2095
Voltage on 1V bus =  1243
FPGA Temperature =  2672
Voltage on 1.9V bus =  2330
Voltage on 3.3V bus =  2041
var_to_row = {'Last measurement in raw DN for Processor Board signal “1V POL Current”': 0, 'Last measurement in raw DN for Processor Board signal “1.9V POL Current”': 1, 'Last measurement in raw DN for Processor Board signal “ProcBd Temp1”': 2, nan: 48, 'Last measurement in raw DN for Processor Board signal “ProcBd Temp2”': 6, 'Last measurement in raw DN for Processor Board signal “1V Voltage”': 10, 'Last measurement in raw DN for Processor Board signal “FPGA Temp”': 11, 'Last measurement in raw DN for Processor Board signal “1.9V Voltage”': 12, 'Last measurement in raw DN for Processor Board signal “3.3V Voltage”': 13, 'Last measurement in raw DN for HVPS Board signal “Detector Voltage”': 14, 'Last measurement in raw DN for HVPS Board signal “Sensor Voltage"': 15, 'Last measurement in raw DN for HVPS Board signal “Target Voltage”': 16, 'Last measurement in raw DN for HVPS Board signal “Reflectron Voltage”': 17, 'Last measurement in raw DN for HVPS Board signal “Rejection Voltage”': 18, 'Last measurement in raw DN for HVPS Board signal “Detector Current”': 19, 'Last measurement in raw DN for HVPS Board signal “Sensor IP”': 20, 'Last measurement in raw DN for HVPS Board signal “Sensor IN”': 21, 'Last measurement in raw DN for LVPS Board signal “P3.3VREF_HK”': 22, 'Last measurement in raw DN for LVPS Board signal “P3.3VREF_OP”': 23, 'Last measurement in raw DN for LVPS Board signal “N6V”': 24, 'Last measurement in raw DN for LVPS Board signal “P6V”': 25, 'Last measurement in raw DN for LVPS Board signal “P16V”': 26, 'Last measurement in raw DN for LVPS Board signal “P3.3V”': 27, 'Last measurement in raw DN for LVPS Board signal “N5V”': 28, 'Last measurement in raw DN for LVPS Board signal “P5V”': 29, 'Last measurement in raw DN for LVPS Board signal “P3.3_IMON”': 30, 'Last measurement in raw DN for LVPS Board signal “P16V_IMON”': 31, 'Last measurement in raw DN for LVPS Board signal “P6V_IMON”': 32, 'Last measurement in raw DN for LVPS Board signal “N6V_IMON”': 33, 'Last measurement in raw DN for LVPS Board signal “P5V_IMON”': 34, 'Last measurement in raw DN for LVPS Board signal “N5V_IMON”': 35, 'Last measurement in raw DN for LVPS Board signal “P2.5V_IMON”': 36, 'Last measurement in raw DN for LVPS Board signal “N2.5V_IMON”': 37, 'Last measurement in raw DN for LVPS Board signal “THERM_DECON0”': 38, 'Last measurement in raw DN for LVPS Board signal “THERM_DECON1”': 39, 'Last measurement in raw DN for LVPS Board signal “THERM_DAB”': 40, 'Last measurement in raw DN for LVPS Board signal “THERM_LVPS”': 41, 'Last measurement in raw DN for LVPS Board signal “THERM_HVPS”': 45, 'Last measurement in raw DN for LVPS Board signal “P2.5V”': 49, 'Last measurement in raw DN for LVPS Board signal “N2.5V”': 50, 'Last measurement in raw DN for LVPS Board signal “Spare”': 51}

 
 ***** var_name being converted for each instrument setting ***** 
 

Matching row  18
coeffs for Last measurement in raw DN for Processor Board signal “1V POL Current”= [0.0 0.9029253 0.0 0.0 0.0 0.0 0.0 0.0]
var_name = Last measurement in raw DN for Processor Board signal “1V POL Current”
var_name = current_1V_pol
Header info = 751
Transformed value for current_1V_pol = 678.0969003
Matching row  18
coeffs for Last measurement in raw DN for Processor Board signal “1.9V POL Current”= [0.0 0.9029253 0.0 0.0 0.0 0.0 0.0 0.0]
var_name = Last measurement in raw DN for Processor Board signal “1.9V POL Current”
var_name = current_1.9V_pol
Header info = 1270
Transformed value for current_1.9V_pol = 1146.7151310000002
Matching row  18
coeffs for Last measurement in raw DN for Processor Board signal “ProcBd Temp1”= [162.8276 -0.2668687 0.0003323794 -2.43153e-07 9.034532e-11 -1.327735e-14
 0.0 0.0]
var_name = Last measurement in raw DN for Processor Board signal “ProcBd Temp1”
var_name = temperature_1
Header info = 1653
Transformed value for temperature_1 = 42.31019504982754
Matching row  18
coeffs for nan= [-104713.9 52.02446 -0.006463374 0.0 0.0 0.0 0.0 0.0]
var_name = nan
var_name = None
KeyError: (14, None) - Could not find entry for None, 48. Please check the Var_notes or variable mapping.
Matching row  18
coeffs for Last measurement in raw DN for Processor Board signal “ProcBd Temp2”= [162.8276 -0.2668687 0.0003323794 -2.43153e-07 9.034532e-11 -1.327735e-14
 0.0 0.0]
var_name = Last measurement in raw DN for Processor Board signal “ProcBd Temp2”
var_name = temperature_2
Header info = 2095
Transformed value for temperature_2 = 31.300697035873327
Matching row  18
coeffs for Last measurement in raw DN for Processor Board signal “1V Voltage”= [0.0 0.000805861 0.0 0.0 0.0 0.0 0.0 0.0]
var_name = Last measurement in raw DN for Processor Board signal “1V Voltage”
var_name = voltage_1V_bus
Header info = 1243
Transformed value for voltage_1V_bus = 1.001685223
Matching row  18
coeffs for Last measurement in raw DN for Processor Board signal “FPGA Temp”= [358.31 -0.1187104 0.0 0.0 0.0 0.0 0.0 0.0]
var_name = Last measurement in raw DN for Processor Board signal “FPGA Temp”
var_name = fpga_temperature
Header info = 2672
Transformed value for fpga_temperature = 41.115811199999996
Matching row  18
coeffs for Last measurement in raw DN for Processor Board signal “1.9V Voltage”= [0.0 0.000805861 0.0 0.0 0.0 0.0 0.0 0.0]
var_name = Last measurement in raw DN for Processor Board signal “1.9V Voltage”
var_name = voltage_1.9V_bus
Header info = 2330
Transformed value for voltage_1.9V_bus = 1.8776561299999999
Matching row  18
coeffs for Last measurement in raw DN for Processor Board signal “3.3V Voltage”= [0.0 0.001611722 0.0 0.0 0.0 0.0 0.0 0.0]
var_name = Last measurement in raw DN for Processor Board signal “3.3V Voltage”
var_name = voltage_3.3V_bus
Header info = 2041
Transformed value for voltage_3.3V_bus = 3.2895246019999997
Matching row  18
coeffs for Last measurement in raw DN for HVPS Board signal “Detector Voltage”= [0.0 1.4652 0.0 0.0 0.0 0.0 0.0 0.0]
var_name = Last measurement in raw DN for HVPS Board signal “Detector Voltage”
var_name = detector_voltage
Header info = 1367
Transformed value for detector_voltage = 2002.9284
Matching row  18
coeffs for Last measurement in raw DN for HVPS Board signal “Sensor Voltage"= [0.0 1.4652 0.0 0.0 0.0 0.0 0.0 0.0]
var_name = Last measurement in raw DN for HVPS Board signal “Sensor Voltage"
var_name = sensor_voltage
Header info = 2011
Transformed value for sensor_voltage = 2946.5172000000002
Matching row  18
coeffs for Last measurement in raw DN for HVPS Board signal “Target Voltage”= [0.0 1.4652 0.0 0.0 0.0 0.0 0.0 0.0]
var_name = Last measurement in raw DN for HVPS Board signal “Target Voltage”
var_name = target_voltage
Header info = 1709
Transformed value for target_voltage = 2504.0268
Matching row  18
coeffs for Last measurement in raw DN for HVPS Board signal “Reflectron Voltage”= [0.0 1.4652 0.0 0.0 0.0 0.0 0.0 0.0]
var_name = Last measurement in raw DN for HVPS Board signal “Reflectron Voltage”
var_name = reflectron_voltage
Header info = 135
Transformed value for reflectron_voltage = 197.80200000000002
Matching row  18
coeffs for Last measurement in raw DN for HVPS Board signal “Rejection Voltage”= [0.0 1.4652 0.0 0.0 0.0 0.0 0.0 0.0]
var_name = Last measurement in raw DN for HVPS Board signal “Rejection Voltage”
var_name = rejection_voltage
Header info = 2011
Transformed value for rejection_voltage = 2946.5172000000002
Matching row  18
coeffs for Last measurement in raw DN for HVPS Board signal “Detector Current”= [0.0 7.326e-06 0.0 0.0 0.0 0.0 0.0 0.0]
var_name = Last measurement in raw DN for HVPS Board signal “Detector Current”
var_name = current_hvps_sensor
Header info = 1949
Transformed value for current_hvps_sensor = 0.014278374
Matching row  18
coeffs for Last measurement in raw DN for HVPS Board signal “Sensor IP”= [0.0 2.4339e-05 0.0 0.0 0.0 0.0 0.0 0.0]
var_name = Last measurement in raw DN for HVPS Board signal “Sensor IP”
var_name = positive_current_hvps
Header info = 2701
Transformed value for positive_current_hvps = 0.065739639
Matching row  18
coeffs for Last measurement in raw DN for HVPS Board signal “Sensor IN”= [0.0 2.4339e-05 0.0 0.0 0.0 0.0 0.0 0.0]
var_name = Last measurement in raw DN for HVPS Board signal “Sensor IN”
var_name = negative_current_hvps
Header info = 304
Transformed value for negative_current_hvps = 0.007399055999999999
Matching row  18
coeffs for Last measurement in raw DN for LVPS Board signal “P3.3VREF_HK”= [0.0 0.00161172 0.0 0.0 0.0 0.0 0.0 0.0]
var_name = Last measurement in raw DN for LVPS Board signal “P3.3VREF_HK”
var_name = voltage_3V3_ref
Header info = 2048
Transformed value for voltage_3V3_ref = 3.30080256
Matching row  18
coeffs for Last measurement in raw DN for LVPS Board signal “P3.3VREF_OP”= [0.0 0.00161172 0.0 0.0 0.0 0.0 0.0 0.0]
var_name = Last measurement in raw DN for LVPS Board signal “P3.3VREF_OP”
var_name = voltage_3V3_op_ref
Header info = 2048
Transformed value for voltage_3V3_op_ref = 3.30080256
Matching row  18
coeffs for Last measurement in raw DN for LVPS Board signal “N6V”= [-33.0 0.00886447 0.0 0.0 0.0 0.0 0.0 0.0]
var_name = Last measurement in raw DN for LVPS Board signal “N6V”
var_name = voltage_neg6V_bus
Header info = 3002
Transformed value for voltage_neg6V_bus = -6.3888610600000035
Matching row  18
coeffs for Last measurement in raw DN for LVPS Board signal “P6V”= [0.0 0.00241758 0.0 0.0 0.0 0.0 0.0 0.0]
var_name = Last measurement in raw DN for LVPS Board signal “P6V”
var_name = voltage_pos6V_bus
Header info = 2621
Transformed value for voltage_pos6V_bus = 6.33647718
Matching row  18
coeffs for Last measurement in raw DN for LVPS Board signal “P16V”= [0.0 0.00482711 0.0 0.0 0.0 0.0 0.0 0.0]
var_name = Last measurement in raw DN for LVPS Board signal “P16V”
var_name = voltage_pos16V_bus
Header info = 3176
Transformed value for voltage_pos16V_bus = 15.33090136
Matching row  18
coeffs for Last measurement in raw DN for LVPS Board signal “P3.3V”= [0.0 0.00161172 0.0 0.0 0.0 0.0 0.0 0.0]
var_name = Last measurement in raw DN for LVPS Board signal “P3.3V”
var_name = voltage_pos3V3_bus
Header info = 2057
Transformed value for voltage_pos3V3_bus = 3.31530804
Matching row  18
coeffs for Last measurement in raw DN for LVPS Board signal “N5V”= [-33.0 0.00886447 0.0 0.0 0.0 0.0 0.0 0.0]
var_name = Last measurement in raw DN for LVPS Board signal “N5V”
var_name = voltage_neg5V_bus
Header info = 3156
Transformed value for voltage_neg5V_bus = -5.023732680000002
Matching row  18
coeffs for Last measurement in raw DN for LVPS Board signal “P5V”= [0.0 0.00161172 0.0 0.0 0.0 0.0 0.0 0.0]
var_name = Last measurement in raw DN for LVPS Board signal “P5V”
var_name = voltage_pos5V_bus
Header info = 3141
Transformed value for voltage_pos5V_bus = 5.0624125200000005
Matching row  18
coeffs for Last measurement in raw DN for LVPS Board signal “P3.3_IMON”= [0.0 0.00161172 0.0 0.0 0.0 0.0 0.0 0.0]
var_name = Last measurement in raw DN for LVPS Board signal “P3.3_IMON”
var_name = current_3V3_bus
Header info = 1636
Transformed value for current_3V3_bus = 2.63677392
Matching row  18
coeffs for Last measurement in raw DN for LVPS Board signal “P16V_IMON”= [0.0 0.000161172 0.0 0.0 0.0 0.0 0.0 0.0]
var_name = Last measurement in raw DN for LVPS Board signal “P16V_IMON”
var_name = current_16V_bus
Header info = 1171
Transformed value for current_16V_bus = 0.18873241200000002
Matching row  18
coeffs for Last measurement in raw DN for LVPS Board signal “P6V_IMON”= [0.0 8.05861e-05 0.0 0.0 0.0 0.0 0.0 0.0]
var_name = Last measurement in raw DN for LVPS Board signal “P6V_IMON”
var_name = current_6V_bus
Header info = 1515
Transformed value for current_6V_bus = 0.12208794149999999
Matching row  18
coeffs for Last measurement in raw DN for LVPS Board signal “N6V_IMON”= [0.0 -8.05861e-05 0.0 0.0 0.0 0.0 0.0 0.0]
var_name = Last measurement in raw DN for LVPS Board signal “N6V_IMON”
var_name = current_neg6V_bus
Header info = 1171
Transformed value for current_neg6V_bus = -0.0943663231
Matching row  18
coeffs for Last measurement in raw DN for LVPS Board signal “P5V_IMON”= [0.0 4.029304e-05 0.0 0.0 0.0 0.0 0.0 0.0]
var_name = Last measurement in raw DN for LVPS Board signal “P5V_IMON”
var_name = current_5V_bus
Header info = 1935
Transformed value for current_5V_bus = 0.0779670324
Matching row  18
coeffs for Last measurement in raw DN for LVPS Board signal “N5V_IMON”= [0.0 -2.01465e-05 0.0 0.0 0.0 0.0 0.0 0.0]
var_name = Last measurement in raw DN for LVPS Board signal “N5V_IMON”
var_name = current_neg5V_bus
Header info = 3443
Transformed value for current_neg5V_bus = -0.0693643995
Matching row  18
coeffs for Last measurement in raw DN for LVPS Board signal “P2.5V_IMON”= [0.0 0.00161172 0.0 0.0 0.0 0.0 0.0 0.0]
var_name = Last measurement in raw DN for LVPS Board signal “P2.5V_IMON”
var_name = current_2V5_bus
Header info = 457
Transformed value for current_2V5_bus = 0.7365560400000001
Matching row  18
coeffs for Last measurement in raw DN for LVPS Board signal “N2.5V_IMON”= [0.0 -4.0293e-05 0.0 0.0 0.0 0.0 0.0 0.0]
var_name = Last measurement in raw DN for LVPS Board signal “N2.5V_IMON”
var_name = current_neg2V5_bus
Header info = 2935
Transformed value for current_neg2V5_bus = -0.118259955
Matching row  18
coeffs for Last measurement in raw DN for LVPS Board signal “THERM_DECON0”= [-110.293 0.0665351 0.000305738 -6.32048e-07 5.9934e-10 -2.98784e-13
 7.61361e-17 -7.76467e-21]
var_name = Last measurement in raw DN for LVPS Board signal “THERM_DECON0”
var_name = None
KeyError: (14, None) - Could not find entry for None, 38. Please check the Var_notes or variable mapping.
Matching row  18
coeffs for Last measurement in raw DN for LVPS Board signal “THERM_DECON1”= [-150.478 0.376986 -0.00062072 7.73853e-07 -5.81588e-10 2.56368e-13
 -6.05698e-17 5.96635e-21]
var_name = Last measurement in raw DN for LVPS Board signal “THERM_DECON1”
var_name = None
KeyError: (14, None) - Could not find entry for None, 39. Please check the Var_notes or variable mapping.
Matching row  18
coeffs for Last measurement in raw DN for LVPS Board signal “THERM_DAB”= [-443.248 1.31224 -0.00180422 1.40016e-06 -6.43766e-10 1.7448e-13
 -2.57695e-17 1.60239e-21]
var_name = Last measurement in raw DN for LVPS Board signal “THERM_DAB”
var_name = None
KeyError: (14, None) - Could not find entry for None, 40. Please check the Var_notes or variable mapping.
Matching row  18
coeffs for Last measurement in raw DN for LVPS Board signal “THERM_LVPS”= [200.4137 -0.2020699 0.000175403 -9.739547e-08 2.888932e-11 -3.545603e-15
 0.0 0.0]
var_name = Last measurement in raw DN for LVPS Board signal “THERM_LVPS”
var_name = None
KeyError: (14, None) - Could not find entry for None, 41. Please check the Var_notes or variable mapping.
Matching row  18
coeffs for Last measurement in raw DN for LVPS Board signal “THERM_HVPS”= [200.4137 -0.2020699 0.000175403 -9.739547e-08 2.888932e-11 -3.545603e-15
 0.0 0.0]
var_name = Last measurement in raw DN for LVPS Board signal “THERM_HVPS”
var_name = None
KeyError: (14, None) - Could not find entry for None, 45. Please check the Var_notes or variable mapping.
Matching row  18
coeffs for Last measurement in raw DN for LVPS Board signal “P2.5V”= [0.0 0.00161172 0.0 0.0 0.0 0.0 0.0 0.0]
var_name = Last measurement in raw DN for LVPS Board signal “P2.5V”
var_name = None
KeyError: (14, None) - Could not find entry for None, 49. Please check the Var_notes or variable mapping.
Matching row  18
coeffs for Last measurement in raw DN for LVPS Board signal “N2.5V”= [-33.0 0.00886447 0.0 0.0 0.0 0.0 0.0 0.0]
var_name = Last measurement in raw DN for LVPS Board signal “N2.5V”
var_name = None
KeyError: (14, None) - Could not find entry for None, 50. Please check the Var_notes or variable mapping.
Matching row  18
coeffs for Last measurement in raw DN for LVPS Board signal “Spare”= [0.0 0.00161172 0.0 0.0 0.0 0.0 0.0 0.0]
var_name = Last measurement in raw DN for LVPS Board signal “Spare”
var_name = spare_signal
KeyError: (14, 'spare_signal') - Could not find entry for spare_signal, 51. Please check the Var_notes or variable mapping.
High gain delay = 72 samples.
Mid gain delay = 39 samples.
Low gain delay = 39 samples.
High sampling trigger mode =  0 0 1
High gain trigger mode enabled.
For 2222981120, HG Trigger level = 0.15317, sample settings = 0, 0
Threshold trigger mode enabled for high gain channel.
AID = 2415008032
Event number = 13
Rice compression enabled = False
Timestamp = 429138167.8434 seconds since epoch (Midnight January 1st, 2010)
Trigger time = 2023-08-07T21:02:47.843400Z
14
14
14
14
14
14
14
14
14
14
14
14
14
{'SHCOARSE': ParsedDataItem(SHCOARSE, raw=429139351, derived=429139351, unit=dn), 'SHFINE': ParsedDataItem(SHFINE, raw=7082, derived=7082, unit=dn), 'IDX__SCI0AID': ParsedDataItem(IDX__SCI0AID, raw=2415008032, derived=2415008032, unit=None), 'IDX__SCI0TYPE': ParsedDataItem(IDX__SCI0TYPE, raw=1, derived=1, unit=None), 'IDX__SCI0CONT': ParsedDataItem(IDX__SCI0CONT, raw=127, derived=127, unit=None), 'IDX__SCI0SPARE1': ParsedDataItem(IDX__SCI0SPARE1, raw=0, derived=0, unit=None), 'IDX__SCI0PACK': ParsedDataItem(IDX__SCI0PACK, raw=1, derived=EN, unit=None), 'IDX__SCI0FRAG': ParsedDataItem(IDX__SCI0FRAG, raw=0, derived=DS, unit=None), 'IDX__SCI0COMP': ParsedDataItem(IDX__SCI0COMP, raw=0, derived=DS, unit=None), 'IDX__SCI0EVTNUM': ParsedDataItem(IDX__SCI0EVTNUM, raw=14, derived=14, unit=None), 'IDX__SCI0CAT': ParsedDataItem(IDX__SCI0CAT, raw=32, derived=32, unit=None), 'IDX__SCI0QUAL': ParsedDataItem(IDX__SCI0QUAL, raw=5, derived=5, unit=None), 'IDX__SCI0FRAGOFF': ParsedDataItem(IDX__SCI0FRAGOFF, raw=0, derived=0, unit=None), 'IDX__SCI0VER': ParsedDataItem(IDX__SCI0VER, raw=9, derived=9, unit=None), 'IDX__SCI0TIME32': ParsedDataItem(IDX__SCI0TIME32, raw=429138178, derived=429138178, unit=None), 'IDX__SCI0SPARE2': ParsedDataItem(IDX__SCI0SPARE2, raw=0, derived=0, unit=None), 'IDX__SCI0SPARE3': ParsedDataItem(IDX__SCI0SPARE3, raw=0, derived=0, unit=None), 'IDX__SCI0SPARE4': ParsedDataItem(IDX__SCI0SPARE4, raw=0, derived=0, unit=None), 'IDX__TXHDRSCIEVTLEN': ParsedDataItem(IDX__TXHDRSCIEVTLEN, raw=8320, derived=8320, unit=None), 'IDX__TXHDRSP00': ParsedDataItem(IDX__TXHDRSP00, raw=0, derived=0, unit=None), 'IDX__TXHDRTIMESEC1': ParsedDataItem(IDX__TXHDRTIMESEC1, raw=6548, derived=6548, unit=None), 'IDX__TXHDRTIMESEC2': ParsedDataItem(IDX__TXHDRTIMESEC2, raw=8450, derived=8450, unit=None), 'IDX__TXHDRTIMESUBS': ParsedDataItem(IDX__TXHDRTIMESUBS, raw=10251, derived=10251, unit=None), 'IDX__TXHDRSP01': ParsedDataItem(IDX__TXHDRSP01, raw=0, derived=0, unit=None), 'IDX__TXHDRTRIGOFFSET': ParsedDataItem(IDX__TXHDRTRIGOFFSET, raw=1, derived=1, unit=None), 'IDX__TXHDRSP02': ParsedDataItem(IDX__TXHDRSP02, raw=0, derived=0, unit=None), 'IDX__TXHDRTRIGID': ParsedDataItem(IDX__TXHDRTRIGID, raw=1, derived=1, unit=None), 'IDX__TXHDREVTNUM': ParsedDataItem(IDX__TXHDREVTNUM, raw=14, derived=14, unit=None), 'IDX__TXHDRBLOCKS': ParsedDataItem(IDX__TXHDRBLOCKS, raw=243679, derived=243679, unit=None), 'IDX__TXHDRHGTRIGCTRL1': ParsedDataItem(IDX__TXHDRHGTRIGCTRL1, raw=2222981120, derived=2222981120, unit=None), 'IDX__TXHDRHGTRIGCTRL2': ParsedDataItem(IDX__TXHDRHGTRIGCTRL2, raw=0, derived=0, unit=None), 'IDX__TXHDRLGTRIGCTRL1': ParsedDataItem(IDX__TXHDRLGTRIGCTRL1, raw=4294965248, derived=4294965248, unit=None), 'IDX__TXHDRLGTRIGCTRL2': ParsedDataItem(IDX__TXHDRLGTRIGCTRL2, raw=4278255360, derived=4278255360, unit=None), 'IDX__TXHDRMGTRIGCTRL1': ParsedDataItem(IDX__TXHDRMGTRIGCTRL1, raw=4294965248, derived=4294965248, unit=None), 'IDX__TXHDRMGTRIGCTRL2': ParsedDataItem(IDX__TXHDRMGTRIGCTRL2, raw=4278255360, derived=4278255360, unit=None), 'IDX__TXHDRSP03': ParsedDataItem(IDX__TXHDRSP03, raw=0, derived=0, unit=None), 'IDX__TXHDRLSADC': ParsedDataItem(IDX__TXHDRLSADC, raw=1048320, derived=1048320, unit=None), 'IDX__TXHDRPOLSTAT': ParsedDataItem(IDX__TXHDRPOLSTAT, raw=1, derived=NEG, unit=None), 'IDX__TXHDRSP04': ParsedDataItem(IDX__TXHDRSP04, raw=0, derived=0, unit=None), 'IDX__TXHDRPOLCTRL': ParsedDataItem(IDX__TXHDRPOLCTRL, raw=0, derived=POS, unit=None), 'IDX__TXHDRCOINENA': ParsedDataItem(IDX__TXHDRCOINENA, raw=0, derived=DIS, unit=None), 'IDX__TXHDRLSTRIGMODE': ParsedDataItem(IDX__TXHDRLSTRIGMODE, raw=0, derived=DIS, unit=None), 'IDX__TXHDRMGTRIGMODE': ParsedDataItem(IDX__TXHDRMGTRIGMODE, raw=0, derived=0, unit=None), 'IDX__TXHDRLGTRIGMODE': ParsedDataItem(IDX__TXHDRLGTRIGMODE, raw=0, derived=0, unit=None), 'IDX__TXHDRHGTRIGMODE': ParsedDataItem(IDX__TXHDRHGTRIGMODE, raw=1, derived=1, unit=None), 'IDX__TXHDRSP05': ParsedDataItem(IDX__TXHDRSP05, raw=0, derived=0, unit=None), 'IDX__TXHDRSP06': ParsedDataItem(IDX__TXHDRSP06, raw=0, derived=0, unit=None), 'IDX__TXHDRSP07': ParsedDataItem(IDX__TXHDRSP07, raw=2018, derived=2018, unit=None), 'IDX__TXHDRSP08': ParsedDataItem(IDX__TXHDRSP08, raw=0, derived=0, unit=None), 'IDX__TXHDRTOFMAX': ParsedDataItem(IDX__TXHDRTOFMAX, raw=541596203, derived=541596203, unit=None), 'IDX__TXHDRTOFMIN': ParsedDataItem(IDX__TXHDRTOFMIN, raw=535295475, derived=535295475, unit=None), 'IDX__TXHDRLS0MAXMIN': ParsedDataItem(IDX__TXHDRLS0MAXMIN, raw=8525823, derived=8525823, unit=None), 'IDX__TXHDRLS1MAXMIN': ParsedDataItem(IDX__TXHDRLS1MAXMIN, raw=9807559, derived=9807559, unit=None), 'IDX__TXHDRLS2MAXMIN': ParsedDataItem(IDX__TXHDRLS2MAXMIN, raw=8472546, derived=8472546, unit=None), 'IDX__TXHDRFIFODELAY': ParsedDataItem(IDX__TXHDRFIFODELAY, raw=18, derived=18, unit=None), 'IDX__TXHDRSAMPDELAY': ParsedDataItem(IDX__TXHDRSAMPDELAY, raw=7347242, derived=7347242, unit=None), 'IDX__TXHDRTRANSCNT': ParsedDataItem(IDX__TXHDRTRANSCNT, raw=2, derived=2, unit=None), 'IDX__TXHDRPROCHKCH01': ParsedDataItem(IDX__TXHDRPROCHKCH01, raw=83297007, derived=83297007, unit=None), 'IDX__TXHDRPROCHKCH23': ParsedDataItem(IDX__TXHDRPROCHKCH23, raw=137168498, derived=137168498, unit=None), 'IDX__TXHDRPROCHKCH45': ParsedDataItem(IDX__TXHDRPROCHKCH45, raw=175113435, derived=175113435, unit=None), 'IDX__TXHDRPROCHKCH67': ParsedDataItem(IDX__TXHDRPROCHKCH67, raw=133761306, derived=133761306, unit=None), 'IDX__TXHDRHVPSHKCH01': ParsedDataItem(IDX__TXHDRHVPSHKCH01, raw=131794263, derived=131794263, unit=None), 'IDX__TXHDRHVPSHKCH23': ParsedDataItem(IDX__TXHDRHVPSHKCH23, raw=8849069, derived=8849069, unit=None), 'IDX__TXHDRHVPSHKCH45': ParsedDataItem(IDX__TXHDRHVPSHKCH45, raw=127731676, derived=127731676, unit=None), 'IDX__TXHDRHVPSHKCH67': ParsedDataItem(IDX__TXHDRHVPSHKCH67, raw=19991181, derived=19991181, unit=None), 'IDX__TXHDRLVHK0CH01': ParsedDataItem(IDX__TXHDRLVHK0CH01, raw=134219776, derived=134219776, unit=None), 'IDX__TXHDRLVHK0CH23': ParsedDataItem(IDX__TXHDRLVHK0CH23, raw=171772858, derived=171772858, unit=None), 'IDX__TXHDRLVHK0CH45': ParsedDataItem(IDX__TXHDRLVHK0CH45, raw=134810728, derived=134810728, unit=None), 'IDX__TXHDRLVHK0CH67': ParsedDataItem(IDX__TXHDRLVHK0CH67, raw=205851732, derived=205851732, unit=None), 'IDX__TXHDRLVHK1CH01': ParsedDataItem(IDX__TXHDRLVHK1CH01, raw=33293924, derived=33293924, unit=None), 'IDX__TXHDRLVHK1CH23': ParsedDataItem(IDX__TXHDRLVHK1CH23, raw=76744171, derived=76744171, unit=None), 'IDX__TXHDRLVHK1CH45': ParsedDataItem(IDX__TXHDRLVHK1CH45, raw=225642383, derived=225642383, unit=None), 'IDX__TXHDRLVHK1CH67': ParsedDataItem(IDX__TXHDRLVHK1CH67, raw=192348617, derived=192348617, unit=None), 'IDX__TXHDRLVHK2CH01': ParsedDataItem(IDX__TXHDRLVHK2CH01, raw=80807126, derived=80807126, unit=None), 'IDX__TXHDRLVHK2CH23': ParsedDataItem(IDX__TXHDRLVHK2CH23, raw=210307647, derived=210307647, unit=None), 'IDX__TXHDRLVHK2CH45': ParsedDataItem(IDX__TXHDRLVHK2CH45, raw=101059906, derived=101059906, unit=None), 'IDX__TXHDRLVHK2CH67': ParsedDataItem(IDX__TXHDRLVHK2CH67, raw=3481, derived=3481, unit=None), 'IDX__TXHDRSP09': ParsedDataItem(IDX__TXHDRSP09, raw=0, derived=0, unit=None), 'IDX__TXHDRSP10': ParsedDataItem(IDX__TXHDRSP10, raw=0, derived=0, unit=None), 'IDX__TXHDRFSWAIDCOPY': ParsedDataItem(IDX__TXHDRFSWAIDCOPY, raw=2415008032, derived=2415008032, unit=None), 'IDX__TXHDRFSWBINCOPY': ParsedDataItem(IDX__TXHDRFSWBINCOPY, raw=0, derived=0, unit=None), 'IDX__TXHDRFSWMAJOR': ParsedDataItem(IDX__TXHDRFSWMAJOR, raw=2, derived=2, unit=None), 'IDX__TXHDRFSWMINOR': ParsedDataItem(IDX__TXHDRFSWMINOR, raw=0, derived=0, unit=None), 'IDX__TXHDRFSWPATCH': ParsedDataItem(IDX__TXHDRFSWPATCH, raw=0, derived=0, unit=None), 'IDX__TXHDRFSWHVSTAT': ParsedDataItem(IDX__TXHDRFSWHVSTAT, raw=3, derived=3, unit=None), 'IDX__TXHDRFSWMEM0': ParsedDataItem(IDX__TXHDRFSWMEM0, raw=0, derived=0, unit=None), 'IDX__TXHDRFSWMEM1': ParsedDataItem(IDX__TXHDRFSWMEM1, raw=0, derived=0, unit=None), 'IDX__TXHDRFSWPT0': ParsedDataItem(IDX__TXHDRFSWPT0, raw=0, derived=0, unit=None), 'IDX__TXHDRFSWPT1': ParsedDataItem(IDX__TXHDRFSWPT1, raw=0, derived=0, unit=None), 'IDX__TXHDRFSWPT2': ParsedDataItem(IDX__TXHDRFSWPT2, raw=0, derived=0, unit=None), 'IDX__TXHDRFSWPT3': ParsedDataItem(IDX__TXHDRFSWPT3, raw=0, derived=0, unit=None), 'IDX__TXHDRFSWPT4': ParsedDataItem(IDX__TXHDRFSWPT4, raw=0, derived=0, unit=None), 'IDX__TXHDRFSWPT5': ParsedDataItem(IDX__TXHDRFSWPT5, raw=0, derived=0, unit=None), 'IDX__TXHDRFSWPT6': ParsedDataItem(IDX__TXHDRFSWPT6, raw=0, derived=0, unit=None), 'IDX__TXHDRFSWPT7': ParsedDataItem(IDX__TXHDRFSWPT7, raw=0, derived=0, unit=None), 'IDX__TXHDRFSWPT8': ParsedDataItem(IDX__TXHDRFSWPT8, raw=0, derived=0, unit=None), 'IDX__TXHDRFSWPT9': ParsedDataItem(IDX__TXHDRFSWPT9, raw=0, derived=0, unit=None), 'IDX__TXHDRFPGAVER': ParsedDataItem(IDX__TXHDRFPGAVER, raw=539165480, derived=539165480, unit=None), 'IDX__SYNCSCI0PKT': ParsedDataItem(IDX__SYNCSCI0PKT, raw=13107, derived=13107, unit=None), 'IDX__CRCSCI0PKT': ParsedDataItem(IDX__CRCSCI0PKT, raw=49856, derived=49856, unit=None)}
SHCOARSE = 429139351
SHFINE = 7082
IDX__SCI0AID = 2415008032
IDX__SCI0TYPE = 1
IDX__SCI0CONT = 127
IDX__SCI0SPARE1 = 0
IDX__SCI0PACK = EN
IDX__SCI0FRAG = DS
IDX__SCI0COMP = DS
IDX__SCI0EVTNUM = 14
IDX__SCI0CAT = 32
IDX__SCI0QUAL = 5
IDX__SCI0FRAGOFF = 0
IDX__SCI0VER = 9
IDX__SCI0TIME32 = 429138178
IDX__SCI0SPARE2 = 0
IDX__SCI0SPARE3 = 0
IDX__SCI0SPARE4 = 0
IDX__TXHDRSCIEVTLEN = 8320
IDX__TXHDRSP00 = 0
IDX__TXHDRTIMESEC1 = 6548
IDX__TXHDRTIMESEC2 = 8450
IDX__TXHDRTIMESUBS = 10251
IDX__TXHDRSP01 = 0
IDX__TXHDRTRIGOFFSET = 1
IDX__TXHDRSP02 = 0
IDX__TXHDRTRIGID = 1
IDX__TXHDREVTNUM = 14
IDX__TXHDRBLOCKS = 243679
IDX__TXHDRHGTRIGCTRL1 = 2222981120
IDX__TXHDRHGTRIGCTRL2 = 0
IDX__TXHDRLGTRIGCTRL1 = 4294965248
IDX__TXHDRLGTRIGCTRL2 = 4278255360
IDX__TXHDRMGTRIGCTRL1 = 4294965248
IDX__TXHDRMGTRIGCTRL2 = 4278255360
IDX__TXHDRSP03 = 0
IDX__TXHDRLSADC = 1048320
IDX__TXHDRPOLSTAT = NEG
IDX__TXHDRSP04 = 0
IDX__TXHDRPOLCTRL = POS
IDX__TXHDRCOINENA = DIS
IDX__TXHDRLSTRIGMODE = DIS
IDX__TXHDRMGTRIGMODE = 0
IDX__TXHDRLGTRIGMODE = 0
IDX__TXHDRHGTRIGMODE = 1
IDX__TXHDRSP05 = 0
IDX__TXHDRSP06 = 0
IDX__TXHDRSP07 = 2018
IDX__TXHDRSP08 = 0
IDX__TXHDRTOFMAX = 541596203
IDX__TXHDRTOFMIN = 535295475
IDX__TXHDRLS0MAXMIN = 8525823
IDX__TXHDRLS1MAXMIN = 9807559
IDX__TXHDRLS2MAXMIN = 8472546
IDX__TXHDRFIFODELAY = 18
IDX__TXHDRSAMPDELAY = 7347242
IDX__TXHDRTRANSCNT = 2
IDX__TXHDRPROCHKCH01 = 83297007
IDX__TXHDRPROCHKCH23 = 137168498
IDX__TXHDRPROCHKCH45 = 175113435
IDX__TXHDRPROCHKCH67 = 133761306
IDX__TXHDRHVPSHKCH01 = 131794263
IDX__TXHDRHVPSHKCH23 = 8849069
IDX__TXHDRHVPSHKCH45 = 127731676
IDX__TXHDRHVPSHKCH67 = 19991181
IDX__TXHDRLVHK0CH01 = 134219776
IDX__TXHDRLVHK0CH23 = 171772858
IDX__TXHDRLVHK0CH45 = 134810728
IDX__TXHDRLVHK0CH67 = 205851732
IDX__TXHDRLVHK1CH01 = 33293924
IDX__TXHDRLVHK1CH23 = 76744171
IDX__TXHDRLVHK1CH45 = 225642383
IDX__TXHDRLVHK1CH67 = 192348617
IDX__TXHDRLVHK2CH01 = 80807126
IDX__TXHDRLVHK2CH23 = 210307647
IDX__TXHDRLVHK2CH45 = 101059906
IDX__TXHDRLVHK2CH67 = 3481
IDX__TXHDRSP09 = 0
IDX__TXHDRSP10 = 0
IDX__TXHDRFSWAIDCOPY = 2415008032
IDX__TXHDRFSWBINCOPY = 0
IDX__TXHDRFSWMAJOR = 2
IDX__TXHDRFSWMINOR = 0
IDX__TXHDRFSWPATCH = 0
IDX__TXHDRFSWHVSTAT = 3
IDX__TXHDRFSWMEM0 = 0
IDX__TXHDRFSWMEM1 = 0
IDX__TXHDRFSWPT0 = 0
IDX__TXHDRFSWPT1 = 0
IDX__TXHDRFSWPT2 = 0
IDX__TXHDRFSWPT3 = 0
IDX__TXHDRFSWPT4 = 0
IDX__TXHDRFSWPT5 = 0
IDX__TXHDRFSWPT6 = 0
IDX__TXHDRFSWPT7 = 0
IDX__TXHDRFSWPT8 = 0
IDX__TXHDRFSWPT9 = 0
IDX__TXHDRFPGAVER = 539165480
IDX__SYNCSCI0PKT = 13107
IDX__CRCSCI0PKT = 49856
^*****Event header 15******^
EVTNUM: 15
SCI0TYPE: 1
TXHDRBLOCKS RAW: 243679
TXHDRBLOCKS DERIVED: 243679
-----
HS pre trig sampling blocks:  31
LS pre trig sampling blocks:  3
HS post trig sampling blocks:  31
LS post trig sampling blocks:  11
IDX__TXHDRHVPSHKCH01 = 131794263
Detector voltage =  1367
Sensor voltage =  2011
Target voltage =  1709
Reflectron voltage =  135
Rejection voltage =  2012
Current for HVPS sensor =  1949
Positive current for HVPS sensor =  2701
Negative current for HVPS sensor =  305
Voltage +3.3V reference =  2048
Voltage +3.3V operational reference =  2048
Voltage -6V bus =  3002
Voltage +6V bus =  2621
Voltage +16V bus =  3176
Voltage +3.3V bus =  2057
Voltage -5V bus =  3156
Voltage +5V bus =  3141
Current +3.3V bus =  1636
Current +16V bus =  1171
Current +6V bus =  1515
Current -6V bus =  1171
Current +5V bus =  1935
Current -5V bus =  3443
Current +2.5V bus =  457
Current -2.5V bus =  2935
Current on the 1V POL =  751
Current on the 1.9V POL =  1271
ProcBd Temperature 1 =  1650
ProcBd Temperature 2 =  2093
Voltage on 1V bus =  1243
FPGA Temperature =  2672
Voltage on 1.9V bus =  2330
Voltage on 3.3V bus =  2041
var_to_row = {'Last measurement in raw DN for Processor Board signal “1V POL Current”': 0, 'Last measurement in raw DN for Processor Board signal “1.9V POL Current”': 1, 'Last measurement in raw DN for Processor Board signal “ProcBd Temp1”': 2, nan: 48, 'Last measurement in raw DN for Processor Board signal “ProcBd Temp2”': 6, 'Last measurement in raw DN for Processor Board signal “1V Voltage”': 10, 'Last measurement in raw DN for Processor Board signal “FPGA Temp”': 11, 'Last measurement in raw DN for Processor Board signal “1.9V Voltage”': 12, 'Last measurement in raw DN for Processor Board signal “3.3V Voltage”': 13, 'Last measurement in raw DN for HVPS Board signal “Detector Voltage”': 14, 'Last measurement in raw DN for HVPS Board signal “Sensor Voltage"': 15, 'Last measurement in raw DN for HVPS Board signal “Target Voltage”': 16, 'Last measurement in raw DN for HVPS Board signal “Reflectron Voltage”': 17, 'Last measurement in raw DN for HVPS Board signal “Rejection Voltage”': 18, 'Last measurement in raw DN for HVPS Board signal “Detector Current”': 19, 'Last measurement in raw DN for HVPS Board signal “Sensor IP”': 20, 'Last measurement in raw DN for HVPS Board signal “Sensor IN”': 21, 'Last measurement in raw DN for LVPS Board signal “P3.3VREF_HK”': 22, 'Last measurement in raw DN for LVPS Board signal “P3.3VREF_OP”': 23, 'Last measurement in raw DN for LVPS Board signal “N6V”': 24, 'Last measurement in raw DN for LVPS Board signal “P6V”': 25, 'Last measurement in raw DN for LVPS Board signal “P16V”': 26, 'Last measurement in raw DN for LVPS Board signal “P3.3V”': 27, 'Last measurement in raw DN for LVPS Board signal “N5V”': 28, 'Last measurement in raw DN for LVPS Board signal “P5V”': 29, 'Last measurement in raw DN for LVPS Board signal “P3.3_IMON”': 30, 'Last measurement in raw DN for LVPS Board signal “P16V_IMON”': 31, 'Last measurement in raw DN for LVPS Board signal “P6V_IMON”': 32, 'Last measurement in raw DN for LVPS Board signal “N6V_IMON”': 33, 'Last measurement in raw DN for LVPS Board signal “P5V_IMON”': 34, 'Last measurement in raw DN for LVPS Board signal “N5V_IMON”': 35, 'Last measurement in raw DN for LVPS Board signal “P2.5V_IMON”': 36, 'Last measurement in raw DN for LVPS Board signal “N2.5V_IMON”': 37, 'Last measurement in raw DN for LVPS Board signal “THERM_DECON0”': 38, 'Last measurement in raw DN for LVPS Board signal “THERM_DECON1”': 39, 'Last measurement in raw DN for LVPS Board signal “THERM_DAB”': 40, 'Last measurement in raw DN for LVPS Board signal “THERM_LVPS”': 41, 'Last measurement in raw DN for LVPS Board signal “THERM_HVPS”': 45, 'Last measurement in raw DN for LVPS Board signal “P2.5V”': 49, 'Last measurement in raw DN for LVPS Board signal “N2.5V”': 50, 'Last measurement in raw DN for LVPS Board signal “Spare”': 51}

 
 ***** var_name being converted for each instrument setting ***** 
 

Matching row  18
coeffs for Last measurement in raw DN for Processor Board signal “1V POL Current”= [0.0 0.9029253 0.0 0.0 0.0 0.0 0.0 0.0]
var_name = Last measurement in raw DN for Processor Board signal “1V POL Current”
var_name = current_1V_pol
Header info = 751
Transformed value for current_1V_pol = 678.0969003
Matching row  18
coeffs for Last measurement in raw DN for Processor Board signal “1.9V POL Current”= [0.0 0.9029253 0.0 0.0 0.0 0.0 0.0 0.0]
var_name = Last measurement in raw DN for Processor Board signal “1.9V POL Current”
var_name = current_1.9V_pol
Header info = 1271
Transformed value for current_1.9V_pol = 1147.6180563
Matching row  18
coeffs for Last measurement in raw DN for Processor Board signal “ProcBd Temp1”= [162.8276 -0.2668687 0.0003323794 -2.43153e-07 9.034532e-11 -1.327735e-14
 0.0 0.0]
var_name = Last measurement in raw DN for Processor Board signal “ProcBd Temp1”
var_name = temperature_1
Header info = 1650
Transformed value for temperature_1 = 42.38409592057829
Matching row  18
coeffs for nan= [-104713.9 52.02446 -0.006463374 0.0 0.0 0.0 0.0 0.0]
var_name = nan
var_name = None
KeyError: (15, None) - Could not find entry for None, 48. Please check the Var_notes or variable mapping.
Matching row  18
coeffs for Last measurement in raw DN for Processor Board signal “ProcBd Temp2”= [162.8276 -0.2668687 0.0003323794 -2.43153e-07 9.034532e-11 -1.327735e-14
 0.0 0.0]
var_name = Last measurement in raw DN for Processor Board signal “ProcBd Temp2”
var_name = temperature_2
Header info = 2093
Transformed value for temperature_2 = 31.364053713702674
Matching row  18
coeffs for Last measurement in raw DN for Processor Board signal “1V Voltage”= [0.0 0.000805861 0.0 0.0 0.0 0.0 0.0 0.0]
var_name = Last measurement in raw DN for Processor Board signal “1V Voltage”
var_name = voltage_1V_bus
Header info = 1243
Transformed value for voltage_1V_bus = 1.001685223
Matching row  18
coeffs for Last measurement in raw DN for Processor Board signal “FPGA Temp”= [358.31 -0.1187104 0.0 0.0 0.0 0.0 0.0 0.0]
var_name = Last measurement in raw DN for Processor Board signal “FPGA Temp”
var_name = fpga_temperature
Header info = 2672
Transformed value for fpga_temperature = 41.115811199999996
Matching row  18
coeffs for Last measurement in raw DN for Processor Board signal “1.9V Voltage”= [0.0 0.000805861 0.0 0.0 0.0 0.0 0.0 0.0]
var_name = Last measurement in raw DN for Processor Board signal “1.9V Voltage”
var_name = voltage_1.9V_bus
Header info = 2330
Transformed value for voltage_1.9V_bus = 1.8776561299999999
Matching row  18
coeffs for Last measurement in raw DN for Processor Board signal “3.3V Voltage”= [0.0 0.001611722 0.0 0.0 0.0 0.0 0.0 0.0]
var_name = Last measurement in raw DN for Processor Board signal “3.3V Voltage”
var_name = voltage_3.3V_bus
Header info = 2041
Transformed value for voltage_3.3V_bus = 3.2895246019999997
Matching row  18
coeffs for Last measurement in raw DN for HVPS Board signal “Detector Voltage”= [0.0 1.4652 0.0 0.0 0.0 0.0 0.0 0.0]
var_name = Last measurement in raw DN for HVPS Board signal “Detector Voltage”
var_name = detector_voltage
Header info = 1367
Transformed value for detector_voltage = 2002.9284
Matching row  18
coeffs for Last measurement in raw DN for HVPS Board signal “Sensor Voltage"= [0.0 1.4652 0.0 0.0 0.0 0.0 0.0 0.0]
var_name = Last measurement in raw DN for HVPS Board signal “Sensor Voltage"
var_name = sensor_voltage
Header info = 2011
Transformed value for sensor_voltage = 2946.5172000000002
Matching row  18
coeffs for Last measurement in raw DN for HVPS Board signal “Target Voltage”= [0.0 1.4652 0.0 0.0 0.0 0.0 0.0 0.0]
var_name = Last measurement in raw DN for HVPS Board signal “Target Voltage”
var_name = target_voltage
Header info = 1709
Transformed value for target_voltage = 2504.0268
Matching row  18
coeffs for Last measurement in raw DN for HVPS Board signal “Reflectron Voltage”= [0.0 1.4652 0.0 0.0 0.0 0.0 0.0 0.0]
var_name = Last measurement in raw DN for HVPS Board signal “Reflectron Voltage”
var_name = reflectron_voltage
Header info = 135
Transformed value for reflectron_voltage = 197.80200000000002
Matching row  18
coeffs for Last measurement in raw DN for HVPS Board signal “Rejection Voltage”= [0.0 1.4652 0.0 0.0 0.0 0.0 0.0 0.0]
var_name = Last measurement in raw DN for HVPS Board signal “Rejection Voltage”
var_name = rejection_voltage
Header info = 2012
Transformed value for rejection_voltage = 2947.9824000000003
Matching row  18
coeffs for Last measurement in raw DN for HVPS Board signal “Detector Current”= [0.0 7.326e-06 0.0 0.0 0.0 0.0 0.0 0.0]
var_name = Last measurement in raw DN for HVPS Board signal “Detector Current”
var_name = current_hvps_sensor
Header info = 1949
Transformed value for current_hvps_sensor = 0.014278374
Matching row  18
coeffs for Last measurement in raw DN for HVPS Board signal “Sensor IP”= [0.0 2.4339e-05 0.0 0.0 0.0 0.0 0.0 0.0]
var_name = Last measurement in raw DN for HVPS Board signal “Sensor IP”
var_name = positive_current_hvps
Header info = 2701
Transformed value for positive_current_hvps = 0.065739639
Matching row  18
coeffs for Last measurement in raw DN for HVPS Board signal “Sensor IN”= [0.0 2.4339e-05 0.0 0.0 0.0 0.0 0.0 0.0]
var_name = Last measurement in raw DN for HVPS Board signal “Sensor IN”
var_name = negative_current_hvps
Header info = 305
Transformed value for negative_current_hvps = 0.007423394999999999
Matching row  18
coeffs for Last measurement in raw DN for LVPS Board signal “P3.3VREF_HK”= [0.0 0.00161172 0.0 0.0 0.0 0.0 0.0 0.0]
var_name = Last measurement in raw DN for LVPS Board signal “P3.3VREF_HK”
var_name = voltage_3V3_ref
Header info = 2048
Transformed value for voltage_3V3_ref = 3.30080256
Matching row  18
coeffs for Last measurement in raw DN for LVPS Board signal “P3.3VREF_OP”= [0.0 0.00161172 0.0 0.0 0.0 0.0 0.0 0.0]
var_name = Last measurement in raw DN for LVPS Board signal “P3.3VREF_OP”
var_name = voltage_3V3_op_ref
Header info = 2048
Transformed value for voltage_3V3_op_ref = 3.30080256
Matching row  18
coeffs for Last measurement in raw DN for LVPS Board signal “N6V”= [-33.0 0.00886447 0.0 0.0 0.0 0.0 0.0 0.0]
var_name = Last measurement in raw DN for LVPS Board signal “N6V”
var_name = voltage_neg6V_bus
Header info = 3002
Transformed value for voltage_neg6V_bus = -6.3888610600000035
Matching row  18
coeffs for Last measurement in raw DN for LVPS Board signal “P6V”= [0.0 0.00241758 0.0 0.0 0.0 0.0 0.0 0.0]
var_name = Last measurement in raw DN for LVPS Board signal “P6V”
var_name = voltage_pos6V_bus
Header info = 2621
Transformed value for voltage_pos6V_bus = 6.33647718
Matching row  18
coeffs for Last measurement in raw DN for LVPS Board signal “P16V”= [0.0 0.00482711 0.0 0.0 0.0 0.0 0.0 0.0]
var_name = Last measurement in raw DN for LVPS Board signal “P16V”
var_name = voltage_pos16V_bus
Header info = 3176
Transformed value for voltage_pos16V_bus = 15.33090136
Matching row  18
coeffs for Last measurement in raw DN for LVPS Board signal “P3.3V”= [0.0 0.00161172 0.0 0.0 0.0 0.0 0.0 0.0]
var_name = Last measurement in raw DN for LVPS Board signal “P3.3V”
var_name = voltage_pos3V3_bus
Header info = 2057
Transformed value for voltage_pos3V3_bus = 3.31530804
Matching row  18
coeffs for Last measurement in raw DN for LVPS Board signal “N5V”= [-33.0 0.00886447 0.0 0.0 0.0 0.0 0.0 0.0]
var_name = Last measurement in raw DN for LVPS Board signal “N5V”
var_name = voltage_neg5V_bus
Header info = 3156
Transformed value for voltage_neg5V_bus = -5.023732680000002
Matching row  18
coeffs for Last measurement in raw DN for LVPS Board signal “P5V”= [0.0 0.00161172 0.0 0.0 0.0 0.0 0.0 0.0]
var_name = Last measurement in raw DN for LVPS Board signal “P5V”
var_name = voltage_pos5V_bus
Header info = 3141
Transformed value for voltage_pos5V_bus = 5.0624125200000005
Matching row  18
coeffs for Last measurement in raw DN for LVPS Board signal “P3.3_IMON”= [0.0 0.00161172 0.0 0.0 0.0 0.0 0.0 0.0]
var_name = Last measurement in raw DN for LVPS Board signal “P3.3_IMON”
var_name = current_3V3_bus
Header info = 1636
Transformed value for current_3V3_bus = 2.63677392
Matching row  18
coeffs for Last measurement in raw DN for LVPS Board signal “P16V_IMON”= [0.0 0.000161172 0.0 0.0 0.0 0.0 0.0 0.0]
var_name = Last measurement in raw DN for LVPS Board signal “P16V_IMON”
var_name = current_16V_bus
Header info = 1171
Transformed value for current_16V_bus = 0.18873241200000002
Matching row  18
coeffs for Last measurement in raw DN for LVPS Board signal “P6V_IMON”= [0.0 8.05861e-05 0.0 0.0 0.0 0.0 0.0 0.0]
var_name = Last measurement in raw DN for LVPS Board signal “P6V_IMON”
var_name = current_6V_bus
Header info = 1515
Transformed value for current_6V_bus = 0.12208794149999999
Matching row  18
coeffs for Last measurement in raw DN for LVPS Board signal “N6V_IMON”= [0.0 -8.05861e-05 0.0 0.0 0.0 0.0 0.0 0.0]
var_name = Last measurement in raw DN for LVPS Board signal “N6V_IMON”
var_name = current_neg6V_bus
Header info = 1171
Transformed value for current_neg6V_bus = -0.0943663231
Matching row  18
coeffs for Last measurement in raw DN for LVPS Board signal “P5V_IMON”= [0.0 4.029304e-05 0.0 0.0 0.0 0.0 0.0 0.0]
var_name = Last measurement in raw DN for LVPS Board signal “P5V_IMON”
var_name = current_5V_bus
Header info = 1935
Transformed value for current_5V_bus = 0.0779670324
Matching row  18
coeffs for Last measurement in raw DN for LVPS Board signal “N5V_IMON”= [0.0 -2.01465e-05 0.0 0.0 0.0 0.0 0.0 0.0]
var_name = Last measurement in raw DN for LVPS Board signal “N5V_IMON”
var_name = current_neg5V_bus
Header info = 3443
Transformed value for current_neg5V_bus = -0.0693643995
Matching row  18
coeffs for Last measurement in raw DN for LVPS Board signal “P2.5V_IMON”= [0.0 0.00161172 0.0 0.0 0.0 0.0 0.0 0.0]
var_name = Last measurement in raw DN for LVPS Board signal “P2.5V_IMON”
var_name = current_2V5_bus
Header info = 457
Transformed value for current_2V5_bus = 0.7365560400000001
Matching row  18
coeffs for Last measurement in raw DN for LVPS Board signal “N2.5V_IMON”= [0.0 -4.0293e-05 0.0 0.0 0.0 0.0 0.0 0.0]
var_name = Last measurement in raw DN for LVPS Board signal “N2.5V_IMON”
var_name = current_neg2V5_bus
Header info = 2935
Transformed value for current_neg2V5_bus = -0.118259955
Matching row  18
coeffs for Last measurement in raw DN for LVPS Board signal “THERM_DECON0”= [-110.293 0.0665351 0.000305738 -6.32048e-07 5.9934e-10 -2.98784e-13
 7.61361e-17 -7.76467e-21]
var_name = Last measurement in raw DN for LVPS Board signal “THERM_DECON0”
var_name = None
KeyError: (15, None) - Could not find entry for None, 38. Please check the Var_notes or variable mapping.
Matching row  18
coeffs for Last measurement in raw DN for LVPS Board signal “THERM_DECON1”= [-150.478 0.376986 -0.00062072 7.73853e-07 -5.81588e-10 2.56368e-13
 -6.05698e-17 5.96635e-21]
var_name = Last measurement in raw DN for LVPS Board signal “THERM_DECON1”
var_name = None
KeyError: (15, None) - Could not find entry for None, 39. Please check the Var_notes or variable mapping.
Matching row  18
coeffs for Last measurement in raw DN for LVPS Board signal “THERM_DAB”= [-443.248 1.31224 -0.00180422 1.40016e-06 -6.43766e-10 1.7448e-13
 -2.57695e-17 1.60239e-21]
var_name = Last measurement in raw DN for LVPS Board signal “THERM_DAB”
var_name = None
KeyError: (15, None) - Could not find entry for None, 40. Please check the Var_notes or variable mapping.
Matching row  18
coeffs for Last measurement in raw DN for LVPS Board signal “THERM_LVPS”= [200.4137 -0.2020699 0.000175403 -9.739547e-08 2.888932e-11 -3.545603e-15
 0.0 0.0]
var_name = Last measurement in raw DN for LVPS Board signal “THERM_LVPS”
var_name = None
KeyError: (15, None) - Could not find entry for None, 41. Please check the Var_notes or variable mapping.
Matching row  18
coeffs for Last measurement in raw DN for LVPS Board signal “THERM_HVPS”= [200.4137 -0.2020699 0.000175403 -9.739547e-08 2.888932e-11 -3.545603e-15
 0.0 0.0]
var_name = Last measurement in raw DN for LVPS Board signal “THERM_HVPS”
var_name = None
KeyError: (15, None) - Could not find entry for None, 45. Please check the Var_notes or variable mapping.
Matching row  18
coeffs for Last measurement in raw DN for LVPS Board signal “P2.5V”= [0.0 0.00161172 0.0 0.0 0.0 0.0 0.0 0.0]
var_name = Last measurement in raw DN for LVPS Board signal “P2.5V”
var_name = None
KeyError: (15, None) - Could not find entry for None, 49. Please check the Var_notes or variable mapping.
Matching row  18
coeffs for Last measurement in raw DN for LVPS Board signal “N2.5V”= [-33.0 0.00886447 0.0 0.0 0.0 0.0 0.0 0.0]
var_name = Last measurement in raw DN for LVPS Board signal “N2.5V”
var_name = None
KeyError: (15, None) - Could not find entry for None, 50. Please check the Var_notes or variable mapping.
Matching row  18
coeffs for Last measurement in raw DN for LVPS Board signal “Spare”= [0.0 0.00161172 0.0 0.0 0.0 0.0 0.0 0.0]
var_name = Last measurement in raw DN for LVPS Board signal “Spare”
var_name = spare_signal
KeyError: (15, 'spare_signal') - Could not find entry for spare_signal, 51. Please check the Var_notes or variable mapping.
High gain delay = 42 samples.
Mid gain delay = 7 samples.
Low gain delay = 7 samples.
High sampling trigger mode =  0 0 1
High gain trigger mode enabled.
For 2222981120, HG Trigger level = 0.15317, sample settings = 0, 0
Threshold trigger mode enabled for high gain channel.
AID = 2415008032
Event number = 14
Rice compression enabled = False
Timestamp = 429138178.20502 seconds since epoch (Midnight January 1st, 2010)
Trigger time = 2023-08-07T21:02:58.205020Z
15
15
15
15
15
15
15
15
15
15
15
15
15
{'SHCOARSE': ParsedDataItem(SHCOARSE, raw=429139365, derived=429139365, unit=dn), 'SHFINE': ParsedDataItem(SHFINE, raw=7088, derived=7088, unit=dn), 'IDX__SCI0AID': ParsedDataItem(IDX__SCI0AID, raw=2415008032, derived=2415008032, unit=None), 'IDX__SCI0TYPE': ParsedDataItem(IDX__SCI0TYPE, raw=1, derived=1, unit=None), 'IDX__SCI0CONT': ParsedDataItem(IDX__SCI0CONT, raw=127, derived=127, unit=None), 'IDX__SCI0SPARE1': ParsedDataItem(IDX__SCI0SPARE1, raw=0, derived=0, unit=None), 'IDX__SCI0PACK': ParsedDataItem(IDX__SCI0PACK, raw=1, derived=EN, unit=None), 'IDX__SCI0FRAG': ParsedDataItem(IDX__SCI0FRAG, raw=0, derived=DS, unit=None), 'IDX__SCI0COMP': ParsedDataItem(IDX__SCI0COMP, raw=0, derived=DS, unit=None), 'IDX__SCI0EVTNUM': ParsedDataItem(IDX__SCI0EVTNUM, raw=15, derived=15, unit=None), 'IDX__SCI0CAT': ParsedDataItem(IDX__SCI0CAT, raw=32, derived=32, unit=None), 'IDX__SCI0QUAL': ParsedDataItem(IDX__SCI0QUAL, raw=5, derived=5, unit=None), 'IDX__SCI0FRAGOFF': ParsedDataItem(IDX__SCI0FRAGOFF, raw=0, derived=0, unit=None), 'IDX__SCI0VER': ParsedDataItem(IDX__SCI0VER, raw=9, derived=9, unit=None), 'IDX__SCI0TIME32': ParsedDataItem(IDX__SCI0TIME32, raw=429138187, derived=429138187, unit=None), 'IDX__SCI0SPARE2': ParsedDataItem(IDX__SCI0SPARE2, raw=0, derived=0, unit=None), 'IDX__SCI0SPARE3': ParsedDataItem(IDX__SCI0SPARE3, raw=0, derived=0, unit=None), 'IDX__SCI0SPARE4': ParsedDataItem(IDX__SCI0SPARE4, raw=0, derived=0, unit=None), 'IDX__TXHDRSCIEVTLEN': ParsedDataItem(IDX__TXHDRSCIEVTLEN, raw=8320, derived=8320, unit=None), 'IDX__TXHDRSP00': ParsedDataItem(IDX__TXHDRSP00, raw=0, derived=0, unit=None), 'IDX__TXHDRTIMESEC1': ParsedDataItem(IDX__TXHDRTIMESEC1, raw=6548, derived=6548, unit=None), 'IDX__TXHDRTIMESEC2': ParsedDataItem(IDX__TXHDRTIMESEC2, raw=8459, derived=8459, unit=None), 'IDX__TXHDRTIMESUBS': ParsedDataItem(IDX__TXHDRTIMESUBS, raw=14072, derived=14072, unit=None), 'IDX__TXHDRSP01': ParsedDataItem(IDX__TXHDRSP01, raw=0, derived=0, unit=None), 'IDX__TXHDRTRIGOFFSET': ParsedDataItem(IDX__TXHDRTRIGOFFSET, raw=6, derived=6, unit=None), 'IDX__TXHDRSP02': ParsedDataItem(IDX__TXHDRSP02, raw=0, derived=0, unit=None), 'IDX__TXHDRTRIGID': ParsedDataItem(IDX__TXHDRTRIGID, raw=1, derived=1, unit=None), 'IDX__TXHDREVTNUM': ParsedDataItem(IDX__TXHDREVTNUM, raw=15, derived=15, unit=None), 'IDX__TXHDRBLOCKS': ParsedDataItem(IDX__TXHDRBLOCKS, raw=243679, derived=243679, unit=None), 'IDX__TXHDRHGTRIGCTRL1': ParsedDataItem(IDX__TXHDRHGTRIGCTRL1, raw=2222981120, derived=2222981120, unit=None), 'IDX__TXHDRHGTRIGCTRL2': ParsedDataItem(IDX__TXHDRHGTRIGCTRL2, raw=0, derived=0, unit=None), 'IDX__TXHDRLGTRIGCTRL1': ParsedDataItem(IDX__TXHDRLGTRIGCTRL1, raw=4294965248, derived=4294965248, unit=None), 'IDX__TXHDRLGTRIGCTRL2': ParsedDataItem(IDX__TXHDRLGTRIGCTRL2, raw=4278255360, derived=4278255360, unit=None), 'IDX__TXHDRMGTRIGCTRL1': ParsedDataItem(IDX__TXHDRMGTRIGCTRL1, raw=4294965248, derived=4294965248, unit=None), 'IDX__TXHDRMGTRIGCTRL2': ParsedDataItem(IDX__TXHDRMGTRIGCTRL2, raw=4278255360, derived=4278255360, unit=None), 'IDX__TXHDRSP03': ParsedDataItem(IDX__TXHDRSP03, raw=0, derived=0, unit=None), 'IDX__TXHDRLSADC': ParsedDataItem(IDX__TXHDRLSADC, raw=1048320, derived=1048320, unit=None), 'IDX__TXHDRPOLSTAT': ParsedDataItem(IDX__TXHDRPOLSTAT, raw=1, derived=NEG, unit=None), 'IDX__TXHDRSP04': ParsedDataItem(IDX__TXHDRSP04, raw=0, derived=0, unit=None), 'IDX__TXHDRPOLCTRL': ParsedDataItem(IDX__TXHDRPOLCTRL, raw=0, derived=POS, unit=None), 'IDX__TXHDRCOINENA': ParsedDataItem(IDX__TXHDRCOINENA, raw=0, derived=DIS, unit=None), 'IDX__TXHDRLSTRIGMODE': ParsedDataItem(IDX__TXHDRLSTRIGMODE, raw=0, derived=DIS, unit=None), 'IDX__TXHDRMGTRIGMODE': ParsedDataItem(IDX__TXHDRMGTRIGMODE, raw=0, derived=0, unit=None), 'IDX__TXHDRLGTRIGMODE': ParsedDataItem(IDX__TXHDRLGTRIGMODE, raw=0, derived=0, unit=None), 'IDX__TXHDRHGTRIGMODE': ParsedDataItem(IDX__TXHDRHGTRIGMODE, raw=1, derived=1, unit=None), 'IDX__TXHDRSP05': ParsedDataItem(IDX__TXHDRSP05, raw=0, derived=0, unit=None), 'IDX__TXHDRSP06': ParsedDataItem(IDX__TXHDRSP06, raw=0, derived=0, unit=None), 'IDX__TXHDRSP07': ParsedDataItem(IDX__TXHDRSP07, raw=2018, derived=2018, unit=None), 'IDX__TXHDRSP08': ParsedDataItem(IDX__TXHDRSP08, raw=0, derived=0, unit=None), 'IDX__TXHDRTOFMAX': ParsedDataItem(IDX__TXHDRTOFMAX, raw=541596196, derived=541596196, unit=None), 'IDX__TXHDRTOFMIN': ParsedDataItem(IDX__TXHDRTOFMIN, raw=535295476, derived=535295476, unit=None), 'IDX__TXHDRLS0MAXMIN': ParsedDataItem(IDX__TXHDRLS0MAXMIN, raw=8529919, derived=8529919, unit=None), 'IDX__TXHDRLS1MAXMIN': ParsedDataItem(IDX__TXHDRLS1MAXMIN, raw=9221916, derived=9221916, unit=None), 'IDX__TXHDRLS2MAXMIN': ParsedDataItem(IDX__TXHDRLS2MAXMIN, raw=8370145, derived=8370145, unit=None), 'IDX__TXHDRFIFODELAY': ParsedDataItem(IDX__TXHDRFIFODELAY, raw=15, derived=15, unit=None), 'IDX__TXHDRSAMPDELAY': ParsedDataItem(IDX__TXHDRSAMPDELAY, raw=49331277, derived=49331277, unit=None), 'IDX__TXHDRTRANSCNT': ParsedDataItem(IDX__TXHDRTRANSCNT, raw=2, derived=2, unit=None), 'IDX__TXHDRPROCHKCH01': ParsedDataItem(IDX__TXHDRPROCHKCH01, raw=83231471, derived=83231471, unit=None), 'IDX__TXHDRPROCHKCH23': ParsedDataItem(IDX__TXHDRPROCHKCH23, raw=137037424, derived=137037424, unit=None), 'IDX__TXHDRPROCHKCH45': ParsedDataItem(IDX__TXHDRPROCHKCH45, raw=175047899, derived=175047899, unit=None), 'IDX__TXHDRPROCHKCH67': ParsedDataItem(IDX__TXHDRPROCHKCH67, raw=133761306, derived=133761306, unit=None), 'IDX__TXHDRHVPSHKCH01': ParsedDataItem(IDX__TXHDRHVPSHKCH01, raw=131794263, derived=131794263, unit=None), 'IDX__TXHDRHVPSHKCH23': ParsedDataItem(IDX__TXHDRHVPSHKCH23, raw=8849069, derived=8849069, unit=None), 'IDX__TXHDRHVPSHKCH45': ParsedDataItem(IDX__TXHDRHVPSHKCH45, raw=127731676, derived=127731676, unit=None), 'IDX__TXHDRHVPSHKCH67': ParsedDataItem(IDX__TXHDRHVPSHKCH67, raw=19925645, derived=19925645, unit=None), 'IDX__TXHDRLVHK0CH01': ParsedDataItem(IDX__TXHDRLVHK0CH01, raw=134219776, derived=134219776, unit=None), 'IDX__TXHDRLVHK0CH23': ParsedDataItem(IDX__TXHDRLVHK0CH23, raw=171772858, derived=171772858, unit=None), 'IDX__TXHDRLVHK0CH45': ParsedDataItem(IDX__TXHDRLVHK0CH45, raw=134810728, derived=134810728, unit=None), 'IDX__TXHDRLVHK0CH67': ParsedDataItem(IDX__TXHDRLVHK0CH67, raw=205851732, derived=205851732, unit=None), 'IDX__TXHDRLVHK1CH01': ParsedDataItem(IDX__TXHDRLVHK1CH01, raw=33293925, derived=33293925, unit=None), 'IDX__TXHDRLVHK1CH23': ParsedDataItem(IDX__TXHDRLVHK1CH23, raw=76744171, derived=76744171, unit=None), 'IDX__TXHDRLVHK1CH45': ParsedDataItem(IDX__TXHDRLVHK1CH45, raw=225642383, derived=225642383, unit=None), 'IDX__TXHDRLVHK1CH67': ParsedDataItem(IDX__TXHDRLVHK1CH67, raw=192348617, derived=192348617, unit=None), 'IDX__TXHDRLVHK2CH01': ParsedDataItem(IDX__TXHDRLVHK2CH01, raw=80807126, derived=80807126, unit=None), 'IDX__TXHDRLVHK2CH23': ParsedDataItem(IDX__TXHDRLVHK2CH23, raw=210242111, derived=210242111, unit=None), 'IDX__TXHDRLVHK2CH45': ParsedDataItem(IDX__TXHDRLVHK2CH45, raw=101059905, derived=101059905, unit=None), 'IDX__TXHDRLVHK2CH67': ParsedDataItem(IDX__TXHDRLVHK2CH67, raw=69017, derived=69017, unit=None), 'IDX__TXHDRSP09': ParsedDataItem(IDX__TXHDRSP09, raw=0, derived=0, unit=None), 'IDX__TXHDRSP10': ParsedDataItem(IDX__TXHDRSP10, raw=0, derived=0, unit=None), 'IDX__TXHDRFSWAIDCOPY': ParsedDataItem(IDX__TXHDRFSWAIDCOPY, raw=2415008032, derived=2415008032, unit=None), 'IDX__TXHDRFSWBINCOPY': ParsedDataItem(IDX__TXHDRFSWBINCOPY, raw=0, derived=0, unit=None), 'IDX__TXHDRFSWMAJOR': ParsedDataItem(IDX__TXHDRFSWMAJOR, raw=2, derived=2, unit=None), 'IDX__TXHDRFSWMINOR': ParsedDataItem(IDX__TXHDRFSWMINOR, raw=0, derived=0, unit=None), 'IDX__TXHDRFSWPATCH': ParsedDataItem(IDX__TXHDRFSWPATCH, raw=0, derived=0, unit=None), 'IDX__TXHDRFSWHVSTAT': ParsedDataItem(IDX__TXHDRFSWHVSTAT, raw=3, derived=3, unit=None), 'IDX__TXHDRFSWMEM0': ParsedDataItem(IDX__TXHDRFSWMEM0, raw=0, derived=0, unit=None), 'IDX__TXHDRFSWMEM1': ParsedDataItem(IDX__TXHDRFSWMEM1, raw=0, derived=0, unit=None), 'IDX__TXHDRFSWPT0': ParsedDataItem(IDX__TXHDRFSWPT0, raw=0, derived=0, unit=None), 'IDX__TXHDRFSWPT1': ParsedDataItem(IDX__TXHDRFSWPT1, raw=0, derived=0, unit=None), 'IDX__TXHDRFSWPT2': ParsedDataItem(IDX__TXHDRFSWPT2, raw=0, derived=0, unit=None), 'IDX__TXHDRFSWPT3': ParsedDataItem(IDX__TXHDRFSWPT3, raw=0, derived=0, unit=None), 'IDX__TXHDRFSWPT4': ParsedDataItem(IDX__TXHDRFSWPT4, raw=0, derived=0, unit=None), 'IDX__TXHDRFSWPT5': ParsedDataItem(IDX__TXHDRFSWPT5, raw=0, derived=0, unit=None), 'IDX__TXHDRFSWPT6': ParsedDataItem(IDX__TXHDRFSWPT6, raw=0, derived=0, unit=None), 'IDX__TXHDRFSWPT7': ParsedDataItem(IDX__TXHDRFSWPT7, raw=0, derived=0, unit=None), 'IDX__TXHDRFSWPT8': ParsedDataItem(IDX__TXHDRFSWPT8, raw=0, derived=0, unit=None), 'IDX__TXHDRFSWPT9': ParsedDataItem(IDX__TXHDRFSWPT9, raw=0, derived=0, unit=None), 'IDX__TXHDRFPGAVER': ParsedDataItem(IDX__TXHDRFPGAVER, raw=539165480, derived=539165480, unit=None), 'IDX__SYNCSCI0PKT': ParsedDataItem(IDX__SYNCSCI0PKT, raw=13107, derived=13107, unit=None), 'IDX__CRCSCI0PKT': ParsedDataItem(IDX__CRCSCI0PKT, raw=26751, derived=26751, unit=None)}
SHCOARSE = 429139365
SHFINE = 7088
IDX__SCI0AID = 2415008032
IDX__SCI0TYPE = 1
IDX__SCI0CONT = 127
IDX__SCI0SPARE1 = 0
IDX__SCI0PACK = EN
IDX__SCI0FRAG = DS
IDX__SCI0COMP = DS
IDX__SCI0EVTNUM = 15
IDX__SCI0CAT = 32
IDX__SCI0QUAL = 5
IDX__SCI0FRAGOFF = 0
IDX__SCI0VER = 9
IDX__SCI0TIME32 = 429138187
IDX__SCI0SPARE2 = 0
IDX__SCI0SPARE3 = 0
IDX__SCI0SPARE4 = 0
IDX__TXHDRSCIEVTLEN = 8320
IDX__TXHDRSP00 = 0
IDX__TXHDRTIMESEC1 = 6548
IDX__TXHDRTIMESEC2 = 8459
IDX__TXHDRTIMESUBS = 14072
IDX__TXHDRSP01 = 0
IDX__TXHDRTRIGOFFSET = 6
IDX__TXHDRSP02 = 0
IDX__TXHDRTRIGID = 1
IDX__TXHDREVTNUM = 15
IDX__TXHDRBLOCKS = 243679
IDX__TXHDRHGTRIGCTRL1 = 2222981120
IDX__TXHDRHGTRIGCTRL2 = 0
IDX__TXHDRLGTRIGCTRL1 = 4294965248
IDX__TXHDRLGTRIGCTRL2 = 4278255360
IDX__TXHDRMGTRIGCTRL1 = 4294965248
IDX__TXHDRMGTRIGCTRL2 = 4278255360
IDX__TXHDRSP03 = 0
IDX__TXHDRLSADC = 1048320
IDX__TXHDRPOLSTAT = NEG
IDX__TXHDRSP04 = 0
IDX__TXHDRPOLCTRL = POS
IDX__TXHDRCOINENA = DIS
IDX__TXHDRLSTRIGMODE = DIS
IDX__TXHDRMGTRIGMODE = 0
IDX__TXHDRLGTRIGMODE = 0
IDX__TXHDRHGTRIGMODE = 1
IDX__TXHDRSP05 = 0
IDX__TXHDRSP06 = 0
IDX__TXHDRSP07 = 2018
IDX__TXHDRSP08 = 0
IDX__TXHDRTOFMAX = 541596196
IDX__TXHDRTOFMIN = 535295476
IDX__TXHDRLS0MAXMIN = 8529919
IDX__TXHDRLS1MAXMIN = 9221916
IDX__TXHDRLS2MAXMIN = 8370145
IDX__TXHDRFIFODELAY = 15
IDX__TXHDRSAMPDELAY = 49331277
IDX__TXHDRTRANSCNT = 2
IDX__TXHDRPROCHKCH01 = 83231471
IDX__TXHDRPROCHKCH23 = 137037424
IDX__TXHDRPROCHKCH45 = 175047899
IDX__TXHDRPROCHKCH67 = 133761306
IDX__TXHDRHVPSHKCH01 = 131794263
IDX__TXHDRHVPSHKCH23 = 8849069
IDX__TXHDRHVPSHKCH45 = 127731676
IDX__TXHDRHVPSHKCH67 = 19925645
IDX__TXHDRLVHK0CH01 = 134219776
IDX__TXHDRLVHK0CH23 = 171772858
IDX__TXHDRLVHK0CH45 = 134810728
IDX__TXHDRLVHK0CH67 = 205851732
IDX__TXHDRLVHK1CH01 = 33293925
IDX__TXHDRLVHK1CH23 = 76744171
IDX__TXHDRLVHK1CH45 = 225642383
IDX__TXHDRLVHK1CH67 = 192348617
IDX__TXHDRLVHK2CH01 = 80807126
IDX__TXHDRLVHK2CH23 = 210242111
IDX__TXHDRLVHK2CH45 = 101059905
IDX__TXHDRLVHK2CH67 = 69017
IDX__TXHDRSP09 = 0
IDX__TXHDRSP10 = 0
IDX__TXHDRFSWAIDCOPY = 2415008032
IDX__TXHDRFSWBINCOPY = 0
IDX__TXHDRFSWMAJOR = 2
IDX__TXHDRFSWMINOR = 0
IDX__TXHDRFSWPATCH = 0
IDX__TXHDRFSWHVSTAT = 3
IDX__TXHDRFSWMEM0 = 0
IDX__TXHDRFSWMEM1 = 0
IDX__TXHDRFSWPT0 = 0
IDX__TXHDRFSWPT1 = 0
IDX__TXHDRFSWPT2 = 0
IDX__TXHDRFSWPT3 = 0
IDX__TXHDRFSWPT4 = 0
IDX__TXHDRFSWPT5 = 0
IDX__TXHDRFSWPT6 = 0
IDX__TXHDRFSWPT7 = 0
IDX__TXHDRFSWPT8 = 0
IDX__TXHDRFSWPT9 = 0
IDX__TXHDRFPGAVER = 539165480
IDX__SYNCSCI0PKT = 13107
IDX__CRCSCI0PKT = 26751
^*****Event header 16******^
EVTNUM: 16
SCI0TYPE: 1
TXHDRBLOCKS RAW: 243679
TXHDRBLOCKS DERIVED: 243679
-----
HS pre trig sampling blocks:  31
LS pre trig sampling blocks:  3
HS post trig sampling blocks:  31
LS post trig sampling blocks:  11
IDX__TXHDRHVPSHKCH01 = 131794263
Detector voltage =  1367
Sensor voltage =  2011
Target voltage =  1709
Reflectron voltage =  135
Rejection voltage =  2012
Current for HVPS sensor =  1949
Positive current for HVPS sensor =  2701
Negative current for HVPS sensor =  304
Voltage +3.3V reference =  2048
Voltage +3.3V operational reference =  2048
Voltage -6V bus =  3002
Voltage +6V bus =  2621
Voltage +16V bus =  3176
Voltage +3.3V bus =  2057
Voltage -5V bus =  3156
Voltage +5V bus =  3141
Current +3.3V bus =  1637
Current +16V bus =  1171
Current +6V bus =  1515
Current -6V bus =  1171
Current +5V bus =  1935
Current -5V bus =  3443
Current +2.5V bus =  457
Current -2.5V bus =  2935
Current on the 1V POL =  751
Current on the 1.9V POL =  1270
ProcBd Temperature 1 =  1648
ProcBd Temperature 2 =  2091
Voltage on 1V bus =  1243
FPGA Temperature =  2671
Voltage on 1.9V bus =  2330
Voltage on 3.3V bus =  2041
var_to_row = {'Last measurement in raw DN for Processor Board signal “1V POL Current”': 0, 'Last measurement in raw DN for Processor Board signal “1.9V POL Current”': 1, 'Last measurement in raw DN for Processor Board signal “ProcBd Temp1”': 2, nan: 48, 'Last measurement in raw DN for Processor Board signal “ProcBd Temp2”': 6, 'Last measurement in raw DN for Processor Board signal “1V Voltage”': 10, 'Last measurement in raw DN for Processor Board signal “FPGA Temp”': 11, 'Last measurement in raw DN for Processor Board signal “1.9V Voltage”': 12, 'Last measurement in raw DN for Processor Board signal “3.3V Voltage”': 13, 'Last measurement in raw DN for HVPS Board signal “Detector Voltage”': 14, 'Last measurement in raw DN for HVPS Board signal “Sensor Voltage"': 15, 'Last measurement in raw DN for HVPS Board signal “Target Voltage”': 16, 'Last measurement in raw DN for HVPS Board signal “Reflectron Voltage”': 17, 'Last measurement in raw DN for HVPS Board signal “Rejection Voltage”': 18, 'Last measurement in raw DN for HVPS Board signal “Detector Current”': 19, 'Last measurement in raw DN for HVPS Board signal “Sensor IP”': 20, 'Last measurement in raw DN for HVPS Board signal “Sensor IN”': 21, 'Last measurement in raw DN for LVPS Board signal “P3.3VREF_HK”': 22, 'Last measurement in raw DN for LVPS Board signal “P3.3VREF_OP”': 23, 'Last measurement in raw DN for LVPS Board signal “N6V”': 24, 'Last measurement in raw DN for LVPS Board signal “P6V”': 25, 'Last measurement in raw DN for LVPS Board signal “P16V”': 26, 'Last measurement in raw DN for LVPS Board signal “P3.3V”': 27, 'Last measurement in raw DN for LVPS Board signal “N5V”': 28, 'Last measurement in raw DN for LVPS Board signal “P5V”': 29, 'Last measurement in raw DN for LVPS Board signal “P3.3_IMON”': 30, 'Last measurement in raw DN for LVPS Board signal “P16V_IMON”': 31, 'Last measurement in raw DN for LVPS Board signal “P6V_IMON”': 32, 'Last measurement in raw DN for LVPS Board signal “N6V_IMON”': 33, 'Last measurement in raw DN for LVPS Board signal “P5V_IMON”': 34, 'Last measurement in raw DN for LVPS Board signal “N5V_IMON”': 35, 'Last measurement in raw DN for LVPS Board signal “P2.5V_IMON”': 36, 'Last measurement in raw DN for LVPS Board signal “N2.5V_IMON”': 37, 'Last measurement in raw DN for LVPS Board signal “THERM_DECON0”': 38, 'Last measurement in raw DN for LVPS Board signal “THERM_DECON1”': 39, 'Last measurement in raw DN for LVPS Board signal “THERM_DAB”': 40, 'Last measurement in raw DN for LVPS Board signal “THERM_LVPS”': 41, 'Last measurement in raw DN for LVPS Board signal “THERM_HVPS”': 45, 'Last measurement in raw DN for LVPS Board signal “P2.5V”': 49, 'Last measurement in raw DN for LVPS Board signal “N2.5V”': 50, 'Last measurement in raw DN for LVPS Board signal “Spare”': 51}

 
 ***** var_name being converted for each instrument setting ***** 
 

Matching row  18
coeffs for Last measurement in raw DN for Processor Board signal “1V POL Current”= [0.0 0.9029253 0.0 0.0 0.0 0.0 0.0 0.0]
var_name = Last measurement in raw DN for Processor Board signal “1V POL Current”
var_name = current_1V_pol
Header info = 751
Transformed value for current_1V_pol = 678.0969003
Matching row  18
coeffs for Last measurement in raw DN for Processor Board signal “1.9V POL Current”= [0.0 0.9029253 0.0 0.0 0.0 0.0 0.0 0.0]
var_name = Last measurement in raw DN for Processor Board signal “1.9V POL Current”
var_name = current_1.9V_pol
Header info = 1270
Transformed value for current_1.9V_pol = 1146.7151310000002
Matching row  18
coeffs for Last measurement in raw DN for Processor Board signal “ProcBd Temp1”= [162.8276 -0.2668687 0.0003323794 -2.43153e-07 9.034532e-11 -1.327735e-14
 0.0 0.0]
var_name = Last measurement in raw DN for Processor Board signal “ProcBd Temp1”
var_name = temperature_1
Header info = 1648
Transformed value for temperature_1 = 42.43344435983809
Matching row  18
coeffs for nan= [-104713.9 52.02446 -0.006463374 0.0 0.0 0.0 0.0 0.0]
var_name = nan
var_name = None
KeyError: (16, None) - Could not find entry for None, 48. Please check the Var_notes or variable mapping.
Matching row  18
coeffs for Last measurement in raw DN for Processor Board signal “ProcBd Temp2”= [162.8276 -0.2668687 0.0003323794 -2.43153e-07 9.034532e-11 -1.327735e-14
 0.0 0.0]
var_name = Last measurement in raw DN for Processor Board signal “ProcBd Temp2”
var_name = temperature_2
Header info = 2091
Transformed value for temperature_2 = 31.427113496824063
Matching row  18
coeffs for Last measurement in raw DN for Processor Board signal “1V Voltage”= [0.0 0.000805861 0.0 0.0 0.0 0.0 0.0 0.0]
var_name = Last measurement in raw DN for Processor Board signal “1V Voltage”
var_name = voltage_1V_bus
Header info = 1243
Transformed value for voltage_1V_bus = 1.001685223
Matching row  18
coeffs for Last measurement in raw DN for Processor Board signal “FPGA Temp”= [358.31 -0.1187104 0.0 0.0 0.0 0.0 0.0 0.0]
var_name = Last measurement in raw DN for Processor Board signal “FPGA Temp”
var_name = fpga_temperature
Header info = 2671
Transformed value for fpga_temperature = 41.234521599999994
Matching row  18
coeffs for Last measurement in raw DN for Processor Board signal “1.9V Voltage”= [0.0 0.000805861 0.0 0.0 0.0 0.0 0.0 0.0]
var_name = Last measurement in raw DN for Processor Board signal “1.9V Voltage”
var_name = voltage_1.9V_bus
Header info = 2330
Transformed value for voltage_1.9V_bus = 1.8776561299999999
Matching row  18
coeffs for Last measurement in raw DN for Processor Board signal “3.3V Voltage”= [0.0 0.001611722 0.0 0.0 0.0 0.0 0.0 0.0]
var_name = Last measurement in raw DN for Processor Board signal “3.3V Voltage”
var_name = voltage_3.3V_bus
Header info = 2041
Transformed value for voltage_3.3V_bus = 3.2895246019999997
Matching row  18
coeffs for Last measurement in raw DN for HVPS Board signal “Detector Voltage”= [0.0 1.4652 0.0 0.0 0.0 0.0 0.0 0.0]
var_name = Last measurement in raw DN for HVPS Board signal “Detector Voltage”
var_name = detector_voltage
Header info = 1367
Transformed value for detector_voltage = 2002.9284
Matching row  18
coeffs for Last measurement in raw DN for HVPS Board signal “Sensor Voltage"= [0.0 1.4652 0.0 0.0 0.0 0.0 0.0 0.0]
var_name = Last measurement in raw DN for HVPS Board signal “Sensor Voltage"
var_name = sensor_voltage
Header info = 2011
Transformed value for sensor_voltage = 2946.5172000000002
Matching row  18
coeffs for Last measurement in raw DN for HVPS Board signal “Target Voltage”= [0.0 1.4652 0.0 0.0 0.0 0.0 0.0 0.0]
var_name = Last measurement in raw DN for HVPS Board signal “Target Voltage”
var_name = target_voltage
Header info = 1709
Transformed value for target_voltage = 2504.0268
Matching row  18
coeffs for Last measurement in raw DN for HVPS Board signal “Reflectron Voltage”= [0.0 1.4652 0.0 0.0 0.0 0.0 0.0 0.0]
var_name = Last measurement in raw DN for HVPS Board signal “Reflectron Voltage”
var_name = reflectron_voltage
Header info = 135
Transformed value for reflectron_voltage = 197.80200000000002
Matching row  18
coeffs for Last measurement in raw DN for HVPS Board signal “Rejection Voltage”= [0.0 1.4652 0.0 0.0 0.0 0.0 0.0 0.0]
var_name = Last measurement in raw DN for HVPS Board signal “Rejection Voltage”
var_name = rejection_voltage
Header info = 2012
Transformed value for rejection_voltage = 2947.9824000000003
Matching row  18
coeffs for Last measurement in raw DN for HVPS Board signal “Detector Current”= [0.0 7.326e-06 0.0 0.0 0.0 0.0 0.0 0.0]
var_name = Last measurement in raw DN for HVPS Board signal “Detector Current”
var_name = current_hvps_sensor
Header info = 1949
Transformed value for current_hvps_sensor = 0.014278374
Matching row  18
coeffs for Last measurement in raw DN for HVPS Board signal “Sensor IP”= [0.0 2.4339e-05 0.0 0.0 0.0 0.0 0.0 0.0]
var_name = Last measurement in raw DN for HVPS Board signal “Sensor IP”
var_name = positive_current_hvps
Header info = 2701
Transformed value for positive_current_hvps = 0.065739639
Matching row  18
coeffs for Last measurement in raw DN for HVPS Board signal “Sensor IN”= [0.0 2.4339e-05 0.0 0.0 0.0 0.0 0.0 0.0]
var_name = Last measurement in raw DN for HVPS Board signal “Sensor IN”
var_name = negative_current_hvps
Header info = 304
Transformed value for negative_current_hvps = 0.007399055999999999
Matching row  18
coeffs for Last measurement in raw DN for LVPS Board signal “P3.3VREF_HK”= [0.0 0.00161172 0.0 0.0 0.0 0.0 0.0 0.0]
var_name = Last measurement in raw DN for LVPS Board signal “P3.3VREF_HK”
var_name = voltage_3V3_ref
Header info = 2048
Transformed value for voltage_3V3_ref = 3.30080256
Matching row  18
coeffs for Last measurement in raw DN for LVPS Board signal “P3.3VREF_OP”= [0.0 0.00161172 0.0 0.0 0.0 0.0 0.0 0.0]
var_name = Last measurement in raw DN for LVPS Board signal “P3.3VREF_OP”
var_name = voltage_3V3_op_ref
Header info = 2048
Transformed value for voltage_3V3_op_ref = 3.30080256
Matching row  18
coeffs for Last measurement in raw DN for LVPS Board signal “N6V”= [-33.0 0.00886447 0.0 0.0 0.0 0.0 0.0 0.0]
var_name = Last measurement in raw DN for LVPS Board signal “N6V”
var_name = voltage_neg6V_bus
Header info = 3002
Transformed value for voltage_neg6V_bus = -6.3888610600000035
Matching row  18
coeffs for Last measurement in raw DN for LVPS Board signal “P6V”= [0.0 0.00241758 0.0 0.0 0.0 0.0 0.0 0.0]
var_name = Last measurement in raw DN for LVPS Board signal “P6V”
var_name = voltage_pos6V_bus
Header info = 2621
Transformed value for voltage_pos6V_bus = 6.33647718
Matching row  18
coeffs for Last measurement in raw DN for LVPS Board signal “P16V”= [0.0 0.00482711 0.0 0.0 0.0 0.0 0.0 0.0]
var_name = Last measurement in raw DN for LVPS Board signal “P16V”
var_name = voltage_pos16V_bus
Header info = 3176
Transformed value for voltage_pos16V_bus = 15.33090136
Matching row  18
coeffs for Last measurement in raw DN for LVPS Board signal “P3.3V”= [0.0 0.00161172 0.0 0.0 0.0 0.0 0.0 0.0]
var_name = Last measurement in raw DN for LVPS Board signal “P3.3V”
var_name = voltage_pos3V3_bus
Header info = 2057
Transformed value for voltage_pos3V3_bus = 3.31530804
Matching row  18
coeffs for Last measurement in raw DN for LVPS Board signal “N5V”= [-33.0 0.00886447 0.0 0.0 0.0 0.0 0.0 0.0]
var_name = Last measurement in raw DN for LVPS Board signal “N5V”
var_name = voltage_neg5V_bus
Header info = 3156
Transformed value for voltage_neg5V_bus = -5.023732680000002
Matching row  18
coeffs for Last measurement in raw DN for LVPS Board signal “P5V”= [0.0 0.00161172 0.0 0.0 0.0 0.0 0.0 0.0]
var_name = Last measurement in raw DN for LVPS Board signal “P5V”
var_name = voltage_pos5V_bus
Header info = 3141
Transformed value for voltage_pos5V_bus = 5.0624125200000005
Matching row  18
coeffs for Last measurement in raw DN for LVPS Board signal “P3.3_IMON”= [0.0 0.00161172 0.0 0.0 0.0 0.0 0.0 0.0]
var_name = Last measurement in raw DN for LVPS Board signal “P3.3_IMON”
var_name = current_3V3_bus
Header info = 1637
Transformed value for current_3V3_bus = 2.63838564
Matching row  18
coeffs for Last measurement in raw DN for LVPS Board signal “P16V_IMON”= [0.0 0.000161172 0.0 0.0 0.0 0.0 0.0 0.0]
var_name = Last measurement in raw DN for LVPS Board signal “P16V_IMON”
var_name = current_16V_bus
Header info = 1171
Transformed value for current_16V_bus = 0.18873241200000002
Matching row  18
coeffs for Last measurement in raw DN for LVPS Board signal “P6V_IMON”= [0.0 8.05861e-05 0.0 0.0 0.0 0.0 0.0 0.0]
var_name = Last measurement in raw DN for LVPS Board signal “P6V_IMON”
var_name = current_6V_bus
Header info = 1515
Transformed value for current_6V_bus = 0.12208794149999999
Matching row  18
coeffs for Last measurement in raw DN for LVPS Board signal “N6V_IMON”= [0.0 -8.05861e-05 0.0 0.0 0.0 0.0 0.0 0.0]
var_name = Last measurement in raw DN for LVPS Board signal “N6V_IMON”
var_name = current_neg6V_bus
Header info = 1171
Transformed value for current_neg6V_bus = -0.0943663231
Matching row  18
coeffs for Last measurement in raw DN for LVPS Board signal “P5V_IMON”= [0.0 4.029304e-05 0.0 0.0 0.0 0.0 0.0 0.0]
var_name = Last measurement in raw DN for LVPS Board signal “P5V_IMON”
var_name = current_5V_bus
Header info = 1935
Transformed value for current_5V_bus = 0.0779670324
Matching row  18
coeffs for Last measurement in raw DN for LVPS Board signal “N5V_IMON”= [0.0 -2.01465e-05 0.0 0.0 0.0 0.0 0.0 0.0]
var_name = Last measurement in raw DN for LVPS Board signal “N5V_IMON”
var_name = current_neg5V_bus
Header info = 3443
Transformed value for current_neg5V_bus = -0.0693643995
Matching row  18
coeffs for Last measurement in raw DN for LVPS Board signal “P2.5V_IMON”= [0.0 0.00161172 0.0 0.0 0.0 0.0 0.0 0.0]
var_name = Last measurement in raw DN for LVPS Board signal “P2.5V_IMON”
var_name = current_2V5_bus
Header info = 457
Transformed value for current_2V5_bus = 0.7365560400000001
Matching row  18
coeffs for Last measurement in raw DN for LVPS Board signal “N2.5V_IMON”= [0.0 -4.0293e-05 0.0 0.0 0.0 0.0 0.0 0.0]
var_name = Last measurement in raw DN for LVPS Board signal “N2.5V_IMON”
var_name = current_neg2V5_bus
Header info = 2935
Transformed value for current_neg2V5_bus = -0.118259955
Matching row  18
coeffs for Last measurement in raw DN for LVPS Board signal “THERM_DECON0”= [-110.293 0.0665351 0.000305738 -6.32048e-07 5.9934e-10 -2.98784e-13
 7.61361e-17 -7.76467e-21]
var_name = Last measurement in raw DN for LVPS Board signal “THERM_DECON0”
var_name = None
KeyError: (16, None) - Could not find entry for None, 38. Please check the Var_notes or variable mapping.
Matching row  18
coeffs for Last measurement in raw DN for LVPS Board signal “THERM_DECON1”= [-150.478 0.376986 -0.00062072 7.73853e-07 -5.81588e-10 2.56368e-13
 -6.05698e-17 5.96635e-21]
var_name = Last measurement in raw DN for LVPS Board signal “THERM_DECON1”
var_name = None
KeyError: (16, None) - Could not find entry for None, 39. Please check the Var_notes or variable mapping.
Matching row  18
coeffs for Last measurement in raw DN for LVPS Board signal “THERM_DAB”= [-443.248 1.31224 -0.00180422 1.40016e-06 -6.43766e-10 1.7448e-13
 -2.57695e-17 1.60239e-21]
var_name = Last measurement in raw DN for LVPS Board signal “THERM_DAB”
var_name = None
KeyError: (16, None) - Could not find entry for None, 40. Please check the Var_notes or variable mapping.
Matching row  18
coeffs for Last measurement in raw DN for LVPS Board signal “THERM_LVPS”= [200.4137 -0.2020699 0.000175403 -9.739547e-08 2.888932e-11 -3.545603e-15
 0.0 0.0]
var_name = Last measurement in raw DN for LVPS Board signal “THERM_LVPS”
var_name = None
KeyError: (16, None) - Could not find entry for None, 41. Please check the Var_notes or variable mapping.
Matching row  18
coeffs for Last measurement in raw DN for LVPS Board signal “THERM_HVPS”= [200.4137 -0.2020699 0.000175403 -9.739547e-08 2.888932e-11 -3.545603e-15
 0.0 0.0]
var_name = Last measurement in raw DN for LVPS Board signal “THERM_HVPS”
var_name = None
KeyError: (16, None) - Could not find entry for None, 45. Please check the Var_notes or variable mapping.
Matching row  18
coeffs for Last measurement in raw DN for LVPS Board signal “P2.5V”= [0.0 0.00161172 0.0 0.0 0.0 0.0 0.0 0.0]
var_name = Last measurement in raw DN for LVPS Board signal “P2.5V”
var_name = None
KeyError: (16, None) - Could not find entry for None, 49. Please check the Var_notes or variable mapping.
Matching row  18
coeffs for Last measurement in raw DN for LVPS Board signal “N2.5V”= [-33.0 0.00886447 0.0 0.0 0.0 0.0 0.0 0.0]
var_name = Last measurement in raw DN for LVPS Board signal “N2.5V”
var_name = None
KeyError: (16, None) - Could not find entry for None, 50. Please check the Var_notes or variable mapping.
Matching row  18
coeffs for Last measurement in raw DN for LVPS Board signal “Spare”= [0.0 0.00161172 0.0 0.0 0.0 0.0 0.0 0.0]
var_name = Last measurement in raw DN for LVPS Board signal “Spare”
var_name = spare_signal
KeyError: (16, 'spare_signal') - Could not find entry for spare_signal, 51. Please check the Var_notes or variable mapping.
High gain delay = 77 samples.
Mid gain delay = 47 samples.
Low gain delay = 47 samples.
High sampling trigger mode =  0 0 1
High gain trigger mode enabled.
For 2222981120, HG Trigger level = 0.15317, sample settings = 0, 0
Threshold trigger mode enabled for high gain channel.
AID = 2415008032
Event number = 15
Rice compression enabled = False
Timestamp = 429138187.28144 seconds since epoch (Midnight January 1st, 2010)
Trigger time = 2023-08-07T21:03:07.281440Z
16
16
16
16
16
16
16
16
16
16
16
16
16
{'SHCOARSE': ParsedDataItem(SHCOARSE, raw=429139378, derived=429139378, unit=dn), 'SHFINE': ParsedDataItem(SHFINE, raw=7093, derived=7093, unit=dn), 'IDX__SCI0AID': ParsedDataItem(IDX__SCI0AID, raw=2415008032, derived=2415008032, unit=None), 'IDX__SCI0TYPE': ParsedDataItem(IDX__SCI0TYPE, raw=1, derived=1, unit=None), 'IDX__SCI0CONT': ParsedDataItem(IDX__SCI0CONT, raw=127, derived=127, unit=None), 'IDX__SCI0SPARE1': ParsedDataItem(IDX__SCI0SPARE1, raw=0, derived=0, unit=None), 'IDX__SCI0PACK': ParsedDataItem(IDX__SCI0PACK, raw=1, derived=EN, unit=None), 'IDX__SCI0FRAG': ParsedDataItem(IDX__SCI0FRAG, raw=0, derived=DS, unit=None), 'IDX__SCI0COMP': ParsedDataItem(IDX__SCI0COMP, raw=0, derived=DS, unit=None), 'IDX__SCI0EVTNUM': ParsedDataItem(IDX__SCI0EVTNUM, raw=16, derived=16, unit=None), 'IDX__SCI0CAT': ParsedDataItem(IDX__SCI0CAT, raw=32, derived=32, unit=None), 'IDX__SCI0QUAL': ParsedDataItem(IDX__SCI0QUAL, raw=5, derived=5, unit=None), 'IDX__SCI0FRAGOFF': ParsedDataItem(IDX__SCI0FRAGOFF, raw=0, derived=0, unit=None), 'IDX__SCI0VER': ParsedDataItem(IDX__SCI0VER, raw=9, derived=9, unit=None), 'IDX__SCI0TIME32': ParsedDataItem(IDX__SCI0TIME32, raw=429138236, derived=429138236, unit=None), 'IDX__SCI0SPARE2': ParsedDataItem(IDX__SCI0SPARE2, raw=0, derived=0, unit=None), 'IDX__SCI0SPARE3': ParsedDataItem(IDX__SCI0SPARE3, raw=0, derived=0, unit=None), 'IDX__SCI0SPARE4': ParsedDataItem(IDX__SCI0SPARE4, raw=0, derived=0, unit=None), 'IDX__TXHDRSCIEVTLEN': ParsedDataItem(IDX__TXHDRSCIEVTLEN, raw=8320, derived=8320, unit=None), 'IDX__TXHDRSP00': ParsedDataItem(IDX__TXHDRSP00, raw=0, derived=0, unit=None), 'IDX__TXHDRTIMESEC1': ParsedDataItem(IDX__TXHDRTIMESEC1, raw=6548, derived=6548, unit=None), 'IDX__TXHDRTIMESEC2': ParsedDataItem(IDX__TXHDRTIMESEC2, raw=8508, derived=8508, unit=None), 'IDX__TXHDRTIMESUBS': ParsedDataItem(IDX__TXHDRTIMESUBS, raw=24730, derived=24730, unit=None), 'IDX__TXHDRSP01': ParsedDataItem(IDX__TXHDRSP01, raw=0, derived=0, unit=None), 'IDX__TXHDRTRIGOFFSET': ParsedDataItem(IDX__TXHDRTRIGOFFSET, raw=2, derived=2, unit=None), 'IDX__TXHDRSP02': ParsedDataItem(IDX__TXHDRSP02, raw=0, derived=0, unit=None), 'IDX__TXHDRTRIGID': ParsedDataItem(IDX__TXHDRTRIGID, raw=1, derived=1, unit=None), 'IDX__TXHDREVTNUM': ParsedDataItem(IDX__TXHDREVTNUM, raw=16, derived=16, unit=None), 'IDX__TXHDRBLOCKS': ParsedDataItem(IDX__TXHDRBLOCKS, raw=243679, derived=243679, unit=None), 'IDX__TXHDRHGTRIGCTRL1': ParsedDataItem(IDX__TXHDRHGTRIGCTRL1, raw=2222981120, derived=2222981120, unit=None), 'IDX__TXHDRHGTRIGCTRL2': ParsedDataItem(IDX__TXHDRHGTRIGCTRL2, raw=0, derived=0, unit=None), 'IDX__TXHDRLGTRIGCTRL1': ParsedDataItem(IDX__TXHDRLGTRIGCTRL1, raw=4294965248, derived=4294965248, unit=None), 'IDX__TXHDRLGTRIGCTRL2': ParsedDataItem(IDX__TXHDRLGTRIGCTRL2, raw=4278255360, derived=4278255360, unit=None), 'IDX__TXHDRMGTRIGCTRL1': ParsedDataItem(IDX__TXHDRMGTRIGCTRL1, raw=4294965248, derived=4294965248, unit=None), 'IDX__TXHDRMGTRIGCTRL2': ParsedDataItem(IDX__TXHDRMGTRIGCTRL2, raw=4278255360, derived=4278255360, unit=None), 'IDX__TXHDRSP03': ParsedDataItem(IDX__TXHDRSP03, raw=0, derived=0, unit=None), 'IDX__TXHDRLSADC': ParsedDataItem(IDX__TXHDRLSADC, raw=1048320, derived=1048320, unit=None), 'IDX__TXHDRPOLSTAT': ParsedDataItem(IDX__TXHDRPOLSTAT, raw=1, derived=NEG, unit=None), 'IDX__TXHDRSP04': ParsedDataItem(IDX__TXHDRSP04, raw=0, derived=0, unit=None), 'IDX__TXHDRPOLCTRL': ParsedDataItem(IDX__TXHDRPOLCTRL, raw=0, derived=POS, unit=None), 'IDX__TXHDRCOINENA': ParsedDataItem(IDX__TXHDRCOINENA, raw=0, derived=DIS, unit=None), 'IDX__TXHDRLSTRIGMODE': ParsedDataItem(IDX__TXHDRLSTRIGMODE, raw=0, derived=DIS, unit=None), 'IDX__TXHDRMGTRIGMODE': ParsedDataItem(IDX__TXHDRMGTRIGMODE, raw=0, derived=0, unit=None), 'IDX__TXHDRLGTRIGMODE': ParsedDataItem(IDX__TXHDRLGTRIGMODE, raw=0, derived=0, unit=None), 'IDX__TXHDRHGTRIGMODE': ParsedDataItem(IDX__TXHDRHGTRIGMODE, raw=1, derived=1, unit=None), 'IDX__TXHDRSP05': ParsedDataItem(IDX__TXHDRSP05, raw=0, derived=0, unit=None), 'IDX__TXHDRSP06': ParsedDataItem(IDX__TXHDRSP06, raw=0, derived=0, unit=None), 'IDX__TXHDRSP07': ParsedDataItem(IDX__TXHDRSP07, raw=2019, derived=2019, unit=None), 'IDX__TXHDRSP08': ParsedDataItem(IDX__TXHDRSP08, raw=0, derived=0, unit=None), 'IDX__TXHDRTOFMAX': ParsedDataItem(IDX__TXHDRTOFMAX, raw=541596194, derived=541596194, unit=None), 'IDX__TXHDRTOFMIN': ParsedDataItem(IDX__TXHDRTOFMIN, raw=535295474, derived=535295474, unit=None), 'IDX__TXHDRLS0MAXMIN': ParsedDataItem(IDX__TXHDRLS0MAXMIN, raw=8529918, derived=8529918, unit=None), 'IDX__TXHDRLS1MAXMIN': ParsedDataItem(IDX__TXHDRLS1MAXMIN, raw=10257988, derived=10257988, unit=None), 'IDX__TXHDRLS2MAXMIN': ParsedDataItem(IDX__TXHDRLS2MAXMIN, raw=8361953, derived=8361953, unit=None), 'IDX__TXHDRFIFODELAY': ParsedDataItem(IDX__TXHDRFIFODELAY, raw=17, derived=17, unit=None), 'IDX__TXHDRSAMPDELAY': ParsedDataItem(IDX__TXHDRSAMPDELAY, raw=15744049, derived=15744049, unit=None), 'IDX__TXHDRTRANSCNT': ParsedDataItem(IDX__TXHDRTRANSCNT, raw=4, derived=4, unit=None), 'IDX__TXHDRPROCHKCH01': ParsedDataItem(IDX__TXHDRPROCHKCH01, raw=83297010, derived=83297010, unit=None), 'IDX__TXHDRPROCHKCH23': ParsedDataItem(IDX__TXHDRPROCHKCH23, raw=136250982, derived=136250982, unit=None), 'IDX__TXHDRPROCHKCH45': ParsedDataItem(IDX__TXHDRPROCHKCH45, raw=174916827, derived=174916827, unit=None), 'IDX__TXHDRPROCHKCH67': ParsedDataItem(IDX__TXHDRPROCHKCH67, raw=133761306, derived=133761306, unit=None), 'IDX__TXHDRHVPSHKCH01': ParsedDataItem(IDX__TXHDRHVPSHKCH01, raw=131794263, derived=131794263, unit=None), 'IDX__TXHDRHVPSHKCH23': ParsedDataItem(IDX__TXHDRHVPSHKCH23, raw=8849069, derived=8849069, unit=None), 'IDX__TXHDRHVPSHKCH45': ParsedDataItem(IDX__TXHDRHVPSHKCH45, raw=127731676, derived=127731676, unit=None), 'IDX__TXHDRHVPSHKCH67': ParsedDataItem(IDX__TXHDRHVPSHKCH67, raw=19925645, derived=19925645, unit=None), 'IDX__TXHDRLVHK0CH01': ParsedDataItem(IDX__TXHDRLVHK0CH01, raw=134219776, derived=134219776, unit=None), 'IDX__TXHDRLVHK0CH23': ParsedDataItem(IDX__TXHDRLVHK0CH23, raw=171772858, derived=171772858, unit=None), 'IDX__TXHDRLVHK0CH45': ParsedDataItem(IDX__TXHDRLVHK0CH45, raw=134810728, derived=134810728, unit=None), 'IDX__TXHDRLVHK0CH67': ParsedDataItem(IDX__TXHDRLVHK0CH67, raw=205851732, derived=205851732, unit=None), 'IDX__TXHDRLVHK1CH01': ParsedDataItem(IDX__TXHDRLVHK1CH01, raw=33293926, derived=33293926, unit=None), 'IDX__TXHDRLVHK1CH23': ParsedDataItem(IDX__TXHDRLVHK1CH23, raw=76744171, derived=76744171, unit=None), 'IDX__TXHDRLVHK1CH45': ParsedDataItem(IDX__TXHDRLVHK1CH45, raw=225642383, derived=225642383, unit=None), 'IDX__TXHDRLVHK1CH67': ParsedDataItem(IDX__TXHDRLVHK1CH67, raw=192348617, derived=192348617, unit=None), 'IDX__TXHDRLVHK2CH01': ParsedDataItem(IDX__TXHDRLVHK2CH01, raw=80807126, derived=80807126, unit=None), 'IDX__TXHDRLVHK2CH23': ParsedDataItem(IDX__TXHDRLVHK2CH23, raw=209979967, derived=209979967, unit=None), 'IDX__TXHDRLVHK2CH45': ParsedDataItem(IDX__TXHDRLVHK2CH45, raw=101059902, derived=101059902, unit=None), 'IDX__TXHDRLVHK2CH67': ParsedDataItem(IDX__TXHDRLVHK2CH67, raw=69017, derived=69017, unit=None), 'IDX__TXHDRSP09': ParsedDataItem(IDX__TXHDRSP09, raw=0, derived=0, unit=None), 'IDX__TXHDRSP10': ParsedDataItem(IDX__TXHDRSP10, raw=0, derived=0, unit=None), 'IDX__TXHDRFSWAIDCOPY': ParsedDataItem(IDX__TXHDRFSWAIDCOPY, raw=2415008032, derived=2415008032, unit=None), 'IDX__TXHDRFSWBINCOPY': ParsedDataItem(IDX__TXHDRFSWBINCOPY, raw=0, derived=0, unit=None), 'IDX__TXHDRFSWMAJOR': ParsedDataItem(IDX__TXHDRFSWMAJOR, raw=2, derived=2, unit=None), 'IDX__TXHDRFSWMINOR': ParsedDataItem(IDX__TXHDRFSWMINOR, raw=0, derived=0, unit=None), 'IDX__TXHDRFSWPATCH': ParsedDataItem(IDX__TXHDRFSWPATCH, raw=0, derived=0, unit=None), 'IDX__TXHDRFSWHVSTAT': ParsedDataItem(IDX__TXHDRFSWHVSTAT, raw=3, derived=3, unit=None), 'IDX__TXHDRFSWMEM0': ParsedDataItem(IDX__TXHDRFSWMEM0, raw=0, derived=0, unit=None), 'IDX__TXHDRFSWMEM1': ParsedDataItem(IDX__TXHDRFSWMEM1, raw=0, derived=0, unit=None), 'IDX__TXHDRFSWPT0': ParsedDataItem(IDX__TXHDRFSWPT0, raw=0, derived=0, unit=None), 'IDX__TXHDRFSWPT1': ParsedDataItem(IDX__TXHDRFSWPT1, raw=0, derived=0, unit=None), 'IDX__TXHDRFSWPT2': ParsedDataItem(IDX__TXHDRFSWPT2, raw=0, derived=0, unit=None), 'IDX__TXHDRFSWPT3': ParsedDataItem(IDX__TXHDRFSWPT3, raw=0, derived=0, unit=None), 'IDX__TXHDRFSWPT4': ParsedDataItem(IDX__TXHDRFSWPT4, raw=0, derived=0, unit=None), 'IDX__TXHDRFSWPT5': ParsedDataItem(IDX__TXHDRFSWPT5, raw=0, derived=0, unit=None), 'IDX__TXHDRFSWPT6': ParsedDataItem(IDX__TXHDRFSWPT6, raw=0, derived=0, unit=None), 'IDX__TXHDRFSWPT7': ParsedDataItem(IDX__TXHDRFSWPT7, raw=0, derived=0, unit=None), 'IDX__TXHDRFSWPT8': ParsedDataItem(IDX__TXHDRFSWPT8, raw=0, derived=0, unit=None), 'IDX__TXHDRFSWPT9': ParsedDataItem(IDX__TXHDRFSWPT9, raw=0, derived=0, unit=None), 'IDX__TXHDRFPGAVER': ParsedDataItem(IDX__TXHDRFPGAVER, raw=539165480, derived=539165480, unit=None), 'IDX__SYNCSCI0PKT': ParsedDataItem(IDX__SYNCSCI0PKT, raw=13107, derived=13107, unit=None), 'IDX__CRCSCI0PKT': ParsedDataItem(IDX__CRCSCI0PKT, raw=35972, derived=35972, unit=None)}
SHCOARSE = 429139378
SHFINE = 7093
IDX__SCI0AID = 2415008032
IDX__SCI0TYPE = 1
IDX__SCI0CONT = 127
IDX__SCI0SPARE1 = 0
IDX__SCI0PACK = EN
IDX__SCI0FRAG = DS
IDX__SCI0COMP = DS
IDX__SCI0EVTNUM = 16
IDX__SCI0CAT = 32
IDX__SCI0QUAL = 5
IDX__SCI0FRAGOFF = 0
IDX__SCI0VER = 9
IDX__SCI0TIME32 = 429138236
IDX__SCI0SPARE2 = 0
IDX__SCI0SPARE3 = 0
IDX__SCI0SPARE4 = 0
IDX__TXHDRSCIEVTLEN = 8320
IDX__TXHDRSP00 = 0
IDX__TXHDRTIMESEC1 = 6548
IDX__TXHDRTIMESEC2 = 8508
IDX__TXHDRTIMESUBS = 24730
IDX__TXHDRSP01 = 0
IDX__TXHDRTRIGOFFSET = 2
IDX__TXHDRSP02 = 0
IDX__TXHDRTRIGID = 1
IDX__TXHDREVTNUM = 16
IDX__TXHDRBLOCKS = 243679
IDX__TXHDRHGTRIGCTRL1 = 2222981120
IDX__TXHDRHGTRIGCTRL2 = 0
IDX__TXHDRLGTRIGCTRL1 = 4294965248
IDX__TXHDRLGTRIGCTRL2 = 4278255360
IDX__TXHDRMGTRIGCTRL1 = 4294965248
IDX__TXHDRMGTRIGCTRL2 = 4278255360
IDX__TXHDRSP03 = 0
IDX__TXHDRLSADC = 1048320
IDX__TXHDRPOLSTAT = NEG
IDX__TXHDRSP04 = 0
IDX__TXHDRPOLCTRL = POS
IDX__TXHDRCOINENA = DIS
IDX__TXHDRLSTRIGMODE = DIS
IDX__TXHDRMGTRIGMODE = 0
IDX__TXHDRLGTRIGMODE = 0
IDX__TXHDRHGTRIGMODE = 1
IDX__TXHDRSP05 = 0
IDX__TXHDRSP06 = 0
IDX__TXHDRSP07 = 2019
IDX__TXHDRSP08 = 0
IDX__TXHDRTOFMAX = 541596194
IDX__TXHDRTOFMIN = 535295474
IDX__TXHDRLS0MAXMIN = 8529918
IDX__TXHDRLS1MAXMIN = 10257988
IDX__TXHDRLS2MAXMIN = 8361953
IDX__TXHDRFIFODELAY = 17
IDX__TXHDRSAMPDELAY = 15744049
IDX__TXHDRTRANSCNT = 4
IDX__TXHDRPROCHKCH01 = 83297010
IDX__TXHDRPROCHKCH23 = 136250982
IDX__TXHDRPROCHKCH45 = 174916827
IDX__TXHDRPROCHKCH67 = 133761306
IDX__TXHDRHVPSHKCH01 = 131794263
IDX__TXHDRHVPSHKCH23 = 8849069
IDX__TXHDRHVPSHKCH45 = 127731676
IDX__TXHDRHVPSHKCH67 = 19925645
IDX__TXHDRLVHK0CH01 = 134219776
IDX__TXHDRLVHK0CH23 = 171772858
IDX__TXHDRLVHK0CH45 = 134810728
IDX__TXHDRLVHK0CH67 = 205851732
IDX__TXHDRLVHK1CH01 = 33293926
IDX__TXHDRLVHK1CH23 = 76744171
IDX__TXHDRLVHK1CH45 = 225642383
IDX__TXHDRLVHK1CH67 = 192348617
IDX__TXHDRLVHK2CH01 = 80807126
IDX__TXHDRLVHK2CH23 = 209979967
IDX__TXHDRLVHK2CH45 = 101059902
IDX__TXHDRLVHK2CH67 = 69017
IDX__TXHDRSP09 = 0
IDX__TXHDRSP10 = 0
IDX__TXHDRFSWAIDCOPY = 2415008032
IDX__TXHDRFSWBINCOPY = 0
IDX__TXHDRFSWMAJOR = 2
IDX__TXHDRFSWMINOR = 0
IDX__TXHDRFSWPATCH = 0
IDX__TXHDRFSWHVSTAT = 3
IDX__TXHDRFSWMEM0 = 0
IDX__TXHDRFSWMEM1 = 0
IDX__TXHDRFSWPT0 = 0
IDX__TXHDRFSWPT1 = 0
IDX__TXHDRFSWPT2 = 0
IDX__TXHDRFSWPT3 = 0
IDX__TXHDRFSWPT4 = 0
IDX__TXHDRFSWPT5 = 0
IDX__TXHDRFSWPT6 = 0
IDX__TXHDRFSWPT7 = 0
IDX__TXHDRFSWPT8 = 0
IDX__TXHDRFSWPT9 = 0
IDX__TXHDRFPGAVER = 539165480
IDX__SYNCSCI0PKT = 13107
IDX__CRCSCI0PKT = 35972
^*****Event header 17******^
EVTNUM: 17
SCI0TYPE: 1
TXHDRBLOCKS RAW: 243679
TXHDRBLOCKS DERIVED: 243679
-----
HS pre trig sampling blocks:  31
LS pre trig sampling blocks:  3
HS post trig sampling blocks:  31
LS post trig sampling blocks:  11
IDX__TXHDRHVPSHKCH01 = 131794263
Detector voltage =  1367
Sensor voltage =  2011
Target voltage =  1709
Reflectron voltage =  135
Rejection voltage =  2012
Current for HVPS sensor =  1949
Positive current for HVPS sensor =  2701
Negative current for HVPS sensor =  304
Voltage +3.3V reference =  2048
Voltage +3.3V operational reference =  2048
Voltage -6V bus =  3002
Voltage +6V bus =  2621
Voltage +16V bus =  3176
Voltage +3.3V bus =  2057
Voltage -5V bus =  3156
Voltage +5V bus =  3141
Current +3.3V bus =  1638
Current +16V bus =  1171
Current +6V bus =  1515
Current -6V bus =  1171
Current +5V bus =  1935
Current -5V bus =  3443
Current +2.5V bus =  457
Current -2.5V bus =  2935
Current on the 1V POL =  754
Current on the 1.9V POL =  1271
ProcBd Temperature 1 =  1638
ProcBd Temperature 2 =  2079
Voltage on 1V bus =  1243
FPGA Temperature =  2669
Voltage on 1.9V bus =  2330
Voltage on 3.3V bus =  2041
var_to_row = {'Last measurement in raw DN for Processor Board signal “1V POL Current”': 0, 'Last measurement in raw DN for Processor Board signal “1.9V POL Current”': 1, 'Last measurement in raw DN for Processor Board signal “ProcBd Temp1”': 2, nan: 48, 'Last measurement in raw DN for Processor Board signal “ProcBd Temp2”': 6, 'Last measurement in raw DN for Processor Board signal “1V Voltage”': 10, 'Last measurement in raw DN for Processor Board signal “FPGA Temp”': 11, 'Last measurement in raw DN for Processor Board signal “1.9V Voltage”': 12, 'Last measurement in raw DN for Processor Board signal “3.3V Voltage”': 13, 'Last measurement in raw DN for HVPS Board signal “Detector Voltage”': 14, 'Last measurement in raw DN for HVPS Board signal “Sensor Voltage"': 15, 'Last measurement in raw DN for HVPS Board signal “Target Voltage”': 16, 'Last measurement in raw DN for HVPS Board signal “Reflectron Voltage”': 17, 'Last measurement in raw DN for HVPS Board signal “Rejection Voltage”': 18, 'Last measurement in raw DN for HVPS Board signal “Detector Current”': 19, 'Last measurement in raw DN for HVPS Board signal “Sensor IP”': 20, 'Last measurement in raw DN for HVPS Board signal “Sensor IN”': 21, 'Last measurement in raw DN for LVPS Board signal “P3.3VREF_HK”': 22, 'Last measurement in raw DN for LVPS Board signal “P3.3VREF_OP”': 23, 'Last measurement in raw DN for LVPS Board signal “N6V”': 24, 'Last measurement in raw DN for LVPS Board signal “P6V”': 25, 'Last measurement in raw DN for LVPS Board signal “P16V”': 26, 'Last measurement in raw DN for LVPS Board signal “P3.3V”': 27, 'Last measurement in raw DN for LVPS Board signal “N5V”': 28, 'Last measurement in raw DN for LVPS Board signal “P5V”': 29, 'Last measurement in raw DN for LVPS Board signal “P3.3_IMON”': 30, 'Last measurement in raw DN for LVPS Board signal “P16V_IMON”': 31, 'Last measurement in raw DN for LVPS Board signal “P6V_IMON”': 32, 'Last measurement in raw DN for LVPS Board signal “N6V_IMON”': 33, 'Last measurement in raw DN for LVPS Board signal “P5V_IMON”': 34, 'Last measurement in raw DN for LVPS Board signal “N5V_IMON”': 35, 'Last measurement in raw DN for LVPS Board signal “P2.5V_IMON”': 36, 'Last measurement in raw DN for LVPS Board signal “N2.5V_IMON”': 37, 'Last measurement in raw DN for LVPS Board signal “THERM_DECON0”': 38, 'Last measurement in raw DN for LVPS Board signal “THERM_DECON1”': 39, 'Last measurement in raw DN for LVPS Board signal “THERM_DAB”': 40, 'Last measurement in raw DN for LVPS Board signal “THERM_LVPS”': 41, 'Last measurement in raw DN for LVPS Board signal “THERM_HVPS”': 45, 'Last measurement in raw DN for LVPS Board signal “P2.5V”': 49, 'Last measurement in raw DN for LVPS Board signal “N2.5V”': 50, 'Last measurement in raw DN for LVPS Board signal “Spare”': 51}

 
 ***** var_name being converted for each instrument setting ***** 
 

Matching row  18
coeffs for Last measurement in raw DN for Processor Board signal “1V POL Current”= [0.0 0.9029253 0.0 0.0 0.0 0.0 0.0 0.0]
var_name = Last measurement in raw DN for Processor Board signal “1V POL Current”
var_name = current_1V_pol
Header info = 754
Transformed value for current_1V_pol = 680.8056762
Matching row  18
coeffs for Last measurement in raw DN for Processor Board signal “1.9V POL Current”= [0.0 0.9029253 0.0 0.0 0.0 0.0 0.0 0.0]
var_name = Last measurement in raw DN for Processor Board signal “1.9V POL Current”
var_name = current_1.9V_pol
Header info = 1271
Transformed value for current_1.9V_pol = 1147.6180563
Matching row  18
coeffs for Last measurement in raw DN for Processor Board signal “ProcBd Temp1”= [162.8276 -0.2668687 0.0003323794 -2.43153e-07 9.034532e-11 -1.327735e-14
 0.0 0.0]
var_name = Last measurement in raw DN for Processor Board signal “ProcBd Temp1”
var_name = temperature_1
Header info = 1638
Transformed value for temperature_1 = 42.68117551408582
Matching row  18
coeffs for nan= [-104713.9 52.02446 -0.006463374 0.0 0.0 0.0 0.0 0.0]
var_name = nan
var_name = None
KeyError: (17, None) - Could not find entry for None, 48. Please check the Var_notes or variable mapping.
Matching row  18
coeffs for Last measurement in raw DN for Processor Board signal “ProcBd Temp2”= [162.8276 -0.2668687 0.0003323794 -2.43153e-07 9.034532e-11 -1.327735e-14
 0.0 0.0]
var_name = Last measurement in raw DN for Processor Board signal “ProcBd Temp2”
var_name = temperature_2
Header info = 2079
Transformed value for temperature_2 = 31.7994194872648
Matching row  18
coeffs for Last measurement in raw DN for Processor Board signal “1V Voltage”= [0.0 0.000805861 0.0 0.0 0.0 0.0 0.0 0.0]
var_name = Last measurement in raw DN for Processor Board signal “1V Voltage”
var_name = voltage_1V_bus
Header info = 1243
Transformed value for voltage_1V_bus = 1.001685223
Matching row  18
coeffs for Last measurement in raw DN for Processor Board signal “FPGA Temp”= [358.31 -0.1187104 0.0 0.0 0.0 0.0 0.0 0.0]
var_name = Last measurement in raw DN for Processor Board signal “FPGA Temp”
var_name = fpga_temperature
Header info = 2669
Transformed value for fpga_temperature = 41.471942400000046
Matching row  18
coeffs for Last measurement in raw DN for Processor Board signal “1.9V Voltage”= [0.0 0.000805861 0.0 0.0 0.0 0.0 0.0 0.0]
var_name = Last measurement in raw DN for Processor Board signal “1.9V Voltage”
var_name = voltage_1.9V_bus
Header info = 2330
Transformed value for voltage_1.9V_bus = 1.8776561299999999
Matching row  18
coeffs for Last measurement in raw DN for Processor Board signal “3.3V Voltage”= [0.0 0.001611722 0.0 0.0 0.0 0.0 0.0 0.0]
var_name = Last measurement in raw DN for Processor Board signal “3.3V Voltage”
var_name = voltage_3.3V_bus
Header info = 2041
Transformed value for voltage_3.3V_bus = 3.2895246019999997
Matching row  18
coeffs for Last measurement in raw DN for HVPS Board signal “Detector Voltage”= [0.0 1.4652 0.0 0.0 0.0 0.0 0.0 0.0]
var_name = Last measurement in raw DN for HVPS Board signal “Detector Voltage”
var_name = detector_voltage
Header info = 1367
Transformed value for detector_voltage = 2002.9284
Matching row  18
coeffs for Last measurement in raw DN for HVPS Board signal “Sensor Voltage"= [0.0 1.4652 0.0 0.0 0.0 0.0 0.0 0.0]
var_name = Last measurement in raw DN for HVPS Board signal “Sensor Voltage"
var_name = sensor_voltage
Header info = 2011
Transformed value for sensor_voltage = 2946.5172000000002
Matching row  18
coeffs for Last measurement in raw DN for HVPS Board signal “Target Voltage”= [0.0 1.4652 0.0 0.0 0.0 0.0 0.0 0.0]
var_name = Last measurement in raw DN for HVPS Board signal “Target Voltage”
var_name = target_voltage
Header info = 1709
Transformed value for target_voltage = 2504.0268
Matching row  18
coeffs for Last measurement in raw DN for HVPS Board signal “Reflectron Voltage”= [0.0 1.4652 0.0 0.0 0.0 0.0 0.0 0.0]
var_name = Last measurement in raw DN for HVPS Board signal “Reflectron Voltage”
var_name = reflectron_voltage
Header info = 135
Transformed value for reflectron_voltage = 197.80200000000002
Matching row  18
coeffs for Last measurement in raw DN for HVPS Board signal “Rejection Voltage”= [0.0 1.4652 0.0 0.0 0.0 0.0 0.0 0.0]
var_name = Last measurement in raw DN for HVPS Board signal “Rejection Voltage”
var_name = rejection_voltage
Header info = 2012
Transformed value for rejection_voltage = 2947.9824000000003
Matching row  18
coeffs for Last measurement in raw DN for HVPS Board signal “Detector Current”= [0.0 7.326e-06 0.0 0.0 0.0 0.0 0.0 0.0]
var_name = Last measurement in raw DN for HVPS Board signal “Detector Current”
var_name = current_hvps_sensor
Header info = 1949
Transformed value for current_hvps_sensor = 0.014278374
Matching row  18
coeffs for Last measurement in raw DN for HVPS Board signal “Sensor IP”= [0.0 2.4339e-05 0.0 0.0 0.0 0.0 0.0 0.0]
var_name = Last measurement in raw DN for HVPS Board signal “Sensor IP”
var_name = positive_current_hvps
Header info = 2701
Transformed value for positive_current_hvps = 0.065739639
Matching row  18
coeffs for Last measurement in raw DN for HVPS Board signal “Sensor IN”= [0.0 2.4339e-05 0.0 0.0 0.0 0.0 0.0 0.0]
var_name = Last measurement in raw DN for HVPS Board signal “Sensor IN”
var_name = negative_current_hvps
Header info = 304
Transformed value for negative_current_hvps = 0.007399055999999999
Matching row  18
coeffs for Last measurement in raw DN for LVPS Board signal “P3.3VREF_HK”= [0.0 0.00161172 0.0 0.0 0.0 0.0 0.0 0.0]
var_name = Last measurement in raw DN for LVPS Board signal “P3.3VREF_HK”
var_name = voltage_3V3_ref
Header info = 2048
Transformed value for voltage_3V3_ref = 3.30080256
Matching row  18
coeffs for Last measurement in raw DN for LVPS Board signal “P3.3VREF_OP”= [0.0 0.00161172 0.0 0.0 0.0 0.0 0.0 0.0]
var_name = Last measurement in raw DN for LVPS Board signal “P3.3VREF_OP”
var_name = voltage_3V3_op_ref
Header info = 2048
Transformed value for voltage_3V3_op_ref = 3.30080256
Matching row  18
coeffs for Last measurement in raw DN for LVPS Board signal “N6V”= [-33.0 0.00886447 0.0 0.0 0.0 0.0 0.0 0.0]
var_name = Last measurement in raw DN for LVPS Board signal “N6V”
var_name = voltage_neg6V_bus
Header info = 3002
Transformed value for voltage_neg6V_bus = -6.3888610600000035
Matching row  18
coeffs for Last measurement in raw DN for LVPS Board signal “P6V”= [0.0 0.00241758 0.0 0.0 0.0 0.0 0.0 0.0]
var_name = Last measurement in raw DN for LVPS Board signal “P6V”
var_name = voltage_pos6V_bus
Header info = 2621
Transformed value for voltage_pos6V_bus = 6.33647718
Matching row  18
coeffs for Last measurement in raw DN for LVPS Board signal “P16V”= [0.0 0.00482711 0.0 0.0 0.0 0.0 0.0 0.0]
var_name = Last measurement in raw DN for LVPS Board signal “P16V”
var_name = voltage_pos16V_bus
Header info = 3176
Transformed value for voltage_pos16V_bus = 15.33090136
Matching row  18
coeffs for Last measurement in raw DN for LVPS Board signal “P3.3V”= [0.0 0.00161172 0.0 0.0 0.0 0.0 0.0 0.0]
var_name = Last measurement in raw DN for LVPS Board signal “P3.3V”
var_name = voltage_pos3V3_bus
Header info = 2057
Transformed value for voltage_pos3V3_bus = 3.31530804
Matching row  18
coeffs for Last measurement in raw DN for LVPS Board signal “N5V”= [-33.0 0.00886447 0.0 0.0 0.0 0.0 0.0 0.0]
var_name = Last measurement in raw DN for LVPS Board signal “N5V”
var_name = voltage_neg5V_bus
Header info = 3156
Transformed value for voltage_neg5V_bus = -5.023732680000002
Matching row  18
coeffs for Last measurement in raw DN for LVPS Board signal “P5V”= [0.0 0.00161172 0.0 0.0 0.0 0.0 0.0 0.0]
var_name = Last measurement in raw DN for LVPS Board signal “P5V”
var_name = voltage_pos5V_bus
Header info = 3141
Transformed value for voltage_pos5V_bus = 5.0624125200000005
Matching row  18
coeffs for Last measurement in raw DN for LVPS Board signal “P3.3_IMON”= [0.0 0.00161172 0.0 0.0 0.0 0.0 0.0 0.0]
var_name = Last measurement in raw DN for LVPS Board signal “P3.3_IMON”
var_name = current_3V3_bus
Header info = 1638
Transformed value for current_3V3_bus = 2.63999736
Matching row  18
coeffs for Last measurement in raw DN for LVPS Board signal “P16V_IMON”= [0.0 0.000161172 0.0 0.0 0.0 0.0 0.0 0.0]
var_name = Last measurement in raw DN for LVPS Board signal “P16V_IMON”
var_name = current_16V_bus
Header info = 1171
Transformed value for current_16V_bus = 0.18873241200000002
Matching row  18
coeffs for Last measurement in raw DN for LVPS Board signal “P6V_IMON”= [0.0 8.05861e-05 0.0 0.0 0.0 0.0 0.0 0.0]
var_name = Last measurement in raw DN for LVPS Board signal “P6V_IMON”
var_name = current_6V_bus
Header info = 1515
Transformed value for current_6V_bus = 0.12208794149999999
Matching row  18
coeffs for Last measurement in raw DN for LVPS Board signal “N6V_IMON”= [0.0 -8.05861e-05 0.0 0.0 0.0 0.0 0.0 0.0]
var_name = Last measurement in raw DN for LVPS Board signal “N6V_IMON”
var_name = current_neg6V_bus
Header info = 1171
Transformed value for current_neg6V_bus = -0.0943663231
Matching row  18
coeffs for Last measurement in raw DN for LVPS Board signal “P5V_IMON”= [0.0 4.029304e-05 0.0 0.0 0.0 0.0 0.0 0.0]
var_name = Last measurement in raw DN for LVPS Board signal “P5V_IMON”
var_name = current_5V_bus
Header info = 1935
Transformed value for current_5V_bus = 0.0779670324
Matching row  18
coeffs for Last measurement in raw DN for LVPS Board signal “N5V_IMON”= [0.0 -2.01465e-05 0.0 0.0 0.0 0.0 0.0 0.0]
var_name = Last measurement in raw DN for LVPS Board signal “N5V_IMON”
var_name = current_neg5V_bus
Header info = 3443
Transformed value for current_neg5V_bus = -0.0693643995
Matching row  18
coeffs for Last measurement in raw DN for LVPS Board signal “P2.5V_IMON”= [0.0 0.00161172 0.0 0.0 0.0 0.0 0.0 0.0]
var_name = Last measurement in raw DN for LVPS Board signal “P2.5V_IMON”
var_name = current_2V5_bus
Header info = 457
Transformed value for current_2V5_bus = 0.7365560400000001
Matching row  18
coeffs for Last measurement in raw DN for LVPS Board signal “N2.5V_IMON”= [0.0 -4.0293e-05 0.0 0.0 0.0 0.0 0.0 0.0]
var_name = Last measurement in raw DN for LVPS Board signal “N2.5V_IMON”
var_name = current_neg2V5_bus
Header info = 2935
Transformed value for current_neg2V5_bus = -0.118259955
Matching row  18
coeffs for Last measurement in raw DN for LVPS Board signal “THERM_DECON0”= [-110.293 0.0665351 0.000305738 -6.32048e-07 5.9934e-10 -2.98784e-13
 7.61361e-17 -7.76467e-21]
var_name = Last measurement in raw DN for LVPS Board signal “THERM_DECON0”
var_name = None
KeyError: (17, None) - Could not find entry for None, 38. Please check the Var_notes or variable mapping.
Matching row  18
coeffs for Last measurement in raw DN for LVPS Board signal “THERM_DECON1”= [-150.478 0.376986 -0.00062072 7.73853e-07 -5.81588e-10 2.56368e-13
 -6.05698e-17 5.96635e-21]
var_name = Last measurement in raw DN for LVPS Board signal “THERM_DECON1”
var_name = None
KeyError: (17, None) - Could not find entry for None, 39. Please check the Var_notes or variable mapping.
Matching row  18
coeffs for Last measurement in raw DN for LVPS Board signal “THERM_DAB”= [-443.248 1.31224 -0.00180422 1.40016e-06 -6.43766e-10 1.7448e-13
 -2.57695e-17 1.60239e-21]
var_name = Last measurement in raw DN for LVPS Board signal “THERM_DAB”
var_name = None
KeyError: (17, None) - Could not find entry for None, 40. Please check the Var_notes or variable mapping.
Matching row  18
coeffs for Last measurement in raw DN for LVPS Board signal “THERM_LVPS”= [200.4137 -0.2020699 0.000175403 -9.739547e-08 2.888932e-11 -3.545603e-15
 0.0 0.0]
var_name = Last measurement in raw DN for LVPS Board signal “THERM_LVPS”
var_name = None
KeyError: (17, None) - Could not find entry for None, 41. Please check the Var_notes or variable mapping.
Matching row  18
coeffs for Last measurement in raw DN for LVPS Board signal “THERM_HVPS”= [200.4137 -0.2020699 0.000175403 -9.739547e-08 2.888932e-11 -3.545603e-15
 0.0 0.0]
var_name = Last measurement in raw DN for LVPS Board signal “THERM_HVPS”
var_name = None
KeyError: (17, None) - Could not find entry for None, 45. Please check the Var_notes or variable mapping.
Matching row  18
coeffs for Last measurement in raw DN for LVPS Board signal “P2.5V”= [0.0 0.00161172 0.0 0.0 0.0 0.0 0.0 0.0]
var_name = Last measurement in raw DN for LVPS Board signal “P2.5V”
var_name = None
KeyError: (17, None) - Could not find entry for None, 49. Please check the Var_notes or variable mapping.
Matching row  18
coeffs for Last measurement in raw DN for LVPS Board signal “N2.5V”= [-33.0 0.00886447 0.0 0.0 0.0 0.0 0.0 0.0]
var_name = Last measurement in raw DN for LVPS Board signal “N2.5V”
var_name = None
KeyError: (17, None) - Could not find entry for None, 50. Please check the Var_notes or variable mapping.
Matching row  18
coeffs for Last measurement in raw DN for LVPS Board signal “Spare”= [0.0 0.00161172 0.0 0.0 0.0 0.0 0.0 0.0]
var_name = Last measurement in raw DN for LVPS Board signal “Spare”
var_name = spare_signal
KeyError: (17, 'spare_signal') - Could not find entry for spare_signal, 51. Please check the Var_notes or variable mapping.
High gain delay = 49 samples.
Mid gain delay = 15 samples.
Low gain delay = 15 samples.
High sampling trigger mode =  0 0 1
High gain trigger mode enabled.
For 2222981120, HG Trigger level = 0.15317, sample settings = 0, 0
Threshold trigger mode enabled for high gain channel.
AID = 2415008032
Event number = 16
Rice compression enabled = False
Timestamp = 429138236.4946 seconds since epoch (Midnight January 1st, 2010)
Trigger time = 2023-08-07T21:03:56.494600Z
17
17
17
17
17
17
17
17
17
17
17
17
17
{'SHCOARSE': ParsedDataItem(SHCOARSE, raw=429139393, derived=429139393, unit=dn), 'SHFINE': ParsedDataItem(SHFINE, raw=7099, derived=7099, unit=dn), 'IDX__SCI0AID': ParsedDataItem(IDX__SCI0AID, raw=2415008032, derived=2415008032, unit=None), 'IDX__SCI0TYPE': ParsedDataItem(IDX__SCI0TYPE, raw=1, derived=1, unit=None), 'IDX__SCI0CONT': ParsedDataItem(IDX__SCI0CONT, raw=127, derived=127, unit=None), 'IDX__SCI0SPARE1': ParsedDataItem(IDX__SCI0SPARE1, raw=0, derived=0, unit=None), 'IDX__SCI0PACK': ParsedDataItem(IDX__SCI0PACK, raw=1, derived=EN, unit=None), 'IDX__SCI0FRAG': ParsedDataItem(IDX__SCI0FRAG, raw=0, derived=DS, unit=None), 'IDX__SCI0COMP': ParsedDataItem(IDX__SCI0COMP, raw=0, derived=DS, unit=None), 'IDX__SCI0EVTNUM': ParsedDataItem(IDX__SCI0EVTNUM, raw=17, derived=17, unit=None), 'IDX__SCI0CAT': ParsedDataItem(IDX__SCI0CAT, raw=32, derived=32, unit=None), 'IDX__SCI0QUAL': ParsedDataItem(IDX__SCI0QUAL, raw=5, derived=5, unit=None), 'IDX__SCI0FRAGOFF': ParsedDataItem(IDX__SCI0FRAGOFF, raw=0, derived=0, unit=None), 'IDX__SCI0VER': ParsedDataItem(IDX__SCI0VER, raw=9, derived=9, unit=None), 'IDX__SCI0TIME32': ParsedDataItem(IDX__SCI0TIME32, raw=429138359, derived=429138359, unit=None), 'IDX__SCI0SPARE2': ParsedDataItem(IDX__SCI0SPARE2, raw=0, derived=0, unit=None), 'IDX__SCI0SPARE3': ParsedDataItem(IDX__SCI0SPARE3, raw=0, derived=0, unit=None), 'IDX__SCI0SPARE4': ParsedDataItem(IDX__SCI0SPARE4, raw=0, derived=0, unit=None), 'IDX__TXHDRSCIEVTLEN': ParsedDataItem(IDX__TXHDRSCIEVTLEN, raw=8320, derived=8320, unit=None), 'IDX__TXHDRSP00': ParsedDataItem(IDX__TXHDRSP00, raw=0, derived=0, unit=None), 'IDX__TXHDRTIMESEC1': ParsedDataItem(IDX__TXHDRTIMESEC1, raw=6548, derived=6548, unit=None), 'IDX__TXHDRTIMESEC2': ParsedDataItem(IDX__TXHDRTIMESEC2, raw=8631, derived=8631, unit=None), 'IDX__TXHDRTIMESUBS': ParsedDataItem(IDX__TXHDRTIMESUBS, raw=4502, derived=4502, unit=None), 'IDX__TXHDRSP01': ParsedDataItem(IDX__TXHDRSP01, raw=0, derived=0, unit=None), 'IDX__TXHDRTRIGOFFSET': ParsedDataItem(IDX__TXHDRTRIGOFFSET, raw=5, derived=5, unit=None), 'IDX__TXHDRSP02': ParsedDataItem(IDX__TXHDRSP02, raw=0, derived=0, unit=None), 'IDX__TXHDRTRIGID': ParsedDataItem(IDX__TXHDRTRIGID, raw=1, derived=1, unit=None), 'IDX__TXHDREVTNUM': ParsedDataItem(IDX__TXHDREVTNUM, raw=17, derived=17, unit=None), 'IDX__TXHDRBLOCKS': ParsedDataItem(IDX__TXHDRBLOCKS, raw=243679, derived=243679, unit=None), 'IDX__TXHDRHGTRIGCTRL1': ParsedDataItem(IDX__TXHDRHGTRIGCTRL1, raw=2222981120, derived=2222981120, unit=None), 'IDX__TXHDRHGTRIGCTRL2': ParsedDataItem(IDX__TXHDRHGTRIGCTRL2, raw=0, derived=0, unit=None), 'IDX__TXHDRLGTRIGCTRL1': ParsedDataItem(IDX__TXHDRLGTRIGCTRL1, raw=4294965248, derived=4294965248, unit=None), 'IDX__TXHDRLGTRIGCTRL2': ParsedDataItem(IDX__TXHDRLGTRIGCTRL2, raw=4278255360, derived=4278255360, unit=None), 'IDX__TXHDRMGTRIGCTRL1': ParsedDataItem(IDX__TXHDRMGTRIGCTRL1, raw=4294965248, derived=4294965248, unit=None), 'IDX__TXHDRMGTRIGCTRL2': ParsedDataItem(IDX__TXHDRMGTRIGCTRL2, raw=4278255360, derived=4278255360, unit=None), 'IDX__TXHDRSP03': ParsedDataItem(IDX__TXHDRSP03, raw=0, derived=0, unit=None), 'IDX__TXHDRLSADC': ParsedDataItem(IDX__TXHDRLSADC, raw=1048320, derived=1048320, unit=None), 'IDX__TXHDRPOLSTAT': ParsedDataItem(IDX__TXHDRPOLSTAT, raw=1, derived=NEG, unit=None), 'IDX__TXHDRSP04': ParsedDataItem(IDX__TXHDRSP04, raw=0, derived=0, unit=None), 'IDX__TXHDRPOLCTRL': ParsedDataItem(IDX__TXHDRPOLCTRL, raw=0, derived=POS, unit=None), 'IDX__TXHDRCOINENA': ParsedDataItem(IDX__TXHDRCOINENA, raw=0, derived=DIS, unit=None), 'IDX__TXHDRLSTRIGMODE': ParsedDataItem(IDX__TXHDRLSTRIGMODE, raw=0, derived=DIS, unit=None), 'IDX__TXHDRMGTRIGMODE': ParsedDataItem(IDX__TXHDRMGTRIGMODE, raw=0, derived=0, unit=None), 'IDX__TXHDRLGTRIGMODE': ParsedDataItem(IDX__TXHDRLGTRIGMODE, raw=0, derived=0, unit=None), 'IDX__TXHDRHGTRIGMODE': ParsedDataItem(IDX__TXHDRHGTRIGMODE, raw=1, derived=1, unit=None), 'IDX__TXHDRSP05': ParsedDataItem(IDX__TXHDRSP05, raw=0, derived=0, unit=None), 'IDX__TXHDRSP06': ParsedDataItem(IDX__TXHDRSP06, raw=0, derived=0, unit=None), 'IDX__TXHDRSP07': ParsedDataItem(IDX__TXHDRSP07, raw=2019, derived=2019, unit=None), 'IDX__TXHDRSP08': ParsedDataItem(IDX__TXHDRSP08, raw=0, derived=0, unit=None), 'IDX__TXHDRTOFMAX': ParsedDataItem(IDX__TXHDRTOFMAX, raw=547887938, derived=547887938, unit=None), 'IDX__TXHDRTOFMIN': ParsedDataItem(IDX__TXHDRTOFMIN, raw=535295475, derived=535295475, unit=None), 'IDX__TXHDRLS0MAXMIN': ParsedDataItem(IDX__TXHDRLS0MAXMIN, raw=8534014, derived=8534014, unit=None), 'IDX__TXHDRLS1MAXMIN': ParsedDataItem(IDX__TXHDRLS1MAXMIN, raw=11036052, derived=11036052, unit=None), 'IDX__TXHDRLS2MAXMIN': ParsedDataItem(IDX__TXHDRLS2MAXMIN, raw=9172961, derived=9172961, unit=None), 'IDX__TXHDRFIFODELAY': ParsedDataItem(IDX__TXHDRFIFODELAY, raw=15, derived=15, unit=None), 'IDX__TXHDRSAMPDELAY': ParsedDataItem(IDX__TXHDRSAMPDELAY, raw=40934469, derived=40934469, unit=None), 'IDX__TXHDRTRANSCNT': ParsedDataItem(IDX__TXHDRTRANSCNT, raw=16, derived=16, unit=None), 'IDX__TXHDRPROCHKCH01': ParsedDataItem(IDX__TXHDRPROCHKCH01, raw=83297013, derived=83297013, unit=None), 'IDX__TXHDRPROCHKCH23': ParsedDataItem(IDX__TXHDRPROCHKCH23, raw=134415949, derived=134415949, unit=None), 'IDX__TXHDRPROCHKCH45': ParsedDataItem(IDX__TXHDRPROCHKCH45, raw=174523611, derived=174523611, unit=None), 'IDX__TXHDRPROCHKCH67': ParsedDataItem(IDX__TXHDRPROCHKCH67, raw=133761306, derived=133761306, unit=None), 'IDX__TXHDRHVPSHKCH01': ParsedDataItem(IDX__TXHDRHVPSHKCH01, raw=131794262, derived=131794262, unit=None), 'IDX__TXHDRHVPSHKCH23': ParsedDataItem(IDX__TXHDRHVPSHKCH23, raw=8849069, derived=8849069, unit=None), 'IDX__TXHDRHVPSHKCH45': ParsedDataItem(IDX__TXHDRHVPSHKCH45, raw=127731676, derived=127731676, unit=None), 'IDX__TXHDRHVPSHKCH67': ParsedDataItem(IDX__TXHDRHVPSHKCH67, raw=19925645, derived=19925645, unit=None), 'IDX__TXHDRLVHK0CH01': ParsedDataItem(IDX__TXHDRLVHK0CH01, raw=134219776, derived=134219776, unit=None), 'IDX__TXHDRLVHK0CH23': ParsedDataItem(IDX__TXHDRLVHK0CH23, raw=171838394, derived=171838394, unit=None), 'IDX__TXHDRLVHK0CH45': ParsedDataItem(IDX__TXHDRLVHK0CH45, raw=134810728, derived=134810728, unit=None), 'IDX__TXHDRLVHK0CH67': ParsedDataItem(IDX__TXHDRLVHK0CH67, raw=205851732, derived=205851732, unit=None), 'IDX__TXHDRLVHK1CH01': ParsedDataItem(IDX__TXHDRLVHK1CH01, raw=33293928, derived=33293928, unit=None), 'IDX__TXHDRLVHK1CH23': ParsedDataItem(IDX__TXHDRLVHK1CH23, raw=76744172, derived=76744172, unit=None), 'IDX__TXHDRLVHK1CH45': ParsedDataItem(IDX__TXHDRLVHK1CH45, raw=225707920, derived=225707920, unit=None), 'IDX__TXHDRLVHK1CH67': ParsedDataItem(IDX__TXHDRLVHK1CH67, raw=192414153, derived=192414153, unit=None), 'IDX__TXHDRLVHK2CH01': ParsedDataItem(IDX__TXHDRLVHK2CH01, raw=80807126, derived=80807126, unit=None), 'IDX__TXHDRLVHK2CH23': ParsedDataItem(IDX__TXHDRLVHK2CH23, raw=209324608, derived=209324608, unit=None), 'IDX__TXHDRLVHK2CH45': ParsedDataItem(IDX__TXHDRLVHK2CH45, raw=101059894, derived=101059894, unit=None), 'IDX__TXHDRLVHK2CH67': ParsedDataItem(IDX__TXHDRLVHK2CH67, raw=69017, derived=69017, unit=None), 'IDX__TXHDRSP09': ParsedDataItem(IDX__TXHDRSP09, raw=0, derived=0, unit=None), 'IDX__TXHDRSP10': ParsedDataItem(IDX__TXHDRSP10, raw=0, derived=0, unit=None), 'IDX__TXHDRFSWAIDCOPY': ParsedDataItem(IDX__TXHDRFSWAIDCOPY, raw=2415008032, derived=2415008032, unit=None), 'IDX__TXHDRFSWBINCOPY': ParsedDataItem(IDX__TXHDRFSWBINCOPY, raw=0, derived=0, unit=None), 'IDX__TXHDRFSWMAJOR': ParsedDataItem(IDX__TXHDRFSWMAJOR, raw=2, derived=2, unit=None), 'IDX__TXHDRFSWMINOR': ParsedDataItem(IDX__TXHDRFSWMINOR, raw=0, derived=0, unit=None), 'IDX__TXHDRFSWPATCH': ParsedDataItem(IDX__TXHDRFSWPATCH, raw=0, derived=0, unit=None), 'IDX__TXHDRFSWHVSTAT': ParsedDataItem(IDX__TXHDRFSWHVSTAT, raw=3, derived=3, unit=None), 'IDX__TXHDRFSWMEM0': ParsedDataItem(IDX__TXHDRFSWMEM0, raw=0, derived=0, unit=None), 'IDX__TXHDRFSWMEM1': ParsedDataItem(IDX__TXHDRFSWMEM1, raw=0, derived=0, unit=None), 'IDX__TXHDRFSWPT0': ParsedDataItem(IDX__TXHDRFSWPT0, raw=0, derived=0, unit=None), 'IDX__TXHDRFSWPT1': ParsedDataItem(IDX__TXHDRFSWPT1, raw=0, derived=0, unit=None), 'IDX__TXHDRFSWPT2': ParsedDataItem(IDX__TXHDRFSWPT2, raw=0, derived=0, unit=None), 'IDX__TXHDRFSWPT3': ParsedDataItem(IDX__TXHDRFSWPT3, raw=0, derived=0, unit=None), 'IDX__TXHDRFSWPT4': ParsedDataItem(IDX__TXHDRFSWPT4, raw=0, derived=0, unit=None), 'IDX__TXHDRFSWPT5': ParsedDataItem(IDX__TXHDRFSWPT5, raw=0, derived=0, unit=None), 'IDX__TXHDRFSWPT6': ParsedDataItem(IDX__TXHDRFSWPT6, raw=0, derived=0, unit=None), 'IDX__TXHDRFSWPT7': ParsedDataItem(IDX__TXHDRFSWPT7, raw=0, derived=0, unit=None), 'IDX__TXHDRFSWPT8': ParsedDataItem(IDX__TXHDRFSWPT8, raw=0, derived=0, unit=None), 'IDX__TXHDRFSWPT9': ParsedDataItem(IDX__TXHDRFSWPT9, raw=0, derived=0, unit=None), 'IDX__TXHDRFPGAVER': ParsedDataItem(IDX__TXHDRFPGAVER, raw=539165480, derived=539165480, unit=None), 'IDX__SYNCSCI0PKT': ParsedDataItem(IDX__SYNCSCI0PKT, raw=13107, derived=13107, unit=None), 'IDX__CRCSCI0PKT': ParsedDataItem(IDX__CRCSCI0PKT, raw=57794, derived=57794, unit=None)}
SHCOARSE = 429139393
SHFINE = 7099
IDX__SCI0AID = 2415008032
IDX__SCI0TYPE = 1
IDX__SCI0CONT = 127
IDX__SCI0SPARE1 = 0
IDX__SCI0PACK = EN
IDX__SCI0FRAG = DS
IDX__SCI0COMP = DS
IDX__SCI0EVTNUM = 17
IDX__SCI0CAT = 32
IDX__SCI0QUAL = 5
IDX__SCI0FRAGOFF = 0
IDX__SCI0VER = 9
IDX__SCI0TIME32 = 429138359
IDX__SCI0SPARE2 = 0
IDX__SCI0SPARE3 = 0
IDX__SCI0SPARE4 = 0
IDX__TXHDRSCIEVTLEN = 8320
IDX__TXHDRSP00 = 0
IDX__TXHDRTIMESEC1 = 6548
IDX__TXHDRTIMESEC2 = 8631
IDX__TXHDRTIMESUBS = 4502
IDX__TXHDRSP01 = 0
IDX__TXHDRTRIGOFFSET = 5
IDX__TXHDRSP02 = 0
IDX__TXHDRTRIGID = 1
IDX__TXHDREVTNUM = 17
IDX__TXHDRBLOCKS = 243679
IDX__TXHDRHGTRIGCTRL1 = 2222981120
IDX__TXHDRHGTRIGCTRL2 = 0
IDX__TXHDRLGTRIGCTRL1 = 4294965248
IDX__TXHDRLGTRIGCTRL2 = 4278255360
IDX__TXHDRMGTRIGCTRL1 = 4294965248
IDX__TXHDRMGTRIGCTRL2 = 4278255360
IDX__TXHDRSP03 = 0
IDX__TXHDRLSADC = 1048320
IDX__TXHDRPOLSTAT = NEG
IDX__TXHDRSP04 = 0
IDX__TXHDRPOLCTRL = POS
IDX__TXHDRCOINENA = DIS
IDX__TXHDRLSTRIGMODE = DIS
IDX__TXHDRMGTRIGMODE = 0
IDX__TXHDRLGTRIGMODE = 0
IDX__TXHDRHGTRIGMODE = 1
IDX__TXHDRSP05 = 0
IDX__TXHDRSP06 = 0
IDX__TXHDRSP07 = 2019
IDX__TXHDRSP08 = 0
IDX__TXHDRTOFMAX = 547887938
IDX__TXHDRTOFMIN = 535295475
IDX__TXHDRLS0MAXMIN = 8534014
IDX__TXHDRLS1MAXMIN = 11036052
IDX__TXHDRLS2MAXMIN = 9172961
IDX__TXHDRFIFODELAY = 15
IDX__TXHDRSAMPDELAY = 40934469
IDX__TXHDRTRANSCNT = 16
IDX__TXHDRPROCHKCH01 = 83297013
IDX__TXHDRPROCHKCH23 = 134415949
IDX__TXHDRPROCHKCH45 = 174523611
IDX__TXHDRPROCHKCH67 = 133761306
IDX__TXHDRHVPSHKCH01 = 131794262
IDX__TXHDRHVPSHKCH23 = 8849069
IDX__TXHDRHVPSHKCH45 = 127731676
IDX__TXHDRHVPSHKCH67 = 19925645
IDX__TXHDRLVHK0CH01 = 134219776
IDX__TXHDRLVHK0CH23 = 171838394
IDX__TXHDRLVHK0CH45 = 134810728
IDX__TXHDRLVHK0CH67 = 205851732
IDX__TXHDRLVHK1CH01 = 33293928
IDX__TXHDRLVHK1CH23 = 76744172
IDX__TXHDRLVHK1CH45 = 225707920
IDX__TXHDRLVHK1CH67 = 192414153
IDX__TXHDRLVHK2CH01 = 80807126
IDX__TXHDRLVHK2CH23 = 209324608
IDX__TXHDRLVHK2CH45 = 101059894
IDX__TXHDRLVHK2CH67 = 69017
IDX__TXHDRSP09 = 0
IDX__TXHDRSP10 = 0
IDX__TXHDRFSWAIDCOPY = 2415008032
IDX__TXHDRFSWBINCOPY = 0
IDX__TXHDRFSWMAJOR = 2
IDX__TXHDRFSWMINOR = 0
IDX__TXHDRFSWPATCH = 0
IDX__TXHDRFSWHVSTAT = 3
IDX__TXHDRFSWMEM0 = 0
IDX__TXHDRFSWMEM1 = 0
IDX__TXHDRFSWPT0 = 0
IDX__TXHDRFSWPT1 = 0
IDX__TXHDRFSWPT2 = 0
IDX__TXHDRFSWPT3 = 0
IDX__TXHDRFSWPT4 = 0
IDX__TXHDRFSWPT5 = 0
IDX__TXHDRFSWPT6 = 0
IDX__TXHDRFSWPT7 = 0
IDX__TXHDRFSWPT8 = 0
IDX__TXHDRFSWPT9 = 0
IDX__TXHDRFPGAVER = 539165480
IDX__SYNCSCI0PKT = 13107
IDX__CRCSCI0PKT = 57794
^*****Event header 18******^
EVTNUM: 18
SCI0TYPE: 1
TXHDRBLOCKS RAW: 243679
TXHDRBLOCKS DERIVED: 243679
-----
HS pre trig sampling blocks:  31
LS pre trig sampling blocks:  3
HS post trig sampling blocks:  31
LS post trig sampling blocks:  11
IDX__TXHDRHVPSHKCH01 = 131794262
Detector voltage =  1366
Sensor voltage =  2011
Target voltage =  1709
Reflectron voltage =  135
Rejection voltage =  2012
Current for HVPS sensor =  1949
Positive current for HVPS sensor =  2701
Negative current for HVPS sensor =  304
Voltage +3.3V reference =  2048
Voltage +3.3V operational reference =  2048
Voltage -6V bus =  3002
Voltage +6V bus =  2622
Voltage +16V bus =  3176
Voltage +3.3V bus =  2057
Voltage -5V bus =  3156
Voltage +5V bus =  3141
Current +3.3V bus =  1640
Current +16V bus =  1171
Current +6V bus =  1516
Current -6V bus =  1171
Current +5V bus =  1936
Current -5V bus =  3444
Current +2.5V bus =  457
Current -2.5V bus =  2936
Current on the 1V POL =  757
Current on the 1.9V POL =  1271
ProcBd Temperature 1 =  1613
ProcBd Temperature 2 =  2051
Voltage on 1V bus =  1243
FPGA Temperature =  2663
Voltage on 1.9V bus =  2330
Voltage on 3.3V bus =  2041
var_to_row = {'Last measurement in raw DN for Processor Board signal “1V POL Current”': 0, 'Last measurement in raw DN for Processor Board signal “1.9V POL Current”': 1, 'Last measurement in raw DN for Processor Board signal “ProcBd Temp1”': 2, nan: 48, 'Last measurement in raw DN for Processor Board signal “ProcBd Temp2”': 6, 'Last measurement in raw DN for Processor Board signal “1V Voltage”': 10, 'Last measurement in raw DN for Processor Board signal “FPGA Temp”': 11, 'Last measurement in raw DN for Processor Board signal “1.9V Voltage”': 12, 'Last measurement in raw DN for Processor Board signal “3.3V Voltage”': 13, 'Last measurement in raw DN for HVPS Board signal “Detector Voltage”': 14, 'Last measurement in raw DN for HVPS Board signal “Sensor Voltage"': 15, 'Last measurement in raw DN for HVPS Board signal “Target Voltage”': 16, 'Last measurement in raw DN for HVPS Board signal “Reflectron Voltage”': 17, 'Last measurement in raw DN for HVPS Board signal “Rejection Voltage”': 18, 'Last measurement in raw DN for HVPS Board signal “Detector Current”': 19, 'Last measurement in raw DN for HVPS Board signal “Sensor IP”': 20, 'Last measurement in raw DN for HVPS Board signal “Sensor IN”': 21, 'Last measurement in raw DN for LVPS Board signal “P3.3VREF_HK”': 22, 'Last measurement in raw DN for LVPS Board signal “P3.3VREF_OP”': 23, 'Last measurement in raw DN for LVPS Board signal “N6V”': 24, 'Last measurement in raw DN for LVPS Board signal “P6V”': 25, 'Last measurement in raw DN for LVPS Board signal “P16V”': 26, 'Last measurement in raw DN for LVPS Board signal “P3.3V”': 27, 'Last measurement in raw DN for LVPS Board signal “N5V”': 28, 'Last measurement in raw DN for LVPS Board signal “P5V”': 29, 'Last measurement in raw DN for LVPS Board signal “P3.3_IMON”': 30, 'Last measurement in raw DN for LVPS Board signal “P16V_IMON”': 31, 'Last measurement in raw DN for LVPS Board signal “P6V_IMON”': 32, 'Last measurement in raw DN for LVPS Board signal “N6V_IMON”': 33, 'Last measurement in raw DN for LVPS Board signal “P5V_IMON”': 34, 'Last measurement in raw DN for LVPS Board signal “N5V_IMON”': 35, 'Last measurement in raw DN for LVPS Board signal “P2.5V_IMON”': 36, 'Last measurement in raw DN for LVPS Board signal “N2.5V_IMON”': 37, 'Last measurement in raw DN for LVPS Board signal “THERM_DECON0”': 38, 'Last measurement in raw DN for LVPS Board signal “THERM_DECON1”': 39, 'Last measurement in raw DN for LVPS Board signal “THERM_DAB”': 40, 'Last measurement in raw DN for LVPS Board signal “THERM_LVPS”': 41, 'Last measurement in raw DN for LVPS Board signal “THERM_HVPS”': 45, 'Last measurement in raw DN for LVPS Board signal “P2.5V”': 49, 'Last measurement in raw DN for LVPS Board signal “N2.5V”': 50, 'Last measurement in raw DN for LVPS Board signal “Spare”': 51}

 
 ***** var_name being converted for each instrument setting ***** 
 

Matching row  18
coeffs for Last measurement in raw DN for Processor Board signal “1V POL Current”= [0.0 0.9029253 0.0 0.0 0.0 0.0 0.0 0.0]
var_name = Last measurement in raw DN for Processor Board signal “1V POL Current”
var_name = current_1V_pol
Header info = 757
Transformed value for current_1V_pol = 683.5144521000001
Matching row  18
coeffs for Last measurement in raw DN for Processor Board signal “1.9V POL Current”= [0.0 0.9029253 0.0 0.0 0.0 0.0 0.0 0.0]
var_name = Last measurement in raw DN for Processor Board signal “1.9V POL Current”
var_name = current_1.9V_pol
Header info = 1271
Transformed value for current_1.9V_pol = 1147.6180563
Matching row  18
coeffs for Last measurement in raw DN for Processor Board signal “ProcBd Temp1”= [162.8276 -0.2668687 0.0003323794 -2.43153e-07 9.034532e-11 -1.327735e-14
 0.0 0.0]
var_name = Last measurement in raw DN for Processor Board signal “ProcBd Temp1”
var_name = temperature_1
Header info = 1613
Transformed value for temperature_1 = 43.30795406963571
Matching row  18
coeffs for nan= [-104713.9 52.02446 -0.006463374 0.0 0.0 0.0 0.0 0.0]
var_name = nan
var_name = None
KeyError: (18, None) - Could not find entry for None, 48. Please check the Var_notes or variable mapping.
Matching row  18
coeffs for Last measurement in raw DN for Processor Board signal “ProcBd Temp2”= [162.8276 -0.2668687 0.0003323794 -2.43153e-07 9.034532e-11 -1.327735e-14
 0.0 0.0]
var_name = Last measurement in raw DN for Processor Board signal “ProcBd Temp2”
var_name = temperature_2
Header info = 2051
Transformed value for temperature_2 = 32.63086943044323
Matching row  18
coeffs for Last measurement in raw DN for Processor Board signal “1V Voltage”= [0.0 0.000805861 0.0 0.0 0.0 0.0 0.0 0.0]
var_name = Last measurement in raw DN for Processor Board signal “1V Voltage”
var_name = voltage_1V_bus
Header info = 1243
Transformed value for voltage_1V_bus = 1.001685223
Matching row  18
coeffs for Last measurement in raw DN for Processor Board signal “FPGA Temp”= [358.31 -0.1187104 0.0 0.0 0.0 0.0 0.0 0.0]
var_name = Last measurement in raw DN for Processor Board signal “FPGA Temp”
var_name = fpga_temperature
Header info = 2663
Transformed value for fpga_temperature = 42.18420480000003
Matching row  18
coeffs for Last measurement in raw DN for Processor Board signal “1.9V Voltage”= [0.0 0.000805861 0.0 0.0 0.0 0.0 0.0 0.0]
var_name = Last measurement in raw DN for Processor Board signal “1.9V Voltage”
var_name = voltage_1.9V_bus
Header info = 2330
Transformed value for voltage_1.9V_bus = 1.8776561299999999
Matching row  18
coeffs for Last measurement in raw DN for Processor Board signal “3.3V Voltage”= [0.0 0.001611722 0.0 0.0 0.0 0.0 0.0 0.0]
var_name = Last measurement in raw DN for Processor Board signal “3.3V Voltage”
var_name = voltage_3.3V_bus
Header info = 2041
Transformed value for voltage_3.3V_bus = 3.2895246019999997
Matching row  18
coeffs for Last measurement in raw DN for HVPS Board signal “Detector Voltage”= [0.0 1.4652 0.0 0.0 0.0 0.0 0.0 0.0]
var_name = Last measurement in raw DN for HVPS Board signal “Detector Voltage”
var_name = detector_voltage
Header info = 1366
Transformed value for detector_voltage = 2001.4632000000001
Matching row  18
coeffs for Last measurement in raw DN for HVPS Board signal “Sensor Voltage"= [0.0 1.4652 0.0 0.0 0.0 0.0 0.0 0.0]
var_name = Last measurement in raw DN for HVPS Board signal “Sensor Voltage"
var_name = sensor_voltage
Header info = 2011
Transformed value for sensor_voltage = 2946.5172000000002
Matching row  18
coeffs for Last measurement in raw DN for HVPS Board signal “Target Voltage”= [0.0 1.4652 0.0 0.0 0.0 0.0 0.0 0.0]
var_name = Last measurement in raw DN for HVPS Board signal “Target Voltage”
var_name = target_voltage
Header info = 1709
Transformed value for target_voltage = 2504.0268
Matching row  18
coeffs for Last measurement in raw DN for HVPS Board signal “Reflectron Voltage”= [0.0 1.4652 0.0 0.0 0.0 0.0 0.0 0.0]
var_name = Last measurement in raw DN for HVPS Board signal “Reflectron Voltage”
var_name = reflectron_voltage
Header info = 135
Transformed value for reflectron_voltage = 197.80200000000002
Matching row  18
coeffs for Last measurement in raw DN for HVPS Board signal “Rejection Voltage”= [0.0 1.4652 0.0 0.0 0.0 0.0 0.0 0.0]
var_name = Last measurement in raw DN for HVPS Board signal “Rejection Voltage”
var_name = rejection_voltage
Header info = 2012
Transformed value for rejection_voltage = 2947.9824000000003
Matching row  18
coeffs for Last measurement in raw DN for HVPS Board signal “Detector Current”= [0.0 7.326e-06 0.0 0.0 0.0 0.0 0.0 0.0]
var_name = Last measurement in raw DN for HVPS Board signal “Detector Current”
var_name = current_hvps_sensor
Header info = 1949
Transformed value for current_hvps_sensor = 0.014278374
Matching row  18
coeffs for Last measurement in raw DN for HVPS Board signal “Sensor IP”= [0.0 2.4339e-05 0.0 0.0 0.0 0.0 0.0 0.0]
var_name = Last measurement in raw DN for HVPS Board signal “Sensor IP”
var_name = positive_current_hvps
Header info = 2701
Transformed value for positive_current_hvps = 0.065739639
Matching row  18
coeffs for Last measurement in raw DN for HVPS Board signal “Sensor IN”= [0.0 2.4339e-05 0.0 0.0 0.0 0.0 0.0 0.0]
var_name = Last measurement in raw DN for HVPS Board signal “Sensor IN”
var_name = negative_current_hvps
Header info = 304
Transformed value for negative_current_hvps = 0.007399055999999999
Matching row  18
coeffs for Last measurement in raw DN for LVPS Board signal “P3.3VREF_HK”= [0.0 0.00161172 0.0 0.0 0.0 0.0 0.0 0.0]
var_name = Last measurement in raw DN for LVPS Board signal “P3.3VREF_HK”
var_name = voltage_3V3_ref
Header info = 2048
Transformed value for voltage_3V3_ref = 3.30080256
Matching row  18
coeffs for Last measurement in raw DN for LVPS Board signal “P3.3VREF_OP”= [0.0 0.00161172 0.0 0.0 0.0 0.0 0.0 0.0]
var_name = Last measurement in raw DN for LVPS Board signal “P3.3VREF_OP”
var_name = voltage_3V3_op_ref
Header info = 2048
Transformed value for voltage_3V3_op_ref = 3.30080256
Matching row  18
coeffs for Last measurement in raw DN for LVPS Board signal “N6V”= [-33.0 0.00886447 0.0 0.0 0.0 0.0 0.0 0.0]
var_name = Last measurement in raw DN for LVPS Board signal “N6V”
var_name = voltage_neg6V_bus
Header info = 3002
Transformed value for voltage_neg6V_bus = -6.3888610600000035
Matching row  18
coeffs for Last measurement in raw DN for LVPS Board signal “P6V”= [0.0 0.00241758 0.0 0.0 0.0 0.0 0.0 0.0]
var_name = Last measurement in raw DN for LVPS Board signal “P6V”
var_name = voltage_pos6V_bus
Header info = 2622
Transformed value for voltage_pos6V_bus = 6.33889476
Matching row  18
coeffs for Last measurement in raw DN for LVPS Board signal “P16V”= [0.0 0.00482711 0.0 0.0 0.0 0.0 0.0 0.0]
var_name = Last measurement in raw DN for LVPS Board signal “P16V”
var_name = voltage_pos16V_bus
Header info = 3176
Transformed value for voltage_pos16V_bus = 15.33090136
Matching row  18
coeffs for Last measurement in raw DN for LVPS Board signal “P3.3V”= [0.0 0.00161172 0.0 0.0 0.0 0.0 0.0 0.0]
var_name = Last measurement in raw DN for LVPS Board signal “P3.3V”
var_name = voltage_pos3V3_bus
Header info = 2057
Transformed value for voltage_pos3V3_bus = 3.31530804
Matching row  18
coeffs for Last measurement in raw DN for LVPS Board signal “N5V”= [-33.0 0.00886447 0.0 0.0 0.0 0.0 0.0 0.0]
var_name = Last measurement in raw DN for LVPS Board signal “N5V”
var_name = voltage_neg5V_bus
Header info = 3156
Transformed value for voltage_neg5V_bus = -5.023732680000002
Matching row  18
coeffs for Last measurement in raw DN for LVPS Board signal “P5V”= [0.0 0.00161172 0.0 0.0 0.0 0.0 0.0 0.0]
var_name = Last measurement in raw DN for LVPS Board signal “P5V”
var_name = voltage_pos5V_bus
Header info = 3141
Transformed value for voltage_pos5V_bus = 5.0624125200000005
Matching row  18
coeffs for Last measurement in raw DN for LVPS Board signal “P3.3_IMON”= [0.0 0.00161172 0.0 0.0 0.0 0.0 0.0 0.0]
var_name = Last measurement in raw DN for LVPS Board signal “P3.3_IMON”
var_name = current_3V3_bus
Header info = 1640
Transformed value for current_3V3_bus = 2.6432208
Matching row  18
coeffs for Last measurement in raw DN for LVPS Board signal “P16V_IMON”= [0.0 0.000161172 0.0 0.0 0.0 0.0 0.0 0.0]
var_name = Last measurement in raw DN for LVPS Board signal “P16V_IMON”
var_name = current_16V_bus
Header info = 1171
Transformed value for current_16V_bus = 0.18873241200000002
Matching row  18
coeffs for Last measurement in raw DN for LVPS Board signal “P6V_IMON”= [0.0 8.05861e-05 0.0 0.0 0.0 0.0 0.0 0.0]
var_name = Last measurement in raw DN for LVPS Board signal “P6V_IMON”
var_name = current_6V_bus
Header info = 1516
Transformed value for current_6V_bus = 0.1221685276
Matching row  18
coeffs for Last measurement in raw DN for LVPS Board signal “N6V_IMON”= [0.0 -8.05861e-05 0.0 0.0 0.0 0.0 0.0 0.0]
var_name = Last measurement in raw DN for LVPS Board signal “N6V_IMON”
var_name = current_neg6V_bus
Header info = 1171
Transformed value for current_neg6V_bus = -0.0943663231
Matching row  18
coeffs for Last measurement in raw DN for LVPS Board signal “P5V_IMON”= [0.0 4.029304e-05 0.0 0.0 0.0 0.0 0.0 0.0]
var_name = Last measurement in raw DN for LVPS Board signal “P5V_IMON”
var_name = current_5V_bus
Header info = 1936
Transformed value for current_5V_bus = 0.07800732544
Matching row  18
coeffs for Last measurement in raw DN for LVPS Board signal “N5V_IMON”= [0.0 -2.01465e-05 0.0 0.0 0.0 0.0 0.0 0.0]
var_name = Last measurement in raw DN for LVPS Board signal “N5V_IMON”
var_name = current_neg5V_bus
Header info = 3444
Transformed value for current_neg5V_bus = -0.069384546
Matching row  18
coeffs for Last measurement in raw DN for LVPS Board signal “P2.5V_IMON”= [0.0 0.00161172 0.0 0.0 0.0 0.0 0.0 0.0]
var_name = Last measurement in raw DN for LVPS Board signal “P2.5V_IMON”
var_name = current_2V5_bus
Header info = 457
Transformed value for current_2V5_bus = 0.7365560400000001
Matching row  18
coeffs for Last measurement in raw DN for LVPS Board signal “N2.5V_IMON”= [0.0 -4.0293e-05 0.0 0.0 0.0 0.0 0.0 0.0]
var_name = Last measurement in raw DN for LVPS Board signal “N2.5V_IMON”
var_name = current_neg2V5_bus
Header info = 2936
Transformed value for current_neg2V5_bus = -0.11830024800000001
Matching row  18
coeffs for Last measurement in raw DN for LVPS Board signal “THERM_DECON0”= [-110.293 0.0665351 0.000305738 -6.32048e-07 5.9934e-10 -2.98784e-13
 7.61361e-17 -7.76467e-21]
var_name = Last measurement in raw DN for LVPS Board signal “THERM_DECON0”
var_name = None
KeyError: (18, None) - Could not find entry for None, 38. Please check the Var_notes or variable mapping.
Matching row  18
coeffs for Last measurement in raw DN for LVPS Board signal “THERM_DECON1”= [-150.478 0.376986 -0.00062072 7.73853e-07 -5.81588e-10 2.56368e-13
 -6.05698e-17 5.96635e-21]
var_name = Last measurement in raw DN for LVPS Board signal “THERM_DECON1”
var_name = None
KeyError: (18, None) - Could not find entry for None, 39. Please check the Var_notes or variable mapping.
Matching row  18
coeffs for Last measurement in raw DN for LVPS Board signal “THERM_DAB”= [-443.248 1.31224 -0.00180422 1.40016e-06 -6.43766e-10 1.7448e-13
 -2.57695e-17 1.60239e-21]
var_name = Last measurement in raw DN for LVPS Board signal “THERM_DAB”
var_name = None
KeyError: (18, None) - Could not find entry for None, 40. Please check the Var_notes or variable mapping.
Matching row  18
coeffs for Last measurement in raw DN for LVPS Board signal “THERM_LVPS”= [200.4137 -0.2020699 0.000175403 -9.739547e-08 2.888932e-11 -3.545603e-15
 0.0 0.0]
var_name = Last measurement in raw DN for LVPS Board signal “THERM_LVPS”
var_name = None
KeyError: (18, None) - Could not find entry for None, 41. Please check the Var_notes or variable mapping.
Matching row  18
coeffs for Last measurement in raw DN for LVPS Board signal “THERM_HVPS”= [200.4137 -0.2020699 0.000175403 -9.739547e-08 2.888932e-11 -3.545603e-15
 0.0 0.0]
var_name = Last measurement in raw DN for LVPS Board signal “THERM_HVPS”
var_name = None
KeyError: (18, None) - Could not find entry for None, 45. Please check the Var_notes or variable mapping.
Matching row  18
coeffs for Last measurement in raw DN for LVPS Board signal “P2.5V”= [0.0 0.00161172 0.0 0.0 0.0 0.0 0.0 0.0]
var_name = Last measurement in raw DN for LVPS Board signal “P2.5V”
var_name = None
KeyError: (18, None) - Could not find entry for None, 49. Please check the Var_notes or variable mapping.
Matching row  18
coeffs for Last measurement in raw DN for LVPS Board signal “N2.5V”= [-33.0 0.00886447 0.0 0.0 0.0 0.0 0.0 0.0]
var_name = Last measurement in raw DN for LVPS Board signal “N2.5V”
var_name = None
KeyError: (18, None) - Could not find entry for None, 50. Please check the Var_notes or variable mapping.
Matching row  18
coeffs for Last measurement in raw DN for LVPS Board signal “Spare”= [0.0 0.00161172 0.0 0.0 0.0 0.0 0.0 0.0]
var_name = Last measurement in raw DN for LVPS Board signal “Spare”
var_name = spare_signal
KeyError: (18, 'spare_signal') - Could not find entry for spare_signal, 51. Please check the Var_notes or variable mapping.
High gain delay = 69 samples.
Mid gain delay = 39 samples.
Low gain delay = 39 samples.
High sampling trigger mode =  0 0 1
High gain trigger mode enabled.
For 2222981120, HG Trigger level = 0.15317, sample settings = 0, 0
Threshold trigger mode enabled for high gain channel.
AID = 2415008032
Event number = 17
Rice compression enabled = False
Timestamp = 429138359.09004 seconds since epoch (Midnight January 1st, 2010)
Trigger time = 2023-08-07T21:05:59.090040Z
18
18
18
18
18
18
18
18
18
18
18
18
18
{'SHCOARSE': ParsedDataItem(SHCOARSE, raw=429139407, derived=429139407, unit=dn), 'SHFINE': ParsedDataItem(SHFINE, raw=7105, derived=7105, unit=dn), 'IDX__SCI0AID': ParsedDataItem(IDX__SCI0AID, raw=2415008032, derived=2415008032, unit=None), 'IDX__SCI0TYPE': ParsedDataItem(IDX__SCI0TYPE, raw=1, derived=1, unit=None), 'IDX__SCI0CONT': ParsedDataItem(IDX__SCI0CONT, raw=127, derived=127, unit=None), 'IDX__SCI0SPARE1': ParsedDataItem(IDX__SCI0SPARE1, raw=0, derived=0, unit=None), 'IDX__SCI0PACK': ParsedDataItem(IDX__SCI0PACK, raw=1, derived=EN, unit=None), 'IDX__SCI0FRAG': ParsedDataItem(IDX__SCI0FRAG, raw=0, derived=DS, unit=None), 'IDX__SCI0COMP': ParsedDataItem(IDX__SCI0COMP, raw=0, derived=DS, unit=None), 'IDX__SCI0EVTNUM': ParsedDataItem(IDX__SCI0EVTNUM, raw=18, derived=18, unit=None), 'IDX__SCI0CAT': ParsedDataItem(IDX__SCI0CAT, raw=32, derived=32, unit=None), 'IDX__SCI0QUAL': ParsedDataItem(IDX__SCI0QUAL, raw=5, derived=5, unit=None), 'IDX__SCI0FRAGOFF': ParsedDataItem(IDX__SCI0FRAGOFF, raw=0, derived=0, unit=None), 'IDX__SCI0VER': ParsedDataItem(IDX__SCI0VER, raw=9, derived=9, unit=None), 'IDX__SCI0TIME32': ParsedDataItem(IDX__SCI0TIME32, raw=429138411, derived=429138411, unit=None), 'IDX__SCI0SPARE2': ParsedDataItem(IDX__SCI0SPARE2, raw=0, derived=0, unit=None), 'IDX__SCI0SPARE3': ParsedDataItem(IDX__SCI0SPARE3, raw=0, derived=0, unit=None), 'IDX__SCI0SPARE4': ParsedDataItem(IDX__SCI0SPARE4, raw=0, derived=0, unit=None), 'IDX__TXHDRSCIEVTLEN': ParsedDataItem(IDX__TXHDRSCIEVTLEN, raw=8320, derived=8320, unit=None), 'IDX__TXHDRSP00': ParsedDataItem(IDX__TXHDRSP00, raw=0, derived=0, unit=None), 'IDX__TXHDRTIMESEC1': ParsedDataItem(IDX__TXHDRTIMESEC1, raw=6548, derived=6548, unit=None), 'IDX__TXHDRTIMESEC2': ParsedDataItem(IDX__TXHDRTIMESEC2, raw=8683, derived=8683, unit=None), 'IDX__TXHDRTIMESUBS': ParsedDataItem(IDX__TXHDRTIMESUBS, raw=45017, derived=45017, unit=None), 'IDX__TXHDRSP01': ParsedDataItem(IDX__TXHDRSP01, raw=0, derived=0, unit=None), 'IDX__TXHDRTRIGOFFSET': ParsedDataItem(IDX__TXHDRTRIGOFFSET, raw=6, derived=6, unit=None), 'IDX__TXHDRSP02': ParsedDataItem(IDX__TXHDRSP02, raw=0, derived=0, unit=None), 'IDX__TXHDRTRIGID': ParsedDataItem(IDX__TXHDRTRIGID, raw=1, derived=1, unit=None), 'IDX__TXHDREVTNUM': ParsedDataItem(IDX__TXHDREVTNUM, raw=18, derived=18, unit=None), 'IDX__TXHDRBLOCKS': ParsedDataItem(IDX__TXHDRBLOCKS, raw=243679, derived=243679, unit=None), 'IDX__TXHDRHGTRIGCTRL1': ParsedDataItem(IDX__TXHDRHGTRIGCTRL1, raw=2222981120, derived=2222981120, unit=None), 'IDX__TXHDRHGTRIGCTRL2': ParsedDataItem(IDX__TXHDRHGTRIGCTRL2, raw=0, derived=0, unit=None), 'IDX__TXHDRLGTRIGCTRL1': ParsedDataItem(IDX__TXHDRLGTRIGCTRL1, raw=4294965248, derived=4294965248, unit=None), 'IDX__TXHDRLGTRIGCTRL2': ParsedDataItem(IDX__TXHDRLGTRIGCTRL2, raw=4278255360, derived=4278255360, unit=None), 'IDX__TXHDRMGTRIGCTRL1': ParsedDataItem(IDX__TXHDRMGTRIGCTRL1, raw=4294965248, derived=4294965248, unit=None), 'IDX__TXHDRMGTRIGCTRL2': ParsedDataItem(IDX__TXHDRMGTRIGCTRL2, raw=4278255360, derived=4278255360, unit=None), 'IDX__TXHDRSP03': ParsedDataItem(IDX__TXHDRSP03, raw=0, derived=0, unit=None), 'IDX__TXHDRLSADC': ParsedDataItem(IDX__TXHDRLSADC, raw=1048320, derived=1048320, unit=None), 'IDX__TXHDRPOLSTAT': ParsedDataItem(IDX__TXHDRPOLSTAT, raw=1, derived=NEG, unit=None), 'IDX__TXHDRSP04': ParsedDataItem(IDX__TXHDRSP04, raw=0, derived=0, unit=None), 'IDX__TXHDRPOLCTRL': ParsedDataItem(IDX__TXHDRPOLCTRL, raw=0, derived=POS, unit=None), 'IDX__TXHDRCOINENA': ParsedDataItem(IDX__TXHDRCOINENA, raw=0, derived=DIS, unit=None), 'IDX__TXHDRLSTRIGMODE': ParsedDataItem(IDX__TXHDRLSTRIGMODE, raw=0, derived=DIS, unit=None), 'IDX__TXHDRMGTRIGMODE': ParsedDataItem(IDX__TXHDRMGTRIGMODE, raw=0, derived=0, unit=None), 'IDX__TXHDRLGTRIGMODE': ParsedDataItem(IDX__TXHDRLGTRIGMODE, raw=0, derived=0, unit=None), 'IDX__TXHDRHGTRIGMODE': ParsedDataItem(IDX__TXHDRHGTRIGMODE, raw=1, derived=1, unit=None), 'IDX__TXHDRSP05': ParsedDataItem(IDX__TXHDRSP05, raw=0, derived=0, unit=None), 'IDX__TXHDRSP06': ParsedDataItem(IDX__TXHDRSP06, raw=0, derived=0, unit=None), 'IDX__TXHDRSP07': ParsedDataItem(IDX__TXHDRSP07, raw=2015, derived=2015, unit=None), 'IDX__TXHDRSP08': ParsedDataItem(IDX__TXHDRSP08, raw=0, derived=0, unit=None), 'IDX__TXHDRTOFMAX': ParsedDataItem(IDX__TXHDRTOFMAX, raw=541596182, derived=541596182, unit=None), 'IDX__TXHDRTOFMIN': ParsedDataItem(IDX__TXHDRTOFMIN, raw=535295474, derived=535295474, unit=None), 'IDX__TXHDRLS0MAXMIN': ParsedDataItem(IDX__TXHDRLS0MAXMIN, raw=8529918, derived=8529918, unit=None), 'IDX__TXHDRLS1MAXMIN': ParsedDataItem(IDX__TXHDRLS1MAXMIN, raw=10589762, derived=10589762, unit=None), 'IDX__TXHDRLS2MAXMIN': ParsedDataItem(IDX__TXHDRLS2MAXMIN, raw=9091039, derived=9091039, unit=None), 'IDX__TXHDRFIFODELAY': ParsedDataItem(IDX__TXHDRFIFODELAY, raw=15, derived=15, unit=None), 'IDX__TXHDRSAMPDELAY': ParsedDataItem(IDX__TXHDRSAMPDELAY, raw=49331276, derived=49331276, unit=None), 'IDX__TXHDRTRANSCNT': ParsedDataItem(IDX__TXHDRTRANSCNT, raw=2, derived=2, unit=None), 'IDX__TXHDRPROCHKCH01': ParsedDataItem(IDX__TXHDRPROCHKCH01, raw=83297015, derived=83297015, unit=None), 'IDX__TXHDRPROCHKCH23': ParsedDataItem(IDX__TXHDRPROCHKCH23, raw=133695043, derived=133695043, unit=None), 'IDX__TXHDRPROCHKCH45': ParsedDataItem(IDX__TXHDRPROCHKCH45, raw=174392539, derived=174392539, unit=None), 'IDX__TXHDRPROCHKCH67': ParsedDataItem(IDX__TXHDRPROCHKCH67, raw=133761306, derived=133761306, unit=None), 'IDX__TXHDRHVPSHKCH01': ParsedDataItem(IDX__TXHDRHVPSHKCH01, raw=131794263, derived=131794263, unit=None), 'IDX__TXHDRHVPSHKCH23': ParsedDataItem(IDX__TXHDRHVPSHKCH23, raw=8849069, derived=8849069, unit=None), 'IDX__TXHDRHVPSHKCH45': ParsedDataItem(IDX__TXHDRHVPSHKCH45, raw=127731675, derived=127731675, unit=None), 'IDX__TXHDRHVPSHKCH67': ParsedDataItem(IDX__TXHDRHVPSHKCH67, raw=19925645, derived=19925645, unit=None), 'IDX__TXHDRLVHK0CH01': ParsedDataItem(IDX__TXHDRLVHK0CH01, raw=134219776, derived=134219776, unit=None), 'IDX__TXHDRLVHK0CH23': ParsedDataItem(IDX__TXHDRLVHK0CH23, raw=171772858, derived=171772858, unit=None), 'IDX__TXHDRLVHK0CH45': ParsedDataItem(IDX__TXHDRLVHK0CH45, raw=134745192, derived=134745192, unit=None), 'IDX__TXHDRLVHK0CH67': ParsedDataItem(IDX__TXHDRLVHK0CH67, raw=205786196, derived=205786196, unit=None), 'IDX__TXHDRLVHK1CH01': ParsedDataItem(IDX__TXHDRLVHK1CH01, raw=33293929, derived=33293929, unit=None), 'IDX__TXHDRLVHK1CH23': ParsedDataItem(IDX__TXHDRLVHK1CH23, raw=76744172, derived=76744172, unit=None), 'IDX__TXHDRLVHK1CH45': ParsedDataItem(IDX__TXHDRLVHK1CH45, raw=225707920, derived=225707920, unit=None), 'IDX__TXHDRLVHK1CH67': ParsedDataItem(IDX__TXHDRLVHK1CH67, raw=192414152, derived=192414152, unit=None), 'IDX__TXHDRLVHK2CH01': ParsedDataItem(IDX__TXHDRLVHK2CH01, raw=80807126, derived=80807126, unit=None), 'IDX__TXHDRLVHK2CH23': ParsedDataItem(IDX__TXHDRLVHK2CH23, raw=208996928, derived=208996928, unit=None), 'IDX__TXHDRLVHK2CH45': ParsedDataItem(IDX__TXHDRLVHK2CH45, raw=101059891, derived=101059891, unit=None), 'IDX__TXHDRLVHK2CH67': ParsedDataItem(IDX__TXHDRLVHK2CH67, raw=69017, derived=69017, unit=None), 'IDX__TXHDRSP09': ParsedDataItem(IDX__TXHDRSP09, raw=0, derived=0, unit=None), 'IDX__TXHDRSP10': ParsedDataItem(IDX__TXHDRSP10, raw=0, derived=0, unit=None), 'IDX__TXHDRFSWAIDCOPY': ParsedDataItem(IDX__TXHDRFSWAIDCOPY, raw=2415008032, derived=2415008032, unit=None), 'IDX__TXHDRFSWBINCOPY': ParsedDataItem(IDX__TXHDRFSWBINCOPY, raw=0, derived=0, unit=None), 'IDX__TXHDRFSWMAJOR': ParsedDataItem(IDX__TXHDRFSWMAJOR, raw=2, derived=2, unit=None), 'IDX__TXHDRFSWMINOR': ParsedDataItem(IDX__TXHDRFSWMINOR, raw=0, derived=0, unit=None), 'IDX__TXHDRFSWPATCH': ParsedDataItem(IDX__TXHDRFSWPATCH, raw=0, derived=0, unit=None), 'IDX__TXHDRFSWHVSTAT': ParsedDataItem(IDX__TXHDRFSWHVSTAT, raw=3, derived=3, unit=None), 'IDX__TXHDRFSWMEM0': ParsedDataItem(IDX__TXHDRFSWMEM0, raw=0, derived=0, unit=None), 'IDX__TXHDRFSWMEM1': ParsedDataItem(IDX__TXHDRFSWMEM1, raw=0, derived=0, unit=None), 'IDX__TXHDRFSWPT0': ParsedDataItem(IDX__TXHDRFSWPT0, raw=0, derived=0, unit=None), 'IDX__TXHDRFSWPT1': ParsedDataItem(IDX__TXHDRFSWPT1, raw=0, derived=0, unit=None), 'IDX__TXHDRFSWPT2': ParsedDataItem(IDX__TXHDRFSWPT2, raw=0, derived=0, unit=None), 'IDX__TXHDRFSWPT3': ParsedDataItem(IDX__TXHDRFSWPT3, raw=0, derived=0, unit=None), 'IDX__TXHDRFSWPT4': ParsedDataItem(IDX__TXHDRFSWPT4, raw=0, derived=0, unit=None), 'IDX__TXHDRFSWPT5': ParsedDataItem(IDX__TXHDRFSWPT5, raw=0, derived=0, unit=None), 'IDX__TXHDRFSWPT6': ParsedDataItem(IDX__TXHDRFSWPT6, raw=0, derived=0, unit=None), 'IDX__TXHDRFSWPT7': ParsedDataItem(IDX__TXHDRFSWPT7, raw=0, derived=0, unit=None), 'IDX__TXHDRFSWPT8': ParsedDataItem(IDX__TXHDRFSWPT8, raw=0, derived=0, unit=None), 'IDX__TXHDRFSWPT9': ParsedDataItem(IDX__TXHDRFSWPT9, raw=0, derived=0, unit=None), 'IDX__TXHDRFPGAVER': ParsedDataItem(IDX__TXHDRFPGAVER, raw=539165480, derived=539165480, unit=None), 'IDX__SYNCSCI0PKT': ParsedDataItem(IDX__SYNCSCI0PKT, raw=13107, derived=13107, unit=None), 'IDX__CRCSCI0PKT': ParsedDataItem(IDX__CRCSCI0PKT, raw=46053, derived=46053, unit=None)}
SHCOARSE = 429139407
SHFINE = 7105
IDX__SCI0AID = 2415008032
IDX__SCI0TYPE = 1
IDX__SCI0CONT = 127
IDX__SCI0SPARE1 = 0
IDX__SCI0PACK = EN
IDX__SCI0FRAG = DS
IDX__SCI0COMP = DS
IDX__SCI0EVTNUM = 18
IDX__SCI0CAT = 32
IDX__SCI0QUAL = 5
IDX__SCI0FRAGOFF = 0
IDX__SCI0VER = 9
IDX__SCI0TIME32 = 429138411
IDX__SCI0SPARE2 = 0
IDX__SCI0SPARE3 = 0
IDX__SCI0SPARE4 = 0
IDX__TXHDRSCIEVTLEN = 8320
IDX__TXHDRSP00 = 0
IDX__TXHDRTIMESEC1 = 6548
IDX__TXHDRTIMESEC2 = 8683
IDX__TXHDRTIMESUBS = 45017
IDX__TXHDRSP01 = 0
IDX__TXHDRTRIGOFFSET = 6
IDX__TXHDRSP02 = 0
IDX__TXHDRTRIGID = 1
IDX__TXHDREVTNUM = 18
IDX__TXHDRBLOCKS = 243679
IDX__TXHDRHGTRIGCTRL1 = 2222981120
IDX__TXHDRHGTRIGCTRL2 = 0
IDX__TXHDRLGTRIGCTRL1 = 4294965248
IDX__TXHDRLGTRIGCTRL2 = 4278255360
IDX__TXHDRMGTRIGCTRL1 = 4294965248
IDX__TXHDRMGTRIGCTRL2 = 4278255360
IDX__TXHDRSP03 = 0
IDX__TXHDRLSADC = 1048320
IDX__TXHDRPOLSTAT = NEG
IDX__TXHDRSP04 = 0
IDX__TXHDRPOLCTRL = POS
IDX__TXHDRCOINENA = DIS
IDX__TXHDRLSTRIGMODE = DIS
IDX__TXHDRMGTRIGMODE = 0
IDX__TXHDRLGTRIGMODE = 0
IDX__TXHDRHGTRIGMODE = 1
IDX__TXHDRSP05 = 0
IDX__TXHDRSP06 = 0
IDX__TXHDRSP07 = 2015
IDX__TXHDRSP08 = 0
IDX__TXHDRTOFMAX = 541596182
IDX__TXHDRTOFMIN = 535295474
IDX__TXHDRLS0MAXMIN = 8529918
IDX__TXHDRLS1MAXMIN = 10589762
IDX__TXHDRLS2MAXMIN = 9091039
IDX__TXHDRFIFODELAY = 15
IDX__TXHDRSAMPDELAY = 49331276
IDX__TXHDRTRANSCNT = 2
IDX__TXHDRPROCHKCH01 = 83297015
IDX__TXHDRPROCHKCH23 = 133695043
IDX__TXHDRPROCHKCH45 = 174392539
IDX__TXHDRPROCHKCH67 = 133761306
IDX__TXHDRHVPSHKCH01 = 131794263
IDX__TXHDRHVPSHKCH23 = 8849069
IDX__TXHDRHVPSHKCH45 = 127731675
IDX__TXHDRHVPSHKCH67 = 19925645
IDX__TXHDRLVHK0CH01 = 134219776
IDX__TXHDRLVHK0CH23 = 171772858
IDX__TXHDRLVHK0CH45 = 134745192
IDX__TXHDRLVHK0CH67 = 205786196
IDX__TXHDRLVHK1CH01 = 33293929
IDX__TXHDRLVHK1CH23 = 76744172
IDX__TXHDRLVHK1CH45 = 225707920
IDX__TXHDRLVHK1CH67 = 192414152
IDX__TXHDRLVHK2CH01 = 80807126
IDX__TXHDRLVHK2CH23 = 208996928
IDX__TXHDRLVHK2CH45 = 101059891
IDX__TXHDRLVHK2CH67 = 69017
IDX__TXHDRSP09 = 0
IDX__TXHDRSP10 = 0
IDX__TXHDRFSWAIDCOPY = 2415008032
IDX__TXHDRFSWBINCOPY = 0
IDX__TXHDRFSWMAJOR = 2
IDX__TXHDRFSWMINOR = 0
IDX__TXHDRFSWPATCH = 0
IDX__TXHDRFSWHVSTAT = 3
IDX__TXHDRFSWMEM0 = 0
IDX__TXHDRFSWMEM1 = 0
IDX__TXHDRFSWPT0 = 0
IDX__TXHDRFSWPT1 = 0
IDX__TXHDRFSWPT2 = 0
IDX__TXHDRFSWPT3 = 0
IDX__TXHDRFSWPT4 = 0
IDX__TXHDRFSWPT5 = 0
IDX__TXHDRFSWPT6 = 0
IDX__TXHDRFSWPT7 = 0
IDX__TXHDRFSWPT8 = 0
IDX__TXHDRFSWPT9 = 0
IDX__TXHDRFPGAVER = 539165480
IDX__SYNCSCI0PKT = 13107
IDX__CRCSCI0PKT = 46053
^*****Event header 19******^
EVTNUM: 19
SCI0TYPE: 1
TXHDRBLOCKS RAW: 243679
TXHDRBLOCKS DERIVED: 243679
-----
HS pre trig sampling blocks:  31
LS pre trig sampling blocks:  3
HS post trig sampling blocks:  31
LS post trig sampling blocks:  11
IDX__TXHDRHVPSHKCH01 = 131794263
Detector voltage =  1367
Sensor voltage =  2011
Target voltage =  1709
Reflectron voltage =  135
Rejection voltage =  2011
Current for HVPS sensor =  1949
Positive current for HVPS sensor =  2701
Negative current for HVPS sensor =  304
Voltage +3.3V reference =  2048
Voltage +3.3V operational reference =  2048
Voltage -6V bus =  3002
Voltage +6V bus =  2621
Voltage +16V bus =  3176
Voltage +3.3V bus =  2056
Voltage -5V bus =  3156
Voltage +5V bus =  3140
Current +3.3V bus =  1641
Current +16V bus =  1171
Current +6V bus =  1516
Current -6V bus =  1171
Current +5V bus =  1936
Current -5V bus =  3444
Current +2.5V bus =  456
Current -2.5V bus =  2936
Current on the 1V POL =  759
Current on the 1.9V POL =  1271
ProcBd Temperature 1 =  1603
ProcBd Temperature 2 =  2040
Voltage on 1V bus =  1243
FPGA Temperature =  2661
Voltage on 1.9V bus =  2330
Voltage on 3.3V bus =  2041
var_to_row = {'Last measurement in raw DN for Processor Board signal “1V POL Current”': 0, 'Last measurement in raw DN for Processor Board signal “1.9V POL Current”': 1, 'Last measurement in raw DN for Processor Board signal “ProcBd Temp1”': 2, nan: 48, 'Last measurement in raw DN for Processor Board signal “ProcBd Temp2”': 6, 'Last measurement in raw DN for Processor Board signal “1V Voltage”': 10, 'Last measurement in raw DN for Processor Board signal “FPGA Temp”': 11, 'Last measurement in raw DN for Processor Board signal “1.9V Voltage”': 12, 'Last measurement in raw DN for Processor Board signal “3.3V Voltage”': 13, 'Last measurement in raw DN for HVPS Board signal “Detector Voltage”': 14, 'Last measurement in raw DN for HVPS Board signal “Sensor Voltage"': 15, 'Last measurement in raw DN for HVPS Board signal “Target Voltage”': 16, 'Last measurement in raw DN for HVPS Board signal “Reflectron Voltage”': 17, 'Last measurement in raw DN for HVPS Board signal “Rejection Voltage”': 18, 'Last measurement in raw DN for HVPS Board signal “Detector Current”': 19, 'Last measurement in raw DN for HVPS Board signal “Sensor IP”': 20, 'Last measurement in raw DN for HVPS Board signal “Sensor IN”': 21, 'Last measurement in raw DN for LVPS Board signal “P3.3VREF_HK”': 22, 'Last measurement in raw DN for LVPS Board signal “P3.3VREF_OP”': 23, 'Last measurement in raw DN for LVPS Board signal “N6V”': 24, 'Last measurement in raw DN for LVPS Board signal “P6V”': 25, 'Last measurement in raw DN for LVPS Board signal “P16V”': 26, 'Last measurement in raw DN for LVPS Board signal “P3.3V”': 27, 'Last measurement in raw DN for LVPS Board signal “N5V”': 28, 'Last measurement in raw DN for LVPS Board signal “P5V”': 29, 'Last measurement in raw DN for LVPS Board signal “P3.3_IMON”': 30, 'Last measurement in raw DN for LVPS Board signal “P16V_IMON”': 31, 'Last measurement in raw DN for LVPS Board signal “P6V_IMON”': 32, 'Last measurement in raw DN for LVPS Board signal “N6V_IMON”': 33, 'Last measurement in raw DN for LVPS Board signal “P5V_IMON”': 34, 'Last measurement in raw DN for LVPS Board signal “N5V_IMON”': 35, 'Last measurement in raw DN for LVPS Board signal “P2.5V_IMON”': 36, 'Last measurement in raw DN for LVPS Board signal “N2.5V_IMON”': 37, 'Last measurement in raw DN for LVPS Board signal “THERM_DECON0”': 38, 'Last measurement in raw DN for LVPS Board signal “THERM_DECON1”': 39, 'Last measurement in raw DN for LVPS Board signal “THERM_DAB”': 40, 'Last measurement in raw DN for LVPS Board signal “THERM_LVPS”': 41, 'Last measurement in raw DN for LVPS Board signal “THERM_HVPS”': 45, 'Last measurement in raw DN for LVPS Board signal “P2.5V”': 49, 'Last measurement in raw DN for LVPS Board signal “N2.5V”': 50, 'Last measurement in raw DN for LVPS Board signal “Spare”': 51}

 
 ***** var_name being converted for each instrument setting ***** 
 

Matching row  18
coeffs for Last measurement in raw DN for Processor Board signal “1V POL Current”= [0.0 0.9029253 0.0 0.0 0.0 0.0 0.0 0.0]
var_name = Last measurement in raw DN for Processor Board signal “1V POL Current”
var_name = current_1V_pol
Header info = 759
Transformed value for current_1V_pol = 685.3203027000001
Matching row  18
coeffs for Last measurement in raw DN for Processor Board signal “1.9V POL Current”= [0.0 0.9029253 0.0 0.0 0.0 0.0 0.0 0.0]
var_name = Last measurement in raw DN for Processor Board signal “1.9V POL Current”
var_name = current_1.9V_pol
Header info = 1271
Transformed value for current_1.9V_pol = 1147.6180563
Matching row  18
coeffs for Last measurement in raw DN for Processor Board signal “ProcBd Temp1”= [162.8276 -0.2668687 0.0003323794 -2.43153e-07 9.034532e-11 -1.327735e-14
 0.0 0.0]
var_name = Last measurement in raw DN for Processor Board signal “ProcBd Temp1”
var_name = temperature_1
Header info = 1603
Transformed value for temperature_1 = 43.561749037919924
Matching row  18
coeffs for nan= [-104713.9 52.02446 -0.006463374 0.0 0.0 0.0 0.0 0.0]
var_name = nan
var_name = None
KeyError: (19, None) - Could not find entry for None, 48. Please check the Var_notes or variable mapping.
Matching row  18
coeffs for Last measurement in raw DN for Processor Board signal “ProcBd Temp2”= [162.8276 -0.2668687 0.0003323794 -2.43153e-07 9.034532e-11 -1.327735e-14
 0.0 0.0]
var_name = Last measurement in raw DN for Processor Board signal “ProcBd Temp2”
var_name = temperature_2
Header info = 2040
Transformed value for temperature_2 = 32.94461834809886
Matching row  18
coeffs for Last measurement in raw DN for Processor Board signal “1V Voltage”= [0.0 0.000805861 0.0 0.0 0.0 0.0 0.0 0.0]
var_name = Last measurement in raw DN for Processor Board signal “1V Voltage”
var_name = voltage_1V_bus
Header info = 1243
Transformed value for voltage_1V_bus = 1.001685223
Matching row  18
coeffs for Last measurement in raw DN for Processor Board signal “FPGA Temp”= [358.31 -0.1187104 0.0 0.0 0.0 0.0 0.0 0.0]
var_name = Last measurement in raw DN for Processor Board signal “FPGA Temp”
var_name = fpga_temperature
Header info = 2661
Transformed value for fpga_temperature = 42.42162560000003
Matching row  18
coeffs for Last measurement in raw DN for Processor Board signal “1.9V Voltage”= [0.0 0.000805861 0.0 0.0 0.0 0.0 0.0 0.0]
var_name = Last measurement in raw DN for Processor Board signal “1.9V Voltage”
var_name = voltage_1.9V_bus
Header info = 2330
Transformed value for voltage_1.9V_bus = 1.8776561299999999
Matching row  18
coeffs for Last measurement in raw DN for Processor Board signal “3.3V Voltage”= [0.0 0.001611722 0.0 0.0 0.0 0.0 0.0 0.0]
var_name = Last measurement in raw DN for Processor Board signal “3.3V Voltage”
var_name = voltage_3.3V_bus
Header info = 2041
Transformed value for voltage_3.3V_bus = 3.2895246019999997
Matching row  18
coeffs for Last measurement in raw DN for HVPS Board signal “Detector Voltage”= [0.0 1.4652 0.0 0.0 0.0 0.0 0.0 0.0]
var_name = Last measurement in raw DN for HVPS Board signal “Detector Voltage”
var_name = detector_voltage
Header info = 1367
Transformed value for detector_voltage = 2002.9284
Matching row  18
coeffs for Last measurement in raw DN for HVPS Board signal “Sensor Voltage"= [0.0 1.4652 0.0 0.0 0.0 0.0 0.0 0.0]
var_name = Last measurement in raw DN for HVPS Board signal “Sensor Voltage"
var_name = sensor_voltage
Header info = 2011
Transformed value for sensor_voltage = 2946.5172000000002
Matching row  18
coeffs for Last measurement in raw DN for HVPS Board signal “Target Voltage”= [0.0 1.4652 0.0 0.0 0.0 0.0 0.0 0.0]
var_name = Last measurement in raw DN for HVPS Board signal “Target Voltage”
var_name = target_voltage
Header info = 1709
Transformed value for target_voltage = 2504.0268
Matching row  18
coeffs for Last measurement in raw DN for HVPS Board signal “Reflectron Voltage”= [0.0 1.4652 0.0 0.0 0.0 0.0 0.0 0.0]
var_name = Last measurement in raw DN for HVPS Board signal “Reflectron Voltage”
var_name = reflectron_voltage
Header info = 135
Transformed value for reflectron_voltage = 197.80200000000002
Matching row  18
coeffs for Last measurement in raw DN for HVPS Board signal “Rejection Voltage”= [0.0 1.4652 0.0 0.0 0.0 0.0 0.0 0.0]
var_name = Last measurement in raw DN for HVPS Board signal “Rejection Voltage”
var_name = rejection_voltage
Header info = 2011
Transformed value for rejection_voltage = 2946.5172000000002
Matching row  18
coeffs for Last measurement in raw DN for HVPS Board signal “Detector Current”= [0.0 7.326e-06 0.0 0.0 0.0 0.0 0.0 0.0]
var_name = Last measurement in raw DN for HVPS Board signal “Detector Current”
var_name = current_hvps_sensor
Header info = 1949
Transformed value for current_hvps_sensor = 0.014278374
Matching row  18
coeffs for Last measurement in raw DN for HVPS Board signal “Sensor IP”= [0.0 2.4339e-05 0.0 0.0 0.0 0.0 0.0 0.0]
var_name = Last measurement in raw DN for HVPS Board signal “Sensor IP”
var_name = positive_current_hvps
Header info = 2701
Transformed value for positive_current_hvps = 0.065739639
Matching row  18
coeffs for Last measurement in raw DN for HVPS Board signal “Sensor IN”= [0.0 2.4339e-05 0.0 0.0 0.0 0.0 0.0 0.0]
var_name = Last measurement in raw DN for HVPS Board signal “Sensor IN”
var_name = negative_current_hvps
Header info = 304
Transformed value for negative_current_hvps = 0.007399055999999999
Matching row  18
coeffs for Last measurement in raw DN for LVPS Board signal “P3.3VREF_HK”= [0.0 0.00161172 0.0 0.0 0.0 0.0 0.0 0.0]
var_name = Last measurement in raw DN for LVPS Board signal “P3.3VREF_HK”
var_name = voltage_3V3_ref
Header info = 2048
Transformed value for voltage_3V3_ref = 3.30080256
Matching row  18
coeffs for Last measurement in raw DN for LVPS Board signal “P3.3VREF_OP”= [0.0 0.00161172 0.0 0.0 0.0 0.0 0.0 0.0]
var_name = Last measurement in raw DN for LVPS Board signal “P3.3VREF_OP”
var_name = voltage_3V3_op_ref
Header info = 2048
Transformed value for voltage_3V3_op_ref = 3.30080256
Matching row  18
coeffs for Last measurement in raw DN for LVPS Board signal “N6V”= [-33.0 0.00886447 0.0 0.0 0.0 0.0 0.0 0.0]
var_name = Last measurement in raw DN for LVPS Board signal “N6V”
var_name = voltage_neg6V_bus
Header info = 3002
Transformed value for voltage_neg6V_bus = -6.3888610600000035
Matching row  18
coeffs for Last measurement in raw DN for LVPS Board signal “P6V”= [0.0 0.00241758 0.0 0.0 0.0 0.0 0.0 0.0]
var_name = Last measurement in raw DN for LVPS Board signal “P6V”
var_name = voltage_pos6V_bus
Header info = 2621
Transformed value for voltage_pos6V_bus = 6.33647718
Matching row  18
coeffs for Last measurement in raw DN for LVPS Board signal “P16V”= [0.0 0.00482711 0.0 0.0 0.0 0.0 0.0 0.0]
var_name = Last measurement in raw DN for LVPS Board signal “P16V”
var_name = voltage_pos16V_bus
Header info = 3176
Transformed value for voltage_pos16V_bus = 15.33090136
Matching row  18
coeffs for Last measurement in raw DN for LVPS Board signal “P3.3V”= [0.0 0.00161172 0.0 0.0 0.0 0.0 0.0 0.0]
var_name = Last measurement in raw DN for LVPS Board signal “P3.3V”
var_name = voltage_pos3V3_bus
Header info = 2056
Transformed value for voltage_pos3V3_bus = 3.31369632
Matching row  18
coeffs for Last measurement in raw DN for LVPS Board signal “N5V”= [-33.0 0.00886447 0.0 0.0 0.0 0.0 0.0 0.0]
var_name = Last measurement in raw DN for LVPS Board signal “N5V”
var_name = voltage_neg5V_bus
Header info = 3156
Transformed value for voltage_neg5V_bus = -5.023732680000002
Matching row  18
coeffs for Last measurement in raw DN for LVPS Board signal “P5V”= [0.0 0.00161172 0.0 0.0 0.0 0.0 0.0 0.0]
var_name = Last measurement in raw DN for LVPS Board signal “P5V”
var_name = voltage_pos5V_bus
Header info = 3140
Transformed value for voltage_pos5V_bus = 5.0608008
Matching row  18
coeffs for Last measurement in raw DN for LVPS Board signal “P3.3_IMON”= [0.0 0.00161172 0.0 0.0 0.0 0.0 0.0 0.0]
var_name = Last measurement in raw DN for LVPS Board signal “P3.3_IMON”
var_name = current_3V3_bus
Header info = 1641
Transformed value for current_3V3_bus = 2.64483252
Matching row  18
coeffs for Last measurement in raw DN for LVPS Board signal “P16V_IMON”= [0.0 0.000161172 0.0 0.0 0.0 0.0 0.0 0.0]
var_name = Last measurement in raw DN for LVPS Board signal “P16V_IMON”
var_name = current_16V_bus
Header info = 1171
Transformed value for current_16V_bus = 0.18873241200000002
Matching row  18
coeffs for Last measurement in raw DN for LVPS Board signal “P6V_IMON”= [0.0 8.05861e-05 0.0 0.0 0.0 0.0 0.0 0.0]
var_name = Last measurement in raw DN for LVPS Board signal “P6V_IMON”
var_name = current_6V_bus
Header info = 1516
Transformed value for current_6V_bus = 0.1221685276
Matching row  18
coeffs for Last measurement in raw DN for LVPS Board signal “N6V_IMON”= [0.0 -8.05861e-05 0.0 0.0 0.0 0.0 0.0 0.0]
var_name = Last measurement in raw DN for LVPS Board signal “N6V_IMON”
var_name = current_neg6V_bus
Header info = 1171
Transformed value for current_neg6V_bus = -0.0943663231
Matching row  18
coeffs for Last measurement in raw DN for LVPS Board signal “P5V_IMON”= [0.0 4.029304e-05 0.0 0.0 0.0 0.0 0.0 0.0]
var_name = Last measurement in raw DN for LVPS Board signal “P5V_IMON”
var_name = current_5V_bus
Header info = 1936
Transformed value for current_5V_bus = 0.07800732544
Matching row  18
coeffs for Last measurement in raw DN for LVPS Board signal “N5V_IMON”= [0.0 -2.01465e-05 0.0 0.0 0.0 0.0 0.0 0.0]
var_name = Last measurement in raw DN for LVPS Board signal “N5V_IMON”
var_name = current_neg5V_bus
Header info = 3444
Transformed value for current_neg5V_bus = -0.069384546
Matching row  18
coeffs for Last measurement in raw DN for LVPS Board signal “P2.5V_IMON”= [0.0 0.00161172 0.0 0.0 0.0 0.0 0.0 0.0]
var_name = Last measurement in raw DN for LVPS Board signal “P2.5V_IMON”
var_name = current_2V5_bus
Header info = 456
Transformed value for current_2V5_bus = 0.73494432
Matching row  18
coeffs for Last measurement in raw DN for LVPS Board signal “N2.5V_IMON”= [0.0 -4.0293e-05 0.0 0.0 0.0 0.0 0.0 0.0]
var_name = Last measurement in raw DN for LVPS Board signal “N2.5V_IMON”
var_name = current_neg2V5_bus
Header info = 2936
Transformed value for current_neg2V5_bus = -0.11830024800000001
Matching row  18
coeffs for Last measurement in raw DN for LVPS Board signal “THERM_DECON0”= [-110.293 0.0665351 0.000305738 -6.32048e-07 5.9934e-10 -2.98784e-13
 7.61361e-17 -7.76467e-21]
var_name = Last measurement in raw DN for LVPS Board signal “THERM_DECON0”
var_name = None
KeyError: (19, None) - Could not find entry for None, 38. Please check the Var_notes or variable mapping.
Matching row  18
coeffs for Last measurement in raw DN for LVPS Board signal “THERM_DECON1”= [-150.478 0.376986 -0.00062072 7.73853e-07 -5.81588e-10 2.56368e-13
 -6.05698e-17 5.96635e-21]
var_name = Last measurement in raw DN for LVPS Board signal “THERM_DECON1”
var_name = None
KeyError: (19, None) - Could not find entry for None, 39. Please check the Var_notes or variable mapping.
Matching row  18
coeffs for Last measurement in raw DN for LVPS Board signal “THERM_DAB”= [-443.248 1.31224 -0.00180422 1.40016e-06 -6.43766e-10 1.7448e-13
 -2.57695e-17 1.60239e-21]
var_name = Last measurement in raw DN for LVPS Board signal “THERM_DAB”
var_name = None
KeyError: (19, None) - Could not find entry for None, 40. Please check the Var_notes or variable mapping.
Matching row  18
coeffs for Last measurement in raw DN for LVPS Board signal “THERM_LVPS”= [200.4137 -0.2020699 0.000175403 -9.739547e-08 2.888932e-11 -3.545603e-15
 0.0 0.0]
var_name = Last measurement in raw DN for LVPS Board signal “THERM_LVPS”
var_name = None
KeyError: (19, None) - Could not find entry for None, 41. Please check the Var_notes or variable mapping.
Matching row  18
coeffs for Last measurement in raw DN for LVPS Board signal “THERM_HVPS”= [200.4137 -0.2020699 0.000175403 -9.739547e-08 2.888932e-11 -3.545603e-15
 0.0 0.0]
var_name = Last measurement in raw DN for LVPS Board signal “THERM_HVPS”
var_name = None
KeyError: (19, None) - Could not find entry for None, 45. Please check the Var_notes or variable mapping.
Matching row  18
coeffs for Last measurement in raw DN for LVPS Board signal “P2.5V”= [0.0 0.00161172 0.0 0.0 0.0 0.0 0.0 0.0]
var_name = Last measurement in raw DN for LVPS Board signal “P2.5V”
var_name = None
KeyError: (19, None) - Could not find entry for None, 49. Please check the Var_notes or variable mapping.
Matching row  18
coeffs for Last measurement in raw DN for LVPS Board signal “N2.5V”= [-33.0 0.00886447 0.0 0.0 0.0 0.0 0.0 0.0]
var_name = Last measurement in raw DN for LVPS Board signal “N2.5V”
var_name = None
KeyError: (19, None) - Could not find entry for None, 50. Please check the Var_notes or variable mapping.
Matching row  18
coeffs for Last measurement in raw DN for LVPS Board signal “Spare”= [0.0 0.00161172 0.0 0.0 0.0 0.0 0.0 0.0]
var_name = Last measurement in raw DN for LVPS Board signal “Spare”
var_name = spare_signal
KeyError: (19, 'spare_signal') - Could not find entry for spare_signal, 51. Please check the Var_notes or variable mapping.
High gain delay = 76 samples.
Mid gain delay = 47 samples.
Low gain delay = 47 samples.
High sampling trigger mode =  0 0 1
High gain trigger mode enabled.
For 2222981120, HG Trigger level = 0.15317, sample settings = 0, 0
Threshold trigger mode enabled for high gain channel.
AID = 2415008032
Event number = 18
Rice compression enabled = False
Timestamp = 429138411.90034 seconds since epoch (Midnight January 1st, 2010)
Trigger time = 2023-08-07T21:06:51.900340Z
19
19
19
19
19
19
19
19
19
19
19
19
19
{'SHCOARSE': ParsedDataItem(SHCOARSE, raw=429139421, derived=429139421, unit=dn), 'SHFINE': ParsedDataItem(SHFINE, raw=7111, derived=7111, unit=dn), 'IDX__SCI0AID': ParsedDataItem(IDX__SCI0AID, raw=2415008032, derived=2415008032, unit=None), 'IDX__SCI0TYPE': ParsedDataItem(IDX__SCI0TYPE, raw=1, derived=1, unit=None), 'IDX__SCI0CONT': ParsedDataItem(IDX__SCI0CONT, raw=127, derived=127, unit=None), 'IDX__SCI0SPARE1': ParsedDataItem(IDX__SCI0SPARE1, raw=0, derived=0, unit=None), 'IDX__SCI0PACK': ParsedDataItem(IDX__SCI0PACK, raw=1, derived=EN, unit=None), 'IDX__SCI0FRAG': ParsedDataItem(IDX__SCI0FRAG, raw=0, derived=DS, unit=None), 'IDX__SCI0COMP': ParsedDataItem(IDX__SCI0COMP, raw=0, derived=DS, unit=None), 'IDX__SCI0EVTNUM': ParsedDataItem(IDX__SCI0EVTNUM, raw=19, derived=19, unit=None), 'IDX__SCI0CAT': ParsedDataItem(IDX__SCI0CAT, raw=32, derived=32, unit=None), 'IDX__SCI0QUAL': ParsedDataItem(IDX__SCI0QUAL, raw=5, derived=5, unit=None), 'IDX__SCI0FRAGOFF': ParsedDataItem(IDX__SCI0FRAGOFF, raw=0, derived=0, unit=None), 'IDX__SCI0VER': ParsedDataItem(IDX__SCI0VER, raw=9, derived=9, unit=None), 'IDX__SCI0TIME32': ParsedDataItem(IDX__SCI0TIME32, raw=429138463, derived=429138463, unit=None), 'IDX__SCI0SPARE2': ParsedDataItem(IDX__SCI0SPARE2, raw=0, derived=0, unit=None), 'IDX__SCI0SPARE3': ParsedDataItem(IDX__SCI0SPARE3, raw=0, derived=0, unit=None), 'IDX__SCI0SPARE4': ParsedDataItem(IDX__SCI0SPARE4, raw=0, derived=0, unit=None), 'IDX__TXHDRSCIEVTLEN': ParsedDataItem(IDX__TXHDRSCIEVTLEN, raw=8320, derived=8320, unit=None), 'IDX__TXHDRSP00': ParsedDataItem(IDX__TXHDRSP00, raw=0, derived=0, unit=None), 'IDX__TXHDRTIMESEC1': ParsedDataItem(IDX__TXHDRTIMESEC1, raw=6548, derived=6548, unit=None), 'IDX__TXHDRTIMESEC2': ParsedDataItem(IDX__TXHDRTIMESEC2, raw=8735, derived=8735, unit=None), 'IDX__TXHDRTIMESUBS': ParsedDataItem(IDX__TXHDRTIMESUBS, raw=29233, derived=29233, unit=None), 'IDX__TXHDRSP01': ParsedDataItem(IDX__TXHDRSP01, raw=0, derived=0, unit=None), 'IDX__TXHDRTRIGOFFSET': ParsedDataItem(IDX__TXHDRTRIGOFFSET, raw=0, derived=0, unit=None), 'IDX__TXHDRSP02': ParsedDataItem(IDX__TXHDRSP02, raw=0, derived=0, unit=None), 'IDX__TXHDRTRIGID': ParsedDataItem(IDX__TXHDRTRIGID, raw=1, derived=1, unit=None), 'IDX__TXHDREVTNUM': ParsedDataItem(IDX__TXHDREVTNUM, raw=19, derived=19, unit=None), 'IDX__TXHDRBLOCKS': ParsedDataItem(IDX__TXHDRBLOCKS, raw=243679, derived=243679, unit=None), 'IDX__TXHDRHGTRIGCTRL1': ParsedDataItem(IDX__TXHDRHGTRIGCTRL1, raw=2222981120, derived=2222981120, unit=None), 'IDX__TXHDRHGTRIGCTRL2': ParsedDataItem(IDX__TXHDRHGTRIGCTRL2, raw=0, derived=0, unit=None), 'IDX__TXHDRLGTRIGCTRL1': ParsedDataItem(IDX__TXHDRLGTRIGCTRL1, raw=4294965248, derived=4294965248, unit=None), 'IDX__TXHDRLGTRIGCTRL2': ParsedDataItem(IDX__TXHDRLGTRIGCTRL2, raw=4278255360, derived=4278255360, unit=None), 'IDX__TXHDRMGTRIGCTRL1': ParsedDataItem(IDX__TXHDRMGTRIGCTRL1, raw=4294965248, derived=4294965248, unit=None), 'IDX__TXHDRMGTRIGCTRL2': ParsedDataItem(IDX__TXHDRMGTRIGCTRL2, raw=4278255360, derived=4278255360, unit=None), 'IDX__TXHDRSP03': ParsedDataItem(IDX__TXHDRSP03, raw=0, derived=0, unit=None), 'IDX__TXHDRLSADC': ParsedDataItem(IDX__TXHDRLSADC, raw=1048320, derived=1048320, unit=None), 'IDX__TXHDRPOLSTAT': ParsedDataItem(IDX__TXHDRPOLSTAT, raw=1, derived=NEG, unit=None), 'IDX__TXHDRSP04': ParsedDataItem(IDX__TXHDRSP04, raw=0, derived=0, unit=None), 'IDX__TXHDRPOLCTRL': ParsedDataItem(IDX__TXHDRPOLCTRL, raw=0, derived=POS, unit=None), 'IDX__TXHDRCOINENA': ParsedDataItem(IDX__TXHDRCOINENA, raw=0, derived=DIS, unit=None), 'IDX__TXHDRLSTRIGMODE': ParsedDataItem(IDX__TXHDRLSTRIGMODE, raw=0, derived=DIS, unit=None), 'IDX__TXHDRMGTRIGMODE': ParsedDataItem(IDX__TXHDRMGTRIGMODE, raw=0, derived=0, unit=None), 'IDX__TXHDRLGTRIGMODE': ParsedDataItem(IDX__TXHDRLGTRIGMODE, raw=0, derived=0, unit=None), 'IDX__TXHDRHGTRIGMODE': ParsedDataItem(IDX__TXHDRHGTRIGMODE, raw=1, derived=1, unit=None), 'IDX__TXHDRSP05': ParsedDataItem(IDX__TXHDRSP05, raw=0, derived=0, unit=None), 'IDX__TXHDRSP06': ParsedDataItem(IDX__TXHDRSP06, raw=0, derived=0, unit=None), 'IDX__TXHDRSP07': ParsedDataItem(IDX__TXHDRSP07, raw=2019, derived=2019, unit=None), 'IDX__TXHDRSP08': ParsedDataItem(IDX__TXHDRSP08, raw=0, derived=0, unit=None), 'IDX__TXHDRTOFMAX': ParsedDataItem(IDX__TXHDRTOFMAX, raw=541596188, derived=541596188, unit=None), 'IDX__TXHDRTOFMIN': ParsedDataItem(IDX__TXHDRTOFMIN, raw=535295474, derived=535295474, unit=None), 'IDX__TXHDRLS0MAXMIN': ParsedDataItem(IDX__TXHDRLS0MAXMIN, raw=8529918, derived=8529918, unit=None), 'IDX__TXHDRLS1MAXMIN': ParsedDataItem(IDX__TXHDRLS1MAXMIN, raw=10827124, derived=10827124, unit=None), 'IDX__TXHDRLS2MAXMIN': ParsedDataItem(IDX__TXHDRLS2MAXMIN, raw=8325089, derived=8325089, unit=None), 'IDX__TXHDRFIFODELAY': ParsedDataItem(IDX__TXHDRFIFODELAY, raw=15, derived=15, unit=None), 'IDX__TXHDRSAMPDELAY': ParsedDataItem(IDX__TXHDRSAMPDELAY, raw=1073740829, derived=1073740829, unit=None), 'IDX__TXHDRTRANSCNT': ParsedDataItem(IDX__TXHDRTRANSCNT, raw=2, derived=2, unit=None), 'IDX__TXHDRPROCHKCH01': ParsedDataItem(IDX__TXHDRPROCHKCH01, raw=83362553, derived=83362553, unit=None), 'IDX__TXHDRPROCHKCH23': ParsedDataItem(IDX__TXHDRPROCHKCH23, raw=133039674, derived=133039674, unit=None), 'IDX__TXHDRPROCHKCH45': ParsedDataItem(IDX__TXHDRPROCHKCH45, raw=174327003, derived=174327003, unit=None), 'IDX__TXHDRPROCHKCH67': ParsedDataItem(IDX__TXHDRPROCHKCH67, raw=133761306, derived=133761306, unit=None), 'IDX__TXHDRHVPSHKCH01': ParsedDataItem(IDX__TXHDRHVPSHKCH01, raw=131794262, derived=131794262, unit=None), 'IDX__TXHDRHVPSHKCH23': ParsedDataItem(IDX__TXHDRHVPSHKCH23, raw=8849069, derived=8849069, unit=None), 'IDX__TXHDRHVPSHKCH45': ParsedDataItem(IDX__TXHDRHVPSHKCH45, raw=127731675, derived=127731675, unit=None), 'IDX__TXHDRHVPSHKCH67': ParsedDataItem(IDX__TXHDRHVPSHKCH67, raw=19925645, derived=19925645, unit=None), 'IDX__TXHDRLVHK0CH01': ParsedDataItem(IDX__TXHDRLVHK0CH01, raw=134219776, derived=134219776, unit=None), 'IDX__TXHDRLVHK0CH23': ParsedDataItem(IDX__TXHDRLVHK0CH23, raw=171838394, derived=171838394, unit=None), 'IDX__TXHDRLVHK0CH45': ParsedDataItem(IDX__TXHDRLVHK0CH45, raw=134745192, derived=134745192, unit=None), 'IDX__TXHDRLVHK0CH67': ParsedDataItem(IDX__TXHDRLVHK0CH67, raw=205851732, derived=205851732, unit=None), 'IDX__TXHDRLVHK1CH01': ParsedDataItem(IDX__TXHDRLVHK1CH01, raw=33293930, derived=33293930, unit=None), 'IDX__TXHDRLVHK1CH23': ParsedDataItem(IDX__TXHDRLVHK1CH23, raw=76809708, derived=76809708, unit=None), 'IDX__TXHDRLVHK1CH45': ParsedDataItem(IDX__TXHDRLVHK1CH45, raw=225707921, derived=225707921, unit=None), 'IDX__TXHDRLVHK1CH67': ParsedDataItem(IDX__TXHDRLVHK1CH67, raw=192414152, derived=192414152, unit=None), 'IDX__TXHDRLVHK2CH01': ParsedDataItem(IDX__TXHDRLVHK2CH01, raw=80807126, derived=80807126, unit=None), 'IDX__TXHDRLVHK2CH23': ParsedDataItem(IDX__TXHDRLVHK2CH23, raw=208734785, derived=208734785, unit=None), 'IDX__TXHDRLVHK2CH45': ParsedDataItem(IDX__TXHDRLVHK2CH45, raw=101059887, derived=101059887, unit=None), 'IDX__TXHDRLVHK2CH67': ParsedDataItem(IDX__TXHDRLVHK2CH67, raw=69017, derived=69017, unit=None), 'IDX__TXHDRSP09': ParsedDataItem(IDX__TXHDRSP09, raw=0, derived=0, unit=None), 'IDX__TXHDRSP10': ParsedDataItem(IDX__TXHDRSP10, raw=0, derived=0, unit=None), 'IDX__TXHDRFSWAIDCOPY': ParsedDataItem(IDX__TXHDRFSWAIDCOPY, raw=2415008032, derived=2415008032, unit=None), 'IDX__TXHDRFSWBINCOPY': ParsedDataItem(IDX__TXHDRFSWBINCOPY, raw=0, derived=0, unit=None), 'IDX__TXHDRFSWMAJOR': ParsedDataItem(IDX__TXHDRFSWMAJOR, raw=2, derived=2, unit=None), 'IDX__TXHDRFSWMINOR': ParsedDataItem(IDX__TXHDRFSWMINOR, raw=0, derived=0, unit=None), 'IDX__TXHDRFSWPATCH': ParsedDataItem(IDX__TXHDRFSWPATCH, raw=0, derived=0, unit=None), 'IDX__TXHDRFSWHVSTAT': ParsedDataItem(IDX__TXHDRFSWHVSTAT, raw=3, derived=3, unit=None), 'IDX__TXHDRFSWMEM0': ParsedDataItem(IDX__TXHDRFSWMEM0, raw=0, derived=0, unit=None), 'IDX__TXHDRFSWMEM1': ParsedDataItem(IDX__TXHDRFSWMEM1, raw=0, derived=0, unit=None), 'IDX__TXHDRFSWPT0': ParsedDataItem(IDX__TXHDRFSWPT0, raw=0, derived=0, unit=None), 'IDX__TXHDRFSWPT1': ParsedDataItem(IDX__TXHDRFSWPT1, raw=0, derived=0, unit=None), 'IDX__TXHDRFSWPT2': ParsedDataItem(IDX__TXHDRFSWPT2, raw=0, derived=0, unit=None), 'IDX__TXHDRFSWPT3': ParsedDataItem(IDX__TXHDRFSWPT3, raw=0, derived=0, unit=None), 'IDX__TXHDRFSWPT4': ParsedDataItem(IDX__TXHDRFSWPT4, raw=0, derived=0, unit=None), 'IDX__TXHDRFSWPT5': ParsedDataItem(IDX__TXHDRFSWPT5, raw=0, derived=0, unit=None), 'IDX__TXHDRFSWPT6': ParsedDataItem(IDX__TXHDRFSWPT6, raw=0, derived=0, unit=None), 'IDX__TXHDRFSWPT7': ParsedDataItem(IDX__TXHDRFSWPT7, raw=0, derived=0, unit=None), 'IDX__TXHDRFSWPT8': ParsedDataItem(IDX__TXHDRFSWPT8, raw=0, derived=0, unit=None), 'IDX__TXHDRFSWPT9': ParsedDataItem(IDX__TXHDRFSWPT9, raw=0, derived=0, unit=None), 'IDX__TXHDRFPGAVER': ParsedDataItem(IDX__TXHDRFPGAVER, raw=539165480, derived=539165480, unit=None), 'IDX__SYNCSCI0PKT': ParsedDataItem(IDX__SYNCSCI0PKT, raw=13107, derived=13107, unit=None), 'IDX__CRCSCI0PKT': ParsedDataItem(IDX__CRCSCI0PKT, raw=62611, derived=62611, unit=None)}
SHCOARSE = 429139421
SHFINE = 7111
IDX__SCI0AID = 2415008032
IDX__SCI0TYPE = 1
IDX__SCI0CONT = 127
IDX__SCI0SPARE1 = 0
IDX__SCI0PACK = EN
IDX__SCI0FRAG = DS
IDX__SCI0COMP = DS
IDX__SCI0EVTNUM = 19
IDX__SCI0CAT = 32
IDX__SCI0QUAL = 5
IDX__SCI0FRAGOFF = 0
IDX__SCI0VER = 9
IDX__SCI0TIME32 = 429138463
IDX__SCI0SPARE2 = 0
IDX__SCI0SPARE3 = 0
IDX__SCI0SPARE4 = 0
IDX__TXHDRSCIEVTLEN = 8320
IDX__TXHDRSP00 = 0
IDX__TXHDRTIMESEC1 = 6548
IDX__TXHDRTIMESEC2 = 8735
IDX__TXHDRTIMESUBS = 29233
IDX__TXHDRSP01 = 0
IDX__TXHDRTRIGOFFSET = 0
IDX__TXHDRSP02 = 0
IDX__TXHDRTRIGID = 1
IDX__TXHDREVTNUM = 19
IDX__TXHDRBLOCKS = 243679
IDX__TXHDRHGTRIGCTRL1 = 2222981120
IDX__TXHDRHGTRIGCTRL2 = 0
IDX__TXHDRLGTRIGCTRL1 = 4294965248
IDX__TXHDRLGTRIGCTRL2 = 4278255360
IDX__TXHDRMGTRIGCTRL1 = 4294965248
IDX__TXHDRMGTRIGCTRL2 = 4278255360
IDX__TXHDRSP03 = 0
IDX__TXHDRLSADC = 1048320
IDX__TXHDRPOLSTAT = NEG
IDX__TXHDRSP04 = 0
IDX__TXHDRPOLCTRL = POS
IDX__TXHDRCOINENA = DIS
IDX__TXHDRLSTRIGMODE = DIS
IDX__TXHDRMGTRIGMODE = 0
IDX__TXHDRLGTRIGMODE = 0
IDX__TXHDRHGTRIGMODE = 1
IDX__TXHDRSP05 = 0
IDX__TXHDRSP06 = 0
IDX__TXHDRSP07 = 2019
IDX__TXHDRSP08 = 0
IDX__TXHDRTOFMAX = 541596188
IDX__TXHDRTOFMIN = 535295474
IDX__TXHDRLS0MAXMIN = 8529918
IDX__TXHDRLS1MAXMIN = 10827124
IDX__TXHDRLS2MAXMIN = 8325089
IDX__TXHDRFIFODELAY = 15
IDX__TXHDRSAMPDELAY = 1073740829
IDX__TXHDRTRANSCNT = 2
IDX__TXHDRPROCHKCH01 = 83362553
IDX__TXHDRPROCHKCH23 = 133039674
IDX__TXHDRPROCHKCH45 = 174327003
IDX__TXHDRPROCHKCH67 = 133761306
IDX__TXHDRHVPSHKCH01 = 131794262
IDX__TXHDRHVPSHKCH23 = 8849069
IDX__TXHDRHVPSHKCH45 = 127731675
IDX__TXHDRHVPSHKCH67 = 19925645
IDX__TXHDRLVHK0CH01 = 134219776
IDX__TXHDRLVHK0CH23 = 171838394
IDX__TXHDRLVHK0CH45 = 134745192
IDX__TXHDRLVHK0CH67 = 205851732
IDX__TXHDRLVHK1CH01 = 33293930
IDX__TXHDRLVHK1CH23 = 76809708
IDX__TXHDRLVHK1CH45 = 225707921
IDX__TXHDRLVHK1CH67 = 192414152
IDX__TXHDRLVHK2CH01 = 80807126
IDX__TXHDRLVHK2CH23 = 208734785
IDX__TXHDRLVHK2CH45 = 101059887
IDX__TXHDRLVHK2CH67 = 69017
IDX__TXHDRSP09 = 0
IDX__TXHDRSP10 = 0
IDX__TXHDRFSWAIDCOPY = 2415008032
IDX__TXHDRFSWBINCOPY = 0
IDX__TXHDRFSWMAJOR = 2
IDX__TXHDRFSWMINOR = 0
IDX__TXHDRFSWPATCH = 0
IDX__TXHDRFSWHVSTAT = 3
IDX__TXHDRFSWMEM0 = 0
IDX__TXHDRFSWMEM1 = 0
IDX__TXHDRFSWPT0 = 0
IDX__TXHDRFSWPT1 = 0
IDX__TXHDRFSWPT2 = 0
IDX__TXHDRFSWPT3 = 0
IDX__TXHDRFSWPT4 = 0
IDX__TXHDRFSWPT5 = 0
IDX__TXHDRFSWPT6 = 0
IDX__TXHDRFSWPT7 = 0
IDX__TXHDRFSWPT8 = 0
IDX__TXHDRFSWPT9 = 0
IDX__TXHDRFPGAVER = 539165480
IDX__SYNCSCI0PKT = 13107
IDX__CRCSCI0PKT = 62611
^*****Event header 20******^
EVTNUM: 20
SCI0TYPE: 1
TXHDRBLOCKS RAW: 243679
TXHDRBLOCKS DERIVED: 243679
-----
HS pre trig sampling blocks:  31
LS pre trig sampling blocks:  3
HS post trig sampling blocks:  31
LS post trig sampling blocks:  11
IDX__TXHDRHVPSHKCH01 = 131794262
Detector voltage =  1366
Sensor voltage =  2011
Target voltage =  1709
Reflectron voltage =  135
Rejection voltage =  2011
Current for HVPS sensor =  1949
Positive current for HVPS sensor =  2701
Negative current for HVPS sensor =  304
Voltage +3.3V reference =  2048
Voltage +3.3V operational reference =  2048
Voltage -6V bus =  3002
Voltage +6V bus =  2622
Voltage +16V bus =  3176
Voltage +3.3V bus =  2056
Voltage -5V bus =  3156
Voltage +5V bus =  3141
Current +3.3V bus =  1642
Current +16V bus =  1172
Current +6V bus =  1516
Current -6V bus =  1172
Current +5V bus =  1937
Current -5V bus =  3444
Current +2.5V bus =  456
Current -2.5V bus =  2936
Current on the 1V POL =  761
Current on the 1.9V POL =  1272
ProcBd Temperature 1 =  1594
ProcBd Temperature 2 =  2030
Voltage on 1V bus =  1243
FPGA Temperature =  2660
Voltage on 1.9V bus =  2330
Voltage on 3.3V bus =  2041
var_to_row = {'Last measurement in raw DN for Processor Board signal “1V POL Current”': 0, 'Last measurement in raw DN for Processor Board signal “1.9V POL Current”': 1, 'Last measurement in raw DN for Processor Board signal “ProcBd Temp1”': 2, nan: 48, 'Last measurement in raw DN for Processor Board signal “ProcBd Temp2”': 6, 'Last measurement in raw DN for Processor Board signal “1V Voltage”': 10, 'Last measurement in raw DN for Processor Board signal “FPGA Temp”': 11, 'Last measurement in raw DN for Processor Board signal “1.9V Voltage”': 12, 'Last measurement in raw DN for Processor Board signal “3.3V Voltage”': 13, 'Last measurement in raw DN for HVPS Board signal “Detector Voltage”': 14, 'Last measurement in raw DN for HVPS Board signal “Sensor Voltage"': 15, 'Last measurement in raw DN for HVPS Board signal “Target Voltage”': 16, 'Last measurement in raw DN for HVPS Board signal “Reflectron Voltage”': 17, 'Last measurement in raw DN for HVPS Board signal “Rejection Voltage”': 18, 'Last measurement in raw DN for HVPS Board signal “Detector Current”': 19, 'Last measurement in raw DN for HVPS Board signal “Sensor IP”': 20, 'Last measurement in raw DN for HVPS Board signal “Sensor IN”': 21, 'Last measurement in raw DN for LVPS Board signal “P3.3VREF_HK”': 22, 'Last measurement in raw DN for LVPS Board signal “P3.3VREF_OP”': 23, 'Last measurement in raw DN for LVPS Board signal “N6V”': 24, 'Last measurement in raw DN for LVPS Board signal “P6V”': 25, 'Last measurement in raw DN for LVPS Board signal “P16V”': 26, 'Last measurement in raw DN for LVPS Board signal “P3.3V”': 27, 'Last measurement in raw DN for LVPS Board signal “N5V”': 28, 'Last measurement in raw DN for LVPS Board signal “P5V”': 29, 'Last measurement in raw DN for LVPS Board signal “P3.3_IMON”': 30, 'Last measurement in raw DN for LVPS Board signal “P16V_IMON”': 31, 'Last measurement in raw DN for LVPS Board signal “P6V_IMON”': 32, 'Last measurement in raw DN for LVPS Board signal “N6V_IMON”': 33, 'Last measurement in raw DN for LVPS Board signal “P5V_IMON”': 34, 'Last measurement in raw DN for LVPS Board signal “N5V_IMON”': 35, 'Last measurement in raw DN for LVPS Board signal “P2.5V_IMON”': 36, 'Last measurement in raw DN for LVPS Board signal “N2.5V_IMON”': 37, 'Last measurement in raw DN for LVPS Board signal “THERM_DECON0”': 38, 'Last measurement in raw DN for LVPS Board signal “THERM_DECON1”': 39, 'Last measurement in raw DN for LVPS Board signal “THERM_DAB”': 40, 'Last measurement in raw DN for LVPS Board signal “THERM_LVPS”': 41, 'Last measurement in raw DN for LVPS Board signal “THERM_HVPS”': 45, 'Last measurement in raw DN for LVPS Board signal “P2.5V”': 49, 'Last measurement in raw DN for LVPS Board signal “N2.5V”': 50, 'Last measurement in raw DN for LVPS Board signal “Spare”': 51}

 
 ***** var_name being converted for each instrument setting ***** 
 

Matching row  18
coeffs for Last measurement in raw DN for Processor Board signal “1V POL Current”= [0.0 0.9029253 0.0 0.0 0.0 0.0 0.0 0.0]
var_name = Last measurement in raw DN for Processor Board signal “1V POL Current”
var_name = current_1V_pol
Header info = 761
Transformed value for current_1V_pol = 687.1261533
Matching row  18
coeffs for Last measurement in raw DN for Processor Board signal “1.9V POL Current”= [0.0 0.9029253 0.0 0.0 0.0 0.0 0.0 0.0]
var_name = Last measurement in raw DN for Processor Board signal “1.9V POL Current”
var_name = current_1.9V_pol
Header info = 1272
Transformed value for current_1.9V_pol = 1148.5209816000001
Matching row  18
coeffs for Last measurement in raw DN for Processor Board signal “ProcBd Temp1”= [162.8276 -0.2668687 0.0003323794 -2.43153e-07 9.034532e-11 -1.327735e-14
 0.0 0.0]
var_name = Last measurement in raw DN for Processor Board signal “ProcBd Temp1”
var_name = temperature_1
Header info = 1594
Transformed value for temperature_1 = 43.79171341209471
Matching row  18
coeffs for nan= [-104713.9 52.02446 -0.006463374 0.0 0.0 0.0 0.0 0.0]
var_name = nan
var_name = None
KeyError: (20, None) - Could not find entry for None, 48. Please check the Var_notes or variable mapping.
Matching row  18
coeffs for Last measurement in raw DN for Processor Board signal “ProcBd Temp2”= [162.8276 -0.2668687 0.0003323794 -2.43153e-07 9.034532e-11 -1.327735e-14
 0.0 0.0]
var_name = Last measurement in raw DN for Processor Board signal “ProcBd Temp2”
var_name = temperature_2
Header info = 2030
Transformed value for temperature_2 = 33.224154402654904
Matching row  18
coeffs for Last measurement in raw DN for Processor Board signal “1V Voltage”= [0.0 0.000805861 0.0 0.0 0.0 0.0 0.0 0.0]
var_name = Last measurement in raw DN for Processor Board signal “1V Voltage”
var_name = voltage_1V_bus
Header info = 1243
Transformed value for voltage_1V_bus = 1.001685223
Matching row  18
coeffs for Last measurement in raw DN for Processor Board signal “FPGA Temp”= [358.31 -0.1187104 0.0 0.0 0.0 0.0 0.0 0.0]
var_name = Last measurement in raw DN for Processor Board signal “FPGA Temp”
var_name = fpga_temperature
Header info = 2660
Transformed value for fpga_temperature = 42.540336000000025
Matching row  18
coeffs for Last measurement in raw DN for Processor Board signal “1.9V Voltage”= [0.0 0.000805861 0.0 0.0 0.0 0.0 0.0 0.0]
var_name = Last measurement in raw DN for Processor Board signal “1.9V Voltage”
var_name = voltage_1.9V_bus
Header info = 2330
Transformed value for voltage_1.9V_bus = 1.8776561299999999
Matching row  18
coeffs for Last measurement in raw DN for Processor Board signal “3.3V Voltage”= [0.0 0.001611722 0.0 0.0 0.0 0.0 0.0 0.0]
var_name = Last measurement in raw DN for Processor Board signal “3.3V Voltage”
var_name = voltage_3.3V_bus
Header info = 2041
Transformed value for voltage_3.3V_bus = 3.2895246019999997
Matching row  18
coeffs for Last measurement in raw DN for HVPS Board signal “Detector Voltage”= [0.0 1.4652 0.0 0.0 0.0 0.0 0.0 0.0]
var_name = Last measurement in raw DN for HVPS Board signal “Detector Voltage”
var_name = detector_voltage
Header info = 1366
Transformed value for detector_voltage = 2001.4632000000001
Matching row  18
coeffs for Last measurement in raw DN for HVPS Board signal “Sensor Voltage"= [0.0 1.4652 0.0 0.0 0.0 0.0 0.0 0.0]
var_name = Last measurement in raw DN for HVPS Board signal “Sensor Voltage"
var_name = sensor_voltage
Header info = 2011
Transformed value for sensor_voltage = 2946.5172000000002
Matching row  18
coeffs for Last measurement in raw DN for HVPS Board signal “Target Voltage”= [0.0 1.4652 0.0 0.0 0.0 0.0 0.0 0.0]
var_name = Last measurement in raw DN for HVPS Board signal “Target Voltage”
var_name = target_voltage
Header info = 1709
Transformed value for target_voltage = 2504.0268
Matching row  18
coeffs for Last measurement in raw DN for HVPS Board signal “Reflectron Voltage”= [0.0 1.4652 0.0 0.0 0.0 0.0 0.0 0.0]
var_name = Last measurement in raw DN for HVPS Board signal “Reflectron Voltage”
var_name = reflectron_voltage
Header info = 135
Transformed value for reflectron_voltage = 197.80200000000002
Matching row  18
coeffs for Last measurement in raw DN for HVPS Board signal “Rejection Voltage”= [0.0 1.4652 0.0 0.0 0.0 0.0 0.0 0.0]
var_name = Last measurement in raw DN for HVPS Board signal “Rejection Voltage”
var_name = rejection_voltage
Header info = 2011
Transformed value for rejection_voltage = 2946.5172000000002
Matching row  18
coeffs for Last measurement in raw DN for HVPS Board signal “Detector Current”= [0.0 7.326e-06 0.0 0.0 0.0 0.0 0.0 0.0]
var_name = Last measurement in raw DN for HVPS Board signal “Detector Current”
var_name = current_hvps_sensor
Header info = 1949
Transformed value for current_hvps_sensor = 0.014278374
Matching row  18
coeffs for Last measurement in raw DN for HVPS Board signal “Sensor IP”= [0.0 2.4339e-05 0.0 0.0 0.0 0.0 0.0 0.0]
var_name = Last measurement in raw DN for HVPS Board signal “Sensor IP”
var_name = positive_current_hvps
Header info = 2701
Transformed value for positive_current_hvps = 0.065739639
Matching row  18
coeffs for Last measurement in raw DN for HVPS Board signal “Sensor IN”= [0.0 2.4339e-05 0.0 0.0 0.0 0.0 0.0 0.0]
var_name = Last measurement in raw DN for HVPS Board signal “Sensor IN”
var_name = negative_current_hvps
Header info = 304
Transformed value for negative_current_hvps = 0.007399055999999999
Matching row  18
coeffs for Last measurement in raw DN for LVPS Board signal “P3.3VREF_HK”= [0.0 0.00161172 0.0 0.0 0.0 0.0 0.0 0.0]
var_name = Last measurement in raw DN for LVPS Board signal “P3.3VREF_HK”
var_name = voltage_3V3_ref
Header info = 2048
Transformed value for voltage_3V3_ref = 3.30080256
Matching row  18
coeffs for Last measurement in raw DN for LVPS Board signal “P3.3VREF_OP”= [0.0 0.00161172 0.0 0.0 0.0 0.0 0.0 0.0]
var_name = Last measurement in raw DN for LVPS Board signal “P3.3VREF_OP”
var_name = voltage_3V3_op_ref
Header info = 2048
Transformed value for voltage_3V3_op_ref = 3.30080256
Matching row  18
coeffs for Last measurement in raw DN for LVPS Board signal “N6V”= [-33.0 0.00886447 0.0 0.0 0.0 0.0 0.0 0.0]
var_name = Last measurement in raw DN for LVPS Board signal “N6V”
var_name = voltage_neg6V_bus
Header info = 3002
Transformed value for voltage_neg6V_bus = -6.3888610600000035
Matching row  18
coeffs for Last measurement in raw DN for LVPS Board signal “P6V”= [0.0 0.00241758 0.0 0.0 0.0 0.0 0.0 0.0]
var_name = Last measurement in raw DN for LVPS Board signal “P6V”
var_name = voltage_pos6V_bus
Header info = 2622
Transformed value for voltage_pos6V_bus = 6.33889476
Matching row  18
coeffs for Last measurement in raw DN for LVPS Board signal “P16V”= [0.0 0.00482711 0.0 0.0 0.0 0.0 0.0 0.0]
var_name = Last measurement in raw DN for LVPS Board signal “P16V”
var_name = voltage_pos16V_bus
Header info = 3176
Transformed value for voltage_pos16V_bus = 15.33090136
Matching row  18
coeffs for Last measurement in raw DN for LVPS Board signal “P3.3V”= [0.0 0.00161172 0.0 0.0 0.0 0.0 0.0 0.0]
var_name = Last measurement in raw DN for LVPS Board signal “P3.3V”
var_name = voltage_pos3V3_bus
Header info = 2056
Transformed value for voltage_pos3V3_bus = 3.31369632
Matching row  18
coeffs for Last measurement in raw DN for LVPS Board signal “N5V”= [-33.0 0.00886447 0.0 0.0 0.0 0.0 0.0 0.0]
var_name = Last measurement in raw DN for LVPS Board signal “N5V”
var_name = voltage_neg5V_bus
Header info = 3156
Transformed value for voltage_neg5V_bus = -5.023732680000002
Matching row  18
coeffs for Last measurement in raw DN for LVPS Board signal “P5V”= [0.0 0.00161172 0.0 0.0 0.0 0.0 0.0 0.0]
var_name = Last measurement in raw DN for LVPS Board signal “P5V”
var_name = voltage_pos5V_bus
Header info = 3141
Transformed value for voltage_pos5V_bus = 5.0624125200000005
Matching row  18
coeffs for Last measurement in raw DN for LVPS Board signal “P3.3_IMON”= [0.0 0.00161172 0.0 0.0 0.0 0.0 0.0 0.0]
var_name = Last measurement in raw DN for LVPS Board signal “P3.3_IMON”
var_name = current_3V3_bus
Header info = 1642
Transformed value for current_3V3_bus = 2.64644424
Matching row  18
coeffs for Last measurement in raw DN for LVPS Board signal “P16V_IMON”= [0.0 0.000161172 0.0 0.0 0.0 0.0 0.0 0.0]
var_name = Last measurement in raw DN for LVPS Board signal “P16V_IMON”
var_name = current_16V_bus
Header info = 1172
Transformed value for current_16V_bus = 0.188893584
Matching row  18
coeffs for Last measurement in raw DN for LVPS Board signal “P6V_IMON”= [0.0 8.05861e-05 0.0 0.0 0.0 0.0 0.0 0.0]
var_name = Last measurement in raw DN for LVPS Board signal “P6V_IMON”
var_name = current_6V_bus
Header info = 1516
Transformed value for current_6V_bus = 0.1221685276
Matching row  18
coeffs for Last measurement in raw DN for LVPS Board signal “N6V_IMON”= [0.0 -8.05861e-05 0.0 0.0 0.0 0.0 0.0 0.0]
var_name = Last measurement in raw DN for LVPS Board signal “N6V_IMON”
var_name = current_neg6V_bus
Header info = 1172
Transformed value for current_neg6V_bus = -0.0944469092
Matching row  18
coeffs for Last measurement in raw DN for LVPS Board signal “P5V_IMON”= [0.0 4.029304e-05 0.0 0.0 0.0 0.0 0.0 0.0]
var_name = Last measurement in raw DN for LVPS Board signal “P5V_IMON”
var_name = current_5V_bus
Header info = 1937
Transformed value for current_5V_bus = 0.07804761848
Matching row  18
coeffs for Last measurement in raw DN for LVPS Board signal “N5V_IMON”= [0.0 -2.01465e-05 0.0 0.0 0.0 0.0 0.0 0.0]
var_name = Last measurement in raw DN for LVPS Board signal “N5V_IMON”
var_name = current_neg5V_bus
Header info = 3444
Transformed value for current_neg5V_bus = -0.069384546
Matching row  18
coeffs for Last measurement in raw DN for LVPS Board signal “P2.5V_IMON”= [0.0 0.00161172 0.0 0.0 0.0 0.0 0.0 0.0]
var_name = Last measurement in raw DN for LVPS Board signal “P2.5V_IMON”
var_name = current_2V5_bus
Header info = 456
Transformed value for current_2V5_bus = 0.73494432
Matching row  18
coeffs for Last measurement in raw DN for LVPS Board signal “N2.5V_IMON”= [0.0 -4.0293e-05 0.0 0.0 0.0 0.0 0.0 0.0]
var_name = Last measurement in raw DN for LVPS Board signal “N2.5V_IMON”
var_name = current_neg2V5_bus
Header info = 2936
Transformed value for current_neg2V5_bus = -0.11830024800000001
Matching row  18
coeffs for Last measurement in raw DN for LVPS Board signal “THERM_DECON0”= [-110.293 0.0665351 0.000305738 -6.32048e-07 5.9934e-10 -2.98784e-13
 7.61361e-17 -7.76467e-21]
var_name = Last measurement in raw DN for LVPS Board signal “THERM_DECON0”
var_name = None
KeyError: (20, None) - Could not find entry for None, 38. Please check the Var_notes or variable mapping.
Matching row  18
coeffs for Last measurement in raw DN for LVPS Board signal “THERM_DECON1”= [-150.478 0.376986 -0.00062072 7.73853e-07 -5.81588e-10 2.56368e-13
 -6.05698e-17 5.96635e-21]
var_name = Last measurement in raw DN for LVPS Board signal “THERM_DECON1”
var_name = None
KeyError: (20, None) - Could not find entry for None, 39. Please check the Var_notes or variable mapping.
Matching row  18
coeffs for Last measurement in raw DN for LVPS Board signal “THERM_DAB”= [-443.248 1.31224 -0.00180422 1.40016e-06 -6.43766e-10 1.7448e-13
 -2.57695e-17 1.60239e-21]
var_name = Last measurement in raw DN for LVPS Board signal “THERM_DAB”
var_name = None
KeyError: (20, None) - Could not find entry for None, 40. Please check the Var_notes or variable mapping.
Matching row  18
coeffs for Last measurement in raw DN for LVPS Board signal “THERM_LVPS”= [200.4137 -0.2020699 0.000175403 -9.739547e-08 2.888932e-11 -3.545603e-15
 0.0 0.0]
var_name = Last measurement in raw DN for LVPS Board signal “THERM_LVPS”
var_name = None
KeyError: (20, None) - Could not find entry for None, 41. Please check the Var_notes or variable mapping.
Matching row  18
coeffs for Last measurement in raw DN for LVPS Board signal “THERM_HVPS”= [200.4137 -0.2020699 0.000175403 -9.739547e-08 2.888932e-11 -3.545603e-15
 0.0 0.0]
var_name = Last measurement in raw DN for LVPS Board signal “THERM_HVPS”
var_name = None
KeyError: (20, None) - Could not find entry for None, 45. Please check the Var_notes or variable mapping.
Matching row  18
coeffs for Last measurement in raw DN for LVPS Board signal “P2.5V”= [0.0 0.00161172 0.0 0.0 0.0 0.0 0.0 0.0]
var_name = Last measurement in raw DN for LVPS Board signal “P2.5V”
var_name = None
KeyError: (20, None) - Could not find entry for None, 49. Please check the Var_notes or variable mapping.
Matching row  18
coeffs for Last measurement in raw DN for LVPS Board signal “N2.5V”= [-33.0 0.00886447 0.0 0.0 0.0 0.0 0.0 0.0]
var_name = Last measurement in raw DN for LVPS Board signal “N2.5V”
var_name = None
KeyError: (20, None) - Could not find entry for None, 50. Please check the Var_notes or variable mapping.
Matching row  18
coeffs for Last measurement in raw DN for LVPS Board signal “Spare”= [0.0 0.00161172 0.0 0.0 0.0 0.0 0.0 0.0]
var_name = Last measurement in raw DN for LVPS Board signal “Spare”
var_name = spare_signal
KeyError: (20, 'spare_signal') - Could not find entry for spare_signal, 51. Please check the Var_notes or variable mapping.
High gain delay = 29 samples.
Mid gain delay = 1023 samples.
Low gain delay = 1023 samples.
High sampling trigger mode =  0 0 1
High gain trigger mode enabled.
For 2222981120, HG Trigger level = 0.15317, sample settings = 0, 0
Threshold trigger mode enabled for high gain channel.
AID = 2415008032
Event number = 19
Rice compression enabled = False
Timestamp = 429138463.58466 seconds since epoch (Midnight January 1st, 2010)
Trigger time = 2023-08-07T21:07:43.584660Z
20
20
20
20
20
20
20
20
20
20
20
20
20
{'SHCOARSE': ParsedDataItem(SHCOARSE, raw=429139434, derived=429139434, unit=dn), 'SHFINE': ParsedDataItem(SHFINE, raw=7116, derived=7116, unit=dn), 'IDX__SCI0AID': ParsedDataItem(IDX__SCI0AID, raw=2415008032, derived=2415008032, unit=None), 'IDX__SCI0TYPE': ParsedDataItem(IDX__SCI0TYPE, raw=1, derived=1, unit=None), 'IDX__SCI0CONT': ParsedDataItem(IDX__SCI0CONT, raw=127, derived=127, unit=None), 'IDX__SCI0SPARE1': ParsedDataItem(IDX__SCI0SPARE1, raw=0, derived=0, unit=None), 'IDX__SCI0PACK': ParsedDataItem(IDX__SCI0PACK, raw=1, derived=EN, unit=None), 'IDX__SCI0FRAG': ParsedDataItem(IDX__SCI0FRAG, raw=0, derived=DS, unit=None), 'IDX__SCI0COMP': ParsedDataItem(IDX__SCI0COMP, raw=0, derived=DS, unit=None), 'IDX__SCI0EVTNUM': ParsedDataItem(IDX__SCI0EVTNUM, raw=20, derived=20, unit=None), 'IDX__SCI0CAT': ParsedDataItem(IDX__SCI0CAT, raw=32, derived=32, unit=None), 'IDX__SCI0QUAL': ParsedDataItem(IDX__SCI0QUAL, raw=5, derived=5, unit=None), 'IDX__SCI0FRAGOFF': ParsedDataItem(IDX__SCI0FRAGOFF, raw=0, derived=0, unit=None), 'IDX__SCI0VER': ParsedDataItem(IDX__SCI0VER, raw=9, derived=9, unit=None), 'IDX__SCI0TIME32': ParsedDataItem(IDX__SCI0TIME32, raw=429138464, derived=429138464, unit=None), 'IDX__SCI0SPARE2': ParsedDataItem(IDX__SCI0SPARE2, raw=0, derived=0, unit=None), 'IDX__SCI0SPARE3': ParsedDataItem(IDX__SCI0SPARE3, raw=0, derived=0, unit=None), 'IDX__SCI0SPARE4': ParsedDataItem(IDX__SCI0SPARE4, raw=0, derived=0, unit=None), 'IDX__TXHDRSCIEVTLEN': ParsedDataItem(IDX__TXHDRSCIEVTLEN, raw=8320, derived=8320, unit=None), 'IDX__TXHDRSP00': ParsedDataItem(IDX__TXHDRSP00, raw=0, derived=0, unit=None), 'IDX__TXHDRTIMESEC1': ParsedDataItem(IDX__TXHDRTIMESEC1, raw=6548, derived=6548, unit=None), 'IDX__TXHDRTIMESEC2': ParsedDataItem(IDX__TXHDRTIMESEC2, raw=8736, derived=8736, unit=None), 'IDX__TXHDRTIMESUBS': ParsedDataItem(IDX__TXHDRTIMESUBS, raw=29363, derived=29363, unit=None), 'IDX__TXHDRSP01': ParsedDataItem(IDX__TXHDRSP01, raw=0, derived=0, unit=None), 'IDX__TXHDRTRIGOFFSET': ParsedDataItem(IDX__TXHDRTRIGOFFSET, raw=0, derived=0, unit=None), 'IDX__TXHDRSP02': ParsedDataItem(IDX__TXHDRSP02, raw=0, derived=0, unit=None), 'IDX__TXHDRTRIGID': ParsedDataItem(IDX__TXHDRTRIGID, raw=1, derived=1, unit=None), 'IDX__TXHDREVTNUM': ParsedDataItem(IDX__TXHDREVTNUM, raw=20, derived=20, unit=None), 'IDX__TXHDRBLOCKS': ParsedDataItem(IDX__TXHDRBLOCKS, raw=243679, derived=243679, unit=None), 'IDX__TXHDRHGTRIGCTRL1': ParsedDataItem(IDX__TXHDRHGTRIGCTRL1, raw=2222981120, derived=2222981120, unit=None), 'IDX__TXHDRHGTRIGCTRL2': ParsedDataItem(IDX__TXHDRHGTRIGCTRL2, raw=0, derived=0, unit=None), 'IDX__TXHDRLGTRIGCTRL1': ParsedDataItem(IDX__TXHDRLGTRIGCTRL1, raw=4294965248, derived=4294965248, unit=None), 'IDX__TXHDRLGTRIGCTRL2': ParsedDataItem(IDX__TXHDRLGTRIGCTRL2, raw=4278255360, derived=4278255360, unit=None), 'IDX__TXHDRMGTRIGCTRL1': ParsedDataItem(IDX__TXHDRMGTRIGCTRL1, raw=4294965248, derived=4294965248, unit=None), 'IDX__TXHDRMGTRIGCTRL2': ParsedDataItem(IDX__TXHDRMGTRIGCTRL2, raw=4278255360, derived=4278255360, unit=None), 'IDX__TXHDRSP03': ParsedDataItem(IDX__TXHDRSP03, raw=0, derived=0, unit=None), 'IDX__TXHDRLSADC': ParsedDataItem(IDX__TXHDRLSADC, raw=1048320, derived=1048320, unit=None), 'IDX__TXHDRPOLSTAT': ParsedDataItem(IDX__TXHDRPOLSTAT, raw=1, derived=NEG, unit=None), 'IDX__TXHDRSP04': ParsedDataItem(IDX__TXHDRSP04, raw=0, derived=0, unit=None), 'IDX__TXHDRPOLCTRL': ParsedDataItem(IDX__TXHDRPOLCTRL, raw=0, derived=POS, unit=None), 'IDX__TXHDRCOINENA': ParsedDataItem(IDX__TXHDRCOINENA, raw=0, derived=DIS, unit=None), 'IDX__TXHDRLSTRIGMODE': ParsedDataItem(IDX__TXHDRLSTRIGMODE, raw=0, derived=DIS, unit=None), 'IDX__TXHDRMGTRIGMODE': ParsedDataItem(IDX__TXHDRMGTRIGMODE, raw=0, derived=0, unit=None), 'IDX__TXHDRLGTRIGMODE': ParsedDataItem(IDX__TXHDRLGTRIGMODE, raw=0, derived=0, unit=None), 'IDX__TXHDRHGTRIGMODE': ParsedDataItem(IDX__TXHDRHGTRIGMODE, raw=1, derived=1, unit=None), 'IDX__TXHDRSP05': ParsedDataItem(IDX__TXHDRSP05, raw=0, derived=0, unit=None), 'IDX__TXHDRSP06': ParsedDataItem(IDX__TXHDRSP06, raw=0, derived=0, unit=None), 'IDX__TXHDRSP07': ParsedDataItem(IDX__TXHDRSP07, raw=2019, derived=2019, unit=None), 'IDX__TXHDRSP08': ParsedDataItem(IDX__TXHDRSP08, raw=0, derived=0, unit=None), 'IDX__TXHDRTOFMAX': ParsedDataItem(IDX__TXHDRTOFMAX, raw=541596189, derived=541596189, unit=None), 'IDX__TXHDRTOFMIN': ParsedDataItem(IDX__TXHDRTOFMIN, raw=535295475, derived=535295475, unit=None), 'IDX__TXHDRLS0MAXMIN': ParsedDataItem(IDX__TXHDRLS0MAXMIN, raw=8517633, derived=8517633, unit=None), 'IDX__TXHDRLS1MAXMIN': ParsedDataItem(IDX__TXHDRLS1MAXMIN, raw=8939382, derived=8939382, unit=None), 'IDX__TXHDRLS2MAXMIN': ParsedDataItem(IDX__TXHDRLS2MAXMIN, raw=8357858, derived=8357858, unit=None), 'IDX__TXHDRFIFODELAY': ParsedDataItem(IDX__TXHDRFIFODELAY, raw=16, derived=16, unit=None), 'IDX__TXHDRSAMPDELAY': ParsedDataItem(IDX__TXHDRSAMPDELAY, raw=1073740831, derived=1073740831, unit=None), 'IDX__TXHDRTRANSCNT': ParsedDataItem(IDX__TXHDRTRANSCNT, raw=2, derived=2, unit=None), 'IDX__TXHDRPROCHKCH01': ParsedDataItem(IDX__TXHDRPROCHKCH01, raw=83297016, derived=83297016, unit=None), 'IDX__TXHDRPROCHKCH23': ParsedDataItem(IDX__TXHDRPROCHKCH23, raw=132974137, derived=132974137, unit=None), 'IDX__TXHDRPROCHKCH45': ParsedDataItem(IDX__TXHDRPROCHKCH45, raw=174327003, derived=174327003, unit=None), 'IDX__TXHDRPROCHKCH67': ParsedDataItem(IDX__TXHDRPROCHKCH67, raw=133761306, derived=133761306, unit=None), 'IDX__TXHDRHVPSHKCH01': ParsedDataItem(IDX__TXHDRHVPSHKCH01, raw=131794263, derived=131794263, unit=None), 'IDX__TXHDRHVPSHKCH23': ParsedDataItem(IDX__TXHDRHVPSHKCH23, raw=8849069, derived=8849069, unit=None), 'IDX__TXHDRHVPSHKCH45': ParsedDataItem(IDX__TXHDRHVPSHKCH45, raw=127731675, derived=127731675, unit=None), 'IDX__TXHDRHVPSHKCH67': ParsedDataItem(IDX__TXHDRHVPSHKCH67, raw=19991181, derived=19991181, unit=None), 'IDX__TXHDRLVHK0CH01': ParsedDataItem(IDX__TXHDRLVHK0CH01, raw=134219776, derived=134219776, unit=None), 'IDX__TXHDRLVHK0CH23': ParsedDataItem(IDX__TXHDRLVHK0CH23, raw=171772858, derived=171772858, unit=None), 'IDX__TXHDRLVHK0CH45': ParsedDataItem(IDX__TXHDRLVHK0CH45, raw=134745192, derived=134745192, unit=None), 'IDX__TXHDRLVHK0CH67': ParsedDataItem(IDX__TXHDRLVHK0CH67, raw=205851732, derived=205851732, unit=None), 'IDX__TXHDRLVHK1CH01': ParsedDataItem(IDX__TXHDRLVHK1CH01, raw=33293930, derived=33293930, unit=None), 'IDX__TXHDRLVHK1CH23': ParsedDataItem(IDX__TXHDRLVHK1CH23, raw=76809708, derived=76809708, unit=None), 'IDX__TXHDRLVHK1CH45': ParsedDataItem(IDX__TXHDRLVHK1CH45, raw=225773457, derived=225773457, unit=None), 'IDX__TXHDRLVHK1CH67': ParsedDataItem(IDX__TXHDRLVHK1CH67, raw=192414152, derived=192414152, unit=None), 'IDX__TXHDRLVHK2CH01': ParsedDataItem(IDX__TXHDRLVHK2CH01, raw=80807126, derived=80807126, unit=None), 'IDX__TXHDRLVHK2CH23': ParsedDataItem(IDX__TXHDRLVHK2CH23, raw=208734785, derived=208734785, unit=None), 'IDX__TXHDRLVHK2CH45': ParsedDataItem(IDX__TXHDRLVHK2CH45, raw=101059887, derived=101059887, unit=None), 'IDX__TXHDRLVHK2CH67': ParsedDataItem(IDX__TXHDRLVHK2CH67, raw=69017, derived=69017, unit=None), 'IDX__TXHDRSP09': ParsedDataItem(IDX__TXHDRSP09, raw=0, derived=0, unit=None), 'IDX__TXHDRSP10': ParsedDataItem(IDX__TXHDRSP10, raw=0, derived=0, unit=None), 'IDX__TXHDRFSWAIDCOPY': ParsedDataItem(IDX__TXHDRFSWAIDCOPY, raw=2415008032, derived=2415008032, unit=None), 'IDX__TXHDRFSWBINCOPY': ParsedDataItem(IDX__TXHDRFSWBINCOPY, raw=0, derived=0, unit=None), 'IDX__TXHDRFSWMAJOR': ParsedDataItem(IDX__TXHDRFSWMAJOR, raw=2, derived=2, unit=None), 'IDX__TXHDRFSWMINOR': ParsedDataItem(IDX__TXHDRFSWMINOR, raw=0, derived=0, unit=None), 'IDX__TXHDRFSWPATCH': ParsedDataItem(IDX__TXHDRFSWPATCH, raw=0, derived=0, unit=None), 'IDX__TXHDRFSWHVSTAT': ParsedDataItem(IDX__TXHDRFSWHVSTAT, raw=3, derived=3, unit=None), 'IDX__TXHDRFSWMEM0': ParsedDataItem(IDX__TXHDRFSWMEM0, raw=0, derived=0, unit=None), 'IDX__TXHDRFSWMEM1': ParsedDataItem(IDX__TXHDRFSWMEM1, raw=0, derived=0, unit=None), 'IDX__TXHDRFSWPT0': ParsedDataItem(IDX__TXHDRFSWPT0, raw=0, derived=0, unit=None), 'IDX__TXHDRFSWPT1': ParsedDataItem(IDX__TXHDRFSWPT1, raw=0, derived=0, unit=None), 'IDX__TXHDRFSWPT2': ParsedDataItem(IDX__TXHDRFSWPT2, raw=0, derived=0, unit=None), 'IDX__TXHDRFSWPT3': ParsedDataItem(IDX__TXHDRFSWPT3, raw=0, derived=0, unit=None), 'IDX__TXHDRFSWPT4': ParsedDataItem(IDX__TXHDRFSWPT4, raw=0, derived=0, unit=None), 'IDX__TXHDRFSWPT5': ParsedDataItem(IDX__TXHDRFSWPT5, raw=0, derived=0, unit=None), 'IDX__TXHDRFSWPT6': ParsedDataItem(IDX__TXHDRFSWPT6, raw=0, derived=0, unit=None), 'IDX__TXHDRFSWPT7': ParsedDataItem(IDX__TXHDRFSWPT7, raw=0, derived=0, unit=None), 'IDX__TXHDRFSWPT8': ParsedDataItem(IDX__TXHDRFSWPT8, raw=0, derived=0, unit=None), 'IDX__TXHDRFSWPT9': ParsedDataItem(IDX__TXHDRFSWPT9, raw=0, derived=0, unit=None), 'IDX__TXHDRFPGAVER': ParsedDataItem(IDX__TXHDRFPGAVER, raw=539165480, derived=539165480, unit=None), 'IDX__SYNCSCI0PKT': ParsedDataItem(IDX__SYNCSCI0PKT, raw=13107, derived=13107, unit=None), 'IDX__CRCSCI0PKT': ParsedDataItem(IDX__CRCSCI0PKT, raw=49875, derived=49875, unit=None)}
SHCOARSE = 429139434
SHFINE = 7116
IDX__SCI0AID = 2415008032
IDX__SCI0TYPE = 1
IDX__SCI0CONT = 127
IDX__SCI0SPARE1 = 0
IDX__SCI0PACK = EN
IDX__SCI0FRAG = DS
IDX__SCI0COMP = DS
IDX__SCI0EVTNUM = 20
IDX__SCI0CAT = 32
IDX__SCI0QUAL = 5
IDX__SCI0FRAGOFF = 0
IDX__SCI0VER = 9
IDX__SCI0TIME32 = 429138464
IDX__SCI0SPARE2 = 0
IDX__SCI0SPARE3 = 0
IDX__SCI0SPARE4 = 0
IDX__TXHDRSCIEVTLEN = 8320
IDX__TXHDRSP00 = 0
IDX__TXHDRTIMESEC1 = 6548
IDX__TXHDRTIMESEC2 = 8736
IDX__TXHDRTIMESUBS = 29363
IDX__TXHDRSP01 = 0
IDX__TXHDRTRIGOFFSET = 0
IDX__TXHDRSP02 = 0
IDX__TXHDRTRIGID = 1
IDX__TXHDREVTNUM = 20
IDX__TXHDRBLOCKS = 243679
IDX__TXHDRHGTRIGCTRL1 = 2222981120
IDX__TXHDRHGTRIGCTRL2 = 0
IDX__TXHDRLGTRIGCTRL1 = 4294965248
IDX__TXHDRLGTRIGCTRL2 = 4278255360
IDX__TXHDRMGTRIGCTRL1 = 4294965248
IDX__TXHDRMGTRIGCTRL2 = 4278255360
IDX__TXHDRSP03 = 0
IDX__TXHDRLSADC = 1048320
IDX__TXHDRPOLSTAT = NEG
IDX__TXHDRSP04 = 0
IDX__TXHDRPOLCTRL = POS
IDX__TXHDRCOINENA = DIS
IDX__TXHDRLSTRIGMODE = DIS
IDX__TXHDRMGTRIGMODE = 0
IDX__TXHDRLGTRIGMODE = 0
IDX__TXHDRHGTRIGMODE = 1
IDX__TXHDRSP05 = 0
IDX__TXHDRSP06 = 0
IDX__TXHDRSP07 = 2019
IDX__TXHDRSP08 = 0
IDX__TXHDRTOFMAX = 541596189
IDX__TXHDRTOFMIN = 535295475
IDX__TXHDRLS0MAXMIN = 8517633
IDX__TXHDRLS1MAXMIN = 8939382
IDX__TXHDRLS2MAXMIN = 8357858
IDX__TXHDRFIFODELAY = 16
IDX__TXHDRSAMPDELAY = 1073740831
IDX__TXHDRTRANSCNT = 2
IDX__TXHDRPROCHKCH01 = 83297016
IDX__TXHDRPROCHKCH23 = 132974137
IDX__TXHDRPROCHKCH45 = 174327003
IDX__TXHDRPROCHKCH67 = 133761306
IDX__TXHDRHVPSHKCH01 = 131794263
IDX__TXHDRHVPSHKCH23 = 8849069
IDX__TXHDRHVPSHKCH45 = 127731675
IDX__TXHDRHVPSHKCH67 = 19991181
IDX__TXHDRLVHK0CH01 = 134219776
IDX__TXHDRLVHK0CH23 = 171772858
IDX__TXHDRLVHK0CH45 = 134745192
IDX__TXHDRLVHK0CH67 = 205851732
IDX__TXHDRLVHK1CH01 = 33293930
IDX__TXHDRLVHK1CH23 = 76809708
IDX__TXHDRLVHK1CH45 = 225773457
IDX__TXHDRLVHK1CH67 = 192414152
IDX__TXHDRLVHK2CH01 = 80807126
IDX__TXHDRLVHK2CH23 = 208734785
IDX__TXHDRLVHK2CH45 = 101059887
IDX__TXHDRLVHK2CH67 = 69017
IDX__TXHDRSP09 = 0
IDX__TXHDRSP10 = 0
IDX__TXHDRFSWAIDCOPY = 2415008032
IDX__TXHDRFSWBINCOPY = 0
IDX__TXHDRFSWMAJOR = 2
IDX__TXHDRFSWMINOR = 0
IDX__TXHDRFSWPATCH = 0
IDX__TXHDRFSWHVSTAT = 3
IDX__TXHDRFSWMEM0 = 0
IDX__TXHDRFSWMEM1 = 0
IDX__TXHDRFSWPT0 = 0
IDX__TXHDRFSWPT1 = 0
IDX__TXHDRFSWPT2 = 0
IDX__TXHDRFSWPT3 = 0
IDX__TXHDRFSWPT4 = 0
IDX__TXHDRFSWPT5 = 0
IDX__TXHDRFSWPT6 = 0
IDX__TXHDRFSWPT7 = 0
IDX__TXHDRFSWPT8 = 0
IDX__TXHDRFSWPT9 = 0
IDX__TXHDRFPGAVER = 539165480
IDX__SYNCSCI0PKT = 13107
IDX__CRCSCI0PKT = 49875
^*****Event header 21******^
EVTNUM: 21
SCI0TYPE: 1
TXHDRBLOCKS RAW: 243679
TXHDRBLOCKS DERIVED: 243679
-----
HS pre trig sampling blocks:  31
LS pre trig sampling blocks:  3
HS post trig sampling blocks:  31
LS post trig sampling blocks:  11
IDX__TXHDRHVPSHKCH01 = 131794263
Detector voltage =  1367
Sensor voltage =  2011
Target voltage =  1709
Reflectron voltage =  135
Rejection voltage =  2011
Current for HVPS sensor =  1949
Positive current for HVPS sensor =  2701
Negative current for HVPS sensor =  305
Voltage +3.3V reference =  2048
Voltage +3.3V operational reference =  2048
Voltage -6V bus =  3002
Voltage +6V bus =  2621
Voltage +16V bus =  3176
Voltage +3.3V bus =  2056
Voltage -5V bus =  3156
Voltage +5V bus =  3141
Current +3.3V bus =  1642
Current +16V bus =  1172
Current +6V bus =  1516
Current -6V bus =  1172
Current +5V bus =  1937
Current -5V bus =  3445
Current +2.5V bus =  456
Current -2.5V bus =  2936
Current on the 1V POL =  760
Current on the 1.9V POL =  1271
ProcBd Temperature 1 =  1593
ProcBd Temperature 2 =  2029
Voltage on 1V bus =  1243
FPGA Temperature =  2660
Voltage on 1.9V bus =  2330
Voltage on 3.3V bus =  2041
var_to_row = {'Last measurement in raw DN for Processor Board signal “1V POL Current”': 0, 'Last measurement in raw DN for Processor Board signal “1.9V POL Current”': 1, 'Last measurement in raw DN for Processor Board signal “ProcBd Temp1”': 2, nan: 48, 'Last measurement in raw DN for Processor Board signal “ProcBd Temp2”': 6, 'Last measurement in raw DN for Processor Board signal “1V Voltage”': 10, 'Last measurement in raw DN for Processor Board signal “FPGA Temp”': 11, 'Last measurement in raw DN for Processor Board signal “1.9V Voltage”': 12, 'Last measurement in raw DN for Processor Board signal “3.3V Voltage”': 13, 'Last measurement in raw DN for HVPS Board signal “Detector Voltage”': 14, 'Last measurement in raw DN for HVPS Board signal “Sensor Voltage"': 15, 'Last measurement in raw DN for HVPS Board signal “Target Voltage”': 16, 'Last measurement in raw DN for HVPS Board signal “Reflectron Voltage”': 17, 'Last measurement in raw DN for HVPS Board signal “Rejection Voltage”': 18, 'Last measurement in raw DN for HVPS Board signal “Detector Current”': 19, 'Last measurement in raw DN for HVPS Board signal “Sensor IP”': 20, 'Last measurement in raw DN for HVPS Board signal “Sensor IN”': 21, 'Last measurement in raw DN for LVPS Board signal “P3.3VREF_HK”': 22, 'Last measurement in raw DN for LVPS Board signal “P3.3VREF_OP”': 23, 'Last measurement in raw DN for LVPS Board signal “N6V”': 24, 'Last measurement in raw DN for LVPS Board signal “P6V”': 25, 'Last measurement in raw DN for LVPS Board signal “P16V”': 26, 'Last measurement in raw DN for LVPS Board signal “P3.3V”': 27, 'Last measurement in raw DN for LVPS Board signal “N5V”': 28, 'Last measurement in raw DN for LVPS Board signal “P5V”': 29, 'Last measurement in raw DN for LVPS Board signal “P3.3_IMON”': 30, 'Last measurement in raw DN for LVPS Board signal “P16V_IMON”': 31, 'Last measurement in raw DN for LVPS Board signal “P6V_IMON”': 32, 'Last measurement in raw DN for LVPS Board signal “N6V_IMON”': 33, 'Last measurement in raw DN for LVPS Board signal “P5V_IMON”': 34, 'Last measurement in raw DN for LVPS Board signal “N5V_IMON”': 35, 'Last measurement in raw DN for LVPS Board signal “P2.5V_IMON”': 36, 'Last measurement in raw DN for LVPS Board signal “N2.5V_IMON”': 37, 'Last measurement in raw DN for LVPS Board signal “THERM_DECON0”': 38, 'Last measurement in raw DN for LVPS Board signal “THERM_DECON1”': 39, 'Last measurement in raw DN for LVPS Board signal “THERM_DAB”': 40, 'Last measurement in raw DN for LVPS Board signal “THERM_LVPS”': 41, 'Last measurement in raw DN for LVPS Board signal “THERM_HVPS”': 45, 'Last measurement in raw DN for LVPS Board signal “P2.5V”': 49, 'Last measurement in raw DN for LVPS Board signal “N2.5V”': 50, 'Last measurement in raw DN for LVPS Board signal “Spare”': 51}

 
 ***** var_name being converted for each instrument setting ***** 
 

Matching row  18
coeffs for Last measurement in raw DN for Processor Board signal “1V POL Current”= [0.0 0.9029253 0.0 0.0 0.0 0.0 0.0 0.0]
var_name = Last measurement in raw DN for Processor Board signal “1V POL Current”
var_name = current_1V_pol
Header info = 760
Transformed value for current_1V_pol = 686.2232280000001
Matching row  18
coeffs for Last measurement in raw DN for Processor Board signal “1.9V POL Current”= [0.0 0.9029253 0.0 0.0 0.0 0.0 0.0 0.0]
var_name = Last measurement in raw DN for Processor Board signal “1.9V POL Current”
var_name = current_1.9V_pol
Header info = 1271
Transformed value for current_1.9V_pol = 1147.6180563
Matching row  18
coeffs for Last measurement in raw DN for Processor Board signal “ProcBd Temp1”= [162.8276 -0.2668687 0.0003323794 -2.43153e-07 9.034532e-11 -1.327735e-14
 0.0 0.0]
var_name = Last measurement in raw DN for Processor Board signal “ProcBd Temp1”
var_name = temperature_1
Header info = 1593
Transformed value for temperature_1 = 43.817356566839265
Matching row  18
coeffs for nan= [-104713.9 52.02446 -0.006463374 0.0 0.0 0.0 0.0 0.0]
var_name = nan
var_name = None
KeyError: (21, None) - Could not find entry for None, 48. Please check the Var_notes or variable mapping.
Matching row  18
coeffs for Last measurement in raw DN for Processor Board signal “ProcBd Temp2”= [162.8276 -0.2668687 0.0003323794 -2.43153e-07 9.034532e-11 -1.327735e-14
 0.0 0.0]
var_name = Last measurement in raw DN for Processor Board signal “ProcBd Temp2”
var_name = temperature_2
Header info = 2029
Transformed value for temperature_2 = 33.251823993293954
Matching row  18
coeffs for Last measurement in raw DN for Processor Board signal “1V Voltage”= [0.0 0.000805861 0.0 0.0 0.0 0.0 0.0 0.0]
var_name = Last measurement in raw DN for Processor Board signal “1V Voltage”
var_name = voltage_1V_bus
Header info = 1243
Transformed value for voltage_1V_bus = 1.001685223
Matching row  18
coeffs for Last measurement in raw DN for Processor Board signal “FPGA Temp”= [358.31 -0.1187104 0.0 0.0 0.0 0.0 0.0 0.0]
var_name = Last measurement in raw DN for Processor Board signal “FPGA Temp”
var_name = fpga_temperature
Header info = 2660
Transformed value for fpga_temperature = 42.540336000000025
Matching row  18
coeffs for Last measurement in raw DN for Processor Board signal “1.9V Voltage”= [0.0 0.000805861 0.0 0.0 0.0 0.0 0.0 0.0]
var_name = Last measurement in raw DN for Processor Board signal “1.9V Voltage”
var_name = voltage_1.9V_bus
Header info = 2330
Transformed value for voltage_1.9V_bus = 1.8776561299999999
Matching row  18
coeffs for Last measurement in raw DN for Processor Board signal “3.3V Voltage”= [0.0 0.001611722 0.0 0.0 0.0 0.0 0.0 0.0]
var_name = Last measurement in raw DN for Processor Board signal “3.3V Voltage”
var_name = voltage_3.3V_bus
Header info = 2041
Transformed value for voltage_3.3V_bus = 3.2895246019999997
Matching row  18
coeffs for Last measurement in raw DN for HVPS Board signal “Detector Voltage”= [0.0 1.4652 0.0 0.0 0.0 0.0 0.0 0.0]
var_name = Last measurement in raw DN for HVPS Board signal “Detector Voltage”
var_name = detector_voltage
Header info = 1367
Transformed value for detector_voltage = 2002.9284
Matching row  18
coeffs for Last measurement in raw DN for HVPS Board signal “Sensor Voltage"= [0.0 1.4652 0.0 0.0 0.0 0.0 0.0 0.0]
var_name = Last measurement in raw DN for HVPS Board signal “Sensor Voltage"
var_name = sensor_voltage
Header info = 2011
Transformed value for sensor_voltage = 2946.5172000000002
Matching row  18
coeffs for Last measurement in raw DN for HVPS Board signal “Target Voltage”= [0.0 1.4652 0.0 0.0 0.0 0.0 0.0 0.0]
var_name = Last measurement in raw DN for HVPS Board signal “Target Voltage”
var_name = target_voltage
Header info = 1709
Transformed value for target_voltage = 2504.0268
Matching row  18
coeffs for Last measurement in raw DN for HVPS Board signal “Reflectron Voltage”= [0.0 1.4652 0.0 0.0 0.0 0.0 0.0 0.0]
var_name = Last measurement in raw DN for HVPS Board signal “Reflectron Voltage”
var_name = reflectron_voltage
Header info = 135
Transformed value for reflectron_voltage = 197.80200000000002
Matching row  18
coeffs for Last measurement in raw DN for HVPS Board signal “Rejection Voltage”= [0.0 1.4652 0.0 0.0 0.0 0.0 0.0 0.0]
var_name = Last measurement in raw DN for HVPS Board signal “Rejection Voltage”
var_name = rejection_voltage
Header info = 2011
Transformed value for rejection_voltage = 2946.5172000000002
Matching row  18
coeffs for Last measurement in raw DN for HVPS Board signal “Detector Current”= [0.0 7.326e-06 0.0 0.0 0.0 0.0 0.0 0.0]
var_name = Last measurement in raw DN for HVPS Board signal “Detector Current”
var_name = current_hvps_sensor
Header info = 1949
Transformed value for current_hvps_sensor = 0.014278374
Matching row  18
coeffs for Last measurement in raw DN for HVPS Board signal “Sensor IP”= [0.0 2.4339e-05 0.0 0.0 0.0 0.0 0.0 0.0]
var_name = Last measurement in raw DN for HVPS Board signal “Sensor IP”
var_name = positive_current_hvps
Header info = 2701
Transformed value for positive_current_hvps = 0.065739639
Matching row  18
coeffs for Last measurement in raw DN for HVPS Board signal “Sensor IN”= [0.0 2.4339e-05 0.0 0.0 0.0 0.0 0.0 0.0]
var_name = Last measurement in raw DN for HVPS Board signal “Sensor IN”
var_name = negative_current_hvps
Header info = 305
Transformed value for negative_current_hvps = 0.007423394999999999
Matching row  18
coeffs for Last measurement in raw DN for LVPS Board signal “P3.3VREF_HK”= [0.0 0.00161172 0.0 0.0 0.0 0.0 0.0 0.0]
var_name = Last measurement in raw DN for LVPS Board signal “P3.3VREF_HK”
var_name = voltage_3V3_ref
Header info = 2048
Transformed value for voltage_3V3_ref = 3.30080256
Matching row  18
coeffs for Last measurement in raw DN for LVPS Board signal “P3.3VREF_OP”= [0.0 0.00161172 0.0 0.0 0.0 0.0 0.0 0.0]
var_name = Last measurement in raw DN for LVPS Board signal “P3.3VREF_OP”
var_name = voltage_3V3_op_ref
Header info = 2048
Transformed value for voltage_3V3_op_ref = 3.30080256
Matching row  18
coeffs for Last measurement in raw DN for LVPS Board signal “N6V”= [-33.0 0.00886447 0.0 0.0 0.0 0.0 0.0 0.0]
var_name = Last measurement in raw DN for LVPS Board signal “N6V”
var_name = voltage_neg6V_bus
Header info = 3002
Transformed value for voltage_neg6V_bus = -6.3888610600000035
Matching row  18
coeffs for Last measurement in raw DN for LVPS Board signal “P6V”= [0.0 0.00241758 0.0 0.0 0.0 0.0 0.0 0.0]
var_name = Last measurement in raw DN for LVPS Board signal “P6V”
var_name = voltage_pos6V_bus
Header info = 2621
Transformed value for voltage_pos6V_bus = 6.33647718
Matching row  18
coeffs for Last measurement in raw DN for LVPS Board signal “P16V”= [0.0 0.00482711 0.0 0.0 0.0 0.0 0.0 0.0]
var_name = Last measurement in raw DN for LVPS Board signal “P16V”
var_name = voltage_pos16V_bus
Header info = 3176
Transformed value for voltage_pos16V_bus = 15.33090136
Matching row  18
coeffs for Last measurement in raw DN for LVPS Board signal “P3.3V”= [0.0 0.00161172 0.0 0.0 0.0 0.0 0.0 0.0]
var_name = Last measurement in raw DN for LVPS Board signal “P3.3V”
var_name = voltage_pos3V3_bus
Header info = 2056
Transformed value for voltage_pos3V3_bus = 3.31369632
Matching row  18
coeffs for Last measurement in raw DN for LVPS Board signal “N5V”= [-33.0 0.00886447 0.0 0.0 0.0 0.0 0.0 0.0]
var_name = Last measurement in raw DN for LVPS Board signal “N5V”
var_name = voltage_neg5V_bus
Header info = 3156
Transformed value for voltage_neg5V_bus = -5.023732680000002
Matching row  18
coeffs for Last measurement in raw DN for LVPS Board signal “P5V”= [0.0 0.00161172 0.0 0.0 0.0 0.0 0.0 0.0]
var_name = Last measurement in raw DN for LVPS Board signal “P5V”
var_name = voltage_pos5V_bus
Header info = 3141
Transformed value for voltage_pos5V_bus = 5.0624125200000005
Matching row  18
coeffs for Last measurement in raw DN for LVPS Board signal “P3.3_IMON”= [0.0 0.00161172 0.0 0.0 0.0 0.0 0.0 0.0]
var_name = Last measurement in raw DN for LVPS Board signal “P3.3_IMON”
var_name = current_3V3_bus
Header info = 1642
Transformed value for current_3V3_bus = 2.64644424
Matching row  18
coeffs for Last measurement in raw DN for LVPS Board signal “P16V_IMON”= [0.0 0.000161172 0.0 0.0 0.0 0.0 0.0 0.0]
var_name = Last measurement in raw DN for LVPS Board signal “P16V_IMON”
var_name = current_16V_bus
Header info = 1172
Transformed value for current_16V_bus = 0.188893584
Matching row  18
coeffs for Last measurement in raw DN for LVPS Board signal “P6V_IMON”= [0.0 8.05861e-05 0.0 0.0 0.0 0.0 0.0 0.0]
var_name = Last measurement in raw DN for LVPS Board signal “P6V_IMON”
var_name = current_6V_bus
Header info = 1516
Transformed value for current_6V_bus = 0.1221685276
Matching row  18
coeffs for Last measurement in raw DN for LVPS Board signal “N6V_IMON”= [0.0 -8.05861e-05 0.0 0.0 0.0 0.0 0.0 0.0]
var_name = Last measurement in raw DN for LVPS Board signal “N6V_IMON”
var_name = current_neg6V_bus
Header info = 1172
Transformed value for current_neg6V_bus = -0.0944469092
Matching row  18
coeffs for Last measurement in raw DN for LVPS Board signal “P5V_IMON”= [0.0 4.029304e-05 0.0 0.0 0.0 0.0 0.0 0.0]
var_name = Last measurement in raw DN for LVPS Board signal “P5V_IMON”
var_name = current_5V_bus
Header info = 1937
Transformed value for current_5V_bus = 0.07804761848
Matching row  18
coeffs for Last measurement in raw DN for LVPS Board signal “N5V_IMON”= [0.0 -2.01465e-05 0.0 0.0 0.0 0.0 0.0 0.0]
var_name = Last measurement in raw DN for LVPS Board signal “N5V_IMON”
var_name = current_neg5V_bus
Header info = 3445
Transformed value for current_neg5V_bus = -0.0694046925
Matching row  18
coeffs for Last measurement in raw DN for LVPS Board signal “P2.5V_IMON”= [0.0 0.00161172 0.0 0.0 0.0 0.0 0.0 0.0]
var_name = Last measurement in raw DN for LVPS Board signal “P2.5V_IMON”
var_name = current_2V5_bus
Header info = 456
Transformed value for current_2V5_bus = 0.73494432
Matching row  18
coeffs for Last measurement in raw DN for LVPS Board signal “N2.5V_IMON”= [0.0 -4.0293e-05 0.0 0.0 0.0 0.0 0.0 0.0]
var_name = Last measurement in raw DN for LVPS Board signal “N2.5V_IMON”
var_name = current_neg2V5_bus
Header info = 2936
Transformed value for current_neg2V5_bus = -0.11830024800000001
Matching row  18
coeffs for Last measurement in raw DN for LVPS Board signal “THERM_DECON0”= [-110.293 0.0665351 0.000305738 -6.32048e-07 5.9934e-10 -2.98784e-13
 7.61361e-17 -7.76467e-21]
var_name = Last measurement in raw DN for LVPS Board signal “THERM_DECON0”
var_name = None
KeyError: (21, None) - Could not find entry for None, 38. Please check the Var_notes or variable mapping.
Matching row  18
coeffs for Last measurement in raw DN for LVPS Board signal “THERM_DECON1”= [-150.478 0.376986 -0.00062072 7.73853e-07 -5.81588e-10 2.56368e-13
 -6.05698e-17 5.96635e-21]
var_name = Last measurement in raw DN for LVPS Board signal “THERM_DECON1”
var_name = None
KeyError: (21, None) - Could not find entry for None, 39. Please check the Var_notes or variable mapping.
Matching row  18
coeffs for Last measurement in raw DN for LVPS Board signal “THERM_DAB”= [-443.248 1.31224 -0.00180422 1.40016e-06 -6.43766e-10 1.7448e-13
 -2.57695e-17 1.60239e-21]
var_name = Last measurement in raw DN for LVPS Board signal “THERM_DAB”
var_name = None
KeyError: (21, None) - Could not find entry for None, 40. Please check the Var_notes or variable mapping.
Matching row  18
coeffs for Last measurement in raw DN for LVPS Board signal “THERM_LVPS”= [200.4137 -0.2020699 0.000175403 -9.739547e-08 2.888932e-11 -3.545603e-15
 0.0 0.0]
var_name = Last measurement in raw DN for LVPS Board signal “THERM_LVPS”
var_name = None
KeyError: (21, None) - Could not find entry for None, 41. Please check the Var_notes or variable mapping.
Matching row  18
coeffs for Last measurement in raw DN for LVPS Board signal “THERM_HVPS”= [200.4137 -0.2020699 0.000175403 -9.739547e-08 2.888932e-11 -3.545603e-15
 0.0 0.0]
var_name = Last measurement in raw DN for LVPS Board signal “THERM_HVPS”
var_name = None
KeyError: (21, None) - Could not find entry for None, 45. Please check the Var_notes or variable mapping.
Matching row  18
coeffs for Last measurement in raw DN for LVPS Board signal “P2.5V”= [0.0 0.00161172 0.0 0.0 0.0 0.0 0.0 0.0]
var_name = Last measurement in raw DN for LVPS Board signal “P2.5V”
var_name = None
KeyError: (21, None) - Could not find entry for None, 49. Please check the Var_notes or variable mapping.
Matching row  18
coeffs for Last measurement in raw DN for LVPS Board signal “N2.5V”= [-33.0 0.00886447 0.0 0.0 0.0 0.0 0.0 0.0]
var_name = Last measurement in raw DN for LVPS Board signal “N2.5V”
var_name = None
KeyError: (21, None) - Could not find entry for None, 50. Please check the Var_notes or variable mapping.
Matching row  18
coeffs for Last measurement in raw DN for LVPS Board signal “Spare”= [0.0 0.00161172 0.0 0.0 0.0 0.0 0.0 0.0]
var_name = Last measurement in raw DN for LVPS Board signal “Spare”
var_name = spare_signal
KeyError: (21, 'spare_signal') - Could not find entry for spare_signal, 51. Please check the Var_notes or variable mapping.
High gain delay = 31 samples.
Mid gain delay = 1023 samples.
Low gain delay = 1023 samples.
High sampling trigger mode =  0 0 1
High gain trigger mode enabled.
For 2222981120, HG Trigger level = 0.15317, sample settings = 0, 0
Threshold trigger mode enabled for high gain channel.
AID = 2415008032
Event number = 20
Rice compression enabled = False
Timestamp = 429138464.58726 seconds since epoch (Midnight January 1st, 2010)
Trigger time = 2023-08-07T21:07:44.587260Z
21
21
21
21
21
21
21
21
21
21
21
21
21
{'SHCOARSE': ParsedDataItem(SHCOARSE, raw=429139448, derived=429139448, unit=dn), 'SHFINE': ParsedDataItem(SHFINE, raw=7122, derived=7122, unit=dn), 'IDX__SCI0AID': ParsedDataItem(IDX__SCI0AID, raw=2415008032, derived=2415008032, unit=None), 'IDX__SCI0TYPE': ParsedDataItem(IDX__SCI0TYPE, raw=1, derived=1, unit=None), 'IDX__SCI0CONT': ParsedDataItem(IDX__SCI0CONT, raw=127, derived=127, unit=None), 'IDX__SCI0SPARE1': ParsedDataItem(IDX__SCI0SPARE1, raw=0, derived=0, unit=None), 'IDX__SCI0PACK': ParsedDataItem(IDX__SCI0PACK, raw=1, derived=EN, unit=None), 'IDX__SCI0FRAG': ParsedDataItem(IDX__SCI0FRAG, raw=0, derived=DS, unit=None), 'IDX__SCI0COMP': ParsedDataItem(IDX__SCI0COMP, raw=0, derived=DS, unit=None), 'IDX__SCI0EVTNUM': ParsedDataItem(IDX__SCI0EVTNUM, raw=21, derived=21, unit=None), 'IDX__SCI0CAT': ParsedDataItem(IDX__SCI0CAT, raw=32, derived=32, unit=None), 'IDX__SCI0QUAL': ParsedDataItem(IDX__SCI0QUAL, raw=5, derived=5, unit=None), 'IDX__SCI0FRAGOFF': ParsedDataItem(IDX__SCI0FRAGOFF, raw=0, derived=0, unit=None), 'IDX__SCI0VER': ParsedDataItem(IDX__SCI0VER, raw=9, derived=9, unit=None), 'IDX__SCI0TIME32': ParsedDataItem(IDX__SCI0TIME32, raw=429138494, derived=429138494, unit=None), 'IDX__SCI0SPARE2': ParsedDataItem(IDX__SCI0SPARE2, raw=0, derived=0, unit=None), 'IDX__SCI0SPARE3': ParsedDataItem(IDX__SCI0SPARE3, raw=0, derived=0, unit=None), 'IDX__SCI0SPARE4': ParsedDataItem(IDX__SCI0SPARE4, raw=0, derived=0, unit=None), 'IDX__TXHDRSCIEVTLEN': ParsedDataItem(IDX__TXHDRSCIEVTLEN, raw=8320, derived=8320, unit=None), 'IDX__TXHDRSP00': ParsedDataItem(IDX__TXHDRSP00, raw=0, derived=0, unit=None), 'IDX__TXHDRTIMESEC1': ParsedDataItem(IDX__TXHDRTIMESEC1, raw=6548, derived=6548, unit=None), 'IDX__TXHDRTIMESEC2': ParsedDataItem(IDX__TXHDRTIMESEC2, raw=8766, derived=8766, unit=None), 'IDX__TXHDRTIMESUBS': ParsedDataItem(IDX__TXHDRTIMESUBS, raw=7255, derived=7255, unit=None), 'IDX__TXHDRSP01': ParsedDataItem(IDX__TXHDRSP01, raw=0, derived=0, unit=None), 'IDX__TXHDRTRIGOFFSET': ParsedDataItem(IDX__TXHDRTRIGOFFSET, raw=6, derived=6, unit=None), 'IDX__TXHDRSP02': ParsedDataItem(IDX__TXHDRSP02, raw=0, derived=0, unit=None), 'IDX__TXHDRTRIGID': ParsedDataItem(IDX__TXHDRTRIGID, raw=1, derived=1, unit=None), 'IDX__TXHDREVTNUM': ParsedDataItem(IDX__TXHDREVTNUM, raw=21, derived=21, unit=None), 'IDX__TXHDRBLOCKS': ParsedDataItem(IDX__TXHDRBLOCKS, raw=243679, derived=243679, unit=None), 'IDX__TXHDRHGTRIGCTRL1': ParsedDataItem(IDX__TXHDRHGTRIGCTRL1, raw=2222981120, derived=2222981120, unit=None), 'IDX__TXHDRHGTRIGCTRL2': ParsedDataItem(IDX__TXHDRHGTRIGCTRL2, raw=0, derived=0, unit=None), 'IDX__TXHDRLGTRIGCTRL1': ParsedDataItem(IDX__TXHDRLGTRIGCTRL1, raw=4294965248, derived=4294965248, unit=None), 'IDX__TXHDRLGTRIGCTRL2': ParsedDataItem(IDX__TXHDRLGTRIGCTRL2, raw=4278255360, derived=4278255360, unit=None), 'IDX__TXHDRMGTRIGCTRL1': ParsedDataItem(IDX__TXHDRMGTRIGCTRL1, raw=4294965248, derived=4294965248, unit=None), 'IDX__TXHDRMGTRIGCTRL2': ParsedDataItem(IDX__TXHDRMGTRIGCTRL2, raw=4278255360, derived=4278255360, unit=None), 'IDX__TXHDRSP03': ParsedDataItem(IDX__TXHDRSP03, raw=0, derived=0, unit=None), 'IDX__TXHDRLSADC': ParsedDataItem(IDX__TXHDRLSADC, raw=1048320, derived=1048320, unit=None), 'IDX__TXHDRPOLSTAT': ParsedDataItem(IDX__TXHDRPOLSTAT, raw=1, derived=NEG, unit=None), 'IDX__TXHDRSP04': ParsedDataItem(IDX__TXHDRSP04, raw=0, derived=0, unit=None), 'IDX__TXHDRPOLCTRL': ParsedDataItem(IDX__TXHDRPOLCTRL, raw=0, derived=POS, unit=None), 'IDX__TXHDRCOINENA': ParsedDataItem(IDX__TXHDRCOINENA, raw=0, derived=DIS, unit=None), 'IDX__TXHDRLSTRIGMODE': ParsedDataItem(IDX__TXHDRLSTRIGMODE, raw=0, derived=DIS, unit=None), 'IDX__TXHDRMGTRIGMODE': ParsedDataItem(IDX__TXHDRMGTRIGMODE, raw=0, derived=0, unit=None), 'IDX__TXHDRLGTRIGMODE': ParsedDataItem(IDX__TXHDRLGTRIGMODE, raw=0, derived=0, unit=None), 'IDX__TXHDRHGTRIGMODE': ParsedDataItem(IDX__TXHDRHGTRIGMODE, raw=1, derived=1, unit=None), 'IDX__TXHDRSP05': ParsedDataItem(IDX__TXHDRSP05, raw=0, derived=0, unit=None), 'IDX__TXHDRSP06': ParsedDataItem(IDX__TXHDRSP06, raw=0, derived=0, unit=None), 'IDX__TXHDRSP07': ParsedDataItem(IDX__TXHDRSP07, raw=2019, derived=2019, unit=None), 'IDX__TXHDRSP08': ParsedDataItem(IDX__TXHDRSP08, raw=0, derived=0, unit=None), 'IDX__TXHDRTOFMAX': ParsedDataItem(IDX__TXHDRTOFMAX, raw=541596180, derived=541596180, unit=None), 'IDX__TXHDRTOFMIN': ParsedDataItem(IDX__TXHDRTOFMIN, raw=535295475, derived=535295475, unit=None), 'IDX__TXHDRLS0MAXMIN': ParsedDataItem(IDX__TXHDRLS0MAXMIN, raw=8529918, derived=8529918, unit=None), 'IDX__TXHDRLS1MAXMIN': ParsedDataItem(IDX__TXHDRLS1MAXMIN, raw=11068831, derived=11068831, unit=None), 'IDX__TXHDRLS2MAXMIN': ParsedDataItem(IDX__TXHDRLS2MAXMIN, raw=8349665, derived=8349665, unit=None), 'IDX__TXHDRFIFODELAY': ParsedDataItem(IDX__TXHDRFIFODELAY, raw=18, derived=18, unit=None), 'IDX__TXHDRSAMPDELAY': ParsedDataItem(IDX__TXHDRSAMPDELAY, raw=49331282, derived=49331282, unit=None), 'IDX__TXHDRTRANSCNT': ParsedDataItem(IDX__TXHDRTRANSCNT, raw=2, derived=2, unit=None), 'IDX__TXHDRPROCHKCH01': ParsedDataItem(IDX__TXHDRPROCHKCH01, raw=83297017, derived=83297017, unit=None), 'IDX__TXHDRPROCHKCH23': ParsedDataItem(IDX__TXHDRPROCHKCH23, raw=132646452, derived=132646452, unit=None), 'IDX__TXHDRPROCHKCH45': ParsedDataItem(IDX__TXHDRPROCHKCH45, raw=174195931, derived=174195931, unit=None), 'IDX__TXHDRPROCHKCH67': ParsedDataItem(IDX__TXHDRPROCHKCH67, raw=133761306, derived=133761306, unit=None), 'IDX__TXHDRHVPSHKCH01': ParsedDataItem(IDX__TXHDRHVPSHKCH01, raw=131794263, derived=131794263, unit=None), 'IDX__TXHDRHVPSHKCH23': ParsedDataItem(IDX__TXHDRHVPSHKCH23, raw=8849069, derived=8849069, unit=None), 'IDX__TXHDRHVPSHKCH45': ParsedDataItem(IDX__TXHDRHVPSHKCH45, raw=127731676, derived=127731676, unit=None), 'IDX__TXHDRHVPSHKCH67': ParsedDataItem(IDX__TXHDRHVPSHKCH67, raw=19925645, derived=19925645, unit=None), 'IDX__TXHDRLVHK0CH01': ParsedDataItem(IDX__TXHDRLVHK0CH01, raw=134219776, derived=134219776, unit=None), 'IDX__TXHDRLVHK0CH23': ParsedDataItem(IDX__TXHDRLVHK0CH23, raw=171838394, derived=171838394, unit=None), 'IDX__TXHDRLVHK0CH45': ParsedDataItem(IDX__TXHDRLVHK0CH45, raw=134810728, derived=134810728, unit=None), 'IDX__TXHDRLVHK0CH67': ParsedDataItem(IDX__TXHDRLVHK0CH67, raw=205851732, derived=205851732, unit=None), 'IDX__TXHDRLVHK1CH01': ParsedDataItem(IDX__TXHDRLVHK1CH01, raw=33293930, derived=33293930, unit=None), 'IDX__TXHDRLVHK1CH23': ParsedDataItem(IDX__TXHDRLVHK1CH23, raw=76809708, derived=76809708, unit=None), 'IDX__TXHDRLVHK1CH45': ParsedDataItem(IDX__TXHDRLVHK1CH45, raw=225773457, derived=225773457, unit=None), 'IDX__TXHDRLVHK1CH67': ParsedDataItem(IDX__TXHDRLVHK1CH67, raw=192414152, derived=192414152, unit=None), 'IDX__TXHDRLVHK2CH01': ParsedDataItem(IDX__TXHDRLVHK2CH01, raw=80807126, derived=80807126, unit=None), 'IDX__TXHDRLVHK2CH23': ParsedDataItem(IDX__TXHDRLVHK2CH23, raw=208603713, derived=208603713, unit=None), 'IDX__TXHDRLVHK2CH45': ParsedDataItem(IDX__TXHDRLVHK2CH45, raw=101059885, derived=101059885, unit=None), 'IDX__TXHDRLVHK2CH67': ParsedDataItem(IDX__TXHDRLVHK2CH67, raw=69017, derived=69017, unit=None), 'IDX__TXHDRSP09': ParsedDataItem(IDX__TXHDRSP09, raw=0, derived=0, unit=None), 'IDX__TXHDRSP10': ParsedDataItem(IDX__TXHDRSP10, raw=0, derived=0, unit=None), 'IDX__TXHDRFSWAIDCOPY': ParsedDataItem(IDX__TXHDRFSWAIDCOPY, raw=2415008032, derived=2415008032, unit=None), 'IDX__TXHDRFSWBINCOPY': ParsedDataItem(IDX__TXHDRFSWBINCOPY, raw=0, derived=0, unit=None), 'IDX__TXHDRFSWMAJOR': ParsedDataItem(IDX__TXHDRFSWMAJOR, raw=2, derived=2, unit=None), 'IDX__TXHDRFSWMINOR': ParsedDataItem(IDX__TXHDRFSWMINOR, raw=0, derived=0, unit=None), 'IDX__TXHDRFSWPATCH': ParsedDataItem(IDX__TXHDRFSWPATCH, raw=0, derived=0, unit=None), 'IDX__TXHDRFSWHVSTAT': ParsedDataItem(IDX__TXHDRFSWHVSTAT, raw=3, derived=3, unit=None), 'IDX__TXHDRFSWMEM0': ParsedDataItem(IDX__TXHDRFSWMEM0, raw=0, derived=0, unit=None), 'IDX__TXHDRFSWMEM1': ParsedDataItem(IDX__TXHDRFSWMEM1, raw=0, derived=0, unit=None), 'IDX__TXHDRFSWPT0': ParsedDataItem(IDX__TXHDRFSWPT0, raw=0, derived=0, unit=None), 'IDX__TXHDRFSWPT1': ParsedDataItem(IDX__TXHDRFSWPT1, raw=0, derived=0, unit=None), 'IDX__TXHDRFSWPT2': ParsedDataItem(IDX__TXHDRFSWPT2, raw=0, derived=0, unit=None), 'IDX__TXHDRFSWPT3': ParsedDataItem(IDX__TXHDRFSWPT3, raw=0, derived=0, unit=None), 'IDX__TXHDRFSWPT4': ParsedDataItem(IDX__TXHDRFSWPT4, raw=0, derived=0, unit=None), 'IDX__TXHDRFSWPT5': ParsedDataItem(IDX__TXHDRFSWPT5, raw=0, derived=0, unit=None), 'IDX__TXHDRFSWPT6': ParsedDataItem(IDX__TXHDRFSWPT6, raw=0, derived=0, unit=None), 'IDX__TXHDRFSWPT7': ParsedDataItem(IDX__TXHDRFSWPT7, raw=0, derived=0, unit=None), 'IDX__TXHDRFSWPT8': ParsedDataItem(IDX__TXHDRFSWPT8, raw=0, derived=0, unit=None), 'IDX__TXHDRFSWPT9': ParsedDataItem(IDX__TXHDRFSWPT9, raw=0, derived=0, unit=None), 'IDX__TXHDRFPGAVER': ParsedDataItem(IDX__TXHDRFPGAVER, raw=539165480, derived=539165480, unit=None), 'IDX__SYNCSCI0PKT': ParsedDataItem(IDX__SYNCSCI0PKT, raw=13107, derived=13107, unit=None), 'IDX__CRCSCI0PKT': ParsedDataItem(IDX__CRCSCI0PKT, raw=34866, derived=34866, unit=None)}
SHCOARSE = 429139448
SHFINE = 7122
IDX__SCI0AID = 2415008032
IDX__SCI0TYPE = 1
IDX__SCI0CONT = 127
IDX__SCI0SPARE1 = 0
IDX__SCI0PACK = EN
IDX__SCI0FRAG = DS
IDX__SCI0COMP = DS
IDX__SCI0EVTNUM = 21
IDX__SCI0CAT = 32
IDX__SCI0QUAL = 5
IDX__SCI0FRAGOFF = 0
IDX__SCI0VER = 9
IDX__SCI0TIME32 = 429138494
IDX__SCI0SPARE2 = 0
IDX__SCI0SPARE3 = 0
IDX__SCI0SPARE4 = 0
IDX__TXHDRSCIEVTLEN = 8320
IDX__TXHDRSP00 = 0
IDX__TXHDRTIMESEC1 = 6548
IDX__TXHDRTIMESEC2 = 8766
IDX__TXHDRTIMESUBS = 7255
IDX__TXHDRSP01 = 0
IDX__TXHDRTRIGOFFSET = 6
IDX__TXHDRSP02 = 0
IDX__TXHDRTRIGID = 1
IDX__TXHDREVTNUM = 21
IDX__TXHDRBLOCKS = 243679
IDX__TXHDRHGTRIGCTRL1 = 2222981120
IDX__TXHDRHGTRIGCTRL2 = 0
IDX__TXHDRLGTRIGCTRL1 = 4294965248
IDX__TXHDRLGTRIGCTRL2 = 4278255360
IDX__TXHDRMGTRIGCTRL1 = 4294965248
IDX__TXHDRMGTRIGCTRL2 = 4278255360
IDX__TXHDRSP03 = 0
IDX__TXHDRLSADC = 1048320
IDX__TXHDRPOLSTAT = NEG
IDX__TXHDRSP04 = 0
IDX__TXHDRPOLCTRL = POS
IDX__TXHDRCOINENA = DIS
IDX__TXHDRLSTRIGMODE = DIS
IDX__TXHDRMGTRIGMODE = 0
IDX__TXHDRLGTRIGMODE = 0
IDX__TXHDRHGTRIGMODE = 1
IDX__TXHDRSP05 = 0
IDX__TXHDRSP06 = 0
IDX__TXHDRSP07 = 2019
IDX__TXHDRSP08 = 0
IDX__TXHDRTOFMAX = 541596180
IDX__TXHDRTOFMIN = 535295475
IDX__TXHDRLS0MAXMIN = 8529918
IDX__TXHDRLS1MAXMIN = 11068831
IDX__TXHDRLS2MAXMIN = 8349665
IDX__TXHDRFIFODELAY = 18
IDX__TXHDRSAMPDELAY = 49331282
IDX__TXHDRTRANSCNT = 2
IDX__TXHDRPROCHKCH01 = 83297017
IDX__TXHDRPROCHKCH23 = 132646452
IDX__TXHDRPROCHKCH45 = 174195931
IDX__TXHDRPROCHKCH67 = 133761306
IDX__TXHDRHVPSHKCH01 = 131794263
IDX__TXHDRHVPSHKCH23 = 8849069
IDX__TXHDRHVPSHKCH45 = 127731676
IDX__TXHDRHVPSHKCH67 = 19925645
IDX__TXHDRLVHK0CH01 = 134219776
IDX__TXHDRLVHK0CH23 = 171838394
IDX__TXHDRLVHK0CH45 = 134810728
IDX__TXHDRLVHK0CH67 = 205851732
IDX__TXHDRLVHK1CH01 = 33293930
IDX__TXHDRLVHK1CH23 = 76809708
IDX__TXHDRLVHK1CH45 = 225773457
IDX__TXHDRLVHK1CH67 = 192414152
IDX__TXHDRLVHK2CH01 = 80807126
IDX__TXHDRLVHK2CH23 = 208603713
IDX__TXHDRLVHK2CH45 = 101059885
IDX__TXHDRLVHK2CH67 = 69017
IDX__TXHDRSP09 = 0
IDX__TXHDRSP10 = 0
IDX__TXHDRFSWAIDCOPY = 2415008032
IDX__TXHDRFSWBINCOPY = 0
IDX__TXHDRFSWMAJOR = 2
IDX__TXHDRFSWMINOR = 0
IDX__TXHDRFSWPATCH = 0
IDX__TXHDRFSWHVSTAT = 3
IDX__TXHDRFSWMEM0 = 0
IDX__TXHDRFSWMEM1 = 0
IDX__TXHDRFSWPT0 = 0
IDX__TXHDRFSWPT1 = 0
IDX__TXHDRFSWPT2 = 0
IDX__TXHDRFSWPT3 = 0
IDX__TXHDRFSWPT4 = 0
IDX__TXHDRFSWPT5 = 0
IDX__TXHDRFSWPT6 = 0
IDX__TXHDRFSWPT7 = 0
IDX__TXHDRFSWPT8 = 0
IDX__TXHDRFSWPT9 = 0
IDX__TXHDRFPGAVER = 539165480
IDX__SYNCSCI0PKT = 13107
IDX__CRCSCI0PKT = 34866
^*****Event header 22******^
EVTNUM: 22
SCI0TYPE: 1
TXHDRBLOCKS RAW: 243679
TXHDRBLOCKS DERIVED: 243679
-----
HS pre trig sampling blocks:  31
LS pre trig sampling blocks:  3
HS post trig sampling blocks:  31
LS post trig sampling blocks:  11
IDX__TXHDRHVPSHKCH01 = 131794263
Detector voltage =  1367
Sensor voltage =  2011
Target voltage =  1709
Reflectron voltage =  135
Rejection voltage =  2012
Current for HVPS sensor =  1949
Positive current for HVPS sensor =  2701
Negative current for HVPS sensor =  304
Voltage +3.3V reference =  2048
Voltage +3.3V operational reference =  2048
Voltage -6V bus =  3002
Voltage +6V bus =  2622
Voltage +16V bus =  3176
Voltage +3.3V bus =  2057
Voltage -5V bus =  3156
Voltage +5V bus =  3141
Current +3.3V bus =  1642
Current +16V bus =  1172
Current +6V bus =  1516
Current -6V bus =  1172
Current +5V bus =  1937
Current -5V bus =  3445
Current +2.5V bus =  456
Current -2.5V bus =  2936
Current on the 1V POL =  761
Current on the 1.9V POL =  1271
ProcBd Temperature 1 =  1588
ProcBd Temperature 2 =  2024
Voltage on 1V bus =  1243
FPGA Temperature =  2658
Voltage on 1.9V bus =  2330
Voltage on 3.3V bus =  2041
var_to_row = {'Last measurement in raw DN for Processor Board signal “1V POL Current”': 0, 'Last measurement in raw DN for Processor Board signal “1.9V POL Current”': 1, 'Last measurement in raw DN for Processor Board signal “ProcBd Temp1”': 2, nan: 48, 'Last measurement in raw DN for Processor Board signal “ProcBd Temp2”': 6, 'Last measurement in raw DN for Processor Board signal “1V Voltage”': 10, 'Last measurement in raw DN for Processor Board signal “FPGA Temp”': 11, 'Last measurement in raw DN for Processor Board signal “1.9V Voltage”': 12, 'Last measurement in raw DN for Processor Board signal “3.3V Voltage”': 13, 'Last measurement in raw DN for HVPS Board signal “Detector Voltage”': 14, 'Last measurement in raw DN for HVPS Board signal “Sensor Voltage"': 15, 'Last measurement in raw DN for HVPS Board signal “Target Voltage”': 16, 'Last measurement in raw DN for HVPS Board signal “Reflectron Voltage”': 17, 'Last measurement in raw DN for HVPS Board signal “Rejection Voltage”': 18, 'Last measurement in raw DN for HVPS Board signal “Detector Current”': 19, 'Last measurement in raw DN for HVPS Board signal “Sensor IP”': 20, 'Last measurement in raw DN for HVPS Board signal “Sensor IN”': 21, 'Last measurement in raw DN for LVPS Board signal “P3.3VREF_HK”': 22, 'Last measurement in raw DN for LVPS Board signal “P3.3VREF_OP”': 23, 'Last measurement in raw DN for LVPS Board signal “N6V”': 24, 'Last measurement in raw DN for LVPS Board signal “P6V”': 25, 'Last measurement in raw DN for LVPS Board signal “P16V”': 26, 'Last measurement in raw DN for LVPS Board signal “P3.3V”': 27, 'Last measurement in raw DN for LVPS Board signal “N5V”': 28, 'Last measurement in raw DN for LVPS Board signal “P5V”': 29, 'Last measurement in raw DN for LVPS Board signal “P3.3_IMON”': 30, 'Last measurement in raw DN for LVPS Board signal “P16V_IMON”': 31, 'Last measurement in raw DN for LVPS Board signal “P6V_IMON”': 32, 'Last measurement in raw DN for LVPS Board signal “N6V_IMON”': 33, 'Last measurement in raw DN for LVPS Board signal “P5V_IMON”': 34, 'Last measurement in raw DN for LVPS Board signal “N5V_IMON”': 35, 'Last measurement in raw DN for LVPS Board signal “P2.5V_IMON”': 36, 'Last measurement in raw DN for LVPS Board signal “N2.5V_IMON”': 37, 'Last measurement in raw DN for LVPS Board signal “THERM_DECON0”': 38, 'Last measurement in raw DN for LVPS Board signal “THERM_DECON1”': 39, 'Last measurement in raw DN for LVPS Board signal “THERM_DAB”': 40, 'Last measurement in raw DN for LVPS Board signal “THERM_LVPS”': 41, 'Last measurement in raw DN for LVPS Board signal “THERM_HVPS”': 45, 'Last measurement in raw DN for LVPS Board signal “P2.5V”': 49, 'Last measurement in raw DN for LVPS Board signal “N2.5V”': 50, 'Last measurement in raw DN for LVPS Board signal “Spare”': 51}

 
 ***** var_name being converted for each instrument setting ***** 
 

Matching row  18
coeffs for Last measurement in raw DN for Processor Board signal “1V POL Current”= [0.0 0.9029253 0.0 0.0 0.0 0.0 0.0 0.0]
var_name = Last measurement in raw DN for Processor Board signal “1V POL Current”
var_name = current_1V_pol
Header info = 761
Transformed value for current_1V_pol = 687.1261533
Matching row  18
coeffs for Last measurement in raw DN for Processor Board signal “1.9V POL Current”= [0.0 0.9029253 0.0 0.0 0.0 0.0 0.0 0.0]
var_name = Last measurement in raw DN for Processor Board signal “1.9V POL Current”
var_name = current_1.9V_pol
Header info = 1271
Transformed value for current_1.9V_pol = 1147.6180563
Matching row  18
coeffs for Last measurement in raw DN for Processor Board signal “ProcBd Temp1”= [162.8276 -0.2668687 0.0003323794 -2.43153e-07 9.034532e-11 -1.327735e-14
 0.0 0.0]
var_name = Last measurement in raw DN for Processor Board signal “ProcBd Temp1”
var_name = temperature_1
Header info = 1588
Transformed value for temperature_1 = 43.94584903781387
Matching row  18
coeffs for nan= [-104713.9 52.02446 -0.006463374 0.0 0.0 0.0 0.0 0.0]
var_name = nan
var_name = None
KeyError: (22, None) - Could not find entry for None, 48. Please check the Var_notes or variable mapping.
Matching row  18
coeffs for Last measurement in raw DN for Processor Board signal “ProcBd Temp2”= [162.8276 -0.2668687 0.0003323794 -2.43153e-07 9.034532e-11 -1.327735e-14
 0.0 0.0]
var_name = Last measurement in raw DN for Processor Board signal “ProcBd Temp2”
var_name = temperature_2
Header info = 2024
Transformed value for temperature_2 = 33.3894246388071
Matching row  18
coeffs for Last measurement in raw DN for Processor Board signal “1V Voltage”= [0.0 0.000805861 0.0 0.0 0.0 0.0 0.0 0.0]
var_name = Last measurement in raw DN for Processor Board signal “1V Voltage”
var_name = voltage_1V_bus
Header info = 1243
Transformed value for voltage_1V_bus = 1.001685223
Matching row  18
coeffs for Last measurement in raw DN for Processor Board signal “FPGA Temp”= [358.31 -0.1187104 0.0 0.0 0.0 0.0 0.0 0.0]
var_name = Last measurement in raw DN for Processor Board signal “FPGA Temp”
var_name = fpga_temperature
Header info = 2658
Transformed value for fpga_temperature = 42.77775680000002
Matching row  18
coeffs for Last measurement in raw DN for Processor Board signal “1.9V Voltage”= [0.0 0.000805861 0.0 0.0 0.0 0.0 0.0 0.0]
var_name = Last measurement in raw DN for Processor Board signal “1.9V Voltage”
var_name = voltage_1.9V_bus
Header info = 2330
Transformed value for voltage_1.9V_bus = 1.8776561299999999
Matching row  18
coeffs for Last measurement in raw DN for Processor Board signal “3.3V Voltage”= [0.0 0.001611722 0.0 0.0 0.0 0.0 0.0 0.0]
var_name = Last measurement in raw DN for Processor Board signal “3.3V Voltage”
var_name = voltage_3.3V_bus
Header info = 2041
Transformed value for voltage_3.3V_bus = 3.2895246019999997
Matching row  18
coeffs for Last measurement in raw DN for HVPS Board signal “Detector Voltage”= [0.0 1.4652 0.0 0.0 0.0 0.0 0.0 0.0]
var_name = Last measurement in raw DN for HVPS Board signal “Detector Voltage”
var_name = detector_voltage
Header info = 1367
Transformed value for detector_voltage = 2002.9284
Matching row  18
coeffs for Last measurement in raw DN for HVPS Board signal “Sensor Voltage"= [0.0 1.4652 0.0 0.0 0.0 0.0 0.0 0.0]
var_name = Last measurement in raw DN for HVPS Board signal “Sensor Voltage"
var_name = sensor_voltage
Header info = 2011
Transformed value for sensor_voltage = 2946.5172000000002
Matching row  18
coeffs for Last measurement in raw DN for HVPS Board signal “Target Voltage”= [0.0 1.4652 0.0 0.0 0.0 0.0 0.0 0.0]
var_name = Last measurement in raw DN for HVPS Board signal “Target Voltage”
var_name = target_voltage
Header info = 1709
Transformed value for target_voltage = 2504.0268
Matching row  18
coeffs for Last measurement in raw DN for HVPS Board signal “Reflectron Voltage”= [0.0 1.4652 0.0 0.0 0.0 0.0 0.0 0.0]
var_name = Last measurement in raw DN for HVPS Board signal “Reflectron Voltage”
var_name = reflectron_voltage
Header info = 135
Transformed value for reflectron_voltage = 197.80200000000002
Matching row  18
coeffs for Last measurement in raw DN for HVPS Board signal “Rejection Voltage”= [0.0 1.4652 0.0 0.0 0.0 0.0 0.0 0.0]
var_name = Last measurement in raw DN for HVPS Board signal “Rejection Voltage”
var_name = rejection_voltage
Header info = 2012
Transformed value for rejection_voltage = 2947.9824000000003
Matching row  18
coeffs for Last measurement in raw DN for HVPS Board signal “Detector Current”= [0.0 7.326e-06 0.0 0.0 0.0 0.0 0.0 0.0]
var_name = Last measurement in raw DN for HVPS Board signal “Detector Current”
var_name = current_hvps_sensor
Header info = 1949
Transformed value for current_hvps_sensor = 0.014278374
Matching row  18
coeffs for Last measurement in raw DN for HVPS Board signal “Sensor IP”= [0.0 2.4339e-05 0.0 0.0 0.0 0.0 0.0 0.0]
var_name = Last measurement in raw DN for HVPS Board signal “Sensor IP”
var_name = positive_current_hvps
Header info = 2701
Transformed value for positive_current_hvps = 0.065739639
Matching row  18
coeffs for Last measurement in raw DN for HVPS Board signal “Sensor IN”= [0.0 2.4339e-05 0.0 0.0 0.0 0.0 0.0 0.0]
var_name = Last measurement in raw DN for HVPS Board signal “Sensor IN”
var_name = negative_current_hvps
Header info = 304
Transformed value for negative_current_hvps = 0.007399055999999999
Matching row  18
coeffs for Last measurement in raw DN for LVPS Board signal “P3.3VREF_HK”= [0.0 0.00161172 0.0 0.0 0.0 0.0 0.0 0.0]
var_name = Last measurement in raw DN for LVPS Board signal “P3.3VREF_HK”
var_name = voltage_3V3_ref
Header info = 2048
Transformed value for voltage_3V3_ref = 3.30080256
Matching row  18
coeffs for Last measurement in raw DN for LVPS Board signal “P3.3VREF_OP”= [0.0 0.00161172 0.0 0.0 0.0 0.0 0.0 0.0]
var_name = Last measurement in raw DN for LVPS Board signal “P3.3VREF_OP”
var_name = voltage_3V3_op_ref
Header info = 2048
Transformed value for voltage_3V3_op_ref = 3.30080256
Matching row  18
coeffs for Last measurement in raw DN for LVPS Board signal “N6V”= [-33.0 0.00886447 0.0 0.0 0.0 0.0 0.0 0.0]
var_name = Last measurement in raw DN for LVPS Board signal “N6V”
var_name = voltage_neg6V_bus
Header info = 3002
Transformed value for voltage_neg6V_bus = -6.3888610600000035
Matching row  18
coeffs for Last measurement in raw DN for LVPS Board signal “P6V”= [0.0 0.00241758 0.0 0.0 0.0 0.0 0.0 0.0]
var_name = Last measurement in raw DN for LVPS Board signal “P6V”
var_name = voltage_pos6V_bus
Header info = 2622
Transformed value for voltage_pos6V_bus = 6.33889476
Matching row  18
coeffs for Last measurement in raw DN for LVPS Board signal “P16V”= [0.0 0.00482711 0.0 0.0 0.0 0.0 0.0 0.0]
var_name = Last measurement in raw DN for LVPS Board signal “P16V”
var_name = voltage_pos16V_bus
Header info = 3176
Transformed value for voltage_pos16V_bus = 15.33090136
Matching row  18
coeffs for Last measurement in raw DN for LVPS Board signal “P3.3V”= [0.0 0.00161172 0.0 0.0 0.0 0.0 0.0 0.0]
var_name = Last measurement in raw DN for LVPS Board signal “P3.3V”
var_name = voltage_pos3V3_bus
Header info = 2057
Transformed value for voltage_pos3V3_bus = 3.31530804
Matching row  18
coeffs for Last measurement in raw DN for LVPS Board signal “N5V”= [-33.0 0.00886447 0.0 0.0 0.0 0.0 0.0 0.0]
var_name = Last measurement in raw DN for LVPS Board signal “N5V”
var_name = voltage_neg5V_bus
Header info = 3156
Transformed value for voltage_neg5V_bus = -5.023732680000002
Matching row  18
coeffs for Last measurement in raw DN for LVPS Board signal “P5V”= [0.0 0.00161172 0.0 0.0 0.0 0.0 0.0 0.0]
var_name = Last measurement in raw DN for LVPS Board signal “P5V”
var_name = voltage_pos5V_bus
Header info = 3141
Transformed value for voltage_pos5V_bus = 5.0624125200000005
Matching row  18
coeffs for Last measurement in raw DN for LVPS Board signal “P3.3_IMON”= [0.0 0.00161172 0.0 0.0 0.0 0.0 0.0 0.0]
var_name = Last measurement in raw DN for LVPS Board signal “P3.3_IMON”
var_name = current_3V3_bus
Header info = 1642
Transformed value for current_3V3_bus = 2.64644424
Matching row  18
coeffs for Last measurement in raw DN for LVPS Board signal “P16V_IMON”= [0.0 0.000161172 0.0 0.0 0.0 0.0 0.0 0.0]
var_name = Last measurement in raw DN for LVPS Board signal “P16V_IMON”
var_name = current_16V_bus
Header info = 1172
Transformed value for current_16V_bus = 0.188893584
Matching row  18
coeffs for Last measurement in raw DN for LVPS Board signal “P6V_IMON”= [0.0 8.05861e-05 0.0 0.0 0.0 0.0 0.0 0.0]
var_name = Last measurement in raw DN for LVPS Board signal “P6V_IMON”
var_name = current_6V_bus
Header info = 1516
Transformed value for current_6V_bus = 0.1221685276
Matching row  18
coeffs for Last measurement in raw DN for LVPS Board signal “N6V_IMON”= [0.0 -8.05861e-05 0.0 0.0 0.0 0.0 0.0 0.0]
var_name = Last measurement in raw DN for LVPS Board signal “N6V_IMON”
var_name = current_neg6V_bus
Header info = 1172
Transformed value for current_neg6V_bus = -0.0944469092
Matching row  18
coeffs for Last measurement in raw DN for LVPS Board signal “P5V_IMON”= [0.0 4.029304e-05 0.0 0.0 0.0 0.0 0.0 0.0]
var_name = Last measurement in raw DN for LVPS Board signal “P5V_IMON”
var_name = current_5V_bus
Header info = 1937
Transformed value for current_5V_bus = 0.07804761848
Matching row  18
coeffs for Last measurement in raw DN for LVPS Board signal “N5V_IMON”= [0.0 -2.01465e-05 0.0 0.0 0.0 0.0 0.0 0.0]
var_name = Last measurement in raw DN for LVPS Board signal “N5V_IMON”
var_name = current_neg5V_bus
Header info = 3445
Transformed value for current_neg5V_bus = -0.0694046925
Matching row  18
coeffs for Last measurement in raw DN for LVPS Board signal “P2.5V_IMON”= [0.0 0.00161172 0.0 0.0 0.0 0.0 0.0 0.0]
var_name = Last measurement in raw DN for LVPS Board signal “P2.5V_IMON”
var_name = current_2V5_bus
Header info = 456
Transformed value for current_2V5_bus = 0.73494432
Matching row  18
coeffs for Last measurement in raw DN for LVPS Board signal “N2.5V_IMON”= [0.0 -4.0293e-05 0.0 0.0 0.0 0.0 0.0 0.0]
var_name = Last measurement in raw DN for LVPS Board signal “N2.5V_IMON”
var_name = current_neg2V5_bus
Header info = 2936
Transformed value for current_neg2V5_bus = -0.11830024800000001
Matching row  18
coeffs for Last measurement in raw DN for LVPS Board signal “THERM_DECON0”= [-110.293 0.0665351 0.000305738 -6.32048e-07 5.9934e-10 -2.98784e-13
 7.61361e-17 -7.76467e-21]
var_name = Last measurement in raw DN for LVPS Board signal “THERM_DECON0”
var_name = None
KeyError: (22, None) - Could not find entry for None, 38. Please check the Var_notes or variable mapping.
Matching row  18
coeffs for Last measurement in raw DN for LVPS Board signal “THERM_DECON1”= [-150.478 0.376986 -0.00062072 7.73853e-07 -5.81588e-10 2.56368e-13
 -6.05698e-17 5.96635e-21]
var_name = Last measurement in raw DN for LVPS Board signal “THERM_DECON1”
var_name = None
KeyError: (22, None) - Could not find entry for None, 39. Please check the Var_notes or variable mapping.
Matching row  18
coeffs for Last measurement in raw DN for LVPS Board signal “THERM_DAB”= [-443.248 1.31224 -0.00180422 1.40016e-06 -6.43766e-10 1.7448e-13
 -2.57695e-17 1.60239e-21]
var_name = Last measurement in raw DN for LVPS Board signal “THERM_DAB”
var_name = None
KeyError: (22, None) - Could not find entry for None, 40. Please check the Var_notes or variable mapping.
Matching row  18
coeffs for Last measurement in raw DN for LVPS Board signal “THERM_LVPS”= [200.4137 -0.2020699 0.000175403 -9.739547e-08 2.888932e-11 -3.545603e-15
 0.0 0.0]
var_name = Last measurement in raw DN for LVPS Board signal “THERM_LVPS”
var_name = None
KeyError: (22, None) - Could not find entry for None, 41. Please check the Var_notes or variable mapping.
Matching row  18
coeffs for Last measurement in raw DN for LVPS Board signal “THERM_HVPS”= [200.4137 -0.2020699 0.000175403 -9.739547e-08 2.888932e-11 -3.545603e-15
 0.0 0.0]
var_name = Last measurement in raw DN for LVPS Board signal “THERM_HVPS”
var_name = None
KeyError: (22, None) - Could not find entry for None, 45. Please check the Var_notes or variable mapping.
Matching row  18
coeffs for Last measurement in raw DN for LVPS Board signal “P2.5V”= [0.0 0.00161172 0.0 0.0 0.0 0.0 0.0 0.0]
var_name = Last measurement in raw DN for LVPS Board signal “P2.5V”
var_name = None
KeyError: (22, None) - Could not find entry for None, 49. Please check the Var_notes or variable mapping.
Matching row  18
coeffs for Last measurement in raw DN for LVPS Board signal “N2.5V”= [-33.0 0.00886447 0.0 0.0 0.0 0.0 0.0 0.0]
var_name = Last measurement in raw DN for LVPS Board signal “N2.5V”
var_name = None
KeyError: (22, None) - Could not find entry for None, 50. Please check the Var_notes or variable mapping.
Matching row  18
coeffs for Last measurement in raw DN for LVPS Board signal “Spare”= [0.0 0.00161172 0.0 0.0 0.0 0.0 0.0 0.0]
var_name = Last measurement in raw DN for LVPS Board signal “Spare”
var_name = spare_signal
KeyError: (22, 'spare_signal') - Could not find entry for spare_signal, 51. Please check the Var_notes or variable mapping.
High gain delay = 82 samples.
Mid gain delay = 47 samples.
Low gain delay = 47 samples.
High sampling trigger mode =  0 0 1
High gain trigger mode enabled.
For 2222981120, HG Trigger level = 0.15317, sample settings = 0, 0
Threshold trigger mode enabled for high gain channel.
AID = 2415008032
Event number = 21
Rice compression enabled = False
Timestamp = 429138494.1451 seconds since epoch (Midnight January 1st, 2010)
Trigger time = 2023-08-07T21:08:14.145100Z
22
22
22
22
22
22
22
22
22
22
22
22
22
{'SHCOARSE': ParsedDataItem(SHCOARSE, raw=429139462, derived=429139462, unit=dn), 'SHFINE': ParsedDataItem(SHFINE, raw=7128, derived=7128, unit=dn), 'IDX__SCI0AID': ParsedDataItem(IDX__SCI0AID, raw=2415008032, derived=2415008032, unit=None), 'IDX__SCI0TYPE': ParsedDataItem(IDX__SCI0TYPE, raw=1, derived=1, unit=None), 'IDX__SCI0CONT': ParsedDataItem(IDX__SCI0CONT, raw=127, derived=127, unit=None), 'IDX__SCI0SPARE1': ParsedDataItem(IDX__SCI0SPARE1, raw=0, derived=0, unit=None), 'IDX__SCI0PACK': ParsedDataItem(IDX__SCI0PACK, raw=1, derived=EN, unit=None), 'IDX__SCI0FRAG': ParsedDataItem(IDX__SCI0FRAG, raw=0, derived=DS, unit=None), 'IDX__SCI0COMP': ParsedDataItem(IDX__SCI0COMP, raw=0, derived=DS, unit=None), 'IDX__SCI0EVTNUM': ParsedDataItem(IDX__SCI0EVTNUM, raw=22, derived=22, unit=None), 'IDX__SCI0CAT': ParsedDataItem(IDX__SCI0CAT, raw=32, derived=32, unit=None), 'IDX__SCI0QUAL': ParsedDataItem(IDX__SCI0QUAL, raw=5, derived=5, unit=None), 'IDX__SCI0FRAGOFF': ParsedDataItem(IDX__SCI0FRAGOFF, raw=0, derived=0, unit=None), 'IDX__SCI0VER': ParsedDataItem(IDX__SCI0VER, raw=9, derived=9, unit=None), 'IDX__SCI0TIME32': ParsedDataItem(IDX__SCI0TIME32, raw=429138599, derived=429138599, unit=None), 'IDX__SCI0SPARE2': ParsedDataItem(IDX__SCI0SPARE2, raw=0, derived=0, unit=None), 'IDX__SCI0SPARE3': ParsedDataItem(IDX__SCI0SPARE3, raw=0, derived=0, unit=None), 'IDX__SCI0SPARE4': ParsedDataItem(IDX__SCI0SPARE4, raw=0, derived=0, unit=None), 'IDX__TXHDRSCIEVTLEN': ParsedDataItem(IDX__TXHDRSCIEVTLEN, raw=8320, derived=8320, unit=None), 'IDX__TXHDRSP00': ParsedDataItem(IDX__TXHDRSP00, raw=0, derived=0, unit=None), 'IDX__TXHDRTIMESEC1': ParsedDataItem(IDX__TXHDRTIMESEC1, raw=6548, derived=6548, unit=None), 'IDX__TXHDRTIMESEC2': ParsedDataItem(IDX__TXHDRTIMESEC2, raw=8871, derived=8871, unit=None), 'IDX__TXHDRTIMESUBS': ParsedDataItem(IDX__TXHDRTIMESUBS, raw=15151, derived=15151, unit=None), 'IDX__TXHDRSP01': ParsedDataItem(IDX__TXHDRSP01, raw=0, derived=0, unit=None), 'IDX__TXHDRTRIGOFFSET': ParsedDataItem(IDX__TXHDRTRIGOFFSET, raw=6, derived=6, unit=None), 'IDX__TXHDRSP02': ParsedDataItem(IDX__TXHDRSP02, raw=0, derived=0, unit=None), 'IDX__TXHDRTRIGID': ParsedDataItem(IDX__TXHDRTRIGID, raw=1, derived=1, unit=None), 'IDX__TXHDREVTNUM': ParsedDataItem(IDX__TXHDREVTNUM, raw=22, derived=22, unit=None), 'IDX__TXHDRBLOCKS': ParsedDataItem(IDX__TXHDRBLOCKS, raw=243679, derived=243679, unit=None), 'IDX__TXHDRHGTRIGCTRL1': ParsedDataItem(IDX__TXHDRHGTRIGCTRL1, raw=2222981120, derived=2222981120, unit=None), 'IDX__TXHDRHGTRIGCTRL2': ParsedDataItem(IDX__TXHDRHGTRIGCTRL2, raw=0, derived=0, unit=None), 'IDX__TXHDRLGTRIGCTRL1': ParsedDataItem(IDX__TXHDRLGTRIGCTRL1, raw=4294965248, derived=4294965248, unit=None), 'IDX__TXHDRLGTRIGCTRL2': ParsedDataItem(IDX__TXHDRLGTRIGCTRL2, raw=4278255360, derived=4278255360, unit=None), 'IDX__TXHDRMGTRIGCTRL1': ParsedDataItem(IDX__TXHDRMGTRIGCTRL1, raw=4294965248, derived=4294965248, unit=None), 'IDX__TXHDRMGTRIGCTRL2': ParsedDataItem(IDX__TXHDRMGTRIGCTRL2, raw=4278255360, derived=4278255360, unit=None), 'IDX__TXHDRSP03': ParsedDataItem(IDX__TXHDRSP03, raw=0, derived=0, unit=None), 'IDX__TXHDRLSADC': ParsedDataItem(IDX__TXHDRLSADC, raw=1048320, derived=1048320, unit=None), 'IDX__TXHDRPOLSTAT': ParsedDataItem(IDX__TXHDRPOLSTAT, raw=1, derived=NEG, unit=None), 'IDX__TXHDRSP04': ParsedDataItem(IDX__TXHDRSP04, raw=0, derived=0, unit=None), 'IDX__TXHDRPOLCTRL': ParsedDataItem(IDX__TXHDRPOLCTRL, raw=0, derived=POS, unit=None), 'IDX__TXHDRCOINENA': ParsedDataItem(IDX__TXHDRCOINENA, raw=0, derived=DIS, unit=None), 'IDX__TXHDRLSTRIGMODE': ParsedDataItem(IDX__TXHDRLSTRIGMODE, raw=0, derived=DIS, unit=None), 'IDX__TXHDRMGTRIGMODE': ParsedDataItem(IDX__TXHDRMGTRIGMODE, raw=0, derived=0, unit=None), 'IDX__TXHDRLGTRIGMODE': ParsedDataItem(IDX__TXHDRLGTRIGMODE, raw=0, derived=0, unit=None), 'IDX__TXHDRHGTRIGMODE': ParsedDataItem(IDX__TXHDRHGTRIGMODE, raw=1, derived=1, unit=None), 'IDX__TXHDRSP05': ParsedDataItem(IDX__TXHDRSP05, raw=0, derived=0, unit=None), 'IDX__TXHDRSP06': ParsedDataItem(IDX__TXHDRSP06, raw=0, derived=0, unit=None), 'IDX__TXHDRSP07': ParsedDataItem(IDX__TXHDRSP07, raw=2018, derived=2018, unit=None), 'IDX__TXHDRSP08': ParsedDataItem(IDX__TXHDRSP08, raw=0, derived=0, unit=None), 'IDX__TXHDRTOFMAX': ParsedDataItem(IDX__TXHDRTOFMAX, raw=541596188, derived=541596188, unit=None), 'IDX__TXHDRTOFMIN': ParsedDataItem(IDX__TXHDRTOFMIN, raw=535295475, derived=535295475, unit=None), 'IDX__TXHDRLS0MAXMIN': ParsedDataItem(IDX__TXHDRLS0MAXMIN, raw=8534012, derived=8534012, unit=None), 'IDX__TXHDRLS1MAXMIN': ParsedDataItem(IDX__TXHDRLS1MAXMIN, raw=11314519, derived=11314519, unit=None), 'IDX__TXHDRLS2MAXMIN': ParsedDataItem(IDX__TXHDRLS2MAXMIN, raw=8337377, derived=8337377, unit=None), 'IDX__TXHDRFIFODELAY': ParsedDataItem(IDX__TXHDRFIFODELAY, raw=15, derived=15, unit=None), 'IDX__TXHDRSAMPDELAY': ParsedDataItem(IDX__TXHDRSAMPDELAY, raw=49331276, derived=49331276, unit=None), 'IDX__TXHDRTRANSCNT': ParsedDataItem(IDX__TXHDRTRANSCNT, raw=2, derived=2, unit=None), 'IDX__TXHDRPROCHKCH01': ParsedDataItem(IDX__TXHDRPROCHKCH01, raw=83362556, derived=83362556, unit=None), 'IDX__TXHDRPROCHKCH23': ParsedDataItem(IDX__TXHDRPROCHKCH23, raw=131335715, derived=131335715, unit=None), 'IDX__TXHDRPROCHKCH45': ParsedDataItem(IDX__TXHDRPROCHKCH45, raw=173999323, derived=173999323, unit=None), 'IDX__TXHDRPROCHKCH67': ParsedDataItem(IDX__TXHDRPROCHKCH67, raw=133761306, derived=133761306, unit=None), 'IDX__TXHDRHVPSHKCH01': ParsedDataItem(IDX__TXHDRHVPSHKCH01, raw=131794262, derived=131794262, unit=None), 'IDX__TXHDRHVPSHKCH23': ParsedDataItem(IDX__TXHDRHVPSHKCH23, raw=8849069, derived=8849069, unit=None), 'IDX__TXHDRHVPSHKCH45': ParsedDataItem(IDX__TXHDRHVPSHKCH45, raw=127731675, derived=127731675, unit=None), 'IDX__TXHDRHVPSHKCH67': ParsedDataItem(IDX__TXHDRHVPSHKCH67, raw=19925645, derived=19925645, unit=None), 'IDX__TXHDRLVHK0CH01': ParsedDataItem(IDX__TXHDRLVHK0CH01, raw=134219776, derived=134219776, unit=None), 'IDX__TXHDRLVHK0CH23': ParsedDataItem(IDX__TXHDRLVHK0CH23, raw=171838394, derived=171838394, unit=None), 'IDX__TXHDRLVHK0CH45': ParsedDataItem(IDX__TXHDRLVHK0CH45, raw=134745192, derived=134745192, unit=None), 'IDX__TXHDRLVHK0CH67': ParsedDataItem(IDX__TXHDRLVHK0CH67, raw=205786196, derived=205786196, unit=None), 'IDX__TXHDRLVHK1CH01': ParsedDataItem(IDX__TXHDRLVHK1CH01, raw=33293932, derived=33293932, unit=None), 'IDX__TXHDRLVHK1CH23': ParsedDataItem(IDX__TXHDRLVHK1CH23, raw=76809709, derived=76809709, unit=None), 'IDX__TXHDRLVHK1CH45': ParsedDataItem(IDX__TXHDRLVHK1CH45, raw=225773458, derived=225773458, unit=None), 'IDX__TXHDRLVHK1CH67': ParsedDataItem(IDX__TXHDRLVHK1CH67, raw=192414152, derived=192414152, unit=None), 'IDX__TXHDRLVHK2CH01': ParsedDataItem(IDX__TXHDRLVHK2CH01, raw=80807126, derived=80807126, unit=None), 'IDX__TXHDRLVHK2CH23': ParsedDataItem(IDX__TXHDRLVHK2CH23, raw=208013890, derived=208013890, unit=None), 'IDX__TXHDRLVHK2CH45': ParsedDataItem(IDX__TXHDRLVHK2CH45, raw=101059879, derived=101059879, unit=None), 'IDX__TXHDRLVHK2CH67': ParsedDataItem(IDX__TXHDRLVHK2CH67, raw=69017, derived=69017, unit=None), 'IDX__TXHDRSP09': ParsedDataItem(IDX__TXHDRSP09, raw=0, derived=0, unit=None), 'IDX__TXHDRSP10': ParsedDataItem(IDX__TXHDRSP10, raw=0, derived=0, unit=None), 'IDX__TXHDRFSWAIDCOPY': ParsedDataItem(IDX__TXHDRFSWAIDCOPY, raw=2415008032, derived=2415008032, unit=None), 'IDX__TXHDRFSWBINCOPY': ParsedDataItem(IDX__TXHDRFSWBINCOPY, raw=0, derived=0, unit=None), 'IDX__TXHDRFSWMAJOR': ParsedDataItem(IDX__TXHDRFSWMAJOR, raw=2, derived=2, unit=None), 'IDX__TXHDRFSWMINOR': ParsedDataItem(IDX__TXHDRFSWMINOR, raw=0, derived=0, unit=None), 'IDX__TXHDRFSWPATCH': ParsedDataItem(IDX__TXHDRFSWPATCH, raw=0, derived=0, unit=None), 'IDX__TXHDRFSWHVSTAT': ParsedDataItem(IDX__TXHDRFSWHVSTAT, raw=3, derived=3, unit=None), 'IDX__TXHDRFSWMEM0': ParsedDataItem(IDX__TXHDRFSWMEM0, raw=0, derived=0, unit=None), 'IDX__TXHDRFSWMEM1': ParsedDataItem(IDX__TXHDRFSWMEM1, raw=0, derived=0, unit=None), 'IDX__TXHDRFSWPT0': ParsedDataItem(IDX__TXHDRFSWPT0, raw=0, derived=0, unit=None), 'IDX__TXHDRFSWPT1': ParsedDataItem(IDX__TXHDRFSWPT1, raw=0, derived=0, unit=None), 'IDX__TXHDRFSWPT2': ParsedDataItem(IDX__TXHDRFSWPT2, raw=0, derived=0, unit=None), 'IDX__TXHDRFSWPT3': ParsedDataItem(IDX__TXHDRFSWPT3, raw=0, derived=0, unit=None), 'IDX__TXHDRFSWPT4': ParsedDataItem(IDX__TXHDRFSWPT4, raw=0, derived=0, unit=None), 'IDX__TXHDRFSWPT5': ParsedDataItem(IDX__TXHDRFSWPT5, raw=0, derived=0, unit=None), 'IDX__TXHDRFSWPT6': ParsedDataItem(IDX__TXHDRFSWPT6, raw=0, derived=0, unit=None), 'IDX__TXHDRFSWPT7': ParsedDataItem(IDX__TXHDRFSWPT7, raw=0, derived=0, unit=None), 'IDX__TXHDRFSWPT8': ParsedDataItem(IDX__TXHDRFSWPT8, raw=0, derived=0, unit=None), 'IDX__TXHDRFSWPT9': ParsedDataItem(IDX__TXHDRFSWPT9, raw=0, derived=0, unit=None), 'IDX__TXHDRFPGAVER': ParsedDataItem(IDX__TXHDRFPGAVER, raw=539165480, derived=539165480, unit=None), 'IDX__SYNCSCI0PKT': ParsedDataItem(IDX__SYNCSCI0PKT, raw=13107, derived=13107, unit=None), 'IDX__CRCSCI0PKT': ParsedDataItem(IDX__CRCSCI0PKT, raw=59814, derived=59814, unit=None)}
SHCOARSE = 429139462
SHFINE = 7128
IDX__SCI0AID = 2415008032
IDX__SCI0TYPE = 1
IDX__SCI0CONT = 127
IDX__SCI0SPARE1 = 0
IDX__SCI0PACK = EN
IDX__SCI0FRAG = DS
IDX__SCI0COMP = DS
IDX__SCI0EVTNUM = 22
IDX__SCI0CAT = 32
IDX__SCI0QUAL = 5
IDX__SCI0FRAGOFF = 0
IDX__SCI0VER = 9
IDX__SCI0TIME32 = 429138599
IDX__SCI0SPARE2 = 0
IDX__SCI0SPARE3 = 0
IDX__SCI0SPARE4 = 0
IDX__TXHDRSCIEVTLEN = 8320
IDX__TXHDRSP00 = 0
IDX__TXHDRTIMESEC1 = 6548
IDX__TXHDRTIMESEC2 = 8871
IDX__TXHDRTIMESUBS = 15151
IDX__TXHDRSP01 = 0
IDX__TXHDRTRIGOFFSET = 6
IDX__TXHDRSP02 = 0
IDX__TXHDRTRIGID = 1
IDX__TXHDREVTNUM = 22
IDX__TXHDRBLOCKS = 243679
IDX__TXHDRHGTRIGCTRL1 = 2222981120
IDX__TXHDRHGTRIGCTRL2 = 0
IDX__TXHDRLGTRIGCTRL1 = 4294965248
IDX__TXHDRLGTRIGCTRL2 = 4278255360
IDX__TXHDRMGTRIGCTRL1 = 4294965248
IDX__TXHDRMGTRIGCTRL2 = 4278255360
IDX__TXHDRSP03 = 0
IDX__TXHDRLSADC = 1048320
IDX__TXHDRPOLSTAT = NEG
IDX__TXHDRSP04 = 0
IDX__TXHDRPOLCTRL = POS
IDX__TXHDRCOINENA = DIS
IDX__TXHDRLSTRIGMODE = DIS
IDX__TXHDRMGTRIGMODE = 0
IDX__TXHDRLGTRIGMODE = 0
IDX__TXHDRHGTRIGMODE = 1
IDX__TXHDRSP05 = 0
IDX__TXHDRSP06 = 0
IDX__TXHDRSP07 = 2018
IDX__TXHDRSP08 = 0
IDX__TXHDRTOFMAX = 541596188
IDX__TXHDRTOFMIN = 535295475
IDX__TXHDRLS0MAXMIN = 8534012
IDX__TXHDRLS1MAXMIN = 11314519
IDX__TXHDRLS2MAXMIN = 8337377
IDX__TXHDRFIFODELAY = 15
IDX__TXHDRSAMPDELAY = 49331276
IDX__TXHDRTRANSCNT = 2
IDX__TXHDRPROCHKCH01 = 83362556
IDX__TXHDRPROCHKCH23 = 131335715
IDX__TXHDRPROCHKCH45 = 173999323
IDX__TXHDRPROCHKCH67 = 133761306
IDX__TXHDRHVPSHKCH01 = 131794262
IDX__TXHDRHVPSHKCH23 = 8849069
IDX__TXHDRHVPSHKCH45 = 127731675
IDX__TXHDRHVPSHKCH67 = 19925645
IDX__TXHDRLVHK0CH01 = 134219776
IDX__TXHDRLVHK0CH23 = 171838394
IDX__TXHDRLVHK0CH45 = 134745192
IDX__TXHDRLVHK0CH67 = 205786196
IDX__TXHDRLVHK1CH01 = 33293932
IDX__TXHDRLVHK1CH23 = 76809709
IDX__TXHDRLVHK1CH45 = 225773458
IDX__TXHDRLVHK1CH67 = 192414152
IDX__TXHDRLVHK2CH01 = 80807126
IDX__TXHDRLVHK2CH23 = 208013890
IDX__TXHDRLVHK2CH45 = 101059879
IDX__TXHDRLVHK2CH67 = 69017
IDX__TXHDRSP09 = 0
IDX__TXHDRSP10 = 0
IDX__TXHDRFSWAIDCOPY = 2415008032
IDX__TXHDRFSWBINCOPY = 0
IDX__TXHDRFSWMAJOR = 2
IDX__TXHDRFSWMINOR = 0
IDX__TXHDRFSWPATCH = 0
IDX__TXHDRFSWHVSTAT = 3
IDX__TXHDRFSWMEM0 = 0
IDX__TXHDRFSWMEM1 = 0
IDX__TXHDRFSWPT0 = 0
IDX__TXHDRFSWPT1 = 0
IDX__TXHDRFSWPT2 = 0
IDX__TXHDRFSWPT3 = 0
IDX__TXHDRFSWPT4 = 0
IDX__TXHDRFSWPT5 = 0
IDX__TXHDRFSWPT6 = 0
IDX__TXHDRFSWPT7 = 0
IDX__TXHDRFSWPT8 = 0
IDX__TXHDRFSWPT9 = 0
IDX__TXHDRFPGAVER = 539165480
IDX__SYNCSCI0PKT = 13107
IDX__CRCSCI0PKT = 59814
^*****Event header 23******^
EVTNUM: 23
SCI0TYPE: 1
TXHDRBLOCKS RAW: 243679
TXHDRBLOCKS DERIVED: 243679
-----
HS pre trig sampling blocks:  31
LS pre trig sampling blocks:  3
HS post trig sampling blocks:  31
LS post trig sampling blocks:  11
IDX__TXHDRHVPSHKCH01 = 131794262
Detector voltage =  1366
Sensor voltage =  2011
Target voltage =  1709
Reflectron voltage =  135
Rejection voltage =  2011
Current for HVPS sensor =  1949
Positive current for HVPS sensor =  2701
Negative current for HVPS sensor =  304
Voltage +3.3V reference =  2048
Voltage +3.3V operational reference =  2048
Voltage -6V bus =  3002
Voltage +6V bus =  2622
Voltage +16V bus =  3176
Voltage +3.3V bus =  2056
Voltage -5V bus =  3156
Voltage +5V bus =  3140
Current +3.3V bus =  1644
Current +16V bus =  1172
Current +6V bus =  1517
Current -6V bus =  1172
Current +5V bus =  1938
Current -5V bus =  3445
Current +2.5V bus =  456
Current -2.5V bus =  2936
Current on the 1V POL =  764
Current on the 1.9V POL =  1272
ProcBd Temperature 1 =  1571
ProcBd Temperature 2 =  2004
Voltage on 1V bus =  1243
FPGA Temperature =  2655
Voltage on 1.9V bus =  2330
Voltage on 3.3V bus =  2041
var_to_row = {'Last measurement in raw DN for Processor Board signal “1V POL Current”': 0, 'Last measurement in raw DN for Processor Board signal “1.9V POL Current”': 1, 'Last measurement in raw DN for Processor Board signal “ProcBd Temp1”': 2, nan: 48, 'Last measurement in raw DN for Processor Board signal “ProcBd Temp2”': 6, 'Last measurement in raw DN for Processor Board signal “1V Voltage”': 10, 'Last measurement in raw DN for Processor Board signal “FPGA Temp”': 11, 'Last measurement in raw DN for Processor Board signal “1.9V Voltage”': 12, 'Last measurement in raw DN for Processor Board signal “3.3V Voltage”': 13, 'Last measurement in raw DN for HVPS Board signal “Detector Voltage”': 14, 'Last measurement in raw DN for HVPS Board signal “Sensor Voltage"': 15, 'Last measurement in raw DN for HVPS Board signal “Target Voltage”': 16, 'Last measurement in raw DN for HVPS Board signal “Reflectron Voltage”': 17, 'Last measurement in raw DN for HVPS Board signal “Rejection Voltage”': 18, 'Last measurement in raw DN for HVPS Board signal “Detector Current”': 19, 'Last measurement in raw DN for HVPS Board signal “Sensor IP”': 20, 'Last measurement in raw DN for HVPS Board signal “Sensor IN”': 21, 'Last measurement in raw DN for LVPS Board signal “P3.3VREF_HK”': 22, 'Last measurement in raw DN for LVPS Board signal “P3.3VREF_OP”': 23, 'Last measurement in raw DN for LVPS Board signal “N6V”': 24, 'Last measurement in raw DN for LVPS Board signal “P6V”': 25, 'Last measurement in raw DN for LVPS Board signal “P16V”': 26, 'Last measurement in raw DN for LVPS Board signal “P3.3V”': 27, 'Last measurement in raw DN for LVPS Board signal “N5V”': 28, 'Last measurement in raw DN for LVPS Board signal “P5V”': 29, 'Last measurement in raw DN for LVPS Board signal “P3.3_IMON”': 30, 'Last measurement in raw DN for LVPS Board signal “P16V_IMON”': 31, 'Last measurement in raw DN for LVPS Board signal “P6V_IMON”': 32, 'Last measurement in raw DN for LVPS Board signal “N6V_IMON”': 33, 'Last measurement in raw DN for LVPS Board signal “P5V_IMON”': 34, 'Last measurement in raw DN for LVPS Board signal “N5V_IMON”': 35, 'Last measurement in raw DN for LVPS Board signal “P2.5V_IMON”': 36, 'Last measurement in raw DN for LVPS Board signal “N2.5V_IMON”': 37, 'Last measurement in raw DN for LVPS Board signal “THERM_DECON0”': 38, 'Last measurement in raw DN for LVPS Board signal “THERM_DECON1”': 39, 'Last measurement in raw DN for LVPS Board signal “THERM_DAB”': 40, 'Last measurement in raw DN for LVPS Board signal “THERM_LVPS”': 41, 'Last measurement in raw DN for LVPS Board signal “THERM_HVPS”': 45, 'Last measurement in raw DN for LVPS Board signal “P2.5V”': 49, 'Last measurement in raw DN for LVPS Board signal “N2.5V”': 50, 'Last measurement in raw DN for LVPS Board signal “Spare”': 51}

 
 ***** var_name being converted for each instrument setting ***** 
 

Matching row  18
coeffs for Last measurement in raw DN for Processor Board signal “1V POL Current”= [0.0 0.9029253 0.0 0.0 0.0 0.0 0.0 0.0]
var_name = Last measurement in raw DN for Processor Board signal “1V POL Current”
var_name = current_1V_pol
Header info = 764
Transformed value for current_1V_pol = 689.8349292
Matching row  18
coeffs for Last measurement in raw DN for Processor Board signal “1.9V POL Current”= [0.0 0.9029253 0.0 0.0 0.0 0.0 0.0 0.0]
var_name = Last measurement in raw DN for Processor Board signal “1.9V POL Current”
var_name = current_1.9V_pol
Header info = 1272
Transformed value for current_1.9V_pol = 1148.5209816000001
Matching row  18
coeffs for Last measurement in raw DN for Processor Board signal “ProcBd Temp1”= [162.8276 -0.2668687 0.0003323794 -2.43153e-07 9.034532e-11 -1.327735e-14
 0.0 0.0]
var_name = Last measurement in raw DN for Processor Board signal “ProcBd Temp1”
var_name = temperature_1
Header info = 1571
Transformed value for temperature_1 = 44.38620744624875
Matching row  18
coeffs for nan= [-104713.9 52.02446 -0.006463374 0.0 0.0 0.0 0.0 0.0]
var_name = nan
var_name = None
KeyError: (23, None) - Could not find entry for None, 48. Please check the Var_notes or variable mapping.
Matching row  18
coeffs for Last measurement in raw DN for Processor Board signal “ProcBd Temp2”= [162.8276 -0.2668687 0.0003323794 -2.43153e-07 9.034532e-11 -1.327735e-14
 0.0 0.0]
var_name = Last measurement in raw DN for Processor Board signal “ProcBd Temp2”
var_name = temperature_2
Header info = 2004
Transformed value for temperature_2 = 33.928090231401086
Matching row  18
coeffs for Last measurement in raw DN for Processor Board signal “1V Voltage”= [0.0 0.000805861 0.0 0.0 0.0 0.0 0.0 0.0]
var_name = Last measurement in raw DN for Processor Board signal “1V Voltage”
var_name = voltage_1V_bus
Header info = 1243
Transformed value for voltage_1V_bus = 1.001685223
Matching row  18
coeffs for Last measurement in raw DN for Processor Board signal “FPGA Temp”= [358.31 -0.1187104 0.0 0.0 0.0 0.0 0.0 0.0]
var_name = Last measurement in raw DN for Processor Board signal “FPGA Temp”
var_name = fpga_temperature
Header info = 2655
Transformed value for fpga_temperature = 43.13388800000001
Matching row  18
coeffs for Last measurement in raw DN for Processor Board signal “1.9V Voltage”= [0.0 0.000805861 0.0 0.0 0.0 0.0 0.0 0.0]
var_name = Last measurement in raw DN for Processor Board signal “1.9V Voltage”
var_name = voltage_1.9V_bus
Header info = 2330
Transformed value for voltage_1.9V_bus = 1.8776561299999999
Matching row  18
coeffs for Last measurement in raw DN for Processor Board signal “3.3V Voltage”= [0.0 0.001611722 0.0 0.0 0.0 0.0 0.0 0.0]
var_name = Last measurement in raw DN for Processor Board signal “3.3V Voltage”
var_name = voltage_3.3V_bus
Header info = 2041
Transformed value for voltage_3.3V_bus = 3.2895246019999997
Matching row  18
coeffs for Last measurement in raw DN for HVPS Board signal “Detector Voltage”= [0.0 1.4652 0.0 0.0 0.0 0.0 0.0 0.0]
var_name = Last measurement in raw DN for HVPS Board signal “Detector Voltage”
var_name = detector_voltage
Header info = 1366
Transformed value for detector_voltage = 2001.4632000000001
Matching row  18
coeffs for Last measurement in raw DN for HVPS Board signal “Sensor Voltage"= [0.0 1.4652 0.0 0.0 0.0 0.0 0.0 0.0]
var_name = Last measurement in raw DN for HVPS Board signal “Sensor Voltage"
var_name = sensor_voltage
Header info = 2011
Transformed value for sensor_voltage = 2946.5172000000002
Matching row  18
coeffs for Last measurement in raw DN for HVPS Board signal “Target Voltage”= [0.0 1.4652 0.0 0.0 0.0 0.0 0.0 0.0]
var_name = Last measurement in raw DN for HVPS Board signal “Target Voltage”
var_name = target_voltage
Header info = 1709
Transformed value for target_voltage = 2504.0268
Matching row  18
coeffs for Last measurement in raw DN for HVPS Board signal “Reflectron Voltage”= [0.0 1.4652 0.0 0.0 0.0 0.0 0.0 0.0]
var_name = Last measurement in raw DN for HVPS Board signal “Reflectron Voltage”
var_name = reflectron_voltage
Header info = 135
Transformed value for reflectron_voltage = 197.80200000000002
Matching row  18
coeffs for Last measurement in raw DN for HVPS Board signal “Rejection Voltage”= [0.0 1.4652 0.0 0.0 0.0 0.0 0.0 0.0]
var_name = Last measurement in raw DN for HVPS Board signal “Rejection Voltage”
var_name = rejection_voltage
Header info = 2011
Transformed value for rejection_voltage = 2946.5172000000002
Matching row  18
coeffs for Last measurement in raw DN for HVPS Board signal “Detector Current”= [0.0 7.326e-06 0.0 0.0 0.0 0.0 0.0 0.0]
var_name = Last measurement in raw DN for HVPS Board signal “Detector Current”
var_name = current_hvps_sensor
Header info = 1949
Transformed value for current_hvps_sensor = 0.014278374
Matching row  18
coeffs for Last measurement in raw DN for HVPS Board signal “Sensor IP”= [0.0 2.4339e-05 0.0 0.0 0.0 0.0 0.0 0.0]
var_name = Last measurement in raw DN for HVPS Board signal “Sensor IP”
var_name = positive_current_hvps
Header info = 2701
Transformed value for positive_current_hvps = 0.065739639
Matching row  18
coeffs for Last measurement in raw DN for HVPS Board signal “Sensor IN”= [0.0 2.4339e-05 0.0 0.0 0.0 0.0 0.0 0.0]
var_name = Last measurement in raw DN for HVPS Board signal “Sensor IN”
var_name = negative_current_hvps
Header info = 304
Transformed value for negative_current_hvps = 0.007399055999999999
Matching row  18
coeffs for Last measurement in raw DN for LVPS Board signal “P3.3VREF_HK”= [0.0 0.00161172 0.0 0.0 0.0 0.0 0.0 0.0]
var_name = Last measurement in raw DN for LVPS Board signal “P3.3VREF_HK”
var_name = voltage_3V3_ref
Header info = 2048
Transformed value for voltage_3V3_ref = 3.30080256
Matching row  18
coeffs for Last measurement in raw DN for LVPS Board signal “P3.3VREF_OP”= [0.0 0.00161172 0.0 0.0 0.0 0.0 0.0 0.0]
var_name = Last measurement in raw DN for LVPS Board signal “P3.3VREF_OP”
var_name = voltage_3V3_op_ref
Header info = 2048
Transformed value for voltage_3V3_op_ref = 3.30080256
Matching row  18
coeffs for Last measurement in raw DN for LVPS Board signal “N6V”= [-33.0 0.00886447 0.0 0.0 0.0 0.0 0.0 0.0]
var_name = Last measurement in raw DN for LVPS Board signal “N6V”
var_name = voltage_neg6V_bus
Header info = 3002
Transformed value for voltage_neg6V_bus = -6.3888610600000035
Matching row  18
coeffs for Last measurement in raw DN for LVPS Board signal “P6V”= [0.0 0.00241758 0.0 0.0 0.0 0.0 0.0 0.0]
var_name = Last measurement in raw DN for LVPS Board signal “P6V”
var_name = voltage_pos6V_bus
Header info = 2622
Transformed value for voltage_pos6V_bus = 6.33889476
Matching row  18
coeffs for Last measurement in raw DN for LVPS Board signal “P16V”= [0.0 0.00482711 0.0 0.0 0.0 0.0 0.0 0.0]
var_name = Last measurement in raw DN for LVPS Board signal “P16V”
var_name = voltage_pos16V_bus
Header info = 3176
Transformed value for voltage_pos16V_bus = 15.33090136
Matching row  18
coeffs for Last measurement in raw DN for LVPS Board signal “P3.3V”= [0.0 0.00161172 0.0 0.0 0.0 0.0 0.0 0.0]
var_name = Last measurement in raw DN for LVPS Board signal “P3.3V”
var_name = voltage_pos3V3_bus
Header info = 2056
Transformed value for voltage_pos3V3_bus = 3.31369632
Matching row  18
coeffs for Last measurement in raw DN for LVPS Board signal “N5V”= [-33.0 0.00886447 0.0 0.0 0.0 0.0 0.0 0.0]
var_name = Last measurement in raw DN for LVPS Board signal “N5V”
var_name = voltage_neg5V_bus
Header info = 3156
Transformed value for voltage_neg5V_bus = -5.023732680000002
Matching row  18
coeffs for Last measurement in raw DN for LVPS Board signal “P5V”= [0.0 0.00161172 0.0 0.0 0.0 0.0 0.0 0.0]
var_name = Last measurement in raw DN for LVPS Board signal “P5V”
var_name = voltage_pos5V_bus
Header info = 3140
Transformed value for voltage_pos5V_bus = 5.0608008
Matching row  18
coeffs for Last measurement in raw DN for LVPS Board signal “P3.3_IMON”= [0.0 0.00161172 0.0 0.0 0.0 0.0 0.0 0.0]
var_name = Last measurement in raw DN for LVPS Board signal “P3.3_IMON”
var_name = current_3V3_bus
Header info = 1644
Transformed value for current_3V3_bus = 2.6496676800000003
Matching row  18
coeffs for Last measurement in raw DN for LVPS Board signal “P16V_IMON”= [0.0 0.000161172 0.0 0.0 0.0 0.0 0.0 0.0]
var_name = Last measurement in raw DN for LVPS Board signal “P16V_IMON”
var_name = current_16V_bus
Header info = 1172
Transformed value for current_16V_bus = 0.188893584
Matching row  18
coeffs for Last measurement in raw DN for LVPS Board signal “P6V_IMON”= [0.0 8.05861e-05 0.0 0.0 0.0 0.0 0.0 0.0]
var_name = Last measurement in raw DN for LVPS Board signal “P6V_IMON”
var_name = current_6V_bus
Header info = 1517
Transformed value for current_6V_bus = 0.1222491137
Matching row  18
coeffs for Last measurement in raw DN for LVPS Board signal “N6V_IMON”= [0.0 -8.05861e-05 0.0 0.0 0.0 0.0 0.0 0.0]
var_name = Last measurement in raw DN for LVPS Board signal “N6V_IMON”
var_name = current_neg6V_bus
Header info = 1172
Transformed value for current_neg6V_bus = -0.0944469092
Matching row  18
coeffs for Last measurement in raw DN for LVPS Board signal “P5V_IMON”= [0.0 4.029304e-05 0.0 0.0 0.0 0.0 0.0 0.0]
var_name = Last measurement in raw DN for LVPS Board signal “P5V_IMON”
var_name = current_5V_bus
Header info = 1938
Transformed value for current_5V_bus = 0.07808791152
Matching row  18
coeffs for Last measurement in raw DN for LVPS Board signal “N5V_IMON”= [0.0 -2.01465e-05 0.0 0.0 0.0 0.0 0.0 0.0]
var_name = Last measurement in raw DN for LVPS Board signal “N5V_IMON”
var_name = current_neg5V_bus
Header info = 3445
Transformed value for current_neg5V_bus = -0.0694046925
Matching row  18
coeffs for Last measurement in raw DN for LVPS Board signal “P2.5V_IMON”= [0.0 0.00161172 0.0 0.0 0.0 0.0 0.0 0.0]
var_name = Last measurement in raw DN for LVPS Board signal “P2.5V_IMON”
var_name = current_2V5_bus
Header info = 456
Transformed value for current_2V5_bus = 0.73494432
Matching row  18
coeffs for Last measurement in raw DN for LVPS Board signal “N2.5V_IMON”= [0.0 -4.0293e-05 0.0 0.0 0.0 0.0 0.0 0.0]
var_name = Last measurement in raw DN for LVPS Board signal “N2.5V_IMON”
var_name = current_neg2V5_bus
Header info = 2936
Transformed value for current_neg2V5_bus = -0.11830024800000001
Matching row  18
coeffs for Last measurement in raw DN for LVPS Board signal “THERM_DECON0”= [-110.293 0.0665351 0.000305738 -6.32048e-07 5.9934e-10 -2.98784e-13
 7.61361e-17 -7.76467e-21]
var_name = Last measurement in raw DN for LVPS Board signal “THERM_DECON0”
var_name = None
KeyError: (23, None) - Could not find entry for None, 38. Please check the Var_notes or variable mapping.
Matching row  18
coeffs for Last measurement in raw DN for LVPS Board signal “THERM_DECON1”= [-150.478 0.376986 -0.00062072 7.73853e-07 -5.81588e-10 2.56368e-13
 -6.05698e-17 5.96635e-21]
var_name = Last measurement in raw DN for LVPS Board signal “THERM_DECON1”
var_name = None
KeyError: (23, None) - Could not find entry for None, 39. Please check the Var_notes or variable mapping.
Matching row  18
coeffs for Last measurement in raw DN for LVPS Board signal “THERM_DAB”= [-443.248 1.31224 -0.00180422 1.40016e-06 -6.43766e-10 1.7448e-13
 -2.57695e-17 1.60239e-21]
var_name = Last measurement in raw DN for LVPS Board signal “THERM_DAB”
var_name = None
KeyError: (23, None) - Could not find entry for None, 40. Please check the Var_notes or variable mapping.
Matching row  18
coeffs for Last measurement in raw DN for LVPS Board signal “THERM_LVPS”= [200.4137 -0.2020699 0.000175403 -9.739547e-08 2.888932e-11 -3.545603e-15
 0.0 0.0]
var_name = Last measurement in raw DN for LVPS Board signal “THERM_LVPS”
var_name = None
KeyError: (23, None) - Could not find entry for None, 41. Please check the Var_notes or variable mapping.
Matching row  18
coeffs for Last measurement in raw DN for LVPS Board signal “THERM_HVPS”= [200.4137 -0.2020699 0.000175403 -9.739547e-08 2.888932e-11 -3.545603e-15
 0.0 0.0]
var_name = Last measurement in raw DN for LVPS Board signal “THERM_HVPS”
var_name = None
KeyError: (23, None) - Could not find entry for None, 45. Please check the Var_notes or variable mapping.
Matching row  18
coeffs for Last measurement in raw DN for LVPS Board signal “P2.5V”= [0.0 0.00161172 0.0 0.0 0.0 0.0 0.0 0.0]
var_name = Last measurement in raw DN for LVPS Board signal “P2.5V”
var_name = None
KeyError: (23, None) - Could not find entry for None, 49. Please check the Var_notes or variable mapping.
Matching row  18
coeffs for Last measurement in raw DN for LVPS Board signal “N2.5V”= [-33.0 0.00886447 0.0 0.0 0.0 0.0 0.0 0.0]
var_name = Last measurement in raw DN for LVPS Board signal “N2.5V”
var_name = None
KeyError: (23, None) - Could not find entry for None, 50. Please check the Var_notes or variable mapping.
Matching row  18
coeffs for Last measurement in raw DN for LVPS Board signal “Spare”= [0.0 0.00161172 0.0 0.0 0.0 0.0 0.0 0.0]
var_name = Last measurement in raw DN for LVPS Board signal “Spare”
var_name = spare_signal
KeyError: (23, 'spare_signal') - Could not find entry for spare_signal, 51. Please check the Var_notes or variable mapping.
High gain delay = 76 samples.
Mid gain delay = 47 samples.
Low gain delay = 47 samples.
High sampling trigger mode =  0 0 1
High gain trigger mode enabled.
For 2222981120, HG Trigger level = 0.15317, sample settings = 0, 0
Threshold trigger mode enabled for high gain channel.
AID = 2415008032
Event number = 22
Rice compression enabled = False
Timestamp = 429138599.30302 seconds since epoch (Midnight January 1st, 2010)
Trigger time = 2023-08-07T21:09:59.303020Z
23
23
23
23
23
23
23
23
23
23
23
23
23
{'SHCOARSE': ParsedDataItem(SHCOARSE, raw=429139476, derived=429139476, unit=dn), 'SHFINE': ParsedDataItem(SHFINE, raw=7134, derived=7134, unit=dn), 'IDX__SCI0AID': ParsedDataItem(IDX__SCI0AID, raw=2415008032, derived=2415008032, unit=None), 'IDX__SCI0TYPE': ParsedDataItem(IDX__SCI0TYPE, raw=1, derived=1, unit=None), 'IDX__SCI0CONT': ParsedDataItem(IDX__SCI0CONT, raw=127, derived=127, unit=None), 'IDX__SCI0SPARE1': ParsedDataItem(IDX__SCI0SPARE1, raw=0, derived=0, unit=None), 'IDX__SCI0PACK': ParsedDataItem(IDX__SCI0PACK, raw=1, derived=EN, unit=None), 'IDX__SCI0FRAG': ParsedDataItem(IDX__SCI0FRAG, raw=0, derived=DS, unit=None), 'IDX__SCI0COMP': ParsedDataItem(IDX__SCI0COMP, raw=0, derived=DS, unit=None), 'IDX__SCI0EVTNUM': ParsedDataItem(IDX__SCI0EVTNUM, raw=23, derived=23, unit=None), 'IDX__SCI0CAT': ParsedDataItem(IDX__SCI0CAT, raw=32, derived=32, unit=None), 'IDX__SCI0QUAL': ParsedDataItem(IDX__SCI0QUAL, raw=5, derived=5, unit=None), 'IDX__SCI0FRAGOFF': ParsedDataItem(IDX__SCI0FRAGOFF, raw=0, derived=0, unit=None), 'IDX__SCI0VER': ParsedDataItem(IDX__SCI0VER, raw=9, derived=9, unit=None), 'IDX__SCI0TIME32': ParsedDataItem(IDX__SCI0TIME32, raw=429138618, derived=429138618, unit=None), 'IDX__SCI0SPARE2': ParsedDataItem(IDX__SCI0SPARE2, raw=0, derived=0, unit=None), 'IDX__SCI0SPARE3': ParsedDataItem(IDX__SCI0SPARE3, raw=0, derived=0, unit=None), 'IDX__SCI0SPARE4': ParsedDataItem(IDX__SCI0SPARE4, raw=0, derived=0, unit=None), 'IDX__TXHDRSCIEVTLEN': ParsedDataItem(IDX__TXHDRSCIEVTLEN, raw=8320, derived=8320, unit=None), 'IDX__TXHDRSP00': ParsedDataItem(IDX__TXHDRSP00, raw=0, derived=0, unit=None), 'IDX__TXHDRTIMESEC1': ParsedDataItem(IDX__TXHDRTIMESEC1, raw=6548, derived=6548, unit=None), 'IDX__TXHDRTIMESEC2': ParsedDataItem(IDX__TXHDRTIMESEC2, raw=8890, derived=8890, unit=None), 'IDX__TXHDRTIMESUBS': ParsedDataItem(IDX__TXHDRTIMESUBS, raw=11033, derived=11033, unit=None), 'IDX__TXHDRSP01': ParsedDataItem(IDX__TXHDRSP01, raw=0, derived=0, unit=None), 'IDX__TXHDRTRIGOFFSET': ParsedDataItem(IDX__TXHDRTRIGOFFSET, raw=7, derived=7, unit=None), 'IDX__TXHDRSP02': ParsedDataItem(IDX__TXHDRSP02, raw=0, derived=0, unit=None), 'IDX__TXHDRTRIGID': ParsedDataItem(IDX__TXHDRTRIGID, raw=1, derived=1, unit=None), 'IDX__TXHDREVTNUM': ParsedDataItem(IDX__TXHDREVTNUM, raw=23, derived=23, unit=None), 'IDX__TXHDRBLOCKS': ParsedDataItem(IDX__TXHDRBLOCKS, raw=243679, derived=243679, unit=None), 'IDX__TXHDRHGTRIGCTRL1': ParsedDataItem(IDX__TXHDRHGTRIGCTRL1, raw=2222981120, derived=2222981120, unit=None), 'IDX__TXHDRHGTRIGCTRL2': ParsedDataItem(IDX__TXHDRHGTRIGCTRL2, raw=0, derived=0, unit=None), 'IDX__TXHDRLGTRIGCTRL1': ParsedDataItem(IDX__TXHDRLGTRIGCTRL1, raw=4294965248, derived=4294965248, unit=None), 'IDX__TXHDRLGTRIGCTRL2': ParsedDataItem(IDX__TXHDRLGTRIGCTRL2, raw=4278255360, derived=4278255360, unit=None), 'IDX__TXHDRMGTRIGCTRL1': ParsedDataItem(IDX__TXHDRMGTRIGCTRL1, raw=4294965248, derived=4294965248, unit=None), 'IDX__TXHDRMGTRIGCTRL2': ParsedDataItem(IDX__TXHDRMGTRIGCTRL2, raw=4278255360, derived=4278255360, unit=None), 'IDX__TXHDRSP03': ParsedDataItem(IDX__TXHDRSP03, raw=0, derived=0, unit=None), 'IDX__TXHDRLSADC': ParsedDataItem(IDX__TXHDRLSADC, raw=1048320, derived=1048320, unit=None), 'IDX__TXHDRPOLSTAT': ParsedDataItem(IDX__TXHDRPOLSTAT, raw=1, derived=NEG, unit=None), 'IDX__TXHDRSP04': ParsedDataItem(IDX__TXHDRSP04, raw=0, derived=0, unit=None), 'IDX__TXHDRPOLCTRL': ParsedDataItem(IDX__TXHDRPOLCTRL, raw=0, derived=POS, unit=None), 'IDX__TXHDRCOINENA': ParsedDataItem(IDX__TXHDRCOINENA, raw=0, derived=DIS, unit=None), 'IDX__TXHDRLSTRIGMODE': ParsedDataItem(IDX__TXHDRLSTRIGMODE, raw=0, derived=DIS, unit=None), 'IDX__TXHDRMGTRIGMODE': ParsedDataItem(IDX__TXHDRMGTRIGMODE, raw=0, derived=0, unit=None), 'IDX__TXHDRLGTRIGMODE': ParsedDataItem(IDX__TXHDRLGTRIGMODE, raw=0, derived=0, unit=None), 'IDX__TXHDRHGTRIGMODE': ParsedDataItem(IDX__TXHDRHGTRIGMODE, raw=1, derived=1, unit=None), 'IDX__TXHDRSP05': ParsedDataItem(IDX__TXHDRSP05, raw=0, derived=0, unit=None), 'IDX__TXHDRSP06': ParsedDataItem(IDX__TXHDRSP06, raw=0, derived=0, unit=None), 'IDX__TXHDRSP07': ParsedDataItem(IDX__TXHDRSP07, raw=2018, derived=2018, unit=None), 'IDX__TXHDRSP08': ParsedDataItem(IDX__TXHDRSP08, raw=0, derived=0, unit=None), 'IDX__TXHDRTOFMAX': ParsedDataItem(IDX__TXHDRTOFMAX, raw=542644858, derived=542644858, unit=None), 'IDX__TXHDRTOFMIN': ParsedDataItem(IDX__TXHDRTOFMIN, raw=535295475, derived=535295475, unit=None), 'IDX__TXHDRLS0MAXMIN': ParsedDataItem(IDX__TXHDRLS0MAXMIN, raw=8525823, derived=8525823, unit=None), 'IDX__TXHDRLS1MAXMIN': ParsedDataItem(IDX__TXHDRLS1MAXMIN, raw=10794436, derived=10794436, unit=None), 'IDX__TXHDRLS2MAXMIN': ParsedDataItem(IDX__TXHDRLS2MAXMIN, raw=8468449, derived=8468449, unit=None), 'IDX__TXHDRFIFODELAY': ParsedDataItem(IDX__TXHDRFIFODELAY, raw=15, derived=15, unit=None), 'IDX__TXHDRSAMPDELAY': ParsedDataItem(IDX__TXHDRSAMPDELAY, raw=57728084, derived=57728084, unit=None), 'IDX__TXHDRTRANSCNT': ParsedDataItem(IDX__TXHDRTRANSCNT, raw=6, derived=6, unit=None), 'IDX__TXHDRPROCHKCH01': ParsedDataItem(IDX__TXHDRPROCHKCH01, raw=83362558, derived=83362558, unit=None), 'IDX__TXHDRPROCHKCH23': ParsedDataItem(IDX__TXHDRPROCHKCH23, raw=131139104, derived=131139104, unit=None), 'IDX__TXHDRPROCHKCH45': ParsedDataItem(IDX__TXHDRPROCHKCH45, raw=173933787, derived=173933787, unit=None), 'IDX__TXHDRPROCHKCH67': ParsedDataItem(IDX__TXHDRPROCHKCH67, raw=133761306, derived=133761306, unit=None), 'IDX__TXHDRHVPSHKCH01': ParsedDataItem(IDX__TXHDRHVPSHKCH01, raw=131794263, derived=131794263, unit=None), 'IDX__TXHDRHVPSHKCH23': ParsedDataItem(IDX__TXHDRHVPSHKCH23, raw=8849069, derived=8849069, unit=None), 'IDX__TXHDRHVPSHKCH45': ParsedDataItem(IDX__TXHDRHVPSHKCH45, raw=127731676, derived=127731676, unit=None), 'IDX__TXHDRHVPSHKCH67': ParsedDataItem(IDX__TXHDRHVPSHKCH67, raw=19925645, derived=19925645, unit=None), 'IDX__TXHDRLVHK0CH01': ParsedDataItem(IDX__TXHDRLVHK0CH01, raw=134219776, derived=134219776, unit=None), 'IDX__TXHDRLVHK0CH23': ParsedDataItem(IDX__TXHDRLVHK0CH23, raw=171838394, derived=171838394, unit=None), 'IDX__TXHDRLVHK0CH45': ParsedDataItem(IDX__TXHDRLVHK0CH45, raw=134810729, derived=134810729, unit=None), 'IDX__TXHDRLVHK0CH67': ParsedDataItem(IDX__TXHDRLVHK0CH67, raw=205786196, derived=205786196, unit=None), 'IDX__TXHDRLVHK1CH01': ParsedDataItem(IDX__TXHDRLVHK1CH01, raw=33293933, derived=33293933, unit=None), 'IDX__TXHDRLVHK1CH23': ParsedDataItem(IDX__TXHDRLVHK1CH23, raw=76809709, derived=76809709, unit=None), 'IDX__TXHDRLVHK1CH45': ParsedDataItem(IDX__TXHDRLVHK1CH45, raw=225773458, derived=225773458, unit=None), 'IDX__TXHDRLVHK1CH67': ParsedDataItem(IDX__TXHDRLVHK1CH67, raw=192479688, derived=192479688, unit=None), 'IDX__TXHDRLVHK2CH01': ParsedDataItem(IDX__TXHDRLVHK2CH01, raw=80807126, derived=80807126, unit=None), 'IDX__TXHDRLVHK2CH23': ParsedDataItem(IDX__TXHDRLVHK2CH23, raw=207948355, derived=207948355, unit=None), 'IDX__TXHDRLVHK2CH45': ParsedDataItem(IDX__TXHDRLVHK2CH45, raw=101059877, derived=101059877, unit=None), 'IDX__TXHDRLVHK2CH67': ParsedDataItem(IDX__TXHDRLVHK2CH67, raw=69017, derived=69017, unit=None), 'IDX__TXHDRSP09': ParsedDataItem(IDX__TXHDRSP09, raw=0, derived=0, unit=None), 'IDX__TXHDRSP10': ParsedDataItem(IDX__TXHDRSP10, raw=0, derived=0, unit=None), 'IDX__TXHDRFSWAIDCOPY': ParsedDataItem(IDX__TXHDRFSWAIDCOPY, raw=2415008032, derived=2415008032, unit=None), 'IDX__TXHDRFSWBINCOPY': ParsedDataItem(IDX__TXHDRFSWBINCOPY, raw=0, derived=0, unit=None), 'IDX__TXHDRFSWMAJOR': ParsedDataItem(IDX__TXHDRFSWMAJOR, raw=2, derived=2, unit=None), 'IDX__TXHDRFSWMINOR': ParsedDataItem(IDX__TXHDRFSWMINOR, raw=0, derived=0, unit=None), 'IDX__TXHDRFSWPATCH': ParsedDataItem(IDX__TXHDRFSWPATCH, raw=0, derived=0, unit=None), 'IDX__TXHDRFSWHVSTAT': ParsedDataItem(IDX__TXHDRFSWHVSTAT, raw=3, derived=3, unit=None), 'IDX__TXHDRFSWMEM0': ParsedDataItem(IDX__TXHDRFSWMEM0, raw=0, derived=0, unit=None), 'IDX__TXHDRFSWMEM1': ParsedDataItem(IDX__TXHDRFSWMEM1, raw=0, derived=0, unit=None), 'IDX__TXHDRFSWPT0': ParsedDataItem(IDX__TXHDRFSWPT0, raw=0, derived=0, unit=None), 'IDX__TXHDRFSWPT1': ParsedDataItem(IDX__TXHDRFSWPT1, raw=0, derived=0, unit=None), 'IDX__TXHDRFSWPT2': ParsedDataItem(IDX__TXHDRFSWPT2, raw=0, derived=0, unit=None), 'IDX__TXHDRFSWPT3': ParsedDataItem(IDX__TXHDRFSWPT3, raw=0, derived=0, unit=None), 'IDX__TXHDRFSWPT4': ParsedDataItem(IDX__TXHDRFSWPT4, raw=0, derived=0, unit=None), 'IDX__TXHDRFSWPT5': ParsedDataItem(IDX__TXHDRFSWPT5, raw=0, derived=0, unit=None), 'IDX__TXHDRFSWPT6': ParsedDataItem(IDX__TXHDRFSWPT6, raw=0, derived=0, unit=None), 'IDX__TXHDRFSWPT7': ParsedDataItem(IDX__TXHDRFSWPT7, raw=0, derived=0, unit=None), 'IDX__TXHDRFSWPT8': ParsedDataItem(IDX__TXHDRFSWPT8, raw=0, derived=0, unit=None), 'IDX__TXHDRFSWPT9': ParsedDataItem(IDX__TXHDRFSWPT9, raw=0, derived=0, unit=None), 'IDX__TXHDRFPGAVER': ParsedDataItem(IDX__TXHDRFPGAVER, raw=539165480, derived=539165480, unit=None), 'IDX__SYNCSCI0PKT': ParsedDataItem(IDX__SYNCSCI0PKT, raw=13107, derived=13107, unit=None), 'IDX__CRCSCI0PKT': ParsedDataItem(IDX__CRCSCI0PKT, raw=52039, derived=52039, unit=None)}
SHCOARSE = 429139476
SHFINE = 7134
IDX__SCI0AID = 2415008032
IDX__SCI0TYPE = 1
IDX__SCI0CONT = 127
IDX__SCI0SPARE1 = 0
IDX__SCI0PACK = EN
IDX__SCI0FRAG = DS
IDX__SCI0COMP = DS
IDX__SCI0EVTNUM = 23
IDX__SCI0CAT = 32
IDX__SCI0QUAL = 5
IDX__SCI0FRAGOFF = 0
IDX__SCI0VER = 9
IDX__SCI0TIME32 = 429138618
IDX__SCI0SPARE2 = 0
IDX__SCI0SPARE3 = 0
IDX__SCI0SPARE4 = 0
IDX__TXHDRSCIEVTLEN = 8320
IDX__TXHDRSP00 = 0
IDX__TXHDRTIMESEC1 = 6548
IDX__TXHDRTIMESEC2 = 8890
IDX__TXHDRTIMESUBS = 11033
IDX__TXHDRSP01 = 0
IDX__TXHDRTRIGOFFSET = 7
IDX__TXHDRSP02 = 0
IDX__TXHDRTRIGID = 1
IDX__TXHDREVTNUM = 23
IDX__TXHDRBLOCKS = 243679
IDX__TXHDRHGTRIGCTRL1 = 2222981120
IDX__TXHDRHGTRIGCTRL2 = 0
IDX__TXHDRLGTRIGCTRL1 = 4294965248
IDX__TXHDRLGTRIGCTRL2 = 4278255360
IDX__TXHDRMGTRIGCTRL1 = 4294965248
IDX__TXHDRMGTRIGCTRL2 = 4278255360
IDX__TXHDRSP03 = 0
IDX__TXHDRLSADC = 1048320
IDX__TXHDRPOLSTAT = NEG
IDX__TXHDRSP04 = 0
IDX__TXHDRPOLCTRL = POS
IDX__TXHDRCOINENA = DIS
IDX__TXHDRLSTRIGMODE = DIS
IDX__TXHDRMGTRIGMODE = 0
IDX__TXHDRLGTRIGMODE = 0
IDX__TXHDRHGTRIGMODE = 1
IDX__TXHDRSP05 = 0
IDX__TXHDRSP06 = 0
IDX__TXHDRSP07 = 2018
IDX__TXHDRSP08 = 0
IDX__TXHDRTOFMAX = 542644858
IDX__TXHDRTOFMIN = 535295475
IDX__TXHDRLS0MAXMIN = 8525823
IDX__TXHDRLS1MAXMIN = 10794436
IDX__TXHDRLS2MAXMIN = 8468449
IDX__TXHDRFIFODELAY = 15
IDX__TXHDRSAMPDELAY = 57728084
IDX__TXHDRTRANSCNT = 6
IDX__TXHDRPROCHKCH01 = 83362558
IDX__TXHDRPROCHKCH23 = 131139104
IDX__TXHDRPROCHKCH45 = 173933787
IDX__TXHDRPROCHKCH67 = 133761306
IDX__TXHDRHVPSHKCH01 = 131794263
IDX__TXHDRHVPSHKCH23 = 8849069
IDX__TXHDRHVPSHKCH45 = 127731676
IDX__TXHDRHVPSHKCH67 = 19925645
IDX__TXHDRLVHK0CH01 = 134219776
IDX__TXHDRLVHK0CH23 = 171838394
IDX__TXHDRLVHK0CH45 = 134810729
IDX__TXHDRLVHK0CH67 = 205786196
IDX__TXHDRLVHK1CH01 = 33293933
IDX__TXHDRLVHK1CH23 = 76809709
IDX__TXHDRLVHK1CH45 = 225773458
IDX__TXHDRLVHK1CH67 = 192479688
IDX__TXHDRLVHK2CH01 = 80807126
IDX__TXHDRLVHK2CH23 = 207948355
IDX__TXHDRLVHK2CH45 = 101059877
IDX__TXHDRLVHK2CH67 = 69017
IDX__TXHDRSP09 = 0
IDX__TXHDRSP10 = 0
IDX__TXHDRFSWAIDCOPY = 2415008032
IDX__TXHDRFSWBINCOPY = 0
IDX__TXHDRFSWMAJOR = 2
IDX__TXHDRFSWMINOR = 0
IDX__TXHDRFSWPATCH = 0
IDX__TXHDRFSWHVSTAT = 3
IDX__TXHDRFSWMEM0 = 0
IDX__TXHDRFSWMEM1 = 0
IDX__TXHDRFSWPT0 = 0
IDX__TXHDRFSWPT1 = 0
IDX__TXHDRFSWPT2 = 0
IDX__TXHDRFSWPT3 = 0
IDX__TXHDRFSWPT4 = 0
IDX__TXHDRFSWPT5 = 0
IDX__TXHDRFSWPT6 = 0
IDX__TXHDRFSWPT7 = 0
IDX__TXHDRFSWPT8 = 0
IDX__TXHDRFSWPT9 = 0
IDX__TXHDRFPGAVER = 539165480
IDX__SYNCSCI0PKT = 13107
IDX__CRCSCI0PKT = 52039
^*****Event header 24******^
EVTNUM: 24
SCI0TYPE: 1
TXHDRBLOCKS RAW: 243679
TXHDRBLOCKS DERIVED: 243679
-----
HS pre trig sampling blocks:  31
LS pre trig sampling blocks:  3
HS post trig sampling blocks:  31
LS post trig sampling blocks:  11
IDX__TXHDRHVPSHKCH01 = 131794263
Detector voltage =  1367
Sensor voltage =  2011
Target voltage =  1709
Reflectron voltage =  135
Rejection voltage =  2012
Current for HVPS sensor =  1949
Positive current for HVPS sensor =  2701
Negative current for HVPS sensor =  304
Voltage +3.3V reference =  2048
Voltage +3.3V operational reference =  2048
Voltage -6V bus =  3002
Voltage +6V bus =  2622
Voltage +16V bus =  3177
Voltage +3.3V bus =  2057
Voltage -5V bus =  3156
Voltage +5V bus =  3140
Current +3.3V bus =  1645
Current +16V bus =  1172
Current +6V bus =  1517
Current -6V bus =  1172
Current +5V bus =  1938
Current -5V bus =  3445
Current +2.5V bus =  456
Current -2.5V bus =  2937
Current on the 1V POL =  766
Current on the 1.9V POL =  1272
ProcBd Temperature 1 =  1568
ProcBd Temperature 2 =  2001
Voltage on 1V bus =  1243
FPGA Temperature =  2654
Voltage on 1.9V bus =  2330
Voltage on 3.3V bus =  2041
var_to_row = {'Last measurement in raw DN for Processor Board signal “1V POL Current”': 0, 'Last measurement in raw DN for Processor Board signal “1.9V POL Current”': 1, 'Last measurement in raw DN for Processor Board signal “ProcBd Temp1”': 2, nan: 48, 'Last measurement in raw DN for Processor Board signal “ProcBd Temp2”': 6, 'Last measurement in raw DN for Processor Board signal “1V Voltage”': 10, 'Last measurement in raw DN for Processor Board signal “FPGA Temp”': 11, 'Last measurement in raw DN for Processor Board signal “1.9V Voltage”': 12, 'Last measurement in raw DN for Processor Board signal “3.3V Voltage”': 13, 'Last measurement in raw DN for HVPS Board signal “Detector Voltage”': 14, 'Last measurement in raw DN for HVPS Board signal “Sensor Voltage"': 15, 'Last measurement in raw DN for HVPS Board signal “Target Voltage”': 16, 'Last measurement in raw DN for HVPS Board signal “Reflectron Voltage”': 17, 'Last measurement in raw DN for HVPS Board signal “Rejection Voltage”': 18, 'Last measurement in raw DN for HVPS Board signal “Detector Current”': 19, 'Last measurement in raw DN for HVPS Board signal “Sensor IP”': 20, 'Last measurement in raw DN for HVPS Board signal “Sensor IN”': 21, 'Last measurement in raw DN for LVPS Board signal “P3.3VREF_HK”': 22, 'Last measurement in raw DN for LVPS Board signal “P3.3VREF_OP”': 23, 'Last measurement in raw DN for LVPS Board signal “N6V”': 24, 'Last measurement in raw DN for LVPS Board signal “P6V”': 25, 'Last measurement in raw DN for LVPS Board signal “P16V”': 26, 'Last measurement in raw DN for LVPS Board signal “P3.3V”': 27, 'Last measurement in raw DN for LVPS Board signal “N5V”': 28, 'Last measurement in raw DN for LVPS Board signal “P5V”': 29, 'Last measurement in raw DN for LVPS Board signal “P3.3_IMON”': 30, 'Last measurement in raw DN for LVPS Board signal “P16V_IMON”': 31, 'Last measurement in raw DN for LVPS Board signal “P6V_IMON”': 32, 'Last measurement in raw DN for LVPS Board signal “N6V_IMON”': 33, 'Last measurement in raw DN for LVPS Board signal “P5V_IMON”': 34, 'Last measurement in raw DN for LVPS Board signal “N5V_IMON”': 35, 'Last measurement in raw DN for LVPS Board signal “P2.5V_IMON”': 36, 'Last measurement in raw DN for LVPS Board signal “N2.5V_IMON”': 37, 'Last measurement in raw DN for LVPS Board signal “THERM_DECON0”': 38, 'Last measurement in raw DN for LVPS Board signal “THERM_DECON1”': 39, 'Last measurement in raw DN for LVPS Board signal “THERM_DAB”': 40, 'Last measurement in raw DN for LVPS Board signal “THERM_LVPS”': 41, 'Last measurement in raw DN for LVPS Board signal “THERM_HVPS”': 45, 'Last measurement in raw DN for LVPS Board signal “P2.5V”': 49, 'Last measurement in raw DN for LVPS Board signal “N2.5V”': 50, 'Last measurement in raw DN for LVPS Board signal “Spare”': 51}

 
 ***** var_name being converted for each instrument setting ***** 
 

Matching row  18
coeffs for Last measurement in raw DN for Processor Board signal “1V POL Current”= [0.0 0.9029253 0.0 0.0 0.0 0.0 0.0 0.0]
var_name = Last measurement in raw DN for Processor Board signal “1V POL Current”
var_name = current_1V_pol
Header info = 766
Transformed value for current_1V_pol = 691.6407798
Matching row  18
coeffs for Last measurement in raw DN for Processor Board signal “1.9V POL Current”= [0.0 0.9029253 0.0 0.0 0.0 0.0 0.0 0.0]
var_name = Last measurement in raw DN for Processor Board signal “1.9V POL Current”
var_name = current_1.9V_pol
Header info = 1272
Transformed value for current_1.9V_pol = 1148.5209816000001
Matching row  18
coeffs for Last measurement in raw DN for Processor Board signal “ProcBd Temp1”= [162.8276 -0.2668687 0.0003323794 -2.43153e-07 9.034532e-11 -1.327735e-14
 0.0 0.0]
var_name = Last measurement in raw DN for Processor Board signal “ProcBd Temp1”
var_name = temperature_1
Header info = 1568
Transformed value for temperature_1 = 44.46448212931875
Matching row  18
coeffs for nan= [-104713.9 52.02446 -0.006463374 0.0 0.0 0.0 0.0 0.0]
var_name = nan
var_name = None
KeyError: (24, None) - Could not find entry for None, 48. Please check the Var_notes or variable mapping.
Matching row  18
coeffs for Last measurement in raw DN for Processor Board signal “ProcBd Temp2”= [162.8276 -0.2668687 0.0003323794 -2.43153e-07 9.034532e-11 -1.327735e-14
 0.0 0.0]
var_name = Last measurement in raw DN for Processor Board signal “ProcBd Temp2”
var_name = temperature_2
Header info = 2001
Transformed value for temperature_2 = 34.00737464955341
Matching row  18
coeffs for Last measurement in raw DN for Processor Board signal “1V Voltage”= [0.0 0.000805861 0.0 0.0 0.0 0.0 0.0 0.0]
var_name = Last measurement in raw DN for Processor Board signal “1V Voltage”
var_name = voltage_1V_bus
Header info = 1243
Transformed value for voltage_1V_bus = 1.001685223
Matching row  18
coeffs for Last measurement in raw DN for Processor Board signal “FPGA Temp”= [358.31 -0.1187104 0.0 0.0 0.0 0.0 0.0 0.0]
var_name = Last measurement in raw DN for Processor Board signal “FPGA Temp”
var_name = fpga_temperature
Header info = 2654
Transformed value for fpga_temperature = 43.25259840000001
Matching row  18
coeffs for Last measurement in raw DN for Processor Board signal “1.9V Voltage”= [0.0 0.000805861 0.0 0.0 0.0 0.0 0.0 0.0]
var_name = Last measurement in raw DN for Processor Board signal “1.9V Voltage”
var_name = voltage_1.9V_bus
Header info = 2330
Transformed value for voltage_1.9V_bus = 1.8776561299999999
Matching row  18
coeffs for Last measurement in raw DN for Processor Board signal “3.3V Voltage”= [0.0 0.001611722 0.0 0.0 0.0 0.0 0.0 0.0]
var_name = Last measurement in raw DN for Processor Board signal “3.3V Voltage”
var_name = voltage_3.3V_bus
Header info = 2041
Transformed value for voltage_3.3V_bus = 3.2895246019999997
Matching row  18
coeffs for Last measurement in raw DN for HVPS Board signal “Detector Voltage”= [0.0 1.4652 0.0 0.0 0.0 0.0 0.0 0.0]
var_name = Last measurement in raw DN for HVPS Board signal “Detector Voltage”
var_name = detector_voltage
Header info = 1367
Transformed value for detector_voltage = 2002.9284
Matching row  18
coeffs for Last measurement in raw DN for HVPS Board signal “Sensor Voltage"= [0.0 1.4652 0.0 0.0 0.0 0.0 0.0 0.0]
var_name = Last measurement in raw DN for HVPS Board signal “Sensor Voltage"
var_name = sensor_voltage
Header info = 2011
Transformed value for sensor_voltage = 2946.5172000000002
Matching row  18
coeffs for Last measurement in raw DN for HVPS Board signal “Target Voltage”= [0.0 1.4652 0.0 0.0 0.0 0.0 0.0 0.0]
var_name = Last measurement in raw DN for HVPS Board signal “Target Voltage”
var_name = target_voltage
Header info = 1709
Transformed value for target_voltage = 2504.0268
Matching row  18
coeffs for Last measurement in raw DN for HVPS Board signal “Reflectron Voltage”= [0.0 1.4652 0.0 0.0 0.0 0.0 0.0 0.0]
var_name = Last measurement in raw DN for HVPS Board signal “Reflectron Voltage”
var_name = reflectron_voltage
Header info = 135
Transformed value for reflectron_voltage = 197.80200000000002
Matching row  18
coeffs for Last measurement in raw DN for HVPS Board signal “Rejection Voltage”= [0.0 1.4652 0.0 0.0 0.0 0.0 0.0 0.0]
var_name = Last measurement in raw DN for HVPS Board signal “Rejection Voltage”
var_name = rejection_voltage
Header info = 2012
Transformed value for rejection_voltage = 2947.9824000000003
Matching row  18
coeffs for Last measurement in raw DN for HVPS Board signal “Detector Current”= [0.0 7.326e-06 0.0 0.0 0.0 0.0 0.0 0.0]
var_name = Last measurement in raw DN for HVPS Board signal “Detector Current”
var_name = current_hvps_sensor
Header info = 1949
Transformed value for current_hvps_sensor = 0.014278374
Matching row  18
coeffs for Last measurement in raw DN for HVPS Board signal “Sensor IP”= [0.0 2.4339e-05 0.0 0.0 0.0 0.0 0.0 0.0]
var_name = Last measurement in raw DN for HVPS Board signal “Sensor IP”
var_name = positive_current_hvps
Header info = 2701
Transformed value for positive_current_hvps = 0.065739639
Matching row  18
coeffs for Last measurement in raw DN for HVPS Board signal “Sensor IN”= [0.0 2.4339e-05 0.0 0.0 0.0 0.0 0.0 0.0]
var_name = Last measurement in raw DN for HVPS Board signal “Sensor IN”
var_name = negative_current_hvps
Header info = 304
Transformed value for negative_current_hvps = 0.007399055999999999
Matching row  18
coeffs for Last measurement in raw DN for LVPS Board signal “P3.3VREF_HK”= [0.0 0.00161172 0.0 0.0 0.0 0.0 0.0 0.0]
var_name = Last measurement in raw DN for LVPS Board signal “P3.3VREF_HK”
var_name = voltage_3V3_ref
Header info = 2048
Transformed value for voltage_3V3_ref = 3.30080256
Matching row  18
coeffs for Last measurement in raw DN for LVPS Board signal “P3.3VREF_OP”= [0.0 0.00161172 0.0 0.0 0.0 0.0 0.0 0.0]
var_name = Last measurement in raw DN for LVPS Board signal “P3.3VREF_OP”
var_name = voltage_3V3_op_ref
Header info = 2048
Transformed value for voltage_3V3_op_ref = 3.30080256
Matching row  18
coeffs for Last measurement in raw DN for LVPS Board signal “N6V”= [-33.0 0.00886447 0.0 0.0 0.0 0.0 0.0 0.0]
var_name = Last measurement in raw DN for LVPS Board signal “N6V”
var_name = voltage_neg6V_bus
Header info = 3002
Transformed value for voltage_neg6V_bus = -6.3888610600000035
Matching row  18
coeffs for Last measurement in raw DN for LVPS Board signal “P6V”= [0.0 0.00241758 0.0 0.0 0.0 0.0 0.0 0.0]
var_name = Last measurement in raw DN for LVPS Board signal “P6V”
var_name = voltage_pos6V_bus
Header info = 2622
Transformed value for voltage_pos6V_bus = 6.33889476
Matching row  18
coeffs for Last measurement in raw DN for LVPS Board signal “P16V”= [0.0 0.00482711 0.0 0.0 0.0 0.0 0.0 0.0]
var_name = Last measurement in raw DN for LVPS Board signal “P16V”
var_name = voltage_pos16V_bus
Header info = 3177
Transformed value for voltage_pos16V_bus = 15.33572847
Matching row  18
coeffs for Last measurement in raw DN for LVPS Board signal “P3.3V”= [0.0 0.00161172 0.0 0.0 0.0 0.0 0.0 0.0]
var_name = Last measurement in raw DN for LVPS Board signal “P3.3V”
var_name = voltage_pos3V3_bus
Header info = 2057
Transformed value for voltage_pos3V3_bus = 3.31530804
Matching row  18
coeffs for Last measurement in raw DN for LVPS Board signal “N5V”= [-33.0 0.00886447 0.0 0.0 0.0 0.0 0.0 0.0]
var_name = Last measurement in raw DN for LVPS Board signal “N5V”
var_name = voltage_neg5V_bus
Header info = 3156
Transformed value for voltage_neg5V_bus = -5.023732680000002
Matching row  18
coeffs for Last measurement in raw DN for LVPS Board signal “P5V”= [0.0 0.00161172 0.0 0.0 0.0 0.0 0.0 0.0]
var_name = Last measurement in raw DN for LVPS Board signal “P5V”
var_name = voltage_pos5V_bus
Header info = 3140
Transformed value for voltage_pos5V_bus = 5.0608008
Matching row  18
coeffs for Last measurement in raw DN for LVPS Board signal “P3.3_IMON”= [0.0 0.00161172 0.0 0.0 0.0 0.0 0.0 0.0]
var_name = Last measurement in raw DN for LVPS Board signal “P3.3_IMON”
var_name = current_3V3_bus
Header info = 1645
Transformed value for current_3V3_bus = 2.6512794
Matching row  18
coeffs for Last measurement in raw DN for LVPS Board signal “P16V_IMON”= [0.0 0.000161172 0.0 0.0 0.0 0.0 0.0 0.0]
var_name = Last measurement in raw DN for LVPS Board signal “P16V_IMON”
var_name = current_16V_bus
Header info = 1172
Transformed value for current_16V_bus = 0.188893584
Matching row  18
coeffs for Last measurement in raw DN for LVPS Board signal “P6V_IMON”= [0.0 8.05861e-05 0.0 0.0 0.0 0.0 0.0 0.0]
var_name = Last measurement in raw DN for LVPS Board signal “P6V_IMON”
var_name = current_6V_bus
Header info = 1517
Transformed value for current_6V_bus = 0.1222491137
Matching row  18
coeffs for Last measurement in raw DN for LVPS Board signal “N6V_IMON”= [0.0 -8.05861e-05 0.0 0.0 0.0 0.0 0.0 0.0]
var_name = Last measurement in raw DN for LVPS Board signal “N6V_IMON”
var_name = current_neg6V_bus
Header info = 1172
Transformed value for current_neg6V_bus = -0.0944469092
Matching row  18
coeffs for Last measurement in raw DN for LVPS Board signal “P5V_IMON”= [0.0 4.029304e-05 0.0 0.0 0.0 0.0 0.0 0.0]
var_name = Last measurement in raw DN for LVPS Board signal “P5V_IMON”
var_name = current_5V_bus
Header info = 1938
Transformed value for current_5V_bus = 0.07808791152
Matching row  18
coeffs for Last measurement in raw DN for LVPS Board signal “N5V_IMON”= [0.0 -2.01465e-05 0.0 0.0 0.0 0.0 0.0 0.0]
var_name = Last measurement in raw DN for LVPS Board signal “N5V_IMON”
var_name = current_neg5V_bus
Header info = 3445
Transformed value for current_neg5V_bus = -0.0694046925
Matching row  18
coeffs for Last measurement in raw DN for LVPS Board signal “P2.5V_IMON”= [0.0 0.00161172 0.0 0.0 0.0 0.0 0.0 0.0]
var_name = Last measurement in raw DN for LVPS Board signal “P2.5V_IMON”
var_name = current_2V5_bus
Header info = 456
Transformed value for current_2V5_bus = 0.73494432
Matching row  18
coeffs for Last measurement in raw DN for LVPS Board signal “N2.5V_IMON”= [0.0 -4.0293e-05 0.0 0.0 0.0 0.0 0.0 0.0]
var_name = Last measurement in raw DN for LVPS Board signal “N2.5V_IMON”
var_name = current_neg2V5_bus
Header info = 2937
Transformed value for current_neg2V5_bus = -0.11834054100000001
Matching row  18
coeffs for Last measurement in raw DN for LVPS Board signal “THERM_DECON0”= [-110.293 0.0665351 0.000305738 -6.32048e-07 5.9934e-10 -2.98784e-13
 7.61361e-17 -7.76467e-21]
var_name = Last measurement in raw DN for LVPS Board signal “THERM_DECON0”
var_name = None
KeyError: (24, None) - Could not find entry for None, 38. Please check the Var_notes or variable mapping.
Matching row  18
coeffs for Last measurement in raw DN for LVPS Board signal “THERM_DECON1”= [-150.478 0.376986 -0.00062072 7.73853e-07 -5.81588e-10 2.56368e-13
 -6.05698e-17 5.96635e-21]
var_name = Last measurement in raw DN for LVPS Board signal “THERM_DECON1”
var_name = None
KeyError: (24, None) - Could not find entry for None, 39. Please check the Var_notes or variable mapping.
Matching row  18
coeffs for Last measurement in raw DN for LVPS Board signal “THERM_DAB”= [-443.248 1.31224 -0.00180422 1.40016e-06 -6.43766e-10 1.7448e-13
 -2.57695e-17 1.60239e-21]
var_name = Last measurement in raw DN for LVPS Board signal “THERM_DAB”
var_name = None
KeyError: (24, None) - Could not find entry for None, 40. Please check the Var_notes or variable mapping.
Matching row  18
coeffs for Last measurement in raw DN for LVPS Board signal “THERM_LVPS”= [200.4137 -0.2020699 0.000175403 -9.739547e-08 2.888932e-11 -3.545603e-15
 0.0 0.0]
var_name = Last measurement in raw DN for LVPS Board signal “THERM_LVPS”
var_name = None
KeyError: (24, None) - Could not find entry for None, 41. Please check the Var_notes or variable mapping.
Matching row  18
coeffs for Last measurement in raw DN for LVPS Board signal “THERM_HVPS”= [200.4137 -0.2020699 0.000175403 -9.739547e-08 2.888932e-11 -3.545603e-15
 0.0 0.0]
var_name = Last measurement in raw DN for LVPS Board signal “THERM_HVPS”
var_name = None
KeyError: (24, None) - Could not find entry for None, 45. Please check the Var_notes or variable mapping.
Matching row  18
coeffs for Last measurement in raw DN for LVPS Board signal “P2.5V”= [0.0 0.00161172 0.0 0.0 0.0 0.0 0.0 0.0]
var_name = Last measurement in raw DN for LVPS Board signal “P2.5V”
var_name = None
KeyError: (24, None) - Could not find entry for None, 49. Please check the Var_notes or variable mapping.
Matching row  18
coeffs for Last measurement in raw DN for LVPS Board signal “N2.5V”= [-33.0 0.00886447 0.0 0.0 0.0 0.0 0.0 0.0]
var_name = Last measurement in raw DN for LVPS Board signal “N2.5V”
var_name = None
KeyError: (24, None) - Could not find entry for None, 50. Please check the Var_notes or variable mapping.
Matching row  18
coeffs for Last measurement in raw DN for LVPS Board signal “Spare”= [0.0 0.00161172 0.0 0.0 0.0 0.0 0.0 0.0]
var_name = Last measurement in raw DN for LVPS Board signal “Spare”
var_name = spare_signal
KeyError: (24, 'spare_signal') - Could not find entry for spare_signal, 51. Please check the Var_notes or variable mapping.
High gain delay = 84 samples.
Mid gain delay = 55 samples.
Low gain delay = 55 samples.
High sampling trigger mode =  0 0 1
High gain trigger mode enabled.
For 2222981120, HG Trigger level = 0.15317, sample settings = 0, 0
Threshold trigger mode enabled for high gain channel.
AID = 2415008032
Event number = 23
Rice compression enabled = False
Timestamp = 429138618.22066 seconds since epoch (Midnight January 1st, 2010)
Trigger time = 2023-08-07T21:10:18.220660Z
24
24
24
24
24
24
24
24
24
24
24
24
24
{'SHCOARSE': ParsedDataItem(SHCOARSE, raw=429139490, derived=429139490, unit=dn), 'SHFINE': ParsedDataItem(SHFINE, raw=7140, derived=7140, unit=dn), 'IDX__SCI0AID': ParsedDataItem(IDX__SCI0AID, raw=2415008032, derived=2415008032, unit=None), 'IDX__SCI0TYPE': ParsedDataItem(IDX__SCI0TYPE, raw=1, derived=1, unit=None), 'IDX__SCI0CONT': ParsedDataItem(IDX__SCI0CONT, raw=127, derived=127, unit=None), 'IDX__SCI0SPARE1': ParsedDataItem(IDX__SCI0SPARE1, raw=0, derived=0, unit=None), 'IDX__SCI0PACK': ParsedDataItem(IDX__SCI0PACK, raw=1, derived=EN, unit=None), 'IDX__SCI0FRAG': ParsedDataItem(IDX__SCI0FRAG, raw=0, derived=DS, unit=None), 'IDX__SCI0COMP': ParsedDataItem(IDX__SCI0COMP, raw=0, derived=DS, unit=None), 'IDX__SCI0EVTNUM': ParsedDataItem(IDX__SCI0EVTNUM, raw=24, derived=24, unit=None), 'IDX__SCI0CAT': ParsedDataItem(IDX__SCI0CAT, raw=32, derived=32, unit=None), 'IDX__SCI0QUAL': ParsedDataItem(IDX__SCI0QUAL, raw=5, derived=5, unit=None), 'IDX__SCI0FRAGOFF': ParsedDataItem(IDX__SCI0FRAGOFF, raw=0, derived=0, unit=None), 'IDX__SCI0VER': ParsedDataItem(IDX__SCI0VER, raw=9, derived=9, unit=None), 'IDX__SCI0TIME32': ParsedDataItem(IDX__SCI0TIME32, raw=429138740, derived=429138740, unit=None), 'IDX__SCI0SPARE2': ParsedDataItem(IDX__SCI0SPARE2, raw=0, derived=0, unit=None), 'IDX__SCI0SPARE3': ParsedDataItem(IDX__SCI0SPARE3, raw=0, derived=0, unit=None), 'IDX__SCI0SPARE4': ParsedDataItem(IDX__SCI0SPARE4, raw=0, derived=0, unit=None), 'IDX__TXHDRSCIEVTLEN': ParsedDataItem(IDX__TXHDRSCIEVTLEN, raw=8320, derived=8320, unit=None), 'IDX__TXHDRSP00': ParsedDataItem(IDX__TXHDRSP00, raw=0, derived=0, unit=None), 'IDX__TXHDRTIMESEC1': ParsedDataItem(IDX__TXHDRTIMESEC1, raw=6548, derived=6548, unit=None), 'IDX__TXHDRTIMESEC2': ParsedDataItem(IDX__TXHDRTIMESEC2, raw=9012, derived=9012, unit=None), 'IDX__TXHDRTIMESUBS': ParsedDataItem(IDX__TXHDRTIMESUBS, raw=8232, derived=8232, unit=None), 'IDX__TXHDRSP01': ParsedDataItem(IDX__TXHDRSP01, raw=0, derived=0, unit=None), 'IDX__TXHDRTRIGOFFSET': ParsedDataItem(IDX__TXHDRTRIGOFFSET, raw=1, derived=1, unit=None), 'IDX__TXHDRSP02': ParsedDataItem(IDX__TXHDRSP02, raw=0, derived=0, unit=None), 'IDX__TXHDRTRIGID': ParsedDataItem(IDX__TXHDRTRIGID, raw=1, derived=1, unit=None), 'IDX__TXHDREVTNUM': ParsedDataItem(IDX__TXHDREVTNUM, raw=24, derived=24, unit=None), 'IDX__TXHDRBLOCKS': ParsedDataItem(IDX__TXHDRBLOCKS, raw=243679, derived=243679, unit=None), 'IDX__TXHDRHGTRIGCTRL1': ParsedDataItem(IDX__TXHDRHGTRIGCTRL1, raw=2222981120, derived=2222981120, unit=None), 'IDX__TXHDRHGTRIGCTRL2': ParsedDataItem(IDX__TXHDRHGTRIGCTRL2, raw=0, derived=0, unit=None), 'IDX__TXHDRLGTRIGCTRL1': ParsedDataItem(IDX__TXHDRLGTRIGCTRL1, raw=4294965248, derived=4294965248, unit=None), 'IDX__TXHDRLGTRIGCTRL2': ParsedDataItem(IDX__TXHDRLGTRIGCTRL2, raw=4278255360, derived=4278255360, unit=None), 'IDX__TXHDRMGTRIGCTRL1': ParsedDataItem(IDX__TXHDRMGTRIGCTRL1, raw=4294965248, derived=4294965248, unit=None), 'IDX__TXHDRMGTRIGCTRL2': ParsedDataItem(IDX__TXHDRMGTRIGCTRL2, raw=4278255360, derived=4278255360, unit=None), 'IDX__TXHDRSP03': ParsedDataItem(IDX__TXHDRSP03, raw=0, derived=0, unit=None), 'IDX__TXHDRLSADC': ParsedDataItem(IDX__TXHDRLSADC, raw=1048320, derived=1048320, unit=None), 'IDX__TXHDRPOLSTAT': ParsedDataItem(IDX__TXHDRPOLSTAT, raw=1, derived=NEG, unit=None), 'IDX__TXHDRSP04': ParsedDataItem(IDX__TXHDRSP04, raw=0, derived=0, unit=None), 'IDX__TXHDRPOLCTRL': ParsedDataItem(IDX__TXHDRPOLCTRL, raw=0, derived=POS, unit=None), 'IDX__TXHDRCOINENA': ParsedDataItem(IDX__TXHDRCOINENA, raw=0, derived=DIS, unit=None), 'IDX__TXHDRLSTRIGMODE': ParsedDataItem(IDX__TXHDRLSTRIGMODE, raw=0, derived=DIS, unit=None), 'IDX__TXHDRMGTRIGMODE': ParsedDataItem(IDX__TXHDRMGTRIGMODE, raw=0, derived=0, unit=None), 'IDX__TXHDRLGTRIGMODE': ParsedDataItem(IDX__TXHDRLGTRIGMODE, raw=0, derived=0, unit=None), 'IDX__TXHDRHGTRIGMODE': ParsedDataItem(IDX__TXHDRHGTRIGMODE, raw=1, derived=1, unit=None), 'IDX__TXHDRSP05': ParsedDataItem(IDX__TXHDRSP05, raw=0, derived=0, unit=None), 'IDX__TXHDRSP06': ParsedDataItem(IDX__TXHDRSP06, raw=0, derived=0, unit=None), 'IDX__TXHDRSP07': ParsedDataItem(IDX__TXHDRSP07, raw=2017, derived=2017, unit=None), 'IDX__TXHDRSP08': ParsedDataItem(IDX__TXHDRSP08, raw=0, derived=0, unit=None), 'IDX__TXHDRTOFMAX': ParsedDataItem(IDX__TXHDRTOFMAX, raw=541596181, derived=541596181, unit=None), 'IDX__TXHDRTOFMIN': ParsedDataItem(IDX__TXHDRTOFMIN, raw=535295475, derived=535295475, unit=None), 'IDX__TXHDRLS0MAXMIN': ParsedDataItem(IDX__TXHDRLS0MAXMIN, raw=8529919, derived=8529919, unit=None), 'IDX__TXHDRLS1MAXMIN': ParsedDataItem(IDX__TXHDRLS1MAXMIN, raw=10921209, derived=10921209, unit=None), 'IDX__TXHDRLS2MAXMIN': ParsedDataItem(IDX__TXHDRLS2MAXMIN, raw=8472545, derived=8472545, unit=None), 'IDX__TXHDRFIFODELAY': ParsedDataItem(IDX__TXHDRFIFODELAY, raw=15, derived=15, unit=None), 'IDX__TXHDRSAMPDELAY': ParsedDataItem(IDX__TXHDRSAMPDELAY, raw=7347237, derived=7347237, unit=None), 'IDX__TXHDRTRANSCNT': ParsedDataItem(IDX__TXHDRTRANSCNT, raw=4, derived=4, unit=None), 'IDX__TXHDRPROCHKCH01': ParsedDataItem(IDX__TXHDRPROCHKCH01, raw=83362560, derived=83362560, unit=None), 'IDX__TXHDRPROCHKCH23': ParsedDataItem(IDX__TXHDRPROCHKCH23, raw=129697294, derived=129697294, unit=None), 'IDX__TXHDRPROCHKCH45': ParsedDataItem(IDX__TXHDRPROCHKCH45, raw=173671643, derived=173671643, unit=None), 'IDX__TXHDRPROCHKCH67': ParsedDataItem(IDX__TXHDRPROCHKCH67, raw=133761306, derived=133761306, unit=None), 'IDX__TXHDRHVPSHKCH01': ParsedDataItem(IDX__TXHDRHVPSHKCH01, raw=131794263, derived=131794263, unit=None), 'IDX__TXHDRHVPSHKCH23': ParsedDataItem(IDX__TXHDRHVPSHKCH23, raw=8849069, derived=8849069, unit=None), 'IDX__TXHDRHVPSHKCH45': ParsedDataItem(IDX__TXHDRHVPSHKCH45, raw=127731675, derived=127731675, unit=None), 'IDX__TXHDRHVPSHKCH67': ParsedDataItem(IDX__TXHDRHVPSHKCH67, raw=19925645, derived=19925645, unit=None), 'IDX__TXHDRLVHK0CH01': ParsedDataItem(IDX__TXHDRLVHK0CH01, raw=134219776, derived=134219776, unit=None), 'IDX__TXHDRLVHK0CH23': ParsedDataItem(IDX__TXHDRLVHK0CH23, raw=171838394, derived=171838394, unit=None), 'IDX__TXHDRLVHK0CH45': ParsedDataItem(IDX__TXHDRLVHK0CH45, raw=134745193, derived=134745193, unit=None), 'IDX__TXHDRLVHK0CH67': ParsedDataItem(IDX__TXHDRLVHK0CH67, raw=205786196, derived=205786196, unit=None), 'IDX__TXHDRLVHK1CH01': ParsedDataItem(IDX__TXHDRLVHK1CH01, raw=33359470, derived=33359470, unit=None), 'IDX__TXHDRLVHK1CH23': ParsedDataItem(IDX__TXHDRLVHK1CH23, raw=76875246, derived=76875246, unit=None), 'IDX__TXHDRLVHK1CH45': ParsedDataItem(IDX__TXHDRLVHK1CH45, raw=225838994, derived=225838994, unit=None), 'IDX__TXHDRLVHK1CH67': ParsedDataItem(IDX__TXHDRLVHK1CH67, raw=192479688, derived=192479688, unit=None), 'IDX__TXHDRLVHK2CH01': ParsedDataItem(IDX__TXHDRLVHK2CH01, raw=80807126, derived=80807126, unit=None), 'IDX__TXHDRLVHK2CH23': ParsedDataItem(IDX__TXHDRLVHK2CH23, raw=207292996, derived=207292996, unit=None), 'IDX__TXHDRLVHK2CH45': ParsedDataItem(IDX__TXHDRLVHK2CH45, raw=101059870, derived=101059870, unit=None), 'IDX__TXHDRLVHK2CH67': ParsedDataItem(IDX__TXHDRLVHK2CH67, raw=3481, derived=3481, unit=None), 'IDX__TXHDRSP09': ParsedDataItem(IDX__TXHDRSP09, raw=0, derived=0, unit=None), 'IDX__TXHDRSP10': ParsedDataItem(IDX__TXHDRSP10, raw=0, derived=0, unit=None), 'IDX__TXHDRFSWAIDCOPY': ParsedDataItem(IDX__TXHDRFSWAIDCOPY, raw=2415008032, derived=2415008032, unit=None), 'IDX__TXHDRFSWBINCOPY': ParsedDataItem(IDX__TXHDRFSWBINCOPY, raw=0, derived=0, unit=None), 'IDX__TXHDRFSWMAJOR': ParsedDataItem(IDX__TXHDRFSWMAJOR, raw=2, derived=2, unit=None), 'IDX__TXHDRFSWMINOR': ParsedDataItem(IDX__TXHDRFSWMINOR, raw=0, derived=0, unit=None), 'IDX__TXHDRFSWPATCH': ParsedDataItem(IDX__TXHDRFSWPATCH, raw=0, derived=0, unit=None), 'IDX__TXHDRFSWHVSTAT': ParsedDataItem(IDX__TXHDRFSWHVSTAT, raw=3, derived=3, unit=None), 'IDX__TXHDRFSWMEM0': ParsedDataItem(IDX__TXHDRFSWMEM0, raw=0, derived=0, unit=None), 'IDX__TXHDRFSWMEM1': ParsedDataItem(IDX__TXHDRFSWMEM1, raw=0, derived=0, unit=None), 'IDX__TXHDRFSWPT0': ParsedDataItem(IDX__TXHDRFSWPT0, raw=0, derived=0, unit=None), 'IDX__TXHDRFSWPT1': ParsedDataItem(IDX__TXHDRFSWPT1, raw=0, derived=0, unit=None), 'IDX__TXHDRFSWPT2': ParsedDataItem(IDX__TXHDRFSWPT2, raw=0, derived=0, unit=None), 'IDX__TXHDRFSWPT3': ParsedDataItem(IDX__TXHDRFSWPT3, raw=0, derived=0, unit=None), 'IDX__TXHDRFSWPT4': ParsedDataItem(IDX__TXHDRFSWPT4, raw=0, derived=0, unit=None), 'IDX__TXHDRFSWPT5': ParsedDataItem(IDX__TXHDRFSWPT5, raw=0, derived=0, unit=None), 'IDX__TXHDRFSWPT6': ParsedDataItem(IDX__TXHDRFSWPT6, raw=0, derived=0, unit=None), 'IDX__TXHDRFSWPT7': ParsedDataItem(IDX__TXHDRFSWPT7, raw=0, derived=0, unit=None), 'IDX__TXHDRFSWPT8': ParsedDataItem(IDX__TXHDRFSWPT8, raw=0, derived=0, unit=None), 'IDX__TXHDRFSWPT9': ParsedDataItem(IDX__TXHDRFSWPT9, raw=0, derived=0, unit=None), 'IDX__TXHDRFPGAVER': ParsedDataItem(IDX__TXHDRFPGAVER, raw=539165480, derived=539165480, unit=None), 'IDX__SYNCSCI0PKT': ParsedDataItem(IDX__SYNCSCI0PKT, raw=13107, derived=13107, unit=None), 'IDX__CRCSCI0PKT': ParsedDataItem(IDX__CRCSCI0PKT, raw=45961, derived=45961, unit=None)}
SHCOARSE = 429139490
SHFINE = 7140
IDX__SCI0AID = 2415008032
IDX__SCI0TYPE = 1
IDX__SCI0CONT = 127
IDX__SCI0SPARE1 = 0
IDX__SCI0PACK = EN
IDX__SCI0FRAG = DS
IDX__SCI0COMP = DS
IDX__SCI0EVTNUM = 24
IDX__SCI0CAT = 32
IDX__SCI0QUAL = 5
IDX__SCI0FRAGOFF = 0
IDX__SCI0VER = 9
IDX__SCI0TIME32 = 429138740
IDX__SCI0SPARE2 = 0
IDX__SCI0SPARE3 = 0
IDX__SCI0SPARE4 = 0
IDX__TXHDRSCIEVTLEN = 8320
IDX__TXHDRSP00 = 0
IDX__TXHDRTIMESEC1 = 6548
IDX__TXHDRTIMESEC2 = 9012
IDX__TXHDRTIMESUBS = 8232
IDX__TXHDRSP01 = 0
IDX__TXHDRTRIGOFFSET = 1
IDX__TXHDRSP02 = 0
IDX__TXHDRTRIGID = 1
IDX__TXHDREVTNUM = 24
IDX__TXHDRBLOCKS = 243679
IDX__TXHDRHGTRIGCTRL1 = 2222981120
IDX__TXHDRHGTRIGCTRL2 = 0
IDX__TXHDRLGTRIGCTRL1 = 4294965248
IDX__TXHDRLGTRIGCTRL2 = 4278255360
IDX__TXHDRMGTRIGCTRL1 = 4294965248
IDX__TXHDRMGTRIGCTRL2 = 4278255360
IDX__TXHDRSP03 = 0
IDX__TXHDRLSADC = 1048320
IDX__TXHDRPOLSTAT = NEG
IDX__TXHDRSP04 = 0
IDX__TXHDRPOLCTRL = POS
IDX__TXHDRCOINENA = DIS
IDX__TXHDRLSTRIGMODE = DIS
IDX__TXHDRMGTRIGMODE = 0
IDX__TXHDRLGTRIGMODE = 0
IDX__TXHDRHGTRIGMODE = 1
IDX__TXHDRSP05 = 0
IDX__TXHDRSP06 = 0
IDX__TXHDRSP07 = 2017
IDX__TXHDRSP08 = 0
IDX__TXHDRTOFMAX = 541596181
IDX__TXHDRTOFMIN = 535295475
IDX__TXHDRLS0MAXMIN = 8529919
IDX__TXHDRLS1MAXMIN = 10921209
IDX__TXHDRLS2MAXMIN = 8472545
IDX__TXHDRFIFODELAY = 15
IDX__TXHDRSAMPDELAY = 7347237
IDX__TXHDRTRANSCNT = 4
IDX__TXHDRPROCHKCH01 = 83362560
IDX__TXHDRPROCHKCH23 = 129697294
IDX__TXHDRPROCHKCH45 = 173671643
IDX__TXHDRPROCHKCH67 = 133761306
IDX__TXHDRHVPSHKCH01 = 131794263
IDX__TXHDRHVPSHKCH23 = 8849069
IDX__TXHDRHVPSHKCH45 = 127731675
IDX__TXHDRHVPSHKCH67 = 19925645
IDX__TXHDRLVHK0CH01 = 134219776
IDX__TXHDRLVHK0CH23 = 171838394
IDX__TXHDRLVHK0CH45 = 134745193
IDX__TXHDRLVHK0CH67 = 205786196
IDX__TXHDRLVHK1CH01 = 33359470
IDX__TXHDRLVHK1CH23 = 76875246
IDX__TXHDRLVHK1CH45 = 225838994
IDX__TXHDRLVHK1CH67 = 192479688
IDX__TXHDRLVHK2CH01 = 80807126
IDX__TXHDRLVHK2CH23 = 207292996
IDX__TXHDRLVHK2CH45 = 101059870
IDX__TXHDRLVHK2CH67 = 3481
IDX__TXHDRSP09 = 0
IDX__TXHDRSP10 = 0
IDX__TXHDRFSWAIDCOPY = 2415008032
IDX__TXHDRFSWBINCOPY = 0
IDX__TXHDRFSWMAJOR = 2
IDX__TXHDRFSWMINOR = 0
IDX__TXHDRFSWPATCH = 0
IDX__TXHDRFSWHVSTAT = 3
IDX__TXHDRFSWMEM0 = 0
IDX__TXHDRFSWMEM1 = 0
IDX__TXHDRFSWPT0 = 0
IDX__TXHDRFSWPT1 = 0
IDX__TXHDRFSWPT2 = 0
IDX__TXHDRFSWPT3 = 0
IDX__TXHDRFSWPT4 = 0
IDX__TXHDRFSWPT5 = 0
IDX__TXHDRFSWPT6 = 0
IDX__TXHDRFSWPT7 = 0
IDX__TXHDRFSWPT8 = 0
IDX__TXHDRFSWPT9 = 0
IDX__TXHDRFPGAVER = 539165480
IDX__SYNCSCI0PKT = 13107
IDX__CRCSCI0PKT = 45961
^*****Event header 25******^
EVTNUM: 25
SCI0TYPE: 1
TXHDRBLOCKS RAW: 243679
TXHDRBLOCKS DERIVED: 243679
-----
HS pre trig sampling blocks:  31
LS pre trig sampling blocks:  3
HS post trig sampling blocks:  31
LS post trig sampling blocks:  11
IDX__TXHDRHVPSHKCH01 = 131794263
Detector voltage =  1367
Sensor voltage =  2011
Target voltage =  1709
Reflectron voltage =  135
Rejection voltage =  2011
Current for HVPS sensor =  1949
Positive current for HVPS sensor =  2701
Negative current for HVPS sensor =  304
Voltage +3.3V reference =  2048
Voltage +3.3V operational reference =  2048
Voltage -6V bus =  3002
Voltage +6V bus =  2622
Voltage +16V bus =  3177
Voltage +3.3V bus =  2056
Voltage -5V bus =  3156
Voltage +5V bus =  3140
Current +3.3V bus =  1646
Current +16V bus =  1173
Current +6V bus =  1518
Current -6V bus =  1173
Current +5V bus =  1938
Current -5V bus =  3446
Current +2.5V bus =  456
Current -2.5V bus =  2937
Current on the 1V POL =  768
Current on the 1.9V POL =  1272
ProcBd Temperature 1 =  1550
ProcBd Temperature 2 =  1979
Voltage on 1V bus =  1243
FPGA Temperature =  2650
Voltage on 1.9V bus =  2330
Voltage on 3.3V bus =  2041
var_to_row = {'Last measurement in raw DN for Processor Board signal “1V POL Current”': 0, 'Last measurement in raw DN for Processor Board signal “1.9V POL Current”': 1, 'Last measurement in raw DN for Processor Board signal “ProcBd Temp1”': 2, nan: 48, 'Last measurement in raw DN for Processor Board signal “ProcBd Temp2”': 6, 'Last measurement in raw DN for Processor Board signal “1V Voltage”': 10, 'Last measurement in raw DN for Processor Board signal “FPGA Temp”': 11, 'Last measurement in raw DN for Processor Board signal “1.9V Voltage”': 12, 'Last measurement in raw DN for Processor Board signal “3.3V Voltage”': 13, 'Last measurement in raw DN for HVPS Board signal “Detector Voltage”': 14, 'Last measurement in raw DN for HVPS Board signal “Sensor Voltage"': 15, 'Last measurement in raw DN for HVPS Board signal “Target Voltage”': 16, 'Last measurement in raw DN for HVPS Board signal “Reflectron Voltage”': 17, 'Last measurement in raw DN for HVPS Board signal “Rejection Voltage”': 18, 'Last measurement in raw DN for HVPS Board signal “Detector Current”': 19, 'Last measurement in raw DN for HVPS Board signal “Sensor IP”': 20, 'Last measurement in raw DN for HVPS Board signal “Sensor IN”': 21, 'Last measurement in raw DN for LVPS Board signal “P3.3VREF_HK”': 22, 'Last measurement in raw DN for LVPS Board signal “P3.3VREF_OP”': 23, 'Last measurement in raw DN for LVPS Board signal “N6V”': 24, 'Last measurement in raw DN for LVPS Board signal “P6V”': 25, 'Last measurement in raw DN for LVPS Board signal “P16V”': 26, 'Last measurement in raw DN for LVPS Board signal “P3.3V”': 27, 'Last measurement in raw DN for LVPS Board signal “N5V”': 28, 'Last measurement in raw DN for LVPS Board signal “P5V”': 29, 'Last measurement in raw DN for LVPS Board signal “P3.3_IMON”': 30, 'Last measurement in raw DN for LVPS Board signal “P16V_IMON”': 31, 'Last measurement in raw DN for LVPS Board signal “P6V_IMON”': 32, 'Last measurement in raw DN for LVPS Board signal “N6V_IMON”': 33, 'Last measurement in raw DN for LVPS Board signal “P5V_IMON”': 34, 'Last measurement in raw DN for LVPS Board signal “N5V_IMON”': 35, 'Last measurement in raw DN for LVPS Board signal “P2.5V_IMON”': 36, 'Last measurement in raw DN for LVPS Board signal “N2.5V_IMON”': 37, 'Last measurement in raw DN for LVPS Board signal “THERM_DECON0”': 38, 'Last measurement in raw DN for LVPS Board signal “THERM_DECON1”': 39, 'Last measurement in raw DN for LVPS Board signal “THERM_DAB”': 40, 'Last measurement in raw DN for LVPS Board signal “THERM_LVPS”': 41, 'Last measurement in raw DN for LVPS Board signal “THERM_HVPS”': 45, 'Last measurement in raw DN for LVPS Board signal “P2.5V”': 49, 'Last measurement in raw DN for LVPS Board signal “N2.5V”': 50, 'Last measurement in raw DN for LVPS Board signal “Spare”': 51}

 
 ***** var_name being converted for each instrument setting ***** 
 

Matching row  18
coeffs for Last measurement in raw DN for Processor Board signal “1V POL Current”= [0.0 0.9029253 0.0 0.0 0.0 0.0 0.0 0.0]
var_name = Last measurement in raw DN for Processor Board signal “1V POL Current”
var_name = current_1V_pol
Header info = 768
Transformed value for current_1V_pol = 693.4466304
Matching row  18
coeffs for Last measurement in raw DN for Processor Board signal “1.9V POL Current”= [0.0 0.9029253 0.0 0.0 0.0 0.0 0.0 0.0]
var_name = Last measurement in raw DN for Processor Board signal “1.9V POL Current”
var_name = current_1.9V_pol
Header info = 1272
Transformed value for current_1.9V_pol = 1148.5209816000001
Matching row  18
coeffs for Last measurement in raw DN for Processor Board signal “ProcBd Temp1”= [162.8276 -0.2668687 0.0003323794 -2.43153e-07 9.034532e-11 -1.327735e-14
 0.0 0.0]
var_name = Last measurement in raw DN for Processor Board signal “ProcBd Temp1”
var_name = temperature_1
Header info = 1550
Transformed value for temperature_1 = 44.937729188922006
Matching row  18
coeffs for nan= [-104713.9 52.02446 -0.006463374 0.0 0.0 0.0 0.0 0.0]
var_name = nan
var_name = None
KeyError: (25, None) - Could not find entry for None, 48. Please check the Var_notes or variable mapping.
Matching row  18
coeffs for Last measurement in raw DN for Processor Board signal “ProcBd Temp2”= [162.8276 -0.2668687 0.0003323794 -2.43153e-07 9.034532e-11 -1.327735e-14
 0.0 0.0]
var_name = Last measurement in raw DN for Processor Board signal “ProcBd Temp2”
var_name = temperature_2
Header info = 1979
Transformed value for temperature_2 = 34.577997096430295
Matching row  18
coeffs for Last measurement in raw DN for Processor Board signal “1V Voltage”= [0.0 0.000805861 0.0 0.0 0.0 0.0 0.0 0.0]
var_name = Last measurement in raw DN for Processor Board signal “1V Voltage”
var_name = voltage_1V_bus
Header info = 1243
Transformed value for voltage_1V_bus = 1.001685223
Matching row  18
coeffs for Last measurement in raw DN for Processor Board signal “FPGA Temp”= [358.31 -0.1187104 0.0 0.0 0.0 0.0 0.0 0.0]
var_name = Last measurement in raw DN for Processor Board signal “FPGA Temp”
var_name = fpga_temperature
Header info = 2650
Transformed value for fpga_temperature = 43.72744
Matching row  18
coeffs for Last measurement in raw DN for Processor Board signal “1.9V Voltage”= [0.0 0.000805861 0.0 0.0 0.0 0.0 0.0 0.0]
var_name = Last measurement in raw DN for Processor Board signal “1.9V Voltage”
var_name = voltage_1.9V_bus
Header info = 2330
Transformed value for voltage_1.9V_bus = 1.8776561299999999
Matching row  18
coeffs for Last measurement in raw DN for Processor Board signal “3.3V Voltage”= [0.0 0.001611722 0.0 0.0 0.0 0.0 0.0 0.0]
var_name = Last measurement in raw DN for Processor Board signal “3.3V Voltage”
var_name = voltage_3.3V_bus
Header info = 2041
Transformed value for voltage_3.3V_bus = 3.2895246019999997
Matching row  18
coeffs for Last measurement in raw DN for HVPS Board signal “Detector Voltage”= [0.0 1.4652 0.0 0.0 0.0 0.0 0.0 0.0]
var_name = Last measurement in raw DN for HVPS Board signal “Detector Voltage”
var_name = detector_voltage
Header info = 1367
Transformed value for detector_voltage = 2002.9284
Matching row  18
coeffs for Last measurement in raw DN for HVPS Board signal “Sensor Voltage"= [0.0 1.4652 0.0 0.0 0.0 0.0 0.0 0.0]
var_name = Last measurement in raw DN for HVPS Board signal “Sensor Voltage"
var_name = sensor_voltage
Header info = 2011
Transformed value for sensor_voltage = 2946.5172000000002
Matching row  18
coeffs for Last measurement in raw DN for HVPS Board signal “Target Voltage”= [0.0 1.4652 0.0 0.0 0.0 0.0 0.0 0.0]
var_name = Last measurement in raw DN for HVPS Board signal “Target Voltage”
var_name = target_voltage
Header info = 1709
Transformed value for target_voltage = 2504.0268
Matching row  18
coeffs for Last measurement in raw DN for HVPS Board signal “Reflectron Voltage”= [0.0 1.4652 0.0 0.0 0.0 0.0 0.0 0.0]
var_name = Last measurement in raw DN for HVPS Board signal “Reflectron Voltage”
var_name = reflectron_voltage
Header info = 135
Transformed value for reflectron_voltage = 197.80200000000002
Matching row  18
coeffs for Last measurement in raw DN for HVPS Board signal “Rejection Voltage”= [0.0 1.4652 0.0 0.0 0.0 0.0 0.0 0.0]
var_name = Last measurement in raw DN for HVPS Board signal “Rejection Voltage”
var_name = rejection_voltage
Header info = 2011
Transformed value for rejection_voltage = 2946.5172000000002
Matching row  18
coeffs for Last measurement in raw DN for HVPS Board signal “Detector Current”= [0.0 7.326e-06 0.0 0.0 0.0 0.0 0.0 0.0]
var_name = Last measurement in raw DN for HVPS Board signal “Detector Current”
var_name = current_hvps_sensor
Header info = 1949
Transformed value for current_hvps_sensor = 0.014278374
Matching row  18
coeffs for Last measurement in raw DN for HVPS Board signal “Sensor IP”= [0.0 2.4339e-05 0.0 0.0 0.0 0.0 0.0 0.0]
var_name = Last measurement in raw DN for HVPS Board signal “Sensor IP”
var_name = positive_current_hvps
Header info = 2701
Transformed value for positive_current_hvps = 0.065739639
Matching row  18
coeffs for Last measurement in raw DN for HVPS Board signal “Sensor IN”= [0.0 2.4339e-05 0.0 0.0 0.0 0.0 0.0 0.0]
var_name = Last measurement in raw DN for HVPS Board signal “Sensor IN”
var_name = negative_current_hvps
Header info = 304
Transformed value for negative_current_hvps = 0.007399055999999999
Matching row  18
coeffs for Last measurement in raw DN for LVPS Board signal “P3.3VREF_HK”= [0.0 0.00161172 0.0 0.0 0.0 0.0 0.0 0.0]
var_name = Last measurement in raw DN for LVPS Board signal “P3.3VREF_HK”
var_name = voltage_3V3_ref
Header info = 2048
Transformed value for voltage_3V3_ref = 3.30080256
Matching row  18
coeffs for Last measurement in raw DN for LVPS Board signal “P3.3VREF_OP”= [0.0 0.00161172 0.0 0.0 0.0 0.0 0.0 0.0]
var_name = Last measurement in raw DN for LVPS Board signal “P3.3VREF_OP”
var_name = voltage_3V3_op_ref
Header info = 2048
Transformed value for voltage_3V3_op_ref = 3.30080256
Matching row  18
coeffs for Last measurement in raw DN for LVPS Board signal “N6V”= [-33.0 0.00886447 0.0 0.0 0.0 0.0 0.0 0.0]
var_name = Last measurement in raw DN for LVPS Board signal “N6V”
var_name = voltage_neg6V_bus
Header info = 3002
Transformed value for voltage_neg6V_bus = -6.3888610600000035
Matching row  18
coeffs for Last measurement in raw DN for LVPS Board signal “P6V”= [0.0 0.00241758 0.0 0.0 0.0 0.0 0.0 0.0]
var_name = Last measurement in raw DN for LVPS Board signal “P6V”
var_name = voltage_pos6V_bus
Header info = 2622
Transformed value for voltage_pos6V_bus = 6.33889476
Matching row  18
coeffs for Last measurement in raw DN for LVPS Board signal “P16V”= [0.0 0.00482711 0.0 0.0 0.0 0.0 0.0 0.0]
var_name = Last measurement in raw DN for LVPS Board signal “P16V”
var_name = voltage_pos16V_bus
Header info = 3177
Transformed value for voltage_pos16V_bus = 15.33572847
Matching row  18
coeffs for Last measurement in raw DN for LVPS Board signal “P3.3V”= [0.0 0.00161172 0.0 0.0 0.0 0.0 0.0 0.0]
var_name = Last measurement in raw DN for LVPS Board signal “P3.3V”
var_name = voltage_pos3V3_bus
Header info = 2056
Transformed value for voltage_pos3V3_bus = 3.31369632
Matching row  18
coeffs for Last measurement in raw DN for LVPS Board signal “N5V”= [-33.0 0.00886447 0.0 0.0 0.0 0.0 0.0 0.0]
var_name = Last measurement in raw DN for LVPS Board signal “N5V”
var_name = voltage_neg5V_bus
Header info = 3156
Transformed value for voltage_neg5V_bus = -5.023732680000002
Matching row  18
coeffs for Last measurement in raw DN for LVPS Board signal “P5V”= [0.0 0.00161172 0.0 0.0 0.0 0.0 0.0 0.0]
var_name = Last measurement in raw DN for LVPS Board signal “P5V”
var_name = voltage_pos5V_bus
Header info = 3140
Transformed value for voltage_pos5V_bus = 5.0608008
Matching row  18
coeffs for Last measurement in raw DN for LVPS Board signal “P3.3_IMON”= [0.0 0.00161172 0.0 0.0 0.0 0.0 0.0 0.0]
var_name = Last measurement in raw DN for LVPS Board signal “P3.3_IMON”
var_name = current_3V3_bus
Header info = 1646
Transformed value for current_3V3_bus = 2.65289112
Matching row  18
coeffs for Last measurement in raw DN for LVPS Board signal “P16V_IMON”= [0.0 0.000161172 0.0 0.0 0.0 0.0 0.0 0.0]
var_name = Last measurement in raw DN for LVPS Board signal “P16V_IMON”
var_name = current_16V_bus
Header info = 1173
Transformed value for current_16V_bus = 0.18905475600000002
Matching row  18
coeffs for Last measurement in raw DN for LVPS Board signal “P6V_IMON”= [0.0 8.05861e-05 0.0 0.0 0.0 0.0 0.0 0.0]
var_name = Last measurement in raw DN for LVPS Board signal “P6V_IMON”
var_name = current_6V_bus
Header info = 1518
Transformed value for current_6V_bus = 0.1223296998
Matching row  18
coeffs for Last measurement in raw DN for LVPS Board signal “N6V_IMON”= [0.0 -8.05861e-05 0.0 0.0 0.0 0.0 0.0 0.0]
var_name = Last measurement in raw DN for LVPS Board signal “N6V_IMON”
var_name = current_neg6V_bus
Header info = 1173
Transformed value for current_neg6V_bus = -0.0945274953
Matching row  18
coeffs for Last measurement in raw DN for LVPS Board signal “P5V_IMON”= [0.0 4.029304e-05 0.0 0.0 0.0 0.0 0.0 0.0]
var_name = Last measurement in raw DN for LVPS Board signal “P5V_IMON”
var_name = current_5V_bus
Header info = 1938
Transformed value for current_5V_bus = 0.07808791152
Matching row  18
coeffs for Last measurement in raw DN for LVPS Board signal “N5V_IMON”= [0.0 -2.01465e-05 0.0 0.0 0.0 0.0 0.0 0.0]
var_name = Last measurement in raw DN for LVPS Board signal “N5V_IMON”
var_name = current_neg5V_bus
Header info = 3446
Transformed value for current_neg5V_bus = -0.069424839
Matching row  18
coeffs for Last measurement in raw DN for LVPS Board signal “P2.5V_IMON”= [0.0 0.00161172 0.0 0.0 0.0 0.0 0.0 0.0]
var_name = Last measurement in raw DN for LVPS Board signal “P2.5V_IMON”
var_name = current_2V5_bus
Header info = 456
Transformed value for current_2V5_bus = 0.73494432
Matching row  18
coeffs for Last measurement in raw DN for LVPS Board signal “N2.5V_IMON”= [0.0 -4.0293e-05 0.0 0.0 0.0 0.0 0.0 0.0]
var_name = Last measurement in raw DN for LVPS Board signal “N2.5V_IMON”
var_name = current_neg2V5_bus
Header info = 2937
Transformed value for current_neg2V5_bus = -0.11834054100000001
Matching row  18
coeffs for Last measurement in raw DN for LVPS Board signal “THERM_DECON0”= [-110.293 0.0665351 0.000305738 -6.32048e-07 5.9934e-10 -2.98784e-13
 7.61361e-17 -7.76467e-21]
var_name = Last measurement in raw DN for LVPS Board signal “THERM_DECON0”
var_name = None
KeyError: (25, None) - Could not find entry for None, 38. Please check the Var_notes or variable mapping.
Matching row  18
coeffs for Last measurement in raw DN for LVPS Board signal “THERM_DECON1”= [-150.478 0.376986 -0.00062072 7.73853e-07 -5.81588e-10 2.56368e-13
 -6.05698e-17 5.96635e-21]
var_name = Last measurement in raw DN for LVPS Board signal “THERM_DECON1”
var_name = None
KeyError: (25, None) - Could not find entry for None, 39. Please check the Var_notes or variable mapping.
Matching row  18
coeffs for Last measurement in raw DN for LVPS Board signal “THERM_DAB”= [-443.248 1.31224 -0.00180422 1.40016e-06 -6.43766e-10 1.7448e-13
 -2.57695e-17 1.60239e-21]
var_name = Last measurement in raw DN for LVPS Board signal “THERM_DAB”
var_name = None
KeyError: (25, None) - Could not find entry for None, 40. Please check the Var_notes or variable mapping.
Matching row  18
coeffs for Last measurement in raw DN for LVPS Board signal “THERM_LVPS”= [200.4137 -0.2020699 0.000175403 -9.739547e-08 2.888932e-11 -3.545603e-15
 0.0 0.0]
var_name = Last measurement in raw DN for LVPS Board signal “THERM_LVPS”
var_name = None
KeyError: (25, None) - Could not find entry for None, 41. Please check the Var_notes or variable mapping.
Matching row  18
coeffs for Last measurement in raw DN for LVPS Board signal “THERM_HVPS”= [200.4137 -0.2020699 0.000175403 -9.739547e-08 2.888932e-11 -3.545603e-15
 0.0 0.0]
var_name = Last measurement in raw DN for LVPS Board signal “THERM_HVPS”
var_name = None
KeyError: (25, None) - Could not find entry for None, 45. Please check the Var_notes or variable mapping.
Matching row  18
coeffs for Last measurement in raw DN for LVPS Board signal “P2.5V”= [0.0 0.00161172 0.0 0.0 0.0 0.0 0.0 0.0]
var_name = Last measurement in raw DN for LVPS Board signal “P2.5V”
var_name = None
KeyError: (25, None) - Could not find entry for None, 49. Please check the Var_notes or variable mapping.
Matching row  18
coeffs for Last measurement in raw DN for LVPS Board signal “N2.5V”= [-33.0 0.00886447 0.0 0.0 0.0 0.0 0.0 0.0]
var_name = Last measurement in raw DN for LVPS Board signal “N2.5V”
var_name = None
KeyError: (25, None) - Could not find entry for None, 50. Please check the Var_notes or variable mapping.
Matching row  18
coeffs for Last measurement in raw DN for LVPS Board signal “Spare”= [0.0 0.00161172 0.0 0.0 0.0 0.0 0.0 0.0]
var_name = Last measurement in raw DN for LVPS Board signal “Spare”
var_name = spare_signal
KeyError: (25, 'spare_signal') - Could not find entry for spare_signal, 51. Please check the Var_notes or variable mapping.
High gain delay = 37 samples.
Mid gain delay = 7 samples.
Low gain delay = 7 samples.
High sampling trigger mode =  0 0 1
High gain trigger mode enabled.
For 2222981120, HG Trigger level = 0.15317, sample settings = 0, 0
Threshold trigger mode enabled for high gain channel.
AID = 2415008032
Event number = 24
Rice compression enabled = False
Timestamp = 429138740.16464 seconds since epoch (Midnight January 1st, 2010)
Trigger time = 2023-08-07T21:12:20.164640Z
25
25
25
25
25
25
25
25
25
25
25
25
25
{'SHCOARSE': ParsedDataItem(SHCOARSE, raw=429139503, derived=429139503, unit=dn), 'SHFINE': ParsedDataItem(SHFINE, raw=7146, derived=7146, unit=dn), 'IDX__SCI0AID': ParsedDataItem(IDX__SCI0AID, raw=2415008032, derived=2415008032, unit=None), 'IDX__SCI0TYPE': ParsedDataItem(IDX__SCI0TYPE, raw=1, derived=1, unit=None), 'IDX__SCI0CONT': ParsedDataItem(IDX__SCI0CONT, raw=127, derived=127, unit=None), 'IDX__SCI0SPARE1': ParsedDataItem(IDX__SCI0SPARE1, raw=0, derived=0, unit=None), 'IDX__SCI0PACK': ParsedDataItem(IDX__SCI0PACK, raw=1, derived=EN, unit=None), 'IDX__SCI0FRAG': ParsedDataItem(IDX__SCI0FRAG, raw=0, derived=DS, unit=None), 'IDX__SCI0COMP': ParsedDataItem(IDX__SCI0COMP, raw=0, derived=DS, unit=None), 'IDX__SCI0EVTNUM': ParsedDataItem(IDX__SCI0EVTNUM, raw=25, derived=25, unit=None), 'IDX__SCI0CAT': ParsedDataItem(IDX__SCI0CAT, raw=32, derived=32, unit=None), 'IDX__SCI0QUAL': ParsedDataItem(IDX__SCI0QUAL, raw=5, derived=5, unit=None), 'IDX__SCI0FRAGOFF': ParsedDataItem(IDX__SCI0FRAGOFF, raw=0, derived=0, unit=None), 'IDX__SCI0VER': ParsedDataItem(IDX__SCI0VER, raw=9, derived=9, unit=None), 'IDX__SCI0TIME32': ParsedDataItem(IDX__SCI0TIME32, raw=429138780, derived=429138780, unit=None), 'IDX__SCI0SPARE2': ParsedDataItem(IDX__SCI0SPARE2, raw=0, derived=0, unit=None), 'IDX__SCI0SPARE3': ParsedDataItem(IDX__SCI0SPARE3, raw=0, derived=0, unit=None), 'IDX__SCI0SPARE4': ParsedDataItem(IDX__SCI0SPARE4, raw=0, derived=0, unit=None), 'IDX__TXHDRSCIEVTLEN': ParsedDataItem(IDX__TXHDRSCIEVTLEN, raw=8320, derived=8320, unit=None), 'IDX__TXHDRSP00': ParsedDataItem(IDX__TXHDRSP00, raw=0, derived=0, unit=None), 'IDX__TXHDRTIMESEC1': ParsedDataItem(IDX__TXHDRTIMESEC1, raw=6548, derived=6548, unit=None), 'IDX__TXHDRTIMESEC2': ParsedDataItem(IDX__TXHDRTIMESEC2, raw=9052, derived=9052, unit=None), 'IDX__TXHDRTIMESUBS': ParsedDataItem(IDX__TXHDRTIMESUBS, raw=2049, derived=2049, unit=None), 'IDX__TXHDRSP01': ParsedDataItem(IDX__TXHDRSP01, raw=0, derived=0, unit=None), 'IDX__TXHDRTRIGOFFSET': ParsedDataItem(IDX__TXHDRTRIGOFFSET, raw=0, derived=0, unit=None), 'IDX__TXHDRSP02': ParsedDataItem(IDX__TXHDRSP02, raw=0, derived=0, unit=None), 'IDX__TXHDRTRIGID': ParsedDataItem(IDX__TXHDRTRIGID, raw=1, derived=1, unit=None), 'IDX__TXHDREVTNUM': ParsedDataItem(IDX__TXHDREVTNUM, raw=25, derived=25, unit=None), 'IDX__TXHDRBLOCKS': ParsedDataItem(IDX__TXHDRBLOCKS, raw=243679, derived=243679, unit=None), 'IDX__TXHDRHGTRIGCTRL1': ParsedDataItem(IDX__TXHDRHGTRIGCTRL1, raw=2222981120, derived=2222981120, unit=None), 'IDX__TXHDRHGTRIGCTRL2': ParsedDataItem(IDX__TXHDRHGTRIGCTRL2, raw=0, derived=0, unit=None), 'IDX__TXHDRLGTRIGCTRL1': ParsedDataItem(IDX__TXHDRLGTRIGCTRL1, raw=4294965248, derived=4294965248, unit=None), 'IDX__TXHDRLGTRIGCTRL2': ParsedDataItem(IDX__TXHDRLGTRIGCTRL2, raw=4278255360, derived=4278255360, unit=None), 'IDX__TXHDRMGTRIGCTRL1': ParsedDataItem(IDX__TXHDRMGTRIGCTRL1, raw=4294965248, derived=4294965248, unit=None), 'IDX__TXHDRMGTRIGCTRL2': ParsedDataItem(IDX__TXHDRMGTRIGCTRL2, raw=4278255360, derived=4278255360, unit=None), 'IDX__TXHDRSP03': ParsedDataItem(IDX__TXHDRSP03, raw=0, derived=0, unit=None), 'IDX__TXHDRLSADC': ParsedDataItem(IDX__TXHDRLSADC, raw=1048320, derived=1048320, unit=None), 'IDX__TXHDRPOLSTAT': ParsedDataItem(IDX__TXHDRPOLSTAT, raw=1, derived=NEG, unit=None), 'IDX__TXHDRSP04': ParsedDataItem(IDX__TXHDRSP04, raw=0, derived=0, unit=None), 'IDX__TXHDRPOLCTRL': ParsedDataItem(IDX__TXHDRPOLCTRL, raw=0, derived=POS, unit=None), 'IDX__TXHDRCOINENA': ParsedDataItem(IDX__TXHDRCOINENA, raw=0, derived=DIS, unit=None), 'IDX__TXHDRLSTRIGMODE': ParsedDataItem(IDX__TXHDRLSTRIGMODE, raw=0, derived=DIS, unit=None), 'IDX__TXHDRMGTRIGMODE': ParsedDataItem(IDX__TXHDRMGTRIGMODE, raw=0, derived=0, unit=None), 'IDX__TXHDRLGTRIGMODE': ParsedDataItem(IDX__TXHDRLGTRIGMODE, raw=0, derived=0, unit=None), 'IDX__TXHDRHGTRIGMODE': ParsedDataItem(IDX__TXHDRHGTRIGMODE, raw=1, derived=1, unit=None), 'IDX__TXHDRSP05': ParsedDataItem(IDX__TXHDRSP05, raw=0, derived=0, unit=None), 'IDX__TXHDRSP06': ParsedDataItem(IDX__TXHDRSP06, raw=0, derived=0, unit=None), 'IDX__TXHDRSP07': ParsedDataItem(IDX__TXHDRSP07, raw=2018, derived=2018, unit=None), 'IDX__TXHDRSP08': ParsedDataItem(IDX__TXHDRSP08, raw=0, derived=0, unit=None), 'IDX__TXHDRTOFMAX': ParsedDataItem(IDX__TXHDRTOFMAX, raw=541596180, derived=541596180, unit=None), 'IDX__TXHDRTOFMIN': ParsedDataItem(IDX__TXHDRTOFMIN, raw=535295475, derived=535295475, unit=None), 'IDX__TXHDRLS0MAXMIN': ParsedDataItem(IDX__TXHDRLS0MAXMIN, raw=8529918, derived=8529918, unit=None), 'IDX__TXHDRLS1MAXMIN': ParsedDataItem(IDX__TXHDRLS1MAXMIN, raw=11220300, derived=11220300, unit=None), 'IDX__TXHDRLS2MAXMIN': ParsedDataItem(IDX__TXHDRLS2MAXMIN, raw=8517601, derived=8517601, unit=None), 'IDX__TXHDRFIFODELAY': ParsedDataItem(IDX__TXHDRFIFODELAY, raw=16, derived=16, unit=None), 'IDX__TXHDRSAMPDELAY': ParsedDataItem(IDX__TXHDRSAMPDELAY, raw=1073740830, derived=1073740830, unit=None), 'IDX__TXHDRTRANSCNT': ParsedDataItem(IDX__TXHDRTRANSCNT, raw=2, derived=2, unit=None), 'IDX__TXHDRPROCHKCH01': ParsedDataItem(IDX__TXHDRPROCHKCH01, raw=83362559, derived=83362559, unit=None), 'IDX__TXHDRPROCHKCH23': ParsedDataItem(IDX__TXHDRPROCHKCH23, raw=129304072, derived=129304072, unit=None), 'IDX__TXHDRPROCHKCH45': ParsedDataItem(IDX__TXHDRPROCHKCH45, raw=173606107, derived=173606107, unit=None), 'IDX__TXHDRPROCHKCH67': ParsedDataItem(IDX__TXHDRPROCHKCH67, raw=133761306, derived=133761306, unit=None), 'IDX__TXHDRHVPSHKCH01': ParsedDataItem(IDX__TXHDRHVPSHKCH01, raw=131794262, derived=131794262, unit=None), 'IDX__TXHDRHVPSHKCH23': ParsedDataItem(IDX__TXHDRHVPSHKCH23, raw=8849069, derived=8849069, unit=None), 'IDX__TXHDRHVPSHKCH45': ParsedDataItem(IDX__TXHDRHVPSHKCH45, raw=127731675, derived=127731675, unit=None), 'IDX__TXHDRHVPSHKCH67': ParsedDataItem(IDX__TXHDRHVPSHKCH67, raw=19925645, derived=19925645, unit=None), 'IDX__TXHDRLVHK0CH01': ParsedDataItem(IDX__TXHDRLVHK0CH01, raw=134219776, derived=134219776, unit=None), 'IDX__TXHDRLVHK0CH23': ParsedDataItem(IDX__TXHDRLVHK0CH23, raw=171772858, derived=171772858, unit=None), 'IDX__TXHDRLVHK0CH45': ParsedDataItem(IDX__TXHDRLVHK0CH45, raw=134745192, derived=134745192, unit=None), 'IDX__TXHDRLVHK0CH67': ParsedDataItem(IDX__TXHDRLVHK0CH67, raw=205786196, derived=205786196, unit=None), 'IDX__TXHDRLVHK1CH01': ParsedDataItem(IDX__TXHDRLVHK1CH01, raw=33359469, derived=33359469, unit=None), 'IDX__TXHDRLVHK1CH23': ParsedDataItem(IDX__TXHDRLVHK1CH23, raw=76875246, derived=76875246, unit=None), 'IDX__TXHDRLVHK1CH45': ParsedDataItem(IDX__TXHDRLVHK1CH45, raw=225838994, derived=225838994, unit=None), 'IDX__TXHDRLVHK1CH67': ParsedDataItem(IDX__TXHDRLVHK1CH67, raw=192479688, derived=192479688, unit=None), 'IDX__TXHDRLVHK2CH01': ParsedDataItem(IDX__TXHDRLVHK2CH01, raw=80807126, derived=80807126, unit=None), 'IDX__TXHDRLVHK2CH23': ParsedDataItem(IDX__TXHDRLVHK2CH23, raw=207096389, derived=207096389, unit=None), 'IDX__TXHDRLVHK2CH45': ParsedDataItem(IDX__TXHDRLVHK2CH45, raw=101059867, derived=101059867, unit=None), 'IDX__TXHDRLVHK2CH67': ParsedDataItem(IDX__TXHDRLVHK2CH67, raw=69017, derived=69017, unit=None), 'IDX__TXHDRSP09': ParsedDataItem(IDX__TXHDRSP09, raw=0, derived=0, unit=None), 'IDX__TXHDRSP10': ParsedDataItem(IDX__TXHDRSP10, raw=0, derived=0, unit=None), 'IDX__TXHDRFSWAIDCOPY': ParsedDataItem(IDX__TXHDRFSWAIDCOPY, raw=2415008032, derived=2415008032, unit=None), 'IDX__TXHDRFSWBINCOPY': ParsedDataItem(IDX__TXHDRFSWBINCOPY, raw=0, derived=0, unit=None), 'IDX__TXHDRFSWMAJOR': ParsedDataItem(IDX__TXHDRFSWMAJOR, raw=2, derived=2, unit=None), 'IDX__TXHDRFSWMINOR': ParsedDataItem(IDX__TXHDRFSWMINOR, raw=0, derived=0, unit=None), 'IDX__TXHDRFSWPATCH': ParsedDataItem(IDX__TXHDRFSWPATCH, raw=0, derived=0, unit=None), 'IDX__TXHDRFSWHVSTAT': ParsedDataItem(IDX__TXHDRFSWHVSTAT, raw=3, derived=3, unit=None), 'IDX__TXHDRFSWMEM0': ParsedDataItem(IDX__TXHDRFSWMEM0, raw=0, derived=0, unit=None), 'IDX__TXHDRFSWMEM1': ParsedDataItem(IDX__TXHDRFSWMEM1, raw=0, derived=0, unit=None), 'IDX__TXHDRFSWPT0': ParsedDataItem(IDX__TXHDRFSWPT0, raw=0, derived=0, unit=None), 'IDX__TXHDRFSWPT1': ParsedDataItem(IDX__TXHDRFSWPT1, raw=0, derived=0, unit=None), 'IDX__TXHDRFSWPT2': ParsedDataItem(IDX__TXHDRFSWPT2, raw=0, derived=0, unit=None), 'IDX__TXHDRFSWPT3': ParsedDataItem(IDX__TXHDRFSWPT3, raw=0, derived=0, unit=None), 'IDX__TXHDRFSWPT4': ParsedDataItem(IDX__TXHDRFSWPT4, raw=0, derived=0, unit=None), 'IDX__TXHDRFSWPT5': ParsedDataItem(IDX__TXHDRFSWPT5, raw=0, derived=0, unit=None), 'IDX__TXHDRFSWPT6': ParsedDataItem(IDX__TXHDRFSWPT6, raw=0, derived=0, unit=None), 'IDX__TXHDRFSWPT7': ParsedDataItem(IDX__TXHDRFSWPT7, raw=0, derived=0, unit=None), 'IDX__TXHDRFSWPT8': ParsedDataItem(IDX__TXHDRFSWPT8, raw=0, derived=0, unit=None), 'IDX__TXHDRFSWPT9': ParsedDataItem(IDX__TXHDRFSWPT9, raw=0, derived=0, unit=None), 'IDX__TXHDRFPGAVER': ParsedDataItem(IDX__TXHDRFPGAVER, raw=539165480, derived=539165480, unit=None), 'IDX__SYNCSCI0PKT': ParsedDataItem(IDX__SYNCSCI0PKT, raw=13107, derived=13107, unit=None), 'IDX__CRCSCI0PKT': ParsedDataItem(IDX__CRCSCI0PKT, raw=29973, derived=29973, unit=None)}
SHCOARSE = 429139503
SHFINE = 7146
IDX__SCI0AID = 2415008032
IDX__SCI0TYPE = 1
IDX__SCI0CONT = 127
IDX__SCI0SPARE1 = 0
IDX__SCI0PACK = EN
IDX__SCI0FRAG = DS
IDX__SCI0COMP = DS
IDX__SCI0EVTNUM = 25
IDX__SCI0CAT = 32
IDX__SCI0QUAL = 5
IDX__SCI0FRAGOFF = 0
IDX__SCI0VER = 9
IDX__SCI0TIME32 = 429138780
IDX__SCI0SPARE2 = 0
IDX__SCI0SPARE3 = 0
IDX__SCI0SPARE4 = 0
IDX__TXHDRSCIEVTLEN = 8320
IDX__TXHDRSP00 = 0
IDX__TXHDRTIMESEC1 = 6548
IDX__TXHDRTIMESEC2 = 9052
IDX__TXHDRTIMESUBS = 2049
IDX__TXHDRSP01 = 0
IDX__TXHDRTRIGOFFSET = 0
IDX__TXHDRSP02 = 0
IDX__TXHDRTRIGID = 1
IDX__TXHDREVTNUM = 25
IDX__TXHDRBLOCKS = 243679
IDX__TXHDRHGTRIGCTRL1 = 2222981120
IDX__TXHDRHGTRIGCTRL2 = 0
IDX__TXHDRLGTRIGCTRL1 = 4294965248
IDX__TXHDRLGTRIGCTRL2 = 4278255360
IDX__TXHDRMGTRIGCTRL1 = 4294965248
IDX__TXHDRMGTRIGCTRL2 = 4278255360
IDX__TXHDRSP03 = 0
IDX__TXHDRLSADC = 1048320
IDX__TXHDRPOLSTAT = NEG
IDX__TXHDRSP04 = 0
IDX__TXHDRPOLCTRL = POS
IDX__TXHDRCOINENA = DIS
IDX__TXHDRLSTRIGMODE = DIS
IDX__TXHDRMGTRIGMODE = 0
IDX__TXHDRLGTRIGMODE = 0
IDX__TXHDRHGTRIGMODE = 1
IDX__TXHDRSP05 = 0
IDX__TXHDRSP06 = 0
IDX__TXHDRSP07 = 2018
IDX__TXHDRSP08 = 0
IDX__TXHDRTOFMAX = 541596180
IDX__TXHDRTOFMIN = 535295475
IDX__TXHDRLS0MAXMIN = 8529918
IDX__TXHDRLS1MAXMIN = 11220300
IDX__TXHDRLS2MAXMIN = 8517601
IDX__TXHDRFIFODELAY = 16
IDX__TXHDRSAMPDELAY = 1073740830
IDX__TXHDRTRANSCNT = 2
IDX__TXHDRPROCHKCH01 = 83362559
IDX__TXHDRPROCHKCH23 = 129304072
IDX__TXHDRPROCHKCH45 = 173606107
IDX__TXHDRPROCHKCH67 = 133761306
IDX__TXHDRHVPSHKCH01 = 131794262
IDX__TXHDRHVPSHKCH23 = 8849069
IDX__TXHDRHVPSHKCH45 = 127731675
IDX__TXHDRHVPSHKCH67 = 19925645
IDX__TXHDRLVHK0CH01 = 134219776
IDX__TXHDRLVHK0CH23 = 171772858
IDX__TXHDRLVHK0CH45 = 134745192
IDX__TXHDRLVHK0CH67 = 205786196
IDX__TXHDRLVHK1CH01 = 33359469
IDX__TXHDRLVHK1CH23 = 76875246
IDX__TXHDRLVHK1CH45 = 225838994
IDX__TXHDRLVHK1CH67 = 192479688
IDX__TXHDRLVHK2CH01 = 80807126
IDX__TXHDRLVHK2CH23 = 207096389
IDX__TXHDRLVHK2CH45 = 101059867
IDX__TXHDRLVHK2CH67 = 69017
IDX__TXHDRSP09 = 0
IDX__TXHDRSP10 = 0
IDX__TXHDRFSWAIDCOPY = 2415008032
IDX__TXHDRFSWBINCOPY = 0
IDX__TXHDRFSWMAJOR = 2
IDX__TXHDRFSWMINOR = 0
IDX__TXHDRFSWPATCH = 0
IDX__TXHDRFSWHVSTAT = 3
IDX__TXHDRFSWMEM0 = 0
IDX__TXHDRFSWMEM1 = 0
IDX__TXHDRFSWPT0 = 0
IDX__TXHDRFSWPT1 = 0
IDX__TXHDRFSWPT2 = 0
IDX__TXHDRFSWPT3 = 0
IDX__TXHDRFSWPT4 = 0
IDX__TXHDRFSWPT5 = 0
IDX__TXHDRFSWPT6 = 0
IDX__TXHDRFSWPT7 = 0
IDX__TXHDRFSWPT8 = 0
IDX__TXHDRFSWPT9 = 0
IDX__TXHDRFPGAVER = 539165480
IDX__SYNCSCI0PKT = 13107
IDX__CRCSCI0PKT = 29973
^*****Event header 26******^
EVTNUM: 26
SCI0TYPE: 1
TXHDRBLOCKS RAW: 243679
TXHDRBLOCKS DERIVED: 243679
-----
HS pre trig sampling blocks:  31
LS pre trig sampling blocks:  3
HS post trig sampling blocks:  31
LS post trig sampling blocks:  11
IDX__TXHDRHVPSHKCH01 = 131794262
Detector voltage =  1366
Sensor voltage =  2011
Target voltage =  1709
Reflectron voltage =  135
Rejection voltage =  2011
Current for HVPS sensor =  1949
Positive current for HVPS sensor =  2701
Negative current for HVPS sensor =  304
Voltage +3.3V reference =  2048
Voltage +3.3V operational reference =  2048
Voltage -6V bus =  3002
Voltage +6V bus =  2621
Voltage +16V bus =  3176
Voltage +3.3V bus =  2056
Voltage -5V bus =  3156
Voltage +5V bus =  3140
Current +3.3V bus =  1645
Current +16V bus =  1173
Current +6V bus =  1518
Current -6V bus =  1173
Current +5V bus =  1938
Current -5V bus =  3446
Current +2.5V bus =  456
Current -2.5V bus =  2937
Current on the 1V POL =  767
Current on the 1.9V POL =  1272
ProcBd Temperature 1 =  1544
ProcBd Temperature 2 =  1973
Voltage on 1V bus =  1243
FPGA Temperature =  2649
Voltage on 1.9V bus =  2330
Voltage on 3.3V bus =  2041
var_to_row = {'Last measurement in raw DN for Processor Board signal “1V POL Current”': 0, 'Last measurement in raw DN for Processor Board signal “1.9V POL Current”': 1, 'Last measurement in raw DN for Processor Board signal “ProcBd Temp1”': 2, nan: 48, 'Last measurement in raw DN for Processor Board signal “ProcBd Temp2”': 6, 'Last measurement in raw DN for Processor Board signal “1V Voltage”': 10, 'Last measurement in raw DN for Processor Board signal “FPGA Temp”': 11, 'Last measurement in raw DN for Processor Board signal “1.9V Voltage”': 12, 'Last measurement in raw DN for Processor Board signal “3.3V Voltage”': 13, 'Last measurement in raw DN for HVPS Board signal “Detector Voltage”': 14, 'Last measurement in raw DN for HVPS Board signal “Sensor Voltage"': 15, 'Last measurement in raw DN for HVPS Board signal “Target Voltage”': 16, 'Last measurement in raw DN for HVPS Board signal “Reflectron Voltage”': 17, 'Last measurement in raw DN for HVPS Board signal “Rejection Voltage”': 18, 'Last measurement in raw DN for HVPS Board signal “Detector Current”': 19, 'Last measurement in raw DN for HVPS Board signal “Sensor IP”': 20, 'Last measurement in raw DN for HVPS Board signal “Sensor IN”': 21, 'Last measurement in raw DN for LVPS Board signal “P3.3VREF_HK”': 22, 'Last measurement in raw DN for LVPS Board signal “P3.3VREF_OP”': 23, 'Last measurement in raw DN for LVPS Board signal “N6V”': 24, 'Last measurement in raw DN for LVPS Board signal “P6V”': 25, 'Last measurement in raw DN for LVPS Board signal “P16V”': 26, 'Last measurement in raw DN for LVPS Board signal “P3.3V”': 27, 'Last measurement in raw DN for LVPS Board signal “N5V”': 28, 'Last measurement in raw DN for LVPS Board signal “P5V”': 29, 'Last measurement in raw DN for LVPS Board signal “P3.3_IMON”': 30, 'Last measurement in raw DN for LVPS Board signal “P16V_IMON”': 31, 'Last measurement in raw DN for LVPS Board signal “P6V_IMON”': 32, 'Last measurement in raw DN for LVPS Board signal “N6V_IMON”': 33, 'Last measurement in raw DN for LVPS Board signal “P5V_IMON”': 34, 'Last measurement in raw DN for LVPS Board signal “N5V_IMON”': 35, 'Last measurement in raw DN for LVPS Board signal “P2.5V_IMON”': 36, 'Last measurement in raw DN for LVPS Board signal “N2.5V_IMON”': 37, 'Last measurement in raw DN for LVPS Board signal “THERM_DECON0”': 38, 'Last measurement in raw DN for LVPS Board signal “THERM_DECON1”': 39, 'Last measurement in raw DN for LVPS Board signal “THERM_DAB”': 40, 'Last measurement in raw DN for LVPS Board signal “THERM_LVPS”': 41, 'Last measurement in raw DN for LVPS Board signal “THERM_HVPS”': 45, 'Last measurement in raw DN for LVPS Board signal “P2.5V”': 49, 'Last measurement in raw DN for LVPS Board signal “N2.5V”': 50, 'Last measurement in raw DN for LVPS Board signal “Spare”': 51}

 
 ***** var_name being converted for each instrument setting ***** 
 

Matching row  18
coeffs for Last measurement in raw DN for Processor Board signal “1V POL Current”= [0.0 0.9029253 0.0 0.0 0.0 0.0 0.0 0.0]
var_name = Last measurement in raw DN for Processor Board signal “1V POL Current”
var_name = current_1V_pol
Header info = 767
Transformed value for current_1V_pol = 692.5437051
Matching row  18
coeffs for Last measurement in raw DN for Processor Board signal “1.9V POL Current”= [0.0 0.9029253 0.0 0.0 0.0 0.0 0.0 0.0]
var_name = Last measurement in raw DN for Processor Board signal “1.9V POL Current”
var_name = current_1.9V_pol
Header info = 1272
Transformed value for current_1.9V_pol = 1148.5209816000001
Matching row  18
coeffs for Last measurement in raw DN for Processor Board signal “ProcBd Temp1”= [162.8276 -0.2668687 0.0003323794 -2.43153e-07 9.034532e-11 -1.327735e-14
 0.0 0.0]
var_name = Last measurement in raw DN for Processor Board signal “ProcBd Temp1”
var_name = temperature_1
Header info = 1544
Transformed value for temperature_1 = 45.09685867851137
Matching row  18
coeffs for nan= [-104713.9 52.02446 -0.006463374 0.0 0.0 0.0 0.0 0.0]
var_name = nan
var_name = None
KeyError: (26, None) - Could not find entry for None, 48. Please check the Var_notes or variable mapping.
Matching row  18
coeffs for Last measurement in raw DN for Processor Board signal “ProcBd Temp2”= [162.8276 -0.2668687 0.0003323794 -2.43153e-07 9.034532e-11 -1.327735e-14
 0.0 0.0]
var_name = Last measurement in raw DN for Processor Board signal “ProcBd Temp2”
var_name = temperature_2
Header info = 1973
Transformed value for temperature_2 = 34.7305822579936
Matching row  18
coeffs for Last measurement in raw DN for Processor Board signal “1V Voltage”= [0.0 0.000805861 0.0 0.0 0.0 0.0 0.0 0.0]
var_name = Last measurement in raw DN for Processor Board signal “1V Voltage”
var_name = voltage_1V_bus
Header info = 1243
Transformed value for voltage_1V_bus = 1.001685223
Matching row  18
coeffs for Last measurement in raw DN for Processor Board signal “FPGA Temp”= [358.31 -0.1187104 0.0 0.0 0.0 0.0 0.0 0.0]
var_name = Last measurement in raw DN for Processor Board signal “FPGA Temp”
var_name = fpga_temperature
Header info = 2649
Transformed value for fpga_temperature = 43.8461504
Matching row  18
coeffs for Last measurement in raw DN for Processor Board signal “1.9V Voltage”= [0.0 0.000805861 0.0 0.0 0.0 0.0 0.0 0.0]
var_name = Last measurement in raw DN for Processor Board signal “1.9V Voltage”
var_name = voltage_1.9V_bus
Header info = 2330
Transformed value for voltage_1.9V_bus = 1.8776561299999999
Matching row  18
coeffs for Last measurement in raw DN for Processor Board signal “3.3V Voltage”= [0.0 0.001611722 0.0 0.0 0.0 0.0 0.0 0.0]
var_name = Last measurement in raw DN for Processor Board signal “3.3V Voltage”
var_name = voltage_3.3V_bus
Header info = 2041
Transformed value for voltage_3.3V_bus = 3.2895246019999997
Matching row  18
coeffs for Last measurement in raw DN for HVPS Board signal “Detector Voltage”= [0.0 1.4652 0.0 0.0 0.0 0.0 0.0 0.0]
var_name = Last measurement in raw DN for HVPS Board signal “Detector Voltage”
var_name = detector_voltage
Header info = 1366
Transformed value for detector_voltage = 2001.4632000000001
Matching row  18
coeffs for Last measurement in raw DN for HVPS Board signal “Sensor Voltage"= [0.0 1.4652 0.0 0.0 0.0 0.0 0.0 0.0]
var_name = Last measurement in raw DN for HVPS Board signal “Sensor Voltage"
var_name = sensor_voltage
Header info = 2011
Transformed value for sensor_voltage = 2946.5172000000002
Matching row  18
coeffs for Last measurement in raw DN for HVPS Board signal “Target Voltage”= [0.0 1.4652 0.0 0.0 0.0 0.0 0.0 0.0]
var_name = Last measurement in raw DN for HVPS Board signal “Target Voltage”
var_name = target_voltage
Header info = 1709
Transformed value for target_voltage = 2504.0268
Matching row  18
coeffs for Last measurement in raw DN for HVPS Board signal “Reflectron Voltage”= [0.0 1.4652 0.0 0.0 0.0 0.0 0.0 0.0]
var_name = Last measurement in raw DN for HVPS Board signal “Reflectron Voltage”
var_name = reflectron_voltage
Header info = 135
Transformed value for reflectron_voltage = 197.80200000000002
Matching row  18
coeffs for Last measurement in raw DN for HVPS Board signal “Rejection Voltage”= [0.0 1.4652 0.0 0.0 0.0 0.0 0.0 0.0]
var_name = Last measurement in raw DN for HVPS Board signal “Rejection Voltage”
var_name = rejection_voltage
Header info = 2011
Transformed value for rejection_voltage = 2946.5172000000002
Matching row  18
coeffs for Last measurement in raw DN for HVPS Board signal “Detector Current”= [0.0 7.326e-06 0.0 0.0 0.0 0.0 0.0 0.0]
var_name = Last measurement in raw DN for HVPS Board signal “Detector Current”
var_name = current_hvps_sensor
Header info = 1949
Transformed value for current_hvps_sensor = 0.014278374
Matching row  18
coeffs for Last measurement in raw DN for HVPS Board signal “Sensor IP”= [0.0 2.4339e-05 0.0 0.0 0.0 0.0 0.0 0.0]
var_name = Last measurement in raw DN for HVPS Board signal “Sensor IP”
var_name = positive_current_hvps
Header info = 2701
Transformed value for positive_current_hvps = 0.065739639
Matching row  18
coeffs for Last measurement in raw DN for HVPS Board signal “Sensor IN”= [0.0 2.4339e-05 0.0 0.0 0.0 0.0 0.0 0.0]
var_name = Last measurement in raw DN for HVPS Board signal “Sensor IN”
var_name = negative_current_hvps
Header info = 304
Transformed value for negative_current_hvps = 0.007399055999999999
Matching row  18
coeffs for Last measurement in raw DN for LVPS Board signal “P3.3VREF_HK”= [0.0 0.00161172 0.0 0.0 0.0 0.0 0.0 0.0]
var_name = Last measurement in raw DN for LVPS Board signal “P3.3VREF_HK”
var_name = voltage_3V3_ref
Header info = 2048
Transformed value for voltage_3V3_ref = 3.30080256
Matching row  18
coeffs for Last measurement in raw DN for LVPS Board signal “P3.3VREF_OP”= [0.0 0.00161172 0.0 0.0 0.0 0.0 0.0 0.0]
var_name = Last measurement in raw DN for LVPS Board signal “P3.3VREF_OP”
var_name = voltage_3V3_op_ref
Header info = 2048
Transformed value for voltage_3V3_op_ref = 3.30080256
Matching row  18
coeffs for Last measurement in raw DN for LVPS Board signal “N6V”= [-33.0 0.00886447 0.0 0.0 0.0 0.0 0.0 0.0]
var_name = Last measurement in raw DN for LVPS Board signal “N6V”
var_name = voltage_neg6V_bus
Header info = 3002
Transformed value for voltage_neg6V_bus = -6.3888610600000035
Matching row  18
coeffs for Last measurement in raw DN for LVPS Board signal “P6V”= [0.0 0.00241758 0.0 0.0 0.0 0.0 0.0 0.0]
var_name = Last measurement in raw DN for LVPS Board signal “P6V”
var_name = voltage_pos6V_bus
Header info = 2621
Transformed value for voltage_pos6V_bus = 6.33647718
Matching row  18
coeffs for Last measurement in raw DN for LVPS Board signal “P16V”= [0.0 0.00482711 0.0 0.0 0.0 0.0 0.0 0.0]
var_name = Last measurement in raw DN for LVPS Board signal “P16V”
var_name = voltage_pos16V_bus
Header info = 3176
Transformed value for voltage_pos16V_bus = 15.33090136
Matching row  18
coeffs for Last measurement in raw DN for LVPS Board signal “P3.3V”= [0.0 0.00161172 0.0 0.0 0.0 0.0 0.0 0.0]
var_name = Last measurement in raw DN for LVPS Board signal “P3.3V”
var_name = voltage_pos3V3_bus
Header info = 2056
Transformed value for voltage_pos3V3_bus = 3.31369632
Matching row  18
coeffs for Last measurement in raw DN for LVPS Board signal “N5V”= [-33.0 0.00886447 0.0 0.0 0.0 0.0 0.0 0.0]
var_name = Last measurement in raw DN for LVPS Board signal “N5V”
var_name = voltage_neg5V_bus
Header info = 3156
Transformed value for voltage_neg5V_bus = -5.023732680000002
Matching row  18
coeffs for Last measurement in raw DN for LVPS Board signal “P5V”= [0.0 0.00161172 0.0 0.0 0.0 0.0 0.0 0.0]
var_name = Last measurement in raw DN for LVPS Board signal “P5V”
var_name = voltage_pos5V_bus
Header info = 3140
Transformed value for voltage_pos5V_bus = 5.0608008
Matching row  18
coeffs for Last measurement in raw DN for LVPS Board signal “P3.3_IMON”= [0.0 0.00161172 0.0 0.0 0.0 0.0 0.0 0.0]
var_name = Last measurement in raw DN for LVPS Board signal “P3.3_IMON”
var_name = current_3V3_bus
Header info = 1645
Transformed value for current_3V3_bus = 2.6512794
Matching row  18
coeffs for Last measurement in raw DN for LVPS Board signal “P16V_IMON”= [0.0 0.000161172 0.0 0.0 0.0 0.0 0.0 0.0]
var_name = Last measurement in raw DN for LVPS Board signal “P16V_IMON”
var_name = current_16V_bus
Header info = 1173
Transformed value for current_16V_bus = 0.18905475600000002
Matching row  18
coeffs for Last measurement in raw DN for LVPS Board signal “P6V_IMON”= [0.0 8.05861e-05 0.0 0.0 0.0 0.0 0.0 0.0]
var_name = Last measurement in raw DN for LVPS Board signal “P6V_IMON”
var_name = current_6V_bus
Header info = 1518
Transformed value for current_6V_bus = 0.1223296998
Matching row  18
coeffs for Last measurement in raw DN for LVPS Board signal “N6V_IMON”= [0.0 -8.05861e-05 0.0 0.0 0.0 0.0 0.0 0.0]
var_name = Last measurement in raw DN for LVPS Board signal “N6V_IMON”
var_name = current_neg6V_bus
Header info = 1173
Transformed value for current_neg6V_bus = -0.0945274953
Matching row  18
coeffs for Last measurement in raw DN for LVPS Board signal “P5V_IMON”= [0.0 4.029304e-05 0.0 0.0 0.0 0.0 0.0 0.0]
var_name = Last measurement in raw DN for LVPS Board signal “P5V_IMON”
var_name = current_5V_bus
Header info = 1938
Transformed value for current_5V_bus = 0.07808791152
Matching row  18
coeffs for Last measurement in raw DN for LVPS Board signal “N5V_IMON”= [0.0 -2.01465e-05 0.0 0.0 0.0 0.0 0.0 0.0]
var_name = Last measurement in raw DN for LVPS Board signal “N5V_IMON”
var_name = current_neg5V_bus
Header info = 3446
Transformed value for current_neg5V_bus = -0.069424839
Matching row  18
coeffs for Last measurement in raw DN for LVPS Board signal “P2.5V_IMON”= [0.0 0.00161172 0.0 0.0 0.0 0.0 0.0 0.0]
var_name = Last measurement in raw DN for LVPS Board signal “P2.5V_IMON”
var_name = current_2V5_bus
Header info = 456
Transformed value for current_2V5_bus = 0.73494432
Matching row  18
coeffs for Last measurement in raw DN for LVPS Board signal “N2.5V_IMON”= [0.0 -4.0293e-05 0.0 0.0 0.0 0.0 0.0 0.0]
var_name = Last measurement in raw DN for LVPS Board signal “N2.5V_IMON”
var_name = current_neg2V5_bus
Header info = 2937
Transformed value for current_neg2V5_bus = -0.11834054100000001
Matching row  18
coeffs for Last measurement in raw DN for LVPS Board signal “THERM_DECON0”= [-110.293 0.0665351 0.000305738 -6.32048e-07 5.9934e-10 -2.98784e-13
 7.61361e-17 -7.76467e-21]
var_name = Last measurement in raw DN for LVPS Board signal “THERM_DECON0”
var_name = None
KeyError: (26, None) - Could not find entry for None, 38. Please check the Var_notes or variable mapping.
Matching row  18
coeffs for Last measurement in raw DN for LVPS Board signal “THERM_DECON1”= [-150.478 0.376986 -0.00062072 7.73853e-07 -5.81588e-10 2.56368e-13
 -6.05698e-17 5.96635e-21]
var_name = Last measurement in raw DN for LVPS Board signal “THERM_DECON1”
var_name = None
KeyError: (26, None) - Could not find entry for None, 39. Please check the Var_notes or variable mapping.
Matching row  18
coeffs for Last measurement in raw DN for LVPS Board signal “THERM_DAB”= [-443.248 1.31224 -0.00180422 1.40016e-06 -6.43766e-10 1.7448e-13
 -2.57695e-17 1.60239e-21]
var_name = Last measurement in raw DN for LVPS Board signal “THERM_DAB”
var_name = None
KeyError: (26, None) - Could not find entry for None, 40. Please check the Var_notes or variable mapping.
Matching row  18
coeffs for Last measurement in raw DN for LVPS Board signal “THERM_LVPS”= [200.4137 -0.2020699 0.000175403 -9.739547e-08 2.888932e-11 -3.545603e-15
 0.0 0.0]
var_name = Last measurement in raw DN for LVPS Board signal “THERM_LVPS”
var_name = None
KeyError: (26, None) - Could not find entry for None, 41. Please check the Var_notes or variable mapping.
Matching row  18
coeffs for Last measurement in raw DN for LVPS Board signal “THERM_HVPS”= [200.4137 -0.2020699 0.000175403 -9.739547e-08 2.888932e-11 -3.545603e-15
 0.0 0.0]
var_name = Last measurement in raw DN for LVPS Board signal “THERM_HVPS”
var_name = None
KeyError: (26, None) - Could not find entry for None, 45. Please check the Var_notes or variable mapping.
Matching row  18
coeffs for Last measurement in raw DN for LVPS Board signal “P2.5V”= [0.0 0.00161172 0.0 0.0 0.0 0.0 0.0 0.0]
var_name = Last measurement in raw DN for LVPS Board signal “P2.5V”
var_name = None
KeyError: (26, None) - Could not find entry for None, 49. Please check the Var_notes or variable mapping.
Matching row  18
coeffs for Last measurement in raw DN for LVPS Board signal “N2.5V”= [-33.0 0.00886447 0.0 0.0 0.0 0.0 0.0 0.0]
var_name = Last measurement in raw DN for LVPS Board signal “N2.5V”
var_name = None
KeyError: (26, None) - Could not find entry for None, 50. Please check the Var_notes or variable mapping.
Matching row  18
coeffs for Last measurement in raw DN for LVPS Board signal “Spare”= [0.0 0.00161172 0.0 0.0 0.0 0.0 0.0 0.0]
var_name = Last measurement in raw DN for LVPS Board signal “Spare”
var_name = spare_signal
KeyError: (26, 'spare_signal') - Could not find entry for spare_signal, 51. Please check the Var_notes or variable mapping.
High gain delay = 30 samples.
Mid gain delay = 1023 samples.
Low gain delay = 1023 samples.
High sampling trigger mode =  0 0 1
High gain trigger mode enabled.
For 2222981120, HG Trigger level = 0.15317, sample settings = 0, 0
Threshold trigger mode enabled for high gain channel.
AID = 2415008032
Event number = 25
Rice compression enabled = False
Timestamp = 429138780.04098 seconds since epoch (Midnight January 1st, 2010)
Trigger time = 2023-08-07T21:13:00.040980Z
26
26
26
26
26
26
26
26
26
26
26
26
26
{'SHCOARSE': ParsedDataItem(SHCOARSE, raw=429139519, derived=429139519, unit=dn), 'SHFINE': ParsedDataItem(SHFINE, raw=7152, derived=7152, unit=dn), 'IDX__SCI0AID': ParsedDataItem(IDX__SCI0AID, raw=2415008032, derived=2415008032, unit=None), 'IDX__SCI0TYPE': ParsedDataItem(IDX__SCI0TYPE, raw=1, derived=1, unit=None), 'IDX__SCI0CONT': ParsedDataItem(IDX__SCI0CONT, raw=127, derived=127, unit=None), 'IDX__SCI0SPARE1': ParsedDataItem(IDX__SCI0SPARE1, raw=0, derived=0, unit=None), 'IDX__SCI0PACK': ParsedDataItem(IDX__SCI0PACK, raw=1, derived=EN, unit=None), 'IDX__SCI0FRAG': ParsedDataItem(IDX__SCI0FRAG, raw=0, derived=DS, unit=None), 'IDX__SCI0COMP': ParsedDataItem(IDX__SCI0COMP, raw=0, derived=DS, unit=None), 'IDX__SCI0EVTNUM': ParsedDataItem(IDX__SCI0EVTNUM, raw=26, derived=26, unit=None), 'IDX__SCI0CAT': ParsedDataItem(IDX__SCI0CAT, raw=32, derived=32, unit=None), 'IDX__SCI0QUAL': ParsedDataItem(IDX__SCI0QUAL, raw=5, derived=5, unit=None), 'IDX__SCI0FRAGOFF': ParsedDataItem(IDX__SCI0FRAGOFF, raw=0, derived=0, unit=None), 'IDX__SCI0VER': ParsedDataItem(IDX__SCI0VER, raw=9, derived=9, unit=None), 'IDX__SCI0TIME32': ParsedDataItem(IDX__SCI0TIME32, raw=429138808, derived=429138808, unit=None), 'IDX__SCI0SPARE2': ParsedDataItem(IDX__SCI0SPARE2, raw=0, derived=0, unit=None), 'IDX__SCI0SPARE3': ParsedDataItem(IDX__SCI0SPARE3, raw=0, derived=0, unit=None), 'IDX__SCI0SPARE4': ParsedDataItem(IDX__SCI0SPARE4, raw=0, derived=0, unit=None), 'IDX__TXHDRSCIEVTLEN': ParsedDataItem(IDX__TXHDRSCIEVTLEN, raw=8320, derived=8320, unit=None), 'IDX__TXHDRSP00': ParsedDataItem(IDX__TXHDRSP00, raw=0, derived=0, unit=None), 'IDX__TXHDRTIMESEC1': ParsedDataItem(IDX__TXHDRTIMESEC1, raw=6548, derived=6548, unit=None), 'IDX__TXHDRTIMESEC2': ParsedDataItem(IDX__TXHDRTIMESEC2, raw=9080, derived=9080, unit=None), 'IDX__TXHDRTIMESUBS': ParsedDataItem(IDX__TXHDRTIMESUBS, raw=27114, derived=27114, unit=None), 'IDX__TXHDRSP01': ParsedDataItem(IDX__TXHDRSP01, raw=0, derived=0, unit=None), 'IDX__TXHDRTRIGOFFSET': ParsedDataItem(IDX__TXHDRTRIGOFFSET, raw=6, derived=6, unit=None), 'IDX__TXHDRSP02': ParsedDataItem(IDX__TXHDRSP02, raw=0, derived=0, unit=None), 'IDX__TXHDRTRIGID': ParsedDataItem(IDX__TXHDRTRIGID, raw=1, derived=1, unit=None), 'IDX__TXHDREVTNUM': ParsedDataItem(IDX__TXHDREVTNUM, raw=26, derived=26, unit=None), 'IDX__TXHDRBLOCKS': ParsedDataItem(IDX__TXHDRBLOCKS, raw=243679, derived=243679, unit=None), 'IDX__TXHDRHGTRIGCTRL1': ParsedDataItem(IDX__TXHDRHGTRIGCTRL1, raw=2222981120, derived=2222981120, unit=None), 'IDX__TXHDRHGTRIGCTRL2': ParsedDataItem(IDX__TXHDRHGTRIGCTRL2, raw=0, derived=0, unit=None), 'IDX__TXHDRLGTRIGCTRL1': ParsedDataItem(IDX__TXHDRLGTRIGCTRL1, raw=4294965248, derived=4294965248, unit=None), 'IDX__TXHDRLGTRIGCTRL2': ParsedDataItem(IDX__TXHDRLGTRIGCTRL2, raw=4278255360, derived=4278255360, unit=None), 'IDX__TXHDRMGTRIGCTRL1': ParsedDataItem(IDX__TXHDRMGTRIGCTRL1, raw=4294965248, derived=4294965248, unit=None), 'IDX__TXHDRMGTRIGCTRL2': ParsedDataItem(IDX__TXHDRMGTRIGCTRL2, raw=4278255360, derived=4278255360, unit=None), 'IDX__TXHDRSP03': ParsedDataItem(IDX__TXHDRSP03, raw=0, derived=0, unit=None), 'IDX__TXHDRLSADC': ParsedDataItem(IDX__TXHDRLSADC, raw=1048320, derived=1048320, unit=None), 'IDX__TXHDRPOLSTAT': ParsedDataItem(IDX__TXHDRPOLSTAT, raw=1, derived=NEG, unit=None), 'IDX__TXHDRSP04': ParsedDataItem(IDX__TXHDRSP04, raw=0, derived=0, unit=None), 'IDX__TXHDRPOLCTRL': ParsedDataItem(IDX__TXHDRPOLCTRL, raw=0, derived=POS, unit=None), 'IDX__TXHDRCOINENA': ParsedDataItem(IDX__TXHDRCOINENA, raw=0, derived=DIS, unit=None), 'IDX__TXHDRLSTRIGMODE': ParsedDataItem(IDX__TXHDRLSTRIGMODE, raw=0, derived=DIS, unit=None), 'IDX__TXHDRMGTRIGMODE': ParsedDataItem(IDX__TXHDRMGTRIGMODE, raw=0, derived=0, unit=None), 'IDX__TXHDRLGTRIGMODE': ParsedDataItem(IDX__TXHDRLGTRIGMODE, raw=0, derived=0, unit=None), 'IDX__TXHDRHGTRIGMODE': ParsedDataItem(IDX__TXHDRHGTRIGMODE, raw=1, derived=1, unit=None), 'IDX__TXHDRSP05': ParsedDataItem(IDX__TXHDRSP05, raw=0, derived=0, unit=None), 'IDX__TXHDRSP06': ParsedDataItem(IDX__TXHDRSP06, raw=0, derived=0, unit=None), 'IDX__TXHDRSP07': ParsedDataItem(IDX__TXHDRSP07, raw=2019, derived=2019, unit=None), 'IDX__TXHDRSP08': ParsedDataItem(IDX__TXHDRSP08, raw=0, derived=0, unit=None), 'IDX__TXHDRTOFMAX': ParsedDataItem(IDX__TXHDRTOFMAX, raw=541596201, derived=541596201, unit=None), 'IDX__TXHDRTOFMIN': ParsedDataItem(IDX__TXHDRTOFMIN, raw=535295475, derived=535295475, unit=None), 'IDX__TXHDRLS0MAXMIN': ParsedDataItem(IDX__TXHDRLS0MAXMIN, raw=8529919, derived=8529919, unit=None), 'IDX__TXHDRLS1MAXMIN': ParsedDataItem(IDX__TXHDRLS1MAXMIN, raw=9881240, derived=9881240, unit=None), 'IDX__TXHDRLS2MAXMIN': ParsedDataItem(IDX__TXHDRLS2MAXMIN, raw=8353761, derived=8353761, unit=None), 'IDX__TXHDRFIFODELAY': ParsedDataItem(IDX__TXHDRFIFODELAY, raw=18, derived=18, unit=None), 'IDX__TXHDRSAMPDELAY': ParsedDataItem(IDX__TXHDRSAMPDELAY, raw=49331283, derived=49331283, unit=None), 'IDX__TXHDRTRANSCNT': ParsedDataItem(IDX__TXHDRTRANSCNT, raw=2, derived=2, unit=None), 'IDX__TXHDRPROCHKCH01': ParsedDataItem(IDX__TXHDRPROCHKCH01, raw=83362562, derived=83362562, unit=None), 'IDX__TXHDRPROCHKCH23': ParsedDataItem(IDX__TXHDRPROCHKCH23, raw=128976388, derived=128976388, unit=None), 'IDX__TXHDRPROCHKCH45': ParsedDataItem(IDX__TXHDRPROCHKCH45, raw=173540571, derived=173540571, unit=None), 'IDX__TXHDRPROCHKCH67': ParsedDataItem(IDX__TXHDRPROCHKCH67, raw=133761306, derived=133761306, unit=None), 'IDX__TXHDRHVPSHKCH01': ParsedDataItem(IDX__TXHDRHVPSHKCH01, raw=131794263, derived=131794263, unit=None), 'IDX__TXHDRHVPSHKCH23': ParsedDataItem(IDX__TXHDRHVPSHKCH23, raw=8849069, derived=8849069, unit=None), 'IDX__TXHDRHVPSHKCH45': ParsedDataItem(IDX__TXHDRHVPSHKCH45, raw=127731675, derived=127731675, unit=None), 'IDX__TXHDRHVPSHKCH67': ParsedDataItem(IDX__TXHDRHVPSHKCH67, raw=19991181, derived=19991181, unit=None), 'IDX__TXHDRLVHK0CH01': ParsedDataItem(IDX__TXHDRLVHK0CH01, raw=134219776, derived=134219776, unit=None), 'IDX__TXHDRLVHK0CH23': ParsedDataItem(IDX__TXHDRLVHK0CH23, raw=171838394, derived=171838394, unit=None), 'IDX__TXHDRLVHK0CH45': ParsedDataItem(IDX__TXHDRLVHK0CH45, raw=134745193, derived=134745193, unit=None), 'IDX__TXHDRLVHK0CH67': ParsedDataItem(IDX__TXHDRLVHK0CH67, raw=205786196, derived=205786196, unit=None), 'IDX__TXHDRLVHK1CH01': ParsedDataItem(IDX__TXHDRLVHK1CH01, raw=33359471, derived=33359471, unit=None), 'IDX__TXHDRLVHK1CH23': ParsedDataItem(IDX__TXHDRLVHK1CH23, raw=76875246, derived=76875246, unit=None), 'IDX__TXHDRLVHK1CH45': ParsedDataItem(IDX__TXHDRLVHK1CH45, raw=225838994, derived=225838994, unit=None), 'IDX__TXHDRLVHK1CH67': ParsedDataItem(IDX__TXHDRLVHK1CH67, raw=192479688, derived=192479688, unit=None), 'IDX__TXHDRLVHK2CH01': ParsedDataItem(IDX__TXHDRLVHK2CH01, raw=80807126, derived=80807126, unit=None), 'IDX__TXHDRLVHK2CH23': ParsedDataItem(IDX__TXHDRLVHK2CH23, raw=206965317, derived=206965317, unit=None), 'IDX__TXHDRLVHK2CH45': ParsedDataItem(IDX__TXHDRLVHK2CH45, raw=101059865, derived=101059865, unit=None), 'IDX__TXHDRLVHK2CH67': ParsedDataItem(IDX__TXHDRLVHK2CH67, raw=69017, derived=69017, unit=None), 'IDX__TXHDRSP09': ParsedDataItem(IDX__TXHDRSP09, raw=0, derived=0, unit=None), 'IDX__TXHDRSP10': ParsedDataItem(IDX__TXHDRSP10, raw=0, derived=0, unit=None), 'IDX__TXHDRFSWAIDCOPY': ParsedDataItem(IDX__TXHDRFSWAIDCOPY, raw=2415008032, derived=2415008032, unit=None), 'IDX__TXHDRFSWBINCOPY': ParsedDataItem(IDX__TXHDRFSWBINCOPY, raw=0, derived=0, unit=None), 'IDX__TXHDRFSWMAJOR': ParsedDataItem(IDX__TXHDRFSWMAJOR, raw=2, derived=2, unit=None), 'IDX__TXHDRFSWMINOR': ParsedDataItem(IDX__TXHDRFSWMINOR, raw=0, derived=0, unit=None), 'IDX__TXHDRFSWPATCH': ParsedDataItem(IDX__TXHDRFSWPATCH, raw=0, derived=0, unit=None), 'IDX__TXHDRFSWHVSTAT': ParsedDataItem(IDX__TXHDRFSWHVSTAT, raw=3, derived=3, unit=None), 'IDX__TXHDRFSWMEM0': ParsedDataItem(IDX__TXHDRFSWMEM0, raw=0, derived=0, unit=None), 'IDX__TXHDRFSWMEM1': ParsedDataItem(IDX__TXHDRFSWMEM1, raw=0, derived=0, unit=None), 'IDX__TXHDRFSWPT0': ParsedDataItem(IDX__TXHDRFSWPT0, raw=0, derived=0, unit=None), 'IDX__TXHDRFSWPT1': ParsedDataItem(IDX__TXHDRFSWPT1, raw=0, derived=0, unit=None), 'IDX__TXHDRFSWPT2': ParsedDataItem(IDX__TXHDRFSWPT2, raw=0, derived=0, unit=None), 'IDX__TXHDRFSWPT3': ParsedDataItem(IDX__TXHDRFSWPT3, raw=0, derived=0, unit=None), 'IDX__TXHDRFSWPT4': ParsedDataItem(IDX__TXHDRFSWPT4, raw=0, derived=0, unit=None), 'IDX__TXHDRFSWPT5': ParsedDataItem(IDX__TXHDRFSWPT5, raw=0, derived=0, unit=None), 'IDX__TXHDRFSWPT6': ParsedDataItem(IDX__TXHDRFSWPT6, raw=0, derived=0, unit=None), 'IDX__TXHDRFSWPT7': ParsedDataItem(IDX__TXHDRFSWPT7, raw=0, derived=0, unit=None), 'IDX__TXHDRFSWPT8': ParsedDataItem(IDX__TXHDRFSWPT8, raw=0, derived=0, unit=None), 'IDX__TXHDRFSWPT9': ParsedDataItem(IDX__TXHDRFSWPT9, raw=0, derived=0, unit=None), 'IDX__TXHDRFPGAVER': ParsedDataItem(IDX__TXHDRFPGAVER, raw=539165480, derived=539165480, unit=None), 'IDX__SYNCSCI0PKT': ParsedDataItem(IDX__SYNCSCI0PKT, raw=13107, derived=13107, unit=None), 'IDX__CRCSCI0PKT': ParsedDataItem(IDX__CRCSCI0PKT, raw=3190, derived=3190, unit=None)}
SHCOARSE = 429139519
SHFINE = 7152
IDX__SCI0AID = 2415008032
IDX__SCI0TYPE = 1
IDX__SCI0CONT = 127
IDX__SCI0SPARE1 = 0
IDX__SCI0PACK = EN
IDX__SCI0FRAG = DS
IDX__SCI0COMP = DS
IDX__SCI0EVTNUM = 26
IDX__SCI0CAT = 32
IDX__SCI0QUAL = 5
IDX__SCI0FRAGOFF = 0
IDX__SCI0VER = 9
IDX__SCI0TIME32 = 429138808
IDX__SCI0SPARE2 = 0
IDX__SCI0SPARE3 = 0
IDX__SCI0SPARE4 = 0
IDX__TXHDRSCIEVTLEN = 8320
IDX__TXHDRSP00 = 0
IDX__TXHDRTIMESEC1 = 6548
IDX__TXHDRTIMESEC2 = 9080
IDX__TXHDRTIMESUBS = 27114
IDX__TXHDRSP01 = 0
IDX__TXHDRTRIGOFFSET = 6
IDX__TXHDRSP02 = 0
IDX__TXHDRTRIGID = 1
IDX__TXHDREVTNUM = 26
IDX__TXHDRBLOCKS = 243679
IDX__TXHDRHGTRIGCTRL1 = 2222981120
IDX__TXHDRHGTRIGCTRL2 = 0
IDX__TXHDRLGTRIGCTRL1 = 4294965248
IDX__TXHDRLGTRIGCTRL2 = 4278255360
IDX__TXHDRMGTRIGCTRL1 = 4294965248
IDX__TXHDRMGTRIGCTRL2 = 4278255360
IDX__TXHDRSP03 = 0
IDX__TXHDRLSADC = 1048320
IDX__TXHDRPOLSTAT = NEG
IDX__TXHDRSP04 = 0
IDX__TXHDRPOLCTRL = POS
IDX__TXHDRCOINENA = DIS
IDX__TXHDRLSTRIGMODE = DIS
IDX__TXHDRMGTRIGMODE = 0
IDX__TXHDRLGTRIGMODE = 0
IDX__TXHDRHGTRIGMODE = 1
IDX__TXHDRSP05 = 0
IDX__TXHDRSP06 = 0
IDX__TXHDRSP07 = 2019
IDX__TXHDRSP08 = 0
IDX__TXHDRTOFMAX = 541596201
IDX__TXHDRTOFMIN = 535295475
IDX__TXHDRLS0MAXMIN = 8529919
IDX__TXHDRLS1MAXMIN = 9881240
IDX__TXHDRLS2MAXMIN = 8353761
IDX__TXHDRFIFODELAY = 18
IDX__TXHDRSAMPDELAY = 49331283
IDX__TXHDRTRANSCNT = 2
IDX__TXHDRPROCHKCH01 = 83362562
IDX__TXHDRPROCHKCH23 = 128976388
IDX__TXHDRPROCHKCH45 = 173540571
IDX__TXHDRPROCHKCH67 = 133761306
IDX__TXHDRHVPSHKCH01 = 131794263
IDX__TXHDRHVPSHKCH23 = 8849069
IDX__TXHDRHVPSHKCH45 = 127731675
IDX__TXHDRHVPSHKCH67 = 19991181
IDX__TXHDRLVHK0CH01 = 134219776
IDX__TXHDRLVHK0CH23 = 171838394
IDX__TXHDRLVHK0CH45 = 134745193
IDX__TXHDRLVHK0CH67 = 205786196
IDX__TXHDRLVHK1CH01 = 33359471
IDX__TXHDRLVHK1CH23 = 76875246
IDX__TXHDRLVHK1CH45 = 225838994
IDX__TXHDRLVHK1CH67 = 192479688
IDX__TXHDRLVHK2CH01 = 80807126
IDX__TXHDRLVHK2CH23 = 206965317
IDX__TXHDRLVHK2CH45 = 101059865
IDX__TXHDRLVHK2CH67 = 69017
IDX__TXHDRSP09 = 0
IDX__TXHDRSP10 = 0
IDX__TXHDRFSWAIDCOPY = 2415008032
IDX__TXHDRFSWBINCOPY = 0
IDX__TXHDRFSWMAJOR = 2
IDX__TXHDRFSWMINOR = 0
IDX__TXHDRFSWPATCH = 0
IDX__TXHDRFSWHVSTAT = 3
IDX__TXHDRFSWMEM0 = 0
IDX__TXHDRFSWMEM1 = 0
IDX__TXHDRFSWPT0 = 0
IDX__TXHDRFSWPT1 = 0
IDX__TXHDRFSWPT2 = 0
IDX__TXHDRFSWPT3 = 0
IDX__TXHDRFSWPT4 = 0
IDX__TXHDRFSWPT5 = 0
IDX__TXHDRFSWPT6 = 0
IDX__TXHDRFSWPT7 = 0
IDX__TXHDRFSWPT8 = 0
IDX__TXHDRFSWPT9 = 0
IDX__TXHDRFPGAVER = 539165480
IDX__SYNCSCI0PKT = 13107
IDX__CRCSCI0PKT = 3190
^*****Event header 27******^
EVTNUM: 27
SCI0TYPE: 1
TXHDRBLOCKS RAW: 243679
TXHDRBLOCKS DERIVED: 243679
-----
HS pre trig sampling blocks:  31
LS pre trig sampling blocks:  3
HS post trig sampling blocks:  31
LS post trig sampling blocks:  11
IDX__TXHDRHVPSHKCH01 = 131794263
Detector voltage =  1367
Sensor voltage =  2011
Target voltage =  1709
Reflectron voltage =  135
Rejection voltage =  2011
Current for HVPS sensor =  1949
Positive current for HVPS sensor =  2701
Negative current for HVPS sensor =  305
Voltage +3.3V reference =  2048
Voltage +3.3V operational reference =  2048
Voltage -6V bus =  3002
Voltage +6V bus =  2622
Voltage +16V bus =  3177
Voltage +3.3V bus =  2056
Voltage -5V bus =  3156
Voltage +5V bus =  3140
Current +3.3V bus =  1647
Current +16V bus =  1173
Current +6V bus =  1518
Current -6V bus =  1173
Current +5V bus =  1938
Current -5V bus =  3446
Current +2.5V bus =  456
Current -2.5V bus =  2937
Current on the 1V POL =  770
Current on the 1.9V POL =  1272
ProcBd Temperature 1 =  1540
ProcBd Temperature 2 =  1968
Voltage on 1V bus =  1243
FPGA Temperature =  2648
Voltage on 1.9V bus =  2330
Voltage on 3.3V bus =  2041
var_to_row = {'Last measurement in raw DN for Processor Board signal “1V POL Current”': 0, 'Last measurement in raw DN for Processor Board signal “1.9V POL Current”': 1, 'Last measurement in raw DN for Processor Board signal “ProcBd Temp1”': 2, nan: 48, 'Last measurement in raw DN for Processor Board signal “ProcBd Temp2”': 6, 'Last measurement in raw DN for Processor Board signal “1V Voltage”': 10, 'Last measurement in raw DN for Processor Board signal “FPGA Temp”': 11, 'Last measurement in raw DN for Processor Board signal “1.9V Voltage”': 12, 'Last measurement in raw DN for Processor Board signal “3.3V Voltage”': 13, 'Last measurement in raw DN for HVPS Board signal “Detector Voltage”': 14, 'Last measurement in raw DN for HVPS Board signal “Sensor Voltage"': 15, 'Last measurement in raw DN for HVPS Board signal “Target Voltage”': 16, 'Last measurement in raw DN for HVPS Board signal “Reflectron Voltage”': 17, 'Last measurement in raw DN for HVPS Board signal “Rejection Voltage”': 18, 'Last measurement in raw DN for HVPS Board signal “Detector Current”': 19, 'Last measurement in raw DN for HVPS Board signal “Sensor IP”': 20, 'Last measurement in raw DN for HVPS Board signal “Sensor IN”': 21, 'Last measurement in raw DN for LVPS Board signal “P3.3VREF_HK”': 22, 'Last measurement in raw DN for LVPS Board signal “P3.3VREF_OP”': 23, 'Last measurement in raw DN for LVPS Board signal “N6V”': 24, 'Last measurement in raw DN for LVPS Board signal “P6V”': 25, 'Last measurement in raw DN for LVPS Board signal “P16V”': 26, 'Last measurement in raw DN for LVPS Board signal “P3.3V”': 27, 'Last measurement in raw DN for LVPS Board signal “N5V”': 28, 'Last measurement in raw DN for LVPS Board signal “P5V”': 29, 'Last measurement in raw DN for LVPS Board signal “P3.3_IMON”': 30, 'Last measurement in raw DN for LVPS Board signal “P16V_IMON”': 31, 'Last measurement in raw DN for LVPS Board signal “P6V_IMON”': 32, 'Last measurement in raw DN for LVPS Board signal “N6V_IMON”': 33, 'Last measurement in raw DN for LVPS Board signal “P5V_IMON”': 34, 'Last measurement in raw DN for LVPS Board signal “N5V_IMON”': 35, 'Last measurement in raw DN for LVPS Board signal “P2.5V_IMON”': 36, 'Last measurement in raw DN for LVPS Board signal “N2.5V_IMON”': 37, 'Last measurement in raw DN for LVPS Board signal “THERM_DECON0”': 38, 'Last measurement in raw DN for LVPS Board signal “THERM_DECON1”': 39, 'Last measurement in raw DN for LVPS Board signal “THERM_DAB”': 40, 'Last measurement in raw DN for LVPS Board signal “THERM_LVPS”': 41, 'Last measurement in raw DN for LVPS Board signal “THERM_HVPS”': 45, 'Last measurement in raw DN for LVPS Board signal “P2.5V”': 49, 'Last measurement in raw DN for LVPS Board signal “N2.5V”': 50, 'Last measurement in raw DN for LVPS Board signal “Spare”': 51}

 
 ***** var_name being converted for each instrument setting ***** 
 

Matching row  18
coeffs for Last measurement in raw DN for Processor Board signal “1V POL Current”= [0.0 0.9029253 0.0 0.0 0.0 0.0 0.0 0.0]
var_name = Last measurement in raw DN for Processor Board signal “1V POL Current”
var_name = current_1V_pol
Header info = 770
Transformed value for current_1V_pol = 695.252481
Matching row  18
coeffs for Last measurement in raw DN for Processor Board signal “1.9V POL Current”= [0.0 0.9029253 0.0 0.0 0.0 0.0 0.0 0.0]
var_name = Last measurement in raw DN for Processor Board signal “1.9V POL Current”
var_name = current_1.9V_pol
Header info = 1272
Transformed value for current_1.9V_pol = 1148.5209816000001
Matching row  18
coeffs for Last measurement in raw DN for Processor Board signal “ProcBd Temp1”= [162.8276 -0.2668687 0.0003323794 -2.43153e-07 9.034532e-11 -1.327735e-14
 0.0 0.0]
var_name = Last measurement in raw DN for Processor Board signal “ProcBd Temp1”
var_name = temperature_1
Header info = 1540
Transformed value for temperature_1 = 45.20333074067864
Matching row  18
coeffs for nan= [-104713.9 52.02446 -0.006463374 0.0 0.0 0.0 0.0 0.0]
var_name = nan
var_name = None
KeyError: (27, None) - Could not find entry for None, 48. Please check the Var_notes or variable mapping.
Matching row  18
coeffs for Last measurement in raw DN for Processor Board signal “ProcBd Temp2”= [162.8276 -0.2668687 0.0003323794 -2.43153e-07 9.034532e-11 -1.327735e-14
 0.0 0.0]
var_name = Last measurement in raw DN for Processor Board signal “ProcBd Temp2”
var_name = temperature_2
Header info = 1968
Transformed value for temperature_2 = 34.85682906439274
Matching row  18
coeffs for Last measurement in raw DN for Processor Board signal “1V Voltage”= [0.0 0.000805861 0.0 0.0 0.0 0.0 0.0 0.0]
var_name = Last measurement in raw DN for Processor Board signal “1V Voltage”
var_name = voltage_1V_bus
Header info = 1243
Transformed value for voltage_1V_bus = 1.001685223
Matching row  18
coeffs for Last measurement in raw DN for Processor Board signal “FPGA Temp”= [358.31 -0.1187104 0.0 0.0 0.0 0.0 0.0 0.0]
var_name = Last measurement in raw DN for Processor Board signal “FPGA Temp”
var_name = fpga_temperature
Header info = 2648
Transformed value for fpga_temperature = 43.9648608
Matching row  18
coeffs for Last measurement in raw DN for Processor Board signal “1.9V Voltage”= [0.0 0.000805861 0.0 0.0 0.0 0.0 0.0 0.0]
var_name = Last measurement in raw DN for Processor Board signal “1.9V Voltage”
var_name = voltage_1.9V_bus
Header info = 2330
Transformed value for voltage_1.9V_bus = 1.8776561299999999
Matching row  18
coeffs for Last measurement in raw DN for Processor Board signal “3.3V Voltage”= [0.0 0.001611722 0.0 0.0 0.0 0.0 0.0 0.0]
var_name = Last measurement in raw DN for Processor Board signal “3.3V Voltage”
var_name = voltage_3.3V_bus
Header info = 2041
Transformed value for voltage_3.3V_bus = 3.2895246019999997
Matching row  18
coeffs for Last measurement in raw DN for HVPS Board signal “Detector Voltage”= [0.0 1.4652 0.0 0.0 0.0 0.0 0.0 0.0]
var_name = Last measurement in raw DN for HVPS Board signal “Detector Voltage”
var_name = detector_voltage
Header info = 1367
Transformed value for detector_voltage = 2002.9284
Matching row  18
coeffs for Last measurement in raw DN for HVPS Board signal “Sensor Voltage"= [0.0 1.4652 0.0 0.0 0.0 0.0 0.0 0.0]
var_name = Last measurement in raw DN for HVPS Board signal “Sensor Voltage"
var_name = sensor_voltage
Header info = 2011
Transformed value for sensor_voltage = 2946.5172000000002
Matching row  18
coeffs for Last measurement in raw DN for HVPS Board signal “Target Voltage”= [0.0 1.4652 0.0 0.0 0.0 0.0 0.0 0.0]
var_name = Last measurement in raw DN for HVPS Board signal “Target Voltage”
var_name = target_voltage
Header info = 1709
Transformed value for target_voltage = 2504.0268
Matching row  18
coeffs for Last measurement in raw DN for HVPS Board signal “Reflectron Voltage”= [0.0 1.4652 0.0 0.0 0.0 0.0 0.0 0.0]
var_name = Last measurement in raw DN for HVPS Board signal “Reflectron Voltage”
var_name = reflectron_voltage
Header info = 135
Transformed value for reflectron_voltage = 197.80200000000002
Matching row  18
coeffs for Last measurement in raw DN for HVPS Board signal “Rejection Voltage”= [0.0 1.4652 0.0 0.0 0.0 0.0 0.0 0.0]
var_name = Last measurement in raw DN for HVPS Board signal “Rejection Voltage”
var_name = rejection_voltage
Header info = 2011
Transformed value for rejection_voltage = 2946.5172000000002
Matching row  18
coeffs for Last measurement in raw DN for HVPS Board signal “Detector Current”= [0.0 7.326e-06 0.0 0.0 0.0 0.0 0.0 0.0]
var_name = Last measurement in raw DN for HVPS Board signal “Detector Current”
var_name = current_hvps_sensor
Header info = 1949
Transformed value for current_hvps_sensor = 0.014278374
Matching row  18
coeffs for Last measurement in raw DN for HVPS Board signal “Sensor IP”= [0.0 2.4339e-05 0.0 0.0 0.0 0.0 0.0 0.0]
var_name = Last measurement in raw DN for HVPS Board signal “Sensor IP”
var_name = positive_current_hvps
Header info = 2701
Transformed value for positive_current_hvps = 0.065739639
Matching row  18
coeffs for Last measurement in raw DN for HVPS Board signal “Sensor IN”= [0.0 2.4339e-05 0.0 0.0 0.0 0.0 0.0 0.0]
var_name = Last measurement in raw DN for HVPS Board signal “Sensor IN”
var_name = negative_current_hvps
Header info = 305
Transformed value for negative_current_hvps = 0.007423394999999999
Matching row  18
coeffs for Last measurement in raw DN for LVPS Board signal “P3.3VREF_HK”= [0.0 0.00161172 0.0 0.0 0.0 0.0 0.0 0.0]
var_name = Last measurement in raw DN for LVPS Board signal “P3.3VREF_HK”
var_name = voltage_3V3_ref
Header info = 2048
Transformed value for voltage_3V3_ref = 3.30080256
Matching row  18
coeffs for Last measurement in raw DN for LVPS Board signal “P3.3VREF_OP”= [0.0 0.00161172 0.0 0.0 0.0 0.0 0.0 0.0]
var_name = Last measurement in raw DN for LVPS Board signal “P3.3VREF_OP”
var_name = voltage_3V3_op_ref
Header info = 2048
Transformed value for voltage_3V3_op_ref = 3.30080256
Matching row  18
coeffs for Last measurement in raw DN for LVPS Board signal “N6V”= [-33.0 0.00886447 0.0 0.0 0.0 0.0 0.0 0.0]
var_name = Last measurement in raw DN for LVPS Board signal “N6V”
var_name = voltage_neg6V_bus
Header info = 3002
Transformed value for voltage_neg6V_bus = -6.3888610600000035
Matching row  18
coeffs for Last measurement in raw DN for LVPS Board signal “P6V”= [0.0 0.00241758 0.0 0.0 0.0 0.0 0.0 0.0]
var_name = Last measurement in raw DN for LVPS Board signal “P6V”
var_name = voltage_pos6V_bus
Header info = 2622
Transformed value for voltage_pos6V_bus = 6.33889476
Matching row  18
coeffs for Last measurement in raw DN for LVPS Board signal “P16V”= [0.0 0.00482711 0.0 0.0 0.0 0.0 0.0 0.0]
var_name = Last measurement in raw DN for LVPS Board signal “P16V”
var_name = voltage_pos16V_bus
Header info = 3177
Transformed value for voltage_pos16V_bus = 15.33572847
Matching row  18
coeffs for Last measurement in raw DN for LVPS Board signal “P3.3V”= [0.0 0.00161172 0.0 0.0 0.0 0.0 0.0 0.0]
var_name = Last measurement in raw DN for LVPS Board signal “P3.3V”
var_name = voltage_pos3V3_bus
Header info = 2056
Transformed value for voltage_pos3V3_bus = 3.31369632
Matching row  18
coeffs for Last measurement in raw DN for LVPS Board signal “N5V”= [-33.0 0.00886447 0.0 0.0 0.0 0.0 0.0 0.0]
var_name = Last measurement in raw DN for LVPS Board signal “N5V”
var_name = voltage_neg5V_bus
Header info = 3156
Transformed value for voltage_neg5V_bus = -5.023732680000002
Matching row  18
coeffs for Last measurement in raw DN for LVPS Board signal “P5V”= [0.0 0.00161172 0.0 0.0 0.0 0.0 0.0 0.0]
var_name = Last measurement in raw DN for LVPS Board signal “P5V”
var_name = voltage_pos5V_bus
Header info = 3140
Transformed value for voltage_pos5V_bus = 5.0608008
Matching row  18
coeffs for Last measurement in raw DN for LVPS Board signal “P3.3_IMON”= [0.0 0.00161172 0.0 0.0 0.0 0.0 0.0 0.0]
var_name = Last measurement in raw DN for LVPS Board signal “P3.3_IMON”
var_name = current_3V3_bus
Header info = 1647
Transformed value for current_3V3_bus = 2.65450284
Matching row  18
coeffs for Last measurement in raw DN for LVPS Board signal “P16V_IMON”= [0.0 0.000161172 0.0 0.0 0.0 0.0 0.0 0.0]
var_name = Last measurement in raw DN for LVPS Board signal “P16V_IMON”
var_name = current_16V_bus
Header info = 1173
Transformed value for current_16V_bus = 0.18905475600000002
Matching row  18
coeffs for Last measurement in raw DN for LVPS Board signal “P6V_IMON”= [0.0 8.05861e-05 0.0 0.0 0.0 0.0 0.0 0.0]
var_name = Last measurement in raw DN for LVPS Board signal “P6V_IMON”
var_name = current_6V_bus
Header info = 1518
Transformed value for current_6V_bus = 0.1223296998
Matching row  18
coeffs for Last measurement in raw DN for LVPS Board signal “N6V_IMON”= [0.0 -8.05861e-05 0.0 0.0 0.0 0.0 0.0 0.0]
var_name = Last measurement in raw DN for LVPS Board signal “N6V_IMON”
var_name = current_neg6V_bus
Header info = 1173
Transformed value for current_neg6V_bus = -0.0945274953
Matching row  18
coeffs for Last measurement in raw DN for LVPS Board signal “P5V_IMON”= [0.0 4.029304e-05 0.0 0.0 0.0 0.0 0.0 0.0]
var_name = Last measurement in raw DN for LVPS Board signal “P5V_IMON”
var_name = current_5V_bus
Header info = 1938
Transformed value for current_5V_bus = 0.07808791152
Matching row  18
coeffs for Last measurement in raw DN for LVPS Board signal “N5V_IMON”= [0.0 -2.01465e-05 0.0 0.0 0.0 0.0 0.0 0.0]
var_name = Last measurement in raw DN for LVPS Board signal “N5V_IMON”
var_name = current_neg5V_bus
Header info = 3446
Transformed value for current_neg5V_bus = -0.069424839
Matching row  18
coeffs for Last measurement in raw DN for LVPS Board signal “P2.5V_IMON”= [0.0 0.00161172 0.0 0.0 0.0 0.0 0.0 0.0]
var_name = Last measurement in raw DN for LVPS Board signal “P2.5V_IMON”
var_name = current_2V5_bus
Header info = 456
Transformed value for current_2V5_bus = 0.73494432
Matching row  18
coeffs for Last measurement in raw DN for LVPS Board signal “N2.5V_IMON”= [0.0 -4.0293e-05 0.0 0.0 0.0 0.0 0.0 0.0]
var_name = Last measurement in raw DN for LVPS Board signal “N2.5V_IMON”
var_name = current_neg2V5_bus
Header info = 2937
Transformed value for current_neg2V5_bus = -0.11834054100000001
Matching row  18
coeffs for Last measurement in raw DN for LVPS Board signal “THERM_DECON0”= [-110.293 0.0665351 0.000305738 -6.32048e-07 5.9934e-10 -2.98784e-13
 7.61361e-17 -7.76467e-21]
var_name = Last measurement in raw DN for LVPS Board signal “THERM_DECON0”
var_name = None
KeyError: (27, None) - Could not find entry for None, 38. Please check the Var_notes or variable mapping.
Matching row  18
coeffs for Last measurement in raw DN for LVPS Board signal “THERM_DECON1”= [-150.478 0.376986 -0.00062072 7.73853e-07 -5.81588e-10 2.56368e-13
 -6.05698e-17 5.96635e-21]
var_name = Last measurement in raw DN for LVPS Board signal “THERM_DECON1”
var_name = None
KeyError: (27, None) - Could not find entry for None, 39. Please check the Var_notes or variable mapping.
Matching row  18
coeffs for Last measurement in raw DN for LVPS Board signal “THERM_DAB”= [-443.248 1.31224 -0.00180422 1.40016e-06 -6.43766e-10 1.7448e-13
 -2.57695e-17 1.60239e-21]
var_name = Last measurement in raw DN for LVPS Board signal “THERM_DAB”
var_name = None
KeyError: (27, None) - Could not find entry for None, 40. Please check the Var_notes or variable mapping.
Matching row  18
coeffs for Last measurement in raw DN for LVPS Board signal “THERM_LVPS”= [200.4137 -0.2020699 0.000175403 -9.739547e-08 2.888932e-11 -3.545603e-15
 0.0 0.0]
var_name = Last measurement in raw DN for LVPS Board signal “THERM_LVPS”
var_name = None
KeyError: (27, None) - Could not find entry for None, 41. Please check the Var_notes or variable mapping.
Matching row  18
coeffs for Last measurement in raw DN for LVPS Board signal “THERM_HVPS”= [200.4137 -0.2020699 0.000175403 -9.739547e-08 2.888932e-11 -3.545603e-15
 0.0 0.0]
var_name = Last measurement in raw DN for LVPS Board signal “THERM_HVPS”
var_name = None
KeyError: (27, None) - Could not find entry for None, 45. Please check the Var_notes or variable mapping.
Matching row  18
coeffs for Last measurement in raw DN for LVPS Board signal “P2.5V”= [0.0 0.00161172 0.0 0.0 0.0 0.0 0.0 0.0]
var_name = Last measurement in raw DN for LVPS Board signal “P2.5V”
var_name = None
KeyError: (27, None) - Could not find entry for None, 49. Please check the Var_notes or variable mapping.
Matching row  18
coeffs for Last measurement in raw DN for LVPS Board signal “N2.5V”= [-33.0 0.00886447 0.0 0.0 0.0 0.0 0.0 0.0]
var_name = Last measurement in raw DN for LVPS Board signal “N2.5V”
var_name = None
KeyError: (27, None) - Could not find entry for None, 50. Please check the Var_notes or variable mapping.
Matching row  18
coeffs for Last measurement in raw DN for LVPS Board signal “Spare”= [0.0 0.00161172 0.0 0.0 0.0 0.0 0.0 0.0]
var_name = Last measurement in raw DN for LVPS Board signal “Spare”
var_name = spare_signal
KeyError: (27, 'spare_signal') - Could not find entry for spare_signal, 51. Please check the Var_notes or variable mapping.
High gain delay = 83 samples.
Mid gain delay = 47 samples.
Low gain delay = 47 samples.
High sampling trigger mode =  0 0 1
High gain trigger mode enabled.
For 2222981120, HG Trigger level = 0.15317, sample settings = 0, 0
Threshold trigger mode enabled for high gain channel.
AID = 2415008032
Event number = 26
Rice compression enabled = False
Timestamp = 429138808.54228 seconds since epoch (Midnight January 1st, 2010)
Trigger time = 2023-08-07T21:13:28.542280Z
27
27
27
27
27
27
27
27
27
27
27
27
27
{'SHCOARSE': ParsedDataItem(SHCOARSE, raw=429139532, derived=429139532, unit=dn), 'SHFINE': ParsedDataItem(SHFINE, raw=7157, derived=7157, unit=dn), 'IDX__SCI0AID': ParsedDataItem(IDX__SCI0AID, raw=2415008032, derived=2415008032, unit=None), 'IDX__SCI0TYPE': ParsedDataItem(IDX__SCI0TYPE, raw=1, derived=1, unit=None), 'IDX__SCI0CONT': ParsedDataItem(IDX__SCI0CONT, raw=127, derived=127, unit=None), 'IDX__SCI0SPARE1': ParsedDataItem(IDX__SCI0SPARE1, raw=0, derived=0, unit=None), 'IDX__SCI0PACK': ParsedDataItem(IDX__SCI0PACK, raw=1, derived=EN, unit=None), 'IDX__SCI0FRAG': ParsedDataItem(IDX__SCI0FRAG, raw=0, derived=DS, unit=None), 'IDX__SCI0COMP': ParsedDataItem(IDX__SCI0COMP, raw=0, derived=DS, unit=None), 'IDX__SCI0EVTNUM': ParsedDataItem(IDX__SCI0EVTNUM, raw=27, derived=27, unit=None), 'IDX__SCI0CAT': ParsedDataItem(IDX__SCI0CAT, raw=32, derived=32, unit=None), 'IDX__SCI0QUAL': ParsedDataItem(IDX__SCI0QUAL, raw=5, derived=5, unit=None), 'IDX__SCI0FRAGOFF': ParsedDataItem(IDX__SCI0FRAGOFF, raw=0, derived=0, unit=None), 'IDX__SCI0VER': ParsedDataItem(IDX__SCI0VER, raw=9, derived=9, unit=None), 'IDX__SCI0TIME32': ParsedDataItem(IDX__SCI0TIME32, raw=429139002, derived=429139002, unit=None), 'IDX__SCI0SPARE2': ParsedDataItem(IDX__SCI0SPARE2, raw=0, derived=0, unit=None), 'IDX__SCI0SPARE3': ParsedDataItem(IDX__SCI0SPARE3, raw=0, derived=0, unit=None), 'IDX__SCI0SPARE4': ParsedDataItem(IDX__SCI0SPARE4, raw=0, derived=0, unit=None), 'IDX__TXHDRSCIEVTLEN': ParsedDataItem(IDX__TXHDRSCIEVTLEN, raw=8320, derived=8320, unit=None), 'IDX__TXHDRSP00': ParsedDataItem(IDX__TXHDRSP00, raw=0, derived=0, unit=None), 'IDX__TXHDRTIMESEC1': ParsedDataItem(IDX__TXHDRTIMESEC1, raw=6548, derived=6548, unit=None), 'IDX__TXHDRTIMESEC2': ParsedDataItem(IDX__TXHDRTIMESEC2, raw=9274, derived=9274, unit=None), 'IDX__TXHDRTIMESUBS': ParsedDataItem(IDX__TXHDRTIMESUBS, raw=31046, derived=31046, unit=None), 'IDX__TXHDRSP01': ParsedDataItem(IDX__TXHDRSP01, raw=0, derived=0, unit=None), 'IDX__TXHDRTRIGOFFSET': ParsedDataItem(IDX__TXHDRTRIGOFFSET, raw=6, derived=6, unit=None), 'IDX__TXHDRSP02': ParsedDataItem(IDX__TXHDRSP02, raw=0, derived=0, unit=None), 'IDX__TXHDRTRIGID': ParsedDataItem(IDX__TXHDRTRIGID, raw=1, derived=1, unit=None), 'IDX__TXHDREVTNUM': ParsedDataItem(IDX__TXHDREVTNUM, raw=27, derived=27, unit=None), 'IDX__TXHDRBLOCKS': ParsedDataItem(IDX__TXHDRBLOCKS, raw=243679, derived=243679, unit=None), 'IDX__TXHDRHGTRIGCTRL1': ParsedDataItem(IDX__TXHDRHGTRIGCTRL1, raw=2222981120, derived=2222981120, unit=None), 'IDX__TXHDRHGTRIGCTRL2': ParsedDataItem(IDX__TXHDRHGTRIGCTRL2, raw=0, derived=0, unit=None), 'IDX__TXHDRLGTRIGCTRL1': ParsedDataItem(IDX__TXHDRLGTRIGCTRL1, raw=4294965248, derived=4294965248, unit=None), 'IDX__TXHDRLGTRIGCTRL2': ParsedDataItem(IDX__TXHDRLGTRIGCTRL2, raw=4278255360, derived=4278255360, unit=None), 'IDX__TXHDRMGTRIGCTRL1': ParsedDataItem(IDX__TXHDRMGTRIGCTRL1, raw=4294965248, derived=4294965248, unit=None), 'IDX__TXHDRMGTRIGCTRL2': ParsedDataItem(IDX__TXHDRMGTRIGCTRL2, raw=4278255360, derived=4278255360, unit=None), 'IDX__TXHDRSP03': ParsedDataItem(IDX__TXHDRSP03, raw=0, derived=0, unit=None), 'IDX__TXHDRLSADC': ParsedDataItem(IDX__TXHDRLSADC, raw=1048320, derived=1048320, unit=None), 'IDX__TXHDRPOLSTAT': ParsedDataItem(IDX__TXHDRPOLSTAT, raw=1, derived=NEG, unit=None), 'IDX__TXHDRSP04': ParsedDataItem(IDX__TXHDRSP04, raw=0, derived=0, unit=None), 'IDX__TXHDRPOLCTRL': ParsedDataItem(IDX__TXHDRPOLCTRL, raw=0, derived=POS, unit=None), 'IDX__TXHDRCOINENA': ParsedDataItem(IDX__TXHDRCOINENA, raw=0, derived=DIS, unit=None), 'IDX__TXHDRLSTRIGMODE': ParsedDataItem(IDX__TXHDRLSTRIGMODE, raw=0, derived=DIS, unit=None), 'IDX__TXHDRMGTRIGMODE': ParsedDataItem(IDX__TXHDRMGTRIGMODE, raw=0, derived=0, unit=None), 'IDX__TXHDRLGTRIGMODE': ParsedDataItem(IDX__TXHDRLGTRIGMODE, raw=0, derived=0, unit=None), 'IDX__TXHDRHGTRIGMODE': ParsedDataItem(IDX__TXHDRHGTRIGMODE, raw=1, derived=1, unit=None), 'IDX__TXHDRSP05': ParsedDataItem(IDX__TXHDRSP05, raw=0, derived=0, unit=None), 'IDX__TXHDRSP06': ParsedDataItem(IDX__TXHDRSP06, raw=0, derived=0, unit=None), 'IDX__TXHDRSP07': ParsedDataItem(IDX__TXHDRSP07, raw=2018, derived=2018, unit=None), 'IDX__TXHDRSP08': ParsedDataItem(IDX__TXHDRSP08, raw=0, derived=0, unit=None), 'IDX__TXHDRTOFMAX': ParsedDataItem(IDX__TXHDRTOFMAX, raw=543693474, derived=543693474, unit=None), 'IDX__TXHDRTOFMIN': ParsedDataItem(IDX__TXHDRTOFMIN, raw=535295474, derived=535295474, unit=None), 'IDX__TXHDRLS0MAXMIN': ParsedDataItem(IDX__TXHDRLS0MAXMIN, raw=8534013, derived=8534013, unit=None), 'IDX__TXHDRLS1MAXMIN': ParsedDataItem(IDX__TXHDRLS1MAXMIN, raw=11416914, derived=11416914, unit=None), 'IDX__TXHDRLS2MAXMIN': ParsedDataItem(IDX__TXHDRLS2MAXMIN, raw=8480737, derived=8480737, unit=None), 'IDX__TXHDRFIFODELAY': ParsedDataItem(IDX__TXHDRFIFODELAY, raw=15, derived=15, unit=None), 'IDX__TXHDRSAMPDELAY': ParsedDataItem(IDX__TXHDRSAMPDELAY, raw=49331276, derived=49331276, unit=None), 'IDX__TXHDRTRANSCNT': ParsedDataItem(IDX__TXHDRTRANSCNT, raw=12, derived=12, unit=None), 'IDX__TXHDRPROCHKCH01': ParsedDataItem(IDX__TXHDRPROCHKCH01, raw=83362565, derived=83362565, unit=None), 'IDX__TXHDRPROCHKCH23': ParsedDataItem(IDX__TXHDRPROCHKCH23, raw=127075819, derived=127075819, unit=None), 'IDX__TXHDRPROCHKCH45': ParsedDataItem(IDX__TXHDRPROCHKCH45, raw=173147355, derived=173147355, unit=None), 'IDX__TXHDRPROCHKCH67': ParsedDataItem(IDX__TXHDRPROCHKCH67, raw=133761305, derived=133761305, unit=None), 'IDX__TXHDRHVPSHKCH01': ParsedDataItem(IDX__TXHDRHVPSHKCH01, raw=131794263, derived=131794263, unit=None), 'IDX__TXHDRHVPSHKCH23': ParsedDataItem(IDX__TXHDRHVPSHKCH23, raw=8849069, derived=8849069, unit=None), 'IDX__TXHDRHVPSHKCH45': ParsedDataItem(IDX__TXHDRHVPSHKCH45, raw=127731675, derived=127731675, unit=None), 'IDX__TXHDRHVPSHKCH67': ParsedDataItem(IDX__TXHDRHVPSHKCH67, raw=19925645, derived=19925645, unit=None), 'IDX__TXHDRLVHK0CH01': ParsedDataItem(IDX__TXHDRLVHK0CH01, raw=134219776, derived=134219776, unit=None), 'IDX__TXHDRLVHK0CH23': ParsedDataItem(IDX__TXHDRLVHK0CH23, raw=171838394, derived=171838394, unit=None), 'IDX__TXHDRLVHK0CH45': ParsedDataItem(IDX__TXHDRLVHK0CH45, raw=134745193, derived=134745193, unit=None), 'IDX__TXHDRLVHK0CH67': ParsedDataItem(IDX__TXHDRLVHK0CH67, raw=205786196, derived=205786196, unit=None), 'IDX__TXHDRLVHK1CH01': ParsedDataItem(IDX__TXHDRLVHK1CH01, raw=33359474, derived=33359474, unit=None), 'IDX__TXHDRLVHK1CH23': ParsedDataItem(IDX__TXHDRLVHK1CH23, raw=76875247, derived=76875247, unit=None), 'IDX__TXHDRLVHK1CH45': ParsedDataItem(IDX__TXHDRLVHK1CH45, raw=225904531, derived=225904531, unit=None), 'IDX__TXHDRLVHK1CH67': ParsedDataItem(IDX__TXHDRLVHK1CH67, raw=192479688, derived=192479688, unit=None), 'IDX__TXHDRLVHK2CH01': ParsedDataItem(IDX__TXHDRLVHK2CH01, raw=80872662, derived=80872662, unit=None), 'IDX__TXHDRLVHK2CH23': ParsedDataItem(IDX__TXHDRLVHK2CH23, raw=206047816, derived=206047816, unit=None), 'IDX__TXHDRLVHK2CH45': ParsedDataItem(IDX__TXHDRLVHK2CH45, raw=101059853, derived=101059853, unit=None), 'IDX__TXHDRLVHK2CH67': ParsedDataItem(IDX__TXHDRLVHK2CH67, raw=69017, derived=69017, unit=None), 'IDX__TXHDRSP09': ParsedDataItem(IDX__TXHDRSP09, raw=0, derived=0, unit=None), 'IDX__TXHDRSP10': ParsedDataItem(IDX__TXHDRSP10, raw=0, derived=0, unit=None), 'IDX__TXHDRFSWAIDCOPY': ParsedDataItem(IDX__TXHDRFSWAIDCOPY, raw=2415008032, derived=2415008032, unit=None), 'IDX__TXHDRFSWBINCOPY': ParsedDataItem(IDX__TXHDRFSWBINCOPY, raw=0, derived=0, unit=None), 'IDX__TXHDRFSWMAJOR': ParsedDataItem(IDX__TXHDRFSWMAJOR, raw=2, derived=2, unit=None), 'IDX__TXHDRFSWMINOR': ParsedDataItem(IDX__TXHDRFSWMINOR, raw=0, derived=0, unit=None), 'IDX__TXHDRFSWPATCH': ParsedDataItem(IDX__TXHDRFSWPATCH, raw=0, derived=0, unit=None), 'IDX__TXHDRFSWHVSTAT': ParsedDataItem(IDX__TXHDRFSWHVSTAT, raw=3, derived=3, unit=None), 'IDX__TXHDRFSWMEM0': ParsedDataItem(IDX__TXHDRFSWMEM0, raw=0, derived=0, unit=None), 'IDX__TXHDRFSWMEM1': ParsedDataItem(IDX__TXHDRFSWMEM1, raw=0, derived=0, unit=None), 'IDX__TXHDRFSWPT0': ParsedDataItem(IDX__TXHDRFSWPT0, raw=0, derived=0, unit=None), 'IDX__TXHDRFSWPT1': ParsedDataItem(IDX__TXHDRFSWPT1, raw=0, derived=0, unit=None), 'IDX__TXHDRFSWPT2': ParsedDataItem(IDX__TXHDRFSWPT2, raw=0, derived=0, unit=None), 'IDX__TXHDRFSWPT3': ParsedDataItem(IDX__TXHDRFSWPT3, raw=0, derived=0, unit=None), 'IDX__TXHDRFSWPT4': ParsedDataItem(IDX__TXHDRFSWPT4, raw=0, derived=0, unit=None), 'IDX__TXHDRFSWPT5': ParsedDataItem(IDX__TXHDRFSWPT5, raw=0, derived=0, unit=None), 'IDX__TXHDRFSWPT6': ParsedDataItem(IDX__TXHDRFSWPT6, raw=0, derived=0, unit=None), 'IDX__TXHDRFSWPT7': ParsedDataItem(IDX__TXHDRFSWPT7, raw=0, derived=0, unit=None), 'IDX__TXHDRFSWPT8': ParsedDataItem(IDX__TXHDRFSWPT8, raw=0, derived=0, unit=None), 'IDX__TXHDRFSWPT9': ParsedDataItem(IDX__TXHDRFSWPT9, raw=0, derived=0, unit=None), 'IDX__TXHDRFPGAVER': ParsedDataItem(IDX__TXHDRFPGAVER, raw=539165480, derived=539165480, unit=None), 'IDX__SYNCSCI0PKT': ParsedDataItem(IDX__SYNCSCI0PKT, raw=13107, derived=13107, unit=None), 'IDX__CRCSCI0PKT': ParsedDataItem(IDX__CRCSCI0PKT, raw=1062, derived=1062, unit=None)}
SHCOARSE = 429139532
SHFINE = 7157
IDX__SCI0AID = 2415008032
IDX__SCI0TYPE = 1
IDX__SCI0CONT = 127
IDX__SCI0SPARE1 = 0
IDX__SCI0PACK = EN
IDX__SCI0FRAG = DS
IDX__SCI0COMP = DS
IDX__SCI0EVTNUM = 27
IDX__SCI0CAT = 32
IDX__SCI0QUAL = 5
IDX__SCI0FRAGOFF = 0
IDX__SCI0VER = 9
IDX__SCI0TIME32 = 429139002
IDX__SCI0SPARE2 = 0
IDX__SCI0SPARE3 = 0
IDX__SCI0SPARE4 = 0
IDX__TXHDRSCIEVTLEN = 8320
IDX__TXHDRSP00 = 0
IDX__TXHDRTIMESEC1 = 6548
IDX__TXHDRTIMESEC2 = 9274
IDX__TXHDRTIMESUBS = 31046
IDX__TXHDRSP01 = 0
IDX__TXHDRTRIGOFFSET = 6
IDX__TXHDRSP02 = 0
IDX__TXHDRTRIGID = 1
IDX__TXHDREVTNUM = 27
IDX__TXHDRBLOCKS = 243679
IDX__TXHDRHGTRIGCTRL1 = 2222981120
IDX__TXHDRHGTRIGCTRL2 = 0
IDX__TXHDRLGTRIGCTRL1 = 4294965248
IDX__TXHDRLGTRIGCTRL2 = 4278255360
IDX__TXHDRMGTRIGCTRL1 = 4294965248
IDX__TXHDRMGTRIGCTRL2 = 4278255360
IDX__TXHDRSP03 = 0
IDX__TXHDRLSADC = 1048320
IDX__TXHDRPOLSTAT = NEG
IDX__TXHDRSP04 = 0
IDX__TXHDRPOLCTRL = POS
IDX__TXHDRCOINENA = DIS
IDX__TXHDRLSTRIGMODE = DIS
IDX__TXHDRMGTRIGMODE = 0
IDX__TXHDRLGTRIGMODE = 0
IDX__TXHDRHGTRIGMODE = 1
IDX__TXHDRSP05 = 0
IDX__TXHDRSP06 = 0
IDX__TXHDRSP07 = 2018
IDX__TXHDRSP08 = 0
IDX__TXHDRTOFMAX = 543693474
IDX__TXHDRTOFMIN = 535295474
IDX__TXHDRLS0MAXMIN = 8534013
IDX__TXHDRLS1MAXMIN = 11416914
IDX__TXHDRLS2MAXMIN = 8480737
IDX__TXHDRFIFODELAY = 15
IDX__TXHDRSAMPDELAY = 49331276
IDX__TXHDRTRANSCNT = 12
IDX__TXHDRPROCHKCH01 = 83362565
IDX__TXHDRPROCHKCH23 = 127075819
IDX__TXHDRPROCHKCH45 = 173147355
IDX__TXHDRPROCHKCH67 = 133761305
IDX__TXHDRHVPSHKCH01 = 131794263
IDX__TXHDRHVPSHKCH23 = 8849069
IDX__TXHDRHVPSHKCH45 = 127731675
IDX__TXHDRHVPSHKCH67 = 19925645
IDX__TXHDRLVHK0CH01 = 134219776
IDX__TXHDRLVHK0CH23 = 171838394
IDX__TXHDRLVHK0CH45 = 134745193
IDX__TXHDRLVHK0CH67 = 205786196
IDX__TXHDRLVHK1CH01 = 33359474
IDX__TXHDRLVHK1CH23 = 76875247
IDX__TXHDRLVHK1CH45 = 225904531
IDX__TXHDRLVHK1CH67 = 192479688
IDX__TXHDRLVHK2CH01 = 80872662
IDX__TXHDRLVHK2CH23 = 206047816
IDX__TXHDRLVHK2CH45 = 101059853
IDX__TXHDRLVHK2CH67 = 69017
IDX__TXHDRSP09 = 0
IDX__TXHDRSP10 = 0
IDX__TXHDRFSWAIDCOPY = 2415008032
IDX__TXHDRFSWBINCOPY = 0
IDX__TXHDRFSWMAJOR = 2
IDX__TXHDRFSWMINOR = 0
IDX__TXHDRFSWPATCH = 0
IDX__TXHDRFSWHVSTAT = 3
IDX__TXHDRFSWMEM0 = 0
IDX__TXHDRFSWMEM1 = 0
IDX__TXHDRFSWPT0 = 0
IDX__TXHDRFSWPT1 = 0
IDX__TXHDRFSWPT2 = 0
IDX__TXHDRFSWPT3 = 0
IDX__TXHDRFSWPT4 = 0
IDX__TXHDRFSWPT5 = 0
IDX__TXHDRFSWPT6 = 0
IDX__TXHDRFSWPT7 = 0
IDX__TXHDRFSWPT8 = 0
IDX__TXHDRFSWPT9 = 0
IDX__TXHDRFPGAVER = 539165480
IDX__SYNCSCI0PKT = 13107
IDX__CRCSCI0PKT = 1062
^*****Event header 28******^
EVTNUM: 28
SCI0TYPE: 1
TXHDRBLOCKS RAW: 243679
TXHDRBLOCKS DERIVED: 243679
-----
HS pre trig sampling blocks:  31
LS pre trig sampling blocks:  3
HS post trig sampling blocks:  31
LS post trig sampling blocks:  11
IDX__TXHDRHVPSHKCH01 = 131794263
Detector voltage =  1367
Sensor voltage =  2011
Target voltage =  1709
Reflectron voltage =  135
Rejection voltage =  2011
Current for HVPS sensor =  1949
Positive current for HVPS sensor =  2701
Negative current for HVPS sensor =  304
Voltage +3.3V reference =  2048
Voltage +3.3V operational reference =  2048
Voltage -6V bus =  3002
Voltage +6V bus =  2622
Voltage +16V bus =  3177
Voltage +3.3V bus =  2056
Voltage -5V bus =  3156
Voltage +5V bus =  3140
Current +3.3V bus =  1650
Current +16V bus =  1173
Current +6V bus =  1519
Current -6V bus =  1173
Current +5V bus =  1939
Current -5V bus =  3447
Current +2.5V bus =  456
Current -2.5V bus =  2937
Current on the 1V POL =  773
Current on the 1.9V POL =  1272
ProcBd Temperature 1 =  1515
ProcBd Temperature 2 =  1939
Voltage on 1V bus =  1243
FPGA Temperature =  2642
Voltage on 1.9V bus =  2329
Voltage on 3.3V bus =  2041
var_to_row = {'Last measurement in raw DN for Processor Board signal “1V POL Current”': 0, 'Last measurement in raw DN for Processor Board signal “1.9V POL Current”': 1, 'Last measurement in raw DN for Processor Board signal “ProcBd Temp1”': 2, nan: 48, 'Last measurement in raw DN for Processor Board signal “ProcBd Temp2”': 6, 'Last measurement in raw DN for Processor Board signal “1V Voltage”': 10, 'Last measurement in raw DN for Processor Board signal “FPGA Temp”': 11, 'Last measurement in raw DN for Processor Board signal “1.9V Voltage”': 12, 'Last measurement in raw DN for Processor Board signal “3.3V Voltage”': 13, 'Last measurement in raw DN for HVPS Board signal “Detector Voltage”': 14, 'Last measurement in raw DN for HVPS Board signal “Sensor Voltage"': 15, 'Last measurement in raw DN for HVPS Board signal “Target Voltage”': 16, 'Last measurement in raw DN for HVPS Board signal “Reflectron Voltage”': 17, 'Last measurement in raw DN for HVPS Board signal “Rejection Voltage”': 18, 'Last measurement in raw DN for HVPS Board signal “Detector Current”': 19, 'Last measurement in raw DN for HVPS Board signal “Sensor IP”': 20, 'Last measurement in raw DN for HVPS Board signal “Sensor IN”': 21, 'Last measurement in raw DN for LVPS Board signal “P3.3VREF_HK”': 22, 'Last measurement in raw DN for LVPS Board signal “P3.3VREF_OP”': 23, 'Last measurement in raw DN for LVPS Board signal “N6V”': 24, 'Last measurement in raw DN for LVPS Board signal “P6V”': 25, 'Last measurement in raw DN for LVPS Board signal “P16V”': 26, 'Last measurement in raw DN for LVPS Board signal “P3.3V”': 27, 'Last measurement in raw DN for LVPS Board signal “N5V”': 28, 'Last measurement in raw DN for LVPS Board signal “P5V”': 29, 'Last measurement in raw DN for LVPS Board signal “P3.3_IMON”': 30, 'Last measurement in raw DN for LVPS Board signal “P16V_IMON”': 31, 'Last measurement in raw DN for LVPS Board signal “P6V_IMON”': 32, 'Last measurement in raw DN for LVPS Board signal “N6V_IMON”': 33, 'Last measurement in raw DN for LVPS Board signal “P5V_IMON”': 34, 'Last measurement in raw DN for LVPS Board signal “N5V_IMON”': 35, 'Last measurement in raw DN for LVPS Board signal “P2.5V_IMON”': 36, 'Last measurement in raw DN for LVPS Board signal “N2.5V_IMON”': 37, 'Last measurement in raw DN for LVPS Board signal “THERM_DECON0”': 38, 'Last measurement in raw DN for LVPS Board signal “THERM_DECON1”': 39, 'Last measurement in raw DN for LVPS Board signal “THERM_DAB”': 40, 'Last measurement in raw DN for LVPS Board signal “THERM_LVPS”': 41, 'Last measurement in raw DN for LVPS Board signal “THERM_HVPS”': 45, 'Last measurement in raw DN for LVPS Board signal “P2.5V”': 49, 'Last measurement in raw DN for LVPS Board signal “N2.5V”': 50, 'Last measurement in raw DN for LVPS Board signal “Spare”': 51}

 
 ***** var_name being converted for each instrument setting ***** 
 

Matching row  18
coeffs for Last measurement in raw DN for Processor Board signal “1V POL Current”= [0.0 0.9029253 0.0 0.0 0.0 0.0 0.0 0.0]
var_name = Last measurement in raw DN for Processor Board signal “1V POL Current”
var_name = current_1V_pol
Header info = 773
Transformed value for current_1V_pol = 697.9612569000001
Matching row  18
coeffs for Last measurement in raw DN for Processor Board signal “1.9V POL Current”= [0.0 0.9029253 0.0 0.0 0.0 0.0 0.0 0.0]
var_name = Last measurement in raw DN for Processor Board signal “1.9V POL Current”
var_name = current_1.9V_pol
Header info = 1272
Transformed value for current_1.9V_pol = 1148.5209816000001
Matching row  18
coeffs for Last measurement in raw DN for Processor Board signal “ProcBd Temp1”= [162.8276 -0.2668687 0.0003323794 -2.43153e-07 9.034532e-11 -1.327735e-14
 0.0 0.0]
var_name = Last measurement in raw DN for Processor Board signal “ProcBd Temp1”
var_name = temperature_1
Header info = 1515
Transformed value for temperature_1 = 45.87580776980745
Matching row  18
coeffs for nan= [-104713.9 52.02446 -0.006463374 0.0 0.0 0.0 0.0 0.0]
var_name = nan
var_name = None
KeyError: (28, None) - Could not find entry for None, 48. Please check the Var_notes or variable mapping.
Matching row  18
coeffs for Last measurement in raw DN for Processor Board signal “ProcBd Temp2”= [162.8276 -0.2668687 0.0003323794 -2.43153e-07 9.034532e-11 -1.327735e-14
 0.0 0.0]
var_name = Last measurement in raw DN for Processor Board signal “ProcBd Temp2”
var_name = temperature_2
Header info = 1939
Transformed value for temperature_2 = 35.574592988522454
Matching row  18
coeffs for Last measurement in raw DN for Processor Board signal “1V Voltage”= [0.0 0.000805861 0.0 0.0 0.0 0.0 0.0 0.0]
var_name = Last measurement in raw DN for Processor Board signal “1V Voltage”
var_name = voltage_1V_bus
Header info = 1243
Transformed value for voltage_1V_bus = 1.001685223
Matching row  18
coeffs for Last measurement in raw DN for Processor Board signal “FPGA Temp”= [358.31 -0.1187104 0.0 0.0 0.0 0.0 0.0 0.0]
var_name = Last measurement in raw DN for Processor Board signal “FPGA Temp”
var_name = fpga_temperature
Header info = 2642
Transformed value for fpga_temperature = 44.67712320000004
Matching row  18
coeffs for Last measurement in raw DN for Processor Board signal “1.9V Voltage”= [0.0 0.000805861 0.0 0.0 0.0 0.0 0.0 0.0]
var_name = Last measurement in raw DN for Processor Board signal “1.9V Voltage”
var_name = voltage_1.9V_bus
Header info = 2329
Transformed value for voltage_1.9V_bus = 1.876850269
Matching row  18
coeffs for Last measurement in raw DN for Processor Board signal “3.3V Voltage”= [0.0 0.001611722 0.0 0.0 0.0 0.0 0.0 0.0]
var_name = Last measurement in raw DN for Processor Board signal “3.3V Voltage”
var_name = voltage_3.3V_bus
Header info = 2041
Transformed value for voltage_3.3V_bus = 3.2895246019999997
Matching row  18
coeffs for Last measurement in raw DN for HVPS Board signal “Detector Voltage”= [0.0 1.4652 0.0 0.0 0.0 0.0 0.0 0.0]
var_name = Last measurement in raw DN for HVPS Board signal “Detector Voltage”
var_name = detector_voltage
Header info = 1367
Transformed value for detector_voltage = 2002.9284
Matching row  18
coeffs for Last measurement in raw DN for HVPS Board signal “Sensor Voltage"= [0.0 1.4652 0.0 0.0 0.0 0.0 0.0 0.0]
var_name = Last measurement in raw DN for HVPS Board signal “Sensor Voltage"
var_name = sensor_voltage
Header info = 2011
Transformed value for sensor_voltage = 2946.5172000000002
Matching row  18
coeffs for Last measurement in raw DN for HVPS Board signal “Target Voltage”= [0.0 1.4652 0.0 0.0 0.0 0.0 0.0 0.0]
var_name = Last measurement in raw DN for HVPS Board signal “Target Voltage”
var_name = target_voltage
Header info = 1709
Transformed value for target_voltage = 2504.0268
Matching row  18
coeffs for Last measurement in raw DN for HVPS Board signal “Reflectron Voltage”= [0.0 1.4652 0.0 0.0 0.0 0.0 0.0 0.0]
var_name = Last measurement in raw DN for HVPS Board signal “Reflectron Voltage”
var_name = reflectron_voltage
Header info = 135
Transformed value for reflectron_voltage = 197.80200000000002
Matching row  18
coeffs for Last measurement in raw DN for HVPS Board signal “Rejection Voltage”= [0.0 1.4652 0.0 0.0 0.0 0.0 0.0 0.0]
var_name = Last measurement in raw DN for HVPS Board signal “Rejection Voltage”
var_name = rejection_voltage
Header info = 2011
Transformed value for rejection_voltage = 2946.5172000000002
Matching row  18
coeffs for Last measurement in raw DN for HVPS Board signal “Detector Current”= [0.0 7.326e-06 0.0 0.0 0.0 0.0 0.0 0.0]
var_name = Last measurement in raw DN for HVPS Board signal “Detector Current”
var_name = current_hvps_sensor
Header info = 1949
Transformed value for current_hvps_sensor = 0.014278374
Matching row  18
coeffs for Last measurement in raw DN for HVPS Board signal “Sensor IP”= [0.0 2.4339e-05 0.0 0.0 0.0 0.0 0.0 0.0]
var_name = Last measurement in raw DN for HVPS Board signal “Sensor IP”
var_name = positive_current_hvps
Header info = 2701
Transformed value for positive_current_hvps = 0.065739639
Matching row  18
coeffs for Last measurement in raw DN for HVPS Board signal “Sensor IN”= [0.0 2.4339e-05 0.0 0.0 0.0 0.0 0.0 0.0]
var_name = Last measurement in raw DN for HVPS Board signal “Sensor IN”
var_name = negative_current_hvps
Header info = 304
Transformed value for negative_current_hvps = 0.007399055999999999
Matching row  18
coeffs for Last measurement in raw DN for LVPS Board signal “P3.3VREF_HK”= [0.0 0.00161172 0.0 0.0 0.0 0.0 0.0 0.0]
var_name = Last measurement in raw DN for LVPS Board signal “P3.3VREF_HK”
var_name = voltage_3V3_ref
Header info = 2048
Transformed value for voltage_3V3_ref = 3.30080256
Matching row  18
coeffs for Last measurement in raw DN for LVPS Board signal “P3.3VREF_OP”= [0.0 0.00161172 0.0 0.0 0.0 0.0 0.0 0.0]
var_name = Last measurement in raw DN for LVPS Board signal “P3.3VREF_OP”
var_name = voltage_3V3_op_ref
Header info = 2048
Transformed value for voltage_3V3_op_ref = 3.30080256
Matching row  18
coeffs for Last measurement in raw DN for LVPS Board signal “N6V”= [-33.0 0.00886447 0.0 0.0 0.0 0.0 0.0 0.0]
var_name = Last measurement in raw DN for LVPS Board signal “N6V”
var_name = voltage_neg6V_bus
Header info = 3002
Transformed value for voltage_neg6V_bus = -6.3888610600000035
Matching row  18
coeffs for Last measurement in raw DN for LVPS Board signal “P6V”= [0.0 0.00241758 0.0 0.0 0.0 0.0 0.0 0.0]
var_name = Last measurement in raw DN for LVPS Board signal “P6V”
var_name = voltage_pos6V_bus
Header info = 2622
Transformed value for voltage_pos6V_bus = 6.33889476
Matching row  18
coeffs for Last measurement in raw DN for LVPS Board signal “P16V”= [0.0 0.00482711 0.0 0.0 0.0 0.0 0.0 0.0]
var_name = Last measurement in raw DN for LVPS Board signal “P16V”
var_name = voltage_pos16V_bus
Header info = 3177
Transformed value for voltage_pos16V_bus = 15.33572847
Matching row  18
coeffs for Last measurement in raw DN for LVPS Board signal “P3.3V”= [0.0 0.00161172 0.0 0.0 0.0 0.0 0.0 0.0]
var_name = Last measurement in raw DN for LVPS Board signal “P3.3V”
var_name = voltage_pos3V3_bus
Header info = 2056
Transformed value for voltage_pos3V3_bus = 3.31369632
Matching row  18
coeffs for Last measurement in raw DN for LVPS Board signal “N5V”= [-33.0 0.00886447 0.0 0.0 0.0 0.0 0.0 0.0]
var_name = Last measurement in raw DN for LVPS Board signal “N5V”
var_name = voltage_neg5V_bus
Header info = 3156
Transformed value for voltage_neg5V_bus = -5.023732680000002
Matching row  18
coeffs for Last measurement in raw DN for LVPS Board signal “P5V”= [0.0 0.00161172 0.0 0.0 0.0 0.0 0.0 0.0]
var_name = Last measurement in raw DN for LVPS Board signal “P5V”
var_name = voltage_pos5V_bus
Header info = 3140
Transformed value for voltage_pos5V_bus = 5.0608008
Matching row  18
coeffs for Last measurement in raw DN for LVPS Board signal “P3.3_IMON”= [0.0 0.00161172 0.0 0.0 0.0 0.0 0.0 0.0]
var_name = Last measurement in raw DN for LVPS Board signal “P3.3_IMON”
var_name = current_3V3_bus
Header info = 1650
Transformed value for current_3V3_bus = 2.659338
Matching row  18
coeffs for Last measurement in raw DN for LVPS Board signal “P16V_IMON”= [0.0 0.000161172 0.0 0.0 0.0 0.0 0.0 0.0]
var_name = Last measurement in raw DN for LVPS Board signal “P16V_IMON”
var_name = current_16V_bus
Header info = 1173
Transformed value for current_16V_bus = 0.18905475600000002
Matching row  18
coeffs for Last measurement in raw DN for LVPS Board signal “P6V_IMON”= [0.0 8.05861e-05 0.0 0.0 0.0 0.0 0.0 0.0]
var_name = Last measurement in raw DN for LVPS Board signal “P6V_IMON”
var_name = current_6V_bus
Header info = 1519
Transformed value for current_6V_bus = 0.1224102859
Matching row  18
coeffs for Last measurement in raw DN for LVPS Board signal “N6V_IMON”= [0.0 -8.05861e-05 0.0 0.0 0.0 0.0 0.0 0.0]
var_name = Last measurement in raw DN for LVPS Board signal “N6V_IMON”
var_name = current_neg6V_bus
Header info = 1173
Transformed value for current_neg6V_bus = -0.0945274953
Matching row  18
coeffs for Last measurement in raw DN for LVPS Board signal “P5V_IMON”= [0.0 4.029304e-05 0.0 0.0 0.0 0.0 0.0 0.0]
var_name = Last measurement in raw DN for LVPS Board signal “P5V_IMON”
var_name = current_5V_bus
Header info = 1939
Transformed value for current_5V_bus = 0.07812820456
Matching row  18
coeffs for Last measurement in raw DN for LVPS Board signal “N5V_IMON”= [0.0 -2.01465e-05 0.0 0.0 0.0 0.0 0.0 0.0]
var_name = Last measurement in raw DN for LVPS Board signal “N5V_IMON”
var_name = current_neg5V_bus
Header info = 3447
Transformed value for current_neg5V_bus = -0.0694449855
Matching row  18
coeffs for Last measurement in raw DN for LVPS Board signal “P2.5V_IMON”= [0.0 0.00161172 0.0 0.0 0.0 0.0 0.0 0.0]
var_name = Last measurement in raw DN for LVPS Board signal “P2.5V_IMON”
var_name = current_2V5_bus
Header info = 456
Transformed value for current_2V5_bus = 0.73494432
Matching row  18
coeffs for Last measurement in raw DN for LVPS Board signal “N2.5V_IMON”= [0.0 -4.0293e-05 0.0 0.0 0.0 0.0 0.0 0.0]
var_name = Last measurement in raw DN for LVPS Board signal “N2.5V_IMON”
var_name = current_neg2V5_bus
Header info = 2937
Transformed value for current_neg2V5_bus = -0.11834054100000001
Matching row  18
coeffs for Last measurement in raw DN for LVPS Board signal “THERM_DECON0”= [-110.293 0.0665351 0.000305738 -6.32048e-07 5.9934e-10 -2.98784e-13
 7.61361e-17 -7.76467e-21]
var_name = Last measurement in raw DN for LVPS Board signal “THERM_DECON0”
var_name = None
KeyError: (28, None) - Could not find entry for None, 38. Please check the Var_notes or variable mapping.
Matching row  18
coeffs for Last measurement in raw DN for LVPS Board signal “THERM_DECON1”= [-150.478 0.376986 -0.00062072 7.73853e-07 -5.81588e-10 2.56368e-13
 -6.05698e-17 5.96635e-21]
var_name = Last measurement in raw DN for LVPS Board signal “THERM_DECON1”
var_name = None
KeyError: (28, None) - Could not find entry for None, 39. Please check the Var_notes or variable mapping.
Matching row  18
coeffs for Last measurement in raw DN for LVPS Board signal “THERM_DAB”= [-443.248 1.31224 -0.00180422 1.40016e-06 -6.43766e-10 1.7448e-13
 -2.57695e-17 1.60239e-21]
var_name = Last measurement in raw DN for LVPS Board signal “THERM_DAB”
var_name = None
KeyError: (28, None) - Could not find entry for None, 40. Please check the Var_notes or variable mapping.
Matching row  18
coeffs for Last measurement in raw DN for LVPS Board signal “THERM_LVPS”= [200.4137 -0.2020699 0.000175403 -9.739547e-08 2.888932e-11 -3.545603e-15
 0.0 0.0]
var_name = Last measurement in raw DN for LVPS Board signal “THERM_LVPS”
var_name = None
KeyError: (28, None) - Could not find entry for None, 41. Please check the Var_notes or variable mapping.
Matching row  18
coeffs for Last measurement in raw DN for LVPS Board signal “THERM_HVPS”= [200.4137 -0.2020699 0.000175403 -9.739547e-08 2.888932e-11 -3.545603e-15
 0.0 0.0]
var_name = Last measurement in raw DN for LVPS Board signal “THERM_HVPS”
var_name = None
KeyError: (28, None) - Could not find entry for None, 45. Please check the Var_notes or variable mapping.
Matching row  18
coeffs for Last measurement in raw DN for LVPS Board signal “P2.5V”= [0.0 0.00161172 0.0 0.0 0.0 0.0 0.0 0.0]
var_name = Last measurement in raw DN for LVPS Board signal “P2.5V”
var_name = None
KeyError: (28, None) - Could not find entry for None, 49. Please check the Var_notes or variable mapping.
Matching row  18
coeffs for Last measurement in raw DN for LVPS Board signal “N2.5V”= [-33.0 0.00886447 0.0 0.0 0.0 0.0 0.0 0.0]
var_name = Last measurement in raw DN for LVPS Board signal “N2.5V”
var_name = None
KeyError: (28, None) - Could not find entry for None, 50. Please check the Var_notes or variable mapping.
Matching row  18
coeffs for Last measurement in raw DN for LVPS Board signal “Spare”= [0.0 0.00161172 0.0 0.0 0.0 0.0 0.0 0.0]
var_name = Last measurement in raw DN for LVPS Board signal “Spare”
var_name = spare_signal
KeyError: (28, 'spare_signal') - Could not find entry for spare_signal, 51. Please check the Var_notes or variable mapping.
High gain delay = 76 samples.
Mid gain delay = 47 samples.
Low gain delay = 47 samples.
High sampling trigger mode =  0 0 1
High gain trigger mode enabled.
For 2222981120, HG Trigger level = 0.15317, sample settings = 0, 0
Threshold trigger mode enabled for high gain channel.
AID = 2415008032
Event number = 27
Rice compression enabled = False
Timestamp = 429139002.62092 seconds since epoch (Midnight January 1st, 2010)
Trigger time = 2023-08-07T21:16:42.620920Z
28
28
28
28
28
28
28
28
28
28
28
28
28
{'SHCOARSE': ParsedDataItem(SHCOARSE, raw=429139546, derived=429139546, unit=dn), 'SHFINE': ParsedDataItem(SHFINE, raw=7164, derived=7164, unit=dn), 'IDX__SCI0AID': ParsedDataItem(IDX__SCI0AID, raw=2415008032, derived=2415008032, unit=None), 'IDX__SCI0TYPE': ParsedDataItem(IDX__SCI0TYPE, raw=1, derived=1, unit=None), 'IDX__SCI0CONT': ParsedDataItem(IDX__SCI0CONT, raw=127, derived=127, unit=None), 'IDX__SCI0SPARE1': ParsedDataItem(IDX__SCI0SPARE1, raw=0, derived=0, unit=None), 'IDX__SCI0PACK': ParsedDataItem(IDX__SCI0PACK, raw=1, derived=EN, unit=None), 'IDX__SCI0FRAG': ParsedDataItem(IDX__SCI0FRAG, raw=0, derived=DS, unit=None), 'IDX__SCI0COMP': ParsedDataItem(IDX__SCI0COMP, raw=0, derived=DS, unit=None), 'IDX__SCI0EVTNUM': ParsedDataItem(IDX__SCI0EVTNUM, raw=28, derived=28, unit=None), 'IDX__SCI0CAT': ParsedDataItem(IDX__SCI0CAT, raw=32, derived=32, unit=None), 'IDX__SCI0QUAL': ParsedDataItem(IDX__SCI0QUAL, raw=5, derived=5, unit=None), 'IDX__SCI0FRAGOFF': ParsedDataItem(IDX__SCI0FRAGOFF, raw=0, derived=0, unit=None), 'IDX__SCI0VER': ParsedDataItem(IDX__SCI0VER, raw=9, derived=9, unit=None), 'IDX__SCI0TIME32': ParsedDataItem(IDX__SCI0TIME32, raw=429139004, derived=429139004, unit=None), 'IDX__SCI0SPARE2': ParsedDataItem(IDX__SCI0SPARE2, raw=0, derived=0, unit=None), 'IDX__SCI0SPARE3': ParsedDataItem(IDX__SCI0SPARE3, raw=0, derived=0, unit=None), 'IDX__SCI0SPARE4': ParsedDataItem(IDX__SCI0SPARE4, raw=0, derived=0, unit=None), 'IDX__TXHDRSCIEVTLEN': ParsedDataItem(IDX__TXHDRSCIEVTLEN, raw=8320, derived=8320, unit=None), 'IDX__TXHDRSP00': ParsedDataItem(IDX__TXHDRSP00, raw=0, derived=0, unit=None), 'IDX__TXHDRTIMESEC1': ParsedDataItem(IDX__TXHDRTIMESEC1, raw=6548, derived=6548, unit=None), 'IDX__TXHDRTIMESEC2': ParsedDataItem(IDX__TXHDRTIMESEC2, raw=9276, derived=9276, unit=None), 'IDX__TXHDRTIMESUBS': ParsedDataItem(IDX__TXHDRTIMESUBS, raw=12278, derived=12278, unit=None), 'IDX__TXHDRSP01': ParsedDataItem(IDX__TXHDRSP01, raw=0, derived=0, unit=None), 'IDX__TXHDRTRIGOFFSET': ParsedDataItem(IDX__TXHDRTRIGOFFSET, raw=0, derived=0, unit=None), 'IDX__TXHDRSP02': ParsedDataItem(IDX__TXHDRSP02, raw=0, derived=0, unit=None), 'IDX__TXHDRTRIGID': ParsedDataItem(IDX__TXHDRTRIGID, raw=1, derived=1, unit=None), 'IDX__TXHDREVTNUM': ParsedDataItem(IDX__TXHDREVTNUM, raw=28, derived=28, unit=None), 'IDX__TXHDRBLOCKS': ParsedDataItem(IDX__TXHDRBLOCKS, raw=243679, derived=243679, unit=None), 'IDX__TXHDRHGTRIGCTRL1': ParsedDataItem(IDX__TXHDRHGTRIGCTRL1, raw=2222981120, derived=2222981120, unit=None), 'IDX__TXHDRHGTRIGCTRL2': ParsedDataItem(IDX__TXHDRHGTRIGCTRL2, raw=0, derived=0, unit=None), 'IDX__TXHDRLGTRIGCTRL1': ParsedDataItem(IDX__TXHDRLGTRIGCTRL1, raw=4294965248, derived=4294965248, unit=None), 'IDX__TXHDRLGTRIGCTRL2': ParsedDataItem(IDX__TXHDRLGTRIGCTRL2, raw=4278255360, derived=4278255360, unit=None), 'IDX__TXHDRMGTRIGCTRL1': ParsedDataItem(IDX__TXHDRMGTRIGCTRL1, raw=4294965248, derived=4294965248, unit=None), 'IDX__TXHDRMGTRIGCTRL2': ParsedDataItem(IDX__TXHDRMGTRIGCTRL2, raw=4278255360, derived=4278255360, unit=None), 'IDX__TXHDRSP03': ParsedDataItem(IDX__TXHDRSP03, raw=0, derived=0, unit=None), 'IDX__TXHDRLSADC': ParsedDataItem(IDX__TXHDRLSADC, raw=1048320, derived=1048320, unit=None), 'IDX__TXHDRPOLSTAT': ParsedDataItem(IDX__TXHDRPOLSTAT, raw=1, derived=NEG, unit=None), 'IDX__TXHDRSP04': ParsedDataItem(IDX__TXHDRSP04, raw=0, derived=0, unit=None), 'IDX__TXHDRPOLCTRL': ParsedDataItem(IDX__TXHDRPOLCTRL, raw=0, derived=POS, unit=None), 'IDX__TXHDRCOINENA': ParsedDataItem(IDX__TXHDRCOINENA, raw=0, derived=DIS, unit=None), 'IDX__TXHDRLSTRIGMODE': ParsedDataItem(IDX__TXHDRLSTRIGMODE, raw=0, derived=DIS, unit=None), 'IDX__TXHDRMGTRIGMODE': ParsedDataItem(IDX__TXHDRMGTRIGMODE, raw=0, derived=0, unit=None), 'IDX__TXHDRLGTRIGMODE': ParsedDataItem(IDX__TXHDRLGTRIGMODE, raw=0, derived=0, unit=None), 'IDX__TXHDRHGTRIGMODE': ParsedDataItem(IDX__TXHDRHGTRIGMODE, raw=1, derived=1, unit=None), 'IDX__TXHDRSP05': ParsedDataItem(IDX__TXHDRSP05, raw=0, derived=0, unit=None), 'IDX__TXHDRSP06': ParsedDataItem(IDX__TXHDRSP06, raw=0, derived=0, unit=None), 'IDX__TXHDRSP07': ParsedDataItem(IDX__TXHDRSP07, raw=2018, derived=2018, unit=None), 'IDX__TXHDRSP08': ParsedDataItem(IDX__TXHDRSP08, raw=0, derived=0, unit=None), 'IDX__TXHDRTOFMAX': ParsedDataItem(IDX__TXHDRTOFMAX, raw=541596226, derived=541596226, unit=None), 'IDX__TXHDRTOFMIN': ParsedDataItem(IDX__TXHDRTOFMIN, raw=535295476, derived=535295476, unit=None), 'IDX__TXHDRLS0MAXMIN': ParsedDataItem(IDX__TXHDRLS0MAXMIN, raw=8521728, derived=8521728, unit=None), 'IDX__TXHDRLS1MAXMIN': ParsedDataItem(IDX__TXHDRLS1MAXMIN, raw=8939408, derived=8939408, unit=None), 'IDX__TXHDRLS2MAXMIN': ParsedDataItem(IDX__TXHDRLS2MAXMIN, raw=8456161, derived=8456161, unit=None), 'IDX__TXHDRFIFODELAY': ParsedDataItem(IDX__TXHDRFIFODELAY, raw=15, derived=15, unit=None), 'IDX__TXHDRSAMPDELAY': ParsedDataItem(IDX__TXHDRSAMPDELAY, raw=1073740829, derived=1073740829, unit=None), 'IDX__TXHDRTRANSCNT': ParsedDataItem(IDX__TXHDRTRANSCNT, raw=2, derived=2, unit=None), 'IDX__TXHDRPROCHKCH01': ParsedDataItem(IDX__TXHDRPROCHKCH01, raw=83362565, derived=83362565, unit=None), 'IDX__TXHDRPROCHKCH23': ParsedDataItem(IDX__TXHDRPROCHKCH23, raw=127075818, derived=127075818, unit=None), 'IDX__TXHDRPROCHKCH45': ParsedDataItem(IDX__TXHDRPROCHKCH45, raw=173147355, derived=173147355, unit=None), 'IDX__TXHDRPROCHKCH67': ParsedDataItem(IDX__TXHDRPROCHKCH67, raw=133761305, derived=133761305, unit=None), 'IDX__TXHDRHVPSHKCH01': ParsedDataItem(IDX__TXHDRHVPSHKCH01, raw=131794262, derived=131794262, unit=None), 'IDX__TXHDRHVPSHKCH23': ParsedDataItem(IDX__TXHDRHVPSHKCH23, raw=8849069, derived=8849069, unit=None), 'IDX__TXHDRHVPSHKCH45': ParsedDataItem(IDX__TXHDRHVPSHKCH45, raw=127731675, derived=127731675, unit=None), 'IDX__TXHDRHVPSHKCH67': ParsedDataItem(IDX__TXHDRHVPSHKCH67, raw=19991181, derived=19991181, unit=None), 'IDX__TXHDRLVHK0CH01': ParsedDataItem(IDX__TXHDRLVHK0CH01, raw=134219776, derived=134219776, unit=None), 'IDX__TXHDRLVHK0CH23': ParsedDataItem(IDX__TXHDRLVHK0CH23, raw=171838394, derived=171838394, unit=None), 'IDX__TXHDRLVHK0CH45': ParsedDataItem(IDX__TXHDRLVHK0CH45, raw=134745193, derived=134745193, unit=None), 'IDX__TXHDRLVHK0CH67': ParsedDataItem(IDX__TXHDRLVHK0CH67, raw=205786196, derived=205786196, unit=None), 'IDX__TXHDRLVHK1CH01': ParsedDataItem(IDX__TXHDRLVHK1CH01, raw=33359474, derived=33359474, unit=None), 'IDX__TXHDRLVHK1CH23': ParsedDataItem(IDX__TXHDRLVHK1CH23, raw=76940783, derived=76940783, unit=None), 'IDX__TXHDRLVHK1CH45': ParsedDataItem(IDX__TXHDRLVHK1CH45, raw=225904531, derived=225904531, unit=None), 'IDX__TXHDRLVHK1CH67': ParsedDataItem(IDX__TXHDRLVHK1CH67, raw=192545224, derived=192545224, unit=None), 'IDX__TXHDRLVHK2CH01': ParsedDataItem(IDX__TXHDRLVHK2CH01, raw=80872662, derived=80872662, unit=None), 'IDX__TXHDRLVHK2CH23': ParsedDataItem(IDX__TXHDRLVHK2CH23, raw=206047816, derived=206047816, unit=None), 'IDX__TXHDRLVHK2CH45': ParsedDataItem(IDX__TXHDRLVHK2CH45, raw=101059853, derived=101059853, unit=None), 'IDX__TXHDRLVHK2CH67': ParsedDataItem(IDX__TXHDRLVHK2CH67, raw=69017, derived=69017, unit=None), 'IDX__TXHDRSP09': ParsedDataItem(IDX__TXHDRSP09, raw=0, derived=0, unit=None), 'IDX__TXHDRSP10': ParsedDataItem(IDX__TXHDRSP10, raw=0, derived=0, unit=None), 'IDX__TXHDRFSWAIDCOPY': ParsedDataItem(IDX__TXHDRFSWAIDCOPY, raw=2415008032, derived=2415008032, unit=None), 'IDX__TXHDRFSWBINCOPY': ParsedDataItem(IDX__TXHDRFSWBINCOPY, raw=0, derived=0, unit=None), 'IDX__TXHDRFSWMAJOR': ParsedDataItem(IDX__TXHDRFSWMAJOR, raw=2, derived=2, unit=None), 'IDX__TXHDRFSWMINOR': ParsedDataItem(IDX__TXHDRFSWMINOR, raw=0, derived=0, unit=None), 'IDX__TXHDRFSWPATCH': ParsedDataItem(IDX__TXHDRFSWPATCH, raw=0, derived=0, unit=None), 'IDX__TXHDRFSWHVSTAT': ParsedDataItem(IDX__TXHDRFSWHVSTAT, raw=3, derived=3, unit=None), 'IDX__TXHDRFSWMEM0': ParsedDataItem(IDX__TXHDRFSWMEM0, raw=0, derived=0, unit=None), 'IDX__TXHDRFSWMEM1': ParsedDataItem(IDX__TXHDRFSWMEM1, raw=0, derived=0, unit=None), 'IDX__TXHDRFSWPT0': ParsedDataItem(IDX__TXHDRFSWPT0, raw=0, derived=0, unit=None), 'IDX__TXHDRFSWPT1': ParsedDataItem(IDX__TXHDRFSWPT1, raw=0, derived=0, unit=None), 'IDX__TXHDRFSWPT2': ParsedDataItem(IDX__TXHDRFSWPT2, raw=0, derived=0, unit=None), 'IDX__TXHDRFSWPT3': ParsedDataItem(IDX__TXHDRFSWPT3, raw=0, derived=0, unit=None), 'IDX__TXHDRFSWPT4': ParsedDataItem(IDX__TXHDRFSWPT4, raw=0, derived=0, unit=None), 'IDX__TXHDRFSWPT5': ParsedDataItem(IDX__TXHDRFSWPT5, raw=0, derived=0, unit=None), 'IDX__TXHDRFSWPT6': ParsedDataItem(IDX__TXHDRFSWPT6, raw=0, derived=0, unit=None), 'IDX__TXHDRFSWPT7': ParsedDataItem(IDX__TXHDRFSWPT7, raw=0, derived=0, unit=None), 'IDX__TXHDRFSWPT8': ParsedDataItem(IDX__TXHDRFSWPT8, raw=0, derived=0, unit=None), 'IDX__TXHDRFSWPT9': ParsedDataItem(IDX__TXHDRFSWPT9, raw=0, derived=0, unit=None), 'IDX__TXHDRFPGAVER': ParsedDataItem(IDX__TXHDRFPGAVER, raw=539165480, derived=539165480, unit=None), 'IDX__SYNCSCI0PKT': ParsedDataItem(IDX__SYNCSCI0PKT, raw=13107, derived=13107, unit=None), 'IDX__CRCSCI0PKT': ParsedDataItem(IDX__CRCSCI0PKT, raw=30495, derived=30495, unit=None)}
SHCOARSE = 429139546
SHFINE = 7164
IDX__SCI0AID = 2415008032
IDX__SCI0TYPE = 1
IDX__SCI0CONT = 127
IDX__SCI0SPARE1 = 0
IDX__SCI0PACK = EN
IDX__SCI0FRAG = DS
IDX__SCI0COMP = DS
IDX__SCI0EVTNUM = 28
IDX__SCI0CAT = 32
IDX__SCI0QUAL = 5
IDX__SCI0FRAGOFF = 0
IDX__SCI0VER = 9
IDX__SCI0TIME32 = 429139004
IDX__SCI0SPARE2 = 0
IDX__SCI0SPARE3 = 0
IDX__SCI0SPARE4 = 0
IDX__TXHDRSCIEVTLEN = 8320
IDX__TXHDRSP00 = 0
IDX__TXHDRTIMESEC1 = 6548
IDX__TXHDRTIMESEC2 = 9276
IDX__TXHDRTIMESUBS = 12278
IDX__TXHDRSP01 = 0
IDX__TXHDRTRIGOFFSET = 0
IDX__TXHDRSP02 = 0
IDX__TXHDRTRIGID = 1
IDX__TXHDREVTNUM = 28
IDX__TXHDRBLOCKS = 243679
IDX__TXHDRHGTRIGCTRL1 = 2222981120
IDX__TXHDRHGTRIGCTRL2 = 0
IDX__TXHDRLGTRIGCTRL1 = 4294965248
IDX__TXHDRLGTRIGCTRL2 = 4278255360
IDX__TXHDRMGTRIGCTRL1 = 4294965248
IDX__TXHDRMGTRIGCTRL2 = 4278255360
IDX__TXHDRSP03 = 0
IDX__TXHDRLSADC = 1048320
IDX__TXHDRPOLSTAT = NEG
IDX__TXHDRSP04 = 0
IDX__TXHDRPOLCTRL = POS
IDX__TXHDRCOINENA = DIS
IDX__TXHDRLSTRIGMODE = DIS
IDX__TXHDRMGTRIGMODE = 0
IDX__TXHDRLGTRIGMODE = 0
IDX__TXHDRHGTRIGMODE = 1
IDX__TXHDRSP05 = 0
IDX__TXHDRSP06 = 0
IDX__TXHDRSP07 = 2018
IDX__TXHDRSP08 = 0
IDX__TXHDRTOFMAX = 541596226
IDX__TXHDRTOFMIN = 535295476
IDX__TXHDRLS0MAXMIN = 8521728
IDX__TXHDRLS1MAXMIN = 8939408
IDX__TXHDRLS2MAXMIN = 8456161
IDX__TXHDRFIFODELAY = 15
IDX__TXHDRSAMPDELAY = 1073740829
IDX__TXHDRTRANSCNT = 2
IDX__TXHDRPROCHKCH01 = 83362565
IDX__TXHDRPROCHKCH23 = 127075818
IDX__TXHDRPROCHKCH45 = 173147355
IDX__TXHDRPROCHKCH67 = 133761305
IDX__TXHDRHVPSHKCH01 = 131794262
IDX__TXHDRHVPSHKCH23 = 8849069
IDX__TXHDRHVPSHKCH45 = 127731675
IDX__TXHDRHVPSHKCH67 = 19991181
IDX__TXHDRLVHK0CH01 = 134219776
IDX__TXHDRLVHK0CH23 = 171838394
IDX__TXHDRLVHK0CH45 = 134745193
IDX__TXHDRLVHK0CH67 = 205786196
IDX__TXHDRLVHK1CH01 = 33359474
IDX__TXHDRLVHK1CH23 = 76940783
IDX__TXHDRLVHK1CH45 = 225904531
IDX__TXHDRLVHK1CH67 = 192545224
IDX__TXHDRLVHK2CH01 = 80872662
IDX__TXHDRLVHK2CH23 = 206047816
IDX__TXHDRLVHK2CH45 = 101059853
IDX__TXHDRLVHK2CH67 = 69017
IDX__TXHDRSP09 = 0
IDX__TXHDRSP10 = 0
IDX__TXHDRFSWAIDCOPY = 2415008032
IDX__TXHDRFSWBINCOPY = 0
IDX__TXHDRFSWMAJOR = 2
IDX__TXHDRFSWMINOR = 0
IDX__TXHDRFSWPATCH = 0
IDX__TXHDRFSWHVSTAT = 3
IDX__TXHDRFSWMEM0 = 0
IDX__TXHDRFSWMEM1 = 0
IDX__TXHDRFSWPT0 = 0
IDX__TXHDRFSWPT1 = 0
IDX__TXHDRFSWPT2 = 0
IDX__TXHDRFSWPT3 = 0
IDX__TXHDRFSWPT4 = 0
IDX__TXHDRFSWPT5 = 0
IDX__TXHDRFSWPT6 = 0
IDX__TXHDRFSWPT7 = 0
IDX__TXHDRFSWPT8 = 0
IDX__TXHDRFSWPT9 = 0
IDX__TXHDRFPGAVER = 539165480
IDX__SYNCSCI0PKT = 13107
IDX__CRCSCI0PKT = 30495
^*****Event header 29******^
EVTNUM: 29
SCI0TYPE: 1
TXHDRBLOCKS RAW: 243679
TXHDRBLOCKS DERIVED: 243679
-----
HS pre trig sampling blocks:  31
LS pre trig sampling blocks:  3
HS post trig sampling blocks:  31
LS post trig sampling blocks:  11
IDX__TXHDRHVPSHKCH01 = 131794262
Detector voltage =  1366
Sensor voltage =  2011
Target voltage =  1709
Reflectron voltage =  135
Rejection voltage =  2011
Current for HVPS sensor =  1949
Positive current for HVPS sensor =  2701
Negative current for HVPS sensor =  305
Voltage +3.3V reference =  2048
Voltage +3.3V operational reference =  2048
Voltage -6V bus =  3002
Voltage +6V bus =  2622
Voltage +16V bus =  3177
Voltage +3.3V bus =  2056
Voltage -5V bus =  3156
Voltage +5V bus =  3140
Current +3.3V bus =  1650
Current +16V bus =  1174
Current +6V bus =  1519
Current -6V bus =  1174
Current +5V bus =  1939
Current -5V bus =  3447
Current +2.5V bus =  456
Current -2.5V bus =  2938
Current on the 1V POL =  773
Current on the 1.9V POL =  1272
ProcBd Temperature 1 =  1514
ProcBd Temperature 2 =  1939
Voltage on 1V bus =  1243
FPGA Temperature =  2642
Voltage on 1.9V bus =  2329
Voltage on 3.3V bus =  2041
var_to_row = {'Last measurement in raw DN for Processor Board signal “1V POL Current”': 0, 'Last measurement in raw DN for Processor Board signal “1.9V POL Current”': 1, 'Last measurement in raw DN for Processor Board signal “ProcBd Temp1”': 2, nan: 48, 'Last measurement in raw DN for Processor Board signal “ProcBd Temp2”': 6, 'Last measurement in raw DN for Processor Board signal “1V Voltage”': 10, 'Last measurement in raw DN for Processor Board signal “FPGA Temp”': 11, 'Last measurement in raw DN for Processor Board signal “1.9V Voltage”': 12, 'Last measurement in raw DN for Processor Board signal “3.3V Voltage”': 13, 'Last measurement in raw DN for HVPS Board signal “Detector Voltage”': 14, 'Last measurement in raw DN for HVPS Board signal “Sensor Voltage"': 15, 'Last measurement in raw DN for HVPS Board signal “Target Voltage”': 16, 'Last measurement in raw DN for HVPS Board signal “Reflectron Voltage”': 17, 'Last measurement in raw DN for HVPS Board signal “Rejection Voltage”': 18, 'Last measurement in raw DN for HVPS Board signal “Detector Current”': 19, 'Last measurement in raw DN for HVPS Board signal “Sensor IP”': 20, 'Last measurement in raw DN for HVPS Board signal “Sensor IN”': 21, 'Last measurement in raw DN for LVPS Board signal “P3.3VREF_HK”': 22, 'Last measurement in raw DN for LVPS Board signal “P3.3VREF_OP”': 23, 'Last measurement in raw DN for LVPS Board signal “N6V”': 24, 'Last measurement in raw DN for LVPS Board signal “P6V”': 25, 'Last measurement in raw DN for LVPS Board signal “P16V”': 26, 'Last measurement in raw DN for LVPS Board signal “P3.3V”': 27, 'Last measurement in raw DN for LVPS Board signal “N5V”': 28, 'Last measurement in raw DN for LVPS Board signal “P5V”': 29, 'Last measurement in raw DN for LVPS Board signal “P3.3_IMON”': 30, 'Last measurement in raw DN for LVPS Board signal “P16V_IMON”': 31, 'Last measurement in raw DN for LVPS Board signal “P6V_IMON”': 32, 'Last measurement in raw DN for LVPS Board signal “N6V_IMON”': 33, 'Last measurement in raw DN for LVPS Board signal “P5V_IMON”': 34, 'Last measurement in raw DN for LVPS Board signal “N5V_IMON”': 35, 'Last measurement in raw DN for LVPS Board signal “P2.5V_IMON”': 36, 'Last measurement in raw DN for LVPS Board signal “N2.5V_IMON”': 37, 'Last measurement in raw DN for LVPS Board signal “THERM_DECON0”': 38, 'Last measurement in raw DN for LVPS Board signal “THERM_DECON1”': 39, 'Last measurement in raw DN for LVPS Board signal “THERM_DAB”': 40, 'Last measurement in raw DN for LVPS Board signal “THERM_LVPS”': 41, 'Last measurement in raw DN for LVPS Board signal “THERM_HVPS”': 45, 'Last measurement in raw DN for LVPS Board signal “P2.5V”': 49, 'Last measurement in raw DN for LVPS Board signal “N2.5V”': 50, 'Last measurement in raw DN for LVPS Board signal “Spare”': 51}

 
 ***** var_name being converted for each instrument setting ***** 
 

Matching row  18
coeffs for Last measurement in raw DN for Processor Board signal “1V POL Current”= [0.0 0.9029253 0.0 0.0 0.0 0.0 0.0 0.0]
var_name = Last measurement in raw DN for Processor Board signal “1V POL Current”
var_name = current_1V_pol
Header info = 773
Transformed value for current_1V_pol = 697.9612569000001
Matching row  18
coeffs for Last measurement in raw DN for Processor Board signal “1.9V POL Current”= [0.0 0.9029253 0.0 0.0 0.0 0.0 0.0 0.0]
var_name = Last measurement in raw DN for Processor Board signal “1.9V POL Current”
var_name = current_1.9V_pol
Header info = 1272
Transformed value for current_1.9V_pol = 1148.5209816000001
Matching row  18
coeffs for Last measurement in raw DN for Processor Board signal “ProcBd Temp1”= [162.8276 -0.2668687 0.0003323794 -2.43153e-07 9.034532e-11 -1.327735e-14
 0.0 0.0]
var_name = Last measurement in raw DN for Processor Board signal “ProcBd Temp1”
var_name = temperature_1
Header info = 1514
Transformed value for temperature_1 = 45.90295960214243
Matching row  18
coeffs for nan= [-104713.9 52.02446 -0.006463374 0.0 0.0 0.0 0.0 0.0]
var_name = nan
var_name = None
KeyError: (29, None) - Could not find entry for None, 48. Please check the Var_notes or variable mapping.
Matching row  18
coeffs for Last measurement in raw DN for Processor Board signal “ProcBd Temp2”= [162.8276 -0.2668687 0.0003323794 -2.43153e-07 9.034532e-11 -1.327735e-14
 0.0 0.0]
var_name = Last measurement in raw DN for Processor Board signal “ProcBd Temp2”
var_name = temperature_2
Header info = 1939
Transformed value for temperature_2 = 35.574592988522454
Matching row  18
coeffs for Last measurement in raw DN for Processor Board signal “1V Voltage”= [0.0 0.000805861 0.0 0.0 0.0 0.0 0.0 0.0]
var_name = Last measurement in raw DN for Processor Board signal “1V Voltage”
var_name = voltage_1V_bus
Header info = 1243
Transformed value for voltage_1V_bus = 1.001685223
Matching row  18
coeffs for Last measurement in raw DN for Processor Board signal “FPGA Temp”= [358.31 -0.1187104 0.0 0.0 0.0 0.0 0.0 0.0]
var_name = Last measurement in raw DN for Processor Board signal “FPGA Temp”
var_name = fpga_temperature
Header info = 2642
Transformed value for fpga_temperature = 44.67712320000004
Matching row  18
coeffs for Last measurement in raw DN for Processor Board signal “1.9V Voltage”= [0.0 0.000805861 0.0 0.0 0.0 0.0 0.0 0.0]
var_name = Last measurement in raw DN for Processor Board signal “1.9V Voltage”
var_name = voltage_1.9V_bus
Header info = 2329
Transformed value for voltage_1.9V_bus = 1.876850269
Matching row  18
coeffs for Last measurement in raw DN for Processor Board signal “3.3V Voltage”= [0.0 0.001611722 0.0 0.0 0.0 0.0 0.0 0.0]
var_name = Last measurement in raw DN for Processor Board signal “3.3V Voltage”
var_name = voltage_3.3V_bus
Header info = 2041
Transformed value for voltage_3.3V_bus = 3.2895246019999997
Matching row  18
coeffs for Last measurement in raw DN for HVPS Board signal “Detector Voltage”= [0.0 1.4652 0.0 0.0 0.0 0.0 0.0 0.0]
var_name = Last measurement in raw DN for HVPS Board signal “Detector Voltage”
var_name = detector_voltage
Header info = 1366
Transformed value for detector_voltage = 2001.4632000000001
Matching row  18
coeffs for Last measurement in raw DN for HVPS Board signal “Sensor Voltage"= [0.0 1.4652 0.0 0.0 0.0 0.0 0.0 0.0]
var_name = Last measurement in raw DN for HVPS Board signal “Sensor Voltage"
var_name = sensor_voltage
Header info = 2011
Transformed value for sensor_voltage = 2946.5172000000002
Matching row  18
coeffs for Last measurement in raw DN for HVPS Board signal “Target Voltage”= [0.0 1.4652 0.0 0.0 0.0 0.0 0.0 0.0]
var_name = Last measurement in raw DN for HVPS Board signal “Target Voltage”
var_name = target_voltage
Header info = 1709
Transformed value for target_voltage = 2504.0268
Matching row  18
coeffs for Last measurement in raw DN for HVPS Board signal “Reflectron Voltage”= [0.0 1.4652 0.0 0.0 0.0 0.0 0.0 0.0]
var_name = Last measurement in raw DN for HVPS Board signal “Reflectron Voltage”
var_name = reflectron_voltage
Header info = 135
Transformed value for reflectron_voltage = 197.80200000000002
Matching row  18
coeffs for Last measurement in raw DN for HVPS Board signal “Rejection Voltage”= [0.0 1.4652 0.0 0.0 0.0 0.0 0.0 0.0]
var_name = Last measurement in raw DN for HVPS Board signal “Rejection Voltage”
var_name = rejection_voltage
Header info = 2011
Transformed value for rejection_voltage = 2946.5172000000002
Matching row  18
coeffs for Last measurement in raw DN for HVPS Board signal “Detector Current”= [0.0 7.326e-06 0.0 0.0 0.0 0.0 0.0 0.0]
var_name = Last measurement in raw DN for HVPS Board signal “Detector Current”
var_name = current_hvps_sensor
Header info = 1949
Transformed value for current_hvps_sensor = 0.014278374
Matching row  18
coeffs for Last measurement in raw DN for HVPS Board signal “Sensor IP”= [0.0 2.4339e-05 0.0 0.0 0.0 0.0 0.0 0.0]
var_name = Last measurement in raw DN for HVPS Board signal “Sensor IP”
var_name = positive_current_hvps
Header info = 2701
Transformed value for positive_current_hvps = 0.065739639
Matching row  18
coeffs for Last measurement in raw DN for HVPS Board signal “Sensor IN”= [0.0 2.4339e-05 0.0 0.0 0.0 0.0 0.0 0.0]
var_name = Last measurement in raw DN for HVPS Board signal “Sensor IN”
var_name = negative_current_hvps
Header info = 305
Transformed value for negative_current_hvps = 0.007423394999999999
Matching row  18
coeffs for Last measurement in raw DN for LVPS Board signal “P3.3VREF_HK”= [0.0 0.00161172 0.0 0.0 0.0 0.0 0.0 0.0]
var_name = Last measurement in raw DN for LVPS Board signal “P3.3VREF_HK”
var_name = voltage_3V3_ref
Header info = 2048
Transformed value for voltage_3V3_ref = 3.30080256
Matching row  18
coeffs for Last measurement in raw DN for LVPS Board signal “P3.3VREF_OP”= [0.0 0.00161172 0.0 0.0 0.0 0.0 0.0 0.0]
var_name = Last measurement in raw DN for LVPS Board signal “P3.3VREF_OP”
var_name = voltage_3V3_op_ref
Header info = 2048
Transformed value for voltage_3V3_op_ref = 3.30080256
Matching row  18
coeffs for Last measurement in raw DN for LVPS Board signal “N6V”= [-33.0 0.00886447 0.0 0.0 0.0 0.0 0.0 0.0]
var_name = Last measurement in raw DN for LVPS Board signal “N6V”
var_name = voltage_neg6V_bus
Header info = 3002
Transformed value for voltage_neg6V_bus = -6.3888610600000035
Matching row  18
coeffs for Last measurement in raw DN for LVPS Board signal “P6V”= [0.0 0.00241758 0.0 0.0 0.0 0.0 0.0 0.0]
var_name = Last measurement in raw DN for LVPS Board signal “P6V”
var_name = voltage_pos6V_bus
Header info = 2622
Transformed value for voltage_pos6V_bus = 6.33889476
Matching row  18
coeffs for Last measurement in raw DN for LVPS Board signal “P16V”= [0.0 0.00482711 0.0 0.0 0.0 0.0 0.0 0.0]
var_name = Last measurement in raw DN for LVPS Board signal “P16V”
var_name = voltage_pos16V_bus
Header info = 3177
Transformed value for voltage_pos16V_bus = 15.33572847
Matching row  18
coeffs for Last measurement in raw DN for LVPS Board signal “P3.3V”= [0.0 0.00161172 0.0 0.0 0.0 0.0 0.0 0.0]
var_name = Last measurement in raw DN for LVPS Board signal “P3.3V”
var_name = voltage_pos3V3_bus
Header info = 2056
Transformed value for voltage_pos3V3_bus = 3.31369632
Matching row  18
coeffs for Last measurement in raw DN for LVPS Board signal “N5V”= [-33.0 0.00886447 0.0 0.0 0.0 0.0 0.0 0.0]
var_name = Last measurement in raw DN for LVPS Board signal “N5V”
var_name = voltage_neg5V_bus
Header info = 3156
Transformed value for voltage_neg5V_bus = -5.023732680000002
Matching row  18
coeffs for Last measurement in raw DN for LVPS Board signal “P5V”= [0.0 0.00161172 0.0 0.0 0.0 0.0 0.0 0.0]
var_name = Last measurement in raw DN for LVPS Board signal “P5V”
var_name = voltage_pos5V_bus
Header info = 3140
Transformed value for voltage_pos5V_bus = 5.0608008
Matching row  18
coeffs for Last measurement in raw DN for LVPS Board signal “P3.3_IMON”= [0.0 0.00161172 0.0 0.0 0.0 0.0 0.0 0.0]
var_name = Last measurement in raw DN for LVPS Board signal “P3.3_IMON”
var_name = current_3V3_bus
Header info = 1650
Transformed value for current_3V3_bus = 2.659338
Matching row  18
coeffs for Last measurement in raw DN for LVPS Board signal “P16V_IMON”= [0.0 0.000161172 0.0 0.0 0.0 0.0 0.0 0.0]
var_name = Last measurement in raw DN for LVPS Board signal “P16V_IMON”
var_name = current_16V_bus
Header info = 1174
Transformed value for current_16V_bus = 0.189215928
Matching row  18
coeffs for Last measurement in raw DN for LVPS Board signal “P6V_IMON”= [0.0 8.05861e-05 0.0 0.0 0.0 0.0 0.0 0.0]
var_name = Last measurement in raw DN for LVPS Board signal “P6V_IMON”
var_name = current_6V_bus
Header info = 1519
Transformed value for current_6V_bus = 0.1224102859
Matching row  18
coeffs for Last measurement in raw DN for LVPS Board signal “N6V_IMON”= [0.0 -8.05861e-05 0.0 0.0 0.0 0.0 0.0 0.0]
var_name = Last measurement in raw DN for LVPS Board signal “N6V_IMON”
var_name = current_neg6V_bus
Header info = 1174
Transformed value for current_neg6V_bus = -0.0946080814
Matching row  18
coeffs for Last measurement in raw DN for LVPS Board signal “P5V_IMON”= [0.0 4.029304e-05 0.0 0.0 0.0 0.0 0.0 0.0]
var_name = Last measurement in raw DN for LVPS Board signal “P5V_IMON”
var_name = current_5V_bus
Header info = 1939
Transformed value for current_5V_bus = 0.07812820456
Matching row  18
coeffs for Last measurement in raw DN for LVPS Board signal “N5V_IMON”= [0.0 -2.01465e-05 0.0 0.0 0.0 0.0 0.0 0.0]
var_name = Last measurement in raw DN for LVPS Board signal “N5V_IMON”
var_name = current_neg5V_bus
Header info = 3447
Transformed value for current_neg5V_bus = -0.0694449855
Matching row  18
coeffs for Last measurement in raw DN for LVPS Board signal “P2.5V_IMON”= [0.0 0.00161172 0.0 0.0 0.0 0.0 0.0 0.0]
var_name = Last measurement in raw DN for LVPS Board signal “P2.5V_IMON”
var_name = current_2V5_bus
Header info = 456
Transformed value for current_2V5_bus = 0.73494432
Matching row  18
coeffs for Last measurement in raw DN for LVPS Board signal “N2.5V_IMON”= [0.0 -4.0293e-05 0.0 0.0 0.0 0.0 0.0 0.0]
var_name = Last measurement in raw DN for LVPS Board signal “N2.5V_IMON”
var_name = current_neg2V5_bus
Header info = 2938
Transformed value for current_neg2V5_bus = -0.118380834
Matching row  18
coeffs for Last measurement in raw DN for LVPS Board signal “THERM_DECON0”= [-110.293 0.0665351 0.000305738 -6.32048e-07 5.9934e-10 -2.98784e-13
 7.61361e-17 -7.76467e-21]
var_name = Last measurement in raw DN for LVPS Board signal “THERM_DECON0”
var_name = None
KeyError: (29, None) - Could not find entry for None, 38. Please check the Var_notes or variable mapping.
Matching row  18
coeffs for Last measurement in raw DN for LVPS Board signal “THERM_DECON1”= [-150.478 0.376986 -0.00062072 7.73853e-07 -5.81588e-10 2.56368e-13
 -6.05698e-17 5.96635e-21]
var_name = Last measurement in raw DN for LVPS Board signal “THERM_DECON1”
var_name = None
KeyError: (29, None) - Could not find entry for None, 39. Please check the Var_notes or variable mapping.
Matching row  18
coeffs for Last measurement in raw DN for LVPS Board signal “THERM_DAB”= [-443.248 1.31224 -0.00180422 1.40016e-06 -6.43766e-10 1.7448e-13
 -2.57695e-17 1.60239e-21]
var_name = Last measurement in raw DN for LVPS Board signal “THERM_DAB”
var_name = None
KeyError: (29, None) - Could not find entry for None, 40. Please check the Var_notes or variable mapping.
Matching row  18
coeffs for Last measurement in raw DN for LVPS Board signal “THERM_LVPS”= [200.4137 -0.2020699 0.000175403 -9.739547e-08 2.888932e-11 -3.545603e-15
 0.0 0.0]
var_name = Last measurement in raw DN for LVPS Board signal “THERM_LVPS”
var_name = None
KeyError: (29, None) - Could not find entry for None, 41. Please check the Var_notes or variable mapping.
Matching row  18
coeffs for Last measurement in raw DN for LVPS Board signal “THERM_HVPS”= [200.4137 -0.2020699 0.000175403 -9.739547e-08 2.888932e-11 -3.545603e-15
 0.0 0.0]
var_name = Last measurement in raw DN for LVPS Board signal “THERM_HVPS”
var_name = None
KeyError: (29, None) - Could not find entry for None, 45. Please check the Var_notes or variable mapping.
Matching row  18
coeffs for Last measurement in raw DN for LVPS Board signal “P2.5V”= [0.0 0.00161172 0.0 0.0 0.0 0.0 0.0 0.0]
var_name = Last measurement in raw DN for LVPS Board signal “P2.5V”
var_name = None
KeyError: (29, None) - Could not find entry for None, 49. Please check the Var_notes or variable mapping.
Matching row  18
coeffs for Last measurement in raw DN for LVPS Board signal “N2.5V”= [-33.0 0.00886447 0.0 0.0 0.0 0.0 0.0 0.0]
var_name = Last measurement in raw DN for LVPS Board signal “N2.5V”
var_name = None
KeyError: (29, None) - Could not find entry for None, 50. Please check the Var_notes or variable mapping.
Matching row  18
coeffs for Last measurement in raw DN for LVPS Board signal “Spare”= [0.0 0.00161172 0.0 0.0 0.0 0.0 0.0 0.0]
var_name = Last measurement in raw DN for LVPS Board signal “Spare”
var_name = spare_signal
KeyError: (29, 'spare_signal') - Could not find entry for spare_signal, 51. Please check the Var_notes or variable mapping.
High gain delay = 29 samples.
Mid gain delay = 1023 samples.
Low gain delay = 1023 samples.
High sampling trigger mode =  0 0 1
High gain trigger mode enabled.
For 2222981120, HG Trigger level = 0.15317, sample settings = 0, 0
Threshold trigger mode enabled for high gain channel.
AID = 2415008032
Event number = 28
Rice compression enabled = False
Timestamp = 429139004.24556 seconds since epoch (Midnight January 1st, 2010)
Trigger time = 2023-08-07T21:16:44.245560Z
29
29
29
29
29
29
29
29
29
29
29
29
29
{'SHCOARSE': ParsedDataItem(SHCOARSE, raw=429139559, derived=429139559, unit=dn), 'SHFINE': ParsedDataItem(SHFINE, raw=7169, derived=7169, unit=dn), 'IDX__SCI0AID': ParsedDataItem(IDX__SCI0AID, raw=2415008032, derived=2415008032, unit=None), 'IDX__SCI0TYPE': ParsedDataItem(IDX__SCI0TYPE, raw=1, derived=1, unit=None), 'IDX__SCI0CONT': ParsedDataItem(IDX__SCI0CONT, raw=127, derived=127, unit=None), 'IDX__SCI0SPARE1': ParsedDataItem(IDX__SCI0SPARE1, raw=0, derived=0, unit=None), 'IDX__SCI0PACK': ParsedDataItem(IDX__SCI0PACK, raw=1, derived=EN, unit=None), 'IDX__SCI0FRAG': ParsedDataItem(IDX__SCI0FRAG, raw=0, derived=DS, unit=None), 'IDX__SCI0COMP': ParsedDataItem(IDX__SCI0COMP, raw=0, derived=DS, unit=None), 'IDX__SCI0EVTNUM': ParsedDataItem(IDX__SCI0EVTNUM, raw=29, derived=29, unit=None), 'IDX__SCI0CAT': ParsedDataItem(IDX__SCI0CAT, raw=32, derived=32, unit=None), 'IDX__SCI0QUAL': ParsedDataItem(IDX__SCI0QUAL, raw=5, derived=5, unit=None), 'IDX__SCI0FRAGOFF': ParsedDataItem(IDX__SCI0FRAGOFF, raw=0, derived=0, unit=None), 'IDX__SCI0VER': ParsedDataItem(IDX__SCI0VER, raw=9, derived=9, unit=None), 'IDX__SCI0TIME32': ParsedDataItem(IDX__SCI0TIME32, raw=429139044, derived=429139044, unit=None), 'IDX__SCI0SPARE2': ParsedDataItem(IDX__SCI0SPARE2, raw=0, derived=0, unit=None), 'IDX__SCI0SPARE3': ParsedDataItem(IDX__SCI0SPARE3, raw=0, derived=0, unit=None), 'IDX__SCI0SPARE4': ParsedDataItem(IDX__SCI0SPARE4, raw=0, derived=0, unit=None), 'IDX__TXHDRSCIEVTLEN': ParsedDataItem(IDX__TXHDRSCIEVTLEN, raw=8320, derived=8320, unit=None), 'IDX__TXHDRSP00': ParsedDataItem(IDX__TXHDRSP00, raw=0, derived=0, unit=None), 'IDX__TXHDRTIMESEC1': ParsedDataItem(IDX__TXHDRTIMESEC1, raw=6548, derived=6548, unit=None), 'IDX__TXHDRTIMESEC2': ParsedDataItem(IDX__TXHDRTIMESEC2, raw=9316, derived=9316, unit=None), 'IDX__TXHDRTIMESUBS': ParsedDataItem(IDX__TXHDRTIMESUBS, raw=33164, derived=33164, unit=None), 'IDX__TXHDRSP01': ParsedDataItem(IDX__TXHDRSP01, raw=0, derived=0, unit=None), 'IDX__TXHDRTRIGOFFSET': ParsedDataItem(IDX__TXHDRTRIGOFFSET, raw=7, derived=7, unit=None), 'IDX__TXHDRSP02': ParsedDataItem(IDX__TXHDRSP02, raw=0, derived=0, unit=None), 'IDX__TXHDRTRIGID': ParsedDataItem(IDX__TXHDRTRIGID, raw=1, derived=1, unit=None), 'IDX__TXHDREVTNUM': ParsedDataItem(IDX__TXHDREVTNUM, raw=29, derived=29, unit=None), 'IDX__TXHDRBLOCKS': ParsedDataItem(IDX__TXHDRBLOCKS, raw=243679, derived=243679, unit=None), 'IDX__TXHDRHGTRIGCTRL1': ParsedDataItem(IDX__TXHDRHGTRIGCTRL1, raw=2222981120, derived=2222981120, unit=None), 'IDX__TXHDRHGTRIGCTRL2': ParsedDataItem(IDX__TXHDRHGTRIGCTRL2, raw=0, derived=0, unit=None), 'IDX__TXHDRLGTRIGCTRL1': ParsedDataItem(IDX__TXHDRLGTRIGCTRL1, raw=4294965248, derived=4294965248, unit=None), 'IDX__TXHDRLGTRIGCTRL2': ParsedDataItem(IDX__TXHDRLGTRIGCTRL2, raw=4278255360, derived=4278255360, unit=None), 'IDX__TXHDRMGTRIGCTRL1': ParsedDataItem(IDX__TXHDRMGTRIGCTRL1, raw=4294965248, derived=4294965248, unit=None), 'IDX__TXHDRMGTRIGCTRL2': ParsedDataItem(IDX__TXHDRMGTRIGCTRL2, raw=4278255360, derived=4278255360, unit=None), 'IDX__TXHDRSP03': ParsedDataItem(IDX__TXHDRSP03, raw=0, derived=0, unit=None), 'IDX__TXHDRLSADC': ParsedDataItem(IDX__TXHDRLSADC, raw=1048320, derived=1048320, unit=None), 'IDX__TXHDRPOLSTAT': ParsedDataItem(IDX__TXHDRPOLSTAT, raw=1, derived=NEG, unit=None), 'IDX__TXHDRSP04': ParsedDataItem(IDX__TXHDRSP04, raw=0, derived=0, unit=None), 'IDX__TXHDRPOLCTRL': ParsedDataItem(IDX__TXHDRPOLCTRL, raw=0, derived=POS, unit=None), 'IDX__TXHDRCOINENA': ParsedDataItem(IDX__TXHDRCOINENA, raw=0, derived=DIS, unit=None), 'IDX__TXHDRLSTRIGMODE': ParsedDataItem(IDX__TXHDRLSTRIGMODE, raw=0, derived=DIS, unit=None), 'IDX__TXHDRMGTRIGMODE': ParsedDataItem(IDX__TXHDRMGTRIGMODE, raw=0, derived=0, unit=None), 'IDX__TXHDRLGTRIGMODE': ParsedDataItem(IDX__TXHDRLGTRIGMODE, raw=0, derived=0, unit=None), 'IDX__TXHDRHGTRIGMODE': ParsedDataItem(IDX__TXHDRHGTRIGMODE, raw=1, derived=1, unit=None), 'IDX__TXHDRSP05': ParsedDataItem(IDX__TXHDRSP05, raw=0, derived=0, unit=None), 'IDX__TXHDRSP06': ParsedDataItem(IDX__TXHDRSP06, raw=0, derived=0, unit=None), 'IDX__TXHDRSP07': ParsedDataItem(IDX__TXHDRSP07, raw=2018, derived=2018, unit=None), 'IDX__TXHDRSP08': ParsedDataItem(IDX__TXHDRSP08, raw=0, derived=0, unit=None), 'IDX__TXHDRTOFMAX': ParsedDataItem(IDX__TXHDRTOFMAX, raw=541596180, derived=541596180, unit=None), 'IDX__TXHDRTOFMIN': ParsedDataItem(IDX__TXHDRTOFMIN, raw=535295475, derived=535295475, unit=None), 'IDX__TXHDRLS0MAXMIN': ParsedDataItem(IDX__TXHDRLS0MAXMIN, raw=8529918, derived=8529918, unit=None), 'IDX__TXHDRLS1MAXMIN': ParsedDataItem(IDX__TXHDRLS1MAXMIN, raw=10466815, derived=10466815, unit=None), 'IDX__TXHDRLS2MAXMIN': ParsedDataItem(IDX__TXHDRLS2MAXMIN, raw=8378337, derived=8378337, unit=None), 'IDX__TXHDRFIFODELAY': ParsedDataItem(IDX__TXHDRFIFODELAY, raw=16, derived=16, unit=None), 'IDX__TXHDRSAMPDELAY': ParsedDataItem(IDX__TXHDRSAMPDELAY, raw=57728086, derived=57728086, unit=None), 'IDX__TXHDRTRANSCNT': ParsedDataItem(IDX__TXHDRTRANSCNT, raw=2, derived=2, unit=None), 'IDX__TXHDRPROCHKCH01': ParsedDataItem(IDX__TXHDRPROCHKCH01, raw=83362566, derived=83362566, unit=None), 'IDX__TXHDRPROCHKCH23': ParsedDataItem(IDX__TXHDRPROCHKCH23, raw=126682598, derived=126682598, unit=None), 'IDX__TXHDRPROCHKCH45': ParsedDataItem(IDX__TXHDRPROCHKCH45, raw=173081819, derived=173081819, unit=None), 'IDX__TXHDRPROCHKCH67': ParsedDataItem(IDX__TXHDRPROCHKCH67, raw=133761305, derived=133761305, unit=None), 'IDX__TXHDRHVPSHKCH01': ParsedDataItem(IDX__TXHDRHVPSHKCH01, raw=131794263, derived=131794263, unit=None), 'IDX__TXHDRHVPSHKCH23': ParsedDataItem(IDX__TXHDRHVPSHKCH23, raw=8849069, derived=8849069, unit=None), 'IDX__TXHDRHVPSHKCH45': ParsedDataItem(IDX__TXHDRHVPSHKCH45, raw=127731675, derived=127731675, unit=None), 'IDX__TXHDRHVPSHKCH67': ParsedDataItem(IDX__TXHDRHVPSHKCH67, raw=19925645, derived=19925645, unit=None), 'IDX__TXHDRLVHK0CH01': ParsedDataItem(IDX__TXHDRLVHK0CH01, raw=134219776, derived=134219776, unit=None), 'IDX__TXHDRLVHK0CH23': ParsedDataItem(IDX__TXHDRLVHK0CH23, raw=171838394, derived=171838394, unit=None), 'IDX__TXHDRLVHK0CH45': ParsedDataItem(IDX__TXHDRLVHK0CH45, raw=134745193, derived=134745193, unit=None), 'IDX__TXHDRLVHK0CH67': ParsedDataItem(IDX__TXHDRLVHK0CH67, raw=205786196, derived=205786196, unit=None), 'IDX__TXHDRLVHK1CH01': ParsedDataItem(IDX__TXHDRLVHK1CH01, raw=33359473, derived=33359473, unit=None), 'IDX__TXHDRLVHK1CH23': ParsedDataItem(IDX__TXHDRLVHK1CH23, raw=76940783, derived=76940783, unit=None), 'IDX__TXHDRLVHK1CH45': ParsedDataItem(IDX__TXHDRLVHK1CH45, raw=225970068, derived=225970068, unit=None), 'IDX__TXHDRLVHK1CH67': ParsedDataItem(IDX__TXHDRLVHK1CH67, raw=192545224, derived=192545224, unit=None), 'IDX__TXHDRLVHK2CH01': ParsedDataItem(IDX__TXHDRLVHK2CH01, raw=80872662, derived=80872662, unit=None), 'IDX__TXHDRLVHK2CH23': ParsedDataItem(IDX__TXHDRLVHK2CH23, raw=205851208, derived=205851208, unit=None), 'IDX__TXHDRLVHK2CH45': ParsedDataItem(IDX__TXHDRLVHK2CH45, raw=101059851, derived=101059851, unit=None), 'IDX__TXHDRLVHK2CH67': ParsedDataItem(IDX__TXHDRLVHK2CH67, raw=69017, derived=69017, unit=None), 'IDX__TXHDRSP09': ParsedDataItem(IDX__TXHDRSP09, raw=0, derived=0, unit=None), 'IDX__TXHDRSP10': ParsedDataItem(IDX__TXHDRSP10, raw=0, derived=0, unit=None), 'IDX__TXHDRFSWAIDCOPY': ParsedDataItem(IDX__TXHDRFSWAIDCOPY, raw=2415008032, derived=2415008032, unit=None), 'IDX__TXHDRFSWBINCOPY': ParsedDataItem(IDX__TXHDRFSWBINCOPY, raw=0, derived=0, unit=None), 'IDX__TXHDRFSWMAJOR': ParsedDataItem(IDX__TXHDRFSWMAJOR, raw=2, derived=2, unit=None), 'IDX__TXHDRFSWMINOR': ParsedDataItem(IDX__TXHDRFSWMINOR, raw=0, derived=0, unit=None), 'IDX__TXHDRFSWPATCH': ParsedDataItem(IDX__TXHDRFSWPATCH, raw=0, derived=0, unit=None), 'IDX__TXHDRFSWHVSTAT': ParsedDataItem(IDX__TXHDRFSWHVSTAT, raw=3, derived=3, unit=None), 'IDX__TXHDRFSWMEM0': ParsedDataItem(IDX__TXHDRFSWMEM0, raw=0, derived=0, unit=None), 'IDX__TXHDRFSWMEM1': ParsedDataItem(IDX__TXHDRFSWMEM1, raw=0, derived=0, unit=None), 'IDX__TXHDRFSWPT0': ParsedDataItem(IDX__TXHDRFSWPT0, raw=0, derived=0, unit=None), 'IDX__TXHDRFSWPT1': ParsedDataItem(IDX__TXHDRFSWPT1, raw=0, derived=0, unit=None), 'IDX__TXHDRFSWPT2': ParsedDataItem(IDX__TXHDRFSWPT2, raw=0, derived=0, unit=None), 'IDX__TXHDRFSWPT3': ParsedDataItem(IDX__TXHDRFSWPT3, raw=0, derived=0, unit=None), 'IDX__TXHDRFSWPT4': ParsedDataItem(IDX__TXHDRFSWPT4, raw=0, derived=0, unit=None), 'IDX__TXHDRFSWPT5': ParsedDataItem(IDX__TXHDRFSWPT5, raw=0, derived=0, unit=None), 'IDX__TXHDRFSWPT6': ParsedDataItem(IDX__TXHDRFSWPT6, raw=0, derived=0, unit=None), 'IDX__TXHDRFSWPT7': ParsedDataItem(IDX__TXHDRFSWPT7, raw=0, derived=0, unit=None), 'IDX__TXHDRFSWPT8': ParsedDataItem(IDX__TXHDRFSWPT8, raw=0, derived=0, unit=None), 'IDX__TXHDRFSWPT9': ParsedDataItem(IDX__TXHDRFSWPT9, raw=0, derived=0, unit=None), 'IDX__TXHDRFPGAVER': ParsedDataItem(IDX__TXHDRFPGAVER, raw=539165480, derived=539165480, unit=None), 'IDX__SYNCSCI0PKT': ParsedDataItem(IDX__SYNCSCI0PKT, raw=13107, derived=13107, unit=None), 'IDX__CRCSCI0PKT': ParsedDataItem(IDX__CRCSCI0PKT, raw=46783, derived=46783, unit=None)}
SHCOARSE = 429139559
SHFINE = 7169
IDX__SCI0AID = 2415008032
IDX__SCI0TYPE = 1
IDX__SCI0CONT = 127
IDX__SCI0SPARE1 = 0
IDX__SCI0PACK = EN
IDX__SCI0FRAG = DS
IDX__SCI0COMP = DS
IDX__SCI0EVTNUM = 29
IDX__SCI0CAT = 32
IDX__SCI0QUAL = 5
IDX__SCI0FRAGOFF = 0
IDX__SCI0VER = 9
IDX__SCI0TIME32 = 429139044
IDX__SCI0SPARE2 = 0
IDX__SCI0SPARE3 = 0
IDX__SCI0SPARE4 = 0
IDX__TXHDRSCIEVTLEN = 8320
IDX__TXHDRSP00 = 0
IDX__TXHDRTIMESEC1 = 6548
IDX__TXHDRTIMESEC2 = 9316
IDX__TXHDRTIMESUBS = 33164
IDX__TXHDRSP01 = 0
IDX__TXHDRTRIGOFFSET = 7
IDX__TXHDRSP02 = 0
IDX__TXHDRTRIGID = 1
IDX__TXHDREVTNUM = 29
IDX__TXHDRBLOCKS = 243679
IDX__TXHDRHGTRIGCTRL1 = 2222981120
IDX__TXHDRHGTRIGCTRL2 = 0
IDX__TXHDRLGTRIGCTRL1 = 4294965248
IDX__TXHDRLGTRIGCTRL2 = 4278255360
IDX__TXHDRMGTRIGCTRL1 = 4294965248
IDX__TXHDRMGTRIGCTRL2 = 4278255360
IDX__TXHDRSP03 = 0
IDX__TXHDRLSADC = 1048320
IDX__TXHDRPOLSTAT = NEG
IDX__TXHDRSP04 = 0
IDX__TXHDRPOLCTRL = POS
IDX__TXHDRCOINENA = DIS
IDX__TXHDRLSTRIGMODE = DIS
IDX__TXHDRMGTRIGMODE = 0
IDX__TXHDRLGTRIGMODE = 0
IDX__TXHDRHGTRIGMODE = 1
IDX__TXHDRSP05 = 0
IDX__TXHDRSP06 = 0
IDX__TXHDRSP07 = 2018
IDX__TXHDRSP08 = 0
IDX__TXHDRTOFMAX = 541596180
IDX__TXHDRTOFMIN = 535295475
IDX__TXHDRLS0MAXMIN = 8529918
IDX__TXHDRLS1MAXMIN = 10466815
IDX__TXHDRLS2MAXMIN = 8378337
IDX__TXHDRFIFODELAY = 16
IDX__TXHDRSAMPDELAY = 57728086
IDX__TXHDRTRANSCNT = 2
IDX__TXHDRPROCHKCH01 = 83362566
IDX__TXHDRPROCHKCH23 = 126682598
IDX__TXHDRPROCHKCH45 = 173081819
IDX__TXHDRPROCHKCH67 = 133761305
IDX__TXHDRHVPSHKCH01 = 131794263
IDX__TXHDRHVPSHKCH23 = 8849069
IDX__TXHDRHVPSHKCH45 = 127731675
IDX__TXHDRHVPSHKCH67 = 19925645
IDX__TXHDRLVHK0CH01 = 134219776
IDX__TXHDRLVHK0CH23 = 171838394
IDX__TXHDRLVHK0CH45 = 134745193
IDX__TXHDRLVHK0CH67 = 205786196
IDX__TXHDRLVHK1CH01 = 33359473
IDX__TXHDRLVHK1CH23 = 76940783
IDX__TXHDRLVHK1CH45 = 225970068
IDX__TXHDRLVHK1CH67 = 192545224
IDX__TXHDRLVHK2CH01 = 80872662
IDX__TXHDRLVHK2CH23 = 205851208
IDX__TXHDRLVHK2CH45 = 101059851
IDX__TXHDRLVHK2CH67 = 69017
IDX__TXHDRSP09 = 0
IDX__TXHDRSP10 = 0
IDX__TXHDRFSWAIDCOPY = 2415008032
IDX__TXHDRFSWBINCOPY = 0
IDX__TXHDRFSWMAJOR = 2
IDX__TXHDRFSWMINOR = 0
IDX__TXHDRFSWPATCH = 0
IDX__TXHDRFSWHVSTAT = 3
IDX__TXHDRFSWMEM0 = 0
IDX__TXHDRFSWMEM1 = 0
IDX__TXHDRFSWPT0 = 0
IDX__TXHDRFSWPT1 = 0
IDX__TXHDRFSWPT2 = 0
IDX__TXHDRFSWPT3 = 0
IDX__TXHDRFSWPT4 = 0
IDX__TXHDRFSWPT5 = 0
IDX__TXHDRFSWPT6 = 0
IDX__TXHDRFSWPT7 = 0
IDX__TXHDRFSWPT8 = 0
IDX__TXHDRFSWPT9 = 0
IDX__TXHDRFPGAVER = 539165480
IDX__SYNCSCI0PKT = 13107
IDX__CRCSCI0PKT = 46783
^*****Event header 30******^
EVTNUM: 30
SCI0TYPE: 1
TXHDRBLOCKS RAW: 243679
TXHDRBLOCKS DERIVED: 243679
-----
HS pre trig sampling blocks:  31
LS pre trig sampling blocks:  3
HS post trig sampling blocks:  31
LS post trig sampling blocks:  11
IDX__TXHDRHVPSHKCH01 = 131794263
Detector voltage =  1367
Sensor voltage =  2011
Target voltage =  1709
Reflectron voltage =  135
Rejection voltage =  2011
Current for HVPS sensor =  1949
Positive current for HVPS sensor =  2701
Negative current for HVPS sensor =  304
Voltage +3.3V reference =  2048
Voltage +3.3V operational reference =  2048
Voltage -6V bus =  3002
Voltage +6V bus =  2622
Voltage +16V bus =  3177
Voltage +3.3V bus =  2056
Voltage -5V bus =  3156
Voltage +5V bus =  3140
Current +3.3V bus =  1649
Current +16V bus =  1174
Current +6V bus =  1519
Current -6V bus =  1174
Current +5V bus =  1940
Current -5V bus =  3448
Current +2.5V bus =  456
Current -2.5V bus =  2938
Current on the 1V POL =  774
Current on the 1.9V POL =  1272
ProcBd Temperature 1 =  1510
ProcBd Temperature 2 =  1933
Voltage on 1V bus =  1243
FPGA Temperature =  2641
Voltage on 1.9V bus =  2329
Voltage on 3.3V bus =  2041
var_to_row = {'Last measurement in raw DN for Processor Board signal “1V POL Current”': 0, 'Last measurement in raw DN for Processor Board signal “1.9V POL Current”': 1, 'Last measurement in raw DN for Processor Board signal “ProcBd Temp1”': 2, nan: 48, 'Last measurement in raw DN for Processor Board signal “ProcBd Temp2”': 6, 'Last measurement in raw DN for Processor Board signal “1V Voltage”': 10, 'Last measurement in raw DN for Processor Board signal “FPGA Temp”': 11, 'Last measurement in raw DN for Processor Board signal “1.9V Voltage”': 12, 'Last measurement in raw DN for Processor Board signal “3.3V Voltage”': 13, 'Last measurement in raw DN for HVPS Board signal “Detector Voltage”': 14, 'Last measurement in raw DN for HVPS Board signal “Sensor Voltage"': 15, 'Last measurement in raw DN for HVPS Board signal “Target Voltage”': 16, 'Last measurement in raw DN for HVPS Board signal “Reflectron Voltage”': 17, 'Last measurement in raw DN for HVPS Board signal “Rejection Voltage”': 18, 'Last measurement in raw DN for HVPS Board signal “Detector Current”': 19, 'Last measurement in raw DN for HVPS Board signal “Sensor IP”': 20, 'Last measurement in raw DN for HVPS Board signal “Sensor IN”': 21, 'Last measurement in raw DN for LVPS Board signal “P3.3VREF_HK”': 22, 'Last measurement in raw DN for LVPS Board signal “P3.3VREF_OP”': 23, 'Last measurement in raw DN for LVPS Board signal “N6V”': 24, 'Last measurement in raw DN for LVPS Board signal “P6V”': 25, 'Last measurement in raw DN for LVPS Board signal “P16V”': 26, 'Last measurement in raw DN for LVPS Board signal “P3.3V”': 27, 'Last measurement in raw DN for LVPS Board signal “N5V”': 28, 'Last measurement in raw DN for LVPS Board signal “P5V”': 29, 'Last measurement in raw DN for LVPS Board signal “P3.3_IMON”': 30, 'Last measurement in raw DN for LVPS Board signal “P16V_IMON”': 31, 'Last measurement in raw DN for LVPS Board signal “P6V_IMON”': 32, 'Last measurement in raw DN for LVPS Board signal “N6V_IMON”': 33, 'Last measurement in raw DN for LVPS Board signal “P5V_IMON”': 34, 'Last measurement in raw DN for LVPS Board signal “N5V_IMON”': 35, 'Last measurement in raw DN for LVPS Board signal “P2.5V_IMON”': 36, 'Last measurement in raw DN for LVPS Board signal “N2.5V_IMON”': 37, 'Last measurement in raw DN for LVPS Board signal “THERM_DECON0”': 38, 'Last measurement in raw DN for LVPS Board signal “THERM_DECON1”': 39, 'Last measurement in raw DN for LVPS Board signal “THERM_DAB”': 40, 'Last measurement in raw DN for LVPS Board signal “THERM_LVPS”': 41, 'Last measurement in raw DN for LVPS Board signal “THERM_HVPS”': 45, 'Last measurement in raw DN for LVPS Board signal “P2.5V”': 49, 'Last measurement in raw DN for LVPS Board signal “N2.5V”': 50, 'Last measurement in raw DN for LVPS Board signal “Spare”': 51}

 
 ***** var_name being converted for each instrument setting ***** 
 

Matching row  18
coeffs for Last measurement in raw DN for Processor Board signal “1V POL Current”= [0.0 0.9029253 0.0 0.0 0.0 0.0 0.0 0.0]
var_name = Last measurement in raw DN for Processor Board signal “1V POL Current”
var_name = current_1V_pol
Header info = 774
Transformed value for current_1V_pol = 698.8641822000001
Matching row  18
coeffs for Last measurement in raw DN for Processor Board signal “1.9V POL Current”= [0.0 0.9029253 0.0 0.0 0.0 0.0 0.0 0.0]
var_name = Last measurement in raw DN for Processor Board signal “1.9V POL Current”
var_name = current_1.9V_pol
Header info = 1272
Transformed value for current_1.9V_pol = 1148.5209816000001
Matching row  18
coeffs for Last measurement in raw DN for Processor Board signal “ProcBd Temp1”= [162.8276 -0.2668687 0.0003323794 -2.43153e-07 9.034532e-11 -1.327735e-14
 0.0 0.0]
var_name = Last measurement in raw DN for Processor Board signal “ProcBd Temp1”
var_name = temperature_1
Header info = 1510
Transformed value for temperature_1 = 46.01176171936936
Matching row  18
coeffs for nan= [-104713.9 52.02446 -0.006463374 0.0 0.0 0.0 0.0 0.0]
var_name = nan
var_name = None
KeyError: (30, None) - Could not find entry for None, 48. Please check the Var_notes or variable mapping.
Matching row  18
coeffs for Last measurement in raw DN for Processor Board signal “ProcBd Temp2”= [162.8276 -0.2668687 0.0003323794 -2.43153e-07 9.034532e-11 -1.327735e-14
 0.0 0.0]
var_name = Last measurement in raw DN for Processor Board signal “ProcBd Temp2”
var_name = temperature_2
Header info = 1933
Transformed value for temperature_2 = 35.72038287344242
Matching row  18
coeffs for Last measurement in raw DN for Processor Board signal “1V Voltage”= [0.0 0.000805861 0.0 0.0 0.0 0.0 0.0 0.0]
var_name = Last measurement in raw DN for Processor Board signal “1V Voltage”
var_name = voltage_1V_bus
Header info = 1243
Transformed value for voltage_1V_bus = 1.001685223
Matching row  18
coeffs for Last measurement in raw DN for Processor Board signal “FPGA Temp”= [358.31 -0.1187104 0.0 0.0 0.0 0.0 0.0 0.0]
var_name = Last measurement in raw DN for Processor Board signal “FPGA Temp”
var_name = fpga_temperature
Header info = 2641
Transformed value for fpga_temperature = 44.79583360000004
Matching row  18
coeffs for Last measurement in raw DN for Processor Board signal “1.9V Voltage”= [0.0 0.000805861 0.0 0.0 0.0 0.0 0.0 0.0]
var_name = Last measurement in raw DN for Processor Board signal “1.9V Voltage”
var_name = voltage_1.9V_bus
Header info = 2329
Transformed value for voltage_1.9V_bus = 1.876850269
Matching row  18
coeffs for Last measurement in raw DN for Processor Board signal “3.3V Voltage”= [0.0 0.001611722 0.0 0.0 0.0 0.0 0.0 0.0]
var_name = Last measurement in raw DN for Processor Board signal “3.3V Voltage”
var_name = voltage_3.3V_bus
Header info = 2041
Transformed value for voltage_3.3V_bus = 3.2895246019999997
Matching row  18
coeffs for Last measurement in raw DN for HVPS Board signal “Detector Voltage”= [0.0 1.4652 0.0 0.0 0.0 0.0 0.0 0.0]
var_name = Last measurement in raw DN for HVPS Board signal “Detector Voltage”
var_name = detector_voltage
Header info = 1367
Transformed value for detector_voltage = 2002.9284
Matching row  18
coeffs for Last measurement in raw DN for HVPS Board signal “Sensor Voltage"= [0.0 1.4652 0.0 0.0 0.0 0.0 0.0 0.0]
var_name = Last measurement in raw DN for HVPS Board signal “Sensor Voltage"
var_name = sensor_voltage
Header info = 2011
Transformed value for sensor_voltage = 2946.5172000000002
Matching row  18
coeffs for Last measurement in raw DN for HVPS Board signal “Target Voltage”= [0.0 1.4652 0.0 0.0 0.0 0.0 0.0 0.0]
var_name = Last measurement in raw DN for HVPS Board signal “Target Voltage”
var_name = target_voltage
Header info = 1709
Transformed value for target_voltage = 2504.0268
Matching row  18
coeffs for Last measurement in raw DN for HVPS Board signal “Reflectron Voltage”= [0.0 1.4652 0.0 0.0 0.0 0.0 0.0 0.0]
var_name = Last measurement in raw DN for HVPS Board signal “Reflectron Voltage”
var_name = reflectron_voltage
Header info = 135
Transformed value for reflectron_voltage = 197.80200000000002
Matching row  18
coeffs for Last measurement in raw DN for HVPS Board signal “Rejection Voltage”= [0.0 1.4652 0.0 0.0 0.0 0.0 0.0 0.0]
var_name = Last measurement in raw DN for HVPS Board signal “Rejection Voltage”
var_name = rejection_voltage
Header info = 2011
Transformed value for rejection_voltage = 2946.5172000000002
Matching row  18
coeffs for Last measurement in raw DN for HVPS Board signal “Detector Current”= [0.0 7.326e-06 0.0 0.0 0.0 0.0 0.0 0.0]
var_name = Last measurement in raw DN for HVPS Board signal “Detector Current”
var_name = current_hvps_sensor
Header info = 1949
Transformed value for current_hvps_sensor = 0.014278374
Matching row  18
coeffs for Last measurement in raw DN for HVPS Board signal “Sensor IP”= [0.0 2.4339e-05 0.0 0.0 0.0 0.0 0.0 0.0]
var_name = Last measurement in raw DN for HVPS Board signal “Sensor IP”
var_name = positive_current_hvps
Header info = 2701
Transformed value for positive_current_hvps = 0.065739639
Matching row  18
coeffs for Last measurement in raw DN for HVPS Board signal “Sensor IN”= [0.0 2.4339e-05 0.0 0.0 0.0 0.0 0.0 0.0]
var_name = Last measurement in raw DN for HVPS Board signal “Sensor IN”
var_name = negative_current_hvps
Header info = 304
Transformed value for negative_current_hvps = 0.007399055999999999
Matching row  18
coeffs for Last measurement in raw DN for LVPS Board signal “P3.3VREF_HK”= [0.0 0.00161172 0.0 0.0 0.0 0.0 0.0 0.0]
var_name = Last measurement in raw DN for LVPS Board signal “P3.3VREF_HK”
var_name = voltage_3V3_ref
Header info = 2048
Transformed value for voltage_3V3_ref = 3.30080256
Matching row  18
coeffs for Last measurement in raw DN for LVPS Board signal “P3.3VREF_OP”= [0.0 0.00161172 0.0 0.0 0.0 0.0 0.0 0.0]
var_name = Last measurement in raw DN for LVPS Board signal “P3.3VREF_OP”
var_name = voltage_3V3_op_ref
Header info = 2048
Transformed value for voltage_3V3_op_ref = 3.30080256
Matching row  18
coeffs for Last measurement in raw DN for LVPS Board signal “N6V”= [-33.0 0.00886447 0.0 0.0 0.0 0.0 0.0 0.0]
var_name = Last measurement in raw DN for LVPS Board signal “N6V”
var_name = voltage_neg6V_bus
Header info = 3002
Transformed value for voltage_neg6V_bus = -6.3888610600000035
Matching row  18
coeffs for Last measurement in raw DN for LVPS Board signal “P6V”= [0.0 0.00241758 0.0 0.0 0.0 0.0 0.0 0.0]
var_name = Last measurement in raw DN for LVPS Board signal “P6V”
var_name = voltage_pos6V_bus
Header info = 2622
Transformed value for voltage_pos6V_bus = 6.33889476
Matching row  18
coeffs for Last measurement in raw DN for LVPS Board signal “P16V”= [0.0 0.00482711 0.0 0.0 0.0 0.0 0.0 0.0]
var_name = Last measurement in raw DN for LVPS Board signal “P16V”
var_name = voltage_pos16V_bus
Header info = 3177
Transformed value for voltage_pos16V_bus = 15.33572847
Matching row  18
coeffs for Last measurement in raw DN for LVPS Board signal “P3.3V”= [0.0 0.00161172 0.0 0.0 0.0 0.0 0.0 0.0]
var_name = Last measurement in raw DN for LVPS Board signal “P3.3V”
var_name = voltage_pos3V3_bus
Header info = 2056
Transformed value for voltage_pos3V3_bus = 3.31369632
Matching row  18
coeffs for Last measurement in raw DN for LVPS Board signal “N5V”= [-33.0 0.00886447 0.0 0.0 0.0 0.0 0.0 0.0]
var_name = Last measurement in raw DN for LVPS Board signal “N5V”
var_name = voltage_neg5V_bus
Header info = 3156
Transformed value for voltage_neg5V_bus = -5.023732680000002
Matching row  18
coeffs for Last measurement in raw DN for LVPS Board signal “P5V”= [0.0 0.00161172 0.0 0.0 0.0 0.0 0.0 0.0]
var_name = Last measurement in raw DN for LVPS Board signal “P5V”
var_name = voltage_pos5V_bus
Header info = 3140
Transformed value for voltage_pos5V_bus = 5.0608008
Matching row  18
coeffs for Last measurement in raw DN for LVPS Board signal “P3.3_IMON”= [0.0 0.00161172 0.0 0.0 0.0 0.0 0.0 0.0]
var_name = Last measurement in raw DN for LVPS Board signal “P3.3_IMON”
var_name = current_3V3_bus
Header info = 1649
Transformed value for current_3V3_bus = 2.6577262800000003
Matching row  18
coeffs for Last measurement in raw DN for LVPS Board signal “P16V_IMON”= [0.0 0.000161172 0.0 0.0 0.0 0.0 0.0 0.0]
var_name = Last measurement in raw DN for LVPS Board signal “P16V_IMON”
var_name = current_16V_bus
Header info = 1174
Transformed value for current_16V_bus = 0.189215928
Matching row  18
coeffs for Last measurement in raw DN for LVPS Board signal “P6V_IMON”= [0.0 8.05861e-05 0.0 0.0 0.0 0.0 0.0 0.0]
var_name = Last measurement in raw DN for LVPS Board signal “P6V_IMON”
var_name = current_6V_bus
Header info = 1519
Transformed value for current_6V_bus = 0.1224102859
Matching row  18
coeffs for Last measurement in raw DN for LVPS Board signal “N6V_IMON”= [0.0 -8.05861e-05 0.0 0.0 0.0 0.0 0.0 0.0]
var_name = Last measurement in raw DN for LVPS Board signal “N6V_IMON”
var_name = current_neg6V_bus
Header info = 1174
Transformed value for current_neg6V_bus = -0.0946080814
Matching row  18
coeffs for Last measurement in raw DN for LVPS Board signal “P5V_IMON”= [0.0 4.029304e-05 0.0 0.0 0.0 0.0 0.0 0.0]
var_name = Last measurement in raw DN for LVPS Board signal “P5V_IMON”
var_name = current_5V_bus
Header info = 1940
Transformed value for current_5V_bus = 0.0781684976
Matching row  18
coeffs for Last measurement in raw DN for LVPS Board signal “N5V_IMON”= [0.0 -2.01465e-05 0.0 0.0 0.0 0.0 0.0 0.0]
var_name = Last measurement in raw DN for LVPS Board signal “N5V_IMON”
var_name = current_neg5V_bus
Header info = 3448
Transformed value for current_neg5V_bus = -0.069465132
Matching row  18
coeffs for Last measurement in raw DN for LVPS Board signal “P2.5V_IMON”= [0.0 0.00161172 0.0 0.0 0.0 0.0 0.0 0.0]
var_name = Last measurement in raw DN for LVPS Board signal “P2.5V_IMON”
var_name = current_2V5_bus
Header info = 456
Transformed value for current_2V5_bus = 0.73494432
Matching row  18
coeffs for Last measurement in raw DN for LVPS Board signal “N2.5V_IMON”= [0.0 -4.0293e-05 0.0 0.0 0.0 0.0 0.0 0.0]
var_name = Last measurement in raw DN for LVPS Board signal “N2.5V_IMON”
var_name = current_neg2V5_bus
Header info = 2938
Transformed value for current_neg2V5_bus = -0.118380834
Matching row  18
coeffs for Last measurement in raw DN for LVPS Board signal “THERM_DECON0”= [-110.293 0.0665351 0.000305738 -6.32048e-07 5.9934e-10 -2.98784e-13
 7.61361e-17 -7.76467e-21]
var_name = Last measurement in raw DN for LVPS Board signal “THERM_DECON0”
var_name = None
KeyError: (30, None) - Could not find entry for None, 38. Please check the Var_notes or variable mapping.
Matching row  18
coeffs for Last measurement in raw DN for LVPS Board signal “THERM_DECON1”= [-150.478 0.376986 -0.00062072 7.73853e-07 -5.81588e-10 2.56368e-13
 -6.05698e-17 5.96635e-21]
var_name = Last measurement in raw DN for LVPS Board signal “THERM_DECON1”
var_name = None
KeyError: (30, None) - Could not find entry for None, 39. Please check the Var_notes or variable mapping.
Matching row  18
coeffs for Last measurement in raw DN for LVPS Board signal “THERM_DAB”= [-443.248 1.31224 -0.00180422 1.40016e-06 -6.43766e-10 1.7448e-13
 -2.57695e-17 1.60239e-21]
var_name = Last measurement in raw DN for LVPS Board signal “THERM_DAB”
var_name = None
KeyError: (30, None) - Could not find entry for None, 40. Please check the Var_notes or variable mapping.
Matching row  18
coeffs for Last measurement in raw DN for LVPS Board signal “THERM_LVPS”= [200.4137 -0.2020699 0.000175403 -9.739547e-08 2.888932e-11 -3.545603e-15
 0.0 0.0]
var_name = Last measurement in raw DN for LVPS Board signal “THERM_LVPS”
var_name = None
KeyError: (30, None) - Could not find entry for None, 41. Please check the Var_notes or variable mapping.
Matching row  18
coeffs for Last measurement in raw DN for LVPS Board signal “THERM_HVPS”= [200.4137 -0.2020699 0.000175403 -9.739547e-08 2.888932e-11 -3.545603e-15
 0.0 0.0]
var_name = Last measurement in raw DN for LVPS Board signal “THERM_HVPS”
var_name = None
KeyError: (30, None) - Could not find entry for None, 45. Please check the Var_notes or variable mapping.
Matching row  18
coeffs for Last measurement in raw DN for LVPS Board signal “P2.5V”= [0.0 0.00161172 0.0 0.0 0.0 0.0 0.0 0.0]
var_name = Last measurement in raw DN for LVPS Board signal “P2.5V”
var_name = None
KeyError: (30, None) - Could not find entry for None, 49. Please check the Var_notes or variable mapping.
Matching row  18
coeffs for Last measurement in raw DN for LVPS Board signal “N2.5V”= [-33.0 0.00886447 0.0 0.0 0.0 0.0 0.0 0.0]
var_name = Last measurement in raw DN for LVPS Board signal “N2.5V”
var_name = None
KeyError: (30, None) - Could not find entry for None, 50. Please check the Var_notes or variable mapping.
Matching row  18
coeffs for Last measurement in raw DN for LVPS Board signal “Spare”= [0.0 0.00161172 0.0 0.0 0.0 0.0 0.0 0.0]
var_name = Last measurement in raw DN for LVPS Board signal “Spare”
var_name = spare_signal
KeyError: (30, 'spare_signal') - Could not find entry for spare_signal, 51. Please check the Var_notes or variable mapping.
High gain delay = 86 samples.
Mid gain delay = 55 samples.
Low gain delay = 55 samples.
High sampling trigger mode =  0 0 1
High gain trigger mode enabled.
For 2222981120, HG Trigger level = 0.15317, sample settings = 0, 0
Threshold trigger mode enabled for high gain channel.
AID = 2415008032
Event number = 29
Rice compression enabled = False
Timestamp = 429139044.66328 seconds since epoch (Midnight January 1st, 2010)
Trigger time = 2023-08-07T21:17:24.663280Z
30
30
30
30
30
30
30
30
30
30
30
30
Progress: [====================]100% [Elapsed: 0:00:04.593035, 192 pkts/s]
Parsing waveform for scitype=2
8189
Parsing waveform for scitype=4
8189
Parsing waveform for scitype=8
8189
Parsing waveform for scitype=16
512
Parsing waveform for scitype=32
512
Parsing waveform for scitype=64
512
Parsing waveform for scitype=2
8189
Parsing waveform for scitype=4
8189
Parsing waveform for scitype=8
8189
Parsing waveform for scitype=16
512
Parsing waveform for scitype=32
512
Parsing waveform for scitype=64
512
Parsing waveform for scitype=2
8189
Parsing waveform for scitype=4
8189
Parsing waveform for scitype=8
8189
Parsing waveform for scitype=16
512
Parsing waveform for scitype=32
512
Parsing waveform for scitype=64
512
Parsing waveform for scitype=2
8189
Parsing waveform for scitype=4
8189
Parsing waveform for scitype=8
8189
Parsing waveform for scitype=16
512
Parsing waveform for scitype=32
512
Parsing waveform for scitype=64
512
Parsing waveform for scitype=2
8189
Parsing waveform for scitype=4
8189
Parsing waveform for scitype=8
8189
Parsing waveform for scitype=16
512
Parsing waveform for scitype=32
512
Parsing waveform for scitype=64
512
Parsing waveform for scitype=2
8189
Parsing waveform for scitype=4
8189
Parsing waveform for scitype=8
8189
Parsing waveform for scitype=16
512
Parsing waveform for scitype=32
512
Parsing waveform for scitype=64
512
Parsing waveform for scitype=2
8189
Parsing waveform for scitype=4
8189
Parsing waveform for scitype=8
8189
Parsing waveform for scitype=16
512
Parsing waveform for scitype=32
512
Parsing waveform for scitype=64
512
Parsing waveform for scitype=2
8189
Parsing waveform for scitype=4
8189
Parsing waveform for scitype=8
8189
Parsing waveform for scitype=16
512
Parsing waveform for scitype=32
512
Parsing waveform for scitype=64
512
Parsing waveform for scitype=2
8189
Parsing waveform for scitype=4
8189
Parsing waveform for scitype=8
8189
Parsing waveform for scitype=16
512
Parsing waveform for scitype=32
512
Parsing waveform for scitype=64
512
Parsing waveform for scitype=2
8189
Parsing waveform for scitype=4
8189
Parsing waveform for scitype=8
8189
Parsing waveform for scitype=16
512
Parsing waveform for scitype=32
512
Parsing waveform for scitype=64
512
Parsing waveform for scitype=2
8189
Parsing waveform for scitype=4
8189
Parsing waveform for scitype=8
8189
Parsing waveform for scitype=16
512
Parsing waveform for scitype=32
512
Parsing waveform for scitype=64
512
Parsing waveform for scitype=2
8189
Parsing waveform for scitype=4
8189
Parsing waveform for scitype=8
8189
Parsing waveform for scitype=16
512
Parsing waveform for scitype=32
512
Parsing waveform for scitype=64
512
Parsing waveform for scitype=2
8189
Parsing waveform for scitype=4
8189
Parsing waveform for scitype=8
8189
Parsing waveform for scitype=16
512
Parsing waveform for scitype=32
512
Parsing waveform for scitype=64
512
Parsing waveform for scitype=2
8189
Parsing waveform for scitype=4
8189
Parsing waveform for scitype=8
8189
Parsing waveform for scitype=16
512
Parsing waveform for scitype=32
512
Parsing waveform for scitype=64
512
Parsing waveform for scitype=2
8189
Parsing waveform for scitype=4
8189
Parsing waveform for scitype=8
8189
Parsing waveform for scitype=16
512
Parsing waveform for scitype=32
512
Parsing waveform for scitype=64
512
Parsing waveform for scitype=2
8189
Parsing waveform for scitype=4
8189
Parsing waveform for scitype=8
8189
Parsing waveform for scitype=16
512
Parsing waveform for scitype=32
512
Parsing waveform for scitype=64
512
Parsing waveform for scitype=2
8189
Parsing waveform for scitype=4
8189
Parsing waveform for scitype=8
8189
Parsing waveform for scitype=16
512
Parsing waveform for scitype=32
512
Parsing waveform for scitype=64
512
Parsing waveform for scitype=2
8189
Parsing waveform for scitype=4
8189
Parsing waveform for scitype=8
8189
Parsing waveform for scitype=16
512
Parsing waveform for scitype=32
512
Parsing waveform for scitype=64
512
Parsing waveform for scitype=2
8189
Parsing waveform for scitype=4
8189
Parsing waveform for scitype=8
8189
Parsing waveform for scitype=16
512
Parsing waveform for scitype=32
512
Parsing waveform for scitype=64
512
Parsing waveform for scitype=2
8189
Parsing waveform for scitype=4
8189
Parsing waveform for scitype=8
8189
Parsing waveform for scitype=16
512
Parsing waveform for scitype=32
512
Parsing waveform for scitype=64
512
Parsing waveform for scitype=2
8189
Parsing waveform for scitype=4
8189
Parsing waveform for scitype=8
8189
Parsing waveform for scitype=16
512
Parsing waveform for scitype=32
512
Parsing waveform for scitype=64
512
Parsing waveform for scitype=2
8189
Parsing waveform for scitype=4
8189
Parsing waveform for scitype=8
8189
Parsing waveform for scitype=16
512
Parsing waveform for scitype=32
512
Parsing waveform for scitype=64
512
Parsing waveform for scitype=2
8189
Parsing waveform for scitype=4
8189
Parsing waveform for scitype=8
8189
Parsing waveform for scitype=16
512
Parsing waveform for scitype=32
512
Parsing waveform for scitype=64
512
Parsing waveform for scitype=2
8189
Parsing waveform for scitype=4
8189
Parsing waveform for scitype=8
8189
Parsing waveform for scitype=16
512
Parsing waveform for scitype=32
512
Parsing waveform for scitype=64
512
Parsing waveform for scitype=2
8189
Parsing waveform for scitype=4
8189
Parsing waveform for scitype=8
8189
Parsing waveform for scitype=16
512
Parsing waveform for scitype=32
512
Parsing waveform for scitype=64
512
Parsing waveform for scitype=2
8189
Parsing waveform for scitype=4
8189
Parsing waveform for scitype=8
8189
Parsing waveform for scitype=16
512
Parsing waveform for scitype=32
512
Parsing waveform for scitype=64
512
Parsing waveform for scitype=2
8189
Parsing waveform for scitype=4
8189
Parsing waveform for scitype=8
8189
Parsing waveform for scitype=16
512
Parsing waveform for scitype=32
512
Parsing waveform for scitype=64
512
Parsing waveform for scitype=2
8189
Parsing waveform for scitype=4
8189
Parsing waveform for scitype=8
8189
Parsing waveform for scitype=16
512
Parsing waveform for scitype=32
512
Parsing waveform for scitype=64
512
Parsing waveform for scitype=2
8189
Parsing waveform for scitype=4
8189
Parsing waveform for scitype=8
8189
Parsing waveform for scitype=16
512
Parsing waveform for scitype=32
512
Parsing waveform for scitype=64
512
Parsing waveform for scitype=2
8189
Parsing waveform for scitype=4
8189
Parsing waveform for scitype=8
8189
Parsing waveform for scitype=16
512
Parsing waveform for scitype=32
512
Parsing waveform for scitype=64
512
Auto-assigned 1 mass line(s) with 1 detected peaks
Auto-assigned 15 mass line(s) with 52 detected peaks
Auto-assigned 11 mass line(s) with 54 detected peaks
Auto-assigned 14 mass line(s) with 55 detected peaks
Auto-assigned 13 mass line(s) with 46 detected peaks
Auto-assigned 13 mass line(s) with 40 detected peaks
Auto-assigned 14 mass line(s) with 51 detected peaks
Auto-assigned 16 mass line(s) with 42 detected peaks
Auto-assigned 14 mass line(s) with 56 detected peaks
Auto-assigned 14 mass line(s) with 48 detected peaks
Auto-assigned 14 mass line(s) with 55 detected peaks
Auto-assigned 14 mass line(s) with 48 detected peaks
Auto-assigned 8 mass line(s) with 40 detected peaks
Auto-assigned 12 mass line(s) with 45 detected peaks
Auto-assigned 12 mass line(s) with 46 detected peaks
Auto-assigned 14 mass line(s) with 52 detected peaks
Auto-assigned 16 mass line(s) with 50 detected peaks
Auto-assigned 11 mass line(s) with 9 detected peaks
Auto-assigned 15 mass line(s) with 44 detected peaks
Auto-assigned 15 mass line(s) with 39 detected peaks
Auto-assigned 15 mass line(s) with 39 detected peaks
Auto-assigned 14 mass line(s) with 12 detected peaks
Auto-assigned 13 mass line(s) with 49 detected peaks
Auto-assigned 14 mass line(s) with 45 detected peaks
Auto-assigned 14 mass line(s) with 6 detected peaks
Auto-assigned 15 mass line(s) with 40 detected peaks
Auto-assigned 13 mass line(s) with 47 detected peaks
Auto-assigned 14 mass line(s) with 31 detected peaks
Auto-assigned 14 mass line(s) with 46 detected peaks
Auto-assigned 15 mass line(s) with 46 detected peaks
No accelerator match found for event 1
No accelerator match found for event 2
No accelerator match found for event 3
No accelerator match found for event 4
No accelerator match found for event 5
No accelerator match found for event 6
No accelerator match found for event 7
No accelerator match found for event 8
No accelerator match found for event 9
No accelerator match found for event 10
No accelerator match found for event 11
No accelerator match found for event 12
No accelerator match found for event 13
No accelerator match found for event 14
No accelerator match found for event 15
No accelerator match found for event 16
No accelerator match found for event 17
No accelerator match found for event 18
No accelerator match found for event 19
No accelerator match found for event 20
No accelerator match found for event 21
No accelerator match found for event 22
No accelerator match found for event 23
No accelerator match found for event 24
No accelerator match found for event 25
No accelerator match found for event 26
No accelerator match found for event 27
No accelerator match found for event 28
No accelerator match found for event 29
No accelerator match found for event 30
