$ /opt/anaconda3/envs/idex/bin/python -m spectrumpy_flight.idex_packet -f /Users/etay8828/Dropbox/IDEX Pipeline/3_Codes/3_SpectrumPY/4_Flight/src/spectrumpy_flight/Data/Calibration/Post_Env_Laser_Day1/ois_output_12052023_230726
Reading in data file /Users/etay8828/Dropbox/IDEX Pipeline/3_Codes/3_SpectrumPY/4_Flight/src/spectrumpy_flight/Data/Calibration/Post_Env_Laser_Day1/ois_output_12052023_230726
Data import completed, writing packet structures.
Packet structures written.
0
{'SHCOARSE': ParsedDataItem(SHCOARSE, raw=439513345, derived=439513345, unit=dn), 'SHFINE': ParsedDataItem(SHFINE, raw=7525, derived=7525, unit=dn), 'IDX__SCI0AID': ParsedDataItem(IDX__SCI0AID, raw=2415277392, derived=2415277392, unit=None), 'IDX__SCI0TYPE': ParsedDataItem(IDX__SCI0TYPE, raw=1, derived=1, unit=None), 'IDX__SCI0CONT': ParsedDataItem(IDX__SCI0CONT, raw=127, derived=127, unit=None), 'IDX__SCI0SPARE1': ParsedDataItem(IDX__SCI0SPARE1, raw=0, derived=0, unit=None), 'IDX__SCI0PACK': ParsedDataItem(IDX__SCI0PACK, raw=1, derived=EN, unit=None), 'IDX__SCI0FRAG': ParsedDataItem(IDX__SCI0FRAG, raw=0, derived=DS, unit=None), 'IDX__SCI0COMP': ParsedDataItem(IDX__SCI0COMP, raw=0, derived=DS, unit=None), 'IDX__SCI0EVTNUM': ParsedDataItem(IDX__SCI0EVTNUM, raw=60, derived=60, unit=None), 'IDX__SCI0CAT': ParsedDataItem(IDX__SCI0CAT, raw=32, derived=32, unit=None), 'IDX__SCI0QUAL': ParsedDataItem(IDX__SCI0QUAL, raw=5, derived=5, unit=None), 'IDX__SCI0FRAGOFF': ParsedDataItem(IDX__SCI0FRAGOFF, raw=0, derived=0, unit=None), 'IDX__SCI0VER': ParsedDataItem(IDX__SCI0VER, raw=9, derived=9, unit=None), 'IDX__SCI0TIME32': ParsedDataItem(IDX__SCI0TIME32, raw=439513221, derived=439513221, unit=None), 'IDX__SCI0SPARE2': ParsedDataItem(IDX__SCI0SPARE2, raw=0, derived=0, unit=None), 'IDX__SCI0SPARE3': ParsedDataItem(IDX__SCI0SPARE3, raw=0, derived=0, unit=None), 'IDX__SCI0SPARE4': ParsedDataItem(IDX__SCI0SPARE4, raw=0, derived=0, unit=None), 'IDX__TXHDRSCIEVTLEN': ParsedDataItem(IDX__TXHDRSCIEVTLEN, raw=8320, derived=8320, unit=None), 'IDX__TXHDRSP00': ParsedDataItem(IDX__TXHDRSP00, raw=0, derived=0, unit=None), 'IDX__TXHDRTIMESEC1': ParsedDataItem(IDX__TXHDRTIMESEC1, raw=6706, derived=6706, unit=None), 'IDX__TXHDRTIMESEC2': ParsedDataItem(IDX__TXHDRTIMESEC2, raw=28805, derived=28805, unit=None), 'IDX__TXHDRTIMESUBS': ParsedDataItem(IDX__TXHDRTIMESUBS, raw=24238, derived=24238, unit=None), 'IDX__TXHDRSP01': ParsedDataItem(IDX__TXHDRSP01, raw=0, derived=0, unit=None), 'IDX__TXHDRTRIGOFFSET': ParsedDataItem(IDX__TXHDRTRIGOFFSET, raw=0, derived=0, unit=None), 'IDX__TXHDRSP02': ParsedDataItem(IDX__TXHDRSP02, raw=0, derived=0, unit=None), 'IDX__TXHDRTRIGID': ParsedDataItem(IDX__TXHDRTRIGID, raw=1, derived=1, unit=None), 'IDX__TXHDREVTNUM': ParsedDataItem(IDX__TXHDREVTNUM, raw=60, derived=60, unit=None), 'IDX__TXHDRBLOCKS': ParsedDataItem(IDX__TXHDRBLOCKS, raw=243679, derived=243679, unit=None), 'IDX__TXHDRHGTRIGCTRL1': ParsedDataItem(IDX__TXHDRHGTRIGCTRL1, raw=2222981120, derived=2222981120, unit=None), 'IDX__TXHDRHGTRIGCTRL2': ParsedDataItem(IDX__TXHDRHGTRIGCTRL2, raw=0, derived=0, unit=None), 'IDX__TXHDRLGTRIGCTRL1': ParsedDataItem(IDX__TXHDRLGTRIGCTRL1, raw=4294965248, derived=4294965248, unit=None), 'IDX__TXHDRLGTRIGCTRL2': ParsedDataItem(IDX__TXHDRLGTRIGCTRL2, raw=4278255360, derived=4278255360, unit=None), 'IDX__TXHDRMGTRIGCTRL1': ParsedDataItem(IDX__TXHDRMGTRIGCTRL1, raw=4294965248, derived=4294965248, unit=None), 'IDX__TXHDRMGTRIGCTRL2': ParsedDataItem(IDX__TXHDRMGTRIGCTRL2, raw=4278255360, derived=4278255360, unit=None), 'IDX__TXHDRSP03': ParsedDataItem(IDX__TXHDRSP03, raw=0, derived=0, unit=None), 'IDX__TXHDRLSADC': ParsedDataItem(IDX__TXHDRLSADC, raw=1048320, derived=1048320, unit=None), 'IDX__TXHDRPOLSTAT': ParsedDataItem(IDX__TXHDRPOLSTAT, raw=1, derived=NEG, unit=None), 'IDX__TXHDRSP04': ParsedDataItem(IDX__TXHDRSP04, raw=0, derived=0, unit=None), 'IDX__TXHDRPOLCTRL': ParsedDataItem(IDX__TXHDRPOLCTRL, raw=0, derived=POS, unit=None), 'IDX__TXHDRCOINENA': ParsedDataItem(IDX__TXHDRCOINENA, raw=0, derived=DIS, unit=None), 'IDX__TXHDRLSTRIGMODE': ParsedDataItem(IDX__TXHDRLSTRIGMODE, raw=0, derived=DIS, unit=None), 'IDX__TXHDRMGTRIGMODE': ParsedDataItem(IDX__TXHDRMGTRIGMODE, raw=0, derived=0, unit=None), 'IDX__TXHDRLGTRIGMODE': ParsedDataItem(IDX__TXHDRLGTRIGMODE, raw=0, derived=0, unit=None), 'IDX__TXHDRHGTRIGMODE': ParsedDataItem(IDX__TXHDRHGTRIGMODE, raw=1, derived=1, unit=None), 'IDX__TXHDRSP05': ParsedDataItem(IDX__TXHDRSP05, raw=0, derived=0, unit=None), 'IDX__TXHDRSP06': ParsedDataItem(IDX__TXHDRSP06, raw=0, derived=0, unit=None), 'IDX__TXHDRSP07': ParsedDataItem(IDX__TXHDRSP07, raw=2020, derived=2020, unit=None), 'IDX__TXHDRSP08': ParsedDataItem(IDX__TXHDRSP08, raw=0, derived=0, unit=None), 'IDX__TXHDRTOFMAX': ParsedDataItem(IDX__TXHDRTOFMAX, raw=541596205, derived=541596205, unit=None), 'IDX__TXHDRTOFMIN': ParsedDataItem(IDX__TXHDRTOFMIN, raw=535295474, derived=535295474, unit=None), 'IDX__TXHDRLS0MAXMIN': ParsedDataItem(IDX__TXHDRLS0MAXMIN, raw=8603661, derived=8603661, unit=None), 'IDX__TXHDRLS1MAXMIN': ParsedDataItem(IDX__TXHDRLS1MAXMIN, raw=16774947, derived=16774947, unit=None), 'IDX__TXHDRLS2MAXMIN': ParsedDataItem(IDX__TXHDRLS2MAXMIN, raw=8476641, derived=8476641, unit=None), 'IDX__TXHDRFIFODELAY': ParsedDataItem(IDX__TXHDRFIFODELAY, raw=15, derived=15, unit=None), 'IDX__TXHDRSAMPDELAY': ParsedDataItem(IDX__TXHDRSAMPDELAY, raw=1073740829, derived=1073740829, unit=None), 'IDX__TXHDRTRANSCNT': ParsedDataItem(IDX__TXHDRTRANSCNT, raw=2, derived=2, unit=None), 'IDX__TXHDRPROCHKCH01': ParsedDataItem(IDX__TXHDRPROCHKCH01, raw=83755841, derived=83755841, unit=None), 'IDX__TXHDRPROCHKCH23': ParsedDataItem(IDX__TXHDRPROCHKCH23, raw=106497251, derived=106497251, unit=None), 'IDX__TXHDRPROCHKCH45': ParsedDataItem(IDX__TXHDRPROCHKCH45, raw=168953050, derived=168953050, unit=None), 'IDX__TXHDRPROCHKCH67': ParsedDataItem(IDX__TXHDRPROCHKCH67, raw=133695768, derived=133695768, unit=None), 'IDX__TXHDRHVPSHKCH01': ParsedDataItem(IDX__TXHDRHVPSHKCH01, raw=131794263, derived=131794263, unit=None), 'IDX__TXHDRHVPSHKCH23': ParsedDataItem(IDX__TXHDRHVPSHKCH23, raw=8849070, derived=8849070, unit=None), 'IDX__TXHDRHVPSHKCH45': ParsedDataItem(IDX__TXHDRHVPSHKCH45, raw=127731674, derived=127731674, unit=None), 'IDX__TXHDRHVPSHKCH67': ParsedDataItem(IDX__TXHDRHVPSHKCH67, raw=19991183, derived=19991183, unit=None), 'IDX__TXHDRLVHK0CH01': ParsedDataItem(IDX__TXHDRLVHK0CH01, raw=134219776, derived=134219776, unit=None), 'IDX__TXHDRLVHK0CH23': ParsedDataItem(IDX__TXHDRLVHK0CH23, raw=172035001, derived=172035001, unit=None), 'IDX__TXHDRLVHK0CH45': ParsedDataItem(IDX__TXHDRLVHK0CH45, raw=134745195, derived=134745195, unit=None), 'IDX__TXHDRLVHK0CH67': ParsedDataItem(IDX__TXHDRLVHK0CH67, raw=205982803, derived=205982803, unit=None), 'IDX__TXHDRLVHK1CH01': ParsedDataItem(IDX__TXHDRLVHK1CH01, raw=33621646, derived=33621646, unit=None), 'IDX__TXHDRLVHK1CH23': ParsedDataItem(IDX__TXHDRLVHK1CH23, raw=74450378, derived=74450378, unit=None), 'IDX__TXHDRLVHK1CH45': ParsedDataItem(IDX__TXHDRLVHK1CH45, raw=214697794, derived=214697794, unit=None), 'IDX__TXHDRLVHK1CH67': ParsedDataItem(IDX__TXHDRLVHK1CH67, raw=192872901, derived=192872901, unit=None), 'IDX__TXHDRLVHK2CH01': ParsedDataItem(IDX__TXHDRLVHK2CH01, raw=81659105, derived=81659105, unit=None), 'IDX__TXHDRLVHK2CH23': ParsedDataItem(IDX__TXHDRLVHK2CH23, raw=192154335, derived=192154335, unit=None), 'IDX__TXHDRLVHK2CH45': ParsedDataItem(IDX__TXHDRLVHK2CH45, raw=101059654, derived=101059654, unit=None), 'IDX__TXHDRLVHK2CH67': ParsedDataItem(IDX__TXHDRLVHK2CH67, raw=69016, derived=69016, unit=None), 'IDX__TXHDRSP09': ParsedDataItem(IDX__TXHDRSP09, raw=0, derived=0, unit=None), 'IDX__TXHDRSP10': ParsedDataItem(IDX__TXHDRSP10, raw=0, derived=0, unit=None), 'IDX__TXHDRFSWAIDCOPY': ParsedDataItem(IDX__TXHDRFSWAIDCOPY, raw=2415277392, derived=2415277392, unit=None), 'IDX__TXHDRFSWBINCOPY': ParsedDataItem(IDX__TXHDRFSWBINCOPY, raw=0, derived=0, unit=None), 'IDX__TXHDRFSWMAJOR': ParsedDataItem(IDX__TXHDRFSWMAJOR, raw=2, derived=2, unit=None), 'IDX__TXHDRFSWMINOR': ParsedDataItem(IDX__TXHDRFSWMINOR, raw=0, derived=0, unit=None), 'IDX__TXHDRFSWPATCH': ParsedDataItem(IDX__TXHDRFSWPATCH, raw=0, derived=0, unit=None), 'IDX__TXHDRFSWHVSTAT': ParsedDataItem(IDX__TXHDRFSWHVSTAT, raw=3, derived=3, unit=None), 'IDX__TXHDRFSWMEM0': ParsedDataItem(IDX__TXHDRFSWMEM0, raw=0, derived=0, unit=None), 'IDX__TXHDRFSWMEM1': ParsedDataItem(IDX__TXHDRFSWMEM1, raw=0, derived=0, unit=None), 'IDX__TXHDRFSWPT0': ParsedDataItem(IDX__TXHDRFSWPT0, raw=0, derived=0, unit=None), 'IDX__TXHDRFSWPT1': ParsedDataItem(IDX__TXHDRFSWPT1, raw=0, derived=0, unit=None), 'IDX__TXHDRFSWPT2': ParsedDataItem(IDX__TXHDRFSWPT2, raw=0, derived=0, unit=None), 'IDX__TXHDRFSWPT3': ParsedDataItem(IDX__TXHDRFSWPT3, raw=0, derived=0, unit=None), 'IDX__TXHDRFSWPT4': ParsedDataItem(IDX__TXHDRFSWPT4, raw=0, derived=0, unit=None), 'IDX__TXHDRFSWPT5': ParsedDataItem(IDX__TXHDRFSWPT5, raw=0, derived=0, unit=None), 'IDX__TXHDRFSWPT6': ParsedDataItem(IDX__TXHDRFSWPT6, raw=0, derived=0, unit=None), 'IDX__TXHDRFSWPT7': ParsedDataItem(IDX__TXHDRFSWPT7, raw=0, derived=0, unit=None), 'IDX__TXHDRFSWPT8': ParsedDataItem(IDX__TXHDRFSWPT8, raw=0, derived=0, unit=None), 'IDX__TXHDRFSWPT9': ParsedDataItem(IDX__TXHDRFSWPT9, raw=0, derived=0, unit=None), 'IDX__TXHDRFPGAVER': ParsedDataItem(IDX__TXHDRFPGAVER, raw=539165480, derived=539165480, unit=None), 'IDX__SYNCSCI0PKT': ParsedDataItem(IDX__SYNCSCI0PKT, raw=13107, derived=13107, unit=None), 'IDX__CRCSCI0PKT': ParsedDataItem(IDX__CRCSCI0PKT, raw=30702, derived=30702, unit=None)}
SHCOARSE = 439513345
SHFINE = 7525
IDX__SCI0AID = 2415277392
IDX__SCI0TYPE = 1
IDX__SCI0CONT = 127
IDX__SCI0SPARE1 = 0
IDX__SCI0PACK = EN
IDX__SCI0FRAG = DS
IDX__SCI0COMP = DS
IDX__SCI0EVTNUM = 60
IDX__SCI0CAT = 32
IDX__SCI0QUAL = 5
IDX__SCI0FRAGOFF = 0
IDX__SCI0VER = 9
IDX__SCI0TIME32 = 439513221
IDX__SCI0SPARE2 = 0
IDX__SCI0SPARE3 = 0
IDX__SCI0SPARE4 = 0
IDX__TXHDRSCIEVTLEN = 8320
IDX__TXHDRSP00 = 0
IDX__TXHDRTIMESEC1 = 6706
IDX__TXHDRTIMESEC2 = 28805
IDX__TXHDRTIMESUBS = 24238
IDX__TXHDRSP01 = 0
IDX__TXHDRTRIGOFFSET = 0
IDX__TXHDRSP02 = 0
IDX__TXHDRTRIGID = 1
IDX__TXHDREVTNUM = 60
IDX__TXHDRBLOCKS = 243679
IDX__TXHDRHGTRIGCTRL1 = 2222981120
IDX__TXHDRHGTRIGCTRL2 = 0
IDX__TXHDRLGTRIGCTRL1 = 4294965248
IDX__TXHDRLGTRIGCTRL2 = 4278255360
IDX__TXHDRMGTRIGCTRL1 = 4294965248
IDX__TXHDRMGTRIGCTRL2 = 4278255360
IDX__TXHDRSP03 = 0
IDX__TXHDRLSADC = 1048320
IDX__TXHDRPOLSTAT = NEG
IDX__TXHDRSP04 = 0
IDX__TXHDRPOLCTRL = POS
IDX__TXHDRCOINENA = DIS
IDX__TXHDRLSTRIGMODE = DIS
IDX__TXHDRMGTRIGMODE = 0
IDX__TXHDRLGTRIGMODE = 0
IDX__TXHDRHGTRIGMODE = 1
IDX__TXHDRSP05 = 0
IDX__TXHDRSP06 = 0
IDX__TXHDRSP07 = 2020
IDX__TXHDRSP08 = 0
IDX__TXHDRTOFMAX = 541596205
IDX__TXHDRTOFMIN = 535295474
IDX__TXHDRLS0MAXMIN = 8603661
IDX__TXHDRLS1MAXMIN = 16774947
IDX__TXHDRLS2MAXMIN = 8476641
IDX__TXHDRFIFODELAY = 15
IDX__TXHDRSAMPDELAY = 1073740829
IDX__TXHDRTRANSCNT = 2
IDX__TXHDRPROCHKCH01 = 83755841
IDX__TXHDRPROCHKCH23 = 106497251
IDX__TXHDRPROCHKCH45 = 168953050
IDX__TXHDRPROCHKCH67 = 133695768
IDX__TXHDRHVPSHKCH01 = 131794263
IDX__TXHDRHVPSHKCH23 = 8849070
IDX__TXHDRHVPSHKCH45 = 127731674
IDX__TXHDRHVPSHKCH67 = 19991183
IDX__TXHDRLVHK0CH01 = 134219776
IDX__TXHDRLVHK0CH23 = 172035001
IDX__TXHDRLVHK0CH45 = 134745195
IDX__TXHDRLVHK0CH67 = 205982803
IDX__TXHDRLVHK1CH01 = 33621646
IDX__TXHDRLVHK1CH23 = 74450378
IDX__TXHDRLVHK1CH45 = 214697794
IDX__TXHDRLVHK1CH67 = 192872901
IDX__TXHDRLVHK2CH01 = 81659105
IDX__TXHDRLVHK2CH23 = 192154335
IDX__TXHDRLVHK2CH45 = 101059654
IDX__TXHDRLVHK2CH67 = 69016
IDX__TXHDRSP09 = 0
IDX__TXHDRSP10 = 0
IDX__TXHDRFSWAIDCOPY = 2415277392
IDX__TXHDRFSWBINCOPY = 0
IDX__TXHDRFSWMAJOR = 2
IDX__TXHDRFSWMINOR = 0
IDX__TXHDRFSWPATCH = 0
IDX__TXHDRFSWHVSTAT = 3
IDX__TXHDRFSWMEM0 = 0
IDX__TXHDRFSWMEM1 = 0
IDX__TXHDRFSWPT0 = 0
IDX__TXHDRFSWPT1 = 0
IDX__TXHDRFSWPT2 = 0
IDX__TXHDRFSWPT3 = 0
IDX__TXHDRFSWPT4 = 0
IDX__TXHDRFSWPT5 = 0
IDX__TXHDRFSWPT6 = 0
IDX__TXHDRFSWPT7 = 0
IDX__TXHDRFSWPT8 = 0
IDX__TXHDRFSWPT9 = 0
IDX__TXHDRFPGAVER = 539165480
IDX__SYNCSCI0PKT = 13107
IDX__CRCSCI0PKT = 30702
^*****Event header 1******^
EVTNUM: 1
SCI0TYPE: 1
TXHDRBLOCKS RAW: 243679
TXHDRBLOCKS DERIVED: 243679
-----
HS pre trig sampling blocks:  31
LS pre trig sampling blocks:  3
HS post trig sampling blocks:  31
LS post trig sampling blocks:  11
IDX__TXHDRHVPSHKCH01 = 131794263
Detector voltage =  1367
Sensor voltage =  2011
Target voltage =  1710
Reflectron voltage =  135
Rejection voltage =  2010
Current for HVPS sensor =  1949
Positive current for HVPS sensor =  2703
Negative current for HVPS sensor =  305
Voltage +3.3V reference =  2048
Voltage +3.3V operational reference =  2048
Voltage -6V bus =  3001
Voltage +6V bus =  2625
Voltage +16V bus =  3179
Voltage +3.3V bus =  2056
Voltage -5V bus =  3155
Voltage +5V bus =  3143
Current +3.3V bus =  1678
Current +16V bus =  1136
Current +6V bus =  1482
Current -6V bus =  1136
Current +5V bus =  1858
Current -5V bus =  3276
Current +2.5V bus =  453
Current -2.5V bus =  2943
Current on the 1V POL =  833
Current on the 1.9V POL =  1278
ProcBd Temperature 1 =  1251
ProcBd Temperature 2 =  1625
Voltage on 1V bus =  1242
FPGA Temperature =  2578
Voltage on 1.9V bus =  2328
Voltage on 3.3V bus =  2040
var_to_row = {'Last measurement in raw DN for Processor Board signal “1V POL Current”': 0, 'Last measurement in raw DN for Processor Board signal “1.9V POL Current”': 1, 'Last measurement in raw DN for Processor Board signal “ProcBd Temp1”': 2, nan: 48, 'Last measurement in raw DN for Processor Board signal “ProcBd Temp2”': 6, 'Last measurement in raw DN for Processor Board signal “1V Voltage”': 10, 'Last measurement in raw DN for Processor Board signal “FPGA Temp”': 11, 'Last measurement in raw DN for Processor Board signal “1.9V Voltage”': 12, 'Last measurement in raw DN for Processor Board signal “3.3V Voltage”': 13, 'Last measurement in raw DN for HVPS Board signal “Detector Voltage”': 14, 'Last measurement in raw DN for HVPS Board signal “Sensor Voltage"': 15, 'Last measurement in raw DN for HVPS Board signal “Target Voltage”': 16, 'Last measurement in raw DN for HVPS Board signal “Reflectron Voltage”': 17, 'Last measurement in raw DN for HVPS Board signal “Rejection Voltage”': 18, 'Last measurement in raw DN for HVPS Board signal “Detector Current”': 19, 'Last measurement in raw DN for HVPS Board signal “Sensor IP”': 20, 'Last measurement in raw DN for HVPS Board signal “Sensor IN”': 21, 'Last measurement in raw DN for LVPS Board signal “P3.3VREF_HK”': 22, 'Last measurement in raw DN for LVPS Board signal “P3.3VREF_OP”': 23, 'Last measurement in raw DN for LVPS Board signal “N6V”': 24, 'Last measurement in raw DN for LVPS Board signal “P6V”': 25, 'Last measurement in raw DN for LVPS Board signal “P16V”': 26, 'Last measurement in raw DN for LVPS Board signal “P3.3V”': 27, 'Last measurement in raw DN for LVPS Board signal “N5V”': 28, 'Last measurement in raw DN for LVPS Board signal “P5V”': 29, 'Last measurement in raw DN for LVPS Board signal “P3.3_IMON”': 30, 'Last measurement in raw DN for LVPS Board signal “P16V_IMON”': 31, 'Last measurement in raw DN for LVPS Board signal “P6V_IMON”': 32, 'Last measurement in raw DN for LVPS Board signal “N6V_IMON”': 33, 'Last measurement in raw DN for LVPS Board signal “P5V_IMON”': 34, 'Last measurement in raw DN for LVPS Board signal “N5V_IMON”': 35, 'Last measurement in raw DN for LVPS Board signal “P2.5V_IMON”': 36, 'Last measurement in raw DN for LVPS Board signal “N2.5V_IMON”': 37, 'Last measurement in raw DN for LVPS Board signal “THERM_DECON0”': 38, 'Last measurement in raw DN for LVPS Board signal “THERM_DECON1”': 39, 'Last measurement in raw DN for LVPS Board signal “THERM_DAB”': 40, 'Last measurement in raw DN for LVPS Board signal “THERM_LVPS”': 41, 'Last measurement in raw DN for LVPS Board signal “THERM_HVPS”': 45, 'Last measurement in raw DN for LVPS Board signal “P2.5V”': 49, 'Last measurement in raw DN for LVPS Board signal “N2.5V”': 50, 'Last measurement in raw DN for LVPS Board signal “Spare”': 51}

 
 ***** var_name being converted for each instrument setting ***** 
 

Matching row  18
coeffs for Last measurement in raw DN for Processor Board signal “1V POL Current”= [0.0 0.9029253 0.0 0.0 0.0 0.0 0.0 0.0]
var_name = Last measurement in raw DN for Processor Board signal “1V POL Current”
var_name = current_1V_pol
Header info = 833
Transformed value for current_1V_pol = 752.1367749000001
Matching row  18
coeffs for Last measurement in raw DN for Processor Board signal “1.9V POL Current”= [0.0 0.9029253 0.0 0.0 0.0 0.0 0.0 0.0]
var_name = Last measurement in raw DN for Processor Board signal “1.9V POL Current”
var_name = current_1.9V_pol
Header info = 1278
Transformed value for current_1.9V_pol = 1153.9385334
Matching row  18
coeffs for Last measurement in raw DN for Processor Board signal “ProcBd Temp1”= [162.8276 -0.2668687 0.0003323794 -2.43153e-07 9.034532e-11 -1.327735e-14
 0.0 0.0]
var_name = Last measurement in raw DN for Processor Board signal “ProcBd Temp1”
var_name = temperature_1
Header info = 1251
Transformed value for temperature_1 = 53.69476080899112
Matching row  18
coeffs for nan= [-104713.9 52.02446 -0.006463374 0.0 0.0 0.0 0.0 0.0]
var_name = nan
var_name = None
KeyError: (1, None) - Could not find entry for None, 48. Please check the Var_notes or variable mapping.
Matching row  18
coeffs for Last measurement in raw DN for Processor Board signal “ProcBd Temp2”= [162.8276 -0.2668687 0.0003323794 -2.43153e-07 9.034532e-11 -1.327735e-14
 0.0 0.0]
var_name = Last measurement in raw DN for Processor Board signal “ProcBd Temp2”
var_name = temperature_2
Header info = 1625
Transformed value for temperature_2 = 43.0057471011354
Matching row  18
coeffs for Last measurement in raw DN for Processor Board signal “1V Voltage”= [0.0 0.000805861 0.0 0.0 0.0 0.0 0.0 0.0]
var_name = Last measurement in raw DN for Processor Board signal “1V Voltage”
var_name = voltage_1V_bus
Header info = 1242
Transformed value for voltage_1V_bus = 1.0008793619999998
Matching row  18
coeffs for Last measurement in raw DN for Processor Board signal “FPGA Temp”= [358.31 -0.1187104 0.0 0.0 0.0 0.0 0.0 0.0]
var_name = Last measurement in raw DN for Processor Board signal “FPGA Temp”
var_name = fpga_temperature
Header info = 2578
Transformed value for fpga_temperature = 52.274588800000004
Matching row  18
coeffs for Last measurement in raw DN for Processor Board signal “1.9V Voltage”= [0.0 0.000805861 0.0 0.0 0.0 0.0 0.0 0.0]
var_name = Last measurement in raw DN for Processor Board signal “1.9V Voltage”
var_name = voltage_1.9V_bus
Header info = 2328
Transformed value for voltage_1.9V_bus = 1.8760444079999998
Matching row  18
coeffs for Last measurement in raw DN for Processor Board signal “3.3V Voltage”= [0.0 0.001611722 0.0 0.0 0.0 0.0 0.0 0.0]
var_name = Last measurement in raw DN for Processor Board signal “3.3V Voltage”
var_name = voltage_3.3V_bus
Header info = 2040
Transformed value for voltage_3.3V_bus = 3.28791288
Matching row  18
coeffs for Last measurement in raw DN for HVPS Board signal “Detector Voltage”= [0.0 1.4652 0.0 0.0 0.0 0.0 0.0 0.0]
var_name = Last measurement in raw DN for HVPS Board signal “Detector Voltage”
var_name = detector_voltage
Header info = 1367
Transformed value for detector_voltage = 2002.9284
Matching row  18
coeffs for Last measurement in raw DN for HVPS Board signal “Sensor Voltage"= [0.0 1.4652 0.0 0.0 0.0 0.0 0.0 0.0]
var_name = Last measurement in raw DN for HVPS Board signal “Sensor Voltage"
var_name = sensor_voltage
Header info = 2011
Transformed value for sensor_voltage = 2946.5172000000002
Matching row  18
coeffs for Last measurement in raw DN for HVPS Board signal “Target Voltage”= [0.0 1.4652 0.0 0.0 0.0 0.0 0.0 0.0]
var_name = Last measurement in raw DN for HVPS Board signal “Target Voltage”
var_name = target_voltage
Header info = 1710
Transformed value for target_voltage = 2505.492
Matching row  18
coeffs for Last measurement in raw DN for HVPS Board signal “Reflectron Voltage”= [0.0 1.4652 0.0 0.0 0.0 0.0 0.0 0.0]
var_name = Last measurement in raw DN for HVPS Board signal “Reflectron Voltage”
var_name = reflectron_voltage
Header info = 135
Transformed value for reflectron_voltage = 197.80200000000002
Matching row  18
coeffs for Last measurement in raw DN for HVPS Board signal “Rejection Voltage”= [0.0 1.4652 0.0 0.0 0.0 0.0 0.0 0.0]
var_name = Last measurement in raw DN for HVPS Board signal “Rejection Voltage”
var_name = rejection_voltage
Header info = 2010
Transformed value for rejection_voltage = 2945.052
Matching row  18
coeffs for Last measurement in raw DN for HVPS Board signal “Detector Current”= [0.0 7.326e-06 0.0 0.0 0.0 0.0 0.0 0.0]
var_name = Last measurement in raw DN for HVPS Board signal “Detector Current”
var_name = current_hvps_sensor
Header info = 1949
Transformed value for current_hvps_sensor = 0.014278374
Matching row  18
coeffs for Last measurement in raw DN for HVPS Board signal “Sensor IP”= [0.0 2.4339e-05 0.0 0.0 0.0 0.0 0.0 0.0]
var_name = Last measurement in raw DN for HVPS Board signal “Sensor IP”
var_name = positive_current_hvps
Header info = 2703
Transformed value for positive_current_hvps = 0.065788317
Matching row  18
coeffs for Last measurement in raw DN for HVPS Board signal “Sensor IN”= [0.0 2.4339e-05 0.0 0.0 0.0 0.0 0.0 0.0]
var_name = Last measurement in raw DN for HVPS Board signal “Sensor IN”
var_name = negative_current_hvps
Header info = 305
Transformed value for negative_current_hvps = 0.007423394999999999
Matching row  18
coeffs for Last measurement in raw DN for LVPS Board signal “P3.3VREF_HK”= [0.0 0.00161172 0.0 0.0 0.0 0.0 0.0 0.0]
var_name = Last measurement in raw DN for LVPS Board signal “P3.3VREF_HK”
var_name = voltage_3V3_ref
Header info = 2048
Transformed value for voltage_3V3_ref = 3.30080256
Matching row  18
coeffs for Last measurement in raw DN for LVPS Board signal “P3.3VREF_OP”= [0.0 0.00161172 0.0 0.0 0.0 0.0 0.0 0.0]
var_name = Last measurement in raw DN for LVPS Board signal “P3.3VREF_OP”
var_name = voltage_3V3_op_ref
Header info = 2048
Transformed value for voltage_3V3_op_ref = 3.30080256
Matching row  18
coeffs for Last measurement in raw DN for LVPS Board signal “N6V”= [-33.0 0.00886447 0.0 0.0 0.0 0.0 0.0 0.0]
var_name = Last measurement in raw DN for LVPS Board signal “N6V”
var_name = voltage_neg6V_bus
Header info = 3001
Transformed value for voltage_neg6V_bus = -6.397725530000002
Matching row  18
coeffs for Last measurement in raw DN for LVPS Board signal “P6V”= [0.0 0.00241758 0.0 0.0 0.0 0.0 0.0 0.0]
var_name = Last measurement in raw DN for LVPS Board signal “P6V”
var_name = voltage_pos6V_bus
Header info = 2625
Transformed value for voltage_pos6V_bus = 6.3461475
Matching row  18
coeffs for Last measurement in raw DN for LVPS Board signal “P16V”= [0.0 0.00482711 0.0 0.0 0.0 0.0 0.0 0.0]
var_name = Last measurement in raw DN for LVPS Board signal “P16V”
var_name = voltage_pos16V_bus
Header info = 3179
Transformed value for voltage_pos16V_bus = 15.34538269
Matching row  18
coeffs for Last measurement in raw DN for LVPS Board signal “P3.3V”= [0.0 0.00161172 0.0 0.0 0.0 0.0 0.0 0.0]
var_name = Last measurement in raw DN for LVPS Board signal “P3.3V”
var_name = voltage_pos3V3_bus
Header info = 2056
Transformed value for voltage_pos3V3_bus = 3.31369632
Matching row  18
coeffs for Last measurement in raw DN for LVPS Board signal “N5V”= [-33.0 0.00886447 0.0 0.0 0.0 0.0 0.0 0.0]
var_name = Last measurement in raw DN for LVPS Board signal “N5V”
var_name = voltage_neg5V_bus
Header info = 3155
Transformed value for voltage_neg5V_bus = -5.032597150000001
Matching row  18
coeffs for Last measurement in raw DN for LVPS Board signal “P5V”= [0.0 0.00161172 0.0 0.0 0.0 0.0 0.0 0.0]
var_name = Last measurement in raw DN for LVPS Board signal “P5V”
var_name = voltage_pos5V_bus
Header info = 3143
Transformed value for voltage_pos5V_bus = 5.06563596
Matching row  18
coeffs for Last measurement in raw DN for LVPS Board signal “P3.3_IMON”= [0.0 0.00161172 0.0 0.0 0.0 0.0 0.0 0.0]
var_name = Last measurement in raw DN for LVPS Board signal “P3.3_IMON”
var_name = current_3V3_bus
Header info = 1678
Transformed value for current_3V3_bus = 2.70446616
Matching row  18
coeffs for Last measurement in raw DN for LVPS Board signal “P16V_IMON”= [0.0 0.000161172 0.0 0.0 0.0 0.0 0.0 0.0]
var_name = Last measurement in raw DN for LVPS Board signal “P16V_IMON”
var_name = current_16V_bus
Header info = 1136
Transformed value for current_16V_bus = 0.18309139200000002
Matching row  18
coeffs for Last measurement in raw DN for LVPS Board signal “P6V_IMON”= [0.0 8.05861e-05 0.0 0.0 0.0 0.0 0.0 0.0]
var_name = Last measurement in raw DN for LVPS Board signal “P6V_IMON”
var_name = current_6V_bus
Header info = 1482
Transformed value for current_6V_bus = 0.1194286002
Matching row  18
coeffs for Last measurement in raw DN for LVPS Board signal “N6V_IMON”= [0.0 -8.05861e-05 0.0 0.0 0.0 0.0 0.0 0.0]
var_name = Last measurement in raw DN for LVPS Board signal “N6V_IMON”
var_name = current_neg6V_bus
Header info = 1136
Transformed value for current_neg6V_bus = -0.0915458096
Matching row  18
coeffs for Last measurement in raw DN for LVPS Board signal “P5V_IMON”= [0.0 4.029304e-05 0.0 0.0 0.0 0.0 0.0 0.0]
var_name = Last measurement in raw DN for LVPS Board signal “P5V_IMON”
var_name = current_5V_bus
Header info = 1858
Transformed value for current_5V_bus = 0.07486446832
Matching row  18
coeffs for Last measurement in raw DN for LVPS Board signal “N5V_IMON”= [0.0 -2.01465e-05 0.0 0.0 0.0 0.0 0.0 0.0]
var_name = Last measurement in raw DN for LVPS Board signal “N5V_IMON”
var_name = current_neg5V_bus
Header info = 3276
Transformed value for current_neg5V_bus = -0.06599993400000001
Matching row  18
coeffs for Last measurement in raw DN for LVPS Board signal “P2.5V_IMON”= [0.0 0.00161172 0.0 0.0 0.0 0.0 0.0 0.0]
var_name = Last measurement in raw DN for LVPS Board signal “P2.5V_IMON”
var_name = current_2V5_bus
Header info = 453
Transformed value for current_2V5_bus = 0.73010916
Matching row  18
coeffs for Last measurement in raw DN for LVPS Board signal “N2.5V_IMON”= [0.0 -4.0293e-05 0.0 0.0 0.0 0.0 0.0 0.0]
var_name = Last measurement in raw DN for LVPS Board signal “N2.5V_IMON”
var_name = current_neg2V5_bus
Header info = 2943
Transformed value for current_neg2V5_bus = -0.118582299
Matching row  18
coeffs for Last measurement in raw DN for LVPS Board signal “THERM_DECON0”= [-110.293 0.0665351 0.000305738 -6.32048e-07 5.9934e-10 -2.98784e-13
 7.61361e-17 -7.76467e-21]
var_name = Last measurement in raw DN for LVPS Board signal “THERM_DECON0”
var_name = None
KeyError: (1, None) - Could not find entry for None, 38. Please check the Var_notes or variable mapping.
Matching row  18
coeffs for Last measurement in raw DN for LVPS Board signal “THERM_DECON1”= [-150.478 0.376986 -0.00062072 7.73853e-07 -5.81588e-10 2.56368e-13
 -6.05698e-17 5.96635e-21]
var_name = Last measurement in raw DN for LVPS Board signal “THERM_DECON1”
var_name = None
KeyError: (1, None) - Could not find entry for None, 39. Please check the Var_notes or variable mapping.
Matching row  18
coeffs for Last measurement in raw DN for LVPS Board signal “THERM_DAB”= [-443.248 1.31224 -0.00180422 1.40016e-06 -6.43766e-10 1.7448e-13
 -2.57695e-17 1.60239e-21]
var_name = Last measurement in raw DN for LVPS Board signal “THERM_DAB”
var_name = None
KeyError: (1, None) - Could not find entry for None, 40. Please check the Var_notes or variable mapping.
Matching row  18
coeffs for Last measurement in raw DN for LVPS Board signal “THERM_LVPS”= [200.4137 -0.2020699 0.000175403 -9.739547e-08 2.888932e-11 -3.545603e-15
 0.0 0.0]
var_name = Last measurement in raw DN for LVPS Board signal “THERM_LVPS”
var_name = None
KeyError: (1, None) - Could not find entry for None, 41. Please check the Var_notes or variable mapping.
Matching row  18
coeffs for Last measurement in raw DN for LVPS Board signal “THERM_HVPS”= [200.4137 -0.2020699 0.000175403 -9.739547e-08 2.888932e-11 -3.545603e-15
 0.0 0.0]
var_name = Last measurement in raw DN for LVPS Board signal “THERM_HVPS”
var_name = None
KeyError: (1, None) - Could not find entry for None, 45. Please check the Var_notes or variable mapping.
Matching row  18
coeffs for Last measurement in raw DN for LVPS Board signal “P2.5V”= [0.0 0.00161172 0.0 0.0 0.0 0.0 0.0 0.0]
var_name = Last measurement in raw DN for LVPS Board signal “P2.5V”
var_name = None
KeyError: (1, None) - Could not find entry for None, 49. Please check the Var_notes or variable mapping.
Matching row  18
coeffs for Last measurement in raw DN for LVPS Board signal “N2.5V”= [-33.0 0.00886447 0.0 0.0 0.0 0.0 0.0 0.0]
var_name = Last measurement in raw DN for LVPS Board signal “N2.5V”
var_name = None
KeyError: (1, None) - Could not find entry for None, 50. Please check the Var_notes or variable mapping.
Matching row  18
coeffs for Last measurement in raw DN for LVPS Board signal “Spare”= [0.0 0.00161172 0.0 0.0 0.0 0.0 0.0 0.0]
var_name = Last measurement in raw DN for LVPS Board signal “Spare”
var_name = spare_signal
KeyError: (1, 'spare_signal') - Could not find entry for spare_signal, 51. Please check the Var_notes or variable mapping.
High gain delay = 29 samples.
Mid gain delay = 1023 samples.
Low gain delay = 1023 samples.
High sampling trigger mode =  0 0 1
High gain trigger mode enabled.
For 2222981120, HG Trigger level = 0.15317, sample settings = 0, 0
Threshold trigger mode enabled for high gain channel.
AID = 2415277392
Event number = 60
Rice compression enabled = False
Timestamp = 439513221.48476 seconds since epoch (Midnight January 1st, 2010)
Trigger time = 2023-12-05T23:00:21.484760Z
1
1
1
1
1
1
1
1
1
1
1
1
1
{'SHCOARSE': ParsedDataItem(SHCOARSE, raw=439513358, derived=439513358, unit=dn), 'SHFINE': ParsedDataItem(SHFINE, raw=7534, derived=7534, unit=dn), 'IDX__SCI0AID': ParsedDataItem(IDX__SCI0AID, raw=2415277392, derived=2415277392, unit=None), 'IDX__SCI0TYPE': ParsedDataItem(IDX__SCI0TYPE, raw=1, derived=1, unit=None), 'IDX__SCI0CONT': ParsedDataItem(IDX__SCI0CONT, raw=127, derived=127, unit=None), 'IDX__SCI0SPARE1': ParsedDataItem(IDX__SCI0SPARE1, raw=0, derived=0, unit=None), 'IDX__SCI0PACK': ParsedDataItem(IDX__SCI0PACK, raw=1, derived=EN, unit=None), 'IDX__SCI0FRAG': ParsedDataItem(IDX__SCI0FRAG, raw=0, derived=DS, unit=None), 'IDX__SCI0COMP': ParsedDataItem(IDX__SCI0COMP, raw=0, derived=DS, unit=None), 'IDX__SCI0EVTNUM': ParsedDataItem(IDX__SCI0EVTNUM, raw=61, derived=61, unit=None), 'IDX__SCI0CAT': ParsedDataItem(IDX__SCI0CAT, raw=32, derived=32, unit=None), 'IDX__SCI0QUAL': ParsedDataItem(IDX__SCI0QUAL, raw=5, derived=5, unit=None), 'IDX__SCI0FRAGOFF': ParsedDataItem(IDX__SCI0FRAGOFF, raw=0, derived=0, unit=None), 'IDX__SCI0VER': ParsedDataItem(IDX__SCI0VER, raw=9, derived=9, unit=None), 'IDX__SCI0TIME32': ParsedDataItem(IDX__SCI0TIME32, raw=439513222, derived=439513222, unit=None), 'IDX__SCI0SPARE2': ParsedDataItem(IDX__SCI0SPARE2, raw=0, derived=0, unit=None), 'IDX__SCI0SPARE3': ParsedDataItem(IDX__SCI0SPARE3, raw=0, derived=0, unit=None), 'IDX__SCI0SPARE4': ParsedDataItem(IDX__SCI0SPARE4, raw=0, derived=0, unit=None), 'IDX__TXHDRSCIEVTLEN': ParsedDataItem(IDX__TXHDRSCIEVTLEN, raw=8320, derived=8320, unit=None), 'IDX__TXHDRSP00': ParsedDataItem(IDX__TXHDRSP00, raw=0, derived=0, unit=None), 'IDX__TXHDRTIMESEC1': ParsedDataItem(IDX__TXHDRTIMESEC1, raw=6706, derived=6706, unit=None), 'IDX__TXHDRTIMESEC2': ParsedDataItem(IDX__TXHDRTIMESEC2, raw=28806, derived=28806, unit=None), 'IDX__TXHDRTIMESUBS': ParsedDataItem(IDX__TXHDRTIMESUBS, raw=24234, derived=24234, unit=None), 'IDX__TXHDRSP01': ParsedDataItem(IDX__TXHDRSP01, raw=0, derived=0, unit=None), 'IDX__TXHDRTRIGOFFSET': ParsedDataItem(IDX__TXHDRTRIGOFFSET, raw=7, derived=7, unit=None), 'IDX__TXHDRSP02': ParsedDataItem(IDX__TXHDRSP02, raw=0, derived=0, unit=None), 'IDX__TXHDRTRIGID': ParsedDataItem(IDX__TXHDRTRIGID, raw=1, derived=1, unit=None), 'IDX__TXHDREVTNUM': ParsedDataItem(IDX__TXHDREVTNUM, raw=61, derived=61, unit=None), 'IDX__TXHDRBLOCKS': ParsedDataItem(IDX__TXHDRBLOCKS, raw=243679, derived=243679, unit=None), 'IDX__TXHDRHGTRIGCTRL1': ParsedDataItem(IDX__TXHDRHGTRIGCTRL1, raw=2222981120, derived=2222981120, unit=None), 'IDX__TXHDRHGTRIGCTRL2': ParsedDataItem(IDX__TXHDRHGTRIGCTRL2, raw=0, derived=0, unit=None), 'IDX__TXHDRLGTRIGCTRL1': ParsedDataItem(IDX__TXHDRLGTRIGCTRL1, raw=4294965248, derived=4294965248, unit=None), 'IDX__TXHDRLGTRIGCTRL2': ParsedDataItem(IDX__TXHDRLGTRIGCTRL2, raw=4278255360, derived=4278255360, unit=None), 'IDX__TXHDRMGTRIGCTRL1': ParsedDataItem(IDX__TXHDRMGTRIGCTRL1, raw=4294965248, derived=4294965248, unit=None), 'IDX__TXHDRMGTRIGCTRL2': ParsedDataItem(IDX__TXHDRMGTRIGCTRL2, raw=4278255360, derived=4278255360, unit=None), 'IDX__TXHDRSP03': ParsedDataItem(IDX__TXHDRSP03, raw=0, derived=0, unit=None), 'IDX__TXHDRLSADC': ParsedDataItem(IDX__TXHDRLSADC, raw=1048320, derived=1048320, unit=None), 'IDX__TXHDRPOLSTAT': ParsedDataItem(IDX__TXHDRPOLSTAT, raw=1, derived=NEG, unit=None), 'IDX__TXHDRSP04': ParsedDataItem(IDX__TXHDRSP04, raw=0, derived=0, unit=None), 'IDX__TXHDRPOLCTRL': ParsedDataItem(IDX__TXHDRPOLCTRL, raw=0, derived=POS, unit=None), 'IDX__TXHDRCOINENA': ParsedDataItem(IDX__TXHDRCOINENA, raw=0, derived=DIS, unit=None), 'IDX__TXHDRLSTRIGMODE': ParsedDataItem(IDX__TXHDRLSTRIGMODE, raw=0, derived=DIS, unit=None), 'IDX__TXHDRMGTRIGMODE': ParsedDataItem(IDX__TXHDRMGTRIGMODE, raw=0, derived=0, unit=None), 'IDX__TXHDRLGTRIGMODE': ParsedDataItem(IDX__TXHDRLGTRIGMODE, raw=0, derived=0, unit=None), 'IDX__TXHDRHGTRIGMODE': ParsedDataItem(IDX__TXHDRHGTRIGMODE, raw=1, derived=1, unit=None), 'IDX__TXHDRSP05': ParsedDataItem(IDX__TXHDRSP05, raw=0, derived=0, unit=None), 'IDX__TXHDRSP06': ParsedDataItem(IDX__TXHDRSP06, raw=0, derived=0, unit=None), 'IDX__TXHDRSP07': ParsedDataItem(IDX__TXHDRSP07, raw=2019, derived=2019, unit=None), 'IDX__TXHDRSP08': ParsedDataItem(IDX__TXHDRSP08, raw=0, derived=0, unit=None), 'IDX__TXHDRTOFMAX': ParsedDataItem(IDX__TXHDRTOFMAX, raw=542644863, derived=542644863, unit=None), 'IDX__TXHDRTOFMIN': ParsedDataItem(IDX__TXHDRTOFMIN, raw=535295476, derived=535295476, unit=None), 'IDX__TXHDRLS0MAXMIN': ParsedDataItem(IDX__TXHDRLS0MAXMIN, raw=8468493, derived=8468493, unit=None), 'IDX__TXHDRLS1MAXMIN': ParsedDataItem(IDX__TXHDRLS1MAXMIN, raw=8443882, derived=8443882, unit=None), 'IDX__TXHDRLS2MAXMIN': ParsedDataItem(IDX__TXHDRLS2MAXMIN, raw=8660963, derived=8660963, unit=None), 'IDX__TXHDRFIFODELAY': ParsedDataItem(IDX__TXHDRFIFODELAY, raw=15, derived=15, unit=None), 'IDX__TXHDRSAMPDELAY': ParsedDataItem(IDX__TXHDRSAMPDELAY, raw=57728084, derived=57728084, unit=None), 'IDX__TXHDRTRANSCNT': ParsedDataItem(IDX__TXHDRTRANSCNT, raw=4, derived=4, unit=None), 'IDX__TXHDRPROCHKCH01': ParsedDataItem(IDX__TXHDRPROCHKCH01, raw=83755841, derived=83755841, unit=None), 'IDX__TXHDRPROCHKCH23': ParsedDataItem(IDX__TXHDRPROCHKCH23, raw=106497251, derived=106497251, unit=None), 'IDX__TXHDRPROCHKCH45': ParsedDataItem(IDX__TXHDRPROCHKCH45, raw=168953050, derived=168953050, unit=None), 'IDX__TXHDRPROCHKCH67': ParsedDataItem(IDX__TXHDRPROCHKCH67, raw=133695768, derived=133695768, unit=None), 'IDX__TXHDRHVPSHKCH01': ParsedDataItem(IDX__TXHDRHVPSHKCH01, raw=131859799, derived=131859799, unit=None), 'IDX__TXHDRHVPSHKCH23': ParsedDataItem(IDX__TXHDRHVPSHKCH23, raw=8849070, derived=8849070, unit=None), 'IDX__TXHDRHVPSHKCH45': ParsedDataItem(IDX__TXHDRHVPSHKCH45, raw=127731674, derived=127731674, unit=None), 'IDX__TXHDRHVPSHKCH67': ParsedDataItem(IDX__TXHDRHVPSHKCH67, raw=19991183, derived=19991183, unit=None), 'IDX__TXHDRLVHK0CH01': ParsedDataItem(IDX__TXHDRLVHK0CH01, raw=134219776, derived=134219776, unit=None), 'IDX__TXHDRLVHK0CH23': ParsedDataItem(IDX__TXHDRLVHK0CH23, raw=172035001, derived=172035001, unit=None), 'IDX__TXHDRLVHK0CH45': ParsedDataItem(IDX__TXHDRLVHK0CH45, raw=134745195, derived=134745195, unit=None), 'IDX__TXHDRLVHK0CH67': ParsedDataItem(IDX__TXHDRLVHK0CH67, raw=205982803, derived=205982803, unit=None), 'IDX__TXHDRLVHK1CH01': ParsedDataItem(IDX__TXHDRLVHK1CH01, raw=33621647, derived=33621647, unit=None), 'IDX__TXHDRLVHK1CH23': ParsedDataItem(IDX__TXHDRLVHK1CH23, raw=74450378, derived=74450378, unit=None), 'IDX__TXHDRLVHK1CH45': ParsedDataItem(IDX__TXHDRLVHK1CH45, raw=214697794, derived=214697794, unit=None), 'IDX__TXHDRLVHK1CH67': ParsedDataItem(IDX__TXHDRLVHK1CH67, raw=192872901, derived=192872901, unit=None), 'IDX__TXHDRLVHK2CH01': ParsedDataItem(IDX__TXHDRLVHK2CH01, raw=81659105, derived=81659105, unit=None), 'IDX__TXHDRLVHK2CH23': ParsedDataItem(IDX__TXHDRLVHK2CH23, raw=192154335, derived=192154335, unit=None), 'IDX__TXHDRLVHK2CH45': ParsedDataItem(IDX__TXHDRLVHK2CH45, raw=101059654, derived=101059654, unit=None), 'IDX__TXHDRLVHK2CH67': ParsedDataItem(IDX__TXHDRLVHK2CH67, raw=69017, derived=69017, unit=None), 'IDX__TXHDRSP09': ParsedDataItem(IDX__TXHDRSP09, raw=0, derived=0, unit=None), 'IDX__TXHDRSP10': ParsedDataItem(IDX__TXHDRSP10, raw=0, derived=0, unit=None), 'IDX__TXHDRFSWAIDCOPY': ParsedDataItem(IDX__TXHDRFSWAIDCOPY, raw=2415277392, derived=2415277392, unit=None), 'IDX__TXHDRFSWBINCOPY': ParsedDataItem(IDX__TXHDRFSWBINCOPY, raw=0, derived=0, unit=None), 'IDX__TXHDRFSWMAJOR': ParsedDataItem(IDX__TXHDRFSWMAJOR, raw=2, derived=2, unit=None), 'IDX__TXHDRFSWMINOR': ParsedDataItem(IDX__TXHDRFSWMINOR, raw=0, derived=0, unit=None), 'IDX__TXHDRFSWPATCH': ParsedDataItem(IDX__TXHDRFSWPATCH, raw=0, derived=0, unit=None), 'IDX__TXHDRFSWHVSTAT': ParsedDataItem(IDX__TXHDRFSWHVSTAT, raw=3, derived=3, unit=None), 'IDX__TXHDRFSWMEM0': ParsedDataItem(IDX__TXHDRFSWMEM0, raw=0, derived=0, unit=None), 'IDX__TXHDRFSWMEM1': ParsedDataItem(IDX__TXHDRFSWMEM1, raw=0, derived=0, unit=None), 'IDX__TXHDRFSWPT0': ParsedDataItem(IDX__TXHDRFSWPT0, raw=0, derived=0, unit=None), 'IDX__TXHDRFSWPT1': ParsedDataItem(IDX__TXHDRFSWPT1, raw=0, derived=0, unit=None), 'IDX__TXHDRFSWPT2': ParsedDataItem(IDX__TXHDRFSWPT2, raw=0, derived=0, unit=None), 'IDX__TXHDRFSWPT3': ParsedDataItem(IDX__TXHDRFSWPT3, raw=0, derived=0, unit=None), 'IDX__TXHDRFSWPT4': ParsedDataItem(IDX__TXHDRFSWPT4, raw=0, derived=0, unit=None), 'IDX__TXHDRFSWPT5': ParsedDataItem(IDX__TXHDRFSWPT5, raw=0, derived=0, unit=None), 'IDX__TXHDRFSWPT6': ParsedDataItem(IDX__TXHDRFSWPT6, raw=0, derived=0, unit=None), 'IDX__TXHDRFSWPT7': ParsedDataItem(IDX__TXHDRFSWPT7, raw=0, derived=0, unit=None), 'IDX__TXHDRFSWPT8': ParsedDataItem(IDX__TXHDRFSWPT8, raw=0, derived=0, unit=None), 'IDX__TXHDRFSWPT9': ParsedDataItem(IDX__TXHDRFSWPT9, raw=0, derived=0, unit=None), 'IDX__TXHDRFPGAVER': ParsedDataItem(IDX__TXHDRFPGAVER, raw=539165480, derived=539165480, unit=None), 'IDX__SYNCSCI0PKT': ParsedDataItem(IDX__SYNCSCI0PKT, raw=13107, derived=13107, unit=None), 'IDX__CRCSCI0PKT': ParsedDataItem(IDX__CRCSCI0PKT, raw=6701, derived=6701, unit=None)}
SHCOARSE = 439513358
SHFINE = 7534
IDX__SCI0AID = 2415277392
IDX__SCI0TYPE = 1
IDX__SCI0CONT = 127
IDX__SCI0SPARE1 = 0
IDX__SCI0PACK = EN
IDX__SCI0FRAG = DS
IDX__SCI0COMP = DS
IDX__SCI0EVTNUM = 61
IDX__SCI0CAT = 32
IDX__SCI0QUAL = 5
IDX__SCI0FRAGOFF = 0
IDX__SCI0VER = 9
IDX__SCI0TIME32 = 439513222
IDX__SCI0SPARE2 = 0
IDX__SCI0SPARE3 = 0
IDX__SCI0SPARE4 = 0
IDX__TXHDRSCIEVTLEN = 8320
IDX__TXHDRSP00 = 0
IDX__TXHDRTIMESEC1 = 6706
IDX__TXHDRTIMESEC2 = 28806
IDX__TXHDRTIMESUBS = 24234
IDX__TXHDRSP01 = 0
IDX__TXHDRTRIGOFFSET = 7
IDX__TXHDRSP02 = 0
IDX__TXHDRTRIGID = 1
IDX__TXHDREVTNUM = 61
IDX__TXHDRBLOCKS = 243679
IDX__TXHDRHGTRIGCTRL1 = 2222981120
IDX__TXHDRHGTRIGCTRL2 = 0
IDX__TXHDRLGTRIGCTRL1 = 4294965248
IDX__TXHDRLGTRIGCTRL2 = 4278255360
IDX__TXHDRMGTRIGCTRL1 = 4294965248
IDX__TXHDRMGTRIGCTRL2 = 4278255360
IDX__TXHDRSP03 = 0
IDX__TXHDRLSADC = 1048320
IDX__TXHDRPOLSTAT = NEG
IDX__TXHDRSP04 = 0
IDX__TXHDRPOLCTRL = POS
IDX__TXHDRCOINENA = DIS
IDX__TXHDRLSTRIGMODE = DIS
IDX__TXHDRMGTRIGMODE = 0
IDX__TXHDRLGTRIGMODE = 0
IDX__TXHDRHGTRIGMODE = 1
IDX__TXHDRSP05 = 0
IDX__TXHDRSP06 = 0
IDX__TXHDRSP07 = 2019
IDX__TXHDRSP08 = 0
IDX__TXHDRTOFMAX = 542644863
IDX__TXHDRTOFMIN = 535295476
IDX__TXHDRLS0MAXMIN = 8468493
IDX__TXHDRLS1MAXMIN = 8443882
IDX__TXHDRLS2MAXMIN = 8660963
IDX__TXHDRFIFODELAY = 15
IDX__TXHDRSAMPDELAY = 57728084
IDX__TXHDRTRANSCNT = 4
IDX__TXHDRPROCHKCH01 = 83755841
IDX__TXHDRPROCHKCH23 = 106497251
IDX__TXHDRPROCHKCH45 = 168953050
IDX__TXHDRPROCHKCH67 = 133695768
IDX__TXHDRHVPSHKCH01 = 131859799
IDX__TXHDRHVPSHKCH23 = 8849070
IDX__TXHDRHVPSHKCH45 = 127731674
IDX__TXHDRHVPSHKCH67 = 19991183
IDX__TXHDRLVHK0CH01 = 134219776
IDX__TXHDRLVHK0CH23 = 172035001
IDX__TXHDRLVHK0CH45 = 134745195
IDX__TXHDRLVHK0CH67 = 205982803
IDX__TXHDRLVHK1CH01 = 33621647
IDX__TXHDRLVHK1CH23 = 74450378
IDX__TXHDRLVHK1CH45 = 214697794
IDX__TXHDRLVHK1CH67 = 192872901
IDX__TXHDRLVHK2CH01 = 81659105
IDX__TXHDRLVHK2CH23 = 192154335
IDX__TXHDRLVHK2CH45 = 101059654
IDX__TXHDRLVHK2CH67 = 69017
IDX__TXHDRSP09 = 0
IDX__TXHDRSP10 = 0
IDX__TXHDRFSWAIDCOPY = 2415277392
IDX__TXHDRFSWBINCOPY = 0
IDX__TXHDRFSWMAJOR = 2
IDX__TXHDRFSWMINOR = 0
IDX__TXHDRFSWPATCH = 0
IDX__TXHDRFSWHVSTAT = 3
IDX__TXHDRFSWMEM0 = 0
IDX__TXHDRFSWMEM1 = 0
IDX__TXHDRFSWPT0 = 0
IDX__TXHDRFSWPT1 = 0
IDX__TXHDRFSWPT2 = 0
IDX__TXHDRFSWPT3 = 0
IDX__TXHDRFSWPT4 = 0
IDX__TXHDRFSWPT5 = 0
IDX__TXHDRFSWPT6 = 0
IDX__TXHDRFSWPT7 = 0
IDX__TXHDRFSWPT8 = 0
IDX__TXHDRFSWPT9 = 0
IDX__TXHDRFPGAVER = 539165480
IDX__SYNCSCI0PKT = 13107
IDX__CRCSCI0PKT = 6701
^*****Event header 2******^
EVTNUM: 2
SCI0TYPE: 1
TXHDRBLOCKS RAW: 243679
TXHDRBLOCKS DERIVED: 243679
-----
HS pre trig sampling blocks:  31
LS pre trig sampling blocks:  3
HS post trig sampling blocks:  31
LS post trig sampling blocks:  11
IDX__TXHDRHVPSHKCH01 = 131859799
Detector voltage =  1367
Sensor voltage =  2012
Target voltage =  1710
Reflectron voltage =  135
Rejection voltage =  2010
Current for HVPS sensor =  1949
Positive current for HVPS sensor =  2703
Negative current for HVPS sensor =  305
Voltage +3.3V reference =  2048
Voltage +3.3V operational reference =  2048
Voltage -6V bus =  3001
Voltage +6V bus =  2625
Voltage +16V bus =  3179
Voltage +3.3V bus =  2056
Voltage -5V bus =  3155
Voltage +5V bus =  3143
Current +3.3V bus =  1679
Current +16V bus =  1136
Current +6V bus =  1482
Current -6V bus =  1136
Current +5V bus =  1858
Current -5V bus =  3276
Current +2.5V bus =  453
Current -2.5V bus =  2943
Current on the 1V POL =  833
Current on the 1.9V POL =  1278
ProcBd Temperature 1 =  1251
ProcBd Temperature 2 =  1625
Voltage on 1V bus =  1242
FPGA Temperature =  2578
Voltage on 1.9V bus =  2328
Voltage on 3.3V bus =  2040
var_to_row = {'Last measurement in raw DN for Processor Board signal “1V POL Current”': 0, 'Last measurement in raw DN for Processor Board signal “1.9V POL Current”': 1, 'Last measurement in raw DN for Processor Board signal “ProcBd Temp1”': 2, nan: 48, 'Last measurement in raw DN for Processor Board signal “ProcBd Temp2”': 6, 'Last measurement in raw DN for Processor Board signal “1V Voltage”': 10, 'Last measurement in raw DN for Processor Board signal “FPGA Temp”': 11, 'Last measurement in raw DN for Processor Board signal “1.9V Voltage”': 12, 'Last measurement in raw DN for Processor Board signal “3.3V Voltage”': 13, 'Last measurement in raw DN for HVPS Board signal “Detector Voltage”': 14, 'Last measurement in raw DN for HVPS Board signal “Sensor Voltage"': 15, 'Last measurement in raw DN for HVPS Board signal “Target Voltage”': 16, 'Last measurement in raw DN for HVPS Board signal “Reflectron Voltage”': 17, 'Last measurement in raw DN for HVPS Board signal “Rejection Voltage”': 18, 'Last measurement in raw DN for HVPS Board signal “Detector Current”': 19, 'Last measurement in raw DN for HVPS Board signal “Sensor IP”': 20, 'Last measurement in raw DN for HVPS Board signal “Sensor IN”': 21, 'Last measurement in raw DN for LVPS Board signal “P3.3VREF_HK”': 22, 'Last measurement in raw DN for LVPS Board signal “P3.3VREF_OP”': 23, 'Last measurement in raw DN for LVPS Board signal “N6V”': 24, 'Last measurement in raw DN for LVPS Board signal “P6V”': 25, 'Last measurement in raw DN for LVPS Board signal “P16V”': 26, 'Last measurement in raw DN for LVPS Board signal “P3.3V”': 27, 'Last measurement in raw DN for LVPS Board signal “N5V”': 28, 'Last measurement in raw DN for LVPS Board signal “P5V”': 29, 'Last measurement in raw DN for LVPS Board signal “P3.3_IMON”': 30, 'Last measurement in raw DN for LVPS Board signal “P16V_IMON”': 31, 'Last measurement in raw DN for LVPS Board signal “P6V_IMON”': 32, 'Last measurement in raw DN for LVPS Board signal “N6V_IMON”': 33, 'Last measurement in raw DN for LVPS Board signal “P5V_IMON”': 34, 'Last measurement in raw DN for LVPS Board signal “N5V_IMON”': 35, 'Last measurement in raw DN for LVPS Board signal “P2.5V_IMON”': 36, 'Last measurement in raw DN for LVPS Board signal “N2.5V_IMON”': 37, 'Last measurement in raw DN for LVPS Board signal “THERM_DECON0”': 38, 'Last measurement in raw DN for LVPS Board signal “THERM_DECON1”': 39, 'Last measurement in raw DN for LVPS Board signal “THERM_DAB”': 40, 'Last measurement in raw DN for LVPS Board signal “THERM_LVPS”': 41, 'Last measurement in raw DN for LVPS Board signal “THERM_HVPS”': 45, 'Last measurement in raw DN for LVPS Board signal “P2.5V”': 49, 'Last measurement in raw DN for LVPS Board signal “N2.5V”': 50, 'Last measurement in raw DN for LVPS Board signal “Spare”': 51}

 
 ***** var_name being converted for each instrument setting ***** 
 

Matching row  18
coeffs for Last measurement in raw DN for Processor Board signal “1V POL Current”= [0.0 0.9029253 0.0 0.0 0.0 0.0 0.0 0.0]
var_name = Last measurement in raw DN for Processor Board signal “1V POL Current”
var_name = current_1V_pol
Header info = 833
Transformed value for current_1V_pol = 752.1367749000001
Matching row  18
coeffs for Last measurement in raw DN for Processor Board signal “1.9V POL Current”= [0.0 0.9029253 0.0 0.0 0.0 0.0 0.0 0.0]
var_name = Last measurement in raw DN for Processor Board signal “1.9V POL Current”
var_name = current_1.9V_pol
Header info = 1278
Transformed value for current_1.9V_pol = 1153.9385334
Matching row  18
coeffs for Last measurement in raw DN for Processor Board signal “ProcBd Temp1”= [162.8276 -0.2668687 0.0003323794 -2.43153e-07 9.034532e-11 -1.327735e-14
 0.0 0.0]
var_name = Last measurement in raw DN for Processor Board signal “ProcBd Temp1”
var_name = temperature_1
Header info = 1251
Transformed value for temperature_1 = 53.69476080899112
Matching row  18
coeffs for nan= [-104713.9 52.02446 -0.006463374 0.0 0.0 0.0 0.0 0.0]
var_name = nan
var_name = None
KeyError: (2, None) - Could not find entry for None, 48. Please check the Var_notes or variable mapping.
Matching row  18
coeffs for Last measurement in raw DN for Processor Board signal “ProcBd Temp2”= [162.8276 -0.2668687 0.0003323794 -2.43153e-07 9.034532e-11 -1.327735e-14
 0.0 0.0]
var_name = Last measurement in raw DN for Processor Board signal “ProcBd Temp2”
var_name = temperature_2
Header info = 1625
Transformed value for temperature_2 = 43.0057471011354
Matching row  18
coeffs for Last measurement in raw DN for Processor Board signal “1V Voltage”= [0.0 0.000805861 0.0 0.0 0.0 0.0 0.0 0.0]
var_name = Last measurement in raw DN for Processor Board signal “1V Voltage”
var_name = voltage_1V_bus
Header info = 1242
Transformed value for voltage_1V_bus = 1.0008793619999998
Matching row  18
coeffs for Last measurement in raw DN for Processor Board signal “FPGA Temp”= [358.31 -0.1187104 0.0 0.0 0.0 0.0 0.0 0.0]
var_name = Last measurement in raw DN for Processor Board signal “FPGA Temp”
var_name = fpga_temperature
Header info = 2578
Transformed value for fpga_temperature = 52.274588800000004
Matching row  18
coeffs for Last measurement in raw DN for Processor Board signal “1.9V Voltage”= [0.0 0.000805861 0.0 0.0 0.0 0.0 0.0 0.0]
var_name = Last measurement in raw DN for Processor Board signal “1.9V Voltage”
var_name = voltage_1.9V_bus
Header info = 2328
Transformed value for voltage_1.9V_bus = 1.8760444079999998
Matching row  18
coeffs for Last measurement in raw DN for Processor Board signal “3.3V Voltage”= [0.0 0.001611722 0.0 0.0 0.0 0.0 0.0 0.0]
var_name = Last measurement in raw DN for Processor Board signal “3.3V Voltage”
var_name = voltage_3.3V_bus
Header info = 2040
Transformed value for voltage_3.3V_bus = 3.28791288
Matching row  18
coeffs for Last measurement in raw DN for HVPS Board signal “Detector Voltage”= [0.0 1.4652 0.0 0.0 0.0 0.0 0.0 0.0]
var_name = Last measurement in raw DN for HVPS Board signal “Detector Voltage”
var_name = detector_voltage
Header info = 1367
Transformed value for detector_voltage = 2002.9284
Matching row  18
coeffs for Last measurement in raw DN for HVPS Board signal “Sensor Voltage"= [0.0 1.4652 0.0 0.0 0.0 0.0 0.0 0.0]
var_name = Last measurement in raw DN for HVPS Board signal “Sensor Voltage"
var_name = sensor_voltage
Header info = 2012
Transformed value for sensor_voltage = 2947.9824000000003
Matching row  18
coeffs for Last measurement in raw DN for HVPS Board signal “Target Voltage”= [0.0 1.4652 0.0 0.0 0.0 0.0 0.0 0.0]
var_name = Last measurement in raw DN for HVPS Board signal “Target Voltage”
var_name = target_voltage
Header info = 1710
Transformed value for target_voltage = 2505.492
Matching row  18
coeffs for Last measurement in raw DN for HVPS Board signal “Reflectron Voltage”= [0.0 1.4652 0.0 0.0 0.0 0.0 0.0 0.0]
var_name = Last measurement in raw DN for HVPS Board signal “Reflectron Voltage”
var_name = reflectron_voltage
Header info = 135
Transformed value for reflectron_voltage = 197.80200000000002
Matching row  18
coeffs for Last measurement in raw DN for HVPS Board signal “Rejection Voltage”= [0.0 1.4652 0.0 0.0 0.0 0.0 0.0 0.0]
var_name = Last measurement in raw DN for HVPS Board signal “Rejection Voltage”
var_name = rejection_voltage
Header info = 2010
Transformed value for rejection_voltage = 2945.052
Matching row  18
coeffs for Last measurement in raw DN for HVPS Board signal “Detector Current”= [0.0 7.326e-06 0.0 0.0 0.0 0.0 0.0 0.0]
var_name = Last measurement in raw DN for HVPS Board signal “Detector Current”
var_name = current_hvps_sensor
Header info = 1949
Transformed value for current_hvps_sensor = 0.014278374
Matching row  18
coeffs for Last measurement in raw DN for HVPS Board signal “Sensor IP”= [0.0 2.4339e-05 0.0 0.0 0.0 0.0 0.0 0.0]
var_name = Last measurement in raw DN for HVPS Board signal “Sensor IP”
var_name = positive_current_hvps
Header info = 2703
Transformed value for positive_current_hvps = 0.065788317
Matching row  18
coeffs for Last measurement in raw DN for HVPS Board signal “Sensor IN”= [0.0 2.4339e-05 0.0 0.0 0.0 0.0 0.0 0.0]
var_name = Last measurement in raw DN for HVPS Board signal “Sensor IN”
var_name = negative_current_hvps
Header info = 305
Transformed value for negative_current_hvps = 0.007423394999999999
Matching row  18
coeffs for Last measurement in raw DN for LVPS Board signal “P3.3VREF_HK”= [0.0 0.00161172 0.0 0.0 0.0 0.0 0.0 0.0]
var_name = Last measurement in raw DN for LVPS Board signal “P3.3VREF_HK”
var_name = voltage_3V3_ref
Header info = 2048
Transformed value for voltage_3V3_ref = 3.30080256
Matching row  18
coeffs for Last measurement in raw DN for LVPS Board signal “P3.3VREF_OP”= [0.0 0.00161172 0.0 0.0 0.0 0.0 0.0 0.0]
var_name = Last measurement in raw DN for LVPS Board signal “P3.3VREF_OP”
var_name = voltage_3V3_op_ref
Header info = 2048
Transformed value for voltage_3V3_op_ref = 3.30080256
Matching row  18
coeffs for Last measurement in raw DN for LVPS Board signal “N6V”= [-33.0 0.00886447 0.0 0.0 0.0 0.0 0.0 0.0]
var_name = Last measurement in raw DN for LVPS Board signal “N6V”
var_name = voltage_neg6V_bus
Header info = 3001
Transformed value for voltage_neg6V_bus = -6.397725530000002
Matching row  18
coeffs for Last measurement in raw DN for LVPS Board signal “P6V”= [0.0 0.00241758 0.0 0.0 0.0 0.0 0.0 0.0]
var_name = Last measurement in raw DN for LVPS Board signal “P6V”
var_name = voltage_pos6V_bus
Header info = 2625
Transformed value for voltage_pos6V_bus = 6.3461475
Matching row  18
coeffs for Last measurement in raw DN for LVPS Board signal “P16V”= [0.0 0.00482711 0.0 0.0 0.0 0.0 0.0 0.0]
var_name = Last measurement in raw DN for LVPS Board signal “P16V”
var_name = voltage_pos16V_bus
Header info = 3179
Transformed value for voltage_pos16V_bus = 15.34538269
Matching row  18
coeffs for Last measurement in raw DN for LVPS Board signal “P3.3V”= [0.0 0.00161172 0.0 0.0 0.0 0.0 0.0 0.0]
var_name = Last measurement in raw DN for LVPS Board signal “P3.3V”
var_name = voltage_pos3V3_bus
Header info = 2056
Transformed value for voltage_pos3V3_bus = 3.31369632
Matching row  18
coeffs for Last measurement in raw DN for LVPS Board signal “N5V”= [-33.0 0.00886447 0.0 0.0 0.0 0.0 0.0 0.0]
var_name = Last measurement in raw DN for LVPS Board signal “N5V”
var_name = voltage_neg5V_bus
Header info = 3155
Transformed value for voltage_neg5V_bus = -5.032597150000001
Matching row  18
coeffs for Last measurement in raw DN for LVPS Board signal “P5V”= [0.0 0.00161172 0.0 0.0 0.0 0.0 0.0 0.0]
var_name = Last measurement in raw DN for LVPS Board signal “P5V”
var_name = voltage_pos5V_bus
Header info = 3143
Transformed value for voltage_pos5V_bus = 5.06563596
Matching row  18
coeffs for Last measurement in raw DN for LVPS Board signal “P3.3_IMON”= [0.0 0.00161172 0.0 0.0 0.0 0.0 0.0 0.0]
var_name = Last measurement in raw DN for LVPS Board signal “P3.3_IMON”
var_name = current_3V3_bus
Header info = 1679
Transformed value for current_3V3_bus = 2.70607788
Matching row  18
coeffs for Last measurement in raw DN for LVPS Board signal “P16V_IMON”= [0.0 0.000161172 0.0 0.0 0.0 0.0 0.0 0.0]
var_name = Last measurement in raw DN for LVPS Board signal “P16V_IMON”
var_name = current_16V_bus
Header info = 1136
Transformed value for current_16V_bus = 0.18309139200000002
Matching row  18
coeffs for Last measurement in raw DN for LVPS Board signal “P6V_IMON”= [0.0 8.05861e-05 0.0 0.0 0.0 0.0 0.0 0.0]
var_name = Last measurement in raw DN for LVPS Board signal “P6V_IMON”
var_name = current_6V_bus
Header info = 1482
Transformed value for current_6V_bus = 0.1194286002
Matching row  18
coeffs for Last measurement in raw DN for LVPS Board signal “N6V_IMON”= [0.0 -8.05861e-05 0.0 0.0 0.0 0.0 0.0 0.0]
var_name = Last measurement in raw DN for LVPS Board signal “N6V_IMON”
var_name = current_neg6V_bus
Header info = 1136
Transformed value for current_neg6V_bus = -0.0915458096
Matching row  18
coeffs for Last measurement in raw DN for LVPS Board signal “P5V_IMON”= [0.0 4.029304e-05 0.0 0.0 0.0 0.0 0.0 0.0]
var_name = Last measurement in raw DN for LVPS Board signal “P5V_IMON”
var_name = current_5V_bus
Header info = 1858
Transformed value for current_5V_bus = 0.07486446832
Matching row  18
coeffs for Last measurement in raw DN for LVPS Board signal “N5V_IMON”= [0.0 -2.01465e-05 0.0 0.0 0.0 0.0 0.0 0.0]
var_name = Last measurement in raw DN for LVPS Board signal “N5V_IMON”
var_name = current_neg5V_bus
Header info = 3276
Transformed value for current_neg5V_bus = -0.06599993400000001
Matching row  18
coeffs for Last measurement in raw DN for LVPS Board signal “P2.5V_IMON”= [0.0 0.00161172 0.0 0.0 0.0 0.0 0.0 0.0]
var_name = Last measurement in raw DN for LVPS Board signal “P2.5V_IMON”
var_name = current_2V5_bus
Header info = 453
Transformed value for current_2V5_bus = 0.73010916
Matching row  18
coeffs for Last measurement in raw DN for LVPS Board signal “N2.5V_IMON”= [0.0 -4.0293e-05 0.0 0.0 0.0 0.0 0.0 0.0]
var_name = Last measurement in raw DN for LVPS Board signal “N2.5V_IMON”
var_name = current_neg2V5_bus
Header info = 2943
Transformed value for current_neg2V5_bus = -0.118582299
Matching row  18
coeffs for Last measurement in raw DN for LVPS Board signal “THERM_DECON0”= [-110.293 0.0665351 0.000305738 -6.32048e-07 5.9934e-10 -2.98784e-13
 7.61361e-17 -7.76467e-21]
var_name = Last measurement in raw DN for LVPS Board signal “THERM_DECON0”
var_name = None
KeyError: (2, None) - Could not find entry for None, 38. Please check the Var_notes or variable mapping.
Matching row  18
coeffs for Last measurement in raw DN for LVPS Board signal “THERM_DECON1”= [-150.478 0.376986 -0.00062072 7.73853e-07 -5.81588e-10 2.56368e-13
 -6.05698e-17 5.96635e-21]
var_name = Last measurement in raw DN for LVPS Board signal “THERM_DECON1”
var_name = None
KeyError: (2, None) - Could not find entry for None, 39. Please check the Var_notes or variable mapping.
Matching row  18
coeffs for Last measurement in raw DN for LVPS Board signal “THERM_DAB”= [-443.248 1.31224 -0.00180422 1.40016e-06 -6.43766e-10 1.7448e-13
 -2.57695e-17 1.60239e-21]
var_name = Last measurement in raw DN for LVPS Board signal “THERM_DAB”
var_name = None
KeyError: (2, None) - Could not find entry for None, 40. Please check the Var_notes or variable mapping.
Matching row  18
coeffs for Last measurement in raw DN for LVPS Board signal “THERM_LVPS”= [200.4137 -0.2020699 0.000175403 -9.739547e-08 2.888932e-11 -3.545603e-15
 0.0 0.0]
var_name = Last measurement in raw DN for LVPS Board signal “THERM_LVPS”
var_name = None
KeyError: (2, None) - Could not find entry for None, 41. Please check the Var_notes or variable mapping.
Matching row  18
coeffs for Last measurement in raw DN for LVPS Board signal “THERM_HVPS”= [200.4137 -0.2020699 0.000175403 -9.739547e-08 2.888932e-11 -3.545603e-15
 0.0 0.0]
var_name = Last measurement in raw DN for LVPS Board signal “THERM_HVPS”
var_name = None
KeyError: (2, None) - Could not find entry for None, 45. Please check the Var_notes or variable mapping.
Matching row  18
coeffs for Last measurement in raw DN for LVPS Board signal “P2.5V”= [0.0 0.00161172 0.0 0.0 0.0 0.0 0.0 0.0]
var_name = Last measurement in raw DN for LVPS Board signal “P2.5V”
var_name = None
KeyError: (2, None) - Could not find entry for None, 49. Please check the Var_notes or variable mapping.
Matching row  18
coeffs for Last measurement in raw DN for LVPS Board signal “N2.5V”= [-33.0 0.00886447 0.0 0.0 0.0 0.0 0.0 0.0]
var_name = Last measurement in raw DN for LVPS Board signal “N2.5V”
var_name = None
KeyError: (2, None) - Could not find entry for None, 50. Please check the Var_notes or variable mapping.
Matching row  18
coeffs for Last measurement in raw DN for LVPS Board signal “Spare”= [0.0 0.00161172 0.0 0.0 0.0 0.0 0.0 0.0]
var_name = Last measurement in raw DN for LVPS Board signal “Spare”
var_name = spare_signal
KeyError: (2, 'spare_signal') - Could not find entry for spare_signal, 51. Please check the Var_notes or variable mapping.
High gain delay = 84 samples.
Mid gain delay = 55 samples.
Low gain delay = 55 samples.
High sampling trigger mode =  0 0 1
High gain trigger mode enabled.
For 2222981120, HG Trigger level = 0.15317, sample settings = 0, 0
Threshold trigger mode enabled for high gain channel.
AID = 2415277392
Event number = 61
Rice compression enabled = False
Timestamp = 439513222.48468 seconds since epoch (Midnight January 1st, 2010)
Trigger time = 2023-12-05T23:00:22.484680Z
2
2
2
2
2
2
2
2
2
2
2
2
2
{'SHCOARSE': ParsedDataItem(SHCOARSE, raw=439513372, derived=439513372, unit=dn), 'SHFINE': ParsedDataItem(SHFINE, raw=7543, derived=7543, unit=dn), 'IDX__SCI0AID': ParsedDataItem(IDX__SCI0AID, raw=2415277392, derived=2415277392, unit=None), 'IDX__SCI0TYPE': ParsedDataItem(IDX__SCI0TYPE, raw=1, derived=1, unit=None), 'IDX__SCI0CONT': ParsedDataItem(IDX__SCI0CONT, raw=127, derived=127, unit=None), 'IDX__SCI0SPARE1': ParsedDataItem(IDX__SCI0SPARE1, raw=0, derived=0, unit=None), 'IDX__SCI0PACK': ParsedDataItem(IDX__SCI0PACK, raw=1, derived=EN, unit=None), 'IDX__SCI0FRAG': ParsedDataItem(IDX__SCI0FRAG, raw=0, derived=DS, unit=None), 'IDX__SCI0COMP': ParsedDataItem(IDX__SCI0COMP, raw=0, derived=DS, unit=None), 'IDX__SCI0EVTNUM': ParsedDataItem(IDX__SCI0EVTNUM, raw=62, derived=62, unit=None), 'IDX__SCI0CAT': ParsedDataItem(IDX__SCI0CAT, raw=32, derived=32, unit=None), 'IDX__SCI0QUAL': ParsedDataItem(IDX__SCI0QUAL, raw=5, derived=5, unit=None), 'IDX__SCI0FRAGOFF': ParsedDataItem(IDX__SCI0FRAGOFF, raw=0, derived=0, unit=None), 'IDX__SCI0VER': ParsedDataItem(IDX__SCI0VER, raw=9, derived=9, unit=None), 'IDX__SCI0TIME32': ParsedDataItem(IDX__SCI0TIME32, raw=439513223, derived=439513223, unit=None), 'IDX__SCI0SPARE2': ParsedDataItem(IDX__SCI0SPARE2, raw=0, derived=0, unit=None), 'IDX__SCI0SPARE3': ParsedDataItem(IDX__SCI0SPARE3, raw=0, derived=0, unit=None), 'IDX__SCI0SPARE4': ParsedDataItem(IDX__SCI0SPARE4, raw=0, derived=0, unit=None), 'IDX__TXHDRSCIEVTLEN': ParsedDataItem(IDX__TXHDRSCIEVTLEN, raw=8320, derived=8320, unit=None), 'IDX__TXHDRSP00': ParsedDataItem(IDX__TXHDRSP00, raw=0, derived=0, unit=None), 'IDX__TXHDRTIMESEC1': ParsedDataItem(IDX__TXHDRTIMESEC1, raw=6706, derived=6706, unit=None), 'IDX__TXHDRTIMESEC2': ParsedDataItem(IDX__TXHDRTIMESEC2, raw=28807, derived=28807, unit=None), 'IDX__TXHDRTIMESUBS': ParsedDataItem(IDX__TXHDRTIMESUBS, raw=24232, derived=24232, unit=None), 'IDX__TXHDRSP01': ParsedDataItem(IDX__TXHDRSP01, raw=0, derived=0, unit=None), 'IDX__TXHDRTRIGOFFSET': ParsedDataItem(IDX__TXHDRTRIGOFFSET, raw=3, derived=3, unit=None), 'IDX__TXHDRSP02': ParsedDataItem(IDX__TXHDRSP02, raw=0, derived=0, unit=None), 'IDX__TXHDRTRIGID': ParsedDataItem(IDX__TXHDRTRIGID, raw=1, derived=1, unit=None), 'IDX__TXHDREVTNUM': ParsedDataItem(IDX__TXHDREVTNUM, raw=62, derived=62, unit=None), 'IDX__TXHDRBLOCKS': ParsedDataItem(IDX__TXHDRBLOCKS, raw=243679, derived=243679, unit=None), 'IDX__TXHDRHGTRIGCTRL1': ParsedDataItem(IDX__TXHDRHGTRIGCTRL1, raw=2222981120, derived=2222981120, unit=None), 'IDX__TXHDRHGTRIGCTRL2': ParsedDataItem(IDX__TXHDRHGTRIGCTRL2, raw=0, derived=0, unit=None), 'IDX__TXHDRLGTRIGCTRL1': ParsedDataItem(IDX__TXHDRLGTRIGCTRL1, raw=4294965248, derived=4294965248, unit=None), 'IDX__TXHDRLGTRIGCTRL2': ParsedDataItem(IDX__TXHDRLGTRIGCTRL2, raw=4278255360, derived=4278255360, unit=None), 'IDX__TXHDRMGTRIGCTRL1': ParsedDataItem(IDX__TXHDRMGTRIGCTRL1, raw=4294965248, derived=4294965248, unit=None), 'IDX__TXHDRMGTRIGCTRL2': ParsedDataItem(IDX__TXHDRMGTRIGCTRL2, raw=4278255360, derived=4278255360, unit=None), 'IDX__TXHDRSP03': ParsedDataItem(IDX__TXHDRSP03, raw=0, derived=0, unit=None), 'IDX__TXHDRLSADC': ParsedDataItem(IDX__TXHDRLSADC, raw=1048320, derived=1048320, unit=None), 'IDX__TXHDRPOLSTAT': ParsedDataItem(IDX__TXHDRPOLSTAT, raw=1, derived=NEG, unit=None), 'IDX__TXHDRSP04': ParsedDataItem(IDX__TXHDRSP04, raw=0, derived=0, unit=None), 'IDX__TXHDRPOLCTRL': ParsedDataItem(IDX__TXHDRPOLCTRL, raw=0, derived=POS, unit=None), 'IDX__TXHDRCOINENA': ParsedDataItem(IDX__TXHDRCOINENA, raw=0, derived=DIS, unit=None), 'IDX__TXHDRLSTRIGMODE': ParsedDataItem(IDX__TXHDRLSTRIGMODE, raw=0, derived=DIS, unit=None), 'IDX__TXHDRMGTRIGMODE': ParsedDataItem(IDX__TXHDRMGTRIGMODE, raw=0, derived=0, unit=None), 'IDX__TXHDRLGTRIGMODE': ParsedDataItem(IDX__TXHDRLGTRIGMODE, raw=0, derived=0, unit=None), 'IDX__TXHDRHGTRIGMODE': ParsedDataItem(IDX__TXHDRHGTRIGMODE, raw=1, derived=1, unit=None), 'IDX__TXHDRSP05': ParsedDataItem(IDX__TXHDRSP05, raw=0, derived=0, unit=None), 'IDX__TXHDRSP06': ParsedDataItem(IDX__TXHDRSP06, raw=0, derived=0, unit=None), 'IDX__TXHDRSP07': ParsedDataItem(IDX__TXHDRSP07, raw=2019, derived=2019, unit=None), 'IDX__TXHDRSP08': ParsedDataItem(IDX__TXHDRSP08, raw=0, derived=0, unit=None), 'IDX__TXHDRTOFMAX': ParsedDataItem(IDX__TXHDRTOFMAX, raw=541596222, derived=541596222, unit=None), 'IDX__TXHDRTOFMIN': ParsedDataItem(IDX__TXHDRTOFMIN, raw=535295476, derived=535295476, unit=None), 'IDX__TXHDRLS0MAXMIN': ParsedDataItem(IDX__TXHDRLS0MAXMIN, raw=8464397, derived=8464397, unit=None), 'IDX__TXHDRLS1MAXMIN': ParsedDataItem(IDX__TXHDRLS1MAXMIN, raw=8447979, derived=8447979, unit=None), 'IDX__TXHDRLS2MAXMIN': ParsedDataItem(IDX__TXHDRLS2MAXMIN, raw=8620003, derived=8620003, unit=None), 'IDX__TXHDRFIFODELAY': ParsedDataItem(IDX__TXHDRFIFODELAY, raw=18, derived=18, unit=None), 'IDX__TXHDRSAMPDELAY': ParsedDataItem(IDX__TXHDRSAMPDELAY, raw=24140858, derived=24140858, unit=None), 'IDX__TXHDRTRANSCNT': ParsedDataItem(IDX__TXHDRTRANSCNT, raw=2, derived=2, unit=None), 'IDX__TXHDRPROCHKCH01': ParsedDataItem(IDX__TXHDRPROCHKCH01, raw=83755840, derived=83755840, unit=None), 'IDX__TXHDRPROCHKCH23': ParsedDataItem(IDX__TXHDRPROCHKCH23, raw=106497250, derived=106497250, unit=None), 'IDX__TXHDRPROCHKCH45': ParsedDataItem(IDX__TXHDRPROCHKCH45, raw=168953050, derived=168953050, unit=None), 'IDX__TXHDRPROCHKCH67': ParsedDataItem(IDX__TXHDRPROCHKCH67, raw=133695768, derived=133695768, unit=None), 'IDX__TXHDRHVPSHKCH01': ParsedDataItem(IDX__TXHDRHVPSHKCH01, raw=131794263, derived=131794263, unit=None), 'IDX__TXHDRHVPSHKCH23': ParsedDataItem(IDX__TXHDRHVPSHKCH23, raw=8849070, derived=8849070, unit=None), 'IDX__TXHDRHVPSHKCH45': ParsedDataItem(IDX__TXHDRHVPSHKCH45, raw=127797210, derived=127797210, unit=None), 'IDX__TXHDRHVPSHKCH67': ParsedDataItem(IDX__TXHDRHVPSHKCH67, raw=19991183, derived=19991183, unit=None), 'IDX__TXHDRLVHK0CH01': ParsedDataItem(IDX__TXHDRLVHK0CH01, raw=134219776, derived=134219776, unit=None), 'IDX__TXHDRLVHK0CH23': ParsedDataItem(IDX__TXHDRLVHK0CH23, raw=171969465, derived=171969465, unit=None), 'IDX__TXHDRLVHK0CH45': ParsedDataItem(IDX__TXHDRLVHK0CH45, raw=134745195, derived=134745195, unit=None), 'IDX__TXHDRLVHK0CH67': ParsedDataItem(IDX__TXHDRLVHK0CH67, raw=205982803, derived=205982803, unit=None), 'IDX__TXHDRLVHK1CH01': ParsedDataItem(IDX__TXHDRLVHK1CH01, raw=33621646, derived=33621646, unit=None), 'IDX__TXHDRLVHK1CH23': ParsedDataItem(IDX__TXHDRLVHK1CH23, raw=74450378, derived=74450378, unit=None), 'IDX__TXHDRLVHK1CH45': ParsedDataItem(IDX__TXHDRLVHK1CH45, raw=214697794, derived=214697794, unit=None), 'IDX__TXHDRLVHK1CH67': ParsedDataItem(IDX__TXHDRLVHK1CH67, raw=192872901, derived=192872901, unit=None), 'IDX__TXHDRLVHK2CH01': ParsedDataItem(IDX__TXHDRLVHK2CH01, raw=81659105, derived=81659105, unit=None), 'IDX__TXHDRLVHK2CH23': ParsedDataItem(IDX__TXHDRLVHK2CH23, raw=192154335, derived=192154335, unit=None), 'IDX__TXHDRLVHK2CH45': ParsedDataItem(IDX__TXHDRLVHK2CH45, raw=101059654, derived=101059654, unit=None), 'IDX__TXHDRLVHK2CH67': ParsedDataItem(IDX__TXHDRLVHK2CH67, raw=69016, derived=69016, unit=None), 'IDX__TXHDRSP09': ParsedDataItem(IDX__TXHDRSP09, raw=0, derived=0, unit=None), 'IDX__TXHDRSP10': ParsedDataItem(IDX__TXHDRSP10, raw=0, derived=0, unit=None), 'IDX__TXHDRFSWAIDCOPY': ParsedDataItem(IDX__TXHDRFSWAIDCOPY, raw=2415277392, derived=2415277392, unit=None), 'IDX__TXHDRFSWBINCOPY': ParsedDataItem(IDX__TXHDRFSWBINCOPY, raw=0, derived=0, unit=None), 'IDX__TXHDRFSWMAJOR': ParsedDataItem(IDX__TXHDRFSWMAJOR, raw=2, derived=2, unit=None), 'IDX__TXHDRFSWMINOR': ParsedDataItem(IDX__TXHDRFSWMINOR, raw=0, derived=0, unit=None), 'IDX__TXHDRFSWPATCH': ParsedDataItem(IDX__TXHDRFSWPATCH, raw=0, derived=0, unit=None), 'IDX__TXHDRFSWHVSTAT': ParsedDataItem(IDX__TXHDRFSWHVSTAT, raw=3, derived=3, unit=None), 'IDX__TXHDRFSWMEM0': ParsedDataItem(IDX__TXHDRFSWMEM0, raw=0, derived=0, unit=None), 'IDX__TXHDRFSWMEM1': ParsedDataItem(IDX__TXHDRFSWMEM1, raw=0, derived=0, unit=None), 'IDX__TXHDRFSWPT0': ParsedDataItem(IDX__TXHDRFSWPT0, raw=0, derived=0, unit=None), 'IDX__TXHDRFSWPT1': ParsedDataItem(IDX__TXHDRFSWPT1, raw=0, derived=0, unit=None), 'IDX__TXHDRFSWPT2': ParsedDataItem(IDX__TXHDRFSWPT2, raw=0, derived=0, unit=None), 'IDX__TXHDRFSWPT3': ParsedDataItem(IDX__TXHDRFSWPT3, raw=0, derived=0, unit=None), 'IDX__TXHDRFSWPT4': ParsedDataItem(IDX__TXHDRFSWPT4, raw=0, derived=0, unit=None), 'IDX__TXHDRFSWPT5': ParsedDataItem(IDX__TXHDRFSWPT5, raw=0, derived=0, unit=None), 'IDX__TXHDRFSWPT6': ParsedDataItem(IDX__TXHDRFSWPT6, raw=0, derived=0, unit=None), 'IDX__TXHDRFSWPT7': ParsedDataItem(IDX__TXHDRFSWPT7, raw=0, derived=0, unit=None), 'IDX__TXHDRFSWPT8': ParsedDataItem(IDX__TXHDRFSWPT8, raw=0, derived=0, unit=None), 'IDX__TXHDRFSWPT9': ParsedDataItem(IDX__TXHDRFSWPT9, raw=0, derived=0, unit=None), 'IDX__TXHDRFPGAVER': ParsedDataItem(IDX__TXHDRFPGAVER, raw=539165480, derived=539165480, unit=None), 'IDX__SYNCSCI0PKT': ParsedDataItem(IDX__SYNCSCI0PKT, raw=13107, derived=13107, unit=None), 'IDX__CRCSCI0PKT': ParsedDataItem(IDX__CRCSCI0PKT, raw=19439, derived=19439, unit=None)}
SHCOARSE = 439513372
SHFINE = 7543
IDX__SCI0AID = 2415277392
IDX__SCI0TYPE = 1
IDX__SCI0CONT = 127
IDX__SCI0SPARE1 = 0
IDX__SCI0PACK = EN
IDX__SCI0FRAG = DS
IDX__SCI0COMP = DS
IDX__SCI0EVTNUM = 62
IDX__SCI0CAT = 32
IDX__SCI0QUAL = 5
IDX__SCI0FRAGOFF = 0
IDX__SCI0VER = 9
IDX__SCI0TIME32 = 439513223
IDX__SCI0SPARE2 = 0
IDX__SCI0SPARE3 = 0
IDX__SCI0SPARE4 = 0
IDX__TXHDRSCIEVTLEN = 8320
IDX__TXHDRSP00 = 0
IDX__TXHDRTIMESEC1 = 6706
IDX__TXHDRTIMESEC2 = 28807
IDX__TXHDRTIMESUBS = 24232
IDX__TXHDRSP01 = 0
IDX__TXHDRTRIGOFFSET = 3
IDX__TXHDRSP02 = 0
IDX__TXHDRTRIGID = 1
IDX__TXHDREVTNUM = 62
IDX__TXHDRBLOCKS = 243679
IDX__TXHDRHGTRIGCTRL1 = 2222981120
IDX__TXHDRHGTRIGCTRL2 = 0
IDX__TXHDRLGTRIGCTRL1 = 4294965248
IDX__TXHDRLGTRIGCTRL2 = 4278255360
IDX__TXHDRMGTRIGCTRL1 = 4294965248
IDX__TXHDRMGTRIGCTRL2 = 4278255360
IDX__TXHDRSP03 = 0
IDX__TXHDRLSADC = 1048320
IDX__TXHDRPOLSTAT = NEG
IDX__TXHDRSP04 = 0
IDX__TXHDRPOLCTRL = POS
IDX__TXHDRCOINENA = DIS
IDX__TXHDRLSTRIGMODE = DIS
IDX__TXHDRMGTRIGMODE = 0
IDX__TXHDRLGTRIGMODE = 0
IDX__TXHDRHGTRIGMODE = 1
IDX__TXHDRSP05 = 0
IDX__TXHDRSP06 = 0
IDX__TXHDRSP07 = 2019
IDX__TXHDRSP08 = 0
IDX__TXHDRTOFMAX = 541596222
IDX__TXHDRTOFMIN = 535295476
IDX__TXHDRLS0MAXMIN = 8464397
IDX__TXHDRLS1MAXMIN = 8447979
IDX__TXHDRLS2MAXMIN = 8620003
IDX__TXHDRFIFODELAY = 18
IDX__TXHDRSAMPDELAY = 24140858
IDX__TXHDRTRANSCNT = 2
IDX__TXHDRPROCHKCH01 = 83755840
IDX__TXHDRPROCHKCH23 = 106497250
IDX__TXHDRPROCHKCH45 = 168953050
IDX__TXHDRPROCHKCH67 = 133695768
IDX__TXHDRHVPSHKCH01 = 131794263
IDX__TXHDRHVPSHKCH23 = 8849070
IDX__TXHDRHVPSHKCH45 = 127797210
IDX__TXHDRHVPSHKCH67 = 19991183
IDX__TXHDRLVHK0CH01 = 134219776
IDX__TXHDRLVHK0CH23 = 171969465
IDX__TXHDRLVHK0CH45 = 134745195
IDX__TXHDRLVHK0CH67 = 205982803
IDX__TXHDRLVHK1CH01 = 33621646
IDX__TXHDRLVHK1CH23 = 74450378
IDX__TXHDRLVHK1CH45 = 214697794
IDX__TXHDRLVHK1CH67 = 192872901
IDX__TXHDRLVHK2CH01 = 81659105
IDX__TXHDRLVHK2CH23 = 192154335
IDX__TXHDRLVHK2CH45 = 101059654
IDX__TXHDRLVHK2CH67 = 69016
IDX__TXHDRSP09 = 0
IDX__TXHDRSP10 = 0
IDX__TXHDRFSWAIDCOPY = 2415277392
IDX__TXHDRFSWBINCOPY = 0
IDX__TXHDRFSWMAJOR = 2
IDX__TXHDRFSWMINOR = 0
IDX__TXHDRFSWPATCH = 0
IDX__TXHDRFSWHVSTAT = 3
IDX__TXHDRFSWMEM0 = 0
IDX__TXHDRFSWMEM1 = 0
IDX__TXHDRFSWPT0 = 0
IDX__TXHDRFSWPT1 = 0
IDX__TXHDRFSWPT2 = 0
IDX__TXHDRFSWPT3 = 0
IDX__TXHDRFSWPT4 = 0
IDX__TXHDRFSWPT5 = 0
IDX__TXHDRFSWPT6 = 0
IDX__TXHDRFSWPT7 = 0
IDX__TXHDRFSWPT8 = 0
IDX__TXHDRFSWPT9 = 0
IDX__TXHDRFPGAVER = 539165480
IDX__SYNCSCI0PKT = 13107
IDX__CRCSCI0PKT = 19439
^*****Event header 3******^
EVTNUM: 3
SCI0TYPE: 1
TXHDRBLOCKS RAW: 243679
TXHDRBLOCKS DERIVED: 243679
-----
HS pre trig sampling blocks:  31
LS pre trig sampling blocks:  3
HS post trig sampling blocks:  31
LS post trig sampling blocks:  11
IDX__TXHDRHVPSHKCH01 = 131794263
Detector voltage =  1367
Sensor voltage =  2011
Target voltage =  1710
Reflectron voltage =  135
Rejection voltage =  2010
Current for HVPS sensor =  1950
Positive current for HVPS sensor =  2703
Negative current for HVPS sensor =  305
Voltage +3.3V reference =  2048
Voltage +3.3V operational reference =  2048
Voltage -6V bus =  3001
Voltage +6V bus =  2624
Voltage +16V bus =  3179
Voltage +3.3V bus =  2056
Voltage -5V bus =  3155
Voltage +5V bus =  3143
Current +3.3V bus =  1678
Current +16V bus =  1136
Current +6V bus =  1482
Current -6V bus =  1136
Current +5V bus =  1858
Current -5V bus =  3276
Current +2.5V bus =  453
Current -2.5V bus =  2943
Current on the 1V POL =  832
Current on the 1.9V POL =  1278
ProcBd Temperature 1 =  1250
ProcBd Temperature 2 =  1625
Voltage on 1V bus =  1242
FPGA Temperature =  2578
Voltage on 1.9V bus =  2328
Voltage on 3.3V bus =  2040
var_to_row = {'Last measurement in raw DN for Processor Board signal “1V POL Current”': 0, 'Last measurement in raw DN for Processor Board signal “1.9V POL Current”': 1, 'Last measurement in raw DN for Processor Board signal “ProcBd Temp1”': 2, nan: 48, 'Last measurement in raw DN for Processor Board signal “ProcBd Temp2”': 6, 'Last measurement in raw DN for Processor Board signal “1V Voltage”': 10, 'Last measurement in raw DN for Processor Board signal “FPGA Temp”': 11, 'Last measurement in raw DN for Processor Board signal “1.9V Voltage”': 12, 'Last measurement in raw DN for Processor Board signal “3.3V Voltage”': 13, 'Last measurement in raw DN for HVPS Board signal “Detector Voltage”': 14, 'Last measurement in raw DN for HVPS Board signal “Sensor Voltage"': 15, 'Last measurement in raw DN for HVPS Board signal “Target Voltage”': 16, 'Last measurement in raw DN for HVPS Board signal “Reflectron Voltage”': 17, 'Last measurement in raw DN for HVPS Board signal “Rejection Voltage”': 18, 'Last measurement in raw DN for HVPS Board signal “Detector Current”': 19, 'Last measurement in raw DN for HVPS Board signal “Sensor IP”': 20, 'Last measurement in raw DN for HVPS Board signal “Sensor IN”': 21, 'Last measurement in raw DN for LVPS Board signal “P3.3VREF_HK”': 22, 'Last measurement in raw DN for LVPS Board signal “P3.3VREF_OP”': 23, 'Last measurement in raw DN for LVPS Board signal “N6V”': 24, 'Last measurement in raw DN for LVPS Board signal “P6V”': 25, 'Last measurement in raw DN for LVPS Board signal “P16V”': 26, 'Last measurement in raw DN for LVPS Board signal “P3.3V”': 27, 'Last measurement in raw DN for LVPS Board signal “N5V”': 28, 'Last measurement in raw DN for LVPS Board signal “P5V”': 29, 'Last measurement in raw DN for LVPS Board signal “P3.3_IMON”': 30, 'Last measurement in raw DN for LVPS Board signal “P16V_IMON”': 31, 'Last measurement in raw DN for LVPS Board signal “P6V_IMON”': 32, 'Last measurement in raw DN for LVPS Board signal “N6V_IMON”': 33, 'Last measurement in raw DN for LVPS Board signal “P5V_IMON”': 34, 'Last measurement in raw DN for LVPS Board signal “N5V_IMON”': 35, 'Last measurement in raw DN for LVPS Board signal “P2.5V_IMON”': 36, 'Last measurement in raw DN for LVPS Board signal “N2.5V_IMON”': 37, 'Last measurement in raw DN for LVPS Board signal “THERM_DECON0”': 38, 'Last measurement in raw DN for LVPS Board signal “THERM_DECON1”': 39, 'Last measurement in raw DN for LVPS Board signal “THERM_DAB”': 40, 'Last measurement in raw DN for LVPS Board signal “THERM_LVPS”': 41, 'Last measurement in raw DN for LVPS Board signal “THERM_HVPS”': 45, 'Last measurement in raw DN for LVPS Board signal “P2.5V”': 49, 'Last measurement in raw DN for LVPS Board signal “N2.5V”': 50, 'Last measurement in raw DN for LVPS Board signal “Spare”': 51}

 
 ***** var_name being converted for each instrument setting ***** 
 

Matching row  18
coeffs for Last measurement in raw DN for Processor Board signal “1V POL Current”= [0.0 0.9029253 0.0 0.0 0.0 0.0 0.0 0.0]
var_name = Last measurement in raw DN for Processor Board signal “1V POL Current”
var_name = current_1V_pol
Header info = 832
Transformed value for current_1V_pol = 751.2338496
Matching row  18
coeffs for Last measurement in raw DN for Processor Board signal “1.9V POL Current”= [0.0 0.9029253 0.0 0.0 0.0 0.0 0.0 0.0]
var_name = Last measurement in raw DN for Processor Board signal “1.9V POL Current”
var_name = current_1.9V_pol
Header info = 1278
Transformed value for current_1.9V_pol = 1153.9385334
Matching row  18
coeffs for Last measurement in raw DN for Processor Board signal “ProcBd Temp1”= [162.8276 -0.2668687 0.0003323794 -2.43153e-07 9.034532e-11 -1.327735e-14
 0.0 0.0]
var_name = Last measurement in raw DN for Processor Board signal “ProcBd Temp1”
var_name = temperature_1
Header info = 1250
Transformed value for temperature_1 = 53.72670668945321
Matching row  18
coeffs for nan= [-104713.9 52.02446 -0.006463374 0.0 0.0 0.0 0.0 0.0]
var_name = nan
var_name = None
KeyError: (3, None) - Could not find entry for None, 48. Please check the Var_notes or variable mapping.
Matching row  18
coeffs for Last measurement in raw DN for Processor Board signal “ProcBd Temp2”= [162.8276 -0.2668687 0.0003323794 -2.43153e-07 9.034532e-11 -1.327735e-14
 0.0 0.0]
var_name = Last measurement in raw DN for Processor Board signal “ProcBd Temp2”
var_name = temperature_2
Header info = 1625
Transformed value for temperature_2 = 43.0057471011354
Matching row  18
coeffs for Last measurement in raw DN for Processor Board signal “1V Voltage”= [0.0 0.000805861 0.0 0.0 0.0 0.0 0.0 0.0]
var_name = Last measurement in raw DN for Processor Board signal “1V Voltage”
var_name = voltage_1V_bus
Header info = 1242
Transformed value for voltage_1V_bus = 1.0008793619999998
Matching row  18
coeffs for Last measurement in raw DN for Processor Board signal “FPGA Temp”= [358.31 -0.1187104 0.0 0.0 0.0 0.0 0.0 0.0]
var_name = Last measurement in raw DN for Processor Board signal “FPGA Temp”
var_name = fpga_temperature
Header info = 2578
Transformed value for fpga_temperature = 52.274588800000004
Matching row  18
coeffs for Last measurement in raw DN for Processor Board signal “1.9V Voltage”= [0.0 0.000805861 0.0 0.0 0.0 0.0 0.0 0.0]
var_name = Last measurement in raw DN for Processor Board signal “1.9V Voltage”
var_name = voltage_1.9V_bus
Header info = 2328
Transformed value for voltage_1.9V_bus = 1.8760444079999998
Matching row  18
coeffs for Last measurement in raw DN for Processor Board signal “3.3V Voltage”= [0.0 0.001611722 0.0 0.0 0.0 0.0 0.0 0.0]
var_name = Last measurement in raw DN for Processor Board signal “3.3V Voltage”
var_name = voltage_3.3V_bus
Header info = 2040
Transformed value for voltage_3.3V_bus = 3.28791288
Matching row  18
coeffs for Last measurement in raw DN for HVPS Board signal “Detector Voltage”= [0.0 1.4652 0.0 0.0 0.0 0.0 0.0 0.0]
var_name = Last measurement in raw DN for HVPS Board signal “Detector Voltage”
var_name = detector_voltage
Header info = 1367
Transformed value for detector_voltage = 2002.9284
Matching row  18
coeffs for Last measurement in raw DN for HVPS Board signal “Sensor Voltage"= [0.0 1.4652 0.0 0.0 0.0 0.0 0.0 0.0]
var_name = Last measurement in raw DN for HVPS Board signal “Sensor Voltage"
var_name = sensor_voltage
Header info = 2011
Transformed value for sensor_voltage = 2946.5172000000002
Matching row  18
coeffs for Last measurement in raw DN for HVPS Board signal “Target Voltage”= [0.0 1.4652 0.0 0.0 0.0 0.0 0.0 0.0]
var_name = Last measurement in raw DN for HVPS Board signal “Target Voltage”
var_name = target_voltage
Header info = 1710
Transformed value for target_voltage = 2505.492
Matching row  18
coeffs for Last measurement in raw DN for HVPS Board signal “Reflectron Voltage”= [0.0 1.4652 0.0 0.0 0.0 0.0 0.0 0.0]
var_name = Last measurement in raw DN for HVPS Board signal “Reflectron Voltage”
var_name = reflectron_voltage
Header info = 135
Transformed value for reflectron_voltage = 197.80200000000002
Matching row  18
coeffs for Last measurement in raw DN for HVPS Board signal “Rejection Voltage”= [0.0 1.4652 0.0 0.0 0.0 0.0 0.0 0.0]
var_name = Last measurement in raw DN for HVPS Board signal “Rejection Voltage”
var_name = rejection_voltage
Header info = 2010
Transformed value for rejection_voltage = 2945.052
Matching row  18
coeffs for Last measurement in raw DN for HVPS Board signal “Detector Current”= [0.0 7.326e-06 0.0 0.0 0.0 0.0 0.0 0.0]
var_name = Last measurement in raw DN for HVPS Board signal “Detector Current”
var_name = current_hvps_sensor
Header info = 1950
Transformed value for current_hvps_sensor = 0.0142857
Matching row  18
coeffs for Last measurement in raw DN for HVPS Board signal “Sensor IP”= [0.0 2.4339e-05 0.0 0.0 0.0 0.0 0.0 0.0]
var_name = Last measurement in raw DN for HVPS Board signal “Sensor IP”
var_name = positive_current_hvps
Header info = 2703
Transformed value for positive_current_hvps = 0.065788317
Matching row  18
coeffs for Last measurement in raw DN for HVPS Board signal “Sensor IN”= [0.0 2.4339e-05 0.0 0.0 0.0 0.0 0.0 0.0]
var_name = Last measurement in raw DN for HVPS Board signal “Sensor IN”
var_name = negative_current_hvps
Header info = 305
Transformed value for negative_current_hvps = 0.007423394999999999
Matching row  18
coeffs for Last measurement in raw DN for LVPS Board signal “P3.3VREF_HK”= [0.0 0.00161172 0.0 0.0 0.0 0.0 0.0 0.0]
var_name = Last measurement in raw DN for LVPS Board signal “P3.3VREF_HK”
var_name = voltage_3V3_ref
Header info = 2048
Transformed value for voltage_3V3_ref = 3.30080256
Matching row  18
coeffs for Last measurement in raw DN for LVPS Board signal “P3.3VREF_OP”= [0.0 0.00161172 0.0 0.0 0.0 0.0 0.0 0.0]
var_name = Last measurement in raw DN for LVPS Board signal “P3.3VREF_OP”
var_name = voltage_3V3_op_ref
Header info = 2048
Transformed value for voltage_3V3_op_ref = 3.30080256
Matching row  18
coeffs for Last measurement in raw DN for LVPS Board signal “N6V”= [-33.0 0.00886447 0.0 0.0 0.0 0.0 0.0 0.0]
var_name = Last measurement in raw DN for LVPS Board signal “N6V”
var_name = voltage_neg6V_bus
Header info = 3001
Transformed value for voltage_neg6V_bus = -6.397725530000002
Matching row  18
coeffs for Last measurement in raw DN for LVPS Board signal “P6V”= [0.0 0.00241758 0.0 0.0 0.0 0.0 0.0 0.0]
var_name = Last measurement in raw DN for LVPS Board signal “P6V”
var_name = voltage_pos6V_bus
Header info = 2624
Transformed value for voltage_pos6V_bus = 6.3437299199999995
Matching row  18
coeffs for Last measurement in raw DN for LVPS Board signal “P16V”= [0.0 0.00482711 0.0 0.0 0.0 0.0 0.0 0.0]
var_name = Last measurement in raw DN for LVPS Board signal “P16V”
var_name = voltage_pos16V_bus
Header info = 3179
Transformed value for voltage_pos16V_bus = 15.34538269
Matching row  18
coeffs for Last measurement in raw DN for LVPS Board signal “P3.3V”= [0.0 0.00161172 0.0 0.0 0.0 0.0 0.0 0.0]
var_name = Last measurement in raw DN for LVPS Board signal “P3.3V”
var_name = voltage_pos3V3_bus
Header info = 2056
Transformed value for voltage_pos3V3_bus = 3.31369632
Matching row  18
coeffs for Last measurement in raw DN for LVPS Board signal “N5V”= [-33.0 0.00886447 0.0 0.0 0.0 0.0 0.0 0.0]
var_name = Last measurement in raw DN for LVPS Board signal “N5V”
var_name = voltage_neg5V_bus
Header info = 3155
Transformed value for voltage_neg5V_bus = -5.032597150000001
Matching row  18
coeffs for Last measurement in raw DN for LVPS Board signal “P5V”= [0.0 0.00161172 0.0 0.0 0.0 0.0 0.0 0.0]
var_name = Last measurement in raw DN for LVPS Board signal “P5V”
var_name = voltage_pos5V_bus
Header info = 3143
Transformed value for voltage_pos5V_bus = 5.06563596
Matching row  18
coeffs for Last measurement in raw DN for LVPS Board signal “P3.3_IMON”= [0.0 0.00161172 0.0 0.0 0.0 0.0 0.0 0.0]
var_name = Last measurement in raw DN for LVPS Board signal “P3.3_IMON”
var_name = current_3V3_bus
Header info = 1678
Transformed value for current_3V3_bus = 2.70446616
Matching row  18
coeffs for Last measurement in raw DN for LVPS Board signal “P16V_IMON”= [0.0 0.000161172 0.0 0.0 0.0 0.0 0.0 0.0]
var_name = Last measurement in raw DN for LVPS Board signal “P16V_IMON”
var_name = current_16V_bus
Header info = 1136
Transformed value for current_16V_bus = 0.18309139200000002
Matching row  18
coeffs for Last measurement in raw DN for LVPS Board signal “P6V_IMON”= [0.0 8.05861e-05 0.0 0.0 0.0 0.0 0.0 0.0]
var_name = Last measurement in raw DN for LVPS Board signal “P6V_IMON”
var_name = current_6V_bus
Header info = 1482
Transformed value for current_6V_bus = 0.1194286002
Matching row  18
coeffs for Last measurement in raw DN for LVPS Board signal “N6V_IMON”= [0.0 -8.05861e-05 0.0 0.0 0.0 0.0 0.0 0.0]
var_name = Last measurement in raw DN for LVPS Board signal “N6V_IMON”
var_name = current_neg6V_bus
Header info = 1136
Transformed value for current_neg6V_bus = -0.0915458096
Matching row  18
coeffs for Last measurement in raw DN for LVPS Board signal “P5V_IMON”= [0.0 4.029304e-05 0.0 0.0 0.0 0.0 0.0 0.0]
var_name = Last measurement in raw DN for LVPS Board signal “P5V_IMON”
var_name = current_5V_bus
Header info = 1858
Transformed value for current_5V_bus = 0.07486446832
Matching row  18
coeffs for Last measurement in raw DN for LVPS Board signal “N5V_IMON”= [0.0 -2.01465e-05 0.0 0.0 0.0 0.0 0.0 0.0]
var_name = Last measurement in raw DN for LVPS Board signal “N5V_IMON”
var_name = current_neg5V_bus
Header info = 3276
Transformed value for current_neg5V_bus = -0.06599993400000001
Matching row  18
coeffs for Last measurement in raw DN for LVPS Board signal “P2.5V_IMON”= [0.0 0.00161172 0.0 0.0 0.0 0.0 0.0 0.0]
var_name = Last measurement in raw DN for LVPS Board signal “P2.5V_IMON”
var_name = current_2V5_bus
Header info = 453
Transformed value for current_2V5_bus = 0.73010916
Matching row  18
coeffs for Last measurement in raw DN for LVPS Board signal “N2.5V_IMON”= [0.0 -4.0293e-05 0.0 0.0 0.0 0.0 0.0 0.0]
var_name = Last measurement in raw DN for LVPS Board signal “N2.5V_IMON”
var_name = current_neg2V5_bus
Header info = 2943
Transformed value for current_neg2V5_bus = -0.118582299
Matching row  18
coeffs for Last measurement in raw DN for LVPS Board signal “THERM_DECON0”= [-110.293 0.0665351 0.000305738 -6.32048e-07 5.9934e-10 -2.98784e-13
 7.61361e-17 -7.76467e-21]
var_name = Last measurement in raw DN for LVPS Board signal “THERM_DECON0”
var_name = None
KeyError: (3, None) - Could not find entry for None, 38. Please check the Var_notes or variable mapping.
Matching row  18
coeffs for Last measurement in raw DN for LVPS Board signal “THERM_DECON1”= [-150.478 0.376986 -0.00062072 7.73853e-07 -5.81588e-10 2.56368e-13
 -6.05698e-17 5.96635e-21]
var_name = Last measurement in raw DN for LVPS Board signal “THERM_DECON1”
var_name = None
KeyError: (3, None) - Could not find entry for None, 39. Please check the Var_notes or variable mapping.
Matching row  18
coeffs for Last measurement in raw DN for LVPS Board signal “THERM_DAB”= [-443.248 1.31224 -0.00180422 1.40016e-06 -6.43766e-10 1.7448e-13
 -2.57695e-17 1.60239e-21]
var_name = Last measurement in raw DN for LVPS Board signal “THERM_DAB”
var_name = None
KeyError: (3, None) - Could not find entry for None, 40. Please check the Var_notes or variable mapping.
Matching row  18
coeffs for Last measurement in raw DN for LVPS Board signal “THERM_LVPS”= [200.4137 -0.2020699 0.000175403 -9.739547e-08 2.888932e-11 -3.545603e-15
 0.0 0.0]
var_name = Last measurement in raw DN for LVPS Board signal “THERM_LVPS”
var_name = None
KeyError: (3, None) - Could not find entry for None, 41. Please check the Var_notes or variable mapping.
Matching row  18
coeffs for Last measurement in raw DN for LVPS Board signal “THERM_HVPS”= [200.4137 -0.2020699 0.000175403 -9.739547e-08 2.888932e-11 -3.545603e-15
 0.0 0.0]
var_name = Last measurement in raw DN for LVPS Board signal “THERM_HVPS”
var_name = None
KeyError: (3, None) - Could not find entry for None, 45. Please check the Var_notes or variable mapping.
Matching row  18
coeffs for Last measurement in raw DN for LVPS Board signal “P2.5V”= [0.0 0.00161172 0.0 0.0 0.0 0.0 0.0 0.0]
var_name = Last measurement in raw DN for LVPS Board signal “P2.5V”
var_name = None
KeyError: (3, None) - Could not find entry for None, 49. Please check the Var_notes or variable mapping.
Matching row  18
coeffs for Last measurement in raw DN for LVPS Board signal “N2.5V”= [-33.0 0.00886447 0.0 0.0 0.0 0.0 0.0 0.0]
var_name = Last measurement in raw DN for LVPS Board signal “N2.5V”
var_name = None
KeyError: (3, None) - Could not find entry for None, 50. Please check the Var_notes or variable mapping.
Matching row  18
coeffs for Last measurement in raw DN for LVPS Board signal “Spare”= [0.0 0.00161172 0.0 0.0 0.0 0.0 0.0 0.0]
var_name = Last measurement in raw DN for LVPS Board signal “Spare”
var_name = spare_signal
KeyError: (3, 'spare_signal') - Could not find entry for spare_signal, 51. Please check the Var_notes or variable mapping.
High gain delay = 58 samples.
Mid gain delay = 23 samples.
Low gain delay = 23 samples.
High sampling trigger mode =  0 0 1
High gain trigger mode enabled.
For 2222981120, HG Trigger level = 0.15317, sample settings = 0, 0
Threshold trigger mode enabled for high gain channel.
AID = 2415277392
Event number = 62
Rice compression enabled = False
Timestamp = 439513223.48464 seconds since epoch (Midnight January 1st, 2010)
Trigger time = 2023-12-05T23:00:23.484640Z
3
3
3
3
3
3
3
3
3
3
3
3
3
{'SHCOARSE': ParsedDataItem(SHCOARSE, raw=439513385, derived=439513385, unit=dn), 'SHFINE': ParsedDataItem(SHFINE, raw=7551, derived=7551, unit=dn), 'IDX__SCI0AID': ParsedDataItem(IDX__SCI0AID, raw=2415277392, derived=2415277392, unit=None), 'IDX__SCI0TYPE': ParsedDataItem(IDX__SCI0TYPE, raw=1, derived=1, unit=None), 'IDX__SCI0CONT': ParsedDataItem(IDX__SCI0CONT, raw=127, derived=127, unit=None), 'IDX__SCI0SPARE1': ParsedDataItem(IDX__SCI0SPARE1, raw=0, derived=0, unit=None), 'IDX__SCI0PACK': ParsedDataItem(IDX__SCI0PACK, raw=1, derived=EN, unit=None), 'IDX__SCI0FRAG': ParsedDataItem(IDX__SCI0FRAG, raw=0, derived=DS, unit=None), 'IDX__SCI0COMP': ParsedDataItem(IDX__SCI0COMP, raw=0, derived=DS, unit=None), 'IDX__SCI0EVTNUM': ParsedDataItem(IDX__SCI0EVTNUM, raw=63, derived=63, unit=None), 'IDX__SCI0CAT': ParsedDataItem(IDX__SCI0CAT, raw=32, derived=32, unit=None), 'IDX__SCI0QUAL': ParsedDataItem(IDX__SCI0QUAL, raw=5, derived=5, unit=None), 'IDX__SCI0FRAGOFF': ParsedDataItem(IDX__SCI0FRAGOFF, raw=0, derived=0, unit=None), 'IDX__SCI0VER': ParsedDataItem(IDX__SCI0VER, raw=9, derived=9, unit=None), 'IDX__SCI0TIME32': ParsedDataItem(IDX__SCI0TIME32, raw=439513224, derived=439513224, unit=None), 'IDX__SCI0SPARE2': ParsedDataItem(IDX__SCI0SPARE2, raw=0, derived=0, unit=None), 'IDX__SCI0SPARE3': ParsedDataItem(IDX__SCI0SPARE3, raw=0, derived=0, unit=None), 'IDX__SCI0SPARE4': ParsedDataItem(IDX__SCI0SPARE4, raw=0, derived=0, unit=None), 'IDX__TXHDRSCIEVTLEN': ParsedDataItem(IDX__TXHDRSCIEVTLEN, raw=8320, derived=8320, unit=None), 'IDX__TXHDRSP00': ParsedDataItem(IDX__TXHDRSP00, raw=0, derived=0, unit=None), 'IDX__TXHDRTIMESEC1': ParsedDataItem(IDX__TXHDRTIMESEC1, raw=6706, derived=6706, unit=None), 'IDX__TXHDRTIMESEC2': ParsedDataItem(IDX__TXHDRTIMESEC2, raw=28808, derived=28808, unit=None), 'IDX__TXHDRTIMESUBS': ParsedDataItem(IDX__TXHDRTIMESUBS, raw=24228, derived=24228, unit=None), 'IDX__TXHDRSP01': ParsedDataItem(IDX__TXHDRSP01, raw=0, derived=0, unit=None), 'IDX__TXHDRTRIGOFFSET': ParsedDataItem(IDX__TXHDRTRIGOFFSET, raw=1, derived=1, unit=None), 'IDX__TXHDRSP02': ParsedDataItem(IDX__TXHDRSP02, raw=0, derived=0, unit=None), 'IDX__TXHDRTRIGID': ParsedDataItem(IDX__TXHDRTRIGID, raw=1, derived=1, unit=None), 'IDX__TXHDREVTNUM': ParsedDataItem(IDX__TXHDREVTNUM, raw=63, derived=63, unit=None), 'IDX__TXHDRBLOCKS': ParsedDataItem(IDX__TXHDRBLOCKS, raw=243679, derived=243679, unit=None), 'IDX__TXHDRHGTRIGCTRL1': ParsedDataItem(IDX__TXHDRHGTRIGCTRL1, raw=2222981120, derived=2222981120, unit=None), 'IDX__TXHDRHGTRIGCTRL2': ParsedDataItem(IDX__TXHDRHGTRIGCTRL2, raw=0, derived=0, unit=None), 'IDX__TXHDRLGTRIGCTRL1': ParsedDataItem(IDX__TXHDRLGTRIGCTRL1, raw=4294965248, derived=4294965248, unit=None), 'IDX__TXHDRLGTRIGCTRL2': ParsedDataItem(IDX__TXHDRLGTRIGCTRL2, raw=4278255360, derived=4278255360, unit=None), 'IDX__TXHDRMGTRIGCTRL1': ParsedDataItem(IDX__TXHDRMGTRIGCTRL1, raw=4294965248, derived=4294965248, unit=None), 'IDX__TXHDRMGTRIGCTRL2': ParsedDataItem(IDX__TXHDRMGTRIGCTRL2, raw=4278255360, derived=4278255360, unit=None), 'IDX__TXHDRSP03': ParsedDataItem(IDX__TXHDRSP03, raw=0, derived=0, unit=None), 'IDX__TXHDRLSADC': ParsedDataItem(IDX__TXHDRLSADC, raw=1048320, derived=1048320, unit=None), 'IDX__TXHDRPOLSTAT': ParsedDataItem(IDX__TXHDRPOLSTAT, raw=1, derived=NEG, unit=None), 'IDX__TXHDRSP04': ParsedDataItem(IDX__TXHDRSP04, raw=0, derived=0, unit=None), 'IDX__TXHDRPOLCTRL': ParsedDataItem(IDX__TXHDRPOLCTRL, raw=0, derived=POS, unit=None), 'IDX__TXHDRCOINENA': ParsedDataItem(IDX__TXHDRCOINENA, raw=0, derived=DIS, unit=None), 'IDX__TXHDRLSTRIGMODE': ParsedDataItem(IDX__TXHDRLSTRIGMODE, raw=0, derived=DIS, unit=None), 'IDX__TXHDRMGTRIGMODE': ParsedDataItem(IDX__TXHDRMGTRIGMODE, raw=0, derived=0, unit=None), 'IDX__TXHDRLGTRIGMODE': ParsedDataItem(IDX__TXHDRLGTRIGMODE, raw=0, derived=0, unit=None), 'IDX__TXHDRHGTRIGMODE': ParsedDataItem(IDX__TXHDRHGTRIGMODE, raw=1, derived=1, unit=None), 'IDX__TXHDRSP05': ParsedDataItem(IDX__TXHDRSP05, raw=0, derived=0, unit=None), 'IDX__TXHDRSP06': ParsedDataItem(IDX__TXHDRSP06, raw=0, derived=0, unit=None), 'IDX__TXHDRSP07': ParsedDataItem(IDX__TXHDRSP07, raw=2020, derived=2020, unit=None), 'IDX__TXHDRSP08': ParsedDataItem(IDX__TXHDRSP08, raw=0, derived=0, unit=None), 'IDX__TXHDRTOFMAX': ParsedDataItem(IDX__TXHDRTOFMAX, raw=546838277, derived=546838277, unit=None), 'IDX__TXHDRTOFMIN': ParsedDataItem(IDX__TXHDRTOFMIN, raw=535295475, derived=535295475, unit=None), 'IDX__TXHDRLS0MAXMIN': ParsedDataItem(IDX__TXHDRLS0MAXMIN, raw=8468493, derived=8468493, unit=None), 'IDX__TXHDRLS1MAXMIN': ParsedDataItem(IDX__TXHDRLS1MAXMIN, raw=8472554, derived=8472554, unit=None), 'IDX__TXHDRLS2MAXMIN': ParsedDataItem(IDX__TXHDRLS2MAXMIN, raw=9848804, derived=9848804, unit=None), 'IDX__TXHDRFIFODELAY': ParsedDataItem(IDX__TXHDRFIFODELAY, raw=18, derived=18, unit=None), 'IDX__TXHDRSAMPDELAY': ParsedDataItem(IDX__TXHDRSAMPDELAY, raw=7347242, derived=7347242, unit=None), 'IDX__TXHDRTRANSCNT': ParsedDataItem(IDX__TXHDRTRANSCNT, raw=8, derived=8, unit=None), 'IDX__TXHDRPROCHKCH01': ParsedDataItem(IDX__TXHDRPROCHKCH01, raw=83755841, derived=83755841, unit=None), 'IDX__TXHDRPROCHKCH23': ParsedDataItem(IDX__TXHDRPROCHKCH23, raw=106497251, derived=106497251, unit=None), 'IDX__TXHDRPROCHKCH45': ParsedDataItem(IDX__TXHDRPROCHKCH45, raw=168953050, derived=168953050, unit=None), 'IDX__TXHDRPROCHKCH67': ParsedDataItem(IDX__TXHDRPROCHKCH67, raw=133695768, derived=133695768, unit=None), 'IDX__TXHDRHVPSHKCH01': ParsedDataItem(IDX__TXHDRHVPSHKCH01, raw=131794263, derived=131794263, unit=None), 'IDX__TXHDRHVPSHKCH23': ParsedDataItem(IDX__TXHDRHVPSHKCH23, raw=8849070, derived=8849070, unit=None), 'IDX__TXHDRHVPSHKCH45': ParsedDataItem(IDX__TXHDRHVPSHKCH45, raw=127797210, derived=127797210, unit=None), 'IDX__TXHDRHVPSHKCH67': ParsedDataItem(IDX__TXHDRHVPSHKCH67, raw=19991183, derived=19991183, unit=None), 'IDX__TXHDRLVHK0CH01': ParsedDataItem(IDX__TXHDRLVHK0CH01, raw=134219776, derived=134219776, unit=None), 'IDX__TXHDRLVHK0CH23': ParsedDataItem(IDX__TXHDRLVHK0CH23, raw=172035001, derived=172035001, unit=None), 'IDX__TXHDRLVHK0CH45': ParsedDataItem(IDX__TXHDRLVHK0CH45, raw=134745195, derived=134745195, unit=None), 'IDX__TXHDRLVHK0CH67': ParsedDataItem(IDX__TXHDRLVHK0CH67, raw=205982803, derived=205982803, unit=None), 'IDX__TXHDRLVHK1CH01': ParsedDataItem(IDX__TXHDRLVHK1CH01, raw=33621647, derived=33621647, unit=None), 'IDX__TXHDRLVHK1CH23': ParsedDataItem(IDX__TXHDRLVHK1CH23, raw=74450378, derived=74450378, unit=None), 'IDX__TXHDRLVHK1CH45': ParsedDataItem(IDX__TXHDRLVHK1CH45, raw=214697794, derived=214697794, unit=None), 'IDX__TXHDRLVHK1CH67': ParsedDataItem(IDX__TXHDRLVHK1CH67, raw=192872901, derived=192872901, unit=None), 'IDX__TXHDRLVHK2CH01': ParsedDataItem(IDX__TXHDRLVHK2CH01, raw=81659105, derived=81659105, unit=None), 'IDX__TXHDRLVHK2CH23': ParsedDataItem(IDX__TXHDRLVHK2CH23, raw=192154335, derived=192154335, unit=None), 'IDX__TXHDRLVHK2CH45': ParsedDataItem(IDX__TXHDRLVHK2CH45, raw=101059654, derived=101059654, unit=None), 'IDX__TXHDRLVHK2CH67': ParsedDataItem(IDX__TXHDRLVHK2CH67, raw=69017, derived=69017, unit=None), 'IDX__TXHDRSP09': ParsedDataItem(IDX__TXHDRSP09, raw=0, derived=0, unit=None), 'IDX__TXHDRSP10': ParsedDataItem(IDX__TXHDRSP10, raw=0, derived=0, unit=None), 'IDX__TXHDRFSWAIDCOPY': ParsedDataItem(IDX__TXHDRFSWAIDCOPY, raw=2415277392, derived=2415277392, unit=None), 'IDX__TXHDRFSWBINCOPY': ParsedDataItem(IDX__TXHDRFSWBINCOPY, raw=0, derived=0, unit=None), 'IDX__TXHDRFSWMAJOR': ParsedDataItem(IDX__TXHDRFSWMAJOR, raw=2, derived=2, unit=None), 'IDX__TXHDRFSWMINOR': ParsedDataItem(IDX__TXHDRFSWMINOR, raw=0, derived=0, unit=None), 'IDX__TXHDRFSWPATCH': ParsedDataItem(IDX__TXHDRFSWPATCH, raw=0, derived=0, unit=None), 'IDX__TXHDRFSWHVSTAT': ParsedDataItem(IDX__TXHDRFSWHVSTAT, raw=3, derived=3, unit=None), 'IDX__TXHDRFSWMEM0': ParsedDataItem(IDX__TXHDRFSWMEM0, raw=0, derived=0, unit=None), 'IDX__TXHDRFSWMEM1': ParsedDataItem(IDX__TXHDRFSWMEM1, raw=0, derived=0, unit=None), 'IDX__TXHDRFSWPT0': ParsedDataItem(IDX__TXHDRFSWPT0, raw=0, derived=0, unit=None), 'IDX__TXHDRFSWPT1': ParsedDataItem(IDX__TXHDRFSWPT1, raw=0, derived=0, unit=None), 'IDX__TXHDRFSWPT2': ParsedDataItem(IDX__TXHDRFSWPT2, raw=0, derived=0, unit=None), 'IDX__TXHDRFSWPT3': ParsedDataItem(IDX__TXHDRFSWPT3, raw=0, derived=0, unit=None), 'IDX__TXHDRFSWPT4': ParsedDataItem(IDX__TXHDRFSWPT4, raw=0, derived=0, unit=None), 'IDX__TXHDRFSWPT5': ParsedDataItem(IDX__TXHDRFSWPT5, raw=0, derived=0, unit=None), 'IDX__TXHDRFSWPT6': ParsedDataItem(IDX__TXHDRFSWPT6, raw=0, derived=0, unit=None), 'IDX__TXHDRFSWPT7': ParsedDataItem(IDX__TXHDRFSWPT7, raw=0, derived=0, unit=None), 'IDX__TXHDRFSWPT8': ParsedDataItem(IDX__TXHDRFSWPT8, raw=0, derived=0, unit=None), 'IDX__TXHDRFSWPT9': ParsedDataItem(IDX__TXHDRFSWPT9, raw=0, derived=0, unit=None), 'IDX__TXHDRFPGAVER': ParsedDataItem(IDX__TXHDRFPGAVER, raw=539165480, derived=539165480, unit=None), 'IDX__SYNCSCI0PKT': ParsedDataItem(IDX__SYNCSCI0PKT, raw=13107, derived=13107, unit=None), 'IDX__CRCSCI0PKT': ParsedDataItem(IDX__CRCSCI0PKT, raw=30504, derived=30504, unit=None)}
SHCOARSE = 439513385
SHFINE = 7551
IDX__SCI0AID = 2415277392
IDX__SCI0TYPE = 1
IDX__SCI0CONT = 127
IDX__SCI0SPARE1 = 0
IDX__SCI0PACK = EN
IDX__SCI0FRAG = DS
IDX__SCI0COMP = DS
IDX__SCI0EVTNUM = 63
IDX__SCI0CAT = 32
IDX__SCI0QUAL = 5
IDX__SCI0FRAGOFF = 0
IDX__SCI0VER = 9
IDX__SCI0TIME32 = 439513224
IDX__SCI0SPARE2 = 0
IDX__SCI0SPARE3 = 0
IDX__SCI0SPARE4 = 0
IDX__TXHDRSCIEVTLEN = 8320
IDX__TXHDRSP00 = 0
IDX__TXHDRTIMESEC1 = 6706
IDX__TXHDRTIMESEC2 = 28808
IDX__TXHDRTIMESUBS = 24228
IDX__TXHDRSP01 = 0
IDX__TXHDRTRIGOFFSET = 1
IDX__TXHDRSP02 = 0
IDX__TXHDRTRIGID = 1
IDX__TXHDREVTNUM = 63
IDX__TXHDRBLOCKS = 243679
IDX__TXHDRHGTRIGCTRL1 = 2222981120
IDX__TXHDRHGTRIGCTRL2 = 0
IDX__TXHDRLGTRIGCTRL1 = 4294965248
IDX__TXHDRLGTRIGCTRL2 = 4278255360
IDX__TXHDRMGTRIGCTRL1 = 4294965248
IDX__TXHDRMGTRIGCTRL2 = 4278255360
IDX__TXHDRSP03 = 0
IDX__TXHDRLSADC = 1048320
IDX__TXHDRPOLSTAT = NEG
IDX__TXHDRSP04 = 0
IDX__TXHDRPOLCTRL = POS
IDX__TXHDRCOINENA = DIS
IDX__TXHDRLSTRIGMODE = DIS
IDX__TXHDRMGTRIGMODE = 0
IDX__TXHDRLGTRIGMODE = 0
IDX__TXHDRHGTRIGMODE = 1
IDX__TXHDRSP05 = 0
IDX__TXHDRSP06 = 0
IDX__TXHDRSP07 = 2020
IDX__TXHDRSP08 = 0
IDX__TXHDRTOFMAX = 546838277
IDX__TXHDRTOFMIN = 535295475
IDX__TXHDRLS0MAXMIN = 8468493
IDX__TXHDRLS1MAXMIN = 8472554
IDX__TXHDRLS2MAXMIN = 9848804
IDX__TXHDRFIFODELAY = 18
IDX__TXHDRSAMPDELAY = 7347242
IDX__TXHDRTRANSCNT = 8
IDX__TXHDRPROCHKCH01 = 83755841
IDX__TXHDRPROCHKCH23 = 106497251
IDX__TXHDRPROCHKCH45 = 168953050
IDX__TXHDRPROCHKCH67 = 133695768
IDX__TXHDRHVPSHKCH01 = 131794263
IDX__TXHDRHVPSHKCH23 = 8849070
IDX__TXHDRHVPSHKCH45 = 127797210
IDX__TXHDRHVPSHKCH67 = 19991183
IDX__TXHDRLVHK0CH01 = 134219776
IDX__TXHDRLVHK0CH23 = 172035001
IDX__TXHDRLVHK0CH45 = 134745195
IDX__TXHDRLVHK0CH67 = 205982803
IDX__TXHDRLVHK1CH01 = 33621647
IDX__TXHDRLVHK1CH23 = 74450378
IDX__TXHDRLVHK1CH45 = 214697794
IDX__TXHDRLVHK1CH67 = 192872901
IDX__TXHDRLVHK2CH01 = 81659105
IDX__TXHDRLVHK2CH23 = 192154335
IDX__TXHDRLVHK2CH45 = 101059654
IDX__TXHDRLVHK2CH67 = 69017
IDX__TXHDRSP09 = 0
IDX__TXHDRSP10 = 0
IDX__TXHDRFSWAIDCOPY = 2415277392
IDX__TXHDRFSWBINCOPY = 0
IDX__TXHDRFSWMAJOR = 2
IDX__TXHDRFSWMINOR = 0
IDX__TXHDRFSWPATCH = 0
IDX__TXHDRFSWHVSTAT = 3
IDX__TXHDRFSWMEM0 = 0
IDX__TXHDRFSWMEM1 = 0
IDX__TXHDRFSWPT0 = 0
IDX__TXHDRFSWPT1 = 0
IDX__TXHDRFSWPT2 = 0
IDX__TXHDRFSWPT3 = 0
IDX__TXHDRFSWPT4 = 0
IDX__TXHDRFSWPT5 = 0
IDX__TXHDRFSWPT6 = 0
IDX__TXHDRFSWPT7 = 0
IDX__TXHDRFSWPT8 = 0
IDX__TXHDRFSWPT9 = 0
IDX__TXHDRFPGAVER = 539165480
IDX__SYNCSCI0PKT = 13107
IDX__CRCSCI0PKT = 30504
^*****Event header 4******^
EVTNUM: 4
SCI0TYPE: 1
TXHDRBLOCKS RAW: 243679
TXHDRBLOCKS DERIVED: 243679
-----
HS pre trig sampling blocks:  31
LS pre trig sampling blocks:  3
HS post trig sampling blocks:  31
LS post trig sampling blocks:  11
IDX__TXHDRHVPSHKCH01 = 131794263
Detector voltage =  1367
Sensor voltage =  2011
Target voltage =  1710
Reflectron voltage =  135
Rejection voltage =  2010
Current for HVPS sensor =  1950
Positive current for HVPS sensor =  2703
Negative current for HVPS sensor =  305
Voltage +3.3V reference =  2048
Voltage +3.3V operational reference =  2048
Voltage -6V bus =  3001
Voltage +6V bus =  2625
Voltage +16V bus =  3179
Voltage +3.3V bus =  2056
Voltage -5V bus =  3155
Voltage +5V bus =  3143
Current +3.3V bus =  1679
Current +16V bus =  1136
Current +6V bus =  1482
Current -6V bus =  1136
Current +5V bus =  1858
Current -5V bus =  3276
Current +2.5V bus =  453
Current -2.5V bus =  2943
Current on the 1V POL =  833
Current on the 1.9V POL =  1278
ProcBd Temperature 1 =  1251
ProcBd Temperature 2 =  1625
Voltage on 1V bus =  1242
FPGA Temperature =  2578
Voltage on 1.9V bus =  2328
Voltage on 3.3V bus =  2040
var_to_row = {'Last measurement in raw DN for Processor Board signal “1V POL Current”': 0, 'Last measurement in raw DN for Processor Board signal “1.9V POL Current”': 1, 'Last measurement in raw DN for Processor Board signal “ProcBd Temp1”': 2, nan: 48, 'Last measurement in raw DN for Processor Board signal “ProcBd Temp2”': 6, 'Last measurement in raw DN for Processor Board signal “1V Voltage”': 10, 'Last measurement in raw DN for Processor Board signal “FPGA Temp”': 11, 'Last measurement in raw DN for Processor Board signal “1.9V Voltage”': 12, 'Last measurement in raw DN for Processor Board signal “3.3V Voltage”': 13, 'Last measurement in raw DN for HVPS Board signal “Detector Voltage”': 14, 'Last measurement in raw DN for HVPS Board signal “Sensor Voltage"': 15, 'Last measurement in raw DN for HVPS Board signal “Target Voltage”': 16, 'Last measurement in raw DN for HVPS Board signal “Reflectron Voltage”': 17, 'Last measurement in raw DN for HVPS Board signal “Rejection Voltage”': 18, 'Last measurement in raw DN for HVPS Board signal “Detector Current”': 19, 'Last measurement in raw DN for HVPS Board signal “Sensor IP”': 20, 'Last measurement in raw DN for HVPS Board signal “Sensor IN”': 21, 'Last measurement in raw DN for LVPS Board signal “P3.3VREF_HK”': 22, 'Last measurement in raw DN for LVPS Board signal “P3.3VREF_OP”': 23, 'Last measurement in raw DN for LVPS Board signal “N6V”': 24, 'Last measurement in raw DN for LVPS Board signal “P6V”': 25, 'Last measurement in raw DN for LVPS Board signal “P16V”': 26, 'Last measurement in raw DN for LVPS Board signal “P3.3V”': 27, 'Last measurement in raw DN for LVPS Board signal “N5V”': 28, 'Last measurement in raw DN for LVPS Board signal “P5V”': 29, 'Last measurement in raw DN for LVPS Board signal “P3.3_IMON”': 30, 'Last measurement in raw DN for LVPS Board signal “P16V_IMON”': 31, 'Last measurement in raw DN for LVPS Board signal “P6V_IMON”': 32, 'Last measurement in raw DN for LVPS Board signal “N6V_IMON”': 33, 'Last measurement in raw DN for LVPS Board signal “P5V_IMON”': 34, 'Last measurement in raw DN for LVPS Board signal “N5V_IMON”': 35, 'Last measurement in raw DN for LVPS Board signal “P2.5V_IMON”': 36, 'Last measurement in raw DN for LVPS Board signal “N2.5V_IMON”': 37, 'Last measurement in raw DN for LVPS Board signal “THERM_DECON0”': 38, 'Last measurement in raw DN for LVPS Board signal “THERM_DECON1”': 39, 'Last measurement in raw DN for LVPS Board signal “THERM_DAB”': 40, 'Last measurement in raw DN for LVPS Board signal “THERM_LVPS”': 41, 'Last measurement in raw DN for LVPS Board signal “THERM_HVPS”': 45, 'Last measurement in raw DN for LVPS Board signal “P2.5V”': 49, 'Last measurement in raw DN for LVPS Board signal “N2.5V”': 50, 'Last measurement in raw DN for LVPS Board signal “Spare”': 51}

 
 ***** var_name being converted for each instrument setting ***** 
 

Matching row  18
coeffs for Last measurement in raw DN for Processor Board signal “1V POL Current”= [0.0 0.9029253 0.0 0.0 0.0 0.0 0.0 0.0]
var_name = Last measurement in raw DN for Processor Board signal “1V POL Current”
var_name = current_1V_pol
Header info = 833
Transformed value for current_1V_pol = 752.1367749000001
Matching row  18
coeffs for Last measurement in raw DN for Processor Board signal “1.9V POL Current”= [0.0 0.9029253 0.0 0.0 0.0 0.0 0.0 0.0]
var_name = Last measurement in raw DN for Processor Board signal “1.9V POL Current”
var_name = current_1.9V_pol
Header info = 1278
Transformed value for current_1.9V_pol = 1153.9385334
Matching row  18
coeffs for Last measurement in raw DN for Processor Board signal “ProcBd Temp1”= [162.8276 -0.2668687 0.0003323794 -2.43153e-07 9.034532e-11 -1.327735e-14
 0.0 0.0]
var_name = Last measurement in raw DN for Processor Board signal “ProcBd Temp1”
var_name = temperature_1
Header info = 1251
Transformed value for temperature_1 = 53.69476080899112
Matching row  18
coeffs for nan= [-104713.9 52.02446 -0.006463374 0.0 0.0 0.0 0.0 0.0]
var_name = nan
var_name = None
KeyError: (4, None) - Could not find entry for None, 48. Please check the Var_notes or variable mapping.
Matching row  18
coeffs for Last measurement in raw DN for Processor Board signal “ProcBd Temp2”= [162.8276 -0.2668687 0.0003323794 -2.43153e-07 9.034532e-11 -1.327735e-14
 0.0 0.0]
var_name = Last measurement in raw DN for Processor Board signal “ProcBd Temp2”
var_name = temperature_2
Header info = 1625
Transformed value for temperature_2 = 43.0057471011354
Matching row  18
coeffs for Last measurement in raw DN for Processor Board signal “1V Voltage”= [0.0 0.000805861 0.0 0.0 0.0 0.0 0.0 0.0]
var_name = Last measurement in raw DN for Processor Board signal “1V Voltage”
var_name = voltage_1V_bus
Header info = 1242
Transformed value for voltage_1V_bus = 1.0008793619999998
Matching row  18
coeffs for Last measurement in raw DN for Processor Board signal “FPGA Temp”= [358.31 -0.1187104 0.0 0.0 0.0 0.0 0.0 0.0]
var_name = Last measurement in raw DN for Processor Board signal “FPGA Temp”
var_name = fpga_temperature
Header info = 2578
Transformed value for fpga_temperature = 52.274588800000004
Matching row  18
coeffs for Last measurement in raw DN for Processor Board signal “1.9V Voltage”= [0.0 0.000805861 0.0 0.0 0.0 0.0 0.0 0.0]
var_name = Last measurement in raw DN for Processor Board signal “1.9V Voltage”
var_name = voltage_1.9V_bus
Header info = 2328
Transformed value for voltage_1.9V_bus = 1.8760444079999998
Matching row  18
coeffs for Last measurement in raw DN for Processor Board signal “3.3V Voltage”= [0.0 0.001611722 0.0 0.0 0.0 0.0 0.0 0.0]
var_name = Last measurement in raw DN for Processor Board signal “3.3V Voltage”
var_name = voltage_3.3V_bus
Header info = 2040
Transformed value for voltage_3.3V_bus = 3.28791288
Matching row  18
coeffs for Last measurement in raw DN for HVPS Board signal “Detector Voltage”= [0.0 1.4652 0.0 0.0 0.0 0.0 0.0 0.0]
var_name = Last measurement in raw DN for HVPS Board signal “Detector Voltage”
var_name = detector_voltage
Header info = 1367
Transformed value for detector_voltage = 2002.9284
Matching row  18
coeffs for Last measurement in raw DN for HVPS Board signal “Sensor Voltage"= [0.0 1.4652 0.0 0.0 0.0 0.0 0.0 0.0]
var_name = Last measurement in raw DN for HVPS Board signal “Sensor Voltage"
var_name = sensor_voltage
Header info = 2011
Transformed value for sensor_voltage = 2946.5172000000002
Matching row  18
coeffs for Last measurement in raw DN for HVPS Board signal “Target Voltage”= [0.0 1.4652 0.0 0.0 0.0 0.0 0.0 0.0]
var_name = Last measurement in raw DN for HVPS Board signal “Target Voltage”
var_name = target_voltage
Header info = 1710
Transformed value for target_voltage = 2505.492
Matching row  18
coeffs for Last measurement in raw DN for HVPS Board signal “Reflectron Voltage”= [0.0 1.4652 0.0 0.0 0.0 0.0 0.0 0.0]
var_name = Last measurement in raw DN for HVPS Board signal “Reflectron Voltage”
var_name = reflectron_voltage
Header info = 135
Transformed value for reflectron_voltage = 197.80200000000002
Matching row  18
coeffs for Last measurement in raw DN for HVPS Board signal “Rejection Voltage”= [0.0 1.4652 0.0 0.0 0.0 0.0 0.0 0.0]
var_name = Last measurement in raw DN for HVPS Board signal “Rejection Voltage”
var_name = rejection_voltage
Header info = 2010
Transformed value for rejection_voltage = 2945.052
Matching row  18
coeffs for Last measurement in raw DN for HVPS Board signal “Detector Current”= [0.0 7.326e-06 0.0 0.0 0.0 0.0 0.0 0.0]
var_name = Last measurement in raw DN for HVPS Board signal “Detector Current”
var_name = current_hvps_sensor
Header info = 1950
Transformed value for current_hvps_sensor = 0.0142857
Matching row  18
coeffs for Last measurement in raw DN for HVPS Board signal “Sensor IP”= [0.0 2.4339e-05 0.0 0.0 0.0 0.0 0.0 0.0]
var_name = Last measurement in raw DN for HVPS Board signal “Sensor IP”
var_name = positive_current_hvps
Header info = 2703
Transformed value for positive_current_hvps = 0.065788317
Matching row  18
coeffs for Last measurement in raw DN for HVPS Board signal “Sensor IN”= [0.0 2.4339e-05 0.0 0.0 0.0 0.0 0.0 0.0]
var_name = Last measurement in raw DN for HVPS Board signal “Sensor IN”
var_name = negative_current_hvps
Header info = 305
Transformed value for negative_current_hvps = 0.007423394999999999
Matching row  18
coeffs for Last measurement in raw DN for LVPS Board signal “P3.3VREF_HK”= [0.0 0.00161172 0.0 0.0 0.0 0.0 0.0 0.0]
var_name = Last measurement in raw DN for LVPS Board signal “P3.3VREF_HK”
var_name = voltage_3V3_ref
Header info = 2048
Transformed value for voltage_3V3_ref = 3.30080256
Matching row  18
coeffs for Last measurement in raw DN for LVPS Board signal “P3.3VREF_OP”= [0.0 0.00161172 0.0 0.0 0.0 0.0 0.0 0.0]
var_name = Last measurement in raw DN for LVPS Board signal “P3.3VREF_OP”
var_name = voltage_3V3_op_ref
Header info = 2048
Transformed value for voltage_3V3_op_ref = 3.30080256
Matching row  18
coeffs for Last measurement in raw DN for LVPS Board signal “N6V”= [-33.0 0.00886447 0.0 0.0 0.0 0.0 0.0 0.0]
var_name = Last measurement in raw DN for LVPS Board signal “N6V”
var_name = voltage_neg6V_bus
Header info = 3001
Transformed value for voltage_neg6V_bus = -6.397725530000002
Matching row  18
coeffs for Last measurement in raw DN for LVPS Board signal “P6V”= [0.0 0.00241758 0.0 0.0 0.0 0.0 0.0 0.0]
var_name = Last measurement in raw DN for LVPS Board signal “P6V”
var_name = voltage_pos6V_bus
Header info = 2625
Transformed value for voltage_pos6V_bus = 6.3461475
Matching row  18
coeffs for Last measurement in raw DN for LVPS Board signal “P16V”= [0.0 0.00482711 0.0 0.0 0.0 0.0 0.0 0.0]
var_name = Last measurement in raw DN for LVPS Board signal “P16V”
var_name = voltage_pos16V_bus
Header info = 3179
Transformed value for voltage_pos16V_bus = 15.34538269
Matching row  18
coeffs for Last measurement in raw DN for LVPS Board signal “P3.3V”= [0.0 0.00161172 0.0 0.0 0.0 0.0 0.0 0.0]
var_name = Last measurement in raw DN for LVPS Board signal “P3.3V”
var_name = voltage_pos3V3_bus
Header info = 2056
Transformed value for voltage_pos3V3_bus = 3.31369632
Matching row  18
coeffs for Last measurement in raw DN for LVPS Board signal “N5V”= [-33.0 0.00886447 0.0 0.0 0.0 0.0 0.0 0.0]
var_name = Last measurement in raw DN for LVPS Board signal “N5V”
var_name = voltage_neg5V_bus
Header info = 3155
Transformed value for voltage_neg5V_bus = -5.032597150000001
Matching row  18
coeffs for Last measurement in raw DN for LVPS Board signal “P5V”= [0.0 0.00161172 0.0 0.0 0.0 0.0 0.0 0.0]
var_name = Last measurement in raw DN for LVPS Board signal “P5V”
var_name = voltage_pos5V_bus
Header info = 3143
Transformed value for voltage_pos5V_bus = 5.06563596
Matching row  18
coeffs for Last measurement in raw DN for LVPS Board signal “P3.3_IMON”= [0.0 0.00161172 0.0 0.0 0.0 0.0 0.0 0.0]
var_name = Last measurement in raw DN for LVPS Board signal “P3.3_IMON”
var_name = current_3V3_bus
Header info = 1679
Transformed value for current_3V3_bus = 2.70607788
Matching row  18
coeffs for Last measurement in raw DN for LVPS Board signal “P16V_IMON”= [0.0 0.000161172 0.0 0.0 0.0 0.0 0.0 0.0]
var_name = Last measurement in raw DN for LVPS Board signal “P16V_IMON”
var_name = current_16V_bus
Header info = 1136
Transformed value for current_16V_bus = 0.18309139200000002
Matching row  18
coeffs for Last measurement in raw DN for LVPS Board signal “P6V_IMON”= [0.0 8.05861e-05 0.0 0.0 0.0 0.0 0.0 0.0]
var_name = Last measurement in raw DN for LVPS Board signal “P6V_IMON”
var_name = current_6V_bus
Header info = 1482
Transformed value for current_6V_bus = 0.1194286002
Matching row  18
coeffs for Last measurement in raw DN for LVPS Board signal “N6V_IMON”= [0.0 -8.05861e-05 0.0 0.0 0.0 0.0 0.0 0.0]
var_name = Last measurement in raw DN for LVPS Board signal “N6V_IMON”
var_name = current_neg6V_bus
Header info = 1136
Transformed value for current_neg6V_bus = -0.0915458096
Matching row  18
coeffs for Last measurement in raw DN for LVPS Board signal “P5V_IMON”= [0.0 4.029304e-05 0.0 0.0 0.0 0.0 0.0 0.0]
var_name = Last measurement in raw DN for LVPS Board signal “P5V_IMON”
var_name = current_5V_bus
Header info = 1858
Transformed value for current_5V_bus = 0.07486446832
Matching row  18
coeffs for Last measurement in raw DN for LVPS Board signal “N5V_IMON”= [0.0 -2.01465e-05 0.0 0.0 0.0 0.0 0.0 0.0]
var_name = Last measurement in raw DN for LVPS Board signal “N5V_IMON”
var_name = current_neg5V_bus
Header info = 3276
Transformed value for current_neg5V_bus = -0.06599993400000001
Matching row  18
coeffs for Last measurement in raw DN for LVPS Board signal “P2.5V_IMON”= [0.0 0.00161172 0.0 0.0 0.0 0.0 0.0 0.0]
var_name = Last measurement in raw DN for LVPS Board signal “P2.5V_IMON”
var_name = current_2V5_bus
Header info = 453
Transformed value for current_2V5_bus = 0.73010916
Matching row  18
coeffs for Last measurement in raw DN for LVPS Board signal “N2.5V_IMON”= [0.0 -4.0293e-05 0.0 0.0 0.0 0.0 0.0 0.0]
var_name = Last measurement in raw DN for LVPS Board signal “N2.5V_IMON”
var_name = current_neg2V5_bus
Header info = 2943
Transformed value for current_neg2V5_bus = -0.118582299
Matching row  18
coeffs for Last measurement in raw DN for LVPS Board signal “THERM_DECON0”= [-110.293 0.0665351 0.000305738 -6.32048e-07 5.9934e-10 -2.98784e-13
 7.61361e-17 -7.76467e-21]
var_name = Last measurement in raw DN for LVPS Board signal “THERM_DECON0”
var_name = None
KeyError: (4, None) - Could not find entry for None, 38. Please check the Var_notes or variable mapping.
Matching row  18
coeffs for Last measurement in raw DN for LVPS Board signal “THERM_DECON1”= [-150.478 0.376986 -0.00062072 7.73853e-07 -5.81588e-10 2.56368e-13
 -6.05698e-17 5.96635e-21]
var_name = Last measurement in raw DN for LVPS Board signal “THERM_DECON1”
var_name = None
KeyError: (4, None) - Could not find entry for None, 39. Please check the Var_notes or variable mapping.
Matching row  18
coeffs for Last measurement in raw DN for LVPS Board signal “THERM_DAB”= [-443.248 1.31224 -0.00180422 1.40016e-06 -6.43766e-10 1.7448e-13
 -2.57695e-17 1.60239e-21]
var_name = Last measurement in raw DN for LVPS Board signal “THERM_DAB”
var_name = None
KeyError: (4, None) - Could not find entry for None, 40. Please check the Var_notes or variable mapping.
Matching row  18
coeffs for Last measurement in raw DN for LVPS Board signal “THERM_LVPS”= [200.4137 -0.2020699 0.000175403 -9.739547e-08 2.888932e-11 -3.545603e-15
 0.0 0.0]
var_name = Last measurement in raw DN for LVPS Board signal “THERM_LVPS”
var_name = None
KeyError: (4, None) - Could not find entry for None, 41. Please check the Var_notes or variable mapping.
Matching row  18
coeffs for Last measurement in raw DN for LVPS Board signal “THERM_HVPS”= [200.4137 -0.2020699 0.000175403 -9.739547e-08 2.888932e-11 -3.545603e-15
 0.0 0.0]
var_name = Last measurement in raw DN for LVPS Board signal “THERM_HVPS”
var_name = None
KeyError: (4, None) - Could not find entry for None, 45. Please check the Var_notes or variable mapping.
Matching row  18
coeffs for Last measurement in raw DN for LVPS Board signal “P2.5V”= [0.0 0.00161172 0.0 0.0 0.0 0.0 0.0 0.0]
var_name = Last measurement in raw DN for LVPS Board signal “P2.5V”
var_name = None
KeyError: (4, None) - Could not find entry for None, 49. Please check the Var_notes or variable mapping.
Matching row  18
coeffs for Last measurement in raw DN for LVPS Board signal “N2.5V”= [-33.0 0.00886447 0.0 0.0 0.0 0.0 0.0 0.0]
var_name = Last measurement in raw DN for LVPS Board signal “N2.5V”
var_name = None
KeyError: (4, None) - Could not find entry for None, 50. Please check the Var_notes or variable mapping.
Matching row  18
coeffs for Last measurement in raw DN for LVPS Board signal “Spare”= [0.0 0.00161172 0.0 0.0 0.0 0.0 0.0 0.0]
var_name = Last measurement in raw DN for LVPS Board signal “Spare”
var_name = spare_signal
KeyError: (4, 'spare_signal') - Could not find entry for spare_signal, 51. Please check the Var_notes or variable mapping.
High gain delay = 42 samples.
Mid gain delay = 7 samples.
Low gain delay = 7 samples.
High sampling trigger mode =  0 0 1
High gain trigger mode enabled.
For 2222981120, HG Trigger level = 0.15317, sample settings = 0, 0
Threshold trigger mode enabled for high gain channel.
AID = 2415277392
Event number = 63
Rice compression enabled = False
Timestamp = 439513224.48456 seconds since epoch (Midnight January 1st, 2010)
Trigger time = 2023-12-05T23:00:24.484560Z
4
4
4
4
4
4
4
4
4
4
4
4
4
{'SHCOARSE': ParsedDataItem(SHCOARSE, raw=439513399, derived=439513399, unit=dn), 'SHFINE': ParsedDataItem(SHFINE, raw=7560, derived=7560, unit=dn), 'IDX__SCI0AID': ParsedDataItem(IDX__SCI0AID, raw=2415277392, derived=2415277392, unit=None), 'IDX__SCI0TYPE': ParsedDataItem(IDX__SCI0TYPE, raw=1, derived=1, unit=None), 'IDX__SCI0CONT': ParsedDataItem(IDX__SCI0CONT, raw=127, derived=127, unit=None), 'IDX__SCI0SPARE1': ParsedDataItem(IDX__SCI0SPARE1, raw=0, derived=0, unit=None), 'IDX__SCI0PACK': ParsedDataItem(IDX__SCI0PACK, raw=1, derived=EN, unit=None), 'IDX__SCI0FRAG': ParsedDataItem(IDX__SCI0FRAG, raw=0, derived=DS, unit=None), 'IDX__SCI0COMP': ParsedDataItem(IDX__SCI0COMP, raw=0, derived=DS, unit=None), 'IDX__SCI0EVTNUM': ParsedDataItem(IDX__SCI0EVTNUM, raw=64, derived=64, unit=None), 'IDX__SCI0CAT': ParsedDataItem(IDX__SCI0CAT, raw=32, derived=32, unit=None), 'IDX__SCI0QUAL': ParsedDataItem(IDX__SCI0QUAL, raw=5, derived=5, unit=None), 'IDX__SCI0FRAGOFF': ParsedDataItem(IDX__SCI0FRAGOFF, raw=0, derived=0, unit=None), 'IDX__SCI0VER': ParsedDataItem(IDX__SCI0VER, raw=9, derived=9, unit=None), 'IDX__SCI0TIME32': ParsedDataItem(IDX__SCI0TIME32, raw=439513225, derived=439513225, unit=None), 'IDX__SCI0SPARE2': ParsedDataItem(IDX__SCI0SPARE2, raw=0, derived=0, unit=None), 'IDX__SCI0SPARE3': ParsedDataItem(IDX__SCI0SPARE3, raw=0, derived=0, unit=None), 'IDX__SCI0SPARE4': ParsedDataItem(IDX__SCI0SPARE4, raw=0, derived=0, unit=None), 'IDX__TXHDRSCIEVTLEN': ParsedDataItem(IDX__TXHDRSCIEVTLEN, raw=8320, derived=8320, unit=None), 'IDX__TXHDRSP00': ParsedDataItem(IDX__TXHDRSP00, raw=0, derived=0, unit=None), 'IDX__TXHDRTIMESEC1': ParsedDataItem(IDX__TXHDRTIMESEC1, raw=6706, derived=6706, unit=None), 'IDX__TXHDRTIMESEC2': ParsedDataItem(IDX__TXHDRTIMESEC2, raw=28809, derived=28809, unit=None), 'IDX__TXHDRTIMESUBS': ParsedDataItem(IDX__TXHDRTIMESUBS, raw=24225, derived=24225, unit=None), 'IDX__TXHDRSP01': ParsedDataItem(IDX__TXHDRSP01, raw=0, derived=0, unit=None), 'IDX__TXHDRTRIGOFFSET': ParsedDataItem(IDX__TXHDRTRIGOFFSET, raw=1, derived=1, unit=None), 'IDX__TXHDRSP02': ParsedDataItem(IDX__TXHDRSP02, raw=0, derived=0, unit=None), 'IDX__TXHDRTRIGID': ParsedDataItem(IDX__TXHDRTRIGID, raw=1, derived=1, unit=None), 'IDX__TXHDREVTNUM': ParsedDataItem(IDX__TXHDREVTNUM, raw=64, derived=64, unit=None), 'IDX__TXHDRBLOCKS': ParsedDataItem(IDX__TXHDRBLOCKS, raw=243679, derived=243679, unit=None), 'IDX__TXHDRHGTRIGCTRL1': ParsedDataItem(IDX__TXHDRHGTRIGCTRL1, raw=2222981120, derived=2222981120, unit=None), 'IDX__TXHDRHGTRIGCTRL2': ParsedDataItem(IDX__TXHDRHGTRIGCTRL2, raw=0, derived=0, unit=None), 'IDX__TXHDRLGTRIGCTRL1': ParsedDataItem(IDX__TXHDRLGTRIGCTRL1, raw=4294965248, derived=4294965248, unit=None), 'IDX__TXHDRLGTRIGCTRL2': ParsedDataItem(IDX__TXHDRLGTRIGCTRL2, raw=4278255360, derived=4278255360, unit=None), 'IDX__TXHDRMGTRIGCTRL1': ParsedDataItem(IDX__TXHDRMGTRIGCTRL1, raw=4294965248, derived=4294965248, unit=None), 'IDX__TXHDRMGTRIGCTRL2': ParsedDataItem(IDX__TXHDRMGTRIGCTRL2, raw=4278255360, derived=4278255360, unit=None), 'IDX__TXHDRSP03': ParsedDataItem(IDX__TXHDRSP03, raw=0, derived=0, unit=None), 'IDX__TXHDRLSADC': ParsedDataItem(IDX__TXHDRLSADC, raw=1048320, derived=1048320, unit=None), 'IDX__TXHDRPOLSTAT': ParsedDataItem(IDX__TXHDRPOLSTAT, raw=1, derived=NEG, unit=None), 'IDX__TXHDRSP04': ParsedDataItem(IDX__TXHDRSP04, raw=0, derived=0, unit=None), 'IDX__TXHDRPOLCTRL': ParsedDataItem(IDX__TXHDRPOLCTRL, raw=0, derived=POS, unit=None), 'IDX__TXHDRCOINENA': ParsedDataItem(IDX__TXHDRCOINENA, raw=0, derived=DIS, unit=None), 'IDX__TXHDRLSTRIGMODE': ParsedDataItem(IDX__TXHDRLSTRIGMODE, raw=0, derived=DIS, unit=None), 'IDX__TXHDRMGTRIGMODE': ParsedDataItem(IDX__TXHDRMGTRIGMODE, raw=0, derived=0, unit=None), 'IDX__TXHDRLGTRIGMODE': ParsedDataItem(IDX__TXHDRLGTRIGMODE, raw=0, derived=0, unit=None), 'IDX__TXHDRHGTRIGMODE': ParsedDataItem(IDX__TXHDRHGTRIGMODE, raw=1, derived=1, unit=None), 'IDX__TXHDRSP05': ParsedDataItem(IDX__TXHDRSP05, raw=0, derived=0, unit=None), 'IDX__TXHDRSP06': ParsedDataItem(IDX__TXHDRSP06, raw=0, derived=0, unit=None), 'IDX__TXHDRSP07': ParsedDataItem(IDX__TXHDRSP07, raw=2010, derived=2010, unit=None), 'IDX__TXHDRSP08': ParsedDataItem(IDX__TXHDRSP08, raw=0, derived=0, unit=None), 'IDX__TXHDRTOFMAX': ParsedDataItem(IDX__TXHDRTOFMAX, raw=541596238, derived=541596238, unit=None), 'IDX__TXHDRTOFMIN': ParsedDataItem(IDX__TXHDRTOFMIN, raw=535295476, derived=535295476, unit=None), 'IDX__TXHDRLS0MAXMIN': ParsedDataItem(IDX__TXHDRLS0MAXMIN, raw=8468493, derived=8468493, unit=None), 'IDX__TXHDRLS1MAXMIN': ParsedDataItem(IDX__TXHDRLS1MAXMIN, raw=8456170, derived=8456170, unit=None), 'IDX__TXHDRLS2MAXMIN': ParsedDataItem(IDX__TXHDRLS2MAXMIN, raw=9656282, derived=9656282, unit=None), 'IDX__TXHDRFIFODELAY': ParsedDataItem(IDX__TXHDRFIFODELAY, raw=16, derived=16, unit=None), 'IDX__TXHDRSAMPDELAY': ParsedDataItem(IDX__TXHDRSAMPDELAY, raw=7347238, derived=7347238, unit=None), 'IDX__TXHDRTRANSCNT': ParsedDataItem(IDX__TXHDRTRANSCNT, raw=2, derived=2, unit=None), 'IDX__TXHDRPROCHKCH01': ParsedDataItem(IDX__TXHDRPROCHKCH01, raw=83755842, derived=83755842, unit=None), 'IDX__TXHDRPROCHKCH23': ParsedDataItem(IDX__TXHDRPROCHKCH23, raw=106431715, derived=106431715, unit=None), 'IDX__TXHDRPROCHKCH45': ParsedDataItem(IDX__TXHDRPROCHKCH45, raw=168953050, derived=168953050, unit=None), 'IDX__TXHDRPROCHKCH67': ParsedDataItem(IDX__TXHDRPROCHKCH67, raw=133695768, derived=133695768, unit=None), 'IDX__TXHDRHVPSHKCH01': ParsedDataItem(IDX__TXHDRHVPSHKCH01, raw=131859799, derived=131859799, unit=None), 'IDX__TXHDRHVPSHKCH23': ParsedDataItem(IDX__TXHDRHVPSHKCH23, raw=8849070, derived=8849070, unit=None), 'IDX__TXHDRHVPSHKCH45': ParsedDataItem(IDX__TXHDRHVPSHKCH45, raw=127797210, derived=127797210, unit=None), 'IDX__TXHDRHVPSHKCH67': ParsedDataItem(IDX__TXHDRHVPSHKCH67, raw=19991183, derived=19991183, unit=None), 'IDX__TXHDRLVHK0CH01': ParsedDataItem(IDX__TXHDRLVHK0CH01, raw=134219776, derived=134219776, unit=None), 'IDX__TXHDRLVHK0CH23': ParsedDataItem(IDX__TXHDRLVHK0CH23, raw=172035001, derived=172035001, unit=None), 'IDX__TXHDRLVHK0CH45': ParsedDataItem(IDX__TXHDRLVHK0CH45, raw=134745195, derived=134745195, unit=None), 'IDX__TXHDRLVHK0CH67': ParsedDataItem(IDX__TXHDRLVHK0CH67, raw=205982803, derived=205982803, unit=None), 'IDX__TXHDRLVHK1CH01': ParsedDataItem(IDX__TXHDRLVHK1CH01, raw=33621647, derived=33621647, unit=None), 'IDX__TXHDRLVHK1CH23': ParsedDataItem(IDX__TXHDRLVHK1CH23, raw=74450379, derived=74450379, unit=None), 'IDX__TXHDRLVHK1CH45': ParsedDataItem(IDX__TXHDRLVHK1CH45, raw=214697794, derived=214697794, unit=None), 'IDX__TXHDRLVHK1CH67': ParsedDataItem(IDX__TXHDRLVHK1CH67, raw=192872901, derived=192872901, unit=None), 'IDX__TXHDRLVHK2CH01': ParsedDataItem(IDX__TXHDRLVHK2CH01, raw=81659105, derived=81659105, unit=None), 'IDX__TXHDRLVHK2CH23': ParsedDataItem(IDX__TXHDRLVHK2CH23, raw=192154335, derived=192154335, unit=None), 'IDX__TXHDRLVHK2CH45': ParsedDataItem(IDX__TXHDRLVHK2CH45, raw=101059654, derived=101059654, unit=None), 'IDX__TXHDRLVHK2CH67': ParsedDataItem(IDX__TXHDRLVHK2CH67, raw=69016, derived=69016, unit=None), 'IDX__TXHDRSP09': ParsedDataItem(IDX__TXHDRSP09, raw=0, derived=0, unit=None), 'IDX__TXHDRSP10': ParsedDataItem(IDX__TXHDRSP10, raw=0, derived=0, unit=None), 'IDX__TXHDRFSWAIDCOPY': ParsedDataItem(IDX__TXHDRFSWAIDCOPY, raw=2415277392, derived=2415277392, unit=None), 'IDX__TXHDRFSWBINCOPY': ParsedDataItem(IDX__TXHDRFSWBINCOPY, raw=0, derived=0, unit=None), 'IDX__TXHDRFSWMAJOR': ParsedDataItem(IDX__TXHDRFSWMAJOR, raw=2, derived=2, unit=None), 'IDX__TXHDRFSWMINOR': ParsedDataItem(IDX__TXHDRFSWMINOR, raw=0, derived=0, unit=None), 'IDX__TXHDRFSWPATCH': ParsedDataItem(IDX__TXHDRFSWPATCH, raw=0, derived=0, unit=None), 'IDX__TXHDRFSWHVSTAT': ParsedDataItem(IDX__TXHDRFSWHVSTAT, raw=3, derived=3, unit=None), 'IDX__TXHDRFSWMEM0': ParsedDataItem(IDX__TXHDRFSWMEM0, raw=0, derived=0, unit=None), 'IDX__TXHDRFSWMEM1': ParsedDataItem(IDX__TXHDRFSWMEM1, raw=0, derived=0, unit=None), 'IDX__TXHDRFSWPT0': ParsedDataItem(IDX__TXHDRFSWPT0, raw=0, derived=0, unit=None), 'IDX__TXHDRFSWPT1': ParsedDataItem(IDX__TXHDRFSWPT1, raw=0, derived=0, unit=None), 'IDX__TXHDRFSWPT2': ParsedDataItem(IDX__TXHDRFSWPT2, raw=0, derived=0, unit=None), 'IDX__TXHDRFSWPT3': ParsedDataItem(IDX__TXHDRFSWPT3, raw=0, derived=0, unit=None), 'IDX__TXHDRFSWPT4': ParsedDataItem(IDX__TXHDRFSWPT4, raw=0, derived=0, unit=None), 'IDX__TXHDRFSWPT5': ParsedDataItem(IDX__TXHDRFSWPT5, raw=0, derived=0, unit=None), 'IDX__TXHDRFSWPT6': ParsedDataItem(IDX__TXHDRFSWPT6, raw=0, derived=0, unit=None), 'IDX__TXHDRFSWPT7': ParsedDataItem(IDX__TXHDRFSWPT7, raw=0, derived=0, unit=None), 'IDX__TXHDRFSWPT8': ParsedDataItem(IDX__TXHDRFSWPT8, raw=0, derived=0, unit=None), 'IDX__TXHDRFSWPT9': ParsedDataItem(IDX__TXHDRFSWPT9, raw=0, derived=0, unit=None), 'IDX__TXHDRFPGAVER': ParsedDataItem(IDX__TXHDRFPGAVER, raw=539165480, derived=539165480, unit=None), 'IDX__SYNCSCI0PKT': ParsedDataItem(IDX__SYNCSCI0PKT, raw=13107, derived=13107, unit=None), 'IDX__CRCSCI0PKT': ParsedDataItem(IDX__CRCSCI0PKT, raw=25497, derived=25497, unit=None)}
SHCOARSE = 439513399
SHFINE = 7560
IDX__SCI0AID = 2415277392
IDX__SCI0TYPE = 1
IDX__SCI0CONT = 127
IDX__SCI0SPARE1 = 0
IDX__SCI0PACK = EN
IDX__SCI0FRAG = DS
IDX__SCI0COMP = DS
IDX__SCI0EVTNUM = 64
IDX__SCI0CAT = 32
IDX__SCI0QUAL = 5
IDX__SCI0FRAGOFF = 0
IDX__SCI0VER = 9
IDX__SCI0TIME32 = 439513225
IDX__SCI0SPARE2 = 0
IDX__SCI0SPARE3 = 0
IDX__SCI0SPARE4 = 0
IDX__TXHDRSCIEVTLEN = 8320
IDX__TXHDRSP00 = 0
IDX__TXHDRTIMESEC1 = 6706
IDX__TXHDRTIMESEC2 = 28809
IDX__TXHDRTIMESUBS = 24225
IDX__TXHDRSP01 = 0
IDX__TXHDRTRIGOFFSET = 1
IDX__TXHDRSP02 = 0
IDX__TXHDRTRIGID = 1
IDX__TXHDREVTNUM = 64
IDX__TXHDRBLOCKS = 243679
IDX__TXHDRHGTRIGCTRL1 = 2222981120
IDX__TXHDRHGTRIGCTRL2 = 0
IDX__TXHDRLGTRIGCTRL1 = 4294965248
IDX__TXHDRLGTRIGCTRL2 = 4278255360
IDX__TXHDRMGTRIGCTRL1 = 4294965248
IDX__TXHDRMGTRIGCTRL2 = 4278255360
IDX__TXHDRSP03 = 0
IDX__TXHDRLSADC = 1048320
IDX__TXHDRPOLSTAT = NEG
IDX__TXHDRSP04 = 0
IDX__TXHDRPOLCTRL = POS
IDX__TXHDRCOINENA = DIS
IDX__TXHDRLSTRIGMODE = DIS
IDX__TXHDRMGTRIGMODE = 0
IDX__TXHDRLGTRIGMODE = 0
IDX__TXHDRHGTRIGMODE = 1
IDX__TXHDRSP05 = 0
IDX__TXHDRSP06 = 0
IDX__TXHDRSP07 = 2010
IDX__TXHDRSP08 = 0
IDX__TXHDRTOFMAX = 541596238
IDX__TXHDRTOFMIN = 535295476
IDX__TXHDRLS0MAXMIN = 8468493
IDX__TXHDRLS1MAXMIN = 8456170
IDX__TXHDRLS2MAXMIN = 9656282
IDX__TXHDRFIFODELAY = 16
IDX__TXHDRSAMPDELAY = 7347238
IDX__TXHDRTRANSCNT = 2
IDX__TXHDRPROCHKCH01 = 83755842
IDX__TXHDRPROCHKCH23 = 106431715
IDX__TXHDRPROCHKCH45 = 168953050
IDX__TXHDRPROCHKCH67 = 133695768
IDX__TXHDRHVPSHKCH01 = 131859799
IDX__TXHDRHVPSHKCH23 = 8849070
IDX__TXHDRHVPSHKCH45 = 127797210
IDX__TXHDRHVPSHKCH67 = 19991183
IDX__TXHDRLVHK0CH01 = 134219776
IDX__TXHDRLVHK0CH23 = 172035001
IDX__TXHDRLVHK0CH45 = 134745195
IDX__TXHDRLVHK0CH67 = 205982803
IDX__TXHDRLVHK1CH01 = 33621647
IDX__TXHDRLVHK1CH23 = 74450379
IDX__TXHDRLVHK1CH45 = 214697794
IDX__TXHDRLVHK1CH67 = 192872901
IDX__TXHDRLVHK2CH01 = 81659105
IDX__TXHDRLVHK2CH23 = 192154335
IDX__TXHDRLVHK2CH45 = 101059654
IDX__TXHDRLVHK2CH67 = 69016
IDX__TXHDRSP09 = 0
IDX__TXHDRSP10 = 0
IDX__TXHDRFSWAIDCOPY = 2415277392
IDX__TXHDRFSWBINCOPY = 0
IDX__TXHDRFSWMAJOR = 2
IDX__TXHDRFSWMINOR = 0
IDX__TXHDRFSWPATCH = 0
IDX__TXHDRFSWHVSTAT = 3
IDX__TXHDRFSWMEM0 = 0
IDX__TXHDRFSWMEM1 = 0
IDX__TXHDRFSWPT0 = 0
IDX__TXHDRFSWPT1 = 0
IDX__TXHDRFSWPT2 = 0
IDX__TXHDRFSWPT3 = 0
IDX__TXHDRFSWPT4 = 0
IDX__TXHDRFSWPT5 = 0
IDX__TXHDRFSWPT6 = 0
IDX__TXHDRFSWPT7 = 0
IDX__TXHDRFSWPT8 = 0
IDX__TXHDRFSWPT9 = 0
IDX__TXHDRFPGAVER = 539165480
IDX__SYNCSCI0PKT = 13107
IDX__CRCSCI0PKT = 25497
^*****Event header 5******^
EVTNUM: 5
SCI0TYPE: 1
TXHDRBLOCKS RAW: 243679
TXHDRBLOCKS DERIVED: 243679
-----
HS pre trig sampling blocks:  31
LS pre trig sampling blocks:  3
HS post trig sampling blocks:  31
LS post trig sampling blocks:  11
IDX__TXHDRHVPSHKCH01 = 131859799
Detector voltage =  1367
Sensor voltage =  2012
Target voltage =  1710
Reflectron voltage =  135
Rejection voltage =  2010
Current for HVPS sensor =  1950
Positive current for HVPS sensor =  2703
Negative current for HVPS sensor =  305
Voltage +3.3V reference =  2048
Voltage +3.3V operational reference =  2048
Voltage -6V bus =  3001
Voltage +6V bus =  2625
Voltage +16V bus =  3179
Voltage +3.3V bus =  2056
Voltage -5V bus =  3155
Voltage +5V bus =  3143
Current +3.3V bus =  1679
Current +16V bus =  1136
Current +6V bus =  1483
Current -6V bus =  1136
Current +5V bus =  1858
Current -5V bus =  3276
Current +2.5V bus =  453
Current -2.5V bus =  2943
Current on the 1V POL =  834
Current on the 1.9V POL =  1278
ProcBd Temperature 1 =  1251
ProcBd Temperature 2 =  1624
Voltage on 1V bus =  1242
FPGA Temperature =  2578
Voltage on 1.9V bus =  2328
Voltage on 3.3V bus =  2040
var_to_row = {'Last measurement in raw DN for Processor Board signal “1V POL Current”': 0, 'Last measurement in raw DN for Processor Board signal “1.9V POL Current”': 1, 'Last measurement in raw DN for Processor Board signal “ProcBd Temp1”': 2, nan: 48, 'Last measurement in raw DN for Processor Board signal “ProcBd Temp2”': 6, 'Last measurement in raw DN for Processor Board signal “1V Voltage”': 10, 'Last measurement in raw DN for Processor Board signal “FPGA Temp”': 11, 'Last measurement in raw DN for Processor Board signal “1.9V Voltage”': 12, 'Last measurement in raw DN for Processor Board signal “3.3V Voltage”': 13, 'Last measurement in raw DN for HVPS Board signal “Detector Voltage”': 14, 'Last measurement in raw DN for HVPS Board signal “Sensor Voltage"': 15, 'Last measurement in raw DN for HVPS Board signal “Target Voltage”': 16, 'Last measurement in raw DN for HVPS Board signal “Reflectron Voltage”': 17, 'Last measurement in raw DN for HVPS Board signal “Rejection Voltage”': 18, 'Last measurement in raw DN for HVPS Board signal “Detector Current”': 19, 'Last measurement in raw DN for HVPS Board signal “Sensor IP”': 20, 'Last measurement in raw DN for HVPS Board signal “Sensor IN”': 21, 'Last measurement in raw DN for LVPS Board signal “P3.3VREF_HK”': 22, 'Last measurement in raw DN for LVPS Board signal “P3.3VREF_OP”': 23, 'Last measurement in raw DN for LVPS Board signal “N6V”': 24, 'Last measurement in raw DN for LVPS Board signal “P6V”': 25, 'Last measurement in raw DN for LVPS Board signal “P16V”': 26, 'Last measurement in raw DN for LVPS Board signal “P3.3V”': 27, 'Last measurement in raw DN for LVPS Board signal “N5V”': 28, 'Last measurement in raw DN for LVPS Board signal “P5V”': 29, 'Last measurement in raw DN for LVPS Board signal “P3.3_IMON”': 30, 'Last measurement in raw DN for LVPS Board signal “P16V_IMON”': 31, 'Last measurement in raw DN for LVPS Board signal “P6V_IMON”': 32, 'Last measurement in raw DN for LVPS Board signal “N6V_IMON”': 33, 'Last measurement in raw DN for LVPS Board signal “P5V_IMON”': 34, 'Last measurement in raw DN for LVPS Board signal “N5V_IMON”': 35, 'Last measurement in raw DN for LVPS Board signal “P2.5V_IMON”': 36, 'Last measurement in raw DN for LVPS Board signal “N2.5V_IMON”': 37, 'Last measurement in raw DN for LVPS Board signal “THERM_DECON0”': 38, 'Last measurement in raw DN for LVPS Board signal “THERM_DECON1”': 39, 'Last measurement in raw DN for LVPS Board signal “THERM_DAB”': 40, 'Last measurement in raw DN for LVPS Board signal “THERM_LVPS”': 41, 'Last measurement in raw DN for LVPS Board signal “THERM_HVPS”': 45, 'Last measurement in raw DN for LVPS Board signal “P2.5V”': 49, 'Last measurement in raw DN for LVPS Board signal “N2.5V”': 50, 'Last measurement in raw DN for LVPS Board signal “Spare”': 51}

 
 ***** var_name being converted for each instrument setting ***** 
 

Matching row  18
coeffs for Last measurement in raw DN for Processor Board signal “1V POL Current”= [0.0 0.9029253 0.0 0.0 0.0 0.0 0.0 0.0]
var_name = Last measurement in raw DN for Processor Board signal “1V POL Current”
var_name = current_1V_pol
Header info = 834
Transformed value for current_1V_pol = 753.0397002000001
Matching row  18
coeffs for Last measurement in raw DN for Processor Board signal “1.9V POL Current”= [0.0 0.9029253 0.0 0.0 0.0 0.0 0.0 0.0]
var_name = Last measurement in raw DN for Processor Board signal “1.9V POL Current”
var_name = current_1.9V_pol
Header info = 1278
Transformed value for current_1.9V_pol = 1153.9385334
Matching row  18
coeffs for Last measurement in raw DN for Processor Board signal “ProcBd Temp1”= [162.8276 -0.2668687 0.0003323794 -2.43153e-07 9.034532e-11 -1.327735e-14
 0.0 0.0]
var_name = Last measurement in raw DN for Processor Board signal “ProcBd Temp1”
var_name = temperature_1
Header info = 1251
Transformed value for temperature_1 = 53.69476080899112
Matching row  18
coeffs for nan= [-104713.9 52.02446 -0.006463374 0.0 0.0 0.0 0.0 0.0]
var_name = nan
var_name = None
KeyError: (5, None) - Could not find entry for None, 48. Please check the Var_notes or variable mapping.
Matching row  18
coeffs for Last measurement in raw DN for Processor Board signal “ProcBd Temp2”= [162.8276 -0.2668687 0.0003323794 -2.43153e-07 9.034532e-11 -1.327735e-14
 0.0 0.0]
var_name = Last measurement in raw DN for Processor Board signal “ProcBd Temp2”
var_name = temperature_2
Header info = 1624
Transformed value for temperature_2 = 43.030834589476854
Matching row  18
coeffs for Last measurement in raw DN for Processor Board signal “1V Voltage”= [0.0 0.000805861 0.0 0.0 0.0 0.0 0.0 0.0]
var_name = Last measurement in raw DN for Processor Board signal “1V Voltage”
var_name = voltage_1V_bus
Header info = 1242
Transformed value for voltage_1V_bus = 1.0008793619999998
Matching row  18
coeffs for Last measurement in raw DN for Processor Board signal “FPGA Temp”= [358.31 -0.1187104 0.0 0.0 0.0 0.0 0.0 0.0]
var_name = Last measurement in raw DN for Processor Board signal “FPGA Temp”
var_name = fpga_temperature
Header info = 2578
Transformed value for fpga_temperature = 52.274588800000004
Matching row  18
coeffs for Last measurement in raw DN for Processor Board signal “1.9V Voltage”= [0.0 0.000805861 0.0 0.0 0.0 0.0 0.0 0.0]
var_name = Last measurement in raw DN for Processor Board signal “1.9V Voltage”
var_name = voltage_1.9V_bus
Header info = 2328
Transformed value for voltage_1.9V_bus = 1.8760444079999998
Matching row  18
coeffs for Last measurement in raw DN for Processor Board signal “3.3V Voltage”= [0.0 0.001611722 0.0 0.0 0.0 0.0 0.0 0.0]
var_name = Last measurement in raw DN for Processor Board signal “3.3V Voltage”
var_name = voltage_3.3V_bus
Header info = 2040
Transformed value for voltage_3.3V_bus = 3.28791288
Matching row  18
coeffs for Last measurement in raw DN for HVPS Board signal “Detector Voltage”= [0.0 1.4652 0.0 0.0 0.0 0.0 0.0 0.0]
var_name = Last measurement in raw DN for HVPS Board signal “Detector Voltage”
var_name = detector_voltage
Header info = 1367
Transformed value for detector_voltage = 2002.9284
Matching row  18
coeffs for Last measurement in raw DN for HVPS Board signal “Sensor Voltage"= [0.0 1.4652 0.0 0.0 0.0 0.0 0.0 0.0]
var_name = Last measurement in raw DN for HVPS Board signal “Sensor Voltage"
var_name = sensor_voltage
Header info = 2012
Transformed value for sensor_voltage = 2947.9824000000003
Matching row  18
coeffs for Last measurement in raw DN for HVPS Board signal “Target Voltage”= [0.0 1.4652 0.0 0.0 0.0 0.0 0.0 0.0]
var_name = Last measurement in raw DN for HVPS Board signal “Target Voltage”
var_name = target_voltage
Header info = 1710
Transformed value for target_voltage = 2505.492
Matching row  18
coeffs for Last measurement in raw DN for HVPS Board signal “Reflectron Voltage”= [0.0 1.4652 0.0 0.0 0.0 0.0 0.0 0.0]
var_name = Last measurement in raw DN for HVPS Board signal “Reflectron Voltage”
var_name = reflectron_voltage
Header info = 135
Transformed value for reflectron_voltage = 197.80200000000002
Matching row  18
coeffs for Last measurement in raw DN for HVPS Board signal “Rejection Voltage”= [0.0 1.4652 0.0 0.0 0.0 0.0 0.0 0.0]
var_name = Last measurement in raw DN for HVPS Board signal “Rejection Voltage”
var_name = rejection_voltage
Header info = 2010
Transformed value for rejection_voltage = 2945.052
Matching row  18
coeffs for Last measurement in raw DN for HVPS Board signal “Detector Current”= [0.0 7.326e-06 0.0 0.0 0.0 0.0 0.0 0.0]
var_name = Last measurement in raw DN for HVPS Board signal “Detector Current”
var_name = current_hvps_sensor
Header info = 1950
Transformed value for current_hvps_sensor = 0.0142857
Matching row  18
coeffs for Last measurement in raw DN for HVPS Board signal “Sensor IP”= [0.0 2.4339e-05 0.0 0.0 0.0 0.0 0.0 0.0]
var_name = Last measurement in raw DN for HVPS Board signal “Sensor IP”
var_name = positive_current_hvps
Header info = 2703
Transformed value for positive_current_hvps = 0.065788317
Matching row  18
coeffs for Last measurement in raw DN for HVPS Board signal “Sensor IN”= [0.0 2.4339e-05 0.0 0.0 0.0 0.0 0.0 0.0]
var_name = Last measurement in raw DN for HVPS Board signal “Sensor IN”
var_name = negative_current_hvps
Header info = 305
Transformed value for negative_current_hvps = 0.007423394999999999
Matching row  18
coeffs for Last measurement in raw DN for LVPS Board signal “P3.3VREF_HK”= [0.0 0.00161172 0.0 0.0 0.0 0.0 0.0 0.0]
var_name = Last measurement in raw DN for LVPS Board signal “P3.3VREF_HK”
var_name = voltage_3V3_ref
Header info = 2048
Transformed value for voltage_3V3_ref = 3.30080256
Matching row  18
coeffs for Last measurement in raw DN for LVPS Board signal “P3.3VREF_OP”= [0.0 0.00161172 0.0 0.0 0.0 0.0 0.0 0.0]
var_name = Last measurement in raw DN for LVPS Board signal “P3.3VREF_OP”
var_name = voltage_3V3_op_ref
Header info = 2048
Transformed value for voltage_3V3_op_ref = 3.30080256
Matching row  18
coeffs for Last measurement in raw DN for LVPS Board signal “N6V”= [-33.0 0.00886447 0.0 0.0 0.0 0.0 0.0 0.0]
var_name = Last measurement in raw DN for LVPS Board signal “N6V”
var_name = voltage_neg6V_bus
Header info = 3001
Transformed value for voltage_neg6V_bus = -6.397725530000002
Matching row  18
coeffs for Last measurement in raw DN for LVPS Board signal “P6V”= [0.0 0.00241758 0.0 0.0 0.0 0.0 0.0 0.0]
var_name = Last measurement in raw DN for LVPS Board signal “P6V”
var_name = voltage_pos6V_bus
Header info = 2625
Transformed value for voltage_pos6V_bus = 6.3461475
Matching row  18
coeffs for Last measurement in raw DN for LVPS Board signal “P16V”= [0.0 0.00482711 0.0 0.0 0.0 0.0 0.0 0.0]
var_name = Last measurement in raw DN for LVPS Board signal “P16V”
var_name = voltage_pos16V_bus
Header info = 3179
Transformed value for voltage_pos16V_bus = 15.34538269
Matching row  18
coeffs for Last measurement in raw DN for LVPS Board signal “P3.3V”= [0.0 0.00161172 0.0 0.0 0.0 0.0 0.0 0.0]
var_name = Last measurement in raw DN for LVPS Board signal “P3.3V”
var_name = voltage_pos3V3_bus
Header info = 2056
Transformed value for voltage_pos3V3_bus = 3.31369632
Matching row  18
coeffs for Last measurement in raw DN for LVPS Board signal “N5V”= [-33.0 0.00886447 0.0 0.0 0.0 0.0 0.0 0.0]
var_name = Last measurement in raw DN for LVPS Board signal “N5V”
var_name = voltage_neg5V_bus
Header info = 3155
Transformed value for voltage_neg5V_bus = -5.032597150000001
Matching row  18
coeffs for Last measurement in raw DN for LVPS Board signal “P5V”= [0.0 0.00161172 0.0 0.0 0.0 0.0 0.0 0.0]
var_name = Last measurement in raw DN for LVPS Board signal “P5V”
var_name = voltage_pos5V_bus
Header info = 3143
Transformed value for voltage_pos5V_bus = 5.06563596
Matching row  18
coeffs for Last measurement in raw DN for LVPS Board signal “P3.3_IMON”= [0.0 0.00161172 0.0 0.0 0.0 0.0 0.0 0.0]
var_name = Last measurement in raw DN for LVPS Board signal “P3.3_IMON”
var_name = current_3V3_bus
Header info = 1679
Transformed value for current_3V3_bus = 2.70607788
Matching row  18
coeffs for Last measurement in raw DN for LVPS Board signal “P16V_IMON”= [0.0 0.000161172 0.0 0.0 0.0 0.0 0.0 0.0]
var_name = Last measurement in raw DN for LVPS Board signal “P16V_IMON”
var_name = current_16V_bus
Header info = 1136
Transformed value for current_16V_bus = 0.18309139200000002
Matching row  18
coeffs for Last measurement in raw DN for LVPS Board signal “P6V_IMON”= [0.0 8.05861e-05 0.0 0.0 0.0 0.0 0.0 0.0]
var_name = Last measurement in raw DN for LVPS Board signal “P6V_IMON”
var_name = current_6V_bus
Header info = 1483
Transformed value for current_6V_bus = 0.1195091863
Matching row  18
coeffs for Last measurement in raw DN for LVPS Board signal “N6V_IMON”= [0.0 -8.05861e-05 0.0 0.0 0.0 0.0 0.0 0.0]
var_name = Last measurement in raw DN for LVPS Board signal “N6V_IMON”
var_name = current_neg6V_bus
Header info = 1136
Transformed value for current_neg6V_bus = -0.0915458096
Matching row  18
coeffs for Last measurement in raw DN for LVPS Board signal “P5V_IMON”= [0.0 4.029304e-05 0.0 0.0 0.0 0.0 0.0 0.0]
var_name = Last measurement in raw DN for LVPS Board signal “P5V_IMON”
var_name = current_5V_bus
Header info = 1858
Transformed value for current_5V_bus = 0.07486446832
Matching row  18
coeffs for Last measurement in raw DN for LVPS Board signal “N5V_IMON”= [0.0 -2.01465e-05 0.0 0.0 0.0 0.0 0.0 0.0]
var_name = Last measurement in raw DN for LVPS Board signal “N5V_IMON”
var_name = current_neg5V_bus
Header info = 3276
Transformed value for current_neg5V_bus = -0.06599993400000001
Matching row  18
coeffs for Last measurement in raw DN for LVPS Board signal “P2.5V_IMON”= [0.0 0.00161172 0.0 0.0 0.0 0.0 0.0 0.0]
var_name = Last measurement in raw DN for LVPS Board signal “P2.5V_IMON”
var_name = current_2V5_bus
Header info = 453
Transformed value for current_2V5_bus = 0.73010916
Matching row  18
coeffs for Last measurement in raw DN for LVPS Board signal “N2.5V_IMON”= [0.0 -4.0293e-05 0.0 0.0 0.0 0.0 0.0 0.0]
var_name = Last measurement in raw DN for LVPS Board signal “N2.5V_IMON”
var_name = current_neg2V5_bus
Header info = 2943
Transformed value for current_neg2V5_bus = -0.118582299
Matching row  18
coeffs for Last measurement in raw DN for LVPS Board signal “THERM_DECON0”= [-110.293 0.0665351 0.000305738 -6.32048e-07 5.9934e-10 -2.98784e-13
 7.61361e-17 -7.76467e-21]
var_name = Last measurement in raw DN for LVPS Board signal “THERM_DECON0”
var_name = None
KeyError: (5, None) - Could not find entry for None, 38. Please check the Var_notes or variable mapping.
Matching row  18
coeffs for Last measurement in raw DN for LVPS Board signal “THERM_DECON1”= [-150.478 0.376986 -0.00062072 7.73853e-07 -5.81588e-10 2.56368e-13
 -6.05698e-17 5.96635e-21]
var_name = Last measurement in raw DN for LVPS Board signal “THERM_DECON1”
var_name = None
KeyError: (5, None) - Could not find entry for None, 39. Please check the Var_notes or variable mapping.
Matching row  18
coeffs for Last measurement in raw DN for LVPS Board signal “THERM_DAB”= [-443.248 1.31224 -0.00180422 1.40016e-06 -6.43766e-10 1.7448e-13
 -2.57695e-17 1.60239e-21]
var_name = Last measurement in raw DN for LVPS Board signal “THERM_DAB”
var_name = None
KeyError: (5, None) - Could not find entry for None, 40. Please check the Var_notes or variable mapping.
Matching row  18
coeffs for Last measurement in raw DN for LVPS Board signal “THERM_LVPS”= [200.4137 -0.2020699 0.000175403 -9.739547e-08 2.888932e-11 -3.545603e-15
 0.0 0.0]
var_name = Last measurement in raw DN for LVPS Board signal “THERM_LVPS”
var_name = None
KeyError: (5, None) - Could not find entry for None, 41. Please check the Var_notes or variable mapping.
Matching row  18
coeffs for Last measurement in raw DN for LVPS Board signal “THERM_HVPS”= [200.4137 -0.2020699 0.000175403 -9.739547e-08 2.888932e-11 -3.545603e-15
 0.0 0.0]
var_name = Last measurement in raw DN for LVPS Board signal “THERM_HVPS”
var_name = None
KeyError: (5, None) - Could not find entry for None, 45. Please check the Var_notes or variable mapping.
Matching row  18
coeffs for Last measurement in raw DN for LVPS Board signal “P2.5V”= [0.0 0.00161172 0.0 0.0 0.0 0.0 0.0 0.0]
var_name = Last measurement in raw DN for LVPS Board signal “P2.5V”
var_name = None
KeyError: (5, None) - Could not find entry for None, 49. Please check the Var_notes or variable mapping.
Matching row  18
coeffs for Last measurement in raw DN for LVPS Board signal “N2.5V”= [-33.0 0.00886447 0.0 0.0 0.0 0.0 0.0 0.0]
var_name = Last measurement in raw DN for LVPS Board signal “N2.5V”
var_name = None
KeyError: (5, None) - Could not find entry for None, 50. Please check the Var_notes or variable mapping.
Matching row  18
coeffs for Last measurement in raw DN for LVPS Board signal “Spare”= [0.0 0.00161172 0.0 0.0 0.0 0.0 0.0 0.0]
var_name = Last measurement in raw DN for LVPS Board signal “Spare”
var_name = spare_signal
KeyError: (5, 'spare_signal') - Could not find entry for spare_signal, 51. Please check the Var_notes or variable mapping.
High gain delay = 38 samples.
Mid gain delay = 7 samples.
Low gain delay = 7 samples.
High sampling trigger mode =  0 0 1
High gain trigger mode enabled.
For 2222981120, HG Trigger level = 0.15317, sample settings = 0, 0
Threshold trigger mode enabled for high gain channel.
AID = 2415277392
Event number = 64
Rice compression enabled = False
Timestamp = 439513225.4845 seconds since epoch (Midnight January 1st, 2010)
Trigger time = 2023-12-05T23:00:25.484500Z
5
5
5
5
5
5
5
5
5
5
5
5
5
{'SHCOARSE': ParsedDataItem(SHCOARSE, raw=439513414, derived=439513414, unit=dn), 'SHFINE': ParsedDataItem(SHFINE, raw=7570, derived=7570, unit=dn), 'IDX__SCI0AID': ParsedDataItem(IDX__SCI0AID, raw=2415277392, derived=2415277392, unit=None), 'IDX__SCI0TYPE': ParsedDataItem(IDX__SCI0TYPE, raw=1, derived=1, unit=None), 'IDX__SCI0CONT': ParsedDataItem(IDX__SCI0CONT, raw=127, derived=127, unit=None), 'IDX__SCI0SPARE1': ParsedDataItem(IDX__SCI0SPARE1, raw=0, derived=0, unit=None), 'IDX__SCI0PACK': ParsedDataItem(IDX__SCI0PACK, raw=1, derived=EN, unit=None), 'IDX__SCI0FRAG': ParsedDataItem(IDX__SCI0FRAG, raw=0, derived=DS, unit=None), 'IDX__SCI0COMP': ParsedDataItem(IDX__SCI0COMP, raw=0, derived=DS, unit=None), 'IDX__SCI0EVTNUM': ParsedDataItem(IDX__SCI0EVTNUM, raw=65, derived=65, unit=None), 'IDX__SCI0CAT': ParsedDataItem(IDX__SCI0CAT, raw=32, derived=32, unit=None), 'IDX__SCI0QUAL': ParsedDataItem(IDX__SCI0QUAL, raw=5, derived=5, unit=None), 'IDX__SCI0FRAGOFF': ParsedDataItem(IDX__SCI0FRAGOFF, raw=0, derived=0, unit=None), 'IDX__SCI0VER': ParsedDataItem(IDX__SCI0VER, raw=9, derived=9, unit=None), 'IDX__SCI0TIME32': ParsedDataItem(IDX__SCI0TIME32, raw=439513226, derived=439513226, unit=None), 'IDX__SCI0SPARE2': ParsedDataItem(IDX__SCI0SPARE2, raw=0, derived=0, unit=None), 'IDX__SCI0SPARE3': ParsedDataItem(IDX__SCI0SPARE3, raw=0, derived=0, unit=None), 'IDX__SCI0SPARE4': ParsedDataItem(IDX__SCI0SPARE4, raw=0, derived=0, unit=None), 'IDX__TXHDRSCIEVTLEN': ParsedDataItem(IDX__TXHDRSCIEVTLEN, raw=8320, derived=8320, unit=None), 'IDX__TXHDRSP00': ParsedDataItem(IDX__TXHDRSP00, raw=0, derived=0, unit=None), 'IDX__TXHDRTIMESEC1': ParsedDataItem(IDX__TXHDRTIMESEC1, raw=6706, derived=6706, unit=None), 'IDX__TXHDRTIMESEC2': ParsedDataItem(IDX__TXHDRTIMESEC2, raw=28810, derived=28810, unit=None), 'IDX__TXHDRTIMESUBS': ParsedDataItem(IDX__TXHDRTIMESUBS, raw=24222, derived=24222, unit=None), 'IDX__TXHDRSP01': ParsedDataItem(IDX__TXHDRSP01, raw=0, derived=0, unit=None), 'IDX__TXHDRTRIGOFFSET': ParsedDataItem(IDX__TXHDRTRIGOFFSET, raw=0, derived=0, unit=None), 'IDX__TXHDRSP02': ParsedDataItem(IDX__TXHDRSP02, raw=0, derived=0, unit=None), 'IDX__TXHDRTRIGID': ParsedDataItem(IDX__TXHDRTRIGID, raw=1, derived=1, unit=None), 'IDX__TXHDREVTNUM': ParsedDataItem(IDX__TXHDREVTNUM, raw=65, derived=65, unit=None), 'IDX__TXHDRBLOCKS': ParsedDataItem(IDX__TXHDRBLOCKS, raw=243679, derived=243679, unit=None), 'IDX__TXHDRHGTRIGCTRL1': ParsedDataItem(IDX__TXHDRHGTRIGCTRL1, raw=2222981120, derived=2222981120, unit=None), 'IDX__TXHDRHGTRIGCTRL2': ParsedDataItem(IDX__TXHDRHGTRIGCTRL2, raw=0, derived=0, unit=None), 'IDX__TXHDRLGTRIGCTRL1': ParsedDataItem(IDX__TXHDRLGTRIGCTRL1, raw=4294965248, derived=4294965248, unit=None), 'IDX__TXHDRLGTRIGCTRL2': ParsedDataItem(IDX__TXHDRLGTRIGCTRL2, raw=4278255360, derived=4278255360, unit=None), 'IDX__TXHDRMGTRIGCTRL1': ParsedDataItem(IDX__TXHDRMGTRIGCTRL1, raw=4294965248, derived=4294965248, unit=None), 'IDX__TXHDRMGTRIGCTRL2': ParsedDataItem(IDX__TXHDRMGTRIGCTRL2, raw=4278255360, derived=4278255360, unit=None), 'IDX__TXHDRSP03': ParsedDataItem(IDX__TXHDRSP03, raw=0, derived=0, unit=None), 'IDX__TXHDRLSADC': ParsedDataItem(IDX__TXHDRLSADC, raw=1048320, derived=1048320, unit=None), 'IDX__TXHDRPOLSTAT': ParsedDataItem(IDX__TXHDRPOLSTAT, raw=1, derived=NEG, unit=None), 'IDX__TXHDRSP04': ParsedDataItem(IDX__TXHDRSP04, raw=0, derived=0, unit=None), 'IDX__TXHDRPOLCTRL': ParsedDataItem(IDX__TXHDRPOLCTRL, raw=0, derived=POS, unit=None), 'IDX__TXHDRCOINENA': ParsedDataItem(IDX__TXHDRCOINENA, raw=0, derived=DIS, unit=None), 'IDX__TXHDRLSTRIGMODE': ParsedDataItem(IDX__TXHDRLSTRIGMODE, raw=0, derived=DIS, unit=None), 'IDX__TXHDRMGTRIGMODE': ParsedDataItem(IDX__TXHDRMGTRIGMODE, raw=0, derived=0, unit=None), 'IDX__TXHDRLGTRIGMODE': ParsedDataItem(IDX__TXHDRLGTRIGMODE, raw=0, derived=0, unit=None), 'IDX__TXHDRHGTRIGMODE': ParsedDataItem(IDX__TXHDRHGTRIGMODE, raw=1, derived=1, unit=None), 'IDX__TXHDRSP05': ParsedDataItem(IDX__TXHDRSP05, raw=0, derived=0, unit=None), 'IDX__TXHDRSP06': ParsedDataItem(IDX__TXHDRSP06, raw=0, derived=0, unit=None), 'IDX__TXHDRSP07': ParsedDataItem(IDX__TXHDRSP07, raw=2020, derived=2020, unit=None), 'IDX__TXHDRSP08': ParsedDataItem(IDX__TXHDRSP08, raw=0, derived=0, unit=None), 'IDX__TXHDRTOFMAX': ParsedDataItem(IDX__TXHDRTOFMAX, raw=543693461, derived=543693461, unit=None), 'IDX__TXHDRTOFMIN': ParsedDataItem(IDX__TXHDRTOFMIN, raw=535295476, derived=535295476, unit=None), 'IDX__TXHDRLS0MAXMIN': ParsedDataItem(IDX__TXHDRLS0MAXMIN, raw=8468493, derived=8468493, unit=None), 'IDX__TXHDRLS1MAXMIN': ParsedDataItem(IDX__TXHDRLS1MAXMIN, raw=8443883, derived=8443883, unit=None), 'IDX__TXHDRLS2MAXMIN': ParsedDataItem(IDX__TXHDRLS2MAXMIN, raw=8787940, derived=8787940, unit=None), 'IDX__TXHDRFIFODELAY': ParsedDataItem(IDX__TXHDRFIFODELAY, raw=17, derived=17, unit=None), 'IDX__TXHDRSAMPDELAY': ParsedDataItem(IDX__TXHDRSAMPDELAY, raw=1073740832, derived=1073740832, unit=None), 'IDX__TXHDRTRANSCNT': ParsedDataItem(IDX__TXHDRTRANSCNT, raw=8, derived=8, unit=None), 'IDX__TXHDRPROCHKCH01': ParsedDataItem(IDX__TXHDRPROCHKCH01, raw=83755841, derived=83755841, unit=None), 'IDX__TXHDRPROCHKCH23': ParsedDataItem(IDX__TXHDRPROCHKCH23, raw=106431714, derived=106431714, unit=None), 'IDX__TXHDRPROCHKCH45': ParsedDataItem(IDX__TXHDRPROCHKCH45, raw=168953050, derived=168953050, unit=None), 'IDX__TXHDRPROCHKCH67': ParsedDataItem(IDX__TXHDRPROCHKCH67, raw=133695768, derived=133695768, unit=None), 'IDX__TXHDRHVPSHKCH01': ParsedDataItem(IDX__TXHDRHVPSHKCH01, raw=131794263, derived=131794263, unit=None), 'IDX__TXHDRHVPSHKCH23': ParsedDataItem(IDX__TXHDRHVPSHKCH23, raw=8849070, derived=8849070, unit=None), 'IDX__TXHDRHVPSHKCH45': ParsedDataItem(IDX__TXHDRHVPSHKCH45, raw=127797210, derived=127797210, unit=None), 'IDX__TXHDRHVPSHKCH67': ParsedDataItem(IDX__TXHDRHVPSHKCH67, raw=19991183, derived=19991183, unit=None), 'IDX__TXHDRLVHK0CH01': ParsedDataItem(IDX__TXHDRLVHK0CH01, raw=134219776, derived=134219776, unit=None), 'IDX__TXHDRLVHK0CH23': ParsedDataItem(IDX__TXHDRLVHK0CH23, raw=172035001, derived=172035001, unit=None), 'IDX__TXHDRLVHK0CH45': ParsedDataItem(IDX__TXHDRLVHK0CH45, raw=134745195, derived=134745195, unit=None), 'IDX__TXHDRLVHK0CH67': ParsedDataItem(IDX__TXHDRLVHK0CH67, raw=205982803, derived=205982803, unit=None), 'IDX__TXHDRLVHK1CH01': ParsedDataItem(IDX__TXHDRLVHK1CH01, raw=33621646, derived=33621646, unit=None), 'IDX__TXHDRLVHK1CH23': ParsedDataItem(IDX__TXHDRLVHK1CH23, raw=74450378, derived=74450378, unit=None), 'IDX__TXHDRLVHK1CH45': ParsedDataItem(IDX__TXHDRLVHK1CH45, raw=214697794, derived=214697794, unit=None), 'IDX__TXHDRLVHK1CH67': ParsedDataItem(IDX__TXHDRLVHK1CH67, raw=192872901, derived=192872901, unit=None), 'IDX__TXHDRLVHK2CH01': ParsedDataItem(IDX__TXHDRLVHK2CH01, raw=81659105, derived=81659105, unit=None), 'IDX__TXHDRLVHK2CH23': ParsedDataItem(IDX__TXHDRLVHK2CH23, raw=192154335, derived=192154335, unit=None), 'IDX__TXHDRLVHK2CH45': ParsedDataItem(IDX__TXHDRLVHK2CH45, raw=101059654, derived=101059654, unit=None), 'IDX__TXHDRLVHK2CH67': ParsedDataItem(IDX__TXHDRLVHK2CH67, raw=69016, derived=69016, unit=None), 'IDX__TXHDRSP09': ParsedDataItem(IDX__TXHDRSP09, raw=0, derived=0, unit=None), 'IDX__TXHDRSP10': ParsedDataItem(IDX__TXHDRSP10, raw=0, derived=0, unit=None), 'IDX__TXHDRFSWAIDCOPY': ParsedDataItem(IDX__TXHDRFSWAIDCOPY, raw=2415277392, derived=2415277392, unit=None), 'IDX__TXHDRFSWBINCOPY': ParsedDataItem(IDX__TXHDRFSWBINCOPY, raw=0, derived=0, unit=None), 'IDX__TXHDRFSWMAJOR': ParsedDataItem(IDX__TXHDRFSWMAJOR, raw=2, derived=2, unit=None), 'IDX__TXHDRFSWMINOR': ParsedDataItem(IDX__TXHDRFSWMINOR, raw=0, derived=0, unit=None), 'IDX__TXHDRFSWPATCH': ParsedDataItem(IDX__TXHDRFSWPATCH, raw=0, derived=0, unit=None), 'IDX__TXHDRFSWHVSTAT': ParsedDataItem(IDX__TXHDRFSWHVSTAT, raw=3, derived=3, unit=None), 'IDX__TXHDRFSWMEM0': ParsedDataItem(IDX__TXHDRFSWMEM0, raw=0, derived=0, unit=None), 'IDX__TXHDRFSWMEM1': ParsedDataItem(IDX__TXHDRFSWMEM1, raw=0, derived=0, unit=None), 'IDX__TXHDRFSWPT0': ParsedDataItem(IDX__TXHDRFSWPT0, raw=0, derived=0, unit=None), 'IDX__TXHDRFSWPT1': ParsedDataItem(IDX__TXHDRFSWPT1, raw=0, derived=0, unit=None), 'IDX__TXHDRFSWPT2': ParsedDataItem(IDX__TXHDRFSWPT2, raw=0, derived=0, unit=None), 'IDX__TXHDRFSWPT3': ParsedDataItem(IDX__TXHDRFSWPT3, raw=0, derived=0, unit=None), 'IDX__TXHDRFSWPT4': ParsedDataItem(IDX__TXHDRFSWPT4, raw=0, derived=0, unit=None), 'IDX__TXHDRFSWPT5': ParsedDataItem(IDX__TXHDRFSWPT5, raw=0, derived=0, unit=None), 'IDX__TXHDRFSWPT6': ParsedDataItem(IDX__TXHDRFSWPT6, raw=0, derived=0, unit=None), 'IDX__TXHDRFSWPT7': ParsedDataItem(IDX__TXHDRFSWPT7, raw=0, derived=0, unit=None), 'IDX__TXHDRFSWPT8': ParsedDataItem(IDX__TXHDRFSWPT8, raw=0, derived=0, unit=None), 'IDX__TXHDRFSWPT9': ParsedDataItem(IDX__TXHDRFSWPT9, raw=0, derived=0, unit=None), 'IDX__TXHDRFPGAVER': ParsedDataItem(IDX__TXHDRFPGAVER, raw=539165480, derived=539165480, unit=None), 'IDX__SYNCSCI0PKT': ParsedDataItem(IDX__SYNCSCI0PKT, raw=13107, derived=13107, unit=None), 'IDX__CRCSCI0PKT': ParsedDataItem(IDX__CRCSCI0PKT, raw=29180, derived=29180, unit=None)}
SHCOARSE = 439513414
SHFINE = 7570
IDX__SCI0AID = 2415277392
IDX__SCI0TYPE = 1
IDX__SCI0CONT = 127
IDX__SCI0SPARE1 = 0
IDX__SCI0PACK = EN
IDX__SCI0FRAG = DS
IDX__SCI0COMP = DS
IDX__SCI0EVTNUM = 65
IDX__SCI0CAT = 32
IDX__SCI0QUAL = 5
IDX__SCI0FRAGOFF = 0
IDX__SCI0VER = 9
IDX__SCI0TIME32 = 439513226
IDX__SCI0SPARE2 = 0
IDX__SCI0SPARE3 = 0
IDX__SCI0SPARE4 = 0
IDX__TXHDRSCIEVTLEN = 8320
IDX__TXHDRSP00 = 0
IDX__TXHDRTIMESEC1 = 6706
IDX__TXHDRTIMESEC2 = 28810
IDX__TXHDRTIMESUBS = 24222
IDX__TXHDRSP01 = 0
IDX__TXHDRTRIGOFFSET = 0
IDX__TXHDRSP02 = 0
IDX__TXHDRTRIGID = 1
IDX__TXHDREVTNUM = 65
IDX__TXHDRBLOCKS = 243679
IDX__TXHDRHGTRIGCTRL1 = 2222981120
IDX__TXHDRHGTRIGCTRL2 = 0
IDX__TXHDRLGTRIGCTRL1 = 4294965248
IDX__TXHDRLGTRIGCTRL2 = 4278255360
IDX__TXHDRMGTRIGCTRL1 = 4294965248
IDX__TXHDRMGTRIGCTRL2 = 4278255360
IDX__TXHDRSP03 = 0
IDX__TXHDRLSADC = 1048320
IDX__TXHDRPOLSTAT = NEG
IDX__TXHDRSP04 = 0
IDX__TXHDRPOLCTRL = POS
IDX__TXHDRCOINENA = DIS
IDX__TXHDRLSTRIGMODE = DIS
IDX__TXHDRMGTRIGMODE = 0
IDX__TXHDRLGTRIGMODE = 0
IDX__TXHDRHGTRIGMODE = 1
IDX__TXHDRSP05 = 0
IDX__TXHDRSP06 = 0
IDX__TXHDRSP07 = 2020
IDX__TXHDRSP08 = 0
IDX__TXHDRTOFMAX = 543693461
IDX__TXHDRTOFMIN = 535295476
IDX__TXHDRLS0MAXMIN = 8468493
IDX__TXHDRLS1MAXMIN = 8443883
IDX__TXHDRLS2MAXMIN = 8787940
IDX__TXHDRFIFODELAY = 17
IDX__TXHDRSAMPDELAY = 1073740832
IDX__TXHDRTRANSCNT = 8
IDX__TXHDRPROCHKCH01 = 83755841
IDX__TXHDRPROCHKCH23 = 106431714
IDX__TXHDRPROCHKCH45 = 168953050
IDX__TXHDRPROCHKCH67 = 133695768
IDX__TXHDRHVPSHKCH01 = 131794263
IDX__TXHDRHVPSHKCH23 = 8849070
IDX__TXHDRHVPSHKCH45 = 127797210
IDX__TXHDRHVPSHKCH67 = 19991183
IDX__TXHDRLVHK0CH01 = 134219776
IDX__TXHDRLVHK0CH23 = 172035001
IDX__TXHDRLVHK0CH45 = 134745195
IDX__TXHDRLVHK0CH67 = 205982803
IDX__TXHDRLVHK1CH01 = 33621646
IDX__TXHDRLVHK1CH23 = 74450378
IDX__TXHDRLVHK1CH45 = 214697794
IDX__TXHDRLVHK1CH67 = 192872901
IDX__TXHDRLVHK2CH01 = 81659105
IDX__TXHDRLVHK2CH23 = 192154335
IDX__TXHDRLVHK2CH45 = 101059654
IDX__TXHDRLVHK2CH67 = 69016
IDX__TXHDRSP09 = 0
IDX__TXHDRSP10 = 0
IDX__TXHDRFSWAIDCOPY = 2415277392
IDX__TXHDRFSWBINCOPY = 0
IDX__TXHDRFSWMAJOR = 2
IDX__TXHDRFSWMINOR = 0
IDX__TXHDRFSWPATCH = 0
IDX__TXHDRFSWHVSTAT = 3
IDX__TXHDRFSWMEM0 = 0
IDX__TXHDRFSWMEM1 = 0
IDX__TXHDRFSWPT0 = 0
IDX__TXHDRFSWPT1 = 0
IDX__TXHDRFSWPT2 = 0
IDX__TXHDRFSWPT3 = 0
IDX__TXHDRFSWPT4 = 0
IDX__TXHDRFSWPT5 = 0
IDX__TXHDRFSWPT6 = 0
IDX__TXHDRFSWPT7 = 0
IDX__TXHDRFSWPT8 = 0
IDX__TXHDRFSWPT9 = 0
IDX__TXHDRFPGAVER = 539165480
IDX__SYNCSCI0PKT = 13107
IDX__CRCSCI0PKT = 29180
^*****Event header 6******^
EVTNUM: 6
SCI0TYPE: 1
TXHDRBLOCKS RAW: 243679
TXHDRBLOCKS DERIVED: 243679
-----
HS pre trig sampling blocks:  31
LS pre trig sampling blocks:  3
HS post trig sampling blocks:  31
LS post trig sampling blocks:  11
IDX__TXHDRHVPSHKCH01 = 131794263
Detector voltage =  1367
Sensor voltage =  2011
Target voltage =  1710
Reflectron voltage =  135
Rejection voltage =  2010
Current for HVPS sensor =  1950
Positive current for HVPS sensor =  2703
Negative current for HVPS sensor =  305
Voltage +3.3V reference =  2048
Voltage +3.3V operational reference =  2048
Voltage -6V bus =  3001
Voltage +6V bus =  2625
Voltage +16V bus =  3179
Voltage +3.3V bus =  2056
Voltage -5V bus =  3155
Voltage +5V bus =  3143
Current +3.3V bus =  1678
Current +16V bus =  1136
Current +6V bus =  1482
Current -6V bus =  1136
Current +5V bus =  1858
Current -5V bus =  3276
Current +2.5V bus =  453
Current -2.5V bus =  2943
Current on the 1V POL =  833
Current on the 1.9V POL =  1278
ProcBd Temperature 1 =  1250
ProcBd Temperature 2 =  1624
Voltage on 1V bus =  1242
FPGA Temperature =  2578
Voltage on 1.9V bus =  2328
Voltage on 3.3V bus =  2040
var_to_row = {'Last measurement in raw DN for Processor Board signal “1V POL Current”': 0, 'Last measurement in raw DN for Processor Board signal “1.9V POL Current”': 1, 'Last measurement in raw DN for Processor Board signal “ProcBd Temp1”': 2, nan: 48, 'Last measurement in raw DN for Processor Board signal “ProcBd Temp2”': 6, 'Last measurement in raw DN for Processor Board signal “1V Voltage”': 10, 'Last measurement in raw DN for Processor Board signal “FPGA Temp”': 11, 'Last measurement in raw DN for Processor Board signal “1.9V Voltage”': 12, 'Last measurement in raw DN for Processor Board signal “3.3V Voltage”': 13, 'Last measurement in raw DN for HVPS Board signal “Detector Voltage”': 14, 'Last measurement in raw DN for HVPS Board signal “Sensor Voltage"': 15, 'Last measurement in raw DN for HVPS Board signal “Target Voltage”': 16, 'Last measurement in raw DN for HVPS Board signal “Reflectron Voltage”': 17, 'Last measurement in raw DN for HVPS Board signal “Rejection Voltage”': 18, 'Last measurement in raw DN for HVPS Board signal “Detector Current”': 19, 'Last measurement in raw DN for HVPS Board signal “Sensor IP”': 20, 'Last measurement in raw DN for HVPS Board signal “Sensor IN”': 21, 'Last measurement in raw DN for LVPS Board signal “P3.3VREF_HK”': 22, 'Last measurement in raw DN for LVPS Board signal “P3.3VREF_OP”': 23, 'Last measurement in raw DN for LVPS Board signal “N6V”': 24, 'Last measurement in raw DN for LVPS Board signal “P6V”': 25, 'Last measurement in raw DN for LVPS Board signal “P16V”': 26, 'Last measurement in raw DN for LVPS Board signal “P3.3V”': 27, 'Last measurement in raw DN for LVPS Board signal “N5V”': 28, 'Last measurement in raw DN for LVPS Board signal “P5V”': 29, 'Last measurement in raw DN for LVPS Board signal “P3.3_IMON”': 30, 'Last measurement in raw DN for LVPS Board signal “P16V_IMON”': 31, 'Last measurement in raw DN for LVPS Board signal “P6V_IMON”': 32, 'Last measurement in raw DN for LVPS Board signal “N6V_IMON”': 33, 'Last measurement in raw DN for LVPS Board signal “P5V_IMON”': 34, 'Last measurement in raw DN for LVPS Board signal “N5V_IMON”': 35, 'Last measurement in raw DN for LVPS Board signal “P2.5V_IMON”': 36, 'Last measurement in raw DN for LVPS Board signal “N2.5V_IMON”': 37, 'Last measurement in raw DN for LVPS Board signal “THERM_DECON0”': 38, 'Last measurement in raw DN for LVPS Board signal “THERM_DECON1”': 39, 'Last measurement in raw DN for LVPS Board signal “THERM_DAB”': 40, 'Last measurement in raw DN for LVPS Board signal “THERM_LVPS”': 41, 'Last measurement in raw DN for LVPS Board signal “THERM_HVPS”': 45, 'Last measurement in raw DN for LVPS Board signal “P2.5V”': 49, 'Last measurement in raw DN for LVPS Board signal “N2.5V”': 50, 'Last measurement in raw DN for LVPS Board signal “Spare”': 51}

 
 ***** var_name being converted for each instrument setting ***** 
 

Matching row  18
coeffs for Last measurement in raw DN for Processor Board signal “1V POL Current”= [0.0 0.9029253 0.0 0.0 0.0 0.0 0.0 0.0]
var_name = Last measurement in raw DN for Processor Board signal “1V POL Current”
var_name = current_1V_pol
Header info = 833
Transformed value for current_1V_pol = 752.1367749000001
Matching row  18
coeffs for Last measurement in raw DN for Processor Board signal “1.9V POL Current”= [0.0 0.9029253 0.0 0.0 0.0 0.0 0.0 0.0]
var_name = Last measurement in raw DN for Processor Board signal “1.9V POL Current”
var_name = current_1.9V_pol
Header info = 1278
Transformed value for current_1.9V_pol = 1153.9385334
Matching row  18
coeffs for Last measurement in raw DN for Processor Board signal “ProcBd Temp1”= [162.8276 -0.2668687 0.0003323794 -2.43153e-07 9.034532e-11 -1.327735e-14
 0.0 0.0]
var_name = Last measurement in raw DN for Processor Board signal “ProcBd Temp1”
var_name = temperature_1
Header info = 1250
Transformed value for temperature_1 = 53.72670668945321
Matching row  18
coeffs for nan= [-104713.9 52.02446 -0.006463374 0.0 0.0 0.0 0.0 0.0]
var_name = nan
var_name = None
KeyError: (6, None) - Could not find entry for None, 48. Please check the Var_notes or variable mapping.
Matching row  18
coeffs for Last measurement in raw DN for Processor Board signal “ProcBd Temp2”= [162.8276 -0.2668687 0.0003323794 -2.43153e-07 9.034532e-11 -1.327735e-14
 0.0 0.0]
var_name = Last measurement in raw DN for Processor Board signal “ProcBd Temp2”
var_name = temperature_2
Header info = 1624
Transformed value for temperature_2 = 43.030834589476854
Matching row  18
coeffs for Last measurement in raw DN for Processor Board signal “1V Voltage”= [0.0 0.000805861 0.0 0.0 0.0 0.0 0.0 0.0]
var_name = Last measurement in raw DN for Processor Board signal “1V Voltage”
var_name = voltage_1V_bus
Header info = 1242
Transformed value for voltage_1V_bus = 1.0008793619999998
Matching row  18
coeffs for Last measurement in raw DN for Processor Board signal “FPGA Temp”= [358.31 -0.1187104 0.0 0.0 0.0 0.0 0.0 0.0]
var_name = Last measurement in raw DN for Processor Board signal “FPGA Temp”
var_name = fpga_temperature
Header info = 2578
Transformed value for fpga_temperature = 52.274588800000004
Matching row  18
coeffs for Last measurement in raw DN for Processor Board signal “1.9V Voltage”= [0.0 0.000805861 0.0 0.0 0.0 0.0 0.0 0.0]
var_name = Last measurement in raw DN for Processor Board signal “1.9V Voltage”
var_name = voltage_1.9V_bus
Header info = 2328
Transformed value for voltage_1.9V_bus = 1.8760444079999998
Matching row  18
coeffs for Last measurement in raw DN for Processor Board signal “3.3V Voltage”= [0.0 0.001611722 0.0 0.0 0.0 0.0 0.0 0.0]
var_name = Last measurement in raw DN for Processor Board signal “3.3V Voltage”
var_name = voltage_3.3V_bus
Header info = 2040
Transformed value for voltage_3.3V_bus = 3.28791288
Matching row  18
coeffs for Last measurement in raw DN for HVPS Board signal “Detector Voltage”= [0.0 1.4652 0.0 0.0 0.0 0.0 0.0 0.0]
var_name = Last measurement in raw DN for HVPS Board signal “Detector Voltage”
var_name = detector_voltage
Header info = 1367
Transformed value for detector_voltage = 2002.9284
Matching row  18
coeffs for Last measurement in raw DN for HVPS Board signal “Sensor Voltage"= [0.0 1.4652 0.0 0.0 0.0 0.0 0.0 0.0]
var_name = Last measurement in raw DN for HVPS Board signal “Sensor Voltage"
var_name = sensor_voltage
Header info = 2011
Transformed value for sensor_voltage = 2946.5172000000002
Matching row  18
coeffs for Last measurement in raw DN for HVPS Board signal “Target Voltage”= [0.0 1.4652 0.0 0.0 0.0 0.0 0.0 0.0]
var_name = Last measurement in raw DN for HVPS Board signal “Target Voltage”
var_name = target_voltage
Header info = 1710
Transformed value for target_voltage = 2505.492
Matching row  18
coeffs for Last measurement in raw DN for HVPS Board signal “Reflectron Voltage”= [0.0 1.4652 0.0 0.0 0.0 0.0 0.0 0.0]
var_name = Last measurement in raw DN for HVPS Board signal “Reflectron Voltage”
var_name = reflectron_voltage
Header info = 135
Transformed value for reflectron_voltage = 197.80200000000002
Matching row  18
coeffs for Last measurement in raw DN for HVPS Board signal “Rejection Voltage”= [0.0 1.4652 0.0 0.0 0.0 0.0 0.0 0.0]
var_name = Last measurement in raw DN for HVPS Board signal “Rejection Voltage”
var_name = rejection_voltage
Header info = 2010
Transformed value for rejection_voltage = 2945.052
Matching row  18
coeffs for Last measurement in raw DN for HVPS Board signal “Detector Current”= [0.0 7.326e-06 0.0 0.0 0.0 0.0 0.0 0.0]
var_name = Last measurement in raw DN for HVPS Board signal “Detector Current”
var_name = current_hvps_sensor
Header info = 1950
Transformed value for current_hvps_sensor = 0.0142857
Matching row  18
coeffs for Last measurement in raw DN for HVPS Board signal “Sensor IP”= [0.0 2.4339e-05 0.0 0.0 0.0 0.0 0.0 0.0]
var_name = Last measurement in raw DN for HVPS Board signal “Sensor IP”
var_name = positive_current_hvps
Header info = 2703
Transformed value for positive_current_hvps = 0.065788317
Matching row  18
coeffs for Last measurement in raw DN for HVPS Board signal “Sensor IN”= [0.0 2.4339e-05 0.0 0.0 0.0 0.0 0.0 0.0]
var_name = Last measurement in raw DN for HVPS Board signal “Sensor IN”
var_name = negative_current_hvps
Header info = 305
Transformed value for negative_current_hvps = 0.007423394999999999
Matching row  18
coeffs for Last measurement in raw DN for LVPS Board signal “P3.3VREF_HK”= [0.0 0.00161172 0.0 0.0 0.0 0.0 0.0 0.0]
var_name = Last measurement in raw DN for LVPS Board signal “P3.3VREF_HK”
var_name = voltage_3V3_ref
Header info = 2048
Transformed value for voltage_3V3_ref = 3.30080256
Matching row  18
coeffs for Last measurement in raw DN for LVPS Board signal “P3.3VREF_OP”= [0.0 0.00161172 0.0 0.0 0.0 0.0 0.0 0.0]
var_name = Last measurement in raw DN for LVPS Board signal “P3.3VREF_OP”
var_name = voltage_3V3_op_ref
Header info = 2048
Transformed value for voltage_3V3_op_ref = 3.30080256
Matching row  18
coeffs for Last measurement in raw DN for LVPS Board signal “N6V”= [-33.0 0.00886447 0.0 0.0 0.0 0.0 0.0 0.0]
var_name = Last measurement in raw DN for LVPS Board signal “N6V”
var_name = voltage_neg6V_bus
Header info = 3001
Transformed value for voltage_neg6V_bus = -6.397725530000002
Matching row  18
coeffs for Last measurement in raw DN for LVPS Board signal “P6V”= [0.0 0.00241758 0.0 0.0 0.0 0.0 0.0 0.0]
var_name = Last measurement in raw DN for LVPS Board signal “P6V”
var_name = voltage_pos6V_bus
Header info = 2625
Transformed value for voltage_pos6V_bus = 6.3461475
Matching row  18
coeffs for Last measurement in raw DN for LVPS Board signal “P16V”= [0.0 0.00482711 0.0 0.0 0.0 0.0 0.0 0.0]
var_name = Last measurement in raw DN for LVPS Board signal “P16V”
var_name = voltage_pos16V_bus
Header info = 3179
Transformed value for voltage_pos16V_bus = 15.34538269
Matching row  18
coeffs for Last measurement in raw DN for LVPS Board signal “P3.3V”= [0.0 0.00161172 0.0 0.0 0.0 0.0 0.0 0.0]
var_name = Last measurement in raw DN for LVPS Board signal “P3.3V”
var_name = voltage_pos3V3_bus
Header info = 2056
Transformed value for voltage_pos3V3_bus = 3.31369632
Matching row  18
coeffs for Last measurement in raw DN for LVPS Board signal “N5V”= [-33.0 0.00886447 0.0 0.0 0.0 0.0 0.0 0.0]
var_name = Last measurement in raw DN for LVPS Board signal “N5V”
var_name = voltage_neg5V_bus
Header info = 3155
Transformed value for voltage_neg5V_bus = -5.032597150000001
Matching row  18
coeffs for Last measurement in raw DN for LVPS Board signal “P5V”= [0.0 0.00161172 0.0 0.0 0.0 0.0 0.0 0.0]
var_name = Last measurement in raw DN for LVPS Board signal “P5V”
var_name = voltage_pos5V_bus
Header info = 3143
Transformed value for voltage_pos5V_bus = 5.06563596
Matching row  18
coeffs for Last measurement in raw DN for LVPS Board signal “P3.3_IMON”= [0.0 0.00161172 0.0 0.0 0.0 0.0 0.0 0.0]
var_name = Last measurement in raw DN for LVPS Board signal “P3.3_IMON”
var_name = current_3V3_bus
Header info = 1678
Transformed value for current_3V3_bus = 2.70446616
Matching row  18
coeffs for Last measurement in raw DN for LVPS Board signal “P16V_IMON”= [0.0 0.000161172 0.0 0.0 0.0 0.0 0.0 0.0]
var_name = Last measurement in raw DN for LVPS Board signal “P16V_IMON”
var_name = current_16V_bus
Header info = 1136
Transformed value for current_16V_bus = 0.18309139200000002
Matching row  18
coeffs for Last measurement in raw DN for LVPS Board signal “P6V_IMON”= [0.0 8.05861e-05 0.0 0.0 0.0 0.0 0.0 0.0]
var_name = Last measurement in raw DN for LVPS Board signal “P6V_IMON”
var_name = current_6V_bus
Header info = 1482
Transformed value for current_6V_bus = 0.1194286002
Matching row  18
coeffs for Last measurement in raw DN for LVPS Board signal “N6V_IMON”= [0.0 -8.05861e-05 0.0 0.0 0.0 0.0 0.0 0.0]
var_name = Last measurement in raw DN for LVPS Board signal “N6V_IMON”
var_name = current_neg6V_bus
Header info = 1136
Transformed value for current_neg6V_bus = -0.0915458096
Matching row  18
coeffs for Last measurement in raw DN for LVPS Board signal “P5V_IMON”= [0.0 4.029304e-05 0.0 0.0 0.0 0.0 0.0 0.0]
var_name = Last measurement in raw DN for LVPS Board signal “P5V_IMON”
var_name = current_5V_bus
Header info = 1858
Transformed value for current_5V_bus = 0.07486446832
Matching row  18
coeffs for Last measurement in raw DN for LVPS Board signal “N5V_IMON”= [0.0 -2.01465e-05 0.0 0.0 0.0 0.0 0.0 0.0]
var_name = Last measurement in raw DN for LVPS Board signal “N5V_IMON”
var_name = current_neg5V_bus
Header info = 3276
Transformed value for current_neg5V_bus = -0.06599993400000001
Matching row  18
coeffs for Last measurement in raw DN for LVPS Board signal “P2.5V_IMON”= [0.0 0.00161172 0.0 0.0 0.0 0.0 0.0 0.0]
var_name = Last measurement in raw DN for LVPS Board signal “P2.5V_IMON”
var_name = current_2V5_bus
Header info = 453
Transformed value for current_2V5_bus = 0.73010916
Matching row  18
coeffs for Last measurement in raw DN for LVPS Board signal “N2.5V_IMON”= [0.0 -4.0293e-05 0.0 0.0 0.0 0.0 0.0 0.0]
var_name = Last measurement in raw DN for LVPS Board signal “N2.5V_IMON”
var_name = current_neg2V5_bus
Header info = 2943
Transformed value for current_neg2V5_bus = -0.118582299
Matching row  18
coeffs for Last measurement in raw DN for LVPS Board signal “THERM_DECON0”= [-110.293 0.0665351 0.000305738 -6.32048e-07 5.9934e-10 -2.98784e-13
 7.61361e-17 -7.76467e-21]
var_name = Last measurement in raw DN for LVPS Board signal “THERM_DECON0”
var_name = None
KeyError: (6, None) - Could not find entry for None, 38. Please check the Var_notes or variable mapping.
Matching row  18
coeffs for Last measurement in raw DN for LVPS Board signal “THERM_DECON1”= [-150.478 0.376986 -0.00062072 7.73853e-07 -5.81588e-10 2.56368e-13
 -6.05698e-17 5.96635e-21]
var_name = Last measurement in raw DN for LVPS Board signal “THERM_DECON1”
var_name = None
KeyError: (6, None) - Could not find entry for None, 39. Please check the Var_notes or variable mapping.
Matching row  18
coeffs for Last measurement in raw DN for LVPS Board signal “THERM_DAB”= [-443.248 1.31224 -0.00180422 1.40016e-06 -6.43766e-10 1.7448e-13
 -2.57695e-17 1.60239e-21]
var_name = Last measurement in raw DN for LVPS Board signal “THERM_DAB”
var_name = None
KeyError: (6, None) - Could not find entry for None, 40. Please check the Var_notes or variable mapping.
Matching row  18
coeffs for Last measurement in raw DN for LVPS Board signal “THERM_LVPS”= [200.4137 -0.2020699 0.000175403 -9.739547e-08 2.888932e-11 -3.545603e-15
 0.0 0.0]
var_name = Last measurement in raw DN for LVPS Board signal “THERM_LVPS”
var_name = None
KeyError: (6, None) - Could not find entry for None, 41. Please check the Var_notes or variable mapping.
Matching row  18
coeffs for Last measurement in raw DN for LVPS Board signal “THERM_HVPS”= [200.4137 -0.2020699 0.000175403 -9.739547e-08 2.888932e-11 -3.545603e-15
 0.0 0.0]
var_name = Last measurement in raw DN for LVPS Board signal “THERM_HVPS”
var_name = None
KeyError: (6, None) - Could not find entry for None, 45. Please check the Var_notes or variable mapping.
Matching row  18
coeffs for Last measurement in raw DN for LVPS Board signal “P2.5V”= [0.0 0.00161172 0.0 0.0 0.0 0.0 0.0 0.0]
var_name = Last measurement in raw DN for LVPS Board signal “P2.5V”
var_name = None
KeyError: (6, None) - Could not find entry for None, 49. Please check the Var_notes or variable mapping.
Matching row  18
coeffs for Last measurement in raw DN for LVPS Board signal “N2.5V”= [-33.0 0.00886447 0.0 0.0 0.0 0.0 0.0 0.0]
var_name = Last measurement in raw DN for LVPS Board signal “N2.5V”
var_name = None
KeyError: (6, None) - Could not find entry for None, 50. Please check the Var_notes or variable mapping.
Matching row  18
coeffs for Last measurement in raw DN for LVPS Board signal “Spare”= [0.0 0.00161172 0.0 0.0 0.0 0.0 0.0 0.0]
var_name = Last measurement in raw DN for LVPS Board signal “Spare”
var_name = spare_signal
KeyError: (6, 'spare_signal') - Could not find entry for spare_signal, 51. Please check the Var_notes or variable mapping.
High gain delay = 32 samples.
Mid gain delay = 1023 samples.
Low gain delay = 1023 samples.
High sampling trigger mode =  0 0 1
High gain trigger mode enabled.
For 2222981120, HG Trigger level = 0.15317, sample settings = 0, 0
Threshold trigger mode enabled for high gain channel.
AID = 2415277392
Event number = 65
Rice compression enabled = False
Timestamp = 439513226.48444 seconds since epoch (Midnight January 1st, 2010)
Trigger time = 2023-12-05T23:00:26.484440Z
6
6
6
6
6
6
6
6
6
6
6
6
6
{'SHCOARSE': ParsedDataItem(SHCOARSE, raw=439513427, derived=439513427, unit=dn), 'SHFINE': ParsedDataItem(SHFINE, raw=7579, derived=7579, unit=dn), 'IDX__SCI0AID': ParsedDataItem(IDX__SCI0AID, raw=2415277392, derived=2415277392, unit=None), 'IDX__SCI0TYPE': ParsedDataItem(IDX__SCI0TYPE, raw=1, derived=1, unit=None), 'IDX__SCI0CONT': ParsedDataItem(IDX__SCI0CONT, raw=127, derived=127, unit=None), 'IDX__SCI0SPARE1': ParsedDataItem(IDX__SCI0SPARE1, raw=0, derived=0, unit=None), 'IDX__SCI0PACK': ParsedDataItem(IDX__SCI0PACK, raw=1, derived=EN, unit=None), 'IDX__SCI0FRAG': ParsedDataItem(IDX__SCI0FRAG, raw=0, derived=DS, unit=None), 'IDX__SCI0COMP': ParsedDataItem(IDX__SCI0COMP, raw=0, derived=DS, unit=None), 'IDX__SCI0EVTNUM': ParsedDataItem(IDX__SCI0EVTNUM, raw=66, derived=66, unit=None), 'IDX__SCI0CAT': ParsedDataItem(IDX__SCI0CAT, raw=32, derived=32, unit=None), 'IDX__SCI0QUAL': ParsedDataItem(IDX__SCI0QUAL, raw=5, derived=5, unit=None), 'IDX__SCI0FRAGOFF': ParsedDataItem(IDX__SCI0FRAGOFF, raw=0, derived=0, unit=None), 'IDX__SCI0VER': ParsedDataItem(IDX__SCI0VER, raw=9, derived=9, unit=None), 'IDX__SCI0TIME32': ParsedDataItem(IDX__SCI0TIME32, raw=439513227, derived=439513227, unit=None), 'IDX__SCI0SPARE2': ParsedDataItem(IDX__SCI0SPARE2, raw=0, derived=0, unit=None), 'IDX__SCI0SPARE3': ParsedDataItem(IDX__SCI0SPARE3, raw=0, derived=0, unit=None), 'IDX__SCI0SPARE4': ParsedDataItem(IDX__SCI0SPARE4, raw=0, derived=0, unit=None), 'IDX__TXHDRSCIEVTLEN': ParsedDataItem(IDX__TXHDRSCIEVTLEN, raw=8320, derived=8320, unit=None), 'IDX__TXHDRSP00': ParsedDataItem(IDX__TXHDRSP00, raw=0, derived=0, unit=None), 'IDX__TXHDRTIMESEC1': ParsedDataItem(IDX__TXHDRTIMESEC1, raw=6706, derived=6706, unit=None), 'IDX__TXHDRTIMESEC2': ParsedDataItem(IDX__TXHDRTIMESEC2, raw=28811, derived=28811, unit=None), 'IDX__TXHDRTIMESUBS': ParsedDataItem(IDX__TXHDRTIMESUBS, raw=24219, derived=24219, unit=None), 'IDX__TXHDRSP01': ParsedDataItem(IDX__TXHDRSP01, raw=0, derived=0, unit=None), 'IDX__TXHDRTRIGOFFSET': ParsedDataItem(IDX__TXHDRTRIGOFFSET, raw=6, derived=6, unit=None), 'IDX__TXHDRSP02': ParsedDataItem(IDX__TXHDRSP02, raw=0, derived=0, unit=None), 'IDX__TXHDRTRIGID': ParsedDataItem(IDX__TXHDRTRIGID, raw=1, derived=1, unit=None), 'IDX__TXHDREVTNUM': ParsedDataItem(IDX__TXHDREVTNUM, raw=66, derived=66, unit=None), 'IDX__TXHDRBLOCKS': ParsedDataItem(IDX__TXHDRBLOCKS, raw=243679, derived=243679, unit=None), 'IDX__TXHDRHGTRIGCTRL1': ParsedDataItem(IDX__TXHDRHGTRIGCTRL1, raw=2222981120, derived=2222981120, unit=None), 'IDX__TXHDRHGTRIGCTRL2': ParsedDataItem(IDX__TXHDRHGTRIGCTRL2, raw=0, derived=0, unit=None), 'IDX__TXHDRLGTRIGCTRL1': ParsedDataItem(IDX__TXHDRLGTRIGCTRL1, raw=4294965248, derived=4294965248, unit=None), 'IDX__TXHDRLGTRIGCTRL2': ParsedDataItem(IDX__TXHDRLGTRIGCTRL2, raw=4278255360, derived=4278255360, unit=None), 'IDX__TXHDRMGTRIGCTRL1': ParsedDataItem(IDX__TXHDRMGTRIGCTRL1, raw=4294965248, derived=4294965248, unit=None), 'IDX__TXHDRMGTRIGCTRL2': ParsedDataItem(IDX__TXHDRMGTRIGCTRL2, raw=4278255360, derived=4278255360, unit=None), 'IDX__TXHDRSP03': ParsedDataItem(IDX__TXHDRSP03, raw=0, derived=0, unit=None), 'IDX__TXHDRLSADC': ParsedDataItem(IDX__TXHDRLSADC, raw=1048320, derived=1048320, unit=None), 'IDX__TXHDRPOLSTAT': ParsedDataItem(IDX__TXHDRPOLSTAT, raw=1, derived=NEG, unit=None), 'IDX__TXHDRSP04': ParsedDataItem(IDX__TXHDRSP04, raw=0, derived=0, unit=None), 'IDX__TXHDRPOLCTRL': ParsedDataItem(IDX__TXHDRPOLCTRL, raw=0, derived=POS, unit=None), 'IDX__TXHDRCOINENA': ParsedDataItem(IDX__TXHDRCOINENA, raw=0, derived=DIS, unit=None), 'IDX__TXHDRLSTRIGMODE': ParsedDataItem(IDX__TXHDRLSTRIGMODE, raw=0, derived=DIS, unit=None), 'IDX__TXHDRMGTRIGMODE': ParsedDataItem(IDX__TXHDRMGTRIGMODE, raw=0, derived=0, unit=None), 'IDX__TXHDRLGTRIGMODE': ParsedDataItem(IDX__TXHDRLGTRIGMODE, raw=0, derived=0, unit=None), 'IDX__TXHDRHGTRIGMODE': ParsedDataItem(IDX__TXHDRHGTRIGMODE, raw=1, derived=1, unit=None), 'IDX__TXHDRSP05': ParsedDataItem(IDX__TXHDRSP05, raw=0, derived=0, unit=None), 'IDX__TXHDRSP06': ParsedDataItem(IDX__TXHDRSP06, raw=0, derived=0, unit=None), 'IDX__TXHDRSP07': ParsedDataItem(IDX__TXHDRSP07, raw=2017, derived=2017, unit=None), 'IDX__TXHDRSP08': ParsedDataItem(IDX__TXHDRSP08, raw=0, derived=0, unit=None), 'IDX__TXHDRTOFMAX': ParsedDataItem(IDX__TXHDRTOFMAX, raw=542644865, derived=542644865, unit=None), 'IDX__TXHDRTOFMIN': ParsedDataItem(IDX__TXHDRTOFMIN, raw=535295477, derived=535295477, unit=None), 'IDX__TXHDRLS0MAXMIN': ParsedDataItem(IDX__TXHDRLS0MAXMIN, raw=8464397, derived=8464397, unit=None), 'IDX__TXHDRLS1MAXMIN': ParsedDataItem(IDX__TXHDRLS1MAXMIN, raw=8447977, derived=8447977, unit=None), 'IDX__TXHDRLS2MAXMIN': ParsedDataItem(IDX__TXHDRLS2MAXMIN, raw=8755169, derived=8755169, unit=None), 'IDX__TXHDRFIFODELAY': ParsedDataItem(IDX__TXHDRFIFODELAY, raw=16, derived=16, unit=None), 'IDX__TXHDRSAMPDELAY': ParsedDataItem(IDX__TXHDRSAMPDELAY, raw=49331279, derived=49331279, unit=None), 'IDX__TXHDRTRANSCNT': ParsedDataItem(IDX__TXHDRTRANSCNT, raw=2, derived=2, unit=None), 'IDX__TXHDRPROCHKCH01': ParsedDataItem(IDX__TXHDRPROCHKCH01, raw=83690304, derived=83690304, unit=None), 'IDX__TXHDRPROCHKCH23': ParsedDataItem(IDX__TXHDRPROCHKCH23, raw=106431715, derived=106431715, unit=None), 'IDX__TXHDRPROCHKCH45': ParsedDataItem(IDX__TXHDRPROCHKCH45, raw=168953050, derived=168953050, unit=None), 'IDX__TXHDRPROCHKCH67': ParsedDataItem(IDX__TXHDRPROCHKCH67, raw=133695768, derived=133695768, unit=None), 'IDX__TXHDRHVPSHKCH01': ParsedDataItem(IDX__TXHDRHVPSHKCH01, raw=131794263, derived=131794263, unit=None), 'IDX__TXHDRHVPSHKCH23': ParsedDataItem(IDX__TXHDRHVPSHKCH23, raw=8849070, derived=8849070, unit=None), 'IDX__TXHDRHVPSHKCH45': ParsedDataItem(IDX__TXHDRHVPSHKCH45, raw=127731674, derived=127731674, unit=None), 'IDX__TXHDRHVPSHKCH67': ParsedDataItem(IDX__TXHDRHVPSHKCH67, raw=19991183, derived=19991183, unit=None), 'IDX__TXHDRLVHK0CH01': ParsedDataItem(IDX__TXHDRLVHK0CH01, raw=134219776, derived=134219776, unit=None), 'IDX__TXHDRLVHK0CH23': ParsedDataItem(IDX__TXHDRLVHK0CH23, raw=171969465, derived=171969465, unit=None), 'IDX__TXHDRLVHK0CH45': ParsedDataItem(IDX__TXHDRLVHK0CH45, raw=134745195, derived=134745195, unit=None), 'IDX__TXHDRLVHK0CH67': ParsedDataItem(IDX__TXHDRLVHK0CH67, raw=205982803, derived=205982803, unit=None), 'IDX__TXHDRLVHK1CH01': ParsedDataItem(IDX__TXHDRLVHK1CH01, raw=33621646, derived=33621646, unit=None), 'IDX__TXHDRLVHK1CH23': ParsedDataItem(IDX__TXHDRLVHK1CH23, raw=74450378, derived=74450378, unit=None), 'IDX__TXHDRLVHK1CH45': ParsedDataItem(IDX__TXHDRLVHK1CH45, raw=214697794, derived=214697794, unit=None), 'IDX__TXHDRLVHK1CH67': ParsedDataItem(IDX__TXHDRLVHK1CH67, raw=192872901, derived=192872901, unit=None), 'IDX__TXHDRLVHK2CH01': ParsedDataItem(IDX__TXHDRLVHK2CH01, raw=81659105, derived=81659105, unit=None), 'IDX__TXHDRLVHK2CH23': ParsedDataItem(IDX__TXHDRLVHK2CH23, raw=192154335, derived=192154335, unit=None), 'IDX__TXHDRLVHK2CH45': ParsedDataItem(IDX__TXHDRLVHK2CH45, raw=101059654, derived=101059654, unit=None), 'IDX__TXHDRLVHK2CH67': ParsedDataItem(IDX__TXHDRLVHK2CH67, raw=69016, derived=69016, unit=None), 'IDX__TXHDRSP09': ParsedDataItem(IDX__TXHDRSP09, raw=0, derived=0, unit=None), 'IDX__TXHDRSP10': ParsedDataItem(IDX__TXHDRSP10, raw=0, derived=0, unit=None), 'IDX__TXHDRFSWAIDCOPY': ParsedDataItem(IDX__TXHDRFSWAIDCOPY, raw=2415277392, derived=2415277392, unit=None), 'IDX__TXHDRFSWBINCOPY': ParsedDataItem(IDX__TXHDRFSWBINCOPY, raw=0, derived=0, unit=None), 'IDX__TXHDRFSWMAJOR': ParsedDataItem(IDX__TXHDRFSWMAJOR, raw=2, derived=2, unit=None), 'IDX__TXHDRFSWMINOR': ParsedDataItem(IDX__TXHDRFSWMINOR, raw=0, derived=0, unit=None), 'IDX__TXHDRFSWPATCH': ParsedDataItem(IDX__TXHDRFSWPATCH, raw=0, derived=0, unit=None), 'IDX__TXHDRFSWHVSTAT': ParsedDataItem(IDX__TXHDRFSWHVSTAT, raw=3, derived=3, unit=None), 'IDX__TXHDRFSWMEM0': ParsedDataItem(IDX__TXHDRFSWMEM0, raw=0, derived=0, unit=None), 'IDX__TXHDRFSWMEM1': ParsedDataItem(IDX__TXHDRFSWMEM1, raw=0, derived=0, unit=None), 'IDX__TXHDRFSWPT0': ParsedDataItem(IDX__TXHDRFSWPT0, raw=0, derived=0, unit=None), 'IDX__TXHDRFSWPT1': ParsedDataItem(IDX__TXHDRFSWPT1, raw=0, derived=0, unit=None), 'IDX__TXHDRFSWPT2': ParsedDataItem(IDX__TXHDRFSWPT2, raw=0, derived=0, unit=None), 'IDX__TXHDRFSWPT3': ParsedDataItem(IDX__TXHDRFSWPT3, raw=0, derived=0, unit=None), 'IDX__TXHDRFSWPT4': ParsedDataItem(IDX__TXHDRFSWPT4, raw=0, derived=0, unit=None), 'IDX__TXHDRFSWPT5': ParsedDataItem(IDX__TXHDRFSWPT5, raw=0, derived=0, unit=None), 'IDX__TXHDRFSWPT6': ParsedDataItem(IDX__TXHDRFSWPT6, raw=0, derived=0, unit=None), 'IDX__TXHDRFSWPT7': ParsedDataItem(IDX__TXHDRFSWPT7, raw=0, derived=0, unit=None), 'IDX__TXHDRFSWPT8': ParsedDataItem(IDX__TXHDRFSWPT8, raw=0, derived=0, unit=None), 'IDX__TXHDRFSWPT9': ParsedDataItem(IDX__TXHDRFSWPT9, raw=0, derived=0, unit=None), 'IDX__TXHDRFPGAVER': ParsedDataItem(IDX__TXHDRFPGAVER, raw=539165480, derived=539165480, unit=None), 'IDX__SYNCSCI0PKT': ParsedDataItem(IDX__SYNCSCI0PKT, raw=13107, derived=13107, unit=None), 'IDX__CRCSCI0PKT': ParsedDataItem(IDX__CRCSCI0PKT, raw=43121, derived=43121, unit=None)}
SHCOARSE = 439513427
SHFINE = 7579
IDX__SCI0AID = 2415277392
IDX__SCI0TYPE = 1
IDX__SCI0CONT = 127
IDX__SCI0SPARE1 = 0
IDX__SCI0PACK = EN
IDX__SCI0FRAG = DS
IDX__SCI0COMP = DS
IDX__SCI0EVTNUM = 66
IDX__SCI0CAT = 32
IDX__SCI0QUAL = 5
IDX__SCI0FRAGOFF = 0
IDX__SCI0VER = 9
IDX__SCI0TIME32 = 439513227
IDX__SCI0SPARE2 = 0
IDX__SCI0SPARE3 = 0
IDX__SCI0SPARE4 = 0
IDX__TXHDRSCIEVTLEN = 8320
IDX__TXHDRSP00 = 0
IDX__TXHDRTIMESEC1 = 6706
IDX__TXHDRTIMESEC2 = 28811
IDX__TXHDRTIMESUBS = 24219
IDX__TXHDRSP01 = 0
IDX__TXHDRTRIGOFFSET = 6
IDX__TXHDRSP02 = 0
IDX__TXHDRTRIGID = 1
IDX__TXHDREVTNUM = 66
IDX__TXHDRBLOCKS = 243679
IDX__TXHDRHGTRIGCTRL1 = 2222981120
IDX__TXHDRHGTRIGCTRL2 = 0
IDX__TXHDRLGTRIGCTRL1 = 4294965248
IDX__TXHDRLGTRIGCTRL2 = 4278255360
IDX__TXHDRMGTRIGCTRL1 = 4294965248
IDX__TXHDRMGTRIGCTRL2 = 4278255360
IDX__TXHDRSP03 = 0
IDX__TXHDRLSADC = 1048320
IDX__TXHDRPOLSTAT = NEG
IDX__TXHDRSP04 = 0
IDX__TXHDRPOLCTRL = POS
IDX__TXHDRCOINENA = DIS
IDX__TXHDRLSTRIGMODE = DIS
IDX__TXHDRMGTRIGMODE = 0
IDX__TXHDRLGTRIGMODE = 0
IDX__TXHDRHGTRIGMODE = 1
IDX__TXHDRSP05 = 0
IDX__TXHDRSP06 = 0
IDX__TXHDRSP07 = 2017
IDX__TXHDRSP08 = 0
IDX__TXHDRTOFMAX = 542644865
IDX__TXHDRTOFMIN = 535295477
IDX__TXHDRLS0MAXMIN = 8464397
IDX__TXHDRLS1MAXMIN = 8447977
IDX__TXHDRLS2MAXMIN = 8755169
IDX__TXHDRFIFODELAY = 16
IDX__TXHDRSAMPDELAY = 49331279
IDX__TXHDRTRANSCNT = 2
IDX__TXHDRPROCHKCH01 = 83690304
IDX__TXHDRPROCHKCH23 = 106431715
IDX__TXHDRPROCHKCH45 = 168953050
IDX__TXHDRPROCHKCH67 = 133695768
IDX__TXHDRHVPSHKCH01 = 131794263
IDX__TXHDRHVPSHKCH23 = 8849070
IDX__TXHDRHVPSHKCH45 = 127731674
IDX__TXHDRHVPSHKCH67 = 19991183
IDX__TXHDRLVHK0CH01 = 134219776
IDX__TXHDRLVHK0CH23 = 171969465
IDX__TXHDRLVHK0CH45 = 134745195
IDX__TXHDRLVHK0CH67 = 205982803
IDX__TXHDRLVHK1CH01 = 33621646
IDX__TXHDRLVHK1CH23 = 74450378
IDX__TXHDRLVHK1CH45 = 214697794
IDX__TXHDRLVHK1CH67 = 192872901
IDX__TXHDRLVHK2CH01 = 81659105
IDX__TXHDRLVHK2CH23 = 192154335
IDX__TXHDRLVHK2CH45 = 101059654
IDX__TXHDRLVHK2CH67 = 69016
IDX__TXHDRSP09 = 0
IDX__TXHDRSP10 = 0
IDX__TXHDRFSWAIDCOPY = 2415277392
IDX__TXHDRFSWBINCOPY = 0
IDX__TXHDRFSWMAJOR = 2
IDX__TXHDRFSWMINOR = 0
IDX__TXHDRFSWPATCH = 0
IDX__TXHDRFSWHVSTAT = 3
IDX__TXHDRFSWMEM0 = 0
IDX__TXHDRFSWMEM1 = 0
IDX__TXHDRFSWPT0 = 0
IDX__TXHDRFSWPT1 = 0
IDX__TXHDRFSWPT2 = 0
IDX__TXHDRFSWPT3 = 0
IDX__TXHDRFSWPT4 = 0
IDX__TXHDRFSWPT5 = 0
IDX__TXHDRFSWPT6 = 0
IDX__TXHDRFSWPT7 = 0
IDX__TXHDRFSWPT8 = 0
IDX__TXHDRFSWPT9 = 0
IDX__TXHDRFPGAVER = 539165480
IDX__SYNCSCI0PKT = 13107
IDX__CRCSCI0PKT = 43121
^*****Event header 7******^
EVTNUM: 7
SCI0TYPE: 1
TXHDRBLOCKS RAW: 243679
TXHDRBLOCKS DERIVED: 243679
-----
HS pre trig sampling blocks:  31
LS pre trig sampling blocks:  3
HS post trig sampling blocks:  31
LS post trig sampling blocks:  11
IDX__TXHDRHVPSHKCH01 = 131794263
Detector voltage =  1367
Sensor voltage =  2011
Target voltage =  1710
Reflectron voltage =  135
Rejection voltage =  2010
Current for HVPS sensor =  1949
Positive current for HVPS sensor =  2703
Negative current for HVPS sensor =  305
Voltage +3.3V reference =  2048
Voltage +3.3V operational reference =  2048
Voltage -6V bus =  3001
Voltage +6V bus =  2624
Voltage +16V bus =  3179
Voltage +3.3V bus =  2056
Voltage -5V bus =  3155
Voltage +5V bus =  3143
Current +3.3V bus =  1678
Current +16V bus =  1136
Current +6V bus =  1482
Current -6V bus =  1136
Current +5V bus =  1858
Current -5V bus =  3276
Current +2.5V bus =  453
Current -2.5V bus =  2943
Current on the 1V POL =  832
Current on the 1.9V POL =  1277
ProcBd Temperature 1 =  1251
ProcBd Temperature 2 =  1624
Voltage on 1V bus =  1242
FPGA Temperature =  2578
Voltage on 1.9V bus =  2328
Voltage on 3.3V bus =  2040
var_to_row = {'Last measurement in raw DN for Processor Board signal “1V POL Current”': 0, 'Last measurement in raw DN for Processor Board signal “1.9V POL Current”': 1, 'Last measurement in raw DN for Processor Board signal “ProcBd Temp1”': 2, nan: 48, 'Last measurement in raw DN for Processor Board signal “ProcBd Temp2”': 6, 'Last measurement in raw DN for Processor Board signal “1V Voltage”': 10, 'Last measurement in raw DN for Processor Board signal “FPGA Temp”': 11, 'Last measurement in raw DN for Processor Board signal “1.9V Voltage”': 12, 'Last measurement in raw DN for Processor Board signal “3.3V Voltage”': 13, 'Last measurement in raw DN for HVPS Board signal “Detector Voltage”': 14, 'Last measurement in raw DN for HVPS Board signal “Sensor Voltage"': 15, 'Last measurement in raw DN for HVPS Board signal “Target Voltage”': 16, 'Last measurement in raw DN for HVPS Board signal “Reflectron Voltage”': 17, 'Last measurement in raw DN for HVPS Board signal “Rejection Voltage”': 18, 'Last measurement in raw DN for HVPS Board signal “Detector Current”': 19, 'Last measurement in raw DN for HVPS Board signal “Sensor IP”': 20, 'Last measurement in raw DN for HVPS Board signal “Sensor IN”': 21, 'Last measurement in raw DN for LVPS Board signal “P3.3VREF_HK”': 22, 'Last measurement in raw DN for LVPS Board signal “P3.3VREF_OP”': 23, 'Last measurement in raw DN for LVPS Board signal “N6V”': 24, 'Last measurement in raw DN for LVPS Board signal “P6V”': 25, 'Last measurement in raw DN for LVPS Board signal “P16V”': 26, 'Last measurement in raw DN for LVPS Board signal “P3.3V”': 27, 'Last measurement in raw DN for LVPS Board signal “N5V”': 28, 'Last measurement in raw DN for LVPS Board signal “P5V”': 29, 'Last measurement in raw DN for LVPS Board signal “P3.3_IMON”': 30, 'Last measurement in raw DN for LVPS Board signal “P16V_IMON”': 31, 'Last measurement in raw DN for LVPS Board signal “P6V_IMON”': 32, 'Last measurement in raw DN for LVPS Board signal “N6V_IMON”': 33, 'Last measurement in raw DN for LVPS Board signal “P5V_IMON”': 34, 'Last measurement in raw DN for LVPS Board signal “N5V_IMON”': 35, 'Last measurement in raw DN for LVPS Board signal “P2.5V_IMON”': 36, 'Last measurement in raw DN for LVPS Board signal “N2.5V_IMON”': 37, 'Last measurement in raw DN for LVPS Board signal “THERM_DECON0”': 38, 'Last measurement in raw DN for LVPS Board signal “THERM_DECON1”': 39, 'Last measurement in raw DN for LVPS Board signal “THERM_DAB”': 40, 'Last measurement in raw DN for LVPS Board signal “THERM_LVPS”': 41, 'Last measurement in raw DN for LVPS Board signal “THERM_HVPS”': 45, 'Last measurement in raw DN for LVPS Board signal “P2.5V”': 49, 'Last measurement in raw DN for LVPS Board signal “N2.5V”': 50, 'Last measurement in raw DN for LVPS Board signal “Spare”': 51}

 
 ***** var_name being converted for each instrument setting ***** 
 

Matching row  18
coeffs for Last measurement in raw DN for Processor Board signal “1V POL Current”= [0.0 0.9029253 0.0 0.0 0.0 0.0 0.0 0.0]
var_name = Last measurement in raw DN for Processor Board signal “1V POL Current”
var_name = current_1V_pol
Header info = 832
Transformed value for current_1V_pol = 751.2338496
Matching row  18
coeffs for Last measurement in raw DN for Processor Board signal “1.9V POL Current”= [0.0 0.9029253 0.0 0.0 0.0 0.0 0.0 0.0]
var_name = Last measurement in raw DN for Processor Board signal “1.9V POL Current”
var_name = current_1.9V_pol
Header info = 1277
Transformed value for current_1.9V_pol = 1153.0356081
Matching row  18
coeffs for Last measurement in raw DN for Processor Board signal “ProcBd Temp1”= [162.8276 -0.2668687 0.0003323794 -2.43153e-07 9.034532e-11 -1.327735e-14
 0.0 0.0]
var_name = Last measurement in raw DN for Processor Board signal “ProcBd Temp1”
var_name = temperature_1
Header info = 1251
Transformed value for temperature_1 = 53.69476080899112
Matching row  18
coeffs for nan= [-104713.9 52.02446 -0.006463374 0.0 0.0 0.0 0.0 0.0]
var_name = nan
var_name = None
KeyError: (7, None) - Could not find entry for None, 48. Please check the Var_notes or variable mapping.
Matching row  18
coeffs for Last measurement in raw DN for Processor Board signal “ProcBd Temp2”= [162.8276 -0.2668687 0.0003323794 -2.43153e-07 9.034532e-11 -1.327735e-14
 0.0 0.0]
var_name = Last measurement in raw DN for Processor Board signal “ProcBd Temp2”
var_name = temperature_2
Header info = 1624
Transformed value for temperature_2 = 43.030834589476854
Matching row  18
coeffs for Last measurement in raw DN for Processor Board signal “1V Voltage”= [0.0 0.000805861 0.0 0.0 0.0 0.0 0.0 0.0]
var_name = Last measurement in raw DN for Processor Board signal “1V Voltage”
var_name = voltage_1V_bus
Header info = 1242
Transformed value for voltage_1V_bus = 1.0008793619999998
Matching row  18
coeffs for Last measurement in raw DN for Processor Board signal “FPGA Temp”= [358.31 -0.1187104 0.0 0.0 0.0 0.0 0.0 0.0]
var_name = Last measurement in raw DN for Processor Board signal “FPGA Temp”
var_name = fpga_temperature
Header info = 2578
Transformed value for fpga_temperature = 52.274588800000004
Matching row  18
coeffs for Last measurement in raw DN for Processor Board signal “1.9V Voltage”= [0.0 0.000805861 0.0 0.0 0.0 0.0 0.0 0.0]
var_name = Last measurement in raw DN for Processor Board signal “1.9V Voltage”
var_name = voltage_1.9V_bus
Header info = 2328
Transformed value for voltage_1.9V_bus = 1.8760444079999998
Matching row  18
coeffs for Last measurement in raw DN for Processor Board signal “3.3V Voltage”= [0.0 0.001611722 0.0 0.0 0.0 0.0 0.0 0.0]
var_name = Last measurement in raw DN for Processor Board signal “3.3V Voltage”
var_name = voltage_3.3V_bus
Header info = 2040
Transformed value for voltage_3.3V_bus = 3.28791288
Matching row  18
coeffs for Last measurement in raw DN for HVPS Board signal “Detector Voltage”= [0.0 1.4652 0.0 0.0 0.0 0.0 0.0 0.0]
var_name = Last measurement in raw DN for HVPS Board signal “Detector Voltage”
var_name = detector_voltage
Header info = 1367
Transformed value for detector_voltage = 2002.9284
Matching row  18
coeffs for Last measurement in raw DN for HVPS Board signal “Sensor Voltage"= [0.0 1.4652 0.0 0.0 0.0 0.0 0.0 0.0]
var_name = Last measurement in raw DN for HVPS Board signal “Sensor Voltage"
var_name = sensor_voltage
Header info = 2011
Transformed value for sensor_voltage = 2946.5172000000002
Matching row  18
coeffs for Last measurement in raw DN for HVPS Board signal “Target Voltage”= [0.0 1.4652 0.0 0.0 0.0 0.0 0.0 0.0]
var_name = Last measurement in raw DN for HVPS Board signal “Target Voltage”
var_name = target_voltage
Header info = 1710
Transformed value for target_voltage = 2505.492
Matching row  18
coeffs for Last measurement in raw DN for HVPS Board signal “Reflectron Voltage”= [0.0 1.4652 0.0 0.0 0.0 0.0 0.0 0.0]
var_name = Last measurement in raw DN for HVPS Board signal “Reflectron Voltage”
var_name = reflectron_voltage
Header info = 135
Transformed value for reflectron_voltage = 197.80200000000002
Matching row  18
coeffs for Last measurement in raw DN for HVPS Board signal “Rejection Voltage”= [0.0 1.4652 0.0 0.0 0.0 0.0 0.0 0.0]
var_name = Last measurement in raw DN for HVPS Board signal “Rejection Voltage”
var_name = rejection_voltage
Header info = 2010
Transformed value for rejection_voltage = 2945.052
Matching row  18
coeffs for Last measurement in raw DN for HVPS Board signal “Detector Current”= [0.0 7.326e-06 0.0 0.0 0.0 0.0 0.0 0.0]
var_name = Last measurement in raw DN for HVPS Board signal “Detector Current”
var_name = current_hvps_sensor
Header info = 1949
Transformed value for current_hvps_sensor = 0.014278374
Matching row  18
coeffs for Last measurement in raw DN for HVPS Board signal “Sensor IP”= [0.0 2.4339e-05 0.0 0.0 0.0 0.0 0.0 0.0]
var_name = Last measurement in raw DN for HVPS Board signal “Sensor IP”
var_name = positive_current_hvps
Header info = 2703
Transformed value for positive_current_hvps = 0.065788317
Matching row  18
coeffs for Last measurement in raw DN for HVPS Board signal “Sensor IN”= [0.0 2.4339e-05 0.0 0.0 0.0 0.0 0.0 0.0]
var_name = Last measurement in raw DN for HVPS Board signal “Sensor IN”
var_name = negative_current_hvps
Header info = 305
Transformed value for negative_current_hvps = 0.007423394999999999
Matching row  18
coeffs for Last measurement in raw DN for LVPS Board signal “P3.3VREF_HK”= [0.0 0.00161172 0.0 0.0 0.0 0.0 0.0 0.0]
var_name = Last measurement in raw DN for LVPS Board signal “P3.3VREF_HK”
var_name = voltage_3V3_ref
Header info = 2048
Transformed value for voltage_3V3_ref = 3.30080256
Matching row  18
coeffs for Last measurement in raw DN for LVPS Board signal “P3.3VREF_OP”= [0.0 0.00161172 0.0 0.0 0.0 0.0 0.0 0.0]
var_name = Last measurement in raw DN for LVPS Board signal “P3.3VREF_OP”
var_name = voltage_3V3_op_ref
Header info = 2048
Transformed value for voltage_3V3_op_ref = 3.30080256
Matching row  18
coeffs for Last measurement in raw DN for LVPS Board signal “N6V”= [-33.0 0.00886447 0.0 0.0 0.0 0.0 0.0 0.0]
var_name = Last measurement in raw DN for LVPS Board signal “N6V”
var_name = voltage_neg6V_bus
Header info = 3001
Transformed value for voltage_neg6V_bus = -6.397725530000002
Matching row  18
coeffs for Last measurement in raw DN for LVPS Board signal “P6V”= [0.0 0.00241758 0.0 0.0 0.0 0.0 0.0 0.0]
var_name = Last measurement in raw DN for LVPS Board signal “P6V”
var_name = voltage_pos6V_bus
Header info = 2624
Transformed value for voltage_pos6V_bus = 6.3437299199999995
Matching row  18
coeffs for Last measurement in raw DN for LVPS Board signal “P16V”= [0.0 0.00482711 0.0 0.0 0.0 0.0 0.0 0.0]
var_name = Last measurement in raw DN for LVPS Board signal “P16V”
var_name = voltage_pos16V_bus
Header info = 3179
Transformed value for voltage_pos16V_bus = 15.34538269
Matching row  18
coeffs for Last measurement in raw DN for LVPS Board signal “P3.3V”= [0.0 0.00161172 0.0 0.0 0.0 0.0 0.0 0.0]
var_name = Last measurement in raw DN for LVPS Board signal “P3.3V”
var_name = voltage_pos3V3_bus
Header info = 2056
Transformed value for voltage_pos3V3_bus = 3.31369632
Matching row  18
coeffs for Last measurement in raw DN for LVPS Board signal “N5V”= [-33.0 0.00886447 0.0 0.0 0.0 0.0 0.0 0.0]
var_name = Last measurement in raw DN for LVPS Board signal “N5V”
var_name = voltage_neg5V_bus
Header info = 3155
Transformed value for voltage_neg5V_bus = -5.032597150000001
Matching row  18
coeffs for Last measurement in raw DN for LVPS Board signal “P5V”= [0.0 0.00161172 0.0 0.0 0.0 0.0 0.0 0.0]
var_name = Last measurement in raw DN for LVPS Board signal “P5V”
var_name = voltage_pos5V_bus
Header info = 3143
Transformed value for voltage_pos5V_bus = 5.06563596
Matching row  18
coeffs for Last measurement in raw DN for LVPS Board signal “P3.3_IMON”= [0.0 0.00161172 0.0 0.0 0.0 0.0 0.0 0.0]
var_name = Last measurement in raw DN for LVPS Board signal “P3.3_IMON”
var_name = current_3V3_bus
Header info = 1678
Transformed value for current_3V3_bus = 2.70446616
Matching row  18
coeffs for Last measurement in raw DN for LVPS Board signal “P16V_IMON”= [0.0 0.000161172 0.0 0.0 0.0 0.0 0.0 0.0]
var_name = Last measurement in raw DN for LVPS Board signal “P16V_IMON”
var_name = current_16V_bus
Header info = 1136
Transformed value for current_16V_bus = 0.18309139200000002
Matching row  18
coeffs for Last measurement in raw DN for LVPS Board signal “P6V_IMON”= [0.0 8.05861e-05 0.0 0.0 0.0 0.0 0.0 0.0]
var_name = Last measurement in raw DN for LVPS Board signal “P6V_IMON”
var_name = current_6V_bus
Header info = 1482
Transformed value for current_6V_bus = 0.1194286002
Matching row  18
coeffs for Last measurement in raw DN for LVPS Board signal “N6V_IMON”= [0.0 -8.05861e-05 0.0 0.0 0.0 0.0 0.0 0.0]
var_name = Last measurement in raw DN for LVPS Board signal “N6V_IMON”
var_name = current_neg6V_bus
Header info = 1136
Transformed value for current_neg6V_bus = -0.0915458096
Matching row  18
coeffs for Last measurement in raw DN for LVPS Board signal “P5V_IMON”= [0.0 4.029304e-05 0.0 0.0 0.0 0.0 0.0 0.0]
var_name = Last measurement in raw DN for LVPS Board signal “P5V_IMON”
var_name = current_5V_bus
Header info = 1858
Transformed value for current_5V_bus = 0.07486446832
Matching row  18
coeffs for Last measurement in raw DN for LVPS Board signal “N5V_IMON”= [0.0 -2.01465e-05 0.0 0.0 0.0 0.0 0.0 0.0]
var_name = Last measurement in raw DN for LVPS Board signal “N5V_IMON”
var_name = current_neg5V_bus
Header info = 3276
Transformed value for current_neg5V_bus = -0.06599993400000001
Matching row  18
coeffs for Last measurement in raw DN for LVPS Board signal “P2.5V_IMON”= [0.0 0.00161172 0.0 0.0 0.0 0.0 0.0 0.0]
var_name = Last measurement in raw DN for LVPS Board signal “P2.5V_IMON”
var_name = current_2V5_bus
Header info = 453
Transformed value for current_2V5_bus = 0.73010916
Matching row  18
coeffs for Last measurement in raw DN for LVPS Board signal “N2.5V_IMON”= [0.0 -4.0293e-05 0.0 0.0 0.0 0.0 0.0 0.0]
var_name = Last measurement in raw DN for LVPS Board signal “N2.5V_IMON”
var_name = current_neg2V5_bus
Header info = 2943
Transformed value for current_neg2V5_bus = -0.118582299
Matching row  18
coeffs for Last measurement in raw DN for LVPS Board signal “THERM_DECON0”= [-110.293 0.0665351 0.000305738 -6.32048e-07 5.9934e-10 -2.98784e-13
 7.61361e-17 -7.76467e-21]
var_name = Last measurement in raw DN for LVPS Board signal “THERM_DECON0”
var_name = None
KeyError: (7, None) - Could not find entry for None, 38. Please check the Var_notes or variable mapping.
Matching row  18
coeffs for Last measurement in raw DN for LVPS Board signal “THERM_DECON1”= [-150.478 0.376986 -0.00062072 7.73853e-07 -5.81588e-10 2.56368e-13
 -6.05698e-17 5.96635e-21]
var_name = Last measurement in raw DN for LVPS Board signal “THERM_DECON1”
var_name = None
KeyError: (7, None) - Could not find entry for None, 39. Please check the Var_notes or variable mapping.
Matching row  18
coeffs for Last measurement in raw DN for LVPS Board signal “THERM_DAB”= [-443.248 1.31224 -0.00180422 1.40016e-06 -6.43766e-10 1.7448e-13
 -2.57695e-17 1.60239e-21]
var_name = Last measurement in raw DN for LVPS Board signal “THERM_DAB”
var_name = None
KeyError: (7, None) - Could not find entry for None, 40. Please check the Var_notes or variable mapping.
Matching row  18
coeffs for Last measurement in raw DN for LVPS Board signal “THERM_LVPS”= [200.4137 -0.2020699 0.000175403 -9.739547e-08 2.888932e-11 -3.545603e-15
 0.0 0.0]
var_name = Last measurement in raw DN for LVPS Board signal “THERM_LVPS”
var_name = None
KeyError: (7, None) - Could not find entry for None, 41. Please check the Var_notes or variable mapping.
Matching row  18
coeffs for Last measurement in raw DN for LVPS Board signal “THERM_HVPS”= [200.4137 -0.2020699 0.000175403 -9.739547e-08 2.888932e-11 -3.545603e-15
 0.0 0.0]
var_name = Last measurement in raw DN for LVPS Board signal “THERM_HVPS”
var_name = None
KeyError: (7, None) - Could not find entry for None, 45. Please check the Var_notes or variable mapping.
Matching row  18
coeffs for Last measurement in raw DN for LVPS Board signal “P2.5V”= [0.0 0.00161172 0.0 0.0 0.0 0.0 0.0 0.0]
var_name = Last measurement in raw DN for LVPS Board signal “P2.5V”
var_name = None
KeyError: (7, None) - Could not find entry for None, 49. Please check the Var_notes or variable mapping.
Matching row  18
coeffs for Last measurement in raw DN for LVPS Board signal “N2.5V”= [-33.0 0.00886447 0.0 0.0 0.0 0.0 0.0 0.0]
var_name = Last measurement in raw DN for LVPS Board signal “N2.5V”
var_name = None
KeyError: (7, None) - Could not find entry for None, 50. Please check the Var_notes or variable mapping.
Matching row  18
coeffs for Last measurement in raw DN for LVPS Board signal “Spare”= [0.0 0.00161172 0.0 0.0 0.0 0.0 0.0 0.0]
var_name = Last measurement in raw DN for LVPS Board signal “Spare”
var_name = spare_signal
KeyError: (7, 'spare_signal') - Could not find entry for spare_signal, 51. Please check the Var_notes or variable mapping.
High gain delay = 79 samples.
Mid gain delay = 47 samples.
Low gain delay = 47 samples.
High sampling trigger mode =  0 0 1
High gain trigger mode enabled.
For 2222981120, HG Trigger level = 0.15317, sample settings = 0, 0
Threshold trigger mode enabled for high gain channel.
AID = 2415277392
Event number = 66
Rice compression enabled = False
Timestamp = 439513227.48438 seconds since epoch (Midnight January 1st, 2010)
Trigger time = 2023-12-05T23:00:27.484380Z
7
7
7
7
7
7
7
7
7
7
7
7
7
{'SHCOARSE': ParsedDataItem(SHCOARSE, raw=439513441, derived=439513441, unit=dn), 'SHFINE': ParsedDataItem(SHFINE, raw=7588, derived=7588, unit=dn), 'IDX__SCI0AID': ParsedDataItem(IDX__SCI0AID, raw=2415277392, derived=2415277392, unit=None), 'IDX__SCI0TYPE': ParsedDataItem(IDX__SCI0TYPE, raw=1, derived=1, unit=None), 'IDX__SCI0CONT': ParsedDataItem(IDX__SCI0CONT, raw=127, derived=127, unit=None), 'IDX__SCI0SPARE1': ParsedDataItem(IDX__SCI0SPARE1, raw=0, derived=0, unit=None), 'IDX__SCI0PACK': ParsedDataItem(IDX__SCI0PACK, raw=1, derived=EN, unit=None), 'IDX__SCI0FRAG': ParsedDataItem(IDX__SCI0FRAG, raw=0, derived=DS, unit=None), 'IDX__SCI0COMP': ParsedDataItem(IDX__SCI0COMP, raw=0, derived=DS, unit=None), 'IDX__SCI0EVTNUM': ParsedDataItem(IDX__SCI0EVTNUM, raw=67, derived=67, unit=None), 'IDX__SCI0CAT': ParsedDataItem(IDX__SCI0CAT, raw=32, derived=32, unit=None), 'IDX__SCI0QUAL': ParsedDataItem(IDX__SCI0QUAL, raw=5, derived=5, unit=None), 'IDX__SCI0FRAGOFF': ParsedDataItem(IDX__SCI0FRAGOFF, raw=0, derived=0, unit=None), 'IDX__SCI0VER': ParsedDataItem(IDX__SCI0VER, raw=9, derived=9, unit=None), 'IDX__SCI0TIME32': ParsedDataItem(IDX__SCI0TIME32, raw=439513230, derived=439513230, unit=None), 'IDX__SCI0SPARE2': ParsedDataItem(IDX__SCI0SPARE2, raw=0, derived=0, unit=None), 'IDX__SCI0SPARE3': ParsedDataItem(IDX__SCI0SPARE3, raw=0, derived=0, unit=None), 'IDX__SCI0SPARE4': ParsedDataItem(IDX__SCI0SPARE4, raw=0, derived=0, unit=None), 'IDX__TXHDRSCIEVTLEN': ParsedDataItem(IDX__TXHDRSCIEVTLEN, raw=8320, derived=8320, unit=None), 'IDX__TXHDRSP00': ParsedDataItem(IDX__TXHDRSP00, raw=0, derived=0, unit=None), 'IDX__TXHDRTIMESEC1': ParsedDataItem(IDX__TXHDRTIMESEC1, raw=6706, derived=6706, unit=None), 'IDX__TXHDRTIMESEC2': ParsedDataItem(IDX__TXHDRTIMESEC2, raw=28814, derived=28814, unit=None), 'IDX__TXHDRTIMESUBS': ParsedDataItem(IDX__TXHDRTIMESUBS, raw=24210, derived=24210, unit=None), 'IDX__TXHDRSP01': ParsedDataItem(IDX__TXHDRSP01, raw=0, derived=0, unit=None), 'IDX__TXHDRTRIGOFFSET': ParsedDataItem(IDX__TXHDRTRIGOFFSET, raw=2, derived=2, unit=None), 'IDX__TXHDRSP02': ParsedDataItem(IDX__TXHDRSP02, raw=0, derived=0, unit=None), 'IDX__TXHDRTRIGID': ParsedDataItem(IDX__TXHDRTRIGID, raw=1, derived=1, unit=None), 'IDX__TXHDREVTNUM': ParsedDataItem(IDX__TXHDREVTNUM, raw=67, derived=67, unit=None), 'IDX__TXHDRBLOCKS': ParsedDataItem(IDX__TXHDRBLOCKS, raw=243679, derived=243679, unit=None), 'IDX__TXHDRHGTRIGCTRL1': ParsedDataItem(IDX__TXHDRHGTRIGCTRL1, raw=2222981120, derived=2222981120, unit=None), 'IDX__TXHDRHGTRIGCTRL2': ParsedDataItem(IDX__TXHDRHGTRIGCTRL2, raw=0, derived=0, unit=None), 'IDX__TXHDRLGTRIGCTRL1': ParsedDataItem(IDX__TXHDRLGTRIGCTRL1, raw=4294965248, derived=4294965248, unit=None), 'IDX__TXHDRLGTRIGCTRL2': ParsedDataItem(IDX__TXHDRLGTRIGCTRL2, raw=4278255360, derived=4278255360, unit=None), 'IDX__TXHDRMGTRIGCTRL1': ParsedDataItem(IDX__TXHDRMGTRIGCTRL1, raw=4294965248, derived=4294965248, unit=None), 'IDX__TXHDRMGTRIGCTRL2': ParsedDataItem(IDX__TXHDRMGTRIGCTRL2, raw=4278255360, derived=4278255360, unit=None), 'IDX__TXHDRSP03': ParsedDataItem(IDX__TXHDRSP03, raw=0, derived=0, unit=None), 'IDX__TXHDRLSADC': ParsedDataItem(IDX__TXHDRLSADC, raw=1048320, derived=1048320, unit=None), 'IDX__TXHDRPOLSTAT': ParsedDataItem(IDX__TXHDRPOLSTAT, raw=1, derived=NEG, unit=None), 'IDX__TXHDRSP04': ParsedDataItem(IDX__TXHDRSP04, raw=0, derived=0, unit=None), 'IDX__TXHDRPOLCTRL': ParsedDataItem(IDX__TXHDRPOLCTRL, raw=0, derived=POS, unit=None), 'IDX__TXHDRCOINENA': ParsedDataItem(IDX__TXHDRCOINENA, raw=0, derived=DIS, unit=None), 'IDX__TXHDRLSTRIGMODE': ParsedDataItem(IDX__TXHDRLSTRIGMODE, raw=0, derived=DIS, unit=None), 'IDX__TXHDRMGTRIGMODE': ParsedDataItem(IDX__TXHDRMGTRIGMODE, raw=0, derived=0, unit=None), 'IDX__TXHDRLGTRIGMODE': ParsedDataItem(IDX__TXHDRLGTRIGMODE, raw=0, derived=0, unit=None), 'IDX__TXHDRHGTRIGMODE': ParsedDataItem(IDX__TXHDRHGTRIGMODE, raw=1, derived=1, unit=None), 'IDX__TXHDRSP05': ParsedDataItem(IDX__TXHDRSP05, raw=0, derived=0, unit=None), 'IDX__TXHDRSP06': ParsedDataItem(IDX__TXHDRSP06, raw=0, derived=0, unit=None), 'IDX__TXHDRSP07': ParsedDataItem(IDX__TXHDRSP07, raw=2017, derived=2017, unit=None), 'IDX__TXHDRSP08': ParsedDataItem(IDX__TXHDRSP08, raw=0, derived=0, unit=None), 'IDX__TXHDRTOFMAX': ParsedDataItem(IDX__TXHDRTOFMAX, raw=541596221, derived=541596221, unit=None), 'IDX__TXHDRTOFMIN': ParsedDataItem(IDX__TXHDRTOFMIN, raw=535295476, derived=535295476, unit=None), 'IDX__TXHDRLS0MAXMIN': ParsedDataItem(IDX__TXHDRLS0MAXMIN, raw=8468493, derived=8468493, unit=None), 'IDX__TXHDRLS1MAXMIN': ParsedDataItem(IDX__TXHDRLS1MAXMIN, raw=8460264, derived=8460264, unit=None), 'IDX__TXHDRLS2MAXMIN': ParsedDataItem(IDX__TXHDRLS2MAXMIN, raw=8693729, derived=8693729, unit=None), 'IDX__TXHDRFIFODELAY': ParsedDataItem(IDX__TXHDRFIFODELAY, raw=17, derived=17, unit=None), 'IDX__TXHDRSAMPDELAY': ParsedDataItem(IDX__TXHDRSAMPDELAY, raw=15744049, derived=15744049, unit=None), 'IDX__TXHDRTRANSCNT': ParsedDataItem(IDX__TXHDRTRANSCNT, raw=2, derived=2, unit=None), 'IDX__TXHDRPROCHKCH01': ParsedDataItem(IDX__TXHDRPROCHKCH01, raw=83755840, derived=83755840, unit=None), 'IDX__TXHDRPROCHKCH23': ParsedDataItem(IDX__TXHDRPROCHKCH23, raw=106431714, derived=106431714, unit=None), 'IDX__TXHDRPROCHKCH45': ParsedDataItem(IDX__TXHDRPROCHKCH45, raw=168953050, derived=168953050, unit=None), 'IDX__TXHDRPROCHKCH67': ParsedDataItem(IDX__TXHDRPROCHKCH67, raw=133695768, derived=133695768, unit=None), 'IDX__TXHDRHVPSHKCH01': ParsedDataItem(IDX__TXHDRHVPSHKCH01, raw=131859799, derived=131859799, unit=None), 'IDX__TXHDRHVPSHKCH23': ParsedDataItem(IDX__TXHDRHVPSHKCH23, raw=8849070, derived=8849070, unit=None), 'IDX__TXHDRHVPSHKCH45': ParsedDataItem(IDX__TXHDRHVPSHKCH45, raw=127731674, derived=127731674, unit=None), 'IDX__TXHDRHVPSHKCH67': ParsedDataItem(IDX__TXHDRHVPSHKCH67, raw=19991183, derived=19991183, unit=None), 'IDX__TXHDRLVHK0CH01': ParsedDataItem(IDX__TXHDRLVHK0CH01, raw=134219776, derived=134219776, unit=None), 'IDX__TXHDRLVHK0CH23': ParsedDataItem(IDX__TXHDRLVHK0CH23, raw=172035001, derived=172035001, unit=None), 'IDX__TXHDRLVHK0CH45': ParsedDataItem(IDX__TXHDRLVHK0CH45, raw=134745195, derived=134745195, unit=None), 'IDX__TXHDRLVHK0CH67': ParsedDataItem(IDX__TXHDRLVHK0CH67, raw=205982803, derived=205982803, unit=None), 'IDX__TXHDRLVHK1CH01': ParsedDataItem(IDX__TXHDRLVHK1CH01, raw=33621646, derived=33621646, unit=None), 'IDX__TXHDRLVHK1CH23': ParsedDataItem(IDX__TXHDRLVHK1CH23, raw=74450378, derived=74450378, unit=None), 'IDX__TXHDRLVHK1CH45': ParsedDataItem(IDX__TXHDRLVHK1CH45, raw=214697794, derived=214697794, unit=None), 'IDX__TXHDRLVHK1CH67': ParsedDataItem(IDX__TXHDRLVHK1CH67, raw=192872901, derived=192872901, unit=None), 'IDX__TXHDRLVHK2CH01': ParsedDataItem(IDX__TXHDRLVHK2CH01, raw=81659105, derived=81659105, unit=None), 'IDX__TXHDRLVHK2CH23': ParsedDataItem(IDX__TXHDRLVHK2CH23, raw=192154335, derived=192154335, unit=None), 'IDX__TXHDRLVHK2CH45': ParsedDataItem(IDX__TXHDRLVHK2CH45, raw=101059654, derived=101059654, unit=None), 'IDX__TXHDRLVHK2CH67': ParsedDataItem(IDX__TXHDRLVHK2CH67, raw=69017, derived=69017, unit=None), 'IDX__TXHDRSP09': ParsedDataItem(IDX__TXHDRSP09, raw=0, derived=0, unit=None), 'IDX__TXHDRSP10': ParsedDataItem(IDX__TXHDRSP10, raw=0, derived=0, unit=None), 'IDX__TXHDRFSWAIDCOPY': ParsedDataItem(IDX__TXHDRFSWAIDCOPY, raw=2415277392, derived=2415277392, unit=None), 'IDX__TXHDRFSWBINCOPY': ParsedDataItem(IDX__TXHDRFSWBINCOPY, raw=0, derived=0, unit=None), 'IDX__TXHDRFSWMAJOR': ParsedDataItem(IDX__TXHDRFSWMAJOR, raw=2, derived=2, unit=None), 'IDX__TXHDRFSWMINOR': ParsedDataItem(IDX__TXHDRFSWMINOR, raw=0, derived=0, unit=None), 'IDX__TXHDRFSWPATCH': ParsedDataItem(IDX__TXHDRFSWPATCH, raw=0, derived=0, unit=None), 'IDX__TXHDRFSWHVSTAT': ParsedDataItem(IDX__TXHDRFSWHVSTAT, raw=3, derived=3, unit=None), 'IDX__TXHDRFSWMEM0': ParsedDataItem(IDX__TXHDRFSWMEM0, raw=0, derived=0, unit=None), 'IDX__TXHDRFSWMEM1': ParsedDataItem(IDX__TXHDRFSWMEM1, raw=0, derived=0, unit=None), 'IDX__TXHDRFSWPT0': ParsedDataItem(IDX__TXHDRFSWPT0, raw=0, derived=0, unit=None), 'IDX__TXHDRFSWPT1': ParsedDataItem(IDX__TXHDRFSWPT1, raw=0, derived=0, unit=None), 'IDX__TXHDRFSWPT2': ParsedDataItem(IDX__TXHDRFSWPT2, raw=0, derived=0, unit=None), 'IDX__TXHDRFSWPT3': ParsedDataItem(IDX__TXHDRFSWPT3, raw=0, derived=0, unit=None), 'IDX__TXHDRFSWPT4': ParsedDataItem(IDX__TXHDRFSWPT4, raw=0, derived=0, unit=None), 'IDX__TXHDRFSWPT5': ParsedDataItem(IDX__TXHDRFSWPT5, raw=0, derived=0, unit=None), 'IDX__TXHDRFSWPT6': ParsedDataItem(IDX__TXHDRFSWPT6, raw=0, derived=0, unit=None), 'IDX__TXHDRFSWPT7': ParsedDataItem(IDX__TXHDRFSWPT7, raw=0, derived=0, unit=None), 'IDX__TXHDRFSWPT8': ParsedDataItem(IDX__TXHDRFSWPT8, raw=0, derived=0, unit=None), 'IDX__TXHDRFSWPT9': ParsedDataItem(IDX__TXHDRFSWPT9, raw=0, derived=0, unit=None), 'IDX__TXHDRFPGAVER': ParsedDataItem(IDX__TXHDRFPGAVER, raw=539165480, derived=539165480, unit=None), 'IDX__SYNCSCI0PKT': ParsedDataItem(IDX__SYNCSCI0PKT, raw=13107, derived=13107, unit=None), 'IDX__CRCSCI0PKT': ParsedDataItem(IDX__CRCSCI0PKT, raw=61414, derived=61414, unit=None)}
SHCOARSE = 439513441
SHFINE = 7588
IDX__SCI0AID = 2415277392
IDX__SCI0TYPE = 1
IDX__SCI0CONT = 127
IDX__SCI0SPARE1 = 0
IDX__SCI0PACK = EN
IDX__SCI0FRAG = DS
IDX__SCI0COMP = DS
IDX__SCI0EVTNUM = 67
IDX__SCI0CAT = 32
IDX__SCI0QUAL = 5
IDX__SCI0FRAGOFF = 0
IDX__SCI0VER = 9
IDX__SCI0TIME32 = 439513230
IDX__SCI0SPARE2 = 0
IDX__SCI0SPARE3 = 0
IDX__SCI0SPARE4 = 0
IDX__TXHDRSCIEVTLEN = 8320
IDX__TXHDRSP00 = 0
IDX__TXHDRTIMESEC1 = 6706
IDX__TXHDRTIMESEC2 = 28814
IDX__TXHDRTIMESUBS = 24210
IDX__TXHDRSP01 = 0
IDX__TXHDRTRIGOFFSET = 2
IDX__TXHDRSP02 = 0
IDX__TXHDRTRIGID = 1
IDX__TXHDREVTNUM = 67
IDX__TXHDRBLOCKS = 243679
IDX__TXHDRHGTRIGCTRL1 = 2222981120
IDX__TXHDRHGTRIGCTRL2 = 0
IDX__TXHDRLGTRIGCTRL1 = 4294965248
IDX__TXHDRLGTRIGCTRL2 = 4278255360
IDX__TXHDRMGTRIGCTRL1 = 4294965248
IDX__TXHDRMGTRIGCTRL2 = 4278255360
IDX__TXHDRSP03 = 0
IDX__TXHDRLSADC = 1048320
IDX__TXHDRPOLSTAT = NEG
IDX__TXHDRSP04 = 0
IDX__TXHDRPOLCTRL = POS
IDX__TXHDRCOINENA = DIS
IDX__TXHDRLSTRIGMODE = DIS
IDX__TXHDRMGTRIGMODE = 0
IDX__TXHDRLGTRIGMODE = 0
IDX__TXHDRHGTRIGMODE = 1
IDX__TXHDRSP05 = 0
IDX__TXHDRSP06 = 0
IDX__TXHDRSP07 = 2017
IDX__TXHDRSP08 = 0
IDX__TXHDRTOFMAX = 541596221
IDX__TXHDRTOFMIN = 535295476
IDX__TXHDRLS0MAXMIN = 8468493
IDX__TXHDRLS1MAXMIN = 8460264
IDX__TXHDRLS2MAXMIN = 8693729
IDX__TXHDRFIFODELAY = 17
IDX__TXHDRSAMPDELAY = 15744049
IDX__TXHDRTRANSCNT = 2
IDX__TXHDRPROCHKCH01 = 83755840
IDX__TXHDRPROCHKCH23 = 106431714
IDX__TXHDRPROCHKCH45 = 168953050
IDX__TXHDRPROCHKCH67 = 133695768
IDX__TXHDRHVPSHKCH01 = 131859799
IDX__TXHDRHVPSHKCH23 = 8849070
IDX__TXHDRHVPSHKCH45 = 127731674
IDX__TXHDRHVPSHKCH67 = 19991183
IDX__TXHDRLVHK0CH01 = 134219776
IDX__TXHDRLVHK0CH23 = 172035001
IDX__TXHDRLVHK0CH45 = 134745195
IDX__TXHDRLVHK0CH67 = 205982803
IDX__TXHDRLVHK1CH01 = 33621646
IDX__TXHDRLVHK1CH23 = 74450378
IDX__TXHDRLVHK1CH45 = 214697794
IDX__TXHDRLVHK1CH67 = 192872901
IDX__TXHDRLVHK2CH01 = 81659105
IDX__TXHDRLVHK2CH23 = 192154335
IDX__TXHDRLVHK2CH45 = 101059654
IDX__TXHDRLVHK2CH67 = 69017
IDX__TXHDRSP09 = 0
IDX__TXHDRSP10 = 0
IDX__TXHDRFSWAIDCOPY = 2415277392
IDX__TXHDRFSWBINCOPY = 0
IDX__TXHDRFSWMAJOR = 2
IDX__TXHDRFSWMINOR = 0
IDX__TXHDRFSWPATCH = 0
IDX__TXHDRFSWHVSTAT = 3
IDX__TXHDRFSWMEM0 = 0
IDX__TXHDRFSWMEM1 = 0
IDX__TXHDRFSWPT0 = 0
IDX__TXHDRFSWPT1 = 0
IDX__TXHDRFSWPT2 = 0
IDX__TXHDRFSWPT3 = 0
IDX__TXHDRFSWPT4 = 0
IDX__TXHDRFSWPT5 = 0
IDX__TXHDRFSWPT6 = 0
IDX__TXHDRFSWPT7 = 0
IDX__TXHDRFSWPT8 = 0
IDX__TXHDRFSWPT9 = 0
IDX__TXHDRFPGAVER = 539165480
IDX__SYNCSCI0PKT = 13107
IDX__CRCSCI0PKT = 61414
^*****Event header 8******^
EVTNUM: 8
SCI0TYPE: 1
TXHDRBLOCKS RAW: 243679
TXHDRBLOCKS DERIVED: 243679
-----
HS pre trig sampling blocks:  31
LS pre trig sampling blocks:  3
HS post trig sampling blocks:  31
LS post trig sampling blocks:  11
IDX__TXHDRHVPSHKCH01 = 131859799
Detector voltage =  1367
Sensor voltage =  2012
Target voltage =  1710
Reflectron voltage =  135
Rejection voltage =  2010
Current for HVPS sensor =  1949
Positive current for HVPS sensor =  2703
Negative current for HVPS sensor =  305
Voltage +3.3V reference =  2048
Voltage +3.3V operational reference =  2048
Voltage -6V bus =  3001
Voltage +6V bus =  2625
Voltage +16V bus =  3179
Voltage +3.3V bus =  2056
Voltage -5V bus =  3155
Voltage +5V bus =  3143
Current +3.3V bus =  1678
Current +16V bus =  1136
Current +6V bus =  1482
Current -6V bus =  1136
Current +5V bus =  1858
Current -5V bus =  3276
Current +2.5V bus =  453
Current -2.5V bus =  2943
Current on the 1V POL =  832
Current on the 1.9V POL =  1278
ProcBd Temperature 1 =  1250
ProcBd Temperature 2 =  1624
Voltage on 1V bus =  1242
FPGA Temperature =  2578
Voltage on 1.9V bus =  2328
Voltage on 3.3V bus =  2040
var_to_row = {'Last measurement in raw DN for Processor Board signal “1V POL Current”': 0, 'Last measurement in raw DN for Processor Board signal “1.9V POL Current”': 1, 'Last measurement in raw DN for Processor Board signal “ProcBd Temp1”': 2, nan: 48, 'Last measurement in raw DN for Processor Board signal “ProcBd Temp2”': 6, 'Last measurement in raw DN for Processor Board signal “1V Voltage”': 10, 'Last measurement in raw DN for Processor Board signal “FPGA Temp”': 11, 'Last measurement in raw DN for Processor Board signal “1.9V Voltage”': 12, 'Last measurement in raw DN for Processor Board signal “3.3V Voltage”': 13, 'Last measurement in raw DN for HVPS Board signal “Detector Voltage”': 14, 'Last measurement in raw DN for HVPS Board signal “Sensor Voltage"': 15, 'Last measurement in raw DN for HVPS Board signal “Target Voltage”': 16, 'Last measurement in raw DN for HVPS Board signal “Reflectron Voltage”': 17, 'Last measurement in raw DN for HVPS Board signal “Rejection Voltage”': 18, 'Last measurement in raw DN for HVPS Board signal “Detector Current”': 19, 'Last measurement in raw DN for HVPS Board signal “Sensor IP”': 20, 'Last measurement in raw DN for HVPS Board signal “Sensor IN”': 21, 'Last measurement in raw DN for LVPS Board signal “P3.3VREF_HK”': 22, 'Last measurement in raw DN for LVPS Board signal “P3.3VREF_OP”': 23, 'Last measurement in raw DN for LVPS Board signal “N6V”': 24, 'Last measurement in raw DN for LVPS Board signal “P6V”': 25, 'Last measurement in raw DN for LVPS Board signal “P16V”': 26, 'Last measurement in raw DN for LVPS Board signal “P3.3V”': 27, 'Last measurement in raw DN for LVPS Board signal “N5V”': 28, 'Last measurement in raw DN for LVPS Board signal “P5V”': 29, 'Last measurement in raw DN for LVPS Board signal “P3.3_IMON”': 30, 'Last measurement in raw DN for LVPS Board signal “P16V_IMON”': 31, 'Last measurement in raw DN for LVPS Board signal “P6V_IMON”': 32, 'Last measurement in raw DN for LVPS Board signal “N6V_IMON”': 33, 'Last measurement in raw DN for LVPS Board signal “P5V_IMON”': 34, 'Last measurement in raw DN for LVPS Board signal “N5V_IMON”': 35, 'Last measurement in raw DN for LVPS Board signal “P2.5V_IMON”': 36, 'Last measurement in raw DN for LVPS Board signal “N2.5V_IMON”': 37, 'Last measurement in raw DN for LVPS Board signal “THERM_DECON0”': 38, 'Last measurement in raw DN for LVPS Board signal “THERM_DECON1”': 39, 'Last measurement in raw DN for LVPS Board signal “THERM_DAB”': 40, 'Last measurement in raw DN for LVPS Board signal “THERM_LVPS”': 41, 'Last measurement in raw DN for LVPS Board signal “THERM_HVPS”': 45, 'Last measurement in raw DN for LVPS Board signal “P2.5V”': 49, 'Last measurement in raw DN for LVPS Board signal “N2.5V”': 50, 'Last measurement in raw DN for LVPS Board signal “Spare”': 51}

 
 ***** var_name being converted for each instrument setting ***** 
 

Matching row  18
coeffs for Last measurement in raw DN for Processor Board signal “1V POL Current”= [0.0 0.9029253 0.0 0.0 0.0 0.0 0.0 0.0]
var_name = Last measurement in raw DN for Processor Board signal “1V POL Current”
var_name = current_1V_pol
Header info = 832
Transformed value for current_1V_pol = 751.2338496
Matching row  18
coeffs for Last measurement in raw DN for Processor Board signal “1.9V POL Current”= [0.0 0.9029253 0.0 0.0 0.0 0.0 0.0 0.0]
var_name = Last measurement in raw DN for Processor Board signal “1.9V POL Current”
var_name = current_1.9V_pol
Header info = 1278
Transformed value for current_1.9V_pol = 1153.9385334
Matching row  18
coeffs for Last measurement in raw DN for Processor Board signal “ProcBd Temp1”= [162.8276 -0.2668687 0.0003323794 -2.43153e-07 9.034532e-11 -1.327735e-14
 0.0 0.0]
var_name = Last measurement in raw DN for Processor Board signal “ProcBd Temp1”
var_name = temperature_1
Header info = 1250
Transformed value for temperature_1 = 53.72670668945321
Matching row  18
coeffs for nan= [-104713.9 52.02446 -0.006463374 0.0 0.0 0.0 0.0 0.0]
var_name = nan
var_name = None
KeyError: (8, None) - Could not find entry for None, 48. Please check the Var_notes or variable mapping.
Matching row  18
coeffs for Last measurement in raw DN for Processor Board signal “ProcBd Temp2”= [162.8276 -0.2668687 0.0003323794 -2.43153e-07 9.034532e-11 -1.327735e-14
 0.0 0.0]
var_name = Last measurement in raw DN for Processor Board signal “ProcBd Temp2”
var_name = temperature_2
Header info = 1624
Transformed value for temperature_2 = 43.030834589476854
Matching row  18
coeffs for Last measurement in raw DN for Processor Board signal “1V Voltage”= [0.0 0.000805861 0.0 0.0 0.0 0.0 0.0 0.0]
var_name = Last measurement in raw DN for Processor Board signal “1V Voltage”
var_name = voltage_1V_bus
Header info = 1242
Transformed value for voltage_1V_bus = 1.0008793619999998
Matching row  18
coeffs for Last measurement in raw DN for Processor Board signal “FPGA Temp”= [358.31 -0.1187104 0.0 0.0 0.0 0.0 0.0 0.0]
var_name = Last measurement in raw DN for Processor Board signal “FPGA Temp”
var_name = fpga_temperature
Header info = 2578
Transformed value for fpga_temperature = 52.274588800000004
Matching row  18
coeffs for Last measurement in raw DN for Processor Board signal “1.9V Voltage”= [0.0 0.000805861 0.0 0.0 0.0 0.0 0.0 0.0]
var_name = Last measurement in raw DN for Processor Board signal “1.9V Voltage”
var_name = voltage_1.9V_bus
Header info = 2328
Transformed value for voltage_1.9V_bus = 1.8760444079999998
Matching row  18
coeffs for Last measurement in raw DN for Processor Board signal “3.3V Voltage”= [0.0 0.001611722 0.0 0.0 0.0 0.0 0.0 0.0]
var_name = Last measurement in raw DN for Processor Board signal “3.3V Voltage”
var_name = voltage_3.3V_bus
Header info = 2040
Transformed value for voltage_3.3V_bus = 3.28791288
Matching row  18
coeffs for Last measurement in raw DN for HVPS Board signal “Detector Voltage”= [0.0 1.4652 0.0 0.0 0.0 0.0 0.0 0.0]
var_name = Last measurement in raw DN for HVPS Board signal “Detector Voltage”
var_name = detector_voltage
Header info = 1367
Transformed value for detector_voltage = 2002.9284
Matching row  18
coeffs for Last measurement in raw DN for HVPS Board signal “Sensor Voltage"= [0.0 1.4652 0.0 0.0 0.0 0.0 0.0 0.0]
var_name = Last measurement in raw DN for HVPS Board signal “Sensor Voltage"
var_name = sensor_voltage
Header info = 2012
Transformed value for sensor_voltage = 2947.9824000000003
Matching row  18
coeffs for Last measurement in raw DN for HVPS Board signal “Target Voltage”= [0.0 1.4652 0.0 0.0 0.0 0.0 0.0 0.0]
var_name = Last measurement in raw DN for HVPS Board signal “Target Voltage”
var_name = target_voltage
Header info = 1710
Transformed value for target_voltage = 2505.492
Matching row  18
coeffs for Last measurement in raw DN for HVPS Board signal “Reflectron Voltage”= [0.0 1.4652 0.0 0.0 0.0 0.0 0.0 0.0]
var_name = Last measurement in raw DN for HVPS Board signal “Reflectron Voltage”
var_name = reflectron_voltage
Header info = 135
Transformed value for reflectron_voltage = 197.80200000000002
Matching row  18
coeffs for Last measurement in raw DN for HVPS Board signal “Rejection Voltage”= [0.0 1.4652 0.0 0.0 0.0 0.0 0.0 0.0]
var_name = Last measurement in raw DN for HVPS Board signal “Rejection Voltage”
var_name = rejection_voltage
Header info = 2010
Transformed value for rejection_voltage = 2945.052
Matching row  18
coeffs for Last measurement in raw DN for HVPS Board signal “Detector Current”= [0.0 7.326e-06 0.0 0.0 0.0 0.0 0.0 0.0]
var_name = Last measurement in raw DN for HVPS Board signal “Detector Current”
var_name = current_hvps_sensor
Header info = 1949
Transformed value for current_hvps_sensor = 0.014278374
Matching row  18
coeffs for Last measurement in raw DN for HVPS Board signal “Sensor IP”= [0.0 2.4339e-05 0.0 0.0 0.0 0.0 0.0 0.0]
var_name = Last measurement in raw DN for HVPS Board signal “Sensor IP”
var_name = positive_current_hvps
Header info = 2703
Transformed value for positive_current_hvps = 0.065788317
Matching row  18
coeffs for Last measurement in raw DN for HVPS Board signal “Sensor IN”= [0.0 2.4339e-05 0.0 0.0 0.0 0.0 0.0 0.0]
var_name = Last measurement in raw DN for HVPS Board signal “Sensor IN”
var_name = negative_current_hvps
Header info = 305
Transformed value for negative_current_hvps = 0.007423394999999999
Matching row  18
coeffs for Last measurement in raw DN for LVPS Board signal “P3.3VREF_HK”= [0.0 0.00161172 0.0 0.0 0.0 0.0 0.0 0.0]
var_name = Last measurement in raw DN for LVPS Board signal “P3.3VREF_HK”
var_name = voltage_3V3_ref
Header info = 2048
Transformed value for voltage_3V3_ref = 3.30080256
Matching row  18
coeffs for Last measurement in raw DN for LVPS Board signal “P3.3VREF_OP”= [0.0 0.00161172 0.0 0.0 0.0 0.0 0.0 0.0]
var_name = Last measurement in raw DN for LVPS Board signal “P3.3VREF_OP”
var_name = voltage_3V3_op_ref
Header info = 2048
Transformed value for voltage_3V3_op_ref = 3.30080256
Matching row  18
coeffs for Last measurement in raw DN for LVPS Board signal “N6V”= [-33.0 0.00886447 0.0 0.0 0.0 0.0 0.0 0.0]
var_name = Last measurement in raw DN for LVPS Board signal “N6V”
var_name = voltage_neg6V_bus
Header info = 3001
Transformed value for voltage_neg6V_bus = -6.397725530000002
Matching row  18
coeffs for Last measurement in raw DN for LVPS Board signal “P6V”= [0.0 0.00241758 0.0 0.0 0.0 0.0 0.0 0.0]
var_name = Last measurement in raw DN for LVPS Board signal “P6V”
var_name = voltage_pos6V_bus
Header info = 2625
Transformed value for voltage_pos6V_bus = 6.3461475
Matching row  18
coeffs for Last measurement in raw DN for LVPS Board signal “P16V”= [0.0 0.00482711 0.0 0.0 0.0 0.0 0.0 0.0]
var_name = Last measurement in raw DN for LVPS Board signal “P16V”
var_name = voltage_pos16V_bus
Header info = 3179
Transformed value for voltage_pos16V_bus = 15.34538269
Matching row  18
coeffs for Last measurement in raw DN for LVPS Board signal “P3.3V”= [0.0 0.00161172 0.0 0.0 0.0 0.0 0.0 0.0]
var_name = Last measurement in raw DN for LVPS Board signal “P3.3V”
var_name = voltage_pos3V3_bus
Header info = 2056
Transformed value for voltage_pos3V3_bus = 3.31369632
Matching row  18
coeffs for Last measurement in raw DN for LVPS Board signal “N5V”= [-33.0 0.00886447 0.0 0.0 0.0 0.0 0.0 0.0]
var_name = Last measurement in raw DN for LVPS Board signal “N5V”
var_name = voltage_neg5V_bus
Header info = 3155
Transformed value for voltage_neg5V_bus = -5.032597150000001
Matching row  18
coeffs for Last measurement in raw DN for LVPS Board signal “P5V”= [0.0 0.00161172 0.0 0.0 0.0 0.0 0.0 0.0]
var_name = Last measurement in raw DN for LVPS Board signal “P5V”
var_name = voltage_pos5V_bus
Header info = 3143
Transformed value for voltage_pos5V_bus = 5.06563596
Matching row  18
coeffs for Last measurement in raw DN for LVPS Board signal “P3.3_IMON”= [0.0 0.00161172 0.0 0.0 0.0 0.0 0.0 0.0]
var_name = Last measurement in raw DN for LVPS Board signal “P3.3_IMON”
var_name = current_3V3_bus
Header info = 1678
Transformed value for current_3V3_bus = 2.70446616
Matching row  18
coeffs for Last measurement in raw DN for LVPS Board signal “P16V_IMON”= [0.0 0.000161172 0.0 0.0 0.0 0.0 0.0 0.0]
var_name = Last measurement in raw DN for LVPS Board signal “P16V_IMON”
var_name = current_16V_bus
Header info = 1136
Transformed value for current_16V_bus = 0.18309139200000002
Matching row  18
coeffs for Last measurement in raw DN for LVPS Board signal “P6V_IMON”= [0.0 8.05861e-05 0.0 0.0 0.0 0.0 0.0 0.0]
var_name = Last measurement in raw DN for LVPS Board signal “P6V_IMON”
var_name = current_6V_bus
Header info = 1482
Transformed value for current_6V_bus = 0.1194286002
Matching row  18
coeffs for Last measurement in raw DN for LVPS Board signal “N6V_IMON”= [0.0 -8.05861e-05 0.0 0.0 0.0 0.0 0.0 0.0]
var_name = Last measurement in raw DN for LVPS Board signal “N6V_IMON”
var_name = current_neg6V_bus
Header info = 1136
Transformed value for current_neg6V_bus = -0.0915458096
Matching row  18
coeffs for Last measurement in raw DN for LVPS Board signal “P5V_IMON”= [0.0 4.029304e-05 0.0 0.0 0.0 0.0 0.0 0.0]
var_name = Last measurement in raw DN for LVPS Board signal “P5V_IMON”
var_name = current_5V_bus
Header info = 1858
Transformed value for current_5V_bus = 0.07486446832
Matching row  18
coeffs for Last measurement in raw DN for LVPS Board signal “N5V_IMON”= [0.0 -2.01465e-05 0.0 0.0 0.0 0.0 0.0 0.0]
var_name = Last measurement in raw DN for LVPS Board signal “N5V_IMON”
var_name = current_neg5V_bus
Header info = 3276
Transformed value for current_neg5V_bus = -0.06599993400000001
Matching row  18
coeffs for Last measurement in raw DN for LVPS Board signal “P2.5V_IMON”= [0.0 0.00161172 0.0 0.0 0.0 0.0 0.0 0.0]
var_name = Last measurement in raw DN for LVPS Board signal “P2.5V_IMON”
var_name = current_2V5_bus
Header info = 453
Transformed value for current_2V5_bus = 0.73010916
Matching row  18
coeffs for Last measurement in raw DN for LVPS Board signal “N2.5V_IMON”= [0.0 -4.0293e-05 0.0 0.0 0.0 0.0 0.0 0.0]
var_name = Last measurement in raw DN for LVPS Board signal “N2.5V_IMON”
var_name = current_neg2V5_bus
Header info = 2943
Transformed value for current_neg2V5_bus = -0.118582299
Matching row  18
coeffs for Last measurement in raw DN for LVPS Board signal “THERM_DECON0”= [-110.293 0.0665351 0.000305738 -6.32048e-07 5.9934e-10 -2.98784e-13
 7.61361e-17 -7.76467e-21]
var_name = Last measurement in raw DN for LVPS Board signal “THERM_DECON0”
var_name = None
KeyError: (8, None) - Could not find entry for None, 38. Please check the Var_notes or variable mapping.
Matching row  18
coeffs for Last measurement in raw DN for LVPS Board signal “THERM_DECON1”= [-150.478 0.376986 -0.00062072 7.73853e-07 -5.81588e-10 2.56368e-13
 -6.05698e-17 5.96635e-21]
var_name = Last measurement in raw DN for LVPS Board signal “THERM_DECON1”
var_name = None
KeyError: (8, None) - Could not find entry for None, 39. Please check the Var_notes or variable mapping.
Matching row  18
coeffs for Last measurement in raw DN for LVPS Board signal “THERM_DAB”= [-443.248 1.31224 -0.00180422 1.40016e-06 -6.43766e-10 1.7448e-13
 -2.57695e-17 1.60239e-21]
var_name = Last measurement in raw DN for LVPS Board signal “THERM_DAB”
var_name = None
KeyError: (8, None) - Could not find entry for None, 40. Please check the Var_notes or variable mapping.
Matching row  18
coeffs for Last measurement in raw DN for LVPS Board signal “THERM_LVPS”= [200.4137 -0.2020699 0.000175403 -9.739547e-08 2.888932e-11 -3.545603e-15
 0.0 0.0]
var_name = Last measurement in raw DN for LVPS Board signal “THERM_LVPS”
var_name = None
KeyError: (8, None) - Could not find entry for None, 41. Please check the Var_notes or variable mapping.
Matching row  18
coeffs for Last measurement in raw DN for LVPS Board signal “THERM_HVPS”= [200.4137 -0.2020699 0.000175403 -9.739547e-08 2.888932e-11 -3.545603e-15
 0.0 0.0]
var_name = Last measurement in raw DN for LVPS Board signal “THERM_HVPS”
var_name = None
KeyError: (8, None) - Could not find entry for None, 45. Please check the Var_notes or variable mapping.
Matching row  18
coeffs for Last measurement in raw DN for LVPS Board signal “P2.5V”= [0.0 0.00161172 0.0 0.0 0.0 0.0 0.0 0.0]
var_name = Last measurement in raw DN for LVPS Board signal “P2.5V”
var_name = None
KeyError: (8, None) - Could not find entry for None, 49. Please check the Var_notes or variable mapping.
Matching row  18
coeffs for Last measurement in raw DN for LVPS Board signal “N2.5V”= [-33.0 0.00886447 0.0 0.0 0.0 0.0 0.0 0.0]
var_name = Last measurement in raw DN for LVPS Board signal “N2.5V”
var_name = None
KeyError: (8, None) - Could not find entry for None, 50. Please check the Var_notes or variable mapping.
Matching row  18
coeffs for Last measurement in raw DN for LVPS Board signal “Spare”= [0.0 0.00161172 0.0 0.0 0.0 0.0 0.0 0.0]
var_name = Last measurement in raw DN for LVPS Board signal “Spare”
var_name = spare_signal
KeyError: (8, 'spare_signal') - Could not find entry for spare_signal, 51. Please check the Var_notes or variable mapping.
High gain delay = 49 samples.
Mid gain delay = 15 samples.
Low gain delay = 15 samples.
High sampling trigger mode =  0 0 1
High gain trigger mode enabled.
For 2222981120, HG Trigger level = 0.15317, sample settings = 0, 0
Threshold trigger mode enabled for high gain channel.
AID = 2415277392
Event number = 67
Rice compression enabled = False
Timestamp = 439513230.4842 seconds since epoch (Midnight January 1st, 2010)
Trigger time = 2023-12-05T23:00:30.484200Z
8
8
8
8
8
8
8
8
8
8
8
8
8
{'SHCOARSE': ParsedDataItem(SHCOARSE, raw=439513454, derived=439513454, unit=dn), 'SHFINE': ParsedDataItem(SHFINE, raw=7596, derived=7596, unit=dn), 'IDX__SCI0AID': ParsedDataItem(IDX__SCI0AID, raw=2415277392, derived=2415277392, unit=None), 'IDX__SCI0TYPE': ParsedDataItem(IDX__SCI0TYPE, raw=1, derived=1, unit=None), 'IDX__SCI0CONT': ParsedDataItem(IDX__SCI0CONT, raw=127, derived=127, unit=None), 'IDX__SCI0SPARE1': ParsedDataItem(IDX__SCI0SPARE1, raw=0, derived=0, unit=None), 'IDX__SCI0PACK': ParsedDataItem(IDX__SCI0PACK, raw=1, derived=EN, unit=None), 'IDX__SCI0FRAG': ParsedDataItem(IDX__SCI0FRAG, raw=0, derived=DS, unit=None), 'IDX__SCI0COMP': ParsedDataItem(IDX__SCI0COMP, raw=0, derived=DS, unit=None), 'IDX__SCI0EVTNUM': ParsedDataItem(IDX__SCI0EVTNUM, raw=68, derived=68, unit=None), 'IDX__SCI0CAT': ParsedDataItem(IDX__SCI0CAT, raw=32, derived=32, unit=None), 'IDX__SCI0QUAL': ParsedDataItem(IDX__SCI0QUAL, raw=5, derived=5, unit=None), 'IDX__SCI0FRAGOFF': ParsedDataItem(IDX__SCI0FRAGOFF, raw=0, derived=0, unit=None), 'IDX__SCI0VER': ParsedDataItem(IDX__SCI0VER, raw=9, derived=9, unit=None), 'IDX__SCI0TIME32': ParsedDataItem(IDX__SCI0TIME32, raw=439513231, derived=439513231, unit=None), 'IDX__SCI0SPARE2': ParsedDataItem(IDX__SCI0SPARE2, raw=0, derived=0, unit=None), 'IDX__SCI0SPARE3': ParsedDataItem(IDX__SCI0SPARE3, raw=0, derived=0, unit=None), 'IDX__SCI0SPARE4': ParsedDataItem(IDX__SCI0SPARE4, raw=0, derived=0, unit=None), 'IDX__TXHDRSCIEVTLEN': ParsedDataItem(IDX__TXHDRSCIEVTLEN, raw=8320, derived=8320, unit=None), 'IDX__TXHDRSP00': ParsedDataItem(IDX__TXHDRSP00, raw=0, derived=0, unit=None), 'IDX__TXHDRTIMESEC1': ParsedDataItem(IDX__TXHDRTIMESEC1, raw=6706, derived=6706, unit=None), 'IDX__TXHDRTIMESEC2': ParsedDataItem(IDX__TXHDRTIMESEC2, raw=28815, derived=28815, unit=None), 'IDX__TXHDRTIMESUBS': ParsedDataItem(IDX__TXHDRTIMESUBS, raw=24207, derived=24207, unit=None), 'IDX__TXHDRSP01': ParsedDataItem(IDX__TXHDRSP01, raw=0, derived=0, unit=None), 'IDX__TXHDRTRIGOFFSET': ParsedDataItem(IDX__TXHDRTRIGOFFSET, raw=1, derived=1, unit=None), 'IDX__TXHDRSP02': ParsedDataItem(IDX__TXHDRSP02, raw=0, derived=0, unit=None), 'IDX__TXHDRTRIGID': ParsedDataItem(IDX__TXHDRTRIGID, raw=1, derived=1, unit=None), 'IDX__TXHDREVTNUM': ParsedDataItem(IDX__TXHDREVTNUM, raw=68, derived=68, unit=None), 'IDX__TXHDRBLOCKS': ParsedDataItem(IDX__TXHDRBLOCKS, raw=243679, derived=243679, unit=None), 'IDX__TXHDRHGTRIGCTRL1': ParsedDataItem(IDX__TXHDRHGTRIGCTRL1, raw=2222981120, derived=2222981120, unit=None), 'IDX__TXHDRHGTRIGCTRL2': ParsedDataItem(IDX__TXHDRHGTRIGCTRL2, raw=0, derived=0, unit=None), 'IDX__TXHDRLGTRIGCTRL1': ParsedDataItem(IDX__TXHDRLGTRIGCTRL1, raw=4294965248, derived=4294965248, unit=None), 'IDX__TXHDRLGTRIGCTRL2': ParsedDataItem(IDX__TXHDRLGTRIGCTRL2, raw=4278255360, derived=4278255360, unit=None), 'IDX__TXHDRMGTRIGCTRL1': ParsedDataItem(IDX__TXHDRMGTRIGCTRL1, raw=4294965248, derived=4294965248, unit=None), 'IDX__TXHDRMGTRIGCTRL2': ParsedDataItem(IDX__TXHDRMGTRIGCTRL2, raw=4278255360, derived=4278255360, unit=None), 'IDX__TXHDRSP03': ParsedDataItem(IDX__TXHDRSP03, raw=0, derived=0, unit=None), 'IDX__TXHDRLSADC': ParsedDataItem(IDX__TXHDRLSADC, raw=1048320, derived=1048320, unit=None), 'IDX__TXHDRPOLSTAT': ParsedDataItem(IDX__TXHDRPOLSTAT, raw=1, derived=NEG, unit=None), 'IDX__TXHDRSP04': ParsedDataItem(IDX__TXHDRSP04, raw=0, derived=0, unit=None), 'IDX__TXHDRPOLCTRL': ParsedDataItem(IDX__TXHDRPOLCTRL, raw=0, derived=POS, unit=None), 'IDX__TXHDRCOINENA': ParsedDataItem(IDX__TXHDRCOINENA, raw=0, derived=DIS, unit=None), 'IDX__TXHDRLSTRIGMODE': ParsedDataItem(IDX__TXHDRLSTRIGMODE, raw=0, derived=DIS, unit=None), 'IDX__TXHDRMGTRIGMODE': ParsedDataItem(IDX__TXHDRMGTRIGMODE, raw=0, derived=0, unit=None), 'IDX__TXHDRLGTRIGMODE': ParsedDataItem(IDX__TXHDRLGTRIGMODE, raw=0, derived=0, unit=None), 'IDX__TXHDRHGTRIGMODE': ParsedDataItem(IDX__TXHDRHGTRIGMODE, raw=1, derived=1, unit=None), 'IDX__TXHDRSP05': ParsedDataItem(IDX__TXHDRSP05, raw=0, derived=0, unit=None), 'IDX__TXHDRSP06': ParsedDataItem(IDX__TXHDRSP06, raw=0, derived=0, unit=None), 'IDX__TXHDRSP07': ParsedDataItem(IDX__TXHDRSP07, raw=2020, derived=2020, unit=None), 'IDX__TXHDRSP08': ParsedDataItem(IDX__TXHDRSP08, raw=0, derived=0, unit=None), 'IDX__TXHDRTOFMAX': ParsedDataItem(IDX__TXHDRTOFMAX, raw=543693430, derived=543693430, unit=None), 'IDX__TXHDRTOFMIN': ParsedDataItem(IDX__TXHDRTOFMIN, raw=535295476, derived=535295476, unit=None), 'IDX__TXHDRLS0MAXMIN': ParsedDataItem(IDX__TXHDRLS0MAXMIN, raw=8468493, derived=8468493, unit=None), 'IDX__TXHDRLS1MAXMIN': ParsedDataItem(IDX__TXHDRLS1MAXMIN, raw=8447979, derived=8447979, unit=None), 'IDX__TXHDRLS2MAXMIN': ParsedDataItem(IDX__TXHDRLS2MAXMIN, raw=8497124, derived=8497124, unit=None), 'IDX__TXHDRFIFODELAY': ParsedDataItem(IDX__TXHDRFIFODELAY, raw=16, derived=16, unit=None), 'IDX__TXHDRSAMPDELAY': ParsedDataItem(IDX__TXHDRSAMPDELAY, raw=7347238, derived=7347238, unit=None), 'IDX__TXHDRTRANSCNT': ParsedDataItem(IDX__TXHDRTRANSCNT, raw=2, derived=2, unit=None), 'IDX__TXHDRPROCHKCH01': ParsedDataItem(IDX__TXHDRPROCHKCH01, raw=83690305, derived=83690305, unit=None), 'IDX__TXHDRPROCHKCH23': ParsedDataItem(IDX__TXHDRPROCHKCH23, raw=106431714, derived=106431714, unit=None), 'IDX__TXHDRPROCHKCH45': ParsedDataItem(IDX__TXHDRPROCHKCH45, raw=168953050, derived=168953050, unit=None), 'IDX__TXHDRPROCHKCH67': ParsedDataItem(IDX__TXHDRPROCHKCH67, raw=133695768, derived=133695768, unit=None), 'IDX__TXHDRHVPSHKCH01': ParsedDataItem(IDX__TXHDRHVPSHKCH01, raw=131794263, derived=131794263, unit=None), 'IDX__TXHDRHVPSHKCH23': ParsedDataItem(IDX__TXHDRHVPSHKCH23, raw=8849070, derived=8849070, unit=None), 'IDX__TXHDRHVPSHKCH45': ParsedDataItem(IDX__TXHDRHVPSHKCH45, raw=127797210, derived=127797210, unit=None), 'IDX__TXHDRHVPSHKCH67': ParsedDataItem(IDX__TXHDRHVPSHKCH67, raw=19991183, derived=19991183, unit=None), 'IDX__TXHDRLVHK0CH01': ParsedDataItem(IDX__TXHDRLVHK0CH01, raw=134219776, derived=134219776, unit=None), 'IDX__TXHDRLVHK0CH23': ParsedDataItem(IDX__TXHDRLVHK0CH23, raw=172035001, derived=172035001, unit=None), 'IDX__TXHDRLVHK0CH45': ParsedDataItem(IDX__TXHDRLVHK0CH45, raw=134745196, derived=134745196, unit=None), 'IDX__TXHDRLVHK0CH67': ParsedDataItem(IDX__TXHDRLVHK0CH67, raw=205982803, derived=205982803, unit=None), 'IDX__TXHDRLVHK1CH01': ParsedDataItem(IDX__TXHDRLVHK1CH01, raw=33621647, derived=33621647, unit=None), 'IDX__TXHDRLVHK1CH23': ParsedDataItem(IDX__TXHDRLVHK1CH23, raw=74450378, derived=74450378, unit=None), 'IDX__TXHDRLVHK1CH45': ParsedDataItem(IDX__TXHDRLVHK1CH45, raw=214697794, derived=214697794, unit=None), 'IDX__TXHDRLVHK1CH67': ParsedDataItem(IDX__TXHDRLVHK1CH67, raw=192872901, derived=192872901, unit=None), 'IDX__TXHDRLVHK2CH01': ParsedDataItem(IDX__TXHDRLVHK2CH01, raw=81659105, derived=81659105, unit=None), 'IDX__TXHDRLVHK2CH23': ParsedDataItem(IDX__TXHDRLVHK2CH23, raw=192154335, derived=192154335, unit=None), 'IDX__TXHDRLVHK2CH45': ParsedDataItem(IDX__TXHDRLVHK2CH45, raw=101059654, derived=101059654, unit=None), 'IDX__TXHDRLVHK2CH67': ParsedDataItem(IDX__TXHDRLVHK2CH67, raw=69017, derived=69017, unit=None), 'IDX__TXHDRSP09': ParsedDataItem(IDX__TXHDRSP09, raw=0, derived=0, unit=None), 'IDX__TXHDRSP10': ParsedDataItem(IDX__TXHDRSP10, raw=0, derived=0, unit=None), 'IDX__TXHDRFSWAIDCOPY': ParsedDataItem(IDX__TXHDRFSWAIDCOPY, raw=2415277392, derived=2415277392, unit=None), 'IDX__TXHDRFSWBINCOPY': ParsedDataItem(IDX__TXHDRFSWBINCOPY, raw=0, derived=0, unit=None), 'IDX__TXHDRFSWMAJOR': ParsedDataItem(IDX__TXHDRFSWMAJOR, raw=2, derived=2, unit=None), 'IDX__TXHDRFSWMINOR': ParsedDataItem(IDX__TXHDRFSWMINOR, raw=0, derived=0, unit=None), 'IDX__TXHDRFSWPATCH': ParsedDataItem(IDX__TXHDRFSWPATCH, raw=0, derived=0, unit=None), 'IDX__TXHDRFSWHVSTAT': ParsedDataItem(IDX__TXHDRFSWHVSTAT, raw=3, derived=3, unit=None), 'IDX__TXHDRFSWMEM0': ParsedDataItem(IDX__TXHDRFSWMEM0, raw=0, derived=0, unit=None), 'IDX__TXHDRFSWMEM1': ParsedDataItem(IDX__TXHDRFSWMEM1, raw=0, derived=0, unit=None), 'IDX__TXHDRFSWPT0': ParsedDataItem(IDX__TXHDRFSWPT0, raw=0, derived=0, unit=None), 'IDX__TXHDRFSWPT1': ParsedDataItem(IDX__TXHDRFSWPT1, raw=0, derived=0, unit=None), 'IDX__TXHDRFSWPT2': ParsedDataItem(IDX__TXHDRFSWPT2, raw=0, derived=0, unit=None), 'IDX__TXHDRFSWPT3': ParsedDataItem(IDX__TXHDRFSWPT3, raw=0, derived=0, unit=None), 'IDX__TXHDRFSWPT4': ParsedDataItem(IDX__TXHDRFSWPT4, raw=0, derived=0, unit=None), 'IDX__TXHDRFSWPT5': ParsedDataItem(IDX__TXHDRFSWPT5, raw=0, derived=0, unit=None), 'IDX__TXHDRFSWPT6': ParsedDataItem(IDX__TXHDRFSWPT6, raw=0, derived=0, unit=None), 'IDX__TXHDRFSWPT7': ParsedDataItem(IDX__TXHDRFSWPT7, raw=0, derived=0, unit=None), 'IDX__TXHDRFSWPT8': ParsedDataItem(IDX__TXHDRFSWPT8, raw=0, derived=0, unit=None), 'IDX__TXHDRFSWPT9': ParsedDataItem(IDX__TXHDRFSWPT9, raw=0, derived=0, unit=None), 'IDX__TXHDRFPGAVER': ParsedDataItem(IDX__TXHDRFPGAVER, raw=539165480, derived=539165480, unit=None), 'IDX__SYNCSCI0PKT': ParsedDataItem(IDX__SYNCSCI0PKT, raw=13107, derived=13107, unit=None), 'IDX__CRCSCI0PKT': ParsedDataItem(IDX__CRCSCI0PKT, raw=46273, derived=46273, unit=None)}
SHCOARSE = 439513454
SHFINE = 7596
IDX__SCI0AID = 2415277392
IDX__SCI0TYPE = 1
IDX__SCI0CONT = 127
IDX__SCI0SPARE1 = 0
IDX__SCI0PACK = EN
IDX__SCI0FRAG = DS
IDX__SCI0COMP = DS
IDX__SCI0EVTNUM = 68
IDX__SCI0CAT = 32
IDX__SCI0QUAL = 5
IDX__SCI0FRAGOFF = 0
IDX__SCI0VER = 9
IDX__SCI0TIME32 = 439513231
IDX__SCI0SPARE2 = 0
IDX__SCI0SPARE3 = 0
IDX__SCI0SPARE4 = 0
IDX__TXHDRSCIEVTLEN = 8320
IDX__TXHDRSP00 = 0
IDX__TXHDRTIMESEC1 = 6706
IDX__TXHDRTIMESEC2 = 28815
IDX__TXHDRTIMESUBS = 24207
IDX__TXHDRSP01 = 0
IDX__TXHDRTRIGOFFSET = 1
IDX__TXHDRSP02 = 0
IDX__TXHDRTRIGID = 1
IDX__TXHDREVTNUM = 68
IDX__TXHDRBLOCKS = 243679
IDX__TXHDRHGTRIGCTRL1 = 2222981120
IDX__TXHDRHGTRIGCTRL2 = 0
IDX__TXHDRLGTRIGCTRL1 = 4294965248
IDX__TXHDRLGTRIGCTRL2 = 4278255360
IDX__TXHDRMGTRIGCTRL1 = 4294965248
IDX__TXHDRMGTRIGCTRL2 = 4278255360
IDX__TXHDRSP03 = 0
IDX__TXHDRLSADC = 1048320
IDX__TXHDRPOLSTAT = NEG
IDX__TXHDRSP04 = 0
IDX__TXHDRPOLCTRL = POS
IDX__TXHDRCOINENA = DIS
IDX__TXHDRLSTRIGMODE = DIS
IDX__TXHDRMGTRIGMODE = 0
IDX__TXHDRLGTRIGMODE = 0
IDX__TXHDRHGTRIGMODE = 1
IDX__TXHDRSP05 = 0
IDX__TXHDRSP06 = 0
IDX__TXHDRSP07 = 2020
IDX__TXHDRSP08 = 0
IDX__TXHDRTOFMAX = 543693430
IDX__TXHDRTOFMIN = 535295476
IDX__TXHDRLS0MAXMIN = 8468493
IDX__TXHDRLS1MAXMIN = 8447979
IDX__TXHDRLS2MAXMIN = 8497124
IDX__TXHDRFIFODELAY = 16
IDX__TXHDRSAMPDELAY = 7347238
IDX__TXHDRTRANSCNT = 2
IDX__TXHDRPROCHKCH01 = 83690305
IDX__TXHDRPROCHKCH23 = 106431714
IDX__TXHDRPROCHKCH45 = 168953050
IDX__TXHDRPROCHKCH67 = 133695768
IDX__TXHDRHVPSHKCH01 = 131794263
IDX__TXHDRHVPSHKCH23 = 8849070
IDX__TXHDRHVPSHKCH45 = 127797210
IDX__TXHDRHVPSHKCH67 = 19991183
IDX__TXHDRLVHK0CH01 = 134219776
IDX__TXHDRLVHK0CH23 = 172035001
IDX__TXHDRLVHK0CH45 = 134745196
IDX__TXHDRLVHK0CH67 = 205982803
IDX__TXHDRLVHK1CH01 = 33621647
IDX__TXHDRLVHK1CH23 = 74450378
IDX__TXHDRLVHK1CH45 = 214697794
IDX__TXHDRLVHK1CH67 = 192872901
IDX__TXHDRLVHK2CH01 = 81659105
IDX__TXHDRLVHK2CH23 = 192154335
IDX__TXHDRLVHK2CH45 = 101059654
IDX__TXHDRLVHK2CH67 = 69017
IDX__TXHDRSP09 = 0
IDX__TXHDRSP10 = 0
IDX__TXHDRFSWAIDCOPY = 2415277392
IDX__TXHDRFSWBINCOPY = 0
IDX__TXHDRFSWMAJOR = 2
IDX__TXHDRFSWMINOR = 0
IDX__TXHDRFSWPATCH = 0
IDX__TXHDRFSWHVSTAT = 3
IDX__TXHDRFSWMEM0 = 0
IDX__TXHDRFSWMEM1 = 0
IDX__TXHDRFSWPT0 = 0
IDX__TXHDRFSWPT1 = 0
IDX__TXHDRFSWPT2 = 0
IDX__TXHDRFSWPT3 = 0
IDX__TXHDRFSWPT4 = 0
IDX__TXHDRFSWPT5 = 0
IDX__TXHDRFSWPT6 = 0
IDX__TXHDRFSWPT7 = 0
IDX__TXHDRFSWPT8 = 0
IDX__TXHDRFSWPT9 = 0
IDX__TXHDRFPGAVER = 539165480
IDX__SYNCSCI0PKT = 13107
IDX__CRCSCI0PKT = 46273
^*****Event header 9******^
EVTNUM: 9
SCI0TYPE: 1
TXHDRBLOCKS RAW: 243679
TXHDRBLOCKS DERIVED: 243679
-----
HS pre trig sampling blocks:  31
LS pre trig sampling blocks:  3
HS post trig sampling blocks:  31
LS post trig sampling blocks:  11
IDX__TXHDRHVPSHKCH01 = 131794263
Detector voltage =  1367
Sensor voltage =  2011
Target voltage =  1710
Reflectron voltage =  135
Rejection voltage =  2010
Current for HVPS sensor =  1950
Positive current for HVPS sensor =  2703
Negative current for HVPS sensor =  305
Voltage +3.3V reference =  2048
Voltage +3.3V operational reference =  2048
Voltage -6V bus =  3001
Voltage +6V bus =  2625
Voltage +16V bus =  3180
Voltage +3.3V bus =  2056
Voltage -5V bus =  3155
Voltage +5V bus =  3143
Current +3.3V bus =  1679
Current +16V bus =  1136
Current +6V bus =  1482
Current -6V bus =  1136
Current +5V bus =  1858
Current -5V bus =  3276
Current +2.5V bus =  453
Current -2.5V bus =  2943
Current on the 1V POL =  833
Current on the 1.9V POL =  1277
ProcBd Temperature 1 =  1250
ProcBd Temperature 2 =  1624
Voltage on 1V bus =  1242
FPGA Temperature =  2578
Voltage on 1.9V bus =  2328
Voltage on 3.3V bus =  2040
var_to_row = {'Last measurement in raw DN for Processor Board signal “1V POL Current”': 0, 'Last measurement in raw DN for Processor Board signal “1.9V POL Current”': 1, 'Last measurement in raw DN for Processor Board signal “ProcBd Temp1”': 2, nan: 48, 'Last measurement in raw DN for Processor Board signal “ProcBd Temp2”': 6, 'Last measurement in raw DN for Processor Board signal “1V Voltage”': 10, 'Last measurement in raw DN for Processor Board signal “FPGA Temp”': 11, 'Last measurement in raw DN for Processor Board signal “1.9V Voltage”': 12, 'Last measurement in raw DN for Processor Board signal “3.3V Voltage”': 13, 'Last measurement in raw DN for HVPS Board signal “Detector Voltage”': 14, 'Last measurement in raw DN for HVPS Board signal “Sensor Voltage"': 15, 'Last measurement in raw DN for HVPS Board signal “Target Voltage”': 16, 'Last measurement in raw DN for HVPS Board signal “Reflectron Voltage”': 17, 'Last measurement in raw DN for HVPS Board signal “Rejection Voltage”': 18, 'Last measurement in raw DN for HVPS Board signal “Detector Current”': 19, 'Last measurement in raw DN for HVPS Board signal “Sensor IP”': 20, 'Last measurement in raw DN for HVPS Board signal “Sensor IN”': 21, 'Last measurement in raw DN for LVPS Board signal “P3.3VREF_HK”': 22, 'Last measurement in raw DN for LVPS Board signal “P3.3VREF_OP”': 23, 'Last measurement in raw DN for LVPS Board signal “N6V”': 24, 'Last measurement in raw DN for LVPS Board signal “P6V”': 25, 'Last measurement in raw DN for LVPS Board signal “P16V”': 26, 'Last measurement in raw DN for LVPS Board signal “P3.3V”': 27, 'Last measurement in raw DN for LVPS Board signal “N5V”': 28, 'Last measurement in raw DN for LVPS Board signal “P5V”': 29, 'Last measurement in raw DN for LVPS Board signal “P3.3_IMON”': 30, 'Last measurement in raw DN for LVPS Board signal “P16V_IMON”': 31, 'Last measurement in raw DN for LVPS Board signal “P6V_IMON”': 32, 'Last measurement in raw DN for LVPS Board signal “N6V_IMON”': 33, 'Last measurement in raw DN for LVPS Board signal “P5V_IMON”': 34, 'Last measurement in raw DN for LVPS Board signal “N5V_IMON”': 35, 'Last measurement in raw DN for LVPS Board signal “P2.5V_IMON”': 36, 'Last measurement in raw DN for LVPS Board signal “N2.5V_IMON”': 37, 'Last measurement in raw DN for LVPS Board signal “THERM_DECON0”': 38, 'Last measurement in raw DN for LVPS Board signal “THERM_DECON1”': 39, 'Last measurement in raw DN for LVPS Board signal “THERM_DAB”': 40, 'Last measurement in raw DN for LVPS Board signal “THERM_LVPS”': 41, 'Last measurement in raw DN for LVPS Board signal “THERM_HVPS”': 45, 'Last measurement in raw DN for LVPS Board signal “P2.5V”': 49, 'Last measurement in raw DN for LVPS Board signal “N2.5V”': 50, 'Last measurement in raw DN for LVPS Board signal “Spare”': 51}

 
 ***** var_name being converted for each instrument setting ***** 
 

Matching row  18
coeffs for Last measurement in raw DN for Processor Board signal “1V POL Current”= [0.0 0.9029253 0.0 0.0 0.0 0.0 0.0 0.0]
var_name = Last measurement in raw DN for Processor Board signal “1V POL Current”
var_name = current_1V_pol
Header info = 833
Transformed value for current_1V_pol = 752.1367749000001
Matching row  18
coeffs for Last measurement in raw DN for Processor Board signal “1.9V POL Current”= [0.0 0.9029253 0.0 0.0 0.0 0.0 0.0 0.0]
var_name = Last measurement in raw DN for Processor Board signal “1.9V POL Current”
var_name = current_1.9V_pol
Header info = 1277
Transformed value for current_1.9V_pol = 1153.0356081
Matching row  18
coeffs for Last measurement in raw DN for Processor Board signal “ProcBd Temp1”= [162.8276 -0.2668687 0.0003323794 -2.43153e-07 9.034532e-11 -1.327735e-14
 0.0 0.0]
var_name = Last measurement in raw DN for Processor Board signal “ProcBd Temp1”
var_name = temperature_1
Header info = 1250
Transformed value for temperature_1 = 53.72670668945321
Matching row  18
coeffs for nan= [-104713.9 52.02446 -0.006463374 0.0 0.0 0.0 0.0 0.0]
var_name = nan
var_name = None
KeyError: (9, None) - Could not find entry for None, 48. Please check the Var_notes or variable mapping.
Matching row  18
coeffs for Last measurement in raw DN for Processor Board signal “ProcBd Temp2”= [162.8276 -0.2668687 0.0003323794 -2.43153e-07 9.034532e-11 -1.327735e-14
 0.0 0.0]
var_name = Last measurement in raw DN for Processor Board signal “ProcBd Temp2”
var_name = temperature_2
Header info = 1624
Transformed value for temperature_2 = 43.030834589476854
Matching row  18
coeffs for Last measurement in raw DN for Processor Board signal “1V Voltage”= [0.0 0.000805861 0.0 0.0 0.0 0.0 0.0 0.0]
var_name = Last measurement in raw DN for Processor Board signal “1V Voltage”
var_name = voltage_1V_bus
Header info = 1242
Transformed value for voltage_1V_bus = 1.0008793619999998
Matching row  18
coeffs for Last measurement in raw DN for Processor Board signal “FPGA Temp”= [358.31 -0.1187104 0.0 0.0 0.0 0.0 0.0 0.0]
var_name = Last measurement in raw DN for Processor Board signal “FPGA Temp”
var_name = fpga_temperature
Header info = 2578
Transformed value for fpga_temperature = 52.274588800000004
Matching row  18
coeffs for Last measurement in raw DN for Processor Board signal “1.9V Voltage”= [0.0 0.000805861 0.0 0.0 0.0 0.0 0.0 0.0]
var_name = Last measurement in raw DN for Processor Board signal “1.9V Voltage”
var_name = voltage_1.9V_bus
Header info = 2328
Transformed value for voltage_1.9V_bus = 1.8760444079999998
Matching row  18
coeffs for Last measurement in raw DN for Processor Board signal “3.3V Voltage”= [0.0 0.001611722 0.0 0.0 0.0 0.0 0.0 0.0]
var_name = Last measurement in raw DN for Processor Board signal “3.3V Voltage”
var_name = voltage_3.3V_bus
Header info = 2040
Transformed value for voltage_3.3V_bus = 3.28791288
Matching row  18
coeffs for Last measurement in raw DN for HVPS Board signal “Detector Voltage”= [0.0 1.4652 0.0 0.0 0.0 0.0 0.0 0.0]
var_name = Last measurement in raw DN for HVPS Board signal “Detector Voltage”
var_name = detector_voltage
Header info = 1367
Transformed value for detector_voltage = 2002.9284
Matching row  18
coeffs for Last measurement in raw DN for HVPS Board signal “Sensor Voltage"= [0.0 1.4652 0.0 0.0 0.0 0.0 0.0 0.0]
var_name = Last measurement in raw DN for HVPS Board signal “Sensor Voltage"
var_name = sensor_voltage
Header info = 2011
Transformed value for sensor_voltage = 2946.5172000000002
Matching row  18
coeffs for Last measurement in raw DN for HVPS Board signal “Target Voltage”= [0.0 1.4652 0.0 0.0 0.0 0.0 0.0 0.0]
var_name = Last measurement in raw DN for HVPS Board signal “Target Voltage”
var_name = target_voltage
Header info = 1710
Transformed value for target_voltage = 2505.492
Matching row  18
coeffs for Last measurement in raw DN for HVPS Board signal “Reflectron Voltage”= [0.0 1.4652 0.0 0.0 0.0 0.0 0.0 0.0]
var_name = Last measurement in raw DN for HVPS Board signal “Reflectron Voltage”
var_name = reflectron_voltage
Header info = 135
Transformed value for reflectron_voltage = 197.80200000000002
Matching row  18
coeffs for Last measurement in raw DN for HVPS Board signal “Rejection Voltage”= [0.0 1.4652 0.0 0.0 0.0 0.0 0.0 0.0]
var_name = Last measurement in raw DN for HVPS Board signal “Rejection Voltage”
var_name = rejection_voltage
Header info = 2010
Transformed value for rejection_voltage = 2945.052
Matching row  18
coeffs for Last measurement in raw DN for HVPS Board signal “Detector Current”= [0.0 7.326e-06 0.0 0.0 0.0 0.0 0.0 0.0]
var_name = Last measurement in raw DN for HVPS Board signal “Detector Current”
var_name = current_hvps_sensor
Header info = 1950
Transformed value for current_hvps_sensor = 0.0142857
Matching row  18
coeffs for Last measurement in raw DN for HVPS Board signal “Sensor IP”= [0.0 2.4339e-05 0.0 0.0 0.0 0.0 0.0 0.0]
var_name = Last measurement in raw DN for HVPS Board signal “Sensor IP”
var_name = positive_current_hvps
Header info = 2703
Transformed value for positive_current_hvps = 0.065788317
Matching row  18
coeffs for Last measurement in raw DN for HVPS Board signal “Sensor IN”= [0.0 2.4339e-05 0.0 0.0 0.0 0.0 0.0 0.0]
var_name = Last measurement in raw DN for HVPS Board signal “Sensor IN”
var_name = negative_current_hvps
Header info = 305
Transformed value for negative_current_hvps = 0.007423394999999999
Matching row  18
coeffs for Last measurement in raw DN for LVPS Board signal “P3.3VREF_HK”= [0.0 0.00161172 0.0 0.0 0.0 0.0 0.0 0.0]
var_name = Last measurement in raw DN for LVPS Board signal “P3.3VREF_HK”
var_name = voltage_3V3_ref
Header info = 2048
Transformed value for voltage_3V3_ref = 3.30080256
Matching row  18
coeffs for Last measurement in raw DN for LVPS Board signal “P3.3VREF_OP”= [0.0 0.00161172 0.0 0.0 0.0 0.0 0.0 0.0]
var_name = Last measurement in raw DN for LVPS Board signal “P3.3VREF_OP”
var_name = voltage_3V3_op_ref
Header info = 2048
Transformed value for voltage_3V3_op_ref = 3.30080256
Matching row  18
coeffs for Last measurement in raw DN for LVPS Board signal “N6V”= [-33.0 0.00886447 0.0 0.0 0.0 0.0 0.0 0.0]
var_name = Last measurement in raw DN for LVPS Board signal “N6V”
var_name = voltage_neg6V_bus
Header info = 3001
Transformed value for voltage_neg6V_bus = -6.397725530000002
Matching row  18
coeffs for Last measurement in raw DN for LVPS Board signal “P6V”= [0.0 0.00241758 0.0 0.0 0.0 0.0 0.0 0.0]
var_name = Last measurement in raw DN for LVPS Board signal “P6V”
var_name = voltage_pos6V_bus
Header info = 2625
Transformed value for voltage_pos6V_bus = 6.3461475
Matching row  18
coeffs for Last measurement in raw DN for LVPS Board signal “P16V”= [0.0 0.00482711 0.0 0.0 0.0 0.0 0.0 0.0]
var_name = Last measurement in raw DN for LVPS Board signal “P16V”
var_name = voltage_pos16V_bus
Header info = 3180
Transformed value for voltage_pos16V_bus = 15.3502098
Matching row  18
coeffs for Last measurement in raw DN for LVPS Board signal “P3.3V”= [0.0 0.00161172 0.0 0.0 0.0 0.0 0.0 0.0]
var_name = Last measurement in raw DN for LVPS Board signal “P3.3V”
var_name = voltage_pos3V3_bus
Header info = 2056
Transformed value for voltage_pos3V3_bus = 3.31369632
Matching row  18
coeffs for Last measurement in raw DN for LVPS Board signal “N5V”= [-33.0 0.00886447 0.0 0.0 0.0 0.0 0.0 0.0]
var_name = Last measurement in raw DN for LVPS Board signal “N5V”
var_name = voltage_neg5V_bus
Header info = 3155
Transformed value for voltage_neg5V_bus = -5.032597150000001
Matching row  18
coeffs for Last measurement in raw DN for LVPS Board signal “P5V”= [0.0 0.00161172 0.0 0.0 0.0 0.0 0.0 0.0]
var_name = Last measurement in raw DN for LVPS Board signal “P5V”
var_name = voltage_pos5V_bus
Header info = 3143
Transformed value for voltage_pos5V_bus = 5.06563596
Matching row  18
coeffs for Last measurement in raw DN for LVPS Board signal “P3.3_IMON”= [0.0 0.00161172 0.0 0.0 0.0 0.0 0.0 0.0]
var_name = Last measurement in raw DN for LVPS Board signal “P3.3_IMON”
var_name = current_3V3_bus
Header info = 1679
Transformed value for current_3V3_bus = 2.70607788
Matching row  18
coeffs for Last measurement in raw DN for LVPS Board signal “P16V_IMON”= [0.0 0.000161172 0.0 0.0 0.0 0.0 0.0 0.0]
var_name = Last measurement in raw DN for LVPS Board signal “P16V_IMON”
var_name = current_16V_bus
Header info = 1136
Transformed value for current_16V_bus = 0.18309139200000002
Matching row  18
coeffs for Last measurement in raw DN for LVPS Board signal “P6V_IMON”= [0.0 8.05861e-05 0.0 0.0 0.0 0.0 0.0 0.0]
var_name = Last measurement in raw DN for LVPS Board signal “P6V_IMON”
var_name = current_6V_bus
Header info = 1482
Transformed value for current_6V_bus = 0.1194286002
Matching row  18
coeffs for Last measurement in raw DN for LVPS Board signal “N6V_IMON”= [0.0 -8.05861e-05 0.0 0.0 0.0 0.0 0.0 0.0]
var_name = Last measurement in raw DN for LVPS Board signal “N6V_IMON”
var_name = current_neg6V_bus
Header info = 1136
Transformed value for current_neg6V_bus = -0.0915458096
Matching row  18
coeffs for Last measurement in raw DN for LVPS Board signal “P5V_IMON”= [0.0 4.029304e-05 0.0 0.0 0.0 0.0 0.0 0.0]
var_name = Last measurement in raw DN for LVPS Board signal “P5V_IMON”
var_name = current_5V_bus
Header info = 1858
Transformed value for current_5V_bus = 0.07486446832
Matching row  18
coeffs for Last measurement in raw DN for LVPS Board signal “N5V_IMON”= [0.0 -2.01465e-05 0.0 0.0 0.0 0.0 0.0 0.0]
var_name = Last measurement in raw DN for LVPS Board signal “N5V_IMON”
var_name = current_neg5V_bus
Header info = 3276
Transformed value for current_neg5V_bus = -0.06599993400000001
Matching row  18
coeffs for Last measurement in raw DN for LVPS Board signal “P2.5V_IMON”= [0.0 0.00161172 0.0 0.0 0.0 0.0 0.0 0.0]
var_name = Last measurement in raw DN for LVPS Board signal “P2.5V_IMON”
var_name = current_2V5_bus
Header info = 453
Transformed value for current_2V5_bus = 0.73010916
Matching row  18
coeffs for Last measurement in raw DN for LVPS Board signal “N2.5V_IMON”= [0.0 -4.0293e-05 0.0 0.0 0.0 0.0 0.0 0.0]
var_name = Last measurement in raw DN for LVPS Board signal “N2.5V_IMON”
var_name = current_neg2V5_bus
Header info = 2943
Transformed value for current_neg2V5_bus = -0.118582299
Matching row  18
coeffs for Last measurement in raw DN for LVPS Board signal “THERM_DECON0”= [-110.293 0.0665351 0.000305738 -6.32048e-07 5.9934e-10 -2.98784e-13
 7.61361e-17 -7.76467e-21]
var_name = Last measurement in raw DN for LVPS Board signal “THERM_DECON0”
var_name = None
KeyError: (9, None) - Could not find entry for None, 38. Please check the Var_notes or variable mapping.
Matching row  18
coeffs for Last measurement in raw DN for LVPS Board signal “THERM_DECON1”= [-150.478 0.376986 -0.00062072 7.73853e-07 -5.81588e-10 2.56368e-13
 -6.05698e-17 5.96635e-21]
var_name = Last measurement in raw DN for LVPS Board signal “THERM_DECON1”
var_name = None
KeyError: (9, None) - Could not find entry for None, 39. Please check the Var_notes or variable mapping.
Matching row  18
coeffs for Last measurement in raw DN for LVPS Board signal “THERM_DAB”= [-443.248 1.31224 -0.00180422 1.40016e-06 -6.43766e-10 1.7448e-13
 -2.57695e-17 1.60239e-21]
var_name = Last measurement in raw DN for LVPS Board signal “THERM_DAB”
var_name = None
KeyError: (9, None) - Could not find entry for None, 40. Please check the Var_notes or variable mapping.
Matching row  18
coeffs for Last measurement in raw DN for LVPS Board signal “THERM_LVPS”= [200.4137 -0.2020699 0.000175403 -9.739547e-08 2.888932e-11 -3.545603e-15
 0.0 0.0]
var_name = Last measurement in raw DN for LVPS Board signal “THERM_LVPS”
var_name = None
KeyError: (9, None) - Could not find entry for None, 41. Please check the Var_notes or variable mapping.
Matching row  18
coeffs for Last measurement in raw DN for LVPS Board signal “THERM_HVPS”= [200.4137 -0.2020699 0.000175403 -9.739547e-08 2.888932e-11 -3.545603e-15
 0.0 0.0]
var_name = Last measurement in raw DN for LVPS Board signal “THERM_HVPS”
var_name = None
KeyError: (9, None) - Could not find entry for None, 45. Please check the Var_notes or variable mapping.
Matching row  18
coeffs for Last measurement in raw DN for LVPS Board signal “P2.5V”= [0.0 0.00161172 0.0 0.0 0.0 0.0 0.0 0.0]
var_name = Last measurement in raw DN for LVPS Board signal “P2.5V”
var_name = None
KeyError: (9, None) - Could not find entry for None, 49. Please check the Var_notes or variable mapping.
Matching row  18
coeffs for Last measurement in raw DN for LVPS Board signal “N2.5V”= [-33.0 0.00886447 0.0 0.0 0.0 0.0 0.0 0.0]
var_name = Last measurement in raw DN for LVPS Board signal “N2.5V”
var_name = None
KeyError: (9, None) - Could not find entry for None, 50. Please check the Var_notes or variable mapping.
Matching row  18
coeffs for Last measurement in raw DN for LVPS Board signal “Spare”= [0.0 0.00161172 0.0 0.0 0.0 0.0 0.0 0.0]
var_name = Last measurement in raw DN for LVPS Board signal “Spare”
var_name = spare_signal
KeyError: (9, 'spare_signal') - Could not find entry for spare_signal, 51. Please check the Var_notes or variable mapping.
High gain delay = 38 samples.
Mid gain delay = 7 samples.
Low gain delay = 7 samples.
High sampling trigger mode =  0 0 1
High gain trigger mode enabled.
For 2222981120, HG Trigger level = 0.15317, sample settings = 0, 0
Threshold trigger mode enabled for high gain channel.
AID = 2415277392
Event number = 68
Rice compression enabled = False
Timestamp = 439513231.48414 seconds since epoch (Midnight January 1st, 2010)
Trigger time = 2023-12-05T23:00:31.484140Z
9
9
9
9
9
9
9
9
9
9
9
9
9
{'SHCOARSE': ParsedDataItem(SHCOARSE, raw=439513470, derived=439513470, unit=dn), 'SHFINE': ParsedDataItem(SHFINE, raw=7607, derived=7607, unit=dn), 'IDX__SCI0AID': ParsedDataItem(IDX__SCI0AID, raw=2415277392, derived=2415277392, unit=None), 'IDX__SCI0TYPE': ParsedDataItem(IDX__SCI0TYPE, raw=1, derived=1, unit=None), 'IDX__SCI0CONT': ParsedDataItem(IDX__SCI0CONT, raw=127, derived=127, unit=None), 'IDX__SCI0SPARE1': ParsedDataItem(IDX__SCI0SPARE1, raw=0, derived=0, unit=None), 'IDX__SCI0PACK': ParsedDataItem(IDX__SCI0PACK, raw=1, derived=EN, unit=None), 'IDX__SCI0FRAG': ParsedDataItem(IDX__SCI0FRAG, raw=0, derived=DS, unit=None), 'IDX__SCI0COMP': ParsedDataItem(IDX__SCI0COMP, raw=0, derived=DS, unit=None), 'IDX__SCI0EVTNUM': ParsedDataItem(IDX__SCI0EVTNUM, raw=69, derived=69, unit=None), 'IDX__SCI0CAT': ParsedDataItem(IDX__SCI0CAT, raw=32, derived=32, unit=None), 'IDX__SCI0QUAL': ParsedDataItem(IDX__SCI0QUAL, raw=5, derived=5, unit=None), 'IDX__SCI0FRAGOFF': ParsedDataItem(IDX__SCI0FRAGOFF, raw=0, derived=0, unit=None), 'IDX__SCI0VER': ParsedDataItem(IDX__SCI0VER, raw=9, derived=9, unit=None), 'IDX__SCI0TIME32': ParsedDataItem(IDX__SCI0TIME32, raw=439513232, derived=439513232, unit=None), 'IDX__SCI0SPARE2': ParsedDataItem(IDX__SCI0SPARE2, raw=0, derived=0, unit=None), 'IDX__SCI0SPARE3': ParsedDataItem(IDX__SCI0SPARE3, raw=0, derived=0, unit=None), 'IDX__SCI0SPARE4': ParsedDataItem(IDX__SCI0SPARE4, raw=0, derived=0, unit=None), 'IDX__TXHDRSCIEVTLEN': ParsedDataItem(IDX__TXHDRSCIEVTLEN, raw=8320, derived=8320, unit=None), 'IDX__TXHDRSP00': ParsedDataItem(IDX__TXHDRSP00, raw=0, derived=0, unit=None), 'IDX__TXHDRTIMESEC1': ParsedDataItem(IDX__TXHDRTIMESEC1, raw=6706, derived=6706, unit=None), 'IDX__TXHDRTIMESEC2': ParsedDataItem(IDX__TXHDRTIMESEC2, raw=28816, derived=28816, unit=None), 'IDX__TXHDRTIMESUBS': ParsedDataItem(IDX__TXHDRTIMESUBS, raw=24204, derived=24204, unit=None), 'IDX__TXHDRSP01': ParsedDataItem(IDX__TXHDRSP01, raw=0, derived=0, unit=None), 'IDX__TXHDRTRIGOFFSET': ParsedDataItem(IDX__TXHDRTRIGOFFSET, raw=2, derived=2, unit=None), 'IDX__TXHDRSP02': ParsedDataItem(IDX__TXHDRSP02, raw=0, derived=0, unit=None), 'IDX__TXHDRTRIGID': ParsedDataItem(IDX__TXHDRTRIGID, raw=1, derived=1, unit=None), 'IDX__TXHDREVTNUM': ParsedDataItem(IDX__TXHDREVTNUM, raw=69, derived=69, unit=None), 'IDX__TXHDRBLOCKS': ParsedDataItem(IDX__TXHDRBLOCKS, raw=243679, derived=243679, unit=None), 'IDX__TXHDRHGTRIGCTRL1': ParsedDataItem(IDX__TXHDRHGTRIGCTRL1, raw=2222981120, derived=2222981120, unit=None), 'IDX__TXHDRHGTRIGCTRL2': ParsedDataItem(IDX__TXHDRHGTRIGCTRL2, raw=0, derived=0, unit=None), 'IDX__TXHDRLGTRIGCTRL1': ParsedDataItem(IDX__TXHDRLGTRIGCTRL1, raw=4294965248, derived=4294965248, unit=None), 'IDX__TXHDRLGTRIGCTRL2': ParsedDataItem(IDX__TXHDRLGTRIGCTRL2, raw=4278255360, derived=4278255360, unit=None), 'IDX__TXHDRMGTRIGCTRL1': ParsedDataItem(IDX__TXHDRMGTRIGCTRL1, raw=4294965248, derived=4294965248, unit=None), 'IDX__TXHDRMGTRIGCTRL2': ParsedDataItem(IDX__TXHDRMGTRIGCTRL2, raw=4278255360, derived=4278255360, unit=None), 'IDX__TXHDRSP03': ParsedDataItem(IDX__TXHDRSP03, raw=0, derived=0, unit=None), 'IDX__TXHDRLSADC': ParsedDataItem(IDX__TXHDRLSADC, raw=1048320, derived=1048320, unit=None), 'IDX__TXHDRPOLSTAT': ParsedDataItem(IDX__TXHDRPOLSTAT, raw=1, derived=NEG, unit=None), 'IDX__TXHDRSP04': ParsedDataItem(IDX__TXHDRSP04, raw=0, derived=0, unit=None), 'IDX__TXHDRPOLCTRL': ParsedDataItem(IDX__TXHDRPOLCTRL, raw=0, derived=POS, unit=None), 'IDX__TXHDRCOINENA': ParsedDataItem(IDX__TXHDRCOINENA, raw=0, derived=DIS, unit=None), 'IDX__TXHDRLSTRIGMODE': ParsedDataItem(IDX__TXHDRLSTRIGMODE, raw=0, derived=DIS, unit=None), 'IDX__TXHDRMGTRIGMODE': ParsedDataItem(IDX__TXHDRMGTRIGMODE, raw=0, derived=0, unit=None), 'IDX__TXHDRLGTRIGMODE': ParsedDataItem(IDX__TXHDRLGTRIGMODE, raw=0, derived=0, unit=None), 'IDX__TXHDRHGTRIGMODE': ParsedDataItem(IDX__TXHDRHGTRIGMODE, raw=1, derived=1, unit=None), 'IDX__TXHDRSP05': ParsedDataItem(IDX__TXHDRSP05, raw=0, derived=0, unit=None), 'IDX__TXHDRSP06': ParsedDataItem(IDX__TXHDRSP06, raw=0, derived=0, unit=None), 'IDX__TXHDRSP07': ParsedDataItem(IDX__TXHDRSP07, raw=2019, derived=2019, unit=None), 'IDX__TXHDRSP08': ParsedDataItem(IDX__TXHDRSP08, raw=0, derived=0, unit=None), 'IDX__TXHDRTOFMAX': ParsedDataItem(IDX__TXHDRTOFMAX, raw=541596206, derived=541596206, unit=None), 'IDX__TXHDRTOFMIN': ParsedDataItem(IDX__TXHDRTOFMIN, raw=535295476, derived=535295476, unit=None), 'IDX__TXHDRLS0MAXMIN': ParsedDataItem(IDX__TXHDRLS0MAXMIN, raw=8468493, derived=8468493, unit=None), 'IDX__TXHDRLS1MAXMIN': ParsedDataItem(IDX__TXHDRLS1MAXMIN, raw=8464361, derived=8464361, unit=None), 'IDX__TXHDRLS2MAXMIN': ParsedDataItem(IDX__TXHDRLS2MAXMIN, raw=8472547, derived=8472547, unit=None), 'IDX__TXHDRFIFODELAY': ParsedDataItem(IDX__TXHDRFIFODELAY, raw=15, derived=15, unit=None), 'IDX__TXHDRSAMPDELAY': ParsedDataItem(IDX__TXHDRSAMPDELAY, raw=15744044, derived=15744044, unit=None), 'IDX__TXHDRTRANSCNT': ParsedDataItem(IDX__TXHDRTRANSCNT, raw=2, derived=2, unit=None), 'IDX__TXHDRPROCHKCH01': ParsedDataItem(IDX__TXHDRPROCHKCH01, raw=83755841, derived=83755841, unit=None), 'IDX__TXHDRPROCHKCH23': ParsedDataItem(IDX__TXHDRPROCHKCH23, raw=106431714, derived=106431714, unit=None), 'IDX__TXHDRPROCHKCH45': ParsedDataItem(IDX__TXHDRPROCHKCH45, raw=168953050, derived=168953050, unit=None), 'IDX__TXHDRPROCHKCH67': ParsedDataItem(IDX__TXHDRPROCHKCH67, raw=133695768, derived=133695768, unit=None), 'IDX__TXHDRHVPSHKCH01': ParsedDataItem(IDX__TXHDRHVPSHKCH01, raw=131794263, derived=131794263, unit=None), 'IDX__TXHDRHVPSHKCH23': ParsedDataItem(IDX__TXHDRHVPSHKCH23, raw=8849070, derived=8849070, unit=None), 'IDX__TXHDRHVPSHKCH45': ParsedDataItem(IDX__TXHDRHVPSHKCH45, raw=127731674, derived=127731674, unit=None), 'IDX__TXHDRHVPSHKCH67': ParsedDataItem(IDX__TXHDRHVPSHKCH67, raw=19991183, derived=19991183, unit=None), 'IDX__TXHDRLVHK0CH01': ParsedDataItem(IDX__TXHDRLVHK0CH01, raw=134219776, derived=134219776, unit=None), 'IDX__TXHDRLVHK0CH23': ParsedDataItem(IDX__TXHDRLVHK0CH23, raw=172035001, derived=172035001, unit=None), 'IDX__TXHDRLVHK0CH45': ParsedDataItem(IDX__TXHDRLVHK0CH45, raw=134745195, derived=134745195, unit=None), 'IDX__TXHDRLVHK0CH67': ParsedDataItem(IDX__TXHDRLVHK0CH67, raw=205982803, derived=205982803, unit=None), 'IDX__TXHDRLVHK1CH01': ParsedDataItem(IDX__TXHDRLVHK1CH01, raw=33621647, derived=33621647, unit=None), 'IDX__TXHDRLVHK1CH23': ParsedDataItem(IDX__TXHDRLVHK1CH23, raw=74450378, derived=74450378, unit=None), 'IDX__TXHDRLVHK1CH45': ParsedDataItem(IDX__TXHDRLVHK1CH45, raw=214697794, derived=214697794, unit=None), 'IDX__TXHDRLVHK1CH67': ParsedDataItem(IDX__TXHDRLVHK1CH67, raw=192872901, derived=192872901, unit=None), 'IDX__TXHDRLVHK2CH01': ParsedDataItem(IDX__TXHDRLVHK2CH01, raw=81659105, derived=81659105, unit=None), 'IDX__TXHDRLVHK2CH23': ParsedDataItem(IDX__TXHDRLVHK2CH23, raw=192154335, derived=192154335, unit=None), 'IDX__TXHDRLVHK2CH45': ParsedDataItem(IDX__TXHDRLVHK2CH45, raw=101059654, derived=101059654, unit=None), 'IDX__TXHDRLVHK2CH67': ParsedDataItem(IDX__TXHDRLVHK2CH67, raw=69016, derived=69016, unit=None), 'IDX__TXHDRSP09': ParsedDataItem(IDX__TXHDRSP09, raw=0, derived=0, unit=None), 'IDX__TXHDRSP10': ParsedDataItem(IDX__TXHDRSP10, raw=0, derived=0, unit=None), 'IDX__TXHDRFSWAIDCOPY': ParsedDataItem(IDX__TXHDRFSWAIDCOPY, raw=2415277392, derived=2415277392, unit=None), 'IDX__TXHDRFSWBINCOPY': ParsedDataItem(IDX__TXHDRFSWBINCOPY, raw=0, derived=0, unit=None), 'IDX__TXHDRFSWMAJOR': ParsedDataItem(IDX__TXHDRFSWMAJOR, raw=2, derived=2, unit=None), 'IDX__TXHDRFSWMINOR': ParsedDataItem(IDX__TXHDRFSWMINOR, raw=0, derived=0, unit=None), 'IDX__TXHDRFSWPATCH': ParsedDataItem(IDX__TXHDRFSWPATCH, raw=0, derived=0, unit=None), 'IDX__TXHDRFSWHVSTAT': ParsedDataItem(IDX__TXHDRFSWHVSTAT, raw=3, derived=3, unit=None), 'IDX__TXHDRFSWMEM0': ParsedDataItem(IDX__TXHDRFSWMEM0, raw=0, derived=0, unit=None), 'IDX__TXHDRFSWMEM1': ParsedDataItem(IDX__TXHDRFSWMEM1, raw=0, derived=0, unit=None), 'IDX__TXHDRFSWPT0': ParsedDataItem(IDX__TXHDRFSWPT0, raw=0, derived=0, unit=None), 'IDX__TXHDRFSWPT1': ParsedDataItem(IDX__TXHDRFSWPT1, raw=0, derived=0, unit=None), 'IDX__TXHDRFSWPT2': ParsedDataItem(IDX__TXHDRFSWPT2, raw=0, derived=0, unit=None), 'IDX__TXHDRFSWPT3': ParsedDataItem(IDX__TXHDRFSWPT3, raw=0, derived=0, unit=None), 'IDX__TXHDRFSWPT4': ParsedDataItem(IDX__TXHDRFSWPT4, raw=0, derived=0, unit=None), 'IDX__TXHDRFSWPT5': ParsedDataItem(IDX__TXHDRFSWPT5, raw=0, derived=0, unit=None), 'IDX__TXHDRFSWPT6': ParsedDataItem(IDX__TXHDRFSWPT6, raw=0, derived=0, unit=None), 'IDX__TXHDRFSWPT7': ParsedDataItem(IDX__TXHDRFSWPT7, raw=0, derived=0, unit=None), 'IDX__TXHDRFSWPT8': ParsedDataItem(IDX__TXHDRFSWPT8, raw=0, derived=0, unit=None), 'IDX__TXHDRFSWPT9': ParsedDataItem(IDX__TXHDRFSWPT9, raw=0, derived=0, unit=None), 'IDX__TXHDRFPGAVER': ParsedDataItem(IDX__TXHDRFPGAVER, raw=539165480, derived=539165480, unit=None), 'IDX__SYNCSCI0PKT': ParsedDataItem(IDX__SYNCSCI0PKT, raw=13107, derived=13107, unit=None), 'IDX__CRCSCI0PKT': ParsedDataItem(IDX__CRCSCI0PKT, raw=9004, derived=9004, unit=None)}
SHCOARSE = 439513470
SHFINE = 7607
IDX__SCI0AID = 2415277392
IDX__SCI0TYPE = 1
IDX__SCI0CONT = 127
IDX__SCI0SPARE1 = 0
IDX__SCI0PACK = EN
IDX__SCI0FRAG = DS
IDX__SCI0COMP = DS
IDX__SCI0EVTNUM = 69
IDX__SCI0CAT = 32
IDX__SCI0QUAL = 5
IDX__SCI0FRAGOFF = 0
IDX__SCI0VER = 9
IDX__SCI0TIME32 = 439513232
IDX__SCI0SPARE2 = 0
IDX__SCI0SPARE3 = 0
IDX__SCI0SPARE4 = 0
IDX__TXHDRSCIEVTLEN = 8320
IDX__TXHDRSP00 = 0
IDX__TXHDRTIMESEC1 = 6706
IDX__TXHDRTIMESEC2 = 28816
IDX__TXHDRTIMESUBS = 24204
IDX__TXHDRSP01 = 0
IDX__TXHDRTRIGOFFSET = 2
IDX__TXHDRSP02 = 0
IDX__TXHDRTRIGID = 1
IDX__TXHDREVTNUM = 69
IDX__TXHDRBLOCKS = 243679
IDX__TXHDRHGTRIGCTRL1 = 2222981120
IDX__TXHDRHGTRIGCTRL2 = 0
IDX__TXHDRLGTRIGCTRL1 = 4294965248
IDX__TXHDRLGTRIGCTRL2 = 4278255360
IDX__TXHDRMGTRIGCTRL1 = 4294965248
IDX__TXHDRMGTRIGCTRL2 = 4278255360
IDX__TXHDRSP03 = 0
IDX__TXHDRLSADC = 1048320
IDX__TXHDRPOLSTAT = NEG
IDX__TXHDRSP04 = 0
IDX__TXHDRPOLCTRL = POS
IDX__TXHDRCOINENA = DIS
IDX__TXHDRLSTRIGMODE = DIS
IDX__TXHDRMGTRIGMODE = 0
IDX__TXHDRLGTRIGMODE = 0
IDX__TXHDRHGTRIGMODE = 1
IDX__TXHDRSP05 = 0
IDX__TXHDRSP06 = 0
IDX__TXHDRSP07 = 2019
IDX__TXHDRSP08 = 0
IDX__TXHDRTOFMAX = 541596206
IDX__TXHDRTOFMIN = 535295476
IDX__TXHDRLS0MAXMIN = 8468493
IDX__TXHDRLS1MAXMIN = 8464361
IDX__TXHDRLS2MAXMIN = 8472547
IDX__TXHDRFIFODELAY = 15
IDX__TXHDRSAMPDELAY = 15744044
IDX__TXHDRTRANSCNT = 2
IDX__TXHDRPROCHKCH01 = 83755841
IDX__TXHDRPROCHKCH23 = 106431714
IDX__TXHDRPROCHKCH45 = 168953050
IDX__TXHDRPROCHKCH67 = 133695768
IDX__TXHDRHVPSHKCH01 = 131794263
IDX__TXHDRHVPSHKCH23 = 8849070
IDX__TXHDRHVPSHKCH45 = 127731674
IDX__TXHDRHVPSHKCH67 = 19991183
IDX__TXHDRLVHK0CH01 = 134219776
IDX__TXHDRLVHK0CH23 = 172035001
IDX__TXHDRLVHK0CH45 = 134745195
IDX__TXHDRLVHK0CH67 = 205982803
IDX__TXHDRLVHK1CH01 = 33621647
IDX__TXHDRLVHK1CH23 = 74450378
IDX__TXHDRLVHK1CH45 = 214697794
IDX__TXHDRLVHK1CH67 = 192872901
IDX__TXHDRLVHK2CH01 = 81659105
IDX__TXHDRLVHK2CH23 = 192154335
IDX__TXHDRLVHK2CH45 = 101059654
IDX__TXHDRLVHK2CH67 = 69016
IDX__TXHDRSP09 = 0
IDX__TXHDRSP10 = 0
IDX__TXHDRFSWAIDCOPY = 2415277392
IDX__TXHDRFSWBINCOPY = 0
IDX__TXHDRFSWMAJOR = 2
IDX__TXHDRFSWMINOR = 0
IDX__TXHDRFSWPATCH = 0
IDX__TXHDRFSWHVSTAT = 3
IDX__TXHDRFSWMEM0 = 0
IDX__TXHDRFSWMEM1 = 0
IDX__TXHDRFSWPT0 = 0
IDX__TXHDRFSWPT1 = 0
IDX__TXHDRFSWPT2 = 0
IDX__TXHDRFSWPT3 = 0
IDX__TXHDRFSWPT4 = 0
IDX__TXHDRFSWPT5 = 0
IDX__TXHDRFSWPT6 = 0
IDX__TXHDRFSWPT7 = 0
IDX__TXHDRFSWPT8 = 0
IDX__TXHDRFSWPT9 = 0
IDX__TXHDRFPGAVER = 539165480
IDX__SYNCSCI0PKT = 13107
IDX__CRCSCI0PKT = 9004
^*****Event header 10******^
EVTNUM: 10
SCI0TYPE: 1
TXHDRBLOCKS RAW: 243679
TXHDRBLOCKS DERIVED: 243679
-----
HS pre trig sampling blocks:  31
LS pre trig sampling blocks:  3
HS post trig sampling blocks:  31
LS post trig sampling blocks:  11
IDX__TXHDRHVPSHKCH01 = 131794263
Detector voltage =  1367
Sensor voltage =  2011
Target voltage =  1710
Reflectron voltage =  135
Rejection voltage =  2010
Current for HVPS sensor =  1949
Positive current for HVPS sensor =  2703
Negative current for HVPS sensor =  305
Voltage +3.3V reference =  2048
Voltage +3.3V operational reference =  2048
Voltage -6V bus =  3001
Voltage +6V bus =  2625
Voltage +16V bus =  3179
Voltage +3.3V bus =  2056
Voltage -5V bus =  3155
Voltage +5V bus =  3143
Current +3.3V bus =  1679
Current +16V bus =  1136
Current +6V bus =  1482
Current -6V bus =  1136
Current +5V bus =  1858
Current -5V bus =  3276
Current +2.5V bus =  453
Current -2.5V bus =  2943
Current on the 1V POL =  833
Current on the 1.9V POL =  1278
ProcBd Temperature 1 =  1250
ProcBd Temperature 2 =  1624
Voltage on 1V bus =  1242
FPGA Temperature =  2578
Voltage on 1.9V bus =  2328
Voltage on 3.3V bus =  2040
var_to_row = {'Last measurement in raw DN for Processor Board signal “1V POL Current”': 0, 'Last measurement in raw DN for Processor Board signal “1.9V POL Current”': 1, 'Last measurement in raw DN for Processor Board signal “ProcBd Temp1”': 2, nan: 48, 'Last measurement in raw DN for Processor Board signal “ProcBd Temp2”': 6, 'Last measurement in raw DN for Processor Board signal “1V Voltage”': 10, 'Last measurement in raw DN for Processor Board signal “FPGA Temp”': 11, 'Last measurement in raw DN for Processor Board signal “1.9V Voltage”': 12, 'Last measurement in raw DN for Processor Board signal “3.3V Voltage”': 13, 'Last measurement in raw DN for HVPS Board signal “Detector Voltage”': 14, 'Last measurement in raw DN for HVPS Board signal “Sensor Voltage"': 15, 'Last measurement in raw DN for HVPS Board signal “Target Voltage”': 16, 'Last measurement in raw DN for HVPS Board signal “Reflectron Voltage”': 17, 'Last measurement in raw DN for HVPS Board signal “Rejection Voltage”': 18, 'Last measurement in raw DN for HVPS Board signal “Detector Current”': 19, 'Last measurement in raw DN for HVPS Board signal “Sensor IP”': 20, 'Last measurement in raw DN for HVPS Board signal “Sensor IN”': 21, 'Last measurement in raw DN for LVPS Board signal “P3.3VREF_HK”': 22, 'Last measurement in raw DN for LVPS Board signal “P3.3VREF_OP”': 23, 'Last measurement in raw DN for LVPS Board signal “N6V”': 24, 'Last measurement in raw DN for LVPS Board signal “P6V”': 25, 'Last measurement in raw DN for LVPS Board signal “P16V”': 26, 'Last measurement in raw DN for LVPS Board signal “P3.3V”': 27, 'Last measurement in raw DN for LVPS Board signal “N5V”': 28, 'Last measurement in raw DN for LVPS Board signal “P5V”': 29, 'Last measurement in raw DN for LVPS Board signal “P3.3_IMON”': 30, 'Last measurement in raw DN for LVPS Board signal “P16V_IMON”': 31, 'Last measurement in raw DN for LVPS Board signal “P6V_IMON”': 32, 'Last measurement in raw DN for LVPS Board signal “N6V_IMON”': 33, 'Last measurement in raw DN for LVPS Board signal “P5V_IMON”': 34, 'Last measurement in raw DN for LVPS Board signal “N5V_IMON”': 35, 'Last measurement in raw DN for LVPS Board signal “P2.5V_IMON”': 36, 'Last measurement in raw DN for LVPS Board signal “N2.5V_IMON”': 37, 'Last measurement in raw DN for LVPS Board signal “THERM_DECON0”': 38, 'Last measurement in raw DN for LVPS Board signal “THERM_DECON1”': 39, 'Last measurement in raw DN for LVPS Board signal “THERM_DAB”': 40, 'Last measurement in raw DN for LVPS Board signal “THERM_LVPS”': 41, 'Last measurement in raw DN for LVPS Board signal “THERM_HVPS”': 45, 'Last measurement in raw DN for LVPS Board signal “P2.5V”': 49, 'Last measurement in raw DN for LVPS Board signal “N2.5V”': 50, 'Last measurement in raw DN for LVPS Board signal “Spare”': 51}

 
 ***** var_name being converted for each instrument setting ***** 
 

Matching row  18
coeffs for Last measurement in raw DN for Processor Board signal “1V POL Current”= [0.0 0.9029253 0.0 0.0 0.0 0.0 0.0 0.0]
var_name = Last measurement in raw DN for Processor Board signal “1V POL Current”
var_name = current_1V_pol
Header info = 833
Transformed value for current_1V_pol = 752.1367749000001
Matching row  18
coeffs for Last measurement in raw DN for Processor Board signal “1.9V POL Current”= [0.0 0.9029253 0.0 0.0 0.0 0.0 0.0 0.0]
var_name = Last measurement in raw DN for Processor Board signal “1.9V POL Current”
var_name = current_1.9V_pol
Header info = 1278
Transformed value for current_1.9V_pol = 1153.9385334
Matching row  18
coeffs for Last measurement in raw DN for Processor Board signal “ProcBd Temp1”= [162.8276 -0.2668687 0.0003323794 -2.43153e-07 9.034532e-11 -1.327735e-14
 0.0 0.0]
var_name = Last measurement in raw DN for Processor Board signal “ProcBd Temp1”
var_name = temperature_1
Header info = 1250
Transformed value for temperature_1 = 53.72670668945321
Matching row  18
coeffs for nan= [-104713.9 52.02446 -0.006463374 0.0 0.0 0.0 0.0 0.0]
var_name = nan
var_name = None
KeyError: (10, None) - Could not find entry for None, 48. Please check the Var_notes or variable mapping.
Matching row  18
coeffs for Last measurement in raw DN for Processor Board signal “ProcBd Temp2”= [162.8276 -0.2668687 0.0003323794 -2.43153e-07 9.034532e-11 -1.327735e-14
 0.0 0.0]
var_name = Last measurement in raw DN for Processor Board signal “ProcBd Temp2”
var_name = temperature_2
Header info = 1624
Transformed value for temperature_2 = 43.030834589476854
Matching row  18
coeffs for Last measurement in raw DN for Processor Board signal “1V Voltage”= [0.0 0.000805861 0.0 0.0 0.0 0.0 0.0 0.0]
var_name = Last measurement in raw DN for Processor Board signal “1V Voltage”
var_name = voltage_1V_bus
Header info = 1242
Transformed value for voltage_1V_bus = 1.0008793619999998
Matching row  18
coeffs for Last measurement in raw DN for Processor Board signal “FPGA Temp”= [358.31 -0.1187104 0.0 0.0 0.0 0.0 0.0 0.0]
var_name = Last measurement in raw DN for Processor Board signal “FPGA Temp”
var_name = fpga_temperature
Header info = 2578
Transformed value for fpga_temperature = 52.274588800000004
Matching row  18
coeffs for Last measurement in raw DN for Processor Board signal “1.9V Voltage”= [0.0 0.000805861 0.0 0.0 0.0 0.0 0.0 0.0]
var_name = Last measurement in raw DN for Processor Board signal “1.9V Voltage”
var_name = voltage_1.9V_bus
Header info = 2328
Transformed value for voltage_1.9V_bus = 1.8760444079999998
Matching row  18
coeffs for Last measurement in raw DN for Processor Board signal “3.3V Voltage”= [0.0 0.001611722 0.0 0.0 0.0 0.0 0.0 0.0]
var_name = Last measurement in raw DN for Processor Board signal “3.3V Voltage”
var_name = voltage_3.3V_bus
Header info = 2040
Transformed value for voltage_3.3V_bus = 3.28791288
Matching row  18
coeffs for Last measurement in raw DN for HVPS Board signal “Detector Voltage”= [0.0 1.4652 0.0 0.0 0.0 0.0 0.0 0.0]
var_name = Last measurement in raw DN for HVPS Board signal “Detector Voltage”
var_name = detector_voltage
Header info = 1367
Transformed value for detector_voltage = 2002.9284
Matching row  18
coeffs for Last measurement in raw DN for HVPS Board signal “Sensor Voltage"= [0.0 1.4652 0.0 0.0 0.0 0.0 0.0 0.0]
var_name = Last measurement in raw DN for HVPS Board signal “Sensor Voltage"
var_name = sensor_voltage
Header info = 2011
Transformed value for sensor_voltage = 2946.5172000000002
Matching row  18
coeffs for Last measurement in raw DN for HVPS Board signal “Target Voltage”= [0.0 1.4652 0.0 0.0 0.0 0.0 0.0 0.0]
var_name = Last measurement in raw DN for HVPS Board signal “Target Voltage”
var_name = target_voltage
Header info = 1710
Transformed value for target_voltage = 2505.492
Matching row  18
coeffs for Last measurement in raw DN for HVPS Board signal “Reflectron Voltage”= [0.0 1.4652 0.0 0.0 0.0 0.0 0.0 0.0]
var_name = Last measurement in raw DN for HVPS Board signal “Reflectron Voltage”
var_name = reflectron_voltage
Header info = 135
Transformed value for reflectron_voltage = 197.80200000000002
Matching row  18
coeffs for Last measurement in raw DN for HVPS Board signal “Rejection Voltage”= [0.0 1.4652 0.0 0.0 0.0 0.0 0.0 0.0]
var_name = Last measurement in raw DN for HVPS Board signal “Rejection Voltage”
var_name = rejection_voltage
Header info = 2010
Transformed value for rejection_voltage = 2945.052
Matching row  18
coeffs for Last measurement in raw DN for HVPS Board signal “Detector Current”= [0.0 7.326e-06 0.0 0.0 0.0 0.0 0.0 0.0]
var_name = Last measurement in raw DN for HVPS Board signal “Detector Current”
var_name = current_hvps_sensor
Header info = 1949
Transformed value for current_hvps_sensor = 0.014278374
Matching row  18
coeffs for Last measurement in raw DN for HVPS Board signal “Sensor IP”= [0.0 2.4339e-05 0.0 0.0 0.0 0.0 0.0 0.0]
var_name = Last measurement in raw DN for HVPS Board signal “Sensor IP”
var_name = positive_current_hvps
Header info = 2703
Transformed value for positive_current_hvps = 0.065788317
Matching row  18
coeffs for Last measurement in raw DN for HVPS Board signal “Sensor IN”= [0.0 2.4339e-05 0.0 0.0 0.0 0.0 0.0 0.0]
var_name = Last measurement in raw DN for HVPS Board signal “Sensor IN”
var_name = negative_current_hvps
Header info = 305
Transformed value for negative_current_hvps = 0.007423394999999999
Matching row  18
coeffs for Last measurement in raw DN for LVPS Board signal “P3.3VREF_HK”= [0.0 0.00161172 0.0 0.0 0.0 0.0 0.0 0.0]
var_name = Last measurement in raw DN for LVPS Board signal “P3.3VREF_HK”
var_name = voltage_3V3_ref
Header info = 2048
Transformed value for voltage_3V3_ref = 3.30080256
Matching row  18
coeffs for Last measurement in raw DN for LVPS Board signal “P3.3VREF_OP”= [0.0 0.00161172 0.0 0.0 0.0 0.0 0.0 0.0]
var_name = Last measurement in raw DN for LVPS Board signal “P3.3VREF_OP”
var_name = voltage_3V3_op_ref
Header info = 2048
Transformed value for voltage_3V3_op_ref = 3.30080256
Matching row  18
coeffs for Last measurement in raw DN for LVPS Board signal “N6V”= [-33.0 0.00886447 0.0 0.0 0.0 0.0 0.0 0.0]
var_name = Last measurement in raw DN for LVPS Board signal “N6V”
var_name = voltage_neg6V_bus
Header info = 3001
Transformed value for voltage_neg6V_bus = -6.397725530000002
Matching row  18
coeffs for Last measurement in raw DN for LVPS Board signal “P6V”= [0.0 0.00241758 0.0 0.0 0.0 0.0 0.0 0.0]
var_name = Last measurement in raw DN for LVPS Board signal “P6V”
var_name = voltage_pos6V_bus
Header info = 2625
Transformed value for voltage_pos6V_bus = 6.3461475
Matching row  18
coeffs for Last measurement in raw DN for LVPS Board signal “P16V”= [0.0 0.00482711 0.0 0.0 0.0 0.0 0.0 0.0]
var_name = Last measurement in raw DN for LVPS Board signal “P16V”
var_name = voltage_pos16V_bus
Header info = 3179
Transformed value for voltage_pos16V_bus = 15.34538269
Matching row  18
coeffs for Last measurement in raw DN for LVPS Board signal “P3.3V”= [0.0 0.00161172 0.0 0.0 0.0 0.0 0.0 0.0]
var_name = Last measurement in raw DN for LVPS Board signal “P3.3V”
var_name = voltage_pos3V3_bus
Header info = 2056
Transformed value for voltage_pos3V3_bus = 3.31369632
Matching row  18
coeffs for Last measurement in raw DN for LVPS Board signal “N5V”= [-33.0 0.00886447 0.0 0.0 0.0 0.0 0.0 0.0]
var_name = Last measurement in raw DN for LVPS Board signal “N5V”
var_name = voltage_neg5V_bus
Header info = 3155
Transformed value for voltage_neg5V_bus = -5.032597150000001
Matching row  18
coeffs for Last measurement in raw DN for LVPS Board signal “P5V”= [0.0 0.00161172 0.0 0.0 0.0 0.0 0.0 0.0]
var_name = Last measurement in raw DN for LVPS Board signal “P5V”
var_name = voltage_pos5V_bus
Header info = 3143
Transformed value for voltage_pos5V_bus = 5.06563596
Matching row  18
coeffs for Last measurement in raw DN for LVPS Board signal “P3.3_IMON”= [0.0 0.00161172 0.0 0.0 0.0 0.0 0.0 0.0]
var_name = Last measurement in raw DN for LVPS Board signal “P3.3_IMON”
var_name = current_3V3_bus
Header info = 1679
Transformed value for current_3V3_bus = 2.70607788
Matching row  18
coeffs for Last measurement in raw DN for LVPS Board signal “P16V_IMON”= [0.0 0.000161172 0.0 0.0 0.0 0.0 0.0 0.0]
var_name = Last measurement in raw DN for LVPS Board signal “P16V_IMON”
var_name = current_16V_bus
Header info = 1136
Transformed value for current_16V_bus = 0.18309139200000002
Matching row  18
coeffs for Last measurement in raw DN for LVPS Board signal “P6V_IMON”= [0.0 8.05861e-05 0.0 0.0 0.0 0.0 0.0 0.0]
var_name = Last measurement in raw DN for LVPS Board signal “P6V_IMON”
var_name = current_6V_bus
Header info = 1482
Transformed value for current_6V_bus = 0.1194286002
Matching row  18
coeffs for Last measurement in raw DN for LVPS Board signal “N6V_IMON”= [0.0 -8.05861e-05 0.0 0.0 0.0 0.0 0.0 0.0]
var_name = Last measurement in raw DN for LVPS Board signal “N6V_IMON”
var_name = current_neg6V_bus
Header info = 1136
Transformed value for current_neg6V_bus = -0.0915458096
Matching row  18
coeffs for Last measurement in raw DN for LVPS Board signal “P5V_IMON”= [0.0 4.029304e-05 0.0 0.0 0.0 0.0 0.0 0.0]
var_name = Last measurement in raw DN for LVPS Board signal “P5V_IMON”
var_name = current_5V_bus
Header info = 1858
Transformed value for current_5V_bus = 0.07486446832
Matching row  18
coeffs for Last measurement in raw DN for LVPS Board signal “N5V_IMON”= [0.0 -2.01465e-05 0.0 0.0 0.0 0.0 0.0 0.0]
var_name = Last measurement in raw DN for LVPS Board signal “N5V_IMON”
var_name = current_neg5V_bus
Header info = 3276
Transformed value for current_neg5V_bus = -0.06599993400000001
Matching row  18
coeffs for Last measurement in raw DN for LVPS Board signal “P2.5V_IMON”= [0.0 0.00161172 0.0 0.0 0.0 0.0 0.0 0.0]
var_name = Last measurement in raw DN for LVPS Board signal “P2.5V_IMON”
var_name = current_2V5_bus
Header info = 453
Transformed value for current_2V5_bus = 0.73010916
Matching row  18
coeffs for Last measurement in raw DN for LVPS Board signal “N2.5V_IMON”= [0.0 -4.0293e-05 0.0 0.0 0.0 0.0 0.0 0.0]
var_name = Last measurement in raw DN for LVPS Board signal “N2.5V_IMON”
var_name = current_neg2V5_bus
Header info = 2943
Transformed value for current_neg2V5_bus = -0.118582299
Matching row  18
coeffs for Last measurement in raw DN for LVPS Board signal “THERM_DECON0”= [-110.293 0.0665351 0.000305738 -6.32048e-07 5.9934e-10 -2.98784e-13
 7.61361e-17 -7.76467e-21]
var_name = Last measurement in raw DN for LVPS Board signal “THERM_DECON0”
var_name = None
KeyError: (10, None) - Could not find entry for None, 38. Please check the Var_notes or variable mapping.
Matching row  18
coeffs for Last measurement in raw DN for LVPS Board signal “THERM_DECON1”= [-150.478 0.376986 -0.00062072 7.73853e-07 -5.81588e-10 2.56368e-13
 -6.05698e-17 5.96635e-21]
var_name = Last measurement in raw DN for LVPS Board signal “THERM_DECON1”
var_name = None
KeyError: (10, None) - Could not find entry for None, 39. Please check the Var_notes or variable mapping.
Matching row  18
coeffs for Last measurement in raw DN for LVPS Board signal “THERM_DAB”= [-443.248 1.31224 -0.00180422 1.40016e-06 -6.43766e-10 1.7448e-13
 -2.57695e-17 1.60239e-21]
var_name = Last measurement in raw DN for LVPS Board signal “THERM_DAB”
var_name = None
KeyError: (10, None) - Could not find entry for None, 40. Please check the Var_notes or variable mapping.
Matching row  18
coeffs for Last measurement in raw DN for LVPS Board signal “THERM_LVPS”= [200.4137 -0.2020699 0.000175403 -9.739547e-08 2.888932e-11 -3.545603e-15
 0.0 0.0]
var_name = Last measurement in raw DN for LVPS Board signal “THERM_LVPS”
var_name = None
KeyError: (10, None) - Could not find entry for None, 41. Please check the Var_notes or variable mapping.
Matching row  18
coeffs for Last measurement in raw DN for LVPS Board signal “THERM_HVPS”= [200.4137 -0.2020699 0.000175403 -9.739547e-08 2.888932e-11 -3.545603e-15
 0.0 0.0]
var_name = Last measurement in raw DN for LVPS Board signal “THERM_HVPS”
var_name = None
KeyError: (10, None) - Could not find entry for None, 45. Please check the Var_notes or variable mapping.
Matching row  18
coeffs for Last measurement in raw DN for LVPS Board signal “P2.5V”= [0.0 0.00161172 0.0 0.0 0.0 0.0 0.0 0.0]
var_name = Last measurement in raw DN for LVPS Board signal “P2.5V”
var_name = None
KeyError: (10, None) - Could not find entry for None, 49. Please check the Var_notes or variable mapping.
Matching row  18
coeffs for Last measurement in raw DN for LVPS Board signal “N2.5V”= [-33.0 0.00886447 0.0 0.0 0.0 0.0 0.0 0.0]
var_name = Last measurement in raw DN for LVPS Board signal “N2.5V”
var_name = None
KeyError: (10, None) - Could not find entry for None, 50. Please check the Var_notes or variable mapping.
Matching row  18
coeffs for Last measurement in raw DN for LVPS Board signal “Spare”= [0.0 0.00161172 0.0 0.0 0.0 0.0 0.0 0.0]
var_name = Last measurement in raw DN for LVPS Board signal “Spare”
var_name = spare_signal
KeyError: (10, 'spare_signal') - Could not find entry for spare_signal, 51. Please check the Var_notes or variable mapping.
High gain delay = 44 samples.
Mid gain delay = 15 samples.
Low gain delay = 15 samples.
High sampling trigger mode =  0 0 1
High gain trigger mode enabled.
For 2222981120, HG Trigger level = 0.15317, sample settings = 0, 0
Threshold trigger mode enabled for high gain channel.
AID = 2415277392
Event number = 69
Rice compression enabled = False
Timestamp = 439513232.48408 seconds since epoch (Midnight January 1st, 2010)
Trigger time = 2023-12-05T23:00:32.484080Z
10
10
10
10
10
10
10
10
10
10
10
10
10
{'SHCOARSE': ParsedDataItem(SHCOARSE, raw=439513483, derived=439513483, unit=dn), 'SHFINE': ParsedDataItem(SHFINE, raw=7615, derived=7615, unit=dn), 'IDX__SCI0AID': ParsedDataItem(IDX__SCI0AID, raw=2415277392, derived=2415277392, unit=None), 'IDX__SCI0TYPE': ParsedDataItem(IDX__SCI0TYPE, raw=1, derived=1, unit=None), 'IDX__SCI0CONT': ParsedDataItem(IDX__SCI0CONT, raw=127, derived=127, unit=None), 'IDX__SCI0SPARE1': ParsedDataItem(IDX__SCI0SPARE1, raw=0, derived=0, unit=None), 'IDX__SCI0PACK': ParsedDataItem(IDX__SCI0PACK, raw=1, derived=EN, unit=None), 'IDX__SCI0FRAG': ParsedDataItem(IDX__SCI0FRAG, raw=0, derived=DS, unit=None), 'IDX__SCI0COMP': ParsedDataItem(IDX__SCI0COMP, raw=0, derived=DS, unit=None), 'IDX__SCI0EVTNUM': ParsedDataItem(IDX__SCI0EVTNUM, raw=70, derived=70, unit=None), 'IDX__SCI0CAT': ParsedDataItem(IDX__SCI0CAT, raw=32, derived=32, unit=None), 'IDX__SCI0QUAL': ParsedDataItem(IDX__SCI0QUAL, raw=5, derived=5, unit=None), 'IDX__SCI0FRAGOFF': ParsedDataItem(IDX__SCI0FRAGOFF, raw=0, derived=0, unit=None), 'IDX__SCI0VER': ParsedDataItem(IDX__SCI0VER, raw=9, derived=9, unit=None), 'IDX__SCI0TIME32': ParsedDataItem(IDX__SCI0TIME32, raw=439513233, derived=439513233, unit=None), 'IDX__SCI0SPARE2': ParsedDataItem(IDX__SCI0SPARE2, raw=0, derived=0, unit=None), 'IDX__SCI0SPARE3': ParsedDataItem(IDX__SCI0SPARE3, raw=0, derived=0, unit=None), 'IDX__SCI0SPARE4': ParsedDataItem(IDX__SCI0SPARE4, raw=0, derived=0, unit=None), 'IDX__TXHDRSCIEVTLEN': ParsedDataItem(IDX__TXHDRSCIEVTLEN, raw=8320, derived=8320, unit=None), 'IDX__TXHDRSP00': ParsedDataItem(IDX__TXHDRSP00, raw=0, derived=0, unit=None), 'IDX__TXHDRTIMESEC1': ParsedDataItem(IDX__TXHDRTIMESEC1, raw=6706, derived=6706, unit=None), 'IDX__TXHDRTIMESEC2': ParsedDataItem(IDX__TXHDRTIMESEC2, raw=28817, derived=28817, unit=None), 'IDX__TXHDRTIMESUBS': ParsedDataItem(IDX__TXHDRTIMESUBS, raw=24201, derived=24201, unit=None), 'IDX__TXHDRSP01': ParsedDataItem(IDX__TXHDRSP01, raw=0, derived=0, unit=None), 'IDX__TXHDRTRIGOFFSET': ParsedDataItem(IDX__TXHDRTRIGOFFSET, raw=6, derived=6, unit=None), 'IDX__TXHDRSP02': ParsedDataItem(IDX__TXHDRSP02, raw=0, derived=0, unit=None), 'IDX__TXHDRTRIGID': ParsedDataItem(IDX__TXHDRTRIGID, raw=1, derived=1, unit=None), 'IDX__TXHDREVTNUM': ParsedDataItem(IDX__TXHDREVTNUM, raw=70, derived=70, unit=None), 'IDX__TXHDRBLOCKS': ParsedDataItem(IDX__TXHDRBLOCKS, raw=243679, derived=243679, unit=None), 'IDX__TXHDRHGTRIGCTRL1': ParsedDataItem(IDX__TXHDRHGTRIGCTRL1, raw=2222981120, derived=2222981120, unit=None), 'IDX__TXHDRHGTRIGCTRL2': ParsedDataItem(IDX__TXHDRHGTRIGCTRL2, raw=0, derived=0, unit=None), 'IDX__TXHDRLGTRIGCTRL1': ParsedDataItem(IDX__TXHDRLGTRIGCTRL1, raw=4294965248, derived=4294965248, unit=None), 'IDX__TXHDRLGTRIGCTRL2': ParsedDataItem(IDX__TXHDRLGTRIGCTRL2, raw=4278255360, derived=4278255360, unit=None), 'IDX__TXHDRMGTRIGCTRL1': ParsedDataItem(IDX__TXHDRMGTRIGCTRL1, raw=4294965248, derived=4294965248, unit=None), 'IDX__TXHDRMGTRIGCTRL2': ParsedDataItem(IDX__TXHDRMGTRIGCTRL2, raw=4278255360, derived=4278255360, unit=None), 'IDX__TXHDRSP03': ParsedDataItem(IDX__TXHDRSP03, raw=0, derived=0, unit=None), 'IDX__TXHDRLSADC': ParsedDataItem(IDX__TXHDRLSADC, raw=1048320, derived=1048320, unit=None), 'IDX__TXHDRPOLSTAT': ParsedDataItem(IDX__TXHDRPOLSTAT, raw=1, derived=NEG, unit=None), 'IDX__TXHDRSP04': ParsedDataItem(IDX__TXHDRSP04, raw=0, derived=0, unit=None), 'IDX__TXHDRPOLCTRL': ParsedDataItem(IDX__TXHDRPOLCTRL, raw=0, derived=POS, unit=None), 'IDX__TXHDRCOINENA': ParsedDataItem(IDX__TXHDRCOINENA, raw=0, derived=DIS, unit=None), 'IDX__TXHDRLSTRIGMODE': ParsedDataItem(IDX__TXHDRLSTRIGMODE, raw=0, derived=DIS, unit=None), 'IDX__TXHDRMGTRIGMODE': ParsedDataItem(IDX__TXHDRMGTRIGMODE, raw=0, derived=0, unit=None), 'IDX__TXHDRLGTRIGMODE': ParsedDataItem(IDX__TXHDRLGTRIGMODE, raw=0, derived=0, unit=None), 'IDX__TXHDRHGTRIGMODE': ParsedDataItem(IDX__TXHDRHGTRIGMODE, raw=1, derived=1, unit=None), 'IDX__TXHDRSP05': ParsedDataItem(IDX__TXHDRSP05, raw=0, derived=0, unit=None), 'IDX__TXHDRSP06': ParsedDataItem(IDX__TXHDRSP06, raw=0, derived=0, unit=None), 'IDX__TXHDRSP07': ParsedDataItem(IDX__TXHDRSP07, raw=2020, derived=2020, unit=None), 'IDX__TXHDRSP08': ParsedDataItem(IDX__TXHDRSP08, raw=0, derived=0, unit=None), 'IDX__TXHDRTOFMAX': ParsedDataItem(IDX__TXHDRTOFMAX, raw=541596223, derived=541596223, unit=None), 'IDX__TXHDRTOFMIN': ParsedDataItem(IDX__TXHDRTOFMIN, raw=535295476, derived=535295476, unit=None), 'IDX__TXHDRLS0MAXMIN': ParsedDataItem(IDX__TXHDRLS0MAXMIN, raw=8468493, derived=8468493, unit=None), 'IDX__TXHDRLS1MAXMIN': ParsedDataItem(IDX__TXHDRLS1MAXMIN, raw=8447978, derived=8447978, unit=None), 'IDX__TXHDRLS2MAXMIN': ParsedDataItem(IDX__TXHDRLS2MAXMIN, raw=8341476, derived=8341476, unit=None), 'IDX__TXHDRFIFODELAY': ParsedDataItem(IDX__TXHDRFIFODELAY, raw=18, derived=18, unit=None), 'IDX__TXHDRSAMPDELAY': ParsedDataItem(IDX__TXHDRSAMPDELAY, raw=49331282, derived=49331282, unit=None), 'IDX__TXHDRTRANSCNT': ParsedDataItem(IDX__TXHDRTRANSCNT, raw=4, derived=4, unit=None), 'IDX__TXHDRPROCHKCH01': ParsedDataItem(IDX__TXHDRPROCHKCH01, raw=83690304, derived=83690304, unit=None), 'IDX__TXHDRPROCHKCH23': ParsedDataItem(IDX__TXHDRPROCHKCH23, raw=106431714, derived=106431714, unit=None), 'IDX__TXHDRPROCHKCH45': ParsedDataItem(IDX__TXHDRPROCHKCH45, raw=168953050, derived=168953050, unit=None), 'IDX__TXHDRPROCHKCH67': ParsedDataItem(IDX__TXHDRPROCHKCH67, raw=133695768, derived=133695768, unit=None), 'IDX__TXHDRHVPSHKCH01': ParsedDataItem(IDX__TXHDRHVPSHKCH01, raw=131859799, derived=131859799, unit=None), 'IDX__TXHDRHVPSHKCH23': ParsedDataItem(IDX__TXHDRHVPSHKCH23, raw=8849070, derived=8849070, unit=None), 'IDX__TXHDRHVPSHKCH45': ParsedDataItem(IDX__TXHDRHVPSHKCH45, raw=127731674, derived=127731674, unit=None), 'IDX__TXHDRHVPSHKCH67': ParsedDataItem(IDX__TXHDRHVPSHKCH67, raw=19991183, derived=19991183, unit=None), 'IDX__TXHDRLVHK0CH01': ParsedDataItem(IDX__TXHDRLVHK0CH01, raw=134219776, derived=134219776, unit=None), 'IDX__TXHDRLVHK0CH23': ParsedDataItem(IDX__TXHDRLVHK0CH23, raw=172035001, derived=172035001, unit=None), 'IDX__TXHDRLVHK0CH45': ParsedDataItem(IDX__TXHDRLVHK0CH45, raw=134745195, derived=134745195, unit=None), 'IDX__TXHDRLVHK0CH67': ParsedDataItem(IDX__TXHDRLVHK0CH67, raw=205982803, derived=205982803, unit=None), 'IDX__TXHDRLVHK1CH01': ParsedDataItem(IDX__TXHDRLVHK1CH01, raw=33621645, derived=33621645, unit=None), 'IDX__TXHDRLVHK1CH23': ParsedDataItem(IDX__TXHDRLVHK1CH23, raw=74450379, derived=74450379, unit=None), 'IDX__TXHDRLVHK1CH45': ParsedDataItem(IDX__TXHDRLVHK1CH45, raw=214697794, derived=214697794, unit=None), 'IDX__TXHDRLVHK1CH67': ParsedDataItem(IDX__TXHDRLVHK1CH67, raw=192872901, derived=192872901, unit=None), 'IDX__TXHDRLVHK2CH01': ParsedDataItem(IDX__TXHDRLVHK2CH01, raw=81659105, derived=81659105, unit=None), 'IDX__TXHDRLVHK2CH23': ParsedDataItem(IDX__TXHDRLVHK2CH23, raw=192154335, derived=192154335, unit=None), 'IDX__TXHDRLVHK2CH45': ParsedDataItem(IDX__TXHDRLVHK2CH45, raw=101059654, derived=101059654, unit=None), 'IDX__TXHDRLVHK2CH67': ParsedDataItem(IDX__TXHDRLVHK2CH67, raw=69017, derived=69017, unit=None), 'IDX__TXHDRSP09': ParsedDataItem(IDX__TXHDRSP09, raw=0, derived=0, unit=None), 'IDX__TXHDRSP10': ParsedDataItem(IDX__TXHDRSP10, raw=0, derived=0, unit=None), 'IDX__TXHDRFSWAIDCOPY': ParsedDataItem(IDX__TXHDRFSWAIDCOPY, raw=2415277392, derived=2415277392, unit=None), 'IDX__TXHDRFSWBINCOPY': ParsedDataItem(IDX__TXHDRFSWBINCOPY, raw=0, derived=0, unit=None), 'IDX__TXHDRFSWMAJOR': ParsedDataItem(IDX__TXHDRFSWMAJOR, raw=2, derived=2, unit=None), 'IDX__TXHDRFSWMINOR': ParsedDataItem(IDX__TXHDRFSWMINOR, raw=0, derived=0, unit=None), 'IDX__TXHDRFSWPATCH': ParsedDataItem(IDX__TXHDRFSWPATCH, raw=0, derived=0, unit=None), 'IDX__TXHDRFSWHVSTAT': ParsedDataItem(IDX__TXHDRFSWHVSTAT, raw=3, derived=3, unit=None), 'IDX__TXHDRFSWMEM0': ParsedDataItem(IDX__TXHDRFSWMEM0, raw=0, derived=0, unit=None), 'IDX__TXHDRFSWMEM1': ParsedDataItem(IDX__TXHDRFSWMEM1, raw=0, derived=0, unit=None), 'IDX__TXHDRFSWPT0': ParsedDataItem(IDX__TXHDRFSWPT0, raw=0, derived=0, unit=None), 'IDX__TXHDRFSWPT1': ParsedDataItem(IDX__TXHDRFSWPT1, raw=0, derived=0, unit=None), 'IDX__TXHDRFSWPT2': ParsedDataItem(IDX__TXHDRFSWPT2, raw=0, derived=0, unit=None), 'IDX__TXHDRFSWPT3': ParsedDataItem(IDX__TXHDRFSWPT3, raw=0, derived=0, unit=None), 'IDX__TXHDRFSWPT4': ParsedDataItem(IDX__TXHDRFSWPT4, raw=0, derived=0, unit=None), 'IDX__TXHDRFSWPT5': ParsedDataItem(IDX__TXHDRFSWPT5, raw=0, derived=0, unit=None), 'IDX__TXHDRFSWPT6': ParsedDataItem(IDX__TXHDRFSWPT6, raw=0, derived=0, unit=None), 'IDX__TXHDRFSWPT7': ParsedDataItem(IDX__TXHDRFSWPT7, raw=0, derived=0, unit=None), 'IDX__TXHDRFSWPT8': ParsedDataItem(IDX__TXHDRFSWPT8, raw=0, derived=0, unit=None), 'IDX__TXHDRFSWPT9': ParsedDataItem(IDX__TXHDRFSWPT9, raw=0, derived=0, unit=None), 'IDX__TXHDRFPGAVER': ParsedDataItem(IDX__TXHDRFPGAVER, raw=539165480, derived=539165480, unit=None), 'IDX__SYNCSCI0PKT': ParsedDataItem(IDX__SYNCSCI0PKT, raw=13107, derived=13107, unit=None), 'IDX__CRCSCI0PKT': ParsedDataItem(IDX__CRCSCI0PKT, raw=64694, derived=64694, unit=None)}
SHCOARSE = 439513483
SHFINE = 7615
IDX__SCI0AID = 2415277392
IDX__SCI0TYPE = 1
IDX__SCI0CONT = 127
IDX__SCI0SPARE1 = 0
IDX__SCI0PACK = EN
IDX__SCI0FRAG = DS
IDX__SCI0COMP = DS
IDX__SCI0EVTNUM = 70
IDX__SCI0CAT = 32
IDX__SCI0QUAL = 5
IDX__SCI0FRAGOFF = 0
IDX__SCI0VER = 9
IDX__SCI0TIME32 = 439513233
IDX__SCI0SPARE2 = 0
IDX__SCI0SPARE3 = 0
IDX__SCI0SPARE4 = 0
IDX__TXHDRSCIEVTLEN = 8320
IDX__TXHDRSP00 = 0
IDX__TXHDRTIMESEC1 = 6706
IDX__TXHDRTIMESEC2 = 28817
IDX__TXHDRTIMESUBS = 24201
IDX__TXHDRSP01 = 0
IDX__TXHDRTRIGOFFSET = 6
IDX__TXHDRSP02 = 0
IDX__TXHDRTRIGID = 1
IDX__TXHDREVTNUM = 70
IDX__TXHDRBLOCKS = 243679
IDX__TXHDRHGTRIGCTRL1 = 2222981120
IDX__TXHDRHGTRIGCTRL2 = 0
IDX__TXHDRLGTRIGCTRL1 = 4294965248
IDX__TXHDRLGTRIGCTRL2 = 4278255360
IDX__TXHDRMGTRIGCTRL1 = 4294965248
IDX__TXHDRMGTRIGCTRL2 = 4278255360
IDX__TXHDRSP03 = 0
IDX__TXHDRLSADC = 1048320
IDX__TXHDRPOLSTAT = NEG
IDX__TXHDRSP04 = 0
IDX__TXHDRPOLCTRL = POS
IDX__TXHDRCOINENA = DIS
IDX__TXHDRLSTRIGMODE = DIS
IDX__TXHDRMGTRIGMODE = 0
IDX__TXHDRLGTRIGMODE = 0
IDX__TXHDRHGTRIGMODE = 1
IDX__TXHDRSP05 = 0
IDX__TXHDRSP06 = 0
IDX__TXHDRSP07 = 2020
IDX__TXHDRSP08 = 0
IDX__TXHDRTOFMAX = 541596223
IDX__TXHDRTOFMIN = 535295476
IDX__TXHDRLS0MAXMIN = 8468493
IDX__TXHDRLS1MAXMIN = 8447978
IDX__TXHDRLS2MAXMIN = 8341476
IDX__TXHDRFIFODELAY = 18
IDX__TXHDRSAMPDELAY = 49331282
IDX__TXHDRTRANSCNT = 4
IDX__TXHDRPROCHKCH01 = 83690304
IDX__TXHDRPROCHKCH23 = 106431714
IDX__TXHDRPROCHKCH45 = 168953050
IDX__TXHDRPROCHKCH67 = 133695768
IDX__TXHDRHVPSHKCH01 = 131859799
IDX__TXHDRHVPSHKCH23 = 8849070
IDX__TXHDRHVPSHKCH45 = 127731674
IDX__TXHDRHVPSHKCH67 = 19991183
IDX__TXHDRLVHK0CH01 = 134219776
IDX__TXHDRLVHK0CH23 = 172035001
IDX__TXHDRLVHK0CH45 = 134745195
IDX__TXHDRLVHK0CH67 = 205982803
IDX__TXHDRLVHK1CH01 = 33621645
IDX__TXHDRLVHK1CH23 = 74450379
IDX__TXHDRLVHK1CH45 = 214697794
IDX__TXHDRLVHK1CH67 = 192872901
IDX__TXHDRLVHK2CH01 = 81659105
IDX__TXHDRLVHK2CH23 = 192154335
IDX__TXHDRLVHK2CH45 = 101059654
IDX__TXHDRLVHK2CH67 = 69017
IDX__TXHDRSP09 = 0
IDX__TXHDRSP10 = 0
IDX__TXHDRFSWAIDCOPY = 2415277392
IDX__TXHDRFSWBINCOPY = 0
IDX__TXHDRFSWMAJOR = 2
IDX__TXHDRFSWMINOR = 0
IDX__TXHDRFSWPATCH = 0
IDX__TXHDRFSWHVSTAT = 3
IDX__TXHDRFSWMEM0 = 0
IDX__TXHDRFSWMEM1 = 0
IDX__TXHDRFSWPT0 = 0
IDX__TXHDRFSWPT1 = 0
IDX__TXHDRFSWPT2 = 0
IDX__TXHDRFSWPT3 = 0
IDX__TXHDRFSWPT4 = 0
IDX__TXHDRFSWPT5 = 0
IDX__TXHDRFSWPT6 = 0
IDX__TXHDRFSWPT7 = 0
IDX__TXHDRFSWPT8 = 0
IDX__TXHDRFSWPT9 = 0
IDX__TXHDRFPGAVER = 539165480
IDX__SYNCSCI0PKT = 13107
IDX__CRCSCI0PKT = 64694
^*****Event header 11******^
EVTNUM: 11
SCI0TYPE: 1
TXHDRBLOCKS RAW: 243679
TXHDRBLOCKS DERIVED: 243679
-----
HS pre trig sampling blocks:  31
LS pre trig sampling blocks:  3
HS post trig sampling blocks:  31
LS post trig sampling blocks:  11
IDX__TXHDRHVPSHKCH01 = 131859799
Detector voltage =  1367
Sensor voltage =  2012
Target voltage =  1710
Reflectron voltage =  135
Rejection voltage =  2010
Current for HVPS sensor =  1949
Positive current for HVPS sensor =  2703
Negative current for HVPS sensor =  305
Voltage +3.3V reference =  2048
Voltage +3.3V operational reference =  2048
Voltage -6V bus =  3001
Voltage +6V bus =  2625
Voltage +16V bus =  3179
Voltage +3.3V bus =  2056
Voltage -5V bus =  3155
Voltage +5V bus =  3143
Current +3.3V bus =  1677
Current +16V bus =  1136
Current +6V bus =  1483
Current -6V bus =  1136
Current +5V bus =  1858
Current -5V bus =  3276
Current +2.5V bus =  453
Current -2.5V bus =  2943
Current on the 1V POL =  832
Current on the 1.9V POL =  1277
ProcBd Temperature 1 =  1250
ProcBd Temperature 2 =  1624
Voltage on 1V bus =  1242
FPGA Temperature =  2578
Voltage on 1.9V bus =  2328
Voltage on 3.3V bus =  2040
var_to_row = {'Last measurement in raw DN for Processor Board signal “1V POL Current”': 0, 'Last measurement in raw DN for Processor Board signal “1.9V POL Current”': 1, 'Last measurement in raw DN for Processor Board signal “ProcBd Temp1”': 2, nan: 48, 'Last measurement in raw DN for Processor Board signal “ProcBd Temp2”': 6, 'Last measurement in raw DN for Processor Board signal “1V Voltage”': 10, 'Last measurement in raw DN for Processor Board signal “FPGA Temp”': 11, 'Last measurement in raw DN for Processor Board signal “1.9V Voltage”': 12, 'Last measurement in raw DN for Processor Board signal “3.3V Voltage”': 13, 'Last measurement in raw DN for HVPS Board signal “Detector Voltage”': 14, 'Last measurement in raw DN for HVPS Board signal “Sensor Voltage"': 15, 'Last measurement in raw DN for HVPS Board signal “Target Voltage”': 16, 'Last measurement in raw DN for HVPS Board signal “Reflectron Voltage”': 17, 'Last measurement in raw DN for HVPS Board signal “Rejection Voltage”': 18, 'Last measurement in raw DN for HVPS Board signal “Detector Current”': 19, 'Last measurement in raw DN for HVPS Board signal “Sensor IP”': 20, 'Last measurement in raw DN for HVPS Board signal “Sensor IN”': 21, 'Last measurement in raw DN for LVPS Board signal “P3.3VREF_HK”': 22, 'Last measurement in raw DN for LVPS Board signal “P3.3VREF_OP”': 23, 'Last measurement in raw DN for LVPS Board signal “N6V”': 24, 'Last measurement in raw DN for LVPS Board signal “P6V”': 25, 'Last measurement in raw DN for LVPS Board signal “P16V”': 26, 'Last measurement in raw DN for LVPS Board signal “P3.3V”': 27, 'Last measurement in raw DN for LVPS Board signal “N5V”': 28, 'Last measurement in raw DN for LVPS Board signal “P5V”': 29, 'Last measurement in raw DN for LVPS Board signal “P3.3_IMON”': 30, 'Last measurement in raw DN for LVPS Board signal “P16V_IMON”': 31, 'Last measurement in raw DN for LVPS Board signal “P6V_IMON”': 32, 'Last measurement in raw DN for LVPS Board signal “N6V_IMON”': 33, 'Last measurement in raw DN for LVPS Board signal “P5V_IMON”': 34, 'Last measurement in raw DN for LVPS Board signal “N5V_IMON”': 35, 'Last measurement in raw DN for LVPS Board signal “P2.5V_IMON”': 36, 'Last measurement in raw DN for LVPS Board signal “N2.5V_IMON”': 37, 'Last measurement in raw DN for LVPS Board signal “THERM_DECON0”': 38, 'Last measurement in raw DN for LVPS Board signal “THERM_DECON1”': 39, 'Last measurement in raw DN for LVPS Board signal “THERM_DAB”': 40, 'Last measurement in raw DN for LVPS Board signal “THERM_LVPS”': 41, 'Last measurement in raw DN for LVPS Board signal “THERM_HVPS”': 45, 'Last measurement in raw DN for LVPS Board signal “P2.5V”': 49, 'Last measurement in raw DN for LVPS Board signal “N2.5V”': 50, 'Last measurement in raw DN for LVPS Board signal “Spare”': 51}

 
 ***** var_name being converted for each instrument setting ***** 
 

Matching row  18
coeffs for Last measurement in raw DN for Processor Board signal “1V POL Current”= [0.0 0.9029253 0.0 0.0 0.0 0.0 0.0 0.0]
var_name = Last measurement in raw DN for Processor Board signal “1V POL Current”
var_name = current_1V_pol
Header info = 832
Transformed value for current_1V_pol = 751.2338496
Matching row  18
coeffs for Last measurement in raw DN for Processor Board signal “1.9V POL Current”= [0.0 0.9029253 0.0 0.0 0.0 0.0 0.0 0.0]
var_name = Last measurement in raw DN for Processor Board signal “1.9V POL Current”
var_name = current_1.9V_pol
Header info = 1277
Transformed value for current_1.9V_pol = 1153.0356081
Matching row  18
coeffs for Last measurement in raw DN for Processor Board signal “ProcBd Temp1”= [162.8276 -0.2668687 0.0003323794 -2.43153e-07 9.034532e-11 -1.327735e-14
 0.0 0.0]
var_name = Last measurement in raw DN for Processor Board signal “ProcBd Temp1”
var_name = temperature_1
Header info = 1250
Transformed value for temperature_1 = 53.72670668945321
Matching row  18
coeffs for nan= [-104713.9 52.02446 -0.006463374 0.0 0.0 0.0 0.0 0.0]
var_name = nan
var_name = None
KeyError: (11, None) - Could not find entry for None, 48. Please check the Var_notes or variable mapping.
Matching row  18
coeffs for Last measurement in raw DN for Processor Board signal “ProcBd Temp2”= [162.8276 -0.2668687 0.0003323794 -2.43153e-07 9.034532e-11 -1.327735e-14
 0.0 0.0]
var_name = Last measurement in raw DN for Processor Board signal “ProcBd Temp2”
var_name = temperature_2
Header info = 1624
Transformed value for temperature_2 = 43.030834589476854
Matching row  18
coeffs for Last measurement in raw DN for Processor Board signal “1V Voltage”= [0.0 0.000805861 0.0 0.0 0.0 0.0 0.0 0.0]
var_name = Last measurement in raw DN for Processor Board signal “1V Voltage”
var_name = voltage_1V_bus
Header info = 1242
Transformed value for voltage_1V_bus = 1.0008793619999998
Matching row  18
coeffs for Last measurement in raw DN for Processor Board signal “FPGA Temp”= [358.31 -0.1187104 0.0 0.0 0.0 0.0 0.0 0.0]
var_name = Last measurement in raw DN for Processor Board signal “FPGA Temp”
var_name = fpga_temperature
Header info = 2578
Transformed value for fpga_temperature = 52.274588800000004
Matching row  18
coeffs for Last measurement in raw DN for Processor Board signal “1.9V Voltage”= [0.0 0.000805861 0.0 0.0 0.0 0.0 0.0 0.0]
var_name = Last measurement in raw DN for Processor Board signal “1.9V Voltage”
var_name = voltage_1.9V_bus
Header info = 2328
Transformed value for voltage_1.9V_bus = 1.8760444079999998
Matching row  18
coeffs for Last measurement in raw DN for Processor Board signal “3.3V Voltage”= [0.0 0.001611722 0.0 0.0 0.0 0.0 0.0 0.0]
var_name = Last measurement in raw DN for Processor Board signal “3.3V Voltage”
var_name = voltage_3.3V_bus
Header info = 2040
Transformed value for voltage_3.3V_bus = 3.28791288
Matching row  18
coeffs for Last measurement in raw DN for HVPS Board signal “Detector Voltage”= [0.0 1.4652 0.0 0.0 0.0 0.0 0.0 0.0]
var_name = Last measurement in raw DN for HVPS Board signal “Detector Voltage”
var_name = detector_voltage
Header info = 1367
Transformed value for detector_voltage = 2002.9284
Matching row  18
coeffs for Last measurement in raw DN for HVPS Board signal “Sensor Voltage"= [0.0 1.4652 0.0 0.0 0.0 0.0 0.0 0.0]
var_name = Last measurement in raw DN for HVPS Board signal “Sensor Voltage"
var_name = sensor_voltage
Header info = 2012
Transformed value for sensor_voltage = 2947.9824000000003
Matching row  18
coeffs for Last measurement in raw DN for HVPS Board signal “Target Voltage”= [0.0 1.4652 0.0 0.0 0.0 0.0 0.0 0.0]
var_name = Last measurement in raw DN for HVPS Board signal “Target Voltage”
var_name = target_voltage
Header info = 1710
Transformed value for target_voltage = 2505.492
Matching row  18
coeffs for Last measurement in raw DN for HVPS Board signal “Reflectron Voltage”= [0.0 1.4652 0.0 0.0 0.0 0.0 0.0 0.0]
var_name = Last measurement in raw DN for HVPS Board signal “Reflectron Voltage”
var_name = reflectron_voltage
Header info = 135
Transformed value for reflectron_voltage = 197.80200000000002
Matching row  18
coeffs for Last measurement in raw DN for HVPS Board signal “Rejection Voltage”= [0.0 1.4652 0.0 0.0 0.0 0.0 0.0 0.0]
var_name = Last measurement in raw DN for HVPS Board signal “Rejection Voltage”
var_name = rejection_voltage
Header info = 2010
Transformed value for rejection_voltage = 2945.052
Matching row  18
coeffs for Last measurement in raw DN for HVPS Board signal “Detector Current”= [0.0 7.326e-06 0.0 0.0 0.0 0.0 0.0 0.0]
var_name = Last measurement in raw DN for HVPS Board signal “Detector Current”
var_name = current_hvps_sensor
Header info = 1949
Transformed value for current_hvps_sensor = 0.014278374
Matching row  18
coeffs for Last measurement in raw DN for HVPS Board signal “Sensor IP”= [0.0 2.4339e-05 0.0 0.0 0.0 0.0 0.0 0.0]
var_name = Last measurement in raw DN for HVPS Board signal “Sensor IP”
var_name = positive_current_hvps
Header info = 2703
Transformed value for positive_current_hvps = 0.065788317
Matching row  18
coeffs for Last measurement in raw DN for HVPS Board signal “Sensor IN”= [0.0 2.4339e-05 0.0 0.0 0.0 0.0 0.0 0.0]
var_name = Last measurement in raw DN for HVPS Board signal “Sensor IN”
var_name = negative_current_hvps
Header info = 305
Transformed value for negative_current_hvps = 0.007423394999999999
Matching row  18
coeffs for Last measurement in raw DN for LVPS Board signal “P3.3VREF_HK”= [0.0 0.00161172 0.0 0.0 0.0 0.0 0.0 0.0]
var_name = Last measurement in raw DN for LVPS Board signal “P3.3VREF_HK”
var_name = voltage_3V3_ref
Header info = 2048
Transformed value for voltage_3V3_ref = 3.30080256
Matching row  18
coeffs for Last measurement in raw DN for LVPS Board signal “P3.3VREF_OP”= [0.0 0.00161172 0.0 0.0 0.0 0.0 0.0 0.0]
var_name = Last measurement in raw DN for LVPS Board signal “P3.3VREF_OP”
var_name = voltage_3V3_op_ref
Header info = 2048
Transformed value for voltage_3V3_op_ref = 3.30080256
Matching row  18
coeffs for Last measurement in raw DN for LVPS Board signal “N6V”= [-33.0 0.00886447 0.0 0.0 0.0 0.0 0.0 0.0]
var_name = Last measurement in raw DN for LVPS Board signal “N6V”
var_name = voltage_neg6V_bus
Header info = 3001
Transformed value for voltage_neg6V_bus = -6.397725530000002
Matching row  18
coeffs for Last measurement in raw DN for LVPS Board signal “P6V”= [0.0 0.00241758 0.0 0.0 0.0 0.0 0.0 0.0]
var_name = Last measurement in raw DN for LVPS Board signal “P6V”
var_name = voltage_pos6V_bus
Header info = 2625
Transformed value for voltage_pos6V_bus = 6.3461475
Matching row  18
coeffs for Last measurement in raw DN for LVPS Board signal “P16V”= [0.0 0.00482711 0.0 0.0 0.0 0.0 0.0 0.0]
var_name = Last measurement in raw DN for LVPS Board signal “P16V”
var_name = voltage_pos16V_bus
Header info = 3179
Transformed value for voltage_pos16V_bus = 15.34538269
Matching row  18
coeffs for Last measurement in raw DN for LVPS Board signal “P3.3V”= [0.0 0.00161172 0.0 0.0 0.0 0.0 0.0 0.0]
var_name = Last measurement in raw DN for LVPS Board signal “P3.3V”
var_name = voltage_pos3V3_bus
Header info = 2056
Transformed value for voltage_pos3V3_bus = 3.31369632
Matching row  18
coeffs for Last measurement in raw DN for LVPS Board signal “N5V”= [-33.0 0.00886447 0.0 0.0 0.0 0.0 0.0 0.0]
var_name = Last measurement in raw DN for LVPS Board signal “N5V”
var_name = voltage_neg5V_bus
Header info = 3155
Transformed value for voltage_neg5V_bus = -5.032597150000001
Matching row  18
coeffs for Last measurement in raw DN for LVPS Board signal “P5V”= [0.0 0.00161172 0.0 0.0 0.0 0.0 0.0 0.0]
var_name = Last measurement in raw DN for LVPS Board signal “P5V”
var_name = voltage_pos5V_bus
Header info = 3143
Transformed value for voltage_pos5V_bus = 5.06563596
Matching row  18
coeffs for Last measurement in raw DN for LVPS Board signal “P3.3_IMON”= [0.0 0.00161172 0.0 0.0 0.0 0.0 0.0 0.0]
var_name = Last measurement in raw DN for LVPS Board signal “P3.3_IMON”
var_name = current_3V3_bus
Header info = 1677
Transformed value for current_3V3_bus = 2.7028544400000003
Matching row  18
coeffs for Last measurement in raw DN for LVPS Board signal “P16V_IMON”= [0.0 0.000161172 0.0 0.0 0.0 0.0 0.0 0.0]
var_name = Last measurement in raw DN for LVPS Board signal “P16V_IMON”
var_name = current_16V_bus
Header info = 1136
Transformed value for current_16V_bus = 0.18309139200000002
Matching row  18
coeffs for Last measurement in raw DN for LVPS Board signal “P6V_IMON”= [0.0 8.05861e-05 0.0 0.0 0.0 0.0 0.0 0.0]
var_name = Last measurement in raw DN for LVPS Board signal “P6V_IMON”
var_name = current_6V_bus
Header info = 1483
Transformed value for current_6V_bus = 0.1195091863
Matching row  18
coeffs for Last measurement in raw DN for LVPS Board signal “N6V_IMON”= [0.0 -8.05861e-05 0.0 0.0 0.0 0.0 0.0 0.0]
var_name = Last measurement in raw DN for LVPS Board signal “N6V_IMON”
var_name = current_neg6V_bus
Header info = 1136
Transformed value for current_neg6V_bus = -0.0915458096
Matching row  18
coeffs for Last measurement in raw DN for LVPS Board signal “P5V_IMON”= [0.0 4.029304e-05 0.0 0.0 0.0 0.0 0.0 0.0]
var_name = Last measurement in raw DN for LVPS Board signal “P5V_IMON”
var_name = current_5V_bus
Header info = 1858
Transformed value for current_5V_bus = 0.07486446832
Matching row  18
coeffs for Last measurement in raw DN for LVPS Board signal “N5V_IMON”= [0.0 -2.01465e-05 0.0 0.0 0.0 0.0 0.0 0.0]
var_name = Last measurement in raw DN for LVPS Board signal “N5V_IMON”
var_name = current_neg5V_bus
Header info = 3276
Transformed value for current_neg5V_bus = -0.06599993400000001
Matching row  18
coeffs for Last measurement in raw DN for LVPS Board signal “P2.5V_IMON”= [0.0 0.00161172 0.0 0.0 0.0 0.0 0.0 0.0]
var_name = Last measurement in raw DN for LVPS Board signal “P2.5V_IMON”
var_name = current_2V5_bus
Header info = 453
Transformed value for current_2V5_bus = 0.73010916
Matching row  18
coeffs for Last measurement in raw DN for LVPS Board signal “N2.5V_IMON”= [0.0 -4.0293e-05 0.0 0.0 0.0 0.0 0.0 0.0]
var_name = Last measurement in raw DN for LVPS Board signal “N2.5V_IMON”
var_name = current_neg2V5_bus
Header info = 2943
Transformed value for current_neg2V5_bus = -0.118582299
Matching row  18
coeffs for Last measurement in raw DN for LVPS Board signal “THERM_DECON0”= [-110.293 0.0665351 0.000305738 -6.32048e-07 5.9934e-10 -2.98784e-13
 7.61361e-17 -7.76467e-21]
var_name = Last measurement in raw DN for LVPS Board signal “THERM_DECON0”
var_name = None
KeyError: (11, None) - Could not find entry for None, 38. Please check the Var_notes or variable mapping.
Matching row  18
coeffs for Last measurement in raw DN for LVPS Board signal “THERM_DECON1”= [-150.478 0.376986 -0.00062072 7.73853e-07 -5.81588e-10 2.56368e-13
 -6.05698e-17 5.96635e-21]
var_name = Last measurement in raw DN for LVPS Board signal “THERM_DECON1”
var_name = None
KeyError: (11, None) - Could not find entry for None, 39. Please check the Var_notes or variable mapping.
Matching row  18
coeffs for Last measurement in raw DN for LVPS Board signal “THERM_DAB”= [-443.248 1.31224 -0.00180422 1.40016e-06 -6.43766e-10 1.7448e-13
 -2.57695e-17 1.60239e-21]
var_name = Last measurement in raw DN for LVPS Board signal “THERM_DAB”
var_name = None
KeyError: (11, None) - Could not find entry for None, 40. Please check the Var_notes or variable mapping.
Matching row  18
coeffs for Last measurement in raw DN for LVPS Board signal “THERM_LVPS”= [200.4137 -0.2020699 0.000175403 -9.739547e-08 2.888932e-11 -3.545603e-15
 0.0 0.0]
var_name = Last measurement in raw DN for LVPS Board signal “THERM_LVPS”
var_name = None
KeyError: (11, None) - Could not find entry for None, 41. Please check the Var_notes or variable mapping.
Matching row  18
coeffs for Last measurement in raw DN for LVPS Board signal “THERM_HVPS”= [200.4137 -0.2020699 0.000175403 -9.739547e-08 2.888932e-11 -3.545603e-15
 0.0 0.0]
var_name = Last measurement in raw DN for LVPS Board signal “THERM_HVPS”
var_name = None
KeyError: (11, None) - Could not find entry for None, 45. Please check the Var_notes or variable mapping.
Matching row  18
coeffs for Last measurement in raw DN for LVPS Board signal “P2.5V”= [0.0 0.00161172 0.0 0.0 0.0 0.0 0.0 0.0]
var_name = Last measurement in raw DN for LVPS Board signal “P2.5V”
var_name = None
KeyError: (11, None) - Could not find entry for None, 49. Please check the Var_notes or variable mapping.
Matching row  18
coeffs for Last measurement in raw DN for LVPS Board signal “N2.5V”= [-33.0 0.00886447 0.0 0.0 0.0 0.0 0.0 0.0]
var_name = Last measurement in raw DN for LVPS Board signal “N2.5V”
var_name = None
KeyError: (11, None) - Could not find entry for None, 50. Please check the Var_notes or variable mapping.
Matching row  18
coeffs for Last measurement in raw DN for LVPS Board signal “Spare”= [0.0 0.00161172 0.0 0.0 0.0 0.0 0.0 0.0]
var_name = Last measurement in raw DN for LVPS Board signal “Spare”
var_name = spare_signal
KeyError: (11, 'spare_signal') - Could not find entry for spare_signal, 51. Please check the Var_notes or variable mapping.
High gain delay = 82 samples.
Mid gain delay = 47 samples.
Low gain delay = 47 samples.
High sampling trigger mode =  0 0 1
High gain trigger mode enabled.
For 2222981120, HG Trigger level = 0.15317, sample settings = 0, 0
Threshold trigger mode enabled for high gain channel.
AID = 2415277392
Event number = 70
Rice compression enabled = False
Timestamp = 439513233.48402 seconds since epoch (Midnight January 1st, 2010)
Trigger time = 2023-12-05T23:00:33.484020Z
11
11
11
11
11
11
11
11
11
11
11
11
11
{'SHCOARSE': ParsedDataItem(SHCOARSE, raw=439513497, derived=439513497, unit=dn), 'SHFINE': ParsedDataItem(SHFINE, raw=7624, derived=7624, unit=dn), 'IDX__SCI0AID': ParsedDataItem(IDX__SCI0AID, raw=2415277392, derived=2415277392, unit=None), 'IDX__SCI0TYPE': ParsedDataItem(IDX__SCI0TYPE, raw=1, derived=1, unit=None), 'IDX__SCI0CONT': ParsedDataItem(IDX__SCI0CONT, raw=127, derived=127, unit=None), 'IDX__SCI0SPARE1': ParsedDataItem(IDX__SCI0SPARE1, raw=0, derived=0, unit=None), 'IDX__SCI0PACK': ParsedDataItem(IDX__SCI0PACK, raw=1, derived=EN, unit=None), 'IDX__SCI0FRAG': ParsedDataItem(IDX__SCI0FRAG, raw=0, derived=DS, unit=None), 'IDX__SCI0COMP': ParsedDataItem(IDX__SCI0COMP, raw=0, derived=DS, unit=None), 'IDX__SCI0EVTNUM': ParsedDataItem(IDX__SCI0EVTNUM, raw=71, derived=71, unit=None), 'IDX__SCI0CAT': ParsedDataItem(IDX__SCI0CAT, raw=32, derived=32, unit=None), 'IDX__SCI0QUAL': ParsedDataItem(IDX__SCI0QUAL, raw=5, derived=5, unit=None), 'IDX__SCI0FRAGOFF': ParsedDataItem(IDX__SCI0FRAGOFF, raw=0, derived=0, unit=None), 'IDX__SCI0VER': ParsedDataItem(IDX__SCI0VER, raw=9, derived=9, unit=None), 'IDX__SCI0TIME32': ParsedDataItem(IDX__SCI0TIME32, raw=439513234, derived=439513234, unit=None), 'IDX__SCI0SPARE2': ParsedDataItem(IDX__SCI0SPARE2, raw=0, derived=0, unit=None), 'IDX__SCI0SPARE3': ParsedDataItem(IDX__SCI0SPARE3, raw=0, derived=0, unit=None), 'IDX__SCI0SPARE4': ParsedDataItem(IDX__SCI0SPARE4, raw=0, derived=0, unit=None), 'IDX__TXHDRSCIEVTLEN': ParsedDataItem(IDX__TXHDRSCIEVTLEN, raw=8320, derived=8320, unit=None), 'IDX__TXHDRSP00': ParsedDataItem(IDX__TXHDRSP00, raw=0, derived=0, unit=None), 'IDX__TXHDRTIMESEC1': ParsedDataItem(IDX__TXHDRTIMESEC1, raw=6706, derived=6706, unit=None), 'IDX__TXHDRTIMESEC2': ParsedDataItem(IDX__TXHDRTIMESEC2, raw=28818, derived=28818, unit=None), 'IDX__TXHDRTIMESUBS': ParsedDataItem(IDX__TXHDRTIMESUBS, raw=24198, derived=24198, unit=None), 'IDX__TXHDRSP01': ParsedDataItem(IDX__TXHDRSP01, raw=0, derived=0, unit=None), 'IDX__TXHDRTRIGOFFSET': ParsedDataItem(IDX__TXHDRTRIGOFFSET, raw=0, derived=0, unit=None), 'IDX__TXHDRSP02': ParsedDataItem(IDX__TXHDRSP02, raw=0, derived=0, unit=None), 'IDX__TXHDRTRIGID': ParsedDataItem(IDX__TXHDRTRIGID, raw=1, derived=1, unit=None), 'IDX__TXHDREVTNUM': ParsedDataItem(IDX__TXHDREVTNUM, raw=71, derived=71, unit=None), 'IDX__TXHDRBLOCKS': ParsedDataItem(IDX__TXHDRBLOCKS, raw=243679, derived=243679, unit=None), 'IDX__TXHDRHGTRIGCTRL1': ParsedDataItem(IDX__TXHDRHGTRIGCTRL1, raw=2222981120, derived=2222981120, unit=None), 'IDX__TXHDRHGTRIGCTRL2': ParsedDataItem(IDX__TXHDRHGTRIGCTRL2, raw=0, derived=0, unit=None), 'IDX__TXHDRLGTRIGCTRL1': ParsedDataItem(IDX__TXHDRLGTRIGCTRL1, raw=4294965248, derived=4294965248, unit=None), 'IDX__TXHDRLGTRIGCTRL2': ParsedDataItem(IDX__TXHDRLGTRIGCTRL2, raw=4278255360, derived=4278255360, unit=None), 'IDX__TXHDRMGTRIGCTRL1': ParsedDataItem(IDX__TXHDRMGTRIGCTRL1, raw=4294965248, derived=4294965248, unit=None), 'IDX__TXHDRMGTRIGCTRL2': ParsedDataItem(IDX__TXHDRMGTRIGCTRL2, raw=4278255360, derived=4278255360, unit=None), 'IDX__TXHDRSP03': ParsedDataItem(IDX__TXHDRSP03, raw=0, derived=0, unit=None), 'IDX__TXHDRLSADC': ParsedDataItem(IDX__TXHDRLSADC, raw=1048320, derived=1048320, unit=None), 'IDX__TXHDRPOLSTAT': ParsedDataItem(IDX__TXHDRPOLSTAT, raw=1, derived=NEG, unit=None), 'IDX__TXHDRSP04': ParsedDataItem(IDX__TXHDRSP04, raw=0, derived=0, unit=None), 'IDX__TXHDRPOLCTRL': ParsedDataItem(IDX__TXHDRPOLCTRL, raw=0, derived=POS, unit=None), 'IDX__TXHDRCOINENA': ParsedDataItem(IDX__TXHDRCOINENA, raw=0, derived=DIS, unit=None), 'IDX__TXHDRLSTRIGMODE': ParsedDataItem(IDX__TXHDRLSTRIGMODE, raw=0, derived=DIS, unit=None), 'IDX__TXHDRMGTRIGMODE': ParsedDataItem(IDX__TXHDRMGTRIGMODE, raw=0, derived=0, unit=None), 'IDX__TXHDRLGTRIGMODE': ParsedDataItem(IDX__TXHDRLGTRIGMODE, raw=0, derived=0, unit=None), 'IDX__TXHDRHGTRIGMODE': ParsedDataItem(IDX__TXHDRHGTRIGMODE, raw=1, derived=1, unit=None), 'IDX__TXHDRSP05': ParsedDataItem(IDX__TXHDRSP05, raw=0, derived=0, unit=None), 'IDX__TXHDRSP06': ParsedDataItem(IDX__TXHDRSP06, raw=0, derived=0, unit=None), 'IDX__TXHDRSP07': ParsedDataItem(IDX__TXHDRSP07, raw=2021, derived=2021, unit=None), 'IDX__TXHDRSP08': ParsedDataItem(IDX__TXHDRSP08, raw=0, derived=0, unit=None), 'IDX__TXHDRTOFMAX': ParsedDataItem(IDX__TXHDRTOFMAX, raw=542644846, derived=542644846, unit=None), 'IDX__TXHDRTOFMIN': ParsedDataItem(IDX__TXHDRTOFMIN, raw=535295476, derived=535295476, unit=None), 'IDX__TXHDRLS0MAXMIN': ParsedDataItem(IDX__TXHDRLS0MAXMIN, raw=8464397, derived=8464397, unit=None), 'IDX__TXHDRLS1MAXMIN': ParsedDataItem(IDX__TXHDRLS1MAXMIN, raw=8443882, derived=8443882, unit=None), 'IDX__TXHDRLS2MAXMIN': ParsedDataItem(IDX__TXHDRLS2MAXMIN, raw=8456164, derived=8456164, unit=None), 'IDX__TXHDRFIFODELAY': ParsedDataItem(IDX__TXHDRFIFODELAY, raw=17, derived=17, unit=None), 'IDX__TXHDRSAMPDELAY': ParsedDataItem(IDX__TXHDRSAMPDELAY, raw=1073740832, derived=1073740832, unit=None), 'IDX__TXHDRTRANSCNT': ParsedDataItem(IDX__TXHDRTRANSCNT, raw=4, derived=4, unit=None), 'IDX__TXHDRPROCHKCH01': ParsedDataItem(IDX__TXHDRPROCHKCH01, raw=83690304, derived=83690304, unit=None), 'IDX__TXHDRPROCHKCH23': ParsedDataItem(IDX__TXHDRPROCHKCH23, raw=106431714, derived=106431714, unit=None), 'IDX__TXHDRPROCHKCH45': ParsedDataItem(IDX__TXHDRPROCHKCH45, raw=168953050, derived=168953050, unit=None), 'IDX__TXHDRPROCHKCH67': ParsedDataItem(IDX__TXHDRPROCHKCH67, raw=133695768, derived=133695768, unit=None), 'IDX__TXHDRHVPSHKCH01': ParsedDataItem(IDX__TXHDRHVPSHKCH01, raw=131859799, derived=131859799, unit=None), 'IDX__TXHDRHVPSHKCH23': ParsedDataItem(IDX__TXHDRHVPSHKCH23, raw=8849070, derived=8849070, unit=None), 'IDX__TXHDRHVPSHKCH45': ParsedDataItem(IDX__TXHDRHVPSHKCH45, raw=127797210, derived=127797210, unit=None), 'IDX__TXHDRHVPSHKCH67': ParsedDataItem(IDX__TXHDRHVPSHKCH67, raw=19991183, derived=19991183, unit=None), 'IDX__TXHDRLVHK0CH01': ParsedDataItem(IDX__TXHDRLVHK0CH01, raw=134219776, derived=134219776, unit=None), 'IDX__TXHDRLVHK0CH23': ParsedDataItem(IDX__TXHDRLVHK0CH23, raw=172035001, derived=172035001, unit=None), 'IDX__TXHDRLVHK0CH45': ParsedDataItem(IDX__TXHDRLVHK0CH45, raw=134745195, derived=134745195, unit=None), 'IDX__TXHDRLVHK0CH67': ParsedDataItem(IDX__TXHDRLVHK0CH67, raw=205917267, derived=205917267, unit=None), 'IDX__TXHDRLVHK1CH01': ParsedDataItem(IDX__TXHDRLVHK1CH01, raw=33621646, derived=33621646, unit=None), 'IDX__TXHDRLVHK1CH23': ParsedDataItem(IDX__TXHDRLVHK1CH23, raw=74450378, derived=74450378, unit=None), 'IDX__TXHDRLVHK1CH45': ParsedDataItem(IDX__TXHDRLVHK1CH45, raw=214697794, derived=214697794, unit=None), 'IDX__TXHDRLVHK1CH67': ParsedDataItem(IDX__TXHDRLVHK1CH67, raw=192872901, derived=192872901, unit=None), 'IDX__TXHDRLVHK2CH01': ParsedDataItem(IDX__TXHDRLVHK2CH01, raw=81659105, derived=81659105, unit=None), 'IDX__TXHDRLVHK2CH23': ParsedDataItem(IDX__TXHDRLVHK2CH23, raw=192154335, derived=192154335, unit=None), 'IDX__TXHDRLVHK2CH45': ParsedDataItem(IDX__TXHDRLVHK2CH45, raw=101059654, derived=101059654, unit=None), 'IDX__TXHDRLVHK2CH67': ParsedDataItem(IDX__TXHDRLVHK2CH67, raw=69016, derived=69016, unit=None), 'IDX__TXHDRSP09': ParsedDataItem(IDX__TXHDRSP09, raw=0, derived=0, unit=None), 'IDX__TXHDRSP10': ParsedDataItem(IDX__TXHDRSP10, raw=0, derived=0, unit=None), 'IDX__TXHDRFSWAIDCOPY': ParsedDataItem(IDX__TXHDRFSWAIDCOPY, raw=2415277392, derived=2415277392, unit=None), 'IDX__TXHDRFSWBINCOPY': ParsedDataItem(IDX__TXHDRFSWBINCOPY, raw=0, derived=0, unit=None), 'IDX__TXHDRFSWMAJOR': ParsedDataItem(IDX__TXHDRFSWMAJOR, raw=2, derived=2, unit=None), 'IDX__TXHDRFSWMINOR': ParsedDataItem(IDX__TXHDRFSWMINOR, raw=0, derived=0, unit=None), 'IDX__TXHDRFSWPATCH': ParsedDataItem(IDX__TXHDRFSWPATCH, raw=0, derived=0, unit=None), 'IDX__TXHDRFSWHVSTAT': ParsedDataItem(IDX__TXHDRFSWHVSTAT, raw=3, derived=3, unit=None), 'IDX__TXHDRFSWMEM0': ParsedDataItem(IDX__TXHDRFSWMEM0, raw=0, derived=0, unit=None), 'IDX__TXHDRFSWMEM1': ParsedDataItem(IDX__TXHDRFSWMEM1, raw=0, derived=0, unit=None), 'IDX__TXHDRFSWPT0': ParsedDataItem(IDX__TXHDRFSWPT0, raw=0, derived=0, unit=None), 'IDX__TXHDRFSWPT1': ParsedDataItem(IDX__TXHDRFSWPT1, raw=0, derived=0, unit=None), 'IDX__TXHDRFSWPT2': ParsedDataItem(IDX__TXHDRFSWPT2, raw=0, derived=0, unit=None), 'IDX__TXHDRFSWPT3': ParsedDataItem(IDX__TXHDRFSWPT3, raw=0, derived=0, unit=None), 'IDX__TXHDRFSWPT4': ParsedDataItem(IDX__TXHDRFSWPT4, raw=0, derived=0, unit=None), 'IDX__TXHDRFSWPT5': ParsedDataItem(IDX__TXHDRFSWPT5, raw=0, derived=0, unit=None), 'IDX__TXHDRFSWPT6': ParsedDataItem(IDX__TXHDRFSWPT6, raw=0, derived=0, unit=None), 'IDX__TXHDRFSWPT7': ParsedDataItem(IDX__TXHDRFSWPT7, raw=0, derived=0, unit=None), 'IDX__TXHDRFSWPT8': ParsedDataItem(IDX__TXHDRFSWPT8, raw=0, derived=0, unit=None), 'IDX__TXHDRFSWPT9': ParsedDataItem(IDX__TXHDRFSWPT9, raw=0, derived=0, unit=None), 'IDX__TXHDRFPGAVER': ParsedDataItem(IDX__TXHDRFPGAVER, raw=539165480, derived=539165480, unit=None), 'IDX__SYNCSCI0PKT': ParsedDataItem(IDX__SYNCSCI0PKT, raw=13107, derived=13107, unit=None), 'IDX__CRCSCI0PKT': ParsedDataItem(IDX__CRCSCI0PKT, raw=59738, derived=59738, unit=None)}
SHCOARSE = 439513497
SHFINE = 7624
IDX__SCI0AID = 2415277392
IDX__SCI0TYPE = 1
IDX__SCI0CONT = 127
IDX__SCI0SPARE1 = 0
IDX__SCI0PACK = EN
IDX__SCI0FRAG = DS
IDX__SCI0COMP = DS
IDX__SCI0EVTNUM = 71
IDX__SCI0CAT = 32
IDX__SCI0QUAL = 5
IDX__SCI0FRAGOFF = 0
IDX__SCI0VER = 9
IDX__SCI0TIME32 = 439513234
IDX__SCI0SPARE2 = 0
IDX__SCI0SPARE3 = 0
IDX__SCI0SPARE4 = 0
IDX__TXHDRSCIEVTLEN = 8320
IDX__TXHDRSP00 = 0
IDX__TXHDRTIMESEC1 = 6706
IDX__TXHDRTIMESEC2 = 28818
IDX__TXHDRTIMESUBS = 24198
IDX__TXHDRSP01 = 0
IDX__TXHDRTRIGOFFSET = 0
IDX__TXHDRSP02 = 0
IDX__TXHDRTRIGID = 1
IDX__TXHDREVTNUM = 71
IDX__TXHDRBLOCKS = 243679
IDX__TXHDRHGTRIGCTRL1 = 2222981120
IDX__TXHDRHGTRIGCTRL2 = 0
IDX__TXHDRLGTRIGCTRL1 = 4294965248
IDX__TXHDRLGTRIGCTRL2 = 4278255360
IDX__TXHDRMGTRIGCTRL1 = 4294965248
IDX__TXHDRMGTRIGCTRL2 = 4278255360
IDX__TXHDRSP03 = 0
IDX__TXHDRLSADC = 1048320
IDX__TXHDRPOLSTAT = NEG
IDX__TXHDRSP04 = 0
IDX__TXHDRPOLCTRL = POS
IDX__TXHDRCOINENA = DIS
IDX__TXHDRLSTRIGMODE = DIS
IDX__TXHDRMGTRIGMODE = 0
IDX__TXHDRLGTRIGMODE = 0
IDX__TXHDRHGTRIGMODE = 1
IDX__TXHDRSP05 = 0
IDX__TXHDRSP06 = 0
IDX__TXHDRSP07 = 2021
IDX__TXHDRSP08 = 0
IDX__TXHDRTOFMAX = 542644846
IDX__TXHDRTOFMIN = 535295476
IDX__TXHDRLS0MAXMIN = 8464397
IDX__TXHDRLS1MAXMIN = 8443882
IDX__TXHDRLS2MAXMIN = 8456164
IDX__TXHDRFIFODELAY = 17
IDX__TXHDRSAMPDELAY = 1073740832
IDX__TXHDRTRANSCNT = 4
IDX__TXHDRPROCHKCH01 = 83690304
IDX__TXHDRPROCHKCH23 = 106431714
IDX__TXHDRPROCHKCH45 = 168953050
IDX__TXHDRPROCHKCH67 = 133695768
IDX__TXHDRHVPSHKCH01 = 131859799
IDX__TXHDRHVPSHKCH23 = 8849070
IDX__TXHDRHVPSHKCH45 = 127797210
IDX__TXHDRHVPSHKCH67 = 19991183
IDX__TXHDRLVHK0CH01 = 134219776
IDX__TXHDRLVHK0CH23 = 172035001
IDX__TXHDRLVHK0CH45 = 134745195
IDX__TXHDRLVHK0CH67 = 205917267
IDX__TXHDRLVHK1CH01 = 33621646
IDX__TXHDRLVHK1CH23 = 74450378
IDX__TXHDRLVHK1CH45 = 214697794
IDX__TXHDRLVHK1CH67 = 192872901
IDX__TXHDRLVHK2CH01 = 81659105
IDX__TXHDRLVHK2CH23 = 192154335
IDX__TXHDRLVHK2CH45 = 101059654
IDX__TXHDRLVHK2CH67 = 69016
IDX__TXHDRSP09 = 0
IDX__TXHDRSP10 = 0
IDX__TXHDRFSWAIDCOPY = 2415277392
IDX__TXHDRFSWBINCOPY = 0
IDX__TXHDRFSWMAJOR = 2
IDX__TXHDRFSWMINOR = 0
IDX__TXHDRFSWPATCH = 0
IDX__TXHDRFSWHVSTAT = 3
IDX__TXHDRFSWMEM0 = 0
IDX__TXHDRFSWMEM1 = 0
IDX__TXHDRFSWPT0 = 0
IDX__TXHDRFSWPT1 = 0
IDX__TXHDRFSWPT2 = 0
IDX__TXHDRFSWPT3 = 0
IDX__TXHDRFSWPT4 = 0
IDX__TXHDRFSWPT5 = 0
IDX__TXHDRFSWPT6 = 0
IDX__TXHDRFSWPT7 = 0
IDX__TXHDRFSWPT8 = 0
IDX__TXHDRFSWPT9 = 0
IDX__TXHDRFPGAVER = 539165480
IDX__SYNCSCI0PKT = 13107
IDX__CRCSCI0PKT = 59738
^*****Event header 12******^
EVTNUM: 12
SCI0TYPE: 1
TXHDRBLOCKS RAW: 243679
TXHDRBLOCKS DERIVED: 243679
-----
HS pre trig sampling blocks:  31
LS pre trig sampling blocks:  3
HS post trig sampling blocks:  31
LS post trig sampling blocks:  11
IDX__TXHDRHVPSHKCH01 = 131859799
Detector voltage =  1367
Sensor voltage =  2012
Target voltage =  1710
Reflectron voltage =  135
Rejection voltage =  2010
Current for HVPS sensor =  1950
Positive current for HVPS sensor =  2703
Negative current for HVPS sensor =  305
Voltage +3.3V reference =  2048
Voltage +3.3V operational reference =  2048
Voltage -6V bus =  3001
Voltage +6V bus =  2625
Voltage +16V bus =  3179
Voltage +3.3V bus =  2056
Voltage -5V bus =  3155
Voltage +5V bus =  3142
Current +3.3V bus =  1678
Current +16V bus =  1136
Current +6V bus =  1482
Current -6V bus =  1136
Current +5V bus =  1858
Current -5V bus =  3276
Current +2.5V bus =  453
Current -2.5V bus =  2943
Current on the 1V POL =  832
Current on the 1.9V POL =  1277
ProcBd Temperature 1 =  1250
ProcBd Temperature 2 =  1624
Voltage on 1V bus =  1242
FPGA Temperature =  2578
Voltage on 1.9V bus =  2328
Voltage on 3.3V bus =  2040
var_to_row = {'Last measurement in raw DN for Processor Board signal “1V POL Current”': 0, 'Last measurement in raw DN for Processor Board signal “1.9V POL Current”': 1, 'Last measurement in raw DN for Processor Board signal “ProcBd Temp1”': 2, nan: 48, 'Last measurement in raw DN for Processor Board signal “ProcBd Temp2”': 6, 'Last measurement in raw DN for Processor Board signal “1V Voltage”': 10, 'Last measurement in raw DN for Processor Board signal “FPGA Temp”': 11, 'Last measurement in raw DN for Processor Board signal “1.9V Voltage”': 12, 'Last measurement in raw DN for Processor Board signal “3.3V Voltage”': 13, 'Last measurement in raw DN for HVPS Board signal “Detector Voltage”': 14, 'Last measurement in raw DN for HVPS Board signal “Sensor Voltage"': 15, 'Last measurement in raw DN for HVPS Board signal “Target Voltage”': 16, 'Last measurement in raw DN for HVPS Board signal “Reflectron Voltage”': 17, 'Last measurement in raw DN for HVPS Board signal “Rejection Voltage”': 18, 'Last measurement in raw DN for HVPS Board signal “Detector Current”': 19, 'Last measurement in raw DN for HVPS Board signal “Sensor IP”': 20, 'Last measurement in raw DN for HVPS Board signal “Sensor IN”': 21, 'Last measurement in raw DN for LVPS Board signal “P3.3VREF_HK”': 22, 'Last measurement in raw DN for LVPS Board signal “P3.3VREF_OP”': 23, 'Last measurement in raw DN for LVPS Board signal “N6V”': 24, 'Last measurement in raw DN for LVPS Board signal “P6V”': 25, 'Last measurement in raw DN for LVPS Board signal “P16V”': 26, 'Last measurement in raw DN for LVPS Board signal “P3.3V”': 27, 'Last measurement in raw DN for LVPS Board signal “N5V”': 28, 'Last measurement in raw DN for LVPS Board signal “P5V”': 29, 'Last measurement in raw DN for LVPS Board signal “P3.3_IMON”': 30, 'Last measurement in raw DN for LVPS Board signal “P16V_IMON”': 31, 'Last measurement in raw DN for LVPS Board signal “P6V_IMON”': 32, 'Last measurement in raw DN for LVPS Board signal “N6V_IMON”': 33, 'Last measurement in raw DN for LVPS Board signal “P5V_IMON”': 34, 'Last measurement in raw DN for LVPS Board signal “N5V_IMON”': 35, 'Last measurement in raw DN for LVPS Board signal “P2.5V_IMON”': 36, 'Last measurement in raw DN for LVPS Board signal “N2.5V_IMON”': 37, 'Last measurement in raw DN for LVPS Board signal “THERM_DECON0”': 38, 'Last measurement in raw DN for LVPS Board signal “THERM_DECON1”': 39, 'Last measurement in raw DN for LVPS Board signal “THERM_DAB”': 40, 'Last measurement in raw DN for LVPS Board signal “THERM_LVPS”': 41, 'Last measurement in raw DN for LVPS Board signal “THERM_HVPS”': 45, 'Last measurement in raw DN for LVPS Board signal “P2.5V”': 49, 'Last measurement in raw DN for LVPS Board signal “N2.5V”': 50, 'Last measurement in raw DN for LVPS Board signal “Spare”': 51}

 
 ***** var_name being converted for each instrument setting ***** 
 

Matching row  18
coeffs for Last measurement in raw DN for Processor Board signal “1V POL Current”= [0.0 0.9029253 0.0 0.0 0.0 0.0 0.0 0.0]
var_name = Last measurement in raw DN for Processor Board signal “1V POL Current”
var_name = current_1V_pol
Header info = 832
Transformed value for current_1V_pol = 751.2338496
Matching row  18
coeffs for Last measurement in raw DN for Processor Board signal “1.9V POL Current”= [0.0 0.9029253 0.0 0.0 0.0 0.0 0.0 0.0]
var_name = Last measurement in raw DN for Processor Board signal “1.9V POL Current”
var_name = current_1.9V_pol
Header info = 1277
Transformed value for current_1.9V_pol = 1153.0356081
Matching row  18
coeffs for Last measurement in raw DN for Processor Board signal “ProcBd Temp1”= [162.8276 -0.2668687 0.0003323794 -2.43153e-07 9.034532e-11 -1.327735e-14
 0.0 0.0]
var_name = Last measurement in raw DN for Processor Board signal “ProcBd Temp1”
var_name = temperature_1
Header info = 1250
Transformed value for temperature_1 = 53.72670668945321
Matching row  18
coeffs for nan= [-104713.9 52.02446 -0.006463374 0.0 0.0 0.0 0.0 0.0]
var_name = nan
var_name = None
KeyError: (12, None) - Could not find entry for None, 48. Please check the Var_notes or variable mapping.
Matching row  18
coeffs for Last measurement in raw DN for Processor Board signal “ProcBd Temp2”= [162.8276 -0.2668687 0.0003323794 -2.43153e-07 9.034532e-11 -1.327735e-14
 0.0 0.0]
var_name = Last measurement in raw DN for Processor Board signal “ProcBd Temp2”
var_name = temperature_2
Header info = 1624
Transformed value for temperature_2 = 43.030834589476854
Matching row  18
coeffs for Last measurement in raw DN for Processor Board signal “1V Voltage”= [0.0 0.000805861 0.0 0.0 0.0 0.0 0.0 0.0]
var_name = Last measurement in raw DN for Processor Board signal “1V Voltage”
var_name = voltage_1V_bus
Header info = 1242
Transformed value for voltage_1V_bus = 1.0008793619999998
Matching row  18
coeffs for Last measurement in raw DN for Processor Board signal “FPGA Temp”= [358.31 -0.1187104 0.0 0.0 0.0 0.0 0.0 0.0]
var_name = Last measurement in raw DN for Processor Board signal “FPGA Temp”
var_name = fpga_temperature
Header info = 2578
Transformed value for fpga_temperature = 52.274588800000004
Matching row  18
coeffs for Last measurement in raw DN for Processor Board signal “1.9V Voltage”= [0.0 0.000805861 0.0 0.0 0.0 0.0 0.0 0.0]
var_name = Last measurement in raw DN for Processor Board signal “1.9V Voltage”
var_name = voltage_1.9V_bus
Header info = 2328
Transformed value for voltage_1.9V_bus = 1.8760444079999998
Matching row  18
coeffs for Last measurement in raw DN for Processor Board signal “3.3V Voltage”= [0.0 0.001611722 0.0 0.0 0.0 0.0 0.0 0.0]
var_name = Last measurement in raw DN for Processor Board signal “3.3V Voltage”
var_name = voltage_3.3V_bus
Header info = 2040
Transformed value for voltage_3.3V_bus = 3.28791288
Matching row  18
coeffs for Last measurement in raw DN for HVPS Board signal “Detector Voltage”= [0.0 1.4652 0.0 0.0 0.0 0.0 0.0 0.0]
var_name = Last measurement in raw DN for HVPS Board signal “Detector Voltage”
var_name = detector_voltage
Header info = 1367
Transformed value for detector_voltage = 2002.9284
Matching row  18
coeffs for Last measurement in raw DN for HVPS Board signal “Sensor Voltage"= [0.0 1.4652 0.0 0.0 0.0 0.0 0.0 0.0]
var_name = Last measurement in raw DN for HVPS Board signal “Sensor Voltage"
var_name = sensor_voltage
Header info = 2012
Transformed value for sensor_voltage = 2947.9824000000003
Matching row  18
coeffs for Last measurement in raw DN for HVPS Board signal “Target Voltage”= [0.0 1.4652 0.0 0.0 0.0 0.0 0.0 0.0]
var_name = Last measurement in raw DN for HVPS Board signal “Target Voltage”
var_name = target_voltage
Header info = 1710
Transformed value for target_voltage = 2505.492
Matching row  18
coeffs for Last measurement in raw DN for HVPS Board signal “Reflectron Voltage”= [0.0 1.4652 0.0 0.0 0.0 0.0 0.0 0.0]
var_name = Last measurement in raw DN for HVPS Board signal “Reflectron Voltage”
var_name = reflectron_voltage
Header info = 135
Transformed value for reflectron_voltage = 197.80200000000002
Matching row  18
coeffs for Last measurement in raw DN for HVPS Board signal “Rejection Voltage”= [0.0 1.4652 0.0 0.0 0.0 0.0 0.0 0.0]
var_name = Last measurement in raw DN for HVPS Board signal “Rejection Voltage”
var_name = rejection_voltage
Header info = 2010
Transformed value for rejection_voltage = 2945.052
Matching row  18
coeffs for Last measurement in raw DN for HVPS Board signal “Detector Current”= [0.0 7.326e-06 0.0 0.0 0.0 0.0 0.0 0.0]
var_name = Last measurement in raw DN for HVPS Board signal “Detector Current”
var_name = current_hvps_sensor
Header info = 1950
Transformed value for current_hvps_sensor = 0.0142857
Matching row  18
coeffs for Last measurement in raw DN for HVPS Board signal “Sensor IP”= [0.0 2.4339e-05 0.0 0.0 0.0 0.0 0.0 0.0]
var_name = Last measurement in raw DN for HVPS Board signal “Sensor IP”
var_name = positive_current_hvps
Header info = 2703
Transformed value for positive_current_hvps = 0.065788317
Matching row  18
coeffs for Last measurement in raw DN for HVPS Board signal “Sensor IN”= [0.0 2.4339e-05 0.0 0.0 0.0 0.0 0.0 0.0]
var_name = Last measurement in raw DN for HVPS Board signal “Sensor IN”
var_name = negative_current_hvps
Header info = 305
Transformed value for negative_current_hvps = 0.007423394999999999
Matching row  18
coeffs for Last measurement in raw DN for LVPS Board signal “P3.3VREF_HK”= [0.0 0.00161172 0.0 0.0 0.0 0.0 0.0 0.0]
var_name = Last measurement in raw DN for LVPS Board signal “P3.3VREF_HK”
var_name = voltage_3V3_ref
Header info = 2048
Transformed value for voltage_3V3_ref = 3.30080256
Matching row  18
coeffs for Last measurement in raw DN for LVPS Board signal “P3.3VREF_OP”= [0.0 0.00161172 0.0 0.0 0.0 0.0 0.0 0.0]
var_name = Last measurement in raw DN for LVPS Board signal “P3.3VREF_OP”
var_name = voltage_3V3_op_ref
Header info = 2048
Transformed value for voltage_3V3_op_ref = 3.30080256
Matching row  18
coeffs for Last measurement in raw DN for LVPS Board signal “N6V”= [-33.0 0.00886447 0.0 0.0 0.0 0.0 0.0 0.0]
var_name = Last measurement in raw DN for LVPS Board signal “N6V”
var_name = voltage_neg6V_bus
Header info = 3001
Transformed value for voltage_neg6V_bus = -6.397725530000002
Matching row  18
coeffs for Last measurement in raw DN for LVPS Board signal “P6V”= [0.0 0.00241758 0.0 0.0 0.0 0.0 0.0 0.0]
var_name = Last measurement in raw DN for LVPS Board signal “P6V”
var_name = voltage_pos6V_bus
Header info = 2625
Transformed value for voltage_pos6V_bus = 6.3461475
Matching row  18
coeffs for Last measurement in raw DN for LVPS Board signal “P16V”= [0.0 0.00482711 0.0 0.0 0.0 0.0 0.0 0.0]
var_name = Last measurement in raw DN for LVPS Board signal “P16V”
var_name = voltage_pos16V_bus
Header info = 3179
Transformed value for voltage_pos16V_bus = 15.34538269
Matching row  18
coeffs for Last measurement in raw DN for LVPS Board signal “P3.3V”= [0.0 0.00161172 0.0 0.0 0.0 0.0 0.0 0.0]
var_name = Last measurement in raw DN for LVPS Board signal “P3.3V”
var_name = voltage_pos3V3_bus
Header info = 2056
Transformed value for voltage_pos3V3_bus = 3.31369632
Matching row  18
coeffs for Last measurement in raw DN for LVPS Board signal “N5V”= [-33.0 0.00886447 0.0 0.0 0.0 0.0 0.0 0.0]
var_name = Last measurement in raw DN for LVPS Board signal “N5V”
var_name = voltage_neg5V_bus
Header info = 3155
Transformed value for voltage_neg5V_bus = -5.032597150000001
Matching row  18
coeffs for Last measurement in raw DN for LVPS Board signal “P5V”= [0.0 0.00161172 0.0 0.0 0.0 0.0 0.0 0.0]
var_name = Last measurement in raw DN for LVPS Board signal “P5V”
var_name = voltage_pos5V_bus
Header info = 3142
Transformed value for voltage_pos5V_bus = 5.06402424
Matching row  18
coeffs for Last measurement in raw DN for LVPS Board signal “P3.3_IMON”= [0.0 0.00161172 0.0 0.0 0.0 0.0 0.0 0.0]
var_name = Last measurement in raw DN for LVPS Board signal “P3.3_IMON”
var_name = current_3V3_bus
Header info = 1678
Transformed value for current_3V3_bus = 2.70446616
Matching row  18
coeffs for Last measurement in raw DN for LVPS Board signal “P16V_IMON”= [0.0 0.000161172 0.0 0.0 0.0 0.0 0.0 0.0]
var_name = Last measurement in raw DN for LVPS Board signal “P16V_IMON”
var_name = current_16V_bus
Header info = 1136
Transformed value for current_16V_bus = 0.18309139200000002
Matching row  18
coeffs for Last measurement in raw DN for LVPS Board signal “P6V_IMON”= [0.0 8.05861e-05 0.0 0.0 0.0 0.0 0.0 0.0]
var_name = Last measurement in raw DN for LVPS Board signal “P6V_IMON”
var_name = current_6V_bus
Header info = 1482
Transformed value for current_6V_bus = 0.1194286002
Matching row  18
coeffs for Last measurement in raw DN for LVPS Board signal “N6V_IMON”= [0.0 -8.05861e-05 0.0 0.0 0.0 0.0 0.0 0.0]
var_name = Last measurement in raw DN for LVPS Board signal “N6V_IMON”
var_name = current_neg6V_bus
Header info = 1136
Transformed value for current_neg6V_bus = -0.0915458096
Matching row  18
coeffs for Last measurement in raw DN for LVPS Board signal “P5V_IMON”= [0.0 4.029304e-05 0.0 0.0 0.0 0.0 0.0 0.0]
var_name = Last measurement in raw DN for LVPS Board signal “P5V_IMON”
var_name = current_5V_bus
Header info = 1858
Transformed value for current_5V_bus = 0.07486446832
Matching row  18
coeffs for Last measurement in raw DN for LVPS Board signal “N5V_IMON”= [0.0 -2.01465e-05 0.0 0.0 0.0 0.0 0.0 0.0]
var_name = Last measurement in raw DN for LVPS Board signal “N5V_IMON”
var_name = current_neg5V_bus
Header info = 3276
Transformed value for current_neg5V_bus = -0.06599993400000001
Matching row  18
coeffs for Last measurement in raw DN for LVPS Board signal “P2.5V_IMON”= [0.0 0.00161172 0.0 0.0 0.0 0.0 0.0 0.0]
var_name = Last measurement in raw DN for LVPS Board signal “P2.5V_IMON”
var_name = current_2V5_bus
Header info = 453
Transformed value for current_2V5_bus = 0.73010916
Matching row  18
coeffs for Last measurement in raw DN for LVPS Board signal “N2.5V_IMON”= [0.0 -4.0293e-05 0.0 0.0 0.0 0.0 0.0 0.0]
var_name = Last measurement in raw DN for LVPS Board signal “N2.5V_IMON”
var_name = current_neg2V5_bus
Header info = 2943
Transformed value for current_neg2V5_bus = -0.118582299
Matching row  18
coeffs for Last measurement in raw DN for LVPS Board signal “THERM_DECON0”= [-110.293 0.0665351 0.000305738 -6.32048e-07 5.9934e-10 -2.98784e-13
 7.61361e-17 -7.76467e-21]
var_name = Last measurement in raw DN for LVPS Board signal “THERM_DECON0”
var_name = None
KeyError: (12, None) - Could not find entry for None, 38. Please check the Var_notes or variable mapping.
Matching row  18
coeffs for Last measurement in raw DN for LVPS Board signal “THERM_DECON1”= [-150.478 0.376986 -0.00062072 7.73853e-07 -5.81588e-10 2.56368e-13
 -6.05698e-17 5.96635e-21]
var_name = Last measurement in raw DN for LVPS Board signal “THERM_DECON1”
var_name = None
KeyError: (12, None) - Could not find entry for None, 39. Please check the Var_notes or variable mapping.
Matching row  18
coeffs for Last measurement in raw DN for LVPS Board signal “THERM_DAB”= [-443.248 1.31224 -0.00180422 1.40016e-06 -6.43766e-10 1.7448e-13
 -2.57695e-17 1.60239e-21]
var_name = Last measurement in raw DN for LVPS Board signal “THERM_DAB”
var_name = None
KeyError: (12, None) - Could not find entry for None, 40. Please check the Var_notes or variable mapping.
Matching row  18
coeffs for Last measurement in raw DN for LVPS Board signal “THERM_LVPS”= [200.4137 -0.2020699 0.000175403 -9.739547e-08 2.888932e-11 -3.545603e-15
 0.0 0.0]
var_name = Last measurement in raw DN for LVPS Board signal “THERM_LVPS”
var_name = None
KeyError: (12, None) - Could not find entry for None, 41. Please check the Var_notes or variable mapping.
Matching row  18
coeffs for Last measurement in raw DN for LVPS Board signal “THERM_HVPS”= [200.4137 -0.2020699 0.000175403 -9.739547e-08 2.888932e-11 -3.545603e-15
 0.0 0.0]
var_name = Last measurement in raw DN for LVPS Board signal “THERM_HVPS”
var_name = None
KeyError: (12, None) - Could not find entry for None, 45. Please check the Var_notes or variable mapping.
Matching row  18
coeffs for Last measurement in raw DN for LVPS Board signal “P2.5V”= [0.0 0.00161172 0.0 0.0 0.0 0.0 0.0 0.0]
var_name = Last measurement in raw DN for LVPS Board signal “P2.5V”
var_name = None
KeyError: (12, None) - Could not find entry for None, 49. Please check the Var_notes or variable mapping.
Matching row  18
coeffs for Last measurement in raw DN for LVPS Board signal “N2.5V”= [-33.0 0.00886447 0.0 0.0 0.0 0.0 0.0 0.0]
var_name = Last measurement in raw DN for LVPS Board signal “N2.5V”
var_name = None
KeyError: (12, None) - Could not find entry for None, 50. Please check the Var_notes or variable mapping.
Matching row  18
coeffs for Last measurement in raw DN for LVPS Board signal “Spare”= [0.0 0.00161172 0.0 0.0 0.0 0.0 0.0 0.0]
var_name = Last measurement in raw DN for LVPS Board signal “Spare”
var_name = spare_signal
KeyError: (12, 'spare_signal') - Could not find entry for spare_signal, 51. Please check the Var_notes or variable mapping.
High gain delay = 32 samples.
Mid gain delay = 1023 samples.
Low gain delay = 1023 samples.
High sampling trigger mode =  0 0 1
High gain trigger mode enabled.
For 2222981120, HG Trigger level = 0.15317, sample settings = 0, 0
Threshold trigger mode enabled for high gain channel.
AID = 2415277392
Event number = 71
Rice compression enabled = False
Timestamp = 439513234.48396 seconds since epoch (Midnight January 1st, 2010)
Trigger time = 2023-12-05T23:00:34.483960Z
12
12
12
12
12
12
12
12
12
12
12
12
12
{'SHCOARSE': ParsedDataItem(SHCOARSE, raw=439513510, derived=439513510, unit=dn), 'SHFINE': ParsedDataItem(SHFINE, raw=7633, derived=7633, unit=dn), 'IDX__SCI0AID': ParsedDataItem(IDX__SCI0AID, raw=2415277392, derived=2415277392, unit=None), 'IDX__SCI0TYPE': ParsedDataItem(IDX__SCI0TYPE, raw=1, derived=1, unit=None), 'IDX__SCI0CONT': ParsedDataItem(IDX__SCI0CONT, raw=127, derived=127, unit=None), 'IDX__SCI0SPARE1': ParsedDataItem(IDX__SCI0SPARE1, raw=0, derived=0, unit=None), 'IDX__SCI0PACK': ParsedDataItem(IDX__SCI0PACK, raw=1, derived=EN, unit=None), 'IDX__SCI0FRAG': ParsedDataItem(IDX__SCI0FRAG, raw=0, derived=DS, unit=None), 'IDX__SCI0COMP': ParsedDataItem(IDX__SCI0COMP, raw=0, derived=DS, unit=None), 'IDX__SCI0EVTNUM': ParsedDataItem(IDX__SCI0EVTNUM, raw=72, derived=72, unit=None), 'IDX__SCI0CAT': ParsedDataItem(IDX__SCI0CAT, raw=32, derived=32, unit=None), 'IDX__SCI0QUAL': ParsedDataItem(IDX__SCI0QUAL, raw=5, derived=5, unit=None), 'IDX__SCI0FRAGOFF': ParsedDataItem(IDX__SCI0FRAGOFF, raw=0, derived=0, unit=None), 'IDX__SCI0VER': ParsedDataItem(IDX__SCI0VER, raw=9, derived=9, unit=None), 'IDX__SCI0TIME32': ParsedDataItem(IDX__SCI0TIME32, raw=439513235, derived=439513235, unit=None), 'IDX__SCI0SPARE2': ParsedDataItem(IDX__SCI0SPARE2, raw=0, derived=0, unit=None), 'IDX__SCI0SPARE3': ParsedDataItem(IDX__SCI0SPARE3, raw=0, derived=0, unit=None), 'IDX__SCI0SPARE4': ParsedDataItem(IDX__SCI0SPARE4, raw=0, derived=0, unit=None), 'IDX__TXHDRSCIEVTLEN': ParsedDataItem(IDX__TXHDRSCIEVTLEN, raw=8320, derived=8320, unit=None), 'IDX__TXHDRSP00': ParsedDataItem(IDX__TXHDRSP00, raw=0, derived=0, unit=None), 'IDX__TXHDRTIMESEC1': ParsedDataItem(IDX__TXHDRTIMESEC1, raw=6706, derived=6706, unit=None), 'IDX__TXHDRTIMESEC2': ParsedDataItem(IDX__TXHDRTIMESEC2, raw=28819, derived=28819, unit=None), 'IDX__TXHDRTIMESUBS': ParsedDataItem(IDX__TXHDRTIMESUBS, raw=24195, derived=24195, unit=None), 'IDX__TXHDRSP01': ParsedDataItem(IDX__TXHDRSP01, raw=0, derived=0, unit=None), 'IDX__TXHDRTRIGOFFSET': ParsedDataItem(IDX__TXHDRTRIGOFFSET, raw=5, derived=5, unit=None), 'IDX__TXHDRSP02': ParsedDataItem(IDX__TXHDRSP02, raw=0, derived=0, unit=None), 'IDX__TXHDRTRIGID': ParsedDataItem(IDX__TXHDRTRIGID, raw=1, derived=1, unit=None), 'IDX__TXHDREVTNUM': ParsedDataItem(IDX__TXHDREVTNUM, raw=72, derived=72, unit=None), 'IDX__TXHDRBLOCKS': ParsedDataItem(IDX__TXHDRBLOCKS, raw=243679, derived=243679, unit=None), 'IDX__TXHDRHGTRIGCTRL1': ParsedDataItem(IDX__TXHDRHGTRIGCTRL1, raw=2222981120, derived=2222981120, unit=None), 'IDX__TXHDRHGTRIGCTRL2': ParsedDataItem(IDX__TXHDRHGTRIGCTRL2, raw=0, derived=0, unit=None), 'IDX__TXHDRLGTRIGCTRL1': ParsedDataItem(IDX__TXHDRLGTRIGCTRL1, raw=4294965248, derived=4294965248, unit=None), 'IDX__TXHDRLGTRIGCTRL2': ParsedDataItem(IDX__TXHDRLGTRIGCTRL2, raw=4278255360, derived=4278255360, unit=None), 'IDX__TXHDRMGTRIGCTRL1': ParsedDataItem(IDX__TXHDRMGTRIGCTRL1, raw=4294965248, derived=4294965248, unit=None), 'IDX__TXHDRMGTRIGCTRL2': ParsedDataItem(IDX__TXHDRMGTRIGCTRL2, raw=4278255360, derived=4278255360, unit=None), 'IDX__TXHDRSP03': ParsedDataItem(IDX__TXHDRSP03, raw=0, derived=0, unit=None), 'IDX__TXHDRLSADC': ParsedDataItem(IDX__TXHDRLSADC, raw=1048320, derived=1048320, unit=None), 'IDX__TXHDRPOLSTAT': ParsedDataItem(IDX__TXHDRPOLSTAT, raw=1, derived=NEG, unit=None), 'IDX__TXHDRSP04': ParsedDataItem(IDX__TXHDRSP04, raw=0, derived=0, unit=None), 'IDX__TXHDRPOLCTRL': ParsedDataItem(IDX__TXHDRPOLCTRL, raw=0, derived=POS, unit=None), 'IDX__TXHDRCOINENA': ParsedDataItem(IDX__TXHDRCOINENA, raw=0, derived=DIS, unit=None), 'IDX__TXHDRLSTRIGMODE': ParsedDataItem(IDX__TXHDRLSTRIGMODE, raw=0, derived=DIS, unit=None), 'IDX__TXHDRMGTRIGMODE': ParsedDataItem(IDX__TXHDRMGTRIGMODE, raw=0, derived=0, unit=None), 'IDX__TXHDRLGTRIGMODE': ParsedDataItem(IDX__TXHDRLGTRIGMODE, raw=0, derived=0, unit=None), 'IDX__TXHDRHGTRIGMODE': ParsedDataItem(IDX__TXHDRHGTRIGMODE, raw=1, derived=1, unit=None), 'IDX__TXHDRSP05': ParsedDataItem(IDX__TXHDRSP05, raw=0, derived=0, unit=None), 'IDX__TXHDRSP06': ParsedDataItem(IDX__TXHDRSP06, raw=0, derived=0, unit=None), 'IDX__TXHDRSP07': ParsedDataItem(IDX__TXHDRSP07, raw=2020, derived=2020, unit=None), 'IDX__TXHDRSP08': ParsedDataItem(IDX__TXHDRSP08, raw=0, derived=0, unit=None), 'IDX__TXHDRTOFMAX': ParsedDataItem(IDX__TXHDRTOFMAX, raw=547887933, derived=547887933, unit=None), 'IDX__TXHDRTOFMIN': ParsedDataItem(IDX__TXHDRTOFMIN, raw=535295474, derived=535295474, unit=None), 'IDX__TXHDRLS0MAXMIN': ParsedDataItem(IDX__TXHDRLS0MAXMIN, raw=8468493, derived=8468493, unit=None), 'IDX__TXHDRLS1MAXMIN': ParsedDataItem(IDX__TXHDRLS1MAXMIN, raw=8456169, derived=8456169, unit=None), 'IDX__TXHDRLS2MAXMIN': ParsedDataItem(IDX__TXHDRLS2MAXMIN, raw=9717732, derived=9717732, unit=None), 'IDX__TXHDRFIFODELAY': ParsedDataItem(IDX__TXHDRFIFODELAY, raw=15, derived=15, unit=None), 'IDX__TXHDRSAMPDELAY': ParsedDataItem(IDX__TXHDRSAMPDELAY, raw=40934468, derived=40934468, unit=None), 'IDX__TXHDRTRANSCNT': ParsedDataItem(IDX__TXHDRTRANSCNT, raw=4, derived=4, unit=None), 'IDX__TXHDRPROCHKCH01': ParsedDataItem(IDX__TXHDRPROCHKCH01, raw=83690304, derived=83690304, unit=None), 'IDX__TXHDRPROCHKCH23': ParsedDataItem(IDX__TXHDRPROCHKCH23, raw=106431714, derived=106431714, unit=None), 'IDX__TXHDRPROCHKCH45': ParsedDataItem(IDX__TXHDRPROCHKCH45, raw=168953050, derived=168953050, unit=None), 'IDX__TXHDRPROCHKCH67': ParsedDataItem(IDX__TXHDRPROCHKCH67, raw=133695768, derived=133695768, unit=None), 'IDX__TXHDRHVPSHKCH01': ParsedDataItem(IDX__TXHDRHVPSHKCH01, raw=131859799, derived=131859799, unit=None), 'IDX__TXHDRHVPSHKCH23': ParsedDataItem(IDX__TXHDRHVPSHKCH23, raw=8849070, derived=8849070, unit=None), 'IDX__TXHDRHVPSHKCH45': ParsedDataItem(IDX__TXHDRHVPSHKCH45, raw=127797210, derived=127797210, unit=None), 'IDX__TXHDRHVPSHKCH67': ParsedDataItem(IDX__TXHDRHVPSHKCH67, raw=19991183, derived=19991183, unit=None), 'IDX__TXHDRLVHK0CH01': ParsedDataItem(IDX__TXHDRLVHK0CH01, raw=134219776, derived=134219776, unit=None), 'IDX__TXHDRLVHK0CH23': ParsedDataItem(IDX__TXHDRLVHK0CH23, raw=172035001, derived=172035001, unit=None), 'IDX__TXHDRLVHK0CH45': ParsedDataItem(IDX__TXHDRLVHK0CH45, raw=134745195, derived=134745195, unit=None), 'IDX__TXHDRLVHK0CH67': ParsedDataItem(IDX__TXHDRLVHK0CH67, raw=205982803, derived=205982803, unit=None), 'IDX__TXHDRLVHK1CH01': ParsedDataItem(IDX__TXHDRLVHK1CH01, raw=33621646, derived=33621646, unit=None), 'IDX__TXHDRLVHK1CH23': ParsedDataItem(IDX__TXHDRLVHK1CH23, raw=74450378, derived=74450378, unit=None), 'IDX__TXHDRLVHK1CH45': ParsedDataItem(IDX__TXHDRLVHK1CH45, raw=214697794, derived=214697794, unit=None), 'IDX__TXHDRLVHK1CH67': ParsedDataItem(IDX__TXHDRLVHK1CH67, raw=192872901, derived=192872901, unit=None), 'IDX__TXHDRLVHK2CH01': ParsedDataItem(IDX__TXHDRLVHK2CH01, raw=81659105, derived=81659105, unit=None), 'IDX__TXHDRLVHK2CH23': ParsedDataItem(IDX__TXHDRLVHK2CH23, raw=192154335, derived=192154335, unit=None), 'IDX__TXHDRLVHK2CH45': ParsedDataItem(IDX__TXHDRLVHK2CH45, raw=101059654, derived=101059654, unit=None), 'IDX__TXHDRLVHK2CH67': ParsedDataItem(IDX__TXHDRLVHK2CH67, raw=69016, derived=69016, unit=None), 'IDX__TXHDRSP09': ParsedDataItem(IDX__TXHDRSP09, raw=0, derived=0, unit=None), 'IDX__TXHDRSP10': ParsedDataItem(IDX__TXHDRSP10, raw=0, derived=0, unit=None), 'IDX__TXHDRFSWAIDCOPY': ParsedDataItem(IDX__TXHDRFSWAIDCOPY, raw=2415277392, derived=2415277392, unit=None), 'IDX__TXHDRFSWBINCOPY': ParsedDataItem(IDX__TXHDRFSWBINCOPY, raw=0, derived=0, unit=None), 'IDX__TXHDRFSWMAJOR': ParsedDataItem(IDX__TXHDRFSWMAJOR, raw=2, derived=2, unit=None), 'IDX__TXHDRFSWMINOR': ParsedDataItem(IDX__TXHDRFSWMINOR, raw=0, derived=0, unit=None), 'IDX__TXHDRFSWPATCH': ParsedDataItem(IDX__TXHDRFSWPATCH, raw=0, derived=0, unit=None), 'IDX__TXHDRFSWHVSTAT': ParsedDataItem(IDX__TXHDRFSWHVSTAT, raw=3, derived=3, unit=None), 'IDX__TXHDRFSWMEM0': ParsedDataItem(IDX__TXHDRFSWMEM0, raw=0, derived=0, unit=None), 'IDX__TXHDRFSWMEM1': ParsedDataItem(IDX__TXHDRFSWMEM1, raw=0, derived=0, unit=None), 'IDX__TXHDRFSWPT0': ParsedDataItem(IDX__TXHDRFSWPT0, raw=0, derived=0, unit=None), 'IDX__TXHDRFSWPT1': ParsedDataItem(IDX__TXHDRFSWPT1, raw=0, derived=0, unit=None), 'IDX__TXHDRFSWPT2': ParsedDataItem(IDX__TXHDRFSWPT2, raw=0, derived=0, unit=None), 'IDX__TXHDRFSWPT3': ParsedDataItem(IDX__TXHDRFSWPT3, raw=0, derived=0, unit=None), 'IDX__TXHDRFSWPT4': ParsedDataItem(IDX__TXHDRFSWPT4, raw=0, derived=0, unit=None), 'IDX__TXHDRFSWPT5': ParsedDataItem(IDX__TXHDRFSWPT5, raw=0, derived=0, unit=None), 'IDX__TXHDRFSWPT6': ParsedDataItem(IDX__TXHDRFSWPT6, raw=0, derived=0, unit=None), 'IDX__TXHDRFSWPT7': ParsedDataItem(IDX__TXHDRFSWPT7, raw=0, derived=0, unit=None), 'IDX__TXHDRFSWPT8': ParsedDataItem(IDX__TXHDRFSWPT8, raw=0, derived=0, unit=None), 'IDX__TXHDRFSWPT9': ParsedDataItem(IDX__TXHDRFSWPT9, raw=0, derived=0, unit=None), 'IDX__TXHDRFPGAVER': ParsedDataItem(IDX__TXHDRFPGAVER, raw=539165480, derived=539165480, unit=None), 'IDX__SYNCSCI0PKT': ParsedDataItem(IDX__SYNCSCI0PKT, raw=13107, derived=13107, unit=None), 'IDX__CRCSCI0PKT': ParsedDataItem(IDX__CRCSCI0PKT, raw=2657, derived=2657, unit=None)}
SHCOARSE = 439513510
SHFINE = 7633
IDX__SCI0AID = 2415277392
IDX__SCI0TYPE = 1
IDX__SCI0CONT = 127
IDX__SCI0SPARE1 = 0
IDX__SCI0PACK = EN
IDX__SCI0FRAG = DS
IDX__SCI0COMP = DS
IDX__SCI0EVTNUM = 72
IDX__SCI0CAT = 32
IDX__SCI0QUAL = 5
IDX__SCI0FRAGOFF = 0
IDX__SCI0VER = 9
IDX__SCI0TIME32 = 439513235
IDX__SCI0SPARE2 = 0
IDX__SCI0SPARE3 = 0
IDX__SCI0SPARE4 = 0
IDX__TXHDRSCIEVTLEN = 8320
IDX__TXHDRSP00 = 0
IDX__TXHDRTIMESEC1 = 6706
IDX__TXHDRTIMESEC2 = 28819
IDX__TXHDRTIMESUBS = 24195
IDX__TXHDRSP01 = 0
IDX__TXHDRTRIGOFFSET = 5
IDX__TXHDRSP02 = 0
IDX__TXHDRTRIGID = 1
IDX__TXHDREVTNUM = 72
IDX__TXHDRBLOCKS = 243679
IDX__TXHDRHGTRIGCTRL1 = 2222981120
IDX__TXHDRHGTRIGCTRL2 = 0
IDX__TXHDRLGTRIGCTRL1 = 4294965248
IDX__TXHDRLGTRIGCTRL2 = 4278255360
IDX__TXHDRMGTRIGCTRL1 = 4294965248
IDX__TXHDRMGTRIGCTRL2 = 4278255360
IDX__TXHDRSP03 = 0
IDX__TXHDRLSADC = 1048320
IDX__TXHDRPOLSTAT = NEG
IDX__TXHDRSP04 = 0
IDX__TXHDRPOLCTRL = POS
IDX__TXHDRCOINENA = DIS
IDX__TXHDRLSTRIGMODE = DIS
IDX__TXHDRMGTRIGMODE = 0
IDX__TXHDRLGTRIGMODE = 0
IDX__TXHDRHGTRIGMODE = 1
IDX__TXHDRSP05 = 0
IDX__TXHDRSP06 = 0
IDX__TXHDRSP07 = 2020
IDX__TXHDRSP08 = 0
IDX__TXHDRTOFMAX = 547887933
IDX__TXHDRTOFMIN = 535295474
IDX__TXHDRLS0MAXMIN = 8468493
IDX__TXHDRLS1MAXMIN = 8456169
IDX__TXHDRLS2MAXMIN = 9717732
IDX__TXHDRFIFODELAY = 15
IDX__TXHDRSAMPDELAY = 40934468
IDX__TXHDRTRANSCNT = 4
IDX__TXHDRPROCHKCH01 = 83690304
IDX__TXHDRPROCHKCH23 = 106431714
IDX__TXHDRPROCHKCH45 = 168953050
IDX__TXHDRPROCHKCH67 = 133695768
IDX__TXHDRHVPSHKCH01 = 131859799
IDX__TXHDRHVPSHKCH23 = 8849070
IDX__TXHDRHVPSHKCH45 = 127797210
IDX__TXHDRHVPSHKCH67 = 19991183
IDX__TXHDRLVHK0CH01 = 134219776
IDX__TXHDRLVHK0CH23 = 172035001
IDX__TXHDRLVHK0CH45 = 134745195
IDX__TXHDRLVHK0CH67 = 205982803
IDX__TXHDRLVHK1CH01 = 33621646
IDX__TXHDRLVHK1CH23 = 74450378
IDX__TXHDRLVHK1CH45 = 214697794
IDX__TXHDRLVHK1CH67 = 192872901
IDX__TXHDRLVHK2CH01 = 81659105
IDX__TXHDRLVHK2CH23 = 192154335
IDX__TXHDRLVHK2CH45 = 101059654
IDX__TXHDRLVHK2CH67 = 69016
IDX__TXHDRSP09 = 0
IDX__TXHDRSP10 = 0
IDX__TXHDRFSWAIDCOPY = 2415277392
IDX__TXHDRFSWBINCOPY = 0
IDX__TXHDRFSWMAJOR = 2
IDX__TXHDRFSWMINOR = 0
IDX__TXHDRFSWPATCH = 0
IDX__TXHDRFSWHVSTAT = 3
IDX__TXHDRFSWMEM0 = 0
IDX__TXHDRFSWMEM1 = 0
IDX__TXHDRFSWPT0 = 0
IDX__TXHDRFSWPT1 = 0
IDX__TXHDRFSWPT2 = 0
IDX__TXHDRFSWPT3 = 0
IDX__TXHDRFSWPT4 = 0
IDX__TXHDRFSWPT5 = 0
IDX__TXHDRFSWPT6 = 0
IDX__TXHDRFSWPT7 = 0
IDX__TXHDRFSWPT8 = 0
IDX__TXHDRFSWPT9 = 0
IDX__TXHDRFPGAVER = 539165480
IDX__SYNCSCI0PKT = 13107
IDX__CRCSCI0PKT = 2657
^*****Event header 13******^
EVTNUM: 13
SCI0TYPE: 1
TXHDRBLOCKS RAW: 243679
TXHDRBLOCKS DERIVED: 243679
-----
HS pre trig sampling blocks:  31
LS pre trig sampling blocks:  3
HS post trig sampling blocks:  31
LS post trig sampling blocks:  11
IDX__TXHDRHVPSHKCH01 = 131859799
Detector voltage =  1367
Sensor voltage =  2012
Target voltage =  1710
Reflectron voltage =  135
Rejection voltage =  2010
Current for HVPS sensor =  1950
Positive current for HVPS sensor =  2703
Negative current for HVPS sensor =  305
Voltage +3.3V reference =  2048
Voltage +3.3V operational reference =  2048
Voltage -6V bus =  3001
Voltage +6V bus =  2625
Voltage +16V bus =  3179
Voltage +3.3V bus =  2056
Voltage -5V bus =  3155
Voltage +5V bus =  3143
Current +3.3V bus =  1678
Current +16V bus =  1136
Current +6V bus =  1482
Current -6V bus =  1136
Current +5V bus =  1858
Current -5V bus =  3276
Current +2.5V bus =  453
Current -2.5V bus =  2943
Current on the 1V POL =  832
Current on the 1.9V POL =  1277
ProcBd Temperature 1 =  1250
ProcBd Temperature 2 =  1624
Voltage on 1V bus =  1242
FPGA Temperature =  2578
Voltage on 1.9V bus =  2328
Voltage on 3.3V bus =  2040
var_to_row = {'Last measurement in raw DN for Processor Board signal “1V POL Current”': 0, 'Last measurement in raw DN for Processor Board signal “1.9V POL Current”': 1, 'Last measurement in raw DN for Processor Board signal “ProcBd Temp1”': 2, nan: 48, 'Last measurement in raw DN for Processor Board signal “ProcBd Temp2”': 6, 'Last measurement in raw DN for Processor Board signal “1V Voltage”': 10, 'Last measurement in raw DN for Processor Board signal “FPGA Temp”': 11, 'Last measurement in raw DN for Processor Board signal “1.9V Voltage”': 12, 'Last measurement in raw DN for Processor Board signal “3.3V Voltage”': 13, 'Last measurement in raw DN for HVPS Board signal “Detector Voltage”': 14, 'Last measurement in raw DN for HVPS Board signal “Sensor Voltage"': 15, 'Last measurement in raw DN for HVPS Board signal “Target Voltage”': 16, 'Last measurement in raw DN for HVPS Board signal “Reflectron Voltage”': 17, 'Last measurement in raw DN for HVPS Board signal “Rejection Voltage”': 18, 'Last measurement in raw DN for HVPS Board signal “Detector Current”': 19, 'Last measurement in raw DN for HVPS Board signal “Sensor IP”': 20, 'Last measurement in raw DN for HVPS Board signal “Sensor IN”': 21, 'Last measurement in raw DN for LVPS Board signal “P3.3VREF_HK”': 22, 'Last measurement in raw DN for LVPS Board signal “P3.3VREF_OP”': 23, 'Last measurement in raw DN for LVPS Board signal “N6V”': 24, 'Last measurement in raw DN for LVPS Board signal “P6V”': 25, 'Last measurement in raw DN for LVPS Board signal “P16V”': 26, 'Last measurement in raw DN for LVPS Board signal “P3.3V”': 27, 'Last measurement in raw DN for LVPS Board signal “N5V”': 28, 'Last measurement in raw DN for LVPS Board signal “P5V”': 29, 'Last measurement in raw DN for LVPS Board signal “P3.3_IMON”': 30, 'Last measurement in raw DN for LVPS Board signal “P16V_IMON”': 31, 'Last measurement in raw DN for LVPS Board signal “P6V_IMON”': 32, 'Last measurement in raw DN for LVPS Board signal “N6V_IMON”': 33, 'Last measurement in raw DN for LVPS Board signal “P5V_IMON”': 34, 'Last measurement in raw DN for LVPS Board signal “N5V_IMON”': 35, 'Last measurement in raw DN for LVPS Board signal “P2.5V_IMON”': 36, 'Last measurement in raw DN for LVPS Board signal “N2.5V_IMON”': 37, 'Last measurement in raw DN for LVPS Board signal “THERM_DECON0”': 38, 'Last measurement in raw DN for LVPS Board signal “THERM_DECON1”': 39, 'Last measurement in raw DN for LVPS Board signal “THERM_DAB”': 40, 'Last measurement in raw DN for LVPS Board signal “THERM_LVPS”': 41, 'Last measurement in raw DN for LVPS Board signal “THERM_HVPS”': 45, 'Last measurement in raw DN for LVPS Board signal “P2.5V”': 49, 'Last measurement in raw DN for LVPS Board signal “N2.5V”': 50, 'Last measurement in raw DN for LVPS Board signal “Spare”': 51}

 
 ***** var_name being converted for each instrument setting ***** 
 

Matching row  18
coeffs for Last measurement in raw DN for Processor Board signal “1V POL Current”= [0.0 0.9029253 0.0 0.0 0.0 0.0 0.0 0.0]
var_name = Last measurement in raw DN for Processor Board signal “1V POL Current”
var_name = current_1V_pol
Header info = 832
Transformed value for current_1V_pol = 751.2338496
Matching row  18
coeffs for Last measurement in raw DN for Processor Board signal “1.9V POL Current”= [0.0 0.9029253 0.0 0.0 0.0 0.0 0.0 0.0]
var_name = Last measurement in raw DN for Processor Board signal “1.9V POL Current”
var_name = current_1.9V_pol
Header info = 1277
Transformed value for current_1.9V_pol = 1153.0356081
Matching row  18
coeffs for Last measurement in raw DN for Processor Board signal “ProcBd Temp1”= [162.8276 -0.2668687 0.0003323794 -2.43153e-07 9.034532e-11 -1.327735e-14
 0.0 0.0]
var_name = Last measurement in raw DN for Processor Board signal “ProcBd Temp1”
var_name = temperature_1
Header info = 1250
Transformed value for temperature_1 = 53.72670668945321
Matching row  18
coeffs for nan= [-104713.9 52.02446 -0.006463374 0.0 0.0 0.0 0.0 0.0]
var_name = nan
var_name = None
KeyError: (13, None) - Could not find entry for None, 48. Please check the Var_notes or variable mapping.
Matching row  18
coeffs for Last measurement in raw DN for Processor Board signal “ProcBd Temp2”= [162.8276 -0.2668687 0.0003323794 -2.43153e-07 9.034532e-11 -1.327735e-14
 0.0 0.0]
var_name = Last measurement in raw DN for Processor Board signal “ProcBd Temp2”
var_name = temperature_2
Header info = 1624
Transformed value for temperature_2 = 43.030834589476854
Matching row  18
coeffs for Last measurement in raw DN for Processor Board signal “1V Voltage”= [0.0 0.000805861 0.0 0.0 0.0 0.0 0.0 0.0]
var_name = Last measurement in raw DN for Processor Board signal “1V Voltage”
var_name = voltage_1V_bus
Header info = 1242
Transformed value for voltage_1V_bus = 1.0008793619999998
Matching row  18
coeffs for Last measurement in raw DN for Processor Board signal “FPGA Temp”= [358.31 -0.1187104 0.0 0.0 0.0 0.0 0.0 0.0]
var_name = Last measurement in raw DN for Processor Board signal “FPGA Temp”
var_name = fpga_temperature
Header info = 2578
Transformed value for fpga_temperature = 52.274588800000004
Matching row  18
coeffs for Last measurement in raw DN for Processor Board signal “1.9V Voltage”= [0.0 0.000805861 0.0 0.0 0.0 0.0 0.0 0.0]
var_name = Last measurement in raw DN for Processor Board signal “1.9V Voltage”
var_name = voltage_1.9V_bus
Header info = 2328
Transformed value for voltage_1.9V_bus = 1.8760444079999998
Matching row  18
coeffs for Last measurement in raw DN for Processor Board signal “3.3V Voltage”= [0.0 0.001611722 0.0 0.0 0.0 0.0 0.0 0.0]
var_name = Last measurement in raw DN for Processor Board signal “3.3V Voltage”
var_name = voltage_3.3V_bus
Header info = 2040
Transformed value for voltage_3.3V_bus = 3.28791288
Matching row  18
coeffs for Last measurement in raw DN for HVPS Board signal “Detector Voltage”= [0.0 1.4652 0.0 0.0 0.0 0.0 0.0 0.0]
var_name = Last measurement in raw DN for HVPS Board signal “Detector Voltage”
var_name = detector_voltage
Header info = 1367
Transformed value for detector_voltage = 2002.9284
Matching row  18
coeffs for Last measurement in raw DN for HVPS Board signal “Sensor Voltage"= [0.0 1.4652 0.0 0.0 0.0 0.0 0.0 0.0]
var_name = Last measurement in raw DN for HVPS Board signal “Sensor Voltage"
var_name = sensor_voltage
Header info = 2012
Transformed value for sensor_voltage = 2947.9824000000003
Matching row  18
coeffs for Last measurement in raw DN for HVPS Board signal “Target Voltage”= [0.0 1.4652 0.0 0.0 0.0 0.0 0.0 0.0]
var_name = Last measurement in raw DN for HVPS Board signal “Target Voltage”
var_name = target_voltage
Header info = 1710
Transformed value for target_voltage = 2505.492
Matching row  18
coeffs for Last measurement in raw DN for HVPS Board signal “Reflectron Voltage”= [0.0 1.4652 0.0 0.0 0.0 0.0 0.0 0.0]
var_name = Last measurement in raw DN for HVPS Board signal “Reflectron Voltage”
var_name = reflectron_voltage
Header info = 135
Transformed value for reflectron_voltage = 197.80200000000002
Matching row  18
coeffs for Last measurement in raw DN for HVPS Board signal “Rejection Voltage”= [0.0 1.4652 0.0 0.0 0.0 0.0 0.0 0.0]
var_name = Last measurement in raw DN for HVPS Board signal “Rejection Voltage”
var_name = rejection_voltage
Header info = 2010
Transformed value for rejection_voltage = 2945.052
Matching row  18
coeffs for Last measurement in raw DN for HVPS Board signal “Detector Current”= [0.0 7.326e-06 0.0 0.0 0.0 0.0 0.0 0.0]
var_name = Last measurement in raw DN for HVPS Board signal “Detector Current”
var_name = current_hvps_sensor
Header info = 1950
Transformed value for current_hvps_sensor = 0.0142857
Matching row  18
coeffs for Last measurement in raw DN for HVPS Board signal “Sensor IP”= [0.0 2.4339e-05 0.0 0.0 0.0 0.0 0.0 0.0]
var_name = Last measurement in raw DN for HVPS Board signal “Sensor IP”
var_name = positive_current_hvps
Header info = 2703
Transformed value for positive_current_hvps = 0.065788317
Matching row  18
coeffs for Last measurement in raw DN for HVPS Board signal “Sensor IN”= [0.0 2.4339e-05 0.0 0.0 0.0 0.0 0.0 0.0]
var_name = Last measurement in raw DN for HVPS Board signal “Sensor IN”
var_name = negative_current_hvps
Header info = 305
Transformed value for negative_current_hvps = 0.007423394999999999
Matching row  18
coeffs for Last measurement in raw DN for LVPS Board signal “P3.3VREF_HK”= [0.0 0.00161172 0.0 0.0 0.0 0.0 0.0 0.0]
var_name = Last measurement in raw DN for LVPS Board signal “P3.3VREF_HK”
var_name = voltage_3V3_ref
Header info = 2048
Transformed value for voltage_3V3_ref = 3.30080256
Matching row  18
coeffs for Last measurement in raw DN for LVPS Board signal “P3.3VREF_OP”= [0.0 0.00161172 0.0 0.0 0.0 0.0 0.0 0.0]
var_name = Last measurement in raw DN for LVPS Board signal “P3.3VREF_OP”
var_name = voltage_3V3_op_ref
Header info = 2048
Transformed value for voltage_3V3_op_ref = 3.30080256
Matching row  18
coeffs for Last measurement in raw DN for LVPS Board signal “N6V”= [-33.0 0.00886447 0.0 0.0 0.0 0.0 0.0 0.0]
var_name = Last measurement in raw DN for LVPS Board signal “N6V”
var_name = voltage_neg6V_bus
Header info = 3001
Transformed value for voltage_neg6V_bus = -6.397725530000002
Matching row  18
coeffs for Last measurement in raw DN for LVPS Board signal “P6V”= [0.0 0.00241758 0.0 0.0 0.0 0.0 0.0 0.0]
var_name = Last measurement in raw DN for LVPS Board signal “P6V”
var_name = voltage_pos6V_bus
Header info = 2625
Transformed value for voltage_pos6V_bus = 6.3461475
Matching row  18
coeffs for Last measurement in raw DN for LVPS Board signal “P16V”= [0.0 0.00482711 0.0 0.0 0.0 0.0 0.0 0.0]
var_name = Last measurement in raw DN for LVPS Board signal “P16V”
var_name = voltage_pos16V_bus
Header info = 3179
Transformed value for voltage_pos16V_bus = 15.34538269
Matching row  18
coeffs for Last measurement in raw DN for LVPS Board signal “P3.3V”= [0.0 0.00161172 0.0 0.0 0.0 0.0 0.0 0.0]
var_name = Last measurement in raw DN for LVPS Board signal “P3.3V”
var_name = voltage_pos3V3_bus
Header info = 2056
Transformed value for voltage_pos3V3_bus = 3.31369632
Matching row  18
coeffs for Last measurement in raw DN for LVPS Board signal “N5V”= [-33.0 0.00886447 0.0 0.0 0.0 0.0 0.0 0.0]
var_name = Last measurement in raw DN for LVPS Board signal “N5V”
var_name = voltage_neg5V_bus
Header info = 3155
Transformed value for voltage_neg5V_bus = -5.032597150000001
Matching row  18
coeffs for Last measurement in raw DN for LVPS Board signal “P5V”= [0.0 0.00161172 0.0 0.0 0.0 0.0 0.0 0.0]
var_name = Last measurement in raw DN for LVPS Board signal “P5V”
var_name = voltage_pos5V_bus
Header info = 3143
Transformed value for voltage_pos5V_bus = 5.06563596
Matching row  18
coeffs for Last measurement in raw DN for LVPS Board signal “P3.3_IMON”= [0.0 0.00161172 0.0 0.0 0.0 0.0 0.0 0.0]
var_name = Last measurement in raw DN for LVPS Board signal “P3.3_IMON”
var_name = current_3V3_bus
Header info = 1678
Transformed value for current_3V3_bus = 2.70446616
Matching row  18
coeffs for Last measurement in raw DN for LVPS Board signal “P16V_IMON”= [0.0 0.000161172 0.0 0.0 0.0 0.0 0.0 0.0]
var_name = Last measurement in raw DN for LVPS Board signal “P16V_IMON”
var_name = current_16V_bus
Header info = 1136
Transformed value for current_16V_bus = 0.18309139200000002
Matching row  18
coeffs for Last measurement in raw DN for LVPS Board signal “P6V_IMON”= [0.0 8.05861e-05 0.0 0.0 0.0 0.0 0.0 0.0]
var_name = Last measurement in raw DN for LVPS Board signal “P6V_IMON”
var_name = current_6V_bus
Header info = 1482
Transformed value for current_6V_bus = 0.1194286002
Matching row  18
coeffs for Last measurement in raw DN for LVPS Board signal “N6V_IMON”= [0.0 -8.05861e-05 0.0 0.0 0.0 0.0 0.0 0.0]
var_name = Last measurement in raw DN for LVPS Board signal “N6V_IMON”
var_name = current_neg6V_bus
Header info = 1136
Transformed value for current_neg6V_bus = -0.0915458096
Matching row  18
coeffs for Last measurement in raw DN for LVPS Board signal “P5V_IMON”= [0.0 4.029304e-05 0.0 0.0 0.0 0.0 0.0 0.0]
var_name = Last measurement in raw DN for LVPS Board signal “P5V_IMON”
var_name = current_5V_bus
Header info = 1858
Transformed value for current_5V_bus = 0.07486446832
Matching row  18
coeffs for Last measurement in raw DN for LVPS Board signal “N5V_IMON”= [0.0 -2.01465e-05 0.0 0.0 0.0 0.0 0.0 0.0]
var_name = Last measurement in raw DN for LVPS Board signal “N5V_IMON”
var_name = current_neg5V_bus
Header info = 3276
Transformed value for current_neg5V_bus = -0.06599993400000001
Matching row  18
coeffs for Last measurement in raw DN for LVPS Board signal “P2.5V_IMON”= [0.0 0.00161172 0.0 0.0 0.0 0.0 0.0 0.0]
var_name = Last measurement in raw DN for LVPS Board signal “P2.5V_IMON”
var_name = current_2V5_bus
Header info = 453
Transformed value for current_2V5_bus = 0.73010916
Matching row  18
coeffs for Last measurement in raw DN for LVPS Board signal “N2.5V_IMON”= [0.0 -4.0293e-05 0.0 0.0 0.0 0.0 0.0 0.0]
var_name = Last measurement in raw DN for LVPS Board signal “N2.5V_IMON”
var_name = current_neg2V5_bus
Header info = 2943
Transformed value for current_neg2V5_bus = -0.118582299
Matching row  18
coeffs for Last measurement in raw DN for LVPS Board signal “THERM_DECON0”= [-110.293 0.0665351 0.000305738 -6.32048e-07 5.9934e-10 -2.98784e-13
 7.61361e-17 -7.76467e-21]
var_name = Last measurement in raw DN for LVPS Board signal “THERM_DECON0”
var_name = None
KeyError: (13, None) - Could not find entry for None, 38. Please check the Var_notes or variable mapping.
Matching row  18
coeffs for Last measurement in raw DN for LVPS Board signal “THERM_DECON1”= [-150.478 0.376986 -0.00062072 7.73853e-07 -5.81588e-10 2.56368e-13
 -6.05698e-17 5.96635e-21]
var_name = Last measurement in raw DN for LVPS Board signal “THERM_DECON1”
var_name = None
KeyError: (13, None) - Could not find entry for None, 39. Please check the Var_notes or variable mapping.
Matching row  18
coeffs for Last measurement in raw DN for LVPS Board signal “THERM_DAB”= [-443.248 1.31224 -0.00180422 1.40016e-06 -6.43766e-10 1.7448e-13
 -2.57695e-17 1.60239e-21]
var_name = Last measurement in raw DN for LVPS Board signal “THERM_DAB”
var_name = None
KeyError: (13, None) - Could not find entry for None, 40. Please check the Var_notes or variable mapping.
Matching row  18
coeffs for Last measurement in raw DN for LVPS Board signal “THERM_LVPS”= [200.4137 -0.2020699 0.000175403 -9.739547e-08 2.888932e-11 -3.545603e-15
 0.0 0.0]
var_name = Last measurement in raw DN for LVPS Board signal “THERM_LVPS”
var_name = None
KeyError: (13, None) - Could not find entry for None, 41. Please check the Var_notes or variable mapping.
Matching row  18
coeffs for Last measurement in raw DN for LVPS Board signal “THERM_HVPS”= [200.4137 -0.2020699 0.000175403 -9.739547e-08 2.888932e-11 -3.545603e-15
 0.0 0.0]
var_name = Last measurement in raw DN for LVPS Board signal “THERM_HVPS”
var_name = None
KeyError: (13, None) - Could not find entry for None, 45. Please check the Var_notes or variable mapping.
Matching row  18
coeffs for Last measurement in raw DN for LVPS Board signal “P2.5V”= [0.0 0.00161172 0.0 0.0 0.0 0.0 0.0 0.0]
var_name = Last measurement in raw DN for LVPS Board signal “P2.5V”
var_name = None
KeyError: (13, None) - Could not find entry for None, 49. Please check the Var_notes or variable mapping.
Matching row  18
coeffs for Last measurement in raw DN for LVPS Board signal “N2.5V”= [-33.0 0.00886447 0.0 0.0 0.0 0.0 0.0 0.0]
var_name = Last measurement in raw DN for LVPS Board signal “N2.5V”
var_name = None
KeyError: (13, None) - Could not find entry for None, 50. Please check the Var_notes or variable mapping.
Matching row  18
coeffs for Last measurement in raw DN for LVPS Board signal “Spare”= [0.0 0.00161172 0.0 0.0 0.0 0.0 0.0 0.0]
var_name = Last measurement in raw DN for LVPS Board signal “Spare”
var_name = spare_signal
KeyError: (13, 'spare_signal') - Could not find entry for spare_signal, 51. Please check the Var_notes or variable mapping.
High gain delay = 68 samples.
Mid gain delay = 39 samples.
Low gain delay = 39 samples.
High sampling trigger mode =  0 0 1
High gain trigger mode enabled.
For 2222981120, HG Trigger level = 0.15317, sample settings = 0, 0
Threshold trigger mode enabled for high gain channel.
AID = 2415277392
Event number = 72
Rice compression enabled = False
Timestamp = 439513235.4839 seconds since epoch (Midnight January 1st, 2010)
Trigger time = 2023-12-05T23:00:35.483900Z
13
13
13
13
13
13
13
13
13
13
13
13
13
{'SHCOARSE': ParsedDataItem(SHCOARSE, raw=439513525, derived=439513525, unit=dn), 'SHFINE': ParsedDataItem(SHFINE, raw=7643, derived=7643, unit=dn), 'IDX__SCI0AID': ParsedDataItem(IDX__SCI0AID, raw=2415277392, derived=2415277392, unit=None), 'IDX__SCI0TYPE': ParsedDataItem(IDX__SCI0TYPE, raw=1, derived=1, unit=None), 'IDX__SCI0CONT': ParsedDataItem(IDX__SCI0CONT, raw=127, derived=127, unit=None), 'IDX__SCI0SPARE1': ParsedDataItem(IDX__SCI0SPARE1, raw=0, derived=0, unit=None), 'IDX__SCI0PACK': ParsedDataItem(IDX__SCI0PACK, raw=1, derived=EN, unit=None), 'IDX__SCI0FRAG': ParsedDataItem(IDX__SCI0FRAG, raw=0, derived=DS, unit=None), 'IDX__SCI0COMP': ParsedDataItem(IDX__SCI0COMP, raw=0, derived=DS, unit=None), 'IDX__SCI0EVTNUM': ParsedDataItem(IDX__SCI0EVTNUM, raw=73, derived=73, unit=None), 'IDX__SCI0CAT': ParsedDataItem(IDX__SCI0CAT, raw=32, derived=32, unit=None), 'IDX__SCI0QUAL': ParsedDataItem(IDX__SCI0QUAL, raw=5, derived=5, unit=None), 'IDX__SCI0FRAGOFF': ParsedDataItem(IDX__SCI0FRAGOFF, raw=0, derived=0, unit=None), 'IDX__SCI0VER': ParsedDataItem(IDX__SCI0VER, raw=9, derived=9, unit=None), 'IDX__SCI0TIME32': ParsedDataItem(IDX__SCI0TIME32, raw=439513236, derived=439513236, unit=None), 'IDX__SCI0SPARE2': ParsedDataItem(IDX__SCI0SPARE2, raw=0, derived=0, unit=None), 'IDX__SCI0SPARE3': ParsedDataItem(IDX__SCI0SPARE3, raw=0, derived=0, unit=None), 'IDX__SCI0SPARE4': ParsedDataItem(IDX__SCI0SPARE4, raw=0, derived=0, unit=None), 'IDX__TXHDRSCIEVTLEN': ParsedDataItem(IDX__TXHDRSCIEVTLEN, raw=8320, derived=8320, unit=None), 'IDX__TXHDRSP00': ParsedDataItem(IDX__TXHDRSP00, raw=0, derived=0, unit=None), 'IDX__TXHDRTIMESEC1': ParsedDataItem(IDX__TXHDRTIMESEC1, raw=6706, derived=6706, unit=None), 'IDX__TXHDRTIMESEC2': ParsedDataItem(IDX__TXHDRTIMESEC2, raw=28820, derived=28820, unit=None), 'IDX__TXHDRTIMESUBS': ParsedDataItem(IDX__TXHDRTIMESUBS, raw=24192, derived=24192, unit=None), 'IDX__TXHDRSP01': ParsedDataItem(IDX__TXHDRSP01, raw=0, derived=0, unit=None), 'IDX__TXHDRTRIGOFFSET': ParsedDataItem(IDX__TXHDRTRIGOFFSET, raw=0, derived=0, unit=None), 'IDX__TXHDRSP02': ParsedDataItem(IDX__TXHDRSP02, raw=0, derived=0, unit=None), 'IDX__TXHDRTRIGID': ParsedDataItem(IDX__TXHDRTRIGID, raw=1, derived=1, unit=None), 'IDX__TXHDREVTNUM': ParsedDataItem(IDX__TXHDREVTNUM, raw=73, derived=73, unit=None), 'IDX__TXHDRBLOCKS': ParsedDataItem(IDX__TXHDRBLOCKS, raw=243679, derived=243679, unit=None), 'IDX__TXHDRHGTRIGCTRL1': ParsedDataItem(IDX__TXHDRHGTRIGCTRL1, raw=2222981120, derived=2222981120, unit=None), 'IDX__TXHDRHGTRIGCTRL2': ParsedDataItem(IDX__TXHDRHGTRIGCTRL2, raw=0, derived=0, unit=None), 'IDX__TXHDRLGTRIGCTRL1': ParsedDataItem(IDX__TXHDRLGTRIGCTRL1, raw=4294965248, derived=4294965248, unit=None), 'IDX__TXHDRLGTRIGCTRL2': ParsedDataItem(IDX__TXHDRLGTRIGCTRL2, raw=4278255360, derived=4278255360, unit=None), 'IDX__TXHDRMGTRIGCTRL1': ParsedDataItem(IDX__TXHDRMGTRIGCTRL1, raw=4294965248, derived=4294965248, unit=None), 'IDX__TXHDRMGTRIGCTRL2': ParsedDataItem(IDX__TXHDRMGTRIGCTRL2, raw=4278255360, derived=4278255360, unit=None), 'IDX__TXHDRSP03': ParsedDataItem(IDX__TXHDRSP03, raw=0, derived=0, unit=None), 'IDX__TXHDRLSADC': ParsedDataItem(IDX__TXHDRLSADC, raw=1048320, derived=1048320, unit=None), 'IDX__TXHDRPOLSTAT': ParsedDataItem(IDX__TXHDRPOLSTAT, raw=1, derived=NEG, unit=None), 'IDX__TXHDRSP04': ParsedDataItem(IDX__TXHDRSP04, raw=0, derived=0, unit=None), 'IDX__TXHDRPOLCTRL': ParsedDataItem(IDX__TXHDRPOLCTRL, raw=0, derived=POS, unit=None), 'IDX__TXHDRCOINENA': ParsedDataItem(IDX__TXHDRCOINENA, raw=0, derived=DIS, unit=None), 'IDX__TXHDRLSTRIGMODE': ParsedDataItem(IDX__TXHDRLSTRIGMODE, raw=0, derived=DIS, unit=None), 'IDX__TXHDRMGTRIGMODE': ParsedDataItem(IDX__TXHDRMGTRIGMODE, raw=0, derived=0, unit=None), 'IDX__TXHDRLGTRIGMODE': ParsedDataItem(IDX__TXHDRLGTRIGMODE, raw=0, derived=0, unit=None), 'IDX__TXHDRHGTRIGMODE': ParsedDataItem(IDX__TXHDRHGTRIGMODE, raw=1, derived=1, unit=None), 'IDX__TXHDRSP05': ParsedDataItem(IDX__TXHDRSP05, raw=0, derived=0, unit=None), 'IDX__TXHDRSP06': ParsedDataItem(IDX__TXHDRSP06, raw=0, derived=0, unit=None), 'IDX__TXHDRSP07': ParsedDataItem(IDX__TXHDRSP07, raw=2011, derived=2011, unit=None), 'IDX__TXHDRSP08': ParsedDataItem(IDX__TXHDRSP08, raw=0, derived=0, unit=None), 'IDX__TXHDRTOFMAX': ParsedDataItem(IDX__TXHDRTOFMAX, raw=541596226, derived=541596226, unit=None), 'IDX__TXHDRTOFMIN': ParsedDataItem(IDX__TXHDRTOFMIN, raw=535295476, derived=535295476, unit=None), 'IDX__TXHDRLS0MAXMIN': ParsedDataItem(IDX__TXHDRLS0MAXMIN, raw=8468493, derived=8468493, unit=None), 'IDX__TXHDRLS1MAXMIN': ParsedDataItem(IDX__TXHDRLS1MAXMIN, raw=8443884, derived=8443884, unit=None), 'IDX__TXHDRLS2MAXMIN': ParsedDataItem(IDX__TXHDRLS2MAXMIN, raw=9549787, derived=9549787, unit=None), 'IDX__TXHDRFIFODELAY': ParsedDataItem(IDX__TXHDRFIFODELAY, raw=17, derived=17, unit=None), 'IDX__TXHDRSAMPDELAY': ParsedDataItem(IDX__TXHDRSAMPDELAY, raw=1073740832, derived=1073740832, unit=None), 'IDX__TXHDRTRANSCNT': ParsedDataItem(IDX__TXHDRTRANSCNT, raw=2, derived=2, unit=None), 'IDX__TXHDRPROCHKCH01': ParsedDataItem(IDX__TXHDRPROCHKCH01, raw=83755842, derived=83755842, unit=None), 'IDX__TXHDRPROCHKCH23': ParsedDataItem(IDX__TXHDRPROCHKCH23, raw=106431714, derived=106431714, unit=None), 'IDX__TXHDRPROCHKCH45': ParsedDataItem(IDX__TXHDRPROCHKCH45, raw=168953050, derived=168953050, unit=None), 'IDX__TXHDRPROCHKCH67': ParsedDataItem(IDX__TXHDRPROCHKCH67, raw=133695768, derived=133695768, unit=None), 'IDX__TXHDRHVPSHKCH01': ParsedDataItem(IDX__TXHDRHVPSHKCH01, raw=131794263, derived=131794263, unit=None), 'IDX__TXHDRHVPSHKCH23': ParsedDataItem(IDX__TXHDRHVPSHKCH23, raw=8849070, derived=8849070, unit=None), 'IDX__TXHDRHVPSHKCH45': ParsedDataItem(IDX__TXHDRHVPSHKCH45, raw=127797210, derived=127797210, unit=None), 'IDX__TXHDRHVPSHKCH67': ParsedDataItem(IDX__TXHDRHVPSHKCH67, raw=19991183, derived=19991183, unit=None), 'IDX__TXHDRLVHK0CH01': ParsedDataItem(IDX__TXHDRLVHK0CH01, raw=134219776, derived=134219776, unit=None), 'IDX__TXHDRLVHK0CH23': ParsedDataItem(IDX__TXHDRLVHK0CH23, raw=172035001, derived=172035001, unit=None), 'IDX__TXHDRLVHK0CH45': ParsedDataItem(IDX__TXHDRLVHK0CH45, raw=134745196, derived=134745196, unit=None), 'IDX__TXHDRLVHK0CH67': ParsedDataItem(IDX__TXHDRLVHK0CH67, raw=205982803, derived=205982803, unit=None), 'IDX__TXHDRLVHK1CH01': ParsedDataItem(IDX__TXHDRLVHK1CH01, raw=33621647, derived=33621647, unit=None), 'IDX__TXHDRLVHK1CH23': ParsedDataItem(IDX__TXHDRLVHK1CH23, raw=74450378, derived=74450378, unit=None), 'IDX__TXHDRLVHK1CH45': ParsedDataItem(IDX__TXHDRLVHK1CH45, raw=214697794, derived=214697794, unit=None), 'IDX__TXHDRLVHK1CH67': ParsedDataItem(IDX__TXHDRLVHK1CH67, raw=192872901, derived=192872901, unit=None), 'IDX__TXHDRLVHK2CH01': ParsedDataItem(IDX__TXHDRLVHK2CH01, raw=81659105, derived=81659105, unit=None), 'IDX__TXHDRLVHK2CH23': ParsedDataItem(IDX__TXHDRLVHK2CH23, raw=192154335, derived=192154335, unit=None), 'IDX__TXHDRLVHK2CH45': ParsedDataItem(IDX__TXHDRLVHK2CH45, raw=101059654, derived=101059654, unit=None), 'IDX__TXHDRLVHK2CH67': ParsedDataItem(IDX__TXHDRLVHK2CH67, raw=69017, derived=69017, unit=None), 'IDX__TXHDRSP09': ParsedDataItem(IDX__TXHDRSP09, raw=0, derived=0, unit=None), 'IDX__TXHDRSP10': ParsedDataItem(IDX__TXHDRSP10, raw=0, derived=0, unit=None), 'IDX__TXHDRFSWAIDCOPY': ParsedDataItem(IDX__TXHDRFSWAIDCOPY, raw=2415277392, derived=2415277392, unit=None), 'IDX__TXHDRFSWBINCOPY': ParsedDataItem(IDX__TXHDRFSWBINCOPY, raw=0, derived=0, unit=None), 'IDX__TXHDRFSWMAJOR': ParsedDataItem(IDX__TXHDRFSWMAJOR, raw=2, derived=2, unit=None), 'IDX__TXHDRFSWMINOR': ParsedDataItem(IDX__TXHDRFSWMINOR, raw=0, derived=0, unit=None), 'IDX__TXHDRFSWPATCH': ParsedDataItem(IDX__TXHDRFSWPATCH, raw=0, derived=0, unit=None), 'IDX__TXHDRFSWHVSTAT': ParsedDataItem(IDX__TXHDRFSWHVSTAT, raw=3, derived=3, unit=None), 'IDX__TXHDRFSWMEM0': ParsedDataItem(IDX__TXHDRFSWMEM0, raw=0, derived=0, unit=None), 'IDX__TXHDRFSWMEM1': ParsedDataItem(IDX__TXHDRFSWMEM1, raw=0, derived=0, unit=None), 'IDX__TXHDRFSWPT0': ParsedDataItem(IDX__TXHDRFSWPT0, raw=0, derived=0, unit=None), 'IDX__TXHDRFSWPT1': ParsedDataItem(IDX__TXHDRFSWPT1, raw=0, derived=0, unit=None), 'IDX__TXHDRFSWPT2': ParsedDataItem(IDX__TXHDRFSWPT2, raw=0, derived=0, unit=None), 'IDX__TXHDRFSWPT3': ParsedDataItem(IDX__TXHDRFSWPT3, raw=0, derived=0, unit=None), 'IDX__TXHDRFSWPT4': ParsedDataItem(IDX__TXHDRFSWPT4, raw=0, derived=0, unit=None), 'IDX__TXHDRFSWPT5': ParsedDataItem(IDX__TXHDRFSWPT5, raw=0, derived=0, unit=None), 'IDX__TXHDRFSWPT6': ParsedDataItem(IDX__TXHDRFSWPT6, raw=0, derived=0, unit=None), 'IDX__TXHDRFSWPT7': ParsedDataItem(IDX__TXHDRFSWPT7, raw=0, derived=0, unit=None), 'IDX__TXHDRFSWPT8': ParsedDataItem(IDX__TXHDRFSWPT8, raw=0, derived=0, unit=None), 'IDX__TXHDRFSWPT9': ParsedDataItem(IDX__TXHDRFSWPT9, raw=0, derived=0, unit=None), 'IDX__TXHDRFPGAVER': ParsedDataItem(IDX__TXHDRFPGAVER, raw=539165480, derived=539165480, unit=None), 'IDX__SYNCSCI0PKT': ParsedDataItem(IDX__SYNCSCI0PKT, raw=13107, derived=13107, unit=None), 'IDX__CRCSCI0PKT': ParsedDataItem(IDX__CRCSCI0PKT, raw=55526, derived=55526, unit=None)}
SHCOARSE = 439513525
SHFINE = 7643
IDX__SCI0AID = 2415277392
IDX__SCI0TYPE = 1
IDX__SCI0CONT = 127
IDX__SCI0SPARE1 = 0
IDX__SCI0PACK = EN
IDX__SCI0FRAG = DS
IDX__SCI0COMP = DS
IDX__SCI0EVTNUM = 73
IDX__SCI0CAT = 32
IDX__SCI0QUAL = 5
IDX__SCI0FRAGOFF = 0
IDX__SCI0VER = 9
IDX__SCI0TIME32 = 439513236
IDX__SCI0SPARE2 = 0
IDX__SCI0SPARE3 = 0
IDX__SCI0SPARE4 = 0
IDX__TXHDRSCIEVTLEN = 8320
IDX__TXHDRSP00 = 0
IDX__TXHDRTIMESEC1 = 6706
IDX__TXHDRTIMESEC2 = 28820
IDX__TXHDRTIMESUBS = 24192
IDX__TXHDRSP01 = 0
IDX__TXHDRTRIGOFFSET = 0
IDX__TXHDRSP02 = 0
IDX__TXHDRTRIGID = 1
IDX__TXHDREVTNUM = 73
IDX__TXHDRBLOCKS = 243679
IDX__TXHDRHGTRIGCTRL1 = 2222981120
IDX__TXHDRHGTRIGCTRL2 = 0
IDX__TXHDRLGTRIGCTRL1 = 4294965248
IDX__TXHDRLGTRIGCTRL2 = 4278255360
IDX__TXHDRMGTRIGCTRL1 = 4294965248
IDX__TXHDRMGTRIGCTRL2 = 4278255360
IDX__TXHDRSP03 = 0
IDX__TXHDRLSADC = 1048320
IDX__TXHDRPOLSTAT = NEG
IDX__TXHDRSP04 = 0
IDX__TXHDRPOLCTRL = POS
IDX__TXHDRCOINENA = DIS
IDX__TXHDRLSTRIGMODE = DIS
IDX__TXHDRMGTRIGMODE = 0
IDX__TXHDRLGTRIGMODE = 0
IDX__TXHDRHGTRIGMODE = 1
IDX__TXHDRSP05 = 0
IDX__TXHDRSP06 = 0
IDX__TXHDRSP07 = 2011
IDX__TXHDRSP08 = 0
IDX__TXHDRTOFMAX = 541596226
IDX__TXHDRTOFMIN = 535295476
IDX__TXHDRLS0MAXMIN = 8468493
IDX__TXHDRLS1MAXMIN = 8443884
IDX__TXHDRLS2MAXMIN = 9549787
IDX__TXHDRFIFODELAY = 17
IDX__TXHDRSAMPDELAY = 1073740832
IDX__TXHDRTRANSCNT = 2
IDX__TXHDRPROCHKCH01 = 83755842
IDX__TXHDRPROCHKCH23 = 106431714
IDX__TXHDRPROCHKCH45 = 168953050
IDX__TXHDRPROCHKCH67 = 133695768
IDX__TXHDRHVPSHKCH01 = 131794263
IDX__TXHDRHVPSHKCH23 = 8849070
IDX__TXHDRHVPSHKCH45 = 127797210
IDX__TXHDRHVPSHKCH67 = 19991183
IDX__TXHDRLVHK0CH01 = 134219776
IDX__TXHDRLVHK0CH23 = 172035001
IDX__TXHDRLVHK0CH45 = 134745196
IDX__TXHDRLVHK0CH67 = 205982803
IDX__TXHDRLVHK1CH01 = 33621647
IDX__TXHDRLVHK1CH23 = 74450378
IDX__TXHDRLVHK1CH45 = 214697794
IDX__TXHDRLVHK1CH67 = 192872901
IDX__TXHDRLVHK2CH01 = 81659105
IDX__TXHDRLVHK2CH23 = 192154335
IDX__TXHDRLVHK2CH45 = 101059654
IDX__TXHDRLVHK2CH67 = 69017
IDX__TXHDRSP09 = 0
IDX__TXHDRSP10 = 0
IDX__TXHDRFSWAIDCOPY = 2415277392
IDX__TXHDRFSWBINCOPY = 0
IDX__TXHDRFSWMAJOR = 2
IDX__TXHDRFSWMINOR = 0
IDX__TXHDRFSWPATCH = 0
IDX__TXHDRFSWHVSTAT = 3
IDX__TXHDRFSWMEM0 = 0
IDX__TXHDRFSWMEM1 = 0
IDX__TXHDRFSWPT0 = 0
IDX__TXHDRFSWPT1 = 0
IDX__TXHDRFSWPT2 = 0
IDX__TXHDRFSWPT3 = 0
IDX__TXHDRFSWPT4 = 0
IDX__TXHDRFSWPT5 = 0
IDX__TXHDRFSWPT6 = 0
IDX__TXHDRFSWPT7 = 0
IDX__TXHDRFSWPT8 = 0
IDX__TXHDRFSWPT9 = 0
IDX__TXHDRFPGAVER = 539165480
IDX__SYNCSCI0PKT = 13107
IDX__CRCSCI0PKT = 55526
^*****Event header 14******^
EVTNUM: 14
SCI0TYPE: 1
TXHDRBLOCKS RAW: 243679
TXHDRBLOCKS DERIVED: 243679
-----
HS pre trig sampling blocks:  31
LS pre trig sampling blocks:  3
HS post trig sampling blocks:  31
LS post trig sampling blocks:  11
IDX__TXHDRHVPSHKCH01 = 131794263
Detector voltage =  1367
Sensor voltage =  2011
Target voltage =  1710
Reflectron voltage =  135
Rejection voltage =  2010
Current for HVPS sensor =  1950
Positive current for HVPS sensor =  2703
Negative current for HVPS sensor =  305
Voltage +3.3V reference =  2048
Voltage +3.3V operational reference =  2048
Voltage -6V bus =  3001
Voltage +6V bus =  2625
Voltage +16V bus =  3180
Voltage +3.3V bus =  2056
Voltage -5V bus =  3155
Voltage +5V bus =  3143
Current +3.3V bus =  1679
Current +16V bus =  1136
Current +6V bus =  1482
Current -6V bus =  1136
Current +5V bus =  1858
Current -5V bus =  3276
Current +2.5V bus =  453
Current -2.5V bus =  2943
Current on the 1V POL =  834
Current on the 1.9V POL =  1278
ProcBd Temperature 1 =  1250
ProcBd Temperature 2 =  1624
Voltage on 1V bus =  1242
FPGA Temperature =  2578
Voltage on 1.9V bus =  2328
Voltage on 3.3V bus =  2040
var_to_row = {'Last measurement in raw DN for Processor Board signal “1V POL Current”': 0, 'Last measurement in raw DN for Processor Board signal “1.9V POL Current”': 1, 'Last measurement in raw DN for Processor Board signal “ProcBd Temp1”': 2, nan: 48, 'Last measurement in raw DN for Processor Board signal “ProcBd Temp2”': 6, 'Last measurement in raw DN for Processor Board signal “1V Voltage”': 10, 'Last measurement in raw DN for Processor Board signal “FPGA Temp”': 11, 'Last measurement in raw DN for Processor Board signal “1.9V Voltage”': 12, 'Last measurement in raw DN for Processor Board signal “3.3V Voltage”': 13, 'Last measurement in raw DN for HVPS Board signal “Detector Voltage”': 14, 'Last measurement in raw DN for HVPS Board signal “Sensor Voltage"': 15, 'Last measurement in raw DN for HVPS Board signal “Target Voltage”': 16, 'Last measurement in raw DN for HVPS Board signal “Reflectron Voltage”': 17, 'Last measurement in raw DN for HVPS Board signal “Rejection Voltage”': 18, 'Last measurement in raw DN for HVPS Board signal “Detector Current”': 19, 'Last measurement in raw DN for HVPS Board signal “Sensor IP”': 20, 'Last measurement in raw DN for HVPS Board signal “Sensor IN”': 21, 'Last measurement in raw DN for LVPS Board signal “P3.3VREF_HK”': 22, 'Last measurement in raw DN for LVPS Board signal “P3.3VREF_OP”': 23, 'Last measurement in raw DN for LVPS Board signal “N6V”': 24, 'Last measurement in raw DN for LVPS Board signal “P6V”': 25, 'Last measurement in raw DN for LVPS Board signal “P16V”': 26, 'Last measurement in raw DN for LVPS Board signal “P3.3V”': 27, 'Last measurement in raw DN for LVPS Board signal “N5V”': 28, 'Last measurement in raw DN for LVPS Board signal “P5V”': 29, 'Last measurement in raw DN for LVPS Board signal “P3.3_IMON”': 30, 'Last measurement in raw DN for LVPS Board signal “P16V_IMON”': 31, 'Last measurement in raw DN for LVPS Board signal “P6V_IMON”': 32, 'Last measurement in raw DN for LVPS Board signal “N6V_IMON”': 33, 'Last measurement in raw DN for LVPS Board signal “P5V_IMON”': 34, 'Last measurement in raw DN for LVPS Board signal “N5V_IMON”': 35, 'Last measurement in raw DN for LVPS Board signal “P2.5V_IMON”': 36, 'Last measurement in raw DN for LVPS Board signal “N2.5V_IMON”': 37, 'Last measurement in raw DN for LVPS Board signal “THERM_DECON0”': 38, 'Last measurement in raw DN for LVPS Board signal “THERM_DECON1”': 39, 'Last measurement in raw DN for LVPS Board signal “THERM_DAB”': 40, 'Last measurement in raw DN for LVPS Board signal “THERM_LVPS”': 41, 'Last measurement in raw DN for LVPS Board signal “THERM_HVPS”': 45, 'Last measurement in raw DN for LVPS Board signal “P2.5V”': 49, 'Last measurement in raw DN for LVPS Board signal “N2.5V”': 50, 'Last measurement in raw DN for LVPS Board signal “Spare”': 51}

 
 ***** var_name being converted for each instrument setting ***** 
 

Matching row  18
coeffs for Last measurement in raw DN for Processor Board signal “1V POL Current”= [0.0 0.9029253 0.0 0.0 0.0 0.0 0.0 0.0]
var_name = Last measurement in raw DN for Processor Board signal “1V POL Current”
var_name = current_1V_pol
Header info = 834
Transformed value for current_1V_pol = 753.0397002000001
Matching row  18
coeffs for Last measurement in raw DN for Processor Board signal “1.9V POL Current”= [0.0 0.9029253 0.0 0.0 0.0 0.0 0.0 0.0]
var_name = Last measurement in raw DN for Processor Board signal “1.9V POL Current”
var_name = current_1.9V_pol
Header info = 1278
Transformed value for current_1.9V_pol = 1153.9385334
Matching row  18
coeffs for Last measurement in raw DN for Processor Board signal “ProcBd Temp1”= [162.8276 -0.2668687 0.0003323794 -2.43153e-07 9.034532e-11 -1.327735e-14
 0.0 0.0]
var_name = Last measurement in raw DN for Processor Board signal “ProcBd Temp1”
var_name = temperature_1
Header info = 1250
Transformed value for temperature_1 = 53.72670668945321
Matching row  18
coeffs for nan= [-104713.9 52.02446 -0.006463374 0.0 0.0 0.0 0.0 0.0]
var_name = nan
var_name = None
KeyError: (14, None) - Could not find entry for None, 48. Please check the Var_notes or variable mapping.
Matching row  18
coeffs for Last measurement in raw DN for Processor Board signal “ProcBd Temp2”= [162.8276 -0.2668687 0.0003323794 -2.43153e-07 9.034532e-11 -1.327735e-14
 0.0 0.0]
var_name = Last measurement in raw DN for Processor Board signal “ProcBd Temp2”
var_name = temperature_2
Header info = 1624
Transformed value for temperature_2 = 43.030834589476854
Matching row  18
coeffs for Last measurement in raw DN for Processor Board signal “1V Voltage”= [0.0 0.000805861 0.0 0.0 0.0 0.0 0.0 0.0]
var_name = Last measurement in raw DN for Processor Board signal “1V Voltage”
var_name = voltage_1V_bus
Header info = 1242
Transformed value for voltage_1V_bus = 1.0008793619999998
Matching row  18
coeffs for Last measurement in raw DN for Processor Board signal “FPGA Temp”= [358.31 -0.1187104 0.0 0.0 0.0 0.0 0.0 0.0]
var_name = Last measurement in raw DN for Processor Board signal “FPGA Temp”
var_name = fpga_temperature
Header info = 2578
Transformed value for fpga_temperature = 52.274588800000004
Matching row  18
coeffs for Last measurement in raw DN for Processor Board signal “1.9V Voltage”= [0.0 0.000805861 0.0 0.0 0.0 0.0 0.0 0.0]
var_name = Last measurement in raw DN for Processor Board signal “1.9V Voltage”
var_name = voltage_1.9V_bus
Header info = 2328
Transformed value for voltage_1.9V_bus = 1.8760444079999998
Matching row  18
coeffs for Last measurement in raw DN for Processor Board signal “3.3V Voltage”= [0.0 0.001611722 0.0 0.0 0.0 0.0 0.0 0.0]
var_name = Last measurement in raw DN for Processor Board signal “3.3V Voltage”
var_name = voltage_3.3V_bus
Header info = 2040
Transformed value for voltage_3.3V_bus = 3.28791288
Matching row  18
coeffs for Last measurement in raw DN for HVPS Board signal “Detector Voltage”= [0.0 1.4652 0.0 0.0 0.0 0.0 0.0 0.0]
var_name = Last measurement in raw DN for HVPS Board signal “Detector Voltage”
var_name = detector_voltage
Header info = 1367
Transformed value for detector_voltage = 2002.9284
Matching row  18
coeffs for Last measurement in raw DN for HVPS Board signal “Sensor Voltage"= [0.0 1.4652 0.0 0.0 0.0 0.0 0.0 0.0]
var_name = Last measurement in raw DN for HVPS Board signal “Sensor Voltage"
var_name = sensor_voltage
Header info = 2011
Transformed value for sensor_voltage = 2946.5172000000002
Matching row  18
coeffs for Last measurement in raw DN for HVPS Board signal “Target Voltage”= [0.0 1.4652 0.0 0.0 0.0 0.0 0.0 0.0]
var_name = Last measurement in raw DN for HVPS Board signal “Target Voltage”
var_name = target_voltage
Header info = 1710
Transformed value for target_voltage = 2505.492
Matching row  18
coeffs for Last measurement in raw DN for HVPS Board signal “Reflectron Voltage”= [0.0 1.4652 0.0 0.0 0.0 0.0 0.0 0.0]
var_name = Last measurement in raw DN for HVPS Board signal “Reflectron Voltage”
var_name = reflectron_voltage
Header info = 135
Transformed value for reflectron_voltage = 197.80200000000002
Matching row  18
coeffs for Last measurement in raw DN for HVPS Board signal “Rejection Voltage”= [0.0 1.4652 0.0 0.0 0.0 0.0 0.0 0.0]
var_name = Last measurement in raw DN for HVPS Board signal “Rejection Voltage”
var_name = rejection_voltage
Header info = 2010
Transformed value for rejection_voltage = 2945.052
Matching row  18
coeffs for Last measurement in raw DN for HVPS Board signal “Detector Current”= [0.0 7.326e-06 0.0 0.0 0.0 0.0 0.0 0.0]
var_name = Last measurement in raw DN for HVPS Board signal “Detector Current”
var_name = current_hvps_sensor
Header info = 1950
Transformed value for current_hvps_sensor = 0.0142857
Matching row  18
coeffs for Last measurement in raw DN for HVPS Board signal “Sensor IP”= [0.0 2.4339e-05 0.0 0.0 0.0 0.0 0.0 0.0]
var_name = Last measurement in raw DN for HVPS Board signal “Sensor IP”
var_name = positive_current_hvps
Header info = 2703
Transformed value for positive_current_hvps = 0.065788317
Matching row  18
coeffs for Last measurement in raw DN for HVPS Board signal “Sensor IN”= [0.0 2.4339e-05 0.0 0.0 0.0 0.0 0.0 0.0]
var_name = Last measurement in raw DN for HVPS Board signal “Sensor IN”
var_name = negative_current_hvps
Header info = 305
Transformed value for negative_current_hvps = 0.007423394999999999
Matching row  18
coeffs for Last measurement in raw DN for LVPS Board signal “P3.3VREF_HK”= [0.0 0.00161172 0.0 0.0 0.0 0.0 0.0 0.0]
var_name = Last measurement in raw DN for LVPS Board signal “P3.3VREF_HK”
var_name = voltage_3V3_ref
Header info = 2048
Transformed value for voltage_3V3_ref = 3.30080256
Matching row  18
coeffs for Last measurement in raw DN for LVPS Board signal “P3.3VREF_OP”= [0.0 0.00161172 0.0 0.0 0.0 0.0 0.0 0.0]
var_name = Last measurement in raw DN for LVPS Board signal “P3.3VREF_OP”
var_name = voltage_3V3_op_ref
Header info = 2048
Transformed value for voltage_3V3_op_ref = 3.30080256
Matching row  18
coeffs for Last measurement in raw DN for LVPS Board signal “N6V”= [-33.0 0.00886447 0.0 0.0 0.0 0.0 0.0 0.0]
var_name = Last measurement in raw DN for LVPS Board signal “N6V”
var_name = voltage_neg6V_bus
Header info = 3001
Transformed value for voltage_neg6V_bus = -6.397725530000002
Matching row  18
coeffs for Last measurement in raw DN for LVPS Board signal “P6V”= [0.0 0.00241758 0.0 0.0 0.0 0.0 0.0 0.0]
var_name = Last measurement in raw DN for LVPS Board signal “P6V”
var_name = voltage_pos6V_bus
Header info = 2625
Transformed value for voltage_pos6V_bus = 6.3461475
Matching row  18
coeffs for Last measurement in raw DN for LVPS Board signal “P16V”= [0.0 0.00482711 0.0 0.0 0.0 0.0 0.0 0.0]
var_name = Last measurement in raw DN for LVPS Board signal “P16V”
var_name = voltage_pos16V_bus
Header info = 3180
Transformed value for voltage_pos16V_bus = 15.3502098
Matching row  18
coeffs for Last measurement in raw DN for LVPS Board signal “P3.3V”= [0.0 0.00161172 0.0 0.0 0.0 0.0 0.0 0.0]
var_name = Last measurement in raw DN for LVPS Board signal “P3.3V”
var_name = voltage_pos3V3_bus
Header info = 2056
Transformed value for voltage_pos3V3_bus = 3.31369632
Matching row  18
coeffs for Last measurement in raw DN for LVPS Board signal “N5V”= [-33.0 0.00886447 0.0 0.0 0.0 0.0 0.0 0.0]
var_name = Last measurement in raw DN for LVPS Board signal “N5V”
var_name = voltage_neg5V_bus
Header info = 3155
Transformed value for voltage_neg5V_bus = -5.032597150000001
Matching row  18
coeffs for Last measurement in raw DN for LVPS Board signal “P5V”= [0.0 0.00161172 0.0 0.0 0.0 0.0 0.0 0.0]
var_name = Last measurement in raw DN for LVPS Board signal “P5V”
var_name = voltage_pos5V_bus
Header info = 3143
Transformed value for voltage_pos5V_bus = 5.06563596
Matching row  18
coeffs for Last measurement in raw DN for LVPS Board signal “P3.3_IMON”= [0.0 0.00161172 0.0 0.0 0.0 0.0 0.0 0.0]
var_name = Last measurement in raw DN for LVPS Board signal “P3.3_IMON”
var_name = current_3V3_bus
Header info = 1679
Transformed value for current_3V3_bus = 2.70607788
Matching row  18
coeffs for Last measurement in raw DN for LVPS Board signal “P16V_IMON”= [0.0 0.000161172 0.0 0.0 0.0 0.0 0.0 0.0]
var_name = Last measurement in raw DN for LVPS Board signal “P16V_IMON”
var_name = current_16V_bus
Header info = 1136
Transformed value for current_16V_bus = 0.18309139200000002
Matching row  18
coeffs for Last measurement in raw DN for LVPS Board signal “P6V_IMON”= [0.0 8.05861e-05 0.0 0.0 0.0 0.0 0.0 0.0]
var_name = Last measurement in raw DN for LVPS Board signal “P6V_IMON”
var_name = current_6V_bus
Header info = 1482
Transformed value for current_6V_bus = 0.1194286002
Matching row  18
coeffs for Last measurement in raw DN for LVPS Board signal “N6V_IMON”= [0.0 -8.05861e-05 0.0 0.0 0.0 0.0 0.0 0.0]
var_name = Last measurement in raw DN for LVPS Board signal “N6V_IMON”
var_name = current_neg6V_bus
Header info = 1136
Transformed value for current_neg6V_bus = -0.0915458096
Matching row  18
coeffs for Last measurement in raw DN for LVPS Board signal “P5V_IMON”= [0.0 4.029304e-05 0.0 0.0 0.0 0.0 0.0 0.0]
var_name = Last measurement in raw DN for LVPS Board signal “P5V_IMON”
var_name = current_5V_bus
Header info = 1858
Transformed value for current_5V_bus = 0.07486446832
Matching row  18
coeffs for Last measurement in raw DN for LVPS Board signal “N5V_IMON”= [0.0 -2.01465e-05 0.0 0.0 0.0 0.0 0.0 0.0]
var_name = Last measurement in raw DN for LVPS Board signal “N5V_IMON”
var_name = current_neg5V_bus
Header info = 3276
Transformed value for current_neg5V_bus = -0.06599993400000001
Matching row  18
coeffs for Last measurement in raw DN for LVPS Board signal “P2.5V_IMON”= [0.0 0.00161172 0.0 0.0 0.0 0.0 0.0 0.0]
var_name = Last measurement in raw DN for LVPS Board signal “P2.5V_IMON”
var_name = current_2V5_bus
Header info = 453
Transformed value for current_2V5_bus = 0.73010916
Matching row  18
coeffs for Last measurement in raw DN for LVPS Board signal “N2.5V_IMON”= [0.0 -4.0293e-05 0.0 0.0 0.0 0.0 0.0 0.0]
var_name = Last measurement in raw DN for LVPS Board signal “N2.5V_IMON”
var_name = current_neg2V5_bus
Header info = 2943
Transformed value for current_neg2V5_bus = -0.118582299
Matching row  18
coeffs for Last measurement in raw DN for LVPS Board signal “THERM_DECON0”= [-110.293 0.0665351 0.000305738 -6.32048e-07 5.9934e-10 -2.98784e-13
 7.61361e-17 -7.76467e-21]
var_name = Last measurement in raw DN for LVPS Board signal “THERM_DECON0”
var_name = None
KeyError: (14, None) - Could not find entry for None, 38. Please check the Var_notes or variable mapping.
Matching row  18
coeffs for Last measurement in raw DN for LVPS Board signal “THERM_DECON1”= [-150.478 0.376986 -0.00062072 7.73853e-07 -5.81588e-10 2.56368e-13
 -6.05698e-17 5.96635e-21]
var_name = Last measurement in raw DN for LVPS Board signal “THERM_DECON1”
var_name = None
KeyError: (14, None) - Could not find entry for None, 39. Please check the Var_notes or variable mapping.
Matching row  18
coeffs for Last measurement in raw DN for LVPS Board signal “THERM_DAB”= [-443.248 1.31224 -0.00180422 1.40016e-06 -6.43766e-10 1.7448e-13
 -2.57695e-17 1.60239e-21]
var_name = Last measurement in raw DN for LVPS Board signal “THERM_DAB”
var_name = None
KeyError: (14, None) - Could not find entry for None, 40. Please check the Var_notes or variable mapping.
Matching row  18
coeffs for Last measurement in raw DN for LVPS Board signal “THERM_LVPS”= [200.4137 -0.2020699 0.000175403 -9.739547e-08 2.888932e-11 -3.545603e-15
 0.0 0.0]
var_name = Last measurement in raw DN for LVPS Board signal “THERM_LVPS”
var_name = None
KeyError: (14, None) - Could not find entry for None, 41. Please check the Var_notes or variable mapping.
Matching row  18
coeffs for Last measurement in raw DN for LVPS Board signal “THERM_HVPS”= [200.4137 -0.2020699 0.000175403 -9.739547e-08 2.888932e-11 -3.545603e-15
 0.0 0.0]
var_name = Last measurement in raw DN for LVPS Board signal “THERM_HVPS”
var_name = None
KeyError: (14, None) - Could not find entry for None, 45. Please check the Var_notes or variable mapping.
Matching row  18
coeffs for Last measurement in raw DN for LVPS Board signal “P2.5V”= [0.0 0.00161172 0.0 0.0 0.0 0.0 0.0 0.0]
var_name = Last measurement in raw DN for LVPS Board signal “P2.5V”
var_name = None
KeyError: (14, None) - Could not find entry for None, 49. Please check the Var_notes or variable mapping.
Matching row  18
coeffs for Last measurement in raw DN for LVPS Board signal “N2.5V”= [-33.0 0.00886447 0.0 0.0 0.0 0.0 0.0 0.0]
var_name = Last measurement in raw DN for LVPS Board signal “N2.5V”
var_name = None
KeyError: (14, None) - Could not find entry for None, 50. Please check the Var_notes or variable mapping.
Matching row  18
coeffs for Last measurement in raw DN for LVPS Board signal “Spare”= [0.0 0.00161172 0.0 0.0 0.0 0.0 0.0 0.0]
var_name = Last measurement in raw DN for LVPS Board signal “Spare”
var_name = spare_signal
KeyError: (14, 'spare_signal') - Could not find entry for spare_signal, 51. Please check the Var_notes or variable mapping.
High gain delay = 32 samples.
Mid gain delay = 1023 samples.
Low gain delay = 1023 samples.
High sampling trigger mode =  0 0 1
High gain trigger mode enabled.
For 2222981120, HG Trigger level = 0.15317, sample settings = 0, 0
Threshold trigger mode enabled for high gain channel.
AID = 2415277392
Event number = 73
Rice compression enabled = False
Timestamp = 439513236.48384 seconds since epoch (Midnight January 1st, 2010)
Trigger time = 2023-12-05T23:00:36.483840Z
14
14
14
14
14
14
14
14
14
14
14
14
14
{'SHCOARSE': ParsedDataItem(SHCOARSE, raw=439513539, derived=439513539, unit=dn), 'SHFINE': ParsedDataItem(SHFINE, raw=7652, derived=7652, unit=dn), 'IDX__SCI0AID': ParsedDataItem(IDX__SCI0AID, raw=2415277392, derived=2415277392, unit=None), 'IDX__SCI0TYPE': ParsedDataItem(IDX__SCI0TYPE, raw=1, derived=1, unit=None), 'IDX__SCI0CONT': ParsedDataItem(IDX__SCI0CONT, raw=127, derived=127, unit=None), 'IDX__SCI0SPARE1': ParsedDataItem(IDX__SCI0SPARE1, raw=0, derived=0, unit=None), 'IDX__SCI0PACK': ParsedDataItem(IDX__SCI0PACK, raw=1, derived=EN, unit=None), 'IDX__SCI0FRAG': ParsedDataItem(IDX__SCI0FRAG, raw=0, derived=DS, unit=None), 'IDX__SCI0COMP': ParsedDataItem(IDX__SCI0COMP, raw=0, derived=DS, unit=None), 'IDX__SCI0EVTNUM': ParsedDataItem(IDX__SCI0EVTNUM, raw=74, derived=74, unit=None), 'IDX__SCI0CAT': ParsedDataItem(IDX__SCI0CAT, raw=32, derived=32, unit=None), 'IDX__SCI0QUAL': ParsedDataItem(IDX__SCI0QUAL, raw=5, derived=5, unit=None), 'IDX__SCI0FRAGOFF': ParsedDataItem(IDX__SCI0FRAGOFF, raw=0, derived=0, unit=None), 'IDX__SCI0VER': ParsedDataItem(IDX__SCI0VER, raw=9, derived=9, unit=None), 'IDX__SCI0TIME32': ParsedDataItem(IDX__SCI0TIME32, raw=439513237, derived=439513237, unit=None), 'IDX__SCI0SPARE2': ParsedDataItem(IDX__SCI0SPARE2, raw=0, derived=0, unit=None), 'IDX__SCI0SPARE3': ParsedDataItem(IDX__SCI0SPARE3, raw=0, derived=0, unit=None), 'IDX__SCI0SPARE4': ParsedDataItem(IDX__SCI0SPARE4, raw=0, derived=0, unit=None), 'IDX__TXHDRSCIEVTLEN': ParsedDataItem(IDX__TXHDRSCIEVTLEN, raw=8320, derived=8320, unit=None), 'IDX__TXHDRSP00': ParsedDataItem(IDX__TXHDRSP00, raw=0, derived=0, unit=None), 'IDX__TXHDRTIMESEC1': ParsedDataItem(IDX__TXHDRTIMESEC1, raw=6706, derived=6706, unit=None), 'IDX__TXHDRTIMESEC2': ParsedDataItem(IDX__TXHDRTIMESEC2, raw=28821, derived=28821, unit=None), 'IDX__TXHDRTIMESUBS': ParsedDataItem(IDX__TXHDRTIMESUBS, raw=24189, derived=24189, unit=None), 'IDX__TXHDRSP01': ParsedDataItem(IDX__TXHDRSP01, raw=0, derived=0, unit=None), 'IDX__TXHDRTRIGOFFSET': ParsedDataItem(IDX__TXHDRTRIGOFFSET, raw=6, derived=6, unit=None), 'IDX__TXHDRSP02': ParsedDataItem(IDX__TXHDRSP02, raw=0, derived=0, unit=None), 'IDX__TXHDRTRIGID': ParsedDataItem(IDX__TXHDRTRIGID, raw=1, derived=1, unit=None), 'IDX__TXHDREVTNUM': ParsedDataItem(IDX__TXHDREVTNUM, raw=74, derived=74, unit=None), 'IDX__TXHDRBLOCKS': ParsedDataItem(IDX__TXHDRBLOCKS, raw=243679, derived=243679, unit=None), 'IDX__TXHDRHGTRIGCTRL1': ParsedDataItem(IDX__TXHDRHGTRIGCTRL1, raw=2222981120, derived=2222981120, unit=None), 'IDX__TXHDRHGTRIGCTRL2': ParsedDataItem(IDX__TXHDRHGTRIGCTRL2, raw=0, derived=0, unit=None), 'IDX__TXHDRLGTRIGCTRL1': ParsedDataItem(IDX__TXHDRLGTRIGCTRL1, raw=4294965248, derived=4294965248, unit=None), 'IDX__TXHDRLGTRIGCTRL2': ParsedDataItem(IDX__TXHDRLGTRIGCTRL2, raw=4278255360, derived=4278255360, unit=None), 'IDX__TXHDRMGTRIGCTRL1': ParsedDataItem(IDX__TXHDRMGTRIGCTRL1, raw=4294965248, derived=4294965248, unit=None), 'IDX__TXHDRMGTRIGCTRL2': ParsedDataItem(IDX__TXHDRMGTRIGCTRL2, raw=4278255360, derived=4278255360, unit=None), 'IDX__TXHDRSP03': ParsedDataItem(IDX__TXHDRSP03, raw=0, derived=0, unit=None), 'IDX__TXHDRLSADC': ParsedDataItem(IDX__TXHDRLSADC, raw=1048320, derived=1048320, unit=None), 'IDX__TXHDRPOLSTAT': ParsedDataItem(IDX__TXHDRPOLSTAT, raw=1, derived=NEG, unit=None), 'IDX__TXHDRSP04': ParsedDataItem(IDX__TXHDRSP04, raw=0, derived=0, unit=None), 'IDX__TXHDRPOLCTRL': ParsedDataItem(IDX__TXHDRPOLCTRL, raw=0, derived=POS, unit=None), 'IDX__TXHDRCOINENA': ParsedDataItem(IDX__TXHDRCOINENA, raw=0, derived=DIS, unit=None), 'IDX__TXHDRLSTRIGMODE': ParsedDataItem(IDX__TXHDRLSTRIGMODE, raw=0, derived=DIS, unit=None), 'IDX__TXHDRMGTRIGMODE': ParsedDataItem(IDX__TXHDRMGTRIGMODE, raw=0, derived=0, unit=None), 'IDX__TXHDRLGTRIGMODE': ParsedDataItem(IDX__TXHDRLGTRIGMODE, raw=0, derived=0, unit=None), 'IDX__TXHDRHGTRIGMODE': ParsedDataItem(IDX__TXHDRHGTRIGMODE, raw=1, derived=1, unit=None), 'IDX__TXHDRSP05': ParsedDataItem(IDX__TXHDRSP05, raw=0, derived=0, unit=None), 'IDX__TXHDRSP06': ParsedDataItem(IDX__TXHDRSP06, raw=0, derived=0, unit=None), 'IDX__TXHDRSP07': ParsedDataItem(IDX__TXHDRSP07, raw=2020, derived=2020, unit=None), 'IDX__TXHDRSP08': ParsedDataItem(IDX__TXHDRSP08, raw=0, derived=0, unit=None), 'IDX__TXHDRTOFMAX': ParsedDataItem(IDX__TXHDRTOFMAX, raw=546838258, derived=546838258, unit=None), 'IDX__TXHDRTOFMIN': ParsedDataItem(IDX__TXHDRTOFMIN, raw=535295472, derived=535295472, unit=None), 'IDX__TXHDRLS0MAXMIN': ParsedDataItem(IDX__TXHDRLS0MAXMIN, raw=8464397, derived=8464397, unit=None), 'IDX__TXHDRLS1MAXMIN': ParsedDataItem(IDX__TXHDRLS1MAXMIN, raw=8550378, derived=8550378, unit=None), 'IDX__TXHDRLS2MAXMIN': ParsedDataItem(IDX__TXHDRLS2MAXMIN, raw=10168292, derived=10168292, unit=None), 'IDX__TXHDRFIFODELAY': ParsedDataItem(IDX__TXHDRFIFODELAY, raw=16, derived=16, unit=None), 'IDX__TXHDRSAMPDELAY': ParsedDataItem(IDX__TXHDRSAMPDELAY, raw=49331278, derived=49331278, unit=None), 'IDX__TXHDRTRANSCNT': ParsedDataItem(IDX__TXHDRTRANSCNT, raw=8, derived=8, unit=None), 'IDX__TXHDRPROCHKCH01': ParsedDataItem(IDX__TXHDRPROCHKCH01, raw=83690304, derived=83690304, unit=None), 'IDX__TXHDRPROCHKCH23': ParsedDataItem(IDX__TXHDRPROCHKCH23, raw=106431714, derived=106431714, unit=None), 'IDX__TXHDRPROCHKCH45': ParsedDataItem(IDX__TXHDRPROCHKCH45, raw=168953050, derived=168953050, unit=None), 'IDX__TXHDRPROCHKCH67': ParsedDataItem(IDX__TXHDRPROCHKCH67, raw=133695768, derived=133695768, unit=None), 'IDX__TXHDRHVPSHKCH01': ParsedDataItem(IDX__TXHDRHVPSHKCH01, raw=131859799, derived=131859799, unit=None), 'IDX__TXHDRHVPSHKCH23': ParsedDataItem(IDX__TXHDRHVPSHKCH23, raw=8849070, derived=8849070, unit=None), 'IDX__TXHDRHVPSHKCH45': ParsedDataItem(IDX__TXHDRHVPSHKCH45, raw=127731674, derived=127731674, unit=None), 'IDX__TXHDRHVPSHKCH67': ParsedDataItem(IDX__TXHDRHVPSHKCH67, raw=19991183, derived=19991183, unit=None), 'IDX__TXHDRLVHK0CH01': ParsedDataItem(IDX__TXHDRLVHK0CH01, raw=134219776, derived=134219776, unit=None), 'IDX__TXHDRLVHK0CH23': ParsedDataItem(IDX__TXHDRLVHK0CH23, raw=172035001, derived=172035001, unit=None), 'IDX__TXHDRLVHK0CH45': ParsedDataItem(IDX__TXHDRLVHK0CH45, raw=134745195, derived=134745195, unit=None), 'IDX__TXHDRLVHK0CH67': ParsedDataItem(IDX__TXHDRLVHK0CH67, raw=205982803, derived=205982803, unit=None), 'IDX__TXHDRLVHK1CH01': ParsedDataItem(IDX__TXHDRLVHK1CH01, raw=33621646, derived=33621646, unit=None), 'IDX__TXHDRLVHK1CH23': ParsedDataItem(IDX__TXHDRLVHK1CH23, raw=74450379, derived=74450379, unit=None), 'IDX__TXHDRLVHK1CH45': ParsedDataItem(IDX__TXHDRLVHK1CH45, raw=214697794, derived=214697794, unit=None), 'IDX__TXHDRLVHK1CH67': ParsedDataItem(IDX__TXHDRLVHK1CH67, raw=192872901, derived=192872901, unit=None), 'IDX__TXHDRLVHK2CH01': ParsedDataItem(IDX__TXHDRLVHK2CH01, raw=81659105, derived=81659105, unit=None), 'IDX__TXHDRLVHK2CH23': ParsedDataItem(IDX__TXHDRLVHK2CH23, raw=192154335, derived=192154335, unit=None), 'IDX__TXHDRLVHK2CH45': ParsedDataItem(IDX__TXHDRLVHK2CH45, raw=101059654, derived=101059654, unit=None), 'IDX__TXHDRLVHK2CH67': ParsedDataItem(IDX__TXHDRLVHK2CH67, raw=69017, derived=69017, unit=None), 'IDX__TXHDRSP09': ParsedDataItem(IDX__TXHDRSP09, raw=0, derived=0, unit=None), 'IDX__TXHDRSP10': ParsedDataItem(IDX__TXHDRSP10, raw=0, derived=0, unit=None), 'IDX__TXHDRFSWAIDCOPY': ParsedDataItem(IDX__TXHDRFSWAIDCOPY, raw=2415277392, derived=2415277392, unit=None), 'IDX__TXHDRFSWBINCOPY': ParsedDataItem(IDX__TXHDRFSWBINCOPY, raw=0, derived=0, unit=None), 'IDX__TXHDRFSWMAJOR': ParsedDataItem(IDX__TXHDRFSWMAJOR, raw=2, derived=2, unit=None), 'IDX__TXHDRFSWMINOR': ParsedDataItem(IDX__TXHDRFSWMINOR, raw=0, derived=0, unit=None), 'IDX__TXHDRFSWPATCH': ParsedDataItem(IDX__TXHDRFSWPATCH, raw=0, derived=0, unit=None), 'IDX__TXHDRFSWHVSTAT': ParsedDataItem(IDX__TXHDRFSWHVSTAT, raw=3, derived=3, unit=None), 'IDX__TXHDRFSWMEM0': ParsedDataItem(IDX__TXHDRFSWMEM0, raw=0, derived=0, unit=None), 'IDX__TXHDRFSWMEM1': ParsedDataItem(IDX__TXHDRFSWMEM1, raw=0, derived=0, unit=None), 'IDX__TXHDRFSWPT0': ParsedDataItem(IDX__TXHDRFSWPT0, raw=0, derived=0, unit=None), 'IDX__TXHDRFSWPT1': ParsedDataItem(IDX__TXHDRFSWPT1, raw=0, derived=0, unit=None), 'IDX__TXHDRFSWPT2': ParsedDataItem(IDX__TXHDRFSWPT2, raw=0, derived=0, unit=None), 'IDX__TXHDRFSWPT3': ParsedDataItem(IDX__TXHDRFSWPT3, raw=0, derived=0, unit=None), 'IDX__TXHDRFSWPT4': ParsedDataItem(IDX__TXHDRFSWPT4, raw=0, derived=0, unit=None), 'IDX__TXHDRFSWPT5': ParsedDataItem(IDX__TXHDRFSWPT5, raw=0, derived=0, unit=None), 'IDX__TXHDRFSWPT6': ParsedDataItem(IDX__TXHDRFSWPT6, raw=0, derived=0, unit=None), 'IDX__TXHDRFSWPT7': ParsedDataItem(IDX__TXHDRFSWPT7, raw=0, derived=0, unit=None), 'IDX__TXHDRFSWPT8': ParsedDataItem(IDX__TXHDRFSWPT8, raw=0, derived=0, unit=None), 'IDX__TXHDRFSWPT9': ParsedDataItem(IDX__TXHDRFSWPT9, raw=0, derived=0, unit=None), 'IDX__TXHDRFPGAVER': ParsedDataItem(IDX__TXHDRFPGAVER, raw=539165480, derived=539165480, unit=None), 'IDX__SYNCSCI0PKT': ParsedDataItem(IDX__SYNCSCI0PKT, raw=13107, derived=13107, unit=None), 'IDX__CRCSCI0PKT': ParsedDataItem(IDX__CRCSCI0PKT, raw=16525, derived=16525, unit=None)}
SHCOARSE = 439513539
SHFINE = 7652
IDX__SCI0AID = 2415277392
IDX__SCI0TYPE = 1
IDX__SCI0CONT = 127
IDX__SCI0SPARE1 = 0
IDX__SCI0PACK = EN
IDX__SCI0FRAG = DS
IDX__SCI0COMP = DS
IDX__SCI0EVTNUM = 74
IDX__SCI0CAT = 32
IDX__SCI0QUAL = 5
IDX__SCI0FRAGOFF = 0
IDX__SCI0VER = 9
IDX__SCI0TIME32 = 439513237
IDX__SCI0SPARE2 = 0
IDX__SCI0SPARE3 = 0
IDX__SCI0SPARE4 = 0
IDX__TXHDRSCIEVTLEN = 8320
IDX__TXHDRSP00 = 0
IDX__TXHDRTIMESEC1 = 6706
IDX__TXHDRTIMESEC2 = 28821
IDX__TXHDRTIMESUBS = 24189
IDX__TXHDRSP01 = 0
IDX__TXHDRTRIGOFFSET = 6
IDX__TXHDRSP02 = 0
IDX__TXHDRTRIGID = 1
IDX__TXHDREVTNUM = 74
IDX__TXHDRBLOCKS = 243679
IDX__TXHDRHGTRIGCTRL1 = 2222981120
IDX__TXHDRHGTRIGCTRL2 = 0
IDX__TXHDRLGTRIGCTRL1 = 4294965248
IDX__TXHDRLGTRIGCTRL2 = 4278255360
IDX__TXHDRMGTRIGCTRL1 = 4294965248
IDX__TXHDRMGTRIGCTRL2 = 4278255360
IDX__TXHDRSP03 = 0
IDX__TXHDRLSADC = 1048320
IDX__TXHDRPOLSTAT = NEG
IDX__TXHDRSP04 = 0
IDX__TXHDRPOLCTRL = POS
IDX__TXHDRCOINENA = DIS
IDX__TXHDRLSTRIGMODE = DIS
IDX__TXHDRMGTRIGMODE = 0
IDX__TXHDRLGTRIGMODE = 0
IDX__TXHDRHGTRIGMODE = 1
IDX__TXHDRSP05 = 0
IDX__TXHDRSP06 = 0
IDX__TXHDRSP07 = 2020
IDX__TXHDRSP08 = 0
IDX__TXHDRTOFMAX = 546838258
IDX__TXHDRTOFMIN = 535295472
IDX__TXHDRLS0MAXMIN = 8464397
IDX__TXHDRLS1MAXMIN = 8550378
IDX__TXHDRLS2MAXMIN = 10168292
IDX__TXHDRFIFODELAY = 16
IDX__TXHDRSAMPDELAY = 49331278
IDX__TXHDRTRANSCNT = 8
IDX__TXHDRPROCHKCH01 = 83690304
IDX__TXHDRPROCHKCH23 = 106431714
IDX__TXHDRPROCHKCH45 = 168953050
IDX__TXHDRPROCHKCH67 = 133695768
IDX__TXHDRHVPSHKCH01 = 131859799
IDX__TXHDRHVPSHKCH23 = 8849070
IDX__TXHDRHVPSHKCH45 = 127731674
IDX__TXHDRHVPSHKCH67 = 19991183
IDX__TXHDRLVHK0CH01 = 134219776
IDX__TXHDRLVHK0CH23 = 172035001
IDX__TXHDRLVHK0CH45 = 134745195
IDX__TXHDRLVHK0CH67 = 205982803
IDX__TXHDRLVHK1CH01 = 33621646
IDX__TXHDRLVHK1CH23 = 74450379
IDX__TXHDRLVHK1CH45 = 214697794
IDX__TXHDRLVHK1CH67 = 192872901
IDX__TXHDRLVHK2CH01 = 81659105
IDX__TXHDRLVHK2CH23 = 192154335
IDX__TXHDRLVHK2CH45 = 101059654
IDX__TXHDRLVHK2CH67 = 69017
IDX__TXHDRSP09 = 0
IDX__TXHDRSP10 = 0
IDX__TXHDRFSWAIDCOPY = 2415277392
IDX__TXHDRFSWBINCOPY = 0
IDX__TXHDRFSWMAJOR = 2
IDX__TXHDRFSWMINOR = 0
IDX__TXHDRFSWPATCH = 0
IDX__TXHDRFSWHVSTAT = 3
IDX__TXHDRFSWMEM0 = 0
IDX__TXHDRFSWMEM1 = 0
IDX__TXHDRFSWPT0 = 0
IDX__TXHDRFSWPT1 = 0
IDX__TXHDRFSWPT2 = 0
IDX__TXHDRFSWPT3 = 0
IDX__TXHDRFSWPT4 = 0
IDX__TXHDRFSWPT5 = 0
IDX__TXHDRFSWPT6 = 0
IDX__TXHDRFSWPT7 = 0
IDX__TXHDRFSWPT8 = 0
IDX__TXHDRFSWPT9 = 0
IDX__TXHDRFPGAVER = 539165480
IDX__SYNCSCI0PKT = 13107
IDX__CRCSCI0PKT = 16525
^*****Event header 15******^
EVTNUM: 15
SCI0TYPE: 1
TXHDRBLOCKS RAW: 243679
TXHDRBLOCKS DERIVED: 243679
-----
HS pre trig sampling blocks:  31
LS pre trig sampling blocks:  3
HS post trig sampling blocks:  31
LS post trig sampling blocks:  11
IDX__TXHDRHVPSHKCH01 = 131859799
Detector voltage =  1367
Sensor voltage =  2012
Target voltage =  1710
Reflectron voltage =  135
Rejection voltage =  2010
Current for HVPS sensor =  1949
Positive current for HVPS sensor =  2703
Negative current for HVPS sensor =  305
Voltage +3.3V reference =  2048
Voltage +3.3V operational reference =  2048
Voltage -6V bus =  3001
Voltage +6V bus =  2625
Voltage +16V bus =  3179
Voltage +3.3V bus =  2056
Voltage -5V bus =  3155
Voltage +5V bus =  3143
Current +3.3V bus =  1678
Current +16V bus =  1136
Current +6V bus =  1483
Current -6V bus =  1136
Current +5V bus =  1858
Current -5V bus =  3276
Current +2.5V bus =  453
Current -2.5V bus =  2943
Current on the 1V POL =  832
Current on the 1.9V POL =  1277
ProcBd Temperature 1 =  1250
ProcBd Temperature 2 =  1624
Voltage on 1V bus =  1242
FPGA Temperature =  2578
Voltage on 1.9V bus =  2328
Voltage on 3.3V bus =  2040
var_to_row = {'Last measurement in raw DN for Processor Board signal “1V POL Current”': 0, 'Last measurement in raw DN for Processor Board signal “1.9V POL Current”': 1, 'Last measurement in raw DN for Processor Board signal “ProcBd Temp1”': 2, nan: 48, 'Last measurement in raw DN for Processor Board signal “ProcBd Temp2”': 6, 'Last measurement in raw DN for Processor Board signal “1V Voltage”': 10, 'Last measurement in raw DN for Processor Board signal “FPGA Temp”': 11, 'Last measurement in raw DN for Processor Board signal “1.9V Voltage”': 12, 'Last measurement in raw DN for Processor Board signal “3.3V Voltage”': 13, 'Last measurement in raw DN for HVPS Board signal “Detector Voltage”': 14, 'Last measurement in raw DN for HVPS Board signal “Sensor Voltage"': 15, 'Last measurement in raw DN for HVPS Board signal “Target Voltage”': 16, 'Last measurement in raw DN for HVPS Board signal “Reflectron Voltage”': 17, 'Last measurement in raw DN for HVPS Board signal “Rejection Voltage”': 18, 'Last measurement in raw DN for HVPS Board signal “Detector Current”': 19, 'Last measurement in raw DN for HVPS Board signal “Sensor IP”': 20, 'Last measurement in raw DN for HVPS Board signal “Sensor IN”': 21, 'Last measurement in raw DN for LVPS Board signal “P3.3VREF_HK”': 22, 'Last measurement in raw DN for LVPS Board signal “P3.3VREF_OP”': 23, 'Last measurement in raw DN for LVPS Board signal “N6V”': 24, 'Last measurement in raw DN for LVPS Board signal “P6V”': 25, 'Last measurement in raw DN for LVPS Board signal “P16V”': 26, 'Last measurement in raw DN for LVPS Board signal “P3.3V”': 27, 'Last measurement in raw DN for LVPS Board signal “N5V”': 28, 'Last measurement in raw DN for LVPS Board signal “P5V”': 29, 'Last measurement in raw DN for LVPS Board signal “P3.3_IMON”': 30, 'Last measurement in raw DN for LVPS Board signal “P16V_IMON”': 31, 'Last measurement in raw DN for LVPS Board signal “P6V_IMON”': 32, 'Last measurement in raw DN for LVPS Board signal “N6V_IMON”': 33, 'Last measurement in raw DN for LVPS Board signal “P5V_IMON”': 34, 'Last measurement in raw DN for LVPS Board signal “N5V_IMON”': 35, 'Last measurement in raw DN for LVPS Board signal “P2.5V_IMON”': 36, 'Last measurement in raw DN for LVPS Board signal “N2.5V_IMON”': 37, 'Last measurement in raw DN for LVPS Board signal “THERM_DECON0”': 38, 'Last measurement in raw DN for LVPS Board signal “THERM_DECON1”': 39, 'Last measurement in raw DN for LVPS Board signal “THERM_DAB”': 40, 'Last measurement in raw DN for LVPS Board signal “THERM_LVPS”': 41, 'Last measurement in raw DN for LVPS Board signal “THERM_HVPS”': 45, 'Last measurement in raw DN for LVPS Board signal “P2.5V”': 49, 'Last measurement in raw DN for LVPS Board signal “N2.5V”': 50, 'Last measurement in raw DN for LVPS Board signal “Spare”': 51}

 
 ***** var_name being converted for each instrument setting ***** 
 

Matching row  18
coeffs for Last measurement in raw DN for Processor Board signal “1V POL Current”= [0.0 0.9029253 0.0 0.0 0.0 0.0 0.0 0.0]
var_name = Last measurement in raw DN for Processor Board signal “1V POL Current”
var_name = current_1V_pol
Header info = 832
Transformed value for current_1V_pol = 751.2338496
Matching row  18
coeffs for Last measurement in raw DN for Processor Board signal “1.9V POL Current”= [0.0 0.9029253 0.0 0.0 0.0 0.0 0.0 0.0]
var_name = Last measurement in raw DN for Processor Board signal “1.9V POL Current”
var_name = current_1.9V_pol
Header info = 1277
Transformed value for current_1.9V_pol = 1153.0356081
Matching row  18
coeffs for Last measurement in raw DN for Processor Board signal “ProcBd Temp1”= [162.8276 -0.2668687 0.0003323794 -2.43153e-07 9.034532e-11 -1.327735e-14
 0.0 0.0]
var_name = Last measurement in raw DN for Processor Board signal “ProcBd Temp1”
var_name = temperature_1
Header info = 1250
Transformed value for temperature_1 = 53.72670668945321
Matching row  18
coeffs for nan= [-104713.9 52.02446 -0.006463374 0.0 0.0 0.0 0.0 0.0]
var_name = nan
var_name = None
KeyError: (15, None) - Could not find entry for None, 48. Please check the Var_notes or variable mapping.
Matching row  18
coeffs for Last measurement in raw DN for Processor Board signal “ProcBd Temp2”= [162.8276 -0.2668687 0.0003323794 -2.43153e-07 9.034532e-11 -1.327735e-14
 0.0 0.0]
var_name = Last measurement in raw DN for Processor Board signal “ProcBd Temp2”
var_name = temperature_2
Header info = 1624
Transformed value for temperature_2 = 43.030834589476854
Matching row  18
coeffs for Last measurement in raw DN for Processor Board signal “1V Voltage”= [0.0 0.000805861 0.0 0.0 0.0 0.0 0.0 0.0]
var_name = Last measurement in raw DN for Processor Board signal “1V Voltage”
var_name = voltage_1V_bus
Header info = 1242
Transformed value for voltage_1V_bus = 1.0008793619999998
Matching row  18
coeffs for Last measurement in raw DN for Processor Board signal “FPGA Temp”= [358.31 -0.1187104 0.0 0.0 0.0 0.0 0.0 0.0]
var_name = Last measurement in raw DN for Processor Board signal “FPGA Temp”
var_name = fpga_temperature
Header info = 2578
Transformed value for fpga_temperature = 52.274588800000004
Matching row  18
coeffs for Last measurement in raw DN for Processor Board signal “1.9V Voltage”= [0.0 0.000805861 0.0 0.0 0.0 0.0 0.0 0.0]
var_name = Last measurement in raw DN for Processor Board signal “1.9V Voltage”
var_name = voltage_1.9V_bus
Header info = 2328
Transformed value for voltage_1.9V_bus = 1.8760444079999998
Matching row  18
coeffs for Last measurement in raw DN for Processor Board signal “3.3V Voltage”= [0.0 0.001611722 0.0 0.0 0.0 0.0 0.0 0.0]
var_name = Last measurement in raw DN for Processor Board signal “3.3V Voltage”
var_name = voltage_3.3V_bus
Header info = 2040
Transformed value for voltage_3.3V_bus = 3.28791288
Matching row  18
coeffs for Last measurement in raw DN for HVPS Board signal “Detector Voltage”= [0.0 1.4652 0.0 0.0 0.0 0.0 0.0 0.0]
var_name = Last measurement in raw DN for HVPS Board signal “Detector Voltage”
var_name = detector_voltage
Header info = 1367
Transformed value for detector_voltage = 2002.9284
Matching row  18
coeffs for Last measurement in raw DN for HVPS Board signal “Sensor Voltage"= [0.0 1.4652 0.0 0.0 0.0 0.0 0.0 0.0]
var_name = Last measurement in raw DN for HVPS Board signal “Sensor Voltage"
var_name = sensor_voltage
Header info = 2012
Transformed value for sensor_voltage = 2947.9824000000003
Matching row  18
coeffs for Last measurement in raw DN for HVPS Board signal “Target Voltage”= [0.0 1.4652 0.0 0.0 0.0 0.0 0.0 0.0]
var_name = Last measurement in raw DN for HVPS Board signal “Target Voltage”
var_name = target_voltage
Header info = 1710
Transformed value for target_voltage = 2505.492
Matching row  18
coeffs for Last measurement in raw DN for HVPS Board signal “Reflectron Voltage”= [0.0 1.4652 0.0 0.0 0.0 0.0 0.0 0.0]
var_name = Last measurement in raw DN for HVPS Board signal “Reflectron Voltage”
var_name = reflectron_voltage
Header info = 135
Transformed value for reflectron_voltage = 197.80200000000002
Matching row  18
coeffs for Last measurement in raw DN for HVPS Board signal “Rejection Voltage”= [0.0 1.4652 0.0 0.0 0.0 0.0 0.0 0.0]
var_name = Last measurement in raw DN for HVPS Board signal “Rejection Voltage”
var_name = rejection_voltage
Header info = 2010
Transformed value for rejection_voltage = 2945.052
Matching row  18
coeffs for Last measurement in raw DN for HVPS Board signal “Detector Current”= [0.0 7.326e-06 0.0 0.0 0.0 0.0 0.0 0.0]
var_name = Last measurement in raw DN for HVPS Board signal “Detector Current”
var_name = current_hvps_sensor
Header info = 1949
Transformed value for current_hvps_sensor = 0.014278374
Matching row  18
coeffs for Last measurement in raw DN for HVPS Board signal “Sensor IP”= [0.0 2.4339e-05 0.0 0.0 0.0 0.0 0.0 0.0]
var_name = Last measurement in raw DN for HVPS Board signal “Sensor IP”
var_name = positive_current_hvps
Header info = 2703
Transformed value for positive_current_hvps = 0.065788317
Matching row  18
coeffs for Last measurement in raw DN for HVPS Board signal “Sensor IN”= [0.0 2.4339e-05 0.0 0.0 0.0 0.0 0.0 0.0]
var_name = Last measurement in raw DN for HVPS Board signal “Sensor IN”
var_name = negative_current_hvps
Header info = 305
Transformed value for negative_current_hvps = 0.007423394999999999
Matching row  18
coeffs for Last measurement in raw DN for LVPS Board signal “P3.3VREF_HK”= [0.0 0.00161172 0.0 0.0 0.0 0.0 0.0 0.0]
var_name = Last measurement in raw DN for LVPS Board signal “P3.3VREF_HK”
var_name = voltage_3V3_ref
Header info = 2048
Transformed value for voltage_3V3_ref = 3.30080256
Matching row  18
coeffs for Last measurement in raw DN for LVPS Board signal “P3.3VREF_OP”= [0.0 0.00161172 0.0 0.0 0.0 0.0 0.0 0.0]
var_name = Last measurement in raw DN for LVPS Board signal “P3.3VREF_OP”
var_name = voltage_3V3_op_ref
Header info = 2048
Transformed value for voltage_3V3_op_ref = 3.30080256
Matching row  18
coeffs for Last measurement in raw DN for LVPS Board signal “N6V”= [-33.0 0.00886447 0.0 0.0 0.0 0.0 0.0 0.0]
var_name = Last measurement in raw DN for LVPS Board signal “N6V”
var_name = voltage_neg6V_bus
Header info = 3001
Transformed value for voltage_neg6V_bus = -6.397725530000002
Matching row  18
coeffs for Last measurement in raw DN for LVPS Board signal “P6V”= [0.0 0.00241758 0.0 0.0 0.0 0.0 0.0 0.0]
var_name = Last measurement in raw DN for LVPS Board signal “P6V”
var_name = voltage_pos6V_bus
Header info = 2625
Transformed value for voltage_pos6V_bus = 6.3461475
Matching row  18
coeffs for Last measurement in raw DN for LVPS Board signal “P16V”= [0.0 0.00482711 0.0 0.0 0.0 0.0 0.0 0.0]
var_name = Last measurement in raw DN for LVPS Board signal “P16V”
var_name = voltage_pos16V_bus
Header info = 3179
Transformed value for voltage_pos16V_bus = 15.34538269
Matching row  18
coeffs for Last measurement in raw DN for LVPS Board signal “P3.3V”= [0.0 0.00161172 0.0 0.0 0.0 0.0 0.0 0.0]
var_name = Last measurement in raw DN for LVPS Board signal “P3.3V”
var_name = voltage_pos3V3_bus
Header info = 2056
Transformed value for voltage_pos3V3_bus = 3.31369632
Matching row  18
coeffs for Last measurement in raw DN for LVPS Board signal “N5V”= [-33.0 0.00886447 0.0 0.0 0.0 0.0 0.0 0.0]
var_name = Last measurement in raw DN for LVPS Board signal “N5V”
var_name = voltage_neg5V_bus
Header info = 3155
Transformed value for voltage_neg5V_bus = -5.032597150000001
Matching row  18
coeffs for Last measurement in raw DN for LVPS Board signal “P5V”= [0.0 0.00161172 0.0 0.0 0.0 0.0 0.0 0.0]
var_name = Last measurement in raw DN for LVPS Board signal “P5V”
var_name = voltage_pos5V_bus
Header info = 3143
Transformed value for voltage_pos5V_bus = 5.06563596
Matching row  18
coeffs for Last measurement in raw DN for LVPS Board signal “P3.3_IMON”= [0.0 0.00161172 0.0 0.0 0.0 0.0 0.0 0.0]
var_name = Last measurement in raw DN for LVPS Board signal “P3.3_IMON”
var_name = current_3V3_bus
Header info = 1678
Transformed value for current_3V3_bus = 2.70446616
Matching row  18
coeffs for Last measurement in raw DN for LVPS Board signal “P16V_IMON”= [0.0 0.000161172 0.0 0.0 0.0 0.0 0.0 0.0]
var_name = Last measurement in raw DN for LVPS Board signal “P16V_IMON”
var_name = current_16V_bus
Header info = 1136
Transformed value for current_16V_bus = 0.18309139200000002
Matching row  18
coeffs for Last measurement in raw DN for LVPS Board signal “P6V_IMON”= [0.0 8.05861e-05 0.0 0.0 0.0 0.0 0.0 0.0]
var_name = Last measurement in raw DN for LVPS Board signal “P6V_IMON”
var_name = current_6V_bus
Header info = 1483
Transformed value for current_6V_bus = 0.1195091863
Matching row  18
coeffs for Last measurement in raw DN for LVPS Board signal “N6V_IMON”= [0.0 -8.05861e-05 0.0 0.0 0.0 0.0 0.0 0.0]
var_name = Last measurement in raw DN for LVPS Board signal “N6V_IMON”
var_name = current_neg6V_bus
Header info = 1136
Transformed value for current_neg6V_bus = -0.0915458096
Matching row  18
coeffs for Last measurement in raw DN for LVPS Board signal “P5V_IMON”= [0.0 4.029304e-05 0.0 0.0 0.0 0.0 0.0 0.0]
var_name = Last measurement in raw DN for LVPS Board signal “P5V_IMON”
var_name = current_5V_bus
Header info = 1858
Transformed value for current_5V_bus = 0.07486446832
Matching row  18
coeffs for Last measurement in raw DN for LVPS Board signal “N5V_IMON”= [0.0 -2.01465e-05 0.0 0.0 0.0 0.0 0.0 0.0]
var_name = Last measurement in raw DN for LVPS Board signal “N5V_IMON”
var_name = current_neg5V_bus
Header info = 3276
Transformed value for current_neg5V_bus = -0.06599993400000001
Matching row  18
coeffs for Last measurement in raw DN for LVPS Board signal “P2.5V_IMON”= [0.0 0.00161172 0.0 0.0 0.0 0.0 0.0 0.0]
var_name = Last measurement in raw DN for LVPS Board signal “P2.5V_IMON”
var_name = current_2V5_bus
Header info = 453
Transformed value for current_2V5_bus = 0.73010916
Matching row  18
coeffs for Last measurement in raw DN for LVPS Board signal “N2.5V_IMON”= [0.0 -4.0293e-05 0.0 0.0 0.0 0.0 0.0 0.0]
var_name = Last measurement in raw DN for LVPS Board signal “N2.5V_IMON”
var_name = current_neg2V5_bus
Header info = 2943
Transformed value for current_neg2V5_bus = -0.118582299
Matching row  18
coeffs for Last measurement in raw DN for LVPS Board signal “THERM_DECON0”= [-110.293 0.0665351 0.000305738 -6.32048e-07 5.9934e-10 -2.98784e-13
 7.61361e-17 -7.76467e-21]
var_name = Last measurement in raw DN for LVPS Board signal “THERM_DECON0”
var_name = None
KeyError: (15, None) - Could not find entry for None, 38. Please check the Var_notes or variable mapping.
Matching row  18
coeffs for Last measurement in raw DN for LVPS Board signal “THERM_DECON1”= [-150.478 0.376986 -0.00062072 7.73853e-07 -5.81588e-10 2.56368e-13
 -6.05698e-17 5.96635e-21]
var_name = Last measurement in raw DN for LVPS Board signal “THERM_DECON1”
var_name = None
KeyError: (15, None) - Could not find entry for None, 39. Please check the Var_notes or variable mapping.
Matching row  18
coeffs for Last measurement in raw DN for LVPS Board signal “THERM_DAB”= [-443.248 1.31224 -0.00180422 1.40016e-06 -6.43766e-10 1.7448e-13
 -2.57695e-17 1.60239e-21]
var_name = Last measurement in raw DN for LVPS Board signal “THERM_DAB”
var_name = None
KeyError: (15, None) - Could not find entry for None, 40. Please check the Var_notes or variable mapping.
Matching row  18
coeffs for Last measurement in raw DN for LVPS Board signal “THERM_LVPS”= [200.4137 -0.2020699 0.000175403 -9.739547e-08 2.888932e-11 -3.545603e-15
 0.0 0.0]
var_name = Last measurement in raw DN for LVPS Board signal “THERM_LVPS”
var_name = None
KeyError: (15, None) - Could not find entry for None, 41. Please check the Var_notes or variable mapping.
Matching row  18
coeffs for Last measurement in raw DN for LVPS Board signal “THERM_HVPS”= [200.4137 -0.2020699 0.000175403 -9.739547e-08 2.888932e-11 -3.545603e-15
 0.0 0.0]
var_name = Last measurement in raw DN for LVPS Board signal “THERM_HVPS”
var_name = None
KeyError: (15, None) - Could not find entry for None, 45. Please check the Var_notes or variable mapping.
Matching row  18
coeffs for Last measurement in raw DN for LVPS Board signal “P2.5V”= [0.0 0.00161172 0.0 0.0 0.0 0.0 0.0 0.0]
var_name = Last measurement in raw DN for LVPS Board signal “P2.5V”
var_name = None
KeyError: (15, None) - Could not find entry for None, 49. Please check the Var_notes or variable mapping.
Matching row  18
coeffs for Last measurement in raw DN for LVPS Board signal “N2.5V”= [-33.0 0.00886447 0.0 0.0 0.0 0.0 0.0 0.0]
var_name = Last measurement in raw DN for LVPS Board signal “N2.5V”
var_name = None
KeyError: (15, None) - Could not find entry for None, 50. Please check the Var_notes or variable mapping.
Matching row  18
coeffs for Last measurement in raw DN for LVPS Board signal “Spare”= [0.0 0.00161172 0.0 0.0 0.0 0.0 0.0 0.0]
var_name = Last measurement in raw DN for LVPS Board signal “Spare”
var_name = spare_signal
KeyError: (15, 'spare_signal') - Could not find entry for spare_signal, 51. Please check the Var_notes or variable mapping.
High gain delay = 78 samples.
Mid gain delay = 47 samples.
Low gain delay = 47 samples.
High sampling trigger mode =  0 0 1
High gain trigger mode enabled.
For 2222981120, HG Trigger level = 0.15317, sample settings = 0, 0
Threshold trigger mode enabled for high gain channel.
AID = 2415277392
Event number = 74
Rice compression enabled = False
Timestamp = 439513237.48378 seconds since epoch (Midnight January 1st, 2010)
Trigger time = 2023-12-05T23:00:37.483780Z
15
15
15
15
15
15
15
15
15
15
15
15
15
{'SHCOARSE': ParsedDataItem(SHCOARSE, raw=439513552, derived=439513552, unit=dn), 'SHFINE': ParsedDataItem(SHFINE, raw=7660, derived=7660, unit=dn), 'IDX__SCI0AID': ParsedDataItem(IDX__SCI0AID, raw=2415277392, derived=2415277392, unit=None), 'IDX__SCI0TYPE': ParsedDataItem(IDX__SCI0TYPE, raw=1, derived=1, unit=None), 'IDX__SCI0CONT': ParsedDataItem(IDX__SCI0CONT, raw=127, derived=127, unit=None), 'IDX__SCI0SPARE1': ParsedDataItem(IDX__SCI0SPARE1, raw=0, derived=0, unit=None), 'IDX__SCI0PACK': ParsedDataItem(IDX__SCI0PACK, raw=1, derived=EN, unit=None), 'IDX__SCI0FRAG': ParsedDataItem(IDX__SCI0FRAG, raw=0, derived=DS, unit=None), 'IDX__SCI0COMP': ParsedDataItem(IDX__SCI0COMP, raw=0, derived=DS, unit=None), 'IDX__SCI0EVTNUM': ParsedDataItem(IDX__SCI0EVTNUM, raw=75, derived=75, unit=None), 'IDX__SCI0CAT': ParsedDataItem(IDX__SCI0CAT, raw=32, derived=32, unit=None), 'IDX__SCI0QUAL': ParsedDataItem(IDX__SCI0QUAL, raw=5, derived=5, unit=None), 'IDX__SCI0FRAGOFF': ParsedDataItem(IDX__SCI0FRAGOFF, raw=0, derived=0, unit=None), 'IDX__SCI0VER': ParsedDataItem(IDX__SCI0VER, raw=9, derived=9, unit=None), 'IDX__SCI0TIME32': ParsedDataItem(IDX__SCI0TIME32, raw=439513243, derived=439513243, unit=None), 'IDX__SCI0SPARE2': ParsedDataItem(IDX__SCI0SPARE2, raw=0, derived=0, unit=None), 'IDX__SCI0SPARE3': ParsedDataItem(IDX__SCI0SPARE3, raw=0, derived=0, unit=None), 'IDX__SCI0SPARE4': ParsedDataItem(IDX__SCI0SPARE4, raw=0, derived=0, unit=None), 'IDX__TXHDRSCIEVTLEN': ParsedDataItem(IDX__TXHDRSCIEVTLEN, raw=8320, derived=8320, unit=None), 'IDX__TXHDRSP00': ParsedDataItem(IDX__TXHDRSP00, raw=0, derived=0, unit=None), 'IDX__TXHDRTIMESEC1': ParsedDataItem(IDX__TXHDRTIMESEC1, raw=6706, derived=6706, unit=None), 'IDX__TXHDRTIMESEC2': ParsedDataItem(IDX__TXHDRTIMESEC2, raw=28827, derived=28827, unit=None), 'IDX__TXHDRTIMESUBS': ParsedDataItem(IDX__TXHDRTIMESUBS, raw=24171, derived=24171, unit=None), 'IDX__TXHDRSP01': ParsedDataItem(IDX__TXHDRSP01, raw=0, derived=0, unit=None), 'IDX__TXHDRTRIGOFFSET': ParsedDataItem(IDX__TXHDRTRIGOFFSET, raw=1, derived=1, unit=None), 'IDX__TXHDRSP02': ParsedDataItem(IDX__TXHDRSP02, raw=0, derived=0, unit=None), 'IDX__TXHDRTRIGID': ParsedDataItem(IDX__TXHDRTRIGID, raw=1, derived=1, unit=None), 'IDX__TXHDREVTNUM': ParsedDataItem(IDX__TXHDREVTNUM, raw=75, derived=75, unit=None), 'IDX__TXHDRBLOCKS': ParsedDataItem(IDX__TXHDRBLOCKS, raw=243679, derived=243679, unit=None), 'IDX__TXHDRHGTRIGCTRL1': ParsedDataItem(IDX__TXHDRHGTRIGCTRL1, raw=2222981120, derived=2222981120, unit=None), 'IDX__TXHDRHGTRIGCTRL2': ParsedDataItem(IDX__TXHDRHGTRIGCTRL2, raw=0, derived=0, unit=None), 'IDX__TXHDRLGTRIGCTRL1': ParsedDataItem(IDX__TXHDRLGTRIGCTRL1, raw=4294965248, derived=4294965248, unit=None), 'IDX__TXHDRLGTRIGCTRL2': ParsedDataItem(IDX__TXHDRLGTRIGCTRL2, raw=4278255360, derived=4278255360, unit=None), 'IDX__TXHDRMGTRIGCTRL1': ParsedDataItem(IDX__TXHDRMGTRIGCTRL1, raw=4294965248, derived=4294965248, unit=None), 'IDX__TXHDRMGTRIGCTRL2': ParsedDataItem(IDX__TXHDRMGTRIGCTRL2, raw=4278255360, derived=4278255360, unit=None), 'IDX__TXHDRSP03': ParsedDataItem(IDX__TXHDRSP03, raw=0, derived=0, unit=None), 'IDX__TXHDRLSADC': ParsedDataItem(IDX__TXHDRLSADC, raw=1048320, derived=1048320, unit=None), 'IDX__TXHDRPOLSTAT': ParsedDataItem(IDX__TXHDRPOLSTAT, raw=1, derived=NEG, unit=None), 'IDX__TXHDRSP04': ParsedDataItem(IDX__TXHDRSP04, raw=0, derived=0, unit=None), 'IDX__TXHDRPOLCTRL': ParsedDataItem(IDX__TXHDRPOLCTRL, raw=0, derived=POS, unit=None), 'IDX__TXHDRCOINENA': ParsedDataItem(IDX__TXHDRCOINENA, raw=0, derived=DIS, unit=None), 'IDX__TXHDRLSTRIGMODE': ParsedDataItem(IDX__TXHDRLSTRIGMODE, raw=0, derived=DIS, unit=None), 'IDX__TXHDRMGTRIGMODE': ParsedDataItem(IDX__TXHDRMGTRIGMODE, raw=0, derived=0, unit=None), 'IDX__TXHDRLGTRIGMODE': ParsedDataItem(IDX__TXHDRLGTRIGMODE, raw=0, derived=0, unit=None), 'IDX__TXHDRHGTRIGMODE': ParsedDataItem(IDX__TXHDRHGTRIGMODE, raw=1, derived=1, unit=None), 'IDX__TXHDRSP05': ParsedDataItem(IDX__TXHDRSP05, raw=0, derived=0, unit=None), 'IDX__TXHDRSP06': ParsedDataItem(IDX__TXHDRSP06, raw=0, derived=0, unit=None), 'IDX__TXHDRSP07': ParsedDataItem(IDX__TXHDRSP07, raw=2008, derived=2008, unit=None), 'IDX__TXHDRSP08': ParsedDataItem(IDX__TXHDRSP08, raw=0, derived=0, unit=None), 'IDX__TXHDRTOFMAX': ParsedDataItem(IDX__TXHDRTOFMAX, raw=542644853, derived=542644853, unit=None), 'IDX__TXHDRTOFMIN': ParsedDataItem(IDX__TXHDRTOFMIN, raw=535295476, derived=535295476, unit=None), 'IDX__TXHDRLS0MAXMIN': ParsedDataItem(IDX__TXHDRLS0MAXMIN, raw=8468493, derived=8468493, unit=None), 'IDX__TXHDRLS1MAXMIN': ParsedDataItem(IDX__TXHDRLS1MAXMIN, raw=8521704, derived=8521704, unit=None), 'IDX__TXHDRLS2MAXMIN': ParsedDataItem(IDX__TXHDRLS2MAXMIN, raw=9934808, derived=9934808, unit=None), 'IDX__TXHDRFIFODELAY': ParsedDataItem(IDX__TXHDRFIFODELAY, raw=18, derived=18, unit=None), 'IDX__TXHDRSAMPDELAY': ParsedDataItem(IDX__TXHDRSAMPDELAY, raw=7347243, derived=7347243, unit=None), 'IDX__TXHDRTRANSCNT': ParsedDataItem(IDX__TXHDRTRANSCNT, raw=2, derived=2, unit=None), 'IDX__TXHDRPROCHKCH01': ParsedDataItem(IDX__TXHDRPROCHKCH01, raw=83755841, derived=83755841, unit=None), 'IDX__TXHDRPROCHKCH23': ParsedDataItem(IDX__TXHDRPROCHKCH23, raw=106431714, derived=106431714, unit=None), 'IDX__TXHDRPROCHKCH45': ParsedDataItem(IDX__TXHDRPROCHKCH45, raw=168953050, derived=168953050, unit=None), 'IDX__TXHDRPROCHKCH67': ParsedDataItem(IDX__TXHDRPROCHKCH67, raw=133695768, derived=133695768, unit=None), 'IDX__TXHDRHVPSHKCH01': ParsedDataItem(IDX__TXHDRHVPSHKCH01, raw=131859799, derived=131859799, unit=None), 'IDX__TXHDRHVPSHKCH23': ParsedDataItem(IDX__TXHDRHVPSHKCH23, raw=8849070, derived=8849070, unit=None), 'IDX__TXHDRHVPSHKCH45': ParsedDataItem(IDX__TXHDRHVPSHKCH45, raw=127797210, derived=127797210, unit=None), 'IDX__TXHDRHVPSHKCH67': ParsedDataItem(IDX__TXHDRHVPSHKCH67, raw=19991183, derived=19991183, unit=None), 'IDX__TXHDRLVHK0CH01': ParsedDataItem(IDX__TXHDRLVHK0CH01, raw=134219776, derived=134219776, unit=None), 'IDX__TXHDRLVHK0CH23': ParsedDataItem(IDX__TXHDRLVHK0CH23, raw=172035001, derived=172035001, unit=None), 'IDX__TXHDRLVHK0CH45': ParsedDataItem(IDX__TXHDRLVHK0CH45, raw=134745196, derived=134745196, unit=None), 'IDX__TXHDRLVHK0CH67': ParsedDataItem(IDX__TXHDRLVHK0CH67, raw=205982803, derived=205982803, unit=None), 'IDX__TXHDRLVHK1CH01': ParsedDataItem(IDX__TXHDRLVHK1CH01, raw=33621646, derived=33621646, unit=None), 'IDX__TXHDRLVHK1CH23': ParsedDataItem(IDX__TXHDRLVHK1CH23, raw=74450379, derived=74450379, unit=None), 'IDX__TXHDRLVHK1CH45': ParsedDataItem(IDX__TXHDRLVHK1CH45, raw=214697794, derived=214697794, unit=None), 'IDX__TXHDRLVHK1CH67': ParsedDataItem(IDX__TXHDRLVHK1CH67, raw=192872901, derived=192872901, unit=None), 'IDX__TXHDRLVHK2CH01': ParsedDataItem(IDX__TXHDRLVHK2CH01, raw=81659105, derived=81659105, unit=None), 'IDX__TXHDRLVHK2CH23': ParsedDataItem(IDX__TXHDRLVHK2CH23, raw=192154335, derived=192154335, unit=None), 'IDX__TXHDRLVHK2CH45': ParsedDataItem(IDX__TXHDRLVHK2CH45, raw=101059654, derived=101059654, unit=None), 'IDX__TXHDRLVHK2CH67': ParsedDataItem(IDX__TXHDRLVHK2CH67, raw=3480, derived=3480, unit=None), 'IDX__TXHDRSP09': ParsedDataItem(IDX__TXHDRSP09, raw=0, derived=0, unit=None), 'IDX__TXHDRSP10': ParsedDataItem(IDX__TXHDRSP10, raw=0, derived=0, unit=None), 'IDX__TXHDRFSWAIDCOPY': ParsedDataItem(IDX__TXHDRFSWAIDCOPY, raw=2415277392, derived=2415277392, unit=None), 'IDX__TXHDRFSWBINCOPY': ParsedDataItem(IDX__TXHDRFSWBINCOPY, raw=0, derived=0, unit=None), 'IDX__TXHDRFSWMAJOR': ParsedDataItem(IDX__TXHDRFSWMAJOR, raw=2, derived=2, unit=None), 'IDX__TXHDRFSWMINOR': ParsedDataItem(IDX__TXHDRFSWMINOR, raw=0, derived=0, unit=None), 'IDX__TXHDRFSWPATCH': ParsedDataItem(IDX__TXHDRFSWPATCH, raw=0, derived=0, unit=None), 'IDX__TXHDRFSWHVSTAT': ParsedDataItem(IDX__TXHDRFSWHVSTAT, raw=3, derived=3, unit=None), 'IDX__TXHDRFSWMEM0': ParsedDataItem(IDX__TXHDRFSWMEM0, raw=0, derived=0, unit=None), 'IDX__TXHDRFSWMEM1': ParsedDataItem(IDX__TXHDRFSWMEM1, raw=0, derived=0, unit=None), 'IDX__TXHDRFSWPT0': ParsedDataItem(IDX__TXHDRFSWPT0, raw=0, derived=0, unit=None), 'IDX__TXHDRFSWPT1': ParsedDataItem(IDX__TXHDRFSWPT1, raw=0, derived=0, unit=None), 'IDX__TXHDRFSWPT2': ParsedDataItem(IDX__TXHDRFSWPT2, raw=0, derived=0, unit=None), 'IDX__TXHDRFSWPT3': ParsedDataItem(IDX__TXHDRFSWPT3, raw=0, derived=0, unit=None), 'IDX__TXHDRFSWPT4': ParsedDataItem(IDX__TXHDRFSWPT4, raw=0, derived=0, unit=None), 'IDX__TXHDRFSWPT5': ParsedDataItem(IDX__TXHDRFSWPT5, raw=0, derived=0, unit=None), 'IDX__TXHDRFSWPT6': ParsedDataItem(IDX__TXHDRFSWPT6, raw=0, derived=0, unit=None), 'IDX__TXHDRFSWPT7': ParsedDataItem(IDX__TXHDRFSWPT7, raw=0, derived=0, unit=None), 'IDX__TXHDRFSWPT8': ParsedDataItem(IDX__TXHDRFSWPT8, raw=0, derived=0, unit=None), 'IDX__TXHDRFSWPT9': ParsedDataItem(IDX__TXHDRFSWPT9, raw=0, derived=0, unit=None), 'IDX__TXHDRFPGAVER': ParsedDataItem(IDX__TXHDRFPGAVER, raw=539165480, derived=539165480, unit=None), 'IDX__SYNCSCI0PKT': ParsedDataItem(IDX__SYNCSCI0PKT, raw=13107, derived=13107, unit=None), 'IDX__CRCSCI0PKT': ParsedDataItem(IDX__CRCSCI0PKT, raw=64344, derived=64344, unit=None)}
SHCOARSE = 439513552
SHFINE = 7660
IDX__SCI0AID = 2415277392
IDX__SCI0TYPE = 1
IDX__SCI0CONT = 127
IDX__SCI0SPARE1 = 0
IDX__SCI0PACK = EN
IDX__SCI0FRAG = DS
IDX__SCI0COMP = DS
IDX__SCI0EVTNUM = 75
IDX__SCI0CAT = 32
IDX__SCI0QUAL = 5
IDX__SCI0FRAGOFF = 0
IDX__SCI0VER = 9
IDX__SCI0TIME32 = 439513243
IDX__SCI0SPARE2 = 0
IDX__SCI0SPARE3 = 0
IDX__SCI0SPARE4 = 0
IDX__TXHDRSCIEVTLEN = 8320
IDX__TXHDRSP00 = 0
IDX__TXHDRTIMESEC1 = 6706
IDX__TXHDRTIMESEC2 = 28827
IDX__TXHDRTIMESUBS = 24171
IDX__TXHDRSP01 = 0
IDX__TXHDRTRIGOFFSET = 1
IDX__TXHDRSP02 = 0
IDX__TXHDRTRIGID = 1
IDX__TXHDREVTNUM = 75
IDX__TXHDRBLOCKS = 243679
IDX__TXHDRHGTRIGCTRL1 = 2222981120
IDX__TXHDRHGTRIGCTRL2 = 0
IDX__TXHDRLGTRIGCTRL1 = 4294965248
IDX__TXHDRLGTRIGCTRL2 = 4278255360
IDX__TXHDRMGTRIGCTRL1 = 4294965248
IDX__TXHDRMGTRIGCTRL2 = 4278255360
IDX__TXHDRSP03 = 0
IDX__TXHDRLSADC = 1048320
IDX__TXHDRPOLSTAT = NEG
IDX__TXHDRSP04 = 0
IDX__TXHDRPOLCTRL = POS
IDX__TXHDRCOINENA = DIS
IDX__TXHDRLSTRIGMODE = DIS
IDX__TXHDRMGTRIGMODE = 0
IDX__TXHDRLGTRIGMODE = 0
IDX__TXHDRHGTRIGMODE = 1
IDX__TXHDRSP05 = 0
IDX__TXHDRSP06 = 0
IDX__TXHDRSP07 = 2008
IDX__TXHDRSP08 = 0
IDX__TXHDRTOFMAX = 542644853
IDX__TXHDRTOFMIN = 535295476
IDX__TXHDRLS0MAXMIN = 8468493
IDX__TXHDRLS1MAXMIN = 8521704
IDX__TXHDRLS2MAXMIN = 9934808
IDX__TXHDRFIFODELAY = 18
IDX__TXHDRSAMPDELAY = 7347243
IDX__TXHDRTRANSCNT = 2
IDX__TXHDRPROCHKCH01 = 83755841
IDX__TXHDRPROCHKCH23 = 106431714
IDX__TXHDRPROCHKCH45 = 168953050
IDX__TXHDRPROCHKCH67 = 133695768
IDX__TXHDRHVPSHKCH01 = 131859799
IDX__TXHDRHVPSHKCH23 = 8849070
IDX__TXHDRHVPSHKCH45 = 127797210
IDX__TXHDRHVPSHKCH67 = 19991183
IDX__TXHDRLVHK0CH01 = 134219776
IDX__TXHDRLVHK0CH23 = 172035001
IDX__TXHDRLVHK0CH45 = 134745196
IDX__TXHDRLVHK0CH67 = 205982803
IDX__TXHDRLVHK1CH01 = 33621646
IDX__TXHDRLVHK1CH23 = 74450379
IDX__TXHDRLVHK1CH45 = 214697794
IDX__TXHDRLVHK1CH67 = 192872901
IDX__TXHDRLVHK2CH01 = 81659105
IDX__TXHDRLVHK2CH23 = 192154335
IDX__TXHDRLVHK2CH45 = 101059654
IDX__TXHDRLVHK2CH67 = 3480
IDX__TXHDRSP09 = 0
IDX__TXHDRSP10 = 0
IDX__TXHDRFSWAIDCOPY = 2415277392
IDX__TXHDRFSWBINCOPY = 0
IDX__TXHDRFSWMAJOR = 2
IDX__TXHDRFSWMINOR = 0
IDX__TXHDRFSWPATCH = 0
IDX__TXHDRFSWHVSTAT = 3
IDX__TXHDRFSWMEM0 = 0
IDX__TXHDRFSWMEM1 = 0
IDX__TXHDRFSWPT0 = 0
IDX__TXHDRFSWPT1 = 0
IDX__TXHDRFSWPT2 = 0
IDX__TXHDRFSWPT3 = 0
IDX__TXHDRFSWPT4 = 0
IDX__TXHDRFSWPT5 = 0
IDX__TXHDRFSWPT6 = 0
IDX__TXHDRFSWPT7 = 0
IDX__TXHDRFSWPT8 = 0
IDX__TXHDRFSWPT9 = 0
IDX__TXHDRFPGAVER = 539165480
IDX__SYNCSCI0PKT = 13107
IDX__CRCSCI0PKT = 64344
^*****Event header 16******^
EVTNUM: 16
SCI0TYPE: 1
TXHDRBLOCKS RAW: 243679
TXHDRBLOCKS DERIVED: 243679
-----
HS pre trig sampling blocks:  31
LS pre trig sampling blocks:  3
HS post trig sampling blocks:  31
LS post trig sampling blocks:  11
IDX__TXHDRHVPSHKCH01 = 131859799
Detector voltage =  1367
Sensor voltage =  2012
Target voltage =  1710
Reflectron voltage =  135
Rejection voltage =  2010
Current for HVPS sensor =  1950
Positive current for HVPS sensor =  2703
Negative current for HVPS sensor =  305
Voltage +3.3V reference =  2048
Voltage +3.3V operational reference =  2048
Voltage -6V bus =  3001
Voltage +6V bus =  2625
Voltage +16V bus =  3180
Voltage +3.3V bus =  2056
Voltage -5V bus =  3155
Voltage +5V bus =  3143
Current +3.3V bus =  1678
Current +16V bus =  1136
Current +6V bus =  1483
Current -6V bus =  1136
Current +5V bus =  1858
Current -5V bus =  3276
Current +2.5V bus =  453
Current -2.5V bus =  2943
Current on the 1V POL =  833
Current on the 1.9V POL =  1278
ProcBd Temperature 1 =  1250
ProcBd Temperature 2 =  1624
Voltage on 1V bus =  1242
FPGA Temperature =  2578
Voltage on 1.9V bus =  2328
Voltage on 3.3V bus =  2040
var_to_row = {'Last measurement in raw DN for Processor Board signal “1V POL Current”': 0, 'Last measurement in raw DN for Processor Board signal “1.9V POL Current”': 1, 'Last measurement in raw DN for Processor Board signal “ProcBd Temp1”': 2, nan: 48, 'Last measurement in raw DN for Processor Board signal “ProcBd Temp2”': 6, 'Last measurement in raw DN for Processor Board signal “1V Voltage”': 10, 'Last measurement in raw DN for Processor Board signal “FPGA Temp”': 11, 'Last measurement in raw DN for Processor Board signal “1.9V Voltage”': 12, 'Last measurement in raw DN for Processor Board signal “3.3V Voltage”': 13, 'Last measurement in raw DN for HVPS Board signal “Detector Voltage”': 14, 'Last measurement in raw DN for HVPS Board signal “Sensor Voltage"': 15, 'Last measurement in raw DN for HVPS Board signal “Target Voltage”': 16, 'Last measurement in raw DN for HVPS Board signal “Reflectron Voltage”': 17, 'Last measurement in raw DN for HVPS Board signal “Rejection Voltage”': 18, 'Last measurement in raw DN for HVPS Board signal “Detector Current”': 19, 'Last measurement in raw DN for HVPS Board signal “Sensor IP”': 20, 'Last measurement in raw DN for HVPS Board signal “Sensor IN”': 21, 'Last measurement in raw DN for LVPS Board signal “P3.3VREF_HK”': 22, 'Last measurement in raw DN for LVPS Board signal “P3.3VREF_OP”': 23, 'Last measurement in raw DN for LVPS Board signal “N6V”': 24, 'Last measurement in raw DN for LVPS Board signal “P6V”': 25, 'Last measurement in raw DN for LVPS Board signal “P16V”': 26, 'Last measurement in raw DN for LVPS Board signal “P3.3V”': 27, 'Last measurement in raw DN for LVPS Board signal “N5V”': 28, 'Last measurement in raw DN for LVPS Board signal “P5V”': 29, 'Last measurement in raw DN for LVPS Board signal “P3.3_IMON”': 30, 'Last measurement in raw DN for LVPS Board signal “P16V_IMON”': 31, 'Last measurement in raw DN for LVPS Board signal “P6V_IMON”': 32, 'Last measurement in raw DN for LVPS Board signal “N6V_IMON”': 33, 'Last measurement in raw DN for LVPS Board signal “P5V_IMON”': 34, 'Last measurement in raw DN for LVPS Board signal “N5V_IMON”': 35, 'Last measurement in raw DN for LVPS Board signal “P2.5V_IMON”': 36, 'Last measurement in raw DN for LVPS Board signal “N2.5V_IMON”': 37, 'Last measurement in raw DN for LVPS Board signal “THERM_DECON0”': 38, 'Last measurement in raw DN for LVPS Board signal “THERM_DECON1”': 39, 'Last measurement in raw DN for LVPS Board signal “THERM_DAB”': 40, 'Last measurement in raw DN for LVPS Board signal “THERM_LVPS”': 41, 'Last measurement in raw DN for LVPS Board signal “THERM_HVPS”': 45, 'Last measurement in raw DN for LVPS Board signal “P2.5V”': 49, 'Last measurement in raw DN for LVPS Board signal “N2.5V”': 50, 'Last measurement in raw DN for LVPS Board signal “Spare”': 51}

 
 ***** var_name being converted for each instrument setting ***** 
 

Matching row  18
coeffs for Last measurement in raw DN for Processor Board signal “1V POL Current”= [0.0 0.9029253 0.0 0.0 0.0 0.0 0.0 0.0]
var_name = Last measurement in raw DN for Processor Board signal “1V POL Current”
var_name = current_1V_pol
Header info = 833
Transformed value for current_1V_pol = 752.1367749000001
Matching row  18
coeffs for Last measurement in raw DN for Processor Board signal “1.9V POL Current”= [0.0 0.9029253 0.0 0.0 0.0 0.0 0.0 0.0]
var_name = Last measurement in raw DN for Processor Board signal “1.9V POL Current”
var_name = current_1.9V_pol
Header info = 1278
Transformed value for current_1.9V_pol = 1153.9385334
Matching row  18
coeffs for Last measurement in raw DN for Processor Board signal “ProcBd Temp1”= [162.8276 -0.2668687 0.0003323794 -2.43153e-07 9.034532e-11 -1.327735e-14
 0.0 0.0]
var_name = Last measurement in raw DN for Processor Board signal “ProcBd Temp1”
var_name = temperature_1
Header info = 1250
Transformed value for temperature_1 = 53.72670668945321
Matching row  18
coeffs for nan= [-104713.9 52.02446 -0.006463374 0.0 0.0 0.0 0.0 0.0]
var_name = nan
var_name = None
KeyError: (16, None) - Could not find entry for None, 48. Please check the Var_notes or variable mapping.
Matching row  18
coeffs for Last measurement in raw DN for Processor Board signal “ProcBd Temp2”= [162.8276 -0.2668687 0.0003323794 -2.43153e-07 9.034532e-11 -1.327735e-14
 0.0 0.0]
var_name = Last measurement in raw DN for Processor Board signal “ProcBd Temp2”
var_name = temperature_2
Header info = 1624
Transformed value for temperature_2 = 43.030834589476854
Matching row  18
coeffs for Last measurement in raw DN for Processor Board signal “1V Voltage”= [0.0 0.000805861 0.0 0.0 0.0 0.0 0.0 0.0]
var_name = Last measurement in raw DN for Processor Board signal “1V Voltage”
var_name = voltage_1V_bus
Header info = 1242
Transformed value for voltage_1V_bus = 1.0008793619999998
Matching row  18
coeffs for Last measurement in raw DN for Processor Board signal “FPGA Temp”= [358.31 -0.1187104 0.0 0.0 0.0 0.0 0.0 0.0]
var_name = Last measurement in raw DN for Processor Board signal “FPGA Temp”
var_name = fpga_temperature
Header info = 2578
Transformed value for fpga_temperature = 52.274588800000004
Matching row  18
coeffs for Last measurement in raw DN for Processor Board signal “1.9V Voltage”= [0.0 0.000805861 0.0 0.0 0.0 0.0 0.0 0.0]
var_name = Last measurement in raw DN for Processor Board signal “1.9V Voltage”
var_name = voltage_1.9V_bus
Header info = 2328
Transformed value for voltage_1.9V_bus = 1.8760444079999998
Matching row  18
coeffs for Last measurement in raw DN for Processor Board signal “3.3V Voltage”= [0.0 0.001611722 0.0 0.0 0.0 0.0 0.0 0.0]
var_name = Last measurement in raw DN for Processor Board signal “3.3V Voltage”
var_name = voltage_3.3V_bus
Header info = 2040
Transformed value for voltage_3.3V_bus = 3.28791288
Matching row  18
coeffs for Last measurement in raw DN for HVPS Board signal “Detector Voltage”= [0.0 1.4652 0.0 0.0 0.0 0.0 0.0 0.0]
var_name = Last measurement in raw DN for HVPS Board signal “Detector Voltage”
var_name = detector_voltage
Header info = 1367
Transformed value for detector_voltage = 2002.9284
Matching row  18
coeffs for Last measurement in raw DN for HVPS Board signal “Sensor Voltage"= [0.0 1.4652 0.0 0.0 0.0 0.0 0.0 0.0]
var_name = Last measurement in raw DN for HVPS Board signal “Sensor Voltage"
var_name = sensor_voltage
Header info = 2012
Transformed value for sensor_voltage = 2947.9824000000003
Matching row  18
coeffs for Last measurement in raw DN for HVPS Board signal “Target Voltage”= [0.0 1.4652 0.0 0.0 0.0 0.0 0.0 0.0]
var_name = Last measurement in raw DN for HVPS Board signal “Target Voltage”
var_name = target_voltage
Header info = 1710
Transformed value for target_voltage = 2505.492
Matching row  18
coeffs for Last measurement in raw DN for HVPS Board signal “Reflectron Voltage”= [0.0 1.4652 0.0 0.0 0.0 0.0 0.0 0.0]
var_name = Last measurement in raw DN for HVPS Board signal “Reflectron Voltage”
var_name = reflectron_voltage
Header info = 135
Transformed value for reflectron_voltage = 197.80200000000002
Matching row  18
coeffs for Last measurement in raw DN for HVPS Board signal “Rejection Voltage”= [0.0 1.4652 0.0 0.0 0.0 0.0 0.0 0.0]
var_name = Last measurement in raw DN for HVPS Board signal “Rejection Voltage”
var_name = rejection_voltage
Header info = 2010
Transformed value for rejection_voltage = 2945.052
Matching row  18
coeffs for Last measurement in raw DN for HVPS Board signal “Detector Current”= [0.0 7.326e-06 0.0 0.0 0.0 0.0 0.0 0.0]
var_name = Last measurement in raw DN for HVPS Board signal “Detector Current”
var_name = current_hvps_sensor
Header info = 1950
Transformed value for current_hvps_sensor = 0.0142857
Matching row  18
coeffs for Last measurement in raw DN for HVPS Board signal “Sensor IP”= [0.0 2.4339e-05 0.0 0.0 0.0 0.0 0.0 0.0]
var_name = Last measurement in raw DN for HVPS Board signal “Sensor IP”
var_name = positive_current_hvps
Header info = 2703
Transformed value for positive_current_hvps = 0.065788317
Matching row  18
coeffs for Last measurement in raw DN for HVPS Board signal “Sensor IN”= [0.0 2.4339e-05 0.0 0.0 0.0 0.0 0.0 0.0]
var_name = Last measurement in raw DN for HVPS Board signal “Sensor IN”
var_name = negative_current_hvps
Header info = 305
Transformed value for negative_current_hvps = 0.007423394999999999
Matching row  18
coeffs for Last measurement in raw DN for LVPS Board signal “P3.3VREF_HK”= [0.0 0.00161172 0.0 0.0 0.0 0.0 0.0 0.0]
var_name = Last measurement in raw DN for LVPS Board signal “P3.3VREF_HK”
var_name = voltage_3V3_ref
Header info = 2048
Transformed value for voltage_3V3_ref = 3.30080256
Matching row  18
coeffs for Last measurement in raw DN for LVPS Board signal “P3.3VREF_OP”= [0.0 0.00161172 0.0 0.0 0.0 0.0 0.0 0.0]
var_name = Last measurement in raw DN for LVPS Board signal “P3.3VREF_OP”
var_name = voltage_3V3_op_ref
Header info = 2048
Transformed value for voltage_3V3_op_ref = 3.30080256
Matching row  18
coeffs for Last measurement in raw DN for LVPS Board signal “N6V”= [-33.0 0.00886447 0.0 0.0 0.0 0.0 0.0 0.0]
var_name = Last measurement in raw DN for LVPS Board signal “N6V”
var_name = voltage_neg6V_bus
Header info = 3001
Transformed value for voltage_neg6V_bus = -6.397725530000002
Matching row  18
coeffs for Last measurement in raw DN for LVPS Board signal “P6V”= [0.0 0.00241758 0.0 0.0 0.0 0.0 0.0 0.0]
var_name = Last measurement in raw DN for LVPS Board signal “P6V”
var_name = voltage_pos6V_bus
Header info = 2625
Transformed value for voltage_pos6V_bus = 6.3461475
Matching row  18
coeffs for Last measurement in raw DN for LVPS Board signal “P16V”= [0.0 0.00482711 0.0 0.0 0.0 0.0 0.0 0.0]
var_name = Last measurement in raw DN for LVPS Board signal “P16V”
var_name = voltage_pos16V_bus
Header info = 3180
Transformed value for voltage_pos16V_bus = 15.3502098
Matching row  18
coeffs for Last measurement in raw DN for LVPS Board signal “P3.3V”= [0.0 0.00161172 0.0 0.0 0.0 0.0 0.0 0.0]
var_name = Last measurement in raw DN for LVPS Board signal “P3.3V”
var_name = voltage_pos3V3_bus
Header info = 2056
Transformed value for voltage_pos3V3_bus = 3.31369632
Matching row  18
coeffs for Last measurement in raw DN for LVPS Board signal “N5V”= [-33.0 0.00886447 0.0 0.0 0.0 0.0 0.0 0.0]
var_name = Last measurement in raw DN for LVPS Board signal “N5V”
var_name = voltage_neg5V_bus
Header info = 3155
Transformed value for voltage_neg5V_bus = -5.032597150000001
Matching row  18
coeffs for Last measurement in raw DN for LVPS Board signal “P5V”= [0.0 0.00161172 0.0 0.0 0.0 0.0 0.0 0.0]
var_name = Last measurement in raw DN for LVPS Board signal “P5V”
var_name = voltage_pos5V_bus
Header info = 3143
Transformed value for voltage_pos5V_bus = 5.06563596
Matching row  18
coeffs for Last measurement in raw DN for LVPS Board signal “P3.3_IMON”= [0.0 0.00161172 0.0 0.0 0.0 0.0 0.0 0.0]
var_name = Last measurement in raw DN for LVPS Board signal “P3.3_IMON”
var_name = current_3V3_bus
Header info = 1678
Transformed value for current_3V3_bus = 2.70446616
Matching row  18
coeffs for Last measurement in raw DN for LVPS Board signal “P16V_IMON”= [0.0 0.000161172 0.0 0.0 0.0 0.0 0.0 0.0]
var_name = Last measurement in raw DN for LVPS Board signal “P16V_IMON”
var_name = current_16V_bus
Header info = 1136
Transformed value for current_16V_bus = 0.18309139200000002
Matching row  18
coeffs for Last measurement in raw DN for LVPS Board signal “P6V_IMON”= [0.0 8.05861e-05 0.0 0.0 0.0 0.0 0.0 0.0]
var_name = Last measurement in raw DN for LVPS Board signal “P6V_IMON”
var_name = current_6V_bus
Header info = 1483
Transformed value for current_6V_bus = 0.1195091863
Matching row  18
coeffs for Last measurement in raw DN for LVPS Board signal “N6V_IMON”= [0.0 -8.05861e-05 0.0 0.0 0.0 0.0 0.0 0.0]
var_name = Last measurement in raw DN for LVPS Board signal “N6V_IMON”
var_name = current_neg6V_bus
Header info = 1136
Transformed value for current_neg6V_bus = -0.0915458096
Matching row  18
coeffs for Last measurement in raw DN for LVPS Board signal “P5V_IMON”= [0.0 4.029304e-05 0.0 0.0 0.0 0.0 0.0 0.0]
var_name = Last measurement in raw DN for LVPS Board signal “P5V_IMON”
var_name = current_5V_bus
Header info = 1858
Transformed value for current_5V_bus = 0.07486446832
Matching row  18
coeffs for Last measurement in raw DN for LVPS Board signal “N5V_IMON”= [0.0 -2.01465e-05 0.0 0.0 0.0 0.0 0.0 0.0]
var_name = Last measurement in raw DN for LVPS Board signal “N5V_IMON”
var_name = current_neg5V_bus
Header info = 3276
Transformed value for current_neg5V_bus = -0.06599993400000001
Matching row  18
coeffs for Last measurement in raw DN for LVPS Board signal “P2.5V_IMON”= [0.0 0.00161172 0.0 0.0 0.0 0.0 0.0 0.0]
var_name = Last measurement in raw DN for LVPS Board signal “P2.5V_IMON”
var_name = current_2V5_bus
Header info = 453
Transformed value for current_2V5_bus = 0.73010916
Matching row  18
coeffs for Last measurement in raw DN for LVPS Board signal “N2.5V_IMON”= [0.0 -4.0293e-05 0.0 0.0 0.0 0.0 0.0 0.0]
var_name = Last measurement in raw DN for LVPS Board signal “N2.5V_IMON”
var_name = current_neg2V5_bus
Header info = 2943
Transformed value for current_neg2V5_bus = -0.118582299
Matching row  18
coeffs for Last measurement in raw DN for LVPS Board signal “THERM_DECON0”= [-110.293 0.0665351 0.000305738 -6.32048e-07 5.9934e-10 -2.98784e-13
 7.61361e-17 -7.76467e-21]
var_name = Last measurement in raw DN for LVPS Board signal “THERM_DECON0”
var_name = None
KeyError: (16, None) - Could not find entry for None, 38. Please check the Var_notes or variable mapping.
Matching row  18
coeffs for Last measurement in raw DN for LVPS Board signal “THERM_DECON1”= [-150.478 0.376986 -0.00062072 7.73853e-07 -5.81588e-10 2.56368e-13
 -6.05698e-17 5.96635e-21]
var_name = Last measurement in raw DN for LVPS Board signal “THERM_DECON1”
var_name = None
KeyError: (16, None) - Could not find entry for None, 39. Please check the Var_notes or variable mapping.
Matching row  18
coeffs for Last measurement in raw DN for LVPS Board signal “THERM_DAB”= [-443.248 1.31224 -0.00180422 1.40016e-06 -6.43766e-10 1.7448e-13
 -2.57695e-17 1.60239e-21]
var_name = Last measurement in raw DN for LVPS Board signal “THERM_DAB”
var_name = None
KeyError: (16, None) - Could not find entry for None, 40. Please check the Var_notes or variable mapping.
Matching row  18
coeffs for Last measurement in raw DN for LVPS Board signal “THERM_LVPS”= [200.4137 -0.2020699 0.000175403 -9.739547e-08 2.888932e-11 -3.545603e-15
 0.0 0.0]
var_name = Last measurement in raw DN for LVPS Board signal “THERM_LVPS”
var_name = None
KeyError: (16, None) - Could not find entry for None, 41. Please check the Var_notes or variable mapping.
Matching row  18
coeffs for Last measurement in raw DN for LVPS Board signal “THERM_HVPS”= [200.4137 -0.2020699 0.000175403 -9.739547e-08 2.888932e-11 -3.545603e-15
 0.0 0.0]
var_name = Last measurement in raw DN for LVPS Board signal “THERM_HVPS”
var_name = None
KeyError: (16, None) - Could not find entry for None, 45. Please check the Var_notes or variable mapping.
Matching row  18
coeffs for Last measurement in raw DN for LVPS Board signal “P2.5V”= [0.0 0.00161172 0.0 0.0 0.0 0.0 0.0 0.0]
var_name = Last measurement in raw DN for LVPS Board signal “P2.5V”
var_name = None
KeyError: (16, None) - Could not find entry for None, 49. Please check the Var_notes or variable mapping.
Matching row  18
coeffs for Last measurement in raw DN for LVPS Board signal “N2.5V”= [-33.0 0.00886447 0.0 0.0 0.0 0.0 0.0 0.0]
var_name = Last measurement in raw DN for LVPS Board signal “N2.5V”
var_name = None
KeyError: (16, None) - Could not find entry for None, 50. Please check the Var_notes or variable mapping.
Matching row  18
coeffs for Last measurement in raw DN for LVPS Board signal “Spare”= [0.0 0.00161172 0.0 0.0 0.0 0.0 0.0 0.0]
var_name = Last measurement in raw DN for LVPS Board signal “Spare”
var_name = spare_signal
KeyError: (16, 'spare_signal') - Could not find entry for spare_signal, 51. Please check the Var_notes or variable mapping.
High gain delay = 43 samples.
Mid gain delay = 7 samples.
Low gain delay = 7 samples.
High sampling trigger mode =  0 0 1
High gain trigger mode enabled.
For 2222981120, HG Trigger level = 0.15317, sample settings = 0, 0
Threshold trigger mode enabled for high gain channel.
AID = 2415277392
Event number = 75
Rice compression enabled = False
Timestamp = 439513243.48342 seconds since epoch (Midnight January 1st, 2010)
Trigger time = 2023-12-05T23:00:43.483420Z
16
16
16
16
16
16
16
16
16
16
16
16
16
{'SHCOARSE': ParsedDataItem(SHCOARSE, raw=439513566, derived=439513566, unit=dn), 'SHFINE': ParsedDataItem(SHFINE, raw=7670, derived=7670, unit=dn), 'IDX__SCI0AID': ParsedDataItem(IDX__SCI0AID, raw=2415277392, derived=2415277392, unit=None), 'IDX__SCI0TYPE': ParsedDataItem(IDX__SCI0TYPE, raw=1, derived=1, unit=None), 'IDX__SCI0CONT': ParsedDataItem(IDX__SCI0CONT, raw=127, derived=127, unit=None), 'IDX__SCI0SPARE1': ParsedDataItem(IDX__SCI0SPARE1, raw=0, derived=0, unit=None), 'IDX__SCI0PACK': ParsedDataItem(IDX__SCI0PACK, raw=1, derived=EN, unit=None), 'IDX__SCI0FRAG': ParsedDataItem(IDX__SCI0FRAG, raw=0, derived=DS, unit=None), 'IDX__SCI0COMP': ParsedDataItem(IDX__SCI0COMP, raw=0, derived=DS, unit=None), 'IDX__SCI0EVTNUM': ParsedDataItem(IDX__SCI0EVTNUM, raw=76, derived=76, unit=None), 'IDX__SCI0CAT': ParsedDataItem(IDX__SCI0CAT, raw=32, derived=32, unit=None), 'IDX__SCI0QUAL': ParsedDataItem(IDX__SCI0QUAL, raw=5, derived=5, unit=None), 'IDX__SCI0FRAGOFF': ParsedDataItem(IDX__SCI0FRAGOFF, raw=0, derived=0, unit=None), 'IDX__SCI0VER': ParsedDataItem(IDX__SCI0VER, raw=9, derived=9, unit=None), 'IDX__SCI0TIME32': ParsedDataItem(IDX__SCI0TIME32, raw=439513244, derived=439513244, unit=None), 'IDX__SCI0SPARE2': ParsedDataItem(IDX__SCI0SPARE2, raw=0, derived=0, unit=None), 'IDX__SCI0SPARE3': ParsedDataItem(IDX__SCI0SPARE3, raw=0, derived=0, unit=None), 'IDX__SCI0SPARE4': ParsedDataItem(IDX__SCI0SPARE4, raw=0, derived=0, unit=None), 'IDX__TXHDRSCIEVTLEN': ParsedDataItem(IDX__TXHDRSCIEVTLEN, raw=8320, derived=8320, unit=None), 'IDX__TXHDRSP00': ParsedDataItem(IDX__TXHDRSP00, raw=0, derived=0, unit=None), 'IDX__TXHDRTIMESEC1': ParsedDataItem(IDX__TXHDRTIMESEC1, raw=6706, derived=6706, unit=None), 'IDX__TXHDRTIMESEC2': ParsedDataItem(IDX__TXHDRTIMESEC2, raw=28828, derived=28828, unit=None), 'IDX__TXHDRTIMESUBS': ParsedDataItem(IDX__TXHDRTIMESUBS, raw=24168, derived=24168, unit=None), 'IDX__TXHDRSP01': ParsedDataItem(IDX__TXHDRSP01, raw=0, derived=0, unit=None), 'IDX__TXHDRTRIGOFFSET': ParsedDataItem(IDX__TXHDRTRIGOFFSET, raw=1, derived=1, unit=None), 'IDX__TXHDRSP02': ParsedDataItem(IDX__TXHDRSP02, raw=0, derived=0, unit=None), 'IDX__TXHDRTRIGID': ParsedDataItem(IDX__TXHDRTRIGID, raw=1, derived=1, unit=None), 'IDX__TXHDREVTNUM': ParsedDataItem(IDX__TXHDREVTNUM, raw=76, derived=76, unit=None), 'IDX__TXHDRBLOCKS': ParsedDataItem(IDX__TXHDRBLOCKS, raw=243679, derived=243679, unit=None), 'IDX__TXHDRHGTRIGCTRL1': ParsedDataItem(IDX__TXHDRHGTRIGCTRL1, raw=2222981120, derived=2222981120, unit=None), 'IDX__TXHDRHGTRIGCTRL2': ParsedDataItem(IDX__TXHDRHGTRIGCTRL2, raw=0, derived=0, unit=None), 'IDX__TXHDRLGTRIGCTRL1': ParsedDataItem(IDX__TXHDRLGTRIGCTRL1, raw=4294965248, derived=4294965248, unit=None), 'IDX__TXHDRLGTRIGCTRL2': ParsedDataItem(IDX__TXHDRLGTRIGCTRL2, raw=4278255360, derived=4278255360, unit=None), 'IDX__TXHDRMGTRIGCTRL1': ParsedDataItem(IDX__TXHDRMGTRIGCTRL1, raw=4294965248, derived=4294965248, unit=None), 'IDX__TXHDRMGTRIGCTRL2': ParsedDataItem(IDX__TXHDRMGTRIGCTRL2, raw=4278255360, derived=4278255360, unit=None), 'IDX__TXHDRSP03': ParsedDataItem(IDX__TXHDRSP03, raw=0, derived=0, unit=None), 'IDX__TXHDRLSADC': ParsedDataItem(IDX__TXHDRLSADC, raw=1048320, derived=1048320, unit=None), 'IDX__TXHDRPOLSTAT': ParsedDataItem(IDX__TXHDRPOLSTAT, raw=1, derived=NEG, unit=None), 'IDX__TXHDRSP04': ParsedDataItem(IDX__TXHDRSP04, raw=0, derived=0, unit=None), 'IDX__TXHDRPOLCTRL': ParsedDataItem(IDX__TXHDRPOLCTRL, raw=0, derived=POS, unit=None), 'IDX__TXHDRCOINENA': ParsedDataItem(IDX__TXHDRCOINENA, raw=0, derived=DIS, unit=None), 'IDX__TXHDRLSTRIGMODE': ParsedDataItem(IDX__TXHDRLSTRIGMODE, raw=0, derived=DIS, unit=None), 'IDX__TXHDRMGTRIGMODE': ParsedDataItem(IDX__TXHDRMGTRIGMODE, raw=0, derived=0, unit=None), 'IDX__TXHDRLGTRIGMODE': ParsedDataItem(IDX__TXHDRLGTRIGMODE, raw=0, derived=0, unit=None), 'IDX__TXHDRHGTRIGMODE': ParsedDataItem(IDX__TXHDRHGTRIGMODE, raw=1, derived=1, unit=None), 'IDX__TXHDRSP05': ParsedDataItem(IDX__TXHDRSP05, raw=0, derived=0, unit=None), 'IDX__TXHDRSP06': ParsedDataItem(IDX__TXHDRSP06, raw=0, derived=0, unit=None), 'IDX__TXHDRSP07': ParsedDataItem(IDX__TXHDRSP07, raw=2019, derived=2019, unit=None), 'IDX__TXHDRSP08': ParsedDataItem(IDX__TXHDRSP08, raw=0, derived=0, unit=None), 'IDX__TXHDRTOFMAX': ParsedDataItem(IDX__TXHDRTOFMAX, raw=541596253, derived=541596253, unit=None), 'IDX__TXHDRTOFMIN': ParsedDataItem(IDX__TXHDRTOFMIN, raw=535295476, derived=535295476, unit=None), 'IDX__TXHDRLS0MAXMIN': ParsedDataItem(IDX__TXHDRLS0MAXMIN, raw=8468493, derived=8468493, unit=None), 'IDX__TXHDRLS1MAXMIN': ParsedDataItem(IDX__TXHDRLS1MAXMIN, raw=8447978, derived=8447978, unit=None), 'IDX__TXHDRLS2MAXMIN': ParsedDataItem(IDX__TXHDRLS2MAXMIN, raw=8579043, derived=8579043, unit=None), 'IDX__TXHDRFIFODELAY': ParsedDataItem(IDX__TXHDRFIFODELAY, raw=18, derived=18, unit=None), 'IDX__TXHDRSAMPDELAY': ParsedDataItem(IDX__TXHDRSAMPDELAY, raw=7347242, derived=7347242, unit=None), 'IDX__TXHDRTRANSCNT': ParsedDataItem(IDX__TXHDRTRANSCNT, raw=2, derived=2, unit=None), 'IDX__TXHDRPROCHKCH01': ParsedDataItem(IDX__TXHDRPROCHKCH01, raw=83690304, derived=83690304, unit=None), 'IDX__TXHDRPROCHKCH23': ParsedDataItem(IDX__TXHDRPROCHKCH23, raw=106431714, derived=106431714, unit=None), 'IDX__TXHDRPROCHKCH45': ParsedDataItem(IDX__TXHDRPROCHKCH45, raw=168953050, derived=168953050, unit=None), 'IDX__TXHDRPROCHKCH67': ParsedDataItem(IDX__TXHDRPROCHKCH67, raw=133695768, derived=133695768, unit=None), 'IDX__TXHDRHVPSHKCH01': ParsedDataItem(IDX__TXHDRHVPSHKCH01, raw=131859799, derived=131859799, unit=None), 'IDX__TXHDRHVPSHKCH23': ParsedDataItem(IDX__TXHDRHVPSHKCH23, raw=8849070, derived=8849070, unit=None), 'IDX__TXHDRHVPSHKCH45': ParsedDataItem(IDX__TXHDRHVPSHKCH45, raw=127797210, derived=127797210, unit=None), 'IDX__TXHDRHVPSHKCH67': ParsedDataItem(IDX__TXHDRHVPSHKCH67, raw=19991184, derived=19991184, unit=None), 'IDX__TXHDRLVHK0CH01': ParsedDataItem(IDX__TXHDRLVHK0CH01, raw=134219776, derived=134219776, unit=None), 'IDX__TXHDRLVHK0CH23': ParsedDataItem(IDX__TXHDRLVHK0CH23, raw=172035001, derived=172035001, unit=None), 'IDX__TXHDRLVHK0CH45': ParsedDataItem(IDX__TXHDRLVHK0CH45, raw=134745195, derived=134745195, unit=None), 'IDX__TXHDRLVHK0CH67': ParsedDataItem(IDX__TXHDRLVHK0CH67, raw=205982803, derived=205982803, unit=None), 'IDX__TXHDRLVHK1CH01': ParsedDataItem(IDX__TXHDRLVHK1CH01, raw=33621646, derived=33621646, unit=None), 'IDX__TXHDRLVHK1CH23': ParsedDataItem(IDX__TXHDRLVHK1CH23, raw=74450378, derived=74450378, unit=None), 'IDX__TXHDRLVHK1CH45': ParsedDataItem(IDX__TXHDRLVHK1CH45, raw=214697794, derived=214697794, unit=None), 'IDX__TXHDRLVHK1CH67': ParsedDataItem(IDX__TXHDRLVHK1CH67, raw=192872901, derived=192872901, unit=None), 'IDX__TXHDRLVHK2CH01': ParsedDataItem(IDX__TXHDRLVHK2CH01, raw=81659105, derived=81659105, unit=None), 'IDX__TXHDRLVHK2CH23': ParsedDataItem(IDX__TXHDRLVHK2CH23, raw=192154335, derived=192154335, unit=None), 'IDX__TXHDRLVHK2CH45': ParsedDataItem(IDX__TXHDRLVHK2CH45, raw=101059654, derived=101059654, unit=None), 'IDX__TXHDRLVHK2CH67': ParsedDataItem(IDX__TXHDRLVHK2CH67, raw=69016, derived=69016, unit=None), 'IDX__TXHDRSP09': ParsedDataItem(IDX__TXHDRSP09, raw=0, derived=0, unit=None), 'IDX__TXHDRSP10': ParsedDataItem(IDX__TXHDRSP10, raw=0, derived=0, unit=None), 'IDX__TXHDRFSWAIDCOPY': ParsedDataItem(IDX__TXHDRFSWAIDCOPY, raw=2415277392, derived=2415277392, unit=None), 'IDX__TXHDRFSWBINCOPY': ParsedDataItem(IDX__TXHDRFSWBINCOPY, raw=0, derived=0, unit=None), 'IDX__TXHDRFSWMAJOR': ParsedDataItem(IDX__TXHDRFSWMAJOR, raw=2, derived=2, unit=None), 'IDX__TXHDRFSWMINOR': ParsedDataItem(IDX__TXHDRFSWMINOR, raw=0, derived=0, unit=None), 'IDX__TXHDRFSWPATCH': ParsedDataItem(IDX__TXHDRFSWPATCH, raw=0, derived=0, unit=None), 'IDX__TXHDRFSWHVSTAT': ParsedDataItem(IDX__TXHDRFSWHVSTAT, raw=3, derived=3, unit=None), 'IDX__TXHDRFSWMEM0': ParsedDataItem(IDX__TXHDRFSWMEM0, raw=0, derived=0, unit=None), 'IDX__TXHDRFSWMEM1': ParsedDataItem(IDX__TXHDRFSWMEM1, raw=0, derived=0, unit=None), 'IDX__TXHDRFSWPT0': ParsedDataItem(IDX__TXHDRFSWPT0, raw=0, derived=0, unit=None), 'IDX__TXHDRFSWPT1': ParsedDataItem(IDX__TXHDRFSWPT1, raw=0, derived=0, unit=None), 'IDX__TXHDRFSWPT2': ParsedDataItem(IDX__TXHDRFSWPT2, raw=0, derived=0, unit=None), 'IDX__TXHDRFSWPT3': ParsedDataItem(IDX__TXHDRFSWPT3, raw=0, derived=0, unit=None), 'IDX__TXHDRFSWPT4': ParsedDataItem(IDX__TXHDRFSWPT4, raw=0, derived=0, unit=None), 'IDX__TXHDRFSWPT5': ParsedDataItem(IDX__TXHDRFSWPT5, raw=0, derived=0, unit=None), 'IDX__TXHDRFSWPT6': ParsedDataItem(IDX__TXHDRFSWPT6, raw=0, derived=0, unit=None), 'IDX__TXHDRFSWPT7': ParsedDataItem(IDX__TXHDRFSWPT7, raw=0, derived=0, unit=None), 'IDX__TXHDRFSWPT8': ParsedDataItem(IDX__TXHDRFSWPT8, raw=0, derived=0, unit=None), 'IDX__TXHDRFSWPT9': ParsedDataItem(IDX__TXHDRFSWPT9, raw=0, derived=0, unit=None), 'IDX__TXHDRFPGAVER': ParsedDataItem(IDX__TXHDRFPGAVER, raw=539165480, derived=539165480, unit=None), 'IDX__SYNCSCI0PKT': ParsedDataItem(IDX__SYNCSCI0PKT, raw=13107, derived=13107, unit=None), 'IDX__CRCSCI0PKT': ParsedDataItem(IDX__CRCSCI0PKT, raw=26949, derived=26949, unit=None)}
SHCOARSE = 439513566
SHFINE = 7670
IDX__SCI0AID = 2415277392
IDX__SCI0TYPE = 1
IDX__SCI0CONT = 127
IDX__SCI0SPARE1 = 0
IDX__SCI0PACK = EN
IDX__SCI0FRAG = DS
IDX__SCI0COMP = DS
IDX__SCI0EVTNUM = 76
IDX__SCI0CAT = 32
IDX__SCI0QUAL = 5
IDX__SCI0FRAGOFF = 0
IDX__SCI0VER = 9
IDX__SCI0TIME32 = 439513244
IDX__SCI0SPARE2 = 0
IDX__SCI0SPARE3 = 0
IDX__SCI0SPARE4 = 0
IDX__TXHDRSCIEVTLEN = 8320
IDX__TXHDRSP00 = 0
IDX__TXHDRTIMESEC1 = 6706
IDX__TXHDRTIMESEC2 = 28828
IDX__TXHDRTIMESUBS = 24168
IDX__TXHDRSP01 = 0
IDX__TXHDRTRIGOFFSET = 1
IDX__TXHDRSP02 = 0
IDX__TXHDRTRIGID = 1
IDX__TXHDREVTNUM = 76
IDX__TXHDRBLOCKS = 243679
IDX__TXHDRHGTRIGCTRL1 = 2222981120
IDX__TXHDRHGTRIGCTRL2 = 0
IDX__TXHDRLGTRIGCTRL1 = 4294965248
IDX__TXHDRLGTRIGCTRL2 = 4278255360
IDX__TXHDRMGTRIGCTRL1 = 4294965248
IDX__TXHDRMGTRIGCTRL2 = 4278255360
IDX__TXHDRSP03 = 0
IDX__TXHDRLSADC = 1048320
IDX__TXHDRPOLSTAT = NEG
IDX__TXHDRSP04 = 0
IDX__TXHDRPOLCTRL = POS
IDX__TXHDRCOINENA = DIS
IDX__TXHDRLSTRIGMODE = DIS
IDX__TXHDRMGTRIGMODE = 0
IDX__TXHDRLGTRIGMODE = 0
IDX__TXHDRHGTRIGMODE = 1
IDX__TXHDRSP05 = 0
IDX__TXHDRSP06 = 0
IDX__TXHDRSP07 = 2019
IDX__TXHDRSP08 = 0
IDX__TXHDRTOFMAX = 541596253
IDX__TXHDRTOFMIN = 535295476
IDX__TXHDRLS0MAXMIN = 8468493
IDX__TXHDRLS1MAXMIN = 8447978
IDX__TXHDRLS2MAXMIN = 8579043
IDX__TXHDRFIFODELAY = 18
IDX__TXHDRSAMPDELAY = 7347242
IDX__TXHDRTRANSCNT = 2
IDX__TXHDRPROCHKCH01 = 83690304
IDX__TXHDRPROCHKCH23 = 106431714
IDX__TXHDRPROCHKCH45 = 168953050
IDX__TXHDRPROCHKCH67 = 133695768
IDX__TXHDRHVPSHKCH01 = 131859799
IDX__TXHDRHVPSHKCH23 = 8849070
IDX__TXHDRHVPSHKCH45 = 127797210
IDX__TXHDRHVPSHKCH67 = 19991184
IDX__TXHDRLVHK0CH01 = 134219776
IDX__TXHDRLVHK0CH23 = 172035001
IDX__TXHDRLVHK0CH45 = 134745195
IDX__TXHDRLVHK0CH67 = 205982803
IDX__TXHDRLVHK1CH01 = 33621646
IDX__TXHDRLVHK1CH23 = 74450378
IDX__TXHDRLVHK1CH45 = 214697794
IDX__TXHDRLVHK1CH67 = 192872901
IDX__TXHDRLVHK2CH01 = 81659105
IDX__TXHDRLVHK2CH23 = 192154335
IDX__TXHDRLVHK2CH45 = 101059654
IDX__TXHDRLVHK2CH67 = 69016
IDX__TXHDRSP09 = 0
IDX__TXHDRSP10 = 0
IDX__TXHDRFSWAIDCOPY = 2415277392
IDX__TXHDRFSWBINCOPY = 0
IDX__TXHDRFSWMAJOR = 2
IDX__TXHDRFSWMINOR = 0
IDX__TXHDRFSWPATCH = 0
IDX__TXHDRFSWHVSTAT = 3
IDX__TXHDRFSWMEM0 = 0
IDX__TXHDRFSWMEM1 = 0
IDX__TXHDRFSWPT0 = 0
IDX__TXHDRFSWPT1 = 0
IDX__TXHDRFSWPT2 = 0
IDX__TXHDRFSWPT3 = 0
IDX__TXHDRFSWPT4 = 0
IDX__TXHDRFSWPT5 = 0
IDX__TXHDRFSWPT6 = 0
IDX__TXHDRFSWPT7 = 0
IDX__TXHDRFSWPT8 = 0
IDX__TXHDRFSWPT9 = 0
IDX__TXHDRFPGAVER = 539165480
IDX__SYNCSCI0PKT = 13107
IDX__CRCSCI0PKT = 26949
^*****Event header 17******^
EVTNUM: 17
SCI0TYPE: 1
TXHDRBLOCKS RAW: 243679
TXHDRBLOCKS DERIVED: 243679
-----
HS pre trig sampling blocks:  31
LS pre trig sampling blocks:  3
HS post trig sampling blocks:  31
LS post trig sampling blocks:  11
IDX__TXHDRHVPSHKCH01 = 131859799
Detector voltage =  1367
Sensor voltage =  2012
Target voltage =  1710
Reflectron voltage =  135
Rejection voltage =  2010
Current for HVPS sensor =  1950
Positive current for HVPS sensor =  2704
Negative current for HVPS sensor =  305
Voltage +3.3V reference =  2048
Voltage +3.3V operational reference =  2048
Voltage -6V bus =  3001
Voltage +6V bus =  2625
Voltage +16V bus =  3179
Voltage +3.3V bus =  2056
Voltage -5V bus =  3155
Voltage +5V bus =  3143
Current +3.3V bus =  1678
Current +16V bus =  1136
Current +6V bus =  1482
Current -6V bus =  1136
Current +5V bus =  1858
Current -5V bus =  3276
Current +2.5V bus =  453
Current -2.5V bus =  2943
Current on the 1V POL =  832
Current on the 1.9V POL =  1277
ProcBd Temperature 1 =  1250
ProcBd Temperature 2 =  1624
Voltage on 1V bus =  1242
FPGA Temperature =  2578
Voltage on 1.9V bus =  2328
Voltage on 3.3V bus =  2040
var_to_row = {'Last measurement in raw DN for Processor Board signal “1V POL Current”': 0, 'Last measurement in raw DN for Processor Board signal “1.9V POL Current”': 1, 'Last measurement in raw DN for Processor Board signal “ProcBd Temp1”': 2, nan: 48, 'Last measurement in raw DN for Processor Board signal “ProcBd Temp2”': 6, 'Last measurement in raw DN for Processor Board signal “1V Voltage”': 10, 'Last measurement in raw DN for Processor Board signal “FPGA Temp”': 11, 'Last measurement in raw DN for Processor Board signal “1.9V Voltage”': 12, 'Last measurement in raw DN for Processor Board signal “3.3V Voltage”': 13, 'Last measurement in raw DN for HVPS Board signal “Detector Voltage”': 14, 'Last measurement in raw DN for HVPS Board signal “Sensor Voltage"': 15, 'Last measurement in raw DN for HVPS Board signal “Target Voltage”': 16, 'Last measurement in raw DN for HVPS Board signal “Reflectron Voltage”': 17, 'Last measurement in raw DN for HVPS Board signal “Rejection Voltage”': 18, 'Last measurement in raw DN for HVPS Board signal “Detector Current”': 19, 'Last measurement in raw DN for HVPS Board signal “Sensor IP”': 20, 'Last measurement in raw DN for HVPS Board signal “Sensor IN”': 21, 'Last measurement in raw DN for LVPS Board signal “P3.3VREF_HK”': 22, 'Last measurement in raw DN for LVPS Board signal “P3.3VREF_OP”': 23, 'Last measurement in raw DN for LVPS Board signal “N6V”': 24, 'Last measurement in raw DN for LVPS Board signal “P6V”': 25, 'Last measurement in raw DN for LVPS Board signal “P16V”': 26, 'Last measurement in raw DN for LVPS Board signal “P3.3V”': 27, 'Last measurement in raw DN for LVPS Board signal “N5V”': 28, 'Last measurement in raw DN for LVPS Board signal “P5V”': 29, 'Last measurement in raw DN for LVPS Board signal “P3.3_IMON”': 30, 'Last measurement in raw DN for LVPS Board signal “P16V_IMON”': 31, 'Last measurement in raw DN for LVPS Board signal “P6V_IMON”': 32, 'Last measurement in raw DN for LVPS Board signal “N6V_IMON”': 33, 'Last measurement in raw DN for LVPS Board signal “P5V_IMON”': 34, 'Last measurement in raw DN for LVPS Board signal “N5V_IMON”': 35, 'Last measurement in raw DN for LVPS Board signal “P2.5V_IMON”': 36, 'Last measurement in raw DN for LVPS Board signal “N2.5V_IMON”': 37, 'Last measurement in raw DN for LVPS Board signal “THERM_DECON0”': 38, 'Last measurement in raw DN for LVPS Board signal “THERM_DECON1”': 39, 'Last measurement in raw DN for LVPS Board signal “THERM_DAB”': 40, 'Last measurement in raw DN for LVPS Board signal “THERM_LVPS”': 41, 'Last measurement in raw DN for LVPS Board signal “THERM_HVPS”': 45, 'Last measurement in raw DN for LVPS Board signal “P2.5V”': 49, 'Last measurement in raw DN for LVPS Board signal “N2.5V”': 50, 'Last measurement in raw DN for LVPS Board signal “Spare”': 51}

 
 ***** var_name being converted for each instrument setting ***** 
 

Matching row  18
coeffs for Last measurement in raw DN for Processor Board signal “1V POL Current”= [0.0 0.9029253 0.0 0.0 0.0 0.0 0.0 0.0]
var_name = Last measurement in raw DN for Processor Board signal “1V POL Current”
var_name = current_1V_pol
Header info = 832
Transformed value for current_1V_pol = 751.2338496
Matching row  18
coeffs for Last measurement in raw DN for Processor Board signal “1.9V POL Current”= [0.0 0.9029253 0.0 0.0 0.0 0.0 0.0 0.0]
var_name = Last measurement in raw DN for Processor Board signal “1.9V POL Current”
var_name = current_1.9V_pol
Header info = 1277
Transformed value for current_1.9V_pol = 1153.0356081
Matching row  18
coeffs for Last measurement in raw DN for Processor Board signal “ProcBd Temp1”= [162.8276 -0.2668687 0.0003323794 -2.43153e-07 9.034532e-11 -1.327735e-14
 0.0 0.0]
var_name = Last measurement in raw DN for Processor Board signal “ProcBd Temp1”
var_name = temperature_1
Header info = 1250
Transformed value for temperature_1 = 53.72670668945321
Matching row  18
coeffs for nan= [-104713.9 52.02446 -0.006463374 0.0 0.0 0.0 0.0 0.0]
var_name = nan
var_name = None
KeyError: (17, None) - Could not find entry for None, 48. Please check the Var_notes or variable mapping.
Matching row  18
coeffs for Last measurement in raw DN for Processor Board signal “ProcBd Temp2”= [162.8276 -0.2668687 0.0003323794 -2.43153e-07 9.034532e-11 -1.327735e-14
 0.0 0.0]
var_name = Last measurement in raw DN for Processor Board signal “ProcBd Temp2”
var_name = temperature_2
Header info = 1624
Transformed value for temperature_2 = 43.030834589476854
Matching row  18
coeffs for Last measurement in raw DN for Processor Board signal “1V Voltage”= [0.0 0.000805861 0.0 0.0 0.0 0.0 0.0 0.0]
var_name = Last measurement in raw DN for Processor Board signal “1V Voltage”
var_name = voltage_1V_bus
Header info = 1242
Transformed value for voltage_1V_bus = 1.0008793619999998
Matching row  18
coeffs for Last measurement in raw DN for Processor Board signal “FPGA Temp”= [358.31 -0.1187104 0.0 0.0 0.0 0.0 0.0 0.0]
var_name = Last measurement in raw DN for Processor Board signal “FPGA Temp”
var_name = fpga_temperature
Header info = 2578
Transformed value for fpga_temperature = 52.274588800000004
Matching row  18
coeffs for Last measurement in raw DN for Processor Board signal “1.9V Voltage”= [0.0 0.000805861 0.0 0.0 0.0 0.0 0.0 0.0]
var_name = Last measurement in raw DN for Processor Board signal “1.9V Voltage”
var_name = voltage_1.9V_bus
Header info = 2328
Transformed value for voltage_1.9V_bus = 1.8760444079999998
Matching row  18
coeffs for Last measurement in raw DN for Processor Board signal “3.3V Voltage”= [0.0 0.001611722 0.0 0.0 0.0 0.0 0.0 0.0]
var_name = Last measurement in raw DN for Processor Board signal “3.3V Voltage”
var_name = voltage_3.3V_bus
Header info = 2040
Transformed value for voltage_3.3V_bus = 3.28791288
Matching row  18
coeffs for Last measurement in raw DN for HVPS Board signal “Detector Voltage”= [0.0 1.4652 0.0 0.0 0.0 0.0 0.0 0.0]
var_name = Last measurement in raw DN for HVPS Board signal “Detector Voltage”
var_name = detector_voltage
Header info = 1367
Transformed value for detector_voltage = 2002.9284
Matching row  18
coeffs for Last measurement in raw DN for HVPS Board signal “Sensor Voltage"= [0.0 1.4652 0.0 0.0 0.0 0.0 0.0 0.0]
var_name = Last measurement in raw DN for HVPS Board signal “Sensor Voltage"
var_name = sensor_voltage
Header info = 2012
Transformed value for sensor_voltage = 2947.9824000000003
Matching row  18
coeffs for Last measurement in raw DN for HVPS Board signal “Target Voltage”= [0.0 1.4652 0.0 0.0 0.0 0.0 0.0 0.0]
var_name = Last measurement in raw DN for HVPS Board signal “Target Voltage”
var_name = target_voltage
Header info = 1710
Transformed value for target_voltage = 2505.492
Matching row  18
coeffs for Last measurement in raw DN for HVPS Board signal “Reflectron Voltage”= [0.0 1.4652 0.0 0.0 0.0 0.0 0.0 0.0]
var_name = Last measurement in raw DN for HVPS Board signal “Reflectron Voltage”
var_name = reflectron_voltage
Header info = 135
Transformed value for reflectron_voltage = 197.80200000000002
Matching row  18
coeffs for Last measurement in raw DN for HVPS Board signal “Rejection Voltage”= [0.0 1.4652 0.0 0.0 0.0 0.0 0.0 0.0]
var_name = Last measurement in raw DN for HVPS Board signal “Rejection Voltage”
var_name = rejection_voltage
Header info = 2010
Transformed value for rejection_voltage = 2945.052
Matching row  18
coeffs for Last measurement in raw DN for HVPS Board signal “Detector Current”= [0.0 7.326e-06 0.0 0.0 0.0 0.0 0.0 0.0]
var_name = Last measurement in raw DN for HVPS Board signal “Detector Current”
var_name = current_hvps_sensor
Header info = 1950
Transformed value for current_hvps_sensor = 0.0142857
Matching row  18
coeffs for Last measurement in raw DN for HVPS Board signal “Sensor IP”= [0.0 2.4339e-05 0.0 0.0 0.0 0.0 0.0 0.0]
var_name = Last measurement in raw DN for HVPS Board signal “Sensor IP”
var_name = positive_current_hvps
Header info = 2704
Transformed value for positive_current_hvps = 0.065812656
Matching row  18
coeffs for Last measurement in raw DN for HVPS Board signal “Sensor IN”= [0.0 2.4339e-05 0.0 0.0 0.0 0.0 0.0 0.0]
var_name = Last measurement in raw DN for HVPS Board signal “Sensor IN”
var_name = negative_current_hvps
Header info = 305
Transformed value for negative_current_hvps = 0.007423394999999999
Matching row  18
coeffs for Last measurement in raw DN for LVPS Board signal “P3.3VREF_HK”= [0.0 0.00161172 0.0 0.0 0.0 0.0 0.0 0.0]
var_name = Last measurement in raw DN for LVPS Board signal “P3.3VREF_HK”
var_name = voltage_3V3_ref
Header info = 2048
Transformed value for voltage_3V3_ref = 3.30080256
Matching row  18
coeffs for Last measurement in raw DN for LVPS Board signal “P3.3VREF_OP”= [0.0 0.00161172 0.0 0.0 0.0 0.0 0.0 0.0]
var_name = Last measurement in raw DN for LVPS Board signal “P3.3VREF_OP”
var_name = voltage_3V3_op_ref
Header info = 2048
Transformed value for voltage_3V3_op_ref = 3.30080256
Matching row  18
coeffs for Last measurement in raw DN for LVPS Board signal “N6V”= [-33.0 0.00886447 0.0 0.0 0.0 0.0 0.0 0.0]
var_name = Last measurement in raw DN for LVPS Board signal “N6V”
var_name = voltage_neg6V_bus
Header info = 3001
Transformed value for voltage_neg6V_bus = -6.397725530000002
Matching row  18
coeffs for Last measurement in raw DN for LVPS Board signal “P6V”= [0.0 0.00241758 0.0 0.0 0.0 0.0 0.0 0.0]
var_name = Last measurement in raw DN for LVPS Board signal “P6V”
var_name = voltage_pos6V_bus
Header info = 2625
Transformed value for voltage_pos6V_bus = 6.3461475
Matching row  18
coeffs for Last measurement in raw DN for LVPS Board signal “P16V”= [0.0 0.00482711 0.0 0.0 0.0 0.0 0.0 0.0]
var_name = Last measurement in raw DN for LVPS Board signal “P16V”
var_name = voltage_pos16V_bus
Header info = 3179
Transformed value for voltage_pos16V_bus = 15.34538269
Matching row  18
coeffs for Last measurement in raw DN for LVPS Board signal “P3.3V”= [0.0 0.00161172 0.0 0.0 0.0 0.0 0.0 0.0]
var_name = Last measurement in raw DN for LVPS Board signal “P3.3V”
var_name = voltage_pos3V3_bus
Header info = 2056
Transformed value for voltage_pos3V3_bus = 3.31369632
Matching row  18
coeffs for Last measurement in raw DN for LVPS Board signal “N5V”= [-33.0 0.00886447 0.0 0.0 0.0 0.0 0.0 0.0]
var_name = Last measurement in raw DN for LVPS Board signal “N5V”
var_name = voltage_neg5V_bus
Header info = 3155
Transformed value for voltage_neg5V_bus = -5.032597150000001
Matching row  18
coeffs for Last measurement in raw DN for LVPS Board signal “P5V”= [0.0 0.00161172 0.0 0.0 0.0 0.0 0.0 0.0]
var_name = Last measurement in raw DN for LVPS Board signal “P5V”
var_name = voltage_pos5V_bus
Header info = 3143
Transformed value for voltage_pos5V_bus = 5.06563596
Matching row  18
coeffs for Last measurement in raw DN for LVPS Board signal “P3.3_IMON”= [0.0 0.00161172 0.0 0.0 0.0 0.0 0.0 0.0]
var_name = Last measurement in raw DN for LVPS Board signal “P3.3_IMON”
var_name = current_3V3_bus
Header info = 1678
Transformed value for current_3V3_bus = 2.70446616
Matching row  18
coeffs for Last measurement in raw DN for LVPS Board signal “P16V_IMON”= [0.0 0.000161172 0.0 0.0 0.0 0.0 0.0 0.0]
var_name = Last measurement in raw DN for LVPS Board signal “P16V_IMON”
var_name = current_16V_bus
Header info = 1136
Transformed value for current_16V_bus = 0.18309139200000002
Matching row  18
coeffs for Last measurement in raw DN for LVPS Board signal “P6V_IMON”= [0.0 8.05861e-05 0.0 0.0 0.0 0.0 0.0 0.0]
var_name = Last measurement in raw DN for LVPS Board signal “P6V_IMON”
var_name = current_6V_bus
Header info = 1482
Transformed value for current_6V_bus = 0.1194286002
Matching row  18
coeffs for Last measurement in raw DN for LVPS Board signal “N6V_IMON”= [0.0 -8.05861e-05 0.0 0.0 0.0 0.0 0.0 0.0]
var_name = Last measurement in raw DN for LVPS Board signal “N6V_IMON”
var_name = current_neg6V_bus
Header info = 1136
Transformed value for current_neg6V_bus = -0.0915458096
Matching row  18
coeffs for Last measurement in raw DN for LVPS Board signal “P5V_IMON”= [0.0 4.029304e-05 0.0 0.0 0.0 0.0 0.0 0.0]
var_name = Last measurement in raw DN for LVPS Board signal “P5V_IMON”
var_name = current_5V_bus
Header info = 1858
Transformed value for current_5V_bus = 0.07486446832
Matching row  18
coeffs for Last measurement in raw DN for LVPS Board signal “N5V_IMON”= [0.0 -2.01465e-05 0.0 0.0 0.0 0.0 0.0 0.0]
var_name = Last measurement in raw DN for LVPS Board signal “N5V_IMON”
var_name = current_neg5V_bus
Header info = 3276
Transformed value for current_neg5V_bus = -0.06599993400000001
Matching row  18
coeffs for Last measurement in raw DN for LVPS Board signal “P2.5V_IMON”= [0.0 0.00161172 0.0 0.0 0.0 0.0 0.0 0.0]
var_name = Last measurement in raw DN for LVPS Board signal “P2.5V_IMON”
var_name = current_2V5_bus
Header info = 453
Transformed value for current_2V5_bus = 0.73010916
Matching row  18
coeffs for Last measurement in raw DN for LVPS Board signal “N2.5V_IMON”= [0.0 -4.0293e-05 0.0 0.0 0.0 0.0 0.0 0.0]
var_name = Last measurement in raw DN for LVPS Board signal “N2.5V_IMON”
var_name = current_neg2V5_bus
Header info = 2943
Transformed value for current_neg2V5_bus = -0.118582299
Matching row  18
coeffs for Last measurement in raw DN for LVPS Board signal “THERM_DECON0”= [-110.293 0.0665351 0.000305738 -6.32048e-07 5.9934e-10 -2.98784e-13
 7.61361e-17 -7.76467e-21]
var_name = Last measurement in raw DN for LVPS Board signal “THERM_DECON0”
var_name = None
KeyError: (17, None) - Could not find entry for None, 38. Please check the Var_notes or variable mapping.
Matching row  18
coeffs for Last measurement in raw DN for LVPS Board signal “THERM_DECON1”= [-150.478 0.376986 -0.00062072 7.73853e-07 -5.81588e-10 2.56368e-13
 -6.05698e-17 5.96635e-21]
var_name = Last measurement in raw DN for LVPS Board signal “THERM_DECON1”
var_name = None
KeyError: (17, None) - Could not find entry for None, 39. Please check the Var_notes or variable mapping.
Matching row  18
coeffs for Last measurement in raw DN for LVPS Board signal “THERM_DAB”= [-443.248 1.31224 -0.00180422 1.40016e-06 -6.43766e-10 1.7448e-13
 -2.57695e-17 1.60239e-21]
var_name = Last measurement in raw DN for LVPS Board signal “THERM_DAB”
var_name = None
KeyError: (17, None) - Could not find entry for None, 40. Please check the Var_notes or variable mapping.
Matching row  18
coeffs for Last measurement in raw DN for LVPS Board signal “THERM_LVPS”= [200.4137 -0.2020699 0.000175403 -9.739547e-08 2.888932e-11 -3.545603e-15
 0.0 0.0]
var_name = Last measurement in raw DN for LVPS Board signal “THERM_LVPS”
var_name = None
KeyError: (17, None) - Could not find entry for None, 41. Please check the Var_notes or variable mapping.
Matching row  18
coeffs for Last measurement in raw DN for LVPS Board signal “THERM_HVPS”= [200.4137 -0.2020699 0.000175403 -9.739547e-08 2.888932e-11 -3.545603e-15
 0.0 0.0]
var_name = Last measurement in raw DN for LVPS Board signal “THERM_HVPS”
var_name = None
KeyError: (17, None) - Could not find entry for None, 45. Please check the Var_notes or variable mapping.
Matching row  18
coeffs for Last measurement in raw DN for LVPS Board signal “P2.5V”= [0.0 0.00161172 0.0 0.0 0.0 0.0 0.0 0.0]
var_name = Last measurement in raw DN for LVPS Board signal “P2.5V”
var_name = None
KeyError: (17, None) - Could not find entry for None, 49. Please check the Var_notes or variable mapping.
Matching row  18
coeffs for Last measurement in raw DN for LVPS Board signal “N2.5V”= [-33.0 0.00886447 0.0 0.0 0.0 0.0 0.0 0.0]
var_name = Last measurement in raw DN for LVPS Board signal “N2.5V”
var_name = None
KeyError: (17, None) - Could not find entry for None, 50. Please check the Var_notes or variable mapping.
Matching row  18
coeffs for Last measurement in raw DN for LVPS Board signal “Spare”= [0.0 0.00161172 0.0 0.0 0.0 0.0 0.0 0.0]
var_name = Last measurement in raw DN for LVPS Board signal “Spare”
var_name = spare_signal
KeyError: (17, 'spare_signal') - Could not find entry for spare_signal, 51. Please check the Var_notes or variable mapping.
High gain delay = 42 samples.
Mid gain delay = 7 samples.
Low gain delay = 7 samples.
High sampling trigger mode =  0 0 1
High gain trigger mode enabled.
For 2222981120, HG Trigger level = 0.15317, sample settings = 0, 0
Threshold trigger mode enabled for high gain channel.
AID = 2415277392
Event number = 76
Rice compression enabled = False
Timestamp = 439513244.48336 seconds since epoch (Midnight January 1st, 2010)
Trigger time = 2023-12-05T23:00:44.483360Z
17
17
17
17
17
17
17
17
17
17
17
17
17
{'SHCOARSE': ParsedDataItem(SHCOARSE, raw=439513579, derived=439513579, unit=dn), 'SHFINE': ParsedDataItem(SHFINE, raw=7678, derived=7678, unit=dn), 'IDX__SCI0AID': ParsedDataItem(IDX__SCI0AID, raw=2415277392, derived=2415277392, unit=None), 'IDX__SCI0TYPE': ParsedDataItem(IDX__SCI0TYPE, raw=1, derived=1, unit=None), 'IDX__SCI0CONT': ParsedDataItem(IDX__SCI0CONT, raw=127, derived=127, unit=None), 'IDX__SCI0SPARE1': ParsedDataItem(IDX__SCI0SPARE1, raw=0, derived=0, unit=None), 'IDX__SCI0PACK': ParsedDataItem(IDX__SCI0PACK, raw=1, derived=EN, unit=None), 'IDX__SCI0FRAG': ParsedDataItem(IDX__SCI0FRAG, raw=0, derived=DS, unit=None), 'IDX__SCI0COMP': ParsedDataItem(IDX__SCI0COMP, raw=0, derived=DS, unit=None), 'IDX__SCI0EVTNUM': ParsedDataItem(IDX__SCI0EVTNUM, raw=77, derived=77, unit=None), 'IDX__SCI0CAT': ParsedDataItem(IDX__SCI0CAT, raw=32, derived=32, unit=None), 'IDX__SCI0QUAL': ParsedDataItem(IDX__SCI0QUAL, raw=5, derived=5, unit=None), 'IDX__SCI0FRAGOFF': ParsedDataItem(IDX__SCI0FRAGOFF, raw=0, derived=0, unit=None), 'IDX__SCI0VER': ParsedDataItem(IDX__SCI0VER, raw=9, derived=9, unit=None), 'IDX__SCI0TIME32': ParsedDataItem(IDX__SCI0TIME32, raw=439513245, derived=439513245, unit=None), 'IDX__SCI0SPARE2': ParsedDataItem(IDX__SCI0SPARE2, raw=0, derived=0, unit=None), 'IDX__SCI0SPARE3': ParsedDataItem(IDX__SCI0SPARE3, raw=0, derived=0, unit=None), 'IDX__SCI0SPARE4': ParsedDataItem(IDX__SCI0SPARE4, raw=0, derived=0, unit=None), 'IDX__TXHDRSCIEVTLEN': ParsedDataItem(IDX__TXHDRSCIEVTLEN, raw=8320, derived=8320, unit=None), 'IDX__TXHDRSP00': ParsedDataItem(IDX__TXHDRSP00, raw=0, derived=0, unit=None), 'IDX__TXHDRTIMESEC1': ParsedDataItem(IDX__TXHDRTIMESEC1, raw=6706, derived=6706, unit=None), 'IDX__TXHDRTIMESEC2': ParsedDataItem(IDX__TXHDRTIMESEC2, raw=28829, derived=28829, unit=None), 'IDX__TXHDRTIMESUBS': ParsedDataItem(IDX__TXHDRTIMESUBS, raw=24165, derived=24165, unit=None), 'IDX__TXHDRSP01': ParsedDataItem(IDX__TXHDRSP01, raw=0, derived=0, unit=None), 'IDX__TXHDRTRIGOFFSET': ParsedDataItem(IDX__TXHDRTRIGOFFSET, raw=4, derived=4, unit=None), 'IDX__TXHDRSP02': ParsedDataItem(IDX__TXHDRSP02, raw=0, derived=0, unit=None), 'IDX__TXHDRTRIGID': ParsedDataItem(IDX__TXHDRTRIGID, raw=1, derived=1, unit=None), 'IDX__TXHDREVTNUM': ParsedDataItem(IDX__TXHDREVTNUM, raw=77, derived=77, unit=None), 'IDX__TXHDRBLOCKS': ParsedDataItem(IDX__TXHDRBLOCKS, raw=243679, derived=243679, unit=None), 'IDX__TXHDRHGTRIGCTRL1': ParsedDataItem(IDX__TXHDRHGTRIGCTRL1, raw=2222981120, derived=2222981120, unit=None), 'IDX__TXHDRHGTRIGCTRL2': ParsedDataItem(IDX__TXHDRHGTRIGCTRL2, raw=0, derived=0, unit=None), 'IDX__TXHDRLGTRIGCTRL1': ParsedDataItem(IDX__TXHDRLGTRIGCTRL1, raw=4294965248, derived=4294965248, unit=None), 'IDX__TXHDRLGTRIGCTRL2': ParsedDataItem(IDX__TXHDRLGTRIGCTRL2, raw=4278255360, derived=4278255360, unit=None), 'IDX__TXHDRMGTRIGCTRL1': ParsedDataItem(IDX__TXHDRMGTRIGCTRL1, raw=4294965248, derived=4294965248, unit=None), 'IDX__TXHDRMGTRIGCTRL2': ParsedDataItem(IDX__TXHDRMGTRIGCTRL2, raw=4278255360, derived=4278255360, unit=None), 'IDX__TXHDRSP03': ParsedDataItem(IDX__TXHDRSP03, raw=0, derived=0, unit=None), 'IDX__TXHDRLSADC': ParsedDataItem(IDX__TXHDRLSADC, raw=1048320, derived=1048320, unit=None), 'IDX__TXHDRPOLSTAT': ParsedDataItem(IDX__TXHDRPOLSTAT, raw=1, derived=NEG, unit=None), 'IDX__TXHDRSP04': ParsedDataItem(IDX__TXHDRSP04, raw=0, derived=0, unit=None), 'IDX__TXHDRPOLCTRL': ParsedDataItem(IDX__TXHDRPOLCTRL, raw=0, derived=POS, unit=None), 'IDX__TXHDRCOINENA': ParsedDataItem(IDX__TXHDRCOINENA, raw=0, derived=DIS, unit=None), 'IDX__TXHDRLSTRIGMODE': ParsedDataItem(IDX__TXHDRLSTRIGMODE, raw=0, derived=DIS, unit=None), 'IDX__TXHDRMGTRIGMODE': ParsedDataItem(IDX__TXHDRMGTRIGMODE, raw=0, derived=0, unit=None), 'IDX__TXHDRLGTRIGMODE': ParsedDataItem(IDX__TXHDRLGTRIGMODE, raw=0, derived=0, unit=None), 'IDX__TXHDRHGTRIGMODE': ParsedDataItem(IDX__TXHDRHGTRIGMODE, raw=1, derived=1, unit=None), 'IDX__TXHDRSP05': ParsedDataItem(IDX__TXHDRSP05, raw=0, derived=0, unit=None), 'IDX__TXHDRSP06': ParsedDataItem(IDX__TXHDRSP06, raw=0, derived=0, unit=None), 'IDX__TXHDRSP07': ParsedDataItem(IDX__TXHDRSP07, raw=2020, derived=2020, unit=None), 'IDX__TXHDRSP08': ParsedDataItem(IDX__TXHDRSP08, raw=0, derived=0, unit=None), 'IDX__TXHDRTOFMAX': ParsedDataItem(IDX__TXHDRTOFMAX, raw=543693494, derived=543693494, unit=None), 'IDX__TXHDRTOFMIN': ParsedDataItem(IDX__TXHDRTOFMIN, raw=535295476, derived=535295476, unit=None), 'IDX__TXHDRLS0MAXMIN': ParsedDataItem(IDX__TXHDRLS0MAXMIN, raw=8468493, derived=8468493, unit=None), 'IDX__TXHDRLS1MAXMIN': ParsedDataItem(IDX__TXHDRLS1MAXMIN, raw=8447978, derived=8447978, unit=None), 'IDX__TXHDRLS2MAXMIN': ParsedDataItem(IDX__TXHDRLS2MAXMIN, raw=9291748, derived=9291748, unit=None), 'IDX__TXHDRFIFODELAY': ParsedDataItem(IDX__TXHDRFIFODELAY, raw=18, derived=18, unit=None), 'IDX__TXHDRSAMPDELAY': ParsedDataItem(IDX__TXHDRSAMPDELAY, raw=32537667, derived=32537667, unit=None), 'IDX__TXHDRTRANSCNT': ParsedDataItem(IDX__TXHDRTRANSCNT, raw=4, derived=4, unit=None), 'IDX__TXHDRPROCHKCH01': ParsedDataItem(IDX__TXHDRPROCHKCH01, raw=83755843, derived=83755843, unit=None), 'IDX__TXHDRPROCHKCH23': ParsedDataItem(IDX__TXHDRPROCHKCH23, raw=106431714, derived=106431714, unit=None), 'IDX__TXHDRPROCHKCH45': ParsedDataItem(IDX__TXHDRPROCHKCH45, raw=168953050, derived=168953050, unit=None), 'IDX__TXHDRPROCHKCH67': ParsedDataItem(IDX__TXHDRPROCHKCH67, raw=133695768, derived=133695768, unit=None), 'IDX__TXHDRHVPSHKCH01': ParsedDataItem(IDX__TXHDRHVPSHKCH01, raw=131859799, derived=131859799, unit=None), 'IDX__TXHDRHVPSHKCH23': ParsedDataItem(IDX__TXHDRHVPSHKCH23, raw=8849070, derived=8849070, unit=None), 'IDX__TXHDRHVPSHKCH45': ParsedDataItem(IDX__TXHDRHVPSHKCH45, raw=127731674, derived=127731674, unit=None), 'IDX__TXHDRHVPSHKCH67': ParsedDataItem(IDX__TXHDRHVPSHKCH67, raw=19991183, derived=19991183, unit=None), 'IDX__TXHDRLVHK0CH01': ParsedDataItem(IDX__TXHDRLVHK0CH01, raw=134219776, derived=134219776, unit=None), 'IDX__TXHDRLVHK0CH23': ParsedDataItem(IDX__TXHDRLVHK0CH23, raw=172035001, derived=172035001, unit=None), 'IDX__TXHDRLVHK0CH45': ParsedDataItem(IDX__TXHDRLVHK0CH45, raw=134745196, derived=134745196, unit=None), 'IDX__TXHDRLVHK0CH67': ParsedDataItem(IDX__TXHDRLVHK0CH67, raw=205982803, derived=205982803, unit=None), 'IDX__TXHDRLVHK1CH01': ParsedDataItem(IDX__TXHDRLVHK1CH01, raw=33621648, derived=33621648, unit=None), 'IDX__TXHDRLVHK1CH23': ParsedDataItem(IDX__TXHDRLVHK1CH23, raw=74450379, derived=74450379, unit=None), 'IDX__TXHDRLVHK1CH45': ParsedDataItem(IDX__TXHDRLVHK1CH45, raw=214697794, derived=214697794, unit=None), 'IDX__TXHDRLVHK1CH67': ParsedDataItem(IDX__TXHDRLVHK1CH67, raw=192938437, derived=192938437, unit=None), 'IDX__TXHDRLVHK2CH01': ParsedDataItem(IDX__TXHDRLVHK2CH01, raw=81659105, derived=81659105, unit=None), 'IDX__TXHDRLVHK2CH23': ParsedDataItem(IDX__TXHDRLVHK2CH23, raw=192154335, derived=192154335, unit=None), 'IDX__TXHDRLVHK2CH45': ParsedDataItem(IDX__TXHDRLVHK2CH45, raw=101059654, derived=101059654, unit=None), 'IDX__TXHDRLVHK2CH67': ParsedDataItem(IDX__TXHDRLVHK2CH67, raw=69017, derived=69017, unit=None), 'IDX__TXHDRSP09': ParsedDataItem(IDX__TXHDRSP09, raw=0, derived=0, unit=None), 'IDX__TXHDRSP10': ParsedDataItem(IDX__TXHDRSP10, raw=0, derived=0, unit=None), 'IDX__TXHDRFSWAIDCOPY': ParsedDataItem(IDX__TXHDRFSWAIDCOPY, raw=2415277392, derived=2415277392, unit=None), 'IDX__TXHDRFSWBINCOPY': ParsedDataItem(IDX__TXHDRFSWBINCOPY, raw=0, derived=0, unit=None), 'IDX__TXHDRFSWMAJOR': ParsedDataItem(IDX__TXHDRFSWMAJOR, raw=2, derived=2, unit=None), 'IDX__TXHDRFSWMINOR': ParsedDataItem(IDX__TXHDRFSWMINOR, raw=0, derived=0, unit=None), 'IDX__TXHDRFSWPATCH': ParsedDataItem(IDX__TXHDRFSWPATCH, raw=0, derived=0, unit=None), 'IDX__TXHDRFSWHVSTAT': ParsedDataItem(IDX__TXHDRFSWHVSTAT, raw=3, derived=3, unit=None), 'IDX__TXHDRFSWMEM0': ParsedDataItem(IDX__TXHDRFSWMEM0, raw=0, derived=0, unit=None), 'IDX__TXHDRFSWMEM1': ParsedDataItem(IDX__TXHDRFSWMEM1, raw=0, derived=0, unit=None), 'IDX__TXHDRFSWPT0': ParsedDataItem(IDX__TXHDRFSWPT0, raw=0, derived=0, unit=None), 'IDX__TXHDRFSWPT1': ParsedDataItem(IDX__TXHDRFSWPT1, raw=0, derived=0, unit=None), 'IDX__TXHDRFSWPT2': ParsedDataItem(IDX__TXHDRFSWPT2, raw=0, derived=0, unit=None), 'IDX__TXHDRFSWPT3': ParsedDataItem(IDX__TXHDRFSWPT3, raw=0, derived=0, unit=None), 'IDX__TXHDRFSWPT4': ParsedDataItem(IDX__TXHDRFSWPT4, raw=0, derived=0, unit=None), 'IDX__TXHDRFSWPT5': ParsedDataItem(IDX__TXHDRFSWPT5, raw=0, derived=0, unit=None), 'IDX__TXHDRFSWPT6': ParsedDataItem(IDX__TXHDRFSWPT6, raw=0, derived=0, unit=None), 'IDX__TXHDRFSWPT7': ParsedDataItem(IDX__TXHDRFSWPT7, raw=0, derived=0, unit=None), 'IDX__TXHDRFSWPT8': ParsedDataItem(IDX__TXHDRFSWPT8, raw=0, derived=0, unit=None), 'IDX__TXHDRFSWPT9': ParsedDataItem(IDX__TXHDRFSWPT9, raw=0, derived=0, unit=None), 'IDX__TXHDRFPGAVER': ParsedDataItem(IDX__TXHDRFPGAVER, raw=539165480, derived=539165480, unit=None), 'IDX__SYNCSCI0PKT': ParsedDataItem(IDX__SYNCSCI0PKT, raw=13107, derived=13107, unit=None), 'IDX__CRCSCI0PKT': ParsedDataItem(IDX__CRCSCI0PKT, raw=9938, derived=9938, unit=None)}
SHCOARSE = 439513579
SHFINE = 7678
IDX__SCI0AID = 2415277392
IDX__SCI0TYPE = 1
IDX__SCI0CONT = 127
IDX__SCI0SPARE1 = 0
IDX__SCI0PACK = EN
IDX__SCI0FRAG = DS
IDX__SCI0COMP = DS
IDX__SCI0EVTNUM = 77
IDX__SCI0CAT = 32
IDX__SCI0QUAL = 5
IDX__SCI0FRAGOFF = 0
IDX__SCI0VER = 9
IDX__SCI0TIME32 = 439513245
IDX__SCI0SPARE2 = 0
IDX__SCI0SPARE3 = 0
IDX__SCI0SPARE4 = 0
IDX__TXHDRSCIEVTLEN = 8320
IDX__TXHDRSP00 = 0
IDX__TXHDRTIMESEC1 = 6706
IDX__TXHDRTIMESEC2 = 28829
IDX__TXHDRTIMESUBS = 24165
IDX__TXHDRSP01 = 0
IDX__TXHDRTRIGOFFSET = 4
IDX__TXHDRSP02 = 0
IDX__TXHDRTRIGID = 1
IDX__TXHDREVTNUM = 77
IDX__TXHDRBLOCKS = 243679
IDX__TXHDRHGTRIGCTRL1 = 2222981120
IDX__TXHDRHGTRIGCTRL2 = 0
IDX__TXHDRLGTRIGCTRL1 = 4294965248
IDX__TXHDRLGTRIGCTRL2 = 4278255360
IDX__TXHDRMGTRIGCTRL1 = 4294965248
IDX__TXHDRMGTRIGCTRL2 = 4278255360
IDX__TXHDRSP03 = 0
IDX__TXHDRLSADC = 1048320
IDX__TXHDRPOLSTAT = NEG
IDX__TXHDRSP04 = 0
IDX__TXHDRPOLCTRL = POS
IDX__TXHDRCOINENA = DIS
IDX__TXHDRLSTRIGMODE = DIS
IDX__TXHDRMGTRIGMODE = 0
IDX__TXHDRLGTRIGMODE = 0
IDX__TXHDRHGTRIGMODE = 1
IDX__TXHDRSP05 = 0
IDX__TXHDRSP06 = 0
IDX__TXHDRSP07 = 2020
IDX__TXHDRSP08 = 0
IDX__TXHDRTOFMAX = 543693494
IDX__TXHDRTOFMIN = 535295476
IDX__TXHDRLS0MAXMIN = 8468493
IDX__TXHDRLS1MAXMIN = 8447978
IDX__TXHDRLS2MAXMIN = 9291748
IDX__TXHDRFIFODELAY = 18
IDX__TXHDRSAMPDELAY = 32537667
IDX__TXHDRTRANSCNT = 4
IDX__TXHDRPROCHKCH01 = 83755843
IDX__TXHDRPROCHKCH23 = 106431714
IDX__TXHDRPROCHKCH45 = 168953050
IDX__TXHDRPROCHKCH67 = 133695768
IDX__TXHDRHVPSHKCH01 = 131859799
IDX__TXHDRHVPSHKCH23 = 8849070
IDX__TXHDRHVPSHKCH45 = 127731674
IDX__TXHDRHVPSHKCH67 = 19991183
IDX__TXHDRLVHK0CH01 = 134219776
IDX__TXHDRLVHK0CH23 = 172035001
IDX__TXHDRLVHK0CH45 = 134745196
IDX__TXHDRLVHK0CH67 = 205982803
IDX__TXHDRLVHK1CH01 = 33621648
IDX__TXHDRLVHK1CH23 = 74450379
IDX__TXHDRLVHK1CH45 = 214697794
IDX__TXHDRLVHK1CH67 = 192938437
IDX__TXHDRLVHK2CH01 = 81659105
IDX__TXHDRLVHK2CH23 = 192154335
IDX__TXHDRLVHK2CH45 = 101059654
IDX__TXHDRLVHK2CH67 = 69017
IDX__TXHDRSP09 = 0
IDX__TXHDRSP10 = 0
IDX__TXHDRFSWAIDCOPY = 2415277392
IDX__TXHDRFSWBINCOPY = 0
IDX__TXHDRFSWMAJOR = 2
IDX__TXHDRFSWMINOR = 0
IDX__TXHDRFSWPATCH = 0
IDX__TXHDRFSWHVSTAT = 3
IDX__TXHDRFSWMEM0 = 0
IDX__TXHDRFSWMEM1 = 0
IDX__TXHDRFSWPT0 = 0
IDX__TXHDRFSWPT1 = 0
IDX__TXHDRFSWPT2 = 0
IDX__TXHDRFSWPT3 = 0
IDX__TXHDRFSWPT4 = 0
IDX__TXHDRFSWPT5 = 0
IDX__TXHDRFSWPT6 = 0
IDX__TXHDRFSWPT7 = 0
IDX__TXHDRFSWPT8 = 0
IDX__TXHDRFSWPT9 = 0
IDX__TXHDRFPGAVER = 539165480
IDX__SYNCSCI0PKT = 13107
IDX__CRCSCI0PKT = 9938
^*****Event header 18******^
EVTNUM: 18
SCI0TYPE: 1
TXHDRBLOCKS RAW: 243679
TXHDRBLOCKS DERIVED: 243679
-----
HS pre trig sampling blocks:  31
LS pre trig sampling blocks:  3
HS post trig sampling blocks:  31
LS post trig sampling blocks:  11
IDX__TXHDRHVPSHKCH01 = 131859799
Detector voltage =  1367
Sensor voltage =  2012
Target voltage =  1710
Reflectron voltage =  135
Rejection voltage =  2010
Current for HVPS sensor =  1949
Positive current for HVPS sensor =  2703
Negative current for HVPS sensor =  305
Voltage +3.3V reference =  2048
Voltage +3.3V operational reference =  2048
Voltage -6V bus =  3001
Voltage +6V bus =  2625
Voltage +16V bus =  3180
Voltage +3.3V bus =  2056
Voltage -5V bus =  3155
Voltage +5V bus =  3143
Current +3.3V bus =  1680
Current +16V bus =  1136
Current +6V bus =  1483
Current -6V bus =  1136
Current +5V bus =  1858
Current -5V bus =  3276
Current +2.5V bus =  453
Current -2.5V bus =  2944
Current on the 1V POL =  835
Current on the 1.9V POL =  1278
ProcBd Temperature 1 =  1250
ProcBd Temperature 2 =  1624
Voltage on 1V bus =  1242
FPGA Temperature =  2578
Voltage on 1.9V bus =  2328
Voltage on 3.3V bus =  2040
var_to_row = {'Last measurement in raw DN for Processor Board signal “1V POL Current”': 0, 'Last measurement in raw DN for Processor Board signal “1.9V POL Current”': 1, 'Last measurement in raw DN for Processor Board signal “ProcBd Temp1”': 2, nan: 48, 'Last measurement in raw DN for Processor Board signal “ProcBd Temp2”': 6, 'Last measurement in raw DN for Processor Board signal “1V Voltage”': 10, 'Last measurement in raw DN for Processor Board signal “FPGA Temp”': 11, 'Last measurement in raw DN for Processor Board signal “1.9V Voltage”': 12, 'Last measurement in raw DN for Processor Board signal “3.3V Voltage”': 13, 'Last measurement in raw DN for HVPS Board signal “Detector Voltage”': 14, 'Last measurement in raw DN for HVPS Board signal “Sensor Voltage"': 15, 'Last measurement in raw DN for HVPS Board signal “Target Voltage”': 16, 'Last measurement in raw DN for HVPS Board signal “Reflectron Voltage”': 17, 'Last measurement in raw DN for HVPS Board signal “Rejection Voltage”': 18, 'Last measurement in raw DN for HVPS Board signal “Detector Current”': 19, 'Last measurement in raw DN for HVPS Board signal “Sensor IP”': 20, 'Last measurement in raw DN for HVPS Board signal “Sensor IN”': 21, 'Last measurement in raw DN for LVPS Board signal “P3.3VREF_HK”': 22, 'Last measurement in raw DN for LVPS Board signal “P3.3VREF_OP”': 23, 'Last measurement in raw DN for LVPS Board signal “N6V”': 24, 'Last measurement in raw DN for LVPS Board signal “P6V”': 25, 'Last measurement in raw DN for LVPS Board signal “P16V”': 26, 'Last measurement in raw DN for LVPS Board signal “P3.3V”': 27, 'Last measurement in raw DN for LVPS Board signal “N5V”': 28, 'Last measurement in raw DN for LVPS Board signal “P5V”': 29, 'Last measurement in raw DN for LVPS Board signal “P3.3_IMON”': 30, 'Last measurement in raw DN for LVPS Board signal “P16V_IMON”': 31, 'Last measurement in raw DN for LVPS Board signal “P6V_IMON”': 32, 'Last measurement in raw DN for LVPS Board signal “N6V_IMON”': 33, 'Last measurement in raw DN for LVPS Board signal “P5V_IMON”': 34, 'Last measurement in raw DN for LVPS Board signal “N5V_IMON”': 35, 'Last measurement in raw DN for LVPS Board signal “P2.5V_IMON”': 36, 'Last measurement in raw DN for LVPS Board signal “N2.5V_IMON”': 37, 'Last measurement in raw DN for LVPS Board signal “THERM_DECON0”': 38, 'Last measurement in raw DN for LVPS Board signal “THERM_DECON1”': 39, 'Last measurement in raw DN for LVPS Board signal “THERM_DAB”': 40, 'Last measurement in raw DN for LVPS Board signal “THERM_LVPS”': 41, 'Last measurement in raw DN for LVPS Board signal “THERM_HVPS”': 45, 'Last measurement in raw DN for LVPS Board signal “P2.5V”': 49, 'Last measurement in raw DN for LVPS Board signal “N2.5V”': 50, 'Last measurement in raw DN for LVPS Board signal “Spare”': 51}

 
 ***** var_name being converted for each instrument setting ***** 
 

Matching row  18
coeffs for Last measurement in raw DN for Processor Board signal “1V POL Current”= [0.0 0.9029253 0.0 0.0 0.0 0.0 0.0 0.0]
var_name = Last measurement in raw DN for Processor Board signal “1V POL Current”
var_name = current_1V_pol
Header info = 835
Transformed value for current_1V_pol = 753.9426255000001
Matching row  18
coeffs for Last measurement in raw DN for Processor Board signal “1.9V POL Current”= [0.0 0.9029253 0.0 0.0 0.0 0.0 0.0 0.0]
var_name = Last measurement in raw DN for Processor Board signal “1.9V POL Current”
var_name = current_1.9V_pol
Header info = 1278
Transformed value for current_1.9V_pol = 1153.9385334
Matching row  18
coeffs for Last measurement in raw DN for Processor Board signal “ProcBd Temp1”= [162.8276 -0.2668687 0.0003323794 -2.43153e-07 9.034532e-11 -1.327735e-14
 0.0 0.0]
var_name = Last measurement in raw DN for Processor Board signal “ProcBd Temp1”
var_name = temperature_1
Header info = 1250
Transformed value for temperature_1 = 53.72670668945321
Matching row  18
coeffs for nan= [-104713.9 52.02446 -0.006463374 0.0 0.0 0.0 0.0 0.0]
var_name = nan
var_name = None
KeyError: (18, None) - Could not find entry for None, 48. Please check the Var_notes or variable mapping.
Matching row  18
coeffs for Last measurement in raw DN for Processor Board signal “ProcBd Temp2”= [162.8276 -0.2668687 0.0003323794 -2.43153e-07 9.034532e-11 -1.327735e-14
 0.0 0.0]
var_name = Last measurement in raw DN for Processor Board signal “ProcBd Temp2”
var_name = temperature_2
Header info = 1624
Transformed value for temperature_2 = 43.030834589476854
Matching row  18
coeffs for Last measurement in raw DN for Processor Board signal “1V Voltage”= [0.0 0.000805861 0.0 0.0 0.0 0.0 0.0 0.0]
var_name = Last measurement in raw DN for Processor Board signal “1V Voltage”
var_name = voltage_1V_bus
Header info = 1242
Transformed value for voltage_1V_bus = 1.0008793619999998
Matching row  18
coeffs for Last measurement in raw DN for Processor Board signal “FPGA Temp”= [358.31 -0.1187104 0.0 0.0 0.0 0.0 0.0 0.0]
var_name = Last measurement in raw DN for Processor Board signal “FPGA Temp”
var_name = fpga_temperature
Header info = 2578
Transformed value for fpga_temperature = 52.274588800000004
Matching row  18
coeffs for Last measurement in raw DN for Processor Board signal “1.9V Voltage”= [0.0 0.000805861 0.0 0.0 0.0 0.0 0.0 0.0]
var_name = Last measurement in raw DN for Processor Board signal “1.9V Voltage”
var_name = voltage_1.9V_bus
Header info = 2328
Transformed value for voltage_1.9V_bus = 1.8760444079999998
Matching row  18
coeffs for Last measurement in raw DN for Processor Board signal “3.3V Voltage”= [0.0 0.001611722 0.0 0.0 0.0 0.0 0.0 0.0]
var_name = Last measurement in raw DN for Processor Board signal “3.3V Voltage”
var_name = voltage_3.3V_bus
Header info = 2040
Transformed value for voltage_3.3V_bus = 3.28791288
Matching row  18
coeffs for Last measurement in raw DN for HVPS Board signal “Detector Voltage”= [0.0 1.4652 0.0 0.0 0.0 0.0 0.0 0.0]
var_name = Last measurement in raw DN for HVPS Board signal “Detector Voltage”
var_name = detector_voltage
Header info = 1367
Transformed value for detector_voltage = 2002.9284
Matching row  18
coeffs for Last measurement in raw DN for HVPS Board signal “Sensor Voltage"= [0.0 1.4652 0.0 0.0 0.0 0.0 0.0 0.0]
var_name = Last measurement in raw DN for HVPS Board signal “Sensor Voltage"
var_name = sensor_voltage
Header info = 2012
Transformed value for sensor_voltage = 2947.9824000000003
Matching row  18
coeffs for Last measurement in raw DN for HVPS Board signal “Target Voltage”= [0.0 1.4652 0.0 0.0 0.0 0.0 0.0 0.0]
var_name = Last measurement in raw DN for HVPS Board signal “Target Voltage”
var_name = target_voltage
Header info = 1710
Transformed value for target_voltage = 2505.492
Matching row  18
coeffs for Last measurement in raw DN for HVPS Board signal “Reflectron Voltage”= [0.0 1.4652 0.0 0.0 0.0 0.0 0.0 0.0]
var_name = Last measurement in raw DN for HVPS Board signal “Reflectron Voltage”
var_name = reflectron_voltage
Header info = 135
Transformed value for reflectron_voltage = 197.80200000000002
Matching row  18
coeffs for Last measurement in raw DN for HVPS Board signal “Rejection Voltage”= [0.0 1.4652 0.0 0.0 0.0 0.0 0.0 0.0]
var_name = Last measurement in raw DN for HVPS Board signal “Rejection Voltage”
var_name = rejection_voltage
Header info = 2010
Transformed value for rejection_voltage = 2945.052
Matching row  18
coeffs for Last measurement in raw DN for HVPS Board signal “Detector Current”= [0.0 7.326e-06 0.0 0.0 0.0 0.0 0.0 0.0]
var_name = Last measurement in raw DN for HVPS Board signal “Detector Current”
var_name = current_hvps_sensor
Header info = 1949
Transformed value for current_hvps_sensor = 0.014278374
Matching row  18
coeffs for Last measurement in raw DN for HVPS Board signal “Sensor IP”= [0.0 2.4339e-05 0.0 0.0 0.0 0.0 0.0 0.0]
var_name = Last measurement in raw DN for HVPS Board signal “Sensor IP”
var_name = positive_current_hvps
Header info = 2703
Transformed value for positive_current_hvps = 0.065788317
Matching row  18
coeffs for Last measurement in raw DN for HVPS Board signal “Sensor IN”= [0.0 2.4339e-05 0.0 0.0 0.0 0.0 0.0 0.0]
var_name = Last measurement in raw DN for HVPS Board signal “Sensor IN”
var_name = negative_current_hvps
Header info = 305
Transformed value for negative_current_hvps = 0.007423394999999999
Matching row  18
coeffs for Last measurement in raw DN for LVPS Board signal “P3.3VREF_HK”= [0.0 0.00161172 0.0 0.0 0.0 0.0 0.0 0.0]
var_name = Last measurement in raw DN for LVPS Board signal “P3.3VREF_HK”
var_name = voltage_3V3_ref
Header info = 2048
Transformed value for voltage_3V3_ref = 3.30080256
Matching row  18
coeffs for Last measurement in raw DN for LVPS Board signal “P3.3VREF_OP”= [0.0 0.00161172 0.0 0.0 0.0 0.0 0.0 0.0]
var_name = Last measurement in raw DN for LVPS Board signal “P3.3VREF_OP”
var_name = voltage_3V3_op_ref
Header info = 2048
Transformed value for voltage_3V3_op_ref = 3.30080256
Matching row  18
coeffs for Last measurement in raw DN for LVPS Board signal “N6V”= [-33.0 0.00886447 0.0 0.0 0.0 0.0 0.0 0.0]
var_name = Last measurement in raw DN for LVPS Board signal “N6V”
var_name = voltage_neg6V_bus
Header info = 3001
Transformed value for voltage_neg6V_bus = -6.397725530000002
Matching row  18
coeffs for Last measurement in raw DN for LVPS Board signal “P6V”= [0.0 0.00241758 0.0 0.0 0.0 0.0 0.0 0.0]
var_name = Last measurement in raw DN for LVPS Board signal “P6V”
var_name = voltage_pos6V_bus
Header info = 2625
Transformed value for voltage_pos6V_bus = 6.3461475
Matching row  18
coeffs for Last measurement in raw DN for LVPS Board signal “P16V”= [0.0 0.00482711 0.0 0.0 0.0 0.0 0.0 0.0]
var_name = Last measurement in raw DN for LVPS Board signal “P16V”
var_name = voltage_pos16V_bus
Header info = 3180
Transformed value for voltage_pos16V_bus = 15.3502098
Matching row  18
coeffs for Last measurement in raw DN for LVPS Board signal “P3.3V”= [0.0 0.00161172 0.0 0.0 0.0 0.0 0.0 0.0]
var_name = Last measurement in raw DN for LVPS Board signal “P3.3V”
var_name = voltage_pos3V3_bus
Header info = 2056
Transformed value for voltage_pos3V3_bus = 3.31369632
Matching row  18
coeffs for Last measurement in raw DN for LVPS Board signal “N5V”= [-33.0 0.00886447 0.0 0.0 0.0 0.0 0.0 0.0]
var_name = Last measurement in raw DN for LVPS Board signal “N5V”
var_name = voltage_neg5V_bus
Header info = 3155
Transformed value for voltage_neg5V_bus = -5.032597150000001
Matching row  18
coeffs for Last measurement in raw DN for LVPS Board signal “P5V”= [0.0 0.00161172 0.0 0.0 0.0 0.0 0.0 0.0]
var_name = Last measurement in raw DN for LVPS Board signal “P5V”
var_name = voltage_pos5V_bus
Header info = 3143
Transformed value for voltage_pos5V_bus = 5.06563596
Matching row  18
coeffs for Last measurement in raw DN for LVPS Board signal “P3.3_IMON”= [0.0 0.00161172 0.0 0.0 0.0 0.0 0.0 0.0]
var_name = Last measurement in raw DN for LVPS Board signal “P3.3_IMON”
var_name = current_3V3_bus
Header info = 1680
Transformed value for current_3V3_bus = 2.7076896
Matching row  18
coeffs for Last measurement in raw DN for LVPS Board signal “P16V_IMON”= [0.0 0.000161172 0.0 0.0 0.0 0.0 0.0 0.0]
var_name = Last measurement in raw DN for LVPS Board signal “P16V_IMON”
var_name = current_16V_bus
Header info = 1136
Transformed value for current_16V_bus = 0.18309139200000002
Matching row  18
coeffs for Last measurement in raw DN for LVPS Board signal “P6V_IMON”= [0.0 8.05861e-05 0.0 0.0 0.0 0.0 0.0 0.0]
var_name = Last measurement in raw DN for LVPS Board signal “P6V_IMON”
var_name = current_6V_bus
Header info = 1483
Transformed value for current_6V_bus = 0.1195091863
Matching row  18
coeffs for Last measurement in raw DN for LVPS Board signal “N6V_IMON”= [0.0 -8.05861e-05 0.0 0.0 0.0 0.0 0.0 0.0]
var_name = Last measurement in raw DN for LVPS Board signal “N6V_IMON”
var_name = current_neg6V_bus
Header info = 1136
Transformed value for current_neg6V_bus = -0.0915458096
Matching row  18
coeffs for Last measurement in raw DN for LVPS Board signal “P5V_IMON”= [0.0 4.029304e-05 0.0 0.0 0.0 0.0 0.0 0.0]
var_name = Last measurement in raw DN for LVPS Board signal “P5V_IMON”
var_name = current_5V_bus
Header info = 1858
Transformed value for current_5V_bus = 0.07486446832
Matching row  18
coeffs for Last measurement in raw DN for LVPS Board signal “N5V_IMON”= [0.0 -2.01465e-05 0.0 0.0 0.0 0.0 0.0 0.0]
var_name = Last measurement in raw DN for LVPS Board signal “N5V_IMON”
var_name = current_neg5V_bus
Header info = 3276
Transformed value for current_neg5V_bus = -0.06599993400000001
Matching row  18
coeffs for Last measurement in raw DN for LVPS Board signal “P2.5V_IMON”= [0.0 0.00161172 0.0 0.0 0.0 0.0 0.0 0.0]
var_name = Last measurement in raw DN for LVPS Board signal “P2.5V_IMON”
var_name = current_2V5_bus
Header info = 453
Transformed value for current_2V5_bus = 0.73010916
Matching row  18
coeffs for Last measurement in raw DN for LVPS Board signal “N2.5V_IMON”= [0.0 -4.0293e-05 0.0 0.0 0.0 0.0 0.0 0.0]
var_name = Last measurement in raw DN for LVPS Board signal “N2.5V_IMON”
var_name = current_neg2V5_bus
Header info = 2944
Transformed value for current_neg2V5_bus = -0.118622592
Matching row  18
coeffs for Last measurement in raw DN for LVPS Board signal “THERM_DECON0”= [-110.293 0.0665351 0.000305738 -6.32048e-07 5.9934e-10 -2.98784e-13
 7.61361e-17 -7.76467e-21]
var_name = Last measurement in raw DN for LVPS Board signal “THERM_DECON0”
var_name = None
KeyError: (18, None) - Could not find entry for None, 38. Please check the Var_notes or variable mapping.
Matching row  18
coeffs for Last measurement in raw DN for LVPS Board signal “THERM_DECON1”= [-150.478 0.376986 -0.00062072 7.73853e-07 -5.81588e-10 2.56368e-13
 -6.05698e-17 5.96635e-21]
var_name = Last measurement in raw DN for LVPS Board signal “THERM_DECON1”
var_name = None
KeyError: (18, None) - Could not find entry for None, 39. Please check the Var_notes or variable mapping.
Matching row  18
coeffs for Last measurement in raw DN for LVPS Board signal “THERM_DAB”= [-443.248 1.31224 -0.00180422 1.40016e-06 -6.43766e-10 1.7448e-13
 -2.57695e-17 1.60239e-21]
var_name = Last measurement in raw DN for LVPS Board signal “THERM_DAB”
var_name = None
KeyError: (18, None) - Could not find entry for None, 40. Please check the Var_notes or variable mapping.
Matching row  18
coeffs for Last measurement in raw DN for LVPS Board signal “THERM_LVPS”= [200.4137 -0.2020699 0.000175403 -9.739547e-08 2.888932e-11 -3.545603e-15
 0.0 0.0]
var_name = Last measurement in raw DN for LVPS Board signal “THERM_LVPS”
var_name = None
KeyError: (18, None) - Could not find entry for None, 41. Please check the Var_notes or variable mapping.
Matching row  18
coeffs for Last measurement in raw DN for LVPS Board signal “THERM_HVPS”= [200.4137 -0.2020699 0.000175403 -9.739547e-08 2.888932e-11 -3.545603e-15
 0.0 0.0]
var_name = Last measurement in raw DN for LVPS Board signal “THERM_HVPS”
var_name = None
KeyError: (18, None) - Could not find entry for None, 45. Please check the Var_notes or variable mapping.
Matching row  18
coeffs for Last measurement in raw DN for LVPS Board signal “P2.5V”= [0.0 0.00161172 0.0 0.0 0.0 0.0 0.0 0.0]
var_name = Last measurement in raw DN for LVPS Board signal “P2.5V”
var_name = None
KeyError: (18, None) - Could not find entry for None, 49. Please check the Var_notes or variable mapping.
Matching row  18
coeffs for Last measurement in raw DN for LVPS Board signal “N2.5V”= [-33.0 0.00886447 0.0 0.0 0.0 0.0 0.0 0.0]
var_name = Last measurement in raw DN for LVPS Board signal “N2.5V”
var_name = None
KeyError: (18, None) - Could not find entry for None, 50. Please check the Var_notes or variable mapping.
Matching row  18
coeffs for Last measurement in raw DN for LVPS Board signal “Spare”= [0.0 0.00161172 0.0 0.0 0.0 0.0 0.0 0.0]
var_name = Last measurement in raw DN for LVPS Board signal “Spare”
var_name = spare_signal
KeyError: (18, 'spare_signal') - Could not find entry for spare_signal, 51. Please check the Var_notes or variable mapping.
High gain delay = 67 samples.
Mid gain delay = 31 samples.
Low gain delay = 31 samples.
High sampling trigger mode =  0 0 1
High gain trigger mode enabled.
For 2222981120, HG Trigger level = 0.15317, sample settings = 0, 0
Threshold trigger mode enabled for high gain channel.
AID = 2415277392
Event number = 77
Rice compression enabled = False
Timestamp = 439513245.4833 seconds since epoch (Midnight January 1st, 2010)
Trigger time = 2023-12-05T23:00:45.483300Z
18
18
18
18
18
18
18
18
18
18
18
18
18
{'SHCOARSE': ParsedDataItem(SHCOARSE, raw=439513595, derived=439513595, unit=dn), 'SHFINE': ParsedDataItem(SHFINE, raw=7689, derived=7689, unit=dn), 'IDX__SCI0AID': ParsedDataItem(IDX__SCI0AID, raw=2415277392, derived=2415277392, unit=None), 'IDX__SCI0TYPE': ParsedDataItem(IDX__SCI0TYPE, raw=1, derived=1, unit=None), 'IDX__SCI0CONT': ParsedDataItem(IDX__SCI0CONT, raw=127, derived=127, unit=None), 'IDX__SCI0SPARE1': ParsedDataItem(IDX__SCI0SPARE1, raw=0, derived=0, unit=None), 'IDX__SCI0PACK': ParsedDataItem(IDX__SCI0PACK, raw=1, derived=EN, unit=None), 'IDX__SCI0FRAG': ParsedDataItem(IDX__SCI0FRAG, raw=0, derived=DS, unit=None), 'IDX__SCI0COMP': ParsedDataItem(IDX__SCI0COMP, raw=0, derived=DS, unit=None), 'IDX__SCI0EVTNUM': ParsedDataItem(IDX__SCI0EVTNUM, raw=78, derived=78, unit=None), 'IDX__SCI0CAT': ParsedDataItem(IDX__SCI0CAT, raw=32, derived=32, unit=None), 'IDX__SCI0QUAL': ParsedDataItem(IDX__SCI0QUAL, raw=5, derived=5, unit=None), 'IDX__SCI0FRAGOFF': ParsedDataItem(IDX__SCI0FRAGOFF, raw=0, derived=0, unit=None), 'IDX__SCI0VER': ParsedDataItem(IDX__SCI0VER, raw=9, derived=9, unit=None), 'IDX__SCI0TIME32': ParsedDataItem(IDX__SCI0TIME32, raw=439513248, derived=439513248, unit=None), 'IDX__SCI0SPARE2': ParsedDataItem(IDX__SCI0SPARE2, raw=0, derived=0, unit=None), 'IDX__SCI0SPARE3': ParsedDataItem(IDX__SCI0SPARE3, raw=0, derived=0, unit=None), 'IDX__SCI0SPARE4': ParsedDataItem(IDX__SCI0SPARE4, raw=0, derived=0, unit=None), 'IDX__TXHDRSCIEVTLEN': ParsedDataItem(IDX__TXHDRSCIEVTLEN, raw=8320, derived=8320, unit=None), 'IDX__TXHDRSP00': ParsedDataItem(IDX__TXHDRSP00, raw=0, derived=0, unit=None), 'IDX__TXHDRTIMESEC1': ParsedDataItem(IDX__TXHDRTIMESEC1, raw=6706, derived=6706, unit=None), 'IDX__TXHDRTIMESEC2': ParsedDataItem(IDX__TXHDRTIMESEC2, raw=28832, derived=28832, unit=None), 'IDX__TXHDRTIMESUBS': ParsedDataItem(IDX__TXHDRTIMESUBS, raw=24156, derived=24156, unit=None), 'IDX__TXHDRSP01': ParsedDataItem(IDX__TXHDRSP01, raw=0, derived=0, unit=None), 'IDX__TXHDRTRIGOFFSET': ParsedDataItem(IDX__TXHDRTRIGOFFSET, raw=6, derived=6, unit=None), 'IDX__TXHDRSP02': ParsedDataItem(IDX__TXHDRSP02, raw=0, derived=0, unit=None), 'IDX__TXHDRTRIGID': ParsedDataItem(IDX__TXHDRTRIGID, raw=1, derived=1, unit=None), 'IDX__TXHDREVTNUM': ParsedDataItem(IDX__TXHDREVTNUM, raw=78, derived=78, unit=None), 'IDX__TXHDRBLOCKS': ParsedDataItem(IDX__TXHDRBLOCKS, raw=243679, derived=243679, unit=None), 'IDX__TXHDRHGTRIGCTRL1': ParsedDataItem(IDX__TXHDRHGTRIGCTRL1, raw=2222981120, derived=2222981120, unit=None), 'IDX__TXHDRHGTRIGCTRL2': ParsedDataItem(IDX__TXHDRHGTRIGCTRL2, raw=0, derived=0, unit=None), 'IDX__TXHDRLGTRIGCTRL1': ParsedDataItem(IDX__TXHDRLGTRIGCTRL1, raw=4294965248, derived=4294965248, unit=None), 'IDX__TXHDRLGTRIGCTRL2': ParsedDataItem(IDX__TXHDRLGTRIGCTRL2, raw=4278255360, derived=4278255360, unit=None), 'IDX__TXHDRMGTRIGCTRL1': ParsedDataItem(IDX__TXHDRMGTRIGCTRL1, raw=4294965248, derived=4294965248, unit=None), 'IDX__TXHDRMGTRIGCTRL2': ParsedDataItem(IDX__TXHDRMGTRIGCTRL2, raw=4278255360, derived=4278255360, unit=None), 'IDX__TXHDRSP03': ParsedDataItem(IDX__TXHDRSP03, raw=0, derived=0, unit=None), 'IDX__TXHDRLSADC': ParsedDataItem(IDX__TXHDRLSADC, raw=1048320, derived=1048320, unit=None), 'IDX__TXHDRPOLSTAT': ParsedDataItem(IDX__TXHDRPOLSTAT, raw=1, derived=NEG, unit=None), 'IDX__TXHDRSP04': ParsedDataItem(IDX__TXHDRSP04, raw=0, derived=0, unit=None), 'IDX__TXHDRPOLCTRL': ParsedDataItem(IDX__TXHDRPOLCTRL, raw=0, derived=POS, unit=None), 'IDX__TXHDRCOINENA': ParsedDataItem(IDX__TXHDRCOINENA, raw=0, derived=DIS, unit=None), 'IDX__TXHDRLSTRIGMODE': ParsedDataItem(IDX__TXHDRLSTRIGMODE, raw=0, derived=DIS, unit=None), 'IDX__TXHDRMGTRIGMODE': ParsedDataItem(IDX__TXHDRMGTRIGMODE, raw=0, derived=0, unit=None), 'IDX__TXHDRLGTRIGMODE': ParsedDataItem(IDX__TXHDRLGTRIGMODE, raw=0, derived=0, unit=None), 'IDX__TXHDRHGTRIGMODE': ParsedDataItem(IDX__TXHDRHGTRIGMODE, raw=1, derived=1, unit=None), 'IDX__TXHDRSP05': ParsedDataItem(IDX__TXHDRSP05, raw=0, derived=0, unit=None), 'IDX__TXHDRSP06': ParsedDataItem(IDX__TXHDRSP06, raw=0, derived=0, unit=None), 'IDX__TXHDRSP07': ParsedDataItem(IDX__TXHDRSP07, raw=2015, derived=2015, unit=None), 'IDX__TXHDRSP08': ParsedDataItem(IDX__TXHDRSP08, raw=0, derived=0, unit=None), 'IDX__TXHDRTOFMAX': ParsedDataItem(IDX__TXHDRTOFMAX, raw=543693445, derived=543693445, unit=None), 'IDX__TXHDRTOFMIN': ParsedDataItem(IDX__TXHDRTOFMIN, raw=535295476, derived=535295476, unit=None), 'IDX__TXHDRLS0MAXMIN': ParsedDataItem(IDX__TXHDRLS0MAXMIN, raw=8468493, derived=8468493, unit=None), 'IDX__TXHDRLS1MAXMIN': ParsedDataItem(IDX__TXHDRLS1MAXMIN, raw=8452071, derived=8452071, unit=None), 'IDX__TXHDRLS2MAXMIN': ParsedDataItem(IDX__TXHDRLS2MAXMIN, raw=9160671, derived=9160671, unit=None), 'IDX__TXHDRFIFODELAY': ParsedDataItem(IDX__TXHDRFIFODELAY, raw=17, derived=17, unit=None), 'IDX__TXHDRSAMPDELAY': ParsedDataItem(IDX__TXHDRSAMPDELAY, raw=49331280, derived=49331280, unit=None), 'IDX__TXHDRTRANSCNT': ParsedDataItem(IDX__TXHDRTRANSCNT, raw=4, derived=4, unit=None), 'IDX__TXHDRPROCHKCH01': ParsedDataItem(IDX__TXHDRPROCHKCH01, raw=83755841, derived=83755841, unit=None), 'IDX__TXHDRPROCHKCH23': ParsedDataItem(IDX__TXHDRPROCHKCH23, raw=106431714, derived=106431714, unit=None), 'IDX__TXHDRPROCHKCH45': ParsedDataItem(IDX__TXHDRPROCHKCH45, raw=168953050, derived=168953050, unit=None), 'IDX__TXHDRPROCHKCH67': ParsedDataItem(IDX__TXHDRPROCHKCH67, raw=133695768, derived=133695768, unit=None), 'IDX__TXHDRHVPSHKCH01': ParsedDataItem(IDX__TXHDRHVPSHKCH01, raw=131794263, derived=131794263, unit=None), 'IDX__TXHDRHVPSHKCH23': ParsedDataItem(IDX__TXHDRHVPSHKCH23, raw=8849070, derived=8849070, unit=None), 'IDX__TXHDRHVPSHKCH45': ParsedDataItem(IDX__TXHDRHVPSHKCH45, raw=127731674, derived=127731674, unit=None), 'IDX__TXHDRHVPSHKCH67': ParsedDataItem(IDX__TXHDRHVPSHKCH67, raw=19991183, derived=19991183, unit=None), 'IDX__TXHDRLVHK0CH01': ParsedDataItem(IDX__TXHDRLVHK0CH01, raw=134219776, derived=134219776, unit=None), 'IDX__TXHDRLVHK0CH23': ParsedDataItem(IDX__TXHDRLVHK0CH23, raw=172035001, derived=172035001, unit=None), 'IDX__TXHDRLVHK0CH45': ParsedDataItem(IDX__TXHDRLVHK0CH45, raw=134745195, derived=134745195, unit=None), 'IDX__TXHDRLVHK0CH67': ParsedDataItem(IDX__TXHDRLVHK0CH67, raw=205982803, derived=205982803, unit=None), 'IDX__TXHDRLVHK1CH01': ParsedDataItem(IDX__TXHDRLVHK1CH01, raw=33621647, derived=33621647, unit=None), 'IDX__TXHDRLVHK1CH23': ParsedDataItem(IDX__TXHDRLVHK1CH23, raw=74450379, derived=74450379, unit=None), 'IDX__TXHDRLVHK1CH45': ParsedDataItem(IDX__TXHDRLVHK1CH45, raw=214697794, derived=214697794, unit=None), 'IDX__TXHDRLVHK1CH67': ParsedDataItem(IDX__TXHDRLVHK1CH67, raw=192872901, derived=192872901, unit=None), 'IDX__TXHDRLVHK2CH01': ParsedDataItem(IDX__TXHDRLVHK2CH01, raw=81659105, derived=81659105, unit=None), 'IDX__TXHDRLVHK2CH23': ParsedDataItem(IDX__TXHDRLVHK2CH23, raw=192154335, derived=192154335, unit=None), 'IDX__TXHDRLVHK2CH45': ParsedDataItem(IDX__TXHDRLVHK2CH45, raw=101059654, derived=101059654, unit=None), 'IDX__TXHDRLVHK2CH67': ParsedDataItem(IDX__TXHDRLVHK2CH67, raw=69016, derived=69016, unit=None), 'IDX__TXHDRSP09': ParsedDataItem(IDX__TXHDRSP09, raw=0, derived=0, unit=None), 'IDX__TXHDRSP10': ParsedDataItem(IDX__TXHDRSP10, raw=0, derived=0, unit=None), 'IDX__TXHDRFSWAIDCOPY': ParsedDataItem(IDX__TXHDRFSWAIDCOPY, raw=2415277392, derived=2415277392, unit=None), 'IDX__TXHDRFSWBINCOPY': ParsedDataItem(IDX__TXHDRFSWBINCOPY, raw=0, derived=0, unit=None), 'IDX__TXHDRFSWMAJOR': ParsedDataItem(IDX__TXHDRFSWMAJOR, raw=2, derived=2, unit=None), 'IDX__TXHDRFSWMINOR': ParsedDataItem(IDX__TXHDRFSWMINOR, raw=0, derived=0, unit=None), 'IDX__TXHDRFSWPATCH': ParsedDataItem(IDX__TXHDRFSWPATCH, raw=0, derived=0, unit=None), 'IDX__TXHDRFSWHVSTAT': ParsedDataItem(IDX__TXHDRFSWHVSTAT, raw=3, derived=3, unit=None), 'IDX__TXHDRFSWMEM0': ParsedDataItem(IDX__TXHDRFSWMEM0, raw=0, derived=0, unit=None), 'IDX__TXHDRFSWMEM1': ParsedDataItem(IDX__TXHDRFSWMEM1, raw=0, derived=0, unit=None), 'IDX__TXHDRFSWPT0': ParsedDataItem(IDX__TXHDRFSWPT0, raw=0, derived=0, unit=None), 'IDX__TXHDRFSWPT1': ParsedDataItem(IDX__TXHDRFSWPT1, raw=0, derived=0, unit=None), 'IDX__TXHDRFSWPT2': ParsedDataItem(IDX__TXHDRFSWPT2, raw=0, derived=0, unit=None), 'IDX__TXHDRFSWPT3': ParsedDataItem(IDX__TXHDRFSWPT3, raw=0, derived=0, unit=None), 'IDX__TXHDRFSWPT4': ParsedDataItem(IDX__TXHDRFSWPT4, raw=0, derived=0, unit=None), 'IDX__TXHDRFSWPT5': ParsedDataItem(IDX__TXHDRFSWPT5, raw=0, derived=0, unit=None), 'IDX__TXHDRFSWPT6': ParsedDataItem(IDX__TXHDRFSWPT6, raw=0, derived=0, unit=None), 'IDX__TXHDRFSWPT7': ParsedDataItem(IDX__TXHDRFSWPT7, raw=0, derived=0, unit=None), 'IDX__TXHDRFSWPT8': ParsedDataItem(IDX__TXHDRFSWPT8, raw=0, derived=0, unit=None), 'IDX__TXHDRFSWPT9': ParsedDataItem(IDX__TXHDRFSWPT9, raw=0, derived=0, unit=None), 'IDX__TXHDRFPGAVER': ParsedDataItem(IDX__TXHDRFPGAVER, raw=539165480, derived=539165480, unit=None), 'IDX__SYNCSCI0PKT': ParsedDataItem(IDX__SYNCSCI0PKT, raw=13107, derived=13107, unit=None), 'IDX__CRCSCI0PKT': ParsedDataItem(IDX__CRCSCI0PKT, raw=62961, derived=62961, unit=None)}
SHCOARSE = 439513595
SHFINE = 7689
IDX__SCI0AID = 2415277392
IDX__SCI0TYPE = 1
IDX__SCI0CONT = 127
IDX__SCI0SPARE1 = 0
IDX__SCI0PACK = EN
IDX__SCI0FRAG = DS
IDX__SCI0COMP = DS
IDX__SCI0EVTNUM = 78
IDX__SCI0CAT = 32
IDX__SCI0QUAL = 5
IDX__SCI0FRAGOFF = 0
IDX__SCI0VER = 9
IDX__SCI0TIME32 = 439513248
IDX__SCI0SPARE2 = 0
IDX__SCI0SPARE3 = 0
IDX__SCI0SPARE4 = 0
IDX__TXHDRSCIEVTLEN = 8320
IDX__TXHDRSP00 = 0
IDX__TXHDRTIMESEC1 = 6706
IDX__TXHDRTIMESEC2 = 28832
IDX__TXHDRTIMESUBS = 24156
IDX__TXHDRSP01 = 0
IDX__TXHDRTRIGOFFSET = 6
IDX__TXHDRSP02 = 0
IDX__TXHDRTRIGID = 1
IDX__TXHDREVTNUM = 78
IDX__TXHDRBLOCKS = 243679
IDX__TXHDRHGTRIGCTRL1 = 2222981120
IDX__TXHDRHGTRIGCTRL2 = 0
IDX__TXHDRLGTRIGCTRL1 = 4294965248
IDX__TXHDRLGTRIGCTRL2 = 4278255360
IDX__TXHDRMGTRIGCTRL1 = 4294965248
IDX__TXHDRMGTRIGCTRL2 = 4278255360
IDX__TXHDRSP03 = 0
IDX__TXHDRLSADC = 1048320
IDX__TXHDRPOLSTAT = NEG
IDX__TXHDRSP04 = 0
IDX__TXHDRPOLCTRL = POS
IDX__TXHDRCOINENA = DIS
IDX__TXHDRLSTRIGMODE = DIS
IDX__TXHDRMGTRIGMODE = 0
IDX__TXHDRLGTRIGMODE = 0
IDX__TXHDRHGTRIGMODE = 1
IDX__TXHDRSP05 = 0
IDX__TXHDRSP06 = 0
IDX__TXHDRSP07 = 2015
IDX__TXHDRSP08 = 0
IDX__TXHDRTOFMAX = 543693445
IDX__TXHDRTOFMIN = 535295476
IDX__TXHDRLS0MAXMIN = 8468493
IDX__TXHDRLS1MAXMIN = 8452071
IDX__TXHDRLS2MAXMIN = 9160671
IDX__TXHDRFIFODELAY = 17
IDX__TXHDRSAMPDELAY = 49331280
IDX__TXHDRTRANSCNT = 4
IDX__TXHDRPROCHKCH01 = 83755841
IDX__TXHDRPROCHKCH23 = 106431714
IDX__TXHDRPROCHKCH45 = 168953050
IDX__TXHDRPROCHKCH67 = 133695768
IDX__TXHDRHVPSHKCH01 = 131794263
IDX__TXHDRHVPSHKCH23 = 8849070
IDX__TXHDRHVPSHKCH45 = 127731674
IDX__TXHDRHVPSHKCH67 = 19991183
IDX__TXHDRLVHK0CH01 = 134219776
IDX__TXHDRLVHK0CH23 = 172035001
IDX__TXHDRLVHK0CH45 = 134745195
IDX__TXHDRLVHK0CH67 = 205982803
IDX__TXHDRLVHK1CH01 = 33621647
IDX__TXHDRLVHK1CH23 = 74450379
IDX__TXHDRLVHK1CH45 = 214697794
IDX__TXHDRLVHK1CH67 = 192872901
IDX__TXHDRLVHK2CH01 = 81659105
IDX__TXHDRLVHK2CH23 = 192154335
IDX__TXHDRLVHK2CH45 = 101059654
IDX__TXHDRLVHK2CH67 = 69016
IDX__TXHDRSP09 = 0
IDX__TXHDRSP10 = 0
IDX__TXHDRFSWAIDCOPY = 2415277392
IDX__TXHDRFSWBINCOPY = 0
IDX__TXHDRFSWMAJOR = 2
IDX__TXHDRFSWMINOR = 0
IDX__TXHDRFSWPATCH = 0
IDX__TXHDRFSWHVSTAT = 3
IDX__TXHDRFSWMEM0 = 0
IDX__TXHDRFSWMEM1 = 0
IDX__TXHDRFSWPT0 = 0
IDX__TXHDRFSWPT1 = 0
IDX__TXHDRFSWPT2 = 0
IDX__TXHDRFSWPT3 = 0
IDX__TXHDRFSWPT4 = 0
IDX__TXHDRFSWPT5 = 0
IDX__TXHDRFSWPT6 = 0
IDX__TXHDRFSWPT7 = 0
IDX__TXHDRFSWPT8 = 0
IDX__TXHDRFSWPT9 = 0
IDX__TXHDRFPGAVER = 539165480
IDX__SYNCSCI0PKT = 13107
IDX__CRCSCI0PKT = 62961
^*****Event header 19******^
EVTNUM: 19
SCI0TYPE: 1
TXHDRBLOCKS RAW: 243679
TXHDRBLOCKS DERIVED: 243679
-----
HS pre trig sampling blocks:  31
LS pre trig sampling blocks:  3
HS post trig sampling blocks:  31
LS post trig sampling blocks:  11
IDX__TXHDRHVPSHKCH01 = 131794263
Detector voltage =  1367
Sensor voltage =  2011
Target voltage =  1710
Reflectron voltage =  135
Rejection voltage =  2010
Current for HVPS sensor =  1949
Positive current for HVPS sensor =  2703
Negative current for HVPS sensor =  305
Voltage +3.3V reference =  2048
Voltage +3.3V operational reference =  2048
Voltage -6V bus =  3001
Voltage +6V bus =  2625
Voltage +16V bus =  3179
Voltage +3.3V bus =  2056
Voltage -5V bus =  3155
Voltage +5V bus =  3143
Current +3.3V bus =  1679
Current +16V bus =  1136
Current +6V bus =  1483
Current -6V bus =  1136
Current +5V bus =  1858
Current -5V bus =  3276
Current +2.5V bus =  453
Current -2.5V bus =  2943
Current on the 1V POL =  833
Current on the 1.9V POL =  1278
ProcBd Temperature 1 =  1250
ProcBd Temperature 2 =  1624
Voltage on 1V bus =  1242
FPGA Temperature =  2578
Voltage on 1.9V bus =  2328
Voltage on 3.3V bus =  2040
var_to_row = {'Last measurement in raw DN for Processor Board signal “1V POL Current”': 0, 'Last measurement in raw DN for Processor Board signal “1.9V POL Current”': 1, 'Last measurement in raw DN for Processor Board signal “ProcBd Temp1”': 2, nan: 48, 'Last measurement in raw DN for Processor Board signal “ProcBd Temp2”': 6, 'Last measurement in raw DN for Processor Board signal “1V Voltage”': 10, 'Last measurement in raw DN for Processor Board signal “FPGA Temp”': 11, 'Last measurement in raw DN for Processor Board signal “1.9V Voltage”': 12, 'Last measurement in raw DN for Processor Board signal “3.3V Voltage”': 13, 'Last measurement in raw DN for HVPS Board signal “Detector Voltage”': 14, 'Last measurement in raw DN for HVPS Board signal “Sensor Voltage"': 15, 'Last measurement in raw DN for HVPS Board signal “Target Voltage”': 16, 'Last measurement in raw DN for HVPS Board signal “Reflectron Voltage”': 17, 'Last measurement in raw DN for HVPS Board signal “Rejection Voltage”': 18, 'Last measurement in raw DN for HVPS Board signal “Detector Current”': 19, 'Last measurement in raw DN for HVPS Board signal “Sensor IP”': 20, 'Last measurement in raw DN for HVPS Board signal “Sensor IN”': 21, 'Last measurement in raw DN for LVPS Board signal “P3.3VREF_HK”': 22, 'Last measurement in raw DN for LVPS Board signal “P3.3VREF_OP”': 23, 'Last measurement in raw DN for LVPS Board signal “N6V”': 24, 'Last measurement in raw DN for LVPS Board signal “P6V”': 25, 'Last measurement in raw DN for LVPS Board signal “P16V”': 26, 'Last measurement in raw DN for LVPS Board signal “P3.3V”': 27, 'Last measurement in raw DN for LVPS Board signal “N5V”': 28, 'Last measurement in raw DN for LVPS Board signal “P5V”': 29, 'Last measurement in raw DN for LVPS Board signal “P3.3_IMON”': 30, 'Last measurement in raw DN for LVPS Board signal “P16V_IMON”': 31, 'Last measurement in raw DN for LVPS Board signal “P6V_IMON”': 32, 'Last measurement in raw DN for LVPS Board signal “N6V_IMON”': 33, 'Last measurement in raw DN for LVPS Board signal “P5V_IMON”': 34, 'Last measurement in raw DN for LVPS Board signal “N5V_IMON”': 35, 'Last measurement in raw DN for LVPS Board signal “P2.5V_IMON”': 36, 'Last measurement in raw DN for LVPS Board signal “N2.5V_IMON”': 37, 'Last measurement in raw DN for LVPS Board signal “THERM_DECON0”': 38, 'Last measurement in raw DN for LVPS Board signal “THERM_DECON1”': 39, 'Last measurement in raw DN for LVPS Board signal “THERM_DAB”': 40, 'Last measurement in raw DN for LVPS Board signal “THERM_LVPS”': 41, 'Last measurement in raw DN for LVPS Board signal “THERM_HVPS”': 45, 'Last measurement in raw DN for LVPS Board signal “P2.5V”': 49, 'Last measurement in raw DN for LVPS Board signal “N2.5V”': 50, 'Last measurement in raw DN for LVPS Board signal “Spare”': 51}

 
 ***** var_name being converted for each instrument setting ***** 
 

Matching row  18
coeffs for Last measurement in raw DN for Processor Board signal “1V POL Current”= [0.0 0.9029253 0.0 0.0 0.0 0.0 0.0 0.0]
var_name = Last measurement in raw DN for Processor Board signal “1V POL Current”
var_name = current_1V_pol
Header info = 833
Transformed value for current_1V_pol = 752.1367749000001
Matching row  18
coeffs for Last measurement in raw DN for Processor Board signal “1.9V POL Current”= [0.0 0.9029253 0.0 0.0 0.0 0.0 0.0 0.0]
var_name = Last measurement in raw DN for Processor Board signal “1.9V POL Current”
var_name = current_1.9V_pol
Header info = 1278
Transformed value for current_1.9V_pol = 1153.9385334
Matching row  18
coeffs for Last measurement in raw DN for Processor Board signal “ProcBd Temp1”= [162.8276 -0.2668687 0.0003323794 -2.43153e-07 9.034532e-11 -1.327735e-14
 0.0 0.0]
var_name = Last measurement in raw DN for Processor Board signal “ProcBd Temp1”
var_name = temperature_1
Header info = 1250
Transformed value for temperature_1 = 53.72670668945321
Matching row  18
coeffs for nan= [-104713.9 52.02446 -0.006463374 0.0 0.0 0.0 0.0 0.0]
var_name = nan
var_name = None
KeyError: (19, None) - Could not find entry for None, 48. Please check the Var_notes or variable mapping.
Matching row  18
coeffs for Last measurement in raw DN for Processor Board signal “ProcBd Temp2”= [162.8276 -0.2668687 0.0003323794 -2.43153e-07 9.034532e-11 -1.327735e-14
 0.0 0.0]
var_name = Last measurement in raw DN for Processor Board signal “ProcBd Temp2”
var_name = temperature_2
Header info = 1624
Transformed value for temperature_2 = 43.030834589476854
Matching row  18
coeffs for Last measurement in raw DN for Processor Board signal “1V Voltage”= [0.0 0.000805861 0.0 0.0 0.0 0.0 0.0 0.0]
var_name = Last measurement in raw DN for Processor Board signal “1V Voltage”
var_name = voltage_1V_bus
Header info = 1242
Transformed value for voltage_1V_bus = 1.0008793619999998
Matching row  18
coeffs for Last measurement in raw DN for Processor Board signal “FPGA Temp”= [358.31 -0.1187104 0.0 0.0 0.0 0.0 0.0 0.0]
var_name = Last measurement in raw DN for Processor Board signal “FPGA Temp”
var_name = fpga_temperature
Header info = 2578
Transformed value for fpga_temperature = 52.274588800000004
Matching row  18
coeffs for Last measurement in raw DN for Processor Board signal “1.9V Voltage”= [0.0 0.000805861 0.0 0.0 0.0 0.0 0.0 0.0]
var_name = Last measurement in raw DN for Processor Board signal “1.9V Voltage”
var_name = voltage_1.9V_bus
Header info = 2328
Transformed value for voltage_1.9V_bus = 1.8760444079999998
Matching row  18
coeffs for Last measurement in raw DN for Processor Board signal “3.3V Voltage”= [0.0 0.001611722 0.0 0.0 0.0 0.0 0.0 0.0]
var_name = Last measurement in raw DN for Processor Board signal “3.3V Voltage”
var_name = voltage_3.3V_bus
Header info = 2040
Transformed value for voltage_3.3V_bus = 3.28791288
Matching row  18
coeffs for Last measurement in raw DN for HVPS Board signal “Detector Voltage”= [0.0 1.4652 0.0 0.0 0.0 0.0 0.0 0.0]
var_name = Last measurement in raw DN for HVPS Board signal “Detector Voltage”
var_name = detector_voltage
Header info = 1367
Transformed value for detector_voltage = 2002.9284
Matching row  18
coeffs for Last measurement in raw DN for HVPS Board signal “Sensor Voltage"= [0.0 1.4652 0.0 0.0 0.0 0.0 0.0 0.0]
var_name = Last measurement in raw DN for HVPS Board signal “Sensor Voltage"
var_name = sensor_voltage
Header info = 2011
Transformed value for sensor_voltage = 2946.5172000000002
Matching row  18
coeffs for Last measurement in raw DN for HVPS Board signal “Target Voltage”= [0.0 1.4652 0.0 0.0 0.0 0.0 0.0 0.0]
var_name = Last measurement in raw DN for HVPS Board signal “Target Voltage”
var_name = target_voltage
Header info = 1710
Transformed value for target_voltage = 2505.492
Matching row  18
coeffs for Last measurement in raw DN for HVPS Board signal “Reflectron Voltage”= [0.0 1.4652 0.0 0.0 0.0 0.0 0.0 0.0]
var_name = Last measurement in raw DN for HVPS Board signal “Reflectron Voltage”
var_name = reflectron_voltage
Header info = 135
Transformed value for reflectron_voltage = 197.80200000000002
Matching row  18
coeffs for Last measurement in raw DN for HVPS Board signal “Rejection Voltage”= [0.0 1.4652 0.0 0.0 0.0 0.0 0.0 0.0]
var_name = Last measurement in raw DN for HVPS Board signal “Rejection Voltage”
var_name = rejection_voltage
Header info = 2010
Transformed value for rejection_voltage = 2945.052
Matching row  18
coeffs for Last measurement in raw DN for HVPS Board signal “Detector Current”= [0.0 7.326e-06 0.0 0.0 0.0 0.0 0.0 0.0]
var_name = Last measurement in raw DN for HVPS Board signal “Detector Current”
var_name = current_hvps_sensor
Header info = 1949
Transformed value for current_hvps_sensor = 0.014278374
Matching row  18
coeffs for Last measurement in raw DN for HVPS Board signal “Sensor IP”= [0.0 2.4339e-05 0.0 0.0 0.0 0.0 0.0 0.0]
var_name = Last measurement in raw DN for HVPS Board signal “Sensor IP”
var_name = positive_current_hvps
Header info = 2703
Transformed value for positive_current_hvps = 0.065788317
Matching row  18
coeffs for Last measurement in raw DN for HVPS Board signal “Sensor IN”= [0.0 2.4339e-05 0.0 0.0 0.0 0.0 0.0 0.0]
var_name = Last measurement in raw DN for HVPS Board signal “Sensor IN”
var_name = negative_current_hvps
Header info = 305
Transformed value for negative_current_hvps = 0.007423394999999999
Matching row  18
coeffs for Last measurement in raw DN for LVPS Board signal “P3.3VREF_HK”= [0.0 0.00161172 0.0 0.0 0.0 0.0 0.0 0.0]
var_name = Last measurement in raw DN for LVPS Board signal “P3.3VREF_HK”
var_name = voltage_3V3_ref
Header info = 2048
Transformed value for voltage_3V3_ref = 3.30080256
Matching row  18
coeffs for Last measurement in raw DN for LVPS Board signal “P3.3VREF_OP”= [0.0 0.00161172 0.0 0.0 0.0 0.0 0.0 0.0]
var_name = Last measurement in raw DN for LVPS Board signal “P3.3VREF_OP”
var_name = voltage_3V3_op_ref
Header info = 2048
Transformed value for voltage_3V3_op_ref = 3.30080256
Matching row  18
coeffs for Last measurement in raw DN for LVPS Board signal “N6V”= [-33.0 0.00886447 0.0 0.0 0.0 0.0 0.0 0.0]
var_name = Last measurement in raw DN for LVPS Board signal “N6V”
var_name = voltage_neg6V_bus
Header info = 3001
Transformed value for voltage_neg6V_bus = -6.397725530000002
Matching row  18
coeffs for Last measurement in raw DN for LVPS Board signal “P6V”= [0.0 0.00241758 0.0 0.0 0.0 0.0 0.0 0.0]
var_name = Last measurement in raw DN for LVPS Board signal “P6V”
var_name = voltage_pos6V_bus
Header info = 2625
Transformed value for voltage_pos6V_bus = 6.3461475
Matching row  18
coeffs for Last measurement in raw DN for LVPS Board signal “P16V”= [0.0 0.00482711 0.0 0.0 0.0 0.0 0.0 0.0]
var_name = Last measurement in raw DN for LVPS Board signal “P16V”
var_name = voltage_pos16V_bus
Header info = 3179
Transformed value for voltage_pos16V_bus = 15.34538269
Matching row  18
coeffs for Last measurement in raw DN for LVPS Board signal “P3.3V”= [0.0 0.00161172 0.0 0.0 0.0 0.0 0.0 0.0]
var_name = Last measurement in raw DN for LVPS Board signal “P3.3V”
var_name = voltage_pos3V3_bus
Header info = 2056
Transformed value for voltage_pos3V3_bus = 3.31369632
Matching row  18
coeffs for Last measurement in raw DN for LVPS Board signal “N5V”= [-33.0 0.00886447 0.0 0.0 0.0 0.0 0.0 0.0]
var_name = Last measurement in raw DN for LVPS Board signal “N5V”
var_name = voltage_neg5V_bus
Header info = 3155
Transformed value for voltage_neg5V_bus = -5.032597150000001
Matching row  18
coeffs for Last measurement in raw DN for LVPS Board signal “P5V”= [0.0 0.00161172 0.0 0.0 0.0 0.0 0.0 0.0]
var_name = Last measurement in raw DN for LVPS Board signal “P5V”
var_name = voltage_pos5V_bus
Header info = 3143
Transformed value for voltage_pos5V_bus = 5.06563596
Matching row  18
coeffs for Last measurement in raw DN for LVPS Board signal “P3.3_IMON”= [0.0 0.00161172 0.0 0.0 0.0 0.0 0.0 0.0]
var_name = Last measurement in raw DN for LVPS Board signal “P3.3_IMON”
var_name = current_3V3_bus
Header info = 1679
Transformed value for current_3V3_bus = 2.70607788
Matching row  18
coeffs for Last measurement in raw DN for LVPS Board signal “P16V_IMON”= [0.0 0.000161172 0.0 0.0 0.0 0.0 0.0 0.0]
var_name = Last measurement in raw DN for LVPS Board signal “P16V_IMON”
var_name = current_16V_bus
Header info = 1136
Transformed value for current_16V_bus = 0.18309139200000002
Matching row  18
coeffs for Last measurement in raw DN for LVPS Board signal “P6V_IMON”= [0.0 8.05861e-05 0.0 0.0 0.0 0.0 0.0 0.0]
var_name = Last measurement in raw DN for LVPS Board signal “P6V_IMON”
var_name = current_6V_bus
Header info = 1483
Transformed value for current_6V_bus = 0.1195091863
Matching row  18
coeffs for Last measurement in raw DN for LVPS Board signal “N6V_IMON”= [0.0 -8.05861e-05 0.0 0.0 0.0 0.0 0.0 0.0]
var_name = Last measurement in raw DN for LVPS Board signal “N6V_IMON”
var_name = current_neg6V_bus
Header info = 1136
Transformed value for current_neg6V_bus = -0.0915458096
Matching row  18
coeffs for Last measurement in raw DN for LVPS Board signal “P5V_IMON”= [0.0 4.029304e-05 0.0 0.0 0.0 0.0 0.0 0.0]
var_name = Last measurement in raw DN for LVPS Board signal “P5V_IMON”
var_name = current_5V_bus
Header info = 1858
Transformed value for current_5V_bus = 0.07486446832
Matching row  18
coeffs for Last measurement in raw DN for LVPS Board signal “N5V_IMON”= [0.0 -2.01465e-05 0.0 0.0 0.0 0.0 0.0 0.0]
var_name = Last measurement in raw DN for LVPS Board signal “N5V_IMON”
var_name = current_neg5V_bus
Header info = 3276
Transformed value for current_neg5V_bus = -0.06599993400000001
Matching row  18
coeffs for Last measurement in raw DN for LVPS Board signal “P2.5V_IMON”= [0.0 0.00161172 0.0 0.0 0.0 0.0 0.0 0.0]
var_name = Last measurement in raw DN for LVPS Board signal “P2.5V_IMON”
var_name = current_2V5_bus
Header info = 453
Transformed value for current_2V5_bus = 0.73010916
Matching row  18
coeffs for Last measurement in raw DN for LVPS Board signal “N2.5V_IMON”= [0.0 -4.0293e-05 0.0 0.0 0.0 0.0 0.0 0.0]
var_name = Last measurement in raw DN for LVPS Board signal “N2.5V_IMON”
var_name = current_neg2V5_bus
Header info = 2943
Transformed value for current_neg2V5_bus = -0.118582299
Matching row  18
coeffs for Last measurement in raw DN for LVPS Board signal “THERM_DECON0”= [-110.293 0.0665351 0.000305738 -6.32048e-07 5.9934e-10 -2.98784e-13
 7.61361e-17 -7.76467e-21]
var_name = Last measurement in raw DN for LVPS Board signal “THERM_DECON0”
var_name = None
KeyError: (19, None) - Could not find entry for None, 38. Please check the Var_notes or variable mapping.
Matching row  18
coeffs for Last measurement in raw DN for LVPS Board signal “THERM_DECON1”= [-150.478 0.376986 -0.00062072 7.73853e-07 -5.81588e-10 2.56368e-13
 -6.05698e-17 5.96635e-21]
var_name = Last measurement in raw DN for LVPS Board signal “THERM_DECON1”
var_name = None
KeyError: (19, None) - Could not find entry for None, 39. Please check the Var_notes or variable mapping.
Matching row  18
coeffs for Last measurement in raw DN for LVPS Board signal “THERM_DAB”= [-443.248 1.31224 -0.00180422 1.40016e-06 -6.43766e-10 1.7448e-13
 -2.57695e-17 1.60239e-21]
var_name = Last measurement in raw DN for LVPS Board signal “THERM_DAB”
var_name = None
KeyError: (19, None) - Could not find entry for None, 40. Please check the Var_notes or variable mapping.
Matching row  18
coeffs for Last measurement in raw DN for LVPS Board signal “THERM_LVPS”= [200.4137 -0.2020699 0.000175403 -9.739547e-08 2.888932e-11 -3.545603e-15
 0.0 0.0]
var_name = Last measurement in raw DN for LVPS Board signal “THERM_LVPS”
var_name = None
KeyError: (19, None) - Could not find entry for None, 41. Please check the Var_notes or variable mapping.
Matching row  18
coeffs for Last measurement in raw DN for LVPS Board signal “THERM_HVPS”= [200.4137 -0.2020699 0.000175403 -9.739547e-08 2.888932e-11 -3.545603e-15
 0.0 0.0]
var_name = Last measurement in raw DN for LVPS Board signal “THERM_HVPS”
var_name = None
KeyError: (19, None) - Could not find entry for None, 45. Please check the Var_notes or variable mapping.
Matching row  18
coeffs for Last measurement in raw DN for LVPS Board signal “P2.5V”= [0.0 0.00161172 0.0 0.0 0.0 0.0 0.0 0.0]
var_name = Last measurement in raw DN for LVPS Board signal “P2.5V”
var_name = None
KeyError: (19, None) - Could not find entry for None, 49. Please check the Var_notes or variable mapping.
Matching row  18
coeffs for Last measurement in raw DN for LVPS Board signal “N2.5V”= [-33.0 0.00886447 0.0 0.0 0.0 0.0 0.0 0.0]
var_name = Last measurement in raw DN for LVPS Board signal “N2.5V”
var_name = None
KeyError: (19, None) - Could not find entry for None, 50. Please check the Var_notes or variable mapping.
Matching row  18
coeffs for Last measurement in raw DN for LVPS Board signal “Spare”= [0.0 0.00161172 0.0 0.0 0.0 0.0 0.0 0.0]
var_name = Last measurement in raw DN for LVPS Board signal “Spare”
var_name = spare_signal
KeyError: (19, 'spare_signal') - Could not find entry for spare_signal, 51. Please check the Var_notes or variable mapping.
High gain delay = 80 samples.
Mid gain delay = 47 samples.
Low gain delay = 47 samples.
High sampling trigger mode =  0 0 1
High gain trigger mode enabled.
For 2222981120, HG Trigger level = 0.15317, sample settings = 0, 0
Threshold trigger mode enabled for high gain channel.
AID = 2415277392
Event number = 78
Rice compression enabled = False
Timestamp = 439513248.48312 seconds since epoch (Midnight January 1st, 2010)
Trigger time = 2023-12-05T23:00:48.483120Z
19
19
19
19
19
19
19
19
19
19
19
19
19
{'SHCOARSE': ParsedDataItem(SHCOARSE, raw=439513608, derived=439513608, unit=dn), 'SHFINE': ParsedDataItem(SHFINE, raw=7697, derived=7697, unit=dn), 'IDX__SCI0AID': ParsedDataItem(IDX__SCI0AID, raw=2415277392, derived=2415277392, unit=None), 'IDX__SCI0TYPE': ParsedDataItem(IDX__SCI0TYPE, raw=1, derived=1, unit=None), 'IDX__SCI0CONT': ParsedDataItem(IDX__SCI0CONT, raw=127, derived=127, unit=None), 'IDX__SCI0SPARE1': ParsedDataItem(IDX__SCI0SPARE1, raw=0, derived=0, unit=None), 'IDX__SCI0PACK': ParsedDataItem(IDX__SCI0PACK, raw=1, derived=EN, unit=None), 'IDX__SCI0FRAG': ParsedDataItem(IDX__SCI0FRAG, raw=0, derived=DS, unit=None), 'IDX__SCI0COMP': ParsedDataItem(IDX__SCI0COMP, raw=0, derived=DS, unit=None), 'IDX__SCI0EVTNUM': ParsedDataItem(IDX__SCI0EVTNUM, raw=79, derived=79, unit=None), 'IDX__SCI0CAT': ParsedDataItem(IDX__SCI0CAT, raw=32, derived=32, unit=None), 'IDX__SCI0QUAL': ParsedDataItem(IDX__SCI0QUAL, raw=5, derived=5, unit=None), 'IDX__SCI0FRAGOFF': ParsedDataItem(IDX__SCI0FRAGOFF, raw=0, derived=0, unit=None), 'IDX__SCI0VER': ParsedDataItem(IDX__SCI0VER, raw=9, derived=9, unit=None), 'IDX__SCI0TIME32': ParsedDataItem(IDX__SCI0TIME32, raw=439513251, derived=439513251, unit=None), 'IDX__SCI0SPARE2': ParsedDataItem(IDX__SCI0SPARE2, raw=0, derived=0, unit=None), 'IDX__SCI0SPARE3': ParsedDataItem(IDX__SCI0SPARE3, raw=0, derived=0, unit=None), 'IDX__SCI0SPARE4': ParsedDataItem(IDX__SCI0SPARE4, raw=0, derived=0, unit=None), 'IDX__TXHDRSCIEVTLEN': ParsedDataItem(IDX__TXHDRSCIEVTLEN, raw=8320, derived=8320, unit=None), 'IDX__TXHDRSP00': ParsedDataItem(IDX__TXHDRSP00, raw=0, derived=0, unit=None), 'IDX__TXHDRTIMESEC1': ParsedDataItem(IDX__TXHDRTIMESEC1, raw=6706, derived=6706, unit=None), 'IDX__TXHDRTIMESEC2': ParsedDataItem(IDX__TXHDRTIMESEC2, raw=28835, derived=28835, unit=None), 'IDX__TXHDRTIMESUBS': ParsedDataItem(IDX__TXHDRTIMESUBS, raw=24147, derived=24147, unit=None), 'IDX__TXHDRSP01': ParsedDataItem(IDX__TXHDRSP01, raw=0, derived=0, unit=None), 'IDX__TXHDRTRIGOFFSET': ParsedDataItem(IDX__TXHDRTRIGOFFSET, raw=2, derived=2, unit=None), 'IDX__TXHDRSP02': ParsedDataItem(IDX__TXHDRSP02, raw=0, derived=0, unit=None), 'IDX__TXHDRTRIGID': ParsedDataItem(IDX__TXHDRTRIGID, raw=1, derived=1, unit=None), 'IDX__TXHDREVTNUM': ParsedDataItem(IDX__TXHDREVTNUM, raw=79, derived=79, unit=None), 'IDX__TXHDRBLOCKS': ParsedDataItem(IDX__TXHDRBLOCKS, raw=243679, derived=243679, unit=None), 'IDX__TXHDRHGTRIGCTRL1': ParsedDataItem(IDX__TXHDRHGTRIGCTRL1, raw=2222981120, derived=2222981120, unit=None), 'IDX__TXHDRHGTRIGCTRL2': ParsedDataItem(IDX__TXHDRHGTRIGCTRL2, raw=0, derived=0, unit=None), 'IDX__TXHDRLGTRIGCTRL1': ParsedDataItem(IDX__TXHDRLGTRIGCTRL1, raw=4294965248, derived=4294965248, unit=None), 'IDX__TXHDRLGTRIGCTRL2': ParsedDataItem(IDX__TXHDRLGTRIGCTRL2, raw=4278255360, derived=4278255360, unit=None), 'IDX__TXHDRMGTRIGCTRL1': ParsedDataItem(IDX__TXHDRMGTRIGCTRL1, raw=4294965248, derived=4294965248, unit=None), 'IDX__TXHDRMGTRIGCTRL2': ParsedDataItem(IDX__TXHDRMGTRIGCTRL2, raw=4278255360, derived=4278255360, unit=None), 'IDX__TXHDRSP03': ParsedDataItem(IDX__TXHDRSP03, raw=0, derived=0, unit=None), 'IDX__TXHDRLSADC': ParsedDataItem(IDX__TXHDRLSADC, raw=1048320, derived=1048320, unit=None), 'IDX__TXHDRPOLSTAT': ParsedDataItem(IDX__TXHDRPOLSTAT, raw=1, derived=NEG, unit=None), 'IDX__TXHDRSP04': ParsedDataItem(IDX__TXHDRSP04, raw=0, derived=0, unit=None), 'IDX__TXHDRPOLCTRL': ParsedDataItem(IDX__TXHDRPOLCTRL, raw=0, derived=POS, unit=None), 'IDX__TXHDRCOINENA': ParsedDataItem(IDX__TXHDRCOINENA, raw=0, derived=DIS, unit=None), 'IDX__TXHDRLSTRIGMODE': ParsedDataItem(IDX__TXHDRLSTRIGMODE, raw=0, derived=DIS, unit=None), 'IDX__TXHDRMGTRIGMODE': ParsedDataItem(IDX__TXHDRMGTRIGMODE, raw=0, derived=0, unit=None), 'IDX__TXHDRLGTRIGMODE': ParsedDataItem(IDX__TXHDRLGTRIGMODE, raw=0, derived=0, unit=None), 'IDX__TXHDRHGTRIGMODE': ParsedDataItem(IDX__TXHDRHGTRIGMODE, raw=1, derived=1, unit=None), 'IDX__TXHDRSP05': ParsedDataItem(IDX__TXHDRSP05, raw=0, derived=0, unit=None), 'IDX__TXHDRSP06': ParsedDataItem(IDX__TXHDRSP06, raw=0, derived=0, unit=None), 'IDX__TXHDRSP07': ParsedDataItem(IDX__TXHDRSP07, raw=2019, derived=2019, unit=None), 'IDX__TXHDRSP08': ParsedDataItem(IDX__TXHDRSP08, raw=0, derived=0, unit=None), 'IDX__TXHDRTOFMAX': ParsedDataItem(IDX__TXHDRTOFMAX, raw=544742109, derived=544742109, unit=None), 'IDX__TXHDRTOFMIN': ParsedDataItem(IDX__TXHDRTOFMIN, raw=535295472, derived=535295472, unit=None), 'IDX__TXHDRLS0MAXMIN': ParsedDataItem(IDX__TXHDRLS0MAXMIN, raw=8468493, derived=8468493, unit=None), 'IDX__TXHDRLS1MAXMIN': ParsedDataItem(IDX__TXHDRLS1MAXMIN, raw=8460264, derived=8460264, unit=None), 'IDX__TXHDRLS2MAXMIN': ParsedDataItem(IDX__TXHDRLS2MAXMIN, raw=10012643, derived=10012643, unit=None), 'IDX__TXHDRFIFODELAY': ParsedDataItem(IDX__TXHDRFIFODELAY, raw=17, derived=17, unit=None), 'IDX__TXHDRSAMPDELAY': ParsedDataItem(IDX__TXHDRSAMPDELAY, raw=15744049, derived=15744049, unit=None), 'IDX__TXHDRTRANSCNT': ParsedDataItem(IDX__TXHDRTRANSCNT, raw=8, derived=8, unit=None), 'IDX__TXHDRPROCHKCH01': ParsedDataItem(IDX__TXHDRPROCHKCH01, raw=83755841, derived=83755841, unit=None), 'IDX__TXHDRPROCHKCH23': ParsedDataItem(IDX__TXHDRPROCHKCH23, raw=106431714, derived=106431714, unit=None), 'IDX__TXHDRPROCHKCH45': ParsedDataItem(IDX__TXHDRPROCHKCH45, raw=168953050, derived=168953050, unit=None), 'IDX__TXHDRPROCHKCH67': ParsedDataItem(IDX__TXHDRPROCHKCH67, raw=133695768, derived=133695768, unit=None), 'IDX__TXHDRHVPSHKCH01': ParsedDataItem(IDX__TXHDRHVPSHKCH01, raw=131859799, derived=131859799, unit=None), 'IDX__TXHDRHVPSHKCH23': ParsedDataItem(IDX__TXHDRHVPSHKCH23, raw=8849070, derived=8849070, unit=None), 'IDX__TXHDRHVPSHKCH45': ParsedDataItem(IDX__TXHDRHVPSHKCH45, raw=127731674, derived=127731674, unit=None), 'IDX__TXHDRHVPSHKCH67': ParsedDataItem(IDX__TXHDRHVPSHKCH67, raw=19991183, derived=19991183, unit=None), 'IDX__TXHDRLVHK0CH01': ParsedDataItem(IDX__TXHDRLVHK0CH01, raw=134219776, derived=134219776, unit=None), 'IDX__TXHDRLVHK0CH23': ParsedDataItem(IDX__TXHDRLVHK0CH23, raw=172035001, derived=172035001, unit=None), 'IDX__TXHDRLVHK0CH45': ParsedDataItem(IDX__TXHDRLVHK0CH45, raw=134745195, derived=134745195, unit=None), 'IDX__TXHDRLVHK0CH67': ParsedDataItem(IDX__TXHDRLVHK0CH67, raw=205982803, derived=205982803, unit=None), 'IDX__TXHDRLVHK1CH01': ParsedDataItem(IDX__TXHDRLVHK1CH01, raw=33621646, derived=33621646, unit=None), 'IDX__TXHDRLVHK1CH23': ParsedDataItem(IDX__TXHDRLVHK1CH23, raw=74450378, derived=74450378, unit=None), 'IDX__TXHDRLVHK1CH45': ParsedDataItem(IDX__TXHDRLVHK1CH45, raw=214697794, derived=214697794, unit=None), 'IDX__TXHDRLVHK1CH67': ParsedDataItem(IDX__TXHDRLVHK1CH67, raw=192872901, derived=192872901, unit=None), 'IDX__TXHDRLVHK2CH01': ParsedDataItem(IDX__TXHDRLVHK2CH01, raw=81659105, derived=81659105, unit=None), 'IDX__TXHDRLVHK2CH23': ParsedDataItem(IDX__TXHDRLVHK2CH23, raw=192154335, derived=192154335, unit=None), 'IDX__TXHDRLVHK2CH45': ParsedDataItem(IDX__TXHDRLVHK2CH45, raw=101059654, derived=101059654, unit=None), 'IDX__TXHDRLVHK2CH67': ParsedDataItem(IDX__TXHDRLVHK2CH67, raw=69016, derived=69016, unit=None), 'IDX__TXHDRSP09': ParsedDataItem(IDX__TXHDRSP09, raw=0, derived=0, unit=None), 'IDX__TXHDRSP10': ParsedDataItem(IDX__TXHDRSP10, raw=0, derived=0, unit=None), 'IDX__TXHDRFSWAIDCOPY': ParsedDataItem(IDX__TXHDRFSWAIDCOPY, raw=2415277392, derived=2415277392, unit=None), 'IDX__TXHDRFSWBINCOPY': ParsedDataItem(IDX__TXHDRFSWBINCOPY, raw=0, derived=0, unit=None), 'IDX__TXHDRFSWMAJOR': ParsedDataItem(IDX__TXHDRFSWMAJOR, raw=2, derived=2, unit=None), 'IDX__TXHDRFSWMINOR': ParsedDataItem(IDX__TXHDRFSWMINOR, raw=0, derived=0, unit=None), 'IDX__TXHDRFSWPATCH': ParsedDataItem(IDX__TXHDRFSWPATCH, raw=0, derived=0, unit=None), 'IDX__TXHDRFSWHVSTAT': ParsedDataItem(IDX__TXHDRFSWHVSTAT, raw=3, derived=3, unit=None), 'IDX__TXHDRFSWMEM0': ParsedDataItem(IDX__TXHDRFSWMEM0, raw=0, derived=0, unit=None), 'IDX__TXHDRFSWMEM1': ParsedDataItem(IDX__TXHDRFSWMEM1, raw=0, derived=0, unit=None), 'IDX__TXHDRFSWPT0': ParsedDataItem(IDX__TXHDRFSWPT0, raw=0, derived=0, unit=None), 'IDX__TXHDRFSWPT1': ParsedDataItem(IDX__TXHDRFSWPT1, raw=0, derived=0, unit=None), 'IDX__TXHDRFSWPT2': ParsedDataItem(IDX__TXHDRFSWPT2, raw=0, derived=0, unit=None), 'IDX__TXHDRFSWPT3': ParsedDataItem(IDX__TXHDRFSWPT3, raw=0, derived=0, unit=None), 'IDX__TXHDRFSWPT4': ParsedDataItem(IDX__TXHDRFSWPT4, raw=0, derived=0, unit=None), 'IDX__TXHDRFSWPT5': ParsedDataItem(IDX__TXHDRFSWPT5, raw=0, derived=0, unit=None), 'IDX__TXHDRFSWPT6': ParsedDataItem(IDX__TXHDRFSWPT6, raw=0, derived=0, unit=None), 'IDX__TXHDRFSWPT7': ParsedDataItem(IDX__TXHDRFSWPT7, raw=0, derived=0, unit=None), 'IDX__TXHDRFSWPT8': ParsedDataItem(IDX__TXHDRFSWPT8, raw=0, derived=0, unit=None), 'IDX__TXHDRFSWPT9': ParsedDataItem(IDX__TXHDRFSWPT9, raw=0, derived=0, unit=None), 'IDX__TXHDRFPGAVER': ParsedDataItem(IDX__TXHDRFPGAVER, raw=539165480, derived=539165480, unit=None), 'IDX__SYNCSCI0PKT': ParsedDataItem(IDX__SYNCSCI0PKT, raw=13107, derived=13107, unit=None), 'IDX__CRCSCI0PKT': ParsedDataItem(IDX__CRCSCI0PKT, raw=44154, derived=44154, unit=None)}
SHCOARSE = 439513608
SHFINE = 7697
IDX__SCI0AID = 2415277392
IDX__SCI0TYPE = 1
IDX__SCI0CONT = 127
IDX__SCI0SPARE1 = 0
IDX__SCI0PACK = EN
IDX__SCI0FRAG = DS
IDX__SCI0COMP = DS
IDX__SCI0EVTNUM = 79
IDX__SCI0CAT = 32
IDX__SCI0QUAL = 5
IDX__SCI0FRAGOFF = 0
IDX__SCI0VER = 9
IDX__SCI0TIME32 = 439513251
IDX__SCI0SPARE2 = 0
IDX__SCI0SPARE3 = 0
IDX__SCI0SPARE4 = 0
IDX__TXHDRSCIEVTLEN = 8320
IDX__TXHDRSP00 = 0
IDX__TXHDRTIMESEC1 = 6706
IDX__TXHDRTIMESEC2 = 28835
IDX__TXHDRTIMESUBS = 24147
IDX__TXHDRSP01 = 0
IDX__TXHDRTRIGOFFSET = 2
IDX__TXHDRSP02 = 0
IDX__TXHDRTRIGID = 1
IDX__TXHDREVTNUM = 79
IDX__TXHDRBLOCKS = 243679
IDX__TXHDRHGTRIGCTRL1 = 2222981120
IDX__TXHDRHGTRIGCTRL2 = 0
IDX__TXHDRLGTRIGCTRL1 = 4294965248
IDX__TXHDRLGTRIGCTRL2 = 4278255360
IDX__TXHDRMGTRIGCTRL1 = 4294965248
IDX__TXHDRMGTRIGCTRL2 = 4278255360
IDX__TXHDRSP03 = 0
IDX__TXHDRLSADC = 1048320
IDX__TXHDRPOLSTAT = NEG
IDX__TXHDRSP04 = 0
IDX__TXHDRPOLCTRL = POS
IDX__TXHDRCOINENA = DIS
IDX__TXHDRLSTRIGMODE = DIS
IDX__TXHDRMGTRIGMODE = 0
IDX__TXHDRLGTRIGMODE = 0
IDX__TXHDRHGTRIGMODE = 1
IDX__TXHDRSP05 = 0
IDX__TXHDRSP06 = 0
IDX__TXHDRSP07 = 2019
IDX__TXHDRSP08 = 0
IDX__TXHDRTOFMAX = 544742109
IDX__TXHDRTOFMIN = 535295472
IDX__TXHDRLS0MAXMIN = 8468493
IDX__TXHDRLS1MAXMIN = 8460264
IDX__TXHDRLS2MAXMIN = 10012643
IDX__TXHDRFIFODELAY = 17
IDX__TXHDRSAMPDELAY = 15744049
IDX__TXHDRTRANSCNT = 8
IDX__TXHDRPROCHKCH01 = 83755841
IDX__TXHDRPROCHKCH23 = 106431714
IDX__TXHDRPROCHKCH45 = 168953050
IDX__TXHDRPROCHKCH67 = 133695768
IDX__TXHDRHVPSHKCH01 = 131859799
IDX__TXHDRHVPSHKCH23 = 8849070
IDX__TXHDRHVPSHKCH45 = 127731674
IDX__TXHDRHVPSHKCH67 = 19991183
IDX__TXHDRLVHK0CH01 = 134219776
IDX__TXHDRLVHK0CH23 = 172035001
IDX__TXHDRLVHK0CH45 = 134745195
IDX__TXHDRLVHK0CH67 = 205982803
IDX__TXHDRLVHK1CH01 = 33621646
IDX__TXHDRLVHK1CH23 = 74450378
IDX__TXHDRLVHK1CH45 = 214697794
IDX__TXHDRLVHK1CH67 = 192872901
IDX__TXHDRLVHK2CH01 = 81659105
IDX__TXHDRLVHK2CH23 = 192154335
IDX__TXHDRLVHK2CH45 = 101059654
IDX__TXHDRLVHK2CH67 = 69016
IDX__TXHDRSP09 = 0
IDX__TXHDRSP10 = 0
IDX__TXHDRFSWAIDCOPY = 2415277392
IDX__TXHDRFSWBINCOPY = 0
IDX__TXHDRFSWMAJOR = 2
IDX__TXHDRFSWMINOR = 0
IDX__TXHDRFSWPATCH = 0
IDX__TXHDRFSWHVSTAT = 3
IDX__TXHDRFSWMEM0 = 0
IDX__TXHDRFSWMEM1 = 0
IDX__TXHDRFSWPT0 = 0
IDX__TXHDRFSWPT1 = 0
IDX__TXHDRFSWPT2 = 0
IDX__TXHDRFSWPT3 = 0
IDX__TXHDRFSWPT4 = 0
IDX__TXHDRFSWPT5 = 0
IDX__TXHDRFSWPT6 = 0
IDX__TXHDRFSWPT7 = 0
IDX__TXHDRFSWPT8 = 0
IDX__TXHDRFSWPT9 = 0
IDX__TXHDRFPGAVER = 539165480
IDX__SYNCSCI0PKT = 13107
IDX__CRCSCI0PKT = 44154
^*****Event header 20******^
EVTNUM: 20
SCI0TYPE: 1
TXHDRBLOCKS RAW: 243679
TXHDRBLOCKS DERIVED: 243679
-----
HS pre trig sampling blocks:  31
LS pre trig sampling blocks:  3
HS post trig sampling blocks:  31
LS post trig sampling blocks:  11
IDX__TXHDRHVPSHKCH01 = 131859799
Detector voltage =  1367
Sensor voltage =  2012
Target voltage =  1710
Reflectron voltage =  135
Rejection voltage =  2010
Current for HVPS sensor =  1949
Positive current for HVPS sensor =  2703
Negative current for HVPS sensor =  305
Voltage +3.3V reference =  2048
Voltage +3.3V operational reference =  2048
Voltage -6V bus =  3001
Voltage +6V bus =  2625
Voltage +16V bus =  3179
Voltage +3.3V bus =  2056
Voltage -5V bus =  3155
Voltage +5V bus =  3143
Current +3.3V bus =  1678
Current +16V bus =  1136
Current +6V bus =  1482
Current -6V bus =  1136
Current +5V bus =  1858
Current -5V bus =  3276
Current +2.5V bus =  453
Current -2.5V bus =  2943
Current on the 1V POL =  833
Current on the 1.9V POL =  1278
ProcBd Temperature 1 =  1250
ProcBd Temperature 2 =  1624
Voltage on 1V bus =  1242
FPGA Temperature =  2578
Voltage on 1.9V bus =  2328
Voltage on 3.3V bus =  2040
var_to_row = {'Last measurement in raw DN for Processor Board signal “1V POL Current”': 0, 'Last measurement in raw DN for Processor Board signal “1.9V POL Current”': 1, 'Last measurement in raw DN for Processor Board signal “ProcBd Temp1”': 2, nan: 48, 'Last measurement in raw DN for Processor Board signal “ProcBd Temp2”': 6, 'Last measurement in raw DN for Processor Board signal “1V Voltage”': 10, 'Last measurement in raw DN for Processor Board signal “FPGA Temp”': 11, 'Last measurement in raw DN for Processor Board signal “1.9V Voltage”': 12, 'Last measurement in raw DN for Processor Board signal “3.3V Voltage”': 13, 'Last measurement in raw DN for HVPS Board signal “Detector Voltage”': 14, 'Last measurement in raw DN for HVPS Board signal “Sensor Voltage"': 15, 'Last measurement in raw DN for HVPS Board signal “Target Voltage”': 16, 'Last measurement in raw DN for HVPS Board signal “Reflectron Voltage”': 17, 'Last measurement in raw DN for HVPS Board signal “Rejection Voltage”': 18, 'Last measurement in raw DN for HVPS Board signal “Detector Current”': 19, 'Last measurement in raw DN for HVPS Board signal “Sensor IP”': 20, 'Last measurement in raw DN for HVPS Board signal “Sensor IN”': 21, 'Last measurement in raw DN for LVPS Board signal “P3.3VREF_HK”': 22, 'Last measurement in raw DN for LVPS Board signal “P3.3VREF_OP”': 23, 'Last measurement in raw DN for LVPS Board signal “N6V”': 24, 'Last measurement in raw DN for LVPS Board signal “P6V”': 25, 'Last measurement in raw DN for LVPS Board signal “P16V”': 26, 'Last measurement in raw DN for LVPS Board signal “P3.3V”': 27, 'Last measurement in raw DN for LVPS Board signal “N5V”': 28, 'Last measurement in raw DN for LVPS Board signal “P5V”': 29, 'Last measurement in raw DN for LVPS Board signal “P3.3_IMON”': 30, 'Last measurement in raw DN for LVPS Board signal “P16V_IMON”': 31, 'Last measurement in raw DN for LVPS Board signal “P6V_IMON”': 32, 'Last measurement in raw DN for LVPS Board signal “N6V_IMON”': 33, 'Last measurement in raw DN for LVPS Board signal “P5V_IMON”': 34, 'Last measurement in raw DN for LVPS Board signal “N5V_IMON”': 35, 'Last measurement in raw DN for LVPS Board signal “P2.5V_IMON”': 36, 'Last measurement in raw DN for LVPS Board signal “N2.5V_IMON”': 37, 'Last measurement in raw DN for LVPS Board signal “THERM_DECON0”': 38, 'Last measurement in raw DN for LVPS Board signal “THERM_DECON1”': 39, 'Last measurement in raw DN for LVPS Board signal “THERM_DAB”': 40, 'Last measurement in raw DN for LVPS Board signal “THERM_LVPS”': 41, 'Last measurement in raw DN for LVPS Board signal “THERM_HVPS”': 45, 'Last measurement in raw DN for LVPS Board signal “P2.5V”': 49, 'Last measurement in raw DN for LVPS Board signal “N2.5V”': 50, 'Last measurement in raw DN for LVPS Board signal “Spare”': 51}

 
 ***** var_name being converted for each instrument setting ***** 
 

Matching row  18
coeffs for Last measurement in raw DN for Processor Board signal “1V POL Current”= [0.0 0.9029253 0.0 0.0 0.0 0.0 0.0 0.0]
var_name = Last measurement in raw DN for Processor Board signal “1V POL Current”
var_name = current_1V_pol
Header info = 833
Transformed value for current_1V_pol = 752.1367749000001
Matching row  18
coeffs for Last measurement in raw DN for Processor Board signal “1.9V POL Current”= [0.0 0.9029253 0.0 0.0 0.0 0.0 0.0 0.0]
var_name = Last measurement in raw DN for Processor Board signal “1.9V POL Current”
var_name = current_1.9V_pol
Header info = 1278
Transformed value for current_1.9V_pol = 1153.9385334
Matching row  18
coeffs for Last measurement in raw DN for Processor Board signal “ProcBd Temp1”= [162.8276 -0.2668687 0.0003323794 -2.43153e-07 9.034532e-11 -1.327735e-14
 0.0 0.0]
var_name = Last measurement in raw DN for Processor Board signal “ProcBd Temp1”
var_name = temperature_1
Header info = 1250
Transformed value for temperature_1 = 53.72670668945321
Matching row  18
coeffs for nan= [-104713.9 52.02446 -0.006463374 0.0 0.0 0.0 0.0 0.0]
var_name = nan
var_name = None
KeyError: (20, None) - Could not find entry for None, 48. Please check the Var_notes or variable mapping.
Matching row  18
coeffs for Last measurement in raw DN for Processor Board signal “ProcBd Temp2”= [162.8276 -0.2668687 0.0003323794 -2.43153e-07 9.034532e-11 -1.327735e-14
 0.0 0.0]
var_name = Last measurement in raw DN for Processor Board signal “ProcBd Temp2”
var_name = temperature_2
Header info = 1624
Transformed value for temperature_2 = 43.030834589476854
Matching row  18
coeffs for Last measurement in raw DN for Processor Board signal “1V Voltage”= [0.0 0.000805861 0.0 0.0 0.0 0.0 0.0 0.0]
var_name = Last measurement in raw DN for Processor Board signal “1V Voltage”
var_name = voltage_1V_bus
Header info = 1242
Transformed value for voltage_1V_bus = 1.0008793619999998
Matching row  18
coeffs for Last measurement in raw DN for Processor Board signal “FPGA Temp”= [358.31 -0.1187104 0.0 0.0 0.0 0.0 0.0 0.0]
var_name = Last measurement in raw DN for Processor Board signal “FPGA Temp”
var_name = fpga_temperature
Header info = 2578
Transformed value for fpga_temperature = 52.274588800000004
Matching row  18
coeffs for Last measurement in raw DN for Processor Board signal “1.9V Voltage”= [0.0 0.000805861 0.0 0.0 0.0 0.0 0.0 0.0]
var_name = Last measurement in raw DN for Processor Board signal “1.9V Voltage”
var_name = voltage_1.9V_bus
Header info = 2328
Transformed value for voltage_1.9V_bus = 1.8760444079999998
Matching row  18
coeffs for Last measurement in raw DN for Processor Board signal “3.3V Voltage”= [0.0 0.001611722 0.0 0.0 0.0 0.0 0.0 0.0]
var_name = Last measurement in raw DN for Processor Board signal “3.3V Voltage”
var_name = voltage_3.3V_bus
Header info = 2040
Transformed value for voltage_3.3V_bus = 3.28791288
Matching row  18
coeffs for Last measurement in raw DN for HVPS Board signal “Detector Voltage”= [0.0 1.4652 0.0 0.0 0.0 0.0 0.0 0.0]
var_name = Last measurement in raw DN for HVPS Board signal “Detector Voltage”
var_name = detector_voltage
Header info = 1367
Transformed value for detector_voltage = 2002.9284
Matching row  18
coeffs for Last measurement in raw DN for HVPS Board signal “Sensor Voltage"= [0.0 1.4652 0.0 0.0 0.0 0.0 0.0 0.0]
var_name = Last measurement in raw DN for HVPS Board signal “Sensor Voltage"
var_name = sensor_voltage
Header info = 2012
Transformed value for sensor_voltage = 2947.9824000000003
Matching row  18
coeffs for Last measurement in raw DN for HVPS Board signal “Target Voltage”= [0.0 1.4652 0.0 0.0 0.0 0.0 0.0 0.0]
var_name = Last measurement in raw DN for HVPS Board signal “Target Voltage”
var_name = target_voltage
Header info = 1710
Transformed value for target_voltage = 2505.492
Matching row  18
coeffs for Last measurement in raw DN for HVPS Board signal “Reflectron Voltage”= [0.0 1.4652 0.0 0.0 0.0 0.0 0.0 0.0]
var_name = Last measurement in raw DN for HVPS Board signal “Reflectron Voltage”
var_name = reflectron_voltage
Header info = 135
Transformed value for reflectron_voltage = 197.80200000000002
Matching row  18
coeffs for Last measurement in raw DN for HVPS Board signal “Rejection Voltage”= [0.0 1.4652 0.0 0.0 0.0 0.0 0.0 0.0]
var_name = Last measurement in raw DN for HVPS Board signal “Rejection Voltage”
var_name = rejection_voltage
Header info = 2010
Transformed value for rejection_voltage = 2945.052
Matching row  18
coeffs for Last measurement in raw DN for HVPS Board signal “Detector Current”= [0.0 7.326e-06 0.0 0.0 0.0 0.0 0.0 0.0]
var_name = Last measurement in raw DN for HVPS Board signal “Detector Current”
var_name = current_hvps_sensor
Header info = 1949
Transformed value for current_hvps_sensor = 0.014278374
Matching row  18
coeffs for Last measurement in raw DN for HVPS Board signal “Sensor IP”= [0.0 2.4339e-05 0.0 0.0 0.0 0.0 0.0 0.0]
var_name = Last measurement in raw DN for HVPS Board signal “Sensor IP”
var_name = positive_current_hvps
Header info = 2703
Transformed value for positive_current_hvps = 0.065788317
Matching row  18
coeffs for Last measurement in raw DN for HVPS Board signal “Sensor IN”= [0.0 2.4339e-05 0.0 0.0 0.0 0.0 0.0 0.0]
var_name = Last measurement in raw DN for HVPS Board signal “Sensor IN”
var_name = negative_current_hvps
Header info = 305
Transformed value for negative_current_hvps = 0.007423394999999999
Matching row  18
coeffs for Last measurement in raw DN for LVPS Board signal “P3.3VREF_HK”= [0.0 0.00161172 0.0 0.0 0.0 0.0 0.0 0.0]
var_name = Last measurement in raw DN for LVPS Board signal “P3.3VREF_HK”
var_name = voltage_3V3_ref
Header info = 2048
Transformed value for voltage_3V3_ref = 3.30080256
Matching row  18
coeffs for Last measurement in raw DN for LVPS Board signal “P3.3VREF_OP”= [0.0 0.00161172 0.0 0.0 0.0 0.0 0.0 0.0]
var_name = Last measurement in raw DN for LVPS Board signal “P3.3VREF_OP”
var_name = voltage_3V3_op_ref
Header info = 2048
Transformed value for voltage_3V3_op_ref = 3.30080256
Matching row  18
coeffs for Last measurement in raw DN for LVPS Board signal “N6V”= [-33.0 0.00886447 0.0 0.0 0.0 0.0 0.0 0.0]
var_name = Last measurement in raw DN for LVPS Board signal “N6V”
var_name = voltage_neg6V_bus
Header info = 3001
Transformed value for voltage_neg6V_bus = -6.397725530000002
Matching row  18
coeffs for Last measurement in raw DN for LVPS Board signal “P6V”= [0.0 0.00241758 0.0 0.0 0.0 0.0 0.0 0.0]
var_name = Last measurement in raw DN for LVPS Board signal “P6V”
var_name = voltage_pos6V_bus
Header info = 2625
Transformed value for voltage_pos6V_bus = 6.3461475
Matching row  18
coeffs for Last measurement in raw DN for LVPS Board signal “P16V”= [0.0 0.00482711 0.0 0.0 0.0 0.0 0.0 0.0]
var_name = Last measurement in raw DN for LVPS Board signal “P16V”
var_name = voltage_pos16V_bus
Header info = 3179
Transformed value for voltage_pos16V_bus = 15.34538269
Matching row  18
coeffs for Last measurement in raw DN for LVPS Board signal “P3.3V”= [0.0 0.00161172 0.0 0.0 0.0 0.0 0.0 0.0]
var_name = Last measurement in raw DN for LVPS Board signal “P3.3V”
var_name = voltage_pos3V3_bus
Header info = 2056
Transformed value for voltage_pos3V3_bus = 3.31369632
Matching row  18
coeffs for Last measurement in raw DN for LVPS Board signal “N5V”= [-33.0 0.00886447 0.0 0.0 0.0 0.0 0.0 0.0]
var_name = Last measurement in raw DN for LVPS Board signal “N5V”
var_name = voltage_neg5V_bus
Header info = 3155
Transformed value for voltage_neg5V_bus = -5.032597150000001
Matching row  18
coeffs for Last measurement in raw DN for LVPS Board signal “P5V”= [0.0 0.00161172 0.0 0.0 0.0 0.0 0.0 0.0]
var_name = Last measurement in raw DN for LVPS Board signal “P5V”
var_name = voltage_pos5V_bus
Header info = 3143
Transformed value for voltage_pos5V_bus = 5.06563596
Matching row  18
coeffs for Last measurement in raw DN for LVPS Board signal “P3.3_IMON”= [0.0 0.00161172 0.0 0.0 0.0 0.0 0.0 0.0]
var_name = Last measurement in raw DN for LVPS Board signal “P3.3_IMON”
var_name = current_3V3_bus
Header info = 1678
Transformed value for current_3V3_bus = 2.70446616
Matching row  18
coeffs for Last measurement in raw DN for LVPS Board signal “P16V_IMON”= [0.0 0.000161172 0.0 0.0 0.0 0.0 0.0 0.0]
var_name = Last measurement in raw DN for LVPS Board signal “P16V_IMON”
var_name = current_16V_bus
Header info = 1136
Transformed value for current_16V_bus = 0.18309139200000002
Matching row  18
coeffs for Last measurement in raw DN for LVPS Board signal “P6V_IMON”= [0.0 8.05861e-05 0.0 0.0 0.0 0.0 0.0 0.0]
var_name = Last measurement in raw DN for LVPS Board signal “P6V_IMON”
var_name = current_6V_bus
Header info = 1482
Transformed value for current_6V_bus = 0.1194286002
Matching row  18
coeffs for Last measurement in raw DN for LVPS Board signal “N6V_IMON”= [0.0 -8.05861e-05 0.0 0.0 0.0 0.0 0.0 0.0]
var_name = Last measurement in raw DN for LVPS Board signal “N6V_IMON”
var_name = current_neg6V_bus
Header info = 1136
Transformed value for current_neg6V_bus = -0.0915458096
Matching row  18
coeffs for Last measurement in raw DN for LVPS Board signal “P5V_IMON”= [0.0 4.029304e-05 0.0 0.0 0.0 0.0 0.0 0.0]
var_name = Last measurement in raw DN for LVPS Board signal “P5V_IMON”
var_name = current_5V_bus
Header info = 1858
Transformed value for current_5V_bus = 0.07486446832
Matching row  18
coeffs for Last measurement in raw DN for LVPS Board signal “N5V_IMON”= [0.0 -2.01465e-05 0.0 0.0 0.0 0.0 0.0 0.0]
var_name = Last measurement in raw DN for LVPS Board signal “N5V_IMON”
var_name = current_neg5V_bus
Header info = 3276
Transformed value for current_neg5V_bus = -0.06599993400000001
Matching row  18
coeffs for Last measurement in raw DN for LVPS Board signal “P2.5V_IMON”= [0.0 0.00161172 0.0 0.0 0.0 0.0 0.0 0.0]
var_name = Last measurement in raw DN for LVPS Board signal “P2.5V_IMON”
var_name = current_2V5_bus
Header info = 453
Transformed value for current_2V5_bus = 0.73010916
Matching row  18
coeffs for Last measurement in raw DN for LVPS Board signal “N2.5V_IMON”= [0.0 -4.0293e-05 0.0 0.0 0.0 0.0 0.0 0.0]
var_name = Last measurement in raw DN for LVPS Board signal “N2.5V_IMON”
var_name = current_neg2V5_bus
Header info = 2943
Transformed value for current_neg2V5_bus = -0.118582299
Matching row  18
coeffs for Last measurement in raw DN for LVPS Board signal “THERM_DECON0”= [-110.293 0.0665351 0.000305738 -6.32048e-07 5.9934e-10 -2.98784e-13
 7.61361e-17 -7.76467e-21]
var_name = Last measurement in raw DN for LVPS Board signal “THERM_DECON0”
var_name = None
KeyError: (20, None) - Could not find entry for None, 38. Please check the Var_notes or variable mapping.
Matching row  18
coeffs for Last measurement in raw DN for LVPS Board signal “THERM_DECON1”= [-150.478 0.376986 -0.00062072 7.73853e-07 -5.81588e-10 2.56368e-13
 -6.05698e-17 5.96635e-21]
var_name = Last measurement in raw DN for LVPS Board signal “THERM_DECON1”
var_name = None
KeyError: (20, None) - Could not find entry for None, 39. Please check the Var_notes or variable mapping.
Matching row  18
coeffs for Last measurement in raw DN for LVPS Board signal “THERM_DAB”= [-443.248 1.31224 -0.00180422 1.40016e-06 -6.43766e-10 1.7448e-13
 -2.57695e-17 1.60239e-21]
var_name = Last measurement in raw DN for LVPS Board signal “THERM_DAB”
var_name = None
KeyError: (20, None) - Could not find entry for None, 40. Please check the Var_notes or variable mapping.
Matching row  18
coeffs for Last measurement in raw DN for LVPS Board signal “THERM_LVPS”= [200.4137 -0.2020699 0.000175403 -9.739547e-08 2.888932e-11 -3.545603e-15
 0.0 0.0]
var_name = Last measurement in raw DN for LVPS Board signal “THERM_LVPS”
var_name = None
KeyError: (20, None) - Could not find entry for None, 41. Please check the Var_notes or variable mapping.
Matching row  18
coeffs for Last measurement in raw DN for LVPS Board signal “THERM_HVPS”= [200.4137 -0.2020699 0.000175403 -9.739547e-08 2.888932e-11 -3.545603e-15
 0.0 0.0]
var_name = Last measurement in raw DN for LVPS Board signal “THERM_HVPS”
var_name = None
KeyError: (20, None) - Could not find entry for None, 45. Please check the Var_notes or variable mapping.
Matching row  18
coeffs for Last measurement in raw DN for LVPS Board signal “P2.5V”= [0.0 0.00161172 0.0 0.0 0.0 0.0 0.0 0.0]
var_name = Last measurement in raw DN for LVPS Board signal “P2.5V”
var_name = None
KeyError: (20, None) - Could not find entry for None, 49. Please check the Var_notes or variable mapping.
Matching row  18
coeffs for Last measurement in raw DN for LVPS Board signal “N2.5V”= [-33.0 0.00886447 0.0 0.0 0.0 0.0 0.0 0.0]
var_name = Last measurement in raw DN for LVPS Board signal “N2.5V”
var_name = None
KeyError: (20, None) - Could not find entry for None, 50. Please check the Var_notes or variable mapping.
Matching row  18
coeffs for Last measurement in raw DN for LVPS Board signal “Spare”= [0.0 0.00161172 0.0 0.0 0.0 0.0 0.0 0.0]
var_name = Last measurement in raw DN for LVPS Board signal “Spare”
var_name = spare_signal
KeyError: (20, 'spare_signal') - Could not find entry for spare_signal, 51. Please check the Var_notes or variable mapping.
High gain delay = 49 samples.
Mid gain delay = 15 samples.
Low gain delay = 15 samples.
High sampling trigger mode =  0 0 1
High gain trigger mode enabled.
For 2222981120, HG Trigger level = 0.15317, sample settings = 0, 0
Threshold trigger mode enabled for high gain channel.
AID = 2415277392
Event number = 79
Rice compression enabled = False
Timestamp = 439513251.48294 seconds since epoch (Midnight January 1st, 2010)
Trigger time = 2023-12-05T23:00:51.482940Z
20
20
20
20
20
20
20
20
20
20
20
20
20
{'SHCOARSE': ParsedDataItem(SHCOARSE, raw=439513622, derived=439513622, unit=dn), 'SHFINE': ParsedDataItem(SHFINE, raw=7706, derived=7706, unit=dn), 'IDX__SCI0AID': ParsedDataItem(IDX__SCI0AID, raw=2415277392, derived=2415277392, unit=None), 'IDX__SCI0TYPE': ParsedDataItem(IDX__SCI0TYPE, raw=1, derived=1, unit=None), 'IDX__SCI0CONT': ParsedDataItem(IDX__SCI0CONT, raw=127, derived=127, unit=None), 'IDX__SCI0SPARE1': ParsedDataItem(IDX__SCI0SPARE1, raw=0, derived=0, unit=None), 'IDX__SCI0PACK': ParsedDataItem(IDX__SCI0PACK, raw=1, derived=EN, unit=None), 'IDX__SCI0FRAG': ParsedDataItem(IDX__SCI0FRAG, raw=0, derived=DS, unit=None), 'IDX__SCI0COMP': ParsedDataItem(IDX__SCI0COMP, raw=0, derived=DS, unit=None), 'IDX__SCI0EVTNUM': ParsedDataItem(IDX__SCI0EVTNUM, raw=80, derived=80, unit=None), 'IDX__SCI0CAT': ParsedDataItem(IDX__SCI0CAT, raw=32, derived=32, unit=None), 'IDX__SCI0QUAL': ParsedDataItem(IDX__SCI0QUAL, raw=5, derived=5, unit=None), 'IDX__SCI0FRAGOFF': ParsedDataItem(IDX__SCI0FRAGOFF, raw=0, derived=0, unit=None), 'IDX__SCI0VER': ParsedDataItem(IDX__SCI0VER, raw=9, derived=9, unit=None), 'IDX__SCI0TIME32': ParsedDataItem(IDX__SCI0TIME32, raw=439513254, derived=439513254, unit=None), 'IDX__SCI0SPARE2': ParsedDataItem(IDX__SCI0SPARE2, raw=0, derived=0, unit=None), 'IDX__SCI0SPARE3': ParsedDataItem(IDX__SCI0SPARE3, raw=0, derived=0, unit=None), 'IDX__SCI0SPARE4': ParsedDataItem(IDX__SCI0SPARE4, raw=0, derived=0, unit=None), 'IDX__TXHDRSCIEVTLEN': ParsedDataItem(IDX__TXHDRSCIEVTLEN, raw=8320, derived=8320, unit=None), 'IDX__TXHDRSP00': ParsedDataItem(IDX__TXHDRSP00, raw=0, derived=0, unit=None), 'IDX__TXHDRTIMESEC1': ParsedDataItem(IDX__TXHDRTIMESEC1, raw=6706, derived=6706, unit=None), 'IDX__TXHDRTIMESEC2': ParsedDataItem(IDX__TXHDRTIMESEC2, raw=28838, derived=28838, unit=None), 'IDX__TXHDRTIMESUBS': ParsedDataItem(IDX__TXHDRTIMESUBS, raw=24138, derived=24138, unit=None), 'IDX__TXHDRSP01': ParsedDataItem(IDX__TXHDRSP01, raw=0, derived=0, unit=None), 'IDX__TXHDRTRIGOFFSET': ParsedDataItem(IDX__TXHDRTRIGOFFSET, raw=1, derived=1, unit=None), 'IDX__TXHDRSP02': ParsedDataItem(IDX__TXHDRSP02, raw=0, derived=0, unit=None), 'IDX__TXHDRTRIGID': ParsedDataItem(IDX__TXHDRTRIGID, raw=1, derived=1, unit=None), 'IDX__TXHDREVTNUM': ParsedDataItem(IDX__TXHDREVTNUM, raw=80, derived=80, unit=None), 'IDX__TXHDRBLOCKS': ParsedDataItem(IDX__TXHDRBLOCKS, raw=243679, derived=243679, unit=None), 'IDX__TXHDRHGTRIGCTRL1': ParsedDataItem(IDX__TXHDRHGTRIGCTRL1, raw=2222981120, derived=2222981120, unit=None), 'IDX__TXHDRHGTRIGCTRL2': ParsedDataItem(IDX__TXHDRHGTRIGCTRL2, raw=0, derived=0, unit=None), 'IDX__TXHDRLGTRIGCTRL1': ParsedDataItem(IDX__TXHDRLGTRIGCTRL1, raw=4294965248, derived=4294965248, unit=None), 'IDX__TXHDRLGTRIGCTRL2': ParsedDataItem(IDX__TXHDRLGTRIGCTRL2, raw=4278255360, derived=4278255360, unit=None), 'IDX__TXHDRMGTRIGCTRL1': ParsedDataItem(IDX__TXHDRMGTRIGCTRL1, raw=4294965248, derived=4294965248, unit=None), 'IDX__TXHDRMGTRIGCTRL2': ParsedDataItem(IDX__TXHDRMGTRIGCTRL2, raw=4278255360, derived=4278255360, unit=None), 'IDX__TXHDRSP03': ParsedDataItem(IDX__TXHDRSP03, raw=0, derived=0, unit=None), 'IDX__TXHDRLSADC': ParsedDataItem(IDX__TXHDRLSADC, raw=1048320, derived=1048320, unit=None), 'IDX__TXHDRPOLSTAT': ParsedDataItem(IDX__TXHDRPOLSTAT, raw=1, derived=NEG, unit=None), 'IDX__TXHDRSP04': ParsedDataItem(IDX__TXHDRSP04, raw=0, derived=0, unit=None), 'IDX__TXHDRPOLCTRL': ParsedDataItem(IDX__TXHDRPOLCTRL, raw=0, derived=POS, unit=None), 'IDX__TXHDRCOINENA': ParsedDataItem(IDX__TXHDRCOINENA, raw=0, derived=DIS, unit=None), 'IDX__TXHDRLSTRIGMODE': ParsedDataItem(IDX__TXHDRLSTRIGMODE, raw=0, derived=DIS, unit=None), 'IDX__TXHDRMGTRIGMODE': ParsedDataItem(IDX__TXHDRMGTRIGMODE, raw=0, derived=0, unit=None), 'IDX__TXHDRLGTRIGMODE': ParsedDataItem(IDX__TXHDRLGTRIGMODE, raw=0, derived=0, unit=None), 'IDX__TXHDRHGTRIGMODE': ParsedDataItem(IDX__TXHDRHGTRIGMODE, raw=1, derived=1, unit=None), 'IDX__TXHDRSP05': ParsedDataItem(IDX__TXHDRSP05, raw=0, derived=0, unit=None), 'IDX__TXHDRSP06': ParsedDataItem(IDX__TXHDRSP06, raw=0, derived=0, unit=None), 'IDX__TXHDRSP07': ParsedDataItem(IDX__TXHDRSP07, raw=2010, derived=2010, unit=None), 'IDX__TXHDRSP08': ParsedDataItem(IDX__TXHDRSP08, raw=0, derived=0, unit=None), 'IDX__TXHDRTOFMAX': ParsedDataItem(IDX__TXHDRTOFMAX, raw=543693463, derived=543693463, unit=None), 'IDX__TXHDRTOFMIN': ParsedDataItem(IDX__TXHDRTOFMIN, raw=535295475, derived=535295475, unit=None), 'IDX__TXHDRLS0MAXMIN': ParsedDataItem(IDX__TXHDRLS0MAXMIN, raw=8468493, derived=8468493, unit=None), 'IDX__TXHDRLS1MAXMIN': ParsedDataItem(IDX__TXHDRLS1MAXMIN, raw=8447977, derived=8447977, unit=None), 'IDX__TXHDRLS2MAXMIN': ParsedDataItem(IDX__TXHDRLS2MAXMIN, raw=9791450, derived=9791450, unit=None), 'IDX__TXHDRFIFODELAY': ParsedDataItem(IDX__TXHDRFIFODELAY, raw=16, derived=16, unit=None), 'IDX__TXHDRSAMPDELAY': ParsedDataItem(IDX__TXHDRSAMPDELAY, raw=7347239, derived=7347239, unit=None), 'IDX__TXHDRTRANSCNT': ParsedDataItem(IDX__TXHDRTRANSCNT, raw=2, derived=2, unit=None), 'IDX__TXHDRPROCHKCH01': ParsedDataItem(IDX__TXHDRPROCHKCH01, raw=83755841, derived=83755841, unit=None), 'IDX__TXHDRPROCHKCH23': ParsedDataItem(IDX__TXHDRPROCHKCH23, raw=106431714, derived=106431714, unit=None), 'IDX__TXHDRPROCHKCH45': ParsedDataItem(IDX__TXHDRPROCHKCH45, raw=168953050, derived=168953050, unit=None), 'IDX__TXHDRPROCHKCH67': ParsedDataItem(IDX__TXHDRPROCHKCH67, raw=133695768, derived=133695768, unit=None), 'IDX__TXHDRHVPSHKCH01': ParsedDataItem(IDX__TXHDRHVPSHKCH01, raw=131794263, derived=131794263, unit=None), 'IDX__TXHDRHVPSHKCH23': ParsedDataItem(IDX__TXHDRHVPSHKCH23, raw=8849070, derived=8849070, unit=None), 'IDX__TXHDRHVPSHKCH45': ParsedDataItem(IDX__TXHDRHVPSHKCH45, raw=127731674, derived=127731674, unit=None), 'IDX__TXHDRHVPSHKCH67': ParsedDataItem(IDX__TXHDRHVPSHKCH67, raw=19991183, derived=19991183, unit=None), 'IDX__TXHDRLVHK0CH01': ParsedDataItem(IDX__TXHDRLVHK0CH01, raw=134219776, derived=134219776, unit=None), 'IDX__TXHDRLVHK0CH23': ParsedDataItem(IDX__TXHDRLVHK0CH23, raw=172035001, derived=172035001, unit=None), 'IDX__TXHDRLVHK0CH45': ParsedDataItem(IDX__TXHDRLVHK0CH45, raw=134745195, derived=134745195, unit=None), 'IDX__TXHDRLVHK0CH67': ParsedDataItem(IDX__TXHDRLVHK0CH67, raw=205982803, derived=205982803, unit=None), 'IDX__TXHDRLVHK1CH01': ParsedDataItem(IDX__TXHDRLVHK1CH01, raw=33621648, derived=33621648, unit=None), 'IDX__TXHDRLVHK1CH23': ParsedDataItem(IDX__TXHDRLVHK1CH23, raw=74450379, derived=74450379, unit=None), 'IDX__TXHDRLVHK1CH45': ParsedDataItem(IDX__TXHDRLVHK1CH45, raw=214697795, derived=214697795, unit=None), 'IDX__TXHDRLVHK1CH67': ParsedDataItem(IDX__TXHDRLVHK1CH67, raw=192872901, derived=192872901, unit=None), 'IDX__TXHDRLVHK2CH01': ParsedDataItem(IDX__TXHDRLVHK2CH01, raw=81659105, derived=81659105, unit=None), 'IDX__TXHDRLVHK2CH23': ParsedDataItem(IDX__TXHDRLVHK2CH23, raw=192154335, derived=192154335, unit=None), 'IDX__TXHDRLVHK2CH45': ParsedDataItem(IDX__TXHDRLVHK2CH45, raw=101059654, derived=101059654, unit=None), 'IDX__TXHDRLVHK2CH67': ParsedDataItem(IDX__TXHDRLVHK2CH67, raw=69016, derived=69016, unit=None), 'IDX__TXHDRSP09': ParsedDataItem(IDX__TXHDRSP09, raw=0, derived=0, unit=None), 'IDX__TXHDRSP10': ParsedDataItem(IDX__TXHDRSP10, raw=0, derived=0, unit=None), 'IDX__TXHDRFSWAIDCOPY': ParsedDataItem(IDX__TXHDRFSWAIDCOPY, raw=2415277392, derived=2415277392, unit=None), 'IDX__TXHDRFSWBINCOPY': ParsedDataItem(IDX__TXHDRFSWBINCOPY, raw=0, derived=0, unit=None), 'IDX__TXHDRFSWMAJOR': ParsedDataItem(IDX__TXHDRFSWMAJOR, raw=2, derived=2, unit=None), 'IDX__TXHDRFSWMINOR': ParsedDataItem(IDX__TXHDRFSWMINOR, raw=0, derived=0, unit=None), 'IDX__TXHDRFSWPATCH': ParsedDataItem(IDX__TXHDRFSWPATCH, raw=0, derived=0, unit=None), 'IDX__TXHDRFSWHVSTAT': ParsedDataItem(IDX__TXHDRFSWHVSTAT, raw=3, derived=3, unit=None), 'IDX__TXHDRFSWMEM0': ParsedDataItem(IDX__TXHDRFSWMEM0, raw=0, derived=0, unit=None), 'IDX__TXHDRFSWMEM1': ParsedDataItem(IDX__TXHDRFSWMEM1, raw=0, derived=0, unit=None), 'IDX__TXHDRFSWPT0': ParsedDataItem(IDX__TXHDRFSWPT0, raw=0, derived=0, unit=None), 'IDX__TXHDRFSWPT1': ParsedDataItem(IDX__TXHDRFSWPT1, raw=0, derived=0, unit=None), 'IDX__TXHDRFSWPT2': ParsedDataItem(IDX__TXHDRFSWPT2, raw=0, derived=0, unit=None), 'IDX__TXHDRFSWPT3': ParsedDataItem(IDX__TXHDRFSWPT3, raw=0, derived=0, unit=None), 'IDX__TXHDRFSWPT4': ParsedDataItem(IDX__TXHDRFSWPT4, raw=0, derived=0, unit=None), 'IDX__TXHDRFSWPT5': ParsedDataItem(IDX__TXHDRFSWPT5, raw=0, derived=0, unit=None), 'IDX__TXHDRFSWPT6': ParsedDataItem(IDX__TXHDRFSWPT6, raw=0, derived=0, unit=None), 'IDX__TXHDRFSWPT7': ParsedDataItem(IDX__TXHDRFSWPT7, raw=0, derived=0, unit=None), 'IDX__TXHDRFSWPT8': ParsedDataItem(IDX__TXHDRFSWPT8, raw=0, derived=0, unit=None), 'IDX__TXHDRFSWPT9': ParsedDataItem(IDX__TXHDRFSWPT9, raw=0, derived=0, unit=None), 'IDX__TXHDRFPGAVER': ParsedDataItem(IDX__TXHDRFPGAVER, raw=539165480, derived=539165480, unit=None), 'IDX__SYNCSCI0PKT': ParsedDataItem(IDX__SYNCSCI0PKT, raw=13107, derived=13107, unit=None), 'IDX__CRCSCI0PKT': ParsedDataItem(IDX__CRCSCI0PKT, raw=43115, derived=43115, unit=None)}
SHCOARSE = 439513622
SHFINE = 7706
IDX__SCI0AID = 2415277392
IDX__SCI0TYPE = 1
IDX__SCI0CONT = 127
IDX__SCI0SPARE1 = 0
IDX__SCI0PACK = EN
IDX__SCI0FRAG = DS
IDX__SCI0COMP = DS
IDX__SCI0EVTNUM = 80
IDX__SCI0CAT = 32
IDX__SCI0QUAL = 5
IDX__SCI0FRAGOFF = 0
IDX__SCI0VER = 9
IDX__SCI0TIME32 = 439513254
IDX__SCI0SPARE2 = 0
IDX__SCI0SPARE3 = 0
IDX__SCI0SPARE4 = 0
IDX__TXHDRSCIEVTLEN = 8320
IDX__TXHDRSP00 = 0
IDX__TXHDRTIMESEC1 = 6706
IDX__TXHDRTIMESEC2 = 28838
IDX__TXHDRTIMESUBS = 24138
IDX__TXHDRSP01 = 0
IDX__TXHDRTRIGOFFSET = 1
IDX__TXHDRSP02 = 0
IDX__TXHDRTRIGID = 1
IDX__TXHDREVTNUM = 80
IDX__TXHDRBLOCKS = 243679
IDX__TXHDRHGTRIGCTRL1 = 2222981120
IDX__TXHDRHGTRIGCTRL2 = 0
IDX__TXHDRLGTRIGCTRL1 = 4294965248
IDX__TXHDRLGTRIGCTRL2 = 4278255360
IDX__TXHDRMGTRIGCTRL1 = 4294965248
IDX__TXHDRMGTRIGCTRL2 = 4278255360
IDX__TXHDRSP03 = 0
IDX__TXHDRLSADC = 1048320
IDX__TXHDRPOLSTAT = NEG
IDX__TXHDRSP04 = 0
IDX__TXHDRPOLCTRL = POS
IDX__TXHDRCOINENA = DIS
IDX__TXHDRLSTRIGMODE = DIS
IDX__TXHDRMGTRIGMODE = 0
IDX__TXHDRLGTRIGMODE = 0
IDX__TXHDRHGTRIGMODE = 1
IDX__TXHDRSP05 = 0
IDX__TXHDRSP06 = 0
IDX__TXHDRSP07 = 2010
IDX__TXHDRSP08 = 0
IDX__TXHDRTOFMAX = 543693463
IDX__TXHDRTOFMIN = 535295475
IDX__TXHDRLS0MAXMIN = 8468493
IDX__TXHDRLS1MAXMIN = 8447977
IDX__TXHDRLS2MAXMIN = 9791450
IDX__TXHDRFIFODELAY = 16
IDX__TXHDRSAMPDELAY = 7347239
IDX__TXHDRTRANSCNT = 2
IDX__TXHDRPROCHKCH01 = 83755841
IDX__TXHDRPROCHKCH23 = 106431714
IDX__TXHDRPROCHKCH45 = 168953050
IDX__TXHDRPROCHKCH67 = 133695768
IDX__TXHDRHVPSHKCH01 = 131794263
IDX__TXHDRHVPSHKCH23 = 8849070
IDX__TXHDRHVPSHKCH45 = 127731674
IDX__TXHDRHVPSHKCH67 = 19991183
IDX__TXHDRLVHK0CH01 = 134219776
IDX__TXHDRLVHK0CH23 = 172035001
IDX__TXHDRLVHK0CH45 = 134745195
IDX__TXHDRLVHK0CH67 = 205982803
IDX__TXHDRLVHK1CH01 = 33621648
IDX__TXHDRLVHK1CH23 = 74450379
IDX__TXHDRLVHK1CH45 = 214697795
IDX__TXHDRLVHK1CH67 = 192872901
IDX__TXHDRLVHK2CH01 = 81659105
IDX__TXHDRLVHK2CH23 = 192154335
IDX__TXHDRLVHK2CH45 = 101059654
IDX__TXHDRLVHK2CH67 = 69016
IDX__TXHDRSP09 = 0
IDX__TXHDRSP10 = 0
IDX__TXHDRFSWAIDCOPY = 2415277392
IDX__TXHDRFSWBINCOPY = 0
IDX__TXHDRFSWMAJOR = 2
IDX__TXHDRFSWMINOR = 0
IDX__TXHDRFSWPATCH = 0
IDX__TXHDRFSWHVSTAT = 3
IDX__TXHDRFSWMEM0 = 0
IDX__TXHDRFSWMEM1 = 0
IDX__TXHDRFSWPT0 = 0
IDX__TXHDRFSWPT1 = 0
IDX__TXHDRFSWPT2 = 0
IDX__TXHDRFSWPT3 = 0
IDX__TXHDRFSWPT4 = 0
IDX__TXHDRFSWPT5 = 0
IDX__TXHDRFSWPT6 = 0
IDX__TXHDRFSWPT7 = 0
IDX__TXHDRFSWPT8 = 0
IDX__TXHDRFSWPT9 = 0
IDX__TXHDRFPGAVER = 539165480
IDX__SYNCSCI0PKT = 13107
IDX__CRCSCI0PKT = 43115
^*****Event header 21******^
EVTNUM: 21
SCI0TYPE: 1
TXHDRBLOCKS RAW: 243679
TXHDRBLOCKS DERIVED: 243679
-----
HS pre trig sampling blocks:  31
LS pre trig sampling blocks:  3
HS post trig sampling blocks:  31
LS post trig sampling blocks:  11
IDX__TXHDRHVPSHKCH01 = 131794263
Detector voltage =  1367
Sensor voltage =  2011
Target voltage =  1710
Reflectron voltage =  135
Rejection voltage =  2010
Current for HVPS sensor =  1949
Positive current for HVPS sensor =  2703
Negative current for HVPS sensor =  305
Voltage +3.3V reference =  2048
Voltage +3.3V operational reference =  2048
Voltage -6V bus =  3001
Voltage +6V bus =  2625
Voltage +16V bus =  3179
Voltage +3.3V bus =  2056
Voltage -5V bus =  3155
Voltage +5V bus =  3143
Current +3.3V bus =  1680
Current +16V bus =  1136
Current +6V bus =  1483
Current -6V bus =  1136
Current +5V bus =  1859
Current -5V bus =  3276
Current +2.5V bus =  453
Current -2.5V bus =  2943
Current on the 1V POL =  833
Current on the 1.9V POL =  1278
ProcBd Temperature 1 =  1250
ProcBd Temperature 2 =  1624
Voltage on 1V bus =  1242
FPGA Temperature =  2578
Voltage on 1.9V bus =  2328
Voltage on 3.3V bus =  2040
var_to_row = {'Last measurement in raw DN for Processor Board signal “1V POL Current”': 0, 'Last measurement in raw DN for Processor Board signal “1.9V POL Current”': 1, 'Last measurement in raw DN for Processor Board signal “ProcBd Temp1”': 2, nan: 48, 'Last measurement in raw DN for Processor Board signal “ProcBd Temp2”': 6, 'Last measurement in raw DN for Processor Board signal “1V Voltage”': 10, 'Last measurement in raw DN for Processor Board signal “FPGA Temp”': 11, 'Last measurement in raw DN for Processor Board signal “1.9V Voltage”': 12, 'Last measurement in raw DN for Processor Board signal “3.3V Voltage”': 13, 'Last measurement in raw DN for HVPS Board signal “Detector Voltage”': 14, 'Last measurement in raw DN for HVPS Board signal “Sensor Voltage"': 15, 'Last measurement in raw DN for HVPS Board signal “Target Voltage”': 16, 'Last measurement in raw DN for HVPS Board signal “Reflectron Voltage”': 17, 'Last measurement in raw DN for HVPS Board signal “Rejection Voltage”': 18, 'Last measurement in raw DN for HVPS Board signal “Detector Current”': 19, 'Last measurement in raw DN for HVPS Board signal “Sensor IP”': 20, 'Last measurement in raw DN for HVPS Board signal “Sensor IN”': 21, 'Last measurement in raw DN for LVPS Board signal “P3.3VREF_HK”': 22, 'Last measurement in raw DN for LVPS Board signal “P3.3VREF_OP”': 23, 'Last measurement in raw DN for LVPS Board signal “N6V”': 24, 'Last measurement in raw DN for LVPS Board signal “P6V”': 25, 'Last measurement in raw DN for LVPS Board signal “P16V”': 26, 'Last measurement in raw DN for LVPS Board signal “P3.3V”': 27, 'Last measurement in raw DN for LVPS Board signal “N5V”': 28, 'Last measurement in raw DN for LVPS Board signal “P5V”': 29, 'Last measurement in raw DN for LVPS Board signal “P3.3_IMON”': 30, 'Last measurement in raw DN for LVPS Board signal “P16V_IMON”': 31, 'Last measurement in raw DN for LVPS Board signal “P6V_IMON”': 32, 'Last measurement in raw DN for LVPS Board signal “N6V_IMON”': 33, 'Last measurement in raw DN for LVPS Board signal “P5V_IMON”': 34, 'Last measurement in raw DN for LVPS Board signal “N5V_IMON”': 35, 'Last measurement in raw DN for LVPS Board signal “P2.5V_IMON”': 36, 'Last measurement in raw DN for LVPS Board signal “N2.5V_IMON”': 37, 'Last measurement in raw DN for LVPS Board signal “THERM_DECON0”': 38, 'Last measurement in raw DN for LVPS Board signal “THERM_DECON1”': 39, 'Last measurement in raw DN for LVPS Board signal “THERM_DAB”': 40, 'Last measurement in raw DN for LVPS Board signal “THERM_LVPS”': 41, 'Last measurement in raw DN for LVPS Board signal “THERM_HVPS”': 45, 'Last measurement in raw DN for LVPS Board signal “P2.5V”': 49, 'Last measurement in raw DN for LVPS Board signal “N2.5V”': 50, 'Last measurement in raw DN for LVPS Board signal “Spare”': 51}

 
 ***** var_name being converted for each instrument setting ***** 
 

Matching row  18
coeffs for Last measurement in raw DN for Processor Board signal “1V POL Current”= [0.0 0.9029253 0.0 0.0 0.0 0.0 0.0 0.0]
var_name = Last measurement in raw DN for Processor Board signal “1V POL Current”
var_name = current_1V_pol
Header info = 833
Transformed value for current_1V_pol = 752.1367749000001
Matching row  18
coeffs for Last measurement in raw DN for Processor Board signal “1.9V POL Current”= [0.0 0.9029253 0.0 0.0 0.0 0.0 0.0 0.0]
var_name = Last measurement in raw DN for Processor Board signal “1.9V POL Current”
var_name = current_1.9V_pol
Header info = 1278
Transformed value for current_1.9V_pol = 1153.9385334
Matching row  18
coeffs for Last measurement in raw DN for Processor Board signal “ProcBd Temp1”= [162.8276 -0.2668687 0.0003323794 -2.43153e-07 9.034532e-11 -1.327735e-14
 0.0 0.0]
var_name = Last measurement in raw DN for Processor Board signal “ProcBd Temp1”
var_name = temperature_1
Header info = 1250
Transformed value for temperature_1 = 53.72670668945321
Matching row  18
coeffs for nan= [-104713.9 52.02446 -0.006463374 0.0 0.0 0.0 0.0 0.0]
var_name = nan
var_name = None
KeyError: (21, None) - Could not find entry for None, 48. Please check the Var_notes or variable mapping.
Matching row  18
coeffs for Last measurement in raw DN for Processor Board signal “ProcBd Temp2”= [162.8276 -0.2668687 0.0003323794 -2.43153e-07 9.034532e-11 -1.327735e-14
 0.0 0.0]
var_name = Last measurement in raw DN for Processor Board signal “ProcBd Temp2”
var_name = temperature_2
Header info = 1624
Transformed value for temperature_2 = 43.030834589476854
Matching row  18
coeffs for Last measurement in raw DN for Processor Board signal “1V Voltage”= [0.0 0.000805861 0.0 0.0 0.0 0.0 0.0 0.0]
var_name = Last measurement in raw DN for Processor Board signal “1V Voltage”
var_name = voltage_1V_bus
Header info = 1242
Transformed value for voltage_1V_bus = 1.0008793619999998
Matching row  18
coeffs for Last measurement in raw DN for Processor Board signal “FPGA Temp”= [358.31 -0.1187104 0.0 0.0 0.0 0.0 0.0 0.0]
var_name = Last measurement in raw DN for Processor Board signal “FPGA Temp”
var_name = fpga_temperature
Header info = 2578
Transformed value for fpga_temperature = 52.274588800000004
Matching row  18
coeffs for Last measurement in raw DN for Processor Board signal “1.9V Voltage”= [0.0 0.000805861 0.0 0.0 0.0 0.0 0.0 0.0]
var_name = Last measurement in raw DN for Processor Board signal “1.9V Voltage”
var_name = voltage_1.9V_bus
Header info = 2328
Transformed value for voltage_1.9V_bus = 1.8760444079999998
Matching row  18
coeffs for Last measurement in raw DN for Processor Board signal “3.3V Voltage”= [0.0 0.001611722 0.0 0.0 0.0 0.0 0.0 0.0]
var_name = Last measurement in raw DN for Processor Board signal “3.3V Voltage”
var_name = voltage_3.3V_bus
Header info = 2040
Transformed value for voltage_3.3V_bus = 3.28791288
Matching row  18
coeffs for Last measurement in raw DN for HVPS Board signal “Detector Voltage”= [0.0 1.4652 0.0 0.0 0.0 0.0 0.0 0.0]
var_name = Last measurement in raw DN for HVPS Board signal “Detector Voltage”
var_name = detector_voltage
Header info = 1367
Transformed value for detector_voltage = 2002.9284
Matching row  18
coeffs for Last measurement in raw DN for HVPS Board signal “Sensor Voltage"= [0.0 1.4652 0.0 0.0 0.0 0.0 0.0 0.0]
var_name = Last measurement in raw DN for HVPS Board signal “Sensor Voltage"
var_name = sensor_voltage
Header info = 2011
Transformed value for sensor_voltage = 2946.5172000000002
Matching row  18
coeffs for Last measurement in raw DN for HVPS Board signal “Target Voltage”= [0.0 1.4652 0.0 0.0 0.0 0.0 0.0 0.0]
var_name = Last measurement in raw DN for HVPS Board signal “Target Voltage”
var_name = target_voltage
Header info = 1710
Transformed value for target_voltage = 2505.492
Matching row  18
coeffs for Last measurement in raw DN for HVPS Board signal “Reflectron Voltage”= [0.0 1.4652 0.0 0.0 0.0 0.0 0.0 0.0]
var_name = Last measurement in raw DN for HVPS Board signal “Reflectron Voltage”
var_name = reflectron_voltage
Header info = 135
Transformed value for reflectron_voltage = 197.80200000000002
Matching row  18
coeffs for Last measurement in raw DN for HVPS Board signal “Rejection Voltage”= [0.0 1.4652 0.0 0.0 0.0 0.0 0.0 0.0]
var_name = Last measurement in raw DN for HVPS Board signal “Rejection Voltage”
var_name = rejection_voltage
Header info = 2010
Transformed value for rejection_voltage = 2945.052
Matching row  18
coeffs for Last measurement in raw DN for HVPS Board signal “Detector Current”= [0.0 7.326e-06 0.0 0.0 0.0 0.0 0.0 0.0]
var_name = Last measurement in raw DN for HVPS Board signal “Detector Current”
var_name = current_hvps_sensor
Header info = 1949
Transformed value for current_hvps_sensor = 0.014278374
Matching row  18
coeffs for Last measurement in raw DN for HVPS Board signal “Sensor IP”= [0.0 2.4339e-05 0.0 0.0 0.0 0.0 0.0 0.0]
var_name = Last measurement in raw DN for HVPS Board signal “Sensor IP”
var_name = positive_current_hvps
Header info = 2703
Transformed value for positive_current_hvps = 0.065788317
Matching row  18
coeffs for Last measurement in raw DN for HVPS Board signal “Sensor IN”= [0.0 2.4339e-05 0.0 0.0 0.0 0.0 0.0 0.0]
var_name = Last measurement in raw DN for HVPS Board signal “Sensor IN”
var_name = negative_current_hvps
Header info = 305
Transformed value for negative_current_hvps = 0.007423394999999999
Matching row  18
coeffs for Last measurement in raw DN for LVPS Board signal “P3.3VREF_HK”= [0.0 0.00161172 0.0 0.0 0.0 0.0 0.0 0.0]
var_name = Last measurement in raw DN for LVPS Board signal “P3.3VREF_HK”
var_name = voltage_3V3_ref
Header info = 2048
Transformed value for voltage_3V3_ref = 3.30080256
Matching row  18
coeffs for Last measurement in raw DN for LVPS Board signal “P3.3VREF_OP”= [0.0 0.00161172 0.0 0.0 0.0 0.0 0.0 0.0]
var_name = Last measurement in raw DN for LVPS Board signal “P3.3VREF_OP”
var_name = voltage_3V3_op_ref
Header info = 2048
Transformed value for voltage_3V3_op_ref = 3.30080256
Matching row  18
coeffs for Last measurement in raw DN for LVPS Board signal “N6V”= [-33.0 0.00886447 0.0 0.0 0.0 0.0 0.0 0.0]
var_name = Last measurement in raw DN for LVPS Board signal “N6V”
var_name = voltage_neg6V_bus
Header info = 3001
Transformed value for voltage_neg6V_bus = -6.397725530000002
Matching row  18
coeffs for Last measurement in raw DN for LVPS Board signal “P6V”= [0.0 0.00241758 0.0 0.0 0.0 0.0 0.0 0.0]
var_name = Last measurement in raw DN for LVPS Board signal “P6V”
var_name = voltage_pos6V_bus
Header info = 2625
Transformed value for voltage_pos6V_bus = 6.3461475
Matching row  18
coeffs for Last measurement in raw DN for LVPS Board signal “P16V”= [0.0 0.00482711 0.0 0.0 0.0 0.0 0.0 0.0]
var_name = Last measurement in raw DN for LVPS Board signal “P16V”
var_name = voltage_pos16V_bus
Header info = 3179
Transformed value for voltage_pos16V_bus = 15.34538269
Matching row  18
coeffs for Last measurement in raw DN for LVPS Board signal “P3.3V”= [0.0 0.00161172 0.0 0.0 0.0 0.0 0.0 0.0]
var_name = Last measurement in raw DN for LVPS Board signal “P3.3V”
var_name = voltage_pos3V3_bus
Header info = 2056
Transformed value for voltage_pos3V3_bus = 3.31369632
Matching row  18
coeffs for Last measurement in raw DN for LVPS Board signal “N5V”= [-33.0 0.00886447 0.0 0.0 0.0 0.0 0.0 0.0]
var_name = Last measurement in raw DN for LVPS Board signal “N5V”
var_name = voltage_neg5V_bus
Header info = 3155
Transformed value for voltage_neg5V_bus = -5.032597150000001
Matching row  18
coeffs for Last measurement in raw DN for LVPS Board signal “P5V”= [0.0 0.00161172 0.0 0.0 0.0 0.0 0.0 0.0]
var_name = Last measurement in raw DN for LVPS Board signal “P5V”
var_name = voltage_pos5V_bus
Header info = 3143
Transformed value for voltage_pos5V_bus = 5.06563596
Matching row  18
coeffs for Last measurement in raw DN for LVPS Board signal “P3.3_IMON”= [0.0 0.00161172 0.0 0.0 0.0 0.0 0.0 0.0]
var_name = Last measurement in raw DN for LVPS Board signal “P3.3_IMON”
var_name = current_3V3_bus
Header info = 1680
Transformed value for current_3V3_bus = 2.7076896
Matching row  18
coeffs for Last measurement in raw DN for LVPS Board signal “P16V_IMON”= [0.0 0.000161172 0.0 0.0 0.0 0.0 0.0 0.0]
var_name = Last measurement in raw DN for LVPS Board signal “P16V_IMON”
var_name = current_16V_bus
Header info = 1136
Transformed value for current_16V_bus = 0.18309139200000002
Matching row  18
coeffs for Last measurement in raw DN for LVPS Board signal “P6V_IMON”= [0.0 8.05861e-05 0.0 0.0 0.0 0.0 0.0 0.0]
var_name = Last measurement in raw DN for LVPS Board signal “P6V_IMON”
var_name = current_6V_bus
Header info = 1483
Transformed value for current_6V_bus = 0.1195091863
Matching row  18
coeffs for Last measurement in raw DN for LVPS Board signal “N6V_IMON”= [0.0 -8.05861e-05 0.0 0.0 0.0 0.0 0.0 0.0]
var_name = Last measurement in raw DN for LVPS Board signal “N6V_IMON”
var_name = current_neg6V_bus
Header info = 1136
Transformed value for current_neg6V_bus = -0.0915458096
Matching row  18
coeffs for Last measurement in raw DN for LVPS Board signal “P5V_IMON”= [0.0 4.029304e-05 0.0 0.0 0.0 0.0 0.0 0.0]
var_name = Last measurement in raw DN for LVPS Board signal “P5V_IMON”
var_name = current_5V_bus
Header info = 1859
Transformed value for current_5V_bus = 0.07490476136
Matching row  18
coeffs for Last measurement in raw DN for LVPS Board signal “N5V_IMON”= [0.0 -2.01465e-05 0.0 0.0 0.0 0.0 0.0 0.0]
var_name = Last measurement in raw DN for LVPS Board signal “N5V_IMON”
var_name = current_neg5V_bus
Header info = 3276
Transformed value for current_neg5V_bus = -0.06599993400000001
Matching row  18
coeffs for Last measurement in raw DN for LVPS Board signal “P2.5V_IMON”= [0.0 0.00161172 0.0 0.0 0.0 0.0 0.0 0.0]
var_name = Last measurement in raw DN for LVPS Board signal “P2.5V_IMON”
var_name = current_2V5_bus
Header info = 453
Transformed value for current_2V5_bus = 0.73010916
Matching row  18
coeffs for Last measurement in raw DN for LVPS Board signal “N2.5V_IMON”= [0.0 -4.0293e-05 0.0 0.0 0.0 0.0 0.0 0.0]
var_name = Last measurement in raw DN for LVPS Board signal “N2.5V_IMON”
var_name = current_neg2V5_bus
Header info = 2943
Transformed value for current_neg2V5_bus = -0.118582299
Matching row  18
coeffs for Last measurement in raw DN for LVPS Board signal “THERM_DECON0”= [-110.293 0.0665351 0.000305738 -6.32048e-07 5.9934e-10 -2.98784e-13
 7.61361e-17 -7.76467e-21]
var_name = Last measurement in raw DN for LVPS Board signal “THERM_DECON0”
var_name = None
KeyError: (21, None) - Could not find entry for None, 38. Please check the Var_notes or variable mapping.
Matching row  18
coeffs for Last measurement in raw DN for LVPS Board signal “THERM_DECON1”= [-150.478 0.376986 -0.00062072 7.73853e-07 -5.81588e-10 2.56368e-13
 -6.05698e-17 5.96635e-21]
var_name = Last measurement in raw DN for LVPS Board signal “THERM_DECON1”
var_name = None
KeyError: (21, None) - Could not find entry for None, 39. Please check the Var_notes or variable mapping.
Matching row  18
coeffs for Last measurement in raw DN for LVPS Board signal “THERM_DAB”= [-443.248 1.31224 -0.00180422 1.40016e-06 -6.43766e-10 1.7448e-13
 -2.57695e-17 1.60239e-21]
var_name = Last measurement in raw DN for LVPS Board signal “THERM_DAB”
var_name = None
KeyError: (21, None) - Could not find entry for None, 40. Please check the Var_notes or variable mapping.
Matching row  18
coeffs for Last measurement in raw DN for LVPS Board signal “THERM_LVPS”= [200.4137 -0.2020699 0.000175403 -9.739547e-08 2.888932e-11 -3.545603e-15
 0.0 0.0]
var_name = Last measurement in raw DN for LVPS Board signal “THERM_LVPS”
var_name = None
KeyError: (21, None) - Could not find entry for None, 41. Please check the Var_notes or variable mapping.
Matching row  18
coeffs for Last measurement in raw DN for LVPS Board signal “THERM_HVPS”= [200.4137 -0.2020699 0.000175403 -9.739547e-08 2.888932e-11 -3.545603e-15
 0.0 0.0]
var_name = Last measurement in raw DN for LVPS Board signal “THERM_HVPS”
var_name = None
KeyError: (21, None) - Could not find entry for None, 45. Please check the Var_notes or variable mapping.
Matching row  18
coeffs for Last measurement in raw DN for LVPS Board signal “P2.5V”= [0.0 0.00161172 0.0 0.0 0.0 0.0 0.0 0.0]
var_name = Last measurement in raw DN for LVPS Board signal “P2.5V”
var_name = None
KeyError: (21, None) - Could not find entry for None, 49. Please check the Var_notes or variable mapping.
Matching row  18
coeffs for Last measurement in raw DN for LVPS Board signal “N2.5V”= [-33.0 0.00886447 0.0 0.0 0.0 0.0 0.0 0.0]
var_name = Last measurement in raw DN for LVPS Board signal “N2.5V”
var_name = None
KeyError: (21, None) - Could not find entry for None, 50. Please check the Var_notes or variable mapping.
Matching row  18
coeffs for Last measurement in raw DN for LVPS Board signal “Spare”= [0.0 0.00161172 0.0 0.0 0.0 0.0 0.0 0.0]
var_name = Last measurement in raw DN for LVPS Board signal “Spare”
var_name = spare_signal
KeyError: (21, 'spare_signal') - Could not find entry for spare_signal, 51. Please check the Var_notes or variable mapping.
High gain delay = 39 samples.
Mid gain delay = 7 samples.
Low gain delay = 7 samples.
High sampling trigger mode =  0 0 1
High gain trigger mode enabled.
For 2222981120, HG Trigger level = 0.15317, sample settings = 0, 0
Threshold trigger mode enabled for high gain channel.
AID = 2415277392
Event number = 80
Rice compression enabled = False
Timestamp = 439513254.48276 seconds since epoch (Midnight January 1st, 2010)
Trigger time = 2023-12-05T23:00:54.482760Z
21
21
21
21
21
21
21
21
21
21
21
21
Progress: [====================]100% [Elapsed: 0:00:01.203338, 520 pkts/s]
Parsing waveform for scitype=2
8189
Parsing waveform for scitype=4
8189
Parsing waveform for scitype=8
8189
Parsing waveform for scitype=16
512
Parsing waveform for scitype=32
512
Parsing waveform for scitype=64
512
Parsing waveform for scitype=2
8189
Parsing waveform for scitype=4
8189
Parsing waveform for scitype=8
8189
Parsing waveform for scitype=16
512
Parsing waveform for scitype=32
512
Parsing waveform for scitype=64
512
Parsing waveform for scitype=2
8189
Parsing waveform for scitype=4
8189
Parsing waveform for scitype=8
8189
Parsing waveform for scitype=16
512
Parsing waveform for scitype=32
512
Parsing waveform for scitype=64
512
Parsing waveform for scitype=2
8189
Parsing waveform for scitype=4
8189
Parsing waveform for scitype=8
8189
Parsing waveform for scitype=16
512
Parsing waveform for scitype=32
512
Parsing waveform for scitype=64
512
Parsing waveform for scitype=2
8189
Parsing waveform for scitype=4
8189
Parsing waveform for scitype=8
8189
Parsing waveform for scitype=16
512
Parsing waveform for scitype=32
512
Parsing waveform for scitype=64
512
Parsing waveform for scitype=2
8189
Parsing waveform for scitype=4
8189
Parsing waveform for scitype=8
8189
Parsing waveform for scitype=16
512
Parsing waveform for scitype=32
512
Parsing waveform for scitype=64
512
Parsing waveform for scitype=2
8189
Parsing waveform for scitype=4
8189
Parsing waveform for scitype=8
8189
Parsing waveform for scitype=16
512
Parsing waveform for scitype=32
512
Parsing waveform for scitype=64
512
Parsing waveform for scitype=2
8189
Parsing waveform for scitype=4
8189
Parsing waveform for scitype=8
8189
Parsing waveform for scitype=16
512
Parsing waveform for scitype=32
512
Parsing waveform for scitype=64
512
Parsing waveform for scitype=2
8189
Parsing waveform for scitype=4
8189
Parsing waveform for scitype=8
8189
Parsing waveform for scitype=16
512
Parsing waveform for scitype=32
512
Parsing waveform for scitype=64
512
Parsing waveform for scitype=2
8189
Parsing waveform for scitype=4
8189
Parsing waveform for scitype=8
8189
Parsing waveform for scitype=16
512
Parsing waveform for scitype=32
512
Parsing waveform for scitype=64
512
Parsing waveform for scitype=2
8189
Parsing waveform for scitype=4
8189
Parsing waveform for scitype=8
8189
Parsing waveform for scitype=16
512
Parsing waveform for scitype=32
512
Parsing waveform for scitype=64
512
Parsing waveform for scitype=2
8189
Parsing waveform for scitype=4
8189
Parsing waveform for scitype=8
8189
Parsing waveform for scitype=16
512
Parsing waveform for scitype=32
512
Parsing waveform for scitype=64
512
Parsing waveform for scitype=2
8189
Parsing waveform for scitype=4
8189
Parsing waveform for scitype=8
8189
Parsing waveform for scitype=16
512
Parsing waveform for scitype=32
512
Parsing waveform for scitype=64
512
Parsing waveform for scitype=2
8189
Parsing waveform for scitype=4
8189
Parsing waveform for scitype=8
8189
Parsing waveform for scitype=16
512
Parsing waveform for scitype=32
512
Parsing waveform for scitype=64
512
Parsing waveform for scitype=2
8189
Parsing waveform for scitype=4
8189
Parsing waveform for scitype=8
8189
Parsing waveform for scitype=16
512
Parsing waveform for scitype=32
512
Parsing waveform for scitype=64
512
Parsing waveform for scitype=2
8189
Parsing waveform for scitype=4
8189
Parsing waveform for scitype=8
8189
Parsing waveform for scitype=16
512
Parsing waveform for scitype=32
512
Parsing waveform for scitype=64
512
Parsing waveform for scitype=2
8189
Parsing waveform for scitype=4
8189
Parsing waveform for scitype=8
8189
Parsing waveform for scitype=16
512
Parsing waveform for scitype=32
512
Parsing waveform for scitype=64
512
Parsing waveform for scitype=2
8189
Parsing waveform for scitype=4
8189
Parsing waveform for scitype=8
8189
Parsing waveform for scitype=16
512
Parsing waveform for scitype=32
512
Parsing waveform for scitype=64
512
Parsing waveform for scitype=2
8189
Parsing waveform for scitype=4
8189
Parsing waveform for scitype=8
8189
Parsing waveform for scitype=16
512
Parsing waveform for scitype=32
512
Parsing waveform for scitype=64
512
Parsing waveform for scitype=2
8189
Parsing waveform for scitype=4
8189
Parsing waveform for scitype=8
8189
Parsing waveform for scitype=16
512
Parsing waveform for scitype=32
512
Parsing waveform for scitype=64
512
Parsing waveform for scitype=2
8189
Parsing waveform for scitype=4
8189
Parsing waveform for scitype=8
8189
Parsing waveform for scitype=16
512
Parsing waveform for scitype=32
512
Parsing waveform for scitype=64
512
Auto-assigned 5 mass line(s) with 12 detected peaks
Auto-assigned 14 mass line(s) with 31 detected peaks
Auto-assigned 15 mass line(s) with 30 detected peaks
Auto-assigned 4 mass line(s) with 5 detected peaks
Auto-assigned 12 mass line(s) with 24 detected peaks
Auto-assigned 11 mass line(s) with 29 detected peaks
Auto-assigned 11 mass line(s) with 21 detected peaks
Auto-assigned 14 mass line(s) with 36 detected peaks
Auto-assigned 15 mass line(s) with 39 detected peaks
Auto-assigned 14 mass line(s) with 37 detected peaks
Auto-assigned 14 mass line(s) with 41 detected peaks
Auto-assigned 12 mass line(s) with 30 detected peaks
Auto-assigned 4 mass line(s) with 5 detected peaks
Auto-assigned 14 mass line(s) with 37 detected peaks
Auto-assigned 5 mass line(s) with 6 detected peaks
Auto-assigned 12 mass line(s) with 25 detected peaks
Auto-assigned 13 mass line(s) with 38 detected peaks
Auto-assigned 4 mass line(s) with 4 detected peaks
Auto-assigned 12 mass line(s) with 33 detected peaks
Auto-assigned 4 mass line(s) with 4 detected peaks
Auto-assigned 8 mass line(s) with 16 detected peaks
No accelerator match found for event 1
No accelerator match found for event 2
No accelerator match found for event 3
No accelerator match found for event 4
No accelerator match found for event 5
No accelerator match found for event 6
No accelerator match found for event 7
No accelerator match found for event 8
No accelerator match found for event 9
No accelerator match found for event 10
No accelerator match found for event 11
No accelerator match found for event 12
No accelerator match found for event 13
No accelerator match found for event 14
No accelerator match found for event 15
No accelerator match found for event 16
No accelerator match found for event 17
No accelerator match found for event 18
No accelerator match found for event 19
No accelerator match found for event 20
No accelerator match found for event 21
