$ /opt/anaconda3/envs/idex/bin/python -m spectrumpy_flight.idex_packet -f /Users/etay8828/Dropbox/IDEX Pipeline/3_Codes/3_SpectrumPY/4_Flight/src/spectrumpy_flight/Data/Calibration/Post_Env_Laser_Day1/ois_output_12052023_234702
Reading in data file /Users/etay8828/Dropbox/IDEX Pipeline/3_Codes/3_SpectrumPY/4_Flight/src/spectrumpy_flight/Data/Calibration/Post_Env_Laser_Day1/ois_output_12052023_234702
Data import completed, writing packet structures.
Packet structures written.
0
{'SHCOARSE': ParsedDataItem(SHCOARSE, raw=439515668, derived=439515668, unit=dn), 'SHFINE': ParsedDataItem(SHFINE, raw=9092, derived=9092, unit=dn), 'IDX__SCI0AID': ParsedDataItem(IDX__SCI0AID, raw=2415277392, derived=2415277392, unit=None), 'IDX__SCI0TYPE': ParsedDataItem(IDX__SCI0TYPE, raw=1, derived=1, unit=None), 'IDX__SCI0CONT': ParsedDataItem(IDX__SCI0CONT, raw=127, derived=127, unit=None), 'IDX__SCI0SPARE1': ParsedDataItem(IDX__SCI0SPARE1, raw=0, derived=0, unit=None), 'IDX__SCI0PACK': ParsedDataItem(IDX__SCI0PACK, raw=1, derived=EN, unit=None), 'IDX__SCI0FRAG': ParsedDataItem(IDX__SCI0FRAG, raw=0, derived=DS, unit=None), 'IDX__SCI0COMP': ParsedDataItem(IDX__SCI0COMP, raw=0, derived=DS, unit=None), 'IDX__SCI0EVTNUM': ParsedDataItem(IDX__SCI0EVTNUM, raw=82, derived=82, unit=None), 'IDX__SCI0CAT': ParsedDataItem(IDX__SCI0CAT, raw=32, derived=32, unit=None), 'IDX__SCI0QUAL': ParsedDataItem(IDX__SCI0QUAL, raw=5, derived=5, unit=None), 'IDX__SCI0FRAGOFF': ParsedDataItem(IDX__SCI0FRAGOFF, raw=0, derived=0, unit=None), 'IDX__SCI0VER': ParsedDataItem(IDX__SCI0VER, raw=9, derived=9, unit=None), 'IDX__SCI0TIME32': ParsedDataItem(IDX__SCI0TIME32, raw=439515542, derived=439515542, unit=None), 'IDX__SCI0SPARE2': ParsedDataItem(IDX__SCI0SPARE2, raw=0, derived=0, unit=None), 'IDX__SCI0SPARE3': ParsedDataItem(IDX__SCI0SPARE3, raw=0, derived=0, unit=None), 'IDX__SCI0SPARE4': ParsedDataItem(IDX__SCI0SPARE4, raw=0, derived=0, unit=None), 'IDX__TXHDRSCIEVTLEN': ParsedDataItem(IDX__TXHDRSCIEVTLEN, raw=8320, derived=8320, unit=None), 'IDX__TXHDRSP00': ParsedDataItem(IDX__TXHDRSP00, raw=0, derived=0, unit=None), 'IDX__TXHDRTIMESEC1': ParsedDataItem(IDX__TXHDRTIMESEC1, raw=6706, derived=6706, unit=None), 'IDX__TXHDRTIMESEC2': ParsedDataItem(IDX__TXHDRTIMESEC2, raw=31126, derived=31126, unit=None), 'IDX__TXHDRTIMESUBS': ParsedDataItem(IDX__TXHDRTIMESUBS, raw=33963, derived=33963, unit=None), 'IDX__TXHDRSP01': ParsedDataItem(IDX__TXHDRSP01, raw=0, derived=0, unit=None), 'IDX__TXHDRTRIGOFFSET': ParsedDataItem(IDX__TXHDRTRIGOFFSET, raw=1, derived=1, unit=None), 'IDX__TXHDRSP02': ParsedDataItem(IDX__TXHDRSP02, raw=0, derived=0, unit=None), 'IDX__TXHDRTRIGID': ParsedDataItem(IDX__TXHDRTRIGID, raw=1, derived=1, unit=None), 'IDX__TXHDREVTNUM': ParsedDataItem(IDX__TXHDREVTNUM, raw=82, derived=82, unit=None), 'IDX__TXHDRBLOCKS': ParsedDataItem(IDX__TXHDRBLOCKS, raw=243679, derived=243679, unit=None), 'IDX__TXHDRHGTRIGCTRL1': ParsedDataItem(IDX__TXHDRHGTRIGCTRL1, raw=2222981120, derived=2222981120, unit=None), 'IDX__TXHDRHGTRIGCTRL2': ParsedDataItem(IDX__TXHDRHGTRIGCTRL2, raw=0, derived=0, unit=None), 'IDX__TXHDRLGTRIGCTRL1': ParsedDataItem(IDX__TXHDRLGTRIGCTRL1, raw=4294965248, derived=4294965248, unit=None), 'IDX__TXHDRLGTRIGCTRL2': ParsedDataItem(IDX__TXHDRLGTRIGCTRL2, raw=4278255360, derived=4278255360, unit=None), 'IDX__TXHDRMGTRIGCTRL1': ParsedDataItem(IDX__TXHDRMGTRIGCTRL1, raw=4294965248, derived=4294965248, unit=None), 'IDX__TXHDRMGTRIGCTRL2': ParsedDataItem(IDX__TXHDRMGTRIGCTRL2, raw=4278255360, derived=4278255360, unit=None), 'IDX__TXHDRSP03': ParsedDataItem(IDX__TXHDRSP03, raw=0, derived=0, unit=None), 'IDX__TXHDRLSADC': ParsedDataItem(IDX__TXHDRLSADC, raw=1048320, derived=1048320, unit=None), 'IDX__TXHDRPOLSTAT': ParsedDataItem(IDX__TXHDRPOLSTAT, raw=1, derived=NEG, unit=None), 'IDX__TXHDRSP04': ParsedDataItem(IDX__TXHDRSP04, raw=0, derived=0, unit=None), 'IDX__TXHDRPOLCTRL': ParsedDataItem(IDX__TXHDRPOLCTRL, raw=0, derived=POS, unit=None), 'IDX__TXHDRCOINENA': ParsedDataItem(IDX__TXHDRCOINENA, raw=0, derived=DIS, unit=None), 'IDX__TXHDRLSTRIGMODE': ParsedDataItem(IDX__TXHDRLSTRIGMODE, raw=0, derived=DIS, unit=None), 'IDX__TXHDRMGTRIGMODE': ParsedDataItem(IDX__TXHDRMGTRIGMODE, raw=0, derived=0, unit=None), 'IDX__TXHDRLGTRIGMODE': ParsedDataItem(IDX__TXHDRLGTRIGMODE, raw=0, derived=0, unit=None), 'IDX__TXHDRHGTRIGMODE': ParsedDataItem(IDX__TXHDRHGTRIGMODE, raw=1, derived=1, unit=None), 'IDX__TXHDRSP05': ParsedDataItem(IDX__TXHDRSP05, raw=0, derived=0, unit=None), 'IDX__TXHDRSP06': ParsedDataItem(IDX__TXHDRSP06, raw=0, derived=0, unit=None), 'IDX__TXHDRSP07': ParsedDataItem(IDX__TXHDRSP07, raw=2020, derived=2020, unit=None), 'IDX__TXHDRSP08': ParsedDataItem(IDX__TXHDRSP08, raw=0, derived=0, unit=None), 'IDX__TXHDRTOFMAX': ParsedDataItem(IDX__TXHDRTOFMAX, raw=558373882, derived=558373882, unit=None), 'IDX__TXHDRTOFMIN': ParsedDataItem(IDX__TXHDRTOFMIN, raw=535295452, derived=535295452, unit=None), 'IDX__TXHDRLS0MAXMIN': ParsedDataItem(IDX__TXHDRLS0MAXMIN, raw=8775690, derived=8775690, unit=None), 'IDX__TXHDRLS1MAXMIN': ParsedDataItem(IDX__TXHDRLS1MAXMIN, raw=16774709, derived=16774709, unit=None), 'IDX__TXHDRLS2MAXMIN': ParsedDataItem(IDX__TXHDRLS2MAXMIN, raw=8325080, derived=8325080, unit=None), 'IDX__TXHDRFIFODELAY': ParsedDataItem(IDX__TXHDRFIFODELAY, raw=16, derived=16, unit=None), 'IDX__TXHDRSAMPDELAY': ParsedDataItem(IDX__TXHDRSAMPDELAY, raw=7347238, derived=7347238, unit=None), 'IDX__TXHDRTRANSCNT': ParsedDataItem(IDX__TXHDRTRANSCNT, raw=30, derived=30, unit=None), 'IDX__TXHDRPROCHKCH01': ParsedDataItem(IDX__TXHDRPROCHKCH01, raw=83821393, derived=83821393, unit=None), 'IDX__TXHDRPROCHKCH23': ParsedDataItem(IDX__TXHDRPROCHKCH23, raw=102302895, derived=102302895, unit=None), 'IDX__TXHDRPROCHKCH45': ParsedDataItem(IDX__TXHDRPROCHKCH45, raw=168035546, derived=168035546, unit=None), 'IDX__TXHDRPROCHKCH67': ParsedDataItem(IDX__TXHDRPROCHKCH67, raw=133695768, derived=133695768, unit=None), 'IDX__TXHDRHVPSHKCH01': ParsedDataItem(IDX__TXHDRHVPSHKCH01, raw=131860073, derived=131860073, unit=None), 'IDX__TXHDRHVPSHKCH23': ParsedDataItem(IDX__TXHDRHVPSHKCH23, raw=8849070, derived=8849070, unit=None), 'IDX__TXHDRHVPSHKCH45': ParsedDataItem(IDX__TXHDRHVPSHKCH45, raw=153290714, derived=153290714, unit=None), 'IDX__TXHDRHVPSHKCH67': ParsedDataItem(IDX__TXHDRHVPSHKCH67, raw=20056720, derived=20056720, unit=None), 'IDX__TXHDRLVHK0CH01': ParsedDataItem(IDX__TXHDRLVHK0CH01, raw=134219776, derived=134219776, unit=None), 'IDX__TXHDRLVHK0CH23': ParsedDataItem(IDX__TXHDRLVHK0CH23, raw=172035001, derived=172035001, unit=None), 'IDX__TXHDRLVHK0CH45': ParsedDataItem(IDX__TXHDRLVHK0CH45, raw=134745194, derived=134745194, unit=None), 'IDX__TXHDRLVHK0CH67': ParsedDataItem(IDX__TXHDRLVHK0CH67, raw=205917267, derived=205917267, unit=None), 'IDX__TXHDRLVHK1CH01': ParsedDataItem(IDX__TXHDRLVHK1CH01, raw=34801304, derived=34801304, unit=None), 'IDX__TXHDRLVHK1CH23': ParsedDataItem(IDX__TXHDRLVHK1CH23, raw=74712528, derived=74712528, unit=None), 'IDX__TXHDRLVHK1CH45': ParsedDataItem(IDX__TXHDRLVHK1CH45, raw=215484233, derived=215484233, unit=None), 'IDX__TXHDRLVHK1CH67': ParsedDataItem(IDX__TXHDRLVHK1CH67, raw=193003972, derived=193003972, unit=None), 'IDX__TXHDRLVHK2CH01': ParsedDataItem(IDX__TXHDRLVHK2CH01, raw=82314475, derived=82314475, unit=None), 'IDX__TXHDRLVHK2CH23': ParsedDataItem(IDX__TXHDRLVHK2CH23, raw=188680970, derived=188680970, unit=None), 'IDX__TXHDRLVHK2CH45': ParsedDataItem(IDX__TXHDRLVHK2CH45, raw=101059605, derived=101059605, unit=None), 'IDX__TXHDRLVHK2CH67': ParsedDataItem(IDX__TXHDRLVHK2CH67, raw=69016, derived=69016, unit=None), 'IDX__TXHDRSP09': ParsedDataItem(IDX__TXHDRSP09, raw=0, derived=0, unit=None), 'IDX__TXHDRSP10': ParsedDataItem(IDX__TXHDRSP10, raw=0, derived=0, unit=None), 'IDX__TXHDRFSWAIDCOPY': ParsedDataItem(IDX__TXHDRFSWAIDCOPY, raw=2415277392, derived=2415277392, unit=None), 'IDX__TXHDRFSWBINCOPY': ParsedDataItem(IDX__TXHDRFSWBINCOPY, raw=0, derived=0, unit=None), 'IDX__TXHDRFSWMAJOR': ParsedDataItem(IDX__TXHDRFSWMAJOR, raw=2, derived=2, unit=None), 'IDX__TXHDRFSWMINOR': ParsedDataItem(IDX__TXHDRFSWMINOR, raw=0, derived=0, unit=None), 'IDX__TXHDRFSWPATCH': ParsedDataItem(IDX__TXHDRFSWPATCH, raw=0, derived=0, unit=None), 'IDX__TXHDRFSWHVSTAT': ParsedDataItem(IDX__TXHDRFSWHVSTAT, raw=3, derived=3, unit=None), 'IDX__TXHDRFSWMEM0': ParsedDataItem(IDX__TXHDRFSWMEM0, raw=0, derived=0, unit=None), 'IDX__TXHDRFSWMEM1': ParsedDataItem(IDX__TXHDRFSWMEM1, raw=0, derived=0, unit=None), 'IDX__TXHDRFSWPT0': ParsedDataItem(IDX__TXHDRFSWPT0, raw=0, derived=0, unit=None), 'IDX__TXHDRFSWPT1': ParsedDataItem(IDX__TXHDRFSWPT1, raw=0, derived=0, unit=None), 'IDX__TXHDRFSWPT2': ParsedDataItem(IDX__TXHDRFSWPT2, raw=0, derived=0, unit=None), 'IDX__TXHDRFSWPT3': ParsedDataItem(IDX__TXHDRFSWPT3, raw=0, derived=0, unit=None), 'IDX__TXHDRFSWPT4': ParsedDataItem(IDX__TXHDRFSWPT4, raw=0, derived=0, unit=None), 'IDX__TXHDRFSWPT5': ParsedDataItem(IDX__TXHDRFSWPT5, raw=0, derived=0, unit=None), 'IDX__TXHDRFSWPT6': ParsedDataItem(IDX__TXHDRFSWPT6, raw=0, derived=0, unit=None), 'IDX__TXHDRFSWPT7': ParsedDataItem(IDX__TXHDRFSWPT7, raw=0, derived=0, unit=None), 'IDX__TXHDRFSWPT8': ParsedDataItem(IDX__TXHDRFSWPT8, raw=0, derived=0, unit=None), 'IDX__TXHDRFSWPT9': ParsedDataItem(IDX__TXHDRFSWPT9, raw=0, derived=0, unit=None), 'IDX__TXHDRFPGAVER': ParsedDataItem(IDX__TXHDRFPGAVER, raw=539165480, derived=539165480, unit=None), 'IDX__SYNCSCI0PKT': ParsedDataItem(IDX__SYNCSCI0PKT, raw=13107, derived=13107, unit=None), 'IDX__CRCSCI0PKT': ParsedDataItem(IDX__CRCSCI0PKT, raw=34604, derived=34604, unit=None)}
SHCOARSE = 439515668
SHFINE = 9092
IDX__SCI0AID = 2415277392
IDX__SCI0TYPE = 1
IDX__SCI0CONT = 127
IDX__SCI0SPARE1 = 0
IDX__SCI0PACK = EN
IDX__SCI0FRAG = DS
IDX__SCI0COMP = DS
IDX__SCI0EVTNUM = 82
IDX__SCI0CAT = 32
IDX__SCI0QUAL = 5
IDX__SCI0FRAGOFF = 0
IDX__SCI0VER = 9
IDX__SCI0TIME32 = 439515542
IDX__SCI0SPARE2 = 0
IDX__SCI0SPARE3 = 0
IDX__SCI0SPARE4 = 0
IDX__TXHDRSCIEVTLEN = 8320
IDX__TXHDRSP00 = 0
IDX__TXHDRTIMESEC1 = 6706
IDX__TXHDRTIMESEC2 = 31126
IDX__TXHDRTIMESUBS = 33963
IDX__TXHDRSP01 = 0
IDX__TXHDRTRIGOFFSET = 1
IDX__TXHDRSP02 = 0
IDX__TXHDRTRIGID = 1
IDX__TXHDREVTNUM = 82
IDX__TXHDRBLOCKS = 243679
IDX__TXHDRHGTRIGCTRL1 = 2222981120
IDX__TXHDRHGTRIGCTRL2 = 0
IDX__TXHDRLGTRIGCTRL1 = 4294965248
IDX__TXHDRLGTRIGCTRL2 = 4278255360
IDX__TXHDRMGTRIGCTRL1 = 4294965248
IDX__TXHDRMGTRIGCTRL2 = 4278255360
IDX__TXHDRSP03 = 0
IDX__TXHDRLSADC = 1048320
IDX__TXHDRPOLSTAT = NEG
IDX__TXHDRSP04 = 0
IDX__TXHDRPOLCTRL = POS
IDX__TXHDRCOINENA = DIS
IDX__TXHDRLSTRIGMODE = DIS
IDX__TXHDRMGTRIGMODE = 0
IDX__TXHDRLGTRIGMODE = 0
IDX__TXHDRHGTRIGMODE = 1
IDX__TXHDRSP05 = 0
IDX__TXHDRSP06 = 0
IDX__TXHDRSP07 = 2020
IDX__TXHDRSP08 = 0
IDX__TXHDRTOFMAX = 558373882
IDX__TXHDRTOFMIN = 535295452
IDX__TXHDRLS0MAXMIN = 8775690
IDX__TXHDRLS1MAXMIN = 16774709
IDX__TXHDRLS2MAXMIN = 8325080
IDX__TXHDRFIFODELAY = 16
IDX__TXHDRSAMPDELAY = 7347238
IDX__TXHDRTRANSCNT = 30
IDX__TXHDRPROCHKCH01 = 83821393
IDX__TXHDRPROCHKCH23 = 102302895
IDX__TXHDRPROCHKCH45 = 168035546
IDX__TXHDRPROCHKCH67 = 133695768
IDX__TXHDRHVPSHKCH01 = 131860073
IDX__TXHDRHVPSHKCH23 = 8849070
IDX__TXHDRHVPSHKCH45 = 153290714
IDX__TXHDRHVPSHKCH67 = 20056720
IDX__TXHDRLVHK0CH01 = 134219776
IDX__TXHDRLVHK0CH23 = 172035001
IDX__TXHDRLVHK0CH45 = 134745194
IDX__TXHDRLVHK0CH67 = 205917267
IDX__TXHDRLVHK1CH01 = 34801304
IDX__TXHDRLVHK1CH23 = 74712528
IDX__TXHDRLVHK1CH45 = 215484233
IDX__TXHDRLVHK1CH67 = 193003972
IDX__TXHDRLVHK2CH01 = 82314475
IDX__TXHDRLVHK2CH23 = 188680970
IDX__TXHDRLVHK2CH45 = 101059605
IDX__TXHDRLVHK2CH67 = 69016
IDX__TXHDRSP09 = 0
IDX__TXHDRSP10 = 0
IDX__TXHDRFSWAIDCOPY = 2415277392
IDX__TXHDRFSWBINCOPY = 0
IDX__TXHDRFSWMAJOR = 2
IDX__TXHDRFSWMINOR = 0
IDX__TXHDRFSWPATCH = 0
IDX__TXHDRFSWHVSTAT = 3
IDX__TXHDRFSWMEM0 = 0
IDX__TXHDRFSWMEM1 = 0
IDX__TXHDRFSWPT0 = 0
IDX__TXHDRFSWPT1 = 0
IDX__TXHDRFSWPT2 = 0
IDX__TXHDRFSWPT3 = 0
IDX__TXHDRFSWPT4 = 0
IDX__TXHDRFSWPT5 = 0
IDX__TXHDRFSWPT6 = 0
IDX__TXHDRFSWPT7 = 0
IDX__TXHDRFSWPT8 = 0
IDX__TXHDRFSWPT9 = 0
IDX__TXHDRFPGAVER = 539165480
IDX__SYNCSCI0PKT = 13107
IDX__CRCSCI0PKT = 34604
^*****Event header 1******^
EVTNUM: 1
SCI0TYPE: 1
TXHDRBLOCKS RAW: 243679
TXHDRBLOCKS DERIVED: 243679
-----
HS pre trig sampling blocks:  31
LS pre trig sampling blocks:  3
HS post trig sampling blocks:  31
LS post trig sampling blocks:  11
IDX__TXHDRHVPSHKCH01 = 131860073
Detector voltage =  1641
Sensor voltage =  2012
Target voltage =  1710
Reflectron voltage =  135
Rejection voltage =  2010
Current for HVPS sensor =  2339
Positive current for HVPS sensor =  2704
Negative current for HVPS sensor =  306
Voltage +3.3V reference =  2048
Voltage +3.3V operational reference =  2048
Voltage -6V bus =  3001
Voltage +6V bus =  2625
Voltage +16V bus =  3178
Voltage +3.3V bus =  2056
Voltage -5V bus =  3155
Voltage +5V bus =  3142
Current +3.3V bus =  1688
Current +16V bus =  1140
Current +6V bus =  1488
Current -6V bus =  1140
Current +5V bus =  1865
Current -5V bus =  3288
Current +2.5V bus =  452
Current -2.5V bus =  2945
Current on the 1V POL =  849
Current on the 1.9V POL =  1279
ProcBd Temperature 1 =  1199
ProcBd Temperature 2 =  1561
Voltage on 1V bus =  1242
FPGA Temperature =  2564
Voltage on 1.9V bus =  2328
Voltage on 3.3V bus =  2040
var_to_row = {'Last measurement in raw DN for Processor Board signal “1V POL Current”': 0, 'Last measurement in raw DN for Processor Board signal “1.9V POL Current”': 1, 'Last measurement in raw DN for Processor Board signal “ProcBd Temp1”': 2, nan: 48, 'Last measurement in raw DN for Processor Board signal “ProcBd Temp2”': 6, 'Last measurement in raw DN for Processor Board signal “1V Voltage”': 10, 'Last measurement in raw DN for Processor Board signal “FPGA Temp”': 11, 'Last measurement in raw DN for Processor Board signal “1.9V Voltage”': 12, 'Last measurement in raw DN for Processor Board signal “3.3V Voltage”': 13, 'Last measurement in raw DN for HVPS Board signal “Detector Voltage”': 14, 'Last measurement in raw DN for HVPS Board signal “Sensor Voltage"': 15, 'Last measurement in raw DN for HVPS Board signal “Target Voltage”': 16, 'Last measurement in raw DN for HVPS Board signal “Reflectron Voltage”': 17, 'Last measurement in raw DN for HVPS Board signal “Rejection Voltage”': 18, 'Last measurement in raw DN for HVPS Board signal “Detector Current”': 19, 'Last measurement in raw DN for HVPS Board signal “Sensor IP”': 20, 'Last measurement in raw DN for HVPS Board signal “Sensor IN”': 21, 'Last measurement in raw DN for LVPS Board signal “P3.3VREF_HK”': 22, 'Last measurement in raw DN for LVPS Board signal “P3.3VREF_OP”': 23, 'Last measurement in raw DN for LVPS Board signal “N6V”': 24, 'Last measurement in raw DN for LVPS Board signal “P6V”': 25, 'Last measurement in raw DN for LVPS Board signal “P16V”': 26, 'Last measurement in raw DN for LVPS Board signal “P3.3V”': 27, 'Last measurement in raw DN for LVPS Board signal “N5V”': 28, 'Last measurement in raw DN for LVPS Board signal “P5V”': 29, 'Last measurement in raw DN for LVPS Board signal “P3.3_IMON”': 30, 'Last measurement in raw DN for LVPS Board signal “P16V_IMON”': 31, 'Last measurement in raw DN for LVPS Board signal “P6V_IMON”': 32, 'Last measurement in raw DN for LVPS Board signal “N6V_IMON”': 33, 'Last measurement in raw DN for LVPS Board signal “P5V_IMON”': 34, 'Last measurement in raw DN for LVPS Board signal “N5V_IMON”': 35, 'Last measurement in raw DN for LVPS Board signal “P2.5V_IMON”': 36, 'Last measurement in raw DN for LVPS Board signal “N2.5V_IMON”': 37, 'Last measurement in raw DN for LVPS Board signal “THERM_DECON0”': 38, 'Last measurement in raw DN for LVPS Board signal “THERM_DECON1”': 39, 'Last measurement in raw DN for LVPS Board signal “THERM_DAB”': 40, 'Last measurement in raw DN for LVPS Board signal “THERM_LVPS”': 41, 'Last measurement in raw DN for LVPS Board signal “THERM_HVPS”': 45, 'Last measurement in raw DN for LVPS Board signal “P2.5V”': 49, 'Last measurement in raw DN for LVPS Board signal “N2.5V”': 50, 'Last measurement in raw DN for LVPS Board signal “Spare”': 51}

 
 ***** var_name being converted for each instrument setting ***** 
 

Matching row  18
coeffs for Last measurement in raw DN for Processor Board signal “1V POL Current”= [0.0 0.9029253 0.0 0.0 0.0 0.0 0.0 0.0]
var_name = Last measurement in raw DN for Processor Board signal “1V POL Current”
var_name = current_1V_pol
Header info = 849
Transformed value for current_1V_pol = 766.5835797000001
Matching row  18
coeffs for Last measurement in raw DN for Processor Board signal “1.9V POL Current”= [0.0 0.9029253 0.0 0.0 0.0 0.0 0.0 0.0]
var_name = Last measurement in raw DN for Processor Board signal “1.9V POL Current”
var_name = current_1.9V_pol
Header info = 1279
Transformed value for current_1.9V_pol = 1154.8414587
Matching row  18
coeffs for Last measurement in raw DN for Processor Board signal “ProcBd Temp1”= [162.8276 -0.2668687 0.0003323794 -2.43153e-07 9.034532e-11 -1.327735e-14
 0.0 0.0]
var_name = Last measurement in raw DN for Processor Board signal “ProcBd Temp1”
var_name = temperature_1
Header info = 1199
Transformed value for temperature_1 = 55.37765199321684
Matching row  18
coeffs for nan= [-104713.9 52.02446 -0.006463374 0.0 0.0 0.0 0.0 0.0]
var_name = nan
var_name = None
KeyError: (1, None) - Could not find entry for None, 48. Please check the Var_notes or variable mapping.
Matching row  18
coeffs for Last measurement in raw DN for Processor Board signal “ProcBd Temp2”= [162.8276 -0.2668687 0.0003323794 -2.43153e-07 9.034532e-11 -1.327735e-14
 0.0 0.0]
var_name = Last measurement in raw DN for Processor Board signal “ProcBd Temp2”
var_name = temperature_2
Header info = 1561
Transformed value for temperature_2 = 44.64778748986298
Matching row  18
coeffs for Last measurement in raw DN for Processor Board signal “1V Voltage”= [0.0 0.000805861 0.0 0.0 0.0 0.0 0.0 0.0]
var_name = Last measurement in raw DN for Processor Board signal “1V Voltage”
var_name = voltage_1V_bus
Header info = 1242
Transformed value for voltage_1V_bus = 1.0008793619999998
Matching row  18
coeffs for Last measurement in raw DN for Processor Board signal “FPGA Temp”= [358.31 -0.1187104 0.0 0.0 0.0 0.0 0.0 0.0]
var_name = Last measurement in raw DN for Processor Board signal “FPGA Temp”
var_name = fpga_temperature
Header info = 2564
Transformed value for fpga_temperature = 53.93653440000003
Matching row  18
coeffs for Last measurement in raw DN for Processor Board signal “1.9V Voltage”= [0.0 0.000805861 0.0 0.0 0.0 0.0 0.0 0.0]
var_name = Last measurement in raw DN for Processor Board signal “1.9V Voltage”
var_name = voltage_1.9V_bus
Header info = 2328
Transformed value for voltage_1.9V_bus = 1.8760444079999998
Matching row  18
coeffs for Last measurement in raw DN for Processor Board signal “3.3V Voltage”= [0.0 0.001611722 0.0 0.0 0.0 0.0 0.0 0.0]
var_name = Last measurement in raw DN for Processor Board signal “3.3V Voltage”
var_name = voltage_3.3V_bus
Header info = 2040
Transformed value for voltage_3.3V_bus = 3.28791288
Matching row  18
coeffs for Last measurement in raw DN for HVPS Board signal “Detector Voltage”= [0.0 1.4652 0.0 0.0 0.0 0.0 0.0 0.0]
var_name = Last measurement in raw DN for HVPS Board signal “Detector Voltage”
var_name = detector_voltage
Header info = 1641
Transformed value for detector_voltage = 2404.3932
Matching row  18
coeffs for Last measurement in raw DN for HVPS Board signal “Sensor Voltage"= [0.0 1.4652 0.0 0.0 0.0 0.0 0.0 0.0]
var_name = Last measurement in raw DN for HVPS Board signal “Sensor Voltage"
var_name = sensor_voltage
Header info = 2012
Transformed value for sensor_voltage = 2947.9824000000003
Matching row  18
coeffs for Last measurement in raw DN for HVPS Board signal “Target Voltage”= [0.0 1.4652 0.0 0.0 0.0 0.0 0.0 0.0]
var_name = Last measurement in raw DN for HVPS Board signal “Target Voltage”
var_name = target_voltage
Header info = 1710
Transformed value for target_voltage = 2505.492
Matching row  18
coeffs for Last measurement in raw DN for HVPS Board signal “Reflectron Voltage”= [0.0 1.4652 0.0 0.0 0.0 0.0 0.0 0.0]
var_name = Last measurement in raw DN for HVPS Board signal “Reflectron Voltage”
var_name = reflectron_voltage
Header info = 135
Transformed value for reflectron_voltage = 197.80200000000002
Matching row  18
coeffs for Last measurement in raw DN for HVPS Board signal “Rejection Voltage”= [0.0 1.4652 0.0 0.0 0.0 0.0 0.0 0.0]
var_name = Last measurement in raw DN for HVPS Board signal “Rejection Voltage”
var_name = rejection_voltage
Header info = 2010
Transformed value for rejection_voltage = 2945.052
Matching row  18
coeffs for Last measurement in raw DN for HVPS Board signal “Detector Current”= [0.0 7.326e-06 0.0 0.0 0.0 0.0 0.0 0.0]
var_name = Last measurement in raw DN for HVPS Board signal “Detector Current”
var_name = current_hvps_sensor
Header info = 2339
Transformed value for current_hvps_sensor = 0.017135514
Matching row  18
coeffs for Last measurement in raw DN for HVPS Board signal “Sensor IP”= [0.0 2.4339e-05 0.0 0.0 0.0 0.0 0.0 0.0]
var_name = Last measurement in raw DN for HVPS Board signal “Sensor IP”
var_name = positive_current_hvps
Header info = 2704
Transformed value for positive_current_hvps = 0.065812656
Matching row  18
coeffs for Last measurement in raw DN for HVPS Board signal “Sensor IN”= [0.0 2.4339e-05 0.0 0.0 0.0 0.0 0.0 0.0]
var_name = Last measurement in raw DN for HVPS Board signal “Sensor IN”
var_name = negative_current_hvps
Header info = 306
Transformed value for negative_current_hvps = 0.007447733999999999
Matching row  18
coeffs for Last measurement in raw DN for LVPS Board signal “P3.3VREF_HK”= [0.0 0.00161172 0.0 0.0 0.0 0.0 0.0 0.0]
var_name = Last measurement in raw DN for LVPS Board signal “P3.3VREF_HK”
var_name = voltage_3V3_ref
Header info = 2048
Transformed value for voltage_3V3_ref = 3.30080256
Matching row  18
coeffs for Last measurement in raw DN for LVPS Board signal “P3.3VREF_OP”= [0.0 0.00161172 0.0 0.0 0.0 0.0 0.0 0.0]
var_name = Last measurement in raw DN for LVPS Board signal “P3.3VREF_OP”
var_name = voltage_3V3_op_ref
Header info = 2048
Transformed value for voltage_3V3_op_ref = 3.30080256
Matching row  18
coeffs for Last measurement in raw DN for LVPS Board signal “N6V”= [-33.0 0.00886447 0.0 0.0 0.0 0.0 0.0 0.0]
var_name = Last measurement in raw DN for LVPS Board signal “N6V”
var_name = voltage_neg6V_bus
Header info = 3001
Transformed value for voltage_neg6V_bus = -6.397725530000002
Matching row  18
coeffs for Last measurement in raw DN for LVPS Board signal “P6V”= [0.0 0.00241758 0.0 0.0 0.0 0.0 0.0 0.0]
var_name = Last measurement in raw DN for LVPS Board signal “P6V”
var_name = voltage_pos6V_bus
Header info = 2625
Transformed value for voltage_pos6V_bus = 6.3461475
Matching row  18
coeffs for Last measurement in raw DN for LVPS Board signal “P16V”= [0.0 0.00482711 0.0 0.0 0.0 0.0 0.0 0.0]
var_name = Last measurement in raw DN for LVPS Board signal “P16V”
var_name = voltage_pos16V_bus
Header info = 3178
Transformed value for voltage_pos16V_bus = 15.34055558
Matching row  18
coeffs for Last measurement in raw DN for LVPS Board signal “P3.3V”= [0.0 0.00161172 0.0 0.0 0.0 0.0 0.0 0.0]
var_name = Last measurement in raw DN for LVPS Board signal “P3.3V”
var_name = voltage_pos3V3_bus
Header info = 2056
Transformed value for voltage_pos3V3_bus = 3.31369632
Matching row  18
coeffs for Last measurement in raw DN for LVPS Board signal “N5V”= [-33.0 0.00886447 0.0 0.0 0.0 0.0 0.0 0.0]
var_name = Last measurement in raw DN for LVPS Board signal “N5V”
var_name = voltage_neg5V_bus
Header info = 3155
Transformed value for voltage_neg5V_bus = -5.032597150000001
Matching row  18
coeffs for Last measurement in raw DN for LVPS Board signal “P5V”= [0.0 0.00161172 0.0 0.0 0.0 0.0 0.0 0.0]
var_name = Last measurement in raw DN for LVPS Board signal “P5V”
var_name = voltage_pos5V_bus
Header info = 3142
Transformed value for voltage_pos5V_bus = 5.06402424
Matching row  18
coeffs for Last measurement in raw DN for LVPS Board signal “P3.3_IMON”= [0.0 0.00161172 0.0 0.0 0.0 0.0 0.0 0.0]
var_name = Last measurement in raw DN for LVPS Board signal “P3.3_IMON”
var_name = current_3V3_bus
Header info = 1688
Transformed value for current_3V3_bus = 2.72058336
Matching row  18
coeffs for Last measurement in raw DN for LVPS Board signal “P16V_IMON”= [0.0 0.000161172 0.0 0.0 0.0 0.0 0.0 0.0]
var_name = Last measurement in raw DN for LVPS Board signal “P16V_IMON”
var_name = current_16V_bus
Header info = 1140
Transformed value for current_16V_bus = 0.18373608
Matching row  18
coeffs for Last measurement in raw DN for LVPS Board signal “P6V_IMON”= [0.0 8.05861e-05 0.0 0.0 0.0 0.0 0.0 0.0]
var_name = Last measurement in raw DN for LVPS Board signal “P6V_IMON”
var_name = current_6V_bus
Header info = 1488
Transformed value for current_6V_bus = 0.1199121168
Matching row  18
coeffs for Last measurement in raw DN for LVPS Board signal “N6V_IMON”= [0.0 -8.05861e-05 0.0 0.0 0.0 0.0 0.0 0.0]
var_name = Last measurement in raw DN for LVPS Board signal “N6V_IMON”
var_name = current_neg6V_bus
Header info = 1140
Transformed value for current_neg6V_bus = -0.091868154
Matching row  18
coeffs for Last measurement in raw DN for LVPS Board signal “P5V_IMON”= [0.0 4.029304e-05 0.0 0.0 0.0 0.0 0.0 0.0]
var_name = Last measurement in raw DN for LVPS Board signal “P5V_IMON”
var_name = current_5V_bus
Header info = 1865
Transformed value for current_5V_bus = 0.0751465196
Matching row  18
coeffs for Last measurement in raw DN for LVPS Board signal “N5V_IMON”= [0.0 -2.01465e-05 0.0 0.0 0.0 0.0 0.0 0.0]
var_name = Last measurement in raw DN for LVPS Board signal “N5V_IMON”
var_name = current_neg5V_bus
Header info = 3288
Transformed value for current_neg5V_bus = -0.066241692
Matching row  18
coeffs for Last measurement in raw DN for LVPS Board signal “P2.5V_IMON”= [0.0 0.00161172 0.0 0.0 0.0 0.0 0.0 0.0]
var_name = Last measurement in raw DN for LVPS Board signal “P2.5V_IMON”
var_name = current_2V5_bus
Header info = 452
Transformed value for current_2V5_bus = 0.72849744
Matching row  18
coeffs for Last measurement in raw DN for LVPS Board signal “N2.5V_IMON”= [0.0 -4.0293e-05 0.0 0.0 0.0 0.0 0.0 0.0]
var_name = Last measurement in raw DN for LVPS Board signal “N2.5V_IMON”
var_name = current_neg2V5_bus
Header info = 2945
Transformed value for current_neg2V5_bus = -0.11866288500000001
Matching row  18
coeffs for Last measurement in raw DN for LVPS Board signal “THERM_DECON0”= [-110.293 0.0665351 0.000305738 -6.32048e-07 5.9934e-10 -2.98784e-13
 7.61361e-17 -7.76467e-21]
var_name = Last measurement in raw DN for LVPS Board signal “THERM_DECON0”
var_name = None
KeyError: (1, None) - Could not find entry for None, 38. Please check the Var_notes or variable mapping.
Matching row  18
coeffs for Last measurement in raw DN for LVPS Board signal “THERM_DECON1”= [-150.478 0.376986 -0.00062072 7.73853e-07 -5.81588e-10 2.56368e-13
 -6.05698e-17 5.96635e-21]
var_name = Last measurement in raw DN for LVPS Board signal “THERM_DECON1”
var_name = None
KeyError: (1, None) - Could not find entry for None, 39. Please check the Var_notes or variable mapping.
Matching row  18
coeffs for Last measurement in raw DN for LVPS Board signal “THERM_DAB”= [-443.248 1.31224 -0.00180422 1.40016e-06 -6.43766e-10 1.7448e-13
 -2.57695e-17 1.60239e-21]
var_name = Last measurement in raw DN for LVPS Board signal “THERM_DAB”
var_name = None
KeyError: (1, None) - Could not find entry for None, 40. Please check the Var_notes or variable mapping.
Matching row  18
coeffs for Last measurement in raw DN for LVPS Board signal “THERM_LVPS”= [200.4137 -0.2020699 0.000175403 -9.739547e-08 2.888932e-11 -3.545603e-15
 0.0 0.0]
var_name = Last measurement in raw DN for LVPS Board signal “THERM_LVPS”
var_name = None
KeyError: (1, None) - Could not find entry for None, 41. Please check the Var_notes or variable mapping.
Matching row  18
coeffs for Last measurement in raw DN for LVPS Board signal “THERM_HVPS”= [200.4137 -0.2020699 0.000175403 -9.739547e-08 2.888932e-11 -3.545603e-15
 0.0 0.0]
var_name = Last measurement in raw DN for LVPS Board signal “THERM_HVPS”
var_name = None
KeyError: (1, None) - Could not find entry for None, 45. Please check the Var_notes or variable mapping.
Matching row  18
coeffs for Last measurement in raw DN for LVPS Board signal “P2.5V”= [0.0 0.00161172 0.0 0.0 0.0 0.0 0.0 0.0]
var_name = Last measurement in raw DN for LVPS Board signal “P2.5V”
var_name = None
KeyError: (1, None) - Could not find entry for None, 49. Please check the Var_notes or variable mapping.
Matching row  18
coeffs for Last measurement in raw DN for LVPS Board signal “N2.5V”= [-33.0 0.00886447 0.0 0.0 0.0 0.0 0.0 0.0]
var_name = Last measurement in raw DN for LVPS Board signal “N2.5V”
var_name = None
KeyError: (1, None) - Could not find entry for None, 50. Please check the Var_notes or variable mapping.
Matching row  18
coeffs for Last measurement in raw DN for LVPS Board signal “Spare”= [0.0 0.00161172 0.0 0.0 0.0 0.0 0.0 0.0]
var_name = Last measurement in raw DN for LVPS Board signal “Spare”
var_name = spare_signal
KeyError: (1, 'spare_signal') - Could not find entry for spare_signal, 51. Please check the Var_notes or variable mapping.
High gain delay = 38 samples.
Mid gain delay = 7 samples.
Low gain delay = 7 samples.
High sampling trigger mode =  0 0 1
High gain trigger mode enabled.
For 2222981120, HG Trigger level = 0.15317, sample settings = 0, 0
Threshold trigger mode enabled for high gain channel.
AID = 2415277392
Event number = 82
Rice compression enabled = False
Timestamp = 439515542.67926 seconds since epoch (Midnight January 1st, 2010)
Trigger time = 2023-12-05T23:39:02.679260Z
1
1
1
1
1
1
1
1
1
1
1
1
1
{'SHCOARSE': ParsedDataItem(SHCOARSE, raw=439515681, derived=439515681, unit=dn), 'SHFINE': ParsedDataItem(SHFINE, raw=9101, derived=9101, unit=dn), 'IDX__SCI0AID': ParsedDataItem(IDX__SCI0AID, raw=2415277392, derived=2415277392, unit=None), 'IDX__SCI0TYPE': ParsedDataItem(IDX__SCI0TYPE, raw=1, derived=1, unit=None), 'IDX__SCI0CONT': ParsedDataItem(IDX__SCI0CONT, raw=127, derived=127, unit=None), 'IDX__SCI0SPARE1': ParsedDataItem(IDX__SCI0SPARE1, raw=0, derived=0, unit=None), 'IDX__SCI0PACK': ParsedDataItem(IDX__SCI0PACK, raw=1, derived=EN, unit=None), 'IDX__SCI0FRAG': ParsedDataItem(IDX__SCI0FRAG, raw=0, derived=DS, unit=None), 'IDX__SCI0COMP': ParsedDataItem(IDX__SCI0COMP, raw=0, derived=DS, unit=None), 'IDX__SCI0EVTNUM': ParsedDataItem(IDX__SCI0EVTNUM, raw=83, derived=83, unit=None), 'IDX__SCI0CAT': ParsedDataItem(IDX__SCI0CAT, raw=32, derived=32, unit=None), 'IDX__SCI0QUAL': ParsedDataItem(IDX__SCI0QUAL, raw=5, derived=5, unit=None), 'IDX__SCI0FRAGOFF': ParsedDataItem(IDX__SCI0FRAGOFF, raw=0, derived=0, unit=None), 'IDX__SCI0VER': ParsedDataItem(IDX__SCI0VER, raw=9, derived=9, unit=None), 'IDX__SCI0TIME32': ParsedDataItem(IDX__SCI0TIME32, raw=439515543, derived=439515543, unit=None), 'IDX__SCI0SPARE2': ParsedDataItem(IDX__SCI0SPARE2, raw=0, derived=0, unit=None), 'IDX__SCI0SPARE3': ParsedDataItem(IDX__SCI0SPARE3, raw=0, derived=0, unit=None), 'IDX__SCI0SPARE4': ParsedDataItem(IDX__SCI0SPARE4, raw=0, derived=0, unit=None), 'IDX__TXHDRSCIEVTLEN': ParsedDataItem(IDX__TXHDRSCIEVTLEN, raw=8320, derived=8320, unit=None), 'IDX__TXHDRSP00': ParsedDataItem(IDX__TXHDRSP00, raw=0, derived=0, unit=None), 'IDX__TXHDRTIMESEC1': ParsedDataItem(IDX__TXHDRTIMESEC1, raw=6706, derived=6706, unit=None), 'IDX__TXHDRTIMESEC2': ParsedDataItem(IDX__TXHDRTIMESEC2, raw=31127, derived=31127, unit=None), 'IDX__TXHDRTIMESUBS': ParsedDataItem(IDX__TXHDRTIMESUBS, raw=33960, derived=33960, unit=None), 'IDX__TXHDRSP01': ParsedDataItem(IDX__TXHDRSP01, raw=0, derived=0, unit=None), 'IDX__TXHDRTRIGOFFSET': ParsedDataItem(IDX__TXHDRTRIGOFFSET, raw=7, derived=7, unit=None), 'IDX__TXHDRSP02': ParsedDataItem(IDX__TXHDRSP02, raw=0, derived=0, unit=None), 'IDX__TXHDRTRIGID': ParsedDataItem(IDX__TXHDRTRIGID, raw=1, derived=1, unit=None), 'IDX__TXHDREVTNUM': ParsedDataItem(IDX__TXHDREVTNUM, raw=83, derived=83, unit=None), 'IDX__TXHDRBLOCKS': ParsedDataItem(IDX__TXHDRBLOCKS, raw=243679, derived=243679, unit=None), 'IDX__TXHDRHGTRIGCTRL1': ParsedDataItem(IDX__TXHDRHGTRIGCTRL1, raw=2222981120, derived=2222981120, unit=None), 'IDX__TXHDRHGTRIGCTRL2': ParsedDataItem(IDX__TXHDRHGTRIGCTRL2, raw=0, derived=0, unit=None), 'IDX__TXHDRLGTRIGCTRL1': ParsedDataItem(IDX__TXHDRLGTRIGCTRL1, raw=4294965248, derived=4294965248, unit=None), 'IDX__TXHDRLGTRIGCTRL2': ParsedDataItem(IDX__TXHDRLGTRIGCTRL2, raw=4278255360, derived=4278255360, unit=None), 'IDX__TXHDRMGTRIGCTRL1': ParsedDataItem(IDX__TXHDRMGTRIGCTRL1, raw=4294965248, derived=4294965248, unit=None), 'IDX__TXHDRMGTRIGCTRL2': ParsedDataItem(IDX__TXHDRMGTRIGCTRL2, raw=4278255360, derived=4278255360, unit=None), 'IDX__TXHDRSP03': ParsedDataItem(IDX__TXHDRSP03, raw=0, derived=0, unit=None), 'IDX__TXHDRLSADC': ParsedDataItem(IDX__TXHDRLSADC, raw=1048320, derived=1048320, unit=None), 'IDX__TXHDRPOLSTAT': ParsedDataItem(IDX__TXHDRPOLSTAT, raw=1, derived=NEG, unit=None), 'IDX__TXHDRSP04': ParsedDataItem(IDX__TXHDRSP04, raw=0, derived=0, unit=None), 'IDX__TXHDRPOLCTRL': ParsedDataItem(IDX__TXHDRPOLCTRL, raw=0, derived=POS, unit=None), 'IDX__TXHDRCOINENA': ParsedDataItem(IDX__TXHDRCOINENA, raw=0, derived=DIS, unit=None), 'IDX__TXHDRLSTRIGMODE': ParsedDataItem(IDX__TXHDRLSTRIGMODE, raw=0, derived=DIS, unit=None), 'IDX__TXHDRMGTRIGMODE': ParsedDataItem(IDX__TXHDRMGTRIGMODE, raw=0, derived=0, unit=None), 'IDX__TXHDRLGTRIGMODE': ParsedDataItem(IDX__TXHDRLGTRIGMODE, raw=0, derived=0, unit=None), 'IDX__TXHDRHGTRIGMODE': ParsedDataItem(IDX__TXHDRHGTRIGMODE, raw=1, derived=1, unit=None), 'IDX__TXHDRSP05': ParsedDataItem(IDX__TXHDRSP05, raw=0, derived=0, unit=None), 'IDX__TXHDRSP06': ParsedDataItem(IDX__TXHDRSP06, raw=0, derived=0, unit=None), 'IDX__TXHDRSP07': ParsedDataItem(IDX__TXHDRSP07, raw=2020, derived=2020, unit=None), 'IDX__TXHDRSP08': ParsedDataItem(IDX__TXHDRSP08, raw=0, derived=0, unit=None), 'IDX__TXHDRTOFMAX': ParsedDataItem(IDX__TXHDRTOFMAX, raw=576199679, derived=576199679, unit=None), 'IDX__TXHDRTOFMIN': ParsedDataItem(IDX__TXHDRTOFMIN, raw=535295443, derived=535295443, unit=None), 'IDX__TXHDRLS0MAXMIN': ParsedDataItem(IDX__TXHDRLS0MAXMIN, raw=8468493, derived=8468493, unit=None), 'IDX__TXHDRLS1MAXMIN': ParsedDataItem(IDX__TXHDRLS1MAXMIN, raw=8447972, derived=8447972, unit=None), 'IDX__TXHDRLS2MAXMIN': ParsedDataItem(IDX__TXHDRLS2MAXMIN, raw=9013220, derived=9013220, unit=None), 'IDX__TXHDRFIFODELAY': ParsedDataItem(IDX__TXHDRFIFODELAY, raw=17, derived=17, unit=None), 'IDX__TXHDRSAMPDELAY': ParsedDataItem(IDX__TXHDRSAMPDELAY, raw=57728088, derived=57728088, unit=None), 'IDX__TXHDRTRANSCNT': ParsedDataItem(IDX__TXHDRTRANSCNT, raw=36, derived=36, unit=None), 'IDX__TXHDRPROCHKCH01': ParsedDataItem(IDX__TXHDRPROCHKCH01, raw=83755856, derived=83755856, unit=None), 'IDX__TXHDRPROCHKCH23': ParsedDataItem(IDX__TXHDRPROCHKCH23, raw=102368431, derived=102368431, unit=None), 'IDX__TXHDRPROCHKCH45': ParsedDataItem(IDX__TXHDRPROCHKCH45, raw=168035546, derived=168035546, unit=None), 'IDX__TXHDRPROCHKCH67': ParsedDataItem(IDX__TXHDRPROCHKCH67, raw=133695768, derived=133695768, unit=None), 'IDX__TXHDRHVPSHKCH01': ParsedDataItem(IDX__TXHDRHVPSHKCH01, raw=131860073, derived=131860073, unit=None), 'IDX__TXHDRHVPSHKCH23': ParsedDataItem(IDX__TXHDRHVPSHKCH23, raw=8849070, derived=8849070, unit=None), 'IDX__TXHDRHVPSHKCH45': ParsedDataItem(IDX__TXHDRHVPSHKCH45, raw=153290714, derived=153290714, unit=None), 'IDX__TXHDRHVPSHKCH67': ParsedDataItem(IDX__TXHDRHVPSHKCH67, raw=19991184, derived=19991184, unit=None), 'IDX__TXHDRLVHK0CH01': ParsedDataItem(IDX__TXHDRLVHK0CH01, raw=134219776, derived=134219776, unit=None), 'IDX__TXHDRLVHK0CH23': ParsedDataItem(IDX__TXHDRLVHK0CH23, raw=172035001, derived=172035001, unit=None), 'IDX__TXHDRLVHK0CH45': ParsedDataItem(IDX__TXHDRLVHK0CH45, raw=134745194, derived=134745194, unit=None), 'IDX__TXHDRLVHK0CH67': ParsedDataItem(IDX__TXHDRLVHK0CH67, raw=205917266, derived=205917266, unit=None), 'IDX__TXHDRLVHK1CH01': ParsedDataItem(IDX__TXHDRLVHK1CH01, raw=34801303, derived=34801303, unit=None), 'IDX__TXHDRLVHK1CH23': ParsedDataItem(IDX__TXHDRLVHK1CH23, raw=74712528, derived=74712528, unit=None), 'IDX__TXHDRLVHK1CH45': ParsedDataItem(IDX__TXHDRLVHK1CH45, raw=215484233, derived=215484233, unit=None), 'IDX__TXHDRLVHK1CH67': ParsedDataItem(IDX__TXHDRLVHK1CH67, raw=193003972, derived=193003972, unit=None), 'IDX__TXHDRLVHK2CH01': ParsedDataItem(IDX__TXHDRLVHK2CH01, raw=82314476, derived=82314476, unit=None), 'IDX__TXHDRLVHK2CH23': ParsedDataItem(IDX__TXHDRLVHK2CH23, raw=188680970, derived=188680970, unit=None), 'IDX__TXHDRLVHK2CH45': ParsedDataItem(IDX__TXHDRLVHK2CH45, raw=101059605, derived=101059605, unit=None), 'IDX__TXHDRLVHK2CH67': ParsedDataItem(IDX__TXHDRLVHK2CH67, raw=69016, derived=69016, unit=None), 'IDX__TXHDRSP09': ParsedDataItem(IDX__TXHDRSP09, raw=0, derived=0, unit=None), 'IDX__TXHDRSP10': ParsedDataItem(IDX__TXHDRSP10, raw=0, derived=0, unit=None), 'IDX__TXHDRFSWAIDCOPY': ParsedDataItem(IDX__TXHDRFSWAIDCOPY, raw=2415277392, derived=2415277392, unit=None), 'IDX__TXHDRFSWBINCOPY': ParsedDataItem(IDX__TXHDRFSWBINCOPY, raw=0, derived=0, unit=None), 'IDX__TXHDRFSWMAJOR': ParsedDataItem(IDX__TXHDRFSWMAJOR, raw=2, derived=2, unit=None), 'IDX__TXHDRFSWMINOR': ParsedDataItem(IDX__TXHDRFSWMINOR, raw=0, derived=0, unit=None), 'IDX__TXHDRFSWPATCH': ParsedDataItem(IDX__TXHDRFSWPATCH, raw=0, derived=0, unit=None), 'IDX__TXHDRFSWHVSTAT': ParsedDataItem(IDX__TXHDRFSWHVSTAT, raw=3, derived=3, unit=None), 'IDX__TXHDRFSWMEM0': ParsedDataItem(IDX__TXHDRFSWMEM0, raw=0, derived=0, unit=None), 'IDX__TXHDRFSWMEM1': ParsedDataItem(IDX__TXHDRFSWMEM1, raw=0, derived=0, unit=None), 'IDX__TXHDRFSWPT0': ParsedDataItem(IDX__TXHDRFSWPT0, raw=0, derived=0, unit=None), 'IDX__TXHDRFSWPT1': ParsedDataItem(IDX__TXHDRFSWPT1, raw=0, derived=0, unit=None), 'IDX__TXHDRFSWPT2': ParsedDataItem(IDX__TXHDRFSWPT2, raw=0, derived=0, unit=None), 'IDX__TXHDRFSWPT3': ParsedDataItem(IDX__TXHDRFSWPT3, raw=0, derived=0, unit=None), 'IDX__TXHDRFSWPT4': ParsedDataItem(IDX__TXHDRFSWPT4, raw=0, derived=0, unit=None), 'IDX__TXHDRFSWPT5': ParsedDataItem(IDX__TXHDRFSWPT5, raw=0, derived=0, unit=None), 'IDX__TXHDRFSWPT6': ParsedDataItem(IDX__TXHDRFSWPT6, raw=0, derived=0, unit=None), 'IDX__TXHDRFSWPT7': ParsedDataItem(IDX__TXHDRFSWPT7, raw=0, derived=0, unit=None), 'IDX__TXHDRFSWPT8': ParsedDataItem(IDX__TXHDRFSWPT8, raw=0, derived=0, unit=None), 'IDX__TXHDRFSWPT9': ParsedDataItem(IDX__TXHDRFSWPT9, raw=0, derived=0, unit=None), 'IDX__TXHDRFPGAVER': ParsedDataItem(IDX__TXHDRFPGAVER, raw=539165480, derived=539165480, unit=None), 'IDX__SYNCSCI0PKT': ParsedDataItem(IDX__SYNCSCI0PKT, raw=13107, derived=13107, unit=None), 'IDX__CRCSCI0PKT': ParsedDataItem(IDX__CRCSCI0PKT, raw=57742, derived=57742, unit=None)}
SHCOARSE = 439515681
SHFINE = 9101
IDX__SCI0AID = 2415277392
IDX__SCI0TYPE = 1
IDX__SCI0CONT = 127
IDX__SCI0SPARE1 = 0
IDX__SCI0PACK = EN
IDX__SCI0FRAG = DS
IDX__SCI0COMP = DS
IDX__SCI0EVTNUM = 83
IDX__SCI0CAT = 32
IDX__SCI0QUAL = 5
IDX__SCI0FRAGOFF = 0
IDX__SCI0VER = 9
IDX__SCI0TIME32 = 439515543
IDX__SCI0SPARE2 = 0
IDX__SCI0SPARE3 = 0
IDX__SCI0SPARE4 = 0
IDX__TXHDRSCIEVTLEN = 8320
IDX__TXHDRSP00 = 0
IDX__TXHDRTIMESEC1 = 6706
IDX__TXHDRTIMESEC2 = 31127
IDX__TXHDRTIMESUBS = 33960
IDX__TXHDRSP01 = 0
IDX__TXHDRTRIGOFFSET = 7
IDX__TXHDRSP02 = 0
IDX__TXHDRTRIGID = 1
IDX__TXHDREVTNUM = 83
IDX__TXHDRBLOCKS = 243679
IDX__TXHDRHGTRIGCTRL1 = 2222981120
IDX__TXHDRHGTRIGCTRL2 = 0
IDX__TXHDRLGTRIGCTRL1 = 4294965248
IDX__TXHDRLGTRIGCTRL2 = 4278255360
IDX__TXHDRMGTRIGCTRL1 = 4294965248
IDX__TXHDRMGTRIGCTRL2 = 4278255360
IDX__TXHDRSP03 = 0
IDX__TXHDRLSADC = 1048320
IDX__TXHDRPOLSTAT = NEG
IDX__TXHDRSP04 = 0
IDX__TXHDRPOLCTRL = POS
IDX__TXHDRCOINENA = DIS
IDX__TXHDRLSTRIGMODE = DIS
IDX__TXHDRMGTRIGMODE = 0
IDX__TXHDRLGTRIGMODE = 0
IDX__TXHDRHGTRIGMODE = 1
IDX__TXHDRSP05 = 0
IDX__TXHDRSP06 = 0
IDX__TXHDRSP07 = 2020
IDX__TXHDRSP08 = 0
IDX__TXHDRTOFMAX = 576199679
IDX__TXHDRTOFMIN = 535295443
IDX__TXHDRLS0MAXMIN = 8468493
IDX__TXHDRLS1MAXMIN = 8447972
IDX__TXHDRLS2MAXMIN = 9013220
IDX__TXHDRFIFODELAY = 17
IDX__TXHDRSAMPDELAY = 57728088
IDX__TXHDRTRANSCNT = 36
IDX__TXHDRPROCHKCH01 = 83755856
IDX__TXHDRPROCHKCH23 = 102368431
IDX__TXHDRPROCHKCH45 = 168035546
IDX__TXHDRPROCHKCH67 = 133695768
IDX__TXHDRHVPSHKCH01 = 131860073
IDX__TXHDRHVPSHKCH23 = 8849070
IDX__TXHDRHVPSHKCH45 = 153290714
IDX__TXHDRHVPSHKCH67 = 19991184
IDX__TXHDRLVHK0CH01 = 134219776
IDX__TXHDRLVHK0CH23 = 172035001
IDX__TXHDRLVHK0CH45 = 134745194
IDX__TXHDRLVHK0CH67 = 205917266
IDX__TXHDRLVHK1CH01 = 34801303
IDX__TXHDRLVHK1CH23 = 74712528
IDX__TXHDRLVHK1CH45 = 215484233
IDX__TXHDRLVHK1CH67 = 193003972
IDX__TXHDRLVHK2CH01 = 82314476
IDX__TXHDRLVHK2CH23 = 188680970
IDX__TXHDRLVHK2CH45 = 101059605
IDX__TXHDRLVHK2CH67 = 69016
IDX__TXHDRSP09 = 0
IDX__TXHDRSP10 = 0
IDX__TXHDRFSWAIDCOPY = 2415277392
IDX__TXHDRFSWBINCOPY = 0
IDX__TXHDRFSWMAJOR = 2
IDX__TXHDRFSWMINOR = 0
IDX__TXHDRFSWPATCH = 0
IDX__TXHDRFSWHVSTAT = 3
IDX__TXHDRFSWMEM0 = 0
IDX__TXHDRFSWMEM1 = 0
IDX__TXHDRFSWPT0 = 0
IDX__TXHDRFSWPT1 = 0
IDX__TXHDRFSWPT2 = 0
IDX__TXHDRFSWPT3 = 0
IDX__TXHDRFSWPT4 = 0
IDX__TXHDRFSWPT5 = 0
IDX__TXHDRFSWPT6 = 0
IDX__TXHDRFSWPT7 = 0
IDX__TXHDRFSWPT8 = 0
IDX__TXHDRFSWPT9 = 0
IDX__TXHDRFPGAVER = 539165480
IDX__SYNCSCI0PKT = 13107
IDX__CRCSCI0PKT = 57742
^*****Event header 2******^
EVTNUM: 2
SCI0TYPE: 1
TXHDRBLOCKS RAW: 243679
TXHDRBLOCKS DERIVED: 243679
-----
HS pre trig sampling blocks:  31
LS pre trig sampling blocks:  3
HS post trig sampling blocks:  31
LS post trig sampling blocks:  11
IDX__TXHDRHVPSHKCH01 = 131860073
Detector voltage =  1641
Sensor voltage =  2012
Target voltage =  1710
Reflectron voltage =  135
Rejection voltage =  2010
Current for HVPS sensor =  2339
Positive current for HVPS sensor =  2704
Negative current for HVPS sensor =  305
Voltage +3.3V reference =  2048
Voltage +3.3V operational reference =  2048
Voltage -6V bus =  3001
Voltage +6V bus =  2625
Voltage +16V bus =  3178
Voltage +3.3V bus =  2056
Voltage -5V bus =  3154
Voltage +5V bus =  3142
Current +3.3V bus =  1687
Current +16V bus =  1140
Current +6V bus =  1488
Current -6V bus =  1140
Current +5V bus =  1865
Current -5V bus =  3288
Current +2.5V bus =  452
Current -2.5V bus =  2945
Current on the 1V POL =  848
Current on the 1.9V POL =  1278
ProcBd Temperature 1 =  1199
ProcBd Temperature 2 =  1562
Voltage on 1V bus =  1242
FPGA Temperature =  2564
Voltage on 1.9V bus =  2328
Voltage on 3.3V bus =  2040
var_to_row = {'Last measurement in raw DN for Processor Board signal “1V POL Current”': 0, 'Last measurement in raw DN for Processor Board signal “1.9V POL Current”': 1, 'Last measurement in raw DN for Processor Board signal “ProcBd Temp1”': 2, nan: 48, 'Last measurement in raw DN for Processor Board signal “ProcBd Temp2”': 6, 'Last measurement in raw DN for Processor Board signal “1V Voltage”': 10, 'Last measurement in raw DN for Processor Board signal “FPGA Temp”': 11, 'Last measurement in raw DN for Processor Board signal “1.9V Voltage”': 12, 'Last measurement in raw DN for Processor Board signal “3.3V Voltage”': 13, 'Last measurement in raw DN for HVPS Board signal “Detector Voltage”': 14, 'Last measurement in raw DN for HVPS Board signal “Sensor Voltage"': 15, 'Last measurement in raw DN for HVPS Board signal “Target Voltage”': 16, 'Last measurement in raw DN for HVPS Board signal “Reflectron Voltage”': 17, 'Last measurement in raw DN for HVPS Board signal “Rejection Voltage”': 18, 'Last measurement in raw DN for HVPS Board signal “Detector Current”': 19, 'Last measurement in raw DN for HVPS Board signal “Sensor IP”': 20, 'Last measurement in raw DN for HVPS Board signal “Sensor IN”': 21, 'Last measurement in raw DN for LVPS Board signal “P3.3VREF_HK”': 22, 'Last measurement in raw DN for LVPS Board signal “P3.3VREF_OP”': 23, 'Last measurement in raw DN for LVPS Board signal “N6V”': 24, 'Last measurement in raw DN for LVPS Board signal “P6V”': 25, 'Last measurement in raw DN for LVPS Board signal “P16V”': 26, 'Last measurement in raw DN for LVPS Board signal “P3.3V”': 27, 'Last measurement in raw DN for LVPS Board signal “N5V”': 28, 'Last measurement in raw DN for LVPS Board signal “P5V”': 29, 'Last measurement in raw DN for LVPS Board signal “P3.3_IMON”': 30, 'Last measurement in raw DN for LVPS Board signal “P16V_IMON”': 31, 'Last measurement in raw DN for LVPS Board signal “P6V_IMON”': 32, 'Last measurement in raw DN for LVPS Board signal “N6V_IMON”': 33, 'Last measurement in raw DN for LVPS Board signal “P5V_IMON”': 34, 'Last measurement in raw DN for LVPS Board signal “N5V_IMON”': 35, 'Last measurement in raw DN for LVPS Board signal “P2.5V_IMON”': 36, 'Last measurement in raw DN for LVPS Board signal “N2.5V_IMON”': 37, 'Last measurement in raw DN for LVPS Board signal “THERM_DECON0”': 38, 'Last measurement in raw DN for LVPS Board signal “THERM_DECON1”': 39, 'Last measurement in raw DN for LVPS Board signal “THERM_DAB”': 40, 'Last measurement in raw DN for LVPS Board signal “THERM_LVPS”': 41, 'Last measurement in raw DN for LVPS Board signal “THERM_HVPS”': 45, 'Last measurement in raw DN for LVPS Board signal “P2.5V”': 49, 'Last measurement in raw DN for LVPS Board signal “N2.5V”': 50, 'Last measurement in raw DN for LVPS Board signal “Spare”': 51}

 
 ***** var_name being converted for each instrument setting ***** 
 

Matching row  18
coeffs for Last measurement in raw DN for Processor Board signal “1V POL Current”= [0.0 0.9029253 0.0 0.0 0.0 0.0 0.0 0.0]
var_name = Last measurement in raw DN for Processor Board signal “1V POL Current”
var_name = current_1V_pol
Header info = 848
Transformed value for current_1V_pol = 765.6806544
Matching row  18
coeffs for Last measurement in raw DN for Processor Board signal “1.9V POL Current”= [0.0 0.9029253 0.0 0.0 0.0 0.0 0.0 0.0]
var_name = Last measurement in raw DN for Processor Board signal “1.9V POL Current”
var_name = current_1.9V_pol
Header info = 1278
Transformed value for current_1.9V_pol = 1153.9385334
Matching row  18
coeffs for Last measurement in raw DN for Processor Board signal “ProcBd Temp1”= [162.8276 -0.2668687 0.0003323794 -2.43153e-07 9.034532e-11 -1.327735e-14
 0.0 0.0]
var_name = Last measurement in raw DN for Processor Board signal “ProcBd Temp1”
var_name = temperature_1
Header info = 1199
Transformed value for temperature_1 = 55.37765199321684
Matching row  18
coeffs for nan= [-104713.9 52.02446 -0.006463374 0.0 0.0 0.0 0.0 0.0]
var_name = nan
var_name = None
KeyError: (2, None) - Could not find entry for None, 48. Please check the Var_notes or variable mapping.
Matching row  18
coeffs for Last measurement in raw DN for Processor Board signal “ProcBd Temp2”= [162.8276 -0.2668687 0.0003323794 -2.43153e-07 9.034532e-11 -1.327735e-14
 0.0 0.0]
var_name = Last measurement in raw DN for Processor Board signal “ProcBd Temp2”
var_name = temperature_2
Header info = 1562
Transformed value for temperature_2 = 44.62154390655506
Matching row  18
coeffs for Last measurement in raw DN for Processor Board signal “1V Voltage”= [0.0 0.000805861 0.0 0.0 0.0 0.0 0.0 0.0]
var_name = Last measurement in raw DN for Processor Board signal “1V Voltage”
var_name = voltage_1V_bus
Header info = 1242
Transformed value for voltage_1V_bus = 1.0008793619999998
Matching row  18
coeffs for Last measurement in raw DN for Processor Board signal “FPGA Temp”= [358.31 -0.1187104 0.0 0.0 0.0 0.0 0.0 0.0]
var_name = Last measurement in raw DN for Processor Board signal “FPGA Temp”
var_name = fpga_temperature
Header info = 2564
Transformed value for fpga_temperature = 53.93653440000003
Matching row  18
coeffs for Last measurement in raw DN for Processor Board signal “1.9V Voltage”= [0.0 0.000805861 0.0 0.0 0.0 0.0 0.0 0.0]
var_name = Last measurement in raw DN for Processor Board signal “1.9V Voltage”
var_name = voltage_1.9V_bus
Header info = 2328
Transformed value for voltage_1.9V_bus = 1.8760444079999998
Matching row  18
coeffs for Last measurement in raw DN for Processor Board signal “3.3V Voltage”= [0.0 0.001611722 0.0 0.0 0.0 0.0 0.0 0.0]
var_name = Last measurement in raw DN for Processor Board signal “3.3V Voltage”
var_name = voltage_3.3V_bus
Header info = 2040
Transformed value for voltage_3.3V_bus = 3.28791288
Matching row  18
coeffs for Last measurement in raw DN for HVPS Board signal “Detector Voltage”= [0.0 1.4652 0.0 0.0 0.0 0.0 0.0 0.0]
var_name = Last measurement in raw DN for HVPS Board signal “Detector Voltage”
var_name = detector_voltage
Header info = 1641
Transformed value for detector_voltage = 2404.3932
Matching row  18
coeffs for Last measurement in raw DN for HVPS Board signal “Sensor Voltage"= [0.0 1.4652 0.0 0.0 0.0 0.0 0.0 0.0]
var_name = Last measurement in raw DN for HVPS Board signal “Sensor Voltage"
var_name = sensor_voltage
Header info = 2012
Transformed value for sensor_voltage = 2947.9824000000003
Matching row  18
coeffs for Last measurement in raw DN for HVPS Board signal “Target Voltage”= [0.0 1.4652 0.0 0.0 0.0 0.0 0.0 0.0]
var_name = Last measurement in raw DN for HVPS Board signal “Target Voltage”
var_name = target_voltage
Header info = 1710
Transformed value for target_voltage = 2505.492
Matching row  18
coeffs for Last measurement in raw DN for HVPS Board signal “Reflectron Voltage”= [0.0 1.4652 0.0 0.0 0.0 0.0 0.0 0.0]
var_name = Last measurement in raw DN for HVPS Board signal “Reflectron Voltage”
var_name = reflectron_voltage
Header info = 135
Transformed value for reflectron_voltage = 197.80200000000002
Matching row  18
coeffs for Last measurement in raw DN for HVPS Board signal “Rejection Voltage”= [0.0 1.4652 0.0 0.0 0.0 0.0 0.0 0.0]
var_name = Last measurement in raw DN for HVPS Board signal “Rejection Voltage”
var_name = rejection_voltage
Header info = 2010
Transformed value for rejection_voltage = 2945.052
Matching row  18
coeffs for Last measurement in raw DN for HVPS Board signal “Detector Current”= [0.0 7.326e-06 0.0 0.0 0.0 0.0 0.0 0.0]
var_name = Last measurement in raw DN for HVPS Board signal “Detector Current”
var_name = current_hvps_sensor
Header info = 2339
Transformed value for current_hvps_sensor = 0.017135514
Matching row  18
coeffs for Last measurement in raw DN for HVPS Board signal “Sensor IP”= [0.0 2.4339e-05 0.0 0.0 0.0 0.0 0.0 0.0]
var_name = Last measurement in raw DN for HVPS Board signal “Sensor IP”
var_name = positive_current_hvps
Header info = 2704
Transformed value for positive_current_hvps = 0.065812656
Matching row  18
coeffs for Last measurement in raw DN for HVPS Board signal “Sensor IN”= [0.0 2.4339e-05 0.0 0.0 0.0 0.0 0.0 0.0]
var_name = Last measurement in raw DN for HVPS Board signal “Sensor IN”
var_name = negative_current_hvps
Header info = 305
Transformed value for negative_current_hvps = 0.007423394999999999
Matching row  18
coeffs for Last measurement in raw DN for LVPS Board signal “P3.3VREF_HK”= [0.0 0.00161172 0.0 0.0 0.0 0.0 0.0 0.0]
var_name = Last measurement in raw DN for LVPS Board signal “P3.3VREF_HK”
var_name = voltage_3V3_ref
Header info = 2048
Transformed value for voltage_3V3_ref = 3.30080256
Matching row  18
coeffs for Last measurement in raw DN for LVPS Board signal “P3.3VREF_OP”= [0.0 0.00161172 0.0 0.0 0.0 0.0 0.0 0.0]
var_name = Last measurement in raw DN for LVPS Board signal “P3.3VREF_OP”
var_name = voltage_3V3_op_ref
Header info = 2048
Transformed value for voltage_3V3_op_ref = 3.30080256
Matching row  18
coeffs for Last measurement in raw DN for LVPS Board signal “N6V”= [-33.0 0.00886447 0.0 0.0 0.0 0.0 0.0 0.0]
var_name = Last measurement in raw DN for LVPS Board signal “N6V”
var_name = voltage_neg6V_bus
Header info = 3001
Transformed value for voltage_neg6V_bus = -6.397725530000002
Matching row  18
coeffs for Last measurement in raw DN for LVPS Board signal “P6V”= [0.0 0.00241758 0.0 0.0 0.0 0.0 0.0 0.0]
var_name = Last measurement in raw DN for LVPS Board signal “P6V”
var_name = voltage_pos6V_bus
Header info = 2625
Transformed value for voltage_pos6V_bus = 6.3461475
Matching row  18
coeffs for Last measurement in raw DN for LVPS Board signal “P16V”= [0.0 0.00482711 0.0 0.0 0.0 0.0 0.0 0.0]
var_name = Last measurement in raw DN for LVPS Board signal “P16V”
var_name = voltage_pos16V_bus
Header info = 3178
Transformed value for voltage_pos16V_bus = 15.34055558
Matching row  18
coeffs for Last measurement in raw DN for LVPS Board signal “P3.3V”= [0.0 0.00161172 0.0 0.0 0.0 0.0 0.0 0.0]
var_name = Last measurement in raw DN for LVPS Board signal “P3.3V”
var_name = voltage_pos3V3_bus
Header info = 2056
Transformed value for voltage_pos3V3_bus = 3.31369632
Matching row  18
coeffs for Last measurement in raw DN for LVPS Board signal “N5V”= [-33.0 0.00886447 0.0 0.0 0.0 0.0 0.0 0.0]
var_name = Last measurement in raw DN for LVPS Board signal “N5V”
var_name = voltage_neg5V_bus
Header info = 3154
Transformed value for voltage_neg5V_bus = -5.041461620000003
Matching row  18
coeffs for Last measurement in raw DN for LVPS Board signal “P5V”= [0.0 0.00161172 0.0 0.0 0.0 0.0 0.0 0.0]
var_name = Last measurement in raw DN for LVPS Board signal “P5V”
var_name = voltage_pos5V_bus
Header info = 3142
Transformed value for voltage_pos5V_bus = 5.06402424
Matching row  18
coeffs for Last measurement in raw DN for LVPS Board signal “P3.3_IMON”= [0.0 0.00161172 0.0 0.0 0.0 0.0 0.0 0.0]
var_name = Last measurement in raw DN for LVPS Board signal “P3.3_IMON”
var_name = current_3V3_bus
Header info = 1687
Transformed value for current_3V3_bus = 2.7189716400000004
Matching row  18
coeffs for Last measurement in raw DN for LVPS Board signal “P16V_IMON”= [0.0 0.000161172 0.0 0.0 0.0 0.0 0.0 0.0]
var_name = Last measurement in raw DN for LVPS Board signal “P16V_IMON”
var_name = current_16V_bus
Header info = 1140
Transformed value for current_16V_bus = 0.18373608
Matching row  18
coeffs for Last measurement in raw DN for LVPS Board signal “P6V_IMON”= [0.0 8.05861e-05 0.0 0.0 0.0 0.0 0.0 0.0]
var_name = Last measurement in raw DN for LVPS Board signal “P6V_IMON”
var_name = current_6V_bus
Header info = 1488
Transformed value for current_6V_bus = 0.1199121168
Matching row  18
coeffs for Last measurement in raw DN for LVPS Board signal “N6V_IMON”= [0.0 -8.05861e-05 0.0 0.0 0.0 0.0 0.0 0.0]
var_name = Last measurement in raw DN for LVPS Board signal “N6V_IMON”
var_name = current_neg6V_bus
Header info = 1140
Transformed value for current_neg6V_bus = -0.091868154
Matching row  18
coeffs for Last measurement in raw DN for LVPS Board signal “P5V_IMON”= [0.0 4.029304e-05 0.0 0.0 0.0 0.0 0.0 0.0]
var_name = Last measurement in raw DN for LVPS Board signal “P5V_IMON”
var_name = current_5V_bus
Header info = 1865
Transformed value for current_5V_bus = 0.0751465196
Matching row  18
coeffs for Last measurement in raw DN for LVPS Board signal “N5V_IMON”= [0.0 -2.01465e-05 0.0 0.0 0.0 0.0 0.0 0.0]
var_name = Last measurement in raw DN for LVPS Board signal “N5V_IMON”
var_name = current_neg5V_bus
Header info = 3288
Transformed value for current_neg5V_bus = -0.066241692
Matching row  18
coeffs for Last measurement in raw DN for LVPS Board signal “P2.5V_IMON”= [0.0 0.00161172 0.0 0.0 0.0 0.0 0.0 0.0]
var_name = Last measurement in raw DN for LVPS Board signal “P2.5V_IMON”
var_name = current_2V5_bus
Header info = 452
Transformed value for current_2V5_bus = 0.72849744
Matching row  18
coeffs for Last measurement in raw DN for LVPS Board signal “N2.5V_IMON”= [0.0 -4.0293e-05 0.0 0.0 0.0 0.0 0.0 0.0]
var_name = Last measurement in raw DN for LVPS Board signal “N2.5V_IMON”
var_name = current_neg2V5_bus
Header info = 2945
Transformed value for current_neg2V5_bus = -0.11866288500000001
Matching row  18
coeffs for Last measurement in raw DN for LVPS Board signal “THERM_DECON0”= [-110.293 0.0665351 0.000305738 -6.32048e-07 5.9934e-10 -2.98784e-13
 7.61361e-17 -7.76467e-21]
var_name = Last measurement in raw DN for LVPS Board signal “THERM_DECON0”
var_name = None
KeyError: (2, None) - Could not find entry for None, 38. Please check the Var_notes or variable mapping.
Matching row  18
coeffs for Last measurement in raw DN for LVPS Board signal “THERM_DECON1”= [-150.478 0.376986 -0.00062072 7.73853e-07 -5.81588e-10 2.56368e-13
 -6.05698e-17 5.96635e-21]
var_name = Last measurement in raw DN for LVPS Board signal “THERM_DECON1”
var_name = None
KeyError: (2, None) - Could not find entry for None, 39. Please check the Var_notes or variable mapping.
Matching row  18
coeffs for Last measurement in raw DN for LVPS Board signal “THERM_DAB”= [-443.248 1.31224 -0.00180422 1.40016e-06 -6.43766e-10 1.7448e-13
 -2.57695e-17 1.60239e-21]
var_name = Last measurement in raw DN for LVPS Board signal “THERM_DAB”
var_name = None
KeyError: (2, None) - Could not find entry for None, 40. Please check the Var_notes or variable mapping.
Matching row  18
coeffs for Last measurement in raw DN for LVPS Board signal “THERM_LVPS”= [200.4137 -0.2020699 0.000175403 -9.739547e-08 2.888932e-11 -3.545603e-15
 0.0 0.0]
var_name = Last measurement in raw DN for LVPS Board signal “THERM_LVPS”
var_name = None
KeyError: (2, None) - Could not find entry for None, 41. Please check the Var_notes or variable mapping.
Matching row  18
coeffs for Last measurement in raw DN for LVPS Board signal “THERM_HVPS”= [200.4137 -0.2020699 0.000175403 -9.739547e-08 2.888932e-11 -3.545603e-15
 0.0 0.0]
var_name = Last measurement in raw DN for LVPS Board signal “THERM_HVPS”
var_name = None
KeyError: (2, None) - Could not find entry for None, 45. Please check the Var_notes or variable mapping.
Matching row  18
coeffs for Last measurement in raw DN for LVPS Board signal “P2.5V”= [0.0 0.00161172 0.0 0.0 0.0 0.0 0.0 0.0]
var_name = Last measurement in raw DN for LVPS Board signal “P2.5V”
var_name = None
KeyError: (2, None) - Could not find entry for None, 49. Please check the Var_notes or variable mapping.
Matching row  18
coeffs for Last measurement in raw DN for LVPS Board signal “N2.5V”= [-33.0 0.00886447 0.0 0.0 0.0 0.0 0.0 0.0]
var_name = Last measurement in raw DN for LVPS Board signal “N2.5V”
var_name = None
KeyError: (2, None) - Could not find entry for None, 50. Please check the Var_notes or variable mapping.
Matching row  18
coeffs for Last measurement in raw DN for LVPS Board signal “Spare”= [0.0 0.00161172 0.0 0.0 0.0 0.0 0.0 0.0]
var_name = Last measurement in raw DN for LVPS Board signal “Spare”
var_name = spare_signal
KeyError: (2, 'spare_signal') - Could not find entry for spare_signal, 51. Please check the Var_notes or variable mapping.
High gain delay = 88 samples.
Mid gain delay = 55 samples.
Low gain delay = 55 samples.
High sampling trigger mode =  0 0 1
High gain trigger mode enabled.
For 2222981120, HG Trigger level = 0.15317, sample settings = 0, 0
Threshold trigger mode enabled for high gain channel.
AID = 2415277392
Event number = 83
Rice compression enabled = False
Timestamp = 439515543.6792 seconds since epoch (Midnight January 1st, 2010)
Trigger time = 2023-12-05T23:39:03.679200Z
2
2
2
2
2
2
2
2
2
2
2
2
2
{'SHCOARSE': ParsedDataItem(SHCOARSE, raw=439515695, derived=439515695, unit=dn), 'SHFINE': ParsedDataItem(SHFINE, raw=9111, derived=9111, unit=dn), 'IDX__SCI0AID': ParsedDataItem(IDX__SCI0AID, raw=2415277392, derived=2415277392, unit=None), 'IDX__SCI0TYPE': ParsedDataItem(IDX__SCI0TYPE, raw=1, derived=1, unit=None), 'IDX__SCI0CONT': ParsedDataItem(IDX__SCI0CONT, raw=127, derived=127, unit=None), 'IDX__SCI0SPARE1': ParsedDataItem(IDX__SCI0SPARE1, raw=0, derived=0, unit=None), 'IDX__SCI0PACK': ParsedDataItem(IDX__SCI0PACK, raw=1, derived=EN, unit=None), 'IDX__SCI0FRAG': ParsedDataItem(IDX__SCI0FRAG, raw=0, derived=DS, unit=None), 'IDX__SCI0COMP': ParsedDataItem(IDX__SCI0COMP, raw=0, derived=DS, unit=None), 'IDX__SCI0EVTNUM': ParsedDataItem(IDX__SCI0EVTNUM, raw=84, derived=84, unit=None), 'IDX__SCI0CAT': ParsedDataItem(IDX__SCI0CAT, raw=32, derived=32, unit=None), 'IDX__SCI0QUAL': ParsedDataItem(IDX__SCI0QUAL, raw=5, derived=5, unit=None), 'IDX__SCI0FRAGOFF': ParsedDataItem(IDX__SCI0FRAGOFF, raw=0, derived=0, unit=None), 'IDX__SCI0VER': ParsedDataItem(IDX__SCI0VER, raw=9, derived=9, unit=None), 'IDX__SCI0TIME32': ParsedDataItem(IDX__SCI0TIME32, raw=439515544, derived=439515544, unit=None), 'IDX__SCI0SPARE2': ParsedDataItem(IDX__SCI0SPARE2, raw=0, derived=0, unit=None), 'IDX__SCI0SPARE3': ParsedDataItem(IDX__SCI0SPARE3, raw=0, derived=0, unit=None), 'IDX__SCI0SPARE4': ParsedDataItem(IDX__SCI0SPARE4, raw=0, derived=0, unit=None), 'IDX__TXHDRSCIEVTLEN': ParsedDataItem(IDX__TXHDRSCIEVTLEN, raw=8320, derived=8320, unit=None), 'IDX__TXHDRSP00': ParsedDataItem(IDX__TXHDRSP00, raw=0, derived=0, unit=None), 'IDX__TXHDRTIMESEC1': ParsedDataItem(IDX__TXHDRTIMESEC1, raw=6706, derived=6706, unit=None), 'IDX__TXHDRTIMESEC2': ParsedDataItem(IDX__TXHDRTIMESEC2, raw=31128, derived=31128, unit=None), 'IDX__TXHDRTIMESUBS': ParsedDataItem(IDX__TXHDRTIMESUBS, raw=33957, derived=33957, unit=None), 'IDX__TXHDRSP01': ParsedDataItem(IDX__TXHDRSP01, raw=0, derived=0, unit=None), 'IDX__TXHDRTRIGOFFSET': ParsedDataItem(IDX__TXHDRTRIGOFFSET, raw=1, derived=1, unit=None), 'IDX__TXHDRSP02': ParsedDataItem(IDX__TXHDRSP02, raw=0, derived=0, unit=None), 'IDX__TXHDRTRIGID': ParsedDataItem(IDX__TXHDRTRIGID, raw=1, derived=1, unit=None), 'IDX__TXHDREVTNUM': ParsedDataItem(IDX__TXHDREVTNUM, raw=84, derived=84, unit=None), 'IDX__TXHDRBLOCKS': ParsedDataItem(IDX__TXHDRBLOCKS, raw=243679, derived=243679, unit=None), 'IDX__TXHDRHGTRIGCTRL1': ParsedDataItem(IDX__TXHDRHGTRIGCTRL1, raw=2222981120, derived=2222981120, unit=None), 'IDX__TXHDRHGTRIGCTRL2': ParsedDataItem(IDX__TXHDRHGTRIGCTRL2, raw=0, derived=0, unit=None), 'IDX__TXHDRLGTRIGCTRL1': ParsedDataItem(IDX__TXHDRLGTRIGCTRL1, raw=4294965248, derived=4294965248, unit=None), 'IDX__TXHDRLGTRIGCTRL2': ParsedDataItem(IDX__TXHDRLGTRIGCTRL2, raw=4278255360, derived=4278255360, unit=None), 'IDX__TXHDRMGTRIGCTRL1': ParsedDataItem(IDX__TXHDRMGTRIGCTRL1, raw=4294965248, derived=4294965248, unit=None), 'IDX__TXHDRMGTRIGCTRL2': ParsedDataItem(IDX__TXHDRMGTRIGCTRL2, raw=4278255360, derived=4278255360, unit=None), 'IDX__TXHDRSP03': ParsedDataItem(IDX__TXHDRSP03, raw=0, derived=0, unit=None), 'IDX__TXHDRLSADC': ParsedDataItem(IDX__TXHDRLSADC, raw=1048320, derived=1048320, unit=None), 'IDX__TXHDRPOLSTAT': ParsedDataItem(IDX__TXHDRPOLSTAT, raw=1, derived=NEG, unit=None), 'IDX__TXHDRSP04': ParsedDataItem(IDX__TXHDRSP04, raw=0, derived=0, unit=None), 'IDX__TXHDRPOLCTRL': ParsedDataItem(IDX__TXHDRPOLCTRL, raw=0, derived=POS, unit=None), 'IDX__TXHDRCOINENA': ParsedDataItem(IDX__TXHDRCOINENA, raw=0, derived=DIS, unit=None), 'IDX__TXHDRLSTRIGMODE': ParsedDataItem(IDX__TXHDRLSTRIGMODE, raw=0, derived=DIS, unit=None), 'IDX__TXHDRMGTRIGMODE': ParsedDataItem(IDX__TXHDRMGTRIGMODE, raw=0, derived=0, unit=None), 'IDX__TXHDRLGTRIGMODE': ParsedDataItem(IDX__TXHDRLGTRIGMODE, raw=0, derived=0, unit=None), 'IDX__TXHDRHGTRIGMODE': ParsedDataItem(IDX__TXHDRHGTRIGMODE, raw=1, derived=1, unit=None), 'IDX__TXHDRSP05': ParsedDataItem(IDX__TXHDRSP05, raw=0, derived=0, unit=None), 'IDX__TXHDRSP06': ParsedDataItem(IDX__TXHDRSP06, raw=0, derived=0, unit=None), 'IDX__TXHDRSP07': ParsedDataItem(IDX__TXHDRSP07, raw=2016, derived=2016, unit=None), 'IDX__TXHDRSP08': ParsedDataItem(IDX__TXHDRSP08, raw=0, derived=0, unit=None), 'IDX__TXHDRTOFMAX': ParsedDataItem(IDX__TXHDRTOFMAX, raw=568859647, derived=568859647, unit=None), 'IDX__TXHDRTOFMIN': ParsedDataItem(IDX__TXHDRTOFMIN, raw=535295475, derived=535295475, unit=None), 'IDX__TXHDRLS0MAXMIN': ParsedDataItem(IDX__TXHDRLS0MAXMIN, raw=8468494, derived=8468494, unit=None), 'IDX__TXHDRLS1MAXMIN': ParsedDataItem(IDX__TXHDRLS1MAXMIN, raw=8447972, derived=8447972, unit=None), 'IDX__TXHDRLS2MAXMIN': ParsedDataItem(IDX__TXHDRLS2MAXMIN, raw=8939488, derived=8939488, unit=None), 'IDX__TXHDRFIFODELAY': ParsedDataItem(IDX__TXHDRFIFODELAY, raw=15, derived=15, unit=None), 'IDX__TXHDRSAMPDELAY': ParsedDataItem(IDX__TXHDRSAMPDELAY, raw=7347236, derived=7347236, unit=None), 'IDX__TXHDRTRANSCNT': ParsedDataItem(IDX__TXHDRTRANSCNT, raw=12, derived=12, unit=None), 'IDX__TXHDRPROCHKCH01': ParsedDataItem(IDX__TXHDRPROCHKCH01, raw=83755856, derived=83755856, unit=None), 'IDX__TXHDRPROCHKCH23': ParsedDataItem(IDX__TXHDRPROCHKCH23, raw=102302895, derived=102302895, unit=None), 'IDX__TXHDRPROCHKCH45': ParsedDataItem(IDX__TXHDRPROCHKCH45, raw=168035546, derived=168035546, unit=None), 'IDX__TXHDRPROCHKCH67': ParsedDataItem(IDX__TXHDRPROCHKCH67, raw=133695768, derived=133695768, unit=None), 'IDX__TXHDRHVPSHKCH01': ParsedDataItem(IDX__TXHDRHVPSHKCH01, raw=131860073, derived=131860073, unit=None), 'IDX__TXHDRHVPSHKCH23': ParsedDataItem(IDX__TXHDRHVPSHKCH23, raw=8849070, derived=8849070, unit=None), 'IDX__TXHDRHVPSHKCH45': ParsedDataItem(IDX__TXHDRHVPSHKCH45, raw=153225178, derived=153225178, unit=None), 'IDX__TXHDRHVPSHKCH67': ParsedDataItem(IDX__TXHDRHVPSHKCH67, raw=19991184, derived=19991184, unit=None), 'IDX__TXHDRLVHK0CH01': ParsedDataItem(IDX__TXHDRLVHK0CH01, raw=134219776, derived=134219776, unit=None), 'IDX__TXHDRLVHK0CH23': ParsedDataItem(IDX__TXHDRLVHK0CH23, raw=172035001, derived=172035001, unit=None), 'IDX__TXHDRLVHK0CH45': ParsedDataItem(IDX__TXHDRLVHK0CH45, raw=134745194, derived=134745194, unit=None), 'IDX__TXHDRLVHK0CH67': ParsedDataItem(IDX__TXHDRLVHK0CH67, raw=205917267, derived=205917267, unit=None), 'IDX__TXHDRLVHK1CH01': ParsedDataItem(IDX__TXHDRLVHK1CH01, raw=34801303, derived=34801303, unit=None), 'IDX__TXHDRLVHK1CH23': ParsedDataItem(IDX__TXHDRLVHK1CH23, raw=74712528, derived=74712528, unit=None), 'IDX__TXHDRLVHK1CH45': ParsedDataItem(IDX__TXHDRLVHK1CH45, raw=215484233, derived=215484233, unit=None), 'IDX__TXHDRLVHK1CH67': ParsedDataItem(IDX__TXHDRLVHK1CH67, raw=193003972, derived=193003972, unit=None), 'IDX__TXHDRLVHK2CH01': ParsedDataItem(IDX__TXHDRLVHK2CH01, raw=82314475, derived=82314475, unit=None), 'IDX__TXHDRLVHK2CH23': ParsedDataItem(IDX__TXHDRLVHK2CH23, raw=188680970, derived=188680970, unit=None), 'IDX__TXHDRLVHK2CH45': ParsedDataItem(IDX__TXHDRLVHK2CH45, raw=101059605, derived=101059605, unit=None), 'IDX__TXHDRLVHK2CH67': ParsedDataItem(IDX__TXHDRLVHK2CH67, raw=69016, derived=69016, unit=None), 'IDX__TXHDRSP09': ParsedDataItem(IDX__TXHDRSP09, raw=0, derived=0, unit=None), 'IDX__TXHDRSP10': ParsedDataItem(IDX__TXHDRSP10, raw=0, derived=0, unit=None), 'IDX__TXHDRFSWAIDCOPY': ParsedDataItem(IDX__TXHDRFSWAIDCOPY, raw=2415277392, derived=2415277392, unit=None), 'IDX__TXHDRFSWBINCOPY': ParsedDataItem(IDX__TXHDRFSWBINCOPY, raw=0, derived=0, unit=None), 'IDX__TXHDRFSWMAJOR': ParsedDataItem(IDX__TXHDRFSWMAJOR, raw=2, derived=2, unit=None), 'IDX__TXHDRFSWMINOR': ParsedDataItem(IDX__TXHDRFSWMINOR, raw=0, derived=0, unit=None), 'IDX__TXHDRFSWPATCH': ParsedDataItem(IDX__TXHDRFSWPATCH, raw=0, derived=0, unit=None), 'IDX__TXHDRFSWHVSTAT': ParsedDataItem(IDX__TXHDRFSWHVSTAT, raw=3, derived=3, unit=None), 'IDX__TXHDRFSWMEM0': ParsedDataItem(IDX__TXHDRFSWMEM0, raw=0, derived=0, unit=None), 'IDX__TXHDRFSWMEM1': ParsedDataItem(IDX__TXHDRFSWMEM1, raw=0, derived=0, unit=None), 'IDX__TXHDRFSWPT0': ParsedDataItem(IDX__TXHDRFSWPT0, raw=0, derived=0, unit=None), 'IDX__TXHDRFSWPT1': ParsedDataItem(IDX__TXHDRFSWPT1, raw=0, derived=0, unit=None), 'IDX__TXHDRFSWPT2': ParsedDataItem(IDX__TXHDRFSWPT2, raw=0, derived=0, unit=None), 'IDX__TXHDRFSWPT3': ParsedDataItem(IDX__TXHDRFSWPT3, raw=0, derived=0, unit=None), 'IDX__TXHDRFSWPT4': ParsedDataItem(IDX__TXHDRFSWPT4, raw=0, derived=0, unit=None), 'IDX__TXHDRFSWPT5': ParsedDataItem(IDX__TXHDRFSWPT5, raw=0, derived=0, unit=None), 'IDX__TXHDRFSWPT6': ParsedDataItem(IDX__TXHDRFSWPT6, raw=0, derived=0, unit=None), 'IDX__TXHDRFSWPT7': ParsedDataItem(IDX__TXHDRFSWPT7, raw=0, derived=0, unit=None), 'IDX__TXHDRFSWPT8': ParsedDataItem(IDX__TXHDRFSWPT8, raw=0, derived=0, unit=None), 'IDX__TXHDRFSWPT9': ParsedDataItem(IDX__TXHDRFSWPT9, raw=0, derived=0, unit=None), 'IDX__TXHDRFPGAVER': ParsedDataItem(IDX__TXHDRFPGAVER, raw=539165480, derived=539165480, unit=None), 'IDX__SYNCSCI0PKT': ParsedDataItem(IDX__SYNCSCI0PKT, raw=13107, derived=13107, unit=None), 'IDX__CRCSCI0PKT': ParsedDataItem(IDX__CRCSCI0PKT, raw=21476, derived=21476, unit=None)}
SHCOARSE = 439515695
SHFINE = 9111
IDX__SCI0AID = 2415277392
IDX__SCI0TYPE = 1
IDX__SCI0CONT = 127
IDX__SCI0SPARE1 = 0
IDX__SCI0PACK = EN
IDX__SCI0FRAG = DS
IDX__SCI0COMP = DS
IDX__SCI0EVTNUM = 84
IDX__SCI0CAT = 32
IDX__SCI0QUAL = 5
IDX__SCI0FRAGOFF = 0
IDX__SCI0VER = 9
IDX__SCI0TIME32 = 439515544
IDX__SCI0SPARE2 = 0
IDX__SCI0SPARE3 = 0
IDX__SCI0SPARE4 = 0
IDX__TXHDRSCIEVTLEN = 8320
IDX__TXHDRSP00 = 0
IDX__TXHDRTIMESEC1 = 6706
IDX__TXHDRTIMESEC2 = 31128
IDX__TXHDRTIMESUBS = 33957
IDX__TXHDRSP01 = 0
IDX__TXHDRTRIGOFFSET = 1
IDX__TXHDRSP02 = 0
IDX__TXHDRTRIGID = 1
IDX__TXHDREVTNUM = 84
IDX__TXHDRBLOCKS = 243679
IDX__TXHDRHGTRIGCTRL1 = 2222981120
IDX__TXHDRHGTRIGCTRL2 = 0
IDX__TXHDRLGTRIGCTRL1 = 4294965248
IDX__TXHDRLGTRIGCTRL2 = 4278255360
IDX__TXHDRMGTRIGCTRL1 = 4294965248
IDX__TXHDRMGTRIGCTRL2 = 4278255360
IDX__TXHDRSP03 = 0
IDX__TXHDRLSADC = 1048320
IDX__TXHDRPOLSTAT = NEG
IDX__TXHDRSP04 = 0
IDX__TXHDRPOLCTRL = POS
IDX__TXHDRCOINENA = DIS
IDX__TXHDRLSTRIGMODE = DIS
IDX__TXHDRMGTRIGMODE = 0
IDX__TXHDRLGTRIGMODE = 0
IDX__TXHDRHGTRIGMODE = 1
IDX__TXHDRSP05 = 0
IDX__TXHDRSP06 = 0
IDX__TXHDRSP07 = 2016
IDX__TXHDRSP08 = 0
IDX__TXHDRTOFMAX = 568859647
IDX__TXHDRTOFMIN = 535295475
IDX__TXHDRLS0MAXMIN = 8468494
IDX__TXHDRLS1MAXMIN = 8447972
IDX__TXHDRLS2MAXMIN = 8939488
IDX__TXHDRFIFODELAY = 15
IDX__TXHDRSAMPDELAY = 7347236
IDX__TXHDRTRANSCNT = 12
IDX__TXHDRPROCHKCH01 = 83755856
IDX__TXHDRPROCHKCH23 = 102302895
IDX__TXHDRPROCHKCH45 = 168035546
IDX__TXHDRPROCHKCH67 = 133695768
IDX__TXHDRHVPSHKCH01 = 131860073
IDX__TXHDRHVPSHKCH23 = 8849070
IDX__TXHDRHVPSHKCH45 = 153225178
IDX__TXHDRHVPSHKCH67 = 19991184
IDX__TXHDRLVHK0CH01 = 134219776
IDX__TXHDRLVHK0CH23 = 172035001
IDX__TXHDRLVHK0CH45 = 134745194
IDX__TXHDRLVHK0CH67 = 205917267
IDX__TXHDRLVHK1CH01 = 34801303
IDX__TXHDRLVHK1CH23 = 74712528
IDX__TXHDRLVHK1CH45 = 215484233
IDX__TXHDRLVHK1CH67 = 193003972
IDX__TXHDRLVHK2CH01 = 82314475
IDX__TXHDRLVHK2CH23 = 188680970
IDX__TXHDRLVHK2CH45 = 101059605
IDX__TXHDRLVHK2CH67 = 69016
IDX__TXHDRSP09 = 0
IDX__TXHDRSP10 = 0
IDX__TXHDRFSWAIDCOPY = 2415277392
IDX__TXHDRFSWBINCOPY = 0
IDX__TXHDRFSWMAJOR = 2
IDX__TXHDRFSWMINOR = 0
IDX__TXHDRFSWPATCH = 0
IDX__TXHDRFSWHVSTAT = 3
IDX__TXHDRFSWMEM0 = 0
IDX__TXHDRFSWMEM1 = 0
IDX__TXHDRFSWPT0 = 0
IDX__TXHDRFSWPT1 = 0
IDX__TXHDRFSWPT2 = 0
IDX__TXHDRFSWPT3 = 0
IDX__TXHDRFSWPT4 = 0
IDX__TXHDRFSWPT5 = 0
IDX__TXHDRFSWPT6 = 0
IDX__TXHDRFSWPT7 = 0
IDX__TXHDRFSWPT8 = 0
IDX__TXHDRFSWPT9 = 0
IDX__TXHDRFPGAVER = 539165480
IDX__SYNCSCI0PKT = 13107
IDX__CRCSCI0PKT = 21476
^*****Event header 3******^
EVTNUM: 3
SCI0TYPE: 1
TXHDRBLOCKS RAW: 243679
TXHDRBLOCKS DERIVED: 243679
-----
HS pre trig sampling blocks:  31
LS pre trig sampling blocks:  3
HS post trig sampling blocks:  31
LS post trig sampling blocks:  11
IDX__TXHDRHVPSHKCH01 = 131860073
Detector voltage =  1641
Sensor voltage =  2012
Target voltage =  1710
Reflectron voltage =  135
Rejection voltage =  2010
Current for HVPS sensor =  2338
Positive current for HVPS sensor =  2704
Negative current for HVPS sensor =  305
Voltage +3.3V reference =  2048
Voltage +3.3V operational reference =  2048
Voltage -6V bus =  3001
Voltage +6V bus =  2625
Voltage +16V bus =  3178
Voltage +3.3V bus =  2056
Voltage -5V bus =  3155
Voltage +5V bus =  3142
Current +3.3V bus =  1687
Current +16V bus =  1140
Current +6V bus =  1488
Current -6V bus =  1140
Current +5V bus =  1865
Current -5V bus =  3288
Current +2.5V bus =  452
Current -2.5V bus =  2945
Current on the 1V POL =  848
Current on the 1.9V POL =  1278
ProcBd Temperature 1 =  1199
ProcBd Temperature 2 =  1561
Voltage on 1V bus =  1242
FPGA Temperature =  2564
Voltage on 1.9V bus =  2328
Voltage on 3.3V bus =  2040
var_to_row = {'Last measurement in raw DN for Processor Board signal “1V POL Current”': 0, 'Last measurement in raw DN for Processor Board signal “1.9V POL Current”': 1, 'Last measurement in raw DN for Processor Board signal “ProcBd Temp1”': 2, nan: 48, 'Last measurement in raw DN for Processor Board signal “ProcBd Temp2”': 6, 'Last measurement in raw DN for Processor Board signal “1V Voltage”': 10, 'Last measurement in raw DN for Processor Board signal “FPGA Temp”': 11, 'Last measurement in raw DN for Processor Board signal “1.9V Voltage”': 12, 'Last measurement in raw DN for Processor Board signal “3.3V Voltage”': 13, 'Last measurement in raw DN for HVPS Board signal “Detector Voltage”': 14, 'Last measurement in raw DN for HVPS Board signal “Sensor Voltage"': 15, 'Last measurement in raw DN for HVPS Board signal “Target Voltage”': 16, 'Last measurement in raw DN for HVPS Board signal “Reflectron Voltage”': 17, 'Last measurement in raw DN for HVPS Board signal “Rejection Voltage”': 18, 'Last measurement in raw DN for HVPS Board signal “Detector Current”': 19, 'Last measurement in raw DN for HVPS Board signal “Sensor IP”': 20, 'Last measurement in raw DN for HVPS Board signal “Sensor IN”': 21, 'Last measurement in raw DN for LVPS Board signal “P3.3VREF_HK”': 22, 'Last measurement in raw DN for LVPS Board signal “P3.3VREF_OP”': 23, 'Last measurement in raw DN for LVPS Board signal “N6V”': 24, 'Last measurement in raw DN for LVPS Board signal “P6V”': 25, 'Last measurement in raw DN for LVPS Board signal “P16V”': 26, 'Last measurement in raw DN for LVPS Board signal “P3.3V”': 27, 'Last measurement in raw DN for LVPS Board signal “N5V”': 28, 'Last measurement in raw DN for LVPS Board signal “P5V”': 29, 'Last measurement in raw DN for LVPS Board signal “P3.3_IMON”': 30, 'Last measurement in raw DN for LVPS Board signal “P16V_IMON”': 31, 'Last measurement in raw DN for LVPS Board signal “P6V_IMON”': 32, 'Last measurement in raw DN for LVPS Board signal “N6V_IMON”': 33, 'Last measurement in raw DN for LVPS Board signal “P5V_IMON”': 34, 'Last measurement in raw DN for LVPS Board signal “N5V_IMON”': 35, 'Last measurement in raw DN for LVPS Board signal “P2.5V_IMON”': 36, 'Last measurement in raw DN for LVPS Board signal “N2.5V_IMON”': 37, 'Last measurement in raw DN for LVPS Board signal “THERM_DECON0”': 38, 'Last measurement in raw DN for LVPS Board signal “THERM_DECON1”': 39, 'Last measurement in raw DN for LVPS Board signal “THERM_DAB”': 40, 'Last measurement in raw DN for LVPS Board signal “THERM_LVPS”': 41, 'Last measurement in raw DN for LVPS Board signal “THERM_HVPS”': 45, 'Last measurement in raw DN for LVPS Board signal “P2.5V”': 49, 'Last measurement in raw DN for LVPS Board signal “N2.5V”': 50, 'Last measurement in raw DN for LVPS Board signal “Spare”': 51}

 
 ***** var_name being converted for each instrument setting ***** 
 

Matching row  18
coeffs for Last measurement in raw DN for Processor Board signal “1V POL Current”= [0.0 0.9029253 0.0 0.0 0.0 0.0 0.0 0.0]
var_name = Last measurement in raw DN for Processor Board signal “1V POL Current”
var_name = current_1V_pol
Header info = 848
Transformed value for current_1V_pol = 765.6806544
Matching row  18
coeffs for Last measurement in raw DN for Processor Board signal “1.9V POL Current”= [0.0 0.9029253 0.0 0.0 0.0 0.0 0.0 0.0]
var_name = Last measurement in raw DN for Processor Board signal “1.9V POL Current”
var_name = current_1.9V_pol
Header info = 1278
Transformed value for current_1.9V_pol = 1153.9385334
Matching row  18
coeffs for Last measurement in raw DN for Processor Board signal “ProcBd Temp1”= [162.8276 -0.2668687 0.0003323794 -2.43153e-07 9.034532e-11 -1.327735e-14
 0.0 0.0]
var_name = Last measurement in raw DN for Processor Board signal “ProcBd Temp1”
var_name = temperature_1
Header info = 1199
Transformed value for temperature_1 = 55.37765199321684
Matching row  18
coeffs for nan= [-104713.9 52.02446 -0.006463374 0.0 0.0 0.0 0.0 0.0]
var_name = nan
var_name = None
KeyError: (3, None) - Could not find entry for None, 48. Please check the Var_notes or variable mapping.
Matching row  18
coeffs for Last measurement in raw DN for Processor Board signal “ProcBd Temp2”= [162.8276 -0.2668687 0.0003323794 -2.43153e-07 9.034532e-11 -1.327735e-14
 0.0 0.0]
var_name = Last measurement in raw DN for Processor Board signal “ProcBd Temp2”
var_name = temperature_2
Header info = 1561
Transformed value for temperature_2 = 44.64778748986298
Matching row  18
coeffs for Last measurement in raw DN for Processor Board signal “1V Voltage”= [0.0 0.000805861 0.0 0.0 0.0 0.0 0.0 0.0]
var_name = Last measurement in raw DN for Processor Board signal “1V Voltage”
var_name = voltage_1V_bus
Header info = 1242
Transformed value for voltage_1V_bus = 1.0008793619999998
Matching row  18
coeffs for Last measurement in raw DN for Processor Board signal “FPGA Temp”= [358.31 -0.1187104 0.0 0.0 0.0 0.0 0.0 0.0]
var_name = Last measurement in raw DN for Processor Board signal “FPGA Temp”
var_name = fpga_temperature
Header info = 2564
Transformed value for fpga_temperature = 53.93653440000003
Matching row  18
coeffs for Last measurement in raw DN for Processor Board signal “1.9V Voltage”= [0.0 0.000805861 0.0 0.0 0.0 0.0 0.0 0.0]
var_name = Last measurement in raw DN for Processor Board signal “1.9V Voltage”
var_name = voltage_1.9V_bus
Header info = 2328
Transformed value for voltage_1.9V_bus = 1.8760444079999998
Matching row  18
coeffs for Last measurement in raw DN for Processor Board signal “3.3V Voltage”= [0.0 0.001611722 0.0 0.0 0.0 0.0 0.0 0.0]
var_name = Last measurement in raw DN for Processor Board signal “3.3V Voltage”
var_name = voltage_3.3V_bus
Header info = 2040
Transformed value for voltage_3.3V_bus = 3.28791288
Matching row  18
coeffs for Last measurement in raw DN for HVPS Board signal “Detector Voltage”= [0.0 1.4652 0.0 0.0 0.0 0.0 0.0 0.0]
var_name = Last measurement in raw DN for HVPS Board signal “Detector Voltage”
var_name = detector_voltage
Header info = 1641
Transformed value for detector_voltage = 2404.3932
Matching row  18
coeffs for Last measurement in raw DN for HVPS Board signal “Sensor Voltage"= [0.0 1.4652 0.0 0.0 0.0 0.0 0.0 0.0]
var_name = Last measurement in raw DN for HVPS Board signal “Sensor Voltage"
var_name = sensor_voltage
Header info = 2012
Transformed value for sensor_voltage = 2947.9824000000003
Matching row  18
coeffs for Last measurement in raw DN for HVPS Board signal “Target Voltage”= [0.0 1.4652 0.0 0.0 0.0 0.0 0.0 0.0]
var_name = Last measurement in raw DN for HVPS Board signal “Target Voltage”
var_name = target_voltage
Header info = 1710
Transformed value for target_voltage = 2505.492
Matching row  18
coeffs for Last measurement in raw DN for HVPS Board signal “Reflectron Voltage”= [0.0 1.4652 0.0 0.0 0.0 0.0 0.0 0.0]
var_name = Last measurement in raw DN for HVPS Board signal “Reflectron Voltage”
var_name = reflectron_voltage
Header info = 135
Transformed value for reflectron_voltage = 197.80200000000002
Matching row  18
coeffs for Last measurement in raw DN for HVPS Board signal “Rejection Voltage”= [0.0 1.4652 0.0 0.0 0.0 0.0 0.0 0.0]
var_name = Last measurement in raw DN for HVPS Board signal “Rejection Voltage”
var_name = rejection_voltage
Header info = 2010
Transformed value for rejection_voltage = 2945.052
Matching row  18
coeffs for Last measurement in raw DN for HVPS Board signal “Detector Current”= [0.0 7.326e-06 0.0 0.0 0.0 0.0 0.0 0.0]
var_name = Last measurement in raw DN for HVPS Board signal “Detector Current”
var_name = current_hvps_sensor
Header info = 2338
Transformed value for current_hvps_sensor = 0.017128188
Matching row  18
coeffs for Last measurement in raw DN for HVPS Board signal “Sensor IP”= [0.0 2.4339e-05 0.0 0.0 0.0 0.0 0.0 0.0]
var_name = Last measurement in raw DN for HVPS Board signal “Sensor IP”
var_name = positive_current_hvps
Header info = 2704
Transformed value for positive_current_hvps = 0.065812656
Matching row  18
coeffs for Last measurement in raw DN for HVPS Board signal “Sensor IN”= [0.0 2.4339e-05 0.0 0.0 0.0 0.0 0.0 0.0]
var_name = Last measurement in raw DN for HVPS Board signal “Sensor IN”
var_name = negative_current_hvps
Header info = 305
Transformed value for negative_current_hvps = 0.007423394999999999
Matching row  18
coeffs for Last measurement in raw DN for LVPS Board signal “P3.3VREF_HK”= [0.0 0.00161172 0.0 0.0 0.0 0.0 0.0 0.0]
var_name = Last measurement in raw DN for LVPS Board signal “P3.3VREF_HK”
var_name = voltage_3V3_ref
Header info = 2048
Transformed value for voltage_3V3_ref = 3.30080256
Matching row  18
coeffs for Last measurement in raw DN for LVPS Board signal “P3.3VREF_OP”= [0.0 0.00161172 0.0 0.0 0.0 0.0 0.0 0.0]
var_name = Last measurement in raw DN for LVPS Board signal “P3.3VREF_OP”
var_name = voltage_3V3_op_ref
Header info = 2048
Transformed value for voltage_3V3_op_ref = 3.30080256
Matching row  18
coeffs for Last measurement in raw DN for LVPS Board signal “N6V”= [-33.0 0.00886447 0.0 0.0 0.0 0.0 0.0 0.0]
var_name = Last measurement in raw DN for LVPS Board signal “N6V”
var_name = voltage_neg6V_bus
Header info = 3001
Transformed value for voltage_neg6V_bus = -6.397725530000002
Matching row  18
coeffs for Last measurement in raw DN for LVPS Board signal “P6V”= [0.0 0.00241758 0.0 0.0 0.0 0.0 0.0 0.0]
var_name = Last measurement in raw DN for LVPS Board signal “P6V”
var_name = voltage_pos6V_bus
Header info = 2625
Transformed value for voltage_pos6V_bus = 6.3461475
Matching row  18
coeffs for Last measurement in raw DN for LVPS Board signal “P16V”= [0.0 0.00482711 0.0 0.0 0.0 0.0 0.0 0.0]
var_name = Last measurement in raw DN for LVPS Board signal “P16V”
var_name = voltage_pos16V_bus
Header info = 3178
Transformed value for voltage_pos16V_bus = 15.34055558
Matching row  18
coeffs for Last measurement in raw DN for LVPS Board signal “P3.3V”= [0.0 0.00161172 0.0 0.0 0.0 0.0 0.0 0.0]
var_name = Last measurement in raw DN for LVPS Board signal “P3.3V”
var_name = voltage_pos3V3_bus
Header info = 2056
Transformed value for voltage_pos3V3_bus = 3.31369632
Matching row  18
coeffs for Last measurement in raw DN for LVPS Board signal “N5V”= [-33.0 0.00886447 0.0 0.0 0.0 0.0 0.0 0.0]
var_name = Last measurement in raw DN for LVPS Board signal “N5V”
var_name = voltage_neg5V_bus
Header info = 3155
Transformed value for voltage_neg5V_bus = -5.032597150000001
Matching row  18
coeffs for Last measurement in raw DN for LVPS Board signal “P5V”= [0.0 0.00161172 0.0 0.0 0.0 0.0 0.0 0.0]
var_name = Last measurement in raw DN for LVPS Board signal “P5V”
var_name = voltage_pos5V_bus
Header info = 3142
Transformed value for voltage_pos5V_bus = 5.06402424
Matching row  18
coeffs for Last measurement in raw DN for LVPS Board signal “P3.3_IMON”= [0.0 0.00161172 0.0 0.0 0.0 0.0 0.0 0.0]
var_name = Last measurement in raw DN for LVPS Board signal “P3.3_IMON”
var_name = current_3V3_bus
Header info = 1687
Transformed value for current_3V3_bus = 2.7189716400000004
Matching row  18
coeffs for Last measurement in raw DN for LVPS Board signal “P16V_IMON”= [0.0 0.000161172 0.0 0.0 0.0 0.0 0.0 0.0]
var_name = Last measurement in raw DN for LVPS Board signal “P16V_IMON”
var_name = current_16V_bus
Header info = 1140
Transformed value for current_16V_bus = 0.18373608
Matching row  18
coeffs for Last measurement in raw DN for LVPS Board signal “P6V_IMON”= [0.0 8.05861e-05 0.0 0.0 0.0 0.0 0.0 0.0]
var_name = Last measurement in raw DN for LVPS Board signal “P6V_IMON”
var_name = current_6V_bus
Header info = 1488
Transformed value for current_6V_bus = 0.1199121168
Matching row  18
coeffs for Last measurement in raw DN for LVPS Board signal “N6V_IMON”= [0.0 -8.05861e-05 0.0 0.0 0.0 0.0 0.0 0.0]
var_name = Last measurement in raw DN for LVPS Board signal “N6V_IMON”
var_name = current_neg6V_bus
Header info = 1140
Transformed value for current_neg6V_bus = -0.091868154
Matching row  18
coeffs for Last measurement in raw DN for LVPS Board signal “P5V_IMON”= [0.0 4.029304e-05 0.0 0.0 0.0 0.0 0.0 0.0]
var_name = Last measurement in raw DN for LVPS Board signal “P5V_IMON”
var_name = current_5V_bus
Header info = 1865
Transformed value for current_5V_bus = 0.0751465196
Matching row  18
coeffs for Last measurement in raw DN for LVPS Board signal “N5V_IMON”= [0.0 -2.01465e-05 0.0 0.0 0.0 0.0 0.0 0.0]
var_name = Last measurement in raw DN for LVPS Board signal “N5V_IMON”
var_name = current_neg5V_bus
Header info = 3288
Transformed value for current_neg5V_bus = -0.066241692
Matching row  18
coeffs for Last measurement in raw DN for LVPS Board signal “P2.5V_IMON”= [0.0 0.00161172 0.0 0.0 0.0 0.0 0.0 0.0]
var_name = Last measurement in raw DN for LVPS Board signal “P2.5V_IMON”
var_name = current_2V5_bus
Header info = 452
Transformed value for current_2V5_bus = 0.72849744
Matching row  18
coeffs for Last measurement in raw DN for LVPS Board signal “N2.5V_IMON”= [0.0 -4.0293e-05 0.0 0.0 0.0 0.0 0.0 0.0]
var_name = Last measurement in raw DN for LVPS Board signal “N2.5V_IMON”
var_name = current_neg2V5_bus
Header info = 2945
Transformed value for current_neg2V5_bus = -0.11866288500000001
Matching row  18
coeffs for Last measurement in raw DN for LVPS Board signal “THERM_DECON0”= [-110.293 0.0665351 0.000305738 -6.32048e-07 5.9934e-10 -2.98784e-13
 7.61361e-17 -7.76467e-21]
var_name = Last measurement in raw DN for LVPS Board signal “THERM_DECON0”
var_name = None
KeyError: (3, None) - Could not find entry for None, 38. Please check the Var_notes or variable mapping.
Matching row  18
coeffs for Last measurement in raw DN for LVPS Board signal “THERM_DECON1”= [-150.478 0.376986 -0.00062072 7.73853e-07 -5.81588e-10 2.56368e-13
 -6.05698e-17 5.96635e-21]
var_name = Last measurement in raw DN for LVPS Board signal “THERM_DECON1”
var_name = None
KeyError: (3, None) - Could not find entry for None, 39. Please check the Var_notes or variable mapping.
Matching row  18
coeffs for Last measurement in raw DN for LVPS Board signal “THERM_DAB”= [-443.248 1.31224 -0.00180422 1.40016e-06 -6.43766e-10 1.7448e-13
 -2.57695e-17 1.60239e-21]
var_name = Last measurement in raw DN for LVPS Board signal “THERM_DAB”
var_name = None
KeyError: (3, None) - Could not find entry for None, 40. Please check the Var_notes or variable mapping.
Matching row  18
coeffs for Last measurement in raw DN for LVPS Board signal “THERM_LVPS”= [200.4137 -0.2020699 0.000175403 -9.739547e-08 2.888932e-11 -3.545603e-15
 0.0 0.0]
var_name = Last measurement in raw DN for LVPS Board signal “THERM_LVPS”
var_name = None
KeyError: (3, None) - Could not find entry for None, 41. Please check the Var_notes or variable mapping.
Matching row  18
coeffs for Last measurement in raw DN for LVPS Board signal “THERM_HVPS”= [200.4137 -0.2020699 0.000175403 -9.739547e-08 2.888932e-11 -3.545603e-15
 0.0 0.0]
var_name = Last measurement in raw DN for LVPS Board signal “THERM_HVPS”
var_name = None
KeyError: (3, None) - Could not find entry for None, 45. Please check the Var_notes or variable mapping.
Matching row  18
coeffs for Last measurement in raw DN for LVPS Board signal “P2.5V”= [0.0 0.00161172 0.0 0.0 0.0 0.0 0.0 0.0]
var_name = Last measurement in raw DN for LVPS Board signal “P2.5V”
var_name = None
KeyError: (3, None) - Could not find entry for None, 49. Please check the Var_notes or variable mapping.
Matching row  18
coeffs for Last measurement in raw DN for LVPS Board signal “N2.5V”= [-33.0 0.00886447 0.0 0.0 0.0 0.0 0.0 0.0]
var_name = Last measurement in raw DN for LVPS Board signal “N2.5V”
var_name = None
KeyError: (3, None) - Could not find entry for None, 50. Please check the Var_notes or variable mapping.
Matching row  18
coeffs for Last measurement in raw DN for LVPS Board signal “Spare”= [0.0 0.00161172 0.0 0.0 0.0 0.0 0.0 0.0]
var_name = Last measurement in raw DN for LVPS Board signal “Spare”
var_name = spare_signal
KeyError: (3, 'spare_signal') - Could not find entry for spare_signal, 51. Please check the Var_notes or variable mapping.
High gain delay = 36 samples.
Mid gain delay = 7 samples.
Low gain delay = 7 samples.
High sampling trigger mode =  0 0 1
High gain trigger mode enabled.
For 2222981120, HG Trigger level = 0.15317, sample settings = 0, 0
Threshold trigger mode enabled for high gain channel.
AID = 2415277392
Event number = 84
Rice compression enabled = False
Timestamp = 439515544.67914 seconds since epoch (Midnight January 1st, 2010)
Trigger time = 2023-12-05T23:39:04.679140Z
3
3
3
3
3
3
3
3
3
3
3
3
3
{'SHCOARSE': ParsedDataItem(SHCOARSE, raw=439515708, derived=439515708, unit=dn), 'SHFINE': ParsedDataItem(SHFINE, raw=9120, derived=9120, unit=dn), 'IDX__SCI0AID': ParsedDataItem(IDX__SCI0AID, raw=2415277392, derived=2415277392, unit=None), 'IDX__SCI0TYPE': ParsedDataItem(IDX__SCI0TYPE, raw=1, derived=1, unit=None), 'IDX__SCI0CONT': ParsedDataItem(IDX__SCI0CONT, raw=127, derived=127, unit=None), 'IDX__SCI0SPARE1': ParsedDataItem(IDX__SCI0SPARE1, raw=0, derived=0, unit=None), 'IDX__SCI0PACK': ParsedDataItem(IDX__SCI0PACK, raw=1, derived=EN, unit=None), 'IDX__SCI0FRAG': ParsedDataItem(IDX__SCI0FRAG, raw=0, derived=DS, unit=None), 'IDX__SCI0COMP': ParsedDataItem(IDX__SCI0COMP, raw=0, derived=DS, unit=None), 'IDX__SCI0EVTNUM': ParsedDataItem(IDX__SCI0EVTNUM, raw=85, derived=85, unit=None), 'IDX__SCI0CAT': ParsedDataItem(IDX__SCI0CAT, raw=32, derived=32, unit=None), 'IDX__SCI0QUAL': ParsedDataItem(IDX__SCI0QUAL, raw=5, derived=5, unit=None), 'IDX__SCI0FRAGOFF': ParsedDataItem(IDX__SCI0FRAGOFF, raw=0, derived=0, unit=None), 'IDX__SCI0VER': ParsedDataItem(IDX__SCI0VER, raw=9, derived=9, unit=None), 'IDX__SCI0TIME32': ParsedDataItem(IDX__SCI0TIME32, raw=439515545, derived=439515545, unit=None), 'IDX__SCI0SPARE2': ParsedDataItem(IDX__SCI0SPARE2, raw=0, derived=0, unit=None), 'IDX__SCI0SPARE3': ParsedDataItem(IDX__SCI0SPARE3, raw=0, derived=0, unit=None), 'IDX__SCI0SPARE4': ParsedDataItem(IDX__SCI0SPARE4, raw=0, derived=0, unit=None), 'IDX__TXHDRSCIEVTLEN': ParsedDataItem(IDX__TXHDRSCIEVTLEN, raw=8320, derived=8320, unit=None), 'IDX__TXHDRSP00': ParsedDataItem(IDX__TXHDRSP00, raw=0, derived=0, unit=None), 'IDX__TXHDRTIMESEC1': ParsedDataItem(IDX__TXHDRTIMESEC1, raw=6706, derived=6706, unit=None), 'IDX__TXHDRTIMESEC2': ParsedDataItem(IDX__TXHDRTIMESEC2, raw=31129, derived=31129, unit=None), 'IDX__TXHDRTIMESUBS': ParsedDataItem(IDX__TXHDRTIMESUBS, raw=33954, derived=33954, unit=None), 'IDX__TXHDRSP01': ParsedDataItem(IDX__TXHDRSP01, raw=0, derived=0, unit=None), 'IDX__TXHDRTRIGOFFSET': ParsedDataItem(IDX__TXHDRTRIGOFFSET, raw=6, derived=6, unit=None), 'IDX__TXHDRSP02': ParsedDataItem(IDX__TXHDRSP02, raw=0, derived=0, unit=None), 'IDX__TXHDRTRIGID': ParsedDataItem(IDX__TXHDRTRIGID, raw=1, derived=1, unit=None), 'IDX__TXHDREVTNUM': ParsedDataItem(IDX__TXHDREVTNUM, raw=85, derived=85, unit=None), 'IDX__TXHDRBLOCKS': ParsedDataItem(IDX__TXHDRBLOCKS, raw=243679, derived=243679, unit=None), 'IDX__TXHDRHGTRIGCTRL1': ParsedDataItem(IDX__TXHDRHGTRIGCTRL1, raw=2222981120, derived=2222981120, unit=None), 'IDX__TXHDRHGTRIGCTRL2': ParsedDataItem(IDX__TXHDRHGTRIGCTRL2, raw=0, derived=0, unit=None), 'IDX__TXHDRLGTRIGCTRL1': ParsedDataItem(IDX__TXHDRLGTRIGCTRL1, raw=4294965248, derived=4294965248, unit=None), 'IDX__TXHDRLGTRIGCTRL2': ParsedDataItem(IDX__TXHDRLGTRIGCTRL2, raw=4278255360, derived=4278255360, unit=None), 'IDX__TXHDRMGTRIGCTRL1': ParsedDataItem(IDX__TXHDRMGTRIGCTRL1, raw=4294965248, derived=4294965248, unit=None), 'IDX__TXHDRMGTRIGCTRL2': ParsedDataItem(IDX__TXHDRMGTRIGCTRL2, raw=4278255360, derived=4278255360, unit=None), 'IDX__TXHDRSP03': ParsedDataItem(IDX__TXHDRSP03, raw=0, derived=0, unit=None), 'IDX__TXHDRLSADC': ParsedDataItem(IDX__TXHDRLSADC, raw=1048320, derived=1048320, unit=None), 'IDX__TXHDRPOLSTAT': ParsedDataItem(IDX__TXHDRPOLSTAT, raw=1, derived=NEG, unit=None), 'IDX__TXHDRSP04': ParsedDataItem(IDX__TXHDRSP04, raw=0, derived=0, unit=None), 'IDX__TXHDRPOLCTRL': ParsedDataItem(IDX__TXHDRPOLCTRL, raw=0, derived=POS, unit=None), 'IDX__TXHDRCOINENA': ParsedDataItem(IDX__TXHDRCOINENA, raw=0, derived=DIS, unit=None), 'IDX__TXHDRLSTRIGMODE': ParsedDataItem(IDX__TXHDRLSTRIGMODE, raw=0, derived=DIS, unit=None), 'IDX__TXHDRMGTRIGMODE': ParsedDataItem(IDX__TXHDRMGTRIGMODE, raw=0, derived=0, unit=None), 'IDX__TXHDRLGTRIGMODE': ParsedDataItem(IDX__TXHDRLGTRIGMODE, raw=0, derived=0, unit=None), 'IDX__TXHDRHGTRIGMODE': ParsedDataItem(IDX__TXHDRHGTRIGMODE, raw=1, derived=1, unit=None), 'IDX__TXHDRSP05': ParsedDataItem(IDX__TXHDRSP05, raw=0, derived=0, unit=None), 'IDX__TXHDRSP06': ParsedDataItem(IDX__TXHDRSP06, raw=0, derived=0, unit=None), 'IDX__TXHDRSP07': ParsedDataItem(IDX__TXHDRSP07, raw=2020, derived=2020, unit=None), 'IDX__TXHDRSP08': ParsedDataItem(IDX__TXHDRSP08, raw=0, derived=0, unit=None), 'IDX__TXHDRTOFMAX': ParsedDataItem(IDX__TXHDRTOFMAX, raw=561519615, derived=561519615, unit=None), 'IDX__TXHDRTOFMIN': ParsedDataItem(IDX__TXHDRTOFMIN, raw=535295476, derived=535295476, unit=None), 'IDX__TXHDRLS0MAXMIN': ParsedDataItem(IDX__TXHDRLS0MAXMIN, raw=8464397, derived=8464397, unit=None), 'IDX__TXHDRLS1MAXMIN': ParsedDataItem(IDX__TXHDRLS1MAXMIN, raw=8452069, derived=8452069, unit=None), 'IDX__TXHDRLS2MAXMIN': ParsedDataItem(IDX__TXHDRLS2MAXMIN, raw=8378340, derived=8378340, unit=None), 'IDX__TXHDRFIFODELAY': ParsedDataItem(IDX__TXHDRFIFODELAY, raw=15, derived=15, unit=None), 'IDX__TXHDRSAMPDELAY': ParsedDataItem(IDX__TXHDRSAMPDELAY, raw=49331277, derived=49331277, unit=None), 'IDX__TXHDRTRANSCNT': ParsedDataItem(IDX__TXHDRTRANSCNT, raw=8, derived=8, unit=None), 'IDX__TXHDRPROCHKCH01': ParsedDataItem(IDX__TXHDRPROCHKCH01, raw=83821393, derived=83821393, unit=None), 'IDX__TXHDRPROCHKCH23': ParsedDataItem(IDX__TXHDRPROCHKCH23, raw=102302895, derived=102302895, unit=None), 'IDX__TXHDRPROCHKCH45': ParsedDataItem(IDX__TXHDRPROCHKCH45, raw=168035546, derived=168035546, unit=None), 'IDX__TXHDRPROCHKCH67': ParsedDataItem(IDX__TXHDRPROCHKCH67, raw=133695768, derived=133695768, unit=None), 'IDX__TXHDRHVPSHKCH01': ParsedDataItem(IDX__TXHDRHVPSHKCH01, raw=131860073, derived=131860073, unit=None), 'IDX__TXHDRHVPSHKCH23': ParsedDataItem(IDX__TXHDRHVPSHKCH23, raw=8849070, derived=8849070, unit=None), 'IDX__TXHDRHVPSHKCH45': ParsedDataItem(IDX__TXHDRHVPSHKCH45, raw=153290714, derived=153290714, unit=None), 'IDX__TXHDRHVPSHKCH67': ParsedDataItem(IDX__TXHDRHVPSHKCH67, raw=19991184, derived=19991184, unit=None), 'IDX__TXHDRLVHK0CH01': ParsedDataItem(IDX__TXHDRLVHK0CH01, raw=134219776, derived=134219776, unit=None), 'IDX__TXHDRLVHK0CH23': ParsedDataItem(IDX__TXHDRLVHK0CH23, raw=171969465, derived=171969465, unit=None), 'IDX__TXHDRLVHK0CH45': ParsedDataItem(IDX__TXHDRLVHK0CH45, raw=134745194, derived=134745194, unit=None), 'IDX__TXHDRLVHK0CH67': ParsedDataItem(IDX__TXHDRLVHK0CH67, raw=205917267, derived=205917267, unit=None), 'IDX__TXHDRLVHK1CH01': ParsedDataItem(IDX__TXHDRLVHK1CH01, raw=34801304, derived=34801304, unit=None), 'IDX__TXHDRLVHK1CH23': ParsedDataItem(IDX__TXHDRLVHK1CH23, raw=74712528, derived=74712528, unit=None), 'IDX__TXHDRLVHK1CH45': ParsedDataItem(IDX__TXHDRLVHK1CH45, raw=215418697, derived=215418697, unit=None), 'IDX__TXHDRLVHK1CH67': ParsedDataItem(IDX__TXHDRLVHK1CH67, raw=193003972, derived=193003972, unit=None), 'IDX__TXHDRLVHK2CH01': ParsedDataItem(IDX__TXHDRLVHK2CH01, raw=82314476, derived=82314476, unit=None), 'IDX__TXHDRLVHK2CH23': ParsedDataItem(IDX__TXHDRLVHK2CH23, raw=188680970, derived=188680970, unit=None), 'IDX__TXHDRLVHK2CH45': ParsedDataItem(IDX__TXHDRLVHK2CH45, raw=101059605, derived=101059605, unit=None), 'IDX__TXHDRLVHK2CH67': ParsedDataItem(IDX__TXHDRLVHK2CH67, raw=69016, derived=69016, unit=None), 'IDX__TXHDRSP09': ParsedDataItem(IDX__TXHDRSP09, raw=0, derived=0, unit=None), 'IDX__TXHDRSP10': ParsedDataItem(IDX__TXHDRSP10, raw=0, derived=0, unit=None), 'IDX__TXHDRFSWAIDCOPY': ParsedDataItem(IDX__TXHDRFSWAIDCOPY, raw=2415277392, derived=2415277392, unit=None), 'IDX__TXHDRFSWBINCOPY': ParsedDataItem(IDX__TXHDRFSWBINCOPY, raw=0, derived=0, unit=None), 'IDX__TXHDRFSWMAJOR': ParsedDataItem(IDX__TXHDRFSWMAJOR, raw=2, derived=2, unit=None), 'IDX__TXHDRFSWMINOR': ParsedDataItem(IDX__TXHDRFSWMINOR, raw=0, derived=0, unit=None), 'IDX__TXHDRFSWPATCH': ParsedDataItem(IDX__TXHDRFSWPATCH, raw=0, derived=0, unit=None), 'IDX__TXHDRFSWHVSTAT': ParsedDataItem(IDX__TXHDRFSWHVSTAT, raw=3, derived=3, unit=None), 'IDX__TXHDRFSWMEM0': ParsedDataItem(IDX__TXHDRFSWMEM0, raw=0, derived=0, unit=None), 'IDX__TXHDRFSWMEM1': ParsedDataItem(IDX__TXHDRFSWMEM1, raw=0, derived=0, unit=None), 'IDX__TXHDRFSWPT0': ParsedDataItem(IDX__TXHDRFSWPT0, raw=0, derived=0, unit=None), 'IDX__TXHDRFSWPT1': ParsedDataItem(IDX__TXHDRFSWPT1, raw=0, derived=0, unit=None), 'IDX__TXHDRFSWPT2': ParsedDataItem(IDX__TXHDRFSWPT2, raw=0, derived=0, unit=None), 'IDX__TXHDRFSWPT3': ParsedDataItem(IDX__TXHDRFSWPT3, raw=0, derived=0, unit=None), 'IDX__TXHDRFSWPT4': ParsedDataItem(IDX__TXHDRFSWPT4, raw=0, derived=0, unit=None), 'IDX__TXHDRFSWPT5': ParsedDataItem(IDX__TXHDRFSWPT5, raw=0, derived=0, unit=None), 'IDX__TXHDRFSWPT6': ParsedDataItem(IDX__TXHDRFSWPT6, raw=0, derived=0, unit=None), 'IDX__TXHDRFSWPT7': ParsedDataItem(IDX__TXHDRFSWPT7, raw=0, derived=0, unit=None), 'IDX__TXHDRFSWPT8': ParsedDataItem(IDX__TXHDRFSWPT8, raw=0, derived=0, unit=None), 'IDX__TXHDRFSWPT9': ParsedDataItem(IDX__TXHDRFSWPT9, raw=0, derived=0, unit=None), 'IDX__TXHDRFPGAVER': ParsedDataItem(IDX__TXHDRFPGAVER, raw=539165480, derived=539165480, unit=None), 'IDX__SYNCSCI0PKT': ParsedDataItem(IDX__SYNCSCI0PKT, raw=13107, derived=13107, unit=None), 'IDX__CRCSCI0PKT': ParsedDataItem(IDX__CRCSCI0PKT, raw=54412, derived=54412, unit=None)}
SHCOARSE = 439515708
SHFINE = 9120
IDX__SCI0AID = 2415277392
IDX__SCI0TYPE = 1
IDX__SCI0CONT = 127
IDX__SCI0SPARE1 = 0
IDX__SCI0PACK = EN
IDX__SCI0FRAG = DS
IDX__SCI0COMP = DS
IDX__SCI0EVTNUM = 85
IDX__SCI0CAT = 32
IDX__SCI0QUAL = 5
IDX__SCI0FRAGOFF = 0
IDX__SCI0VER = 9
IDX__SCI0TIME32 = 439515545
IDX__SCI0SPARE2 = 0
IDX__SCI0SPARE3 = 0
IDX__SCI0SPARE4 = 0
IDX__TXHDRSCIEVTLEN = 8320
IDX__TXHDRSP00 = 0
IDX__TXHDRTIMESEC1 = 6706
IDX__TXHDRTIMESEC2 = 31129
IDX__TXHDRTIMESUBS = 33954
IDX__TXHDRSP01 = 0
IDX__TXHDRTRIGOFFSET = 6
IDX__TXHDRSP02 = 0
IDX__TXHDRTRIGID = 1
IDX__TXHDREVTNUM = 85
IDX__TXHDRBLOCKS = 243679
IDX__TXHDRHGTRIGCTRL1 = 2222981120
IDX__TXHDRHGTRIGCTRL2 = 0
IDX__TXHDRLGTRIGCTRL1 = 4294965248
IDX__TXHDRLGTRIGCTRL2 = 4278255360
IDX__TXHDRMGTRIGCTRL1 = 4294965248
IDX__TXHDRMGTRIGCTRL2 = 4278255360
IDX__TXHDRSP03 = 0
IDX__TXHDRLSADC = 1048320
IDX__TXHDRPOLSTAT = NEG
IDX__TXHDRSP04 = 0
IDX__TXHDRPOLCTRL = POS
IDX__TXHDRCOINENA = DIS
IDX__TXHDRLSTRIGMODE = DIS
IDX__TXHDRMGTRIGMODE = 0
IDX__TXHDRLGTRIGMODE = 0
IDX__TXHDRHGTRIGMODE = 1
IDX__TXHDRSP05 = 0
IDX__TXHDRSP06 = 0
IDX__TXHDRSP07 = 2020
IDX__TXHDRSP08 = 0
IDX__TXHDRTOFMAX = 561519615
IDX__TXHDRTOFMIN = 535295476
IDX__TXHDRLS0MAXMIN = 8464397
IDX__TXHDRLS1MAXMIN = 8452069
IDX__TXHDRLS2MAXMIN = 8378340
IDX__TXHDRFIFODELAY = 15
IDX__TXHDRSAMPDELAY = 49331277
IDX__TXHDRTRANSCNT = 8
IDX__TXHDRPROCHKCH01 = 83821393
IDX__TXHDRPROCHKCH23 = 102302895
IDX__TXHDRPROCHKCH45 = 168035546
IDX__TXHDRPROCHKCH67 = 133695768
IDX__TXHDRHVPSHKCH01 = 131860073
IDX__TXHDRHVPSHKCH23 = 8849070
IDX__TXHDRHVPSHKCH45 = 153290714
IDX__TXHDRHVPSHKCH67 = 19991184
IDX__TXHDRLVHK0CH01 = 134219776
IDX__TXHDRLVHK0CH23 = 171969465
IDX__TXHDRLVHK0CH45 = 134745194
IDX__TXHDRLVHK0CH67 = 205917267
IDX__TXHDRLVHK1CH01 = 34801304
IDX__TXHDRLVHK1CH23 = 74712528
IDX__TXHDRLVHK1CH45 = 215418697
IDX__TXHDRLVHK1CH67 = 193003972
IDX__TXHDRLVHK2CH01 = 82314476
IDX__TXHDRLVHK2CH23 = 188680970
IDX__TXHDRLVHK2CH45 = 101059605
IDX__TXHDRLVHK2CH67 = 69016
IDX__TXHDRSP09 = 0
IDX__TXHDRSP10 = 0
IDX__TXHDRFSWAIDCOPY = 2415277392
IDX__TXHDRFSWBINCOPY = 0
IDX__TXHDRFSWMAJOR = 2
IDX__TXHDRFSWMINOR = 0
IDX__TXHDRFSWPATCH = 0
IDX__TXHDRFSWHVSTAT = 3
IDX__TXHDRFSWMEM0 = 0
IDX__TXHDRFSWMEM1 = 0
IDX__TXHDRFSWPT0 = 0
IDX__TXHDRFSWPT1 = 0
IDX__TXHDRFSWPT2 = 0
IDX__TXHDRFSWPT3 = 0
IDX__TXHDRFSWPT4 = 0
IDX__TXHDRFSWPT5 = 0
IDX__TXHDRFSWPT6 = 0
IDX__TXHDRFSWPT7 = 0
IDX__TXHDRFSWPT8 = 0
IDX__TXHDRFSWPT9 = 0
IDX__TXHDRFPGAVER = 539165480
IDX__SYNCSCI0PKT = 13107
IDX__CRCSCI0PKT = 54412
^*****Event header 4******^
EVTNUM: 4
SCI0TYPE: 1
TXHDRBLOCKS RAW: 243679
TXHDRBLOCKS DERIVED: 243679
-----
HS pre trig sampling blocks:  31
LS pre trig sampling blocks:  3
HS post trig sampling blocks:  31
LS post trig sampling blocks:  11
IDX__TXHDRHVPSHKCH01 = 131860073
Detector voltage =  1641
Sensor voltage =  2012
Target voltage =  1710
Reflectron voltage =  135
Rejection voltage =  2010
Current for HVPS sensor =  2339
Positive current for HVPS sensor =  2704
Negative current for HVPS sensor =  305
Voltage +3.3V reference =  2048
Voltage +3.3V operational reference =  2048
Voltage -6V bus =  3001
Voltage +6V bus =  2624
Voltage +16V bus =  3178
Voltage +3.3V bus =  2056
Voltage -5V bus =  3155
Voltage +5V bus =  3142
Current +3.3V bus =  1688
Current +16V bus =  1140
Current +6V bus =  1488
Current -6V bus =  1140
Current +5V bus =  1865
Current -5V bus =  3287
Current +2.5V bus =  452
Current -2.5V bus =  2945
Current on the 1V POL =  849
Current on the 1.9V POL =  1279
ProcBd Temperature 1 =  1199
ProcBd Temperature 2 =  1561
Voltage on 1V bus =  1242
FPGA Temperature =  2564
Voltage on 1.9V bus =  2328
Voltage on 3.3V bus =  2040
var_to_row = {'Last measurement in raw DN for Processor Board signal “1V POL Current”': 0, 'Last measurement in raw DN for Processor Board signal “1.9V POL Current”': 1, 'Last measurement in raw DN for Processor Board signal “ProcBd Temp1”': 2, nan: 48, 'Last measurement in raw DN for Processor Board signal “ProcBd Temp2”': 6, 'Last measurement in raw DN for Processor Board signal “1V Voltage”': 10, 'Last measurement in raw DN for Processor Board signal “FPGA Temp”': 11, 'Last measurement in raw DN for Processor Board signal “1.9V Voltage”': 12, 'Last measurement in raw DN for Processor Board signal “3.3V Voltage”': 13, 'Last measurement in raw DN for HVPS Board signal “Detector Voltage”': 14, 'Last measurement in raw DN for HVPS Board signal “Sensor Voltage"': 15, 'Last measurement in raw DN for HVPS Board signal “Target Voltage”': 16, 'Last measurement in raw DN for HVPS Board signal “Reflectron Voltage”': 17, 'Last measurement in raw DN for HVPS Board signal “Rejection Voltage”': 18, 'Last measurement in raw DN for HVPS Board signal “Detector Current”': 19, 'Last measurement in raw DN for HVPS Board signal “Sensor IP”': 20, 'Last measurement in raw DN for HVPS Board signal “Sensor IN”': 21, 'Last measurement in raw DN for LVPS Board signal “P3.3VREF_HK”': 22, 'Last measurement in raw DN for LVPS Board signal “P3.3VREF_OP”': 23, 'Last measurement in raw DN for LVPS Board signal “N6V”': 24, 'Last measurement in raw DN for LVPS Board signal “P6V”': 25, 'Last measurement in raw DN for LVPS Board signal “P16V”': 26, 'Last measurement in raw DN for LVPS Board signal “P3.3V”': 27, 'Last measurement in raw DN for LVPS Board signal “N5V”': 28, 'Last measurement in raw DN for LVPS Board signal “P5V”': 29, 'Last measurement in raw DN for LVPS Board signal “P3.3_IMON”': 30, 'Last measurement in raw DN for LVPS Board signal “P16V_IMON”': 31, 'Last measurement in raw DN for LVPS Board signal “P6V_IMON”': 32, 'Last measurement in raw DN for LVPS Board signal “N6V_IMON”': 33, 'Last measurement in raw DN for LVPS Board signal “P5V_IMON”': 34, 'Last measurement in raw DN for LVPS Board signal “N5V_IMON”': 35, 'Last measurement in raw DN for LVPS Board signal “P2.5V_IMON”': 36, 'Last measurement in raw DN for LVPS Board signal “N2.5V_IMON”': 37, 'Last measurement in raw DN for LVPS Board signal “THERM_DECON0”': 38, 'Last measurement in raw DN for LVPS Board signal “THERM_DECON1”': 39, 'Last measurement in raw DN for LVPS Board signal “THERM_DAB”': 40, 'Last measurement in raw DN for LVPS Board signal “THERM_LVPS”': 41, 'Last measurement in raw DN for LVPS Board signal “THERM_HVPS”': 45, 'Last measurement in raw DN for LVPS Board signal “P2.5V”': 49, 'Last measurement in raw DN for LVPS Board signal “N2.5V”': 50, 'Last measurement in raw DN for LVPS Board signal “Spare”': 51}

 
 ***** var_name being converted for each instrument setting ***** 
 

Matching row  18
coeffs for Last measurement in raw DN for Processor Board signal “1V POL Current”= [0.0 0.9029253 0.0 0.0 0.0 0.0 0.0 0.0]
var_name = Last measurement in raw DN for Processor Board signal “1V POL Current”
var_name = current_1V_pol
Header info = 849
Transformed value for current_1V_pol = 766.5835797000001
Matching row  18
coeffs for Last measurement in raw DN for Processor Board signal “1.9V POL Current”= [0.0 0.9029253 0.0 0.0 0.0 0.0 0.0 0.0]
var_name = Last measurement in raw DN for Processor Board signal “1.9V POL Current”
var_name = current_1.9V_pol
Header info = 1279
Transformed value for current_1.9V_pol = 1154.8414587
Matching row  18
coeffs for Last measurement in raw DN for Processor Board signal “ProcBd Temp1”= [162.8276 -0.2668687 0.0003323794 -2.43153e-07 9.034532e-11 -1.327735e-14
 0.0 0.0]
var_name = Last measurement in raw DN for Processor Board signal “ProcBd Temp1”
var_name = temperature_1
Header info = 1199
Transformed value for temperature_1 = 55.37765199321684
Matching row  18
coeffs for nan= [-104713.9 52.02446 -0.006463374 0.0 0.0 0.0 0.0 0.0]
var_name = nan
var_name = None
KeyError: (4, None) - Could not find entry for None, 48. Please check the Var_notes or variable mapping.
Matching row  18
coeffs for Last measurement in raw DN for Processor Board signal “ProcBd Temp2”= [162.8276 -0.2668687 0.0003323794 -2.43153e-07 9.034532e-11 -1.327735e-14
 0.0 0.0]
var_name = Last measurement in raw DN for Processor Board signal “ProcBd Temp2”
var_name = temperature_2
Header info = 1561
Transformed value for temperature_2 = 44.64778748986298
Matching row  18
coeffs for Last measurement in raw DN for Processor Board signal “1V Voltage”= [0.0 0.000805861 0.0 0.0 0.0 0.0 0.0 0.0]
var_name = Last measurement in raw DN for Processor Board signal “1V Voltage”
var_name = voltage_1V_bus
Header info = 1242
Transformed value for voltage_1V_bus = 1.0008793619999998
Matching row  18
coeffs for Last measurement in raw DN for Processor Board signal “FPGA Temp”= [358.31 -0.1187104 0.0 0.0 0.0 0.0 0.0 0.0]
var_name = Last measurement in raw DN for Processor Board signal “FPGA Temp”
var_name = fpga_temperature
Header info = 2564
Transformed value for fpga_temperature = 53.93653440000003
Matching row  18
coeffs for Last measurement in raw DN for Processor Board signal “1.9V Voltage”= [0.0 0.000805861 0.0 0.0 0.0 0.0 0.0 0.0]
var_name = Last measurement in raw DN for Processor Board signal “1.9V Voltage”
var_name = voltage_1.9V_bus
Header info = 2328
Transformed value for voltage_1.9V_bus = 1.8760444079999998
Matching row  18
coeffs for Last measurement in raw DN for Processor Board signal “3.3V Voltage”= [0.0 0.001611722 0.0 0.0 0.0 0.0 0.0 0.0]
var_name = Last measurement in raw DN for Processor Board signal “3.3V Voltage”
var_name = voltage_3.3V_bus
Header info = 2040
Transformed value for voltage_3.3V_bus = 3.28791288
Matching row  18
coeffs for Last measurement in raw DN for HVPS Board signal “Detector Voltage”= [0.0 1.4652 0.0 0.0 0.0 0.0 0.0 0.0]
var_name = Last measurement in raw DN for HVPS Board signal “Detector Voltage”
var_name = detector_voltage
Header info = 1641
Transformed value for detector_voltage = 2404.3932
Matching row  18
coeffs for Last measurement in raw DN for HVPS Board signal “Sensor Voltage"= [0.0 1.4652 0.0 0.0 0.0 0.0 0.0 0.0]
var_name = Last measurement in raw DN for HVPS Board signal “Sensor Voltage"
var_name = sensor_voltage
Header info = 2012
Transformed value for sensor_voltage = 2947.9824000000003
Matching row  18
coeffs for Last measurement in raw DN for HVPS Board signal “Target Voltage”= [0.0 1.4652 0.0 0.0 0.0 0.0 0.0 0.0]
var_name = Last measurement in raw DN for HVPS Board signal “Target Voltage”
var_name = target_voltage
Header info = 1710
Transformed value for target_voltage = 2505.492
Matching row  18
coeffs for Last measurement in raw DN for HVPS Board signal “Reflectron Voltage”= [0.0 1.4652 0.0 0.0 0.0 0.0 0.0 0.0]
var_name = Last measurement in raw DN for HVPS Board signal “Reflectron Voltage”
var_name = reflectron_voltage
Header info = 135
Transformed value for reflectron_voltage = 197.80200000000002
Matching row  18
coeffs for Last measurement in raw DN for HVPS Board signal “Rejection Voltage”= [0.0 1.4652 0.0 0.0 0.0 0.0 0.0 0.0]
var_name = Last measurement in raw DN for HVPS Board signal “Rejection Voltage”
var_name = rejection_voltage
Header info = 2010
Transformed value for rejection_voltage = 2945.052
Matching row  18
coeffs for Last measurement in raw DN for HVPS Board signal “Detector Current”= [0.0 7.326e-06 0.0 0.0 0.0 0.0 0.0 0.0]
var_name = Last measurement in raw DN for HVPS Board signal “Detector Current”
var_name = current_hvps_sensor
Header info = 2339
Transformed value for current_hvps_sensor = 0.017135514
Matching row  18
coeffs for Last measurement in raw DN for HVPS Board signal “Sensor IP”= [0.0 2.4339e-05 0.0 0.0 0.0 0.0 0.0 0.0]
var_name = Last measurement in raw DN for HVPS Board signal “Sensor IP”
var_name = positive_current_hvps
Header info = 2704
Transformed value for positive_current_hvps = 0.065812656
Matching row  18
coeffs for Last measurement in raw DN for HVPS Board signal “Sensor IN”= [0.0 2.4339e-05 0.0 0.0 0.0 0.0 0.0 0.0]
var_name = Last measurement in raw DN for HVPS Board signal “Sensor IN”
var_name = negative_current_hvps
Header info = 305
Transformed value for negative_current_hvps = 0.007423394999999999
Matching row  18
coeffs for Last measurement in raw DN for LVPS Board signal “P3.3VREF_HK”= [0.0 0.00161172 0.0 0.0 0.0 0.0 0.0 0.0]
var_name = Last measurement in raw DN for LVPS Board signal “P3.3VREF_HK”
var_name = voltage_3V3_ref
Header info = 2048
Transformed value for voltage_3V3_ref = 3.30080256
Matching row  18
coeffs for Last measurement in raw DN for LVPS Board signal “P3.3VREF_OP”= [0.0 0.00161172 0.0 0.0 0.0 0.0 0.0 0.0]
var_name = Last measurement in raw DN for LVPS Board signal “P3.3VREF_OP”
var_name = voltage_3V3_op_ref
Header info = 2048
Transformed value for voltage_3V3_op_ref = 3.30080256
Matching row  18
coeffs for Last measurement in raw DN for LVPS Board signal “N6V”= [-33.0 0.00886447 0.0 0.0 0.0 0.0 0.0 0.0]
var_name = Last measurement in raw DN for LVPS Board signal “N6V”
var_name = voltage_neg6V_bus
Header info = 3001
Transformed value for voltage_neg6V_bus = -6.397725530000002
Matching row  18
coeffs for Last measurement in raw DN for LVPS Board signal “P6V”= [0.0 0.00241758 0.0 0.0 0.0 0.0 0.0 0.0]
var_name = Last measurement in raw DN for LVPS Board signal “P6V”
var_name = voltage_pos6V_bus
Header info = 2624
Transformed value for voltage_pos6V_bus = 6.3437299199999995
Matching row  18
coeffs for Last measurement in raw DN for LVPS Board signal “P16V”= [0.0 0.00482711 0.0 0.0 0.0 0.0 0.0 0.0]
var_name = Last measurement in raw DN for LVPS Board signal “P16V”
var_name = voltage_pos16V_bus
Header info = 3178
Transformed value for voltage_pos16V_bus = 15.34055558
Matching row  18
coeffs for Last measurement in raw DN for LVPS Board signal “P3.3V”= [0.0 0.00161172 0.0 0.0 0.0 0.0 0.0 0.0]
var_name = Last measurement in raw DN for LVPS Board signal “P3.3V”
var_name = voltage_pos3V3_bus
Header info = 2056
Transformed value for voltage_pos3V3_bus = 3.31369632
Matching row  18
coeffs for Last measurement in raw DN for LVPS Board signal “N5V”= [-33.0 0.00886447 0.0 0.0 0.0 0.0 0.0 0.0]
var_name = Last measurement in raw DN for LVPS Board signal “N5V”
var_name = voltage_neg5V_bus
Header info = 3155
Transformed value for voltage_neg5V_bus = -5.032597150000001
Matching row  18
coeffs for Last measurement in raw DN for LVPS Board signal “P5V”= [0.0 0.00161172 0.0 0.0 0.0 0.0 0.0 0.0]
var_name = Last measurement in raw DN for LVPS Board signal “P5V”
var_name = voltage_pos5V_bus
Header info = 3142
Transformed value for voltage_pos5V_bus = 5.06402424
Matching row  18
coeffs for Last measurement in raw DN for LVPS Board signal “P3.3_IMON”= [0.0 0.00161172 0.0 0.0 0.0 0.0 0.0 0.0]
var_name = Last measurement in raw DN for LVPS Board signal “P3.3_IMON”
var_name = current_3V3_bus
Header info = 1688
Transformed value for current_3V3_bus = 2.72058336
Matching row  18
coeffs for Last measurement in raw DN for LVPS Board signal “P16V_IMON”= [0.0 0.000161172 0.0 0.0 0.0 0.0 0.0 0.0]
var_name = Last measurement in raw DN for LVPS Board signal “P16V_IMON”
var_name = current_16V_bus
Header info = 1140
Transformed value for current_16V_bus = 0.18373608
Matching row  18
coeffs for Last measurement in raw DN for LVPS Board signal “P6V_IMON”= [0.0 8.05861e-05 0.0 0.0 0.0 0.0 0.0 0.0]
var_name = Last measurement in raw DN for LVPS Board signal “P6V_IMON”
var_name = current_6V_bus
Header info = 1488
Transformed value for current_6V_bus = 0.1199121168
Matching row  18
coeffs for Last measurement in raw DN for LVPS Board signal “N6V_IMON”= [0.0 -8.05861e-05 0.0 0.0 0.0 0.0 0.0 0.0]
var_name = Last measurement in raw DN for LVPS Board signal “N6V_IMON”
var_name = current_neg6V_bus
Header info = 1140
Transformed value for current_neg6V_bus = -0.091868154
Matching row  18
coeffs for Last measurement in raw DN for LVPS Board signal “P5V_IMON”= [0.0 4.029304e-05 0.0 0.0 0.0 0.0 0.0 0.0]
var_name = Last measurement in raw DN for LVPS Board signal “P5V_IMON”
var_name = current_5V_bus
Header info = 1865
Transformed value for current_5V_bus = 0.0751465196
Matching row  18
coeffs for Last measurement in raw DN for LVPS Board signal “N5V_IMON”= [0.0 -2.01465e-05 0.0 0.0 0.0 0.0 0.0 0.0]
var_name = Last measurement in raw DN for LVPS Board signal “N5V_IMON”
var_name = current_neg5V_bus
Header info = 3287
Transformed value for current_neg5V_bus = -0.0662215455
Matching row  18
coeffs for Last measurement in raw DN for LVPS Board signal “P2.5V_IMON”= [0.0 0.00161172 0.0 0.0 0.0 0.0 0.0 0.0]
var_name = Last measurement in raw DN for LVPS Board signal “P2.5V_IMON”
var_name = current_2V5_bus
Header info = 452
Transformed value for current_2V5_bus = 0.72849744
Matching row  18
coeffs for Last measurement in raw DN for LVPS Board signal “N2.5V_IMON”= [0.0 -4.0293e-05 0.0 0.0 0.0 0.0 0.0 0.0]
var_name = Last measurement in raw DN for LVPS Board signal “N2.5V_IMON”
var_name = current_neg2V5_bus
Header info = 2945
Transformed value for current_neg2V5_bus = -0.11866288500000001
Matching row  18
coeffs for Last measurement in raw DN for LVPS Board signal “THERM_DECON0”= [-110.293 0.0665351 0.000305738 -6.32048e-07 5.9934e-10 -2.98784e-13
 7.61361e-17 -7.76467e-21]
var_name = Last measurement in raw DN for LVPS Board signal “THERM_DECON0”
var_name = None
KeyError: (4, None) - Could not find entry for None, 38. Please check the Var_notes or variable mapping.
Matching row  18
coeffs for Last measurement in raw DN for LVPS Board signal “THERM_DECON1”= [-150.478 0.376986 -0.00062072 7.73853e-07 -5.81588e-10 2.56368e-13
 -6.05698e-17 5.96635e-21]
var_name = Last measurement in raw DN for LVPS Board signal “THERM_DECON1”
var_name = None
KeyError: (4, None) - Could not find entry for None, 39. Please check the Var_notes or variable mapping.
Matching row  18
coeffs for Last measurement in raw DN for LVPS Board signal “THERM_DAB”= [-443.248 1.31224 -0.00180422 1.40016e-06 -6.43766e-10 1.7448e-13
 -2.57695e-17 1.60239e-21]
var_name = Last measurement in raw DN for LVPS Board signal “THERM_DAB”
var_name = None
KeyError: (4, None) - Could not find entry for None, 40. Please check the Var_notes or variable mapping.
Matching row  18
coeffs for Last measurement in raw DN for LVPS Board signal “THERM_LVPS”= [200.4137 -0.2020699 0.000175403 -9.739547e-08 2.888932e-11 -3.545603e-15
 0.0 0.0]
var_name = Last measurement in raw DN for LVPS Board signal “THERM_LVPS”
var_name = None
KeyError: (4, None) - Could not find entry for None, 41. Please check the Var_notes or variable mapping.
Matching row  18
coeffs for Last measurement in raw DN for LVPS Board signal “THERM_HVPS”= [200.4137 -0.2020699 0.000175403 -9.739547e-08 2.888932e-11 -3.545603e-15
 0.0 0.0]
var_name = Last measurement in raw DN for LVPS Board signal “THERM_HVPS”
var_name = None
KeyError: (4, None) - Could not find entry for None, 45. Please check the Var_notes or variable mapping.
Matching row  18
coeffs for Last measurement in raw DN for LVPS Board signal “P2.5V”= [0.0 0.00161172 0.0 0.0 0.0 0.0 0.0 0.0]
var_name = Last measurement in raw DN for LVPS Board signal “P2.5V”
var_name = None
KeyError: (4, None) - Could not find entry for None, 49. Please check the Var_notes or variable mapping.
Matching row  18
coeffs for Last measurement in raw DN for LVPS Board signal “N2.5V”= [-33.0 0.00886447 0.0 0.0 0.0 0.0 0.0 0.0]
var_name = Last measurement in raw DN for LVPS Board signal “N2.5V”
var_name = None
KeyError: (4, None) - Could not find entry for None, 50. Please check the Var_notes or variable mapping.
Matching row  18
coeffs for Last measurement in raw DN for LVPS Board signal “Spare”= [0.0 0.00161172 0.0 0.0 0.0 0.0 0.0 0.0]
var_name = Last measurement in raw DN for LVPS Board signal “Spare”
var_name = spare_signal
KeyError: (4, 'spare_signal') - Could not find entry for spare_signal, 51. Please check the Var_notes or variable mapping.
High gain delay = 77 samples.
Mid gain delay = 47 samples.
Low gain delay = 47 samples.
High sampling trigger mode =  0 0 1
High gain trigger mode enabled.
For 2222981120, HG Trigger level = 0.15317, sample settings = 0, 0
Threshold trigger mode enabled for high gain channel.
AID = 2415277392
Event number = 85
Rice compression enabled = False
Timestamp = 439515545.67908 seconds since epoch (Midnight January 1st, 2010)
Trigger time = 2023-12-05T23:39:05.679080Z
4
4
4
4
4
4
4
4
4
4
4
4
4
{'SHCOARSE': ParsedDataItem(SHCOARSE, raw=439515722, derived=439515722, unit=dn), 'SHFINE': ParsedDataItem(SHFINE, raw=9130, derived=9130, unit=dn), 'IDX__SCI0AID': ParsedDataItem(IDX__SCI0AID, raw=2415277392, derived=2415277392, unit=None), 'IDX__SCI0TYPE': ParsedDataItem(IDX__SCI0TYPE, raw=1, derived=1, unit=None), 'IDX__SCI0CONT': ParsedDataItem(IDX__SCI0CONT, raw=127, derived=127, unit=None), 'IDX__SCI0SPARE1': ParsedDataItem(IDX__SCI0SPARE1, raw=0, derived=0, unit=None), 'IDX__SCI0PACK': ParsedDataItem(IDX__SCI0PACK, raw=1, derived=EN, unit=None), 'IDX__SCI0FRAG': ParsedDataItem(IDX__SCI0FRAG, raw=0, derived=DS, unit=None), 'IDX__SCI0COMP': ParsedDataItem(IDX__SCI0COMP, raw=0, derived=DS, unit=None), 'IDX__SCI0EVTNUM': ParsedDataItem(IDX__SCI0EVTNUM, raw=86, derived=86, unit=None), 'IDX__SCI0CAT': ParsedDataItem(IDX__SCI0CAT, raw=32, derived=32, unit=None), 'IDX__SCI0QUAL': ParsedDataItem(IDX__SCI0QUAL, raw=5, derived=5, unit=None), 'IDX__SCI0FRAGOFF': ParsedDataItem(IDX__SCI0FRAGOFF, raw=0, derived=0, unit=None), 'IDX__SCI0VER': ParsedDataItem(IDX__SCI0VER, raw=9, derived=9, unit=None), 'IDX__SCI0TIME32': ParsedDataItem(IDX__SCI0TIME32, raw=439515546, derived=439515546, unit=None), 'IDX__SCI0SPARE2': ParsedDataItem(IDX__SCI0SPARE2, raw=0, derived=0, unit=None), 'IDX__SCI0SPARE3': ParsedDataItem(IDX__SCI0SPARE3, raw=0, derived=0, unit=None), 'IDX__SCI0SPARE4': ParsedDataItem(IDX__SCI0SPARE4, raw=0, derived=0, unit=None), 'IDX__TXHDRSCIEVTLEN': ParsedDataItem(IDX__TXHDRSCIEVTLEN, raw=8320, derived=8320, unit=None), 'IDX__TXHDRSP00': ParsedDataItem(IDX__TXHDRSP00, raw=0, derived=0, unit=None), 'IDX__TXHDRTIMESEC1': ParsedDataItem(IDX__TXHDRTIMESEC1, raw=6706, derived=6706, unit=None), 'IDX__TXHDRTIMESEC2': ParsedDataItem(IDX__TXHDRTIMESEC2, raw=31130, derived=31130, unit=None), 'IDX__TXHDRTIMESUBS': ParsedDataItem(IDX__TXHDRTIMESUBS, raw=33951, derived=33951, unit=None), 'IDX__TXHDRSP01': ParsedDataItem(IDX__TXHDRSP01, raw=0, derived=0, unit=None), 'IDX__TXHDRTRIGOFFSET': ParsedDataItem(IDX__TXHDRTRIGOFFSET, raw=7, derived=7, unit=None), 'IDX__TXHDRSP02': ParsedDataItem(IDX__TXHDRSP02, raw=0, derived=0, unit=None), 'IDX__TXHDRTRIGID': ParsedDataItem(IDX__TXHDRTRIGID, raw=1, derived=1, unit=None), 'IDX__TXHDREVTNUM': ParsedDataItem(IDX__TXHDREVTNUM, raw=86, derived=86, unit=None), 'IDX__TXHDRBLOCKS': ParsedDataItem(IDX__TXHDRBLOCKS, raw=243679, derived=243679, unit=None), 'IDX__TXHDRHGTRIGCTRL1': ParsedDataItem(IDX__TXHDRHGTRIGCTRL1, raw=2222981120, derived=2222981120, unit=None), 'IDX__TXHDRHGTRIGCTRL2': ParsedDataItem(IDX__TXHDRHGTRIGCTRL2, raw=0, derived=0, unit=None), 'IDX__TXHDRLGTRIGCTRL1': ParsedDataItem(IDX__TXHDRLGTRIGCTRL1, raw=4294965248, derived=4294965248, unit=None), 'IDX__TXHDRLGTRIGCTRL2': ParsedDataItem(IDX__TXHDRLGTRIGCTRL2, raw=4278255360, derived=4278255360, unit=None), 'IDX__TXHDRMGTRIGCTRL1': ParsedDataItem(IDX__TXHDRMGTRIGCTRL1, raw=4294965248, derived=4294965248, unit=None), 'IDX__TXHDRMGTRIGCTRL2': ParsedDataItem(IDX__TXHDRMGTRIGCTRL2, raw=4278255360, derived=4278255360, unit=None), 'IDX__TXHDRSP03': ParsedDataItem(IDX__TXHDRSP03, raw=0, derived=0, unit=None), 'IDX__TXHDRLSADC': ParsedDataItem(IDX__TXHDRLSADC, raw=1048320, derived=1048320, unit=None), 'IDX__TXHDRPOLSTAT': ParsedDataItem(IDX__TXHDRPOLSTAT, raw=1, derived=NEG, unit=None), 'IDX__TXHDRSP04': ParsedDataItem(IDX__TXHDRSP04, raw=0, derived=0, unit=None), 'IDX__TXHDRPOLCTRL': ParsedDataItem(IDX__TXHDRPOLCTRL, raw=0, derived=POS, unit=None), 'IDX__TXHDRCOINENA': ParsedDataItem(IDX__TXHDRCOINENA, raw=0, derived=DIS, unit=None), 'IDX__TXHDRLSTRIGMODE': ParsedDataItem(IDX__TXHDRLSTRIGMODE, raw=0, derived=DIS, unit=None), 'IDX__TXHDRMGTRIGMODE': ParsedDataItem(IDX__TXHDRMGTRIGMODE, raw=0, derived=0, unit=None), 'IDX__TXHDRLGTRIGMODE': ParsedDataItem(IDX__TXHDRLGTRIGMODE, raw=0, derived=0, unit=None), 'IDX__TXHDRHGTRIGMODE': ParsedDataItem(IDX__TXHDRHGTRIGMODE, raw=1, derived=1, unit=None), 'IDX__TXHDRSP05': ParsedDataItem(IDX__TXHDRSP05, raw=0, derived=0, unit=None), 'IDX__TXHDRSP06': ParsedDataItem(IDX__TXHDRSP06, raw=0, derived=0, unit=None), 'IDX__TXHDRSP07': ParsedDataItem(IDX__TXHDRSP07, raw=2020, derived=2020, unit=None), 'IDX__TXHDRSP08': ParsedDataItem(IDX__TXHDRSP08, raw=0, derived=0, unit=None), 'IDX__TXHDRTOFMAX': ParsedDataItem(IDX__TXHDRTOFMAX, raw=544742075, derived=544742075, unit=None), 'IDX__TXHDRTOFMIN': ParsedDataItem(IDX__TXHDRTOFMIN, raw=535295477, derived=535295477, unit=None), 'IDX__TXHDRLS0MAXMIN': ParsedDataItem(IDX__TXHDRLS0MAXMIN, raw=8468493, derived=8468493, unit=None), 'IDX__TXHDRLS1MAXMIN': ParsedDataItem(IDX__TXHDRLS1MAXMIN, raw=8447975, derived=8447975, unit=None), 'IDX__TXHDRLS2MAXMIN': ParsedDataItem(IDX__TXHDRLS2MAXMIN, raw=8345572, derived=8345572, unit=None), 'IDX__TXHDRFIFODELAY': ParsedDataItem(IDX__TXHDRFIFODELAY, raw=15, derived=15, unit=None), 'IDX__TXHDRSAMPDELAY': ParsedDataItem(IDX__TXHDRSAMPDELAY, raw=57728084, derived=57728084, unit=None), 'IDX__TXHDRTRANSCNT': ParsedDataItem(IDX__TXHDRTRANSCNT, raw=8, derived=8, unit=None), 'IDX__TXHDRPROCHKCH01': ParsedDataItem(IDX__TXHDRPROCHKCH01, raw=83821393, derived=83821393, unit=None), 'IDX__TXHDRPROCHKCH23': ParsedDataItem(IDX__TXHDRPROCHKCH23, raw=102302895, derived=102302895, unit=None), 'IDX__TXHDRPROCHKCH45': ParsedDataItem(IDX__TXHDRPROCHKCH45, raw=168035546, derived=168035546, unit=None), 'IDX__TXHDRPROCHKCH67': ParsedDataItem(IDX__TXHDRPROCHKCH67, raw=133695768, derived=133695768, unit=None), 'IDX__TXHDRHVPSHKCH01': ParsedDataItem(IDX__TXHDRHVPSHKCH01, raw=131860072, derived=131860072, unit=None), 'IDX__TXHDRHVPSHKCH23': ParsedDataItem(IDX__TXHDRHVPSHKCH23, raw=8849070, derived=8849070, unit=None), 'IDX__TXHDRHVPSHKCH45': ParsedDataItem(IDX__TXHDRHVPSHKCH45, raw=153290714, derived=153290714, unit=None), 'IDX__TXHDRHVPSHKCH67': ParsedDataItem(IDX__TXHDRHVPSHKCH67, raw=19991184, derived=19991184, unit=None), 'IDX__TXHDRLVHK0CH01': ParsedDataItem(IDX__TXHDRLVHK0CH01, raw=134219776, derived=134219776, unit=None), 'IDX__TXHDRLVHK0CH23': ParsedDataItem(IDX__TXHDRLVHK0CH23, raw=172035001, derived=172035001, unit=None), 'IDX__TXHDRLVHK0CH45': ParsedDataItem(IDX__TXHDRLVHK0CH45, raw=134745194, derived=134745194, unit=None), 'IDX__TXHDRLVHK0CH67': ParsedDataItem(IDX__TXHDRLVHK0CH67, raw=205917267, derived=205917267, unit=None), 'IDX__TXHDRLVHK1CH01': ParsedDataItem(IDX__TXHDRLVHK1CH01, raw=34801304, derived=34801304, unit=None), 'IDX__TXHDRLVHK1CH23': ParsedDataItem(IDX__TXHDRLVHK1CH23, raw=74712528, derived=74712528, unit=None), 'IDX__TXHDRLVHK1CH45': ParsedDataItem(IDX__TXHDRLVHK1CH45, raw=215484233, derived=215484233, unit=None), 'IDX__TXHDRLVHK1CH67': ParsedDataItem(IDX__TXHDRLVHK1CH67, raw=193003972, derived=193003972, unit=None), 'IDX__TXHDRLVHK2CH01': ParsedDataItem(IDX__TXHDRLVHK2CH01, raw=82314476, derived=82314476, unit=None), 'IDX__TXHDRLVHK2CH23': ParsedDataItem(IDX__TXHDRLVHK2CH23, raw=188680970, derived=188680970, unit=None), 'IDX__TXHDRLVHK2CH45': ParsedDataItem(IDX__TXHDRLVHK2CH45, raw=100994069, derived=100994069, unit=None), 'IDX__TXHDRLVHK2CH67': ParsedDataItem(IDX__TXHDRLVHK2CH67, raw=69016, derived=69016, unit=None), 'IDX__TXHDRSP09': ParsedDataItem(IDX__TXHDRSP09, raw=0, derived=0, unit=None), 'IDX__TXHDRSP10': ParsedDataItem(IDX__TXHDRSP10, raw=0, derived=0, unit=None), 'IDX__TXHDRFSWAIDCOPY': ParsedDataItem(IDX__TXHDRFSWAIDCOPY, raw=2415277392, derived=2415277392, unit=None), 'IDX__TXHDRFSWBINCOPY': ParsedDataItem(IDX__TXHDRFSWBINCOPY, raw=0, derived=0, unit=None), 'IDX__TXHDRFSWMAJOR': ParsedDataItem(IDX__TXHDRFSWMAJOR, raw=2, derived=2, unit=None), 'IDX__TXHDRFSWMINOR': ParsedDataItem(IDX__TXHDRFSWMINOR, raw=0, derived=0, unit=None), 'IDX__TXHDRFSWPATCH': ParsedDataItem(IDX__TXHDRFSWPATCH, raw=0, derived=0, unit=None), 'IDX__TXHDRFSWHVSTAT': ParsedDataItem(IDX__TXHDRFSWHVSTAT, raw=3, derived=3, unit=None), 'IDX__TXHDRFSWMEM0': ParsedDataItem(IDX__TXHDRFSWMEM0, raw=0, derived=0, unit=None), 'IDX__TXHDRFSWMEM1': ParsedDataItem(IDX__TXHDRFSWMEM1, raw=0, derived=0, unit=None), 'IDX__TXHDRFSWPT0': ParsedDataItem(IDX__TXHDRFSWPT0, raw=0, derived=0, unit=None), 'IDX__TXHDRFSWPT1': ParsedDataItem(IDX__TXHDRFSWPT1, raw=0, derived=0, unit=None), 'IDX__TXHDRFSWPT2': ParsedDataItem(IDX__TXHDRFSWPT2, raw=0, derived=0, unit=None), 'IDX__TXHDRFSWPT3': ParsedDataItem(IDX__TXHDRFSWPT3, raw=0, derived=0, unit=None), 'IDX__TXHDRFSWPT4': ParsedDataItem(IDX__TXHDRFSWPT4, raw=0, derived=0, unit=None), 'IDX__TXHDRFSWPT5': ParsedDataItem(IDX__TXHDRFSWPT5, raw=0, derived=0, unit=None), 'IDX__TXHDRFSWPT6': ParsedDataItem(IDX__TXHDRFSWPT6, raw=0, derived=0, unit=None), 'IDX__TXHDRFSWPT7': ParsedDataItem(IDX__TXHDRFSWPT7, raw=0, derived=0, unit=None), 'IDX__TXHDRFSWPT8': ParsedDataItem(IDX__TXHDRFSWPT8, raw=0, derived=0, unit=None), 'IDX__TXHDRFSWPT9': ParsedDataItem(IDX__TXHDRFSWPT9, raw=0, derived=0, unit=None), 'IDX__TXHDRFPGAVER': ParsedDataItem(IDX__TXHDRFPGAVER, raw=539165480, derived=539165480, unit=None), 'IDX__SYNCSCI0PKT': ParsedDataItem(IDX__SYNCSCI0PKT, raw=13107, derived=13107, unit=None), 'IDX__CRCSCI0PKT': ParsedDataItem(IDX__CRCSCI0PKT, raw=33512, derived=33512, unit=None)}
SHCOARSE = 439515722
SHFINE = 9130
IDX__SCI0AID = 2415277392
IDX__SCI0TYPE = 1
IDX__SCI0CONT = 127
IDX__SCI0SPARE1 = 0
IDX__SCI0PACK = EN
IDX__SCI0FRAG = DS
IDX__SCI0COMP = DS
IDX__SCI0EVTNUM = 86
IDX__SCI0CAT = 32
IDX__SCI0QUAL = 5
IDX__SCI0FRAGOFF = 0
IDX__SCI0VER = 9
IDX__SCI0TIME32 = 439515546
IDX__SCI0SPARE2 = 0
IDX__SCI0SPARE3 = 0
IDX__SCI0SPARE4 = 0
IDX__TXHDRSCIEVTLEN = 8320
IDX__TXHDRSP00 = 0
IDX__TXHDRTIMESEC1 = 6706
IDX__TXHDRTIMESEC2 = 31130
IDX__TXHDRTIMESUBS = 33951
IDX__TXHDRSP01 = 0
IDX__TXHDRTRIGOFFSET = 7
IDX__TXHDRSP02 = 0
IDX__TXHDRTRIGID = 1
IDX__TXHDREVTNUM = 86
IDX__TXHDRBLOCKS = 243679
IDX__TXHDRHGTRIGCTRL1 = 2222981120
IDX__TXHDRHGTRIGCTRL2 = 0
IDX__TXHDRLGTRIGCTRL1 = 4294965248
IDX__TXHDRLGTRIGCTRL2 = 4278255360
IDX__TXHDRMGTRIGCTRL1 = 4294965248
IDX__TXHDRMGTRIGCTRL2 = 4278255360
IDX__TXHDRSP03 = 0
IDX__TXHDRLSADC = 1048320
IDX__TXHDRPOLSTAT = NEG
IDX__TXHDRSP04 = 0
IDX__TXHDRPOLCTRL = POS
IDX__TXHDRCOINENA = DIS
IDX__TXHDRLSTRIGMODE = DIS
IDX__TXHDRMGTRIGMODE = 0
IDX__TXHDRLGTRIGMODE = 0
IDX__TXHDRHGTRIGMODE = 1
IDX__TXHDRSP05 = 0
IDX__TXHDRSP06 = 0
IDX__TXHDRSP07 = 2020
IDX__TXHDRSP08 = 0
IDX__TXHDRTOFMAX = 544742075
IDX__TXHDRTOFMIN = 535295477
IDX__TXHDRLS0MAXMIN = 8468493
IDX__TXHDRLS1MAXMIN = 8447975
IDX__TXHDRLS2MAXMIN = 8345572
IDX__TXHDRFIFODELAY = 15
IDX__TXHDRSAMPDELAY = 57728084
IDX__TXHDRTRANSCNT = 8
IDX__TXHDRPROCHKCH01 = 83821393
IDX__TXHDRPROCHKCH23 = 102302895
IDX__TXHDRPROCHKCH45 = 168035546
IDX__TXHDRPROCHKCH67 = 133695768
IDX__TXHDRHVPSHKCH01 = 131860072
IDX__TXHDRHVPSHKCH23 = 8849070
IDX__TXHDRHVPSHKCH45 = 153290714
IDX__TXHDRHVPSHKCH67 = 19991184
IDX__TXHDRLVHK0CH01 = 134219776
IDX__TXHDRLVHK0CH23 = 172035001
IDX__TXHDRLVHK0CH45 = 134745194
IDX__TXHDRLVHK0CH67 = 205917267
IDX__TXHDRLVHK1CH01 = 34801304
IDX__TXHDRLVHK1CH23 = 74712528
IDX__TXHDRLVHK1CH45 = 215484233
IDX__TXHDRLVHK1CH67 = 193003972
IDX__TXHDRLVHK2CH01 = 82314476
IDX__TXHDRLVHK2CH23 = 188680970
IDX__TXHDRLVHK2CH45 = 100994069
IDX__TXHDRLVHK2CH67 = 69016
IDX__TXHDRSP09 = 0
IDX__TXHDRSP10 = 0
IDX__TXHDRFSWAIDCOPY = 2415277392
IDX__TXHDRFSWBINCOPY = 0
IDX__TXHDRFSWMAJOR = 2
IDX__TXHDRFSWMINOR = 0
IDX__TXHDRFSWPATCH = 0
IDX__TXHDRFSWHVSTAT = 3
IDX__TXHDRFSWMEM0 = 0
IDX__TXHDRFSWMEM1 = 0
IDX__TXHDRFSWPT0 = 0
IDX__TXHDRFSWPT1 = 0
IDX__TXHDRFSWPT2 = 0
IDX__TXHDRFSWPT3 = 0
IDX__TXHDRFSWPT4 = 0
IDX__TXHDRFSWPT5 = 0
IDX__TXHDRFSWPT6 = 0
IDX__TXHDRFSWPT7 = 0
IDX__TXHDRFSWPT8 = 0
IDX__TXHDRFSWPT9 = 0
IDX__TXHDRFPGAVER = 539165480
IDX__SYNCSCI0PKT = 13107
IDX__CRCSCI0PKT = 33512
^*****Event header 5******^
EVTNUM: 5
SCI0TYPE: 1
TXHDRBLOCKS RAW: 243679
TXHDRBLOCKS DERIVED: 243679
-----
HS pre trig sampling blocks:  31
LS pre trig sampling blocks:  3
HS post trig sampling blocks:  31
LS post trig sampling blocks:  11
IDX__TXHDRHVPSHKCH01 = 131860072
Detector voltage =  1640
Sensor voltage =  2012
Target voltage =  1710
Reflectron voltage =  135
Rejection voltage =  2010
Current for HVPS sensor =  2339
Positive current for HVPS sensor =  2704
Negative current for HVPS sensor =  305
Voltage +3.3V reference =  2048
Voltage +3.3V operational reference =  2048
Voltage -6V bus =  3001
Voltage +6V bus =  2625
Voltage +16V bus =  3178
Voltage +3.3V bus =  2056
Voltage -5V bus =  3155
Voltage +5V bus =  3142
Current +3.3V bus =  1688
Current +16V bus =  1140
Current +6V bus =  1488
Current -6V bus =  1140
Current +5V bus =  1865
Current -5V bus =  3288
Current +2.5V bus =  452
Current -2.5V bus =  2945
Current on the 1V POL =  849
Current on the 1.9V POL =  1279
ProcBd Temperature 1 =  1199
ProcBd Temperature 2 =  1561
Voltage on 1V bus =  1242
FPGA Temperature =  2564
Voltage on 1.9V bus =  2328
Voltage on 3.3V bus =  2040
var_to_row = {'Last measurement in raw DN for Processor Board signal “1V POL Current”': 0, 'Last measurement in raw DN for Processor Board signal “1.9V POL Current”': 1, 'Last measurement in raw DN for Processor Board signal “ProcBd Temp1”': 2, nan: 48, 'Last measurement in raw DN for Processor Board signal “ProcBd Temp2”': 6, 'Last measurement in raw DN for Processor Board signal “1V Voltage”': 10, 'Last measurement in raw DN for Processor Board signal “FPGA Temp”': 11, 'Last measurement in raw DN for Processor Board signal “1.9V Voltage”': 12, 'Last measurement in raw DN for Processor Board signal “3.3V Voltage”': 13, 'Last measurement in raw DN for HVPS Board signal “Detector Voltage”': 14, 'Last measurement in raw DN for HVPS Board signal “Sensor Voltage"': 15, 'Last measurement in raw DN for HVPS Board signal “Target Voltage”': 16, 'Last measurement in raw DN for HVPS Board signal “Reflectron Voltage”': 17, 'Last measurement in raw DN for HVPS Board signal “Rejection Voltage”': 18, 'Last measurement in raw DN for HVPS Board signal “Detector Current”': 19, 'Last measurement in raw DN for HVPS Board signal “Sensor IP”': 20, 'Last measurement in raw DN for HVPS Board signal “Sensor IN”': 21, 'Last measurement in raw DN for LVPS Board signal “P3.3VREF_HK”': 22, 'Last measurement in raw DN for LVPS Board signal “P3.3VREF_OP”': 23, 'Last measurement in raw DN for LVPS Board signal “N6V”': 24, 'Last measurement in raw DN for LVPS Board signal “P6V”': 25, 'Last measurement in raw DN for LVPS Board signal “P16V”': 26, 'Last measurement in raw DN for LVPS Board signal “P3.3V”': 27, 'Last measurement in raw DN for LVPS Board signal “N5V”': 28, 'Last measurement in raw DN for LVPS Board signal “P5V”': 29, 'Last measurement in raw DN for LVPS Board signal “P3.3_IMON”': 30, 'Last measurement in raw DN for LVPS Board signal “P16V_IMON”': 31, 'Last measurement in raw DN for LVPS Board signal “P6V_IMON”': 32, 'Last measurement in raw DN for LVPS Board signal “N6V_IMON”': 33, 'Last measurement in raw DN for LVPS Board signal “P5V_IMON”': 34, 'Last measurement in raw DN for LVPS Board signal “N5V_IMON”': 35, 'Last measurement in raw DN for LVPS Board signal “P2.5V_IMON”': 36, 'Last measurement in raw DN for LVPS Board signal “N2.5V_IMON”': 37, 'Last measurement in raw DN for LVPS Board signal “THERM_DECON0”': 38, 'Last measurement in raw DN for LVPS Board signal “THERM_DECON1”': 39, 'Last measurement in raw DN for LVPS Board signal “THERM_DAB”': 40, 'Last measurement in raw DN for LVPS Board signal “THERM_LVPS”': 41, 'Last measurement in raw DN for LVPS Board signal “THERM_HVPS”': 45, 'Last measurement in raw DN for LVPS Board signal “P2.5V”': 49, 'Last measurement in raw DN for LVPS Board signal “N2.5V”': 50, 'Last measurement in raw DN for LVPS Board signal “Spare”': 51}

 
 ***** var_name being converted for each instrument setting ***** 
 

Matching row  18
coeffs for Last measurement in raw DN for Processor Board signal “1V POL Current”= [0.0 0.9029253 0.0 0.0 0.0 0.0 0.0 0.0]
var_name = Last measurement in raw DN for Processor Board signal “1V POL Current”
var_name = current_1V_pol
Header info = 849
Transformed value for current_1V_pol = 766.5835797000001
Matching row  18
coeffs for Last measurement in raw DN for Processor Board signal “1.9V POL Current”= [0.0 0.9029253 0.0 0.0 0.0 0.0 0.0 0.0]
var_name = Last measurement in raw DN for Processor Board signal “1.9V POL Current”
var_name = current_1.9V_pol
Header info = 1279
Transformed value for current_1.9V_pol = 1154.8414587
Matching row  18
coeffs for Last measurement in raw DN for Processor Board signal “ProcBd Temp1”= [162.8276 -0.2668687 0.0003323794 -2.43153e-07 9.034532e-11 -1.327735e-14
 0.0 0.0]
var_name = Last measurement in raw DN for Processor Board signal “ProcBd Temp1”
var_name = temperature_1
Header info = 1199
Transformed value for temperature_1 = 55.37765199321684
Matching row  18
coeffs for nan= [-104713.9 52.02446 -0.006463374 0.0 0.0 0.0 0.0 0.0]
var_name = nan
var_name = None
KeyError: (5, None) - Could not find entry for None, 48. Please check the Var_notes or variable mapping.
Matching row  18
coeffs for Last measurement in raw DN for Processor Board signal “ProcBd Temp2”= [162.8276 -0.2668687 0.0003323794 -2.43153e-07 9.034532e-11 -1.327735e-14
 0.0 0.0]
var_name = Last measurement in raw DN for Processor Board signal “ProcBd Temp2”
var_name = temperature_2
Header info = 1561
Transformed value for temperature_2 = 44.64778748986298
Matching row  18
coeffs for Last measurement in raw DN for Processor Board signal “1V Voltage”= [0.0 0.000805861 0.0 0.0 0.0 0.0 0.0 0.0]
var_name = Last measurement in raw DN for Processor Board signal “1V Voltage”
var_name = voltage_1V_bus
Header info = 1242
Transformed value for voltage_1V_bus = 1.0008793619999998
Matching row  18
coeffs for Last measurement in raw DN for Processor Board signal “FPGA Temp”= [358.31 -0.1187104 0.0 0.0 0.0 0.0 0.0 0.0]
var_name = Last measurement in raw DN for Processor Board signal “FPGA Temp”
var_name = fpga_temperature
Header info = 2564
Transformed value for fpga_temperature = 53.93653440000003
Matching row  18
coeffs for Last measurement in raw DN for Processor Board signal “1.9V Voltage”= [0.0 0.000805861 0.0 0.0 0.0 0.0 0.0 0.0]
var_name = Last measurement in raw DN for Processor Board signal “1.9V Voltage”
var_name = voltage_1.9V_bus
Header info = 2328
Transformed value for voltage_1.9V_bus = 1.8760444079999998
Matching row  18
coeffs for Last measurement in raw DN for Processor Board signal “3.3V Voltage”= [0.0 0.001611722 0.0 0.0 0.0 0.0 0.0 0.0]
var_name = Last measurement in raw DN for Processor Board signal “3.3V Voltage”
var_name = voltage_3.3V_bus
Header info = 2040
Transformed value for voltage_3.3V_bus = 3.28791288
Matching row  18
coeffs for Last measurement in raw DN for HVPS Board signal “Detector Voltage”= [0.0 1.4652 0.0 0.0 0.0 0.0 0.0 0.0]
var_name = Last measurement in raw DN for HVPS Board signal “Detector Voltage”
var_name = detector_voltage
Header info = 1640
Transformed value for detector_voltage = 2402.928
Matching row  18
coeffs for Last measurement in raw DN for HVPS Board signal “Sensor Voltage"= [0.0 1.4652 0.0 0.0 0.0 0.0 0.0 0.0]
var_name = Last measurement in raw DN for HVPS Board signal “Sensor Voltage"
var_name = sensor_voltage
Header info = 2012
Transformed value for sensor_voltage = 2947.9824000000003
Matching row  18
coeffs for Last measurement in raw DN for HVPS Board signal “Target Voltage”= [0.0 1.4652 0.0 0.0 0.0 0.0 0.0 0.0]
var_name = Last measurement in raw DN for HVPS Board signal “Target Voltage”
var_name = target_voltage
Header info = 1710
Transformed value for target_voltage = 2505.492
Matching row  18
coeffs for Last measurement in raw DN for HVPS Board signal “Reflectron Voltage”= [0.0 1.4652 0.0 0.0 0.0 0.0 0.0 0.0]
var_name = Last measurement in raw DN for HVPS Board signal “Reflectron Voltage”
var_name = reflectron_voltage
Header info = 135
Transformed value for reflectron_voltage = 197.80200000000002
Matching row  18
coeffs for Last measurement in raw DN for HVPS Board signal “Rejection Voltage”= [0.0 1.4652 0.0 0.0 0.0 0.0 0.0 0.0]
var_name = Last measurement in raw DN for HVPS Board signal “Rejection Voltage”
var_name = rejection_voltage
Header info = 2010
Transformed value for rejection_voltage = 2945.052
Matching row  18
coeffs for Last measurement in raw DN for HVPS Board signal “Detector Current”= [0.0 7.326e-06 0.0 0.0 0.0 0.0 0.0 0.0]
var_name = Last measurement in raw DN for HVPS Board signal “Detector Current”
var_name = current_hvps_sensor
Header info = 2339
Transformed value for current_hvps_sensor = 0.017135514
Matching row  18
coeffs for Last measurement in raw DN for HVPS Board signal “Sensor IP”= [0.0 2.4339e-05 0.0 0.0 0.0 0.0 0.0 0.0]
var_name = Last measurement in raw DN for HVPS Board signal “Sensor IP”
var_name = positive_current_hvps
Header info = 2704
Transformed value for positive_current_hvps = 0.065812656
Matching row  18
coeffs for Last measurement in raw DN for HVPS Board signal “Sensor IN”= [0.0 2.4339e-05 0.0 0.0 0.0 0.0 0.0 0.0]
var_name = Last measurement in raw DN for HVPS Board signal “Sensor IN”
var_name = negative_current_hvps
Header info = 305
Transformed value for negative_current_hvps = 0.007423394999999999
Matching row  18
coeffs for Last measurement in raw DN for LVPS Board signal “P3.3VREF_HK”= [0.0 0.00161172 0.0 0.0 0.0 0.0 0.0 0.0]
var_name = Last measurement in raw DN for LVPS Board signal “P3.3VREF_HK”
var_name = voltage_3V3_ref
Header info = 2048
Transformed value for voltage_3V3_ref = 3.30080256
Matching row  18
coeffs for Last measurement in raw DN for LVPS Board signal “P3.3VREF_OP”= [0.0 0.00161172 0.0 0.0 0.0 0.0 0.0 0.0]
var_name = Last measurement in raw DN for LVPS Board signal “P3.3VREF_OP”
var_name = voltage_3V3_op_ref
Header info = 2048
Transformed value for voltage_3V3_op_ref = 3.30080256
Matching row  18
coeffs for Last measurement in raw DN for LVPS Board signal “N6V”= [-33.0 0.00886447 0.0 0.0 0.0 0.0 0.0 0.0]
var_name = Last measurement in raw DN for LVPS Board signal “N6V”
var_name = voltage_neg6V_bus
Header info = 3001
Transformed value for voltage_neg6V_bus = -6.397725530000002
Matching row  18
coeffs for Last measurement in raw DN for LVPS Board signal “P6V”= [0.0 0.00241758 0.0 0.0 0.0 0.0 0.0 0.0]
var_name = Last measurement in raw DN for LVPS Board signal “P6V”
var_name = voltage_pos6V_bus
Header info = 2625
Transformed value for voltage_pos6V_bus = 6.3461475
Matching row  18
coeffs for Last measurement in raw DN for LVPS Board signal “P16V”= [0.0 0.00482711 0.0 0.0 0.0 0.0 0.0 0.0]
var_name = Last measurement in raw DN for LVPS Board signal “P16V”
var_name = voltage_pos16V_bus
Header info = 3178
Transformed value for voltage_pos16V_bus = 15.34055558
Matching row  18
coeffs for Last measurement in raw DN for LVPS Board signal “P3.3V”= [0.0 0.00161172 0.0 0.0 0.0 0.0 0.0 0.0]
var_name = Last measurement in raw DN for LVPS Board signal “P3.3V”
var_name = voltage_pos3V3_bus
Header info = 2056
Transformed value for voltage_pos3V3_bus = 3.31369632
Matching row  18
coeffs for Last measurement in raw DN for LVPS Board signal “N5V”= [-33.0 0.00886447 0.0 0.0 0.0 0.0 0.0 0.0]
var_name = Last measurement in raw DN for LVPS Board signal “N5V”
var_name = voltage_neg5V_bus
Header info = 3155
Transformed value for voltage_neg5V_bus = -5.032597150000001
Matching row  18
coeffs for Last measurement in raw DN for LVPS Board signal “P5V”= [0.0 0.00161172 0.0 0.0 0.0 0.0 0.0 0.0]
var_name = Last measurement in raw DN for LVPS Board signal “P5V”
var_name = voltage_pos5V_bus
Header info = 3142
Transformed value for voltage_pos5V_bus = 5.06402424
Matching row  18
coeffs for Last measurement in raw DN for LVPS Board signal “P3.3_IMON”= [0.0 0.00161172 0.0 0.0 0.0 0.0 0.0 0.0]
var_name = Last measurement in raw DN for LVPS Board signal “P3.3_IMON”
var_name = current_3V3_bus
Header info = 1688
Transformed value for current_3V3_bus = 2.72058336
Matching row  18
coeffs for Last measurement in raw DN for LVPS Board signal “P16V_IMON”= [0.0 0.000161172 0.0 0.0 0.0 0.0 0.0 0.0]
var_name = Last measurement in raw DN for LVPS Board signal “P16V_IMON”
var_name = current_16V_bus
Header info = 1140
Transformed value for current_16V_bus = 0.18373608
Matching row  18
coeffs for Last measurement in raw DN for LVPS Board signal “P6V_IMON”= [0.0 8.05861e-05 0.0 0.0 0.0 0.0 0.0 0.0]
var_name = Last measurement in raw DN for LVPS Board signal “P6V_IMON”
var_name = current_6V_bus
Header info = 1488
Transformed value for current_6V_bus = 0.1199121168
Matching row  18
coeffs for Last measurement in raw DN for LVPS Board signal “N6V_IMON”= [0.0 -8.05861e-05 0.0 0.0 0.0 0.0 0.0 0.0]
var_name = Last measurement in raw DN for LVPS Board signal “N6V_IMON”
var_name = current_neg6V_bus
Header info = 1140
Transformed value for current_neg6V_bus = -0.091868154
Matching row  18
coeffs for Last measurement in raw DN for LVPS Board signal “P5V_IMON”= [0.0 4.029304e-05 0.0 0.0 0.0 0.0 0.0 0.0]
var_name = Last measurement in raw DN for LVPS Board signal “P5V_IMON”
var_name = current_5V_bus
Header info = 1865
Transformed value for current_5V_bus = 0.0751465196
Matching row  18
coeffs for Last measurement in raw DN for LVPS Board signal “N5V_IMON”= [0.0 -2.01465e-05 0.0 0.0 0.0 0.0 0.0 0.0]
var_name = Last measurement in raw DN for LVPS Board signal “N5V_IMON”
var_name = current_neg5V_bus
Header info = 3288
Transformed value for current_neg5V_bus = -0.066241692
Matching row  18
coeffs for Last measurement in raw DN for LVPS Board signal “P2.5V_IMON”= [0.0 0.00161172 0.0 0.0 0.0 0.0 0.0 0.0]
var_name = Last measurement in raw DN for LVPS Board signal “P2.5V_IMON”
var_name = current_2V5_bus
Header info = 452
Transformed value for current_2V5_bus = 0.72849744
Matching row  18
coeffs for Last measurement in raw DN for LVPS Board signal “N2.5V_IMON”= [0.0 -4.0293e-05 0.0 0.0 0.0 0.0 0.0 0.0]
var_name = Last measurement in raw DN for LVPS Board signal “N2.5V_IMON”
var_name = current_neg2V5_bus
Header info = 2945
Transformed value for current_neg2V5_bus = -0.11866288500000001
Matching row  18
coeffs for Last measurement in raw DN for LVPS Board signal “THERM_DECON0”= [-110.293 0.0665351 0.000305738 -6.32048e-07 5.9934e-10 -2.98784e-13
 7.61361e-17 -7.76467e-21]
var_name = Last measurement in raw DN for LVPS Board signal “THERM_DECON0”
var_name = None
KeyError: (5, None) - Could not find entry for None, 38. Please check the Var_notes or variable mapping.
Matching row  18
coeffs for Last measurement in raw DN for LVPS Board signal “THERM_DECON1”= [-150.478 0.376986 -0.00062072 7.73853e-07 -5.81588e-10 2.56368e-13
 -6.05698e-17 5.96635e-21]
var_name = Last measurement in raw DN for LVPS Board signal “THERM_DECON1”
var_name = None
KeyError: (5, None) - Could not find entry for None, 39. Please check the Var_notes or variable mapping.
Matching row  18
coeffs for Last measurement in raw DN for LVPS Board signal “THERM_DAB”= [-443.248 1.31224 -0.00180422 1.40016e-06 -6.43766e-10 1.7448e-13
 -2.57695e-17 1.60239e-21]
var_name = Last measurement in raw DN for LVPS Board signal “THERM_DAB”
var_name = None
KeyError: (5, None) - Could not find entry for None, 40. Please check the Var_notes or variable mapping.
Matching row  18
coeffs for Last measurement in raw DN for LVPS Board signal “THERM_LVPS”= [200.4137 -0.2020699 0.000175403 -9.739547e-08 2.888932e-11 -3.545603e-15
 0.0 0.0]
var_name = Last measurement in raw DN for LVPS Board signal “THERM_LVPS”
var_name = None
KeyError: (5, None) - Could not find entry for None, 41. Please check the Var_notes or variable mapping.
Matching row  18
coeffs for Last measurement in raw DN for LVPS Board signal “THERM_HVPS”= [200.4137 -0.2020699 0.000175403 -9.739547e-08 2.888932e-11 -3.545603e-15
 0.0 0.0]
var_name = Last measurement in raw DN for LVPS Board signal “THERM_HVPS”
var_name = None
KeyError: (5, None) - Could not find entry for None, 45. Please check the Var_notes or variable mapping.
Matching row  18
coeffs for Last measurement in raw DN for LVPS Board signal “P2.5V”= [0.0 0.00161172 0.0 0.0 0.0 0.0 0.0 0.0]
var_name = Last measurement in raw DN for LVPS Board signal “P2.5V”
var_name = None
KeyError: (5, None) - Could not find entry for None, 49. Please check the Var_notes or variable mapping.
Matching row  18
coeffs for Last measurement in raw DN for LVPS Board signal “N2.5V”= [-33.0 0.00886447 0.0 0.0 0.0 0.0 0.0 0.0]
var_name = Last measurement in raw DN for LVPS Board signal “N2.5V”
var_name = None
KeyError: (5, None) - Could not find entry for None, 50. Please check the Var_notes or variable mapping.
Matching row  18
coeffs for Last measurement in raw DN for LVPS Board signal “Spare”= [0.0 0.00161172 0.0 0.0 0.0 0.0 0.0 0.0]
var_name = Last measurement in raw DN for LVPS Board signal “Spare”
var_name = spare_signal
KeyError: (5, 'spare_signal') - Could not find entry for spare_signal, 51. Please check the Var_notes or variable mapping.
High gain delay = 84 samples.
Mid gain delay = 55 samples.
Low gain delay = 55 samples.
High sampling trigger mode =  0 0 1
High gain trigger mode enabled.
For 2222981120, HG Trigger level = 0.15317, sample settings = 0, 0
Threshold trigger mode enabled for high gain channel.
AID = 2415277392
Event number = 86
Rice compression enabled = False
Timestamp = 439515546.67902 seconds since epoch (Midnight January 1st, 2010)
Trigger time = 2023-12-05T23:39:06.679020Z
5
5
5
5
5
5
5
5
5
5
5
5
5
{'SHCOARSE': ParsedDataItem(SHCOARSE, raw=439515736, derived=439515736, unit=dn), 'SHFINE': ParsedDataItem(SHFINE, raw=9139, derived=9139, unit=dn), 'IDX__SCI0AID': ParsedDataItem(IDX__SCI0AID, raw=2415277392, derived=2415277392, unit=None), 'IDX__SCI0TYPE': ParsedDataItem(IDX__SCI0TYPE, raw=1, derived=1, unit=None), 'IDX__SCI0CONT': ParsedDataItem(IDX__SCI0CONT, raw=127, derived=127, unit=None), 'IDX__SCI0SPARE1': ParsedDataItem(IDX__SCI0SPARE1, raw=0, derived=0, unit=None), 'IDX__SCI0PACK': ParsedDataItem(IDX__SCI0PACK, raw=1, derived=EN, unit=None), 'IDX__SCI0FRAG': ParsedDataItem(IDX__SCI0FRAG, raw=0, derived=DS, unit=None), 'IDX__SCI0COMP': ParsedDataItem(IDX__SCI0COMP, raw=0, derived=DS, unit=None), 'IDX__SCI0EVTNUM': ParsedDataItem(IDX__SCI0EVTNUM, raw=87, derived=87, unit=None), 'IDX__SCI0CAT': ParsedDataItem(IDX__SCI0CAT, raw=32, derived=32, unit=None), 'IDX__SCI0QUAL': ParsedDataItem(IDX__SCI0QUAL, raw=5, derived=5, unit=None), 'IDX__SCI0FRAGOFF': ParsedDataItem(IDX__SCI0FRAGOFF, raw=0, derived=0, unit=None), 'IDX__SCI0VER': ParsedDataItem(IDX__SCI0VER, raw=9, derived=9, unit=None), 'IDX__SCI0TIME32': ParsedDataItem(IDX__SCI0TIME32, raw=439515547, derived=439515547, unit=None), 'IDX__SCI0SPARE2': ParsedDataItem(IDX__SCI0SPARE2, raw=0, derived=0, unit=None), 'IDX__SCI0SPARE3': ParsedDataItem(IDX__SCI0SPARE3, raw=0, derived=0, unit=None), 'IDX__SCI0SPARE4': ParsedDataItem(IDX__SCI0SPARE4, raw=0, derived=0, unit=None), 'IDX__TXHDRSCIEVTLEN': ParsedDataItem(IDX__TXHDRSCIEVTLEN, raw=8320, derived=8320, unit=None), 'IDX__TXHDRSP00': ParsedDataItem(IDX__TXHDRSP00, raw=0, derived=0, unit=None), 'IDX__TXHDRTIMESEC1': ParsedDataItem(IDX__TXHDRTIMESEC1, raw=6706, derived=6706, unit=None), 'IDX__TXHDRTIMESEC2': ParsedDataItem(IDX__TXHDRTIMESEC2, raw=31131, derived=31131, unit=None), 'IDX__TXHDRTIMESUBS': ParsedDataItem(IDX__TXHDRTIMESUBS, raw=33948, derived=33948, unit=None), 'IDX__TXHDRSP01': ParsedDataItem(IDX__TXHDRSP01, raw=0, derived=0, unit=None), 'IDX__TXHDRTRIGOFFSET': ParsedDataItem(IDX__TXHDRTRIGOFFSET, raw=6, derived=6, unit=None), 'IDX__TXHDRSP02': ParsedDataItem(IDX__TXHDRSP02, raw=0, derived=0, unit=None), 'IDX__TXHDRTRIGID': ParsedDataItem(IDX__TXHDRTRIGID, raw=1, derived=1, unit=None), 'IDX__TXHDREVTNUM': ParsedDataItem(IDX__TXHDREVTNUM, raw=87, derived=87, unit=None), 'IDX__TXHDRBLOCKS': ParsedDataItem(IDX__TXHDRBLOCKS, raw=243679, derived=243679, unit=None), 'IDX__TXHDRHGTRIGCTRL1': ParsedDataItem(IDX__TXHDRHGTRIGCTRL1, raw=2222981120, derived=2222981120, unit=None), 'IDX__TXHDRHGTRIGCTRL2': ParsedDataItem(IDX__TXHDRHGTRIGCTRL2, raw=0, derived=0, unit=None), 'IDX__TXHDRLGTRIGCTRL1': ParsedDataItem(IDX__TXHDRLGTRIGCTRL1, raw=4294965248, derived=4294965248, unit=None), 'IDX__TXHDRLGTRIGCTRL2': ParsedDataItem(IDX__TXHDRLGTRIGCTRL2, raw=4278255360, derived=4278255360, unit=None), 'IDX__TXHDRMGTRIGCTRL1': ParsedDataItem(IDX__TXHDRMGTRIGCTRL1, raw=4294965248, derived=4294965248, unit=None), 'IDX__TXHDRMGTRIGCTRL2': ParsedDataItem(IDX__TXHDRMGTRIGCTRL2, raw=4278255360, derived=4278255360, unit=None), 'IDX__TXHDRSP03': ParsedDataItem(IDX__TXHDRSP03, raw=0, derived=0, unit=None), 'IDX__TXHDRLSADC': ParsedDataItem(IDX__TXHDRLSADC, raw=1048320, derived=1048320, unit=None), 'IDX__TXHDRPOLSTAT': ParsedDataItem(IDX__TXHDRPOLSTAT, raw=1, derived=NEG, unit=None), 'IDX__TXHDRSP04': ParsedDataItem(IDX__TXHDRSP04, raw=0, derived=0, unit=None), 'IDX__TXHDRPOLCTRL': ParsedDataItem(IDX__TXHDRPOLCTRL, raw=0, derived=POS, unit=None), 'IDX__TXHDRCOINENA': ParsedDataItem(IDX__TXHDRCOINENA, raw=0, derived=DIS, unit=None), 'IDX__TXHDRLSTRIGMODE': ParsedDataItem(IDX__TXHDRLSTRIGMODE, raw=0, derived=DIS, unit=None), 'IDX__TXHDRMGTRIGMODE': ParsedDataItem(IDX__TXHDRMGTRIGMODE, raw=0, derived=0, unit=None), 'IDX__TXHDRLGTRIGMODE': ParsedDataItem(IDX__TXHDRLGTRIGMODE, raw=0, derived=0, unit=None), 'IDX__TXHDRHGTRIGMODE': ParsedDataItem(IDX__TXHDRHGTRIGMODE, raw=1, derived=1, unit=None), 'IDX__TXHDRSP05': ParsedDataItem(IDX__TXHDRSP05, raw=0, derived=0, unit=None), 'IDX__TXHDRSP06': ParsedDataItem(IDX__TXHDRSP06, raw=0, derived=0, unit=None), 'IDX__TXHDRSP07': ParsedDataItem(IDX__TXHDRSP07, raw=2021, derived=2021, unit=None), 'IDX__TXHDRSP08': ParsedDataItem(IDX__TXHDRSP08, raw=0, derived=0, unit=None), 'IDX__TXHDRTOFMAX': ParsedDataItem(IDX__TXHDRTOFMAX, raw=547887999, derived=547887999, unit=None), 'IDX__TXHDRTOFMIN': ParsedDataItem(IDX__TXHDRTOFMIN, raw=535295475, derived=535295475, unit=None), 'IDX__TXHDRLS0MAXMIN': ParsedDataItem(IDX__TXHDRLS0MAXMIN, raw=8468493, derived=8468493, unit=None), 'IDX__TXHDRLS1MAXMIN': ParsedDataItem(IDX__TXHDRLS1MAXMIN, raw=8452073, derived=8452073, unit=None), 'IDX__TXHDRLS2MAXMIN': ParsedDataItem(IDX__TXHDRLS2MAXMIN, raw=8325092, derived=8325092, unit=None), 'IDX__TXHDRFIFODELAY': ParsedDataItem(IDX__TXHDRFIFODELAY, raw=16, derived=16, unit=None), 'IDX__TXHDRSAMPDELAY': ParsedDataItem(IDX__TXHDRSAMPDELAY, raw=49331278, derived=49331278, unit=None), 'IDX__TXHDRTRANSCNT': ParsedDataItem(IDX__TXHDRTRANSCNT, raw=6, derived=6, unit=None), 'IDX__TXHDRPROCHKCH01': ParsedDataItem(IDX__TXHDRPROCHKCH01, raw=83821392, derived=83821392, unit=None), 'IDX__TXHDRPROCHKCH23': ParsedDataItem(IDX__TXHDRPROCHKCH23, raw=102302895, derived=102302895, unit=None), 'IDX__TXHDRPROCHKCH45': ParsedDataItem(IDX__TXHDRPROCHKCH45, raw=167970010, derived=167970010, unit=None), 'IDX__TXHDRPROCHKCH67': ParsedDataItem(IDX__TXHDRPROCHKCH67, raw=133695768, derived=133695768, unit=None), 'IDX__TXHDRHVPSHKCH01': ParsedDataItem(IDX__TXHDRHVPSHKCH01, raw=131860073, derived=131860073, unit=None), 'IDX__TXHDRHVPSHKCH23': ParsedDataItem(IDX__TXHDRHVPSHKCH23, raw=8849070, derived=8849070, unit=None), 'IDX__TXHDRHVPSHKCH45': ParsedDataItem(IDX__TXHDRHVPSHKCH45, raw=153290714, derived=153290714, unit=None), 'IDX__TXHDRHVPSHKCH67': ParsedDataItem(IDX__TXHDRHVPSHKCH67, raw=19991184, derived=19991184, unit=None), 'IDX__TXHDRLVHK0CH01': ParsedDataItem(IDX__TXHDRLVHK0CH01, raw=134219776, derived=134219776, unit=None), 'IDX__TXHDRLVHK0CH23': ParsedDataItem(IDX__TXHDRLVHK0CH23, raw=172035001, derived=172035001, unit=None), 'IDX__TXHDRLVHK0CH45': ParsedDataItem(IDX__TXHDRLVHK0CH45, raw=134745194, derived=134745194, unit=None), 'IDX__TXHDRLVHK0CH67': ParsedDataItem(IDX__TXHDRLVHK0CH67, raw=205917266, derived=205917266, unit=None), 'IDX__TXHDRLVHK1CH01': ParsedDataItem(IDX__TXHDRLVHK1CH01, raw=34801304, derived=34801304, unit=None), 'IDX__TXHDRLVHK1CH23': ParsedDataItem(IDX__TXHDRLVHK1CH23, raw=74712528, derived=74712528, unit=None), 'IDX__TXHDRLVHK1CH45': ParsedDataItem(IDX__TXHDRLVHK1CH45, raw=215484233, derived=215484233, unit=None), 'IDX__TXHDRLVHK1CH67': ParsedDataItem(IDX__TXHDRLVHK1CH67, raw=193003972, derived=193003972, unit=None), 'IDX__TXHDRLVHK2CH01': ParsedDataItem(IDX__TXHDRLVHK2CH01, raw=82314476, derived=82314476, unit=None), 'IDX__TXHDRLVHK2CH23': ParsedDataItem(IDX__TXHDRLVHK2CH23, raw=188680970, derived=188680970, unit=None), 'IDX__TXHDRLVHK2CH45': ParsedDataItem(IDX__TXHDRLVHK2CH45, raw=100994069, derived=100994069, unit=None), 'IDX__TXHDRLVHK2CH67': ParsedDataItem(IDX__TXHDRLVHK2CH67, raw=69016, derived=69016, unit=None), 'IDX__TXHDRSP09': ParsedDataItem(IDX__TXHDRSP09, raw=0, derived=0, unit=None), 'IDX__TXHDRSP10': ParsedDataItem(IDX__TXHDRSP10, raw=0, derived=0, unit=None), 'IDX__TXHDRFSWAIDCOPY': ParsedDataItem(IDX__TXHDRFSWAIDCOPY, raw=2415277392, derived=2415277392, unit=None), 'IDX__TXHDRFSWBINCOPY': ParsedDataItem(IDX__TXHDRFSWBINCOPY, raw=0, derived=0, unit=None), 'IDX__TXHDRFSWMAJOR': ParsedDataItem(IDX__TXHDRFSWMAJOR, raw=2, derived=2, unit=None), 'IDX__TXHDRFSWMINOR': ParsedDataItem(IDX__TXHDRFSWMINOR, raw=0, derived=0, unit=None), 'IDX__TXHDRFSWPATCH': ParsedDataItem(IDX__TXHDRFSWPATCH, raw=0, derived=0, unit=None), 'IDX__TXHDRFSWHVSTAT': ParsedDataItem(IDX__TXHDRFSWHVSTAT, raw=3, derived=3, unit=None), 'IDX__TXHDRFSWMEM0': ParsedDataItem(IDX__TXHDRFSWMEM0, raw=0, derived=0, unit=None), 'IDX__TXHDRFSWMEM1': ParsedDataItem(IDX__TXHDRFSWMEM1, raw=0, derived=0, unit=None), 'IDX__TXHDRFSWPT0': ParsedDataItem(IDX__TXHDRFSWPT0, raw=0, derived=0, unit=None), 'IDX__TXHDRFSWPT1': ParsedDataItem(IDX__TXHDRFSWPT1, raw=0, derived=0, unit=None), 'IDX__TXHDRFSWPT2': ParsedDataItem(IDX__TXHDRFSWPT2, raw=0, derived=0, unit=None), 'IDX__TXHDRFSWPT3': ParsedDataItem(IDX__TXHDRFSWPT3, raw=0, derived=0, unit=None), 'IDX__TXHDRFSWPT4': ParsedDataItem(IDX__TXHDRFSWPT4, raw=0, derived=0, unit=None), 'IDX__TXHDRFSWPT5': ParsedDataItem(IDX__TXHDRFSWPT5, raw=0, derived=0, unit=None), 'IDX__TXHDRFSWPT6': ParsedDataItem(IDX__TXHDRFSWPT6, raw=0, derived=0, unit=None), 'IDX__TXHDRFSWPT7': ParsedDataItem(IDX__TXHDRFSWPT7, raw=0, derived=0, unit=None), 'IDX__TXHDRFSWPT8': ParsedDataItem(IDX__TXHDRFSWPT8, raw=0, derived=0, unit=None), 'IDX__TXHDRFSWPT9': ParsedDataItem(IDX__TXHDRFSWPT9, raw=0, derived=0, unit=None), 'IDX__TXHDRFPGAVER': ParsedDataItem(IDX__TXHDRFPGAVER, raw=539165480, derived=539165480, unit=None), 'IDX__SYNCSCI0PKT': ParsedDataItem(IDX__SYNCSCI0PKT, raw=13107, derived=13107, unit=None), 'IDX__CRCSCI0PKT': ParsedDataItem(IDX__CRCSCI0PKT, raw=11637, derived=11637, unit=None)}
SHCOARSE = 439515736
SHFINE = 9139
IDX__SCI0AID = 2415277392
IDX__SCI0TYPE = 1
IDX__SCI0CONT = 127
IDX__SCI0SPARE1 = 0
IDX__SCI0PACK = EN
IDX__SCI0FRAG = DS
IDX__SCI0COMP = DS
IDX__SCI0EVTNUM = 87
IDX__SCI0CAT = 32
IDX__SCI0QUAL = 5
IDX__SCI0FRAGOFF = 0
IDX__SCI0VER = 9
IDX__SCI0TIME32 = 439515547
IDX__SCI0SPARE2 = 0
IDX__SCI0SPARE3 = 0
IDX__SCI0SPARE4 = 0
IDX__TXHDRSCIEVTLEN = 8320
IDX__TXHDRSP00 = 0
IDX__TXHDRTIMESEC1 = 6706
IDX__TXHDRTIMESEC2 = 31131
IDX__TXHDRTIMESUBS = 33948
IDX__TXHDRSP01 = 0
IDX__TXHDRTRIGOFFSET = 6
IDX__TXHDRSP02 = 0
IDX__TXHDRTRIGID = 1
IDX__TXHDREVTNUM = 87
IDX__TXHDRBLOCKS = 243679
IDX__TXHDRHGTRIGCTRL1 = 2222981120
IDX__TXHDRHGTRIGCTRL2 = 0
IDX__TXHDRLGTRIGCTRL1 = 4294965248
IDX__TXHDRLGTRIGCTRL2 = 4278255360
IDX__TXHDRMGTRIGCTRL1 = 4294965248
IDX__TXHDRMGTRIGCTRL2 = 4278255360
IDX__TXHDRSP03 = 0
IDX__TXHDRLSADC = 1048320
IDX__TXHDRPOLSTAT = NEG
IDX__TXHDRSP04 = 0
IDX__TXHDRPOLCTRL = POS
IDX__TXHDRCOINENA = DIS
IDX__TXHDRLSTRIGMODE = DIS
IDX__TXHDRMGTRIGMODE = 0
IDX__TXHDRLGTRIGMODE = 0
IDX__TXHDRHGTRIGMODE = 1
IDX__TXHDRSP05 = 0
IDX__TXHDRSP06 = 0
IDX__TXHDRSP07 = 2021
IDX__TXHDRSP08 = 0
IDX__TXHDRTOFMAX = 547887999
IDX__TXHDRTOFMIN = 535295475
IDX__TXHDRLS0MAXMIN = 8468493
IDX__TXHDRLS1MAXMIN = 8452073
IDX__TXHDRLS2MAXMIN = 8325092
IDX__TXHDRFIFODELAY = 16
IDX__TXHDRSAMPDELAY = 49331278
IDX__TXHDRTRANSCNT = 6
IDX__TXHDRPROCHKCH01 = 83821392
IDX__TXHDRPROCHKCH23 = 102302895
IDX__TXHDRPROCHKCH45 = 167970010
IDX__TXHDRPROCHKCH67 = 133695768
IDX__TXHDRHVPSHKCH01 = 131860073
IDX__TXHDRHVPSHKCH23 = 8849070
IDX__TXHDRHVPSHKCH45 = 153290714
IDX__TXHDRHVPSHKCH67 = 19991184
IDX__TXHDRLVHK0CH01 = 134219776
IDX__TXHDRLVHK0CH23 = 172035001
IDX__TXHDRLVHK0CH45 = 134745194
IDX__TXHDRLVHK0CH67 = 205917266
IDX__TXHDRLVHK1CH01 = 34801304
IDX__TXHDRLVHK1CH23 = 74712528
IDX__TXHDRLVHK1CH45 = 215484233
IDX__TXHDRLVHK1CH67 = 193003972
IDX__TXHDRLVHK2CH01 = 82314476
IDX__TXHDRLVHK2CH23 = 188680970
IDX__TXHDRLVHK2CH45 = 100994069
IDX__TXHDRLVHK2CH67 = 69016
IDX__TXHDRSP09 = 0
IDX__TXHDRSP10 = 0
IDX__TXHDRFSWAIDCOPY = 2415277392
IDX__TXHDRFSWBINCOPY = 0
IDX__TXHDRFSWMAJOR = 2
IDX__TXHDRFSWMINOR = 0
IDX__TXHDRFSWPATCH = 0
IDX__TXHDRFSWHVSTAT = 3
IDX__TXHDRFSWMEM0 = 0
IDX__TXHDRFSWMEM1 = 0
IDX__TXHDRFSWPT0 = 0
IDX__TXHDRFSWPT1 = 0
IDX__TXHDRFSWPT2 = 0
IDX__TXHDRFSWPT3 = 0
IDX__TXHDRFSWPT4 = 0
IDX__TXHDRFSWPT5 = 0
IDX__TXHDRFSWPT6 = 0
IDX__TXHDRFSWPT7 = 0
IDX__TXHDRFSWPT8 = 0
IDX__TXHDRFSWPT9 = 0
IDX__TXHDRFPGAVER = 539165480
IDX__SYNCSCI0PKT = 13107
IDX__CRCSCI0PKT = 11637
^*****Event header 6******^
EVTNUM: 6
SCI0TYPE: 1
TXHDRBLOCKS RAW: 243679
TXHDRBLOCKS DERIVED: 243679
-----
HS pre trig sampling blocks:  31
LS pre trig sampling blocks:  3
HS post trig sampling blocks:  31
LS post trig sampling blocks:  11
IDX__TXHDRHVPSHKCH01 = 131860073
Detector voltage =  1641
Sensor voltage =  2012
Target voltage =  1710
Reflectron voltage =  135
Rejection voltage =  2010
Current for HVPS sensor =  2339
Positive current for HVPS sensor =  2704
Negative current for HVPS sensor =  305
Voltage +3.3V reference =  2048
Voltage +3.3V operational reference =  2048
Voltage -6V bus =  3001
Voltage +6V bus =  2625
Voltage +16V bus =  3178
Voltage +3.3V bus =  2056
Voltage -5V bus =  3154
Voltage +5V bus =  3142
Current +3.3V bus =  1688
Current +16V bus =  1140
Current +6V bus =  1488
Current -6V bus =  1140
Current +5V bus =  1865
Current -5V bus =  3288
Current +2.5V bus =  452
Current -2.5V bus =  2945
Current on the 1V POL =  848
Current on the 1.9V POL =  1279
ProcBd Temperature 1 =  1199
ProcBd Temperature 2 =  1561
Voltage on 1V bus =  1242
FPGA Temperature =  2563
Voltage on 1.9V bus =  2328
Voltage on 3.3V bus =  2040
var_to_row = {'Last measurement in raw DN for Processor Board signal “1V POL Current”': 0, 'Last measurement in raw DN for Processor Board signal “1.9V POL Current”': 1, 'Last measurement in raw DN for Processor Board signal “ProcBd Temp1”': 2, nan: 48, 'Last measurement in raw DN for Processor Board signal “ProcBd Temp2”': 6, 'Last measurement in raw DN for Processor Board signal “1V Voltage”': 10, 'Last measurement in raw DN for Processor Board signal “FPGA Temp”': 11, 'Last measurement in raw DN for Processor Board signal “1.9V Voltage”': 12, 'Last measurement in raw DN for Processor Board signal “3.3V Voltage”': 13, 'Last measurement in raw DN for HVPS Board signal “Detector Voltage”': 14, 'Last measurement in raw DN for HVPS Board signal “Sensor Voltage"': 15, 'Last measurement in raw DN for HVPS Board signal “Target Voltage”': 16, 'Last measurement in raw DN for HVPS Board signal “Reflectron Voltage”': 17, 'Last measurement in raw DN for HVPS Board signal “Rejection Voltage”': 18, 'Last measurement in raw DN for HVPS Board signal “Detector Current”': 19, 'Last measurement in raw DN for HVPS Board signal “Sensor IP”': 20, 'Last measurement in raw DN for HVPS Board signal “Sensor IN”': 21, 'Last measurement in raw DN for LVPS Board signal “P3.3VREF_HK”': 22, 'Last measurement in raw DN for LVPS Board signal “P3.3VREF_OP”': 23, 'Last measurement in raw DN for LVPS Board signal “N6V”': 24, 'Last measurement in raw DN for LVPS Board signal “P6V”': 25, 'Last measurement in raw DN for LVPS Board signal “P16V”': 26, 'Last measurement in raw DN for LVPS Board signal “P3.3V”': 27, 'Last measurement in raw DN for LVPS Board signal “N5V”': 28, 'Last measurement in raw DN for LVPS Board signal “P5V”': 29, 'Last measurement in raw DN for LVPS Board signal “P3.3_IMON”': 30, 'Last measurement in raw DN for LVPS Board signal “P16V_IMON”': 31, 'Last measurement in raw DN for LVPS Board signal “P6V_IMON”': 32, 'Last measurement in raw DN for LVPS Board signal “N6V_IMON”': 33, 'Last measurement in raw DN for LVPS Board signal “P5V_IMON”': 34, 'Last measurement in raw DN for LVPS Board signal “N5V_IMON”': 35, 'Last measurement in raw DN for LVPS Board signal “P2.5V_IMON”': 36, 'Last measurement in raw DN for LVPS Board signal “N2.5V_IMON”': 37, 'Last measurement in raw DN for LVPS Board signal “THERM_DECON0”': 38, 'Last measurement in raw DN for LVPS Board signal “THERM_DECON1”': 39, 'Last measurement in raw DN for LVPS Board signal “THERM_DAB”': 40, 'Last measurement in raw DN for LVPS Board signal “THERM_LVPS”': 41, 'Last measurement in raw DN for LVPS Board signal “THERM_HVPS”': 45, 'Last measurement in raw DN for LVPS Board signal “P2.5V”': 49, 'Last measurement in raw DN for LVPS Board signal “N2.5V”': 50, 'Last measurement in raw DN for LVPS Board signal “Spare”': 51}

 
 ***** var_name being converted for each instrument setting ***** 
 

Matching row  18
coeffs for Last measurement in raw DN for Processor Board signal “1V POL Current”= [0.0 0.9029253 0.0 0.0 0.0 0.0 0.0 0.0]
var_name = Last measurement in raw DN for Processor Board signal “1V POL Current”
var_name = current_1V_pol
Header info = 848
Transformed value for current_1V_pol = 765.6806544
Matching row  18
coeffs for Last measurement in raw DN for Processor Board signal “1.9V POL Current”= [0.0 0.9029253 0.0 0.0 0.0 0.0 0.0 0.0]
var_name = Last measurement in raw DN for Processor Board signal “1.9V POL Current”
var_name = current_1.9V_pol
Header info = 1279
Transformed value for current_1.9V_pol = 1154.8414587
Matching row  18
coeffs for Last measurement in raw DN for Processor Board signal “ProcBd Temp1”= [162.8276 -0.2668687 0.0003323794 -2.43153e-07 9.034532e-11 -1.327735e-14
 0.0 0.0]
var_name = Last measurement in raw DN for Processor Board signal “ProcBd Temp1”
var_name = temperature_1
Header info = 1199
Transformed value for temperature_1 = 55.37765199321684
Matching row  18
coeffs for nan= [-104713.9 52.02446 -0.006463374 0.0 0.0 0.0 0.0 0.0]
var_name = nan
var_name = None
KeyError: (6, None) - Could not find entry for None, 48. Please check the Var_notes or variable mapping.
Matching row  18
coeffs for Last measurement in raw DN for Processor Board signal “ProcBd Temp2”= [162.8276 -0.2668687 0.0003323794 -2.43153e-07 9.034532e-11 -1.327735e-14
 0.0 0.0]
var_name = Last measurement in raw DN for Processor Board signal “ProcBd Temp2”
var_name = temperature_2
Header info = 1561
Transformed value for temperature_2 = 44.64778748986298
Matching row  18
coeffs for Last measurement in raw DN for Processor Board signal “1V Voltage”= [0.0 0.000805861 0.0 0.0 0.0 0.0 0.0 0.0]
var_name = Last measurement in raw DN for Processor Board signal “1V Voltage”
var_name = voltage_1V_bus
Header info = 1242
Transformed value for voltage_1V_bus = 1.0008793619999998
Matching row  18
coeffs for Last measurement in raw DN for Processor Board signal “FPGA Temp”= [358.31 -0.1187104 0.0 0.0 0.0 0.0 0.0 0.0]
var_name = Last measurement in raw DN for Processor Board signal “FPGA Temp”
var_name = fpga_temperature
Header info = 2563
Transformed value for fpga_temperature = 54.055244800000025
Matching row  18
coeffs for Last measurement in raw DN for Processor Board signal “1.9V Voltage”= [0.0 0.000805861 0.0 0.0 0.0 0.0 0.0 0.0]
var_name = Last measurement in raw DN for Processor Board signal “1.9V Voltage”
var_name = voltage_1.9V_bus
Header info = 2328
Transformed value for voltage_1.9V_bus = 1.8760444079999998
Matching row  18
coeffs for Last measurement in raw DN for Processor Board signal “3.3V Voltage”= [0.0 0.001611722 0.0 0.0 0.0 0.0 0.0 0.0]
var_name = Last measurement in raw DN for Processor Board signal “3.3V Voltage”
var_name = voltage_3.3V_bus
Header info = 2040
Transformed value for voltage_3.3V_bus = 3.28791288
Matching row  18
coeffs for Last measurement in raw DN for HVPS Board signal “Detector Voltage”= [0.0 1.4652 0.0 0.0 0.0 0.0 0.0 0.0]
var_name = Last measurement in raw DN for HVPS Board signal “Detector Voltage”
var_name = detector_voltage
Header info = 1641
Transformed value for detector_voltage = 2404.3932
Matching row  18
coeffs for Last measurement in raw DN for HVPS Board signal “Sensor Voltage"= [0.0 1.4652 0.0 0.0 0.0 0.0 0.0 0.0]
var_name = Last measurement in raw DN for HVPS Board signal “Sensor Voltage"
var_name = sensor_voltage
Header info = 2012
Transformed value for sensor_voltage = 2947.9824000000003
Matching row  18
coeffs for Last measurement in raw DN for HVPS Board signal “Target Voltage”= [0.0 1.4652 0.0 0.0 0.0 0.0 0.0 0.0]
var_name = Last measurement in raw DN for HVPS Board signal “Target Voltage”
var_name = target_voltage
Header info = 1710
Transformed value for target_voltage = 2505.492
Matching row  18
coeffs for Last measurement in raw DN for HVPS Board signal “Reflectron Voltage”= [0.0 1.4652 0.0 0.0 0.0 0.0 0.0 0.0]
var_name = Last measurement in raw DN for HVPS Board signal “Reflectron Voltage”
var_name = reflectron_voltage
Header info = 135
Transformed value for reflectron_voltage = 197.80200000000002
Matching row  18
coeffs for Last measurement in raw DN for HVPS Board signal “Rejection Voltage”= [0.0 1.4652 0.0 0.0 0.0 0.0 0.0 0.0]
var_name = Last measurement in raw DN for HVPS Board signal “Rejection Voltage”
var_name = rejection_voltage
Header info = 2010
Transformed value for rejection_voltage = 2945.052
Matching row  18
coeffs for Last measurement in raw DN for HVPS Board signal “Detector Current”= [0.0 7.326e-06 0.0 0.0 0.0 0.0 0.0 0.0]
var_name = Last measurement in raw DN for HVPS Board signal “Detector Current”
var_name = current_hvps_sensor
Header info = 2339
Transformed value for current_hvps_sensor = 0.017135514
Matching row  18
coeffs for Last measurement in raw DN for HVPS Board signal “Sensor IP”= [0.0 2.4339e-05 0.0 0.0 0.0 0.0 0.0 0.0]
var_name = Last measurement in raw DN for HVPS Board signal “Sensor IP”
var_name = positive_current_hvps
Header info = 2704
Transformed value for positive_current_hvps = 0.065812656
Matching row  18
coeffs for Last measurement in raw DN for HVPS Board signal “Sensor IN”= [0.0 2.4339e-05 0.0 0.0 0.0 0.0 0.0 0.0]
var_name = Last measurement in raw DN for HVPS Board signal “Sensor IN”
var_name = negative_current_hvps
Header info = 305
Transformed value for negative_current_hvps = 0.007423394999999999
Matching row  18
coeffs for Last measurement in raw DN for LVPS Board signal “P3.3VREF_HK”= [0.0 0.00161172 0.0 0.0 0.0 0.0 0.0 0.0]
var_name = Last measurement in raw DN for LVPS Board signal “P3.3VREF_HK”
var_name = voltage_3V3_ref
Header info = 2048
Transformed value for voltage_3V3_ref = 3.30080256
Matching row  18
coeffs for Last measurement in raw DN for LVPS Board signal “P3.3VREF_OP”= [0.0 0.00161172 0.0 0.0 0.0 0.0 0.0 0.0]
var_name = Last measurement in raw DN for LVPS Board signal “P3.3VREF_OP”
var_name = voltage_3V3_op_ref
Header info = 2048
Transformed value for voltage_3V3_op_ref = 3.30080256
Matching row  18
coeffs for Last measurement in raw DN for LVPS Board signal “N6V”= [-33.0 0.00886447 0.0 0.0 0.0 0.0 0.0 0.0]
var_name = Last measurement in raw DN for LVPS Board signal “N6V”
var_name = voltage_neg6V_bus
Header info = 3001
Transformed value for voltage_neg6V_bus = -6.397725530000002
Matching row  18
coeffs for Last measurement in raw DN for LVPS Board signal “P6V”= [0.0 0.00241758 0.0 0.0 0.0 0.0 0.0 0.0]
var_name = Last measurement in raw DN for LVPS Board signal “P6V”
var_name = voltage_pos6V_bus
Header info = 2625
Transformed value for voltage_pos6V_bus = 6.3461475
Matching row  18
coeffs for Last measurement in raw DN for LVPS Board signal “P16V”= [0.0 0.00482711 0.0 0.0 0.0 0.0 0.0 0.0]
var_name = Last measurement in raw DN for LVPS Board signal “P16V”
var_name = voltage_pos16V_bus
Header info = 3178
Transformed value for voltage_pos16V_bus = 15.34055558
Matching row  18
coeffs for Last measurement in raw DN for LVPS Board signal “P3.3V”= [0.0 0.00161172 0.0 0.0 0.0 0.0 0.0 0.0]
var_name = Last measurement in raw DN for LVPS Board signal “P3.3V”
var_name = voltage_pos3V3_bus
Header info = 2056
Transformed value for voltage_pos3V3_bus = 3.31369632
Matching row  18
coeffs for Last measurement in raw DN for LVPS Board signal “N5V”= [-33.0 0.00886447 0.0 0.0 0.0 0.0 0.0 0.0]
var_name = Last measurement in raw DN for LVPS Board signal “N5V”
var_name = voltage_neg5V_bus
Header info = 3154
Transformed value for voltage_neg5V_bus = -5.041461620000003
Matching row  18
coeffs for Last measurement in raw DN for LVPS Board signal “P5V”= [0.0 0.00161172 0.0 0.0 0.0 0.0 0.0 0.0]
var_name = Last measurement in raw DN for LVPS Board signal “P5V”
var_name = voltage_pos5V_bus
Header info = 3142
Transformed value for voltage_pos5V_bus = 5.06402424
Matching row  18
coeffs for Last measurement in raw DN for LVPS Board signal “P3.3_IMON”= [0.0 0.00161172 0.0 0.0 0.0 0.0 0.0 0.0]
var_name = Last measurement in raw DN for LVPS Board signal “P3.3_IMON”
var_name = current_3V3_bus
Header info = 1688
Transformed value for current_3V3_bus = 2.72058336
Matching row  18
coeffs for Last measurement in raw DN for LVPS Board signal “P16V_IMON”= [0.0 0.000161172 0.0 0.0 0.0 0.0 0.0 0.0]
var_name = Last measurement in raw DN for LVPS Board signal “P16V_IMON”
var_name = current_16V_bus
Header info = 1140
Transformed value for current_16V_bus = 0.18373608
Matching row  18
coeffs for Last measurement in raw DN for LVPS Board signal “P6V_IMON”= [0.0 8.05861e-05 0.0 0.0 0.0 0.0 0.0 0.0]
var_name = Last measurement in raw DN for LVPS Board signal “P6V_IMON”
var_name = current_6V_bus
Header info = 1488
Transformed value for current_6V_bus = 0.1199121168
Matching row  18
coeffs for Last measurement in raw DN for LVPS Board signal “N6V_IMON”= [0.0 -8.05861e-05 0.0 0.0 0.0 0.0 0.0 0.0]
var_name = Last measurement in raw DN for LVPS Board signal “N6V_IMON”
var_name = current_neg6V_bus
Header info = 1140
Transformed value for current_neg6V_bus = -0.091868154
Matching row  18
coeffs for Last measurement in raw DN for LVPS Board signal “P5V_IMON”= [0.0 4.029304e-05 0.0 0.0 0.0 0.0 0.0 0.0]
var_name = Last measurement in raw DN for LVPS Board signal “P5V_IMON”
var_name = current_5V_bus
Header info = 1865
Transformed value for current_5V_bus = 0.0751465196
Matching row  18
coeffs for Last measurement in raw DN for LVPS Board signal “N5V_IMON”= [0.0 -2.01465e-05 0.0 0.0 0.0 0.0 0.0 0.0]
var_name = Last measurement in raw DN for LVPS Board signal “N5V_IMON”
var_name = current_neg5V_bus
Header info = 3288
Transformed value for current_neg5V_bus = -0.066241692
Matching row  18
coeffs for Last measurement in raw DN for LVPS Board signal “P2.5V_IMON”= [0.0 0.00161172 0.0 0.0 0.0 0.0 0.0 0.0]
var_name = Last measurement in raw DN for LVPS Board signal “P2.5V_IMON”
var_name = current_2V5_bus
Header info = 452
Transformed value for current_2V5_bus = 0.72849744
Matching row  18
coeffs for Last measurement in raw DN for LVPS Board signal “N2.5V_IMON”= [0.0 -4.0293e-05 0.0 0.0 0.0 0.0 0.0 0.0]
var_name = Last measurement in raw DN for LVPS Board signal “N2.5V_IMON”
var_name = current_neg2V5_bus
Header info = 2945
Transformed value for current_neg2V5_bus = -0.11866288500000001
Matching row  18
coeffs for Last measurement in raw DN for LVPS Board signal “THERM_DECON0”= [-110.293 0.0665351 0.000305738 -6.32048e-07 5.9934e-10 -2.98784e-13
 7.61361e-17 -7.76467e-21]
var_name = Last measurement in raw DN for LVPS Board signal “THERM_DECON0”
var_name = None
KeyError: (6, None) - Could not find entry for None, 38. Please check the Var_notes or variable mapping.
Matching row  18
coeffs for Last measurement in raw DN for LVPS Board signal “THERM_DECON1”= [-150.478 0.376986 -0.00062072 7.73853e-07 -5.81588e-10 2.56368e-13
 -6.05698e-17 5.96635e-21]
var_name = Last measurement in raw DN for LVPS Board signal “THERM_DECON1”
var_name = None
KeyError: (6, None) - Could not find entry for None, 39. Please check the Var_notes or variable mapping.
Matching row  18
coeffs for Last measurement in raw DN for LVPS Board signal “THERM_DAB”= [-443.248 1.31224 -0.00180422 1.40016e-06 -6.43766e-10 1.7448e-13
 -2.57695e-17 1.60239e-21]
var_name = Last measurement in raw DN for LVPS Board signal “THERM_DAB”
var_name = None
KeyError: (6, None) - Could not find entry for None, 40. Please check the Var_notes or variable mapping.
Matching row  18
coeffs for Last measurement in raw DN for LVPS Board signal “THERM_LVPS”= [200.4137 -0.2020699 0.000175403 -9.739547e-08 2.888932e-11 -3.545603e-15
 0.0 0.0]
var_name = Last measurement in raw DN for LVPS Board signal “THERM_LVPS”
var_name = None
KeyError: (6, None) - Could not find entry for None, 41. Please check the Var_notes or variable mapping.
Matching row  18
coeffs for Last measurement in raw DN for LVPS Board signal “THERM_HVPS”= [200.4137 -0.2020699 0.000175403 -9.739547e-08 2.888932e-11 -3.545603e-15
 0.0 0.0]
var_name = Last measurement in raw DN for LVPS Board signal “THERM_HVPS”
var_name = None
KeyError: (6, None) - Could not find entry for None, 45. Please check the Var_notes or variable mapping.
Matching row  18
coeffs for Last measurement in raw DN for LVPS Board signal “P2.5V”= [0.0 0.00161172 0.0 0.0 0.0 0.0 0.0 0.0]
var_name = Last measurement in raw DN for LVPS Board signal “P2.5V”
var_name = None
KeyError: (6, None) - Could not find entry for None, 49. Please check the Var_notes or variable mapping.
Matching row  18
coeffs for Last measurement in raw DN for LVPS Board signal “N2.5V”= [-33.0 0.00886447 0.0 0.0 0.0 0.0 0.0 0.0]
var_name = Last measurement in raw DN for LVPS Board signal “N2.5V”
var_name = None
KeyError: (6, None) - Could not find entry for None, 50. Please check the Var_notes or variable mapping.
Matching row  18
coeffs for Last measurement in raw DN for LVPS Board signal “Spare”= [0.0 0.00161172 0.0 0.0 0.0 0.0 0.0 0.0]
var_name = Last measurement in raw DN for LVPS Board signal “Spare”
var_name = spare_signal
KeyError: (6, 'spare_signal') - Could not find entry for spare_signal, 51. Please check the Var_notes or variable mapping.
High gain delay = 78 samples.
Mid gain delay = 47 samples.
Low gain delay = 47 samples.
High sampling trigger mode =  0 0 1
High gain trigger mode enabled.
For 2222981120, HG Trigger level = 0.15317, sample settings = 0, 0
Threshold trigger mode enabled for high gain channel.
AID = 2415277392
Event number = 87
Rice compression enabled = False
Timestamp = 439515547.67896 seconds since epoch (Midnight January 1st, 2010)
Trigger time = 2023-12-05T23:39:07.678960Z
6
6
6
6
6
6
6
6
6
6
6
6
6
{'SHCOARSE': ParsedDataItem(SHCOARSE, raw=439515750, derived=439515750, unit=dn), 'SHFINE': ParsedDataItem(SHFINE, raw=9149, derived=9149, unit=dn), 'IDX__SCI0AID': ParsedDataItem(IDX__SCI0AID, raw=2415277392, derived=2415277392, unit=None), 'IDX__SCI0TYPE': ParsedDataItem(IDX__SCI0TYPE, raw=1, derived=1, unit=None), 'IDX__SCI0CONT': ParsedDataItem(IDX__SCI0CONT, raw=127, derived=127, unit=None), 'IDX__SCI0SPARE1': ParsedDataItem(IDX__SCI0SPARE1, raw=0, derived=0, unit=None), 'IDX__SCI0PACK': ParsedDataItem(IDX__SCI0PACK, raw=1, derived=EN, unit=None), 'IDX__SCI0FRAG': ParsedDataItem(IDX__SCI0FRAG, raw=0, derived=DS, unit=None), 'IDX__SCI0COMP': ParsedDataItem(IDX__SCI0COMP, raw=0, derived=DS, unit=None), 'IDX__SCI0EVTNUM': ParsedDataItem(IDX__SCI0EVTNUM, raw=88, derived=88, unit=None), 'IDX__SCI0CAT': ParsedDataItem(IDX__SCI0CAT, raw=32, derived=32, unit=None), 'IDX__SCI0QUAL': ParsedDataItem(IDX__SCI0QUAL, raw=5, derived=5, unit=None), 'IDX__SCI0FRAGOFF': ParsedDataItem(IDX__SCI0FRAGOFF, raw=0, derived=0, unit=None), 'IDX__SCI0VER': ParsedDataItem(IDX__SCI0VER, raw=9, derived=9, unit=None), 'IDX__SCI0TIME32': ParsedDataItem(IDX__SCI0TIME32, raw=439515548, derived=439515548, unit=None), 'IDX__SCI0SPARE2': ParsedDataItem(IDX__SCI0SPARE2, raw=0, derived=0, unit=None), 'IDX__SCI0SPARE3': ParsedDataItem(IDX__SCI0SPARE3, raw=0, derived=0, unit=None), 'IDX__SCI0SPARE4': ParsedDataItem(IDX__SCI0SPARE4, raw=0, derived=0, unit=None), 'IDX__TXHDRSCIEVTLEN': ParsedDataItem(IDX__TXHDRSCIEVTLEN, raw=8320, derived=8320, unit=None), 'IDX__TXHDRSP00': ParsedDataItem(IDX__TXHDRSP00, raw=0, derived=0, unit=None), 'IDX__TXHDRTIMESEC1': ParsedDataItem(IDX__TXHDRTIMESEC1, raw=6706, derived=6706, unit=None), 'IDX__TXHDRTIMESEC2': ParsedDataItem(IDX__TXHDRTIMESEC2, raw=31132, derived=31132, unit=None), 'IDX__TXHDRTIMESUBS': ParsedDataItem(IDX__TXHDRTIMESUBS, raw=33945, derived=33945, unit=None), 'IDX__TXHDRSP01': ParsedDataItem(IDX__TXHDRSP01, raw=0, derived=0, unit=None), 'IDX__TXHDRTRIGOFFSET': ParsedDataItem(IDX__TXHDRTRIGOFFSET, raw=2, derived=2, unit=None), 'IDX__TXHDRSP02': ParsedDataItem(IDX__TXHDRSP02, raw=0, derived=0, unit=None), 'IDX__TXHDRTRIGID': ParsedDataItem(IDX__TXHDRTRIGID, raw=1, derived=1, unit=None), 'IDX__TXHDREVTNUM': ParsedDataItem(IDX__TXHDREVTNUM, raw=88, derived=88, unit=None), 'IDX__TXHDRBLOCKS': ParsedDataItem(IDX__TXHDRBLOCKS, raw=243679, derived=243679, unit=None), 'IDX__TXHDRHGTRIGCTRL1': ParsedDataItem(IDX__TXHDRHGTRIGCTRL1, raw=2222981120, derived=2222981120, unit=None), 'IDX__TXHDRHGTRIGCTRL2': ParsedDataItem(IDX__TXHDRHGTRIGCTRL2, raw=0, derived=0, unit=None), 'IDX__TXHDRLGTRIGCTRL1': ParsedDataItem(IDX__TXHDRLGTRIGCTRL1, raw=4294965248, derived=4294965248, unit=None), 'IDX__TXHDRLGTRIGCTRL2': ParsedDataItem(IDX__TXHDRLGTRIGCTRL2, raw=4278255360, derived=4278255360, unit=None), 'IDX__TXHDRMGTRIGCTRL1': ParsedDataItem(IDX__TXHDRMGTRIGCTRL1, raw=4294965248, derived=4294965248, unit=None), 'IDX__TXHDRMGTRIGCTRL2': ParsedDataItem(IDX__TXHDRMGTRIGCTRL2, raw=4278255360, derived=4278255360, unit=None), 'IDX__TXHDRSP03': ParsedDataItem(IDX__TXHDRSP03, raw=0, derived=0, unit=None), 'IDX__TXHDRLSADC': ParsedDataItem(IDX__TXHDRLSADC, raw=1048320, derived=1048320, unit=None), 'IDX__TXHDRPOLSTAT': ParsedDataItem(IDX__TXHDRPOLSTAT, raw=1, derived=NEG, unit=None), 'IDX__TXHDRSP04': ParsedDataItem(IDX__TXHDRSP04, raw=0, derived=0, unit=None), 'IDX__TXHDRPOLCTRL': ParsedDataItem(IDX__TXHDRPOLCTRL, raw=0, derived=POS, unit=None), 'IDX__TXHDRCOINENA': ParsedDataItem(IDX__TXHDRCOINENA, raw=0, derived=DIS, unit=None), 'IDX__TXHDRLSTRIGMODE': ParsedDataItem(IDX__TXHDRLSTRIGMODE, raw=0, derived=DIS, unit=None), 'IDX__TXHDRMGTRIGMODE': ParsedDataItem(IDX__TXHDRMGTRIGMODE, raw=0, derived=0, unit=None), 'IDX__TXHDRLGTRIGMODE': ParsedDataItem(IDX__TXHDRLGTRIGMODE, raw=0, derived=0, unit=None), 'IDX__TXHDRHGTRIGMODE': ParsedDataItem(IDX__TXHDRHGTRIGMODE, raw=1, derived=1, unit=None), 'IDX__TXHDRSP05': ParsedDataItem(IDX__TXHDRSP05, raw=0, derived=0, unit=None), 'IDX__TXHDRSP06': ParsedDataItem(IDX__TXHDRSP06, raw=0, derived=0, unit=None), 'IDX__TXHDRSP07': ParsedDataItem(IDX__TXHDRSP07, raw=2020, derived=2020, unit=None), 'IDX__TXHDRSP08': ParsedDataItem(IDX__TXHDRSP08, raw=0, derived=0, unit=None), 'IDX__TXHDRTOFMAX': ParsedDataItem(IDX__TXHDRTOFMAX, raw=573053951, derived=573053951, unit=None), 'IDX__TXHDRTOFMIN': ParsedDataItem(IDX__TXHDRTOFMIN, raw=535295471, derived=535295471, unit=None), 'IDX__TXHDRLS0MAXMIN': ParsedDataItem(IDX__TXHDRLS0MAXMIN, raw=8468493, derived=8468493, unit=None), 'IDX__TXHDRLS1MAXMIN': ParsedDataItem(IDX__TXHDRLS1MAXMIN, raw=8447974, derived=8447974, unit=None), 'IDX__TXHDRLS2MAXMIN': ParsedDataItem(IDX__TXHDRLS2MAXMIN, raw=8521700, derived=8521700, unit=None), 'IDX__TXHDRFIFODELAY': ParsedDataItem(IDX__TXHDRFIFODELAY, raw=17, derived=17, unit=None), 'IDX__TXHDRSAMPDELAY': ParsedDataItem(IDX__TXHDRSAMPDELAY, raw=15744049, derived=15744049, unit=None), 'IDX__TXHDRTRANSCNT': ParsedDataItem(IDX__TXHDRTRANSCNT, raw=16, derived=16, unit=None), 'IDX__TXHDRPROCHKCH01': ParsedDataItem(IDX__TXHDRPROCHKCH01, raw=83821392, derived=83821392, unit=None), 'IDX__TXHDRPROCHKCH23': ParsedDataItem(IDX__TXHDRPROCHKCH23, raw=102302895, derived=102302895, unit=None), 'IDX__TXHDRPROCHKCH45': ParsedDataItem(IDX__TXHDRPROCHKCH45, raw=167970010, derived=167970010, unit=None), 'IDX__TXHDRPROCHKCH67': ParsedDataItem(IDX__TXHDRPROCHKCH67, raw=133695768, derived=133695768, unit=None), 'IDX__TXHDRHVPSHKCH01': ParsedDataItem(IDX__TXHDRHVPSHKCH01, raw=131860073, derived=131860073, unit=None), 'IDX__TXHDRHVPSHKCH23': ParsedDataItem(IDX__TXHDRHVPSHKCH23, raw=8849070, derived=8849070, unit=None), 'IDX__TXHDRHVPSHKCH45': ParsedDataItem(IDX__TXHDRHVPSHKCH45, raw=153290714, derived=153290714, unit=None), 'IDX__TXHDRHVPSHKCH67': ParsedDataItem(IDX__TXHDRHVPSHKCH67, raw=19991184, derived=19991184, unit=None), 'IDX__TXHDRLVHK0CH01': ParsedDataItem(IDX__TXHDRLVHK0CH01, raw=134219776, derived=134219776, unit=None), 'IDX__TXHDRLVHK0CH23': ParsedDataItem(IDX__TXHDRLVHK0CH23, raw=171969465, derived=171969465, unit=None), 'IDX__TXHDRLVHK0CH45': ParsedDataItem(IDX__TXHDRLVHK0CH45, raw=134745194, derived=134745194, unit=None), 'IDX__TXHDRLVHK0CH67': ParsedDataItem(IDX__TXHDRLVHK0CH67, raw=205917267, derived=205917267, unit=None), 'IDX__TXHDRLVHK1CH01': ParsedDataItem(IDX__TXHDRLVHK1CH01, raw=34801304, derived=34801304, unit=None), 'IDX__TXHDRLVHK1CH23': ParsedDataItem(IDX__TXHDRLVHK1CH23, raw=74712528, derived=74712528, unit=None), 'IDX__TXHDRLVHK1CH45': ParsedDataItem(IDX__TXHDRLVHK1CH45, raw=215484233, derived=215484233, unit=None), 'IDX__TXHDRLVHK1CH67': ParsedDataItem(IDX__TXHDRLVHK1CH67, raw=193003972, derived=193003972, unit=None), 'IDX__TXHDRLVHK2CH01': ParsedDataItem(IDX__TXHDRLVHK2CH01, raw=82314476, derived=82314476, unit=None), 'IDX__TXHDRLVHK2CH23': ParsedDataItem(IDX__TXHDRLVHK2CH23, raw=188680970, derived=188680970, unit=None), 'IDX__TXHDRLVHK2CH45': ParsedDataItem(IDX__TXHDRLVHK2CH45, raw=101059605, derived=101059605, unit=None), 'IDX__TXHDRLVHK2CH67': ParsedDataItem(IDX__TXHDRLVHK2CH67, raw=69016, derived=69016, unit=None), 'IDX__TXHDRSP09': ParsedDataItem(IDX__TXHDRSP09, raw=0, derived=0, unit=None), 'IDX__TXHDRSP10': ParsedDataItem(IDX__TXHDRSP10, raw=0, derived=0, unit=None), 'IDX__TXHDRFSWAIDCOPY': ParsedDataItem(IDX__TXHDRFSWAIDCOPY, raw=2415277392, derived=2415277392, unit=None), 'IDX__TXHDRFSWBINCOPY': ParsedDataItem(IDX__TXHDRFSWBINCOPY, raw=0, derived=0, unit=None), 'IDX__TXHDRFSWMAJOR': ParsedDataItem(IDX__TXHDRFSWMAJOR, raw=2, derived=2, unit=None), 'IDX__TXHDRFSWMINOR': ParsedDataItem(IDX__TXHDRFSWMINOR, raw=0, derived=0, unit=None), 'IDX__TXHDRFSWPATCH': ParsedDataItem(IDX__TXHDRFSWPATCH, raw=0, derived=0, unit=None), 'IDX__TXHDRFSWHVSTAT': ParsedDataItem(IDX__TXHDRFSWHVSTAT, raw=3, derived=3, unit=None), 'IDX__TXHDRFSWMEM0': ParsedDataItem(IDX__TXHDRFSWMEM0, raw=0, derived=0, unit=None), 'IDX__TXHDRFSWMEM1': ParsedDataItem(IDX__TXHDRFSWMEM1, raw=0, derived=0, unit=None), 'IDX__TXHDRFSWPT0': ParsedDataItem(IDX__TXHDRFSWPT0, raw=0, derived=0, unit=None), 'IDX__TXHDRFSWPT1': ParsedDataItem(IDX__TXHDRFSWPT1, raw=0, derived=0, unit=None), 'IDX__TXHDRFSWPT2': ParsedDataItem(IDX__TXHDRFSWPT2, raw=0, derived=0, unit=None), 'IDX__TXHDRFSWPT3': ParsedDataItem(IDX__TXHDRFSWPT3, raw=0, derived=0, unit=None), 'IDX__TXHDRFSWPT4': ParsedDataItem(IDX__TXHDRFSWPT4, raw=0, derived=0, unit=None), 'IDX__TXHDRFSWPT5': ParsedDataItem(IDX__TXHDRFSWPT5, raw=0, derived=0, unit=None), 'IDX__TXHDRFSWPT6': ParsedDataItem(IDX__TXHDRFSWPT6, raw=0, derived=0, unit=None), 'IDX__TXHDRFSWPT7': ParsedDataItem(IDX__TXHDRFSWPT7, raw=0, derived=0, unit=None), 'IDX__TXHDRFSWPT8': ParsedDataItem(IDX__TXHDRFSWPT8, raw=0, derived=0, unit=None), 'IDX__TXHDRFSWPT9': ParsedDataItem(IDX__TXHDRFSWPT9, raw=0, derived=0, unit=None), 'IDX__TXHDRFPGAVER': ParsedDataItem(IDX__TXHDRFPGAVER, raw=539165480, derived=539165480, unit=None), 'IDX__SYNCSCI0PKT': ParsedDataItem(IDX__SYNCSCI0PKT, raw=13107, derived=13107, unit=None), 'IDX__CRCSCI0PKT': ParsedDataItem(IDX__CRCSCI0PKT, raw=10034, derived=10034, unit=None)}
SHCOARSE = 439515750
SHFINE = 9149
IDX__SCI0AID = 2415277392
IDX__SCI0TYPE = 1
IDX__SCI0CONT = 127
IDX__SCI0SPARE1 = 0
IDX__SCI0PACK = EN
IDX__SCI0FRAG = DS
IDX__SCI0COMP = DS
IDX__SCI0EVTNUM = 88
IDX__SCI0CAT = 32
IDX__SCI0QUAL = 5
IDX__SCI0FRAGOFF = 0
IDX__SCI0VER = 9
IDX__SCI0TIME32 = 439515548
IDX__SCI0SPARE2 = 0
IDX__SCI0SPARE3 = 0
IDX__SCI0SPARE4 = 0
IDX__TXHDRSCIEVTLEN = 8320
IDX__TXHDRSP00 = 0
IDX__TXHDRTIMESEC1 = 6706
IDX__TXHDRTIMESEC2 = 31132
IDX__TXHDRTIMESUBS = 33945
IDX__TXHDRSP01 = 0
IDX__TXHDRTRIGOFFSET = 2
IDX__TXHDRSP02 = 0
IDX__TXHDRTRIGID = 1
IDX__TXHDREVTNUM = 88
IDX__TXHDRBLOCKS = 243679
IDX__TXHDRHGTRIGCTRL1 = 2222981120
IDX__TXHDRHGTRIGCTRL2 = 0
IDX__TXHDRLGTRIGCTRL1 = 4294965248
IDX__TXHDRLGTRIGCTRL2 = 4278255360
IDX__TXHDRMGTRIGCTRL1 = 4294965248
IDX__TXHDRMGTRIGCTRL2 = 4278255360
IDX__TXHDRSP03 = 0
IDX__TXHDRLSADC = 1048320
IDX__TXHDRPOLSTAT = NEG
IDX__TXHDRSP04 = 0
IDX__TXHDRPOLCTRL = POS
IDX__TXHDRCOINENA = DIS
IDX__TXHDRLSTRIGMODE = DIS
IDX__TXHDRMGTRIGMODE = 0
IDX__TXHDRLGTRIGMODE = 0
IDX__TXHDRHGTRIGMODE = 1
IDX__TXHDRSP05 = 0
IDX__TXHDRSP06 = 0
IDX__TXHDRSP07 = 2020
IDX__TXHDRSP08 = 0
IDX__TXHDRTOFMAX = 573053951
IDX__TXHDRTOFMIN = 535295471
IDX__TXHDRLS0MAXMIN = 8468493
IDX__TXHDRLS1MAXMIN = 8447974
IDX__TXHDRLS2MAXMIN = 8521700
IDX__TXHDRFIFODELAY = 17
IDX__TXHDRSAMPDELAY = 15744049
IDX__TXHDRTRANSCNT = 16
IDX__TXHDRPROCHKCH01 = 83821392
IDX__TXHDRPROCHKCH23 = 102302895
IDX__TXHDRPROCHKCH45 = 167970010
IDX__TXHDRPROCHKCH67 = 133695768
IDX__TXHDRHVPSHKCH01 = 131860073
IDX__TXHDRHVPSHKCH23 = 8849070
IDX__TXHDRHVPSHKCH45 = 153290714
IDX__TXHDRHVPSHKCH67 = 19991184
IDX__TXHDRLVHK0CH01 = 134219776
IDX__TXHDRLVHK0CH23 = 171969465
IDX__TXHDRLVHK0CH45 = 134745194
IDX__TXHDRLVHK0CH67 = 205917267
IDX__TXHDRLVHK1CH01 = 34801304
IDX__TXHDRLVHK1CH23 = 74712528
IDX__TXHDRLVHK1CH45 = 215484233
IDX__TXHDRLVHK1CH67 = 193003972
IDX__TXHDRLVHK2CH01 = 82314476
IDX__TXHDRLVHK2CH23 = 188680970
IDX__TXHDRLVHK2CH45 = 101059605
IDX__TXHDRLVHK2CH67 = 69016
IDX__TXHDRSP09 = 0
IDX__TXHDRSP10 = 0
IDX__TXHDRFSWAIDCOPY = 2415277392
IDX__TXHDRFSWBINCOPY = 0
IDX__TXHDRFSWMAJOR = 2
IDX__TXHDRFSWMINOR = 0
IDX__TXHDRFSWPATCH = 0
IDX__TXHDRFSWHVSTAT = 3
IDX__TXHDRFSWMEM0 = 0
IDX__TXHDRFSWMEM1 = 0
IDX__TXHDRFSWPT0 = 0
IDX__TXHDRFSWPT1 = 0
IDX__TXHDRFSWPT2 = 0
IDX__TXHDRFSWPT3 = 0
IDX__TXHDRFSWPT4 = 0
IDX__TXHDRFSWPT5 = 0
IDX__TXHDRFSWPT6 = 0
IDX__TXHDRFSWPT7 = 0
IDX__TXHDRFSWPT8 = 0
IDX__TXHDRFSWPT9 = 0
IDX__TXHDRFPGAVER = 539165480
IDX__SYNCSCI0PKT = 13107
IDX__CRCSCI0PKT = 10034
^*****Event header 7******^
EVTNUM: 7
SCI0TYPE: 1
TXHDRBLOCKS RAW: 243679
TXHDRBLOCKS DERIVED: 243679
-----
HS pre trig sampling blocks:  31
LS pre trig sampling blocks:  3
HS post trig sampling blocks:  31
LS post trig sampling blocks:  11
IDX__TXHDRHVPSHKCH01 = 131860073
Detector voltage =  1641
Sensor voltage =  2012
Target voltage =  1710
Reflectron voltage =  135
Rejection voltage =  2010
Current for HVPS sensor =  2339
Positive current for HVPS sensor =  2704
Negative current for HVPS sensor =  305
Voltage +3.3V reference =  2048
Voltage +3.3V operational reference =  2048
Voltage -6V bus =  3001
Voltage +6V bus =  2624
Voltage +16V bus =  3178
Voltage +3.3V bus =  2056
Voltage -5V bus =  3155
Voltage +5V bus =  3142
Current +3.3V bus =  1688
Current +16V bus =  1140
Current +6V bus =  1488
Current -6V bus =  1140
Current +5V bus =  1865
Current -5V bus =  3288
Current +2.5V bus =  452
Current -2.5V bus =  2945
Current on the 1V POL =  848
Current on the 1.9V POL =  1279
ProcBd Temperature 1 =  1199
ProcBd Temperature 2 =  1561
Voltage on 1V bus =  1242
FPGA Temperature =  2563
Voltage on 1.9V bus =  2328
Voltage on 3.3V bus =  2040
var_to_row = {'Last measurement in raw DN for Processor Board signal “1V POL Current”': 0, 'Last measurement in raw DN for Processor Board signal “1.9V POL Current”': 1, 'Last measurement in raw DN for Processor Board signal “ProcBd Temp1”': 2, nan: 48, 'Last measurement in raw DN for Processor Board signal “ProcBd Temp2”': 6, 'Last measurement in raw DN for Processor Board signal “1V Voltage”': 10, 'Last measurement in raw DN for Processor Board signal “FPGA Temp”': 11, 'Last measurement in raw DN for Processor Board signal “1.9V Voltage”': 12, 'Last measurement in raw DN for Processor Board signal “3.3V Voltage”': 13, 'Last measurement in raw DN for HVPS Board signal “Detector Voltage”': 14, 'Last measurement in raw DN for HVPS Board signal “Sensor Voltage"': 15, 'Last measurement in raw DN for HVPS Board signal “Target Voltage”': 16, 'Last measurement in raw DN for HVPS Board signal “Reflectron Voltage”': 17, 'Last measurement in raw DN for HVPS Board signal “Rejection Voltage”': 18, 'Last measurement in raw DN for HVPS Board signal “Detector Current”': 19, 'Last measurement in raw DN for HVPS Board signal “Sensor IP”': 20, 'Last measurement in raw DN for HVPS Board signal “Sensor IN”': 21, 'Last measurement in raw DN for LVPS Board signal “P3.3VREF_HK”': 22, 'Last measurement in raw DN for LVPS Board signal “P3.3VREF_OP”': 23, 'Last measurement in raw DN for LVPS Board signal “N6V”': 24, 'Last measurement in raw DN for LVPS Board signal “P6V”': 25, 'Last measurement in raw DN for LVPS Board signal “P16V”': 26, 'Last measurement in raw DN for LVPS Board signal “P3.3V”': 27, 'Last measurement in raw DN for LVPS Board signal “N5V”': 28, 'Last measurement in raw DN for LVPS Board signal “P5V”': 29, 'Last measurement in raw DN for LVPS Board signal “P3.3_IMON”': 30, 'Last measurement in raw DN for LVPS Board signal “P16V_IMON”': 31, 'Last measurement in raw DN for LVPS Board signal “P6V_IMON”': 32, 'Last measurement in raw DN for LVPS Board signal “N6V_IMON”': 33, 'Last measurement in raw DN for LVPS Board signal “P5V_IMON”': 34, 'Last measurement in raw DN for LVPS Board signal “N5V_IMON”': 35, 'Last measurement in raw DN for LVPS Board signal “P2.5V_IMON”': 36, 'Last measurement in raw DN for LVPS Board signal “N2.5V_IMON”': 37, 'Last measurement in raw DN for LVPS Board signal “THERM_DECON0”': 38, 'Last measurement in raw DN for LVPS Board signal “THERM_DECON1”': 39, 'Last measurement in raw DN for LVPS Board signal “THERM_DAB”': 40, 'Last measurement in raw DN for LVPS Board signal “THERM_LVPS”': 41, 'Last measurement in raw DN for LVPS Board signal “THERM_HVPS”': 45, 'Last measurement in raw DN for LVPS Board signal “P2.5V”': 49, 'Last measurement in raw DN for LVPS Board signal “N2.5V”': 50, 'Last measurement in raw DN for LVPS Board signal “Spare”': 51}

 
 ***** var_name being converted for each instrument setting ***** 
 

Matching row  18
coeffs for Last measurement in raw DN for Processor Board signal “1V POL Current”= [0.0 0.9029253 0.0 0.0 0.0 0.0 0.0 0.0]
var_name = Last measurement in raw DN for Processor Board signal “1V POL Current”
var_name = current_1V_pol
Header info = 848
Transformed value for current_1V_pol = 765.6806544
Matching row  18
coeffs for Last measurement in raw DN for Processor Board signal “1.9V POL Current”= [0.0 0.9029253 0.0 0.0 0.0 0.0 0.0 0.0]
var_name = Last measurement in raw DN for Processor Board signal “1.9V POL Current”
var_name = current_1.9V_pol
Header info = 1279
Transformed value for current_1.9V_pol = 1154.8414587
Matching row  18
coeffs for Last measurement in raw DN for Processor Board signal “ProcBd Temp1”= [162.8276 -0.2668687 0.0003323794 -2.43153e-07 9.034532e-11 -1.327735e-14
 0.0 0.0]
var_name = Last measurement in raw DN for Processor Board signal “ProcBd Temp1”
var_name = temperature_1
Header info = 1199
Transformed value for temperature_1 = 55.37765199321684
Matching row  18
coeffs for nan= [-104713.9 52.02446 -0.006463374 0.0 0.0 0.0 0.0 0.0]
var_name = nan
var_name = None
KeyError: (7, None) - Could not find entry for None, 48. Please check the Var_notes or variable mapping.
Matching row  18
coeffs for Last measurement in raw DN for Processor Board signal “ProcBd Temp2”= [162.8276 -0.2668687 0.0003323794 -2.43153e-07 9.034532e-11 -1.327735e-14
 0.0 0.0]
var_name = Last measurement in raw DN for Processor Board signal “ProcBd Temp2”
var_name = temperature_2
Header info = 1561
Transformed value for temperature_2 = 44.64778748986298
Matching row  18
coeffs for Last measurement in raw DN for Processor Board signal “1V Voltage”= [0.0 0.000805861 0.0 0.0 0.0 0.0 0.0 0.0]
var_name = Last measurement in raw DN for Processor Board signal “1V Voltage”
var_name = voltage_1V_bus
Header info = 1242
Transformed value for voltage_1V_bus = 1.0008793619999998
Matching row  18
coeffs for Last measurement in raw DN for Processor Board signal “FPGA Temp”= [358.31 -0.1187104 0.0 0.0 0.0 0.0 0.0 0.0]
var_name = Last measurement in raw DN for Processor Board signal “FPGA Temp”
var_name = fpga_temperature
Header info = 2563
Transformed value for fpga_temperature = 54.055244800000025
Matching row  18
coeffs for Last measurement in raw DN for Processor Board signal “1.9V Voltage”= [0.0 0.000805861 0.0 0.0 0.0 0.0 0.0 0.0]
var_name = Last measurement in raw DN for Processor Board signal “1.9V Voltage”
var_name = voltage_1.9V_bus
Header info = 2328
Transformed value for voltage_1.9V_bus = 1.8760444079999998
Matching row  18
coeffs for Last measurement in raw DN for Processor Board signal “3.3V Voltage”= [0.0 0.001611722 0.0 0.0 0.0 0.0 0.0 0.0]
var_name = Last measurement in raw DN for Processor Board signal “3.3V Voltage”
var_name = voltage_3.3V_bus
Header info = 2040
Transformed value for voltage_3.3V_bus = 3.28791288
Matching row  18
coeffs for Last measurement in raw DN for HVPS Board signal “Detector Voltage”= [0.0 1.4652 0.0 0.0 0.0 0.0 0.0 0.0]
var_name = Last measurement in raw DN for HVPS Board signal “Detector Voltage”
var_name = detector_voltage
Header info = 1641
Transformed value for detector_voltage = 2404.3932
Matching row  18
coeffs for Last measurement in raw DN for HVPS Board signal “Sensor Voltage"= [0.0 1.4652 0.0 0.0 0.0 0.0 0.0 0.0]
var_name = Last measurement in raw DN for HVPS Board signal “Sensor Voltage"
var_name = sensor_voltage
Header info = 2012
Transformed value for sensor_voltage = 2947.9824000000003
Matching row  18
coeffs for Last measurement in raw DN for HVPS Board signal “Target Voltage”= [0.0 1.4652 0.0 0.0 0.0 0.0 0.0 0.0]
var_name = Last measurement in raw DN for HVPS Board signal “Target Voltage”
var_name = target_voltage
Header info = 1710
Transformed value for target_voltage = 2505.492
Matching row  18
coeffs for Last measurement in raw DN for HVPS Board signal “Reflectron Voltage”= [0.0 1.4652 0.0 0.0 0.0 0.0 0.0 0.0]
var_name = Last measurement in raw DN for HVPS Board signal “Reflectron Voltage”
var_name = reflectron_voltage
Header info = 135
Transformed value for reflectron_voltage = 197.80200000000002
Matching row  18
coeffs for Last measurement in raw DN for HVPS Board signal “Rejection Voltage”= [0.0 1.4652 0.0 0.0 0.0 0.0 0.0 0.0]
var_name = Last measurement in raw DN for HVPS Board signal “Rejection Voltage”
var_name = rejection_voltage
Header info = 2010
Transformed value for rejection_voltage = 2945.052
Matching row  18
coeffs for Last measurement in raw DN for HVPS Board signal “Detector Current”= [0.0 7.326e-06 0.0 0.0 0.0 0.0 0.0 0.0]
var_name = Last measurement in raw DN for HVPS Board signal “Detector Current”
var_name = current_hvps_sensor
Header info = 2339
Transformed value for current_hvps_sensor = 0.017135514
Matching row  18
coeffs for Last measurement in raw DN for HVPS Board signal “Sensor IP”= [0.0 2.4339e-05 0.0 0.0 0.0 0.0 0.0 0.0]
var_name = Last measurement in raw DN for HVPS Board signal “Sensor IP”
var_name = positive_current_hvps
Header info = 2704
Transformed value for positive_current_hvps = 0.065812656
Matching row  18
coeffs for Last measurement in raw DN for HVPS Board signal “Sensor IN”= [0.0 2.4339e-05 0.0 0.0 0.0 0.0 0.0 0.0]
var_name = Last measurement in raw DN for HVPS Board signal “Sensor IN”
var_name = negative_current_hvps
Header info = 305
Transformed value for negative_current_hvps = 0.007423394999999999
Matching row  18
coeffs for Last measurement in raw DN for LVPS Board signal “P3.3VREF_HK”= [0.0 0.00161172 0.0 0.0 0.0 0.0 0.0 0.0]
var_name = Last measurement in raw DN for LVPS Board signal “P3.3VREF_HK”
var_name = voltage_3V3_ref
Header info = 2048
Transformed value for voltage_3V3_ref = 3.30080256
Matching row  18
coeffs for Last measurement in raw DN for LVPS Board signal “P3.3VREF_OP”= [0.0 0.00161172 0.0 0.0 0.0 0.0 0.0 0.0]
var_name = Last measurement in raw DN for LVPS Board signal “P3.3VREF_OP”
var_name = voltage_3V3_op_ref
Header info = 2048
Transformed value for voltage_3V3_op_ref = 3.30080256
Matching row  18
coeffs for Last measurement in raw DN for LVPS Board signal “N6V”= [-33.0 0.00886447 0.0 0.0 0.0 0.0 0.0 0.0]
var_name = Last measurement in raw DN for LVPS Board signal “N6V”
var_name = voltage_neg6V_bus
Header info = 3001
Transformed value for voltage_neg6V_bus = -6.397725530000002
Matching row  18
coeffs for Last measurement in raw DN for LVPS Board signal “P6V”= [0.0 0.00241758 0.0 0.0 0.0 0.0 0.0 0.0]
var_name = Last measurement in raw DN for LVPS Board signal “P6V”
var_name = voltage_pos6V_bus
Header info = 2624
Transformed value for voltage_pos6V_bus = 6.3437299199999995
Matching row  18
coeffs for Last measurement in raw DN for LVPS Board signal “P16V”= [0.0 0.00482711 0.0 0.0 0.0 0.0 0.0 0.0]
var_name = Last measurement in raw DN for LVPS Board signal “P16V”
var_name = voltage_pos16V_bus
Header info = 3178
Transformed value for voltage_pos16V_bus = 15.34055558
Matching row  18
coeffs for Last measurement in raw DN for LVPS Board signal “P3.3V”= [0.0 0.00161172 0.0 0.0 0.0 0.0 0.0 0.0]
var_name = Last measurement in raw DN for LVPS Board signal “P3.3V”
var_name = voltage_pos3V3_bus
Header info = 2056
Transformed value for voltage_pos3V3_bus = 3.31369632
Matching row  18
coeffs for Last measurement in raw DN for LVPS Board signal “N5V”= [-33.0 0.00886447 0.0 0.0 0.0 0.0 0.0 0.0]
var_name = Last measurement in raw DN for LVPS Board signal “N5V”
var_name = voltage_neg5V_bus
Header info = 3155
Transformed value for voltage_neg5V_bus = -5.032597150000001
Matching row  18
coeffs for Last measurement in raw DN for LVPS Board signal “P5V”= [0.0 0.00161172 0.0 0.0 0.0 0.0 0.0 0.0]
var_name = Last measurement in raw DN for LVPS Board signal “P5V”
var_name = voltage_pos5V_bus
Header info = 3142
Transformed value for voltage_pos5V_bus = 5.06402424
Matching row  18
coeffs for Last measurement in raw DN for LVPS Board signal “P3.3_IMON”= [0.0 0.00161172 0.0 0.0 0.0 0.0 0.0 0.0]
var_name = Last measurement in raw DN for LVPS Board signal “P3.3_IMON”
var_name = current_3V3_bus
Header info = 1688
Transformed value for current_3V3_bus = 2.72058336
Matching row  18
coeffs for Last measurement in raw DN for LVPS Board signal “P16V_IMON”= [0.0 0.000161172 0.0 0.0 0.0 0.0 0.0 0.0]
var_name = Last measurement in raw DN for LVPS Board signal “P16V_IMON”
var_name = current_16V_bus
Header info = 1140
Transformed value for current_16V_bus = 0.18373608
Matching row  18
coeffs for Last measurement in raw DN for LVPS Board signal “P6V_IMON”= [0.0 8.05861e-05 0.0 0.0 0.0 0.0 0.0 0.0]
var_name = Last measurement in raw DN for LVPS Board signal “P6V_IMON”
var_name = current_6V_bus
Header info = 1488
Transformed value for current_6V_bus = 0.1199121168
Matching row  18
coeffs for Last measurement in raw DN for LVPS Board signal “N6V_IMON”= [0.0 -8.05861e-05 0.0 0.0 0.0 0.0 0.0 0.0]
var_name = Last measurement in raw DN for LVPS Board signal “N6V_IMON”
var_name = current_neg6V_bus
Header info = 1140
Transformed value for current_neg6V_bus = -0.091868154
Matching row  18
coeffs for Last measurement in raw DN for LVPS Board signal “P5V_IMON”= [0.0 4.029304e-05 0.0 0.0 0.0 0.0 0.0 0.0]
var_name = Last measurement in raw DN for LVPS Board signal “P5V_IMON”
var_name = current_5V_bus
Header info = 1865
Transformed value for current_5V_bus = 0.0751465196
Matching row  18
coeffs for Last measurement in raw DN for LVPS Board signal “N5V_IMON”= [0.0 -2.01465e-05 0.0 0.0 0.0 0.0 0.0 0.0]
var_name = Last measurement in raw DN for LVPS Board signal “N5V_IMON”
var_name = current_neg5V_bus
Header info = 3288
Transformed value for current_neg5V_bus = -0.066241692
Matching row  18
coeffs for Last measurement in raw DN for LVPS Board signal “P2.5V_IMON”= [0.0 0.00161172 0.0 0.0 0.0 0.0 0.0 0.0]
var_name = Last measurement in raw DN for LVPS Board signal “P2.5V_IMON”
var_name = current_2V5_bus
Header info = 452
Transformed value for current_2V5_bus = 0.72849744
Matching row  18
coeffs for Last measurement in raw DN for LVPS Board signal “N2.5V_IMON”= [0.0 -4.0293e-05 0.0 0.0 0.0 0.0 0.0 0.0]
var_name = Last measurement in raw DN for LVPS Board signal “N2.5V_IMON”
var_name = current_neg2V5_bus
Header info = 2945
Transformed value for current_neg2V5_bus = -0.11866288500000001
Matching row  18
coeffs for Last measurement in raw DN for LVPS Board signal “THERM_DECON0”= [-110.293 0.0665351 0.000305738 -6.32048e-07 5.9934e-10 -2.98784e-13
 7.61361e-17 -7.76467e-21]
var_name = Last measurement in raw DN for LVPS Board signal “THERM_DECON0”
var_name = None
KeyError: (7, None) - Could not find entry for None, 38. Please check the Var_notes or variable mapping.
Matching row  18
coeffs for Last measurement in raw DN for LVPS Board signal “THERM_DECON1”= [-150.478 0.376986 -0.00062072 7.73853e-07 -5.81588e-10 2.56368e-13
 -6.05698e-17 5.96635e-21]
var_name = Last measurement in raw DN for LVPS Board signal “THERM_DECON1”
var_name = None
KeyError: (7, None) - Could not find entry for None, 39. Please check the Var_notes or variable mapping.
Matching row  18
coeffs for Last measurement in raw DN for LVPS Board signal “THERM_DAB”= [-443.248 1.31224 -0.00180422 1.40016e-06 -6.43766e-10 1.7448e-13
 -2.57695e-17 1.60239e-21]
var_name = Last measurement in raw DN for LVPS Board signal “THERM_DAB”
var_name = None
KeyError: (7, None) - Could not find entry for None, 40. Please check the Var_notes or variable mapping.
Matching row  18
coeffs for Last measurement in raw DN for LVPS Board signal “THERM_LVPS”= [200.4137 -0.2020699 0.000175403 -9.739547e-08 2.888932e-11 -3.545603e-15
 0.0 0.0]
var_name = Last measurement in raw DN for LVPS Board signal “THERM_LVPS”
var_name = None
KeyError: (7, None) - Could not find entry for None, 41. Please check the Var_notes or variable mapping.
Matching row  18
coeffs for Last measurement in raw DN for LVPS Board signal “THERM_HVPS”= [200.4137 -0.2020699 0.000175403 -9.739547e-08 2.888932e-11 -3.545603e-15
 0.0 0.0]
var_name = Last measurement in raw DN for LVPS Board signal “THERM_HVPS”
var_name = None
KeyError: (7, None) - Could not find entry for None, 45. Please check the Var_notes or variable mapping.
Matching row  18
coeffs for Last measurement in raw DN for LVPS Board signal “P2.5V”= [0.0 0.00161172 0.0 0.0 0.0 0.0 0.0 0.0]
var_name = Last measurement in raw DN for LVPS Board signal “P2.5V”
var_name = None
KeyError: (7, None) - Could not find entry for None, 49. Please check the Var_notes or variable mapping.
Matching row  18
coeffs for Last measurement in raw DN for LVPS Board signal “N2.5V”= [-33.0 0.00886447 0.0 0.0 0.0 0.0 0.0 0.0]
var_name = Last measurement in raw DN for LVPS Board signal “N2.5V”
var_name = None
KeyError: (7, None) - Could not find entry for None, 50. Please check the Var_notes or variable mapping.
Matching row  18
coeffs for Last measurement in raw DN for LVPS Board signal “Spare”= [0.0 0.00161172 0.0 0.0 0.0 0.0 0.0 0.0]
var_name = Last measurement in raw DN for LVPS Board signal “Spare”
var_name = spare_signal
KeyError: (7, 'spare_signal') - Could not find entry for spare_signal, 51. Please check the Var_notes or variable mapping.
High gain delay = 49 samples.
Mid gain delay = 15 samples.
Low gain delay = 15 samples.
High sampling trigger mode =  0 0 1
High gain trigger mode enabled.
For 2222981120, HG Trigger level = 0.15317, sample settings = 0, 0
Threshold trigger mode enabled for high gain channel.
AID = 2415277392
Event number = 88
Rice compression enabled = False
Timestamp = 439515548.6789 seconds since epoch (Midnight January 1st, 2010)
Trigger time = 2023-12-05T23:39:08.678900Z
7
7
7
7
7
7
7
7
7
7
7
7
7
{'SHCOARSE': ParsedDataItem(SHCOARSE, raw=439515763, derived=439515763, unit=dn), 'SHFINE': ParsedDataItem(SHFINE, raw=9158, derived=9158, unit=dn), 'IDX__SCI0AID': ParsedDataItem(IDX__SCI0AID, raw=2415277392, derived=2415277392, unit=None), 'IDX__SCI0TYPE': ParsedDataItem(IDX__SCI0TYPE, raw=1, derived=1, unit=None), 'IDX__SCI0CONT': ParsedDataItem(IDX__SCI0CONT, raw=127, derived=127, unit=None), 'IDX__SCI0SPARE1': ParsedDataItem(IDX__SCI0SPARE1, raw=0, derived=0, unit=None), 'IDX__SCI0PACK': ParsedDataItem(IDX__SCI0PACK, raw=1, derived=EN, unit=None), 'IDX__SCI0FRAG': ParsedDataItem(IDX__SCI0FRAG, raw=0, derived=DS, unit=None), 'IDX__SCI0COMP': ParsedDataItem(IDX__SCI0COMP, raw=0, derived=DS, unit=None), 'IDX__SCI0EVTNUM': ParsedDataItem(IDX__SCI0EVTNUM, raw=89, derived=89, unit=None), 'IDX__SCI0CAT': ParsedDataItem(IDX__SCI0CAT, raw=32, derived=32, unit=None), 'IDX__SCI0QUAL': ParsedDataItem(IDX__SCI0QUAL, raw=5, derived=5, unit=None), 'IDX__SCI0FRAGOFF': ParsedDataItem(IDX__SCI0FRAGOFF, raw=0, derived=0, unit=None), 'IDX__SCI0VER': ParsedDataItem(IDX__SCI0VER, raw=9, derived=9, unit=None), 'IDX__SCI0TIME32': ParsedDataItem(IDX__SCI0TIME32, raw=439515549, derived=439515549, unit=None), 'IDX__SCI0SPARE2': ParsedDataItem(IDX__SCI0SPARE2, raw=0, derived=0, unit=None), 'IDX__SCI0SPARE3': ParsedDataItem(IDX__SCI0SPARE3, raw=0, derived=0, unit=None), 'IDX__SCI0SPARE4': ParsedDataItem(IDX__SCI0SPARE4, raw=0, derived=0, unit=None), 'IDX__TXHDRSCIEVTLEN': ParsedDataItem(IDX__TXHDRSCIEVTLEN, raw=8320, derived=8320, unit=None), 'IDX__TXHDRSP00': ParsedDataItem(IDX__TXHDRSP00, raw=0, derived=0, unit=None), 'IDX__TXHDRTIMESEC1': ParsedDataItem(IDX__TXHDRTIMESEC1, raw=6706, derived=6706, unit=None), 'IDX__TXHDRTIMESEC2': ParsedDataItem(IDX__TXHDRTIMESEC2, raw=31133, derived=31133, unit=None), 'IDX__TXHDRTIMESUBS': ParsedDataItem(IDX__TXHDRTIMESUBS, raw=33942, derived=33942, unit=None), 'IDX__TXHDRSP01': ParsedDataItem(IDX__TXHDRSP01, raw=0, derived=0, unit=None), 'IDX__TXHDRTRIGOFFSET': ParsedDataItem(IDX__TXHDRTRIGOFFSET, raw=3, derived=3, unit=None), 'IDX__TXHDRSP02': ParsedDataItem(IDX__TXHDRSP02, raw=0, derived=0, unit=None), 'IDX__TXHDRTRIGID': ParsedDataItem(IDX__TXHDRTRIGID, raw=1, derived=1, unit=None), 'IDX__TXHDREVTNUM': ParsedDataItem(IDX__TXHDREVTNUM, raw=89, derived=89, unit=None), 'IDX__TXHDRBLOCKS': ParsedDataItem(IDX__TXHDRBLOCKS, raw=243679, derived=243679, unit=None), 'IDX__TXHDRHGTRIGCTRL1': ParsedDataItem(IDX__TXHDRHGTRIGCTRL1, raw=2222981120, derived=2222981120, unit=None), 'IDX__TXHDRHGTRIGCTRL2': ParsedDataItem(IDX__TXHDRHGTRIGCTRL2, raw=0, derived=0, unit=None), 'IDX__TXHDRLGTRIGCTRL1': ParsedDataItem(IDX__TXHDRLGTRIGCTRL1, raw=4294965248, derived=4294965248, unit=None), 'IDX__TXHDRLGTRIGCTRL2': ParsedDataItem(IDX__TXHDRLGTRIGCTRL2, raw=4278255360, derived=4278255360, unit=None), 'IDX__TXHDRMGTRIGCTRL1': ParsedDataItem(IDX__TXHDRMGTRIGCTRL1, raw=4294965248, derived=4294965248, unit=None), 'IDX__TXHDRMGTRIGCTRL2': ParsedDataItem(IDX__TXHDRMGTRIGCTRL2, raw=4278255360, derived=4278255360, unit=None), 'IDX__TXHDRSP03': ParsedDataItem(IDX__TXHDRSP03, raw=0, derived=0, unit=None), 'IDX__TXHDRLSADC': ParsedDataItem(IDX__TXHDRLSADC, raw=1048320, derived=1048320, unit=None), 'IDX__TXHDRPOLSTAT': ParsedDataItem(IDX__TXHDRPOLSTAT, raw=1, derived=NEG, unit=None), 'IDX__TXHDRSP04': ParsedDataItem(IDX__TXHDRSP04, raw=0, derived=0, unit=None), 'IDX__TXHDRPOLCTRL': ParsedDataItem(IDX__TXHDRPOLCTRL, raw=0, derived=POS, unit=None), 'IDX__TXHDRCOINENA': ParsedDataItem(IDX__TXHDRCOINENA, raw=0, derived=DIS, unit=None), 'IDX__TXHDRLSTRIGMODE': ParsedDataItem(IDX__TXHDRLSTRIGMODE, raw=0, derived=DIS, unit=None), 'IDX__TXHDRMGTRIGMODE': ParsedDataItem(IDX__TXHDRMGTRIGMODE, raw=0, derived=0, unit=None), 'IDX__TXHDRLGTRIGMODE': ParsedDataItem(IDX__TXHDRLGTRIGMODE, raw=0, derived=0, unit=None), 'IDX__TXHDRHGTRIGMODE': ParsedDataItem(IDX__TXHDRHGTRIGMODE, raw=1, derived=1, unit=None), 'IDX__TXHDRSP05': ParsedDataItem(IDX__TXHDRSP05, raw=0, derived=0, unit=None), 'IDX__TXHDRSP06': ParsedDataItem(IDX__TXHDRSP06, raw=0, derived=0, unit=None), 'IDX__TXHDRSP07': ParsedDataItem(IDX__TXHDRSP07, raw=2019, derived=2019, unit=None), 'IDX__TXHDRSP08': ParsedDataItem(IDX__TXHDRSP08, raw=0, derived=0, unit=None), 'IDX__TXHDRTOFMAX': ParsedDataItem(IDX__TXHDRTOFMAX, raw=553131003, derived=553131003, unit=None), 'IDX__TXHDRTOFMIN': ParsedDataItem(IDX__TXHDRTOFMIN, raw=535295476, derived=535295476, unit=None), 'IDX__TXHDRLS0MAXMIN': ParsedDataItem(IDX__TXHDRLS0MAXMIN, raw=8468493, derived=8468493, unit=None), 'IDX__TXHDRLS1MAXMIN': ParsedDataItem(IDX__TXHDRLS1MAXMIN, raw=8447976, derived=8447976, unit=None), 'IDX__TXHDRLS2MAXMIN': ParsedDataItem(IDX__TXHDRLS2MAXMIN, raw=8501219, derived=8501219, unit=None), 'IDX__TXHDRFIFODELAY': ParsedDataItem(IDX__TXHDRFIFODELAY, raw=17, derived=17, unit=None), 'IDX__TXHDRSAMPDELAY': ParsedDataItem(IDX__TXHDRSAMPDELAY, raw=24140856, derived=24140856, unit=None), 'IDX__TXHDRTRANSCNT': ParsedDataItem(IDX__TXHDRTRANSCNT, raw=10, derived=10, unit=None), 'IDX__TXHDRPROCHKCH01': ParsedDataItem(IDX__TXHDRPROCHKCH01, raw=83821392, derived=83821392, unit=None), 'IDX__TXHDRPROCHKCH23': ParsedDataItem(IDX__TXHDRPROCHKCH23, raw=102302895, derived=102302895, unit=None), 'IDX__TXHDRPROCHKCH45': ParsedDataItem(IDX__TXHDRPROCHKCH45, raw=167970010, derived=167970010, unit=None), 'IDX__TXHDRPROCHKCH67': ParsedDataItem(IDX__TXHDRPROCHKCH67, raw=133695768, derived=133695768, unit=None), 'IDX__TXHDRHVPSHKCH01': ParsedDataItem(IDX__TXHDRHVPSHKCH01, raw=131860073, derived=131860073, unit=None), 'IDX__TXHDRHVPSHKCH23': ParsedDataItem(IDX__TXHDRHVPSHKCH23, raw=8849070, derived=8849070, unit=None), 'IDX__TXHDRHVPSHKCH45': ParsedDataItem(IDX__TXHDRHVPSHKCH45, raw=153290714, derived=153290714, unit=None), 'IDX__TXHDRHVPSHKCH67': ParsedDataItem(IDX__TXHDRHVPSHKCH67, raw=19991184, derived=19991184, unit=None), 'IDX__TXHDRLVHK0CH01': ParsedDataItem(IDX__TXHDRLVHK0CH01, raw=134219776, derived=134219776, unit=None), 'IDX__TXHDRLVHK0CH23': ParsedDataItem(IDX__TXHDRLVHK0CH23, raw=172035001, derived=172035001, unit=None), 'IDX__TXHDRLVHK0CH45': ParsedDataItem(IDX__TXHDRLVHK0CH45, raw=134745194, derived=134745194, unit=None), 'IDX__TXHDRLVHK0CH67': ParsedDataItem(IDX__TXHDRLVHK0CH67, raw=205917267, derived=205917267, unit=None), 'IDX__TXHDRLVHK1CH01': ParsedDataItem(IDX__TXHDRLVHK1CH01, raw=34801303, derived=34801303, unit=None), 'IDX__TXHDRLVHK1CH23': ParsedDataItem(IDX__TXHDRLVHK1CH23, raw=74712528, derived=74712528, unit=None), 'IDX__TXHDRLVHK1CH45': ParsedDataItem(IDX__TXHDRLVHK1CH45, raw=215484233, derived=215484233, unit=None), 'IDX__TXHDRLVHK1CH67': ParsedDataItem(IDX__TXHDRLVHK1CH67, raw=193003972, derived=193003972, unit=None), 'IDX__TXHDRLVHK2CH01': ParsedDataItem(IDX__TXHDRLVHK2CH01, raw=82314475, derived=82314475, unit=None), 'IDX__TXHDRLVHK2CH23': ParsedDataItem(IDX__TXHDRLVHK2CH23, raw=188680970, derived=188680970, unit=None), 'IDX__TXHDRLVHK2CH45': ParsedDataItem(IDX__TXHDRLVHK2CH45, raw=101059605, derived=101059605, unit=None), 'IDX__TXHDRLVHK2CH67': ParsedDataItem(IDX__TXHDRLVHK2CH67, raw=69016, derived=69016, unit=None), 'IDX__TXHDRSP09': ParsedDataItem(IDX__TXHDRSP09, raw=0, derived=0, unit=None), 'IDX__TXHDRSP10': ParsedDataItem(IDX__TXHDRSP10, raw=0, derived=0, unit=None), 'IDX__TXHDRFSWAIDCOPY': ParsedDataItem(IDX__TXHDRFSWAIDCOPY, raw=2415277392, derived=2415277392, unit=None), 'IDX__TXHDRFSWBINCOPY': ParsedDataItem(IDX__TXHDRFSWBINCOPY, raw=0, derived=0, unit=None), 'IDX__TXHDRFSWMAJOR': ParsedDataItem(IDX__TXHDRFSWMAJOR, raw=2, derived=2, unit=None), 'IDX__TXHDRFSWMINOR': ParsedDataItem(IDX__TXHDRFSWMINOR, raw=0, derived=0, unit=None), 'IDX__TXHDRFSWPATCH': ParsedDataItem(IDX__TXHDRFSWPATCH, raw=0, derived=0, unit=None), 'IDX__TXHDRFSWHVSTAT': ParsedDataItem(IDX__TXHDRFSWHVSTAT, raw=3, derived=3, unit=None), 'IDX__TXHDRFSWMEM0': ParsedDataItem(IDX__TXHDRFSWMEM0, raw=0, derived=0, unit=None), 'IDX__TXHDRFSWMEM1': ParsedDataItem(IDX__TXHDRFSWMEM1, raw=0, derived=0, unit=None), 'IDX__TXHDRFSWPT0': ParsedDataItem(IDX__TXHDRFSWPT0, raw=0, derived=0, unit=None), 'IDX__TXHDRFSWPT1': ParsedDataItem(IDX__TXHDRFSWPT1, raw=0, derived=0, unit=None), 'IDX__TXHDRFSWPT2': ParsedDataItem(IDX__TXHDRFSWPT2, raw=0, derived=0, unit=None), 'IDX__TXHDRFSWPT3': ParsedDataItem(IDX__TXHDRFSWPT3, raw=0, derived=0, unit=None), 'IDX__TXHDRFSWPT4': ParsedDataItem(IDX__TXHDRFSWPT4, raw=0, derived=0, unit=None), 'IDX__TXHDRFSWPT5': ParsedDataItem(IDX__TXHDRFSWPT5, raw=0, derived=0, unit=None), 'IDX__TXHDRFSWPT6': ParsedDataItem(IDX__TXHDRFSWPT6, raw=0, derived=0, unit=None), 'IDX__TXHDRFSWPT7': ParsedDataItem(IDX__TXHDRFSWPT7, raw=0, derived=0, unit=None), 'IDX__TXHDRFSWPT8': ParsedDataItem(IDX__TXHDRFSWPT8, raw=0, derived=0, unit=None), 'IDX__TXHDRFSWPT9': ParsedDataItem(IDX__TXHDRFSWPT9, raw=0, derived=0, unit=None), 'IDX__TXHDRFPGAVER': ParsedDataItem(IDX__TXHDRFPGAVER, raw=539165480, derived=539165480, unit=None), 'IDX__SYNCSCI0PKT': ParsedDataItem(IDX__SYNCSCI0PKT, raw=13107, derived=13107, unit=None), 'IDX__CRCSCI0PKT': ParsedDataItem(IDX__CRCSCI0PKT, raw=34386, derived=34386, unit=None)}
SHCOARSE = 439515763
SHFINE = 9158
IDX__SCI0AID = 2415277392
IDX__SCI0TYPE = 1
IDX__SCI0CONT = 127
IDX__SCI0SPARE1 = 0
IDX__SCI0PACK = EN
IDX__SCI0FRAG = DS
IDX__SCI0COMP = DS
IDX__SCI0EVTNUM = 89
IDX__SCI0CAT = 32
IDX__SCI0QUAL = 5
IDX__SCI0FRAGOFF = 0
IDX__SCI0VER = 9
IDX__SCI0TIME32 = 439515549
IDX__SCI0SPARE2 = 0
IDX__SCI0SPARE3 = 0
IDX__SCI0SPARE4 = 0
IDX__TXHDRSCIEVTLEN = 8320
IDX__TXHDRSP00 = 0
IDX__TXHDRTIMESEC1 = 6706
IDX__TXHDRTIMESEC2 = 31133
IDX__TXHDRTIMESUBS = 33942
IDX__TXHDRSP01 = 0
IDX__TXHDRTRIGOFFSET = 3
IDX__TXHDRSP02 = 0
IDX__TXHDRTRIGID = 1
IDX__TXHDREVTNUM = 89
IDX__TXHDRBLOCKS = 243679
IDX__TXHDRHGTRIGCTRL1 = 2222981120
IDX__TXHDRHGTRIGCTRL2 = 0
IDX__TXHDRLGTRIGCTRL1 = 4294965248
IDX__TXHDRLGTRIGCTRL2 = 4278255360
IDX__TXHDRMGTRIGCTRL1 = 4294965248
IDX__TXHDRMGTRIGCTRL2 = 4278255360
IDX__TXHDRSP03 = 0
IDX__TXHDRLSADC = 1048320
IDX__TXHDRPOLSTAT = NEG
IDX__TXHDRSP04 = 0
IDX__TXHDRPOLCTRL = POS
IDX__TXHDRCOINENA = DIS
IDX__TXHDRLSTRIGMODE = DIS
IDX__TXHDRMGTRIGMODE = 0
IDX__TXHDRLGTRIGMODE = 0
IDX__TXHDRHGTRIGMODE = 1
IDX__TXHDRSP05 = 0
IDX__TXHDRSP06 = 0
IDX__TXHDRSP07 = 2019
IDX__TXHDRSP08 = 0
IDX__TXHDRTOFMAX = 553131003
IDX__TXHDRTOFMIN = 535295476
IDX__TXHDRLS0MAXMIN = 8468493
IDX__TXHDRLS1MAXMIN = 8447976
IDX__TXHDRLS2MAXMIN = 8501219
IDX__TXHDRFIFODELAY = 17
IDX__TXHDRSAMPDELAY = 24140856
IDX__TXHDRTRANSCNT = 10
IDX__TXHDRPROCHKCH01 = 83821392
IDX__TXHDRPROCHKCH23 = 102302895
IDX__TXHDRPROCHKCH45 = 167970010
IDX__TXHDRPROCHKCH67 = 133695768
IDX__TXHDRHVPSHKCH01 = 131860073
IDX__TXHDRHVPSHKCH23 = 8849070
IDX__TXHDRHVPSHKCH45 = 153290714
IDX__TXHDRHVPSHKCH67 = 19991184
IDX__TXHDRLVHK0CH01 = 134219776
IDX__TXHDRLVHK0CH23 = 172035001
IDX__TXHDRLVHK0CH45 = 134745194
IDX__TXHDRLVHK0CH67 = 205917267
IDX__TXHDRLVHK1CH01 = 34801303
IDX__TXHDRLVHK1CH23 = 74712528
IDX__TXHDRLVHK1CH45 = 215484233
IDX__TXHDRLVHK1CH67 = 193003972
IDX__TXHDRLVHK2CH01 = 82314475
IDX__TXHDRLVHK2CH23 = 188680970
IDX__TXHDRLVHK2CH45 = 101059605
IDX__TXHDRLVHK2CH67 = 69016
IDX__TXHDRSP09 = 0
IDX__TXHDRSP10 = 0
IDX__TXHDRFSWAIDCOPY = 2415277392
IDX__TXHDRFSWBINCOPY = 0
IDX__TXHDRFSWMAJOR = 2
IDX__TXHDRFSWMINOR = 0
IDX__TXHDRFSWPATCH = 0
IDX__TXHDRFSWHVSTAT = 3
IDX__TXHDRFSWMEM0 = 0
IDX__TXHDRFSWMEM1 = 0
IDX__TXHDRFSWPT0 = 0
IDX__TXHDRFSWPT1 = 0
IDX__TXHDRFSWPT2 = 0
IDX__TXHDRFSWPT3 = 0
IDX__TXHDRFSWPT4 = 0
IDX__TXHDRFSWPT5 = 0
IDX__TXHDRFSWPT6 = 0
IDX__TXHDRFSWPT7 = 0
IDX__TXHDRFSWPT8 = 0
IDX__TXHDRFSWPT9 = 0
IDX__TXHDRFPGAVER = 539165480
IDX__SYNCSCI0PKT = 13107
IDX__CRCSCI0PKT = 34386
^*****Event header 8******^
EVTNUM: 8
SCI0TYPE: 1
TXHDRBLOCKS RAW: 243679
TXHDRBLOCKS DERIVED: 243679
-----
HS pre trig sampling blocks:  31
LS pre trig sampling blocks:  3
HS post trig sampling blocks:  31
LS post trig sampling blocks:  11
IDX__TXHDRHVPSHKCH01 = 131860073
Detector voltage =  1641
Sensor voltage =  2012
Target voltage =  1710
Reflectron voltage =  135
Rejection voltage =  2010
Current for HVPS sensor =  2339
Positive current for HVPS sensor =  2704
Negative current for HVPS sensor =  305
Voltage +3.3V reference =  2048
Voltage +3.3V operational reference =  2048
Voltage -6V bus =  3001
Voltage +6V bus =  2625
Voltage +16V bus =  3178
Voltage +3.3V bus =  2056
Voltage -5V bus =  3155
Voltage +5V bus =  3142
Current +3.3V bus =  1687
Current +16V bus =  1140
Current +6V bus =  1488
Current -6V bus =  1140
Current +5V bus =  1865
Current -5V bus =  3288
Current +2.5V bus =  452
Current -2.5V bus =  2945
Current on the 1V POL =  848
Current on the 1.9V POL =  1279
ProcBd Temperature 1 =  1199
ProcBd Temperature 2 =  1561
Voltage on 1V bus =  1242
FPGA Temperature =  2563
Voltage on 1.9V bus =  2328
Voltage on 3.3V bus =  2040
var_to_row = {'Last measurement in raw DN for Processor Board signal “1V POL Current”': 0, 'Last measurement in raw DN for Processor Board signal “1.9V POL Current”': 1, 'Last measurement in raw DN for Processor Board signal “ProcBd Temp1”': 2, nan: 48, 'Last measurement in raw DN for Processor Board signal “ProcBd Temp2”': 6, 'Last measurement in raw DN for Processor Board signal “1V Voltage”': 10, 'Last measurement in raw DN for Processor Board signal “FPGA Temp”': 11, 'Last measurement in raw DN for Processor Board signal “1.9V Voltage”': 12, 'Last measurement in raw DN for Processor Board signal “3.3V Voltage”': 13, 'Last measurement in raw DN for HVPS Board signal “Detector Voltage”': 14, 'Last measurement in raw DN for HVPS Board signal “Sensor Voltage"': 15, 'Last measurement in raw DN for HVPS Board signal “Target Voltage”': 16, 'Last measurement in raw DN for HVPS Board signal “Reflectron Voltage”': 17, 'Last measurement in raw DN for HVPS Board signal “Rejection Voltage”': 18, 'Last measurement in raw DN for HVPS Board signal “Detector Current”': 19, 'Last measurement in raw DN for HVPS Board signal “Sensor IP”': 20, 'Last measurement in raw DN for HVPS Board signal “Sensor IN”': 21, 'Last measurement in raw DN for LVPS Board signal “P3.3VREF_HK”': 22, 'Last measurement in raw DN for LVPS Board signal “P3.3VREF_OP”': 23, 'Last measurement in raw DN for LVPS Board signal “N6V”': 24, 'Last measurement in raw DN for LVPS Board signal “P6V”': 25, 'Last measurement in raw DN for LVPS Board signal “P16V”': 26, 'Last measurement in raw DN for LVPS Board signal “P3.3V”': 27, 'Last measurement in raw DN for LVPS Board signal “N5V”': 28, 'Last measurement in raw DN for LVPS Board signal “P5V”': 29, 'Last measurement in raw DN for LVPS Board signal “P3.3_IMON”': 30, 'Last measurement in raw DN for LVPS Board signal “P16V_IMON”': 31, 'Last measurement in raw DN for LVPS Board signal “P6V_IMON”': 32, 'Last measurement in raw DN for LVPS Board signal “N6V_IMON”': 33, 'Last measurement in raw DN for LVPS Board signal “P5V_IMON”': 34, 'Last measurement in raw DN for LVPS Board signal “N5V_IMON”': 35, 'Last measurement in raw DN for LVPS Board signal “P2.5V_IMON”': 36, 'Last measurement in raw DN for LVPS Board signal “N2.5V_IMON”': 37, 'Last measurement in raw DN for LVPS Board signal “THERM_DECON0”': 38, 'Last measurement in raw DN for LVPS Board signal “THERM_DECON1”': 39, 'Last measurement in raw DN for LVPS Board signal “THERM_DAB”': 40, 'Last measurement in raw DN for LVPS Board signal “THERM_LVPS”': 41, 'Last measurement in raw DN for LVPS Board signal “THERM_HVPS”': 45, 'Last measurement in raw DN for LVPS Board signal “P2.5V”': 49, 'Last measurement in raw DN for LVPS Board signal “N2.5V”': 50, 'Last measurement in raw DN for LVPS Board signal “Spare”': 51}

 
 ***** var_name being converted for each instrument setting ***** 
 

Matching row  18
coeffs for Last measurement in raw DN for Processor Board signal “1V POL Current”= [0.0 0.9029253 0.0 0.0 0.0 0.0 0.0 0.0]
var_name = Last measurement in raw DN for Processor Board signal “1V POL Current”
var_name = current_1V_pol
Header info = 848
Transformed value for current_1V_pol = 765.6806544
Matching row  18
coeffs for Last measurement in raw DN for Processor Board signal “1.9V POL Current”= [0.0 0.9029253 0.0 0.0 0.0 0.0 0.0 0.0]
var_name = Last measurement in raw DN for Processor Board signal “1.9V POL Current”
var_name = current_1.9V_pol
Header info = 1279
Transformed value for current_1.9V_pol = 1154.8414587
Matching row  18
coeffs for Last measurement in raw DN for Processor Board signal “ProcBd Temp1”= [162.8276 -0.2668687 0.0003323794 -2.43153e-07 9.034532e-11 -1.327735e-14
 0.0 0.0]
var_name = Last measurement in raw DN for Processor Board signal “ProcBd Temp1”
var_name = temperature_1
Header info = 1199
Transformed value for temperature_1 = 55.37765199321684
Matching row  18
coeffs for nan= [-104713.9 52.02446 -0.006463374 0.0 0.0 0.0 0.0 0.0]
var_name = nan
var_name = None
KeyError: (8, None) - Could not find entry for None, 48. Please check the Var_notes or variable mapping.
Matching row  18
coeffs for Last measurement in raw DN for Processor Board signal “ProcBd Temp2”= [162.8276 -0.2668687 0.0003323794 -2.43153e-07 9.034532e-11 -1.327735e-14
 0.0 0.0]
var_name = Last measurement in raw DN for Processor Board signal “ProcBd Temp2”
var_name = temperature_2
Header info = 1561
Transformed value for temperature_2 = 44.64778748986298
Matching row  18
coeffs for Last measurement in raw DN for Processor Board signal “1V Voltage”= [0.0 0.000805861 0.0 0.0 0.0 0.0 0.0 0.0]
var_name = Last measurement in raw DN for Processor Board signal “1V Voltage”
var_name = voltage_1V_bus
Header info = 1242
Transformed value for voltage_1V_bus = 1.0008793619999998
Matching row  18
coeffs for Last measurement in raw DN for Processor Board signal “FPGA Temp”= [358.31 -0.1187104 0.0 0.0 0.0 0.0 0.0 0.0]
var_name = Last measurement in raw DN for Processor Board signal “FPGA Temp”
var_name = fpga_temperature
Header info = 2563
Transformed value for fpga_temperature = 54.055244800000025
Matching row  18
coeffs for Last measurement in raw DN for Processor Board signal “1.9V Voltage”= [0.0 0.000805861 0.0 0.0 0.0 0.0 0.0 0.0]
var_name = Last measurement in raw DN for Processor Board signal “1.9V Voltage”
var_name = voltage_1.9V_bus
Header info = 2328
Transformed value for voltage_1.9V_bus = 1.8760444079999998
Matching row  18
coeffs for Last measurement in raw DN for Processor Board signal “3.3V Voltage”= [0.0 0.001611722 0.0 0.0 0.0 0.0 0.0 0.0]
var_name = Last measurement in raw DN for Processor Board signal “3.3V Voltage”
var_name = voltage_3.3V_bus
Header info = 2040
Transformed value for voltage_3.3V_bus = 3.28791288
Matching row  18
coeffs for Last measurement in raw DN for HVPS Board signal “Detector Voltage”= [0.0 1.4652 0.0 0.0 0.0 0.0 0.0 0.0]
var_name = Last measurement in raw DN for HVPS Board signal “Detector Voltage”
var_name = detector_voltage
Header info = 1641
Transformed value for detector_voltage = 2404.3932
Matching row  18
coeffs for Last measurement in raw DN for HVPS Board signal “Sensor Voltage"= [0.0 1.4652 0.0 0.0 0.0 0.0 0.0 0.0]
var_name = Last measurement in raw DN for HVPS Board signal “Sensor Voltage"
var_name = sensor_voltage
Header info = 2012
Transformed value for sensor_voltage = 2947.9824000000003
Matching row  18
coeffs for Last measurement in raw DN for HVPS Board signal “Target Voltage”= [0.0 1.4652 0.0 0.0 0.0 0.0 0.0 0.0]
var_name = Last measurement in raw DN for HVPS Board signal “Target Voltage”
var_name = target_voltage
Header info = 1710
Transformed value for target_voltage = 2505.492
Matching row  18
coeffs for Last measurement in raw DN for HVPS Board signal “Reflectron Voltage”= [0.0 1.4652 0.0 0.0 0.0 0.0 0.0 0.0]
var_name = Last measurement in raw DN for HVPS Board signal “Reflectron Voltage”
var_name = reflectron_voltage
Header info = 135
Transformed value for reflectron_voltage = 197.80200000000002
Matching row  18
coeffs for Last measurement in raw DN for HVPS Board signal “Rejection Voltage”= [0.0 1.4652 0.0 0.0 0.0 0.0 0.0 0.0]
var_name = Last measurement in raw DN for HVPS Board signal “Rejection Voltage”
var_name = rejection_voltage
Header info = 2010
Transformed value for rejection_voltage = 2945.052
Matching row  18
coeffs for Last measurement in raw DN for HVPS Board signal “Detector Current”= [0.0 7.326e-06 0.0 0.0 0.0 0.0 0.0 0.0]
var_name = Last measurement in raw DN for HVPS Board signal “Detector Current”
var_name = current_hvps_sensor
Header info = 2339
Transformed value for current_hvps_sensor = 0.017135514
Matching row  18
coeffs for Last measurement in raw DN for HVPS Board signal “Sensor IP”= [0.0 2.4339e-05 0.0 0.0 0.0 0.0 0.0 0.0]
var_name = Last measurement in raw DN for HVPS Board signal “Sensor IP”
var_name = positive_current_hvps
Header info = 2704
Transformed value for positive_current_hvps = 0.065812656
Matching row  18
coeffs for Last measurement in raw DN for HVPS Board signal “Sensor IN”= [0.0 2.4339e-05 0.0 0.0 0.0 0.0 0.0 0.0]
var_name = Last measurement in raw DN for HVPS Board signal “Sensor IN”
var_name = negative_current_hvps
Header info = 305
Transformed value for negative_current_hvps = 0.007423394999999999
Matching row  18
coeffs for Last measurement in raw DN for LVPS Board signal “P3.3VREF_HK”= [0.0 0.00161172 0.0 0.0 0.0 0.0 0.0 0.0]
var_name = Last measurement in raw DN for LVPS Board signal “P3.3VREF_HK”
var_name = voltage_3V3_ref
Header info = 2048
Transformed value for voltage_3V3_ref = 3.30080256
Matching row  18
coeffs for Last measurement in raw DN for LVPS Board signal “P3.3VREF_OP”= [0.0 0.00161172 0.0 0.0 0.0 0.0 0.0 0.0]
var_name = Last measurement in raw DN for LVPS Board signal “P3.3VREF_OP”
var_name = voltage_3V3_op_ref
Header info = 2048
Transformed value for voltage_3V3_op_ref = 3.30080256
Matching row  18
coeffs for Last measurement in raw DN for LVPS Board signal “N6V”= [-33.0 0.00886447 0.0 0.0 0.0 0.0 0.0 0.0]
var_name = Last measurement in raw DN for LVPS Board signal “N6V”
var_name = voltage_neg6V_bus
Header info = 3001
Transformed value for voltage_neg6V_bus = -6.397725530000002
Matching row  18
coeffs for Last measurement in raw DN for LVPS Board signal “P6V”= [0.0 0.00241758 0.0 0.0 0.0 0.0 0.0 0.0]
var_name = Last measurement in raw DN for LVPS Board signal “P6V”
var_name = voltage_pos6V_bus
Header info = 2625
Transformed value for voltage_pos6V_bus = 6.3461475
Matching row  18
coeffs for Last measurement in raw DN for LVPS Board signal “P16V”= [0.0 0.00482711 0.0 0.0 0.0 0.0 0.0 0.0]
var_name = Last measurement in raw DN for LVPS Board signal “P16V”
var_name = voltage_pos16V_bus
Header info = 3178
Transformed value for voltage_pos16V_bus = 15.34055558
Matching row  18
coeffs for Last measurement in raw DN for LVPS Board signal “P3.3V”= [0.0 0.00161172 0.0 0.0 0.0 0.0 0.0 0.0]
var_name = Last measurement in raw DN for LVPS Board signal “P3.3V”
var_name = voltage_pos3V3_bus
Header info = 2056
Transformed value for voltage_pos3V3_bus = 3.31369632
Matching row  18
coeffs for Last measurement in raw DN for LVPS Board signal “N5V”= [-33.0 0.00886447 0.0 0.0 0.0 0.0 0.0 0.0]
var_name = Last measurement in raw DN for LVPS Board signal “N5V”
var_name = voltage_neg5V_bus
Header info = 3155
Transformed value for voltage_neg5V_bus = -5.032597150000001
Matching row  18
coeffs for Last measurement in raw DN for LVPS Board signal “P5V”= [0.0 0.00161172 0.0 0.0 0.0 0.0 0.0 0.0]
var_name = Last measurement in raw DN for LVPS Board signal “P5V”
var_name = voltage_pos5V_bus
Header info = 3142
Transformed value for voltage_pos5V_bus = 5.06402424
Matching row  18
coeffs for Last measurement in raw DN for LVPS Board signal “P3.3_IMON”= [0.0 0.00161172 0.0 0.0 0.0 0.0 0.0 0.0]
var_name = Last measurement in raw DN for LVPS Board signal “P3.3_IMON”
var_name = current_3V3_bus
Header info = 1687
Transformed value for current_3V3_bus = 2.7189716400000004
Matching row  18
coeffs for Last measurement in raw DN for LVPS Board signal “P16V_IMON”= [0.0 0.000161172 0.0 0.0 0.0 0.0 0.0 0.0]
var_name = Last measurement in raw DN for LVPS Board signal “P16V_IMON”
var_name = current_16V_bus
Header info = 1140
Transformed value for current_16V_bus = 0.18373608
Matching row  18
coeffs for Last measurement in raw DN for LVPS Board signal “P6V_IMON”= [0.0 8.05861e-05 0.0 0.0 0.0 0.0 0.0 0.0]
var_name = Last measurement in raw DN for LVPS Board signal “P6V_IMON”
var_name = current_6V_bus
Header info = 1488
Transformed value for current_6V_bus = 0.1199121168
Matching row  18
coeffs for Last measurement in raw DN for LVPS Board signal “N6V_IMON”= [0.0 -8.05861e-05 0.0 0.0 0.0 0.0 0.0 0.0]
var_name = Last measurement in raw DN for LVPS Board signal “N6V_IMON”
var_name = current_neg6V_bus
Header info = 1140
Transformed value for current_neg6V_bus = -0.091868154
Matching row  18
coeffs for Last measurement in raw DN for LVPS Board signal “P5V_IMON”= [0.0 4.029304e-05 0.0 0.0 0.0 0.0 0.0 0.0]
var_name = Last measurement in raw DN for LVPS Board signal “P5V_IMON”
var_name = current_5V_bus
Header info = 1865
Transformed value for current_5V_bus = 0.0751465196
Matching row  18
coeffs for Last measurement in raw DN for LVPS Board signal “N5V_IMON”= [0.0 -2.01465e-05 0.0 0.0 0.0 0.0 0.0 0.0]
var_name = Last measurement in raw DN for LVPS Board signal “N5V_IMON”
var_name = current_neg5V_bus
Header info = 3288
Transformed value for current_neg5V_bus = -0.066241692
Matching row  18
coeffs for Last measurement in raw DN for LVPS Board signal “P2.5V_IMON”= [0.0 0.00161172 0.0 0.0 0.0 0.0 0.0 0.0]
var_name = Last measurement in raw DN for LVPS Board signal “P2.5V_IMON”
var_name = current_2V5_bus
Header info = 452
Transformed value for current_2V5_bus = 0.72849744
Matching row  18
coeffs for Last measurement in raw DN for LVPS Board signal “N2.5V_IMON”= [0.0 -4.0293e-05 0.0 0.0 0.0 0.0 0.0 0.0]
var_name = Last measurement in raw DN for LVPS Board signal “N2.5V_IMON”
var_name = current_neg2V5_bus
Header info = 2945
Transformed value for current_neg2V5_bus = -0.11866288500000001
Matching row  18
coeffs for Last measurement in raw DN for LVPS Board signal “THERM_DECON0”= [-110.293 0.0665351 0.000305738 -6.32048e-07 5.9934e-10 -2.98784e-13
 7.61361e-17 -7.76467e-21]
var_name = Last measurement in raw DN for LVPS Board signal “THERM_DECON0”
var_name = None
KeyError: (8, None) - Could not find entry for None, 38. Please check the Var_notes or variable mapping.
Matching row  18
coeffs for Last measurement in raw DN for LVPS Board signal “THERM_DECON1”= [-150.478 0.376986 -0.00062072 7.73853e-07 -5.81588e-10 2.56368e-13
 -6.05698e-17 5.96635e-21]
var_name = Last measurement in raw DN for LVPS Board signal “THERM_DECON1”
var_name = None
KeyError: (8, None) - Could not find entry for None, 39. Please check the Var_notes or variable mapping.
Matching row  18
coeffs for Last measurement in raw DN for LVPS Board signal “THERM_DAB”= [-443.248 1.31224 -0.00180422 1.40016e-06 -6.43766e-10 1.7448e-13
 -2.57695e-17 1.60239e-21]
var_name = Last measurement in raw DN for LVPS Board signal “THERM_DAB”
var_name = None
KeyError: (8, None) - Could not find entry for None, 40. Please check the Var_notes or variable mapping.
Matching row  18
coeffs for Last measurement in raw DN for LVPS Board signal “THERM_LVPS”= [200.4137 -0.2020699 0.000175403 -9.739547e-08 2.888932e-11 -3.545603e-15
 0.0 0.0]
var_name = Last measurement in raw DN for LVPS Board signal “THERM_LVPS”
var_name = None
KeyError: (8, None) - Could not find entry for None, 41. Please check the Var_notes or variable mapping.
Matching row  18
coeffs for Last measurement in raw DN for LVPS Board signal “THERM_HVPS”= [200.4137 -0.2020699 0.000175403 -9.739547e-08 2.888932e-11 -3.545603e-15
 0.0 0.0]
var_name = Last measurement in raw DN for LVPS Board signal “THERM_HVPS”
var_name = None
KeyError: (8, None) - Could not find entry for None, 45. Please check the Var_notes or variable mapping.
Matching row  18
coeffs for Last measurement in raw DN for LVPS Board signal “P2.5V”= [0.0 0.00161172 0.0 0.0 0.0 0.0 0.0 0.0]
var_name = Last measurement in raw DN for LVPS Board signal “P2.5V”
var_name = None
KeyError: (8, None) - Could not find entry for None, 49. Please check the Var_notes or variable mapping.
Matching row  18
coeffs for Last measurement in raw DN for LVPS Board signal “N2.5V”= [-33.0 0.00886447 0.0 0.0 0.0 0.0 0.0 0.0]
var_name = Last measurement in raw DN for LVPS Board signal “N2.5V”
var_name = None
KeyError: (8, None) - Could not find entry for None, 50. Please check the Var_notes or variable mapping.
Matching row  18
coeffs for Last measurement in raw DN for LVPS Board signal “Spare”= [0.0 0.00161172 0.0 0.0 0.0 0.0 0.0 0.0]
var_name = Last measurement in raw DN for LVPS Board signal “Spare”
var_name = spare_signal
KeyError: (8, 'spare_signal') - Could not find entry for spare_signal, 51. Please check the Var_notes or variable mapping.
High gain delay = 56 samples.
Mid gain delay = 23 samples.
Low gain delay = 23 samples.
High sampling trigger mode =  0 0 1
High gain trigger mode enabled.
For 2222981120, HG Trigger level = 0.15317, sample settings = 0, 0
Threshold trigger mode enabled for high gain channel.
AID = 2415277392
Event number = 89
Rice compression enabled = False
Timestamp = 439515549.67884 seconds since epoch (Midnight January 1st, 2010)
Trigger time = 2023-12-05T23:39:09.678840Z
8
8
8
8
8
8
8
8
8
8
8
8
8
{'SHCOARSE': ParsedDataItem(SHCOARSE, raw=439515777, derived=439515777, unit=dn), 'SHFINE': ParsedDataItem(SHFINE, raw=9168, derived=9168, unit=dn), 'IDX__SCI0AID': ParsedDataItem(IDX__SCI0AID, raw=2415277392, derived=2415277392, unit=None), 'IDX__SCI0TYPE': ParsedDataItem(IDX__SCI0TYPE, raw=1, derived=1, unit=None), 'IDX__SCI0CONT': ParsedDataItem(IDX__SCI0CONT, raw=127, derived=127, unit=None), 'IDX__SCI0SPARE1': ParsedDataItem(IDX__SCI0SPARE1, raw=0, derived=0, unit=None), 'IDX__SCI0PACK': ParsedDataItem(IDX__SCI0PACK, raw=1, derived=EN, unit=None), 'IDX__SCI0FRAG': ParsedDataItem(IDX__SCI0FRAG, raw=0, derived=DS, unit=None), 'IDX__SCI0COMP': ParsedDataItem(IDX__SCI0COMP, raw=0, derived=DS, unit=None), 'IDX__SCI0EVTNUM': ParsedDataItem(IDX__SCI0EVTNUM, raw=90, derived=90, unit=None), 'IDX__SCI0CAT': ParsedDataItem(IDX__SCI0CAT, raw=32, derived=32, unit=None), 'IDX__SCI0QUAL': ParsedDataItem(IDX__SCI0QUAL, raw=5, derived=5, unit=None), 'IDX__SCI0FRAGOFF': ParsedDataItem(IDX__SCI0FRAGOFF, raw=0, derived=0, unit=None), 'IDX__SCI0VER': ParsedDataItem(IDX__SCI0VER, raw=9, derived=9, unit=None), 'IDX__SCI0TIME32': ParsedDataItem(IDX__SCI0TIME32, raw=439515550, derived=439515550, unit=None), 'IDX__SCI0SPARE2': ParsedDataItem(IDX__SCI0SPARE2, raw=0, derived=0, unit=None), 'IDX__SCI0SPARE3': ParsedDataItem(IDX__SCI0SPARE3, raw=0, derived=0, unit=None), 'IDX__SCI0SPARE4': ParsedDataItem(IDX__SCI0SPARE4, raw=0, derived=0, unit=None), 'IDX__TXHDRSCIEVTLEN': ParsedDataItem(IDX__TXHDRSCIEVTLEN, raw=8320, derived=8320, unit=None), 'IDX__TXHDRSP00': ParsedDataItem(IDX__TXHDRSP00, raw=0, derived=0, unit=None), 'IDX__TXHDRTIMESEC1': ParsedDataItem(IDX__TXHDRTIMESEC1, raw=6706, derived=6706, unit=None), 'IDX__TXHDRTIMESEC2': ParsedDataItem(IDX__TXHDRTIMESEC2, raw=31134, derived=31134, unit=None), 'IDX__TXHDRTIMESUBS': ParsedDataItem(IDX__TXHDRTIMESUBS, raw=33939, derived=33939, unit=None), 'IDX__TXHDRSP01': ParsedDataItem(IDX__TXHDRSP01, raw=0, derived=0, unit=None), 'IDX__TXHDRTRIGOFFSET': ParsedDataItem(IDX__TXHDRTRIGOFFSET, raw=7, derived=7, unit=None), 'IDX__TXHDRSP02': ParsedDataItem(IDX__TXHDRSP02, raw=0, derived=0, unit=None), 'IDX__TXHDRTRIGID': ParsedDataItem(IDX__TXHDRTRIGID, raw=1, derived=1, unit=None), 'IDX__TXHDREVTNUM': ParsedDataItem(IDX__TXHDREVTNUM, raw=90, derived=90, unit=None), 'IDX__TXHDRBLOCKS': ParsedDataItem(IDX__TXHDRBLOCKS, raw=243679, derived=243679, unit=None), 'IDX__TXHDRHGTRIGCTRL1': ParsedDataItem(IDX__TXHDRHGTRIGCTRL1, raw=2222981120, derived=2222981120, unit=None), 'IDX__TXHDRHGTRIGCTRL2': ParsedDataItem(IDX__TXHDRHGTRIGCTRL2, raw=0, derived=0, unit=None), 'IDX__TXHDRLGTRIGCTRL1': ParsedDataItem(IDX__TXHDRLGTRIGCTRL1, raw=4294965248, derived=4294965248, unit=None), 'IDX__TXHDRLGTRIGCTRL2': ParsedDataItem(IDX__TXHDRLGTRIGCTRL2, raw=4278255360, derived=4278255360, unit=None), 'IDX__TXHDRMGTRIGCTRL1': ParsedDataItem(IDX__TXHDRMGTRIGCTRL1, raw=4294965248, derived=4294965248, unit=None), 'IDX__TXHDRMGTRIGCTRL2': ParsedDataItem(IDX__TXHDRMGTRIGCTRL2, raw=4278255360, derived=4278255360, unit=None), 'IDX__TXHDRSP03': ParsedDataItem(IDX__TXHDRSP03, raw=0, derived=0, unit=None), 'IDX__TXHDRLSADC': ParsedDataItem(IDX__TXHDRLSADC, raw=1048320, derived=1048320, unit=None), 'IDX__TXHDRPOLSTAT': ParsedDataItem(IDX__TXHDRPOLSTAT, raw=1, derived=NEG, unit=None), 'IDX__TXHDRSP04': ParsedDataItem(IDX__TXHDRSP04, raw=0, derived=0, unit=None), 'IDX__TXHDRPOLCTRL': ParsedDataItem(IDX__TXHDRPOLCTRL, raw=0, derived=POS, unit=None), 'IDX__TXHDRCOINENA': ParsedDataItem(IDX__TXHDRCOINENA, raw=0, derived=DIS, unit=None), 'IDX__TXHDRLSTRIGMODE': ParsedDataItem(IDX__TXHDRLSTRIGMODE, raw=0, derived=DIS, unit=None), 'IDX__TXHDRMGTRIGMODE': ParsedDataItem(IDX__TXHDRMGTRIGMODE, raw=0, derived=0, unit=None), 'IDX__TXHDRLGTRIGMODE': ParsedDataItem(IDX__TXHDRLGTRIGMODE, raw=0, derived=0, unit=None), 'IDX__TXHDRHGTRIGMODE': ParsedDataItem(IDX__TXHDRHGTRIGMODE, raw=1, derived=1, unit=None), 'IDX__TXHDRSP05': ParsedDataItem(IDX__TXHDRSP05, raw=0, derived=0, unit=None), 'IDX__TXHDRSP06': ParsedDataItem(IDX__TXHDRSP06, raw=0, derived=0, unit=None), 'IDX__TXHDRSP07': ParsedDataItem(IDX__TXHDRSP07, raw=2020, derived=2020, unit=None), 'IDX__TXHDRSP08': ParsedDataItem(IDX__TXHDRSP08, raw=0, derived=0, unit=None), 'IDX__TXHDRTOFMAX': ParsedDataItem(IDX__TXHDRTOFMAX, raw=553131007, derived=553131007, unit=None), 'IDX__TXHDRTOFMIN': ParsedDataItem(IDX__TXHDRTOFMIN, raw=535295476, derived=535295476, unit=None), 'IDX__TXHDRLS0MAXMIN': ParsedDataItem(IDX__TXHDRLS0MAXMIN, raw=8468493, derived=8468493, unit=None), 'IDX__TXHDRLS1MAXMIN': ParsedDataItem(IDX__TXHDRLS1MAXMIN, raw=8447976, derived=8447976, unit=None), 'IDX__TXHDRLS2MAXMIN': ParsedDataItem(IDX__TXHDRLS2MAXMIN, raw=8325092, derived=8325092, unit=None), 'IDX__TXHDRFIFODELAY': ParsedDataItem(IDX__TXHDRFIFODELAY, raw=16, derived=16, unit=None), 'IDX__TXHDRSAMPDELAY': ParsedDataItem(IDX__TXHDRSAMPDELAY, raw=57728086, derived=57728086, unit=None), 'IDX__TXHDRTRANSCNT': ParsedDataItem(IDX__TXHDRTRANSCNT, raw=4, derived=4, unit=None), 'IDX__TXHDRPROCHKCH01': ParsedDataItem(IDX__TXHDRPROCHKCH01, raw=83821392, derived=83821392, unit=None), 'IDX__TXHDRPROCHKCH23': ParsedDataItem(IDX__TXHDRPROCHKCH23, raw=102302895, derived=102302895, unit=None), 'IDX__TXHDRPROCHKCH45': ParsedDataItem(IDX__TXHDRPROCHKCH45, raw=168035546, derived=168035546, unit=None), 'IDX__TXHDRPROCHKCH67': ParsedDataItem(IDX__TXHDRPROCHKCH67, raw=133695768, derived=133695768, unit=None), 'IDX__TXHDRHVPSHKCH01': ParsedDataItem(IDX__TXHDRHVPSHKCH01, raw=131860073, derived=131860073, unit=None), 'IDX__TXHDRHVPSHKCH23': ParsedDataItem(IDX__TXHDRHVPSHKCH23, raw=8849070, derived=8849070, unit=None), 'IDX__TXHDRHVPSHKCH45': ParsedDataItem(IDX__TXHDRHVPSHKCH45, raw=153290714, derived=153290714, unit=None), 'IDX__TXHDRHVPSHKCH67': ParsedDataItem(IDX__TXHDRHVPSHKCH67, raw=19991184, derived=19991184, unit=None), 'IDX__TXHDRLVHK0CH01': ParsedDataItem(IDX__TXHDRLVHK0CH01, raw=134219776, derived=134219776, unit=None), 'IDX__TXHDRLVHK0CH23': ParsedDataItem(IDX__TXHDRLVHK0CH23, raw=172035001, derived=172035001, unit=None), 'IDX__TXHDRLVHK0CH45': ParsedDataItem(IDX__TXHDRLVHK0CH45, raw=134745194, derived=134745194, unit=None), 'IDX__TXHDRLVHK0CH67': ParsedDataItem(IDX__TXHDRLVHK0CH67, raw=205917267, derived=205917267, unit=None), 'IDX__TXHDRLVHK1CH01': ParsedDataItem(IDX__TXHDRLVHK1CH01, raw=34801303, derived=34801303, unit=None), 'IDX__TXHDRLVHK1CH23': ParsedDataItem(IDX__TXHDRLVHK1CH23, raw=74712528, derived=74712528, unit=None), 'IDX__TXHDRLVHK1CH45': ParsedDataItem(IDX__TXHDRLVHK1CH45, raw=215484233, derived=215484233, unit=None), 'IDX__TXHDRLVHK1CH67': ParsedDataItem(IDX__TXHDRLVHK1CH67, raw=193003972, derived=193003972, unit=None), 'IDX__TXHDRLVHK2CH01': ParsedDataItem(IDX__TXHDRLVHK2CH01, raw=82314475, derived=82314475, unit=None), 'IDX__TXHDRLVHK2CH23': ParsedDataItem(IDX__TXHDRLVHK2CH23, raw=188680970, derived=188680970, unit=None), 'IDX__TXHDRLVHK2CH45': ParsedDataItem(IDX__TXHDRLVHK2CH45, raw=100994069, derived=100994069, unit=None), 'IDX__TXHDRLVHK2CH67': ParsedDataItem(IDX__TXHDRLVHK2CH67, raw=69016, derived=69016, unit=None), 'IDX__TXHDRSP09': ParsedDataItem(IDX__TXHDRSP09, raw=0, derived=0, unit=None), 'IDX__TXHDRSP10': ParsedDataItem(IDX__TXHDRSP10, raw=0, derived=0, unit=None), 'IDX__TXHDRFSWAIDCOPY': ParsedDataItem(IDX__TXHDRFSWAIDCOPY, raw=2415277392, derived=2415277392, unit=None), 'IDX__TXHDRFSWBINCOPY': ParsedDataItem(IDX__TXHDRFSWBINCOPY, raw=0, derived=0, unit=None), 'IDX__TXHDRFSWMAJOR': ParsedDataItem(IDX__TXHDRFSWMAJOR, raw=2, derived=2, unit=None), 'IDX__TXHDRFSWMINOR': ParsedDataItem(IDX__TXHDRFSWMINOR, raw=0, derived=0, unit=None), 'IDX__TXHDRFSWPATCH': ParsedDataItem(IDX__TXHDRFSWPATCH, raw=0, derived=0, unit=None), 'IDX__TXHDRFSWHVSTAT': ParsedDataItem(IDX__TXHDRFSWHVSTAT, raw=3, derived=3, unit=None), 'IDX__TXHDRFSWMEM0': ParsedDataItem(IDX__TXHDRFSWMEM0, raw=0, derived=0, unit=None), 'IDX__TXHDRFSWMEM1': ParsedDataItem(IDX__TXHDRFSWMEM1, raw=0, derived=0, unit=None), 'IDX__TXHDRFSWPT0': ParsedDataItem(IDX__TXHDRFSWPT0, raw=0, derived=0, unit=None), 'IDX__TXHDRFSWPT1': ParsedDataItem(IDX__TXHDRFSWPT1, raw=0, derived=0, unit=None), 'IDX__TXHDRFSWPT2': ParsedDataItem(IDX__TXHDRFSWPT2, raw=0, derived=0, unit=None), 'IDX__TXHDRFSWPT3': ParsedDataItem(IDX__TXHDRFSWPT3, raw=0, derived=0, unit=None), 'IDX__TXHDRFSWPT4': ParsedDataItem(IDX__TXHDRFSWPT4, raw=0, derived=0, unit=None), 'IDX__TXHDRFSWPT5': ParsedDataItem(IDX__TXHDRFSWPT5, raw=0, derived=0, unit=None), 'IDX__TXHDRFSWPT6': ParsedDataItem(IDX__TXHDRFSWPT6, raw=0, derived=0, unit=None), 'IDX__TXHDRFSWPT7': ParsedDataItem(IDX__TXHDRFSWPT7, raw=0, derived=0, unit=None), 'IDX__TXHDRFSWPT8': ParsedDataItem(IDX__TXHDRFSWPT8, raw=0, derived=0, unit=None), 'IDX__TXHDRFSWPT9': ParsedDataItem(IDX__TXHDRFSWPT9, raw=0, derived=0, unit=None), 'IDX__TXHDRFPGAVER': ParsedDataItem(IDX__TXHDRFPGAVER, raw=539165480, derived=539165480, unit=None), 'IDX__SYNCSCI0PKT': ParsedDataItem(IDX__SYNCSCI0PKT, raw=13107, derived=13107, unit=None), 'IDX__CRCSCI0PKT': ParsedDataItem(IDX__CRCSCI0PKT, raw=52903, derived=52903, unit=None)}
SHCOARSE = 439515777
SHFINE = 9168
IDX__SCI0AID = 2415277392
IDX__SCI0TYPE = 1
IDX__SCI0CONT = 127
IDX__SCI0SPARE1 = 0
IDX__SCI0PACK = EN
IDX__SCI0FRAG = DS
IDX__SCI0COMP = DS
IDX__SCI0EVTNUM = 90
IDX__SCI0CAT = 32
IDX__SCI0QUAL = 5
IDX__SCI0FRAGOFF = 0
IDX__SCI0VER = 9
IDX__SCI0TIME32 = 439515550
IDX__SCI0SPARE2 = 0
IDX__SCI0SPARE3 = 0
IDX__SCI0SPARE4 = 0
IDX__TXHDRSCIEVTLEN = 8320
IDX__TXHDRSP00 = 0
IDX__TXHDRTIMESEC1 = 6706
IDX__TXHDRTIMESEC2 = 31134
IDX__TXHDRTIMESUBS = 33939
IDX__TXHDRSP01 = 0
IDX__TXHDRTRIGOFFSET = 7
IDX__TXHDRSP02 = 0
IDX__TXHDRTRIGID = 1
IDX__TXHDREVTNUM = 90
IDX__TXHDRBLOCKS = 243679
IDX__TXHDRHGTRIGCTRL1 = 2222981120
IDX__TXHDRHGTRIGCTRL2 = 0
IDX__TXHDRLGTRIGCTRL1 = 4294965248
IDX__TXHDRLGTRIGCTRL2 = 4278255360
IDX__TXHDRMGTRIGCTRL1 = 4294965248
IDX__TXHDRMGTRIGCTRL2 = 4278255360
IDX__TXHDRSP03 = 0
IDX__TXHDRLSADC = 1048320
IDX__TXHDRPOLSTAT = NEG
IDX__TXHDRSP04 = 0
IDX__TXHDRPOLCTRL = POS
IDX__TXHDRCOINENA = DIS
IDX__TXHDRLSTRIGMODE = DIS
IDX__TXHDRMGTRIGMODE = 0
IDX__TXHDRLGTRIGMODE = 0
IDX__TXHDRHGTRIGMODE = 1
IDX__TXHDRSP05 = 0
IDX__TXHDRSP06 = 0
IDX__TXHDRSP07 = 2020
IDX__TXHDRSP08 = 0
IDX__TXHDRTOFMAX = 553131007
IDX__TXHDRTOFMIN = 535295476
IDX__TXHDRLS0MAXMIN = 8468493
IDX__TXHDRLS1MAXMIN = 8447976
IDX__TXHDRLS2MAXMIN = 8325092
IDX__TXHDRFIFODELAY = 16
IDX__TXHDRSAMPDELAY = 57728086
IDX__TXHDRTRANSCNT = 4
IDX__TXHDRPROCHKCH01 = 83821392
IDX__TXHDRPROCHKCH23 = 102302895
IDX__TXHDRPROCHKCH45 = 168035546
IDX__TXHDRPROCHKCH67 = 133695768
IDX__TXHDRHVPSHKCH01 = 131860073
IDX__TXHDRHVPSHKCH23 = 8849070
IDX__TXHDRHVPSHKCH45 = 153290714
IDX__TXHDRHVPSHKCH67 = 19991184
IDX__TXHDRLVHK0CH01 = 134219776
IDX__TXHDRLVHK0CH23 = 172035001
IDX__TXHDRLVHK0CH45 = 134745194
IDX__TXHDRLVHK0CH67 = 205917267
IDX__TXHDRLVHK1CH01 = 34801303
IDX__TXHDRLVHK1CH23 = 74712528
IDX__TXHDRLVHK1CH45 = 215484233
IDX__TXHDRLVHK1CH67 = 193003972
IDX__TXHDRLVHK2CH01 = 82314475
IDX__TXHDRLVHK2CH23 = 188680970
IDX__TXHDRLVHK2CH45 = 100994069
IDX__TXHDRLVHK2CH67 = 69016
IDX__TXHDRSP09 = 0
IDX__TXHDRSP10 = 0
IDX__TXHDRFSWAIDCOPY = 2415277392
IDX__TXHDRFSWBINCOPY = 0
IDX__TXHDRFSWMAJOR = 2
IDX__TXHDRFSWMINOR = 0
IDX__TXHDRFSWPATCH = 0
IDX__TXHDRFSWHVSTAT = 3
IDX__TXHDRFSWMEM0 = 0
IDX__TXHDRFSWMEM1 = 0
IDX__TXHDRFSWPT0 = 0
IDX__TXHDRFSWPT1 = 0
IDX__TXHDRFSWPT2 = 0
IDX__TXHDRFSWPT3 = 0
IDX__TXHDRFSWPT4 = 0
IDX__TXHDRFSWPT5 = 0
IDX__TXHDRFSWPT6 = 0
IDX__TXHDRFSWPT7 = 0
IDX__TXHDRFSWPT8 = 0
IDX__TXHDRFSWPT9 = 0
IDX__TXHDRFPGAVER = 539165480
IDX__SYNCSCI0PKT = 13107
IDX__CRCSCI0PKT = 52903
^*****Event header 9******^
EVTNUM: 9
SCI0TYPE: 1
TXHDRBLOCKS RAW: 243679
TXHDRBLOCKS DERIVED: 243679
-----
HS pre trig sampling blocks:  31
LS pre trig sampling blocks:  3
HS post trig sampling blocks:  31
LS post trig sampling blocks:  11
IDX__TXHDRHVPSHKCH01 = 131860073
Detector voltage =  1641
Sensor voltage =  2012
Target voltage =  1710
Reflectron voltage =  135
Rejection voltage =  2010
Current for HVPS sensor =  2339
Positive current for HVPS sensor =  2704
Negative current for HVPS sensor =  305
Voltage +3.3V reference =  2048
Voltage +3.3V operational reference =  2048
Voltage -6V bus =  3001
Voltage +6V bus =  2625
Voltage +16V bus =  3178
Voltage +3.3V bus =  2056
Voltage -5V bus =  3155
Voltage +5V bus =  3142
Current +3.3V bus =  1687
Current +16V bus =  1140
Current +6V bus =  1488
Current -6V bus =  1140
Current +5V bus =  1865
Current -5V bus =  3288
Current +2.5V bus =  452
Current -2.5V bus =  2945
Current on the 1V POL =  848
Current on the 1.9V POL =  1279
ProcBd Temperature 1 =  1199
ProcBd Temperature 2 =  1561
Voltage on 1V bus =  1242
FPGA Temperature =  2564
Voltage on 1.9V bus =  2328
Voltage on 3.3V bus =  2040
var_to_row = {'Last measurement in raw DN for Processor Board signal “1V POL Current”': 0, 'Last measurement in raw DN for Processor Board signal “1.9V POL Current”': 1, 'Last measurement in raw DN for Processor Board signal “ProcBd Temp1”': 2, nan: 48, 'Last measurement in raw DN for Processor Board signal “ProcBd Temp2”': 6, 'Last measurement in raw DN for Processor Board signal “1V Voltage”': 10, 'Last measurement in raw DN for Processor Board signal “FPGA Temp”': 11, 'Last measurement in raw DN for Processor Board signal “1.9V Voltage”': 12, 'Last measurement in raw DN for Processor Board signal “3.3V Voltage”': 13, 'Last measurement in raw DN for HVPS Board signal “Detector Voltage”': 14, 'Last measurement in raw DN for HVPS Board signal “Sensor Voltage"': 15, 'Last measurement in raw DN for HVPS Board signal “Target Voltage”': 16, 'Last measurement in raw DN for HVPS Board signal “Reflectron Voltage”': 17, 'Last measurement in raw DN for HVPS Board signal “Rejection Voltage”': 18, 'Last measurement in raw DN for HVPS Board signal “Detector Current”': 19, 'Last measurement in raw DN for HVPS Board signal “Sensor IP”': 20, 'Last measurement in raw DN for HVPS Board signal “Sensor IN”': 21, 'Last measurement in raw DN for LVPS Board signal “P3.3VREF_HK”': 22, 'Last measurement in raw DN for LVPS Board signal “P3.3VREF_OP”': 23, 'Last measurement in raw DN for LVPS Board signal “N6V”': 24, 'Last measurement in raw DN for LVPS Board signal “P6V”': 25, 'Last measurement in raw DN for LVPS Board signal “P16V”': 26, 'Last measurement in raw DN for LVPS Board signal “P3.3V”': 27, 'Last measurement in raw DN for LVPS Board signal “N5V”': 28, 'Last measurement in raw DN for LVPS Board signal “P5V”': 29, 'Last measurement in raw DN for LVPS Board signal “P3.3_IMON”': 30, 'Last measurement in raw DN for LVPS Board signal “P16V_IMON”': 31, 'Last measurement in raw DN for LVPS Board signal “P6V_IMON”': 32, 'Last measurement in raw DN for LVPS Board signal “N6V_IMON”': 33, 'Last measurement in raw DN for LVPS Board signal “P5V_IMON”': 34, 'Last measurement in raw DN for LVPS Board signal “N5V_IMON”': 35, 'Last measurement in raw DN for LVPS Board signal “P2.5V_IMON”': 36, 'Last measurement in raw DN for LVPS Board signal “N2.5V_IMON”': 37, 'Last measurement in raw DN for LVPS Board signal “THERM_DECON0”': 38, 'Last measurement in raw DN for LVPS Board signal “THERM_DECON1”': 39, 'Last measurement in raw DN for LVPS Board signal “THERM_DAB”': 40, 'Last measurement in raw DN for LVPS Board signal “THERM_LVPS”': 41, 'Last measurement in raw DN for LVPS Board signal “THERM_HVPS”': 45, 'Last measurement in raw DN for LVPS Board signal “P2.5V”': 49, 'Last measurement in raw DN for LVPS Board signal “N2.5V”': 50, 'Last measurement in raw DN for LVPS Board signal “Spare”': 51}

 
 ***** var_name being converted for each instrument setting ***** 
 

Matching row  18
coeffs for Last measurement in raw DN for Processor Board signal “1V POL Current”= [0.0 0.9029253 0.0 0.0 0.0 0.0 0.0 0.0]
var_name = Last measurement in raw DN for Processor Board signal “1V POL Current”
var_name = current_1V_pol
Header info = 848
Transformed value for current_1V_pol = 765.6806544
Matching row  18
coeffs for Last measurement in raw DN for Processor Board signal “1.9V POL Current”= [0.0 0.9029253 0.0 0.0 0.0 0.0 0.0 0.0]
var_name = Last measurement in raw DN for Processor Board signal “1.9V POL Current”
var_name = current_1.9V_pol
Header info = 1279
Transformed value for current_1.9V_pol = 1154.8414587
Matching row  18
coeffs for Last measurement in raw DN for Processor Board signal “ProcBd Temp1”= [162.8276 -0.2668687 0.0003323794 -2.43153e-07 9.034532e-11 -1.327735e-14
 0.0 0.0]
var_name = Last measurement in raw DN for Processor Board signal “ProcBd Temp1”
var_name = temperature_1
Header info = 1199
Transformed value for temperature_1 = 55.37765199321684
Matching row  18
coeffs for nan= [-104713.9 52.02446 -0.006463374 0.0 0.0 0.0 0.0 0.0]
var_name = nan
var_name = None
KeyError: (9, None) - Could not find entry for None, 48. Please check the Var_notes or variable mapping.
Matching row  18
coeffs for Last measurement in raw DN for Processor Board signal “ProcBd Temp2”= [162.8276 -0.2668687 0.0003323794 -2.43153e-07 9.034532e-11 -1.327735e-14
 0.0 0.0]
var_name = Last measurement in raw DN for Processor Board signal “ProcBd Temp2”
var_name = temperature_2
Header info = 1561
Transformed value for temperature_2 = 44.64778748986298
Matching row  18
coeffs for Last measurement in raw DN for Processor Board signal “1V Voltage”= [0.0 0.000805861 0.0 0.0 0.0 0.0 0.0 0.0]
var_name = Last measurement in raw DN for Processor Board signal “1V Voltage”
var_name = voltage_1V_bus
Header info = 1242
Transformed value for voltage_1V_bus = 1.0008793619999998
Matching row  18
coeffs for Last measurement in raw DN for Processor Board signal “FPGA Temp”= [358.31 -0.1187104 0.0 0.0 0.0 0.0 0.0 0.0]
var_name = Last measurement in raw DN for Processor Board signal “FPGA Temp”
var_name = fpga_temperature
Header info = 2564
Transformed value for fpga_temperature = 53.93653440000003
Matching row  18
coeffs for Last measurement in raw DN for Processor Board signal “1.9V Voltage”= [0.0 0.000805861 0.0 0.0 0.0 0.0 0.0 0.0]
var_name = Last measurement in raw DN for Processor Board signal “1.9V Voltage”
var_name = voltage_1.9V_bus
Header info = 2328
Transformed value for voltage_1.9V_bus = 1.8760444079999998
Matching row  18
coeffs for Last measurement in raw DN for Processor Board signal “3.3V Voltage”= [0.0 0.001611722 0.0 0.0 0.0 0.0 0.0 0.0]
var_name = Last measurement in raw DN for Processor Board signal “3.3V Voltage”
var_name = voltage_3.3V_bus
Header info = 2040
Transformed value for voltage_3.3V_bus = 3.28791288
Matching row  18
coeffs for Last measurement in raw DN for HVPS Board signal “Detector Voltage”= [0.0 1.4652 0.0 0.0 0.0 0.0 0.0 0.0]
var_name = Last measurement in raw DN for HVPS Board signal “Detector Voltage”
var_name = detector_voltage
Header info = 1641
Transformed value for detector_voltage = 2404.3932
Matching row  18
coeffs for Last measurement in raw DN for HVPS Board signal “Sensor Voltage"= [0.0 1.4652 0.0 0.0 0.0 0.0 0.0 0.0]
var_name = Last measurement in raw DN for HVPS Board signal “Sensor Voltage"
var_name = sensor_voltage
Header info = 2012
Transformed value for sensor_voltage = 2947.9824000000003
Matching row  18
coeffs for Last measurement in raw DN for HVPS Board signal “Target Voltage”= [0.0 1.4652 0.0 0.0 0.0 0.0 0.0 0.0]
var_name = Last measurement in raw DN for HVPS Board signal “Target Voltage”
var_name = target_voltage
Header info = 1710
Transformed value for target_voltage = 2505.492
Matching row  18
coeffs for Last measurement in raw DN for HVPS Board signal “Reflectron Voltage”= [0.0 1.4652 0.0 0.0 0.0 0.0 0.0 0.0]
var_name = Last measurement in raw DN for HVPS Board signal “Reflectron Voltage”
var_name = reflectron_voltage
Header info = 135
Transformed value for reflectron_voltage = 197.80200000000002
Matching row  18
coeffs for Last measurement in raw DN for HVPS Board signal “Rejection Voltage”= [0.0 1.4652 0.0 0.0 0.0 0.0 0.0 0.0]
var_name = Last measurement in raw DN for HVPS Board signal “Rejection Voltage”
var_name = rejection_voltage
Header info = 2010
Transformed value for rejection_voltage = 2945.052
Matching row  18
coeffs for Last measurement in raw DN for HVPS Board signal “Detector Current”= [0.0 7.326e-06 0.0 0.0 0.0 0.0 0.0 0.0]
var_name = Last measurement in raw DN for HVPS Board signal “Detector Current”
var_name = current_hvps_sensor
Header info = 2339
Transformed value for current_hvps_sensor = 0.017135514
Matching row  18
coeffs for Last measurement in raw DN for HVPS Board signal “Sensor IP”= [0.0 2.4339e-05 0.0 0.0 0.0 0.0 0.0 0.0]
var_name = Last measurement in raw DN for HVPS Board signal “Sensor IP”
var_name = positive_current_hvps
Header info = 2704
Transformed value for positive_current_hvps = 0.065812656
Matching row  18
coeffs for Last measurement in raw DN for HVPS Board signal “Sensor IN”= [0.0 2.4339e-05 0.0 0.0 0.0 0.0 0.0 0.0]
var_name = Last measurement in raw DN for HVPS Board signal “Sensor IN”
var_name = negative_current_hvps
Header info = 305
Transformed value for negative_current_hvps = 0.007423394999999999
Matching row  18
coeffs for Last measurement in raw DN for LVPS Board signal “P3.3VREF_HK”= [0.0 0.00161172 0.0 0.0 0.0 0.0 0.0 0.0]
var_name = Last measurement in raw DN for LVPS Board signal “P3.3VREF_HK”
var_name = voltage_3V3_ref
Header info = 2048
Transformed value for voltage_3V3_ref = 3.30080256
Matching row  18
coeffs for Last measurement in raw DN for LVPS Board signal “P3.3VREF_OP”= [0.0 0.00161172 0.0 0.0 0.0 0.0 0.0 0.0]
var_name = Last measurement in raw DN for LVPS Board signal “P3.3VREF_OP”
var_name = voltage_3V3_op_ref
Header info = 2048
Transformed value for voltage_3V3_op_ref = 3.30080256
Matching row  18
coeffs for Last measurement in raw DN for LVPS Board signal “N6V”= [-33.0 0.00886447 0.0 0.0 0.0 0.0 0.0 0.0]
var_name = Last measurement in raw DN for LVPS Board signal “N6V”
var_name = voltage_neg6V_bus
Header info = 3001
Transformed value for voltage_neg6V_bus = -6.397725530000002
Matching row  18
coeffs for Last measurement in raw DN for LVPS Board signal “P6V”= [0.0 0.00241758 0.0 0.0 0.0 0.0 0.0 0.0]
var_name = Last measurement in raw DN for LVPS Board signal “P6V”
var_name = voltage_pos6V_bus
Header info = 2625
Transformed value for voltage_pos6V_bus = 6.3461475
Matching row  18
coeffs for Last measurement in raw DN for LVPS Board signal “P16V”= [0.0 0.00482711 0.0 0.0 0.0 0.0 0.0 0.0]
var_name = Last measurement in raw DN for LVPS Board signal “P16V”
var_name = voltage_pos16V_bus
Header info = 3178
Transformed value for voltage_pos16V_bus = 15.34055558
Matching row  18
coeffs for Last measurement in raw DN for LVPS Board signal “P3.3V”= [0.0 0.00161172 0.0 0.0 0.0 0.0 0.0 0.0]
var_name = Last measurement in raw DN for LVPS Board signal “P3.3V”
var_name = voltage_pos3V3_bus
Header info = 2056
Transformed value for voltage_pos3V3_bus = 3.31369632
Matching row  18
coeffs for Last measurement in raw DN for LVPS Board signal “N5V”= [-33.0 0.00886447 0.0 0.0 0.0 0.0 0.0 0.0]
var_name = Last measurement in raw DN for LVPS Board signal “N5V”
var_name = voltage_neg5V_bus
Header info = 3155
Transformed value for voltage_neg5V_bus = -5.032597150000001
Matching row  18
coeffs for Last measurement in raw DN for LVPS Board signal “P5V”= [0.0 0.00161172 0.0 0.0 0.0 0.0 0.0 0.0]
var_name = Last measurement in raw DN for LVPS Board signal “P5V”
var_name = voltage_pos5V_bus
Header info = 3142
Transformed value for voltage_pos5V_bus = 5.06402424
Matching row  18
coeffs for Last measurement in raw DN for LVPS Board signal “P3.3_IMON”= [0.0 0.00161172 0.0 0.0 0.0 0.0 0.0 0.0]
var_name = Last measurement in raw DN for LVPS Board signal “P3.3_IMON”
var_name = current_3V3_bus
Header info = 1687
Transformed value for current_3V3_bus = 2.7189716400000004
Matching row  18
coeffs for Last measurement in raw DN for LVPS Board signal “P16V_IMON”= [0.0 0.000161172 0.0 0.0 0.0 0.0 0.0 0.0]
var_name = Last measurement in raw DN for LVPS Board signal “P16V_IMON”
var_name = current_16V_bus
Header info = 1140
Transformed value for current_16V_bus = 0.18373608
Matching row  18
coeffs for Last measurement in raw DN for LVPS Board signal “P6V_IMON”= [0.0 8.05861e-05 0.0 0.0 0.0 0.0 0.0 0.0]
var_name = Last measurement in raw DN for LVPS Board signal “P6V_IMON”
var_name = current_6V_bus
Header info = 1488
Transformed value for current_6V_bus = 0.1199121168
Matching row  18
coeffs for Last measurement in raw DN for LVPS Board signal “N6V_IMON”= [0.0 -8.05861e-05 0.0 0.0 0.0 0.0 0.0 0.0]
var_name = Last measurement in raw DN for LVPS Board signal “N6V_IMON”
var_name = current_neg6V_bus
Header info = 1140
Transformed value for current_neg6V_bus = -0.091868154
Matching row  18
coeffs for Last measurement in raw DN for LVPS Board signal “P5V_IMON”= [0.0 4.029304e-05 0.0 0.0 0.0 0.0 0.0 0.0]
var_name = Last measurement in raw DN for LVPS Board signal “P5V_IMON”
var_name = current_5V_bus
Header info = 1865
Transformed value for current_5V_bus = 0.0751465196
Matching row  18
coeffs for Last measurement in raw DN for LVPS Board signal “N5V_IMON”= [0.0 -2.01465e-05 0.0 0.0 0.0 0.0 0.0 0.0]
var_name = Last measurement in raw DN for LVPS Board signal “N5V_IMON”
var_name = current_neg5V_bus
Header info = 3288
Transformed value for current_neg5V_bus = -0.066241692
Matching row  18
coeffs for Last measurement in raw DN for LVPS Board signal “P2.5V_IMON”= [0.0 0.00161172 0.0 0.0 0.0 0.0 0.0 0.0]
var_name = Last measurement in raw DN for LVPS Board signal “P2.5V_IMON”
var_name = current_2V5_bus
Header info = 452
Transformed value for current_2V5_bus = 0.72849744
Matching row  18
coeffs for Last measurement in raw DN for LVPS Board signal “N2.5V_IMON”= [0.0 -4.0293e-05 0.0 0.0 0.0 0.0 0.0 0.0]
var_name = Last measurement in raw DN for LVPS Board signal “N2.5V_IMON”
var_name = current_neg2V5_bus
Header info = 2945
Transformed value for current_neg2V5_bus = -0.11866288500000001
Matching row  18
coeffs for Last measurement in raw DN for LVPS Board signal “THERM_DECON0”= [-110.293 0.0665351 0.000305738 -6.32048e-07 5.9934e-10 -2.98784e-13
 7.61361e-17 -7.76467e-21]
var_name = Last measurement in raw DN for LVPS Board signal “THERM_DECON0”
var_name = None
KeyError: (9, None) - Could not find entry for None, 38. Please check the Var_notes or variable mapping.
Matching row  18
coeffs for Last measurement in raw DN for LVPS Board signal “THERM_DECON1”= [-150.478 0.376986 -0.00062072 7.73853e-07 -5.81588e-10 2.56368e-13
 -6.05698e-17 5.96635e-21]
var_name = Last measurement in raw DN for LVPS Board signal “THERM_DECON1”
var_name = None
KeyError: (9, None) - Could not find entry for None, 39. Please check the Var_notes or variable mapping.
Matching row  18
coeffs for Last measurement in raw DN for LVPS Board signal “THERM_DAB”= [-443.248 1.31224 -0.00180422 1.40016e-06 -6.43766e-10 1.7448e-13
 -2.57695e-17 1.60239e-21]
var_name = Last measurement in raw DN for LVPS Board signal “THERM_DAB”
var_name = None
KeyError: (9, None) - Could not find entry for None, 40. Please check the Var_notes or variable mapping.
Matching row  18
coeffs for Last measurement in raw DN for LVPS Board signal “THERM_LVPS”= [200.4137 -0.2020699 0.000175403 -9.739547e-08 2.888932e-11 -3.545603e-15
 0.0 0.0]
var_name = Last measurement in raw DN for LVPS Board signal “THERM_LVPS”
var_name = None
KeyError: (9, None) - Could not find entry for None, 41. Please check the Var_notes or variable mapping.
Matching row  18
coeffs for Last measurement in raw DN for LVPS Board signal “THERM_HVPS”= [200.4137 -0.2020699 0.000175403 -9.739547e-08 2.888932e-11 -3.545603e-15
 0.0 0.0]
var_name = Last measurement in raw DN for LVPS Board signal “THERM_HVPS”
var_name = None
KeyError: (9, None) - Could not find entry for None, 45. Please check the Var_notes or variable mapping.
Matching row  18
coeffs for Last measurement in raw DN for LVPS Board signal “P2.5V”= [0.0 0.00161172 0.0 0.0 0.0 0.0 0.0 0.0]
var_name = Last measurement in raw DN for LVPS Board signal “P2.5V”
var_name = None
KeyError: (9, None) - Could not find entry for None, 49. Please check the Var_notes or variable mapping.
Matching row  18
coeffs for Last measurement in raw DN for LVPS Board signal “N2.5V”= [-33.0 0.00886447 0.0 0.0 0.0 0.0 0.0 0.0]
var_name = Last measurement in raw DN for LVPS Board signal “N2.5V”
var_name = None
KeyError: (9, None) - Could not find entry for None, 50. Please check the Var_notes or variable mapping.
Matching row  18
coeffs for Last measurement in raw DN for LVPS Board signal “Spare”= [0.0 0.00161172 0.0 0.0 0.0 0.0 0.0 0.0]
var_name = Last measurement in raw DN for LVPS Board signal “Spare”
var_name = spare_signal
KeyError: (9, 'spare_signal') - Could not find entry for spare_signal, 51. Please check the Var_notes or variable mapping.
High gain delay = 86 samples.
Mid gain delay = 55 samples.
Low gain delay = 55 samples.
High sampling trigger mode =  0 0 1
High gain trigger mode enabled.
For 2222981120, HG Trigger level = 0.15317, sample settings = 0, 0
Threshold trigger mode enabled for high gain channel.
AID = 2415277392
Event number = 90
Rice compression enabled = False
Timestamp = 439515550.67878 seconds since epoch (Midnight January 1st, 2010)
Trigger time = 2023-12-05T23:39:10.678780Z
9
9
9
9
9
9
9
9
9
9
9
9
9
{'SHCOARSE': ParsedDataItem(SHCOARSE, raw=439515793, derived=439515793, unit=dn), 'SHFINE': ParsedDataItem(SHFINE, raw=9179, derived=9179, unit=dn), 'IDX__SCI0AID': ParsedDataItem(IDX__SCI0AID, raw=2415277392, derived=2415277392, unit=None), 'IDX__SCI0TYPE': ParsedDataItem(IDX__SCI0TYPE, raw=1, derived=1, unit=None), 'IDX__SCI0CONT': ParsedDataItem(IDX__SCI0CONT, raw=127, derived=127, unit=None), 'IDX__SCI0SPARE1': ParsedDataItem(IDX__SCI0SPARE1, raw=0, derived=0, unit=None), 'IDX__SCI0PACK': ParsedDataItem(IDX__SCI0PACK, raw=1, derived=EN, unit=None), 'IDX__SCI0FRAG': ParsedDataItem(IDX__SCI0FRAG, raw=0, derived=DS, unit=None), 'IDX__SCI0COMP': ParsedDataItem(IDX__SCI0COMP, raw=0, derived=DS, unit=None), 'IDX__SCI0EVTNUM': ParsedDataItem(IDX__SCI0EVTNUM, raw=91, derived=91, unit=None), 'IDX__SCI0CAT': ParsedDataItem(IDX__SCI0CAT, raw=32, derived=32, unit=None), 'IDX__SCI0QUAL': ParsedDataItem(IDX__SCI0QUAL, raw=5, derived=5, unit=None), 'IDX__SCI0FRAGOFF': ParsedDataItem(IDX__SCI0FRAGOFF, raw=0, derived=0, unit=None), 'IDX__SCI0VER': ParsedDataItem(IDX__SCI0VER, raw=9, derived=9, unit=None), 'IDX__SCI0TIME32': ParsedDataItem(IDX__SCI0TIME32, raw=439515551, derived=439515551, unit=None), 'IDX__SCI0SPARE2': ParsedDataItem(IDX__SCI0SPARE2, raw=0, derived=0, unit=None), 'IDX__SCI0SPARE3': ParsedDataItem(IDX__SCI0SPARE3, raw=0, derived=0, unit=None), 'IDX__SCI0SPARE4': ParsedDataItem(IDX__SCI0SPARE4, raw=0, derived=0, unit=None), 'IDX__TXHDRSCIEVTLEN': ParsedDataItem(IDX__TXHDRSCIEVTLEN, raw=8320, derived=8320, unit=None), 'IDX__TXHDRSP00': ParsedDataItem(IDX__TXHDRSP00, raw=0, derived=0, unit=None), 'IDX__TXHDRTIMESEC1': ParsedDataItem(IDX__TXHDRTIMESEC1, raw=6706, derived=6706, unit=None), 'IDX__TXHDRTIMESEC2': ParsedDataItem(IDX__TXHDRTIMESEC2, raw=31135, derived=31135, unit=None), 'IDX__TXHDRTIMESUBS': ParsedDataItem(IDX__TXHDRTIMESUBS, raw=33936, derived=33936, unit=None), 'IDX__TXHDRSP01': ParsedDataItem(IDX__TXHDRSP01, raw=0, derived=0, unit=None), 'IDX__TXHDRTRIGOFFSET': ParsedDataItem(IDX__TXHDRTRIGOFFSET, raw=0, derived=0, unit=None), 'IDX__TXHDRSP02': ParsedDataItem(IDX__TXHDRSP02, raw=0, derived=0, unit=None), 'IDX__TXHDRTRIGID': ParsedDataItem(IDX__TXHDRTRIGID, raw=1, derived=1, unit=None), 'IDX__TXHDREVTNUM': ParsedDataItem(IDX__TXHDREVTNUM, raw=91, derived=91, unit=None), 'IDX__TXHDRBLOCKS': ParsedDataItem(IDX__TXHDRBLOCKS, raw=243679, derived=243679, unit=None), 'IDX__TXHDRHGTRIGCTRL1': ParsedDataItem(IDX__TXHDRHGTRIGCTRL1, raw=2222981120, derived=2222981120, unit=None), 'IDX__TXHDRHGTRIGCTRL2': ParsedDataItem(IDX__TXHDRHGTRIGCTRL2, raw=0, derived=0, unit=None), 'IDX__TXHDRLGTRIGCTRL1': ParsedDataItem(IDX__TXHDRLGTRIGCTRL1, raw=4294965248, derived=4294965248, unit=None), 'IDX__TXHDRLGTRIGCTRL2': ParsedDataItem(IDX__TXHDRLGTRIGCTRL2, raw=4278255360, derived=4278255360, unit=None), 'IDX__TXHDRMGTRIGCTRL1': ParsedDataItem(IDX__TXHDRMGTRIGCTRL1, raw=4294965248, derived=4294965248, unit=None), 'IDX__TXHDRMGTRIGCTRL2': ParsedDataItem(IDX__TXHDRMGTRIGCTRL2, raw=4278255360, derived=4278255360, unit=None), 'IDX__TXHDRSP03': ParsedDataItem(IDX__TXHDRSP03, raw=0, derived=0, unit=None), 'IDX__TXHDRLSADC': ParsedDataItem(IDX__TXHDRLSADC, raw=1048320, derived=1048320, unit=None), 'IDX__TXHDRPOLSTAT': ParsedDataItem(IDX__TXHDRPOLSTAT, raw=1, derived=NEG, unit=None), 'IDX__TXHDRSP04': ParsedDataItem(IDX__TXHDRSP04, raw=0, derived=0, unit=None), 'IDX__TXHDRPOLCTRL': ParsedDataItem(IDX__TXHDRPOLCTRL, raw=0, derived=POS, unit=None), 'IDX__TXHDRCOINENA': ParsedDataItem(IDX__TXHDRCOINENA, raw=0, derived=DIS, unit=None), 'IDX__TXHDRLSTRIGMODE': ParsedDataItem(IDX__TXHDRLSTRIGMODE, raw=0, derived=DIS, unit=None), 'IDX__TXHDRMGTRIGMODE': ParsedDataItem(IDX__TXHDRMGTRIGMODE, raw=0, derived=0, unit=None), 'IDX__TXHDRLGTRIGMODE': ParsedDataItem(IDX__TXHDRLGTRIGMODE, raw=0, derived=0, unit=None), 'IDX__TXHDRHGTRIGMODE': ParsedDataItem(IDX__TXHDRHGTRIGMODE, raw=1, derived=1, unit=None), 'IDX__TXHDRSP05': ParsedDataItem(IDX__TXHDRSP05, raw=0, derived=0, unit=None), 'IDX__TXHDRSP06': ParsedDataItem(IDX__TXHDRSP06, raw=0, derived=0, unit=None), 'IDX__TXHDRSP07': ParsedDataItem(IDX__TXHDRSP07, raw=2020, derived=2020, unit=None), 'IDX__TXHDRSP08': ParsedDataItem(IDX__TXHDRSP08, raw=0, derived=0, unit=None), 'IDX__TXHDRTOFMAX': ParsedDataItem(IDX__TXHDRTOFMAX, raw=544742084, derived=544742084, unit=None), 'IDX__TXHDRTOFMIN': ParsedDataItem(IDX__TXHDRTOFMIN, raw=535295476, derived=535295476, unit=None), 'IDX__TXHDRLS0MAXMIN': ParsedDataItem(IDX__TXHDRLS0MAXMIN, raw=8468493, derived=8468493, unit=None), 'IDX__TXHDRLS1MAXMIN': ParsedDataItem(IDX__TXHDRLS1MAXMIN, raw=8443879, derived=8443879, unit=None), 'IDX__TXHDRLS2MAXMIN': ParsedDataItem(IDX__TXHDRLS2MAXMIN, raw=8325092, derived=8325092, unit=None), 'IDX__TXHDRFIFODELAY': ParsedDataItem(IDX__TXHDRFIFODELAY, raw=18, derived=18, unit=None), 'IDX__TXHDRSAMPDELAY': ParsedDataItem(IDX__TXHDRSAMPDELAY, raw=1073740835, derived=1073740835, unit=None), 'IDX__TXHDRTRANSCNT': ParsedDataItem(IDX__TXHDRTRANSCNT, raw=4, derived=4, unit=None), 'IDX__TXHDRPROCHKCH01': ParsedDataItem(IDX__TXHDRPROCHKCH01, raw=83755857, derived=83755857, unit=None), 'IDX__TXHDRPROCHKCH23': ParsedDataItem(IDX__TXHDRPROCHKCH23, raw=102302894, derived=102302894, unit=None), 'IDX__TXHDRPROCHKCH45': ParsedDataItem(IDX__TXHDRPROCHKCH45, raw=168035546, derived=168035546, unit=None), 'IDX__TXHDRPROCHKCH67': ParsedDataItem(IDX__TXHDRPROCHKCH67, raw=133695768, derived=133695768, unit=None), 'IDX__TXHDRHVPSHKCH01': ParsedDataItem(IDX__TXHDRHVPSHKCH01, raw=131860073, derived=131860073, unit=None), 'IDX__TXHDRHVPSHKCH23': ParsedDataItem(IDX__TXHDRHVPSHKCH23, raw=8849070, derived=8849070, unit=None), 'IDX__TXHDRHVPSHKCH45': ParsedDataItem(IDX__TXHDRHVPSHKCH45, raw=153290714, derived=153290714, unit=None), 'IDX__TXHDRHVPSHKCH67': ParsedDataItem(IDX__TXHDRHVPSHKCH67, raw=19991184, derived=19991184, unit=None), 'IDX__TXHDRLVHK0CH01': ParsedDataItem(IDX__TXHDRLVHK0CH01, raw=134219776, derived=134219776, unit=None), 'IDX__TXHDRLVHK0CH23': ParsedDataItem(IDX__TXHDRLVHK0CH23, raw=172035001, derived=172035001, unit=None), 'IDX__TXHDRLVHK0CH45': ParsedDataItem(IDX__TXHDRLVHK0CH45, raw=134745195, derived=134745195, unit=None), 'IDX__TXHDRLVHK0CH67': ParsedDataItem(IDX__TXHDRLVHK0CH67, raw=205917267, derived=205917267, unit=None), 'IDX__TXHDRLVHK1CH01': ParsedDataItem(IDX__TXHDRLVHK1CH01, raw=34801304, derived=34801304, unit=None), 'IDX__TXHDRLVHK1CH23': ParsedDataItem(IDX__TXHDRLVHK1CH23, raw=74712528, derived=74712528, unit=None), 'IDX__TXHDRLVHK1CH45': ParsedDataItem(IDX__TXHDRLVHK1CH45, raw=215484233, derived=215484233, unit=None), 'IDX__TXHDRLVHK1CH67': ParsedDataItem(IDX__TXHDRLVHK1CH67, raw=193003972, derived=193003972, unit=None), 'IDX__TXHDRLVHK2CH01': ParsedDataItem(IDX__TXHDRLVHK2CH01, raw=82314475, derived=82314475, unit=None), 'IDX__TXHDRLVHK2CH23': ParsedDataItem(IDX__TXHDRLVHK2CH23, raw=188680970, derived=188680970, unit=None), 'IDX__TXHDRLVHK2CH45': ParsedDataItem(IDX__TXHDRLVHK2CH45, raw=101059605, derived=101059605, unit=None), 'IDX__TXHDRLVHK2CH67': ParsedDataItem(IDX__TXHDRLVHK2CH67, raw=3480, derived=3480, unit=None), 'IDX__TXHDRSP09': ParsedDataItem(IDX__TXHDRSP09, raw=0, derived=0, unit=None), 'IDX__TXHDRSP10': ParsedDataItem(IDX__TXHDRSP10, raw=0, derived=0, unit=None), 'IDX__TXHDRFSWAIDCOPY': ParsedDataItem(IDX__TXHDRFSWAIDCOPY, raw=2415277392, derived=2415277392, unit=None), 'IDX__TXHDRFSWBINCOPY': ParsedDataItem(IDX__TXHDRFSWBINCOPY, raw=0, derived=0, unit=None), 'IDX__TXHDRFSWMAJOR': ParsedDataItem(IDX__TXHDRFSWMAJOR, raw=2, derived=2, unit=None), 'IDX__TXHDRFSWMINOR': ParsedDataItem(IDX__TXHDRFSWMINOR, raw=0, derived=0, unit=None), 'IDX__TXHDRFSWPATCH': ParsedDataItem(IDX__TXHDRFSWPATCH, raw=0, derived=0, unit=None), 'IDX__TXHDRFSWHVSTAT': ParsedDataItem(IDX__TXHDRFSWHVSTAT, raw=3, derived=3, unit=None), 'IDX__TXHDRFSWMEM0': ParsedDataItem(IDX__TXHDRFSWMEM0, raw=0, derived=0, unit=None), 'IDX__TXHDRFSWMEM1': ParsedDataItem(IDX__TXHDRFSWMEM1, raw=0, derived=0, unit=None), 'IDX__TXHDRFSWPT0': ParsedDataItem(IDX__TXHDRFSWPT0, raw=0, derived=0, unit=None), 'IDX__TXHDRFSWPT1': ParsedDataItem(IDX__TXHDRFSWPT1, raw=0, derived=0, unit=None), 'IDX__TXHDRFSWPT2': ParsedDataItem(IDX__TXHDRFSWPT2, raw=0, derived=0, unit=None), 'IDX__TXHDRFSWPT3': ParsedDataItem(IDX__TXHDRFSWPT3, raw=0, derived=0, unit=None), 'IDX__TXHDRFSWPT4': ParsedDataItem(IDX__TXHDRFSWPT4, raw=0, derived=0, unit=None), 'IDX__TXHDRFSWPT5': ParsedDataItem(IDX__TXHDRFSWPT5, raw=0, derived=0, unit=None), 'IDX__TXHDRFSWPT6': ParsedDataItem(IDX__TXHDRFSWPT6, raw=0, derived=0, unit=None), 'IDX__TXHDRFSWPT7': ParsedDataItem(IDX__TXHDRFSWPT7, raw=0, derived=0, unit=None), 'IDX__TXHDRFSWPT8': ParsedDataItem(IDX__TXHDRFSWPT8, raw=0, derived=0, unit=None), 'IDX__TXHDRFSWPT9': ParsedDataItem(IDX__TXHDRFSWPT9, raw=0, derived=0, unit=None), 'IDX__TXHDRFPGAVER': ParsedDataItem(IDX__TXHDRFPGAVER, raw=539165480, derived=539165480, unit=None), 'IDX__SYNCSCI0PKT': ParsedDataItem(IDX__SYNCSCI0PKT, raw=13107, derived=13107, unit=None), 'IDX__CRCSCI0PKT': ParsedDataItem(IDX__CRCSCI0PKT, raw=45459, derived=45459, unit=None)}
SHCOARSE = 439515793
SHFINE = 9179
IDX__SCI0AID = 2415277392
IDX__SCI0TYPE = 1
IDX__SCI0CONT = 127
IDX__SCI0SPARE1 = 0
IDX__SCI0PACK = EN
IDX__SCI0FRAG = DS
IDX__SCI0COMP = DS
IDX__SCI0EVTNUM = 91
IDX__SCI0CAT = 32
IDX__SCI0QUAL = 5
IDX__SCI0FRAGOFF = 0
IDX__SCI0VER = 9
IDX__SCI0TIME32 = 439515551
IDX__SCI0SPARE2 = 0
IDX__SCI0SPARE3 = 0
IDX__SCI0SPARE4 = 0
IDX__TXHDRSCIEVTLEN = 8320
IDX__TXHDRSP00 = 0
IDX__TXHDRTIMESEC1 = 6706
IDX__TXHDRTIMESEC2 = 31135
IDX__TXHDRTIMESUBS = 33936
IDX__TXHDRSP01 = 0
IDX__TXHDRTRIGOFFSET = 0
IDX__TXHDRSP02 = 0
IDX__TXHDRTRIGID = 1
IDX__TXHDREVTNUM = 91
IDX__TXHDRBLOCKS = 243679
IDX__TXHDRHGTRIGCTRL1 = 2222981120
IDX__TXHDRHGTRIGCTRL2 = 0
IDX__TXHDRLGTRIGCTRL1 = 4294965248
IDX__TXHDRLGTRIGCTRL2 = 4278255360
IDX__TXHDRMGTRIGCTRL1 = 4294965248
IDX__TXHDRMGTRIGCTRL2 = 4278255360
IDX__TXHDRSP03 = 0
IDX__TXHDRLSADC = 1048320
IDX__TXHDRPOLSTAT = NEG
IDX__TXHDRSP04 = 0
IDX__TXHDRPOLCTRL = POS
IDX__TXHDRCOINENA = DIS
IDX__TXHDRLSTRIGMODE = DIS
IDX__TXHDRMGTRIGMODE = 0
IDX__TXHDRLGTRIGMODE = 0
IDX__TXHDRHGTRIGMODE = 1
IDX__TXHDRSP05 = 0
IDX__TXHDRSP06 = 0
IDX__TXHDRSP07 = 2020
IDX__TXHDRSP08 = 0
IDX__TXHDRTOFMAX = 544742084
IDX__TXHDRTOFMIN = 535295476
IDX__TXHDRLS0MAXMIN = 8468493
IDX__TXHDRLS1MAXMIN = 8443879
IDX__TXHDRLS2MAXMIN = 8325092
IDX__TXHDRFIFODELAY = 18
IDX__TXHDRSAMPDELAY = 1073740835
IDX__TXHDRTRANSCNT = 4
IDX__TXHDRPROCHKCH01 = 83755857
IDX__TXHDRPROCHKCH23 = 102302894
IDX__TXHDRPROCHKCH45 = 168035546
IDX__TXHDRPROCHKCH67 = 133695768
IDX__TXHDRHVPSHKCH01 = 131860073
IDX__TXHDRHVPSHKCH23 = 8849070
IDX__TXHDRHVPSHKCH45 = 153290714
IDX__TXHDRHVPSHKCH67 = 19991184
IDX__TXHDRLVHK0CH01 = 134219776
IDX__TXHDRLVHK0CH23 = 172035001
IDX__TXHDRLVHK0CH45 = 134745195
IDX__TXHDRLVHK0CH67 = 205917267
IDX__TXHDRLVHK1CH01 = 34801304
IDX__TXHDRLVHK1CH23 = 74712528
IDX__TXHDRLVHK1CH45 = 215484233
IDX__TXHDRLVHK1CH67 = 193003972
IDX__TXHDRLVHK2CH01 = 82314475
IDX__TXHDRLVHK2CH23 = 188680970
IDX__TXHDRLVHK2CH45 = 101059605
IDX__TXHDRLVHK2CH67 = 3480
IDX__TXHDRSP09 = 0
IDX__TXHDRSP10 = 0
IDX__TXHDRFSWAIDCOPY = 2415277392
IDX__TXHDRFSWBINCOPY = 0
IDX__TXHDRFSWMAJOR = 2
IDX__TXHDRFSWMINOR = 0
IDX__TXHDRFSWPATCH = 0
IDX__TXHDRFSWHVSTAT = 3
IDX__TXHDRFSWMEM0 = 0
IDX__TXHDRFSWMEM1 = 0
IDX__TXHDRFSWPT0 = 0
IDX__TXHDRFSWPT1 = 0
IDX__TXHDRFSWPT2 = 0
IDX__TXHDRFSWPT3 = 0
IDX__TXHDRFSWPT4 = 0
IDX__TXHDRFSWPT5 = 0
IDX__TXHDRFSWPT6 = 0
IDX__TXHDRFSWPT7 = 0
IDX__TXHDRFSWPT8 = 0
IDX__TXHDRFSWPT9 = 0
IDX__TXHDRFPGAVER = 539165480
IDX__SYNCSCI0PKT = 13107
IDX__CRCSCI0PKT = 45459
^*****Event header 10******^
EVTNUM: 10
SCI0TYPE: 1
TXHDRBLOCKS RAW: 243679
TXHDRBLOCKS DERIVED: 243679
-----
HS pre trig sampling blocks:  31
LS pre trig sampling blocks:  3
HS post trig sampling blocks:  31
LS post trig sampling blocks:  11
IDX__TXHDRHVPSHKCH01 = 131860073
Detector voltage =  1641
Sensor voltage =  2012
Target voltage =  1710
Reflectron voltage =  135
Rejection voltage =  2010
Current for HVPS sensor =  2339
Positive current for HVPS sensor =  2704
Negative current for HVPS sensor =  305
Voltage +3.3V reference =  2048
Voltage +3.3V operational reference =  2048
Voltage -6V bus =  3001
Voltage +6V bus =  2625
Voltage +16V bus =  3179
Voltage +3.3V bus =  2056
Voltage -5V bus =  3155
Voltage +5V bus =  3142
Current +3.3V bus =  1688
Current +16V bus =  1140
Current +6V bus =  1488
Current -6V bus =  1140
Current +5V bus =  1865
Current -5V bus =  3288
Current +2.5V bus =  452
Current -2.5V bus =  2945
Current on the 1V POL =  849
Current on the 1.9V POL =  1278
ProcBd Temperature 1 =  1198
ProcBd Temperature 2 =  1561
Voltage on 1V bus =  1242
FPGA Temperature =  2564
Voltage on 1.9V bus =  2328
Voltage on 3.3V bus =  2040
var_to_row = {'Last measurement in raw DN for Processor Board signal “1V POL Current”': 0, 'Last measurement in raw DN for Processor Board signal “1.9V POL Current”': 1, 'Last measurement in raw DN for Processor Board signal “ProcBd Temp1”': 2, nan: 48, 'Last measurement in raw DN for Processor Board signal “ProcBd Temp2”': 6, 'Last measurement in raw DN for Processor Board signal “1V Voltage”': 10, 'Last measurement in raw DN for Processor Board signal “FPGA Temp”': 11, 'Last measurement in raw DN for Processor Board signal “1.9V Voltage”': 12, 'Last measurement in raw DN for Processor Board signal “3.3V Voltage”': 13, 'Last measurement in raw DN for HVPS Board signal “Detector Voltage”': 14, 'Last measurement in raw DN for HVPS Board signal “Sensor Voltage"': 15, 'Last measurement in raw DN for HVPS Board signal “Target Voltage”': 16, 'Last measurement in raw DN for HVPS Board signal “Reflectron Voltage”': 17, 'Last measurement in raw DN for HVPS Board signal “Rejection Voltage”': 18, 'Last measurement in raw DN for HVPS Board signal “Detector Current”': 19, 'Last measurement in raw DN for HVPS Board signal “Sensor IP”': 20, 'Last measurement in raw DN for HVPS Board signal “Sensor IN”': 21, 'Last measurement in raw DN for LVPS Board signal “P3.3VREF_HK”': 22, 'Last measurement in raw DN for LVPS Board signal “P3.3VREF_OP”': 23, 'Last measurement in raw DN for LVPS Board signal “N6V”': 24, 'Last measurement in raw DN for LVPS Board signal “P6V”': 25, 'Last measurement in raw DN for LVPS Board signal “P16V”': 26, 'Last measurement in raw DN for LVPS Board signal “P3.3V”': 27, 'Last measurement in raw DN for LVPS Board signal “N5V”': 28, 'Last measurement in raw DN for LVPS Board signal “P5V”': 29, 'Last measurement in raw DN for LVPS Board signal “P3.3_IMON”': 30, 'Last measurement in raw DN for LVPS Board signal “P16V_IMON”': 31, 'Last measurement in raw DN for LVPS Board signal “P6V_IMON”': 32, 'Last measurement in raw DN for LVPS Board signal “N6V_IMON”': 33, 'Last measurement in raw DN for LVPS Board signal “P5V_IMON”': 34, 'Last measurement in raw DN for LVPS Board signal “N5V_IMON”': 35, 'Last measurement in raw DN for LVPS Board signal “P2.5V_IMON”': 36, 'Last measurement in raw DN for LVPS Board signal “N2.5V_IMON”': 37, 'Last measurement in raw DN for LVPS Board signal “THERM_DECON0”': 38, 'Last measurement in raw DN for LVPS Board signal “THERM_DECON1”': 39, 'Last measurement in raw DN for LVPS Board signal “THERM_DAB”': 40, 'Last measurement in raw DN for LVPS Board signal “THERM_LVPS”': 41, 'Last measurement in raw DN for LVPS Board signal “THERM_HVPS”': 45, 'Last measurement in raw DN for LVPS Board signal “P2.5V”': 49, 'Last measurement in raw DN for LVPS Board signal “N2.5V”': 50, 'Last measurement in raw DN for LVPS Board signal “Spare”': 51}

 
 ***** var_name being converted for each instrument setting ***** 
 

Matching row  18
coeffs for Last measurement in raw DN for Processor Board signal “1V POL Current”= [0.0 0.9029253 0.0 0.0 0.0 0.0 0.0 0.0]
var_name = Last measurement in raw DN for Processor Board signal “1V POL Current”
var_name = current_1V_pol
Header info = 849
Transformed value for current_1V_pol = 766.5835797000001
Matching row  18
coeffs for Last measurement in raw DN for Processor Board signal “1.9V POL Current”= [0.0 0.9029253 0.0 0.0 0.0 0.0 0.0 0.0]
var_name = Last measurement in raw DN for Processor Board signal “1.9V POL Current”
var_name = current_1.9V_pol
Header info = 1278
Transformed value for current_1.9V_pol = 1153.9385334
Matching row  18
coeffs for Last measurement in raw DN for Processor Board signal “ProcBd Temp1”= [162.8276 -0.2668687 0.0003323794 -2.43153e-07 9.034532e-11 -1.327735e-14
 0.0 0.0]
var_name = Last measurement in raw DN for Processor Board signal “ProcBd Temp1”
var_name = temperature_1
Header info = 1198
Transformed value for temperature_1 = 55.41044834983295
Matching row  18
coeffs for nan= [-104713.9 52.02446 -0.006463374 0.0 0.0 0.0 0.0 0.0]
var_name = nan
var_name = None
KeyError: (10, None) - Could not find entry for None, 48. Please check the Var_notes or variable mapping.
Matching row  18
coeffs for Last measurement in raw DN for Processor Board signal “ProcBd Temp2”= [162.8276 -0.2668687 0.0003323794 -2.43153e-07 9.034532e-11 -1.327735e-14
 0.0 0.0]
var_name = Last measurement in raw DN for Processor Board signal “ProcBd Temp2”
var_name = temperature_2
Header info = 1561
Transformed value for temperature_2 = 44.64778748986298
Matching row  18
coeffs for Last measurement in raw DN for Processor Board signal “1V Voltage”= [0.0 0.000805861 0.0 0.0 0.0 0.0 0.0 0.0]
var_name = Last measurement in raw DN for Processor Board signal “1V Voltage”
var_name = voltage_1V_bus
Header info = 1242
Transformed value for voltage_1V_bus = 1.0008793619999998
Matching row  18
coeffs for Last measurement in raw DN for Processor Board signal “FPGA Temp”= [358.31 -0.1187104 0.0 0.0 0.0 0.0 0.0 0.0]
var_name = Last measurement in raw DN for Processor Board signal “FPGA Temp”
var_name = fpga_temperature
Header info = 2564
Transformed value for fpga_temperature = 53.93653440000003
Matching row  18
coeffs for Last measurement in raw DN for Processor Board signal “1.9V Voltage”= [0.0 0.000805861 0.0 0.0 0.0 0.0 0.0 0.0]
var_name = Last measurement in raw DN for Processor Board signal “1.9V Voltage”
var_name = voltage_1.9V_bus
Header info = 2328
Transformed value for voltage_1.9V_bus = 1.8760444079999998
Matching row  18
coeffs for Last measurement in raw DN for Processor Board signal “3.3V Voltage”= [0.0 0.001611722 0.0 0.0 0.0 0.0 0.0 0.0]
var_name = Last measurement in raw DN for Processor Board signal “3.3V Voltage”
var_name = voltage_3.3V_bus
Header info = 2040
Transformed value for voltage_3.3V_bus = 3.28791288
Matching row  18
coeffs for Last measurement in raw DN for HVPS Board signal “Detector Voltage”= [0.0 1.4652 0.0 0.0 0.0 0.0 0.0 0.0]
var_name = Last measurement in raw DN for HVPS Board signal “Detector Voltage”
var_name = detector_voltage
Header info = 1641
Transformed value for detector_voltage = 2404.3932
Matching row  18
coeffs for Last measurement in raw DN for HVPS Board signal “Sensor Voltage"= [0.0 1.4652 0.0 0.0 0.0 0.0 0.0 0.0]
var_name = Last measurement in raw DN for HVPS Board signal “Sensor Voltage"
var_name = sensor_voltage
Header info = 2012
Transformed value for sensor_voltage = 2947.9824000000003
Matching row  18
coeffs for Last measurement in raw DN for HVPS Board signal “Target Voltage”= [0.0 1.4652 0.0 0.0 0.0 0.0 0.0 0.0]
var_name = Last measurement in raw DN for HVPS Board signal “Target Voltage”
var_name = target_voltage
Header info = 1710
Transformed value for target_voltage = 2505.492
Matching row  18
coeffs for Last measurement in raw DN for HVPS Board signal “Reflectron Voltage”= [0.0 1.4652 0.0 0.0 0.0 0.0 0.0 0.0]
var_name = Last measurement in raw DN for HVPS Board signal “Reflectron Voltage”
var_name = reflectron_voltage
Header info = 135
Transformed value for reflectron_voltage = 197.80200000000002
Matching row  18
coeffs for Last measurement in raw DN for HVPS Board signal “Rejection Voltage”= [0.0 1.4652 0.0 0.0 0.0 0.0 0.0 0.0]
var_name = Last measurement in raw DN for HVPS Board signal “Rejection Voltage”
var_name = rejection_voltage
Header info = 2010
Transformed value for rejection_voltage = 2945.052
Matching row  18
coeffs for Last measurement in raw DN for HVPS Board signal “Detector Current”= [0.0 7.326e-06 0.0 0.0 0.0 0.0 0.0 0.0]
var_name = Last measurement in raw DN for HVPS Board signal “Detector Current”
var_name = current_hvps_sensor
Header info = 2339
Transformed value for current_hvps_sensor = 0.017135514
Matching row  18
coeffs for Last measurement in raw DN for HVPS Board signal “Sensor IP”= [0.0 2.4339e-05 0.0 0.0 0.0 0.0 0.0 0.0]
var_name = Last measurement in raw DN for HVPS Board signal “Sensor IP”
var_name = positive_current_hvps
Header info = 2704
Transformed value for positive_current_hvps = 0.065812656
Matching row  18
coeffs for Last measurement in raw DN for HVPS Board signal “Sensor IN”= [0.0 2.4339e-05 0.0 0.0 0.0 0.0 0.0 0.0]
var_name = Last measurement in raw DN for HVPS Board signal “Sensor IN”
var_name = negative_current_hvps
Header info = 305
Transformed value for negative_current_hvps = 0.007423394999999999
Matching row  18
coeffs for Last measurement in raw DN for LVPS Board signal “P3.3VREF_HK”= [0.0 0.00161172 0.0 0.0 0.0 0.0 0.0 0.0]
var_name = Last measurement in raw DN for LVPS Board signal “P3.3VREF_HK”
var_name = voltage_3V3_ref
Header info = 2048
Transformed value for voltage_3V3_ref = 3.30080256
Matching row  18
coeffs for Last measurement in raw DN for LVPS Board signal “P3.3VREF_OP”= [0.0 0.00161172 0.0 0.0 0.0 0.0 0.0 0.0]
var_name = Last measurement in raw DN for LVPS Board signal “P3.3VREF_OP”
var_name = voltage_3V3_op_ref
Header info = 2048
Transformed value for voltage_3V3_op_ref = 3.30080256
Matching row  18
coeffs for Last measurement in raw DN for LVPS Board signal “N6V”= [-33.0 0.00886447 0.0 0.0 0.0 0.0 0.0 0.0]
var_name = Last measurement in raw DN for LVPS Board signal “N6V”
var_name = voltage_neg6V_bus
Header info = 3001
Transformed value for voltage_neg6V_bus = -6.397725530000002
Matching row  18
coeffs for Last measurement in raw DN for LVPS Board signal “P6V”= [0.0 0.00241758 0.0 0.0 0.0 0.0 0.0 0.0]
var_name = Last measurement in raw DN for LVPS Board signal “P6V”
var_name = voltage_pos6V_bus
Header info = 2625
Transformed value for voltage_pos6V_bus = 6.3461475
Matching row  18
coeffs for Last measurement in raw DN for LVPS Board signal “P16V”= [0.0 0.00482711 0.0 0.0 0.0 0.0 0.0 0.0]
var_name = Last measurement in raw DN for LVPS Board signal “P16V”
var_name = voltage_pos16V_bus
Header info = 3179
Transformed value for voltage_pos16V_bus = 15.34538269
Matching row  18
coeffs for Last measurement in raw DN for LVPS Board signal “P3.3V”= [0.0 0.00161172 0.0 0.0 0.0 0.0 0.0 0.0]
var_name = Last measurement in raw DN for LVPS Board signal “P3.3V”
var_name = voltage_pos3V3_bus
Header info = 2056
Transformed value for voltage_pos3V3_bus = 3.31369632
Matching row  18
coeffs for Last measurement in raw DN for LVPS Board signal “N5V”= [-33.0 0.00886447 0.0 0.0 0.0 0.0 0.0 0.0]
var_name = Last measurement in raw DN for LVPS Board signal “N5V”
var_name = voltage_neg5V_bus
Header info = 3155
Transformed value for voltage_neg5V_bus = -5.032597150000001
Matching row  18
coeffs for Last measurement in raw DN for LVPS Board signal “P5V”= [0.0 0.00161172 0.0 0.0 0.0 0.0 0.0 0.0]
var_name = Last measurement in raw DN for LVPS Board signal “P5V”
var_name = voltage_pos5V_bus
Header info = 3142
Transformed value for voltage_pos5V_bus = 5.06402424
Matching row  18
coeffs for Last measurement in raw DN for LVPS Board signal “P3.3_IMON”= [0.0 0.00161172 0.0 0.0 0.0 0.0 0.0 0.0]
var_name = Last measurement in raw DN for LVPS Board signal “P3.3_IMON”
var_name = current_3V3_bus
Header info = 1688
Transformed value for current_3V3_bus = 2.72058336
Matching row  18
coeffs for Last measurement in raw DN for LVPS Board signal “P16V_IMON”= [0.0 0.000161172 0.0 0.0 0.0 0.0 0.0 0.0]
var_name = Last measurement in raw DN for LVPS Board signal “P16V_IMON”
var_name = current_16V_bus
Header info = 1140
Transformed value for current_16V_bus = 0.18373608
Matching row  18
coeffs for Last measurement in raw DN for LVPS Board signal “P6V_IMON”= [0.0 8.05861e-05 0.0 0.0 0.0 0.0 0.0 0.0]
var_name = Last measurement in raw DN for LVPS Board signal “P6V_IMON”
var_name = current_6V_bus
Header info = 1488
Transformed value for current_6V_bus = 0.1199121168
Matching row  18
coeffs for Last measurement in raw DN for LVPS Board signal “N6V_IMON”= [0.0 -8.05861e-05 0.0 0.0 0.0 0.0 0.0 0.0]
var_name = Last measurement in raw DN for LVPS Board signal “N6V_IMON”
var_name = current_neg6V_bus
Header info = 1140
Transformed value for current_neg6V_bus = -0.091868154
Matching row  18
coeffs for Last measurement in raw DN for LVPS Board signal “P5V_IMON”= [0.0 4.029304e-05 0.0 0.0 0.0 0.0 0.0 0.0]
var_name = Last measurement in raw DN for LVPS Board signal “P5V_IMON”
var_name = current_5V_bus
Header info = 1865
Transformed value for current_5V_bus = 0.0751465196
Matching row  18
coeffs for Last measurement in raw DN for LVPS Board signal “N5V_IMON”= [0.0 -2.01465e-05 0.0 0.0 0.0 0.0 0.0 0.0]
var_name = Last measurement in raw DN for LVPS Board signal “N5V_IMON”
var_name = current_neg5V_bus
Header info = 3288
Transformed value for current_neg5V_bus = -0.066241692
Matching row  18
coeffs for Last measurement in raw DN for LVPS Board signal “P2.5V_IMON”= [0.0 0.00161172 0.0 0.0 0.0 0.0 0.0 0.0]
var_name = Last measurement in raw DN for LVPS Board signal “P2.5V_IMON”
var_name = current_2V5_bus
Header info = 452
Transformed value for current_2V5_bus = 0.72849744
Matching row  18
coeffs for Last measurement in raw DN for LVPS Board signal “N2.5V_IMON”= [0.0 -4.0293e-05 0.0 0.0 0.0 0.0 0.0 0.0]
var_name = Last measurement in raw DN for LVPS Board signal “N2.5V_IMON”
var_name = current_neg2V5_bus
Header info = 2945
Transformed value for current_neg2V5_bus = -0.11866288500000001
Matching row  18
coeffs for Last measurement in raw DN for LVPS Board signal “THERM_DECON0”= [-110.293 0.0665351 0.000305738 -6.32048e-07 5.9934e-10 -2.98784e-13
 7.61361e-17 -7.76467e-21]
var_name = Last measurement in raw DN for LVPS Board signal “THERM_DECON0”
var_name = None
KeyError: (10, None) - Could not find entry for None, 38. Please check the Var_notes or variable mapping.
Matching row  18
coeffs for Last measurement in raw DN for LVPS Board signal “THERM_DECON1”= [-150.478 0.376986 -0.00062072 7.73853e-07 -5.81588e-10 2.56368e-13
 -6.05698e-17 5.96635e-21]
var_name = Last measurement in raw DN for LVPS Board signal “THERM_DECON1”
var_name = None
KeyError: (10, None) - Could not find entry for None, 39. Please check the Var_notes or variable mapping.
Matching row  18
coeffs for Last measurement in raw DN for LVPS Board signal “THERM_DAB”= [-443.248 1.31224 -0.00180422 1.40016e-06 -6.43766e-10 1.7448e-13
 -2.57695e-17 1.60239e-21]
var_name = Last measurement in raw DN for LVPS Board signal “THERM_DAB”
var_name = None
KeyError: (10, None) - Could not find entry for None, 40. Please check the Var_notes or variable mapping.
Matching row  18
coeffs for Last measurement in raw DN for LVPS Board signal “THERM_LVPS”= [200.4137 -0.2020699 0.000175403 -9.739547e-08 2.888932e-11 -3.545603e-15
 0.0 0.0]
var_name = Last measurement in raw DN for LVPS Board signal “THERM_LVPS”
var_name = None
KeyError: (10, None) - Could not find entry for None, 41. Please check the Var_notes or variable mapping.
Matching row  18
coeffs for Last measurement in raw DN for LVPS Board signal “THERM_HVPS”= [200.4137 -0.2020699 0.000175403 -9.739547e-08 2.888932e-11 -3.545603e-15
 0.0 0.0]
var_name = Last measurement in raw DN for LVPS Board signal “THERM_HVPS”
var_name = None
KeyError: (10, None) - Could not find entry for None, 45. Please check the Var_notes or variable mapping.
Matching row  18
coeffs for Last measurement in raw DN for LVPS Board signal “P2.5V”= [0.0 0.00161172 0.0 0.0 0.0 0.0 0.0 0.0]
var_name = Last measurement in raw DN for LVPS Board signal “P2.5V”
var_name = None
KeyError: (10, None) - Could not find entry for None, 49. Please check the Var_notes or variable mapping.
Matching row  18
coeffs for Last measurement in raw DN for LVPS Board signal “N2.5V”= [-33.0 0.00886447 0.0 0.0 0.0 0.0 0.0 0.0]
var_name = Last measurement in raw DN for LVPS Board signal “N2.5V”
var_name = None
KeyError: (10, None) - Could not find entry for None, 50. Please check the Var_notes or variable mapping.
Matching row  18
coeffs for Last measurement in raw DN for LVPS Board signal “Spare”= [0.0 0.00161172 0.0 0.0 0.0 0.0 0.0 0.0]
var_name = Last measurement in raw DN for LVPS Board signal “Spare”
var_name = spare_signal
KeyError: (10, 'spare_signal') - Could not find entry for spare_signal, 51. Please check the Var_notes or variable mapping.
High gain delay = 35 samples.
Mid gain delay = 1023 samples.
Low gain delay = 1023 samples.
High sampling trigger mode =  0 0 1
High gain trigger mode enabled.
For 2222981120, HG Trigger level = 0.15317, sample settings = 0, 0
Threshold trigger mode enabled for high gain channel.
AID = 2415277392
Event number = 91
Rice compression enabled = False
Timestamp = 439515551.67872 seconds since epoch (Midnight January 1st, 2010)
Trigger time = 2023-12-05T23:39:11.678720Z
10
10
10
10
10
10
10
10
10
10
10
10
10
{'SHCOARSE': ParsedDataItem(SHCOARSE, raw=439515806, derived=439515806, unit=dn), 'SHFINE': ParsedDataItem(SHFINE, raw=9188, derived=9188, unit=dn), 'IDX__SCI0AID': ParsedDataItem(IDX__SCI0AID, raw=2415277392, derived=2415277392, unit=None), 'IDX__SCI0TYPE': ParsedDataItem(IDX__SCI0TYPE, raw=1, derived=1, unit=None), 'IDX__SCI0CONT': ParsedDataItem(IDX__SCI0CONT, raw=127, derived=127, unit=None), 'IDX__SCI0SPARE1': ParsedDataItem(IDX__SCI0SPARE1, raw=0, derived=0, unit=None), 'IDX__SCI0PACK': ParsedDataItem(IDX__SCI0PACK, raw=1, derived=EN, unit=None), 'IDX__SCI0FRAG': ParsedDataItem(IDX__SCI0FRAG, raw=0, derived=DS, unit=None), 'IDX__SCI0COMP': ParsedDataItem(IDX__SCI0COMP, raw=0, derived=DS, unit=None), 'IDX__SCI0EVTNUM': ParsedDataItem(IDX__SCI0EVTNUM, raw=92, derived=92, unit=None), 'IDX__SCI0CAT': ParsedDataItem(IDX__SCI0CAT, raw=32, derived=32, unit=None), 'IDX__SCI0QUAL': ParsedDataItem(IDX__SCI0QUAL, raw=5, derived=5, unit=None), 'IDX__SCI0FRAGOFF': ParsedDataItem(IDX__SCI0FRAGOFF, raw=0, derived=0, unit=None), 'IDX__SCI0VER': ParsedDataItem(IDX__SCI0VER, raw=9, derived=9, unit=None), 'IDX__SCI0TIME32': ParsedDataItem(IDX__SCI0TIME32, raw=439515552, derived=439515552, unit=None), 'IDX__SCI0SPARE2': ParsedDataItem(IDX__SCI0SPARE2, raw=0, derived=0, unit=None), 'IDX__SCI0SPARE3': ParsedDataItem(IDX__SCI0SPARE3, raw=0, derived=0, unit=None), 'IDX__SCI0SPARE4': ParsedDataItem(IDX__SCI0SPARE4, raw=0, derived=0, unit=None), 'IDX__TXHDRSCIEVTLEN': ParsedDataItem(IDX__TXHDRSCIEVTLEN, raw=8320, derived=8320, unit=None), 'IDX__TXHDRSP00': ParsedDataItem(IDX__TXHDRSP00, raw=0, derived=0, unit=None), 'IDX__TXHDRTIMESEC1': ParsedDataItem(IDX__TXHDRTIMESEC1, raw=6706, derived=6706, unit=None), 'IDX__TXHDRTIMESEC2': ParsedDataItem(IDX__TXHDRTIMESEC2, raw=31136, derived=31136, unit=None), 'IDX__TXHDRTIMESUBS': ParsedDataItem(IDX__TXHDRTIMESUBS, raw=33933, derived=33933, unit=None), 'IDX__TXHDRSP01': ParsedDataItem(IDX__TXHDRSP01, raw=0, derived=0, unit=None), 'IDX__TXHDRTRIGOFFSET': ParsedDataItem(IDX__TXHDRTRIGOFFSET, raw=7, derived=7, unit=None), 'IDX__TXHDRSP02': ParsedDataItem(IDX__TXHDRSP02, raw=0, derived=0, unit=None), 'IDX__TXHDRTRIGID': ParsedDataItem(IDX__TXHDRTRIGID, raw=1, derived=1, unit=None), 'IDX__TXHDREVTNUM': ParsedDataItem(IDX__TXHDREVTNUM, raw=92, derived=92, unit=None), 'IDX__TXHDRBLOCKS': ParsedDataItem(IDX__TXHDRBLOCKS, raw=243679, derived=243679, unit=None), 'IDX__TXHDRHGTRIGCTRL1': ParsedDataItem(IDX__TXHDRHGTRIGCTRL1, raw=2222981120, derived=2222981120, unit=None), 'IDX__TXHDRHGTRIGCTRL2': ParsedDataItem(IDX__TXHDRHGTRIGCTRL2, raw=0, derived=0, unit=None), 'IDX__TXHDRLGTRIGCTRL1': ParsedDataItem(IDX__TXHDRLGTRIGCTRL1, raw=4294965248, derived=4294965248, unit=None), 'IDX__TXHDRLGTRIGCTRL2': ParsedDataItem(IDX__TXHDRLGTRIGCTRL2, raw=4278255360, derived=4278255360, unit=None), 'IDX__TXHDRMGTRIGCTRL1': ParsedDataItem(IDX__TXHDRMGTRIGCTRL1, raw=4294965248, derived=4294965248, unit=None), 'IDX__TXHDRMGTRIGCTRL2': ParsedDataItem(IDX__TXHDRMGTRIGCTRL2, raw=4278255360, derived=4278255360, unit=None), 'IDX__TXHDRSP03': ParsedDataItem(IDX__TXHDRSP03, raw=0, derived=0, unit=None), 'IDX__TXHDRLSADC': ParsedDataItem(IDX__TXHDRLSADC, raw=1048320, derived=1048320, unit=None), 'IDX__TXHDRPOLSTAT': ParsedDataItem(IDX__TXHDRPOLSTAT, raw=1, derived=NEG, unit=None), 'IDX__TXHDRSP04': ParsedDataItem(IDX__TXHDRSP04, raw=0, derived=0, unit=None), 'IDX__TXHDRPOLCTRL': ParsedDataItem(IDX__TXHDRPOLCTRL, raw=0, derived=POS, unit=None), 'IDX__TXHDRCOINENA': ParsedDataItem(IDX__TXHDRCOINENA, raw=0, derived=DIS, unit=None), 'IDX__TXHDRLSTRIGMODE': ParsedDataItem(IDX__TXHDRLSTRIGMODE, raw=0, derived=DIS, unit=None), 'IDX__TXHDRMGTRIGMODE': ParsedDataItem(IDX__TXHDRMGTRIGMODE, raw=0, derived=0, unit=None), 'IDX__TXHDRLGTRIGMODE': ParsedDataItem(IDX__TXHDRLGTRIGMODE, raw=0, derived=0, unit=None), 'IDX__TXHDRHGTRIGMODE': ParsedDataItem(IDX__TXHDRHGTRIGMODE, raw=1, derived=1, unit=None), 'IDX__TXHDRSP05': ParsedDataItem(IDX__TXHDRSP05, raw=0, derived=0, unit=None), 'IDX__TXHDRSP06': ParsedDataItem(IDX__TXHDRSP06, raw=0, derived=0, unit=None), 'IDX__TXHDRSP07': ParsedDataItem(IDX__TXHDRSP07, raw=2020, derived=2020, unit=None), 'IDX__TXHDRSP08': ParsedDataItem(IDX__TXHDRSP08, raw=0, derived=0, unit=None), 'IDX__TXHDRTOFMAX': ParsedDataItem(IDX__TXHDRTOFMAX, raw=567811071, derived=567811071, unit=None), 'IDX__TXHDRTOFMIN': ParsedDataItem(IDX__TXHDRTOFMIN, raw=535295472, derived=535295472, unit=None), 'IDX__TXHDRLS0MAXMIN': ParsedDataItem(IDX__TXHDRLS0MAXMIN, raw=8468493, derived=8468493, unit=None), 'IDX__TXHDRLS1MAXMIN': ParsedDataItem(IDX__TXHDRLS1MAXMIN, raw=8447976, derived=8447976, unit=None), 'IDX__TXHDRLS2MAXMIN': ParsedDataItem(IDX__TXHDRLS2MAXMIN, raw=8447972, derived=8447972, unit=None), 'IDX__TXHDRFIFODELAY': ParsedDataItem(IDX__TXHDRFIFODELAY, raw=16, derived=16, unit=None), 'IDX__TXHDRSAMPDELAY': ParsedDataItem(IDX__TXHDRSAMPDELAY, raw=57728086, derived=57728086, unit=None), 'IDX__TXHDRTRANSCNT': ParsedDataItem(IDX__TXHDRTRANSCNT, raw=10, derived=10, unit=None), 'IDX__TXHDRPROCHKCH01': ParsedDataItem(IDX__TXHDRPROCHKCH01, raw=83755857, derived=83755857, unit=None), 'IDX__TXHDRPROCHKCH23': ParsedDataItem(IDX__TXHDRPROCHKCH23, raw=102302894, derived=102302894, unit=None), 'IDX__TXHDRPROCHKCH45': ParsedDataItem(IDX__TXHDRPROCHKCH45, raw=167970010, derived=167970010, unit=None), 'IDX__TXHDRPROCHKCH67': ParsedDataItem(IDX__TXHDRPROCHKCH67, raw=133695768, derived=133695768, unit=None), 'IDX__TXHDRHVPSHKCH01': ParsedDataItem(IDX__TXHDRHVPSHKCH01, raw=131860073, derived=131860073, unit=None), 'IDX__TXHDRHVPSHKCH23': ParsedDataItem(IDX__TXHDRHVPSHKCH23, raw=8849070, derived=8849070, unit=None), 'IDX__TXHDRHVPSHKCH45': ParsedDataItem(IDX__TXHDRHVPSHKCH45, raw=153225178, derived=153225178, unit=None), 'IDX__TXHDRHVPSHKCH67': ParsedDataItem(IDX__TXHDRHVPSHKCH67, raw=19991184, derived=19991184, unit=None), 'IDX__TXHDRLVHK0CH01': ParsedDataItem(IDX__TXHDRLVHK0CH01, raw=134219776, derived=134219776, unit=None), 'IDX__TXHDRLVHK0CH23': ParsedDataItem(IDX__TXHDRLVHK0CH23, raw=172035001, derived=172035001, unit=None), 'IDX__TXHDRLVHK0CH45': ParsedDataItem(IDX__TXHDRLVHK0CH45, raw=134745194, derived=134745194, unit=None), 'IDX__TXHDRLVHK0CH67': ParsedDataItem(IDX__TXHDRLVHK0CH67, raw=205917267, derived=205917267, unit=None), 'IDX__TXHDRLVHK1CH01': ParsedDataItem(IDX__TXHDRLVHK1CH01, raw=34801304, derived=34801304, unit=None), 'IDX__TXHDRLVHK1CH23': ParsedDataItem(IDX__TXHDRLVHK1CH23, raw=74712528, derived=74712528, unit=None), 'IDX__TXHDRLVHK1CH45': ParsedDataItem(IDX__TXHDRLVHK1CH45, raw=215484233, derived=215484233, unit=None), 'IDX__TXHDRLVHK1CH67': ParsedDataItem(IDX__TXHDRLVHK1CH67, raw=193003972, derived=193003972, unit=None), 'IDX__TXHDRLVHK2CH01': ParsedDataItem(IDX__TXHDRLVHK2CH01, raw=82314476, derived=82314476, unit=None), 'IDX__TXHDRLVHK2CH23': ParsedDataItem(IDX__TXHDRLVHK2CH23, raw=188680970, derived=188680970, unit=None), 'IDX__TXHDRLVHK2CH45': ParsedDataItem(IDX__TXHDRLVHK2CH45, raw=100994069, derived=100994069, unit=None), 'IDX__TXHDRLVHK2CH67': ParsedDataItem(IDX__TXHDRLVHK2CH67, raw=3480, derived=3480, unit=None), 'IDX__TXHDRSP09': ParsedDataItem(IDX__TXHDRSP09, raw=0, derived=0, unit=None), 'IDX__TXHDRSP10': ParsedDataItem(IDX__TXHDRSP10, raw=0, derived=0, unit=None), 'IDX__TXHDRFSWAIDCOPY': ParsedDataItem(IDX__TXHDRFSWAIDCOPY, raw=2415277392, derived=2415277392, unit=None), 'IDX__TXHDRFSWBINCOPY': ParsedDataItem(IDX__TXHDRFSWBINCOPY, raw=0, derived=0, unit=None), 'IDX__TXHDRFSWMAJOR': ParsedDataItem(IDX__TXHDRFSWMAJOR, raw=2, derived=2, unit=None), 'IDX__TXHDRFSWMINOR': ParsedDataItem(IDX__TXHDRFSWMINOR, raw=0, derived=0, unit=None), 'IDX__TXHDRFSWPATCH': ParsedDataItem(IDX__TXHDRFSWPATCH, raw=0, derived=0, unit=None), 'IDX__TXHDRFSWHVSTAT': ParsedDataItem(IDX__TXHDRFSWHVSTAT, raw=3, derived=3, unit=None), 'IDX__TXHDRFSWMEM0': ParsedDataItem(IDX__TXHDRFSWMEM0, raw=0, derived=0, unit=None), 'IDX__TXHDRFSWMEM1': ParsedDataItem(IDX__TXHDRFSWMEM1, raw=0, derived=0, unit=None), 'IDX__TXHDRFSWPT0': ParsedDataItem(IDX__TXHDRFSWPT0, raw=0, derived=0, unit=None), 'IDX__TXHDRFSWPT1': ParsedDataItem(IDX__TXHDRFSWPT1, raw=0, derived=0, unit=None), 'IDX__TXHDRFSWPT2': ParsedDataItem(IDX__TXHDRFSWPT2, raw=0, derived=0, unit=None), 'IDX__TXHDRFSWPT3': ParsedDataItem(IDX__TXHDRFSWPT3, raw=0, derived=0, unit=None), 'IDX__TXHDRFSWPT4': ParsedDataItem(IDX__TXHDRFSWPT4, raw=0, derived=0, unit=None), 'IDX__TXHDRFSWPT5': ParsedDataItem(IDX__TXHDRFSWPT5, raw=0, derived=0, unit=None), 'IDX__TXHDRFSWPT6': ParsedDataItem(IDX__TXHDRFSWPT6, raw=0, derived=0, unit=None), 'IDX__TXHDRFSWPT7': ParsedDataItem(IDX__TXHDRFSWPT7, raw=0, derived=0, unit=None), 'IDX__TXHDRFSWPT8': ParsedDataItem(IDX__TXHDRFSWPT8, raw=0, derived=0, unit=None), 'IDX__TXHDRFSWPT9': ParsedDataItem(IDX__TXHDRFSWPT9, raw=0, derived=0, unit=None), 'IDX__TXHDRFPGAVER': ParsedDataItem(IDX__TXHDRFPGAVER, raw=539165480, derived=539165480, unit=None), 'IDX__SYNCSCI0PKT': ParsedDataItem(IDX__SYNCSCI0PKT, raw=13107, derived=13107, unit=None), 'IDX__CRCSCI0PKT': ParsedDataItem(IDX__CRCSCI0PKT, raw=25912, derived=25912, unit=None)}
SHCOARSE = 439515806
SHFINE = 9188
IDX__SCI0AID = 2415277392
IDX__SCI0TYPE = 1
IDX__SCI0CONT = 127
IDX__SCI0SPARE1 = 0
IDX__SCI0PACK = EN
IDX__SCI0FRAG = DS
IDX__SCI0COMP = DS
IDX__SCI0EVTNUM = 92
IDX__SCI0CAT = 32
IDX__SCI0QUAL = 5
IDX__SCI0FRAGOFF = 0
IDX__SCI0VER = 9
IDX__SCI0TIME32 = 439515552
IDX__SCI0SPARE2 = 0
IDX__SCI0SPARE3 = 0
IDX__SCI0SPARE4 = 0
IDX__TXHDRSCIEVTLEN = 8320
IDX__TXHDRSP00 = 0
IDX__TXHDRTIMESEC1 = 6706
IDX__TXHDRTIMESEC2 = 31136
IDX__TXHDRTIMESUBS = 33933
IDX__TXHDRSP01 = 0
IDX__TXHDRTRIGOFFSET = 7
IDX__TXHDRSP02 = 0
IDX__TXHDRTRIGID = 1
IDX__TXHDREVTNUM = 92
IDX__TXHDRBLOCKS = 243679
IDX__TXHDRHGTRIGCTRL1 = 2222981120
IDX__TXHDRHGTRIGCTRL2 = 0
IDX__TXHDRLGTRIGCTRL1 = 4294965248
IDX__TXHDRLGTRIGCTRL2 = 4278255360
IDX__TXHDRMGTRIGCTRL1 = 4294965248
IDX__TXHDRMGTRIGCTRL2 = 4278255360
IDX__TXHDRSP03 = 0
IDX__TXHDRLSADC = 1048320
IDX__TXHDRPOLSTAT = NEG
IDX__TXHDRSP04 = 0
IDX__TXHDRPOLCTRL = POS
IDX__TXHDRCOINENA = DIS
IDX__TXHDRLSTRIGMODE = DIS
IDX__TXHDRMGTRIGMODE = 0
IDX__TXHDRLGTRIGMODE = 0
IDX__TXHDRHGTRIGMODE = 1
IDX__TXHDRSP05 = 0
IDX__TXHDRSP06 = 0
IDX__TXHDRSP07 = 2020
IDX__TXHDRSP08 = 0
IDX__TXHDRTOFMAX = 567811071
IDX__TXHDRTOFMIN = 535295472
IDX__TXHDRLS0MAXMIN = 8468493
IDX__TXHDRLS1MAXMIN = 8447976
IDX__TXHDRLS2MAXMIN = 8447972
IDX__TXHDRFIFODELAY = 16
IDX__TXHDRSAMPDELAY = 57728086
IDX__TXHDRTRANSCNT = 10
IDX__TXHDRPROCHKCH01 = 83755857
IDX__TXHDRPROCHKCH23 = 102302894
IDX__TXHDRPROCHKCH45 = 167970010
IDX__TXHDRPROCHKCH67 = 133695768
IDX__TXHDRHVPSHKCH01 = 131860073
IDX__TXHDRHVPSHKCH23 = 8849070
IDX__TXHDRHVPSHKCH45 = 153225178
IDX__TXHDRHVPSHKCH67 = 19991184
IDX__TXHDRLVHK0CH01 = 134219776
IDX__TXHDRLVHK0CH23 = 172035001
IDX__TXHDRLVHK0CH45 = 134745194
IDX__TXHDRLVHK0CH67 = 205917267
IDX__TXHDRLVHK1CH01 = 34801304
IDX__TXHDRLVHK1CH23 = 74712528
IDX__TXHDRLVHK1CH45 = 215484233
IDX__TXHDRLVHK1CH67 = 193003972
IDX__TXHDRLVHK2CH01 = 82314476
IDX__TXHDRLVHK2CH23 = 188680970
IDX__TXHDRLVHK2CH45 = 100994069
IDX__TXHDRLVHK2CH67 = 3480
IDX__TXHDRSP09 = 0
IDX__TXHDRSP10 = 0
IDX__TXHDRFSWAIDCOPY = 2415277392
IDX__TXHDRFSWBINCOPY = 0
IDX__TXHDRFSWMAJOR = 2
IDX__TXHDRFSWMINOR = 0
IDX__TXHDRFSWPATCH = 0
IDX__TXHDRFSWHVSTAT = 3
IDX__TXHDRFSWMEM0 = 0
IDX__TXHDRFSWMEM1 = 0
IDX__TXHDRFSWPT0 = 0
IDX__TXHDRFSWPT1 = 0
IDX__TXHDRFSWPT2 = 0
IDX__TXHDRFSWPT3 = 0
IDX__TXHDRFSWPT4 = 0
IDX__TXHDRFSWPT5 = 0
IDX__TXHDRFSWPT6 = 0
IDX__TXHDRFSWPT7 = 0
IDX__TXHDRFSWPT8 = 0
IDX__TXHDRFSWPT9 = 0
IDX__TXHDRFPGAVER = 539165480
IDX__SYNCSCI0PKT = 13107
IDX__CRCSCI0PKT = 25912
^*****Event header 11******^
EVTNUM: 11
SCI0TYPE: 1
TXHDRBLOCKS RAW: 243679
TXHDRBLOCKS DERIVED: 243679
-----
HS pre trig sampling blocks:  31
LS pre trig sampling blocks:  3
HS post trig sampling blocks:  31
LS post trig sampling blocks:  11
IDX__TXHDRHVPSHKCH01 = 131860073
Detector voltage =  1641
Sensor voltage =  2012
Target voltage =  1710
Reflectron voltage =  135
Rejection voltage =  2010
Current for HVPS sensor =  2338
Positive current for HVPS sensor =  2704
Negative current for HVPS sensor =  305
Voltage +3.3V reference =  2048
Voltage +3.3V operational reference =  2048
Voltage -6V bus =  3001
Voltage +6V bus =  2625
Voltage +16V bus =  3178
Voltage +3.3V bus =  2056
Voltage -5V bus =  3155
Voltage +5V bus =  3142
Current +3.3V bus =  1688
Current +16V bus =  1140
Current +6V bus =  1488
Current -6V bus =  1140
Current +5V bus =  1865
Current -5V bus =  3288
Current +2.5V bus =  452
Current -2.5V bus =  2945
Current on the 1V POL =  849
Current on the 1.9V POL =  1278
ProcBd Temperature 1 =  1198
ProcBd Temperature 2 =  1561
Voltage on 1V bus =  1242
FPGA Temperature =  2563
Voltage on 1.9V bus =  2328
Voltage on 3.3V bus =  2040
var_to_row = {'Last measurement in raw DN for Processor Board signal “1V POL Current”': 0, 'Last measurement in raw DN for Processor Board signal “1.9V POL Current”': 1, 'Last measurement in raw DN for Processor Board signal “ProcBd Temp1”': 2, nan: 48, 'Last measurement in raw DN for Processor Board signal “ProcBd Temp2”': 6, 'Last measurement in raw DN for Processor Board signal “1V Voltage”': 10, 'Last measurement in raw DN for Processor Board signal “FPGA Temp”': 11, 'Last measurement in raw DN for Processor Board signal “1.9V Voltage”': 12, 'Last measurement in raw DN for Processor Board signal “3.3V Voltage”': 13, 'Last measurement in raw DN for HVPS Board signal “Detector Voltage”': 14, 'Last measurement in raw DN for HVPS Board signal “Sensor Voltage"': 15, 'Last measurement in raw DN for HVPS Board signal “Target Voltage”': 16, 'Last measurement in raw DN for HVPS Board signal “Reflectron Voltage”': 17, 'Last measurement in raw DN for HVPS Board signal “Rejection Voltage”': 18, 'Last measurement in raw DN for HVPS Board signal “Detector Current”': 19, 'Last measurement in raw DN for HVPS Board signal “Sensor IP”': 20, 'Last measurement in raw DN for HVPS Board signal “Sensor IN”': 21, 'Last measurement in raw DN for LVPS Board signal “P3.3VREF_HK”': 22, 'Last measurement in raw DN for LVPS Board signal “P3.3VREF_OP”': 23, 'Last measurement in raw DN for LVPS Board signal “N6V”': 24, 'Last measurement in raw DN for LVPS Board signal “P6V”': 25, 'Last measurement in raw DN for LVPS Board signal “P16V”': 26, 'Last measurement in raw DN for LVPS Board signal “P3.3V”': 27, 'Last measurement in raw DN for LVPS Board signal “N5V”': 28, 'Last measurement in raw DN for LVPS Board signal “P5V”': 29, 'Last measurement in raw DN for LVPS Board signal “P3.3_IMON”': 30, 'Last measurement in raw DN for LVPS Board signal “P16V_IMON”': 31, 'Last measurement in raw DN for LVPS Board signal “P6V_IMON”': 32, 'Last measurement in raw DN for LVPS Board signal “N6V_IMON”': 33, 'Last measurement in raw DN for LVPS Board signal “P5V_IMON”': 34, 'Last measurement in raw DN for LVPS Board signal “N5V_IMON”': 35, 'Last measurement in raw DN for LVPS Board signal “P2.5V_IMON”': 36, 'Last measurement in raw DN for LVPS Board signal “N2.5V_IMON”': 37, 'Last measurement in raw DN for LVPS Board signal “THERM_DECON0”': 38, 'Last measurement in raw DN for LVPS Board signal “THERM_DECON1”': 39, 'Last measurement in raw DN for LVPS Board signal “THERM_DAB”': 40, 'Last measurement in raw DN for LVPS Board signal “THERM_LVPS”': 41, 'Last measurement in raw DN for LVPS Board signal “THERM_HVPS”': 45, 'Last measurement in raw DN for LVPS Board signal “P2.5V”': 49, 'Last measurement in raw DN for LVPS Board signal “N2.5V”': 50, 'Last measurement in raw DN for LVPS Board signal “Spare”': 51}

 
 ***** var_name being converted for each instrument setting ***** 
 

Matching row  18
coeffs for Last measurement in raw DN for Processor Board signal “1V POL Current”= [0.0 0.9029253 0.0 0.0 0.0 0.0 0.0 0.0]
var_name = Last measurement in raw DN for Processor Board signal “1V POL Current”
var_name = current_1V_pol
Header info = 849
Transformed value for current_1V_pol = 766.5835797000001
Matching row  18
coeffs for Last measurement in raw DN for Processor Board signal “1.9V POL Current”= [0.0 0.9029253 0.0 0.0 0.0 0.0 0.0 0.0]
var_name = Last measurement in raw DN for Processor Board signal “1.9V POL Current”
var_name = current_1.9V_pol
Header info = 1278
Transformed value for current_1.9V_pol = 1153.9385334
Matching row  18
coeffs for Last measurement in raw DN for Processor Board signal “ProcBd Temp1”= [162.8276 -0.2668687 0.0003323794 -2.43153e-07 9.034532e-11 -1.327735e-14
 0.0 0.0]
var_name = Last measurement in raw DN for Processor Board signal “ProcBd Temp1”
var_name = temperature_1
Header info = 1198
Transformed value for temperature_1 = 55.41044834983295
Matching row  18
coeffs for nan= [-104713.9 52.02446 -0.006463374 0.0 0.0 0.0 0.0 0.0]
var_name = nan
var_name = None
KeyError: (11, None) - Could not find entry for None, 48. Please check the Var_notes or variable mapping.
Matching row  18
coeffs for Last measurement in raw DN for Processor Board signal “ProcBd Temp2”= [162.8276 -0.2668687 0.0003323794 -2.43153e-07 9.034532e-11 -1.327735e-14
 0.0 0.0]
var_name = Last measurement in raw DN for Processor Board signal “ProcBd Temp2”
var_name = temperature_2
Header info = 1561
Transformed value for temperature_2 = 44.64778748986298
Matching row  18
coeffs for Last measurement in raw DN for Processor Board signal “1V Voltage”= [0.0 0.000805861 0.0 0.0 0.0 0.0 0.0 0.0]
var_name = Last measurement in raw DN for Processor Board signal “1V Voltage”
var_name = voltage_1V_bus
Header info = 1242
Transformed value for voltage_1V_bus = 1.0008793619999998
Matching row  18
coeffs for Last measurement in raw DN for Processor Board signal “FPGA Temp”= [358.31 -0.1187104 0.0 0.0 0.0 0.0 0.0 0.0]
var_name = Last measurement in raw DN for Processor Board signal “FPGA Temp”
var_name = fpga_temperature
Header info = 2563
Transformed value for fpga_temperature = 54.055244800000025
Matching row  18
coeffs for Last measurement in raw DN for Processor Board signal “1.9V Voltage”= [0.0 0.000805861 0.0 0.0 0.0 0.0 0.0 0.0]
var_name = Last measurement in raw DN for Processor Board signal “1.9V Voltage”
var_name = voltage_1.9V_bus
Header info = 2328
Transformed value for voltage_1.9V_bus = 1.8760444079999998
Matching row  18
coeffs for Last measurement in raw DN for Processor Board signal “3.3V Voltage”= [0.0 0.001611722 0.0 0.0 0.0 0.0 0.0 0.0]
var_name = Last measurement in raw DN for Processor Board signal “3.3V Voltage”
var_name = voltage_3.3V_bus
Header info = 2040
Transformed value for voltage_3.3V_bus = 3.28791288
Matching row  18
coeffs for Last measurement in raw DN for HVPS Board signal “Detector Voltage”= [0.0 1.4652 0.0 0.0 0.0 0.0 0.0 0.0]
var_name = Last measurement in raw DN for HVPS Board signal “Detector Voltage”
var_name = detector_voltage
Header info = 1641
Transformed value for detector_voltage = 2404.3932
Matching row  18
coeffs for Last measurement in raw DN for HVPS Board signal “Sensor Voltage"= [0.0 1.4652 0.0 0.0 0.0 0.0 0.0 0.0]
var_name = Last measurement in raw DN for HVPS Board signal “Sensor Voltage"
var_name = sensor_voltage
Header info = 2012
Transformed value for sensor_voltage = 2947.9824000000003
Matching row  18
coeffs for Last measurement in raw DN for HVPS Board signal “Target Voltage”= [0.0 1.4652 0.0 0.0 0.0 0.0 0.0 0.0]
var_name = Last measurement in raw DN for HVPS Board signal “Target Voltage”
var_name = target_voltage
Header info = 1710
Transformed value for target_voltage = 2505.492
Matching row  18
coeffs for Last measurement in raw DN for HVPS Board signal “Reflectron Voltage”= [0.0 1.4652 0.0 0.0 0.0 0.0 0.0 0.0]
var_name = Last measurement in raw DN for HVPS Board signal “Reflectron Voltage”
var_name = reflectron_voltage
Header info = 135
Transformed value for reflectron_voltage = 197.80200000000002
Matching row  18
coeffs for Last measurement in raw DN for HVPS Board signal “Rejection Voltage”= [0.0 1.4652 0.0 0.0 0.0 0.0 0.0 0.0]
var_name = Last measurement in raw DN for HVPS Board signal “Rejection Voltage”
var_name = rejection_voltage
Header info = 2010
Transformed value for rejection_voltage = 2945.052
Matching row  18
coeffs for Last measurement in raw DN for HVPS Board signal “Detector Current”= [0.0 7.326e-06 0.0 0.0 0.0 0.0 0.0 0.0]
var_name = Last measurement in raw DN for HVPS Board signal “Detector Current”
var_name = current_hvps_sensor
Header info = 2338
Transformed value for current_hvps_sensor = 0.017128188
Matching row  18
coeffs for Last measurement in raw DN for HVPS Board signal “Sensor IP”= [0.0 2.4339e-05 0.0 0.0 0.0 0.0 0.0 0.0]
var_name = Last measurement in raw DN for HVPS Board signal “Sensor IP”
var_name = positive_current_hvps
Header info = 2704
Transformed value for positive_current_hvps = 0.065812656
Matching row  18
coeffs for Last measurement in raw DN for HVPS Board signal “Sensor IN”= [0.0 2.4339e-05 0.0 0.0 0.0 0.0 0.0 0.0]
var_name = Last measurement in raw DN for HVPS Board signal “Sensor IN”
var_name = negative_current_hvps
Header info = 305
Transformed value for negative_current_hvps = 0.007423394999999999
Matching row  18
coeffs for Last measurement in raw DN for LVPS Board signal “P3.3VREF_HK”= [0.0 0.00161172 0.0 0.0 0.0 0.0 0.0 0.0]
var_name = Last measurement in raw DN for LVPS Board signal “P3.3VREF_HK”
var_name = voltage_3V3_ref
Header info = 2048
Transformed value for voltage_3V3_ref = 3.30080256
Matching row  18
coeffs for Last measurement in raw DN for LVPS Board signal “P3.3VREF_OP”= [0.0 0.00161172 0.0 0.0 0.0 0.0 0.0 0.0]
var_name = Last measurement in raw DN for LVPS Board signal “P3.3VREF_OP”
var_name = voltage_3V3_op_ref
Header info = 2048
Transformed value for voltage_3V3_op_ref = 3.30080256
Matching row  18
coeffs for Last measurement in raw DN for LVPS Board signal “N6V”= [-33.0 0.00886447 0.0 0.0 0.0 0.0 0.0 0.0]
var_name = Last measurement in raw DN for LVPS Board signal “N6V”
var_name = voltage_neg6V_bus
Header info = 3001
Transformed value for voltage_neg6V_bus = -6.397725530000002
Matching row  18
coeffs for Last measurement in raw DN for LVPS Board signal “P6V”= [0.0 0.00241758 0.0 0.0 0.0 0.0 0.0 0.0]
var_name = Last measurement in raw DN for LVPS Board signal “P6V”
var_name = voltage_pos6V_bus
Header info = 2625
Transformed value for voltage_pos6V_bus = 6.3461475
Matching row  18
coeffs for Last measurement in raw DN for LVPS Board signal “P16V”= [0.0 0.00482711 0.0 0.0 0.0 0.0 0.0 0.0]
var_name = Last measurement in raw DN for LVPS Board signal “P16V”
var_name = voltage_pos16V_bus
Header info = 3178
Transformed value for voltage_pos16V_bus = 15.34055558
Matching row  18
coeffs for Last measurement in raw DN for LVPS Board signal “P3.3V”= [0.0 0.00161172 0.0 0.0 0.0 0.0 0.0 0.0]
var_name = Last measurement in raw DN for LVPS Board signal “P3.3V”
var_name = voltage_pos3V3_bus
Header info = 2056
Transformed value for voltage_pos3V3_bus = 3.31369632
Matching row  18
coeffs for Last measurement in raw DN for LVPS Board signal “N5V”= [-33.0 0.00886447 0.0 0.0 0.0 0.0 0.0 0.0]
var_name = Last measurement in raw DN for LVPS Board signal “N5V”
var_name = voltage_neg5V_bus
Header info = 3155
Transformed value for voltage_neg5V_bus = -5.032597150000001
Matching row  18
coeffs for Last measurement in raw DN for LVPS Board signal “P5V”= [0.0 0.00161172 0.0 0.0 0.0 0.0 0.0 0.0]
var_name = Last measurement in raw DN for LVPS Board signal “P5V”
var_name = voltage_pos5V_bus
Header info = 3142
Transformed value for voltage_pos5V_bus = 5.06402424
Matching row  18
coeffs for Last measurement in raw DN for LVPS Board signal “P3.3_IMON”= [0.0 0.00161172 0.0 0.0 0.0 0.0 0.0 0.0]
var_name = Last measurement in raw DN for LVPS Board signal “P3.3_IMON”
var_name = current_3V3_bus
Header info = 1688
Transformed value for current_3V3_bus = 2.72058336
Matching row  18
coeffs for Last measurement in raw DN for LVPS Board signal “P16V_IMON”= [0.0 0.000161172 0.0 0.0 0.0 0.0 0.0 0.0]
var_name = Last measurement in raw DN for LVPS Board signal “P16V_IMON”
var_name = current_16V_bus
Header info = 1140
Transformed value for current_16V_bus = 0.18373608
Matching row  18
coeffs for Last measurement in raw DN for LVPS Board signal “P6V_IMON”= [0.0 8.05861e-05 0.0 0.0 0.0 0.0 0.0 0.0]
var_name = Last measurement in raw DN for LVPS Board signal “P6V_IMON”
var_name = current_6V_bus
Header info = 1488
Transformed value for current_6V_bus = 0.1199121168
Matching row  18
coeffs for Last measurement in raw DN for LVPS Board signal “N6V_IMON”= [0.0 -8.05861e-05 0.0 0.0 0.0 0.0 0.0 0.0]
var_name = Last measurement in raw DN for LVPS Board signal “N6V_IMON”
var_name = current_neg6V_bus
Header info = 1140
Transformed value for current_neg6V_bus = -0.091868154
Matching row  18
coeffs for Last measurement in raw DN for LVPS Board signal “P5V_IMON”= [0.0 4.029304e-05 0.0 0.0 0.0 0.0 0.0 0.0]
var_name = Last measurement in raw DN for LVPS Board signal “P5V_IMON”
var_name = current_5V_bus
Header info = 1865
Transformed value for current_5V_bus = 0.0751465196
Matching row  18
coeffs for Last measurement in raw DN for LVPS Board signal “N5V_IMON”= [0.0 -2.01465e-05 0.0 0.0 0.0 0.0 0.0 0.0]
var_name = Last measurement in raw DN for LVPS Board signal “N5V_IMON”
var_name = current_neg5V_bus
Header info = 3288
Transformed value for current_neg5V_bus = -0.066241692
Matching row  18
coeffs for Last measurement in raw DN for LVPS Board signal “P2.5V_IMON”= [0.0 0.00161172 0.0 0.0 0.0 0.0 0.0 0.0]
var_name = Last measurement in raw DN for LVPS Board signal “P2.5V_IMON”
var_name = current_2V5_bus
Header info = 452
Transformed value for current_2V5_bus = 0.72849744
Matching row  18
coeffs for Last measurement in raw DN for LVPS Board signal “N2.5V_IMON”= [0.0 -4.0293e-05 0.0 0.0 0.0 0.0 0.0 0.0]
var_name = Last measurement in raw DN for LVPS Board signal “N2.5V_IMON”
var_name = current_neg2V5_bus
Header info = 2945
Transformed value for current_neg2V5_bus = -0.11866288500000001
Matching row  18
coeffs for Last measurement in raw DN for LVPS Board signal “THERM_DECON0”= [-110.293 0.0665351 0.000305738 -6.32048e-07 5.9934e-10 -2.98784e-13
 7.61361e-17 -7.76467e-21]
var_name = Last measurement in raw DN for LVPS Board signal “THERM_DECON0”
var_name = None
KeyError: (11, None) - Could not find entry for None, 38. Please check the Var_notes or variable mapping.
Matching row  18
coeffs for Last measurement in raw DN for LVPS Board signal “THERM_DECON1”= [-150.478 0.376986 -0.00062072 7.73853e-07 -5.81588e-10 2.56368e-13
 -6.05698e-17 5.96635e-21]
var_name = Last measurement in raw DN for LVPS Board signal “THERM_DECON1”
var_name = None
KeyError: (11, None) - Could not find entry for None, 39. Please check the Var_notes or variable mapping.
Matching row  18
coeffs for Last measurement in raw DN for LVPS Board signal “THERM_DAB”= [-443.248 1.31224 -0.00180422 1.40016e-06 -6.43766e-10 1.7448e-13
 -2.57695e-17 1.60239e-21]
var_name = Last measurement in raw DN for LVPS Board signal “THERM_DAB”
var_name = None
KeyError: (11, None) - Could not find entry for None, 40. Please check the Var_notes or variable mapping.
Matching row  18
coeffs for Last measurement in raw DN for LVPS Board signal “THERM_LVPS”= [200.4137 -0.2020699 0.000175403 -9.739547e-08 2.888932e-11 -3.545603e-15
 0.0 0.0]
var_name = Last measurement in raw DN for LVPS Board signal “THERM_LVPS”
var_name = None
KeyError: (11, None) - Could not find entry for None, 41. Please check the Var_notes or variable mapping.
Matching row  18
coeffs for Last measurement in raw DN for LVPS Board signal “THERM_HVPS”= [200.4137 -0.2020699 0.000175403 -9.739547e-08 2.888932e-11 -3.545603e-15
 0.0 0.0]
var_name = Last measurement in raw DN for LVPS Board signal “THERM_HVPS”
var_name = None
KeyError: (11, None) - Could not find entry for None, 45. Please check the Var_notes or variable mapping.
Matching row  18
coeffs for Last measurement in raw DN for LVPS Board signal “P2.5V”= [0.0 0.00161172 0.0 0.0 0.0 0.0 0.0 0.0]
var_name = Last measurement in raw DN for LVPS Board signal “P2.5V”
var_name = None
KeyError: (11, None) - Could not find entry for None, 49. Please check the Var_notes or variable mapping.
Matching row  18
coeffs for Last measurement in raw DN for LVPS Board signal “N2.5V”= [-33.0 0.00886447 0.0 0.0 0.0 0.0 0.0 0.0]
var_name = Last measurement in raw DN for LVPS Board signal “N2.5V”
var_name = None
KeyError: (11, None) - Could not find entry for None, 50. Please check the Var_notes or variable mapping.
Matching row  18
coeffs for Last measurement in raw DN for LVPS Board signal “Spare”= [0.0 0.00161172 0.0 0.0 0.0 0.0 0.0 0.0]
var_name = Last measurement in raw DN for LVPS Board signal “Spare”
var_name = spare_signal
KeyError: (11, 'spare_signal') - Could not find entry for spare_signal, 51. Please check the Var_notes or variable mapping.
High gain delay = 86 samples.
Mid gain delay = 55 samples.
Low gain delay = 55 samples.
High sampling trigger mode =  0 0 1
High gain trigger mode enabled.
For 2222981120, HG Trigger level = 0.15317, sample settings = 0, 0
Threshold trigger mode enabled for high gain channel.
AID = 2415277392
Event number = 92
Rice compression enabled = False
Timestamp = 439515552.67866 seconds since epoch (Midnight January 1st, 2010)
Trigger time = 2023-12-05T23:39:12.678660Z
11
11
11
11
11
11
11
11
11
11
11
11
11
{'SHCOARSE': ParsedDataItem(SHCOARSE, raw=439515820, derived=439515820, unit=dn), 'SHFINE': ParsedDataItem(SHFINE, raw=9198, derived=9198, unit=dn), 'IDX__SCI0AID': ParsedDataItem(IDX__SCI0AID, raw=2415277392, derived=2415277392, unit=None), 'IDX__SCI0TYPE': ParsedDataItem(IDX__SCI0TYPE, raw=1, derived=1, unit=None), 'IDX__SCI0CONT': ParsedDataItem(IDX__SCI0CONT, raw=127, derived=127, unit=None), 'IDX__SCI0SPARE1': ParsedDataItem(IDX__SCI0SPARE1, raw=0, derived=0, unit=None), 'IDX__SCI0PACK': ParsedDataItem(IDX__SCI0PACK, raw=1, derived=EN, unit=None), 'IDX__SCI0FRAG': ParsedDataItem(IDX__SCI0FRAG, raw=0, derived=DS, unit=None), 'IDX__SCI0COMP': ParsedDataItem(IDX__SCI0COMP, raw=0, derived=DS, unit=None), 'IDX__SCI0EVTNUM': ParsedDataItem(IDX__SCI0EVTNUM, raw=93, derived=93, unit=None), 'IDX__SCI0CAT': ParsedDataItem(IDX__SCI0CAT, raw=32, derived=32, unit=None), 'IDX__SCI0QUAL': ParsedDataItem(IDX__SCI0QUAL, raw=5, derived=5, unit=None), 'IDX__SCI0FRAGOFF': ParsedDataItem(IDX__SCI0FRAGOFF, raw=0, derived=0, unit=None), 'IDX__SCI0VER': ParsedDataItem(IDX__SCI0VER, raw=9, derived=9, unit=None), 'IDX__SCI0TIME32': ParsedDataItem(IDX__SCI0TIME32, raw=439515553, derived=439515553, unit=None), 'IDX__SCI0SPARE2': ParsedDataItem(IDX__SCI0SPARE2, raw=0, derived=0, unit=None), 'IDX__SCI0SPARE3': ParsedDataItem(IDX__SCI0SPARE3, raw=0, derived=0, unit=None), 'IDX__SCI0SPARE4': ParsedDataItem(IDX__SCI0SPARE4, raw=0, derived=0, unit=None), 'IDX__TXHDRSCIEVTLEN': ParsedDataItem(IDX__TXHDRSCIEVTLEN, raw=8320, derived=8320, unit=None), 'IDX__TXHDRSP00': ParsedDataItem(IDX__TXHDRSP00, raw=0, derived=0, unit=None), 'IDX__TXHDRTIMESEC1': ParsedDataItem(IDX__TXHDRTIMESEC1, raw=6706, derived=6706, unit=None), 'IDX__TXHDRTIMESEC2': ParsedDataItem(IDX__TXHDRTIMESEC2, raw=31137, derived=31137, unit=None), 'IDX__TXHDRTIMESUBS': ParsedDataItem(IDX__TXHDRTIMESUBS, raw=33930, derived=33930, unit=None), 'IDX__TXHDRSP01': ParsedDataItem(IDX__TXHDRSP01, raw=0, derived=0, unit=None), 'IDX__TXHDRTRIGOFFSET': ParsedDataItem(IDX__TXHDRTRIGOFFSET, raw=5, derived=5, unit=None), 'IDX__TXHDRSP02': ParsedDataItem(IDX__TXHDRSP02, raw=0, derived=0, unit=None), 'IDX__TXHDRTRIGID': ParsedDataItem(IDX__TXHDRTRIGID, raw=1, derived=1, unit=None), 'IDX__TXHDREVTNUM': ParsedDataItem(IDX__TXHDREVTNUM, raw=93, derived=93, unit=None), 'IDX__TXHDRBLOCKS': ParsedDataItem(IDX__TXHDRBLOCKS, raw=243679, derived=243679, unit=None), 'IDX__TXHDRHGTRIGCTRL1': ParsedDataItem(IDX__TXHDRHGTRIGCTRL1, raw=2222981120, derived=2222981120, unit=None), 'IDX__TXHDRHGTRIGCTRL2': ParsedDataItem(IDX__TXHDRHGTRIGCTRL2, raw=0, derived=0, unit=None), 'IDX__TXHDRLGTRIGCTRL1': ParsedDataItem(IDX__TXHDRLGTRIGCTRL1, raw=4294965248, derived=4294965248, unit=None), 'IDX__TXHDRLGTRIGCTRL2': ParsedDataItem(IDX__TXHDRLGTRIGCTRL2, raw=4278255360, derived=4278255360, unit=None), 'IDX__TXHDRMGTRIGCTRL1': ParsedDataItem(IDX__TXHDRMGTRIGCTRL1, raw=4294965248, derived=4294965248, unit=None), 'IDX__TXHDRMGTRIGCTRL2': ParsedDataItem(IDX__TXHDRMGTRIGCTRL2, raw=4278255360, derived=4278255360, unit=None), 'IDX__TXHDRSP03': ParsedDataItem(IDX__TXHDRSP03, raw=0, derived=0, unit=None), 'IDX__TXHDRLSADC': ParsedDataItem(IDX__TXHDRLSADC, raw=1048320, derived=1048320, unit=None), 'IDX__TXHDRPOLSTAT': ParsedDataItem(IDX__TXHDRPOLSTAT, raw=1, derived=NEG, unit=None), 'IDX__TXHDRSP04': ParsedDataItem(IDX__TXHDRSP04, raw=0, derived=0, unit=None), 'IDX__TXHDRPOLCTRL': ParsedDataItem(IDX__TXHDRPOLCTRL, raw=0, derived=POS, unit=None), 'IDX__TXHDRCOINENA': ParsedDataItem(IDX__TXHDRCOINENA, raw=0, derived=DIS, unit=None), 'IDX__TXHDRLSTRIGMODE': ParsedDataItem(IDX__TXHDRLSTRIGMODE, raw=0, derived=DIS, unit=None), 'IDX__TXHDRMGTRIGMODE': ParsedDataItem(IDX__TXHDRMGTRIGMODE, raw=0, derived=0, unit=None), 'IDX__TXHDRLGTRIGMODE': ParsedDataItem(IDX__TXHDRLGTRIGMODE, raw=0, derived=0, unit=None), 'IDX__TXHDRHGTRIGMODE': ParsedDataItem(IDX__TXHDRHGTRIGMODE, raw=1, derived=1, unit=None), 'IDX__TXHDRSP05': ParsedDataItem(IDX__TXHDRSP05, raw=0, derived=0, unit=None), 'IDX__TXHDRSP06': ParsedDataItem(IDX__TXHDRSP06, raw=0, derived=0, unit=None), 'IDX__TXHDRSP07': ParsedDataItem(IDX__TXHDRSP07, raw=2020, derived=2020, unit=None), 'IDX__TXHDRSP08': ParsedDataItem(IDX__TXHDRSP08, raw=0, derived=0, unit=None), 'IDX__TXHDRTOFMAX': ParsedDataItem(IDX__TXHDRTOFMAX, raw=577248255, derived=577248255, unit=None), 'IDX__TXHDRTOFMIN': ParsedDataItem(IDX__TXHDRTOFMIN, raw=535295464, derived=535295464, unit=None), 'IDX__TXHDRLS0MAXMIN': ParsedDataItem(IDX__TXHDRLS0MAXMIN, raw=8468493, derived=8468493, unit=None), 'IDX__TXHDRLS1MAXMIN': ParsedDataItem(IDX__TXHDRLS1MAXMIN, raw=8443880, derived=8443880, unit=None), 'IDX__TXHDRLS2MAXMIN': ParsedDataItem(IDX__TXHDRLS2MAXMIN, raw=8640484, derived=8640484, unit=None), 'IDX__TXHDRFIFODELAY': ParsedDataItem(IDX__TXHDRFIFODELAY, raw=16, derived=16, unit=None), 'IDX__TXHDRSAMPDELAY': ParsedDataItem(IDX__TXHDRSAMPDELAY, raw=40934470, derived=40934470, unit=None), 'IDX__TXHDRTRANSCNT': ParsedDataItem(IDX__TXHDRTRANSCNT, raw=8, derived=8, unit=None), 'IDX__TXHDRPROCHKCH01': ParsedDataItem(IDX__TXHDRPROCHKCH01, raw=83821393, derived=83821393, unit=None), 'IDX__TXHDRPROCHKCH23': ParsedDataItem(IDX__TXHDRPROCHKCH23, raw=102302894, derived=102302894, unit=None), 'IDX__TXHDRPROCHKCH45': ParsedDataItem(IDX__TXHDRPROCHKCH45, raw=167970010, derived=167970010, unit=None), 'IDX__TXHDRPROCHKCH67': ParsedDataItem(IDX__TXHDRPROCHKCH67, raw=133695768, derived=133695768, unit=None), 'IDX__TXHDRHVPSHKCH01': ParsedDataItem(IDX__TXHDRHVPSHKCH01, raw=131860073, derived=131860073, unit=None), 'IDX__TXHDRHVPSHKCH23': ParsedDataItem(IDX__TXHDRHVPSHKCH23, raw=8849070, derived=8849070, unit=None), 'IDX__TXHDRHVPSHKCH45': ParsedDataItem(IDX__TXHDRHVPSHKCH45, raw=153225178, derived=153225178, unit=None), 'IDX__TXHDRHVPSHKCH67': ParsedDataItem(IDX__TXHDRHVPSHKCH67, raw=19991184, derived=19991184, unit=None), 'IDX__TXHDRLVHK0CH01': ParsedDataItem(IDX__TXHDRLVHK0CH01, raw=134219776, derived=134219776, unit=None), 'IDX__TXHDRLVHK0CH23': ParsedDataItem(IDX__TXHDRLVHK0CH23, raw=172035000, derived=172035000, unit=None), 'IDX__TXHDRLVHK0CH45': ParsedDataItem(IDX__TXHDRLVHK0CH45, raw=134745194, derived=134745194, unit=None), 'IDX__TXHDRLVHK0CH67': ParsedDataItem(IDX__TXHDRLVHK0CH67, raw=205917267, derived=205917267, unit=None), 'IDX__TXHDRLVHK1CH01': ParsedDataItem(IDX__TXHDRLVHK1CH01, raw=34801304, derived=34801304, unit=None), 'IDX__TXHDRLVHK1CH23': ParsedDataItem(IDX__TXHDRLVHK1CH23, raw=74712528, derived=74712528, unit=None), 'IDX__TXHDRLVHK1CH45': ParsedDataItem(IDX__TXHDRLVHK1CH45, raw=215484233, derived=215484233, unit=None), 'IDX__TXHDRLVHK1CH67': ParsedDataItem(IDX__TXHDRLVHK1CH67, raw=193003972, derived=193003972, unit=None), 'IDX__TXHDRLVHK2CH01': ParsedDataItem(IDX__TXHDRLVHK2CH01, raw=82314476, derived=82314476, unit=None), 'IDX__TXHDRLVHK2CH23': ParsedDataItem(IDX__TXHDRLVHK2CH23, raw=188680970, derived=188680970, unit=None), 'IDX__TXHDRLVHK2CH45': ParsedDataItem(IDX__TXHDRLVHK2CH45, raw=101059604, derived=101059604, unit=None), 'IDX__TXHDRLVHK2CH67': ParsedDataItem(IDX__TXHDRLVHK2CH67, raw=3480, derived=3480, unit=None), 'IDX__TXHDRSP09': ParsedDataItem(IDX__TXHDRSP09, raw=0, derived=0, unit=None), 'IDX__TXHDRSP10': ParsedDataItem(IDX__TXHDRSP10, raw=0, derived=0, unit=None), 'IDX__TXHDRFSWAIDCOPY': ParsedDataItem(IDX__TXHDRFSWAIDCOPY, raw=2415277392, derived=2415277392, unit=None), 'IDX__TXHDRFSWBINCOPY': ParsedDataItem(IDX__TXHDRFSWBINCOPY, raw=0, derived=0, unit=None), 'IDX__TXHDRFSWMAJOR': ParsedDataItem(IDX__TXHDRFSWMAJOR, raw=2, derived=2, unit=None), 'IDX__TXHDRFSWMINOR': ParsedDataItem(IDX__TXHDRFSWMINOR, raw=0, derived=0, unit=None), 'IDX__TXHDRFSWPATCH': ParsedDataItem(IDX__TXHDRFSWPATCH, raw=0, derived=0, unit=None), 'IDX__TXHDRFSWHVSTAT': ParsedDataItem(IDX__TXHDRFSWHVSTAT, raw=3, derived=3, unit=None), 'IDX__TXHDRFSWMEM0': ParsedDataItem(IDX__TXHDRFSWMEM0, raw=0, derived=0, unit=None), 'IDX__TXHDRFSWMEM1': ParsedDataItem(IDX__TXHDRFSWMEM1, raw=0, derived=0, unit=None), 'IDX__TXHDRFSWPT0': ParsedDataItem(IDX__TXHDRFSWPT0, raw=0, derived=0, unit=None), 'IDX__TXHDRFSWPT1': ParsedDataItem(IDX__TXHDRFSWPT1, raw=0, derived=0, unit=None), 'IDX__TXHDRFSWPT2': ParsedDataItem(IDX__TXHDRFSWPT2, raw=0, derived=0, unit=None), 'IDX__TXHDRFSWPT3': ParsedDataItem(IDX__TXHDRFSWPT3, raw=0, derived=0, unit=None), 'IDX__TXHDRFSWPT4': ParsedDataItem(IDX__TXHDRFSWPT4, raw=0, derived=0, unit=None), 'IDX__TXHDRFSWPT5': ParsedDataItem(IDX__TXHDRFSWPT5, raw=0, derived=0, unit=None), 'IDX__TXHDRFSWPT6': ParsedDataItem(IDX__TXHDRFSWPT6, raw=0, derived=0, unit=None), 'IDX__TXHDRFSWPT7': ParsedDataItem(IDX__TXHDRFSWPT7, raw=0, derived=0, unit=None), 'IDX__TXHDRFSWPT8': ParsedDataItem(IDX__TXHDRFSWPT8, raw=0, derived=0, unit=None), 'IDX__TXHDRFSWPT9': ParsedDataItem(IDX__TXHDRFSWPT9, raw=0, derived=0, unit=None), 'IDX__TXHDRFPGAVER': ParsedDataItem(IDX__TXHDRFPGAVER, raw=539165480, derived=539165480, unit=None), 'IDX__SYNCSCI0PKT': ParsedDataItem(IDX__SYNCSCI0PKT, raw=13107, derived=13107, unit=None), 'IDX__CRCSCI0PKT': ParsedDataItem(IDX__CRCSCI0PKT, raw=40617, derived=40617, unit=None)}
SHCOARSE = 439515820
SHFINE = 9198
IDX__SCI0AID = 2415277392
IDX__SCI0TYPE = 1
IDX__SCI0CONT = 127
IDX__SCI0SPARE1 = 0
IDX__SCI0PACK = EN
IDX__SCI0FRAG = DS
IDX__SCI0COMP = DS
IDX__SCI0EVTNUM = 93
IDX__SCI0CAT = 32
IDX__SCI0QUAL = 5
IDX__SCI0FRAGOFF = 0
IDX__SCI0VER = 9
IDX__SCI0TIME32 = 439515553
IDX__SCI0SPARE2 = 0
IDX__SCI0SPARE3 = 0
IDX__SCI0SPARE4 = 0
IDX__TXHDRSCIEVTLEN = 8320
IDX__TXHDRSP00 = 0
IDX__TXHDRTIMESEC1 = 6706
IDX__TXHDRTIMESEC2 = 31137
IDX__TXHDRTIMESUBS = 33930
IDX__TXHDRSP01 = 0
IDX__TXHDRTRIGOFFSET = 5
IDX__TXHDRSP02 = 0
IDX__TXHDRTRIGID = 1
IDX__TXHDREVTNUM = 93
IDX__TXHDRBLOCKS = 243679
IDX__TXHDRHGTRIGCTRL1 = 2222981120
IDX__TXHDRHGTRIGCTRL2 = 0
IDX__TXHDRLGTRIGCTRL1 = 4294965248
IDX__TXHDRLGTRIGCTRL2 = 4278255360
IDX__TXHDRMGTRIGCTRL1 = 4294965248
IDX__TXHDRMGTRIGCTRL2 = 4278255360
IDX__TXHDRSP03 = 0
IDX__TXHDRLSADC = 1048320
IDX__TXHDRPOLSTAT = NEG
IDX__TXHDRSP04 = 0
IDX__TXHDRPOLCTRL = POS
IDX__TXHDRCOINENA = DIS
IDX__TXHDRLSTRIGMODE = DIS
IDX__TXHDRMGTRIGMODE = 0
IDX__TXHDRLGTRIGMODE = 0
IDX__TXHDRHGTRIGMODE = 1
IDX__TXHDRSP05 = 0
IDX__TXHDRSP06 = 0
IDX__TXHDRSP07 = 2020
IDX__TXHDRSP08 = 0
IDX__TXHDRTOFMAX = 577248255
IDX__TXHDRTOFMIN = 535295464
IDX__TXHDRLS0MAXMIN = 8468493
IDX__TXHDRLS1MAXMIN = 8443880
IDX__TXHDRLS2MAXMIN = 8640484
IDX__TXHDRFIFODELAY = 16
IDX__TXHDRSAMPDELAY = 40934470
IDX__TXHDRTRANSCNT = 8
IDX__TXHDRPROCHKCH01 = 83821393
IDX__TXHDRPROCHKCH23 = 102302894
IDX__TXHDRPROCHKCH45 = 167970010
IDX__TXHDRPROCHKCH67 = 133695768
IDX__TXHDRHVPSHKCH01 = 131860073
IDX__TXHDRHVPSHKCH23 = 8849070
IDX__TXHDRHVPSHKCH45 = 153225178
IDX__TXHDRHVPSHKCH67 = 19991184
IDX__TXHDRLVHK0CH01 = 134219776
IDX__TXHDRLVHK0CH23 = 172035000
IDX__TXHDRLVHK0CH45 = 134745194
IDX__TXHDRLVHK0CH67 = 205917267
IDX__TXHDRLVHK1CH01 = 34801304
IDX__TXHDRLVHK1CH23 = 74712528
IDX__TXHDRLVHK1CH45 = 215484233
IDX__TXHDRLVHK1CH67 = 193003972
IDX__TXHDRLVHK2CH01 = 82314476
IDX__TXHDRLVHK2CH23 = 188680970
IDX__TXHDRLVHK2CH45 = 101059604
IDX__TXHDRLVHK2CH67 = 3480
IDX__TXHDRSP09 = 0
IDX__TXHDRSP10 = 0
IDX__TXHDRFSWAIDCOPY = 2415277392
IDX__TXHDRFSWBINCOPY = 0
IDX__TXHDRFSWMAJOR = 2
IDX__TXHDRFSWMINOR = 0
IDX__TXHDRFSWPATCH = 0
IDX__TXHDRFSWHVSTAT = 3
IDX__TXHDRFSWMEM0 = 0
IDX__TXHDRFSWMEM1 = 0
IDX__TXHDRFSWPT0 = 0
IDX__TXHDRFSWPT1 = 0
IDX__TXHDRFSWPT2 = 0
IDX__TXHDRFSWPT3 = 0
IDX__TXHDRFSWPT4 = 0
IDX__TXHDRFSWPT5 = 0
IDX__TXHDRFSWPT6 = 0
IDX__TXHDRFSWPT7 = 0
IDX__TXHDRFSWPT8 = 0
IDX__TXHDRFSWPT9 = 0
IDX__TXHDRFPGAVER = 539165480
IDX__SYNCSCI0PKT = 13107
IDX__CRCSCI0PKT = 40617
^*****Event header 12******^
EVTNUM: 12
SCI0TYPE: 1
TXHDRBLOCKS RAW: 243679
TXHDRBLOCKS DERIVED: 243679
-----
HS pre trig sampling blocks:  31
LS pre trig sampling blocks:  3
HS post trig sampling blocks:  31
LS post trig sampling blocks:  11
IDX__TXHDRHVPSHKCH01 = 131860073
Detector voltage =  1641
Sensor voltage =  2012
Target voltage =  1710
Reflectron voltage =  135
Rejection voltage =  2010
Current for HVPS sensor =  2338
Positive current for HVPS sensor =  2704
Negative current for HVPS sensor =  305
Voltage +3.3V reference =  2048
Voltage +3.3V operational reference =  2048
Voltage -6V bus =  3000
Voltage +6V bus =  2625
Voltage +16V bus =  3178
Voltage +3.3V bus =  2056
Voltage -5V bus =  3155
Voltage +5V bus =  3142
Current +3.3V bus =  1688
Current +16V bus =  1140
Current +6V bus =  1488
Current -6V bus =  1140
Current +5V bus =  1865
Current -5V bus =  3288
Current +2.5V bus =  452
Current -2.5V bus =  2945
Current on the 1V POL =  849
Current on the 1.9V POL =  1279
ProcBd Temperature 1 =  1198
ProcBd Temperature 2 =  1561
Voltage on 1V bus =  1242
FPGA Temperature =  2563
Voltage on 1.9V bus =  2328
Voltage on 3.3V bus =  2040
var_to_row = {'Last measurement in raw DN for Processor Board signal “1V POL Current”': 0, 'Last measurement in raw DN for Processor Board signal “1.9V POL Current”': 1, 'Last measurement in raw DN for Processor Board signal “ProcBd Temp1”': 2, nan: 48, 'Last measurement in raw DN for Processor Board signal “ProcBd Temp2”': 6, 'Last measurement in raw DN for Processor Board signal “1V Voltage”': 10, 'Last measurement in raw DN for Processor Board signal “FPGA Temp”': 11, 'Last measurement in raw DN for Processor Board signal “1.9V Voltage”': 12, 'Last measurement in raw DN for Processor Board signal “3.3V Voltage”': 13, 'Last measurement in raw DN for HVPS Board signal “Detector Voltage”': 14, 'Last measurement in raw DN for HVPS Board signal “Sensor Voltage"': 15, 'Last measurement in raw DN for HVPS Board signal “Target Voltage”': 16, 'Last measurement in raw DN for HVPS Board signal “Reflectron Voltage”': 17, 'Last measurement in raw DN for HVPS Board signal “Rejection Voltage”': 18, 'Last measurement in raw DN for HVPS Board signal “Detector Current”': 19, 'Last measurement in raw DN for HVPS Board signal “Sensor IP”': 20, 'Last measurement in raw DN for HVPS Board signal “Sensor IN”': 21, 'Last measurement in raw DN for LVPS Board signal “P3.3VREF_HK”': 22, 'Last measurement in raw DN for LVPS Board signal “P3.3VREF_OP”': 23, 'Last measurement in raw DN for LVPS Board signal “N6V”': 24, 'Last measurement in raw DN for LVPS Board signal “P6V”': 25, 'Last measurement in raw DN for LVPS Board signal “P16V”': 26, 'Last measurement in raw DN for LVPS Board signal “P3.3V”': 27, 'Last measurement in raw DN for LVPS Board signal “N5V”': 28, 'Last measurement in raw DN for LVPS Board signal “P5V”': 29, 'Last measurement in raw DN for LVPS Board signal “P3.3_IMON”': 30, 'Last measurement in raw DN for LVPS Board signal “P16V_IMON”': 31, 'Last measurement in raw DN for LVPS Board signal “P6V_IMON”': 32, 'Last measurement in raw DN for LVPS Board signal “N6V_IMON”': 33, 'Last measurement in raw DN for LVPS Board signal “P5V_IMON”': 34, 'Last measurement in raw DN for LVPS Board signal “N5V_IMON”': 35, 'Last measurement in raw DN for LVPS Board signal “P2.5V_IMON”': 36, 'Last measurement in raw DN for LVPS Board signal “N2.5V_IMON”': 37, 'Last measurement in raw DN for LVPS Board signal “THERM_DECON0”': 38, 'Last measurement in raw DN for LVPS Board signal “THERM_DECON1”': 39, 'Last measurement in raw DN for LVPS Board signal “THERM_DAB”': 40, 'Last measurement in raw DN for LVPS Board signal “THERM_LVPS”': 41, 'Last measurement in raw DN for LVPS Board signal “THERM_HVPS”': 45, 'Last measurement in raw DN for LVPS Board signal “P2.5V”': 49, 'Last measurement in raw DN for LVPS Board signal “N2.5V”': 50, 'Last measurement in raw DN for LVPS Board signal “Spare”': 51}

 
 ***** var_name being converted for each instrument setting ***** 
 

Matching row  18
coeffs for Last measurement in raw DN for Processor Board signal “1V POL Current”= [0.0 0.9029253 0.0 0.0 0.0 0.0 0.0 0.0]
var_name = Last measurement in raw DN for Processor Board signal “1V POL Current”
var_name = current_1V_pol
Header info = 849
Transformed value for current_1V_pol = 766.5835797000001
Matching row  18
coeffs for Last measurement in raw DN for Processor Board signal “1.9V POL Current”= [0.0 0.9029253 0.0 0.0 0.0 0.0 0.0 0.0]
var_name = Last measurement in raw DN for Processor Board signal “1.9V POL Current”
var_name = current_1.9V_pol
Header info = 1279
Transformed value for current_1.9V_pol = 1154.8414587
Matching row  18
coeffs for Last measurement in raw DN for Processor Board signal “ProcBd Temp1”= [162.8276 -0.2668687 0.0003323794 -2.43153e-07 9.034532e-11 -1.327735e-14
 0.0 0.0]
var_name = Last measurement in raw DN for Processor Board signal “ProcBd Temp1”
var_name = temperature_1
Header info = 1198
Transformed value for temperature_1 = 55.41044834983295
Matching row  18
coeffs for nan= [-104713.9 52.02446 -0.006463374 0.0 0.0 0.0 0.0 0.0]
var_name = nan
var_name = None
KeyError: (12, None) - Could not find entry for None, 48. Please check the Var_notes or variable mapping.
Matching row  18
coeffs for Last measurement in raw DN for Processor Board signal “ProcBd Temp2”= [162.8276 -0.2668687 0.0003323794 -2.43153e-07 9.034532e-11 -1.327735e-14
 0.0 0.0]
var_name = Last measurement in raw DN for Processor Board signal “ProcBd Temp2”
var_name = temperature_2
Header info = 1561
Transformed value for temperature_2 = 44.64778748986298
Matching row  18
coeffs for Last measurement in raw DN for Processor Board signal “1V Voltage”= [0.0 0.000805861 0.0 0.0 0.0 0.0 0.0 0.0]
var_name = Last measurement in raw DN for Processor Board signal “1V Voltage”
var_name = voltage_1V_bus
Header info = 1242
Transformed value for voltage_1V_bus = 1.0008793619999998
Matching row  18
coeffs for Last measurement in raw DN for Processor Board signal “FPGA Temp”= [358.31 -0.1187104 0.0 0.0 0.0 0.0 0.0 0.0]
var_name = Last measurement in raw DN for Processor Board signal “FPGA Temp”
var_name = fpga_temperature
Header info = 2563
Transformed value for fpga_temperature = 54.055244800000025
Matching row  18
coeffs for Last measurement in raw DN for Processor Board signal “1.9V Voltage”= [0.0 0.000805861 0.0 0.0 0.0 0.0 0.0 0.0]
var_name = Last measurement in raw DN for Processor Board signal “1.9V Voltage”
var_name = voltage_1.9V_bus
Header info = 2328
Transformed value for voltage_1.9V_bus = 1.8760444079999998
Matching row  18
coeffs for Last measurement in raw DN for Processor Board signal “3.3V Voltage”= [0.0 0.001611722 0.0 0.0 0.0 0.0 0.0 0.0]
var_name = Last measurement in raw DN for Processor Board signal “3.3V Voltage”
var_name = voltage_3.3V_bus
Header info = 2040
Transformed value for voltage_3.3V_bus = 3.28791288
Matching row  18
coeffs for Last measurement in raw DN for HVPS Board signal “Detector Voltage”= [0.0 1.4652 0.0 0.0 0.0 0.0 0.0 0.0]
var_name = Last measurement in raw DN for HVPS Board signal “Detector Voltage”
var_name = detector_voltage
Header info = 1641
Transformed value for detector_voltage = 2404.3932
Matching row  18
coeffs for Last measurement in raw DN for HVPS Board signal “Sensor Voltage"= [0.0 1.4652 0.0 0.0 0.0 0.0 0.0 0.0]
var_name = Last measurement in raw DN for HVPS Board signal “Sensor Voltage"
var_name = sensor_voltage
Header info = 2012
Transformed value for sensor_voltage = 2947.9824000000003
Matching row  18
coeffs for Last measurement in raw DN for HVPS Board signal “Target Voltage”= [0.0 1.4652 0.0 0.0 0.0 0.0 0.0 0.0]
var_name = Last measurement in raw DN for HVPS Board signal “Target Voltage”
var_name = target_voltage
Header info = 1710
Transformed value for target_voltage = 2505.492
Matching row  18
coeffs for Last measurement in raw DN for HVPS Board signal “Reflectron Voltage”= [0.0 1.4652 0.0 0.0 0.0 0.0 0.0 0.0]
var_name = Last measurement in raw DN for HVPS Board signal “Reflectron Voltage”
var_name = reflectron_voltage
Header info = 135
Transformed value for reflectron_voltage = 197.80200000000002
Matching row  18
coeffs for Last measurement in raw DN for HVPS Board signal “Rejection Voltage”= [0.0 1.4652 0.0 0.0 0.0 0.0 0.0 0.0]
var_name = Last measurement in raw DN for HVPS Board signal “Rejection Voltage”
var_name = rejection_voltage
Header info = 2010
Transformed value for rejection_voltage = 2945.052
Matching row  18
coeffs for Last measurement in raw DN for HVPS Board signal “Detector Current”= [0.0 7.326e-06 0.0 0.0 0.0 0.0 0.0 0.0]
var_name = Last measurement in raw DN for HVPS Board signal “Detector Current”
var_name = current_hvps_sensor
Header info = 2338
Transformed value for current_hvps_sensor = 0.017128188
Matching row  18
coeffs for Last measurement in raw DN for HVPS Board signal “Sensor IP”= [0.0 2.4339e-05 0.0 0.0 0.0 0.0 0.0 0.0]
var_name = Last measurement in raw DN for HVPS Board signal “Sensor IP”
var_name = positive_current_hvps
Header info = 2704
Transformed value for positive_current_hvps = 0.065812656
Matching row  18
coeffs for Last measurement in raw DN for HVPS Board signal “Sensor IN”= [0.0 2.4339e-05 0.0 0.0 0.0 0.0 0.0 0.0]
var_name = Last measurement in raw DN for HVPS Board signal “Sensor IN”
var_name = negative_current_hvps
Header info = 305
Transformed value for negative_current_hvps = 0.007423394999999999
Matching row  18
coeffs for Last measurement in raw DN for LVPS Board signal “P3.3VREF_HK”= [0.0 0.00161172 0.0 0.0 0.0 0.0 0.0 0.0]
var_name = Last measurement in raw DN for LVPS Board signal “P3.3VREF_HK”
var_name = voltage_3V3_ref
Header info = 2048
Transformed value for voltage_3V3_ref = 3.30080256
Matching row  18
coeffs for Last measurement in raw DN for LVPS Board signal “P3.3VREF_OP”= [0.0 0.00161172 0.0 0.0 0.0 0.0 0.0 0.0]
var_name = Last measurement in raw DN for LVPS Board signal “P3.3VREF_OP”
var_name = voltage_3V3_op_ref
Header info = 2048
Transformed value for voltage_3V3_op_ref = 3.30080256
Matching row  18
coeffs for Last measurement in raw DN for LVPS Board signal “N6V”= [-33.0 0.00886447 0.0 0.0 0.0 0.0 0.0 0.0]
var_name = Last measurement in raw DN for LVPS Board signal “N6V”
var_name = voltage_neg6V_bus
Header info = 3000
Transformed value for voltage_neg6V_bus = -6.406590000000001
Matching row  18
coeffs for Last measurement in raw DN for LVPS Board signal “P6V”= [0.0 0.00241758 0.0 0.0 0.0 0.0 0.0 0.0]
var_name = Last measurement in raw DN for LVPS Board signal “P6V”
var_name = voltage_pos6V_bus
Header info = 2625
Transformed value for voltage_pos6V_bus = 6.3461475
Matching row  18
coeffs for Last measurement in raw DN for LVPS Board signal “P16V”= [0.0 0.00482711 0.0 0.0 0.0 0.0 0.0 0.0]
var_name = Last measurement in raw DN for LVPS Board signal “P16V”
var_name = voltage_pos16V_bus
Header info = 3178
Transformed value for voltage_pos16V_bus = 15.34055558
Matching row  18
coeffs for Last measurement in raw DN for LVPS Board signal “P3.3V”= [0.0 0.00161172 0.0 0.0 0.0 0.0 0.0 0.0]
var_name = Last measurement in raw DN for LVPS Board signal “P3.3V”
var_name = voltage_pos3V3_bus
Header info = 2056
Transformed value for voltage_pos3V3_bus = 3.31369632
Matching row  18
coeffs for Last measurement in raw DN for LVPS Board signal “N5V”= [-33.0 0.00886447 0.0 0.0 0.0 0.0 0.0 0.0]
var_name = Last measurement in raw DN for LVPS Board signal “N5V”
var_name = voltage_neg5V_bus
Header info = 3155
Transformed value for voltage_neg5V_bus = -5.032597150000001
Matching row  18
coeffs for Last measurement in raw DN for LVPS Board signal “P5V”= [0.0 0.00161172 0.0 0.0 0.0 0.0 0.0 0.0]
var_name = Last measurement in raw DN for LVPS Board signal “P5V”
var_name = voltage_pos5V_bus
Header info = 3142
Transformed value for voltage_pos5V_bus = 5.06402424
Matching row  18
coeffs for Last measurement in raw DN for LVPS Board signal “P3.3_IMON”= [0.0 0.00161172 0.0 0.0 0.0 0.0 0.0 0.0]
var_name = Last measurement in raw DN for LVPS Board signal “P3.3_IMON”
var_name = current_3V3_bus
Header info = 1688
Transformed value for current_3V3_bus = 2.72058336
Matching row  18
coeffs for Last measurement in raw DN for LVPS Board signal “P16V_IMON”= [0.0 0.000161172 0.0 0.0 0.0 0.0 0.0 0.0]
var_name = Last measurement in raw DN for LVPS Board signal “P16V_IMON”
var_name = current_16V_bus
Header info = 1140
Transformed value for current_16V_bus = 0.18373608
Matching row  18
coeffs for Last measurement in raw DN for LVPS Board signal “P6V_IMON”= [0.0 8.05861e-05 0.0 0.0 0.0 0.0 0.0 0.0]
var_name = Last measurement in raw DN for LVPS Board signal “P6V_IMON”
var_name = current_6V_bus
Header info = 1488
Transformed value for current_6V_bus = 0.1199121168
Matching row  18
coeffs for Last measurement in raw DN for LVPS Board signal “N6V_IMON”= [0.0 -8.05861e-05 0.0 0.0 0.0 0.0 0.0 0.0]
var_name = Last measurement in raw DN for LVPS Board signal “N6V_IMON”
var_name = current_neg6V_bus
Header info = 1140
Transformed value for current_neg6V_bus = -0.091868154
Matching row  18
coeffs for Last measurement in raw DN for LVPS Board signal “P5V_IMON”= [0.0 4.029304e-05 0.0 0.0 0.0 0.0 0.0 0.0]
var_name = Last measurement in raw DN for LVPS Board signal “P5V_IMON”
var_name = current_5V_bus
Header info = 1865
Transformed value for current_5V_bus = 0.0751465196
Matching row  18
coeffs for Last measurement in raw DN for LVPS Board signal “N5V_IMON”= [0.0 -2.01465e-05 0.0 0.0 0.0 0.0 0.0 0.0]
var_name = Last measurement in raw DN for LVPS Board signal “N5V_IMON”
var_name = current_neg5V_bus
Header info = 3288
Transformed value for current_neg5V_bus = -0.066241692
Matching row  18
coeffs for Last measurement in raw DN for LVPS Board signal “P2.5V_IMON”= [0.0 0.00161172 0.0 0.0 0.0 0.0 0.0 0.0]
var_name = Last measurement in raw DN for LVPS Board signal “P2.5V_IMON”
var_name = current_2V5_bus
Header info = 452
Transformed value for current_2V5_bus = 0.72849744
Matching row  18
coeffs for Last measurement in raw DN for LVPS Board signal “N2.5V_IMON”= [0.0 -4.0293e-05 0.0 0.0 0.0 0.0 0.0 0.0]
var_name = Last measurement in raw DN for LVPS Board signal “N2.5V_IMON”
var_name = current_neg2V5_bus
Header info = 2945
Transformed value for current_neg2V5_bus = -0.11866288500000001
Matching row  18
coeffs for Last measurement in raw DN for LVPS Board signal “THERM_DECON0”= [-110.293 0.0665351 0.000305738 -6.32048e-07 5.9934e-10 -2.98784e-13
 7.61361e-17 -7.76467e-21]
var_name = Last measurement in raw DN for LVPS Board signal “THERM_DECON0”
var_name = None
KeyError: (12, None) - Could not find entry for None, 38. Please check the Var_notes or variable mapping.
Matching row  18
coeffs for Last measurement in raw DN for LVPS Board signal “THERM_DECON1”= [-150.478 0.376986 -0.00062072 7.73853e-07 -5.81588e-10 2.56368e-13
 -6.05698e-17 5.96635e-21]
var_name = Last measurement in raw DN for LVPS Board signal “THERM_DECON1”
var_name = None
KeyError: (12, None) - Could not find entry for None, 39. Please check the Var_notes or variable mapping.
Matching row  18
coeffs for Last measurement in raw DN for LVPS Board signal “THERM_DAB”= [-443.248 1.31224 -0.00180422 1.40016e-06 -6.43766e-10 1.7448e-13
 -2.57695e-17 1.60239e-21]
var_name = Last measurement in raw DN for LVPS Board signal “THERM_DAB”
var_name = None
KeyError: (12, None) - Could not find entry for None, 40. Please check the Var_notes or variable mapping.
Matching row  18
coeffs for Last measurement in raw DN for LVPS Board signal “THERM_LVPS”= [200.4137 -0.2020699 0.000175403 -9.739547e-08 2.888932e-11 -3.545603e-15
 0.0 0.0]
var_name = Last measurement in raw DN for LVPS Board signal “THERM_LVPS”
var_name = None
KeyError: (12, None) - Could not find entry for None, 41. Please check the Var_notes or variable mapping.
Matching row  18
coeffs for Last measurement in raw DN for LVPS Board signal “THERM_HVPS”= [200.4137 -0.2020699 0.000175403 -9.739547e-08 2.888932e-11 -3.545603e-15
 0.0 0.0]
var_name = Last measurement in raw DN for LVPS Board signal “THERM_HVPS”
var_name = None
KeyError: (12, None) - Could not find entry for None, 45. Please check the Var_notes or variable mapping.
Matching row  18
coeffs for Last measurement in raw DN for LVPS Board signal “P2.5V”= [0.0 0.00161172 0.0 0.0 0.0 0.0 0.0 0.0]
var_name = Last measurement in raw DN for LVPS Board signal “P2.5V”
var_name = None
KeyError: (12, None) - Could not find entry for None, 49. Please check the Var_notes or variable mapping.
Matching row  18
coeffs for Last measurement in raw DN for LVPS Board signal “N2.5V”= [-33.0 0.00886447 0.0 0.0 0.0 0.0 0.0 0.0]
var_name = Last measurement in raw DN for LVPS Board signal “N2.5V”
var_name = None
KeyError: (12, None) - Could not find entry for None, 50. Please check the Var_notes or variable mapping.
Matching row  18
coeffs for Last measurement in raw DN for LVPS Board signal “Spare”= [0.0 0.00161172 0.0 0.0 0.0 0.0 0.0 0.0]
var_name = Last measurement in raw DN for LVPS Board signal “Spare”
var_name = spare_signal
KeyError: (12, 'spare_signal') - Could not find entry for spare_signal, 51. Please check the Var_notes or variable mapping.
High gain delay = 70 samples.
Mid gain delay = 39 samples.
Low gain delay = 39 samples.
High sampling trigger mode =  0 0 1
High gain trigger mode enabled.
For 2222981120, HG Trigger level = 0.15317, sample settings = 0, 0
Threshold trigger mode enabled for high gain channel.
AID = 2415277392
Event number = 93
Rice compression enabled = False
Timestamp = 439515553.6786 seconds since epoch (Midnight January 1st, 2010)
Trigger time = 2023-12-05T23:39:13.678600Z
12
12
12
12
12
12
12
12
12
12
12
12
12
{'SHCOARSE': ParsedDataItem(SHCOARSE, raw=439515833, derived=439515833, unit=dn), 'SHFINE': ParsedDataItem(SHFINE, raw=9207, derived=9207, unit=dn), 'IDX__SCI0AID': ParsedDataItem(IDX__SCI0AID, raw=2415277392, derived=2415277392, unit=None), 'IDX__SCI0TYPE': ParsedDataItem(IDX__SCI0TYPE, raw=1, derived=1, unit=None), 'IDX__SCI0CONT': ParsedDataItem(IDX__SCI0CONT, raw=127, derived=127, unit=None), 'IDX__SCI0SPARE1': ParsedDataItem(IDX__SCI0SPARE1, raw=0, derived=0, unit=None), 'IDX__SCI0PACK': ParsedDataItem(IDX__SCI0PACK, raw=1, derived=EN, unit=None), 'IDX__SCI0FRAG': ParsedDataItem(IDX__SCI0FRAG, raw=0, derived=DS, unit=None), 'IDX__SCI0COMP': ParsedDataItem(IDX__SCI0COMP, raw=0, derived=DS, unit=None), 'IDX__SCI0EVTNUM': ParsedDataItem(IDX__SCI0EVTNUM, raw=94, derived=94, unit=None), 'IDX__SCI0CAT': ParsedDataItem(IDX__SCI0CAT, raw=32, derived=32, unit=None), 'IDX__SCI0QUAL': ParsedDataItem(IDX__SCI0QUAL, raw=5, derived=5, unit=None), 'IDX__SCI0FRAGOFF': ParsedDataItem(IDX__SCI0FRAGOFF, raw=0, derived=0, unit=None), 'IDX__SCI0VER': ParsedDataItem(IDX__SCI0VER, raw=9, derived=9, unit=None), 'IDX__SCI0TIME32': ParsedDataItem(IDX__SCI0TIME32, raw=439515554, derived=439515554, unit=None), 'IDX__SCI0SPARE2': ParsedDataItem(IDX__SCI0SPARE2, raw=0, derived=0, unit=None), 'IDX__SCI0SPARE3': ParsedDataItem(IDX__SCI0SPARE3, raw=0, derived=0, unit=None), 'IDX__SCI0SPARE4': ParsedDataItem(IDX__SCI0SPARE4, raw=0, derived=0, unit=None), 'IDX__TXHDRSCIEVTLEN': ParsedDataItem(IDX__TXHDRSCIEVTLEN, raw=8320, derived=8320, unit=None), 'IDX__TXHDRSP00': ParsedDataItem(IDX__TXHDRSP00, raw=0, derived=0, unit=None), 'IDX__TXHDRTIMESEC1': ParsedDataItem(IDX__TXHDRTIMESEC1, raw=6706, derived=6706, unit=None), 'IDX__TXHDRTIMESEC2': ParsedDataItem(IDX__TXHDRTIMESEC2, raw=31138, derived=31138, unit=None), 'IDX__TXHDRTIMESUBS': ParsedDataItem(IDX__TXHDRTIMESUBS, raw=33927, derived=33927, unit=None), 'IDX__TXHDRSP01': ParsedDataItem(IDX__TXHDRSP01, raw=0, derived=0, unit=None), 'IDX__TXHDRTRIGOFFSET': ParsedDataItem(IDX__TXHDRTRIGOFFSET, raw=1, derived=1, unit=None), 'IDX__TXHDRSP02': ParsedDataItem(IDX__TXHDRSP02, raw=0, derived=0, unit=None), 'IDX__TXHDRTRIGID': ParsedDataItem(IDX__TXHDRTRIGID, raw=1, derived=1, unit=None), 'IDX__TXHDREVTNUM': ParsedDataItem(IDX__TXHDREVTNUM, raw=94, derived=94, unit=None), 'IDX__TXHDRBLOCKS': ParsedDataItem(IDX__TXHDRBLOCKS, raw=243679, derived=243679, unit=None), 'IDX__TXHDRHGTRIGCTRL1': ParsedDataItem(IDX__TXHDRHGTRIGCTRL1, raw=2222981120, derived=2222981120, unit=None), 'IDX__TXHDRHGTRIGCTRL2': ParsedDataItem(IDX__TXHDRHGTRIGCTRL2, raw=0, derived=0, unit=None), 'IDX__TXHDRLGTRIGCTRL1': ParsedDataItem(IDX__TXHDRLGTRIGCTRL1, raw=4294965248, derived=4294965248, unit=None), 'IDX__TXHDRLGTRIGCTRL2': ParsedDataItem(IDX__TXHDRLGTRIGCTRL2, raw=4278255360, derived=4278255360, unit=None), 'IDX__TXHDRMGTRIGCTRL1': ParsedDataItem(IDX__TXHDRMGTRIGCTRL1, raw=4294965248, derived=4294965248, unit=None), 'IDX__TXHDRMGTRIGCTRL2': ParsedDataItem(IDX__TXHDRMGTRIGCTRL2, raw=4278255360, derived=4278255360, unit=None), 'IDX__TXHDRSP03': ParsedDataItem(IDX__TXHDRSP03, raw=0, derived=0, unit=None), 'IDX__TXHDRLSADC': ParsedDataItem(IDX__TXHDRLSADC, raw=1048320, derived=1048320, unit=None), 'IDX__TXHDRPOLSTAT': ParsedDataItem(IDX__TXHDRPOLSTAT, raw=1, derived=NEG, unit=None), 'IDX__TXHDRSP04': ParsedDataItem(IDX__TXHDRSP04, raw=0, derived=0, unit=None), 'IDX__TXHDRPOLCTRL': ParsedDataItem(IDX__TXHDRPOLCTRL, raw=0, derived=POS, unit=None), 'IDX__TXHDRCOINENA': ParsedDataItem(IDX__TXHDRCOINENA, raw=0, derived=DIS, unit=None), 'IDX__TXHDRLSTRIGMODE': ParsedDataItem(IDX__TXHDRLSTRIGMODE, raw=0, derived=DIS, unit=None), 'IDX__TXHDRMGTRIGMODE': ParsedDataItem(IDX__TXHDRMGTRIGMODE, raw=0, derived=0, unit=None), 'IDX__TXHDRLGTRIGMODE': ParsedDataItem(IDX__TXHDRLGTRIGMODE, raw=0, derived=0, unit=None), 'IDX__TXHDRHGTRIGMODE': ParsedDataItem(IDX__TXHDRHGTRIGMODE, raw=1, derived=1, unit=None), 'IDX__TXHDRSP05': ParsedDataItem(IDX__TXHDRSP05, raw=0, derived=0, unit=None), 'IDX__TXHDRSP06': ParsedDataItem(IDX__TXHDRSP06, raw=0, derived=0, unit=None), 'IDX__TXHDRSP07': ParsedDataItem(IDX__TXHDRSP07, raw=2018, derived=2018, unit=None), 'IDX__TXHDRSP08': ParsedDataItem(IDX__TXHDRSP08, raw=0, derived=0, unit=None), 'IDX__TXHDRTOFMAX': ParsedDataItem(IDX__TXHDRTOFMAX, raw=574102527, derived=574102527, unit=None), 'IDX__TXHDRTOFMIN': ParsedDataItem(IDX__TXHDRTOFMIN, raw=535295464, derived=535295464, unit=None), 'IDX__TXHDRLS0MAXMIN': ParsedDataItem(IDX__TXHDRLS0MAXMIN, raw=8468493, derived=8468493, unit=None), 'IDX__TXHDRLS1MAXMIN': ParsedDataItem(IDX__TXHDRLS1MAXMIN, raw=8456167, derived=8456167, unit=None), 'IDX__TXHDRLS2MAXMIN': ParsedDataItem(IDX__TXHDRLS2MAXMIN, raw=8726498, derived=8726498, unit=None), 'IDX__TXHDRFIFODELAY': ParsedDataItem(IDX__TXHDRFIFODELAY, raw=16, derived=16, unit=None), 'IDX__TXHDRSAMPDELAY': ParsedDataItem(IDX__TXHDRSAMPDELAY, raw=7347239, derived=7347239, unit=None), 'IDX__TXHDRTRANSCNT': ParsedDataItem(IDX__TXHDRTRANSCNT, raw=10, derived=10, unit=None), 'IDX__TXHDRPROCHKCH01': ParsedDataItem(IDX__TXHDRPROCHKCH01, raw=83755856, derived=83755856, unit=None), 'IDX__TXHDRPROCHKCH23': ParsedDataItem(IDX__TXHDRPROCHKCH23, raw=102302894, derived=102302894, unit=None), 'IDX__TXHDRPROCHKCH45': ParsedDataItem(IDX__TXHDRPROCHKCH45, raw=167970010, derived=167970010, unit=None), 'IDX__TXHDRPROCHKCH67': ParsedDataItem(IDX__TXHDRPROCHKCH67, raw=133695768, derived=133695768, unit=None), 'IDX__TXHDRHVPSHKCH01': ParsedDataItem(IDX__TXHDRHVPSHKCH01, raw=131860073, derived=131860073, unit=None), 'IDX__TXHDRHVPSHKCH23': ParsedDataItem(IDX__TXHDRHVPSHKCH23, raw=8849070, derived=8849070, unit=None), 'IDX__TXHDRHVPSHKCH45': ParsedDataItem(IDX__TXHDRHVPSHKCH45, raw=153290714, derived=153290714, unit=None), 'IDX__TXHDRHVPSHKCH67': ParsedDataItem(IDX__TXHDRHVPSHKCH67, raw=19991184, derived=19991184, unit=None), 'IDX__TXHDRLVHK0CH01': ParsedDataItem(IDX__TXHDRLVHK0CH01, raw=134219776, derived=134219776, unit=None), 'IDX__TXHDRLVHK0CH23': ParsedDataItem(IDX__TXHDRLVHK0CH23, raw=172035001, derived=172035001, unit=None), 'IDX__TXHDRLVHK0CH45': ParsedDataItem(IDX__TXHDRLVHK0CH45, raw=134745194, derived=134745194, unit=None), 'IDX__TXHDRLVHK0CH67': ParsedDataItem(IDX__TXHDRLVHK0CH67, raw=205917267, derived=205917267, unit=None), 'IDX__TXHDRLVHK1CH01': ParsedDataItem(IDX__TXHDRLVHK1CH01, raw=34801303, derived=34801303, unit=None), 'IDX__TXHDRLVHK1CH23': ParsedDataItem(IDX__TXHDRLVHK1CH23, raw=74712528, derived=74712528, unit=None), 'IDX__TXHDRLVHK1CH45': ParsedDataItem(IDX__TXHDRLVHK1CH45, raw=215484233, derived=215484233, unit=None), 'IDX__TXHDRLVHK1CH67': ParsedDataItem(IDX__TXHDRLVHK1CH67, raw=193003972, derived=193003972, unit=None), 'IDX__TXHDRLVHK2CH01': ParsedDataItem(IDX__TXHDRLVHK2CH01, raw=82314476, derived=82314476, unit=None), 'IDX__TXHDRLVHK2CH23': ParsedDataItem(IDX__TXHDRLVHK2CH23, raw=188680970, derived=188680970, unit=None), 'IDX__TXHDRLVHK2CH45': ParsedDataItem(IDX__TXHDRLVHK2CH45, raw=101059605, derived=101059605, unit=None), 'IDX__TXHDRLVHK2CH67': ParsedDataItem(IDX__TXHDRLVHK2CH67, raw=69016, derived=69016, unit=None), 'IDX__TXHDRSP09': ParsedDataItem(IDX__TXHDRSP09, raw=0, derived=0, unit=None), 'IDX__TXHDRSP10': ParsedDataItem(IDX__TXHDRSP10, raw=0, derived=0, unit=None), 'IDX__TXHDRFSWAIDCOPY': ParsedDataItem(IDX__TXHDRFSWAIDCOPY, raw=2415277392, derived=2415277392, unit=None), 'IDX__TXHDRFSWBINCOPY': ParsedDataItem(IDX__TXHDRFSWBINCOPY, raw=0, derived=0, unit=None), 'IDX__TXHDRFSWMAJOR': ParsedDataItem(IDX__TXHDRFSWMAJOR, raw=2, derived=2, unit=None), 'IDX__TXHDRFSWMINOR': ParsedDataItem(IDX__TXHDRFSWMINOR, raw=0, derived=0, unit=None), 'IDX__TXHDRFSWPATCH': ParsedDataItem(IDX__TXHDRFSWPATCH, raw=0, derived=0, unit=None), 'IDX__TXHDRFSWHVSTAT': ParsedDataItem(IDX__TXHDRFSWHVSTAT, raw=3, derived=3, unit=None), 'IDX__TXHDRFSWMEM0': ParsedDataItem(IDX__TXHDRFSWMEM0, raw=0, derived=0, unit=None), 'IDX__TXHDRFSWMEM1': ParsedDataItem(IDX__TXHDRFSWMEM1, raw=0, derived=0, unit=None), 'IDX__TXHDRFSWPT0': ParsedDataItem(IDX__TXHDRFSWPT0, raw=0, derived=0, unit=None), 'IDX__TXHDRFSWPT1': ParsedDataItem(IDX__TXHDRFSWPT1, raw=0, derived=0, unit=None), 'IDX__TXHDRFSWPT2': ParsedDataItem(IDX__TXHDRFSWPT2, raw=0, derived=0, unit=None), 'IDX__TXHDRFSWPT3': ParsedDataItem(IDX__TXHDRFSWPT3, raw=0, derived=0, unit=None), 'IDX__TXHDRFSWPT4': ParsedDataItem(IDX__TXHDRFSWPT4, raw=0, derived=0, unit=None), 'IDX__TXHDRFSWPT5': ParsedDataItem(IDX__TXHDRFSWPT5, raw=0, derived=0, unit=None), 'IDX__TXHDRFSWPT6': ParsedDataItem(IDX__TXHDRFSWPT6, raw=0, derived=0, unit=None), 'IDX__TXHDRFSWPT7': ParsedDataItem(IDX__TXHDRFSWPT7, raw=0, derived=0, unit=None), 'IDX__TXHDRFSWPT8': ParsedDataItem(IDX__TXHDRFSWPT8, raw=0, derived=0, unit=None), 'IDX__TXHDRFSWPT9': ParsedDataItem(IDX__TXHDRFSWPT9, raw=0, derived=0, unit=None), 'IDX__TXHDRFPGAVER': ParsedDataItem(IDX__TXHDRFPGAVER, raw=539165480, derived=539165480, unit=None), 'IDX__SYNCSCI0PKT': ParsedDataItem(IDX__SYNCSCI0PKT, raw=13107, derived=13107, unit=None), 'IDX__CRCSCI0PKT': ParsedDataItem(IDX__CRCSCI0PKT, raw=44581, derived=44581, unit=None)}
SHCOARSE = 439515833
SHFINE = 9207
IDX__SCI0AID = 2415277392
IDX__SCI0TYPE = 1
IDX__SCI0CONT = 127
IDX__SCI0SPARE1 = 0
IDX__SCI0PACK = EN
IDX__SCI0FRAG = DS
IDX__SCI0COMP = DS
IDX__SCI0EVTNUM = 94
IDX__SCI0CAT = 32
IDX__SCI0QUAL = 5
IDX__SCI0FRAGOFF = 0
IDX__SCI0VER = 9
IDX__SCI0TIME32 = 439515554
IDX__SCI0SPARE2 = 0
IDX__SCI0SPARE3 = 0
IDX__SCI0SPARE4 = 0
IDX__TXHDRSCIEVTLEN = 8320
IDX__TXHDRSP00 = 0
IDX__TXHDRTIMESEC1 = 6706
IDX__TXHDRTIMESEC2 = 31138
IDX__TXHDRTIMESUBS = 33927
IDX__TXHDRSP01 = 0
IDX__TXHDRTRIGOFFSET = 1
IDX__TXHDRSP02 = 0
IDX__TXHDRTRIGID = 1
IDX__TXHDREVTNUM = 94
IDX__TXHDRBLOCKS = 243679
IDX__TXHDRHGTRIGCTRL1 = 2222981120
IDX__TXHDRHGTRIGCTRL2 = 0
IDX__TXHDRLGTRIGCTRL1 = 4294965248
IDX__TXHDRLGTRIGCTRL2 = 4278255360
IDX__TXHDRMGTRIGCTRL1 = 4294965248
IDX__TXHDRMGTRIGCTRL2 = 4278255360
IDX__TXHDRSP03 = 0
IDX__TXHDRLSADC = 1048320
IDX__TXHDRPOLSTAT = NEG
IDX__TXHDRSP04 = 0
IDX__TXHDRPOLCTRL = POS
IDX__TXHDRCOINENA = DIS
IDX__TXHDRLSTRIGMODE = DIS
IDX__TXHDRMGTRIGMODE = 0
IDX__TXHDRLGTRIGMODE = 0
IDX__TXHDRHGTRIGMODE = 1
IDX__TXHDRSP05 = 0
IDX__TXHDRSP06 = 0
IDX__TXHDRSP07 = 2018
IDX__TXHDRSP08 = 0
IDX__TXHDRTOFMAX = 574102527
IDX__TXHDRTOFMIN = 535295464
IDX__TXHDRLS0MAXMIN = 8468493
IDX__TXHDRLS1MAXMIN = 8456167
IDX__TXHDRLS2MAXMIN = 8726498
IDX__TXHDRFIFODELAY = 16
IDX__TXHDRSAMPDELAY = 7347239
IDX__TXHDRTRANSCNT = 10
IDX__TXHDRPROCHKCH01 = 83755856
IDX__TXHDRPROCHKCH23 = 102302894
IDX__TXHDRPROCHKCH45 = 167970010
IDX__TXHDRPROCHKCH67 = 133695768
IDX__TXHDRHVPSHKCH01 = 131860073
IDX__TXHDRHVPSHKCH23 = 8849070
IDX__TXHDRHVPSHKCH45 = 153290714
IDX__TXHDRHVPSHKCH67 = 19991184
IDX__TXHDRLVHK0CH01 = 134219776
IDX__TXHDRLVHK0CH23 = 172035001
IDX__TXHDRLVHK0CH45 = 134745194
IDX__TXHDRLVHK0CH67 = 205917267
IDX__TXHDRLVHK1CH01 = 34801303
IDX__TXHDRLVHK1CH23 = 74712528
IDX__TXHDRLVHK1CH45 = 215484233
IDX__TXHDRLVHK1CH67 = 193003972
IDX__TXHDRLVHK2CH01 = 82314476
IDX__TXHDRLVHK2CH23 = 188680970
IDX__TXHDRLVHK2CH45 = 101059605
IDX__TXHDRLVHK2CH67 = 69016
IDX__TXHDRSP09 = 0
IDX__TXHDRSP10 = 0
IDX__TXHDRFSWAIDCOPY = 2415277392
IDX__TXHDRFSWBINCOPY = 0
IDX__TXHDRFSWMAJOR = 2
IDX__TXHDRFSWMINOR = 0
IDX__TXHDRFSWPATCH = 0
IDX__TXHDRFSWHVSTAT = 3
IDX__TXHDRFSWMEM0 = 0
IDX__TXHDRFSWMEM1 = 0
IDX__TXHDRFSWPT0 = 0
IDX__TXHDRFSWPT1 = 0
IDX__TXHDRFSWPT2 = 0
IDX__TXHDRFSWPT3 = 0
IDX__TXHDRFSWPT4 = 0
IDX__TXHDRFSWPT5 = 0
IDX__TXHDRFSWPT6 = 0
IDX__TXHDRFSWPT7 = 0
IDX__TXHDRFSWPT8 = 0
IDX__TXHDRFSWPT9 = 0
IDX__TXHDRFPGAVER = 539165480
IDX__SYNCSCI0PKT = 13107
IDX__CRCSCI0PKT = 44581
^*****Event header 13******^
EVTNUM: 13
SCI0TYPE: 1
TXHDRBLOCKS RAW: 243679
TXHDRBLOCKS DERIVED: 243679
-----
HS pre trig sampling blocks:  31
LS pre trig sampling blocks:  3
HS post trig sampling blocks:  31
LS post trig sampling blocks:  11
IDX__TXHDRHVPSHKCH01 = 131860073
Detector voltage =  1641
Sensor voltage =  2012
Target voltage =  1710
Reflectron voltage =  135
Rejection voltage =  2010
Current for HVPS sensor =  2339
Positive current for HVPS sensor =  2704
Negative current for HVPS sensor =  305
Voltage +3.3V reference =  2048
Voltage +3.3V operational reference =  2048
Voltage -6V bus =  3001
Voltage +6V bus =  2625
Voltage +16V bus =  3178
Voltage +3.3V bus =  2056
Voltage -5V bus =  3155
Voltage +5V bus =  3142
Current +3.3V bus =  1687
Current +16V bus =  1140
Current +6V bus =  1488
Current -6V bus =  1140
Current +5V bus =  1865
Current -5V bus =  3288
Current +2.5V bus =  452
Current -2.5V bus =  2945
Current on the 1V POL =  848
Current on the 1.9V POL =  1278
ProcBd Temperature 1 =  1198
ProcBd Temperature 2 =  1561
Voltage on 1V bus =  1242
FPGA Temperature =  2563
Voltage on 1.9V bus =  2328
Voltage on 3.3V bus =  2040
var_to_row = {'Last measurement in raw DN for Processor Board signal “1V POL Current”': 0, 'Last measurement in raw DN for Processor Board signal “1.9V POL Current”': 1, 'Last measurement in raw DN for Processor Board signal “ProcBd Temp1”': 2, nan: 48, 'Last measurement in raw DN for Processor Board signal “ProcBd Temp2”': 6, 'Last measurement in raw DN for Processor Board signal “1V Voltage”': 10, 'Last measurement in raw DN for Processor Board signal “FPGA Temp”': 11, 'Last measurement in raw DN for Processor Board signal “1.9V Voltage”': 12, 'Last measurement in raw DN for Processor Board signal “3.3V Voltage”': 13, 'Last measurement in raw DN for HVPS Board signal “Detector Voltage”': 14, 'Last measurement in raw DN for HVPS Board signal “Sensor Voltage"': 15, 'Last measurement in raw DN for HVPS Board signal “Target Voltage”': 16, 'Last measurement in raw DN for HVPS Board signal “Reflectron Voltage”': 17, 'Last measurement in raw DN for HVPS Board signal “Rejection Voltage”': 18, 'Last measurement in raw DN for HVPS Board signal “Detector Current”': 19, 'Last measurement in raw DN for HVPS Board signal “Sensor IP”': 20, 'Last measurement in raw DN for HVPS Board signal “Sensor IN”': 21, 'Last measurement in raw DN for LVPS Board signal “P3.3VREF_HK”': 22, 'Last measurement in raw DN for LVPS Board signal “P3.3VREF_OP”': 23, 'Last measurement in raw DN for LVPS Board signal “N6V”': 24, 'Last measurement in raw DN for LVPS Board signal “P6V”': 25, 'Last measurement in raw DN for LVPS Board signal “P16V”': 26, 'Last measurement in raw DN for LVPS Board signal “P3.3V”': 27, 'Last measurement in raw DN for LVPS Board signal “N5V”': 28, 'Last measurement in raw DN for LVPS Board signal “P5V”': 29, 'Last measurement in raw DN for LVPS Board signal “P3.3_IMON”': 30, 'Last measurement in raw DN for LVPS Board signal “P16V_IMON”': 31, 'Last measurement in raw DN for LVPS Board signal “P6V_IMON”': 32, 'Last measurement in raw DN for LVPS Board signal “N6V_IMON”': 33, 'Last measurement in raw DN for LVPS Board signal “P5V_IMON”': 34, 'Last measurement in raw DN for LVPS Board signal “N5V_IMON”': 35, 'Last measurement in raw DN for LVPS Board signal “P2.5V_IMON”': 36, 'Last measurement in raw DN for LVPS Board signal “N2.5V_IMON”': 37, 'Last measurement in raw DN for LVPS Board signal “THERM_DECON0”': 38, 'Last measurement in raw DN for LVPS Board signal “THERM_DECON1”': 39, 'Last measurement in raw DN for LVPS Board signal “THERM_DAB”': 40, 'Last measurement in raw DN for LVPS Board signal “THERM_LVPS”': 41, 'Last measurement in raw DN for LVPS Board signal “THERM_HVPS”': 45, 'Last measurement in raw DN for LVPS Board signal “P2.5V”': 49, 'Last measurement in raw DN for LVPS Board signal “N2.5V”': 50, 'Last measurement in raw DN for LVPS Board signal “Spare”': 51}

 
 ***** var_name being converted for each instrument setting ***** 
 

Matching row  18
coeffs for Last measurement in raw DN for Processor Board signal “1V POL Current”= [0.0 0.9029253 0.0 0.0 0.0 0.0 0.0 0.0]
var_name = Last measurement in raw DN for Processor Board signal “1V POL Current”
var_name = current_1V_pol
Header info = 848
Transformed value for current_1V_pol = 765.6806544
Matching row  18
coeffs for Last measurement in raw DN for Processor Board signal “1.9V POL Current”= [0.0 0.9029253 0.0 0.0 0.0 0.0 0.0 0.0]
var_name = Last measurement in raw DN for Processor Board signal “1.9V POL Current”
var_name = current_1.9V_pol
Header info = 1278
Transformed value for current_1.9V_pol = 1153.9385334
Matching row  18
coeffs for Last measurement in raw DN for Processor Board signal “ProcBd Temp1”= [162.8276 -0.2668687 0.0003323794 -2.43153e-07 9.034532e-11 -1.327735e-14
 0.0 0.0]
var_name = Last measurement in raw DN for Processor Board signal “ProcBd Temp1”
var_name = temperature_1
Header info = 1198
Transformed value for temperature_1 = 55.41044834983295
Matching row  18
coeffs for nan= [-104713.9 52.02446 -0.006463374 0.0 0.0 0.0 0.0 0.0]
var_name = nan
var_name = None
KeyError: (13, None) - Could not find entry for None, 48. Please check the Var_notes or variable mapping.
Matching row  18
coeffs for Last measurement in raw DN for Processor Board signal “ProcBd Temp2”= [162.8276 -0.2668687 0.0003323794 -2.43153e-07 9.034532e-11 -1.327735e-14
 0.0 0.0]
var_name = Last measurement in raw DN for Processor Board signal “ProcBd Temp2”
var_name = temperature_2
Header info = 1561
Transformed value for temperature_2 = 44.64778748986298
Matching row  18
coeffs for Last measurement in raw DN for Processor Board signal “1V Voltage”= [0.0 0.000805861 0.0 0.0 0.0 0.0 0.0 0.0]
var_name = Last measurement in raw DN for Processor Board signal “1V Voltage”
var_name = voltage_1V_bus
Header info = 1242
Transformed value for voltage_1V_bus = 1.0008793619999998
Matching row  18
coeffs for Last measurement in raw DN for Processor Board signal “FPGA Temp”= [358.31 -0.1187104 0.0 0.0 0.0 0.0 0.0 0.0]
var_name = Last measurement in raw DN for Processor Board signal “FPGA Temp”
var_name = fpga_temperature
Header info = 2563
Transformed value for fpga_temperature = 54.055244800000025
Matching row  18
coeffs for Last measurement in raw DN for Processor Board signal “1.9V Voltage”= [0.0 0.000805861 0.0 0.0 0.0 0.0 0.0 0.0]
var_name = Last measurement in raw DN for Processor Board signal “1.9V Voltage”
var_name = voltage_1.9V_bus
Header info = 2328
Transformed value for voltage_1.9V_bus = 1.8760444079999998
Matching row  18
coeffs for Last measurement in raw DN for Processor Board signal “3.3V Voltage”= [0.0 0.001611722 0.0 0.0 0.0 0.0 0.0 0.0]
var_name = Last measurement in raw DN for Processor Board signal “3.3V Voltage”
var_name = voltage_3.3V_bus
Header info = 2040
Transformed value for voltage_3.3V_bus = 3.28791288
Matching row  18
coeffs for Last measurement in raw DN for HVPS Board signal “Detector Voltage”= [0.0 1.4652 0.0 0.0 0.0 0.0 0.0 0.0]
var_name = Last measurement in raw DN for HVPS Board signal “Detector Voltage”
var_name = detector_voltage
Header info = 1641
Transformed value for detector_voltage = 2404.3932
Matching row  18
coeffs for Last measurement in raw DN for HVPS Board signal “Sensor Voltage"= [0.0 1.4652 0.0 0.0 0.0 0.0 0.0 0.0]
var_name = Last measurement in raw DN for HVPS Board signal “Sensor Voltage"
var_name = sensor_voltage
Header info = 2012
Transformed value for sensor_voltage = 2947.9824000000003
Matching row  18
coeffs for Last measurement in raw DN for HVPS Board signal “Target Voltage”= [0.0 1.4652 0.0 0.0 0.0 0.0 0.0 0.0]
var_name = Last measurement in raw DN for HVPS Board signal “Target Voltage”
var_name = target_voltage
Header info = 1710
Transformed value for target_voltage = 2505.492
Matching row  18
coeffs for Last measurement in raw DN for HVPS Board signal “Reflectron Voltage”= [0.0 1.4652 0.0 0.0 0.0 0.0 0.0 0.0]
var_name = Last measurement in raw DN for HVPS Board signal “Reflectron Voltage”
var_name = reflectron_voltage
Header info = 135
Transformed value for reflectron_voltage = 197.80200000000002
Matching row  18
coeffs for Last measurement in raw DN for HVPS Board signal “Rejection Voltage”= [0.0 1.4652 0.0 0.0 0.0 0.0 0.0 0.0]
var_name = Last measurement in raw DN for HVPS Board signal “Rejection Voltage”
var_name = rejection_voltage
Header info = 2010
Transformed value for rejection_voltage = 2945.052
Matching row  18
coeffs for Last measurement in raw DN for HVPS Board signal “Detector Current”= [0.0 7.326e-06 0.0 0.0 0.0 0.0 0.0 0.0]
var_name = Last measurement in raw DN for HVPS Board signal “Detector Current”
var_name = current_hvps_sensor
Header info = 2339
Transformed value for current_hvps_sensor = 0.017135514
Matching row  18
coeffs for Last measurement in raw DN for HVPS Board signal “Sensor IP”= [0.0 2.4339e-05 0.0 0.0 0.0 0.0 0.0 0.0]
var_name = Last measurement in raw DN for HVPS Board signal “Sensor IP”
var_name = positive_current_hvps
Header info = 2704
Transformed value for positive_current_hvps = 0.065812656
Matching row  18
coeffs for Last measurement in raw DN for HVPS Board signal “Sensor IN”= [0.0 2.4339e-05 0.0 0.0 0.0 0.0 0.0 0.0]
var_name = Last measurement in raw DN for HVPS Board signal “Sensor IN”
var_name = negative_current_hvps
Header info = 305
Transformed value for negative_current_hvps = 0.007423394999999999
Matching row  18
coeffs for Last measurement in raw DN for LVPS Board signal “P3.3VREF_HK”= [0.0 0.00161172 0.0 0.0 0.0 0.0 0.0 0.0]
var_name = Last measurement in raw DN for LVPS Board signal “P3.3VREF_HK”
var_name = voltage_3V3_ref
Header info = 2048
Transformed value for voltage_3V3_ref = 3.30080256
Matching row  18
coeffs for Last measurement in raw DN for LVPS Board signal “P3.3VREF_OP”= [0.0 0.00161172 0.0 0.0 0.0 0.0 0.0 0.0]
var_name = Last measurement in raw DN for LVPS Board signal “P3.3VREF_OP”
var_name = voltage_3V3_op_ref
Header info = 2048
Transformed value for voltage_3V3_op_ref = 3.30080256
Matching row  18
coeffs for Last measurement in raw DN for LVPS Board signal “N6V”= [-33.0 0.00886447 0.0 0.0 0.0 0.0 0.0 0.0]
var_name = Last measurement in raw DN for LVPS Board signal “N6V”
var_name = voltage_neg6V_bus
Header info = 3001
Transformed value for voltage_neg6V_bus = -6.397725530000002
Matching row  18
coeffs for Last measurement in raw DN for LVPS Board signal “P6V”= [0.0 0.00241758 0.0 0.0 0.0 0.0 0.0 0.0]
var_name = Last measurement in raw DN for LVPS Board signal “P6V”
var_name = voltage_pos6V_bus
Header info = 2625
Transformed value for voltage_pos6V_bus = 6.3461475
Matching row  18
coeffs for Last measurement in raw DN for LVPS Board signal “P16V”= [0.0 0.00482711 0.0 0.0 0.0 0.0 0.0 0.0]
var_name = Last measurement in raw DN for LVPS Board signal “P16V”
var_name = voltage_pos16V_bus
Header info = 3178
Transformed value for voltage_pos16V_bus = 15.34055558
Matching row  18
coeffs for Last measurement in raw DN for LVPS Board signal “P3.3V”= [0.0 0.00161172 0.0 0.0 0.0 0.0 0.0 0.0]
var_name = Last measurement in raw DN for LVPS Board signal “P3.3V”
var_name = voltage_pos3V3_bus
Header info = 2056
Transformed value for voltage_pos3V3_bus = 3.31369632
Matching row  18
coeffs for Last measurement in raw DN for LVPS Board signal “N5V”= [-33.0 0.00886447 0.0 0.0 0.0 0.0 0.0 0.0]
var_name = Last measurement in raw DN for LVPS Board signal “N5V”
var_name = voltage_neg5V_bus
Header info = 3155
Transformed value for voltage_neg5V_bus = -5.032597150000001
Matching row  18
coeffs for Last measurement in raw DN for LVPS Board signal “P5V”= [0.0 0.00161172 0.0 0.0 0.0 0.0 0.0 0.0]
var_name = Last measurement in raw DN for LVPS Board signal “P5V”
var_name = voltage_pos5V_bus
Header info = 3142
Transformed value for voltage_pos5V_bus = 5.06402424
Matching row  18
coeffs for Last measurement in raw DN for LVPS Board signal “P3.3_IMON”= [0.0 0.00161172 0.0 0.0 0.0 0.0 0.0 0.0]
var_name = Last measurement in raw DN for LVPS Board signal “P3.3_IMON”
var_name = current_3V3_bus
Header info = 1687
Transformed value for current_3V3_bus = 2.7189716400000004
Matching row  18
coeffs for Last measurement in raw DN for LVPS Board signal “P16V_IMON”= [0.0 0.000161172 0.0 0.0 0.0 0.0 0.0 0.0]
var_name = Last measurement in raw DN for LVPS Board signal “P16V_IMON”
var_name = current_16V_bus
Header info = 1140
Transformed value for current_16V_bus = 0.18373608
Matching row  18
coeffs for Last measurement in raw DN for LVPS Board signal “P6V_IMON”= [0.0 8.05861e-05 0.0 0.0 0.0 0.0 0.0 0.0]
var_name = Last measurement in raw DN for LVPS Board signal “P6V_IMON”
var_name = current_6V_bus
Header info = 1488
Transformed value for current_6V_bus = 0.1199121168
Matching row  18
coeffs for Last measurement in raw DN for LVPS Board signal “N6V_IMON”= [0.0 -8.05861e-05 0.0 0.0 0.0 0.0 0.0 0.0]
var_name = Last measurement in raw DN for LVPS Board signal “N6V_IMON”
var_name = current_neg6V_bus
Header info = 1140
Transformed value for current_neg6V_bus = -0.091868154
Matching row  18
coeffs for Last measurement in raw DN for LVPS Board signal “P5V_IMON”= [0.0 4.029304e-05 0.0 0.0 0.0 0.0 0.0 0.0]
var_name = Last measurement in raw DN for LVPS Board signal “P5V_IMON”
var_name = current_5V_bus
Header info = 1865
Transformed value for current_5V_bus = 0.0751465196
Matching row  18
coeffs for Last measurement in raw DN for LVPS Board signal “N5V_IMON”= [0.0 -2.01465e-05 0.0 0.0 0.0 0.0 0.0 0.0]
var_name = Last measurement in raw DN for LVPS Board signal “N5V_IMON”
var_name = current_neg5V_bus
Header info = 3288
Transformed value for current_neg5V_bus = -0.066241692
Matching row  18
coeffs for Last measurement in raw DN for LVPS Board signal “P2.5V_IMON”= [0.0 0.00161172 0.0 0.0 0.0 0.0 0.0 0.0]
var_name = Last measurement in raw DN for LVPS Board signal “P2.5V_IMON”
var_name = current_2V5_bus
Header info = 452
Transformed value for current_2V5_bus = 0.72849744
Matching row  18
coeffs for Last measurement in raw DN for LVPS Board signal “N2.5V_IMON”= [0.0 -4.0293e-05 0.0 0.0 0.0 0.0 0.0 0.0]
var_name = Last measurement in raw DN for LVPS Board signal “N2.5V_IMON”
var_name = current_neg2V5_bus
Header info = 2945
Transformed value for current_neg2V5_bus = -0.11866288500000001
Matching row  18
coeffs for Last measurement in raw DN for LVPS Board signal “THERM_DECON0”= [-110.293 0.0665351 0.000305738 -6.32048e-07 5.9934e-10 -2.98784e-13
 7.61361e-17 -7.76467e-21]
var_name = Last measurement in raw DN for LVPS Board signal “THERM_DECON0”
var_name = None
KeyError: (13, None) - Could not find entry for None, 38. Please check the Var_notes or variable mapping.
Matching row  18
coeffs for Last measurement in raw DN for LVPS Board signal “THERM_DECON1”= [-150.478 0.376986 -0.00062072 7.73853e-07 -5.81588e-10 2.56368e-13
 -6.05698e-17 5.96635e-21]
var_name = Last measurement in raw DN for LVPS Board signal “THERM_DECON1”
var_name = None
KeyError: (13, None) - Could not find entry for None, 39. Please check the Var_notes or variable mapping.
Matching row  18
coeffs for Last measurement in raw DN for LVPS Board signal “THERM_DAB”= [-443.248 1.31224 -0.00180422 1.40016e-06 -6.43766e-10 1.7448e-13
 -2.57695e-17 1.60239e-21]
var_name = Last measurement in raw DN for LVPS Board signal “THERM_DAB”
var_name = None
KeyError: (13, None) - Could not find entry for None, 40. Please check the Var_notes or variable mapping.
Matching row  18
coeffs for Last measurement in raw DN for LVPS Board signal “THERM_LVPS”= [200.4137 -0.2020699 0.000175403 -9.739547e-08 2.888932e-11 -3.545603e-15
 0.0 0.0]
var_name = Last measurement in raw DN for LVPS Board signal “THERM_LVPS”
var_name = None
KeyError: (13, None) - Could not find entry for None, 41. Please check the Var_notes or variable mapping.
Matching row  18
coeffs for Last measurement in raw DN for LVPS Board signal “THERM_HVPS”= [200.4137 -0.2020699 0.000175403 -9.739547e-08 2.888932e-11 -3.545603e-15
 0.0 0.0]
var_name = Last measurement in raw DN for LVPS Board signal “THERM_HVPS”
var_name = None
KeyError: (13, None) - Could not find entry for None, 45. Please check the Var_notes or variable mapping.
Matching row  18
coeffs for Last measurement in raw DN for LVPS Board signal “P2.5V”= [0.0 0.00161172 0.0 0.0 0.0 0.0 0.0 0.0]
var_name = Last measurement in raw DN for LVPS Board signal “P2.5V”
var_name = None
KeyError: (13, None) - Could not find entry for None, 49. Please check the Var_notes or variable mapping.
Matching row  18
coeffs for Last measurement in raw DN for LVPS Board signal “N2.5V”= [-33.0 0.00886447 0.0 0.0 0.0 0.0 0.0 0.0]
var_name = Last measurement in raw DN for LVPS Board signal “N2.5V”
var_name = None
KeyError: (13, None) - Could not find entry for None, 50. Please check the Var_notes or variable mapping.
Matching row  18
coeffs for Last measurement in raw DN for LVPS Board signal “Spare”= [0.0 0.00161172 0.0 0.0 0.0 0.0 0.0 0.0]
var_name = Last measurement in raw DN for LVPS Board signal “Spare”
var_name = spare_signal
KeyError: (13, 'spare_signal') - Could not find entry for spare_signal, 51. Please check the Var_notes or variable mapping.
High gain delay = 39 samples.
Mid gain delay = 7 samples.
Low gain delay = 7 samples.
High sampling trigger mode =  0 0 1
High gain trigger mode enabled.
For 2222981120, HG Trigger level = 0.15317, sample settings = 0, 0
Threshold trigger mode enabled for high gain channel.
AID = 2415277392
Event number = 94
Rice compression enabled = False
Timestamp = 439515554.67854 seconds since epoch (Midnight January 1st, 2010)
Trigger time = 2023-12-05T23:39:14.678540Z
13
13
13
13
13
13
13
13
13
13
13
13
13
{'SHCOARSE': ParsedDataItem(SHCOARSE, raw=439515848, derived=439515848, unit=dn), 'SHFINE': ParsedDataItem(SHFINE, raw=9218, derived=9218, unit=dn), 'IDX__SCI0AID': ParsedDataItem(IDX__SCI0AID, raw=2415277392, derived=2415277392, unit=None), 'IDX__SCI0TYPE': ParsedDataItem(IDX__SCI0TYPE, raw=1, derived=1, unit=None), 'IDX__SCI0CONT': ParsedDataItem(IDX__SCI0CONT, raw=127, derived=127, unit=None), 'IDX__SCI0SPARE1': ParsedDataItem(IDX__SCI0SPARE1, raw=0, derived=0, unit=None), 'IDX__SCI0PACK': ParsedDataItem(IDX__SCI0PACK, raw=1, derived=EN, unit=None), 'IDX__SCI0FRAG': ParsedDataItem(IDX__SCI0FRAG, raw=0, derived=DS, unit=None), 'IDX__SCI0COMP': ParsedDataItem(IDX__SCI0COMP, raw=0, derived=DS, unit=None), 'IDX__SCI0EVTNUM': ParsedDataItem(IDX__SCI0EVTNUM, raw=95, derived=95, unit=None), 'IDX__SCI0CAT': ParsedDataItem(IDX__SCI0CAT, raw=32, derived=32, unit=None), 'IDX__SCI0QUAL': ParsedDataItem(IDX__SCI0QUAL, raw=5, derived=5, unit=None), 'IDX__SCI0FRAGOFF': ParsedDataItem(IDX__SCI0FRAGOFF, raw=0, derived=0, unit=None), 'IDX__SCI0VER': ParsedDataItem(IDX__SCI0VER, raw=9, derived=9, unit=None), 'IDX__SCI0TIME32': ParsedDataItem(IDX__SCI0TIME32, raw=439515555, derived=439515555, unit=None), 'IDX__SCI0SPARE2': ParsedDataItem(IDX__SCI0SPARE2, raw=0, derived=0, unit=None), 'IDX__SCI0SPARE3': ParsedDataItem(IDX__SCI0SPARE3, raw=0, derived=0, unit=None), 'IDX__SCI0SPARE4': ParsedDataItem(IDX__SCI0SPARE4, raw=0, derived=0, unit=None), 'IDX__TXHDRSCIEVTLEN': ParsedDataItem(IDX__TXHDRSCIEVTLEN, raw=8320, derived=8320, unit=None), 'IDX__TXHDRSP00': ParsedDataItem(IDX__TXHDRSP00, raw=0, derived=0, unit=None), 'IDX__TXHDRTIMESEC1': ParsedDataItem(IDX__TXHDRTIMESEC1, raw=6706, derived=6706, unit=None), 'IDX__TXHDRTIMESEC2': ParsedDataItem(IDX__TXHDRTIMESEC2, raw=31139, derived=31139, unit=None), 'IDX__TXHDRTIMESUBS': ParsedDataItem(IDX__TXHDRTIMESUBS, raw=33924, derived=33924, unit=None), 'IDX__TXHDRSP01': ParsedDataItem(IDX__TXHDRSP01, raw=0, derived=0, unit=None), 'IDX__TXHDRTRIGOFFSET': ParsedDataItem(IDX__TXHDRTRIGOFFSET, raw=5, derived=5, unit=None), 'IDX__TXHDRSP02': ParsedDataItem(IDX__TXHDRSP02, raw=0, derived=0, unit=None), 'IDX__TXHDRTRIGID': ParsedDataItem(IDX__TXHDRTRIGID, raw=1, derived=1, unit=None), 'IDX__TXHDREVTNUM': ParsedDataItem(IDX__TXHDREVTNUM, raw=95, derived=95, unit=None), 'IDX__TXHDRBLOCKS': ParsedDataItem(IDX__TXHDRBLOCKS, raw=243679, derived=243679, unit=None), 'IDX__TXHDRHGTRIGCTRL1': ParsedDataItem(IDX__TXHDRHGTRIGCTRL1, raw=2222981120, derived=2222981120, unit=None), 'IDX__TXHDRHGTRIGCTRL2': ParsedDataItem(IDX__TXHDRHGTRIGCTRL2, raw=0, derived=0, unit=None), 'IDX__TXHDRLGTRIGCTRL1': ParsedDataItem(IDX__TXHDRLGTRIGCTRL1, raw=4294965248, derived=4294965248, unit=None), 'IDX__TXHDRLGTRIGCTRL2': ParsedDataItem(IDX__TXHDRLGTRIGCTRL2, raw=4278255360, derived=4278255360, unit=None), 'IDX__TXHDRMGTRIGCTRL1': ParsedDataItem(IDX__TXHDRMGTRIGCTRL1, raw=4294965248, derived=4294965248, unit=None), 'IDX__TXHDRMGTRIGCTRL2': ParsedDataItem(IDX__TXHDRMGTRIGCTRL2, raw=4278255360, derived=4278255360, unit=None), 'IDX__TXHDRSP03': ParsedDataItem(IDX__TXHDRSP03, raw=0, derived=0, unit=None), 'IDX__TXHDRLSADC': ParsedDataItem(IDX__TXHDRLSADC, raw=1048320, derived=1048320, unit=None), 'IDX__TXHDRPOLSTAT': ParsedDataItem(IDX__TXHDRPOLSTAT, raw=1, derived=NEG, unit=None), 'IDX__TXHDRSP04': ParsedDataItem(IDX__TXHDRSP04, raw=0, derived=0, unit=None), 'IDX__TXHDRPOLCTRL': ParsedDataItem(IDX__TXHDRPOLCTRL, raw=0, derived=POS, unit=None), 'IDX__TXHDRCOINENA': ParsedDataItem(IDX__TXHDRCOINENA, raw=0, derived=DIS, unit=None), 'IDX__TXHDRLSTRIGMODE': ParsedDataItem(IDX__TXHDRLSTRIGMODE, raw=0, derived=DIS, unit=None), 'IDX__TXHDRMGTRIGMODE': ParsedDataItem(IDX__TXHDRMGTRIGMODE, raw=0, derived=0, unit=None), 'IDX__TXHDRLGTRIGMODE': ParsedDataItem(IDX__TXHDRLGTRIGMODE, raw=0, derived=0, unit=None), 'IDX__TXHDRHGTRIGMODE': ParsedDataItem(IDX__TXHDRHGTRIGMODE, raw=1, derived=1, unit=None), 'IDX__TXHDRSP05': ParsedDataItem(IDX__TXHDRSP05, raw=0, derived=0, unit=None), 'IDX__TXHDRSP06': ParsedDataItem(IDX__TXHDRSP06, raw=0, derived=0, unit=None), 'IDX__TXHDRSP07': ParsedDataItem(IDX__TXHDRSP07, raw=2018, derived=2018, unit=None), 'IDX__TXHDRSP08': ParsedDataItem(IDX__TXHDRSP08, raw=0, derived=0, unit=None), 'IDX__TXHDRTOFMAX': ParsedDataItem(IDX__TXHDRTOFMAX, raw=566762495, derived=566762495, unit=None), 'IDX__TXHDRTOFMIN': ParsedDataItem(IDX__TXHDRTOFMIN, raw=535295466, derived=535295466, unit=None), 'IDX__TXHDRLS0MAXMIN': ParsedDataItem(IDX__TXHDRLS0MAXMIN, raw=8468493, derived=8468493, unit=None), 'IDX__TXHDRLS1MAXMIN': ParsedDataItem(IDX__TXHDRLS1MAXMIN, raw=8452072, derived=8452072, unit=None), 'IDX__TXHDRLS2MAXMIN': ParsedDataItem(IDX__TXHDRLS2MAXMIN, raw=8677346, derived=8677346, unit=None), 'IDX__TXHDRFIFODELAY': ParsedDataItem(IDX__TXHDRFIFODELAY, raw=16, derived=16, unit=None), 'IDX__TXHDRSAMPDELAY': ParsedDataItem(IDX__TXHDRSAMPDELAY, raw=40934471, derived=40934471, unit=None), 'IDX__TXHDRTRANSCNT': ParsedDataItem(IDX__TXHDRTRANSCNT, raw=14, derived=14, unit=None), 'IDX__TXHDRPROCHKCH01': ParsedDataItem(IDX__TXHDRPROCHKCH01, raw=83821392, derived=83821392, unit=None), 'IDX__TXHDRPROCHKCH23': ParsedDataItem(IDX__TXHDRPROCHKCH23, raw=102302894, derived=102302894, unit=None), 'IDX__TXHDRPROCHKCH45': ParsedDataItem(IDX__TXHDRPROCHKCH45, raw=167970010, derived=167970010, unit=None), 'IDX__TXHDRPROCHKCH67': ParsedDataItem(IDX__TXHDRPROCHKCH67, raw=133695768, derived=133695768, unit=None), 'IDX__TXHDRHVPSHKCH01': ParsedDataItem(IDX__TXHDRHVPSHKCH01, raw=131860073, derived=131860073, unit=None), 'IDX__TXHDRHVPSHKCH23': ParsedDataItem(IDX__TXHDRHVPSHKCH23, raw=8849070, derived=8849070, unit=None), 'IDX__TXHDRHVPSHKCH45': ParsedDataItem(IDX__TXHDRHVPSHKCH45, raw=153290714, derived=153290714, unit=None), 'IDX__TXHDRHVPSHKCH67': ParsedDataItem(IDX__TXHDRHVPSHKCH67, raw=19991184, derived=19991184, unit=None), 'IDX__TXHDRLVHK0CH01': ParsedDataItem(IDX__TXHDRLVHK0CH01, raw=134219776, derived=134219776, unit=None), 'IDX__TXHDRLVHK0CH23': ParsedDataItem(IDX__TXHDRLVHK0CH23, raw=171969465, derived=171969465, unit=None), 'IDX__TXHDRLVHK0CH45': ParsedDataItem(IDX__TXHDRLVHK0CH45, raw=134745194, derived=134745194, unit=None), 'IDX__TXHDRLVHK0CH67': ParsedDataItem(IDX__TXHDRLVHK0CH67, raw=205917267, derived=205917267, unit=None), 'IDX__TXHDRLVHK1CH01': ParsedDataItem(IDX__TXHDRLVHK1CH01, raw=34801303, derived=34801303, unit=None), 'IDX__TXHDRLVHK1CH23': ParsedDataItem(IDX__TXHDRLVHK1CH23, raw=74712528, derived=74712528, unit=None), 'IDX__TXHDRLVHK1CH45': ParsedDataItem(IDX__TXHDRLVHK1CH45, raw=215418697, derived=215418697, unit=None), 'IDX__TXHDRLVHK1CH67': ParsedDataItem(IDX__TXHDRLVHK1CH67, raw=193003972, derived=193003972, unit=None), 'IDX__TXHDRLVHK2CH01': ParsedDataItem(IDX__TXHDRLVHK2CH01, raw=82314476, derived=82314476, unit=None), 'IDX__TXHDRLVHK2CH23': ParsedDataItem(IDX__TXHDRLVHK2CH23, raw=188680970, derived=188680970, unit=None), 'IDX__TXHDRLVHK2CH45': ParsedDataItem(IDX__TXHDRLVHK2CH45, raw=100994069, derived=100994069, unit=None), 'IDX__TXHDRLVHK2CH67': ParsedDataItem(IDX__TXHDRLVHK2CH67, raw=69016, derived=69016, unit=None), 'IDX__TXHDRSP09': ParsedDataItem(IDX__TXHDRSP09, raw=0, derived=0, unit=None), 'IDX__TXHDRSP10': ParsedDataItem(IDX__TXHDRSP10, raw=0, derived=0, unit=None), 'IDX__TXHDRFSWAIDCOPY': ParsedDataItem(IDX__TXHDRFSWAIDCOPY, raw=2415277392, derived=2415277392, unit=None), 'IDX__TXHDRFSWBINCOPY': ParsedDataItem(IDX__TXHDRFSWBINCOPY, raw=0, derived=0, unit=None), 'IDX__TXHDRFSWMAJOR': ParsedDataItem(IDX__TXHDRFSWMAJOR, raw=2, derived=2, unit=None), 'IDX__TXHDRFSWMINOR': ParsedDataItem(IDX__TXHDRFSWMINOR, raw=0, derived=0, unit=None), 'IDX__TXHDRFSWPATCH': ParsedDataItem(IDX__TXHDRFSWPATCH, raw=0, derived=0, unit=None), 'IDX__TXHDRFSWHVSTAT': ParsedDataItem(IDX__TXHDRFSWHVSTAT, raw=3, derived=3, unit=None), 'IDX__TXHDRFSWMEM0': ParsedDataItem(IDX__TXHDRFSWMEM0, raw=0, derived=0, unit=None), 'IDX__TXHDRFSWMEM1': ParsedDataItem(IDX__TXHDRFSWMEM1, raw=0, derived=0, unit=None), 'IDX__TXHDRFSWPT0': ParsedDataItem(IDX__TXHDRFSWPT0, raw=0, derived=0, unit=None), 'IDX__TXHDRFSWPT1': ParsedDataItem(IDX__TXHDRFSWPT1, raw=0, derived=0, unit=None), 'IDX__TXHDRFSWPT2': ParsedDataItem(IDX__TXHDRFSWPT2, raw=0, derived=0, unit=None), 'IDX__TXHDRFSWPT3': ParsedDataItem(IDX__TXHDRFSWPT3, raw=0, derived=0, unit=None), 'IDX__TXHDRFSWPT4': ParsedDataItem(IDX__TXHDRFSWPT4, raw=0, derived=0, unit=None), 'IDX__TXHDRFSWPT5': ParsedDataItem(IDX__TXHDRFSWPT5, raw=0, derived=0, unit=None), 'IDX__TXHDRFSWPT6': ParsedDataItem(IDX__TXHDRFSWPT6, raw=0, derived=0, unit=None), 'IDX__TXHDRFSWPT7': ParsedDataItem(IDX__TXHDRFSWPT7, raw=0, derived=0, unit=None), 'IDX__TXHDRFSWPT8': ParsedDataItem(IDX__TXHDRFSWPT8, raw=0, derived=0, unit=None), 'IDX__TXHDRFSWPT9': ParsedDataItem(IDX__TXHDRFSWPT9, raw=0, derived=0, unit=None), 'IDX__TXHDRFPGAVER': ParsedDataItem(IDX__TXHDRFPGAVER, raw=539165480, derived=539165480, unit=None), 'IDX__SYNCSCI0PKT': ParsedDataItem(IDX__SYNCSCI0PKT, raw=13107, derived=13107, unit=None), 'IDX__CRCSCI0PKT': ParsedDataItem(IDX__CRCSCI0PKT, raw=2750, derived=2750, unit=None)}
SHCOARSE = 439515848
SHFINE = 9218
IDX__SCI0AID = 2415277392
IDX__SCI0TYPE = 1
IDX__SCI0CONT = 127
IDX__SCI0SPARE1 = 0
IDX__SCI0PACK = EN
IDX__SCI0FRAG = DS
IDX__SCI0COMP = DS
IDX__SCI0EVTNUM = 95
IDX__SCI0CAT = 32
IDX__SCI0QUAL = 5
IDX__SCI0FRAGOFF = 0
IDX__SCI0VER = 9
IDX__SCI0TIME32 = 439515555
IDX__SCI0SPARE2 = 0
IDX__SCI0SPARE3 = 0
IDX__SCI0SPARE4 = 0
IDX__TXHDRSCIEVTLEN = 8320
IDX__TXHDRSP00 = 0
IDX__TXHDRTIMESEC1 = 6706
IDX__TXHDRTIMESEC2 = 31139
IDX__TXHDRTIMESUBS = 33924
IDX__TXHDRSP01 = 0
IDX__TXHDRTRIGOFFSET = 5
IDX__TXHDRSP02 = 0
IDX__TXHDRTRIGID = 1
IDX__TXHDREVTNUM = 95
IDX__TXHDRBLOCKS = 243679
IDX__TXHDRHGTRIGCTRL1 = 2222981120
IDX__TXHDRHGTRIGCTRL2 = 0
IDX__TXHDRLGTRIGCTRL1 = 4294965248
IDX__TXHDRLGTRIGCTRL2 = 4278255360
IDX__TXHDRMGTRIGCTRL1 = 4294965248
IDX__TXHDRMGTRIGCTRL2 = 4278255360
IDX__TXHDRSP03 = 0
IDX__TXHDRLSADC = 1048320
IDX__TXHDRPOLSTAT = NEG
IDX__TXHDRSP04 = 0
IDX__TXHDRPOLCTRL = POS
IDX__TXHDRCOINENA = DIS
IDX__TXHDRLSTRIGMODE = DIS
IDX__TXHDRMGTRIGMODE = 0
IDX__TXHDRLGTRIGMODE = 0
IDX__TXHDRHGTRIGMODE = 1
IDX__TXHDRSP05 = 0
IDX__TXHDRSP06 = 0
IDX__TXHDRSP07 = 2018
IDX__TXHDRSP08 = 0
IDX__TXHDRTOFMAX = 566762495
IDX__TXHDRTOFMIN = 535295466
IDX__TXHDRLS0MAXMIN = 8468493
IDX__TXHDRLS1MAXMIN = 8452072
IDX__TXHDRLS2MAXMIN = 8677346
IDX__TXHDRFIFODELAY = 16
IDX__TXHDRSAMPDELAY = 40934471
IDX__TXHDRTRANSCNT = 14
IDX__TXHDRPROCHKCH01 = 83821392
IDX__TXHDRPROCHKCH23 = 102302894
IDX__TXHDRPROCHKCH45 = 167970010
IDX__TXHDRPROCHKCH67 = 133695768
IDX__TXHDRHVPSHKCH01 = 131860073
IDX__TXHDRHVPSHKCH23 = 8849070
IDX__TXHDRHVPSHKCH45 = 153290714
IDX__TXHDRHVPSHKCH67 = 19991184
IDX__TXHDRLVHK0CH01 = 134219776
IDX__TXHDRLVHK0CH23 = 171969465
IDX__TXHDRLVHK0CH45 = 134745194
IDX__TXHDRLVHK0CH67 = 205917267
IDX__TXHDRLVHK1CH01 = 34801303
IDX__TXHDRLVHK1CH23 = 74712528
IDX__TXHDRLVHK1CH45 = 215418697
IDX__TXHDRLVHK1CH67 = 193003972
IDX__TXHDRLVHK2CH01 = 82314476
IDX__TXHDRLVHK2CH23 = 188680970
IDX__TXHDRLVHK2CH45 = 100994069
IDX__TXHDRLVHK2CH67 = 69016
IDX__TXHDRSP09 = 0
IDX__TXHDRSP10 = 0
IDX__TXHDRFSWAIDCOPY = 2415277392
IDX__TXHDRFSWBINCOPY = 0
IDX__TXHDRFSWMAJOR = 2
IDX__TXHDRFSWMINOR = 0
IDX__TXHDRFSWPATCH = 0
IDX__TXHDRFSWHVSTAT = 3
IDX__TXHDRFSWMEM0 = 0
IDX__TXHDRFSWMEM1 = 0
IDX__TXHDRFSWPT0 = 0
IDX__TXHDRFSWPT1 = 0
IDX__TXHDRFSWPT2 = 0
IDX__TXHDRFSWPT3 = 0
IDX__TXHDRFSWPT4 = 0
IDX__TXHDRFSWPT5 = 0
IDX__TXHDRFSWPT6 = 0
IDX__TXHDRFSWPT7 = 0
IDX__TXHDRFSWPT8 = 0
IDX__TXHDRFSWPT9 = 0
IDX__TXHDRFPGAVER = 539165480
IDX__SYNCSCI0PKT = 13107
IDX__CRCSCI0PKT = 2750
^*****Event header 14******^
EVTNUM: 14
SCI0TYPE: 1
TXHDRBLOCKS RAW: 243679
TXHDRBLOCKS DERIVED: 243679
-----
HS pre trig sampling blocks:  31
LS pre trig sampling blocks:  3
HS post trig sampling blocks:  31
LS post trig sampling blocks:  11
IDX__TXHDRHVPSHKCH01 = 131860073
Detector voltage =  1641
Sensor voltage =  2012
Target voltage =  1710
Reflectron voltage =  135
Rejection voltage =  2010
Current for HVPS sensor =  2339
Positive current for HVPS sensor =  2704
Negative current for HVPS sensor =  305
Voltage +3.3V reference =  2048
Voltage +3.3V operational reference =  2048
Voltage -6V bus =  3001
Voltage +6V bus =  2624
Voltage +16V bus =  3178
Voltage +3.3V bus =  2056
Voltage -5V bus =  3155
Voltage +5V bus =  3142
Current +3.3V bus =  1687
Current +16V bus =  1140
Current +6V bus =  1488
Current -6V bus =  1140
Current +5V bus =  1865
Current -5V bus =  3287
Current +2.5V bus =  452
Current -2.5V bus =  2945
Current on the 1V POL =  848
Current on the 1.9V POL =  1279
ProcBd Temperature 1 =  1198
ProcBd Temperature 2 =  1561
Voltage on 1V bus =  1242
FPGA Temperature =  2563
Voltage on 1.9V bus =  2328
Voltage on 3.3V bus =  2040
var_to_row = {'Last measurement in raw DN for Processor Board signal “1V POL Current”': 0, 'Last measurement in raw DN for Processor Board signal “1.9V POL Current”': 1, 'Last measurement in raw DN for Processor Board signal “ProcBd Temp1”': 2, nan: 48, 'Last measurement in raw DN for Processor Board signal “ProcBd Temp2”': 6, 'Last measurement in raw DN for Processor Board signal “1V Voltage”': 10, 'Last measurement in raw DN for Processor Board signal “FPGA Temp”': 11, 'Last measurement in raw DN for Processor Board signal “1.9V Voltage”': 12, 'Last measurement in raw DN for Processor Board signal “3.3V Voltage”': 13, 'Last measurement in raw DN for HVPS Board signal “Detector Voltage”': 14, 'Last measurement in raw DN for HVPS Board signal “Sensor Voltage"': 15, 'Last measurement in raw DN for HVPS Board signal “Target Voltage”': 16, 'Last measurement in raw DN for HVPS Board signal “Reflectron Voltage”': 17, 'Last measurement in raw DN for HVPS Board signal “Rejection Voltage”': 18, 'Last measurement in raw DN for HVPS Board signal “Detector Current”': 19, 'Last measurement in raw DN for HVPS Board signal “Sensor IP”': 20, 'Last measurement in raw DN for HVPS Board signal “Sensor IN”': 21, 'Last measurement in raw DN for LVPS Board signal “P3.3VREF_HK”': 22, 'Last measurement in raw DN for LVPS Board signal “P3.3VREF_OP”': 23, 'Last measurement in raw DN for LVPS Board signal “N6V”': 24, 'Last measurement in raw DN for LVPS Board signal “P6V”': 25, 'Last measurement in raw DN for LVPS Board signal “P16V”': 26, 'Last measurement in raw DN for LVPS Board signal “P3.3V”': 27, 'Last measurement in raw DN for LVPS Board signal “N5V”': 28, 'Last measurement in raw DN for LVPS Board signal “P5V”': 29, 'Last measurement in raw DN for LVPS Board signal “P3.3_IMON”': 30, 'Last measurement in raw DN for LVPS Board signal “P16V_IMON”': 31, 'Last measurement in raw DN for LVPS Board signal “P6V_IMON”': 32, 'Last measurement in raw DN for LVPS Board signal “N6V_IMON”': 33, 'Last measurement in raw DN for LVPS Board signal “P5V_IMON”': 34, 'Last measurement in raw DN for LVPS Board signal “N5V_IMON”': 35, 'Last measurement in raw DN for LVPS Board signal “P2.5V_IMON”': 36, 'Last measurement in raw DN for LVPS Board signal “N2.5V_IMON”': 37, 'Last measurement in raw DN for LVPS Board signal “THERM_DECON0”': 38, 'Last measurement in raw DN for LVPS Board signal “THERM_DECON1”': 39, 'Last measurement in raw DN for LVPS Board signal “THERM_DAB”': 40, 'Last measurement in raw DN for LVPS Board signal “THERM_LVPS”': 41, 'Last measurement in raw DN for LVPS Board signal “THERM_HVPS”': 45, 'Last measurement in raw DN for LVPS Board signal “P2.5V”': 49, 'Last measurement in raw DN for LVPS Board signal “N2.5V”': 50, 'Last measurement in raw DN for LVPS Board signal “Spare”': 51}

 
 ***** var_name being converted for each instrument setting ***** 
 

Matching row  18
coeffs for Last measurement in raw DN for Processor Board signal “1V POL Current”= [0.0 0.9029253 0.0 0.0 0.0 0.0 0.0 0.0]
var_name = Last measurement in raw DN for Processor Board signal “1V POL Current”
var_name = current_1V_pol
Header info = 848
Transformed value for current_1V_pol = 765.6806544
Matching row  18
coeffs for Last measurement in raw DN for Processor Board signal “1.9V POL Current”= [0.0 0.9029253 0.0 0.0 0.0 0.0 0.0 0.0]
var_name = Last measurement in raw DN for Processor Board signal “1.9V POL Current”
var_name = current_1.9V_pol
Header info = 1279
Transformed value for current_1.9V_pol = 1154.8414587
Matching row  18
coeffs for Last measurement in raw DN for Processor Board signal “ProcBd Temp1”= [162.8276 -0.2668687 0.0003323794 -2.43153e-07 9.034532e-11 -1.327735e-14
 0.0 0.0]
var_name = Last measurement in raw DN for Processor Board signal “ProcBd Temp1”
var_name = temperature_1
Header info = 1198
Transformed value for temperature_1 = 55.41044834983295
Matching row  18
coeffs for nan= [-104713.9 52.02446 -0.006463374 0.0 0.0 0.0 0.0 0.0]
var_name = nan
var_name = None
KeyError: (14, None) - Could not find entry for None, 48. Please check the Var_notes or variable mapping.
Matching row  18
coeffs for Last measurement in raw DN for Processor Board signal “ProcBd Temp2”= [162.8276 -0.2668687 0.0003323794 -2.43153e-07 9.034532e-11 -1.327735e-14
 0.0 0.0]
var_name = Last measurement in raw DN for Processor Board signal “ProcBd Temp2”
var_name = temperature_2
Header info = 1561
Transformed value for temperature_2 = 44.64778748986298
Matching row  18
coeffs for Last measurement in raw DN for Processor Board signal “1V Voltage”= [0.0 0.000805861 0.0 0.0 0.0 0.0 0.0 0.0]
var_name = Last measurement in raw DN for Processor Board signal “1V Voltage”
var_name = voltage_1V_bus
Header info = 1242
Transformed value for voltage_1V_bus = 1.0008793619999998
Matching row  18
coeffs for Last measurement in raw DN for Processor Board signal “FPGA Temp”= [358.31 -0.1187104 0.0 0.0 0.0 0.0 0.0 0.0]
var_name = Last measurement in raw DN for Processor Board signal “FPGA Temp”
var_name = fpga_temperature
Header info = 2563
Transformed value for fpga_temperature = 54.055244800000025
Matching row  18
coeffs for Last measurement in raw DN for Processor Board signal “1.9V Voltage”= [0.0 0.000805861 0.0 0.0 0.0 0.0 0.0 0.0]
var_name = Last measurement in raw DN for Processor Board signal “1.9V Voltage”
var_name = voltage_1.9V_bus
Header info = 2328
Transformed value for voltage_1.9V_bus = 1.8760444079999998
Matching row  18
coeffs for Last measurement in raw DN for Processor Board signal “3.3V Voltage”= [0.0 0.001611722 0.0 0.0 0.0 0.0 0.0 0.0]
var_name = Last measurement in raw DN for Processor Board signal “3.3V Voltage”
var_name = voltage_3.3V_bus
Header info = 2040
Transformed value for voltage_3.3V_bus = 3.28791288
Matching row  18
coeffs for Last measurement in raw DN for HVPS Board signal “Detector Voltage”= [0.0 1.4652 0.0 0.0 0.0 0.0 0.0 0.0]
var_name = Last measurement in raw DN for HVPS Board signal “Detector Voltage”
var_name = detector_voltage
Header info = 1641
Transformed value for detector_voltage = 2404.3932
Matching row  18
coeffs for Last measurement in raw DN for HVPS Board signal “Sensor Voltage"= [0.0 1.4652 0.0 0.0 0.0 0.0 0.0 0.0]
var_name = Last measurement in raw DN for HVPS Board signal “Sensor Voltage"
var_name = sensor_voltage
Header info = 2012
Transformed value for sensor_voltage = 2947.9824000000003
Matching row  18
coeffs for Last measurement in raw DN for HVPS Board signal “Target Voltage”= [0.0 1.4652 0.0 0.0 0.0 0.0 0.0 0.0]
var_name = Last measurement in raw DN for HVPS Board signal “Target Voltage”
var_name = target_voltage
Header info = 1710
Transformed value for target_voltage = 2505.492
Matching row  18
coeffs for Last measurement in raw DN for HVPS Board signal “Reflectron Voltage”= [0.0 1.4652 0.0 0.0 0.0 0.0 0.0 0.0]
var_name = Last measurement in raw DN for HVPS Board signal “Reflectron Voltage”
var_name = reflectron_voltage
Header info = 135
Transformed value for reflectron_voltage = 197.80200000000002
Matching row  18
coeffs for Last measurement in raw DN for HVPS Board signal “Rejection Voltage”= [0.0 1.4652 0.0 0.0 0.0 0.0 0.0 0.0]
var_name = Last measurement in raw DN for HVPS Board signal “Rejection Voltage”
var_name = rejection_voltage
Header info = 2010
Transformed value for rejection_voltage = 2945.052
Matching row  18
coeffs for Last measurement in raw DN for HVPS Board signal “Detector Current”= [0.0 7.326e-06 0.0 0.0 0.0 0.0 0.0 0.0]
var_name = Last measurement in raw DN for HVPS Board signal “Detector Current”
var_name = current_hvps_sensor
Header info = 2339
Transformed value for current_hvps_sensor = 0.017135514
Matching row  18
coeffs for Last measurement in raw DN for HVPS Board signal “Sensor IP”= [0.0 2.4339e-05 0.0 0.0 0.0 0.0 0.0 0.0]
var_name = Last measurement in raw DN for HVPS Board signal “Sensor IP”
var_name = positive_current_hvps
Header info = 2704
Transformed value for positive_current_hvps = 0.065812656
Matching row  18
coeffs for Last measurement in raw DN for HVPS Board signal “Sensor IN”= [0.0 2.4339e-05 0.0 0.0 0.0 0.0 0.0 0.0]
var_name = Last measurement in raw DN for HVPS Board signal “Sensor IN”
var_name = negative_current_hvps
Header info = 305
Transformed value for negative_current_hvps = 0.007423394999999999
Matching row  18
coeffs for Last measurement in raw DN for LVPS Board signal “P3.3VREF_HK”= [0.0 0.00161172 0.0 0.0 0.0 0.0 0.0 0.0]
var_name = Last measurement in raw DN for LVPS Board signal “P3.3VREF_HK”
var_name = voltage_3V3_ref
Header info = 2048
Transformed value for voltage_3V3_ref = 3.30080256
Matching row  18
coeffs for Last measurement in raw DN for LVPS Board signal “P3.3VREF_OP”= [0.0 0.00161172 0.0 0.0 0.0 0.0 0.0 0.0]
var_name = Last measurement in raw DN for LVPS Board signal “P3.3VREF_OP”
var_name = voltage_3V3_op_ref
Header info = 2048
Transformed value for voltage_3V3_op_ref = 3.30080256
Matching row  18
coeffs for Last measurement in raw DN for LVPS Board signal “N6V”= [-33.0 0.00886447 0.0 0.0 0.0 0.0 0.0 0.0]
var_name = Last measurement in raw DN for LVPS Board signal “N6V”
var_name = voltage_neg6V_bus
Header info = 3001
Transformed value for voltage_neg6V_bus = -6.397725530000002
Matching row  18
coeffs for Last measurement in raw DN for LVPS Board signal “P6V”= [0.0 0.00241758 0.0 0.0 0.0 0.0 0.0 0.0]
var_name = Last measurement in raw DN for LVPS Board signal “P6V”
var_name = voltage_pos6V_bus
Header info = 2624
Transformed value for voltage_pos6V_bus = 6.3437299199999995
Matching row  18
coeffs for Last measurement in raw DN for LVPS Board signal “P16V”= [0.0 0.00482711 0.0 0.0 0.0 0.0 0.0 0.0]
var_name = Last measurement in raw DN for LVPS Board signal “P16V”
var_name = voltage_pos16V_bus
Header info = 3178
Transformed value for voltage_pos16V_bus = 15.34055558
Matching row  18
coeffs for Last measurement in raw DN for LVPS Board signal “P3.3V”= [0.0 0.00161172 0.0 0.0 0.0 0.0 0.0 0.0]
var_name = Last measurement in raw DN for LVPS Board signal “P3.3V”
var_name = voltage_pos3V3_bus
Header info = 2056
Transformed value for voltage_pos3V3_bus = 3.31369632
Matching row  18
coeffs for Last measurement in raw DN for LVPS Board signal “N5V”= [-33.0 0.00886447 0.0 0.0 0.0 0.0 0.0 0.0]
var_name = Last measurement in raw DN for LVPS Board signal “N5V”
var_name = voltage_neg5V_bus
Header info = 3155
Transformed value for voltage_neg5V_bus = -5.032597150000001
Matching row  18
coeffs for Last measurement in raw DN for LVPS Board signal “P5V”= [0.0 0.00161172 0.0 0.0 0.0 0.0 0.0 0.0]
var_name = Last measurement in raw DN for LVPS Board signal “P5V”
var_name = voltage_pos5V_bus
Header info = 3142
Transformed value for voltage_pos5V_bus = 5.06402424
Matching row  18
coeffs for Last measurement in raw DN for LVPS Board signal “P3.3_IMON”= [0.0 0.00161172 0.0 0.0 0.0 0.0 0.0 0.0]
var_name = Last measurement in raw DN for LVPS Board signal “P3.3_IMON”
var_name = current_3V3_bus
Header info = 1687
Transformed value for current_3V3_bus = 2.7189716400000004
Matching row  18
coeffs for Last measurement in raw DN for LVPS Board signal “P16V_IMON”= [0.0 0.000161172 0.0 0.0 0.0 0.0 0.0 0.0]
var_name = Last measurement in raw DN for LVPS Board signal “P16V_IMON”
var_name = current_16V_bus
Header info = 1140
Transformed value for current_16V_bus = 0.18373608
Matching row  18
coeffs for Last measurement in raw DN for LVPS Board signal “P6V_IMON”= [0.0 8.05861e-05 0.0 0.0 0.0 0.0 0.0 0.0]
var_name = Last measurement in raw DN for LVPS Board signal “P6V_IMON”
var_name = current_6V_bus
Header info = 1488
Transformed value for current_6V_bus = 0.1199121168
Matching row  18
coeffs for Last measurement in raw DN for LVPS Board signal “N6V_IMON”= [0.0 -8.05861e-05 0.0 0.0 0.0 0.0 0.0 0.0]
var_name = Last measurement in raw DN for LVPS Board signal “N6V_IMON”
var_name = current_neg6V_bus
Header info = 1140
Transformed value for current_neg6V_bus = -0.091868154
Matching row  18
coeffs for Last measurement in raw DN for LVPS Board signal “P5V_IMON”= [0.0 4.029304e-05 0.0 0.0 0.0 0.0 0.0 0.0]
var_name = Last measurement in raw DN for LVPS Board signal “P5V_IMON”
var_name = current_5V_bus
Header info = 1865
Transformed value for current_5V_bus = 0.0751465196
Matching row  18
coeffs for Last measurement in raw DN for LVPS Board signal “N5V_IMON”= [0.0 -2.01465e-05 0.0 0.0 0.0 0.0 0.0 0.0]
var_name = Last measurement in raw DN for LVPS Board signal “N5V_IMON”
var_name = current_neg5V_bus
Header info = 3287
Transformed value for current_neg5V_bus = -0.0662215455
Matching row  18
coeffs for Last measurement in raw DN for LVPS Board signal “P2.5V_IMON”= [0.0 0.00161172 0.0 0.0 0.0 0.0 0.0 0.0]
var_name = Last measurement in raw DN for LVPS Board signal “P2.5V_IMON”
var_name = current_2V5_bus
Header info = 452
Transformed value for current_2V5_bus = 0.72849744
Matching row  18
coeffs for Last measurement in raw DN for LVPS Board signal “N2.5V_IMON”= [0.0 -4.0293e-05 0.0 0.0 0.0 0.0 0.0 0.0]
var_name = Last measurement in raw DN for LVPS Board signal “N2.5V_IMON”
var_name = current_neg2V5_bus
Header info = 2945
Transformed value for current_neg2V5_bus = -0.11866288500000001
Matching row  18
coeffs for Last measurement in raw DN for LVPS Board signal “THERM_DECON0”= [-110.293 0.0665351 0.000305738 -6.32048e-07 5.9934e-10 -2.98784e-13
 7.61361e-17 -7.76467e-21]
var_name = Last measurement in raw DN for LVPS Board signal “THERM_DECON0”
var_name = None
KeyError: (14, None) - Could not find entry for None, 38. Please check the Var_notes or variable mapping.
Matching row  18
coeffs for Last measurement in raw DN for LVPS Board signal “THERM_DECON1”= [-150.478 0.376986 -0.00062072 7.73853e-07 -5.81588e-10 2.56368e-13
 -6.05698e-17 5.96635e-21]
var_name = Last measurement in raw DN for LVPS Board signal “THERM_DECON1”
var_name = None
KeyError: (14, None) - Could not find entry for None, 39. Please check the Var_notes or variable mapping.
Matching row  18
coeffs for Last measurement in raw DN for LVPS Board signal “THERM_DAB”= [-443.248 1.31224 -0.00180422 1.40016e-06 -6.43766e-10 1.7448e-13
 -2.57695e-17 1.60239e-21]
var_name = Last measurement in raw DN for LVPS Board signal “THERM_DAB”
var_name = None
KeyError: (14, None) - Could not find entry for None, 40. Please check the Var_notes or variable mapping.
Matching row  18
coeffs for Last measurement in raw DN for LVPS Board signal “THERM_LVPS”= [200.4137 -0.2020699 0.000175403 -9.739547e-08 2.888932e-11 -3.545603e-15
 0.0 0.0]
var_name = Last measurement in raw DN for LVPS Board signal “THERM_LVPS”
var_name = None
KeyError: (14, None) - Could not find entry for None, 41. Please check the Var_notes or variable mapping.
Matching row  18
coeffs for Last measurement in raw DN for LVPS Board signal “THERM_HVPS”= [200.4137 -0.2020699 0.000175403 -9.739547e-08 2.888932e-11 -3.545603e-15
 0.0 0.0]
var_name = Last measurement in raw DN for LVPS Board signal “THERM_HVPS”
var_name = None
KeyError: (14, None) - Could not find entry for None, 45. Please check the Var_notes or variable mapping.
Matching row  18
coeffs for Last measurement in raw DN for LVPS Board signal “P2.5V”= [0.0 0.00161172 0.0 0.0 0.0 0.0 0.0 0.0]
var_name = Last measurement in raw DN for LVPS Board signal “P2.5V”
var_name = None
KeyError: (14, None) - Could not find entry for None, 49. Please check the Var_notes or variable mapping.
Matching row  18
coeffs for Last measurement in raw DN for LVPS Board signal “N2.5V”= [-33.0 0.00886447 0.0 0.0 0.0 0.0 0.0 0.0]
var_name = Last measurement in raw DN for LVPS Board signal “N2.5V”
var_name = None
KeyError: (14, None) - Could not find entry for None, 50. Please check the Var_notes or variable mapping.
Matching row  18
coeffs for Last measurement in raw DN for LVPS Board signal “Spare”= [0.0 0.00161172 0.0 0.0 0.0 0.0 0.0 0.0]
var_name = Last measurement in raw DN for LVPS Board signal “Spare”
var_name = spare_signal
KeyError: (14, 'spare_signal') - Could not find entry for spare_signal, 51. Please check the Var_notes or variable mapping.
High gain delay = 71 samples.
Mid gain delay = 39 samples.
Low gain delay = 39 samples.
High sampling trigger mode =  0 0 1
High gain trigger mode enabled.
For 2222981120, HG Trigger level = 0.15317, sample settings = 0, 0
Threshold trigger mode enabled for high gain channel.
AID = 2415277392
Event number = 95
Rice compression enabled = False
Timestamp = 439515555.67848 seconds since epoch (Midnight January 1st, 2010)
Trigger time = 2023-12-05T23:39:15.678480Z
14
14
14
14
14
14
14
14
14
14
14
14
14
{'SHCOARSE': ParsedDataItem(SHCOARSE, raw=439515861, derived=439515861, unit=dn), 'SHFINE': ParsedDataItem(SHFINE, raw=9227, derived=9227, unit=dn), 'IDX__SCI0AID': ParsedDataItem(IDX__SCI0AID, raw=2415277392, derived=2415277392, unit=None), 'IDX__SCI0TYPE': ParsedDataItem(IDX__SCI0TYPE, raw=1, derived=1, unit=None), 'IDX__SCI0CONT': ParsedDataItem(IDX__SCI0CONT, raw=127, derived=127, unit=None), 'IDX__SCI0SPARE1': ParsedDataItem(IDX__SCI0SPARE1, raw=0, derived=0, unit=None), 'IDX__SCI0PACK': ParsedDataItem(IDX__SCI0PACK, raw=1, derived=EN, unit=None), 'IDX__SCI0FRAG': ParsedDataItem(IDX__SCI0FRAG, raw=0, derived=DS, unit=None), 'IDX__SCI0COMP': ParsedDataItem(IDX__SCI0COMP, raw=0, derived=DS, unit=None), 'IDX__SCI0EVTNUM': ParsedDataItem(IDX__SCI0EVTNUM, raw=96, derived=96, unit=None), 'IDX__SCI0CAT': ParsedDataItem(IDX__SCI0CAT, raw=32, derived=32, unit=None), 'IDX__SCI0QUAL': ParsedDataItem(IDX__SCI0QUAL, raw=5, derived=5, unit=None), 'IDX__SCI0FRAGOFF': ParsedDataItem(IDX__SCI0FRAGOFF, raw=0, derived=0, unit=None), 'IDX__SCI0VER': ParsedDataItem(IDX__SCI0VER, raw=9, derived=9, unit=None), 'IDX__SCI0TIME32': ParsedDataItem(IDX__SCI0TIME32, raw=439515556, derived=439515556, unit=None), 'IDX__SCI0SPARE2': ParsedDataItem(IDX__SCI0SPARE2, raw=0, derived=0, unit=None), 'IDX__SCI0SPARE3': ParsedDataItem(IDX__SCI0SPARE3, raw=0, derived=0, unit=None), 'IDX__SCI0SPARE4': ParsedDataItem(IDX__SCI0SPARE4, raw=0, derived=0, unit=None), 'IDX__TXHDRSCIEVTLEN': ParsedDataItem(IDX__TXHDRSCIEVTLEN, raw=8320, derived=8320, unit=None), 'IDX__TXHDRSP00': ParsedDataItem(IDX__TXHDRSP00, raw=0, derived=0, unit=None), 'IDX__TXHDRTIMESEC1': ParsedDataItem(IDX__TXHDRTIMESEC1, raw=6706, derived=6706, unit=None), 'IDX__TXHDRTIMESEC2': ParsedDataItem(IDX__TXHDRTIMESEC2, raw=31140, derived=31140, unit=None), 'IDX__TXHDRTIMESUBS': ParsedDataItem(IDX__TXHDRTIMESUBS, raw=33921, derived=33921, unit=None), 'IDX__TXHDRSP01': ParsedDataItem(IDX__TXHDRSP01, raw=0, derived=0, unit=None), 'IDX__TXHDRTRIGOFFSET': ParsedDataItem(IDX__TXHDRTRIGOFFSET, raw=5, derived=5, unit=None), 'IDX__TXHDRSP02': ParsedDataItem(IDX__TXHDRSP02, raw=0, derived=0, unit=None), 'IDX__TXHDRTRIGID': ParsedDataItem(IDX__TXHDRTRIGID, raw=1, derived=1, unit=None), 'IDX__TXHDREVTNUM': ParsedDataItem(IDX__TXHDREVTNUM, raw=96, derived=96, unit=None), 'IDX__TXHDRBLOCKS': ParsedDataItem(IDX__TXHDRBLOCKS, raw=243679, derived=243679, unit=None), 'IDX__TXHDRHGTRIGCTRL1': ParsedDataItem(IDX__TXHDRHGTRIGCTRL1, raw=2222981120, derived=2222981120, unit=None), 'IDX__TXHDRHGTRIGCTRL2': ParsedDataItem(IDX__TXHDRHGTRIGCTRL2, raw=0, derived=0, unit=None), 'IDX__TXHDRLGTRIGCTRL1': ParsedDataItem(IDX__TXHDRLGTRIGCTRL1, raw=4294965248, derived=4294965248, unit=None), 'IDX__TXHDRLGTRIGCTRL2': ParsedDataItem(IDX__TXHDRLGTRIGCTRL2, raw=4278255360, derived=4278255360, unit=None), 'IDX__TXHDRMGTRIGCTRL1': ParsedDataItem(IDX__TXHDRMGTRIGCTRL1, raw=4294965248, derived=4294965248, unit=None), 'IDX__TXHDRMGTRIGCTRL2': ParsedDataItem(IDX__TXHDRMGTRIGCTRL2, raw=4278255360, derived=4278255360, unit=None), 'IDX__TXHDRSP03': ParsedDataItem(IDX__TXHDRSP03, raw=0, derived=0, unit=None), 'IDX__TXHDRLSADC': ParsedDataItem(IDX__TXHDRLSADC, raw=1048320, derived=1048320, unit=None), 'IDX__TXHDRPOLSTAT': ParsedDataItem(IDX__TXHDRPOLSTAT, raw=1, derived=NEG, unit=None), 'IDX__TXHDRSP04': ParsedDataItem(IDX__TXHDRSP04, raw=0, derived=0, unit=None), 'IDX__TXHDRPOLCTRL': ParsedDataItem(IDX__TXHDRPOLCTRL, raw=0, derived=POS, unit=None), 'IDX__TXHDRCOINENA': ParsedDataItem(IDX__TXHDRCOINENA, raw=0, derived=DIS, unit=None), 'IDX__TXHDRLSTRIGMODE': ParsedDataItem(IDX__TXHDRLSTRIGMODE, raw=0, derived=DIS, unit=None), 'IDX__TXHDRMGTRIGMODE': ParsedDataItem(IDX__TXHDRMGTRIGMODE, raw=0, derived=0, unit=None), 'IDX__TXHDRLGTRIGMODE': ParsedDataItem(IDX__TXHDRLGTRIGMODE, raw=0, derived=0, unit=None), 'IDX__TXHDRHGTRIGMODE': ParsedDataItem(IDX__TXHDRHGTRIGMODE, raw=1, derived=1, unit=None), 'IDX__TXHDRSP05': ParsedDataItem(IDX__TXHDRSP05, raw=0, derived=0, unit=None), 'IDX__TXHDRSP06': ParsedDataItem(IDX__TXHDRSP06, raw=0, derived=0, unit=None), 'IDX__TXHDRSP07': ParsedDataItem(IDX__TXHDRSP07, raw=2019, derived=2019, unit=None), 'IDX__TXHDRSP08': ParsedDataItem(IDX__TXHDRSP08, raw=0, derived=0, unit=None), 'IDX__TXHDRTOFMAX': ParsedDataItem(IDX__TXHDRTOFMAX, raw=549985152, derived=549985152, unit=None), 'IDX__TXHDRTOFMIN': ParsedDataItem(IDX__TXHDRTOFMIN, raw=535295476, derived=535295476, unit=None), 'IDX__TXHDRLS0MAXMIN': ParsedDataItem(IDX__TXHDRLS0MAXMIN, raw=8468493, derived=8468493, unit=None), 'IDX__TXHDRLS1MAXMIN': ParsedDataItem(IDX__TXHDRLS1MAXMIN, raw=8447973, derived=8447973, unit=None), 'IDX__TXHDRLS2MAXMIN': ParsedDataItem(IDX__TXHDRLS2MAXMIN, raw=8538083, derived=8538083, unit=None), 'IDX__TXHDRFIFODELAY': ParsedDataItem(IDX__TXHDRFIFODELAY, raw=17, derived=17, unit=None), 'IDX__TXHDRSAMPDELAY': ParsedDataItem(IDX__TXHDRSAMPDELAY, raw=40934472, derived=40934472, unit=None), 'IDX__TXHDRTRANSCNT': ParsedDataItem(IDX__TXHDRTRANSCNT, raw=2, derived=2, unit=None), 'IDX__TXHDRPROCHKCH01': ParsedDataItem(IDX__TXHDRPROCHKCH01, raw=83755856, derived=83755856, unit=None), 'IDX__TXHDRPROCHKCH23': ParsedDataItem(IDX__TXHDRPROCHKCH23, raw=102302894, derived=102302894, unit=None), 'IDX__TXHDRPROCHKCH45': ParsedDataItem(IDX__TXHDRPROCHKCH45, raw=168035546, derived=168035546, unit=None), 'IDX__TXHDRPROCHKCH67': ParsedDataItem(IDX__TXHDRPROCHKCH67, raw=133695768, derived=133695768, unit=None), 'IDX__TXHDRHVPSHKCH01': ParsedDataItem(IDX__TXHDRHVPSHKCH01, raw=131860073, derived=131860073, unit=None), 'IDX__TXHDRHVPSHKCH23': ParsedDataItem(IDX__TXHDRHVPSHKCH23, raw=8849070, derived=8849070, unit=None), 'IDX__TXHDRHVPSHKCH45': ParsedDataItem(IDX__TXHDRHVPSHKCH45, raw=153290714, derived=153290714, unit=None), 'IDX__TXHDRHVPSHKCH67': ParsedDataItem(IDX__TXHDRHVPSHKCH67, raw=19991184, derived=19991184, unit=None), 'IDX__TXHDRLVHK0CH01': ParsedDataItem(IDX__TXHDRLVHK0CH01, raw=134219776, derived=134219776, unit=None), 'IDX__TXHDRLVHK0CH23': ParsedDataItem(IDX__TXHDRLVHK0CH23, raw=172035001, derived=172035001, unit=None), 'IDX__TXHDRLVHK0CH45': ParsedDataItem(IDX__TXHDRLVHK0CH45, raw=134745194, derived=134745194, unit=None), 'IDX__TXHDRLVHK0CH67': ParsedDataItem(IDX__TXHDRLVHK0CH67, raw=205917267, derived=205917267, unit=None), 'IDX__TXHDRLVHK1CH01': ParsedDataItem(IDX__TXHDRLVHK1CH01, raw=34801303, derived=34801303, unit=None), 'IDX__TXHDRLVHK1CH23': ParsedDataItem(IDX__TXHDRLVHK1CH23, raw=74712528, derived=74712528, unit=None), 'IDX__TXHDRLVHK1CH45': ParsedDataItem(IDX__TXHDRLVHK1CH45, raw=215484233, derived=215484233, unit=None), 'IDX__TXHDRLVHK1CH67': ParsedDataItem(IDX__TXHDRLVHK1CH67, raw=193003972, derived=193003972, unit=None), 'IDX__TXHDRLVHK2CH01': ParsedDataItem(IDX__TXHDRLVHK2CH01, raw=82314476, derived=82314476, unit=None), 'IDX__TXHDRLVHK2CH23': ParsedDataItem(IDX__TXHDRLVHK2CH23, raw=188680970, derived=188680970, unit=None), 'IDX__TXHDRLVHK2CH45': ParsedDataItem(IDX__TXHDRLVHK2CH45, raw=101059605, derived=101059605, unit=None), 'IDX__TXHDRLVHK2CH67': ParsedDataItem(IDX__TXHDRLVHK2CH67, raw=69016, derived=69016, unit=None), 'IDX__TXHDRSP09': ParsedDataItem(IDX__TXHDRSP09, raw=0, derived=0, unit=None), 'IDX__TXHDRSP10': ParsedDataItem(IDX__TXHDRSP10, raw=0, derived=0, unit=None), 'IDX__TXHDRFSWAIDCOPY': ParsedDataItem(IDX__TXHDRFSWAIDCOPY, raw=2415277392, derived=2415277392, unit=None), 'IDX__TXHDRFSWBINCOPY': ParsedDataItem(IDX__TXHDRFSWBINCOPY, raw=0, derived=0, unit=None), 'IDX__TXHDRFSWMAJOR': ParsedDataItem(IDX__TXHDRFSWMAJOR, raw=2, derived=2, unit=None), 'IDX__TXHDRFSWMINOR': ParsedDataItem(IDX__TXHDRFSWMINOR, raw=0, derived=0, unit=None), 'IDX__TXHDRFSWPATCH': ParsedDataItem(IDX__TXHDRFSWPATCH, raw=0, derived=0, unit=None), 'IDX__TXHDRFSWHVSTAT': ParsedDataItem(IDX__TXHDRFSWHVSTAT, raw=3, derived=3, unit=None), 'IDX__TXHDRFSWMEM0': ParsedDataItem(IDX__TXHDRFSWMEM0, raw=0, derived=0, unit=None), 'IDX__TXHDRFSWMEM1': ParsedDataItem(IDX__TXHDRFSWMEM1, raw=0, derived=0, unit=None), 'IDX__TXHDRFSWPT0': ParsedDataItem(IDX__TXHDRFSWPT0, raw=0, derived=0, unit=None), 'IDX__TXHDRFSWPT1': ParsedDataItem(IDX__TXHDRFSWPT1, raw=0, derived=0, unit=None), 'IDX__TXHDRFSWPT2': ParsedDataItem(IDX__TXHDRFSWPT2, raw=0, derived=0, unit=None), 'IDX__TXHDRFSWPT3': ParsedDataItem(IDX__TXHDRFSWPT3, raw=0, derived=0, unit=None), 'IDX__TXHDRFSWPT4': ParsedDataItem(IDX__TXHDRFSWPT4, raw=0, derived=0, unit=None), 'IDX__TXHDRFSWPT5': ParsedDataItem(IDX__TXHDRFSWPT5, raw=0, derived=0, unit=None), 'IDX__TXHDRFSWPT6': ParsedDataItem(IDX__TXHDRFSWPT6, raw=0, derived=0, unit=None), 'IDX__TXHDRFSWPT7': ParsedDataItem(IDX__TXHDRFSWPT7, raw=0, derived=0, unit=None), 'IDX__TXHDRFSWPT8': ParsedDataItem(IDX__TXHDRFSWPT8, raw=0, derived=0, unit=None), 'IDX__TXHDRFSWPT9': ParsedDataItem(IDX__TXHDRFSWPT9, raw=0, derived=0, unit=None), 'IDX__TXHDRFPGAVER': ParsedDataItem(IDX__TXHDRFPGAVER, raw=539165480, derived=539165480, unit=None), 'IDX__SYNCSCI0PKT': ParsedDataItem(IDX__SYNCSCI0PKT, raw=13107, derived=13107, unit=None), 'IDX__CRCSCI0PKT': ParsedDataItem(IDX__CRCSCI0PKT, raw=49721, derived=49721, unit=None)}
SHCOARSE = 439515861
SHFINE = 9227
IDX__SCI0AID = 2415277392
IDX__SCI0TYPE = 1
IDX__SCI0CONT = 127
IDX__SCI0SPARE1 = 0
IDX__SCI0PACK = EN
IDX__SCI0FRAG = DS
IDX__SCI0COMP = DS
IDX__SCI0EVTNUM = 96
IDX__SCI0CAT = 32
IDX__SCI0QUAL = 5
IDX__SCI0FRAGOFF = 0
IDX__SCI0VER = 9
IDX__SCI0TIME32 = 439515556
IDX__SCI0SPARE2 = 0
IDX__SCI0SPARE3 = 0
IDX__SCI0SPARE4 = 0
IDX__TXHDRSCIEVTLEN = 8320
IDX__TXHDRSP00 = 0
IDX__TXHDRTIMESEC1 = 6706
IDX__TXHDRTIMESEC2 = 31140
IDX__TXHDRTIMESUBS = 33921
IDX__TXHDRSP01 = 0
IDX__TXHDRTRIGOFFSET = 5
IDX__TXHDRSP02 = 0
IDX__TXHDRTRIGID = 1
IDX__TXHDREVTNUM = 96
IDX__TXHDRBLOCKS = 243679
IDX__TXHDRHGTRIGCTRL1 = 2222981120
IDX__TXHDRHGTRIGCTRL2 = 0
IDX__TXHDRLGTRIGCTRL1 = 4294965248
IDX__TXHDRLGTRIGCTRL2 = 4278255360
IDX__TXHDRMGTRIGCTRL1 = 4294965248
IDX__TXHDRMGTRIGCTRL2 = 4278255360
IDX__TXHDRSP03 = 0
IDX__TXHDRLSADC = 1048320
IDX__TXHDRPOLSTAT = NEG
IDX__TXHDRSP04 = 0
IDX__TXHDRPOLCTRL = POS
IDX__TXHDRCOINENA = DIS
IDX__TXHDRLSTRIGMODE = DIS
IDX__TXHDRMGTRIGMODE = 0
IDX__TXHDRLGTRIGMODE = 0
IDX__TXHDRHGTRIGMODE = 1
IDX__TXHDRSP05 = 0
IDX__TXHDRSP06 = 0
IDX__TXHDRSP07 = 2019
IDX__TXHDRSP08 = 0
IDX__TXHDRTOFMAX = 549985152
IDX__TXHDRTOFMIN = 535295476
IDX__TXHDRLS0MAXMIN = 8468493
IDX__TXHDRLS1MAXMIN = 8447973
IDX__TXHDRLS2MAXMIN = 8538083
IDX__TXHDRFIFODELAY = 17
IDX__TXHDRSAMPDELAY = 40934472
IDX__TXHDRTRANSCNT = 2
IDX__TXHDRPROCHKCH01 = 83755856
IDX__TXHDRPROCHKCH23 = 102302894
IDX__TXHDRPROCHKCH45 = 168035546
IDX__TXHDRPROCHKCH67 = 133695768
IDX__TXHDRHVPSHKCH01 = 131860073
IDX__TXHDRHVPSHKCH23 = 8849070
IDX__TXHDRHVPSHKCH45 = 153290714
IDX__TXHDRHVPSHKCH67 = 19991184
IDX__TXHDRLVHK0CH01 = 134219776
IDX__TXHDRLVHK0CH23 = 172035001
IDX__TXHDRLVHK0CH45 = 134745194
IDX__TXHDRLVHK0CH67 = 205917267
IDX__TXHDRLVHK1CH01 = 34801303
IDX__TXHDRLVHK1CH23 = 74712528
IDX__TXHDRLVHK1CH45 = 215484233
IDX__TXHDRLVHK1CH67 = 193003972
IDX__TXHDRLVHK2CH01 = 82314476
IDX__TXHDRLVHK2CH23 = 188680970
IDX__TXHDRLVHK2CH45 = 101059605
IDX__TXHDRLVHK2CH67 = 69016
IDX__TXHDRSP09 = 0
IDX__TXHDRSP10 = 0
IDX__TXHDRFSWAIDCOPY = 2415277392
IDX__TXHDRFSWBINCOPY = 0
IDX__TXHDRFSWMAJOR = 2
IDX__TXHDRFSWMINOR = 0
IDX__TXHDRFSWPATCH = 0
IDX__TXHDRFSWHVSTAT = 3
IDX__TXHDRFSWMEM0 = 0
IDX__TXHDRFSWMEM1 = 0
IDX__TXHDRFSWPT0 = 0
IDX__TXHDRFSWPT1 = 0
IDX__TXHDRFSWPT2 = 0
IDX__TXHDRFSWPT3 = 0
IDX__TXHDRFSWPT4 = 0
IDX__TXHDRFSWPT5 = 0
IDX__TXHDRFSWPT6 = 0
IDX__TXHDRFSWPT7 = 0
IDX__TXHDRFSWPT8 = 0
IDX__TXHDRFSWPT9 = 0
IDX__TXHDRFPGAVER = 539165480
IDX__SYNCSCI0PKT = 13107
IDX__CRCSCI0PKT = 49721
^*****Event header 15******^
EVTNUM: 15
SCI0TYPE: 1
TXHDRBLOCKS RAW: 243679
TXHDRBLOCKS DERIVED: 243679
-----
HS pre trig sampling blocks:  31
LS pre trig sampling blocks:  3
HS post trig sampling blocks:  31
LS post trig sampling blocks:  11
IDX__TXHDRHVPSHKCH01 = 131860073
Detector voltage =  1641
Sensor voltage =  2012
Target voltage =  1710
Reflectron voltage =  135
Rejection voltage =  2010
Current for HVPS sensor =  2339
Positive current for HVPS sensor =  2704
Negative current for HVPS sensor =  305
Voltage +3.3V reference =  2048
Voltage +3.3V operational reference =  2048
Voltage -6V bus =  3001
Voltage +6V bus =  2625
Voltage +16V bus =  3178
Voltage +3.3V bus =  2056
Voltage -5V bus =  3155
Voltage +5V bus =  3142
Current +3.3V bus =  1687
Current +16V bus =  1140
Current +6V bus =  1488
Current -6V bus =  1140
Current +5V bus =  1865
Current -5V bus =  3288
Current +2.5V bus =  452
Current -2.5V bus =  2945
Current on the 1V POL =  848
Current on the 1.9V POL =  1278
ProcBd Temperature 1 =  1198
ProcBd Temperature 2 =  1561
Voltage on 1V bus =  1242
FPGA Temperature =  2564
Voltage on 1.9V bus =  2328
Voltage on 3.3V bus =  2040
var_to_row = {'Last measurement in raw DN for Processor Board signal “1V POL Current”': 0, 'Last measurement in raw DN for Processor Board signal “1.9V POL Current”': 1, 'Last measurement in raw DN for Processor Board signal “ProcBd Temp1”': 2, nan: 48, 'Last measurement in raw DN for Processor Board signal “ProcBd Temp2”': 6, 'Last measurement in raw DN for Processor Board signal “1V Voltage”': 10, 'Last measurement in raw DN for Processor Board signal “FPGA Temp”': 11, 'Last measurement in raw DN for Processor Board signal “1.9V Voltage”': 12, 'Last measurement in raw DN for Processor Board signal “3.3V Voltage”': 13, 'Last measurement in raw DN for HVPS Board signal “Detector Voltage”': 14, 'Last measurement in raw DN for HVPS Board signal “Sensor Voltage"': 15, 'Last measurement in raw DN for HVPS Board signal “Target Voltage”': 16, 'Last measurement in raw DN for HVPS Board signal “Reflectron Voltage”': 17, 'Last measurement in raw DN for HVPS Board signal “Rejection Voltage”': 18, 'Last measurement in raw DN for HVPS Board signal “Detector Current”': 19, 'Last measurement in raw DN for HVPS Board signal “Sensor IP”': 20, 'Last measurement in raw DN for HVPS Board signal “Sensor IN”': 21, 'Last measurement in raw DN for LVPS Board signal “P3.3VREF_HK”': 22, 'Last measurement in raw DN for LVPS Board signal “P3.3VREF_OP”': 23, 'Last measurement in raw DN for LVPS Board signal “N6V”': 24, 'Last measurement in raw DN for LVPS Board signal “P6V”': 25, 'Last measurement in raw DN for LVPS Board signal “P16V”': 26, 'Last measurement in raw DN for LVPS Board signal “P3.3V”': 27, 'Last measurement in raw DN for LVPS Board signal “N5V”': 28, 'Last measurement in raw DN for LVPS Board signal “P5V”': 29, 'Last measurement in raw DN for LVPS Board signal “P3.3_IMON”': 30, 'Last measurement in raw DN for LVPS Board signal “P16V_IMON”': 31, 'Last measurement in raw DN for LVPS Board signal “P6V_IMON”': 32, 'Last measurement in raw DN for LVPS Board signal “N6V_IMON”': 33, 'Last measurement in raw DN for LVPS Board signal “P5V_IMON”': 34, 'Last measurement in raw DN for LVPS Board signal “N5V_IMON”': 35, 'Last measurement in raw DN for LVPS Board signal “P2.5V_IMON”': 36, 'Last measurement in raw DN for LVPS Board signal “N2.5V_IMON”': 37, 'Last measurement in raw DN for LVPS Board signal “THERM_DECON0”': 38, 'Last measurement in raw DN for LVPS Board signal “THERM_DECON1”': 39, 'Last measurement in raw DN for LVPS Board signal “THERM_DAB”': 40, 'Last measurement in raw DN for LVPS Board signal “THERM_LVPS”': 41, 'Last measurement in raw DN for LVPS Board signal “THERM_HVPS”': 45, 'Last measurement in raw DN for LVPS Board signal “P2.5V”': 49, 'Last measurement in raw DN for LVPS Board signal “N2.5V”': 50, 'Last measurement in raw DN for LVPS Board signal “Spare”': 51}

 
 ***** var_name being converted for each instrument setting ***** 
 

Matching row  18
coeffs for Last measurement in raw DN for Processor Board signal “1V POL Current”= [0.0 0.9029253 0.0 0.0 0.0 0.0 0.0 0.0]
var_name = Last measurement in raw DN for Processor Board signal “1V POL Current”
var_name = current_1V_pol
Header info = 848
Transformed value for current_1V_pol = 765.6806544
Matching row  18
coeffs for Last measurement in raw DN for Processor Board signal “1.9V POL Current”= [0.0 0.9029253 0.0 0.0 0.0 0.0 0.0 0.0]
var_name = Last measurement in raw DN for Processor Board signal “1.9V POL Current”
var_name = current_1.9V_pol
Header info = 1278
Transformed value for current_1.9V_pol = 1153.9385334
Matching row  18
coeffs for Last measurement in raw DN for Processor Board signal “ProcBd Temp1”= [162.8276 -0.2668687 0.0003323794 -2.43153e-07 9.034532e-11 -1.327735e-14
 0.0 0.0]
var_name = Last measurement in raw DN for Processor Board signal “ProcBd Temp1”
var_name = temperature_1
Header info = 1198
Transformed value for temperature_1 = 55.41044834983295
Matching row  18
coeffs for nan= [-104713.9 52.02446 -0.006463374 0.0 0.0 0.0 0.0 0.0]
var_name = nan
var_name = None
KeyError: (15, None) - Could not find entry for None, 48. Please check the Var_notes or variable mapping.
Matching row  18
coeffs for Last measurement in raw DN for Processor Board signal “ProcBd Temp2”= [162.8276 -0.2668687 0.0003323794 -2.43153e-07 9.034532e-11 -1.327735e-14
 0.0 0.0]
var_name = Last measurement in raw DN for Processor Board signal “ProcBd Temp2”
var_name = temperature_2
Header info = 1561
Transformed value for temperature_2 = 44.64778748986298
Matching row  18
coeffs for Last measurement in raw DN for Processor Board signal “1V Voltage”= [0.0 0.000805861 0.0 0.0 0.0 0.0 0.0 0.0]
var_name = Last measurement in raw DN for Processor Board signal “1V Voltage”
var_name = voltage_1V_bus
Header info = 1242
Transformed value for voltage_1V_bus = 1.0008793619999998
Matching row  18
coeffs for Last measurement in raw DN for Processor Board signal “FPGA Temp”= [358.31 -0.1187104 0.0 0.0 0.0 0.0 0.0 0.0]
var_name = Last measurement in raw DN for Processor Board signal “FPGA Temp”
var_name = fpga_temperature
Header info = 2564
Transformed value for fpga_temperature = 53.93653440000003
Matching row  18
coeffs for Last measurement in raw DN for Processor Board signal “1.9V Voltage”= [0.0 0.000805861 0.0 0.0 0.0 0.0 0.0 0.0]
var_name = Last measurement in raw DN for Processor Board signal “1.9V Voltage”
var_name = voltage_1.9V_bus
Header info = 2328
Transformed value for voltage_1.9V_bus = 1.8760444079999998
Matching row  18
coeffs for Last measurement in raw DN for Processor Board signal “3.3V Voltage”= [0.0 0.001611722 0.0 0.0 0.0 0.0 0.0 0.0]
var_name = Last measurement in raw DN for Processor Board signal “3.3V Voltage”
var_name = voltage_3.3V_bus
Header info = 2040
Transformed value for voltage_3.3V_bus = 3.28791288
Matching row  18
coeffs for Last measurement in raw DN for HVPS Board signal “Detector Voltage”= [0.0 1.4652 0.0 0.0 0.0 0.0 0.0 0.0]
var_name = Last measurement in raw DN for HVPS Board signal “Detector Voltage”
var_name = detector_voltage
Header info = 1641
Transformed value for detector_voltage = 2404.3932
Matching row  18
coeffs for Last measurement in raw DN for HVPS Board signal “Sensor Voltage"= [0.0 1.4652 0.0 0.0 0.0 0.0 0.0 0.0]
var_name = Last measurement in raw DN for HVPS Board signal “Sensor Voltage"
var_name = sensor_voltage
Header info = 2012
Transformed value for sensor_voltage = 2947.9824000000003
Matching row  18
coeffs for Last measurement in raw DN for HVPS Board signal “Target Voltage”= [0.0 1.4652 0.0 0.0 0.0 0.0 0.0 0.0]
var_name = Last measurement in raw DN for HVPS Board signal “Target Voltage”
var_name = target_voltage
Header info = 1710
Transformed value for target_voltage = 2505.492
Matching row  18
coeffs for Last measurement in raw DN for HVPS Board signal “Reflectron Voltage”= [0.0 1.4652 0.0 0.0 0.0 0.0 0.0 0.0]
var_name = Last measurement in raw DN for HVPS Board signal “Reflectron Voltage”
var_name = reflectron_voltage
Header info = 135
Transformed value for reflectron_voltage = 197.80200000000002
Matching row  18
coeffs for Last measurement in raw DN for HVPS Board signal “Rejection Voltage”= [0.0 1.4652 0.0 0.0 0.0 0.0 0.0 0.0]
var_name = Last measurement in raw DN for HVPS Board signal “Rejection Voltage”
var_name = rejection_voltage
Header info = 2010
Transformed value for rejection_voltage = 2945.052
Matching row  18
coeffs for Last measurement in raw DN for HVPS Board signal “Detector Current”= [0.0 7.326e-06 0.0 0.0 0.0 0.0 0.0 0.0]
var_name = Last measurement in raw DN for HVPS Board signal “Detector Current”
var_name = current_hvps_sensor
Header info = 2339
Transformed value for current_hvps_sensor = 0.017135514
Matching row  18
coeffs for Last measurement in raw DN for HVPS Board signal “Sensor IP”= [0.0 2.4339e-05 0.0 0.0 0.0 0.0 0.0 0.0]
var_name = Last measurement in raw DN for HVPS Board signal “Sensor IP”
var_name = positive_current_hvps
Header info = 2704
Transformed value for positive_current_hvps = 0.065812656
Matching row  18
coeffs for Last measurement in raw DN for HVPS Board signal “Sensor IN”= [0.0 2.4339e-05 0.0 0.0 0.0 0.0 0.0 0.0]
var_name = Last measurement in raw DN for HVPS Board signal “Sensor IN”
var_name = negative_current_hvps
Header info = 305
Transformed value for negative_current_hvps = 0.007423394999999999
Matching row  18
coeffs for Last measurement in raw DN for LVPS Board signal “P3.3VREF_HK”= [0.0 0.00161172 0.0 0.0 0.0 0.0 0.0 0.0]
var_name = Last measurement in raw DN for LVPS Board signal “P3.3VREF_HK”
var_name = voltage_3V3_ref
Header info = 2048
Transformed value for voltage_3V3_ref = 3.30080256
Matching row  18
coeffs for Last measurement in raw DN for LVPS Board signal “P3.3VREF_OP”= [0.0 0.00161172 0.0 0.0 0.0 0.0 0.0 0.0]
var_name = Last measurement in raw DN for LVPS Board signal “P3.3VREF_OP”
var_name = voltage_3V3_op_ref
Header info = 2048
Transformed value for voltage_3V3_op_ref = 3.30080256
Matching row  18
coeffs for Last measurement in raw DN for LVPS Board signal “N6V”= [-33.0 0.00886447 0.0 0.0 0.0 0.0 0.0 0.0]
var_name = Last measurement in raw DN for LVPS Board signal “N6V”
var_name = voltage_neg6V_bus
Header info = 3001
Transformed value for voltage_neg6V_bus = -6.397725530000002
Matching row  18
coeffs for Last measurement in raw DN for LVPS Board signal “P6V”= [0.0 0.00241758 0.0 0.0 0.0 0.0 0.0 0.0]
var_name = Last measurement in raw DN for LVPS Board signal “P6V”
var_name = voltage_pos6V_bus
Header info = 2625
Transformed value for voltage_pos6V_bus = 6.3461475
Matching row  18
coeffs for Last measurement in raw DN for LVPS Board signal “P16V”= [0.0 0.00482711 0.0 0.0 0.0 0.0 0.0 0.0]
var_name = Last measurement in raw DN for LVPS Board signal “P16V”
var_name = voltage_pos16V_bus
Header info = 3178
Transformed value for voltage_pos16V_bus = 15.34055558
Matching row  18
coeffs for Last measurement in raw DN for LVPS Board signal “P3.3V”= [0.0 0.00161172 0.0 0.0 0.0 0.0 0.0 0.0]
var_name = Last measurement in raw DN for LVPS Board signal “P3.3V”
var_name = voltage_pos3V3_bus
Header info = 2056
Transformed value for voltage_pos3V3_bus = 3.31369632
Matching row  18
coeffs for Last measurement in raw DN for LVPS Board signal “N5V”= [-33.0 0.00886447 0.0 0.0 0.0 0.0 0.0 0.0]
var_name = Last measurement in raw DN for LVPS Board signal “N5V”
var_name = voltage_neg5V_bus
Header info = 3155
Transformed value for voltage_neg5V_bus = -5.032597150000001
Matching row  18
coeffs for Last measurement in raw DN for LVPS Board signal “P5V”= [0.0 0.00161172 0.0 0.0 0.0 0.0 0.0 0.0]
var_name = Last measurement in raw DN for LVPS Board signal “P5V”
var_name = voltage_pos5V_bus
Header info = 3142
Transformed value for voltage_pos5V_bus = 5.06402424
Matching row  18
coeffs for Last measurement in raw DN for LVPS Board signal “P3.3_IMON”= [0.0 0.00161172 0.0 0.0 0.0 0.0 0.0 0.0]
var_name = Last measurement in raw DN for LVPS Board signal “P3.3_IMON”
var_name = current_3V3_bus
Header info = 1687
Transformed value for current_3V3_bus = 2.7189716400000004
Matching row  18
coeffs for Last measurement in raw DN for LVPS Board signal “P16V_IMON”= [0.0 0.000161172 0.0 0.0 0.0 0.0 0.0 0.0]
var_name = Last measurement in raw DN for LVPS Board signal “P16V_IMON”
var_name = current_16V_bus
Header info = 1140
Transformed value for current_16V_bus = 0.18373608
Matching row  18
coeffs for Last measurement in raw DN for LVPS Board signal “P6V_IMON”= [0.0 8.05861e-05 0.0 0.0 0.0 0.0 0.0 0.0]
var_name = Last measurement in raw DN for LVPS Board signal “P6V_IMON”
var_name = current_6V_bus
Header info = 1488
Transformed value for current_6V_bus = 0.1199121168
Matching row  18
coeffs for Last measurement in raw DN for LVPS Board signal “N6V_IMON”= [0.0 -8.05861e-05 0.0 0.0 0.0 0.0 0.0 0.0]
var_name = Last measurement in raw DN for LVPS Board signal “N6V_IMON”
var_name = current_neg6V_bus
Header info = 1140
Transformed value for current_neg6V_bus = -0.091868154
Matching row  18
coeffs for Last measurement in raw DN for LVPS Board signal “P5V_IMON”= [0.0 4.029304e-05 0.0 0.0 0.0 0.0 0.0 0.0]
var_name = Last measurement in raw DN for LVPS Board signal “P5V_IMON”
var_name = current_5V_bus
Header info = 1865
Transformed value for current_5V_bus = 0.0751465196
Matching row  18
coeffs for Last measurement in raw DN for LVPS Board signal “N5V_IMON”= [0.0 -2.01465e-05 0.0 0.0 0.0 0.0 0.0 0.0]
var_name = Last measurement in raw DN for LVPS Board signal “N5V_IMON”
var_name = current_neg5V_bus
Header info = 3288
Transformed value for current_neg5V_bus = -0.066241692
Matching row  18
coeffs for Last measurement in raw DN for LVPS Board signal “P2.5V_IMON”= [0.0 0.00161172 0.0 0.0 0.0 0.0 0.0 0.0]
var_name = Last measurement in raw DN for LVPS Board signal “P2.5V_IMON”
var_name = current_2V5_bus
Header info = 452
Transformed value for current_2V5_bus = 0.72849744
Matching row  18
coeffs for Last measurement in raw DN for LVPS Board signal “N2.5V_IMON”= [0.0 -4.0293e-05 0.0 0.0 0.0 0.0 0.0 0.0]
var_name = Last measurement in raw DN for LVPS Board signal “N2.5V_IMON”
var_name = current_neg2V5_bus
Header info = 2945
Transformed value for current_neg2V5_bus = -0.11866288500000001
Matching row  18
coeffs for Last measurement in raw DN for LVPS Board signal “THERM_DECON0”= [-110.293 0.0665351 0.000305738 -6.32048e-07 5.9934e-10 -2.98784e-13
 7.61361e-17 -7.76467e-21]
var_name = Last measurement in raw DN for LVPS Board signal “THERM_DECON0”
var_name = None
KeyError: (15, None) - Could not find entry for None, 38. Please check the Var_notes or variable mapping.
Matching row  18
coeffs for Last measurement in raw DN for LVPS Board signal “THERM_DECON1”= [-150.478 0.376986 -0.00062072 7.73853e-07 -5.81588e-10 2.56368e-13
 -6.05698e-17 5.96635e-21]
var_name = Last measurement in raw DN for LVPS Board signal “THERM_DECON1”
var_name = None
KeyError: (15, None) - Could not find entry for None, 39. Please check the Var_notes or variable mapping.
Matching row  18
coeffs for Last measurement in raw DN for LVPS Board signal “THERM_DAB”= [-443.248 1.31224 -0.00180422 1.40016e-06 -6.43766e-10 1.7448e-13
 -2.57695e-17 1.60239e-21]
var_name = Last measurement in raw DN for LVPS Board signal “THERM_DAB”
var_name = None
KeyError: (15, None) - Could not find entry for None, 40. Please check the Var_notes or variable mapping.
Matching row  18
coeffs for Last measurement in raw DN for LVPS Board signal “THERM_LVPS”= [200.4137 -0.2020699 0.000175403 -9.739547e-08 2.888932e-11 -3.545603e-15
 0.0 0.0]
var_name = Last measurement in raw DN for LVPS Board signal “THERM_LVPS”
var_name = None
KeyError: (15, None) - Could not find entry for None, 41. Please check the Var_notes or variable mapping.
Matching row  18
coeffs for Last measurement in raw DN for LVPS Board signal “THERM_HVPS”= [200.4137 -0.2020699 0.000175403 -9.739547e-08 2.888932e-11 -3.545603e-15
 0.0 0.0]
var_name = Last measurement in raw DN for LVPS Board signal “THERM_HVPS”
var_name = None
KeyError: (15, None) - Could not find entry for None, 45. Please check the Var_notes or variable mapping.
Matching row  18
coeffs for Last measurement in raw DN for LVPS Board signal “P2.5V”= [0.0 0.00161172 0.0 0.0 0.0 0.0 0.0 0.0]
var_name = Last measurement in raw DN for LVPS Board signal “P2.5V”
var_name = None
KeyError: (15, None) - Could not find entry for None, 49. Please check the Var_notes or variable mapping.
Matching row  18
coeffs for Last measurement in raw DN for LVPS Board signal “N2.5V”= [-33.0 0.00886447 0.0 0.0 0.0 0.0 0.0 0.0]
var_name = Last measurement in raw DN for LVPS Board signal “N2.5V”
var_name = None
KeyError: (15, None) - Could not find entry for None, 50. Please check the Var_notes or variable mapping.
Matching row  18
coeffs for Last measurement in raw DN for LVPS Board signal “Spare”= [0.0 0.00161172 0.0 0.0 0.0 0.0 0.0 0.0]
var_name = Last measurement in raw DN for LVPS Board signal “Spare”
var_name = spare_signal
KeyError: (15, 'spare_signal') - Could not find entry for spare_signal, 51. Please check the Var_notes or variable mapping.
High gain delay = 72 samples.
Mid gain delay = 39 samples.
Low gain delay = 39 samples.
High sampling trigger mode =  0 0 1
High gain trigger mode enabled.
For 2222981120, HG Trigger level = 0.15317, sample settings = 0, 0
Threshold trigger mode enabled for high gain channel.
AID = 2415277392
Event number = 96
Rice compression enabled = False
Timestamp = 439515556.67842 seconds since epoch (Midnight January 1st, 2010)
Trigger time = 2023-12-05T23:39:16.678420Z
15
15
15
15
15
15
15
15
15
15
15
15
15
{'SHCOARSE': ParsedDataItem(SHCOARSE, raw=439515875, derived=439515875, unit=dn), 'SHFINE': ParsedDataItem(SHFINE, raw=9237, derived=9237, unit=dn), 'IDX__SCI0AID': ParsedDataItem(IDX__SCI0AID, raw=2415277392, derived=2415277392, unit=None), 'IDX__SCI0TYPE': ParsedDataItem(IDX__SCI0TYPE, raw=1, derived=1, unit=None), 'IDX__SCI0CONT': ParsedDataItem(IDX__SCI0CONT, raw=127, derived=127, unit=None), 'IDX__SCI0SPARE1': ParsedDataItem(IDX__SCI0SPARE1, raw=0, derived=0, unit=None), 'IDX__SCI0PACK': ParsedDataItem(IDX__SCI0PACK, raw=1, derived=EN, unit=None), 'IDX__SCI0FRAG': ParsedDataItem(IDX__SCI0FRAG, raw=0, derived=DS, unit=None), 'IDX__SCI0COMP': ParsedDataItem(IDX__SCI0COMP, raw=0, derived=DS, unit=None), 'IDX__SCI0EVTNUM': ParsedDataItem(IDX__SCI0EVTNUM, raw=97, derived=97, unit=None), 'IDX__SCI0CAT': ParsedDataItem(IDX__SCI0CAT, raw=32, derived=32, unit=None), 'IDX__SCI0QUAL': ParsedDataItem(IDX__SCI0QUAL, raw=5, derived=5, unit=None), 'IDX__SCI0FRAGOFF': ParsedDataItem(IDX__SCI0FRAGOFF, raw=0, derived=0, unit=None), 'IDX__SCI0VER': ParsedDataItem(IDX__SCI0VER, raw=9, derived=9, unit=None), 'IDX__SCI0TIME32': ParsedDataItem(IDX__SCI0TIME32, raw=439515557, derived=439515557, unit=None), 'IDX__SCI0SPARE2': ParsedDataItem(IDX__SCI0SPARE2, raw=0, derived=0, unit=None), 'IDX__SCI0SPARE3': ParsedDataItem(IDX__SCI0SPARE3, raw=0, derived=0, unit=None), 'IDX__SCI0SPARE4': ParsedDataItem(IDX__SCI0SPARE4, raw=0, derived=0, unit=None), 'IDX__TXHDRSCIEVTLEN': ParsedDataItem(IDX__TXHDRSCIEVTLEN, raw=8320, derived=8320, unit=None), 'IDX__TXHDRSP00': ParsedDataItem(IDX__TXHDRSP00, raw=0, derived=0, unit=None), 'IDX__TXHDRTIMESEC1': ParsedDataItem(IDX__TXHDRTIMESEC1, raw=6706, derived=6706, unit=None), 'IDX__TXHDRTIMESEC2': ParsedDataItem(IDX__TXHDRTIMESEC2, raw=31141, derived=31141, unit=None), 'IDX__TXHDRTIMESUBS': ParsedDataItem(IDX__TXHDRTIMESUBS, raw=33918, derived=33918, unit=None), 'IDX__TXHDRSP01': ParsedDataItem(IDX__TXHDRSP01, raw=0, derived=0, unit=None), 'IDX__TXHDRTRIGOFFSET': ParsedDataItem(IDX__TXHDRTRIGOFFSET, raw=2, derived=2, unit=None), 'IDX__TXHDRSP02': ParsedDataItem(IDX__TXHDRSP02, raw=0, derived=0, unit=None), 'IDX__TXHDRTRIGID': ParsedDataItem(IDX__TXHDRTRIGID, raw=1, derived=1, unit=None), 'IDX__TXHDREVTNUM': ParsedDataItem(IDX__TXHDREVTNUM, raw=97, derived=97, unit=None), 'IDX__TXHDRBLOCKS': ParsedDataItem(IDX__TXHDRBLOCKS, raw=243679, derived=243679, unit=None), 'IDX__TXHDRHGTRIGCTRL1': ParsedDataItem(IDX__TXHDRHGTRIGCTRL1, raw=2222981120, derived=2222981120, unit=None), 'IDX__TXHDRHGTRIGCTRL2': ParsedDataItem(IDX__TXHDRHGTRIGCTRL2, raw=0, derived=0, unit=None), 'IDX__TXHDRLGTRIGCTRL1': ParsedDataItem(IDX__TXHDRLGTRIGCTRL1, raw=4294965248, derived=4294965248, unit=None), 'IDX__TXHDRLGTRIGCTRL2': ParsedDataItem(IDX__TXHDRLGTRIGCTRL2, raw=4278255360, derived=4278255360, unit=None), 'IDX__TXHDRMGTRIGCTRL1': ParsedDataItem(IDX__TXHDRMGTRIGCTRL1, raw=4294965248, derived=4294965248, unit=None), 'IDX__TXHDRMGTRIGCTRL2': ParsedDataItem(IDX__TXHDRMGTRIGCTRL2, raw=4278255360, derived=4278255360, unit=None), 'IDX__TXHDRSP03': ParsedDataItem(IDX__TXHDRSP03, raw=0, derived=0, unit=None), 'IDX__TXHDRLSADC': ParsedDataItem(IDX__TXHDRLSADC, raw=1048320, derived=1048320, unit=None), 'IDX__TXHDRPOLSTAT': ParsedDataItem(IDX__TXHDRPOLSTAT, raw=1, derived=NEG, unit=None), 'IDX__TXHDRSP04': ParsedDataItem(IDX__TXHDRSP04, raw=0, derived=0, unit=None), 'IDX__TXHDRPOLCTRL': ParsedDataItem(IDX__TXHDRPOLCTRL, raw=0, derived=POS, unit=None), 'IDX__TXHDRCOINENA': ParsedDataItem(IDX__TXHDRCOINENA, raw=0, derived=DIS, unit=None), 'IDX__TXHDRLSTRIGMODE': ParsedDataItem(IDX__TXHDRLSTRIGMODE, raw=0, derived=DIS, unit=None), 'IDX__TXHDRMGTRIGMODE': ParsedDataItem(IDX__TXHDRMGTRIGMODE, raw=0, derived=0, unit=None), 'IDX__TXHDRLGTRIGMODE': ParsedDataItem(IDX__TXHDRLGTRIGMODE, raw=0, derived=0, unit=None), 'IDX__TXHDRHGTRIGMODE': ParsedDataItem(IDX__TXHDRHGTRIGMODE, raw=1, derived=1, unit=None), 'IDX__TXHDRSP05': ParsedDataItem(IDX__TXHDRSP05, raw=0, derived=0, unit=None), 'IDX__TXHDRSP06': ParsedDataItem(IDX__TXHDRSP06, raw=0, derived=0, unit=None), 'IDX__TXHDRSP07': ParsedDataItem(IDX__TXHDRSP07, raw=2020, derived=2020, unit=None), 'IDX__TXHDRSP08': ParsedDataItem(IDX__TXHDRSP08, raw=0, derived=0, unit=None), 'IDX__TXHDRTOFMAX': ParsedDataItem(IDX__TXHDRTOFMAX, raw=541596228, derived=541596228, unit=None), 'IDX__TXHDRTOFMIN': ParsedDataItem(IDX__TXHDRTOFMIN, raw=535295476, derived=535295476, unit=None), 'IDX__TXHDRLS0MAXMIN': ParsedDataItem(IDX__TXHDRLS0MAXMIN, raw=8464397, derived=8464397, unit=None), 'IDX__TXHDRLS1MAXMIN': ParsedDataItem(IDX__TXHDRLS1MAXMIN, raw=8452072, derived=8452072, unit=None), 'IDX__TXHDRLS2MAXMIN': ParsedDataItem(IDX__TXHDRLS2MAXMIN, raw=8320996, derived=8320996, unit=None), 'IDX__TXHDRFIFODELAY': ParsedDataItem(IDX__TXHDRFIFODELAY, raw=18, derived=18, unit=None), 'IDX__TXHDRSAMPDELAY': ParsedDataItem(IDX__TXHDRSAMPDELAY, raw=15744051, derived=15744051, unit=None), 'IDX__TXHDRTRANSCNT': ParsedDataItem(IDX__TXHDRTRANSCNT, raw=4, derived=4, unit=None), 'IDX__TXHDRPROCHKCH01': ParsedDataItem(IDX__TXHDRPROCHKCH01, raw=83821392, derived=83821392, unit=None), 'IDX__TXHDRPROCHKCH23': ParsedDataItem(IDX__TXHDRPROCHKCH23, raw=102302894, derived=102302894, unit=None), 'IDX__TXHDRPROCHKCH45': ParsedDataItem(IDX__TXHDRPROCHKCH45, raw=167970010, derived=167970010, unit=None), 'IDX__TXHDRPROCHKCH67': ParsedDataItem(IDX__TXHDRPROCHKCH67, raw=133695768, derived=133695768, unit=None), 'IDX__TXHDRHVPSHKCH01': ParsedDataItem(IDX__TXHDRHVPSHKCH01, raw=131860073, derived=131860073, unit=None), 'IDX__TXHDRHVPSHKCH23': ParsedDataItem(IDX__TXHDRHVPSHKCH23, raw=8849070, derived=8849070, unit=None), 'IDX__TXHDRHVPSHKCH45': ParsedDataItem(IDX__TXHDRHVPSHKCH45, raw=153290714, derived=153290714, unit=None), 'IDX__TXHDRHVPSHKCH67': ParsedDataItem(IDX__TXHDRHVPSHKCH67, raw=19991184, derived=19991184, unit=None), 'IDX__TXHDRLVHK0CH01': ParsedDataItem(IDX__TXHDRLVHK0CH01, raw=134219776, derived=134219776, unit=None), 'IDX__TXHDRLVHK0CH23': ParsedDataItem(IDX__TXHDRLVHK0CH23, raw=172035001, derived=172035001, unit=None), 'IDX__TXHDRLVHK0CH45': ParsedDataItem(IDX__TXHDRLVHK0CH45, raw=134745194, derived=134745194, unit=None), 'IDX__TXHDRLVHK0CH67': ParsedDataItem(IDX__TXHDRLVHK0CH67, raw=205917267, derived=205917267, unit=None), 'IDX__TXHDRLVHK1CH01': ParsedDataItem(IDX__TXHDRLVHK1CH01, raw=34801303, derived=34801303, unit=None), 'IDX__TXHDRLVHK1CH23': ParsedDataItem(IDX__TXHDRLVHK1CH23, raw=74712528, derived=74712528, unit=None), 'IDX__TXHDRLVHK1CH45': ParsedDataItem(IDX__TXHDRLVHK1CH45, raw=215484233, derived=215484233, unit=None), 'IDX__TXHDRLVHK1CH67': ParsedDataItem(IDX__TXHDRLVHK1CH67, raw=193003972, derived=193003972, unit=None), 'IDX__TXHDRLVHK2CH01': ParsedDataItem(IDX__TXHDRLVHK2CH01, raw=82314476, derived=82314476, unit=None), 'IDX__TXHDRLVHK2CH23': ParsedDataItem(IDX__TXHDRLVHK2CH23, raw=188680970, derived=188680970, unit=None), 'IDX__TXHDRLVHK2CH45': ParsedDataItem(IDX__TXHDRLVHK2CH45, raw=100994068, derived=100994068, unit=None), 'IDX__TXHDRLVHK2CH67': ParsedDataItem(IDX__TXHDRLVHK2CH67, raw=69016, derived=69016, unit=None), 'IDX__TXHDRSP09': ParsedDataItem(IDX__TXHDRSP09, raw=0, derived=0, unit=None), 'IDX__TXHDRSP10': ParsedDataItem(IDX__TXHDRSP10, raw=0, derived=0, unit=None), 'IDX__TXHDRFSWAIDCOPY': ParsedDataItem(IDX__TXHDRFSWAIDCOPY, raw=2415277392, derived=2415277392, unit=None), 'IDX__TXHDRFSWBINCOPY': ParsedDataItem(IDX__TXHDRFSWBINCOPY, raw=0, derived=0, unit=None), 'IDX__TXHDRFSWMAJOR': ParsedDataItem(IDX__TXHDRFSWMAJOR, raw=2, derived=2, unit=None), 'IDX__TXHDRFSWMINOR': ParsedDataItem(IDX__TXHDRFSWMINOR, raw=0, derived=0, unit=None), 'IDX__TXHDRFSWPATCH': ParsedDataItem(IDX__TXHDRFSWPATCH, raw=0, derived=0, unit=None), 'IDX__TXHDRFSWHVSTAT': ParsedDataItem(IDX__TXHDRFSWHVSTAT, raw=3, derived=3, unit=None), 'IDX__TXHDRFSWMEM0': ParsedDataItem(IDX__TXHDRFSWMEM0, raw=0, derived=0, unit=None), 'IDX__TXHDRFSWMEM1': ParsedDataItem(IDX__TXHDRFSWMEM1, raw=0, derived=0, unit=None), 'IDX__TXHDRFSWPT0': ParsedDataItem(IDX__TXHDRFSWPT0, raw=0, derived=0, unit=None), 'IDX__TXHDRFSWPT1': ParsedDataItem(IDX__TXHDRFSWPT1, raw=0, derived=0, unit=None), 'IDX__TXHDRFSWPT2': ParsedDataItem(IDX__TXHDRFSWPT2, raw=0, derived=0, unit=None), 'IDX__TXHDRFSWPT3': ParsedDataItem(IDX__TXHDRFSWPT3, raw=0, derived=0, unit=None), 'IDX__TXHDRFSWPT4': ParsedDataItem(IDX__TXHDRFSWPT4, raw=0, derived=0, unit=None), 'IDX__TXHDRFSWPT5': ParsedDataItem(IDX__TXHDRFSWPT5, raw=0, derived=0, unit=None), 'IDX__TXHDRFSWPT6': ParsedDataItem(IDX__TXHDRFSWPT6, raw=0, derived=0, unit=None), 'IDX__TXHDRFSWPT7': ParsedDataItem(IDX__TXHDRFSWPT7, raw=0, derived=0, unit=None), 'IDX__TXHDRFSWPT8': ParsedDataItem(IDX__TXHDRFSWPT8, raw=0, derived=0, unit=None), 'IDX__TXHDRFSWPT9': ParsedDataItem(IDX__TXHDRFSWPT9, raw=0, derived=0, unit=None), 'IDX__TXHDRFPGAVER': ParsedDataItem(IDX__TXHDRFPGAVER, raw=539165480, derived=539165480, unit=None), 'IDX__SYNCSCI0PKT': ParsedDataItem(IDX__SYNCSCI0PKT, raw=13107, derived=13107, unit=None), 'IDX__CRCSCI0PKT': ParsedDataItem(IDX__CRCSCI0PKT, raw=55783, derived=55783, unit=None)}
SHCOARSE = 439515875
SHFINE = 9237
IDX__SCI0AID = 2415277392
IDX__SCI0TYPE = 1
IDX__SCI0CONT = 127
IDX__SCI0SPARE1 = 0
IDX__SCI0PACK = EN
IDX__SCI0FRAG = DS
IDX__SCI0COMP = DS
IDX__SCI0EVTNUM = 97
IDX__SCI0CAT = 32
IDX__SCI0QUAL = 5
IDX__SCI0FRAGOFF = 0
IDX__SCI0VER = 9
IDX__SCI0TIME32 = 439515557
IDX__SCI0SPARE2 = 0
IDX__SCI0SPARE3 = 0
IDX__SCI0SPARE4 = 0
IDX__TXHDRSCIEVTLEN = 8320
IDX__TXHDRSP00 = 0
IDX__TXHDRTIMESEC1 = 6706
IDX__TXHDRTIMESEC2 = 31141
IDX__TXHDRTIMESUBS = 33918
IDX__TXHDRSP01 = 0
IDX__TXHDRTRIGOFFSET = 2
IDX__TXHDRSP02 = 0
IDX__TXHDRTRIGID = 1
IDX__TXHDREVTNUM = 97
IDX__TXHDRBLOCKS = 243679
IDX__TXHDRHGTRIGCTRL1 = 2222981120
IDX__TXHDRHGTRIGCTRL2 = 0
IDX__TXHDRLGTRIGCTRL1 = 4294965248
IDX__TXHDRLGTRIGCTRL2 = 4278255360
IDX__TXHDRMGTRIGCTRL1 = 4294965248
IDX__TXHDRMGTRIGCTRL2 = 4278255360
IDX__TXHDRSP03 = 0
IDX__TXHDRLSADC = 1048320
IDX__TXHDRPOLSTAT = NEG
IDX__TXHDRSP04 = 0
IDX__TXHDRPOLCTRL = POS
IDX__TXHDRCOINENA = DIS
IDX__TXHDRLSTRIGMODE = DIS
IDX__TXHDRMGTRIGMODE = 0
IDX__TXHDRLGTRIGMODE = 0
IDX__TXHDRHGTRIGMODE = 1
IDX__TXHDRSP05 = 0
IDX__TXHDRSP06 = 0
IDX__TXHDRSP07 = 2020
IDX__TXHDRSP08 = 0
IDX__TXHDRTOFMAX = 541596228
IDX__TXHDRTOFMIN = 535295476
IDX__TXHDRLS0MAXMIN = 8464397
IDX__TXHDRLS1MAXMIN = 8452072
IDX__TXHDRLS2MAXMIN = 8320996
IDX__TXHDRFIFODELAY = 18
IDX__TXHDRSAMPDELAY = 15744051
IDX__TXHDRTRANSCNT = 4
IDX__TXHDRPROCHKCH01 = 83821392
IDX__TXHDRPROCHKCH23 = 102302894
IDX__TXHDRPROCHKCH45 = 167970010
IDX__TXHDRPROCHKCH67 = 133695768
IDX__TXHDRHVPSHKCH01 = 131860073
IDX__TXHDRHVPSHKCH23 = 8849070
IDX__TXHDRHVPSHKCH45 = 153290714
IDX__TXHDRHVPSHKCH67 = 19991184
IDX__TXHDRLVHK0CH01 = 134219776
IDX__TXHDRLVHK0CH23 = 172035001
IDX__TXHDRLVHK0CH45 = 134745194
IDX__TXHDRLVHK0CH67 = 205917267
IDX__TXHDRLVHK1CH01 = 34801303
IDX__TXHDRLVHK1CH23 = 74712528
IDX__TXHDRLVHK1CH45 = 215484233
IDX__TXHDRLVHK1CH67 = 193003972
IDX__TXHDRLVHK2CH01 = 82314476
IDX__TXHDRLVHK2CH23 = 188680970
IDX__TXHDRLVHK2CH45 = 100994068
IDX__TXHDRLVHK2CH67 = 69016
IDX__TXHDRSP09 = 0
IDX__TXHDRSP10 = 0
IDX__TXHDRFSWAIDCOPY = 2415277392
IDX__TXHDRFSWBINCOPY = 0
IDX__TXHDRFSWMAJOR = 2
IDX__TXHDRFSWMINOR = 0
IDX__TXHDRFSWPATCH = 0
IDX__TXHDRFSWHVSTAT = 3
IDX__TXHDRFSWMEM0 = 0
IDX__TXHDRFSWMEM1 = 0
IDX__TXHDRFSWPT0 = 0
IDX__TXHDRFSWPT1 = 0
IDX__TXHDRFSWPT2 = 0
IDX__TXHDRFSWPT3 = 0
IDX__TXHDRFSWPT4 = 0
IDX__TXHDRFSWPT5 = 0
IDX__TXHDRFSWPT6 = 0
IDX__TXHDRFSWPT7 = 0
IDX__TXHDRFSWPT8 = 0
IDX__TXHDRFSWPT9 = 0
IDX__TXHDRFPGAVER = 539165480
IDX__SYNCSCI0PKT = 13107
IDX__CRCSCI0PKT = 55783
^*****Event header 16******^
EVTNUM: 16
SCI0TYPE: 1
TXHDRBLOCKS RAW: 243679
TXHDRBLOCKS DERIVED: 243679
-----
HS pre trig sampling blocks:  31
LS pre trig sampling blocks:  3
HS post trig sampling blocks:  31
LS post trig sampling blocks:  11
IDX__TXHDRHVPSHKCH01 = 131860073
Detector voltage =  1641
Sensor voltage =  2012
Target voltage =  1710
Reflectron voltage =  135
Rejection voltage =  2010
Current for HVPS sensor =  2339
Positive current for HVPS sensor =  2704
Negative current for HVPS sensor =  305
Voltage +3.3V reference =  2048
Voltage +3.3V operational reference =  2048
Voltage -6V bus =  3001
Voltage +6V bus =  2625
Voltage +16V bus =  3178
Voltage +3.3V bus =  2056
Voltage -5V bus =  3155
Voltage +5V bus =  3142
Current +3.3V bus =  1687
Current +16V bus =  1140
Current +6V bus =  1488
Current -6V bus =  1140
Current +5V bus =  1865
Current -5V bus =  3288
Current +2.5V bus =  452
Current -2.5V bus =  2945
Current on the 1V POL =  848
Current on the 1.9V POL =  1279
ProcBd Temperature 1 =  1198
ProcBd Temperature 2 =  1561
Voltage on 1V bus =  1242
FPGA Temperature =  2563
Voltage on 1.9V bus =  2328
Voltage on 3.3V bus =  2040
var_to_row = {'Last measurement in raw DN for Processor Board signal “1V POL Current”': 0, 'Last measurement in raw DN for Processor Board signal “1.9V POL Current”': 1, 'Last measurement in raw DN for Processor Board signal “ProcBd Temp1”': 2, nan: 48, 'Last measurement in raw DN for Processor Board signal “ProcBd Temp2”': 6, 'Last measurement in raw DN for Processor Board signal “1V Voltage”': 10, 'Last measurement in raw DN for Processor Board signal “FPGA Temp”': 11, 'Last measurement in raw DN for Processor Board signal “1.9V Voltage”': 12, 'Last measurement in raw DN for Processor Board signal “3.3V Voltage”': 13, 'Last measurement in raw DN for HVPS Board signal “Detector Voltage”': 14, 'Last measurement in raw DN for HVPS Board signal “Sensor Voltage"': 15, 'Last measurement in raw DN for HVPS Board signal “Target Voltage”': 16, 'Last measurement in raw DN for HVPS Board signal “Reflectron Voltage”': 17, 'Last measurement in raw DN for HVPS Board signal “Rejection Voltage”': 18, 'Last measurement in raw DN for HVPS Board signal “Detector Current”': 19, 'Last measurement in raw DN for HVPS Board signal “Sensor IP”': 20, 'Last measurement in raw DN for HVPS Board signal “Sensor IN”': 21, 'Last measurement in raw DN for LVPS Board signal “P3.3VREF_HK”': 22, 'Last measurement in raw DN for LVPS Board signal “P3.3VREF_OP”': 23, 'Last measurement in raw DN for LVPS Board signal “N6V”': 24, 'Last measurement in raw DN for LVPS Board signal “P6V”': 25, 'Last measurement in raw DN for LVPS Board signal “P16V”': 26, 'Last measurement in raw DN for LVPS Board signal “P3.3V”': 27, 'Last measurement in raw DN for LVPS Board signal “N5V”': 28, 'Last measurement in raw DN for LVPS Board signal “P5V”': 29, 'Last measurement in raw DN for LVPS Board signal “P3.3_IMON”': 30, 'Last measurement in raw DN for LVPS Board signal “P16V_IMON”': 31, 'Last measurement in raw DN for LVPS Board signal “P6V_IMON”': 32, 'Last measurement in raw DN for LVPS Board signal “N6V_IMON”': 33, 'Last measurement in raw DN for LVPS Board signal “P5V_IMON”': 34, 'Last measurement in raw DN for LVPS Board signal “N5V_IMON”': 35, 'Last measurement in raw DN for LVPS Board signal “P2.5V_IMON”': 36, 'Last measurement in raw DN for LVPS Board signal “N2.5V_IMON”': 37, 'Last measurement in raw DN for LVPS Board signal “THERM_DECON0”': 38, 'Last measurement in raw DN for LVPS Board signal “THERM_DECON1”': 39, 'Last measurement in raw DN for LVPS Board signal “THERM_DAB”': 40, 'Last measurement in raw DN for LVPS Board signal “THERM_LVPS”': 41, 'Last measurement in raw DN for LVPS Board signal “THERM_HVPS”': 45, 'Last measurement in raw DN for LVPS Board signal “P2.5V”': 49, 'Last measurement in raw DN for LVPS Board signal “N2.5V”': 50, 'Last measurement in raw DN for LVPS Board signal “Spare”': 51}

 
 ***** var_name being converted for each instrument setting ***** 
 

Matching row  18
coeffs for Last measurement in raw DN for Processor Board signal “1V POL Current”= [0.0 0.9029253 0.0 0.0 0.0 0.0 0.0 0.0]
var_name = Last measurement in raw DN for Processor Board signal “1V POL Current”
var_name = current_1V_pol
Header info = 848
Transformed value for current_1V_pol = 765.6806544
Matching row  18
coeffs for Last measurement in raw DN for Processor Board signal “1.9V POL Current”= [0.0 0.9029253 0.0 0.0 0.0 0.0 0.0 0.0]
var_name = Last measurement in raw DN for Processor Board signal “1.9V POL Current”
var_name = current_1.9V_pol
Header info = 1279
Transformed value for current_1.9V_pol = 1154.8414587
Matching row  18
coeffs for Last measurement in raw DN for Processor Board signal “ProcBd Temp1”= [162.8276 -0.2668687 0.0003323794 -2.43153e-07 9.034532e-11 -1.327735e-14
 0.0 0.0]
var_name = Last measurement in raw DN for Processor Board signal “ProcBd Temp1”
var_name = temperature_1
Header info = 1198
Transformed value for temperature_1 = 55.41044834983295
Matching row  18
coeffs for nan= [-104713.9 52.02446 -0.006463374 0.0 0.0 0.0 0.0 0.0]
var_name = nan
var_name = None
KeyError: (16, None) - Could not find entry for None, 48. Please check the Var_notes or variable mapping.
Matching row  18
coeffs for Last measurement in raw DN for Processor Board signal “ProcBd Temp2”= [162.8276 -0.2668687 0.0003323794 -2.43153e-07 9.034532e-11 -1.327735e-14
 0.0 0.0]
var_name = Last measurement in raw DN for Processor Board signal “ProcBd Temp2”
var_name = temperature_2
Header info = 1561
Transformed value for temperature_2 = 44.64778748986298
Matching row  18
coeffs for Last measurement in raw DN for Processor Board signal “1V Voltage”= [0.0 0.000805861 0.0 0.0 0.0 0.0 0.0 0.0]
var_name = Last measurement in raw DN for Processor Board signal “1V Voltage”
var_name = voltage_1V_bus
Header info = 1242
Transformed value for voltage_1V_bus = 1.0008793619999998
Matching row  18
coeffs for Last measurement in raw DN for Processor Board signal “FPGA Temp”= [358.31 -0.1187104 0.0 0.0 0.0 0.0 0.0 0.0]
var_name = Last measurement in raw DN for Processor Board signal “FPGA Temp”
var_name = fpga_temperature
Header info = 2563
Transformed value for fpga_temperature = 54.055244800000025
Matching row  18
coeffs for Last measurement in raw DN for Processor Board signal “1.9V Voltage”= [0.0 0.000805861 0.0 0.0 0.0 0.0 0.0 0.0]
var_name = Last measurement in raw DN for Processor Board signal “1.9V Voltage”
var_name = voltage_1.9V_bus
Header info = 2328
Transformed value for voltage_1.9V_bus = 1.8760444079999998
Matching row  18
coeffs for Last measurement in raw DN for Processor Board signal “3.3V Voltage”= [0.0 0.001611722 0.0 0.0 0.0 0.0 0.0 0.0]
var_name = Last measurement in raw DN for Processor Board signal “3.3V Voltage”
var_name = voltage_3.3V_bus
Header info = 2040
Transformed value for voltage_3.3V_bus = 3.28791288
Matching row  18
coeffs for Last measurement in raw DN for HVPS Board signal “Detector Voltage”= [0.0 1.4652 0.0 0.0 0.0 0.0 0.0 0.0]
var_name = Last measurement in raw DN for HVPS Board signal “Detector Voltage”
var_name = detector_voltage
Header info = 1641
Transformed value for detector_voltage = 2404.3932
Matching row  18
coeffs for Last measurement in raw DN for HVPS Board signal “Sensor Voltage"= [0.0 1.4652 0.0 0.0 0.0 0.0 0.0 0.0]
var_name = Last measurement in raw DN for HVPS Board signal “Sensor Voltage"
var_name = sensor_voltage
Header info = 2012
Transformed value for sensor_voltage = 2947.9824000000003
Matching row  18
coeffs for Last measurement in raw DN for HVPS Board signal “Target Voltage”= [0.0 1.4652 0.0 0.0 0.0 0.0 0.0 0.0]
var_name = Last measurement in raw DN for HVPS Board signal “Target Voltage”
var_name = target_voltage
Header info = 1710
Transformed value for target_voltage = 2505.492
Matching row  18
coeffs for Last measurement in raw DN for HVPS Board signal “Reflectron Voltage”= [0.0 1.4652 0.0 0.0 0.0 0.0 0.0 0.0]
var_name = Last measurement in raw DN for HVPS Board signal “Reflectron Voltage”
var_name = reflectron_voltage
Header info = 135
Transformed value for reflectron_voltage = 197.80200000000002
Matching row  18
coeffs for Last measurement in raw DN for HVPS Board signal “Rejection Voltage”= [0.0 1.4652 0.0 0.0 0.0 0.0 0.0 0.0]
var_name = Last measurement in raw DN for HVPS Board signal “Rejection Voltage”
var_name = rejection_voltage
Header info = 2010
Transformed value for rejection_voltage = 2945.052
Matching row  18
coeffs for Last measurement in raw DN for HVPS Board signal “Detector Current”= [0.0 7.326e-06 0.0 0.0 0.0 0.0 0.0 0.0]
var_name = Last measurement in raw DN for HVPS Board signal “Detector Current”
var_name = current_hvps_sensor
Header info = 2339
Transformed value for current_hvps_sensor = 0.017135514
Matching row  18
coeffs for Last measurement in raw DN for HVPS Board signal “Sensor IP”= [0.0 2.4339e-05 0.0 0.0 0.0 0.0 0.0 0.0]
var_name = Last measurement in raw DN for HVPS Board signal “Sensor IP”
var_name = positive_current_hvps
Header info = 2704
Transformed value for positive_current_hvps = 0.065812656
Matching row  18
coeffs for Last measurement in raw DN for HVPS Board signal “Sensor IN”= [0.0 2.4339e-05 0.0 0.0 0.0 0.0 0.0 0.0]
var_name = Last measurement in raw DN for HVPS Board signal “Sensor IN”
var_name = negative_current_hvps
Header info = 305
Transformed value for negative_current_hvps = 0.007423394999999999
Matching row  18
coeffs for Last measurement in raw DN for LVPS Board signal “P3.3VREF_HK”= [0.0 0.00161172 0.0 0.0 0.0 0.0 0.0 0.0]
var_name = Last measurement in raw DN for LVPS Board signal “P3.3VREF_HK”
var_name = voltage_3V3_ref
Header info = 2048
Transformed value for voltage_3V3_ref = 3.30080256
Matching row  18
coeffs for Last measurement in raw DN for LVPS Board signal “P3.3VREF_OP”= [0.0 0.00161172 0.0 0.0 0.0 0.0 0.0 0.0]
var_name = Last measurement in raw DN for LVPS Board signal “P3.3VREF_OP”
var_name = voltage_3V3_op_ref
Header info = 2048
Transformed value for voltage_3V3_op_ref = 3.30080256
Matching row  18
coeffs for Last measurement in raw DN for LVPS Board signal “N6V”= [-33.0 0.00886447 0.0 0.0 0.0 0.0 0.0 0.0]
var_name = Last measurement in raw DN for LVPS Board signal “N6V”
var_name = voltage_neg6V_bus
Header info = 3001
Transformed value for voltage_neg6V_bus = -6.397725530000002
Matching row  18
coeffs for Last measurement in raw DN for LVPS Board signal “P6V”= [0.0 0.00241758 0.0 0.0 0.0 0.0 0.0 0.0]
var_name = Last measurement in raw DN for LVPS Board signal “P6V”
var_name = voltage_pos6V_bus
Header info = 2625
Transformed value for voltage_pos6V_bus = 6.3461475
Matching row  18
coeffs for Last measurement in raw DN for LVPS Board signal “P16V”= [0.0 0.00482711 0.0 0.0 0.0 0.0 0.0 0.0]
var_name = Last measurement in raw DN for LVPS Board signal “P16V”
var_name = voltage_pos16V_bus
Header info = 3178
Transformed value for voltage_pos16V_bus = 15.34055558
Matching row  18
coeffs for Last measurement in raw DN for LVPS Board signal “P3.3V”= [0.0 0.00161172 0.0 0.0 0.0 0.0 0.0 0.0]
var_name = Last measurement in raw DN for LVPS Board signal “P3.3V”
var_name = voltage_pos3V3_bus
Header info = 2056
Transformed value for voltage_pos3V3_bus = 3.31369632
Matching row  18
coeffs for Last measurement in raw DN for LVPS Board signal “N5V”= [-33.0 0.00886447 0.0 0.0 0.0 0.0 0.0 0.0]
var_name = Last measurement in raw DN for LVPS Board signal “N5V”
var_name = voltage_neg5V_bus
Header info = 3155
Transformed value for voltage_neg5V_bus = -5.032597150000001
Matching row  18
coeffs for Last measurement in raw DN for LVPS Board signal “P5V”= [0.0 0.00161172 0.0 0.0 0.0 0.0 0.0 0.0]
var_name = Last measurement in raw DN for LVPS Board signal “P5V”
var_name = voltage_pos5V_bus
Header info = 3142
Transformed value for voltage_pos5V_bus = 5.06402424
Matching row  18
coeffs for Last measurement in raw DN for LVPS Board signal “P3.3_IMON”= [0.0 0.00161172 0.0 0.0 0.0 0.0 0.0 0.0]
var_name = Last measurement in raw DN for LVPS Board signal “P3.3_IMON”
var_name = current_3V3_bus
Header info = 1687
Transformed value for current_3V3_bus = 2.7189716400000004
Matching row  18
coeffs for Last measurement in raw DN for LVPS Board signal “P16V_IMON”= [0.0 0.000161172 0.0 0.0 0.0 0.0 0.0 0.0]
var_name = Last measurement in raw DN for LVPS Board signal “P16V_IMON”
var_name = current_16V_bus
Header info = 1140
Transformed value for current_16V_bus = 0.18373608
Matching row  18
coeffs for Last measurement in raw DN for LVPS Board signal “P6V_IMON”= [0.0 8.05861e-05 0.0 0.0 0.0 0.0 0.0 0.0]
var_name = Last measurement in raw DN for LVPS Board signal “P6V_IMON”
var_name = current_6V_bus
Header info = 1488
Transformed value for current_6V_bus = 0.1199121168
Matching row  18
coeffs for Last measurement in raw DN for LVPS Board signal “N6V_IMON”= [0.0 -8.05861e-05 0.0 0.0 0.0 0.0 0.0 0.0]
var_name = Last measurement in raw DN for LVPS Board signal “N6V_IMON”
var_name = current_neg6V_bus
Header info = 1140
Transformed value for current_neg6V_bus = -0.091868154
Matching row  18
coeffs for Last measurement in raw DN for LVPS Board signal “P5V_IMON”= [0.0 4.029304e-05 0.0 0.0 0.0 0.0 0.0 0.0]
var_name = Last measurement in raw DN for LVPS Board signal “P5V_IMON”
var_name = current_5V_bus
Header info = 1865
Transformed value for current_5V_bus = 0.0751465196
Matching row  18
coeffs for Last measurement in raw DN for LVPS Board signal “N5V_IMON”= [0.0 -2.01465e-05 0.0 0.0 0.0 0.0 0.0 0.0]
var_name = Last measurement in raw DN for LVPS Board signal “N5V_IMON”
var_name = current_neg5V_bus
Header info = 3288
Transformed value for current_neg5V_bus = -0.066241692
Matching row  18
coeffs for Last measurement in raw DN for LVPS Board signal “P2.5V_IMON”= [0.0 0.00161172 0.0 0.0 0.0 0.0 0.0 0.0]
var_name = Last measurement in raw DN for LVPS Board signal “P2.5V_IMON”
var_name = current_2V5_bus
Header info = 452
Transformed value for current_2V5_bus = 0.72849744
Matching row  18
coeffs for Last measurement in raw DN for LVPS Board signal “N2.5V_IMON”= [0.0 -4.0293e-05 0.0 0.0 0.0 0.0 0.0 0.0]
var_name = Last measurement in raw DN for LVPS Board signal “N2.5V_IMON”
var_name = current_neg2V5_bus
Header info = 2945
Transformed value for current_neg2V5_bus = -0.11866288500000001
Matching row  18
coeffs for Last measurement in raw DN for LVPS Board signal “THERM_DECON0”= [-110.293 0.0665351 0.000305738 -6.32048e-07 5.9934e-10 -2.98784e-13
 7.61361e-17 -7.76467e-21]
var_name = Last measurement in raw DN for LVPS Board signal “THERM_DECON0”
var_name = None
KeyError: (16, None) - Could not find entry for None, 38. Please check the Var_notes or variable mapping.
Matching row  18
coeffs for Last measurement in raw DN for LVPS Board signal “THERM_DECON1”= [-150.478 0.376986 -0.00062072 7.73853e-07 -5.81588e-10 2.56368e-13
 -6.05698e-17 5.96635e-21]
var_name = Last measurement in raw DN for LVPS Board signal “THERM_DECON1”
var_name = None
KeyError: (16, None) - Could not find entry for None, 39. Please check the Var_notes or variable mapping.
Matching row  18
coeffs for Last measurement in raw DN for LVPS Board signal “THERM_DAB”= [-443.248 1.31224 -0.00180422 1.40016e-06 -6.43766e-10 1.7448e-13
 -2.57695e-17 1.60239e-21]
var_name = Last measurement in raw DN for LVPS Board signal “THERM_DAB”
var_name = None
KeyError: (16, None) - Could not find entry for None, 40. Please check the Var_notes or variable mapping.
Matching row  18
coeffs for Last measurement in raw DN for LVPS Board signal “THERM_LVPS”= [200.4137 -0.2020699 0.000175403 -9.739547e-08 2.888932e-11 -3.545603e-15
 0.0 0.0]
var_name = Last measurement in raw DN for LVPS Board signal “THERM_LVPS”
var_name = None
KeyError: (16, None) - Could not find entry for None, 41. Please check the Var_notes or variable mapping.
Matching row  18
coeffs for Last measurement in raw DN for LVPS Board signal “THERM_HVPS”= [200.4137 -0.2020699 0.000175403 -9.739547e-08 2.888932e-11 -3.545603e-15
 0.0 0.0]
var_name = Last measurement in raw DN for LVPS Board signal “THERM_HVPS”
var_name = None
KeyError: (16, None) - Could not find entry for None, 45. Please check the Var_notes or variable mapping.
Matching row  18
coeffs for Last measurement in raw DN for LVPS Board signal “P2.5V”= [0.0 0.00161172 0.0 0.0 0.0 0.0 0.0 0.0]
var_name = Last measurement in raw DN for LVPS Board signal “P2.5V”
var_name = None
KeyError: (16, None) - Could not find entry for None, 49. Please check the Var_notes or variable mapping.
Matching row  18
coeffs for Last measurement in raw DN for LVPS Board signal “N2.5V”= [-33.0 0.00886447 0.0 0.0 0.0 0.0 0.0 0.0]
var_name = Last measurement in raw DN for LVPS Board signal “N2.5V”
var_name = None
KeyError: (16, None) - Could not find entry for None, 50. Please check the Var_notes or variable mapping.
Matching row  18
coeffs for Last measurement in raw DN for LVPS Board signal “Spare”= [0.0 0.00161172 0.0 0.0 0.0 0.0 0.0 0.0]
var_name = Last measurement in raw DN for LVPS Board signal “Spare”
var_name = spare_signal
KeyError: (16, 'spare_signal') - Could not find entry for spare_signal, 51. Please check the Var_notes or variable mapping.
High gain delay = 51 samples.
Mid gain delay = 15 samples.
Low gain delay = 15 samples.
High sampling trigger mode =  0 0 1
High gain trigger mode enabled.
For 2222981120, HG Trigger level = 0.15317, sample settings = 0, 0
Threshold trigger mode enabled for high gain channel.
AID = 2415277392
Event number = 97
Rice compression enabled = False
Timestamp = 439515557.67836 seconds since epoch (Midnight January 1st, 2010)
Trigger time = 2023-12-05T23:39:17.678360Z
16
16
16
16
16
16
16
16
16
16
16
16
16
{'SHCOARSE': ParsedDataItem(SHCOARSE, raw=439515888, derived=439515888, unit=dn), 'SHFINE': ParsedDataItem(SHFINE, raw=9246, derived=9246, unit=dn), 'IDX__SCI0AID': ParsedDataItem(IDX__SCI0AID, raw=2415277392, derived=2415277392, unit=None), 'IDX__SCI0TYPE': ParsedDataItem(IDX__SCI0TYPE, raw=1, derived=1, unit=None), 'IDX__SCI0CONT': ParsedDataItem(IDX__SCI0CONT, raw=127, derived=127, unit=None), 'IDX__SCI0SPARE1': ParsedDataItem(IDX__SCI0SPARE1, raw=0, derived=0, unit=None), 'IDX__SCI0PACK': ParsedDataItem(IDX__SCI0PACK, raw=1, derived=EN, unit=None), 'IDX__SCI0FRAG': ParsedDataItem(IDX__SCI0FRAG, raw=0, derived=DS, unit=None), 'IDX__SCI0COMP': ParsedDataItem(IDX__SCI0COMP, raw=0, derived=DS, unit=None), 'IDX__SCI0EVTNUM': ParsedDataItem(IDX__SCI0EVTNUM, raw=98, derived=98, unit=None), 'IDX__SCI0CAT': ParsedDataItem(IDX__SCI0CAT, raw=32, derived=32, unit=None), 'IDX__SCI0QUAL': ParsedDataItem(IDX__SCI0QUAL, raw=5, derived=5, unit=None), 'IDX__SCI0FRAGOFF': ParsedDataItem(IDX__SCI0FRAGOFF, raw=0, derived=0, unit=None), 'IDX__SCI0VER': ParsedDataItem(IDX__SCI0VER, raw=9, derived=9, unit=None), 'IDX__SCI0TIME32': ParsedDataItem(IDX__SCI0TIME32, raw=439515558, derived=439515558, unit=None), 'IDX__SCI0SPARE2': ParsedDataItem(IDX__SCI0SPARE2, raw=0, derived=0, unit=None), 'IDX__SCI0SPARE3': ParsedDataItem(IDX__SCI0SPARE3, raw=0, derived=0, unit=None), 'IDX__SCI0SPARE4': ParsedDataItem(IDX__SCI0SPARE4, raw=0, derived=0, unit=None), 'IDX__TXHDRSCIEVTLEN': ParsedDataItem(IDX__TXHDRSCIEVTLEN, raw=8320, derived=8320, unit=None), 'IDX__TXHDRSP00': ParsedDataItem(IDX__TXHDRSP00, raw=0, derived=0, unit=None), 'IDX__TXHDRTIMESEC1': ParsedDataItem(IDX__TXHDRTIMESEC1, raw=6706, derived=6706, unit=None), 'IDX__TXHDRTIMESEC2': ParsedDataItem(IDX__TXHDRTIMESEC2, raw=31142, derived=31142, unit=None), 'IDX__TXHDRTIMESUBS': ParsedDataItem(IDX__TXHDRTIMESUBS, raw=33915, derived=33915, unit=None), 'IDX__TXHDRSP01': ParsedDataItem(IDX__TXHDRSP01, raw=0, derived=0, unit=None), 'IDX__TXHDRTRIGOFFSET': ParsedDataItem(IDX__TXHDRTRIGOFFSET, raw=6, derived=6, unit=None), 'IDX__TXHDRSP02': ParsedDataItem(IDX__TXHDRSP02, raw=0, derived=0, unit=None), 'IDX__TXHDRTRIGID': ParsedDataItem(IDX__TXHDRTRIGID, raw=1, derived=1, unit=None), 'IDX__TXHDREVTNUM': ParsedDataItem(IDX__TXHDREVTNUM, raw=98, derived=98, unit=None), 'IDX__TXHDRBLOCKS': ParsedDataItem(IDX__TXHDRBLOCKS, raw=243679, derived=243679, unit=None), 'IDX__TXHDRHGTRIGCTRL1': ParsedDataItem(IDX__TXHDRHGTRIGCTRL1, raw=2222981120, derived=2222981120, unit=None), 'IDX__TXHDRHGTRIGCTRL2': ParsedDataItem(IDX__TXHDRHGTRIGCTRL2, raw=0, derived=0, unit=None), 'IDX__TXHDRLGTRIGCTRL1': ParsedDataItem(IDX__TXHDRLGTRIGCTRL1, raw=4294965248, derived=4294965248, unit=None), 'IDX__TXHDRLGTRIGCTRL2': ParsedDataItem(IDX__TXHDRLGTRIGCTRL2, raw=4278255360, derived=4278255360, unit=None), 'IDX__TXHDRMGTRIGCTRL1': ParsedDataItem(IDX__TXHDRMGTRIGCTRL1, raw=4294965248, derived=4294965248, unit=None), 'IDX__TXHDRMGTRIGCTRL2': ParsedDataItem(IDX__TXHDRMGTRIGCTRL2, raw=4278255360, derived=4278255360, unit=None), 'IDX__TXHDRSP03': ParsedDataItem(IDX__TXHDRSP03, raw=0, derived=0, unit=None), 'IDX__TXHDRLSADC': ParsedDataItem(IDX__TXHDRLSADC, raw=1048320, derived=1048320, unit=None), 'IDX__TXHDRPOLSTAT': ParsedDataItem(IDX__TXHDRPOLSTAT, raw=1, derived=NEG, unit=None), 'IDX__TXHDRSP04': ParsedDataItem(IDX__TXHDRSP04, raw=0, derived=0, unit=None), 'IDX__TXHDRPOLCTRL': ParsedDataItem(IDX__TXHDRPOLCTRL, raw=0, derived=POS, unit=None), 'IDX__TXHDRCOINENA': ParsedDataItem(IDX__TXHDRCOINENA, raw=0, derived=DIS, unit=None), 'IDX__TXHDRLSTRIGMODE': ParsedDataItem(IDX__TXHDRLSTRIGMODE, raw=0, derived=DIS, unit=None), 'IDX__TXHDRMGTRIGMODE': ParsedDataItem(IDX__TXHDRMGTRIGMODE, raw=0, derived=0, unit=None), 'IDX__TXHDRLGTRIGMODE': ParsedDataItem(IDX__TXHDRLGTRIGMODE, raw=0, derived=0, unit=None), 'IDX__TXHDRHGTRIGMODE': ParsedDataItem(IDX__TXHDRHGTRIGMODE, raw=1, derived=1, unit=None), 'IDX__TXHDRSP05': ParsedDataItem(IDX__TXHDRSP05, raw=0, derived=0, unit=None), 'IDX__TXHDRSP06': ParsedDataItem(IDX__TXHDRSP06, raw=0, derived=0, unit=None), 'IDX__TXHDRSP07': ParsedDataItem(IDX__TXHDRSP07, raw=2020, derived=2020, unit=None), 'IDX__TXHDRSP08': ParsedDataItem(IDX__TXHDRSP08, raw=0, derived=0, unit=None), 'IDX__TXHDRTOFMAX': ParsedDataItem(IDX__TXHDRTOFMAX, raw=558373887, derived=558373887, unit=None), 'IDX__TXHDRTOFMIN': ParsedDataItem(IDX__TXHDRTOFMIN, raw=535295476, derived=535295476, unit=None), 'IDX__TXHDRLS0MAXMIN': ParsedDataItem(IDX__TXHDRLS0MAXMIN, raw=8468493, derived=8468493, unit=None), 'IDX__TXHDRLS1MAXMIN': ParsedDataItem(IDX__TXHDRLS1MAXMIN, raw=8452072, derived=8452072, unit=None), 'IDX__TXHDRLS2MAXMIN': ParsedDataItem(IDX__TXHDRLS2MAXMIN, raw=8345572, derived=8345572, unit=None), 'IDX__TXHDRFIFODELAY': ParsedDataItem(IDX__TXHDRFIFODELAY, raw=15, derived=15, unit=None), 'IDX__TXHDRSAMPDELAY': ParsedDataItem(IDX__TXHDRSAMPDELAY, raw=49331276, derived=49331276, unit=None), 'IDX__TXHDRTRANSCNT': ParsedDataItem(IDX__TXHDRTRANSCNT, raw=10, derived=10, unit=None), 'IDX__TXHDRPROCHKCH01': ParsedDataItem(IDX__TXHDRPROCHKCH01, raw=83821394, derived=83821394, unit=None), 'IDX__TXHDRPROCHKCH23': ParsedDataItem(IDX__TXHDRPROCHKCH23, raw=102302894, derived=102302894, unit=None), 'IDX__TXHDRPROCHKCH45': ParsedDataItem(IDX__TXHDRPROCHKCH45, raw=167970010, derived=167970010, unit=None), 'IDX__TXHDRPROCHKCH67': ParsedDataItem(IDX__TXHDRPROCHKCH67, raw=133695768, derived=133695768, unit=None), 'IDX__TXHDRHVPSHKCH01': ParsedDataItem(IDX__TXHDRHVPSHKCH01, raw=131860073, derived=131860073, unit=None), 'IDX__TXHDRHVPSHKCH23': ParsedDataItem(IDX__TXHDRHVPSHKCH23, raw=8849070, derived=8849070, unit=None), 'IDX__TXHDRHVPSHKCH45': ParsedDataItem(IDX__TXHDRHVPSHKCH45, raw=153290714, derived=153290714, unit=None), 'IDX__TXHDRHVPSHKCH67': ParsedDataItem(IDX__TXHDRHVPSHKCH67, raw=19991184, derived=19991184, unit=None), 'IDX__TXHDRLVHK0CH01': ParsedDataItem(IDX__TXHDRLVHK0CH01, raw=134219776, derived=134219776, unit=None), 'IDX__TXHDRLVHK0CH23': ParsedDataItem(IDX__TXHDRLVHK0CH23, raw=172035001, derived=172035001, unit=None), 'IDX__TXHDRLVHK0CH45': ParsedDataItem(IDX__TXHDRLVHK0CH45, raw=134745194, derived=134745194, unit=None), 'IDX__TXHDRLVHK0CH67': ParsedDataItem(IDX__TXHDRLVHK0CH67, raw=205917267, derived=205917267, unit=None), 'IDX__TXHDRLVHK1CH01': ParsedDataItem(IDX__TXHDRLVHK1CH01, raw=34801304, derived=34801304, unit=None), 'IDX__TXHDRLVHK1CH23': ParsedDataItem(IDX__TXHDRLVHK1CH23, raw=74712528, derived=74712528, unit=None), 'IDX__TXHDRLVHK1CH45': ParsedDataItem(IDX__TXHDRLVHK1CH45, raw=215484233, derived=215484233, unit=None), 'IDX__TXHDRLVHK1CH67': ParsedDataItem(IDX__TXHDRLVHK1CH67, raw=193003972, derived=193003972, unit=None), 'IDX__TXHDRLVHK2CH01': ParsedDataItem(IDX__TXHDRLVHK2CH01, raw=82314475, derived=82314475, unit=None), 'IDX__TXHDRLVHK2CH23': ParsedDataItem(IDX__TXHDRLVHK2CH23, raw=188680970, derived=188680970, unit=None), 'IDX__TXHDRLVHK2CH45': ParsedDataItem(IDX__TXHDRLVHK2CH45, raw=101059604, derived=101059604, unit=None), 'IDX__TXHDRLVHK2CH67': ParsedDataItem(IDX__TXHDRLVHK2CH67, raw=69016, derived=69016, unit=None), 'IDX__TXHDRSP09': ParsedDataItem(IDX__TXHDRSP09, raw=0, derived=0, unit=None), 'IDX__TXHDRSP10': ParsedDataItem(IDX__TXHDRSP10, raw=0, derived=0, unit=None), 'IDX__TXHDRFSWAIDCOPY': ParsedDataItem(IDX__TXHDRFSWAIDCOPY, raw=2415277392, derived=2415277392, unit=None), 'IDX__TXHDRFSWBINCOPY': ParsedDataItem(IDX__TXHDRFSWBINCOPY, raw=0, derived=0, unit=None), 'IDX__TXHDRFSWMAJOR': ParsedDataItem(IDX__TXHDRFSWMAJOR, raw=2, derived=2, unit=None), 'IDX__TXHDRFSWMINOR': ParsedDataItem(IDX__TXHDRFSWMINOR, raw=0, derived=0, unit=None), 'IDX__TXHDRFSWPATCH': ParsedDataItem(IDX__TXHDRFSWPATCH, raw=0, derived=0, unit=None), 'IDX__TXHDRFSWHVSTAT': ParsedDataItem(IDX__TXHDRFSWHVSTAT, raw=3, derived=3, unit=None), 'IDX__TXHDRFSWMEM0': ParsedDataItem(IDX__TXHDRFSWMEM0, raw=0, derived=0, unit=None), 'IDX__TXHDRFSWMEM1': ParsedDataItem(IDX__TXHDRFSWMEM1, raw=0, derived=0, unit=None), 'IDX__TXHDRFSWPT0': ParsedDataItem(IDX__TXHDRFSWPT0, raw=0, derived=0, unit=None), 'IDX__TXHDRFSWPT1': ParsedDataItem(IDX__TXHDRFSWPT1, raw=0, derived=0, unit=None), 'IDX__TXHDRFSWPT2': ParsedDataItem(IDX__TXHDRFSWPT2, raw=0, derived=0, unit=None), 'IDX__TXHDRFSWPT3': ParsedDataItem(IDX__TXHDRFSWPT3, raw=0, derived=0, unit=None), 'IDX__TXHDRFSWPT4': ParsedDataItem(IDX__TXHDRFSWPT4, raw=0, derived=0, unit=None), 'IDX__TXHDRFSWPT5': ParsedDataItem(IDX__TXHDRFSWPT5, raw=0, derived=0, unit=None), 'IDX__TXHDRFSWPT6': ParsedDataItem(IDX__TXHDRFSWPT6, raw=0, derived=0, unit=None), 'IDX__TXHDRFSWPT7': ParsedDataItem(IDX__TXHDRFSWPT7, raw=0, derived=0, unit=None), 'IDX__TXHDRFSWPT8': ParsedDataItem(IDX__TXHDRFSWPT8, raw=0, derived=0, unit=None), 'IDX__TXHDRFSWPT9': ParsedDataItem(IDX__TXHDRFSWPT9, raw=0, derived=0, unit=None), 'IDX__TXHDRFPGAVER': ParsedDataItem(IDX__TXHDRFPGAVER, raw=539165480, derived=539165480, unit=None), 'IDX__SYNCSCI0PKT': ParsedDataItem(IDX__SYNCSCI0PKT, raw=13107, derived=13107, unit=None), 'IDX__CRCSCI0PKT': ParsedDataItem(IDX__CRCSCI0PKT, raw=13047, derived=13047, unit=None)}
SHCOARSE = 439515888
SHFINE = 9246
IDX__SCI0AID = 2415277392
IDX__SCI0TYPE = 1
IDX__SCI0CONT = 127
IDX__SCI0SPARE1 = 0
IDX__SCI0PACK = EN
IDX__SCI0FRAG = DS
IDX__SCI0COMP = DS
IDX__SCI0EVTNUM = 98
IDX__SCI0CAT = 32
IDX__SCI0QUAL = 5
IDX__SCI0FRAGOFF = 0
IDX__SCI0VER = 9
IDX__SCI0TIME32 = 439515558
IDX__SCI0SPARE2 = 0
IDX__SCI0SPARE3 = 0
IDX__SCI0SPARE4 = 0
IDX__TXHDRSCIEVTLEN = 8320
IDX__TXHDRSP00 = 0
IDX__TXHDRTIMESEC1 = 6706
IDX__TXHDRTIMESEC2 = 31142
IDX__TXHDRTIMESUBS = 33915
IDX__TXHDRSP01 = 0
IDX__TXHDRTRIGOFFSET = 6
IDX__TXHDRSP02 = 0
IDX__TXHDRTRIGID = 1
IDX__TXHDREVTNUM = 98
IDX__TXHDRBLOCKS = 243679
IDX__TXHDRHGTRIGCTRL1 = 2222981120
IDX__TXHDRHGTRIGCTRL2 = 0
IDX__TXHDRLGTRIGCTRL1 = 4294965248
IDX__TXHDRLGTRIGCTRL2 = 4278255360
IDX__TXHDRMGTRIGCTRL1 = 4294965248
IDX__TXHDRMGTRIGCTRL2 = 4278255360
IDX__TXHDRSP03 = 0
IDX__TXHDRLSADC = 1048320
IDX__TXHDRPOLSTAT = NEG
IDX__TXHDRSP04 = 0
IDX__TXHDRPOLCTRL = POS
IDX__TXHDRCOINENA = DIS
IDX__TXHDRLSTRIGMODE = DIS
IDX__TXHDRMGTRIGMODE = 0
IDX__TXHDRLGTRIGMODE = 0
IDX__TXHDRHGTRIGMODE = 1
IDX__TXHDRSP05 = 0
IDX__TXHDRSP06 = 0
IDX__TXHDRSP07 = 2020
IDX__TXHDRSP08 = 0
IDX__TXHDRTOFMAX = 558373887
IDX__TXHDRTOFMIN = 535295476
IDX__TXHDRLS0MAXMIN = 8468493
IDX__TXHDRLS1MAXMIN = 8452072
IDX__TXHDRLS2MAXMIN = 8345572
IDX__TXHDRFIFODELAY = 15
IDX__TXHDRSAMPDELAY = 49331276
IDX__TXHDRTRANSCNT = 10
IDX__TXHDRPROCHKCH01 = 83821394
IDX__TXHDRPROCHKCH23 = 102302894
IDX__TXHDRPROCHKCH45 = 167970010
IDX__TXHDRPROCHKCH67 = 133695768
IDX__TXHDRHVPSHKCH01 = 131860073
IDX__TXHDRHVPSHKCH23 = 8849070
IDX__TXHDRHVPSHKCH45 = 153290714
IDX__TXHDRHVPSHKCH67 = 19991184
IDX__TXHDRLVHK0CH01 = 134219776
IDX__TXHDRLVHK0CH23 = 172035001
IDX__TXHDRLVHK0CH45 = 134745194
IDX__TXHDRLVHK0CH67 = 205917267
IDX__TXHDRLVHK1CH01 = 34801304
IDX__TXHDRLVHK1CH23 = 74712528
IDX__TXHDRLVHK1CH45 = 215484233
IDX__TXHDRLVHK1CH67 = 193003972
IDX__TXHDRLVHK2CH01 = 82314475
IDX__TXHDRLVHK2CH23 = 188680970
IDX__TXHDRLVHK2CH45 = 101059604
IDX__TXHDRLVHK2CH67 = 69016
IDX__TXHDRSP09 = 0
IDX__TXHDRSP10 = 0
IDX__TXHDRFSWAIDCOPY = 2415277392
IDX__TXHDRFSWBINCOPY = 0
IDX__TXHDRFSWMAJOR = 2
IDX__TXHDRFSWMINOR = 0
IDX__TXHDRFSWPATCH = 0
IDX__TXHDRFSWHVSTAT = 3
IDX__TXHDRFSWMEM0 = 0
IDX__TXHDRFSWMEM1 = 0
IDX__TXHDRFSWPT0 = 0
IDX__TXHDRFSWPT1 = 0
IDX__TXHDRFSWPT2 = 0
IDX__TXHDRFSWPT3 = 0
IDX__TXHDRFSWPT4 = 0
IDX__TXHDRFSWPT5 = 0
IDX__TXHDRFSWPT6 = 0
IDX__TXHDRFSWPT7 = 0
IDX__TXHDRFSWPT8 = 0
IDX__TXHDRFSWPT9 = 0
IDX__TXHDRFPGAVER = 539165480
IDX__SYNCSCI0PKT = 13107
IDX__CRCSCI0PKT = 13047
^*****Event header 17******^
EVTNUM: 17
SCI0TYPE: 1
TXHDRBLOCKS RAW: 243679
TXHDRBLOCKS DERIVED: 243679
-----
HS pre trig sampling blocks:  31
LS pre trig sampling blocks:  3
HS post trig sampling blocks:  31
LS post trig sampling blocks:  11
IDX__TXHDRHVPSHKCH01 = 131860073
Detector voltage =  1641
Sensor voltage =  2012
Target voltage =  1710
Reflectron voltage =  135
Rejection voltage =  2010
Current for HVPS sensor =  2339
Positive current for HVPS sensor =  2704
Negative current for HVPS sensor =  305
Voltage +3.3V reference =  2048
Voltage +3.3V operational reference =  2048
Voltage -6V bus =  3001
Voltage +6V bus =  2625
Voltage +16V bus =  3178
Voltage +3.3V bus =  2056
Voltage -5V bus =  3155
Voltage +5V bus =  3142
Current +3.3V bus =  1688
Current +16V bus =  1140
Current +6V bus =  1488
Current -6V bus =  1140
Current +5V bus =  1865
Current -5V bus =  3288
Current +2.5V bus =  452
Current -2.5V bus =  2945
Current on the 1V POL =  850
Current on the 1.9V POL =  1279
ProcBd Temperature 1 =  1198
ProcBd Temperature 2 =  1561
Voltage on 1V bus =  1242
FPGA Temperature =  2563
Voltage on 1.9V bus =  2328
Voltage on 3.3V bus =  2040
var_to_row = {'Last measurement in raw DN for Processor Board signal “1V POL Current”': 0, 'Last measurement in raw DN for Processor Board signal “1.9V POL Current”': 1, 'Last measurement in raw DN for Processor Board signal “ProcBd Temp1”': 2, nan: 48, 'Last measurement in raw DN for Processor Board signal “ProcBd Temp2”': 6, 'Last measurement in raw DN for Processor Board signal “1V Voltage”': 10, 'Last measurement in raw DN for Processor Board signal “FPGA Temp”': 11, 'Last measurement in raw DN for Processor Board signal “1.9V Voltage”': 12, 'Last measurement in raw DN for Processor Board signal “3.3V Voltage”': 13, 'Last measurement in raw DN for HVPS Board signal “Detector Voltage”': 14, 'Last measurement in raw DN for HVPS Board signal “Sensor Voltage"': 15, 'Last measurement in raw DN for HVPS Board signal “Target Voltage”': 16, 'Last measurement in raw DN for HVPS Board signal “Reflectron Voltage”': 17, 'Last measurement in raw DN for HVPS Board signal “Rejection Voltage”': 18, 'Last measurement in raw DN for HVPS Board signal “Detector Current”': 19, 'Last measurement in raw DN for HVPS Board signal “Sensor IP”': 20, 'Last measurement in raw DN for HVPS Board signal “Sensor IN”': 21, 'Last measurement in raw DN for LVPS Board signal “P3.3VREF_HK”': 22, 'Last measurement in raw DN for LVPS Board signal “P3.3VREF_OP”': 23, 'Last measurement in raw DN for LVPS Board signal “N6V”': 24, 'Last measurement in raw DN for LVPS Board signal “P6V”': 25, 'Last measurement in raw DN for LVPS Board signal “P16V”': 26, 'Last measurement in raw DN for LVPS Board signal “P3.3V”': 27, 'Last measurement in raw DN for LVPS Board signal “N5V”': 28, 'Last measurement in raw DN for LVPS Board signal “P5V”': 29, 'Last measurement in raw DN for LVPS Board signal “P3.3_IMON”': 30, 'Last measurement in raw DN for LVPS Board signal “P16V_IMON”': 31, 'Last measurement in raw DN for LVPS Board signal “P6V_IMON”': 32, 'Last measurement in raw DN for LVPS Board signal “N6V_IMON”': 33, 'Last measurement in raw DN for LVPS Board signal “P5V_IMON”': 34, 'Last measurement in raw DN for LVPS Board signal “N5V_IMON”': 35, 'Last measurement in raw DN for LVPS Board signal “P2.5V_IMON”': 36, 'Last measurement in raw DN for LVPS Board signal “N2.5V_IMON”': 37, 'Last measurement in raw DN for LVPS Board signal “THERM_DECON0”': 38, 'Last measurement in raw DN for LVPS Board signal “THERM_DECON1”': 39, 'Last measurement in raw DN for LVPS Board signal “THERM_DAB”': 40, 'Last measurement in raw DN for LVPS Board signal “THERM_LVPS”': 41, 'Last measurement in raw DN for LVPS Board signal “THERM_HVPS”': 45, 'Last measurement in raw DN for LVPS Board signal “P2.5V”': 49, 'Last measurement in raw DN for LVPS Board signal “N2.5V”': 50, 'Last measurement in raw DN for LVPS Board signal “Spare”': 51}

 
 ***** var_name being converted for each instrument setting ***** 
 

Matching row  18
coeffs for Last measurement in raw DN for Processor Board signal “1V POL Current”= [0.0 0.9029253 0.0 0.0 0.0 0.0 0.0 0.0]
var_name = Last measurement in raw DN for Processor Board signal “1V POL Current”
var_name = current_1V_pol
Header info = 850
Transformed value for current_1V_pol = 767.4865050000001
Matching row  18
coeffs for Last measurement in raw DN for Processor Board signal “1.9V POL Current”= [0.0 0.9029253 0.0 0.0 0.0 0.0 0.0 0.0]
var_name = Last measurement in raw DN for Processor Board signal “1.9V POL Current”
var_name = current_1.9V_pol
Header info = 1279
Transformed value for current_1.9V_pol = 1154.8414587
Matching row  18
coeffs for Last measurement in raw DN for Processor Board signal “ProcBd Temp1”= [162.8276 -0.2668687 0.0003323794 -2.43153e-07 9.034532e-11 -1.327735e-14
 0.0 0.0]
var_name = Last measurement in raw DN for Processor Board signal “ProcBd Temp1”
var_name = temperature_1
Header info = 1198
Transformed value for temperature_1 = 55.41044834983295
Matching row  18
coeffs for nan= [-104713.9 52.02446 -0.006463374 0.0 0.0 0.0 0.0 0.0]
var_name = nan
var_name = None
KeyError: (17, None) - Could not find entry for None, 48. Please check the Var_notes or variable mapping.
Matching row  18
coeffs for Last measurement in raw DN for Processor Board signal “ProcBd Temp2”= [162.8276 -0.2668687 0.0003323794 -2.43153e-07 9.034532e-11 -1.327735e-14
 0.0 0.0]
var_name = Last measurement in raw DN for Processor Board signal “ProcBd Temp2”
var_name = temperature_2
Header info = 1561
Transformed value for temperature_2 = 44.64778748986298
Matching row  18
coeffs for Last measurement in raw DN for Processor Board signal “1V Voltage”= [0.0 0.000805861 0.0 0.0 0.0 0.0 0.0 0.0]
var_name = Last measurement in raw DN for Processor Board signal “1V Voltage”
var_name = voltage_1V_bus
Header info = 1242
Transformed value for voltage_1V_bus = 1.0008793619999998
Matching row  18
coeffs for Last measurement in raw DN for Processor Board signal “FPGA Temp”= [358.31 -0.1187104 0.0 0.0 0.0 0.0 0.0 0.0]
var_name = Last measurement in raw DN for Processor Board signal “FPGA Temp”
var_name = fpga_temperature
Header info = 2563
Transformed value for fpga_temperature = 54.055244800000025
Matching row  18
coeffs for Last measurement in raw DN for Processor Board signal “1.9V Voltage”= [0.0 0.000805861 0.0 0.0 0.0 0.0 0.0 0.0]
var_name = Last measurement in raw DN for Processor Board signal “1.9V Voltage”
var_name = voltage_1.9V_bus
Header info = 2328
Transformed value for voltage_1.9V_bus = 1.8760444079999998
Matching row  18
coeffs for Last measurement in raw DN for Processor Board signal “3.3V Voltage”= [0.0 0.001611722 0.0 0.0 0.0 0.0 0.0 0.0]
var_name = Last measurement in raw DN for Processor Board signal “3.3V Voltage”
var_name = voltage_3.3V_bus
Header info = 2040
Transformed value for voltage_3.3V_bus = 3.28791288
Matching row  18
coeffs for Last measurement in raw DN for HVPS Board signal “Detector Voltage”= [0.0 1.4652 0.0 0.0 0.0 0.0 0.0 0.0]
var_name = Last measurement in raw DN for HVPS Board signal “Detector Voltage”
var_name = detector_voltage
Header info = 1641
Transformed value for detector_voltage = 2404.3932
Matching row  18
coeffs for Last measurement in raw DN for HVPS Board signal “Sensor Voltage"= [0.0 1.4652 0.0 0.0 0.0 0.0 0.0 0.0]
var_name = Last measurement in raw DN for HVPS Board signal “Sensor Voltage"
var_name = sensor_voltage
Header info = 2012
Transformed value for sensor_voltage = 2947.9824000000003
Matching row  18
coeffs for Last measurement in raw DN for HVPS Board signal “Target Voltage”= [0.0 1.4652 0.0 0.0 0.0 0.0 0.0 0.0]
var_name = Last measurement in raw DN for HVPS Board signal “Target Voltage”
var_name = target_voltage
Header info = 1710
Transformed value for target_voltage = 2505.492
Matching row  18
coeffs for Last measurement in raw DN for HVPS Board signal “Reflectron Voltage”= [0.0 1.4652 0.0 0.0 0.0 0.0 0.0 0.0]
var_name = Last measurement in raw DN for HVPS Board signal “Reflectron Voltage”
var_name = reflectron_voltage
Header info = 135
Transformed value for reflectron_voltage = 197.80200000000002
Matching row  18
coeffs for Last measurement in raw DN for HVPS Board signal “Rejection Voltage”= [0.0 1.4652 0.0 0.0 0.0 0.0 0.0 0.0]
var_name = Last measurement in raw DN for HVPS Board signal “Rejection Voltage”
var_name = rejection_voltage
Header info = 2010
Transformed value for rejection_voltage = 2945.052
Matching row  18
coeffs for Last measurement in raw DN for HVPS Board signal “Detector Current”= [0.0 7.326e-06 0.0 0.0 0.0 0.0 0.0 0.0]
var_name = Last measurement in raw DN for HVPS Board signal “Detector Current”
var_name = current_hvps_sensor
Header info = 2339
Transformed value for current_hvps_sensor = 0.017135514
Matching row  18
coeffs for Last measurement in raw DN for HVPS Board signal “Sensor IP”= [0.0 2.4339e-05 0.0 0.0 0.0 0.0 0.0 0.0]
var_name = Last measurement in raw DN for HVPS Board signal “Sensor IP”
var_name = positive_current_hvps
Header info = 2704
Transformed value for positive_current_hvps = 0.065812656
Matching row  18
coeffs for Last measurement in raw DN for HVPS Board signal “Sensor IN”= [0.0 2.4339e-05 0.0 0.0 0.0 0.0 0.0 0.0]
var_name = Last measurement in raw DN for HVPS Board signal “Sensor IN”
var_name = negative_current_hvps
Header info = 305
Transformed value for negative_current_hvps = 0.007423394999999999
Matching row  18
coeffs for Last measurement in raw DN for LVPS Board signal “P3.3VREF_HK”= [0.0 0.00161172 0.0 0.0 0.0 0.0 0.0 0.0]
var_name = Last measurement in raw DN for LVPS Board signal “P3.3VREF_HK”
var_name = voltage_3V3_ref
Header info = 2048
Transformed value for voltage_3V3_ref = 3.30080256
Matching row  18
coeffs for Last measurement in raw DN for LVPS Board signal “P3.3VREF_OP”= [0.0 0.00161172 0.0 0.0 0.0 0.0 0.0 0.0]
var_name = Last measurement in raw DN for LVPS Board signal “P3.3VREF_OP”
var_name = voltage_3V3_op_ref
Header info = 2048
Transformed value for voltage_3V3_op_ref = 3.30080256
Matching row  18
coeffs for Last measurement in raw DN for LVPS Board signal “N6V”= [-33.0 0.00886447 0.0 0.0 0.0 0.0 0.0 0.0]
var_name = Last measurement in raw DN for LVPS Board signal “N6V”
var_name = voltage_neg6V_bus
Header info = 3001
Transformed value for voltage_neg6V_bus = -6.397725530000002
Matching row  18
coeffs for Last measurement in raw DN for LVPS Board signal “P6V”= [0.0 0.00241758 0.0 0.0 0.0 0.0 0.0 0.0]
var_name = Last measurement in raw DN for LVPS Board signal “P6V”
var_name = voltage_pos6V_bus
Header info = 2625
Transformed value for voltage_pos6V_bus = 6.3461475
Matching row  18
coeffs for Last measurement in raw DN for LVPS Board signal “P16V”= [0.0 0.00482711 0.0 0.0 0.0 0.0 0.0 0.0]
var_name = Last measurement in raw DN for LVPS Board signal “P16V”
var_name = voltage_pos16V_bus
Header info = 3178
Transformed value for voltage_pos16V_bus = 15.34055558
Matching row  18
coeffs for Last measurement in raw DN for LVPS Board signal “P3.3V”= [0.0 0.00161172 0.0 0.0 0.0 0.0 0.0 0.0]
var_name = Last measurement in raw DN for LVPS Board signal “P3.3V”
var_name = voltage_pos3V3_bus
Header info = 2056
Transformed value for voltage_pos3V3_bus = 3.31369632
Matching row  18
coeffs for Last measurement in raw DN for LVPS Board signal “N5V”= [-33.0 0.00886447 0.0 0.0 0.0 0.0 0.0 0.0]
var_name = Last measurement in raw DN for LVPS Board signal “N5V”
var_name = voltage_neg5V_bus
Header info = 3155
Transformed value for voltage_neg5V_bus = -5.032597150000001
Matching row  18
coeffs for Last measurement in raw DN for LVPS Board signal “P5V”= [0.0 0.00161172 0.0 0.0 0.0 0.0 0.0 0.0]
var_name = Last measurement in raw DN for LVPS Board signal “P5V”
var_name = voltage_pos5V_bus
Header info = 3142
Transformed value for voltage_pos5V_bus = 5.06402424
Matching row  18
coeffs for Last measurement in raw DN for LVPS Board signal “P3.3_IMON”= [0.0 0.00161172 0.0 0.0 0.0 0.0 0.0 0.0]
var_name = Last measurement in raw DN for LVPS Board signal “P3.3_IMON”
var_name = current_3V3_bus
Header info = 1688
Transformed value for current_3V3_bus = 2.72058336
Matching row  18
coeffs for Last measurement in raw DN for LVPS Board signal “P16V_IMON”= [0.0 0.000161172 0.0 0.0 0.0 0.0 0.0 0.0]
var_name = Last measurement in raw DN for LVPS Board signal “P16V_IMON”
var_name = current_16V_bus
Header info = 1140
Transformed value for current_16V_bus = 0.18373608
Matching row  18
coeffs for Last measurement in raw DN for LVPS Board signal “P6V_IMON”= [0.0 8.05861e-05 0.0 0.0 0.0 0.0 0.0 0.0]
var_name = Last measurement in raw DN for LVPS Board signal “P6V_IMON”
var_name = current_6V_bus
Header info = 1488
Transformed value for current_6V_bus = 0.1199121168
Matching row  18
coeffs for Last measurement in raw DN for LVPS Board signal “N6V_IMON”= [0.0 -8.05861e-05 0.0 0.0 0.0 0.0 0.0 0.0]
var_name = Last measurement in raw DN for LVPS Board signal “N6V_IMON”
var_name = current_neg6V_bus
Header info = 1140
Transformed value for current_neg6V_bus = -0.091868154
Matching row  18
coeffs for Last measurement in raw DN for LVPS Board signal “P5V_IMON”= [0.0 4.029304e-05 0.0 0.0 0.0 0.0 0.0 0.0]
var_name = Last measurement in raw DN for LVPS Board signal “P5V_IMON”
var_name = current_5V_bus
Header info = 1865
Transformed value for current_5V_bus = 0.0751465196
Matching row  18
coeffs for Last measurement in raw DN for LVPS Board signal “N5V_IMON”= [0.0 -2.01465e-05 0.0 0.0 0.0 0.0 0.0 0.0]
var_name = Last measurement in raw DN for LVPS Board signal “N5V_IMON”
var_name = current_neg5V_bus
Header info = 3288
Transformed value for current_neg5V_bus = -0.066241692
Matching row  18
coeffs for Last measurement in raw DN for LVPS Board signal “P2.5V_IMON”= [0.0 0.00161172 0.0 0.0 0.0 0.0 0.0 0.0]
var_name = Last measurement in raw DN for LVPS Board signal “P2.5V_IMON”
var_name = current_2V5_bus
Header info = 452
Transformed value for current_2V5_bus = 0.72849744
Matching row  18
coeffs for Last measurement in raw DN for LVPS Board signal “N2.5V_IMON”= [0.0 -4.0293e-05 0.0 0.0 0.0 0.0 0.0 0.0]
var_name = Last measurement in raw DN for LVPS Board signal “N2.5V_IMON”
var_name = current_neg2V5_bus
Header info = 2945
Transformed value for current_neg2V5_bus = -0.11866288500000001
Matching row  18
coeffs for Last measurement in raw DN for LVPS Board signal “THERM_DECON0”= [-110.293 0.0665351 0.000305738 -6.32048e-07 5.9934e-10 -2.98784e-13
 7.61361e-17 -7.76467e-21]
var_name = Last measurement in raw DN for LVPS Board signal “THERM_DECON0”
var_name = None
KeyError: (17, None) - Could not find entry for None, 38. Please check the Var_notes or variable mapping.
Matching row  18
coeffs for Last measurement in raw DN for LVPS Board signal “THERM_DECON1”= [-150.478 0.376986 -0.00062072 7.73853e-07 -5.81588e-10 2.56368e-13
 -6.05698e-17 5.96635e-21]
var_name = Last measurement in raw DN for LVPS Board signal “THERM_DECON1”
var_name = None
KeyError: (17, None) - Could not find entry for None, 39. Please check the Var_notes or variable mapping.
Matching row  18
coeffs for Last measurement in raw DN for LVPS Board signal “THERM_DAB”= [-443.248 1.31224 -0.00180422 1.40016e-06 -6.43766e-10 1.7448e-13
 -2.57695e-17 1.60239e-21]
var_name = Last measurement in raw DN for LVPS Board signal “THERM_DAB”
var_name = None
KeyError: (17, None) - Could not find entry for None, 40. Please check the Var_notes or variable mapping.
Matching row  18
coeffs for Last measurement in raw DN for LVPS Board signal “THERM_LVPS”= [200.4137 -0.2020699 0.000175403 -9.739547e-08 2.888932e-11 -3.545603e-15
 0.0 0.0]
var_name = Last measurement in raw DN for LVPS Board signal “THERM_LVPS”
var_name = None
KeyError: (17, None) - Could not find entry for None, 41. Please check the Var_notes or variable mapping.
Matching row  18
coeffs for Last measurement in raw DN for LVPS Board signal “THERM_HVPS”= [200.4137 -0.2020699 0.000175403 -9.739547e-08 2.888932e-11 -3.545603e-15
 0.0 0.0]
var_name = Last measurement in raw DN for LVPS Board signal “THERM_HVPS”
var_name = None
KeyError: (17, None) - Could not find entry for None, 45. Please check the Var_notes or variable mapping.
Matching row  18
coeffs for Last measurement in raw DN for LVPS Board signal “P2.5V”= [0.0 0.00161172 0.0 0.0 0.0 0.0 0.0 0.0]
var_name = Last measurement in raw DN for LVPS Board signal “P2.5V”
var_name = None
KeyError: (17, None) - Could not find entry for None, 49. Please check the Var_notes or variable mapping.
Matching row  18
coeffs for Last measurement in raw DN for LVPS Board signal “N2.5V”= [-33.0 0.00886447 0.0 0.0 0.0 0.0 0.0 0.0]
var_name = Last measurement in raw DN for LVPS Board signal “N2.5V”
var_name = None
KeyError: (17, None) - Could not find entry for None, 50. Please check the Var_notes or variable mapping.
Matching row  18
coeffs for Last measurement in raw DN for LVPS Board signal “Spare”= [0.0 0.00161172 0.0 0.0 0.0 0.0 0.0 0.0]
var_name = Last measurement in raw DN for LVPS Board signal “Spare”
var_name = spare_signal
KeyError: (17, 'spare_signal') - Could not find entry for spare_signal, 51. Please check the Var_notes or variable mapping.
High gain delay = 76 samples.
Mid gain delay = 47 samples.
Low gain delay = 47 samples.
High sampling trigger mode =  0 0 1
High gain trigger mode enabled.
For 2222981120, HG Trigger level = 0.15317, sample settings = 0, 0
Threshold trigger mode enabled for high gain channel.
AID = 2415277392
Event number = 98
Rice compression enabled = False
Timestamp = 439515558.6783 seconds since epoch (Midnight January 1st, 2010)
Trigger time = 2023-12-05T23:39:18.678300Z
17
17
17
17
17
17
17
17
17
17
17
17
17
{'SHCOARSE': ParsedDataItem(SHCOARSE, raw=439515903, derived=439515903, unit=dn), 'SHFINE': ParsedDataItem(SHFINE, raw=9256, derived=9256, unit=dn), 'IDX__SCI0AID': ParsedDataItem(IDX__SCI0AID, raw=2415277392, derived=2415277392, unit=None), 'IDX__SCI0TYPE': ParsedDataItem(IDX__SCI0TYPE, raw=1, derived=1, unit=None), 'IDX__SCI0CONT': ParsedDataItem(IDX__SCI0CONT, raw=127, derived=127, unit=None), 'IDX__SCI0SPARE1': ParsedDataItem(IDX__SCI0SPARE1, raw=0, derived=0, unit=None), 'IDX__SCI0PACK': ParsedDataItem(IDX__SCI0PACK, raw=1, derived=EN, unit=None), 'IDX__SCI0FRAG': ParsedDataItem(IDX__SCI0FRAG, raw=0, derived=DS, unit=None), 'IDX__SCI0COMP': ParsedDataItem(IDX__SCI0COMP, raw=0, derived=DS, unit=None), 'IDX__SCI0EVTNUM': ParsedDataItem(IDX__SCI0EVTNUM, raw=99, derived=99, unit=None), 'IDX__SCI0CAT': ParsedDataItem(IDX__SCI0CAT, raw=32, derived=32, unit=None), 'IDX__SCI0QUAL': ParsedDataItem(IDX__SCI0QUAL, raw=5, derived=5, unit=None), 'IDX__SCI0FRAGOFF': ParsedDataItem(IDX__SCI0FRAGOFF, raw=0, derived=0, unit=None), 'IDX__SCI0VER': ParsedDataItem(IDX__SCI0VER, raw=9, derived=9, unit=None), 'IDX__SCI0TIME32': ParsedDataItem(IDX__SCI0TIME32, raw=439515559, derived=439515559, unit=None), 'IDX__SCI0SPARE2': ParsedDataItem(IDX__SCI0SPARE2, raw=0, derived=0, unit=None), 'IDX__SCI0SPARE3': ParsedDataItem(IDX__SCI0SPARE3, raw=0, derived=0, unit=None), 'IDX__SCI0SPARE4': ParsedDataItem(IDX__SCI0SPARE4, raw=0, derived=0, unit=None), 'IDX__TXHDRSCIEVTLEN': ParsedDataItem(IDX__TXHDRSCIEVTLEN, raw=8320, derived=8320, unit=None), 'IDX__TXHDRSP00': ParsedDataItem(IDX__TXHDRSP00, raw=0, derived=0, unit=None), 'IDX__TXHDRTIMESEC1': ParsedDataItem(IDX__TXHDRTIMESEC1, raw=6706, derived=6706, unit=None), 'IDX__TXHDRTIMESEC2': ParsedDataItem(IDX__TXHDRTIMESEC2, raw=31143, derived=31143, unit=None), 'IDX__TXHDRTIMESUBS': ParsedDataItem(IDX__TXHDRTIMESUBS, raw=33912, derived=33912, unit=None), 'IDX__TXHDRSP01': ParsedDataItem(IDX__TXHDRSP01, raw=0, derived=0, unit=None), 'IDX__TXHDRTRIGOFFSET': ParsedDataItem(IDX__TXHDRTRIGOFFSET, raw=5, derived=5, unit=None), 'IDX__TXHDRSP02': ParsedDataItem(IDX__TXHDRSP02, raw=0, derived=0, unit=None), 'IDX__TXHDRTRIGID': ParsedDataItem(IDX__TXHDRTRIGID, raw=1, derived=1, unit=None), 'IDX__TXHDREVTNUM': ParsedDataItem(IDX__TXHDREVTNUM, raw=99, derived=99, unit=None), 'IDX__TXHDRBLOCKS': ParsedDataItem(IDX__TXHDRBLOCKS, raw=243679, derived=243679, unit=None), 'IDX__TXHDRHGTRIGCTRL1': ParsedDataItem(IDX__TXHDRHGTRIGCTRL1, raw=2222981120, derived=2222981120, unit=None), 'IDX__TXHDRHGTRIGCTRL2': ParsedDataItem(IDX__TXHDRHGTRIGCTRL2, raw=0, derived=0, unit=None), 'IDX__TXHDRLGTRIGCTRL1': ParsedDataItem(IDX__TXHDRLGTRIGCTRL1, raw=4294965248, derived=4294965248, unit=None), 'IDX__TXHDRLGTRIGCTRL2': ParsedDataItem(IDX__TXHDRLGTRIGCTRL2, raw=4278255360, derived=4278255360, unit=None), 'IDX__TXHDRMGTRIGCTRL1': ParsedDataItem(IDX__TXHDRMGTRIGCTRL1, raw=4294965248, derived=4294965248, unit=None), 'IDX__TXHDRMGTRIGCTRL2': ParsedDataItem(IDX__TXHDRMGTRIGCTRL2, raw=4278255360, derived=4278255360, unit=None), 'IDX__TXHDRSP03': ParsedDataItem(IDX__TXHDRSP03, raw=0, derived=0, unit=None), 'IDX__TXHDRLSADC': ParsedDataItem(IDX__TXHDRLSADC, raw=1048320, derived=1048320, unit=None), 'IDX__TXHDRPOLSTAT': ParsedDataItem(IDX__TXHDRPOLSTAT, raw=1, derived=NEG, unit=None), 'IDX__TXHDRSP04': ParsedDataItem(IDX__TXHDRSP04, raw=0, derived=0, unit=None), 'IDX__TXHDRPOLCTRL': ParsedDataItem(IDX__TXHDRPOLCTRL, raw=0, derived=POS, unit=None), 'IDX__TXHDRCOINENA': ParsedDataItem(IDX__TXHDRCOINENA, raw=0, derived=DIS, unit=None), 'IDX__TXHDRLSTRIGMODE': ParsedDataItem(IDX__TXHDRLSTRIGMODE, raw=0, derived=DIS, unit=None), 'IDX__TXHDRMGTRIGMODE': ParsedDataItem(IDX__TXHDRMGTRIGMODE, raw=0, derived=0, unit=None), 'IDX__TXHDRLGTRIGMODE': ParsedDataItem(IDX__TXHDRLGTRIGMODE, raw=0, derived=0, unit=None), 'IDX__TXHDRHGTRIGMODE': ParsedDataItem(IDX__TXHDRHGTRIGMODE, raw=1, derived=1, unit=None), 'IDX__TXHDRSP05': ParsedDataItem(IDX__TXHDRSP05, raw=0, derived=0, unit=None), 'IDX__TXHDRSP06': ParsedDataItem(IDX__TXHDRSP06, raw=0, derived=0, unit=None), 'IDX__TXHDRSP07': ParsedDataItem(IDX__TXHDRSP07, raw=2020, derived=2020, unit=None), 'IDX__TXHDRSP08': ParsedDataItem(IDX__TXHDRSP08, raw=0, derived=0, unit=None), 'IDX__TXHDRTOFMAX': ParsedDataItem(IDX__TXHDRTOFMAX, raw=576198655, derived=576198655, unit=None), 'IDX__TXHDRTOFMIN': ParsedDataItem(IDX__TXHDRTOFMIN, raw=535295459, derived=535295459, unit=None), 'IDX__TXHDRLS0MAXMIN': ParsedDataItem(IDX__TXHDRLS0MAXMIN, raw=8468494, derived=8468494, unit=None), 'IDX__TXHDRLS1MAXMIN': ParsedDataItem(IDX__TXHDRLS1MAXMIN, raw=8456166, derived=8456166, unit=None), 'IDX__TXHDRLS2MAXMIN': ParsedDataItem(IDX__TXHDRLS2MAXMIN, raw=8767460, derived=8767460, unit=None), 'IDX__TXHDRFIFODELAY': ParsedDataItem(IDX__TXHDRFIFODELAY, raw=16, derived=16, unit=None), 'IDX__TXHDRSAMPDELAY': ParsedDataItem(IDX__TXHDRSAMPDELAY, raw=40934470, derived=40934470, unit=None), 'IDX__TXHDRTRANSCNT': ParsedDataItem(IDX__TXHDRTRANSCNT, raw=14, derived=14, unit=None), 'IDX__TXHDRPROCHKCH01': ParsedDataItem(IDX__TXHDRPROCHKCH01, raw=83821392, derived=83821392, unit=None), 'IDX__TXHDRPROCHKCH23': ParsedDataItem(IDX__TXHDRPROCHKCH23, raw=102302894, derived=102302894, unit=None), 'IDX__TXHDRPROCHKCH45': ParsedDataItem(IDX__TXHDRPROCHKCH45, raw=168035546, derived=168035546, unit=None), 'IDX__TXHDRPROCHKCH67': ParsedDataItem(IDX__TXHDRPROCHKCH67, raw=133695768, derived=133695768, unit=None), 'IDX__TXHDRHVPSHKCH01': ParsedDataItem(IDX__TXHDRHVPSHKCH01, raw=131860073, derived=131860073, unit=None), 'IDX__TXHDRHVPSHKCH23': ParsedDataItem(IDX__TXHDRHVPSHKCH23, raw=8849070, derived=8849070, unit=None), 'IDX__TXHDRHVPSHKCH45': ParsedDataItem(IDX__TXHDRHVPSHKCH45, raw=153290714, derived=153290714, unit=None), 'IDX__TXHDRHVPSHKCH67': ParsedDataItem(IDX__TXHDRHVPSHKCH67, raw=19991184, derived=19991184, unit=None), 'IDX__TXHDRLVHK0CH01': ParsedDataItem(IDX__TXHDRLVHK0CH01, raw=134219776, derived=134219776, unit=None), 'IDX__TXHDRLVHK0CH23': ParsedDataItem(IDX__TXHDRLVHK0CH23, raw=172035001, derived=172035001, unit=None), 'IDX__TXHDRLVHK0CH45': ParsedDataItem(IDX__TXHDRLVHK0CH45, raw=134745194, derived=134745194, unit=None), 'IDX__TXHDRLVHK0CH67': ParsedDataItem(IDX__TXHDRLVHK0CH67, raw=205917267, derived=205917267, unit=None), 'IDX__TXHDRLVHK1CH01': ParsedDataItem(IDX__TXHDRLVHK1CH01, raw=34801304, derived=34801304, unit=None), 'IDX__TXHDRLVHK1CH23': ParsedDataItem(IDX__TXHDRLVHK1CH23, raw=74712528, derived=74712528, unit=None), 'IDX__TXHDRLVHK1CH45': ParsedDataItem(IDX__TXHDRLVHK1CH45, raw=215484233, derived=215484233, unit=None), 'IDX__TXHDRLVHK1CH67': ParsedDataItem(IDX__TXHDRLVHK1CH67, raw=193003972, derived=193003972, unit=None), 'IDX__TXHDRLVHK2CH01': ParsedDataItem(IDX__TXHDRLVHK2CH01, raw=82314476, derived=82314476, unit=None), 'IDX__TXHDRLVHK2CH23': ParsedDataItem(IDX__TXHDRLVHK2CH23, raw=188680970, derived=188680970, unit=None), 'IDX__TXHDRLVHK2CH45': ParsedDataItem(IDX__TXHDRLVHK2CH45, raw=100994068, derived=100994068, unit=None), 'IDX__TXHDRLVHK2CH67': ParsedDataItem(IDX__TXHDRLVHK2CH67, raw=69016, derived=69016, unit=None), 'IDX__TXHDRSP09': ParsedDataItem(IDX__TXHDRSP09, raw=0, derived=0, unit=None), 'IDX__TXHDRSP10': ParsedDataItem(IDX__TXHDRSP10, raw=0, derived=0, unit=None), 'IDX__TXHDRFSWAIDCOPY': ParsedDataItem(IDX__TXHDRFSWAIDCOPY, raw=2415277392, derived=2415277392, unit=None), 'IDX__TXHDRFSWBINCOPY': ParsedDataItem(IDX__TXHDRFSWBINCOPY, raw=0, derived=0, unit=None), 'IDX__TXHDRFSWMAJOR': ParsedDataItem(IDX__TXHDRFSWMAJOR, raw=2, derived=2, unit=None), 'IDX__TXHDRFSWMINOR': ParsedDataItem(IDX__TXHDRFSWMINOR, raw=0, derived=0, unit=None), 'IDX__TXHDRFSWPATCH': ParsedDataItem(IDX__TXHDRFSWPATCH, raw=0, derived=0, unit=None), 'IDX__TXHDRFSWHVSTAT': ParsedDataItem(IDX__TXHDRFSWHVSTAT, raw=3, derived=3, unit=None), 'IDX__TXHDRFSWMEM0': ParsedDataItem(IDX__TXHDRFSWMEM0, raw=0, derived=0, unit=None), 'IDX__TXHDRFSWMEM1': ParsedDataItem(IDX__TXHDRFSWMEM1, raw=0, derived=0, unit=None), 'IDX__TXHDRFSWPT0': ParsedDataItem(IDX__TXHDRFSWPT0, raw=0, derived=0, unit=None), 'IDX__TXHDRFSWPT1': ParsedDataItem(IDX__TXHDRFSWPT1, raw=0, derived=0, unit=None), 'IDX__TXHDRFSWPT2': ParsedDataItem(IDX__TXHDRFSWPT2, raw=0, derived=0, unit=None), 'IDX__TXHDRFSWPT3': ParsedDataItem(IDX__TXHDRFSWPT3, raw=0, derived=0, unit=None), 'IDX__TXHDRFSWPT4': ParsedDataItem(IDX__TXHDRFSWPT4, raw=0, derived=0, unit=None), 'IDX__TXHDRFSWPT5': ParsedDataItem(IDX__TXHDRFSWPT5, raw=0, derived=0, unit=None), 'IDX__TXHDRFSWPT6': ParsedDataItem(IDX__TXHDRFSWPT6, raw=0, derived=0, unit=None), 'IDX__TXHDRFSWPT7': ParsedDataItem(IDX__TXHDRFSWPT7, raw=0, derived=0, unit=None), 'IDX__TXHDRFSWPT8': ParsedDataItem(IDX__TXHDRFSWPT8, raw=0, derived=0, unit=None), 'IDX__TXHDRFSWPT9': ParsedDataItem(IDX__TXHDRFSWPT9, raw=0, derived=0, unit=None), 'IDX__TXHDRFPGAVER': ParsedDataItem(IDX__TXHDRFPGAVER, raw=539165480, derived=539165480, unit=None), 'IDX__SYNCSCI0PKT': ParsedDataItem(IDX__SYNCSCI0PKT, raw=13107, derived=13107, unit=None), 'IDX__CRCSCI0PKT': ParsedDataItem(IDX__CRCSCI0PKT, raw=24881, derived=24881, unit=None)}
SHCOARSE = 439515903
SHFINE = 9256
IDX__SCI0AID = 2415277392
IDX__SCI0TYPE = 1
IDX__SCI0CONT = 127
IDX__SCI0SPARE1 = 0
IDX__SCI0PACK = EN
IDX__SCI0FRAG = DS
IDX__SCI0COMP = DS
IDX__SCI0EVTNUM = 99
IDX__SCI0CAT = 32
IDX__SCI0QUAL = 5
IDX__SCI0FRAGOFF = 0
IDX__SCI0VER = 9
IDX__SCI0TIME32 = 439515559
IDX__SCI0SPARE2 = 0
IDX__SCI0SPARE3 = 0
IDX__SCI0SPARE4 = 0
IDX__TXHDRSCIEVTLEN = 8320
IDX__TXHDRSP00 = 0
IDX__TXHDRTIMESEC1 = 6706
IDX__TXHDRTIMESEC2 = 31143
IDX__TXHDRTIMESUBS = 33912
IDX__TXHDRSP01 = 0
IDX__TXHDRTRIGOFFSET = 5
IDX__TXHDRSP02 = 0
IDX__TXHDRTRIGID = 1
IDX__TXHDREVTNUM = 99
IDX__TXHDRBLOCKS = 243679
IDX__TXHDRHGTRIGCTRL1 = 2222981120
IDX__TXHDRHGTRIGCTRL2 = 0
IDX__TXHDRLGTRIGCTRL1 = 4294965248
IDX__TXHDRLGTRIGCTRL2 = 4278255360
IDX__TXHDRMGTRIGCTRL1 = 4294965248
IDX__TXHDRMGTRIGCTRL2 = 4278255360
IDX__TXHDRSP03 = 0
IDX__TXHDRLSADC = 1048320
IDX__TXHDRPOLSTAT = NEG
IDX__TXHDRSP04 = 0
IDX__TXHDRPOLCTRL = POS
IDX__TXHDRCOINENA = DIS
IDX__TXHDRLSTRIGMODE = DIS
IDX__TXHDRMGTRIGMODE = 0
IDX__TXHDRLGTRIGMODE = 0
IDX__TXHDRHGTRIGMODE = 1
IDX__TXHDRSP05 = 0
IDX__TXHDRSP06 = 0
IDX__TXHDRSP07 = 2020
IDX__TXHDRSP08 = 0
IDX__TXHDRTOFMAX = 576198655
IDX__TXHDRTOFMIN = 535295459
IDX__TXHDRLS0MAXMIN = 8468494
IDX__TXHDRLS1MAXMIN = 8456166
IDX__TXHDRLS2MAXMIN = 8767460
IDX__TXHDRFIFODELAY = 16
IDX__TXHDRSAMPDELAY = 40934470
IDX__TXHDRTRANSCNT = 14
IDX__TXHDRPROCHKCH01 = 83821392
IDX__TXHDRPROCHKCH23 = 102302894
IDX__TXHDRPROCHKCH45 = 168035546
IDX__TXHDRPROCHKCH67 = 133695768
IDX__TXHDRHVPSHKCH01 = 131860073
IDX__TXHDRHVPSHKCH23 = 8849070
IDX__TXHDRHVPSHKCH45 = 153290714
IDX__TXHDRHVPSHKCH67 = 19991184
IDX__TXHDRLVHK0CH01 = 134219776
IDX__TXHDRLVHK0CH23 = 172035001
IDX__TXHDRLVHK0CH45 = 134745194
IDX__TXHDRLVHK0CH67 = 205917267
IDX__TXHDRLVHK1CH01 = 34801304
IDX__TXHDRLVHK1CH23 = 74712528
IDX__TXHDRLVHK1CH45 = 215484233
IDX__TXHDRLVHK1CH67 = 193003972
IDX__TXHDRLVHK2CH01 = 82314476
IDX__TXHDRLVHK2CH23 = 188680970
IDX__TXHDRLVHK2CH45 = 100994068
IDX__TXHDRLVHK2CH67 = 69016
IDX__TXHDRSP09 = 0
IDX__TXHDRSP10 = 0
IDX__TXHDRFSWAIDCOPY = 2415277392
IDX__TXHDRFSWBINCOPY = 0
IDX__TXHDRFSWMAJOR = 2
IDX__TXHDRFSWMINOR = 0
IDX__TXHDRFSWPATCH = 0
IDX__TXHDRFSWHVSTAT = 3
IDX__TXHDRFSWMEM0 = 0
IDX__TXHDRFSWMEM1 = 0
IDX__TXHDRFSWPT0 = 0
IDX__TXHDRFSWPT1 = 0
IDX__TXHDRFSWPT2 = 0
IDX__TXHDRFSWPT3 = 0
IDX__TXHDRFSWPT4 = 0
IDX__TXHDRFSWPT5 = 0
IDX__TXHDRFSWPT6 = 0
IDX__TXHDRFSWPT7 = 0
IDX__TXHDRFSWPT8 = 0
IDX__TXHDRFSWPT9 = 0
IDX__TXHDRFPGAVER = 539165480
IDX__SYNCSCI0PKT = 13107
IDX__CRCSCI0PKT = 24881
^*****Event header 18******^
EVTNUM: 18
SCI0TYPE: 1
TXHDRBLOCKS RAW: 243679
TXHDRBLOCKS DERIVED: 243679
-----
HS pre trig sampling blocks:  31
LS pre trig sampling blocks:  3
HS post trig sampling blocks:  31
LS post trig sampling blocks:  11
IDX__TXHDRHVPSHKCH01 = 131860073
Detector voltage =  1641
Sensor voltage =  2012
Target voltage =  1710
Reflectron voltage =  135
Rejection voltage =  2010
Current for HVPS sensor =  2339
Positive current for HVPS sensor =  2704
Negative current for HVPS sensor =  305
Voltage +3.3V reference =  2048
Voltage +3.3V operational reference =  2048
Voltage -6V bus =  3001
Voltage +6V bus =  2625
Voltage +16V bus =  3178
Voltage +3.3V bus =  2056
Voltage -5V bus =  3155
Voltage +5V bus =  3142
Current +3.3V bus =  1688
Current +16V bus =  1140
Current +6V bus =  1488
Current -6V bus =  1140
Current +5V bus =  1865
Current -5V bus =  3288
Current +2.5V bus =  452
Current -2.5V bus =  2945
Current on the 1V POL =  848
Current on the 1.9V POL =  1279
ProcBd Temperature 1 =  1198
ProcBd Temperature 2 =  1561
Voltage on 1V bus =  1242
FPGA Temperature =  2564
Voltage on 1.9V bus =  2328
Voltage on 3.3V bus =  2040
var_to_row = {'Last measurement in raw DN for Processor Board signal “1V POL Current”': 0, 'Last measurement in raw DN for Processor Board signal “1.9V POL Current”': 1, 'Last measurement in raw DN for Processor Board signal “ProcBd Temp1”': 2, nan: 48, 'Last measurement in raw DN for Processor Board signal “ProcBd Temp2”': 6, 'Last measurement in raw DN for Processor Board signal “1V Voltage”': 10, 'Last measurement in raw DN for Processor Board signal “FPGA Temp”': 11, 'Last measurement in raw DN for Processor Board signal “1.9V Voltage”': 12, 'Last measurement in raw DN for Processor Board signal “3.3V Voltage”': 13, 'Last measurement in raw DN for HVPS Board signal “Detector Voltage”': 14, 'Last measurement in raw DN for HVPS Board signal “Sensor Voltage"': 15, 'Last measurement in raw DN for HVPS Board signal “Target Voltage”': 16, 'Last measurement in raw DN for HVPS Board signal “Reflectron Voltage”': 17, 'Last measurement in raw DN for HVPS Board signal “Rejection Voltage”': 18, 'Last measurement in raw DN for HVPS Board signal “Detector Current”': 19, 'Last measurement in raw DN for HVPS Board signal “Sensor IP”': 20, 'Last measurement in raw DN for HVPS Board signal “Sensor IN”': 21, 'Last measurement in raw DN for LVPS Board signal “P3.3VREF_HK”': 22, 'Last measurement in raw DN for LVPS Board signal “P3.3VREF_OP”': 23, 'Last measurement in raw DN for LVPS Board signal “N6V”': 24, 'Last measurement in raw DN for LVPS Board signal “P6V”': 25, 'Last measurement in raw DN for LVPS Board signal “P16V”': 26, 'Last measurement in raw DN for LVPS Board signal “P3.3V”': 27, 'Last measurement in raw DN for LVPS Board signal “N5V”': 28, 'Last measurement in raw DN for LVPS Board signal “P5V”': 29, 'Last measurement in raw DN for LVPS Board signal “P3.3_IMON”': 30, 'Last measurement in raw DN for LVPS Board signal “P16V_IMON”': 31, 'Last measurement in raw DN for LVPS Board signal “P6V_IMON”': 32, 'Last measurement in raw DN for LVPS Board signal “N6V_IMON”': 33, 'Last measurement in raw DN for LVPS Board signal “P5V_IMON”': 34, 'Last measurement in raw DN for LVPS Board signal “N5V_IMON”': 35, 'Last measurement in raw DN for LVPS Board signal “P2.5V_IMON”': 36, 'Last measurement in raw DN for LVPS Board signal “N2.5V_IMON”': 37, 'Last measurement in raw DN for LVPS Board signal “THERM_DECON0”': 38, 'Last measurement in raw DN for LVPS Board signal “THERM_DECON1”': 39, 'Last measurement in raw DN for LVPS Board signal “THERM_DAB”': 40, 'Last measurement in raw DN for LVPS Board signal “THERM_LVPS”': 41, 'Last measurement in raw DN for LVPS Board signal “THERM_HVPS”': 45, 'Last measurement in raw DN for LVPS Board signal “P2.5V”': 49, 'Last measurement in raw DN for LVPS Board signal “N2.5V”': 50, 'Last measurement in raw DN for LVPS Board signal “Spare”': 51}

 
 ***** var_name being converted for each instrument setting ***** 
 

Matching row  18
coeffs for Last measurement in raw DN for Processor Board signal “1V POL Current”= [0.0 0.9029253 0.0 0.0 0.0 0.0 0.0 0.0]
var_name = Last measurement in raw DN for Processor Board signal “1V POL Current”
var_name = current_1V_pol
Header info = 848
Transformed value for current_1V_pol = 765.6806544
Matching row  18
coeffs for Last measurement in raw DN for Processor Board signal “1.9V POL Current”= [0.0 0.9029253 0.0 0.0 0.0 0.0 0.0 0.0]
var_name = Last measurement in raw DN for Processor Board signal “1.9V POL Current”
var_name = current_1.9V_pol
Header info = 1279
Transformed value for current_1.9V_pol = 1154.8414587
Matching row  18
coeffs for Last measurement in raw DN for Processor Board signal “ProcBd Temp1”= [162.8276 -0.2668687 0.0003323794 -2.43153e-07 9.034532e-11 -1.327735e-14
 0.0 0.0]
var_name = Last measurement in raw DN for Processor Board signal “ProcBd Temp1”
var_name = temperature_1
Header info = 1198
Transformed value for temperature_1 = 55.41044834983295
Matching row  18
coeffs for nan= [-104713.9 52.02446 -0.006463374 0.0 0.0 0.0 0.0 0.0]
var_name = nan
var_name = None
KeyError: (18, None) - Could not find entry for None, 48. Please check the Var_notes or variable mapping.
Matching row  18
coeffs for Last measurement in raw DN for Processor Board signal “ProcBd Temp2”= [162.8276 -0.2668687 0.0003323794 -2.43153e-07 9.034532e-11 -1.327735e-14
 0.0 0.0]
var_name = Last measurement in raw DN for Processor Board signal “ProcBd Temp2”
var_name = temperature_2
Header info = 1561
Transformed value for temperature_2 = 44.64778748986298
Matching row  18
coeffs for Last measurement in raw DN for Processor Board signal “1V Voltage”= [0.0 0.000805861 0.0 0.0 0.0 0.0 0.0 0.0]
var_name = Last measurement in raw DN for Processor Board signal “1V Voltage”
var_name = voltage_1V_bus
Header info = 1242
Transformed value for voltage_1V_bus = 1.0008793619999998
Matching row  18
coeffs for Last measurement in raw DN for Processor Board signal “FPGA Temp”= [358.31 -0.1187104 0.0 0.0 0.0 0.0 0.0 0.0]
var_name = Last measurement in raw DN for Processor Board signal “FPGA Temp”
var_name = fpga_temperature
Header info = 2564
Transformed value for fpga_temperature = 53.93653440000003
Matching row  18
coeffs for Last measurement in raw DN for Processor Board signal “1.9V Voltage”= [0.0 0.000805861 0.0 0.0 0.0 0.0 0.0 0.0]
var_name = Last measurement in raw DN for Processor Board signal “1.9V Voltage”
var_name = voltage_1.9V_bus
Header info = 2328
Transformed value for voltage_1.9V_bus = 1.8760444079999998
Matching row  18
coeffs for Last measurement in raw DN for Processor Board signal “3.3V Voltage”= [0.0 0.001611722 0.0 0.0 0.0 0.0 0.0 0.0]
var_name = Last measurement in raw DN for Processor Board signal “3.3V Voltage”
var_name = voltage_3.3V_bus
Header info = 2040
Transformed value for voltage_3.3V_bus = 3.28791288
Matching row  18
coeffs for Last measurement in raw DN for HVPS Board signal “Detector Voltage”= [0.0 1.4652 0.0 0.0 0.0 0.0 0.0 0.0]
var_name = Last measurement in raw DN for HVPS Board signal “Detector Voltage”
var_name = detector_voltage
Header info = 1641
Transformed value for detector_voltage = 2404.3932
Matching row  18
coeffs for Last measurement in raw DN for HVPS Board signal “Sensor Voltage"= [0.0 1.4652 0.0 0.0 0.0 0.0 0.0 0.0]
var_name = Last measurement in raw DN for HVPS Board signal “Sensor Voltage"
var_name = sensor_voltage
Header info = 2012
Transformed value for sensor_voltage = 2947.9824000000003
Matching row  18
coeffs for Last measurement in raw DN for HVPS Board signal “Target Voltage”= [0.0 1.4652 0.0 0.0 0.0 0.0 0.0 0.0]
var_name = Last measurement in raw DN for HVPS Board signal “Target Voltage”
var_name = target_voltage
Header info = 1710
Transformed value for target_voltage = 2505.492
Matching row  18
coeffs for Last measurement in raw DN for HVPS Board signal “Reflectron Voltage”= [0.0 1.4652 0.0 0.0 0.0 0.0 0.0 0.0]
var_name = Last measurement in raw DN for HVPS Board signal “Reflectron Voltage”
var_name = reflectron_voltage
Header info = 135
Transformed value for reflectron_voltage = 197.80200000000002
Matching row  18
coeffs for Last measurement in raw DN for HVPS Board signal “Rejection Voltage”= [0.0 1.4652 0.0 0.0 0.0 0.0 0.0 0.0]
var_name = Last measurement in raw DN for HVPS Board signal “Rejection Voltage”
var_name = rejection_voltage
Header info = 2010
Transformed value for rejection_voltage = 2945.052
Matching row  18
coeffs for Last measurement in raw DN for HVPS Board signal “Detector Current”= [0.0 7.326e-06 0.0 0.0 0.0 0.0 0.0 0.0]
var_name = Last measurement in raw DN for HVPS Board signal “Detector Current”
var_name = current_hvps_sensor
Header info = 2339
Transformed value for current_hvps_sensor = 0.017135514
Matching row  18
coeffs for Last measurement in raw DN for HVPS Board signal “Sensor IP”= [0.0 2.4339e-05 0.0 0.0 0.0 0.0 0.0 0.0]
var_name = Last measurement in raw DN for HVPS Board signal “Sensor IP”
var_name = positive_current_hvps
Header info = 2704
Transformed value for positive_current_hvps = 0.065812656
Matching row  18
coeffs for Last measurement in raw DN for HVPS Board signal “Sensor IN”= [0.0 2.4339e-05 0.0 0.0 0.0 0.0 0.0 0.0]
var_name = Last measurement in raw DN for HVPS Board signal “Sensor IN”
var_name = negative_current_hvps
Header info = 305
Transformed value for negative_current_hvps = 0.007423394999999999
Matching row  18
coeffs for Last measurement in raw DN for LVPS Board signal “P3.3VREF_HK”= [0.0 0.00161172 0.0 0.0 0.0 0.0 0.0 0.0]
var_name = Last measurement in raw DN for LVPS Board signal “P3.3VREF_HK”
var_name = voltage_3V3_ref
Header info = 2048
Transformed value for voltage_3V3_ref = 3.30080256
Matching row  18
coeffs for Last measurement in raw DN for LVPS Board signal “P3.3VREF_OP”= [0.0 0.00161172 0.0 0.0 0.0 0.0 0.0 0.0]
var_name = Last measurement in raw DN for LVPS Board signal “P3.3VREF_OP”
var_name = voltage_3V3_op_ref
Header info = 2048
Transformed value for voltage_3V3_op_ref = 3.30080256
Matching row  18
coeffs for Last measurement in raw DN for LVPS Board signal “N6V”= [-33.0 0.00886447 0.0 0.0 0.0 0.0 0.0 0.0]
var_name = Last measurement in raw DN for LVPS Board signal “N6V”
var_name = voltage_neg6V_bus
Header info = 3001
Transformed value for voltage_neg6V_bus = -6.397725530000002
Matching row  18
coeffs for Last measurement in raw DN for LVPS Board signal “P6V”= [0.0 0.00241758 0.0 0.0 0.0 0.0 0.0 0.0]
var_name = Last measurement in raw DN for LVPS Board signal “P6V”
var_name = voltage_pos6V_bus
Header info = 2625
Transformed value for voltage_pos6V_bus = 6.3461475
Matching row  18
coeffs for Last measurement in raw DN for LVPS Board signal “P16V”= [0.0 0.00482711 0.0 0.0 0.0 0.0 0.0 0.0]
var_name = Last measurement in raw DN for LVPS Board signal “P16V”
var_name = voltage_pos16V_bus
Header info = 3178
Transformed value for voltage_pos16V_bus = 15.34055558
Matching row  18
coeffs for Last measurement in raw DN for LVPS Board signal “P3.3V”= [0.0 0.00161172 0.0 0.0 0.0 0.0 0.0 0.0]
var_name = Last measurement in raw DN for LVPS Board signal “P3.3V”
var_name = voltage_pos3V3_bus
Header info = 2056
Transformed value for voltage_pos3V3_bus = 3.31369632
Matching row  18
coeffs for Last measurement in raw DN for LVPS Board signal “N5V”= [-33.0 0.00886447 0.0 0.0 0.0 0.0 0.0 0.0]
var_name = Last measurement in raw DN for LVPS Board signal “N5V”
var_name = voltage_neg5V_bus
Header info = 3155
Transformed value for voltage_neg5V_bus = -5.032597150000001
Matching row  18
coeffs for Last measurement in raw DN for LVPS Board signal “P5V”= [0.0 0.00161172 0.0 0.0 0.0 0.0 0.0 0.0]
var_name = Last measurement in raw DN for LVPS Board signal “P5V”
var_name = voltage_pos5V_bus
Header info = 3142
Transformed value for voltage_pos5V_bus = 5.06402424
Matching row  18
coeffs for Last measurement in raw DN for LVPS Board signal “P3.3_IMON”= [0.0 0.00161172 0.0 0.0 0.0 0.0 0.0 0.0]
var_name = Last measurement in raw DN for LVPS Board signal “P3.3_IMON”
var_name = current_3V3_bus
Header info = 1688
Transformed value for current_3V3_bus = 2.72058336
Matching row  18
coeffs for Last measurement in raw DN for LVPS Board signal “P16V_IMON”= [0.0 0.000161172 0.0 0.0 0.0 0.0 0.0 0.0]
var_name = Last measurement in raw DN for LVPS Board signal “P16V_IMON”
var_name = current_16V_bus
Header info = 1140
Transformed value for current_16V_bus = 0.18373608
Matching row  18
coeffs for Last measurement in raw DN for LVPS Board signal “P6V_IMON”= [0.0 8.05861e-05 0.0 0.0 0.0 0.0 0.0 0.0]
var_name = Last measurement in raw DN for LVPS Board signal “P6V_IMON”
var_name = current_6V_bus
Header info = 1488
Transformed value for current_6V_bus = 0.1199121168
Matching row  18
coeffs for Last measurement in raw DN for LVPS Board signal “N6V_IMON”= [0.0 -8.05861e-05 0.0 0.0 0.0 0.0 0.0 0.0]
var_name = Last measurement in raw DN for LVPS Board signal “N6V_IMON”
var_name = current_neg6V_bus
Header info = 1140
Transformed value for current_neg6V_bus = -0.091868154
Matching row  18
coeffs for Last measurement in raw DN for LVPS Board signal “P5V_IMON”= [0.0 4.029304e-05 0.0 0.0 0.0 0.0 0.0 0.0]
var_name = Last measurement in raw DN for LVPS Board signal “P5V_IMON”
var_name = current_5V_bus
Header info = 1865
Transformed value for current_5V_bus = 0.0751465196
Matching row  18
coeffs for Last measurement in raw DN for LVPS Board signal “N5V_IMON”= [0.0 -2.01465e-05 0.0 0.0 0.0 0.0 0.0 0.0]
var_name = Last measurement in raw DN for LVPS Board signal “N5V_IMON”
var_name = current_neg5V_bus
Header info = 3288
Transformed value for current_neg5V_bus = -0.066241692
Matching row  18
coeffs for Last measurement in raw DN for LVPS Board signal “P2.5V_IMON”= [0.0 0.00161172 0.0 0.0 0.0 0.0 0.0 0.0]
var_name = Last measurement in raw DN for LVPS Board signal “P2.5V_IMON”
var_name = current_2V5_bus
Header info = 452
Transformed value for current_2V5_bus = 0.72849744
Matching row  18
coeffs for Last measurement in raw DN for LVPS Board signal “N2.5V_IMON”= [0.0 -4.0293e-05 0.0 0.0 0.0 0.0 0.0 0.0]
var_name = Last measurement in raw DN for LVPS Board signal “N2.5V_IMON”
var_name = current_neg2V5_bus
Header info = 2945
Transformed value for current_neg2V5_bus = -0.11866288500000001
Matching row  18
coeffs for Last measurement in raw DN for LVPS Board signal “THERM_DECON0”= [-110.293 0.0665351 0.000305738 -6.32048e-07 5.9934e-10 -2.98784e-13
 7.61361e-17 -7.76467e-21]
var_name = Last measurement in raw DN for LVPS Board signal “THERM_DECON0”
var_name = None
KeyError: (18, None) - Could not find entry for None, 38. Please check the Var_notes or variable mapping.
Matching row  18
coeffs for Last measurement in raw DN for LVPS Board signal “THERM_DECON1”= [-150.478 0.376986 -0.00062072 7.73853e-07 -5.81588e-10 2.56368e-13
 -6.05698e-17 5.96635e-21]
var_name = Last measurement in raw DN for LVPS Board signal “THERM_DECON1”
var_name = None
KeyError: (18, None) - Could not find entry for None, 39. Please check the Var_notes or variable mapping.
Matching row  18
coeffs for Last measurement in raw DN for LVPS Board signal “THERM_DAB”= [-443.248 1.31224 -0.00180422 1.40016e-06 -6.43766e-10 1.7448e-13
 -2.57695e-17 1.60239e-21]
var_name = Last measurement in raw DN for LVPS Board signal “THERM_DAB”
var_name = None
KeyError: (18, None) - Could not find entry for None, 40. Please check the Var_notes or variable mapping.
Matching row  18
coeffs for Last measurement in raw DN for LVPS Board signal “THERM_LVPS”= [200.4137 -0.2020699 0.000175403 -9.739547e-08 2.888932e-11 -3.545603e-15
 0.0 0.0]
var_name = Last measurement in raw DN for LVPS Board signal “THERM_LVPS”
var_name = None
KeyError: (18, None) - Could not find entry for None, 41. Please check the Var_notes or variable mapping.
Matching row  18
coeffs for Last measurement in raw DN for LVPS Board signal “THERM_HVPS”= [200.4137 -0.2020699 0.000175403 -9.739547e-08 2.888932e-11 -3.545603e-15
 0.0 0.0]
var_name = Last measurement in raw DN for LVPS Board signal “THERM_HVPS”
var_name = None
KeyError: (18, None) - Could not find entry for None, 45. Please check the Var_notes or variable mapping.
Matching row  18
coeffs for Last measurement in raw DN for LVPS Board signal “P2.5V”= [0.0 0.00161172 0.0 0.0 0.0 0.0 0.0 0.0]
var_name = Last measurement in raw DN for LVPS Board signal “P2.5V”
var_name = None
KeyError: (18, None) - Could not find entry for None, 49. Please check the Var_notes or variable mapping.
Matching row  18
coeffs for Last measurement in raw DN for LVPS Board signal “N2.5V”= [-33.0 0.00886447 0.0 0.0 0.0 0.0 0.0 0.0]
var_name = Last measurement in raw DN for LVPS Board signal “N2.5V”
var_name = None
KeyError: (18, None) - Could not find entry for None, 50. Please check the Var_notes or variable mapping.
Matching row  18
coeffs for Last measurement in raw DN for LVPS Board signal “Spare”= [0.0 0.00161172 0.0 0.0 0.0 0.0 0.0 0.0]
var_name = Last measurement in raw DN for LVPS Board signal “Spare”
var_name = spare_signal
KeyError: (18, 'spare_signal') - Could not find entry for spare_signal, 51. Please check the Var_notes or variable mapping.
High gain delay = 70 samples.
Mid gain delay = 39 samples.
Low gain delay = 39 samples.
High sampling trigger mode =  0 0 1
High gain trigger mode enabled.
For 2222981120, HG Trigger level = 0.15317, sample settings = 0, 0
Threshold trigger mode enabled for high gain channel.
AID = 2415277392
Event number = 99
Rice compression enabled = False
Timestamp = 439515559.67824 seconds since epoch (Midnight January 1st, 2010)
Trigger time = 2023-12-05T23:39:19.678240Z
18
18
18
18
18
18
18
18
18
18
18
18
18
{'SHCOARSE': ParsedDataItem(SHCOARSE, raw=439515918, derived=439515918, unit=dn), 'SHFINE': ParsedDataItem(SHFINE, raw=9267, derived=9267, unit=dn), 'IDX__SCI0AID': ParsedDataItem(IDX__SCI0AID, raw=2415277392, derived=2415277392, unit=None), 'IDX__SCI0TYPE': ParsedDataItem(IDX__SCI0TYPE, raw=1, derived=1, unit=None), 'IDX__SCI0CONT': ParsedDataItem(IDX__SCI0CONT, raw=127, derived=127, unit=None), 'IDX__SCI0SPARE1': ParsedDataItem(IDX__SCI0SPARE1, raw=0, derived=0, unit=None), 'IDX__SCI0PACK': ParsedDataItem(IDX__SCI0PACK, raw=1, derived=EN, unit=None), 'IDX__SCI0FRAG': ParsedDataItem(IDX__SCI0FRAG, raw=0, derived=DS, unit=None), 'IDX__SCI0COMP': ParsedDataItem(IDX__SCI0COMP, raw=0, derived=DS, unit=None), 'IDX__SCI0EVTNUM': ParsedDataItem(IDX__SCI0EVTNUM, raw=100, derived=100, unit=None), 'IDX__SCI0CAT': ParsedDataItem(IDX__SCI0CAT, raw=32, derived=32, unit=None), 'IDX__SCI0QUAL': ParsedDataItem(IDX__SCI0QUAL, raw=5, derived=5, unit=None), 'IDX__SCI0FRAGOFF': ParsedDataItem(IDX__SCI0FRAGOFF, raw=0, derived=0, unit=None), 'IDX__SCI0VER': ParsedDataItem(IDX__SCI0VER, raw=9, derived=9, unit=None), 'IDX__SCI0TIME32': ParsedDataItem(IDX__SCI0TIME32, raw=439515560, derived=439515560, unit=None), 'IDX__SCI0SPARE2': ParsedDataItem(IDX__SCI0SPARE2, raw=0, derived=0, unit=None), 'IDX__SCI0SPARE3': ParsedDataItem(IDX__SCI0SPARE3, raw=0, derived=0, unit=None), 'IDX__SCI0SPARE4': ParsedDataItem(IDX__SCI0SPARE4, raw=0, derived=0, unit=None), 'IDX__TXHDRSCIEVTLEN': ParsedDataItem(IDX__TXHDRSCIEVTLEN, raw=8320, derived=8320, unit=None), 'IDX__TXHDRSP00': ParsedDataItem(IDX__TXHDRSP00, raw=0, derived=0, unit=None), 'IDX__TXHDRTIMESEC1': ParsedDataItem(IDX__TXHDRTIMESEC1, raw=6706, derived=6706, unit=None), 'IDX__TXHDRTIMESEC2': ParsedDataItem(IDX__TXHDRTIMESEC2, raw=31144, derived=31144, unit=None), 'IDX__TXHDRTIMESUBS': ParsedDataItem(IDX__TXHDRTIMESUBS, raw=33909, derived=33909, unit=None), 'IDX__TXHDRSP01': ParsedDataItem(IDX__TXHDRSP01, raw=0, derived=0, unit=None), 'IDX__TXHDRTRIGOFFSET': ParsedDataItem(IDX__TXHDRTRIGOFFSET, raw=7, derived=7, unit=None), 'IDX__TXHDRSP02': ParsedDataItem(IDX__TXHDRSP02, raw=0, derived=0, unit=None), 'IDX__TXHDRTRIGID': ParsedDataItem(IDX__TXHDRTRIGID, raw=1, derived=1, unit=None), 'IDX__TXHDREVTNUM': ParsedDataItem(IDX__TXHDREVTNUM, raw=100, derived=100, unit=None), 'IDX__TXHDRBLOCKS': ParsedDataItem(IDX__TXHDRBLOCKS, raw=243679, derived=243679, unit=None), 'IDX__TXHDRHGTRIGCTRL1': ParsedDataItem(IDX__TXHDRHGTRIGCTRL1, raw=2222981120, derived=2222981120, unit=None), 'IDX__TXHDRHGTRIGCTRL2': ParsedDataItem(IDX__TXHDRHGTRIGCTRL2, raw=0, derived=0, unit=None), 'IDX__TXHDRLGTRIGCTRL1': ParsedDataItem(IDX__TXHDRLGTRIGCTRL1, raw=4294965248, derived=4294965248, unit=None), 'IDX__TXHDRLGTRIGCTRL2': ParsedDataItem(IDX__TXHDRLGTRIGCTRL2, raw=4278255360, derived=4278255360, unit=None), 'IDX__TXHDRMGTRIGCTRL1': ParsedDataItem(IDX__TXHDRMGTRIGCTRL1, raw=4294965248, derived=4294965248, unit=None), 'IDX__TXHDRMGTRIGCTRL2': ParsedDataItem(IDX__TXHDRMGTRIGCTRL2, raw=4278255360, derived=4278255360, unit=None), 'IDX__TXHDRSP03': ParsedDataItem(IDX__TXHDRSP03, raw=0, derived=0, unit=None), 'IDX__TXHDRLSADC': ParsedDataItem(IDX__TXHDRLSADC, raw=1048320, derived=1048320, unit=None), 'IDX__TXHDRPOLSTAT': ParsedDataItem(IDX__TXHDRPOLSTAT, raw=1, derived=NEG, unit=None), 'IDX__TXHDRSP04': ParsedDataItem(IDX__TXHDRSP04, raw=0, derived=0, unit=None), 'IDX__TXHDRPOLCTRL': ParsedDataItem(IDX__TXHDRPOLCTRL, raw=0, derived=POS, unit=None), 'IDX__TXHDRCOINENA': ParsedDataItem(IDX__TXHDRCOINENA, raw=0, derived=DIS, unit=None), 'IDX__TXHDRLSTRIGMODE': ParsedDataItem(IDX__TXHDRLSTRIGMODE, raw=0, derived=DIS, unit=None), 'IDX__TXHDRMGTRIGMODE': ParsedDataItem(IDX__TXHDRMGTRIGMODE, raw=0, derived=0, unit=None), 'IDX__TXHDRLGTRIGMODE': ParsedDataItem(IDX__TXHDRLGTRIGMODE, raw=0, derived=0, unit=None), 'IDX__TXHDRHGTRIGMODE': ParsedDataItem(IDX__TXHDRHGTRIGMODE, raw=1, derived=1, unit=None), 'IDX__TXHDRSP05': ParsedDataItem(IDX__TXHDRSP05, raw=0, derived=0, unit=None), 'IDX__TXHDRSP06': ParsedDataItem(IDX__TXHDRSP06, raw=0, derived=0, unit=None), 'IDX__TXHDRSP07': ParsedDataItem(IDX__TXHDRSP07, raw=2018, derived=2018, unit=None), 'IDX__TXHDRSP08': ParsedDataItem(IDX__TXHDRSP08, raw=0, derived=0, unit=None), 'IDX__TXHDRTOFMAX': ParsedDataItem(IDX__TXHDRTOFMAX, raw=585636863, derived=585636863, unit=None), 'IDX__TXHDRTOFMIN': ParsedDataItem(IDX__TXHDRTOFMIN, raw=535295455, derived=535295455, unit=None), 'IDX__TXHDRLS0MAXMIN': ParsedDataItem(IDX__TXHDRLS0MAXMIN, raw=8464397, derived=8464397, unit=None), 'IDX__TXHDRLS1MAXMIN': ParsedDataItem(IDX__TXHDRLS1MAXMIN, raw=8452071, derived=8452071, unit=None), 'IDX__TXHDRLS2MAXMIN': ParsedDataItem(IDX__TXHDRLS2MAXMIN, raw=8787938, derived=8787938, unit=None), 'IDX__TXHDRFIFODELAY': ParsedDataItem(IDX__TXHDRFIFODELAY, raw=18, derived=18, unit=None), 'IDX__TXHDRSAMPDELAY': ParsedDataItem(IDX__TXHDRSAMPDELAY, raw=57728091, derived=57728091, unit=None), 'IDX__TXHDRTRANSCNT': ParsedDataItem(IDX__TXHDRTRANSCNT, raw=16, derived=16, unit=None), 'IDX__TXHDRPROCHKCH01': ParsedDataItem(IDX__TXHDRPROCHKCH01, raw=83821392, derived=83821392, unit=None), 'IDX__TXHDRPROCHKCH23': ParsedDataItem(IDX__TXHDRPROCHKCH23, raw=102302894, derived=102302894, unit=None), 'IDX__TXHDRPROCHKCH45': ParsedDataItem(IDX__TXHDRPROCHKCH45, raw=167970010, derived=167970010, unit=None), 'IDX__TXHDRPROCHKCH67': ParsedDataItem(IDX__TXHDRPROCHKCH67, raw=133695768, derived=133695768, unit=None), 'IDX__TXHDRHVPSHKCH01': ParsedDataItem(IDX__TXHDRHVPSHKCH01, raw=131860073, derived=131860073, unit=None), 'IDX__TXHDRHVPSHKCH23': ParsedDataItem(IDX__TXHDRHVPSHKCH23, raw=8849070, derived=8849070, unit=None), 'IDX__TXHDRHVPSHKCH45': ParsedDataItem(IDX__TXHDRHVPSHKCH45, raw=153290714, derived=153290714, unit=None), 'IDX__TXHDRHVPSHKCH67': ParsedDataItem(IDX__TXHDRHVPSHKCH67, raw=19991184, derived=19991184, unit=None), 'IDX__TXHDRLVHK0CH01': ParsedDataItem(IDX__TXHDRLVHK0CH01, raw=134219776, derived=134219776, unit=None), 'IDX__TXHDRLVHK0CH23': ParsedDataItem(IDX__TXHDRLVHK0CH23, raw=172035001, derived=172035001, unit=None), 'IDX__TXHDRLVHK0CH45': ParsedDataItem(IDX__TXHDRLVHK0CH45, raw=134745194, derived=134745194, unit=None), 'IDX__TXHDRLVHK0CH67': ParsedDataItem(IDX__TXHDRLVHK0CH67, raw=205917267, derived=205917267, unit=None), 'IDX__TXHDRLVHK1CH01': ParsedDataItem(IDX__TXHDRLVHK1CH01, raw=34801303, derived=34801303, unit=None), 'IDX__TXHDRLVHK1CH23': ParsedDataItem(IDX__TXHDRLVHK1CH23, raw=74712528, derived=74712528, unit=None), 'IDX__TXHDRLVHK1CH45': ParsedDataItem(IDX__TXHDRLVHK1CH45, raw=215418697, derived=215418697, unit=None), 'IDX__TXHDRLVHK1CH67': ParsedDataItem(IDX__TXHDRLVHK1CH67, raw=193003972, derived=193003972, unit=None), 'IDX__TXHDRLVHK2CH01': ParsedDataItem(IDX__TXHDRLVHK2CH01, raw=82314476, derived=82314476, unit=None), 'IDX__TXHDRLVHK2CH23': ParsedDataItem(IDX__TXHDRLVHK2CH23, raw=188680970, derived=188680970, unit=None), 'IDX__TXHDRLVHK2CH45': ParsedDataItem(IDX__TXHDRLVHK2CH45, raw=101059604, derived=101059604, unit=None), 'IDX__TXHDRLVHK2CH67': ParsedDataItem(IDX__TXHDRLVHK2CH67, raw=69016, derived=69016, unit=None), 'IDX__TXHDRSP09': ParsedDataItem(IDX__TXHDRSP09, raw=0, derived=0, unit=None), 'IDX__TXHDRSP10': ParsedDataItem(IDX__TXHDRSP10, raw=0, derived=0, unit=None), 'IDX__TXHDRFSWAIDCOPY': ParsedDataItem(IDX__TXHDRFSWAIDCOPY, raw=2415277392, derived=2415277392, unit=None), 'IDX__TXHDRFSWBINCOPY': ParsedDataItem(IDX__TXHDRFSWBINCOPY, raw=0, derived=0, unit=None), 'IDX__TXHDRFSWMAJOR': ParsedDataItem(IDX__TXHDRFSWMAJOR, raw=2, derived=2, unit=None), 'IDX__TXHDRFSWMINOR': ParsedDataItem(IDX__TXHDRFSWMINOR, raw=0, derived=0, unit=None), 'IDX__TXHDRFSWPATCH': ParsedDataItem(IDX__TXHDRFSWPATCH, raw=0, derived=0, unit=None), 'IDX__TXHDRFSWHVSTAT': ParsedDataItem(IDX__TXHDRFSWHVSTAT, raw=3, derived=3, unit=None), 'IDX__TXHDRFSWMEM0': ParsedDataItem(IDX__TXHDRFSWMEM0, raw=0, derived=0, unit=None), 'IDX__TXHDRFSWMEM1': ParsedDataItem(IDX__TXHDRFSWMEM1, raw=0, derived=0, unit=None), 'IDX__TXHDRFSWPT0': ParsedDataItem(IDX__TXHDRFSWPT0, raw=0, derived=0, unit=None), 'IDX__TXHDRFSWPT1': ParsedDataItem(IDX__TXHDRFSWPT1, raw=0, derived=0, unit=None), 'IDX__TXHDRFSWPT2': ParsedDataItem(IDX__TXHDRFSWPT2, raw=0, derived=0, unit=None), 'IDX__TXHDRFSWPT3': ParsedDataItem(IDX__TXHDRFSWPT3, raw=0, derived=0, unit=None), 'IDX__TXHDRFSWPT4': ParsedDataItem(IDX__TXHDRFSWPT4, raw=0, derived=0, unit=None), 'IDX__TXHDRFSWPT5': ParsedDataItem(IDX__TXHDRFSWPT5, raw=0, derived=0, unit=None), 'IDX__TXHDRFSWPT6': ParsedDataItem(IDX__TXHDRFSWPT6, raw=0, derived=0, unit=None), 'IDX__TXHDRFSWPT7': ParsedDataItem(IDX__TXHDRFSWPT7, raw=0, derived=0, unit=None), 'IDX__TXHDRFSWPT8': ParsedDataItem(IDX__TXHDRFSWPT8, raw=0, derived=0, unit=None), 'IDX__TXHDRFSWPT9': ParsedDataItem(IDX__TXHDRFSWPT9, raw=0, derived=0, unit=None), 'IDX__TXHDRFPGAVER': ParsedDataItem(IDX__TXHDRFPGAVER, raw=539165480, derived=539165480, unit=None), 'IDX__SYNCSCI0PKT': ParsedDataItem(IDX__SYNCSCI0PKT, raw=13107, derived=13107, unit=None), 'IDX__CRCSCI0PKT': ParsedDataItem(IDX__CRCSCI0PKT, raw=17527, derived=17527, unit=None)}
SHCOARSE = 439515918
SHFINE = 9267
IDX__SCI0AID = 2415277392
IDX__SCI0TYPE = 1
IDX__SCI0CONT = 127
IDX__SCI0SPARE1 = 0
IDX__SCI0PACK = EN
IDX__SCI0FRAG = DS
IDX__SCI0COMP = DS
IDX__SCI0EVTNUM = 100
IDX__SCI0CAT = 32
IDX__SCI0QUAL = 5
IDX__SCI0FRAGOFF = 0
IDX__SCI0VER = 9
IDX__SCI0TIME32 = 439515560
IDX__SCI0SPARE2 = 0
IDX__SCI0SPARE3 = 0
IDX__SCI0SPARE4 = 0
IDX__TXHDRSCIEVTLEN = 8320
IDX__TXHDRSP00 = 0
IDX__TXHDRTIMESEC1 = 6706
IDX__TXHDRTIMESEC2 = 31144
IDX__TXHDRTIMESUBS = 33909
IDX__TXHDRSP01 = 0
IDX__TXHDRTRIGOFFSET = 7
IDX__TXHDRSP02 = 0
IDX__TXHDRTRIGID = 1
IDX__TXHDREVTNUM = 100
IDX__TXHDRBLOCKS = 243679
IDX__TXHDRHGTRIGCTRL1 = 2222981120
IDX__TXHDRHGTRIGCTRL2 = 0
IDX__TXHDRLGTRIGCTRL1 = 4294965248
IDX__TXHDRLGTRIGCTRL2 = 4278255360
IDX__TXHDRMGTRIGCTRL1 = 4294965248
IDX__TXHDRMGTRIGCTRL2 = 4278255360
IDX__TXHDRSP03 = 0
IDX__TXHDRLSADC = 1048320
IDX__TXHDRPOLSTAT = NEG
IDX__TXHDRSP04 = 0
IDX__TXHDRPOLCTRL = POS
IDX__TXHDRCOINENA = DIS
IDX__TXHDRLSTRIGMODE = DIS
IDX__TXHDRMGTRIGMODE = 0
IDX__TXHDRLGTRIGMODE = 0
IDX__TXHDRHGTRIGMODE = 1
IDX__TXHDRSP05 = 0
IDX__TXHDRSP06 = 0
IDX__TXHDRSP07 = 2018
IDX__TXHDRSP08 = 0
IDX__TXHDRTOFMAX = 585636863
IDX__TXHDRTOFMIN = 535295455
IDX__TXHDRLS0MAXMIN = 8464397
IDX__TXHDRLS1MAXMIN = 8452071
IDX__TXHDRLS2MAXMIN = 8787938
IDX__TXHDRFIFODELAY = 18
IDX__TXHDRSAMPDELAY = 57728091
IDX__TXHDRTRANSCNT = 16
IDX__TXHDRPROCHKCH01 = 83821392
IDX__TXHDRPROCHKCH23 = 102302894
IDX__TXHDRPROCHKCH45 = 167970010
IDX__TXHDRPROCHKCH67 = 133695768
IDX__TXHDRHVPSHKCH01 = 131860073
IDX__TXHDRHVPSHKCH23 = 8849070
IDX__TXHDRHVPSHKCH45 = 153290714
IDX__TXHDRHVPSHKCH67 = 19991184
IDX__TXHDRLVHK0CH01 = 134219776
IDX__TXHDRLVHK0CH23 = 172035001
IDX__TXHDRLVHK0CH45 = 134745194
IDX__TXHDRLVHK0CH67 = 205917267
IDX__TXHDRLVHK1CH01 = 34801303
IDX__TXHDRLVHK1CH23 = 74712528
IDX__TXHDRLVHK1CH45 = 215418697
IDX__TXHDRLVHK1CH67 = 193003972
IDX__TXHDRLVHK2CH01 = 82314476
IDX__TXHDRLVHK2CH23 = 188680970
IDX__TXHDRLVHK2CH45 = 101059604
IDX__TXHDRLVHK2CH67 = 69016
IDX__TXHDRSP09 = 0
IDX__TXHDRSP10 = 0
IDX__TXHDRFSWAIDCOPY = 2415277392
IDX__TXHDRFSWBINCOPY = 0
IDX__TXHDRFSWMAJOR = 2
IDX__TXHDRFSWMINOR = 0
IDX__TXHDRFSWPATCH = 0
IDX__TXHDRFSWHVSTAT = 3
IDX__TXHDRFSWMEM0 = 0
IDX__TXHDRFSWMEM1 = 0
IDX__TXHDRFSWPT0 = 0
IDX__TXHDRFSWPT1 = 0
IDX__TXHDRFSWPT2 = 0
IDX__TXHDRFSWPT3 = 0
IDX__TXHDRFSWPT4 = 0
IDX__TXHDRFSWPT5 = 0
IDX__TXHDRFSWPT6 = 0
IDX__TXHDRFSWPT7 = 0
IDX__TXHDRFSWPT8 = 0
IDX__TXHDRFSWPT9 = 0
IDX__TXHDRFPGAVER = 539165480
IDX__SYNCSCI0PKT = 13107
IDX__CRCSCI0PKT = 17527
^*****Event header 19******^
EVTNUM: 19
SCI0TYPE: 1
TXHDRBLOCKS RAW: 243679
TXHDRBLOCKS DERIVED: 243679
-----
HS pre trig sampling blocks:  31
LS pre trig sampling blocks:  3
HS post trig sampling blocks:  31
LS post trig sampling blocks:  11
IDX__TXHDRHVPSHKCH01 = 131860073
Detector voltage =  1641
Sensor voltage =  2012
Target voltage =  1710
Reflectron voltage =  135
Rejection voltage =  2010
Current for HVPS sensor =  2339
Positive current for HVPS sensor =  2704
Negative current for HVPS sensor =  305
Voltage +3.3V reference =  2048
Voltage +3.3V operational reference =  2048
Voltage -6V bus =  3001
Voltage +6V bus =  2625
Voltage +16V bus =  3178
Voltage +3.3V bus =  2056
Voltage -5V bus =  3155
Voltage +5V bus =  3142
Current +3.3V bus =  1687
Current +16V bus =  1140
Current +6V bus =  1488
Current -6V bus =  1140
Current +5V bus =  1865
Current -5V bus =  3287
Current +2.5V bus =  452
Current -2.5V bus =  2945
Current on the 1V POL =  848
Current on the 1.9V POL =  1279
ProcBd Temperature 1 =  1198
ProcBd Temperature 2 =  1561
Voltage on 1V bus =  1242
FPGA Temperature =  2563
Voltage on 1.9V bus =  2328
Voltage on 3.3V bus =  2040
var_to_row = {'Last measurement in raw DN for Processor Board signal “1V POL Current”': 0, 'Last measurement in raw DN for Processor Board signal “1.9V POL Current”': 1, 'Last measurement in raw DN for Processor Board signal “ProcBd Temp1”': 2, nan: 48, 'Last measurement in raw DN for Processor Board signal “ProcBd Temp2”': 6, 'Last measurement in raw DN for Processor Board signal “1V Voltage”': 10, 'Last measurement in raw DN for Processor Board signal “FPGA Temp”': 11, 'Last measurement in raw DN for Processor Board signal “1.9V Voltage”': 12, 'Last measurement in raw DN for Processor Board signal “3.3V Voltage”': 13, 'Last measurement in raw DN for HVPS Board signal “Detector Voltage”': 14, 'Last measurement in raw DN for HVPS Board signal “Sensor Voltage"': 15, 'Last measurement in raw DN for HVPS Board signal “Target Voltage”': 16, 'Last measurement in raw DN for HVPS Board signal “Reflectron Voltage”': 17, 'Last measurement in raw DN for HVPS Board signal “Rejection Voltage”': 18, 'Last measurement in raw DN for HVPS Board signal “Detector Current”': 19, 'Last measurement in raw DN for HVPS Board signal “Sensor IP”': 20, 'Last measurement in raw DN for HVPS Board signal “Sensor IN”': 21, 'Last measurement in raw DN for LVPS Board signal “P3.3VREF_HK”': 22, 'Last measurement in raw DN for LVPS Board signal “P3.3VREF_OP”': 23, 'Last measurement in raw DN for LVPS Board signal “N6V”': 24, 'Last measurement in raw DN for LVPS Board signal “P6V”': 25, 'Last measurement in raw DN for LVPS Board signal “P16V”': 26, 'Last measurement in raw DN for LVPS Board signal “P3.3V”': 27, 'Last measurement in raw DN for LVPS Board signal “N5V”': 28, 'Last measurement in raw DN for LVPS Board signal “P5V”': 29, 'Last measurement in raw DN for LVPS Board signal “P3.3_IMON”': 30, 'Last measurement in raw DN for LVPS Board signal “P16V_IMON”': 31, 'Last measurement in raw DN for LVPS Board signal “P6V_IMON”': 32, 'Last measurement in raw DN for LVPS Board signal “N6V_IMON”': 33, 'Last measurement in raw DN for LVPS Board signal “P5V_IMON”': 34, 'Last measurement in raw DN for LVPS Board signal “N5V_IMON”': 35, 'Last measurement in raw DN for LVPS Board signal “P2.5V_IMON”': 36, 'Last measurement in raw DN for LVPS Board signal “N2.5V_IMON”': 37, 'Last measurement in raw DN for LVPS Board signal “THERM_DECON0”': 38, 'Last measurement in raw DN for LVPS Board signal “THERM_DECON1”': 39, 'Last measurement in raw DN for LVPS Board signal “THERM_DAB”': 40, 'Last measurement in raw DN for LVPS Board signal “THERM_LVPS”': 41, 'Last measurement in raw DN for LVPS Board signal “THERM_HVPS”': 45, 'Last measurement in raw DN for LVPS Board signal “P2.5V”': 49, 'Last measurement in raw DN for LVPS Board signal “N2.5V”': 50, 'Last measurement in raw DN for LVPS Board signal “Spare”': 51}

 
 ***** var_name being converted for each instrument setting ***** 
 

Matching row  18
coeffs for Last measurement in raw DN for Processor Board signal “1V POL Current”= [0.0 0.9029253 0.0 0.0 0.0 0.0 0.0 0.0]
var_name = Last measurement in raw DN for Processor Board signal “1V POL Current”
var_name = current_1V_pol
Header info = 848
Transformed value for current_1V_pol = 765.6806544
Matching row  18
coeffs for Last measurement in raw DN for Processor Board signal “1.9V POL Current”= [0.0 0.9029253 0.0 0.0 0.0 0.0 0.0 0.0]
var_name = Last measurement in raw DN for Processor Board signal “1.9V POL Current”
var_name = current_1.9V_pol
Header info = 1279
Transformed value for current_1.9V_pol = 1154.8414587
Matching row  18
coeffs for Last measurement in raw DN for Processor Board signal “ProcBd Temp1”= [162.8276 -0.2668687 0.0003323794 -2.43153e-07 9.034532e-11 -1.327735e-14
 0.0 0.0]
var_name = Last measurement in raw DN for Processor Board signal “ProcBd Temp1”
var_name = temperature_1
Header info = 1198
Transformed value for temperature_1 = 55.41044834983295
Matching row  18
coeffs for nan= [-104713.9 52.02446 -0.006463374 0.0 0.0 0.0 0.0 0.0]
var_name = nan
var_name = None
KeyError: (19, None) - Could not find entry for None, 48. Please check the Var_notes or variable mapping.
Matching row  18
coeffs for Last measurement in raw DN for Processor Board signal “ProcBd Temp2”= [162.8276 -0.2668687 0.0003323794 -2.43153e-07 9.034532e-11 -1.327735e-14
 0.0 0.0]
var_name = Last measurement in raw DN for Processor Board signal “ProcBd Temp2”
var_name = temperature_2
Header info = 1561
Transformed value for temperature_2 = 44.64778748986298
Matching row  18
coeffs for Last measurement in raw DN for Processor Board signal “1V Voltage”= [0.0 0.000805861 0.0 0.0 0.0 0.0 0.0 0.0]
var_name = Last measurement in raw DN for Processor Board signal “1V Voltage”
var_name = voltage_1V_bus
Header info = 1242
Transformed value for voltage_1V_bus = 1.0008793619999998
Matching row  18
coeffs for Last measurement in raw DN for Processor Board signal “FPGA Temp”= [358.31 -0.1187104 0.0 0.0 0.0 0.0 0.0 0.0]
var_name = Last measurement in raw DN for Processor Board signal “FPGA Temp”
var_name = fpga_temperature
Header info = 2563
Transformed value for fpga_temperature = 54.055244800000025
Matching row  18
coeffs for Last measurement in raw DN for Processor Board signal “1.9V Voltage”= [0.0 0.000805861 0.0 0.0 0.0 0.0 0.0 0.0]
var_name = Last measurement in raw DN for Processor Board signal “1.9V Voltage”
var_name = voltage_1.9V_bus
Header info = 2328
Transformed value for voltage_1.9V_bus = 1.8760444079999998
Matching row  18
coeffs for Last measurement in raw DN for Processor Board signal “3.3V Voltage”= [0.0 0.001611722 0.0 0.0 0.0 0.0 0.0 0.0]
var_name = Last measurement in raw DN for Processor Board signal “3.3V Voltage”
var_name = voltage_3.3V_bus
Header info = 2040
Transformed value for voltage_3.3V_bus = 3.28791288
Matching row  18
coeffs for Last measurement in raw DN for HVPS Board signal “Detector Voltage”= [0.0 1.4652 0.0 0.0 0.0 0.0 0.0 0.0]
var_name = Last measurement in raw DN for HVPS Board signal “Detector Voltage”
var_name = detector_voltage
Header info = 1641
Transformed value for detector_voltage = 2404.3932
Matching row  18
coeffs for Last measurement in raw DN for HVPS Board signal “Sensor Voltage"= [0.0 1.4652 0.0 0.0 0.0 0.0 0.0 0.0]
var_name = Last measurement in raw DN for HVPS Board signal “Sensor Voltage"
var_name = sensor_voltage
Header info = 2012
Transformed value for sensor_voltage = 2947.9824000000003
Matching row  18
coeffs for Last measurement in raw DN for HVPS Board signal “Target Voltage”= [0.0 1.4652 0.0 0.0 0.0 0.0 0.0 0.0]
var_name = Last measurement in raw DN for HVPS Board signal “Target Voltage”
var_name = target_voltage
Header info = 1710
Transformed value for target_voltage = 2505.492
Matching row  18
coeffs for Last measurement in raw DN for HVPS Board signal “Reflectron Voltage”= [0.0 1.4652 0.0 0.0 0.0 0.0 0.0 0.0]
var_name = Last measurement in raw DN for HVPS Board signal “Reflectron Voltage”
var_name = reflectron_voltage
Header info = 135
Transformed value for reflectron_voltage = 197.80200000000002
Matching row  18
coeffs for Last measurement in raw DN for HVPS Board signal “Rejection Voltage”= [0.0 1.4652 0.0 0.0 0.0 0.0 0.0 0.0]
var_name = Last measurement in raw DN for HVPS Board signal “Rejection Voltage”
var_name = rejection_voltage
Header info = 2010
Transformed value for rejection_voltage = 2945.052
Matching row  18
coeffs for Last measurement in raw DN for HVPS Board signal “Detector Current”= [0.0 7.326e-06 0.0 0.0 0.0 0.0 0.0 0.0]
var_name = Last measurement in raw DN for HVPS Board signal “Detector Current”
var_name = current_hvps_sensor
Header info = 2339
Transformed value for current_hvps_sensor = 0.017135514
Matching row  18
coeffs for Last measurement in raw DN for HVPS Board signal “Sensor IP”= [0.0 2.4339e-05 0.0 0.0 0.0 0.0 0.0 0.0]
var_name = Last measurement in raw DN for HVPS Board signal “Sensor IP”
var_name = positive_current_hvps
Header info = 2704
Transformed value for positive_current_hvps = 0.065812656
Matching row  18
coeffs for Last measurement in raw DN for HVPS Board signal “Sensor IN”= [0.0 2.4339e-05 0.0 0.0 0.0 0.0 0.0 0.0]
var_name = Last measurement in raw DN for HVPS Board signal “Sensor IN”
var_name = negative_current_hvps
Header info = 305
Transformed value for negative_current_hvps = 0.007423394999999999
Matching row  18
coeffs for Last measurement in raw DN for LVPS Board signal “P3.3VREF_HK”= [0.0 0.00161172 0.0 0.0 0.0 0.0 0.0 0.0]
var_name = Last measurement in raw DN for LVPS Board signal “P3.3VREF_HK”
var_name = voltage_3V3_ref
Header info = 2048
Transformed value for voltage_3V3_ref = 3.30080256
Matching row  18
coeffs for Last measurement in raw DN for LVPS Board signal “P3.3VREF_OP”= [0.0 0.00161172 0.0 0.0 0.0 0.0 0.0 0.0]
var_name = Last measurement in raw DN for LVPS Board signal “P3.3VREF_OP”
var_name = voltage_3V3_op_ref
Header info = 2048
Transformed value for voltage_3V3_op_ref = 3.30080256
Matching row  18
coeffs for Last measurement in raw DN for LVPS Board signal “N6V”= [-33.0 0.00886447 0.0 0.0 0.0 0.0 0.0 0.0]
var_name = Last measurement in raw DN for LVPS Board signal “N6V”
var_name = voltage_neg6V_bus
Header info = 3001
Transformed value for voltage_neg6V_bus = -6.397725530000002
Matching row  18
coeffs for Last measurement in raw DN for LVPS Board signal “P6V”= [0.0 0.00241758 0.0 0.0 0.0 0.0 0.0 0.0]
var_name = Last measurement in raw DN for LVPS Board signal “P6V”
var_name = voltage_pos6V_bus
Header info = 2625
Transformed value for voltage_pos6V_bus = 6.3461475
Matching row  18
coeffs for Last measurement in raw DN for LVPS Board signal “P16V”= [0.0 0.00482711 0.0 0.0 0.0 0.0 0.0 0.0]
var_name = Last measurement in raw DN for LVPS Board signal “P16V”
var_name = voltage_pos16V_bus
Header info = 3178
Transformed value for voltage_pos16V_bus = 15.34055558
Matching row  18
coeffs for Last measurement in raw DN for LVPS Board signal “P3.3V”= [0.0 0.00161172 0.0 0.0 0.0 0.0 0.0 0.0]
var_name = Last measurement in raw DN for LVPS Board signal “P3.3V”
var_name = voltage_pos3V3_bus
Header info = 2056
Transformed value for voltage_pos3V3_bus = 3.31369632
Matching row  18
coeffs for Last measurement in raw DN for LVPS Board signal “N5V”= [-33.0 0.00886447 0.0 0.0 0.0 0.0 0.0 0.0]
var_name = Last measurement in raw DN for LVPS Board signal “N5V”
var_name = voltage_neg5V_bus
Header info = 3155
Transformed value for voltage_neg5V_bus = -5.032597150000001
Matching row  18
coeffs for Last measurement in raw DN for LVPS Board signal “P5V”= [0.0 0.00161172 0.0 0.0 0.0 0.0 0.0 0.0]
var_name = Last measurement in raw DN for LVPS Board signal “P5V”
var_name = voltage_pos5V_bus
Header info = 3142
Transformed value for voltage_pos5V_bus = 5.06402424
Matching row  18
coeffs for Last measurement in raw DN for LVPS Board signal “P3.3_IMON”= [0.0 0.00161172 0.0 0.0 0.0 0.0 0.0 0.0]
var_name = Last measurement in raw DN for LVPS Board signal “P3.3_IMON”
var_name = current_3V3_bus
Header info = 1687
Transformed value for current_3V3_bus = 2.7189716400000004
Matching row  18
coeffs for Last measurement in raw DN for LVPS Board signal “P16V_IMON”= [0.0 0.000161172 0.0 0.0 0.0 0.0 0.0 0.0]
var_name = Last measurement in raw DN for LVPS Board signal “P16V_IMON”
var_name = current_16V_bus
Header info = 1140
Transformed value for current_16V_bus = 0.18373608
Matching row  18
coeffs for Last measurement in raw DN for LVPS Board signal “P6V_IMON”= [0.0 8.05861e-05 0.0 0.0 0.0 0.0 0.0 0.0]
var_name = Last measurement in raw DN for LVPS Board signal “P6V_IMON”
var_name = current_6V_bus
Header info = 1488
Transformed value for current_6V_bus = 0.1199121168
Matching row  18
coeffs for Last measurement in raw DN for LVPS Board signal “N6V_IMON”= [0.0 -8.05861e-05 0.0 0.0 0.0 0.0 0.0 0.0]
var_name = Last measurement in raw DN for LVPS Board signal “N6V_IMON”
var_name = current_neg6V_bus
Header info = 1140
Transformed value for current_neg6V_bus = -0.091868154
Matching row  18
coeffs for Last measurement in raw DN for LVPS Board signal “P5V_IMON”= [0.0 4.029304e-05 0.0 0.0 0.0 0.0 0.0 0.0]
var_name = Last measurement in raw DN for LVPS Board signal “P5V_IMON”
var_name = current_5V_bus
Header info = 1865
Transformed value for current_5V_bus = 0.0751465196
Matching row  18
coeffs for Last measurement in raw DN for LVPS Board signal “N5V_IMON”= [0.0 -2.01465e-05 0.0 0.0 0.0 0.0 0.0 0.0]
var_name = Last measurement in raw DN for LVPS Board signal “N5V_IMON”
var_name = current_neg5V_bus
Header info = 3287
Transformed value for current_neg5V_bus = -0.0662215455
Matching row  18
coeffs for Last measurement in raw DN for LVPS Board signal “P2.5V_IMON”= [0.0 0.00161172 0.0 0.0 0.0 0.0 0.0 0.0]
var_name = Last measurement in raw DN for LVPS Board signal “P2.5V_IMON”
var_name = current_2V5_bus
Header info = 452
Transformed value for current_2V5_bus = 0.72849744
Matching row  18
coeffs for Last measurement in raw DN for LVPS Board signal “N2.5V_IMON”= [0.0 -4.0293e-05 0.0 0.0 0.0 0.0 0.0 0.0]
var_name = Last measurement in raw DN for LVPS Board signal “N2.5V_IMON”
var_name = current_neg2V5_bus
Header info = 2945
Transformed value for current_neg2V5_bus = -0.11866288500000001
Matching row  18
coeffs for Last measurement in raw DN for LVPS Board signal “THERM_DECON0”= [-110.293 0.0665351 0.000305738 -6.32048e-07 5.9934e-10 -2.98784e-13
 7.61361e-17 -7.76467e-21]
var_name = Last measurement in raw DN for LVPS Board signal “THERM_DECON0”
var_name = None
KeyError: (19, None) - Could not find entry for None, 38. Please check the Var_notes or variable mapping.
Matching row  18
coeffs for Last measurement in raw DN for LVPS Board signal “THERM_DECON1”= [-150.478 0.376986 -0.00062072 7.73853e-07 -5.81588e-10 2.56368e-13
 -6.05698e-17 5.96635e-21]
var_name = Last measurement in raw DN for LVPS Board signal “THERM_DECON1”
var_name = None
KeyError: (19, None) - Could not find entry for None, 39. Please check the Var_notes or variable mapping.
Matching row  18
coeffs for Last measurement in raw DN for LVPS Board signal “THERM_DAB”= [-443.248 1.31224 -0.00180422 1.40016e-06 -6.43766e-10 1.7448e-13
 -2.57695e-17 1.60239e-21]
var_name = Last measurement in raw DN for LVPS Board signal “THERM_DAB”
var_name = None
KeyError: (19, None) - Could not find entry for None, 40. Please check the Var_notes or variable mapping.
Matching row  18
coeffs for Last measurement in raw DN for LVPS Board signal “THERM_LVPS”= [200.4137 -0.2020699 0.000175403 -9.739547e-08 2.888932e-11 -3.545603e-15
 0.0 0.0]
var_name = Last measurement in raw DN for LVPS Board signal “THERM_LVPS”
var_name = None
KeyError: (19, None) - Could not find entry for None, 41. Please check the Var_notes or variable mapping.
Matching row  18
coeffs for Last measurement in raw DN for LVPS Board signal “THERM_HVPS”= [200.4137 -0.2020699 0.000175403 -9.739547e-08 2.888932e-11 -3.545603e-15
 0.0 0.0]
var_name = Last measurement in raw DN for LVPS Board signal “THERM_HVPS”
var_name = None
KeyError: (19, None) - Could not find entry for None, 45. Please check the Var_notes or variable mapping.
Matching row  18
coeffs for Last measurement in raw DN for LVPS Board signal “P2.5V”= [0.0 0.00161172 0.0 0.0 0.0 0.0 0.0 0.0]
var_name = Last measurement in raw DN for LVPS Board signal “P2.5V”
var_name = None
KeyError: (19, None) - Could not find entry for None, 49. Please check the Var_notes or variable mapping.
Matching row  18
coeffs for Last measurement in raw DN for LVPS Board signal “N2.5V”= [-33.0 0.00886447 0.0 0.0 0.0 0.0 0.0 0.0]
var_name = Last measurement in raw DN for LVPS Board signal “N2.5V”
var_name = None
KeyError: (19, None) - Could not find entry for None, 50. Please check the Var_notes or variable mapping.
Matching row  18
coeffs for Last measurement in raw DN for LVPS Board signal “Spare”= [0.0 0.00161172 0.0 0.0 0.0 0.0 0.0 0.0]
var_name = Last measurement in raw DN for LVPS Board signal “Spare”
var_name = spare_signal
KeyError: (19, 'spare_signal') - Could not find entry for spare_signal, 51. Please check the Var_notes or variable mapping.
High gain delay = 91 samples.
Mid gain delay = 55 samples.
Low gain delay = 55 samples.
High sampling trigger mode =  0 0 1
High gain trigger mode enabled.
For 2222981120, HG Trigger level = 0.15317, sample settings = 0, 0
Threshold trigger mode enabled for high gain channel.
AID = 2415277392
Event number = 100
Rice compression enabled = False
Timestamp = 439515560.67818 seconds since epoch (Midnight January 1st, 2010)
Trigger time = 2023-12-05T23:39:20.678180Z
19
19
19
19
19
19
19
19
19
19
19
19
19
{'SHCOARSE': ParsedDataItem(SHCOARSE, raw=439515931, derived=439515931, unit=dn), 'SHFINE': ParsedDataItem(SHFINE, raw=9276, derived=9276, unit=dn), 'IDX__SCI0AID': ParsedDataItem(IDX__SCI0AID, raw=2415277392, derived=2415277392, unit=None), 'IDX__SCI0TYPE': ParsedDataItem(IDX__SCI0TYPE, raw=1, derived=1, unit=None), 'IDX__SCI0CONT': ParsedDataItem(IDX__SCI0CONT, raw=127, derived=127, unit=None), 'IDX__SCI0SPARE1': ParsedDataItem(IDX__SCI0SPARE1, raw=0, derived=0, unit=None), 'IDX__SCI0PACK': ParsedDataItem(IDX__SCI0PACK, raw=1, derived=EN, unit=None), 'IDX__SCI0FRAG': ParsedDataItem(IDX__SCI0FRAG, raw=0, derived=DS, unit=None), 'IDX__SCI0COMP': ParsedDataItem(IDX__SCI0COMP, raw=0, derived=DS, unit=None), 'IDX__SCI0EVTNUM': ParsedDataItem(IDX__SCI0EVTNUM, raw=101, derived=101, unit=None), 'IDX__SCI0CAT': ParsedDataItem(IDX__SCI0CAT, raw=32, derived=32, unit=None), 'IDX__SCI0QUAL': ParsedDataItem(IDX__SCI0QUAL, raw=5, derived=5, unit=None), 'IDX__SCI0FRAGOFF': ParsedDataItem(IDX__SCI0FRAGOFF, raw=0, derived=0, unit=None), 'IDX__SCI0VER': ParsedDataItem(IDX__SCI0VER, raw=9, derived=9, unit=None), 'IDX__SCI0TIME32': ParsedDataItem(IDX__SCI0TIME32, raw=439515561, derived=439515561, unit=None), 'IDX__SCI0SPARE2': ParsedDataItem(IDX__SCI0SPARE2, raw=0, derived=0, unit=None), 'IDX__SCI0SPARE3': ParsedDataItem(IDX__SCI0SPARE3, raw=0, derived=0, unit=None), 'IDX__SCI0SPARE4': ParsedDataItem(IDX__SCI0SPARE4, raw=0, derived=0, unit=None), 'IDX__TXHDRSCIEVTLEN': ParsedDataItem(IDX__TXHDRSCIEVTLEN, raw=8320, derived=8320, unit=None), 'IDX__TXHDRSP00': ParsedDataItem(IDX__TXHDRSP00, raw=0, derived=0, unit=None), 'IDX__TXHDRTIMESEC1': ParsedDataItem(IDX__TXHDRTIMESEC1, raw=6706, derived=6706, unit=None), 'IDX__TXHDRTIMESEC2': ParsedDataItem(IDX__TXHDRTIMESEC2, raw=31145, derived=31145, unit=None), 'IDX__TXHDRTIMESUBS': ParsedDataItem(IDX__TXHDRTIMESUBS, raw=33905, derived=33905, unit=None), 'IDX__TXHDRSP01': ParsedDataItem(IDX__TXHDRSP01, raw=0, derived=0, unit=None), 'IDX__TXHDRTRIGOFFSET': ParsedDataItem(IDX__TXHDRTRIGOFFSET, raw=7, derived=7, unit=None), 'IDX__TXHDRSP02': ParsedDataItem(IDX__TXHDRSP02, raw=0, derived=0, unit=None), 'IDX__TXHDRTRIGID': ParsedDataItem(IDX__TXHDRTRIGID, raw=1, derived=1, unit=None), 'IDX__TXHDREVTNUM': ParsedDataItem(IDX__TXHDREVTNUM, raw=101, derived=101, unit=None), 'IDX__TXHDRBLOCKS': ParsedDataItem(IDX__TXHDRBLOCKS, raw=243679, derived=243679, unit=None), 'IDX__TXHDRHGTRIGCTRL1': ParsedDataItem(IDX__TXHDRHGTRIGCTRL1, raw=2222981120, derived=2222981120, unit=None), 'IDX__TXHDRHGTRIGCTRL2': ParsedDataItem(IDX__TXHDRHGTRIGCTRL2, raw=0, derived=0, unit=None), 'IDX__TXHDRLGTRIGCTRL1': ParsedDataItem(IDX__TXHDRLGTRIGCTRL1, raw=4294965248, derived=4294965248, unit=None), 'IDX__TXHDRLGTRIGCTRL2': ParsedDataItem(IDX__TXHDRLGTRIGCTRL2, raw=4278255360, derived=4278255360, unit=None), 'IDX__TXHDRMGTRIGCTRL1': ParsedDataItem(IDX__TXHDRMGTRIGCTRL1, raw=4294965248, derived=4294965248, unit=None), 'IDX__TXHDRMGTRIGCTRL2': ParsedDataItem(IDX__TXHDRMGTRIGCTRL2, raw=4278255360, derived=4278255360, unit=None), 'IDX__TXHDRSP03': ParsedDataItem(IDX__TXHDRSP03, raw=0, derived=0, unit=None), 'IDX__TXHDRLSADC': ParsedDataItem(IDX__TXHDRLSADC, raw=1048320, derived=1048320, unit=None), 'IDX__TXHDRPOLSTAT': ParsedDataItem(IDX__TXHDRPOLSTAT, raw=1, derived=NEG, unit=None), 'IDX__TXHDRSP04': ParsedDataItem(IDX__TXHDRSP04, raw=0, derived=0, unit=None), 'IDX__TXHDRPOLCTRL': ParsedDataItem(IDX__TXHDRPOLCTRL, raw=0, derived=POS, unit=None), 'IDX__TXHDRCOINENA': ParsedDataItem(IDX__TXHDRCOINENA, raw=0, derived=DIS, unit=None), 'IDX__TXHDRLSTRIGMODE': ParsedDataItem(IDX__TXHDRLSTRIGMODE, raw=0, derived=DIS, unit=None), 'IDX__TXHDRMGTRIGMODE': ParsedDataItem(IDX__TXHDRMGTRIGMODE, raw=0, derived=0, unit=None), 'IDX__TXHDRLGTRIGMODE': ParsedDataItem(IDX__TXHDRLGTRIGMODE, raw=0, derived=0, unit=None), 'IDX__TXHDRHGTRIGMODE': ParsedDataItem(IDX__TXHDRHGTRIGMODE, raw=1, derived=1, unit=None), 'IDX__TXHDRSP05': ParsedDataItem(IDX__TXHDRSP05, raw=0, derived=0, unit=None), 'IDX__TXHDRSP06': ParsedDataItem(IDX__TXHDRSP06, raw=0, derived=0, unit=None), 'IDX__TXHDRSP07': ParsedDataItem(IDX__TXHDRSP07, raw=2018, derived=2018, unit=None), 'IDX__TXHDRSP08': ParsedDataItem(IDX__TXHDRSP08, raw=0, derived=0, unit=None), 'IDX__TXHDRTOFMAX': ParsedDataItem(IDX__TXHDRTOFMAX, raw=588782591, derived=588782591, unit=None), 'IDX__TXHDRTOFMIN': ParsedDataItem(IDX__TXHDRTOFMIN, raw=535295451, derived=535295451, unit=None), 'IDX__TXHDRLS0MAXMIN': ParsedDataItem(IDX__TXHDRLS0MAXMIN, raw=8468493, derived=8468493, unit=None), 'IDX__TXHDRLS1MAXMIN': ParsedDataItem(IDX__TXHDRLS1MAXMIN, raw=8456165, derived=8456165, unit=None), 'IDX__TXHDRLS2MAXMIN': ParsedDataItem(IDX__TXHDRLS2MAXMIN, raw=9054178, derived=9054178, unit=None), 'IDX__TXHDRFIFODELAY': ParsedDataItem(IDX__TXHDRFIFODELAY, raw=17, derived=17, unit=None), 'IDX__TXHDRSAMPDELAY': ParsedDataItem(IDX__TXHDRSAMPDELAY, raw=57728089, derived=57728089, unit=None), 'IDX__TXHDRTRANSCNT': ParsedDataItem(IDX__TXHDRTRANSCNT, raw=16, derived=16, unit=None), 'IDX__TXHDRPROCHKCH01': ParsedDataItem(IDX__TXHDRPROCHKCH01, raw=83755855, derived=83755855, unit=None), 'IDX__TXHDRPROCHKCH23': ParsedDataItem(IDX__TXHDRPROCHKCH23, raw=102302894, derived=102302894, unit=None), 'IDX__TXHDRPROCHKCH45': ParsedDataItem(IDX__TXHDRPROCHKCH45, raw=167970010, derived=167970010, unit=None), 'IDX__TXHDRPROCHKCH67': ParsedDataItem(IDX__TXHDRPROCHKCH67, raw=133695768, derived=133695768, unit=None), 'IDX__TXHDRHVPSHKCH01': ParsedDataItem(IDX__TXHDRHVPSHKCH01, raw=131860073, derived=131860073, unit=None), 'IDX__TXHDRHVPSHKCH23': ParsedDataItem(IDX__TXHDRHVPSHKCH23, raw=8849070, derived=8849070, unit=None), 'IDX__TXHDRHVPSHKCH45': ParsedDataItem(IDX__TXHDRHVPSHKCH45, raw=153290714, derived=153290714, unit=None), 'IDX__TXHDRHVPSHKCH67': ParsedDataItem(IDX__TXHDRHVPSHKCH67, raw=19991184, derived=19991184, unit=None), 'IDX__TXHDRLVHK0CH01': ParsedDataItem(IDX__TXHDRLVHK0CH01, raw=134219776, derived=134219776, unit=None), 'IDX__TXHDRLVHK0CH23': ParsedDataItem(IDX__TXHDRLVHK0CH23, raw=172035001, derived=172035001, unit=None), 'IDX__TXHDRLVHK0CH45': ParsedDataItem(IDX__TXHDRLVHK0CH45, raw=134745194, derived=134745194, unit=None), 'IDX__TXHDRLVHK0CH67': ParsedDataItem(IDX__TXHDRLVHK0CH67, raw=205917267, derived=205917267, unit=None), 'IDX__TXHDRLVHK1CH01': ParsedDataItem(IDX__TXHDRLVHK1CH01, raw=34801303, derived=34801303, unit=None), 'IDX__TXHDRLVHK1CH23': ParsedDataItem(IDX__TXHDRLVHK1CH23, raw=74712528, derived=74712528, unit=None), 'IDX__TXHDRLVHK1CH45': ParsedDataItem(IDX__TXHDRLVHK1CH45, raw=215484233, derived=215484233, unit=None), 'IDX__TXHDRLVHK1CH67': ParsedDataItem(IDX__TXHDRLVHK1CH67, raw=193003972, derived=193003972, unit=None), 'IDX__TXHDRLVHK2CH01': ParsedDataItem(IDX__TXHDRLVHK2CH01, raw=82314476, derived=82314476, unit=None), 'IDX__TXHDRLVHK2CH23': ParsedDataItem(IDX__TXHDRLVHK2CH23, raw=188680971, derived=188680971, unit=None), 'IDX__TXHDRLVHK2CH45': ParsedDataItem(IDX__TXHDRLVHK2CH45, raw=101059604, derived=101059604, unit=None), 'IDX__TXHDRLVHK2CH67': ParsedDataItem(IDX__TXHDRLVHK2CH67, raw=69017, derived=69017, unit=None), 'IDX__TXHDRSP09': ParsedDataItem(IDX__TXHDRSP09, raw=0, derived=0, unit=None), 'IDX__TXHDRSP10': ParsedDataItem(IDX__TXHDRSP10, raw=0, derived=0, unit=None), 'IDX__TXHDRFSWAIDCOPY': ParsedDataItem(IDX__TXHDRFSWAIDCOPY, raw=2415277392, derived=2415277392, unit=None), 'IDX__TXHDRFSWBINCOPY': ParsedDataItem(IDX__TXHDRFSWBINCOPY, raw=0, derived=0, unit=None), 'IDX__TXHDRFSWMAJOR': ParsedDataItem(IDX__TXHDRFSWMAJOR, raw=2, derived=2, unit=None), 'IDX__TXHDRFSWMINOR': ParsedDataItem(IDX__TXHDRFSWMINOR, raw=0, derived=0, unit=None), 'IDX__TXHDRFSWPATCH': ParsedDataItem(IDX__TXHDRFSWPATCH, raw=0, derived=0, unit=None), 'IDX__TXHDRFSWHVSTAT': ParsedDataItem(IDX__TXHDRFSWHVSTAT, raw=3, derived=3, unit=None), 'IDX__TXHDRFSWMEM0': ParsedDataItem(IDX__TXHDRFSWMEM0, raw=0, derived=0, unit=None), 'IDX__TXHDRFSWMEM1': ParsedDataItem(IDX__TXHDRFSWMEM1, raw=0, derived=0, unit=None), 'IDX__TXHDRFSWPT0': ParsedDataItem(IDX__TXHDRFSWPT0, raw=0, derived=0, unit=None), 'IDX__TXHDRFSWPT1': ParsedDataItem(IDX__TXHDRFSWPT1, raw=0, derived=0, unit=None), 'IDX__TXHDRFSWPT2': ParsedDataItem(IDX__TXHDRFSWPT2, raw=0, derived=0, unit=None), 'IDX__TXHDRFSWPT3': ParsedDataItem(IDX__TXHDRFSWPT3, raw=0, derived=0, unit=None), 'IDX__TXHDRFSWPT4': ParsedDataItem(IDX__TXHDRFSWPT4, raw=0, derived=0, unit=None), 'IDX__TXHDRFSWPT5': ParsedDataItem(IDX__TXHDRFSWPT5, raw=0, derived=0, unit=None), 'IDX__TXHDRFSWPT6': ParsedDataItem(IDX__TXHDRFSWPT6, raw=0, derived=0, unit=None), 'IDX__TXHDRFSWPT7': ParsedDataItem(IDX__TXHDRFSWPT7, raw=0, derived=0, unit=None), 'IDX__TXHDRFSWPT8': ParsedDataItem(IDX__TXHDRFSWPT8, raw=0, derived=0, unit=None), 'IDX__TXHDRFSWPT9': ParsedDataItem(IDX__TXHDRFSWPT9, raw=0, derived=0, unit=None), 'IDX__TXHDRFPGAVER': ParsedDataItem(IDX__TXHDRFPGAVER, raw=539165480, derived=539165480, unit=None), 'IDX__SYNCSCI0PKT': ParsedDataItem(IDX__SYNCSCI0PKT, raw=13107, derived=13107, unit=None), 'IDX__CRCSCI0PKT': ParsedDataItem(IDX__CRCSCI0PKT, raw=44337, derived=44337, unit=None)}
SHCOARSE = 439515931
SHFINE = 9276
IDX__SCI0AID = 2415277392
IDX__SCI0TYPE = 1
IDX__SCI0CONT = 127
IDX__SCI0SPARE1 = 0
IDX__SCI0PACK = EN
IDX__SCI0FRAG = DS
IDX__SCI0COMP = DS
IDX__SCI0EVTNUM = 101
IDX__SCI0CAT = 32
IDX__SCI0QUAL = 5
IDX__SCI0FRAGOFF = 0
IDX__SCI0VER = 9
IDX__SCI0TIME32 = 439515561
IDX__SCI0SPARE2 = 0
IDX__SCI0SPARE3 = 0
IDX__SCI0SPARE4 = 0
IDX__TXHDRSCIEVTLEN = 8320
IDX__TXHDRSP00 = 0
IDX__TXHDRTIMESEC1 = 6706
IDX__TXHDRTIMESEC2 = 31145
IDX__TXHDRTIMESUBS = 33905
IDX__TXHDRSP01 = 0
IDX__TXHDRTRIGOFFSET = 7
IDX__TXHDRSP02 = 0
IDX__TXHDRTRIGID = 1
IDX__TXHDREVTNUM = 101
IDX__TXHDRBLOCKS = 243679
IDX__TXHDRHGTRIGCTRL1 = 2222981120
IDX__TXHDRHGTRIGCTRL2 = 0
IDX__TXHDRLGTRIGCTRL1 = 4294965248
IDX__TXHDRLGTRIGCTRL2 = 4278255360
IDX__TXHDRMGTRIGCTRL1 = 4294965248
IDX__TXHDRMGTRIGCTRL2 = 4278255360
IDX__TXHDRSP03 = 0
IDX__TXHDRLSADC = 1048320
IDX__TXHDRPOLSTAT = NEG
IDX__TXHDRSP04 = 0
IDX__TXHDRPOLCTRL = POS
IDX__TXHDRCOINENA = DIS
IDX__TXHDRLSTRIGMODE = DIS
IDX__TXHDRMGTRIGMODE = 0
IDX__TXHDRLGTRIGMODE = 0
IDX__TXHDRHGTRIGMODE = 1
IDX__TXHDRSP05 = 0
IDX__TXHDRSP06 = 0
IDX__TXHDRSP07 = 2018
IDX__TXHDRSP08 = 0
IDX__TXHDRTOFMAX = 588782591
IDX__TXHDRTOFMIN = 535295451
IDX__TXHDRLS0MAXMIN = 8468493
IDX__TXHDRLS1MAXMIN = 8456165
IDX__TXHDRLS2MAXMIN = 9054178
IDX__TXHDRFIFODELAY = 17
IDX__TXHDRSAMPDELAY = 57728089
IDX__TXHDRTRANSCNT = 16
IDX__TXHDRPROCHKCH01 = 83755855
IDX__TXHDRPROCHKCH23 = 102302894
IDX__TXHDRPROCHKCH45 = 167970010
IDX__TXHDRPROCHKCH67 = 133695768
IDX__TXHDRHVPSHKCH01 = 131860073
IDX__TXHDRHVPSHKCH23 = 8849070
IDX__TXHDRHVPSHKCH45 = 153290714
IDX__TXHDRHVPSHKCH67 = 19991184
IDX__TXHDRLVHK0CH01 = 134219776
IDX__TXHDRLVHK0CH23 = 172035001
IDX__TXHDRLVHK0CH45 = 134745194
IDX__TXHDRLVHK0CH67 = 205917267
IDX__TXHDRLVHK1CH01 = 34801303
IDX__TXHDRLVHK1CH23 = 74712528
IDX__TXHDRLVHK1CH45 = 215484233
IDX__TXHDRLVHK1CH67 = 193003972
IDX__TXHDRLVHK2CH01 = 82314476
IDX__TXHDRLVHK2CH23 = 188680971
IDX__TXHDRLVHK2CH45 = 101059604
IDX__TXHDRLVHK2CH67 = 69017
IDX__TXHDRSP09 = 0
IDX__TXHDRSP10 = 0
IDX__TXHDRFSWAIDCOPY = 2415277392
IDX__TXHDRFSWBINCOPY = 0
IDX__TXHDRFSWMAJOR = 2
IDX__TXHDRFSWMINOR = 0
IDX__TXHDRFSWPATCH = 0
IDX__TXHDRFSWHVSTAT = 3
IDX__TXHDRFSWMEM0 = 0
IDX__TXHDRFSWMEM1 = 0
IDX__TXHDRFSWPT0 = 0
IDX__TXHDRFSWPT1 = 0
IDX__TXHDRFSWPT2 = 0
IDX__TXHDRFSWPT3 = 0
IDX__TXHDRFSWPT4 = 0
IDX__TXHDRFSWPT5 = 0
IDX__TXHDRFSWPT6 = 0
IDX__TXHDRFSWPT7 = 0
IDX__TXHDRFSWPT8 = 0
IDX__TXHDRFSWPT9 = 0
IDX__TXHDRFPGAVER = 539165480
IDX__SYNCSCI0PKT = 13107
IDX__CRCSCI0PKT = 44337
^*****Event header 20******^
EVTNUM: 20
SCI0TYPE: 1
TXHDRBLOCKS RAW: 243679
TXHDRBLOCKS DERIVED: 243679
-----
HS pre trig sampling blocks:  31
LS pre trig sampling blocks:  3
HS post trig sampling blocks:  31
LS post trig sampling blocks:  11
IDX__TXHDRHVPSHKCH01 = 131860073
Detector voltage =  1641
Sensor voltage =  2012
Target voltage =  1710
Reflectron voltage =  135
Rejection voltage =  2010
Current for HVPS sensor =  2339
Positive current for HVPS sensor =  2704
Negative current for HVPS sensor =  305
Voltage +3.3V reference =  2048
Voltage +3.3V operational reference =  2048
Voltage -6V bus =  3001
Voltage +6V bus =  2625
Voltage +16V bus =  3178
Voltage +3.3V bus =  2056
Voltage -5V bus =  3155
Voltage +5V bus =  3142
Current +3.3V bus =  1687
Current +16V bus =  1140
Current +6V bus =  1488
Current -6V bus =  1140
Current +5V bus =  1865
Current -5V bus =  3288
Current +2.5V bus =  452
Current -2.5V bus =  2945
Current on the 1V POL =  847
Current on the 1.9V POL =  1278
ProcBd Temperature 1 =  1198
ProcBd Temperature 2 =  1561
Voltage on 1V bus =  1242
FPGA Temperature =  2563
Voltage on 1.9V bus =  2328
Voltage on 3.3V bus =  2040
var_to_row = {'Last measurement in raw DN for Processor Board signal “1V POL Current”': 0, 'Last measurement in raw DN for Processor Board signal “1.9V POL Current”': 1, 'Last measurement in raw DN for Processor Board signal “ProcBd Temp1”': 2, nan: 48, 'Last measurement in raw DN for Processor Board signal “ProcBd Temp2”': 6, 'Last measurement in raw DN for Processor Board signal “1V Voltage”': 10, 'Last measurement in raw DN for Processor Board signal “FPGA Temp”': 11, 'Last measurement in raw DN for Processor Board signal “1.9V Voltage”': 12, 'Last measurement in raw DN for Processor Board signal “3.3V Voltage”': 13, 'Last measurement in raw DN for HVPS Board signal “Detector Voltage”': 14, 'Last measurement in raw DN for HVPS Board signal “Sensor Voltage"': 15, 'Last measurement in raw DN for HVPS Board signal “Target Voltage”': 16, 'Last measurement in raw DN for HVPS Board signal “Reflectron Voltage”': 17, 'Last measurement in raw DN for HVPS Board signal “Rejection Voltage”': 18, 'Last measurement in raw DN for HVPS Board signal “Detector Current”': 19, 'Last measurement in raw DN for HVPS Board signal “Sensor IP”': 20, 'Last measurement in raw DN for HVPS Board signal “Sensor IN”': 21, 'Last measurement in raw DN for LVPS Board signal “P3.3VREF_HK”': 22, 'Last measurement in raw DN for LVPS Board signal “P3.3VREF_OP”': 23, 'Last measurement in raw DN for LVPS Board signal “N6V”': 24, 'Last measurement in raw DN for LVPS Board signal “P6V”': 25, 'Last measurement in raw DN for LVPS Board signal “P16V”': 26, 'Last measurement in raw DN for LVPS Board signal “P3.3V”': 27, 'Last measurement in raw DN for LVPS Board signal “N5V”': 28, 'Last measurement in raw DN for LVPS Board signal “P5V”': 29, 'Last measurement in raw DN for LVPS Board signal “P3.3_IMON”': 30, 'Last measurement in raw DN for LVPS Board signal “P16V_IMON”': 31, 'Last measurement in raw DN for LVPS Board signal “P6V_IMON”': 32, 'Last measurement in raw DN for LVPS Board signal “N6V_IMON”': 33, 'Last measurement in raw DN for LVPS Board signal “P5V_IMON”': 34, 'Last measurement in raw DN for LVPS Board signal “N5V_IMON”': 35, 'Last measurement in raw DN for LVPS Board signal “P2.5V_IMON”': 36, 'Last measurement in raw DN for LVPS Board signal “N2.5V_IMON”': 37, 'Last measurement in raw DN for LVPS Board signal “THERM_DECON0”': 38, 'Last measurement in raw DN for LVPS Board signal “THERM_DECON1”': 39, 'Last measurement in raw DN for LVPS Board signal “THERM_DAB”': 40, 'Last measurement in raw DN for LVPS Board signal “THERM_LVPS”': 41, 'Last measurement in raw DN for LVPS Board signal “THERM_HVPS”': 45, 'Last measurement in raw DN for LVPS Board signal “P2.5V”': 49, 'Last measurement in raw DN for LVPS Board signal “N2.5V”': 50, 'Last measurement in raw DN for LVPS Board signal “Spare”': 51}

 
 ***** var_name being converted for each instrument setting ***** 
 

Matching row  18
coeffs for Last measurement in raw DN for Processor Board signal “1V POL Current”= [0.0 0.9029253 0.0 0.0 0.0 0.0 0.0 0.0]
var_name = Last measurement in raw DN for Processor Board signal “1V POL Current”
var_name = current_1V_pol
Header info = 847
Transformed value for current_1V_pol = 764.7777291
Matching row  18
coeffs for Last measurement in raw DN for Processor Board signal “1.9V POL Current”= [0.0 0.9029253 0.0 0.0 0.0 0.0 0.0 0.0]
var_name = Last measurement in raw DN for Processor Board signal “1.9V POL Current”
var_name = current_1.9V_pol
Header info = 1278
Transformed value for current_1.9V_pol = 1153.9385334
Matching row  18
coeffs for Last measurement in raw DN for Processor Board signal “ProcBd Temp1”= [162.8276 -0.2668687 0.0003323794 -2.43153e-07 9.034532e-11 -1.327735e-14
 0.0 0.0]
var_name = Last measurement in raw DN for Processor Board signal “ProcBd Temp1”
var_name = temperature_1
Header info = 1198
Transformed value for temperature_1 = 55.41044834983295
Matching row  18
coeffs for nan= [-104713.9 52.02446 -0.006463374 0.0 0.0 0.0 0.0 0.0]
var_name = nan
var_name = None
KeyError: (20, None) - Could not find entry for None, 48. Please check the Var_notes or variable mapping.
Matching row  18
coeffs for Last measurement in raw DN for Processor Board signal “ProcBd Temp2”= [162.8276 -0.2668687 0.0003323794 -2.43153e-07 9.034532e-11 -1.327735e-14
 0.0 0.0]
var_name = Last measurement in raw DN for Processor Board signal “ProcBd Temp2”
var_name = temperature_2
Header info = 1561
Transformed value for temperature_2 = 44.64778748986298
Matching row  18
coeffs for Last measurement in raw DN for Processor Board signal “1V Voltage”= [0.0 0.000805861 0.0 0.0 0.0 0.0 0.0 0.0]
var_name = Last measurement in raw DN for Processor Board signal “1V Voltage”
var_name = voltage_1V_bus
Header info = 1242
Transformed value for voltage_1V_bus = 1.0008793619999998
Matching row  18
coeffs for Last measurement in raw DN for Processor Board signal “FPGA Temp”= [358.31 -0.1187104 0.0 0.0 0.0 0.0 0.0 0.0]
var_name = Last measurement in raw DN for Processor Board signal “FPGA Temp”
var_name = fpga_temperature
Header info = 2563
Transformed value for fpga_temperature = 54.055244800000025
Matching row  18
coeffs for Last measurement in raw DN for Processor Board signal “1.9V Voltage”= [0.0 0.000805861 0.0 0.0 0.0 0.0 0.0 0.0]
var_name = Last measurement in raw DN for Processor Board signal “1.9V Voltage”
var_name = voltage_1.9V_bus
Header info = 2328
Transformed value for voltage_1.9V_bus = 1.8760444079999998
Matching row  18
coeffs for Last measurement in raw DN for Processor Board signal “3.3V Voltage”= [0.0 0.001611722 0.0 0.0 0.0 0.0 0.0 0.0]
var_name = Last measurement in raw DN for Processor Board signal “3.3V Voltage”
var_name = voltage_3.3V_bus
Header info = 2040
Transformed value for voltage_3.3V_bus = 3.28791288
Matching row  18
coeffs for Last measurement in raw DN for HVPS Board signal “Detector Voltage”= [0.0 1.4652 0.0 0.0 0.0 0.0 0.0 0.0]
var_name = Last measurement in raw DN for HVPS Board signal “Detector Voltage”
var_name = detector_voltage
Header info = 1641
Transformed value for detector_voltage = 2404.3932
Matching row  18
coeffs for Last measurement in raw DN for HVPS Board signal “Sensor Voltage"= [0.0 1.4652 0.0 0.0 0.0 0.0 0.0 0.0]
var_name = Last measurement in raw DN for HVPS Board signal “Sensor Voltage"
var_name = sensor_voltage
Header info = 2012
Transformed value for sensor_voltage = 2947.9824000000003
Matching row  18
coeffs for Last measurement in raw DN for HVPS Board signal “Target Voltage”= [0.0 1.4652 0.0 0.0 0.0 0.0 0.0 0.0]
var_name = Last measurement in raw DN for HVPS Board signal “Target Voltage”
var_name = target_voltage
Header info = 1710
Transformed value for target_voltage = 2505.492
Matching row  18
coeffs for Last measurement in raw DN for HVPS Board signal “Reflectron Voltage”= [0.0 1.4652 0.0 0.0 0.0 0.0 0.0 0.0]
var_name = Last measurement in raw DN for HVPS Board signal “Reflectron Voltage”
var_name = reflectron_voltage
Header info = 135
Transformed value for reflectron_voltage = 197.80200000000002
Matching row  18
coeffs for Last measurement in raw DN for HVPS Board signal “Rejection Voltage”= [0.0 1.4652 0.0 0.0 0.0 0.0 0.0 0.0]
var_name = Last measurement in raw DN for HVPS Board signal “Rejection Voltage”
var_name = rejection_voltage
Header info = 2010
Transformed value for rejection_voltage = 2945.052
Matching row  18
coeffs for Last measurement in raw DN for HVPS Board signal “Detector Current”= [0.0 7.326e-06 0.0 0.0 0.0 0.0 0.0 0.0]
var_name = Last measurement in raw DN for HVPS Board signal “Detector Current”
var_name = current_hvps_sensor
Header info = 2339
Transformed value for current_hvps_sensor = 0.017135514
Matching row  18
coeffs for Last measurement in raw DN for HVPS Board signal “Sensor IP”= [0.0 2.4339e-05 0.0 0.0 0.0 0.0 0.0 0.0]
var_name = Last measurement in raw DN for HVPS Board signal “Sensor IP”
var_name = positive_current_hvps
Header info = 2704
Transformed value for positive_current_hvps = 0.065812656
Matching row  18
coeffs for Last measurement in raw DN for HVPS Board signal “Sensor IN”= [0.0 2.4339e-05 0.0 0.0 0.0 0.0 0.0 0.0]
var_name = Last measurement in raw DN for HVPS Board signal “Sensor IN”
var_name = negative_current_hvps
Header info = 305
Transformed value for negative_current_hvps = 0.007423394999999999
Matching row  18
coeffs for Last measurement in raw DN for LVPS Board signal “P3.3VREF_HK”= [0.0 0.00161172 0.0 0.0 0.0 0.0 0.0 0.0]
var_name = Last measurement in raw DN for LVPS Board signal “P3.3VREF_HK”
var_name = voltage_3V3_ref
Header info = 2048
Transformed value for voltage_3V3_ref = 3.30080256
Matching row  18
coeffs for Last measurement in raw DN for LVPS Board signal “P3.3VREF_OP”= [0.0 0.00161172 0.0 0.0 0.0 0.0 0.0 0.0]
var_name = Last measurement in raw DN for LVPS Board signal “P3.3VREF_OP”
var_name = voltage_3V3_op_ref
Header info = 2048
Transformed value for voltage_3V3_op_ref = 3.30080256
Matching row  18
coeffs for Last measurement in raw DN for LVPS Board signal “N6V”= [-33.0 0.00886447 0.0 0.0 0.0 0.0 0.0 0.0]
var_name = Last measurement in raw DN for LVPS Board signal “N6V”
var_name = voltage_neg6V_bus
Header info = 3001
Transformed value for voltage_neg6V_bus = -6.397725530000002
Matching row  18
coeffs for Last measurement in raw DN for LVPS Board signal “P6V”= [0.0 0.00241758 0.0 0.0 0.0 0.0 0.0 0.0]
var_name = Last measurement in raw DN for LVPS Board signal “P6V”
var_name = voltage_pos6V_bus
Header info = 2625
Transformed value for voltage_pos6V_bus = 6.3461475
Matching row  18
coeffs for Last measurement in raw DN for LVPS Board signal “P16V”= [0.0 0.00482711 0.0 0.0 0.0 0.0 0.0 0.0]
var_name = Last measurement in raw DN for LVPS Board signal “P16V”
var_name = voltage_pos16V_bus
Header info = 3178
Transformed value for voltage_pos16V_bus = 15.34055558
Matching row  18
coeffs for Last measurement in raw DN for LVPS Board signal “P3.3V”= [0.0 0.00161172 0.0 0.0 0.0 0.0 0.0 0.0]
var_name = Last measurement in raw DN for LVPS Board signal “P3.3V”
var_name = voltage_pos3V3_bus
Header info = 2056
Transformed value for voltage_pos3V3_bus = 3.31369632
Matching row  18
coeffs for Last measurement in raw DN for LVPS Board signal “N5V”= [-33.0 0.00886447 0.0 0.0 0.0 0.0 0.0 0.0]
var_name = Last measurement in raw DN for LVPS Board signal “N5V”
var_name = voltage_neg5V_bus
Header info = 3155
Transformed value for voltage_neg5V_bus = -5.032597150000001
Matching row  18
coeffs for Last measurement in raw DN for LVPS Board signal “P5V”= [0.0 0.00161172 0.0 0.0 0.0 0.0 0.0 0.0]
var_name = Last measurement in raw DN for LVPS Board signal “P5V”
var_name = voltage_pos5V_bus
Header info = 3142
Transformed value for voltage_pos5V_bus = 5.06402424
Matching row  18
coeffs for Last measurement in raw DN for LVPS Board signal “P3.3_IMON”= [0.0 0.00161172 0.0 0.0 0.0 0.0 0.0 0.0]
var_name = Last measurement in raw DN for LVPS Board signal “P3.3_IMON”
var_name = current_3V3_bus
Header info = 1687
Transformed value for current_3V3_bus = 2.7189716400000004
Matching row  18
coeffs for Last measurement in raw DN for LVPS Board signal “P16V_IMON”= [0.0 0.000161172 0.0 0.0 0.0 0.0 0.0 0.0]
var_name = Last measurement in raw DN for LVPS Board signal “P16V_IMON”
var_name = current_16V_bus
Header info = 1140
Transformed value for current_16V_bus = 0.18373608
Matching row  18
coeffs for Last measurement in raw DN for LVPS Board signal “P6V_IMON”= [0.0 8.05861e-05 0.0 0.0 0.0 0.0 0.0 0.0]
var_name = Last measurement in raw DN for LVPS Board signal “P6V_IMON”
var_name = current_6V_bus
Header info = 1488
Transformed value for current_6V_bus = 0.1199121168
Matching row  18
coeffs for Last measurement in raw DN for LVPS Board signal “N6V_IMON”= [0.0 -8.05861e-05 0.0 0.0 0.0 0.0 0.0 0.0]
var_name = Last measurement in raw DN for LVPS Board signal “N6V_IMON”
var_name = current_neg6V_bus
Header info = 1140
Transformed value for current_neg6V_bus = -0.091868154
Matching row  18
coeffs for Last measurement in raw DN for LVPS Board signal “P5V_IMON”= [0.0 4.029304e-05 0.0 0.0 0.0 0.0 0.0 0.0]
var_name = Last measurement in raw DN for LVPS Board signal “P5V_IMON”
var_name = current_5V_bus
Header info = 1865
Transformed value for current_5V_bus = 0.0751465196
Matching row  18
coeffs for Last measurement in raw DN for LVPS Board signal “N5V_IMON”= [0.0 -2.01465e-05 0.0 0.0 0.0 0.0 0.0 0.0]
var_name = Last measurement in raw DN for LVPS Board signal “N5V_IMON”
var_name = current_neg5V_bus
Header info = 3288
Transformed value for current_neg5V_bus = -0.066241692
Matching row  18
coeffs for Last measurement in raw DN for LVPS Board signal “P2.5V_IMON”= [0.0 0.00161172 0.0 0.0 0.0 0.0 0.0 0.0]
var_name = Last measurement in raw DN for LVPS Board signal “P2.5V_IMON”
var_name = current_2V5_bus
Header info = 452
Transformed value for current_2V5_bus = 0.72849744
Matching row  18
coeffs for Last measurement in raw DN for LVPS Board signal “N2.5V_IMON”= [0.0 -4.0293e-05 0.0 0.0 0.0 0.0 0.0 0.0]
var_name = Last measurement in raw DN for LVPS Board signal “N2.5V_IMON”
var_name = current_neg2V5_bus
Header info = 2945
Transformed value for current_neg2V5_bus = -0.11866288500000001
Matching row  18
coeffs for Last measurement in raw DN for LVPS Board signal “THERM_DECON0”= [-110.293 0.0665351 0.000305738 -6.32048e-07 5.9934e-10 -2.98784e-13
 7.61361e-17 -7.76467e-21]
var_name = Last measurement in raw DN for LVPS Board signal “THERM_DECON0”
var_name = None
KeyError: (20, None) - Could not find entry for None, 38. Please check the Var_notes or variable mapping.
Matching row  18
coeffs for Last measurement in raw DN for LVPS Board signal “THERM_DECON1”= [-150.478 0.376986 -0.00062072 7.73853e-07 -5.81588e-10 2.56368e-13
 -6.05698e-17 5.96635e-21]
var_name = Last measurement in raw DN for LVPS Board signal “THERM_DECON1”
var_name = None
KeyError: (20, None) - Could not find entry for None, 39. Please check the Var_notes or variable mapping.
Matching row  18
coeffs for Last measurement in raw DN for LVPS Board signal “THERM_DAB”= [-443.248 1.31224 -0.00180422 1.40016e-06 -6.43766e-10 1.7448e-13
 -2.57695e-17 1.60239e-21]
var_name = Last measurement in raw DN for LVPS Board signal “THERM_DAB”
var_name = None
KeyError: (20, None) - Could not find entry for None, 40. Please check the Var_notes or variable mapping.
Matching row  18
coeffs for Last measurement in raw DN for LVPS Board signal “THERM_LVPS”= [200.4137 -0.2020699 0.000175403 -9.739547e-08 2.888932e-11 -3.545603e-15
 0.0 0.0]
var_name = Last measurement in raw DN for LVPS Board signal “THERM_LVPS”
var_name = None
KeyError: (20, None) - Could not find entry for None, 41. Please check the Var_notes or variable mapping.
Matching row  18
coeffs for Last measurement in raw DN for LVPS Board signal “THERM_HVPS”= [200.4137 -0.2020699 0.000175403 -9.739547e-08 2.888932e-11 -3.545603e-15
 0.0 0.0]
var_name = Last measurement in raw DN for LVPS Board signal “THERM_HVPS”
var_name = None
KeyError: (20, None) - Could not find entry for None, 45. Please check the Var_notes or variable mapping.
Matching row  18
coeffs for Last measurement in raw DN for LVPS Board signal “P2.5V”= [0.0 0.00161172 0.0 0.0 0.0 0.0 0.0 0.0]
var_name = Last measurement in raw DN for LVPS Board signal “P2.5V”
var_name = None
KeyError: (20, None) - Could not find entry for None, 49. Please check the Var_notes or variable mapping.
Matching row  18
coeffs for Last measurement in raw DN for LVPS Board signal “N2.5V”= [-33.0 0.00886447 0.0 0.0 0.0 0.0 0.0 0.0]
var_name = Last measurement in raw DN for LVPS Board signal “N2.5V”
var_name = None
KeyError: (20, None) - Could not find entry for None, 50. Please check the Var_notes or variable mapping.
Matching row  18
coeffs for Last measurement in raw DN for LVPS Board signal “Spare”= [0.0 0.00161172 0.0 0.0 0.0 0.0 0.0 0.0]
var_name = Last measurement in raw DN for LVPS Board signal “Spare”
var_name = spare_signal
KeyError: (20, 'spare_signal') - Could not find entry for spare_signal, 51. Please check the Var_notes or variable mapping.
High gain delay = 89 samples.
Mid gain delay = 55 samples.
Low gain delay = 55 samples.
High sampling trigger mode =  0 0 1
High gain trigger mode enabled.
For 2222981120, HG Trigger level = 0.15317, sample settings = 0, 0
Threshold trigger mode enabled for high gain channel.
AID = 2415277392
Event number = 101
Rice compression enabled = False
Timestamp = 439515561.6781 seconds since epoch (Midnight January 1st, 2010)
Trigger time = 2023-12-05T23:39:21.678100Z
20
20
20
20
20
20
20
20
20
20
20
20
20
{'SHCOARSE': ParsedDataItem(SHCOARSE, raw=439515945, derived=439515945, unit=dn), 'SHFINE': ParsedDataItem(SHFINE, raw=9286, derived=9286, unit=dn), 'IDX__SCI0AID': ParsedDataItem(IDX__SCI0AID, raw=2415277392, derived=2415277392, unit=None), 'IDX__SCI0TYPE': ParsedDataItem(IDX__SCI0TYPE, raw=1, derived=1, unit=None), 'IDX__SCI0CONT': ParsedDataItem(IDX__SCI0CONT, raw=127, derived=127, unit=None), 'IDX__SCI0SPARE1': ParsedDataItem(IDX__SCI0SPARE1, raw=0, derived=0, unit=None), 'IDX__SCI0PACK': ParsedDataItem(IDX__SCI0PACK, raw=1, derived=EN, unit=None), 'IDX__SCI0FRAG': ParsedDataItem(IDX__SCI0FRAG, raw=0, derived=DS, unit=None), 'IDX__SCI0COMP': ParsedDataItem(IDX__SCI0COMP, raw=0, derived=DS, unit=None), 'IDX__SCI0EVTNUM': ParsedDataItem(IDX__SCI0EVTNUM, raw=102, derived=102, unit=None), 'IDX__SCI0CAT': ParsedDataItem(IDX__SCI0CAT, raw=32, derived=32, unit=None), 'IDX__SCI0QUAL': ParsedDataItem(IDX__SCI0QUAL, raw=5, derived=5, unit=None), 'IDX__SCI0FRAGOFF': ParsedDataItem(IDX__SCI0FRAGOFF, raw=0, derived=0, unit=None), 'IDX__SCI0VER': ParsedDataItem(IDX__SCI0VER, raw=9, derived=9, unit=None), 'IDX__SCI0TIME32': ParsedDataItem(IDX__SCI0TIME32, raw=439515562, derived=439515562, unit=None), 'IDX__SCI0SPARE2': ParsedDataItem(IDX__SCI0SPARE2, raw=0, derived=0, unit=None), 'IDX__SCI0SPARE3': ParsedDataItem(IDX__SCI0SPARE3, raw=0, derived=0, unit=None), 'IDX__SCI0SPARE4': ParsedDataItem(IDX__SCI0SPARE4, raw=0, derived=0, unit=None), 'IDX__TXHDRSCIEVTLEN': ParsedDataItem(IDX__TXHDRSCIEVTLEN, raw=8320, derived=8320, unit=None), 'IDX__TXHDRSP00': ParsedDataItem(IDX__TXHDRSP00, raw=0, derived=0, unit=None), 'IDX__TXHDRTIMESEC1': ParsedDataItem(IDX__TXHDRTIMESEC1, raw=6706, derived=6706, unit=None), 'IDX__TXHDRTIMESEC2': ParsedDataItem(IDX__TXHDRTIMESEC2, raw=31146, derived=31146, unit=None), 'IDX__TXHDRTIMESUBS': ParsedDataItem(IDX__TXHDRTIMESUBS, raw=33903, derived=33903, unit=None), 'IDX__TXHDRSP01': ParsedDataItem(IDX__TXHDRSP01, raw=0, derived=0, unit=None), 'IDX__TXHDRTRIGOFFSET': ParsedDataItem(IDX__TXHDRTRIGOFFSET, raw=4, derived=4, unit=None), 'IDX__TXHDRSP02': ParsedDataItem(IDX__TXHDRSP02, raw=0, derived=0, unit=None), 'IDX__TXHDRTRIGID': ParsedDataItem(IDX__TXHDRTRIGID, raw=1, derived=1, unit=None), 'IDX__TXHDREVTNUM': ParsedDataItem(IDX__TXHDREVTNUM, raw=102, derived=102, unit=None), 'IDX__TXHDRBLOCKS': ParsedDataItem(IDX__TXHDRBLOCKS, raw=243679, derived=243679, unit=None), 'IDX__TXHDRHGTRIGCTRL1': ParsedDataItem(IDX__TXHDRHGTRIGCTRL1, raw=2222981120, derived=2222981120, unit=None), 'IDX__TXHDRHGTRIGCTRL2': ParsedDataItem(IDX__TXHDRHGTRIGCTRL2, raw=0, derived=0, unit=None), 'IDX__TXHDRLGTRIGCTRL1': ParsedDataItem(IDX__TXHDRLGTRIGCTRL1, raw=4294965248, derived=4294965248, unit=None), 'IDX__TXHDRLGTRIGCTRL2': ParsedDataItem(IDX__TXHDRLGTRIGCTRL2, raw=4278255360, derived=4278255360, unit=None), 'IDX__TXHDRMGTRIGCTRL1': ParsedDataItem(IDX__TXHDRMGTRIGCTRL1, raw=4294965248, derived=4294965248, unit=None), 'IDX__TXHDRMGTRIGCTRL2': ParsedDataItem(IDX__TXHDRMGTRIGCTRL2, raw=4278255360, derived=4278255360, unit=None), 'IDX__TXHDRSP03': ParsedDataItem(IDX__TXHDRSP03, raw=0, derived=0, unit=None), 'IDX__TXHDRLSADC': ParsedDataItem(IDX__TXHDRLSADC, raw=1048320, derived=1048320, unit=None), 'IDX__TXHDRPOLSTAT': ParsedDataItem(IDX__TXHDRPOLSTAT, raw=1, derived=NEG, unit=None), 'IDX__TXHDRSP04': ParsedDataItem(IDX__TXHDRSP04, raw=0, derived=0, unit=None), 'IDX__TXHDRPOLCTRL': ParsedDataItem(IDX__TXHDRPOLCTRL, raw=0, derived=POS, unit=None), 'IDX__TXHDRCOINENA': ParsedDataItem(IDX__TXHDRCOINENA, raw=0, derived=DIS, unit=None), 'IDX__TXHDRLSTRIGMODE': ParsedDataItem(IDX__TXHDRLSTRIGMODE, raw=0, derived=DIS, unit=None), 'IDX__TXHDRMGTRIGMODE': ParsedDataItem(IDX__TXHDRMGTRIGMODE, raw=0, derived=0, unit=None), 'IDX__TXHDRLGTRIGMODE': ParsedDataItem(IDX__TXHDRLGTRIGMODE, raw=0, derived=0, unit=None), 'IDX__TXHDRHGTRIGMODE': ParsedDataItem(IDX__TXHDRHGTRIGMODE, raw=1, derived=1, unit=None), 'IDX__TXHDRSP05': ParsedDataItem(IDX__TXHDRSP05, raw=0, derived=0, unit=None), 'IDX__TXHDRSP06': ParsedDataItem(IDX__TXHDRSP06, raw=0, derived=0, unit=None), 'IDX__TXHDRSP07': ParsedDataItem(IDX__TXHDRSP07, raw=2016, derived=2016, unit=None), 'IDX__TXHDRSP08': ParsedDataItem(IDX__TXHDRSP08, raw=0, derived=0, unit=None), 'IDX__TXHDRTOFMAX': ParsedDataItem(IDX__TXHDRTOFMAX, raw=541596236, derived=541596236, unit=None), 'IDX__TXHDRTOFMIN': ParsedDataItem(IDX__TXHDRTOFMIN, raw=535295476, derived=535295476, unit=None), 'IDX__TXHDRLS0MAXMIN': ParsedDataItem(IDX__TXHDRLS0MAXMIN, raw=8468493, derived=8468493, unit=None), 'IDX__TXHDRLS1MAXMIN': ParsedDataItem(IDX__TXHDRLS1MAXMIN, raw=8447975, derived=8447975, unit=None), 'IDX__TXHDRLS2MAXMIN': ParsedDataItem(IDX__TXHDRLS2MAXMIN, raw=8984544, derived=8984544, unit=None), 'IDX__TXHDRFIFODELAY': ParsedDataItem(IDX__TXHDRFIFODELAY, raw=16, derived=16, unit=None), 'IDX__TXHDRSAMPDELAY': ParsedDataItem(IDX__TXHDRSAMPDELAY, raw=32537663, derived=32537663, unit=None), 'IDX__TXHDRTRANSCNT': ParsedDataItem(IDX__TXHDRTRANSCNT, raw=4, derived=4, unit=None), 'IDX__TXHDRPROCHKCH01': ParsedDataItem(IDX__TXHDRPROCHKCH01, raw=83755856, derived=83755856, unit=None), 'IDX__TXHDRPROCHKCH23': ParsedDataItem(IDX__TXHDRPROCHKCH23, raw=102302894, derived=102302894, unit=None), 'IDX__TXHDRPROCHKCH45': ParsedDataItem(IDX__TXHDRPROCHKCH45, raw=167970010, derived=167970010, unit=None), 'IDX__TXHDRPROCHKCH67': ParsedDataItem(IDX__TXHDRPROCHKCH67, raw=133695768, derived=133695768, unit=None), 'IDX__TXHDRHVPSHKCH01': ParsedDataItem(IDX__TXHDRHVPSHKCH01, raw=131860073, derived=131860073, unit=None), 'IDX__TXHDRHVPSHKCH23': ParsedDataItem(IDX__TXHDRHVPSHKCH23, raw=8849070, derived=8849070, unit=None), 'IDX__TXHDRHVPSHKCH45': ParsedDataItem(IDX__TXHDRHVPSHKCH45, raw=153290714, derived=153290714, unit=None), 'IDX__TXHDRHVPSHKCH67': ParsedDataItem(IDX__TXHDRHVPSHKCH67, raw=19991184, derived=19991184, unit=None), 'IDX__TXHDRLVHK0CH01': ParsedDataItem(IDX__TXHDRLVHK0CH01, raw=134219776, derived=134219776, unit=None), 'IDX__TXHDRLVHK0CH23': ParsedDataItem(IDX__TXHDRLVHK0CH23, raw=172035001, derived=172035001, unit=None), 'IDX__TXHDRLVHK0CH45': ParsedDataItem(IDX__TXHDRLVHK0CH45, raw=134745194, derived=134745194, unit=None), 'IDX__TXHDRLVHK0CH67': ParsedDataItem(IDX__TXHDRLVHK0CH67, raw=205917267, derived=205917267, unit=None), 'IDX__TXHDRLVHK1CH01': ParsedDataItem(IDX__TXHDRLVHK1CH01, raw=34801303, derived=34801303, unit=None), 'IDX__TXHDRLVHK1CH23': ParsedDataItem(IDX__TXHDRLVHK1CH23, raw=74712528, derived=74712528, unit=None), 'IDX__TXHDRLVHK1CH45': ParsedDataItem(IDX__TXHDRLVHK1CH45, raw=215484233, derived=215484233, unit=None), 'IDX__TXHDRLVHK1CH67': ParsedDataItem(IDX__TXHDRLVHK1CH67, raw=193003972, derived=193003972, unit=None), 'IDX__TXHDRLVHK2CH01': ParsedDataItem(IDX__TXHDRLVHK2CH01, raw=82314475, derived=82314475, unit=None), 'IDX__TXHDRLVHK2CH23': ParsedDataItem(IDX__TXHDRLVHK2CH23, raw=188680971, derived=188680971, unit=None), 'IDX__TXHDRLVHK2CH45': ParsedDataItem(IDX__TXHDRLVHK2CH45, raw=101059604, derived=101059604, unit=None), 'IDX__TXHDRLVHK2CH67': ParsedDataItem(IDX__TXHDRLVHK2CH67, raw=69016, derived=69016, unit=None), 'IDX__TXHDRSP09': ParsedDataItem(IDX__TXHDRSP09, raw=0, derived=0, unit=None), 'IDX__TXHDRSP10': ParsedDataItem(IDX__TXHDRSP10, raw=0, derived=0, unit=None), 'IDX__TXHDRFSWAIDCOPY': ParsedDataItem(IDX__TXHDRFSWAIDCOPY, raw=2415277392, derived=2415277392, unit=None), 'IDX__TXHDRFSWBINCOPY': ParsedDataItem(IDX__TXHDRFSWBINCOPY, raw=0, derived=0, unit=None), 'IDX__TXHDRFSWMAJOR': ParsedDataItem(IDX__TXHDRFSWMAJOR, raw=2, derived=2, unit=None), 'IDX__TXHDRFSWMINOR': ParsedDataItem(IDX__TXHDRFSWMINOR, raw=0, derived=0, unit=None), 'IDX__TXHDRFSWPATCH': ParsedDataItem(IDX__TXHDRFSWPATCH, raw=0, derived=0, unit=None), 'IDX__TXHDRFSWHVSTAT': ParsedDataItem(IDX__TXHDRFSWHVSTAT, raw=3, derived=3, unit=None), 'IDX__TXHDRFSWMEM0': ParsedDataItem(IDX__TXHDRFSWMEM0, raw=0, derived=0, unit=None), 'IDX__TXHDRFSWMEM1': ParsedDataItem(IDX__TXHDRFSWMEM1, raw=0, derived=0, unit=None), 'IDX__TXHDRFSWPT0': ParsedDataItem(IDX__TXHDRFSWPT0, raw=0, derived=0, unit=None), 'IDX__TXHDRFSWPT1': ParsedDataItem(IDX__TXHDRFSWPT1, raw=0, derived=0, unit=None), 'IDX__TXHDRFSWPT2': ParsedDataItem(IDX__TXHDRFSWPT2, raw=0, derived=0, unit=None), 'IDX__TXHDRFSWPT3': ParsedDataItem(IDX__TXHDRFSWPT3, raw=0, derived=0, unit=None), 'IDX__TXHDRFSWPT4': ParsedDataItem(IDX__TXHDRFSWPT4, raw=0, derived=0, unit=None), 'IDX__TXHDRFSWPT5': ParsedDataItem(IDX__TXHDRFSWPT5, raw=0, derived=0, unit=None), 'IDX__TXHDRFSWPT6': ParsedDataItem(IDX__TXHDRFSWPT6, raw=0, derived=0, unit=None), 'IDX__TXHDRFSWPT7': ParsedDataItem(IDX__TXHDRFSWPT7, raw=0, derived=0, unit=None), 'IDX__TXHDRFSWPT8': ParsedDataItem(IDX__TXHDRFSWPT8, raw=0, derived=0, unit=None), 'IDX__TXHDRFSWPT9': ParsedDataItem(IDX__TXHDRFSWPT9, raw=0, derived=0, unit=None), 'IDX__TXHDRFPGAVER': ParsedDataItem(IDX__TXHDRFPGAVER, raw=539165480, derived=539165480, unit=None), 'IDX__SYNCSCI0PKT': ParsedDataItem(IDX__SYNCSCI0PKT, raw=13107, derived=13107, unit=None), 'IDX__CRCSCI0PKT': ParsedDataItem(IDX__CRCSCI0PKT, raw=6202, derived=6202, unit=None)}
SHCOARSE = 439515945
SHFINE = 9286
IDX__SCI0AID = 2415277392
IDX__SCI0TYPE = 1
IDX__SCI0CONT = 127
IDX__SCI0SPARE1 = 0
IDX__SCI0PACK = EN
IDX__SCI0FRAG = DS
IDX__SCI0COMP = DS
IDX__SCI0EVTNUM = 102
IDX__SCI0CAT = 32
IDX__SCI0QUAL = 5
IDX__SCI0FRAGOFF = 0
IDX__SCI0VER = 9
IDX__SCI0TIME32 = 439515562
IDX__SCI0SPARE2 = 0
IDX__SCI0SPARE3 = 0
IDX__SCI0SPARE4 = 0
IDX__TXHDRSCIEVTLEN = 8320
IDX__TXHDRSP00 = 0
IDX__TXHDRTIMESEC1 = 6706
IDX__TXHDRTIMESEC2 = 31146
IDX__TXHDRTIMESUBS = 33903
IDX__TXHDRSP01 = 0
IDX__TXHDRTRIGOFFSET = 4
IDX__TXHDRSP02 = 0
IDX__TXHDRTRIGID = 1
IDX__TXHDREVTNUM = 102
IDX__TXHDRBLOCKS = 243679
IDX__TXHDRHGTRIGCTRL1 = 2222981120
IDX__TXHDRHGTRIGCTRL2 = 0
IDX__TXHDRLGTRIGCTRL1 = 4294965248
IDX__TXHDRLGTRIGCTRL2 = 4278255360
IDX__TXHDRMGTRIGCTRL1 = 4294965248
IDX__TXHDRMGTRIGCTRL2 = 4278255360
IDX__TXHDRSP03 = 0
IDX__TXHDRLSADC = 1048320
IDX__TXHDRPOLSTAT = NEG
IDX__TXHDRSP04 = 0
IDX__TXHDRPOLCTRL = POS
IDX__TXHDRCOINENA = DIS
IDX__TXHDRLSTRIGMODE = DIS
IDX__TXHDRMGTRIGMODE = 0
IDX__TXHDRLGTRIGMODE = 0
IDX__TXHDRHGTRIGMODE = 1
IDX__TXHDRSP05 = 0
IDX__TXHDRSP06 = 0
IDX__TXHDRSP07 = 2016
IDX__TXHDRSP08 = 0
IDX__TXHDRTOFMAX = 541596236
IDX__TXHDRTOFMIN = 535295476
IDX__TXHDRLS0MAXMIN = 8468493
IDX__TXHDRLS1MAXMIN = 8447975
IDX__TXHDRLS2MAXMIN = 8984544
IDX__TXHDRFIFODELAY = 16
IDX__TXHDRSAMPDELAY = 32537663
IDX__TXHDRTRANSCNT = 4
IDX__TXHDRPROCHKCH01 = 83755856
IDX__TXHDRPROCHKCH23 = 102302894
IDX__TXHDRPROCHKCH45 = 167970010
IDX__TXHDRPROCHKCH67 = 133695768
IDX__TXHDRHVPSHKCH01 = 131860073
IDX__TXHDRHVPSHKCH23 = 8849070
IDX__TXHDRHVPSHKCH45 = 153290714
IDX__TXHDRHVPSHKCH67 = 19991184
IDX__TXHDRLVHK0CH01 = 134219776
IDX__TXHDRLVHK0CH23 = 172035001
IDX__TXHDRLVHK0CH45 = 134745194
IDX__TXHDRLVHK0CH67 = 205917267
IDX__TXHDRLVHK1CH01 = 34801303
IDX__TXHDRLVHK1CH23 = 74712528
IDX__TXHDRLVHK1CH45 = 215484233
IDX__TXHDRLVHK1CH67 = 193003972
IDX__TXHDRLVHK2CH01 = 82314475
IDX__TXHDRLVHK2CH23 = 188680971
IDX__TXHDRLVHK2CH45 = 101059604
IDX__TXHDRLVHK2CH67 = 69016
IDX__TXHDRSP09 = 0
IDX__TXHDRSP10 = 0
IDX__TXHDRFSWAIDCOPY = 2415277392
IDX__TXHDRFSWBINCOPY = 0
IDX__TXHDRFSWMAJOR = 2
IDX__TXHDRFSWMINOR = 0
IDX__TXHDRFSWPATCH = 0
IDX__TXHDRFSWHVSTAT = 3
IDX__TXHDRFSWMEM0 = 0
IDX__TXHDRFSWMEM1 = 0
IDX__TXHDRFSWPT0 = 0
IDX__TXHDRFSWPT1 = 0
IDX__TXHDRFSWPT2 = 0
IDX__TXHDRFSWPT3 = 0
IDX__TXHDRFSWPT4 = 0
IDX__TXHDRFSWPT5 = 0
IDX__TXHDRFSWPT6 = 0
IDX__TXHDRFSWPT7 = 0
IDX__TXHDRFSWPT8 = 0
IDX__TXHDRFSWPT9 = 0
IDX__TXHDRFPGAVER = 539165480
IDX__SYNCSCI0PKT = 13107
IDX__CRCSCI0PKT = 6202
^*****Event header 21******^
EVTNUM: 21
SCI0TYPE: 1
TXHDRBLOCKS RAW: 243679
TXHDRBLOCKS DERIVED: 243679
-----
HS pre trig sampling blocks:  31
LS pre trig sampling blocks:  3
HS post trig sampling blocks:  31
LS post trig sampling blocks:  11
IDX__TXHDRHVPSHKCH01 = 131860073
Detector voltage =  1641
Sensor voltage =  2012
Target voltage =  1710
Reflectron voltage =  135
Rejection voltage =  2010
Current for HVPS sensor =  2339
Positive current for HVPS sensor =  2704
Negative current for HVPS sensor =  305
Voltage +3.3V reference =  2048
Voltage +3.3V operational reference =  2048
Voltage -6V bus =  3001
Voltage +6V bus =  2625
Voltage +16V bus =  3178
Voltage +3.3V bus =  2056
Voltage -5V bus =  3155
Voltage +5V bus =  3142
Current +3.3V bus =  1687
Current +16V bus =  1140
Current +6V bus =  1488
Current -6V bus =  1140
Current +5V bus =  1865
Current -5V bus =  3288
Current +2.5V bus =  452
Current -2.5V bus =  2945
Current on the 1V POL =  848
Current on the 1.9V POL =  1278
ProcBd Temperature 1 =  1198
ProcBd Temperature 2 =  1561
Voltage on 1V bus =  1242
FPGA Temperature =  2563
Voltage on 1.9V bus =  2328
Voltage on 3.3V bus =  2040
var_to_row = {'Last measurement in raw DN for Processor Board signal “1V POL Current”': 0, 'Last measurement in raw DN for Processor Board signal “1.9V POL Current”': 1, 'Last measurement in raw DN for Processor Board signal “ProcBd Temp1”': 2, nan: 48, 'Last measurement in raw DN for Processor Board signal “ProcBd Temp2”': 6, 'Last measurement in raw DN for Processor Board signal “1V Voltage”': 10, 'Last measurement in raw DN for Processor Board signal “FPGA Temp”': 11, 'Last measurement in raw DN for Processor Board signal “1.9V Voltage”': 12, 'Last measurement in raw DN for Processor Board signal “3.3V Voltage”': 13, 'Last measurement in raw DN for HVPS Board signal “Detector Voltage”': 14, 'Last measurement in raw DN for HVPS Board signal “Sensor Voltage"': 15, 'Last measurement in raw DN for HVPS Board signal “Target Voltage”': 16, 'Last measurement in raw DN for HVPS Board signal “Reflectron Voltage”': 17, 'Last measurement in raw DN for HVPS Board signal “Rejection Voltage”': 18, 'Last measurement in raw DN for HVPS Board signal “Detector Current”': 19, 'Last measurement in raw DN for HVPS Board signal “Sensor IP”': 20, 'Last measurement in raw DN for HVPS Board signal “Sensor IN”': 21, 'Last measurement in raw DN for LVPS Board signal “P3.3VREF_HK”': 22, 'Last measurement in raw DN for LVPS Board signal “P3.3VREF_OP”': 23, 'Last measurement in raw DN for LVPS Board signal “N6V”': 24, 'Last measurement in raw DN for LVPS Board signal “P6V”': 25, 'Last measurement in raw DN for LVPS Board signal “P16V”': 26, 'Last measurement in raw DN for LVPS Board signal “P3.3V”': 27, 'Last measurement in raw DN for LVPS Board signal “N5V”': 28, 'Last measurement in raw DN for LVPS Board signal “P5V”': 29, 'Last measurement in raw DN for LVPS Board signal “P3.3_IMON”': 30, 'Last measurement in raw DN for LVPS Board signal “P16V_IMON”': 31, 'Last measurement in raw DN for LVPS Board signal “P6V_IMON”': 32, 'Last measurement in raw DN for LVPS Board signal “N6V_IMON”': 33, 'Last measurement in raw DN for LVPS Board signal “P5V_IMON”': 34, 'Last measurement in raw DN for LVPS Board signal “N5V_IMON”': 35, 'Last measurement in raw DN for LVPS Board signal “P2.5V_IMON”': 36, 'Last measurement in raw DN for LVPS Board signal “N2.5V_IMON”': 37, 'Last measurement in raw DN for LVPS Board signal “THERM_DECON0”': 38, 'Last measurement in raw DN for LVPS Board signal “THERM_DECON1”': 39, 'Last measurement in raw DN for LVPS Board signal “THERM_DAB”': 40, 'Last measurement in raw DN for LVPS Board signal “THERM_LVPS”': 41, 'Last measurement in raw DN for LVPS Board signal “THERM_HVPS”': 45, 'Last measurement in raw DN for LVPS Board signal “P2.5V”': 49, 'Last measurement in raw DN for LVPS Board signal “N2.5V”': 50, 'Last measurement in raw DN for LVPS Board signal “Spare”': 51}

 
 ***** var_name being converted for each instrument setting ***** 
 

Matching row  18
coeffs for Last measurement in raw DN for Processor Board signal “1V POL Current”= [0.0 0.9029253 0.0 0.0 0.0 0.0 0.0 0.0]
var_name = Last measurement in raw DN for Processor Board signal “1V POL Current”
var_name = current_1V_pol
Header info = 848
Transformed value for current_1V_pol = 765.6806544
Matching row  18
coeffs for Last measurement in raw DN for Processor Board signal “1.9V POL Current”= [0.0 0.9029253 0.0 0.0 0.0 0.0 0.0 0.0]
var_name = Last measurement in raw DN for Processor Board signal “1.9V POL Current”
var_name = current_1.9V_pol
Header info = 1278
Transformed value for current_1.9V_pol = 1153.9385334
Matching row  18
coeffs for Last measurement in raw DN for Processor Board signal “ProcBd Temp1”= [162.8276 -0.2668687 0.0003323794 -2.43153e-07 9.034532e-11 -1.327735e-14
 0.0 0.0]
var_name = Last measurement in raw DN for Processor Board signal “ProcBd Temp1”
var_name = temperature_1
Header info = 1198
Transformed value for temperature_1 = 55.41044834983295
Matching row  18
coeffs for nan= [-104713.9 52.02446 -0.006463374 0.0 0.0 0.0 0.0 0.0]
var_name = nan
var_name = None
KeyError: (21, None) - Could not find entry for None, 48. Please check the Var_notes or variable mapping.
Matching row  18
coeffs for Last measurement in raw DN for Processor Board signal “ProcBd Temp2”= [162.8276 -0.2668687 0.0003323794 -2.43153e-07 9.034532e-11 -1.327735e-14
 0.0 0.0]
var_name = Last measurement in raw DN for Processor Board signal “ProcBd Temp2”
var_name = temperature_2
Header info = 1561
Transformed value for temperature_2 = 44.64778748986298
Matching row  18
coeffs for Last measurement in raw DN for Processor Board signal “1V Voltage”= [0.0 0.000805861 0.0 0.0 0.0 0.0 0.0 0.0]
var_name = Last measurement in raw DN for Processor Board signal “1V Voltage”
var_name = voltage_1V_bus
Header info = 1242
Transformed value for voltage_1V_bus = 1.0008793619999998
Matching row  18
coeffs for Last measurement in raw DN for Processor Board signal “FPGA Temp”= [358.31 -0.1187104 0.0 0.0 0.0 0.0 0.0 0.0]
var_name = Last measurement in raw DN for Processor Board signal “FPGA Temp”
var_name = fpga_temperature
Header info = 2563
Transformed value for fpga_temperature = 54.055244800000025
Matching row  18
coeffs for Last measurement in raw DN for Processor Board signal “1.9V Voltage”= [0.0 0.000805861 0.0 0.0 0.0 0.0 0.0 0.0]
var_name = Last measurement in raw DN for Processor Board signal “1.9V Voltage”
var_name = voltage_1.9V_bus
Header info = 2328
Transformed value for voltage_1.9V_bus = 1.8760444079999998
Matching row  18
coeffs for Last measurement in raw DN for Processor Board signal “3.3V Voltage”= [0.0 0.001611722 0.0 0.0 0.0 0.0 0.0 0.0]
var_name = Last measurement in raw DN for Processor Board signal “3.3V Voltage”
var_name = voltage_3.3V_bus
Header info = 2040
Transformed value for voltage_3.3V_bus = 3.28791288
Matching row  18
coeffs for Last measurement in raw DN for HVPS Board signal “Detector Voltage”= [0.0 1.4652 0.0 0.0 0.0 0.0 0.0 0.0]
var_name = Last measurement in raw DN for HVPS Board signal “Detector Voltage”
var_name = detector_voltage
Header info = 1641
Transformed value for detector_voltage = 2404.3932
Matching row  18
coeffs for Last measurement in raw DN for HVPS Board signal “Sensor Voltage"= [0.0 1.4652 0.0 0.0 0.0 0.0 0.0 0.0]
var_name = Last measurement in raw DN for HVPS Board signal “Sensor Voltage"
var_name = sensor_voltage
Header info = 2012
Transformed value for sensor_voltage = 2947.9824000000003
Matching row  18
coeffs for Last measurement in raw DN for HVPS Board signal “Target Voltage”= [0.0 1.4652 0.0 0.0 0.0 0.0 0.0 0.0]
var_name = Last measurement in raw DN for HVPS Board signal “Target Voltage”
var_name = target_voltage
Header info = 1710
Transformed value for target_voltage = 2505.492
Matching row  18
coeffs for Last measurement in raw DN for HVPS Board signal “Reflectron Voltage”= [0.0 1.4652 0.0 0.0 0.0 0.0 0.0 0.0]
var_name = Last measurement in raw DN for HVPS Board signal “Reflectron Voltage”
var_name = reflectron_voltage
Header info = 135
Transformed value for reflectron_voltage = 197.80200000000002
Matching row  18
coeffs for Last measurement in raw DN for HVPS Board signal “Rejection Voltage”= [0.0 1.4652 0.0 0.0 0.0 0.0 0.0 0.0]
var_name = Last measurement in raw DN for HVPS Board signal “Rejection Voltage”
var_name = rejection_voltage
Header info = 2010
Transformed value for rejection_voltage = 2945.052
Matching row  18
coeffs for Last measurement in raw DN for HVPS Board signal “Detector Current”= [0.0 7.326e-06 0.0 0.0 0.0 0.0 0.0 0.0]
var_name = Last measurement in raw DN for HVPS Board signal “Detector Current”
var_name = current_hvps_sensor
Header info = 2339
Transformed value for current_hvps_sensor = 0.017135514
Matching row  18
coeffs for Last measurement in raw DN for HVPS Board signal “Sensor IP”= [0.0 2.4339e-05 0.0 0.0 0.0 0.0 0.0 0.0]
var_name = Last measurement in raw DN for HVPS Board signal “Sensor IP”
var_name = positive_current_hvps
Header info = 2704
Transformed value for positive_current_hvps = 0.065812656
Matching row  18
coeffs for Last measurement in raw DN for HVPS Board signal “Sensor IN”= [0.0 2.4339e-05 0.0 0.0 0.0 0.0 0.0 0.0]
var_name = Last measurement in raw DN for HVPS Board signal “Sensor IN”
var_name = negative_current_hvps
Header info = 305
Transformed value for negative_current_hvps = 0.007423394999999999
Matching row  18
coeffs for Last measurement in raw DN for LVPS Board signal “P3.3VREF_HK”= [0.0 0.00161172 0.0 0.0 0.0 0.0 0.0 0.0]
var_name = Last measurement in raw DN for LVPS Board signal “P3.3VREF_HK”
var_name = voltage_3V3_ref
Header info = 2048
Transformed value for voltage_3V3_ref = 3.30080256
Matching row  18
coeffs for Last measurement in raw DN for LVPS Board signal “P3.3VREF_OP”= [0.0 0.00161172 0.0 0.0 0.0 0.0 0.0 0.0]
var_name = Last measurement in raw DN for LVPS Board signal “P3.3VREF_OP”
var_name = voltage_3V3_op_ref
Header info = 2048
Transformed value for voltage_3V3_op_ref = 3.30080256
Matching row  18
coeffs for Last measurement in raw DN for LVPS Board signal “N6V”= [-33.0 0.00886447 0.0 0.0 0.0 0.0 0.0 0.0]
var_name = Last measurement in raw DN for LVPS Board signal “N6V”
var_name = voltage_neg6V_bus
Header info = 3001
Transformed value for voltage_neg6V_bus = -6.397725530000002
Matching row  18
coeffs for Last measurement in raw DN for LVPS Board signal “P6V”= [0.0 0.00241758 0.0 0.0 0.0 0.0 0.0 0.0]
var_name = Last measurement in raw DN for LVPS Board signal “P6V”
var_name = voltage_pos6V_bus
Header info = 2625
Transformed value for voltage_pos6V_bus = 6.3461475
Matching row  18
coeffs for Last measurement in raw DN for LVPS Board signal “P16V”= [0.0 0.00482711 0.0 0.0 0.0 0.0 0.0 0.0]
var_name = Last measurement in raw DN for LVPS Board signal “P16V”
var_name = voltage_pos16V_bus
Header info = 3178
Transformed value for voltage_pos16V_bus = 15.34055558
Matching row  18
coeffs for Last measurement in raw DN for LVPS Board signal “P3.3V”= [0.0 0.00161172 0.0 0.0 0.0 0.0 0.0 0.0]
var_name = Last measurement in raw DN for LVPS Board signal “P3.3V”
var_name = voltage_pos3V3_bus
Header info = 2056
Transformed value for voltage_pos3V3_bus = 3.31369632
Matching row  18
coeffs for Last measurement in raw DN for LVPS Board signal “N5V”= [-33.0 0.00886447 0.0 0.0 0.0 0.0 0.0 0.0]
var_name = Last measurement in raw DN for LVPS Board signal “N5V”
var_name = voltage_neg5V_bus
Header info = 3155
Transformed value for voltage_neg5V_bus = -5.032597150000001
Matching row  18
coeffs for Last measurement in raw DN for LVPS Board signal “P5V”= [0.0 0.00161172 0.0 0.0 0.0 0.0 0.0 0.0]
var_name = Last measurement in raw DN for LVPS Board signal “P5V”
var_name = voltage_pos5V_bus
Header info = 3142
Transformed value for voltage_pos5V_bus = 5.06402424
Matching row  18
coeffs for Last measurement in raw DN for LVPS Board signal “P3.3_IMON”= [0.0 0.00161172 0.0 0.0 0.0 0.0 0.0 0.0]
var_name = Last measurement in raw DN for LVPS Board signal “P3.3_IMON”
var_name = current_3V3_bus
Header info = 1687
Transformed value for current_3V3_bus = 2.7189716400000004
Matching row  18
coeffs for Last measurement in raw DN for LVPS Board signal “P16V_IMON”= [0.0 0.000161172 0.0 0.0 0.0 0.0 0.0 0.0]
var_name = Last measurement in raw DN for LVPS Board signal “P16V_IMON”
var_name = current_16V_bus
Header info = 1140
Transformed value for current_16V_bus = 0.18373608
Matching row  18
coeffs for Last measurement in raw DN for LVPS Board signal “P6V_IMON”= [0.0 8.05861e-05 0.0 0.0 0.0 0.0 0.0 0.0]
var_name = Last measurement in raw DN for LVPS Board signal “P6V_IMON”
var_name = current_6V_bus
Header info = 1488
Transformed value for current_6V_bus = 0.1199121168
Matching row  18
coeffs for Last measurement in raw DN for LVPS Board signal “N6V_IMON”= [0.0 -8.05861e-05 0.0 0.0 0.0 0.0 0.0 0.0]
var_name = Last measurement in raw DN for LVPS Board signal “N6V_IMON”
var_name = current_neg6V_bus
Header info = 1140
Transformed value for current_neg6V_bus = -0.091868154
Matching row  18
coeffs for Last measurement in raw DN for LVPS Board signal “P5V_IMON”= [0.0 4.029304e-05 0.0 0.0 0.0 0.0 0.0 0.0]
var_name = Last measurement in raw DN for LVPS Board signal “P5V_IMON”
var_name = current_5V_bus
Header info = 1865
Transformed value for current_5V_bus = 0.0751465196
Matching row  18
coeffs for Last measurement in raw DN for LVPS Board signal “N5V_IMON”= [0.0 -2.01465e-05 0.0 0.0 0.0 0.0 0.0 0.0]
var_name = Last measurement in raw DN for LVPS Board signal “N5V_IMON”
var_name = current_neg5V_bus
Header info = 3288
Transformed value for current_neg5V_bus = -0.066241692
Matching row  18
coeffs for Last measurement in raw DN for LVPS Board signal “P2.5V_IMON”= [0.0 0.00161172 0.0 0.0 0.0 0.0 0.0 0.0]
var_name = Last measurement in raw DN for LVPS Board signal “P2.5V_IMON”
var_name = current_2V5_bus
Header info = 452
Transformed value for current_2V5_bus = 0.72849744
Matching row  18
coeffs for Last measurement in raw DN for LVPS Board signal “N2.5V_IMON”= [0.0 -4.0293e-05 0.0 0.0 0.0 0.0 0.0 0.0]
var_name = Last measurement in raw DN for LVPS Board signal “N2.5V_IMON”
var_name = current_neg2V5_bus
Header info = 2945
Transformed value for current_neg2V5_bus = -0.11866288500000001
Matching row  18
coeffs for Last measurement in raw DN for LVPS Board signal “THERM_DECON0”= [-110.293 0.0665351 0.000305738 -6.32048e-07 5.9934e-10 -2.98784e-13
 7.61361e-17 -7.76467e-21]
var_name = Last measurement in raw DN for LVPS Board signal “THERM_DECON0”
var_name = None
KeyError: (21, None) - Could not find entry for None, 38. Please check the Var_notes or variable mapping.
Matching row  18
coeffs for Last measurement in raw DN for LVPS Board signal “THERM_DECON1”= [-150.478 0.376986 -0.00062072 7.73853e-07 -5.81588e-10 2.56368e-13
 -6.05698e-17 5.96635e-21]
var_name = Last measurement in raw DN for LVPS Board signal “THERM_DECON1”
var_name = None
KeyError: (21, None) - Could not find entry for None, 39. Please check the Var_notes or variable mapping.
Matching row  18
coeffs for Last measurement in raw DN for LVPS Board signal “THERM_DAB”= [-443.248 1.31224 -0.00180422 1.40016e-06 -6.43766e-10 1.7448e-13
 -2.57695e-17 1.60239e-21]
var_name = Last measurement in raw DN for LVPS Board signal “THERM_DAB”
var_name = None
KeyError: (21, None) - Could not find entry for None, 40. Please check the Var_notes or variable mapping.
Matching row  18
coeffs for Last measurement in raw DN for LVPS Board signal “THERM_LVPS”= [200.4137 -0.2020699 0.000175403 -9.739547e-08 2.888932e-11 -3.545603e-15
 0.0 0.0]
var_name = Last measurement in raw DN for LVPS Board signal “THERM_LVPS”
var_name = None
KeyError: (21, None) - Could not find entry for None, 41. Please check the Var_notes or variable mapping.
Matching row  18
coeffs for Last measurement in raw DN for LVPS Board signal “THERM_HVPS”= [200.4137 -0.2020699 0.000175403 -9.739547e-08 2.888932e-11 -3.545603e-15
 0.0 0.0]
var_name = Last measurement in raw DN for LVPS Board signal “THERM_HVPS”
var_name = None
KeyError: (21, None) - Could not find entry for None, 45. Please check the Var_notes or variable mapping.
Matching row  18
coeffs for Last measurement in raw DN for LVPS Board signal “P2.5V”= [0.0 0.00161172 0.0 0.0 0.0 0.0 0.0 0.0]
var_name = Last measurement in raw DN for LVPS Board signal “P2.5V”
var_name = None
KeyError: (21, None) - Could not find entry for None, 49. Please check the Var_notes or variable mapping.
Matching row  18
coeffs for Last measurement in raw DN for LVPS Board signal “N2.5V”= [-33.0 0.00886447 0.0 0.0 0.0 0.0 0.0 0.0]
var_name = Last measurement in raw DN for LVPS Board signal “N2.5V”
var_name = None
KeyError: (21, None) - Could not find entry for None, 50. Please check the Var_notes or variable mapping.
Matching row  18
coeffs for Last measurement in raw DN for LVPS Board signal “Spare”= [0.0 0.00161172 0.0 0.0 0.0 0.0 0.0 0.0]
var_name = Last measurement in raw DN for LVPS Board signal “Spare”
var_name = spare_signal
KeyError: (21, 'spare_signal') - Could not find entry for spare_signal, 51. Please check the Var_notes or variable mapping.
High gain delay = 63 samples.
Mid gain delay = 31 samples.
Low gain delay = 31 samples.
High sampling trigger mode =  0 0 1
High gain trigger mode enabled.
For 2222981120, HG Trigger level = 0.15317, sample settings = 0, 0
Threshold trigger mode enabled for high gain channel.
AID = 2415277392
Event number = 102
Rice compression enabled = False
Timestamp = 439515562.67806 seconds since epoch (Midnight January 1st, 2010)
Trigger time = 2023-12-05T23:39:22.678060Z
21
21
21
21
21
21
21
21
21
21
21
21
21
{'SHCOARSE': ParsedDataItem(SHCOARSE, raw=439515958, derived=439515958, unit=dn), 'SHFINE': ParsedDataItem(SHFINE, raw=9295, derived=9295, unit=dn), 'IDX__SCI0AID': ParsedDataItem(IDX__SCI0AID, raw=2415277392, derived=2415277392, unit=None), 'IDX__SCI0TYPE': ParsedDataItem(IDX__SCI0TYPE, raw=1, derived=1, unit=None), 'IDX__SCI0CONT': ParsedDataItem(IDX__SCI0CONT, raw=127, derived=127, unit=None), 'IDX__SCI0SPARE1': ParsedDataItem(IDX__SCI0SPARE1, raw=0, derived=0, unit=None), 'IDX__SCI0PACK': ParsedDataItem(IDX__SCI0PACK, raw=1, derived=EN, unit=None), 'IDX__SCI0FRAG': ParsedDataItem(IDX__SCI0FRAG, raw=0, derived=DS, unit=None), 'IDX__SCI0COMP': ParsedDataItem(IDX__SCI0COMP, raw=0, derived=DS, unit=None), 'IDX__SCI0EVTNUM': ParsedDataItem(IDX__SCI0EVTNUM, raw=103, derived=103, unit=None), 'IDX__SCI0CAT': ParsedDataItem(IDX__SCI0CAT, raw=32, derived=32, unit=None), 'IDX__SCI0QUAL': ParsedDataItem(IDX__SCI0QUAL, raw=5, derived=5, unit=None), 'IDX__SCI0FRAGOFF': ParsedDataItem(IDX__SCI0FRAGOFF, raw=0, derived=0, unit=None), 'IDX__SCI0VER': ParsedDataItem(IDX__SCI0VER, raw=9, derived=9, unit=None), 'IDX__SCI0TIME32': ParsedDataItem(IDX__SCI0TIME32, raw=439515563, derived=439515563, unit=None), 'IDX__SCI0SPARE2': ParsedDataItem(IDX__SCI0SPARE2, raw=0, derived=0, unit=None), 'IDX__SCI0SPARE3': ParsedDataItem(IDX__SCI0SPARE3, raw=0, derived=0, unit=None), 'IDX__SCI0SPARE4': ParsedDataItem(IDX__SCI0SPARE4, raw=0, derived=0, unit=None), 'IDX__TXHDRSCIEVTLEN': ParsedDataItem(IDX__TXHDRSCIEVTLEN, raw=8320, derived=8320, unit=None), 'IDX__TXHDRSP00': ParsedDataItem(IDX__TXHDRSP00, raw=0, derived=0, unit=None), 'IDX__TXHDRTIMESEC1': ParsedDataItem(IDX__TXHDRTIMESEC1, raw=6706, derived=6706, unit=None), 'IDX__TXHDRTIMESEC2': ParsedDataItem(IDX__TXHDRTIMESEC2, raw=31147, derived=31147, unit=None), 'IDX__TXHDRTIMESUBS': ParsedDataItem(IDX__TXHDRTIMESUBS, raw=33900, derived=33900, unit=None), 'IDX__TXHDRSP01': ParsedDataItem(IDX__TXHDRSP01, raw=0, derived=0, unit=None), 'IDX__TXHDRTRIGOFFSET': ParsedDataItem(IDX__TXHDRTRIGOFFSET, raw=0, derived=0, unit=None), 'IDX__TXHDRSP02': ParsedDataItem(IDX__TXHDRSP02, raw=0, derived=0, unit=None), 'IDX__TXHDRTRIGID': ParsedDataItem(IDX__TXHDRTRIGID, raw=1, derived=1, unit=None), 'IDX__TXHDREVTNUM': ParsedDataItem(IDX__TXHDREVTNUM, raw=103, derived=103, unit=None), 'IDX__TXHDRBLOCKS': ParsedDataItem(IDX__TXHDRBLOCKS, raw=243679, derived=243679, unit=None), 'IDX__TXHDRHGTRIGCTRL1': ParsedDataItem(IDX__TXHDRHGTRIGCTRL1, raw=2222981120, derived=2222981120, unit=None), 'IDX__TXHDRHGTRIGCTRL2': ParsedDataItem(IDX__TXHDRHGTRIGCTRL2, raw=0, derived=0, unit=None), 'IDX__TXHDRLGTRIGCTRL1': ParsedDataItem(IDX__TXHDRLGTRIGCTRL1, raw=4294965248, derived=4294965248, unit=None), 'IDX__TXHDRLGTRIGCTRL2': ParsedDataItem(IDX__TXHDRLGTRIGCTRL2, raw=4278255360, derived=4278255360, unit=None), 'IDX__TXHDRMGTRIGCTRL1': ParsedDataItem(IDX__TXHDRMGTRIGCTRL1, raw=4294965248, derived=4294965248, unit=None), 'IDX__TXHDRMGTRIGCTRL2': ParsedDataItem(IDX__TXHDRMGTRIGCTRL2, raw=4278255360, derived=4278255360, unit=None), 'IDX__TXHDRSP03': ParsedDataItem(IDX__TXHDRSP03, raw=0, derived=0, unit=None), 'IDX__TXHDRLSADC': ParsedDataItem(IDX__TXHDRLSADC, raw=1048320, derived=1048320, unit=None), 'IDX__TXHDRPOLSTAT': ParsedDataItem(IDX__TXHDRPOLSTAT, raw=1, derived=NEG, unit=None), 'IDX__TXHDRSP04': ParsedDataItem(IDX__TXHDRSP04, raw=0, derived=0, unit=None), 'IDX__TXHDRPOLCTRL': ParsedDataItem(IDX__TXHDRPOLCTRL, raw=0, derived=POS, unit=None), 'IDX__TXHDRCOINENA': ParsedDataItem(IDX__TXHDRCOINENA, raw=0, derived=DIS, unit=None), 'IDX__TXHDRLSTRIGMODE': ParsedDataItem(IDX__TXHDRLSTRIGMODE, raw=0, derived=DIS, unit=None), 'IDX__TXHDRMGTRIGMODE': ParsedDataItem(IDX__TXHDRMGTRIGMODE, raw=0, derived=0, unit=None), 'IDX__TXHDRLGTRIGMODE': ParsedDataItem(IDX__TXHDRLGTRIGMODE, raw=0, derived=0, unit=None), 'IDX__TXHDRHGTRIGMODE': ParsedDataItem(IDX__TXHDRHGTRIGMODE, raw=1, derived=1, unit=None), 'IDX__TXHDRSP05': ParsedDataItem(IDX__TXHDRSP05, raw=0, derived=0, unit=None), 'IDX__TXHDRSP06': ParsedDataItem(IDX__TXHDRSP06, raw=0, derived=0, unit=None), 'IDX__TXHDRSP07': ParsedDataItem(IDX__TXHDRSP07, raw=2020, derived=2020, unit=None), 'IDX__TXHDRSP08': ParsedDataItem(IDX__TXHDRSP08, raw=0, derived=0, unit=None), 'IDX__TXHDRTOFMAX': ParsedDataItem(IDX__TXHDRTOFMAX, raw=556276735, derived=556276735, unit=None), 'IDX__TXHDRTOFMIN': ParsedDataItem(IDX__TXHDRTOFMIN, raw=535295476, derived=535295476, unit=None), 'IDX__TXHDRLS0MAXMIN': ParsedDataItem(IDX__TXHDRLS0MAXMIN, raw=8464397, derived=8464397, unit=None), 'IDX__TXHDRLS1MAXMIN': ParsedDataItem(IDX__TXHDRLS1MAXMIN, raw=8452072, derived=8452072, unit=None), 'IDX__TXHDRLS2MAXMIN': ParsedDataItem(IDX__TXHDRLS2MAXMIN, raw=8333284, derived=8333284, unit=None), 'IDX__TXHDRFIFODELAY': ParsedDataItem(IDX__TXHDRFIFODELAY, raw=16, derived=16, unit=None), 'IDX__TXHDRSAMPDELAY': ParsedDataItem(IDX__TXHDRSAMPDELAY, raw=1073740831, derived=1073740831, unit=None), 'IDX__TXHDRTRANSCNT': ParsedDataItem(IDX__TXHDRTRANSCNT, raw=4, derived=4, unit=None), 'IDX__TXHDRPROCHKCH01': ParsedDataItem(IDX__TXHDRPROCHKCH01, raw=83755855, derived=83755855, unit=None), 'IDX__TXHDRPROCHKCH23': ParsedDataItem(IDX__TXHDRPROCHKCH23, raw=102302894, derived=102302894, unit=None), 'IDX__TXHDRPROCHKCH45': ParsedDataItem(IDX__TXHDRPROCHKCH45, raw=167970010, derived=167970010, unit=None), 'IDX__TXHDRPROCHKCH67': ParsedDataItem(IDX__TXHDRPROCHKCH67, raw=133695768, derived=133695768, unit=None), 'IDX__TXHDRHVPSHKCH01': ParsedDataItem(IDX__TXHDRHVPSHKCH01, raw=131860073, derived=131860073, unit=None), 'IDX__TXHDRHVPSHKCH23': ParsedDataItem(IDX__TXHDRHVPSHKCH23, raw=8849070, derived=8849070, unit=None), 'IDX__TXHDRHVPSHKCH45': ParsedDataItem(IDX__TXHDRHVPSHKCH45, raw=153290714, derived=153290714, unit=None), 'IDX__TXHDRHVPSHKCH67': ParsedDataItem(IDX__TXHDRHVPSHKCH67, raw=19991184, derived=19991184, unit=None), 'IDX__TXHDRLVHK0CH01': ParsedDataItem(IDX__TXHDRLVHK0CH01, raw=134219776, derived=134219776, unit=None), 'IDX__TXHDRLVHK0CH23': ParsedDataItem(IDX__TXHDRLVHK0CH23, raw=171969465, derived=171969465, unit=None), 'IDX__TXHDRLVHK0CH45': ParsedDataItem(IDX__TXHDRLVHK0CH45, raw=134745194, derived=134745194, unit=None), 'IDX__TXHDRLVHK0CH67': ParsedDataItem(IDX__TXHDRLVHK0CH67, raw=205917266, derived=205917266, unit=None), 'IDX__TXHDRLVHK1CH01': ParsedDataItem(IDX__TXHDRLVHK1CH01, raw=34801303, derived=34801303, unit=None), 'IDX__TXHDRLVHK1CH23': ParsedDataItem(IDX__TXHDRLVHK1CH23, raw=74712528, derived=74712528, unit=None), 'IDX__TXHDRLVHK1CH45': ParsedDataItem(IDX__TXHDRLVHK1CH45, raw=215484233, derived=215484233, unit=None), 'IDX__TXHDRLVHK1CH67': ParsedDataItem(IDX__TXHDRLVHK1CH67, raw=193003972, derived=193003972, unit=None), 'IDX__TXHDRLVHK2CH01': ParsedDataItem(IDX__TXHDRLVHK2CH01, raw=82314476, derived=82314476, unit=None), 'IDX__TXHDRLVHK2CH23': ParsedDataItem(IDX__TXHDRLVHK2CH23, raw=188680971, derived=188680971, unit=None), 'IDX__TXHDRLVHK2CH45': ParsedDataItem(IDX__TXHDRLVHK2CH45, raw=101059604, derived=101059604, unit=None), 'IDX__TXHDRLVHK2CH67': ParsedDataItem(IDX__TXHDRLVHK2CH67, raw=3480, derived=3480, unit=None), 'IDX__TXHDRSP09': ParsedDataItem(IDX__TXHDRSP09, raw=0, derived=0, unit=None), 'IDX__TXHDRSP10': ParsedDataItem(IDX__TXHDRSP10, raw=0, derived=0, unit=None), 'IDX__TXHDRFSWAIDCOPY': ParsedDataItem(IDX__TXHDRFSWAIDCOPY, raw=2415277392, derived=2415277392, unit=None), 'IDX__TXHDRFSWBINCOPY': ParsedDataItem(IDX__TXHDRFSWBINCOPY, raw=0, derived=0, unit=None), 'IDX__TXHDRFSWMAJOR': ParsedDataItem(IDX__TXHDRFSWMAJOR, raw=2, derived=2, unit=None), 'IDX__TXHDRFSWMINOR': ParsedDataItem(IDX__TXHDRFSWMINOR, raw=0, derived=0, unit=None), 'IDX__TXHDRFSWPATCH': ParsedDataItem(IDX__TXHDRFSWPATCH, raw=0, derived=0, unit=None), 'IDX__TXHDRFSWHVSTAT': ParsedDataItem(IDX__TXHDRFSWHVSTAT, raw=3, derived=3, unit=None), 'IDX__TXHDRFSWMEM0': ParsedDataItem(IDX__TXHDRFSWMEM0, raw=0, derived=0, unit=None), 'IDX__TXHDRFSWMEM1': ParsedDataItem(IDX__TXHDRFSWMEM1, raw=0, derived=0, unit=None), 'IDX__TXHDRFSWPT0': ParsedDataItem(IDX__TXHDRFSWPT0, raw=0, derived=0, unit=None), 'IDX__TXHDRFSWPT1': ParsedDataItem(IDX__TXHDRFSWPT1, raw=0, derived=0, unit=None), 'IDX__TXHDRFSWPT2': ParsedDataItem(IDX__TXHDRFSWPT2, raw=0, derived=0, unit=None), 'IDX__TXHDRFSWPT3': ParsedDataItem(IDX__TXHDRFSWPT3, raw=0, derived=0, unit=None), 'IDX__TXHDRFSWPT4': ParsedDataItem(IDX__TXHDRFSWPT4, raw=0, derived=0, unit=None), 'IDX__TXHDRFSWPT5': ParsedDataItem(IDX__TXHDRFSWPT5, raw=0, derived=0, unit=None), 'IDX__TXHDRFSWPT6': ParsedDataItem(IDX__TXHDRFSWPT6, raw=0, derived=0, unit=None), 'IDX__TXHDRFSWPT7': ParsedDataItem(IDX__TXHDRFSWPT7, raw=0, derived=0, unit=None), 'IDX__TXHDRFSWPT8': ParsedDataItem(IDX__TXHDRFSWPT8, raw=0, derived=0, unit=None), 'IDX__TXHDRFSWPT9': ParsedDataItem(IDX__TXHDRFSWPT9, raw=0, derived=0, unit=None), 'IDX__TXHDRFPGAVER': ParsedDataItem(IDX__TXHDRFPGAVER, raw=539165480, derived=539165480, unit=None), 'IDX__SYNCSCI0PKT': ParsedDataItem(IDX__SYNCSCI0PKT, raw=13107, derived=13107, unit=None), 'IDX__CRCSCI0PKT': ParsedDataItem(IDX__CRCSCI0PKT, raw=59042, derived=59042, unit=None)}
SHCOARSE = 439515958
SHFINE = 9295
IDX__SCI0AID = 2415277392
IDX__SCI0TYPE = 1
IDX__SCI0CONT = 127
IDX__SCI0SPARE1 = 0
IDX__SCI0PACK = EN
IDX__SCI0FRAG = DS
IDX__SCI0COMP = DS
IDX__SCI0EVTNUM = 103
IDX__SCI0CAT = 32
IDX__SCI0QUAL = 5
IDX__SCI0FRAGOFF = 0
IDX__SCI0VER = 9
IDX__SCI0TIME32 = 439515563
IDX__SCI0SPARE2 = 0
IDX__SCI0SPARE3 = 0
IDX__SCI0SPARE4 = 0
IDX__TXHDRSCIEVTLEN = 8320
IDX__TXHDRSP00 = 0
IDX__TXHDRTIMESEC1 = 6706
IDX__TXHDRTIMESEC2 = 31147
IDX__TXHDRTIMESUBS = 33900
IDX__TXHDRSP01 = 0
IDX__TXHDRTRIGOFFSET = 0
IDX__TXHDRSP02 = 0
IDX__TXHDRTRIGID = 1
IDX__TXHDREVTNUM = 103
IDX__TXHDRBLOCKS = 243679
IDX__TXHDRHGTRIGCTRL1 = 2222981120
IDX__TXHDRHGTRIGCTRL2 = 0
IDX__TXHDRLGTRIGCTRL1 = 4294965248
IDX__TXHDRLGTRIGCTRL2 = 4278255360
IDX__TXHDRMGTRIGCTRL1 = 4294965248
IDX__TXHDRMGTRIGCTRL2 = 4278255360
IDX__TXHDRSP03 = 0
IDX__TXHDRLSADC = 1048320
IDX__TXHDRPOLSTAT = NEG
IDX__TXHDRSP04 = 0
IDX__TXHDRPOLCTRL = POS
IDX__TXHDRCOINENA = DIS
IDX__TXHDRLSTRIGMODE = DIS
IDX__TXHDRMGTRIGMODE = 0
IDX__TXHDRLGTRIGMODE = 0
IDX__TXHDRHGTRIGMODE = 1
IDX__TXHDRSP05 = 0
IDX__TXHDRSP06 = 0
IDX__TXHDRSP07 = 2020
IDX__TXHDRSP08 = 0
IDX__TXHDRTOFMAX = 556276735
IDX__TXHDRTOFMIN = 535295476
IDX__TXHDRLS0MAXMIN = 8464397
IDX__TXHDRLS1MAXMIN = 8452072
IDX__TXHDRLS2MAXMIN = 8333284
IDX__TXHDRFIFODELAY = 16
IDX__TXHDRSAMPDELAY = 1073740831
IDX__TXHDRTRANSCNT = 4
IDX__TXHDRPROCHKCH01 = 83755855
IDX__TXHDRPROCHKCH23 = 102302894
IDX__TXHDRPROCHKCH45 = 167970010
IDX__TXHDRPROCHKCH67 = 133695768
IDX__TXHDRHVPSHKCH01 = 131860073
IDX__TXHDRHVPSHKCH23 = 8849070
IDX__TXHDRHVPSHKCH45 = 153290714
IDX__TXHDRHVPSHKCH67 = 19991184
IDX__TXHDRLVHK0CH01 = 134219776
IDX__TXHDRLVHK0CH23 = 171969465
IDX__TXHDRLVHK0CH45 = 134745194
IDX__TXHDRLVHK0CH67 = 205917266
IDX__TXHDRLVHK1CH01 = 34801303
IDX__TXHDRLVHK1CH23 = 74712528
IDX__TXHDRLVHK1CH45 = 215484233
IDX__TXHDRLVHK1CH67 = 193003972
IDX__TXHDRLVHK2CH01 = 82314476
IDX__TXHDRLVHK2CH23 = 188680971
IDX__TXHDRLVHK2CH45 = 101059604
IDX__TXHDRLVHK2CH67 = 3480
IDX__TXHDRSP09 = 0
IDX__TXHDRSP10 = 0
IDX__TXHDRFSWAIDCOPY = 2415277392
IDX__TXHDRFSWBINCOPY = 0
IDX__TXHDRFSWMAJOR = 2
IDX__TXHDRFSWMINOR = 0
IDX__TXHDRFSWPATCH = 0
IDX__TXHDRFSWHVSTAT = 3
IDX__TXHDRFSWMEM0 = 0
IDX__TXHDRFSWMEM1 = 0
IDX__TXHDRFSWPT0 = 0
IDX__TXHDRFSWPT1 = 0
IDX__TXHDRFSWPT2 = 0
IDX__TXHDRFSWPT3 = 0
IDX__TXHDRFSWPT4 = 0
IDX__TXHDRFSWPT5 = 0
IDX__TXHDRFSWPT6 = 0
IDX__TXHDRFSWPT7 = 0
IDX__TXHDRFSWPT8 = 0
IDX__TXHDRFSWPT9 = 0
IDX__TXHDRFPGAVER = 539165480
IDX__SYNCSCI0PKT = 13107
IDX__CRCSCI0PKT = 59042
^*****Event header 22******^
EVTNUM: 22
SCI0TYPE: 1
TXHDRBLOCKS RAW: 243679
TXHDRBLOCKS DERIVED: 243679
-----
HS pre trig sampling blocks:  31
LS pre trig sampling blocks:  3
HS post trig sampling blocks:  31
LS post trig sampling blocks:  11
IDX__TXHDRHVPSHKCH01 = 131860073
Detector voltage =  1641
Sensor voltage =  2012
Target voltage =  1710
Reflectron voltage =  135
Rejection voltage =  2010
Current for HVPS sensor =  2339
Positive current for HVPS sensor =  2704
Negative current for HVPS sensor =  305
Voltage +3.3V reference =  2048
Voltage +3.3V operational reference =  2048
Voltage -6V bus =  3001
Voltage +6V bus =  2624
Voltage +16V bus =  3178
Voltage +3.3V bus =  2056
Voltage -5V bus =  3154
Voltage +5V bus =  3142
Current +3.3V bus =  1687
Current +16V bus =  1140
Current +6V bus =  1488
Current -6V bus =  1140
Current +5V bus =  1865
Current -5V bus =  3288
Current +2.5V bus =  452
Current -2.5V bus =  2945
Current on the 1V POL =  847
Current on the 1.9V POL =  1278
ProcBd Temperature 1 =  1198
ProcBd Temperature 2 =  1561
Voltage on 1V bus =  1242
FPGA Temperature =  2563
Voltage on 1.9V bus =  2328
Voltage on 3.3V bus =  2040
var_to_row = {'Last measurement in raw DN for Processor Board signal “1V POL Current”': 0, 'Last measurement in raw DN for Processor Board signal “1.9V POL Current”': 1, 'Last measurement in raw DN for Processor Board signal “ProcBd Temp1”': 2, nan: 48, 'Last measurement in raw DN for Processor Board signal “ProcBd Temp2”': 6, 'Last measurement in raw DN for Processor Board signal “1V Voltage”': 10, 'Last measurement in raw DN for Processor Board signal “FPGA Temp”': 11, 'Last measurement in raw DN for Processor Board signal “1.9V Voltage”': 12, 'Last measurement in raw DN for Processor Board signal “3.3V Voltage”': 13, 'Last measurement in raw DN for HVPS Board signal “Detector Voltage”': 14, 'Last measurement in raw DN for HVPS Board signal “Sensor Voltage"': 15, 'Last measurement in raw DN for HVPS Board signal “Target Voltage”': 16, 'Last measurement in raw DN for HVPS Board signal “Reflectron Voltage”': 17, 'Last measurement in raw DN for HVPS Board signal “Rejection Voltage”': 18, 'Last measurement in raw DN for HVPS Board signal “Detector Current”': 19, 'Last measurement in raw DN for HVPS Board signal “Sensor IP”': 20, 'Last measurement in raw DN for HVPS Board signal “Sensor IN”': 21, 'Last measurement in raw DN for LVPS Board signal “P3.3VREF_HK”': 22, 'Last measurement in raw DN for LVPS Board signal “P3.3VREF_OP”': 23, 'Last measurement in raw DN for LVPS Board signal “N6V”': 24, 'Last measurement in raw DN for LVPS Board signal “P6V”': 25, 'Last measurement in raw DN for LVPS Board signal “P16V”': 26, 'Last measurement in raw DN for LVPS Board signal “P3.3V”': 27, 'Last measurement in raw DN for LVPS Board signal “N5V”': 28, 'Last measurement in raw DN for LVPS Board signal “P5V”': 29, 'Last measurement in raw DN for LVPS Board signal “P3.3_IMON”': 30, 'Last measurement in raw DN for LVPS Board signal “P16V_IMON”': 31, 'Last measurement in raw DN for LVPS Board signal “P6V_IMON”': 32, 'Last measurement in raw DN for LVPS Board signal “N6V_IMON”': 33, 'Last measurement in raw DN for LVPS Board signal “P5V_IMON”': 34, 'Last measurement in raw DN for LVPS Board signal “N5V_IMON”': 35, 'Last measurement in raw DN for LVPS Board signal “P2.5V_IMON”': 36, 'Last measurement in raw DN for LVPS Board signal “N2.5V_IMON”': 37, 'Last measurement in raw DN for LVPS Board signal “THERM_DECON0”': 38, 'Last measurement in raw DN for LVPS Board signal “THERM_DECON1”': 39, 'Last measurement in raw DN for LVPS Board signal “THERM_DAB”': 40, 'Last measurement in raw DN for LVPS Board signal “THERM_LVPS”': 41, 'Last measurement in raw DN for LVPS Board signal “THERM_HVPS”': 45, 'Last measurement in raw DN for LVPS Board signal “P2.5V”': 49, 'Last measurement in raw DN for LVPS Board signal “N2.5V”': 50, 'Last measurement in raw DN for LVPS Board signal “Spare”': 51}

 
 ***** var_name being converted for each instrument setting ***** 
 

Matching row  18
coeffs for Last measurement in raw DN for Processor Board signal “1V POL Current”= [0.0 0.9029253 0.0 0.0 0.0 0.0 0.0 0.0]
var_name = Last measurement in raw DN for Processor Board signal “1V POL Current”
var_name = current_1V_pol
Header info = 847
Transformed value for current_1V_pol = 764.7777291
Matching row  18
coeffs for Last measurement in raw DN for Processor Board signal “1.9V POL Current”= [0.0 0.9029253 0.0 0.0 0.0 0.0 0.0 0.0]
var_name = Last measurement in raw DN for Processor Board signal “1.9V POL Current”
var_name = current_1.9V_pol
Header info = 1278
Transformed value for current_1.9V_pol = 1153.9385334
Matching row  18
coeffs for Last measurement in raw DN for Processor Board signal “ProcBd Temp1”= [162.8276 -0.2668687 0.0003323794 -2.43153e-07 9.034532e-11 -1.327735e-14
 0.0 0.0]
var_name = Last measurement in raw DN for Processor Board signal “ProcBd Temp1”
var_name = temperature_1
Header info = 1198
Transformed value for temperature_1 = 55.41044834983295
Matching row  18
coeffs for nan= [-104713.9 52.02446 -0.006463374 0.0 0.0 0.0 0.0 0.0]
var_name = nan
var_name = None
KeyError: (22, None) - Could not find entry for None, 48. Please check the Var_notes or variable mapping.
Matching row  18
coeffs for Last measurement in raw DN for Processor Board signal “ProcBd Temp2”= [162.8276 -0.2668687 0.0003323794 -2.43153e-07 9.034532e-11 -1.327735e-14
 0.0 0.0]
var_name = Last measurement in raw DN for Processor Board signal “ProcBd Temp2”
var_name = temperature_2
Header info = 1561
Transformed value for temperature_2 = 44.64778748986298
Matching row  18
coeffs for Last measurement in raw DN for Processor Board signal “1V Voltage”= [0.0 0.000805861 0.0 0.0 0.0 0.0 0.0 0.0]
var_name = Last measurement in raw DN for Processor Board signal “1V Voltage”
var_name = voltage_1V_bus
Header info = 1242
Transformed value for voltage_1V_bus = 1.0008793619999998
Matching row  18
coeffs for Last measurement in raw DN for Processor Board signal “FPGA Temp”= [358.31 -0.1187104 0.0 0.0 0.0 0.0 0.0 0.0]
var_name = Last measurement in raw DN for Processor Board signal “FPGA Temp”
var_name = fpga_temperature
Header info = 2563
Transformed value for fpga_temperature = 54.055244800000025
Matching row  18
coeffs for Last measurement in raw DN for Processor Board signal “1.9V Voltage”= [0.0 0.000805861 0.0 0.0 0.0 0.0 0.0 0.0]
var_name = Last measurement in raw DN for Processor Board signal “1.9V Voltage”
var_name = voltage_1.9V_bus
Header info = 2328
Transformed value for voltage_1.9V_bus = 1.8760444079999998
Matching row  18
coeffs for Last measurement in raw DN for Processor Board signal “3.3V Voltage”= [0.0 0.001611722 0.0 0.0 0.0 0.0 0.0 0.0]
var_name = Last measurement in raw DN for Processor Board signal “3.3V Voltage”
var_name = voltage_3.3V_bus
Header info = 2040
Transformed value for voltage_3.3V_bus = 3.28791288
Matching row  18
coeffs for Last measurement in raw DN for HVPS Board signal “Detector Voltage”= [0.0 1.4652 0.0 0.0 0.0 0.0 0.0 0.0]
var_name = Last measurement in raw DN for HVPS Board signal “Detector Voltage”
var_name = detector_voltage
Header info = 1641
Transformed value for detector_voltage = 2404.3932
Matching row  18
coeffs for Last measurement in raw DN for HVPS Board signal “Sensor Voltage"= [0.0 1.4652 0.0 0.0 0.0 0.0 0.0 0.0]
var_name = Last measurement in raw DN for HVPS Board signal “Sensor Voltage"
var_name = sensor_voltage
Header info = 2012
Transformed value for sensor_voltage = 2947.9824000000003
Matching row  18
coeffs for Last measurement in raw DN for HVPS Board signal “Target Voltage”= [0.0 1.4652 0.0 0.0 0.0 0.0 0.0 0.0]
var_name = Last measurement in raw DN for HVPS Board signal “Target Voltage”
var_name = target_voltage
Header info = 1710
Transformed value for target_voltage = 2505.492
Matching row  18
coeffs for Last measurement in raw DN for HVPS Board signal “Reflectron Voltage”= [0.0 1.4652 0.0 0.0 0.0 0.0 0.0 0.0]
var_name = Last measurement in raw DN for HVPS Board signal “Reflectron Voltage”
var_name = reflectron_voltage
Header info = 135
Transformed value for reflectron_voltage = 197.80200000000002
Matching row  18
coeffs for Last measurement in raw DN for HVPS Board signal “Rejection Voltage”= [0.0 1.4652 0.0 0.0 0.0 0.0 0.0 0.0]
var_name = Last measurement in raw DN for HVPS Board signal “Rejection Voltage”
var_name = rejection_voltage
Header info = 2010
Transformed value for rejection_voltage = 2945.052
Matching row  18
coeffs for Last measurement in raw DN for HVPS Board signal “Detector Current”= [0.0 7.326e-06 0.0 0.0 0.0 0.0 0.0 0.0]
var_name = Last measurement in raw DN for HVPS Board signal “Detector Current”
var_name = current_hvps_sensor
Header info = 2339
Transformed value for current_hvps_sensor = 0.017135514
Matching row  18
coeffs for Last measurement in raw DN for HVPS Board signal “Sensor IP”= [0.0 2.4339e-05 0.0 0.0 0.0 0.0 0.0 0.0]
var_name = Last measurement in raw DN for HVPS Board signal “Sensor IP”
var_name = positive_current_hvps
Header info = 2704
Transformed value for positive_current_hvps = 0.065812656
Matching row  18
coeffs for Last measurement in raw DN for HVPS Board signal “Sensor IN”= [0.0 2.4339e-05 0.0 0.0 0.0 0.0 0.0 0.0]
var_name = Last measurement in raw DN for HVPS Board signal “Sensor IN”
var_name = negative_current_hvps
Header info = 305
Transformed value for negative_current_hvps = 0.007423394999999999
Matching row  18
coeffs for Last measurement in raw DN for LVPS Board signal “P3.3VREF_HK”= [0.0 0.00161172 0.0 0.0 0.0 0.0 0.0 0.0]
var_name = Last measurement in raw DN for LVPS Board signal “P3.3VREF_HK”
var_name = voltage_3V3_ref
Header info = 2048
Transformed value for voltage_3V3_ref = 3.30080256
Matching row  18
coeffs for Last measurement in raw DN for LVPS Board signal “P3.3VREF_OP”= [0.0 0.00161172 0.0 0.0 0.0 0.0 0.0 0.0]
var_name = Last measurement in raw DN for LVPS Board signal “P3.3VREF_OP”
var_name = voltage_3V3_op_ref
Header info = 2048
Transformed value for voltage_3V3_op_ref = 3.30080256
Matching row  18
coeffs for Last measurement in raw DN for LVPS Board signal “N6V”= [-33.0 0.00886447 0.0 0.0 0.0 0.0 0.0 0.0]
var_name = Last measurement in raw DN for LVPS Board signal “N6V”
var_name = voltage_neg6V_bus
Header info = 3001
Transformed value for voltage_neg6V_bus = -6.397725530000002
Matching row  18
coeffs for Last measurement in raw DN for LVPS Board signal “P6V”= [0.0 0.00241758 0.0 0.0 0.0 0.0 0.0 0.0]
var_name = Last measurement in raw DN for LVPS Board signal “P6V”
var_name = voltage_pos6V_bus
Header info = 2624
Transformed value for voltage_pos6V_bus = 6.3437299199999995
Matching row  18
coeffs for Last measurement in raw DN for LVPS Board signal “P16V”= [0.0 0.00482711 0.0 0.0 0.0 0.0 0.0 0.0]
var_name = Last measurement in raw DN for LVPS Board signal “P16V”
var_name = voltage_pos16V_bus
Header info = 3178
Transformed value for voltage_pos16V_bus = 15.34055558
Matching row  18
coeffs for Last measurement in raw DN for LVPS Board signal “P3.3V”= [0.0 0.00161172 0.0 0.0 0.0 0.0 0.0 0.0]
var_name = Last measurement in raw DN for LVPS Board signal “P3.3V”
var_name = voltage_pos3V3_bus
Header info = 2056
Transformed value for voltage_pos3V3_bus = 3.31369632
Matching row  18
coeffs for Last measurement in raw DN for LVPS Board signal “N5V”= [-33.0 0.00886447 0.0 0.0 0.0 0.0 0.0 0.0]
var_name = Last measurement in raw DN for LVPS Board signal “N5V”
var_name = voltage_neg5V_bus
Header info = 3154
Transformed value for voltage_neg5V_bus = -5.041461620000003
Matching row  18
coeffs for Last measurement in raw DN for LVPS Board signal “P5V”= [0.0 0.00161172 0.0 0.0 0.0 0.0 0.0 0.0]
var_name = Last measurement in raw DN for LVPS Board signal “P5V”
var_name = voltage_pos5V_bus
Header info = 3142
Transformed value for voltage_pos5V_bus = 5.06402424
Matching row  18
coeffs for Last measurement in raw DN for LVPS Board signal “P3.3_IMON”= [0.0 0.00161172 0.0 0.0 0.0 0.0 0.0 0.0]
var_name = Last measurement in raw DN for LVPS Board signal “P3.3_IMON”
var_name = current_3V3_bus
Header info = 1687
Transformed value for current_3V3_bus = 2.7189716400000004
Matching row  18
coeffs for Last measurement in raw DN for LVPS Board signal “P16V_IMON”= [0.0 0.000161172 0.0 0.0 0.0 0.0 0.0 0.0]
var_name = Last measurement in raw DN for LVPS Board signal “P16V_IMON”
var_name = current_16V_bus
Header info = 1140
Transformed value for current_16V_bus = 0.18373608
Matching row  18
coeffs for Last measurement in raw DN for LVPS Board signal “P6V_IMON”= [0.0 8.05861e-05 0.0 0.0 0.0 0.0 0.0 0.0]
var_name = Last measurement in raw DN for LVPS Board signal “P6V_IMON”
var_name = current_6V_bus
Header info = 1488
Transformed value for current_6V_bus = 0.1199121168
Matching row  18
coeffs for Last measurement in raw DN for LVPS Board signal “N6V_IMON”= [0.0 -8.05861e-05 0.0 0.0 0.0 0.0 0.0 0.0]
var_name = Last measurement in raw DN for LVPS Board signal “N6V_IMON”
var_name = current_neg6V_bus
Header info = 1140
Transformed value for current_neg6V_bus = -0.091868154
Matching row  18
coeffs for Last measurement in raw DN for LVPS Board signal “P5V_IMON”= [0.0 4.029304e-05 0.0 0.0 0.0 0.0 0.0 0.0]
var_name = Last measurement in raw DN for LVPS Board signal “P5V_IMON”
var_name = current_5V_bus
Header info = 1865
Transformed value for current_5V_bus = 0.0751465196
Matching row  18
coeffs for Last measurement in raw DN for LVPS Board signal “N5V_IMON”= [0.0 -2.01465e-05 0.0 0.0 0.0 0.0 0.0 0.0]
var_name = Last measurement in raw DN for LVPS Board signal “N5V_IMON”
var_name = current_neg5V_bus
Header info = 3288
Transformed value for current_neg5V_bus = -0.066241692
Matching row  18
coeffs for Last measurement in raw DN for LVPS Board signal “P2.5V_IMON”= [0.0 0.00161172 0.0 0.0 0.0 0.0 0.0 0.0]
var_name = Last measurement in raw DN for LVPS Board signal “P2.5V_IMON”
var_name = current_2V5_bus
Header info = 452
Transformed value for current_2V5_bus = 0.72849744
Matching row  18
coeffs for Last measurement in raw DN for LVPS Board signal “N2.5V_IMON”= [0.0 -4.0293e-05 0.0 0.0 0.0 0.0 0.0 0.0]
var_name = Last measurement in raw DN for LVPS Board signal “N2.5V_IMON”
var_name = current_neg2V5_bus
Header info = 2945
Transformed value for current_neg2V5_bus = -0.11866288500000001
Matching row  18
coeffs for Last measurement in raw DN for LVPS Board signal “THERM_DECON0”= [-110.293 0.0665351 0.000305738 -6.32048e-07 5.9934e-10 -2.98784e-13
 7.61361e-17 -7.76467e-21]
var_name = Last measurement in raw DN for LVPS Board signal “THERM_DECON0”
var_name = None
KeyError: (22, None) - Could not find entry for None, 38. Please check the Var_notes or variable mapping.
Matching row  18
coeffs for Last measurement in raw DN for LVPS Board signal “THERM_DECON1”= [-150.478 0.376986 -0.00062072 7.73853e-07 -5.81588e-10 2.56368e-13
 -6.05698e-17 5.96635e-21]
var_name = Last measurement in raw DN for LVPS Board signal “THERM_DECON1”
var_name = None
KeyError: (22, None) - Could not find entry for None, 39. Please check the Var_notes or variable mapping.
Matching row  18
coeffs for Last measurement in raw DN for LVPS Board signal “THERM_DAB”= [-443.248 1.31224 -0.00180422 1.40016e-06 -6.43766e-10 1.7448e-13
 -2.57695e-17 1.60239e-21]
var_name = Last measurement in raw DN for LVPS Board signal “THERM_DAB”
var_name = None
KeyError: (22, None) - Could not find entry for None, 40. Please check the Var_notes or variable mapping.
Matching row  18
coeffs for Last measurement in raw DN for LVPS Board signal “THERM_LVPS”= [200.4137 -0.2020699 0.000175403 -9.739547e-08 2.888932e-11 -3.545603e-15
 0.0 0.0]
var_name = Last measurement in raw DN for LVPS Board signal “THERM_LVPS”
var_name = None
KeyError: (22, None) - Could not find entry for None, 41. Please check the Var_notes or variable mapping.
Matching row  18
coeffs for Last measurement in raw DN for LVPS Board signal “THERM_HVPS”= [200.4137 -0.2020699 0.000175403 -9.739547e-08 2.888932e-11 -3.545603e-15
 0.0 0.0]
var_name = Last measurement in raw DN for LVPS Board signal “THERM_HVPS”
var_name = None
KeyError: (22, None) - Could not find entry for None, 45. Please check the Var_notes or variable mapping.
Matching row  18
coeffs for Last measurement in raw DN for LVPS Board signal “P2.5V”= [0.0 0.00161172 0.0 0.0 0.0 0.0 0.0 0.0]
var_name = Last measurement in raw DN for LVPS Board signal “P2.5V”
var_name = None
KeyError: (22, None) - Could not find entry for None, 49. Please check the Var_notes or variable mapping.
Matching row  18
coeffs for Last measurement in raw DN for LVPS Board signal “N2.5V”= [-33.0 0.00886447 0.0 0.0 0.0 0.0 0.0 0.0]
var_name = Last measurement in raw DN for LVPS Board signal “N2.5V”
var_name = None
KeyError: (22, None) - Could not find entry for None, 50. Please check the Var_notes or variable mapping.
Matching row  18
coeffs for Last measurement in raw DN for LVPS Board signal “Spare”= [0.0 0.00161172 0.0 0.0 0.0 0.0 0.0 0.0]
var_name = Last measurement in raw DN for LVPS Board signal “Spare”
var_name = spare_signal
KeyError: (22, 'spare_signal') - Could not find entry for spare_signal, 51. Please check the Var_notes or variable mapping.
High gain delay = 31 samples.
Mid gain delay = 1023 samples.
Low gain delay = 1023 samples.
High sampling trigger mode =  0 0 1
High gain trigger mode enabled.
For 2222981120, HG Trigger level = 0.15317, sample settings = 0, 0
Threshold trigger mode enabled for high gain channel.
AID = 2415277392
Event number = 103
Rice compression enabled = False
Timestamp = 439515563.678 seconds since epoch (Midnight January 1st, 2010)
Trigger time = 2023-12-05T23:39:23.678000Z
22
22
22
22
22
22
22
22
22
22
22
22
22
{'SHCOARSE': ParsedDataItem(SHCOARSE, raw=439515973, derived=439515973, unit=dn), 'SHFINE': ParsedDataItem(SHFINE, raw=9306, derived=9306, unit=dn), 'IDX__SCI0AID': ParsedDataItem(IDX__SCI0AID, raw=2415277392, derived=2415277392, unit=None), 'IDX__SCI0TYPE': ParsedDataItem(IDX__SCI0TYPE, raw=1, derived=1, unit=None), 'IDX__SCI0CONT': ParsedDataItem(IDX__SCI0CONT, raw=127, derived=127, unit=None), 'IDX__SCI0SPARE1': ParsedDataItem(IDX__SCI0SPARE1, raw=0, derived=0, unit=None), 'IDX__SCI0PACK': ParsedDataItem(IDX__SCI0PACK, raw=1, derived=EN, unit=None), 'IDX__SCI0FRAG': ParsedDataItem(IDX__SCI0FRAG, raw=0, derived=DS, unit=None), 'IDX__SCI0COMP': ParsedDataItem(IDX__SCI0COMP, raw=0, derived=DS, unit=None), 'IDX__SCI0EVTNUM': ParsedDataItem(IDX__SCI0EVTNUM, raw=104, derived=104, unit=None), 'IDX__SCI0CAT': ParsedDataItem(IDX__SCI0CAT, raw=32, derived=32, unit=None), 'IDX__SCI0QUAL': ParsedDataItem(IDX__SCI0QUAL, raw=5, derived=5, unit=None), 'IDX__SCI0FRAGOFF': ParsedDataItem(IDX__SCI0FRAGOFF, raw=0, derived=0, unit=None), 'IDX__SCI0VER': ParsedDataItem(IDX__SCI0VER, raw=9, derived=9, unit=None), 'IDX__SCI0TIME32': ParsedDataItem(IDX__SCI0TIME32, raw=439515564, derived=439515564, unit=None), 'IDX__SCI0SPARE2': ParsedDataItem(IDX__SCI0SPARE2, raw=0, derived=0, unit=None), 'IDX__SCI0SPARE3': ParsedDataItem(IDX__SCI0SPARE3, raw=0, derived=0, unit=None), 'IDX__SCI0SPARE4': ParsedDataItem(IDX__SCI0SPARE4, raw=0, derived=0, unit=None), 'IDX__TXHDRSCIEVTLEN': ParsedDataItem(IDX__TXHDRSCIEVTLEN, raw=8320, derived=8320, unit=None), 'IDX__TXHDRSP00': ParsedDataItem(IDX__TXHDRSP00, raw=0, derived=0, unit=None), 'IDX__TXHDRTIMESEC1': ParsedDataItem(IDX__TXHDRTIMESEC1, raw=6706, derived=6706, unit=None), 'IDX__TXHDRTIMESEC2': ParsedDataItem(IDX__TXHDRTIMESEC2, raw=31148, derived=31148, unit=None), 'IDX__TXHDRTIMESUBS': ParsedDataItem(IDX__TXHDRTIMESUBS, raw=33897, derived=33897, unit=None), 'IDX__TXHDRSP01': ParsedDataItem(IDX__TXHDRSP01, raw=0, derived=0, unit=None), 'IDX__TXHDRTRIGOFFSET': ParsedDataItem(IDX__TXHDRTRIGOFFSET, raw=1, derived=1, unit=None), 'IDX__TXHDRSP02': ParsedDataItem(IDX__TXHDRSP02, raw=0, derived=0, unit=None), 'IDX__TXHDRTRIGID': ParsedDataItem(IDX__TXHDRTRIGID, raw=1, derived=1, unit=None), 'IDX__TXHDREVTNUM': ParsedDataItem(IDX__TXHDREVTNUM, raw=104, derived=104, unit=None), 'IDX__TXHDRBLOCKS': ParsedDataItem(IDX__TXHDRBLOCKS, raw=243679, derived=243679, unit=None), 'IDX__TXHDRHGTRIGCTRL1': ParsedDataItem(IDX__TXHDRHGTRIGCTRL1, raw=2222981120, derived=2222981120, unit=None), 'IDX__TXHDRHGTRIGCTRL2': ParsedDataItem(IDX__TXHDRHGTRIGCTRL2, raw=0, derived=0, unit=None), 'IDX__TXHDRLGTRIGCTRL1': ParsedDataItem(IDX__TXHDRLGTRIGCTRL1, raw=4294965248, derived=4294965248, unit=None), 'IDX__TXHDRLGTRIGCTRL2': ParsedDataItem(IDX__TXHDRLGTRIGCTRL2, raw=4278255360, derived=4278255360, unit=None), 'IDX__TXHDRMGTRIGCTRL1': ParsedDataItem(IDX__TXHDRMGTRIGCTRL1, raw=4294965248, derived=4294965248, unit=None), 'IDX__TXHDRMGTRIGCTRL2': ParsedDataItem(IDX__TXHDRMGTRIGCTRL2, raw=4278255360, derived=4278255360, unit=None), 'IDX__TXHDRSP03': ParsedDataItem(IDX__TXHDRSP03, raw=0, derived=0, unit=None), 'IDX__TXHDRLSADC': ParsedDataItem(IDX__TXHDRLSADC, raw=1048320, derived=1048320, unit=None), 'IDX__TXHDRPOLSTAT': ParsedDataItem(IDX__TXHDRPOLSTAT, raw=1, derived=NEG, unit=None), 'IDX__TXHDRSP04': ParsedDataItem(IDX__TXHDRSP04, raw=0, derived=0, unit=None), 'IDX__TXHDRPOLCTRL': ParsedDataItem(IDX__TXHDRPOLCTRL, raw=0, derived=POS, unit=None), 'IDX__TXHDRCOINENA': ParsedDataItem(IDX__TXHDRCOINENA, raw=0, derived=DIS, unit=None), 'IDX__TXHDRLSTRIGMODE': ParsedDataItem(IDX__TXHDRLSTRIGMODE, raw=0, derived=DIS, unit=None), 'IDX__TXHDRMGTRIGMODE': ParsedDataItem(IDX__TXHDRMGTRIGMODE, raw=0, derived=0, unit=None), 'IDX__TXHDRLGTRIGMODE': ParsedDataItem(IDX__TXHDRLGTRIGMODE, raw=0, derived=0, unit=None), 'IDX__TXHDRHGTRIGMODE': ParsedDataItem(IDX__TXHDRHGTRIGMODE, raw=1, derived=1, unit=None), 'IDX__TXHDRSP05': ParsedDataItem(IDX__TXHDRSP05, raw=0, derived=0, unit=None), 'IDX__TXHDRSP06': ParsedDataItem(IDX__TXHDRSP06, raw=0, derived=0, unit=None), 'IDX__TXHDRSP07': ParsedDataItem(IDX__TXHDRSP07, raw=2020, derived=2020, unit=None), 'IDX__TXHDRSP08': ParsedDataItem(IDX__TXHDRSP08, raw=0, derived=0, unit=None), 'IDX__TXHDRTOFMAX': ParsedDataItem(IDX__TXHDRTOFMAX, raw=553131007, derived=553131007, unit=None), 'IDX__TXHDRTOFMIN': ParsedDataItem(IDX__TXHDRTOFMIN, raw=535295476, derived=535295476, unit=None), 'IDX__TXHDRLS0MAXMIN': ParsedDataItem(IDX__TXHDRLS0MAXMIN, raw=8468493, derived=8468493, unit=None), 'IDX__TXHDRLS1MAXMIN': ParsedDataItem(IDX__TXHDRLS1MAXMIN, raw=8447975, derived=8447975, unit=None), 'IDX__TXHDRLS2MAXMIN': ParsedDataItem(IDX__TXHDRLS2MAXMIN, raw=8337380, derived=8337380, unit=None), 'IDX__TXHDRFIFODELAY': ParsedDataItem(IDX__TXHDRFIFODELAY, raw=18, derived=18, unit=None), 'IDX__TXHDRSAMPDELAY': ParsedDataItem(IDX__TXHDRSAMPDELAY, raw=7347242, derived=7347242, unit=None), 'IDX__TXHDRTRANSCNT': ParsedDataItem(IDX__TXHDRTRANSCNT, raw=12, derived=12, unit=None), 'IDX__TXHDRPROCHKCH01': ParsedDataItem(IDX__TXHDRPROCHKCH01, raw=83755856, derived=83755856, unit=None), 'IDX__TXHDRPROCHKCH23': ParsedDataItem(IDX__TXHDRPROCHKCH23, raw=102302894, derived=102302894, unit=None), 'IDX__TXHDRPROCHKCH45': ParsedDataItem(IDX__TXHDRPROCHKCH45, raw=167970010, derived=167970010, unit=None), 'IDX__TXHDRPROCHKCH67': ParsedDataItem(IDX__TXHDRPROCHKCH67, raw=133695768, derived=133695768, unit=None), 'IDX__TXHDRHVPSHKCH01': ParsedDataItem(IDX__TXHDRHVPSHKCH01, raw=131860073, derived=131860073, unit=None), 'IDX__TXHDRHVPSHKCH23': ParsedDataItem(IDX__TXHDRHVPSHKCH23, raw=8849070, derived=8849070, unit=None), 'IDX__TXHDRHVPSHKCH45': ParsedDataItem(IDX__TXHDRHVPSHKCH45, raw=153290714, derived=153290714, unit=None), 'IDX__TXHDRHVPSHKCH67': ParsedDataItem(IDX__TXHDRHVPSHKCH67, raw=19991184, derived=19991184, unit=None), 'IDX__TXHDRLVHK0CH01': ParsedDataItem(IDX__TXHDRLVHK0CH01, raw=134219776, derived=134219776, unit=None), 'IDX__TXHDRLVHK0CH23': ParsedDataItem(IDX__TXHDRLVHK0CH23, raw=172035001, derived=172035001, unit=None), 'IDX__TXHDRLVHK0CH45': ParsedDataItem(IDX__TXHDRLVHK0CH45, raw=134745194, derived=134745194, unit=None), 'IDX__TXHDRLVHK0CH67': ParsedDataItem(IDX__TXHDRLVHK0CH67, raw=205917267, derived=205917267, unit=None), 'IDX__TXHDRLVHK1CH01': ParsedDataItem(IDX__TXHDRLVHK1CH01, raw=34801303, derived=34801303, unit=None), 'IDX__TXHDRLVHK1CH23': ParsedDataItem(IDX__TXHDRLVHK1CH23, raw=74712528, derived=74712528, unit=None), 'IDX__TXHDRLVHK1CH45': ParsedDataItem(IDX__TXHDRLVHK1CH45, raw=215484233, derived=215484233, unit=None), 'IDX__TXHDRLVHK1CH67': ParsedDataItem(IDX__TXHDRLVHK1CH67, raw=193003972, derived=193003972, unit=None), 'IDX__TXHDRLVHK2CH01': ParsedDataItem(IDX__TXHDRLVHK2CH01, raw=82314476, derived=82314476, unit=None), 'IDX__TXHDRLVHK2CH23': ParsedDataItem(IDX__TXHDRLVHK2CH23, raw=188680970, derived=188680970, unit=None), 'IDX__TXHDRLVHK2CH45': ParsedDataItem(IDX__TXHDRLVHK2CH45, raw=100994068, derived=100994068, unit=None), 'IDX__TXHDRLVHK2CH67': ParsedDataItem(IDX__TXHDRLVHK2CH67, raw=69016, derived=69016, unit=None), 'IDX__TXHDRSP09': ParsedDataItem(IDX__TXHDRSP09, raw=0, derived=0, unit=None), 'IDX__TXHDRSP10': ParsedDataItem(IDX__TXHDRSP10, raw=0, derived=0, unit=None), 'IDX__TXHDRFSWAIDCOPY': ParsedDataItem(IDX__TXHDRFSWAIDCOPY, raw=2415277392, derived=2415277392, unit=None), 'IDX__TXHDRFSWBINCOPY': ParsedDataItem(IDX__TXHDRFSWBINCOPY, raw=0, derived=0, unit=None), 'IDX__TXHDRFSWMAJOR': ParsedDataItem(IDX__TXHDRFSWMAJOR, raw=2, derived=2, unit=None), 'IDX__TXHDRFSWMINOR': ParsedDataItem(IDX__TXHDRFSWMINOR, raw=0, derived=0, unit=None), 'IDX__TXHDRFSWPATCH': ParsedDataItem(IDX__TXHDRFSWPATCH, raw=0, derived=0, unit=None), 'IDX__TXHDRFSWHVSTAT': ParsedDataItem(IDX__TXHDRFSWHVSTAT, raw=3, derived=3, unit=None), 'IDX__TXHDRFSWMEM0': ParsedDataItem(IDX__TXHDRFSWMEM0, raw=0, derived=0, unit=None), 'IDX__TXHDRFSWMEM1': ParsedDataItem(IDX__TXHDRFSWMEM1, raw=0, derived=0, unit=None), 'IDX__TXHDRFSWPT0': ParsedDataItem(IDX__TXHDRFSWPT0, raw=0, derived=0, unit=None), 'IDX__TXHDRFSWPT1': ParsedDataItem(IDX__TXHDRFSWPT1, raw=0, derived=0, unit=None), 'IDX__TXHDRFSWPT2': ParsedDataItem(IDX__TXHDRFSWPT2, raw=0, derived=0, unit=None), 'IDX__TXHDRFSWPT3': ParsedDataItem(IDX__TXHDRFSWPT3, raw=0, derived=0, unit=None), 'IDX__TXHDRFSWPT4': ParsedDataItem(IDX__TXHDRFSWPT4, raw=0, derived=0, unit=None), 'IDX__TXHDRFSWPT5': ParsedDataItem(IDX__TXHDRFSWPT5, raw=0, derived=0, unit=None), 'IDX__TXHDRFSWPT6': ParsedDataItem(IDX__TXHDRFSWPT6, raw=0, derived=0, unit=None), 'IDX__TXHDRFSWPT7': ParsedDataItem(IDX__TXHDRFSWPT7, raw=0, derived=0, unit=None), 'IDX__TXHDRFSWPT8': ParsedDataItem(IDX__TXHDRFSWPT8, raw=0, derived=0, unit=None), 'IDX__TXHDRFSWPT9': ParsedDataItem(IDX__TXHDRFSWPT9, raw=0, derived=0, unit=None), 'IDX__TXHDRFPGAVER': ParsedDataItem(IDX__TXHDRFPGAVER, raw=539165480, derived=539165480, unit=None), 'IDX__SYNCSCI0PKT': ParsedDataItem(IDX__SYNCSCI0PKT, raw=13107, derived=13107, unit=None), 'IDX__CRCSCI0PKT': ParsedDataItem(IDX__CRCSCI0PKT, raw=10587, derived=10587, unit=None)}
SHCOARSE = 439515973
SHFINE = 9306
IDX__SCI0AID = 2415277392
IDX__SCI0TYPE = 1
IDX__SCI0CONT = 127
IDX__SCI0SPARE1 = 0
IDX__SCI0PACK = EN
IDX__SCI0FRAG = DS
IDX__SCI0COMP = DS
IDX__SCI0EVTNUM = 104
IDX__SCI0CAT = 32
IDX__SCI0QUAL = 5
IDX__SCI0FRAGOFF = 0
IDX__SCI0VER = 9
IDX__SCI0TIME32 = 439515564
IDX__SCI0SPARE2 = 0
IDX__SCI0SPARE3 = 0
IDX__SCI0SPARE4 = 0
IDX__TXHDRSCIEVTLEN = 8320
IDX__TXHDRSP00 = 0
IDX__TXHDRTIMESEC1 = 6706
IDX__TXHDRTIMESEC2 = 31148
IDX__TXHDRTIMESUBS = 33897
IDX__TXHDRSP01 = 0
IDX__TXHDRTRIGOFFSET = 1
IDX__TXHDRSP02 = 0
IDX__TXHDRTRIGID = 1
IDX__TXHDREVTNUM = 104
IDX__TXHDRBLOCKS = 243679
IDX__TXHDRHGTRIGCTRL1 = 2222981120
IDX__TXHDRHGTRIGCTRL2 = 0
IDX__TXHDRLGTRIGCTRL1 = 4294965248
IDX__TXHDRLGTRIGCTRL2 = 4278255360
IDX__TXHDRMGTRIGCTRL1 = 4294965248
IDX__TXHDRMGTRIGCTRL2 = 4278255360
IDX__TXHDRSP03 = 0
IDX__TXHDRLSADC = 1048320
IDX__TXHDRPOLSTAT = NEG
IDX__TXHDRSP04 = 0
IDX__TXHDRPOLCTRL = POS
IDX__TXHDRCOINENA = DIS
IDX__TXHDRLSTRIGMODE = DIS
IDX__TXHDRMGTRIGMODE = 0
IDX__TXHDRLGTRIGMODE = 0
IDX__TXHDRHGTRIGMODE = 1
IDX__TXHDRSP05 = 0
IDX__TXHDRSP06 = 0
IDX__TXHDRSP07 = 2020
IDX__TXHDRSP08 = 0
IDX__TXHDRTOFMAX = 553131007
IDX__TXHDRTOFMIN = 535295476
IDX__TXHDRLS0MAXMIN = 8468493
IDX__TXHDRLS1MAXMIN = 8447975
IDX__TXHDRLS2MAXMIN = 8337380
IDX__TXHDRFIFODELAY = 18
IDX__TXHDRSAMPDELAY = 7347242
IDX__TXHDRTRANSCNT = 12
IDX__TXHDRPROCHKCH01 = 83755856
IDX__TXHDRPROCHKCH23 = 102302894
IDX__TXHDRPROCHKCH45 = 167970010
IDX__TXHDRPROCHKCH67 = 133695768
IDX__TXHDRHVPSHKCH01 = 131860073
IDX__TXHDRHVPSHKCH23 = 8849070
IDX__TXHDRHVPSHKCH45 = 153290714
IDX__TXHDRHVPSHKCH67 = 19991184
IDX__TXHDRLVHK0CH01 = 134219776
IDX__TXHDRLVHK0CH23 = 172035001
IDX__TXHDRLVHK0CH45 = 134745194
IDX__TXHDRLVHK0CH67 = 205917267
IDX__TXHDRLVHK1CH01 = 34801303
IDX__TXHDRLVHK1CH23 = 74712528
IDX__TXHDRLVHK1CH45 = 215484233
IDX__TXHDRLVHK1CH67 = 193003972
IDX__TXHDRLVHK2CH01 = 82314476
IDX__TXHDRLVHK2CH23 = 188680970
IDX__TXHDRLVHK2CH45 = 100994068
IDX__TXHDRLVHK2CH67 = 69016
IDX__TXHDRSP09 = 0
IDX__TXHDRSP10 = 0
IDX__TXHDRFSWAIDCOPY = 2415277392
IDX__TXHDRFSWBINCOPY = 0
IDX__TXHDRFSWMAJOR = 2
IDX__TXHDRFSWMINOR = 0
IDX__TXHDRFSWPATCH = 0
IDX__TXHDRFSWHVSTAT = 3
IDX__TXHDRFSWMEM0 = 0
IDX__TXHDRFSWMEM1 = 0
IDX__TXHDRFSWPT0 = 0
IDX__TXHDRFSWPT1 = 0
IDX__TXHDRFSWPT2 = 0
IDX__TXHDRFSWPT3 = 0
IDX__TXHDRFSWPT4 = 0
IDX__TXHDRFSWPT5 = 0
IDX__TXHDRFSWPT6 = 0
IDX__TXHDRFSWPT7 = 0
IDX__TXHDRFSWPT8 = 0
IDX__TXHDRFSWPT9 = 0
IDX__TXHDRFPGAVER = 539165480
IDX__SYNCSCI0PKT = 13107
IDX__CRCSCI0PKT = 10587
^*****Event header 23******^
EVTNUM: 23
SCI0TYPE: 1
TXHDRBLOCKS RAW: 243679
TXHDRBLOCKS DERIVED: 243679
-----
HS pre trig sampling blocks:  31
LS pre trig sampling blocks:  3
HS post trig sampling blocks:  31
LS post trig sampling blocks:  11
IDX__TXHDRHVPSHKCH01 = 131860073
Detector voltage =  1641
Sensor voltage =  2012
Target voltage =  1710
Reflectron voltage =  135
Rejection voltage =  2010
Current for HVPS sensor =  2339
Positive current for HVPS sensor =  2704
Negative current for HVPS sensor =  305
Voltage +3.3V reference =  2048
Voltage +3.3V operational reference =  2048
Voltage -6V bus =  3001
Voltage +6V bus =  2625
Voltage +16V bus =  3178
Voltage +3.3V bus =  2056
Voltage -5V bus =  3155
Voltage +5V bus =  3142
Current +3.3V bus =  1687
Current +16V bus =  1140
Current +6V bus =  1488
Current -6V bus =  1140
Current +5V bus =  1865
Current -5V bus =  3288
Current +2.5V bus =  452
Current -2.5V bus =  2945
Current on the 1V POL =  848
Current on the 1.9V POL =  1278
ProcBd Temperature 1 =  1198
ProcBd Temperature 2 =  1561
Voltage on 1V bus =  1242
FPGA Temperature =  2563
Voltage on 1.9V bus =  2328
Voltage on 3.3V bus =  2040
var_to_row = {'Last measurement in raw DN for Processor Board signal “1V POL Current”': 0, 'Last measurement in raw DN for Processor Board signal “1.9V POL Current”': 1, 'Last measurement in raw DN for Processor Board signal “ProcBd Temp1”': 2, nan: 48, 'Last measurement in raw DN for Processor Board signal “ProcBd Temp2”': 6, 'Last measurement in raw DN for Processor Board signal “1V Voltage”': 10, 'Last measurement in raw DN for Processor Board signal “FPGA Temp”': 11, 'Last measurement in raw DN for Processor Board signal “1.9V Voltage”': 12, 'Last measurement in raw DN for Processor Board signal “3.3V Voltage”': 13, 'Last measurement in raw DN for HVPS Board signal “Detector Voltage”': 14, 'Last measurement in raw DN for HVPS Board signal “Sensor Voltage"': 15, 'Last measurement in raw DN for HVPS Board signal “Target Voltage”': 16, 'Last measurement in raw DN for HVPS Board signal “Reflectron Voltage”': 17, 'Last measurement in raw DN for HVPS Board signal “Rejection Voltage”': 18, 'Last measurement in raw DN for HVPS Board signal “Detector Current”': 19, 'Last measurement in raw DN for HVPS Board signal “Sensor IP”': 20, 'Last measurement in raw DN for HVPS Board signal “Sensor IN”': 21, 'Last measurement in raw DN for LVPS Board signal “P3.3VREF_HK”': 22, 'Last measurement in raw DN for LVPS Board signal “P3.3VREF_OP”': 23, 'Last measurement in raw DN for LVPS Board signal “N6V”': 24, 'Last measurement in raw DN for LVPS Board signal “P6V”': 25, 'Last measurement in raw DN for LVPS Board signal “P16V”': 26, 'Last measurement in raw DN for LVPS Board signal “P3.3V”': 27, 'Last measurement in raw DN for LVPS Board signal “N5V”': 28, 'Last measurement in raw DN for LVPS Board signal “P5V”': 29, 'Last measurement in raw DN for LVPS Board signal “P3.3_IMON”': 30, 'Last measurement in raw DN for LVPS Board signal “P16V_IMON”': 31, 'Last measurement in raw DN for LVPS Board signal “P6V_IMON”': 32, 'Last measurement in raw DN for LVPS Board signal “N6V_IMON”': 33, 'Last measurement in raw DN for LVPS Board signal “P5V_IMON”': 34, 'Last measurement in raw DN for LVPS Board signal “N5V_IMON”': 35, 'Last measurement in raw DN for LVPS Board signal “P2.5V_IMON”': 36, 'Last measurement in raw DN for LVPS Board signal “N2.5V_IMON”': 37, 'Last measurement in raw DN for LVPS Board signal “THERM_DECON0”': 38, 'Last measurement in raw DN for LVPS Board signal “THERM_DECON1”': 39, 'Last measurement in raw DN for LVPS Board signal “THERM_DAB”': 40, 'Last measurement in raw DN for LVPS Board signal “THERM_LVPS”': 41, 'Last measurement in raw DN for LVPS Board signal “THERM_HVPS”': 45, 'Last measurement in raw DN for LVPS Board signal “P2.5V”': 49, 'Last measurement in raw DN for LVPS Board signal “N2.5V”': 50, 'Last measurement in raw DN for LVPS Board signal “Spare”': 51}

 
 ***** var_name being converted for each instrument setting ***** 
 

Matching row  18
coeffs for Last measurement in raw DN for Processor Board signal “1V POL Current”= [0.0 0.9029253 0.0 0.0 0.0 0.0 0.0 0.0]
var_name = Last measurement in raw DN for Processor Board signal “1V POL Current”
var_name = current_1V_pol
Header info = 848
Transformed value for current_1V_pol = 765.6806544
Matching row  18
coeffs for Last measurement in raw DN for Processor Board signal “1.9V POL Current”= [0.0 0.9029253 0.0 0.0 0.0 0.0 0.0 0.0]
var_name = Last measurement in raw DN for Processor Board signal “1.9V POL Current”
var_name = current_1.9V_pol
Header info = 1278
Transformed value for current_1.9V_pol = 1153.9385334
Matching row  18
coeffs for Last measurement in raw DN for Processor Board signal “ProcBd Temp1”= [162.8276 -0.2668687 0.0003323794 -2.43153e-07 9.034532e-11 -1.327735e-14
 0.0 0.0]
var_name = Last measurement in raw DN for Processor Board signal “ProcBd Temp1”
var_name = temperature_1
Header info = 1198
Transformed value for temperature_1 = 55.41044834983295
Matching row  18
coeffs for nan= [-104713.9 52.02446 -0.006463374 0.0 0.0 0.0 0.0 0.0]
var_name = nan
var_name = None
KeyError: (23, None) - Could not find entry for None, 48. Please check the Var_notes or variable mapping.
Matching row  18
coeffs for Last measurement in raw DN for Processor Board signal “ProcBd Temp2”= [162.8276 -0.2668687 0.0003323794 -2.43153e-07 9.034532e-11 -1.327735e-14
 0.0 0.0]
var_name = Last measurement in raw DN for Processor Board signal “ProcBd Temp2”
var_name = temperature_2
Header info = 1561
Transformed value for temperature_2 = 44.64778748986298
Matching row  18
coeffs for Last measurement in raw DN for Processor Board signal “1V Voltage”= [0.0 0.000805861 0.0 0.0 0.0 0.0 0.0 0.0]
var_name = Last measurement in raw DN for Processor Board signal “1V Voltage”
var_name = voltage_1V_bus
Header info = 1242
Transformed value for voltage_1V_bus = 1.0008793619999998
Matching row  18
coeffs for Last measurement in raw DN for Processor Board signal “FPGA Temp”= [358.31 -0.1187104 0.0 0.0 0.0 0.0 0.0 0.0]
var_name = Last measurement in raw DN for Processor Board signal “FPGA Temp”
var_name = fpga_temperature
Header info = 2563
Transformed value for fpga_temperature = 54.055244800000025
Matching row  18
coeffs for Last measurement in raw DN for Processor Board signal “1.9V Voltage”= [0.0 0.000805861 0.0 0.0 0.0 0.0 0.0 0.0]
var_name = Last measurement in raw DN for Processor Board signal “1.9V Voltage”
var_name = voltage_1.9V_bus
Header info = 2328
Transformed value for voltage_1.9V_bus = 1.8760444079999998
Matching row  18
coeffs for Last measurement in raw DN for Processor Board signal “3.3V Voltage”= [0.0 0.001611722 0.0 0.0 0.0 0.0 0.0 0.0]
var_name = Last measurement in raw DN for Processor Board signal “3.3V Voltage”
var_name = voltage_3.3V_bus
Header info = 2040
Transformed value for voltage_3.3V_bus = 3.28791288
Matching row  18
coeffs for Last measurement in raw DN for HVPS Board signal “Detector Voltage”= [0.0 1.4652 0.0 0.0 0.0 0.0 0.0 0.0]
var_name = Last measurement in raw DN for HVPS Board signal “Detector Voltage”
var_name = detector_voltage
Header info = 1641
Transformed value for detector_voltage = 2404.3932
Matching row  18
coeffs for Last measurement in raw DN for HVPS Board signal “Sensor Voltage"= [0.0 1.4652 0.0 0.0 0.0 0.0 0.0 0.0]
var_name = Last measurement in raw DN for HVPS Board signal “Sensor Voltage"
var_name = sensor_voltage
Header info = 2012
Transformed value for sensor_voltage = 2947.9824000000003
Matching row  18
coeffs for Last measurement in raw DN for HVPS Board signal “Target Voltage”= [0.0 1.4652 0.0 0.0 0.0 0.0 0.0 0.0]
var_name = Last measurement in raw DN for HVPS Board signal “Target Voltage”
var_name = target_voltage
Header info = 1710
Transformed value for target_voltage = 2505.492
Matching row  18
coeffs for Last measurement in raw DN for HVPS Board signal “Reflectron Voltage”= [0.0 1.4652 0.0 0.0 0.0 0.0 0.0 0.0]
var_name = Last measurement in raw DN for HVPS Board signal “Reflectron Voltage”
var_name = reflectron_voltage
Header info = 135
Transformed value for reflectron_voltage = 197.80200000000002
Matching row  18
coeffs for Last measurement in raw DN for HVPS Board signal “Rejection Voltage”= [0.0 1.4652 0.0 0.0 0.0 0.0 0.0 0.0]
var_name = Last measurement in raw DN for HVPS Board signal “Rejection Voltage”
var_name = rejection_voltage
Header info = 2010
Transformed value for rejection_voltage = 2945.052
Matching row  18
coeffs for Last measurement in raw DN for HVPS Board signal “Detector Current”= [0.0 7.326e-06 0.0 0.0 0.0 0.0 0.0 0.0]
var_name = Last measurement in raw DN for HVPS Board signal “Detector Current”
var_name = current_hvps_sensor
Header info = 2339
Transformed value for current_hvps_sensor = 0.017135514
Matching row  18
coeffs for Last measurement in raw DN for HVPS Board signal “Sensor IP”= [0.0 2.4339e-05 0.0 0.0 0.0 0.0 0.0 0.0]
var_name = Last measurement in raw DN for HVPS Board signal “Sensor IP”
var_name = positive_current_hvps
Header info = 2704
Transformed value for positive_current_hvps = 0.065812656
Matching row  18
coeffs for Last measurement in raw DN for HVPS Board signal “Sensor IN”= [0.0 2.4339e-05 0.0 0.0 0.0 0.0 0.0 0.0]
var_name = Last measurement in raw DN for HVPS Board signal “Sensor IN”
var_name = negative_current_hvps
Header info = 305
Transformed value for negative_current_hvps = 0.007423394999999999
Matching row  18
coeffs for Last measurement in raw DN for LVPS Board signal “P3.3VREF_HK”= [0.0 0.00161172 0.0 0.0 0.0 0.0 0.0 0.0]
var_name = Last measurement in raw DN for LVPS Board signal “P3.3VREF_HK”
var_name = voltage_3V3_ref
Header info = 2048
Transformed value for voltage_3V3_ref = 3.30080256
Matching row  18
coeffs for Last measurement in raw DN for LVPS Board signal “P3.3VREF_OP”= [0.0 0.00161172 0.0 0.0 0.0 0.0 0.0 0.0]
var_name = Last measurement in raw DN for LVPS Board signal “P3.3VREF_OP”
var_name = voltage_3V3_op_ref
Header info = 2048
Transformed value for voltage_3V3_op_ref = 3.30080256
Matching row  18
coeffs for Last measurement in raw DN for LVPS Board signal “N6V”= [-33.0 0.00886447 0.0 0.0 0.0 0.0 0.0 0.0]
var_name = Last measurement in raw DN for LVPS Board signal “N6V”
var_name = voltage_neg6V_bus
Header info = 3001
Transformed value for voltage_neg6V_bus = -6.397725530000002
Matching row  18
coeffs for Last measurement in raw DN for LVPS Board signal “P6V”= [0.0 0.00241758 0.0 0.0 0.0 0.0 0.0 0.0]
var_name = Last measurement in raw DN for LVPS Board signal “P6V”
var_name = voltage_pos6V_bus
Header info = 2625
Transformed value for voltage_pos6V_bus = 6.3461475
Matching row  18
coeffs for Last measurement in raw DN for LVPS Board signal “P16V”= [0.0 0.00482711 0.0 0.0 0.0 0.0 0.0 0.0]
var_name = Last measurement in raw DN for LVPS Board signal “P16V”
var_name = voltage_pos16V_bus
Header info = 3178
Transformed value for voltage_pos16V_bus = 15.34055558
Matching row  18
coeffs for Last measurement in raw DN for LVPS Board signal “P3.3V”= [0.0 0.00161172 0.0 0.0 0.0 0.0 0.0 0.0]
var_name = Last measurement in raw DN for LVPS Board signal “P3.3V”
var_name = voltage_pos3V3_bus
Header info = 2056
Transformed value for voltage_pos3V3_bus = 3.31369632
Matching row  18
coeffs for Last measurement in raw DN for LVPS Board signal “N5V”= [-33.0 0.00886447 0.0 0.0 0.0 0.0 0.0 0.0]
var_name = Last measurement in raw DN for LVPS Board signal “N5V”
var_name = voltage_neg5V_bus
Header info = 3155
Transformed value for voltage_neg5V_bus = -5.032597150000001
Matching row  18
coeffs for Last measurement in raw DN for LVPS Board signal “P5V”= [0.0 0.00161172 0.0 0.0 0.0 0.0 0.0 0.0]
var_name = Last measurement in raw DN for LVPS Board signal “P5V”
var_name = voltage_pos5V_bus
Header info = 3142
Transformed value for voltage_pos5V_bus = 5.06402424
Matching row  18
coeffs for Last measurement in raw DN for LVPS Board signal “P3.3_IMON”= [0.0 0.00161172 0.0 0.0 0.0 0.0 0.0 0.0]
var_name = Last measurement in raw DN for LVPS Board signal “P3.3_IMON”
var_name = current_3V3_bus
Header info = 1687
Transformed value for current_3V3_bus = 2.7189716400000004
Matching row  18
coeffs for Last measurement in raw DN for LVPS Board signal “P16V_IMON”= [0.0 0.000161172 0.0 0.0 0.0 0.0 0.0 0.0]
var_name = Last measurement in raw DN for LVPS Board signal “P16V_IMON”
var_name = current_16V_bus
Header info = 1140
Transformed value for current_16V_bus = 0.18373608
Matching row  18
coeffs for Last measurement in raw DN for LVPS Board signal “P6V_IMON”= [0.0 8.05861e-05 0.0 0.0 0.0 0.0 0.0 0.0]
var_name = Last measurement in raw DN for LVPS Board signal “P6V_IMON”
var_name = current_6V_bus
Header info = 1488
Transformed value for current_6V_bus = 0.1199121168
Matching row  18
coeffs for Last measurement in raw DN for LVPS Board signal “N6V_IMON”= [0.0 -8.05861e-05 0.0 0.0 0.0 0.0 0.0 0.0]
var_name = Last measurement in raw DN for LVPS Board signal “N6V_IMON”
var_name = current_neg6V_bus
Header info = 1140
Transformed value for current_neg6V_bus = -0.091868154
Matching row  18
coeffs for Last measurement in raw DN for LVPS Board signal “P5V_IMON”= [0.0 4.029304e-05 0.0 0.0 0.0 0.0 0.0 0.0]
var_name = Last measurement in raw DN for LVPS Board signal “P5V_IMON”
var_name = current_5V_bus
Header info = 1865
Transformed value for current_5V_bus = 0.0751465196
Matching row  18
coeffs for Last measurement in raw DN for LVPS Board signal “N5V_IMON”= [0.0 -2.01465e-05 0.0 0.0 0.0 0.0 0.0 0.0]
var_name = Last measurement in raw DN for LVPS Board signal “N5V_IMON”
var_name = current_neg5V_bus
Header info = 3288
Transformed value for current_neg5V_bus = -0.066241692
Matching row  18
coeffs for Last measurement in raw DN for LVPS Board signal “P2.5V_IMON”= [0.0 0.00161172 0.0 0.0 0.0 0.0 0.0 0.0]
var_name = Last measurement in raw DN for LVPS Board signal “P2.5V_IMON”
var_name = current_2V5_bus
Header info = 452
Transformed value for current_2V5_bus = 0.72849744
Matching row  18
coeffs for Last measurement in raw DN for LVPS Board signal “N2.5V_IMON”= [0.0 -4.0293e-05 0.0 0.0 0.0 0.0 0.0 0.0]
var_name = Last measurement in raw DN for LVPS Board signal “N2.5V_IMON”
var_name = current_neg2V5_bus
Header info = 2945
Transformed value for current_neg2V5_bus = -0.11866288500000001
Matching row  18
coeffs for Last measurement in raw DN for LVPS Board signal “THERM_DECON0”= [-110.293 0.0665351 0.000305738 -6.32048e-07 5.9934e-10 -2.98784e-13
 7.61361e-17 -7.76467e-21]
var_name = Last measurement in raw DN for LVPS Board signal “THERM_DECON0”
var_name = None
KeyError: (23, None) - Could not find entry for None, 38. Please check the Var_notes or variable mapping.
Matching row  18
coeffs for Last measurement in raw DN for LVPS Board signal “THERM_DECON1”= [-150.478 0.376986 -0.00062072 7.73853e-07 -5.81588e-10 2.56368e-13
 -6.05698e-17 5.96635e-21]
var_name = Last measurement in raw DN for LVPS Board signal “THERM_DECON1”
var_name = None
KeyError: (23, None) - Could not find entry for None, 39. Please check the Var_notes or variable mapping.
Matching row  18
coeffs for Last measurement in raw DN for LVPS Board signal “THERM_DAB”= [-443.248 1.31224 -0.00180422 1.40016e-06 -6.43766e-10 1.7448e-13
 -2.57695e-17 1.60239e-21]
var_name = Last measurement in raw DN for LVPS Board signal “THERM_DAB”
var_name = None
KeyError: (23, None) - Could not find entry for None, 40. Please check the Var_notes or variable mapping.
Matching row  18
coeffs for Last measurement in raw DN for LVPS Board signal “THERM_LVPS”= [200.4137 -0.2020699 0.000175403 -9.739547e-08 2.888932e-11 -3.545603e-15
 0.0 0.0]
var_name = Last measurement in raw DN for LVPS Board signal “THERM_LVPS”
var_name = None
KeyError: (23, None) - Could not find entry for None, 41. Please check the Var_notes or variable mapping.
Matching row  18
coeffs for Last measurement in raw DN for LVPS Board signal “THERM_HVPS”= [200.4137 -0.2020699 0.000175403 -9.739547e-08 2.888932e-11 -3.545603e-15
 0.0 0.0]
var_name = Last measurement in raw DN for LVPS Board signal “THERM_HVPS”
var_name = None
KeyError: (23, None) - Could not find entry for None, 45. Please check the Var_notes or variable mapping.
Matching row  18
coeffs for Last measurement in raw DN for LVPS Board signal “P2.5V”= [0.0 0.00161172 0.0 0.0 0.0 0.0 0.0 0.0]
var_name = Last measurement in raw DN for LVPS Board signal “P2.5V”
var_name = None
KeyError: (23, None) - Could not find entry for None, 49. Please check the Var_notes or variable mapping.
Matching row  18
coeffs for Last measurement in raw DN for LVPS Board signal “N2.5V”= [-33.0 0.00886447 0.0 0.0 0.0 0.0 0.0 0.0]
var_name = Last measurement in raw DN for LVPS Board signal “N2.5V”
var_name = None
KeyError: (23, None) - Could not find entry for None, 50. Please check the Var_notes or variable mapping.
Matching row  18
coeffs for Last measurement in raw DN for LVPS Board signal “Spare”= [0.0 0.00161172 0.0 0.0 0.0 0.0 0.0 0.0]
var_name = Last measurement in raw DN for LVPS Board signal “Spare”
var_name = spare_signal
KeyError: (23, 'spare_signal') - Could not find entry for spare_signal, 51. Please check the Var_notes or variable mapping.
High gain delay = 42 samples.
Mid gain delay = 7 samples.
Low gain delay = 7 samples.
High sampling trigger mode =  0 0 1
High gain trigger mode enabled.
For 2222981120, HG Trigger level = 0.15317, sample settings = 0, 0
Threshold trigger mode enabled for high gain channel.
AID = 2415277392
Event number = 104
Rice compression enabled = False
Timestamp = 439515564.67794 seconds since epoch (Midnight January 1st, 2010)
Trigger time = 2023-12-05T23:39:24.677940Z
23
23
23
23
23
23
23
23
23
23
23
23
23
{'SHCOARSE': ParsedDataItem(SHCOARSE, raw=439515986, derived=439515986, unit=dn), 'SHFINE': ParsedDataItem(SHFINE, raw=9315, derived=9315, unit=dn), 'IDX__SCI0AID': ParsedDataItem(IDX__SCI0AID, raw=2415277392, derived=2415277392, unit=None), 'IDX__SCI0TYPE': ParsedDataItem(IDX__SCI0TYPE, raw=1, derived=1, unit=None), 'IDX__SCI0CONT': ParsedDataItem(IDX__SCI0CONT, raw=127, derived=127, unit=None), 'IDX__SCI0SPARE1': ParsedDataItem(IDX__SCI0SPARE1, raw=0, derived=0, unit=None), 'IDX__SCI0PACK': ParsedDataItem(IDX__SCI0PACK, raw=1, derived=EN, unit=None), 'IDX__SCI0FRAG': ParsedDataItem(IDX__SCI0FRAG, raw=0, derived=DS, unit=None), 'IDX__SCI0COMP': ParsedDataItem(IDX__SCI0COMP, raw=0, derived=DS, unit=None), 'IDX__SCI0EVTNUM': ParsedDataItem(IDX__SCI0EVTNUM, raw=105, derived=105, unit=None), 'IDX__SCI0CAT': ParsedDataItem(IDX__SCI0CAT, raw=32, derived=32, unit=None), 'IDX__SCI0QUAL': ParsedDataItem(IDX__SCI0QUAL, raw=5, derived=5, unit=None), 'IDX__SCI0FRAGOFF': ParsedDataItem(IDX__SCI0FRAGOFF, raw=0, derived=0, unit=None), 'IDX__SCI0VER': ParsedDataItem(IDX__SCI0VER, raw=9, derived=9, unit=None), 'IDX__SCI0TIME32': ParsedDataItem(IDX__SCI0TIME32, raw=439515565, derived=439515565, unit=None), 'IDX__SCI0SPARE2': ParsedDataItem(IDX__SCI0SPARE2, raw=0, derived=0, unit=None), 'IDX__SCI0SPARE3': ParsedDataItem(IDX__SCI0SPARE3, raw=0, derived=0, unit=None), 'IDX__SCI0SPARE4': ParsedDataItem(IDX__SCI0SPARE4, raw=0, derived=0, unit=None), 'IDX__TXHDRSCIEVTLEN': ParsedDataItem(IDX__TXHDRSCIEVTLEN, raw=8320, derived=8320, unit=None), 'IDX__TXHDRSP00': ParsedDataItem(IDX__TXHDRSP00, raw=0, derived=0, unit=None), 'IDX__TXHDRTIMESEC1': ParsedDataItem(IDX__TXHDRTIMESEC1, raw=6706, derived=6706, unit=None), 'IDX__TXHDRTIMESEC2': ParsedDataItem(IDX__TXHDRTIMESEC2, raw=31149, derived=31149, unit=None), 'IDX__TXHDRTIMESUBS': ParsedDataItem(IDX__TXHDRTIMESUBS, raw=33894, derived=33894, unit=None), 'IDX__TXHDRSP01': ParsedDataItem(IDX__TXHDRSP01, raw=0, derived=0, unit=None), 'IDX__TXHDRTRIGOFFSET': ParsedDataItem(IDX__TXHDRTRIGOFFSET, raw=7, derived=7, unit=None), 'IDX__TXHDRSP02': ParsedDataItem(IDX__TXHDRSP02, raw=0, derived=0, unit=None), 'IDX__TXHDRTRIGID': ParsedDataItem(IDX__TXHDRTRIGID, raw=1, derived=1, unit=None), 'IDX__TXHDREVTNUM': ParsedDataItem(IDX__TXHDREVTNUM, raw=105, derived=105, unit=None), 'IDX__TXHDRBLOCKS': ParsedDataItem(IDX__TXHDRBLOCKS, raw=243679, derived=243679, unit=None), 'IDX__TXHDRHGTRIGCTRL1': ParsedDataItem(IDX__TXHDRHGTRIGCTRL1, raw=2222981120, derived=2222981120, unit=None), 'IDX__TXHDRHGTRIGCTRL2': ParsedDataItem(IDX__TXHDRHGTRIGCTRL2, raw=0, derived=0, unit=None), 'IDX__TXHDRLGTRIGCTRL1': ParsedDataItem(IDX__TXHDRLGTRIGCTRL1, raw=4294965248, derived=4294965248, unit=None), 'IDX__TXHDRLGTRIGCTRL2': ParsedDataItem(IDX__TXHDRLGTRIGCTRL2, raw=4278255360, derived=4278255360, unit=None), 'IDX__TXHDRMGTRIGCTRL1': ParsedDataItem(IDX__TXHDRMGTRIGCTRL1, raw=4294965248, derived=4294965248, unit=None), 'IDX__TXHDRMGTRIGCTRL2': ParsedDataItem(IDX__TXHDRMGTRIGCTRL2, raw=4278255360, derived=4278255360, unit=None), 'IDX__TXHDRSP03': ParsedDataItem(IDX__TXHDRSP03, raw=0, derived=0, unit=None), 'IDX__TXHDRLSADC': ParsedDataItem(IDX__TXHDRLSADC, raw=1048320, derived=1048320, unit=None), 'IDX__TXHDRPOLSTAT': ParsedDataItem(IDX__TXHDRPOLSTAT, raw=1, derived=NEG, unit=None), 'IDX__TXHDRSP04': ParsedDataItem(IDX__TXHDRSP04, raw=0, derived=0, unit=None), 'IDX__TXHDRPOLCTRL': ParsedDataItem(IDX__TXHDRPOLCTRL, raw=0, derived=POS, unit=None), 'IDX__TXHDRCOINENA': ParsedDataItem(IDX__TXHDRCOINENA, raw=0, derived=DIS, unit=None), 'IDX__TXHDRLSTRIGMODE': ParsedDataItem(IDX__TXHDRLSTRIGMODE, raw=0, derived=DIS, unit=None), 'IDX__TXHDRMGTRIGMODE': ParsedDataItem(IDX__TXHDRMGTRIGMODE, raw=0, derived=0, unit=None), 'IDX__TXHDRLGTRIGMODE': ParsedDataItem(IDX__TXHDRLGTRIGMODE, raw=0, derived=0, unit=None), 'IDX__TXHDRHGTRIGMODE': ParsedDataItem(IDX__TXHDRHGTRIGMODE, raw=1, derived=1, unit=None), 'IDX__TXHDRSP05': ParsedDataItem(IDX__TXHDRSP05, raw=0, derived=0, unit=None), 'IDX__TXHDRSP06': ParsedDataItem(IDX__TXHDRSP06, raw=0, derived=0, unit=None), 'IDX__TXHDRSP07': ParsedDataItem(IDX__TXHDRSP07, raw=2020, derived=2020, unit=None), 'IDX__TXHDRSP08': ParsedDataItem(IDX__TXHDRSP08, raw=0, derived=0, unit=None), 'IDX__TXHDRTOFMAX': ParsedDataItem(IDX__TXHDRTOFMAX, raw=541596241, derived=541596241, unit=None), 'IDX__TXHDRTOFMIN': ParsedDataItem(IDX__TXHDRTOFMIN, raw=535295476, derived=535295476, unit=None), 'IDX__TXHDRLS0MAXMIN': ParsedDataItem(IDX__TXHDRLS0MAXMIN, raw=8468493, derived=8468493, unit=None), 'IDX__TXHDRLS1MAXMIN': ParsedDataItem(IDX__TXHDRLS1MAXMIN, raw=8447976, derived=8447976, unit=None), 'IDX__TXHDRLS2MAXMIN': ParsedDataItem(IDX__TXHDRLS2MAXMIN, raw=8333284, derived=8333284, unit=None), 'IDX__TXHDRFIFODELAY': ParsedDataItem(IDX__TXHDRFIFODELAY, raw=16, derived=16, unit=None), 'IDX__TXHDRSAMPDELAY': ParsedDataItem(IDX__TXHDRSAMPDELAY, raw=57728086, derived=57728086, unit=None), 'IDX__TXHDRTRANSCNT': ParsedDataItem(IDX__TXHDRTRANSCNT, raw=2, derived=2, unit=None), 'IDX__TXHDRPROCHKCH01': ParsedDataItem(IDX__TXHDRPROCHKCH01, raw=83755858, derived=83755858, unit=None), 'IDX__TXHDRPROCHKCH23': ParsedDataItem(IDX__TXHDRPROCHKCH23, raw=102302894, derived=102302894, unit=None), 'IDX__TXHDRPROCHKCH45': ParsedDataItem(IDX__TXHDRPROCHKCH45, raw=167970010, derived=167970010, unit=None), 'IDX__TXHDRPROCHKCH67': ParsedDataItem(IDX__TXHDRPROCHKCH67, raw=133695768, derived=133695768, unit=None), 'IDX__TXHDRHVPSHKCH01': ParsedDataItem(IDX__TXHDRHVPSHKCH01, raw=131860073, derived=131860073, unit=None), 'IDX__TXHDRHVPSHKCH23': ParsedDataItem(IDX__TXHDRHVPSHKCH23, raw=8849070, derived=8849070, unit=None), 'IDX__TXHDRHVPSHKCH45': ParsedDataItem(IDX__TXHDRHVPSHKCH45, raw=153290714, derived=153290714, unit=None), 'IDX__TXHDRHVPSHKCH67': ParsedDataItem(IDX__TXHDRHVPSHKCH67, raw=19991184, derived=19991184, unit=None), 'IDX__TXHDRLVHK0CH01': ParsedDataItem(IDX__TXHDRLVHK0CH01, raw=134219776, derived=134219776, unit=None), 'IDX__TXHDRLVHK0CH23': ParsedDataItem(IDX__TXHDRLVHK0CH23, raw=172035001, derived=172035001, unit=None), 'IDX__TXHDRLVHK0CH45': ParsedDataItem(IDX__TXHDRLVHK0CH45, raw=134745194, derived=134745194, unit=None), 'IDX__TXHDRLVHK0CH67': ParsedDataItem(IDX__TXHDRLVHK0CH67, raw=205917267, derived=205917267, unit=None), 'IDX__TXHDRLVHK1CH01': ParsedDataItem(IDX__TXHDRLVHK1CH01, raw=34801304, derived=34801304, unit=None), 'IDX__TXHDRLVHK1CH23': ParsedDataItem(IDX__TXHDRLVHK1CH23, raw=74712528, derived=74712528, unit=None), 'IDX__TXHDRLVHK1CH45': ParsedDataItem(IDX__TXHDRLVHK1CH45, raw=215484233, derived=215484233, unit=None), 'IDX__TXHDRLVHK1CH67': ParsedDataItem(IDX__TXHDRLVHK1CH67, raw=193003972, derived=193003972, unit=None), 'IDX__TXHDRLVHK2CH01': ParsedDataItem(IDX__TXHDRLVHK2CH01, raw=82314476, derived=82314476, unit=None), 'IDX__TXHDRLVHK2CH23': ParsedDataItem(IDX__TXHDRLVHK2CH23, raw=188680971, derived=188680971, unit=None), 'IDX__TXHDRLVHK2CH45': ParsedDataItem(IDX__TXHDRLVHK2CH45, raw=100994068, derived=100994068, unit=None), 'IDX__TXHDRLVHK2CH67': ParsedDataItem(IDX__TXHDRLVHK2CH67, raw=69016, derived=69016, unit=None), 'IDX__TXHDRSP09': ParsedDataItem(IDX__TXHDRSP09, raw=0, derived=0, unit=None), 'IDX__TXHDRSP10': ParsedDataItem(IDX__TXHDRSP10, raw=0, derived=0, unit=None), 'IDX__TXHDRFSWAIDCOPY': ParsedDataItem(IDX__TXHDRFSWAIDCOPY, raw=2415277392, derived=2415277392, unit=None), 'IDX__TXHDRFSWBINCOPY': ParsedDataItem(IDX__TXHDRFSWBINCOPY, raw=0, derived=0, unit=None), 'IDX__TXHDRFSWMAJOR': ParsedDataItem(IDX__TXHDRFSWMAJOR, raw=2, derived=2, unit=None), 'IDX__TXHDRFSWMINOR': ParsedDataItem(IDX__TXHDRFSWMINOR, raw=0, derived=0, unit=None), 'IDX__TXHDRFSWPATCH': ParsedDataItem(IDX__TXHDRFSWPATCH, raw=0, derived=0, unit=None), 'IDX__TXHDRFSWHVSTAT': ParsedDataItem(IDX__TXHDRFSWHVSTAT, raw=3, derived=3, unit=None), 'IDX__TXHDRFSWMEM0': ParsedDataItem(IDX__TXHDRFSWMEM0, raw=0, derived=0, unit=None), 'IDX__TXHDRFSWMEM1': ParsedDataItem(IDX__TXHDRFSWMEM1, raw=0, derived=0, unit=None), 'IDX__TXHDRFSWPT0': ParsedDataItem(IDX__TXHDRFSWPT0, raw=0, derived=0, unit=None), 'IDX__TXHDRFSWPT1': ParsedDataItem(IDX__TXHDRFSWPT1, raw=0, derived=0, unit=None), 'IDX__TXHDRFSWPT2': ParsedDataItem(IDX__TXHDRFSWPT2, raw=0, derived=0, unit=None), 'IDX__TXHDRFSWPT3': ParsedDataItem(IDX__TXHDRFSWPT3, raw=0, derived=0, unit=None), 'IDX__TXHDRFSWPT4': ParsedDataItem(IDX__TXHDRFSWPT4, raw=0, derived=0, unit=None), 'IDX__TXHDRFSWPT5': ParsedDataItem(IDX__TXHDRFSWPT5, raw=0, derived=0, unit=None), 'IDX__TXHDRFSWPT6': ParsedDataItem(IDX__TXHDRFSWPT6, raw=0, derived=0, unit=None), 'IDX__TXHDRFSWPT7': ParsedDataItem(IDX__TXHDRFSWPT7, raw=0, derived=0, unit=None), 'IDX__TXHDRFSWPT8': ParsedDataItem(IDX__TXHDRFSWPT8, raw=0, derived=0, unit=None), 'IDX__TXHDRFSWPT9': ParsedDataItem(IDX__TXHDRFSWPT9, raw=0, derived=0, unit=None), 'IDX__TXHDRFPGAVER': ParsedDataItem(IDX__TXHDRFPGAVER, raw=539165480, derived=539165480, unit=None), 'IDX__SYNCSCI0PKT': ParsedDataItem(IDX__SYNCSCI0PKT, raw=13107, derived=13107, unit=None), 'IDX__CRCSCI0PKT': ParsedDataItem(IDX__CRCSCI0PKT, raw=54237, derived=54237, unit=None)}
SHCOARSE = 439515986
SHFINE = 9315
IDX__SCI0AID = 2415277392
IDX__SCI0TYPE = 1
IDX__SCI0CONT = 127
IDX__SCI0SPARE1 = 0
IDX__SCI0PACK = EN
IDX__SCI0FRAG = DS
IDX__SCI0COMP = DS
IDX__SCI0EVTNUM = 105
IDX__SCI0CAT = 32
IDX__SCI0QUAL = 5
IDX__SCI0FRAGOFF = 0
IDX__SCI0VER = 9
IDX__SCI0TIME32 = 439515565
IDX__SCI0SPARE2 = 0
IDX__SCI0SPARE3 = 0
IDX__SCI0SPARE4 = 0
IDX__TXHDRSCIEVTLEN = 8320
IDX__TXHDRSP00 = 0
IDX__TXHDRTIMESEC1 = 6706
IDX__TXHDRTIMESEC2 = 31149
IDX__TXHDRTIMESUBS = 33894
IDX__TXHDRSP01 = 0
IDX__TXHDRTRIGOFFSET = 7
IDX__TXHDRSP02 = 0
IDX__TXHDRTRIGID = 1
IDX__TXHDREVTNUM = 105
IDX__TXHDRBLOCKS = 243679
IDX__TXHDRHGTRIGCTRL1 = 2222981120
IDX__TXHDRHGTRIGCTRL2 = 0
IDX__TXHDRLGTRIGCTRL1 = 4294965248
IDX__TXHDRLGTRIGCTRL2 = 4278255360
IDX__TXHDRMGTRIGCTRL1 = 4294965248
IDX__TXHDRMGTRIGCTRL2 = 4278255360
IDX__TXHDRSP03 = 0
IDX__TXHDRLSADC = 1048320
IDX__TXHDRPOLSTAT = NEG
IDX__TXHDRSP04 = 0
IDX__TXHDRPOLCTRL = POS
IDX__TXHDRCOINENA = DIS
IDX__TXHDRLSTRIGMODE = DIS
IDX__TXHDRMGTRIGMODE = 0
IDX__TXHDRLGTRIGMODE = 0
IDX__TXHDRHGTRIGMODE = 1
IDX__TXHDRSP05 = 0
IDX__TXHDRSP06 = 0
IDX__TXHDRSP07 = 2020
IDX__TXHDRSP08 = 0
IDX__TXHDRTOFMAX = 541596241
IDX__TXHDRTOFMIN = 535295476
IDX__TXHDRLS0MAXMIN = 8468493
IDX__TXHDRLS1MAXMIN = 8447976
IDX__TXHDRLS2MAXMIN = 8333284
IDX__TXHDRFIFODELAY = 16
IDX__TXHDRSAMPDELAY = 57728086
IDX__TXHDRTRANSCNT = 2
IDX__TXHDRPROCHKCH01 = 83755858
IDX__TXHDRPROCHKCH23 = 102302894
IDX__TXHDRPROCHKCH45 = 167970010
IDX__TXHDRPROCHKCH67 = 133695768
IDX__TXHDRHVPSHKCH01 = 131860073
IDX__TXHDRHVPSHKCH23 = 8849070
IDX__TXHDRHVPSHKCH45 = 153290714
IDX__TXHDRHVPSHKCH67 = 19991184
IDX__TXHDRLVHK0CH01 = 134219776
IDX__TXHDRLVHK0CH23 = 172035001
IDX__TXHDRLVHK0CH45 = 134745194
IDX__TXHDRLVHK0CH67 = 205917267
IDX__TXHDRLVHK1CH01 = 34801304
IDX__TXHDRLVHK1CH23 = 74712528
IDX__TXHDRLVHK1CH45 = 215484233
IDX__TXHDRLVHK1CH67 = 193003972
IDX__TXHDRLVHK2CH01 = 82314476
IDX__TXHDRLVHK2CH23 = 188680971
IDX__TXHDRLVHK2CH45 = 100994068
IDX__TXHDRLVHK2CH67 = 69016
IDX__TXHDRSP09 = 0
IDX__TXHDRSP10 = 0
IDX__TXHDRFSWAIDCOPY = 2415277392
IDX__TXHDRFSWBINCOPY = 0
IDX__TXHDRFSWMAJOR = 2
IDX__TXHDRFSWMINOR = 0
IDX__TXHDRFSWPATCH = 0
IDX__TXHDRFSWHVSTAT = 3
IDX__TXHDRFSWMEM0 = 0
IDX__TXHDRFSWMEM1 = 0
IDX__TXHDRFSWPT0 = 0
IDX__TXHDRFSWPT1 = 0
IDX__TXHDRFSWPT2 = 0
IDX__TXHDRFSWPT3 = 0
IDX__TXHDRFSWPT4 = 0
IDX__TXHDRFSWPT5 = 0
IDX__TXHDRFSWPT6 = 0
IDX__TXHDRFSWPT7 = 0
IDX__TXHDRFSWPT8 = 0
IDX__TXHDRFSWPT9 = 0
IDX__TXHDRFPGAVER = 539165480
IDX__SYNCSCI0PKT = 13107
IDX__CRCSCI0PKT = 54237
^*****Event header 24******^
EVTNUM: 24
SCI0TYPE: 1
TXHDRBLOCKS RAW: 243679
TXHDRBLOCKS DERIVED: 243679
-----
HS pre trig sampling blocks:  31
LS pre trig sampling blocks:  3
HS post trig sampling blocks:  31
LS post trig sampling blocks:  11
IDX__TXHDRHVPSHKCH01 = 131860073
Detector voltage =  1641
Sensor voltage =  2012
Target voltage =  1710
Reflectron voltage =  135
Rejection voltage =  2010
Current for HVPS sensor =  2339
Positive current for HVPS sensor =  2704
Negative current for HVPS sensor =  305
Voltage +3.3V reference =  2048
Voltage +3.3V operational reference =  2048
Voltage -6V bus =  3001
Voltage +6V bus =  2625
Voltage +16V bus =  3178
Voltage +3.3V bus =  2056
Voltage -5V bus =  3155
Voltage +5V bus =  3142
Current +3.3V bus =  1688
Current +16V bus =  1140
Current +6V bus =  1488
Current -6V bus =  1140
Current +5V bus =  1865
Current -5V bus =  3288
Current +2.5V bus =  452
Current -2.5V bus =  2945
Current on the 1V POL =  850
Current on the 1.9V POL =  1278
ProcBd Temperature 1 =  1198
ProcBd Temperature 2 =  1561
Voltage on 1V bus =  1242
FPGA Temperature =  2563
Voltage on 1.9V bus =  2328
Voltage on 3.3V bus =  2040
var_to_row = {'Last measurement in raw DN for Processor Board signal “1V POL Current”': 0, 'Last measurement in raw DN for Processor Board signal “1.9V POL Current”': 1, 'Last measurement in raw DN for Processor Board signal “ProcBd Temp1”': 2, nan: 48, 'Last measurement in raw DN for Processor Board signal “ProcBd Temp2”': 6, 'Last measurement in raw DN for Processor Board signal “1V Voltage”': 10, 'Last measurement in raw DN for Processor Board signal “FPGA Temp”': 11, 'Last measurement in raw DN for Processor Board signal “1.9V Voltage”': 12, 'Last measurement in raw DN for Processor Board signal “3.3V Voltage”': 13, 'Last measurement in raw DN for HVPS Board signal “Detector Voltage”': 14, 'Last measurement in raw DN for HVPS Board signal “Sensor Voltage"': 15, 'Last measurement in raw DN for HVPS Board signal “Target Voltage”': 16, 'Last measurement in raw DN for HVPS Board signal “Reflectron Voltage”': 17, 'Last measurement in raw DN for HVPS Board signal “Rejection Voltage”': 18, 'Last measurement in raw DN for HVPS Board signal “Detector Current”': 19, 'Last measurement in raw DN for HVPS Board signal “Sensor IP”': 20, 'Last measurement in raw DN for HVPS Board signal “Sensor IN”': 21, 'Last measurement in raw DN for LVPS Board signal “P3.3VREF_HK”': 22, 'Last measurement in raw DN for LVPS Board signal “P3.3VREF_OP”': 23, 'Last measurement in raw DN for LVPS Board signal “N6V”': 24, 'Last measurement in raw DN for LVPS Board signal “P6V”': 25, 'Last measurement in raw DN for LVPS Board signal “P16V”': 26, 'Last measurement in raw DN for LVPS Board signal “P3.3V”': 27, 'Last measurement in raw DN for LVPS Board signal “N5V”': 28, 'Last measurement in raw DN for LVPS Board signal “P5V”': 29, 'Last measurement in raw DN for LVPS Board signal “P3.3_IMON”': 30, 'Last measurement in raw DN for LVPS Board signal “P16V_IMON”': 31, 'Last measurement in raw DN for LVPS Board signal “P6V_IMON”': 32, 'Last measurement in raw DN for LVPS Board signal “N6V_IMON”': 33, 'Last measurement in raw DN for LVPS Board signal “P5V_IMON”': 34, 'Last measurement in raw DN for LVPS Board signal “N5V_IMON”': 35, 'Last measurement in raw DN for LVPS Board signal “P2.5V_IMON”': 36, 'Last measurement in raw DN for LVPS Board signal “N2.5V_IMON”': 37, 'Last measurement in raw DN for LVPS Board signal “THERM_DECON0”': 38, 'Last measurement in raw DN for LVPS Board signal “THERM_DECON1”': 39, 'Last measurement in raw DN for LVPS Board signal “THERM_DAB”': 40, 'Last measurement in raw DN for LVPS Board signal “THERM_LVPS”': 41, 'Last measurement in raw DN for LVPS Board signal “THERM_HVPS”': 45, 'Last measurement in raw DN for LVPS Board signal “P2.5V”': 49, 'Last measurement in raw DN for LVPS Board signal “N2.5V”': 50, 'Last measurement in raw DN for LVPS Board signal “Spare”': 51}

 
 ***** var_name being converted for each instrument setting ***** 
 

Matching row  18
coeffs for Last measurement in raw DN for Processor Board signal “1V POL Current”= [0.0 0.9029253 0.0 0.0 0.0 0.0 0.0 0.0]
var_name = Last measurement in raw DN for Processor Board signal “1V POL Current”
var_name = current_1V_pol
Header info = 850
Transformed value for current_1V_pol = 767.4865050000001
Matching row  18
coeffs for Last measurement in raw DN for Processor Board signal “1.9V POL Current”= [0.0 0.9029253 0.0 0.0 0.0 0.0 0.0 0.0]
var_name = Last measurement in raw DN for Processor Board signal “1.9V POL Current”
var_name = current_1.9V_pol
Header info = 1278
Transformed value for current_1.9V_pol = 1153.9385334
Matching row  18
coeffs for Last measurement in raw DN for Processor Board signal “ProcBd Temp1”= [162.8276 -0.2668687 0.0003323794 -2.43153e-07 9.034532e-11 -1.327735e-14
 0.0 0.0]
var_name = Last measurement in raw DN for Processor Board signal “ProcBd Temp1”
var_name = temperature_1
Header info = 1198
Transformed value for temperature_1 = 55.41044834983295
Matching row  18
coeffs for nan= [-104713.9 52.02446 -0.006463374 0.0 0.0 0.0 0.0 0.0]
var_name = nan
var_name = None
KeyError: (24, None) - Could not find entry for None, 48. Please check the Var_notes or variable mapping.
Matching row  18
coeffs for Last measurement in raw DN for Processor Board signal “ProcBd Temp2”= [162.8276 -0.2668687 0.0003323794 -2.43153e-07 9.034532e-11 -1.327735e-14
 0.0 0.0]
var_name = Last measurement in raw DN for Processor Board signal “ProcBd Temp2”
var_name = temperature_2
Header info = 1561
Transformed value for temperature_2 = 44.64778748986298
Matching row  18
coeffs for Last measurement in raw DN for Processor Board signal “1V Voltage”= [0.0 0.000805861 0.0 0.0 0.0 0.0 0.0 0.0]
var_name = Last measurement in raw DN for Processor Board signal “1V Voltage”
var_name = voltage_1V_bus
Header info = 1242
Transformed value for voltage_1V_bus = 1.0008793619999998
Matching row  18
coeffs for Last measurement in raw DN for Processor Board signal “FPGA Temp”= [358.31 -0.1187104 0.0 0.0 0.0 0.0 0.0 0.0]
var_name = Last measurement in raw DN for Processor Board signal “FPGA Temp”
var_name = fpga_temperature
Header info = 2563
Transformed value for fpga_temperature = 54.055244800000025
Matching row  18
coeffs for Last measurement in raw DN for Processor Board signal “1.9V Voltage”= [0.0 0.000805861 0.0 0.0 0.0 0.0 0.0 0.0]
var_name = Last measurement in raw DN for Processor Board signal “1.9V Voltage”
var_name = voltage_1.9V_bus
Header info = 2328
Transformed value for voltage_1.9V_bus = 1.8760444079999998
Matching row  18
coeffs for Last measurement in raw DN for Processor Board signal “3.3V Voltage”= [0.0 0.001611722 0.0 0.0 0.0 0.0 0.0 0.0]
var_name = Last measurement in raw DN for Processor Board signal “3.3V Voltage”
var_name = voltage_3.3V_bus
Header info = 2040
Transformed value for voltage_3.3V_bus = 3.28791288
Matching row  18
coeffs for Last measurement in raw DN for HVPS Board signal “Detector Voltage”= [0.0 1.4652 0.0 0.0 0.0 0.0 0.0 0.0]
var_name = Last measurement in raw DN for HVPS Board signal “Detector Voltage”
var_name = detector_voltage
Header info = 1641
Transformed value for detector_voltage = 2404.3932
Matching row  18
coeffs for Last measurement in raw DN for HVPS Board signal “Sensor Voltage"= [0.0 1.4652 0.0 0.0 0.0 0.0 0.0 0.0]
var_name = Last measurement in raw DN for HVPS Board signal “Sensor Voltage"
var_name = sensor_voltage
Header info = 2012
Transformed value for sensor_voltage = 2947.9824000000003
Matching row  18
coeffs for Last measurement in raw DN for HVPS Board signal “Target Voltage”= [0.0 1.4652 0.0 0.0 0.0 0.0 0.0 0.0]
var_name = Last measurement in raw DN for HVPS Board signal “Target Voltage”
var_name = target_voltage
Header info = 1710
Transformed value for target_voltage = 2505.492
Matching row  18
coeffs for Last measurement in raw DN for HVPS Board signal “Reflectron Voltage”= [0.0 1.4652 0.0 0.0 0.0 0.0 0.0 0.0]
var_name = Last measurement in raw DN for HVPS Board signal “Reflectron Voltage”
var_name = reflectron_voltage
Header info = 135
Transformed value for reflectron_voltage = 197.80200000000002
Matching row  18
coeffs for Last measurement in raw DN for HVPS Board signal “Rejection Voltage”= [0.0 1.4652 0.0 0.0 0.0 0.0 0.0 0.0]
var_name = Last measurement in raw DN for HVPS Board signal “Rejection Voltage”
var_name = rejection_voltage
Header info = 2010
Transformed value for rejection_voltage = 2945.052
Matching row  18
coeffs for Last measurement in raw DN for HVPS Board signal “Detector Current”= [0.0 7.326e-06 0.0 0.0 0.0 0.0 0.0 0.0]
var_name = Last measurement in raw DN for HVPS Board signal “Detector Current”
var_name = current_hvps_sensor
Header info = 2339
Transformed value for current_hvps_sensor = 0.017135514
Matching row  18
coeffs for Last measurement in raw DN for HVPS Board signal “Sensor IP”= [0.0 2.4339e-05 0.0 0.0 0.0 0.0 0.0 0.0]
var_name = Last measurement in raw DN for HVPS Board signal “Sensor IP”
var_name = positive_current_hvps
Header info = 2704
Transformed value for positive_current_hvps = 0.065812656
Matching row  18
coeffs for Last measurement in raw DN for HVPS Board signal “Sensor IN”= [0.0 2.4339e-05 0.0 0.0 0.0 0.0 0.0 0.0]
var_name = Last measurement in raw DN for HVPS Board signal “Sensor IN”
var_name = negative_current_hvps
Header info = 305
Transformed value for negative_current_hvps = 0.007423394999999999
Matching row  18
coeffs for Last measurement in raw DN for LVPS Board signal “P3.3VREF_HK”= [0.0 0.00161172 0.0 0.0 0.0 0.0 0.0 0.0]
var_name = Last measurement in raw DN for LVPS Board signal “P3.3VREF_HK”
var_name = voltage_3V3_ref
Header info = 2048
Transformed value for voltage_3V3_ref = 3.30080256
Matching row  18
coeffs for Last measurement in raw DN for LVPS Board signal “P3.3VREF_OP”= [0.0 0.00161172 0.0 0.0 0.0 0.0 0.0 0.0]
var_name = Last measurement in raw DN for LVPS Board signal “P3.3VREF_OP”
var_name = voltage_3V3_op_ref
Header info = 2048
Transformed value for voltage_3V3_op_ref = 3.30080256
Matching row  18
coeffs for Last measurement in raw DN for LVPS Board signal “N6V”= [-33.0 0.00886447 0.0 0.0 0.0 0.0 0.0 0.0]
var_name = Last measurement in raw DN for LVPS Board signal “N6V”
var_name = voltage_neg6V_bus
Header info = 3001
Transformed value for voltage_neg6V_bus = -6.397725530000002
Matching row  18
coeffs for Last measurement in raw DN for LVPS Board signal “P6V”= [0.0 0.00241758 0.0 0.0 0.0 0.0 0.0 0.0]
var_name = Last measurement in raw DN for LVPS Board signal “P6V”
var_name = voltage_pos6V_bus
Header info = 2625
Transformed value for voltage_pos6V_bus = 6.3461475
Matching row  18
coeffs for Last measurement in raw DN for LVPS Board signal “P16V”= [0.0 0.00482711 0.0 0.0 0.0 0.0 0.0 0.0]
var_name = Last measurement in raw DN for LVPS Board signal “P16V”
var_name = voltage_pos16V_bus
Header info = 3178
Transformed value for voltage_pos16V_bus = 15.34055558
Matching row  18
coeffs for Last measurement in raw DN for LVPS Board signal “P3.3V”= [0.0 0.00161172 0.0 0.0 0.0 0.0 0.0 0.0]
var_name = Last measurement in raw DN for LVPS Board signal “P3.3V”
var_name = voltage_pos3V3_bus
Header info = 2056
Transformed value for voltage_pos3V3_bus = 3.31369632
Matching row  18
coeffs for Last measurement in raw DN for LVPS Board signal “N5V”= [-33.0 0.00886447 0.0 0.0 0.0 0.0 0.0 0.0]
var_name = Last measurement in raw DN for LVPS Board signal “N5V”
var_name = voltage_neg5V_bus
Header info = 3155
Transformed value for voltage_neg5V_bus = -5.032597150000001
Matching row  18
coeffs for Last measurement in raw DN for LVPS Board signal “P5V”= [0.0 0.00161172 0.0 0.0 0.0 0.0 0.0 0.0]
var_name = Last measurement in raw DN for LVPS Board signal “P5V”
var_name = voltage_pos5V_bus
Header info = 3142
Transformed value for voltage_pos5V_bus = 5.06402424
Matching row  18
coeffs for Last measurement in raw DN for LVPS Board signal “P3.3_IMON”= [0.0 0.00161172 0.0 0.0 0.0 0.0 0.0 0.0]
var_name = Last measurement in raw DN for LVPS Board signal “P3.3_IMON”
var_name = current_3V3_bus
Header info = 1688
Transformed value for current_3V3_bus = 2.72058336
Matching row  18
coeffs for Last measurement in raw DN for LVPS Board signal “P16V_IMON”= [0.0 0.000161172 0.0 0.0 0.0 0.0 0.0 0.0]
var_name = Last measurement in raw DN for LVPS Board signal “P16V_IMON”
var_name = current_16V_bus
Header info = 1140
Transformed value for current_16V_bus = 0.18373608
Matching row  18
coeffs for Last measurement in raw DN for LVPS Board signal “P6V_IMON”= [0.0 8.05861e-05 0.0 0.0 0.0 0.0 0.0 0.0]
var_name = Last measurement in raw DN for LVPS Board signal “P6V_IMON”
var_name = current_6V_bus
Header info = 1488
Transformed value for current_6V_bus = 0.1199121168
Matching row  18
coeffs for Last measurement in raw DN for LVPS Board signal “N6V_IMON”= [0.0 -8.05861e-05 0.0 0.0 0.0 0.0 0.0 0.0]
var_name = Last measurement in raw DN for LVPS Board signal “N6V_IMON”
var_name = current_neg6V_bus
Header info = 1140
Transformed value for current_neg6V_bus = -0.091868154
Matching row  18
coeffs for Last measurement in raw DN for LVPS Board signal “P5V_IMON”= [0.0 4.029304e-05 0.0 0.0 0.0 0.0 0.0 0.0]
var_name = Last measurement in raw DN for LVPS Board signal “P5V_IMON”
var_name = current_5V_bus
Header info = 1865
Transformed value for current_5V_bus = 0.0751465196
Matching row  18
coeffs for Last measurement in raw DN for LVPS Board signal “N5V_IMON”= [0.0 -2.01465e-05 0.0 0.0 0.0 0.0 0.0 0.0]
var_name = Last measurement in raw DN for LVPS Board signal “N5V_IMON”
var_name = current_neg5V_bus
Header info = 3288
Transformed value for current_neg5V_bus = -0.066241692
Matching row  18
coeffs for Last measurement in raw DN for LVPS Board signal “P2.5V_IMON”= [0.0 0.00161172 0.0 0.0 0.0 0.0 0.0 0.0]
var_name = Last measurement in raw DN for LVPS Board signal “P2.5V_IMON”
var_name = current_2V5_bus
Header info = 452
Transformed value for current_2V5_bus = 0.72849744
Matching row  18
coeffs for Last measurement in raw DN for LVPS Board signal “N2.5V_IMON”= [0.0 -4.0293e-05 0.0 0.0 0.0 0.0 0.0 0.0]
var_name = Last measurement in raw DN for LVPS Board signal “N2.5V_IMON”
var_name = current_neg2V5_bus
Header info = 2945
Transformed value for current_neg2V5_bus = -0.11866288500000001
Matching row  18
coeffs for Last measurement in raw DN for LVPS Board signal “THERM_DECON0”= [-110.293 0.0665351 0.000305738 -6.32048e-07 5.9934e-10 -2.98784e-13
 7.61361e-17 -7.76467e-21]
var_name = Last measurement in raw DN for LVPS Board signal “THERM_DECON0”
var_name = None
KeyError: (24, None) - Could not find entry for None, 38. Please check the Var_notes or variable mapping.
Matching row  18
coeffs for Last measurement in raw DN for LVPS Board signal “THERM_DECON1”= [-150.478 0.376986 -0.00062072 7.73853e-07 -5.81588e-10 2.56368e-13
 -6.05698e-17 5.96635e-21]
var_name = Last measurement in raw DN for LVPS Board signal “THERM_DECON1”
var_name = None
KeyError: (24, None) - Could not find entry for None, 39. Please check the Var_notes or variable mapping.
Matching row  18
coeffs for Last measurement in raw DN for LVPS Board signal “THERM_DAB”= [-443.248 1.31224 -0.00180422 1.40016e-06 -6.43766e-10 1.7448e-13
 -2.57695e-17 1.60239e-21]
var_name = Last measurement in raw DN for LVPS Board signal “THERM_DAB”
var_name = None
KeyError: (24, None) - Could not find entry for None, 40. Please check the Var_notes or variable mapping.
Matching row  18
coeffs for Last measurement in raw DN for LVPS Board signal “THERM_LVPS”= [200.4137 -0.2020699 0.000175403 -9.739547e-08 2.888932e-11 -3.545603e-15
 0.0 0.0]
var_name = Last measurement in raw DN for LVPS Board signal “THERM_LVPS”
var_name = None
KeyError: (24, None) - Could not find entry for None, 41. Please check the Var_notes or variable mapping.
Matching row  18
coeffs for Last measurement in raw DN for LVPS Board signal “THERM_HVPS”= [200.4137 -0.2020699 0.000175403 -9.739547e-08 2.888932e-11 -3.545603e-15
 0.0 0.0]
var_name = Last measurement in raw DN for LVPS Board signal “THERM_HVPS”
var_name = None
KeyError: (24, None) - Could not find entry for None, 45. Please check the Var_notes or variable mapping.
Matching row  18
coeffs for Last measurement in raw DN for LVPS Board signal “P2.5V”= [0.0 0.00161172 0.0 0.0 0.0 0.0 0.0 0.0]
var_name = Last measurement in raw DN for LVPS Board signal “P2.5V”
var_name = None
KeyError: (24, None) - Could not find entry for None, 49. Please check the Var_notes or variable mapping.
Matching row  18
coeffs for Last measurement in raw DN for LVPS Board signal “N2.5V”= [-33.0 0.00886447 0.0 0.0 0.0 0.0 0.0 0.0]
var_name = Last measurement in raw DN for LVPS Board signal “N2.5V”
var_name = None
KeyError: (24, None) - Could not find entry for None, 50. Please check the Var_notes or variable mapping.
Matching row  18
coeffs for Last measurement in raw DN for LVPS Board signal “Spare”= [0.0 0.00161172 0.0 0.0 0.0 0.0 0.0 0.0]
var_name = Last measurement in raw DN for LVPS Board signal “Spare”
var_name = spare_signal
KeyError: (24, 'spare_signal') - Could not find entry for spare_signal, 51. Please check the Var_notes or variable mapping.
High gain delay = 86 samples.
Mid gain delay = 55 samples.
Low gain delay = 55 samples.
High sampling trigger mode =  0 0 1
High gain trigger mode enabled.
For 2222981120, HG Trigger level = 0.15317, sample settings = 0, 0
Threshold trigger mode enabled for high gain channel.
AID = 2415277392
Event number = 105
Rice compression enabled = False
Timestamp = 439515565.67788 seconds since epoch (Midnight January 1st, 2010)
Trigger time = 2023-12-05T23:39:25.677880Z
24
24
24
24
24
24
24
24
24
24
24
24
24
{'SHCOARSE': ParsedDataItem(SHCOARSE, raw=439516000, derived=439516000, unit=dn), 'SHFINE': ParsedDataItem(SHFINE, raw=9325, derived=9325, unit=dn), 'IDX__SCI0AID': ParsedDataItem(IDX__SCI0AID, raw=2415277392, derived=2415277392, unit=None), 'IDX__SCI0TYPE': ParsedDataItem(IDX__SCI0TYPE, raw=1, derived=1, unit=None), 'IDX__SCI0CONT': ParsedDataItem(IDX__SCI0CONT, raw=127, derived=127, unit=None), 'IDX__SCI0SPARE1': ParsedDataItem(IDX__SCI0SPARE1, raw=0, derived=0, unit=None), 'IDX__SCI0PACK': ParsedDataItem(IDX__SCI0PACK, raw=1, derived=EN, unit=None), 'IDX__SCI0FRAG': ParsedDataItem(IDX__SCI0FRAG, raw=0, derived=DS, unit=None), 'IDX__SCI0COMP': ParsedDataItem(IDX__SCI0COMP, raw=0, derived=DS, unit=None), 'IDX__SCI0EVTNUM': ParsedDataItem(IDX__SCI0EVTNUM, raw=106, derived=106, unit=None), 'IDX__SCI0CAT': ParsedDataItem(IDX__SCI0CAT, raw=32, derived=32, unit=None), 'IDX__SCI0QUAL': ParsedDataItem(IDX__SCI0QUAL, raw=5, derived=5, unit=None), 'IDX__SCI0FRAGOFF': ParsedDataItem(IDX__SCI0FRAGOFF, raw=0, derived=0, unit=None), 'IDX__SCI0VER': ParsedDataItem(IDX__SCI0VER, raw=9, derived=9, unit=None), 'IDX__SCI0TIME32': ParsedDataItem(IDX__SCI0TIME32, raw=439515567, derived=439515567, unit=None), 'IDX__SCI0SPARE2': ParsedDataItem(IDX__SCI0SPARE2, raw=0, derived=0, unit=None), 'IDX__SCI0SPARE3': ParsedDataItem(IDX__SCI0SPARE3, raw=0, derived=0, unit=None), 'IDX__SCI0SPARE4': ParsedDataItem(IDX__SCI0SPARE4, raw=0, derived=0, unit=None), 'IDX__TXHDRSCIEVTLEN': ParsedDataItem(IDX__TXHDRSCIEVTLEN, raw=8320, derived=8320, unit=None), 'IDX__TXHDRSP00': ParsedDataItem(IDX__TXHDRSP00, raw=0, derived=0, unit=None), 'IDX__TXHDRTIMESEC1': ParsedDataItem(IDX__TXHDRTIMESEC1, raw=6706, derived=6706, unit=None), 'IDX__TXHDRTIMESEC2': ParsedDataItem(IDX__TXHDRTIMESEC2, raw=31151, derived=31151, unit=None), 'IDX__TXHDRTIMESUBS': ParsedDataItem(IDX__TXHDRTIMESUBS, raw=33888, derived=33888, unit=None), 'IDX__TXHDRSP01': ParsedDataItem(IDX__TXHDRSP01, raw=0, derived=0, unit=None), 'IDX__TXHDRTRIGOFFSET': ParsedDataItem(IDX__TXHDRTRIGOFFSET, raw=1, derived=1, unit=None), 'IDX__TXHDRSP02': ParsedDataItem(IDX__TXHDRSP02, raw=0, derived=0, unit=None), 'IDX__TXHDRTRIGID': ParsedDataItem(IDX__TXHDRTRIGID, raw=1, derived=1, unit=None), 'IDX__TXHDREVTNUM': ParsedDataItem(IDX__TXHDREVTNUM, raw=106, derived=106, unit=None), 'IDX__TXHDRBLOCKS': ParsedDataItem(IDX__TXHDRBLOCKS, raw=243679, derived=243679, unit=None), 'IDX__TXHDRHGTRIGCTRL1': ParsedDataItem(IDX__TXHDRHGTRIGCTRL1, raw=2222981120, derived=2222981120, unit=None), 'IDX__TXHDRHGTRIGCTRL2': ParsedDataItem(IDX__TXHDRHGTRIGCTRL2, raw=0, derived=0, unit=None), 'IDX__TXHDRLGTRIGCTRL1': ParsedDataItem(IDX__TXHDRLGTRIGCTRL1, raw=4294965248, derived=4294965248, unit=None), 'IDX__TXHDRLGTRIGCTRL2': ParsedDataItem(IDX__TXHDRLGTRIGCTRL2, raw=4278255360, derived=4278255360, unit=None), 'IDX__TXHDRMGTRIGCTRL1': ParsedDataItem(IDX__TXHDRMGTRIGCTRL1, raw=4294965248, derived=4294965248, unit=None), 'IDX__TXHDRMGTRIGCTRL2': ParsedDataItem(IDX__TXHDRMGTRIGCTRL2, raw=4278255360, derived=4278255360, unit=None), 'IDX__TXHDRSP03': ParsedDataItem(IDX__TXHDRSP03, raw=0, derived=0, unit=None), 'IDX__TXHDRLSADC': ParsedDataItem(IDX__TXHDRLSADC, raw=1048320, derived=1048320, unit=None), 'IDX__TXHDRPOLSTAT': ParsedDataItem(IDX__TXHDRPOLSTAT, raw=1, derived=NEG, unit=None), 'IDX__TXHDRSP04': ParsedDataItem(IDX__TXHDRSP04, raw=0, derived=0, unit=None), 'IDX__TXHDRPOLCTRL': ParsedDataItem(IDX__TXHDRPOLCTRL, raw=0, derived=POS, unit=None), 'IDX__TXHDRCOINENA': ParsedDataItem(IDX__TXHDRCOINENA, raw=0, derived=DIS, unit=None), 'IDX__TXHDRLSTRIGMODE': ParsedDataItem(IDX__TXHDRLSTRIGMODE, raw=0, derived=DIS, unit=None), 'IDX__TXHDRMGTRIGMODE': ParsedDataItem(IDX__TXHDRMGTRIGMODE, raw=0, derived=0, unit=None), 'IDX__TXHDRLGTRIGMODE': ParsedDataItem(IDX__TXHDRLGTRIGMODE, raw=0, derived=0, unit=None), 'IDX__TXHDRHGTRIGMODE': ParsedDataItem(IDX__TXHDRHGTRIGMODE, raw=1, derived=1, unit=None), 'IDX__TXHDRSP05': ParsedDataItem(IDX__TXHDRSP05, raw=0, derived=0, unit=None), 'IDX__TXHDRSP06': ParsedDataItem(IDX__TXHDRSP06, raw=0, derived=0, unit=None), 'IDX__TXHDRSP07': ParsedDataItem(IDX__TXHDRSP07, raw=2020, derived=2020, unit=None), 'IDX__TXHDRSP08': ParsedDataItem(IDX__TXHDRSP08, raw=0, derived=0, unit=None), 'IDX__TXHDRTOFMAX': ParsedDataItem(IDX__TXHDRTOFMAX, raw=568859647, derived=568859647, unit=None), 'IDX__TXHDRTOFMIN': ParsedDataItem(IDX__TXHDRTOFMIN, raw=535295473, derived=535295473, unit=None), 'IDX__TXHDRLS0MAXMIN': ParsedDataItem(IDX__TXHDRLS0MAXMIN, raw=8468493, derived=8468493, unit=None), 'IDX__TXHDRLS1MAXMIN': ParsedDataItem(IDX__TXHDRLS1MAXMIN, raw=8452072, derived=8452072, unit=None), 'IDX__TXHDRLS2MAXMIN': ParsedDataItem(IDX__TXHDRLS2MAXMIN, raw=8456164, derived=8456164, unit=None), 'IDX__TXHDRFIFODELAY': ParsedDataItem(IDX__TXHDRFIFODELAY, raw=16, derived=16, unit=None), 'IDX__TXHDRSAMPDELAY': ParsedDataItem(IDX__TXHDRSAMPDELAY, raw=7347239, derived=7347239, unit=None), 'IDX__TXHDRTRANSCNT': ParsedDataItem(IDX__TXHDRTRANSCNT, raw=8, derived=8, unit=None), 'IDX__TXHDRPROCHKCH01': ParsedDataItem(IDX__TXHDRPROCHKCH01, raw=83821393, derived=83821393, unit=None), 'IDX__TXHDRPROCHKCH23': ParsedDataItem(IDX__TXHDRPROCHKCH23, raw=102302894, derived=102302894, unit=None), 'IDX__TXHDRPROCHKCH45': ParsedDataItem(IDX__TXHDRPROCHKCH45, raw=167970010, derived=167970010, unit=None), 'IDX__TXHDRPROCHKCH67': ParsedDataItem(IDX__TXHDRPROCHKCH67, raw=133695768, derived=133695768, unit=None), 'IDX__TXHDRHVPSHKCH01': ParsedDataItem(IDX__TXHDRHVPSHKCH01, raw=131860073, derived=131860073, unit=None), 'IDX__TXHDRHVPSHKCH23': ParsedDataItem(IDX__TXHDRHVPSHKCH23, raw=8849070, derived=8849070, unit=None), 'IDX__TXHDRHVPSHKCH45': ParsedDataItem(IDX__TXHDRHVPSHKCH45, raw=153290714, derived=153290714, unit=None), 'IDX__TXHDRHVPSHKCH67': ParsedDataItem(IDX__TXHDRHVPSHKCH67, raw=19991184, derived=19991184, unit=None), 'IDX__TXHDRLVHK0CH01': ParsedDataItem(IDX__TXHDRLVHK0CH01, raw=134219776, derived=134219776, unit=None), 'IDX__TXHDRLVHK0CH23': ParsedDataItem(IDX__TXHDRLVHK0CH23, raw=172035001, derived=172035001, unit=None), 'IDX__TXHDRLVHK0CH45': ParsedDataItem(IDX__TXHDRLVHK0CH45, raw=134745194, derived=134745194, unit=None), 'IDX__TXHDRLVHK0CH67': ParsedDataItem(IDX__TXHDRLVHK0CH67, raw=205917267, derived=205917267, unit=None), 'IDX__TXHDRLVHK1CH01': ParsedDataItem(IDX__TXHDRLVHK1CH01, raw=34801304, derived=34801304, unit=None), 'IDX__TXHDRLVHK1CH23': ParsedDataItem(IDX__TXHDRLVHK1CH23, raw=74712528, derived=74712528, unit=None), 'IDX__TXHDRLVHK1CH45': ParsedDataItem(IDX__TXHDRLVHK1CH45, raw=215484233, derived=215484233, unit=None), 'IDX__TXHDRLVHK1CH67': ParsedDataItem(IDX__TXHDRLVHK1CH67, raw=193003972, derived=193003972, unit=None), 'IDX__TXHDRLVHK2CH01': ParsedDataItem(IDX__TXHDRLVHK2CH01, raw=82314476, derived=82314476, unit=None), 'IDX__TXHDRLVHK2CH23': ParsedDataItem(IDX__TXHDRLVHK2CH23, raw=188680971, derived=188680971, unit=None), 'IDX__TXHDRLVHK2CH45': ParsedDataItem(IDX__TXHDRLVHK2CH45, raw=101059604, derived=101059604, unit=None), 'IDX__TXHDRLVHK2CH67': ParsedDataItem(IDX__TXHDRLVHK2CH67, raw=69016, derived=69016, unit=None), 'IDX__TXHDRSP09': ParsedDataItem(IDX__TXHDRSP09, raw=0, derived=0, unit=None), 'IDX__TXHDRSP10': ParsedDataItem(IDX__TXHDRSP10, raw=0, derived=0, unit=None), 'IDX__TXHDRFSWAIDCOPY': ParsedDataItem(IDX__TXHDRFSWAIDCOPY, raw=2415277392, derived=2415277392, unit=None), 'IDX__TXHDRFSWBINCOPY': ParsedDataItem(IDX__TXHDRFSWBINCOPY, raw=0, derived=0, unit=None), 'IDX__TXHDRFSWMAJOR': ParsedDataItem(IDX__TXHDRFSWMAJOR, raw=2, derived=2, unit=None), 'IDX__TXHDRFSWMINOR': ParsedDataItem(IDX__TXHDRFSWMINOR, raw=0, derived=0, unit=None), 'IDX__TXHDRFSWPATCH': ParsedDataItem(IDX__TXHDRFSWPATCH, raw=0, derived=0, unit=None), 'IDX__TXHDRFSWHVSTAT': ParsedDataItem(IDX__TXHDRFSWHVSTAT, raw=3, derived=3, unit=None), 'IDX__TXHDRFSWMEM0': ParsedDataItem(IDX__TXHDRFSWMEM0, raw=0, derived=0, unit=None), 'IDX__TXHDRFSWMEM1': ParsedDataItem(IDX__TXHDRFSWMEM1, raw=0, derived=0, unit=None), 'IDX__TXHDRFSWPT0': ParsedDataItem(IDX__TXHDRFSWPT0, raw=0, derived=0, unit=None), 'IDX__TXHDRFSWPT1': ParsedDataItem(IDX__TXHDRFSWPT1, raw=0, derived=0, unit=None), 'IDX__TXHDRFSWPT2': ParsedDataItem(IDX__TXHDRFSWPT2, raw=0, derived=0, unit=None), 'IDX__TXHDRFSWPT3': ParsedDataItem(IDX__TXHDRFSWPT3, raw=0, derived=0, unit=None), 'IDX__TXHDRFSWPT4': ParsedDataItem(IDX__TXHDRFSWPT4, raw=0, derived=0, unit=None), 'IDX__TXHDRFSWPT5': ParsedDataItem(IDX__TXHDRFSWPT5, raw=0, derived=0, unit=None), 'IDX__TXHDRFSWPT6': ParsedDataItem(IDX__TXHDRFSWPT6, raw=0, derived=0, unit=None), 'IDX__TXHDRFSWPT7': ParsedDataItem(IDX__TXHDRFSWPT7, raw=0, derived=0, unit=None), 'IDX__TXHDRFSWPT8': ParsedDataItem(IDX__TXHDRFSWPT8, raw=0, derived=0, unit=None), 'IDX__TXHDRFSWPT9': ParsedDataItem(IDX__TXHDRFSWPT9, raw=0, derived=0, unit=None), 'IDX__TXHDRFPGAVER': ParsedDataItem(IDX__TXHDRFPGAVER, raw=539165480, derived=539165480, unit=None), 'IDX__SYNCSCI0PKT': ParsedDataItem(IDX__SYNCSCI0PKT, raw=13107, derived=13107, unit=None), 'IDX__CRCSCI0PKT': ParsedDataItem(IDX__CRCSCI0PKT, raw=10576, derived=10576, unit=None)}
SHCOARSE = 439516000
SHFINE = 9325
IDX__SCI0AID = 2415277392
IDX__SCI0TYPE = 1
IDX__SCI0CONT = 127
IDX__SCI0SPARE1 = 0
IDX__SCI0PACK = EN
IDX__SCI0FRAG = DS
IDX__SCI0COMP = DS
IDX__SCI0EVTNUM = 106
IDX__SCI0CAT = 32
IDX__SCI0QUAL = 5
IDX__SCI0FRAGOFF = 0
IDX__SCI0VER = 9
IDX__SCI0TIME32 = 439515567
IDX__SCI0SPARE2 = 0
IDX__SCI0SPARE3 = 0
IDX__SCI0SPARE4 = 0
IDX__TXHDRSCIEVTLEN = 8320
IDX__TXHDRSP00 = 0
IDX__TXHDRTIMESEC1 = 6706
IDX__TXHDRTIMESEC2 = 31151
IDX__TXHDRTIMESUBS = 33888
IDX__TXHDRSP01 = 0
IDX__TXHDRTRIGOFFSET = 1
IDX__TXHDRSP02 = 0
IDX__TXHDRTRIGID = 1
IDX__TXHDREVTNUM = 106
IDX__TXHDRBLOCKS = 243679
IDX__TXHDRHGTRIGCTRL1 = 2222981120
IDX__TXHDRHGTRIGCTRL2 = 0
IDX__TXHDRLGTRIGCTRL1 = 4294965248
IDX__TXHDRLGTRIGCTRL2 = 4278255360
IDX__TXHDRMGTRIGCTRL1 = 4294965248
IDX__TXHDRMGTRIGCTRL2 = 4278255360
IDX__TXHDRSP03 = 0
IDX__TXHDRLSADC = 1048320
IDX__TXHDRPOLSTAT = NEG
IDX__TXHDRSP04 = 0
IDX__TXHDRPOLCTRL = POS
IDX__TXHDRCOINENA = DIS
IDX__TXHDRLSTRIGMODE = DIS
IDX__TXHDRMGTRIGMODE = 0
IDX__TXHDRLGTRIGMODE = 0
IDX__TXHDRHGTRIGMODE = 1
IDX__TXHDRSP05 = 0
IDX__TXHDRSP06 = 0
IDX__TXHDRSP07 = 2020
IDX__TXHDRSP08 = 0
IDX__TXHDRTOFMAX = 568859647
IDX__TXHDRTOFMIN = 535295473
IDX__TXHDRLS0MAXMIN = 8468493
IDX__TXHDRLS1MAXMIN = 8452072
IDX__TXHDRLS2MAXMIN = 8456164
IDX__TXHDRFIFODELAY = 16
IDX__TXHDRSAMPDELAY = 7347239
IDX__TXHDRTRANSCNT = 8
IDX__TXHDRPROCHKCH01 = 83821393
IDX__TXHDRPROCHKCH23 = 102302894
IDX__TXHDRPROCHKCH45 = 167970010
IDX__TXHDRPROCHKCH67 = 133695768
IDX__TXHDRHVPSHKCH01 = 131860073
IDX__TXHDRHVPSHKCH23 = 8849070
IDX__TXHDRHVPSHKCH45 = 153290714
IDX__TXHDRHVPSHKCH67 = 19991184
IDX__TXHDRLVHK0CH01 = 134219776
IDX__TXHDRLVHK0CH23 = 172035001
IDX__TXHDRLVHK0CH45 = 134745194
IDX__TXHDRLVHK0CH67 = 205917267
IDX__TXHDRLVHK1CH01 = 34801304
IDX__TXHDRLVHK1CH23 = 74712528
IDX__TXHDRLVHK1CH45 = 215484233
IDX__TXHDRLVHK1CH67 = 193003972
IDX__TXHDRLVHK2CH01 = 82314476
IDX__TXHDRLVHK2CH23 = 188680971
IDX__TXHDRLVHK2CH45 = 101059604
IDX__TXHDRLVHK2CH67 = 69016
IDX__TXHDRSP09 = 0
IDX__TXHDRSP10 = 0
IDX__TXHDRFSWAIDCOPY = 2415277392
IDX__TXHDRFSWBINCOPY = 0
IDX__TXHDRFSWMAJOR = 2
IDX__TXHDRFSWMINOR = 0
IDX__TXHDRFSWPATCH = 0
IDX__TXHDRFSWHVSTAT = 3
IDX__TXHDRFSWMEM0 = 0
IDX__TXHDRFSWMEM1 = 0
IDX__TXHDRFSWPT0 = 0
IDX__TXHDRFSWPT1 = 0
IDX__TXHDRFSWPT2 = 0
IDX__TXHDRFSWPT3 = 0
IDX__TXHDRFSWPT4 = 0
IDX__TXHDRFSWPT5 = 0
IDX__TXHDRFSWPT6 = 0
IDX__TXHDRFSWPT7 = 0
IDX__TXHDRFSWPT8 = 0
IDX__TXHDRFSWPT9 = 0
IDX__TXHDRFPGAVER = 539165480
IDX__SYNCSCI0PKT = 13107
IDX__CRCSCI0PKT = 10576
^*****Event header 25******^
EVTNUM: 25
SCI0TYPE: 1
TXHDRBLOCKS RAW: 243679
TXHDRBLOCKS DERIVED: 243679
-----
HS pre trig sampling blocks:  31
LS pre trig sampling blocks:  3
HS post trig sampling blocks:  31
LS post trig sampling blocks:  11
IDX__TXHDRHVPSHKCH01 = 131860073
Detector voltage =  1641
Sensor voltage =  2012
Target voltage =  1710
Reflectron voltage =  135
Rejection voltage =  2010
Current for HVPS sensor =  2339
Positive current for HVPS sensor =  2704
Negative current for HVPS sensor =  305
Voltage +3.3V reference =  2048
Voltage +3.3V operational reference =  2048
Voltage -6V bus =  3001
Voltage +6V bus =  2625
Voltage +16V bus =  3178
Voltage +3.3V bus =  2056
Voltage -5V bus =  3155
Voltage +5V bus =  3142
Current +3.3V bus =  1688
Current +16V bus =  1140
Current +6V bus =  1488
Current -6V bus =  1140
Current +5V bus =  1865
Current -5V bus =  3288
Current +2.5V bus =  452
Current -2.5V bus =  2945
Current on the 1V POL =  849
Current on the 1.9V POL =  1279
ProcBd Temperature 1 =  1198
ProcBd Temperature 2 =  1561
Voltage on 1V bus =  1242
FPGA Temperature =  2563
Voltage on 1.9V bus =  2328
Voltage on 3.3V bus =  2040
var_to_row = {'Last measurement in raw DN for Processor Board signal “1V POL Current”': 0, 'Last measurement in raw DN for Processor Board signal “1.9V POL Current”': 1, 'Last measurement in raw DN for Processor Board signal “ProcBd Temp1”': 2, nan: 48, 'Last measurement in raw DN for Processor Board signal “ProcBd Temp2”': 6, 'Last measurement in raw DN for Processor Board signal “1V Voltage”': 10, 'Last measurement in raw DN for Processor Board signal “FPGA Temp”': 11, 'Last measurement in raw DN for Processor Board signal “1.9V Voltage”': 12, 'Last measurement in raw DN for Processor Board signal “3.3V Voltage”': 13, 'Last measurement in raw DN for HVPS Board signal “Detector Voltage”': 14, 'Last measurement in raw DN for HVPS Board signal “Sensor Voltage"': 15, 'Last measurement in raw DN for HVPS Board signal “Target Voltage”': 16, 'Last measurement in raw DN for HVPS Board signal “Reflectron Voltage”': 17, 'Last measurement in raw DN for HVPS Board signal “Rejection Voltage”': 18, 'Last measurement in raw DN for HVPS Board signal “Detector Current”': 19, 'Last measurement in raw DN for HVPS Board signal “Sensor IP”': 20, 'Last measurement in raw DN for HVPS Board signal “Sensor IN”': 21, 'Last measurement in raw DN for LVPS Board signal “P3.3VREF_HK”': 22, 'Last measurement in raw DN for LVPS Board signal “P3.3VREF_OP”': 23, 'Last measurement in raw DN for LVPS Board signal “N6V”': 24, 'Last measurement in raw DN for LVPS Board signal “P6V”': 25, 'Last measurement in raw DN for LVPS Board signal “P16V”': 26, 'Last measurement in raw DN for LVPS Board signal “P3.3V”': 27, 'Last measurement in raw DN for LVPS Board signal “N5V”': 28, 'Last measurement in raw DN for LVPS Board signal “P5V”': 29, 'Last measurement in raw DN for LVPS Board signal “P3.3_IMON”': 30, 'Last measurement in raw DN for LVPS Board signal “P16V_IMON”': 31, 'Last measurement in raw DN for LVPS Board signal “P6V_IMON”': 32, 'Last measurement in raw DN for LVPS Board signal “N6V_IMON”': 33, 'Last measurement in raw DN for LVPS Board signal “P5V_IMON”': 34, 'Last measurement in raw DN for LVPS Board signal “N5V_IMON”': 35, 'Last measurement in raw DN for LVPS Board signal “P2.5V_IMON”': 36, 'Last measurement in raw DN for LVPS Board signal “N2.5V_IMON”': 37, 'Last measurement in raw DN for LVPS Board signal “THERM_DECON0”': 38, 'Last measurement in raw DN for LVPS Board signal “THERM_DECON1”': 39, 'Last measurement in raw DN for LVPS Board signal “THERM_DAB”': 40, 'Last measurement in raw DN for LVPS Board signal “THERM_LVPS”': 41, 'Last measurement in raw DN for LVPS Board signal “THERM_HVPS”': 45, 'Last measurement in raw DN for LVPS Board signal “P2.5V”': 49, 'Last measurement in raw DN for LVPS Board signal “N2.5V”': 50, 'Last measurement in raw DN for LVPS Board signal “Spare”': 51}

 
 ***** var_name being converted for each instrument setting ***** 
 

Matching row  18
coeffs for Last measurement in raw DN for Processor Board signal “1V POL Current”= [0.0 0.9029253 0.0 0.0 0.0 0.0 0.0 0.0]
var_name = Last measurement in raw DN for Processor Board signal “1V POL Current”
var_name = current_1V_pol
Header info = 849
Transformed value for current_1V_pol = 766.5835797000001
Matching row  18
coeffs for Last measurement in raw DN for Processor Board signal “1.9V POL Current”= [0.0 0.9029253 0.0 0.0 0.0 0.0 0.0 0.0]
var_name = Last measurement in raw DN for Processor Board signal “1.9V POL Current”
var_name = current_1.9V_pol
Header info = 1279
Transformed value for current_1.9V_pol = 1154.8414587
Matching row  18
coeffs for Last measurement in raw DN for Processor Board signal “ProcBd Temp1”= [162.8276 -0.2668687 0.0003323794 -2.43153e-07 9.034532e-11 -1.327735e-14
 0.0 0.0]
var_name = Last measurement in raw DN for Processor Board signal “ProcBd Temp1”
var_name = temperature_1
Header info = 1198
Transformed value for temperature_1 = 55.41044834983295
Matching row  18
coeffs for nan= [-104713.9 52.02446 -0.006463374 0.0 0.0 0.0 0.0 0.0]
var_name = nan
var_name = None
KeyError: (25, None) - Could not find entry for None, 48. Please check the Var_notes or variable mapping.
Matching row  18
coeffs for Last measurement in raw DN for Processor Board signal “ProcBd Temp2”= [162.8276 -0.2668687 0.0003323794 -2.43153e-07 9.034532e-11 -1.327735e-14
 0.0 0.0]
var_name = Last measurement in raw DN for Processor Board signal “ProcBd Temp2”
var_name = temperature_2
Header info = 1561
Transformed value for temperature_2 = 44.64778748986298
Matching row  18
coeffs for Last measurement in raw DN for Processor Board signal “1V Voltage”= [0.0 0.000805861 0.0 0.0 0.0 0.0 0.0 0.0]
var_name = Last measurement in raw DN for Processor Board signal “1V Voltage”
var_name = voltage_1V_bus
Header info = 1242
Transformed value for voltage_1V_bus = 1.0008793619999998
Matching row  18
coeffs for Last measurement in raw DN for Processor Board signal “FPGA Temp”= [358.31 -0.1187104 0.0 0.0 0.0 0.0 0.0 0.0]
var_name = Last measurement in raw DN for Processor Board signal “FPGA Temp”
var_name = fpga_temperature
Header info = 2563
Transformed value for fpga_temperature = 54.055244800000025
Matching row  18
coeffs for Last measurement in raw DN for Processor Board signal “1.9V Voltage”= [0.0 0.000805861 0.0 0.0 0.0 0.0 0.0 0.0]
var_name = Last measurement in raw DN for Processor Board signal “1.9V Voltage”
var_name = voltage_1.9V_bus
Header info = 2328
Transformed value for voltage_1.9V_bus = 1.8760444079999998
Matching row  18
coeffs for Last measurement in raw DN for Processor Board signal “3.3V Voltage”= [0.0 0.001611722 0.0 0.0 0.0 0.0 0.0 0.0]
var_name = Last measurement in raw DN for Processor Board signal “3.3V Voltage”
var_name = voltage_3.3V_bus
Header info = 2040
Transformed value for voltage_3.3V_bus = 3.28791288
Matching row  18
coeffs for Last measurement in raw DN for HVPS Board signal “Detector Voltage”= [0.0 1.4652 0.0 0.0 0.0 0.0 0.0 0.0]
var_name = Last measurement in raw DN for HVPS Board signal “Detector Voltage”
var_name = detector_voltage
Header info = 1641
Transformed value for detector_voltage = 2404.3932
Matching row  18
coeffs for Last measurement in raw DN for HVPS Board signal “Sensor Voltage"= [0.0 1.4652 0.0 0.0 0.0 0.0 0.0 0.0]
var_name = Last measurement in raw DN for HVPS Board signal “Sensor Voltage"
var_name = sensor_voltage
Header info = 2012
Transformed value for sensor_voltage = 2947.9824000000003
Matching row  18
coeffs for Last measurement in raw DN for HVPS Board signal “Target Voltage”= [0.0 1.4652 0.0 0.0 0.0 0.0 0.0 0.0]
var_name = Last measurement in raw DN for HVPS Board signal “Target Voltage”
var_name = target_voltage
Header info = 1710
Transformed value for target_voltage = 2505.492
Matching row  18
coeffs for Last measurement in raw DN for HVPS Board signal “Reflectron Voltage”= [0.0 1.4652 0.0 0.0 0.0 0.0 0.0 0.0]
var_name = Last measurement in raw DN for HVPS Board signal “Reflectron Voltage”
var_name = reflectron_voltage
Header info = 135
Transformed value for reflectron_voltage = 197.80200000000002
Matching row  18
coeffs for Last measurement in raw DN for HVPS Board signal “Rejection Voltage”= [0.0 1.4652 0.0 0.0 0.0 0.0 0.0 0.0]
var_name = Last measurement in raw DN for HVPS Board signal “Rejection Voltage”
var_name = rejection_voltage
Header info = 2010
Transformed value for rejection_voltage = 2945.052
Matching row  18
coeffs for Last measurement in raw DN for HVPS Board signal “Detector Current”= [0.0 7.326e-06 0.0 0.0 0.0 0.0 0.0 0.0]
var_name = Last measurement in raw DN for HVPS Board signal “Detector Current”
var_name = current_hvps_sensor
Header info = 2339
Transformed value for current_hvps_sensor = 0.017135514
Matching row  18
coeffs for Last measurement in raw DN for HVPS Board signal “Sensor IP”= [0.0 2.4339e-05 0.0 0.0 0.0 0.0 0.0 0.0]
var_name = Last measurement in raw DN for HVPS Board signal “Sensor IP”
var_name = positive_current_hvps
Header info = 2704
Transformed value for positive_current_hvps = 0.065812656
Matching row  18
coeffs for Last measurement in raw DN for HVPS Board signal “Sensor IN”= [0.0 2.4339e-05 0.0 0.0 0.0 0.0 0.0 0.0]
var_name = Last measurement in raw DN for HVPS Board signal “Sensor IN”
var_name = negative_current_hvps
Header info = 305
Transformed value for negative_current_hvps = 0.007423394999999999
Matching row  18
coeffs for Last measurement in raw DN for LVPS Board signal “P3.3VREF_HK”= [0.0 0.00161172 0.0 0.0 0.0 0.0 0.0 0.0]
var_name = Last measurement in raw DN for LVPS Board signal “P3.3VREF_HK”
var_name = voltage_3V3_ref
Header info = 2048
Transformed value for voltage_3V3_ref = 3.30080256
Matching row  18
coeffs for Last measurement in raw DN for LVPS Board signal “P3.3VREF_OP”= [0.0 0.00161172 0.0 0.0 0.0 0.0 0.0 0.0]
var_name = Last measurement in raw DN for LVPS Board signal “P3.3VREF_OP”
var_name = voltage_3V3_op_ref
Header info = 2048
Transformed value for voltage_3V3_op_ref = 3.30080256
Matching row  18
coeffs for Last measurement in raw DN for LVPS Board signal “N6V”= [-33.0 0.00886447 0.0 0.0 0.0 0.0 0.0 0.0]
var_name = Last measurement in raw DN for LVPS Board signal “N6V”
var_name = voltage_neg6V_bus
Header info = 3001
Transformed value for voltage_neg6V_bus = -6.397725530000002
Matching row  18
coeffs for Last measurement in raw DN for LVPS Board signal “P6V”= [0.0 0.00241758 0.0 0.0 0.0 0.0 0.0 0.0]
var_name = Last measurement in raw DN for LVPS Board signal “P6V”
var_name = voltage_pos6V_bus
Header info = 2625
Transformed value for voltage_pos6V_bus = 6.3461475
Matching row  18
coeffs for Last measurement in raw DN for LVPS Board signal “P16V”= [0.0 0.00482711 0.0 0.0 0.0 0.0 0.0 0.0]
var_name = Last measurement in raw DN for LVPS Board signal “P16V”
var_name = voltage_pos16V_bus
Header info = 3178
Transformed value for voltage_pos16V_bus = 15.34055558
Matching row  18
coeffs for Last measurement in raw DN for LVPS Board signal “P3.3V”= [0.0 0.00161172 0.0 0.0 0.0 0.0 0.0 0.0]
var_name = Last measurement in raw DN for LVPS Board signal “P3.3V”
var_name = voltage_pos3V3_bus
Header info = 2056
Transformed value for voltage_pos3V3_bus = 3.31369632
Matching row  18
coeffs for Last measurement in raw DN for LVPS Board signal “N5V”= [-33.0 0.00886447 0.0 0.0 0.0 0.0 0.0 0.0]
var_name = Last measurement in raw DN for LVPS Board signal “N5V”
var_name = voltage_neg5V_bus
Header info = 3155
Transformed value for voltage_neg5V_bus = -5.032597150000001
Matching row  18
coeffs for Last measurement in raw DN for LVPS Board signal “P5V”= [0.0 0.00161172 0.0 0.0 0.0 0.0 0.0 0.0]
var_name = Last measurement in raw DN for LVPS Board signal “P5V”
var_name = voltage_pos5V_bus
Header info = 3142
Transformed value for voltage_pos5V_bus = 5.06402424
Matching row  18
coeffs for Last measurement in raw DN for LVPS Board signal “P3.3_IMON”= [0.0 0.00161172 0.0 0.0 0.0 0.0 0.0 0.0]
var_name = Last measurement in raw DN for LVPS Board signal “P3.3_IMON”
var_name = current_3V3_bus
Header info = 1688
Transformed value for current_3V3_bus = 2.72058336
Matching row  18
coeffs for Last measurement in raw DN for LVPS Board signal “P16V_IMON”= [0.0 0.000161172 0.0 0.0 0.0 0.0 0.0 0.0]
var_name = Last measurement in raw DN for LVPS Board signal “P16V_IMON”
var_name = current_16V_bus
Header info = 1140
Transformed value for current_16V_bus = 0.18373608
Matching row  18
coeffs for Last measurement in raw DN for LVPS Board signal “P6V_IMON”= [0.0 8.05861e-05 0.0 0.0 0.0 0.0 0.0 0.0]
var_name = Last measurement in raw DN for LVPS Board signal “P6V_IMON”
var_name = current_6V_bus
Header info = 1488
Transformed value for current_6V_bus = 0.1199121168
Matching row  18
coeffs for Last measurement in raw DN for LVPS Board signal “N6V_IMON”= [0.0 -8.05861e-05 0.0 0.0 0.0 0.0 0.0 0.0]
var_name = Last measurement in raw DN for LVPS Board signal “N6V_IMON”
var_name = current_neg6V_bus
Header info = 1140
Transformed value for current_neg6V_bus = -0.091868154
Matching row  18
coeffs for Last measurement in raw DN for LVPS Board signal “P5V_IMON”= [0.0 4.029304e-05 0.0 0.0 0.0 0.0 0.0 0.0]
var_name = Last measurement in raw DN for LVPS Board signal “P5V_IMON”
var_name = current_5V_bus
Header info = 1865
Transformed value for current_5V_bus = 0.0751465196
Matching row  18
coeffs for Last measurement in raw DN for LVPS Board signal “N5V_IMON”= [0.0 -2.01465e-05 0.0 0.0 0.0 0.0 0.0 0.0]
var_name = Last measurement in raw DN for LVPS Board signal “N5V_IMON”
var_name = current_neg5V_bus
Header info = 3288
Transformed value for current_neg5V_bus = -0.066241692
Matching row  18
coeffs for Last measurement in raw DN for LVPS Board signal “P2.5V_IMON”= [0.0 0.00161172 0.0 0.0 0.0 0.0 0.0 0.0]
var_name = Last measurement in raw DN for LVPS Board signal “P2.5V_IMON”
var_name = current_2V5_bus
Header info = 452
Transformed value for current_2V5_bus = 0.72849744
Matching row  18
coeffs for Last measurement in raw DN for LVPS Board signal “N2.5V_IMON”= [0.0 -4.0293e-05 0.0 0.0 0.0 0.0 0.0 0.0]
var_name = Last measurement in raw DN for LVPS Board signal “N2.5V_IMON”
var_name = current_neg2V5_bus
Header info = 2945
Transformed value for current_neg2V5_bus = -0.11866288500000001
Matching row  18
coeffs for Last measurement in raw DN for LVPS Board signal “THERM_DECON0”= [-110.293 0.0665351 0.000305738 -6.32048e-07 5.9934e-10 -2.98784e-13
 7.61361e-17 -7.76467e-21]
var_name = Last measurement in raw DN for LVPS Board signal “THERM_DECON0”
var_name = None
KeyError: (25, None) - Could not find entry for None, 38. Please check the Var_notes or variable mapping.
Matching row  18
coeffs for Last measurement in raw DN for LVPS Board signal “THERM_DECON1”= [-150.478 0.376986 -0.00062072 7.73853e-07 -5.81588e-10 2.56368e-13
 -6.05698e-17 5.96635e-21]
var_name = Last measurement in raw DN for LVPS Board signal “THERM_DECON1”
var_name = None
KeyError: (25, None) - Could not find entry for None, 39. Please check the Var_notes or variable mapping.
Matching row  18
coeffs for Last measurement in raw DN for LVPS Board signal “THERM_DAB”= [-443.248 1.31224 -0.00180422 1.40016e-06 -6.43766e-10 1.7448e-13
 -2.57695e-17 1.60239e-21]
var_name = Last measurement in raw DN for LVPS Board signal “THERM_DAB”
var_name = None
KeyError: (25, None) - Could not find entry for None, 40. Please check the Var_notes or variable mapping.
Matching row  18
coeffs for Last measurement in raw DN for LVPS Board signal “THERM_LVPS”= [200.4137 -0.2020699 0.000175403 -9.739547e-08 2.888932e-11 -3.545603e-15
 0.0 0.0]
var_name = Last measurement in raw DN for LVPS Board signal “THERM_LVPS”
var_name = None
KeyError: (25, None) - Could not find entry for None, 41. Please check the Var_notes or variable mapping.
Matching row  18
coeffs for Last measurement in raw DN for LVPS Board signal “THERM_HVPS”= [200.4137 -0.2020699 0.000175403 -9.739547e-08 2.888932e-11 -3.545603e-15
 0.0 0.0]
var_name = Last measurement in raw DN for LVPS Board signal “THERM_HVPS”
var_name = None
KeyError: (25, None) - Could not find entry for None, 45. Please check the Var_notes or variable mapping.
Matching row  18
coeffs for Last measurement in raw DN for LVPS Board signal “P2.5V”= [0.0 0.00161172 0.0 0.0 0.0 0.0 0.0 0.0]
var_name = Last measurement in raw DN for LVPS Board signal “P2.5V”
var_name = None
KeyError: (25, None) - Could not find entry for None, 49. Please check the Var_notes or variable mapping.
Matching row  18
coeffs for Last measurement in raw DN for LVPS Board signal “N2.5V”= [-33.0 0.00886447 0.0 0.0 0.0 0.0 0.0 0.0]
var_name = Last measurement in raw DN for LVPS Board signal “N2.5V”
var_name = None
KeyError: (25, None) - Could not find entry for None, 50. Please check the Var_notes or variable mapping.
Matching row  18
coeffs for Last measurement in raw DN for LVPS Board signal “Spare”= [0.0 0.00161172 0.0 0.0 0.0 0.0 0.0 0.0]
var_name = Last measurement in raw DN for LVPS Board signal “Spare”
var_name = spare_signal
KeyError: (25, 'spare_signal') - Could not find entry for spare_signal, 51. Please check the Var_notes or variable mapping.
High gain delay = 39 samples.
Mid gain delay = 7 samples.
Low gain delay = 7 samples.
High sampling trigger mode =  0 0 1
High gain trigger mode enabled.
For 2222981120, HG Trigger level = 0.15317, sample settings = 0, 0
Threshold trigger mode enabled for high gain channel.
AID = 2415277392
Event number = 106
Rice compression enabled = False
Timestamp = 439515567.67776 seconds since epoch (Midnight January 1st, 2010)
Trigger time = 2023-12-05T23:39:27.677760Z
25
25
25
25
25
25
25
25
25
25
25
25
Progress: [====================]100% [Elapsed: 0:00:02.947190, 249 pkts/s]
Parsing waveform for scitype=2
8189
Parsing waveform for scitype=4
8189
Parsing waveform for scitype=8
8189
Parsing waveform for scitype=16
512
Parsing waveform for scitype=32
512
Parsing waveform for scitype=64
512
Parsing waveform for scitype=2
8189
Parsing waveform for scitype=4
8189
Parsing waveform for scitype=8
8189
Parsing waveform for scitype=16
512
Parsing waveform for scitype=32
512
Parsing waveform for scitype=64
512
Parsing waveform for scitype=2
8189
Parsing waveform for scitype=4
8189
Parsing waveform for scitype=8
8189
Parsing waveform for scitype=16
512
Parsing waveform for scitype=32
512
Parsing waveform for scitype=64
512
Parsing waveform for scitype=2
8189
Parsing waveform for scitype=4
8189
Parsing waveform for scitype=8
8189
Parsing waveform for scitype=16
512
Parsing waveform for scitype=32
512
Parsing waveform for scitype=64
512
Parsing waveform for scitype=2
8189
Parsing waveform for scitype=4
8189
Parsing waveform for scitype=8
8189
Parsing waveform for scitype=16
512
Parsing waveform for scitype=32
512
Parsing waveform for scitype=64
512
Parsing waveform for scitype=2
8189
Parsing waveform for scitype=4
8189
Parsing waveform for scitype=8
8189
Parsing waveform for scitype=16
512
Parsing waveform for scitype=32
512
Parsing waveform for scitype=64
512
Parsing waveform for scitype=2
8189
Parsing waveform for scitype=4
8189
Parsing waveform for scitype=8
8189
Parsing waveform for scitype=16
512
Parsing waveform for scitype=32
512
Parsing waveform for scitype=64
512
Parsing waveform for scitype=2
8189
Parsing waveform for scitype=4
8189
Parsing waveform for scitype=8
8189
Parsing waveform for scitype=16
512
Parsing waveform for scitype=32
512
Parsing waveform for scitype=64
512
Parsing waveform for scitype=2
8189
Parsing waveform for scitype=4
8189
Parsing waveform for scitype=8
8189
Parsing waveform for scitype=16
512
Parsing waveform for scitype=32
512
Parsing waveform for scitype=64
512
Parsing waveform for scitype=2
8189
Parsing waveform for scitype=4
8189
Parsing waveform for scitype=8
8189
Parsing waveform for scitype=16
512
Parsing waveform for scitype=32
512
Parsing waveform for scitype=64
512
Parsing waveform for scitype=2
8189
Parsing waveform for scitype=4
8189
Parsing waveform for scitype=8
8189
Parsing waveform for scitype=16
512
Parsing waveform for scitype=32
512
Parsing waveform for scitype=64
512
Parsing waveform for scitype=2
8189
Parsing waveform for scitype=4
8189
Parsing waveform for scitype=8
8189
Parsing waveform for scitype=16
512
Parsing waveform for scitype=32
512
Parsing waveform for scitype=64
512
Parsing waveform for scitype=2
8189
Parsing waveform for scitype=4
8189
Parsing waveform for scitype=8
8189
Parsing waveform for scitype=16
512
Parsing waveform for scitype=32
512
Parsing waveform for scitype=64
512
Parsing waveform for scitype=2
8189
Parsing waveform for scitype=4
8189
Parsing waveform for scitype=8
8189
Parsing waveform for scitype=16
512
Parsing waveform for scitype=32
512
Parsing waveform for scitype=64
512
Parsing waveform for scitype=2
8189
Parsing waveform for scitype=4
8189
Parsing waveform for scitype=8
8189
Parsing waveform for scitype=16
512
Parsing waveform for scitype=32
512
Parsing waveform for scitype=64
512
Parsing waveform for scitype=2
8189
Parsing waveform for scitype=4
8189
Parsing waveform for scitype=8
8189
Parsing waveform for scitype=16
512
Parsing waveform for scitype=32
512
Parsing waveform for scitype=64
512
Parsing waveform for scitype=2
8189
Parsing waveform for scitype=4
8189
Parsing waveform for scitype=8
8189
Parsing waveform for scitype=16
512
Parsing waveform for scitype=32
512
Parsing waveform for scitype=64
512
Parsing waveform for scitype=2
8189
Parsing waveform for scitype=4
8189
Parsing waveform for scitype=8
8189
Parsing waveform for scitype=16
512
Parsing waveform for scitype=32
512
Parsing waveform for scitype=64
512
Parsing waveform for scitype=2
8189
Parsing waveform for scitype=4
8189
Parsing waveform for scitype=8
8189
Parsing waveform for scitype=16
512
Parsing waveform for scitype=32
512
Parsing waveform for scitype=64
512
Parsing waveform for scitype=2
8189
Parsing waveform for scitype=4
8189
Parsing waveform for scitype=8
8189
Parsing waveform for scitype=16
512
Parsing waveform for scitype=32
512
Parsing waveform for scitype=64
512
Parsing waveform for scitype=2
8189
Parsing waveform for scitype=4
8189
Parsing waveform for scitype=8
8189
Parsing waveform for scitype=16
512
Parsing waveform for scitype=32
512
Parsing waveform for scitype=64
512
Parsing waveform for scitype=2
8189
Parsing waveform for scitype=4
8189
Parsing waveform for scitype=8
8189
Parsing waveform for scitype=16
512
Parsing waveform for scitype=32
512
Parsing waveform for scitype=64
512
Parsing waveform for scitype=2
8189
Parsing waveform for scitype=4
8189
Parsing waveform for scitype=8
8189
Parsing waveform for scitype=16
512
Parsing waveform for scitype=32
512
Parsing waveform for scitype=64
512
Parsing waveform for scitype=2
8189
Parsing waveform for scitype=4
8189
Parsing waveform for scitype=8
8189
Parsing waveform for scitype=16
512
Parsing waveform for scitype=32
512
Parsing waveform for scitype=64
512
Parsing waveform for scitype=2
8189
Parsing waveform for scitype=4
8189
Parsing waveform for scitype=8
8189
Parsing waveform for scitype=16
512
Parsing waveform for scitype=32
512
Parsing waveform for scitype=64
512
Auto-assigned 13 mass line(s) with 43 detected peaks
Auto-assigned 2 mass line(s) with 19 detected peaks
Auto-assigned 2 mass line(s) with 7 detected peaks
Auto-assigned 2 mass line(s) with 9 detected peaks
Auto-assigned 11 mass line(s) with 37 detected peaks
Auto-assigned 8 mass line(s) with 5 detected peaks
Auto-assigned 2 mass line(s) with 6 detected peaks
Auto-assigned 6 mass line(s) with 4 detected peaks
Auto-assigned 6 mass line(s) with 4 detected peaks
Auto-assigned 12 mass line(s) with 31 detected peaks
Auto-assigned 3 mass line(s) with 4 detected peaks
Auto-assigned 3 mass line(s) with 4 detected peaks
Auto-assigned 3 mass line(s) with 4 detected peaks
Auto-assigned 3 mass line(s) with 4 detected peaks
Auto-assigned 4 mass line(s) with 3 detected peaks
Auto-assigned 14 mass line(s) with 40 detected peaks
Auto-assigned 3 mass line(s) with 4 detected peaks
Auto-assigned 3 mass line(s) with 4 detected peaks
Auto-assigned 3 mass line(s) with 4 detected peaks
Auto-assigned 2 mass line(s) with 11 detected peaks
Auto-assigned 14 mass line(s) with 31 detected peaks
Auto-assigned 4 mass line(s) with 4 detected peaks
Auto-assigned 2 mass line(s) with 4 detected peaks
Auto-assigned 13 mass line(s) with 36 detected peaks
Auto-assigned 3 mass line(s) with 4 detected peaks
No accelerator match found for event 1
No accelerator match found for event 2
No accelerator match found for event 3
No accelerator match found for event 4
No accelerator match found for event 5
No accelerator match found for event 6
No accelerator match found for event 7
No accelerator match found for event 8
No accelerator match found for event 9
No accelerator match found for event 10
No accelerator match found for event 11
No accelerator match found for event 12
No accelerator match found for event 13
No accelerator match found for event 14
No accelerator match found for event 15
No accelerator match found for event 16
No accelerator match found for event 17
No accelerator match found for event 18
No accelerator match found for event 19
No accelerator match found for event 20
No accelerator match found for event 21
No accelerator match found for event 22
No accelerator match found for event 23
No accelerator match found for event 24
No accelerator match found for event 25
