time,Det_Voltage,TOFHGMAX,TOFHGMIN,TOFLGMAX,TOFLGMIN,TOFMGMAX,TOFMGMIN,Target_High_Gain_Max,Target_High_Gain_Min,Target_Low_Gain_Max,Target_Low_Gain_Min
2025-342T23:58:31.965,,544.0,499.0,518.0,509.0,516.0,510.0,2048.0,2040.0,2066.0,2061.0
2025-342T23:58:32.965,2001.4632,,,,,,,,,,
2025-342T23:58:37.965,2001.4632,,,,,,,,,,
2025-342T23:58:40.965,,537.0,499.0,518.0,509.0,516.0,510.0,2048.0,2040.0,2067.0,2061.0
2025-342T23:58:43.965,2001.4632,,,,,,,,,,
2025-342T23:58:49.965,,550.0,499.0,518.0,509.0,516.0,510.0,2048.0,2040.0,2066.0,2061.0
2025-342T23:58:50.965,2001.4632,,,,,,,,,,
2025-342T23:58:55.965,2001.4632,,,,,,,,,,
2025-342T23:58:58.965,,526.0,499.0,518.0,509.0,516.0,510.0,2048.0,2040.0,2066.0,2061.0
2025-342T23:59:01.965,2001.4632,,,,,,,,,,
2025-342T23:59:07.965,,531.0,500.0,518.0,509.0,516.0,510.0,2048.0,2040.0,2067.0,2061.0
2025-342T23:59:08.964,2001.4632,,,,,,,,,,
2025-342T23:59:13.964,2001.4632,,,,,,,,,,
2025-342T23:59:16.965,,537.0,499.0,518.0,509.0,516.0,509.0,2048.0,2040.0,2067.0,2061.0
2025-342T23:59:19.964,2001.4632,,,,,,,,,,
2025-342T23:59:25.965,,533.0,499.0,518.0,509.0,516.0,510.0,2048.0,2040.0,2066.0,2061.0
2025-342T23:59:26.964,2001.4632,,,,,,,,,,
2025-342T23:59:31.964,2001.4632,,,,,,,,,,
2025-342T23:59:34.965,,536.0,500.0,518.0,509.0,516.0,510.0,2048.0,2040.0,2066.0,2061.0
2025-342T23:59:37.964,2001.4632,,,,,,,,,,
2025-342T23:59:43.965,,530.0,499.0,518.0,509.0,516.0,509.0,2048.0,2040.0,2066.0,2061.0
2025-342T23:59:44.964,2001.4632,,,,,,,,,,
2025-342T23:59:49.964,2001.4632,,,,,,,,,,
2025-342T23:59:52.965,,532.0,499.0,518.0,509.0,516.0,509.0,2048.0,2040.0,2067.0,2061.0
2025-342T23:59:55.964,2001.4632,,,,,,,,,,
2025-343T00:00:01.964,,539.0,500.0,518.0,509.0,516.0,510.0,2048.0,2039.0,2067.0,2061.0
2025-343T00:00:02.964,2001.4632,,,,,,,,,,
2025-343T00:00:07.964,2001.4632,,,,,,,,,,
2025-343T00:00:10.964,,526.0,499.0,518.0,509.0,516.0,510.0,2048.0,2040.0,2066.0,2061.0
2025-343T00:00:16.964,,532.0,500.0,518.0,509.0,516.0,509.0,2048.0,2040.0,2067.0,2061.0
2025-343T00:00:22.964,,533.0,500.0,518.0,509.0,516.0,510.0,2048.0,2040.0,2066.0,2061.0
2025-343T00:00:28.964,,529.0,499.0,518.0,509.0,516.0,510.0,2048.0,2040.0,2066.0,2061.0
2025-343T00:00:32.964,2001.4632,,,,,,,,,,
2025-343T00:00:34.964,,548.0,500.0,518.0,509.0,516.0,510.0,2048.0,2040.0,2066.0,2061.0
2025-343T00:00:40.964,,525.0,500.0,518.0,509.0,516.0,510.0,2048.0,2040.0,2066.0,2061.0
2025-343T00:00:46.964,,534.0,499.0,518.0,509.0,516.0,510.0,2048.0,2040.0,2066.0,2061.0
2025-343T00:00:52.964,,530.0,500.0,518.0,509.0,516.0,510.0,2048.0,2040.0,2067.0,2061.0
2025-343T00:00:58.964,,524.0,499.0,518.0,509.0,516.0,509.0,2048.0,2040.0,2066.0,2061.0
2025-343T00:00:59.964,2001.4632,,,,,,,,,,
2025-343T00:01:04.964,,539.0,499.0,518.0,509.0,516.0,510.0,2048.0,2040.0,2067.0,2061.0
2025-343T00:01:10.964,,529.0,499.0,518.0,509.0,516.0,510.0,2048.0,2040.0,2066.0,2061.0
2025-343T00:01:16.964,,536.0,500.0,518.0,509.0,516.0,510.0,2048.0,2040.0,2066.0,2061.0
2025-343T00:01:20.964,2001.4632,,,,,,,,,,
2025-343T00:01:25.964,,527.0,499.0,518.0,509.0,516.0,509.0,2048.0,2040.0,2066.0,2061.0
2025-343T00:01:26.964,2001.4632,,,,,,,,,,
2025-343T00:01:31.964,2001.4632,,,,,,,,,,
2025-343T00:01:34.964,,543.0,499.0,518.0,509.0,516.0,510.0,2048.0,2040.0,2067.0,2061.0
2025-343T00:01:37.964,2001.4632,,,,,,,,,,
2025-343T00:01:43.964,,537.0,500.0,518.0,509.0,516.0,510.0,2048.0,2040.0,2066.0,2061.0
2025-343T00:01:44.963,2001.4632,,,,,,,,,,
2025-343T00:01:49.963,2001.4632,,,,,,,,,,
2025-343T00:01:52.964,,533.0,499.0,518.0,509.0,516.0,509.0,2048.0,2039.0,2066.0,2061.0
2025-343T00:01:55.963,2001.4632,,,,,,,,,,
2025-343T00:02:01.964,,580.0,499.0,518.0,509.0,516.0,509.0,2048.0,2040.0,2066.0,2061.0
2025-343T00:02:02.963,2001.4632,,,,,,,,,,
2025-343T00:02:07.963,2001.4632,,,,,,,,,,
2025-343T00:02:10.964,,1023.0,324.0,521.0,509.0,702.0,507.0,3030.0,1961.0,2074.0,2061.0
2025-343T00:02:13.963,2001.4632,,,,,,,,,,
2025-343T00:02:19.964,,1023.0,383.0,522.0,509.0,838.0,508.0,3533.0,1919.0,2079.0,2061.0
2025-343T00:02:20.963,2001.4632,,,,,,,,,,
2025-343T00:02:25.963,2001.4632,,,,,,,,,,
2025-343T00:02:28.964,,1023.0,362.0,523.0,509.0,942.0,507.0,4031.0,1876.0,2084.0,2061.0
2025-343T00:02:31.963,2001.4632,,,,,,,,,,
2025-343T00:02:37.964,,1023.0,345.0,527.0,509.0,1007.0,507.0,4095.0,1636.0,2111.0,2059.0
2025-343T00:02:38.963,2001.4632,,,,,,,,,,
2025-343T00:02:43.963,2079.1188,,,,,,,,,,
2025-343T00:02:46.963,,563.0,499.0,518.0,509.0,516.0,509.0,2048.0,2040.0,2066.0,2061.0
2025-343T00:02:49.963,2202.1956,,,,,,,,,,
2025-343T00:02:55.963,,619.0,500.0,518.0,509.0,517.0,509.0,2048.0,2040.0,2067.0,2061.0
2025-343T00:02:56.963,2101.0968000000003,,,,,,,,,,
2025-343T00:03:01.963,2101.0968000000003,,,,,,,,,,
2025-343T00:03:04.963,,555.0,500.0,518.0,509.0,516.0,510.0,2048.0,2040.0,2066.0,2061.0
2025-343T00:03:07.963,2023.4412,,,,,,,,,,
2025-343T00:03:13.963,,531.0,499.0,518.0,509.0,516.0,510.0,2048.0,2039.0,2066.0,2061.0
2025-343T00:03:14.963,1900.3644,,,,,,,,,,
2025-343T00:03:19.963,1824.174,,,,,,,,,,
2025-343T00:03:22.963,,523.0,500.0,518.0,509.0,516.0,510.0,2048.0,2040.0,2066.0,2061.0
2025-343T00:03:25.963,1800.7308,,,,,,,,,,
2025-343T00:03:31.963,,523.0,499.0,518.0,509.0,516.0,509.0,2048.0,2040.0,2066.0,2061.0
2025-343T00:03:32.963,1944.3204,,,,,,,,,,
2025-343T00:03:37.963,2001.4632,,,,,,,,,,
2025-343T00:03:38.963,,535.0,500.0,518.0,509.0,516.0,510.0,2048.0,2040.0,2067.0,2061.0
2025-343T00:03:43.963,,524.0,499.0,518.0,509.0,516.0,510.0,2048.0,2040.0,2067.0,2061.0
2025-343T00:03:49.963,,534.0,499.0,518.0,509.0,516.0,510.0,2048.0,2040.0,2067.0,2061.0
2025-343T00:03:55.963,,526.0,500.0,518.0,509.0,516.0,510.0,2048.0,2040.0,2066.0,2061.0
2025-343T00:04:01.963,,525.0,500.0,518.0,509.0,516.0,510.0,2048.0,2040.0,2066.0,2061.0
2025-343T00:04:02.963,2001.4632,,,,,,,,,,
2025-343T00:04:07.963,,524.0,500.0,518.0,509.0,516.0,509.0,2048.0,2040.0,2066.0,2061.0
2025-343T00:04:13.963,,528.0,499.0,518.0,509.0,516.0,510.0,2048.0,2040.0,2067.0,2061.0
2025-343T00:04:19.963,,532.0,499.0,518.0,509.0,516.0,509.0,2048.0,2040.0,2067.0,2061.0
2025-343T00:04:25.963,,527.0,499.0,518.0,509.0,516.0,509.0,2048.0,2040.0,2066.0,2061.0
2025-343T00:04:28.962,2001.4632,,,,,,,,,,
2025-343T00:04:31.962,,546.0,499.0,518.0,509.0,516.0,510.0,2048.0,2040.0,2066.0,2061.0
2025-343T00:04:37.962,,528.0,499.0,518.0,509.0,516.0,510.0,2048.0,2040.0,2066.0,2061.0
2025-343T00:04:43.962,,535.0,499.0,518.0,509.0,516.0,509.0,2048.0,2040.0,2066.0,2061.0
2025-343T00:04:49.962,,530.0,500.0,518.0,509.0,516.0,509.0,2048.0,2040.0,2067.0,2061.0
2025-343T00:04:53.962,2001.4632,,,,,,,,,,
2025-343T00:04:55.962,,527.0,500.0,518.0,509.0,516.0,510.0,2048.0,2040.0,2066.0,2061.0
2025-343T00:05:01.962,,529.0,500.0,518.0,509.0,516.0,510.0,2048.0,2040.0,2066.0,2061.0
2025-343T00:05:07.962,,539.0,499.0,518.0,509.0,516.0,510.0,2048.0,2040.0,2067.0,2061.0
2025-343T00:05:13.962,,558.0,499.0,518.0,509.0,516.0,510.0,2048.0,2040.0,2067.0,2061.0
2025-343T00:05:19.962,,530.0,499.0,518.0,509.0,516.0,510.0,2048.0,2040.0,2066.0,2061.0
2025-343T00:05:20.962,2001.4632,,,,,,,,,,
2025-343T00:05:25.962,,526.0,500.0,518.0,509.0,516.0,510.0,2048.0,2040.0,2066.0,2061.0
2025-343T00:05:31.962,,537.0,500.0,518.0,509.0,516.0,510.0,2048.0,2040.0,2066.0,2061.0
2025-343T00:05:37.962,,552.0,500.0,518.0,509.0,516.0,510.0,2048.0,2040.0,2066.0,2061.0
2025-343T00:05:43.962,,528.0,500.0,518.0,509.0,516.0,510.0,2048.0,2040.0,2066.0,2061.0
2025-343T00:05:46.962,2001.4632,,,,,,,,,,
2025-343T00:05:49.962,,526.0,499.0,518.0,509.0,516.0,510.0,2048.0,2040.0,2066.0,2061.0
2025-343T00:05:55.962,,533.0,499.0,518.0,509.0,516.0,509.0,2048.0,2040.0,2066.0,2061.0
2025-343T00:06:01.962,,535.0,500.0,518.0,509.0,516.0,510.0,2048.0,2040.0,2067.0,2061.0
2025-343T00:06:07.962,,539.0,500.0,518.0,509.0,516.0,510.0,2048.0,2040.0,2066.0,2061.0
2025-343T00:06:11.962,2001.4632,,,,,,,,,,
2025-343T00:06:13.962,,549.0,499.0,518.0,509.0,516.0,510.0,2048.0,2040.0,2067.0,2061.0
2025-343T00:06:19.962,,532.0,500.0,518.0,509.0,516.0,510.0,2048.0,2040.0,2066.0,2061.0
2025-343T00:07:11.961,2001.4632,,,,,,,,,,
2025-343T00:08:11.961,2001.4632,,,,,,,,,,
2025-343T00:08:19.961,,581.0,497.0,518.0,509.0,516.0,509.0,2048.0,2039.0,2067.0,2061.0
2025-343T00:09:11.961,2001.4632,,,,,,,,,,
2025-343T00:10:11.960,2001.4632,,,,,,,,,,
2025-343T00:10:19.960,,564.0,498.0,518.0,509.0,516.0,509.0,2048.0,2040.0,2067.0,2061.0
2025-343T00:11:11.960,2001.4632,,,,,,,,,,
2025-343T00:12:11.959,2001.4632,,,,,,,,,,
2025-343T00:12:19.959,,552.0,499.0,518.0,509.0,516.0,509.0,2048.0,2039.0,2067.0,2061.0
2025-343T00:13:11.959,2001.4632,,,,,,,,,,
2025-343T00:14:11.959,2001.4632,,,,,,,,,,
2025-343T00:14:19.959,,559.0,499.0,518.0,508.0,516.0,509.0,2048.0,2040.0,2067.0,2061.0
2025-343T00:15:11.958,2001.4632,,,,,,,,,,
2025-343T00:16:11.958,2001.4632,,,,,,,,,,
2025-343T00:16:19.958,,545.0,499.0,518.0,509.0,516.0,509.0,2049.0,2040.0,2067.0,2061.0
2025-343T00:17:11.957,2001.4632,,,,,,,,,,
2025-343T00:18:11.957,2001.4632,,,,,,,,,,
2025-343T00:18:19.957,,540.0,499.0,518.0,509.0,516.0,509.0,2048.0,2040.0,2067.0,2061.0
2025-343T00:19:11.957,2001.4632,,,,,,,,,,
2025-343T00:20:11.956,2001.4632,,,,,,,,,,
2025-343T00:20:19.956,,549.0,499.0,518.0,509.0,516.0,509.0,2048.0,2039.0,2067.0,2061.0
2025-343T00:21:11.956,2001.4632,,,,,,,,,,
2025-343T00:22:11.956,2001.4632,,,,,,,,,,
2025-343T00:22:19.956,,552.0,499.0,518.0,508.0,516.0,509.0,2048.0,2040.0,2067.0,2061.0
2025-343T00:23:11.955,2001.4632,,,,,,,,,,
2025-343T00:24:11.955,2001.4632,,,,,,,,,,
2025-343T00:24:19.955,,546.0,499.0,518.0,509.0,516.0,509.0,2048.0,2040.0,2067.0,2061.0
2025-343T00:25:11.954,2001.4632,,,,,,,,,,
2025-343T00:26:11.954,2001.4632,,,,,,,,,,
2025-343T00:26:19.954,,584.0,498.0,518.0,509.0,516.0,509.0,2051.0,2037.0,2067.0,2061.0
2025-343T00:27:11.954,2001.4632,,,,,,,,,,
2025-343T00:28:11.953,2001.4632,,,,,,,,,,
2025-343T00:28:19.953,,559.0,499.0,518.0,509.0,516.0,509.0,2048.0,2040.0,2067.0,2060.0
2025-343T00:29:11.953,2001.4632,,,,,,,,,,
2025-343T00:30:11.952,2001.4632,,,,,,,,,,
2025-343T00:30:19.952,,562.0,499.0,518.0,508.0,516.0,509.0,2048.0,2039.0,2067.0,2061.0
2025-343T00:31:11.952,2001.4632,,,,,,,,,,
2025-343T00:32:11.952,2001.4632,,,,,,,,,,
2025-343T00:32:19.952,,549.0,499.0,518.0,509.0,516.0,509.0,2048.0,2040.0,2067.0,2061.0
2025-343T00:33:11.951,2001.4632,,,,,,,,,,
2025-343T00:34:11.951,2001.4632,,,,,,,,,,
2025-343T00:34:19.951,,572.0,499.0,518.0,509.0,516.0,509.0,2048.0,2040.0,2067.0,2061.0
2025-343T00:35:11.950,2001.4632,,,,,,,,,,
2025-343T00:36:11.950,2001.4632,,,,,,,,,,
2025-343T00:36:19.950,,560.0,498.0,518.0,509.0,516.0,509.0,2048.0,2039.0,2067.0,2061.0
2025-343T00:37:11.950,2001.4632,,,,,,,,,,
2025-343T00:38:11.949,2001.4632,,,,,,,,,,
2025-343T00:38:19.949,,549.0,499.0,518.0,509.0,516.0,509.0,2048.0,2039.0,2067.0,2061.0
2025-343T00:39:11.949,2001.4632,,,,,,,,,,
2025-343T00:40:11.949,2001.4632,,,,,,,,,,
2025-343T00:40:19.949,,557.0,499.0,518.0,509.0,516.0,509.0,2048.0,2039.0,2067.0,2061.0
2025-343T00:41:11.948,2001.4632,,,,,,,,,,
2025-343T00:42:11.948,2001.4632,,,,,,,,,,
2025-343T00:42:19.948,,574.0,499.0,518.0,509.0,516.0,509.0,2048.0,2039.0,2067.0,2061.0
2025-343T00:43:11.947,2001.4632,,,,,,,,,,
2025-343T00:44:11.947,2001.4632,,,,,,,,,,
2025-343T00:44:19.947,,560.0,499.0,518.0,509.0,516.0,509.0,2048.0,2040.0,2067.0,2061.0
2025-343T00:45:11.947,2001.4632,,,,,,,,,,
2025-343T00:46:11.946,2001.4632,,,,,,,,,,
2025-343T00:46:19.946,,565.0,499.0,518.0,509.0,516.0,509.0,2048.0,2040.0,2067.0,2061.0
2025-343T00:47:11.946,2001.4632,,,,,,,,,,
2025-343T00:48:11.945,2001.4632,,,,,,,,,,
2025-343T00:48:19.945,,556.0,499.0,518.0,509.0,516.0,509.0,2048.0,2040.0,2067.0,2061.0
2025-343T00:49:11.945,2001.4632,,,,,,,,,,
2025-343T00:50:11.945,2001.4632,,,,,,,,,,
2025-343T00:50:19.945,,563.0,499.0,518.0,509.0,516.0,509.0,2048.0,2040.0,2067.0,2061.0
2025-343T00:51:11.944,2001.4632,,,,,,,,,,
2025-343T00:52:11.944,2001.4632,,,,,,,,,,
2025-343T00:52:19.944,,564.0,499.0,518.0,509.0,516.0,509.0,2048.0,2039.0,2067.0,2061.0
2025-343T00:53:11.943,2001.4632,,,,,,,,,,
2025-343T00:54:11.943,2001.4632,,,,,,,,,,
2025-343T00:54:19.943,,560.0,499.0,518.0,509.0,516.0,509.0,2048.0,2039.0,2067.0,2061.0
2025-343T00:55:11.943,2001.4632,,,,,,,,,,
2025-343T00:56:11.942,2001.4632,,,,,,,,,,
2025-343T00:56:19.942,,562.0,499.0,518.0,509.0,516.0,509.0,2051.0,2037.0,2067.0,2061.0
2025-343T00:57:11.942,2001.4632,,,,,,,,,,
2025-343T00:58:11.942,2001.4632,,,,,,,,,,
2025-343T00:58:19.942,,601.0,499.0,518.0,509.0,516.0,509.0,2048.0,2040.0,2067.0,2061.0
2025-343T00:59:11.941,2001.4632,,,,,,,,,,
2025-343T01:00:11.941,2001.4632,,,,,,,,,,
2025-343T01:00:19.941,,567.0,499.0,518.0,509.0,516.0,509.0,2048.0,2040.0,2067.0,2061.0
2025-343T01:01:11.940,2001.4632,,,,,,,,,,
2025-343T01:02:11.940,2001.4632,,,,,,,,,,
2025-343T01:02:19.940,,556.0,499.0,518.0,509.0,516.0,509.0,2048.0,2040.0,2067.0,2061.0
2025-343T01:03:11.940,2001.4632,,,,,,,,,,
2025-343T01:04:11.939,2001.4632,,,,,,,,,,
2025-343T01:04:19.939,,549.0,499.0,518.0,509.0,516.0,509.0,2048.0,2039.0,2067.0,2061.0
2025-343T01:05:11.939,2001.4632,,,,,,,,,,
2025-343T01:06:11.938,2001.4632,,,,,,,,,,
2025-343T01:06:19.938,,566.0,499.0,518.0,509.0,516.0,509.0,2048.0,2039.0,2067.0,2061.0
2025-343T01:07:11.938,2001.4632,,,,,,,,,,
2025-343T01:08:11.938,2001.4632,,,,,,,,,,
2025-343T01:08:19.938,,548.0,499.0,518.0,509.0,516.0,509.0,2048.0,2040.0,2067.0,2061.0
2025-343T01:09:11.937,2001.4632,,,,,,,,,,
2025-343T01:10:11.937,2001.4632,,,,,,,,,,
2025-343T01:10:19.937,,547.0,499.0,518.0,509.0,516.0,509.0,2048.0,2040.0,2067.0,2061.0
2025-343T01:11:11.936,2001.4632,,,,,,,,,,
2025-343T01:12:11.936,2001.4632,,,,,,,,,,
2025-343T01:12:19.936,,571.0,499.0,518.0,509.0,516.0,509.0,2048.0,2040.0,2067.0,2061.0
2025-343T01:13:11.936,2001.4632,,,,,,,,,,
2025-343T01:14:11.935,2001.4632,,,,,,,,,,
2025-343T01:14:19.935,,570.0,499.0,518.0,509.0,516.0,509.0,2048.0,2039.0,2067.0,2061.0
2025-343T01:15:11.935,2001.4632,,,,,,,,,,
2025-343T01:16:11.935,2001.4632,,,,,,,,,,
2025-343T01:16:19.935,,542.0,498.0,518.0,508.0,516.0,509.0,2048.0,2039.0,2067.0,2061.0
2025-343T01:17:11.934,2001.4632,,,,,,,,,,
2025-343T01:18:11.934,2001.4632,,,,,,,,,,
2025-343T01:18:19.934,,548.0,499.0,518.0,508.0,516.0,509.0,2048.0,2040.0,2067.0,2061.0
2025-343T01:19:11.933,2001.4632,,,,,,,,,,
2025-343T01:20:11.933,2001.4632,,,,,,,,,,
2025-343T01:20:19.933,,571.0,499.0,518.0,509.0,516.0,509.0,2048.0,2039.0,2067.0,2061.0
2025-343T01:21:11.933,2001.4632,,,,,,,,,,
2025-343T01:22:11.932,2001.4632,,,,,,,,,,
2025-343T01:22:19.932,,562.0,499.0,518.0,509.0,516.0,509.0,2049.0,2039.0,2067.0,2061.0
2025-343T01:23:11.932,2001.4632,,,,,,,,,,
2025-343T01:24:11.931,2001.4632,,,,,,,,,,
2025-343T01:24:19.932,,548.0,499.0,518.0,509.0,516.0,509.0,2048.0,2039.0,2067.0,2061.0
2025-343T01:25:11.931,2001.4632,,,,,,,,,,
2025-343T01:26:11.931,2001.4632,,,,,,,,,,
2025-343T01:26:19.931,,604.0,498.0,518.0,508.0,516.0,509.0,2051.0,2036.0,2067.0,2061.0
2025-343T01:27:11.930,2001.4632,,,,,,,,,,
2025-343T01:28:11.930,2001.4632,,,,,,,,,,
2025-343T01:28:19.930,,548.0,499.0,518.0,509.0,516.0,509.0,2048.0,2039.0,2067.0,2061.0
2025-343T01:29:11.930,2001.4632,,,,,,,,,,
2025-343T01:30:11.929,2001.4632,,,,,,,,,,
2025-343T01:30:19.929,,574.0,499.0,518.0,509.0,516.0,509.0,2048.0,2039.0,2067.0,2061.0
2025-343T01:31:11.929,2001.4632,,,,,,,,,,
2025-343T01:32:11.928,2001.4632,,,,,,,,,,
2025-343T01:32:19.928,,570.0,499.0,518.0,509.0,516.0,509.0,2048.0,2040.0,2067.0,2061.0
2025-343T01:32:25.928,,530.0,500.0,518.0,509.0,516.0,509.0,2048.0,2040.0,2066.0,2061.0
2025-343T01:32:31.928,,534.0,500.0,518.0,509.0,516.0,510.0,2048.0,2040.0,2066.0,2061.0
2025-343T01:32:37.928,,553.0,499.0,518.0,509.0,516.0,510.0,2048.0,2040.0,2066.0,2061.0
2025-343T01:32:38.928,2001.4632,,,,,,,,,,
2025-343T01:32:43.928,,539.0,500.0,518.0,509.0,516.0,510.0,2048.0,2040.0,2066.0,2061.0
2025-343T01:32:49.928,,531.0,500.0,518.0,509.0,516.0,510.0,2048.0,2040.0,2067.0,2061.0
2025-343T01:32:55.928,,525.0,500.0,518.0,509.0,516.0,510.0,2048.0,2040.0,2066.0,2061.0
2025-343T01:33:01.928,,527.0,500.0,518.0,509.0,516.0,510.0,2048.0,2040.0,2066.0,2061.0
2025-343T01:33:04.928,2001.4632,,,,,,,,,,
2025-343T01:33:07.928,,531.0,499.0,518.0,509.0,516.0,510.0,2048.0,2040.0,2066.0,2061.0
2025-343T01:33:13.928,,537.0,499.0,518.0,509.0,516.0,510.0,2048.0,2040.0,2066.0,2061.0
2025-343T01:33:19.928,,526.0,499.0,518.0,509.0,516.0,510.0,2048.0,2040.0,2066.0,2061.0
2025-343T01:33:25.928,,528.0,500.0,518.0,509.0,516.0,510.0,2048.0,2040.0,2067.0,2061.0
2025-343T01:33:29.928,2001.4632,,,,,,,,,,
2025-343T01:33:31.928,,542.0,500.0,518.0,509.0,516.0,509.0,2048.0,2040.0,2066.0,2061.0
2025-343T01:33:37.928,,540.0,499.0,518.0,509.0,516.0,510.0,2048.0,2040.0,2066.0,2061.0
2025-343T01:33:43.928,,535.0,500.0,518.0,509.0,516.0,510.0,2048.0,2040.0,2066.0,2061.0
2025-343T01:33:49.928,,526.0,500.0,518.0,509.0,516.0,510.0,2048.0,2040.0,2066.0,2061.0
2025-343T01:33:55.928,,530.0,499.0,518.0,509.0,516.0,509.0,2048.0,2040.0,2066.0,2061.0
2025-343T01:33:56.928,2001.4632,,,,,,,,,,
2025-343T01:34:01.928,,558.0,499.0,518.0,509.0,516.0,509.0,2048.0,2040.0,2066.0,2061.0
2025-343T01:34:07.928,,531.0,499.0,518.0,509.0,516.0,510.0,2048.0,2040.0,2066.0,2061.0
2025-343T01:34:13.928,,537.0,500.0,518.0,509.0,516.0,510.0,2048.0,2040.0,2066.0,2061.0
2025-343T01:34:19.928,,533.0,499.0,518.0,509.0,516.0,510.0,2048.0,2040.0,2066.0,2061.0
2025-343T01:34:22.928,2001.4632,,,,,,,,,,
2025-343T01:34:25.928,,528.0,500.0,518.0,509.0,516.0,509.0,2048.0,2040.0,2066.0,2061.0
2025-343T01:34:31.928,,534.0,500.0,518.0,509.0,516.0,509.0,2049.0,2040.0,2066.0,2061.0
2025-343T01:34:37.928,,530.0,499.0,518.0,509.0,516.0,510.0,2048.0,2040.0,2066.0,2061.0
2025-343T01:34:43.927,,529.0,499.0,518.0,509.0,516.0,510.0,2048.0,2039.0,2066.0,2061.0
2025-343T01:34:47.927,1591.2072,,,,,,,,,,
2025-343T01:34:49.927,,523.0,72.0,943.0,509.0,516.0,272.0,2053.0,2038.0,2066.0,2061.0
2025-343T01:34:55.927,,418.0,73.0,858.0,602.0,478.0,272.0,2048.0,2040.0,2066.0,2061.0
2025-343T01:35:01.927,,418.0,73.0,858.0,602.0,478.0,272.0,2048.0,2040.0,2066.0,2060.0
2025-343T01:35:07.927,,418.0,73.0,858.0,602.0,478.0,272.0,2048.0,2040.0,2066.0,2061.0
2025-343T01:35:13.927,,418.0,73.0,858.0,602.0,478.0,272.0,2047.0,2040.0,2066.0,2061.0
2025-343T01:35:14.927,203.6628,,,,,,,,,,
2025-343T01:35:19.927,,418.0,73.0,858.0,602.0,478.0,272.0,2047.0,2040.0,2066.0,2060.0
2025-343T01:35:25.927,,418.0,73.0,858.0,602.0,478.0,272.0,2047.0,2040.0,2066.0,2060.0
2025-343T01:35:31.927,,418.0,73.0,858.0,602.0,478.0,272.0,2047.0,2040.0,2066.0,2061.0
2025-343T01:35:37.927,,418.0,73.0,858.0,602.0,478.0,272.0,2049.0,2040.0,2066.0,2060.0
2025-343T01:35:40.927,203.6628,,,,,,,,,,
2025-343T01:35:43.927,,418.0,73.0,858.0,602.0,478.0,272.0,2047.0,2040.0,2066.0,2061.0
2025-343T01:35:49.927,,418.0,73.0,858.0,602.0,478.0,272.0,2047.0,2040.0,2066.0,2061.0
2025-343T01:35:55.927,,418.0,73.0,858.0,602.0,478.0,272.0,2050.0,2035.0,2066.0,2060.0
2025-343T01:36:01.927,,418.0,73.0,858.0,602.0,478.0,272.0,2047.0,2040.0,2066.0,2061.0
2025-343T01:36:05.927,0.0,,,,,,,,,,
2025-343T01:36:07.927,,418.0,73.0,858.0,602.0,478.0,272.0,2047.0,2040.0,2066.0,2061.0
2025-343T01:36:13.927,,418.0,73.0,858.0,602.0,478.0,272.0,2047.0,2040.0,2066.0,2060.0
2025-343T01:36:19.927,,418.0,73.0,858.0,602.0,478.0,272.0,2047.0,2040.0,2066.0,2061.0
2025-343T01:36:25.927,,418.0,73.0,858.0,602.0,478.0,272.0,2047.0,2040.0,2066.0,2061.0
2025-343T01:36:31.927,,418.0,73.0,858.0,602.0,478.0,272.0,2047.0,2040.0,2066.0,2060.0
2025-343T01:36:32.927,0.0,,,,,,,,,,
2025-343T01:36:37.927,,418.0,73.0,858.0,602.0,478.0,272.0,2048.0,2040.0,2066.0,2061.0
2025-343T01:36:43.927,,418.0,73.0,858.0,602.0,478.0,272.0,2047.0,2040.0,2066.0,2061.0
2025-343T01:36:49.927,,418.0,73.0,858.0,602.0,478.0,272.0,2047.0,2040.0,2066.0,2061.0
2025-343T01:36:55.927,,418.0,73.0,858.0,602.0,478.0,272.0,2047.0,2040.0,2066.0,2061.0
2025-343T01:36:58.927,0.0,,,,,,,,,,
2025-343T01:37:01.927,,418.0,73.0,858.0,602.0,478.0,272.0,2047.0,2040.0,2066.0,2061.0
2025-343T01:37:07.927,,418.0,73.0,858.0,602.0,478.0,272.0,2047.0,2040.0,2066.0,2061.0
2025-343T01:37:13.927,,418.0,73.0,858.0,602.0,478.0,272.0,2047.0,2040.0,2066.0,2060.0
2025-343T01:37:19.926,,418.0,73.0,858.0,602.0,478.0,272.0,2047.0,2040.0,2066.0,2061.0
2025-343T01:37:23.926,0.0,,,,,,,,,,
2025-343T01:37:25.926,,418.0,73.0,858.0,602.0,478.0,272.0,2047.0,2040.0,2066.0,2061.0
2025-343T01:37:31.926,,418.0,73.0,858.0,602.0,478.0,272.0,2047.0,2040.0,2066.0,2061.0
2025-343T01:37:37.926,,418.0,73.0,858.0,602.0,478.0,272.0,2050.0,2019.0,2066.0,2060.0
2025-343T01:37:43.926,,418.0,73.0,858.0,602.0,478.0,272.0,2047.0,2040.0,2066.0,2060.0
2025-343T01:37:46.926,0.0,,,,,,,,,,
2025-343T01:37:52.926,,418.0,73.0,858.0,602.0,478.0,272.0,4095.0,0.0,2099.0,1833.0
2025-343T01:37:53.926,0.0,,,,,,,,,,
2025-343T01:37:58.926,0.0,,,,,,,,,,
2025-343T01:38:01.926,,418.0,73.0,858.0,515.0,478.0,272.0,2050.0,2037.0,2066.0,2061.0
2025-343T01:38:04.926,0.0,,,,,,,,,,
2025-343T01:38:10.926,,418.0,73.0,858.0,602.0,478.0,272.0,2050.0,2037.0,2066.0,2061.0
2025-343T01:38:11.926,0.0,,,,,,,,,,
2025-343T01:38:16.926,0.0,,,,,,,,,,
2025-343T01:38:19.926,,418.0,73.0,858.0,602.0,478.0,272.0,2050.0,2037.0,2066.0,2060.0
2025-343T01:38:22.926,0.0,,,,,,,,,,
2025-343T01:38:28.926,,418.0,73.0,858.0,602.0,478.0,272.0,2050.0,2036.0,2066.0,2061.0
2025-343T01:38:29.926,0.0,,,,,,,,,,
2025-343T01:38:34.926,0.0,,,,,,,,,,
2025-343T01:38:37.926,,418.0,73.0,858.0,602.0,478.0,272.0,2050.0,2036.0,2066.0,2061.0
2025-343T01:38:40.926,0.0,,,,,,,,,,
2025-343T01:38:46.926,,418.0,73.0,858.0,602.0,478.0,272.0,2050.0,2037.0,2066.0,2061.0
2025-343T01:38:47.926,0.0,,,,,,,,,,
2025-343T01:38:52.926,0.0,,,,,,,,,,
2025-343T01:38:55.926,,418.0,73.0,858.0,602.0,478.0,272.0,2050.0,2037.0,2066.0,2061.0
2025-343T01:38:58.926,0.0,,,,,,,,,,
2025-343T01:39:04.926,,418.0,73.0,858.0,602.0,478.0,272.0,2050.0,2037.0,2066.0,2061.0
2025-343T01:39:05.926,0.0,,,,,,,,,,
2025-343T01:39:10.926,0.0,,,,,,,,,,
2025-343T01:39:13.926,,418.0,73.0,858.0,602.0,478.0,272.0,2050.0,2037.0,2066.0,2061.0
2025-343T01:39:16.926,0.0,,,,,,,,,,
2025-343T01:39:22.926,,418.0,73.0,858.0,602.0,478.0,272.0,2050.0,2036.0,2066.0,2061.0
2025-343T01:39:23.925,0.0,,,,,,,,,,
2025-343T01:39:28.925,0.0,,,,,,,,,,
2025-343T01:39:31.926,,418.0,73.0,858.0,602.0,478.0,272.0,2052.0,2037.0,2066.0,2061.0
2025-343T01:39:34.925,0.0,,,,,,,,,,
2025-343T01:39:40.925,,418.0,73.0,858.0,602.0,478.0,272.0,2050.0,2037.0,2066.0,2061.0
2025-343T01:39:41.925,0.0,,,,,,,,,,
2025-343T01:39:46.925,0.0,,,,,,,,,,
2025-343T01:39:49.925,,418.0,73.0,858.0,602.0,478.0,272.0,2050.0,2037.0,2066.0,2060.0
2025-343T01:39:52.925,0.0,,,,,,,,,,
2025-343T01:39:58.925,,418.0,73.0,858.0,602.0,478.0,272.0,2050.0,2037.0,2066.0,2061.0
2025-343T01:39:59.925,0.0,,,,,,,,,,
2025-343T01:40:04.925,0.0,,,,,,,,,,
2025-343T01:40:07.925,,418.0,73.0,858.0,602.0,478.0,272.0,2050.0,2025.0,2066.0,2061.0
2025-343T01:40:10.925,0.0,,,,,,,,,,
2025-343T01:40:16.925,,418.0,73.0,858.0,602.0,478.0,272.0,2050.0,2037.0,2066.0,2060.0
2025-343T01:40:17.925,0.0,,,,,,,,,,
2025-343T01:40:22.925,0.0,,,,,,,,,,
2025-343T01:40:25.925,,418.0,73.0,858.0,602.0,478.0,272.0,2050.0,2037.0,2066.0,2061.0
2025-343T01:40:28.925,0.0,,,,,,,,,,
2025-343T01:40:34.925,,418.0,73.0,858.0,602.0,478.0,272.0,2050.0,2037.0,2066.0,2060.0
2025-343T01:40:35.925,0.0,,,,,,,,,,
2025-343T01:40:40.925,0.0,,,,,,,,,,
2025-343T01:40:43.925,,418.0,73.0,858.0,602.0,478.0,272.0,2050.0,2037.0,2066.0,2061.0
2025-343T01:40:46.925,0.0,,,,,,,,,,
2025-343T01:40:52.925,,418.0,73.0,858.0,602.0,478.0,272.0,2049.0,2037.0,2066.0,2060.0
2025-343T01:40:53.925,0.0,,,,,,,,,,
2025-343T01:40:58.925,0.0,,,,,,,,,,
2025-343T01:41:01.925,,418.0,73.0,858.0,602.0,478.0,272.0,2050.0,2037.0,2066.0,2061.0
2025-343T01:41:04.925,0.0,,,,,,,,,,
2025-343T01:41:10.925,,418.0,73.0,858.0,602.0,478.0,272.0,2050.0,2036.0,2066.0,2061.0
2025-343T01:41:11.925,0.0,,,,,,,,,,
2025-343T01:41:16.925,0.0,,,,,,,,,,
2025-343T01:41:19.925,,418.0,73.0,858.0,602.0,478.0,272.0,2050.0,2036.0,2066.0,2061.0
2025-343T01:41:22.925,0.0,,,,,,,,,,
2025-343T01:41:28.925,,418.0,73.0,858.0,602.0,478.0,272.0,2049.0,2037.0,2066.0,2061.0
2025-343T01:41:29.925,0.0,,,,,,,,,,
2025-343T01:41:34.924,0.0,,,,,,,,,,
2025-343T01:41:37.925,,418.0,73.0,858.0,602.0,478.0,272.0,2050.0,2037.0,2066.0,2061.0
2025-343T01:41:40.924,0.0,,,,,,,,,,
2025-343T01:41:46.924,,418.0,73.0,858.0,602.0,478.0,272.0,2050.0,2037.0,2066.0,2061.0
2025-343T01:41:47.924,0.0,,,,,,,,,,
2025-343T01:41:52.924,0.0,,,,,,,,,,
2025-343T01:41:55.924,,418.0,73.0,858.0,602.0,478.0,272.0,2050.0,2036.0,2066.0,2060.0
2025-343T01:41:58.924,0.0,,,,,,,,,,
2025-343T01:42:04.924,,418.0,73.0,858.0,602.0,478.0,272.0,2049.0,2037.0,2066.0,2061.0
2025-343T01:42:05.924,0.0,,,,,,,,,,
2025-343T01:42:10.924,0.0,,,,,,,,,,
2025-343T01:42:13.924,,418.0,73.0,858.0,515.0,478.0,272.0,2050.0,2037.0,2066.0,2061.0
2025-343T01:42:16.924,0.0,,,,,,,,,,
2025-343T01:42:22.924,,418.0,73.0,858.0,602.0,478.0,272.0,2050.0,2037.0,2066.0,2060.0
2025-343T01:42:23.924,0.0,,,,,,,,,,
2025-343T01:42:28.924,0.0,,,,,,,,,,
2025-343T01:42:31.924,,418.0,73.0,858.0,602.0,478.0,272.0,2050.0,2036.0,2066.0,2060.0
2025-343T01:42:34.924,0.0,,,,,,,,,,
2025-343T01:42:40.924,,418.0,73.0,858.0,602.0,478.0,272.0,2061.0,2037.0,2066.0,2061.0
2025-343T01:42:41.924,0.0,,,,,,,,,,
2025-343T01:42:46.924,0.0,,,,,,,,,,
2025-343T01:42:49.924,,418.0,73.0,858.0,602.0,478.0,272.0,2050.0,2037.0,2066.0,2060.0
2025-343T01:42:52.924,0.0,,,,,,,,,,
2025-343T01:42:58.924,,418.0,73.0,858.0,602.0,478.0,272.0,2050.0,2037.0,2066.0,2060.0
2025-343T01:42:59.924,0.0,,,,,,,,,,
2025-343T01:43:04.924,0.0,,,,,,,,,,
2025-343T01:43:07.924,,418.0,73.0,858.0,602.0,478.0,272.0,2050.0,2037.0,2066.0,2060.0
2025-343T01:43:10.924,0.0,,,,,,,,,,
2025-343T01:43:16.924,,418.0,73.0,858.0,602.0,478.0,272.0,2050.0,2037.0,2066.0,2061.0
2025-343T01:43:17.924,0.0,,,,,,,,,,
2025-343T01:43:22.924,0.0,,,,,,,,,,
2025-343T01:43:25.924,,418.0,73.0,858.0,602.0,478.0,272.0,2050.0,2037.0,2066.0,2061.0
2025-343T01:43:28.924,0.0,,,,,,,,,,
2025-343T01:43:34.924,,418.0,73.0,858.0,602.0,478.0,272.0,2050.0,2036.0,2066.0,2061.0
2025-343T01:43:35.923,0.0,,,,,,,,,,
2025-343T01:43:40.923,0.0,,,,,,,,,,
2025-343T01:43:43.923,,418.0,73.0,858.0,602.0,478.0,272.0,2050.0,2037.0,2066.0,2061.0
2025-343T01:43:46.923,0.0,,,,,,,,,,
2025-343T01:43:52.923,,418.0,73.0,858.0,602.0,478.0,272.0,2050.0,2037.0,2066.0,2061.0
2025-343T01:43:53.923,0.0,,,,,,,,,,
2025-343T01:43:58.923,0.0,,,,,,,,,,
2025-343T01:44:01.923,,418.0,73.0,858.0,602.0,478.0,272.0,2050.0,2037.0,2066.0,2061.0
2025-343T01:44:04.923,0.0,,,,,,,,,,
2025-343T01:44:10.923,,418.0,73.0,858.0,602.0,478.0,272.0,2050.0,2037.0,2066.0,2060.0
2025-343T01:44:11.923,0.0,,,,,,,,,,
2025-343T01:44:16.923,0.0,,,,,,,,,,
2025-343T01:44:19.923,,418.0,73.0,858.0,515.0,478.0,272.0,2050.0,2036.0,2066.0,2060.0
2025-343T01:44:22.923,0.0,,,,,,,,,,
2025-343T01:44:28.923,,418.0,73.0,858.0,602.0,478.0,272.0,2050.0,2037.0,2066.0,2060.0
2025-343T01:44:29.923,0.0,,,,,,,,,,
2025-343T01:44:34.923,0.0,,,,,,,,,,
2025-343T01:44:37.923,,418.0,73.0,858.0,602.0,478.0,272.0,2050.0,2037.0,2066.0,2060.0
2025-343T01:44:40.923,0.0,,,,,,,,,,
2025-343T01:44:46.923,,418.0,73.0,858.0,602.0,478.0,272.0,2050.0,2037.0,2066.0,2060.0
2025-343T01:44:47.923,0.0,,,,,,,,,,
2025-343T01:44:52.923,0.0,,,,,,,,,,
2025-343T01:44:55.923,,418.0,73.0,858.0,602.0,478.0,272.0,2050.0,2037.0,2066.0,2061.0
2025-343T01:44:58.923,0.0,,,,,,,,,,
2025-343T01:45:04.923,,418.0,73.0,858.0,515.0,478.0,272.0,2050.0,2036.0,2066.0,2060.0
2025-343T01:45:05.923,0.0,,,,,,,,,,
2025-343T01:45:10.923,0.0,,,,,,,,,,
2025-343T01:45:13.923,,418.0,73.0,858.0,515.0,478.0,272.0,2050.0,2037.0,2066.0,2060.0
2025-343T01:45:16.923,0.0,,,,,,,,,,
2025-343T01:45:22.923,,418.0,73.0,858.0,602.0,478.0,272.0,2050.0,2037.0,2066.0,2061.0
2025-343T01:45:23.922,0.0,,,,,,,,,,
2025-343T01:45:28.922,0.0,,,,,,,,,,
2025-343T01:45:31.923,,418.0,73.0,858.0,602.0,478.0,272.0,2049.0,2037.0,2066.0,2060.0
2025-343T01:45:34.922,0.0,,,,,,,,,,
2025-343T01:45:40.922,,418.0,73.0,858.0,602.0,478.0,272.0,2050.0,2037.0,2066.0,2060.0
2025-343T01:45:41.922,0.0,,,,,,,,,,
2025-343T01:45:46.922,0.0,,,,,,,,,,
2025-343T01:45:49.922,,418.0,73.0,858.0,602.0,478.0,272.0,2050.0,2037.0,2066.0,2061.0
2025-343T01:45:52.922,0.0,,,,,,,,,,
2025-343T01:45:58.922,,418.0,73.0,858.0,515.0,478.0,272.0,2050.0,2037.0,2066.0,2061.0
2025-343T01:45:59.922,0.0,,,,,,,,,,
2025-343T01:46:04.922,0.0,,,,,,,,,,
2025-343T01:46:07.922,,418.0,73.0,858.0,515.0,478.0,272.0,2050.0,2036.0,2066.0,2061.0
2025-343T01:46:10.922,0.0,,,,,,,,,,
2025-343T01:46:16.922,,418.0,73.0,858.0,602.0,478.0,272.0,2050.0,2037.0,2066.0,2061.0
2025-343T01:46:17.922,0.0,,,,,,,,,,
2025-343T01:46:22.922,0.0,,,,,,,,,,
2025-343T01:46:25.922,,418.0,73.0,858.0,602.0,478.0,272.0,2049.0,2036.0,2066.0,2061.0
2025-343T01:46:28.922,0.0,,,,,,,,,,
2025-343T01:46:34.922,,418.0,73.0,858.0,602.0,478.0,272.0,2050.0,2037.0,2066.0,2061.0
2025-343T01:46:35.922,0.0,,,,,,,,,,
2025-343T01:46:40.922,0.0,,,,,,,,,,
2025-343T01:46:43.922,,418.0,73.0,858.0,602.0,478.0,272.0,2050.0,2037.0,2066.0,2060.0
2025-343T01:46:46.922,0.0,,,,,,,,,,
2025-343T01:46:52.922,,418.0,73.0,858.0,602.0,478.0,272.0,2050.0,2036.0,2066.0,2060.0
2025-343T01:46:53.922,0.0,,,,,,,,,,
2025-343T01:46:58.922,0.0,,,,,,,,,,
2025-343T01:47:01.922,,418.0,73.0,858.0,602.0,478.0,272.0,2050.0,2037.0,2066.0,2060.0
2025-343T01:47:04.922,0.0,,,,,,,,,,
2025-343T01:47:10.922,,418.0,73.0,858.0,602.0,478.0,272.0,2050.0,2037.0,2066.0,2061.0
2025-343T01:47:11.921,0.0,,,,,,,,,,
2025-343T01:47:16.921,0.0,,,,,,,,,,
2025-343T01:47:19.921,,418.0,73.0,858.0,602.0,478.0,272.0,2050.0,2037.0,2066.0,2061.0
2025-343T01:47:22.921,0.0,,,,,,,,,,
2025-343T01:47:28.921,,418.0,73.0,858.0,602.0,478.0,272.0,2050.0,2037.0,2066.0,2060.0
2025-343T01:47:29.921,0.0,,,,,,,,,,
2025-343T01:47:34.921,0.0,,,,,,,,,,
2025-343T01:47:37.921,,418.0,73.0,858.0,602.0,478.0,272.0,2050.0,2036.0,2066.0,2060.0
2025-343T01:47:40.921,0.0,,,,,,,,,,
2025-343T01:47:46.921,,418.0,73.0,858.0,602.0,478.0,272.0,2049.0,2037.0,2066.0,2060.0
2025-343T01:47:47.921,0.0,,,,,,,,,,
2025-343T01:47:52.921,0.0,,,,,,,,,,
2025-343T01:47:55.921,,418.0,73.0,858.0,602.0,478.0,272.0,2050.0,2037.0,2066.0,2061.0
2025-343T01:47:58.921,0.0,,,,,,,,,,
2025-343T01:48:04.921,,418.0,73.0,858.0,602.0,478.0,272.0,2050.0,2037.0,2066.0,2061.0
2025-343T01:48:05.921,0.0,,,,,,,,,,
2025-343T01:48:10.921,0.0,,,,,,,,,,
2025-343T01:48:13.921,,418.0,73.0,858.0,602.0,478.0,272.0,2050.0,2037.0,2066.0,2061.0
2025-343T01:48:16.921,0.0,,,,,,,,,,
2025-343T01:48:22.921,,418.0,73.0,858.0,602.0,478.0,272.0,2049.0,2036.0,2066.0,2061.0
2025-343T01:48:23.921,0.0,,,,,,,,,,
2025-343T01:48:28.921,0.0,,,,,,,,,,
2025-343T01:48:31.921,,418.0,73.0,858.0,602.0,478.0,272.0,2050.0,2037.0,2066.0,2061.0
2025-343T01:48:34.921,0.0,,,,,,,,,,
2025-343T01:48:40.921,,418.0,73.0,858.0,515.0,478.0,272.0,2050.0,2037.0,2066.0,2061.0
2025-343T01:48:41.921,0.0,,,,,,,,,,
2025-343T01:48:46.921,0.0,,,,,,,,,,
2025-343T01:48:49.921,,418.0,73.0,858.0,602.0,478.0,272.0,2050.0,2037.0,2066.0,2060.0
2025-343T01:48:52.920,0.0,,,,,,,,,,
2025-343T01:48:58.921,,418.0,73.0,858.0,602.0,478.0,272.0,2050.0,2037.0,2066.0,2060.0
2025-343T01:48:59.920,0.0,,,,,,,,,,
2025-343T01:49:04.920,0.0,,,,,,,,,,
2025-343T01:49:07.920,,418.0,73.0,858.0,602.0,478.0,272.0,2049.0,2037.0,2066.0,2061.0
2025-343T01:49:10.920,0.0,,,,,,,,,,
2025-343T01:49:16.920,,418.0,73.0,858.0,602.0,478.0,272.0,2050.0,2037.0,2066.0,2061.0
2025-343T01:49:17.920,0.0,,,,,,,,,,
2025-343T01:49:22.920,0.0,,,,,,,,,,
2025-343T01:49:25.920,,418.0,73.0,858.0,602.0,478.0,272.0,2050.0,2036.0,2066.0,2060.0
2025-343T01:49:28.920,0.0,,,,,,,,,,
2025-343T01:49:34.920,,418.0,73.0,858.0,602.0,478.0,272.0,2050.0,2037.0,2066.0,2061.0
2025-343T01:49:35.920,0.0,,,,,,,,,,
2025-343T01:49:40.920,0.0,,,,,,,,,,
2025-343T01:49:43.920,,418.0,73.0,858.0,602.0,478.0,272.0,2050.0,2037.0,2066.0,2060.0
2025-343T01:49:46.920,0.0,,,,,,,,,,
2025-343T01:49:52.920,,418.0,73.0,858.0,602.0,478.0,272.0,2050.0,2037.0,2066.0,2061.0
2025-343T01:49:53.920,0.0,,,,,,,,,,
2025-343T01:49:58.920,0.0,,,,,,,,,,
2025-343T01:50:01.920,,418.0,73.0,858.0,602.0,478.0,272.0,2050.0,2025.0,2066.0,2060.0
2025-343T01:50:04.920,0.0,,,,,,,,,,
2025-343T01:50:10.920,,418.0,73.0,858.0,602.0,478.0,272.0,2049.0,2036.0,2066.0,2061.0
2025-343T01:50:11.920,0.0,,,,,,,,,,
2025-343T01:50:16.920,0.0,,,,,,,,,,
2025-343T01:50:19.920,,418.0,73.0,858.0,602.0,478.0,272.0,2050.0,2037.0,2066.0,2061.0
2025-343T01:50:22.920,0.0,,,,,,,,,,
2025-343T01:50:28.920,,418.0,73.0,858.0,602.0,478.0,272.0,2050.0,2036.0,2066.0,2061.0
2025-343T01:50:29.919,0.0,,,,,,,,,,
2025-343T01:50:34.919,0.0,,,,,,,,,,
2025-343T01:50:37.920,,418.0,73.0,858.0,602.0,478.0,272.0,2050.0,2037.0,2066.0,2060.0
2025-343T01:50:40.919,0.0,,,,,,,,,,
2025-343T01:50:46.919,,418.0,73.0,858.0,602.0,478.0,272.0,2050.0,2037.0,2066.0,2060.0
2025-343T01:50:47.919,0.0,,,,,,,,,,
2025-343T01:50:52.919,0.0,,,,,,,,,,
2025-343T01:50:55.919,,418.0,73.0,858.0,602.0,478.0,272.0,2050.0,2037.0,2066.0,2061.0
2025-343T01:50:58.919,0.0,,,,,,,,,,
2025-343T01:51:04.919,,418.0,73.0,858.0,602.0,478.0,272.0,2049.0,2037.0,2066.0,2060.0
2025-343T01:51:05.919,0.0,,,,,,,,,,
2025-343T01:51:10.919,0.0,,,,,,,,,,
2025-343T01:51:13.919,,418.0,73.0,858.0,602.0,478.0,272.0,2050.0,2036.0,2066.0,2061.0
2025-343T01:51:16.919,0.0,,,,,,,,,,
2025-343T01:51:22.919,,418.0,73.0,858.0,602.0,478.0,272.0,2050.0,2036.0,2066.0,2060.0
2025-343T01:51:23.919,0.0,,,,,,,,,,
2025-343T01:51:28.919,0.0,,,,,,,,,,
2025-343T01:51:31.919,,418.0,73.0,858.0,602.0,478.0,272.0,2050.0,2037.0,2066.0,2061.0
2025-343T01:51:34.919,0.0,,,,,,,,,,
2025-343T01:51:40.919,,418.0,73.0,858.0,602.0,478.0,272.0,2050.0,2037.0,2066.0,2061.0
2025-343T01:51:41.919,0.0,,,,,,,,,,
2025-343T01:51:46.919,0.0,,,,,,,,,,
2025-343T01:51:49.919,,418.0,73.0,858.0,602.0,478.0,272.0,2049.0,2037.0,2066.0,2060.0
2025-343T01:51:52.919,0.0,,,,,,,,,,
2025-343T01:51:58.919,,418.0,73.0,858.0,602.0,478.0,272.0,2050.0,2036.0,2066.0,2060.0
2025-343T01:51:59.919,0.0,,,,,,,,,,
2025-343T01:52:04.918,0.0,,,,,,,,,,
2025-343T01:52:07.919,,418.0,73.0,858.0,602.0,478.0,272.0,2050.0,2037.0,2066.0,2060.0
2025-343T01:52:10.918,0.0,,,,,,,,,,
2025-343T01:52:16.918,,418.0,73.0,858.0,602.0,478.0,272.0,2050.0,2037.0,2066.0,2060.0
2025-343T01:52:17.918,0.0,,,,,,,,,,
2025-343T01:52:22.918,0.0,,,,,,,,,,
2025-343T01:52:25.918,,418.0,73.0,858.0,602.0,478.0,272.0,2050.0,2037.0,2066.0,2061.0
2025-343T01:52:28.918,0.0,,,,,,,,,,
2025-343T01:52:34.918,,418.0,73.0,858.0,602.0,478.0,272.0,2049.0,2037.0,2066.0,2060.0
2025-343T01:52:35.918,0.0,,,,,,,,,,
2025-343T01:52:40.918,0.0,,,,,,,,,,
2025-343T01:52:43.918,,418.0,73.0,858.0,602.0,478.0,272.0,2060.0,2037.0,2066.0,2061.0
2025-343T01:52:46.918,0.0,,,,,,,,,,
2025-343T01:52:52.918,,418.0,73.0,858.0,602.0,478.0,272.0,2050.0,2037.0,2066.0,2061.0
2025-343T01:52:53.918,0.0,,,,,,,,,,
2025-343T01:52:58.918,0.0,,,,,,,,,,
2025-343T01:53:01.918,,418.0,73.0,858.0,515.0,478.0,272.0,2050.0,2036.0,2066.0,2060.0
2025-343T01:53:04.918,0.0,,,,,,,,,,
2025-343T01:53:10.918,,418.0,73.0,858.0,602.0,478.0,272.0,2052.0,2034.0,2066.0,2061.0
2025-343T01:53:11.918,0.0,,,,,,,,,,
2025-343T01:53:16.918,0.0,,,,,,,,,,
2025-343T01:53:19.918,,418.0,73.0,858.0,602.0,478.0,272.0,2050.0,2037.0,2066.0,2061.0
2025-343T01:53:22.918,0.0,,,,,,,,,,
2025-343T01:53:28.918,,418.0,73.0,858.0,602.0,478.0,272.0,2050.0,2037.0,2066.0,2061.0
2025-343T01:53:29.918,0.0,,,,,,,,,,
2025-343T01:53:34.918,0.0,,,,,,,,,,
2025-343T01:53:37.918,,418.0,73.0,858.0,602.0,478.0,272.0,2050.0,2037.0,2066.0,2061.0
2025-343T01:53:40.917,0.0,,,,,,,,,,
2025-343T01:53:46.918,,418.0,73.0,858.0,602.0,478.0,272.0,2050.0,2037.0,2066.0,2060.0
2025-343T01:53:47.917,0.0,,,,,,,,,,
2025-343T01:53:52.917,0.0,,,,,,,,,,
2025-343T01:53:55.917,,418.0,73.0,858.0,602.0,478.0,272.0,2050.0,2037.0,2066.0,2061.0
2025-343T01:53:58.917,0.0,,,,,,,,,,
2025-343T01:54:04.917,,418.0,73.0,858.0,602.0,478.0,272.0,2050.0,2037.0,2066.0,2061.0
2025-343T01:54:05.917,0.0,,,,,,,,,,
2025-343T01:54:10.917,0.0,,,,,,,,,,
2025-343T01:54:13.917,,418.0,73.0,858.0,602.0,478.0,272.0,2050.0,2036.0,2066.0,2060.0
2025-343T01:54:16.917,0.0,,,,,,,,,,
2025-343T01:54:22.917,,418.0,73.0,858.0,602.0,478.0,272.0,2049.0,2037.0,2066.0,2060.0
2025-343T01:54:23.917,0.0,,,,,,,,,,
2025-343T01:54:28.917,0.0,,,,,,,,,,
2025-343T01:54:31.917,,418.0,73.0,858.0,602.0,478.0,272.0,2050.0,2036.0,2066.0,2061.0
2025-343T01:54:34.917,0.0,,,,,,,,,,
2025-343T01:54:40.917,,418.0,73.0,858.0,602.0,478.0,272.0,2050.0,2037.0,2066.0,2061.0
2025-343T01:54:41.917,0.0,,,,,,,,,,
2025-343T01:54:46.917,0.0,,,,,,,,,,
2025-343T01:54:49.917,,418.0,73.0,858.0,602.0,478.0,272.0,2050.0,2036.0,2066.0,2061.0
2025-343T01:54:52.917,0.0,,,,,,,,,,
2025-343T01:54:58.917,,418.0,73.0,858.0,602.0,478.0,272.0,2050.0,2037.0,2066.0,2061.0
2025-343T01:54:59.917,0.0,,,,,,,,,,
2025-343T01:55:04.917,0.0,,,,,,,,,,
2025-343T01:55:07.917,,418.0,73.0,858.0,602.0,478.0,272.0,2049.0,2037.0,2066.0,2060.0
2025-343T01:55:10.917,0.0,,,,,,,,,,
2025-343T01:55:16.917,,418.0,73.0,858.0,602.0,478.0,272.0,2050.0,2036.0,2066.0,2061.0
2025-343T01:55:17.916,0.0,,,,,,,,,,
2025-343T01:55:22.916,0.0,,,,,,,,,,
2025-343T01:55:25.916,,418.0,73.0,858.0,602.0,478.0,272.0,2050.0,2037.0,2066.0,2060.0
2025-343T01:55:28.916,0.0,,,,,,,,,,
2025-343T01:55:34.916,,418.0,73.0,858.0,602.0,478.0,272.0,2050.0,2037.0,2066.0,2060.0
2025-343T01:55:35.916,0.0,,,,,,,,,,
2025-343T01:55:40.916,0.0,,,,,,,,,,
2025-343T01:55:43.916,,418.0,73.0,858.0,602.0,478.0,272.0,2050.0,2037.0,2066.0,2061.0
2025-343T01:55:46.916,0.0,,,,,,,,,,
2025-343T01:55:52.916,,418.0,73.0,858.0,602.0,478.0,272.0,2050.0,2037.0,2066.0,2061.0
2025-343T01:55:53.916,0.0,,,,,,,,,,
2025-343T01:55:58.916,0.0,,,,,,,,,,
2025-343T01:56:01.916,,418.0,73.0,858.0,602.0,478.0,272.0,2050.0,2037.0,2066.0,2061.0
2025-343T01:56:04.916,0.0,,,,,,,,,,
2025-343T01:56:10.916,,418.0,73.0,858.0,602.0,478.0,272.0,2049.0,2037.0,2066.0,2060.0
2025-343T01:56:11.916,0.0,,,,,,,,,,
2025-343T01:56:16.916,0.0,,,,,,,,,,
2025-343T01:56:19.916,,418.0,73.0,858.0,602.0,478.0,272.0,2050.0,2036.0,2066.0,2061.0
2025-343T01:56:22.916,0.0,,,,,,,,,,
2025-343T01:56:28.916,,418.0,73.0,858.0,602.0,478.0,272.0,2050.0,2037.0,2066.0,2061.0
2025-343T01:56:29.916,0.0,,,,,,,,,,
2025-343T01:56:34.916,0.0,,,,,,,,,,
2025-343T01:56:37.916,,418.0,73.0,858.0,602.0,478.0,272.0,2050.0,2036.0,2066.0,2061.0
2025-343T01:56:40.916,0.0,,,,,,,,,,
2025-343T01:56:46.916,,418.0,73.0,858.0,602.0,478.0,272.0,2050.0,2036.0,2066.0,2061.0
2025-343T01:56:47.915,0.0,,,,,,,,,,
2025-343T01:56:52.915,0.0,,,,,,,,,,
2025-343T01:56:55.915,,418.0,73.0,858.0,602.0,478.0,272.0,2050.0,2037.0,2066.0,2060.0
2025-343T01:56:58.915,0.0,,,,,,,,,,
2025-343T01:57:04.915,,418.0,73.0,858.0,602.0,478.0,272.0,2050.0,2037.0,2066.0,2060.0
2025-343T01:57:05.915,0.0,,,,,,,,,,
2025-343T01:57:10.915,0.0,,,,,,,,,,
2025-343T01:57:13.915,,418.0,73.0,858.0,602.0,478.0,272.0,2050.0,2037.0,2066.0,2061.0
2025-343T01:57:16.915,0.0,,,,,,,,,,
2025-343T01:57:22.915,,418.0,73.0,858.0,602.0,478.0,272.0,2050.0,2036.0,2066.0,2061.0
2025-343T01:57:23.915,0.0,,,,,,,,,,
2025-343T01:57:28.915,0.0,,,,,,,,,,
2025-343T01:57:31.915,,418.0,73.0,858.0,602.0,478.0,272.0,2050.0,2036.0,2066.0,2060.0
2025-343T01:57:34.915,0.0,,,,,,,,,,
2025-343T01:57:40.915,,418.0,73.0,858.0,602.0,478.0,272.0,2050.0,2036.0,2066.0,2061.0
2025-343T01:57:41.915,0.0,,,,,,,,,,
2025-343T01:57:46.915,0.0,,,,,,,,,,
2025-343T01:57:49.915,,418.0,73.0,858.0,602.0,478.0,272.0,2050.0,2036.0,2066.0,2061.0
2025-343T01:57:52.915,0.0,,,,,,,,,,
2025-343T01:57:58.915,,418.0,73.0,858.0,602.0,478.0,272.0,2050.0,2037.0,2066.0,2060.0
2025-343T01:57:59.915,0.0,,,,,,,,,,
2025-343T01:58:04.915,0.0,,,,,,,,,,
2025-343T01:58:07.915,,418.0,73.0,858.0,602.0,478.0,272.0,2050.0,2037.0,2066.0,2061.0
2025-343T01:58:10.915,0.0,,,,,,,,,,
2025-343T01:58:16.915,,418.0,73.0,858.0,602.0,478.0,272.0,2049.0,2037.0,2066.0,2061.0
2025-343T01:58:17.914,0.0,,,,,,,,,,
2025-343T01:58:22.914,0.0,,,,,,,,,,
2025-343T01:58:25.914,,418.0,73.0,858.0,602.0,478.0,272.0,2050.0,2037.0,2066.0,2061.0
2025-343T01:58:28.914,0.0,,,,,,,,,,
2025-343T01:58:34.914,,418.0,73.0,858.0,602.0,478.0,272.0,2050.0,2036.0,2066.0,2061.0
2025-343T01:58:35.914,0.0,,,,,,,,,,
2025-343T01:58:40.914,0.0,,,,,,,,,,
2025-343T01:58:43.914,,418.0,73.0,858.0,602.0,478.0,272.0,2050.0,2036.0,2066.0,2060.0
2025-343T01:58:46.914,0.0,,,,,,,,,,
2025-343T01:58:52.914,,418.0,73.0,858.0,602.0,478.0,272.0,2050.0,2037.0,2066.0,2061.0
2025-343T01:58:53.914,0.0,,,,,,,,,,
2025-343T01:58:58.914,0.0,,,,,,,,,,
2025-343T01:59:01.914,,418.0,73.0,858.0,602.0,478.0,272.0,2050.0,2036.0,2066.0,2061.0
2025-343T01:59:04.914,0.0,,,,,,,,,,
2025-343T01:59:10.914,,418.0,73.0,858.0,602.0,478.0,272.0,2050.0,2037.0,2066.0,2060.0
2025-343T01:59:11.914,0.0,,,,,,,,,,
2025-343T01:59:16.914,0.0,,,,,,,,,,
2025-343T01:59:19.914,,418.0,73.0,858.0,602.0,478.0,272.0,2049.0,2037.0,2066.0,2061.0
2025-343T01:59:22.914,0.0,,,,,,,,,,
2025-343T01:59:28.914,,418.0,73.0,858.0,602.0,478.0,272.0,2050.0,2037.0,2066.0,2061.0
2025-343T01:59:29.914,0.0,,,,,,,,,,
2025-343T01:59:34.914,0.0,,,,,,,,,,
2025-343T01:59:37.914,,418.0,73.0,858.0,602.0,478.0,272.0,2050.0,2037.0,2066.0,2061.0
2025-343T01:59:40.913,0.0,,,,,,,,,,
2025-343T01:59:46.913,,418.0,73.0,858.0,602.0,478.0,272.0,2050.0,2036.0,2066.0,2061.0
2025-343T01:59:47.913,0.0,,,,,,,,,,
2025-343T01:59:52.913,0.0,,,,,,,,,,
2025-343T01:59:55.913,,418.0,73.0,858.0,602.0,478.0,272.0,2050.0,2037.0,2066.0,2061.0
2025-343T01:59:58.913,0.0,,,,,,,,,,
2025-343T02:00:04.913,,418.0,73.0,858.0,602.0,478.0,272.0,2050.0,2025.0,2066.0,2061.0
2025-343T02:00:05.913,0.0,,,,,,,,,,
2025-343T02:00:10.913,0.0,,,,,,,,,,
2025-343T02:00:13.913,,418.0,73.0,858.0,602.0,478.0,272.0,2049.0,2037.0,2066.0,2061.0
2025-343T02:00:16.913,0.0,,,,,,,,,,
2025-343T02:00:22.913,,418.0,73.0,858.0,602.0,478.0,272.0,2049.0,2037.0,2066.0,2060.0
2025-343T02:00:23.913,0.0,,,,,,,,,,
2025-343T02:00:28.913,0.0,,,,,,,,,,
2025-343T02:00:31.913,,418.0,73.0,858.0,602.0,478.0,272.0,2049.0,2036.0,2066.0,2061.0
2025-343T02:00:34.913,0.0,,,,,,,,,,
2025-343T02:00:40.913,,418.0,73.0,858.0,602.0,478.0,272.0,2050.0,2037.0,2066.0,2060.0
2025-343T02:00:41.913,0.0,,,,,,,,,,
2025-343T02:00:46.913,0.0,,,,,,,,,,
2025-343T02:00:49.913,,418.0,73.0,858.0,602.0,478.0,272.0,2050.0,2036.0,2066.0,2061.0
2025-343T02:00:52.913,0.0,,,,,,,,,,
2025-343T02:00:58.913,,418.0,73.0,858.0,602.0,478.0,272.0,2050.0,2037.0,2066.0,2061.0
2025-343T02:00:59.913,0.0,,,,,,,,,,
2025-343T02:01:04.913,0.0,,,,,,,,,,
2025-343T02:01:07.913,,418.0,73.0,858.0,602.0,478.0,272.0,2049.0,2037.0,2066.0,2060.0
2025-343T02:01:10.912,0.0,,,,,,,,,,
2025-343T02:01:16.912,,418.0,73.0,858.0,515.0,478.0,272.0,2050.0,2036.0,2066.0,2061.0
2025-343T02:01:17.912,0.0,,,,,,,,,,
2025-343T02:01:22.912,0.0,,,,,,,,,,
2025-343T02:01:25.912,,418.0,73.0,858.0,602.0,478.0,272.0,2049.0,2035.0,2066.0,2060.0
2025-343T02:01:28.912,0.0,,,,,,,,,,
2025-343T02:01:34.912,,418.0,73.0,858.0,602.0,478.0,272.0,2050.0,2037.0,2066.0,2060.0
2025-343T02:01:35.912,0.0,,,,,,,,,,
2025-343T02:01:40.912,0.0,,,,,,,,,,
2025-343T02:01:43.912,,418.0,73.0,858.0,602.0,478.0,272.0,2050.0,2036.0,2066.0,2060.0
2025-343T02:01:46.912,0.0,,,,,,,,,,
2025-343T02:01:52.912,,418.0,73.0,858.0,602.0,478.0,272.0,2050.0,2037.0,2066.0,2061.0
2025-343T02:01:53.912,0.0,,,,,,,,,,
2025-343T02:01:58.912,0.0,,,,,,,,,,
2025-343T02:02:01.912,,418.0,73.0,858.0,602.0,478.0,272.0,2050.0,2037.0,2066.0,2060.0
2025-343T02:02:04.912,0.0,,,,,,,,,,
2025-343T02:02:10.912,,418.0,73.0,858.0,602.0,478.0,272.0,2050.0,2036.0,2066.0,2061.0
2025-343T02:02:11.912,0.0,,,,,,,,,,
2025-343T02:02:16.912,0.0,,,,,,,,,,
2025-343T02:02:19.912,,418.0,73.0,858.0,602.0,478.0,272.0,2050.0,2036.0,2066.0,2060.0
2025-343T02:02:22.912,0.0,,,,,,,,,,
2025-343T02:02:28.912,,418.0,73.0,858.0,602.0,478.0,272.0,2050.0,2037.0,2066.0,2060.0
2025-343T02:02:29.912,0.0,,,,,,,,,,
2025-343T02:02:34.911,0.0,,,,,,,,,,
2025-343T02:02:37.912,,418.0,73.0,858.0,602.0,478.0,272.0,2061.0,2035.0,2066.0,2060.0
2025-343T02:02:40.911,0.0,,,,,,,,,,
2025-343T02:02:46.911,,418.0,73.0,858.0,602.0,478.0,272.0,2050.0,2037.0,2066.0,2061.0
2025-343T02:02:47.911,0.0,,,,,,,,,,
2025-343T02:02:52.911,0.0,,,,,,,,,,
2025-343T02:02:55.911,,418.0,73.0,858.0,602.0,478.0,272.0,2050.0,2037.0,2066.0,2061.0
2025-343T02:02:58.911,0.0,,,,,,,,,,
2025-343T02:03:04.911,,418.0,73.0,858.0,602.0,478.0,272.0,2050.0,2036.0,2066.0,2060.0
2025-343T02:03:05.911,0.0,,,,,,,,,,
2025-343T02:03:10.911,0.0,,,,,,,,,,
2025-343T02:03:13.911,,418.0,73.0,858.0,515.0,478.0,272.0,2050.0,2036.0,2066.0,2061.0
2025-343T02:03:16.911,0.0,,,,,,,,,,
2025-343T02:03:22.911,,418.0,73.0,858.0,602.0,478.0,272.0,2050.0,2036.0,2066.0,2061.0
2025-343T02:03:23.911,0.0,,,,,,,,,,
2025-343T02:03:28.911,0.0,,,,,,,,,,
2025-343T02:03:31.911,,418.0,73.0,858.0,602.0,478.0,272.0,2050.0,2036.0,2066.0,2061.0
2025-343T02:03:34.911,0.0,,,,,,,,,,
2025-343T02:03:40.911,,418.0,73.0,858.0,602.0,478.0,272.0,2049.0,2036.0,2066.0,2060.0
2025-343T02:03:41.911,0.0,,,,,,,,,,
2025-343T02:03:46.911,0.0,,,,,,,,,,
2025-343T02:03:49.911,,418.0,73.0,858.0,602.0,478.0,272.0,2050.0,2036.0,2066.0,2060.0
2025-343T02:03:52.911,0.0,,,,,,,,,,
2025-343T02:03:58.911,,418.0,73.0,858.0,602.0,478.0,272.0,2050.0,2036.0,2066.0,2060.0
2025-343T02:03:59.910,0.0,,,,,,,,,,
2025-343T02:04:04.910,0.0,,,,,,,,,,
2025-343T02:04:07.910,,418.0,73.0,858.0,602.0,478.0,272.0,2050.0,2037.0,2066.0,2061.0
2025-343T02:04:10.910,0.0,,,,,,,,,,
2025-343T02:04:16.910,,418.0,73.0,651.0,602.0,478.0,272.0,2049.0,2037.0,2066.0,2061.0
2025-343T02:04:17.910,0.0,,,,,,,,,,
2025-343T02:04:22.910,0.0,,,,,,,,,,
2025-343T02:04:25.910,,418.0,73.0,858.0,602.0,478.0,272.0,2050.0,2036.0,2066.0,2060.0
2025-343T02:04:28.910,0.0,,,,,,,,,,
2025-343T02:04:34.910,,418.0,73.0,858.0,602.0,478.0,272.0,2050.0,2037.0,2066.0,2060.0
2025-343T02:04:35.910,0.0,,,,,,,,,,
2025-343T02:04:40.910,0.0,,,,,,,,,,
2025-343T02:04:43.910,,418.0,73.0,858.0,602.0,478.0,272.0,2050.0,2037.0,2066.0,2061.0
2025-343T02:04:46.910,0.0,,,,,,,,,,
2025-343T02:04:52.910,,418.0,73.0,858.0,602.0,478.0,272.0,2050.0,2036.0,2066.0,2060.0
2025-343T02:04:53.910,0.0,,,,,,,,,,
2025-343T02:04:58.910,0.0,,,,,,,,,,
2025-343T02:05:01.910,,418.0,73.0,858.0,602.0,478.0,272.0,2049.0,2036.0,2066.0,2061.0
2025-343T02:05:04.910,0.0,,,,,,,,,,
2025-343T02:05:10.910,,418.0,73.0,858.0,602.0,478.0,272.0,2050.0,2036.0,2066.0,2061.0
2025-343T02:05:11.910,0.0,,,,,,,,,,
2025-343T02:05:16.910,0.0,,,,,,,,,,
2025-343T02:05:19.910,,418.0,73.0,858.0,602.0,478.0,272.0,2050.0,2036.0,2066.0,2061.0
2025-343T02:05:22.909,0.0,,,,,,,,,,
2025-343T02:05:28.909,,418.0,73.0,858.0,602.0,478.0,272.0,2050.0,2037.0,2066.0,2061.0
2025-343T02:05:29.909,0.0,,,,,,,,,,
2025-343T02:05:34.909,0.0,,,,,,,,,,
2025-343T02:05:37.909,,418.0,73.0,858.0,602.0,478.0,272.0,2050.0,2037.0,2066.0,2061.0
2025-343T02:05:40.909,0.0,,,,,,,,,,
2025-343T02:05:46.909,,418.0,73.0,858.0,602.0,478.0,272.0,2050.0,2036.0,2066.0,2060.0
2025-343T02:05:47.909,0.0,,,,,,,,,,
2025-343T02:05:52.909,0.0,,,,,,,,,,
2025-343T02:05:55.909,,418.0,73.0,858.0,602.0,478.0,272.0,2050.0,2037.0,2066.0,2061.0
2025-343T02:05:58.909,0.0,,,,,,,,,,
2025-343T02:06:04.909,,418.0,73.0,858.0,602.0,478.0,272.0,2050.0,2037.0,2066.0,2060.0
2025-343T02:06:05.909,0.0,,,,,,,,,,
2025-343T02:06:10.909,0.0,,,,,,,,,,
2025-343T02:06:13.909,,418.0,73.0,858.0,602.0,478.0,272.0,2050.0,2037.0,2066.0,2061.0
2025-343T02:06:16.909,0.0,,,,,,,,,,
2025-343T02:06:22.909,,418.0,73.0,858.0,515.0,478.0,272.0,2050.0,2037.0,2066.0,2061.0
2025-343T02:06:23.909,0.0,,,,,,,,,,
2025-343T02:06:28.909,0.0,,,,,,,,,,
2025-343T02:06:31.909,,418.0,73.0,858.0,602.0,478.0,272.0,2050.0,2036.0,2066.0,2061.0
2025-343T02:06:34.909,0.0,,,,,,,,,,
2025-343T02:06:40.909,,418.0,73.0,858.0,602.0,478.0,272.0,2050.0,2037.0,2066.0,2060.0
2025-343T02:06:41.909,0.0,,,,,,,,,,
2025-343T02:06:46.908,0.0,,,,,,,,,,
2025-343T02:06:49.909,,418.0,73.0,858.0,602.0,478.0,272.0,2049.0,2037.0,2066.0,2060.0
2025-343T02:06:52.908,0.0,,,,,,,,,,
2025-343T02:06:58.908,,418.0,73.0,858.0,602.0,478.0,272.0,2050.0,2037.0,2066.0,2060.0
2025-343T02:06:59.908,0.0,,,,,,,,,,
2025-343T02:07:04.908,0.0,,,,,,,,,,
2025-343T02:07:07.908,,418.0,73.0,858.0,602.0,478.0,272.0,2050.0,2036.0,2066.0,2060.0
2025-343T02:07:10.908,0.0,,,,,,,,,,
2025-343T02:07:16.908,,418.0,73.0,858.0,602.0,478.0,272.0,2049.0,2037.0,2066.0,2061.0
2025-343T02:07:17.908,0.0,,,,,,,,,,
2025-343T02:07:22.908,0.0,,,,,,,,,,
2025-343T02:07:25.908,,418.0,73.0,858.0,602.0,478.0,272.0,2050.0,2036.0,2066.0,2060.0
2025-343T02:07:28.908,0.0,,,,,,,,,,
2025-343T02:07:34.908,,418.0,73.0,858.0,602.0,478.0,272.0,2050.0,2036.0,2066.0,2061.0
2025-343T02:07:35.908,0.0,,,,,,,,,,
2025-343T02:07:40.908,0.0,,,,,,,,,,
2025-343T02:07:43.908,,418.0,73.0,858.0,602.0,478.0,272.0,2050.0,2036.0,2066.0,2061.0
2025-343T02:07:46.908,0.0,,,,,,,,,,
2025-343T02:07:52.908,,418.0,73.0,858.0,602.0,478.0,272.0,2050.0,2036.0,2066.0,2061.0
2025-343T02:07:53.908,0.0,,,,,,,,,,
2025-343T02:07:58.908,0.0,,,,,,,,,,
2025-343T02:08:01.908,,418.0,73.0,858.0,602.0,478.0,272.0,2050.0,2037.0,2066.0,2061.0
2025-343T02:08:04.908,0.0,,,,,,,,,,
2025-343T02:08:10.908,,418.0,73.0,858.0,602.0,478.0,272.0,2050.0,2036.0,2066.0,2060.0
2025-343T02:08:11.907,0.0,,,,,,,,,,
2025-343T02:08:16.907,0.0,,,,,,,,,,
2025-343T02:08:19.907,,418.0,73.0,858.0,602.0,478.0,272.0,2049.0,2036.0,2066.0,2060.0
2025-343T02:08:22.907,0.0,,,,,,,,,,
2025-343T02:08:28.907,,418.0,73.0,858.0,515.0,478.0,272.0,2050.0,2037.0,2066.0,2060.0
2025-343T02:08:29.907,0.0,,,,,,,,,,
2025-343T02:08:34.907,0.0,,,,,,,,,,
2025-343T02:08:37.907,,418.0,73.0,858.0,602.0,478.0,272.0,2050.0,2037.0,2066.0,2061.0
2025-343T02:08:40.907,0.0,,,,,,,,,,
2025-343T02:08:46.907,,418.0,73.0,858.0,602.0,478.0,272.0,2050.0,2037.0,2066.0,2060.0
2025-343T02:08:47.907,0.0,,,,,,,,,,
2025-343T02:08:52.907,0.0,,,,,,,,,,
2025-343T02:08:55.907,,418.0,73.0,858.0,602.0,478.0,272.0,2050.0,2037.0,2066.0,2060.0
2025-343T02:08:58.907,0.0,,,,,,,,,,
2025-343T02:09:04.907,,418.0,73.0,858.0,602.0,478.0,272.0,2050.0,2036.0,2066.0,2061.0
2025-343T02:09:05.907,0.0,,,,,,,,,,
2025-343T02:09:10.907,0.0,,,,,,,,,,
2025-343T02:09:13.907,,418.0,73.0,858.0,602.0,478.0,272.0,2050.0,2037.0,2066.0,2060.0
2025-343T02:09:16.907,0.0,,,,,,,,,,
2025-343T02:09:22.907,,418.0,73.0,858.0,602.0,478.0,272.0,2050.0,2037.0,2066.0,2060.0
2025-343T02:09:23.907,0.0,,,,,,,,,,
2025-343T02:09:28.906,0.0,,,,,,,,,,
2025-343T02:09:31.907,,418.0,73.0,858.0,602.0,478.0,272.0,2050.0,2037.0,2066.0,2060.0
2025-343T02:09:34.906,0.0,,,,,,,,,,
2025-343T02:09:40.906,,418.0,73.0,858.0,602.0,478.0,272.0,2049.0,2037.0,2066.0,2060.0
2025-343T02:09:41.906,0.0,,,,,,,,,,
2025-343T02:09:46.906,0.0,,,,,,,,,,
2025-343T02:09:49.906,,418.0,73.0,858.0,602.0,478.0,272.0,2050.0,2037.0,2066.0,2060.0
2025-343T02:09:52.906,0.0,,,,,,,,,,
2025-343T02:09:58.906,,418.0,73.0,858.0,602.0,478.0,272.0,2050.0,2036.0,2066.0,2060.0
2025-343T02:09:59.906,0.0,,,,,,,,,,
2025-343T02:10:04.906,0.0,,,,,,,,,,
2025-343T02:10:07.906,,418.0,73.0,858.0,602.0,478.0,272.0,2050.0,2024.0,2066.0,2060.0
2025-343T02:10:10.906,0.0,,,,,,,,,,
2025-343T02:10:16.906,,418.0,73.0,858.0,602.0,478.0,272.0,2050.0,2037.0,2066.0,2061.0
2025-343T02:10:17.906,0.0,,,,,,,,,,
2025-343T02:10:22.906,0.0,,,,,,,,,,
2025-343T02:10:25.906,,418.0,73.0,858.0,602.0,478.0,272.0,2050.0,2036.0,2066.0,2060.0
2025-343T02:10:28.906,0.0,,,,,,,,,,
2025-343T02:10:34.906,,418.0,73.0,858.0,602.0,478.0,272.0,2049.0,2036.0,2066.0,2061.0
2025-343T02:10:35.906,0.0,,,,,,,,,,
2025-343T02:10:40.906,0.0,,,,,,,,,,
2025-343T02:10:43.906,,418.0,73.0,858.0,602.0,478.0,272.0,2050.0,2036.0,2066.0,2061.0
2025-343T02:10:46.906,0.0,,,,,,,,,,
2025-343T02:10:52.906,,418.0,73.0,858.0,602.0,478.0,272.0,2050.0,2037.0,2066.0,2061.0
2025-343T02:10:53.905,0.0,,,,,,,,,,
2025-343T02:10:58.905,0.0,,,,,,,,,,
2025-343T02:11:01.905,,418.0,73.0,858.0,602.0,478.0,272.0,2049.0,2037.0,2066.0,2061.0
2025-343T02:11:04.905,0.0,,,,,,,,,,
2025-343T02:11:10.905,,418.0,73.0,858.0,602.0,478.0,272.0,2050.0,2036.0,2066.0,2060.0
2025-343T02:11:11.905,0.0,,,,,,,,,,
2025-343T02:11:16.905,0.0,,,,,,,,,,
2025-343T02:11:19.905,,418.0,73.0,858.0,602.0,478.0,272.0,2049.0,2037.0,2066.0,2061.0
2025-343T02:11:22.905,0.0,,,,,,,,,,
2025-343T02:11:28.905,,418.0,73.0,858.0,602.0,478.0,272.0,2050.0,2037.0,2066.0,2061.0
2025-343T02:11:29.905,0.0,,,,,,,,,,
2025-343T02:11:34.905,0.0,,,,,,,,,,
2025-343T02:11:37.905,,418.0,73.0,858.0,602.0,478.0,272.0,2050.0,2037.0,2066.0,2061.0
2025-343T02:11:40.905,0.0,,,,,,,,,,
2025-343T02:11:46.905,,418.0,73.0,858.0,602.0,478.0,272.0,2049.0,2036.0,2066.0,2061.0
2025-343T02:11:47.905,0.0,,,,,,,,,,
2025-343T02:11:52.905,0.0,,,,,,,,,,
2025-343T02:11:55.905,,418.0,73.0,858.0,602.0,478.0,272.0,2050.0,2037.0,2066.0,2061.0
2025-343T02:11:58.905,0.0,,,,,,,,,,
2025-343T02:12:04.905,,418.0,73.0,858.0,602.0,478.0,272.0,2050.0,2037.0,2066.0,2060.0
2025-343T02:12:05.905,0.0,,,,,,,,,,
2025-343T02:12:10.904,0.0,,,,,,,,,,
2025-343T02:12:13.905,,418.0,73.0,858.0,602.0,478.0,272.0,2050.0,2037.0,2066.0,2061.0
2025-343T02:12:16.904,0.0,,,,,,,,,,
2025-343T02:12:22.904,,418.0,73.0,858.0,602.0,478.0,272.0,2049.0,2037.0,2066.0,2060.0
2025-343T02:12:23.904,0.0,,,,,,,,,,
2025-343T02:12:28.904,0.0,,,,,,,,,,
2025-343T02:12:31.904,,418.0,73.0,858.0,602.0,478.0,272.0,2049.0,2036.0,2066.0,2060.0
2025-343T02:12:34.904,0.0,,,,,,,,,,
2025-343T02:12:40.904,,418.0,73.0,858.0,602.0,478.0,272.0,2062.0,2037.0,2066.0,2060.0
2025-343T02:12:41.904,0.0,,,,,,,,,,
2025-343T02:12:46.904,0.0,,,,,,,,,,
2025-343T02:12:49.904,,418.0,73.0,858.0,602.0,478.0,272.0,2050.0,2036.0,2066.0,2060.0
2025-343T02:12:52.904,0.0,,,,,,,,,,
2025-343T02:12:58.904,,418.0,73.0,858.0,602.0,478.0,272.0,2050.0,2036.0,2066.0,2060.0
2025-343T02:12:59.904,0.0,,,,,,,,,,
2025-343T02:13:04.904,0.0,,,,,,,,,,
2025-343T02:13:07.904,,418.0,73.0,858.0,602.0,478.0,272.0,2050.0,2036.0,2066.0,2060.0
2025-343T02:13:10.904,0.0,,,,,,,,,,
2025-343T02:13:16.904,,418.0,73.0,858.0,602.0,478.0,272.0,2050.0,2036.0,2066.0,2061.0
2025-343T02:13:17.904,0.0,,,,,,,,,,
2025-343T02:13:22.904,0.0,,,,,,,,,,
2025-343T02:13:25.904,,418.0,73.0,858.0,602.0,478.0,272.0,2050.0,2036.0,2066.0,2060.0
2025-343T02:13:28.904,0.0,,,,,,,,,,
2025-343T02:13:34.904,,418.0,73.0,858.0,602.0,478.0,272.0,2050.0,2037.0,2066.0,2060.0
2025-343T02:13:35.903,0.0,,,,,,,,,,
2025-343T02:13:40.903,0.0,,,,,,,,,,
2025-343T02:13:43.903,,418.0,73.0,858.0,602.0,478.0,272.0,2050.0,2037.0,2066.0,2060.0
2025-343T02:13:46.903,0.0,,,,,,,,,,
2025-343T02:13:52.903,,418.0,73.0,858.0,602.0,478.0,272.0,2050.0,2037.0,2066.0,2060.0
2025-343T02:13:53.903,0.0,,,,,,,,,,
2025-343T02:13:58.903,0.0,,,,,,,,,,
2025-343T02:14:01.903,,418.0,73.0,858.0,602.0,478.0,272.0,2050.0,2037.0,2066.0,2060.0
2025-343T02:14:04.903,0.0,,,,,,,,,,
2025-343T02:14:10.903,,418.0,73.0,858.0,602.0,478.0,272.0,2050.0,2036.0,2066.0,2060.0
2025-343T02:14:11.903,0.0,,,,,,,,,,
2025-343T02:14:16.903,0.0,,,,,,,,,,
2025-343T02:14:19.903,,418.0,73.0,858.0,602.0,478.0,272.0,2050.0,2036.0,2066.0,2061.0
2025-343T02:14:22.903,0.0,,,,,,,,,,
2025-343T02:14:28.903,,418.0,73.0,858.0,602.0,478.0,272.0,2050.0,2037.0,2066.0,2061.0
2025-343T02:14:29.903,0.0,,,,,,,,,,
2025-343T02:14:34.903,0.0,,,,,,,,,,
2025-343T02:14:37.903,,418.0,73.0,858.0,602.0,478.0,272.0,2050.0,2036.0,2066.0,2061.0
2025-343T02:14:40.903,0.0,,,,,,,,,,
2025-343T02:14:46.903,,418.0,73.0,858.0,602.0,478.0,272.0,2050.0,2036.0,2066.0,2061.0
2025-343T02:14:47.903,0.0,,,,,,,,,,
2025-343T02:14:52.902,0.0,,,,,,,,,,
2025-343T02:14:55.903,,418.0,73.0,858.0,602.0,478.0,272.0,2050.0,2036.0,2066.0,2060.0
2025-343T02:14:58.902,0.0,,,,,,,,,,
2025-343T02:15:04.902,,418.0,73.0,858.0,602.0,478.0,272.0,2049.0,2037.0,2066.0,2061.0
2025-343T02:15:05.902,0.0,,,,,,,,,,
2025-343T02:15:10.902,0.0,,,,,,,,,,
2025-343T02:15:13.902,,418.0,73.0,858.0,602.0,478.0,272.0,2049.0,2037.0,2066.0,2060.0
2025-343T02:15:16.902,0.0,,,,,,,,,,
2025-343T02:15:22.902,,418.0,73.0,858.0,602.0,478.0,272.0,2050.0,2037.0,2066.0,2060.0
2025-343T02:15:23.902,0.0,,,,,,,,,,
2025-343T02:15:28.902,0.0,,,,,,,,,,
2025-343T02:15:31.902,,418.0,73.0,858.0,602.0,478.0,272.0,2050.0,2037.0,2066.0,2060.0
2025-343T02:15:34.902,0.0,,,,,,,,,,
2025-343T02:15:40.902,,418.0,73.0,858.0,602.0,478.0,272.0,2050.0,2037.0,2066.0,2060.0
2025-343T02:15:41.902,0.0,,,,,,,,,,
2025-343T02:15:46.902,0.0,,,,,,,,,,
2025-343T02:15:49.902,,418.0,73.0,858.0,602.0,478.0,272.0,2050.0,2037.0,2066.0,2060.0
2025-343T02:15:52.902,0.0,,,,,,,,,,
2025-343T02:15:58.902,,418.0,73.0,858.0,602.0,478.0,272.0,4095.0,0.0,2076.0,1912.0
2025-343T02:15:59.902,0.0,,,,,,,,,,
2025-343T02:16:04.902,0.0,,,,,,,,,,
2025-343T02:16:07.902,,418.0,73.0,858.0,602.0,478.0,272.0,2053.0,2037.0,2066.0,2061.0
2025-343T02:16:10.901,0.0,,,,,,,,,,
2025-343T02:16:16.902,,418.0,73.0,858.0,602.0,478.0,272.0,2050.0,2036.0,2066.0,2061.0
2025-343T02:16:17.901,0.0,,,,,,,,,,
2025-343T02:16:22.901,0.0,,,,,,,,,,
2025-343T02:16:25.901,,418.0,73.0,858.0,602.0,478.0,272.0,2053.0,2036.0,2066.0,2060.0
2025-343T02:16:28.901,0.0,,,,,,,,,,
2025-343T02:16:34.901,,418.0,73.0,858.0,602.0,478.0,272.0,2054.0,2036.0,2066.0,2061.0
2025-343T02:16:35.901,0.0,,,,,,,,,,
2025-343T02:16:40.901,0.0,,,,,,,,,,
2025-343T02:16:43.901,,418.0,73.0,858.0,602.0,478.0,272.0,2053.0,2036.0,2066.0,2061.0
2025-343T02:16:46.901,0.0,,,,,,,,,,
2025-343T02:16:52.901,,418.0,73.0,858.0,602.0,478.0,272.0,2051.0,2035.0,2066.0,2060.0
2025-343T02:16:53.901,0.0,,,,,,,,,,
2025-343T02:16:58.901,0.0,,,,,,,,,,
2025-343T02:17:01.901,,418.0,73.0,858.0,602.0,478.0,272.0,2053.0,2036.0,2066.0,2061.0
2025-343T02:17:04.901,0.0,,,,,,,,,,
2025-343T02:17:10.901,,418.0,73.0,858.0,602.0,478.0,272.0,2054.0,2036.0,2066.0,2060.0
2025-343T02:17:11.901,0.0,,,,,,,,,,
2025-343T02:17:16.901,0.0,,,,,,,,,,
2025-343T02:17:19.901,,418.0,73.0,858.0,602.0,478.0,272.0,2053.0,2036.0,2066.0,2060.0
2025-343T02:17:22.901,0.0,,,,,,,,,,
2025-343T02:17:28.901,,418.0,73.0,858.0,602.0,478.0,272.0,2052.0,2036.0,2066.0,2060.0
2025-343T02:17:29.900,0.0,,,,,,,,,,
2025-343T02:17:34.900,0.0,,,,,,,,,,
2025-343T02:17:37.900,,418.0,73.0,858.0,602.0,478.0,272.0,2053.0,2036.0,2066.0,2061.0
2025-343T02:17:40.900,0.0,,,,,,,,,,
2025-343T02:17:46.900,,418.0,73.0,858.0,602.0,478.0,272.0,2053.0,2036.0,2066.0,2060.0
2025-343T02:17:47.900,0.0,,,,,,,,,,
2025-343T02:17:52.900,0.0,,,,,,,,,,
2025-343T02:17:55.900,,418.0,73.0,858.0,602.0,478.0,272.0,2053.0,2036.0,2066.0,2060.0
2025-343T02:17:58.900,0.0,,,,,,,,,,
2025-343T02:18:04.900,,418.0,73.0,858.0,602.0,478.0,272.0,2050.0,2036.0,2066.0,2060.0
2025-343T02:18:05.900,0.0,,,,,,,,,,
2025-343T02:18:10.900,0.0,,,,,,,,,,
2025-343T02:18:13.900,,418.0,73.0,858.0,602.0,478.0,272.0,2053.0,2034.0,2066.0,2060.0
2025-343T02:18:16.900,0.0,,,,,,,,,,
2025-343T02:18:22.900,,418.0,73.0,858.0,602.0,478.0,272.0,2053.0,2036.0,2066.0,2061.0
2025-343T02:18:23.900,0.0,,,,,,,,,,
2025-343T02:18:28.900,0.0,,,,,,,,,,
2025-343T02:18:31.900,,418.0,73.0,858.0,602.0,478.0,272.0,2053.0,2034.0,2066.0,2060.0
2025-343T02:18:34.900,0.0,,,,,,,,,,
2025-343T02:18:40.900,,418.0,73.0,858.0,602.0,478.0,272.0,2050.0,2036.0,2066.0,2060.0
2025-343T02:18:41.900,0.0,,,,,,,,,,
2025-343T02:18:46.899,0.0,,,,,,,,,,
2025-343T02:18:49.900,,418.0,73.0,858.0,602.0,478.0,272.0,4095.0,484.0,2098.0,2051.0
2025-343T02:18:52.899,0.0,,,,,,,,,,
2025-343T02:18:58.899,,418.0,73.0,651.0,602.0,478.0,272.0,2051.0,2036.0,2066.0,2061.0
2025-343T02:18:59.899,0.0,,,,,,,,,,
2025-343T02:19:04.899,0.0,,,,,,,,,,
2025-343T02:19:07.899,,418.0,73.0,858.0,602.0,478.0,272.0,4095.0,0.0,2076.0,1912.0
2025-343T02:19:10.899,0.0,,,,,,,,,,
2025-343T02:19:16.899,,418.0,73.0,858.0,602.0,478.0,272.0,2055.0,2036.0,2066.0,2060.0
2025-343T02:19:17.899,0.0,,,,,,,,,,
2025-343T02:19:22.899,0.0,,,,,,,,,,
2025-343T02:19:25.899,,418.0,73.0,858.0,602.0,478.0,272.0,2053.0,2036.0,2066.0,2061.0
2025-343T02:19:28.899,0.0,,,,,,,,,,
2025-343T02:19:34.899,,418.0,73.0,858.0,515.0,478.0,272.0,2052.0,2036.0,2066.0,2061.0
2025-343T02:19:35.899,0.0,,,,,,,,,,
2025-343T02:19:40.899,0.0,,,,,,,,,,
2025-343T02:19:43.899,,418.0,73.0,858.0,602.0,478.0,272.0,4095.0,484.0,2098.0,2051.0
2025-343T02:19:46.899,0.0,,,,,,,,,,
2025-343T02:19:52.899,,418.0,73.0,858.0,515.0,478.0,272.0,2050.0,2037.0,2066.0,2061.0
2025-343T02:19:53.899,0.0,,,,,,,,,,
2025-343T02:19:58.899,0.0,,,,,,,,,,
2025-343T02:20:01.899,,418.0,73.0,858.0,602.0,478.0,272.0,2051.0,2024.0,2066.0,2060.0
2025-343T02:20:04.899,0.0,,,,,,,,,,
2025-343T02:20:10.899,,418.0,73.0,858.0,602.0,478.0,272.0,4095.0,0.0,2075.0,1912.0
2025-343T02:20:11.898,0.0,,,,,,,,,,
2025-343T02:20:16.898,0.0,,,,,,,,,,
2025-343T02:20:19.898,,418.0,73.0,858.0,602.0,478.0,272.0,2053.0,2036.0,2066.0,2061.0
2025-343T02:20:22.898,0.0,,,,,,,,,,
2025-343T02:20:28.898,,418.0,73.0,858.0,602.0,478.0,272.0,2050.0,2037.0,2066.0,2060.0
2025-343T02:20:29.898,0.0,,,,,,,,,,
2025-343T02:20:34.898,0.0,,,,,,,,,,
2025-343T02:20:37.898,,418.0,73.0,858.0,602.0,478.0,272.0,2053.0,2036.0,2066.0,2060.0
2025-343T02:20:40.898,0.0,,,,,,,,,,
2025-343T02:20:46.898,,418.0,73.0,858.0,602.0,478.0,272.0,4095.0,487.0,2098.0,2051.0
2025-343T02:20:47.898,0.0,,,,,,,,,,
2025-343T02:20:52.898,0.0,,,,,,,,,,
2025-343T02:20:55.898,,418.0,73.0,858.0,602.0,478.0,272.0,2050.0,2037.0,2066.0,2061.0
2025-343T02:20:58.898,0.0,,,,,,,,,,
2025-343T02:21:04.898,,418.0,73.0,858.0,602.0,478.0,272.0,2050.0,2036.0,2066.0,2060.0
2025-343T02:21:05.898,0.0,,,,,,,,,,
2025-343T02:21:10.898,0.0,,,,,,,,,,
2025-343T02:21:13.898,,418.0,73.0,858.0,602.0,478.0,272.0,4095.0,0.0,2076.0,1912.0
2025-343T02:21:16.898,0.0,,,,,,,,,,
2025-343T02:21:22.898,,418.0,73.0,858.0,602.0,478.0,272.0,2054.0,2028.0,2066.0,2061.0
2025-343T02:21:23.897,0.0,,,,,,,,,,
2025-343T02:21:28.897,0.0,,,,,,,,,,
2025-343T02:21:31.897,,418.0,73.0,858.0,602.0,478.0,272.0,2052.0,2036.0,2066.0,2060.0
2025-343T02:21:34.897,0.0,,,,,,,,,,
2025-343T02:21:40.897,,418.0,73.0,858.0,602.0,478.0,272.0,4095.0,487.0,2098.0,2051.0
2025-343T02:21:41.897,0.0,,,,,,,,,,
2025-343T02:21:46.897,0.0,,,,,,,,,,
2025-343T02:21:49.997,,418.0,73.0,858.0,602.0,478.0,272.0,2049.0,2037.0,2066.0,2060.0
2025-343T02:21:50.997,0.0,,,,,,,,,,
2025-343T02:21:55.997,0.0,,,,,,,,,,
2025-343T02:21:58.997,,418.0,73.0,858.0,602.0,478.0,272.0,2052.0,2036.0,2066.0,2060.0
2025-343T02:22:01.997,0.0,,,,,,,,,,
2025-343T02:22:07.997,,418.0,73.0,858.0,602.0,478.0,272.0,2050.0,2037.0,2066.0,2060.0
2025-343T02:22:08.997,0.0,,,,,,,,,,
2025-343T02:22:13.997,0.0,,,,,,,,,,
2025-343T02:22:16.997,,418.0,73.0,858.0,602.0,478.0,272.0,4095.0,0.0,2075.0,1912.0
2025-343T02:22:19.997,0.0,,,,,,,,,,
2025-343T02:22:25.997,,418.0,73.0,858.0,602.0,478.0,272.0,2053.0,2036.0,2066.0,2060.0
2025-343T02:22:26.997,0.0,,,,,,,,,,
2025-343T02:22:31.997,0.0,,,,,,,,,,
2025-343T02:22:34.997,,418.0,73.0,858.0,602.0,478.0,272.0,2053.0,2036.0,2066.0,2060.0
2025-343T02:22:37.997,0.0,,,,,,,,,,
2025-343T02:22:43.997,,418.0,73.0,858.0,602.0,478.0,272.0,4095.0,487.0,2099.0,2051.0
2025-343T02:22:44.996,0.0,,,,,,,,,,
2025-343T02:22:49.996,0.0,,,,,,,,,,
2025-343T02:22:52.996,,418.0,73.0,858.0,602.0,478.0,272.0,2050.0,2037.0,2066.0,2061.0
2025-343T02:22:55.996,0.0,,,,,,,,,,
2025-343T02:23:01.996,,418.0,73.0,858.0,602.0,478.0,272.0,2050.0,2037.0,2066.0,2060.0
2025-343T02:23:02.996,0.0,,,,,,,,,,
2025-343T02:23:07.996,0.0,,,,,,,,,,
2025-343T02:23:10.996,,418.0,73.0,858.0,602.0,478.0,272.0,4095.0,0.0,2076.0,1912.0
2025-343T02:23:13.996,0.0,,,,,,,,,,
2025-343T02:23:19.996,,418.0,73.0,858.0,602.0,478.0,272.0,2053.0,2036.0,2066.0,2060.0
2025-343T02:23:20.996,0.0,,,,,,,,,,
2025-343T02:23:25.996,0.0,,,,,,,,,,
2025-343T02:23:28.996,,418.0,73.0,858.0,602.0,478.0,272.0,2050.0,2036.0,2066.0,2060.0
2025-343T02:23:31.996,0.0,,,,,,,,,,
2025-343T02:23:37.996,,418.0,73.0,858.0,602.0,478.0,272.0,4095.0,485.0,2098.0,2051.0
2025-343T02:23:38.996,0.0,,,,,,,,,,
2025-343T02:23:43.996,0.0,,,,,,,,,,
2025-343T02:23:46.996,,418.0,73.0,858.0,602.0,478.0,272.0,4095.0,1024.0,2096.0,2052.0
2025-343T02:23:49.996,0.0,,,,,,,,,,
2025-343T02:23:55.996,,418.0,73.0,858.0,602.0,478.0,272.0,2050.0,2036.0,2066.0,2060.0
2025-343T02:23:56.996,0.0,,,,,,,,,,
2025-343T02:24:01.995,0.0,,,,,,,,,,
2025-343T02:24:04.996,,418.0,73.0,858.0,602.0,478.0,272.0,2050.0,2037.0,2066.0,2060.0
2025-343T02:24:07.995,0.0,,,,,,,,,,
2025-343T02:24:13.995,,418.0,73.0,858.0,602.0,478.0,272.0,4095.0,0.0,2075.0,1912.0
2025-343T02:24:14.995,0.0,,,,,,,,,,
2025-343T02:24:19.995,0.0,,,,,,,,,,
2025-343T02:24:22.995,,418.0,73.0,858.0,602.0,478.0,272.0,2053.0,2036.0,2066.0,2061.0
2025-343T02:24:25.995,0.0,,,,,,,,,,
2025-343T02:24:31.995,,418.0,73.0,858.0,602.0,478.0,272.0,2054.0,2036.0,2066.0,2060.0
2025-343T02:24:32.995,0.0,,,,,,,,,,
2025-343T02:24:37.995,0.0,,,,,,,,,,
2025-343T02:24:40.995,,418.0,73.0,858.0,602.0,478.0,272.0,4095.0,483.0,2098.0,2051.0
2025-343T02:24:43.995,0.0,,,,,,,,,,
2025-343T02:24:49.995,,418.0,73.0,858.0,602.0,478.0,272.0,2050.0,2036.0,2066.0,2061.0
2025-343T02:24:50.995,0.0,,,,,,,,,,
2025-343T02:24:55.995,0.0,,,,,,,,,,
2025-343T02:24:58.995,,418.0,73.0,858.0,602.0,478.0,272.0,2050.0,2036.0,2066.0,2060.0
2025-343T02:25:01.995,0.0,,,,,,,,,,
2025-343T02:25:07.995,,418.0,73.0,858.0,602.0,478.0,272.0,2050.0,2035.0,2066.0,2061.0
2025-343T02:25:08.995,0.0,,,,,,,,,,
2025-343T02:25:13.995,0.0,,,,,,,,,,
2025-343T02:25:16.995,,418.0,73.0,858.0,602.0,478.0,272.0,4095.0,0.0,2075.0,1912.0
2025-343T02:25:19.994,0.0,,,,,,,,,,
2025-343T02:25:25.995,,418.0,73.0,858.0,602.0,478.0,272.0,2053.0,2036.0,2066.0,2060.0
2025-343T02:25:26.994,0.0,,,,,,,,,,
2025-343T02:25:31.994,0.0,,,,,,,,,,
2025-343T02:25:34.994,,418.0,73.0,858.0,602.0,478.0,272.0,2052.0,2036.0,2066.0,2061.0
2025-343T02:25:37.994,0.0,,,,,,,,,,
2025-343T02:25:43.994,,418.0,73.0,858.0,602.0,478.0,272.0,4095.0,484.0,2098.0,2051.0
2025-343T02:25:44.994,0.0,,,,,,,,,,
2025-343T02:25:49.994,0.0,,,,,,,,,,
2025-343T02:25:52.994,,418.0,73.0,858.0,602.0,478.0,272.0,2052.0,2037.0,2066.0,2060.0
2025-343T02:25:55.994,0.0,,,,,,,,,,
2025-343T02:26:01.994,,418.0,73.0,858.0,602.0,478.0,272.0,2050.0,2036.0,2066.0,2060.0
2025-343T02:26:02.994,0.0,,,,,,,,,,
2025-343T02:26:07.994,0.0,,,,,,,,,,
2025-343T02:26:10.994,,418.0,73.0,858.0,602.0,478.0,272.0,2050.0,2037.0,2066.0,2061.0
2025-343T02:26:13.994,0.0,,,,,,,,,,
2025-343T02:26:19.994,,418.0,73.0,858.0,602.0,478.0,272.0,4095.0,0.0,2076.0,1912.0
2025-343T02:26:20.994,0.0,,,,,,,,,,
2025-343T02:26:25.994,0.0,,,,,,,,,,
2025-343T02:26:28.994,,418.0,73.0,858.0,602.0,478.0,272.0,2061.0,1828.0,2067.0,2061.0
2025-343T02:26:31.994,0.0,,,,,,,,,,
2025-343T02:26:37.994,,418.0,73.0,858.0,602.0,478.0,272.0,2052.0,2036.0,2066.0,2060.0
2025-343T02:26:38.993,0.0,,,,,,,,,,
2025-343T02:26:43.993,0.0,,,,,,,,,,
2025-343T02:26:46.993,,418.0,73.0,858.0,602.0,478.0,272.0,4095.0,483.0,2098.0,2051.0
2025-343T02:26:49.993,0.0,,,,,,,,,,
2025-343T02:26:55.993,,418.0,73.0,858.0,602.0,478.0,272.0,2050.0,2037.0,2066.0,2060.0
2025-343T02:26:56.993,0.0,,,,,,,,,,
2025-343T02:27:01.993,0.0,,,,,,,,,,
2025-343T02:27:04.993,,418.0,73.0,858.0,602.0,478.0,272.0,2051.0,2037.0,2066.0,2060.0
2025-343T02:27:07.993,0.0,,,,,,,,,,
2025-343T02:27:13.993,,418.0,73.0,858.0,602.0,478.0,272.0,2050.0,2036.0,2066.0,2060.0
2025-343T02:27:14.993,0.0,,,,,,,,,,
2025-343T02:27:19.993,0.0,,,,,,,,,,
2025-343T02:27:22.993,,418.0,73.0,858.0,602.0,478.0,272.0,2050.0,2037.0,2066.0,2061.0
2025-343T02:27:25.993,0.0,,,,,,,,,,
2025-343T02:27:31.993,,418.0,73.0,858.0,602.0,478.0,272.0,4095.0,0.0,2075.0,1912.0
2025-343T02:27:32.993,0.0,,,,,,,,,,
2025-343T02:27:37.993,0.0,,,,,,,,,,
2025-343T02:27:40.993,,418.0,73.0,858.0,602.0,478.0,272.0,2050.0,2036.0,2066.0,2060.0
2025-343T02:27:43.993,0.0,,,,,,,,,,
2025-343T02:27:49.993,,418.0,73.0,858.0,602.0,478.0,272.0,4095.0,484.0,2098.0,2051.0
2025-343T02:27:50.992,0.0,,,,,,,,,,
2025-343T02:27:55.992,0.0,,,,,,,,,,
2025-343T02:27:58.992,,418.0,73.0,858.0,602.0,478.0,272.0,2142.0,1939.0,2066.0,2059.0
2025-343T02:28:01.992,0.0,,,,,,,,,,
2025-343T02:28:07.992,,418.0,73.0,858.0,602.0,478.0,272.0,2050.0,2037.0,2066.0,2060.0
2025-343T02:28:08.992,0.0,,,,,,,,,,
2025-343T02:28:13.992,0.0,,,,,,,,,,
2025-343T02:28:16.992,,418.0,73.0,858.0,602.0,478.0,272.0,2053.0,2036.0,2066.0,2060.0
2025-343T02:28:19.992,0.0,,,,,,,,,,
2025-343T02:28:25.992,,418.0,73.0,858.0,602.0,478.0,272.0,2050.0,2036.0,2066.0,2060.0
2025-343T02:28:26.992,0.0,,,,,,,,,,
2025-343T02:28:31.992,0.0,,,,,,,,,,
2025-343T02:28:34.992,,418.0,73.0,858.0,602.0,478.0,272.0,2050.0,2037.0,2066.0,2060.0
2025-343T02:28:37.992,0.0,,,,,,,,,,
2025-343T02:28:43.992,,418.0,73.0,858.0,602.0,478.0,272.0,4095.0,0.0,2075.0,1912.0
2025-343T02:28:44.992,0.0,,,,,,,,,,
2025-343T02:28:49.992,0.0,,,,,,,,,,
2025-343T02:28:52.992,,418.0,73.0,858.0,602.0,478.0,272.0,2050.0,2036.0,2066.0,2060.0
2025-343T02:28:55.992,0.0,,,,,,,,,,
2025-343T02:29:01.992,,418.0,73.0,858.0,602.0,478.0,272.0,4095.0,484.0,2098.0,2051.0
2025-343T02:29:02.992,0.0,,,,,,,,,,
2025-343T02:29:07.991,0.0,,,,,,,,,,
2025-343T02:29:10.992,,418.0,73.0,858.0,602.0,478.0,272.0,2050.0,2036.0,2066.0,2060.0
2025-343T02:29:13.991,0.0,,,,,,,,,,
2025-343T02:29:19.991,,418.0,73.0,858.0,602.0,478.0,272.0,2181.0,2013.0,2066.0,2060.0
2025-343T02:29:20.991,0.0,,,,,,,,,,
2025-343T02:29:25.991,0.0,,,,,,,,,,
2025-343T02:29:28.991,,418.0,73.0,858.0,602.0,478.0,272.0,4095.0,316.0,2101.0,2046.0
2025-343T02:29:31.991,0.0,,,,,,,,,,
2025-343T02:29:37.991,,418.0,73.0,858.0,602.0,478.0,272.0,2050.0,2036.0,2066.0,2060.0
2025-343T02:29:38.991,0.0,,,,,,,,,,
2025-343T02:29:43.991,0.0,,,,,,,,,,
2025-343T02:29:46.991,,418.0,73.0,858.0,602.0,478.0,272.0,2050.0,2037.0,2066.0,2060.0
2025-343T02:29:49.991,0.0,,,,,,,,,,
2025-343T02:29:55.991,,418.0,73.0,858.0,602.0,478.0,272.0,2050.0,2036.0,2066.0,2060.0
2025-343T02:29:56.991,0.0,,,,,,,,,,
2025-343T02:30:01.991,0.0,,,,,,,,,,
2025-343T02:30:04.991,,418.0,73.0,858.0,602.0,478.0,272.0,4095.0,0.0,2076.0,1912.0
2025-343T02:30:07.991,0.0,,,,,,,,,,
2025-343T02:30:13.991,,418.0,73.0,858.0,602.0,478.0,272.0,2054.0,2037.0,2066.0,2060.0
2025-343T02:30:14.991,0.0,,,,,,,,,,
2025-343T02:30:19.991,0.0,,,,,,,,,,
2025-343T02:30:22.991,,418.0,73.0,858.0,602.0,478.0,272.0,4095.0,487.0,2098.0,2051.0
2025-343T02:30:25.990,0.0,,,,,,,,,,
2025-343T02:30:31.990,,418.0,73.0,858.0,602.0,478.0,272.0,2088.0,2032.0,2066.0,2061.0
2025-343T02:30:32.990,0.0,,,,,,,,,,
2025-343T02:30:37.990,0.0,,,,,,,,,,
2025-343T02:30:40.990,,418.0,73.0,858.0,602.0,478.0,272.0,2050.0,2037.0,2066.0,2060.0
2025-343T02:30:43.990,0.0,,,,,,,,,,
2025-343T02:30:49.990,,418.0,73.0,858.0,602.0,478.0,272.0,2049.0,2037.0,2066.0,2060.0
2025-343T02:30:50.990,0.0,,,,,,,,,,
2025-343T02:30:55.990,0.0,,,,,,,,,,
2025-343T02:30:58.990,,418.0,73.0,858.0,602.0,478.0,272.0,2050.0,2037.0,2066.0,2060.0
2025-343T02:31:01.990,0.0,,,,,,,,,,
2025-343T02:31:07.990,,418.0,73.0,858.0,602.0,478.0,272.0,2049.0,2037.0,2066.0,2060.0
2025-343T02:31:08.990,0.0,,,,,,,,,,
2025-343T02:31:13.990,0.0,,,,,,,,,,
2025-343T02:31:16.990,,418.0,73.0,858.0,602.0,478.0,272.0,2050.0,2037.0,2066.0,2060.0
2025-343T02:31:19.990,0.0,,,,,,,,,,
2025-343T02:31:25.990,,418.0,73.0,858.0,602.0,478.0,272.0,4095.0,0.0,2075.0,1913.0
2025-343T02:31:26.990,0.0,,,,,,,,,,
2025-343T02:31:31.990,0.0,,,,,,,,,,
2025-343T02:31:34.990,,418.0,73.0,858.0,602.0,478.0,272.0,2052.0,2035.0,2066.0,2060.0
2025-343T02:31:37.989,0.0,,,,,,,,,,
2025-343T02:31:43.990,,418.0,73.0,858.0,602.0,478.0,272.0,4095.0,485.0,2098.0,2051.0
2025-343T02:31:44.989,0.0,,,,,,,,,,
2025-343T02:31:49.989,0.0,,,,,,,,,,
2025-343T02:31:52.989,,418.0,73.0,858.0,602.0,478.0,272.0,2050.0,2037.0,2066.0,2061.0
2025-343T02:31:55.989,0.0,,,,,,,,,,
2025-343T02:32:01.989,,418.0,73.0,858.0,602.0,478.0,272.0,2050.0,2036.0,2066.0,2060.0
2025-343T02:32:02.989,0.0,,,,,,,,,,
2025-343T02:32:07.989,0.0,,,,,,,,,,
2025-343T02:32:10.989,,418.0,73.0,858.0,602.0,478.0,272.0,2050.0,2036.0,2066.0,2061.0
2025-343T02:32:13.989,0.0,,,,,,,,,,
2025-343T02:32:19.989,,418.0,73.0,858.0,602.0,478.0,272.0,2050.0,2037.0,2066.0,2060.0
2025-343T02:32:20.989,0.0,,,,,,,,,,
2025-343T02:32:25.989,0.0,,,,,,,,,,
2025-343T02:32:28.989,,418.0,73.0,858.0,602.0,478.0,272.0,2049.0,2037.0,2066.0,2061.0
2025-343T02:32:31.989,0.0,,,,,,,,,,
2025-343T02:32:37.989,,418.0,73.0,858.0,602.0,478.0,272.0,2060.0,2037.0,2066.0,2060.0
2025-343T02:32:38.989,0.0,,,,,,,,,,
2025-343T02:32:43.989,0.0,,,,,,,,,,
2025-343T02:32:46.989,,418.0,73.0,858.0,602.0,478.0,272.0,4095.0,0.0,2076.0,1913.0
2025-343T02:32:49.989,0.0,,,,,,,,,,
2025-343T02:32:55.989,,418.0,73.0,858.0,602.0,478.0,272.0,2061.0,1829.0,2067.0,2061.0
2025-343T02:32:56.988,0.0,,,,,,,,,,
2025-343T02:33:01.988,0.0,,,,,,,,,,
2025-343T02:33:04.988,,418.0,73.0,858.0,602.0,478.0,272.0,2051.0,2036.0,2066.0,2060.0
2025-343T02:33:07.988,0.0,,,,,,,,,,
2025-343T02:33:13.988,,418.0,73.0,858.0,602.0,478.0,272.0,4095.0,483.0,2098.0,2051.0
2025-343T02:33:14.988,0.0,,,,,,,,,,
2025-343T02:33:19.988,0.0,,,,,,,,,,
2025-343T02:33:22.988,,418.0,73.0,858.0,602.0,478.0,272.0,2072.0,2034.0,2066.0,2061.0
2025-343T02:33:25.988,0.0,,,,,,,,,,
2025-343T02:33:31.988,,418.0,73.0,858.0,602.0,478.0,272.0,2052.0,2036.0,2066.0,2060.0
2025-343T02:33:32.988,0.0,,,,,,,,,,
2025-343T02:33:37.988,0.0,,,,,,,,,,
2025-343T02:33:40.988,,418.0,73.0,858.0,602.0,478.0,272.0,2049.0,2037.0,2066.0,2061.0
2025-343T02:33:43.988,0.0,,,,,,,,,,
2025-343T02:33:49.988,,418.0,73.0,858.0,602.0,478.0,272.0,2050.0,2036.0,2066.0,2061.0
2025-343T02:33:50.988,0.0,,,,,,,,,,
2025-343T02:33:55.988,0.0,,,,,,,,,,
2025-343T02:33:58.988,,418.0,73.0,858.0,602.0,478.0,272.0,2050.0,2036.0,2066.0,2061.0
2025-343T02:34:01.988,0.0,,,,,,,,,,
2025-343T02:34:07.988,,418.0,73.0,858.0,602.0,478.0,272.0,2050.0,2036.0,2066.0,2061.0
2025-343T02:34:08.987,0.0,,,,,,,,,,
2025-343T02:34:13.987,0.0,,,,,,,,,,
2025-343T02:34:16.987,,418.0,73.0,858.0,602.0,478.0,272.0,2050.0,2037.0,2066.0,2060.0
2025-343T02:34:19.987,0.0,,,,,,,,,,
2025-343T02:34:25.987,,418.0,73.0,858.0,602.0,478.0,272.0,4095.0,0.0,2076.0,1912.0
2025-343T02:34:26.987,0.0,,,,,,,,,,
2025-343T02:34:31.987,0.0,,,,,,,,,,
2025-343T02:34:34.987,,418.0,73.0,858.0,602.0,478.0,272.0,2053.0,2036.0,2066.0,2061.0
2025-343T02:34:37.987,0.0,,,,,,,,,,
2025-343T02:34:43.987,,418.0,73.0,858.0,602.0,478.0,272.0,4095.0,485.0,2098.0,2051.0
2025-343T02:34:44.987,0.0,,,,,,,,,,
2025-343T02:34:49.987,0.0,,,,,,,,,,
2025-343T02:34:52.987,,418.0,73.0,858.0,602.0,478.0,272.0,2050.0,2036.0,2066.0,2060.0
2025-343T02:34:55.987,0.0,,,,,,,,,,
2025-343T02:35:01.987,,418.0,73.0,858.0,602.0,478.0,272.0,2050.0,2037.0,2066.0,2060.0
2025-343T02:35:02.987,0.0,,,,,,,,,,
2025-343T02:35:07.987,0.0,,,,,,,,,,
2025-343T02:35:10.987,,418.0,73.0,858.0,602.0,478.0,272.0,2050.0,2037.0,2066.0,2061.0
2025-343T02:35:13.987,0.0,,,,,,,,,,
2025-343T02:35:19.987,,418.0,73.0,858.0,602.0,478.0,272.0,2050.0,2036.0,2066.0,2060.0
2025-343T02:35:20.987,0.0,,,,,,,,,,
2025-343T02:35:25.986,0.0,,,,,,,,,,
2025-343T02:35:28.987,,418.0,73.0,858.0,602.0,478.0,272.0,2050.0,2037.0,2066.0,2061.0
2025-343T02:35:31.986,0.0,,,,,,,,,,
2025-343T02:35:37.986,,418.0,73.0,858.0,602.0,478.0,272.0,2050.0,2037.0,2066.0,2061.0
2025-343T02:35:38.986,0.0,,,,,,,,,,
2025-343T02:35:43.986,0.0,,,,,,,,,,
2025-343T02:35:46.986,,418.0,73.0,858.0,602.0,478.0,272.0,2050.0,2037.0,2066.0,2060.0
2025-343T02:35:49.986,0.0,,,,,,,,,,
2025-343T02:35:55.986,,418.0,73.0,858.0,602.0,478.0,272.0,2050.0,2036.0,2066.0,2061.0
2025-343T02:35:56.986,0.0,,,,,,,,,,
2025-343T02:36:01.986,0.0,,,,,,,,,,
2025-343T02:36:04.986,,418.0,73.0,858.0,602.0,478.0,272.0,2050.0,2036.0,2066.0,2061.0
2025-343T02:36:07.986,0.0,,,,,,,,,,
2025-343T02:36:13.986,,418.0,73.0,858.0,602.0,478.0,272.0,4095.0,0.0,2076.0,1912.0
2025-343T02:36:14.986,0.0,,,,,,,,,,
2025-343T02:36:19.986,0.0,,,,,,,,,,
2025-343T02:36:22.986,,418.0,73.0,858.0,602.0,478.0,272.0,2054.0,2035.0,2066.0,2061.0
2025-343T02:36:25.986,0.0,,,,,,,,,,
2025-343T02:36:31.986,,418.0,73.0,858.0,602.0,478.0,272.0,4095.0,484.0,2098.0,2051.0
2025-343T02:36:32.986,0.0,,,,,,,,,,
2025-343T02:36:37.985,0.0,,,,,,,,,,
2025-343T02:36:40.986,,418.0,73.0,858.0,602.0,478.0,272.0,2121.0,2031.0,2066.0,2061.0
2025-343T02:36:43.985,0.0,,,,,,,,,,
2025-343T02:36:49.985,,418.0,73.0,858.0,602.0,478.0,272.0,2049.0,2037.0,2066.0,2061.0
2025-343T02:36:50.985,0.0,,,,,,,,,,
2025-343T02:36:55.985,0.0,,,,,,,,,,
2025-343T02:36:58.985,,418.0,73.0,858.0,602.0,478.0,272.0,2050.0,2036.0,2066.0,2061.0
2025-343T02:37:01.985,0.0,,,,,,,,,,
2025-343T02:37:07.985,,418.0,73.0,858.0,602.0,478.0,272.0,2050.0,2036.0,2066.0,2060.0
2025-343T02:37:08.985,0.0,,,,,,,,,,
2025-343T02:37:13.985,0.0,,,,,,,,,,
2025-343T02:37:16.985,,418.0,73.0,858.0,602.0,478.0,272.0,2050.0,2037.0,2066.0,2060.0
2025-343T02:37:19.985,0.0,,,,,,,,,,
2025-343T02:37:25.985,,418.0,73.0,858.0,602.0,478.0,272.0,2050.0,2036.0,2066.0,2060.0
2025-343T02:37:26.985,0.0,,,,,,,,,,
2025-343T02:37:31.985,0.0,,,,,,,,,,
2025-343T02:37:34.985,,418.0,73.0,858.0,602.0,478.0,272.0,2050.0,2037.0,2066.0,2060.0
2025-343T02:37:37.985,0.0,,,,,,,,,,
2025-343T02:37:43.985,,418.0,73.0,858.0,602.0,478.0,272.0,2050.0,2037.0,2066.0,2060.0
2025-343T02:37:44.985,0.0,,,,,,,,,,
2025-343T02:37:49.985,0.0,,,,,,,,,,
2025-343T02:37:52.985,,418.0,73.0,858.0,602.0,478.0,272.0,2050.0,2036.0,2066.0,2060.0
2025-343T02:37:55.984,0.0,,,,,,,,,,
2025-343T02:38:01.984,,418.0,73.0,858.0,602.0,478.0,272.0,4095.0,0.0,2075.0,1913.0
2025-343T02:38:02.984,0.0,,,,,,,,,,
2025-343T02:38:07.984,0.0,,,,,,,,,,
2025-343T02:38:10.984,,418.0,73.0,858.0,602.0,478.0,272.0,2061.0,1829.0,2067.0,2060.0
2025-343T02:38:13.984,0.0,,,,,,,,,,
2025-343T02:38:19.984,,418.0,73.0,858.0,602.0,478.0,272.0,4095.0,483.0,2098.0,2051.0
2025-343T02:38:20.984,0.0,,,,,,,,,,
2025-343T02:38:25.984,0.0,,,,,,,,,,
2025-343T02:38:28.984,,418.0,73.0,858.0,602.0,478.0,272.0,2142.0,1939.0,2066.0,2059.0
2025-343T02:38:31.984,0.0,,,,,,,,,,
2025-343T02:38:37.984,,418.0,73.0,858.0,602.0,478.0,272.0,2111.0,2026.0,2066.0,2060.0
2025-343T02:38:38.984,0.0,,,,,,,,,,
2025-343T02:38:43.984,0.0,,,,,,,,,,
2025-343T02:38:46.984,,418.0,73.0,858.0,602.0,478.0,272.0,2050.0,2037.0,2066.0,2060.0
2025-343T02:38:49.984,0.0,,,,,,,,,,
2025-343T02:38:55.984,,418.0,73.0,858.0,602.0,478.0,272.0,2050.0,2037.0,2066.0,2061.0
2025-343T02:38:56.984,0.0,,,,,,,,,,
2025-343T02:39:01.984,0.0,,,,,,,,,,
2025-343T02:39:04.984,,418.0,73.0,858.0,602.0,478.0,272.0,2050.0,2037.0,2066.0,2061.0
2025-343T02:39:07.983,0.0,,,,,,,,,,
2025-343T02:39:13.983,,418.0,73.0,858.0,602.0,478.0,272.0,2049.0,2037.0,2066.0,2060.0
2025-343T02:39:14.983,0.0,,,,,,,,,,
2025-343T02:39:19.983,0.0,,,,,,,,,,
2025-343T02:39:22.983,,418.0,73.0,858.0,602.0,478.0,272.0,2049.0,2036.0,2066.0,2061.0
2025-343T02:39:25.983,0.0,,,,,,,,,,
2025-343T02:39:31.983,,418.0,73.0,858.0,602.0,478.0,272.0,2049.0,2037.0,2066.0,2060.0
2025-343T02:39:32.983,0.0,,,,,,,,,,
2025-343T02:39:37.983,0.0,,,,,,,,,,
2025-343T02:39:40.983,,418.0,73.0,858.0,602.0,478.0,272.0,2050.0,2037.0,2066.0,2060.0
2025-343T02:39:43.983,0.0,,,,,,,,,,
2025-343T02:39:49.983,,418.0,73.0,858.0,602.0,478.0,272.0,2050.0,2037.0,2066.0,2061.0
2025-343T02:39:50.983,0.0,,,,,,,,,,
2025-343T02:39:55.983,0.0,,,,,,,,,,
2025-343T02:39:58.983,,418.0,73.0,858.0,602.0,478.0,272.0,4095.0,0.0,2075.0,1912.0
2025-343T02:40:01.983,0.0,,,,,,,,,,
2025-343T02:40:07.983,,418.0,73.0,858.0,602.0,478.0,272.0,2067.0,2033.0,2066.0,2060.0
2025-343T02:40:08.983,0.0,,,,,,,,,,
2025-343T02:40:13.983,0.0,,,,,,,,,,
2025-343T02:40:16.983,,418.0,73.0,858.0,602.0,478.0,272.0,2050.0,2036.0,2066.0,2060.0
2025-343T02:40:19.982,0.0,,,,,,,,,,
2025-343T02:40:25.983,,418.0,73.0,858.0,602.0,478.0,272.0,2143.0,2019.0,2066.0,2060.0
2025-343T02:40:26.982,0.0,,,,,,,,,,
2025-343T02:40:31.982,0.0,,,,,,,,,,
2025-343T02:40:34.982,,418.0,73.0,858.0,602.0,478.0,272.0,2053.0,2034.0,2067.0,2060.0
2025-343T02:40:37.982,0.0,,,,,,,,,,
2025-343T02:40:43.982,,418.0,73.0,858.0,602.0,478.0,272.0,2054.0,2036.0,2066.0,2061.0
2025-343T02:40:44.982,0.0,,,,,,,,,,
2025-343T02:40:49.982,0.0,,,,,,,,,,
2025-343T02:40:52.982,,418.0,73.0,858.0,602.0,478.0,272.0,3096.0,1698.0,2075.0,2059.0
2025-343T02:40:55.982,0.0,,,,,,,,,,
2025-343T02:41:01.982,,418.0,73.0,858.0,602.0,478.0,272.0,2053.0,2036.0,2066.0,2060.0
2025-343T02:41:02.982,0.0,,,,,,,,,,
2025-343T02:41:07.982,0.0,,,,,,,,,,
2025-343T02:41:10.982,,418.0,73.0,858.0,602.0,478.0,272.0,2053.0,2036.0,2066.0,2061.0
2025-343T02:41:13.982,0.0,,,,,,,,,,
2025-343T02:41:19.982,,418.0,73.0,858.0,602.0,478.0,272.0,2054.0,2028.0,2066.0,2060.0
2025-343T02:41:20.982,0.0,,,,,,,,,,
2025-343T02:41:25.982,0.0,,,,,,,,,,
2025-343T02:41:28.982,,418.0,73.0,858.0,602.0,478.0,272.0,2050.0,2036.0,2066.0,2060.0
2025-343T02:41:31.982,0.0,,,,,,,,,,
2025-343T02:41:37.982,,418.0,73.0,858.0,602.0,478.0,272.0,2054.0,2034.0,2066.0,2061.0
2025-343T02:41:38.981,0.0,,,,,,,,,,
2025-343T02:41:43.981,0.0,,,,,,,,,,
2025-343T02:41:46.981,,418.0,73.0,858.0,602.0,478.0,272.0,2067.0,2022.0,2066.0,2060.0
2025-343T02:41:49.981,0.0,,,,,,,,,,
2025-343T02:41:55.981,,418.0,73.0,858.0,602.0,478.0,272.0,2053.0,2036.0,2066.0,2060.0
2025-343T02:41:56.981,0.0,,,,,,,,,,
2025-343T02:42:01.981,0.0,,,,,,,,,,
2025-343T02:42:04.981,,418.0,73.0,858.0,602.0,478.0,272.0,2050.0,2036.0,2066.0,2061.0
2025-343T02:42:07.981,0.0,,,,,,,,,,
2025-343T02:42:13.981,,418.0,73.0,858.0,602.0,478.0,272.0,2052.0,2036.0,2066.0,2060.0
2025-343T02:42:14.981,0.0,,,,,,,,,,
2025-343T02:42:19.981,0.0,,,,,,,,,,
2025-343T02:42:22.981,,418.0,73.0,858.0,602.0,478.0,272.0,2053.0,2036.0,2066.0,2060.0
2025-343T02:42:25.981,0.0,,,,,,,,,,
2025-343T02:42:31.981,,418.0,73.0,858.0,602.0,478.0,272.0,2054.0,2036.0,2066.0,2060.0
2025-343T02:42:32.981,0.0,,,,,,,,,,
2025-343T02:42:37.981,0.0,,,,,,,,,,
2025-343T02:42:40.981,,418.0,73.0,858.0,602.0,478.0,272.0,2052.0,2021.0,2066.0,2060.0
2025-343T02:42:43.981,0.0,,,,,,,,,,
2025-343T02:42:49.981,,418.0,73.0,858.0,602.0,478.0,272.0,2054.0,2036.0,2066.0,2061.0
2025-343T02:42:50.980,0.0,,,,,,,,,,
2025-343T02:42:55.980,0.0,,,,,,,,,,
2025-343T02:42:58.980,,418.0,73.0,858.0,602.0,478.0,272.0,2053.0,2035.0,2066.0,2060.0
2025-343T02:43:01.980,0.0,,,,,,,,,,
2025-343T02:43:07.980,,418.0,73.0,858.0,602.0,478.0,272.0,2053.0,2030.0,2066.0,2060.0
2025-343T02:43:08.980,0.0,,,,,,,,,,
2025-343T02:43:13.980,0.0,,,,,,,,,,
2025-343T02:43:16.980,,418.0,73.0,858.0,602.0,478.0,272.0,2050.0,2034.0,2066.0,2060.0
2025-343T02:43:19.980,0.0,,,,,,,,,,
2025-343T02:43:25.980,,418.0,73.0,858.0,602.0,478.0,272.0,2055.0,2035.0,2066.0,2060.0
2025-343T02:43:26.980,0.0,,,,,,,,,,
2025-343T02:43:31.980,0.0,,,,,,,,,,
2025-343T02:43:34.980,,418.0,73.0,858.0,602.0,478.0,272.0,2052.0,2036.0,2066.0,2061.0
2025-343T02:43:37.980,0.0,,,,,,,,,,
2025-343T02:43:43.980,,418.0,73.0,858.0,602.0,478.0,272.0,2053.0,2036.0,2066.0,2060.0
2025-343T02:43:44.980,0.0,,,,,,,,,,
2025-343T02:43:49.980,0.0,,,,,,,,,,
2025-343T02:43:52.980,,418.0,73.0,858.0,602.0,478.0,272.0,2052.0,2036.0,2066.0,2061.0
2025-343T02:43:55.980,0.0,,,,,,,,,,
2025-343T02:44:01.980,,418.0,73.0,858.0,602.0,478.0,272.0,4095.0,486.0,2098.0,2051.0
2025-343T02:44:02.979,0.0,,,,,,,,,,
2025-343T02:44:07.979,0.0,,,,,,,,,,
2025-343T02:44:10.979,,418.0,73.0,858.0,602.0,478.0,272.0,2050.0,2036.0,2066.0,2061.0
2025-343T02:44:13.979,0.0,,,,,,,,,,
2025-343T02:44:19.979,,418.0,73.0,858.0,602.0,478.0,272.0,2050.0,2037.0,2066.0,2061.0
2025-343T02:44:20.979,0.0,,,,,,,,,,
2025-343T02:44:25.979,0.0,,,,,,,,,,
2025-343T02:44:28.979,,418.0,73.0,858.0,602.0,478.0,272.0,4095.0,0.0,2076.0,1912.0
2025-343T02:44:31.979,0.0,,,,,,,,,,
2025-343T02:44:37.979,,418.0,73.0,858.0,602.0,478.0,272.0,2054.0,2036.0,2066.0,2060.0
2025-343T02:44:38.979,0.0,,,,,,,,,,
2025-343T02:44:43.979,0.0,,,,,,,,,,
2025-343T02:44:46.979,,418.0,73.0,858.0,602.0,478.0,272.0,2053.0,2036.0,2066.0,2061.0
2025-343T02:44:49.979,0.0,,,,,,,,,,
2025-343T02:44:55.979,,418.0,73.0,858.0,602.0,478.0,272.0,2053.0,2035.0,2066.0,2061.0
2025-343T02:44:56.979,0.0,,,,,,,,,,
2025-343T02:45:01.979,0.0,,,,,,,,,,
2025-343T02:45:04.979,,418.0,73.0,858.0,602.0,478.0,272.0,2050.0,2036.0,2066.0,2061.0
2025-343T02:45:07.979,0.0,,,,,,,,,,
2025-343T02:45:13.979,,418.0,73.0,858.0,602.0,478.0,272.0,4095.0,484.0,2098.0,2051.0
2025-343T02:45:14.979,0.0,,,,,,,,,,
2025-343T02:45:19.978,0.0,,,,,,,,,,
2025-343T02:45:22.979,,418.0,73.0,858.0,602.0,478.0,272.0,2051.0,2036.0,2066.0,2060.0
2025-343T02:45:25.978,0.0,,,,,,,,,,
2025-343T02:45:31.978,,418.0,73.0,858.0,602.0,478.0,272.0,2050.0,2036.0,2066.0,2061.0
2025-343T02:45:32.978,0.0,,,,,,,,,,
2025-343T02:45:37.978,0.0,,,,,,,,,,
2025-343T02:45:40.978,,418.0,73.0,858.0,602.0,478.0,272.0,4095.0,0.0,2076.0,1912.0
2025-343T02:45:43.978,0.0,,,,,,,,,,
2025-343T02:45:49.978,,418.0,73.0,858.0,602.0,478.0,272.0,2053.0,2035.0,2066.0,2061.0
2025-343T02:45:50.978,0.0,,,,,,,,,,
2025-343T02:45:55.978,0.0,,,,,,,,,,
2025-343T02:45:58.978,,418.0,73.0,858.0,602.0,478.0,272.0,2052.0,2035.0,2066.0,2060.0
2025-343T02:46:01.978,0.0,,,,,,,,,,
2025-343T02:46:07.978,,418.0,73.0,858.0,602.0,478.0,272.0,2052.0,2036.0,2066.0,2060.0
2025-343T02:46:08.978,0.0,,,,,,,,,,
2025-343T02:46:13.978,0.0,,,,,,,,,,
2025-343T02:46:16.978,,418.0,73.0,858.0,602.0,478.0,272.0,4095.0,484.0,2098.0,2051.0
2025-343T02:46:19.978,0.0,,,,,,,,,,
2025-343T02:46:25.978,,418.0,73.0,858.0,602.0,478.0,272.0,3034.0,1832.0,2074.0,2059.0
2025-343T02:46:26.978,0.0,,,,,,,,,,
2025-343T02:46:31.977,0.0,,,,,,,,,,
2025-343T02:46:34.978,,418.0,73.0,858.0,602.0,478.0,272.0,2050.0,2037.0,2066.0,2060.0
2025-343T02:46:37.977,0.0,,,,,,,,,,
2025-343T02:46:43.977,,418.0,73.0,858.0,602.0,478.0,272.0,2049.0,2036.0,2066.0,2061.0
2025-343T02:46:44.977,0.0,,,,,,,,,,
2025-343T02:46:49.977,0.0,,,,,,,,,,
2025-343T02:46:52.977,,418.0,73.0,858.0,602.0,478.0,272.0,4095.0,0.0,2076.0,1911.0
2025-343T02:46:55.977,0.0,,,,,,,,,,
2025-343T02:47:01.977,,418.0,73.0,858.0,602.0,478.0,272.0,2054.0,2036.0,2066.0,2061.0
2025-343T02:47:02.977,0.0,,,,,,,,,,
2025-343T02:47:07.977,0.0,,,,,,,,,,
2025-343T02:47:10.977,,418.0,73.0,858.0,602.0,478.0,272.0,2053.0,2036.0,2066.0,2061.0
2025-343T02:47:13.977,0.0,,,,,,,,,,
2025-343T02:47:19.977,,418.0,73.0,858.0,602.0,478.0,272.0,2054.0,2036.0,2066.0,2061.0
2025-343T02:47:20.977,0.0,,,,,,,,,,
2025-343T02:47:25.977,0.0,,,,,,,,,,
2025-343T02:47:28.977,,418.0,73.0,858.0,602.0,478.0,272.0,4095.0,484.0,2098.0,2051.0
2025-343T02:47:31.977,0.0,,,,,,,,,,
2025-343T02:47:37.977,,418.0,73.0,858.0,602.0,478.0,272.0,2051.0,2037.0,2066.0,2061.0
2025-343T02:47:38.977,0.0,,,,,,,,,,
2025-343T02:47:43.976,0.0,,,,,,,,,,
2025-343T02:47:46.977,,418.0,73.0,858.0,602.0,478.0,272.0,2050.0,2036.0,2066.0,2060.0
2025-343T02:47:49.976,0.0,,,,,,,,,,
2025-343T02:47:55.976,,418.0,73.0,858.0,602.0,478.0,272.0,4095.0,0.0,2075.0,1912.0
2025-343T02:47:56.976,0.0,,,,,,,,,,
2025-343T02:48:01.976,0.0,,,,,,,,,,
2025-343T02:48:04.976,,418.0,73.0,858.0,602.0,478.0,272.0,2050.0,2036.0,2066.0,2060.0
2025-343T02:48:07.976,0.0,,,,,,,,,,
2025-343T02:48:13.976,,418.0,73.0,858.0,602.0,478.0,272.0,2053.0,2036.0,2066.0,2061.0
2025-343T02:48:14.976,0.0,,,,,,,,,,
2025-343T02:48:19.976,0.0,,,,,,,,,,
2025-343T02:48:22.976,,418.0,73.0,858.0,602.0,478.0,272.0,2053.0,2036.0,2066.0,2060.0
2025-343T02:48:25.976,0.0,,,,,,,,,,
2025-343T02:48:31.976,,418.0,73.0,858.0,602.0,478.0,272.0,4095.0,484.0,2099.0,2051.0
2025-343T02:48:32.976,0.0,,,,,,,,,,
2025-343T02:48:37.976,0.0,,,,,,,,,,
2025-343T02:48:40.976,,418.0,73.0,858.0,602.0,478.0,272.0,4095.0,1376.0,2087.0,2056.0
2025-343T02:48:43.976,0.0,,,,,,,,,,
2025-343T02:48:49.976,,418.0,73.0,858.0,602.0,478.0,272.0,2050.0,2035.0,2066.0,2061.0
2025-343T02:48:50.976,0.0,,,,,,,,,,
2025-343T02:48:55.975,0.0,,,,,,,,,,
2025-343T02:48:58.976,,418.0,73.0,858.0,602.0,478.0,272.0,4095.0,0.0,2076.0,1912.0
2025-343T02:49:01.975,0.0,,,,,,,,,,
2025-343T02:49:07.975,,418.0,73.0,858.0,602.0,478.0,272.0,2053.0,2035.0,2066.0,2060.0
2025-343T02:49:08.975,0.0,,,,,,,,,,
2025-343T02:49:13.975,0.0,,,,,,,,,,
2025-343T02:49:16.975,,418.0,73.0,858.0,602.0,478.0,272.0,2051.0,2036.0,2066.0,2060.0
2025-343T02:49:19.975,0.0,,,,,,,,,,
2025-343T02:49:25.975,,418.0,73.0,858.0,602.0,478.0,272.0,2053.0,2036.0,2066.0,2061.0
2025-343T02:49:26.975,0.0,,,,,,,,,,
2025-343T02:49:31.975,0.0,,,,,,,,,,
2025-343T02:49:34.975,,418.0,73.0,858.0,602.0,478.0,272.0,4095.0,485.0,2099.0,2051.0
2025-343T02:49:37.975,0.0,,,,,,,,,,
2025-343T02:49:43.975,,418.0,73.0,858.0,602.0,478.0,272.0,2050.0,2036.0,2066.0,2061.0
2025-343T02:49:44.975,0.0,,,,,,,,,,
2025-343T02:49:49.975,0.0,,,,,,,,,,
2025-343T02:49:52.975,,418.0,73.0,858.0,602.0,478.0,272.0,4095.0,982.0,2100.0,2053.0
2025-343T02:49:55.975,0.0,,,,,,,,,,
2025-343T02:50:01.975,,418.0,73.0,858.0,602.0,478.0,272.0,4095.0,0.0,2076.0,1912.0
2025-343T02:50:02.975,0.0,,,,,,,,,,
2025-343T02:50:07.975,0.0,,,,,,,,,,
2025-343T02:50:10.975,,418.0,73.0,858.0,602.0,478.0,272.0,2061.0,1828.0,2067.0,2061.0
2025-343T02:50:13.974,0.0,,,,,,,,,,
2025-343T02:50:19.974,,418.0,73.0,858.0,602.0,478.0,272.0,2052.0,2036.0,2066.0,2060.0
2025-343T02:50:20.974,0.0,,,,,,,,,,
2025-343T02:50:25.974,0.0,,,,,,,,,,
2025-343T02:50:28.974,,418.0,73.0,858.0,602.0,478.0,272.0,2050.0,2036.0,2066.0,2060.0
2025-343T02:50:31.974,0.0,,,,,,,,,,
2025-343T02:50:37.974,,418.0,73.0,858.0,602.0,478.0,272.0,4095.0,487.0,2099.0,2051.0
2025-343T02:50:38.974,0.0,,,,,,,,,,
2025-343T02:50:43.974,0.0,,,,,,,,,,
2025-343T02:50:46.974,,418.0,73.0,858.0,602.0,478.0,272.0,2052.0,2036.0,2066.0,2061.0
2025-343T02:50:49.974,0.0,,,,,,,,,,
2025-343T02:50:55.974,,418.0,73.0,858.0,602.0,478.0,272.0,2049.0,2037.0,2066.0,2061.0
2025-343T02:50:56.974,0.0,,,,,,,,,,
2025-343T02:51:01.974,0.0,,,,,,,,,,
2025-343T02:51:04.974,,418.0,73.0,858.0,602.0,478.0,272.0,2050.0,2036.0,2066.0,2060.0
2025-343T02:51:07.974,0.0,,,,,,,,,,
2025-343T02:51:13.974,,418.0,73.0,858.0,602.0,478.0,272.0,4095.0,0.0,2075.0,1912.0
2025-343T02:51:14.974,0.0,,,,,,,,,,
2025-343T02:51:19.974,0.0,,,,,,,,,,
2025-343T02:51:22.974,,418.0,73.0,858.0,602.0,478.0,272.0,2053.0,2029.0,2066.0,2060.0
2025-343T02:51:25.973,0.0,,,,,,,,,,
2025-343T02:51:31.973,,418.0,73.0,858.0,602.0,478.0,272.0,2053.0,2036.0,2066.0,2061.0
2025-343T02:51:32.973,0.0,,,,,,,,,,
2025-343T02:51:37.973,0.0,,,,,,,,,,
2025-343T02:51:40.973,,418.0,73.0,858.0,602.0,478.0,272.0,4095.0,486.0,2099.0,2051.0
2025-343T02:51:43.973,0.0,,,,,,,,,,
2025-343T02:51:49.973,,418.0,73.0,858.0,602.0,478.0,272.0,2194.0,2005.0,2066.0,2061.0
2025-343T02:51:50.973,0.0,,,,,,,,,,
2025-343T02:51:55.973,0.0,,,,,,,,,,
2025-343T02:51:58.973,,418.0,73.0,858.0,602.0,478.0,272.0,2051.0,2037.0,2066.0,2060.0
2025-343T02:52:01.973,0.0,,,,,,,,,,
2025-343T02:52:07.973,,418.0,73.0,858.0,602.0,478.0,272.0,2049.0,2036.0,2066.0,2061.0
2025-343T02:52:08.973,0.0,,,,,,,,,,
2025-343T02:52:13.973,0.0,,,,,,,,,,
2025-343T02:52:16.973,,418.0,73.0,858.0,602.0,478.0,272.0,4095.0,0.0,2076.0,1912.0
2025-343T02:52:19.973,0.0,,,,,,,,,,
2025-343T02:52:25.973,,418.0,73.0,858.0,602.0,478.0,272.0,2053.0,2035.0,2066.0,2060.0
2025-343T02:52:26.973,0.0,,,,,,,,,,
2025-343T02:52:31.973,0.0,,,,,,,,,,
2025-343T02:52:34.973,,418.0,73.0,858.0,602.0,478.0,272.0,2053.0,2036.0,2066.0,2061.0
2025-343T02:52:37.972,0.0,,,,,,,,,,
2025-343T02:52:43.972,,418.0,73.0,858.0,602.0,478.0,272.0,4095.0,485.0,2099.0,2051.0
2025-343T02:52:44.972,0.0,,,,,,,,,,
2025-343T02:52:49.972,0.0,,,,,,,,,,
2025-343T02:52:52.972,,418.0,73.0,858.0,602.0,478.0,272.0,2050.0,2037.0,2066.0,2061.0
2025-343T02:52:55.972,0.0,,,,,,,,,,
2025-343T02:53:01.972,,418.0,73.0,858.0,602.0,478.0,272.0,2052.0,2036.0,2066.0,2060.0
2025-343T02:53:02.972,0.0,,,,,,,,,,
2025-343T02:53:07.972,0.0,,,,,,,,,,
2025-343T02:53:10.972,,418.0,73.0,858.0,602.0,478.0,272.0,2050.0,2036.0,2066.0,2061.0
2025-343T02:53:13.972,0.0,,,,,,,,,,
2025-343T02:53:19.972,,418.0,73.0,858.0,602.0,478.0,272.0,2050.0,2036.0,2066.0,2061.0
2025-343T02:53:20.972,0.0,,,,,,,,,,
2025-343T02:53:25.972,0.0,,,,,,,,,,
2025-343T02:53:28.972,,418.0,73.0,858.0,602.0,478.0,272.0,4095.0,0.0,2076.0,1912.0
2025-343T02:53:31.972,0.0,,,,,,,,,,
2025-343T02:53:37.972,,418.0,73.0,858.0,602.0,478.0,272.0,2053.0,2036.0,2066.0,2060.0
2025-343T02:53:38.972,0.0,,,,,,,,,,
2025-343T02:53:43.972,0.0,,,,,,,,,,
2025-343T02:53:46.972,,418.0,73.0,858.0,602.0,478.0,272.0,2053.0,2035.0,2066.0,2060.0
2025-343T02:53:49.971,0.0,,,,,,,,,,
2025-343T02:53:55.971,,418.0,73.0,858.0,602.0,478.0,272.0,4095.0,485.0,2098.0,2051.0
2025-343T02:53:56.971,0.0,,,,,,,,,,
2025-343T02:54:01.971,0.0,,,,,,,,,,
2025-343T02:54:04.971,,418.0,73.0,858.0,602.0,478.0,272.0,2050.0,2036.0,2066.0,2060.0
2025-343T02:54:07.971,0.0,,,,,,,,,,
2025-343T02:54:13.971,,418.0,73.0,858.0,602.0,478.0,272.0,2052.0,2037.0,2066.0,2060.0
2025-343T02:54:14.971,0.0,,,,,,,,,,
2025-343T02:54:19.971,0.0,,,,,,,,,,
2025-343T02:54:22.971,,418.0,73.0,858.0,602.0,478.0,272.0,2050.0,2036.0,2066.0,2061.0
2025-343T02:54:25.971,0.0,,,,,,,,,,
2025-343T02:54:31.971,,418.0,73.0,858.0,602.0,478.0,272.0,2050.0,2036.0,2066.0,2061.0
2025-343T02:54:32.971,0.0,,,,,,,,,,
2025-343T02:54:37.971,0.0,,,,,,,,,,
2025-343T02:54:40.971,,418.0,73.0,858.0,602.0,478.0,272.0,4095.0,0.0,2076.0,1912.0
2025-343T02:54:43.971,0.0,,,,,,,,,,
2025-343T02:54:49.971,,418.0,73.0,858.0,602.0,478.0,272.0,2053.0,2036.0,2066.0,2061.0
2025-343T02:54:50.971,0.0,,,,,,,,,,
2025-343T02:54:55.971,0.0,,,,,,,,,,
2025-343T02:54:58.971,,418.0,73.0,858.0,602.0,478.0,272.0,2053.0,2036.0,2066.0,2061.0
2025-343T02:55:01.970,0.0,,,,,,,,,,
2025-343T02:55:07.970,,418.0,73.0,858.0,602.0,478.0,272.0,4095.0,484.0,2098.0,2051.0
2025-343T02:55:08.970,0.0,,,,,,,,,,
2025-343T02:55:13.970,0.0,,,,,,,,,,
2025-343T02:55:16.970,,418.0,73.0,858.0,602.0,478.0,272.0,2910.0,1897.0,2072.0,2060.0
2025-343T02:55:19.970,0.0,,,,,,,,,,
2025-343T02:55:25.970,,418.0,73.0,858.0,602.0,478.0,272.0,2050.0,2036.0,2066.0,2060.0
2025-343T02:55:26.970,0.0,,,,,,,,,,
2025-343T02:55:31.970,0.0,,,,,,,,,,
2025-343T02:55:34.970,,418.0,73.0,858.0,602.0,478.0,272.0,2050.0,2037.0,2066.0,2061.0
2025-343T02:55:37.970,0.0,,,,,,,,,,
2025-343T02:55:43.970,,418.0,73.0,858.0,602.0,478.0,272.0,2050.0,2036.0,2066.0,2060.0
2025-343T02:55:44.970,0.0,,,,,,,,,,
2025-343T02:55:49.970,0.0,,,,,,,,,,
2025-343T02:55:52.970,,418.0,73.0,858.0,602.0,478.0,272.0,4095.0,0.0,2076.0,1912.0
2025-343T02:55:55.970,0.0,,,,,,,,,,
2025-343T02:56:01.970,,418.0,73.0,858.0,602.0,478.0,272.0,2054.0,2036.0,2066.0,2060.0
2025-343T02:56:02.970,0.0,,,,,,,,,,
2025-343T02:56:07.970,0.0,,,,,,,,,,
2025-343T02:56:10.970,,418.0,73.0,858.0,602.0,478.0,272.0,2053.0,2036.0,2066.0,2060.0
2025-343T02:56:13.969,0.0,,,,,,,,,,
2025-343T02:56:19.969,,418.0,73.0,858.0,602.0,478.0,272.0,4095.0,485.0,2098.0,2051.0
2025-343T02:56:20.969,0.0,,,,,,,,,,
2025-343T02:56:25.969,0.0,,,,,,,,,,
2025-343T02:56:28.969,,418.0,73.0,858.0,602.0,478.0,272.0,2050.0,2037.0,2066.0,2061.0
2025-343T02:56:31.969,0.0,,,,,,,,,,
2025-343T02:56:37.969,,418.0,73.0,858.0,602.0,478.0,272.0,2050.0,2037.0,2066.0,2061.0
2025-343T02:56:38.969,0.0,,,,,,,,,,
2025-343T02:56:43.969,0.0,,,,,,,,,,
2025-343T02:56:46.969,,418.0,73.0,858.0,602.0,478.0,272.0,2050.0,2037.0,2066.0,2061.0
2025-343T02:56:49.969,0.0,,,,,,,,,,
2025-343T02:56:55.969,,418.0,73.0,858.0,602.0,478.0,272.0,2050.0,2036.0,2066.0,2060.0
2025-343T02:56:56.969,0.0,,,,,,,,,,
2025-343T02:57:01.969,0.0,,,,,,,,,,
2025-343T02:57:04.969,,418.0,73.0,858.0,602.0,478.0,272.0,4095.0,0.0,2075.0,1911.0
2025-343T02:57:07.969,0.0,,,,,,,,,,
2025-343T02:57:13.969,,418.0,73.0,858.0,602.0,478.0,272.0,2062.0,1827.0,2067.0,2060.0
2025-343T02:57:14.969,0.0,,,,,,,,,,
2025-343T02:57:19.969,0.0,,,,,,,,,,
2025-343T02:57:22.969,,418.0,73.0,858.0,602.0,478.0,272.0,2053.0,2036.0,2066.0,2061.0
2025-343T02:57:25.968,0.0,,,,,,,,,,
2025-343T02:57:31.968,,418.0,73.0,858.0,602.0,478.0,272.0,4095.0,485.0,2099.0,2051.0
2025-343T02:57:32.968,0.0,,,,,,,,,,
2025-343T02:57:37.968,0.0,,,,,,,,,,
2025-343T02:57:40.968,,418.0,73.0,858.0,602.0,478.0,272.0,2050.0,2036.0,2066.0,2060.0
2025-343T02:57:43.968,0.0,,,,,,,,,,
2025-343T02:57:49.968,,418.0,73.0,858.0,602.0,478.0,272.0,2052.0,2036.0,2066.0,2060.0
2025-343T02:57:50.968,0.0,,,,,,,,,,
2025-343T02:57:55.968,0.0,,,,,,,,,,
2025-343T02:57:58.968,,418.0,73.0,858.0,602.0,478.0,272.0,2050.0,2037.0,2066.0,2060.0
2025-343T02:58:01.968,0.0,,,,,,,,,,
2025-343T02:58:07.968,,418.0,73.0,858.0,602.0,478.0,272.0,2050.0,2036.0,2066.0,2060.0
2025-343T02:58:08.968,0.0,,,,,,,,,,
2025-343T02:58:13.968,0.0,,,,,,,,,,
2025-343T02:58:16.968,,418.0,73.0,858.0,602.0,478.0,272.0,2050.0,2036.0,2066.0,2060.0
2025-343T02:58:19.968,0.0,,,,,,,,,,
2025-343T02:58:25.968,,418.0,73.0,858.0,602.0,478.0,272.0,4095.0,0.0,2076.0,1912.0
2025-343T02:58:26.968,0.0,,,,,,,,,,
2025-343T02:58:31.968,0.0,,,,,,,,,,
2025-343T02:58:34.968,,418.0,73.0,858.0,602.0,478.0,272.0,2053.0,2036.0,2066.0,2061.0
2025-343T02:58:37.967,0.0,,,,,,,,,,
2025-343T02:58:43.967,,418.0,73.0,858.0,602.0,478.0,272.0,2053.0,2036.0,2066.0,2060.0
2025-343T02:58:44.967,0.0,,,,,,,,,,
2025-343T02:58:49.967,0.0,,,,,,,,,,
2025-343T02:58:52.967,,418.0,73.0,858.0,602.0,478.0,272.0,4095.0,484.0,2099.0,2051.0
2025-343T02:58:55.967,0.0,,,,,,,,,,
2025-343T02:59:01.967,,418.0,73.0,858.0,602.0,478.0,272.0,2085.0,2032.0,2066.0,2060.0
2025-343T02:59:02.967,0.0,,,,,,,,,,
2025-343T02:59:07.967,0.0,,,,,,,,,,
2025-343T02:59:10.967,,418.0,73.0,858.0,602.0,478.0,272.0,2050.0,2036.0,2066.0,2060.0
2025-343T02:59:13.967,0.0,,,,,,,,,,
2025-343T02:59:19.967,,418.0,73.0,858.0,602.0,478.0,272.0,2050.0,2036.0,2066.0,2061.0
2025-343T02:59:20.967,0.0,,,,,,,,,,
2025-343T02:59:25.967,0.0,,,,,,,,,,
2025-343T02:59:28.967,,418.0,73.0,858.0,602.0,478.0,272.0,2050.0,2037.0,2066.0,2060.0
2025-343T02:59:31.967,0.0,,,,,,,,,,
2025-343T02:59:37.967,,418.0,73.0,858.0,602.0,478.0,272.0,2050.0,2036.0,2066.0,2060.0
2025-343T02:59:38.967,0.0,,,,,,,,,,
2025-343T02:59:43.967,0.0,,,,,,,,,,
2025-343T02:59:46.967,,418.0,73.0,858.0,602.0,478.0,272.0,4095.0,0.0,2076.0,1912.0
2025-343T02:59:49.966,0.0,,,,,,,,,,
2025-343T02:59:55.967,,418.0,73.0,858.0,602.0,478.0,272.0,2053.0,2035.0,2066.0,2061.0
2025-343T02:59:56.966,0.0,,,,,,,,,,
2025-343T03:00:01.966,0.0,,,,,,,,,,
2025-343T03:00:04.966,,418.0,73.0,858.0,602.0,478.0,272.0,2066.0,2034.0,2066.0,2060.0
2025-343T03:00:07.966,0.0,,,,,,,,,,
2025-343T03:00:13.966,,418.0,73.0,858.0,602.0,478.0,272.0,4095.0,487.0,2098.0,2051.0
2025-343T03:00:14.966,0.0,,,,,,,,,,
2025-343T03:00:19.966,0.0,,,,,,,,,,
2025-343T03:00:22.966,,418.0,73.0,858.0,602.0,478.0,272.0,2052.0,2037.0,2066.0,2060.0
2025-343T03:00:25.966,0.0,,,,,,,,,,
2025-343T03:00:31.966,,418.0,73.0,858.0,602.0,478.0,272.0,2050.0,2037.0,2066.0,2060.0
2025-343T03:00:32.966,0.0,,,,,,,,,,
2025-343T03:00:37.966,0.0,,,,,,,,,,
2025-343T03:00:40.966,,418.0,73.0,858.0,602.0,478.0,272.0,2050.0,2037.0,2066.0,2061.0
2025-343T03:00:43.966,0.0,,,,,,,,,,
2025-343T03:00:49.966,,418.0,73.0,858.0,602.0,478.0,272.0,2050.0,2037.0,2066.0,2060.0
2025-343T03:00:50.966,0.0,,,,,,,,,,
2025-343T03:00:55.966,0.0,,,,,,,,,,
2025-343T03:00:58.966,,418.0,73.0,858.0,602.0,478.0,272.0,2049.0,2036.0,2066.0,2060.0
2025-343T03:01:01.965,0.0,,,,,,,,,,
2025-343T03:01:07.966,,418.0,73.0,858.0,602.0,478.0,272.0,4095.0,0.0,2075.0,1912.0
2025-343T03:01:08.965,0.0,,,,,,,,,,
2025-343T03:01:13.965,0.0,,,,,,,,,,
2025-343T03:01:16.965,,418.0,73.0,858.0,602.0,478.0,272.0,2061.0,1829.0,2067.0,2060.0
2025-343T03:01:19.965,0.0,,,,,,,,,,
2025-343T03:01:25.965,,418.0,73.0,858.0,602.0,478.0,272.0,2053.0,2027.0,2066.0,2060.0
2025-343T03:01:26.965,0.0,,,,,,,,,,
2025-343T03:01:31.965,0.0,,,,,,,,,,
2025-343T03:01:34.965,,418.0,73.0,858.0,602.0,478.0,272.0,4095.0,486.0,2098.0,2051.0
2025-343T03:01:37.965,0.0,,,,,,,,,,
2025-343T03:01:43.965,,418.0,73.0,858.0,602.0,478.0,272.0,2050.0,2037.0,2066.0,2060.0
2025-343T03:01:44.965,0.0,,,,,,,,,,
2025-343T03:01:49.965,0.0,,,,,,,,,,
2025-343T03:01:52.965,,418.0,73.0,858.0,602.0,478.0,272.0,2050.0,2036.0,2066.0,2060.0
2025-343T03:01:55.965,0.0,,,,,,,,,,
2025-343T03:02:01.965,,418.0,73.0,858.0,602.0,478.0,272.0,2050.0,2037.0,2066.0,2060.0
2025-343T03:02:02.965,0.0,,,,,,,,,,
2025-343T03:02:07.965,0.0,,,,,,,,,,
2025-343T03:02:10.965,,418.0,73.0,858.0,602.0,478.0,272.0,2050.0,2036.0,2066.0,2060.0
2025-343T03:02:13.964,0.0,,,,,,,,,,
2025-343T03:02:19.964,,418.0,73.0,858.0,602.0,478.0,272.0,2050.0,2037.0,2066.0,2060.0
2025-343T03:02:20.964,0.0,,,,,,,,,,
2025-343T03:02:25.964,0.0,,,,,,,,,,
2025-343T03:02:28.964,,418.0,73.0,858.0,602.0,478.0,272.0,2050.0,2036.0,2066.0,2060.0
2025-343T03:02:31.964,0.0,,,,,,,,,,
2025-343T03:02:37.964,,418.0,73.0,858.0,602.0,478.0,272.0,4095.0,0.0,2076.0,1912.0
2025-343T03:02:38.964,0.0,,,,,,,,,,
2025-343T03:02:43.964,0.0,,,,,,,,,,
2025-343T03:02:46.964,,418.0,73.0,858.0,602.0,478.0,272.0,2053.0,2036.0,2066.0,2061.0
2025-343T03:02:49.964,0.0,,,,,,,,,,
2025-343T03:02:55.964,,418.0,73.0,858.0,602.0,478.0,272.0,4095.0,484.0,2098.0,2051.0
2025-343T03:02:56.964,0.0,,,,,,,,,,
2025-343T03:03:01.964,0.0,,,,,,,,,,
2025-343T03:03:04.964,,418.0,73.0,858.0,602.0,478.0,272.0,2143.0,1937.0,2066.0,2059.0
2025-343T03:03:07.964,0.0,,,,,,,,,,
2025-343T03:03:13.964,,418.0,73.0,858.0,602.0,478.0,272.0,3104.0,1833.0,2075.0,2060.0
2025-343T03:03:14.964,0.0,,,,,,,,,,
2025-343T03:03:19.964,0.0,,,,,,,,,,
2025-343T03:03:22.964,,418.0,73.0,858.0,602.0,478.0,272.0,2050.0,2036.0,2066.0,2060.0
2025-343T03:03:25.963,0.0,,,,,,,,,,
2025-343T03:03:31.963,,418.0,73.0,858.0,602.0,478.0,272.0,2050.0,2037.0,2066.0,2060.0
2025-343T03:03:32.963,0.0,,,,,,,,,,
2025-343T03:03:37.963,0.0,,,,,,,,,,
2025-343T03:03:40.963,,418.0,73.0,858.0,602.0,478.0,272.0,2050.0,2036.0,2066.0,2060.0
2025-343T03:03:43.963,0.0,,,,,,,,,,
2025-343T03:03:49.963,,418.0,73.0,858.0,602.0,478.0,272.0,2050.0,2036.0,2066.0,2060.0
2025-343T03:03:50.963,0.0,,,,,,,,,,
2025-343T03:03:55.963,0.0,,,,,,,,,,
2025-343T03:03:58.963,,418.0,73.0,858.0,602.0,478.0,272.0,2050.0,2036.0,2066.0,2060.0
2025-343T03:04:01.963,0.0,,,,,,,,,,
2025-343T03:04:07.963,,418.0,73.0,858.0,602.0,478.0,272.0,4095.0,0.0,2075.0,1912.0
2025-343T03:04:08.963,0.0,,,,,,,,,,
2025-343T03:04:13.963,0.0,,,,,,,,,,
2025-343T03:04:16.963,,418.0,73.0,858.0,602.0,478.0,272.0,2052.0,2036.0,2066.0,2060.0
2025-343T03:04:19.963,0.0,,,,,,,,,,
2025-343T03:04:25.963,,418.0,73.0,858.0,602.0,478.0,272.0,2053.0,2036.0,2066.0,2061.0
2025-343T03:04:26.963,0.0,,,,,,,,,,
2025-343T03:04:31.963,0.0,,,,,,,,,,
2025-343T03:04:34.963,,418.0,73.0,858.0,602.0,478.0,272.0,2082.0,2030.0,2066.0,2060.0
2025-343T03:04:37.962,0.0,,,,,,,,,,
2025-343T03:04:43.963,,418.0,73.0,858.0,602.0,478.0,272.0,2073.0,2034.0,2066.0,2061.0
2025-343T03:04:44.962,0.0,,,,,,,,,,
2025-343T03:04:49.962,0.0,,,,,,,,,,
2025-343T03:04:52.962,,418.0,73.0,858.0,602.0,478.0,272.0,2059.0,2034.0,2066.0,2060.0
2025-343T03:04:55.962,0.0,,,,,,,,,,
2025-343T03:05:01.962,,418.0,73.0,858.0,602.0,478.0,272.0,3404.0,1515.0,2078.0,2058.0
2025-343T03:05:02.962,0.0,,,,,,,,,,
2025-343T03:05:07.962,0.0,,,,,,,,,,
2025-343T03:05:10.962,,418.0,73.0,858.0,602.0,478.0,272.0,3019.0,1830.0,2074.0,2060.0
2025-343T03:05:13.962,0.0,,,,,,,,,,
2025-343T03:05:19.962,,418.0,73.0,858.0,602.0,478.0,272.0,2053.0,2036.0,2066.0,2060.0
2025-343T03:05:20.962,0.0,,,,,,,,,,
2025-343T03:05:25.962,0.0,,,,,,,,,,
2025-343T03:05:28.962,,418.0,73.0,858.0,602.0,478.0,272.0,2050.0,2036.0,2066.0,2060.0
2025-343T03:05:31.962,0.0,,,,,,,,,,
2025-343T03:05:37.962,,418.0,73.0,858.0,602.0,478.0,272.0,2051.0,2034.0,2066.0,2060.0
2025-343T03:05:38.962,0.0,,,,,,,,,,
2025-343T03:05:43.962,0.0,,,,,,,,,,
2025-343T03:05:46.962,,418.0,73.0,858.0,602.0,478.0,272.0,2053.0,2036.0,2066.0,2061.0
2025-343T03:05:49.961,0.0,,,,,,,,,,
2025-343T03:05:55.962,,418.0,73.0,858.0,515.0,478.0,272.0,2054.0,2036.0,2066.0,2061.0
2025-343T03:05:56.961,0.0,,,,,,,,,,
2025-343T03:06:01.961,0.0,,,,,,,,,,
2025-343T03:06:04.961,,418.0,73.0,858.0,602.0,478.0,272.0,2050.0,2035.0,2066.0,2061.0
2025-343T03:06:07.961,0.0,,,,,,,,,,
2025-343T03:06:13.961,,418.0,73.0,858.0,602.0,478.0,272.0,2054.0,2036.0,2066.0,2060.0
2025-343T03:06:14.961,0.0,,,,,,,,,,
2025-343T03:06:19.961,0.0,,,,,,,,,,
2025-343T03:06:22.961,,418.0,73.0,858.0,602.0,478.0,272.0,2053.0,2035.0,2066.0,2060.0
2025-343T03:06:25.961,0.0,,,,,,,,,,
2025-343T03:06:31.961,,418.0,73.0,858.0,602.0,478.0,272.0,2053.0,2034.0,2066.0,2061.0
2025-343T03:06:32.961,0.0,,,,,,,,,,
2025-343T03:06:37.961,0.0,,,,,,,,,,
2025-343T03:06:40.961,,418.0,73.0,858.0,602.0,478.0,272.0,2050.0,2036.0,2066.0,2060.0
2025-343T03:06:43.961,0.0,,,,,,,,,,
2025-343T03:06:49.961,,418.0,73.0,858.0,602.0,478.0,272.0,2053.0,2036.0,2066.0,2061.0
2025-343T03:06:50.961,0.0,,,,,,,,,,
2025-343T03:06:55.961,0.0,,,,,,,,,,
2025-343T03:06:58.961,,418.0,73.0,858.0,602.0,478.0,272.0,2053.0,2035.0,2066.0,2060.0
2025-343T03:07:01.960,0.0,,,,,,,,,,
2025-343T03:07:07.960,,418.0,73.0,858.0,602.0,478.0,272.0,2053.0,2036.0,2066.0,2060.0
2025-343T03:07:08.960,0.0,,,,,,,,,,
2025-343T03:07:13.960,0.0,,,,,,,,,,
2025-343T03:07:16.960,,418.0,73.0,858.0,602.0,478.0,272.0,2053.0,2036.0,2066.0,2060.0
2025-343T03:07:19.960,0.0,,,,,,,,,,
2025-343T03:07:25.960,,418.0,73.0,858.0,602.0,478.0,272.0,2053.0,2036.0,2066.0,2061.0
2025-343T03:07:26.960,0.0,,,,,,,,,,
2025-343T03:07:31.960,0.0,,,,,,,,,,
2025-343T03:07:34.960,,418.0,73.0,858.0,602.0,478.0,272.0,2054.0,2036.0,2066.0,2060.0
2025-343T03:07:37.960,0.0,,,,,,,,,,
2025-343T03:07:43.960,,418.0,73.0,858.0,602.0,478.0,272.0,4095.0,490.0,2104.0,2051.0
2025-343T03:07:44.960,0.0,,,,,,,,,,
2025-343T03:07:49.960,0.0,,,,,,,,,,
2025-343T03:07:52.960,,418.0,73.0,858.0,602.0,478.0,272.0,2051.0,2036.0,2066.0,2060.0
2025-343T03:07:55.960,0.0,,,,,,,,,,
2025-343T03:08:01.960,,418.0,73.0,858.0,602.0,478.0,272.0,2049.0,2037.0,2066.0,2060.0
2025-343T03:08:02.960,0.0,,,,,,,,,,
2025-343T03:08:07.960,0.0,,,,,,,,,,
2025-343T03:08:10.960,,418.0,73.0,858.0,602.0,478.0,272.0,4095.0,0.0,2075.0,1911.0
2025-343T03:08:13.959,0.0,,,,,,,,,,
2025-343T03:08:19.959,,418.0,73.0,858.0,602.0,478.0,272.0,2053.0,2036.0,2066.0,2060.0
2025-343T03:08:20.959,0.0,,,,,,,,,,
2025-343T03:08:25.959,0.0,,,,,,,,,,
2025-343T03:08:28.959,,418.0,73.0,858.0,602.0,478.0,272.0,2052.0,2036.0,2066.0,2060.0
2025-343T03:08:31.959,0.0,,,,,,,,,,
2025-343T03:08:37.959,,418.0,73.0,858.0,602.0,478.0,272.0,2054.0,2034.0,2066.0,2060.0
2025-343T03:08:38.959,0.0,,,,,,,,,,
2025-343T03:08:43.959,0.0,,,,,,,,,,
2025-343T03:08:46.959,,418.0,73.0,858.0,602.0,478.0,272.0,2053.0,2036.0,2066.0,2060.0
2025-343T03:08:49.959,0.0,,,,,,,,,,
2025-343T03:08:55.959,,418.0,73.0,858.0,602.0,478.0,272.0,2053.0,2036.0,2066.0,2061.0
2025-343T03:08:56.959,0.0,,,,,,,,,,
2025-343T03:09:01.959,0.0,,,,,,,,,,
2025-343T03:09:04.959,,418.0,73.0,858.0,602.0,478.0,272.0,4095.0,488.0,2099.0,2051.0
2025-343T03:09:07.959,0.0,,,,,,,,,,
2025-343T03:09:13.959,,418.0,73.0,858.0,602.0,478.0,272.0,2051.0,2035.0,2066.0,2060.0
2025-343T03:09:14.959,0.0,,,,,,,,,,
2025-343T03:09:19.959,0.0,,,,,,,,,,
2025-343T03:09:22.959,,418.0,73.0,858.0,602.0,478.0,272.0,2050.0,2037.0,2066.0,2060.0
2025-343T03:09:25.958,0.0,,,,,,,,,,
2025-343T03:09:31.958,,418.0,73.0,858.0,602.0,478.0,272.0,4095.0,0.0,2076.0,1911.0
2025-343T03:09:32.958,0.0,,,,,,,,,,
2025-343T03:09:37.958,0.0,,,,,,,,,,
2025-343T03:09:40.958,,418.0,73.0,858.0,602.0,478.0,272.0,2052.0,2036.0,2066.0,2061.0
2025-343T03:09:43.958,0.0,,,,,,,,,,
2025-343T03:09:49.958,,418.0,73.0,858.0,602.0,478.0,272.0,2053.0,2035.0,2066.0,2060.0
2025-343T03:09:50.958,0.0,,,,,,,,,,
