time,Det_Voltage,TOFHGMAX,TOFHGMIN,TOFLGMAX,TOFLGMIN,TOFMGMAX,TOFMGMIN,Target_High_Gain_Max,Target_High_Gain_Min,Target_Low_Gain_Max,Target_Low_Gain_Min
2025-342T19:55:13.960,,550.0,500.0,518.0,509.0,516.0,510.0,2048.0,2040.0,2066.0,2061.0
2025-342T19:55:14.959,2001.4632,,,,,,,,,,
2025-342T19:55:19.959,2001.4632,,,,,,,,,,
2025-342T19:55:22.960,,528.0,498.0,518.0,509.0,516.0,510.0,2048.0,2040.0,2067.0,2061.0
2025-342T19:55:25.959,2001.4632,,,,,,,,,,
2025-342T19:55:31.960,,529.0,500.0,518.0,509.0,516.0,509.0,2048.0,2040.0,2066.0,2061.0
2025-342T19:55:32.959,2001.4632,,,,,,,,,,
2025-342T19:55:37.959,2001.4632,,,,,,,,,,
2025-342T19:55:40.959,,540.0,499.0,518.0,509.0,516.0,510.0,2048.0,2040.0,2066.0,2061.0
2025-342T19:55:43.959,2001.4632,,,,,,,,,,
2025-342T19:55:49.959,,533.0,499.0,518.0,509.0,516.0,510.0,2048.0,2040.0,2066.0,2061.0
2025-342T19:55:50.959,2001.4632,,,,,,,,,,
2025-342T19:55:55.959,2001.4632,,,,,,,,,,
2025-342T19:55:58.959,,530.0,499.0,518.0,509.0,516.0,510.0,2048.0,2040.0,2067.0,2061.0
2025-342T19:56:01.959,2001.4632,,,,,,,,,,
2025-342T19:56:07.959,,544.0,499.0,518.0,509.0,516.0,510.0,2048.0,2040.0,2067.0,2061.0
2025-342T19:56:08.959,2001.4632,,,,,,,,,,
2025-342T19:56:13.959,2001.4632,,,,,,,,,,
2025-342T19:56:16.959,,541.0,500.0,518.0,509.0,516.0,510.0,2048.0,2040.0,2066.0,2061.0
2025-342T19:56:19.959,2001.4632,,,,,,,,,,
2025-342T19:56:25.959,,540.0,499.0,518.0,509.0,516.0,509.0,2048.0,2040.0,2066.0,2061.0
2025-342T19:56:26.959,2001.4632,,,,,,,,,,
2025-342T19:56:31.959,2001.4632,,,,,,,,,,
2025-342T19:56:34.959,,533.0,500.0,518.0,509.0,516.0,509.0,2048.0,2040.0,2067.0,2061.0
2025-342T19:56:37.959,2001.4632,,,,,,,,,,
2025-342T19:56:43.959,,543.0,500.0,518.0,509.0,516.0,510.0,2048.0,2040.0,2066.0,2061.0
2025-342T19:56:44.959,2001.4632,,,,,,,,,,
2025-342T19:56:49.959,2001.4632,,,,,,,,,,
2025-342T19:56:52.959,,529.0,500.0,518.0,509.0,516.0,509.0,2048.0,2040.0,2066.0,2061.0
2025-342T19:56:55.959,2001.4632,,,,,,,,,,
2025-342T19:57:01.959,,533.0,499.0,518.0,509.0,516.0,510.0,2048.0,2040.0,2066.0,2061.0
2025-342T19:57:02.959,2001.4632,,,,,,,,,,
2025-342T19:57:07.959,2001.4632,,,,,,,,,,
2025-342T19:57:10.959,,527.0,500.0,518.0,509.0,516.0,510.0,2048.0,2040.0,2066.0,2061.0
2025-342T19:57:13.959,2001.4632,,,,,,,,,,
2025-342T19:57:19.959,,538.0,500.0,518.0,509.0,516.0,510.0,2048.0,2040.0,2067.0,2061.0
2025-342T19:57:20.958,2001.4632,,,,,,,,,,
2025-342T19:57:25.958,2001.4632,,,,,,,,,,
2025-342T19:57:28.959,,539.0,500.0,518.0,509.0,516.0,509.0,2048.0,2040.0,2066.0,2061.0
2025-342T19:57:31.958,2001.4632,,,,,,,,,,
2025-342T19:57:37.959,,533.0,499.0,518.0,509.0,516.0,510.0,2048.0,2040.0,2067.0,2061.0
2025-342T19:57:38.958,2001.4632,,,,,,,,,,
2025-342T19:57:43.958,2001.4632,,,,,,,,,,
2025-342T19:57:46.959,,534.0,500.0,518.0,509.0,516.0,510.0,2048.0,2040.0,2066.0,2061.0
2025-342T19:57:49.958,2001.4632,,,,,,,,,,
2025-342T19:57:55.959,,536.0,499.0,518.0,509.0,516.0,510.0,2048.0,2040.0,2067.0,2061.0
2025-342T19:57:56.958,2001.4632,,,,,,,,,,
2025-342T19:58:01.958,2001.4632,,,,,,,,,,
2025-342T19:58:04.959,,538.0,499.0,518.0,509.0,516.0,510.0,2048.0,2040.0,2067.0,2061.0
2025-342T19:58:07.958,2001.4632,,,,,,,,,,
2025-342T19:58:13.959,,537.0,499.0,518.0,509.0,516.0,510.0,2048.0,2040.0,2067.0,2061.0
2025-342T19:58:14.958,2001.4632,,,,,,,,,,
2025-342T19:58:19.958,2001.4632,,,,,,,,,,
2025-342T19:58:22.958,,541.0,499.0,518.0,509.0,516.0,510.0,2048.0,2040.0,2067.0,2061.0
2025-342T19:58:25.958,2001.4632,,,,,,,,,,
2025-342T19:58:31.958,,548.0,499.0,518.0,509.0,516.0,510.0,2048.0,2040.0,2066.0,2061.0
2025-342T19:58:32.958,2001.4632,,,,,,,,,,
2025-342T19:58:37.958,2001.4632,,,,,,,,,,
2025-342T19:58:40.958,,532.0,500.0,518.0,509.0,516.0,509.0,2048.0,2040.0,2067.0,2061.0
2025-342T19:58:43.958,2001.4632,,,,,,,,,,
2025-342T19:58:49.958,,540.0,499.0,518.0,509.0,516.0,510.0,2048.0,2040.0,2067.0,2061.0
2025-342T19:58:50.958,2001.4632,,,,,,,,,,
2025-342T19:58:55.958,2001.4632,,,,,,,,,,
2025-342T19:58:58.958,,534.0,499.0,518.0,509.0,516.0,510.0,2048.0,2040.0,2067.0,2061.0
2025-342T19:59:01.958,2001.4632,,,,,,,,,,
2025-342T19:59:07.958,,546.0,499.0,518.0,509.0,516.0,510.0,2048.0,2040.0,2066.0,2061.0
2025-342T19:59:08.958,2001.4632,,,,,,,,,,
2025-342T19:59:13.958,2001.4632,,,,,,,,,,
2025-342T19:59:16.958,,539.0,500.0,518.0,508.0,516.0,510.0,2048.0,2040.0,2066.0,2061.0
2025-342T19:59:19.958,2001.4632,,,,,,,,,,
2025-342T19:59:25.958,,534.0,499.0,518.0,509.0,516.0,510.0,2048.0,2040.0,2067.0,2061.0
2025-342T19:59:26.958,2001.4632,,,,,,,,,,
2025-342T19:59:31.958,2001.4632,,,,,,,,,,
2025-342T19:59:34.958,,532.0,499.0,518.0,509.0,516.0,510.0,2048.0,2040.0,2066.0,2061.0
2025-342T19:59:37.958,2001.4632,,,,,,,,,,
2025-342T19:59:43.958,,529.0,499.0,518.0,509.0,516.0,510.0,2048.0,2040.0,2067.0,2061.0
2025-342T19:59:44.958,2001.4632,,,,,,,,,,
2025-342T19:59:49.957,2001.4632,,,,,,,,,,
2025-342T19:59:52.958,,534.0,499.0,518.0,509.0,516.0,510.0,2048.0,2040.0,2066.0,2061.0
2025-342T19:59:55.957,2001.4632,,,,,,,,,,
2025-342T20:00:01.958,,552.0,500.0,518.0,509.0,516.0,510.0,2049.0,2040.0,2067.0,2061.0
2025-342T20:00:02.957,2001.4632,,,,,,,,,,
2025-342T20:00:07.957,2001.4632,,,,,,,,,,
2025-342T20:00:10.958,,536.0,499.0,518.0,509.0,516.0,509.0,2048.0,2040.0,2066.0,2061.0
2025-342T20:00:13.957,2001.4632,,,,,,,,,,
2025-342T20:00:19.958,,538.0,499.0,518.0,509.0,516.0,510.0,2048.0,2040.0,2066.0,2061.0
2025-342T20:00:20.957,2001.4632,,,,,,,,,,
2025-342T20:00:25.957,2001.4632,,,,,,,,,,
2025-342T20:00:28.958,,533.0,500.0,518.0,509.0,516.0,510.0,2048.0,2040.0,2067.0,2061.0
2025-342T20:00:31.957,2001.4632,,,,,,,,,,
2025-342T20:00:37.958,,532.0,500.0,518.0,509.0,516.0,510.0,2048.0,2040.0,2067.0,2061.0
2025-342T20:00:38.957,2001.4632,,,,,,,,,,
2025-342T20:00:43.957,2001.4632,,,,,,,,,,
2025-342T20:00:46.958,,529.0,500.0,518.0,509.0,516.0,510.0,2048.0,2040.0,2067.0,2061.0
2025-342T20:00:49.957,2001.4632,,,,,,,,,,
2025-342T20:00:55.957,,530.0,500.0,518.0,509.0,516.0,509.0,2048.0,2040.0,2066.0,2061.0
2025-342T20:00:56.957,2001.4632,,,,,,,,,,
2025-342T20:01:01.957,2001.4632,,,,,,,,,,
2025-342T20:01:04.957,,529.0,499.0,518.0,509.0,516.0,510.0,2048.0,2040.0,2067.0,2061.0
2025-342T20:01:07.957,2001.4632,,,,,,,,,,
2025-342T20:01:13.957,,542.0,500.0,518.0,509.0,516.0,510.0,2048.0,2040.0,2066.0,2061.0
2025-342T20:01:14.957,2001.4632,,,,,,,,,,
2025-342T20:01:19.957,2001.4632,,,,,,,,,,
2025-342T20:01:22.957,,536.0,500.0,518.0,509.0,516.0,509.0,2048.0,2040.0,2066.0,2061.0
2025-342T20:01:25.957,2001.4632,,,,,,,,,,
2025-342T20:01:31.957,,533.0,500.0,518.0,509.0,516.0,509.0,2048.0,2040.0,2067.0,2061.0
2025-342T20:01:32.957,2001.4632,,,,,,,,,,
2025-342T20:01:37.957,2001.4632,,,,,,,,,,
2025-342T20:01:40.957,,533.0,499.0,518.0,509.0,516.0,510.0,2048.0,2040.0,2067.0,2061.0
2025-342T20:01:43.957,2001.4632,,,,,,,,,,
2025-342T20:01:49.957,,539.0,500.0,518.0,509.0,516.0,510.0,2048.0,2040.0,2066.0,2061.0
2025-342T20:01:50.957,2001.4632,,,,,,,,,,
2025-342T20:01:55.957,2001.4632,,,,,,,,,,
2025-342T20:01:58.957,,539.0,500.0,518.0,509.0,516.0,510.0,2048.0,2040.0,2067.0,2061.0
2025-342T20:02:01.957,2001.4632,,,,,,,,,,
2025-342T20:02:07.957,,538.0,500.0,518.0,509.0,516.0,510.0,2048.0,2040.0,2066.0,2061.0
2025-342T20:02:08.957,2001.4632,,,,,,,,,,
2025-342T20:02:13.957,2001.4632,,,,,,,,,,
2025-342T20:02:16.957,,530.0,499.0,518.0,509.0,516.0,509.0,2048.0,2040.0,2067.0,2061.0
2025-342T20:02:19.957,2001.4632,,,,,,,,,,
2025-342T20:02:25.957,,550.0,500.0,518.0,509.0,516.0,509.0,2048.0,2040.0,2067.0,2061.0
2025-342T20:02:26.956,2001.4632,,,,,,,,,,
2025-342T20:02:31.956,2001.4632,,,,,,,,,,
2025-342T20:02:34.957,,535.0,500.0,518.0,509.0,516.0,510.0,2048.0,2040.0,2066.0,2061.0
2025-342T20:02:37.956,2001.4632,,,,,,,,,,
2025-342T20:02:43.957,,561.0,500.0,518.0,509.0,516.0,510.0,2048.0,2040.0,2066.0,2061.0
2025-342T20:02:44.956,2001.4632,,,,,,,,,,
2025-342T20:02:49.956,2001.4632,,,,,,,,,,
2025-342T20:02:52.957,,535.0,500.0,518.0,509.0,516.0,509.0,2048.0,2040.0,2067.0,2061.0
2025-342T20:02:55.956,2001.4632,,,,,,,,,,
2025-342T20:03:01.957,,536.0,499.0,518.0,509.0,516.0,510.0,2048.0,2040.0,2067.0,2061.0
2025-342T20:03:02.956,2001.4632,,,,,,,,,,
2025-342T20:03:07.956,2001.4632,,,,,,,,,,
2025-342T20:03:10.957,,543.0,500.0,518.0,509.0,516.0,510.0,2048.0,2040.0,2067.0,2061.0
2025-342T20:03:13.956,2001.4632,,,,,,,,,,
2025-342T20:03:19.957,,531.0,499.0,518.0,509.0,516.0,510.0,2048.0,2040.0,2066.0,2061.0
2025-342T20:03:20.956,2001.4632,,,,,,,,,,
2025-342T20:03:25.956,2001.4632,,,,,,,,,,
2025-342T20:03:28.956,,541.0,499.0,518.0,509.0,516.0,510.0,2048.0,2040.0,2066.0,2061.0
2025-342T20:03:31.956,2001.4632,,,,,,,,,,
2025-342T20:03:37.956,,541.0,499.0,518.0,509.0,516.0,510.0,2049.0,2040.0,2067.0,2061.0
2025-342T20:03:38.956,2001.4632,,,,,,,,,,
2025-342T20:03:43.956,2001.4632,,,,,,,,,,
2025-342T20:03:46.956,,538.0,500.0,518.0,509.0,516.0,510.0,2048.0,2040.0,2067.0,2061.0
2025-342T20:03:49.956,2001.4632,,,,,,,,,,
2025-342T20:03:55.956,,540.0,500.0,518.0,509.0,516.0,510.0,2048.0,2040.0,2067.0,2061.0
2025-342T20:03:56.956,2001.4632,,,,,,,,,,
2025-342T20:04:01.956,2001.4632,,,,,,,,,,
2025-342T20:04:04.956,,543.0,499.0,518.0,509.0,516.0,510.0,2048.0,2040.0,2067.0,2061.0
2025-342T20:04:07.956,2001.4632,,,,,,,,,,
2025-342T20:04:13.956,,527.0,499.0,518.0,509.0,516.0,510.0,2048.0,2040.0,2067.0,2061.0
2025-342T20:04:14.956,2001.4632,,,,,,,,,,
2025-342T20:04:19.956,2001.4632,,,,,,,,,,
2025-342T20:04:22.956,,544.0,499.0,518.0,509.0,516.0,509.0,2048.0,2040.0,2067.0,2061.0
2025-342T20:04:25.956,2001.4632,,,,,,,,,,
2025-342T20:04:31.956,,530.0,500.0,518.0,509.0,516.0,510.0,2048.0,2040.0,2066.0,2061.0
2025-342T20:04:32.956,2001.4632,,,,,,,,,,
2025-342T20:04:37.956,2001.4632,,,,,,,,,,
2025-342T20:04:40.956,,529.0,499.0,518.0,509.0,516.0,510.0,2048.0,2040.0,2067.0,2061.0
2025-342T20:04:43.956,2001.4632,,,,,,,,,,
2025-342T20:04:49.956,,548.0,500.0,518.0,509.0,516.0,510.0,2048.0,2040.0,2066.0,2061.0
2025-342T20:04:50.956,2001.4632,,,,,,,,,,
2025-342T20:04:55.956,2001.4632,,,,,,,,,,
2025-342T20:04:58.956,,529.0,499.0,518.0,509.0,516.0,510.0,2048.0,2040.0,2066.0,2061.0
2025-342T20:05:01.955,2001.4632,,,,,,,,,,
2025-342T20:05:07.956,,534.0,500.0,518.0,509.0,516.0,510.0,2048.0,2040.0,2067.0,2061.0
2025-342T20:05:08.955,2001.4632,,,,,,,,,,
2025-342T20:05:13.955,2001.4632,,,,,,,,,,
2025-342T20:05:16.956,,530.0,500.0,518.0,509.0,516.0,510.0,2048.0,2040.0,2066.0,2061.0
2025-342T20:05:19.955,2001.4632,,,,,,,,,,
2025-342T20:05:25.956,,556.0,500.0,518.0,509.0,516.0,509.0,2048.0,2040.0,2067.0,2061.0
2025-342T20:05:26.955,2001.4632,,,,,,,,,,
2025-342T20:05:31.955,2001.4632,,,,,,,,,,
2025-342T20:05:34.956,,532.0,499.0,518.0,509.0,516.0,510.0,2048.0,2040.0,2066.0,2061.0
2025-342T20:05:37.955,2001.4632,,,,,,,,,,
2025-342T20:05:43.956,,527.0,500.0,518.0,509.0,516.0,510.0,2048.0,2040.0,2066.0,2061.0
2025-342T20:05:44.955,2001.4632,,,,,,,,,,
2025-342T20:05:49.955,2001.4632,,,,,,,,,,
2025-342T20:05:52.956,,531.0,499.0,518.0,509.0,516.0,509.0,2048.0,2040.0,2066.0,2061.0
2025-342T20:05:55.955,2001.4632,,,,,,,,,,
2025-342T20:06:01.955,,538.0,499.0,518.0,509.0,516.0,509.0,2048.0,2040.0,2067.0,2061.0
2025-342T20:06:02.955,2001.4632,,,,,,,,,,
2025-342T20:06:07.955,2001.4632,,,,,,,,,,
2025-342T20:06:10.955,,542.0,500.0,518.0,509.0,516.0,509.0,2048.0,2040.0,2066.0,2061.0
2025-342T20:06:13.955,2001.4632,,,,,,,,,,
2025-342T20:06:19.955,,534.0,499.0,518.0,509.0,516.0,509.0,2048.0,2040.0,2066.0,2061.0
2025-342T20:06:20.955,2001.4632,,,,,,,,,,
2025-342T20:06:25.955,2001.4632,,,,,,,,,,
2025-342T20:06:28.955,,530.0,499.0,518.0,509.0,516.0,510.0,2048.0,2040.0,2066.0,2061.0
2025-342T20:06:31.955,2001.4632,,,,,,,,,,
2025-342T20:06:37.955,,541.0,499.0,518.0,509.0,516.0,510.0,2048.0,2040.0,2066.0,2061.0
2025-342T20:06:38.955,2001.4632,,,,,,,,,,
2025-342T20:06:43.955,2001.4632,,,,,,,,,,
2025-342T20:06:46.955,,539.0,500.0,518.0,509.0,516.0,510.0,2048.0,2040.0,2066.0,2061.0
2025-342T20:06:49.955,2001.4632,,,,,,,,,,
2025-342T20:06:55.955,,533.0,500.0,518.0,509.0,516.0,510.0,2048.0,2040.0,2066.0,2061.0
2025-342T20:06:56.955,2001.4632,,,,,,,,,,
2025-342T20:07:01.955,2001.4632,,,,,,,,,,
2025-342T20:07:04.955,,533.0,499.0,518.0,509.0,516.0,509.0,2048.0,2040.0,2066.0,2061.0
2025-342T20:07:07.955,2001.4632,,,,,,,,,,
2025-342T20:07:13.955,,557.0,499.0,518.0,509.0,516.0,510.0,2048.0,2040.0,2066.0,2061.0
2025-342T20:07:14.955,2001.4632,,,,,,,,,,
2025-342T20:07:19.955,2001.4632,,,,,,,,,,
2025-342T20:07:22.955,,544.0,500.0,518.0,509.0,516.0,510.0,2048.0,2040.0,2066.0,2061.0
2025-342T20:07:25.955,2001.4632,,,,,,,,,,
2025-342T20:07:31.955,,573.0,499.0,518.0,509.0,516.0,510.0,2048.0,2040.0,2066.0,2061.0
2025-342T20:07:32.954,2001.4632,,,,,,,,,,
2025-342T20:07:37.954,2001.4632,,,,,,,,,,
2025-342T20:07:40.955,,531.0,499.0,518.0,509.0,516.0,510.0,2048.0,2040.0,2066.0,2061.0
2025-342T20:07:43.954,2001.4632,,,,,,,,,,
2025-342T20:07:49.955,,533.0,500.0,518.0,509.0,516.0,510.0,2048.0,2040.0,2067.0,2061.0
2025-342T20:07:50.954,2001.4632,,,,,,,,,,
2025-342T20:07:55.954,2001.4632,,,,,,,,,,
2025-342T20:07:58.955,,538.0,500.0,518.0,509.0,516.0,510.0,2048.0,2040.0,2067.0,2061.0
2025-342T20:08:01.954,2001.4632,,,,,,,,,,
2025-342T20:08:07.955,,543.0,499.0,518.0,509.0,516.0,510.0,2051.0,2038.0,2067.0,2061.0
2025-342T20:08:08.954,2001.4632,,,,,,,,,,
2025-342T20:08:13.954,2001.4632,,,,,,,,,,
2025-342T20:08:16.955,,535.0,500.0,518.0,509.0,516.0,509.0,2048.0,2040.0,2067.0,2061.0
2025-342T20:08:19.954,2001.4632,,,,,,,,,,
2025-342T20:08:25.955,,534.0,500.0,518.0,509.0,516.0,509.0,2048.0,2040.0,2066.0,2061.0
2025-342T20:08:26.954,2001.4632,,,,,,,,,,
2025-342T20:08:31.954,2001.4632,,,,,,,,,,
2025-342T20:08:34.954,,536.0,500.0,518.0,509.0,516.0,510.0,2048.0,2040.0,2067.0,2061.0
2025-342T20:08:37.954,2001.4632,,,,,,,,,,
2025-342T20:08:43.954,,532.0,499.0,518.0,509.0,516.0,509.0,2048.0,2040.0,2067.0,2061.0
2025-342T20:08:44.954,2001.4632,,,,,,,,,,
2025-342T20:08:49.954,2001.4632,,,,,,,,,,
2025-342T20:08:52.954,,535.0,499.0,518.0,509.0,516.0,510.0,2048.0,2040.0,2066.0,2061.0
2025-342T20:08:55.954,2001.4632,,,,,,,,,,
2025-342T20:09:01.954,,539.0,499.0,518.0,509.0,516.0,510.0,2048.0,2040.0,2066.0,2061.0
2025-342T20:09:02.954,2001.4632,,,,,,,,,,
2025-342T20:09:07.954,2001.4632,,,,,,,,,,
2025-342T20:09:10.954,,538.0,499.0,518.0,508.0,516.0,510.0,2048.0,2040.0,2067.0,2061.0
2025-342T20:09:13.954,2001.4632,,,,,,,,,,
2025-342T20:09:19.954,,530.0,500.0,518.0,508.0,516.0,510.0,2048.0,2040.0,2066.0,2061.0
2025-342T20:09:20.954,2001.4632,,,,,,,,,,
2025-342T20:09:25.954,2001.4632,,,,,,,,,,
2025-342T20:09:28.954,,531.0,499.0,518.0,509.0,516.0,509.0,2048.0,2040.0,2066.0,2061.0
2025-342T20:09:31.954,2001.4632,,,,,,,,,,
2025-342T20:09:37.954,,527.0,499.0,518.0,509.0,516.0,510.0,2048.0,2040.0,2067.0,2061.0
2025-342T20:09:38.954,2001.4632,,,,,,,,,,
2025-342T20:09:43.954,2001.4632,,,,,,,,,,
2025-342T20:09:46.954,,530.0,500.0,518.0,509.0,516.0,510.0,2048.0,2040.0,2066.0,2061.0
2025-342T20:09:49.954,2001.4632,,,,,,,,,,
2025-342T20:09:55.954,,528.0,500.0,518.0,509.0,516.0,510.0,2048.0,2040.0,2067.0,2061.0
2025-342T20:09:56.954,2001.4632,,,,,,,,,,
2025-342T20:10:01.954,2001.4632,,,,,,,,,,
2025-342T20:10:04.954,,532.0,499.0,518.0,509.0,516.0,510.0,2048.0,2040.0,2066.0,2061.0
2025-342T20:10:07.953,2001.4632,,,,,,,,,,
2025-342T20:10:13.954,,580.0,499.0,518.0,509.0,516.0,510.0,2048.0,2040.0,2066.0,2061.0
2025-342T20:10:14.953,2001.4632,,,,,,,,,,
2025-342T20:10:19.953,2001.4632,,,,,,,,,,
2025-342T20:10:22.954,,541.0,500.0,518.0,509.0,516.0,510.0,2048.0,2040.0,2067.0,2061.0
2025-342T20:10:25.953,2001.4632,,,,,,,,,,
2025-342T20:10:31.954,,527.0,500.0,518.0,509.0,516.0,510.0,2048.0,2040.0,2066.0,2061.0
2025-342T20:10:32.953,2001.4632,,,,,,,,,,
2025-342T20:10:37.953,2001.4632,,,,,,,,,,
2025-342T20:10:40.954,,538.0,499.0,518.0,509.0,516.0,510.0,2048.0,2040.0,2066.0,2061.0
2025-342T20:10:43.953,2001.4632,,,,,,,,,,
2025-342T20:10:49.954,,528.0,500.0,518.0,509.0,516.0,510.0,2048.0,2040.0,2066.0,2061.0
2025-342T20:10:50.953,2001.4632,,,,,,,,,,
2025-342T20:10:55.953,2001.4632,,,,,,,,,,
2025-342T20:10:58.954,,552.0,499.0,518.0,509.0,516.0,509.0,2048.0,2040.0,2066.0,2061.0
2025-342T20:11:01.953,2001.4632,,,,,,,,,,
2025-342T20:11:07.954,,529.0,500.0,518.0,509.0,516.0,510.0,2048.0,2040.0,2067.0,2061.0
2025-342T20:11:08.953,2001.4632,,,,,,,,,,
2025-342T20:11:13.953,2001.4632,,,,,,,,,,
2025-342T20:11:16.953,,531.0,499.0,518.0,509.0,516.0,509.0,2048.0,2040.0,2066.0,2061.0
2025-342T20:11:19.953,2001.4632,,,,,,,,,,
2025-342T20:11:25.953,,534.0,500.0,518.0,509.0,516.0,510.0,2048.0,2040.0,2067.0,2061.0
2025-342T20:11:26.953,2001.4632,,,,,,,,,,
2025-342T20:11:31.953,2001.4632,,,,,,,,,,
2025-342T20:11:34.953,,536.0,500.0,518.0,509.0,516.0,510.0,2048.0,2040.0,2066.0,2061.0
2025-342T20:11:37.953,2001.4632,,,,,,,,,,
2025-342T20:11:43.953,,529.0,499.0,518.0,509.0,516.0,510.0,2048.0,2040.0,2066.0,2061.0
2025-342T20:11:44.953,2001.4632,,,,,,,,,,
2025-342T20:11:49.953,2001.4632,,,,,,,,,,
2025-342T20:11:52.953,,561.0,500.0,518.0,509.0,516.0,510.0,2048.0,2040.0,2067.0,2061.0
2025-342T20:11:55.953,2001.4632,,,,,,,,,,
2025-342T20:12:01.953,,534.0,499.0,518.0,509.0,516.0,510.0,2048.0,2040.0,2066.0,2061.0
2025-342T20:12:02.953,2001.4632,,,,,,,,,,
2025-342T20:12:07.953,2001.4632,,,,,,,,,,
2025-342T20:12:10.953,,530.0,500.0,518.0,509.0,516.0,510.0,2049.0,2040.0,2067.0,2061.0
2025-342T20:12:13.953,2001.4632,,,,,,,,,,
2025-342T20:12:19.953,,538.0,500.0,518.0,509.0,516.0,510.0,2048.0,2040.0,2066.0,2061.0
2025-342T20:12:20.953,2001.4632,,,,,,,,,,
2025-342T20:12:25.953,2001.4632,,,,,,,,,,
2025-342T20:12:28.953,,537.0,499.0,518.0,509.0,516.0,510.0,2048.0,2040.0,2066.0,2061.0
2025-342T20:12:31.953,2001.4632,,,,,,,,,,
2025-342T20:12:37.953,,532.0,500.0,518.0,509.0,516.0,510.0,2048.0,2040.0,2066.0,2061.0
2025-342T20:12:38.953,2001.4632,,,,,,,,,,
2025-342T20:12:43.952,2001.4632,,,,,,,,,,
2025-342T20:12:46.953,,537.0,500.0,518.0,509.0,516.0,510.0,2048.0,2040.0,2067.0,2061.0
2025-342T20:12:49.952,2001.4632,,,,,,,,,,
2025-342T20:12:55.953,,537.0,500.0,518.0,509.0,516.0,510.0,2048.0,2040.0,2067.0,2061.0
2025-342T20:12:56.952,2001.4632,,,,,,,,,,
2025-342T20:13:01.952,2001.4632,,,,,,,,,,
2025-342T20:13:04.953,,528.0,499.0,518.0,509.0,516.0,510.0,2048.0,2040.0,2067.0,2061.0
2025-342T20:13:07.952,2001.4632,,,,,,,,,,
2025-342T20:13:13.953,,536.0,500.0,518.0,509.0,516.0,509.0,2048.0,2040.0,2066.0,2061.0
2025-342T20:13:14.952,2001.4632,,,,,,,,,,
2025-342T20:13:19.952,2001.4632,,,,,,,,,,
2025-342T20:13:22.953,,563.0,499.0,518.0,509.0,516.0,510.0,2048.0,2040.0,2067.0,2061.0
2025-342T20:13:25.952,2001.4632,,,,,,,,,,
2025-342T20:13:31.953,,531.0,499.0,518.0,509.0,516.0,509.0,2048.0,2040.0,2066.0,2061.0
2025-342T20:13:32.952,2001.4632,,,,,,,,,,
2025-342T20:13:37.952,2001.4632,,,,,,,,,,
2025-342T20:13:40.953,,552.0,499.0,518.0,509.0,516.0,510.0,2048.0,2040.0,2067.0,2061.0
2025-342T20:13:43.952,2001.4632,,,,,,,,,,
2025-342T20:13:49.952,,531.0,500.0,518.0,509.0,516.0,510.0,2048.0,2040.0,2066.0,2061.0
2025-342T20:13:50.952,2001.4632,,,,,,,,,,
2025-342T20:13:55.952,2001.4632,,,,,,,,,,
2025-342T20:13:58.952,,549.0,500.0,518.0,509.0,516.0,510.0,2048.0,2040.0,2066.0,2061.0
2025-342T20:14:01.952,2001.4632,,,,,,,,,,
2025-342T20:14:07.952,,581.0,500.0,518.0,509.0,516.0,510.0,2048.0,2040.0,2066.0,2061.0
2025-342T20:14:08.952,2001.4632,,,,,,,,,,
2025-342T20:14:13.952,2001.4632,,,,,,,,,,
2025-342T20:14:16.952,,529.0,500.0,518.0,509.0,516.0,510.0,2048.0,2040.0,2066.0,2061.0
2025-342T20:14:19.952,2001.4632,,,,,,,,,,
2025-342T20:14:25.952,,537.0,500.0,518.0,509.0,516.0,510.0,2048.0,2040.0,2066.0,2061.0
2025-342T20:14:26.952,2001.4632,,,,,,,,,,
2025-342T20:14:31.952,2001.4632,,,,,,,,,,
2025-342T20:14:34.952,,539.0,499.0,518.0,509.0,516.0,510.0,2048.0,2040.0,2066.0,2061.0
2025-342T20:14:37.952,2001.4632,,,,,,,,,,
2025-342T20:14:43.952,,534.0,499.0,518.0,509.0,516.0,510.0,2048.0,2040.0,2067.0,2061.0
2025-342T20:14:44.952,2001.4632,,,,,,,,,,
2025-342T20:14:49.952,2001.4632,,,,,,,,,,
2025-342T20:14:52.952,,540.0,500.0,518.0,509.0,516.0,510.0,2048.0,2040.0,2067.0,2061.0
2025-342T20:14:55.952,2001.4632,,,,,,,,,,
2025-342T20:15:01.952,,533.0,500.0,518.0,509.0,516.0,509.0,2048.0,2040.0,2066.0,2061.0
2025-342T20:15:02.952,2001.4632,,,,,,,,,,
2025-342T20:15:07.952,2001.4632,,,,,,,,,,
2025-342T20:15:10.952,,541.0,498.0,518.0,509.0,516.0,510.0,2048.0,2040.0,2066.0,2061.0
2025-342T20:15:13.952,2001.4632,,,,,,,,,,
2025-342T20:15:19.952,,546.0,500.0,518.0,508.0,516.0,510.0,2048.0,2040.0,2067.0,2061.0
2025-342T20:15:20.951,2001.4632,,,,,,,,,,
2025-342T20:15:25.951,2001.4632,,,,,,,,,,
2025-342T20:15:28.952,,533.0,499.0,518.0,509.0,516.0,510.0,2048.0,2040.0,2067.0,2061.0
2025-342T20:15:31.951,2001.4632,,,,,,,,,,
2025-342T20:15:37.952,,530.0,499.0,518.0,509.0,516.0,509.0,2048.0,2040.0,2067.0,2061.0
2025-342T20:15:38.951,2001.4632,,,,,,,,,,
2025-342T20:15:43.951,2001.4632,,,,,,,,,,
2025-342T20:15:46.952,,528.0,499.0,518.0,509.0,516.0,510.0,2048.0,2040.0,2067.0,2061.0
2025-342T20:15:49.951,2001.4632,,,,,,,,,,
2025-342T20:15:55.952,,527.0,500.0,518.0,509.0,516.0,509.0,2048.0,2040.0,2067.0,2061.0
2025-342T20:15:56.951,2001.4632,,,,,,,,,,
2025-342T20:16:01.951,2001.4632,,,,,,,,,,
2025-342T20:16:04.952,,539.0,499.0,518.0,509.0,516.0,510.0,2048.0,2040.0,2067.0,2061.0
2025-342T20:16:07.951,2001.4632,,,,,,,,,,
2025-342T20:16:13.952,,530.0,500.0,518.0,509.0,516.0,509.0,2048.0,2040.0,2066.0,2061.0
2025-342T20:16:14.951,2001.4632,,,,,,,,,,
2025-342T20:16:19.951,2001.4632,,,,,,,,,,
2025-342T20:16:22.951,,529.0,500.0,518.0,508.0,516.0,510.0,2048.0,2040.0,2066.0,2061.0
2025-342T20:16:25.951,2001.4632,,,,,,,,,,
2025-342T20:16:31.951,,536.0,500.0,518.0,509.0,516.0,510.0,2048.0,2040.0,2067.0,2061.0
2025-342T20:16:32.951,2001.4632,,,,,,,,,,
2025-342T20:16:37.951,2001.4632,,,,,,,,,,
2025-342T20:16:40.951,,542.0,499.0,518.0,509.0,516.0,510.0,2048.0,2040.0,2066.0,2060.0
2025-342T20:16:43.951,2001.4632,,,,,,,,,,
2025-342T20:16:49.951,,550.0,499.0,518.0,509.0,516.0,509.0,2048.0,2040.0,2067.0,2061.0
2025-342T20:16:50.951,2001.4632,,,,,,,,,,
2025-342T20:16:55.951,2001.4632,,,,,,,,,,
2025-342T20:16:58.951,,533.0,499.0,518.0,509.0,516.0,509.0,2048.0,2040.0,2066.0,2061.0
2025-342T20:17:01.951,2001.4632,,,,,,,,,,
2025-342T20:17:07.951,,555.0,500.0,518.0,509.0,516.0,510.0,2048.0,2040.0,2066.0,2061.0
2025-342T20:17:08.951,2001.4632,,,,,,,,,,
2025-342T20:17:13.951,2001.4632,,,,,,,,,,
2025-342T20:17:16.951,,530.0,499.0,518.0,509.0,516.0,509.0,2048.0,2040.0,2066.0,2061.0
2025-342T20:17:19.951,2001.4632,,,,,,,,,,
2025-342T20:17:25.951,,536.0,500.0,518.0,509.0,516.0,510.0,2048.0,2040.0,2067.0,2061.0
2025-342T20:17:26.951,2001.4632,,,,,,,,,,
2025-342T20:17:31.951,2001.4632,,,,,,,,,,
2025-342T20:17:34.951,,532.0,499.0,518.0,509.0,516.0,510.0,2048.0,2040.0,2066.0,2061.0
2025-342T20:17:37.951,2001.4632,,,,,,,,,,
2025-342T20:17:43.951,,530.0,500.0,518.0,509.0,516.0,510.0,2048.0,2040.0,2066.0,2061.0
2025-342T20:17:44.951,2001.4632,,,,,,,,,,
2025-342T20:17:49.951,2001.4632,,,,,,,,,,
2025-342T20:17:52.951,,546.0,499.0,518.0,509.0,516.0,509.0,2048.0,2039.0,2066.0,2061.0
2025-342T20:17:55.950,2001.4632,,,,,,,,,,
2025-342T20:18:01.951,,538.0,499.0,518.0,509.0,516.0,510.0,2048.0,2040.0,2066.0,2061.0
2025-342T20:18:02.950,2001.4632,,,,,,,,,,
2025-342T20:18:07.950,2001.4632,,,,,,,,,,
2025-342T20:18:10.951,,532.0,499.0,518.0,509.0,516.0,510.0,2048.0,2040.0,2067.0,2061.0
2025-342T20:18:13.950,2001.4632,,,,,,,,,,
2025-342T20:18:19.951,,538.0,500.0,518.0,509.0,516.0,510.0,2048.0,2040.0,2067.0,2061.0
2025-342T20:18:20.950,2001.4632,,,,,,,,,,
2025-342T20:18:25.950,2001.4632,,,,,,,,,,
2025-342T20:18:28.951,,538.0,500.0,518.0,509.0,516.0,510.0,2048.0,2040.0,2067.0,2061.0
2025-342T20:18:31.950,2001.4632,,,,,,,,,,
2025-342T20:18:37.951,,531.0,500.0,518.0,509.0,516.0,509.0,2048.0,2040.0,2067.0,2061.0
2025-342T20:18:38.950,2001.4632,,,,,,,,,,
2025-342T20:18:43.950,2001.4632,,,,,,,,,,
2025-342T20:18:46.951,,563.0,499.0,518.0,509.0,516.0,510.0,2048.0,2040.0,2067.0,2061.0
2025-342T20:18:49.950,2001.4632,,,,,,,,,,
2025-342T20:18:55.950,,597.0,499.0,518.0,509.0,516.0,510.0,2048.0,2040.0,2066.0,2061.0
2025-342T20:18:56.950,2001.4632,,,,,,,,,,
2025-342T20:19:01.950,2001.4632,,,,,,,,,,
2025-342T20:19:04.950,,525.0,499.0,518.0,509.0,516.0,509.0,2048.0,2040.0,2067.0,2061.0
2025-342T20:19:07.950,2001.4632,,,,,,,,,,
2025-342T20:19:13.950,,545.0,499.0,518.0,509.0,516.0,509.0,2048.0,2040.0,2066.0,2061.0
2025-342T20:19:14.950,2001.4632,,,,,,,,,,
2025-342T20:19:19.950,2001.4632,,,,,,,,,,
2025-342T20:19:22.950,,531.0,499.0,518.0,509.0,516.0,510.0,2048.0,2040.0,2067.0,2061.0
2025-342T20:19:25.950,2001.4632,,,,,,,,,,
2025-342T20:19:31.950,,545.0,500.0,518.0,509.0,516.0,510.0,2048.0,2040.0,2066.0,2061.0
2025-342T20:19:32.950,2001.4632,,,,,,,,,,
2025-342T20:19:37.950,2001.4632,,,,,,,,,,
2025-342T20:19:40.950,,533.0,498.0,518.0,509.0,516.0,510.0,2048.0,2040.0,2066.0,2061.0
2025-342T20:19:43.950,2001.4632,,,,,,,,,,
2025-342T20:19:49.950,,537.0,499.0,518.0,509.0,516.0,510.0,2048.0,2040.0,2067.0,2061.0
2025-342T20:19:50.950,2001.4632,,,,,,,,,,
2025-342T20:19:55.950,2001.4632,,,,,,,,,,
2025-342T20:19:58.950,,530.0,500.0,518.0,509.0,516.0,509.0,2048.0,2040.0,2066.0,2061.0
2025-342T20:20:01.950,2001.4632,,,,,,,,,,
2025-342T20:20:07.950,,530.0,500.0,518.0,509.0,516.0,509.0,2048.0,2040.0,2066.0,2061.0
2025-342T20:20:08.950,2001.4632,,,,,,,,,,
2025-342T20:20:13.950,2001.4632,,,,,,,,,,
2025-342T20:20:16.950,,547.0,499.0,518.0,509.0,516.0,510.0,2048.0,2040.0,2067.0,2061.0
2025-342T20:20:19.950,2001.4632,,,,,,,,,,
2025-342T20:20:25.950,,544.0,499.0,518.0,509.0,516.0,509.0,2048.0,2040.0,2067.0,2061.0
2025-342T20:20:26.949,2001.4632,,,,,,,,,,
2025-342T20:20:31.949,2001.4632,,,,,,,,,,
2025-342T20:20:34.950,,533.0,500.0,518.0,509.0,516.0,509.0,2048.0,2040.0,2067.0,2061.0
2025-342T20:20:37.949,2001.4632,,,,,,,,,,
2025-342T20:20:43.950,,535.0,500.0,518.0,509.0,516.0,510.0,2048.0,2040.0,2067.0,2061.0
2025-342T20:20:44.949,2001.4632,,,,,,,,,,
2025-342T20:20:49.949,2001.4632,,,,,,,,,,
2025-342T20:20:52.950,,543.0,500.0,518.0,509.0,516.0,510.0,2048.0,2040.0,2066.0,2061.0
2025-342T20:20:55.949,2001.4632,,,,,,,,,,
2025-342T20:21:01.950,,536.0,499.0,518.0,509.0,516.0,510.0,2048.0,2040.0,2066.0,2061.0
2025-342T20:21:02.949,2001.4632,,,,,,,,,,
2025-342T20:21:07.949,2001.4632,,,,,,,,,,
2025-342T20:21:10.950,,567.0,500.0,518.0,509.0,516.0,509.0,2048.0,2040.0,2066.0,2061.0
2025-342T20:21:13.949,2001.4632,,,,,,,,,,
2025-342T20:21:19.950,,543.0,500.0,518.0,509.0,516.0,510.0,2048.0,2040.0,2066.0,2061.0
2025-342T20:21:20.949,2001.4632,,,,,,,,,,
2025-342T20:21:25.949,2001.4632,,,,,,,,,,
2025-342T20:21:28.949,,535.0,500.0,518.0,509.0,516.0,509.0,2048.0,2040.0,2067.0,2061.0
2025-342T20:21:31.949,2001.4632,,,,,,,,,,
2025-342T20:21:37.949,,534.0,500.0,518.0,509.0,516.0,509.0,2048.0,2040.0,2066.0,2061.0
2025-342T20:21:38.949,2001.4632,,,,,,,,,,
2025-342T20:21:43.949,2001.4632,,,,,,,,,,
2025-342T20:21:46.949,,540.0,500.0,518.0,509.0,516.0,510.0,2048.0,2040.0,2067.0,2061.0
2025-342T20:21:49.949,2001.4632,,,,,,,,,,
2025-342T20:21:55.949,,531.0,500.0,518.0,509.0,516.0,510.0,2048.0,2040.0,2066.0,2061.0
2025-342T20:21:56.949,2001.4632,,,,,,,,,,
2025-342T20:22:01.949,2001.4632,,,,,,,,,,
2025-342T20:22:04.949,,545.0,499.0,518.0,509.0,516.0,510.0,2048.0,2040.0,2067.0,2061.0
2025-342T20:22:07.949,2001.4632,,,,,,,,,,
2025-342T20:22:13.949,,536.0,499.0,518.0,509.0,516.0,509.0,2048.0,2040.0,2067.0,2061.0
2025-342T20:22:14.949,2001.4632,,,,,,,,,,
2025-342T20:22:19.949,2001.4632,,,,,,,,,,
2025-342T20:22:22.949,,541.0,499.0,518.0,509.0,516.0,510.0,2048.0,2040.0,2067.0,2061.0
2025-342T20:22:25.949,2001.4632,,,,,,,,,,
2025-342T20:22:31.949,,535.0,499.0,518.0,509.0,516.0,510.0,2048.0,2040.0,2066.0,2061.0
2025-342T20:22:32.949,2001.4632,,,,,,,,,,
2025-342T20:22:37.949,2001.4632,,,,,,,,,,
2025-342T20:22:40.949,,538.0,500.0,518.0,509.0,516.0,509.0,2048.0,2040.0,2067.0,2061.0
2025-342T20:22:43.949,2001.4632,,,,,,,,,,
2025-342T20:22:49.949,,537.0,499.0,518.0,509.0,516.0,510.0,2048.0,2040.0,2067.0,2061.0
2025-342T20:22:50.949,2001.4632,,,,,,,,,,
2025-342T20:22:55.949,2001.4632,,,,,,,,,,
2025-342T20:22:58.949,,542.0,499.0,518.0,509.0,516.0,510.0,2048.0,2040.0,2066.0,2061.0
2025-342T20:23:01.948,2001.4632,,,,,,,,,,
2025-342T20:23:07.949,,531.0,500.0,518.0,509.0,516.0,510.0,2048.0,2040.0,2066.0,2061.0
2025-342T20:23:08.948,2001.4632,,,,,,,,,,
2025-342T20:23:13.948,2001.4632,,,,,,,,,,
2025-342T20:23:16.949,,530.0,499.0,518.0,509.0,516.0,509.0,2048.0,2040.0,2067.0,2061.0
2025-342T20:23:19.948,2001.4632,,,,,,,,,,
2025-342T20:23:25.949,,570.0,499.0,518.0,509.0,516.0,509.0,2048.0,2040.0,2066.0,2061.0
2025-342T20:23:26.948,2001.4632,,,,,,,,,,
2025-342T20:23:31.948,2001.4632,,,,,,,,,,
2025-342T20:23:34.949,,587.0,500.0,518.0,509.0,516.0,510.0,2048.0,2040.0,2067.0,2061.0
2025-342T20:23:37.948,2001.4632,,,,,,,,,,
2025-342T20:23:43.949,,532.0,499.0,518.0,509.0,516.0,509.0,2048.0,2040.0,2066.0,2061.0
2025-342T20:23:44.948,2001.4632,,,,,,,,,,
2025-342T20:23:49.948,2001.4632,,,,,,,,,,
2025-342T20:23:52.949,,533.0,500.0,518.0,509.0,516.0,510.0,2048.0,2040.0,2066.0,2061.0
2025-342T20:23:55.948,2001.4632,,,,,,,,,,
2025-342T20:24:01.948,,532.0,499.0,518.0,509.0,516.0,509.0,2048.0,2040.0,2067.0,2061.0
2025-342T20:24:02.948,2001.4632,,,,,,,,,,
2025-342T20:24:07.948,2001.4632,,,,,,,,,,
2025-342T20:24:10.948,,529.0,500.0,518.0,509.0,516.0,510.0,2048.0,2040.0,2067.0,2061.0
2025-342T20:24:13.948,2001.4632,,,,,,,,,,
2025-342T20:24:19.948,,534.0,499.0,518.0,509.0,516.0,510.0,2048.0,2040.0,2067.0,2061.0
2025-342T20:24:20.948,2001.4632,,,,,,,,,,
2025-342T20:24:25.948,2001.4632,,,,,,,,,,
2025-342T20:24:28.948,,546.0,500.0,518.0,509.0,516.0,509.0,2048.0,2040.0,2066.0,2061.0
2025-342T20:24:31.948,2001.4632,,,,,,,,,,
2025-342T20:24:37.948,,536.0,499.0,518.0,509.0,516.0,509.0,2048.0,2040.0,2066.0,2061.0
2025-342T20:24:38.948,2001.4632,,,,,,,,,,
2025-342T20:24:43.948,2001.4632,,,,,,,,,,
2025-342T20:24:46.948,,531.0,499.0,518.0,509.0,516.0,510.0,2048.0,2040.0,2066.0,2061.0
2025-342T20:24:49.948,2001.4632,,,,,,,,,,
2025-342T20:24:55.948,,539.0,500.0,518.0,509.0,516.0,510.0,2048.0,2040.0,2067.0,2061.0
2025-342T20:24:56.948,2001.4632,,,,,,,,,,
2025-342T20:25:01.948,2001.4632,,,,,,,,,,
2025-342T20:25:04.948,,535.0,499.0,518.0,509.0,516.0,509.0,2048.0,2040.0,2067.0,2061.0
2025-342T20:25:07.948,2001.4632,,,,,,,,,,
2025-342T20:25:13.948,,544.0,500.0,518.0,509.0,516.0,509.0,2048.0,2040.0,2066.0,2061.0
2025-342T20:25:14.948,2001.4632,,,,,,,,,,
2025-342T20:25:19.948,2001.4632,,,,,,,,,,
2025-342T20:25:22.948,,530.0,500.0,518.0,509.0,516.0,510.0,2048.0,2040.0,2066.0,2061.0
2025-342T20:25:25.948,2001.4632,,,,,,,,,,
2025-342T20:25:31.948,,567.0,499.0,518.0,509.0,516.0,510.0,2048.0,2040.0,2066.0,2061.0
2025-342T20:25:32.948,2001.4632,,,,,,,,,,
2025-342T20:25:37.947,2001.4632,,,,,,,,,,
2025-342T20:25:40.948,,563.0,500.0,518.0,509.0,516.0,510.0,2048.0,2040.0,2067.0,2061.0
2025-342T20:25:43.947,2001.4632,,,,,,,,,,
2025-342T20:25:49.948,,530.0,500.0,518.0,509.0,516.0,510.0,2048.0,2040.0,2066.0,2061.0
2025-342T20:25:50.947,2001.4632,,,,,,,,,,
2025-342T20:25:55.947,2001.4632,,,,,,,,,,
2025-342T20:25:58.948,,529.0,499.0,518.0,509.0,516.0,510.0,2048.0,2040.0,2067.0,2061.0
2025-342T20:26:01.947,2001.4632,,,,,,,,,,
2025-342T20:26:07.948,,544.0,500.0,518.0,509.0,516.0,510.0,2048.0,2040.0,2067.0,2061.0
2025-342T20:26:08.947,2001.4632,,,,,,,,,,
2025-342T20:26:13.947,2001.4632,,,,,,,,,,
2025-342T20:26:16.948,,551.0,499.0,518.0,509.0,516.0,510.0,2048.0,2040.0,2067.0,2061.0
2025-342T20:26:19.947,2001.4632,,,,,,,,,,
2025-342T20:26:25.948,,526.0,499.0,518.0,509.0,516.0,510.0,2048.0,2040.0,2066.0,2061.0
2025-342T20:26:26.947,2001.4632,,,,,,,,,,
2025-342T20:26:31.947,2001.4632,,,,,,,,,,
2025-342T20:26:34.947,,533.0,499.0,518.0,509.0,516.0,509.0,2048.0,2040.0,2066.0,2061.0
2025-342T20:26:37.947,2001.4632,,,,,,,,,,
2025-342T20:26:43.947,,554.0,499.0,518.0,509.0,516.0,510.0,2048.0,2040.0,2067.0,2061.0
2025-342T20:26:44.947,2001.4632,,,,,,,,,,
2025-342T20:26:49.947,2001.4632,,,,,,,,,,
2025-342T20:26:52.947,,549.0,500.0,518.0,509.0,516.0,510.0,2048.0,2040.0,2066.0,2061.0
2025-342T20:26:55.947,2001.4632,,,,,,,,,,
2025-342T20:27:01.947,,530.0,500.0,518.0,509.0,516.0,509.0,2048.0,2040.0,2066.0,2061.0
2025-342T20:27:02.947,2001.4632,,,,,,,,,,
2025-342T20:27:07.947,2001.4632,,,,,,,,,,
2025-342T20:27:10.947,,539.0,500.0,518.0,509.0,516.0,510.0,2048.0,2040.0,2067.0,2061.0
2025-342T20:27:13.947,2001.4632,,,,,,,,,,
2025-342T20:27:19.947,,546.0,499.0,518.0,509.0,516.0,510.0,2048.0,2040.0,2067.0,2061.0
2025-342T20:27:20.947,2001.4632,,,,,,,,,,
2025-342T20:27:25.947,2001.4632,,,,,,,,,,
2025-342T20:27:28.947,,535.0,499.0,518.0,509.0,516.0,510.0,2048.0,2040.0,2066.0,2061.0
2025-342T20:27:31.947,2001.4632,,,,,,,,,,
2025-342T20:27:37.947,,558.0,499.0,518.0,509.0,516.0,510.0,2048.0,2040.0,2066.0,2061.0
2025-342T20:27:38.947,2001.4632,,,,,,,,,,
2025-342T20:27:43.947,2001.4632,,,,,,,,,,
2025-342T20:27:46.947,,533.0,500.0,518.0,509.0,516.0,510.0,2048.0,2040.0,2067.0,2061.0
2025-342T20:27:49.947,2001.4632,,,,,,,,,,
2025-342T20:27:55.947,,544.0,499.0,518.0,509.0,516.0,509.0,2048.0,2040.0,2067.0,2061.0
2025-342T20:27:56.947,2001.4632,,,,,,,,,,
2025-342T20:28:01.947,2001.4632,,,,,,,,,,
2025-342T20:28:04.947,,543.0,500.0,518.0,509.0,516.0,509.0,2048.0,2040.0,2066.0,2061.0
2025-342T20:28:07.947,2001.4632,,,,,,,,,,
2025-342T20:28:13.947,,542.0,500.0,518.0,509.0,516.0,510.0,2048.0,2040.0,2067.0,2061.0
2025-342T20:28:14.946,2001.4632,,,,,,,,,,
2025-342T20:28:19.946,2001.4632,,,,,,,,,,
2025-342T20:28:22.947,,538.0,500.0,518.0,509.0,516.0,510.0,2048.0,2040.0,2067.0,2061.0
2025-342T20:28:25.946,2001.4632,,,,,,,,,,
2025-342T20:28:31.947,,548.0,500.0,518.0,509.0,516.0,509.0,2048.0,2040.0,2067.0,2061.0
2025-342T20:28:32.946,2001.4632,,,,,,,,,,
2025-342T20:28:37.946,2001.4632,,,,,,,,,,
2025-342T20:28:40.947,,544.0,500.0,518.0,509.0,516.0,510.0,2048.0,2040.0,2066.0,2061.0
2025-342T20:28:43.946,2001.4632,,,,,,,,,,
2025-342T20:28:49.947,,545.0,500.0,518.0,509.0,516.0,510.0,2048.0,2040.0,2067.0,2061.0
2025-342T20:28:50.946,2001.4632,,,,,,,,,,
2025-342T20:28:55.946,2001.4632,,,,,,,,,,
2025-342T20:28:58.947,,533.0,499.0,518.0,509.0,516.0,510.0,2048.0,2040.0,2066.0,2061.0
2025-342T20:29:01.946,2001.4632,,,,,,,,,,
2025-342T20:29:07.946,,534.0,500.0,518.0,509.0,516.0,510.0,2048.0,2040.0,2066.0,2061.0
2025-342T20:29:08.946,2001.4632,,,,,,,,,,
2025-342T20:29:13.946,2001.4632,,,,,,,,,,
2025-342T20:29:16.946,,534.0,500.0,518.0,509.0,516.0,510.0,2048.0,2040.0,2067.0,2061.0
2025-342T20:29:19.946,2001.4632,,,,,,,,,,
2025-342T20:29:25.946,,571.0,500.0,518.0,509.0,516.0,510.0,2048.0,2040.0,2067.0,2061.0
2025-342T20:29:26.946,2001.4632,,,,,,,,,,
2025-342T20:29:31.946,2001.4632,,,,,,,,,,
2025-342T20:29:34.946,,537.0,500.0,518.0,509.0,516.0,509.0,2048.0,2040.0,2067.0,2061.0
2025-342T20:29:37.946,2001.4632,,,,,,,,,,
2025-342T20:29:43.946,,527.0,500.0,518.0,509.0,516.0,510.0,2048.0,2040.0,2066.0,2061.0
2025-342T20:29:44.946,2001.4632,,,,,,,,,,
2025-342T20:29:49.946,2001.4632,,,,,,,,,,
2025-342T20:29:52.946,,536.0,499.0,518.0,509.0,516.0,510.0,2048.0,2040.0,2067.0,2061.0
2025-342T20:29:55.946,2001.4632,,,,,,,,,,
2025-342T20:30:01.946,,549.0,499.0,518.0,509.0,516.0,510.0,2048.0,2040.0,2066.0,2061.0
2025-342T20:30:02.946,2001.4632,,,,,,,,,,
2025-342T20:30:07.946,2001.4632,,,,,,,,,,
2025-342T20:30:10.946,,530.0,499.0,518.0,509.0,516.0,510.0,2048.0,2040.0,2066.0,2061.0
2025-342T20:30:13.946,2001.4632,,,,,,,,,,
2025-342T20:30:19.946,,535.0,499.0,518.0,509.0,516.0,510.0,2048.0,2040.0,2066.0,2061.0
2025-342T20:30:20.946,2001.4632,,,,,,,,,,
2025-342T20:30:25.946,2001.4632,,,,,,,,,,
2025-342T20:30:28.946,,532.0,500.0,518.0,509.0,516.0,510.0,2048.0,2040.0,2066.0,2061.0
2025-342T20:30:31.946,2001.4632,,,,,,,,,,
2025-342T20:30:37.946,,541.0,499.0,518.0,509.0,516.0,510.0,2048.0,2040.0,2066.0,2061.0
2025-342T20:30:38.946,2001.4632,,,,,,,,,,
2025-342T20:30:43.945,2001.4632,,,,,,,,,,
2025-342T20:30:46.946,,539.0,499.0,518.0,509.0,516.0,510.0,2048.0,2040.0,2067.0,2061.0
2025-342T20:30:49.945,2001.4632,,,,,,,,,,
2025-342T20:30:55.946,,527.0,499.0,518.0,509.0,516.0,510.0,2048.0,2040.0,2066.0,2061.0
2025-342T20:30:56.945,2001.4632,,,,,,,,,,
2025-342T20:31:01.945,2001.4632,,,,,,,,,,
2025-342T20:31:04.946,,535.0,499.0,518.0,509.0,516.0,510.0,2048.0,2040.0,2066.0,2061.0
2025-342T20:31:07.945,2001.4632,,,,,,,,,,
2025-342T20:31:13.946,,530.0,500.0,518.0,509.0,516.0,510.0,2048.0,2040.0,2067.0,2061.0
2025-342T20:31:14.945,2001.4632,,,,,,,,,,
2025-342T20:31:19.945,2001.4632,,,,,,,,,,
2025-342T20:31:22.946,,534.0,500.0,518.0,509.0,516.0,510.0,2048.0,2040.0,2066.0,2061.0
2025-342T20:31:25.945,2001.4632,,,,,,,,,,
2025-342T20:31:31.946,,538.0,500.0,518.0,509.0,516.0,510.0,2048.0,2040.0,2066.0,2061.0
2025-342T20:31:32.945,2001.4632,,,,,,,,,,
2025-342T20:31:37.945,2001.4632,,,,,,,,,,
2025-342T20:31:40.946,,533.0,499.0,518.0,509.0,516.0,510.0,2048.0,2040.0,2066.0,2061.0
2025-342T20:31:43.945,2001.4632,,,,,,,,,,
2025-342T20:31:49.945,,551.0,499.0,518.0,509.0,516.0,510.0,2048.0,2040.0,2066.0,2061.0
2025-342T20:31:50.945,2001.4632,,,,,,,,,,
2025-342T20:31:55.945,2001.4632,,,,,,,,,,
2025-342T20:31:58.945,,566.0,499.0,518.0,509.0,516.0,510.0,2048.0,2040.0,2066.0,2061.0
2025-342T20:32:01.945,2001.4632,,,,,,,,,,
2025-342T20:32:07.945,,538.0,500.0,518.0,509.0,516.0,510.0,2048.0,2039.0,2067.0,2061.0
2025-342T20:32:08.945,2001.4632,,,,,,,,,,
2025-342T20:32:13.945,2001.4632,,,,,,,,,,
2025-342T20:32:16.945,,535.0,500.0,518.0,509.0,516.0,510.0,2048.0,2040.0,2067.0,2061.0
2025-342T20:32:19.945,2001.4632,,,,,,,,,,
2025-342T20:32:25.945,,541.0,499.0,518.0,509.0,516.0,510.0,2048.0,2040.0,2066.0,2061.0
2025-342T20:32:26.945,2001.4632,,,,,,,,,,
2025-342T20:32:31.945,2001.4632,,,,,,,,,,
2025-342T20:32:34.945,,536.0,499.0,518.0,509.0,516.0,510.0,2048.0,2040.0,2066.0,2061.0
2025-342T20:32:37.945,2001.4632,,,,,,,,,,
2025-342T20:32:43.945,,546.0,499.0,518.0,509.0,516.0,510.0,2048.0,2040.0,2067.0,2061.0
2025-342T20:32:44.945,2001.4632,,,,,,,,,,
2025-342T20:32:49.945,2001.4632,,,,,,,,,,
2025-342T20:32:52.945,,526.0,499.0,518.0,509.0,516.0,510.0,2048.0,2040.0,2067.0,2061.0
2025-342T20:32:55.945,2001.4632,,,,,,,,,,
2025-342T20:33:01.945,,531.0,500.0,518.0,509.0,516.0,510.0,2048.0,2040.0,2067.0,2061.0
2025-342T20:33:02.945,2001.4632,,,,,,,,,,
2025-342T20:33:07.945,2001.4632,,,,,,,,,,
2025-342T20:33:10.945,,535.0,500.0,518.0,509.0,516.0,510.0,2048.0,2040.0,2067.0,2061.0
2025-342T20:33:13.945,2001.4632,,,,,,,,,,
2025-342T20:33:19.945,,539.0,499.0,518.0,509.0,516.0,510.0,2048.0,2040.0,2067.0,2061.0
2025-342T20:33:20.944,2001.4632,,,,,,,,,,
2025-342T20:33:25.944,2001.4632,,,,,,,,,,
2025-342T20:33:28.945,,532.0,499.0,518.0,509.0,516.0,509.0,2048.0,2040.0,2066.0,2061.0
2025-342T20:33:31.944,2001.4632,,,,,,,,,,
2025-342T20:33:37.945,,538.0,499.0,518.0,509.0,516.0,510.0,2048.0,2040.0,2067.0,2061.0
2025-342T20:33:38.944,2001.4632,,,,,,,,,,
2025-342T20:33:43.944,2001.4632,,,,,,,,,,
2025-342T20:33:46.945,,529.0,500.0,518.0,509.0,516.0,510.0,2048.0,2040.0,2066.0,2061.0
2025-342T20:33:49.944,2001.4632,,,,,,,,,,
2025-342T20:33:55.945,,527.0,500.0,518.0,509.0,516.0,510.0,2048.0,2039.0,2067.0,2061.0
2025-342T20:33:56.944,2001.4632,,,,,,,,,,
2025-342T20:34:01.944,2001.4632,,,,,,,,,,
2025-342T20:34:04.945,,566.0,499.0,518.0,509.0,516.0,509.0,2048.0,2040.0,2066.0,2061.0
2025-342T20:34:07.944,2001.4632,,,,,,,,,,
2025-342T20:34:13.945,,527.0,499.0,518.0,509.0,516.0,510.0,2048.0,2040.0,2067.0,2061.0
2025-342T20:34:14.944,2001.4632,,,,,,,,,,
2025-342T20:34:19.944,2001.4632,,,,,,,,,,
2025-342T20:34:22.944,,528.0,499.0,518.0,509.0,516.0,510.0,2048.0,2040.0,2066.0,2061.0
2025-342T20:34:25.944,2001.4632,,,,,,,,,,
2025-342T20:34:31.944,,535.0,499.0,518.0,509.0,516.0,510.0,2048.0,2040.0,2067.0,2061.0
2025-342T20:34:32.944,2001.4632,,,,,,,,,,
2025-342T20:34:37.944,2001.4632,,,,,,,,,,
2025-342T20:34:40.944,,552.0,499.0,518.0,509.0,516.0,510.0,2048.0,2040.0,2066.0,2061.0
2025-342T20:34:43.944,2001.4632,,,,,,,,,,
2025-342T20:34:49.944,,527.0,500.0,518.0,509.0,516.0,510.0,2048.0,2040.0,2067.0,2061.0
2025-342T20:34:50.944,2001.4632,,,,,,,,,,
2025-342T20:34:55.944,2001.4632,,,,,,,,,,
2025-342T20:34:58.944,,541.0,499.0,518.0,509.0,516.0,510.0,2048.0,2040.0,2066.0,2061.0
2025-342T20:35:01.944,2001.4632,,,,,,,,,,
2025-342T20:35:07.944,,552.0,499.0,518.0,509.0,516.0,510.0,2048.0,2040.0,2066.0,2061.0
2025-342T20:35:08.944,2001.4632,,,,,,,,,,
2025-342T20:35:13.944,2001.4632,,,,,,,,,,
2025-342T20:35:16.944,,531.0,500.0,518.0,509.0,516.0,509.0,2048.0,2040.0,2066.0,2061.0
2025-342T20:35:19.944,2001.4632,,,,,,,,,,
2025-342T20:35:25.944,,535.0,499.0,518.0,509.0,516.0,510.0,2048.0,2040.0,2067.0,2061.0
2025-342T20:35:26.944,2001.4632,,,,,,,,,,
2025-342T20:35:31.944,2001.4632,,,,,,,,,,
2025-342T20:35:34.944,,531.0,500.0,518.0,509.0,516.0,510.0,2048.0,2039.0,2066.0,2061.0
2025-342T20:35:37.944,2001.4632,,,,,,,,,,
2025-342T20:35:43.944,,542.0,499.0,518.0,509.0,516.0,510.0,2048.0,2040.0,2067.0,2061.0
2025-342T20:35:44.944,2001.4632,,,,,,,,,,
2025-342T20:35:49.944,2001.4632,,,,,,,,,,
2025-342T20:35:52.944,,544.0,499.0,518.0,509.0,516.0,510.0,2048.0,2040.0,2067.0,2061.0
2025-342T20:35:55.943,2001.4632,,,,,,,,,,
2025-342T20:36:01.944,,539.0,499.0,518.0,509.0,516.0,510.0,2048.0,2040.0,2066.0,2061.0
2025-342T20:36:02.943,2001.4632,,,,,,,,,,
2025-342T20:36:07.943,2001.4632,,,,,,,,,,
2025-342T20:36:10.944,,542.0,499.0,518.0,509.0,516.0,509.0,2048.0,2040.0,2066.0,2061.0
2025-342T20:36:13.943,2001.4632,,,,,,,,,,
2025-342T20:36:19.944,,532.0,498.0,518.0,509.0,516.0,510.0,2048.0,2040.0,2066.0,2061.0
2025-342T20:36:20.943,2001.4632,,,,,,,,,,
2025-342T20:36:25.943,2001.4632,,,,,,,,,,
2025-342T20:36:28.944,,535.0,499.0,518.0,509.0,516.0,510.0,2048.0,2040.0,2066.0,2061.0
2025-342T20:36:31.943,2001.4632,,,,,,,,,,
2025-342T20:36:37.944,,547.0,499.0,518.0,509.0,516.0,510.0,2048.0,2040.0,2066.0,2061.0
2025-342T20:36:38.943,2001.4632,,,,,,,,,,
2025-342T20:36:43.943,2001.4632,,,,,,,,,,
2025-342T20:36:46.944,,543.0,500.0,518.0,509.0,516.0,510.0,2048.0,2040.0,2066.0,2061.0
2025-342T20:36:49.943,2001.4632,,,,,,,,,,
2025-342T20:36:55.943,,542.0,498.0,518.0,509.0,516.0,510.0,2048.0,2040.0,2066.0,2061.0
2025-342T20:36:56.943,2001.4632,,,,,,,,,,
2025-342T20:37:01.943,2001.4632,,,,,,,,,,
2025-342T20:37:04.943,,539.0,500.0,518.0,509.0,516.0,510.0,2048.0,2040.0,2067.0,2061.0
2025-342T20:37:07.943,2001.4632,,,,,,,,,,
2025-342T20:37:13.943,,535.0,499.0,518.0,509.0,516.0,510.0,2051.0,2037.0,2067.0,2061.0
2025-342T20:37:14.943,2001.4632,,,,,,,,,,
2025-342T20:37:19.943,2001.4632,,,,,,,,,,
2025-342T20:37:22.943,,556.0,500.0,518.0,509.0,516.0,510.0,2048.0,2040.0,2067.0,2061.0
2025-342T20:37:25.943,2001.4632,,,,,,,,,,
2025-342T20:37:31.943,,527.0,500.0,518.0,509.0,516.0,509.0,2048.0,2040.0,2067.0,2061.0
2025-342T20:37:32.943,2001.4632,,,,,,,,,,
2025-342T20:37:37.943,2001.4632,,,,,,,,,,
2025-342T20:37:40.943,,541.0,500.0,518.0,509.0,516.0,510.0,2048.0,2040.0,2066.0,2061.0
2025-342T20:37:43.943,2001.4632,,,,,,,,,,
2025-342T20:37:49.943,,532.0,499.0,518.0,509.0,516.0,510.0,2048.0,2040.0,2066.0,2061.0
2025-342T20:37:50.943,2001.4632,,,,,,,,,,
2025-342T20:37:55.943,2001.4632,,,,,,,,,,
2025-342T20:37:58.943,,544.0,500.0,518.0,509.0,516.0,510.0,2048.0,2040.0,2066.0,2061.0
2025-342T20:38:01.943,2001.4632,,,,,,,,,,
2025-342T20:38:07.943,,539.0,500.0,518.0,509.0,516.0,510.0,2048.0,2039.0,2067.0,2061.0
2025-342T20:38:08.943,2001.4632,,,,,,,,,,
2025-342T20:38:13.943,2001.4632,,,,,,,,,,
2025-342T20:38:16.943,,533.0,499.0,518.0,509.0,516.0,510.0,2049.0,2040.0,2066.0,2061.0
2025-342T20:38:19.943,2001.4632,,,,,,,,,,
2025-342T20:38:25.943,,550.0,499.0,518.0,509.0,516.0,510.0,2048.0,2040.0,2066.0,2061.0
2025-342T20:38:26.942,2001.4632,,,,,,,,,,
2025-342T20:38:31.942,2001.4632,,,,,,,,,,
2025-342T20:38:34.943,,535.0,499.0,518.0,509.0,516.0,510.0,2048.0,2040.0,2067.0,2061.0
2025-342T20:38:37.942,2001.4632,,,,,,,,,,
2025-342T20:38:43.943,,527.0,499.0,518.0,509.0,516.0,510.0,2048.0,2040.0,2067.0,2061.0
2025-342T20:38:44.942,2001.4632,,,,,,,,,,
2025-342T20:38:49.942,2001.4632,,,,,,,,,,
2025-342T20:38:52.943,,533.0,500.0,518.0,509.0,516.0,510.0,2048.0,2040.0,2067.0,2061.0
2025-342T20:38:55.942,2001.4632,,,,,,,,,,
2025-342T20:39:01.943,,533.0,500.0,518.0,509.0,516.0,510.0,2048.0,2040.0,2066.0,2061.0
2025-342T20:39:02.942,2001.4632,,,,,,,,,,
2025-342T20:39:07.942,2001.4632,,,,,,,,,,
2025-342T20:39:10.943,,534.0,499.0,518.0,509.0,516.0,510.0,2048.0,2040.0,2067.0,2061.0
2025-342T20:39:13.942,2001.4632,,,,,,,,,,
2025-342T20:39:19.943,,549.0,500.0,518.0,509.0,516.0,510.0,2048.0,2040.0,2066.0,2061.0
2025-342T20:39:20.942,2001.4632,,,,,,,,,,
2025-342T20:39:25.942,2001.4632,,,,,,,,,,
2025-342T20:39:28.942,,535.0,499.0,518.0,509.0,516.0,510.0,2048.0,2040.0,2066.0,2061.0
2025-342T20:39:31.942,2001.4632,,,,,,,,,,
2025-342T20:39:37.942,,539.0,499.0,518.0,509.0,516.0,510.0,2048.0,2040.0,2066.0,2061.0
2025-342T20:39:38.942,2001.4632,,,,,,,,,,
2025-342T20:39:43.942,2001.4632,,,,,,,,,,
2025-342T20:39:46.942,,530.0,500.0,518.0,509.0,516.0,510.0,2048.0,2039.0,2067.0,2061.0
2025-342T20:39:49.942,2001.4632,,,,,,,,,,
2025-342T20:39:55.942,,548.0,500.0,518.0,509.0,516.0,510.0,2048.0,2040.0,2066.0,2061.0
2025-342T20:39:56.942,2001.4632,,,,,,,,,,
2025-342T20:40:01.942,2001.4632,,,,,,,,,,
2025-342T20:40:04.942,,528.0,499.0,518.0,509.0,516.0,510.0,2048.0,2040.0,2066.0,2061.0
2025-342T20:40:07.942,2001.4632,,,,,,,,,,
2025-342T20:40:13.942,,546.0,499.0,518.0,509.0,516.0,510.0,2048.0,2040.0,2067.0,2061.0
2025-342T20:40:14.942,2001.4632,,,,,,,,,,
2025-342T20:40:19.942,2001.4632,,,,,,,,,,
2025-342T20:40:22.942,,533.0,500.0,518.0,509.0,516.0,509.0,2048.0,2040.0,2067.0,2061.0
2025-342T20:40:25.942,2001.4632,,,,,,,,,,
2025-342T20:40:31.942,,542.0,499.0,518.0,509.0,516.0,510.0,2048.0,2040.0,2066.0,2061.0
2025-342T20:40:32.942,2001.4632,,,,,,,,,,
2025-342T20:40:37.942,2001.4632,,,,,,,,,,
2025-342T20:40:40.942,,535.0,500.0,518.0,509.0,516.0,509.0,2048.0,2040.0,2066.0,2061.0
2025-342T20:40:43.942,2001.4632,,,,,,,,,,
2025-342T20:40:49.942,,532.0,499.0,518.0,509.0,516.0,510.0,2048.0,2040.0,2067.0,2061.0
2025-342T20:40:50.942,2001.4632,,,,,,,,,,
2025-342T20:40:55.942,2001.4632,,,,,,,,,,
2025-342T20:40:58.942,,531.0,499.0,518.0,509.0,516.0,510.0,2048.0,2040.0,2066.0,2061.0
2025-342T20:41:01.941,2001.4632,,,,,,,,,,
2025-342T20:41:07.942,,536.0,499.0,518.0,509.0,516.0,510.0,2048.0,2040.0,2066.0,2061.0
2025-342T20:41:08.941,2001.4632,,,,,,,,,,
2025-342T20:41:13.941,2001.4632,,,,,,,,,,
2025-342T20:41:16.942,,530.0,500.0,518.0,509.0,516.0,509.0,2048.0,2040.0,2066.0,2061.0
2025-342T20:41:19.941,2001.4632,,,,,,,,,,
2025-342T20:41:25.942,,553.0,499.0,518.0,509.0,516.0,510.0,2048.0,2040.0,2066.0,2061.0
2025-342T20:41:26.941,2001.4632,,,,,,,,,,
2025-342T20:41:31.941,2001.4632,,,,,,,,,,
2025-342T20:41:34.942,,541.0,500.0,518.0,509.0,516.0,510.0,2048.0,2040.0,2066.0,2061.0
2025-342T20:41:37.941,2001.4632,,,,,,,,,,
2025-342T20:41:43.942,,551.0,500.0,518.0,509.0,516.0,510.0,2048.0,2040.0,2067.0,2061.0
2025-342T20:41:44.941,2001.4632,,,,,,,,,,
2025-342T20:41:49.941,2001.4632,,,,,,,,,,
2025-342T20:41:52.942,,549.0,499.0,518.0,509.0,516.0,510.0,2048.0,2040.0,2066.0,2061.0
2025-342T20:41:55.941,2001.4632,,,,,,,,,,
2025-342T20:42:01.942,,534.0,500.0,518.0,509.0,516.0,510.0,2048.0,2040.0,2067.0,2061.0
2025-342T20:42:02.941,2001.4632,,,,,,,,,,
2025-342T20:42:07.941,2001.4632,,,,,,,,,,
2025-342T20:42:10.941,,539.0,499.0,518.0,509.0,516.0,510.0,2048.0,2040.0,2066.0,2061.0
2025-342T20:42:13.941,2001.4632,,,,,,,,,,
2025-342T20:42:19.941,,528.0,500.0,518.0,509.0,516.0,510.0,2048.0,2040.0,2066.0,2061.0
2025-342T20:42:20.941,2001.4632,,,,,,,,,,
2025-342T20:42:25.941,2001.4632,,,,,,,,,,
2025-342T20:42:28.941,,530.0,498.0,518.0,509.0,516.0,509.0,2048.0,2040.0,2066.0,2061.0
2025-342T20:42:31.941,2001.4632,,,,,,,,,,
2025-342T20:42:37.941,,534.0,500.0,518.0,509.0,516.0,509.0,2048.0,2040.0,2066.0,2061.0
2025-342T20:42:38.941,2001.4632,,,,,,,,,,
2025-342T20:42:43.941,2001.4632,,,,,,,,,,
2025-342T20:42:46.941,,550.0,500.0,518.0,509.0,516.0,509.0,2048.0,2040.0,2066.0,2061.0
2025-342T20:42:49.941,2001.4632,,,,,,,,,,
2025-342T20:42:55.941,,553.0,500.0,518.0,509.0,516.0,510.0,2048.0,2040.0,2067.0,2061.0
2025-342T20:42:56.941,2001.4632,,,,,,,,,,
2025-342T20:43:01.941,2001.4632,,,,,,,,,,
2025-342T20:43:04.941,,541.0,500.0,518.0,509.0,516.0,509.0,2048.0,2040.0,2067.0,2061.0
2025-342T20:43:07.941,2001.4632,,,,,,,,,,
2025-342T20:43:13.941,,537.0,499.0,518.0,509.0,516.0,509.0,2048.0,2040.0,2067.0,2061.0
2025-342T20:43:14.941,2001.4632,,,,,,,,,,
2025-342T20:43:19.941,2001.4632,,,,,,,,,,
2025-342T20:43:22.941,,538.0,500.0,518.0,509.0,516.0,510.0,2048.0,2040.0,2066.0,2061.0
2025-342T20:43:25.941,2001.4632,,,,,,,,,,
2025-342T20:43:31.941,,541.0,499.0,518.0,509.0,516.0,510.0,2048.0,2040.0,2066.0,2061.0
2025-342T20:43:32.941,2001.4632,,,,,,,,,,
2025-342T20:43:37.940,2001.4632,,,,,,,,,,
2025-342T20:43:40.941,,535.0,498.0,518.0,509.0,516.0,509.0,2048.0,2040.0,2066.0,2061.0
2025-342T20:43:43.940,2001.4632,,,,,,,,,,
2025-342T20:43:49.941,,529.0,500.0,518.0,508.0,516.0,509.0,2048.0,2039.0,2067.0,2061.0
2025-342T20:43:50.940,2001.4632,,,,,,,,,,
2025-342T20:43:55.940,2001.4632,,,,,,,,,,
2025-342T20:43:58.941,,536.0,500.0,518.0,509.0,516.0,510.0,2048.0,2040.0,2066.0,2061.0
2025-342T20:44:01.940,2001.4632,,,,,,,,,,
2025-342T20:44:07.941,,531.0,500.0,518.0,509.0,516.0,510.0,2048.0,2040.0,2066.0,2061.0
2025-342T20:44:08.940,2001.4632,,,,,,,,,,
2025-342T20:44:13.940,2001.4632,,,,,,,,,,
2025-342T20:44:16.941,,529.0,499.0,518.0,509.0,516.0,510.0,2048.0,2040.0,2066.0,2061.0
2025-342T20:44:19.940,2001.4632,,,,,,,,,,
2025-342T20:44:25.941,,526.0,499.0,518.0,509.0,516.0,510.0,2048.0,2040.0,2066.0,2061.0
2025-342T20:44:26.940,2001.4632,,,,,,,,,,
2025-342T20:44:31.940,2001.4632,,,,,,,,,,
2025-342T20:44:34.941,,541.0,499.0,518.0,509.0,516.0,510.0,2048.0,2040.0,2066.0,2061.0
2025-342T20:44:37.940,2001.4632,,,,,,,,,,
2025-342T20:44:43.940,,529.0,500.0,518.0,509.0,516.0,510.0,2048.0,2040.0,2067.0,2061.0
2025-342T20:44:44.940,2001.4632,,,,,,,,,,
2025-342T20:44:49.940,2001.4632,,,,,,,,,,
2025-342T20:44:52.940,,535.0,499.0,518.0,509.0,516.0,510.0,2048.0,2040.0,2066.0,2061.0
2025-342T20:44:55.940,2001.4632,,,,,,,,,,
2025-342T20:45:01.940,,552.0,500.0,518.0,509.0,516.0,509.0,2048.0,2040.0,2066.0,2061.0
2025-342T20:45:02.940,2001.4632,,,,,,,,,,
2025-342T20:45:07.940,2001.4632,,,,,,,,,,
2025-342T20:45:10.940,,543.0,499.0,518.0,509.0,516.0,510.0,2048.0,2040.0,2067.0,2061.0
2025-342T20:45:13.940,2001.4632,,,,,,,,,,
2025-342T20:45:19.940,,538.0,499.0,518.0,509.0,516.0,510.0,2048.0,2040.0,2066.0,2061.0
2025-342T20:45:20.940,2001.4632,,,,,,,,,,
2025-342T20:45:25.940,2001.4632,,,,,,,,,,
2025-342T20:45:28.940,,533.0,499.0,518.0,509.0,516.0,509.0,2048.0,2040.0,2066.0,2061.0
2025-342T20:45:31.940,2001.4632,,,,,,,,,,
2025-342T20:45:37.940,,528.0,499.0,518.0,509.0,516.0,510.0,2048.0,2040.0,2067.0,2061.0
2025-342T20:45:38.940,2001.4632,,,,,,,,,,
2025-342T20:45:43.940,2001.4632,,,,,,,,,,
2025-342T20:45:46.940,,543.0,500.0,518.0,509.0,516.0,510.0,2048.0,2040.0,2067.0,2061.0
2025-342T20:45:49.940,2001.4632,,,,,,,,,,
2025-342T20:45:55.940,,528.0,499.0,518.0,509.0,516.0,510.0,2048.0,2040.0,2067.0,2061.0
2025-342T20:45:56.940,2001.4632,,,,,,,,,,
2025-342T20:46:01.940,2001.4632,,,,,,,,,,
2025-342T20:46:04.940,,534.0,500.0,518.0,509.0,516.0,510.0,2048.0,2040.0,2067.0,2061.0
2025-342T20:46:07.940,2001.4632,,,,,,,,,,
2025-342T20:46:13.940,,529.0,499.0,518.0,509.0,516.0,509.0,2048.0,2040.0,2067.0,2061.0
2025-342T20:46:14.939,2001.4632,,,,,,,,,,
2025-342T20:46:19.939,2001.4632,,,,,,,,,,
2025-342T20:46:22.940,,529.0,499.0,518.0,509.0,516.0,510.0,2048.0,2040.0,2067.0,2061.0
2025-342T20:46:25.939,2001.4632,,,,,,,,,,
2025-342T20:46:31.940,,544.0,500.0,518.0,509.0,516.0,509.0,2048.0,2040.0,2067.0,2061.0
2025-342T20:46:32.939,2001.4632,,,,,,,,,,
2025-342T20:46:37.939,2001.4632,,,,,,,,,,
2025-342T20:46:40.940,,535.0,500.0,518.0,509.0,516.0,509.0,2048.0,2040.0,2066.0,2061.0
2025-342T20:46:43.939,2001.4632,,,,,,,,,,
2025-342T20:46:49.940,,538.0,499.0,518.0,509.0,516.0,510.0,2048.0,2040.0,2066.0,2061.0
2025-342T20:46:50.939,2001.4632,,,,,,,,,,
2025-342T20:46:55.939,2001.4632,,,,,,,,,,
2025-342T20:46:58.940,,529.0,500.0,518.0,509.0,516.0,510.0,2048.0,2040.0,2067.0,2061.0
2025-342T20:47:01.939,2001.4632,,,,,,,,,,
2025-342T20:47:07.940,,527.0,500.0,518.0,509.0,516.0,510.0,2048.0,2040.0,2066.0,2061.0
2025-342T20:47:08.939,2001.4632,,,,,,,,,,
2025-342T20:47:13.939,2001.4632,,,,,,,,,,
2025-342T20:47:16.939,,550.0,499.0,518.0,509.0,516.0,510.0,2048.0,2040.0,2066.0,2061.0
2025-342T20:47:19.939,2001.4632,,,,,,,,,,
2025-342T20:47:25.939,,538.0,499.0,518.0,509.0,516.0,510.0,2048.0,2040.0,2067.0,2061.0
2025-342T20:47:26.939,2001.4632,,,,,,,,,,
2025-342T20:47:31.939,2001.4632,,,,,,,,,,
2025-342T20:47:34.939,,533.0,499.0,518.0,509.0,516.0,510.0,2048.0,2040.0,2067.0,2061.0
2025-342T20:47:37.939,2001.4632,,,,,,,,,,
2025-342T20:47:43.939,,540.0,499.0,518.0,509.0,516.0,509.0,2048.0,2040.0,2066.0,2061.0
2025-342T20:47:44.939,2001.4632,,,,,,,,,,
2025-342T20:47:49.939,2001.4632,,,,,,,,,,
2025-342T20:47:52.939,,531.0,499.0,518.0,509.0,516.0,509.0,2048.0,2040.0,2067.0,2061.0
2025-342T20:47:55.939,2001.4632,,,,,,,,,,
2025-342T20:48:01.939,,533.0,499.0,518.0,509.0,516.0,510.0,2048.0,2040.0,2066.0,2061.0
2025-342T20:48:02.939,2001.4632,,,,,,,,,,
2025-342T20:48:07.939,2001.4632,,,,,,,,,,
2025-342T20:48:10.939,,531.0,500.0,518.0,509.0,516.0,510.0,2048.0,2040.0,2066.0,2061.0
2025-342T20:48:13.939,2001.4632,,,,,,,,,,
2025-342T20:48:19.939,,570.0,499.0,518.0,509.0,516.0,510.0,2048.0,2040.0,2066.0,2061.0
2025-342T20:48:20.939,2001.4632,,,,,,,,,,
2025-342T20:48:25.939,2001.4632,,,,,,,,,,
2025-342T20:48:28.939,,543.0,500.0,518.0,509.0,516.0,510.0,2048.0,2040.0,2066.0,2061.0
2025-342T20:48:31.939,2001.4632,,,,,,,,,,
2025-342T20:48:37.939,,533.0,499.0,518.0,509.0,516.0,510.0,2048.0,2040.0,2066.0,2061.0
2025-342T20:48:38.939,2001.4632,,,,,,,,,,
2025-342T20:48:43.939,2001.4632,,,,,,,,,,
2025-342T20:48:46.939,,536.0,499.0,518.0,509.0,516.0,510.0,2048.0,2040.0,2066.0,2061.0
2025-342T20:48:49.938,2001.4632,,,,,,,,,,
2025-342T20:48:55.939,,536.0,500.0,518.0,509.0,516.0,509.0,2048.0,2040.0,2066.0,2061.0
2025-342T20:48:56.938,2001.4632,,,,,,,,,,
2025-342T20:49:01.938,2001.4632,,,,,,,,,,
2025-342T20:49:04.939,,528.0,500.0,518.0,509.0,516.0,510.0,2048.0,2039.0,2067.0,2061.0
2025-342T20:49:07.938,2001.4632,,,,,,,,,,
2025-342T20:49:13.939,,534.0,500.0,518.0,509.0,516.0,510.0,2048.0,2040.0,2066.0,2061.0
2025-342T20:49:14.938,2001.4632,,,,,,,,,,
2025-342T20:49:19.938,2001.4632,,,,,,,,,,
2025-342T20:49:22.939,,531.0,499.0,518.0,509.0,516.0,510.0,2048.0,2039.0,2066.0,2061.0
2025-342T20:49:25.938,2001.4632,,,,,,,,,,
2025-342T20:49:31.939,,526.0,499.0,518.0,509.0,516.0,510.0,2048.0,2040.0,2067.0,2061.0
2025-342T20:49:32.938,2001.4632,,,,,,,,,,
2025-342T20:49:37.938,2001.4632,,,,,,,,,,
2025-342T20:49:40.939,,539.0,499.0,518.0,509.0,516.0,510.0,2048.0,2039.0,2066.0,2061.0
2025-342T20:49:43.938,2001.4632,,,,,,,,,,
2025-342T20:49:49.938,,536.0,499.0,518.0,509.0,516.0,509.0,2048.0,2040.0,2066.0,2061.0
2025-342T20:49:50.938,2001.4632,,,,,,,,,,
2025-342T20:49:55.938,2001.4632,,,,,,,,,,
2025-342T20:49:58.938,,541.0,499.0,518.0,509.0,516.0,509.0,2048.0,2040.0,2066.0,2061.0
2025-342T20:50:01.938,2001.4632,,,,,,,,,,
2025-342T20:50:07.938,,527.0,500.0,518.0,509.0,516.0,509.0,2048.0,2040.0,2066.0,2061.0
2025-342T20:50:08.938,2001.4632,,,,,,,,,,
2025-342T20:50:13.938,2001.4632,,,,,,,,,,
2025-342T20:50:16.938,,540.0,499.0,518.0,509.0,516.0,510.0,2048.0,2040.0,2067.0,2061.0
2025-342T20:50:19.938,2001.4632,,,,,,,,,,
2025-342T20:50:25.938,,551.0,499.0,518.0,509.0,516.0,510.0,2048.0,2040.0,2067.0,2061.0
2025-342T20:50:26.938,2001.4632,,,,,,,,,,
2025-342T20:50:31.938,2001.4632,,,,,,,,,,
2025-342T20:50:34.938,,547.0,499.0,518.0,509.0,516.0,510.0,2048.0,2040.0,2067.0,2061.0
2025-342T20:50:37.938,2001.4632,,,,,,,,,,
2025-342T20:50:43.938,,530.0,499.0,518.0,509.0,516.0,510.0,2048.0,2040.0,2067.0,2061.0
2025-342T20:50:44.938,2001.4632,,,,,,,,,,
2025-342T20:50:49.938,2001.4632,,,,,,,,,,
2025-342T20:50:52.938,,539.0,499.0,518.0,509.0,516.0,510.0,2048.0,2040.0,2066.0,2061.0
2025-342T20:50:55.938,2001.4632,,,,,,,,,,
2025-342T20:51:01.938,,543.0,499.0,518.0,509.0,516.0,510.0,2048.0,2040.0,2066.0,2061.0
2025-342T20:51:02.938,2001.4632,,,,,,,,,,
2025-342T20:51:07.938,2001.4632,,,,,,,,,,
2025-342T20:51:10.938,,534.0,499.0,518.0,509.0,516.0,509.0,2048.0,2040.0,2067.0,2061.0
2025-342T20:51:13.938,2001.4632,,,,,,,,,,
2025-342T20:51:19.938,,534.0,500.0,518.0,509.0,516.0,510.0,2048.0,2040.0,2067.0,2061.0
2025-342T20:51:20.937,2001.4632,,,,,,,,,,
2025-342T20:51:25.937,2001.4632,,,,,,,,,,
2025-342T20:51:28.938,,529.0,499.0,518.0,509.0,516.0,510.0,2048.0,2040.0,2066.0,2061.0
2025-342T20:51:31.937,2001.4632,,,,,,,,,,
2025-342T20:51:37.938,,541.0,499.0,518.0,509.0,516.0,509.0,2048.0,2040.0,2067.0,2061.0
2025-342T20:51:38.937,2001.4632,,,,,,,,,,
2025-342T20:51:43.937,2001.4632,,,,,,,,,,
2025-342T20:51:46.938,,531.0,498.0,518.0,509.0,516.0,510.0,2048.0,2040.0,2066.0,2061.0
2025-342T20:51:49.937,2001.4632,,,,,,,,,,
2025-342T20:51:55.938,,547.0,500.0,518.0,509.0,516.0,510.0,2048.0,2040.0,2067.0,2061.0
2025-342T20:51:56.937,2001.4632,,,,,,,,,,
2025-342T20:52:01.937,2001.4632,,,,,,,,,,
2025-342T20:52:04.938,,536.0,499.0,518.0,509.0,516.0,510.0,2048.0,2040.0,2066.0,2061.0
2025-342T20:52:07.937,2001.4632,,,,,,,,,,
2025-342T20:52:13.938,,531.0,499.0,518.0,509.0,516.0,510.0,2048.0,2040.0,2066.0,2061.0
2025-342T20:52:14.937,2001.4632,,,,,,,,,,
2025-342T20:52:19.937,2001.4632,,,,,,,,,,
2025-342T20:52:22.937,,540.0,499.0,518.0,509.0,516.0,510.0,2048.0,2040.0,2066.0,2061.0
2025-342T20:52:25.937,2001.4632,,,,,,,,,,
2025-342T20:52:31.937,,568.0,500.0,518.0,509.0,516.0,510.0,2048.0,2040.0,2066.0,2061.0
2025-342T20:52:32.937,2001.4632,,,,,,,,,,
2025-342T20:52:37.937,2001.4632,,,,,,,,,,
2025-342T20:52:40.937,,531.0,499.0,518.0,509.0,516.0,510.0,2048.0,2040.0,2066.0,2061.0
2025-342T20:52:43.937,2001.4632,,,,,,,,,,
2025-342T20:52:49.937,,546.0,500.0,518.0,509.0,516.0,510.0,2048.0,2040.0,2066.0,2061.0
2025-342T20:52:50.937,2001.4632,,,,,,,,,,
2025-342T20:52:55.937,2001.4632,,,,,,,,,,
2025-342T20:52:58.937,,554.0,500.0,518.0,509.0,516.0,510.0,2048.0,2040.0,2066.0,2061.0
2025-342T20:53:01.937,2001.4632,,,,,,,,,,
2025-342T20:53:07.937,,559.0,499.0,518.0,509.0,516.0,510.0,2048.0,2040.0,2066.0,2061.0
2025-342T20:53:08.937,2001.4632,,,,,,,,,,
2025-342T20:53:13.937,2001.4632,,,,,,,,,,
2025-342T20:53:16.937,,539.0,499.0,518.0,509.0,516.0,510.0,2048.0,2040.0,2067.0,2061.0
2025-342T20:53:19.937,2001.4632,,,,,,,,,,
2025-342T20:53:25.937,,527.0,499.0,518.0,509.0,516.0,510.0,2048.0,2040.0,2066.0,2061.0
2025-342T20:53:26.937,2001.4632,,,,,,,,,,
2025-342T20:53:31.937,2001.4632,,,,,,,,,,
2025-342T20:53:34.937,,534.0,499.0,518.0,509.0,516.0,510.0,2048.0,2040.0,2067.0,2061.0
2025-342T20:53:37.937,2001.4632,,,,,,,,,,
2025-342T20:53:43.937,,528.0,500.0,518.0,509.0,516.0,510.0,2048.0,2040.0,2066.0,2061.0
2025-342T20:53:44.937,2001.4632,,,,,,,,,,
2025-342T20:53:49.937,2001.4632,,,,,,,,,,
2025-342T20:53:52.937,,544.0,500.0,518.0,509.0,516.0,510.0,2048.0,2040.0,2067.0,2061.0
2025-342T20:53:55.936,2001.4632,,,,,,,,,,
2025-342T20:54:01.937,,535.0,499.0,518.0,509.0,516.0,509.0,2048.0,2040.0,2066.0,2061.0
2025-342T20:54:02.936,2001.4632,,,,,,,,,,
2025-342T20:54:07.936,2001.4632,,,,,,,,,,
2025-342T20:54:10.937,,533.0,500.0,518.0,509.0,516.0,510.0,2048.0,2040.0,2067.0,2061.0
2025-342T20:54:13.936,2001.4632,,,,,,,,,,
2025-342T20:54:19.937,,536.0,499.0,518.0,509.0,516.0,510.0,2048.0,2040.0,2067.0,2061.0
2025-342T20:54:20.936,2001.4632,,,,,,,,,,
2025-342T20:54:25.936,2001.4632,,,,,,,,,,
2025-342T20:54:28.937,,530.0,499.0,518.0,509.0,516.0,510.0,2048.0,2040.0,2066.0,2061.0
2025-342T20:54:31.936,2001.4632,,,,,,,,,,
2025-342T20:54:37.937,,542.0,500.0,518.0,509.0,516.0,510.0,2048.0,2040.0,2066.0,2061.0
2025-342T20:54:38.936,2001.4632,,,,,,,,,,
2025-342T20:54:43.936,2001.4632,,,,,,,,,,
2025-342T20:54:46.937,,533.0,499.0,518.0,509.0,516.0,510.0,2048.0,2040.0,2066.0,2061.0
2025-342T20:54:49.936,2001.4632,,,,,,,,,,
2025-342T20:54:55.936,,534.0,500.0,518.0,509.0,516.0,510.0,2048.0,2040.0,2067.0,2061.0
2025-342T20:54:56.936,2001.4632,,,,,,,,,,
2025-342T20:55:01.936,2001.4632,,,,,,,,,,
2025-342T20:55:04.936,,532.0,499.0,518.0,509.0,516.0,510.0,2048.0,2040.0,2067.0,2061.0
2025-342T20:55:07.936,2001.4632,,,,,,,,,,
2025-342T20:55:13.936,,546.0,499.0,518.0,509.0,516.0,509.0,2048.0,2040.0,2066.0,2061.0
2025-342T20:55:14.936,2001.4632,,,,,,,,,,
2025-342T20:55:19.936,2001.4632,,,,,,,,,,
2025-342T20:55:22.936,,534.0,499.0,518.0,509.0,516.0,510.0,2048.0,2040.0,2067.0,2061.0
2025-342T20:55:25.936,2001.4632,,,,,,,,,,
2025-342T20:55:31.936,,533.0,500.0,518.0,509.0,516.0,510.0,2048.0,2040.0,2066.0,2061.0
2025-342T20:55:32.936,2001.4632,,,,,,,,,,
2025-342T20:55:37.936,2001.4632,,,,,,,,,,
2025-342T20:55:40.936,,664.0,500.0,518.0,509.0,517.0,510.0,2048.0,2040.0,2067.0,2061.0
2025-342T20:55:43.936,2001.4632,,,,,,,,,,
2025-342T20:55:49.936,,536.0,500.0,518.0,509.0,516.0,510.0,2048.0,2040.0,2066.0,2061.0
2025-342T20:55:50.936,2001.4632,,,,,,,,,,
2025-342T20:55:55.936,2001.4632,,,,,,,,,,
2025-342T20:55:58.936,,529.0,500.0,518.0,509.0,516.0,510.0,2048.0,2040.0,2067.0,2061.0
2025-342T20:56:01.936,2001.4632,,,,,,,,,,
2025-342T20:56:07.936,,533.0,499.0,518.0,509.0,516.0,510.0,2048.0,2040.0,2067.0,2061.0
2025-342T20:56:08.936,2001.4632,,,,,,,,,,
2025-342T20:56:13.936,2001.4632,,,,,,,,,,
2025-342T20:56:16.936,,536.0,500.0,518.0,509.0,516.0,509.0,2048.0,2040.0,2066.0,2061.0
2025-342T20:56:19.936,2001.4632,,,,,,,,,,
2025-342T20:56:25.936,,532.0,499.0,518.0,509.0,516.0,510.0,2048.0,2040.0,2067.0,2061.0
2025-342T20:56:26.936,2001.4632,,,,,,,,,,
2025-342T20:56:31.935,2001.4632,,,,,,,,,,
2025-342T20:56:34.936,,525.0,500.0,518.0,509.0,516.0,509.0,2048.0,2040.0,2066.0,2061.0
2025-342T20:56:37.935,2001.4632,,,,,,,,,,
2025-342T20:56:43.936,,534.0,499.0,518.0,509.0,516.0,509.0,2048.0,2040.0,2067.0,2061.0
2025-342T20:56:44.935,2001.4632,,,,,,,,,,
2025-342T20:56:49.935,2001.4632,,,,,,,,,,
2025-342T20:56:52.936,,539.0,499.0,518.0,509.0,516.0,510.0,2048.0,2040.0,2067.0,2061.0
2025-342T20:56:55.935,2001.4632,,,,,,,,,,
2025-342T20:57:01.936,,531.0,499.0,518.0,509.0,516.0,510.0,2048.0,2040.0,2066.0,2061.0
2025-342T20:57:02.935,2001.4632,,,,,,,,,,
2025-342T20:57:07.935,2001.4632,,,,,,,,,,
2025-342T20:57:10.936,,539.0,500.0,518.0,509.0,516.0,510.0,2048.0,2040.0,2066.0,2061.0
2025-342T20:57:13.935,2001.4632,,,,,,,,,,
2025-342T20:57:19.936,,585.0,500.0,518.0,509.0,516.0,510.0,2048.0,2040.0,2066.0,2061.0
2025-342T20:57:20.935,2001.4632,,,,,,,,,,
2025-342T20:57:25.935,2001.4632,,,,,,,,,,
2025-342T20:57:28.935,,534.0,500.0,518.0,509.0,516.0,510.0,2048.0,2040.0,2066.0,2061.0
2025-342T20:57:31.935,2001.4632,,,,,,,,,,
2025-342T20:57:37.935,,534.0,499.0,518.0,509.0,516.0,510.0,2048.0,2040.0,2066.0,2061.0
2025-342T20:57:38.935,2001.4632,,,,,,,,,,
2025-342T20:57:43.935,2001.4632,,,,,,,,,,
2025-342T20:57:46.935,,528.0,500.0,518.0,509.0,516.0,509.0,2048.0,2040.0,2066.0,2061.0
2025-342T20:57:49.935,2001.4632,,,,,,,,,,
2025-342T20:57:55.935,,552.0,500.0,518.0,509.0,516.0,510.0,2048.0,2040.0,2067.0,2061.0
2025-342T20:57:56.935,2001.4632,,,,,,,,,,
2025-342T20:58:01.935,2001.4632,,,,,,,,,,
2025-342T20:58:04.935,,533.0,499.0,518.0,509.0,516.0,510.0,2048.0,2040.0,2067.0,2061.0
2025-342T20:58:07.935,2001.4632,,,,,,,,,,
2025-342T20:58:13.935,,532.0,499.0,518.0,509.0,516.0,510.0,2048.0,2040.0,2066.0,2061.0
2025-342T20:58:14.935,2001.4632,,,,,,,,,,
2025-342T20:58:19.935,2001.4632,,,,,,,,,,
2025-342T20:58:22.935,,547.0,500.0,518.0,509.0,516.0,510.0,2048.0,2040.0,2067.0,2061.0
2025-342T20:58:25.935,2001.4632,,,,,,,,,,
2025-342T20:58:31.935,,538.0,500.0,518.0,509.0,516.0,510.0,2048.0,2040.0,2067.0,2061.0
2025-342T20:58:32.935,2001.4632,,,,,,,,,,
2025-342T20:58:37.935,2001.4632,,,,,,,,,,
2025-342T20:58:40.935,,546.0,500.0,518.0,508.0,516.0,510.0,2048.0,2040.0,2067.0,2061.0
2025-342T20:58:43.935,2001.4632,,,,,,,,,,
2025-342T20:58:49.935,,529.0,499.0,518.0,509.0,516.0,509.0,2048.0,2040.0,2066.0,2061.0
2025-342T20:58:50.935,2001.4632,,,,,,,,,,
2025-342T20:58:55.935,2001.4632,,,,,,,,,,
2025-342T20:58:58.935,,548.0,499.0,518.0,509.0,516.0,510.0,2048.0,2040.0,2066.0,2061.0
2025-342T20:59:01.935,2001.4632,,,,,,,,,,
2025-342T20:59:07.935,,537.0,500.0,518.0,509.0,516.0,510.0,2048.0,2040.0,2066.0,2061.0
2025-342T20:59:08.934,2001.4632,,,,,,,,,,
2025-342T20:59:13.934,2001.4632,,,,,,,,,,
2025-342T20:59:16.935,,534.0,499.0,518.0,509.0,516.0,510.0,2048.0,2040.0,2067.0,2061.0
2025-342T20:59:19.934,2001.4632,,,,,,,,,,
2025-342T20:59:25.935,,534.0,499.0,518.0,509.0,516.0,510.0,2048.0,2040.0,2066.0,2061.0
2025-342T20:59:26.934,2001.4632,,,,,,,,,,
2025-342T20:59:31.934,2001.4632,,,,,,,,,,
2025-342T20:59:34.935,,573.0,500.0,518.0,509.0,516.0,510.0,2048.0,2040.0,2067.0,2061.0
2025-342T20:59:37.934,2001.4632,,,,,,,,,,
2025-342T20:59:43.935,,554.0,500.0,518.0,509.0,516.0,509.0,2048.0,2040.0,2066.0,2061.0
2025-342T20:59:44.934,2001.4632,,,,,,,,,,
2025-342T20:59:49.934,2001.4632,,,,,,,,,,
2025-342T20:59:52.935,,554.0,500.0,518.0,509.0,516.0,510.0,2048.0,2040.0,2066.0,2061.0
2025-342T20:59:55.934,2001.4632,,,,,,,,,,
2025-342T21:00:01.934,,534.0,499.0,518.0,509.0,516.0,510.0,2048.0,2040.0,2067.0,2061.0
2025-342T21:00:02.934,2001.4632,,,,,,,,,,
2025-342T21:00:07.934,2001.4632,,,,,,,,,,
2025-342T21:00:10.934,,530.0,499.0,518.0,509.0,516.0,510.0,2048.0,2040.0,2067.0,2061.0
2025-342T21:00:13.934,2001.4632,,,,,,,,,,
2025-342T21:00:19.934,,553.0,499.0,518.0,509.0,516.0,510.0,2048.0,2040.0,2066.0,2061.0
2025-342T21:00:20.934,2001.4632,,,,,,,,,,
2025-342T21:00:25.934,2001.4632,,,,,,,,,,
2025-342T21:00:28.934,,532.0,499.0,518.0,509.0,516.0,510.0,2048.0,2040.0,2066.0,2061.0
2025-342T21:00:31.934,2001.4632,,,,,,,,,,
2025-342T21:00:37.934,,533.0,499.0,518.0,509.0,516.0,510.0,2048.0,2040.0,2066.0,2061.0
2025-342T21:00:38.934,2001.4632,,,,,,,,,,
2025-342T21:00:43.934,2001.4632,,,,,,,,,,
2025-342T21:00:46.934,,528.0,500.0,518.0,509.0,516.0,510.0,2048.0,2040.0,2066.0,2061.0
2025-342T21:00:49.934,2001.4632,,,,,,,,,,
2025-342T21:00:55.934,,534.0,500.0,518.0,509.0,516.0,509.0,2048.0,2040.0,2067.0,2061.0
2025-342T21:00:56.934,2001.4632,,,,,,,,,,
2025-342T21:01:01.934,2001.4632,,,,,,,,,,
2025-342T21:01:04.934,,531.0,500.0,518.0,509.0,516.0,509.0,2048.0,2040.0,2066.0,2061.0
2025-342T21:01:07.934,2001.4632,,,,,,,,,,
2025-342T21:01:13.934,,536.0,499.0,518.0,509.0,516.0,510.0,2048.0,2040.0,2066.0,2061.0
2025-342T21:01:14.934,2001.4632,,,,,,,,,,
2025-342T21:01:19.934,2001.4632,,,,,,,,,,
2025-342T21:01:22.934,,533.0,500.0,518.0,509.0,516.0,510.0,2048.0,2040.0,2067.0,2061.0
2025-342T21:01:25.934,2001.4632,,,,,,,,,,
2025-342T21:01:31.934,,548.0,500.0,518.0,509.0,516.0,510.0,2048.0,2040.0,2066.0,2061.0
2025-342T21:01:32.934,2001.4632,,,,,,,,,,
2025-342T21:01:37.933,2001.4632,,,,,,,,,,
2025-342T21:01:40.934,,526.0,500.0,518.0,509.0,516.0,510.0,2048.0,2040.0,2067.0,2061.0
2025-342T21:01:43.933,2001.4632,,,,,,,,,,
2025-342T21:01:49.934,,535.0,499.0,518.0,509.0,516.0,510.0,2048.0,2040.0,2067.0,2061.0
2025-342T21:01:50.933,2001.4632,,,,,,,,,,
2025-342T21:01:55.933,2001.4632,,,,,,,,,,
2025-342T21:01:58.934,,529.0,499.0,518.0,509.0,516.0,510.0,2049.0,2040.0,2067.0,2061.0
2025-342T21:02:01.933,2001.4632,,,,,,,,,,
2025-342T21:02:07.934,,540.0,499.0,518.0,509.0,516.0,510.0,2048.0,2040.0,2066.0,2061.0
2025-342T21:02:08.933,2001.4632,,,,,,,,,,
2025-342T21:02:13.933,2001.4632,,,,,,,,,,
2025-342T21:02:16.934,,539.0,499.0,518.0,509.0,516.0,509.0,2048.0,2040.0,2067.0,2061.0
2025-342T21:02:19.933,2001.4632,,,,,,,,,,
2025-342T21:02:25.934,,541.0,499.0,518.0,509.0,516.0,509.0,2048.0,2040.0,2066.0,2061.0
2025-342T21:02:26.933,2001.4632,,,,,,,,,,
2025-342T21:02:31.933,2001.4632,,,,,,,,,,
2025-342T21:02:34.934,,528.0,499.0,518.0,509.0,516.0,510.0,2048.0,2040.0,2066.0,2061.0
2025-342T21:02:37.933,2001.4632,,,,,,,,,,
2025-342T21:02:43.933,,558.0,499.0,518.0,509.0,516.0,510.0,2048.0,2040.0,2066.0,2061.0
2025-342T21:02:44.933,2001.4632,,,,,,,,,,
2025-342T21:02:49.933,2001.4632,,,,,,,,,,
2025-342T21:02:52.933,,541.0,499.0,518.0,509.0,516.0,509.0,2048.0,2040.0,2066.0,2061.0
2025-342T21:02:55.933,2001.4632,,,,,,,,,,
2025-342T21:03:01.933,,546.0,499.0,518.0,509.0,516.0,510.0,2048.0,2040.0,2067.0,2061.0
2025-342T21:03:02.933,2001.4632,,,,,,,,,,
2025-342T21:03:07.933,2001.4632,,,,,,,,,,
2025-342T21:03:10.933,,529.0,499.0,518.0,509.0,516.0,510.0,2048.0,2040.0,2066.0,2061.0
2025-342T21:03:13.933,2001.4632,,,,,,,,,,
2025-342T21:03:19.933,,535.0,499.0,518.0,509.0,516.0,509.0,2048.0,2040.0,2067.0,2061.0
2025-342T21:03:20.933,2001.4632,,,,,,,,,,
2025-342T21:03:25.933,2001.4632,,,,,,,,,,
2025-342T21:03:28.933,,542.0,499.0,518.0,509.0,516.0,510.0,2048.0,2040.0,2066.0,2061.0
2025-342T21:03:31.933,2001.4632,,,,,,,,,,
2025-342T21:03:37.933,,529.0,499.0,518.0,509.0,516.0,510.0,2048.0,2040.0,2066.0,2061.0
2025-342T21:03:38.933,2001.4632,,,,,,,,,,
2025-342T21:03:43.933,2001.4632,,,,,,,,,,
2025-342T21:03:46.933,,535.0,499.0,518.0,509.0,516.0,510.0,2048.0,2039.0,2066.0,2061.0
2025-342T21:03:49.933,2001.4632,,,,,,,,,,
2025-342T21:03:55.933,,533.0,499.0,518.0,509.0,516.0,510.0,2048.0,2040.0,2066.0,2061.0
2025-342T21:03:56.933,2001.4632,,,,,,,,,,
2025-342T21:04:01.933,2001.4632,,,,,,,,,,
2025-342T21:04:04.933,,533.0,499.0,518.0,509.0,516.0,510.0,2048.0,2040.0,2066.0,2061.0
2025-342T21:04:07.933,2001.4632,,,,,,,,,,
2025-342T21:04:13.933,,536.0,499.0,518.0,509.0,516.0,510.0,2049.0,2040.0,2067.0,2061.0
2025-342T21:04:14.932,2001.4632,,,,,,,,,,
2025-342T21:04:19.932,2001.4632,,,,,,,,,,
2025-342T21:04:22.933,,530.0,499.0,518.0,509.0,516.0,510.0,2048.0,2040.0,2066.0,2061.0
2025-342T21:04:25.932,2001.4632,,,,,,,,,,
2025-342T21:04:31.933,,534.0,500.0,518.0,509.0,516.0,510.0,2048.0,2040.0,2066.0,2061.0
2025-342T21:04:32.932,2001.4632,,,,,,,,,,
2025-342T21:04:37.932,2001.4632,,,,,,,,,,
2025-342T21:04:40.933,,541.0,500.0,518.0,509.0,516.0,510.0,2049.0,2040.0,2067.0,2061.0
2025-342T21:04:43.932,2001.4632,,,,,,,,,,
2025-342T21:04:49.933,,531.0,499.0,518.0,509.0,516.0,510.0,2048.0,2040.0,2066.0,2061.0
2025-342T21:04:50.932,2001.4632,,,,,,,,,,
2025-342T21:04:55.932,2001.4632,,,,,,,,,,
2025-342T21:04:58.933,,530.0,500.0,518.0,509.0,516.0,509.0,2048.0,2040.0,2066.0,2061.0
2025-342T21:05:01.932,2001.4632,,,,,,,,,,
2025-342T21:05:07.933,,534.0,500.0,518.0,509.0,516.0,510.0,2048.0,2040.0,2066.0,2061.0
2025-342T21:05:08.932,2001.4632,,,,,,,,,,
2025-342T21:05:13.932,2001.4632,,,,,,,,,,
2025-342T21:05:16.932,,542.0,499.0,518.0,509.0,516.0,510.0,2048.0,2040.0,2067.0,2061.0
2025-342T21:05:19.932,2001.4632,,,,,,,,,,
2025-342T21:05:25.932,,527.0,500.0,518.0,509.0,516.0,510.0,2048.0,2040.0,2066.0,2061.0
2025-342T21:05:26.932,2001.4632,,,,,,,,,,
2025-342T21:05:31.932,2001.4632,,,,,,,,,,
2025-342T21:05:34.932,,531.0,499.0,518.0,509.0,516.0,510.0,2050.0,2038.0,2067.0,2061.0
2025-342T21:05:37.932,2001.4632,,,,,,,,,,
2025-342T21:05:43.932,,578.0,500.0,518.0,509.0,516.0,510.0,2048.0,2040.0,2067.0,2061.0
2025-342T21:05:44.932,2001.4632,,,,,,,,,,
2025-342T21:05:49.932,2001.4632,,,,,,,,,,
2025-342T21:05:52.932,,532.0,500.0,518.0,509.0,516.0,510.0,2048.0,2040.0,2067.0,2061.0
2025-342T21:05:55.932,2001.4632,,,,,,,,,,
2025-342T21:06:01.932,,543.0,499.0,518.0,509.0,516.0,510.0,2048.0,2040.0,2067.0,2061.0
2025-342T21:06:02.932,2001.4632,,,,,,,,,,
2025-342T21:06:07.932,2001.4632,,,,,,,,,,
2025-342T21:06:10.932,,536.0,500.0,518.0,509.0,516.0,510.0,2048.0,2040.0,2067.0,2061.0
2025-342T21:06:13.932,2001.4632,,,,,,,,,,
2025-342T21:06:19.932,,529.0,499.0,518.0,509.0,516.0,510.0,2048.0,2040.0,2066.0,2061.0
2025-342T21:06:20.932,2001.4632,,,,,,,,,,
2025-342T21:06:25.932,2001.4632,,,,,,,,,,
2025-342T21:06:28.932,,527.0,500.0,518.0,509.0,516.0,510.0,2048.0,2040.0,2067.0,2061.0
2025-342T21:06:31.932,2001.4632,,,,,,,,,,
2025-342T21:06:37.932,,553.0,499.0,518.0,508.0,516.0,510.0,2048.0,2040.0,2066.0,2061.0
2025-342T21:06:38.932,2001.4632,,,,,,,,,,
2025-342T21:06:43.932,2001.4632,,,,,,,,,,
2025-342T21:06:46.932,,659.0,500.0,518.0,509.0,518.0,510.0,2048.0,2040.0,2066.0,2061.0
2025-342T21:06:49.931,2001.4632,,,,,,,,,,
2025-342T21:06:55.932,,535.0,499.0,518.0,509.0,516.0,510.0,2048.0,2040.0,2067.0,2061.0
2025-342T21:06:56.931,2001.4632,,,,,,,,,,
2025-342T21:07:01.931,2001.4632,,,,,,,,,,
2025-342T21:07:04.932,,544.0,499.0,518.0,509.0,516.0,510.0,2048.0,2040.0,2066.0,2061.0
2025-342T21:07:07.931,2001.4632,,,,,,,,,,
2025-342T21:07:13.932,,535.0,499.0,518.0,509.0,516.0,510.0,2048.0,2040.0,2067.0,2061.0
2025-342T21:07:14.931,2001.4632,,,,,,,,,,
2025-342T21:07:19.931,2001.4632,,,,,,,,,,
2025-342T21:07:22.932,,536.0,499.0,518.0,509.0,516.0,510.0,2048.0,2040.0,2066.0,2061.0
2025-342T21:07:25.931,2001.4632,,,,,,,,,,
2025-342T21:07:31.932,,534.0,499.0,518.0,509.0,516.0,509.0,2048.0,2040.0,2066.0,2061.0
2025-342T21:07:32.931,2001.4632,,,,,,,,,,
2025-342T21:07:37.931,2001.4632,,,,,,,,,,
2025-342T21:07:40.932,,534.0,500.0,518.0,509.0,516.0,510.0,2048.0,2040.0,2066.0,2061.0
2025-342T21:07:43.931,2001.4632,,,,,,,,,,
2025-342T21:07:49.931,,540.0,499.0,518.0,509.0,516.0,509.0,2048.0,2040.0,2067.0,2061.0
2025-342T21:07:50.931,2001.4632,,,,,,,,,,
2025-342T21:07:55.931,2001.4632,,,,,,,,,,
2025-342T21:07:58.931,,531.0,499.0,518.0,509.0,516.0,509.0,2048.0,2040.0,2067.0,2061.0
2025-342T21:08:01.931,2001.4632,,,,,,,,,,
2025-342T21:08:07.931,,544.0,500.0,518.0,509.0,516.0,509.0,2048.0,2040.0,2067.0,2061.0
2025-342T21:08:08.931,2001.4632,,,,,,,,,,
2025-342T21:08:13.931,2001.4632,,,,,,,,,,
2025-342T21:08:16.931,,530.0,499.0,518.0,509.0,516.0,510.0,2048.0,2040.0,2067.0,2061.0
2025-342T21:08:19.931,2001.4632,,,,,,,,,,
2025-342T21:08:25.931,,528.0,500.0,518.0,509.0,516.0,510.0,2048.0,2040.0,2066.0,2061.0
2025-342T21:08:26.931,2001.4632,,,,,,,,,,
2025-342T21:08:31.931,2001.4632,,,,,,,,,,
2025-342T21:08:34.931,,534.0,500.0,518.0,509.0,516.0,510.0,2048.0,2040.0,2067.0,2061.0
2025-342T21:08:37.931,2001.4632,,,,,,,,,,
2025-342T21:08:43.931,,541.0,499.0,518.0,509.0,516.0,509.0,2048.0,2040.0,2067.0,2061.0
2025-342T21:08:44.931,2001.4632,,,,,,,,,,
2025-342T21:08:49.931,2001.4632,,,,,,,,,,
2025-342T21:08:52.931,,533.0,499.0,518.0,509.0,516.0,509.0,2048.0,2040.0,2066.0,2061.0
2025-342T21:08:55.931,2001.4632,,,,,,,,,,
2025-342T21:09:01.931,,536.0,500.0,518.0,509.0,516.0,510.0,2048.0,2040.0,2067.0,2061.0
2025-342T21:09:02.931,2001.4632,,,,,,,,,,
2025-342T21:09:07.931,2001.4632,,,,,,,,,,
2025-342T21:09:10.931,,545.0,499.0,518.0,509.0,516.0,510.0,2048.0,2040.0,2067.0,2061.0
2025-342T21:09:13.931,2001.4632,,,,,,,,,,
2025-342T21:09:19.931,,529.0,500.0,518.0,509.0,516.0,510.0,2048.0,2040.0,2067.0,2061.0
2025-342T21:09:20.930,2001.4632,,,,,,,,,,
2025-342T21:09:25.930,2001.4632,,,,,,,,,,
2025-342T21:09:28.931,,536.0,500.0,518.0,509.0,516.0,509.0,2048.0,2040.0,2066.0,2061.0
2025-342T21:09:31.930,2001.4632,,,,,,,,,,
2025-342T21:09:37.931,,535.0,499.0,518.0,509.0,516.0,510.0,2048.0,2040.0,2067.0,2061.0
2025-342T21:09:38.930,2001.4632,,,,,,,,,,
2025-342T21:09:43.930,2001.4632,,,,,,,,,,
2025-342T21:09:46.931,,550.0,500.0,518.0,509.0,516.0,510.0,2048.0,2040.0,2066.0,2061.0
2025-342T21:09:49.930,2001.4632,,,,,,,,,,
2025-342T21:09:55.931,,537.0,500.0,518.0,509.0,516.0,510.0,2048.0,2040.0,2066.0,2061.0
2025-342T21:09:56.930,2001.4632,,,,,,,,,,
2025-342T21:10:01.930,2001.4632,,,,,,,,,,
2025-342T21:10:04.931,,537.0,500.0,518.0,509.0,516.0,510.0,2048.0,2040.0,2067.0,2061.0
2025-342T21:10:07.930,2001.4632,,,,,,,,,,
2025-342T21:10:13.931,,532.0,499.0,518.0,509.0,516.0,510.0,2048.0,2039.0,2066.0,2061.0
2025-342T21:10:14.930,2001.4632,,,,,,,,,,
2025-342T21:10:19.930,2001.4632,,,,,,,,,,
2025-342T21:10:22.930,,532.0,500.0,518.0,509.0,516.0,510.0,2048.0,2040.0,2067.0,2061.0
2025-342T21:10:25.930,2001.4632,,,,,,,,,,
2025-342T21:10:31.930,,529.0,500.0,518.0,509.0,516.0,510.0,2048.0,2040.0,2066.0,2061.0
2025-342T21:10:32.930,2001.4632,,,,,,,,,,
2025-342T21:10:37.930,2001.4632,,,,,,,,,,
2025-342T21:10:40.930,,545.0,499.0,518.0,509.0,516.0,510.0,2048.0,2040.0,2066.0,2061.0
2025-342T21:10:43.930,2001.4632,,,,,,,,,,
2025-342T21:10:49.930,,549.0,499.0,518.0,509.0,516.0,510.0,2048.0,2040.0,2067.0,2061.0
2025-342T21:10:50.930,2001.4632,,,,,,,,,,
2025-342T21:10:55.930,2001.4632,,,,,,,,,,
2025-342T21:10:58.930,,531.0,500.0,518.0,509.0,516.0,510.0,2048.0,2040.0,2066.0,2061.0
2025-342T21:11:01.930,2001.4632,,,,,,,,,,
2025-342T21:11:07.930,,530.0,500.0,518.0,509.0,516.0,510.0,2048.0,2040.0,2067.0,2061.0
2025-342T21:11:08.930,2001.4632,,,,,,,,,,
2025-342T21:11:13.930,2001.4632,,,,,,,,,,
2025-342T21:11:16.930,,537.0,499.0,518.0,509.0,516.0,510.0,2048.0,2040.0,2066.0,2061.0
2025-342T21:11:19.930,2001.4632,,,,,,,,,,
2025-342T21:11:25.930,,539.0,500.0,518.0,509.0,516.0,510.0,2048.0,2040.0,2067.0,2061.0
2025-342T21:11:26.930,2001.4632,,,,,,,,,,
2025-342T21:11:31.930,2001.4632,,,,,,,,,,
2025-342T21:11:34.930,,527.0,500.0,518.0,509.0,516.0,510.0,2048.0,2040.0,2067.0,2061.0
2025-342T21:11:37.930,2001.4632,,,,,,,,,,
2025-342T21:11:43.930,,538.0,500.0,518.0,509.0,516.0,510.0,2048.0,2040.0,2066.0,2061.0
2025-342T21:11:44.930,2001.4632,,,,,,,,,,
2025-342T21:11:49.930,2001.4632,,,,,,,,,,
2025-342T21:11:52.930,,536.0,500.0,518.0,509.0,516.0,510.0,2048.0,2040.0,2067.0,2061.0
2025-342T21:11:55.929,2001.4632,,,,,,,,,,
2025-342T21:12:01.930,,532.0,500.0,518.0,508.0,516.0,509.0,2048.0,2040.0,2067.0,2061.0
2025-342T21:12:02.929,2001.4632,,,,,,,,,,
2025-342T21:12:07.929,2001.4632,,,,,,,,,,
2025-342T21:12:10.930,,532.0,499.0,518.0,509.0,516.0,510.0,2048.0,2040.0,2067.0,2061.0
2025-342T21:12:13.929,2001.4632,,,,,,,,,,
2025-342T21:12:19.930,,534.0,500.0,518.0,509.0,516.0,510.0,2048.0,2040.0,2067.0,2061.0
2025-342T21:12:20.929,2001.4632,,,,,,,,,,
2025-342T21:12:25.929,2001.4632,,,,,,,,,,
2025-342T21:12:28.930,,529.0,500.0,518.0,509.0,516.0,510.0,2048.0,2040.0,2066.0,2061.0
2025-342T21:12:31.929,2001.4632,,,,,,,,,,
2025-342T21:12:37.930,,536.0,499.0,518.0,509.0,516.0,510.0,2048.0,2040.0,2066.0,2061.0
2025-342T21:12:38.929,2001.4632,,,,,,,,,,
2025-342T21:12:43.929,2001.4632,,,,,,,,,,
2025-342T21:12:46.930,,546.0,500.0,518.0,509.0,516.0,510.0,2048.0,2040.0,2066.0,2061.0
2025-342T21:12:49.929,2001.4632,,,,,,,,,,
2025-342T21:12:55.930,,534.0,500.0,518.0,509.0,516.0,510.0,2048.0,2040.0,2066.0,2061.0
2025-342T21:12:56.929,2001.4632,,,,,,,,,,
2025-342T21:13:01.929,2001.4632,,,,,,,,,,
2025-342T21:13:04.929,,547.0,500.0,518.0,509.0,516.0,510.0,2048.0,2040.0,2066.0,2061.0
2025-342T21:13:07.929,2001.4632,,,,,,,,,,
2025-342T21:13:13.929,,536.0,500.0,518.0,509.0,516.0,510.0,2048.0,2040.0,2067.0,2061.0
2025-342T21:13:14.929,2001.4632,,,,,,,,,,
2025-342T21:13:19.929,2001.4632,,,,,,,,,,
2025-342T21:13:22.929,,551.0,499.0,518.0,509.0,516.0,510.0,2048.0,2040.0,2067.0,2061.0
2025-342T21:13:25.929,2001.4632,,,,,,,,,,
2025-342T21:13:31.929,,539.0,500.0,518.0,509.0,516.0,509.0,2048.0,2040.0,2066.0,2061.0
2025-342T21:13:32.929,2001.4632,,,,,,,,,,
2025-342T21:13:37.929,2001.4632,,,,,,,,,,
2025-342T21:13:40.929,,528.0,499.0,518.0,509.0,516.0,510.0,2049.0,2040.0,2067.0,2061.0
2025-342T21:13:43.929,2001.4632,,,,,,,,,,
2025-342T21:13:49.929,,527.0,500.0,518.0,509.0,516.0,510.0,2048.0,2040.0,2066.0,2061.0
2025-342T21:13:50.929,2001.4632,,,,,,,,,,
2025-342T21:13:55.929,2001.4632,,,,,,,,,,
2025-342T21:13:58.929,,530.0,500.0,518.0,509.0,516.0,510.0,2048.0,2040.0,2066.0,2061.0
2025-342T21:14:01.929,2001.4632,,,,,,,,,,
2025-342T21:14:07.929,,558.0,500.0,518.0,509.0,516.0,510.0,2048.0,2040.0,2066.0,2061.0
2025-342T21:14:08.929,2001.4632,,,,,,,,,,
2025-342T21:14:13.929,2001.4632,,,,,,,,,,
2025-342T21:14:16.929,,535.0,499.0,518.0,509.0,516.0,510.0,2048.0,2040.0,2066.0,2061.0
2025-342T21:14:19.929,2001.4632,,,,,,,,,,
2025-342T21:14:25.929,,532.0,500.0,518.0,509.0,516.0,509.0,2048.0,2040.0,2066.0,2061.0
2025-342T21:14:26.928,2001.4632,,,,,,,,,,
2025-342T21:14:31.928,2001.4632,,,,,,,,,,
2025-342T21:14:34.929,,532.0,500.0,518.0,509.0,516.0,510.0,2048.0,2040.0,2067.0,2061.0
2025-342T21:14:37.928,2001.4632,,,,,,,,,,
2025-342T21:14:43.929,,537.0,500.0,518.0,509.0,516.0,510.0,2048.0,2040.0,2066.0,2061.0
2025-342T21:14:44.928,2001.4632,,,,,,,,,,
2025-342T21:14:49.928,2001.4632,,,,,,,,,,
2025-342T21:14:52.929,,536.0,500.0,518.0,509.0,516.0,510.0,2048.0,2039.0,2067.0,2061.0
2025-342T21:14:55.928,2001.4632,,,,,,,,,,
2025-342T21:15:01.929,,540.0,499.0,518.0,509.0,516.0,509.0,2048.0,2040.0,2066.0,2061.0
2025-342T21:15:02.928,2001.4632,,,,,,,,,,
2025-342T21:15:07.928,2001.4632,,,,,,,,,,
2025-342T21:15:10.929,,529.0,499.0,518.0,509.0,516.0,510.0,2048.0,2040.0,2066.0,2061.0
2025-342T21:15:13.928,2001.4632,,,,,,,,,,
2025-342T21:15:19.929,,530.0,499.0,518.0,509.0,516.0,510.0,2048.0,2040.0,2066.0,2061.0
2025-342T21:15:20.928,2001.4632,,,,,,,,,,
2025-342T21:15:25.928,2001.4632,,,,,,,,,,
2025-342T21:15:28.929,,552.0,499.0,518.0,509.0,516.0,510.0,2048.0,2040.0,2066.0,2061.0
2025-342T21:15:31.928,2001.4632,,,,,,,,,,
2025-342T21:15:37.928,,542.0,500.0,518.0,509.0,516.0,510.0,2048.0,2040.0,2066.0,2061.0
2025-342T21:15:38.928,2001.4632,,,,,,,,,,
2025-342T21:15:43.928,2001.4632,,,,,,,,,,
2025-342T21:15:46.928,,562.0,500.0,518.0,509.0,516.0,509.0,2048.0,2040.0,2067.0,2061.0
2025-342T21:15:49.928,2001.4632,,,,,,,,,,
2025-342T21:15:55.928,,543.0,499.0,518.0,509.0,516.0,510.0,2048.0,2040.0,2067.0,2061.0
2025-342T21:15:56.928,2001.4632,,,,,,,,,,
2025-342T21:16:01.928,2001.4632,,,,,,,,,,
2025-342T21:16:04.928,,538.0,499.0,518.0,509.0,516.0,510.0,2048.0,2040.0,2066.0,2061.0
2025-342T21:16:07.928,2001.4632,,,,,,,,,,
2025-342T21:16:13.928,,529.0,499.0,518.0,509.0,516.0,509.0,2048.0,2040.0,2066.0,2061.0
2025-342T21:16:14.928,2001.4632,,,,,,,,,,
2025-342T21:16:19.928,2001.4632,,,,,,,,,,
2025-342T21:16:22.928,,528.0,500.0,518.0,509.0,516.0,510.0,2048.0,2040.0,2066.0,2061.0
2025-342T21:16:25.928,2001.4632,,,,,,,,,,
2025-342T21:16:31.928,,533.0,499.0,518.0,509.0,516.0,510.0,2048.0,2040.0,2066.0,2061.0
2025-342T21:16:32.928,2001.4632,,,,,,,,,,
2025-342T21:16:37.928,2001.4632,,,,,,,,,,
2025-342T21:16:40.928,,540.0,499.0,518.0,509.0,516.0,510.0,2048.0,2040.0,2067.0,2061.0
2025-342T21:16:43.928,2001.4632,,,,,,,,,,
2025-342T21:16:49.928,,525.0,500.0,518.0,509.0,516.0,509.0,2048.0,2040.0,2067.0,2061.0
2025-342T21:16:50.928,2001.4632,,,,,,,,,,
2025-342T21:16:55.928,2001.4632,,,,,,,,,,
2025-342T21:16:58.928,,529.0,499.0,518.0,509.0,516.0,510.0,2048.0,2040.0,2066.0,2061.0
2025-342T21:17:01.928,2001.4632,,,,,,,,,,
2025-342T21:17:07.928,,531.0,500.0,518.0,509.0,516.0,510.0,2048.0,2040.0,2066.0,2061.0
2025-342T21:17:08.927,2001.4632,,,,,,,,,,
2025-342T21:17:13.927,2001.4632,,,,,,,,,,
2025-342T21:17:16.928,,539.0,500.0,518.0,509.0,516.0,510.0,2048.0,2040.0,2066.0,2061.0
2025-342T21:17:19.927,2001.4632,,,,,,,,,,
2025-342T21:17:25.928,,545.0,500.0,518.0,509.0,516.0,510.0,2048.0,2040.0,2067.0,2061.0
2025-342T21:17:26.927,2001.4632,,,,,,,,,,
2025-342T21:17:31.927,2001.4632,,,,,,,,,,
2025-342T21:17:34.928,,566.0,499.0,518.0,509.0,516.0,510.0,2048.0,2040.0,2066.0,2061.0
2025-342T21:17:37.927,2001.4632,,,,,,,,,,
2025-342T21:17:43.928,,530.0,500.0,518.0,509.0,516.0,510.0,2048.0,2040.0,2066.0,2061.0
2025-342T21:17:44.927,2001.4632,,,,,,,,,,
2025-342T21:17:49.927,2001.4632,,,,,,,,,,
2025-342T21:17:52.928,,534.0,499.0,518.0,509.0,516.0,510.0,2048.0,2039.0,2066.0,2061.0
2025-342T21:17:55.927,2001.4632,,,,,,,,,,
2025-342T21:18:01.928,,530.0,500.0,518.0,509.0,516.0,510.0,2048.0,2040.0,2066.0,2061.0
2025-342T21:18:02.927,2001.4632,,,,,,,,,,
2025-342T21:18:07.927,2001.4632,,,,,,,,,,
2025-342T21:18:10.927,,532.0,500.0,518.0,509.0,516.0,510.0,2048.0,2040.0,2066.0,2061.0
2025-342T21:18:13.927,2001.4632,,,,,,,,,,
2025-342T21:18:19.927,,533.0,499.0,518.0,509.0,516.0,510.0,2048.0,2040.0,2066.0,2061.0
2025-342T21:18:20.927,2001.4632,,,,,,,,,,
2025-342T21:18:25.927,2001.4632,,,,,,,,,,
2025-342T21:18:28.927,,549.0,500.0,518.0,509.0,516.0,510.0,2048.0,2040.0,2066.0,2061.0
2025-342T21:18:31.927,2001.4632,,,,,,,,,,
2025-342T21:18:37.927,,536.0,499.0,518.0,509.0,516.0,510.0,2048.0,2040.0,2066.0,2061.0
2025-342T21:18:38.927,2001.4632,,,,,,,,,,
2025-342T21:18:43.927,2001.4632,,,,,,,,,,
2025-342T21:18:46.927,,540.0,500.0,518.0,509.0,516.0,509.0,2048.0,2040.0,2066.0,2061.0
2025-342T21:18:49.927,2001.4632,,,,,,,,,,
2025-342T21:18:55.927,,545.0,500.0,518.0,509.0,516.0,510.0,2048.0,2040.0,2066.0,2061.0
2025-342T21:18:56.927,2001.4632,,,,,,,,,,
2025-342T21:19:01.927,2001.4632,,,,,,,,,,
2025-342T21:19:04.927,,530.0,499.0,518.0,509.0,516.0,510.0,2048.0,2040.0,2067.0,2061.0
2025-342T21:19:07.927,2001.4632,,,,,,,,,,
2025-342T21:19:13.927,,531.0,500.0,518.0,509.0,516.0,510.0,2048.0,2040.0,2067.0,2061.0
2025-342T21:19:14.927,2001.4632,,,,,,,,,,
2025-342T21:19:19.927,2001.4632,,,,,,,,,,
2025-342T21:19:22.927,,543.0,500.0,518.0,509.0,516.0,510.0,2048.0,2040.0,2066.0,2061.0
2025-342T21:19:25.927,2001.4632,,,,,,,,,,
2025-342T21:19:31.927,,525.0,500.0,518.0,509.0,516.0,510.0,2048.0,2040.0,2066.0,2061.0
2025-342T21:19:32.927,2001.4632,,,,,,,,,,
2025-342T21:19:37.927,2001.4632,,,,,,,,,,
2025-342T21:19:40.927,,532.0,500.0,518.0,509.0,516.0,510.0,2048.0,2040.0,2067.0,2061.0
2025-342T21:19:43.926,2001.4632,,,,,,,,,,
2025-342T21:19:49.927,,538.0,500.0,518.0,509.0,516.0,510.0,2048.0,2040.0,2066.0,2061.0
2025-342T21:19:50.926,2001.4632,,,,,,,,,,
2025-342T21:19:55.926,2001.4632,,,,,,,,,,
2025-342T21:19:58.927,,533.0,499.0,518.0,509.0,516.0,509.0,2048.0,2040.0,2066.0,2061.0
2025-342T21:20:01.926,2001.4632,,,,,,,,,,
2025-342T21:20:07.927,,532.0,499.0,518.0,509.0,516.0,510.0,2048.0,2040.0,2066.0,2061.0
2025-342T21:20:08.926,2001.4632,,,,,,,,,,
2025-342T21:20:13.926,2001.4632,,,,,,,,,,
2025-342T21:20:16.927,,545.0,499.0,518.0,509.0,516.0,510.0,2048.0,2040.0,2066.0,2061.0
2025-342T21:20:19.926,2001.4632,,,,,,,,,,
2025-342T21:20:25.927,,531.0,499.0,518.0,509.0,516.0,510.0,2048.0,2040.0,2066.0,2061.0
2025-342T21:20:26.926,2001.4632,,,,,,,,,,
2025-342T21:20:31.926,2001.4632,,,,,,,,,,
2025-342T21:20:34.927,,528.0,500.0,518.0,509.0,516.0,510.0,2048.0,2040.0,2066.0,2061.0
2025-342T21:20:37.926,2001.4632,,,,,,,,,,
2025-342T21:20:43.926,,535.0,499.0,518.0,509.0,516.0,510.0,2048.0,2040.0,2066.0,2061.0
2025-342T21:20:44.926,2001.4632,,,,,,,,,,
2025-342T21:20:49.926,2001.4632,,,,,,,,,,
2025-342T21:20:52.926,,529.0,500.0,518.0,509.0,516.0,510.0,2048.0,2040.0,2066.0,2061.0
2025-342T21:20:55.926,2001.4632,,,,,,,,,,
2025-342T21:21:01.926,,554.0,499.0,518.0,509.0,516.0,510.0,2048.0,2040.0,2066.0,2061.0
2025-342T21:21:02.926,2001.4632,,,,,,,,,,
2025-342T21:21:07.926,2001.4632,,,,,,,,,,
2025-342T21:21:10.926,,545.0,499.0,518.0,509.0,516.0,510.0,2048.0,2040.0,2066.0,2061.0
2025-342T21:21:13.926,2001.4632,,,,,,,,,,
2025-342T21:21:19.926,,528.0,499.0,518.0,509.0,516.0,510.0,2048.0,2040.0,2066.0,2061.0
2025-342T21:21:20.926,2001.4632,,,,,,,,,,
2025-342T21:21:25.926,2001.4632,,,,,,,,,,
2025-342T21:21:28.926,,536.0,500.0,518.0,509.0,516.0,510.0,2048.0,2040.0,2066.0,2061.0
2025-342T21:21:31.926,2001.4632,,,,,,,,,,
2025-342T21:21:37.926,,539.0,500.0,518.0,509.0,516.0,510.0,2048.0,2040.0,2066.0,2061.0
2025-342T21:21:38.926,2001.4632,,,,,,,,,,
2025-342T21:21:43.926,2001.4632,,,,,,,,,,
2025-342T21:21:46.926,,536.0,500.0,518.0,509.0,516.0,510.0,2048.0,2040.0,2067.0,2061.0
2025-342T21:21:49.926,2001.4632,,,,,,,,,,
2025-342T21:21:55.926,,532.0,500.0,518.0,509.0,516.0,510.0,2048.0,2040.0,2067.0,2061.0
2025-342T21:21:56.926,2001.4632,,,,,,,,,,
2025-342T21:22:01.926,2001.4632,,,,,,,,,,
2025-342T21:22:04.926,,540.0,499.0,518.0,509.0,516.0,510.0,2048.0,2040.0,2066.0,2061.0
2025-342T21:22:07.926,2001.4632,,,,,,,,,,
2025-342T21:22:13.926,,535.0,500.0,518.0,509.0,516.0,510.0,2048.0,2040.0,2067.0,2061.0
2025-342T21:22:14.925,2001.4632,,,,,,,,,,
2025-342T21:22:19.925,2001.4632,,,,,,,,,,
2025-342T21:22:22.926,,531.0,500.0,518.0,509.0,516.0,510.0,2048.0,2040.0,2066.0,2061.0
2025-342T21:22:25.925,2001.4632,,,,,,,,,,
2025-342T21:22:31.926,,530.0,498.0,518.0,509.0,516.0,510.0,2048.0,2040.0,2066.0,2061.0
2025-342T21:22:32.925,2001.4632,,,,,,,,,,
2025-342T21:22:37.925,2001.4632,,,,,,,,,,
2025-342T21:22:40.926,,535.0,500.0,518.0,509.0,516.0,510.0,2048.0,2040.0,2066.0,2061.0
2025-342T21:22:43.925,2001.4632,,,,,,,,,,
2025-342T21:22:49.926,,532.0,500.0,518.0,509.0,516.0,510.0,2048.0,2040.0,2067.0,2061.0
2025-342T21:22:50.925,2001.4632,,,,,,,,,,
2025-342T21:22:55.925,2001.4632,,,,,,,,,,
2025-342T21:22:58.926,,533.0,500.0,518.0,509.0,516.0,510.0,2048.0,2040.0,2066.0,2061.0
2025-342T21:23:01.925,2001.4632,,,,,,,,,,
2025-342T21:23:07.926,,535.0,500.0,518.0,509.0,516.0,510.0,2048.0,2040.0,2066.0,2061.0
2025-342T21:23:08.925,2001.4632,,,,,,,,,,
2025-342T21:23:13.925,2001.4632,,,,,,,,,,
2025-342T21:23:16.925,,534.0,499.0,518.0,509.0,516.0,510.0,2048.0,2040.0,2067.0,2061.0
2025-342T21:23:19.925,2001.4632,,,,,,,,,,
2025-342T21:23:25.925,,528.0,499.0,518.0,509.0,516.0,510.0,2048.0,2040.0,2066.0,2061.0
2025-342T21:23:26.925,2001.4632,,,,,,,,,,
2025-342T21:23:31.925,2001.4632,,,,,,,,,,
2025-342T21:23:34.925,,534.0,499.0,518.0,509.0,516.0,510.0,2048.0,2040.0,2066.0,2061.0
2025-342T21:23:37.925,2001.4632,,,,,,,,,,
2025-342T21:23:43.925,,539.0,499.0,518.0,509.0,516.0,510.0,2048.0,2040.0,2067.0,2061.0
2025-342T21:23:44.925,2001.4632,,,,,,,,,,
2025-342T21:23:49.925,2001.4632,,,,,,,,,,
2025-342T21:23:52.925,,530.0,499.0,518.0,509.0,516.0,509.0,2048.0,2040.0,2066.0,2061.0
2025-342T21:23:55.925,2001.4632,,,,,,,,,,
2025-342T21:24:01.925,,546.0,499.0,518.0,509.0,516.0,509.0,2048.0,2040.0,2067.0,2061.0
2025-342T21:24:02.925,2001.4632,,,,,,,,,,
2025-342T21:24:07.925,2001.4632,,,,,,,,,,
2025-342T21:24:10.925,,542.0,499.0,518.0,509.0,516.0,510.0,2048.0,2040.0,2067.0,2061.0
2025-342T21:24:13.925,2001.4632,,,,,,,,,,
2025-342T21:24:19.925,,548.0,500.0,518.0,509.0,516.0,510.0,2048.0,2040.0,2066.0,2061.0
2025-342T21:24:20.925,2001.4632,,,,,,,,,,
2025-342T21:24:25.925,2001.4632,,,,,,,,,,
2025-342T21:24:28.925,,535.0,500.0,518.0,509.0,516.0,510.0,2048.0,2040.0,2066.0,2061.0
2025-342T21:24:31.925,2001.4632,,,,,,,,,,
2025-342T21:24:37.925,,532.0,500.0,518.0,509.0,516.0,510.0,2048.0,2040.0,2066.0,2061.0
2025-342T21:24:38.925,2001.4632,,,,,,,,,,
2025-342T21:24:43.925,2001.4632,,,,,,,,,,
2025-342T21:24:46.925,,560.0,500.0,518.0,509.0,516.0,510.0,2048.0,2040.0,2066.0,2061.0
2025-342T21:24:49.924,2001.4632,,,,,,,,,,
2025-342T21:24:55.925,,532.0,499.0,518.0,509.0,516.0,510.0,2048.0,2040.0,2066.0,2061.0
2025-342T21:24:56.924,2001.4632,,,,,,,,,,
2025-342T21:25:01.924,2001.4632,,,,,,,,,,
2025-342T21:25:04.925,,532.0,499.0,518.0,509.0,516.0,510.0,2048.0,2040.0,2066.0,2061.0
2025-342T21:25:07.924,2001.4632,,,,,,,,,,
2025-342T21:25:13.925,,539.0,500.0,518.0,509.0,516.0,510.0,2048.0,2040.0,2066.0,2061.0
2025-342T21:25:14.924,2001.4632,,,,,,,,,,
2025-342T21:25:19.924,2001.4632,,,,,,,,,,
2025-342T21:25:22.925,,544.0,500.0,518.0,509.0,516.0,510.0,2048.0,2040.0,2066.0,2061.0
2025-342T21:25:25.924,2001.4632,,,,,,,,,,
2025-342T21:25:31.925,,530.0,500.0,518.0,509.0,516.0,510.0,2048.0,2040.0,2066.0,2061.0
2025-342T21:25:32.924,2001.4632,,,,,,,,,,
2025-342T21:25:37.924,2001.4632,,,,,,,,,,
2025-342T21:25:40.925,,529.0,499.0,518.0,509.0,516.0,510.0,2048.0,2040.0,2067.0,2061.0
2025-342T21:25:43.924,2001.4632,,,,,,,,,,
2025-342T21:25:49.924,,529.0,499.0,518.0,509.0,516.0,510.0,2048.0,2040.0,2066.0,2061.0
2025-342T21:25:50.924,2001.4632,,,,,,,,,,
2025-342T21:25:55.924,2001.4632,,,,,,,,,,
2025-342T21:25:58.924,,534.0,500.0,518.0,509.0,516.0,510.0,2048.0,2040.0,2066.0,2061.0
2025-342T21:26:01.924,2001.4632,,,,,,,,,,
2025-342T21:26:07.924,,536.0,499.0,518.0,509.0,516.0,510.0,2048.0,2040.0,2066.0,2061.0
2025-342T21:26:08.924,2001.4632,,,,,,,,,,
2025-342T21:26:13.924,2001.4632,,,,,,,,,,
2025-342T21:26:16.924,,551.0,499.0,518.0,509.0,516.0,510.0,2048.0,2040.0,2066.0,2061.0
2025-342T21:26:19.924,2001.4632,,,,,,,,,,
2025-342T21:26:25.924,,539.0,499.0,518.0,509.0,516.0,510.0,2048.0,2040.0,2066.0,2061.0
2025-342T21:26:26.924,2001.4632,,,,,,,,,,
2025-342T21:26:31.924,2001.4632,,,,,,,,,,
2025-342T21:26:34.924,,531.0,500.0,518.0,509.0,516.0,510.0,2048.0,2040.0,2066.0,2061.0
2025-342T21:26:37.924,2001.4632,,,,,,,,,,
2025-342T21:26:43.924,,547.0,500.0,518.0,509.0,516.0,510.0,2048.0,2040.0,2067.0,2061.0
2025-342T21:26:44.924,2001.4632,,,,,,,,,,
2025-342T21:26:49.924,2001.4632,,,,,,,,,,
2025-342T21:26:52.924,,538.0,499.0,518.0,509.0,516.0,510.0,2048.0,2040.0,2067.0,2061.0
2025-342T21:26:55.924,2001.4632,,,,,,,,,,
2025-342T21:27:01.924,,532.0,500.0,518.0,509.0,516.0,510.0,2048.0,2040.0,2066.0,2061.0
2025-342T21:27:02.924,2001.4632,,,,,,,,,,
2025-342T21:27:07.924,2001.4632,,,,,,,,,,
2025-342T21:27:10.924,,545.0,499.0,518.0,509.0,516.0,510.0,2048.0,2040.0,2066.0,2061.0
2025-342T21:27:13.924,2001.4632,,,,,,,,,,
2025-342T21:27:19.924,,540.0,499.0,518.0,509.0,516.0,510.0,2048.0,2040.0,2066.0,2061.0
2025-342T21:27:20.924,2001.4632,,,,,,,,,,
2025-342T21:27:25.923,2001.4632,,,,,,,,,,
2025-342T21:27:28.924,,534.0,500.0,518.0,509.0,516.0,510.0,2048.0,2040.0,2066.0,2061.0
2025-342T21:27:31.923,2001.4632,,,,,,,,,,
2025-342T21:27:37.924,,529.0,499.0,518.0,509.0,516.0,510.0,2048.0,2040.0,2066.0,2061.0
2025-342T21:27:38.923,2001.4632,,,,,,,,,,
2025-342T21:27:43.923,2001.4632,,,,,,,,,,
2025-342T21:27:46.924,,544.0,500.0,518.0,509.0,516.0,510.0,2048.0,2040.0,2066.0,2061.0
2025-342T21:27:49.923,2001.4632,,,,,,,,,,
2025-342T21:27:55.924,,554.0,500.0,518.0,509.0,516.0,510.0,2048.0,2040.0,2066.0,2061.0
2025-342T21:27:56.923,2001.4632,,,,,,,,,,
2025-342T21:28:01.923,2001.4632,,,,,,,,,,
2025-342T21:28:04.924,,542.0,500.0,518.0,509.0,516.0,510.0,2048.0,2040.0,2067.0,2061.0
2025-342T21:28:07.923,2001.4632,,,,,,,,,,
2025-342T21:28:13.924,,528.0,500.0,518.0,509.0,516.0,510.0,2048.0,2040.0,2066.0,2061.0
2025-342T21:28:14.923,2001.4632,,,,,,,,,,
2025-342T21:28:19.923,2001.4632,,,,,,,,,,
2025-342T21:28:22.923,,560.0,499.0,518.0,509.0,516.0,510.0,2048.0,2040.0,2067.0,2061.0
2025-342T21:28:25.923,2001.4632,,,,,,,,,,
2025-342T21:28:31.923,,538.0,500.0,518.0,509.0,516.0,510.0,2048.0,2040.0,2067.0,2061.0
2025-342T21:28:32.923,2001.4632,,,,,,,,,,
2025-342T21:28:37.923,2001.4632,,,,,,,,,,
2025-342T21:28:40.923,,534.0,500.0,518.0,509.0,516.0,510.0,2048.0,2040.0,2066.0,2061.0
2025-342T21:28:43.923,2001.4632,,,,,,,,,,
2025-342T21:28:49.923,,545.0,499.0,518.0,509.0,516.0,510.0,2048.0,2040.0,2067.0,2061.0
2025-342T21:28:50.923,2001.4632,,,,,,,,,,
2025-342T21:28:55.923,2001.4632,,,,,,,,,,
2025-342T21:28:58.923,,539.0,499.0,518.0,509.0,516.0,510.0,2048.0,2040.0,2067.0,2061.0
2025-342T21:29:01.923,2001.4632,,,,,,,,,,
2025-342T21:29:07.923,,558.0,499.0,518.0,509.0,516.0,510.0,2048.0,2040.0,2066.0,2061.0
2025-342T21:29:08.923,2001.4632,,,,,,,,,,
2025-342T21:29:13.923,2001.4632,,,,,,,,,,
2025-342T21:29:16.923,,537.0,499.0,518.0,509.0,516.0,510.0,2048.0,2040.0,2066.0,2061.0
2025-342T21:29:19.923,2001.4632,,,,,,,,,,
2025-342T21:29:25.923,,533.0,499.0,518.0,509.0,516.0,510.0,2048.0,2040.0,2066.0,2061.0
2025-342T21:29:26.923,2001.4632,,,,,,,,,,
2025-342T21:29:31.923,2001.4632,,,,,,,,,,
2025-342T21:29:34.923,,556.0,500.0,518.0,509.0,516.0,510.0,2048.0,2040.0,2066.0,2061.0
2025-342T21:29:37.923,2001.4632,,,,,,,,,,
2025-342T21:29:43.923,,535.0,500.0,518.0,509.0,516.0,510.0,2048.0,2040.0,2067.0,2061.0
2025-342T21:29:44.923,2001.4632,,,,,,,,,,
2025-342T21:29:49.923,2001.4632,,,,,,,,,,
2025-342T21:29:52.923,,534.0,500.0,518.0,509.0,516.0,510.0,2048.0,2040.0,2066.0,2061.0
2025-342T21:29:55.923,2001.4632,,,,,,,,,,
2025-342T21:30:01.923,,536.0,500.0,518.0,509.0,516.0,510.0,2048.0,2040.0,2066.0,2061.0
2025-342T21:30:02.922,2001.4632,,,,,,,,,,
2025-342T21:30:07.922,2001.4632,,,,,,,,,,
2025-342T21:30:10.923,,533.0,499.0,518.0,509.0,516.0,509.0,2048.0,2040.0,2066.0,2061.0
2025-342T21:30:13.922,2001.4632,,,,,,,,,,
2025-342T21:30:19.923,,529.0,500.0,518.0,509.0,516.0,510.0,2048.0,2040.0,2067.0,2061.0
2025-342T21:30:20.922,2001.4632,,,,,,,,,,
2025-342T21:30:25.922,2001.4632,,,,,,,,,,
2025-342T21:30:28.923,,530.0,500.0,518.0,509.0,516.0,510.0,2048.0,2040.0,2066.0,2061.0
2025-342T21:30:31.922,2001.4632,,,,,,,,,,
2025-342T21:30:37.923,,529.0,500.0,518.0,509.0,516.0,510.0,2048.0,2040.0,2066.0,2061.0
2025-342T21:30:38.922,2001.4632,,,,,,,,,,
2025-342T21:30:43.922,2001.4632,,,,,,,,,,
2025-342T21:30:46.923,,532.0,499.0,518.0,509.0,516.0,510.0,2048.0,2039.0,2066.0,2061.0
2025-342T21:30:49.922,2001.4632,,,,,,,,,,
2025-342T21:30:55.922,,535.0,500.0,518.0,509.0,516.0,510.0,2048.0,2040.0,2066.0,2061.0
2025-342T21:30:56.922,2001.4632,,,,,,,,,,
2025-342T21:31:01.922,2001.4632,,,,,,,,,,
2025-342T21:31:04.922,,536.0,499.0,518.0,509.0,516.0,510.0,2048.0,2040.0,2066.0,2061.0
2025-342T21:31:07.922,2001.4632,,,,,,,,,,
2025-342T21:31:13.922,,535.0,500.0,518.0,509.0,516.0,510.0,2048.0,2040.0,2066.0,2061.0
2025-342T21:31:14.922,2001.4632,,,,,,,,,,
2025-342T21:31:19.922,2001.4632,,,,,,,,,,
2025-342T21:31:22.922,,531.0,500.0,518.0,509.0,516.0,509.0,2048.0,2040.0,2066.0,2061.0
2025-342T21:31:25.922,2001.4632,,,,,,,,,,
2025-342T21:31:31.922,,543.0,499.0,518.0,508.0,516.0,510.0,2048.0,2040.0,2067.0,2061.0
2025-342T21:31:32.922,2001.4632,,,,,,,,,,
2025-342T21:31:37.922,2001.4632,,,,,,,,,,
2025-342T21:31:40.922,,536.0,500.0,518.0,509.0,516.0,510.0,2048.0,2040.0,2067.0,2061.0
2025-342T21:31:43.922,2001.4632,,,,,,,,,,
2025-342T21:31:49.922,,528.0,500.0,518.0,509.0,516.0,510.0,2048.0,2040.0,2067.0,2061.0
2025-342T21:31:50.922,2001.4632,,,,,,,,,,
2025-342T21:31:55.922,2001.4632,,,,,,,,,,
2025-342T21:31:58.922,,530.0,500.0,518.0,509.0,516.0,510.0,2048.0,2040.0,2066.0,2061.0
2025-342T21:32:01.922,2001.4632,,,,,,,,,,
2025-342T21:32:07.922,,550.0,499.0,518.0,509.0,516.0,510.0,2048.0,2040.0,2066.0,2061.0
2025-342T21:32:08.922,2001.4632,,,,,,,,,,
2025-342T21:32:13.922,2001.4632,,,,,,,,,,
2025-342T21:32:16.922,,543.0,500.0,518.0,509.0,516.0,509.0,2048.0,2040.0,2067.0,2061.0
2025-342T21:32:19.922,2001.4632,,,,,,,,,,
2025-342T21:32:25.922,,534.0,500.0,518.0,509.0,516.0,510.0,2048.0,2040.0,2066.0,2061.0
2025-342T21:32:26.922,2001.4632,,,,,,,,,,
2025-342T21:32:31.921,2001.4632,,,,,,,,,,
2025-342T21:32:34.922,,598.0,500.0,518.0,509.0,516.0,509.0,2048.0,2040.0,2066.0,2061.0
2025-342T21:32:37.921,2001.4632,,,,,,,,,,
2025-342T21:32:43.922,,541.0,500.0,518.0,509.0,516.0,510.0,2048.0,2040.0,2066.0,2061.0
2025-342T21:32:44.921,2001.4632,,,,,,,,,,
2025-342T21:32:49.921,2001.4632,,,,,,,,,,
2025-342T21:32:52.922,,532.0,500.0,518.0,509.0,516.0,510.0,2048.0,2040.0,2066.0,2061.0
2025-342T21:32:55.921,2001.4632,,,,,,,,,,
2025-342T21:33:01.922,,537.0,499.0,518.0,509.0,516.0,510.0,2048.0,2040.0,2067.0,2061.0
2025-342T21:33:02.921,2001.4632,,,,,,,,,,
2025-342T21:33:07.921,2001.4632,,,,,,,,,,
2025-342T21:33:10.922,,536.0,499.0,518.0,509.0,516.0,510.0,2048.0,2040.0,2067.0,2061.0
2025-342T21:33:13.921,2001.4632,,,,,,,,,,
2025-342T21:33:19.922,,549.0,500.0,518.0,509.0,516.0,510.0,2048.0,2040.0,2067.0,2061.0
2025-342T21:33:20.921,2001.4632,,,,,,,,,,
2025-342T21:33:25.921,2001.4632,,,,,,,,,,
2025-342T21:33:28.921,,526.0,499.0,518.0,509.0,516.0,510.0,2048.0,2040.0,2066.0,2061.0
2025-342T21:33:31.921,2001.4632,,,,,,,,,,
2025-342T21:33:37.921,,538.0,499.0,518.0,509.0,516.0,510.0,2048.0,2040.0,2067.0,2061.0
2025-342T21:33:38.921,2001.4632,,,,,,,,,,
2025-342T21:33:43.921,2001.4632,,,,,,,,,,
2025-342T21:33:46.921,,530.0,500.0,518.0,509.0,516.0,510.0,2048.0,2040.0,2066.0,2061.0
2025-342T21:33:49.921,2001.4632,,,,,,,,,,
2025-342T21:33:55.921,,530.0,499.0,518.0,509.0,516.0,510.0,2051.0,2037.0,2067.0,2061.0
2025-342T21:33:56.921,2001.4632,,,,,,,,,,
2025-342T21:34:01.921,2001.4632,,,,,,,,,,
2025-342T21:34:04.921,,534.0,499.0,518.0,509.0,516.0,510.0,2048.0,2040.0,2066.0,2061.0
2025-342T21:34:07.921,2001.4632,,,,,,,,,,
2025-342T21:34:13.921,,533.0,500.0,518.0,509.0,516.0,510.0,2048.0,2040.0,2066.0,2061.0
2025-342T21:34:14.921,2001.4632,,,,,,,,,,
2025-342T21:34:19.921,2001.4632,,,,,,,,,,
2025-342T21:34:22.921,,545.0,499.0,518.0,509.0,516.0,510.0,2048.0,2040.0,2067.0,2061.0
2025-342T21:34:25.921,2001.4632,,,,,,,,,,
2025-342T21:34:31.921,,541.0,499.0,518.0,509.0,516.0,510.0,2048.0,2040.0,2066.0,2061.0
2025-342T21:34:32.921,2001.4632,,,,,,,,,,
2025-342T21:34:37.921,2001.4632,,,,,,,,,,
2025-342T21:34:40.921,,529.0,500.0,518.0,509.0,516.0,510.0,2048.0,2040.0,2066.0,2061.0
2025-342T21:34:43.921,2001.4632,,,,,,,,,,
2025-342T21:34:49.921,,558.0,500.0,518.0,509.0,516.0,510.0,2048.0,2040.0,2066.0,2061.0
2025-342T21:34:50.921,2001.4632,,,,,,,,,,
2025-342T21:34:55.921,2001.4632,,,,,,,,,,
2025-342T21:34:58.921,,540.0,500.0,518.0,509.0,516.0,510.0,2048.0,2040.0,2067.0,2061.0
2025-342T21:35:01.921,2001.4632,,,,,,,,,,
2025-342T21:35:07.921,,543.0,500.0,518.0,509.0,516.0,510.0,2048.0,2040.0,2067.0,2061.0
2025-342T21:35:08.920,2001.4632,,,,,,,,,,
2025-342T21:35:13.920,2001.4632,,,,,,,,,,
2025-342T21:35:16.921,,538.0,499.0,518.0,509.0,516.0,510.0,2048.0,2039.0,2066.0,2061.0
2025-342T21:35:19.920,2001.4632,,,,,,,,,,
2025-342T21:35:25.921,,533.0,500.0,518.0,509.0,516.0,510.0,2048.0,2040.0,2067.0,2061.0
2025-342T21:35:26.920,2001.4632,,,,,,,,,,
2025-342T21:35:31.920,2001.4632,,,,,,,,,,
2025-342T21:35:34.921,,532.0,499.0,518.0,509.0,516.0,509.0,2048.0,2040.0,2066.0,2061.0
2025-342T21:35:37.920,2001.4632,,,,,,,,,,
2025-342T21:35:43.921,,538.0,500.0,518.0,509.0,516.0,509.0,2048.0,2040.0,2067.0,2061.0
2025-342T21:35:44.920,2001.4632,,,,,,,,,,
2025-342T21:35:49.920,2001.4632,,,,,,,,,,
2025-342T21:35:52.921,,533.0,500.0,518.0,509.0,516.0,510.0,2048.0,2040.0,2066.0,2061.0
2025-342T21:35:55.920,2001.4632,,,,,,,,,,
2025-342T21:36:01.921,,541.0,500.0,518.0,509.0,516.0,510.0,2048.0,2040.0,2067.0,2061.0
2025-342T21:36:02.920,2001.4632,,,,,,,,,,
2025-342T21:36:07.920,2001.4632,,,,,,,,,,
2025-342T21:36:10.920,,557.0,499.0,518.0,509.0,516.0,510.0,2048.0,2040.0,2066.0,2061.0
2025-342T21:36:13.920,2001.4632,,,,,,,,,,
2025-342T21:36:19.920,,543.0,499.0,518.0,509.0,516.0,510.0,2048.0,2040.0,2067.0,2061.0
2025-342T21:36:20.920,2001.4632,,,,,,,,,,
2025-342T21:36:25.920,2001.4632,,,,,,,,,,
2025-342T21:36:28.920,,540.0,499.0,518.0,509.0,516.0,510.0,2048.0,2040.0,2067.0,2061.0
2025-342T21:36:31.920,2001.4632,,,,,,,,,,
2025-342T21:36:37.920,,540.0,499.0,518.0,509.0,516.0,509.0,2048.0,2040.0,2067.0,2061.0
2025-342T21:36:38.920,2001.4632,,,,,,,,,,
2025-342T21:36:43.920,2001.4632,,,,,,,,,,
2025-342T21:36:46.920,,542.0,499.0,518.0,508.0,516.0,509.0,2048.0,2040.0,2066.0,2061.0
2025-342T21:36:49.920,2001.4632,,,,,,,,,,
2025-342T21:36:55.920,,533.0,499.0,518.0,509.0,516.0,510.0,2048.0,2040.0,2066.0,2061.0
2025-342T21:36:56.920,2001.4632,,,,,,,,,,
2025-342T21:37:01.920,2001.4632,,,,,,,,,,
2025-342T21:37:04.920,,531.0,498.0,518.0,509.0,516.0,509.0,2048.0,2040.0,2067.0,2061.0
2025-342T21:37:07.920,2001.4632,,,,,,,,,,
2025-342T21:37:13.920,,538.0,500.0,518.0,509.0,516.0,510.0,2048.0,2040.0,2066.0,2061.0
2025-342T21:37:14.920,2001.4632,,,,,,,,,,
2025-342T21:37:19.920,2001.4632,,,,,,,,,,
2025-342T21:37:22.920,,532.0,500.0,518.0,509.0,516.0,510.0,2048.0,2040.0,2067.0,2061.0
2025-342T21:37:25.920,2001.4632,,,,,,,,,,
2025-342T21:37:31.920,,535.0,499.0,518.0,509.0,516.0,510.0,2048.0,2040.0,2066.0,2061.0
2025-342T21:37:32.920,2001.4632,,,,,,,,,,
2025-342T21:37:37.920,2001.4632,,,,,,,,,,
2025-342T21:37:40.920,,533.0,499.0,518.0,509.0,516.0,510.0,2048.0,2040.0,2067.0,2061.0
2025-342T21:37:43.919,2001.4632,,,,,,,,,,
2025-342T21:37:49.920,,543.0,500.0,518.0,509.0,516.0,509.0,2048.0,2040.0,2067.0,2061.0
2025-342T21:37:50.919,2001.4632,,,,,,,,,,
2025-342T21:37:55.919,2001.4632,,,,,,,,,,
2025-342T21:37:58.920,,534.0,500.0,518.0,509.0,516.0,510.0,2048.0,2040.0,2067.0,2061.0
2025-342T21:38:01.919,2001.4632,,,,,,,,,,
2025-342T21:38:07.920,,565.0,500.0,518.0,509.0,516.0,509.0,2048.0,2040.0,2067.0,2061.0
2025-342T21:38:08.919,2001.4632,,,,,,,,,,
2025-342T21:38:13.919,2001.4632,,,,,,,,,,
2025-342T21:38:16.920,,536.0,500.0,518.0,509.0,516.0,510.0,2048.0,2040.0,2067.0,2061.0
2025-342T21:38:19.919,2001.4632,,,,,,,,,,
2025-342T21:38:25.920,,533.0,499.0,518.0,509.0,516.0,510.0,2048.0,2040.0,2067.0,2061.0
2025-342T21:38:26.919,2001.4632,,,,,,,,,,
2025-342T21:38:31.919,2001.4632,,,,,,,,,,
2025-342T21:38:34.920,,533.0,499.0,518.0,509.0,516.0,510.0,2048.0,2040.0,2066.0,2061.0
2025-342T21:38:37.919,2001.4632,,,,,,,,,,
2025-342T21:38:43.919,,528.0,499.0,518.0,509.0,516.0,510.0,2048.0,2040.0,2066.0,2061.0
2025-342T21:38:44.919,2001.4632,,,,,,,,,,
2025-342T21:38:49.919,2001.4632,,,,,,,,,,
2025-342T21:38:52.919,,539.0,499.0,518.0,509.0,516.0,510.0,2048.0,2040.0,2066.0,2061.0
2025-342T21:38:55.919,2001.4632,,,,,,,,,,
2025-342T21:39:01.919,,529.0,500.0,518.0,509.0,516.0,510.0,2048.0,2040.0,2067.0,2061.0
2025-342T21:39:02.919,2001.4632,,,,,,,,,,
2025-342T21:39:07.919,2001.4632,,,,,,,,,,
2025-342T21:39:10.919,,549.0,499.0,518.0,509.0,516.0,510.0,2048.0,2040.0,2066.0,2061.0
2025-342T21:39:13.919,2001.4632,,,,,,,,,,
2025-342T21:39:19.919,,529.0,500.0,518.0,509.0,516.0,510.0,2048.0,2040.0,2066.0,2061.0
2025-342T21:39:20.919,2001.4632,,,,,,,,,,
2025-342T21:39:25.919,2001.4632,,,,,,,,,,
2025-342T21:39:28.919,,541.0,499.0,518.0,509.0,516.0,510.0,2048.0,2040.0,2066.0,2061.0
2025-342T21:39:31.919,2001.4632,,,,,,,,,,
2025-342T21:39:37.919,,547.0,500.0,518.0,509.0,516.0,510.0,2048.0,2040.0,2066.0,2061.0
2025-342T21:39:38.919,2001.4632,,,,,,,,,,
2025-342T21:39:43.919,2001.4632,,,,,,,,,,
2025-342T21:39:46.919,,533.0,500.0,518.0,509.0,516.0,510.0,2048.0,2040.0,2067.0,2061.0
2025-342T21:39:49.919,2001.4632,,,,,,,,,,
2025-342T21:39:55.919,,529.0,499.0,518.0,509.0,516.0,510.0,2048.0,2040.0,2066.0,2061.0
2025-342T21:39:56.919,2001.4632,,,,,,,,,,
2025-342T21:40:01.919,2001.4632,,,,,,,,,,
2025-342T21:40:04.919,,555.0,500.0,518.0,509.0,516.0,510.0,2048.0,2040.0,2067.0,2061.0
2025-342T21:40:07.919,2001.4632,,,,,,,,,,
2025-342T21:40:13.919,,564.0,500.0,518.0,509.0,516.0,510.0,2048.0,2040.0,2066.0,2061.0
2025-342T21:40:14.918,2001.4632,,,,,,,,,,
2025-342T21:40:19.918,2001.4632,,,,,,,,,,
2025-342T21:40:22.919,,560.0,500.0,518.0,509.0,516.0,510.0,2048.0,2039.0,2067.0,2061.0
2025-342T21:40:25.918,2001.4632,,,,,,,,,,
2025-342T21:40:31.919,,532.0,499.0,518.0,509.0,516.0,509.0,2048.0,2040.0,2067.0,2061.0
2025-342T21:40:32.918,2001.4632,,,,,,,,,,
2025-342T21:40:37.918,2001.4632,,,,,,,,,,
2025-342T21:40:40.919,,538.0,500.0,518.0,509.0,516.0,510.0,2048.0,2040.0,2066.0,2061.0
2025-342T21:40:43.918,2001.4632,,,,,,,,,,
2025-342T21:40:49.919,,526.0,499.0,518.0,509.0,516.0,510.0,2048.0,2040.0,2067.0,2061.0
2025-342T21:40:50.918,2001.4632,,,,,,,,,,
2025-342T21:40:55.918,2001.4632,,,,,,,,,,
2025-342T21:40:58.919,,536.0,499.0,518.0,509.0,516.0,510.0,2048.0,2040.0,2066.0,2061.0
2025-342T21:41:01.918,2001.4632,,,,,,,,,,
2025-342T21:41:07.919,,558.0,499.0,518.0,509.0,516.0,509.0,2048.0,2040.0,2066.0,2061.0
2025-342T21:41:08.918,2001.4632,,,,,,,,,,
2025-342T21:41:13.918,2001.4632,,,,,,,,,,
2025-342T21:41:16.918,,550.0,500.0,518.0,509.0,516.0,510.0,2048.0,2040.0,2067.0,2061.0
2025-342T21:41:19.918,2001.4632,,,,,,,,,,
2025-342T21:41:25.918,,545.0,499.0,518.0,509.0,516.0,510.0,2048.0,2040.0,2067.0,2061.0
2025-342T21:41:26.918,2001.4632,,,,,,,,,,
2025-342T21:41:31.918,2001.4632,,,,,,,,,,
2025-342T21:41:34.918,,543.0,499.0,518.0,509.0,516.0,509.0,2048.0,2040.0,2066.0,2061.0
2025-342T21:41:37.918,2001.4632,,,,,,,,,,
2025-342T21:41:43.918,,529.0,499.0,518.0,509.0,516.0,509.0,2048.0,2040.0,2067.0,2061.0
2025-342T21:41:44.918,2001.4632,,,,,,,,,,
2025-342T21:41:49.918,2001.4632,,,,,,,,,,
2025-342T21:41:52.918,,557.0,500.0,518.0,509.0,516.0,510.0,2048.0,2040.0,2066.0,2061.0
2025-342T21:41:55.918,2001.4632,,,,,,,,,,
2025-342T21:42:01.918,,532.0,500.0,518.0,509.0,516.0,510.0,2048.0,2040.0,2067.0,2061.0
2025-342T21:42:02.918,2001.4632,,,,,,,,,,
2025-342T21:42:07.918,2001.4632,,,,,,,,,,
2025-342T21:42:10.918,,535.0,499.0,518.0,509.0,516.0,510.0,2048.0,2040.0,2067.0,2061.0
2025-342T21:42:13.918,2001.4632,,,,,,,,,,
2025-342T21:42:19.918,,530.0,499.0,518.0,509.0,516.0,510.0,2048.0,2040.0,2066.0,2061.0
2025-342T21:42:20.918,2001.4632,,,,,,,,,,
2025-342T21:42:25.918,2001.4632,,,,,,,,,,
2025-342T21:42:28.918,,533.0,499.0,518.0,509.0,516.0,510.0,2048.0,2040.0,2067.0,2061.0
2025-342T21:42:31.918,2001.4632,,,,,,,,,,
2025-342T21:42:37.918,,527.0,499.0,518.0,509.0,516.0,510.0,2048.0,2040.0,2067.0,2061.0
2025-342T21:42:38.918,2001.4632,,,,,,,,,,
2025-342T21:42:43.918,2001.4632,,,,,,,,,,
2025-342T21:42:46.918,,539.0,499.0,518.0,509.0,516.0,510.0,2048.0,2040.0,2066.0,2061.0
2025-342T21:42:49.917,2001.4632,,,,,,,,,,
2025-342T21:42:55.918,,533.0,499.0,518.0,509.0,516.0,510.0,2048.0,2040.0,2066.0,2061.0
2025-342T21:42:56.917,2001.4632,,,,,,,,,,
2025-342T21:43:01.917,2001.4632,,,,,,,,,,
2025-342T21:43:04.918,,530.0,500.0,518.0,509.0,516.0,510.0,2048.0,2040.0,2066.0,2061.0
2025-342T21:43:07.917,2001.4632,,,,,,,,,,
2025-342T21:43:13.918,,533.0,499.0,518.0,509.0,516.0,510.0,2048.0,2040.0,2066.0,2061.0
2025-342T21:43:14.917,2001.4632,,,,,,,,,,
2025-342T21:43:19.917,2001.4632,,,,,,,,,,
2025-342T21:43:22.918,,527.0,499.0,518.0,509.0,516.0,510.0,2048.0,2040.0,2067.0,2061.0
2025-342T21:43:25.917,2001.4632,,,,,,,,,,
2025-342T21:43:31.918,,539.0,499.0,518.0,509.0,516.0,510.0,2048.0,2040.0,2067.0,2061.0
2025-342T21:43:32.917,2001.4632,,,,,,,,,,
2025-342T21:43:37.917,2001.4632,,,,,,,,,,
2025-342T21:43:40.918,,537.0,499.0,518.0,509.0,516.0,510.0,2048.0,2040.0,2067.0,2061.0
2025-342T21:43:43.917,2001.4632,,,,,,,,,,
2025-342T21:43:49.917,,531.0,500.0,518.0,509.0,516.0,510.0,2048.0,2040.0,2066.0,2061.0
2025-342T21:43:50.917,2001.4632,,,,,,,,,,
2025-342T21:43:55.917,2001.4632,,,,,,,,,,
2025-342T21:43:58.917,,539.0,499.0,518.0,509.0,516.0,510.0,2048.0,2040.0,2066.0,2061.0
2025-342T21:44:01.917,2001.4632,,,,,,,,,,
2025-342T21:44:07.917,,530.0,500.0,518.0,509.0,516.0,510.0,2048.0,2040.0,2067.0,2061.0
2025-342T21:44:08.917,2001.4632,,,,,,,,,,
2025-342T21:44:13.917,2001.4632,,,,,,,,,,
2025-342T21:44:16.917,,545.0,498.0,518.0,509.0,516.0,510.0,2048.0,2040.0,2066.0,2061.0
2025-342T21:44:19.917,2001.4632,,,,,,,,,,
2025-342T21:44:25.917,,528.0,499.0,518.0,509.0,516.0,510.0,2048.0,2040.0,2067.0,2061.0
2025-342T21:44:26.917,2001.4632,,,,,,,,,,
2025-342T21:44:31.917,2001.4632,,,,,,,,,,
2025-342T21:44:34.917,,537.0,499.0,518.0,509.0,516.0,509.0,2048.0,2040.0,2066.0,2061.0
2025-342T21:44:37.917,2001.4632,,,,,,,,,,
2025-342T21:44:43.917,,538.0,499.0,518.0,509.0,516.0,510.0,2048.0,2040.0,2066.0,2061.0
2025-342T21:44:44.917,2001.4632,,,,,,,,,,
2025-342T21:44:49.917,2001.4632,,,,,,,,,,
2025-342T21:44:52.917,,531.0,499.0,518.0,509.0,516.0,509.0,2048.0,2040.0,2066.0,2061.0
2025-342T21:44:55.917,2001.4632,,,,,,,,,,
2025-342T21:45:01.917,,531.0,499.0,518.0,509.0,516.0,510.0,2048.0,2040.0,2066.0,2061.0
2025-342T21:45:02.917,2001.4632,,,,,,,,,,
2025-342T21:45:07.917,2001.4632,,,,,,,,,,
2025-342T21:45:10.917,,544.0,499.0,518.0,509.0,516.0,510.0,2048.0,2040.0,2066.0,2061.0
2025-342T21:45:13.917,2001.4632,,,,,,,,,,
2025-342T21:45:19.917,,531.0,499.0,518.0,509.0,516.0,510.0,2048.0,2040.0,2067.0,2061.0
2025-342T21:45:20.916,2001.4632,,,,,,,,,,
2025-342T21:45:25.916,2001.4632,,,,,,,,,,
2025-342T21:45:28.917,,528.0,499.0,518.0,509.0,516.0,509.0,2048.0,2040.0,2067.0,2061.0
2025-342T21:45:31.916,2001.4632,,,,,,,,,,
2025-342T21:45:37.917,,530.0,500.0,518.0,509.0,516.0,510.0,2048.0,2040.0,2066.0,2061.0
2025-342T21:45:38.916,2001.4632,,,,,,,,,,
2025-342T21:45:43.916,2001.4632,,,,,,,,,,
2025-342T21:45:46.917,,541.0,499.0,518.0,509.0,516.0,510.0,2048.0,2040.0,2066.0,2061.0
2025-342T21:45:49.916,2001.4632,,,,,,,,,,
2025-342T21:45:55.917,,536.0,499.0,518.0,509.0,516.0,510.0,2048.0,2039.0,2067.0,2061.0
2025-342T21:45:56.916,2001.4632,,,,,,,,,,
2025-342T21:46:01.916,2001.4632,,,,,,,,,,
2025-342T21:46:04.917,,537.0,500.0,518.0,509.0,516.0,510.0,2048.0,2040.0,2066.0,2061.0
2025-342T21:46:07.916,2001.4632,,,,,,,,,,
2025-342T21:46:13.917,,528.0,499.0,518.0,509.0,516.0,510.0,2048.0,2040.0,2066.0,2061.0
2025-342T21:46:14.916,2001.4632,,,,,,,,,,
2025-342T21:46:19.916,2001.4632,,,,,,,,,,
2025-342T21:46:22.916,,544.0,499.0,518.0,509.0,516.0,510.0,2048.0,2040.0,2067.0,2061.0
2025-342T21:46:25.916,2001.4632,,,,,,,,,,
2025-342T21:46:31.916,,542.0,500.0,518.0,509.0,516.0,510.0,2048.0,2040.0,2066.0,2061.0
2025-342T21:46:32.916,2001.4632,,,,,,,,,,
2025-342T21:46:37.916,2001.4632,,,,,,,,,,
2025-342T21:46:40.916,,538.0,500.0,518.0,509.0,516.0,510.0,2048.0,2040.0,2067.0,2061.0
2025-342T21:46:43.916,2001.4632,,,,,,,,,,
2025-342T21:46:49.916,,552.0,500.0,518.0,509.0,516.0,510.0,2048.0,2040.0,2066.0,2061.0
2025-342T21:46:50.916,2001.4632,,,,,,,,,,
2025-342T21:46:55.916,2001.4632,,,,,,,,,,
2025-342T21:46:58.916,,530.0,499.0,518.0,509.0,516.0,510.0,2048.0,2040.0,2066.0,2061.0
2025-342T21:47:01.916,2001.4632,,,,,,,,,,
2025-342T21:47:07.916,,528.0,499.0,518.0,509.0,516.0,509.0,2048.0,2040.0,2066.0,2061.0
2025-342T21:47:08.916,2001.4632,,,,,,,,,,
2025-342T21:47:13.916,2001.4632,,,,,,,,,,
2025-342T21:47:16.916,,538.0,499.0,518.0,509.0,516.0,510.0,2048.0,2040.0,2067.0,2061.0
2025-342T21:47:19.916,2001.4632,,,,,,,,,,
2025-342T21:47:25.916,,551.0,499.0,518.0,509.0,516.0,509.0,2048.0,2040.0,2067.0,2061.0
2025-342T21:47:26.916,2001.4632,,,,,,,,,,
2025-342T21:47:31.916,2001.4632,,,,,,,,,,
2025-342T21:47:34.916,,535.0,499.0,518.0,509.0,516.0,509.0,2048.0,2040.0,2066.0,2061.0
2025-342T21:47:37.916,2001.4632,,,,,,,,,,
2025-342T21:47:43.916,,548.0,499.0,518.0,509.0,516.0,509.0,2048.0,2040.0,2067.0,2061.0
2025-342T21:47:44.916,2001.4632,,,,,,,,,,
2025-342T21:47:49.916,2001.4632,,,,,,,,,,
2025-342T21:47:52.916,,548.0,499.0,518.0,509.0,516.0,510.0,2048.0,2040.0,2067.0,2061.0
2025-342T21:47:55.915,2001.4632,,,,,,,,,,
2025-342T21:48:01.916,,547.0,499.0,518.0,509.0,516.0,510.0,2048.0,2040.0,2066.0,2061.0
2025-342T21:48:02.915,2001.4632,,,,,,,,,,
2025-342T21:48:07.915,2001.4632,,,,,,,,,,
2025-342T21:48:10.916,,539.0,499.0,518.0,509.0,516.0,510.0,2048.0,2040.0,2066.0,2061.0
2025-342T21:48:13.915,2001.4632,,,,,,,,,,
2025-342T21:48:19.916,,536.0,500.0,518.0,509.0,516.0,510.0,2048.0,2040.0,2066.0,2061.0
2025-342T21:48:20.915,2001.4632,,,,,,,,,,
2025-342T21:48:25.915,2001.4632,,,,,,,,,,
2025-342T21:48:28.916,,542.0,499.0,518.0,509.0,516.0,510.0,2048.0,2040.0,2066.0,2061.0
2025-342T21:48:31.915,2001.4632,,,,,,,,,,
2025-342T21:48:37.916,,532.0,499.0,518.0,508.0,516.0,510.0,2048.0,2040.0,2066.0,2061.0
2025-342T21:48:38.915,2001.4632,,,,,,,,,,
2025-342T21:48:43.915,2001.4632,,,,,,,,,,
2025-342T21:48:46.916,,539.0,500.0,518.0,509.0,516.0,510.0,2048.0,2040.0,2067.0,2061.0
2025-342T21:48:49.915,2001.4632,,,,,,,,,,
2025-342T21:48:55.916,,529.0,499.0,518.0,509.0,516.0,510.0,2048.0,2040.0,2066.0,2061.0
2025-342T21:48:56.915,2001.4632,,,,,,,,,,
2025-342T21:49:01.915,2001.4632,,,,,,,,,,
2025-342T21:49:04.915,,537.0,499.0,518.0,509.0,516.0,510.0,2048.0,2040.0,2066.0,2061.0
2025-342T21:49:07.915,2001.4632,,,,,,,,,,
2025-342T21:49:13.915,,532.0,499.0,518.0,509.0,516.0,510.0,2048.0,2040.0,2067.0,2061.0
2025-342T21:49:14.915,2001.4632,,,,,,,,,,
2025-342T21:49:19.915,2001.4632,,,,,,,,,,
2025-342T21:49:22.915,,534.0,499.0,518.0,508.0,516.0,509.0,2048.0,2040.0,2067.0,2061.0
2025-342T21:49:25.915,2001.4632,,,,,,,,,,
2025-342T21:49:31.915,,537.0,499.0,518.0,509.0,516.0,510.0,2048.0,2039.0,2066.0,2061.0
2025-342T21:49:32.915,2001.4632,,,,,,,,,,
2025-342T21:49:37.915,2001.4632,,,,,,,,,,
2025-342T21:49:40.915,,535.0,499.0,518.0,508.0,516.0,510.0,2048.0,2040.0,2067.0,2061.0
2025-342T21:49:43.915,2001.4632,,,,,,,,,,
2025-342T21:49:49.915,,536.0,500.0,518.0,509.0,516.0,510.0,2048.0,2040.0,2066.0,2061.0
2025-342T21:49:50.915,2001.4632,,,,,,,,,,
2025-342T21:49:55.915,2001.4632,,,,,,,,,,
2025-342T21:49:58.915,,532.0,499.0,518.0,509.0,516.0,510.0,2048.0,2040.0,2066.0,2061.0
2025-342T21:50:01.915,2001.4632,,,,,,,,,,
2025-342T21:50:07.915,,538.0,500.0,518.0,509.0,516.0,510.0,2048.0,2040.0,2066.0,2061.0
2025-342T21:50:08.915,2001.4632,,,,,,,,,,
2025-342T21:50:13.915,2001.4632,,,,,,,,,,
2025-342T21:50:16.915,,545.0,499.0,518.0,509.0,516.0,509.0,2048.0,2040.0,2067.0,2061.0
2025-342T21:50:19.915,2001.4632,,,,,,,,,,
2025-342T21:50:25.915,,544.0,499.0,518.0,509.0,516.0,510.0,2048.0,2040.0,2066.0,2061.0
2025-342T21:50:26.915,2001.4632,,,,,,,,,,
2025-342T21:50:31.914,2001.4632,,,,,,,,,,
2025-342T21:50:34.915,,547.0,499.0,518.0,509.0,516.0,510.0,2048.0,2040.0,2067.0,2061.0
2025-342T21:50:37.914,2001.4632,,,,,,,,,,
2025-342T21:50:43.915,,533.0,498.0,518.0,509.0,516.0,510.0,2048.0,2040.0,2066.0,2061.0
2025-342T21:50:44.914,2001.4632,,,,,,,,,,
2025-342T21:50:49.914,2001.4632,,,,,,,,,,
2025-342T21:50:52.915,,535.0,499.0,518.0,509.0,516.0,510.0,2048.0,2040.0,2066.0,2061.0
2025-342T21:50:55.914,2001.4632,,,,,,,,,,
2025-342T21:51:01.915,,537.0,499.0,518.0,509.0,516.0,509.0,2048.0,2040.0,2067.0,2061.0
2025-342T21:51:02.914,2001.4632,,,,,,,,,,
2025-342T21:51:07.914,2001.4632,,,,,,,,,,
2025-342T21:51:10.915,,548.0,500.0,518.0,509.0,516.0,510.0,2048.0,2040.0,2066.0,2061.0
2025-342T21:51:13.914,2001.4632,,,,,,,,,,
2025-342T21:51:19.915,,535.0,498.0,518.0,508.0,516.0,510.0,2048.0,2040.0,2066.0,2061.0
2025-342T21:51:20.914,2001.4632,,,,,,,,,,
2025-342T21:51:25.914,2001.4632,,,,,,,,,,
2025-342T21:51:28.915,,542.0,499.0,518.0,509.0,516.0,510.0,2048.0,2040.0,2066.0,2061.0
2025-342T21:51:31.914,2001.4632,,,,,,,,,,
2025-342T21:51:37.914,,528.0,500.0,518.0,509.0,516.0,510.0,2048.0,2040.0,2066.0,2061.0
2025-342T21:51:38.914,2001.4632,,,,,,,,,,
2025-342T21:51:43.914,2001.4632,,,,,,,,,,
2025-342T21:51:46.914,,530.0,500.0,518.0,509.0,516.0,510.0,2048.0,2040.0,2067.0,2061.0
2025-342T21:51:49.914,2001.4632,,,,,,,,,,
2025-342T21:51:55.914,,534.0,500.0,518.0,509.0,516.0,510.0,2048.0,2040.0,2066.0,2061.0
2025-342T21:51:56.914,2001.4632,,,,,,,,,,
2025-342T21:52:01.914,2001.4632,,,,,,,,,,
2025-342T21:52:04.914,,620.0,499.0,518.0,509.0,516.0,510.0,2048.0,2040.0,2067.0,2061.0
2025-342T21:52:07.914,2001.4632,,,,,,,,,,
2025-342T21:52:13.914,,541.0,500.0,518.0,509.0,516.0,510.0,2048.0,2040.0,2067.0,2061.0
2025-342T21:52:14.914,2001.4632,,,,,,,,,,
2025-342T21:52:19.914,2001.4632,,,,,,,,,,
2025-342T21:52:22.914,,547.0,500.0,518.0,509.0,516.0,510.0,2048.0,2040.0,2066.0,2061.0
2025-342T21:52:25.914,2001.4632,,,,,,,,,,
2025-342T21:52:31.914,,543.0,499.0,518.0,509.0,516.0,509.0,2048.0,2040.0,2066.0,2061.0
2025-342T21:52:32.914,2001.4632,,,,,,,,,,
2025-342T21:52:37.914,2001.4632,,,,,,,,,,
2025-342T21:52:40.914,,529.0,498.0,518.0,509.0,516.0,510.0,2048.0,2040.0,2067.0,2061.0
2025-342T21:52:43.914,2001.4632,,,,,,,,,,
2025-342T21:52:49.914,,528.0,499.0,518.0,509.0,516.0,510.0,2048.0,2040.0,2066.0,2061.0
2025-342T21:52:50.914,2001.4632,,,,,,,,,,
2025-342T21:52:55.914,2001.4632,,,,,,,,,,
2025-342T21:52:58.914,,533.0,500.0,518.0,509.0,516.0,509.0,2048.0,2040.0,2067.0,2061.0
2025-342T21:53:01.914,2001.4632,,,,,,,,,,
2025-342T21:53:07.914,,603.0,499.0,518.0,509.0,516.0,509.0,2048.0,2040.0,2066.0,2061.0
2025-342T21:53:08.913,2001.4632,,,,,,,,,,
2025-342T21:53:13.913,2001.4632,,,,,,,,,,
2025-342T21:53:16.914,,540.0,499.0,518.0,509.0,516.0,510.0,2048.0,2040.0,2066.0,2061.0
2025-342T21:53:19.913,2001.4632,,,,,,,,,,
2025-342T21:53:25.914,,542.0,499.0,518.0,509.0,516.0,510.0,2048.0,2040.0,2067.0,2061.0
2025-342T21:53:26.913,2001.4632,,,,,,,,,,
2025-342T21:53:31.913,2001.4632,,,,,,,,,,
2025-342T21:53:34.914,,528.0,499.0,518.0,509.0,516.0,509.0,2048.0,2040.0,2066.0,2061.0
2025-342T21:53:37.913,2001.4632,,,,,,,,,,
2025-342T21:53:43.914,,534.0,499.0,518.0,509.0,516.0,510.0,2048.0,2040.0,2066.0,2061.0
2025-342T21:53:44.913,2001.4632,,,,,,,,,,
2025-342T21:53:49.913,2001.4632,,,,,,,,,,
2025-342T21:53:52.914,,532.0,499.0,518.0,509.0,516.0,510.0,2048.0,2040.0,2067.0,2061.0
2025-342T21:53:55.913,2001.4632,,,,,,,,,,
2025-342T21:54:01.914,,543.0,499.0,518.0,509.0,516.0,510.0,2048.0,2040.0,2067.0,2061.0
2025-342T21:54:02.913,2001.4632,,,,,,,,,,
2025-342T21:54:07.913,2001.4632,,,,,,,,,,
2025-342T21:54:10.913,,534.0,500.0,518.0,509.0,516.0,509.0,2048.0,2040.0,2067.0,2061.0
2025-342T21:54:13.913,2001.4632,,,,,,,,,,
2025-342T21:54:19.913,,532.0,499.0,518.0,509.0,516.0,509.0,2048.0,2039.0,2066.0,2061.0
2025-342T21:54:20.913,2001.4632,,,,,,,,,,
2025-342T21:54:25.913,2001.4632,,,,,,,,,,
2025-342T21:54:28.913,,546.0,500.0,518.0,509.0,516.0,510.0,2048.0,2040.0,2067.0,2061.0
2025-342T21:54:31.913,2001.4632,,,,,,,,,,
2025-342T21:54:37.913,,527.0,499.0,518.0,509.0,516.0,510.0,2048.0,2040.0,2066.0,2061.0
2025-342T21:54:38.913,2001.4632,,,,,,,,,,
2025-342T21:54:43.913,2001.4632,,,,,,,,,,
2025-342T21:54:46.913,,536.0,500.0,518.0,509.0,516.0,510.0,2048.0,2040.0,2066.0,2061.0
2025-342T21:54:49.913,2001.4632,,,,,,,,,,
2025-342T21:54:55.913,,545.0,499.0,518.0,509.0,516.0,510.0,2048.0,2040.0,2066.0,2061.0
2025-342T21:54:56.913,2001.4632,,,,,,,,,,
2025-342T21:55:01.913,2001.4632,,,,,,,,,,
2025-342T21:55:04.913,,530.0,500.0,518.0,509.0,516.0,510.0,2048.0,2040.0,2066.0,2061.0
2025-342T21:55:07.913,2001.4632,,,,,,,,,,
2025-342T21:55:13.913,,540.0,499.0,518.0,509.0,516.0,510.0,2048.0,2040.0,2066.0,2061.0
2025-342T21:55:14.913,2001.4632,,,,,,,,,,
2025-342T21:55:19.913,2001.4632,,,,,,,,,,
2025-342T21:55:22.913,,572.0,499.0,518.0,509.0,516.0,510.0,2048.0,2040.0,2066.0,2061.0
2025-342T21:55:25.913,2001.4632,,,,,,,,,,
2025-342T21:55:31.913,,546.0,499.0,518.0,509.0,516.0,510.0,2048.0,2040.0,2067.0,2061.0
2025-342T21:55:32.913,2001.4632,,,,,,,,,,
2025-342T21:55:37.913,2001.4632,,,,,,,,,,
2025-342T21:55:40.913,,530.0,499.0,518.0,509.0,516.0,510.0,2048.0,2040.0,2066.0,2061.0
2025-342T21:55:43.912,2001.4632,,,,,,,,,,
2025-342T21:55:49.913,,526.0,499.0,518.0,509.0,516.0,510.0,2048.0,2040.0,2066.0,2061.0
2025-342T21:55:50.912,2001.4632,,,,,,,,,,
2025-342T21:55:55.912,2001.4632,,,,,,,,,,
2025-342T21:55:58.913,,532.0,500.0,518.0,509.0,516.0,510.0,2048.0,2040.0,2067.0,2061.0
2025-342T21:56:01.912,2001.4632,,,,,,,,,,
2025-342T21:56:07.913,,532.0,499.0,518.0,508.0,516.0,510.0,2048.0,2040.0,2066.0,2061.0
2025-342T21:56:08.912,2001.4632,,,,,,,,,,
2025-342T21:56:13.912,2001.4632,,,,,,,,,,
2025-342T21:56:16.913,,535.0,500.0,518.0,509.0,516.0,510.0,2048.0,2040.0,2066.0,2061.0
2025-342T21:56:19.912,2001.4632,,,,,,,,,,
2025-342T21:56:25.913,,540.0,499.0,518.0,509.0,516.0,509.0,2048.0,2040.0,2067.0,2061.0
2025-342T21:56:26.912,2001.4632,,,,,,,,,,
2025-342T21:56:31.912,2001.4632,,,,,,,,,,
2025-342T21:56:34.913,,547.0,500.0,518.0,509.0,516.0,510.0,2048.0,2040.0,2067.0,2061.0
2025-342T21:56:37.912,2001.4632,,,,,,,,,,
2025-342T21:56:43.912,,537.0,500.0,518.0,509.0,516.0,510.0,2048.0,2040.0,2067.0,2061.0
2025-342T21:56:44.912,2001.4632,,,,,,,,,,
2025-342T21:56:49.912,2001.4632,,,,,,,,,,
2025-342T21:56:52.912,,539.0,500.0,518.0,509.0,516.0,510.0,2048.0,2040.0,2066.0,2061.0
2025-342T21:56:55.912,2001.4632,,,,,,,,,,
2025-342T21:57:01.912,,539.0,499.0,518.0,509.0,516.0,510.0,2048.0,2040.0,2066.0,2061.0
2025-342T21:57:02.912,2001.4632,,,,,,,,,,
2025-342T21:57:07.912,2001.4632,,,,,,,,,,
2025-342T21:57:10.912,,551.0,499.0,518.0,509.0,516.0,510.0,2048.0,2040.0,2067.0,2061.0
2025-342T21:57:13.912,2001.4632,,,,,,,,,,
2025-342T21:57:19.912,,531.0,499.0,518.0,509.0,516.0,510.0,2048.0,2040.0,2066.0,2061.0
2025-342T21:57:20.912,2001.4632,,,,,,,,,,
2025-342T21:57:25.912,2001.4632,,,,,,,,,,
2025-342T21:57:28.912,,531.0,499.0,518.0,509.0,516.0,510.0,2048.0,2040.0,2066.0,2061.0
2025-342T21:57:31.912,2001.4632,,,,,,,,,,
2025-342T21:57:37.912,,536.0,500.0,518.0,509.0,516.0,510.0,2048.0,2040.0,2067.0,2061.0
2025-342T21:57:38.912,2001.4632,,,,,,,,,,
2025-342T21:57:43.912,2001.4632,,,,,,,,,,
2025-342T21:57:46.912,,535.0,499.0,518.0,509.0,516.0,510.0,2048.0,2040.0,2066.0,2061.0
2025-342T21:57:49.912,2001.4632,,,,,,,,,,
2025-342T21:57:55.912,,543.0,499.0,518.0,509.0,516.0,510.0,2048.0,2040.0,2066.0,2061.0
2025-342T21:57:56.912,2001.4632,,,,,,,,,,
2025-342T21:58:01.912,2001.4632,,,,,,,,,,
2025-342T21:58:04.912,,545.0,500.0,518.0,509.0,516.0,510.0,2048.0,2040.0,2067.0,2061.0
2025-342T21:58:07.912,2001.4632,,,,,,,,,,
2025-342T21:58:13.912,,534.0,500.0,518.0,509.0,516.0,510.0,2048.0,2040.0,2067.0,2061.0
2025-342T21:58:14.911,2001.4632,,,,,,,,,,
2025-342T21:58:19.911,2001.4632,,,,,,,,,,
2025-342T21:58:22.912,,536.0,499.0,518.0,509.0,516.0,510.0,2048.0,2040.0,2067.0,2061.0
2025-342T21:58:25.911,2001.4632,,,,,,,,,,
2025-342T21:58:31.912,,532.0,499.0,518.0,509.0,516.0,510.0,2048.0,2040.0,2066.0,2061.0
2025-342T21:58:32.911,2001.4632,,,,,,,,,,
2025-342T21:58:37.911,2001.4632,,,,,,,,,,
2025-342T21:58:40.912,,530.0,499.0,518.0,509.0,516.0,510.0,2048.0,2040.0,2066.0,2061.0
2025-342T21:58:43.911,2001.4632,,,,,,,,,,
2025-342T21:58:50.012,,533.0,499.0,518.0,509.0,516.0,510.0,2048.0,2040.0,2067.0,2061.0
2025-342T21:58:51.011,2001.4632,,,,,,,,,,
2025-342T21:58:56.011,2001.4632,,,,,,,,,,
2025-342T21:58:59.012,,543.0,500.0,518.0,509.0,516.0,510.0,2048.0,2040.0,2066.0,2061.0
2025-342T21:59:02.011,2001.4632,,,,,,,,,,
2025-342T21:59:08.012,,558.0,499.0,518.0,509.0,516.0,510.0,2048.0,2040.0,2067.0,2061.0
2025-342T21:59:09.011,2001.4632,,,,,,,,,,
2025-342T21:59:14.011,2001.4632,,,,,,,,,,
2025-342T21:59:17.011,,539.0,500.0,518.0,509.0,516.0,510.0,2048.0,2040.0,2067.0,2061.0
2025-342T21:59:20.011,2001.4632,,,,,,,,,,
2025-342T21:59:26.011,,541.0,499.0,518.0,509.0,516.0,510.0,2048.0,2040.0,2066.0,2061.0
2025-342T21:59:27.011,2001.4632,,,,,,,,,,
2025-342T21:59:32.011,2001.4632,,,,,,,,,,
2025-342T21:59:35.011,,535.0,499.0,518.0,509.0,516.0,510.0,2048.0,2040.0,2067.0,2061.0
2025-342T21:59:38.011,2001.4632,,,,,,,,,,
2025-342T21:59:44.011,,536.0,500.0,518.0,509.0,516.0,510.0,2048.0,2040.0,2066.0,2061.0
2025-342T21:59:45.011,2001.4632,,,,,,,,,,
2025-342T21:59:50.011,2001.4632,,,,,,,,,,
2025-342T21:59:53.011,,537.0,499.0,518.0,509.0,516.0,510.0,2048.0,2040.0,2066.0,2061.0
2025-342T21:59:56.011,2001.4632,,,,,,,,,,
2025-342T22:00:02.011,,539.0,499.0,518.0,509.0,516.0,510.0,2048.0,2040.0,2066.0,2061.0
2025-342T22:00:03.011,2001.4632,,,,,,,,,,
2025-342T22:00:08.011,2001.4632,,,,,,,,,,
2025-342T22:00:11.011,,547.0,500.0,518.0,509.0,516.0,509.0,2048.0,2040.0,2066.0,2061.0
2025-342T22:00:14.011,2001.4632,,,,,,,,,,
2025-342T22:00:20.011,,530.0,499.0,518.0,509.0,516.0,510.0,2048.0,2040.0,2067.0,2061.0
2025-342T22:00:21.011,2001.4632,,,,,,,,,,
2025-342T22:00:26.011,2001.4632,,,,,,,,,,
2025-342T22:00:29.011,,530.0,499.0,518.0,509.0,516.0,510.0,2048.0,2040.0,2066.0,2061.0
2025-342T22:00:32.011,2001.4632,,,,,,,,,,
2025-342T22:00:38.011,,535.0,499.0,518.0,509.0,516.0,510.0,2048.0,2040.0,2066.0,2061.0
2025-342T22:00:39.011,2001.4632,,,,,,,,,,
2025-342T22:00:44.011,2001.4632,,,,,,,,,,
2025-342T22:00:47.011,,530.0,499.0,518.0,509.0,516.0,509.0,2048.0,2040.0,2067.0,2061.0
2025-342T22:00:50.010,2001.4632,,,,,,,,,,
2025-342T22:00:56.011,,531.0,500.0,518.0,509.0,516.0,509.0,2048.0,2040.0,2067.0,2061.0
2025-342T22:00:57.010,2001.4632,,,,,,,,,,
2025-342T22:01:02.010,2001.4632,,,,,,,,,,
2025-342T22:01:05.011,,536.0,500.0,518.0,509.0,516.0,510.0,2048.0,2040.0,2067.0,2061.0
2025-342T22:01:08.010,2001.4632,,,,,,,,,,
2025-342T22:01:14.011,,528.0,499.0,518.0,509.0,516.0,510.0,2048.0,2040.0,2066.0,2061.0
2025-342T22:01:15.010,2001.4632,,,,,,,,,,
2025-342T22:01:20.010,2001.4632,,,,,,,,,,
2025-342T22:01:23.011,,532.0,499.0,518.0,509.0,516.0,510.0,2048.0,2040.0,2066.0,2061.0
2025-342T22:01:26.010,2001.4632,,,,,,,,,,
2025-342T22:01:32.011,,543.0,500.0,518.0,509.0,516.0,510.0,2048.0,2040.0,2066.0,2061.0
2025-342T22:01:33.010,2001.4632,,,,,,,,,,
2025-342T22:01:38.010,2001.4632,,,,,,,,,,
2025-342T22:01:41.011,,527.0,499.0,518.0,509.0,516.0,510.0,2048.0,2040.0,2066.0,2061.0
2025-342T22:01:44.010,2001.4632,,,,,,,,,,
2025-342T22:01:50.010,,535.0,500.0,518.0,509.0,516.0,510.0,2048.0,2040.0,2066.0,2061.0
2025-342T22:01:51.010,2001.4632,,,,,,,,,,
2025-342T22:01:56.010,2001.4632,,,,,,,,,,
2025-342T22:01:59.010,,538.0,500.0,518.0,509.0,516.0,510.0,2048.0,2040.0,2067.0,2061.0
2025-342T22:02:02.010,2001.4632,,,,,,,,,,
2025-342T22:02:08.010,,540.0,500.0,518.0,509.0,516.0,510.0,2048.0,2040.0,2066.0,2061.0
2025-342T22:02:09.010,2001.4632,,,,,,,,,,
2025-342T22:02:14.010,2001.4632,,,,,,,,,,
2025-342T22:02:17.010,,540.0,500.0,518.0,509.0,516.0,510.0,2048.0,2040.0,2066.0,2061.0
2025-342T22:02:20.010,2001.4632,,,,,,,,,,
2025-342T22:02:26.010,,541.0,500.0,518.0,509.0,516.0,510.0,2048.0,2040.0,2066.0,2061.0
2025-342T22:02:27.010,2001.4632,,,,,,,,,,
2025-342T22:02:32.010,2001.4632,,,,,,,,,,
2025-342T22:02:35.010,,536.0,499.0,518.0,509.0,516.0,510.0,2048.0,2040.0,2066.0,2061.0
2025-342T22:02:38.010,2001.4632,,,,,,,,,,
2025-342T22:02:44.010,,534.0,499.0,518.0,509.0,516.0,510.0,2049.0,2040.0,2067.0,2061.0
2025-342T22:02:45.010,2001.4632,,,,,,,,,,
2025-342T22:02:50.010,2001.4632,,,,,,,,,,
2025-342T22:02:53.010,,532.0,500.0,518.0,509.0,516.0,510.0,2048.0,2040.0,2066.0,2061.0
2025-342T22:02:56.010,2001.4632,,,,,,,,,,
2025-342T22:03:02.010,,558.0,499.0,518.0,509.0,516.0,510.0,2048.0,2040.0,2066.0,2061.0
2025-342T22:03:03.010,2001.4632,,,,,,,,,,
2025-342T22:03:08.010,2001.4632,,,,,,,,,,
2025-342T22:03:11.010,,542.0,499.0,518.0,509.0,516.0,510.0,2048.0,2040.0,2066.0,2061.0
2025-342T22:03:14.010,2001.4632,,,,,,,,,,
2025-342T22:03:20.010,,538.0,499.0,518.0,509.0,516.0,510.0,2048.0,2040.0,2067.0,2061.0
2025-342T22:03:21.010,2001.4632,,,,,,,,,,
2025-342T22:03:26.009,2001.4632,,,,,,,,,,
2025-342T22:03:29.010,,554.0,500.0,518.0,509.0,516.0,510.0,2048.0,2040.0,2066.0,2061.0
2025-342T22:03:32.009,2001.4632,,,,,,,,,,
2025-342T22:03:38.010,,541.0,499.0,518.0,509.0,516.0,510.0,2051.0,2036.0,2066.0,2061.0
2025-342T22:03:39.009,2001.4632,,,,,,,,,,
2025-342T22:03:44.009,2001.4632,,,,,,,,,,
2025-342T22:03:47.010,,529.0,500.0,518.0,509.0,516.0,510.0,2048.0,2040.0,2066.0,2061.0
2025-342T22:03:50.009,2001.4632,,,,,,,,,,
2025-342T22:03:56.010,,545.0,499.0,518.0,509.0,516.0,510.0,2048.0,2040.0,2066.0,2061.0
2025-342T22:03:57.009,2001.4632,,,,,,,,,,
2025-342T22:04:02.009,2001.4632,,,,,,,,,,
2025-342T22:04:05.010,,529.0,500.0,518.0,509.0,516.0,510.0,2048.0,2040.0,2067.0,2061.0
2025-342T22:04:08.009,2001.4632,,,,,,,,,,
2025-342T22:04:14.010,,545.0,500.0,518.0,509.0,516.0,510.0,2048.0,2040.0,2066.0,2061.0
2025-342T22:04:15.009,2001.4632,,,,,,,,,,
2025-342T22:04:20.009,2001.4632,,,,,,,,,,
2025-342T22:04:23.009,,530.0,499.0,518.0,509.0,516.0,510.0,2048.0,2040.0,2067.0,2061.0
2025-342T22:04:26.009,2001.4632,,,,,,,,,,
2025-342T22:04:32.009,,535.0,499.0,518.0,509.0,516.0,510.0,2048.0,2040.0,2066.0,2061.0
2025-342T22:04:33.009,2001.4632,,,,,,,,,,
2025-342T22:04:38.009,2001.4632,,,,,,,,,,
2025-342T22:04:41.009,,533.0,500.0,518.0,509.0,516.0,510.0,2048.0,2040.0,2066.0,2061.0
2025-342T22:04:44.009,2001.4632,,,,,,,,,,
2025-342T22:04:50.009,,545.0,499.0,518.0,509.0,516.0,510.0,2048.0,2040.0,2066.0,2061.0
2025-342T22:04:51.009,2001.4632,,,,,,,,,,
2025-342T22:04:56.009,2001.4632,,,,,,,,,,
2025-342T22:04:59.009,,534.0,499.0,518.0,509.0,516.0,510.0,2048.0,2040.0,2067.0,2061.0
2025-342T22:05:02.009,2001.4632,,,,,,,,,,
2025-342T22:05:08.009,,538.0,499.0,518.0,509.0,516.0,510.0,2048.0,2040.0,2066.0,2061.0
2025-342T22:05:09.009,2001.4632,,,,,,,,,,
2025-342T22:05:14.009,2001.4632,,,,,,,,,,
2025-342T22:05:17.009,,542.0,499.0,518.0,509.0,516.0,510.0,2048.0,2040.0,2066.0,2061.0
2025-342T22:05:20.009,2001.4632,,,,,,,,,,
2025-342T22:05:26.009,,528.0,499.0,518.0,509.0,516.0,510.0,2048.0,2040.0,2067.0,2061.0
2025-342T22:05:27.009,2001.4632,,,,,,,,,,
2025-342T22:05:32.009,2001.4632,,,,,,,,,,
2025-342T22:05:35.009,,529.0,499.0,518.0,509.0,516.0,510.0,2048.0,2040.0,2066.0,2061.0
2025-342T22:05:38.009,2001.4632,,,,,,,,,,
2025-342T22:05:44.009,,539.0,500.0,518.0,509.0,516.0,510.0,2048.0,2040.0,2067.0,2061.0
2025-342T22:05:45.009,2001.4632,,,,,,,,,,
2025-342T22:05:50.009,2001.4632,,,,,,,,,,
2025-342T22:05:53.009,,531.0,499.0,518.0,509.0,516.0,510.0,2048.0,2040.0,2067.0,2061.0
2025-342T22:05:56.009,2001.4632,,,,,,,,,,
2025-342T22:06:02.009,,548.0,500.0,518.0,509.0,516.0,510.0,2048.0,2040.0,2066.0,2061.0
2025-342T22:06:03.008,2001.4632,,,,,,,,,,
2025-342T22:06:08.008,2001.4632,,,,,,,,,,
2025-342T22:06:11.009,,527.0,500.0,518.0,509.0,516.0,509.0,2048.0,2040.0,2067.0,2061.0
2025-342T22:06:14.008,2001.4632,,,,,,,,,,
2025-342T22:06:20.009,,536.0,500.0,518.0,509.0,516.0,510.0,2048.0,2040.0,2066.0,2061.0
2025-342T22:06:21.008,2001.4632,,,,,,,,,,
2025-342T22:06:26.008,2001.4632,,,,,,,,,,
2025-342T22:06:29.009,,532.0,499.0,518.0,509.0,516.0,510.0,2048.0,2040.0,2066.0,2061.0
2025-342T22:06:32.008,2001.4632,,,,,,,,,,
2025-342T22:06:38.009,,547.0,499.0,518.0,509.0,516.0,510.0,2048.0,2040.0,2066.0,2061.0
2025-342T22:06:39.008,2001.4632,,,,,,,,,,
2025-342T22:06:44.008,2001.4632,,,,,,,,,,
2025-342T22:06:47.009,,531.0,500.0,518.0,509.0,516.0,510.0,2049.0,2040.0,2066.0,2061.0
2025-342T22:06:50.008,2001.4632,,,,,,,,,,
2025-342T22:06:56.009,,539.0,498.0,518.0,509.0,516.0,510.0,2048.0,2039.0,2067.0,2061.0
2025-342T22:06:57.008,2001.4632,,,,,,,,,,
2025-342T22:07:02.008,2001.4632,,,,,,,,,,
2025-342T22:07:05.008,,548.0,500.0,518.0,509.0,516.0,510.0,2048.0,2040.0,2067.0,2061.0
2025-342T22:07:08.008,2001.4632,,,,,,,,,,
2025-342T22:07:14.008,,527.0,499.0,518.0,509.0,516.0,510.0,2048.0,2040.0,2067.0,2061.0
2025-342T22:07:15.008,2001.4632,,,,,,,,,,
2025-342T22:07:20.008,2001.4632,,,,,,,,,,
2025-342T22:07:23.008,,530.0,499.0,518.0,509.0,516.0,510.0,2048.0,2040.0,2067.0,2061.0
2025-342T22:07:26.008,2001.4632,,,,,,,,,,
2025-342T22:07:32.008,,536.0,499.0,518.0,509.0,516.0,510.0,2048.0,2040.0,2067.0,2061.0
2025-342T22:07:33.008,2001.4632,,,,,,,,,,
2025-342T22:07:38.008,2001.4632,,,,,,,,,,
2025-342T22:07:41.008,,529.0,500.0,518.0,509.0,516.0,510.0,2048.0,2040.0,2066.0,2061.0
2025-342T22:07:44.008,2001.4632,,,,,,,,,,
2025-342T22:07:50.008,,528.0,500.0,518.0,509.0,516.0,510.0,2048.0,2040.0,2066.0,2061.0
2025-342T22:07:51.008,2001.4632,,,,,,,,,,
2025-342T22:07:56.008,2001.4632,,,,,,,,,,
2025-342T22:07:59.008,,599.0,500.0,518.0,509.0,516.0,510.0,2048.0,2040.0,2067.0,2061.0
2025-342T22:08:02.008,2001.4632,,,,,,,,,,
2025-342T22:08:08.008,,532.0,500.0,518.0,509.0,516.0,510.0,2048.0,2040.0,2066.0,2061.0
2025-342T22:08:09.008,2001.4632,,,,,,,,,,
2025-342T22:08:14.008,2001.4632,,,,,,,,,,
2025-342T22:08:17.008,,530.0,499.0,518.0,509.0,516.0,510.0,2048.0,2040.0,2066.0,2061.0
2025-342T22:08:20.008,2001.4632,,,,,,,,,,
2025-342T22:08:26.008,,527.0,500.0,518.0,509.0,516.0,510.0,2048.0,2040.0,2066.0,2061.0
2025-342T22:08:27.008,2001.4632,,,,,,,,,,
2025-342T22:08:32.007,2001.4632,,,,,,,,,,
2025-342T22:08:35.008,,529.0,500.0,518.0,509.0,516.0,509.0,2048.0,2040.0,2066.0,2061.0
2025-342T22:08:38.007,2001.4632,,,,,,,,,,
2025-342T22:08:44.008,,545.0,500.0,518.0,509.0,516.0,510.0,2048.0,2040.0,2066.0,2061.0
2025-342T22:08:45.007,2001.4632,,,,,,,,,,
2025-342T22:08:50.007,2001.4632,,,,,,,,,,
2025-342T22:08:53.008,,532.0,500.0,518.0,509.0,516.0,510.0,2048.0,2040.0,2066.0,2061.0
2025-342T22:08:56.007,2001.4632,,,,,,,,,,
2025-342T22:09:02.008,,531.0,500.0,518.0,509.0,516.0,510.0,2048.0,2040.0,2066.0,2061.0
2025-342T22:09:03.007,2001.4632,,,,,,,,,,
2025-342T22:09:08.007,2001.4632,,,,,,,,,,
2025-342T22:09:11.008,,555.0,499.0,518.0,509.0,516.0,510.0,2048.0,2040.0,2067.0,2061.0
2025-342T22:09:14.007,2001.4632,,,,,,,,,,
2025-342T22:09:20.008,,532.0,500.0,518.0,509.0,516.0,510.0,2048.0,2040.0,2066.0,2061.0
2025-342T22:09:21.007,2001.4632,,,,,,,,,,
2025-342T22:09:26.007,2001.4632,,,,,,,,,,
2025-342T22:09:29.008,,531.0,499.0,518.0,509.0,516.0,510.0,2048.0,2040.0,2066.0,2061.0
2025-342T22:09:32.007,2001.4632,,,,,,,,,,
2025-342T22:09:38.007,,534.0,499.0,518.0,509.0,516.0,510.0,2048.0,2040.0,2066.0,2061.0
2025-342T22:09:39.007,2001.4632,,,,,,,,,,
2025-342T22:09:44.007,2001.4632,,,,,,,,,,
2025-342T22:09:47.007,,538.0,499.0,518.0,509.0,516.0,510.0,2048.0,2040.0,2066.0,2061.0
2025-342T22:09:50.007,2001.4632,,,,,,,,,,
2025-342T22:09:56.007,,530.0,500.0,518.0,509.0,516.0,509.0,2048.0,2040.0,2067.0,2061.0
2025-342T22:09:57.007,2001.4632,,,,,,,,,,
2025-342T22:10:02.007,2001.4632,,,,,,,,,,
2025-342T22:10:05.007,,530.0,500.0,518.0,509.0,516.0,509.0,2048.0,2040.0,2067.0,2061.0
2025-342T22:10:08.007,2001.4632,,,,,,,,,,
2025-342T22:10:14.007,,537.0,499.0,518.0,509.0,516.0,510.0,2048.0,2040.0,2067.0,2061.0
2025-342T22:10:15.007,2001.4632,,,,,,,,,,
2025-342T22:10:20.007,2001.4632,,,,,,,,,,
2025-342T22:10:23.007,,530.0,500.0,518.0,509.0,516.0,510.0,2048.0,2040.0,2066.0,2061.0
2025-342T22:10:26.007,2001.4632,,,,,,,,,,
2025-342T22:10:32.007,,549.0,499.0,518.0,509.0,516.0,509.0,2048.0,2040.0,2066.0,2061.0
2025-342T22:10:33.007,2001.4632,,,,,,,,,,
2025-342T22:10:38.007,2001.4632,,,,,,,,,,
2025-342T22:10:41.007,,536.0,499.0,518.0,509.0,516.0,510.0,2048.0,2040.0,2067.0,2061.0
2025-342T22:10:44.007,2001.4632,,,,,,,,,,
2025-342T22:10:50.007,,533.0,500.0,518.0,509.0,516.0,509.0,2048.0,2040.0,2066.0,2061.0
2025-342T22:10:51.007,2001.4632,,,,,,,,,,
2025-342T22:10:56.007,2001.4632,,,,,,,,,,
2025-342T22:10:59.007,,529.0,499.0,518.0,509.0,516.0,510.0,2048.0,2040.0,2067.0,2061.0
2025-342T22:11:02.007,2001.4632,,,,,,,,,,
2025-342T22:11:08.007,,550.0,499.0,518.0,509.0,516.0,510.0,2048.0,2040.0,2067.0,2061.0
2025-342T22:11:09.006,2001.4632,,,,,,,,,,
2025-342T22:11:14.006,2001.4632,,,,,,,,,,
2025-342T22:11:17.007,,530.0,499.0,518.0,509.0,516.0,510.0,2048.0,2040.0,2066.0,2061.0
2025-342T22:11:20.006,2001.4632,,,,,,,,,,
2025-342T22:11:26.007,,535.0,499.0,518.0,509.0,516.0,509.0,2048.0,2040.0,2067.0,2061.0
2025-342T22:11:27.006,2001.4632,,,,,,,,,,
2025-342T22:11:32.006,2001.4632,,,,,,,,,,
2025-342T22:11:35.007,,532.0,499.0,518.0,509.0,516.0,510.0,2048.0,2040.0,2067.0,2061.0
2025-342T22:11:38.006,2001.4632,,,,,,,,,,
2025-342T22:11:44.007,,535.0,500.0,518.0,509.0,516.0,510.0,2048.0,2040.0,2066.0,2061.0
2025-342T22:11:45.006,2001.4632,,,,,,,,,,
2025-342T22:11:50.006,2001.4632,,,,,,,,,,
2025-342T22:11:53.007,,529.0,499.0,518.0,509.0,516.0,510.0,2048.0,2040.0,2066.0,2061.0
2025-342T22:11:56.006,2001.4632,,,,,,,,,,
2025-342T22:12:02.007,,531.0,500.0,518.0,509.0,516.0,510.0,2048.0,2040.0,2067.0,2061.0
2025-342T22:12:03.006,2001.4632,,,,,,,,,,
2025-342T22:12:08.006,2001.4632,,,,,,,,,,
2025-342T22:12:11.006,,532.0,499.0,518.0,509.0,516.0,510.0,2048.0,2039.0,2066.0,2061.0
2025-342T22:12:14.006,2001.4632,,,,,,,,,,
2025-342T22:12:20.006,,530.0,499.0,518.0,509.0,516.0,510.0,2048.0,2040.0,2066.0,2061.0
2025-342T22:12:21.006,2001.4632,,,,,,,,,,
2025-342T22:12:26.006,2001.4632,,,,,,,,,,
2025-342T22:12:29.006,,530.0,499.0,518.0,509.0,516.0,509.0,2048.0,2040.0,2066.0,2061.0
2025-342T22:12:32.006,2001.4632,,,,,,,,,,
2025-342T22:12:38.006,,547.0,499.0,518.0,509.0,516.0,510.0,2048.0,2040.0,2066.0,2061.0
2025-342T22:12:39.006,2001.4632,,,,,,,,,,
2025-342T22:12:44.006,2001.4632,,,,,,,,,,
2025-342T22:12:47.006,,547.0,499.0,518.0,509.0,516.0,510.0,2048.0,2040.0,2067.0,2061.0
2025-342T22:12:50.006,2001.4632,,,,,,,,,,
2025-342T22:12:56.006,,536.0,500.0,518.0,509.0,516.0,510.0,2048.0,2040.0,2067.0,2061.0
2025-342T22:12:57.006,2001.4632,,,,,,,,,,
2025-342T22:13:02.006,2001.4632,,,,,,,,,,
2025-342T22:13:05.006,,539.0,499.0,518.0,509.0,516.0,510.0,2048.0,2040.0,2066.0,2061.0
2025-342T22:13:08.006,2001.4632,,,,,,,,,,
2025-342T22:13:14.006,,541.0,499.0,518.0,509.0,516.0,510.0,2048.0,2040.0,2066.0,2061.0
2025-342T22:13:15.006,2001.4632,,,,,,,,,,
2025-342T22:13:20.006,2001.4632,,,,,,,,,,
2025-342T22:13:23.006,,539.0,500.0,518.0,509.0,516.0,510.0,2048.0,2040.0,2066.0,2061.0
2025-342T22:13:26.006,2001.4632,,,,,,,,,,
2025-342T22:13:32.006,,546.0,499.0,518.0,509.0,516.0,510.0,2048.0,2040.0,2067.0,2061.0
2025-342T22:13:33.006,2001.4632,,,,,,,,,,
2025-342T22:13:38.006,2001.4632,,,,,,,,,,
2025-342T22:13:41.006,,532.0,499.0,518.0,509.0,516.0,509.0,2048.0,2040.0,2067.0,2061.0
2025-342T22:13:44.005,2001.4632,,,,,,,,,,
2025-342T22:13:50.006,,528.0,500.0,518.0,509.0,516.0,510.0,2048.0,2040.0,2067.0,2061.0
2025-342T22:13:51.005,2001.4632,,,,,,,,,,
2025-342T22:13:56.005,2001.4632,,,,,,,,,,
2025-342T22:13:59.006,,526.0,499.0,518.0,509.0,516.0,510.0,2048.0,2040.0,2067.0,2061.0
2025-342T22:14:02.005,2001.4632,,,,,,,,,,
2025-342T22:14:08.006,,533.0,499.0,518.0,509.0,516.0,510.0,2048.0,2040.0,2067.0,2061.0
2025-342T22:14:09.005,2001.4632,,,,,,,,,,
2025-342T22:14:14.005,2001.4632,,,,,,,,,,
2025-342T22:14:17.006,,528.0,500.0,518.0,509.0,516.0,510.0,2048.0,2040.0,2066.0,2061.0
2025-342T22:14:20.005,2001.4632,,,,,,,,,,
2025-342T22:14:26.006,,528.0,499.0,518.0,509.0,516.0,510.0,2048.0,2040.0,2067.0,2061.0
2025-342T22:14:27.005,2001.4632,,,,,,,,,,
2025-342T22:14:32.005,2001.4632,,,,,,,,,,
2025-342T22:14:35.006,,530.0,499.0,518.0,509.0,516.0,510.0,2048.0,2039.0,2066.0,2061.0
2025-342T22:14:38.005,2001.4632,,,,,,,,,,
2025-342T22:14:44.005,,541.0,499.0,518.0,509.0,516.0,509.0,2048.0,2040.0,2066.0,2061.0
2025-342T22:14:45.005,2001.4632,,,,,,,,,,
2025-342T22:14:50.005,2001.4632,,,,,,,,,,
2025-342T22:14:53.005,,543.0,500.0,518.0,509.0,516.0,510.0,2048.0,2040.0,2067.0,2061.0
2025-342T22:14:56.005,2001.4632,,,,,,,,,,
2025-342T22:15:02.005,,526.0,499.0,518.0,509.0,516.0,509.0,2048.0,2040.0,2067.0,2061.0
2025-342T22:15:03.005,2001.4632,,,,,,,,,,
2025-342T22:15:08.005,2001.4632,,,,,,,,,,
2025-342T22:15:11.005,,532.0,500.0,518.0,509.0,516.0,510.0,2048.0,2040.0,2066.0,2061.0
2025-342T22:15:14.005,2001.4632,,,,,,,,,,
2025-342T22:15:20.005,,541.0,500.0,518.0,509.0,516.0,510.0,2048.0,2040.0,2066.0,2061.0
2025-342T22:15:21.005,2001.4632,,,,,,,,,,
2025-342T22:15:26.005,2001.4632,,,,,,,,,,
2025-342T22:15:29.005,,528.0,500.0,518.0,509.0,516.0,510.0,2048.0,2040.0,2066.0,2061.0
2025-342T22:15:32.005,2001.4632,,,,,,,,,,
2025-342T22:15:38.005,,530.0,499.0,518.0,509.0,516.0,510.0,2048.0,2040.0,2066.0,2061.0
2025-342T22:15:39.005,2001.4632,,,,,,,,,,
2025-342T22:15:44.005,2001.4632,,,,,,,,,,
2025-342T22:15:47.005,,532.0,499.0,518.0,509.0,516.0,510.0,2048.0,2040.0,2067.0,2061.0
2025-342T22:15:50.005,2001.4632,,,,,,,,,,
2025-342T22:15:56.005,,548.0,499.0,518.0,509.0,516.0,510.0,2048.0,2040.0,2067.0,2061.0
2025-342T22:15:57.005,2001.4632,,,,,,,,,,
2025-342T22:16:02.005,2001.4632,,,,,,,,,,
2025-342T22:16:05.005,,543.0,500.0,518.0,509.0,516.0,509.0,2048.0,2039.0,2066.0,2061.0
2025-342T22:16:08.005,2001.4632,,,,,,,,,,
2025-342T22:16:14.005,,528.0,499.0,518.0,509.0,516.0,510.0,2048.0,2040.0,2066.0,2061.0
2025-342T22:16:15.004,2001.4632,,,,,,,,,,
2025-342T22:16:20.004,2001.4632,,,,,,,,,,
2025-342T22:16:23.005,,532.0,499.0,518.0,509.0,516.0,510.0,2048.0,2040.0,2066.0,2061.0
2025-342T22:16:26.004,2001.4632,,,,,,,,,,
2025-342T22:16:32.005,,528.0,499.0,518.0,509.0,516.0,510.0,2048.0,2040.0,2066.0,2061.0
2025-342T22:16:33.004,2001.4632,,,,,,,,,,
2025-342T22:16:38.004,2001.4632,,,,,,,,,,
2025-342T22:16:41.005,,532.0,499.0,518.0,509.0,516.0,510.0,2048.0,2040.0,2067.0,2061.0
2025-342T22:16:44.004,2001.4632,,,,,,,,,,
2025-342T22:16:50.005,,540.0,499.0,518.0,509.0,516.0,510.0,2048.0,2040.0,2067.0,2061.0
2025-342T22:16:51.004,2001.4632,,,,,,,,,,
2025-342T22:16:56.004,2001.4632,,,,,,,,,,
2025-342T22:16:59.005,,533.0,500.0,518.0,509.0,516.0,510.0,2048.0,2040.0,2067.0,2061.0
2025-342T22:17:02.004,2001.4632,,,,,,,,,,
2025-342T22:17:08.005,,574.0,499.0,518.0,509.0,516.0,509.0,2048.0,2040.0,2067.0,2061.0
2025-342T22:17:09.004,2001.4632,,,,,,,,,,
2025-342T22:17:14.004,2001.4632,,,,,,,,,,
2025-342T22:17:17.004,,543.0,500.0,518.0,509.0,516.0,510.0,2048.0,2040.0,2066.0,2061.0
2025-342T22:17:20.004,2001.4632,,,,,,,,,,
2025-342T22:17:26.004,,554.0,499.0,518.0,509.0,516.0,510.0,2048.0,2040.0,2067.0,2061.0
2025-342T22:17:27.004,2001.4632,,,,,,,,,,
2025-342T22:17:32.004,2001.4632,,,,,,,,,,
2025-342T22:17:35.004,,533.0,500.0,518.0,509.0,516.0,510.0,2048.0,2040.0,2066.0,2061.0
2025-342T22:17:38.004,2001.4632,,,,,,,,,,
2025-342T22:17:44.004,,566.0,499.0,518.0,509.0,516.0,510.0,2048.0,2040.0,2067.0,2061.0
2025-342T22:17:45.004,2001.4632,,,,,,,,,,
2025-342T22:17:50.004,2001.4632,,,,,,,,,,
2025-342T22:17:53.004,,527.0,500.0,518.0,509.0,516.0,510.0,2048.0,2040.0,2066.0,2061.0
2025-342T22:17:56.004,2001.4632,,,,,,,,,,
2025-342T22:18:02.004,,535.0,500.0,518.0,509.0,516.0,510.0,2048.0,2040.0,2066.0,2061.0
2025-342T22:18:03.004,2001.4632,,,,,,,,,,
2025-342T22:18:08.004,2001.4632,,,,,,,,,,
2025-342T22:18:11.004,,537.0,499.0,518.0,509.0,516.0,510.0,2048.0,2040.0,2067.0,2061.0
2025-342T22:18:14.004,2001.4632,,,,,,,,,,
2025-342T22:18:20.004,,549.0,499.0,518.0,509.0,516.0,510.0,2048.0,2040.0,2066.0,2061.0
2025-342T22:18:21.004,2001.4632,,,,,,,,,,
2025-342T22:18:26.004,2001.4632,,,,,,,,,,
2025-342T22:18:29.004,,529.0,499.0,518.0,509.0,516.0,510.0,2048.0,2040.0,2066.0,2061.0
2025-342T22:18:32.004,2001.4632,,,,,,,,,,
2025-342T22:18:38.004,,537.0,499.0,518.0,509.0,516.0,510.0,2048.0,2040.0,2067.0,2061.0
2025-342T22:18:39.004,2001.4632,,,,,,,,,,
2025-342T22:18:44.004,2001.4632,,,,,,,,,,
2025-342T22:18:47.004,,531.0,500.0,518.0,509.0,516.0,510.0,2048.0,2040.0,2067.0,2061.0
2025-342T22:18:50.003,2001.4632,,,,,,,,,,
2025-342T22:18:56.004,,533.0,500.0,518.0,509.0,516.0,510.0,2048.0,2040.0,2066.0,2061.0
2025-342T22:18:57.003,2001.4632,,,,,,,,,,
2025-342T22:19:02.003,2001.4632,,,,,,,,,,
2025-342T22:19:05.004,,532.0,499.0,518.0,509.0,516.0,510.0,2048.0,2040.0,2066.0,2061.0
2025-342T22:19:08.003,2001.4632,,,,,,,,,,
2025-342T22:19:14.004,,528.0,499.0,518.0,509.0,516.0,510.0,2048.0,2040.0,2066.0,2061.0
2025-342T22:19:15.003,2001.4632,,,,,,,,,,
2025-342T22:19:20.003,2001.4632,,,,,,,,,,
2025-342T22:19:23.004,,535.0,499.0,518.0,509.0,516.0,510.0,2048.0,2040.0,2067.0,2061.0
2025-342T22:19:26.003,2001.4632,,,,,,,,,,
2025-342T22:19:32.004,,540.0,499.0,518.0,509.0,516.0,510.0,2048.0,2040.0,2066.0,2061.0
2025-342T22:19:33.003,2001.4632,,,,,,,,,,
2025-342T22:19:38.003,2001.4632,,,,,,,,,,
2025-342T22:19:41.004,,537.0,499.0,518.0,509.0,516.0,510.0,2048.0,2040.0,2066.0,2061.0
2025-342T22:19:44.003,2001.4632,,,,,,,,,,
2025-342T22:19:50.004,,547.0,500.0,518.0,509.0,516.0,510.0,2048.0,2040.0,2066.0,2061.0
2025-342T22:19:51.003,2001.4632,,,,,,,,,,
2025-342T22:19:56.003,2001.4632,,,,,,,,,,
2025-342T22:19:59.003,,540.0,500.0,518.0,509.0,516.0,510.0,2048.0,2040.0,2066.0,2061.0
2025-342T22:20:02.003,2001.4632,,,,,,,,,,
2025-342T22:20:08.003,,544.0,500.0,518.0,509.0,516.0,509.0,2048.0,2040.0,2066.0,2061.0
2025-342T22:20:09.003,2001.4632,,,,,,,,,,
2025-342T22:20:14.003,2001.4632,,,,,,,,,,
2025-342T22:20:17.003,,545.0,500.0,518.0,509.0,516.0,510.0,2048.0,2040.0,2066.0,2061.0
2025-342T22:20:20.003,2001.4632,,,,,,,,,,
2025-342T22:20:26.003,,534.0,500.0,518.0,509.0,516.0,510.0,2048.0,2040.0,2066.0,2061.0
2025-342T22:20:27.003,2001.4632,,,,,,,,,,
2025-342T22:20:32.003,2001.4632,,,,,,,,,,
2025-342T22:20:35.003,,534.0,500.0,518.0,509.0,516.0,510.0,2048.0,2040.0,2066.0,2061.0
2025-342T22:20:38.003,2001.4632,,,,,,,,,,
2025-342T22:20:44.003,,539.0,499.0,518.0,509.0,516.0,510.0,2048.0,2040.0,2066.0,2061.0
2025-342T22:20:45.003,2001.4632,,,,,,,,,,
2025-342T22:20:50.003,2001.4632,,,,,,,,,,
2025-342T22:20:53.003,,535.0,500.0,518.0,509.0,516.0,510.0,2048.0,2040.0,2066.0,2061.0
2025-342T22:20:56.003,2001.4632,,,,,,,,,,
2025-342T22:21:02.003,,532.0,499.0,518.0,509.0,516.0,510.0,2048.0,2040.0,2067.0,2061.0
2025-342T22:21:03.003,2001.4632,,,,,,,,,,
2025-342T22:21:08.003,2001.4632,,,,,,,,,,
2025-342T22:21:11.003,,539.0,500.0,518.0,509.0,516.0,510.0,2048.0,2040.0,2066.0,2061.0
2025-342T22:21:14.003,2001.4632,,,,,,,,,,
2025-342T22:21:20.003,,538.0,499.0,518.0,509.0,516.0,510.0,2048.0,2040.0,2066.0,2061.0
2025-342T22:21:21.003,2001.4632,,,,,,,,,,
2025-342T22:21:26.002,2001.4632,,,,,,,,,,
2025-342T22:21:29.003,,538.0,500.0,518.0,509.0,516.0,510.0,2048.0,2040.0,2066.0,2061.0
2025-342T22:21:32.002,2001.4632,,,,,,,,,,
2025-342T22:21:38.003,,536.0,500.0,518.0,509.0,516.0,510.0,2048.0,2040.0,2066.0,2061.0
2025-342T22:21:39.002,2001.4632,,,,,,,,,,
2025-342T22:21:44.002,2001.4632,,,,,,,,,,
2025-342T22:21:47.003,,542.0,500.0,518.0,509.0,516.0,510.0,2048.0,2040.0,2066.0,2061.0
2025-342T22:21:50.002,2001.4632,,,,,,,,,,
2025-342T22:21:56.003,,535.0,500.0,518.0,509.0,516.0,510.0,2048.0,2040.0,2066.0,2061.0
2025-342T22:21:57.002,2001.4632,,,,,,,,,,
2025-342T22:22:02.002,2001.4632,,,,,,,,,,
2025-342T22:22:05.003,,530.0,500.0,518.0,509.0,516.0,510.0,2048.0,2040.0,2067.0,2061.0
2025-342T22:22:08.002,2001.4632,,,,,,,,,,
2025-342T22:22:14.003,,535.0,499.0,518.0,509.0,516.0,510.0,2048.0,2040.0,2066.0,2061.0
2025-342T22:22:15.002,2001.4632,,,,,,,,,,
2025-342T22:22:20.002,2001.4632,,,,,,,,,,
2025-342T22:22:23.003,,535.0,500.0,518.0,509.0,516.0,510.0,2048.0,2040.0,2067.0,2061.0
2025-342T22:22:26.002,2001.4632,,,,,,,,,,
2025-342T22:22:32.002,,554.0,500.0,518.0,509.0,516.0,510.0,2048.0,2040.0,2066.0,2061.0
2025-342T22:22:33.002,2001.4632,,,,,,,,,,
2025-342T22:22:38.002,2001.4632,,,,,,,,,,
2025-342T22:22:41.002,,533.0,500.0,518.0,509.0,516.0,510.0,2048.0,2040.0,2066.0,2061.0
2025-342T22:22:44.002,2001.4632,,,,,,,,,,
2025-342T22:22:50.002,,610.0,499.0,518.0,509.0,516.0,510.0,2048.0,2040.0,2066.0,2061.0
2025-342T22:22:51.002,2001.4632,,,,,,,,,,
2025-342T22:22:56.002,2001.4632,,,,,,,,,,
2025-342T22:22:59.002,,535.0,499.0,518.0,509.0,516.0,510.0,2048.0,2040.0,2066.0,2061.0
2025-342T22:23:02.002,2001.4632,,,,,,,,,,
2025-342T22:23:08.002,,555.0,498.0,518.0,509.0,516.0,510.0,2048.0,2040.0,2066.0,2061.0
2025-342T22:23:09.002,2001.4632,,,,,,,,,,
2025-342T22:23:14.002,2001.4632,,,,,,,,,,
2025-342T22:23:17.002,,533.0,499.0,518.0,509.0,516.0,510.0,2048.0,2040.0,2067.0,2061.0
2025-342T22:23:20.002,2001.4632,,,,,,,,,,
2025-342T22:23:26.002,,530.0,499.0,518.0,509.0,516.0,510.0,2048.0,2040.0,2066.0,2061.0
2025-342T22:23:27.002,2001.4632,,,,,,,,,,
2025-342T22:23:32.002,2001.4632,,,,,,,,,,
2025-342T22:23:35.002,,532.0,499.0,518.0,509.0,516.0,510.0,2048.0,2040.0,2066.0,2061.0
2025-342T22:23:38.002,2001.4632,,,,,,,,,,
2025-342T22:23:44.002,,532.0,499.0,518.0,509.0,516.0,510.0,2048.0,2040.0,2066.0,2061.0
2025-342T22:23:45.002,2001.4632,,,,,,,,,,
2025-342T22:23:50.002,2001.4632,,,,,,,,,,
2025-342T22:23:53.002,,538.0,499.0,518.0,509.0,516.0,510.0,2048.0,2040.0,2066.0,2061.0
2025-342T22:23:56.002,2001.4632,,,,,,,,,,
2025-342T22:24:02.002,,537.0,500.0,518.0,509.0,516.0,509.0,2048.0,2040.0,2066.0,2061.0
2025-342T22:24:03.001,2001.4632,,,,,,,,,,
2025-342T22:24:08.001,2001.4632,,,,,,,,,,
2025-342T22:24:11.002,,538.0,499.0,518.0,509.0,516.0,509.0,2048.0,2040.0,2066.0,2061.0
2025-342T22:24:14.001,2001.4632,,,,,,,,,,
2025-342T22:24:20.002,,532.0,500.0,518.0,509.0,516.0,510.0,2048.0,2040.0,2066.0,2061.0
2025-342T22:24:21.001,2001.4632,,,,,,,,,,
2025-342T22:24:26.001,2001.4632,,,,,,,,,,
2025-342T22:24:29.002,,532.0,500.0,518.0,509.0,516.0,510.0,2048.0,2040.0,2067.0,2061.0
2025-342T22:24:32.001,2001.4632,,,,,,,,,,
2025-342T22:24:38.002,,530.0,499.0,518.0,509.0,516.0,510.0,2048.0,2040.0,2067.0,2061.0
2025-342T22:24:39.001,2001.4632,,,,,,,,,,
2025-342T22:24:44.001,2001.4632,,,,,,,,,,
2025-342T22:24:47.002,,539.0,499.0,518.0,509.0,516.0,510.0,2048.0,2040.0,2067.0,2061.0
2025-342T22:24:50.001,2001.4632,,,,,,,,,,
2025-342T22:24:56.002,,535.0,500.0,518.0,509.0,516.0,509.0,2048.0,2040.0,2067.0,2061.0
2025-342T22:24:57.001,2001.4632,,,,,,,,,,
2025-342T22:25:02.001,2001.4632,,,,,,,,,,
2025-342T22:25:05.001,,549.0,499.0,518.0,509.0,516.0,510.0,2048.0,2040.0,2067.0,2061.0
2025-342T22:25:08.001,2001.4632,,,,,,,,,,
2025-342T22:25:14.001,,536.0,499.0,518.0,509.0,516.0,510.0,2048.0,2040.0,2066.0,2061.0
2025-342T22:25:15.001,2001.4632,,,,,,,,,,
2025-342T22:25:20.001,2001.4632,,,,,,,,,,
2025-342T22:25:23.001,,529.0,499.0,518.0,509.0,516.0,510.0,2048.0,2040.0,2067.0,2061.0
2025-342T22:25:26.001,2001.4632,,,,,,,,,,
2025-342T22:25:32.001,,583.0,499.0,518.0,509.0,516.0,510.0,2048.0,2040.0,2067.0,2061.0
2025-342T22:25:33.001,2001.4632,,,,,,,,,,
2025-342T22:25:38.001,2001.4632,,,,,,,,,,
2025-342T22:25:41.001,,535.0,500.0,518.0,509.0,516.0,510.0,2048.0,2040.0,2066.0,2061.0
2025-342T22:25:44.001,2001.4632,,,,,,,,,,
2025-342T22:25:50.001,,533.0,500.0,518.0,509.0,516.0,510.0,2048.0,2040.0,2067.0,2061.0
2025-342T22:25:51.001,2001.4632,,,,,,,,,,
2025-342T22:25:56.001,2001.4632,,,,,,,,,,
2025-342T22:25:59.001,,530.0,499.0,518.0,509.0,516.0,510.0,2048.0,2040.0,2067.0,2061.0
2025-342T22:26:02.001,2001.4632,,,,,,,,,,
2025-342T22:26:08.001,,539.0,499.0,518.0,509.0,516.0,510.0,2048.0,2040.0,2067.0,2061.0
2025-342T22:26:09.001,2001.4632,,,,,,,,,,
2025-342T22:26:14.001,2001.4632,,,,,,,,,,
2025-342T22:26:17.001,,525.0,500.0,518.0,509.0,516.0,510.0,2048.0,2040.0,2067.0,2061.0
2025-342T22:26:20.001,2001.4632,,,,,,,,,,
2025-342T22:26:26.001,,537.0,499.0,518.0,509.0,516.0,510.0,2048.0,2040.0,2066.0,2061.0
2025-342T22:26:27.001,2001.4632,,,,,,,,,,
2025-342T22:26:32.001,2001.4632,,,,,,,,,,
2025-342T22:26:35.001,,534.0,500.0,518.0,509.0,516.0,510.0,2048.0,2040.0,2066.0,2061.0
2025-342T22:26:38.000,2001.4632,,,,,,,,,,
2025-342T22:26:44.001,,533.0,499.0,518.0,509.0,516.0,510.0,2048.0,2040.0,2066.0,2061.0
2025-342T22:26:45.000,2001.4632,,,,,,,,,,
2025-342T22:26:50.000,2001.4632,,,,,,,,,,
2025-342T22:26:53.001,,527.0,499.0,518.0,509.0,516.0,509.0,2048.0,2040.0,2067.0,2061.0
2025-342T22:26:56.000,2001.4632,,,,,,,,,,
2025-342T22:27:02.001,,537.0,499.0,518.0,509.0,516.0,510.0,2048.0,2040.0,2067.0,2061.0
2025-342T22:27:03.000,2001.4632,,,,,,,,,,
2025-342T22:27:08.000,2001.4632,,,,,,,,,,
2025-342T22:27:11.001,,526.0,499.0,518.0,509.0,516.0,510.0,2048.0,2040.0,2067.0,2061.0
2025-342T22:27:14.000,2001.4632,,,,,,,,,,
2025-342T22:27:20.001,,530.0,499.0,518.0,509.0,516.0,510.0,2048.0,2040.0,2066.0,2061.0
2025-342T22:27:21.000,2001.4632,,,,,,,,,,
2025-342T22:27:26.000,2001.4632,,,,,,,,,,
2025-342T22:27:29.001,,553.0,499.0,518.0,509.0,516.0,510.0,2048.0,2039.0,2066.0,2061.0
2025-342T22:27:32.000,2001.4632,,,,,,,,,,
2025-342T22:27:38.000,,546.0,499.0,518.0,509.0,516.0,510.0,2048.0,2040.0,2067.0,2061.0
2025-342T22:27:39.000,2001.4632,,,,,,,,,,
2025-342T22:27:44.000,2001.4632,,,,,,,,,,
2025-342T22:27:47.000,,541.0,499.0,518.0,509.0,516.0,510.0,2048.0,2040.0,2066.0,2061.0
2025-342T22:27:50.000,2001.4632,,,,,,,,,,
2025-342T22:27:56.000,,532.0,498.0,518.0,509.0,516.0,510.0,2048.0,2040.0,2067.0,2061.0
2025-342T22:27:57.000,2001.4632,,,,,,,,,,
2025-342T22:28:02.000,2001.4632,,,,,,,,,,
2025-342T22:28:05.000,,535.0,499.0,518.0,509.0,516.0,510.0,2048.0,2040.0,2066.0,2061.0
2025-342T22:28:08.000,2001.4632,,,,,,,,,,
2025-342T22:28:14.000,,540.0,499.0,518.0,509.0,516.0,510.0,2048.0,2040.0,2066.0,2061.0
2025-342T22:28:15.000,2001.4632,,,,,,,,,,
2025-342T22:28:20.000,2001.4632,,,,,,,,,,
2025-342T22:28:23.000,,544.0,500.0,518.0,509.0,516.0,510.0,2048.0,2040.0,2067.0,2061.0
2025-342T22:28:26.000,2001.4632,,,,,,,,,,
2025-342T22:28:32.000,,540.0,499.0,518.0,509.0,516.0,510.0,2048.0,2040.0,2066.0,2061.0
2025-342T22:28:33.000,2001.4632,,,,,,,,,,
2025-342T22:28:38.000,2001.4632,,,,,,,,,,
2025-342T22:28:41.000,,529.0,499.0,518.0,509.0,516.0,510.0,2048.0,2040.0,2066.0,2061.0
2025-342T22:28:44.000,2001.4632,,,,,,,,,,
2025-342T22:28:50.000,,530.0,499.0,518.0,509.0,516.0,510.0,2048.0,2040.0,2067.0,2061.0
2025-342T22:28:51.000,2001.4632,,,,,,,,,,
2025-342T22:28:56.000,2001.4632,,,,,,,,,,
2025-342T22:28:59.000,,537.0,500.0,518.0,509.0,516.0,509.0,2048.0,2040.0,2066.0,2061.0
2025-342T22:29:02.000,2001.4632,,,,,,,,,,
2025-342T22:29:08.000,,533.0,500.0,518.0,509.0,516.0,510.0,2048.0,2040.0,2067.0,2061.0
2025-342T22:29:08.999,2001.4632,,,,,,,,,,
2025-342T22:29:13.999,2001.4632,,,,,,,,,,
2025-342T22:29:17.000,,545.0,499.0,518.0,509.0,516.0,510.0,2048.0,2040.0,2066.0,2061.0
2025-342T22:29:19.999,2001.4632,,,,,,,,,,
2025-342T22:29:26.000,,547.0,499.0,518.0,509.0,516.0,510.0,2048.0,2040.0,2066.0,2061.0
2025-342T22:29:26.999,2001.4632,,,,,,,,,,
2025-342T22:29:31.999,2001.4632,,,,,,,,,,
2025-342T22:29:35.000,,547.0,499.0,518.0,509.0,516.0,509.0,2048.0,2040.0,2067.0,2061.0
2025-342T22:29:37.999,2001.4632,,,,,,,,,,
2025-342T22:29:44.000,,531.0,499.0,518.0,509.0,516.0,510.0,2048.0,2040.0,2067.0,2061.0
2025-342T22:29:44.999,2001.4632,,,,,,,,,,
2025-342T22:29:49.999,2001.4632,,,,,,,,,,
2025-342T22:29:53.000,,540.0,499.0,518.0,509.0,516.0,509.0,2048.0,2040.0,2066.0,2061.0
2025-342T22:29:55.999,2001.4632,,,,,,,,,,
2025-342T22:30:02.000,,537.0,500.0,518.0,509.0,516.0,510.0,2048.0,2040.0,2066.0,2061.0
2025-342T22:30:02.999,2001.4632,,,,,,,,,,
2025-342T22:30:07.999,2001.4632,,,,,,,,,,
2025-342T22:30:10.999,,542.0,499.0,518.0,509.0,516.0,510.0,2048.0,2040.0,2067.0,2061.0
2025-342T22:30:13.999,2001.4632,,,,,,,,,,
2025-342T22:30:19.999,,539.0,499.0,518.0,509.0,516.0,510.0,2048.0,2040.0,2067.0,2061.0
2025-342T22:30:20.999,2001.4632,,,,,,,,,,
2025-342T22:30:25.999,2001.4632,,,,,,,,,,
2025-342T22:30:28.999,,563.0,499.0,518.0,509.0,516.0,510.0,2048.0,2040.0,2066.0,2061.0
2025-342T22:30:31.999,2001.4632,,,,,,,,,,
2025-342T22:30:37.999,,533.0,499.0,518.0,509.0,516.0,509.0,2048.0,2040.0,2067.0,2061.0
2025-342T22:30:38.999,2001.4632,,,,,,,,,,
2025-342T22:30:43.999,2001.4632,,,,,,,,,,
2025-342T22:30:46.999,,528.0,499.0,518.0,509.0,516.0,510.0,2048.0,2040.0,2066.0,2061.0
2025-342T22:30:49.999,2001.4632,,,,,,,,,,
2025-342T22:30:55.999,,526.0,499.0,518.0,509.0,516.0,510.0,2048.0,2040.0,2066.0,2061.0
2025-342T22:30:56.999,2001.4632,,,,,,,,,,
2025-342T22:31:01.999,2001.4632,,,,,,,,,,
2025-342T22:31:04.999,,530.0,499.0,518.0,509.0,516.0,509.0,2048.0,2040.0,2066.0,2061.0
2025-342T22:31:07.999,2001.4632,,,,,,,,,,
2025-342T22:31:13.999,,551.0,499.0,518.0,509.0,516.0,510.0,2048.0,2040.0,2067.0,2061.0
2025-342T22:31:14.999,2001.4632,,,,,,,,,,
2025-342T22:31:19.999,2001.4632,,,,,,,,,,
2025-342T22:31:22.999,,550.0,499.0,518.0,509.0,516.0,510.0,2048.0,2040.0,2067.0,2061.0
2025-342T22:31:25.999,2001.4632,,,,,,,,,,
2025-342T22:31:31.999,,528.0,500.0,518.0,509.0,516.0,510.0,2048.0,2040.0,2067.0,2061.0
2025-342T22:31:32.999,2001.4632,,,,,,,,,,
2025-342T22:31:37.999,2001.4632,,,,,,,,,,
2025-342T22:31:40.999,,530.0,500.0,518.0,509.0,516.0,510.0,2048.0,2040.0,2067.0,2061.0
2025-342T22:31:43.998,2001.4632,,,,,,,,,,
2025-342T22:31:49.999,,531.0,500.0,518.0,509.0,516.0,510.0,2048.0,2040.0,2066.0,2061.0
2025-342T22:31:50.998,2001.4632,,,,,,,,,,
2025-342T22:31:55.998,2001.4632,,,,,,,,,,
2025-342T22:31:58.999,,535.0,500.0,518.0,509.0,516.0,510.0,2052.0,2037.0,2067.0,2061.0
2025-342T22:32:01.998,2001.4632,,,,,,,,,,
2025-342T22:32:07.999,,541.0,500.0,518.0,509.0,516.0,510.0,2048.0,2040.0,2067.0,2061.0
2025-342T22:32:08.998,2001.4632,,,,,,,,,,
2025-342T22:32:13.998,2001.4632,,,,,,,,,,
2025-342T22:32:16.999,,529.0,499.0,518.0,509.0,516.0,510.0,2048.0,2040.0,2066.0,2061.0
2025-342T22:32:19.998,2001.4632,,,,,,,,,,
2025-342T22:32:25.999,,532.0,499.0,518.0,509.0,516.0,510.0,2048.0,2040.0,2066.0,2061.0
2025-342T22:32:26.998,2001.4632,,,,,,,,,,
2025-342T22:32:31.998,2001.4632,,,,,,,,,,
2025-342T22:32:34.999,,539.0,500.0,518.0,509.0,516.0,510.0,2048.0,2040.0,2066.0,2061.0
2025-342T22:32:37.998,2001.4632,,,,,,,,,,
2025-342T22:32:43.998,,540.0,500.0,518.0,509.0,516.0,510.0,2048.0,2040.0,2067.0,2061.0
2025-342T22:32:44.998,2001.4632,,,,,,,,,,
2025-342T22:32:49.998,2001.4632,,,,,,,,,,
2025-342T22:32:52.998,,532.0,500.0,518.0,509.0,516.0,509.0,2048.0,2040.0,2066.0,2061.0
2025-342T22:32:55.998,2001.4632,,,,,,,,,,
2025-342T22:33:01.998,,533.0,500.0,518.0,509.0,516.0,510.0,2048.0,2040.0,2066.0,2061.0
2025-342T22:33:02.998,2001.4632,,,,,,,,,,
2025-342T22:33:07.998,2001.4632,,,,,,,,,,
2025-342T22:33:10.998,,535.0,499.0,518.0,508.0,516.0,510.0,2048.0,2040.0,2067.0,2061.0
2025-342T22:33:13.998,2001.4632,,,,,,,,,,
2025-342T22:33:19.998,,531.0,499.0,518.0,509.0,516.0,510.0,2048.0,2040.0,2067.0,2061.0
2025-342T22:33:20.998,2001.4632,,,,,,,,,,
2025-342T22:33:25.998,2001.4632,,,,,,,,,,
2025-342T22:33:28.998,,530.0,499.0,518.0,509.0,516.0,510.0,2048.0,2040.0,2067.0,2061.0
2025-342T22:33:31.998,2001.4632,,,,,,,,,,
2025-342T22:33:37.998,,539.0,499.0,518.0,509.0,516.0,510.0,2048.0,2040.0,2067.0,2061.0
2025-342T22:33:38.998,2001.4632,,,,,,,,,,
2025-342T22:33:43.998,2001.4632,,,,,,,,,,
2025-342T22:33:46.998,,553.0,499.0,518.0,509.0,516.0,509.0,2048.0,2040.0,2067.0,2061.0
2025-342T22:33:49.998,2001.4632,,,,,,,,,,
2025-342T22:33:55.998,,558.0,500.0,518.0,509.0,516.0,510.0,2048.0,2040.0,2066.0,2061.0
2025-342T22:33:56.998,2001.4632,,,,,,,,,,
2025-342T22:34:01.998,2001.4632,,,,,,,,,,
2025-342T22:34:04.998,,542.0,499.0,518.0,509.0,516.0,510.0,2048.0,2040.0,2066.0,2061.0
2025-342T22:34:07.998,2001.4632,,,,,,,,,,
2025-342T22:34:13.998,,538.0,499.0,518.0,509.0,516.0,510.0,2048.0,2040.0,2066.0,2061.0
2025-342T22:34:14.998,2001.4632,,,,,,,,,,
2025-342T22:34:19.997,2001.4632,,,,,,,,,,
2025-342T22:34:22.998,,534.0,500.0,518.0,509.0,516.0,510.0,2048.0,2040.0,2067.0,2061.0
2025-342T22:34:25.997,2001.4632,,,,,,,,,,
2025-342T22:34:31.998,,533.0,499.0,518.0,509.0,516.0,510.0,2048.0,2040.0,2067.0,2061.0
2025-342T22:34:32.997,2001.4632,,,,,,,,,,
2025-342T22:34:37.997,2001.4632,,,,,,,,,,
2025-342T22:34:40.998,,529.0,499.0,518.0,509.0,516.0,510.0,2049.0,2040.0,2067.0,2061.0
2025-342T22:34:43.997,2001.4632,,,,,,,,,,
2025-342T22:34:49.998,,525.0,499.0,518.0,509.0,516.0,510.0,2048.0,2040.0,2067.0,2061.0
2025-342T22:34:50.997,2001.4632,,,,,,,,,,
2025-342T22:34:55.997,2001.4632,,,,,,,,,,
2025-342T22:34:58.998,,546.0,500.0,518.0,509.0,516.0,510.0,2048.0,2040.0,2066.0,2061.0
2025-342T22:35:01.997,2001.4632,,,,,,,,,,
2025-342T22:35:07.998,,530.0,499.0,518.0,509.0,516.0,510.0,2048.0,2040.0,2066.0,2061.0
2025-342T22:35:08.997,2001.4632,,,,,,,,,,
2025-342T22:35:13.997,2001.4632,,,,,,,,,,
2025-342T22:35:16.997,,528.0,499.0,518.0,509.0,516.0,510.0,2048.0,2040.0,2067.0,2061.0
2025-342T22:35:19.997,2001.4632,,,,,,,,,,
2025-342T22:35:25.997,,530.0,500.0,518.0,509.0,516.0,510.0,2048.0,2040.0,2066.0,2061.0
2025-342T22:35:26.997,2001.4632,,,,,,,,,,
2025-342T22:35:31.997,2001.4632,,,,,,,,,,
2025-342T22:35:34.997,,528.0,500.0,518.0,509.0,516.0,510.0,2048.0,2040.0,2067.0,2061.0
2025-342T22:35:37.997,2001.4632,,,,,,,,,,
2025-342T22:35:43.997,,698.0,500.0,518.0,509.0,519.0,510.0,2048.0,2040.0,2067.0,2061.0
2025-342T22:35:44.997,2001.4632,,,,,,,,,,
2025-342T22:35:49.997,2001.4632,,,,,,,,,,
2025-342T22:35:52.997,,533.0,500.0,518.0,509.0,516.0,510.0,2048.0,2040.0,2066.0,2061.0
2025-342T22:35:55.997,2001.4632,,,,,,,,,,
2025-342T22:36:01.997,,534.0,499.0,518.0,508.0,516.0,510.0,2048.0,2040.0,2066.0,2061.0
2025-342T22:36:02.997,2001.4632,,,,,,,,,,
2025-342T22:36:07.997,2001.4632,,,,,,,,,,
2025-342T22:36:10.997,,548.0,499.0,518.0,509.0,516.0,510.0,2048.0,2040.0,2066.0,2061.0
2025-342T22:36:13.997,2001.4632,,,,,,,,,,
2025-342T22:36:19.997,,607.0,500.0,518.0,509.0,516.0,510.0,2048.0,2040.0,2067.0,2061.0
2025-342T22:36:20.997,2001.4632,,,,,,,,,,
2025-342T22:36:25.997,2001.4632,,,,,,,,,,
2025-342T22:36:28.997,,547.0,499.0,518.0,509.0,516.0,510.0,2048.0,2040.0,2066.0,2061.0
2025-342T22:36:31.997,2001.4632,,,,,,,,,,
2025-342T22:36:37.997,,544.0,500.0,518.0,509.0,516.0,510.0,2048.0,2040.0,2067.0,2061.0
2025-342T22:36:38.997,2001.4632,,,,,,,,,,
2025-342T22:36:43.997,2001.4632,,,,,,,,,,
2025-342T22:36:46.997,,563.0,499.0,518.0,508.0,516.0,510.0,2048.0,2040.0,2067.0,2061.0
2025-342T22:36:49.996,2001.4632,,,,,,,,,,
2025-342T22:36:55.997,,544.0,500.0,518.0,509.0,516.0,510.0,2048.0,2040.0,2067.0,2061.0
2025-342T22:36:56.996,2001.4632,,,,,,,,,,
2025-342T22:37:01.996,2001.4632,,,,,,,,,,
2025-342T22:37:04.997,,538.0,499.0,518.0,509.0,516.0,510.0,2048.0,2040.0,2067.0,2061.0
2025-342T22:37:07.996,2001.4632,,,,,,,,,,
2025-342T22:37:13.997,,533.0,499.0,518.0,509.0,516.0,510.0,2048.0,2040.0,2067.0,2061.0
2025-342T22:37:14.996,2001.4632,,,,,,,,,,
2025-342T22:37:19.996,2001.4632,,,,,,,,,,
2025-342T22:37:22.997,,547.0,500.0,518.0,509.0,516.0,510.0,2048.0,2040.0,2066.0,2061.0
2025-342T22:37:25.996,2001.4632,,,,,,,,,,
2025-342T22:37:31.997,,525.0,500.0,518.0,509.0,516.0,510.0,2048.0,2040.0,2066.0,2061.0
2025-342T22:37:32.996,2001.4632,,,,,,,,,,
2025-342T22:37:37.996,2001.4632,,,,,,,,,,
2025-342T22:37:40.997,,534.0,500.0,518.0,509.0,516.0,510.0,2048.0,2040.0,2067.0,2061.0
2025-342T22:37:43.996,2001.4632,,,,,,,,,,
2025-342T22:37:49.996,,548.0,499.0,518.0,508.0,516.0,510.0,2048.0,2040.0,2066.0,2061.0
2025-342T22:37:50.996,2001.4632,,,,,,,,,,
2025-342T22:37:55.996,2001.4632,,,,,,,,,,
2025-342T22:37:58.996,,539.0,498.0,518.0,509.0,516.0,510.0,2048.0,2040.0,2066.0,2061.0
2025-342T22:38:01.996,2001.4632,,,,,,,,,,
2025-342T22:38:07.996,,531.0,500.0,518.0,509.0,516.0,510.0,2048.0,2040.0,2067.0,2061.0
2025-342T22:38:08.996,2001.4632,,,,,,,,,,
2025-342T22:38:13.996,2001.4632,,,,,,,,,,
2025-342T22:38:16.996,,531.0,499.0,518.0,509.0,516.0,510.0,2048.0,2040.0,2067.0,2061.0
2025-342T22:38:19.996,2001.4632,,,,,,,,,,
2025-342T22:38:25.996,,547.0,500.0,518.0,509.0,516.0,510.0,2048.0,2040.0,2067.0,2061.0
2025-342T22:38:26.996,2001.4632,,,,,,,,,,
2025-342T22:38:31.996,2001.4632,,,,,,,,,,
2025-342T22:38:34.996,,540.0,500.0,518.0,509.0,516.0,510.0,2048.0,2040.0,2066.0,2061.0
2025-342T22:38:37.996,2001.4632,,,,,,,,,,
2025-342T22:38:43.996,,530.0,500.0,518.0,509.0,516.0,510.0,2048.0,2040.0,2066.0,2061.0
2025-342T22:38:44.996,2001.4632,,,,,,,,,,
2025-342T22:38:49.996,2001.4632,,,,,,,,,,
2025-342T22:38:52.996,,528.0,499.0,518.0,509.0,516.0,510.0,2048.0,2040.0,2066.0,2061.0
2025-342T22:38:55.996,2001.4632,,,,,,,,,,
2025-342T22:39:01.996,,534.0,500.0,518.0,509.0,516.0,510.0,2048.0,2040.0,2067.0,2061.0
2025-342T22:39:02.996,2001.4632,,,,,,,,,,
2025-342T22:39:07.996,2001.4632,,,,,,,,,,
2025-342T22:39:10.996,,532.0,499.0,518.0,509.0,516.0,510.0,2048.0,2040.0,2066.0,2061.0
2025-342T22:39:13.996,2001.4632,,,,,,,,,,
2025-342T22:39:19.996,,533.0,499.0,518.0,509.0,516.0,510.0,2048.0,2040.0,2066.0,2061.0
2025-342T22:39:20.996,2001.4632,,,,,,,,,,
2025-342T22:39:25.995,2001.4632,,,,,,,,,,
2025-342T22:39:28.996,,569.0,500.0,518.0,509.0,516.0,510.0,2048.0,2040.0,2066.0,2061.0
2025-342T22:39:31.995,2001.4632,,,,,,,,,,
2025-342T22:39:37.996,,531.0,500.0,518.0,509.0,516.0,510.0,2048.0,2040.0,2066.0,2061.0
2025-342T22:39:38.995,2001.4632,,,,,,,,,,
2025-342T22:39:43.995,2001.4632,,,,,,,,,,
2025-342T22:39:46.996,,525.0,499.0,518.0,509.0,516.0,510.0,2048.0,2040.0,2067.0,2061.0
2025-342T22:39:49.995,2001.4632,,,,,,,,,,
2025-342T22:39:55.996,,531.0,498.0,518.0,509.0,516.0,509.0,2048.0,2040.0,2067.0,2061.0
2025-342T22:39:56.995,2001.4632,,,,,,,,,,
2025-342T22:40:01.995,2001.4632,,,,,,,,,,
2025-342T22:40:04.996,,544.0,500.0,518.0,509.0,516.0,510.0,2048.0,2040.0,2066.0,2061.0
2025-342T22:40:07.995,2001.4632,,,,,,,,,,
2025-342T22:40:13.996,,545.0,499.0,518.0,509.0,516.0,510.0,2048.0,2040.0,2066.0,2061.0
2025-342T22:40:14.995,2001.4632,,,,,,,,,,
2025-342T22:40:19.995,2001.4632,,,,,,,,,,
2025-342T22:40:22.995,,546.0,500.0,518.0,509.0,516.0,510.0,2048.0,2040.0,2066.0,2061.0
2025-342T22:40:25.995,2001.4632,,,,,,,,,,
2025-342T22:40:31.995,,531.0,499.0,518.0,509.0,516.0,510.0,2048.0,2040.0,2066.0,2061.0
2025-342T22:40:32.995,2001.4632,,,,,,,,,,
2025-342T22:40:37.995,2001.4632,,,,,,,,,,
2025-342T22:40:40.995,,541.0,499.0,518.0,509.0,516.0,510.0,2048.0,2040.0,2067.0,2061.0
2025-342T22:40:43.995,2001.4632,,,,,,,,,,
2025-342T22:40:49.995,,535.0,499.0,518.0,509.0,516.0,510.0,2048.0,2040.0,2067.0,2061.0
2025-342T22:40:50.995,2001.4632,,,,,,,,,,
2025-342T22:40:55.995,2001.4632,,,,,,,,,,
2025-342T22:40:58.995,,550.0,499.0,518.0,509.0,516.0,510.0,2048.0,2040.0,2066.0,2061.0
2025-342T22:41:01.995,2001.4632,,,,,,,,,,
2025-342T22:41:07.995,,533.0,499.0,518.0,509.0,516.0,510.0,2048.0,2040.0,2066.0,2061.0
2025-342T22:41:08.995,2001.4632,,,,,,,,,,
2025-342T22:41:13.995,2001.4632,,,,,,,,,,
2025-342T22:41:16.995,,532.0,499.0,518.0,509.0,516.0,510.0,2048.0,2040.0,2067.0,2061.0
2025-342T22:41:19.995,2001.4632,,,,,,,,,,
2025-342T22:41:25.995,,539.0,499.0,518.0,509.0,516.0,510.0,2048.0,2040.0,2066.0,2061.0
2025-342T22:41:26.995,2001.4632,,,,,,,,,,
2025-342T22:41:31.995,2001.4632,,,,,,,,,,
2025-342T22:41:34.995,,531.0,499.0,518.0,509.0,516.0,510.0,2048.0,2040.0,2066.0,2061.0
2025-342T22:41:37.995,2001.4632,,,,,,,,,,
2025-342T22:41:43.995,,525.0,499.0,518.0,509.0,516.0,510.0,2048.0,2040.0,2067.0,2061.0
2025-342T22:41:44.995,2001.4632,,,,,,,,,,
2025-342T22:41:49.995,2001.4632,,,,,,,,,,
2025-342T22:41:52.995,,534.0,500.0,518.0,509.0,516.0,510.0,2048.0,2040.0,2066.0,2061.0
2025-342T22:41:55.995,2001.4632,,,,,,,,,,
2025-342T22:42:01.995,,530.0,499.0,518.0,509.0,516.0,510.0,2048.0,2040.0,2066.0,2061.0
2025-342T22:42:02.994,2001.4632,,,,,,,,,,
2025-342T22:42:07.994,2001.4632,,,,,,,,,,
2025-342T22:42:10.995,,550.0,499.0,518.0,509.0,516.0,510.0,2048.0,2040.0,2066.0,2061.0
2025-342T22:42:13.994,2001.4632,,,,,,,,,,
2025-342T22:42:19.995,,537.0,499.0,518.0,509.0,516.0,510.0,2048.0,2040.0,2066.0,2061.0
2025-342T22:42:20.994,2001.4632,,,,,,,,,,
2025-342T22:42:25.994,2001.4632,,,,,,,,,,
2025-342T22:42:28.995,,549.0,499.0,518.0,509.0,516.0,510.0,2048.0,2040.0,2067.0,2061.0
2025-342T22:42:31.994,2001.4632,,,,,,,,,,
2025-342T22:42:37.995,,547.0,499.0,518.0,509.0,516.0,510.0,2048.0,2040.0,2066.0,2061.0
2025-342T22:42:38.994,2001.4632,,,,,,,,,,
2025-342T22:42:43.994,2001.4632,,,,,,,,,,
2025-342T22:42:46.995,,528.0,500.0,518.0,509.0,516.0,510.0,2048.0,2040.0,2066.0,2061.0
2025-342T22:42:49.994,2001.4632,,,,,,,,,,
2025-342T22:42:55.995,,524.0,499.0,518.0,509.0,516.0,509.0,2048.0,2040.0,2066.0,2061.0
2025-342T22:42:56.994,2001.4632,,,,,,,,,,
2025-342T22:43:01.994,2001.4632,,,,,,,,,,
2025-342T22:43:04.994,,528.0,500.0,518.0,509.0,516.0,510.0,2048.0,2040.0,2066.0,2061.0
2025-342T22:43:07.994,2001.4632,,,,,,,,,,
2025-342T22:43:13.994,,532.0,500.0,518.0,509.0,516.0,510.0,2048.0,2040.0,2066.0,2061.0
2025-342T22:43:14.994,2001.4632,,,,,,,,,,
2025-342T22:43:19.994,2001.4632,,,,,,,,,,
2025-342T22:43:22.994,,547.0,500.0,518.0,509.0,516.0,510.0,2048.0,2040.0,2066.0,2061.0
2025-342T22:43:25.994,2001.4632,,,,,,,,,,
2025-342T22:43:31.994,,530.0,499.0,518.0,509.0,516.0,510.0,2048.0,2040.0,2066.0,2061.0
2025-342T22:43:32.994,2001.4632,,,,,,,,,,
2025-342T22:43:37.994,2001.4632,,,,,,,,,,
2025-342T22:43:40.994,,529.0,500.0,518.0,509.0,516.0,510.0,2048.0,2039.0,2066.0,2061.0
2025-342T22:43:43.994,2001.4632,,,,,,,,,,
2025-342T22:43:49.994,,533.0,500.0,518.0,509.0,516.0,510.0,2048.0,2040.0,2066.0,2061.0
2025-342T22:43:50.994,2001.4632,,,,,,,,,,
2025-342T22:43:55.994,2001.4632,,,,,,,,,,
2025-342T22:43:58.994,,534.0,499.0,518.0,509.0,516.0,510.0,2048.0,2040.0,2066.0,2061.0
2025-342T22:44:01.994,2001.4632,,,,,,,,,,
2025-342T22:44:07.994,,535.0,499.0,518.0,509.0,516.0,510.0,2048.0,2040.0,2067.0,2061.0
2025-342T22:44:08.994,2001.4632,,,,,,,,,,
2025-342T22:44:13.994,2001.4632,,,,,,,,,,
2025-342T22:44:16.994,,532.0,499.0,518.0,509.0,516.0,510.0,2048.0,2040.0,2066.0,2061.0
2025-342T22:44:19.994,2001.4632,,,,,,,,,,
2025-342T22:44:25.994,,535.0,499.0,518.0,509.0,516.0,510.0,2048.0,2040.0,2066.0,2061.0
2025-342T22:44:26.994,2001.4632,,,,,,,,,,
2025-342T22:44:31.993,2001.4632,,,,,,,,,,
2025-342T22:44:34.994,,542.0,499.0,518.0,509.0,516.0,510.0,2048.0,2040.0,2067.0,2061.0
2025-342T22:44:37.993,2001.4632,,,,,,,,,,
2025-342T22:44:43.994,,526.0,499.0,518.0,509.0,516.0,510.0,2048.0,2040.0,2066.0,2061.0
2025-342T22:44:44.993,2001.4632,,,,,,,,,,
2025-342T22:44:49.993,2001.4632,,,,,,,,,,
2025-342T22:44:52.994,,540.0,500.0,518.0,509.0,516.0,509.0,2048.0,2040.0,2067.0,2061.0
2025-342T22:44:55.993,2001.4632,,,,,,,,,,
2025-342T22:45:01.994,,540.0,499.0,518.0,509.0,516.0,510.0,2048.0,2040.0,2067.0,2061.0
2025-342T22:45:02.993,2001.4632,,,,,,,,,,
2025-342T22:45:07.993,2001.4632,,,,,,,,,,
2025-342T22:45:10.994,,534.0,499.0,518.0,509.0,516.0,510.0,2048.0,2040.0,2066.0,2061.0
2025-342T22:45:13.993,2001.4632,,,,,,,,,,
2025-342T22:45:19.994,,541.0,499.0,518.0,509.0,516.0,510.0,2048.0,2040.0,2066.0,2061.0
2025-342T22:45:20.993,2001.4632,,,,,,,,,,
2025-342T22:45:25.993,2001.4632,,,,,,,,,,
2025-342T22:45:28.994,,532.0,499.0,518.0,509.0,516.0,510.0,2048.0,2040.0,2067.0,2061.0
2025-342T22:45:31.993,2001.4632,,,,,,,,,,
2025-342T22:45:37.993,,535.0,500.0,518.0,509.0,516.0,509.0,2048.0,2040.0,2067.0,2061.0
2025-342T22:45:38.993,2001.4632,,,,,,,,,,
2025-342T22:45:43.993,2001.4632,,,,,,,,,,
2025-342T22:45:46.993,,531.0,500.0,518.0,509.0,516.0,509.0,2048.0,2040.0,2066.0,2061.0
2025-342T22:45:49.993,2001.4632,,,,,,,,,,
2025-342T22:45:55.993,,548.0,499.0,518.0,509.0,516.0,510.0,2048.0,2040.0,2066.0,2061.0
2025-342T22:45:56.993,2001.4632,,,,,,,,,,
2025-342T22:46:01.993,2001.4632,,,,,,,,,,
2025-342T22:46:04.993,,535.0,500.0,518.0,509.0,516.0,510.0,2048.0,2040.0,2066.0,2061.0
2025-342T22:46:07.993,2001.4632,,,,,,,,,,
2025-342T22:46:13.993,,527.0,498.0,518.0,509.0,516.0,510.0,2048.0,2040.0,2066.0,2061.0
2025-342T22:46:14.993,2001.4632,,,,,,,,,,
2025-342T22:46:19.993,2001.4632,,,,,,,,,,
2025-342T22:46:22.993,,547.0,500.0,518.0,509.0,516.0,510.0,2048.0,2040.0,2066.0,2061.0
2025-342T22:46:25.993,2001.4632,,,,,,,,,,
2025-342T22:46:31.993,,538.0,499.0,518.0,509.0,516.0,510.0,2048.0,2040.0,2066.0,2061.0
2025-342T22:46:32.993,2001.4632,,,,,,,,,,
2025-342T22:46:37.993,2001.4632,,,,,,,,,,
2025-342T22:46:40.993,,529.0,499.0,518.0,508.0,516.0,510.0,2049.0,2040.0,2066.0,2061.0
2025-342T22:46:43.993,2001.4632,,,,,,,,,,
2025-342T22:46:49.993,,532.0,499.0,518.0,509.0,516.0,510.0,2049.0,2039.0,2066.0,2061.0
2025-342T22:46:50.993,2001.4632,,,,,,,,,,
2025-342T22:46:55.993,2001.4632,,,,,,,,,,
2025-342T22:46:58.993,,535.0,499.0,518.0,509.0,516.0,510.0,2048.0,2040.0,2066.0,2061.0
2025-342T22:47:01.993,2001.4632,,,,,,,,,,
2025-342T22:47:07.993,,529.0,499.0,518.0,509.0,516.0,510.0,2048.0,2039.0,2067.0,2061.0
2025-342T22:47:08.992,2001.4632,,,,,,,,,,
2025-342T22:47:13.992,2001.4632,,,,,,,,,,
2025-342T22:47:16.993,,547.0,500.0,518.0,509.0,516.0,510.0,2048.0,2040.0,2067.0,2061.0
2025-342T22:47:19.992,2001.4632,,,,,,,,,,
2025-342T22:47:25.993,,528.0,499.0,518.0,509.0,516.0,510.0,2048.0,2040.0,2066.0,2061.0
2025-342T22:47:26.992,2001.4632,,,,,,,,,,
2025-342T22:47:31.992,2001.4632,,,,,,,,,,
2025-342T22:47:34.993,,527.0,500.0,518.0,509.0,516.0,510.0,2048.0,2040.0,2066.0,2061.0
2025-342T22:47:37.992,2001.4632,,,,,,,,,,
2025-342T22:47:43.993,,543.0,500.0,518.0,509.0,516.0,510.0,2048.0,2040.0,2066.0,2061.0
2025-342T22:47:44.992,2001.4632,,,,,,,,,,
2025-342T22:47:49.992,2001.4632,,,,,,,,,,
2025-342T22:47:52.993,,534.0,500.0,518.0,509.0,516.0,509.0,2048.0,2040.0,2067.0,2061.0
2025-342T22:47:55.992,2001.4632,,,,,,,,,,
2025-342T22:48:01.993,,528.0,500.0,518.0,509.0,516.0,510.0,2048.0,2040.0,2066.0,2061.0
2025-342T22:48:02.992,2001.4632,,,,,,,,,,
2025-342T22:48:07.992,2001.4632,,,,,,,,,,
2025-342T22:48:10.992,,537.0,499.0,518.0,509.0,516.0,509.0,2048.0,2040.0,2066.0,2061.0
2025-342T22:48:13.992,2001.4632,,,,,,,,,,
2025-342T22:48:19.992,,529.0,499.0,518.0,509.0,516.0,510.0,2048.0,2040.0,2067.0,2061.0
2025-342T22:48:20.992,2001.4632,,,,,,,,,,
2025-342T22:48:25.992,2001.4632,,,,,,,,,,
2025-342T22:48:28.992,,531.0,499.0,518.0,509.0,516.0,510.0,2048.0,2040.0,2067.0,2061.0
2025-342T22:48:31.992,2001.4632,,,,,,,,,,
2025-342T22:48:37.992,,537.0,500.0,518.0,509.0,516.0,510.0,2048.0,2040.0,2066.0,2061.0
2025-342T22:48:38.992,2001.4632,,,,,,,,,,
2025-342T22:48:43.992,2001.4632,,,,,,,,,,
2025-342T22:48:46.992,,535.0,500.0,518.0,509.0,516.0,510.0,2048.0,2040.0,2066.0,2061.0
2025-342T22:48:49.992,2001.4632,,,,,,,,,,
2025-342T22:48:55.992,,547.0,499.0,518.0,509.0,516.0,510.0,2048.0,2040.0,2067.0,2061.0
2025-342T22:48:56.992,2001.4632,,,,,,,,,,
2025-342T22:49:01.992,2001.4632,,,,,,,,,,
2025-342T22:49:04.992,,544.0,499.0,518.0,509.0,516.0,510.0,2048.0,2040.0,2066.0,2061.0
2025-342T22:49:07.992,2001.4632,,,,,,,,,,
2025-342T22:49:13.992,,532.0,500.0,518.0,509.0,516.0,510.0,2048.0,2040.0,2066.0,2061.0
2025-342T22:49:14.992,2001.4632,,,,,,,,,,
2025-342T22:49:19.992,2001.4632,,,,,,,,,,
2025-342T22:49:22.992,,535.0,499.0,518.0,509.0,516.0,510.0,2048.0,2040.0,2066.0,2060.0
2025-342T22:49:25.992,2001.4632,,,,,,,,,,
2025-342T22:49:31.992,,536.0,500.0,518.0,509.0,516.0,510.0,2048.0,2040.0,2066.0,2061.0
2025-342T22:49:32.992,2001.4632,,,,,,,,,,
2025-342T22:49:37.992,2001.4632,,,,,,,,,,
2025-342T22:49:40.992,,540.0,499.0,518.0,509.0,516.0,510.0,2048.0,2040.0,2066.0,2061.0
2025-342T22:49:43.991,2001.4632,,,,,,,,,,
2025-342T22:49:49.992,,528.0,499.0,518.0,509.0,516.0,510.0,2048.0,2040.0,2067.0,2061.0
2025-342T22:49:50.991,2001.4632,,,,,,,,,,
2025-342T22:49:55.991,2001.4632,,,,,,,,,,
2025-342T22:49:58.992,,527.0,499.0,518.0,509.0,516.0,510.0,2048.0,2040.0,2066.0,2061.0
2025-342T22:50:01.991,2001.4632,,,,,,,,,,
2025-342T22:50:07.992,,529.0,499.0,518.0,509.0,516.0,510.0,2048.0,2040.0,2066.0,2061.0
2025-342T22:50:08.991,2001.4632,,,,,,,,,,
2025-342T22:50:13.991,2001.4632,,,,,,,,,,
2025-342T22:50:16.992,,530.0,500.0,518.0,509.0,516.0,510.0,2048.0,2040.0,2067.0,2061.0
2025-342T22:50:19.991,2001.4632,,,,,,,,,,
2025-342T22:50:25.992,,539.0,500.0,518.0,509.0,516.0,510.0,2048.0,2040.0,2067.0,2061.0
2025-342T22:50:26.991,2001.4632,,,,,,,,,,
2025-342T22:50:31.991,2001.4632,,,,,,,,,,
2025-342T22:50:34.992,,536.0,499.0,518.0,509.0,516.0,510.0,2048.0,2040.0,2067.0,2061.0
2025-342T22:50:37.991,2001.4632,,,,,,,,,,
2025-342T22:50:43.991,,540.0,500.0,518.0,509.0,516.0,510.0,2048.0,2040.0,2067.0,2061.0
2025-342T22:50:44.991,2001.4632,,,,,,,,,,
2025-342T22:50:49.991,2001.4632,,,,,,,,,,
2025-342T22:50:52.991,,532.0,499.0,518.0,509.0,516.0,510.0,2048.0,2040.0,2066.0,2061.0
2025-342T22:50:55.991,2001.4632,,,,,,,,,,
2025-342T22:51:01.991,,531.0,500.0,518.0,509.0,516.0,510.0,2048.0,2040.0,2066.0,2061.0
2025-342T22:51:02.991,2001.4632,,,,,,,,,,
2025-342T22:51:07.991,2001.4632,,,,,,,,,,
2025-342T22:51:10.991,,528.0,500.0,518.0,509.0,516.0,510.0,2048.0,2040.0,2066.0,2061.0
2025-342T22:51:13.991,2001.4632,,,,,,,,,,
2025-342T22:51:19.991,,535.0,499.0,518.0,509.0,516.0,510.0,2048.0,2040.0,2066.0,2061.0
2025-342T22:51:20.991,2001.4632,,,,,,,,,,
2025-342T22:51:25.991,2001.4632,,,,,,,,,,
2025-342T22:51:28.991,,537.0,500.0,518.0,509.0,516.0,510.0,2048.0,2040.0,2066.0,2061.0
2025-342T22:51:31.991,2001.4632,,,,,,,,,,
2025-342T22:51:37.991,,542.0,500.0,518.0,509.0,516.0,510.0,2049.0,2040.0,2067.0,2061.0
2025-342T22:51:38.991,2001.4632,,,,,,,,,,
2025-342T22:51:43.991,2001.4632,,,,,,,,,,
2025-342T22:51:46.991,,535.0,500.0,518.0,509.0,516.0,510.0,2048.0,2040.0,2066.0,2061.0
2025-342T22:51:49.991,2001.4632,,,,,,,,,,
2025-342T22:51:55.991,,527.0,500.0,518.0,509.0,516.0,510.0,2048.0,2040.0,2066.0,2061.0
2025-342T22:51:56.991,2001.4632,,,,,,,,,,
2025-342T22:52:01.991,2001.4632,,,,,,,,,,
2025-342T22:52:04.991,,543.0,499.0,518.0,509.0,516.0,510.0,2048.0,2040.0,2066.0,2061.0
2025-342T22:52:07.991,2001.4632,,,,,,,,,,
2025-342T22:52:13.991,,547.0,499.0,518.0,509.0,516.0,510.0,2048.0,2040.0,2066.0,2061.0
2025-342T22:52:14.991,2001.4632,,,,,,,,,,
2025-342T22:52:19.990,2001.4632,,,,,,,,,,
2025-342T22:52:22.991,,538.0,500.0,518.0,509.0,516.0,510.0,2048.0,2040.0,2066.0,2061.0
2025-342T22:52:25.990,2001.4632,,,,,,,,,,
2025-342T22:52:31.991,,540.0,499.0,518.0,509.0,516.0,509.0,2048.0,2040.0,2066.0,2061.0
2025-342T22:52:32.990,2001.4632,,,,,,,,,,
2025-342T22:52:37.990,2001.4632,,,,,,,,,,
2025-342T22:52:40.991,,529.0,499.0,518.0,509.0,516.0,510.0,2048.0,2040.0,2066.0,2061.0
2025-342T22:52:43.990,2001.4632,,,,,,,,,,
2025-342T22:52:49.991,,541.0,500.0,518.0,509.0,516.0,509.0,2048.0,2040.0,2066.0,2061.0
2025-342T22:52:50.990,2001.4632,,,,,,,,,,
2025-342T22:52:55.990,2001.4632,,,,,,,,,,
2025-342T22:52:58.991,,534.0,500.0,518.0,509.0,516.0,510.0,2048.0,2040.0,2066.0,2061.0
2025-342T22:53:01.990,2001.4632,,,,,,,,,,
2025-342T22:53:07.991,,539.0,500.0,518.0,509.0,516.0,510.0,2048.0,2040.0,2067.0,2061.0
2025-342T22:53:08.990,2001.4632,,,,,,,,,,
2025-342T22:53:13.990,2001.4632,,,,,,,,,,
2025-342T22:53:16.990,,542.0,499.0,518.0,509.0,516.0,510.0,2048.0,2040.0,2066.0,2061.0
2025-342T22:53:19.990,2001.4632,,,,,,,,,,
2025-342T22:53:25.990,,539.0,499.0,518.0,509.0,516.0,510.0,2048.0,2040.0,2066.0,2061.0
2025-342T22:53:26.990,2001.4632,,,,,,,,,,
2025-342T22:53:31.990,2001.4632,,,,,,,,,,
2025-342T22:53:34.990,,531.0,500.0,518.0,509.0,516.0,510.0,2048.0,2040.0,2067.0,2061.0
2025-342T22:53:37.990,2001.4632,,,,,,,,,,
2025-342T22:53:43.990,,545.0,499.0,518.0,509.0,516.0,509.0,2048.0,2040.0,2067.0,2061.0
2025-342T22:53:44.990,2001.4632,,,,,,,,,,
2025-342T22:53:49.990,2001.4632,,,,,,,,,,
2025-342T22:53:52.990,,534.0,499.0,518.0,509.0,516.0,509.0,2048.0,2040.0,2066.0,2061.0
2025-342T22:53:55.990,2001.4632,,,,,,,,,,
2025-342T22:54:01.990,,533.0,500.0,518.0,509.0,516.0,509.0,2048.0,2040.0,2066.0,2061.0
2025-342T22:54:02.990,2001.4632,,,,,,,,,,
2025-342T22:54:07.990,2001.4632,,,,,,,,,,
2025-342T22:54:10.990,,539.0,500.0,518.0,509.0,516.0,510.0,2048.0,2040.0,2066.0,2061.0
2025-342T22:54:13.990,2001.4632,,,,,,,,,,
2025-342T22:54:19.990,,537.0,499.0,518.0,509.0,516.0,510.0,2048.0,2040.0,2066.0,2061.0
2025-342T22:54:20.990,2001.4632,,,,,,,,,,
2025-342T22:54:25.990,2001.4632,,,,,,,,,,
2025-342T22:54:28.990,,537.0,500.0,518.0,509.0,516.0,510.0,2048.0,2040.0,2066.0,2061.0
2025-342T22:54:31.990,2001.4632,,,,,,,,,,
2025-342T22:54:37.990,,543.0,499.0,518.0,509.0,516.0,510.0,2048.0,2040.0,2066.0,2061.0
2025-342T22:54:38.990,2001.4632,,,,,,,,,,
2025-342T22:54:43.990,2001.4632,,,,,,,,,,
2025-342T22:54:46.990,,572.0,499.0,518.0,509.0,516.0,510.0,2048.0,2040.0,2066.0,2061.0
2025-342T22:54:49.990,2001.4632,,,,,,,,,,
2025-342T22:54:55.990,,554.0,499.0,518.0,509.0,516.0,510.0,2048.0,2040.0,2066.0,2061.0
2025-342T22:54:56.989,2001.4632,,,,,,,,,,
2025-342T22:55:01.989,2001.4632,,,,,,,,,,
2025-342T22:55:04.990,,539.0,499.0,518.0,509.0,516.0,510.0,2048.0,2040.0,2066.0,2061.0
2025-342T22:55:07.989,2001.4632,,,,,,,,,,
2025-342T22:55:13.990,,549.0,500.0,518.0,509.0,516.0,510.0,2048.0,2040.0,2066.0,2061.0
2025-342T22:55:14.989,2001.4632,,,,,,,,,,
2025-342T22:55:19.989,2001.4632,,,,,,,,,,
2025-342T22:55:22.990,,533.0,500.0,518.0,509.0,516.0,510.0,2048.0,2040.0,2066.0,2061.0
2025-342T22:55:25.989,2001.4632,,,,,,,,,,
2025-342T22:55:31.990,,536.0,499.0,518.0,509.0,516.0,510.0,2048.0,2040.0,2066.0,2061.0
2025-342T22:55:32.989,2001.4632,,,,,,,,,,
2025-342T22:55:37.989,2001.4632,,,,,,,,,,
2025-342T22:55:40.990,,539.0,500.0,518.0,509.0,516.0,510.0,2048.0,2040.0,2066.0,2061.0
2025-342T22:55:43.989,2001.4632,,,,,,,,,,
2025-342T22:55:49.989,,526.0,500.0,518.0,509.0,516.0,509.0,2048.0,2040.0,2067.0,2061.0
2025-342T22:55:50.989,2001.4632,,,,,,,,,,
2025-342T22:55:55.989,2001.4632,,,,,,,,,,
2025-342T22:55:58.989,,538.0,499.0,518.0,509.0,516.0,510.0,2048.0,2040.0,2067.0,2061.0
2025-342T22:56:01.989,2001.4632,,,,,,,,,,
2025-342T22:56:07.989,,538.0,499.0,518.0,509.0,516.0,510.0,2048.0,2040.0,2067.0,2061.0
2025-342T22:56:08.989,2001.4632,,,,,,,,,,
2025-342T22:56:13.989,2001.4632,,,,,,,,,,
2025-342T22:56:16.989,,1023.0,167.0,518.0,509.0,602.0,495.0,2965.0,1992.0,2074.0,2061.0
2025-342T22:56:19.989,2001.4632,,,,,,,,,,
2025-342T22:56:25.989,,541.0,499.0,518.0,509.0,516.0,510.0,2048.0,2040.0,2066.0,2061.0
2025-342T22:56:26.989,2001.4632,,,,,,,,,,
2025-342T22:56:31.989,2001.4632,,,,,,,,,,
2025-342T22:56:34.989,,534.0,499.0,518.0,509.0,516.0,510.0,2048.0,2040.0,2067.0,2061.0
2025-342T22:56:37.989,2001.4632,,,,,,,,,,
2025-342T22:56:43.989,,535.0,499.0,518.0,509.0,516.0,510.0,2048.0,2040.0,2066.0,2061.0
2025-342T22:56:44.989,2001.4632,,,,,,,,,,
2025-342T22:56:49.989,2001.4632,,,,,,,,,,
2025-342T22:56:52.989,,537.0,500.0,518.0,509.0,516.0,510.0,2048.0,2040.0,2066.0,2061.0
2025-342T22:56:55.989,2001.4632,,,,,,,,,,
2025-342T22:57:01.989,,536.0,500.0,518.0,509.0,516.0,510.0,2048.0,2040.0,2066.0,2061.0
2025-342T22:57:02.989,2001.4632,,,,,,,,,,
2025-342T22:57:07.989,2001.4632,,,,,,,,,,
2025-342T22:57:10.989,,535.0,499.0,518.0,509.0,516.0,509.0,2048.0,2040.0,2066.0,2061.0
2025-342T22:57:13.989,2001.4632,,,,,,,,,,
2025-342T22:57:19.989,,532.0,500.0,518.0,509.0,516.0,510.0,2048.0,2040.0,2066.0,2061.0
2025-342T22:57:20.989,2001.4632,,,,,,,,,,
2025-342T22:57:25.988,2001.4632,,,,,,,,,,
2025-342T22:57:28.989,,531.0,499.0,518.0,509.0,516.0,510.0,2048.0,2040.0,2066.0,2061.0
2025-342T22:57:31.988,2001.4632,,,,,,,,,,
2025-342T22:57:37.989,,532.0,499.0,518.0,509.0,516.0,510.0,2048.0,2040.0,2066.0,2061.0
2025-342T22:57:38.988,2001.4632,,,,,,,,,,
2025-342T22:57:43.988,2001.4632,,,,,,,,,,
2025-342T22:57:46.989,,535.0,499.0,518.0,509.0,516.0,510.0,2048.0,2040.0,2066.0,2061.0
2025-342T22:57:49.988,2001.4632,,,,,,,,,,
2025-342T22:57:55.989,,526.0,499.0,518.0,509.0,516.0,510.0,2048.0,2040.0,2066.0,2061.0
2025-342T22:57:56.988,2001.4632,,,,,,,,,,
2025-342T22:58:01.988,2001.4632,,,,,,,,,,
2025-342T22:58:04.989,,569.0,500.0,518.0,509.0,516.0,510.0,2048.0,2040.0,2066.0,2061.0
2025-342T22:58:07.988,2001.4632,,,,,,,,,,
2025-342T22:58:13.989,,533.0,500.0,518.0,509.0,516.0,510.0,2048.0,2040.0,2066.0,2061.0
2025-342T22:58:14.988,2001.4632,,,,,,,,,,
2025-342T22:58:19.988,2001.4632,,,,,,,,,,
2025-342T22:58:22.988,,538.0,500.0,518.0,509.0,516.0,510.0,2048.0,2040.0,2066.0,2061.0
2025-342T22:58:25.988,2001.4632,,,,,,,,,,
2025-342T22:58:31.988,,539.0,499.0,518.0,509.0,516.0,510.0,2048.0,2040.0,2067.0,2061.0
2025-342T22:58:32.988,2001.4632,,,,,,,,,,
2025-342T22:58:37.988,2001.4632,,,,,,,,,,
2025-342T22:58:40.988,,533.0,500.0,518.0,509.0,516.0,510.0,2048.0,2040.0,2067.0,2061.0
2025-342T22:58:43.988,2001.4632,,,,,,,,,,
2025-342T22:58:49.988,,534.0,498.0,518.0,509.0,516.0,510.0,2048.0,2040.0,2066.0,2061.0
2025-342T22:58:50.988,2001.4632,,,,,,,,,,
2025-342T22:58:55.988,2001.4632,,,,,,,,,,
2025-342T22:58:58.988,,541.0,500.0,518.0,509.0,516.0,510.0,2048.0,2040.0,2066.0,2061.0
2025-342T22:59:01.988,2001.4632,,,,,,,,,,
2025-342T22:59:07.988,,547.0,499.0,518.0,509.0,516.0,510.0,2048.0,2040.0,2066.0,2061.0
2025-342T22:59:08.988,2001.4632,,,,,,,,,,
2025-342T22:59:13.988,2001.4632,,,,,,,,,,
2025-342T22:59:16.988,,538.0,499.0,518.0,509.0,516.0,509.0,2048.0,2040.0,2066.0,2061.0
2025-342T22:59:19.988,2001.4632,,,,,,,,,,
2025-342T22:59:25.988,,530.0,500.0,518.0,509.0,516.0,510.0,2048.0,2040.0,2066.0,2060.0
2025-342T22:59:26.988,2001.4632,,,,,,,,,,
2025-342T22:59:31.988,2001.4632,,,,,,,,,,
2025-342T22:59:34.988,,530.0,499.0,518.0,509.0,516.0,510.0,2048.0,2040.0,2066.0,2061.0
2025-342T22:59:37.988,2001.4632,,,,,,,,,,
2025-342T22:59:43.988,,538.0,500.0,518.0,509.0,516.0,510.0,2048.0,2040.0,2066.0,2061.0
2025-342T22:59:44.988,2001.4632,,,,,,,,,,
2025-342T22:59:49.988,2001.4632,,,,,,,,,,
2025-342T22:59:52.988,,529.0,499.0,518.0,509.0,516.0,509.0,2051.0,2037.0,2066.0,2061.0
2025-342T22:59:55.988,2001.4632,,,,,,,,,,
2025-342T23:00:01.988,,551.0,499.0,518.0,509.0,516.0,509.0,2048.0,2040.0,2066.0,2061.0
2025-342T23:00:02.987,2001.4632,,,,,,,,,,
2025-342T23:00:07.987,2001.4632,,,,,,,,,,
2025-342T23:00:10.988,,541.0,499.0,518.0,509.0,516.0,510.0,2048.0,2040.0,2066.0,2061.0
2025-342T23:00:13.987,2001.4632,,,,,,,,,,
2025-342T23:00:19.988,,532.0,500.0,518.0,509.0,516.0,509.0,2048.0,2040.0,2067.0,2061.0
2025-342T23:00:20.987,2001.4632,,,,,,,,,,
2025-342T23:00:25.987,2001.4632,,,,,,,,,,
2025-342T23:00:28.988,,530.0,499.0,518.0,509.0,516.0,509.0,2048.0,2040.0,2067.0,2061.0
2025-342T23:00:31.987,2001.4632,,,,,,,,,,
2025-342T23:00:37.988,,526.0,500.0,518.0,509.0,516.0,510.0,2048.0,2040.0,2067.0,2061.0
2025-342T23:00:38.987,2001.4632,,,,,,,,,,
2025-342T23:00:43.987,2001.4632,,,,,,,,,,
2025-342T23:00:46.988,,532.0,499.0,518.0,509.0,516.0,509.0,2048.0,2040.0,2066.0,2061.0
2025-342T23:00:49.987,2001.4632,,,,,,,,,,
2025-342T23:00:55.988,,546.0,499.0,518.0,509.0,516.0,510.0,2048.0,2040.0,2066.0,2061.0
2025-342T23:00:56.987,2001.4632,,,,,,,,,,
2025-342T23:01:01.987,2001.4632,,,,,,,,,,
2025-342T23:01:04.987,,536.0,500.0,518.0,509.0,516.0,510.0,2048.0,2040.0,2066.0,2061.0
2025-342T23:01:07.987,2001.4632,,,,,,,,,,
2025-342T23:01:13.987,,552.0,499.0,518.0,509.0,516.0,510.0,2048.0,2040.0,2066.0,2061.0
2025-342T23:01:14.987,2001.4632,,,,,,,,,,
2025-342T23:01:19.987,2001.4632,,,,,,,,,,
2025-342T23:01:22.987,,538.0,499.0,518.0,509.0,516.0,510.0,2048.0,2040.0,2066.0,2061.0
2025-342T23:01:25.987,2001.4632,,,,,,,,,,
2025-342T23:01:31.987,,530.0,499.0,518.0,509.0,516.0,509.0,2048.0,2040.0,2066.0,2061.0
2025-342T23:01:32.987,2001.4632,,,,,,,,,,
2025-342T23:01:37.987,2001.4632,,,,,,,,,,
2025-342T23:01:40.987,,530.0,499.0,518.0,509.0,516.0,510.0,2048.0,2040.0,2067.0,2061.0
2025-342T23:01:43.987,2001.4632,,,,,,,,,,
2025-342T23:01:49.987,,531.0,499.0,518.0,509.0,516.0,509.0,2048.0,2040.0,2066.0,2061.0
2025-342T23:01:50.987,2001.4632,,,,,,,,,,
2025-342T23:01:55.987,2001.4632,,,,,,,,,,
2025-342T23:01:58.987,,533.0,499.0,518.0,509.0,516.0,510.0,2048.0,2040.0,2067.0,2061.0
2025-342T23:02:01.987,2001.4632,,,,,,,,,,
2025-342T23:02:07.987,,543.0,499.0,518.0,509.0,516.0,509.0,2048.0,2040.0,2066.0,2061.0
2025-342T23:02:08.987,2001.4632,,,,,,,,,,
2025-342T23:02:13.987,2001.4632,,,,,,,,,,
2025-342T23:02:16.987,,539.0,499.0,518.0,509.0,516.0,509.0,2048.0,2040.0,2067.0,2061.0
2025-342T23:02:19.987,2001.4632,,,,,,,,,,
2025-342T23:02:25.987,,534.0,500.0,518.0,509.0,516.0,510.0,2048.0,2040.0,2066.0,2061.0
2025-342T23:02:26.987,2001.4632,,,,,,,,,,
2025-342T23:02:31.987,2001.4632,,,,,,,,,,
2025-342T23:02:34.987,,542.0,498.0,518.0,509.0,516.0,510.0,2048.0,2040.0,2067.0,2061.0
2025-342T23:02:37.986,2001.4632,,,,,,,,,,
2025-342T23:02:43.987,,561.0,499.0,518.0,509.0,516.0,510.0,2048.0,2040.0,2066.0,2061.0
2025-342T23:02:44.986,2001.4632,,,,,,,,,,
2025-342T23:02:49.986,2001.4632,,,,,,,,,,
2025-342T23:02:52.987,,534.0,499.0,518.0,509.0,516.0,510.0,2048.0,2040.0,2067.0,2061.0
2025-342T23:02:55.986,2001.4632,,,,,,,,,,
2025-342T23:03:01.987,,564.0,499.0,518.0,509.0,516.0,509.0,2048.0,2040.0,2066.0,2061.0
2025-342T23:03:02.986,2001.4632,,,,,,,,,,
2025-342T23:03:07.986,2001.4632,,,,,,,,,,
2025-342T23:03:10.987,,554.0,499.0,518.0,509.0,516.0,510.0,2048.0,2040.0,2066.0,2061.0
2025-342T23:03:13.986,2001.4632,,,,,,,,,,
2025-342T23:03:19.987,,530.0,499.0,518.0,509.0,516.0,510.0,2048.0,2040.0,2067.0,2061.0
2025-342T23:03:20.986,2001.4632,,,,,,,,,,
2025-342T23:03:25.986,2001.4632,,,,,,,,,,
2025-342T23:03:28.987,,532.0,500.0,518.0,509.0,516.0,510.0,2048.0,2040.0,2067.0,2061.0
2025-342T23:03:31.986,2001.4632,,,,,,,,,,
2025-342T23:03:37.986,,535.0,500.0,518.0,509.0,516.0,510.0,2048.0,2040.0,2067.0,2061.0
2025-342T23:03:38.986,2001.4632,,,,,,,,,,
2025-342T23:03:43.986,2001.4632,,,,,,,,,,
2025-342T23:03:46.986,,571.0,500.0,518.0,509.0,516.0,510.0,2048.0,2040.0,2067.0,2061.0
2025-342T23:03:49.986,2001.4632,,,,,,,,,,
2025-342T23:03:55.986,,524.0,500.0,518.0,509.0,516.0,510.0,2048.0,2040.0,2066.0,2061.0
2025-342T23:03:56.986,2001.4632,,,,,,,,,,
2025-342T23:04:01.986,2001.4632,,,,,,,,,,
2025-342T23:04:04.986,,532.0,500.0,518.0,509.0,516.0,510.0,2048.0,2040.0,2067.0,2061.0
2025-342T23:04:07.986,2001.4632,,,,,,,,,,
2025-342T23:04:13.986,,541.0,500.0,518.0,509.0,516.0,510.0,2048.0,2040.0,2067.0,2061.0
2025-342T23:04:14.986,2001.4632,,,,,,,,,,
2025-342T23:04:19.986,2001.4632,,,,,,,,,,
2025-342T23:04:22.986,,525.0,499.0,518.0,509.0,516.0,510.0,2048.0,2040.0,2067.0,2061.0
2025-342T23:04:25.986,2001.4632,,,,,,,,,,
2025-342T23:04:31.986,,540.0,500.0,518.0,509.0,516.0,509.0,2048.0,2040.0,2066.0,2061.0
2025-342T23:04:32.986,2001.4632,,,,,,,,,,
2025-342T23:04:37.986,2001.4632,,,,,,,,,,
2025-342T23:04:40.986,,541.0,499.0,518.0,509.0,516.0,510.0,2048.0,2040.0,2066.0,2061.0
2025-342T23:04:43.986,2001.4632,,,,,,,,,,
2025-342T23:04:49.986,,536.0,500.0,518.0,509.0,516.0,509.0,2048.0,2040.0,2066.0,2061.0
2025-342T23:04:50.986,2001.4632,,,,,,,,,,
2025-342T23:04:55.986,2001.4632,,,,,,,,,,
2025-342T23:04:58.986,,536.0,499.0,518.0,509.0,516.0,510.0,2048.0,2040.0,2066.0,2061.0
2025-342T23:05:01.986,2001.4632,,,,,,,,,,
2025-342T23:05:07.986,,526.0,500.0,518.0,509.0,516.0,510.0,2048.0,2040.0,2066.0,2061.0
2025-342T23:05:08.985,2001.4632,,,,,,,,,,
2025-342T23:05:13.985,2001.4632,,,,,,,,,,
2025-342T23:05:16.986,,536.0,499.0,518.0,508.0,516.0,510.0,2048.0,2040.0,2066.0,2061.0
2025-342T23:05:19.985,2001.4632,,,,,,,,,,
2025-342T23:05:25.986,,564.0,499.0,518.0,509.0,516.0,510.0,2048.0,2040.0,2066.0,2061.0
2025-342T23:05:26.985,2001.4632,,,,,,,,,,
2025-342T23:05:31.985,2001.4632,,,,,,,,,,
2025-342T23:05:34.986,,530.0,499.0,518.0,509.0,516.0,510.0,2048.0,2040.0,2067.0,2061.0
2025-342T23:05:37.985,2001.4632,,,,,,,,,,
2025-342T23:05:43.986,,541.0,499.0,518.0,509.0,516.0,510.0,2048.0,2040.0,2067.0,2061.0
2025-342T23:05:44.985,2001.4632,,,,,,,,,,
2025-342T23:05:49.985,2001.4632,,,,,,,,,,
2025-342T23:05:52.986,,533.0,500.0,518.0,509.0,516.0,510.0,2048.0,2040.0,2066.0,2061.0
2025-342T23:05:55.985,2001.4632,,,,,,,,,,
2025-342T23:06:01.986,,540.0,499.0,518.0,509.0,516.0,510.0,2048.0,2040.0,2066.0,2061.0
2025-342T23:06:02.985,2001.4632,,,,,,,,,,
2025-342T23:06:07.985,2001.4632,,,,,,,,,,
2025-342T23:06:10.985,,529.0,499.0,518.0,509.0,516.0,510.0,2048.0,2040.0,2066.0,2061.0
2025-342T23:06:13.985,2001.4632,,,,,,,,,,
2025-342T23:06:19.985,,529.0,500.0,518.0,509.0,516.0,510.0,2048.0,2040.0,2067.0,2061.0
2025-342T23:06:20.985,2001.4632,,,,,,,,,,
2025-342T23:06:25.985,2001.4632,,,,,,,,,,
2025-342T23:06:28.985,,532.0,499.0,518.0,509.0,516.0,510.0,2048.0,2040.0,2066.0,2061.0
2025-342T23:06:31.985,2001.4632,,,,,,,,,,
2025-342T23:06:37.985,,531.0,499.0,518.0,509.0,516.0,510.0,2048.0,2040.0,2066.0,2061.0
2025-342T23:06:38.985,2001.4632,,,,,,,,,,
2025-342T23:06:43.985,2001.4632,,,,,,,,,,
2025-342T23:06:46.985,,529.0,500.0,518.0,509.0,516.0,510.0,2048.0,2040.0,2066.0,2060.0
2025-342T23:06:49.985,2001.4632,,,,,,,,,,
2025-342T23:06:55.985,,533.0,500.0,518.0,509.0,516.0,510.0,2048.0,2040.0,2066.0,2061.0
2025-342T23:06:56.985,2001.4632,,,,,,,,,,
2025-342T23:07:01.985,2001.4632,,,,,,,,,,
2025-342T23:07:04.985,,529.0,499.0,518.0,509.0,516.0,510.0,2048.0,2040.0,2067.0,2061.0
2025-342T23:07:07.985,2001.4632,,,,,,,,,,
2025-342T23:07:13.985,,536.0,499.0,518.0,509.0,516.0,510.0,2048.0,2040.0,2066.0,2061.0
2025-342T23:07:14.985,2001.4632,,,,,,,,,,
2025-342T23:07:19.985,2001.4632,,,,,,,,,,
2025-342T23:07:22.985,,541.0,499.0,518.0,509.0,516.0,510.0,2048.0,2040.0,2066.0,2061.0
2025-342T23:07:25.985,2001.4632,,,,,,,,,,
2025-342T23:07:31.985,,534.0,500.0,518.0,509.0,516.0,510.0,2048.0,2040.0,2067.0,2061.0
2025-342T23:07:32.985,2001.4632,,,,,,,,,,
2025-342T23:07:37.985,2001.4632,,,,,,,,,,
2025-342T23:07:40.985,,529.0,499.0,518.0,509.0,516.0,510.0,2048.0,2040.0,2066.0,2061.0
2025-342T23:07:43.984,2001.4632,,,,,,,,,,
2025-342T23:07:49.985,,538.0,498.0,518.0,509.0,516.0,510.0,2048.0,2040.0,2067.0,2061.0
2025-342T23:07:50.984,2001.4632,,,,,,,,,,
2025-342T23:07:55.984,2001.4632,,,,,,,,,,
2025-342T23:07:58.985,,542.0,500.0,518.0,509.0,516.0,510.0,2048.0,2040.0,2066.0,2061.0
2025-342T23:08:01.984,2001.4632,,,,,,,,,,
2025-342T23:08:07.985,,539.0,498.0,518.0,509.0,516.0,509.0,2048.0,2040.0,2066.0,2061.0
2025-342T23:08:08.984,2001.4632,,,,,,,,,,
2025-342T23:08:13.984,2001.4632,,,,,,,,,,
2025-342T23:08:16.985,,537.0,500.0,518.0,509.0,516.0,510.0,2048.0,2040.0,2066.0,2061.0
2025-342T23:08:19.984,2001.4632,,,,,,,,,,
2025-342T23:08:25.985,,528.0,499.0,518.0,509.0,516.0,510.0,2048.0,2040.0,2067.0,2061.0
2025-342T23:08:26.984,2001.4632,,,,,,,,,,
2025-342T23:08:31.984,2001.4632,,,,,,,,,,
2025-342T23:08:34.985,,536.0,499.0,518.0,509.0,516.0,509.0,2048.0,2040.0,2067.0,2061.0
2025-342T23:08:37.984,2001.4632,,,,,,,,,,
2025-342T23:08:43.984,,529.0,499.0,518.0,509.0,516.0,510.0,2048.0,2040.0,2067.0,2061.0
2025-342T23:08:44.984,2001.4632,,,,,,,,,,
2025-342T23:08:49.984,2001.4632,,,,,,,,,,
2025-342T23:08:52.984,,528.0,500.0,518.0,509.0,516.0,510.0,2048.0,2040.0,2066.0,2061.0
2025-342T23:08:55.984,2001.4632,,,,,,,,,,
2025-342T23:09:01.984,,527.0,499.0,518.0,509.0,516.0,509.0,2048.0,2040.0,2066.0,2061.0
2025-342T23:09:02.984,2001.4632,,,,,,,,,,
2025-342T23:09:07.984,2001.4632,,,,,,,,,,
2025-342T23:09:10.984,,531.0,499.0,518.0,509.0,516.0,509.0,2048.0,2040.0,2067.0,2061.0
2025-342T23:09:13.984,2001.4632,,,,,,,,,,
2025-342T23:09:19.984,,560.0,500.0,518.0,509.0,516.0,510.0,2048.0,2040.0,2066.0,2061.0
2025-342T23:09:20.984,2001.4632,,,,,,,,,,
2025-342T23:09:25.984,2001.4632,,,,,,,,,,
2025-342T23:09:28.984,,527.0,500.0,518.0,509.0,516.0,510.0,2048.0,2039.0,2067.0,2061.0
2025-342T23:09:31.984,2001.4632,,,,,,,,,,
2025-342T23:09:37.984,,568.0,500.0,518.0,509.0,516.0,509.0,2048.0,2040.0,2066.0,2061.0
2025-342T23:09:38.984,2001.4632,,,,,,,,,,
2025-342T23:09:43.984,2001.4632,,,,,,,,,,
2025-342T23:09:46.984,,536.0,500.0,518.0,509.0,516.0,510.0,2048.0,2040.0,2066.0,2061.0
2025-342T23:09:49.984,2001.4632,,,,,,,,,,
2025-342T23:09:55.984,,530.0,500.0,518.0,509.0,516.0,510.0,2048.0,2040.0,2067.0,2061.0
2025-342T23:09:56.984,2001.4632,,,,,,,,,,
2025-342T23:10:01.984,2001.4632,,,,,,,,,,
2025-342T23:10:04.984,,543.0,499.0,518.0,508.0,516.0,510.0,2048.0,2039.0,2067.0,2061.0
2025-342T23:10:07.984,2001.4632,,,,,,,,,,
2025-342T23:10:13.984,,534.0,500.0,518.0,509.0,516.0,510.0,2048.0,2040.0,2067.0,2061.0
2025-342T23:10:14.983,2001.4632,,,,,,,,,,
2025-342T23:10:19.983,2001.4632,,,,,,,,,,
2025-342T23:10:22.984,,533.0,499.0,518.0,509.0,516.0,510.0,2048.0,2040.0,2067.0,2061.0
2025-342T23:10:25.983,2001.4632,,,,,,,,,,
2025-342T23:10:31.984,,527.0,499.0,518.0,509.0,516.0,510.0,2048.0,2040.0,2067.0,2061.0
2025-342T23:10:32.983,2001.4632,,,,,,,,,,
2025-342T23:10:37.983,2001.4632,,,,,,,,,,
2025-342T23:10:40.984,,536.0,500.0,518.0,509.0,516.0,510.0,2048.0,2040.0,2067.0,2061.0
2025-342T23:10:43.983,2001.4632,,,,,,,,,,
2025-342T23:10:49.984,,536.0,500.0,518.0,509.0,516.0,510.0,2048.0,2040.0,2067.0,2061.0
2025-342T23:10:50.983,2001.4632,,,,,,,,,,
2025-342T23:19:55.980,2001.4632,,,,,,,,,,
2025-342T23:19:58.980,,543.0,500.0,518.0,509.0,516.0,510.0,2048.0,2040.0,2066.0,2061.0
2025-342T23:20:01.980,2001.4632,,,,,,,,,,
2025-342T23:20:07.980,,528.0,499.0,518.0,509.0,516.0,510.0,2048.0,2040.0,2066.0,2061.0
2025-342T23:20:08.980,2001.4632,,,,,,,,,,
2025-342T23:20:13.980,2001.4632,,,,,,,,,,
2025-342T23:20:16.980,,527.0,499.0,518.0,509.0,516.0,510.0,2048.0,2040.0,2066.0,2061.0
2025-342T23:20:19.980,2001.4632,,,,,,,,,,
2025-342T23:20:25.980,,529.0,500.0,518.0,509.0,516.0,510.0,2048.0,2039.0,2066.0,2061.0
2025-342T23:20:26.980,2001.4632,,,,,,,,,,
2025-342T23:20:31.980,2001.4632,,,,,,,,,,
2025-342T23:20:34.980,,533.0,499.0,518.0,509.0,516.0,510.0,2048.0,2040.0,2067.0,2061.0
2025-342T23:20:37.979,2001.4632,,,,,,,,,,
2025-342T23:20:43.980,,545.0,500.0,518.0,509.0,516.0,510.0,2048.0,2040.0,2066.0,2061.0
2025-342T23:20:44.979,2001.4632,,,,,,,,,,
2025-342T23:20:49.979,2001.4632,,,,,,,,,,
2025-342T23:20:52.980,,538.0,500.0,518.0,509.0,516.0,510.0,2048.0,2040.0,2066.0,2061.0
2025-342T23:20:55.979,2001.4632,,,,,,,,,,
2025-342T23:21:01.980,,526.0,499.0,518.0,509.0,516.0,510.0,2048.0,2040.0,2067.0,2061.0
2025-342T23:21:02.979,2001.4632,,,,,,,,,,
2025-342T23:21:07.979,2001.4632,,,,,,,,,,
2025-342T23:21:10.980,,527.0,499.0,518.0,509.0,516.0,510.0,2048.0,2040.0,2066.0,2061.0
2025-342T23:21:13.979,2001.4632,,,,,,,,,,
2025-342T23:21:19.980,,534.0,500.0,518.0,509.0,516.0,510.0,2048.0,2040.0,2066.0,2061.0
2025-342T23:21:20.979,2001.4632,,,,,,,,,,
2025-342T23:21:25.979,2001.4632,,,,,,,,,,
2025-342T23:21:28.980,,527.0,499.0,518.0,509.0,516.0,509.0,2048.0,2040.0,2066.0,2061.0
2025-342T23:21:31.979,2001.4632,,,,,,,,,,
2025-342T23:21:37.979,,537.0,500.0,518.0,509.0,516.0,510.0,2048.0,2040.0,2066.0,2061.0
2025-342T23:21:38.979,2001.4632,,,,,,,,,,
2025-342T23:21:43.979,2001.4632,,,,,,,,,,
2025-342T23:21:46.979,,530.0,499.0,518.0,509.0,516.0,510.0,2048.0,2040.0,2067.0,2061.0
2025-342T23:21:49.979,2001.4632,,,,,,,,,,
2025-342T23:21:55.979,,527.0,499.0,518.0,509.0,516.0,510.0,2048.0,2040.0,2067.0,2061.0
2025-342T23:21:56.979,2001.4632,,,,,,,,,,
2025-342T23:22:01.979,2001.4632,,,,,,,,,,
2025-342T23:22:04.979,,524.0,500.0,518.0,509.0,516.0,510.0,2048.0,2040.0,2066.0,2061.0
2025-342T23:22:07.979,2001.4632,,,,,,,,,,
2025-342T23:22:13.979,,531.0,499.0,518.0,509.0,516.0,510.0,2048.0,2040.0,2066.0,2061.0
2025-342T23:22:14.979,2001.4632,,,,,,,,,,
2025-342T23:22:19.979,2001.4632,,,,,,,,,,
2025-342T23:22:22.979,,530.0,499.0,518.0,509.0,516.0,510.0,2048.0,2040.0,2067.0,2061.0
2025-342T23:22:25.979,2001.4632,,,,,,,,,,
2025-342T23:22:31.979,,530.0,499.0,518.0,509.0,516.0,510.0,2048.0,2040.0,2066.0,2061.0
2025-342T23:22:32.979,2001.4632,,,,,,,,,,
2025-342T23:22:37.979,2001.4632,,,,,,,,,,
2025-342T23:22:40.979,,533.0,499.0,518.0,509.0,516.0,510.0,2048.0,2040.0,2066.0,2061.0
2025-342T23:22:43.979,2001.4632,,,,,,,,,,
2025-342T23:22:49.979,,538.0,500.0,518.0,509.0,516.0,510.0,2048.0,2040.0,2066.0,2061.0
2025-342T23:22:50.979,2001.4632,,,,,,,,,,
2025-342T23:22:55.979,2001.4632,,,,,,,,,,
2025-342T23:22:58.979,,534.0,499.0,518.0,509.0,516.0,510.0,2048.0,2040.0,2066.0,2061.0
2025-342T23:23:01.979,2001.4632,,,,,,,,,,
2025-342T23:23:07.979,,527.0,499.0,518.0,509.0,516.0,510.0,2048.0,2040.0,2066.0,2061.0
2025-342T23:23:08.978,2001.4632,,,,,,,,,,
2025-342T23:23:13.978,2001.4632,,,,,,,,,,
2025-342T23:23:16.979,,533.0,500.0,518.0,509.0,516.0,510.0,2048.0,2040.0,2066.0,2061.0
2025-342T23:23:19.978,2001.4632,,,,,,,,,,
2025-342T23:23:25.979,,529.0,499.0,518.0,509.0,516.0,510.0,2048.0,2040.0,2067.0,2061.0
2025-342T23:23:26.978,2001.4632,,,,,,,,,,
2025-342T23:23:31.978,2001.4632,,,,,,,,,,
2025-342T23:23:34.979,,546.0,500.0,518.0,509.0,516.0,510.0,2048.0,2040.0,2067.0,2061.0
2025-342T23:23:37.978,2001.4632,,,,,,,,,,
2025-342T23:23:43.979,,530.0,499.0,518.0,509.0,516.0,510.0,2048.0,2040.0,2066.0,2061.0
2025-342T23:23:44.978,2001.4632,,,,,,,,,,
2025-342T23:23:49.978,2001.4632,,,,,,,,,,
2025-342T23:23:52.979,,530.0,500.0,518.0,509.0,516.0,509.0,2048.0,2040.0,2066.0,2061.0
2025-342T23:23:55.978,2001.4632,,,,,,,,,,
2025-342T23:24:01.979,,529.0,500.0,518.0,509.0,516.0,510.0,2048.0,2040.0,2067.0,2061.0
2025-342T23:24:02.978,2001.4632,,,,,,,,,,
2025-342T23:24:07.978,2001.4632,,,,,,,,,,
2025-342T23:24:10.978,,531.0,500.0,518.0,509.0,516.0,510.0,2048.0,2040.0,2066.0,2061.0
2025-342T23:24:13.978,2001.4632,,,,,,,,,,
2025-342T23:24:19.978,,528.0,499.0,518.0,509.0,516.0,510.0,2048.0,2040.0,2066.0,2061.0
2025-342T23:24:20.978,2001.4632,,,,,,,,,,
2025-342T23:24:25.978,2001.4632,,,,,,,,,,
2025-342T23:24:28.978,,535.0,499.0,518.0,509.0,516.0,510.0,2048.0,2040.0,2066.0,2061.0
2025-342T23:24:31.978,2001.4632,,,,,,,,,,
2025-342T23:24:37.978,,531.0,500.0,518.0,509.0,516.0,510.0,2048.0,2040.0,2066.0,2061.0
2025-342T23:24:38.978,2001.4632,,,,,,,,,,
2025-342T23:24:43.978,2001.4632,,,,,,,,,,
2025-342T23:24:46.978,,540.0,499.0,518.0,509.0,516.0,510.0,2048.0,2040.0,2066.0,2061.0
2025-342T23:24:49.978,2001.4632,,,,,,,,,,
2025-342T23:24:55.978,,526.0,499.0,518.0,508.0,516.0,510.0,2048.0,2040.0,2067.0,2061.0
2025-342T23:24:56.978,2001.4632,,,,,,,,,,
2025-342T23:25:01.978,2001.4632,,,,,,,,,,
2025-342T23:25:04.978,,556.0,500.0,518.0,509.0,516.0,510.0,2048.0,2040.0,2066.0,2061.0
2025-342T23:25:07.978,2001.4632,,,,,,,,,,
2025-342T23:25:13.978,,531.0,499.0,518.0,509.0,516.0,510.0,2048.0,2040.0,2067.0,2061.0
2025-342T23:25:14.978,2001.4632,,,,,,,,,,
2025-342T23:25:19.978,2001.4632,,,,,,,,,,
2025-342T23:25:22.978,,554.0,499.0,518.0,509.0,516.0,510.0,2048.0,2040.0,2067.0,2061.0
2025-342T23:25:25.978,2001.4632,,,,,,,,,,
2025-342T23:25:31.978,,529.0,499.0,518.0,509.0,516.0,510.0,2048.0,2040.0,2067.0,2061.0
2025-342T23:25:32.978,2001.4632,,,,,,,,,,
2025-342T23:25:37.978,2001.4632,,,,,,,,,,
2025-342T23:25:40.978,,551.0,499.0,518.0,509.0,516.0,510.0,2048.0,2040.0,2066.0,2061.0
2025-342T23:25:43.977,2001.4632,,,,,,,,,,
2025-342T23:25:49.978,,530.0,500.0,518.0,509.0,516.0,510.0,2048.0,2040.0,2066.0,2061.0
2025-342T23:25:50.977,2001.4632,,,,,,,,,,
2025-342T23:25:55.977,2001.4632,,,,,,,,,,
2025-342T23:25:58.978,,537.0,500.0,518.0,509.0,516.0,509.0,2048.0,2040.0,2066.0,2061.0
2025-342T23:26:01.977,2001.4632,,,,,,,,,,
2025-342T23:26:07.978,,529.0,499.0,518.0,509.0,516.0,510.0,2048.0,2039.0,2067.0,2061.0
2025-342T23:26:08.977,2001.4632,,,,,,,,,,
2025-342T23:26:13.977,2001.4632,,,,,,,,,,
2025-342T23:26:16.978,,543.0,499.0,518.0,509.0,516.0,510.0,2048.0,2040.0,2066.0,2061.0
2025-342T23:26:19.977,2001.4632,,,,,,,,,,
2025-342T23:26:25.978,,539.0,499.0,518.0,509.0,516.0,509.0,2048.0,2040.0,2067.0,2061.0
2025-342T23:26:26.977,2001.4632,,,,,,,,,,
2025-342T23:26:31.977,2001.4632,,,,,,,,,,
2025-342T23:26:34.978,,558.0,500.0,518.0,509.0,516.0,510.0,2048.0,2040.0,2066.0,2061.0
2025-342T23:26:37.977,2001.4632,,,,,,,,,,
2025-342T23:26:43.977,,558.0,499.0,518.0,509.0,516.0,510.0,2048.0,2040.0,2066.0,2061.0
2025-342T23:26:44.977,2001.4632,,,,,,,,,,
2025-342T23:26:49.977,2001.4632,,,,,,,,,,
2025-342T23:26:52.977,,540.0,500.0,518.0,509.0,516.0,510.0,2048.0,2040.0,2067.0,2061.0
2025-342T23:26:55.977,2001.4632,,,,,,,,,,
2025-342T23:27:01.977,,534.0,499.0,518.0,509.0,516.0,510.0,2048.0,2039.0,2066.0,2061.0
2025-342T23:27:02.977,2001.4632,,,,,,,,,,
2025-342T23:27:07.977,2001.4632,,,,,,,,,,
2025-342T23:27:10.977,,541.0,500.0,518.0,509.0,516.0,510.0,2048.0,2040.0,2066.0,2061.0
2025-342T23:27:13.977,2001.4632,,,,,,,,,,
2025-342T23:27:19.977,,537.0,500.0,518.0,509.0,516.0,510.0,2048.0,2040.0,2066.0,2061.0
2025-342T23:27:20.977,2001.4632,,,,,,,,,,
2025-342T23:27:25.977,2001.4632,,,,,,,,,,
2025-342T23:27:28.977,,537.0,500.0,518.0,509.0,516.0,510.0,2048.0,2040.0,2066.0,2061.0
2025-342T23:27:31.977,2001.4632,,,,,,,,,,
2025-342T23:27:37.977,,536.0,499.0,518.0,509.0,516.0,510.0,2048.0,2040.0,2066.0,2061.0
2025-342T23:27:38.977,2001.4632,,,,,,,,,,
2025-342T23:27:43.977,2001.4632,,,,,,,,,,
2025-342T23:27:46.977,,526.0,500.0,518.0,509.0,516.0,510.0,2048.0,2040.0,2066.0,2061.0
2025-342T23:27:49.977,2001.4632,,,,,,,,,,
2025-342T23:27:55.977,,532.0,500.0,518.0,509.0,516.0,510.0,2048.0,2040.0,2067.0,2061.0
2025-342T23:27:56.977,2001.4632,,,,,,,,,,
2025-342T23:28:01.977,2001.4632,,,,,,,,,,
2025-342T23:28:04.977,,535.0,499.0,518.0,509.0,516.0,510.0,2048.0,2040.0,2067.0,2061.0
2025-342T23:28:07.977,2001.4632,,,,,,,,,,
2025-342T23:28:13.977,,543.0,500.0,518.0,509.0,516.0,510.0,2048.0,2040.0,2066.0,2061.0
2025-342T23:28:14.977,2001.4632,,,,,,,,,,
2025-342T23:28:19.976,2001.4632,,,,,,,,,,
2025-342T23:28:22.977,,529.0,500.0,518.0,509.0,516.0,510.0,2048.0,2040.0,2066.0,2061.0
2025-342T23:28:25.976,2001.4632,,,,,,,,,,
2025-342T23:28:31.977,,553.0,499.0,518.0,509.0,516.0,510.0,2048.0,2040.0,2066.0,2061.0
2025-342T23:28:32.976,2001.4632,,,,,,,,,,
2025-342T23:28:37.976,2001.4632,,,,,,,,,,
2025-342T23:28:40.977,,531.0,499.0,518.0,509.0,516.0,510.0,2048.0,2040.0,2066.0,2061.0
2025-342T23:28:43.976,2001.4632,,,,,,,,,,
2025-342T23:28:49.977,,525.0,500.0,518.0,509.0,516.0,510.0,2048.0,2040.0,2067.0,2061.0
2025-342T23:28:50.976,2001.4632,,,,,,,,,,
2025-342T23:28:55.976,2001.4632,,,,,,,,,,
2025-342T23:28:58.977,,543.0,500.0,518.0,509.0,516.0,509.0,2048.0,2040.0,2066.0,2061.0
2025-342T23:29:01.976,2001.4632,,,,,,,,,,
2025-342T23:29:07.977,,543.0,500.0,518.0,509.0,516.0,510.0,2048.0,2040.0,2066.0,2061.0
2025-342T23:29:08.976,2001.4632,,,,,,,,,,
2025-342T23:29:13.976,2001.4632,,,,,,,,,,
2025-342T23:29:16.976,,535.0,499.0,518.0,509.0,516.0,510.0,2048.0,2040.0,2066.0,2061.0
2025-342T23:29:19.976,2001.4632,,,,,,,,,,
2025-342T23:29:25.976,,541.0,499.0,518.0,509.0,516.0,510.0,2048.0,2040.0,2066.0,2061.0
2025-342T23:29:26.976,2001.4632,,,,,,,,,,
2025-342T23:29:31.976,2001.4632,,,,,,,,,,
2025-342T23:29:34.976,,531.0,499.0,518.0,509.0,516.0,510.0,2048.0,2040.0,2067.0,2061.0
2025-342T23:29:37.976,2001.4632,,,,,,,,,,
2025-342T23:29:43.976,,524.0,499.0,518.0,509.0,516.0,510.0,2051.0,2037.0,2066.0,2061.0
2025-342T23:29:44.976,2001.4632,,,,,,,,,,
2025-342T23:29:49.976,2001.4632,,,,,,,,,,
2025-342T23:29:52.976,,533.0,499.0,518.0,509.0,516.0,510.0,2048.0,2040.0,2066.0,2061.0
2025-342T23:29:55.976,2001.4632,,,,,,,,,,
2025-342T23:30:01.976,,561.0,500.0,518.0,509.0,516.0,510.0,2048.0,2040.0,2066.0,2061.0
2025-342T23:30:02.976,2001.4632,,,,,,,,,,
2025-342T23:30:07.976,2001.4632,,,,,,,,,,
2025-342T23:30:10.976,,531.0,499.0,518.0,509.0,516.0,510.0,2048.0,2040.0,2066.0,2061.0
2025-342T23:30:13.976,2001.4632,,,,,,,,,,
2025-342T23:30:19.976,,533.0,500.0,518.0,509.0,516.0,510.0,2048.0,2040.0,2066.0,2061.0
2025-342T23:30:20.976,2001.4632,,,,,,,,,,
2025-342T23:30:25.976,2001.4632,,,,,,,,,,
2025-342T23:30:28.976,,556.0,499.0,518.0,509.0,516.0,509.0,2048.0,2040.0,2067.0,2061.0
2025-342T23:30:31.976,2001.4632,,,,,,,,,,
2025-342T23:30:37.976,,544.0,499.0,518.0,509.0,516.0,510.0,2048.0,2040.0,2066.0,2061.0
2025-342T23:30:38.976,2001.4632,,,,,,,,,,
2025-342T23:30:43.976,2001.4632,,,,,,,,,,
2025-342T23:30:46.976,,537.0,499.0,518.0,509.0,516.0,509.0,2048.0,2040.0,2066.0,2061.0
2025-342T23:30:49.975,2001.4632,,,,,,,,,,
2025-342T23:30:55.976,,532.0,500.0,518.0,509.0,516.0,510.0,2048.0,2040.0,2067.0,2061.0
2025-342T23:30:56.975,2001.4632,,,,,,,,,,
2025-342T23:31:01.975,2001.4632,,,,,,,,,,
2025-342T23:31:04.976,,529.0,500.0,518.0,509.0,516.0,510.0,2048.0,2040.0,2066.0,2061.0
2025-342T23:31:07.975,2001.4632,,,,,,,,,,
2025-342T23:31:13.976,,541.0,500.0,518.0,509.0,516.0,510.0,2048.0,2040.0,2066.0,2061.0
2025-342T23:31:14.975,2001.4632,,,,,,,,,,
2025-342T23:31:19.975,2001.4632,,,,,,,,,,
2025-342T23:31:22.976,,535.0,499.0,518.0,509.0,516.0,510.0,2048.0,2040.0,2066.0,2061.0
2025-342T23:31:25.975,2001.4632,,,,,,,,,,
2025-342T23:31:31.976,,540.0,500.0,518.0,509.0,516.0,510.0,2048.0,2040.0,2066.0,2061.0
2025-342T23:31:32.975,2001.4632,,,,,,,,,,
2025-342T23:31:37.975,2001.4632,,,,,,,,,,
2025-342T23:31:40.976,,538.0,500.0,518.0,509.0,516.0,510.0,2048.0,2040.0,2067.0,2061.0
2025-342T23:31:43.975,2001.4632,,,,,,,,,,
2025-342T23:31:49.975,,529.0,499.0,518.0,509.0,516.0,510.0,2048.0,2040.0,2066.0,2061.0
2025-342T23:31:50.975,2001.4632,,,,,,,,,,
2025-342T23:31:55.975,2001.4632,,,,,,,,,,
2025-342T23:31:58.975,,547.0,500.0,518.0,509.0,516.0,510.0,2048.0,2040.0,2066.0,2061.0
2025-342T23:32:01.975,2001.4632,,,,,,,,,,
2025-342T23:32:07.975,,527.0,500.0,518.0,509.0,516.0,510.0,2048.0,2040.0,2066.0,2061.0
2025-342T23:32:08.975,2001.4632,,,,,,,,,,
2025-342T23:32:13.975,2001.4632,,,,,,,,,,
2025-342T23:32:16.975,,535.0,500.0,518.0,509.0,516.0,510.0,2048.0,2040.0,2067.0,2061.0
2025-342T23:32:19.975,2001.4632,,,,,,,,,,
2025-342T23:32:25.975,,543.0,500.0,518.0,509.0,516.0,509.0,2048.0,2040.0,2067.0,2061.0
2025-342T23:32:26.975,2001.4632,,,,,,,,,,
2025-342T23:32:31.975,2001.4632,,,,,,,,,,
2025-342T23:32:34.975,,531.0,499.0,518.0,509.0,516.0,510.0,2048.0,2040.0,2067.0,2061.0
2025-342T23:32:37.975,2001.4632,,,,,,,,,,
2025-342T23:32:43.975,,555.0,500.0,518.0,509.0,516.0,510.0,2048.0,2040.0,2066.0,2061.0
2025-342T23:32:44.975,2001.4632,,,,,,,,,,
2025-342T23:32:49.975,2001.4632,,,,,,,,,,
2025-342T23:32:52.975,,531.0,500.0,518.0,509.0,516.0,510.0,2048.0,2040.0,2066.0,2061.0
2025-342T23:32:55.975,2001.4632,,,,,,,,,,
2025-342T23:33:01.975,,530.0,500.0,518.0,509.0,516.0,510.0,2048.0,2040.0,2066.0,2061.0
2025-342T23:33:02.975,2001.4632,,,,,,,,,,
2025-342T23:33:07.975,2001.4632,,,,,,,,,,
2025-342T23:33:10.975,,533.0,500.0,518.0,509.0,516.0,509.0,2048.0,2039.0,2067.0,2061.0
2025-342T23:33:13.975,2001.4632,,,,,,,,,,
2025-342T23:33:19.975,,527.0,499.0,518.0,509.0,516.0,510.0,2048.0,2040.0,2066.0,2061.0
2025-342T23:33:20.975,2001.4632,,,,,,,,,,
2025-342T23:33:25.974,2001.4632,,,,,,,,,,
2025-342T23:33:28.975,,526.0,499.0,518.0,509.0,516.0,510.0,2048.0,2040.0,2067.0,2061.0
2025-342T23:33:31.974,2001.4632,,,,,,,,,,
2025-342T23:33:37.975,,531.0,499.0,518.0,509.0,516.0,510.0,2048.0,2040.0,2067.0,2061.0
2025-342T23:33:38.974,2001.4632,,,,,,,,,,
2025-342T23:33:43.974,2001.4632,,,,,,,,,,
2025-342T23:33:46.975,,538.0,499.0,518.0,509.0,516.0,510.0,2048.0,2040.0,2066.0,2061.0
2025-342T23:33:49.974,2001.4632,,,,,,,,,,
2025-342T23:33:55.975,,539.0,499.0,518.0,509.0,516.0,510.0,2049.0,2040.0,2066.0,2061.0
2025-342T23:33:56.974,2001.4632,,,,,,,,,,
2025-342T23:34:01.974,2001.4632,,,,,,,,,,
2025-342T23:34:04.975,,533.0,499.0,518.0,509.0,516.0,510.0,2048.0,2040.0,2066.0,2061.0
2025-342T23:34:07.974,2001.4632,,,,,,,,,,
2025-342T23:34:13.975,,542.0,500.0,518.0,509.0,516.0,510.0,2048.0,2040.0,2067.0,2061.0
2025-342T23:34:14.974,2001.4632,,,,,,,,,,
2025-342T23:34:19.974,2001.4632,,,,,,,,,,
2025-342T23:34:22.974,,528.0,500.0,518.0,509.0,516.0,510.0,2048.0,2040.0,2066.0,2061.0
2025-342T23:34:25.974,2001.4632,,,,,,,,,,
2025-342T23:34:31.974,,572.0,499.0,518.0,509.0,516.0,510.0,2048.0,2040.0,2066.0,2061.0
2025-342T23:34:32.974,2001.4632,,,,,,,,,,
2025-342T23:34:37.974,2001.4632,,,,,,,,,,
2025-342T23:34:40.974,,536.0,498.0,518.0,509.0,516.0,510.0,2048.0,2040.0,2067.0,2061.0
2025-342T23:34:43.974,2001.4632,,,,,,,,,,
2025-342T23:34:49.974,,534.0,499.0,518.0,509.0,516.0,509.0,2048.0,2040.0,2066.0,2061.0
2025-342T23:34:50.974,2001.4632,,,,,,,,,,
2025-342T23:34:55.974,2001.4632,,,,,,,,,,
2025-342T23:34:58.974,,562.0,500.0,518.0,509.0,516.0,510.0,2048.0,2040.0,2067.0,2061.0
2025-342T23:35:01.974,2001.4632,,,,,,,,,,
2025-342T23:35:07.974,,533.0,499.0,518.0,509.0,516.0,510.0,2048.0,2040.0,2067.0,2061.0
2025-342T23:35:08.974,2001.4632,,,,,,,,,,
2025-342T23:35:13.974,2001.4632,,,,,,,,,,
2025-342T23:35:16.974,,550.0,499.0,518.0,509.0,516.0,510.0,2048.0,2040.0,2066.0,2061.0
2025-342T23:35:19.974,2001.4632,,,,,,,,,,
2025-342T23:35:25.974,,532.0,499.0,518.0,509.0,516.0,509.0,2048.0,2040.0,2067.0,2061.0
2025-342T23:35:26.974,2001.4632,,,,,,,,,,
2025-342T23:35:31.974,2001.4632,,,,,,,,,,
2025-342T23:35:34.974,,528.0,500.0,518.0,509.0,516.0,509.0,2048.0,2040.0,2066.0,2061.0
2025-342T23:35:37.974,2001.4632,,,,,,,,,,
2025-342T23:35:43.974,,534.0,499.0,518.0,509.0,516.0,509.0,2048.0,2040.0,2067.0,2061.0
2025-342T23:35:44.974,2001.4632,,,,,,,,,,
2025-342T23:35:49.974,2001.4632,,,,,,,,,,
2025-342T23:35:52.974,,531.0,500.0,518.0,509.0,516.0,509.0,2048.0,2040.0,2066.0,2061.0
2025-342T23:35:55.974,2001.4632,,,,,,,,,,
2025-342T23:36:01.974,,529.0,500.0,518.0,509.0,516.0,510.0,2048.0,2040.0,2067.0,2061.0
2025-342T23:36:02.973,2001.4632,,,,,,,,,,
2025-342T23:36:07.973,2001.4632,,,,,,,,,,
2025-342T23:36:10.974,,525.0,499.0,518.0,509.0,516.0,510.0,2048.0,2040.0,2067.0,2061.0
2025-342T23:36:13.973,2001.4632,,,,,,,,,,
2025-342T23:36:19.974,,529.0,499.0,518.0,509.0,516.0,510.0,2048.0,2040.0,2067.0,2061.0
2025-342T23:36:20.973,2001.4632,,,,,,,,,,
2025-342T23:36:25.973,2001.4632,,,,,,,,,,
2025-342T23:36:28.974,,527.0,499.0,518.0,509.0,516.0,510.0,2048.0,2040.0,2067.0,2061.0
2025-342T23:36:31.973,2001.4632,,,,,,,,,,
2025-342T23:36:37.974,,536.0,499.0,518.0,509.0,516.0,510.0,2048.0,2040.0,2066.0,2061.0
2025-342T23:36:38.973,2001.4632,,,,,,,,,,
2025-342T23:36:43.973,2001.4632,,,,,,,,,,
2025-342T23:36:46.974,,529.0,499.0,518.0,509.0,516.0,509.0,2048.0,2040.0,2066.0,2061.0
2025-342T23:36:49.973,2001.4632,,,,,,,,,,
2025-342T23:36:55.973,,609.0,500.0,518.0,509.0,516.0,509.0,2048.0,2040.0,2067.0,2061.0
2025-342T23:36:56.973,2001.4632,,,,,,,,,,
2025-342T23:37:01.973,2001.4632,,,,,,,,,,
2025-342T23:37:04.973,,536.0,499.0,518.0,509.0,516.0,510.0,2048.0,2040.0,2067.0,2061.0
2025-342T23:37:07.973,2001.4632,,,,,,,,,,
2025-342T23:37:13.973,,529.0,500.0,518.0,509.0,516.0,510.0,2048.0,2040.0,2066.0,2061.0
2025-342T23:37:14.973,2001.4632,,,,,,,,,,
2025-342T23:37:19.973,2001.4632,,,,,,,,,,
2025-342T23:37:22.973,,531.0,500.0,518.0,509.0,516.0,509.0,2048.0,2040.0,2066.0,2061.0
2025-342T23:37:25.973,2001.4632,,,,,,,,,,
2025-342T23:37:31.973,,547.0,499.0,518.0,509.0,516.0,509.0,2048.0,2040.0,2067.0,2061.0
2025-342T23:37:32.973,2001.4632,,,,,,,,,,
2025-342T23:37:37.973,2001.4632,,,,,,,,,,
2025-342T23:37:40.973,,533.0,500.0,518.0,509.0,516.0,510.0,2048.0,2040.0,2067.0,2061.0
2025-342T23:37:43.973,2001.4632,,,,,,,,,,
2025-342T23:37:49.973,,548.0,499.0,518.0,509.0,516.0,510.0,2048.0,2040.0,2066.0,2061.0
2025-342T23:37:50.973,2001.4632,,,,,,,,,,
2025-342T23:37:55.973,2001.4632,,,,,,,,,,
2025-342T23:37:58.973,,544.0,500.0,518.0,509.0,516.0,510.0,2048.0,2040.0,2067.0,2061.0
2025-342T23:38:01.973,2001.4632,,,,,,,,,,
2025-342T23:38:07.973,,546.0,499.0,518.0,509.0,516.0,510.0,2048.0,2040.0,2066.0,2061.0
2025-342T23:38:08.973,2001.4632,,,,,,,,,,
2025-342T23:38:13.973,2001.4632,,,,,,,,,,
2025-342T23:38:16.973,,532.0,499.0,518.0,509.0,516.0,510.0,2048.0,2040.0,2067.0,2061.0
2025-342T23:38:19.973,2001.4632,,,,,,,,,,
2025-342T23:38:25.973,,534.0,500.0,518.0,509.0,516.0,510.0,2048.0,2040.0,2066.0,2061.0
2025-342T23:38:26.973,2001.4632,,,,,,,,,,
2025-342T23:38:31.972,2001.4632,,,,,,,,,,
2025-342T23:38:34.973,,569.0,499.0,518.0,509.0,516.0,510.0,2048.0,2040.0,2067.0,2061.0
2025-342T23:38:37.972,2001.4632,,,,,,,,,,
2025-342T23:38:43.973,,557.0,499.0,518.0,509.0,516.0,510.0,2048.0,2040.0,2067.0,2061.0
2025-342T23:38:44.972,2001.4632,,,,,,,,,,
2025-342T23:38:49.972,2001.4632,,,,,,,,,,
2025-342T23:38:52.973,,537.0,500.0,518.0,509.0,516.0,510.0,2048.0,2040.0,2066.0,2061.0
2025-342T23:38:55.972,2001.4632,,,,,,,,,,
2025-342T23:39:01.973,,534.0,499.0,518.0,509.0,516.0,510.0,2048.0,2040.0,2067.0,2061.0
2025-342T23:39:02.972,2001.4632,,,,,,,,,,
2025-342T23:39:07.972,2001.4632,,,,,,,,,,
2025-342T23:39:10.973,,532.0,499.0,518.0,509.0,516.0,510.0,2048.0,2040.0,2066.0,2061.0
2025-342T23:39:13.972,2001.4632,,,,,,,,,,
2025-342T23:39:19.973,,530.0,499.0,518.0,509.0,516.0,510.0,2048.0,2039.0,2067.0,2061.0
2025-342T23:39:20.972,2001.4632,,,,,,,,,,
2025-342T23:39:25.972,2001.4632,,,,,,,,,,
2025-342T23:39:28.973,,533.0,500.0,518.0,509.0,516.0,510.0,2048.0,2040.0,2066.0,2061.0
2025-342T23:39:31.972,2001.4632,,,,,,,,,,
2025-342T23:39:37.972,,531.0,500.0,518.0,509.0,516.0,509.0,2048.0,2040.0,2067.0,2061.0
2025-342T23:39:38.972,2001.4632,,,,,,,,,,
2025-342T23:39:43.972,2001.4632,,,,,,,,,,
2025-342T23:39:46.972,,531.0,499.0,518.0,509.0,516.0,510.0,2048.0,2039.0,2067.0,2061.0
2025-342T23:39:49.972,2001.4632,,,,,,,,,,
2025-342T23:39:55.972,,526.0,499.0,518.0,509.0,516.0,510.0,2048.0,2040.0,2067.0,2061.0
2025-342T23:39:56.972,2001.4632,,,,,,,,,,
2025-342T23:40:01.972,2001.4632,,,,,,,,,,
2025-342T23:40:04.972,,529.0,500.0,518.0,509.0,516.0,510.0,2048.0,2040.0,2066.0,2061.0
2025-342T23:40:07.972,2001.4632,,,,,,,,,,
2025-342T23:40:13.972,,529.0,500.0,518.0,509.0,516.0,509.0,2049.0,2040.0,2066.0,2061.0
2025-342T23:40:14.972,2001.4632,,,,,,,,,,
2025-342T23:40:19.972,2001.4632,,,,,,,,,,
2025-342T23:40:22.972,,538.0,499.0,518.0,509.0,516.0,510.0,2048.0,2040.0,2066.0,2061.0
2025-342T23:40:25.972,2001.4632,,,,,,,,,,
2025-342T23:40:31.972,,540.0,499.0,518.0,509.0,516.0,510.0,2048.0,2040.0,2066.0,2061.0
2025-342T23:40:32.972,2001.4632,,,,,,,,,,
2025-342T23:40:37.972,2001.4632,,,,,,,,,,
2025-342T23:40:40.972,,533.0,500.0,518.0,509.0,516.0,509.0,2048.0,2040.0,2066.0,2061.0
2025-342T23:40:43.972,2001.4632,,,,,,,,,,
2025-342T23:40:49.972,,528.0,499.0,518.0,509.0,516.0,510.0,2048.0,2040.0,2066.0,2061.0
2025-342T23:40:50.972,2001.4632,,,,,,,,,,
2025-342T23:40:55.972,2001.4632,,,,,,,,,,
2025-342T23:40:58.972,,527.0,500.0,518.0,509.0,516.0,510.0,2048.0,2040.0,2066.0,2061.0
2025-342T23:41:01.972,2001.4632,,,,,,,,,,
2025-342T23:41:07.972,,533.0,499.0,518.0,509.0,516.0,510.0,2048.0,2040.0,2067.0,2061.0
2025-342T23:41:08.971,2001.4632,,,,,,,,,,
2025-342T23:41:13.971,2001.4632,,,,,,,,,,
2025-342T23:41:16.972,,532.0,499.0,518.0,509.0,516.0,510.0,2048.0,2040.0,2066.0,2061.0
2025-342T23:41:19.971,2001.4632,,,,,,,,,,
2025-342T23:41:25.972,,540.0,499.0,518.0,508.0,516.0,509.0,2048.0,2040.0,2067.0,2061.0
2025-342T23:41:26.971,2001.4632,,,,,,,,,,
2025-342T23:41:31.971,2001.4632,,,,,,,,,,
2025-342T23:41:34.972,,533.0,499.0,518.0,509.0,516.0,510.0,2048.0,2040.0,2066.0,2061.0
2025-342T23:41:37.971,2001.4632,,,,,,,,,,
2025-342T23:41:43.972,,533.0,498.0,518.0,509.0,516.0,509.0,2048.0,2040.0,2066.0,2061.0
2025-342T23:41:44.971,2001.4632,,,,,,,,,,
2025-342T23:41:49.971,2001.4632,,,,,,,,,,
2025-342T23:41:52.972,,526.0,499.0,518.0,509.0,516.0,510.0,2048.0,2040.0,2066.0,2061.0
2025-342T23:41:55.971,2001.4632,,,,,,,,,,
2025-342T23:42:01.972,,528.0,500.0,518.0,509.0,516.0,510.0,2048.0,2040.0,2067.0,2061.0
2025-342T23:42:02.971,2001.4632,,,,,,,,,,
2025-342T23:42:07.971,2001.4632,,,,,,,,,,
2025-342T23:42:10.971,,524.0,499.0,518.0,509.0,516.0,510.0,2048.0,2040.0,2066.0,2061.0
2025-342T23:42:13.971,2001.4632,,,,,,,,,,
2025-342T23:42:19.971,,531.0,499.0,518.0,509.0,516.0,509.0,2048.0,2040.0,2066.0,2061.0
2025-342T23:42:20.971,2001.4632,,,,,,,,,,
2025-342T23:42:25.971,2001.4632,,,,,,,,,,
2025-342T23:42:28.971,,530.0,500.0,518.0,509.0,516.0,510.0,2048.0,2040.0,2067.0,2061.0
2025-342T23:42:31.971,2001.4632,,,,,,,,,,
2025-342T23:42:37.971,,530.0,499.0,518.0,509.0,516.0,510.0,2048.0,2040.0,2066.0,2061.0
2025-342T23:42:38.971,2001.4632,,,,,,,,,,
2025-342T23:42:43.971,2001.4632,,,,,,,,,,
2025-342T23:42:46.971,,530.0,499.0,518.0,509.0,516.0,510.0,2048.0,2040.0,2066.0,2061.0
2025-342T23:42:49.971,2001.4632,,,,,,,,,,
2025-342T23:42:55.971,,531.0,500.0,518.0,509.0,516.0,510.0,2048.0,2040.0,2067.0,2061.0
2025-342T23:42:56.971,2001.4632,,,,,,,,,,
2025-342T23:43:01.971,2001.4632,,,,,,,,,,
2025-342T23:43:04.971,,529.0,499.0,518.0,509.0,516.0,510.0,2048.0,2040.0,2066.0,2061.0
2025-342T23:43:07.971,2001.4632,,,,,,,,,,
2025-342T23:43:13.971,,529.0,500.0,518.0,509.0,516.0,510.0,2048.0,2040.0,2066.0,2061.0
2025-342T23:43:14.971,2001.4632,,,,,,,,,,
2025-342T23:43:19.971,2001.4632,,,,,,,,,,
2025-342T23:43:22.971,,526.0,499.0,518.0,509.0,516.0,510.0,2048.0,2039.0,2066.0,2061.0
2025-342T23:43:25.971,2001.4632,,,,,,,,,,
2025-342T23:43:31.971,,533.0,499.0,518.0,509.0,516.0,510.0,2048.0,2040.0,2067.0,2061.0
2025-342T23:43:32.971,2001.4632,,,,,,,,,,
2025-342T23:43:37.971,2001.4632,,,,,,,,,,
2025-342T23:43:40.971,,536.0,499.0,518.0,509.0,516.0,510.0,2048.0,2040.0,2066.0,2061.0
2025-342T23:43:43.970,2001.4632,,,,,,,,,,
2025-342T23:43:49.971,,535.0,500.0,518.0,509.0,516.0,510.0,2048.0,2040.0,2066.0,2061.0
2025-342T23:43:50.970,2001.4632,,,,,,,,,,
2025-342T23:43:55.970,2001.4632,,,,,,,,,,
2025-342T23:43:58.971,,585.0,499.0,518.0,509.0,516.0,509.0,2048.0,2040.0,2066.0,2061.0
2025-342T23:44:01.970,2001.4632,,,,,,,,,,
2025-342T23:44:07.971,,540.0,500.0,518.0,509.0,516.0,510.0,2048.0,2040.0,2067.0,2061.0
2025-342T23:44:08.970,2001.4632,,,,,,,,,,
2025-342T23:44:13.970,2001.4632,,,,,,,,,,
2025-342T23:44:16.971,,540.0,500.0,518.0,509.0,516.0,510.0,2048.0,2040.0,2067.0,2061.0
2025-342T23:44:19.970,2001.4632,,,,,,,,,,
2025-342T23:44:25.971,,539.0,499.0,518.0,509.0,516.0,510.0,2048.0,2040.0,2066.0,2061.0
2025-342T23:44:26.970,2001.4632,,,,,,,,,,
2025-342T23:44:31.970,2001.4632,,,,,,,,,,
2025-342T23:44:34.971,,549.0,500.0,518.0,509.0,516.0,509.0,2048.0,2040.0,2066.0,2061.0
2025-342T23:44:37.970,2001.4632,,,,,,,,,,
2025-342T23:44:43.970,,534.0,500.0,518.0,509.0,516.0,509.0,2048.0,2040.0,2066.0,2061.0
2025-342T23:44:44.970,2001.4632,,,,,,,,,,
2025-342T23:44:49.970,2001.4632,,,,,,,,,,
2025-342T23:44:52.970,,531.0,500.0,518.0,509.0,516.0,510.0,2048.0,2040.0,2066.0,2061.0
2025-342T23:44:55.970,2001.4632,,,,,,,,,,
2025-342T23:45:01.970,,531.0,500.0,518.0,509.0,516.0,510.0,2048.0,2040.0,2066.0,2061.0
2025-342T23:45:02.970,2001.4632,,,,,,,,,,
2025-342T23:45:07.970,2001.4632,,,,,,,,,,
2025-342T23:45:10.970,,531.0,499.0,518.0,509.0,516.0,510.0,2048.0,2040.0,2066.0,2061.0
2025-342T23:45:13.970,2001.4632,,,,,,,,,,
2025-342T23:45:19.970,,525.0,500.0,518.0,509.0,516.0,510.0,2048.0,2040.0,2067.0,2061.0
2025-342T23:45:20.970,2001.4632,,,,,,,,,,
2025-342T23:45:25.970,2001.4632,,,,,,,,,,
2025-342T23:45:28.970,,532.0,499.0,518.0,509.0,516.0,510.0,2049.0,2040.0,2067.0,2061.0
2025-342T23:45:31.970,2001.4632,,,,,,,,,,
2025-342T23:45:37.970,,529.0,499.0,518.0,509.0,516.0,509.0,2048.0,2040.0,2066.0,2061.0
2025-342T23:45:38.970,2001.4632,,,,,,,,,,
2025-342T23:45:43.970,2001.4632,,,,,,,,,,
2025-342T23:45:46.970,,529.0,500.0,518.0,509.0,516.0,509.0,2048.0,2040.0,2067.0,2061.0
2025-342T23:45:49.970,2001.4632,,,,,,,,,,
2025-342T23:45:55.970,,539.0,500.0,518.0,509.0,516.0,510.0,2048.0,2040.0,2067.0,2061.0
2025-342T23:45:56.970,2001.4632,,,,,,,,,,
2025-342T23:46:01.970,2001.4632,,,,,,,,,,
2025-342T23:46:04.970,,533.0,500.0,518.0,509.0,516.0,510.0,2048.0,2040.0,2066.0,2061.0
2025-342T23:46:07.970,2001.4632,,,,,,,,,,
2025-342T23:46:13.970,,531.0,500.0,518.0,509.0,516.0,509.0,2048.0,2040.0,2067.0,2061.0
2025-342T23:46:14.969,2001.4632,,,,,,,,,,
2025-342T23:46:19.969,2001.4632,,,,,,,,,,
2025-342T23:46:22.970,,533.0,499.0,518.0,509.0,516.0,510.0,2048.0,2040.0,2067.0,2061.0
2025-342T23:46:25.969,2001.4632,,,,,,,,,,
2025-342T23:46:31.970,,527.0,499.0,518.0,509.0,516.0,510.0,2048.0,2040.0,2066.0,2061.0
2025-342T23:46:32.969,2001.4632,,,,,,,,,,
2025-342T23:46:37.969,2001.4632,,,,,,,,,,
2025-342T23:46:40.970,,532.0,499.0,518.0,509.0,516.0,510.0,2048.0,2040.0,2066.0,2061.0
2025-342T23:46:43.969,2001.4632,,,,,,,,,,
2025-342T23:46:49.970,,532.0,499.0,518.0,509.0,516.0,509.0,2048.0,2040.0,2067.0,2061.0
2025-342T23:46:50.969,2001.4632,,,,,,,,,,
2025-342T23:46:55.969,2001.4632,,,,,,,,,,
2025-342T23:46:58.970,,531.0,499.0,518.0,509.0,516.0,509.0,2048.0,2040.0,2067.0,2061.0
2025-342T23:47:01.969,2001.4632,,,,,,,,,,
2025-342T23:47:07.970,,531.0,500.0,518.0,509.0,516.0,510.0,2048.0,2040.0,2066.0,2061.0
2025-342T23:47:08.969,2001.4632,,,,,,,,,,
2025-342T23:47:13.969,2001.4632,,,,,,,,,,
2025-342T23:47:16.969,,528.0,499.0,518.0,509.0,516.0,510.0,2048.0,2040.0,2067.0,2061.0
2025-342T23:47:19.969,2001.4632,,,,,,,,,,
2025-342T23:47:25.969,,531.0,499.0,518.0,509.0,516.0,510.0,2048.0,2040.0,2066.0,2061.0
2025-342T23:47:26.969,2001.4632,,,,,,,,,,
2025-342T23:47:31.969,2001.4632,,,,,,,,,,
2025-342T23:47:34.969,,579.0,500.0,518.0,509.0,516.0,510.0,2048.0,2040.0,2066.0,2061.0
2025-342T23:47:37.969,2001.4632,,,,,,,,,,
2025-342T23:47:43.969,,537.0,500.0,518.0,509.0,516.0,510.0,2048.0,2040.0,2066.0,2061.0
2025-342T23:47:44.969,2001.4632,,,,,,,,,,
2025-342T23:47:49.969,2001.4632,,,,,,,,,,
2025-342T23:47:52.969,,527.0,499.0,518.0,509.0,516.0,510.0,2048.0,2040.0,2066.0,2061.0
2025-342T23:47:55.969,2001.4632,,,,,,,,,,
2025-342T23:48:01.969,,529.0,499.0,518.0,509.0,516.0,510.0,2048.0,2040.0,2066.0,2061.0
2025-342T23:48:02.969,2001.4632,,,,,,,,,,
2025-342T23:48:07.969,2001.4632,,,,,,,,,,
2025-342T23:48:10.969,,596.0,499.0,518.0,509.0,516.0,510.0,2048.0,2040.0,2067.0,2061.0
2025-342T23:48:13.969,2001.4632,,,,,,,,,,
2025-342T23:48:19.969,,528.0,499.0,518.0,509.0,516.0,510.0,2048.0,2040.0,2066.0,2061.0
2025-342T23:48:20.969,2001.4632,,,,,,,,,,
2025-342T23:48:25.969,2001.4632,,,,,,,,,,
2025-342T23:48:28.969,,528.0,500.0,518.0,509.0,516.0,510.0,2048.0,2040.0,2066.0,2061.0
2025-342T23:48:31.969,2001.4632,,,,,,,,,,
2025-342T23:48:37.969,,527.0,499.0,518.0,509.0,516.0,510.0,2048.0,2039.0,2066.0,2061.0
2025-342T23:48:38.969,2001.4632,,,,,,,,,,
2025-342T23:48:43.969,2001.4632,,,,,,,,,,
2025-342T23:48:46.969,,526.0,500.0,518.0,509.0,516.0,510.0,2048.0,2040.0,2066.0,2061.0
2025-342T23:48:49.968,2001.4632,,,,,,,,,,
2025-342T23:48:55.969,,526.0,499.0,518.0,509.0,516.0,510.0,2048.0,2040.0,2066.0,2061.0
2025-342T23:48:56.968,2001.4632,,,,,,,,,,
2025-342T23:49:01.968,2001.4632,,,,,,,,,,
2025-342T23:49:04.969,,528.0,499.0,518.0,509.0,516.0,510.0,2048.0,2040.0,2066.0,2061.0
2025-342T23:49:07.968,2001.4632,,,,,,,,,,
2025-342T23:49:13.969,,539.0,499.0,518.0,509.0,516.0,510.0,2048.0,2040.0,2066.0,2061.0
2025-342T23:49:14.968,2001.4632,,,,,,,,,,
2025-342T23:49:19.968,2001.4632,,,,,,,,,,
2025-342T23:49:22.969,,539.0,499.0,518.0,509.0,516.0,510.0,2048.0,2040.0,2066.0,2061.0
2025-342T23:49:25.968,2001.4632,,,,,,,,,,
2025-342T23:49:31.969,,535.0,499.0,518.0,509.0,516.0,510.0,2048.0,2040.0,2066.0,2061.0
2025-342T23:49:32.968,2001.4632,,,,,,,,,,
2025-342T23:49:37.968,2001.4632,,,,,,,,,,
2025-342T23:49:40.969,,536.0,499.0,518.0,509.0,516.0,509.0,2048.0,2039.0,2066.0,2061.0
2025-342T23:49:43.968,2001.4632,,,,,,,,,,
2025-342T23:49:49.968,,529.0,499.0,518.0,509.0,516.0,510.0,2048.0,2040.0,2066.0,2061.0
2025-342T23:49:50.968,2001.4632,,,,,,,,,,
2025-342T23:49:55.968,2001.4632,,,,,,,,,,
2025-342T23:49:58.968,,533.0,499.0,518.0,509.0,516.0,509.0,2048.0,2040.0,2066.0,2061.0
2025-342T23:50:01.968,2001.4632,,,,,,,,,,
2025-342T23:50:07.968,,526.0,499.0,518.0,509.0,516.0,510.0,2048.0,2040.0,2066.0,2061.0
2025-342T23:50:08.968,2001.4632,,,,,,,,,,
2025-342T23:50:13.968,2001.4632,,,,,,,,,,
2025-342T23:50:16.968,,533.0,498.0,518.0,509.0,516.0,509.0,2048.0,2040.0,2067.0,2061.0
2025-342T23:50:19.968,2001.4632,,,,,,,,,,
2025-342T23:50:25.968,,525.0,500.0,518.0,509.0,516.0,510.0,2048.0,2040.0,2066.0,2061.0
2025-342T23:50:26.968,2001.4632,,,,,,,,,,
2025-342T23:50:31.968,2001.4632,,,,,,,,,,
2025-342T23:50:34.968,,525.0,500.0,518.0,509.0,516.0,509.0,2048.0,2040.0,2067.0,2061.0
2025-342T23:50:37.968,2001.4632,,,,,,,,,,
2025-342T23:50:43.968,,532.0,500.0,518.0,509.0,516.0,510.0,2048.0,2040.0,2066.0,2061.0
2025-342T23:50:44.968,2001.4632,,,,,,,,,,
2025-342T23:50:49.968,2001.4632,,,,,,,,,,
2025-342T23:50:52.968,,534.0,499.0,518.0,509.0,516.0,510.0,2048.0,2040.0,2066.0,2061.0
2025-342T23:50:55.968,2001.4632,,,,,,,,,,
2025-342T23:51:01.968,,528.0,500.0,518.0,509.0,516.0,510.0,2048.0,2040.0,2066.0,2061.0
2025-342T23:51:02.968,2001.4632,,,,,,,,,,
2025-342T23:51:07.968,2001.4632,,,,,,,,,,
2025-342T23:51:10.968,,529.0,499.0,518.0,509.0,516.0,510.0,2048.0,2040.0,2066.0,2061.0
2025-342T23:51:13.968,2001.4632,,,,,,,,,,
2025-342T23:51:19.968,,559.0,499.0,518.0,509.0,516.0,510.0,2048.0,2040.0,2067.0,2061.0
2025-342T23:51:20.968,2001.4632,,,,,,,,,,
2025-342T23:51:25.967,2001.4632,,,,,,,,,,
2025-342T23:51:28.968,,531.0,500.0,518.0,509.0,516.0,510.0,2048.0,2040.0,2067.0,2061.0
2025-342T23:51:31.967,2001.4632,,,,,,,,,,
2025-342T23:51:37.968,,531.0,499.0,518.0,509.0,516.0,510.0,2048.0,2040.0,2066.0,2061.0
2025-342T23:51:38.967,2001.4632,,,,,,,,,,
2025-342T23:51:43.967,2001.4632,,,,,,,,,,
2025-342T23:51:46.968,,526.0,499.0,518.0,509.0,516.0,510.0,2048.0,2040.0,2066.0,2061.0
2025-342T23:51:49.967,2001.4632,,,,,,,,,,
2025-342T23:51:55.968,,545.0,499.0,518.0,509.0,516.0,509.0,2048.0,2040.0,2067.0,2061.0
2025-342T23:51:56.967,2001.4632,,,,,,,,,,
2025-342T23:52:01.967,2001.4632,,,,,,,,,,
2025-342T23:52:04.968,,539.0,499.0,518.0,509.0,516.0,510.0,2048.0,2040.0,2066.0,2061.0
2025-342T23:52:07.967,2001.4632,,,,,,,,,,
2025-342T23:52:13.968,,527.0,500.0,518.0,509.0,516.0,509.0,2048.0,2040.0,2066.0,2061.0
2025-342T23:52:14.967,2001.4632,,,,,,,,,,
2025-342T23:52:19.967,2001.4632,,,,,,,,,,
2025-342T23:52:22.967,,530.0,499.0,518.0,509.0,516.0,509.0,2048.0,2040.0,2066.0,2061.0
2025-342T23:52:25.967,2001.4632,,,,,,,,,,
2025-342T23:52:31.967,,533.0,499.0,518.0,509.0,516.0,509.0,2048.0,2040.0,2066.0,2061.0
2025-342T23:52:32.967,2001.4632,,,,,,,,,,
2025-342T23:52:37.967,2001.4632,,,,,,,,,,
2025-342T23:52:40.967,,524.0,500.0,518.0,509.0,516.0,509.0,2048.0,2040.0,2067.0,2061.0
2025-342T23:52:43.967,2001.4632,,,,,,,,,,
2025-342T23:52:49.967,,534.0,499.0,518.0,509.0,516.0,510.0,2048.0,2040.0,2066.0,2061.0
2025-342T23:52:50.967,2001.4632,,,,,,,,,,
2025-342T23:52:55.967,2001.4632,,,,,,,,,,
2025-342T23:52:58.967,,526.0,500.0,518.0,509.0,516.0,510.0,2048.0,2040.0,2066.0,2061.0
2025-342T23:53:01.967,2001.4632,,,,,,,,,,
2025-342T23:53:07.967,,534.0,500.0,518.0,509.0,516.0,509.0,2048.0,2040.0,2066.0,2061.0
2025-342T23:53:08.967,2001.4632,,,,,,,,,,
2025-342T23:53:13.967,2001.4632,,,,,,,,,,
2025-342T23:53:16.967,,537.0,500.0,518.0,509.0,516.0,510.0,2048.0,2040.0,2067.0,2061.0
2025-342T23:53:19.967,2001.4632,,,,,,,,,,
2025-342T23:53:25.967,,532.0,499.0,518.0,509.0,516.0,510.0,2048.0,2040.0,2066.0,2061.0
2025-342T23:53:26.967,2001.4632,,,,,,,,,,
2025-342T23:53:31.967,2001.4632,,,,,,,,,,
2025-342T23:53:34.967,,528.0,499.0,518.0,509.0,516.0,509.0,2048.0,2040.0,2066.0,2061.0
2025-342T23:53:37.967,2001.4632,,,,,,,,,,
2025-342T23:53:43.967,,527.0,499.0,518.0,509.0,516.0,509.0,2048.0,2040.0,2067.0,2061.0
2025-342T23:53:44.967,2001.4632,,,,,,,,,,
2025-342T23:53:49.967,2001.4632,,,,,,,,,,
2025-342T23:53:52.967,,532.0,499.0,518.0,509.0,516.0,509.0,2048.0,2040.0,2066.0,2061.0
2025-342T23:53:55.967,2001.4632,,,,,,,,,,
2025-342T23:54:01.967,,529.0,499.0,518.0,509.0,516.0,510.0,2048.0,2040.0,2067.0,2061.0
2025-342T23:54:02.966,2001.4632,,,,,,,,,,
2025-342T23:54:07.966,2001.4632,,,,,,,,,,
2025-342T23:54:10.967,,532.0,500.0,518.0,509.0,516.0,509.0,2048.0,2040.0,2066.0,2061.0
2025-342T23:54:13.966,2001.4632,,,,,,,,,,
2025-342T23:54:19.967,,532.0,498.0,518.0,509.0,516.0,510.0,2048.0,2040.0,2066.0,2061.0
2025-342T23:54:20.966,2001.4632,,,,,,,,,,
2025-342T23:54:25.966,2001.4632,,,,,,,,,,
2025-342T23:54:28.967,,528.0,500.0,518.0,509.0,516.0,510.0,2048.0,2040.0,2066.0,2061.0
2025-342T23:54:31.966,2001.4632,,,,,,,,,,
2025-342T23:54:37.967,,530.0,499.0,518.0,509.0,516.0,510.0,2048.0,2040.0,2066.0,2061.0
2025-342T23:54:38.966,2001.4632,,,,,,,,,,
2025-342T23:54:43.966,2001.4632,,,,,,,,,,
2025-342T23:54:46.967,,547.0,500.0,518.0,509.0,516.0,510.0,2048.0,2040.0,2066.0,2061.0
2025-342T23:54:49.966,2001.4632,,,,,,,,,,
2025-342T23:54:55.967,,529.0,500.0,518.0,509.0,516.0,509.0,2048.0,2040.0,2067.0,2061.0
2025-342T23:54:56.966,2001.4632,,,,,,,,,,
2025-342T23:55:01.966,2001.4632,,,,,,,,,,
2025-342T23:55:04.966,,529.0,498.0,518.0,509.0,516.0,509.0,2048.0,2040.0,2067.0,2061.0
2025-342T23:55:07.966,2001.4632,,,,,,,,,,
2025-342T23:55:13.966,,564.0,499.0,518.0,508.0,516.0,510.0,2048.0,2040.0,2067.0,2061.0
2025-342T23:55:14.966,2001.4632,,,,,,,,,,
2025-342T23:55:19.966,2001.4632,,,,,,,,,,
2025-342T23:55:22.966,,557.0,499.0,518.0,509.0,516.0,509.0,2048.0,2040.0,2067.0,2061.0
2025-342T23:55:25.966,2001.4632,,,,,,,,,,
2025-342T23:55:31.966,,546.0,500.0,518.0,509.0,516.0,509.0,2048.0,2040.0,2066.0,2061.0
2025-342T23:55:32.966,2001.4632,,,,,,,,,,
2025-342T23:55:37.966,2001.4632,,,,,,,,,,
2025-342T23:55:40.966,,526.0,499.0,518.0,509.0,516.0,509.0,2048.0,2040.0,2067.0,2061.0
2025-342T23:55:43.966,2001.4632,,,,,,,,,,
2025-342T23:55:49.966,,530.0,499.0,518.0,509.0,516.0,510.0,2048.0,2040.0,2066.0,2061.0
2025-342T23:55:50.966,2001.4632,,,,,,,,,,
2025-342T23:55:55.966,2001.4632,,,,,,,,,,
2025-342T23:55:58.966,,532.0,500.0,518.0,509.0,516.0,509.0,2049.0,2040.0,2067.0,2061.0
2025-342T23:56:01.966,2001.4632,,,,,,,,,,
2025-342T23:56:07.966,,536.0,499.0,518.0,509.0,516.0,510.0,2048.0,2040.0,2067.0,2061.0
2025-342T23:56:08.966,2001.4632,,,,,,,,,,
2025-342T23:56:13.966,2001.4632,,,,,,,,,,
2025-342T23:56:16.966,,527.0,499.0,518.0,509.0,516.0,509.0,2048.0,2040.0,2066.0,2061.0
2025-342T23:56:19.966,2001.4632,,,,,,,,,,
2025-342T23:56:25.966,,531.0,499.0,518.0,509.0,516.0,509.0,2048.0,2040.0,2066.0,2061.0
2025-342T23:56:26.966,2001.4632,,,,,,,,,,
2025-342T23:56:31.966,2001.4632,,,,,,,,,,
2025-342T23:56:34.966,,545.0,499.0,518.0,509.0,516.0,510.0,2048.0,2040.0,2067.0,2061.0
2025-342T23:56:37.965,2001.4632,,,,,,,,,,
2025-342T23:56:43.966,,526.0,499.0,518.0,509.0,516.0,510.0,2048.0,2040.0,2066.0,2061.0
2025-342T23:56:44.965,2001.4632,,,,,,,,,,
2025-342T23:56:49.965,2001.4632,,,,,,,,,,
2025-342T23:56:52.966,,534.0,499.0,518.0,509.0,516.0,510.0,2048.0,2040.0,2067.0,2061.0
2025-342T23:56:55.965,2001.4632,,,,,,,,,,
2025-342T23:57:01.966,,545.0,500.0,518.0,509.0,516.0,510.0,2048.0,2040.0,2067.0,2061.0
2025-342T23:57:02.965,2001.4632,,,,,,,,,,
2025-342T23:57:07.965,2001.4632,,,,,,,,,,
2025-342T23:57:10.966,,527.0,499.0,518.0,509.0,516.0,509.0,2048.0,2040.0,2067.0,2061.0
2025-342T23:57:13.965,2001.4632,,,,,,,,,,
2025-342T23:57:19.966,,533.0,499.0,518.0,509.0,516.0,509.0,2048.0,2040.0,2066.0,2061.0
2025-342T23:57:20.965,2001.4632,,,,,,,,,,
2025-342T23:57:25.965,2001.4632,,,,,,,,,,
2025-342T23:57:28.966,,539.0,500.0,518.0,509.0,516.0,510.0,2048.0,2040.0,2067.0,2061.0
2025-342T23:57:31.965,2001.4632,,,,,,,,,,
2025-342T23:57:37.965,,538.0,500.0,518.0,509.0,516.0,510.0,2048.0,2040.0,2067.0,2061.0
2025-342T23:57:38.965,2001.4632,,,,,,,,,,
2025-342T23:57:43.965,2001.4632,,,,,,,,,,
2025-342T23:57:46.965,,530.0,499.0,518.0,509.0,516.0,509.0,2048.0,2040.0,2067.0,2061.0
2025-342T23:57:49.965,2001.4632,,,,,,,,,,
2025-342T23:57:55.965,,530.0,500.0,518.0,509.0,516.0,509.0,2048.0,2040.0,2066.0,2061.0
2025-342T23:57:56.965,2001.4632,,,,,,,,,,
2025-342T23:58:01.965,2001.4632,,,,,,,,,,
2025-342T23:58:04.965,,527.0,499.0,518.0,509.0,516.0,510.0,2048.0,2040.0,2067.0,2061.0
2025-342T23:58:07.965,2001.4632,,,,,,,,,,
2025-342T23:58:13.965,,533.0,500.0,518.0,509.0,516.0,509.0,2048.0,2040.0,2067.0,2061.0
2025-342T23:58:14.965,2001.4632,,,,,,,,,,
2025-342T23:58:19.965,2001.4632,,,,,,,,,,
2025-342T23:58:22.965,,526.0,500.0,518.0,509.0,516.0,509.0,2051.0,2037.0,2066.0,2061.0
2025-342T23:58:25.965,2001.4632,,,,,,,,,,
2025-342T23:58:31.965,,544.0,499.0,518.0,509.0,516.0,510.0,2048.0,2040.0,2066.0,2061.0
2025-342T23:58:32.965,2001.4632,,,,,,,,,,
2025-342T23:58:37.965,2001.4632,,,,,,,,,,
2025-342T23:58:40.965,,537.0,499.0,518.0,509.0,516.0,510.0,2048.0,2040.0,2067.0,2061.0
2025-342T23:58:43.965,2001.4632,,,,,,,,,,
2025-342T23:58:49.965,,550.0,499.0,518.0,509.0,516.0,510.0,2048.0,2040.0,2066.0,2061.0
2025-342T23:58:50.965,2001.4632,,,,,,,,,,
2025-342T23:58:55.965,2001.4632,,,,,,,,,,
2025-342T23:58:58.965,,526.0,499.0,518.0,509.0,516.0,510.0,2048.0,2040.0,2066.0,2061.0
2025-342T23:59:01.965,2001.4632,,,,,,,,,,
2025-342T23:59:07.965,,531.0,500.0,518.0,509.0,516.0,510.0,2048.0,2040.0,2067.0,2061.0
2025-342T23:59:08.964,2001.4632,,,,,,,,,,
2025-342T23:59:13.964,2001.4632,,,,,,,,,,
2025-342T23:59:16.965,,537.0,499.0,518.0,509.0,516.0,509.0,2048.0,2040.0,2067.0,2061.0
2025-342T23:59:19.964,2001.4632,,,,,,,,,,
2025-342T23:59:25.965,,533.0,499.0,518.0,509.0,516.0,510.0,2048.0,2040.0,2066.0,2061.0
2025-342T23:59:26.964,2001.4632,,,,,,,,,,
2025-342T23:59:31.964,2001.4632,,,,,,,,,,
2025-342T23:59:34.965,,536.0,500.0,518.0,509.0,516.0,510.0,2048.0,2040.0,2066.0,2061.0
2025-342T23:59:37.964,2001.4632,,,,,,,,,,
2025-342T23:59:43.965,,530.0,499.0,518.0,509.0,516.0,509.0,2048.0,2040.0,2066.0,2061.0
2025-342T23:59:44.964,2001.4632,,,,,,,,,,
2025-342T23:59:49.964,2001.4632,,,,,,,,,,
2025-342T23:59:52.965,,532.0,499.0,518.0,509.0,516.0,509.0,2048.0,2040.0,2067.0,2061.0
2025-342T23:59:55.964,2001.4632,,,,,,,,,,
2025-343T00:00:01.964,,539.0,500.0,518.0,509.0,516.0,510.0,2048.0,2039.0,2067.0,2061.0
2025-343T00:00:02.964,2001.4632,,,,,,,,,,
2025-343T00:00:07.964,2001.4632,,,,,,,,,,
2025-343T00:00:10.964,,526.0,499.0,518.0,509.0,516.0,510.0,2048.0,2040.0,2066.0,2061.0
2025-343T00:00:16.964,,532.0,500.0,518.0,509.0,516.0,509.0,2048.0,2040.0,2067.0,2061.0
2025-343T00:00:22.964,,533.0,500.0,518.0,509.0,516.0,510.0,2048.0,2040.0,2066.0,2061.0
2025-343T00:00:28.964,,529.0,499.0,518.0,509.0,516.0,510.0,2048.0,2040.0,2066.0,2061.0
2025-343T00:00:32.964,2001.4632,,,,,,,,,,
2025-343T00:00:34.964,,548.0,500.0,518.0,509.0,516.0,510.0,2048.0,2040.0,2066.0,2061.0
2025-343T00:00:40.964,,525.0,500.0,518.0,509.0,516.0,510.0,2048.0,2040.0,2066.0,2061.0
2025-343T00:00:46.964,,534.0,499.0,518.0,509.0,516.0,510.0,2048.0,2040.0,2066.0,2061.0
2025-343T00:00:52.964,,530.0,500.0,518.0,509.0,516.0,510.0,2048.0,2040.0,2067.0,2061.0
2025-343T00:00:58.964,,524.0,499.0,518.0,509.0,516.0,509.0,2048.0,2040.0,2066.0,2061.0
2025-343T00:00:59.964,2001.4632,,,,,,,,,,
2025-343T00:01:04.964,,539.0,499.0,518.0,509.0,516.0,510.0,2048.0,2040.0,2067.0,2061.0
2025-343T00:01:10.964,,529.0,499.0,518.0,509.0,516.0,510.0,2048.0,2040.0,2066.0,2061.0
2025-343T00:01:16.964,,536.0,500.0,518.0,509.0,516.0,510.0,2048.0,2040.0,2066.0,2061.0
2025-343T00:01:20.964,2001.4632,,,,,,,,,,
2025-343T00:01:25.964,,527.0,499.0,518.0,509.0,516.0,509.0,2048.0,2040.0,2066.0,2061.0
2025-343T00:01:26.964,2001.4632,,,,,,,,,,
2025-343T00:01:31.964,2001.4632,,,,,,,,,,
2025-343T00:01:34.964,,543.0,499.0,518.0,509.0,516.0,510.0,2048.0,2040.0,2067.0,2061.0
2025-343T00:01:37.964,2001.4632,,,,,,,,,,
2025-343T00:01:43.964,,537.0,500.0,518.0,509.0,516.0,510.0,2048.0,2040.0,2066.0,2061.0
2025-343T00:01:44.963,2001.4632,,,,,,,,,,
2025-343T00:01:49.963,2001.4632,,,,,,,,,,
2025-343T00:01:52.964,,533.0,499.0,518.0,509.0,516.0,509.0,2048.0,2039.0,2066.0,2061.0
2025-343T00:01:55.963,2001.4632,,,,,,,,,,
2025-343T00:02:01.964,,580.0,499.0,518.0,509.0,516.0,509.0,2048.0,2040.0,2066.0,2061.0
2025-343T00:02:02.963,2001.4632,,,,,,,,,,
2025-343T00:02:07.963,2001.4632,,,,,,,,,,
2025-343T00:02:10.964,,1023.0,324.0,521.0,509.0,702.0,507.0,3030.0,1961.0,2074.0,2061.0
2025-343T00:02:13.963,2001.4632,,,,,,,,,,
2025-343T00:02:19.964,,1023.0,383.0,522.0,509.0,838.0,508.0,3533.0,1919.0,2079.0,2061.0
2025-343T00:02:20.963,2001.4632,,,,,,,,,,
2025-343T00:02:25.963,2001.4632,,,,,,,,,,
2025-343T00:02:28.964,,1023.0,362.0,523.0,509.0,942.0,507.0,4031.0,1876.0,2084.0,2061.0
2025-343T00:02:31.963,2001.4632,,,,,,,,,,
2025-343T00:02:37.964,,1023.0,345.0,527.0,509.0,1007.0,507.0,4095.0,1636.0,2111.0,2059.0
2025-343T00:02:38.963,2001.4632,,,,,,,,,,
2025-343T00:02:43.963,2079.1188,,,,,,,,,,
2025-343T00:02:46.963,,563.0,499.0,518.0,509.0,516.0,509.0,2048.0,2040.0,2066.0,2061.0
2025-343T00:02:49.963,2202.1956,,,,,,,,,,
2025-343T00:02:55.963,,619.0,500.0,518.0,509.0,517.0,509.0,2048.0,2040.0,2067.0,2061.0
2025-343T00:02:56.963,2101.0968000000003,,,,,,,,,,
2025-343T00:03:01.963,2101.0968000000003,,,,,,,,,,
2025-343T00:03:04.963,,555.0,500.0,518.0,509.0,516.0,510.0,2048.0,2040.0,2066.0,2061.0
2025-343T00:03:07.963,2023.4412,,,,,,,,,,
2025-343T00:03:13.963,,531.0,499.0,518.0,509.0,516.0,510.0,2048.0,2039.0,2066.0,2061.0
2025-343T00:03:14.963,1900.3644,,,,,,,,,,
2025-343T00:03:19.963,1824.174,,,,,,,,,,
2025-343T00:03:22.963,,523.0,500.0,518.0,509.0,516.0,510.0,2048.0,2040.0,2066.0,2061.0
2025-343T00:03:25.963,1800.7308,,,,,,,,,,
2025-343T00:03:31.963,,523.0,499.0,518.0,509.0,516.0,509.0,2048.0,2040.0,2066.0,2061.0
2025-343T00:03:32.963,1944.3204,,,,,,,,,,
2025-343T00:03:37.963,2001.4632,,,,,,,,,,
2025-343T00:03:38.963,,535.0,500.0,518.0,509.0,516.0,510.0,2048.0,2040.0,2067.0,2061.0
2025-343T00:03:43.963,,524.0,499.0,518.0,509.0,516.0,510.0,2048.0,2040.0,2067.0,2061.0
2025-343T00:03:49.963,,534.0,499.0,518.0,509.0,516.0,510.0,2048.0,2040.0,2067.0,2061.0
2025-343T00:03:55.963,,526.0,500.0,518.0,509.0,516.0,510.0,2048.0,2040.0,2066.0,2061.0
2025-343T00:04:01.963,,525.0,500.0,518.0,509.0,516.0,510.0,2048.0,2040.0,2066.0,2061.0
2025-343T00:04:02.963,2001.4632,,,,,,,,,,
2025-343T00:04:07.963,,524.0,500.0,518.0,509.0,516.0,509.0,2048.0,2040.0,2066.0,2061.0
2025-343T00:04:13.963,,528.0,499.0,518.0,509.0,516.0,510.0,2048.0,2040.0,2067.0,2061.0
2025-343T00:04:19.963,,532.0,499.0,518.0,509.0,516.0,509.0,2048.0,2040.0,2067.0,2061.0
2025-343T00:04:25.963,,527.0,499.0,518.0,509.0,516.0,509.0,2048.0,2040.0,2066.0,2061.0
2025-343T00:04:28.962,2001.4632,,,,,,,,,,
2025-343T00:04:31.962,,546.0,499.0,518.0,509.0,516.0,510.0,2048.0,2040.0,2066.0,2061.0
2025-343T00:04:37.962,,528.0,499.0,518.0,509.0,516.0,510.0,2048.0,2040.0,2066.0,2061.0
2025-343T00:04:43.962,,535.0,499.0,518.0,509.0,516.0,509.0,2048.0,2040.0,2066.0,2061.0
2025-343T00:04:49.962,,530.0,500.0,518.0,509.0,516.0,509.0,2048.0,2040.0,2067.0,2061.0
2025-343T00:04:53.962,2001.4632,,,,,,,,,,
2025-343T00:04:55.962,,527.0,500.0,518.0,509.0,516.0,510.0,2048.0,2040.0,2066.0,2061.0
2025-343T00:05:01.962,,529.0,500.0,518.0,509.0,516.0,510.0,2048.0,2040.0,2066.0,2061.0
2025-343T00:05:07.962,,539.0,499.0,518.0,509.0,516.0,510.0,2048.0,2040.0,2067.0,2061.0
2025-343T00:05:13.962,,558.0,499.0,518.0,509.0,516.0,510.0,2048.0,2040.0,2067.0,2061.0
2025-343T00:05:19.962,,530.0,499.0,518.0,509.0,516.0,510.0,2048.0,2040.0,2066.0,2061.0
2025-343T00:05:20.962,2001.4632,,,,,,,,,,
2025-343T00:05:25.962,,526.0,500.0,518.0,509.0,516.0,510.0,2048.0,2040.0,2066.0,2061.0
2025-343T00:05:31.962,,537.0,500.0,518.0,509.0,516.0,510.0,2048.0,2040.0,2066.0,2061.0
2025-343T00:05:37.962,,552.0,500.0,518.0,509.0,516.0,510.0,2048.0,2040.0,2066.0,2061.0
2025-343T00:05:43.962,,528.0,500.0,518.0,509.0,516.0,510.0,2048.0,2040.0,2066.0,2061.0
2025-343T00:05:46.962,2001.4632,,,,,,,,,,
2025-343T00:05:49.962,,526.0,499.0,518.0,509.0,516.0,510.0,2048.0,2040.0,2066.0,2061.0
2025-343T00:05:55.962,,533.0,499.0,518.0,509.0,516.0,509.0,2048.0,2040.0,2066.0,2061.0
2025-343T00:06:01.962,,535.0,500.0,518.0,509.0,516.0,510.0,2048.0,2040.0,2067.0,2061.0
2025-343T00:06:07.962,,539.0,500.0,518.0,509.0,516.0,510.0,2048.0,2040.0,2066.0,2061.0
2025-343T00:06:11.962,2001.4632,,,,,,,,,,
2025-343T00:06:13.962,,549.0,499.0,518.0,509.0,516.0,510.0,2048.0,2040.0,2067.0,2061.0
2025-343T00:06:19.962,,532.0,500.0,518.0,509.0,516.0,510.0,2048.0,2040.0,2066.0,2061.0
2025-343T00:07:11.961,2001.4632,,,,,,,,,,
2025-343T00:08:11.961,2001.4632,,,,,,,,,,
2025-343T00:08:19.961,,581.0,497.0,518.0,509.0,516.0,509.0,2048.0,2039.0,2067.0,2061.0
2025-343T00:09:11.961,2001.4632,,,,,,,,,,
2025-343T00:10:11.960,2001.4632,,,,,,,,,,
2025-343T00:10:19.960,,564.0,498.0,518.0,509.0,516.0,509.0,2048.0,2040.0,2067.0,2061.0
2025-343T00:11:11.960,2001.4632,,,,,,,,,,
2025-343T00:12:11.959,2001.4632,,,,,,,,,,
2025-343T00:12:19.959,,552.0,499.0,518.0,509.0,516.0,509.0,2048.0,2039.0,2067.0,2061.0
2025-343T00:13:11.959,2001.4632,,,,,,,,,,
2025-343T00:14:11.959,2001.4632,,,,,,,,,,
2025-343T00:14:19.959,,559.0,499.0,518.0,508.0,516.0,509.0,2048.0,2040.0,2067.0,2061.0
2025-343T00:15:11.958,2001.4632,,,,,,,,,,
2025-343T00:16:11.958,2001.4632,,,,,,,,,,
2025-343T00:16:19.958,,545.0,499.0,518.0,509.0,516.0,509.0,2049.0,2040.0,2067.0,2061.0
2025-343T00:17:11.957,2001.4632,,,,,,,,,,
2025-343T00:18:11.957,2001.4632,,,,,,,,,,
2025-343T00:18:19.957,,540.0,499.0,518.0,509.0,516.0,509.0,2048.0,2040.0,2067.0,2061.0
2025-343T00:19:11.957,2001.4632,,,,,,,,,,
2025-343T00:20:11.956,2001.4632,,,,,,,,,,
2025-343T00:20:19.956,,549.0,499.0,518.0,509.0,516.0,509.0,2048.0,2039.0,2067.0,2061.0
2025-343T00:21:11.956,2001.4632,,,,,,,,,,
2025-343T00:22:11.956,2001.4632,,,,,,,,,,
2025-343T00:22:19.956,,552.0,499.0,518.0,508.0,516.0,509.0,2048.0,2040.0,2067.0,2061.0
2025-343T00:23:11.955,2001.4632,,,,,,,,,,
2025-343T00:24:11.955,2001.4632,,,,,,,,,,
2025-343T00:24:19.955,,546.0,499.0,518.0,509.0,516.0,509.0,2048.0,2040.0,2067.0,2061.0
2025-343T00:25:11.954,2001.4632,,,,,,,,,,
2025-343T00:26:11.954,2001.4632,,,,,,,,,,
2025-343T00:26:19.954,,584.0,498.0,518.0,509.0,516.0,509.0,2051.0,2037.0,2067.0,2061.0
2025-343T00:27:11.954,2001.4632,,,,,,,,,,
2025-343T00:28:11.953,2001.4632,,,,,,,,,,
2025-343T00:28:19.953,,559.0,499.0,518.0,509.0,516.0,509.0,2048.0,2040.0,2067.0,2060.0
2025-343T00:29:11.953,2001.4632,,,,,,,,,,
2025-343T00:30:11.952,2001.4632,,,,,,,,,,
2025-343T00:30:19.952,,562.0,499.0,518.0,508.0,516.0,509.0,2048.0,2039.0,2067.0,2061.0
2025-343T00:31:11.952,2001.4632,,,,,,,,,,
2025-343T00:32:11.952,2001.4632,,,,,,,,,,
2025-343T00:32:19.952,,549.0,499.0,518.0,509.0,516.0,509.0,2048.0,2040.0,2067.0,2061.0
2025-343T00:33:11.951,2001.4632,,,,,,,,,,
2025-343T00:34:11.951,2001.4632,,,,,,,,,,
2025-343T00:34:19.951,,572.0,499.0,518.0,509.0,516.0,509.0,2048.0,2040.0,2067.0,2061.0
2025-343T00:35:11.950,2001.4632,,,,,,,,,,
2025-343T00:36:11.950,2001.4632,,,,,,,,,,
2025-343T00:36:19.950,,560.0,498.0,518.0,509.0,516.0,509.0,2048.0,2039.0,2067.0,2061.0
2025-343T00:37:11.950,2001.4632,,,,,,,,,,
2025-343T00:38:11.949,2001.4632,,,,,,,,,,
2025-343T00:38:19.949,,549.0,499.0,518.0,509.0,516.0,509.0,2048.0,2039.0,2067.0,2061.0
2025-343T00:39:11.949,2001.4632,,,,,,,,,,
2025-343T00:40:11.949,2001.4632,,,,,,,,,,
2025-343T00:40:19.949,,557.0,499.0,518.0,509.0,516.0,509.0,2048.0,2039.0,2067.0,2061.0
2025-343T00:41:11.948,2001.4632,,,,,,,,,,
2025-343T00:42:11.948,2001.4632,,,,,,,,,,
2025-343T00:42:19.948,,574.0,499.0,518.0,509.0,516.0,509.0,2048.0,2039.0,2067.0,2061.0
2025-343T00:43:11.947,2001.4632,,,,,,,,,,
2025-343T00:44:11.947,2001.4632,,,,,,,,,,
2025-343T00:44:19.947,,560.0,499.0,518.0,509.0,516.0,509.0,2048.0,2040.0,2067.0,2061.0
2025-343T00:45:11.947,2001.4632,,,,,,,,,,
2025-343T00:46:11.946,2001.4632,,,,,,,,,,
2025-343T00:46:19.946,,565.0,499.0,518.0,509.0,516.0,509.0,2048.0,2040.0,2067.0,2061.0
2025-343T00:47:11.946,2001.4632,,,,,,,,,,
2025-343T00:48:11.945,2001.4632,,,,,,,,,,
2025-343T00:48:19.945,,556.0,499.0,518.0,509.0,516.0,509.0,2048.0,2040.0,2067.0,2061.0
2025-343T00:49:11.945,2001.4632,,,,,,,,,,
2025-343T00:50:11.945,2001.4632,,,,,,,,,,
2025-343T00:50:19.945,,563.0,499.0,518.0,509.0,516.0,509.0,2048.0,2040.0,2067.0,2061.0
2025-343T00:51:11.944,2001.4632,,,,,,,,,,
2025-343T00:52:11.944,2001.4632,,,,,,,,,,
2025-343T00:52:19.944,,564.0,499.0,518.0,509.0,516.0,509.0,2048.0,2039.0,2067.0,2061.0
2025-343T00:53:11.943,2001.4632,,,,,,,,,,
2025-343T00:54:11.943,2001.4632,,,,,,,,,,
2025-343T00:54:19.943,,560.0,499.0,518.0,509.0,516.0,509.0,2048.0,2039.0,2067.0,2061.0
2025-343T00:55:11.943,2001.4632,,,,,,,,,,
2025-343T00:56:11.942,2001.4632,,,,,,,,,,
2025-343T00:56:19.942,,562.0,499.0,518.0,509.0,516.0,509.0,2051.0,2037.0,2067.0,2061.0
2025-343T00:57:11.942,2001.4632,,,,,,,,,,
2025-343T00:58:11.942,2001.4632,,,,,,,,,,
2025-343T00:58:19.942,,601.0,499.0,518.0,509.0,516.0,509.0,2048.0,2040.0,2067.0,2061.0
2025-343T00:59:11.941,2001.4632,,,,,,,,,,
2025-343T01:00:11.941,2001.4632,,,,,,,,,,
2025-343T01:00:19.941,,567.0,499.0,518.0,509.0,516.0,509.0,2048.0,2040.0,2067.0,2061.0
2025-343T01:01:11.940,2001.4632,,,,,,,,,,
2025-343T01:02:11.940,2001.4632,,,,,,,,,,
2025-343T01:02:19.940,,556.0,499.0,518.0,509.0,516.0,509.0,2048.0,2040.0,2067.0,2061.0
2025-343T01:03:11.940,2001.4632,,,,,,,,,,
2025-343T01:04:11.939,2001.4632,,,,,,,,,,
2025-343T01:04:19.939,,549.0,499.0,518.0,509.0,516.0,509.0,2048.0,2039.0,2067.0,2061.0
2025-343T01:05:11.939,2001.4632,,,,,,,,,,
2025-343T01:06:11.938,2001.4632,,,,,,,,,,
2025-343T01:06:19.938,,566.0,499.0,518.0,509.0,516.0,509.0,2048.0,2039.0,2067.0,2061.0
2025-343T01:07:11.938,2001.4632,,,,,,,,,,
2025-343T01:08:11.938,2001.4632,,,,,,,,,,
2025-343T01:08:19.938,,548.0,499.0,518.0,509.0,516.0,509.0,2048.0,2040.0,2067.0,2061.0
2025-343T01:09:11.937,2001.4632,,,,,,,,,,
2025-343T01:10:11.937,2001.4632,,,,,,,,,,
2025-343T01:10:19.937,,547.0,499.0,518.0,509.0,516.0,509.0,2048.0,2040.0,2067.0,2061.0
2025-343T01:11:11.936,2001.4632,,,,,,,,,,
2025-343T01:12:11.936,2001.4632,,,,,,,,,,
2025-343T01:12:19.936,,571.0,499.0,518.0,509.0,516.0,509.0,2048.0,2040.0,2067.0,2061.0
2025-343T01:13:11.936,2001.4632,,,,,,,,,,
2025-343T01:14:11.935,2001.4632,,,,,,,,,,
2025-343T01:14:19.935,,570.0,499.0,518.0,509.0,516.0,509.0,2048.0,2039.0,2067.0,2061.0
2025-343T01:15:11.935,2001.4632,,,,,,,,,,
2025-343T01:16:11.935,2001.4632,,,,,,,,,,
2025-343T01:16:19.935,,542.0,498.0,518.0,508.0,516.0,509.0,2048.0,2039.0,2067.0,2061.0
2025-343T01:17:11.934,2001.4632,,,,,,,,,,
2025-343T01:18:11.934,2001.4632,,,,,,,,,,
2025-343T01:18:19.934,,548.0,499.0,518.0,508.0,516.0,509.0,2048.0,2040.0,2067.0,2061.0
2025-343T01:19:11.933,2001.4632,,,,,,,,,,
2025-343T01:20:11.933,2001.4632,,,,,,,,,,
2025-343T01:20:19.933,,571.0,499.0,518.0,509.0,516.0,509.0,2048.0,2039.0,2067.0,2061.0
2025-343T01:21:11.933,2001.4632,,,,,,,,,,
2025-343T01:22:11.932,2001.4632,,,,,,,,,,
2025-343T01:22:19.932,,562.0,499.0,518.0,509.0,516.0,509.0,2049.0,2039.0,2067.0,2061.0
2025-343T01:23:11.932,2001.4632,,,,,,,,,,
2025-343T01:24:11.931,2001.4632,,,,,,,,,,
2025-343T01:24:19.932,,548.0,499.0,518.0,509.0,516.0,509.0,2048.0,2039.0,2067.0,2061.0
2025-343T01:25:11.931,2001.4632,,,,,,,,,,
2025-343T01:26:11.931,2001.4632,,,,,,,,,,
2025-343T01:26:19.931,,604.0,498.0,518.0,508.0,516.0,509.0,2051.0,2036.0,2067.0,2061.0
2025-343T01:27:11.930,2001.4632,,,,,,,,,,
2025-343T01:28:11.930,2001.4632,,,,,,,,,,
2025-343T01:28:19.930,,548.0,499.0,518.0,509.0,516.0,509.0,2048.0,2039.0,2067.0,2061.0
2025-343T01:29:11.930,2001.4632,,,,,,,,,,
2025-343T01:30:11.929,2001.4632,,,,,,,,,,
2025-343T01:30:19.929,,574.0,499.0,518.0,509.0,516.0,509.0,2048.0,2039.0,2067.0,2061.0
2025-343T01:31:11.929,2001.4632,,,,,,,,,,
2025-343T01:32:11.928,2001.4632,,,,,,,,,,
2025-343T01:32:19.928,,570.0,499.0,518.0,509.0,516.0,509.0,2048.0,2040.0,2067.0,2061.0
2025-343T01:32:25.928,,530.0,500.0,518.0,509.0,516.0,509.0,2048.0,2040.0,2066.0,2061.0
2025-343T01:32:31.928,,534.0,500.0,518.0,509.0,516.0,510.0,2048.0,2040.0,2066.0,2061.0
2025-343T01:32:37.928,,553.0,499.0,518.0,509.0,516.0,510.0,2048.0,2040.0,2066.0,2061.0
2025-343T01:32:38.928,2001.4632,,,,,,,,,,
2025-343T01:32:43.928,,539.0,500.0,518.0,509.0,516.0,510.0,2048.0,2040.0,2066.0,2061.0
2025-343T01:32:49.928,,531.0,500.0,518.0,509.0,516.0,510.0,2048.0,2040.0,2067.0,2061.0
2025-343T01:32:55.928,,525.0,500.0,518.0,509.0,516.0,510.0,2048.0,2040.0,2066.0,2061.0
2025-343T01:33:01.928,,527.0,500.0,518.0,509.0,516.0,510.0,2048.0,2040.0,2066.0,2061.0
2025-343T01:33:04.928,2001.4632,,,,,,,,,,
2025-343T01:33:07.928,,531.0,499.0,518.0,509.0,516.0,510.0,2048.0,2040.0,2066.0,2061.0
2025-343T01:33:13.928,,537.0,499.0,518.0,509.0,516.0,510.0,2048.0,2040.0,2066.0,2061.0
2025-343T01:33:19.928,,526.0,499.0,518.0,509.0,516.0,510.0,2048.0,2040.0,2066.0,2061.0
2025-343T01:33:25.928,,528.0,500.0,518.0,509.0,516.0,510.0,2048.0,2040.0,2067.0,2061.0
2025-343T01:33:29.928,2001.4632,,,,,,,,,,
2025-343T01:33:31.928,,542.0,500.0,518.0,509.0,516.0,509.0,2048.0,2040.0,2066.0,2061.0
2025-343T01:33:37.928,,540.0,499.0,518.0,509.0,516.0,510.0,2048.0,2040.0,2066.0,2061.0
2025-343T01:33:43.928,,535.0,500.0,518.0,509.0,516.0,510.0,2048.0,2040.0,2066.0,2061.0
2025-343T01:33:49.928,,526.0,500.0,518.0,509.0,516.0,510.0,2048.0,2040.0,2066.0,2061.0
2025-343T01:33:55.928,,530.0,499.0,518.0,509.0,516.0,509.0,2048.0,2040.0,2066.0,2061.0
2025-343T01:33:56.928,2001.4632,,,,,,,,,,
2025-343T01:34:01.928,,558.0,499.0,518.0,509.0,516.0,509.0,2048.0,2040.0,2066.0,2061.0
2025-343T01:34:07.928,,531.0,499.0,518.0,509.0,516.0,510.0,2048.0,2040.0,2066.0,2061.0
2025-343T01:34:13.928,,537.0,500.0,518.0,509.0,516.0,510.0,2048.0,2040.0,2066.0,2061.0
2025-343T01:34:19.928,,533.0,499.0,518.0,509.0,516.0,510.0,2048.0,2040.0,2066.0,2061.0
2025-343T01:34:22.928,2001.4632,,,,,,,,,,
2025-343T01:34:25.928,,528.0,500.0,518.0,509.0,516.0,509.0,2048.0,2040.0,2066.0,2061.0
2025-343T01:34:31.928,,534.0,500.0,518.0,509.0,516.0,509.0,2049.0,2040.0,2066.0,2061.0
2025-343T01:34:37.928,,530.0,499.0,518.0,509.0,516.0,510.0,2048.0,2040.0,2066.0,2061.0
2025-343T01:34:43.927,,529.0,499.0,518.0,509.0,516.0,510.0,2048.0,2039.0,2066.0,2061.0
2025-343T01:34:47.927,1591.2072,,,,,,,,,,
2025-343T01:34:49.927,,523.0,72.0,943.0,509.0,516.0,272.0,2053.0,2038.0,2066.0,2061.0
2025-343T01:34:55.927,,418.0,73.0,858.0,602.0,478.0,272.0,2048.0,2040.0,2066.0,2061.0
2025-343T01:35:01.927,,418.0,73.0,858.0,602.0,478.0,272.0,2048.0,2040.0,2066.0,2060.0
2025-343T01:35:07.927,,418.0,73.0,858.0,602.0,478.0,272.0,2048.0,2040.0,2066.0,2061.0
2025-343T01:35:13.927,,418.0,73.0,858.0,602.0,478.0,272.0,2047.0,2040.0,2066.0,2061.0
2025-343T01:35:14.927,203.6628,,,,,,,,,,
2025-343T01:35:19.927,,418.0,73.0,858.0,602.0,478.0,272.0,2047.0,2040.0,2066.0,2060.0
2025-343T01:35:25.927,,418.0,73.0,858.0,602.0,478.0,272.0,2047.0,2040.0,2066.0,2060.0
2025-343T01:35:31.927,,418.0,73.0,858.0,602.0,478.0,272.0,2047.0,2040.0,2066.0,2061.0
2025-343T01:35:37.927,,418.0,73.0,858.0,602.0,478.0,272.0,2049.0,2040.0,2066.0,2060.0
2025-343T01:35:40.927,203.6628,,,,,,,,,,
2025-343T01:35:43.927,,418.0,73.0,858.0,602.0,478.0,272.0,2047.0,2040.0,2066.0,2061.0
2025-343T01:35:49.927,,418.0,73.0,858.0,602.0,478.0,272.0,2047.0,2040.0,2066.0,2061.0
2025-343T01:35:55.927,,418.0,73.0,858.0,602.0,478.0,272.0,2050.0,2035.0,2066.0,2060.0
2025-343T01:36:01.927,,418.0,73.0,858.0,602.0,478.0,272.0,2047.0,2040.0,2066.0,2061.0
2025-343T01:36:05.927,0.0,,,,,,,,,,
2025-343T01:36:07.927,,418.0,73.0,858.0,602.0,478.0,272.0,2047.0,2040.0,2066.0,2061.0
2025-343T01:36:13.927,,418.0,73.0,858.0,602.0,478.0,272.0,2047.0,2040.0,2066.0,2060.0
2025-343T01:36:19.927,,418.0,73.0,858.0,602.0,478.0,272.0,2047.0,2040.0,2066.0,2061.0
2025-343T01:36:25.927,,418.0,73.0,858.0,602.0,478.0,272.0,2047.0,2040.0,2066.0,2061.0
2025-343T01:36:31.927,,418.0,73.0,858.0,602.0,478.0,272.0,2047.0,2040.0,2066.0,2060.0
2025-343T01:36:32.927,0.0,,,,,,,,,,
2025-343T01:36:37.927,,418.0,73.0,858.0,602.0,478.0,272.0,2048.0,2040.0,2066.0,2061.0
2025-343T01:36:43.927,,418.0,73.0,858.0,602.0,478.0,272.0,2047.0,2040.0,2066.0,2061.0
2025-343T01:36:49.927,,418.0,73.0,858.0,602.0,478.0,272.0,2047.0,2040.0,2066.0,2061.0
2025-343T01:36:55.927,,418.0,73.0,858.0,602.0,478.0,272.0,2047.0,2040.0,2066.0,2061.0
2025-343T01:36:58.927,0.0,,,,,,,,,,
2025-343T01:37:01.927,,418.0,73.0,858.0,602.0,478.0,272.0,2047.0,2040.0,2066.0,2061.0
2025-343T01:37:07.927,,418.0,73.0,858.0,602.0,478.0,272.0,2047.0,2040.0,2066.0,2061.0
2025-343T01:37:13.927,,418.0,73.0,858.0,602.0,478.0,272.0,2047.0,2040.0,2066.0,2060.0
2025-343T01:37:19.926,,418.0,73.0,858.0,602.0,478.0,272.0,2047.0,2040.0,2066.0,2061.0
2025-343T01:37:23.926,0.0,,,,,,,,,,
2025-343T01:37:25.926,,418.0,73.0,858.0,602.0,478.0,272.0,2047.0,2040.0,2066.0,2061.0
2025-343T01:37:31.926,,418.0,73.0,858.0,602.0,478.0,272.0,2047.0,2040.0,2066.0,2061.0
2025-343T01:37:37.926,,418.0,73.0,858.0,602.0,478.0,272.0,2050.0,2019.0,2066.0,2060.0
2025-343T01:37:43.926,,418.0,73.0,858.0,602.0,478.0,272.0,2047.0,2040.0,2066.0,2060.0
2025-343T01:37:46.926,0.0,,,,,,,,,,
2025-343T01:37:52.926,,418.0,73.0,858.0,602.0,478.0,272.0,4095.0,0.0,2099.0,1833.0
2025-343T01:37:53.926,0.0,,,,,,,,,,
2025-343T01:37:58.926,0.0,,,,,,,,,,
2025-343T01:38:01.926,,418.0,73.0,858.0,515.0,478.0,272.0,2050.0,2037.0,2066.0,2061.0
2025-343T01:38:04.926,0.0,,,,,,,,,,
2025-343T01:38:10.926,,418.0,73.0,858.0,602.0,478.0,272.0,2050.0,2037.0,2066.0,2061.0
2025-343T01:38:11.926,0.0,,,,,,,,,,
2025-343T01:38:16.926,0.0,,,,,,,,,,
2025-343T01:38:19.926,,418.0,73.0,858.0,602.0,478.0,272.0,2050.0,2037.0,2066.0,2060.0
2025-343T01:38:22.926,0.0,,,,,,,,,,
2025-343T01:38:28.926,,418.0,73.0,858.0,602.0,478.0,272.0,2050.0,2036.0,2066.0,2061.0
2025-343T01:38:29.926,0.0,,,,,,,,,,
2025-343T01:38:34.926,0.0,,,,,,,,,,
2025-343T01:38:37.926,,418.0,73.0,858.0,602.0,478.0,272.0,2050.0,2036.0,2066.0,2061.0
2025-343T01:38:40.926,0.0,,,,,,,,,,
2025-343T01:38:46.926,,418.0,73.0,858.0,602.0,478.0,272.0,2050.0,2037.0,2066.0,2061.0
2025-343T01:38:47.926,0.0,,,,,,,,,,
2025-343T01:38:52.926,0.0,,,,,,,,,,
2025-343T01:38:55.926,,418.0,73.0,858.0,602.0,478.0,272.0,2050.0,2037.0,2066.0,2061.0
2025-343T01:38:58.926,0.0,,,,,,,,,,
2025-343T01:39:04.926,,418.0,73.0,858.0,602.0,478.0,272.0,2050.0,2037.0,2066.0,2061.0
2025-343T01:39:05.926,0.0,,,,,,,,,,
2025-343T01:39:10.926,0.0,,,,,,,,,,
2025-343T01:39:13.926,,418.0,73.0,858.0,602.0,478.0,272.0,2050.0,2037.0,2066.0,2061.0
2025-343T01:39:16.926,0.0,,,,,,,,,,
2025-343T01:39:22.926,,418.0,73.0,858.0,602.0,478.0,272.0,2050.0,2036.0,2066.0,2061.0
2025-343T01:39:23.925,0.0,,,,,,,,,,
2025-343T01:39:28.925,0.0,,,,,,,,,,
2025-343T01:39:31.926,,418.0,73.0,858.0,602.0,478.0,272.0,2052.0,2037.0,2066.0,2061.0
2025-343T01:39:34.925,0.0,,,,,,,,,,
2025-343T01:39:40.925,,418.0,73.0,858.0,602.0,478.0,272.0,2050.0,2037.0,2066.0,2061.0
2025-343T01:39:41.925,0.0,,,,,,,,,,
2025-343T01:39:46.925,0.0,,,,,,,,,,
2025-343T01:39:49.925,,418.0,73.0,858.0,602.0,478.0,272.0,2050.0,2037.0,2066.0,2060.0
2025-343T01:39:52.925,0.0,,,,,,,,,,
2025-343T01:39:58.925,,418.0,73.0,858.0,602.0,478.0,272.0,2050.0,2037.0,2066.0,2061.0
2025-343T01:39:59.925,0.0,,,,,,,,,,
2025-343T01:40:04.925,0.0,,,,,,,,,,
2025-343T01:40:07.925,,418.0,73.0,858.0,602.0,478.0,272.0,2050.0,2025.0,2066.0,2061.0
2025-343T01:40:10.925,0.0,,,,,,,,,,
2025-343T01:40:16.925,,418.0,73.0,858.0,602.0,478.0,272.0,2050.0,2037.0,2066.0,2060.0
2025-343T01:40:17.925,0.0,,,,,,,,,,
2025-343T01:40:22.925,0.0,,,,,,,,,,
2025-343T01:40:25.925,,418.0,73.0,858.0,602.0,478.0,272.0,2050.0,2037.0,2066.0,2061.0
2025-343T01:40:28.925,0.0,,,,,,,,,,
2025-343T01:40:34.925,,418.0,73.0,858.0,602.0,478.0,272.0,2050.0,2037.0,2066.0,2060.0
2025-343T01:40:35.925,0.0,,,,,,,,,,
2025-343T01:40:40.925,0.0,,,,,,,,,,
2025-343T01:40:43.925,,418.0,73.0,858.0,602.0,478.0,272.0,2050.0,2037.0,2066.0,2061.0
2025-343T01:40:46.925,0.0,,,,,,,,,,
2025-343T01:40:52.925,,418.0,73.0,858.0,602.0,478.0,272.0,2049.0,2037.0,2066.0,2060.0
2025-343T01:40:53.925,0.0,,,,,,,,,,
2025-343T01:40:58.925,0.0,,,,,,,,,,
2025-343T01:41:01.925,,418.0,73.0,858.0,602.0,478.0,272.0,2050.0,2037.0,2066.0,2061.0
2025-343T01:41:04.925,0.0,,,,,,,,,,
2025-343T01:41:10.925,,418.0,73.0,858.0,602.0,478.0,272.0,2050.0,2036.0,2066.0,2061.0
2025-343T01:41:11.925,0.0,,,,,,,,,,
2025-343T01:41:16.925,0.0,,,,,,,,,,
2025-343T01:41:19.925,,418.0,73.0,858.0,602.0,478.0,272.0,2050.0,2036.0,2066.0,2061.0
2025-343T01:41:22.925,0.0,,,,,,,,,,
2025-343T01:41:28.925,,418.0,73.0,858.0,602.0,478.0,272.0,2049.0,2037.0,2066.0,2061.0
2025-343T01:41:29.925,0.0,,,,,,,,,,
2025-343T01:41:34.924,0.0,,,,,,,,,,
2025-343T01:41:37.925,,418.0,73.0,858.0,602.0,478.0,272.0,2050.0,2037.0,2066.0,2061.0
2025-343T01:41:40.924,0.0,,,,,,,,,,
2025-343T01:41:46.924,,418.0,73.0,858.0,602.0,478.0,272.0,2050.0,2037.0,2066.0,2061.0
2025-343T01:41:47.924,0.0,,,,,,,,,,
2025-343T01:41:52.924,0.0,,,,,,,,,,
2025-343T01:41:55.924,,418.0,73.0,858.0,602.0,478.0,272.0,2050.0,2036.0,2066.0,2060.0
2025-343T01:41:58.924,0.0,,,,,,,,,,
2025-343T01:42:04.924,,418.0,73.0,858.0,602.0,478.0,272.0,2049.0,2037.0,2066.0,2061.0
2025-343T01:42:05.924,0.0,,,,,,,,,,
2025-343T01:42:10.924,0.0,,,,,,,,,,
2025-343T01:42:13.924,,418.0,73.0,858.0,515.0,478.0,272.0,2050.0,2037.0,2066.0,2061.0
2025-343T01:42:16.924,0.0,,,,,,,,,,
2025-343T01:42:22.924,,418.0,73.0,858.0,602.0,478.0,272.0,2050.0,2037.0,2066.0,2060.0
2025-343T01:42:23.924,0.0,,,,,,,,,,
2025-343T01:42:28.924,0.0,,,,,,,,,,
2025-343T01:42:31.924,,418.0,73.0,858.0,602.0,478.0,272.0,2050.0,2036.0,2066.0,2060.0
2025-343T01:42:34.924,0.0,,,,,,,,,,
2025-343T01:42:40.924,,418.0,73.0,858.0,602.0,478.0,272.0,2061.0,2037.0,2066.0,2061.0
2025-343T01:42:41.924,0.0,,,,,,,,,,
2025-343T01:42:46.924,0.0,,,,,,,,,,
2025-343T01:42:49.924,,418.0,73.0,858.0,602.0,478.0,272.0,2050.0,2037.0,2066.0,2060.0
2025-343T01:42:52.924,0.0,,,,,,,,,,
2025-343T01:42:58.924,,418.0,73.0,858.0,602.0,478.0,272.0,2050.0,2037.0,2066.0,2060.0
2025-343T01:42:59.924,0.0,,,,,,,,,,
2025-343T01:43:04.924,0.0,,,,,,,,,,
2025-343T01:43:07.924,,418.0,73.0,858.0,602.0,478.0,272.0,2050.0,2037.0,2066.0,2060.0
2025-343T01:43:10.924,0.0,,,,,,,,,,
2025-343T01:43:16.924,,418.0,73.0,858.0,602.0,478.0,272.0,2050.0,2037.0,2066.0,2061.0
2025-343T01:43:17.924,0.0,,,,,,,,,,
2025-343T01:43:22.924,0.0,,,,,,,,,,
2025-343T01:43:25.924,,418.0,73.0,858.0,602.0,478.0,272.0,2050.0,2037.0,2066.0,2061.0
2025-343T01:43:28.924,0.0,,,,,,,,,,
2025-343T01:43:34.924,,418.0,73.0,858.0,602.0,478.0,272.0,2050.0,2036.0,2066.0,2061.0
2025-343T01:43:35.923,0.0,,,,,,,,,,
2025-343T01:43:40.923,0.0,,,,,,,,,,
2025-343T01:43:43.923,,418.0,73.0,858.0,602.0,478.0,272.0,2050.0,2037.0,2066.0,2061.0
2025-343T01:43:46.923,0.0,,,,,,,,,,
2025-343T01:43:52.923,,418.0,73.0,858.0,602.0,478.0,272.0,2050.0,2037.0,2066.0,2061.0
2025-343T01:43:53.923,0.0,,,,,,,,,,
2025-343T01:43:58.923,0.0,,,,,,,,,,
2025-343T01:44:01.923,,418.0,73.0,858.0,602.0,478.0,272.0,2050.0,2037.0,2066.0,2061.0
2025-343T01:44:04.923,0.0,,,,,,,,,,
2025-343T01:44:10.923,,418.0,73.0,858.0,602.0,478.0,272.0,2050.0,2037.0,2066.0,2060.0
2025-343T01:44:11.923,0.0,,,,,,,,,,
2025-343T01:44:16.923,0.0,,,,,,,,,,
2025-343T01:44:19.923,,418.0,73.0,858.0,515.0,478.0,272.0,2050.0,2036.0,2066.0,2060.0
2025-343T01:44:22.923,0.0,,,,,,,,,,
2025-343T01:44:28.923,,418.0,73.0,858.0,602.0,478.0,272.0,2050.0,2037.0,2066.0,2060.0
2025-343T01:44:29.923,0.0,,,,,,,,,,
2025-343T01:44:34.923,0.0,,,,,,,,,,
2025-343T01:44:37.923,,418.0,73.0,858.0,602.0,478.0,272.0,2050.0,2037.0,2066.0,2060.0
2025-343T01:44:40.923,0.0,,,,,,,,,,
2025-343T01:44:46.923,,418.0,73.0,858.0,602.0,478.0,272.0,2050.0,2037.0,2066.0,2060.0
2025-343T01:44:47.923,0.0,,,,,,,,,,
2025-343T01:44:52.923,0.0,,,,,,,,,,
2025-343T01:44:55.923,,418.0,73.0,858.0,602.0,478.0,272.0,2050.0,2037.0,2066.0,2061.0
2025-343T01:44:58.923,0.0,,,,,,,,,,
2025-343T01:45:04.923,,418.0,73.0,858.0,515.0,478.0,272.0,2050.0,2036.0,2066.0,2060.0
2025-343T01:45:05.923,0.0,,,,,,,,,,
2025-343T01:45:10.923,0.0,,,,,,,,,,
2025-343T01:45:13.923,,418.0,73.0,858.0,515.0,478.0,272.0,2050.0,2037.0,2066.0,2060.0
2025-343T01:45:16.923,0.0,,,,,,,,,,
2025-343T01:45:22.923,,418.0,73.0,858.0,602.0,478.0,272.0,2050.0,2037.0,2066.0,2061.0
2025-343T01:45:23.922,0.0,,,,,,,,,,
2025-343T01:45:28.922,0.0,,,,,,,,,,
2025-343T01:45:31.923,,418.0,73.0,858.0,602.0,478.0,272.0,2049.0,2037.0,2066.0,2060.0
2025-343T01:45:34.922,0.0,,,,,,,,,,
2025-343T01:45:40.922,,418.0,73.0,858.0,602.0,478.0,272.0,2050.0,2037.0,2066.0,2060.0
2025-343T01:45:41.922,0.0,,,,,,,,,,
2025-343T01:45:46.922,0.0,,,,,,,,,,
2025-343T01:45:49.922,,418.0,73.0,858.0,602.0,478.0,272.0,2050.0,2037.0,2066.0,2061.0
2025-343T01:45:52.922,0.0,,,,,,,,,,
2025-343T01:45:58.922,,418.0,73.0,858.0,515.0,478.0,272.0,2050.0,2037.0,2066.0,2061.0
2025-343T01:45:59.922,0.0,,,,,,,,,,
2025-343T01:46:04.922,0.0,,,,,,,,,,
2025-343T01:46:07.922,,418.0,73.0,858.0,515.0,478.0,272.0,2050.0,2036.0,2066.0,2061.0
2025-343T01:46:10.922,0.0,,,,,,,,,,
2025-343T01:46:16.922,,418.0,73.0,858.0,602.0,478.0,272.0,2050.0,2037.0,2066.0,2061.0
2025-343T01:46:17.922,0.0,,,,,,,,,,
2025-343T01:46:22.922,0.0,,,,,,,,,,
2025-343T01:46:25.922,,418.0,73.0,858.0,602.0,478.0,272.0,2049.0,2036.0,2066.0,2061.0
2025-343T01:46:28.922,0.0,,,,,,,,,,
2025-343T01:46:34.922,,418.0,73.0,858.0,602.0,478.0,272.0,2050.0,2037.0,2066.0,2061.0
2025-343T01:46:35.922,0.0,,,,,,,,,,
2025-343T01:46:40.922,0.0,,,,,,,,,,
2025-343T01:46:43.922,,418.0,73.0,858.0,602.0,478.0,272.0,2050.0,2037.0,2066.0,2060.0
2025-343T01:46:46.922,0.0,,,,,,,,,,
2025-343T01:46:52.922,,418.0,73.0,858.0,602.0,478.0,272.0,2050.0,2036.0,2066.0,2060.0
2025-343T01:46:53.922,0.0,,,,,,,,,,
2025-343T01:46:58.922,0.0,,,,,,,,,,
2025-343T01:47:01.922,,418.0,73.0,858.0,602.0,478.0,272.0,2050.0,2037.0,2066.0,2060.0
2025-343T01:47:04.922,0.0,,,,,,,,,,
2025-343T01:47:10.922,,418.0,73.0,858.0,602.0,478.0,272.0,2050.0,2037.0,2066.0,2061.0
2025-343T01:47:11.921,0.0,,,,,,,,,,
2025-343T01:47:16.921,0.0,,,,,,,,,,
2025-343T01:47:19.921,,418.0,73.0,858.0,602.0,478.0,272.0,2050.0,2037.0,2066.0,2061.0
2025-343T01:47:22.921,0.0,,,,,,,,,,
2025-343T01:47:28.921,,418.0,73.0,858.0,602.0,478.0,272.0,2050.0,2037.0,2066.0,2060.0
2025-343T01:47:29.921,0.0,,,,,,,,,,
2025-343T01:47:34.921,0.0,,,,,,,,,,
2025-343T01:47:37.921,,418.0,73.0,858.0,602.0,478.0,272.0,2050.0,2036.0,2066.0,2060.0
2025-343T01:47:40.921,0.0,,,,,,,,,,
2025-343T01:47:46.921,,418.0,73.0,858.0,602.0,478.0,272.0,2049.0,2037.0,2066.0,2060.0
2025-343T01:47:47.921,0.0,,,,,,,,,,
2025-343T01:47:52.921,0.0,,,,,,,,,,
2025-343T01:47:55.921,,418.0,73.0,858.0,602.0,478.0,272.0,2050.0,2037.0,2066.0,2061.0
2025-343T01:47:58.921,0.0,,,,,,,,,,
2025-343T01:48:04.921,,418.0,73.0,858.0,602.0,478.0,272.0,2050.0,2037.0,2066.0,2061.0
2025-343T01:48:05.921,0.0,,,,,,,,,,
2025-343T01:48:10.921,0.0,,,,,,,,,,
2025-343T01:48:13.921,,418.0,73.0,858.0,602.0,478.0,272.0,2050.0,2037.0,2066.0,2061.0
2025-343T01:48:16.921,0.0,,,,,,,,,,
2025-343T01:48:22.921,,418.0,73.0,858.0,602.0,478.0,272.0,2049.0,2036.0,2066.0,2061.0
2025-343T01:48:23.921,0.0,,,,,,,,,,
2025-343T01:48:28.921,0.0,,,,,,,,,,
2025-343T01:48:31.921,,418.0,73.0,858.0,602.0,478.0,272.0,2050.0,2037.0,2066.0,2061.0
2025-343T01:48:34.921,0.0,,,,,,,,,,
2025-343T01:48:40.921,,418.0,73.0,858.0,515.0,478.0,272.0,2050.0,2037.0,2066.0,2061.0
2025-343T01:48:41.921,0.0,,,,,,,,,,
2025-343T01:48:46.921,0.0,,,,,,,,,,
2025-343T01:48:49.921,,418.0,73.0,858.0,602.0,478.0,272.0,2050.0,2037.0,2066.0,2060.0
2025-343T01:48:52.920,0.0,,,,,,,,,,
2025-343T01:48:58.921,,418.0,73.0,858.0,602.0,478.0,272.0,2050.0,2037.0,2066.0,2060.0
2025-343T01:48:59.920,0.0,,,,,,,,,,
2025-343T01:49:04.920,0.0,,,,,,,,,,
2025-343T01:49:07.920,,418.0,73.0,858.0,602.0,478.0,272.0,2049.0,2037.0,2066.0,2061.0
2025-343T01:49:10.920,0.0,,,,,,,,,,
2025-343T01:49:16.920,,418.0,73.0,858.0,602.0,478.0,272.0,2050.0,2037.0,2066.0,2061.0
2025-343T01:49:17.920,0.0,,,,,,,,,,
2025-343T01:49:22.920,0.0,,,,,,,,,,
2025-343T01:49:25.920,,418.0,73.0,858.0,602.0,478.0,272.0,2050.0,2036.0,2066.0,2060.0
2025-343T01:49:28.920,0.0,,,,,,,,,,
2025-343T01:49:34.920,,418.0,73.0,858.0,602.0,478.0,272.0,2050.0,2037.0,2066.0,2061.0
2025-343T01:49:35.920,0.0,,,,,,,,,,
2025-343T01:49:40.920,0.0,,,,,,,,,,
2025-343T01:49:43.920,,418.0,73.0,858.0,602.0,478.0,272.0,2050.0,2037.0,2066.0,2060.0
2025-343T01:49:46.920,0.0,,,,,,,,,,
2025-343T01:49:52.920,,418.0,73.0,858.0,602.0,478.0,272.0,2050.0,2037.0,2066.0,2061.0
2025-343T01:49:53.920,0.0,,,,,,,,,,
2025-343T01:49:58.920,0.0,,,,,,,,,,
2025-343T01:50:01.920,,418.0,73.0,858.0,602.0,478.0,272.0,2050.0,2025.0,2066.0,2060.0
2025-343T01:50:04.920,0.0,,,,,,,,,,
2025-343T01:50:10.920,,418.0,73.0,858.0,602.0,478.0,272.0,2049.0,2036.0,2066.0,2061.0
2025-343T01:50:11.920,0.0,,,,,,,,,,
2025-343T01:50:16.920,0.0,,,,,,,,,,
2025-343T01:50:19.920,,418.0,73.0,858.0,602.0,478.0,272.0,2050.0,2037.0,2066.0,2061.0
2025-343T01:50:22.920,0.0,,,,,,,,,,
2025-343T01:50:28.920,,418.0,73.0,858.0,602.0,478.0,272.0,2050.0,2036.0,2066.0,2061.0
2025-343T01:50:29.919,0.0,,,,,,,,,,
2025-343T01:50:34.919,0.0,,,,,,,,,,
2025-343T01:50:37.920,,418.0,73.0,858.0,602.0,478.0,272.0,2050.0,2037.0,2066.0,2060.0
2025-343T01:50:40.919,0.0,,,,,,,,,,
2025-343T01:50:46.919,,418.0,73.0,858.0,602.0,478.0,272.0,2050.0,2037.0,2066.0,2060.0
2025-343T01:50:47.919,0.0,,,,,,,,,,
2025-343T01:50:52.919,0.0,,,,,,,,,,
2025-343T01:50:55.919,,418.0,73.0,858.0,602.0,478.0,272.0,2050.0,2037.0,2066.0,2061.0
2025-343T01:50:58.919,0.0,,,,,,,,,,
2025-343T01:51:04.919,,418.0,73.0,858.0,602.0,478.0,272.0,2049.0,2037.0,2066.0,2060.0
2025-343T01:51:05.919,0.0,,,,,,,,,,
2025-343T01:51:10.919,0.0,,,,,,,,,,
2025-343T01:51:13.919,,418.0,73.0,858.0,602.0,478.0,272.0,2050.0,2036.0,2066.0,2061.0
2025-343T01:51:16.919,0.0,,,,,,,,,,
2025-343T01:51:22.919,,418.0,73.0,858.0,602.0,478.0,272.0,2050.0,2036.0,2066.0,2060.0
2025-343T01:51:23.919,0.0,,,,,,,,,,
2025-343T01:51:28.919,0.0,,,,,,,,,,
2025-343T01:51:31.919,,418.0,73.0,858.0,602.0,478.0,272.0,2050.0,2037.0,2066.0,2061.0
2025-343T01:51:34.919,0.0,,,,,,,,,,
2025-343T01:51:40.919,,418.0,73.0,858.0,602.0,478.0,272.0,2050.0,2037.0,2066.0,2061.0
2025-343T01:51:41.919,0.0,,,,,,,,,,
2025-343T01:51:46.919,0.0,,,,,,,,,,
2025-343T01:51:49.919,,418.0,73.0,858.0,602.0,478.0,272.0,2049.0,2037.0,2066.0,2060.0
2025-343T01:51:52.919,0.0,,,,,,,,,,
2025-343T01:51:58.919,,418.0,73.0,858.0,602.0,478.0,272.0,2050.0,2036.0,2066.0,2060.0
2025-343T01:51:59.919,0.0,,,,,,,,,,
2025-343T01:52:04.918,0.0,,,,,,,,,,
2025-343T01:52:07.919,,418.0,73.0,858.0,602.0,478.0,272.0,2050.0,2037.0,2066.0,2060.0
2025-343T01:52:10.918,0.0,,,,,,,,,,
2025-343T01:52:16.918,,418.0,73.0,858.0,602.0,478.0,272.0,2050.0,2037.0,2066.0,2060.0
2025-343T01:52:17.918,0.0,,,,,,,,,,
2025-343T01:52:22.918,0.0,,,,,,,,,,
2025-343T01:52:25.918,,418.0,73.0,858.0,602.0,478.0,272.0,2050.0,2037.0,2066.0,2061.0
2025-343T01:52:28.918,0.0,,,,,,,,,,
2025-343T01:52:34.918,,418.0,73.0,858.0,602.0,478.0,272.0,2049.0,2037.0,2066.0,2060.0
2025-343T01:52:35.918,0.0,,,,,,,,,,
2025-343T01:52:40.918,0.0,,,,,,,,,,
2025-343T01:52:43.918,,418.0,73.0,858.0,602.0,478.0,272.0,2060.0,2037.0,2066.0,2061.0
2025-343T01:52:46.918,0.0,,,,,,,,,,
2025-343T01:52:52.918,,418.0,73.0,858.0,602.0,478.0,272.0,2050.0,2037.0,2066.0,2061.0
2025-343T01:52:53.918,0.0,,,,,,,,,,
2025-343T01:52:58.918,0.0,,,,,,,,,,
2025-343T01:53:01.918,,418.0,73.0,858.0,515.0,478.0,272.0,2050.0,2036.0,2066.0,2060.0
2025-343T01:53:04.918,0.0,,,,,,,,,,
2025-343T01:53:10.918,,418.0,73.0,858.0,602.0,478.0,272.0,2052.0,2034.0,2066.0,2061.0
2025-343T01:53:11.918,0.0,,,,,,,,,,
2025-343T01:53:16.918,0.0,,,,,,,,,,
2025-343T01:53:19.918,,418.0,73.0,858.0,602.0,478.0,272.0,2050.0,2037.0,2066.0,2061.0
2025-343T01:53:22.918,0.0,,,,,,,,,,
2025-343T01:53:28.918,,418.0,73.0,858.0,602.0,478.0,272.0,2050.0,2037.0,2066.0,2061.0
2025-343T01:53:29.918,0.0,,,,,,,,,,
2025-343T01:53:34.918,0.0,,,,,,,,,,
2025-343T01:53:37.918,,418.0,73.0,858.0,602.0,478.0,272.0,2050.0,2037.0,2066.0,2061.0
2025-343T01:53:40.917,0.0,,,,,,,,,,
2025-343T01:53:46.918,,418.0,73.0,858.0,602.0,478.0,272.0,2050.0,2037.0,2066.0,2060.0
2025-343T01:53:47.917,0.0,,,,,,,,,,
2025-343T01:53:52.917,0.0,,,,,,,,,,
2025-343T01:53:55.917,,418.0,73.0,858.0,602.0,478.0,272.0,2050.0,2037.0,2066.0,2061.0
2025-343T01:53:58.917,0.0,,,,,,,,,,
2025-343T01:54:04.917,,418.0,73.0,858.0,602.0,478.0,272.0,2050.0,2037.0,2066.0,2061.0
2025-343T01:54:05.917,0.0,,,,,,,,,,
2025-343T01:54:10.917,0.0,,,,,,,,,,
2025-343T01:54:13.917,,418.0,73.0,858.0,602.0,478.0,272.0,2050.0,2036.0,2066.0,2060.0
2025-343T01:54:16.917,0.0,,,,,,,,,,
2025-343T01:54:22.917,,418.0,73.0,858.0,602.0,478.0,272.0,2049.0,2037.0,2066.0,2060.0
2025-343T01:54:23.917,0.0,,,,,,,,,,
2025-343T01:54:28.917,0.0,,,,,,,,,,
2025-343T01:54:31.917,,418.0,73.0,858.0,602.0,478.0,272.0,2050.0,2036.0,2066.0,2061.0
2025-343T01:54:34.917,0.0,,,,,,,,,,
2025-343T01:54:40.917,,418.0,73.0,858.0,602.0,478.0,272.0,2050.0,2037.0,2066.0,2061.0
2025-343T01:54:41.917,0.0,,,,,,,,,,
2025-343T01:54:46.917,0.0,,,,,,,,,,
2025-343T01:54:49.917,,418.0,73.0,858.0,602.0,478.0,272.0,2050.0,2036.0,2066.0,2061.0
2025-343T01:54:52.917,0.0,,,,,,,,,,
2025-343T01:54:58.917,,418.0,73.0,858.0,602.0,478.0,272.0,2050.0,2037.0,2066.0,2061.0
2025-343T01:54:59.917,0.0,,,,,,,,,,
2025-343T01:55:04.917,0.0,,,,,,,,,,
2025-343T01:55:07.917,,418.0,73.0,858.0,602.0,478.0,272.0,2049.0,2037.0,2066.0,2060.0
2025-343T01:55:10.917,0.0,,,,,,,,,,
2025-343T01:55:16.917,,418.0,73.0,858.0,602.0,478.0,272.0,2050.0,2036.0,2066.0,2061.0
2025-343T01:55:17.916,0.0,,,,,,,,,,
2025-343T01:55:22.916,0.0,,,,,,,,,,
2025-343T01:55:25.916,,418.0,73.0,858.0,602.0,478.0,272.0,2050.0,2037.0,2066.0,2060.0
2025-343T01:55:28.916,0.0,,,,,,,,,,
2025-343T01:55:34.916,,418.0,73.0,858.0,602.0,478.0,272.0,2050.0,2037.0,2066.0,2060.0
2025-343T01:55:35.916,0.0,,,,,,,,,,
2025-343T01:55:40.916,0.0,,,,,,,,,,
2025-343T01:55:43.916,,418.0,73.0,858.0,602.0,478.0,272.0,2050.0,2037.0,2066.0,2061.0
2025-343T01:55:46.916,0.0,,,,,,,,,,
2025-343T01:55:52.916,,418.0,73.0,858.0,602.0,478.0,272.0,2050.0,2037.0,2066.0,2061.0
2025-343T01:55:53.916,0.0,,,,,,,,,,
2025-343T01:55:58.916,0.0,,,,,,,,,,
2025-343T01:56:01.916,,418.0,73.0,858.0,602.0,478.0,272.0,2050.0,2037.0,2066.0,2061.0
2025-343T01:56:04.916,0.0,,,,,,,,,,
2025-343T01:56:10.916,,418.0,73.0,858.0,602.0,478.0,272.0,2049.0,2037.0,2066.0,2060.0
2025-343T01:56:11.916,0.0,,,,,,,,,,
2025-343T01:56:16.916,0.0,,,,,,,,,,
2025-343T01:56:19.916,,418.0,73.0,858.0,602.0,478.0,272.0,2050.0,2036.0,2066.0,2061.0
2025-343T01:56:22.916,0.0,,,,,,,,,,
2025-343T01:56:28.916,,418.0,73.0,858.0,602.0,478.0,272.0,2050.0,2037.0,2066.0,2061.0
2025-343T01:56:29.916,0.0,,,,,,,,,,
2025-343T01:56:34.916,0.0,,,,,,,,,,
2025-343T01:56:37.916,,418.0,73.0,858.0,602.0,478.0,272.0,2050.0,2036.0,2066.0,2061.0
2025-343T01:56:40.916,0.0,,,,,,,,,,
2025-343T01:56:46.916,,418.0,73.0,858.0,602.0,478.0,272.0,2050.0,2036.0,2066.0,2061.0
2025-343T01:56:47.915,0.0,,,,,,,,,,
2025-343T01:56:52.915,0.0,,,,,,,,,,
2025-343T01:56:55.915,,418.0,73.0,858.0,602.0,478.0,272.0,2050.0,2037.0,2066.0,2060.0
2025-343T01:56:58.915,0.0,,,,,,,,,,
2025-343T01:57:04.915,,418.0,73.0,858.0,602.0,478.0,272.0,2050.0,2037.0,2066.0,2060.0
2025-343T01:57:05.915,0.0,,,,,,,,,,
2025-343T01:57:10.915,0.0,,,,,,,,,,
2025-343T01:57:13.915,,418.0,73.0,858.0,602.0,478.0,272.0,2050.0,2037.0,2066.0,2061.0
2025-343T01:57:16.915,0.0,,,,,,,,,,
2025-343T01:57:22.915,,418.0,73.0,858.0,602.0,478.0,272.0,2050.0,2036.0,2066.0,2061.0
2025-343T01:57:23.915,0.0,,,,,,,,,,
2025-343T01:57:28.915,0.0,,,,,,,,,,
2025-343T01:57:31.915,,418.0,73.0,858.0,602.0,478.0,272.0,2050.0,2036.0,2066.0,2060.0
2025-343T01:57:34.915,0.0,,,,,,,,,,
2025-343T01:57:40.915,,418.0,73.0,858.0,602.0,478.0,272.0,2050.0,2036.0,2066.0,2061.0
2025-343T01:57:41.915,0.0,,,,,,,,,,
2025-343T01:57:46.915,0.0,,,,,,,,,,
2025-343T01:57:49.915,,418.0,73.0,858.0,602.0,478.0,272.0,2050.0,2036.0,2066.0,2061.0
2025-343T01:57:52.915,0.0,,,,,,,,,,
2025-343T01:57:58.915,,418.0,73.0,858.0,602.0,478.0,272.0,2050.0,2037.0,2066.0,2060.0
2025-343T01:57:59.915,0.0,,,,,,,,,,
2025-343T01:58:04.915,0.0,,,,,,,,,,
2025-343T01:58:07.915,,418.0,73.0,858.0,602.0,478.0,272.0,2050.0,2037.0,2066.0,2061.0
2025-343T01:58:10.915,0.0,,,,,,,,,,
2025-343T01:58:16.915,,418.0,73.0,858.0,602.0,478.0,272.0,2049.0,2037.0,2066.0,2061.0
2025-343T01:58:17.914,0.0,,,,,,,,,,
2025-343T01:58:22.914,0.0,,,,,,,,,,
2025-343T01:58:25.914,,418.0,73.0,858.0,602.0,478.0,272.0,2050.0,2037.0,2066.0,2061.0
2025-343T01:58:28.914,0.0,,,,,,,,,,
2025-343T01:58:34.914,,418.0,73.0,858.0,602.0,478.0,272.0,2050.0,2036.0,2066.0,2061.0
2025-343T01:58:35.914,0.0,,,,,,,,,,
2025-343T01:58:40.914,0.0,,,,,,,,,,
2025-343T01:58:43.914,,418.0,73.0,858.0,602.0,478.0,272.0,2050.0,2036.0,2066.0,2060.0
2025-343T01:58:46.914,0.0,,,,,,,,,,
2025-343T01:58:52.914,,418.0,73.0,858.0,602.0,478.0,272.0,2050.0,2037.0,2066.0,2061.0
2025-343T01:58:53.914,0.0,,,,,,,,,,
2025-343T01:58:58.914,0.0,,,,,,,,,,
2025-343T01:59:01.914,,418.0,73.0,858.0,602.0,478.0,272.0,2050.0,2036.0,2066.0,2061.0
2025-343T01:59:04.914,0.0,,,,,,,,,,
2025-343T01:59:10.914,,418.0,73.0,858.0,602.0,478.0,272.0,2050.0,2037.0,2066.0,2060.0
2025-343T01:59:11.914,0.0,,,,,,,,,,
2025-343T01:59:16.914,0.0,,,,,,,,,,
2025-343T01:59:19.914,,418.0,73.0,858.0,602.0,478.0,272.0,2049.0,2037.0,2066.0,2061.0
2025-343T01:59:22.914,0.0,,,,,,,,,,
2025-343T01:59:28.914,,418.0,73.0,858.0,602.0,478.0,272.0,2050.0,2037.0,2066.0,2061.0
2025-343T01:59:29.914,0.0,,,,,,,,,,
2025-343T01:59:34.914,0.0,,,,,,,,,,
2025-343T01:59:37.914,,418.0,73.0,858.0,602.0,478.0,272.0,2050.0,2037.0,2066.0,2061.0
2025-343T01:59:40.913,0.0,,,,,,,,,,
2025-343T01:59:46.913,,418.0,73.0,858.0,602.0,478.0,272.0,2050.0,2036.0,2066.0,2061.0
2025-343T01:59:47.913,0.0,,,,,,,,,,
2025-343T01:59:52.913,0.0,,,,,,,,,,
2025-343T01:59:55.913,,418.0,73.0,858.0,602.0,478.0,272.0,2050.0,2037.0,2066.0,2061.0
2025-343T01:59:58.913,0.0,,,,,,,,,,
2025-343T02:00:04.913,,418.0,73.0,858.0,602.0,478.0,272.0,2050.0,2025.0,2066.0,2061.0
2025-343T02:00:05.913,0.0,,,,,,,,,,
2025-343T02:00:10.913,0.0,,,,,,,,,,
2025-343T02:00:13.913,,418.0,73.0,858.0,602.0,478.0,272.0,2049.0,2037.0,2066.0,2061.0
2025-343T02:00:16.913,0.0,,,,,,,,,,
2025-343T02:00:22.913,,418.0,73.0,858.0,602.0,478.0,272.0,2049.0,2037.0,2066.0,2060.0
2025-343T02:00:23.913,0.0,,,,,,,,,,
2025-343T02:00:28.913,0.0,,,,,,,,,,
2025-343T02:00:31.913,,418.0,73.0,858.0,602.0,478.0,272.0,2049.0,2036.0,2066.0,2061.0
2025-343T02:00:34.913,0.0,,,,,,,,,,
2025-343T02:00:40.913,,418.0,73.0,858.0,602.0,478.0,272.0,2050.0,2037.0,2066.0,2060.0
2025-343T02:00:41.913,0.0,,,,,,,,,,
2025-343T02:00:46.913,0.0,,,,,,,,,,
2025-343T02:00:49.913,,418.0,73.0,858.0,602.0,478.0,272.0,2050.0,2036.0,2066.0,2061.0
2025-343T02:00:52.913,0.0,,,,,,,,,,
2025-343T02:00:58.913,,418.0,73.0,858.0,602.0,478.0,272.0,2050.0,2037.0,2066.0,2061.0
2025-343T02:00:59.913,0.0,,,,,,,,,,
2025-343T02:01:04.913,0.0,,,,,,,,,,
2025-343T02:01:07.913,,418.0,73.0,858.0,602.0,478.0,272.0,2049.0,2037.0,2066.0,2060.0
2025-343T02:01:10.912,0.0,,,,,,,,,,
2025-343T02:01:16.912,,418.0,73.0,858.0,515.0,478.0,272.0,2050.0,2036.0,2066.0,2061.0
2025-343T02:01:17.912,0.0,,,,,,,,,,
2025-343T02:01:22.912,0.0,,,,,,,,,,
2025-343T02:01:25.912,,418.0,73.0,858.0,602.0,478.0,272.0,2049.0,2035.0,2066.0,2060.0
2025-343T02:01:28.912,0.0,,,,,,,,,,
2025-343T02:01:34.912,,418.0,73.0,858.0,602.0,478.0,272.0,2050.0,2037.0,2066.0,2060.0
2025-343T02:01:35.912,0.0,,,,,,,,,,
2025-343T02:01:40.912,0.0,,,,,,,,,,
2025-343T02:01:43.912,,418.0,73.0,858.0,602.0,478.0,272.0,2050.0,2036.0,2066.0,2060.0
2025-343T02:01:46.912,0.0,,,,,,,,,,
2025-343T02:01:52.912,,418.0,73.0,858.0,602.0,478.0,272.0,2050.0,2037.0,2066.0,2061.0
2025-343T02:01:53.912,0.0,,,,,,,,,,
2025-343T02:01:58.912,0.0,,,,,,,,,,
2025-343T02:02:01.912,,418.0,73.0,858.0,602.0,478.0,272.0,2050.0,2037.0,2066.0,2060.0
2025-343T02:02:04.912,0.0,,,,,,,,,,
2025-343T02:02:10.912,,418.0,73.0,858.0,602.0,478.0,272.0,2050.0,2036.0,2066.0,2061.0
2025-343T02:02:11.912,0.0,,,,,,,,,,
2025-343T02:02:16.912,0.0,,,,,,,,,,
2025-343T02:02:19.912,,418.0,73.0,858.0,602.0,478.0,272.0,2050.0,2036.0,2066.0,2060.0
2025-343T02:02:22.912,0.0,,,,,,,,,,
2025-343T02:02:28.912,,418.0,73.0,858.0,602.0,478.0,272.0,2050.0,2037.0,2066.0,2060.0
2025-343T02:02:29.912,0.0,,,,,,,,,,
2025-343T02:02:34.911,0.0,,,,,,,,,,
2025-343T02:02:37.912,,418.0,73.0,858.0,602.0,478.0,272.0,2061.0,2035.0,2066.0,2060.0
2025-343T02:02:40.911,0.0,,,,,,,,,,
2025-343T02:02:46.911,,418.0,73.0,858.0,602.0,478.0,272.0,2050.0,2037.0,2066.0,2061.0
2025-343T02:02:47.911,0.0,,,,,,,,,,
2025-343T02:02:52.911,0.0,,,,,,,,,,
2025-343T02:02:55.911,,418.0,73.0,858.0,602.0,478.0,272.0,2050.0,2037.0,2066.0,2061.0
2025-343T02:02:58.911,0.0,,,,,,,,,,
2025-343T02:03:04.911,,418.0,73.0,858.0,602.0,478.0,272.0,2050.0,2036.0,2066.0,2060.0
2025-343T02:03:05.911,0.0,,,,,,,,,,
2025-343T02:03:10.911,0.0,,,,,,,,,,
2025-343T02:03:13.911,,418.0,73.0,858.0,515.0,478.0,272.0,2050.0,2036.0,2066.0,2061.0
2025-343T02:03:16.911,0.0,,,,,,,,,,
2025-343T02:03:22.911,,418.0,73.0,858.0,602.0,478.0,272.0,2050.0,2036.0,2066.0,2061.0
2025-343T02:03:23.911,0.0,,,,,,,,,,
2025-343T02:03:28.911,0.0,,,,,,,,,,
2025-343T02:03:31.911,,418.0,73.0,858.0,602.0,478.0,272.0,2050.0,2036.0,2066.0,2061.0
2025-343T02:03:34.911,0.0,,,,,,,,,,
2025-343T02:03:40.911,,418.0,73.0,858.0,602.0,478.0,272.0,2049.0,2036.0,2066.0,2060.0
2025-343T02:03:41.911,0.0,,,,,,,,,,
2025-343T02:03:46.911,0.0,,,,,,,,,,
2025-343T02:03:49.911,,418.0,73.0,858.0,602.0,478.0,272.0,2050.0,2036.0,2066.0,2060.0
2025-343T02:03:52.911,0.0,,,,,,,,,,
2025-343T02:03:58.911,,418.0,73.0,858.0,602.0,478.0,272.0,2050.0,2036.0,2066.0,2060.0
2025-343T02:03:59.910,0.0,,,,,,,,,,
2025-343T02:04:04.910,0.0,,,,,,,,,,
2025-343T02:04:07.910,,418.0,73.0,858.0,602.0,478.0,272.0,2050.0,2037.0,2066.0,2061.0
2025-343T02:04:10.910,0.0,,,,,,,,,,
2025-343T02:04:16.910,,418.0,73.0,651.0,602.0,478.0,272.0,2049.0,2037.0,2066.0,2061.0
2025-343T02:04:17.910,0.0,,,,,,,,,,
2025-343T02:04:22.910,0.0,,,,,,,,,,
2025-343T02:04:25.910,,418.0,73.0,858.0,602.0,478.0,272.0,2050.0,2036.0,2066.0,2060.0
2025-343T02:04:28.910,0.0,,,,,,,,,,
2025-343T02:04:34.910,,418.0,73.0,858.0,602.0,478.0,272.0,2050.0,2037.0,2066.0,2060.0
2025-343T02:04:35.910,0.0,,,,,,,,,,
2025-343T02:04:40.910,0.0,,,,,,,,,,
2025-343T02:04:43.910,,418.0,73.0,858.0,602.0,478.0,272.0,2050.0,2037.0,2066.0,2061.0
2025-343T02:04:46.910,0.0,,,,,,,,,,
2025-343T02:04:52.910,,418.0,73.0,858.0,602.0,478.0,272.0,2050.0,2036.0,2066.0,2060.0
2025-343T02:04:53.910,0.0,,,,,,,,,,
2025-343T02:04:58.910,0.0,,,,,,,,,,
2025-343T02:05:01.910,,418.0,73.0,858.0,602.0,478.0,272.0,2049.0,2036.0,2066.0,2061.0
2025-343T02:05:04.910,0.0,,,,,,,,,,
2025-343T02:05:10.910,,418.0,73.0,858.0,602.0,478.0,272.0,2050.0,2036.0,2066.0,2061.0
2025-343T02:05:11.910,0.0,,,,,,,,,,
2025-343T02:05:16.910,0.0,,,,,,,,,,
2025-343T02:05:19.910,,418.0,73.0,858.0,602.0,478.0,272.0,2050.0,2036.0,2066.0,2061.0
2025-343T02:05:22.909,0.0,,,,,,,,,,
2025-343T02:05:28.909,,418.0,73.0,858.0,602.0,478.0,272.0,2050.0,2037.0,2066.0,2061.0
2025-343T02:05:29.909,0.0,,,,,,,,,,
2025-343T02:05:34.909,0.0,,,,,,,,,,
2025-343T02:05:37.909,,418.0,73.0,858.0,602.0,478.0,272.0,2050.0,2037.0,2066.0,2061.0
2025-343T02:05:40.909,0.0,,,,,,,,,,
2025-343T02:05:46.909,,418.0,73.0,858.0,602.0,478.0,272.0,2050.0,2036.0,2066.0,2060.0
2025-343T02:05:47.909,0.0,,,,,,,,,,
2025-343T02:05:52.909,0.0,,,,,,,,,,
2025-343T02:05:55.909,,418.0,73.0,858.0,602.0,478.0,272.0,2050.0,2037.0,2066.0,2061.0
2025-343T02:05:58.909,0.0,,,,,,,,,,
2025-343T02:06:04.909,,418.0,73.0,858.0,602.0,478.0,272.0,2050.0,2037.0,2066.0,2060.0
2025-343T02:06:05.909,0.0,,,,,,,,,,
2025-343T02:06:10.909,0.0,,,,,,,,,,
2025-343T02:06:13.909,,418.0,73.0,858.0,602.0,478.0,272.0,2050.0,2037.0,2066.0,2061.0
2025-343T02:06:16.909,0.0,,,,,,,,,,
2025-343T02:06:22.909,,418.0,73.0,858.0,515.0,478.0,272.0,2050.0,2037.0,2066.0,2061.0
2025-343T02:06:23.909,0.0,,,,,,,,,,
2025-343T02:06:28.909,0.0,,,,,,,,,,
2025-343T02:06:31.909,,418.0,73.0,858.0,602.0,478.0,272.0,2050.0,2036.0,2066.0,2061.0
2025-343T02:06:34.909,0.0,,,,,,,,,,
2025-343T02:06:40.909,,418.0,73.0,858.0,602.0,478.0,272.0,2050.0,2037.0,2066.0,2060.0
2025-343T02:06:41.909,0.0,,,,,,,,,,
2025-343T02:06:46.908,0.0,,,,,,,,,,
2025-343T02:06:49.909,,418.0,73.0,858.0,602.0,478.0,272.0,2049.0,2037.0,2066.0,2060.0
2025-343T02:06:52.908,0.0,,,,,,,,,,
2025-343T02:06:58.908,,418.0,73.0,858.0,602.0,478.0,272.0,2050.0,2037.0,2066.0,2060.0
2025-343T02:06:59.908,0.0,,,,,,,,,,
2025-343T02:07:04.908,0.0,,,,,,,,,,
2025-343T02:07:07.908,,418.0,73.0,858.0,602.0,478.0,272.0,2050.0,2036.0,2066.0,2060.0
2025-343T02:07:10.908,0.0,,,,,,,,,,
2025-343T02:07:16.908,,418.0,73.0,858.0,602.0,478.0,272.0,2049.0,2037.0,2066.0,2061.0
2025-343T02:07:17.908,0.0,,,,,,,,,,
2025-343T02:07:22.908,0.0,,,,,,,,,,
2025-343T02:07:25.908,,418.0,73.0,858.0,602.0,478.0,272.0,2050.0,2036.0,2066.0,2060.0
2025-343T02:07:28.908,0.0,,,,,,,,,,
2025-343T02:07:34.908,,418.0,73.0,858.0,602.0,478.0,272.0,2050.0,2036.0,2066.0,2061.0
2025-343T02:07:35.908,0.0,,,,,,,,,,
2025-343T02:07:40.908,0.0,,,,,,,,,,
2025-343T02:07:43.908,,418.0,73.0,858.0,602.0,478.0,272.0,2050.0,2036.0,2066.0,2061.0
2025-343T02:07:46.908,0.0,,,,,,,,,,
2025-343T02:07:52.908,,418.0,73.0,858.0,602.0,478.0,272.0,2050.0,2036.0,2066.0,2061.0
2025-343T02:07:53.908,0.0,,,,,,,,,,
2025-343T02:07:58.908,0.0,,,,,,,,,,
2025-343T02:08:01.908,,418.0,73.0,858.0,602.0,478.0,272.0,2050.0,2037.0,2066.0,2061.0
2025-343T02:08:04.908,0.0,,,,,,,,,,
2025-343T02:08:10.908,,418.0,73.0,858.0,602.0,478.0,272.0,2050.0,2036.0,2066.0,2060.0
2025-343T02:08:11.907,0.0,,,,,,,,,,
2025-343T02:08:16.907,0.0,,,,,,,,,,
2025-343T02:08:19.907,,418.0,73.0,858.0,602.0,478.0,272.0,2049.0,2036.0,2066.0,2060.0
2025-343T02:08:22.907,0.0,,,,,,,,,,
2025-343T02:08:28.907,,418.0,73.0,858.0,515.0,478.0,272.0,2050.0,2037.0,2066.0,2060.0
2025-343T02:08:29.907,0.0,,,,,,,,,,
2025-343T02:08:34.907,0.0,,,,,,,,,,
2025-343T02:08:37.907,,418.0,73.0,858.0,602.0,478.0,272.0,2050.0,2037.0,2066.0,2061.0
2025-343T02:08:40.907,0.0,,,,,,,,,,
2025-343T02:08:46.907,,418.0,73.0,858.0,602.0,478.0,272.0,2050.0,2037.0,2066.0,2060.0
2025-343T02:08:47.907,0.0,,,,,,,,,,
2025-343T02:08:52.907,0.0,,,,,,,,,,
2025-343T02:08:55.907,,418.0,73.0,858.0,602.0,478.0,272.0,2050.0,2037.0,2066.0,2060.0
2025-343T02:08:58.907,0.0,,,,,,,,,,
2025-343T02:09:04.907,,418.0,73.0,858.0,602.0,478.0,272.0,2050.0,2036.0,2066.0,2061.0
2025-343T02:09:05.907,0.0,,,,,,,,,,
2025-343T02:09:10.907,0.0,,,,,,,,,,
2025-343T02:09:13.907,,418.0,73.0,858.0,602.0,478.0,272.0,2050.0,2037.0,2066.0,2060.0
2025-343T02:09:16.907,0.0,,,,,,,,,,
2025-343T02:09:22.907,,418.0,73.0,858.0,602.0,478.0,272.0,2050.0,2037.0,2066.0,2060.0
2025-343T02:09:23.907,0.0,,,,,,,,,,
2025-343T02:09:28.906,0.0,,,,,,,,,,
2025-343T02:09:31.907,,418.0,73.0,858.0,602.0,478.0,272.0,2050.0,2037.0,2066.0,2060.0
2025-343T02:09:34.906,0.0,,,,,,,,,,
2025-343T02:09:40.906,,418.0,73.0,858.0,602.0,478.0,272.0,2049.0,2037.0,2066.0,2060.0
2025-343T02:09:41.906,0.0,,,,,,,,,,
2025-343T02:09:46.906,0.0,,,,,,,,,,
2025-343T02:09:49.906,,418.0,73.0,858.0,602.0,478.0,272.0,2050.0,2037.0,2066.0,2060.0
2025-343T02:09:52.906,0.0,,,,,,,,,,
2025-343T02:09:58.906,,418.0,73.0,858.0,602.0,478.0,272.0,2050.0,2036.0,2066.0,2060.0
2025-343T02:09:59.906,0.0,,,,,,,,,,
2025-343T02:10:04.906,0.0,,,,,,,,,,
2025-343T02:10:07.906,,418.0,73.0,858.0,602.0,478.0,272.0,2050.0,2024.0,2066.0,2060.0
2025-343T02:10:10.906,0.0,,,,,,,,,,
2025-343T02:10:16.906,,418.0,73.0,858.0,602.0,478.0,272.0,2050.0,2037.0,2066.0,2061.0
2025-343T02:10:17.906,0.0,,,,,,,,,,
2025-343T02:10:22.906,0.0,,,,,,,,,,
2025-343T02:10:25.906,,418.0,73.0,858.0,602.0,478.0,272.0,2050.0,2036.0,2066.0,2060.0
2025-343T02:10:28.906,0.0,,,,,,,,,,
2025-343T02:10:34.906,,418.0,73.0,858.0,602.0,478.0,272.0,2049.0,2036.0,2066.0,2061.0
2025-343T02:10:35.906,0.0,,,,,,,,,,
2025-343T02:10:40.906,0.0,,,,,,,,,,
2025-343T02:10:43.906,,418.0,73.0,858.0,602.0,478.0,272.0,2050.0,2036.0,2066.0,2061.0
2025-343T02:10:46.906,0.0,,,,,,,,,,
2025-343T02:10:52.906,,418.0,73.0,858.0,602.0,478.0,272.0,2050.0,2037.0,2066.0,2061.0
2025-343T02:10:53.905,0.0,,,,,,,,,,
2025-343T02:10:58.905,0.0,,,,,,,,,,
2025-343T02:11:01.905,,418.0,73.0,858.0,602.0,478.0,272.0,2049.0,2037.0,2066.0,2061.0
2025-343T02:11:04.905,0.0,,,,,,,,,,
2025-343T02:11:10.905,,418.0,73.0,858.0,602.0,478.0,272.0,2050.0,2036.0,2066.0,2060.0
2025-343T02:11:11.905,0.0,,,,,,,,,,
2025-343T02:11:16.905,0.0,,,,,,,,,,
2025-343T02:11:19.905,,418.0,73.0,858.0,602.0,478.0,272.0,2049.0,2037.0,2066.0,2061.0
2025-343T02:11:22.905,0.0,,,,,,,,,,
2025-343T02:11:28.905,,418.0,73.0,858.0,602.0,478.0,272.0,2050.0,2037.0,2066.0,2061.0
2025-343T02:11:29.905,0.0,,,,,,,,,,
2025-343T02:11:34.905,0.0,,,,,,,,,,
2025-343T02:11:37.905,,418.0,73.0,858.0,602.0,478.0,272.0,2050.0,2037.0,2066.0,2061.0
2025-343T02:11:40.905,0.0,,,,,,,,,,
2025-343T02:11:46.905,,418.0,73.0,858.0,602.0,478.0,272.0,2049.0,2036.0,2066.0,2061.0
2025-343T02:11:47.905,0.0,,,,,,,,,,
2025-343T02:11:52.905,0.0,,,,,,,,,,
2025-343T02:11:55.905,,418.0,73.0,858.0,602.0,478.0,272.0,2050.0,2037.0,2066.0,2061.0
2025-343T02:11:58.905,0.0,,,,,,,,,,
2025-343T02:12:04.905,,418.0,73.0,858.0,602.0,478.0,272.0,2050.0,2037.0,2066.0,2060.0
2025-343T02:12:05.905,0.0,,,,,,,,,,
2025-343T02:12:10.904,0.0,,,,,,,,,,
2025-343T02:12:13.905,,418.0,73.0,858.0,602.0,478.0,272.0,2050.0,2037.0,2066.0,2061.0
2025-343T02:12:16.904,0.0,,,,,,,,,,
2025-343T02:12:22.904,,418.0,73.0,858.0,602.0,478.0,272.0,2049.0,2037.0,2066.0,2060.0
2025-343T02:12:23.904,0.0,,,,,,,,,,
2025-343T02:12:28.904,0.0,,,,,,,,,,
2025-343T02:12:31.904,,418.0,73.0,858.0,602.0,478.0,272.0,2049.0,2036.0,2066.0,2060.0
2025-343T02:12:34.904,0.0,,,,,,,,,,
2025-343T02:12:40.904,,418.0,73.0,858.0,602.0,478.0,272.0,2062.0,2037.0,2066.0,2060.0
2025-343T02:12:41.904,0.0,,,,,,,,,,
2025-343T02:12:46.904,0.0,,,,,,,,,,
2025-343T02:12:49.904,,418.0,73.0,858.0,602.0,478.0,272.0,2050.0,2036.0,2066.0,2060.0
2025-343T02:12:52.904,0.0,,,,,,,,,,
2025-343T02:12:58.904,,418.0,73.0,858.0,602.0,478.0,272.0,2050.0,2036.0,2066.0,2060.0
2025-343T02:12:59.904,0.0,,,,,,,,,,
2025-343T02:13:04.904,0.0,,,,,,,,,,
2025-343T02:13:07.904,,418.0,73.0,858.0,602.0,478.0,272.0,2050.0,2036.0,2066.0,2060.0
2025-343T02:13:10.904,0.0,,,,,,,,,,
2025-343T02:13:16.904,,418.0,73.0,858.0,602.0,478.0,272.0,2050.0,2036.0,2066.0,2061.0
2025-343T02:13:17.904,0.0,,,,,,,,,,
2025-343T02:13:22.904,0.0,,,,,,,,,,
2025-343T02:13:25.904,,418.0,73.0,858.0,602.0,478.0,272.0,2050.0,2036.0,2066.0,2060.0
2025-343T02:13:28.904,0.0,,,,,,,,,,
2025-343T02:13:34.904,,418.0,73.0,858.0,602.0,478.0,272.0,2050.0,2037.0,2066.0,2060.0
2025-343T02:13:35.903,0.0,,,,,,,,,,
2025-343T02:13:40.903,0.0,,,,,,,,,,
2025-343T02:13:43.903,,418.0,73.0,858.0,602.0,478.0,272.0,2050.0,2037.0,2066.0,2060.0
2025-343T02:13:46.903,0.0,,,,,,,,,,
2025-343T02:13:52.903,,418.0,73.0,858.0,602.0,478.0,272.0,2050.0,2037.0,2066.0,2060.0
2025-343T02:13:53.903,0.0,,,,,,,,,,
2025-343T02:13:58.903,0.0,,,,,,,,,,
2025-343T02:14:01.903,,418.0,73.0,858.0,602.0,478.0,272.0,2050.0,2037.0,2066.0,2060.0
2025-343T02:14:04.903,0.0,,,,,,,,,,
2025-343T02:14:10.903,,418.0,73.0,858.0,602.0,478.0,272.0,2050.0,2036.0,2066.0,2060.0
2025-343T02:14:11.903,0.0,,,,,,,,,,
2025-343T02:14:16.903,0.0,,,,,,,,,,
2025-343T02:14:19.903,,418.0,73.0,858.0,602.0,478.0,272.0,2050.0,2036.0,2066.0,2061.0
2025-343T02:14:22.903,0.0,,,,,,,,,,
2025-343T02:14:28.903,,418.0,73.0,858.0,602.0,478.0,272.0,2050.0,2037.0,2066.0,2061.0
2025-343T02:14:29.903,0.0,,,,,,,,,,
2025-343T02:14:34.903,0.0,,,,,,,,,,
2025-343T02:14:37.903,,418.0,73.0,858.0,602.0,478.0,272.0,2050.0,2036.0,2066.0,2061.0
2025-343T02:14:40.903,0.0,,,,,,,,,,
2025-343T02:14:46.903,,418.0,73.0,858.0,602.0,478.0,272.0,2050.0,2036.0,2066.0,2061.0
2025-343T02:14:47.903,0.0,,,,,,,,,,
2025-343T02:14:52.902,0.0,,,,,,,,,,
2025-343T02:14:55.903,,418.0,73.0,858.0,602.0,478.0,272.0,2050.0,2036.0,2066.0,2060.0
2025-343T02:14:58.902,0.0,,,,,,,,,,
2025-343T02:15:04.902,,418.0,73.0,858.0,602.0,478.0,272.0,2049.0,2037.0,2066.0,2061.0
2025-343T02:15:05.902,0.0,,,,,,,,,,
2025-343T02:15:10.902,0.0,,,,,,,,,,
2025-343T02:15:13.902,,418.0,73.0,858.0,602.0,478.0,272.0,2049.0,2037.0,2066.0,2060.0
2025-343T02:15:16.902,0.0,,,,,,,,,,
2025-343T02:15:22.902,,418.0,73.0,858.0,602.0,478.0,272.0,2050.0,2037.0,2066.0,2060.0
2025-343T02:15:23.902,0.0,,,,,,,,,,
2025-343T02:15:28.902,0.0,,,,,,,,,,
2025-343T02:15:31.902,,418.0,73.0,858.0,602.0,478.0,272.0,2050.0,2037.0,2066.0,2060.0
2025-343T02:15:34.902,0.0,,,,,,,,,,
2025-343T02:15:40.902,,418.0,73.0,858.0,602.0,478.0,272.0,2050.0,2037.0,2066.0,2060.0
2025-343T02:15:41.902,0.0,,,,,,,,,,
2025-343T02:15:46.902,0.0,,,,,,,,,,
2025-343T02:15:49.902,,418.0,73.0,858.0,602.0,478.0,272.0,2050.0,2037.0,2066.0,2060.0
2025-343T02:15:52.902,0.0,,,,,,,,,,
2025-343T02:15:58.902,,418.0,73.0,858.0,602.0,478.0,272.0,4095.0,0.0,2076.0,1912.0
2025-343T02:15:59.902,0.0,,,,,,,,,,
2025-343T02:16:04.902,0.0,,,,,,,,,,
2025-343T02:16:07.902,,418.0,73.0,858.0,602.0,478.0,272.0,2053.0,2037.0,2066.0,2061.0
2025-343T02:16:10.901,0.0,,,,,,,,,,
2025-343T02:16:16.902,,418.0,73.0,858.0,602.0,478.0,272.0,2050.0,2036.0,2066.0,2061.0
2025-343T02:16:17.901,0.0,,,,,,,,,,
2025-343T02:16:22.901,0.0,,,,,,,,,,
2025-343T02:16:25.901,,418.0,73.0,858.0,602.0,478.0,272.0,2053.0,2036.0,2066.0,2060.0
2025-343T02:16:28.901,0.0,,,,,,,,,,
2025-343T02:16:34.901,,418.0,73.0,858.0,602.0,478.0,272.0,2054.0,2036.0,2066.0,2061.0
2025-343T02:16:35.901,0.0,,,,,,,,,,
2025-343T02:16:40.901,0.0,,,,,,,,,,
2025-343T02:16:43.901,,418.0,73.0,858.0,602.0,478.0,272.0,2053.0,2036.0,2066.0,2061.0
2025-343T02:16:46.901,0.0,,,,,,,,,,
2025-343T02:16:52.901,,418.0,73.0,858.0,602.0,478.0,272.0,2051.0,2035.0,2066.0,2060.0
2025-343T02:16:53.901,0.0,,,,,,,,,,
2025-343T02:16:58.901,0.0,,,,,,,,,,
2025-343T02:17:01.901,,418.0,73.0,858.0,602.0,478.0,272.0,2053.0,2036.0,2066.0,2061.0
2025-343T02:17:04.901,0.0,,,,,,,,,,
2025-343T02:17:10.901,,418.0,73.0,858.0,602.0,478.0,272.0,2054.0,2036.0,2066.0,2060.0
2025-343T02:17:11.901,0.0,,,,,,,,,,
2025-343T02:17:16.901,0.0,,,,,,,,,,
2025-343T02:17:19.901,,418.0,73.0,858.0,602.0,478.0,272.0,2053.0,2036.0,2066.0,2060.0
2025-343T02:17:22.901,0.0,,,,,,,,,,
2025-343T02:17:28.901,,418.0,73.0,858.0,602.0,478.0,272.0,2052.0,2036.0,2066.0,2060.0
2025-343T02:17:29.900,0.0,,,,,,,,,,
2025-343T02:17:34.900,0.0,,,,,,,,,,
2025-343T02:17:37.900,,418.0,73.0,858.0,602.0,478.0,272.0,2053.0,2036.0,2066.0,2061.0
2025-343T02:17:40.900,0.0,,,,,,,,,,
2025-343T02:17:46.900,,418.0,73.0,858.0,602.0,478.0,272.0,2053.0,2036.0,2066.0,2060.0
2025-343T02:17:47.900,0.0,,,,,,,,,,
2025-343T02:17:52.900,0.0,,,,,,,,,,
2025-343T02:17:55.900,,418.0,73.0,858.0,602.0,478.0,272.0,2053.0,2036.0,2066.0,2060.0
2025-343T02:17:58.900,0.0,,,,,,,,,,
2025-343T02:18:04.900,,418.0,73.0,858.0,602.0,478.0,272.0,2050.0,2036.0,2066.0,2060.0
2025-343T02:18:05.900,0.0,,,,,,,,,,
2025-343T02:18:10.900,0.0,,,,,,,,,,
2025-343T02:18:13.900,,418.0,73.0,858.0,602.0,478.0,272.0,2053.0,2034.0,2066.0,2060.0
2025-343T02:18:16.900,0.0,,,,,,,,,,
2025-343T02:18:22.900,,418.0,73.0,858.0,602.0,478.0,272.0,2053.0,2036.0,2066.0,2061.0
2025-343T02:18:23.900,0.0,,,,,,,,,,
2025-343T02:18:28.900,0.0,,,,,,,,,,
2025-343T02:18:31.900,,418.0,73.0,858.0,602.0,478.0,272.0,2053.0,2034.0,2066.0,2060.0
2025-343T02:18:34.900,0.0,,,,,,,,,,
2025-343T02:18:40.900,,418.0,73.0,858.0,602.0,478.0,272.0,2050.0,2036.0,2066.0,2060.0
2025-343T02:18:41.900,0.0,,,,,,,,,,
2025-343T02:18:46.899,0.0,,,,,,,,,,
2025-343T02:18:49.900,,418.0,73.0,858.0,602.0,478.0,272.0,4095.0,484.0,2098.0,2051.0
2025-343T02:18:52.899,0.0,,,,,,,,,,
2025-343T02:18:58.899,,418.0,73.0,651.0,602.0,478.0,272.0,2051.0,2036.0,2066.0,2061.0
2025-343T02:18:59.899,0.0,,,,,,,,,,
2025-343T02:19:04.899,0.0,,,,,,,,,,
2025-343T02:19:07.899,,418.0,73.0,858.0,602.0,478.0,272.0,4095.0,0.0,2076.0,1912.0
2025-343T02:19:10.899,0.0,,,,,,,,,,
2025-343T02:19:16.899,,418.0,73.0,858.0,602.0,478.0,272.0,2055.0,2036.0,2066.0,2060.0
2025-343T02:19:17.899,0.0,,,,,,,,,,
2025-343T02:19:22.899,0.0,,,,,,,,,,
2025-343T02:19:25.899,,418.0,73.0,858.0,602.0,478.0,272.0,2053.0,2036.0,2066.0,2061.0
2025-343T02:19:28.899,0.0,,,,,,,,,,
2025-343T02:19:34.899,,418.0,73.0,858.0,515.0,478.0,272.0,2052.0,2036.0,2066.0,2061.0
2025-343T02:19:35.899,0.0,,,,,,,,,,
2025-343T02:19:40.899,0.0,,,,,,,,,,
2025-343T02:19:43.899,,418.0,73.0,858.0,602.0,478.0,272.0,4095.0,484.0,2098.0,2051.0
2025-343T02:19:46.899,0.0,,,,,,,,,,
2025-343T02:19:52.899,,418.0,73.0,858.0,515.0,478.0,272.0,2050.0,2037.0,2066.0,2061.0
2025-343T02:19:53.899,0.0,,,,,,,,,,
2025-343T02:19:58.899,0.0,,,,,,,,,,
2025-343T02:20:01.899,,418.0,73.0,858.0,602.0,478.0,272.0,2051.0,2024.0,2066.0,2060.0
2025-343T02:20:04.899,0.0,,,,,,,,,,
2025-343T02:20:10.899,,418.0,73.0,858.0,602.0,478.0,272.0,4095.0,0.0,2075.0,1912.0
2025-343T02:20:11.898,0.0,,,,,,,,,,
2025-343T02:20:16.898,0.0,,,,,,,,,,
2025-343T02:20:19.898,,418.0,73.0,858.0,602.0,478.0,272.0,2053.0,2036.0,2066.0,2061.0
2025-343T02:20:22.898,0.0,,,,,,,,,,
2025-343T02:20:28.898,,418.0,73.0,858.0,602.0,478.0,272.0,2050.0,2037.0,2066.0,2060.0
2025-343T02:20:29.898,0.0,,,,,,,,,,
2025-343T02:20:34.898,0.0,,,,,,,,,,
2025-343T02:20:37.898,,418.0,73.0,858.0,602.0,478.0,272.0,2053.0,2036.0,2066.0,2060.0
2025-343T02:20:40.898,0.0,,,,,,,,,,
2025-343T02:20:46.898,,418.0,73.0,858.0,602.0,478.0,272.0,4095.0,487.0,2098.0,2051.0
2025-343T02:20:47.898,0.0,,,,,,,,,,
2025-343T02:20:52.898,0.0,,,,,,,,,,
2025-343T02:20:55.898,,418.0,73.0,858.0,602.0,478.0,272.0,2050.0,2037.0,2066.0,2061.0
2025-343T02:20:58.898,0.0,,,,,,,,,,
2025-343T02:21:04.898,,418.0,73.0,858.0,602.0,478.0,272.0,2050.0,2036.0,2066.0,2060.0
2025-343T02:21:05.898,0.0,,,,,,,,,,
2025-343T02:21:10.898,0.0,,,,,,,,,,
2025-343T02:21:13.898,,418.0,73.0,858.0,602.0,478.0,272.0,4095.0,0.0,2076.0,1912.0
2025-343T02:21:16.898,0.0,,,,,,,,,,
2025-343T02:21:22.898,,418.0,73.0,858.0,602.0,478.0,272.0,2054.0,2028.0,2066.0,2061.0
2025-343T02:21:23.897,0.0,,,,,,,,,,
2025-343T02:21:28.897,0.0,,,,,,,,,,
2025-343T02:21:31.897,,418.0,73.0,858.0,602.0,478.0,272.0,2052.0,2036.0,2066.0,2060.0
2025-343T02:21:34.897,0.0,,,,,,,,,,
2025-343T02:21:40.897,,418.0,73.0,858.0,602.0,478.0,272.0,4095.0,487.0,2098.0,2051.0
2025-343T02:21:41.897,0.0,,,,,,,,,,
2025-343T02:21:46.897,0.0,,,,,,,,,,
2025-343T02:21:49.997,,418.0,73.0,858.0,602.0,478.0,272.0,2049.0,2037.0,2066.0,2060.0
2025-343T02:21:50.997,0.0,,,,,,,,,,
2025-343T02:21:55.997,0.0,,,,,,,,,,
2025-343T02:21:58.997,,418.0,73.0,858.0,602.0,478.0,272.0,2052.0,2036.0,2066.0,2060.0
2025-343T02:22:01.997,0.0,,,,,,,,,,
2025-343T02:22:07.997,,418.0,73.0,858.0,602.0,478.0,272.0,2050.0,2037.0,2066.0,2060.0
2025-343T02:22:08.997,0.0,,,,,,,,,,
2025-343T02:22:13.997,0.0,,,,,,,,,,
2025-343T02:22:16.997,,418.0,73.0,858.0,602.0,478.0,272.0,4095.0,0.0,2075.0,1912.0
2025-343T02:22:19.997,0.0,,,,,,,,,,
2025-343T02:22:25.997,,418.0,73.0,858.0,602.0,478.0,272.0,2053.0,2036.0,2066.0,2060.0
2025-343T02:22:26.997,0.0,,,,,,,,,,
2025-343T02:22:31.997,0.0,,,,,,,,,,
2025-343T02:22:34.997,,418.0,73.0,858.0,602.0,478.0,272.0,2053.0,2036.0,2066.0,2060.0
2025-343T02:22:37.997,0.0,,,,,,,,,,
2025-343T02:22:43.997,,418.0,73.0,858.0,602.0,478.0,272.0,4095.0,487.0,2099.0,2051.0
2025-343T02:22:44.996,0.0,,,,,,,,,,
2025-343T02:22:49.996,0.0,,,,,,,,,,
2025-343T02:22:52.996,,418.0,73.0,858.0,602.0,478.0,272.0,2050.0,2037.0,2066.0,2061.0
2025-343T02:22:55.996,0.0,,,,,,,,,,
2025-343T02:23:01.996,,418.0,73.0,858.0,602.0,478.0,272.0,2050.0,2037.0,2066.0,2060.0
2025-343T02:23:02.996,0.0,,,,,,,,,,
2025-343T02:23:07.996,0.0,,,,,,,,,,
2025-343T02:23:10.996,,418.0,73.0,858.0,602.0,478.0,272.0,4095.0,0.0,2076.0,1912.0
2025-343T02:23:13.996,0.0,,,,,,,,,,
2025-343T02:23:19.996,,418.0,73.0,858.0,602.0,478.0,272.0,2053.0,2036.0,2066.0,2060.0
2025-343T02:23:20.996,0.0,,,,,,,,,,
2025-343T02:23:25.996,0.0,,,,,,,,,,
2025-343T02:23:28.996,,418.0,73.0,858.0,602.0,478.0,272.0,2050.0,2036.0,2066.0,2060.0
2025-343T02:23:31.996,0.0,,,,,,,,,,
2025-343T02:23:37.996,,418.0,73.0,858.0,602.0,478.0,272.0,4095.0,485.0,2098.0,2051.0
2025-343T02:23:38.996,0.0,,,,,,,,,,
2025-343T02:23:43.996,0.0,,,,,,,,,,
2025-343T02:23:46.996,,418.0,73.0,858.0,602.0,478.0,272.0,4095.0,1024.0,2096.0,2052.0
2025-343T02:23:49.996,0.0,,,,,,,,,,
2025-343T02:23:55.996,,418.0,73.0,858.0,602.0,478.0,272.0,2050.0,2036.0,2066.0,2060.0
2025-343T02:23:56.996,0.0,,,,,,,,,,
2025-343T02:24:01.995,0.0,,,,,,,,,,
2025-343T02:24:04.996,,418.0,73.0,858.0,602.0,478.0,272.0,2050.0,2037.0,2066.0,2060.0
2025-343T02:24:07.995,0.0,,,,,,,,,,
2025-343T02:24:13.995,,418.0,73.0,858.0,602.0,478.0,272.0,4095.0,0.0,2075.0,1912.0
2025-343T02:24:14.995,0.0,,,,,,,,,,
2025-343T02:24:19.995,0.0,,,,,,,,,,
2025-343T02:24:22.995,,418.0,73.0,858.0,602.0,478.0,272.0,2053.0,2036.0,2066.0,2061.0
2025-343T02:24:25.995,0.0,,,,,,,,,,
2025-343T02:24:31.995,,418.0,73.0,858.0,602.0,478.0,272.0,2054.0,2036.0,2066.0,2060.0
2025-343T02:24:32.995,0.0,,,,,,,,,,
2025-343T02:24:37.995,0.0,,,,,,,,,,
2025-343T02:24:40.995,,418.0,73.0,858.0,602.0,478.0,272.0,4095.0,483.0,2098.0,2051.0
2025-343T02:24:43.995,0.0,,,,,,,,,,
2025-343T02:24:49.995,,418.0,73.0,858.0,602.0,478.0,272.0,2050.0,2036.0,2066.0,2061.0
2025-343T02:24:50.995,0.0,,,,,,,,,,
2025-343T02:24:55.995,0.0,,,,,,,,,,
2025-343T02:24:58.995,,418.0,73.0,858.0,602.0,478.0,272.0,2050.0,2036.0,2066.0,2060.0
2025-343T02:25:01.995,0.0,,,,,,,,,,
2025-343T02:25:07.995,,418.0,73.0,858.0,602.0,478.0,272.0,2050.0,2035.0,2066.0,2061.0
2025-343T02:25:08.995,0.0,,,,,,,,,,
2025-343T02:25:13.995,0.0,,,,,,,,,,
2025-343T02:25:16.995,,418.0,73.0,858.0,602.0,478.0,272.0,4095.0,0.0,2075.0,1912.0
2025-343T02:25:19.994,0.0,,,,,,,,,,
2025-343T02:25:25.995,,418.0,73.0,858.0,602.0,478.0,272.0,2053.0,2036.0,2066.0,2060.0
2025-343T02:25:26.994,0.0,,,,,,,,,,
2025-343T02:25:31.994,0.0,,,,,,,,,,
2025-343T02:25:34.994,,418.0,73.0,858.0,602.0,478.0,272.0,2052.0,2036.0,2066.0,2061.0
2025-343T02:25:37.994,0.0,,,,,,,,,,
2025-343T02:25:43.994,,418.0,73.0,858.0,602.0,478.0,272.0,4095.0,484.0,2098.0,2051.0
2025-343T02:25:44.994,0.0,,,,,,,,,,
2025-343T02:25:49.994,0.0,,,,,,,,,,
2025-343T02:25:52.994,,418.0,73.0,858.0,602.0,478.0,272.0,2052.0,2037.0,2066.0,2060.0
2025-343T02:25:55.994,0.0,,,,,,,,,,
2025-343T02:26:01.994,,418.0,73.0,858.0,602.0,478.0,272.0,2050.0,2036.0,2066.0,2060.0
2025-343T02:26:02.994,0.0,,,,,,,,,,
2025-343T02:26:07.994,0.0,,,,,,,,,,
2025-343T02:26:10.994,,418.0,73.0,858.0,602.0,478.0,272.0,2050.0,2037.0,2066.0,2061.0
2025-343T02:26:13.994,0.0,,,,,,,,,,
2025-343T02:26:19.994,,418.0,73.0,858.0,602.0,478.0,272.0,4095.0,0.0,2076.0,1912.0
2025-343T02:26:20.994,0.0,,,,,,,,,,
2025-343T02:26:25.994,0.0,,,,,,,,,,
2025-343T02:26:28.994,,418.0,73.0,858.0,602.0,478.0,272.0,2061.0,1828.0,2067.0,2061.0
2025-343T02:26:31.994,0.0,,,,,,,,,,
2025-343T02:26:37.994,,418.0,73.0,858.0,602.0,478.0,272.0,2052.0,2036.0,2066.0,2060.0
2025-343T02:26:38.993,0.0,,,,,,,,,,
2025-343T02:26:43.993,0.0,,,,,,,,,,
2025-343T02:26:46.993,,418.0,73.0,858.0,602.0,478.0,272.0,4095.0,483.0,2098.0,2051.0
2025-343T02:26:49.993,0.0,,,,,,,,,,
2025-343T02:26:55.993,,418.0,73.0,858.0,602.0,478.0,272.0,2050.0,2037.0,2066.0,2060.0
2025-343T02:26:56.993,0.0,,,,,,,,,,
2025-343T02:27:01.993,0.0,,,,,,,,,,
2025-343T02:27:04.993,,418.0,73.0,858.0,602.0,478.0,272.0,2051.0,2037.0,2066.0,2060.0
2025-343T02:27:07.993,0.0,,,,,,,,,,
2025-343T02:27:13.993,,418.0,73.0,858.0,602.0,478.0,272.0,2050.0,2036.0,2066.0,2060.0
2025-343T02:27:14.993,0.0,,,,,,,,,,
2025-343T02:27:19.993,0.0,,,,,,,,,,
2025-343T02:27:22.993,,418.0,73.0,858.0,602.0,478.0,272.0,2050.0,2037.0,2066.0,2061.0
2025-343T02:27:25.993,0.0,,,,,,,,,,
2025-343T02:27:31.993,,418.0,73.0,858.0,602.0,478.0,272.0,4095.0,0.0,2075.0,1912.0
2025-343T02:27:32.993,0.0,,,,,,,,,,
2025-343T02:27:37.993,0.0,,,,,,,,,,
2025-343T02:27:40.993,,418.0,73.0,858.0,602.0,478.0,272.0,2050.0,2036.0,2066.0,2060.0
2025-343T02:27:43.993,0.0,,,,,,,,,,
2025-343T02:27:49.993,,418.0,73.0,858.0,602.0,478.0,272.0,4095.0,484.0,2098.0,2051.0
2025-343T02:27:50.992,0.0,,,,,,,,,,
2025-343T02:27:55.992,0.0,,,,,,,,,,
2025-343T02:27:58.992,,418.0,73.0,858.0,602.0,478.0,272.0,2142.0,1939.0,2066.0,2059.0
2025-343T02:28:01.992,0.0,,,,,,,,,,
2025-343T02:28:07.992,,418.0,73.0,858.0,602.0,478.0,272.0,2050.0,2037.0,2066.0,2060.0
2025-343T02:28:08.992,0.0,,,,,,,,,,
2025-343T02:28:13.992,0.0,,,,,,,,,,
2025-343T02:28:16.992,,418.0,73.0,858.0,602.0,478.0,272.0,2053.0,2036.0,2066.0,2060.0
2025-343T02:28:19.992,0.0,,,,,,,,,,
2025-343T02:28:25.992,,418.0,73.0,858.0,602.0,478.0,272.0,2050.0,2036.0,2066.0,2060.0
2025-343T02:28:26.992,0.0,,,,,,,,,,
2025-343T02:28:31.992,0.0,,,,,,,,,,
2025-343T02:28:34.992,,418.0,73.0,858.0,602.0,478.0,272.0,2050.0,2037.0,2066.0,2060.0
2025-343T02:28:37.992,0.0,,,,,,,,,,
2025-343T02:28:43.992,,418.0,73.0,858.0,602.0,478.0,272.0,4095.0,0.0,2075.0,1912.0
2025-343T02:28:44.992,0.0,,,,,,,,,,
2025-343T02:28:49.992,0.0,,,,,,,,,,
2025-343T02:28:52.992,,418.0,73.0,858.0,602.0,478.0,272.0,2050.0,2036.0,2066.0,2060.0
2025-343T02:28:55.992,0.0,,,,,,,,,,
2025-343T02:29:01.992,,418.0,73.0,858.0,602.0,478.0,272.0,4095.0,484.0,2098.0,2051.0
2025-343T02:29:02.992,0.0,,,,,,,,,,
2025-343T02:29:07.991,0.0,,,,,,,,,,
2025-343T02:29:10.992,,418.0,73.0,858.0,602.0,478.0,272.0,2050.0,2036.0,2066.0,2060.0
2025-343T02:29:13.991,0.0,,,,,,,,,,
2025-343T02:29:19.991,,418.0,73.0,858.0,602.0,478.0,272.0,2181.0,2013.0,2066.0,2060.0
2025-343T02:29:20.991,0.0,,,,,,,,,,
2025-343T02:29:25.991,0.0,,,,,,,,,,
2025-343T02:29:28.991,,418.0,73.0,858.0,602.0,478.0,272.0,4095.0,316.0,2101.0,2046.0
2025-343T02:29:31.991,0.0,,,,,,,,,,
2025-343T02:29:37.991,,418.0,73.0,858.0,602.0,478.0,272.0,2050.0,2036.0,2066.0,2060.0
2025-343T02:29:38.991,0.0,,,,,,,,,,
2025-343T02:29:43.991,0.0,,,,,,,,,,
2025-343T02:29:46.991,,418.0,73.0,858.0,602.0,478.0,272.0,2050.0,2037.0,2066.0,2060.0
2025-343T02:29:49.991,0.0,,,,,,,,,,
2025-343T02:29:55.991,,418.0,73.0,858.0,602.0,478.0,272.0,2050.0,2036.0,2066.0,2060.0
2025-343T02:29:56.991,0.0,,,,,,,,,,
2025-343T02:30:01.991,0.0,,,,,,,,,,
2025-343T02:30:04.991,,418.0,73.0,858.0,602.0,478.0,272.0,4095.0,0.0,2076.0,1912.0
2025-343T02:30:07.991,0.0,,,,,,,,,,
2025-343T02:30:13.991,,418.0,73.0,858.0,602.0,478.0,272.0,2054.0,2037.0,2066.0,2060.0
2025-343T02:30:14.991,0.0,,,,,,,,,,
2025-343T02:30:19.991,0.0,,,,,,,,,,
2025-343T02:30:22.991,,418.0,73.0,858.0,602.0,478.0,272.0,4095.0,487.0,2098.0,2051.0
2025-343T02:30:25.990,0.0,,,,,,,,,,
2025-343T02:30:31.990,,418.0,73.0,858.0,602.0,478.0,272.0,2088.0,2032.0,2066.0,2061.0
2025-343T02:30:32.990,0.0,,,,,,,,,,
2025-343T02:30:37.990,0.0,,,,,,,,,,
2025-343T02:30:40.990,,418.0,73.0,858.0,602.0,478.0,272.0,2050.0,2037.0,2066.0,2060.0
2025-343T02:30:43.990,0.0,,,,,,,,,,
2025-343T02:30:49.990,,418.0,73.0,858.0,602.0,478.0,272.0,2049.0,2037.0,2066.0,2060.0
2025-343T02:30:50.990,0.0,,,,,,,,,,
2025-343T02:30:55.990,0.0,,,,,,,,,,
2025-343T02:30:58.990,,418.0,73.0,858.0,602.0,478.0,272.0,2050.0,2037.0,2066.0,2060.0
2025-343T02:31:01.990,0.0,,,,,,,,,,
2025-343T02:31:07.990,,418.0,73.0,858.0,602.0,478.0,272.0,2049.0,2037.0,2066.0,2060.0
2025-343T02:31:08.990,0.0,,,,,,,,,,
2025-343T02:31:13.990,0.0,,,,,,,,,,
2025-343T02:31:16.990,,418.0,73.0,858.0,602.0,478.0,272.0,2050.0,2037.0,2066.0,2060.0
2025-343T02:31:19.990,0.0,,,,,,,,,,
2025-343T02:31:25.990,,418.0,73.0,858.0,602.0,478.0,272.0,4095.0,0.0,2075.0,1913.0
2025-343T02:31:26.990,0.0,,,,,,,,,,
2025-343T02:31:31.990,0.0,,,,,,,,,,
2025-343T02:31:34.990,,418.0,73.0,858.0,602.0,478.0,272.0,2052.0,2035.0,2066.0,2060.0
2025-343T02:31:37.989,0.0,,,,,,,,,,
2025-343T02:31:43.990,,418.0,73.0,858.0,602.0,478.0,272.0,4095.0,485.0,2098.0,2051.0
2025-343T02:31:44.989,0.0,,,,,,,,,,
2025-343T02:31:49.989,0.0,,,,,,,,,,
2025-343T02:31:52.989,,418.0,73.0,858.0,602.0,478.0,272.0,2050.0,2037.0,2066.0,2061.0
2025-343T02:31:55.989,0.0,,,,,,,,,,
2025-343T02:32:01.989,,418.0,73.0,858.0,602.0,478.0,272.0,2050.0,2036.0,2066.0,2060.0
2025-343T02:32:02.989,0.0,,,,,,,,,,
2025-343T02:32:07.989,0.0,,,,,,,,,,
2025-343T02:32:10.989,,418.0,73.0,858.0,602.0,478.0,272.0,2050.0,2036.0,2066.0,2061.0
2025-343T02:32:13.989,0.0,,,,,,,,,,
2025-343T02:32:19.989,,418.0,73.0,858.0,602.0,478.0,272.0,2050.0,2037.0,2066.0,2060.0
2025-343T02:32:20.989,0.0,,,,,,,,,,
2025-343T02:32:25.989,0.0,,,,,,,,,,
2025-343T02:32:28.989,,418.0,73.0,858.0,602.0,478.0,272.0,2049.0,2037.0,2066.0,2061.0
2025-343T02:32:31.989,0.0,,,,,,,,,,
2025-343T02:32:37.989,,418.0,73.0,858.0,602.0,478.0,272.0,2060.0,2037.0,2066.0,2060.0
2025-343T02:32:38.989,0.0,,,,,,,,,,
2025-343T02:32:43.989,0.0,,,,,,,,,,
2025-343T02:32:46.989,,418.0,73.0,858.0,602.0,478.0,272.0,4095.0,0.0,2076.0,1913.0
2025-343T02:32:49.989,0.0,,,,,,,,,,
2025-343T02:32:55.989,,418.0,73.0,858.0,602.0,478.0,272.0,2061.0,1829.0,2067.0,2061.0
2025-343T02:32:56.988,0.0,,,,,,,,,,
2025-343T02:33:01.988,0.0,,,,,,,,,,
2025-343T02:33:04.988,,418.0,73.0,858.0,602.0,478.0,272.0,2051.0,2036.0,2066.0,2060.0
2025-343T02:33:07.988,0.0,,,,,,,,,,
2025-343T02:33:13.988,,418.0,73.0,858.0,602.0,478.0,272.0,4095.0,483.0,2098.0,2051.0
2025-343T02:33:14.988,0.0,,,,,,,,,,
2025-343T02:33:19.988,0.0,,,,,,,,,,
2025-343T02:33:22.988,,418.0,73.0,858.0,602.0,478.0,272.0,2072.0,2034.0,2066.0,2061.0
2025-343T02:33:25.988,0.0,,,,,,,,,,
2025-343T02:33:31.988,,418.0,73.0,858.0,602.0,478.0,272.0,2052.0,2036.0,2066.0,2060.0
2025-343T02:33:32.988,0.0,,,,,,,,,,
2025-343T02:33:37.988,0.0,,,,,,,,,,
2025-343T02:33:40.988,,418.0,73.0,858.0,602.0,478.0,272.0,2049.0,2037.0,2066.0,2061.0
2025-343T02:33:43.988,0.0,,,,,,,,,,
2025-343T02:33:49.988,,418.0,73.0,858.0,602.0,478.0,272.0,2050.0,2036.0,2066.0,2061.0
2025-343T02:33:50.988,0.0,,,,,,,,,,
2025-343T02:33:55.988,0.0,,,,,,,,,,
2025-343T02:33:58.988,,418.0,73.0,858.0,602.0,478.0,272.0,2050.0,2036.0,2066.0,2061.0
2025-343T02:34:01.988,0.0,,,,,,,,,,
2025-343T02:34:07.988,,418.0,73.0,858.0,602.0,478.0,272.0,2050.0,2036.0,2066.0,2061.0
2025-343T02:34:08.987,0.0,,,,,,,,,,
2025-343T02:34:13.987,0.0,,,,,,,,,,
2025-343T02:34:16.987,,418.0,73.0,858.0,602.0,478.0,272.0,2050.0,2037.0,2066.0,2060.0
2025-343T02:34:19.987,0.0,,,,,,,,,,
2025-343T02:34:25.987,,418.0,73.0,858.0,602.0,478.0,272.0,4095.0,0.0,2076.0,1912.0
2025-343T02:34:26.987,0.0,,,,,,,,,,
2025-343T02:34:31.987,0.0,,,,,,,,,,
2025-343T02:34:34.987,,418.0,73.0,858.0,602.0,478.0,272.0,2053.0,2036.0,2066.0,2061.0
2025-343T02:34:37.987,0.0,,,,,,,,,,
2025-343T02:34:43.987,,418.0,73.0,858.0,602.0,478.0,272.0,4095.0,485.0,2098.0,2051.0
2025-343T02:34:44.987,0.0,,,,,,,,,,
2025-343T02:34:49.987,0.0,,,,,,,,,,
2025-343T02:34:52.987,,418.0,73.0,858.0,602.0,478.0,272.0,2050.0,2036.0,2066.0,2060.0
2025-343T02:34:55.987,0.0,,,,,,,,,,
2025-343T02:35:01.987,,418.0,73.0,858.0,602.0,478.0,272.0,2050.0,2037.0,2066.0,2060.0
2025-343T02:35:02.987,0.0,,,,,,,,,,
2025-343T02:35:07.987,0.0,,,,,,,,,,
2025-343T02:35:10.987,,418.0,73.0,858.0,602.0,478.0,272.0,2050.0,2037.0,2066.0,2061.0
2025-343T02:35:13.987,0.0,,,,,,,,,,
2025-343T02:35:19.987,,418.0,73.0,858.0,602.0,478.0,272.0,2050.0,2036.0,2066.0,2060.0
2025-343T02:35:20.987,0.0,,,,,,,,,,
2025-343T02:35:25.986,0.0,,,,,,,,,,
2025-343T02:35:28.987,,418.0,73.0,858.0,602.0,478.0,272.0,2050.0,2037.0,2066.0,2061.0
2025-343T02:35:31.986,0.0,,,,,,,,,,
2025-343T02:35:37.986,,418.0,73.0,858.0,602.0,478.0,272.0,2050.0,2037.0,2066.0,2061.0
2025-343T02:35:38.986,0.0,,,,,,,,,,
2025-343T02:35:43.986,0.0,,,,,,,,,,
2025-343T02:35:46.986,,418.0,73.0,858.0,602.0,478.0,272.0,2050.0,2037.0,2066.0,2060.0
2025-343T02:35:49.986,0.0,,,,,,,,,,
2025-343T02:35:55.986,,418.0,73.0,858.0,602.0,478.0,272.0,2050.0,2036.0,2066.0,2061.0
2025-343T02:35:56.986,0.0,,,,,,,,,,
2025-343T02:36:01.986,0.0,,,,,,,,,,
2025-343T02:36:04.986,,418.0,73.0,858.0,602.0,478.0,272.0,2050.0,2036.0,2066.0,2061.0
2025-343T02:36:07.986,0.0,,,,,,,,,,
2025-343T02:36:13.986,,418.0,73.0,858.0,602.0,478.0,272.0,4095.0,0.0,2076.0,1912.0
2025-343T02:36:14.986,0.0,,,,,,,,,,
2025-343T02:36:19.986,0.0,,,,,,,,,,
2025-343T02:36:22.986,,418.0,73.0,858.0,602.0,478.0,272.0,2054.0,2035.0,2066.0,2061.0
2025-343T02:36:25.986,0.0,,,,,,,,,,
2025-343T02:36:31.986,,418.0,73.0,858.0,602.0,478.0,272.0,4095.0,484.0,2098.0,2051.0
2025-343T02:36:32.986,0.0,,,,,,,,,,
2025-343T02:36:37.985,0.0,,,,,,,,,,
2025-343T02:36:40.986,,418.0,73.0,858.0,602.0,478.0,272.0,2121.0,2031.0,2066.0,2061.0
2025-343T02:36:43.985,0.0,,,,,,,,,,
2025-343T02:36:49.985,,418.0,73.0,858.0,602.0,478.0,272.0,2049.0,2037.0,2066.0,2061.0
2025-343T02:36:50.985,0.0,,,,,,,,,,
2025-343T02:36:55.985,0.0,,,,,,,,,,
2025-343T02:36:58.985,,418.0,73.0,858.0,602.0,478.0,272.0,2050.0,2036.0,2066.0,2061.0
2025-343T02:37:01.985,0.0,,,,,,,,,,
2025-343T02:37:07.985,,418.0,73.0,858.0,602.0,478.0,272.0,2050.0,2036.0,2066.0,2060.0
2025-343T02:37:08.985,0.0,,,,,,,,,,
2025-343T02:37:13.985,0.0,,,,,,,,,,
2025-343T02:37:16.985,,418.0,73.0,858.0,602.0,478.0,272.0,2050.0,2037.0,2066.0,2060.0
2025-343T02:37:19.985,0.0,,,,,,,,,,
2025-343T02:37:25.985,,418.0,73.0,858.0,602.0,478.0,272.0,2050.0,2036.0,2066.0,2060.0
2025-343T02:37:26.985,0.0,,,,,,,,,,
2025-343T02:37:31.985,0.0,,,,,,,,,,
2025-343T02:37:34.985,,418.0,73.0,858.0,602.0,478.0,272.0,2050.0,2037.0,2066.0,2060.0
2025-343T02:37:37.985,0.0,,,,,,,,,,
2025-343T02:37:43.985,,418.0,73.0,858.0,602.0,478.0,272.0,2050.0,2037.0,2066.0,2060.0
2025-343T02:37:44.985,0.0,,,,,,,,,,
2025-343T02:37:49.985,0.0,,,,,,,,,,
2025-343T02:37:52.985,,418.0,73.0,858.0,602.0,478.0,272.0,2050.0,2036.0,2066.0,2060.0
2025-343T02:37:55.984,0.0,,,,,,,,,,
2025-343T02:38:01.984,,418.0,73.0,858.0,602.0,478.0,272.0,4095.0,0.0,2075.0,1913.0
2025-343T02:38:02.984,0.0,,,,,,,,,,
2025-343T02:38:07.984,0.0,,,,,,,,,,
2025-343T02:38:10.984,,418.0,73.0,858.0,602.0,478.0,272.0,2061.0,1829.0,2067.0,2060.0
2025-343T02:38:13.984,0.0,,,,,,,,,,
2025-343T02:38:19.984,,418.0,73.0,858.0,602.0,478.0,272.0,4095.0,483.0,2098.0,2051.0
2025-343T02:38:20.984,0.0,,,,,,,,,,
2025-343T02:38:25.984,0.0,,,,,,,,,,
2025-343T02:38:28.984,,418.0,73.0,858.0,602.0,478.0,272.0,2142.0,1939.0,2066.0,2059.0
2025-343T02:38:31.984,0.0,,,,,,,,,,
2025-343T02:38:37.984,,418.0,73.0,858.0,602.0,478.0,272.0,2111.0,2026.0,2066.0,2060.0
2025-343T02:38:38.984,0.0,,,,,,,,,,
2025-343T02:38:43.984,0.0,,,,,,,,,,
2025-343T02:38:46.984,,418.0,73.0,858.0,602.0,478.0,272.0,2050.0,2037.0,2066.0,2060.0
2025-343T02:38:49.984,0.0,,,,,,,,,,
2025-343T02:38:55.984,,418.0,73.0,858.0,602.0,478.0,272.0,2050.0,2037.0,2066.0,2061.0
2025-343T02:38:56.984,0.0,,,,,,,,,,
2025-343T02:39:01.984,0.0,,,,,,,,,,
2025-343T02:39:04.984,,418.0,73.0,858.0,602.0,478.0,272.0,2050.0,2037.0,2066.0,2061.0
2025-343T02:39:07.983,0.0,,,,,,,,,,
2025-343T02:39:13.983,,418.0,73.0,858.0,602.0,478.0,272.0,2049.0,2037.0,2066.0,2060.0
2025-343T02:39:14.983,0.0,,,,,,,,,,
2025-343T02:39:19.983,0.0,,,,,,,,,,
2025-343T02:39:22.983,,418.0,73.0,858.0,602.0,478.0,272.0,2049.0,2036.0,2066.0,2061.0
2025-343T02:39:25.983,0.0,,,,,,,,,,
2025-343T02:39:31.983,,418.0,73.0,858.0,602.0,478.0,272.0,2049.0,2037.0,2066.0,2060.0
2025-343T02:39:32.983,0.0,,,,,,,,,,
2025-343T02:39:37.983,0.0,,,,,,,,,,
2025-343T02:39:40.983,,418.0,73.0,858.0,602.0,478.0,272.0,2050.0,2037.0,2066.0,2060.0
2025-343T02:39:43.983,0.0,,,,,,,,,,
2025-343T02:39:49.983,,418.0,73.0,858.0,602.0,478.0,272.0,2050.0,2037.0,2066.0,2061.0
2025-343T02:39:50.983,0.0,,,,,,,,,,
2025-343T02:39:55.983,0.0,,,,,,,,,,
2025-343T02:39:58.983,,418.0,73.0,858.0,602.0,478.0,272.0,4095.0,0.0,2075.0,1912.0
2025-343T02:40:01.983,0.0,,,,,,,,,,
2025-343T02:40:07.983,,418.0,73.0,858.0,602.0,478.0,272.0,2067.0,2033.0,2066.0,2060.0
2025-343T02:40:08.983,0.0,,,,,,,,,,
2025-343T02:40:13.983,0.0,,,,,,,,,,
2025-343T02:40:16.983,,418.0,73.0,858.0,602.0,478.0,272.0,2050.0,2036.0,2066.0,2060.0
2025-343T02:40:19.982,0.0,,,,,,,,,,
2025-343T02:40:25.983,,418.0,73.0,858.0,602.0,478.0,272.0,2143.0,2019.0,2066.0,2060.0
2025-343T02:40:26.982,0.0,,,,,,,,,,
2025-343T02:40:31.982,0.0,,,,,,,,,,
2025-343T02:40:34.982,,418.0,73.0,858.0,602.0,478.0,272.0,2053.0,2034.0,2067.0,2060.0
2025-343T02:40:37.982,0.0,,,,,,,,,,
2025-343T02:40:43.982,,418.0,73.0,858.0,602.0,478.0,272.0,2054.0,2036.0,2066.0,2061.0
2025-343T02:40:44.982,0.0,,,,,,,,,,
2025-343T02:40:49.982,0.0,,,,,,,,,,
2025-343T02:40:52.982,,418.0,73.0,858.0,602.0,478.0,272.0,3096.0,1698.0,2075.0,2059.0
2025-343T02:40:55.982,0.0,,,,,,,,,,
2025-343T02:41:01.982,,418.0,73.0,858.0,602.0,478.0,272.0,2053.0,2036.0,2066.0,2060.0
2025-343T02:41:02.982,0.0,,,,,,,,,,
2025-343T02:41:07.982,0.0,,,,,,,,,,
2025-343T02:41:10.982,,418.0,73.0,858.0,602.0,478.0,272.0,2053.0,2036.0,2066.0,2061.0
2025-343T02:41:13.982,0.0,,,,,,,,,,
2025-343T02:41:19.982,,418.0,73.0,858.0,602.0,478.0,272.0,2054.0,2028.0,2066.0,2060.0
2025-343T02:41:20.982,0.0,,,,,,,,,,
2025-343T02:41:25.982,0.0,,,,,,,,,,
2025-343T02:41:28.982,,418.0,73.0,858.0,602.0,478.0,272.0,2050.0,2036.0,2066.0,2060.0
2025-343T02:41:31.982,0.0,,,,,,,,,,
2025-343T02:41:37.982,,418.0,73.0,858.0,602.0,478.0,272.0,2054.0,2034.0,2066.0,2061.0
2025-343T02:41:38.981,0.0,,,,,,,,,,
2025-343T02:41:43.981,0.0,,,,,,,,,,
2025-343T02:41:46.981,,418.0,73.0,858.0,602.0,478.0,272.0,2067.0,2022.0,2066.0,2060.0
2025-343T02:41:49.981,0.0,,,,,,,,,,
2025-343T02:41:55.981,,418.0,73.0,858.0,602.0,478.0,272.0,2053.0,2036.0,2066.0,2060.0
2025-343T02:41:56.981,0.0,,,,,,,,,,
2025-343T02:42:01.981,0.0,,,,,,,,,,
2025-343T02:42:04.981,,418.0,73.0,858.0,602.0,478.0,272.0,2050.0,2036.0,2066.0,2061.0
2025-343T02:42:07.981,0.0,,,,,,,,,,
2025-343T02:42:13.981,,418.0,73.0,858.0,602.0,478.0,272.0,2052.0,2036.0,2066.0,2060.0
2025-343T02:42:14.981,0.0,,,,,,,,,,
2025-343T02:42:19.981,0.0,,,,,,,,,,
2025-343T02:42:22.981,,418.0,73.0,858.0,602.0,478.0,272.0,2053.0,2036.0,2066.0,2060.0
2025-343T02:42:25.981,0.0,,,,,,,,,,
2025-343T02:42:31.981,,418.0,73.0,858.0,602.0,478.0,272.0,2054.0,2036.0,2066.0,2060.0
2025-343T02:42:32.981,0.0,,,,,,,,,,
2025-343T02:42:37.981,0.0,,,,,,,,,,
2025-343T02:42:40.981,,418.0,73.0,858.0,602.0,478.0,272.0,2052.0,2021.0,2066.0,2060.0
2025-343T02:42:43.981,0.0,,,,,,,,,,
2025-343T02:42:49.981,,418.0,73.0,858.0,602.0,478.0,272.0,2054.0,2036.0,2066.0,2061.0
2025-343T02:42:50.980,0.0,,,,,,,,,,
2025-343T02:42:55.980,0.0,,,,,,,,,,
2025-343T02:42:58.980,,418.0,73.0,858.0,602.0,478.0,272.0,2053.0,2035.0,2066.0,2060.0
2025-343T02:43:01.980,0.0,,,,,,,,,,
2025-343T02:43:07.980,,418.0,73.0,858.0,602.0,478.0,272.0,2053.0,2030.0,2066.0,2060.0
2025-343T02:43:08.980,0.0,,,,,,,,,,
2025-343T02:43:13.980,0.0,,,,,,,,,,
2025-343T02:43:16.980,,418.0,73.0,858.0,602.0,478.0,272.0,2050.0,2034.0,2066.0,2060.0
2025-343T02:43:19.980,0.0,,,,,,,,,,
2025-343T02:43:25.980,,418.0,73.0,858.0,602.0,478.0,272.0,2055.0,2035.0,2066.0,2060.0
2025-343T02:43:26.980,0.0,,,,,,,,,,
2025-343T02:43:31.980,0.0,,,,,,,,,,
2025-343T02:43:34.980,,418.0,73.0,858.0,602.0,478.0,272.0,2052.0,2036.0,2066.0,2061.0
2025-343T02:43:37.980,0.0,,,,,,,,,,
2025-343T02:43:43.980,,418.0,73.0,858.0,602.0,478.0,272.0,2053.0,2036.0,2066.0,2060.0
2025-343T02:43:44.980,0.0,,,,,,,,,,
2025-343T02:43:49.980,0.0,,,,,,,,,,
2025-343T02:43:52.980,,418.0,73.0,858.0,602.0,478.0,272.0,2052.0,2036.0,2066.0,2061.0
2025-343T02:43:55.980,0.0,,,,,,,,,,
2025-343T02:44:01.980,,418.0,73.0,858.0,602.0,478.0,272.0,4095.0,486.0,2098.0,2051.0
2025-343T02:44:02.979,0.0,,,,,,,,,,
2025-343T02:44:07.979,0.0,,,,,,,,,,
2025-343T02:44:10.979,,418.0,73.0,858.0,602.0,478.0,272.0,2050.0,2036.0,2066.0,2061.0
2025-343T02:44:13.979,0.0,,,,,,,,,,
2025-343T02:44:19.979,,418.0,73.0,858.0,602.0,478.0,272.0,2050.0,2037.0,2066.0,2061.0
2025-343T02:44:20.979,0.0,,,,,,,,,,
2025-343T02:44:25.979,0.0,,,,,,,,,,
2025-343T02:44:28.979,,418.0,73.0,858.0,602.0,478.0,272.0,4095.0,0.0,2076.0,1912.0
2025-343T02:44:31.979,0.0,,,,,,,,,,
2025-343T02:44:37.979,,418.0,73.0,858.0,602.0,478.0,272.0,2054.0,2036.0,2066.0,2060.0
2025-343T02:44:38.979,0.0,,,,,,,,,,
2025-343T02:44:43.979,0.0,,,,,,,,,,
2025-343T02:44:46.979,,418.0,73.0,858.0,602.0,478.0,272.0,2053.0,2036.0,2066.0,2061.0
2025-343T02:44:49.979,0.0,,,,,,,,,,
2025-343T02:44:55.979,,418.0,73.0,858.0,602.0,478.0,272.0,2053.0,2035.0,2066.0,2061.0
2025-343T02:44:56.979,0.0,,,,,,,,,,
2025-343T02:45:01.979,0.0,,,,,,,,,,
2025-343T02:45:04.979,,418.0,73.0,858.0,602.0,478.0,272.0,2050.0,2036.0,2066.0,2061.0
2025-343T02:45:07.979,0.0,,,,,,,,,,
2025-343T02:45:13.979,,418.0,73.0,858.0,602.0,478.0,272.0,4095.0,484.0,2098.0,2051.0
2025-343T02:45:14.979,0.0,,,,,,,,,,
2025-343T02:45:19.978,0.0,,,,,,,,,,
2025-343T02:45:22.979,,418.0,73.0,858.0,602.0,478.0,272.0,2051.0,2036.0,2066.0,2060.0
2025-343T02:45:25.978,0.0,,,,,,,,,,
2025-343T02:45:31.978,,418.0,73.0,858.0,602.0,478.0,272.0,2050.0,2036.0,2066.0,2061.0
2025-343T02:45:32.978,0.0,,,,,,,,,,
2025-343T02:45:37.978,0.0,,,,,,,,,,
2025-343T02:45:40.978,,418.0,73.0,858.0,602.0,478.0,272.0,4095.0,0.0,2076.0,1912.0
2025-343T02:45:43.978,0.0,,,,,,,,,,
2025-343T02:45:49.978,,418.0,73.0,858.0,602.0,478.0,272.0,2053.0,2035.0,2066.0,2061.0
2025-343T02:45:50.978,0.0,,,,,,,,,,
2025-343T02:45:55.978,0.0,,,,,,,,,,
2025-343T02:45:58.978,,418.0,73.0,858.0,602.0,478.0,272.0,2052.0,2035.0,2066.0,2060.0
2025-343T02:46:01.978,0.0,,,,,,,,,,
2025-343T02:46:07.978,,418.0,73.0,858.0,602.0,478.0,272.0,2052.0,2036.0,2066.0,2060.0
2025-343T02:46:08.978,0.0,,,,,,,,,,
2025-343T02:46:13.978,0.0,,,,,,,,,,
2025-343T02:46:16.978,,418.0,73.0,858.0,602.0,478.0,272.0,4095.0,484.0,2098.0,2051.0
2025-343T02:46:19.978,0.0,,,,,,,,,,
2025-343T02:46:25.978,,418.0,73.0,858.0,602.0,478.0,272.0,3034.0,1832.0,2074.0,2059.0
2025-343T02:46:26.978,0.0,,,,,,,,,,
2025-343T02:46:31.977,0.0,,,,,,,,,,
2025-343T02:46:34.978,,418.0,73.0,858.0,602.0,478.0,272.0,2050.0,2037.0,2066.0,2060.0
2025-343T02:46:37.977,0.0,,,,,,,,,,
2025-343T02:46:43.977,,418.0,73.0,858.0,602.0,478.0,272.0,2049.0,2036.0,2066.0,2061.0
2025-343T02:46:44.977,0.0,,,,,,,,,,
2025-343T02:46:49.977,0.0,,,,,,,,,,
2025-343T02:46:52.977,,418.0,73.0,858.0,602.0,478.0,272.0,4095.0,0.0,2076.0,1911.0
2025-343T02:46:55.977,0.0,,,,,,,,,,
2025-343T02:47:01.977,,418.0,73.0,858.0,602.0,478.0,272.0,2054.0,2036.0,2066.0,2061.0
2025-343T02:47:02.977,0.0,,,,,,,,,,
2025-343T02:47:07.977,0.0,,,,,,,,,,
2025-343T02:47:10.977,,418.0,73.0,858.0,602.0,478.0,272.0,2053.0,2036.0,2066.0,2061.0
2025-343T02:47:13.977,0.0,,,,,,,,,,
2025-343T02:47:19.977,,418.0,73.0,858.0,602.0,478.0,272.0,2054.0,2036.0,2066.0,2061.0
2025-343T02:47:20.977,0.0,,,,,,,,,,
2025-343T02:47:25.977,0.0,,,,,,,,,,
2025-343T02:47:28.977,,418.0,73.0,858.0,602.0,478.0,272.0,4095.0,484.0,2098.0,2051.0
2025-343T02:47:31.977,0.0,,,,,,,,,,
2025-343T02:47:37.977,,418.0,73.0,858.0,602.0,478.0,272.0,2051.0,2037.0,2066.0,2061.0
2025-343T02:47:38.977,0.0,,,,,,,,,,
2025-343T02:47:43.976,0.0,,,,,,,,,,
2025-343T02:47:46.977,,418.0,73.0,858.0,602.0,478.0,272.0,2050.0,2036.0,2066.0,2060.0
2025-343T02:47:49.976,0.0,,,,,,,,,,
2025-343T02:47:55.976,,418.0,73.0,858.0,602.0,478.0,272.0,4095.0,0.0,2075.0,1912.0
2025-343T02:47:56.976,0.0,,,,,,,,,,
2025-343T02:48:01.976,0.0,,,,,,,,,,
2025-343T02:48:04.976,,418.0,73.0,858.0,602.0,478.0,272.0,2050.0,2036.0,2066.0,2060.0
2025-343T02:48:07.976,0.0,,,,,,,,,,
2025-343T02:48:13.976,,418.0,73.0,858.0,602.0,478.0,272.0,2053.0,2036.0,2066.0,2061.0
2025-343T02:48:14.976,0.0,,,,,,,,,,
2025-343T02:48:19.976,0.0,,,,,,,,,,
2025-343T02:48:22.976,,418.0,73.0,858.0,602.0,478.0,272.0,2053.0,2036.0,2066.0,2060.0
2025-343T02:48:25.976,0.0,,,,,,,,,,
2025-343T02:48:31.976,,418.0,73.0,858.0,602.0,478.0,272.0,4095.0,484.0,2099.0,2051.0
2025-343T02:48:32.976,0.0,,,,,,,,,,
2025-343T02:48:37.976,0.0,,,,,,,,,,
2025-343T02:48:40.976,,418.0,73.0,858.0,602.0,478.0,272.0,4095.0,1376.0,2087.0,2056.0
2025-343T02:48:43.976,0.0,,,,,,,,,,
2025-343T02:48:49.976,,418.0,73.0,858.0,602.0,478.0,272.0,2050.0,2035.0,2066.0,2061.0
2025-343T02:48:50.976,0.0,,,,,,,,,,
2025-343T02:48:55.975,0.0,,,,,,,,,,
2025-343T02:48:58.976,,418.0,73.0,858.0,602.0,478.0,272.0,4095.0,0.0,2076.0,1912.0
2025-343T02:49:01.975,0.0,,,,,,,,,,
2025-343T02:49:07.975,,418.0,73.0,858.0,602.0,478.0,272.0,2053.0,2035.0,2066.0,2060.0
2025-343T02:49:08.975,0.0,,,,,,,,,,
2025-343T02:49:13.975,0.0,,,,,,,,,,
2025-343T02:49:16.975,,418.0,73.0,858.0,602.0,478.0,272.0,2051.0,2036.0,2066.0,2060.0
2025-343T02:49:19.975,0.0,,,,,,,,,,
2025-343T02:49:25.975,,418.0,73.0,858.0,602.0,478.0,272.0,2053.0,2036.0,2066.0,2061.0
2025-343T02:49:26.975,0.0,,,,,,,,,,
2025-343T02:49:31.975,0.0,,,,,,,,,,
2025-343T02:49:34.975,,418.0,73.0,858.0,602.0,478.0,272.0,4095.0,485.0,2099.0,2051.0
2025-343T02:49:37.975,0.0,,,,,,,,,,
2025-343T02:49:43.975,,418.0,73.0,858.0,602.0,478.0,272.0,2050.0,2036.0,2066.0,2061.0
2025-343T02:49:44.975,0.0,,,,,,,,,,
2025-343T02:49:49.975,0.0,,,,,,,,,,
2025-343T02:49:52.975,,418.0,73.0,858.0,602.0,478.0,272.0,4095.0,982.0,2100.0,2053.0
2025-343T02:49:55.975,0.0,,,,,,,,,,
2025-343T02:50:01.975,,418.0,73.0,858.0,602.0,478.0,272.0,4095.0,0.0,2076.0,1912.0
2025-343T02:50:02.975,0.0,,,,,,,,,,
2025-343T02:50:07.975,0.0,,,,,,,,,,
2025-343T02:50:10.975,,418.0,73.0,858.0,602.0,478.0,272.0,2061.0,1828.0,2067.0,2061.0
2025-343T02:50:13.974,0.0,,,,,,,,,,
2025-343T02:50:19.974,,418.0,73.0,858.0,602.0,478.0,272.0,2052.0,2036.0,2066.0,2060.0
2025-343T02:50:20.974,0.0,,,,,,,,,,
2025-343T02:50:25.974,0.0,,,,,,,,,,
2025-343T02:50:28.974,,418.0,73.0,858.0,602.0,478.0,272.0,2050.0,2036.0,2066.0,2060.0
2025-343T02:50:31.974,0.0,,,,,,,,,,
2025-343T02:50:37.974,,418.0,73.0,858.0,602.0,478.0,272.0,4095.0,487.0,2099.0,2051.0
2025-343T02:50:38.974,0.0,,,,,,,,,,
2025-343T02:50:43.974,0.0,,,,,,,,,,
2025-343T02:50:46.974,,418.0,73.0,858.0,602.0,478.0,272.0,2052.0,2036.0,2066.0,2061.0
2025-343T02:50:49.974,0.0,,,,,,,,,,
2025-343T02:50:55.974,,418.0,73.0,858.0,602.0,478.0,272.0,2049.0,2037.0,2066.0,2061.0
2025-343T02:50:56.974,0.0,,,,,,,,,,
2025-343T02:51:01.974,0.0,,,,,,,,,,
2025-343T02:51:04.974,,418.0,73.0,858.0,602.0,478.0,272.0,2050.0,2036.0,2066.0,2060.0
2025-343T02:51:07.974,0.0,,,,,,,,,,
2025-343T02:51:13.974,,418.0,73.0,858.0,602.0,478.0,272.0,4095.0,0.0,2075.0,1912.0
2025-343T02:51:14.974,0.0,,,,,,,,,,
2025-343T02:51:19.974,0.0,,,,,,,,,,
2025-343T02:51:22.974,,418.0,73.0,858.0,602.0,478.0,272.0,2053.0,2029.0,2066.0,2060.0
2025-343T02:51:25.973,0.0,,,,,,,,,,
2025-343T02:51:31.973,,418.0,73.0,858.0,602.0,478.0,272.0,2053.0,2036.0,2066.0,2061.0
2025-343T02:51:32.973,0.0,,,,,,,,,,
2025-343T02:51:37.973,0.0,,,,,,,,,,
2025-343T02:51:40.973,,418.0,73.0,858.0,602.0,478.0,272.0,4095.0,486.0,2099.0,2051.0
2025-343T02:51:43.973,0.0,,,,,,,,,,
2025-343T02:51:49.973,,418.0,73.0,858.0,602.0,478.0,272.0,2194.0,2005.0,2066.0,2061.0
2025-343T02:51:50.973,0.0,,,,,,,,,,
2025-343T02:51:55.973,0.0,,,,,,,,,,
2025-343T02:51:58.973,,418.0,73.0,858.0,602.0,478.0,272.0,2051.0,2037.0,2066.0,2060.0
2025-343T02:52:01.973,0.0,,,,,,,,,,
2025-343T02:52:07.973,,418.0,73.0,858.0,602.0,478.0,272.0,2049.0,2036.0,2066.0,2061.0
2025-343T02:52:08.973,0.0,,,,,,,,,,
2025-343T02:52:13.973,0.0,,,,,,,,,,
2025-343T02:52:16.973,,418.0,73.0,858.0,602.0,478.0,272.0,4095.0,0.0,2076.0,1912.0
2025-343T02:52:19.973,0.0,,,,,,,,,,
2025-343T02:52:25.973,,418.0,73.0,858.0,602.0,478.0,272.0,2053.0,2035.0,2066.0,2060.0
2025-343T02:52:26.973,0.0,,,,,,,,,,
2025-343T02:52:31.973,0.0,,,,,,,,,,
2025-343T02:52:34.973,,418.0,73.0,858.0,602.0,478.0,272.0,2053.0,2036.0,2066.0,2061.0
2025-343T02:52:37.972,0.0,,,,,,,,,,
2025-343T02:52:43.972,,418.0,73.0,858.0,602.0,478.0,272.0,4095.0,485.0,2099.0,2051.0
2025-343T02:52:44.972,0.0,,,,,,,,,,
2025-343T02:52:49.972,0.0,,,,,,,,,,
2025-343T02:52:52.972,,418.0,73.0,858.0,602.0,478.0,272.0,2050.0,2037.0,2066.0,2061.0
2025-343T02:52:55.972,0.0,,,,,,,,,,
2025-343T02:53:01.972,,418.0,73.0,858.0,602.0,478.0,272.0,2052.0,2036.0,2066.0,2060.0
2025-343T02:53:02.972,0.0,,,,,,,,,,
2025-343T02:53:07.972,0.0,,,,,,,,,,
2025-343T02:53:10.972,,418.0,73.0,858.0,602.0,478.0,272.0,2050.0,2036.0,2066.0,2061.0
2025-343T02:53:13.972,0.0,,,,,,,,,,
2025-343T02:53:19.972,,418.0,73.0,858.0,602.0,478.0,272.0,2050.0,2036.0,2066.0,2061.0
2025-343T02:53:20.972,0.0,,,,,,,,,,
2025-343T02:53:25.972,0.0,,,,,,,,,,
2025-343T02:53:28.972,,418.0,73.0,858.0,602.0,478.0,272.0,4095.0,0.0,2076.0,1912.0
2025-343T02:53:31.972,0.0,,,,,,,,,,
2025-343T02:53:37.972,,418.0,73.0,858.0,602.0,478.0,272.0,2053.0,2036.0,2066.0,2060.0
2025-343T02:53:38.972,0.0,,,,,,,,,,
2025-343T02:53:43.972,0.0,,,,,,,,,,
2025-343T02:53:46.972,,418.0,73.0,858.0,602.0,478.0,272.0,2053.0,2035.0,2066.0,2060.0
2025-343T02:53:49.971,0.0,,,,,,,,,,
2025-343T02:53:55.971,,418.0,73.0,858.0,602.0,478.0,272.0,4095.0,485.0,2098.0,2051.0
2025-343T02:53:56.971,0.0,,,,,,,,,,
2025-343T02:54:01.971,0.0,,,,,,,,,,
2025-343T02:54:04.971,,418.0,73.0,858.0,602.0,478.0,272.0,2050.0,2036.0,2066.0,2060.0
2025-343T02:54:07.971,0.0,,,,,,,,,,
2025-343T02:54:13.971,,418.0,73.0,858.0,602.0,478.0,272.0,2052.0,2037.0,2066.0,2060.0
2025-343T02:54:14.971,0.0,,,,,,,,,,
2025-343T02:54:19.971,0.0,,,,,,,,,,
2025-343T02:54:22.971,,418.0,73.0,858.0,602.0,478.0,272.0,2050.0,2036.0,2066.0,2061.0
2025-343T02:54:25.971,0.0,,,,,,,,,,
2025-343T02:54:31.971,,418.0,73.0,858.0,602.0,478.0,272.0,2050.0,2036.0,2066.0,2061.0
2025-343T02:54:32.971,0.0,,,,,,,,,,
2025-343T02:54:37.971,0.0,,,,,,,,,,
2025-343T02:54:40.971,,418.0,73.0,858.0,602.0,478.0,272.0,4095.0,0.0,2076.0,1912.0
2025-343T02:54:43.971,0.0,,,,,,,,,,
2025-343T02:54:49.971,,418.0,73.0,858.0,602.0,478.0,272.0,2053.0,2036.0,2066.0,2061.0
2025-343T02:54:50.971,0.0,,,,,,,,,,
2025-343T02:54:55.971,0.0,,,,,,,,,,
2025-343T02:54:58.971,,418.0,73.0,858.0,602.0,478.0,272.0,2053.0,2036.0,2066.0,2061.0
2025-343T02:55:01.970,0.0,,,,,,,,,,
2025-343T02:55:07.970,,418.0,73.0,858.0,602.0,478.0,272.0,4095.0,484.0,2098.0,2051.0
2025-343T02:55:08.970,0.0,,,,,,,,,,
2025-343T02:55:13.970,0.0,,,,,,,,,,
2025-343T02:55:16.970,,418.0,73.0,858.0,602.0,478.0,272.0,2910.0,1897.0,2072.0,2060.0
2025-343T02:55:19.970,0.0,,,,,,,,,,
2025-343T02:55:25.970,,418.0,73.0,858.0,602.0,478.0,272.0,2050.0,2036.0,2066.0,2060.0
2025-343T02:55:26.970,0.0,,,,,,,,,,
2025-343T02:55:31.970,0.0,,,,,,,,,,
2025-343T02:55:34.970,,418.0,73.0,858.0,602.0,478.0,272.0,2050.0,2037.0,2066.0,2061.0
2025-343T02:55:37.970,0.0,,,,,,,,,,
2025-343T02:55:43.970,,418.0,73.0,858.0,602.0,478.0,272.0,2050.0,2036.0,2066.0,2060.0
2025-343T02:55:44.970,0.0,,,,,,,,,,
2025-343T02:55:49.970,0.0,,,,,,,,,,
2025-343T02:55:52.970,,418.0,73.0,858.0,602.0,478.0,272.0,4095.0,0.0,2076.0,1912.0
2025-343T02:55:55.970,0.0,,,,,,,,,,
2025-343T02:56:01.970,,418.0,73.0,858.0,602.0,478.0,272.0,2054.0,2036.0,2066.0,2060.0
2025-343T02:56:02.970,0.0,,,,,,,,,,
2025-343T02:56:07.970,0.0,,,,,,,,,,
2025-343T02:56:10.970,,418.0,73.0,858.0,602.0,478.0,272.0,2053.0,2036.0,2066.0,2060.0
2025-343T02:56:13.969,0.0,,,,,,,,,,
2025-343T02:56:19.969,,418.0,73.0,858.0,602.0,478.0,272.0,4095.0,485.0,2098.0,2051.0
2025-343T02:56:20.969,0.0,,,,,,,,,,
2025-343T02:56:25.969,0.0,,,,,,,,,,
2025-343T02:56:28.969,,418.0,73.0,858.0,602.0,478.0,272.0,2050.0,2037.0,2066.0,2061.0
2025-343T02:56:31.969,0.0,,,,,,,,,,
2025-343T02:56:37.969,,418.0,73.0,858.0,602.0,478.0,272.0,2050.0,2037.0,2066.0,2061.0
2025-343T02:56:38.969,0.0,,,,,,,,,,
2025-343T02:56:43.969,0.0,,,,,,,,,,
2025-343T02:56:46.969,,418.0,73.0,858.0,602.0,478.0,272.0,2050.0,2037.0,2066.0,2061.0
2025-343T02:56:49.969,0.0,,,,,,,,,,
2025-343T02:56:55.969,,418.0,73.0,858.0,602.0,478.0,272.0,2050.0,2036.0,2066.0,2060.0
2025-343T02:56:56.969,0.0,,,,,,,,,,
2025-343T02:57:01.969,0.0,,,,,,,,,,
2025-343T02:57:04.969,,418.0,73.0,858.0,602.0,478.0,272.0,4095.0,0.0,2075.0,1911.0
2025-343T02:57:07.969,0.0,,,,,,,,,,
2025-343T02:57:13.969,,418.0,73.0,858.0,602.0,478.0,272.0,2062.0,1827.0,2067.0,2060.0
2025-343T02:57:14.969,0.0,,,,,,,,,,
2025-343T02:57:19.969,0.0,,,,,,,,,,
2025-343T02:57:22.969,,418.0,73.0,858.0,602.0,478.0,272.0,2053.0,2036.0,2066.0,2061.0
2025-343T02:57:25.968,0.0,,,,,,,,,,
2025-343T02:57:31.968,,418.0,73.0,858.0,602.0,478.0,272.0,4095.0,485.0,2099.0,2051.0
2025-343T02:57:32.968,0.0,,,,,,,,,,
2025-343T02:57:37.968,0.0,,,,,,,,,,
2025-343T02:57:40.968,,418.0,73.0,858.0,602.0,478.0,272.0,2050.0,2036.0,2066.0,2060.0
2025-343T02:57:43.968,0.0,,,,,,,,,,
2025-343T02:57:49.968,,418.0,73.0,858.0,602.0,478.0,272.0,2052.0,2036.0,2066.0,2060.0
2025-343T02:57:50.968,0.0,,,,,,,,,,
2025-343T02:57:55.968,0.0,,,,,,,,,,
2025-343T02:57:58.968,,418.0,73.0,858.0,602.0,478.0,272.0,2050.0,2037.0,2066.0,2060.0
2025-343T02:58:01.968,0.0,,,,,,,,,,
2025-343T02:58:07.968,,418.0,73.0,858.0,602.0,478.0,272.0,2050.0,2036.0,2066.0,2060.0
2025-343T02:58:08.968,0.0,,,,,,,,,,
2025-343T02:58:13.968,0.0,,,,,,,,,,
2025-343T02:58:16.968,,418.0,73.0,858.0,602.0,478.0,272.0,2050.0,2036.0,2066.0,2060.0
2025-343T02:58:19.968,0.0,,,,,,,,,,
2025-343T02:58:25.968,,418.0,73.0,858.0,602.0,478.0,272.0,4095.0,0.0,2076.0,1912.0
2025-343T02:58:26.968,0.0,,,,,,,,,,
2025-343T02:58:31.968,0.0,,,,,,,,,,
2025-343T02:58:34.968,,418.0,73.0,858.0,602.0,478.0,272.0,2053.0,2036.0,2066.0,2061.0
2025-343T02:58:37.967,0.0,,,,,,,,,,
2025-343T02:58:43.967,,418.0,73.0,858.0,602.0,478.0,272.0,2053.0,2036.0,2066.0,2060.0
2025-343T02:58:44.967,0.0,,,,,,,,,,
2025-343T02:58:49.967,0.0,,,,,,,,,,
2025-343T02:58:52.967,,418.0,73.0,858.0,602.0,478.0,272.0,4095.0,484.0,2099.0,2051.0
2025-343T02:58:55.967,0.0,,,,,,,,,,
2025-343T02:59:01.967,,418.0,73.0,858.0,602.0,478.0,272.0,2085.0,2032.0,2066.0,2060.0
2025-343T02:59:02.967,0.0,,,,,,,,,,
2025-343T02:59:07.967,0.0,,,,,,,,,,
2025-343T02:59:10.967,,418.0,73.0,858.0,602.0,478.0,272.0,2050.0,2036.0,2066.0,2060.0
2025-343T02:59:13.967,0.0,,,,,,,,,,
2025-343T02:59:19.967,,418.0,73.0,858.0,602.0,478.0,272.0,2050.0,2036.0,2066.0,2061.0
2025-343T02:59:20.967,0.0,,,,,,,,,,
2025-343T02:59:25.967,0.0,,,,,,,,,,
2025-343T02:59:28.967,,418.0,73.0,858.0,602.0,478.0,272.0,2050.0,2037.0,2066.0,2060.0
2025-343T02:59:31.967,0.0,,,,,,,,,,
2025-343T02:59:37.967,,418.0,73.0,858.0,602.0,478.0,272.0,2050.0,2036.0,2066.0,2060.0
2025-343T02:59:38.967,0.0,,,,,,,,,,
2025-343T02:59:43.967,0.0,,,,,,,,,,
2025-343T02:59:46.967,,418.0,73.0,858.0,602.0,478.0,272.0,4095.0,0.0,2076.0,1912.0
2025-343T02:59:49.966,0.0,,,,,,,,,,
2025-343T02:59:55.967,,418.0,73.0,858.0,602.0,478.0,272.0,2053.0,2035.0,2066.0,2061.0
2025-343T02:59:56.966,0.0,,,,,,,,,,
2025-343T03:00:01.966,0.0,,,,,,,,,,
2025-343T03:00:04.966,,418.0,73.0,858.0,602.0,478.0,272.0,2066.0,2034.0,2066.0,2060.0
2025-343T03:00:07.966,0.0,,,,,,,,,,
2025-343T03:00:13.966,,418.0,73.0,858.0,602.0,478.0,272.0,4095.0,487.0,2098.0,2051.0
2025-343T03:00:14.966,0.0,,,,,,,,,,
2025-343T03:00:19.966,0.0,,,,,,,,,,
2025-343T03:00:22.966,,418.0,73.0,858.0,602.0,478.0,272.0,2052.0,2037.0,2066.0,2060.0
2025-343T03:00:25.966,0.0,,,,,,,,,,
2025-343T03:00:31.966,,418.0,73.0,858.0,602.0,478.0,272.0,2050.0,2037.0,2066.0,2060.0
2025-343T03:00:32.966,0.0,,,,,,,,,,
2025-343T03:00:37.966,0.0,,,,,,,,,,
2025-343T03:00:40.966,,418.0,73.0,858.0,602.0,478.0,272.0,2050.0,2037.0,2066.0,2061.0
2025-343T03:00:43.966,0.0,,,,,,,,,,
2025-343T03:00:49.966,,418.0,73.0,858.0,602.0,478.0,272.0,2050.0,2037.0,2066.0,2060.0
2025-343T03:00:50.966,0.0,,,,,,,,,,
2025-343T03:00:55.966,0.0,,,,,,,,,,
2025-343T03:00:58.966,,418.0,73.0,858.0,602.0,478.0,272.0,2049.0,2036.0,2066.0,2060.0
2025-343T03:01:01.965,0.0,,,,,,,,,,
2025-343T03:01:07.966,,418.0,73.0,858.0,602.0,478.0,272.0,4095.0,0.0,2075.0,1912.0
2025-343T03:01:08.965,0.0,,,,,,,,,,
2025-343T03:01:13.965,0.0,,,,,,,,,,
2025-343T03:01:16.965,,418.0,73.0,858.0,602.0,478.0,272.0,2061.0,1829.0,2067.0,2060.0
2025-343T03:01:19.965,0.0,,,,,,,,,,
2025-343T03:01:25.965,,418.0,73.0,858.0,602.0,478.0,272.0,2053.0,2027.0,2066.0,2060.0
2025-343T03:01:26.965,0.0,,,,,,,,,,
2025-343T03:01:31.965,0.0,,,,,,,,,,
2025-343T03:01:34.965,,418.0,73.0,858.0,602.0,478.0,272.0,4095.0,486.0,2098.0,2051.0
2025-343T03:01:37.965,0.0,,,,,,,,,,
2025-343T03:01:43.965,,418.0,73.0,858.0,602.0,478.0,272.0,2050.0,2037.0,2066.0,2060.0
2025-343T03:01:44.965,0.0,,,,,,,,,,
2025-343T03:01:49.965,0.0,,,,,,,,,,
2025-343T03:01:52.965,,418.0,73.0,858.0,602.0,478.0,272.0,2050.0,2036.0,2066.0,2060.0
2025-343T03:01:55.965,0.0,,,,,,,,,,
2025-343T03:02:01.965,,418.0,73.0,858.0,602.0,478.0,272.0,2050.0,2037.0,2066.0,2060.0
2025-343T03:02:02.965,0.0,,,,,,,,,,
2025-343T03:02:07.965,0.0,,,,,,,,,,
2025-343T03:02:10.965,,418.0,73.0,858.0,602.0,478.0,272.0,2050.0,2036.0,2066.0,2060.0
2025-343T03:02:13.964,0.0,,,,,,,,,,
2025-343T03:02:19.964,,418.0,73.0,858.0,602.0,478.0,272.0,2050.0,2037.0,2066.0,2060.0
2025-343T03:02:20.964,0.0,,,,,,,,,,
2025-343T03:02:25.964,0.0,,,,,,,,,,
2025-343T03:02:28.964,,418.0,73.0,858.0,602.0,478.0,272.0,2050.0,2036.0,2066.0,2060.0
2025-343T03:02:31.964,0.0,,,,,,,,,,
2025-343T03:02:37.964,,418.0,73.0,858.0,602.0,478.0,272.0,4095.0,0.0,2076.0,1912.0
2025-343T03:02:38.964,0.0,,,,,,,,,,
2025-343T03:02:43.964,0.0,,,,,,,,,,
2025-343T03:02:46.964,,418.0,73.0,858.0,602.0,478.0,272.0,2053.0,2036.0,2066.0,2061.0
2025-343T03:02:49.964,0.0,,,,,,,,,,
2025-343T03:02:55.964,,418.0,73.0,858.0,602.0,478.0,272.0,4095.0,484.0,2098.0,2051.0
2025-343T03:02:56.964,0.0,,,,,,,,,,
2025-343T03:03:01.964,0.0,,,,,,,,,,
2025-343T03:03:04.964,,418.0,73.0,858.0,602.0,478.0,272.0,2143.0,1937.0,2066.0,2059.0
2025-343T03:03:07.964,0.0,,,,,,,,,,
2025-343T03:03:13.964,,418.0,73.0,858.0,602.0,478.0,272.0,3104.0,1833.0,2075.0,2060.0
2025-343T03:03:14.964,0.0,,,,,,,,,,
2025-343T03:03:19.964,0.0,,,,,,,,,,
2025-343T03:03:22.964,,418.0,73.0,858.0,602.0,478.0,272.0,2050.0,2036.0,2066.0,2060.0
2025-343T03:03:25.963,0.0,,,,,,,,,,
2025-343T03:03:31.963,,418.0,73.0,858.0,602.0,478.0,272.0,2050.0,2037.0,2066.0,2060.0
2025-343T03:03:32.963,0.0,,,,,,,,,,
2025-343T03:03:37.963,0.0,,,,,,,,,,
2025-343T03:03:40.963,,418.0,73.0,858.0,602.0,478.0,272.0,2050.0,2036.0,2066.0,2060.0
2025-343T03:03:43.963,0.0,,,,,,,,,,
2025-343T03:03:49.963,,418.0,73.0,858.0,602.0,478.0,272.0,2050.0,2036.0,2066.0,2060.0
2025-343T03:03:50.963,0.0,,,,,,,,,,
2025-343T03:03:55.963,0.0,,,,,,,,,,
2025-343T03:03:58.963,,418.0,73.0,858.0,602.0,478.0,272.0,2050.0,2036.0,2066.0,2060.0
2025-343T03:04:01.963,0.0,,,,,,,,,,
2025-343T03:04:07.963,,418.0,73.0,858.0,602.0,478.0,272.0,4095.0,0.0,2075.0,1912.0
2025-343T03:04:08.963,0.0,,,,,,,,,,
2025-343T03:04:13.963,0.0,,,,,,,,,,
2025-343T03:04:16.963,,418.0,73.0,858.0,602.0,478.0,272.0,2052.0,2036.0,2066.0,2060.0
2025-343T03:04:19.963,0.0,,,,,,,,,,
2025-343T03:04:25.963,,418.0,73.0,858.0,602.0,478.0,272.0,2053.0,2036.0,2066.0,2061.0
2025-343T03:04:26.963,0.0,,,,,,,,,,
2025-343T03:04:31.963,0.0,,,,,,,,,,
2025-343T03:04:34.963,,418.0,73.0,858.0,602.0,478.0,272.0,2082.0,2030.0,2066.0,2060.0
2025-343T03:04:37.962,0.0,,,,,,,,,,
2025-343T03:04:43.963,,418.0,73.0,858.0,602.0,478.0,272.0,2073.0,2034.0,2066.0,2061.0
2025-343T03:04:44.962,0.0,,,,,,,,,,
2025-343T03:04:49.962,0.0,,,,,,,,,,
2025-343T03:04:52.962,,418.0,73.0,858.0,602.0,478.0,272.0,2059.0,2034.0,2066.0,2060.0
2025-343T03:04:55.962,0.0,,,,,,,,,,
2025-343T03:05:01.962,,418.0,73.0,858.0,602.0,478.0,272.0,3404.0,1515.0,2078.0,2058.0
2025-343T03:05:02.962,0.0,,,,,,,,,,
2025-343T03:05:07.962,0.0,,,,,,,,,,
2025-343T03:05:10.962,,418.0,73.0,858.0,602.0,478.0,272.0,3019.0,1830.0,2074.0,2060.0
2025-343T03:05:13.962,0.0,,,,,,,,,,
2025-343T03:05:19.962,,418.0,73.0,858.0,602.0,478.0,272.0,2053.0,2036.0,2066.0,2060.0
2025-343T03:05:20.962,0.0,,,,,,,,,,
2025-343T03:05:25.962,0.0,,,,,,,,,,
2025-343T03:05:28.962,,418.0,73.0,858.0,602.0,478.0,272.0,2050.0,2036.0,2066.0,2060.0
2025-343T03:05:31.962,0.0,,,,,,,,,,
2025-343T03:05:37.962,,418.0,73.0,858.0,602.0,478.0,272.0,2051.0,2034.0,2066.0,2060.0
2025-343T03:05:38.962,0.0,,,,,,,,,,
2025-343T03:05:43.962,0.0,,,,,,,,,,
2025-343T03:05:46.962,,418.0,73.0,858.0,602.0,478.0,272.0,2053.0,2036.0,2066.0,2061.0
2025-343T03:05:49.961,0.0,,,,,,,,,,
2025-343T03:05:55.962,,418.0,73.0,858.0,515.0,478.0,272.0,2054.0,2036.0,2066.0,2061.0
2025-343T03:05:56.961,0.0,,,,,,,,,,
2025-343T03:06:01.961,0.0,,,,,,,,,,
2025-343T03:06:04.961,,418.0,73.0,858.0,602.0,478.0,272.0,2050.0,2035.0,2066.0,2061.0
2025-343T03:06:07.961,0.0,,,,,,,,,,
2025-343T03:06:13.961,,418.0,73.0,858.0,602.0,478.0,272.0,2054.0,2036.0,2066.0,2060.0
2025-343T03:06:14.961,0.0,,,,,,,,,,
2025-343T03:06:19.961,0.0,,,,,,,,,,
2025-343T03:06:22.961,,418.0,73.0,858.0,602.0,478.0,272.0,2053.0,2035.0,2066.0,2060.0
2025-343T03:06:25.961,0.0,,,,,,,,,,
2025-343T03:06:31.961,,418.0,73.0,858.0,602.0,478.0,272.0,2053.0,2034.0,2066.0,2061.0
2025-343T03:06:32.961,0.0,,,,,,,,,,
2025-343T03:06:37.961,0.0,,,,,,,,,,
2025-343T03:06:40.961,,418.0,73.0,858.0,602.0,478.0,272.0,2050.0,2036.0,2066.0,2060.0
2025-343T03:06:43.961,0.0,,,,,,,,,,
2025-343T03:06:49.961,,418.0,73.0,858.0,602.0,478.0,272.0,2053.0,2036.0,2066.0,2061.0
2025-343T03:06:50.961,0.0,,,,,,,,,,
2025-343T03:06:55.961,0.0,,,,,,,,,,
2025-343T03:06:58.961,,418.0,73.0,858.0,602.0,478.0,272.0,2053.0,2035.0,2066.0,2060.0
2025-343T03:07:01.960,0.0,,,,,,,,,,
2025-343T03:07:07.960,,418.0,73.0,858.0,602.0,478.0,272.0,2053.0,2036.0,2066.0,2060.0
2025-343T03:07:08.960,0.0,,,,,,,,,,
2025-343T03:07:13.960,0.0,,,,,,,,,,
2025-343T03:07:16.960,,418.0,73.0,858.0,602.0,478.0,272.0,2053.0,2036.0,2066.0,2060.0
2025-343T03:07:19.960,0.0,,,,,,,,,,
2025-343T03:07:25.960,,418.0,73.0,858.0,602.0,478.0,272.0,2053.0,2036.0,2066.0,2061.0
2025-343T03:07:26.960,0.0,,,,,,,,,,
2025-343T03:07:31.960,0.0,,,,,,,,,,
2025-343T03:07:34.960,,418.0,73.0,858.0,602.0,478.0,272.0,2054.0,2036.0,2066.0,2060.0
2025-343T03:07:37.960,0.0,,,,,,,,,,
2025-343T03:07:43.960,,418.0,73.0,858.0,602.0,478.0,272.0,4095.0,490.0,2104.0,2051.0
2025-343T03:07:44.960,0.0,,,,,,,,,,
2025-343T03:07:49.960,0.0,,,,,,,,,,
2025-343T03:07:52.960,,418.0,73.0,858.0,602.0,478.0,272.0,2051.0,2036.0,2066.0,2060.0
2025-343T03:07:55.960,0.0,,,,,,,,,,
2025-343T03:08:01.960,,418.0,73.0,858.0,602.0,478.0,272.0,2049.0,2037.0,2066.0,2060.0
2025-343T03:08:02.960,0.0,,,,,,,,,,
2025-343T03:08:07.960,0.0,,,,,,,,,,
2025-343T03:08:10.960,,418.0,73.0,858.0,602.0,478.0,272.0,4095.0,0.0,2075.0,1911.0
2025-343T03:08:13.959,0.0,,,,,,,,,,
2025-343T03:08:19.959,,418.0,73.0,858.0,602.0,478.0,272.0,2053.0,2036.0,2066.0,2060.0
2025-343T03:08:20.959,0.0,,,,,,,,,,
2025-343T03:08:25.959,0.0,,,,,,,,,,
2025-343T03:08:28.959,,418.0,73.0,858.0,602.0,478.0,272.0,2052.0,2036.0,2066.0,2060.0
2025-343T03:08:31.959,0.0,,,,,,,,,,
2025-343T03:08:37.959,,418.0,73.0,858.0,602.0,478.0,272.0,2054.0,2034.0,2066.0,2060.0
2025-343T03:08:38.959,0.0,,,,,,,,,,
2025-343T03:08:43.959,0.0,,,,,,,,,,
2025-343T03:08:46.959,,418.0,73.0,858.0,602.0,478.0,272.0,2053.0,2036.0,2066.0,2060.0
2025-343T03:08:49.959,0.0,,,,,,,,,,
2025-343T03:08:55.959,,418.0,73.0,858.0,602.0,478.0,272.0,2053.0,2036.0,2066.0,2061.0
2025-343T03:08:56.959,0.0,,,,,,,,,,
2025-343T03:09:01.959,0.0,,,,,,,,,,
2025-343T03:09:04.959,,418.0,73.0,858.0,602.0,478.0,272.0,4095.0,488.0,2099.0,2051.0
2025-343T03:09:07.959,0.0,,,,,,,,,,
2025-343T03:09:13.959,,418.0,73.0,858.0,602.0,478.0,272.0,2051.0,2035.0,2066.0,2060.0
2025-343T03:09:14.959,0.0,,,,,,,,,,
2025-343T03:09:19.959,0.0,,,,,,,,,,
2025-343T03:09:22.959,,418.0,73.0,858.0,602.0,478.0,272.0,2050.0,2037.0,2066.0,2060.0
2025-343T03:09:25.958,0.0,,,,,,,,,,
2025-343T03:09:31.958,,418.0,73.0,858.0,602.0,478.0,272.0,4095.0,0.0,2076.0,1911.0
2025-343T03:09:32.958,0.0,,,,,,,,,,
2025-343T03:09:37.958,0.0,,,,,,,,,,
2025-343T03:09:40.958,,418.0,73.0,858.0,602.0,478.0,272.0,2052.0,2036.0,2066.0,2061.0
2025-343T03:09:43.958,0.0,,,,,,,,,,
2025-343T03:09:49.958,,418.0,73.0,858.0,602.0,478.0,272.0,2053.0,2035.0,2066.0,2060.0
2025-343T03:09:50.958,0.0,,,,,,,,,,
