Dust Event ID,UTC Timestamp,Local Timestamp,Integer Timestamp (ms),Velocity (m/s),Mass (kg),Charge (C),Radius (m) ,High Voltage (MV),Current Group ID,Current Experiment Name,Current Experiment Description,Estimate Quality,Dust Type
8543758,20231213193120.712000000,20231213123120.712000000,1702495880712,2.237100E+3,8.839451E-17,1.007320E-16,1.389037E-7,2.195833E+0," IDEX "," 2023_12_13_run0 "," 2-90 km/s. Fe/pt olivine mix. IDEX FM. Det2400. Position 2. ",3," Iron "
8543759,20231213193131.356000000,20231213123131.356000000,1702495891356,5.798530E+3,1.985296E-15,1.519110E-14,3.919047E-7,2.197063E+0," IDEX "," 2023_12_13_run0 "," 2-90 km/s. Fe/pt olivine mix. IDEX FM. Det2400. Position 2. ",5," Iron "
8543761,20231213193200.117000000,20231213123200.117000000,1702495920117,4.822360E+3,1.712843E-16,9.064940E-16,1.731721E-7,2.197063E+0," IDEX "," 2023_12_13_run0 "," 2-90 km/s. Fe/pt olivine mix. IDEX FM. Det2400. Position 2. ",5," Iron "
8543764,20231213193211.674000000,20231213123211.674000000,1702495931674,2.298460E+3,2.767108E-16,3.326810E-16,2.031955E-7,2.197063E+0," IDEX "," 2023_12_13_run0 "," 2-90 km/s. Fe/pt olivine mix. IDEX FM. Det2400. Position 2. ",5," Iron "
8543767,20231213193222.609000000,20231213123222.609000000,1702495942609,3.820180E+3,1.117874E-16,3.714770E-16,1.502114E-7,2.195833E+0," IDEX "," 2023_12_13_run0 "," 2-90 km/s. Fe/pt olivine mix. IDEX FM. Det2400. Position 2. ",5," Iron "
8543768,20231213193224.177000000,20231213123224.177000000,1702495944177,3.273690E+3,1.285906E-16,3.138020E-16,1.573893E-7,2.195833E+0," IDEX "," 2023_12_13_run0 "," 2-90 km/s. Fe/pt olivine mix. IDEX FM. Det2400. Position 2. ",5," Iron "
8543770,20231213193227.554000000,20231213123227.554000000,1702495947554,1.259140E+4,5.975623E-18,2.157260E-16,5.658479E-8,2.195833E+0," IDEX "," 2023_12_13_run0 "," 2-90 km/s. Fe/pt olivine mix. IDEX FM. Det2400. Position 2. ",5," Iron "
8543782,20231213193336.427000000,20231213123336.427000000,1702496016427,4.297780E+3,4.048314E-17,1.701730E-16,1.070689E-7,2.197063E+0," IDEX "," 2023_12_13_run0 "," 2-90 km/s. Fe/pt olivine mix. IDEX FM. Det2400. Position 2. ",5," Iron "
8543785,20231213193343.445999999,20231213123343.445999999,1702496023446,1.814540E+4,1.400062E-17,1.049080E-15,7.515441E-8,2.197063E+0," IDEX "," 2023_12_13_run0 "," 2-90 km/s. Fe/pt olivine mix. IDEX FM. Det2400. Position 2. ",5," Iron "
8543789,20231213193406.646999999,20231213123406.646999999,1702496046647,2.630420E+3,1.732270E-16,2.729210E-16,1.738243E-7,2.195833E+0," IDEX "," 2023_12_13_run0 "," 2-90 km/s. Fe/pt olivine mix. IDEX FM. Det2400. Position 2. ",5," Iron "
8543790,20231213193409.466000000,20231213123409.466000000,1702496049466,3.961220E+3,1.142618E-16,4.082540E-16,1.513117E-7,2.195833E+0," IDEX "," 2023_12_13_run0 "," 2-90 km/s. Fe/pt olivine mix. IDEX FM. Det2400. Position 2. ",5," Iron "
8543791,20231213193410.462000000,20231213123410.462000000,1702496050462,2.297990E+3,1.808955E-16,2.175180E-16,1.763523E-7,2.195833E+0," IDEX "," 2023_12_13_run0 "," 2-90 km/s. Fe/pt olivine mix. IDEX FM. Det2400. Position 2. ",3," Iron "
8543793,20231213193412.209000000,20231213123412.209000000,1702496052209,4.468750E+3,5.630430E-17,2.557400E-16,1.195141E-7,2.198294E+0," IDEX "," 2023_12_13_run0 "," 2-90 km/s. Fe/pt olivine mix. IDEX FM. Det2400. Position 2. ",3," Iron "
8543796,20231213193426.228000000,20231213123426.228000000,1702496066228,8.994070E+3,9.987265E-18,1.838600E-16,6.715126E-8,2.197063E+0," IDEX "," 2023_12_13_run0 "," 2-90 km/s. Fe/pt olivine mix. IDEX FM. Det2400. Position 2. ",4," Iron "
8543800,20231213193433.570999999,20231213123433.570999999,1702496073571,8.418020E+3,1.077792E-17,1.737160E-16,6.887849E-8,2.198294E+0," IDEX "," 2023_12_13_run0 "," 2-90 km/s. Fe/pt olivine mix. IDEX FM. Det2400. Position 2. ",3," Iron "
8543801,20231213193434.121000000,20231213123434.121000000,1702496074121,2.085800E+3,1.865769E-16,1.846240E-16,1.781796E-7,2.198294E+0," IDEX "," 2023_12_13_run0 "," 2-90 km/s. Fe/pt olivine mix. IDEX FM. Det2400. Position 2. ",5," Iron "
8543809,20231213193459.268000000,20231213123459.268000000,1702496099268,1.148560E+4,5.231315E-17,1.571410E-15,1.166207E-7,2.195833E+0," IDEX "," 2023_12_13_run0 "," 2-90 km/s. Fe/pt olivine mix. IDEX FM. Det2400. Position 2. ",5," Iron "
8543810,20231213193504.273999999,20231213123504.273999999,1702496104274,2.059980E+3,3.373476E-15,3.259680E-15,4.676611E-7,2.195833E+0," IDEX "," 2023_12_13_run0 "," 2-90 km/s. Fe/pt olivine mix. IDEX FM. Det2400. Position 2. ",5," Iron "
8543812,20231213193517.310999999,20231213123517.310999999,1702496117311,2.334930E+3,2.623319E-16,3.254820E-16,1.996131E-7,2.197063E+0," IDEX "," 2023_12_13_run0 "," 2-90 km/s. Fe/pt olivine mix. IDEX FM. Det2400. Position 2. ",5," Iron "
8543817,20231213193540.314000000,20231213123540.314000000,1702496140314,3.050200E+3,1.068520E-16,2.262390E-16,1.479675E-7,2.197063E+0," IDEX "," 2023_12_13_run0 "," 2-90 km/s. Fe/pt olivine mix. IDEX FM. Det2400. Position 2. ",5," Iron "
8543821,20231213193548.560000000,20231213123548.560000000,1702496148560,3.128990E+3,1.582095E-16,3.525080E-16,1.686486E-7,2.197063E+0," IDEX "," 2023_12_13_run0 "," 2-90 km/s. Fe/pt olivine mix. IDEX FM. Det2400. Position 2. ",5," Iron "
8543823,20231213193555.425000000,20231213123555.425000000,1702496155425,2.283150E+3,1.060569E-16,1.258160E-16,1.475995E-7,2.197063E+0," IDEX "," 2023_12_13_run0 "," 2-90 km/s. Fe/pt olivine mix. IDEX FM. Det2400. Position 2. ",4," Iron "
8543826,20231213193610.686999999,20231213123610.686999999,1702496170687,2.433200E+3,1.401557E-16,1.889460E-16,1.619729E-7,2.195833E+0," IDEX "," 2023_12_13_run0 "," 2-90 km/s. Fe/pt olivine mix. IDEX FM. Det2400. Position 2. ",5," Iron "
8543833,20231213193649.989999999,20231213123649.989999999,1702496209990,7.993110E+3,1.416664E-17,2.060960E-16,7.545029E-8,2.195833E+0," IDEX "," 2023_12_13_run0 "," 2-90 km/s. Fe/pt olivine mix. IDEX FM. Det2400. Position 2. ",4," Iron "
8543834,20231213193653.216999999,20231213123653.216999999,1702496213217,2.819050E+3,1.405163E-16,2.542750E-16,1.621117E-7,2.195833E+0," IDEX "," 2023_12_13_run0 "," 2-90 km/s. Fe/pt olivine mix. IDEX FM. Det2400. Position 2. ",4," Iron "
8543835,20231213193708.983000000,20231213123708.983000000,1702496228983,2.537980E+3,9.394366E-15,1.376350E-14,6.579524E-7,2.198294E+0," IDEX "," 2023_12_13_run0 "," 2-90 km/s. Fe/pt olivine mix. IDEX FM. Det2400. Position 2. ",3," Iron "
8543839,20231213193721.464999999,20231213123721.464999999,1702496241465,6.052190E+3,3.537259E-17,2.950280E-16,1.023594E-7,2.195833E+0," IDEX "," 2023_12_13_run0 "," 2-90 km/s. Fe/pt olivine mix. IDEX FM. Det2400. Position 2. ",3," Iron "
8543840,20231213193722.177000000,20231213123722.177000000,1702496242177,5.110820E+4,1.163360E-18,6.919370E-16,3.279518E-8,2.195833E+0," IDEX "," 2023_12_13_run0 "," 2-90 km/s. Fe/pt olivine mix. IDEX FM. Det2400. Position 2. ",4," Iron "
8543843,20231213193730.472999999,20231213123730.472999999,1702496250473,2.812310E+3,1.554510E-16,2.799570E-16,1.676627E-7,2.195833E+0," IDEX "," 2023_12_13_run0 "," 2-90 km/s. Fe/pt olivine mix. IDEX FM. Det2400. Position 2. ",5," Iron "
8543846,20231213193741.291999999,20231213123741.291999999,1702496261292,2.057240E+3,2.648005E-16,2.550450E-16,2.002373E-7,2.197063E+0," IDEX "," 2023_12_13_run0 "," 2-90 km/s. Fe/pt olivine mix. IDEX FM. Det2400. Position 2. ",4," Iron "
8543855,20231213193749.712999999,20231213123749.712999999,1702496269713,2.359100E+3,2.064920E-16,2.616780E-16,1.843061E-7,2.195833E+0," IDEX "," 2023_12_13_run0 "," 2-90 km/s. Fe/pt olivine mix. IDEX FM. Det2400. Position 2. ",3," Iron "
8543868,20231213193831.742000000,20231213123831.742000000,1702496311742,4.624950E+3,5.041867E-17,2.452960E-16,1.151956E-7,2.198294E+0," IDEX "," 2023_12_13_run0 "," 2-90 km/s. Fe/pt olivine mix. IDEX FM. Det2400. Position 2. ",5," Iron "
8543872,20231213193846.199999999,20231213123846.199999999,1702496326200,9.146370E+3,1.615574E-17,3.075760E-16,7.882808E-8,2.197063E+0," IDEX "," 2023_12_13_run0 "," 2-90 km/s. Fe/pt olivine mix. IDEX FM. Det2400. Position 2. ",5," Iron "
8543873,20231213193846.902000000,20231213123846.902000000,1702496326902,3.081430E+3,1.272763E-16,2.750300E-16,1.568512E-7,2.197063E+0," IDEX "," 2023_12_13_run0 "," 2-90 km/s. Fe/pt olivine mix. IDEX FM. Det2400. Position 2. ",5," Iron "
8543874,20231213193849.646999999,20231213123849.646999999,1702496329647,1.948650E+3,1.415612E-16,1.223320E-16,1.625125E-7,2.197063E+0," IDEX "," 2023_12_13_run0 "," 2-90 km/s. Fe/pt olivine mix. IDEX FM. Det2400. Position 2. ",3," Iron "
8543878,20231213193917.030999999,20231213123917.030999999,1702496357031,2.186910E+3,1.037775E-14,1.130150E-14,6.801525E-7,2.195833E+0," IDEX "," 2023_12_13_run0 "," 2-90 km/s. Fe/pt olivine mix. IDEX FM. Det2400. Position 2. ",5," Iron "
8543885,20231213193944.898000000,20231213123944.898000000,1702496384898,1.269480E+4,2.377553E-17,8.714990E-16,8.966344E-8,2.198294E+0," IDEX "," 2023_12_13_run0 "," 2-90 km/s. Fe/pt olivine mix. IDEX FM. Det2400. Position 2. ",3," Iron "
8543887,20231213193955.047999999,20231213123955.047999999,1702496395048,2.342770E+3,1.863141E-16,2.328500E-16,1.780959E-7,2.195833E+0," IDEX "," 2023_12_13_run0 "," 2-90 km/s. Fe/pt olivine mix. IDEX FM. Det2400. Position 2. ",5," Iron "
8543901,20231213194021.209999999,20231213124021.209999999,1702496421210,8.683110E+3,2.347606E-17,4.030390E-16,8.928539E-8,2.195833E+0," IDEX "," 2023_12_13_run0 "," 2-90 km/s. Fe/pt olivine mix. IDEX FM. Det2400. Position 2. ",5," Iron "
8543909,20231213194034.854999999,20231213124034.854999999,1702496434855,3.077580E+3,2.197213E-16,4.733430E-16,1.881609E-7,2.198294E+0," IDEX "," 2023_12_13_run0 "," 2-90 km/s. Fe/pt olivine mix. IDEX FM. Det2400. Position 2. ",5," Iron "
8543920,20231213194059.851000000,20231213124059.851000000,1702496459851,8.445060E+3,8.338848E-18,1.354200E-16,6.323255E-8,2.195833E+0," IDEX "," 2023_12_13_run0 "," 2-90 km/s. Fe/pt olivine mix. IDEX FM. Det2400. Position 2. ",4," Iron "
8543922,20231213194107.424000000,20231213124107.424000000,1702496467424,3.886840E+3,1.168286E-16,4.012220E-16,1.524363E-7,2.199524E+0," IDEX "," 2023_12_13_run0 "," 2-90 km/s. Fe/pt olivine mix. IDEX FM. Det2400. Position 2. ",5," Iron "
8543929,20231213194137.668000000,20231213124137.668000000,1702496497668,3.689870E+3,1.228433E-16,3.808420E-16,1.550086E-7,2.195833E+0," IDEX "," 2023_12_13_run0 "," 2-90 km/s. Fe/pt olivine mix. IDEX FM. Det2400. Position 2. ",5," Iron "
8543932,20231213194153.043000000,20231213124153.043000000,1702496513043,4.167190E+3,9.162968E-17,3.619160E-16,1.405780E-7,2.198294E+0," IDEX "," 2023_12_13_run0 "," 2-90 km/s. Fe/pt olivine mix. IDEX FM. Det2400. Position 2. ",5," Iron "
8543934,20231213194157.222000000,20231213124157.222000000,1702496517222,5.921310E+3,3.516520E-17,2.805930E-16,1.021589E-7,2.197063E+0," IDEX "," 2023_12_13_run0 "," 2-90 km/s. Fe/pt olivine mix. IDEX FM. Det2400. Position 2. ",4," Iron "
8543936,20231213194200.138999999,20231213124200.138999999,1702496520139,2.887270E+3,2.321193E-16,4.406130E-16,1.916354E-7,2.195833E+0," IDEX "," 2023_12_13_run0 "," 2-90 km/s. Fe/pt olivine mix. IDEX FM. Det2400. Position 2. ",5," Iron "
8543939,20231213194202.148000000,20231213124202.148000000,1702496522148,4.671250E+3,1.062479E-16,5.276120E-16,1.476881E-7,2.197063E+0," IDEX "," 2023_12_13_run0 "," 2-90 km/s. Fe/pt olivine mix. IDEX FM. Det2400. Position 2. ",5," Iron "
8543942,20231213194211.910000000,20231213124211.910000000,1702496531910,1.173510E+4,1.335636E-17,4.185910E-16,7.398348E-8,2.197063E+0," IDEX "," 2023_12_13_run0 "," 2-90 km/s. Fe/pt olivine mix. IDEX FM. Det2400. Position 2. ",5," Iron "
8543943,20231213194215.702999999,20231213124215.702999999,1702496535703,3.726670E+3,2.597097E-16,8.203800E-16,1.989458E-7,2.198294E+0," IDEX "," 2023_12_13_run0 "," 2-90 km/s. Fe/pt olivine mix. IDEX FM. Det2400. Position 2. ",5," Iron "
8543944,20231213194215.947000000,20231213124215.947000000,1702496535947,3.945960E+3,5.910730E-17,2.093300E-16,1.214653E-7,2.198294E+0," IDEX "," 2023_12_13_run0 "," 2-90 km/s. Fe/pt olivine mix. IDEX FM. Det2400. Position 2. ",5," Iron "
8543945,20231213194218.334999999,20231213124218.334999999,1702496538335,2.240910E+3,1.397567E-16,1.596270E-16,1.618190E-7,2.198294E+0," IDEX "," 2023_12_13_run0 "," 2-90 km/s. Fe/pt olivine mix. IDEX FM. Det2400. Position 2. ",5," Iron "
8543948,20231213194228.121000000,20231213124228.121000000,1702496548121,2.109060E+3,2.960347E-16,2.995060E-16,2.078195E-7,2.198294E+0," IDEX "," 2023_12_13_run0 "," 2-90 km/s. Fe/pt olivine mix. IDEX FM. Det2400. Position 2. ",5," Iron "
8543952,20231213194247.615999999,20231213124247.615999999,1702496567616,3.638460E+3,6.857838E-17,2.064940E-16,1.276344E-7,2.198294E+0," IDEX "," 2023_12_13_run0 "," 2-90 km/s. Fe/pt olivine mix. IDEX FM. Det2400. Position 2. ",5," Iron "
8543958,20231213194320.862999999,20231213124320.862999999,1702496600863,2.942430E+3,1.602376E-16,3.157220E-16,1.693662E-7,2.197063E+0," IDEX "," 2023_12_13_run0 "," 2-90 km/s. Fe/pt olivine mix. IDEX FM. Det2400. Position 2. ",5," Iron "
8543961,20231213194333.501999999,20231213124333.501999999,1702496613502,2.724290E+3,2.172398E-14,3.667170E-14,8.700652E-7,2.198294E+0," IDEX "," 2023_12_13_run0 "," 2-90 km/s. Fe/pt olivine mix. IDEX FM. Det2400. Position 2. ",5," Iron "
8543962,20231213194338.117000000,20231213124338.117000000,1702496618117,8.210310E+3,7.655613E-17,1.174430E-15,1.324033E-7,2.197063E+0," IDEX "," 2023_12_13_run0 "," 2-90 km/s. Fe/pt olivine mix. IDEX FM. Det2400. Position 2. ",5," Iron "
8543964,20231213194339.087999999,20231213124339.087999999,1702496619088,2.491000E+3,6.468818E-17,9.134830E-17,1.251739E-7,2.197063E+0," IDEX "," 2023_12_13_run0 "," 2-90 km/s. Fe/pt olivine mix. IDEX FM. Det2400. Position 2. ",3," Iron "
8543969,20231213194357.560999999,20231213124357.560999999,1702496637561,2.477380E+3,1.419699E-16,1.982940E-16,1.626687E-7,2.197063E+0," IDEX "," 2023_12_13_run0 "," 2-90 km/s. Fe/pt olivine mix. IDEX FM. Det2400. Position 2. ",5," Iron "
8543978,20231213194439.962000000,20231213124439.962000000,1702496679962,2.454480E+3,3.308408E-16,4.533390E-16,2.156643E-7,2.198294E+0," IDEX "," 2023_12_13_run0 "," 2-90 km/s. Fe/pt olivine mix. IDEX FM. Det2400. Position 2. ",5," Iron "
8543979,20231213194445.660999999,20231213124445.660999999,1702496685661,2.200460E+3,1.962697E-16,2.161550E-16,1.812132E-7,2.198294E+0," IDEX "," 2023_12_13_run0 "," 2-90 km/s. Fe/pt olivine mix. IDEX FM. Det2400. Position 2. ",4," Iron "
8543981,20231213194450.503000000,20231213124450.503000000,1702496690503,8.545730E+3,1.546436E-17,2.570150E-16,7.768718E-8,2.197063E+0," IDEX "," 2023_12_13_run0 "," 2-90 km/s. Fe/pt olivine mix. IDEX FM. Det2400. Position 2. ",5," Iron "
8543984,20231213194501.310999999,20231213124501.310999999,1702496701311,8.420710E+3,1.024041E-17,1.651580E-16,6.771388E-8,2.198294E+0," IDEX "," 2023_12_13_run0 "," 2-90 km/s. Fe/pt olivine mix. IDEX FM. Det2400. Position 2. ",4," Iron "
8543987,20231213194509.597999999,20231213124509.597999999,1702496709598,2.488720E+3,3.624301E-16,5.108630E-16,2.223208E-7,2.197063E+0," IDEX "," 2023_12_13_run0 "," 2-90 km/s. Fe/pt olivine mix. IDEX FM. Det2400. Position 2. ",5," Iron "
8543996,20231213194528.782000000,20231213124528.782000000,1702496728782,4.730370E+3,8.023831E-17,4.083730E-16,1.344929E-7,2.198294E+0," IDEX "," 2023_12_13_run0 "," 2-90 km/s. Fe/pt olivine mix. IDEX FM. Det2400. Position 2. ",5," Iron "
8544000,20231213194544.416999999,20231213124544.416999999,1702496744417,2.139500E+3,4.633748E-17,4.829790E-17,1.119995E-7,2.195833E+0," IDEX "," 2023_12_13_run0 "," 2-90 km/s. Fe/pt olivine mix. IDEX FM. Det2400. Position 2. ",4," Iron "
8544007,20231213194558.574000000,20231213124558.574000000,1702496758574,2.739430E+3,2.485256E-16,4.246810E-16,1.960480E-7,2.195833E+0," IDEX "," 2023_12_13_run0 "," 2-90 km/s. Fe/pt olivine mix. IDEX FM. Det2400. Position 2. ",5," Iron "
8544011,20231213194629.165000000,20231213124629.165000000,1702496789165,2.590930E+3,1.623846E-16,2.479370E-16,1.701193E-7,2.198294E+0," IDEX "," 2023_12_13_run0 "," 2-90 km/s. Fe/pt olivine mix. IDEX FM. Det2400. Position 2. ",4," Iron "
8544012,20231213194629.962000000,20231213124629.962000000,1702496789962,3.513480E+3,2.203589E-16,6.187150E-16,1.883427E-7,2.198294E+0," IDEX "," 2023_12_13_run0 "," 2-90 km/s. Fe/pt olivine mix. IDEX FM. Det2400. Position 2. ",5," Iron "
8544016,20231213194637.689999999,20231213124637.689999999,1702496797690,3.292970E+3,2.470313E-16,6.096150E-16,1.956543E-7,2.197063E+0," IDEX "," 2023_12_13_run0 "," 2-90 km/s. Fe/pt olivine mix. IDEX FM. Det2400. Position 2. ",3," Iron "
8544019,20231213194642.800999999,20231213124642.800999999,1702496802801,8.916780E+3,2.337536E-17,4.232000E-16,8.915754E-8,2.195833E+0," IDEX "," 2023_12_13_run0 "," 2-90 km/s. Fe/pt olivine mix. IDEX FM. Det2400. Position 2. ",5," Iron "
8544024,20231213194709.740999999,20231213124709.740999999,1702496829741,3.211570E+3,5.357375E-16,1.257520E-15,2.532538E-7,2.197063E+0," IDEX "," 2023_12_13_run0 "," 2-90 km/s. Fe/pt olivine mix. IDEX FM. Det2400. Position 2. ",5," Iron "
8544029,20231213194803.799000000,20231213124803.799000000,1702496883799,9.571550E+3,3.338142E-17,6.959810E-16,1.004015E-7,2.197063E+0," IDEX "," 2023_12_13_run0 "," 2-90 km/s. Fe/pt olivine mix. IDEX FM. Det2400. Position 2. ",5," Iron "
8544040,20231213194841.935000000,20231213124841.935000000,1702496921935,2.090500E+3,3.771810E-16,3.753370E-16,2.252969E-7,2.195833E+0," IDEX "," 2023_12_13_run0 "," 2-90 km/s. Fe/pt olivine mix. IDEX FM. Det2400. Position 2. ",5," Iron "
8544041,20231213194842.081000000,20231213124842.081000000,1702496922081,2.256430E+3,8.395412E-14,9.733230E-14,1.365377E-6,2.195833E+0," IDEX "," 2023_12_13_run0 "," 2-90 km/s. Fe/pt olivine mix. IDEX FM. Det2400. Position 2. ",5," Iron "
8544042,20231213194842.297999999,20231213124842.297999999,1702496922298,4.538440E+3,4.381184E-17,2.053680E-16,1.099265E-7,2.197063E+0," IDEX "," 2023_12_13_run0 "," 2-90 km/s. Fe/pt olivine mix. IDEX FM. Det2400. Position 2. ",5," Iron "
8544053,20231213194903.462999999,20231213124903.462999999,1702496943463,2.697730E+3,1.284024E-16,2.126660E-16,1.573124E-7,2.197063E+0," IDEX "," 2023_12_13_run0 "," 2-90 km/s. Fe/pt olivine mix. IDEX FM. Det2400. Position 2. ",5," Iron "
8544054,20231213194908.280000000,20231213124908.280000000,1702496948280,5.344270E+3,3.042208E-17,1.976290E-16,9.734230E-8,2.198294E+0," IDEX "," 2023_12_13_run0 "," 2-90 km/s. Fe/pt olivine mix. IDEX FM. Det2400. Position 2. ",3," Iron "
8544067,20231213194959.149999999,20231213124959.149999999,1702496999150,6.390600E+3,2.770194E-17,2.574670E-16,9.435004E-8,2.197063E+0," IDEX "," 2023_12_13_run0 "," 2-90 km/s. Fe/pt olivine mix. IDEX FM. Det2400. Position 2. ",4," Iron "
8544070,20231213195004.356999999,20231213125004.356999999,1702497004357,9.646480E+3,1.965678E-17,4.160400E-16,8.415426E-8,2.198294E+0," IDEX "," 2023_12_13_run0 "," 2-90 km/s. Fe/pt olivine mix. IDEX FM. Det2400. Position 2. ",4," Iron "
8544074,20231213195012.685999999,20231213125012.685999999,1702497012686,1.306930E+4,1.698905E-17,6.603920E-16,8.016073E-8,2.197063E+0," IDEX "," 2023_12_13_run0 "," 2-90 km/s. Fe/pt olivine mix. IDEX FM. Det2400. Position 2. ",5," Iron "
8544077,20231213195023.246000000,20231213125023.246000000,1702497023246,7.341280E+3,1.987839E-17,2.435380E-16,8.446933E-8,2.199524E+0," IDEX "," 2023_12_13_run0 "," 2-90 km/s. Fe/pt olivine mix. IDEX FM. Det2400. Position 2. ",3," Iron "
8544078,20231213195023.455000000,20231213125023.455000000,1702497023455,4.929980E+3,3.727583E-17,2.059490E-16,1.041632E-7,2.199524E+0," IDEX "," 2023_12_13_run0 "," 2-90 km/s. Fe/pt olivine mix. IDEX FM. Det2400. Position 2. ",5," Iron "
8544092,20231213195109.543000000,20231213125109.543000000,1702497069543,2.585320E+3,8.095675E-16,1.231430E-15,2.906183E-7,2.197063E+0," IDEX "," 2023_12_13_run0 "," 2-90 km/s. Fe/pt olivine mix. IDEX FM. Det2400. Position 2. ",5," Iron "
8544094,20231213195111.831000000,20231213125111.831000000,1702497071831,6.226610E+3,3.213190E-17,2.833510E-16,9.913282E-8,2.198294E+0," IDEX "," 2023_12_13_run0 "," 2-90 km/s. Fe/pt olivine mix. IDEX FM. Det2400. Position 2. ",4," Iron "
8544095,20231213195114.912999999,20231213125114.912999999,1702497074913,2.540920E+3,6.572969E-16,9.652250E-16,2.711185E-7,2.198294E+0," IDEX "," 2023_12_13_run0 "," 2-90 km/s. Fe/pt olivine mix. IDEX FM. Det2400. Position 2. ",5," Iron "
8544101,20231213195137.660000000,20231213125137.660000000,1702497097660,1.168640E+4,6.550836E-18,2.036040E-16,5.834508E-8,2.197063E+0," IDEX "," 2023_12_13_run0 "," 2-90 km/s. Fe/pt olivine mix. IDEX FM. Det2400. Position 2. ",4," Iron "
8544105,20231213195144.949000000,20231213125144.949000000,1702497104949,1.010250E+4,3.459244E-17,8.034650E-16,1.016013E-7,2.197063E+0," IDEX "," 2023_12_13_run0 "," 2-90 km/s. Fe/pt olivine mix. IDEX FM. Det2400. Position 2. ",5," Iron "
8544111,20231213195212.802999999,20231213125212.802999999,1702497132803,3.420220E+3,9.440749E-17,2.513290E-16,1.419845E-7,2.197063E+0," IDEX "," 2023_12_13_run0 "," 2-90 km/s. Fe/pt olivine mix. IDEX FM. Det2400. Position 2. ",5," Iron "
8544112,20231213195215.371999999,20231213125215.371999999,1702497135372,8.827940E+3,8.373366E-18,1.485070E-16,6.331967E-8,2.197063E+0," IDEX "," 2023_12_13_run0 "," 2-90 km/s. Fe/pt olivine mix. IDEX FM. Det2400. Position 2. ",4," Iron "
8544117,20231213195244.398000000,20231213125244.398000000,1702497164398,9.186860E+3,1.791159E-17,3.440300E-16,8.158619E-8,2.197063E+0," IDEX "," 2023_12_13_run0 "," 2-90 km/s. Fe/pt olivine mix. IDEX FM. Det2400. Position 2. ",5," Iron "
8544120,20231213195254.393000000,20231213125254.393000000,1702497174393,1.163810E+4,8.256070E-18,2.544870E-16,6.302262E-8,2.197063E+0," IDEX "," 2023_12_13_run0 "," 2-90 km/s. Fe/pt olivine mix. IDEX FM. Det2400. Position 2. ",3," Iron "
8544123,20231213195256.668999999,20231213125256.668999999,1702497176669,2.058690E+3,3.235194E-16,3.120400E-16,2.140616E-7,2.197063E+0," IDEX "," 2023_12_13_run0 "," 2-90 km/s. Fe/pt olivine mix. IDEX FM. Det2400. Position 2. ",5," Iron "
8544127,20231213195304.462000000,20231213125304.462000000,1702497184462,1.769350E+4,4.579348E-18,3.260740E-16,5.178133E-8,2.198294E+0," IDEX "," 2023_12_13_run0 "," 2-90 km/s. Fe/pt olivine mix. IDEX FM. Det2400. Position 2. ",5," Iron "
8544132,20231213195337.347999999,20231213125337.347999999,1702497217348,3.327290E+3,2.540104E-16,6.399720E-16,1.974797E-7,2.197063E+0," IDEX "," 2023_12_13_run0 "," 2-90 km/s. Fe/pt olivine mix. IDEX FM. Det2400. Position 2. ",5," Iron "
8544134,20231213195345.208000000,20231213125345.208000000,1702497225208,2.105400E+3,2.146153E-16,2.165000E-16,1.866919E-7,2.197063E+0," IDEX "," 2023_12_13_run0 "," 2-90 km/s. Fe/pt olivine mix. IDEX FM. Det2400. Position 2. ",5," Iron "
8544139,20231213195400.087999999,20231213125400.087999999,1702497240088,2.192630E+3,9.272860E-14,1.013980E-13,1.411378E-6,2.198294E+0," IDEX "," 2023_12_13_run0 "," 2-90 km/s. Fe/pt olivine mix. IDEX FM. Det2400. Position 2. ",3," Iron "
8544140,20231213195404.989999999,20231213125404.989999999,1702497244990,7.314040E+3,6.507728E-18,7.922680E-17,5.821682E-8,2.197063E+0," IDEX "," 2023_12_13_run0 "," 2-90 km/s. Fe/pt olivine mix. IDEX FM. Det2400. Position 2. ",4," Iron "
8544146,20231213195414.617000000,20231213125414.617000000,1702497254617,9.773210E+3,9.244911E-18,2.009580E-16,6.544446E-8,2.197063E+0," IDEX "," 2023_12_13_run0 "," 2-90 km/s. Fe/pt olivine mix. IDEX FM. Det2400. Position 2. ",4," Iron "
8544147,20231213195414.966000000,20231213125414.966000000,1702497254966,5.173860E+3,7.663406E-17,4.668520E-16,1.324482E-7,2.197063E+0," IDEX "," 2023_12_13_run0 "," 2-90 km/s. Fe/pt olivine mix. IDEX FM. Det2400. Position 2. ",5," Iron "
8544155,20231213195432.114999999,20231213125432.114999999,1702497272115,1.394760E+4,7.233776E-18,3.200730E-16,6.030598E-8,2.198294E+0," IDEX "," 2023_12_13_run0 "," 2-90 km/s. Fe/pt olivine mix. IDEX FM. Det2400. Position 2. ",5," Iron "
8544156,20231213195432.780999999,20231213125432.780999999,1702497272781,2.697360E+3,1.413655E-16,2.339410E-16,1.624376E-7,2.198294E+0," IDEX "," 2023_12_13_run0 "," 2-90 km/s. Fe/pt olivine mix. IDEX FM. Det2400. Position 2. ",5," Iron "
8544159,20231213195436.172000000,20231213125436.172000000,1702497276172,2.003510E+3,2.860237E-16,2.611380E-16,2.054499E-7,2.198294E+0," IDEX "," 2023_12_13_run0 "," 2-90 km/s. Fe/pt olivine mix. IDEX FM. Det2400. Position 2. ",4," Iron "
8544162,20231213195447.947999999,20231213125447.947999999,1702497287948,2.791500E+3,2.084954E-16,3.695360E-16,1.849002E-7,2.198294E+0," IDEX "," 2023_12_13_run0 "," 2-90 km/s. Fe/pt olivine mix. IDEX FM. Det2400. Position 2. ",5," Iron "
8544163,20231213195448.216999999,20231213125448.216999999,1702497288217,2.298660E+3,1.177136E-16,1.414690E-16,1.528202E-7,2.198294E+0," IDEX "," 2023_12_13_run0 "," 2-90 km/s. Fe/pt olivine mix. IDEX FM. Det2400. Position 2. ",4," Iron "
8544166,20231213195500.384000000,20231213125500.384000000,1702497300384,7.617120E+3,6.349622E-17,8.379430E-16,1.244003E-7,2.198294E+0," IDEX "," 2023_12_13_run0 "," 2-90 km/s. Fe/pt olivine mix. IDEX FM. Det2400. Position 2. ",5," Iron "
8544172,20231213195523.720999999,20231213125523.720999999,1702497323721,2.506830E+3,2.095621E-16,2.995350E-16,1.852150E-7,2.198294E+0," IDEX "," 2023_12_13_run0 "," 2-90 km/s. Fe/pt olivine mix. IDEX FM. Det2400. Position 2. ",5," Iron "
8544176,20231213195527.456999999,20231213125527.456999999,1702497327457,1.438790E+4,7.677389E-18,3.616900E-16,6.151436E-8,2.197063E+0," IDEX "," 2023_12_13_run0 "," 2-90 km/s. Fe/pt olivine mix. IDEX FM. Det2400. Position 2. ",3," Iron "
8544178,20231213195529.089999999,20231213125529.089999999,1702497329090,3.360030E+3,2.736884E-16,7.031870E-16,2.024530E-7,2.197063E+0," IDEX "," 2023_12_13_run0 "," 2-90 km/s. Fe/pt olivine mix. IDEX FM. Det2400. Position 2. ",5," Iron "
8544185,20231213195602.134000000,20231213125602.134000000,1702497362134,3.195170E+3,2.260242E-16,5.251350E-16,1.899432E-7,2.197063E+0," IDEX "," 2023_12_13_run0 "," 2-90 km/s. Fe/pt olivine mix. IDEX FM. Det2400. Position 2. ",5," Iron "
8544196,20231213195647.844999999,20231213125647.844999999,1702497407845,2.765660E+3,5.373291E-16,9.348090E-16,2.535044E-7,2.198294E+0," IDEX "," 2023_12_13_run0 "," 2-90 km/s. Fe/pt olivine mix. IDEX FM. Det2400. Position 2. ",5," Iron "
8544197,20231213195650.084000000,20231213125650.084000000,1702497410084,1.273700E+3,6.150641E-16,2.269550E-16,2.651829E-7,2.198294E+0," IDEX "," 2023_12_13_run0 "," 2-90 km/s. Fe/pt olivine mix. IDEX FM. Det2400. Position 2. ",4," Iron "
8544199,20231213195717.746999999,20231213125717.746999999,1702497437747,5.427020E+3,4.720175E-17,3.163800E-16,1.126916E-7,2.197063E+0," IDEX "," 2023_12_13_run0 "," 2-90 km/s. Fe/pt olivine mix. IDEX FM. Det2400. Position 2. ",5," Iron "
8544201,20231213195729.904000000,20231213125729.904000000,1702497449904,3.534740E+3,1.594258E-16,4.530630E-16,1.690797E-7,2.198294E+0," IDEX "," 2023_12_13_run0 "," 2-90 km/s. Fe/pt olivine mix. IDEX FM. Det2400. Position 2. ",5," Iron "
8544202,20231213195733.996000000,20231213125733.996000000,1702497453996,4.583550E+3,6.447425E-17,3.079160E-16,1.250357E-7,2.199524E+0," IDEX "," 2023_12_13_run0 "," 2-90 km/s. Fe/pt olivine mix. IDEX FM. Det2400. Position 2. ",5," Iron "
8544203,20231213195736.763999999,20231213125736.763999999,1702497456764,2.469080E+3,5.278869E-16,7.319750E-16,2.520107E-7,2.198294E+0," IDEX "," 2023_12_13_run0 "," 2-90 km/s. Fe/pt olivine mix. IDEX FM. Det2400. Position 2. ",5," Iron "
8544204,20231213195741.283999999,20231213125741.283999999,1702497461284,4.670140E+3,6.484561E-17,3.216810E-16,1.252753E-7,2.198294E+0," IDEX "," 2023_12_13_run0 "," 2-90 km/s. Fe/pt olivine mix. IDEX FM. Det2400. Position 2. ",5," Iron "
8544208,20231213195759.103000000,20231213125759.103000000,1702497479103,2.931600E+3,1.264641E-16,2.473460E-16,1.565169E-7,2.197063E+0," IDEX "," 2023_12_13_run0 "," 2-90 km/s. Fe/pt olivine mix. IDEX FM. Det2400. Position 2. ",5," Iron "
8544209,20231213195800.305999999,20231213125800.305999999,1702497480306,3.113670E+3,2.439865E-16,5.380170E-16,1.948471E-7,2.198294E+0," IDEX "," 2023_12_13_run0 "," 2-90 km/s. Fe/pt olivine mix. IDEX FM. Det2400. Position 2. ",5," Iron "
8544212,20231213195818.018999999,20231213125818.018999999,1702497498019,5.862760E+3,6.337452E-17,4.957320E-16,1.243207E-7,2.197063E+0," IDEX "," 2023_12_13_run0 "," 2-90 km/s. Fe/pt olivine mix. IDEX FM. Det2400. Position 2. ",5," Iron "
8544217,20231213195829.865999999,20231213125829.865999999,1702497509866,2.439370E+3,1.798461E-16,2.435480E-16,1.760107E-7,2.197063E+0," IDEX "," 2023_12_13_run0 "," 2-90 km/s. Fe/pt olivine mix. IDEX FM. Det2400. Position 2. ",4," Iron "
8544221,20231213195844.058999999,20231213125844.058999999,1702497524059,1.265610E+4,5.884523E-18,2.146260E-16,5.629577E-8,2.195833E+0," IDEX "," 2023_12_13_run0 "," 2-90 km/s. Fe/pt olivine mix. IDEX FM. Det2400. Position 2. ",3," Iron "
8544230,20231213195914.479000000,20231213125914.479000000,1702497554479,5.424780E+3,2.400621E-16,1.607740E-15,1.937968E-7,2.197063E+0," IDEX "," 2023_12_13_run0 "," 2-90 km/s. Fe/pt olivine mix. IDEX FM. Det2400. Position 2. ",5," Iron "
8544233,20231213195915.268000000,20231213125915.268000000,1702497555268,8.501510E+3,8.769311E-18,1.442400E-16,6.430239E-8,2.197063E+0," IDEX "," 2023_12_13_run0 "," 2-90 km/s. Fe/pt olivine mix. IDEX FM. Det2400. Position 2. ",3," Iron "
8544236,20231213195916.128999999,20231213125916.128999999,1702497556129,2.031110E+3,1.463198E-16,1.373720E-16,1.643134E-7,2.197063E+0," IDEX "," 2023_12_13_run0 "," 2-90 km/s. Fe/pt olivine mix. IDEX FM. Det2400. Position 2. ",5," Iron "
8544237,20231213195917.424000000,20231213125917.424000000,1702497557424,6.304260E+3,5.072979E-17,4.588380E-16,1.154320E-7,2.197063E+0," IDEX "," 2023_12_13_run0 "," 2-90 km/s. Fe/pt olivine mix. IDEX FM. Det2400. Position 2. ",5," Iron "
8544242,20231213195923.611000000,20231213125923.611000000,1702497563611,2.685420E+3,4.149623E-16,6.806410E-16,2.325814E-7,2.198294E+0," IDEX "," 2023_12_13_run0 "," 2-90 km/s. Fe/pt olivine mix. IDEX FM. Det2400. Position 2. ",5," Iron "
8544245,20231213195932.580000000,20231213125932.580000000,1702497572580,1.335700E+4,2.545199E-17,1.032820E-15,9.172321E-8,2.198294E+0," IDEX "," 2023_12_13_run0 "," 2-90 km/s. Fe/pt olivine mix. IDEX FM. Det2400. Position 2. ",5," Iron "
8544248,20231213195935.393000000,20231213125935.393000000,1702497575393,5.585780E+3,3.884645E-17,2.759880E-16,1.056061E-7,2.195833E+0," IDEX "," 2023_12_13_run0 "," 2-90 km/s. Fe/pt olivine mix. IDEX FM. Det2400. Position 2. ",5," Iron "
8544249,20231213195936.035000000,20231213125936.035000000,1702497576035,2.192020E+3,2.538853E-16,2.777780E-16,1.974473E-7,2.195833E+0," IDEX "," 2023_12_13_run0 "," 2-90 km/s. Fe/pt olivine mix. IDEX FM. Det2400. Position 2. ",5," Iron "
8544252,20231213195942.859000000,20231213125942.859000000,1702497582859,2.227120E+3,2.266266E-15,2.555290E-15,4.095833E-7,2.199524E+0," IDEX "," 2023_12_13_run0 "," 2-90 km/s. Fe/pt olivine mix. IDEX FM. Det2400. Position 2. ",3," Iron "
8544258,20231213195955.197000000,20231213125955.197000000,1702497595197,1.011030E+4,8.566039E-18,1.993790E-16,6.380166E-8,2.195833E+0," IDEX "," 2023_12_13_run0 "," 2-90 km/s. Fe/pt olivine mix. IDEX FM. Det2400. Position 2. ",4," Iron "
8544260,20231213195959.967999999,20231213125959.967999999,1702497599968,1.101240E+4,1.497454E-17,4.132810E-16,7.685813E-8,2.197063E+0," IDEX "," 2023_12_13_run0 "," 2-90 km/s. Fe/pt olivine mix. IDEX FM. Det2400. Position 2. ",3," Iron "
8544262,20231213200003.629999999,20231213130003.629999999,1702497603630,3.941820E+3,2.495106E-16,8.817950E-16,1.963066E-7,2.198294E+0," IDEX "," 2023_12_13_run0 "," 2-90 km/s. Fe/pt olivine mix. IDEX FM. Det2400. Position 2. ",5," Iron "
8544266,20231213200012.589999999,20231213130012.589999999,1702497612590,5.749070E+3,7.529887E-17,5.663850E-16,1.316744E-7,2.197063E+0," IDEX "," 2023_12_13_run0 "," 2-90 km/s. Fe/pt olivine mix. IDEX FM. Det2400. Position 2. ",5," Iron "
8544271,20231213200019.882999999,20231213130019.882999999,1702497619883,2.398640E+3,3.229935E-16,4.229140E-16,2.139456E-7,2.197063E+0," IDEX "," 2023_12_13_run0 "," 2-90 km/s. Fe/pt olivine mix. IDEX FM. Det2400. Position 2. ",5," Iron "
8544272,20231213200034.552000000,20231213130034.552000000,1702497634552,2.499450E+3,1.803229E-16,2.562270E-16,1.761661E-7,2.198294E+0," IDEX "," 2023_12_13_run0 "," 2-90 km/s. Fe/pt olivine mix. IDEX FM. Det2400. Position 2. ",5," Iron "
8544275,20231213200053.683999999,20231213130053.683999999,1702497653684,2.157830E+3,6.223666E-15,6.594910E-15,5.735713E-7,2.197063E+0," IDEX "," 2023_12_13_run0 "," 2-90 km/s. Fe/pt olivine mix. IDEX FM. Det2400. Position 2. ",5," Iron "
8544276,20231213200056.155999999,20231213130056.155999999,1702497656156,2.170960E+3,1.892671E-16,2.030050E-16,1.790319E-7,2.197063E+0," IDEX "," 2023_12_13_run0 "," 2-90 km/s. Fe/pt olivine mix. IDEX FM. Det2400. Position 2. ",3," Iron "
8544277,20231213200057.405000000,20231213130057.405000000,1702497657405,4.843980E+3,7.377978E-17,3.941970E-16,1.307830E-7,2.195833E+0," IDEX "," 2023_12_13_run0 "," 2-90 km/s. Fe/pt olivine mix. IDEX FM. Det2400. Position 2. ",5," Iron "
8544278,20231213200058.787999999,20231213130058.787999999,1702497658788,3.602390E+3,7.162820E-17,2.116590E-16,1.294991E-7,2.195833E+0," IDEX "," 2023_12_13_run0 "," 2-90 km/s. Fe/pt olivine mix. IDEX FM. Det2400. Position 2. ",4," Iron "
8544279,20231213200100.615999999,20231213130100.615999999,1702497660616,3.795360E+3,6.495842E-17,2.129460E-16,1.253479E-7,2.197063E+0," IDEX "," 2023_12_13_run0 "," 2-90 km/s. Fe/pt olivine mix. IDEX FM. Det2400. Position 2. ",3," Iron "
8544281,20231213200108.060000000,20231213130108.060000000,1702497668060,4.291230E+3,1.014800E-16,4.252770E-16,1.454450E-7,2.197063E+0," IDEX "," 2023_12_13_run0 "," 2-90 km/s. Fe/pt olivine mix. IDEX FM. Det2400. Position 2. ",5," Iron "
8544284,20231213200113.283999999,20231213130113.283999999,1702497673284,2.010300E+3,8.010744E-17,7.371670E-17,1.344197E-7,2.195833E+0," IDEX "," 2023_12_13_run0 "," 2-90 km/s. Fe/pt olivine mix. IDEX FM. Det2400. Position 2. ",4," Iron "
8544286,20231213200117.274999999,20231213130117.274999999,1702497677275,4.157530E+3,1.353341E-16,5.326590E-16,1.600938E-7,2.195833E+0," IDEX "," 2023_12_13_run0 "," 2-90 km/s. Fe/pt olivine mix. IDEX FM. Det2400. Position 2. ",5," Iron "
8544292,20231213200137.486000000,20231213130137.486000000,1702497697486,2.681040E+3,1.178689E-16,1.928120E-16,1.528874E-7,2.197063E+0," IDEX "," 2023_12_13_run0 "," 2-90 km/s. Fe/pt olivine mix. IDEX FM. Det2400. Position 2. ",5," Iron "
8544293,20231213200141.725000000,20231213130141.725000000,1702497701725,8.649770E+3,1.067566E-17,1.817740E-16,6.865996E-8,2.197063E+0," IDEX "," 2023_12_13_run0 "," 2-90 km/s. Fe/pt olivine mix. IDEX FM. Det2400. Position 2. ",3," Iron "
8544294,20231213200142.476000000,20231213130142.476000000,1702497702476,2.865340E+3,1.606469E-16,3.001600E-16,1.695103E-7,2.197063E+0," IDEX "," 2023_12_13_run0 "," 2-90 km/s. Fe/pt olivine mix. IDEX FM. Det2400. Position 2. ",4," Iron "
8544295,20231213200146.043999999,20231213130146.043999999,1702497706044,3.497270E+3,1.376613E-16,3.831760E-16,1.610062E-7,2.197063E+0," IDEX "," 2023_12_13_run0 "," 2-90 km/s. Fe/pt olivine mix. IDEX FM. Det2400. Position 2. ",5," Iron "
8544304,20231213200207.992000000,20231213130207.992000000,1702497727992,7.989060E+3,2.062057E-17,2.995160E-16,8.550776E-8,2.197063E+0," IDEX "," 2023_12_13_run0 "," 2-90 km/s. Fe/pt olivine mix. IDEX FM. Det2400. Position 2. ",4," Iron "
8544306,20231213200218.654000000,20231213130218.654000000,1702497738654,8.034640E+3,1.915886E-17,2.814690E-16,8.343761E-8,2.197063E+0," IDEX "," 2023_12_13_run0 "," 2-90 km/s. Fe/pt olivine mix. IDEX FM. Det2400. Position 2. ",4," Iron "
8544308,20231213200227.356999999,20231213130227.356999999,1702497747357,3.145340E+3,2.925291E-16,6.589850E-16,2.069959E-7,2.195833E+0," IDEX "," 2023_12_13_run0 "," 2-90 km/s. Fe/pt olivine mix. IDEX FM. Det2400. Position 2. ",4," Iron "
8544309,20231213200229.634000000,20231213130229.634000000,1702497749634,5.270690E+3,2.858656E-17,1.808290E-16,9.534384E-8,2.195833E+0," IDEX "," 2023_12_13_run0 "," 2-90 km/s. Fe/pt olivine mix. IDEX FM. Det2400. Position 2. ",4," Iron "
8544312,20231213200249.433999999,20231213130249.433999999,1702497769434,8.113170E+3,8.413962E-18,1.261110E-16,6.342184E-8,2.195833E+0," IDEX "," 2023_12_13_run0 "," 2-90 km/s. Fe/pt olivine mix. IDEX FM. Det2400. Position 2. ",4," Iron "
8544313,20231213200253.226000000,20231213130253.226000000,1702497773226,7.556530E+3,7.731743E-18,1.004170E-16,6.165919E-8,2.198294E+0," IDEX "," 2023_12_13_run0 "," 2-90 km/s. Fe/pt olivine mix. IDEX FM. Det2400. Position 2. ",5," Iron "
8544314,20231213200255.837999999,20231213130255.837999999,1702497775838,7.629640E+3,1.447626E-17,1.916680E-16,7.599602E-8,2.198294E+0," IDEX "," 2023_12_13_run0 "," 2-90 km/s. Fe/pt olivine mix. IDEX FM. Det2400. Position 2. ",4," Iron "
8544316,20231213200300.956999999,20231213130300.956999999,1702497780957,2.675220E+3,1.418942E-16,2.309770E-16,1.626398E-7,2.198294E+0," IDEX "," 2023_12_13_run0 "," 2-90 km/s. Fe/pt olivine mix. IDEX FM. Det2400. Position 2. ",4," Iron "
8544323,20231213200340.212000000,20231213130340.212000000,1702497820212,2.267130E+3,3.253341E-16,3.803360E-16,2.144611E-7,2.198294E+0," IDEX "," 2023_12_13_run0 "," 2-90 km/s. Fe/pt olivine mix. IDEX FM. Det2400. Position 2. ",4," Iron "
8544324,20231213200340.273000000,20231213130340.273000000,1702497820273,8.911740E+3,1.956489E-17,3.534170E-16,8.402292E-8,2.198294E+0," IDEX "," 2023_12_13_run0 "," 2-90 km/s. Fe/pt olivine mix. IDEX FM. Det2400. Position 2. ",4," Iron "
8544329,20231213200343.408999999,20231213130343.408999999,1702497823409,1.216790E+4,1.226856E-17,4.131520E-16,7.191782E-8,2.198294E+0," IDEX "," 2023_12_13_run0 "," 2-90 km/s. Fe/pt olivine mix. IDEX FM. Det2400. Position 2. ",4," Iron "
8544332,20231213200351.641999999,20231213130351.641999999,1702497831642,5.637290E+3,8.537420E-17,6.174410E-16,1.373033E-7,2.197063E+0," IDEX "," 2023_12_13_run0 "," 2-90 km/s. Fe/pt olivine mix. IDEX FM. Det2400. Position 2. ",5," Iron "
8544334,20231213200403.787000000,20231213130403.787000000,1702497843787,2.243720E+3,1.790247E-16,2.051060E-16,1.757423E-7,2.197063E+0," IDEX "," 2023_12_13_run0 "," 2-90 km/s. Fe/pt olivine mix. IDEX FM. Det2400. Position 2. ",4," Iron "
8544339,20231213200413.388999999,20231213130413.388999999,1702497853389,6.834810E+3,1.514877E-17,1.608690E-16,7.715506E-8,2.199524E+0," IDEX "," 2023_12_13_run0 "," 2-90 km/s. Fe/pt olivine mix. IDEX FM. Det2400. Position 2. ",3," Iron "
8544340,20231213200417.441000000,20231213130417.441000000,1702497857441,2.952780E+3,1.616555E-16,3.209400E-16,1.698643E-7,2.195833E+0," IDEX "," 2023_12_13_run0 "," 2-90 km/s. Fe/pt olivine mix. IDEX FM. Det2400. Position 2. ",5," Iron "
8544347,20231213200434.236999999,20231213130434.236999999,1702497874237,5.221480E+3,2.966047E-17,1.840320E-16,9.652312E-8,2.197063E+0," IDEX "," 2023_12_13_run0 "," 2-90 km/s. Fe/pt olivine mix. IDEX FM. Det2400. Position 2. ",4," Iron "
8544350,20231213200440.969999999,20231213130440.969999999,1702497880970,5.576690E+3,4.589800E-17,3.248440E-16,1.116443E-7,2.197063E+0," IDEX "," 2023_12_13_run0 "," 2-90 km/s. Fe/pt olivine mix. IDEX FM. Det2400. Position 2. ",5," Iron "
8544353,20231213200450.972000000,20231213130450.972000000,1702497890972,4.199150E+3,4.042394E-17,1.620330E-16,1.070167E-7,2.199524E+0," IDEX "," 2023_12_13_run0 "," 2-90 km/s. Fe/pt olivine mix. IDEX FM. Det2400. Position 2. ",4," Iron "
8544364,20231213200515.280000000,20231213130515.280000000,1702497915280,9.280920E+3,1.019297E-17,1.998070E-16,6.760916E-8,2.197063E+0," IDEX "," 2023_12_13_run0 "," 2-90 km/s. Fe/pt olivine mix. IDEX FM. Det2400. Position 2. ",4," Iron "
8544369,20231213200528.685999999,20231213130528.685999999,1702497928686,6.181220E+3,4.603239E-17,4.002580E-16,1.117532E-7,2.197063E+0," IDEX "," 2023_12_13_run0 "," 2-90 km/s. Fe/pt olivine mix. IDEX FM. Det2400. Position 2. ",5," Iron "
8544371,20231213200531.731999999,20231213130531.731999999,1702497931732,4.647300E+3,7.744614E-17,3.806530E-16,1.329144E-7,2.197063E+0," IDEX "," 2023_12_13_run0 "," 2-90 km/s. Fe/pt olivine mix. IDEX FM. Det2400. Position 2. ",5," Iron "
8544374,20231213200549.072999999,20231213130549.072999999,1702497949073,1.023490E+4,5.731185E-18,1.366280E-16,5.580247E-8,2.197063E+0," IDEX "," 2023_12_13_run0 "," 2-90 km/s. Fe/pt olivine mix. IDEX FM. Det2400. Position 2. ",5," Iron "
8544377,20231213200605.018999999,20231213130605.018999999,1702497965019,2.861810E+3,1.603772E-16,2.987510E-16,1.694154E-7,2.198294E+0," IDEX "," 2023_12_13_run0 "," 2-90 km/s. Fe/pt olivine mix. IDEX FM. Det2400. Position 2. ",5," Iron "
8544393,20231213200706.043999999,20231213130706.043999999,1702498026044,2.672680E+3,2.590773E-16,4.214000E-16,1.987842E-7,2.195833E+0," IDEX "," 2023_12_13_run0 "," 2-90 km/s. Fe/pt olivine mix. IDEX FM. Det2400. Position 2. ",4," Iron "
8544398,20231213200719.987999999,20231213130719.987999999,1702498039988,5.657510E+3,2.621982E-16,1.910960E-15,1.995792E-7,2.195833E+0," IDEX "," 2023_12_13_run0 "," 2-90 km/s. Fe/pt olivine mix. IDEX FM. Det2400. Position 2. ",5," Iron "
8544399,20231213200721.223999999,20231213130721.223999999,1702498041224,1.117630E+4,6.639647E-18,1.888480E-16,5.860756E-8,2.195833E+0," IDEX "," 2023_12_13_run0 "," 2-90 km/s. Fe/pt olivine mix. IDEX FM. Det2400. Position 2. ",4," Iron "
8544402,20231213200729.203999999,20231213130729.203999999,1702498049204,4.388670E+3,5.282697E-17,2.314230E-16,1.170013E-7,2.198294E+0," IDEX "," 2023_12_13_run0 "," 2-90 km/s. Fe/pt olivine mix. IDEX FM. Det2400. Position 2. ",4," Iron "
8544422,20231213200817.117000000,20231213130817.117000000,1702498097117,2.153410E+3,2.864876E-16,3.021650E-16,2.055609E-7,2.198294E+0," IDEX "," 2023_12_13_run0 "," 2-90 km/s. Fe/pt olivine mix. IDEX FM. Det2400. Position 2. ",5," Iron "
8544424,20231213200825.182999999,20231213130825.182999999,1702498105183,8.373330E+3,1.263047E-17,2.015320E-16,7.261815E-8,2.197063E+0," IDEX "," 2023_12_13_run0 "," 2-90 km/s. Fe/pt olivine mix. IDEX FM. Det2400. Position 2. ",3," Iron "
8544433,20231213200902.442000000,20231213130902.442000000,1702498142442,1.732810E+4,3.994103E-18,2.727760E-16,4.947416E-8,2.198294E+0," IDEX "," 2023_12_13_run0 "," 2-90 km/s. Fe/pt olivine mix. IDEX FM. Det2400. Position 2. ",5," Iron "
8544435,20231213200915.766999999,20231213130915.766999999,1702498155767,8.784670E+3,2.185802E-17,3.838750E-16,8.718510E-8,2.197063E+0," IDEX "," 2023_12_13_run0 "," 2-90 km/s. Fe/pt olivine mix. IDEX FM. Det2400. Position 2. ",5," Iron "
8544438,20231213200931.179000000,20231213130931.179000000,1702498171179,5.770530E+3,5.007946E-17,3.797190E-16,1.149367E-7,2.195833E+0," IDEX "," 2023_12_13_run0 "," 2-90 km/s. Fe/pt olivine mix. IDEX FM. Det2400. Position 2. ",5," Iron "
8544439,20231213200932.996000000,20231213130932.996000000,1702498172996,2.267200E+3,2.668489E-16,3.121570E-16,2.007523E-7,2.197063E+0," IDEX "," 2023_12_13_run0 "," 2-90 km/s. Fe/pt olivine mix. IDEX FM. Det2400. Position 2. ",5," Iron "
8544440,20231213200933.927000000,20231213130933.927000000,1702498173927,3.779170E+3,6.395539E-17,2.078730E-16,1.246994E-7,2.197063E+0," IDEX "," 2023_12_13_run0 "," 2-90 km/s. Fe/pt olivine mix. IDEX FM. Det2400. Position 2. ",5," Iron "
8544443,20231213200944.777000000,20231213130944.777000000,1702498184777,3.396210E+3,1.303610E-16,3.421880E-16,1.581083E-7,2.197063E+0," IDEX "," 2023_12_13_run0 "," 2-90 km/s. Fe/pt olivine mix. IDEX FM. Det2400. Position 2. ",3," Iron "
8544446,20231213200949.225000000,20231213130949.225000000,1702498189225,2.850530E+3,1.281719E-16,2.370130E-16,1.572182E-7,2.197063E+0," IDEX "," 2023_12_13_run0 "," 2-90 km/s. Fe/pt olivine mix. IDEX FM. Det2400. Position 2. ",5," Iron "
8544457,20231213201029.154000000,20231213131029.154000000,1702498229154,3.983430E+3,1.267204E-14,4.573470E-14,7.269772E-7,2.198294E+0," IDEX "," 2023_12_13_run0 "," 2-90 km/s. Fe/pt olivine mix. IDEX FM. Det2400. Position 2. ",5," Iron "
8544459,20231213201030.381999999,20231213131030.381999999,1702498230382,2.015330E+3,2.140120E-16,1.977040E-16,1.865168E-7,2.198294E+0," IDEX "," 2023_12_13_run0 "," 2-90 km/s. Fe/pt olivine mix. IDEX FM. Det2400. Position 2. ",4," Iron "
8544462,20231213201033.447000000,20231213131033.447000000,1702498233447,2.221280E+3,2.323375E-16,2.607420E-16,1.916954E-7,2.198294E+0," IDEX "," 2023_12_13_run0 "," 2-90 km/s. Fe/pt olivine mix. IDEX FM. Det2400. Position 2. ",3," Iron "
8544470,20231213201052.876000000,20231213131052.876000000,1702498252876,9.254780E+3,1.964496E-17,3.829230E-16,8.413739E-8,2.197063E+0," IDEX "," 2023_12_13_run0 "," 2-90 km/s. Fe/pt olivine mix. IDEX FM. Det2400. Position 2. ",5," Iron "
8544471,20231213201053.006000000,20231213131053.006000000,1702498253006,2.079750E+3,1.236255E-15,1.216910E-15,3.346632E-7,2.197063E+0," IDEX "," 2023_12_13_run0 "," 2-90 km/s. Fe/pt olivine mix. IDEX FM. Det2400. Position 2. ",5," Iron "
8544479,20231213201103.194000000,20231213131103.194000000,1702498263194,1.192500E+4,4.236178E-18,1.371710E-16,5.045413E-8,2.195833E+0," IDEX "," 2023_12_13_run0 "," 2-90 km/s. Fe/pt olivine mix. IDEX FM. Det2400. Position 2. ",4," Iron "
8544493,20231213201145.415000000,20231213131145.415000000,1702498305415,3.525730E+3,6.238370E-17,1.763820E-16,1.236694E-7,2.198294E+0," IDEX "," 2023_12_13_run0 "," 2-90 km/s. Fe/pt olivine mix. IDEX FM. Det2400. Position 2. ",5," Iron "
8544494,20231213201148.287999999,20231213131148.287999999,1702498308288,2.452110E+3,3.500340E-16,4.787130E-16,2.197567E-7,2.198294E+0," IDEX "," 2023_12_13_run0 "," 2-90 km/s. Fe/pt olivine mix. IDEX FM. Det2400. Position 2. ",5," Iron "
8544497,20231213201156.589999999,20231213131156.589999999,1702498316590,4.343230E+3,1.667561E-16,7.158720E-16,1.716324E-7,2.197063E+0," IDEX "," 2023_12_13_run0 "," 2-90 km/s. Fe/pt olivine mix. IDEX FM. Det2400. Position 2. ",5," Iron "
8544504,20231213201218.304000000,20231213131218.304000000,1702498338304,2.428550E+3,2.511156E-16,3.372400E-16,1.967267E-7,2.195833E+0," IDEX "," 2023_12_13_run0 "," 2-90 km/s. Fe/pt olivine mix. IDEX FM. Det2400. Position 2. ",4," Iron "
8544506,20231213201223.913999999,20231213131223.913999999,1702498343914,6.041060E+3,5.048883E-17,4.193240E-16,1.152490E-7,2.197063E+0," IDEX "," 2023_12_13_run0 "," 2-90 km/s. Fe/pt olivine mix. IDEX FM. Det2400. Position 2. ",5," Iron "
8544507,20231213201224.430000000,20231213131224.430000000,1702498344430,4.684570E+3,4.417749E-17,2.206320E-16,1.102315E-7,2.197063E+0," IDEX "," 2023_12_13_run0 "," 2-90 km/s. Fe/pt olivine mix. IDEX FM. Det2400. Position 2. ",5," Iron "
8544508,20231213201226.200999999,20231213131226.200999999,1702498346201,6.067550E+3,2.561147E-17,2.145800E-16,9.191438E-8,2.197063E+0," IDEX "," 2023_12_13_run0 "," 2-90 km/s. Fe/pt olivine mix. IDEX FM. Det2400. Position 2. ",5," Iron "
8544516,20231213201305.290000000,20231213131305.290000000,1702498385290,3.783520E+3,6.374814E-16,2.077930E-15,2.683662E-7,2.195833E+0," IDEX "," 2023_12_13_run0 "," 2-90 km/s. Fe/pt olivine mix. IDEX FM. Det2400. Position 2. ",5," Iron "
8544517,20231213201307.444999999,20231213131307.444999999,1702498387445,7.764870E+3,1.700392E-17,2.331860E-16,8.018412E-8,2.198294E+0," IDEX "," 2023_12_13_run0 "," 2-90 km/s. Fe/pt olivine mix. IDEX FM. Det2400. Position 2. ",5," Iron "
8544519,20231213201313.177999999,20231213131313.177999999,1702498393178,3.658380E+3,1.830193E-16,5.577580E-16,1.770398E-7,2.195833E+0," IDEX "," 2023_12_13_run0 "," 2-90 km/s. Fe/pt olivine mix. IDEX FM. Det2400. Position 2. ",5," Iron "
8544525,20231213201327.185999999,20231213131327.185999999,1702498407186,5.679100E+3,4.503961E-17,3.305840E-16,1.109439E-7,2.197063E+0," IDEX "," 2023_12_13_run0 "," 2-90 km/s. Fe/pt olivine mix. IDEX FM. Det2400. Position 2. ",5," Iron "
8544527,20231213201346.591000000,20231213131346.591000000,1702498426591,3.878610E+3,7.155496E-17,2.448370E-16,1.294549E-7,2.198294E+0," IDEX "," 2023_12_13_run0 "," 2-90 km/s. Fe/pt olivine mix. IDEX FM. Det2400. Position 2. ",3," Iron "
8544528,20231213201346.984000000,20231213131346.984000000,1702498426984,7.973710E+3,9.839881E-18,1.422970E-16,6.681930E-8,2.198294E+0," IDEX "," 2023_12_13_run0 "," 2-90 km/s. Fe/pt olivine mix. IDEX FM. Det2400. Position 2. ",4," Iron "
8544534,20231213201411.930999999,20231213131411.930999999,1702498451931,3.799750E+3,1.074526E-16,3.532630E-16,1.482442E-7,2.195833E+0," IDEX "," 2023_12_13_run0 "," 2-90 km/s. Fe/pt olivine mix. IDEX FM. Det2400. Position 2. ",5," Iron "
8544536,20231213201421.285000000,20231213131421.285000000,1702498461285,2.298990E+3,2.404765E-16,2.892510E-16,1.939082E-7,2.197063E+0," IDEX "," 2023_12_13_run0 "," 2-90 km/s. Fe/pt olivine mix. IDEX FM. Det2400. Position 2. ",5," Iron "
8544540,20231213201433.291999999,20231213131433.291999999,1702498473292,2.920310E+3,1.147987E-16,2.228040E-16,1.515483E-7,2.197063E+0," IDEX "," 2023_12_13_run0 "," 2-90 km/s. Fe/pt olivine mix. IDEX FM. Det2400. Position 2. ",3," Iron "
8544547,20231213201458.469999999,20231213131458.469999999,1702498498470,2.657810E+3,1.231836E-16,1.980290E-16,1.551516E-7,2.197063E+0," IDEX "," 2023_12_13_run0 "," 2-90 km/s. Fe/pt olivine mix. IDEX FM. Det2400. Position 2. ",4," Iron "
8544548,20231213201500.506999999,20231213131500.506999999,1702498500507,7.094920E+3,2.403564E-17,2.750380E-16,8.998923E-8,2.199524E+0," IDEX "," 2023_12_13_run0 "," 2-90 km/s. Fe/pt olivine mix. IDEX FM. Det2400. Position 2. ",5," Iron "
8544552,20231213201506.177000000,20231213131506.177000000,1702498506177,4.259710E+3,6.569445E-17,2.709760E-16,1.258196E-7,2.199524E+0," IDEX "," 2023_12_13_run0 "," 2-90 km/s. Fe/pt olivine mix. IDEX FM. Det2400. Position 2. ",5," Iron "
8544555,20231213201512.535000000,20231213131512.535000000,1702498512535,4.195570E+3,1.512789E-16,6.060220E-16,1.661491E-7,2.197063E+0," IDEX "," 2023_12_13_run0 "," 2-90 km/s. Fe/pt olivine mix. IDEX FM. Det2400. Position 2. ",5," Iron "
8544558,20231213201514.240999999,20231213131514.240999999,1702498514241,6.958440E+3,2.506542E-17,2.762020E-16,9.125647E-8,2.197063E+0," IDEX "," 2023_12_13_run0 "," 2-90 km/s. Fe/pt olivine mix. IDEX FM. Det2400. Position 2. ",5," Iron "
8544566,20231213201536.140000000,20231213131536.140000000,1702498536140,4.941100E+3,2.678830E-17,1.487570E-16,9.330115E-8,2.198294E+0," IDEX "," 2023_12_13_run0 "," 2-90 km/s. Fe/pt olivine mix. IDEX FM. Det2400. Position 2. ",4," Iron "
8544570,20231213201546.331999999,20231213131546.331999999,1702498546332,8.036280E+3,4.161508E-19,6.112880E-18,2.328032E-8,2.198294E+0," IDEX "," 2023_12_13_run0 "," 2-90 km/s. Fe/pt olivine mix. IDEX FM. Det2400. Position 2. ",3," Iron "
8544577,20231213201604.245000000,20231213131604.245000000,1702498564245,3.178690E+3,1.773814E-16,4.078800E-16,1.752029E-7,2.197063E+0," IDEX "," 2023_12_13_run0 "," 2-90 km/s. Fe/pt olivine mix. IDEX FM. Det2400. Position 2. ",5," Iron "
8544578,20231213201605.810000000,20231213131605.810000000,1702498565810,8.218010E+3,1.090181E-17,1.675560E-16,6.914140E-8,2.197063E+0," IDEX "," 2023_12_13_run0 "," 2-90 km/s. Fe/pt olivine mix. IDEX FM. Det2400. Position 2. ",4," Iron "
8544579,20231213201613.339999999,20231213131613.339999999,1702498573340,9.103080E+3,7.483881E-18,1.411340E-16,6.099314E-8,2.197063E+0," IDEX "," 2023_12_13_run0 "," 2-90 km/s. Fe/pt olivine mix. IDEX FM. Det2400. Position 2. ",4," Iron "
8544581,20231213201614.433999999,20231213131614.433999999,1702498574434,4.599320E+3,2.805653E-17,1.350670E-16,9.475090E-8,2.197063E+0," IDEX "," 2023_12_13_run0 "," 2-90 km/s. Fe/pt olivine mix. IDEX FM. Det2400. Position 2. ",4," Iron "
8544583,20231213211937.695999999,20231213141937.695999999,1702502377696,1.814920E+4,5.361080E-18,4.018790E-16,5.457446E-8,2.197063E+0," IDEX "," 2023_12_13_run1 "," 12-90 km/s. Fe/pt olivine mix. IDEX FM. Det2400. Position 5 ",5," Iron "
8544585,20231213211956.118999999,20231213141956.118999999,1702502396119,1.373170E+4,8.237665E-18,3.534930E-16,6.297575E-8,2.197063E+0," IDEX "," 2023_12_13_run1 "," 12-90 km/s. Fe/pt olivine mix. IDEX FM. Det2400. Position 5 ",3," Iron "
8544586,20231213212037.310999999,20231213142037.310999999,1702502437311,1.257250E+4,3.433394E-17,1.235080E-15,1.013475E-7,2.197063E+0," IDEX "," 2023_12_13_run1 "," 12-90 km/s. Fe/pt olivine mix. IDEX FM. Det2400. Position 5 ",5," Iron "
8544588,20231213212255.111999999,20231213142255.111999999,1702502575112,1.438550E+4,7.574676E-18,3.563330E-16,6.123880E-8,2.199524E+0," IDEX "," 2023_12_13_run1 "," 12-90 km/s. Fe/pt olivine mix. IDEX FM. Det2400. Position 5 ",4," Iron "
8544591,20231213212446.890999999,20231213142446.890999999,1702502686891,1.628130E+4,5.198252E-18,3.135910E-16,5.401625E-8,2.197063E+0," IDEX "," 2023_12_13_run1 "," 12-90 km/s. Fe/pt olivine mix. IDEX FM. Det2400. Position 5 ",5," Iron "
8544599,20231213212643.214999999,20231213142643.214999999,1702502803215,1.258680E+4,2.702214E-17,9.748140E-16,9.357186E-8,2.195833E+0," IDEX "," 2023_12_13_run1 "," 12-90 km/s. Fe/pt olivine mix. IDEX FM. Det2400. Position 5 ",5," Iron "
8544600,20231213212644.175000000,20231213142644.175000000,1702502804175,1.309270E+4,8.322641E-18,3.248560E-16,6.319156E-8,2.195833E+0," IDEX "," 2023_12_13_run1 "," 12-90 km/s. Fe/pt olivine mix. IDEX FM. Det2400. Position 5 ",5," Iron "
8544602,20231213212756.546000000,20231213142756.546000000,1702502876546,1.432800E+4,1.583594E-17,7.398490E-16,7.830448E-8,2.197063E+0," IDEX "," 2023_12_13_run1 "," 12-90 km/s. Fe/pt olivine mix. IDEX FM. Det2400. Position 5 ",5," Iron "
8544606,20231213212842.631999999,20231213142842.631999999,1702502922632,2.178390E+4,2.729403E-18,2.947590E-16,4.357739E-8,2.197063E+0," IDEX "," 2023_12_13_run1 "," 12-90 km/s. Fe/pt olivine mix. IDEX FM. Det2400. Position 5 ",5," Iron "
8544609,20231213212956.327000000,20231213142956.327000000,1702502996327,1.467330E+4,6.219055E-18,3.047250E-16,5.734296E-8,2.197063E+0," IDEX "," 2023_12_13_run1 "," 12-90 km/s. Fe/pt olivine mix. IDEX FM. Det2400. Position 5 ",5," Iron "
8544610,20231213213009.158999999,20231213143009.158999999,1702503009159,6.029970E+4,2.743566E-19,2.268980E-16,2.026176E-8,2.198294E+0," IDEX "," 2023_12_13_run1 "," 12-90 km/s. Fe/pt olivine mix. IDEX FM. Det2400. Position 5 ",4," Iron "
8544613,20231213213117.141999999,20231213143117.141999999,1702503077142,1.249600E+4,7.013060E-18,2.492170E-16,5.968628E-8,2.197063E+0," IDEX "," 2023_12_13_run1 "," 12-90 km/s. Fe/pt olivine mix. IDEX FM. Det2400. Position 5 ",4," Iron "
8544615,20231213213142.552000000,20231213143142.552000000,1702503102552,1.808470E+4,5.726661E-18,4.262380E-16,5.578779E-8,2.197063E+0," IDEX "," 2023_12_13_run1 "," 12-90 km/s. Fe/pt olivine mix. IDEX FM. Det2400. Position 5 ",5," Iron "
8544619,20231213213300.097000000,20231213143300.097000000,1702503180097,1.231010E+4,3.686327E-17,1.270580E-15,1.037775E-7,2.198294E+0," IDEX "," 2023_12_13_run1 "," 12-90 km/s. Fe/pt olivine mix. IDEX FM. Det2400. Position 5 ",5," Iron "
8544625,20231213213450.075999999,20231213143450.075999999,1702503290076,1.701370E+4,5.657348E-18,3.726820E-16,5.556180E-8,2.197063E+0," IDEX "," 2023_12_13_run1 "," 12-90 km/s. Fe/pt olivine mix. IDEX FM. Det2400. Position 5 ",5," Iron "
8544626,20231213213529.013999999,20231213143529.013999999,1702503329014,1.425860E+4,1.200903E-17,5.550140E-16,7.140709E-8,2.199524E+0," IDEX "," 2023_12_13_run1 "," 12-90 km/s. Fe/pt olivine mix. IDEX FM. Det2400. Position 5 ",5," Iron "
8544634,20231213213943.425999999,20231213143943.425999999,1702503583426,1.233940E+4,4.984931E-18,1.727330E-16,5.326702E-8,2.197063E+0," IDEX "," 2023_12_13_run1 "," 12-90 km/s. Fe/pt olivine mix. IDEX FM. Det2400. Position 5 ",4," Iron "
8544638,20231213214202.015000000,20231213144202.015000000,1702503722015,1.204960E+4,6.715103E-18,2.218840E-16,5.882874E-8,2.197063E+0," IDEX "," 2023_12_13_run1 "," 12-90 km/s. Fe/pt olivine mix. IDEX FM. Det2400. Position 5 ",5," Iron "
8544639,20231213214215.612999999,20231213144215.612999999,1702503735613,1.412960E+4,1.346508E-17,6.117820E-16,7.418367E-8,2.197063E+0," IDEX "," 2023_12_13_run1 "," 12-90 km/s. Fe/pt olivine mix. IDEX FM. Det2400. Position 5 ",5," Iron "
8544645,20231213214453.455000000,20231213144453.455000000,1702503893455,1.200270E+4,7.379838E-18,2.419540E-16,6.070917E-8,2.197063E+0," IDEX "," 2023_12_13_run1 "," 12-90 km/s. Fe/pt olivine mix. IDEX FM. Det2400. Position 5 ",4," Iron "
8544649,20231213214722.714999999,20231213144722.714999999,1702504042715,1.238420E+4,9.431712E-18,3.291960E-16,6.588231E-8,2.197063E+0," IDEX "," 2023_12_13_run1 "," 12-90 km/s. Fe/pt olivine mix. IDEX FM. Det2400. Position 5 ",5," Iron "
8544651,20231213214736.131000000,20231213144736.131000000,1702504056131,1.360590E+4,2.169766E-17,9.141040E-16,8.697137E-8,2.197063E+0," IDEX "," 2023_12_13_run1 "," 12-90 km/s. Fe/pt olivine mix. IDEX FM. Det2400. Position 5 ",5," Iron "
8544656,20231213215114.774999999,20231213145114.774999999,1702504274775,1.601120E+4,5.846271E-18,3.408880E-16,5.617352E-8,2.198294E+0," IDEX "," 2023_12_13_run1 "," 12-90 km/s. Fe/pt olivine mix. IDEX FM. Det2400. Position 5 ",5," Iron "
8544660,20231213215201.975000000,20231213145201.975000000,1702504321975,1.192900E+4,9.645656E-18,3.125440E-16,6.637674E-8,2.195833E+0," IDEX "," 2023_12_13_run1 "," 12-90 km/s. Fe/pt olivine mix. IDEX FM. Det2400. Position 5 ",5," Iron "
8544662,20231213215237.248999999,20231213145237.248999999,1702504357249,1.309880E+4,6.333711E-18,2.471760E-16,5.769321E-8,2.198294E+0," IDEX "," 2023_12_13_run1 "," 12-90 km/s. Fe/pt olivine mix. IDEX FM. Det2400. Position 5 ",5," Iron "
8544672,20231213215507.748000000,20231213145507.748000000,1702504507748,1.224950E+4,8.572049E-17,2.928820E-15,1.374887E-7,2.195833E+0," IDEX "," 2023_12_13_run1 "," 12-90 km/s. Fe/pt olivine mix. IDEX FM. Det2400. Position 5 ",5," Iron "
8544676,20231213215656.135999999,20231213145656.135999999,1702504616136,5.215950E+4,2.482570E-19,1.536220E-16,1.959773E-8,2.198294E+0," IDEX "," 2023_12_13_run1 "," 12-90 km/s. Fe/pt olivine mix. IDEX FM. Det2400. Position 5 ",4," Iron "
8544679,20231213215825.327999999,20231213145825.327999999,1702504705328,1.182700E+4,3.903951E-18,1.243440E-16,4.909909E-8,2.195833E+0," IDEX "," 2023_12_13_run1 "," 12-90 km/s. Fe/pt olivine mix. IDEX FM. Det2400. Position 5 ",3," Iron "
8544682,20231213215916.314999999,20231213145916.314999999,1702504756315,1.967610E+4,5.948485E-18,5.240980E-16,5.649900E-8,2.197063E+0," IDEX "," 2023_12_13_run1 "," 12-90 km/s. Fe/pt olivine mix. IDEX FM. Det2400. Position 5 ",5," Iron "
8544689,20231213220211.847999999,20231213150211.847999999,1702504931848,1.312930E+4,4.648279E-18,1.822470E-16,5.203986E-8,2.198294E+0," IDEX "," 2023_12_13_run1 "," 12-90 km/s. Fe/pt olivine mix. IDEX FM. Det2400. Position 5 ",5," Iron "
8544695,20231213220602.839999999,20231213150602.839999999,1702505162840,1.325820E+4,4.696425E-18,1.877680E-16,5.221891E-8,2.198294E+0," IDEX "," 2023_12_13_run1 "," 12-90 km/s. Fe/pt olivine mix. IDEX FM. Det2400. Position 5 ",5," Iron "
8544696,20231213220607.868999999,20231213150607.868999999,1702505167869,1.237990E+4,1.510527E-17,5.265600E-16,7.708115E-8,2.198294E+0," IDEX "," 2023_12_13_run1 "," 12-90 km/s. Fe/pt olivine mix. IDEX FM. Det2400. Position 5 ",5," Iron "
8544697,20231213220659.356000000,20231213150659.356000000,1702505219356,1.281260E+4,5.718927E-18,2.136570E-16,5.576266E-8,2.197063E+0," IDEX "," 2023_12_13_run1 "," 12-90 km/s. Fe/pt olivine mix. IDEX FM. Det2400. Position 5 ",5," Iron "
8544700,20231213220845.131000000,20231213150845.131000000,1702505325131,1.210530E+4,5.991969E-18,1.996010E-16,5.663634E-8,2.199524E+0," IDEX "," 2023_12_13_run1 "," 12-90 km/s. Fe/pt olivine mix. IDEX FM. Det2400. Position 5 ",5," Iron "
8544702,20231213220941.589999999,20231213150941.589999999,1702505381590,1.446730E+4,7.209518E-18,3.432150E-16,6.023849E-8,2.198294E+0," IDEX "," 2023_12_13_run1 "," 12-90 km/s. Fe/pt olivine mix. IDEX FM. Det2400. Position 5 ",5," Iron "
8544705,20231213221249.915999999,20231213151249.915999999,1702505569916,1.327450E+4,6.917037E-18,2.773860E-16,5.941262E-8,2.197063E+0," IDEX "," 2023_12_13_run1 "," 12-90 km/s. Fe/pt olivine mix. IDEX FM. Det2400. Position 5 ",3," Iron "
8544710,20231213232313.436999999,20231213162313.436999999,1702509793437,1.189330E+4,4.472633E-18,1.439780E-16,5.137594E-8,2.197063E+0," IDEX "," 2023_12_13_run2 "," 12-90 km/s. Fe/pt olivine mix. IDEX FM. Det2500. Position 5 ",4," Iron "
8544715,20231213232452.359000000,20231213162452.359000000,1702509892359,2.063430E+4,3.291278E-18,3.189130E-16,4.638315E-8,2.197063E+0," IDEX "," 2023_12_13_run2 "," 12-90 km/s. Fe/pt olivine mix. IDEX FM. Det2500. Position 5 ",5," Iron "
8544719,20231213232758.305000000,20231213162758.305000000,1702510078305,2.960320E+4,3.038220E-18,6.055940E-16,4.516254E-8,2.198294E+0," IDEX "," 2023_12_13_run2 "," 12-90 km/s. Fe/pt olivine mix. IDEX FM. Det2500. Position 5 ",5," Iron "
8544720,20231213232855.334000000,20231213162855.334000000,1702510135334,1.917570E+4,3.912392E-18,3.275790E-16,4.913445E-8,2.195833E+0," IDEX "," 2023_12_13_run2 "," 12-90 km/s. Fe/pt olivine mix. IDEX FM. Det2500. Position 5 ",5," Iron "
8544723,20231213233016.407000000,20231213163016.407000000,1702510216407,1.165050E+4,4.828867E-18,1.490800E-16,5.270523E-8,2.198294E+0," IDEX "," 2023_12_13_run2 "," 12-90 km/s. Fe/pt olivine mix. IDEX FM. Det2500. Position 5 ",5," Iron "
8544724,20231213233025.740999999,20231213163025.740999999,1702510225741,5.587360E+4,5.032546E-19,3.577440E-16,2.480283E-8,2.195833E+0," IDEX "," 2023_12_13_run2 "," 12-90 km/s. Fe/pt olivine mix. IDEX FM. Det2500. Position 5 ",5," Iron "
8544727,20231213233324.276000000,20231213163324.276000000,1702510404276,1.338450E+4,1.041773E-17,4.244850E-16,6.810249E-8,2.198294E+0," IDEX "," 2023_12_13_run2 "," 12-90 km/s. Fe/pt olivine mix. IDEX FM. Det2500. Position 5 ",5," Iron "
8544730,20231213233511.961000000,20231213163511.961000000,1702510511961,1.241870E+4,5.579004E-18,1.958110E-16,5.530413E-8,2.197063E+0," IDEX "," 2023_12_13_run2 "," 12-90 km/s. Fe/pt olivine mix. IDEX FM. Det2500. Position 5 ",4," Iron "
8544731,20231213233520.001000000,20231213163520.001000000,1702510520001,1.409980E+4,1.475727E-17,6.676670E-16,7.648460E-8,2.197063E+0," IDEX "," 2023_12_13_run2 "," 12-90 km/s. Fe/pt olivine mix. IDEX FM. Det2500. Position 5 ",5," Iron "
8544737,20231213233639.591999999,20231213163639.591999999,1702510599592,1.278310E+4,7.908631E-18,2.939400E-16,6.212586E-8,2.198294E+0," IDEX "," 2023_12_13_run2 "," 12-90 km/s. Fe/pt olivine mix. IDEX FM. Det2500. Position 5 ",5," Iron "
8544743,20231213233756.552999999,20231213163756.552999999,1702510676553,1.292110E+4,4.159699E-18,1.580480E-16,5.014866E-8,2.197063E+0," IDEX "," 2023_12_13_run2 "," 12-90 km/s. Fe/pt olivine mix. IDEX FM. Det2500. Position 5 ",4," Iron "
8544744,20231213233817.702000000,20231213163817.702000000,1702510697702,1.383530E+4,3.964388E-17,1.725990E-15,1.063239E-7,2.198294E+0," IDEX "," 2023_12_13_run2 "," 12-90 km/s. Fe/pt olivine mix. IDEX FM. Det2500. Position 5 ",5," Iron "
8544746,20231213233836.339999999,20231213163836.339999999,1702510716340,1.327990E+4,4.825102E-18,1.936530E-16,5.269153E-8,2.197063E+0," IDEX "," 2023_12_13_run2 "," 12-90 km/s. Fe/pt olivine mix. IDEX FM. Det2500. Position 5 ",5," Iron "
8544747,20231213233841.276000000,20231213163841.276000000,1702510721276,1.187850E+4,7.625437E-18,2.448590E-16,6.137530E-8,2.197063E+0," IDEX "," 2023_12_13_run2 "," 12-90 km/s. Fe/pt olivine mix. IDEX FM. Det2500. Position 5 ",5," Iron "
8544749,20231213233925.740999999,20231213163925.740999999,1702510765741,1.624970E+4,5.231118E-18,3.141740E-16,5.412985E-8,2.198294E+0," IDEX "," 2023_12_13_run2 "," 12-90 km/s. Fe/pt olivine mix. IDEX FM. Det2500. Position 5 ",4," Iron "
8544753,20231213234114.739000000,20231213164114.739000000,1702510874739,2.258500E+4,2.112665E-18,2.449700E-16,4.001126E-8,2.199524E+0," IDEX "," 2023_12_13_run2 "," 12-90 km/s. Fe/pt olivine mix. IDEX FM. Det2500. Position 5 ",4," Iron "
8544761,20231213234332.165000000,20231213164332.165000000,1702511012165,1.304270E+4,3.300303E-18,1.276950E-16,4.642550E-8,2.198294E+0," IDEX "," 2023_12_13_run2 "," 12-90 km/s. Fe/pt olivine mix. IDEX FM. Det2500. Position 5 ",3," Iron "
8544764,20231213234354.260000000,20231213164354.260000000,1702511034260,1.548640E+4,1.726703E-17,9.429530E-16,8.059558E-8,2.195833E+0," IDEX "," 2023_12_13_run2 "," 12-90 km/s. Fe/pt olivine mix. IDEX FM. Det2500. Position 5 ",5," Iron "
8544765,20231213234412.094999999,20231213164412.094999999,1702511052095,1.243870E+4,7.789002E-18,2.744120E-16,6.181102E-8,2.195833E+0," IDEX "," 2023_12_13_run2 "," 12-90 km/s. Fe/pt olivine mix. IDEX FM. Det2500. Position 5 ",5," Iron "
8544767,20231213234458.317000000,20231213164458.317000000,1702511098317,1.326450E+4,4.448315E-18,1.781170E-16,5.128265E-8,2.197063E+0," IDEX "," 2023_12_13_run2 "," 12-90 km/s. Fe/pt olivine mix. IDEX FM. Det2500. Position 5 ",5," Iron "
8544768,20231213234525.899999999,20231213164525.899999999,1702511125900,1.314440E+4,3.683808E-17,1.447650E-15,1.037539E-7,2.198294E+0," IDEX "," 2023_12_13_run2 "," 12-90 km/s. Fe/pt olivine mix. IDEX FM. Det2500. Position 5 ",5," Iron "
8544773,20231213234854.771999999,20231213164854.771999999,1702511334772,1.229000E+4,3.909043E-18,1.343700E-16,4.912043E-8,2.197063E+0," IDEX "," 2023_12_13_run2 "," 12-90 km/s. Fe/pt olivine mix. IDEX FM. Det2500. Position 5 ",5," Iron "
8544774,20231213234913.507999999,20231213164913.507999999,1702511353508,1.406210E+4,7.061959E-18,3.176220E-16,5.982468E-8,2.198294E+0," IDEX "," 2023_12_13_run2 "," 12-90 km/s. Fe/pt olivine mix. IDEX FM. Det2500. Position 5 ",5," Iron "
8544784,20231214000459.662999999,20231213170459.662999999,1702512299663,2.980800E+4,8.855638E-19,1.789660E-16,2.994415E-8,2.198294E+0," IDEX "," 2023_12_13_run2 "," 12-90 km/s. Fe/pt olivine mix. IDEX FM. Det2500. Position 5 ",5," Iron "
8544787,20231214000554.854999999,20231213170554.854999999,1702512354855,1.385430E+4,5.317678E-18,2.322840E-16,5.442678E-8,2.197063E+0," IDEX "," 2023_12_13_run2 "," 12-90 km/s. Fe/pt olivine mix. IDEX FM. Det2500. Position 5 ",3," Iron "
8544796,20231214001619.368000000,20231213171619.368000000,1702512979368,1.284240E+4,5.642670E-18,2.115530E-16,5.551371E-8,2.199524E+0," IDEX "," 2023_12_13_run2 "," 12-90 km/s. Fe/pt olivine mix. IDEX FM. Det2500. Position 5 ",4," Iron "
8544798,20231214001647.148000000,20231213171647.148000000,1702513007148,1.526730E+4,7.662898E-18,4.064860E-16,6.147563E-8,2.197063E+0," IDEX "," 2023_12_13_run2 "," 12-90 km/s. Fe/pt olivine mix. IDEX FM. Det2500. Position 5 ",3," Iron "
8544799,20231214001726.765000000,20231213171726.765000000,1702513046765,2.248710E+4,6.011155E-18,6.917560E-16,5.669672E-8,2.197063E+0," IDEX "," 2023_12_13_run2 "," 12-90 km/s. Fe/pt olivine mix. IDEX FM. Det2500. Position 5 ",5," Iron "
8544802,20231214001812.976000000,20231213171812.976000000,1702513092976,1.485150E+4,6.984049E-18,3.505710E-16,5.960386E-8,2.197063E+0," IDEX "," 2023_12_13_run2 "," 12-90 km/s. Fe/pt olivine mix. IDEX FM. Det2500. Position 5 ",5," Iron "
8544803,20231214001820.569000000,20231213171820.569000000,1702513100569,8.605410E+4,1.923170E-19,3.239260E-16,1.799884E-8,2.198294E+0," IDEX "," 2023_12_13_run2 "," 12-90 km/s. Fe/pt olivine mix. IDEX FM. Det2500. Position 5 ",3," Iron "
8544805,20231214001831.305999999,20231213171831.305999999,1702513111306,1.327500E+4,6.762619E-18,2.712140E-16,5.896717E-8,2.197063E+0," IDEX "," 2023_12_13_run2 "," 12-90 km/s. Fe/pt olivine mix. IDEX FM. Det2500. Position 5 ",3," Iron "
8544807,20231214001844.461000000,20231213171844.461000000,1702513124461,1.225700E+4,2.937725E-18,1.003840E-16,4.465900E-8,2.198294E+0," IDEX "," 2023_12_13_run2 "," 12-90 km/s. Fe/pt olivine mix. IDEX FM. Det2500. Position 5 ",3," Iron "
8544809,20231214001857.138000000,20231213171857.138000000,1702513137138,1.234140E+4,1.326010E-17,4.596250E-16,7.380530E-8,2.197063E+0," IDEX "," 2023_12_13_run2 "," 12-90 km/s. Fe/pt olivine mix. IDEX FM. Det2500. Position 5 ",5," Iron "
8544815,20231214002141.831999999,20231213172141.831999999,1702513301832,4.560750E+4,4.299365E-19,2.036330E-16,2.353460E-8,2.195833E+0," IDEX "," 2023_12_13_run2 "," 12-90 km/s. Fe/pt olivine mix. IDEX FM. Det2500. Position 5 ",3," Iron "
8544818,20231214002233.645000000,20231213172233.645000000,1702513353645,1.742220E+4,6.832757E-18,4.719870E-16,5.917033E-8,2.197063E+0," IDEX "," 2023_12_13_run2 "," 12-90 km/s. Fe/pt olivine mix. IDEX FM. Det2500. Position 5 ",5," Iron "
8544824,20231214002431.621000000,20231213172431.621000000,1702513471621,1.303990E+4,7.134156E-18,2.760700E-16,6.002786E-8,2.197063E+0," IDEX "," 2023_12_13_run2 "," 12-90 km/s. Fe/pt olivine mix. IDEX FM. Det2500. Position 5 ",4," Iron "
8544829,20231214002657.070999999,20231213172657.070999999,1702513617071,1.328030E+4,8.105134E-18,3.253150E-16,6.263620E-8,2.197063E+0," IDEX "," 2023_12_13_run2 "," 12-90 km/s. Fe/pt olivine mix. IDEX FM. Det2500. Position 5 ",5," Iron "
8544833,20231214003241.015000000,20231213173241.015000000,1702513961015,1.254650E+4,2.817013E-18,1.008600E-16,4.403874E-8,2.198294E+0," IDEX "," 2023_12_13_run2 "," 12-90 km/s. Fe/pt olivine mix. IDEX FM. Det2500. Position 5 ",3," Iron "
8544846,20231214004345.398999999,20231213174345.398999999,1702514625399,1.658850E+4,5.572593E-18,3.487840E-16,5.528294E-8,2.198294E+0," IDEX "," 2023_12_13_run2 "," 12-90 km/s. Fe/pt olivine mix. IDEX FM. Det2500. Position 5 ",5," Iron "
8544851,20231214163223.672999999,20231214093223.672999999,1702571543673,1.948700E+4,1.028372E-17,8.887270E-16,6.780922E-8,2.197063E+0," IDEX "," 2023_12_14_run0 "," 12-90 km/s. Fe/pt olivine mix. IDEX FM. Det2500. Position 5 ",5," Iron "
8544854,20231214163650.776000000,20231214093650.776000000,1702571810776,1.351870E+4,6.468776E-18,2.690420E-16,5.810043E-8,2.197063E+0," IDEX "," 2023_12_14_run0 "," 12-90 km/s. Fe/pt olivine mix. IDEX FM. Det2500. Position 5 ",4," Iron "
8544861,20231214164152.327999999,20231214094152.327999999,1702572112328,1.808670E+4,5.761686E-18,4.291800E-16,5.590129E-8,2.195833E+0," IDEX "," 2023_12_14_run0 "," 12-90 km/s. Fe/pt olivine mix. IDEX FM. Det2500. Position 5 ",5," Iron "
8544865,20231214164403.922999999,20231214094403.922999999,1702572243923,2.381830E+4,4.797392E-18,6.186840E-16,5.259047E-8,2.199524E+0," IDEX "," 2023_12_14_run0 "," 12-90 km/s. Fe/pt olivine mix. IDEX FM. Det2500. Position 5 ",5," Iron "
8544868,20231214164650.152000000,20231214094650.152000000,1702572410152,1.271340E+4,1.145199E-17,4.210070E-16,7.028548E-8,2.198294E+0," IDEX "," 2023_12_14_run0 "," 12-90 km/s. Fe/pt olivine mix. IDEX FM. Det2500. Position 5 ",5," Iron "
8544871,20231214164928.307000000,20231214094928.307000000,1702572568307,1.321340E+4,4.593499E-18,1.825160E-16,5.183461E-8,2.197063E+0," IDEX "," 2023_12_14_run0 "," 12-90 km/s. Fe/pt olivine mix. IDEX FM. Det2500. Position 5 ",4," Iron "
8544872,20231214165007.293000000,20231214095007.293000000,1702572607293,1.821330E+4,7.198742E-18,5.434530E-16,6.020846E-8,2.197063E+0," IDEX "," 2023_12_14_run0 "," 12-90 km/s. Fe/pt olivine mix. IDEX FM. Det2500. Position 5 ",5," Iron "
8544873,20231214165038.484999999,20231214095038.484999999,1702572638485,1.303660E+4,5.237493E-18,2.024590E-16,5.415183E-8,2.198294E+0," IDEX "," 2023_12_14_run0 "," 12-90 km/s. Fe/pt olivine mix. IDEX FM. Det2500. Position 5 ",3," Iron "
8544875,20231214165133.427000000,20231214095133.427000000,1702572693427,2.299930E+4,2.406928E-18,2.897480E-16,4.178878E-8,2.197063E+0," IDEX "," 2023_12_14_run0 "," 12-90 km/s. Fe/pt olivine mix. IDEX FM. Det2500. Position 5 ",5," Iron "
8544877,20231214165433.611000000,20231214095433.611000000,1702572873611,1.375590E+4,1.014463E-17,4.368600E-16,6.750211E-8,2.197063E+0," IDEX "," 2023_12_14_run0 "," 12-90 km/s. Fe/pt olivine mix. IDEX FM. Det2500. Position 5 ",3," Iron "
8544881,20231214165838.944000000,20231214095838.944000000,1702573118944,2.307800E+4,2.299653E-18,2.785760E-16,4.115849E-8,2.198294E+0," IDEX "," 2023_12_14_run0 "," 12-90 km/s. Fe/pt olivine mix. IDEX FM. Det2500. Position 5 ",5," Iron "
8544885,20231214170046.225000000,20231214100046.225000000,1702573246225,1.889090E+4,3.103351E-18,2.518960E-16,4.548299E-8,2.198294E+0," IDEX "," 2023_12_14_run0 "," 12-90 km/s. Fe/pt olivine mix. IDEX FM. Det2500. Position 5 ",5," Iron "
8544887,20231214170230.885999999,20231214100230.885999999,1702573350886,1.326070E+4,6.055471E-18,2.423310E-16,5.683571E-8,2.197063E+0," IDEX "," 2023_12_14_run0 "," 12-90 km/s. Fe/pt olivine mix. IDEX FM. Det2500. Position 5 ",5," Iron "
8544888,20231214170235.541999999,20231214100235.541999999,1702573355542,2.213430E+4,5.742274E-18,6.398830E-16,5.583844E-8,2.198294E+0," IDEX "," 2023_12_14_run0 "," 12-90 km/s. Fe/pt olivine mix. IDEX FM. Det2500. Position 5 ",5," Iron "
8544892,20231214170839.069999999,20231214100839.069999999,1702573719070,1.340540E+4,3.406197E-18,1.393020E-16,4.691682E-8,2.197063E+0," IDEX "," 2023_12_14_run0 "," 12-90 km/s. Fe/pt olivine mix. IDEX FM. Det2500. Position 5 ",3," Iron "
8544899,20231214171402.317999999,20231214101402.317999999,1702574042318,4.617640E+4,2.185821E-18,1.061270E-15,4.046785E-8,2.195833E+0," IDEX "," 2023_12_14_run0 "," 12-90 km/s. Fe/pt olivine mix. IDEX FM. Det2500. Position 5 ",5," Iron "
8544900,20231214171930.604999999,20231214101930.604999999,1702574370605,1.414810E+4,1.146840E-17,5.224290E-16,7.031905E-8,2.197063E+0," IDEX "," 2023_12_14_run0 "," 12-90 km/s. Fe/pt olivine mix. IDEX FM. Det2500. Position 5 ",3," Iron "
8544903,20231214172253.055999999,20231214102253.055999999,1702574573056,1.726700E+4,5.476178E-18,3.713610E-16,5.496225E-8,2.198294E+0," IDEX "," 2023_12_14_run0 "," 12-90 km/s. Fe/pt olivine mix. IDEX FM. Det2500. Position 5 ",5," Iron "
8544904,20231214172316.158000000,20231214102316.158000000,1702574596158,2.001120E+4,5.299855E-18,4.827200E-16,5.436591E-8,2.198294E+0," IDEX "," 2023_12_14_run0 "," 12-90 km/s. Fe/pt olivine mix. IDEX FM. Det2500. Position 5 ",3," Iron "
8544905,20231214172324.692000000,20231214102324.692000000,1702574604692,1.448750E+4,6.723811E-18,3.209870E-16,5.885416E-8,2.198294E+0," IDEX "," 2023_12_14_run0 "," 12-90 km/s. Fe/pt olivine mix. IDEX FM. Det2500. Position 5 ",5," Iron "
8544908,20231214172535.817000000,20231214102535.817000000,1702574735817,1.449900E+4,2.730893E-18,1.307230E-16,4.358532E-8,2.195833E+0," IDEX "," 2023_12_14_run0 "," 12-90 km/s. Fe/pt olivine mix. IDEX FM. Det2500. Position 5 ",5," Iron "
8544912,20231214172919.084999999,20231214102919.084999999,1702574959085,1.379680E+4,4.689074E-18,2.031290E-16,5.219165E-8,2.197063E+0," IDEX "," 2023_12_14_run0 "," 12-90 km/s. Fe/pt olivine mix. IDEX FM. Det2500. Position 5 ",5," Iron "
8544920,20231214173332.876000000,20231214103332.876000000,1702575212876,1.276550E+4,1.363861E-17,5.057940E-16,7.450098E-8,2.197063E+0," IDEX "," 2023_12_14_run0 "," 12-90 km/s. Fe/pt olivine mix. IDEX FM. Det2500. Position 5 ",5," Iron "
8544921,20231214173347.265000000,20231214103347.265000000,1702575227265,8.837830E+3,1.168384E-17,2.076850E-16,7.075665E-8,2.197063E+0," IDEX "," 2023_12_14_run0 "," 12-90 km/s. Fe/pt olivine mix. IDEX FM. Det2500. Position 5 ",5," Iron "
8544923,20231214173405.603000000,20231214103405.603000000,1702575245603,9.336740E+3,1.836210E-17,3.640810E-16,8.226456E-8,2.198294E+0," IDEX "," 2023_12_14_run0 "," 12-90 km/s. Fe/pt olivine mix. IDEX FM. Det2500. Position 5 ",3," Iron "
8544926,20231214173449.717999999,20231214103449.717999999,1702575289718,8.736980E+3,5.308176E-17,9.211070E-16,1.171891E-7,2.199524E+0," IDEX "," 2023_12_14_run0 "," 12-90 km/s. Fe/pt olivine mix. IDEX FM. Det2500. Position 5 ",5," Iron "
8544929,20231214173520.425999999,20231214103520.425999999,1702575320426,1.360590E+4,1.129411E-17,4.752790E-16,6.996099E-8,2.199524E+0," IDEX "," 2023_12_14_run0 "," 12-90 km/s. Fe/pt olivine mix. IDEX FM. Det2500. Position 5 ",5," Iron "
8544930,20231214173525.682999999,20231214103525.682999999,1702575325683,1.181490E+4,3.866735E-18,1.226320E-16,4.894257E-8,2.200754E+0," IDEX "," 2023_12_14_run0 "," 12-90 km/s. Fe/pt olivine mix. IDEX FM. Det2500. Position 5 ",4," Iron "
8544931,20231214173536.469999999,20231214103536.469999999,1702575336470,1.372150E+4,5.472895E-18,2.345030E-16,5.495126E-8,2.197063E+0," IDEX "," 2023_12_14_run0 "," 12-90 km/s. Fe/pt olivine mix. IDEX FM. Det2500. Position 5 ",5," Iron "
8544933,20231214173552.347999999,20231214103552.347999999,1702575352348,1.130610E+4,7.523787E-17,2.188720E-15,1.316389E-7,2.197063E+0," IDEX "," 2023_12_14_run0 "," 12-90 km/s. Fe/pt olivine mix. IDEX FM. Det2500. Position 5 ",5," Iron "
8544935,20231214173630.157000000,20231214103630.157000000,1702575390157,1.033010E+4,1.732478E-18,4.204960E-17,3.745081E-8,2.198294E+0," IDEX "," 2023_12_14_run0 "," 12-90 km/s. Fe/pt olivine mix. IDEX FM. Det2500. Position 5 ",4," Iron "
8544939,20231214173808.405000000,20231214103808.405000000,1702575488405,8.817080E+3,2.431112E-17,4.296320E-16,9.033172E-8,2.199524E+0," IDEX "," 2023_12_14_run0 "," 12-90 km/s. Fe/pt olivine mix. IDEX FM. Det2500. Position 5 ",5," Iron "
8544942,20231214173829.890999999,20231214103829.890999999,1702575509891,1.080690E+4,8.903002E-18,2.364960E-16,6.462752E-8,2.198294E+0," IDEX "," 2023_12_14_run0 "," 12-90 km/s. Fe/pt olivine mix. IDEX FM. Det2500. Position 5 ",5," Iron "
8544947,20231214173921.567999999,20231214103921.567999999,1702575561568,2.387820E+4,3.103755E-18,4.025090E-16,4.548496E-8,2.198294E+0," IDEX "," 2023_12_14_run0 "," 12-90 km/s. Fe/pt olivine mix. IDEX FM. Det2500. Position 5 ",5," Iron "
8544953,20231214174105.510999999,20231214104105.510999999,1702575665511,1.498500E+4,6.112507E-18,3.123640E-16,5.701360E-8,2.197063E+0," IDEX "," 2023_12_14_run0 "," 12-90 km/s. Fe/pt olivine mix. IDEX FM. Det2500. Position 5 ",5," Iron "
8544955,20231214174111.120000000,20231214104111.120000000,1702575671120,1.374060E+4,3.437897E-18,1.476350E-16,4.706192E-8,2.198294E+0," IDEX "," 2023_12_14_run0 "," 12-90 km/s. Fe/pt olivine mix. IDEX FM. Det2500. Position 5 ",5," Iron "
8544958,20231214174151.469999999,20231214104151.469999999,1702575711470,1.635010E+4,3.860815E-18,2.348810E-16,4.891758E-8,2.197063E+0," IDEX "," 2023_12_14_run0 "," 12-90 km/s. Fe/pt olivine mix. IDEX FM. Det2500. Position 5 ",3," Iron "
8544961,20231214174210.328999999,20231214104210.328999999,1702575730329,1.208950E+4,8.860635E-18,2.947200E-16,6.452484E-8,2.197063E+0," IDEX "," 2023_12_14_run0 "," 12-90 km/s. Fe/pt olivine mix. IDEX FM. Det2500. Position 5 ",5," Iron "
8544968,20231214174343.834999999,20231214104343.834999999,1702575823835,1.189660E+4,7.206024E-18,2.320970E-16,6.022876E-8,2.197063E+0," IDEX "," 2023_12_14_run0 "," 12-90 km/s. Fe/pt olivine mix. IDEX FM. Det2500. Position 5 ",5," Iron "
8544969,20231214174346.199000000,20231214104346.199000000,1702575826199,1.145020E+4,2.620207E-17,7.813520E-16,9.261554E-8,2.198294E+0," IDEX "," 2023_12_14_run0 "," 12-90 km/s. Fe/pt olivine mix. IDEX FM. Det2500. Position 5 ",5," Iron "
8544970,20231214174346.469000000,20231214104346.469000000,1702575826469,8.781150E+3,1.011158E-17,1.773400E-16,6.742872E-8,2.198294E+0," IDEX "," 2023_12_14_run0 "," 12-90 km/s. Fe/pt olivine mix. IDEX FM. Det2500. Position 5 ",3," Iron "
8544973,20231214174437.961000000,20231214104437.961000000,1702575877961,8.850330E+3,8.609022E-18,1.534620E-16,6.390820E-8,2.197063E+0," IDEX "," 2023_12_14_run0 "," 12-90 km/s. Fe/pt olivine mix. IDEX FM. Det2500. Position 5 ",3," Iron "
8544974,20231214174447.347000000,20231214104447.347000000,1702575887347,8.095510E+3,9.547316E-18,1.423960E-16,6.615039E-8,2.197063E+0," IDEX "," 2023_12_14_run0 "," 12-90 km/s. Fe/pt olivine mix. IDEX FM. Det2500. Position 5 ",3," Iron "
8544975,20231214174540.427999999,20231214104540.427999999,1702575940428,8.242750E+3,2.355363E-17,3.639880E-16,8.938361E-8,2.198294E+0," IDEX "," 2023_12_14_run0 "," 12-90 km/s. Fe/pt olivine mix. IDEX FM. Det2500. Position 5 ",5," Iron "
8544980,20231214174649.364000000,20231214104649.364000000,1702576009364,8.686550E+3,1.171839E-17,2.012290E-16,7.082631E-8,2.197063E+0," IDEX "," 2023_12_14_run0 "," 12-90 km/s. Fe/pt olivine mix. IDEX FM. Det2500. Position 5 ",4," Iron "
8544981,20231214174703.884000000,20231214104703.884000000,1702576023884,9.655220E+3,9.286542E-18,1.969080E-16,6.554255E-8,2.198294E+0," IDEX "," 2023_12_14_run0 "," 12-90 km/s. Fe/pt olivine mix. IDEX FM. Det2500. Position 5 ",5," Iron "
8544983,20231214174748.216999999,20231214104748.216999999,1702576068217,1.074210E+4,2.976513E-18,7.812160E-17,4.485469E-8,2.198294E+0," IDEX "," 2023_12_14_run0 "," 12-90 km/s. Fe/pt olivine mix. IDEX FM. Det2500. Position 5 ",4," Iron "
8544988,20231214174840.322999999,20231214104840.322999999,1702576120323,1.011860E+4,1.989109E-17,4.632170E-16,8.448733E-8,2.198294E+0," IDEX "," 2023_12_14_run0 "," 12-90 km/s. Fe/pt olivine mix. IDEX FM. Det2500. Position 5 ",5," Iron "
8544994,20231214174921.549000000,20231214104921.549000000,1702576161549,1.058580E+4,1.208847E-17,3.082810E-16,7.156419E-8,2.197063E+0," IDEX "," 2023_12_14_run0 "," 12-90 km/s. Fe/pt olivine mix. IDEX FM. Det2500. Position 5 ",5," Iron "
8544999,20231214175041.725000000,20231214105041.725000000,1702576241725,9.254780E+3,1.720222E-17,3.351210E-16,8.049461E-8,2.198294E+0," IDEX "," 2023_12_14_run0 "," 12-90 km/s. Fe/pt olivine mix. IDEX FM. Det2500. Position 5 ",5," Iron "
8545000,20231214175043.569000000,20231214105043.569000000,1702576243569,1.141050E+4,2.499408E-18,7.401700E-17,4.231728E-8,2.198294E+0," IDEX "," 2023_12_14_run0 "," 12-90 km/s. Fe/pt olivine mix. IDEX FM. Det2500. Position 5 ",3," Iron "
8545001,20231214175044.976999999,20231214105044.976999999,1702576244977,9.417020E+3,8.728557E-18,1.759590E-16,6.420263E-8,2.199524E+0," IDEX "," 2023_12_14_run0 "," 12-90 km/s. Fe/pt olivine mix. IDEX FM. Det2500. Position 5 ",4," Iron "
8545003,20231214175053.660000000,20231214105053.660000000,1702576253660,9.865150E+3,1.338348E-17,2.964180E-16,7.403351E-8,2.197063E+0," IDEX "," 2023_12_14_run0 "," 12-90 km/s. Fe/pt olivine mix. IDEX FM. Det2500. Position 5 ",5," Iron "
8545004,20231214175101.986000000,20231214105101.986000000,1702576261986,8.089370E+3,9.623275E-18,1.431510E-16,6.632536E-8,2.199524E+0," IDEX "," 2023_12_14_run0 "," 12-90 km/s. Fe/pt olivine mix. IDEX FM. Det2500. Position 5 ",3," Iron "
8545005,20231214175112.961000000,20231214105112.961000000,1702576272961,1.077440E+4,8.709748E-18,2.299730E-16,6.415648E-8,2.198294E+0," IDEX "," 2023_12_14_run0 "," 12-90 km/s. Fe/pt olivine mix. IDEX FM. Det2500. Position 5 ",5," Iron "
8545006,20231214175113.395999999,20231214105113.395999999,1702576273396,9.057500E+3,1.023314E-17,1.909460E-16,6.769786E-8,2.198294E+0," IDEX "," 2023_12_14_run0 "," 12-90 km/s. Fe/pt olivine mix. IDEX FM. Det2500. Position 5 ",4," Iron "
8545009,20231214175128.041999999,20231214105128.041999999,1702576288042,9.108340E+3,2.206719E-17,4.161670E-16,8.746233E-8,2.199524E+0," IDEX "," 2023_12_14_run0 "," 12-90 km/s. Fe/pt olivine mix. IDEX FM. Det2500. Position 5 ",3," Iron "
8545013,20231214175156.373000000,20231214105156.373000000,1702576316373,1.053740E+4,1.300042E-17,3.283290E-16,7.332033E-8,2.198294E+0," IDEX "," 2023_12_14_run0 "," 12-90 km/s. Fe/pt olivine mix. IDEX FM. Det2500. Position 5 ",5," Iron "
8545017,20231214175233.391999999,20231214105233.391999999,1702576353392,1.052280E+4,2.800576E-17,7.045460E-16,9.469371E-8,2.200754E+0," IDEX "," 2023_12_14_run0 "," 12-90 km/s. Fe/pt olivine mix. IDEX FM. Det2500. Position 5 ",5," Iron "
8545018,20231214175235.589999999,20231214105235.589999999,1702576355590,1.043560E+4,7.650283E-18,1.892830E-16,6.144188E-8,2.200754E+0," IDEX "," 2023_12_14_run0 "," 12-90 km/s. Fe/pt olivine mix. IDEX FM. Det2500. Position 5 ",5," Iron "
8545020,20231214175249.445999999,20231214105249.445999999,1702576369446,8.345150E+3,1.405592E-17,2.223960E-16,7.525322E-8,2.200754E+0," IDEX "," 2023_12_14_run0 "," 12-90 km/s. Fe/pt olivine mix. IDEX FM. Det2500. Position 5 ",4," Iron "
8545028,20231214175411.111999999,20231214105411.111999999,1702576451112,1.074300E+4,7.882569E-18,2.068050E-16,6.205754E-8,2.199524E+0," IDEX "," 2023_12_14_run0 "," 12-90 km/s. Fe/pt olivine mix. IDEX FM. Det2500. Position 5 ",5," Iron "
8545033,20231214175514.442999999,20231214105514.442999999,1702576514443,8.646170E+3,1.499154E-17,2.550480E-16,7.688721E-8,2.197063E+0," IDEX "," 2023_12_14_run0 "," 12-90 km/s. Fe/pt olivine mix. IDEX FM. Det2500. Position 5 ",4," Iron "
8545035,20231214175515.675999999,20231214105515.675999999,1702576515676,8.471740E+3,8.656078E-18,1.412240E-16,6.402443E-8,2.199524E+0," IDEX "," 2023_12_14_run0 "," 12-90 km/s. Fe/pt olivine mix. IDEX FM. Det2500. Position 5 ",4," Iron "
8545037,20231214175529.361000000,20231214105529.361000000,1702576529361,8.062570E+3,5.629581E-18,8.328200E-17,5.547075E-8,2.197063E+0," IDEX "," 2023_12_14_run0 "," 12-90 km/s. Fe/pt olivine mix. IDEX FM. Det2500. Position 5 ",4," Iron "
8545038,20231214175606.774999999,20231214105606.774999999,1702576566775,1.636640E+4,5.274652E-18,3.215350E-16,5.427960E-8,2.197063E+0," IDEX "," 2023_12_14_run0 "," 12-90 km/s. Fe/pt olivine mix. IDEX FM. Det2500. Position 5 ",4," Iron "
8545039,20231214175607.160000000,20231214105607.160000000,1702576567160,1.404300E+4,9.905950E-18,4.445740E-16,6.696852E-8,2.197063E+0," IDEX "," 2023_12_14_run0 "," 12-90 km/s. Fe/pt olivine mix. IDEX FM. Det2500. Position 5 ",5," Iron "
8545040,20231214175614.097999999,20231214105614.097999999,1702576574098,1.515200E+4,1.848470E-17,9.663260E-16,8.244724E-8,2.195833E+0," IDEX "," 2023_12_14_run0 "," 12-90 km/s. Fe/pt olivine mix. IDEX FM. Det2500. Position 5 ",5," Iron "
8545041,20231214175614.535999999,20231214105614.535999999,1702576574536,8.498580E+3,1.598417E-17,2.628780E-16,7.854805E-8,2.195833E+0," IDEX "," 2023_12_14_run0 "," 12-90 km/s. Fe/pt olivine mix. IDEX FM. Det2500. Position 5 ",5," Iron "
8545044,20231214175655.236000000,20231214105655.236000000,1702576615236,1.183160E+4,6.012510E-18,1.915450E-16,5.670098E-8,2.197063E+0," IDEX "," 2023_12_14_run0 "," 12-90 km/s. Fe/pt olivine mix. IDEX FM. Det2500. Position 5 ",3," Iron "
8545046,20231214175715.932999999,20231214105715.932999999,1702576635933,8.986080E+3,2.508305E-17,4.606870E-16,9.127786E-8,2.198294E+0," IDEX "," 2023_12_14_run0 "," 12-90 km/s. Fe/pt olivine mix. IDEX FM. Det2500. Position 5 ",5," Iron "
8545055,20231214175928.912999999,20231214105928.912999999,1702576768913,1.017470E+4,2.966547E-18,6.989120E-17,4.480458E-8,2.197063E+0," IDEX "," 2023_12_14_run0 "," 12-90 km/s. Fe/pt olivine mix. IDEX FM. Det2500. Position 5 ",4," Iron "
8545061,20231214180049.006999999,20231214110049.006999999,1702576849007,8.476110E+3,2.292728E-17,3.748640E-16,8.858417E-8,2.197063E+0," IDEX "," 2023_12_14_run0 "," 12-90 km/s. Fe/pt olivine mix. IDEX FM. Det2500. Position 5 ",5," Iron "
8545062,20231214180049.972999999,20231214110049.972999999,1702576849973,1.122020E+4,3.583033E-18,1.026550E-16,4.771507E-8,2.197063E+0," IDEX "," 2023_12_14_run0 "," 12-90 km/s. Fe/pt olivine mix. IDEX FM. Det2500. Position 5 ",4," Iron "
8545067,20231214180151.112999999,20231214110151.112999999,1702576911113,1.305850E+4,1.899161E-17,7.361910E-16,8.319412E-8,2.199524E+0," IDEX "," 2023_12_14_run0 "," 12-90 km/s. Fe/pt olivine mix. IDEX FM. Det2500. Position 5 ",5," Iron "
8545078,20231214180403.300000000,20231214110403.300000000,1702577043300,2.980570E+4,2.738043E-17,5.535630E-15,9.398361E-8,2.197063E+0," IDEX "," 2023_12_14_run0 "," 12-90 km/s. Fe/pt olivine mix. IDEX FM. Det2500. Position 5 ",5," Iron "
8545080,20231214180418.206999999,20231214110418.206999999,1702577058207,8.938810E+3,1.963675E-17,3.570730E-16,8.412567E-8,2.197063E+0," IDEX "," 2023_12_14_run0 "," 12-90 km/s. Fe/pt olivine mix. IDEX FM. Det2500. Position 5 ",4," Iron "
8545086,20231214180515.490999999,20231214110515.490999999,1702577115491,1.103490E+4,3.694175E-18,1.023150E-16,4.820341E-8,2.198294E+0," IDEX "," 2023_12_14_run0 "," 12-90 km/s. Fe/pt olivine mix. IDEX FM. Det2500. Position 5 ",4," Iron "
8545087,20231214180518.651000000,20231214110518.651000000,1702577118651,1.469790E+4,4.873399E-18,2.394570E-16,5.286675E-8,2.198294E+0," IDEX "," 2023_12_14_run0 "," 12-90 km/s. Fe/pt olivine mix. IDEX FM. Det2500. Position 5 ",5," Iron "
8545091,20231214180625.225000000,20231214110625.225000000,1702577185225,1.234350E+4,1.016108E-17,3.523260E-16,6.753859E-8,2.197063E+0," IDEX "," 2023_12_14_run0 "," 12-90 km/s. Fe/pt olivine mix. IDEX FM. Det2500. Position 5 ",5," Iron "
8545093,20231214180639.174000000,20231214110639.174000000,1702577199174,8.576590E+3,9.680901E-18,1.620590E-16,6.645749E-8,2.197063E+0," IDEX "," 2023_12_14_run0 "," 12-90 km/s. Fe/pt olivine mix. IDEX FM. Det2500. Position 5 ",4," Iron "
8545094,20231214180655.317999999,20231214110655.317999999,1702577215318,8.061090E+3,9.584055E-18,1.417310E-16,6.623513E-8,2.197063E+0," IDEX "," 2023_12_14_run0 "," 12-90 km/s. Fe/pt olivine mix. IDEX FM. Det2500. Position 5 ",4," Iron "
8545100,20231214180751.805999999,20231214110751.805999999,1702577271806,1.580680E+4,3.766699E-18,2.142990E-16,4.851682E-8,2.195833E+0," IDEX "," 2023_12_14_run0 "," 12-90 km/s. Fe/pt olivine mix. IDEX FM. Det2500. Position 5 ",5," Iron "
8545101,20231214180805.577000000,20231214110805.577000000,1702577285577,9.738210E+3,7.330945E-18,1.581260E-16,6.057480E-8,2.198294E+0," IDEX "," 2023_12_14_run0 "," 12-90 km/s. Fe/pt olivine mix. IDEX FM. Det2500. Position 5 ",5," Iron "
8545104,20231214180825.322000000,20231214110825.322000000,1702577305322,8.282220E+3,7.834257E-18,1.222980E-16,6.193050E-8,2.197063E+0," IDEX "," 2023_12_14_run0 "," 12-90 km/s. Fe/pt olivine mix. IDEX FM. Det2500. Position 5 ",4," Iron "
8545107,20231214180851.981999999,20231214110851.981999999,1702577331982,9.178090E+3,8.140260E-18,1.561400E-16,6.272656E-8,2.195833E+0," IDEX "," 2023_12_14_run0 "," 12-90 km/s. Fe/pt olivine mix. IDEX FM. Det2500. Position 5 ",3," Iron "
8545110,20231214180907.334999999,20231214110907.334999999,1702577347335,1.008750E+4,1.158981E-17,2.682430E-16,7.056632E-8,2.198294E+0," IDEX "," 2023_12_14_run0 "," 12-90 km/s. Fe/pt olivine mix. IDEX FM. Det2500. Position 5 ",4," Iron "
8545115,20231214180950.052000000,20231214110950.052000000,1702577390052,9.544670E+3,9.028940E-18,1.870870E-16,6.493082E-8,2.198294E+0," IDEX "," 2023_12_14_run0 "," 12-90 km/s. Fe/pt olivine mix. IDEX FM. Det2500. Position 5 ",5," Iron "
8545120,20231214181021.895000000,20231214111021.895000000,1702577421895,1.917800E+4,3.381075E-18,2.830020E-16,4.680119E-8,2.197063E+0," IDEX "," 2023_12_14_run0 "," 12-90 km/s. Fe/pt olivine mix. IDEX FM. Det2500. Position 5 ",5," Iron "
8545122,20231214181034.876000000,20231214111034.876000000,1702577434876,1.026420E+4,1.358713E-17,3.254020E-16,7.440714E-8,2.199524E+0," IDEX "," 2023_12_14_run0 "," 12-90 km/s. Fe/pt olivine mix. IDEX FM. Det2500. Position 5 ",5," Iron "
8545126,20231214181108.557000000,20231214111108.557000000,1702577468557,1.359050E+4,4.563837E-18,1.919430E-16,5.172280E-8,2.195833E+0," IDEX "," 2023_12_14_run0 "," 12-90 km/s. Fe/pt olivine mix. IDEX FM. Det2500. Position 5 ",4," Iron "
8545132,20231214181149.699999999,20231214111149.699999999,1702577509700,8.402950E+3,9.112270E-18,1.464260E-16,6.512997E-8,2.197063E+0," IDEX "," 2023_12_14_run0 "," 12-90 km/s. Fe/pt olivine mix. IDEX FM. Det2500. Position 5 ",5," Iron "
8545133,20231214181153.475000000,20231214111153.475000000,1702577513475,1.005760E+4,1.518377E-17,3.493440E-16,7.721444E-8,2.198294E+0," IDEX "," 2023_12_14_run0 "," 12-90 km/s. Fe/pt olivine mix. IDEX FM. Det2500. Position 5 ",5," Iron "
8545136,20231214181225.930999999,20231214111225.930999999,1702577545931,1.113020E+4,7.532563E-18,2.123620E-16,6.112510E-8,2.197063E+0," IDEX "," 2023_12_14_run0 "," 12-90 km/s. Fe/pt olivine mix. IDEX FM. Det2500. Position 5 ",3," Iron "
8545140,20231214181314.262000000,20231214111314.262000000,1702577594262,1.111360E+4,3.513296E-17,9.869820E-16,1.021277E-7,2.198294E+0," IDEX "," 2023_12_14_run0 "," 12-90 km/s. Fe/pt olivine mix. IDEX FM. Det2500. Position 5 ",5," Iron "
8545144,20231214181336.893999999,20231214111336.893999999,1702577616894,1.169270E+4,7.118981E-18,2.213770E-16,5.998527E-8,2.198294E+0," IDEX "," 2023_12_14_run0 "," 12-90 km/s. Fe/pt olivine mix. IDEX FM. Det2500. Position 5 ",5," Iron "
8545145,20231214181352.591999999,20231214111352.591999999,1702577632592,9.992900E+3,1.506116E-16,3.420790E-15,1.659045E-7,2.198294E+0," IDEX "," 2023_12_14_run0 "," 12-90 km/s. Fe/pt olivine mix. IDEX FM. Det2500. Position 5 ",5," Iron "
8545160,20231214181600.662000000,20231214111600.662000000,1702577760662,8.520430E+3,6.623708E-18,1.094340E-16,5.856063E-8,2.197063E+0," IDEX "," 2023_12_14_run0 "," 12-90 km/s. Fe/pt olivine mix. IDEX FM. Det2500. Position 5 ",5," Iron "
8545167,20231214181754.086000000,20231214111754.086000000,1702577874086,1.179160E+4,7.321562E-18,2.316740E-16,6.054894E-8,2.197063E+0," IDEX "," 2023_12_14_run0 "," 12-90 km/s. Fe/pt olivine mix. IDEX FM. Det2500. Position 5 ",3," Iron "
8545170,20231214181817.765999999,20231214111817.765999999,1702577897766,1.254330E+4,2.891831E-18,1.034860E-16,4.442523E-8,2.198294E+0," IDEX "," 2023_12_14_run0 "," 12-90 km/s. Fe/pt olivine mix. IDEX FM. Det2500. Position 5 ",4," Iron "
8545171,20231214181823.466000000,20231214111823.466000000,1702577903466,1.091820E+4,1.086927E-17,2.947050E-16,6.907254E-8,2.198294E+0," IDEX "," 2023_12_14_run0 "," 12-90 km/s. Fe/pt olivine mix. IDEX FM. Det2500. Position 5 ",4," Iron "
8545172,20231214181826.532000000,20231214111826.532000000,1702577906532,1.455300E+4,8.473498E-18,4.081810E-16,6.357108E-8,2.198294E+0," IDEX "," 2023_12_14_run0 "," 12-90 km/s. Fe/pt olivine mix. IDEX FM. Det2500. Position 5 ",5," Iron "
8545176,20231214181857.594000000,20231214111857.594000000,1702577937594,1.454870E+4,7.834132E-18,3.773700E-16,6.193017E-8,2.197063E+0," IDEX "," 2023_12_14_run0 "," 12-90 km/s. Fe/pt olivine mix. IDEX FM. Det2500. Position 5 ",5," Iron "
8545179,20231214181920.746999999,20231214111920.746999999,1702577960747,8.709960E+3,6.024366E-18,1.039510E-16,5.673823E-8,2.198294E+0," IDEX "," 2023_12_14_run0 "," 12-90 km/s. Fe/pt olivine mix. IDEX FM. Det2500. Position 5 ",3," Iron "
8545182,20231214181927.939999999,20231214111927.939999999,1702577967940,8.037260E+3,1.259086E-17,1.850970E-16,7.254215E-8,2.197063E+0," IDEX "," 2023_12_14_run0 "," 12-90 km/s. Fe/pt olivine mix. IDEX FM. Det2500. Position 5 ",4," Iron "
8545183,20231214181929.259000000,20231214111929.259000000,1702577969259,1.178250E+4,2.072309E-17,6.547230E-16,8.564924E-8,2.197063E+0," IDEX "," 2023_12_14_run0 "," 12-90 km/s. Fe/pt olivine mix. IDEX FM. Det2500. Position 5 ",5," Iron "
8545185,20231214181939.802000000,20231214111939.802000000,1702577979802,1.164840E+4,4.574884E-18,1.412670E-16,5.176450E-8,2.197063E+0," IDEX "," 2023_12_14_run0 "," 12-90 km/s. Fe/pt olivine mix. IDEX FM. Det2500. Position 5 ",4," Iron "
8545212,20231214182413.990999999,20231214112413.990999999,1702578253991,1.011080E+4,3.282533E-17,7.632470E-16,9.984087E-8,2.198294E+0," IDEX "," 2023_12_14_run0 "," 12-90 km/s. Fe/pt olivine mix. IDEX FM. Det2500. Position 5 ",5," Iron "
8545223,20231214182521.013000000,20231214112521.013000000,1702578321013,8.281180E+3,1.097160E-17,1.712310E-16,6.928863E-8,2.197063E+0," IDEX "," 2023_12_14_run0 "," 12-90 km/s. Fe/pt olivine mix. IDEX FM. Det2500. Position 5 ",4," Iron "
8545226,20231214182527.444999999,20231214112527.444999999,1702578327445,1.010740E+4,5.869376E-18,1.364580E-16,5.624743E-8,2.197063E+0," IDEX "," 2023_12_14_run0 "," 12-90 km/s. Fe/pt olivine mix. IDEX FM. Det2500. Position 5 ",4," Iron "
8545235,20231214182631.620000000,20231214112631.620000000,1702578391620,1.256050E+4,4.853076E-18,1.741470E-16,5.279317E-8,2.198294E+0," IDEX "," 2023_12_14_run0 "," 12-90 km/s. Fe/pt olivine mix. IDEX FM. Det2500. Position 5 ",5," Iron "
8545245,20231214182753.722000000,20231214112753.722000000,1702578473722,1.141280E+4,2.152775E-17,6.381330E-16,8.674376E-8,2.197063E+0," IDEX "," 2023_12_14_run0 "," 12-90 km/s. Fe/pt olivine mix. IDEX FM. Det2500. Position 5 ",5," Iron "
8545247,20231214182821.361000000,20231214112821.361000000,1702578501361,8.140130E+3,1.099476E-17,1.657970E-16,6.933736E-8,2.197063E+0," IDEX "," 2023_12_14_run0 "," 12-90 km/s. Fe/pt olivine mix. IDEX FM. Det2500. Position 5 ",4," Iron "
8545248,20231214182830.836000000,20231214112830.836000000,1702578510836,9.232890E+3,9.144051E-17,1.772960E-15,1.404812E-7,2.198294E+0," IDEX "," 2023_12_14_run0 "," 12-90 km/s. Fe/pt olivine mix. IDEX FM. Det2500. Position 5 ",4," Iron "
8545250,20231214182847.239000000,20231214112847.239000000,1702578527239,1.365970E+4,7.685636E-18,3.259900E-16,6.153638E-8,2.199524E+0," IDEX "," 2023_12_14_run0 "," 12-90 km/s. Fe/pt olivine mix. IDEX FM. Det2500. Position 5 ",5," Iron "
8545252,20231214182906.706000000,20231214112906.706000000,1702578546706,1.428880E+4,1.472932E-17,6.843880E-16,7.643629E-8,2.197063E+0," IDEX "," 2023_12_14_run0 "," 12-90 km/s. Fe/pt olivine mix. IDEX FM. Det2500. Position 5 ",5," Iron "
8545253,20231214182911.882999999,20231214112911.882999999,1702578551883,1.784490E+4,7.476589E-18,5.418260E-16,6.097331E-8,2.197063E+0," IDEX "," 2023_12_14_run0 "," 12-90 km/s. Fe/pt olivine mix. IDEX FM. Det2500. Position 5 ",5," Iron "
8545259,20231214182954.341999999,20231214112954.341999999,1702578594342,1.056140E+4,8.938790E-18,2.269080E-16,6.471400E-8,2.197063E+0," IDEX "," 2023_12_14_run0 "," 12-90 km/s. Fe/pt olivine mix. IDEX FM. Det2500. Position 5 ",5," Iron "
8545264,20231214183035.651000000,20231214113035.651000000,1702578635651,9.569920E+3,7.794776E-18,1.622790E-16,6.182629E-8,2.199524E+0," IDEX "," 2023_12_14_run0 "," 12-90 km/s. Fe/pt olivine mix. IDEX FM. Det2500. Position 5 ",5," Iron "
8545265,20231214183045.037000000,20231214113045.037000000,1702578645037,1.772370E+4,6.235741E-18,4.450370E-16,5.739420E-8,2.200754E+0," IDEX "," 2023_12_14_run0 "," 12-90 km/s. Fe/pt olivine mix. IDEX FM. Det2500. Position 5 ",5," Iron "
8545266,20231214183054.950999999,20231214113054.950999999,1702578654951,9.965880E+3,1.044440E-17,2.359390E-16,6.816056E-8,2.198294E+0," IDEX "," 2023_12_14_run0 "," 12-90 km/s. Fe/pt olivine mix. IDEX FM. Det2500. Position 5 ",5," Iron "
8545278,20231214183145.924000000,20231214113145.924000000,1702578705924,8.937800E+3,1.371640E-17,2.492220E-16,7.464236E-8,2.198294E+0," IDEX "," 2023_12_14_run0 "," 12-90 km/s. Fe/pt olivine mix. IDEX FM. Det2500. Position 5 ",4," Iron "
8545281,20231214183321.356000000,20231214113321.356000000,1702578801356,8.322780E+3,1.373642E-17,2.164190E-16,7.467865E-8,2.198294E+0," IDEX "," 2023_12_14_run0 "," 12-90 km/s. Fe/pt olivine mix. IDEX FM. Det2500. Position 5 ",5," Iron "
8545291,20231214183444.868000000,20231214113444.868000000,1702578884868,1.056000E+4,5.443958E-18,1.380790E-16,5.485424E-8,2.198294E+0," IDEX "," 2023_12_14_run0 "," 12-90 km/s. Fe/pt olivine mix. IDEX FM. Det2500. Position 5 ",4," Iron "
8545292,20231214183448.984999999,20231214113448.984999999,1702578888985,1.132920E+4,1.083892E-17,3.164240E-16,6.900819E-8,2.198294E+0," IDEX "," 2023_12_14_run0 "," 12-90 km/s. Fe/pt olivine mix. IDEX FM. Det2500. Position 5 ",5," Iron "
8545293,20231214183449.250000000,20231214113449.250000000,1702578889250,9.676550E+3,2.890460E-17,6.155920E-16,9.569611E-8,2.198294E+0," IDEX "," 2023_12_14_run0 "," 12-90 km/s. Fe/pt olivine mix. IDEX FM. Det2500. Position 5 ",5," Iron "
8545300,20231214183518.283999999,20231214113518.283999999,1702578918284,1.488650E+4,5.007600E-18,2.522650E-16,5.334764E-8,2.199524E+0," IDEX "," 2023_12_14_run0 "," 12-90 km/s. Fe/pt olivine mix. IDEX FM. Det2500. Position 5 ",4," Iron "
8545301,20231214183519.953999999,20231214113519.953999999,1702578919954,8.371910E+3,8.237929E-18,1.312530E-16,6.297643E-8,2.199524E+0," IDEX "," 2023_12_14_run0 "," 12-90 km/s. Fe/pt olivine mix. IDEX FM. Det2500. Position 5 ",5," Iron "
8545302,20231214183528.544999999,20231214113528.544999999,1702578928545,1.008160E+4,5.678062E-18,1.313370E-16,5.562953E-8,2.197063E+0," IDEX "," 2023_12_14_run0 "," 12-90 km/s. Fe/pt olivine mix. IDEX FM. Det2500. Position 5 ",4," Iron "
8545312,20231214183631.533000000,20231214113631.533000000,1702578991533,8.009670E+3,3.259528E-17,4.758960E-16,9.960709E-8,2.197063E+0," IDEX "," 2023_12_14_run0 "," 12-90 km/s. Fe/pt olivine mix. IDEX FM. Det2500. Position 5 ",5," Iron "
8545331,20231214183820.212000000,20231214113820.212000000,1702579100212,9.929240E+3,7.691555E-18,1.724770E-16,6.155217E-8,2.198294E+0," IDEX "," 2023_12_14_run0 "," 12-90 km/s. Fe/pt olivine mix. IDEX FM. Det2500. Position 5 ",4," Iron "
8545334,20231214183846.611000000,20231214113846.611000000,1702579126611,8.257250E+3,1.024470E-17,1.587860E-16,6.772335E-8,2.199524E+0," IDEX "," 2023_12_14_run0 "," 12-90 km/s. Fe/pt olivine mix. IDEX FM. Det2500. Position 5 ",5," Iron "
8545337,20231214183918.456999999,20231214113918.456999999,1702579158457,1.194230E+4,4.760791E-18,1.546060E-16,5.245639E-8,2.195833E+0," IDEX "," 2023_12_14_run0 "," 12-90 km/s. Fe/pt olivine mix. IDEX FM. Det2500. Position 5 ",3," Iron "
8545344,20231214184014.856999999,20231214114014.856999999,1702579214857,9.542130E+3,1.127372E-17,2.336070E-16,6.991887E-8,2.197063E+0," IDEX "," 2023_12_14_run0 "," 12-90 km/s. Fe/pt olivine mix. IDEX FM. Det2500. Position 5 ",5," Iron "
8545349,20231214184045.912000000,20231214114045.912000000,1702579245912,8.988120E+3,7.674098E-18,1.410890E-16,6.150557E-8,2.197063E+0," IDEX "," 2023_12_14_run0 "," 12-90 km/s. Fe/pt olivine mix. IDEX FM. Det2500. Position 5 ",5," Iron "
8545358,20231214184158.458000000,20231214114158.458000000,1702579318458,8.299830E+3,1.262609E-17,1.978300E-16,7.260974E-8,2.198294E+0," IDEX "," 2023_12_14_run0 "," 12-90 km/s. Fe/pt olivine mix. IDEX FM. Det2500. Position 5 ",5," Iron "
8545363,20231214184216.675000000,20231214114216.675000000,1702579336675,9.741580E+3,7.983611E-18,1.723230E-16,6.232158E-8,2.198294E+0," IDEX "," 2023_12_14_run0 "," 12-90 km/s. Fe/pt olivine mix. IDEX FM. Det2500. Position 5 ",4," Iron "
8545372,20231214184340.300999999,20231214114340.300999999,1702579420301,8.458290E+3,1.106829E-17,1.801070E-16,6.949157E-8,2.198294E+0," IDEX "," 2023_12_14_run0 "," 12-90 km/s. Fe/pt olivine mix. IDEX FM. Det2500. Position 5 ",5," Iron "
8545374,20231214184352.584000000,20231214114352.584000000,1702579432584,1.171320E+4,1.278992E-17,3.993440E-16,7.292246E-8,2.197063E+0," IDEX "," 2023_12_14_run0 "," 12-90 km/s. Fe/pt olivine mix. IDEX FM. Det2500. Position 5 ",4," Iron "
8545377,20231214184413.277999999,20231214114413.277999999,1702579453278,8.096840E+3,1.834297E-17,2.736710E-16,8.223598E-8,2.197063E+0," IDEX "," 2023_12_14_run0 "," 12-90 km/s. Fe/pt olivine mix. IDEX FM. Det2500. Position 5 ",3," Iron "
8545378,20231214184419.243000000,20231214114419.243000000,1702579459243,1.760500E+4,4.168995E-18,2.940570E-16,5.018599E-8,2.197063E+0," IDEX "," 2023_12_14_run0 "," 12-90 km/s. Fe/pt olivine mix. IDEX FM. Det2500. Position 5 ",5," Iron "
8545380,20231214184428.018000000,20231214114428.018000000,1702579468018,1.191200E+4,1.120107E-17,3.617070E-16,6.976835E-8,2.197063E+0," IDEX "," 2023_12_14_run0 "," 12-90 km/s. Fe/pt olivine mix. IDEX FM. Det2500. Position 5 ",5," Iron "
8545395,20231214184539.422999999,20231214114539.422999999,1702579539423,8.592290E+3,2.635407E-17,4.425380E-16,9.279428E-8,2.198294E+0," IDEX "," 2023_12_14_run0 "," 12-90 km/s. Fe/pt olivine mix. IDEX FM. Det2500. Position 5 ",5," Iron "
8545397,20231214184552.490999999,20231214114552.490999999,1702579552491,8.545730E+3,7.813358E-18,1.297840E-16,6.187538E-8,2.198294E+0," IDEX "," 2023_12_14_run0 "," 12-90 km/s. Fe/pt olivine mix. IDEX FM. Det2500. Position 5 ",4," Iron "
8545398,20231214184607.837000000,20231214114607.837000000,1702579567837,1.235660E+4,5.477788E-18,1.902340E-16,5.496764E-8,2.198294E+0," IDEX "," 2023_12_14_run0 "," 12-90 km/s. Fe/pt olivine mix. IDEX FM. Det2500. Position 5 ",5," Iron "
8545400,20231214184648.015000000,20231214114648.015000000,1702579608015,2.464530E+4,1.005066E-17,1.387730E-15,6.729304E-8,2.199524E+0," IDEX "," 2023_12_14_run0 "," 12-90 km/s. Fe/pt olivine mix. IDEX FM. Det2500. Position 5 ",5," Iron "
8545405,20231214184720.827999999,20231214114720.827999999,1702579640828,8.371550E+3,2.304192E-17,3.670900E-16,8.873158E-8,2.199524E+0," IDEX "," 2023_12_14_run0 "," 12-90 km/s. Fe/pt olivine mix. IDEX FM. Det2500. Position 5 ",5," Iron "
8545406,20231214184720.998999999,20231214114720.998999999,1702579640999,8.291970E+3,1.352973E-17,2.114690E-16,7.430221E-8,2.199524E+0," IDEX "," 2023_12_14_run0 "," 12-90 km/s. Fe/pt olivine mix. IDEX FM. Det2500. Position 5 ",4," Iron "
8545409,20231214184742.066000000,20231214114742.066000000,1702579662066,9.284200E+3,7.375540E-18,1.445190E-16,6.069738E-8,2.199524E+0," IDEX "," 2023_12_14_run0 "," 12-90 km/s. Fe/pt olivine mix. IDEX FM. Det2500. Position 5 ",4," Iron "
8545412,20231214184829.506999999,20231214114829.506999999,1702579709507,1.008540E+4,9.432285E-18,2.183390E-16,6.588365E-8,2.197063E+0," IDEX "," 2023_12_14_run0 "," 12-90 km/s. Fe/pt olivine mix. IDEX FM. Det2500. Position 5 ",4," Iron "
8545422,20231214184910.092999999,20231214114910.092999999,1702579750093,9.145310E+3,8.998364E-18,1.711770E-16,6.485745E-8,2.198294E+0," IDEX "," 2023_12_14_run0 "," 12-90 km/s. Fe/pt olivine mix. IDEX FM. Det2500. Position 5 ",3," Iron "
8545435,20231214185016.430000000,20231214115016.430000000,1702579816430,8.230010E+3,3.660193E-17,5.638840E-16,1.035317E-7,2.198294E+0," IDEX "," 2023_12_14_run0 "," 12-90 km/s. Fe/pt olivine mix. IDEX FM. Det2500. Position 5 ",5," Iron "
8545440,20231214185032.665000000,20231214115032.665000000,1702579832665,1.230300E+4,4.884010E-18,1.682390E-16,5.290509E-8,2.197063E+0," IDEX "," 2023_12_14_run0 "," 12-90 km/s. Fe/pt olivine mix. IDEX FM. Det2500. Position 5 ",5," Iron "
8545441,20231214185033.277000000,20231214115033.277000000,1702579833277,1.336070E+4,1.492764E-17,6.064260E-16,7.677782E-8,2.197063E+0," IDEX "," 2023_12_14_run0 "," 12-90 km/s. Fe/pt olivine mix. IDEX FM. Det2500. Position 5 ",5," Iron "
8545442,20231214185035.993999999,20231214115035.993999999,1702579835994,8.765140E+3,8.464328E-17,1.479920E-15,1.369103E-7,2.197063E+0," IDEX "," 2023_12_14_run0 "," 12-90 km/s. Fe/pt olivine mix. IDEX FM. Det2500. Position 5 ",5," Iron "
8545447,20231214185100.558999999,20231214115100.558999999,1702579860559,9.981270E+3,7.458706E-18,1.690130E-16,6.092466E-8,2.198294E+0," IDEX "," 2023_12_14_run0 "," 12-90 km/s. Fe/pt olivine mix. IDEX FM. Det2500. Position 5 ",5," Iron "
8545451,20231214185117.489999999,20231214115117.489999999,1702579877490,8.776850E+3,9.370116E-18,1.642670E-16,6.573858E-8,2.197063E+0," IDEX "," 2023_12_14_run0 "," 12-90 km/s. Fe/pt olivine mix. IDEX FM. Det2500. Position 5 ",5," Iron "
8545452,20231214185118.279000000,20231214115118.279000000,1702579878279,1.367440E+4,2.215286E-17,9.427020E-16,8.757536E-8,2.197063E+0," IDEX "," 2023_12_14_run0 "," 12-90 km/s. Fe/pt olivine mix. IDEX FM. Det2500. Position 5 ",5," Iron "
8545456,20231214185145.027999999,20231214115145.027999999,1702579905028,1.298710E+4,4.466552E-18,1.714450E-16,5.135264E-8,2.197063E+0," IDEX "," 2023_12_14_run0 "," 12-90 km/s. Fe/pt olivine mix. IDEX FM. Det2500. Position 5 ",5," Iron "
8545460,20231214185156.171000000,20231214115156.171000000,1702579916171,1.448940E+4,6.808282E-18,3.249230E-16,5.909960E-8,2.199524E+0," IDEX "," 2023_12_14_run0 "," 12-90 km/s. Fe/pt olivine mix. IDEX FM. Det2500. Position 5 ",5," Iron "
8545462,20231214185214.242000000,20231214115214.242000000,1702579934242,9.595310E+3,1.512581E-17,3.169310E-16,7.711607E-8,2.197063E+0," IDEX "," 2023_12_14_run0 "," 12-90 km/s. Fe/pt olivine mix. IDEX FM. Det2500. Position 5 ",5," Iron "
8545473,20231214185301.259000000,20231214115301.259000000,1702579981259,8.245850E+3,5.472466E-18,8.458550E-17,5.494983E-8,2.199524E+0," IDEX "," 2023_12_14_run0 "," 12-90 km/s. Fe/pt olivine mix. IDEX FM. Det2500. Position 5 ",3," Iron "
8545475,20231214185313.452000000,20231214115313.452000000,1702579993452,8.375110E+3,1.154334E-17,1.842640E-16,7.047186E-8,2.197063E+0," IDEX "," 2023_12_14_run0 "," 12-90 km/s. Fe/pt olivine mix. IDEX FM. Det2500. Position 5 ",3," Iron "
8545481,20231214185415.297999999,20231214115415.297999999,1702580055298,8.359130E+3,7.197044E-18,1.144470E-16,6.020372E-8,2.197063E+0," IDEX "," 2023_12_14_run0 "," 12-90 km/s. Fe/pt olivine mix. IDEX FM. Det2500. Position 5 ",5," Iron "
8545493,20231214185554.506000000,20231214115554.506000000,1702580154506,8.548690E+3,8.234694E-18,1.369540E-16,6.296818E-8,2.197063E+0," IDEX "," 2023_12_14_run0 "," 12-90 km/s. Fe/pt olivine mix. IDEX FM. Det2500. Position 5 ",3," Iron "
8545494,20231214185558.015999999,20231214115558.015999999,1702580158016,9.984810E+3,4.361806E-18,9.890790E-17,5.094804E-8,2.198294E+0," IDEX "," 2023_12_14_run0 "," 12-90 km/s. Fe/pt olivine mix. IDEX FM. Det2500. Position 5 ",3," Iron "
8545495,20231214185600.910999999,20231214115600.910999999,1702580160911,2.205380E+4,3.506795E-18,3.879380E-16,4.737423E-8,2.198294E+0," IDEX "," 2023_12_14_run0 "," 12-90 km/s. Fe/pt olivine mix. IDEX FM. Det2500. Position 5 ",5," Iron "
8545500,20231214185638.101000000,20231214115638.101000000,1702580198101,1.939020E+4,2.663944E-18,2.278110E-16,4.322620E-8,2.198294E+0," IDEX "," 2023_12_14_run0 "," 12-90 km/s. Fe/pt olivine mix. IDEX FM. Det2500. Position 5 ",5," Iron "
8545503,20231214185648.626999999,20231214115648.626999999,1702580208627,9.871810E+3,1.065672E-17,2.360800E-16,6.861934E-8,2.199524E+0," IDEX "," 2023_12_14_run0 "," 12-90 km/s. Fe/pt olivine mix. IDEX FM. Det2500. Position 5 ",5," Iron "
8545512,20231214185733.540999999,20231214115733.540999999,1702580253541,1.458260E+4,5.109855E-18,2.472900E-16,5.370831E-8,2.197063E+0," IDEX "," 2023_12_14_run0 "," 12-90 km/s. Fe/pt olivine mix. IDEX FM. Det2500. Position 5 ",5," Iron "
8545527,20231214185816.256000000,20231214115816.256000000,1702580296256,8.792310E+3,1.161043E-17,2.040310E-16,7.060813E-8,2.199524E+0," IDEX "," 2023_12_14_run0 "," 12-90 km/s. Fe/pt olivine mix. IDEX FM. Det2500. Position 5 ",4," Iron "
8545531,20231214185821.695999999,20231214115821.695999999,1702580301696,1.377320E+4,7.161334E-18,3.089930E-16,6.010399E-8,2.198294E+0," IDEX "," 2023_12_14_run0 "," 12-90 km/s. Fe/pt olivine mix. IDEX FM. Det2500. Position 5 ",5," Iron "
8545534,20231214185835.378000000,20231214115835.378000000,1702580315378,1.271770E+4,3.930067E-18,1.445780E-16,4.920834E-8,2.198294E+0," IDEX "," 2023_12_14_run0 "," 12-90 km/s. Fe/pt olivine mix. IDEX FM. Det2500. Position 5 ",5," Iron "
8545538,20231214185901.168999999,20231214115901.168999999,1702580341169,1.686840E+4,8.475358E-18,5.485180E-16,6.357573E-8,2.198294E+0," IDEX "," 2023_12_14_run0 "," 12-90 km/s. Fe/pt olivine mix. IDEX FM. Det2500. Position 5 ",5," Iron "
8545546,20231214185934.941000000,20231214115934.941000000,1702580374941,9.767880E+3,7.947314E-18,1.724670E-16,6.222699E-8,2.198294E+0," IDEX "," 2023_12_14_run0 "," 12-90 km/s. Fe/pt olivine mix. IDEX FM. Det2500. Position 5 ",3," Iron "
8545548,20231214190001.774999999,20231214120001.774999999,1702580401775,9.678450E+3,4.556312E-18,9.707560E-17,5.169436E-8,2.198294E+0," IDEX "," 2023_12_14_run0 "," 12-90 km/s. Fe/pt olivine mix. IDEX FM. Det2500. Position 5 ",4," Iron "
8545559,20231214190051.341000000,20231214120051.341000000,1702580451341,1.529600E+4,4.020557E-18,2.140770E-16,4.958314E-8,2.197063E+0," IDEX "," 2023_12_14_run0 "," 12-90 km/s. Fe/pt olivine mix. IDEX FM. Det2500. Position 5 ",5," Iron "
8545560,20231214190056.160999999,20231214120056.160999999,1702580456161,1.267400E+4,9.515718E-18,3.478540E-16,6.607733E-8,2.197063E+0," IDEX "," 2023_12_14_run0 "," 12-90 km/s. Fe/pt olivine mix. IDEX FM. Det2500. Position 5 ",5," Iron "
8545562,20231214190102.827999999,20231214120102.827999999,1702580462828,1.154510E+4,6.253337E-18,1.896860E-16,5.744813E-8,2.197063E+0," IDEX "," 2023_12_14_run0 "," 12-90 km/s. Fe/pt olivine mix. IDEX FM. Det2500. Position 5 ",4," Iron "
8545565,20231214190109.322000000,20231214120109.322000000,1702580469322,9.032600E+3,1.546368E-17,2.871220E-16,7.768603E-8,2.197063E+0," IDEX "," 2023_12_14_run0 "," 12-90 km/s. Fe/pt olivine mix. IDEX FM. Det2500. Position 5 ",5," Iron "
8545566,20231214190115.552999999,20231214120115.552999999,1702580475553,1.445910E+4,9.085389E-18,4.322690E-16,6.506585E-8,2.197063E+0," IDEX "," 2023_12_14_run0 "," 12-90 km/s. Fe/pt olivine mix. IDEX FM. Det2500. Position 5 ",5," Iron "
8545567,20231214190122.310000000,20231214120122.310000000,1702580482310,8.928290E+3,1.542869E-17,2.795810E-16,7.762739E-8,2.199524E+0," IDEX "," 2023_12_14_run0 "," 12-90 km/s. Fe/pt olivine mix. IDEX FM. Det2500. Position 5 ",5," Iron "
8545568,20231214190122.748000000,20231214120122.748000000,1702580482748,1.139100E+4,1.223250E-17,3.608120E-16,7.184729E-8,2.199524E+0," IDEX "," 2023_12_14_run0 "," 12-90 km/s. Fe/pt olivine mix. IDEX FM. Det2500. Position 5 ",5," Iron "
8545576,20231214190142.398000000,20231214120142.398000000,1702580502398,8.630650E+3,1.752945E-17,2.968230E-16,8.100182E-8,2.199524E+0," IDEX "," 2023_12_14_run0 "," 12-90 km/s. Fe/pt olivine mix. IDEX FM. Det2500. Position 5 ",5," Iron "
8545584,20231214190216.518000000,20231214120216.518000000,1702580536518,1.050740E+4,7.577730E-18,1.903960E-16,6.124703E-8,2.197063E+0," IDEX "," 2023_12_14_run0 "," 12-90 km/s. Fe/pt olivine mix. IDEX FM. Det2500. Position 5 ",5," Iron "
8545588,20231214190221.347999999,20231214120221.347999999,1702580541348,9.951790E+3,8.225232E-18,1.852830E-16,6.294405E-8,2.198294E+0," IDEX "," 2023_12_14_run0 "," 12-90 km/s. Fe/pt olivine mix. IDEX FM. Det2500. Position 5 ",3," Iron "
8545598,20231214190255.029000000,20231214120255.029000000,1702580575029,8.290580E+3,1.676708E-17,2.622740E-16,7.981009E-8,2.197063E+0," IDEX "," 2023_12_14_run0 "," 12-90 km/s. Fe/pt olivine mix. IDEX FM. Det2500. Position 5 ",4," Iron "
8545602,20231214190308.970999999,20231214120308.970999999,1702580588971,1.303210E+4,7.998648E-18,3.089800E-16,6.236068E-8,2.198294E+0," IDEX "," 2023_12_14_run0 "," 12-90 km/s. Fe/pt olivine mix. IDEX FM. Det2500. Position 5 ",3," Iron "
8545603,20231214190317.811999999,20231214120317.811999999,1702580597812,1.475340E+4,1.053467E-17,5.218350E-16,6.835636E-8,2.197063E+0," IDEX "," 2023_12_14_run0 "," 12-90 km/s. Fe/pt olivine mix. IDEX FM. Det2500. Position 5 ",5," Iron "
8545604,20231214190324.483000000,20231214120324.483000000,1702580604483,1.338200E+4,4.242539E-18,1.727070E-16,5.047937E-8,2.199524E+0," IDEX "," 2023_12_14_run0 "," 12-90 km/s. Fe/pt olivine mix. IDEX FM. Det2500. Position 5 ",5," Iron "
8545606,20231214190343.503000000,20231214120343.503000000,1702580623503,8.411550E+3,1.462901E-17,2.352930E-16,7.626237E-8,2.199524E+0," IDEX "," 2023_12_14_run0 "," 12-90 km/s. Fe/pt olivine mix. IDEX FM. Det2500. Position 5 ",5," Iron "
8545609,20231214190406.734000000,20231214120406.734000000,1702580646734,1.028430E+4,1.496300E-17,3.599590E-16,7.683838E-8,2.198294E+0," IDEX "," 2023_12_14_run0 "," 12-90 km/s. Fe/pt olivine mix. IDEX FM. Det2500. Position 5 ",5," Iron "
8545610,20231214190413.305999999,20231214120413.305999999,1702580653306,1.977730E+4,2.661378E-18,2.369020E-16,4.321231E-8,2.197063E+0," IDEX "," 2023_12_14_run0 "," 12-90 km/s. Fe/pt olivine mix. IDEX FM. Det2500. Position 5 ",5," Iron "
8545611,20231214190418.799000000,20231214120418.799000000,1702580658799,2.822070E+4,1.856768E-18,3.365280E-16,3.832579E-8,2.197063E+0," IDEX "," 2023_12_14_run0 "," 12-90 km/s. Fe/pt olivine mix. IDEX FM. Det2500. Position 5 ",5," Iron "
8545622,20231214190501.334999999,20231214120501.334999999,1702580701335,8.523560E+3,9.875104E-18,1.632720E-16,6.689893E-8,2.197063E+0," IDEX "," 2023_12_14_run0 "," 12-90 km/s. Fe/pt olivine mix. IDEX FM. Det2500. Position 5 ",4," Iron "
8545623,20231214190505.964999999,20231214120505.964999999,1702580705965,1.222070E+4,4.170199E-18,1.417350E-16,5.019082E-8,2.197063E+0," IDEX "," 2023_12_14_run0 "," 12-90 km/s. Fe/pt olivine mix. IDEX FM. Det2500. Position 5 ",4," Iron "
8545627,20231214190518.192999999,20231214120518.192999999,1702580718193,1.163680E+4,6.422706E-18,1.978200E-16,5.796218E-8,2.198294E+0," IDEX "," 2023_12_14_run0 "," 12-90 km/s. Fe/pt olivine mix. IDEX FM. Det2500. Position 5 ",4," Iron "
8545629,20231214190532.453999999,20231214120532.453999999,1702580732454,9.396150E+3,8.725714E-18,1.753190E-16,6.419566E-8,2.197063E+0," IDEX "," 2023_12_14_run0 "," 12-90 km/s. Fe/pt olivine mix. IDEX FM. Det2500. Position 5 ",5," Iron "
8545632,20231214190547.919999999,20231214120547.919999999,1702580747920,1.046300E+4,5.800955E-18,1.445240E-16,5.602800E-8,2.197063E+0," IDEX "," 2023_12_14_run0 "," 12-90 km/s. Fe/pt olivine mix. IDEX FM. Det2500. Position 5 ",5," Iron "
8545634,20231214190549.118999999,20231214120549.118999999,1702580749119,1.054560E+4,1.023269E-17,2.586870E-16,6.769688E-8,2.199524E+0," IDEX "," 2023_12_14_run0 "," 12-90 km/s. Fe/pt olivine mix. IDEX FM. Det2500. Position 5 ",5," Iron "
8545646,20231214190631.336000000,20231214120631.336000000,1702580791336,2.721000E+4,3.292836E-18,5.548240E-16,4.639046E-8,2.197063E+0," IDEX "," 2023_12_14_run0 "," 12-90 km/s. Fe/pt olivine mix. IDEX FM. Det2500. Position 5 ",5," Iron "
8545647,20231214190640.780999999,20231214120640.780999999,1702580800781,8.613310E+3,5.120309E-17,8.635320E-16,1.157899E-7,2.199524E+0," IDEX "," 2023_12_14_run0 "," 12-90 km/s. Fe/pt olivine mix. IDEX FM. Det2500. Position 5 ",4," Iron "
8545651,20231214190711.621000000,20231214120711.621000000,1702580831621,1.024660E+4,6.835057E-18,1.632250E-16,5.917697E-8,2.198294E+0," IDEX "," 2023_12_14_run0 "," 12-90 km/s. Fe/pt olivine mix. IDEX FM. Det2500. Position 5 ",3," Iron "
8545659,20231214190746.714000000,20231214120746.714000000,1702580866714,7.854740E+3,1.294451E-17,1.818530E-16,7.321507E-8,2.195833E+0," IDEX "," 2023_12_14_run0 "," 12-90 km/s. Fe/pt olivine mix. IDEX FM. Det2500. Position 5 ",5," Iron "
8545660,20231214190747.606999999,20231214120747.606999999,1702580867607,9.835370E+3,8.344872E-18,1.835030E-16,6.324777E-8,2.199524E+0," IDEX "," 2023_12_14_run0 "," 12-90 km/s. Fe/pt olivine mix. IDEX FM. Det2500. Position 5 ",4," Iron "
8545663,20231214190801.251000000,20231214120801.251000000,1702580881251,1.250590E+4,6.770169E-18,2.409670E-16,5.898911E-8,2.197063E+0," IDEX "," 2023_12_14_run0 "," 12-90 km/s. Fe/pt olivine mix. IDEX FM. Det2500. Position 5 ",4," Iron "
8545677,20231214190846.436999999,20231214120846.436999999,1702580926437,1.308750E+4,3.559217E-18,1.385830E-16,4.760912E-8,2.199524E+0," IDEX "," 2023_12_14_run0 "," 12-90 km/s. Fe/pt olivine mix. IDEX FM. Det2500. Position 5 ",5," Iron "
8545685,20231214190912.868999999,20231214120912.868999999,1702580952869,7.981620E+3,9.026734E-18,1.307970E-16,6.492554E-8,2.198294E+0," IDEX "," 2023_12_14_run0 "," 12-90 km/s. Fe/pt olivine mix. IDEX FM. Det2500. Position 5 ",5," Iron "
8545687,20231214190919.140999999,20231214120919.140999999,1702580959141,8.769430E+3,9.573559E-18,1.672690E-16,6.621094E-8,2.200754E+0," IDEX "," 2023_12_14_run0 "," 12-90 km/s. Fe/pt olivine mix. IDEX FM. Det2500. Position 5 ",3," Iron "
8545696,20231214191038.649999999,20231214121038.649999999,1702581038650,9.576660E+3,1.226143E-17,2.559160E-16,7.190389E-8,2.197063E+0," IDEX "," 2023_12_14_run0 "," 12-90 km/s. Fe/pt olivine mix. IDEX FM. Det2500. Position 5 ",4," Iron "
8545698,20231214191051.682999999,20231214121051.682999999,1702581051683,1.003030E+4,3.216043E-17,7.359270E-16,9.916216E-8,2.198294E+0," IDEX "," 2023_12_14_run0 "," 12-90 km/s. Fe/pt olivine mix. IDEX FM. Det2500. Position 5 ",5," Iron "
8545700,20231214191057.078999999,20231214121057.078999999,1702581057079,7.228230E+4,3.448840E-19,4.096180E-16,2.186736E-8,2.199524E+0," IDEX "," 2023_12_14_run0 "," 12-90 km/s. Fe/pt olivine mix. IDEX FM. Det2500. Position 5 ",5," Iron "
8545703,20231214191121.199000000,20231214121121.199000000,1702581081199,1.167190E+4,9.853390E-18,3.053190E-16,6.684986E-8,2.198294E+0," IDEX "," 2023_12_14_run0 "," 12-90 km/s. Fe/pt olivine mix. IDEX FM. Det2500. Position 5 ",4," Iron "
8545707,20231214191156.979000000,20231214121156.979000000,1702581116979,1.231690E+4,4.482131E-18,1.546580E-16,5.141228E-8,2.198294E+0," IDEX "," 2023_12_14_run0 "," 12-90 km/s. Fe/pt olivine mix. IDEX FM. Det2500. Position 5 ",4," Iron "
8545710,20231214191214.834999999,20231214121214.834999999,1702581134835,8.724610E+3,1.990719E-17,3.448500E-16,8.451011E-8,2.197063E+0," IDEX "," 2023_12_14_run0 "," 12-90 km/s. Fe/pt olivine mix. IDEX FM. Det2500. Position 5 ",5," Iron "
8545712,20231214191231.293999999,20231214121231.293999999,1702581151294,9.921990E+3,8.144932E-18,1.823770E-16,6.273855E-8,2.198294E+0," IDEX "," 2023_12_14_run0 "," 12-90 km/s. Fe/pt olivine mix. IDEX FM. Det2500. Position 5 ",4," Iron "
8545719,20231214191317.964000000,20231214121317.964000000,1702581197964,1.145620E+4,4.840828E-18,1.445060E-16,5.274872E-8,2.198294E+0," IDEX "," 2023_12_14_run0 "," 12-90 km/s. Fe/pt olivine mix. IDEX FM. Det2500. Position 5 ",4," Iron "
8545720,20231214191318.344999999,20231214121318.344999999,1702581198345,9.754590E+3,3.518354E-18,7.614520E-17,4.742622E-8,2.198294E+0," IDEX "," 2023_12_14_run0 "," 12-90 km/s. Fe/pt olivine mix. IDEX FM. Det2500. Position 5 ",4," Iron "
8545734,20231214191505.405999999,20231214121505.405999999,1702581305406,1.451290E+4,5.312674E-18,2.545110E-16,5.440971E-8,2.198294E+0," IDEX "," 2023_12_14_run0 "," 12-90 km/s. Fe/pt olivine mix. IDEX FM. Det2500. Position 5 ",3," Iron "
8545737,20231214191512.956999999,20231214121512.956999999,1702581312957,9.770540E+3,8.508386E-18,1.848470E-16,6.365821E-8,2.197063E+0," IDEX "," 2023_12_14_run0 "," 12-90 km/s. Fe/pt olivine mix. IDEX FM. Det2500. Position 5 ",3," Iron "
8545739,20231214191527.657000000,20231214121527.657000000,1702581327657,1.430330E+4,8.129162E-18,3.784830E-16,6.269804E-8,2.197063E+0," IDEX "," 2023_12_14_run0 "," 12-90 km/s. Fe/pt olivine mix. IDEX FM. Det2500. Position 5 ",5," Iron "
8545742,20231214191534.523000000,20231214121534.523000000,1702581334523,1.976240E+4,2.410422E-17,2.142400E-15,9.007474E-8,2.197063E+0," IDEX "," 2023_12_14_run0 "," 12-90 km/s. Fe/pt olivine mix. IDEX FM. Det2500. Position 5 ",5," Iron "
8545746,20231214191559.137000000,20231214121559.137000000,1702581359137,1.017130E+4,1.301858E-17,3.065100E-16,7.335446E-8,2.197063E+0," IDEX "," 2023_12_14_run0 "," 12-90 km/s. Fe/pt olivine mix. IDEX FM. Det2500. Position 5 ",5," Iron "
8545751,20231214191608.452999999,20231214121608.452999999,1702581368453,1.510380E+4,4.951314E-18,2.571960E-16,5.314701E-8,2.195833E+0," IDEX "," 2023_12_14_run0 "," 12-90 km/s. Fe/pt olivine mix. IDEX FM. Det2500. Position 5 ",5," Iron "
8545759,20231214191652.768999999,20231214121652.768999999,1702581412769,1.134020E+4,4.921309E-18,1.438680E-16,5.303943E-8,2.199524E+0," IDEX "," 2023_12_14_run0 "," 12-90 km/s. Fe/pt olivine mix. IDEX FM. Det2500. Position 5 ",4," Iron "
8545763,20231214191717.270000000,20231214121717.270000000,1702581437270,8.350100E+3,8.913191E-18,1.414310E-16,6.465216E-8,2.197063E+0," IDEX "," 2023_12_14_run0 "," 12-90 km/s. Fe/pt olivine mix. IDEX FM. Det2500. Position 5 ",3," Iron "
8545764,20231214191729.134000000,20231214121729.134000000,1702581449134,8.975230E+3,5.028246E-18,9.217980E-17,5.342085E-8,2.197063E+0," IDEX "," 2023_12_14_run0 "," 12-90 km/s. Fe/pt olivine mix. IDEX FM. Det2500. Position 5 ",3," Iron "
8545765,20231214191729.432999999,20231214121729.432999999,1702581449433,1.133890E+4,1.683656E-17,4.926330E-16,7.992018E-8,2.197063E+0," IDEX "," 2023_12_14_run0 "," 12-90 km/s. Fe/pt olivine mix. IDEX FM. Det2500. Position 5 ",5," Iron "
8545766,20231214191739.722999999,20231214121739.722999999,1702581459723,1.273830E+4,4.308783E-18,1.591130E-16,5.074075E-8,2.197063E+0," IDEX "," 2023_12_14_run0 "," 12-90 km/s. Fe/pt olivine mix. IDEX FM. Det2500. Position 5 ",5," Iron "
8545768,20231214191745.009000000,20231214121745.009000000,1702581465009,1.285620E+4,5.393316E-18,2.028660E-16,5.468362E-8,2.197063E+0," IDEX "," 2023_12_14_run0 "," 12-90 km/s. Fe/pt olivine mix. IDEX FM. Det2500. Position 5 ",4," Iron "
8545770,20231214191807.898999999,20231214121807.898999999,1702581487899,7.572500E+3,2.454712E-17,3.203370E-16,9.062308E-8,2.197063E+0," IDEX "," 2023_12_14_run0 "," 12-90 km/s. Fe/pt olivine mix. IDEX FM. Det2500. Position 5 ",3," Iron "
8545772,20231214191810.138999999,20231214121810.138999999,1702581490139,9.617780E+3,2.520221E-17,5.302410E-16,9.142217E-8,2.198294E+0," IDEX "," 2023_12_14_run0 "," 12-90 km/s. Fe/pt olivine mix. IDEX FM. Det2500. Position 5 ",4," Iron "
8545773,20231214191811.969000000,20231214121811.969000000,1702581491969,1.170310E+4,1.438081E-17,4.479920E-16,7.582862E-8,2.198294E+0," IDEX "," 2023_12_14_run0 "," 12-90 km/s. Fe/pt olivine mix. IDEX FM. Det2500. Position 5 ",4," Iron "
8545775,20231214191832.611000000,20231214121832.611000000,1702581512611,9.718290E+3,6.574808E-18,1.413950E-16,5.841616E-8,2.195833E+0," IDEX "," 2023_12_14_run0 "," 12-90 km/s. Fe/pt olivine mix. IDEX FM. Det2500. Position 5 ",4," Iron "
8545779,20231214191909.908000000,20231214121909.908000000,1702581549908,8.036280E+3,3.045919E-18,4.474180E-17,4.520066E-8,2.198294E+0," IDEX "," 2023_12_14_run0 "," 12-90 km/s. Fe/pt olivine mix. IDEX FM. Det2500. Position 5 ",4," Iron "
8545785,20231214191942.199999999,20231214121942.199999999,1702581582200,1.768800E+4,5.674226E-18,4.037840E-16,5.561700E-8,2.198294E+0," IDEX "," 2023_12_14_run0 "," 12-90 km/s. Fe/pt olivine mix. IDEX FM. Det2500. Position 5 ",5," Iron "
8545794,20231214192113.444000000,20231214122113.444000000,1702581673444,9.034050E+3,1.215752E-17,2.256810E-16,7.170019E-8,2.198294E+0," IDEX "," 2023_12_14_run0 "," 12-90 km/s. Fe/pt olivine mix. IDEX FM. Det2500. Position 5 ",5," Iron "
8545795,20231214192113.652999999,20231214122113.652999999,1702581673653,8.950380E+3,9.002667E-18,1.640360E-16,6.486778E-8,2.198294E+0," IDEX "," 2023_12_14_run0 "," 12-90 km/s. Fe/pt olivine mix. IDEX FM. Det2500. Position 5 ",4," Iron "
8545797,20231214192115.844999999,20231214122115.844999999,1702581675845,8.439640E+4,3.490968E-19,5.655600E-16,2.195604E-8,2.198294E+0," IDEX "," 2023_12_14_run0 "," 12-90 km/s. Fe/pt olivine mix. IDEX FM. Det2500. Position 5 ",5," Iron "
8545805,20231214192206.566000000,20231214122206.566000000,1702581726566,1.245030E+4,4.044225E-18,1.425870E-16,4.968025E-8,2.198294E+0," IDEX "," 2023_12_14_run0 "," 12-90 km/s. Fe/pt olivine mix. IDEX FM. Det2500. Position 5 ",3," Iron "
8545807,20231214192208.347000000,20231214122208.347000000,1702581728347,1.200780E+4,6.755353E-18,2.215440E-16,5.894605E-8,2.198294E+0," IDEX "," 2023_12_14_run0 "," 12-90 km/s. Fe/pt olivine mix. IDEX FM. Det2500. Position 5 ",4," Iron "
8545810,20231214192230.209999999,20231214122230.209999999,1702581750210,1.097870E+4,1.054765E-17,2.891630E-16,6.838444E-8,2.198294E+0," IDEX "," 2023_12_14_run0 "," 12-90 km/s. Fe/pt olivine mix. IDEX FM. Det2500. Position 5 ",4," Iron "
8545817,20231214192311.952000000,20231214122311.952000000,1702581791952,9.906290E+3,1.086246E-17,2.425930E-16,6.905811E-8,2.197063E+0," IDEX "," 2023_12_14_run0 "," 12-90 km/s. Fe/pt olivine mix. IDEX FM. Det2500. Position 5 ",4," Iron "
8545818,20231214192318.030999999,20231214122318.030999999,1702581798031,1.221390E+4,5.102185E-18,1.732180E-16,5.368143E-8,2.197063E+0," IDEX "," 2023_12_14_run0 "," 12-90 km/s. Fe/pt olivine mix. IDEX FM. Det2500. Position 5 ",4," Iron "
8545819,20231214192318.935000000,20231214122318.935000000,1702581798935,8.828930E+3,7.595938E-18,1.347490E-16,6.129604E-8,2.197063E+0," IDEX "," 2023_12_14_run0 "," 12-90 km/s. Fe/pt olivine mix. IDEX FM. Det2500. Position 5 ",4," Iron "
8545825,20231214192413.469000000,20231214122413.469000000,1702581853469,9.357130E+3,1.395043E-17,2.779720E-16,7.506449E-8,2.197063E+0," IDEX "," 2023_12_14_run0 "," 12-90 km/s. Fe/pt olivine mix. IDEX FM. Det2500. Position 5 ",5," Iron "
8545826,20231214192423.138999999,20231214122423.138999999,1702581863139,1.234120E+4,4.184888E-18,1.450530E-16,5.024968E-8,2.197063E+0," IDEX "," 2023_12_14_run0 "," 12-90 km/s. Fe/pt olivine mix. IDEX FM. Det2500. Position 5 ",5," Iron "
8545828,20231214192425.217999999,20231214122425.217999999,1702581865218,9.103500E+3,9.205977E-18,1.736260E-16,6.535246E-8,2.197063E+0," IDEX "," 2023_12_14_run0 "," 12-90 km/s. Fe/pt olivine mix. IDEX FM. Det2500. Position 5 ",3," Iron "
8545831,20231214192438.688000000,20231214122438.688000000,1702581878688,1.204520E+4,6.554952E-18,2.163130E-16,5.835730E-8,2.198294E+0," IDEX "," 2023_12_14_run0 "," 12-90 km/s. Fe/pt olivine mix. IDEX FM. Det2500. Position 5 ",5," Iron "
8545836,20231214192501.947000000,20231214122501.947000000,1702581901947,9.802610E+3,6.253407E-18,1.365210E-16,5.744835E-8,2.200754E+0," IDEX "," 2023_12_14_run0 "," 12-90 km/s. Fe/pt olivine mix. IDEX FM. Det2500. Position 5 ",4," Iron "
8545841,20231214192547.162999999,20231214122547.162999999,1702581947163,1.817890E+4,5.007747E-18,3.766220E-16,5.334816E-8,2.197063E+0," IDEX "," 2023_12_14_run0 "," 12-90 km/s. Fe/pt olivine mix. IDEX FM. Det2500. Position 5 ",5," Iron "
8545845,20231214192636.515000000,20231214122636.515000000,1702581996515,1.422640E+4,3.504258E-18,1.614040E-16,4.736280E-8,2.197063E+0," IDEX "," 2023_12_14_run0 "," 12-90 km/s. Fe/pt olivine mix. IDEX FM. Det2500. Position 5 ",5," Iron "
8545851,20231214192716.839000000,20231214122716.839000000,1702582036839,1.476830E+4,4.679367E-18,2.321310E-16,5.215561E-8,2.198294E+0," IDEX "," 2023_12_14_run0 "," 12-90 km/s. Fe/pt olivine mix. IDEX FM. Det2500. Position 5 ",5," Iron "
8545853,20231214192728.359000000,20231214122728.359000000,1702582048359,1.622170E+4,3.265194E-18,1.954280E-16,4.626029E-8,2.198294E+0," IDEX "," 2023_12_14_run0 "," 12-90 km/s. Fe/pt olivine mix. IDEX FM. Det2500. Position 5 ",4," Iron "
8545854,20231214192728.685999999,20231214122728.685999999,1702582048686,1.159060E+4,3.559888E-18,1.087760E-16,4.761211E-8,2.198294E+0," IDEX "," 2023_12_14_run0 "," 12-90 km/s. Fe/pt olivine mix. IDEX FM. Det2500. Position 5 ",3," Iron "
8545858,20231214192816.833000000,20231214122816.833000000,1702582096833,1.106680E+4,6.971904E-18,1.942140E-16,5.956930E-8,2.198294E+0," IDEX "," 2023_12_14_run0 "," 12-90 km/s. Fe/pt olivine mix. IDEX FM. Det2500. Position 5 ",5," Iron "
8545865,20231214192952.634000000,20231214122952.634000000,1702582192634,1.341840E+4,4.859098E-18,1.989950E-16,5.281499E-8,2.198294E+0," IDEX "," 2023_12_14_run0 "," 12-90 km/s. Fe/pt olivine mix. IDEX FM. Det2500. Position 5 ",4," Iron "
8545873,20231214193112.762000000,20231214123112.762000000,1702582272762,8.012920E+3,5.022205E-17,7.334340E-16,1.150456E-7,2.198294E+0," IDEX "," 2023_12_14_run0 "," 12-90 km/s. Fe/pt olivine mix. IDEX FM. Det2500. Position 5 ",5," Iron "
8545874,20231214193123.000000000,20231214123123.000000000,1702582283000,1.233880E+4,1.506600E-17,5.214180E-16,7.701430E-8,2.199524E+0," IDEX "," 2023_12_14_run0 "," 12-90 km/s. Fe/pt olivine mix. IDEX FM. Det2500. Position 5 ",5," Iron "
8545884,20231214193301.918999999,20231214123301.918999999,1702582381919,1.029880E+4,9.112024E-18,2.198230E-16,6.512938E-8,2.198294E+0," IDEX "," 2023_12_14_run0 "," 12-90 km/s. Fe/pt olivine mix. IDEX FM. Det2500. Position 5 ",5," Iron "
8545885,20231214193302.277999999,20231214123302.277999999,1702582382278,1.090550E+4,5.956809E-18,1.611350E-16,5.652534E-8,2.198294E+0," IDEX "," 2023_12_14_run0 "," 12-90 km/s. Fe/pt olivine mix. IDEX FM. Det2500. Position 5 ",5," Iron "
8545890,20231214193428.180000000,20231214123428.180000000,1702582468180,1.352570E+4,5.272333E-18,2.195080E-16,5.427164E-8,2.197063E+0," IDEX "," 2023_12_14_run0 "," 12-90 km/s. Fe/pt olivine mix. IDEX FM. Det2500. Position 5 ",5," Iron "
8545894,20231214193522.881000000,20231214123522.881000000,1702582522881,1.133400E+4,2.612216E-18,7.628120E-17,4.294458E-8,2.199524E+0," IDEX "," 2023_12_14_run0 "," 12-90 km/s. Fe/pt olivine mix. IDEX FM. Det2500. Position 5 ",3," Iron "
8545909,20231214193720.833000000,20231214123720.833000000,1702582640833,1.113560E+4,1.753660E-17,4.948810E-16,8.101284E-8,2.197063E+0," IDEX "," 2023_12_14_run0 "," 12-90 km/s. Fe/pt olivine mix. IDEX FM. Det2500. Position 5 ",5," Iron "
8545911,20231214193734.918999999,20231214123734.918999999,1702582654919,1.001630E+4,9.775119E-18,2.230600E-16,6.667238E-8,2.198294E+0," IDEX "," 2023_12_14_run0 "," 12-90 km/s. Fe/pt olivine mix. IDEX FM. Det2500. Position 5 ",5," Iron "
8545912,20231214193738.182000000,20231214123738.182000000,1702582658182,1.232960E+4,5.918168E-18,2.047450E-16,5.640285E-8,2.197063E+0," IDEX "," 2023_12_14_run0 "," 12-90 km/s. Fe/pt olivine mix. IDEX FM. Det2500. Position 5 ",5," Iron "
8545916,20231214193852.989999999,20231214123852.989999999,1702582732990,1.494240E+4,5.345753E-18,2.714780E-16,5.452240E-8,2.198294E+0," IDEX "," 2023_12_14_run0 "," 12-90 km/s. Fe/pt olivine mix. IDEX FM. Det2500. Position 5 ",3," Iron "
8545919,20231214194019.858000000,20231214124019.858000000,1702582819858,9.211970E+3,6.551786E-18,1.264590E-16,5.834790E-8,2.198294E+0," IDEX "," 2023_12_14_run0 "," 12-90 km/s. Fe/pt olivine mix. IDEX FM. Det2500. Position 5 ",4," Iron "
8545922,20231214194109.859000000,20231214124109.859000000,1702582869859,1.334390E+4,7.754474E-18,3.140530E-16,6.171955E-8,2.198294E+0," IDEX "," 2023_12_14_run0 "," 12-90 km/s. Fe/pt olivine mix. IDEX FM. Det2500. Position 5 ",5," Iron "
8545926,20231214194122.518000000,20231214124122.518000000,1702582882518,8.379730E+3,1.158951E-17,1.853090E-16,7.056571E-8,2.195833E+0," IDEX "," 2023_12_14_run0 "," 12-90 km/s. Fe/pt olivine mix. IDEX FM. Det2500. Position 5 ",3," Iron "
8545927,20231214194124.322000000,20231214124124.322000000,1702582884322,8.464820E+3,2.084631E-17,3.401230E-16,8.581866E-8,2.195833E+0," IDEX "," 2023_12_14_run0 "," 12-90 km/s. Fe/pt olivine mix. IDEX FM. Det2500. Position 5 ",5," Iron "
8545930,20231214194136.731000000,20231214124136.731000000,1702582896731,8.257070E+3,2.167000E-17,3.362320E-16,8.693440E-8,2.197063E+0," IDEX "," 2023_12_14_run0 "," 12-90 km/s. Fe/pt olivine mix. IDEX FM. Det2500. Position 5 ",5," Iron "
8545940,20231214194300.469000000,20231214124300.469000000,1702582980469,1.056880E+4,2.692946E-17,6.841700E-16,9.346476E-8,2.198294E+0," IDEX "," 2023_12_14_run0 "," 12-90 km/s. Fe/pt olivine mix. IDEX FM. Det2500. Position 5 ",5," Iron "
8545943,20231214194313.962000000,20231214124313.962000000,1702582993962,1.265320E+4,2.846978E-17,1.036740E-15,9.521383E-8,2.198294E+0," IDEX "," 2023_12_14_run0 "," 12-90 km/s. Fe/pt olivine mix. IDEX FM. Det2500. Position 5 ",5," Iron "
8545949,20231214194343.481000000,20231214124343.481000000,1702583023481,1.317360E+4,4.535091E-18,1.789110E-16,5.161398E-8,2.199524E+0," IDEX "," 2023_12_14_run0 "," 12-90 km/s. Fe/pt olivine mix. IDEX FM. Det2500. Position 5 ",5," Iron "
8545951,20231214194426.006000000,20231214124426.006000000,1702583066006,8.726150E+3,2.263297E-17,3.917680E-16,8.820350E-8,2.199524E+0," IDEX "," 2023_12_14_run0 "," 12-90 km/s. Fe/pt olivine mix. IDEX FM. Det2500. Position 5 ",5," Iron "
8545953,20231214194447.694000000,20231214124447.694000000,1702583087694,1.283570E+4,7.862706E-18,2.948080E-16,6.200538E-8,2.197063E+0," IDEX "," 2023_12_14_run0 "," 12-90 km/s. Fe/pt olivine mix. IDEX FM. Det2500. Position 5 ",4," Iron "
8545956,20231214194614.192999999,20231214124614.192999999,1702583174193,1.101770E+4,2.048143E-17,5.654930E-16,8.531501E-8,2.198294E+0," IDEX "," 2023_12_14_run0 "," 12-90 km/s. Fe/pt olivine mix. IDEX FM. Det2500. Position 5 ",5," Iron "
8545961,20231214194651.308999999,20231214124651.308999999,1702583211309,8.149050E+3,8.946066E-18,1.350480E-16,6.473155E-8,2.199524E+0," IDEX "," 2023_12_14_run0 "," 12-90 km/s. Fe/pt olivine mix. IDEX FM. Det2500. Position 5 ",3," Iron "
8545963,20231214194702.515000000,20231214124702.515000000,1702583222515,8.143160E+3,1.353060E-17,2.039600E-16,7.430379E-8,2.199524E+0," IDEX "," 2023_12_14_run0 "," 12-90 km/s. Fe/pt olivine mix. IDEX FM. Det2500. Position 5 ",5," Iron "
8545964,20231214194703.236000000,20231214124703.236000000,1702583223236,9.693920E+3,1.106842E-17,2.364430E-16,6.949185E-8,2.199524E+0," IDEX "," 2023_12_14_run0 "," 12-90 km/s. Fe/pt olivine mix. IDEX FM. Det2500. Position 5 ",5," Iron "
8545966,20231214194742.996000000,20231214124742.996000000,1702583262996,2.103270E+4,4.132857E-17,4.160720E-15,1.078091E-7,2.197063E+0," IDEX "," 2023_12_14_run0 "," 12-90 km/s. Fe/pt olivine mix. IDEX FM. Det2500. Position 5 ",5," Iron "
8545968,20231214194751.308999999,20231214124751.308999999,1702583271309,1.782550E+4,3.479701E-18,2.514840E-16,4.725190E-8,2.198294E+0," IDEX "," 2023_12_14_run0 "," 12-90 km/s. Fe/pt olivine mix. IDEX FM. Det2500. Position 5 ",5," Iron "
8545977,20231214194857.214999999,20231214124857.214999999,1702583337215,9.722600E+3,6.619110E-17,1.422350E-15,1.261358E-7,2.199524E+0," IDEX "," 2023_12_14_run0 "," 12-90 km/s. Fe/pt olivine mix. IDEX FM. Det2500. Position 5 ",5," Iron "
8545979,20231214194920.104000000,20231214124920.104000000,1702583360104,9.240900E+3,5.456246E-17,1.059760E-15,1.182687E-7,2.198294E+0," IDEX "," 2023_12_14_run0 "," 12-90 km/s. Fe/pt olivine mix. IDEX FM. Det2500. Position 5 ",5," Iron "
8545982,20231214195010.226000000,20231214125010.226000000,1702583410226,8.819250E+3,1.775168E-17,3.136910E-16,8.134268E-8,2.200754E+0," IDEX "," 2023_12_14_run0 "," 12-90 km/s. Fe/pt olivine mix. IDEX FM. Det2500. Position 5 ",5," Iron "
8545984,20231214195035.154000000,20231214125035.154000000,1702583435154,8.847950E+3,1.246699E-17,2.222380E-16,7.230349E-8,2.195833E+0," IDEX "," 2023_12_14_run0 "," 12-90 km/s. Fe/pt olivine mix. IDEX FM. Det2500. Position 5 ",5," Iron "
8545985,20231214195106.479000000,20231214125106.479000000,1702583466479,1.073600E+4,1.220401E-17,3.197640E-16,7.179146E-8,2.199524E+0," IDEX "," 2023_12_14_run0 "," 12-90 km/s. Fe/pt olivine mix. IDEX FM. Det2500. Position 5 ",5," Iron "
8545991,20231214195218.293999999,20231214125218.293999999,1702583538294,8.386860E+3,6.691936E-18,1.071220E-16,5.876101E-8,2.197063E+0," IDEX "," 2023_12_14_run0 "," 12-90 km/s. Fe/pt olivine mix. IDEX FM. Det2500. Position 5 ",3," Iron "
8545998,20231214195300.581000000,20231214125300.581000000,1702583580581,1.188760E+4,8.127200E-18,2.613710E-16,6.269299E-8,2.197063E+0," IDEX "," 2023_12_14_run0 "," 12-90 km/s. Fe/pt olivine mix. IDEX FM. Det2500. Position 5 ",5," Iron "
8546010,20231214195451.668000000,20231214125451.668000000,1702583691668,7.918470E+3,9.112876E-18,1.299640E-16,6.513141E-8,2.198294E+0," IDEX "," 2023_12_14_run0 "," 12-90 km/s. Fe/pt olivine mix. IDEX FM. Det2500. Position 5 ",5," Iron "
8546012,20231214195503.347000000,20231214125503.347000000,1702583703347,1.799960E+4,3.786804E-18,2.790510E-16,4.860298E-8,2.198294E+0," IDEX "," 2023_12_14_run0 "," 12-90 km/s. Fe/pt olivine mix. IDEX FM. Det2500. Position 5 ",5," Iron "
8546016,20231214195523.111999999,20231214125523.111999999,1702583723112,9.669670E+3,6.139294E-18,1.305650E-16,5.709676E-8,2.198294E+0," IDEX "," 2023_12_14_run0 "," 12-90 km/s. Fe/pt olivine mix. IDEX FM. Det2500. Position 5 ",3," Iron "
8546017,20231214195523.350000000,20231214125523.350000000,1702583723350,9.511290E+3,7.061529E-18,1.452990E-16,5.982346E-8,2.198294E+0," IDEX "," 2023_12_14_run0 "," 12-90 km/s. Fe/pt olivine mix. IDEX FM. Det2500. Position 5 ",3," Iron "
8546021,20231214195550.225000000,20231214125550.225000000,1702583750225,1.026560E+4,5.989711E-18,1.436490E-16,5.662923E-8,2.197063E+0," IDEX "," 2023_12_14_run0 "," 12-90 km/s. Fe/pt olivine mix. IDEX FM. Det2500. Position 5 ",4," Iron "
8546028,20231214195638.405999999,20231214125638.405999999,1702583798406,8.506640E+3,2.653166E-17,4.364380E-16,9.300225E-8,2.199524E+0," IDEX "," 2023_12_14_run0 "," 12-90 km/s. Fe/pt olivine mix. IDEX FM. Det2500. Position 5 ",5," Iron "
8546043,20231214195850.092999999,20231214125850.092999999,1702583930093,1.408520E+4,4.714017E-18,2.127170E-16,5.228403E-8,2.198294E+0," IDEX "," 2023_12_14_run0 "," 12-90 km/s. Fe/pt olivine mix. IDEX FM. Det2500. Position 5 ",4," Iron "
8546052,20231214200048.893999999,20231214130048.893999999,1702584048894,1.062370E+4,8.335328E-18,2.137340E-16,6.322364E-8,2.200754E+0," IDEX "," 2023_12_14_run0 "," 12-90 km/s. Fe/pt olivine mix. IDEX FM. Det2500. Position 5 ",4," Iron "
8546058,20231214200151.535999999,20231214130151.535999999,1702584111536,8.488330E+3,2.633240E-17,4.315390E-16,9.276885E-8,2.198294E+0," IDEX "," 2023_12_14_run0 "," 12-90 km/s. Fe/pt olivine mix. IDEX FM. Det2500. Position 5 ",3," Iron "
8546060,20231214200205.510999999,20231214130205.510999999,1702584125511,1.070910E+4,9.204493E-18,2.399650E-16,6.534895E-8,2.199524E+0," IDEX "," 2023_12_14_run0 "," 12-90 km/s. Fe/pt olivine mix. IDEX FM. Det2500. Position 5 ",3," Iron "
8546064,20231214200227.679000000,20231214130227.679000000,1702584147679,1.362000E+4,1.848154E-17,7.789180E-16,8.244255E-8,2.200754E+0," IDEX "," 2023_12_14_run0 "," 12-90 km/s. Fe/pt olivine mix. IDEX FM. Det2500. Position 5 ",5," Iron "
8546067,20231214200333.586000000,20231214130333.586000000,1702584213586,9.086090E+3,1.574294E-17,2.956140E-16,7.815090E-8,2.198294E+0," IDEX "," 2023_12_14_run0 "," 12-90 km/s. Fe/pt olivine mix. IDEX FM. Det2500. Position 5 ",4," Iron "
8546069,20231214200350.695999999,20231214130350.695999999,1702584230696,8.328400E+3,1.818538E-17,2.869000E-16,8.199979E-8,2.198294E+0," IDEX "," 2023_12_14_run0 "," 12-90 km/s. Fe/pt olivine mix. IDEX FM. Det2500. Position 5 ",5," Iron "
8546070,20231214200354.672999999,20231214130354.672999999,1702584234673,1.286880E+4,2.862903E-18,1.078370E-16,4.427660E-8,2.198294E+0," IDEX "," 2023_12_14_run0 "," 12-90 km/s. Fe/pt olivine mix. IDEX FM. Det2500. Position 5 ",5," Iron "
8546072,20231214200420.817999999,20231214130420.817999999,1702584260818,1.105840E+4,6.738920E-18,1.874390E-16,5.889821E-8,2.198294E+0," IDEX "," 2023_12_14_run0 "," 12-90 km/s. Fe/pt olivine mix. IDEX FM. Det2500. Position 5 ",5," Iron "
8546074,20231214200455.513000000,20231214130455.513000000,1702584295513,8.359660E+3,1.980414E-16,3.147880E-15,1.817568E-7,2.198294E+0," IDEX "," 2023_12_14_run0 "," 12-90 km/s. Fe/pt olivine mix. IDEX FM. Det2500. Position 5 ",5," Iron "
8546079,20231214200514.069999999,20231214130514.069999999,1702584314070,1.068850E+4,5.758339E-18,1.496290E-16,5.589047E-8,2.198294E+0," IDEX "," 2023_12_14_run0 "," 12-90 km/s. Fe/pt olivine mix. IDEX FM. Det2500. Position 5 ",5," Iron "
8546081,20231214200544.305999999,20231214130544.305999999,1702584344306,1.359280E+4,4.994666E-18,2.100160E-16,5.330167E-8,2.197063E+0," IDEX "," 2023_12_14_run0 "," 12-90 km/s. Fe/pt olivine mix. IDEX FM. Det2500. Position 5 ",4," Iron "
8546087,20231214200603.347999999,20231214130603.347999999,1702584363348,1.086700E+4,2.221632E-17,5.967280E-16,8.765890E-8,2.198294E+0," IDEX "," 2023_12_14_run0 "," 12-90 km/s. Fe/pt olivine mix. IDEX FM. Det2500. Position 5 ",5," Iron "
8546090,20231214200629.731999999,20231214130629.731999999,1702584389732,1.470060E+4,6.882307E-18,3.382900E-16,5.931302E-8,2.198294E+0," IDEX "," 2023_12_14_run0 "," 12-90 km/s. Fe/pt olivine mix. IDEX FM. Det2500. Position 5 ",5," Iron "
8546105,20231214200810.932999999,20231214130810.932999999,1702584490933,1.241930E+4,1.005793E-17,3.526510E-16,6.730928E-8,2.199524E+0," IDEX "," 2023_12_14_run0 "," 12-90 km/s. Fe/pt olivine mix. IDEX FM. Det2500. Position 5 ",5," Iron "
8546115,20231214200939.126000000,20231214130939.126000000,1702584579126,7.923720E+3,1.336683E-17,1.908850E-16,7.400280E-8,2.198294E+0," IDEX "," 2023_12_14_run0 "," 12-90 km/s. Fe/pt olivine mix. IDEX FM. Det2500. Position 5 ",5," Iron "
8546130,20231214201128.410999999,20231214131128.410999999,1702584688411,1.084430E+4,5.135892E-18,1.372970E-16,5.379938E-8,2.199524E+0," IDEX "," 2023_12_14_run0 "," 12-90 km/s. Fe/pt olivine mix. IDEX FM. Det2500. Position 5 ",4," Iron "
8546131,20231214201143.586000000,20231214131143.586000000,1702584703586,4.902400E+4,5.393005E-19,2.949690E-16,2.538140E-8,2.197063E+0," IDEX "," 2023_12_14_run0 "," 12-90 km/s. Fe/pt olivine mix. IDEX FM. Det2500. Position 5 ",5," Iron "
8546133,20231214201201.415000000,20231214131201.415000000,1702584721415,1.368760E+4,1.948380E-17,8.307230E-16,8.390668E-8,2.197063E+0," IDEX "," 2023_12_14_run0 "," 12-90 km/s. Fe/pt olivine mix. IDEX FM. Det2500. Position 5 ",5," Iron "
8546136,20231214201315.393000000,20231214131315.393000000,1702584795393,9.753870E+3,1.180937E-17,2.555440E-16,7.100914E-8,2.198294E+0," IDEX "," 2023_12_14_run0 "," 12-90 km/s. Fe/pt olivine mix. IDEX FM. Det2500. Position 5 ",5," Iron "
8546143,20231214201507.194000000,20231214131507.194000000,1702584907194,1.429560E+4,6.426710E-18,2.988970E-16,5.797422E-8,2.197063E+0," IDEX "," 2023_12_14_run0 "," 12-90 km/s. Fe/pt olivine mix. IDEX FM. Det2500. Position 5 ",3," Iron "
8546145,20231214201515.151000000,20231214131515.151000000,1702584915151,1.435910E+4,1.116534E-17,5.236140E-16,6.969409E-8,2.198294E+0," IDEX "," 2023_12_14_run0 "," 12-90 km/s. Fe/pt olivine mix. IDEX FM. Det2500. Position 5 ",5," Iron "
8546151,20231214201558.516999999,20231214131558.516999999,1702584958517,2.416940E+4,6.224026E-18,8.269670E-16,5.735824E-8,2.198294E+0," IDEX "," 2023_12_14_run0 "," 12-90 km/s. Fe/pt olivine mix. IDEX FM. Det2500. Position 5 ",5," Iron "
8546165,20231214201847.307999999,20231214131847.307999999,1702585127308,1.019020E+4,1.056215E-17,2.494610E-16,6.841574E-8,2.198294E+0," IDEX "," 2023_12_14_run0 "," 12-90 km/s. Fe/pt olivine mix. IDEX FM. Det2500. Position 5 ",5," Iron "
8546168,20231214201942.493000000,20231214131942.493000000,1702585182493,1.028860E+4,1.122478E-17,2.702560E-16,6.981755E-8,2.198294E+0," IDEX "," 2023_12_14_run0 "," 12-90 km/s. Fe/pt olivine mix. IDEX FM. Det2500. Position 5 ",4," Iron "
8546175,20231214202051.172000000,20231214132051.172000000,1702585251172,8.871640E+3,1.306879E-17,2.338220E-16,7.344865E-8,2.199524E+0," IDEX "," 2023_12_14_run0 "," 12-90 km/s. Fe/pt olivine mix. IDEX FM. Det2500. Position 5 ",5," Iron "
8546185,20231214202256.225000000,20231214132256.225000000,1702585376225,8.271450E+3,6.974650E-17,1.085960E-15,1.283550E-7,2.197063E+0," IDEX "," 2023_12_14_run0 "," 12-90 km/s. Fe/pt olivine mix. IDEX FM. Det2500. Position 5 ",5," Iron "
8546192,20231214202343.816000000,20231214132343.816000000,1702585423816,1.056710E+4,5.928998E-18,1.506680E-16,5.643724E-8,2.197063E+0," IDEX "," 2023_12_14_run0 "," 12-90 km/s. Fe/pt olivine mix. IDEX FM. Det2500. Position 5 ",5," Iron "
8546194,20231214202352.614000000,20231214132352.614000000,1702585432614,1.010300E+4,3.573218E-18,8.295550E-17,4.767146E-8,2.198294E+0," IDEX "," 2023_12_14_run0 "," 12-90 km/s. Fe/pt olivine mix. IDEX FM. Det2500. Position 5 ",4," Iron "
8546201,20231214202432.734000000,20231214132432.734000000,1702585472734,8.544620E+3,1.822550E-17,3.028260E-16,8.206006E-8,2.197063E+0," IDEX "," 2023_12_14_run0 "," 12-90 km/s. Fe/pt olivine mix. IDEX FM. Det2500. Position 5 ",5," Iron "
8546206,20231214202535.015000000,20231214132535.015000000,1702585535015,1.349460E+4,9.537411E-18,3.950350E-16,6.612751E-8,2.198294E+0," IDEX "," 2023_12_14_run0 "," 12-90 km/s. Fe/pt olivine mix. IDEX FM. Det2500. Position 5 ",5," Iron "
8546208,20231214202624.412999999,20231214132624.412999999,1702585584413,9.388770E+3,1.132593E-17,2.273330E-16,7.002664E-8,2.195833E+0," IDEX "," 2023_12_14_run0 "," 12-90 km/s. Fe/pt olivine mix. IDEX FM. Det2500. Position 5 ",4," Iron "
8546217,20231214202743.302999999,20231214132743.302999999,1702585663303,1.243260E+4,6.362388E-18,2.236810E-16,5.778016E-8,2.198294E+0," IDEX "," 2023_12_14_run0 "," 12-90 km/s. Fe/pt olivine mix. IDEX FM. Det2500. Position 5 ",3," Iron "
8546243,20231214215212.109999999,20231214145212.109999999,1702590732110,1.212560E+4,7.333447E-18,2.453820E-16,6.058169E-8,2.197063E+0," IDEX "," 2023_12_14_run1 "," 8-90 km/s. Fe/pt olivine mix. IDEX FM. Det2500. Position 4 ",5," Iron "
8546249,20231214215251.939999999,20231214145251.939999999,1702590771940,9.094470E+3,7.320561E-18,1.377930E-16,6.054618E-8,2.197063E+0," IDEX "," 2023_12_14_run1 "," 8-90 km/s. Fe/pt olivine mix. IDEX FM. Det2500. Position 4 ",3," Iron "
8546263,20231214215714.895000000,20231214145714.895000000,1702591034895,1.159330E+4,6.077147E-18,1.858840E-16,5.690345E-8,2.197063E+0," IDEX "," 2023_12_14_run1 "," 8-90 km/s. Fe/pt olivine mix. IDEX FM. Det2500. Position 4 ",5," Iron "
8546264,20231214215807.452000000,20231214145807.452000000,1702591087452,1.375160E+4,3.891091E-18,1.674580E-16,4.904512E-8,2.197063E+0," IDEX "," 2023_12_14_run1 "," 8-90 km/s. Fe/pt olivine mix. IDEX FM. Det2500. Position 4 ",5," Iron "
8546271,20231214220110.782000000,20231214150110.782000000,1702591270782,1.052760E+4,6.353671E-18,1.602550E-16,5.775376E-8,2.197063E+0," IDEX "," 2023_12_14_run1 "," 8-90 km/s. Fe/pt olivine mix. IDEX FM. Det2500. Position 4 ",3," Iron "
8546272,20231214220112.569999999,20231214150112.569999999,1702591272570,8.113840E+3,2.237147E-17,3.351780E-16,8.786250E-8,2.197063E+0," IDEX "," 2023_12_14_run1 "," 8-90 km/s. Fe/pt olivine mix. IDEX FM. Det2500. Position 4 ",5," Iron "
8546273,20231214220114.887000000,20231214150114.887000000,1702591274887,2.021220E+4,2.256814E-18,2.098220E-16,4.090131E-8,2.197063E+0," IDEX "," 2023_12_14_run1 "," 8-90 km/s. Fe/pt olivine mix. IDEX FM. Det2500. Position 4 ",4," Iron "
8546296,20231214220631.057000000,20231214150631.057000000,1702591591057,1.099250E+4,7.101837E-18,1.951860E-16,5.993708E-8,2.198294E+0," IDEX "," 2023_12_14_run1 "," 8-90 km/s. Fe/pt olivine mix. IDEX FM. Det2500. Position 4 ",5," Iron "
8546298,20231214220645.580000000,20231214150645.580000000,1702591605580,9.265660E+3,8.406833E-18,1.643450E-16,6.340392E-8,2.195833E+0," IDEX "," 2023_12_14_run1 "," 8-90 km/s. Fe/pt olivine mix. IDEX FM. Det2500. Position 4 ",4," Iron "
8546313,20231214220931.899999999,20231214150931.899999999,1702591771900,1.479220E+4,6.973104E-18,3.472320E-16,5.957271E-8,2.197063E+0," IDEX "," 2023_12_14_run1 "," 8-90 km/s. Fe/pt olivine mix. IDEX FM. Det2500. Position 4 ",5," Iron "
8546317,20231214221022.219000000,20231214151022.219000000,1702591822219,8.713620E+3,6.793904E-18,1.173280E-16,5.905796E-8,2.198294E+0," IDEX "," 2023_12_14_run1 "," 8-90 km/s. Fe/pt olivine mix. IDEX FM. Det2500. Position 4 ",3," Iron "
8546350,20231214221828.106999999,20231214151828.106999999,1702592308107,2.071560E+4,3.381640E-18,3.300710E-16,4.680380E-8,2.198294E+0," IDEX "," 2023_12_14_run1 "," 8-90 km/s. Fe/pt olivine mix. IDEX FM. Det2500. Position 4 ",5," Iron "
8546356,20231214222036.226000000,20231214152036.226000000,1702592436226,8.449410E+3,5.188520E-17,8.425220E-16,1.163018E-7,2.198294E+0," IDEX "," 2023_12_14_run1 "," 8-90 km/s. Fe/pt olivine mix. IDEX FM. Det2500. Position 4 ",5," Iron "
8546357,20231214222037.080000000,20231214152037.080000000,1702592437080,1.295760E+4,3.593634E-18,1.372360E-16,4.776209E-8,2.198294E+0," IDEX "," 2023_12_14_run1 "," 8-90 km/s. Fe/pt olivine mix. IDEX FM. Det2500. Position 4 ",4," Iron "
8546360,20231214222048.098999999,20231214152048.098999999,1702592448099,1.535200E+4,4.012700E-18,2.152260E-16,4.955083E-8,2.197063E+0," IDEX "," 2023_12_14_run1 "," 8-90 km/s. Fe/pt olivine mix. IDEX FM. Det2500. Position 4 ",4," Iron "
8546362,20231214222059.449000000,20231214152059.449000000,1702592459449,2.028610E+4,1.606118E-18,1.504190E-16,3.651723E-8,2.197063E+0," IDEX "," 2023_12_14_run1 "," 8-90 km/s. Fe/pt olivine mix. IDEX FM. Det2500. Position 4 ",4," Iron "
8546365,20231214222120.470999999,20231214152120.470999999,1702592480471,1.181670E+4,1.825599E-18,5.798060E-17,3.811013E-8,2.198294E+0," IDEX "," 2023_12_14_run1 "," 8-90 km/s. Fe/pt olivine mix. IDEX FM. Det2500. Position 4 ",4," Iron "
8546379,20231214222425.381999999,20231214152425.381999999,1702592665382,1.092210E+4,5.671104E-18,1.539600E-16,5.560679E-8,2.197063E+0," IDEX "," 2023_12_14_run1 "," 8-90 km/s. Fe/pt olivine mix. IDEX FM. Det2500. Position 4 ",4," Iron "
8546390,20231214222601.990999999,20231214152601.990999999,1702592761991,1.243930E+4,9.731531E-18,3.424980E-16,6.657314E-8,2.198294E+0," IDEX "," 2023_12_14_run1 "," 8-90 km/s. Fe/pt olivine mix. IDEX FM. Det2500. Position 4 ",5," Iron "
8546391,20231214222615.381000000,20231214152615.381000000,1702592775381,1.579350E+4,6.356056E-18,3.608050E-16,5.776098E-8,2.197063E+0," IDEX "," 2023_12_14_run1 "," 8-90 km/s. Fe/pt olivine mix. IDEX FM. Det2500. Position 4 ",5," Iron "
8546397,20231214222731.651000000,20231214152731.651000000,1702592851651,9.014010E+3,8.787103E-18,1.623020E-16,6.434585E-8,2.199524E+0," IDEX "," 2023_12_14_run1 "," 8-90 km/s. Fe/pt olivine mix. IDEX FM. Det2500. Position 4 ",5," Iron "
8546404,20231214222821.989000000,20231214152821.989000000,1702592901989,1.246960E+4,1.118622E-17,3.958370E-16,6.973751E-8,2.197063E+0," IDEX "," 2023_12_14_run1 "," 8-90 km/s. Fe/pt olivine mix. IDEX FM. Det2500. Position 4 ",5," Iron "
8546415,20231214223036.057000000,20231214153036.057000000,1702593036057,9.646250E+3,5.472847E-18,1.156990E-16,5.495110E-8,2.200754E+0," IDEX "," 2023_12_14_run1 "," 8-90 km/s. Fe/pt olivine mix. IDEX FM. Det2500. Position 4 ",4," Iron "
8546428,20231214223222.658000000,20231214153222.658000000,1702593142658,8.688470E+3,8.573357E-18,1.472050E-16,6.381983E-8,2.198294E+0," IDEX "," 2023_12_14_run1 "," 8-90 km/s. Fe/pt olivine mix. IDEX FM. Det2500. Position 4 ",3," Iron "
8546437,20231214223353.515999999,20231214153353.515999999,1702593233516,2.589310E+4,2.314434E-18,3.533330E-16,4.124648E-8,2.195833E+0," IDEX "," 2023_12_14_run1 "," 8-90 km/s. Fe/pt olivine mix. IDEX FM. Det2500. Position 4 ",5," Iron "
8546441,20231214223423.513999999,20231214153423.513999999,1702593263514,8.469190E+3,1.059070E-17,1.727800E-16,6.847734E-8,2.198294E+0," IDEX "," 2023_12_14_run1 "," 8-90 km/s. Fe/pt olivine mix. IDEX FM. Det2500. Position 4 ",3," Iron "
8546444,20231214223506.234000000,20231214153506.234000000,1702593306234,1.456330E+4,3.634798E-18,1.755380E-16,4.794376E-8,2.195833E+0," IDEX "," 2023_12_14_run1 "," 8-90 km/s. Fe/pt olivine mix. IDEX FM. Det2500. Position 4 ",3," Iron "
8546446,20231214223530.455000000,20231214153530.455000000,1702593330455,5.712840E+4,1.489609E-18,1.106380E-15,3.561197E-8,2.197063E+0," IDEX "," 2023_12_14_run1 "," 8-90 km/s. Fe/pt olivine mix. IDEX FM. Det2500. Position 4 ",5," Iron "
8546451,20231214223647.578999999,20231214153647.578999999,1702593407579,3.764200E+4,2.125629E-18,6.850430E-16,4.009293E-8,2.198294E+0," IDEX "," 2023_12_14_run1 "," 8-90 km/s. Fe/pt olivine mix. IDEX FM. Det2500. Position 4 ",5," Iron "
8546454,20231214223708.611999999,20231214153708.611999999,1702593428612,8.783690E+3,1.242251E-17,2.179960E-16,7.221740E-8,2.198294E+0," IDEX "," 2023_12_14_run1 "," 8-90 km/s. Fe/pt olivine mix. IDEX FM. Det2500. Position 4 ",5," Iron "
8546463,20231214223837.405000000,20231214153837.405000000,1702593517405,2.334100E+4,5.333171E-18,6.612300E-16,5.447959E-8,2.197063E+0," IDEX "," 2023_12_14_run1 "," 8-90 km/s. Fe/pt olivine mix. IDEX FM. Det2500. Position 4 ",5," Iron "
8546464,20231214223856.731000000,20231214153856.731000000,1702593536731,2.482060E+4,2.706462E-18,3.794500E-16,4.345495E-8,2.197063E+0," IDEX "," 2023_12_14_run1 "," 8-90 km/s. Fe/pt olivine mix. IDEX FM. Det2500. Position 4 ",5," Iron "
8546481,20231214224232.152999999,20231214154232.152999999,1702593752153,1.225520E+4,3.569774E-18,1.220140E-16,4.765614E-8,2.197063E+0," IDEX "," 2023_12_14_run1 "," 8-90 km/s. Fe/pt olivine mix. IDEX FM. Det2500. Position 4 ",4," Iron "
8546482,20231214224234.186999999,20231214154234.186999999,1702593754187,1.708330E+4,1.208390E-17,8.025620E-16,7.155516E-8,2.197063E+0," IDEX "," 2023_12_14_run1 "," 8-90 km/s. Fe/pt olivine mix. IDEX FM. Det2500. Position 4 ",5," Iron "
8546488,20231214224414.867000000,20231214154414.867000000,1702593854867,9.769820E+3,9.330942E-18,2.025740E-16,6.564684E-8,2.198294E+0," IDEX "," 2023_12_14_run1 "," 8-90 km/s. Fe/pt olivine mix. IDEX FM. Det2500. Position 4 ",4," Iron "
8546491,20231214224540.458000000,20231214154540.458000000,1702593940458,9.520010E+3,6.794062E-18,1.400520E-16,5.905842E-8,2.198294E+0," IDEX "," 2023_12_14_run1 "," 8-90 km/s. Fe/pt olivine mix. IDEX FM. Det2500. Position 4 ",4," Iron "
8546493,20231214224548.421000000,20231214154548.421000000,1702593948421,9.153160E+3,1.855021E-17,3.530940E-16,8.254453E-8,2.200754E+0," IDEX "," 2023_12_14_run1 "," 8-90 km/s. Fe/pt olivine mix. IDEX FM. Det2500. Position 4 ",5," Iron "
8546506,20231214224840.285000000,20231214154840.285000000,1702594120285,1.359000E+4,1.546325E-17,6.499320E-16,7.768532E-8,2.197063E+0," IDEX "," 2023_12_14_run1 "," 8-90 km/s. Fe/pt olivine mix. IDEX FM. Det2500. Position 4 ",5," Iron "
8546508,20231214224850.449999999,20231214154850.449999999,1702594130450,2.123430E+4,1.452251E-18,1.489370E-16,3.531175E-8,2.198294E+0," IDEX "," 2023_12_14_run1 "," 8-90 km/s. Fe/pt olivine mix. IDEX FM. Det2500. Position 4 ",4," Iron "
8546518,20231214225029.268999999,20231214155029.268999999,1702594229269,1.477550E+4,4.254275E-18,2.110130E-16,5.052587E-8,2.200754E+0," IDEX "," 2023_12_14_run1 "," 8-90 km/s. Fe/pt olivine mix. IDEX FM. Det2500. Position 4 ",4," Iron "
8546521,20231214225100.447999999,20231214155100.447999999,1702594260448,1.417940E+4,7.295639E-18,3.338160E-16,6.047740E-8,2.197063E+0," IDEX "," 2023_12_14_run1 "," 8-90 km/s. Fe/pt olivine mix. IDEX FM. Det2500. Position 4 ",5," Iron "
8546531,20231214225335.535000000,20231214155335.535000000,1702594415535,1.230570E+4,7.060356E-18,2.431780E-16,5.982015E-8,2.198294E+0," IDEX "," 2023_12_14_run1 "," 8-90 km/s. Fe/pt olivine mix. IDEX FM. Det2500. Position 4 ",5," Iron "
8546532,20231214225336.555999999,20231214155336.555999999,1702594416556,1.003410E+4,1.075914E-17,2.463880E-16,6.883847E-8,2.198294E+0," IDEX "," 2023_12_14_run1 "," 8-90 km/s. Fe/pt olivine mix. IDEX FM. Det2500. Position 4 ",4," Iron "
8546537,20231214225401.138999999,20231214155401.138999999,1702594441139,1.276010E+4,4.518239E-18,1.672320E-16,5.154997E-8,2.199524E+0," IDEX "," 2023_12_14_run1 "," 8-90 km/s. Fe/pt olivine mix. IDEX FM. Det2500. Position 4 ",5," Iron "
8546538,20231214225414.177999999,20231214155414.177999999,1702594454178,8.901280E+3,2.228278E-17,4.017930E-16,8.774622E-8,2.197063E+0," IDEX "," 2023_12_14_run1 "," 8-90 km/s. Fe/pt olivine mix. IDEX FM. Det2500. Position 4 ",5," Iron "
8546544,20231214225458.081999999,20231214155458.081999999,1702594498082,1.447080E+4,2.274742E-18,1.084040E-16,4.100933E-8,2.197063E+0," IDEX "," 2023_12_14_run1 "," 8-90 km/s. Fe/pt olivine mix. IDEX FM. Det2500. Position 4 ",5," Iron "
8546550,20231214225650.790999999,20231214155650.790999999,1702594610791,9.361130E+3,6.995082E-18,1.393450E-16,5.963523E-8,2.199524E+0," IDEX "," 2023_12_14_run1 "," 8-90 km/s. Fe/pt olivine mix. IDEX FM. Det2500. Position 4 ",4," Iron "
8546561,20231214225849.094999999,20231214155849.094999999,1702594729095,7.908620E+3,1.216185E-17,1.730160E-16,7.170871E-8,2.198294E+0," IDEX "," 2023_12_14_run1 "," 8-90 km/s. Fe/pt olivine mix. IDEX FM. Det2500. Position 4 ",4," Iron "
8546568,20231214225956.037000000,20231214155956.037000000,1702594796037,1.199680E+4,3.736521E-18,1.223160E-16,4.838690E-8,2.198294E+0," IDEX "," 2023_12_14_run1 "," 8-90 km/s. Fe/pt olivine mix. IDEX FM. Det2500. Position 4 ",5," Iron "
8546569,20231214225958.580000000,20231214155958.580000000,1702594798580,1.028240E+4,1.250230E-17,3.006520E-16,7.237168E-8,2.198294E+0," IDEX "," 2023_12_14_run1 "," 8-90 km/s. Fe/pt olivine mix. IDEX FM. Det2500. Position 4 ",5," Iron "
8546571,20231214230021.638000000,20231214160021.638000000,1702594821638,8.707650E+3,1.145136E-17,1.976000E-16,7.028419E-8,2.197063E+0," IDEX "," 2023_12_14_run1 "," 8-90 km/s. Fe/pt olivine mix. IDEX FM. Det2500. Position 4 ",5," Iron "
8546575,20231214230115.361000000,20231214160115.361000000,1702594875361,9.856760E+3,1.052587E-17,2.327310E-16,6.833732E-8,2.197063E+0," IDEX "," 2023_12_14_run1 "," 8-90 km/s. Fe/pt olivine mix. IDEX FM. Det2500. Position 4 ",4," Iron "
8546578,20231214230133.495000000,20231214160133.495000000,1702594893495,1.427430E+4,4.422724E-18,2.050820E-16,5.118412E-8,2.197063E+0," IDEX "," 2023_12_14_run1 "," 8-90 km/s. Fe/pt olivine mix. IDEX FM. Det2500. Position 4 ",3," Iron "
8546579,20231214230142.314999999,20231214160142.314999999,1702594902315,8.474280E+3,2.113054E-17,3.453380E-16,8.620694E-8,2.197063E+0," IDEX "," 2023_12_14_run1 "," 8-90 km/s. Fe/pt olivine mix. IDEX FM. Det2500. Position 4 ",5," Iron "
8546596,20231214230356.890000000,20231214160356.890000000,1702595036890,2.015440E+4,2.656561E-18,2.455770E-16,4.318623E-8,2.197063E+0," IDEX "," 2023_12_14_run1 "," 8-90 km/s. Fe/pt olivine mix. IDEX FM. Det2500. Position 4 ",5," Iron "
8546611,20231214230729.486999999,20231214160729.486999999,1702595249487,8.516570E+3,1.212842E-17,2.000870E-16,7.164295E-8,2.198294E+0," IDEX "," 2023_12_14_run1 "," 8-90 km/s. Fe/pt olivine mix. IDEX FM. Det2500. Position 4 ",5," Iron "
8546621,20231214230839.145999999,20231214160839.145999999,1702595319146,1.349460E+4,7.106447E-18,2.941810E-16,5.995004E-8,2.199524E+0," IDEX "," 2023_12_14_run1 "," 8-90 km/s. Fe/pt olivine mix. IDEX FM. Det2500. Position 4 ",5," Iron "
8546622,20231214230841.686999999,20231214160841.686999999,1702595321687,8.299300E+3,1.135162E-17,1.777390E-16,7.007954E-8,2.199524E+0," IDEX "," 2023_12_14_run1 "," 8-90 km/s. Fe/pt olivine mix. IDEX FM. Det2500. Position 4 ",5," Iron "
8546628,20231214230934.399999999,20231214160934.399999999,1702595374400,9.843960E+3,1.594085E-17,3.513470E-16,7.847702E-8,2.198294E+0," IDEX "," 2023_12_14_run1 "," 8-90 km/s. Fe/pt olivine mix. IDEX FM. Det2500. Position 4 ",4," Iron "
8546632,20231214231015.751999999,20231214161015.751999999,1702595415752,1.274400E+4,5.475207E-18,2.022540E-16,5.495900E-8,2.198294E+0," IDEX "," 2023_12_14_run1 "," 8-90 km/s. Fe/pt olivine mix. IDEX FM. Det2500. Position 4 ",5," Iron "
8546638,20231214231042.194999999,20231214161042.194999999,1702595442195,1.050210E+4,6.098060E-18,1.529780E-16,5.696864E-8,2.198294E+0," IDEX "," 2023_12_14_run1 "," 8-90 km/s. Fe/pt olivine mix. IDEX FM. Det2500. Position 4 ",4," Iron "
8546645,20231214231159.481000000,20231214161159.481000000,1702595519481,1.026340E+4,7.517655E-18,1.801150E-16,6.108475E-8,2.198294E+0," IDEX "," 2023_12_14_run1 "," 8-90 km/s. Fe/pt olivine mix. IDEX FM. Det2500. Position 4 ",5," Iron "
8546646,20231214231205.416999999,20231214161205.416999999,1702595525417,8.170670E+3,1.432785E-17,2.176830E-16,7.573541E-8,2.197063E+0," IDEX "," 2023_12_14_run1 "," 8-90 km/s. Fe/pt olivine mix. IDEX FM. Det2500. Position 4 ",3," Iron "
8546653,20231214231245.075999999,20231214161245.075999999,1702595565076,8.822210E+3,1.728423E-17,3.061490E-16,8.062232E-8,2.197063E+0," IDEX "," 2023_12_14_run1 "," 8-90 km/s. Fe/pt olivine mix. IDEX FM. Det2500. Position 4 ",5," Iron "
8546654,20231214231254.060000000,20231214161254.060000000,1702595574060,9.204230E+3,1.884017E-17,3.626260E-16,8.297238E-8,2.200754E+0," IDEX "," 2023_12_14_run1 "," 8-90 km/s. Fe/pt olivine mix. IDEX FM. Det2500. Position 4 ",5," Iron "
8546664,20231214231427.109000000,20231214161427.109000000,1702595667109,7.541360E+3,1.328329E-17,1.720190E-16,7.384831E-8,2.195833E+0," IDEX "," 2023_12_14_run1 "," 8-90 km/s. Fe/pt olivine mix. IDEX FM. Det2500. Position 4 ",4," Iron "
8546673,20231214231502.868000000,20231214161502.868000000,1702595702868,1.372770E+4,3.425067E-18,1.468080E-16,4.700330E-8,2.198294E+0," IDEX "," 2023_12_14_run1 "," 8-90 km/s. Fe/pt olivine mix. IDEX FM. Det2500. Position 4 ",4," Iron "
8546680,20231214231534.902999999,20231214161534.902999999,1702595734903,1.143860E+4,9.329031E-18,2.777860E-16,6.564235E-8,2.197063E+0," IDEX "," 2023_12_14_run1 "," 8-90 km/s. Fe/pt olivine mix. IDEX FM. Det2500. Position 4 ",5," Iron "
8546721,20231214232050.236000000,20231214162050.236000000,1702596050236,9.506470E+3,3.739198E-17,7.686030E-16,1.042713E-7,2.198294E+0," IDEX "," 2023_12_14_run1 "," 8-90 km/s. Fe/pt olivine mix. IDEX FM. Det2500. Position 4 ",5," Iron "
8546742,20231214232314.344000000,20231214162314.344000000,1702596194344,8.376000E+3,6.150501E-18,9.825510E-17,5.713148E-8,2.195833E+0," IDEX "," 2023_12_14_run1 "," 8-90 km/s. Fe/pt olivine mix. IDEX FM. Det2500. Position 4 ",5," Iron "
8546749,20231214232402.266999999,20231214162402.266999999,1702596242267,8.157480E+3,2.312350E-17,3.499860E-16,8.883618E-8,2.198294E+0," IDEX "," 2023_12_14_run1 "," 8-90 km/s. Fe/pt olivine mix. IDEX FM. Det2500. Position 4 ",4," Iron "
8546758,20231214232537.688000000,20231214162537.688000000,1702596337688,1.253500E+4,1.873775E-17,6.696550E-16,8.282176E-8,2.198294E+0," IDEX "," 2023_12_14_run1 "," 8-90 km/s. Fe/pt olivine mix. IDEX FM. Det2500. Position 4 ",5," Iron "
8546762,20231214232551.418000000,20231214162551.418000000,1702596351418,1.105410E+4,1.086134E-17,3.016980E-16,6.905575E-8,2.199524E+0," IDEX "," 2023_12_14_run1 "," 8-90 km/s. Fe/pt olivine mix. IDEX FM. Det2500. Position 4 ",3," Iron "
8546767,20231214232626.671000000,20231214162626.671000000,1702596386671,1.334570E+4,4.395046E-18,1.779460E-16,5.107713E-8,2.199524E+0," IDEX "," 2023_12_14_run1 "," 8-90 km/s. Fe/pt olivine mix. IDEX FM. Det2500. Position 4 ",4," Iron "
8546769,20231214232630.574000000,20231214162630.574000000,1702596390574,1.156100E+4,4.520767E-18,1.375860E-16,5.155958E-8,2.195833E+0," IDEX "," 2023_12_14_run1 "," 8-90 km/s. Fe/pt olivine mix. IDEX FM. Det2500. Position 4 ",4," Iron "
8546770,20231214232632.944999999,20231214162632.944999999,1702596392945,1.240520E+4,5.818214E-18,2.036490E-16,5.608351E-8,2.198294E+0," IDEX "," 2023_12_14_run1 "," 8-90 km/s. Fe/pt olivine mix. IDEX FM. Det2500. Position 4 ",4," Iron "
8546786,20231214232843.104999999,20231214162843.104999999,1702596523105,1.284570E+4,1.240708E-17,4.659220E-16,7.218748E-8,2.197063E+0," IDEX "," 2023_12_14_run1 "," 8-90 km/s. Fe/pt olivine mix. IDEX FM. Det2500. Position 4 ",5," Iron "
8546787,20231214232847.859999999,20231214162847.859999999,1702596527860,9.787520E+3,8.356189E-18,1.821720E-16,6.327635E-8,2.197063E+0," IDEX "," 2023_12_14_run1 "," 8-90 km/s. Fe/pt olivine mix. IDEX FM. Det2500. Position 4 ",3," Iron "
8546788,20231214232900.570999999,20231214162900.570999999,1702596540571,8.506090E+3,1.516720E-17,2.497430E-16,7.718634E-8,2.197063E+0," IDEX "," 2023_12_14_run1 "," 8-90 km/s. Fe/pt olivine mix. IDEX FM. Det2500. Position 4 ",5," Iron "
8546789,20231214232917.351999999,20231214162917.351999999,1702596557352,8.381340E+3,1.709471E-17,2.729800E-16,8.032658E-8,2.199524E+0," IDEX "," 2023_12_14_run1 "," 8-90 km/s. Fe/pt olivine mix. IDEX FM. Det2500. Position 4 ",5," Iron "
8546792,20231214232928.533999999,20231214162928.533999999,1702596568534,1.402250E+4,4.680241E-18,2.094340E-16,5.215886E-8,2.197063E+0," IDEX "," 2023_12_14_run1 "," 8-90 km/s. Fe/pt olivine mix. IDEX FM. Det2500. Position 4 ",4," Iron "
8546802,20231214233041.577000000,20231214163041.577000000,1702596641577,1.115540E+4,9.702674E-18,2.747830E-16,6.650727E-8,2.197063E+0," IDEX "," 2023_12_14_run1 "," 8-90 km/s. Fe/pt olivine mix. IDEX FM. Det2500. Position 4 ",4," Iron "
8546814,20231214233225.824000000,20231214163225.824000000,1702596745824,1.120330E+4,8.403951E-18,2.400510E-16,6.339668E-8,2.197063E+0," IDEX "," 2023_12_14_run1 "," 8-90 km/s. Fe/pt olivine mix. IDEX FM. Det2500. Position 4 ",5," Iron "
8546825,20231214233350.567000000,20231214163350.567000000,1702596830567,8.931320E+3,9.110494E-18,1.653870E-16,6.512573E-8,2.197063E+0," IDEX "," 2023_12_14_run1 "," 8-90 km/s. Fe/pt olivine mix. IDEX FM. Det2500. Position 4 ",4," Iron "
8546828,20231214233412.942999999,20231214163412.942999999,1702596852943,1.116520E+4,3.387970E-18,9.611710E-17,4.683298E-8,2.197063E+0," IDEX "," 2023_12_14_run1 "," 8-90 km/s. Fe/pt olivine mix. IDEX FM. Det2500. Position 4 ",5," Iron "
8546844,20231214233709.679000000,20231214163709.679000000,1702597029679,8.716320E+3,7.137140E-18,1.234010E-16,6.003623E-8,2.197063E+0," IDEX "," 2023_12_14_run1 "," 8-90 km/s. Fe/pt olivine mix. IDEX FM. Det2500. Position 4 ",4," Iron "
8546857,20231214233920.175999999,20231214163920.175999999,1702597160176,8.400080E+3,1.268634E-17,2.038330E-16,7.272507E-8,2.195833E+0," IDEX "," 2023_12_14_run1 "," 8-90 km/s. Fe/pt olivine mix. IDEX FM. Det2500. Position 4 ",4," Iron "
8546860,20231214233943.774999999,20231214163943.774999999,1702597183775,1.196010E+4,5.543762E-18,1.802670E-16,5.518743E-8,2.199524E+0," IDEX "," 2023_12_14_run1 "," 8-90 km/s. Fe/pt olivine mix. IDEX FM. Det2500. Position 4 ",3," Iron "
8546866,20231214234040.739000000,20231214164040.739000000,1702597240739,1.098050E+4,1.101575E-17,3.020950E-16,6.938146E-8,2.198294E+0," IDEX "," 2023_12_14_run1 "," 8-90 km/s. Fe/pt olivine mix. IDEX FM. Det2500. Position 4 ",4," Iron "
8546867,20231214234047.862999999,20231214164047.862999999,1702597247863,1.372050E+4,1.686747E-17,7.218250E-16,7.996906E-8,2.199524E+0," IDEX "," 2023_12_14_run1 "," 8-90 km/s. Fe/pt olivine mix. IDEX FM. Det2500. Position 4 ",5," Iron "
8546875,20231214234202.709000000,20231214164202.709000000,1702597322709,1.825800E+4,2.095651E-18,1.589840E-16,3.990356E-8,2.197063E+0," IDEX "," 2023_12_14_run1 "," 8-90 km/s. Fe/pt olivine mix. IDEX FM. Det2500. Position 4 ",3," Iron "
8546880,20231214234213.799000000,20231214164213.799000000,1702597333799,1.788290E+4,1.958703E-18,1.424720E-16,3.901469E-8,2.198294E+0," IDEX "," 2023_12_14_run1 "," 8-90 km/s. Fe/pt olivine mix. IDEX FM. Det2500. Position 4 ",4," Iron "
8546882,20231214234216.927000000,20231214164216.927000000,1702597336927,9.245230E+3,1.469301E-17,2.856480E-16,7.637342E-8,2.198294E+0," IDEX "," 2023_12_14_run1 "," 8-90 km/s. Fe/pt olivine mix. IDEX FM. Det2500. Position 4 ",5," Iron "
8546884,20231214234224.293999999,20231214164224.293999999,1702597344294,2.466690E+4,1.911714E-18,2.647160E-16,3.870018E-8,2.197063E+0," IDEX "," 2023_12_14_run1 "," 8-90 km/s. Fe/pt olivine mix. IDEX FM. Det2500. Position 4 ",5," Iron "
8546887,20231214234256.927999999,20231214164256.927999999,1702597376928,1.079150E+4,5.623573E-18,1.489570E-16,5.545100E-8,2.198294E+0," IDEX "," 2023_12_14_run1 "," 8-90 km/s. Fe/pt olivine mix. IDEX FM. Det2500. Position 4 ",4," Iron "
8546890,20231214234316.456999999,20231214164316.456999999,1702597396457,2.160780E+4,1.945020E-18,2.066680E-16,3.892363E-8,2.197063E+0," IDEX "," 2023_12_14_run1 "," 8-90 km/s. Fe/pt olivine mix. IDEX FM. Det2500. Position 4 ",5," Iron "
8546891,20231214234336.771999999,20231214164336.771999999,1702597416772,1.105350E+4,3.812341E-18,1.059440E-16,4.871199E-8,2.198294E+0," IDEX "," 2023_12_14_run1 "," 8-90 km/s. Fe/pt olivine mix. IDEX FM. Det2500. Position 4 ",4," Iron "
8546896,20231214234402.861999999,20231214164402.861999999,1702597442862,8.437650E+3,1.071683E-17,1.735380E-16,6.874812E-8,2.198294E+0," IDEX "," 2023_12_14_run1 "," 8-90 km/s. Fe/pt olivine mix. IDEX FM. Det2500. Position 4 ",5," Iron "
8546897,20231214234406.145000000,20231214164406.145000000,1702597446145,8.536110E+3,1.081714E-17,1.792740E-16,6.896193E-8,2.198294E+0," IDEX "," 2023_12_14_run1 "," 8-90 km/s. Fe/pt olivine mix. IDEX FM. Det2500. Position 4 ",4," Iron "
8546903,20231214234441.455000000,20231214164441.455000000,1702597481455,1.189730E+4,5.839602E-18,1.878980E-16,5.615215E-8,2.199524E+0," IDEX "," 2023_12_14_run1 "," 8-90 km/s. Fe/pt olivine mix. IDEX FM. Det2500. Position 4 ",4," Iron "
8546904,20231214234503.359000000,20231214164503.359000000,1702597503359,1.135890E+4,1.170092E-17,3.433820E-16,7.079110E-8,2.198294E+0," IDEX "," 2023_12_14_run1 "," 8-90 km/s. Fe/pt olivine mix. IDEX FM. Det2500. Position 4 ",5," Iron "
8546910,20231214234551.733000000,20231214164551.733000000,1702597551733,1.269720E+4,2.256498E-17,8.283660E-16,8.811510E-8,2.195833E+0," IDEX "," 2023_12_14_run1 "," 8-90 km/s. Fe/pt olivine mix. IDEX FM. Det2500. Position 4 ",5," Iron "
8546929,20231214234757.828999999,20231214164757.828999999,1702597677829,1.249840E+4,3.418924E-18,1.214740E-16,4.697518E-8,2.198294E+0," IDEX "," 2023_12_14_run1 "," 8-90 km/s. Fe/pt olivine mix. IDEX FM. Det2500. Position 4 ",3," Iron "
8546931,20231214234818.456999999,20231214164818.456999999,1702597698457,9.160610E+3,8.232274E-18,1.572160E-16,6.296201E-8,2.197063E+0," IDEX "," 2023_12_14_run1 "," 8-90 km/s. Fe/pt olivine mix. IDEX FM. Det2500. Position 4 ",5," Iron "
8546933,20231214234829.706999999,20231214164829.706999999,1702597709707,1.074560E+4,9.612820E-18,2.526040E-16,6.630133E-8,2.197063E+0," IDEX "," 2023_12_14_run1 "," 8-90 km/s. Fe/pt olivine mix. IDEX FM. Det2500. Position 4 ",4," Iron "
8546935,20231214234841.734999999,20231214164841.734999999,1702597721735,6.941900E+4,2.874483E-19,3.150660E-16,2.057905E-8,2.198294E+0," IDEX "," 2023_12_14_run1 "," 8-90 km/s. Fe/pt olivine mix. IDEX FM. Det2500. Position 4 ",5," Iron "
8546942,20231214234935.641999999,20231214164935.641999999,1702597775642,1.259780E+4,5.197842E-18,1.875230E-16,5.401483E-8,2.199524E+0," IDEX "," 2023_12_14_run1 "," 8-90 km/s. Fe/pt olivine mix. IDEX FM. Det2500. Position 4 ",3," Iron "
8546943,20231214234935.956000000,20231214164935.956000000,1702597775956,1.014280E+4,8.829562E-18,2.064890E-16,6.444932E-8,2.199524E+0," IDEX "," 2023_12_14_run1 "," 8-90 km/s. Fe/pt olivine mix. IDEX FM. Det2500. Position 4 ",5," Iron "
8546947,20231214234954.859999999,20231214164954.859999999,1702597794860,1.242360E+4,1.472252E-17,5.174260E-16,7.642451E-8,2.195833E+0," IDEX "," 2023_12_14_run1 "," 8-90 km/s. Fe/pt olivine mix. IDEX FM. Det2500. Position 4 ",5," Iron "
8546958,20231214235047.047999999,20231214165047.047999999,1702597847048,9.816270E+3,4.886108E-18,1.071480E-16,5.291267E-8,2.197063E+0," IDEX "," 2023_12_14_run1 "," 8-90 km/s. Fe/pt olivine mix. IDEX FM. Det2500. Position 4 ",4," Iron "
8546964,20231214235145.171000000,20231214165145.171000000,1702597905171,1.293640E+4,4.547502E-18,1.731920E-16,5.166102E-8,2.197063E+0," IDEX "," 2023_12_14_run1 "," 8-90 km/s. Fe/pt olivine mix. IDEX FM. Det2500. Position 4 ",4," Iron "
8546971,20231214235308.293999999,20231214165308.293999999,1702597988294,1.093910E+4,2.340422E-17,6.373610E-16,8.919422E-8,2.197063E+0," IDEX "," 2023_12_14_run1 "," 8-90 km/s. Fe/pt olivine mix. IDEX FM. Det2500. Position 4 ",5," Iron "
8546975,20231214235325.330000000,20231214165325.330000000,1702598005330,1.886510E+4,1.088056E-18,8.807540E-17,3.207174E-8,2.198294E+0," IDEX "," 2023_12_14_run1 "," 8-90 km/s. Fe/pt olivine mix. IDEX FM. Det2500. Position 4 ",4," Iron "
8546980,20231214235344.702999999,20231214165344.702999999,1702598024703,1.135000E+4,1.005494E-17,2.947810E-16,6.730261E-8,2.197063E+0," IDEX "," 2023_12_14_run1 "," 8-90 km/s. Fe/pt olivine mix. IDEX FM. Det2500. Position 4 ",4," Iron "
8546982,20231214235400.175999999,20231214165400.175999999,1702598040176,8.376170E+3,1.820504E-17,2.906770E-16,8.202934E-8,2.197063E+0," IDEX "," 2023_12_14_run1 "," 8-90 km/s. Fe/pt olivine mix. IDEX FM. Det2500. Position 4 ",3," Iron "
8546984,20231214235404.537999999,20231214165404.537999999,1702598044538,9.556930E+3,2.548785E-17,5.297830E-16,9.176626E-8,2.197063E+0," IDEX "," 2023_12_14_run1 "," 8-90 km/s. Fe/pt olivine mix. IDEX FM. Det2500. Position 4 ",5," Iron "
8546985,20231214235417.044999999,20231214165417.044999999,1702598057045,8.785060E+3,1.987486E-17,3.488820E-16,8.446433E-8,2.198294E+0," IDEX "," 2023_12_14_run1 "," 8-90 km/s. Fe/pt olivine mix. IDEX FM. Det2500. Position 4 ",5," Iron "
8546996,20231214235504.072999999,20231214165504.072999999,1702598104073,1.180570E+4,9.354311E-18,2.967040E-16,6.570160E-8,2.197063E+0," IDEX "," 2023_12_14_run1 "," 8-90 km/s. Fe/pt olivine mix. IDEX FM. Det2500. Position 4 ",4," Iron "
8547001,20231214235523.131000000,20231214165523.131000000,1702598123131,8.439280E+3,1.207871E-17,1.957760E-16,7.154492E-8,2.197063E+0," IDEX "," 2023_12_14_run1 "," 8-90 km/s. Fe/pt olivine mix. IDEX FM. Det2500. Position 4 ",4," Iron "
8547008,20231214235557.824999999,20231214165557.824999999,1702598157825,1.400960E+4,3.815797E-17,1.703420E-15,1.049785E-7,2.198294E+0," IDEX "," 2023_12_14_run1 "," 8-90 km/s. Fe/pt olivine mix. IDEX FM. Det2500. Position 4 ",5," Iron "
8547015,20231214235638.763999999,20231214165638.763999999,1702598198764,1.435230E+4,4.523338E-18,2.120460E-16,5.156935E-8,2.197063E+0," IDEX "," 2023_12_14_run1 "," 8-90 km/s. Fe/pt olivine mix. IDEX FM. Det2500. Position 4 ",4," Iron "
8547020,20231214235706.577000000,20231214165706.577000000,1702598226577,1.521860E+4,4.361883E-18,2.297780E-16,5.094833E-8,2.198294E+0," IDEX "," 2023_12_14_run1 "," 8-90 km/s. Fe/pt olivine mix. IDEX FM. Det2500. Position 4 ",4," Iron "
8547022,20231214235730.952999999,20231214165730.952999999,1702598250953,1.042760E+4,9.336838E-18,2.310450E-16,6.566066E-8,2.197063E+0," IDEX "," 2023_12_14_run1 "," 8-90 km/s. Fe/pt olivine mix. IDEX FM. Det2500. Position 4 ",5," Iron "
8547023,20231214235731.891999999,20231214165731.891999999,1702598251892,8.726150E+3,7.653991E-18,1.326360E-16,6.145181E-8,2.197063E+0," IDEX "," 2023_12_14_run1 "," 8-90 km/s. Fe/pt olivine mix. IDEX FM. Det2500. Position 4 ",4," Iron "
8547026,20231214235809.075999999,20231214165809.075999999,1702598289076,1.569670E+4,5.233664E-18,2.932970E-16,5.413863E-8,2.198294E+0," IDEX "," 2023_12_14_run1 "," 8-90 km/s. Fe/pt olivine mix. IDEX FM. Det2500. Position 4 ",4," Iron "
8547027,20231214235810.165999999,20231214165810.165999999,1702598290166,1.220520E+4,4.962864E-18,1.681540E-16,5.318830E-8,2.198294E+0," IDEX "," 2023_12_14_run1 "," 8-90 km/s. Fe/pt olivine mix. IDEX FM. Det2500. Position 4 ",5," Iron "
8547028,20231214235814.378999999,20231214165814.378999999,1702598294379,1.437420E+4,3.886279E-18,1.826360E-16,4.902489E-8,2.198294E+0," IDEX "," 2023_12_14_run1 "," 8-90 km/s. Fe/pt olivine mix. IDEX FM. Det2500. Position 4 ",4," Iron "
8547030,20231214235828.774999999,20231214165828.774999999,1702598308775,8.986690E+3,4.149080E-18,7.621430E-17,5.010595E-8,2.198294E+0," IDEX "," 2023_12_14_run1 "," 8-90 km/s. Fe/pt olivine mix. IDEX FM. Det2500. Position 4 ",4," Iron "
8547054,20231215000047.981000000,20231214170047.981000000,1702598447981,9.232250E+3,6.733227E-18,1.306070E-16,5.888162E-8,2.197063E+0," IDEX "," 2023_12_14_run1 "," 8-90 km/s. Fe/pt olivine mix. IDEX FM. Det2500. Position 4 ",4," Iron "
8547055,20231215000051.574000000,20231214170051.574000000,1702598451574,1.133440E+4,1.166286E-17,3.409810E-16,7.071426E-8,2.197063E+0," IDEX "," 2023_12_14_run1 "," 8-90 km/s. Fe/pt olivine mix. IDEX FM. Det2500. Position 4 ",5," Iron "
8547064,20231215000144.388000000,20231214170144.388000000,1702598504388,2.459000E+4,2.613424E-18,3.594280E-16,4.295120E-8,2.198294E+0," IDEX "," 2023_12_14_run1 "," 8-90 km/s. Fe/pt olivine mix. IDEX FM. Det2500. Position 4 ",5," Iron "
8547066,20231215000145.942999999,20231214170145.942999999,1702598505943,1.639300E+4,1.038478E-17,6.354560E-16,6.803062E-8,2.195833E+0," IDEX "," 2023_12_14_run1 "," 8-90 km/s. Fe/pt olivine mix. IDEX FM. Det2500. Position 4 ",5," Iron "
8547090,20231215000359.229999999,20231214170359.229999999,1702598639230,9.806020E+3,9.118428E-18,1.994300E-16,6.514463E-8,2.198294E+0," IDEX "," 2023_12_14_run1 "," 8-90 km/s. Fe/pt olivine mix. IDEX FM. Det2500. Position 4 ",5," Iron "
8547092,20231215000410.791999999,20231214170410.791999999,1702598650792,8.533340E+3,1.081193E-17,1.792720E-16,6.895086E-8,2.195833E+0," IDEX "," 2023_12_14_run1 "," 8-90 km/s. Fe/pt olivine mix. IDEX FM. Det2500. Position 4 ",3," Iron "
8547111,20231215000534.225000000,20231214170534.225000000,1702598734225,9.443860E+3,3.257210E-18,6.607390E-17,4.622255E-8,2.198294E+0," IDEX "," 2023_12_14_run1 "," 8-90 km/s. Fe/pt olivine mix. IDEX FM. Det2500. Position 4 ",3," Iron "
8547120,20231215000551.729000000,20231214170551.729000000,1702598751729,1.302950E+4,4.027413E-18,1.555130E-16,4.961131E-8,2.198294E+0," IDEX "," 2023_12_14_run1 "," 8-90 km/s. Fe/pt olivine mix. IDEX FM. Det2500. Position 4 ",3," Iron "
8547127,20231215000635.469999999,20231214170635.469999999,1702598795470,1.393630E+4,1.188649E-17,5.253840E-16,7.116338E-8,2.197063E+0," IDEX "," 2023_12_14_run1 "," 8-90 km/s. Fe/pt olivine mix. IDEX FM. Det2500. Position 4 ",5," Iron "
8547128,20231215000640.481000000,20231214170640.481000000,1702598800481,9.133020E+3,5.085225E-18,9.636920E-17,5.362188E-8,2.200754E+0," IDEX "," 2023_12_14_run1 "," 8-90 km/s. Fe/pt olivine mix. IDEX FM. Det2500. Position 4 ",4," Iron "
8547146,20231215000805.322999999,20231214170805.322999999,1702598885323,1.105500E+4,5.590472E-20,1.554000E-18,1.192307E-8,2.198294E+0," IDEX "," 2023_12_14_run1 "," 8-90 km/s. Fe/pt olivine mix. IDEX FM. Det2500. Position 4 ",4," Iron "
8547149,20231215000819.550999999,20231214170819.550999999,1702598899551,8.781350E+3,3.088214E-17,5.422520E-16,9.783054E-8,2.195833E+0," IDEX "," 2023_12_14_run1 "," 8-90 km/s. Fe/pt olivine mix. IDEX FM. Det2500. Position 4 ",5," Iron "
8547155,20231215000847.828999999,20231214170847.828999999,1702598927829,1.281400E+4,2.053689E-17,7.669890E-16,8.539195E-8,2.198294E+0," IDEX "," 2023_12_14_run1 "," 8-90 km/s. Fe/pt olivine mix. IDEX FM. Det2500. Position 4 ",5," Iron "
8547159,20231215000859.381000000,20231214170859.381000000,1702598939381,1.094270E+4,5.108536E-18,1.392110E-16,5.370369E-8,2.197063E+0," IDEX "," 2023_12_14_run1 "," 8-90 km/s. Fe/pt olivine mix. IDEX FM. Det2500. Position 4 ",4," Iron "
8547164,20231215000920.317999999,20231214170920.317999999,1702598960318,1.707810E+4,5.259027E-18,3.490700E-16,5.422594E-8,2.197063E+0," IDEX "," 2023_12_14_run1 "," 8-90 km/s. Fe/pt olivine mix. IDEX FM. Det2500. Position 4 ",5," Iron "
8547166,20231215000923.444000000,20231214170923.444000000,1702598963444,1.046610E+4,6.006957E-18,1.497450E-16,5.668352E-8,2.197063E+0," IDEX "," 2023_12_14_run1 "," 8-90 km/s. Fe/pt olivine mix. IDEX FM. Det2500. Position 4 ",4," Iron "
8547167,20231215000934.378999999,20231214170934.378999999,1702598974379,8.834470E+3,1.497554E-17,2.658450E-16,7.685984E-8,2.198294E+0," IDEX "," 2023_12_14_run1 "," 8-90 km/s. Fe/pt olivine mix. IDEX FM. Det2500. Position 4 ",5," Iron "
8547177,20231215001022.822000000,20231214171022.822000000,1702599022822,1.309710E+4,2.503580E-17,9.767800E-16,9.122051E-8,2.198294E+0," IDEX "," 2023_12_14_run1 "," 8-90 km/s. Fe/pt olivine mix. IDEX FM. Det2500. Position 4 ",5," Iron "
8547181,20231215001047.660999999,20231214171047.660999999,1702599047661,8.121190E+3,3.781482E-17,5.679010E-16,1.046629E-7,2.195833E+0," IDEX "," 2023_12_14_run1 "," 8-90 km/s. Fe/pt olivine mix. IDEX FM. Det2500. Position 4 ",5," Iron "
8547183,20231215001052.199000000,20231214171052.199000000,1702599052199,8.641060E+3,1.185591E-17,2.013510E-16,7.110228E-8,2.198294E+0," IDEX "," 2023_12_14_run1 "," 8-90 km/s. Fe/pt olivine mix. IDEX FM. Det2500. Position 4 ",4," Iron "
8547187,20231215001133.128000000,20231214171133.128000000,1702599093128,8.411010E+3,1.068869E-17,1.719910E-16,6.868788E-8,2.198294E+0," IDEX "," 2023_12_14_run1 "," 8-90 km/s. Fe/pt olivine mix. IDEX FM. Det2500. Position 4 ",4," Iron "
8547191,20231215001150.163999999,20231214171150.163999999,1702599110164,6.622440E+4,4.952152E-19,4.942630E-16,2.467005E-8,2.197063E+0," IDEX "," 2023_12_14_run1 "," 8-90 km/s. Fe/pt olivine mix. IDEX FM. Det2500. Position 4 ",5," Iron "
8547202,20231215001253.131999999,20231214171253.131999999,1702599173132,1.487870E+4,3.441406E-18,1.733780E-16,4.707792E-8,2.197063E+0," IDEX "," 2023_12_14_run1 "," 8-90 km/s. Fe/pt olivine mix. IDEX FM. Det2500. Position 4 ",3," Iron "
8547205,20231215001322.503000000,20231214171322.503000000,1702599202503,1.700450E+4,5.780115E-18,3.801450E-16,5.596083E-8,2.198294E+0," IDEX "," 2023_12_14_run1 "," 8-90 km/s. Fe/pt olivine mix. IDEX FM. Det2500. Position 4 ",5," Iron "
8547207,20231215001329.533000000,20231214171329.533000000,1702599209533,1.061800E+4,8.276342E-18,2.122310E-16,6.307416E-8,2.198294E+0," IDEX "," 2023_12_14_run1 "," 8-90 km/s. Fe/pt olivine mix. IDEX FM. Det2500. Position 4 ",5," Iron "
8547208,20231215001334.225000000,20231214171334.225000000,1702599214225,8.668980E+3,1.171571E-17,2.002580E-16,7.082092E-8,2.198294E+0," IDEX "," 2023_12_14_run1 "," 8-90 km/s. Fe/pt olivine mix. IDEX FM. Det2500. Position 4 ",5," Iron "
8547209,20231215001336.881000000,20231214171336.881000000,1702599216881,1.912040E+4,3.800047E-18,3.161630E-16,4.865958E-8,2.197063E+0," IDEX "," 2023_12_14_run1 "," 8-90 km/s. Fe/pt olivine mix. IDEX FM. Det2500. Position 4 ",5," Iron "
8547224,20231215001437.973999999,20231214171437.973999999,1702599277974,8.717470E+3,2.035793E-17,3.520810E-16,8.514318E-8,2.197063E+0," IDEX "," 2023_12_14_run1 "," 8-90 km/s. Fe/pt olivine mix. IDEX FM. Det2500. Position 4 ",5," Iron "
8547226,20231215001454.381000000,20231214171454.381000000,1702599294381,1.423570E+4,3.953697E-18,1.822410E-16,4.930676E-8,2.198294E+0," IDEX "," 2023_12_14_run1 "," 8-90 km/s. Fe/pt olivine mix. IDEX FM. Det2500. Position 4 ",5," Iron "
8547229,20231215001505.787999999,20231214171505.787999999,1702599305788,8.105330E+3,1.296032E-17,1.936610E-16,7.324488E-8,2.198294E+0," IDEX "," 2023_12_14_run1 "," 8-90 km/s. Fe/pt olivine mix. IDEX FM. Det2500. Position 4 ",4," Iron "
8547231,20231215001517.966000000,20231214171517.966000000,1702599317966,1.752050E+4,1.309592E-17,9.148650E-16,7.349943E-8,2.197063E+0," IDEX "," 2023_12_14_run1 "," 8-90 km/s. Fe/pt olivine mix. IDEX FM. Det2500. Position 4 ",5," Iron "
8547233,20231215001528.910999999,20231214171528.910999999,1702599328911,1.145720E+4,7.480360E-18,2.234640E-16,6.098357E-8,2.197063E+0," IDEX "," 2023_12_14_run1 "," 8-90 km/s. Fe/pt olivine mix. IDEX FM. Det2500. Position 4 ",4," Iron "
8547238,20231215001559.847999999,20231214171559.847999999,1702599359848,8.481940E+3,7.436374E-18,1.217530E-16,6.086380E-8,2.197063E+0," IDEX "," 2023_12_14_run1 "," 8-90 km/s. Fe/pt olivine mix. IDEX FM. Det2500. Position 4 ",3," Iron "
8547239,20231215001605.783999999,20231214171605.783999999,1702599365784,8.779980E+3,9.965813E-18,1.747370E-16,6.710315E-8,2.198294E+0," IDEX "," 2023_12_14_run1 "," 8-90 km/s. Fe/pt olivine mix. IDEX FM. Det2500. Position 4 ",5," Iron "
8547242,20231215001622.814999999,20231214171622.814999999,1702599382815,8.077270E+3,1.532332E-17,2.275150E-16,7.745027E-8,2.197063E+0," IDEX "," 2023_12_14_run1 "," 8-90 km/s. Fe/pt olivine mix. IDEX FM. Det2500. Position 4 ",4," Iron "
8547245,20231215001640.464999999,20231214171640.464999999,1702599400465,1.300250E+4,3.398706E-18,1.306930E-16,4.688240E-8,2.198294E+0," IDEX "," 2023_12_14_run1 "," 8-90 km/s. Fe/pt olivine mix. IDEX FM. Det2500. Position 4 ",3," Iron "
8547250,20231215001700.314999999,20231214171700.314999999,1702599420315,7.972740E+3,1.210514E-17,1.749150E-16,7.159707E-8,2.199524E+0," IDEX "," 2023_12_14_run1 "," 8-90 km/s. Fe/pt olivine mix. IDEX FM. Det2500. Position 4 ",5," Iron "
8547257,20231215001716.251000000,20231214171716.251000000,1702599436251,1.026370E+4,6.234443E-18,1.494630E-16,5.739022E-8,2.197063E+0," IDEX "," 2023_12_14_run1 "," 8-90 km/s. Fe/pt olivine mix. IDEX FM. Det2500. Position 4 ",3," Iron "
8547269,20231215001814.373999999,20231214171814.373999999,1702599494374,1.064840E+4,7.009763E-18,1.808840E-16,5.967693E-8,2.197063E+0," IDEX "," 2023_12_14_run1 "," 8-90 km/s. Fe/pt olivine mix. IDEX FM. Det2500. Position 4 ",4," Iron "
8547271,20231215001829.378999999,20231214171829.378999999,1702599509379,8.132580E+3,1.573699E-17,2.368680E-16,7.814104E-8,2.197063E+0," IDEX "," 2023_12_14_run1 "," 8-90 km/s. Fe/pt olivine mix. IDEX FM. Det2500. Position 4 ",5," Iron "
8547282,20231215001922.660000000,20231214171922.660000000,1702599562660,1.167850E+4,6.968677E-18,2.161770E-16,5.956010E-8,2.198294E+0," IDEX "," 2023_12_14_run1 "," 8-90 km/s. Fe/pt olivine mix. IDEX FM. Det2500. Position 4 ",5," Iron "
8547298,20231215002033.595999999,20231214172033.595999999,1702599633596,8.899470E+3,8.547735E-18,1.539800E-16,6.375619E-8,2.198294E+0," IDEX "," 2023_12_14_run1 "," 8-90 km/s. Fe/pt olivine mix. IDEX FM. Det2500. Position 4 ",4," Iron "
8547299,20231215002043.597999999,20231214172043.597999999,1702599643598,9.875770E+3,1.562470E-17,3.466080E-16,7.795474E-8,2.198294E+0," IDEX "," 2023_12_14_run1 "," 8-90 km/s. Fe/pt olivine mix. IDEX FM. Det2500. Position 4 ",4," Iron "
8547301,20231215002056.089999999,20231214172056.089999999,1702599656090,7.720780E+4,3.437853E-19,4.658560E-16,2.184411E-8,2.199524E+0," IDEX "," 2023_12_14_run1 "," 8-90 km/s. Fe/pt olivine mix. IDEX FM. Det2500. Position 4 ",5," Iron "
8547304,20231215002100.469000000,20231214172100.469000000,1702599660469,8.114840E+3,2.470200E-17,3.699790E-16,9.081328E-8,2.198294E+0," IDEX "," 2023_12_14_run1 "," 8-90 km/s. Fe/pt olivine mix. IDEX FM. Det2500. Position 4 ",5," Iron "
8547313,20231215002159.535000000,20231214172159.535000000,1702599719535,8.888840E+3,1.186410E-17,2.130920E-16,7.111867E-8,2.199524E+0," IDEX "," 2023_12_14_run1 "," 8-90 km/s. Fe/pt olivine mix. IDEX FM. Det2500. Position 4 ",3," Iron "
8547318,20231215002222.033999999,20231214172222.033999999,1702599742034,8.455750E+3,1.548328E-17,2.519390E-16,7.771884E-8,2.197063E+0," IDEX "," 2023_12_14_run1 "," 8-90 km/s. Fe/pt olivine mix. IDEX FM. Det2500. Position 4 ",5," Iron "
8547320,20231215002250.001000000,20231214172250.001000000,1702599770001,1.471050E+4,6.191836E-18,3.047610E-16,5.725918E-8,2.198294E+0," IDEX "," 2023_12_14_run1 "," 8-90 km/s. Fe/pt olivine mix. IDEX FM. Det2500. Position 4 ",5," Iron "
8547322,20231215002252.033999999,20231214172252.033999999,1702599772034,8.524670E+3,8.705737E-18,1.438950E-16,6.414663E-8,2.198294E+0," IDEX "," 2023_12_14_run1 "," 8-90 km/s. Fe/pt olivine mix. IDEX FM. Det2500. Position 4 ",5," Iron "
8547324,20231215002302.023000000,20231214172302.023000000,1702599782023,1.341980E+4,5.778971E-18,2.367160E-16,5.595714E-8,2.198294E+0," IDEX "," 2023_12_14_run1 "," 8-90 km/s. Fe/pt olivine mix. IDEX FM. Det2500. Position 4 ",5," Iron "
8547329,20231215002340.939999999,20231214172340.939999999,1702599820940,1.541020E+4,5.030984E-18,2.720450E-16,5.343055E-8,2.195833E+0," IDEX "," 2023_12_14_run1 "," 8-90 km/s. Fe/pt olivine mix. IDEX FM. Det2500. Position 4 ",3," Iron "
8547331,20231215002343.746999999,20231214172343.746999999,1702599823747,2.256750E+4,1.418529E-18,1.645040E-16,3.503629E-8,2.195833E+0," IDEX "," 2023_12_14_run1 "," 8-90 km/s. Fe/pt olivine mix. IDEX FM. Det2500. Position 4 ",5," Iron "
8547332,20231215002354.526000000,20231214172354.526000000,1702599834526,2.606430E+4,1.483327E-18,2.293280E-16,3.556184E-8,2.197063E+0," IDEX "," 2023_12_14_run1 "," 8-90 km/s. Fe/pt olivine mix. IDEX FM. Det2500. Position 4 ",5," Iron "
8547333,20231215002354.844000000,20231214172354.844000000,1702599834844,6.734410E+4,6.835977E-19,7.055500E-16,2.746875E-8,2.197063E+0," IDEX "," 2023_12_14_run1 "," 8-90 km/s. Fe/pt olivine mix. IDEX FM. Det2500. Position 4 ",5," Iron "
8547337,20231215002404.066000000,20231214172404.066000000,1702599844066,9.746630E+3,1.482265E-17,3.204520E-16,7.659739E-8,2.197063E+0," IDEX "," 2023_12_14_run1 "," 8-90 km/s. Fe/pt olivine mix. IDEX FM. Det2500. Position 4 ",5," Iron "
8547347,20231215002448.898999999,20231214172448.898999999,1702599888899,1.796190E+4,4.079330E-18,2.991820E-16,4.982358E-8,2.199524E+0," IDEX "," 2023_12_14_run1 "," 8-90 km/s. Fe/pt olivine mix. IDEX FM. Det2500. Position 4 ",4," Iron "
8547356,20231215002521.870000000,20231214172521.870000000,1702599921870,1.796030E+4,9.222229E-17,6.770040E-15,1.408804E-7,2.197063E+0," IDEX "," 2023_12_14_run1 "," 8-90 km/s. Fe/pt olivine mix. IDEX FM. Det2500. Position 4 ",5," Iron "
8547358,20231215002533.592999999,20231214172533.592999999,1702599933593,1.953330E+4,2.623258E-18,2.276550E-16,4.300500E-8,2.198294E+0," IDEX "," 2023_12_14_run1 "," 8-90 km/s. Fe/pt olivine mix. IDEX FM. Det2500. Position 4 ",5," Iron "
8547362,20231215002544.688000000,20231214172544.688000000,1702599944688,1.498560E+4,4.421608E-18,2.259730E-16,5.117982E-8,2.197063E+0," IDEX "," 2023_12_14_run1 "," 8-90 km/s. Fe/pt olivine mix. IDEX FM. Det2500. Position 4 ",5," Iron "
8547377,20231215002709.373000000,20231214172709.373000000,1702600029373,1.221460E+4,5.462710E-18,1.854790E-16,5.491716E-8,2.197063E+0," IDEX "," 2023_12_14_run1 "," 8-90 km/s. Fe/pt olivine mix. IDEX FM. Det2500. Position 4 ",5," Iron "
8547380,20231215002752.185000000,20231214172752.185000000,1702600072185,2.650760E+4,2.668129E-18,4.266540E-16,4.324882E-8,2.197063E+0," IDEX "," 2023_12_14_run1 "," 8-90 km/s. Fe/pt olivine mix. IDEX FM. Det2500. Position 4 ",5," Iron "
8547386,20231215002913.589999999,20231214172913.589999999,1702600153590,1.464490E+4,2.961309E-18,1.444580E-16,4.477819E-8,2.198294E+0," IDEX "," 2023_12_14_run1 "," 8-90 km/s. Fe/pt olivine mix. IDEX FM. Det2500. Position 4 ",4," Iron "
8547391,20231215002937.341999999,20231214172937.341999999,1702600177342,9.444990E+3,1.366284E-17,2.773780E-16,7.454508E-8,2.197063E+0," IDEX "," 2023_12_14_run1 "," 8-90 km/s. Fe/pt olivine mix. IDEX FM. Det2500. Position 4 ",5," Iron "
8547392,20231215002948.274999999,20231214172948.274999999,1702600188275,1.635080E+4,1.039491E-17,6.324510E-16,6.805274E-8,2.197063E+0," IDEX "," 2023_12_14_run1 "," 8-90 km/s. Fe/pt olivine mix. IDEX FM. Det2500. Position 4 ",5," Iron "
8547399,20231215003011.557000000,20231214173011.557000000,1702600211557,8.122190E+3,1.924062E-17,2.885410E-16,8.355615E-8,2.199524E+0," IDEX "," 2023_12_14_run1 "," 8-90 km/s. Fe/pt olivine mix. IDEX FM. Det2500. Position 4 ",5," Iron "
8547414,20231215003132.810000000,20231214173132.810000000,1702600292810,8.648640E+3,1.021488E-17,1.738830E-16,6.765758E-8,2.197063E+0," IDEX "," 2023_12_14_run1 "," 8-90 km/s. Fe/pt olivine mix. IDEX FM. Det2500. Position 4 ",4," Iron "
8547418,20231215003150.620000000,20231214173150.620000000,1702600310620,1.403700E+4,5.042478E-18,2.259840E-16,5.347121E-8,2.198294E+0," IDEX "," 2023_12_14_run1 "," 8-90 km/s. Fe/pt olivine mix. IDEX FM. Det2500. Position 4 ",5," Iron "
8547419,20231215003201.714999999,20231214173201.714999999,1702600321715,1.076820E+4,7.260808E-18,1.917090E-16,6.038100E-8,2.195833E+0," IDEX "," 2023_12_14_run1 "," 8-90 km/s. Fe/pt olivine mix. IDEX FM. Det2500. Position 4 ",3," Iron "
8547420,20231215003203.743999999,20231214173203.743999999,1702600323744,9.977230E+3,1.058784E-17,2.399930E-16,6.847117E-8,2.195833E+0," IDEX "," 2023_12_14_run1 "," 8-90 km/s. Fe/pt olivine mix. IDEX FM. Det2500. Position 4 ",5," Iron "
8547422,20231215003217.807999999,20231214173217.807999999,1702600337808,1.304200E+4,4.619887E-18,1.787330E-16,5.193368E-8,2.198294E+0," IDEX "," 2023_12_14_run1 "," 8-90 km/s. Fe/pt olivine mix. IDEX FM. Det2500. Position 4 ",3," Iron "
8547445,20231215003425.074000000,20231214173425.074000000,1702600465074,1.251870E+4,6.982771E-18,2.490430E-16,5.960023E-8,2.197063E+0," IDEX "," 2023_12_14_run1 "," 8-90 km/s. Fe/pt olivine mix. IDEX FM. Det2500. Position 4 ",5," Iron "
8547447,20231215003432.023999999,20231214173432.023999999,1702600472024,9.706320E+3,8.272195E-18,1.773610E-16,6.306362E-8,2.197063E+0," IDEX "," 2023_12_14_run1 "," 8-90 km/s. Fe/pt olivine mix. IDEX FM. Det2500. Position 4 ",5," Iron "
8547458,20231215003500.774999999,20231214173500.774999999,1702600500775,1.923880E+4,1.319940E-18,1.111830E-16,3.420504E-8,2.197063E+0," IDEX "," 2023_12_14_run1 "," 8-90 km/s. Fe/pt olivine mix. IDEX FM. Det2500. Position 4 ",4," Iron "
8547463,20231215003523.742000000,20231214173523.742000000,1702600523742,1.634470E+4,5.577930E-18,3.387420E-16,5.530058E-8,2.199524E+0," IDEX "," 2023_12_14_run1 "," 8-90 km/s. Fe/pt olivine mix. IDEX FM. Det2500. Position 4 ",4," Iron "
8547485,20231215003734.839000000,20231214173734.839000000,1702600654839,1.161760E+4,9.166232E-18,2.813900E-16,6.525828E-8,2.198294E+0," IDEX "," 2023_12_14_run1 "," 8-90 km/s. Fe/pt olivine mix. IDEX FM. Det2500. Position 4 ",3," Iron "
8547486,20231215003737.643999999,20231214173737.643999999,1702600657644,1.837290E+4,2.104499E-17,1.616710E-15,8.609043E-8,2.197063E+0," IDEX "," 2023_12_14_run1 "," 8-90 km/s. Fe/pt olivine mix. IDEX FM. Det2500. Position 4 ",5," Iron "
8547487,20231215003741.859000000,20231214173741.859000000,1702600661859,1.515080E+4,5.809372E-18,3.033090E-16,5.605509E-8,2.198294E+0," IDEX "," 2023_12_14_run1 "," 8-90 km/s. Fe/pt olivine mix. IDEX FM. Det2500. Position 4 ",5," Iron "
8547488,20231215003743.118000000,20231214173743.118000000,1702600663118,9.526920E+3,8.240191E-18,1.701090E-16,6.298219E-8,2.198294E+0," IDEX "," 2023_12_14_run1 "," 8-90 km/s. Fe/pt olivine mix. IDEX FM. Det2500. Position 4 ",3," Iron "
8547491,20231215003759.680000000,20231214173759.680000000,1702600679680,9.133870E+3,1.265831E-17,2.403330E-16,7.267146E-8,2.197063E+0," IDEX "," 2023_12_14_run1 "," 8-90 km/s. Fe/pt olivine mix. IDEX FM. Det2500. Position 4 ",4," Iron "
8547493,20231215003819.057999999,20231214173819.057999999,1702600699058,8.323130E+3,3.211724E-17,5.063370E-16,9.911774E-8,2.197063E+0," IDEX "," 2023_12_14_run1 "," 8-90 km/s. Fe/pt olivine mix. IDEX FM. Det2500. Position 4 ",5," Iron "
8547515,20231215003935.304000000,20231214173935.304000000,1702600775304,8.211160E+3,8.809335E-18,1.351700E-16,6.440008E-8,2.197063E+0," IDEX "," 2023_12_14_run1 "," 8-90 km/s. Fe/pt olivine mix. IDEX FM. Det2500. Position 4 ",5," Iron "
8547516,20231215003936.861999999,20231214173936.861999999,1702600776862,1.313410E+4,6.739127E-18,2.645650E-16,5.889881E-8,2.197063E+0," IDEX "," 2023_12_14_run1 "," 8-90 km/s. Fe/pt olivine mix. IDEX FM. Det2500. Position 4 ",5," Iron "
8547520,20231215003956.709000000,20231214173956.709000000,1702600796709,1.090010E+4,1.828399E-17,4.943790E-16,8.214774E-8,2.197063E+0," IDEX "," 2023_12_14_run1 "," 8-90 km/s. Fe/pt olivine mix. IDEX FM. Det2500. Position 4 ",5," Iron "
8547524,20231215004029.679000000,20231214174029.679000000,1702600829679,9.687010E+3,1.065672E-17,2.273240E-16,6.861934E-8,2.199524E+0," IDEX "," 2023_12_14_run1 "," 8-90 km/s. Fe/pt olivine mix. IDEX FM. Det2500. Position 4 ",5," Iron "
8547533,20231215004113.743000000,20231214174113.743000000,1702600873743,9.892120E+3,8.497966E-18,1.891380E-16,6.363221E-8,2.198294E+0," IDEX "," 2023_12_14_run1 "," 8-90 km/s. Fe/pt olivine mix. IDEX FM. Det2500. Position 4 ",4," Iron "
8547537,20231215004133.895000000,20231214174133.895000000,1702600893895,1.669700E+4,3.794964E-18,2.406410E-16,4.863787E-8,2.198294E+0," IDEX "," 2023_12_14_run1 "," 8-90 km/s. Fe/pt olivine mix. IDEX FM. Det2500. Position 4 ",3," Iron "
8547539,20231215004140.611999999,20231214174140.611999999,1702600900612,9.806510E+3,1.143221E-17,2.500600E-16,7.024500E-8,2.198294E+0," IDEX "," 2023_12_14_run1 "," 8-90 km/s. Fe/pt olivine mix. IDEX FM. Det2500. Position 4 ",5," Iron "
8547550,20231215004229.212999999,20231214174229.212999999,1702600949213,3.983230E+4,1.835125E-18,6.626200E-16,3.817630E-8,2.197063E+0," IDEX "," 2023_12_14_run1 "," 8-90 km/s. Fe/pt olivine mix. IDEX FM. Det2500. Position 4 ",5," Iron "
8547554,20231215004247.493000000,20231214174247.493000000,1702600967493,1.198920E+4,1.150641E-17,3.763990E-16,7.039664E-8,2.197063E+0," IDEX "," 2023_12_14_run1 "," 8-90 km/s. Fe/pt olivine mix. IDEX FM. Det2500. Position 4 ",5," Iron "
8547556,20231215004249.367000000,20231214174249.367000000,1702600969367,8.890640E+3,1.668875E-17,3.002050E-16,7.968562E-8,2.197063E+0," IDEX "," 2023_12_14_run1 "," 8-90 km/s. Fe/pt olivine mix. IDEX FM. Det2500. Position 4 ",5," Iron "
8547557,20231215004250.765999999,20231214174250.765999999,1702600970766,1.696280E+4,8.935926E-18,5.851440E-16,6.470709E-8,2.197063E+0," IDEX "," 2023_12_14_run1 "," 8-90 km/s. Fe/pt olivine mix. IDEX FM. Det2500. Position 4 ",3," Iron "
8547569,20231215004427.337000000,20231214174427.337000000,1702601067337,8.213040E+3,9.779966E-18,1.500480E-16,6.668341E-8,2.198294E+0," IDEX "," 2023_12_14_run1 "," 8-90 km/s. Fe/pt olivine mix. IDEX FM. Det2500. Position 4 ",5," Iron "
8547581,20231215004453.895000000,20231214174453.895000000,1702601093895,1.108140E+4,7.434134E-18,2.076370E-16,6.085769E-8,2.198294E+0," IDEX "," 2023_12_14_run1 "," 8-90 km/s. Fe/pt olivine mix. IDEX FM. Det2500. Position 4 ",3," Iron "
8547582,20231215004456.862999999,20231214174456.862999999,1702601096863,9.180870E+3,1.207401E-17,2.314750E-16,7.153564E-8,2.198294E+0," IDEX "," 2023_12_14_run1 "," 8-90 km/s. Fe/pt olivine mix. IDEX FM. Det2500. Position 4 ",4," Iron "
8547586,20231215004511.395000000,20231214174511.395000000,1702601111395,1.840120E+4,1.188801E-18,9.155590E-17,3.303252E-8,2.198294E+0," IDEX "," 2023_12_14_run1 "," 8-90 km/s. Fe/pt olivine mix. IDEX FM. Det2500. Position 4 ",3," Iron "
8547588,20231215004513.277000000,20231214174513.277000000,1702601113277,9.847410E+3,9.592214E-18,2.115670E-16,6.625393E-8,2.198294E+0," IDEX "," 2023_12_14_run1 "," 8-90 km/s. Fe/pt olivine mix. IDEX FM. Det2500. Position 4 ",4," Iron "
8547595,20231215004542.324999999,20231214174542.324999999,1702601142325,9.448380E+3,8.902889E-18,1.808730E-16,6.462724E-8,2.197063E+0," IDEX "," 2023_12_14_run1 "," 8-90 km/s. Fe/pt olivine mix. IDEX FM. Det2500. Position 4 ",4," Iron "
8547604,20231215004617.791999999,20231214174617.791999999,1702601177792,1.022930E+4,1.940093E-17,4.617420E-16,8.378755E-8,2.198294E+0," IDEX "," 2023_12_14_run1 "," 8-90 km/s. Fe/pt olivine mix. IDEX FM. Det2500. Position 4 ",3," Iron "
8547610,20231215004641.709000000,20231214174641.709000000,1702601201709,1.795950E+4,2.402988E-18,1.762890E-16,4.176597E-8,2.198294E+0," IDEX "," 2023_12_14_run1 "," 8-90 km/s. Fe/pt olivine mix. IDEX FM. Det2500. Position 4 ",4," Iron "
8547614,20231215004728.583000000,20231214174728.583000000,1702601248583,8.495100E+3,1.539218E-17,2.527930E-16,7.756611E-8,2.197063E+0," IDEX "," 2023_12_14_run1 "," 8-90 km/s. Fe/pt olivine mix. IDEX FM. Det2500. Position 4 ",5," Iron "
8547627,20231215004835.459000000,20231214174835.459000000,1702601315459,1.553030E+4,5.287685E-18,2.900750E-16,5.432426E-8,2.198294E+0," IDEX "," 2023_12_14_run1 "," 8-90 km/s. Fe/pt olivine mix. IDEX FM. Det2500. Position 4 ",3," Iron "
8547628,20231215004839.518000000,20231214174839.518000000,1702601319518,9.318650E+3,2.155081E-17,4.256520E-16,8.677471E-8,2.198294E+0," IDEX "," 2023_12_14_run1 "," 8-90 km/s. Fe/pt olivine mix. IDEX FM. Det2500. Position 4 ",5," Iron "
8547634,20231215004858.263000000,20231214174858.263000000,1702601338263,1.685840E+4,5.998967E-18,3.880050E-16,5.665838E-8,2.197063E+0," IDEX "," 2023_12_14_run1 "," 8-90 km/s. Fe/pt olivine mix. IDEX FM. Det2500. Position 4 ",5," Iron "
8547645,20231215004958.268999999,20231214174958.268999999,1702601398269,8.273880E+3,6.393094E-18,9.948820E-17,5.787296E-8,2.199524E+0," IDEX "," 2023_12_14_run1 "," 8-90 km/s. Fe/pt olivine mix. IDEX FM. Det2500. Position 4 ",5," Iron "
8547648,20231215005017.171000000,20231214175017.171000000,1702601417171,9.140860E+3,1.111525E-17,2.111230E-16,6.958972E-8,2.199524E+0," IDEX "," 2023_12_14_run1 "," 8-90 km/s. Fe/pt olivine mix. IDEX FM. Det2500. Position 4 ",4," Iron "
8547651,20231215005031.388999999,20231214175031.388999999,1702601431389,8.529830E+3,7.530952E-18,1.246280E-16,6.112074E-8,2.198294E+0," IDEX "," 2023_12_14_run1 "," 8-90 km/s. Fe/pt olivine mix. IDEX FM. Det2500. Position 4 ",3," Iron "
8547655,20231215005050.302999999,20231214175050.302999999,1702601450303,1.043010E+4,7.635940E-18,1.890460E-16,6.140345E-8,2.197063E+0," IDEX "," 2023_12_14_run1 "," 8-90 km/s. Fe/pt olivine mix. IDEX FM. Det2500. Position 4 ",3," Iron "
8547657,20231215005055.918000000,20231214175055.918000000,1702601455918,1.145850E+4,7.989823E-18,2.386040E-16,6.233774E-8,2.198294E+0," IDEX "," 2023_12_14_run1 "," 8-90 km/s. Fe/pt olivine mix. IDEX FM. Det2500. Position 4 ",5," Iron "
8547663,20231215005117.802000000,20231214175117.802000000,1702601477802,8.338800E+3,7.637686E-18,1.208640E-16,6.140814E-8,2.197063E+0," IDEX "," 2023_12_14_run1 "," 8-90 km/s. Fe/pt olivine mix. IDEX FM. Det2500. Position 4 ",3," Iron "
8547666,20231215005132.177000000,20231214175132.177000000,1702601492177,1.201910E+4,4.361611E-18,1.433900E-16,5.094727E-8,2.197063E+0," IDEX "," 2023_12_14_run1 "," 8-90 km/s. Fe/pt olivine mix. IDEX FM. Det2500. Position 4 ",4," Iron "
8547671,20231215005229.777000000,20231214175229.777000000,1702601549777,1.052480E+4,1.138224E-17,2.869350E-16,7.014251E-8,2.197063E+0," IDEX "," 2023_12_14_run1 "," 8-90 km/s. Fe/pt olivine mix. IDEX FM. Det2500. Position 4 ",5," Iron "
8547673,20231215005236.177000000,20231214175236.177000000,1702601556177,1.451290E+4,4.866395E-18,2.330010E-16,5.284141E-8,2.199524E+0," IDEX "," 2023_12_14_run1 "," 8-90 km/s. Fe/pt olivine mix. IDEX FM. Det2500. Position 4 ",5," Iron "
8547676,20231215005258.512000000,20231214175258.512000000,1702601578512,2.203410E+4,2.050403E-18,2.264200E-16,3.961427E-8,2.198294E+0," IDEX "," 2023_12_14_run1 "," 8-90 km/s. Fe/pt olivine mix. IDEX FM. Det2500. Position 4 ",5," Iron "
8547685,20231215005328.507999999,20231214175328.507999999,1702601608508,1.975250E+4,3.163249E-18,2.807130E-16,4.577375E-8,2.198294E+0," IDEX "," 2023_12_14_run1 "," 8-90 km/s. Fe/pt olivine mix. IDEX FM. Det2500. Position 4 ",5," Iron "
8547689,20231215005347.893000000,20231214175347.893000000,1702601627893,9.084210E+3,1.130446E-17,2.124200E-16,6.998236E-8,2.195833E+0," IDEX "," 2023_12_14_run1 "," 8-90 km/s. Fe/pt olivine mix. IDEX FM. Det2500. Position 4 ",4," Iron "
8547691,20231215005353.827000000,20231214175353.827000000,1702601633827,1.449530E+4,3.273052E-18,1.564200E-16,4.629737E-8,2.198294E+0," IDEX "," 2023_12_14_run1 "," 8-90 km/s. Fe/pt olivine mix. IDEX FM. Det2500. Position 4 ",3," Iron "
8547695,20231215005429.452999999,20231214175429.452999999,1702601669453,2.733070E+4,4.167241E-18,7.080030E-16,5.017895E-8,2.198294E+0," IDEX "," 2023_12_14_run1 "," 8-90 km/s. Fe/pt olivine mix. IDEX FM. Det2500. Position 4 ",5," Iron "
8547696,20231215005441.330000000,20231214175441.330000000,1702601681330,9.327910E+3,5.482581E-18,1.085630E-16,5.498367E-8,2.197063E+0," IDEX "," 2023_12_14_run1 "," 8-90 km/s. Fe/pt olivine mix. IDEX FM. Det2500. Position 4 ",3," Iron "
8547700,20231215005456.324999999,20231214175456.324999999,1702601696325,1.186690E+4,5.495657E-18,1.760270E-16,5.502734E-8,2.198294E+0," IDEX "," 2023_12_14_run1 "," 8-90 km/s. Fe/pt olivine mix. IDEX FM. Det2500. Position 4 ",5," Iron "
8547706,20231215005525.077000000,20231214175525.077000000,1702601725077,1.121030E+4,3.723407E-18,1.064290E-16,4.833023E-8,2.198294E+0," IDEX "," 2023_12_14_run1 "," 8-90 km/s. Fe/pt olivine mix. IDEX FM. Det2500. Position 4 ",4," Iron "
8547710,20231215005545.390000000,20231214175545.390000000,1702601745390,8.731180E+3,1.371516E-17,2.379440E-16,7.464011E-8,2.197063E+0," IDEX "," 2023_12_14_run1 "," 8-90 km/s. Fe/pt olivine mix. IDEX FM. Det2500. Position 4 ",5," Iron "
8547717,20231215005644.915999999,20231214175644.915999999,1702601804916,1.679090E+4,4.656514E-18,2.987700E-16,5.207056E-8,2.197063E+0," IDEX "," 2023_12_14_run1 "," 8-90 km/s. Fe/pt olivine mix. IDEX FM. Det2500. Position 4 ",4," Iron "
8547720,20231215005654.138999999,20231214175654.138999999,1702601814139,1.021190E+4,1.070184E-17,2.538380E-16,6.871605E-8,2.198294E+0," IDEX "," 2023_12_14_run1 "," 8-90 km/s. Fe/pt olivine mix. IDEX FM. Det2500. Position 4 ",4," Iron "
8547742,20231215005902.253999999,20231214175902.253999999,1702601942254,1.590690E+4,1.947341E-18,1.121350E-16,3.893911E-8,2.197063E+0," IDEX "," 2023_12_14_run1 "," 8-90 km/s. Fe/pt olivine mix. IDEX FM. Det2500. Position 4 ",4," Iron "
8547744,20231215005914.597999999,20231214175914.597999999,1702601954598,1.386230E+4,2.896736E-18,1.266090E-16,4.445033E-8,2.198294E+0," IDEX "," 2023_12_14_run1 "," 8-90 km/s. Fe/pt olivine mix. IDEX FM. Det2500. Position 4 ",4," Iron "
8547746,20231215005927.885000000,20231214175927.885000000,1702601967885,1.407510E+4,2.009105E-17,9.058030E-16,8.476949E-8,2.197063E+0," IDEX "," 2023_12_14_run1 "," 8-90 km/s. Fe/pt olivine mix. IDEX FM. Det2500. Position 4 ",5," Iron "
8547747,20231215005931.171000000,20231214175931.171000000,1702601971171,8.012600E+3,1.186660E-17,1.733810E-16,7.112367E-8,2.197063E+0," IDEX "," 2023_12_14_run1 "," 8-90 km/s. Fe/pt olivine mix. IDEX FM. Det2500. Position 4 ",4," Iron "
8547758,20231215010009.135999999,20231214180009.135999999,1702602009136,1.008720E+4,8.334742E-18,1.931100E-16,6.322217E-8,2.195833E+0," IDEX "," 2023_12_14_run1 "," 8-90 km/s. Fe/pt olivine mix. IDEX FM. Det2500. Position 4 ",5," Iron "
8547760,20231215010025.390999999,20231214180025.390999999,1702602025391,8.419820E+3,1.155523E-17,1.865330E-16,7.049607E-8,2.195833E+0," IDEX "," 2023_12_14_run1 "," 8-90 km/s. Fe/pt olivine mix. IDEX FM. Det2500. Position 4 ",3," Iron "
8547761,20231215010031.016999999,20231214180031.016999999,1702602031017,8.578450E+3,1.357324E-17,2.274430E-16,7.438177E-8,2.195833E+0," IDEX "," 2023_12_14_run1 "," 8-90 km/s. Fe/pt olivine mix. IDEX FM. Det2500. Position 4 ",5," Iron "
8547773,20231215010118.981999999,20231214180118.981999999,1702602078982,8.496010E+4,3.889376E-19,6.381930E-16,2.276138E-8,2.199524E+0," IDEX "," 2023_12_14_run1 "," 8-90 km/s. Fe/pt olivine mix. IDEX FM. Det2500. Position 4 ",5," Iron "
8547779,20231215010136.319999999,20231214180136.319999999,1702602096320,1.924820E+4,4.506173E-18,3.799410E-16,5.150404E-8,2.197063E+0," IDEX "," 2023_12_14_run1 "," 8-90 km/s. Fe/pt olivine mix. IDEX FM. Det2500. Position 4 ",5," Iron "
8547783,20231215010156.331000000,20231214180156.331000000,1702602116331,8.537220E+3,2.686092E-17,4.447880E-16,9.338540E-8,2.200754E+0," IDEX "," 2023_12_14_run1 "," 8-90 km/s. Fe/pt olivine mix. IDEX FM. Det2500. Position 4 ",3," Iron "
8547790,20231215010239.266999999,20231214180239.266999999,1702602159267,8.153600E+3,7.277307E-17,1.100410E-15,1.301854E-7,2.198294E+0," IDEX "," 2023_12_14_run1 "," 8-90 km/s. Fe/pt olivine mix. IDEX FM. Det2500. Position 4 ",5," Iron "
8547794,20231215010300.143000000,20231214180300.143000000,1702602180143,1.116110E+4,2.291298E-17,6.488400E-16,8.856576E-8,2.199524E+0," IDEX "," 2023_12_14_run1 "," 8-90 km/s. Fe/pt olivine mix. IDEX FM. Det2500. Position 4 ",5," Iron "
8547798,20231215010308.236999999,20231214180308.236999999,1702602188237,1.420340E+4,3.266524E-18,1.499680E-16,4.626657E-8,2.197063E+0," IDEX "," 2023_12_14_run1 "," 8-90 km/s. Fe/pt olivine mix. IDEX FM. Det2500. Position 4 ",4," Iron "
8547799,20231215010309.415000000,20231214180309.415000000,1702602189415,1.060690E+4,1.601336E-17,4.097740E-16,7.859582E-8,2.198294E+0," IDEX "," 2023_12_14_run1 "," 8-90 km/s. Fe/pt olivine mix. IDEX FM. Det2500. Position 4 ",4," Iron "
8547803,20231215010329.415999999,20231214180329.415999999,1702602209416,1.150800E+4,5.990095E-18,1.804340E-16,5.663043E-8,2.198294E+0," IDEX "," 2023_12_14_run1 "," 8-90 km/s. Fe/pt olivine mix. IDEX FM. Det2500. Position 4 ",5," Iron "
8547804,20231215010331.183999999,20231214180331.183999999,1702602211184,1.037960E+4,4.943952E-18,1.212170E-16,5.312065E-8,2.197063E+0," IDEX "," 2023_12_14_run1 "," 8-90 km/s. Fe/pt olivine mix. IDEX FM. Det2500. Position 4 ",4," Iron "
8547807,20231215010352.797999999,20231214180352.797999999,1702602232798,2.258820E+4,2.637215E-18,3.060510E-16,4.308114E-8,2.198294E+0," IDEX "," 2023_12_14_run1 "," 8-90 km/s. Fe/pt olivine mix. IDEX FM. Det2500. Position 4 ",4," Iron "
8547808,20231215010356.327999999,20231214180356.327999999,1702602236328,2.172570E+4,2.492177E-18,2.675540E-16,4.227643E-8,2.198294E+0," IDEX "," 2023_12_14_run1 "," 8-90 km/s. Fe/pt olivine mix. IDEX FM. Det2500. Position 4 ",4," Iron "
8547810,20231215010408.231000000,20231214180408.231000000,1702602248231,1.227010E+4,1.224146E-17,4.194280E-16,7.186483E-8,2.197063E+0," IDEX "," 2023_12_14_run1 "," 8-90 km/s. Fe/pt olivine mix. IDEX FM. Det2500. Position 4 ",3," Iron "
8547812,20231215010436.530000000,20231214180436.530000000,1702602276530,1.514440E+4,3.196073E-18,1.667270E-16,4.593153E-8,2.198294E+0," IDEX "," 2023_12_14_run1 "," 8-90 km/s. Fe/pt olivine mix. IDEX FM. Det2500. Position 4 ",3," Iron "
8547813,20231215010441.680000000,20231214180441.680000000,1702602281680,1.501870E+4,8.980598E-18,4.607390E-16,6.481473E-8,2.198294E+0," IDEX "," 2023_12_14_run1 "," 8-90 km/s. Fe/pt olivine mix. IDEX FM. Det2500. Position 4 ",5," Iron "
8547815,20231215010459.770000000,20231214180459.770000000,1702602299770,9.519790E+3,1.687718E-17,3.480830E-16,7.998440E-8,2.197063E+0," IDEX "," 2023_12_14_run1 "," 8-90 km/s. Fe/pt olivine mix. IDEX FM. Det2500. Position 4 ",5," Iron "
8547818,20231215010511.089000000,20231214180511.089000000,1702602311089,8.427550E+3,2.418845E-17,3.907470E-16,9.017953E-8,2.198294E+0," IDEX "," 2023_12_14_run1 "," 8-90 km/s. Fe/pt olivine mix. IDEX FM. Det2500. Position 4 ",5," Iron "
8547828,20231215162402.077999999,20231215092402.077999999,1702657442078,9.234190E+3,2.021501E-17,3.925030E-16,8.494347E-8,2.195833E+0," IDEX "," 2023_12_15_run0 "," 8-90 km/s. Fe/pt olivine mix. IDEX FM. Det2500. Position 4 ",5," Iron "
8547840,20231215162533.006999999,20231215092533.006999999,1702657533007,9.310070E+3,2.084988E-17,4.112800E-16,8.582356E-8,2.197063E+0," IDEX "," 2023_12_15_run0 "," 8-90 km/s. Fe/pt olivine mix. IDEX FM. Det2500. Position 4 ",5," Iron "
8547853,20231215162751.439999999,20231215092751.439999999,1702657671440,1.683750E+4,3.259460E-18,2.102950E-16,4.623319E-8,2.197063E+0," IDEX "," 2023_12_15_run0 "," 8-90 km/s. Fe/pt olivine mix. IDEX FM. Det2500. Position 4 ",4," Iron "
8547855,20231215162756.621999999,20231215092756.621999999,1702657676622,1.089830E+4,6.589241E-18,1.781070E-16,5.845888E-8,2.197063E+0," IDEX "," 2023_12_15_run0 "," 8-90 km/s. Fe/pt olivine mix. IDEX FM. Det2500. Position 4 ",4," Iron "
8547856,20231215162758.938000000,20231215092758.938000000,1702657678938,1.258300E+4,4.573627E-18,1.648000E-16,5.175976E-8,2.197063E+0," IDEX "," 2023_12_15_run0 "," 8-90 km/s. Fe/pt olivine mix. IDEX FM. Det2500. Position 4 ",4," Iron "
8547859,20231215162830.243999999,20231215092830.243999999,1702657710244,9.832670E+3,9.739780E-18,2.142990E-16,6.659194E-8,2.197063E+0," IDEX "," 2023_12_15_run0 "," 8-90 km/s. Fe/pt olivine mix. IDEX FM. Det2500. Position 4 ",4," Iron "
8547868,20231215162918.873000000,20231215092918.873000000,1702657758873,1.028830E+4,1.072631E-17,2.583840E-16,6.876838E-8,2.197063E+0," IDEX "," 2023_12_15_run0 "," 8-90 km/s. Fe/pt olivine mix. IDEX FM. Det2500. Position 4 ",5," Iron "
8547869,20231215162925.694999999,20231215092925.694999999,1702657765695,9.565740E+3,2.233537E-17,4.651130E-16,8.781521E-8,2.197063E+0," IDEX "," 2023_12_15_run0 "," 8-90 km/s. Fe/pt olivine mix. IDEX FM. Det2500. Position 4 ",3," Iron "
8547873,20231215162951.523000000,20231215092951.523000000,1702657791523,1.563690E+4,6.689559E-18,3.718270E-16,5.875405E-8,2.199524E+0," IDEX "," 2023_12_15_run0 "," 8-90 km/s. Fe/pt olivine mix. IDEX FM. Det2500. Position 4 ",5," Iron "
8547879,20231215163026.564999999,20231215093026.564999999,1702657826565,1.020230E+4,7.312296E-18,1.732120E-16,6.052339E-8,2.197063E+0," IDEX "," 2023_12_15_run0 "," 8-90 km/s. Fe/pt olivine mix. IDEX FM. Det2500. Position 4 ",5," Iron "
8547880,20231215163033.506999999,20231215093033.506999999,1702657833507,1.134770E+4,8.407736E-18,2.462520E-16,6.340619E-8,2.198294E+0," IDEX "," 2023_12_15_run0 "," 8-90 km/s. Fe/pt olivine mix. IDEX FM. Det2500. Position 4 ",4," Iron "
8547881,20231215163035.500000000,20231215093035.500000000,1702657835500,1.179440E+4,8.006606E-18,2.534710E-16,6.238135E-8,2.197063E+0," IDEX "," 2023_12_15_run0 "," 8-90 km/s. Fe/pt olivine mix. IDEX FM. Det2500. Position 4 ",5," Iron "
8547882,20231215163048.567000000,20231215093048.567000000,1702657848567,8.544620E+3,1.475327E-17,2.451330E-16,7.647768E-8,2.197063E+0," IDEX "," 2023_12_15_run0 "," 8-90 km/s. Fe/pt olivine mix. IDEX FM. Det2500. Position 4 ",5," Iron "
8547884,20231215163050.433999999,20231215093050.433999999,1702657850434,1.082650E+4,1.363048E-17,3.635930E-16,7.448619E-8,2.197063E+0," IDEX "," 2023_12_15_run0 "," 8-90 km/s. Fe/pt olivine mix. IDEX FM. Det2500. Position 4 ",5," Iron "
8547885,20231215163051.092999999,20231215093051.092999999,1702657851093,1.981110E+4,5.194029E-18,4.639270E-16,5.400162E-8,2.197063E+0," IDEX "," 2023_12_15_run0 "," 8-90 km/s. Fe/pt olivine mix. IDEX FM. Det2500. Position 4 ",5," Iron "
8547888,20231215163101.756999999,20231215093101.756999999,1702657861757,8.562250E+3,2.457993E-17,4.100950E-16,9.066343E-8,2.197063E+0," IDEX "," 2023_12_15_run0 "," 8-90 km/s. Fe/pt olivine mix. IDEX FM. Det2500. Position 4 ",5," Iron "
8547891,20231215163112.831000000,20231215093112.831000000,1702657872831,1.329490E+4,5.425006E-18,2.182220E-16,5.479052E-8,2.197063E+0," IDEX "," 2023_12_15_run0 "," 8-90 km/s. Fe/pt olivine mix. IDEX FM. Det2500. Position 4 ",5," Iron "
8547892,20231215163118.030999999,20231215093118.030999999,1702657878031,8.717470E+3,1.154127E-17,1.996010E-16,7.046767E-8,2.197063E+0," IDEX "," 2023_12_15_run0 "," 8-90 km/s. Fe/pt olivine mix. IDEX FM. Det2500. Position 4 ",5," Iron "
8547893,20231215163129.759000000,20231215093129.759000000,1702657889759,8.546100E+3,1.098305E-17,1.824500E-16,6.931273E-8,2.198294E+0," IDEX "," 2023_12_15_run0 "," 8-90 km/s. Fe/pt olivine mix. IDEX FM. Det2500. Position 4 ",5," Iron "
8547894,20231215163132.560000000,20231215093132.560000000,1702657892560,1.675800E+4,1.056768E-17,6.753860E-16,6.842769E-8,2.197063E+0," IDEX "," 2023_12_15_run0 "," 8-90 km/s. Fe/pt olivine mix. IDEX FM. Det2500. Position 4 ",5," Iron "
8547897,20231215163154.297000000,20231215093154.297000000,1702657914297,1.314420E+4,3.935826E-18,1.546640E-16,4.923236E-8,2.198294E+0," IDEX "," 2023_12_15_run0 "," 8-90 km/s. Fe/pt olivine mix. IDEX FM. Det2500. Position 4 ",5," Iron "
8547902,20231215163208.831999999,20231215093208.831999999,1702657928832,8.709190E+3,1.088593E-17,1.880150E-16,6.910782E-8,2.195833E+0," IDEX "," 2023_12_15_run0 "," 8-90 km/s. Fe/pt olivine mix. IDEX FM. Det2500. Position 4 ",4," Iron "
8547903,20231215163210.566000000,20231215093210.566000000,1702657930566,9.340060E+3,1.254197E-17,2.491360E-16,7.244815E-8,2.195833E+0," IDEX "," 2023_12_15_run0 "," 8-90 km/s. Fe/pt olivine mix. IDEX FM. Det2500. Position 4 ",5," Iron "
8547904,20231215163211.893999999,20231215093211.893999999,1702657931894,1.312280E+4,5.783184E-18,2.267730E-16,5.597073E-8,2.195833E+0," IDEX "," 2023_12_15_run0 "," 8-90 km/s. Fe/pt olivine mix. IDEX FM. Det2500. Position 4 ",5," Iron "
8547905,20231215163215.902000000,20231215093215.902000000,1702657935902,9.433010E+3,1.452221E-17,2.942420E-16,7.607634E-8,2.195833E+0," IDEX "," 2023_12_15_run0 "," 8-90 km/s. Fe/pt olivine mix. IDEX FM. Det2500. Position 4 ",5," Iron "
8547907,20231215163225.626999999,20231215093225.626999999,1702657945627,1.852570E+4,8.985470E-18,7.014150E-16,6.482645E-8,2.198294E+0," IDEX "," 2023_12_15_run0 "," 8-90 km/s. Fe/pt olivine mix. IDEX FM. Det2500. Position 4 ",5," Iron "
8547909,20231215163234.291999999,20231215093234.291999999,1702657954292,2.768570E+4,1.623908E-18,2.832700E-16,3.665156E-8,2.197063E+0," IDEX "," 2023_12_15_run0 "," 8-90 km/s. Fe/pt olivine mix. IDEX FM. Det2500. Position 4 ",5," Iron "
8547917,20231215163301.504999999,20231215093301.504999999,1702657981505,8.915370E+3,7.880607E-18,1.424700E-16,6.205239E-8,2.198294E+0," IDEX "," 2023_12_15_run0 "," 8-90 km/s. Fe/pt olivine mix. IDEX FM. Det2500. Position 4 ",4," Iron "
8547918,20231215163306.291999999,20231215093306.291999999,1702657986292,2.876840E+4,1.535614E-18,2.890670E-16,3.597488E-8,2.198294E+0," IDEX "," 2023_12_15_run0 "," 8-90 km/s. Fe/pt olivine mix. IDEX FM. Det2500. Position 4 ",5," Iron "
8547920,20231215163318.027999999,20231215093318.027999999,1702657998028,8.178800E+3,5.529728E-17,8.413330E-16,1.187973E-7,2.198294E+0," IDEX "," 2023_12_15_run0 "," 8-90 km/s. Fe/pt olivine mix. IDEX FM. Det2500. Position 4 ",5," Iron "
8547926,20231215163327.094000000,20231215093327.094000000,1702658007094,1.221920E+4,2.004816E-17,6.808400E-16,8.470912E-8,2.198294E+0," IDEX "," 2023_12_15_run0 "," 8-90 km/s. Fe/pt olivine mix. IDEX FM. Det2500. Position 4 ",5," Iron "
8547930,20231215163339.432999999,20231215093339.432999999,1702658019433,8.596780E+3,6.142880E-17,1.033170E-15,1.230352E-7,2.197063E+0," IDEX "," 2023_12_15_run0 "," 8-90 km/s. Fe/pt olivine mix. IDEX FM. Det2500. Position 4 ",5," Iron "
8547931,20231215163339.685000000,20231215093339.685000000,1702658019685,1.259950E+4,1.199382E-17,4.330610E-16,7.137692E-8,2.198294E+0," IDEX "," 2023_12_15_run0 "," 8-90 km/s. Fe/pt olivine mix. IDEX FM. Det2500. Position 4 ",4," Iron "
8547935,20231215163409.814000000,20231215093409.814000000,1702658049814,2.388830E+4,1.124428E-18,1.460260E-16,3.242519E-8,2.197063E+0," IDEX "," 2023_12_15_run0 "," 8-90 km/s. Fe/pt olivine mix. IDEX FM. Det2500. Position 4 ",4," Iron "
8547940,20231215163426.572999999,20231215093426.572999999,1702658066573,9.677740E+3,1.875424E-17,3.997380E-16,8.284605E-8,2.197063E+0," IDEX "," 2023_12_15_run0 "," 8-90 km/s. Fe/pt olivine mix. IDEX FM. Det2500. Position 4 ",5," Iron "
8547943,20231215163433.723999999,20231215093433.723999999,1702658073724,3.109620E+4,2.349828E-18,5.171050E-16,4.145567E-8,2.197063E+0," IDEX "," 2023_12_15_run0 "," 8-90 km/s. Fe/pt olivine mix. IDEX FM. Det2500. Position 4 ",5," Iron "
8547946,20231215163501.371999999,20231215093501.371999999,1702658101372,1.569230E+4,6.007290E-18,3.366510E-16,5.668457E-8,2.197063E+0," IDEX "," 2023_12_15_run0 "," 8-90 km/s. Fe/pt olivine mix. IDEX FM. Det2500. Position 4 ",5," Iron "
8547954,20231215163527.743999999,20231215093527.743999999,1702658127744,8.353460E+3,1.642308E-17,2.605130E-16,7.926050E-8,2.199524E+0," IDEX "," 2023_12_15_run0 "," 8-90 km/s. Fe/pt olivine mix. IDEX FM. Det2500. Position 4 ",5," Iron "
8547955,20231215163530.601000000,20231215093530.601000000,1702658130601,1.951590E+4,2.078166E-18,1.800290E-16,3.979227E-8,2.198294E+0," IDEX "," 2023_12_15_run0 "," 8-90 km/s. Fe/pt olivine mix. IDEX FM. Det2500. Position 4 ",4," Iron "
8547956,20231215163531.901000000,20231215093531.901000000,1702658131901,8.451580E+3,1.397620E-16,2.271920E-15,1.618210E-7,2.197063E+0," IDEX "," 2023_12_15_run0 "," 8-90 km/s. Fe/pt olivine mix. IDEX FM. Det2500. Position 4 ",5," Iron "
8547957,20231215163532.413999999,20231215093532.413999999,1702658132414,1.587300E+4,4.635038E-18,2.657660E-16,5.199039E-8,2.197063E+0," IDEX "," 2023_12_15_run0 "," 8-90 km/s. Fe/pt olivine mix. IDEX FM. Det2500. Position 4 ",3," Iron "
8547959,20231215163536.442000000,20231215093536.442000000,1702658136442,1.701550E+4,2.767899E-17,1.823760E-15,9.432397E-8,2.197063E+0," IDEX "," 2023_12_15_run0 "," 8-90 km/s. Fe/pt olivine mix. IDEX FM. Det2500. Position 4 ",5," Iron "
8547961,20231215163538.132999999,20231215093538.132999999,1702658138133,1.027710E+4,1.236026E-17,2.970960E-16,7.209655E-8,2.197063E+0," IDEX "," 2023_12_15_run0 "," 8-90 km/s. Fe/pt olivine mix. IDEX FM. Det2500. Position 4 ",5," Iron "
8547963,20231215163547.734999999,20231215093547.734999999,1702658147735,9.791410E+3,5.950021E-18,1.297460E-16,5.650386E-8,2.198294E+0," IDEX "," 2023_12_15_run0 "," 8-90 km/s. Fe/pt olivine mix. IDEX FM. Det2500. Position 4 ",4," Iron "
8547968,20231215163601.507999999,20231215093601.507999999,1702658161508,1.159880E+4,6.097809E-18,1.866930E-16,5.696786E-8,2.197063E+0," IDEX "," 2023_12_15_run0 "," 8-90 km/s. Fe/pt olivine mix. IDEX FM. Det2500. Position 4 ",5," Iron "
8547971,20231215163610.728000000,20231215093610.728000000,1702658170728,1.425110E+4,3.492178E-18,1.614970E-16,4.730831E-8,2.195833E+0," IDEX "," 2023_12_15_run0 "," 8-90 km/s. Fe/pt olivine mix. IDEX FM. Det2500. Position 4 ",5," Iron "
8547979,20231215163624.834999999,20231215093624.834999999,1702658184835,1.929720E+4,3.941944E-18,3.340620E-16,4.925785E-8,2.197063E+0," IDEX "," 2023_12_15_run0 "," 8-90 km/s. Fe/pt olivine mix. IDEX FM. Det2500. Position 4 ",3," Iron "
8547980,20231215163625.995000000,20231215093625.995000000,1702658185995,1.794310E+4,2.353109E-18,1.724110E-16,4.147496E-8,2.197063E+0," IDEX "," 2023_12_15_run0 "," 8-90 km/s. Fe/pt olivine mix. IDEX FM. Det2500. Position 4 ",5," Iron "
8547981,20231215163626.253999999,20231215093626.253999999,1702658186254,1.024340E+4,4.556051E-18,1.087940E-16,5.169337E-8,2.197063E+0," IDEX "," 2023_12_15_run0 "," 8-90 km/s. Fe/pt olivine mix. IDEX FM. Det2500. Position 4 ",4," Iron "
8547982,20231215163626.628000000,20231215093626.628000000,1702658186628,1.141840E+4,1.355125E-17,4.020850E-16,7.434157E-8,2.197063E+0," IDEX "," 2023_12_15_run0 "," 8-90 km/s. Fe/pt olivine mix. IDEX FM. Det2500. Position 4 ",5," Iron "
8547984,20231215163633.685999999,20231215093633.685999999,1702658193686,8.604290E+3,1.235914E-17,2.081150E-16,7.209438E-8,2.198294E+0," IDEX "," 2023_12_15_run0 "," 8-90 km/s. Fe/pt olivine mix. IDEX FM. Det2500. Position 4 ",5," Iron "
8547988,20231215163652.655000000,20231215093652.655000000,1702658212655,1.651310E+4,3.108164E-18,1.927730E-16,4.550649E-8,2.198294E+0," IDEX "," 2023_12_15_run0 "," 8-90 km/s. Fe/pt olivine mix. IDEX FM. Det2500. Position 4 ",4," Iron "
8547989,20231215163656.885000000,20231215093656.885000000,1702658216885,1.622700E+4,1.617011E-17,9.684440E-16,7.885145E-8,2.198294E+0," IDEX "," 2023_12_15_run0 "," 8-90 km/s. Fe/pt olivine mix. IDEX FM. Det2500. Position 4 ",5," Iron "
8547990,20231215163657.655000000,20231215093657.655000000,1702658217655,1.444220E+4,2.966836E-17,1.407490E-15,9.653168E-8,2.198294E+0," IDEX "," 2023_12_15_run0 "," 8-90 km/s. Fe/pt olivine mix. IDEX FM. Det2500. Position 4 ",5," Iron "
8547992,20231215163708.040000000,20231215093708.040000000,1702658228040,4.868500E+4,1.244932E-18,6.707770E-16,3.354444E-8,2.199524E+0," IDEX "," 2023_12_15_run0 "," 8-90 km/s. Fe/pt olivine mix. IDEX FM. Det2500. Position 4 ",5," Iron "
8547993,20231215163712.527000000,20231215093712.527000000,1702658232527,5.132780E+4,6.560533E-19,3.933440E-16,2.709474E-8,2.197063E+0," IDEX "," 2023_12_15_run0 "," 8-90 km/s. Fe/pt olivine mix. IDEX FM. Det2500. Position 4 ",5," Iron "
8547994,20231215163718.933999999,20231215093718.933999999,1702658238934,1.074530E+4,2.926296E-17,7.689240E-16,9.608998E-8,2.197063E+0," IDEX "," 2023_12_15_run0 "," 8-90 km/s. Fe/pt olivine mix. IDEX FM. Det2500. Position 4 ",5," Iron "
8547997,20231215163730.603000000,20231215093730.603000000,1702658250603,1.574370E+4,1.143289E-17,6.449080E-16,7.024639E-8,2.197063E+0," IDEX "," 2023_12_15_run0 "," 8-90 km/s. Fe/pt olivine mix. IDEX FM. Det2500. Position 4 ",5," Iron "
8548002,20231215163753.805000000,20231215093753.805000000,1702658273805,1.197210E+4,3.339418E-18,1.089280E-16,4.660819E-8,2.197063E+0," IDEX "," 2023_12_15_run0 "," 8-90 km/s. Fe/pt olivine mix. IDEX FM. Det2500. Position 4 ",3," Iron "
8548008,20231215163820.996000000,20231215093820.996000000,1702658300996,1.168570E+4,7.337961E-18,2.280410E-16,6.059412E-8,2.197063E+0," IDEX "," 2023_12_15_run0 "," 8-90 km/s. Fe/pt olivine mix. IDEX FM. Det2500. Position 4 ",5," Iron "
8548010,20231215163829.837000000,20231215093829.837000000,1702658309837,9.100980E+3,2.589675E-17,4.876000E-16,9.225440E-8,2.199524E+0," IDEX "," 2023_12_15_run0 "," 8-90 km/s. Fe/pt olivine mix. IDEX FM. Det2500. Position 4 ",5," Iron "
8548015,20231215163858.296000000,20231215093858.296000000,1702658338296,8.351160E+3,1.218268E-17,1.933590E-16,7.174961E-8,2.197063E+0," IDEX "," 2023_12_15_run0 "," 8-90 km/s. Fe/pt olivine mix. IDEX FM. Det2500. Position 4 ",5," Iron "
8548016,20231215163901.751999999,20231215093901.751999999,1702658341752,1.070160E+4,5.879854E-18,1.532470E-16,5.628088E-8,2.197063E+0," IDEX "," 2023_12_15_run0 "," 8-90 km/s. Fe/pt olivine mix. IDEX FM. Det2500. Position 4 ",4," Iron "
8548017,20231215163903.300000000,20231215093903.300000000,1702658343300,8.352930E+3,1.086774E-17,1.725620E-16,6.906932E-8,2.197063E+0," IDEX "," 2023_12_15_run0 "," 8-90 km/s. Fe/pt olivine mix. IDEX FM. Det2500. Position 4 ",5," Iron "
8548019,20231215163919.072999999,20231215093919.072999999,1702658359073,8.291800E+3,9.641994E-18,1.507820E-16,6.636834E-8,2.198294E+0," IDEX "," 2023_12_15_run0 "," 8-90 km/s. Fe/pt olivine mix. IDEX FM. Det2500. Position 4 ",4," Iron "
8548021,20231215163921.001999999,20231215093921.001999999,1702658361002,8.854310E+3,1.074790E-17,1.916540E-16,6.881448E-8,2.198294E+0," IDEX "," 2023_12_15_run0 "," 8-90 km/s. Fe/pt olivine mix. IDEX FM. Det2500. Position 4 ",3," Iron "
8548023,20231215163932.402000000,20231215093932.402000000,1702658372402,8.324010E+3,1.798923E-17,2.836650E-16,8.170391E-8,2.197063E+0," IDEX "," 2023_12_15_run0 "," 8-90 km/s. Fe/pt olivine mix. IDEX FM. Det2500. Position 4 ",5," Iron "
8548024,20231215163935.217999999,20231215093935.217999999,1702658375218,2.244800E+4,1.796521E-18,2.060230E-16,3.790671E-8,2.197063E+0," IDEX "," 2023_12_15_run0 "," 8-90 km/s. Fe/pt olivine mix. IDEX FM. Det2500. Position 4 ",3," Iron "
8548025,20231215163940.094000000,20231215093940.094000000,1702658380094,1.005760E+4,3.183239E-17,7.328010E-16,9.882385E-8,2.197063E+0," IDEX "," 2023_12_15_run0 "," 8-90 km/s. Fe/pt olivine mix. IDEX FM. Det2500. Position 4 ",5," Iron "
8548027,20231215163947.787000000,20231215093947.787000000,1702658387787,1.817640E+4,4.227050E-18,3.178200E-16,5.041786E-8,2.197063E+0," IDEX "," 2023_12_15_run0 "," 8-90 km/s. Fe/pt olivine mix. IDEX FM. Det2500. Position 4 ",4," Iron "
8548029,20231215163955.606999999,20231215093955.606999999,1702658395607,1.000330E+4,1.629339E-17,3.708370E-16,7.905133E-8,2.198294E+0," IDEX "," 2023_12_15_run0 "," 8-90 km/s. Fe/pt olivine mix. IDEX FM. Det2500. Position 4 ",5," Iron "
8548031,20231215163957.782000000,20231215093957.782000000,1702658397782,2.421540E+4,1.137231E-18,1.517610E-16,3.254780E-8,2.197063E+0," IDEX "," 2023_12_15_run0 "," 8-90 km/s. Fe/pt olivine mix. IDEX FM. Det2500. Position 4 ",5," Iron "
8548033,20231215164003.305000000,20231215094003.305000000,1702658403305,9.227490E+3,1.773841E-17,3.437240E-16,8.132240E-8,2.197063E+0," IDEX "," 2023_12_15_run0 "," 8-90 km/s. Fe/pt olivine mix. IDEX FM. Det2500. Position 4 ",4," Iron "
8548036,20231215164009.716999999,20231215094009.716999999,1702658409717,9.251740E+3,9.138108E-18,1.779050E-16,6.519146E-8,2.198294E+0," IDEX "," 2023_12_15_run0 "," 8-90 km/s. Fe/pt olivine mix. IDEX FM. Det2500. Position 4 ",3," Iron "
8548037,20231215164015.214999999,20231215094015.214999999,1702658415215,1.552000E+4,9.557997E-18,5.236430E-16,6.617505E-8,2.198294E+0," IDEX "," 2023_12_15_run0 "," 8-90 km/s. Fe/pt olivine mix. IDEX FM. Det2500. Position 4 ",5," Iron "
8548041,20231215164017.915000000,20231215094017.915000000,1702658417915,8.670320E+3,1.105123E-17,1.890640E-16,6.945584E-8,2.197063E+0," IDEX "," 2023_12_15_run0 "," 8-90 km/s. Fe/pt olivine mix. IDEX FM. Det2500. Position 4 ",5," Iron "
8548043,20231215164023.808999999,20231215094023.808999999,1702658423809,1.062830E+4,4.577612E-18,1.176120E-16,5.177479E-8,2.198294E+0," IDEX "," 2023_12_15_run0 "," 8-90 km/s. Fe/pt olivine mix. IDEX FM. Det2500. Position 4 ",4," Iron "
8548046,20231215164033.555999999,20231215094033.555999999,1702658433556,1.008570E+4,9.951435E-18,2.303700E-16,6.707086E-8,2.197063E+0," IDEX "," 2023_12_15_run0 "," 8-90 km/s. Fe/pt olivine mix. IDEX FM. Det2500. Position 4 ",5," Iron "
8548047,20231215164038.166999999,20231215094038.166999999,1702658438167,2.143630E+4,2.516032E-18,2.631140E-16,4.241089E-8,2.197063E+0," IDEX "," 2023_12_15_run0 "," 8-90 km/s. Fe/pt olivine mix. IDEX FM. Det2500. Position 4 ",5," Iron "
8548048,20231215164038.939999999,20231215094038.939999999,1702658438940,1.223200E+4,1.429605E-17,4.867870E-16,7.567933E-8,2.197063E+0," IDEX "," 2023_12_15_run0 "," 8-90 km/s. Fe/pt olivine mix. IDEX FM. Det2500. Position 4 ",3," Iron "
8548050,20231215164042.408000000,20231215094042.408000000,1702658442408,1.001450E+4,1.463739E-17,3.338930E-16,7.627694E-8,2.198294E+0," IDEX "," 2023_12_15_run0 "," 8-90 km/s. Fe/pt olivine mix. IDEX FM. Det2500. Position 4 ",5," Iron "
8548052,20231215164052.910999999,20231215094052.910999999,1702658452911,1.038750E+4,1.333575E-16,3.274670E-15,1.593105E-7,2.197063E+0," IDEX "," 2023_12_15_run0 "," 8-90 km/s. Fe/pt olivine mix. IDEX FM. Det2500. Position 4 ",5," Iron "
8548054,20231215164106.501999999,20231215094106.501999999,1702658466502,1.129090E+4,1.941459E-17,5.632660E-16,8.380722E-8,2.197063E+0," IDEX "," 2023_12_15_run0 "," 8-90 km/s. Fe/pt olivine mix. IDEX FM. Det2500. Position 4 ",5," Iron "
8548056,20231215164111.506000000,20231215094111.506000000,1702658471506,2.093110E+4,2.271794E-18,2.263800E-16,4.099161E-8,2.198294E+0," IDEX "," 2023_12_15_run0 "," 8-90 km/s. Fe/pt olivine mix. IDEX FM. Det2500. Position 4 ",4," Iron "
8548057,20231215164119.324000000,20231215094119.324000000,1702658479324,8.361430E+3,1.041438E-17,1.657000E-16,6.809519E-8,2.197063E+0," IDEX "," 2023_12_15_run0 "," 8-90 km/s. Fe/pt olivine mix. IDEX FM. Det2500. Position 4 ",5," Iron "
8548061,20231215164134.700999999,20231215094134.700999999,1702658494701,9.406010E+3,1.263320E-17,2.543620E-16,7.262338E-8,2.197063E+0," IDEX "," 2023_12_15_run0 "," 8-90 km/s. Fe/pt olivine mix. IDEX FM. Det2500. Position 4 ",5," Iron "
8548063,20231215164137.532000000,20231215094137.532000000,1702658497532,1.082850E+4,1.108798E-17,2.958810E-16,6.953275E-8,2.197063E+0," IDEX "," 2023_12_15_run0 "," 8-90 km/s. Fe/pt olivine mix. IDEX FM. Det2500. Position 4 ",5," Iron "
8548066,20231215164153.444999999,20231215094153.444999999,1702658513445,1.479490E+4,5.140238E-18,2.559130E-16,5.381455E-8,2.198294E+0," IDEX "," 2023_12_15_run0 "," 8-90 km/s. Fe/pt olivine mix. IDEX FM. Det2500. Position 4 ",5," Iron "
8548067,20231215164154.438000000,20231215094154.438000000,1702658514438,2.104950E+4,4.736784E-18,4.776340E-16,5.236807E-8,2.197063E+0," IDEX "," 2023_12_15_run0 "," 8-90 km/s. Fe/pt olivine mix. IDEX FM. Det2500. Position 4 ",5," Iron "
8548068,20231215164155.819000000,20231215094155.819000000,1702658515819,9.124360E+3,1.595304E-17,3.022570E-16,7.849702E-8,2.197063E+0," IDEX "," 2023_12_15_run0 "," 8-90 km/s. Fe/pt olivine mix. IDEX FM. Det2500. Position 4 ",5," Iron "
8548069,20231215164156.444000000,20231215094156.444000000,1702658516444,9.650730E+3,7.554681E-18,1.601270E-16,6.118487E-8,2.197063E+0," IDEX "," 2023_12_15_run0 "," 8-90 km/s. Fe/pt olivine mix. IDEX FM. Det2500. Position 4 ",5," Iron "
8548073,20231215164227.935999999,20231215094227.935999999,1702658547936,1.539930E+4,6.496354E-18,3.503940E-16,5.818288E-8,2.198294E+0," IDEX "," 2023_12_15_run0 "," 8-90 km/s. Fe/pt olivine mix. IDEX FM. Det2500. Position 4 ",5," Iron "
8548074,20231215164234.566000000,20231215094234.566000000,1702658554566,8.031370E+3,1.414196E-17,2.075950E-16,7.540645E-8,2.197063E+0," IDEX "," 2023_12_15_run0 "," 8-90 km/s. Fe/pt olivine mix. IDEX FM. Det2500. Position 4 ",5," Iron "
8548075,20231215164237.941000000,20231215094237.941000000,1702658557941,9.919500E+3,2.906529E-17,6.508520E-16,9.587312E-8,2.197063E+0," IDEX "," 2023_12_15_run0 "," 8-90 km/s. Fe/pt olivine mix. IDEX FM. Det2500. Position 4 ",5," Iron "
8548077,20231215164249.699999999,20231215094249.699999999,1702658569700,1.262610E+4,1.180584E-17,4.283150E-16,7.100206E-8,2.197063E+0," IDEX "," 2023_12_15_run0 "," 8-90 km/s. Fe/pt olivine mix. IDEX FM. Det2500. Position 4 ",5," Iron "
8548079,20231215164252.933999999,20231215094252.933999999,1702658572934,1.215360E+4,5.114446E-18,1.719240E-16,5.372439E-8,2.197063E+0," IDEX "," 2023_12_15_run0 "," 8-90 km/s. Fe/pt olivine mix. IDEX FM. Det2500. Position 4 ",4," Iron "
8548084,20231215164328.966000000,20231215094328.966000000,1702658608966,1.167190E+4,1.083141E-17,3.358120E-16,6.899225E-8,2.197063E+0," IDEX "," 2023_12_15_run0 "," 8-90 km/s. Fe/pt olivine mix. IDEX FM. Det2500. Position 4 ",5," Iron "
8548086,20231215164348.476999999,20231215094348.476999999,1702658628477,9.589010E+3,4.271126E-17,8.937540E-16,1.089982E-7,2.197063E+0," IDEX "," 2023_12_15_run0 "," 8-90 km/s. Fe/pt olivine mix. IDEX FM. Det2500. Position 4 ",5," Iron "
8548087,20231215164354.944000000,20231215094354.944000000,1702658634944,7.953280E+3,1.525449E-17,2.194700E-16,7.733413E-8,2.198294E+0," IDEX "," 2023_12_15_run0 "," 8-90 km/s. Fe/pt olivine mix. IDEX FM. Det2500. Position 4 ",4," Iron "
8548088,20231215164358.109999999,20231215094358.109999999,1702658638110,2.637460E+4,1.586681E-18,2.510420E-16,3.636932E-8,2.198294E+0," IDEX "," 2023_12_15_run0 "," 8-90 km/s. Fe/pt olivine mix. IDEX FM. Det2500. Position 4 ",4," Iron "
8548090,20231215164400.908999999,20231215094400.908999999,1702658640909,1.084670E+4,1.194444E-17,3.196290E-16,7.127884E-8,2.198294E+0," IDEX "," 2023_12_15_run0 "," 8-90 km/s. Fe/pt olivine mix. IDEX FM. Det2500. Position 4 ",5," Iron "
8548107,20231215164509.574000000,20231215094509.574000000,1702658709574,1.187830E+4,7.137867E-18,2.291950E-16,6.003827E-8,2.197063E+0," IDEX "," 2023_12_15_run0 "," 8-90 km/s. Fe/pt olivine mix. IDEX FM. Det2500. Position 4 ",5," Iron "
8548109,20231215164512.016999999,20231215094512.016999999,1702658712017,2.017810E+4,1.976889E-18,1.831770E-16,3.913507E-8,2.197063E+0," IDEX "," 2023_12_15_run0 "," 8-90 km/s. Fe/pt olivine mix. IDEX FM. Det2500. Position 4 ",3," Iron "
8548113,20231215164541.768000000,20231215094541.768000000,1702658741768,1.210590E+4,5.944223E-18,1.981410E-16,5.648551E-8,2.198294E+0," IDEX "," 2023_12_15_run0 "," 8-90 km/s. Fe/pt olivine mix. IDEX FM. Det2500. Position 4 ",5," Iron "
8548120,20231215164612.746999999,20231215094612.746999999,1702658772747,1.994840E+4,2.635476E-18,2.386730E-16,4.307167E-8,2.197063E+0," IDEX "," 2023_12_15_run0 "," 8-90 km/s. Fe/pt olivine mix. IDEX FM. Det2500. Position 4 ",3," Iron "
8548131,20231215164707.620000000,20231215094707.620000000,1702658827620,1.704340E+4,3.175742E-18,2.098180E-16,4.583393E-8,2.198294E+0," IDEX "," 2023_12_15_run0 "," 8-90 km/s. Fe/pt olivine mix. IDEX FM. Det2500. Position 4 ",4," Iron "
8548134,20231215164708.108000000,20231215094708.108000000,1702658828108,1.342390E+4,5.922312E-18,2.426000E-16,5.641602E-8,2.199524E+0," IDEX "," 2023_12_15_run0 "," 8-90 km/s. Fe/pt olivine mix. IDEX FM. Det2500. Position 4 ",5," Iron "
8548135,20231215164715.675000000,20231215094715.675000000,1702658835675,1.400260E+4,1.896551E-17,8.462720E-16,8.315598E-8,2.197063E+0," IDEX "," 2023_12_15_run0 "," 8-90 km/s. Fe/pt olivine mix. IDEX FM. Det2500. Position 4 ",5," Iron "
8548136,20231215164715.800999999,20231215094715.800999999,1702658835801,1.096770E+4,8.208086E-18,2.246990E-16,6.290028E-8,2.197063E+0," IDEX "," 2023_12_15_run0 "," 8-90 km/s. Fe/pt olivine mix. IDEX FM. Det2500. Position 4 ",5," Iron "
8548140,20231215164730.550000000,20231215094730.550000000,1702658850550,1.009810E+4,6.802325E-18,1.577690E-16,5.908235E-8,2.198294E+0," IDEX "," 2023_12_15_run0 "," 8-90 km/s. Fe/pt olivine mix. IDEX FM. Det2500. Position 4 ",4," Iron "
8548149,20231215164817.615999999,20231215094817.615999999,1702658897616,1.543610E+4,5.096612E-18,2.760570E-16,5.366187E-8,2.199524E+0," IDEX "," 2023_12_15_run0 "," 8-90 km/s. Fe/pt olivine mix. IDEX FM. Det2500. Position 4 ",5," Iron "
8548151,20231215164820.425999999,20231215094820.425999999,1702658900426,1.350250E+4,5.672378E-18,2.353540E-16,5.561096E-8,2.197063E+0," IDEX "," 2023_12_15_run0 "," 8-90 km/s. Fe/pt olivine mix. IDEX FM. Det2500. Position 4 ",5," Iron "
8548152,20231215164826.280999999,20231215094826.280999999,1702658906281,9.987330E+3,1.956116E-17,4.437910E-16,8.401759E-8,2.198294E+0," IDEX "," 2023_12_15_run0 "," 8-90 km/s. Fe/pt olivine mix. IDEX FM. Det2500. Position 4 ",5," Iron "
8548153,20231215164826.901000000,20231215094826.901000000,1702658906901,9.394130E+3,7.043720E-18,1.413840E-16,5.977314E-8,2.198294E+0," IDEX "," 2023_12_15_run0 "," 8-90 km/s. Fe/pt olivine mix. IDEX FM. Det2500. Position 4 ",4," Iron "
8548154,20231215164833.837999999,20231215094833.837999999,1702658913838,9.913760E+3,2.333152E-17,5.221450E-16,8.910177E-8,2.195833E+0," IDEX "," 2023_12_15_run0 "," 8-90 km/s. Fe/pt olivine mix. IDEX FM. Det2500. Position 4 ",5," Iron "
8548157,20231215164841.155999999,20231215094841.155999999,1702658921156,1.697450E+4,3.191566E-18,2.091620E-16,4.590992E-8,2.198294E+0," IDEX "," 2023_12_15_run0 "," 8-90 km/s. Fe/pt olivine mix. IDEX FM. Det2500. Position 4 ",4," Iron "
8548160,20231215164843.962999999,20231215094843.962999999,1702658923963,9.208310E+3,1.114147E-17,2.149960E-16,6.964439E-8,2.197063E+0," IDEX "," 2023_12_15_run0 "," 8-90 km/s. Fe/pt olivine mix. IDEX FM. Det2500. Position 4 ",5," Iron "
8548163,20231215164906.157000000,20231215094906.157000000,1702658946157,9.500750E+3,2.070645E-16,4.253530E-15,1.844763E-7,2.197063E+0," IDEX "," 2023_12_15_run0 "," 8-90 km/s. Fe/pt olivine mix. IDEX FM. Det2500. Position 4 ",5," Iron "
8548168,20231215164925.067999999,20231215094925.067999999,1702658965068,9.912510E+3,1.024001E-17,2.289790E-16,6.771300E-8,2.197063E+0," IDEX "," 2023_12_15_run0 "," 8-90 km/s. Fe/pt olivine mix. IDEX FM. Det2500. Position 4 ",5," Iron "
8548172,20231215164930.669999999,20231215094930.669999999,1702658970670,1.017130E+4,1.719713E-17,4.048900E-16,8.048668E-8,2.197063E+0," IDEX "," 2023_12_15_run0 "," 8-90 km/s. Fe/pt olivine mix. IDEX FM. Det2500. Position 4 ",5," Iron "
8548174,20231215164940.663999999,20231215094940.663999999,1702658980664,1.567980E+4,4.655971E-18,2.605070E-16,5.206854E-8,2.197063E+0," IDEX "," 2023_12_15_run0 "," 8-90 km/s. Fe/pt olivine mix. IDEX FM. Det2500. Position 4 ",3," Iron "
8548175,20231215164942.384000000,20231215094942.384000000,1702658982384,8.510130E+3,1.222178E-17,2.014350E-16,7.182630E-8,2.197063E+0," IDEX "," 2023_12_15_run0 "," 8-90 km/s. Fe/pt olivine mix. IDEX FM. Det2500. Position 4 ",5," Iron "
8548176,20231215164942.493000000,20231215094942.493000000,1702658982493,1.386180E+4,6.141014E-18,2.685390E-16,5.710209E-8,2.197063E+0," IDEX "," 2023_12_15_run0 "," 8-90 km/s. Fe/pt olivine mix. IDEX FM. Det2500. Position 4 ",5," Iron "
8548177,20231215164944.447999999,20231215094944.447999999,1702658984448,8.252230E+3,1.685901E-17,2.612780E-16,7.995569E-8,2.197063E+0," IDEX "," 2023_12_15_run0 "," 8-90 km/s. Fe/pt olivine mix. IDEX FM. Det2500. Position 4 ",5," Iron "
8548180,20231215165001.030999999,20231215095001.030999999,1702659001031,1.394960E+4,4.213494E-18,1.864880E-16,5.036391E-8,2.198294E+0," IDEX "," 2023_12_15_run0 "," 8-90 km/s. Fe/pt olivine mix. IDEX FM. Det2500. Position 4 ",5," Iron "
8548182,20231215165007.013000000,20231215095007.013000000,1702659007013,1.197390E+4,9.991275E-18,3.260020E-16,6.716025E-8,2.197063E+0," IDEX "," 2023_12_15_run0 "," 8-90 km/s. Fe/pt olivine mix. IDEX FM. Det2500. Position 4 ",4," Iron "
8548183,20231215165008.955000000,20231215095008.955000000,1702659008955,1.419670E+4,9.831607E-18,4.509490E-16,6.680057E-8,2.197063E+0," IDEX "," 2023_12_15_run0 "," 8-90 km/s. Fe/pt olivine mix. IDEX FM. Det2500. Position 4 ",5," Iron "
8548187,20231215165025.669999999,20231215095025.669999999,1702659025670,1.236980E+4,1.025203E-17,3.569960E-16,6.773950E-8,2.197063E+0," IDEX "," 2023_12_15_run0 "," 8-90 km/s. Fe/pt olivine mix. IDEX FM. Det2500. Position 4 ",5," Iron "
8548189,20231215165036.149999999,20231215095036.149999999,1702659036150,1.787070E+4,3.193063E-18,2.319400E-16,4.591710E-8,2.198294E+0," IDEX "," 2023_12_15_run0 "," 8-90 km/s. Fe/pt olivine mix. IDEX FM. Det2500. Position 4 ",5," Iron "
8548193,20231215165046.887000000,20231215095046.887000000,1702659046887,1.487590E+4,8.065170E-18,4.059430E-16,6.253308E-8,2.198294E+0," IDEX "," 2023_12_15_run0 "," 8-90 km/s. Fe/pt olivine mix. IDEX FM. Det2500. Position 4 ",5," Iron "
8548195,20231215165101.887000000,20231215095101.887000000,1702659061887,9.588770E+3,8.138712E-17,1.702980E-15,1.351317E-7,2.197063E+0," IDEX "," 2023_12_15_run0 "," 8-90 km/s. Fe/pt olivine mix. IDEX FM. Det2500. Position 4 ",5," Iron "
8548205,20231215165137.256000000,20231215095137.256000000,1702659097256,8.839420E+3,1.679313E-17,2.984450E-16,7.985141E-8,2.198294E+0," IDEX "," 2023_12_15_run0 "," 8-90 km/s. Fe/pt olivine mix. IDEX FM. Det2500. Position 4 ",3," Iron "
8548209,20231215165202.865999999,20231215095202.865999999,1702659122866,1.042380E+4,1.399531E-17,3.460690E-16,7.514490E-8,2.197063E+0," IDEX "," 2023_12_15_run0 "," 8-90 km/s. Fe/pt olivine mix. IDEX FM. Det2500. Position 4 ",5," Iron "
8548211,20231215165211.402999999,20231215095211.402999999,1702659131403,1.882190E+4,7.967481E-18,6.419970E-16,6.227958E-8,2.198294E+0," IDEX "," 2023_12_15_run0 "," 8-90 km/s. Fe/pt olivine mix. IDEX FM. Det2500. Position 4 ",5," Iron "
8548214,20231215165215.430999999,20231215095215.430999999,1702659135431,8.196820E+3,1.371804E-17,2.096370E-16,7.464534E-8,2.198294E+0," IDEX "," 2023_12_15_run0 "," 8-90 km/s. Fe/pt olivine mix. IDEX FM. Det2500. Position 4 ",5," Iron "
8548218,20231215165225.783000000,20231215095225.783000000,1702659145783,2.699020E+4,1.618699E-18,2.683530E-16,3.661233E-8,2.197063E+0," IDEX "," 2023_12_15_run0 "," 8-90 km/s. Fe/pt olivine mix. IDEX FM. Det2500. Position 4 ",5," Iron "
8548219,20231215165226.033000000,20231215095226.033000000,1702659146033,1.582770E+4,2.910808E-18,1.659500E-16,4.452219E-8,2.197063E+0," IDEX "," 2023_12_15_run0 "," 8-90 km/s. Fe/pt olivine mix. IDEX FM. Det2500. Position 4 ",3," Iron "
8548220,20231215165227.873999999,20231215095227.873999999,1702659147874,9.064370E+3,1.564042E-17,2.924500E-16,7.798087E-8,2.197063E+0," IDEX "," 2023_12_15_run0 "," 8-90 km/s. Fe/pt olivine mix. IDEX FM. Det2500. Position 4 ",4," Iron "
8548222,20231215165228.601000000,20231215095228.601000000,1702659148601,8.041360E+3,8.868226E-18,1.305040E-16,6.454326E-8,2.197063E+0," IDEX "," 2023_12_15_run0 "," 8-90 km/s. Fe/pt olivine mix. IDEX FM. Det2500. Position 4 ",5," Iron "
8548227,20231215165254.087999999,20231215095254.087999999,1702659174088,1.521690E+4,5.147013E-18,2.710770E-16,5.383819E-8,2.198294E+0," IDEX "," 2023_12_15_run0 "," 8-90 km/s. Fe/pt olivine mix. IDEX FM. Det2500. Position 4 ",5," Iron "
8548238,20231215165317.751999999,20231215095317.751999999,1702659197752,9.864160E+3,8.311921E-18,1.841590E-16,6.316441E-8,2.195833E+0," IDEX "," 2023_12_15_run0 "," 8-90 km/s. Fe/pt olivine mix. IDEX FM. Det2500. Position 4 ",3," Iron "
8548244,20231215165330.905000000,20231215095330.905000000,1702659210905,1.753850E+4,3.466787E-18,2.424120E-16,4.719337E-8,2.199524E+0," IDEX "," 2023_12_15_run0 "," 8-90 km/s. Fe/pt olivine mix. IDEX FM. Det2500. Position 4 ",5," Iron "
8548248,20231215165350.912000000,20231215095350.912000000,1702659230912,8.763000E+3,9.627216E-18,1.682420E-16,6.633442E-8,2.197063E+0," IDEX "," 2023_12_15_run0 "," 8-90 km/s. Fe/pt olivine mix. IDEX FM. Det2500. Position 4 ",4," Iron "
8548249,20231215165402.984000000,20231215095402.984000000,1702659242984,1.819230E+4,4.497005E-18,3.387090E-16,5.146909E-8,2.197063E+0," IDEX "," 2023_12_15_run0 "," 8-90 km/s. Fe/pt olivine mix. IDEX FM. Det2500. Position 4 ",5," Iron "
8548251,20231215165404.930000000,20231215095404.930000000,1702659244930,8.984230E+3,1.203085E-17,2.209970E-16,7.145032E-8,2.197063E+0," IDEX "," 2023_12_15_run0 "," 8-90 km/s. Fe/pt olivine mix. IDEX FM. Det2500. Position 4 ",5," Iron "
8548256,20231215165412.493999999,20231215095412.493999999,1702659252494,1.091000E+4,2.171547E-17,5.885590E-16,8.699516E-8,2.195833E+0," IDEX "," 2023_12_15_run0 "," 8-90 km/s. Fe/pt olivine mix. IDEX FM. Det2500. Position 4 ",5," Iron "
8548257,20231215165412.743000000,20231215095412.743000000,1702659252743,1.429240E+4,5.623688E-18,2.615790E-16,5.545138E-8,2.195833E+0," IDEX "," 2023_12_15_run0 "," 8-90 km/s. Fe/pt olivine mix. IDEX FM. Det2500. Position 4 ",5," Iron "
8548259,20231215165415.180000000,20231215095415.180000000,1702659255180,8.884630E+3,1.225611E-17,2.202940E-16,7.189349E-8,2.195833E+0," IDEX "," 2023_12_15_run0 "," 8-90 km/s. Fe/pt olivine mix. IDEX FM. Det2500. Position 4 ",5," Iron "
8548262,20231215165428.111000000,20231215095428.111000000,1702659268111,7.989870E+4,2.824872E-19,4.103990E-16,2.045997E-8,2.197063E+0," IDEX "," 2023_12_15_run0 "," 8-90 km/s. Fe/pt olivine mix. IDEX FM. Det2500. Position 4 ",5," Iron "
8548263,20231215165434.081000000,20231215095434.081000000,1702659274081,1.722590E+4,4.414454E-18,2.979380E-16,5.115220E-8,2.198294E+0," IDEX "," 2023_12_15_run0 "," 8-90 km/s. Fe/pt olivine mix. IDEX FM. Det2500. Position 4 ",4," Iron "
8548264,20231215165435.550999999,20231215095435.550999999,1702659275551,1.287340E+4,1.474870E-17,5.562480E-16,7.646980E-8,2.197063E+0," IDEX "," 2023_12_15_run0 "," 8-90 km/s. Fe/pt olivine mix. IDEX FM. Det2500. Position 4 ",5," Iron "
8548269,20231215165503.722999999,20231215095503.722999999,1702659303723,1.073190E+4,6.030590E-18,1.580670E-16,5.675776E-8,2.197063E+0," IDEX "," 2023_12_15_run0 "," 8-90 km/s. Fe/pt olivine mix. IDEX FM. Det2500. Position 4 ",4," Iron "
8548271,20231215165515.422999999,20231215095515.422999999,1702659315423,1.486240E+4,8.367140E-18,4.203780E-16,6.330398E-8,2.198294E+0," IDEX "," 2023_12_15_run0 "," 8-90 km/s. Fe/pt olivine mix. IDEX FM. Det2500. Position 4 ",5," Iron "
8548272,20231215165526.152999999,20231215095526.152999999,1702659326153,1.128800E+4,8.936842E-18,2.590020E-16,6.470930E-8,2.198294E+0," IDEX "," 2023_12_15_run0 "," 8-90 km/s. Fe/pt olivine mix. IDEX FM. Det2500. Position 4 ",5," Iron "
8548273,20231215165527.501000000,20231215095527.501000000,1702659327501,1.235470E+4,5.449688E-18,1.892000E-16,5.487349E-8,2.198294E+0," IDEX "," 2023_12_15_run0 "," 8-90 km/s. Fe/pt olivine mix. IDEX FM. Det2500. Position 4 ",5," Iron "
8548276,20231215165544.109000000,20231215095544.109000000,1702659344109,8.676230E+3,2.696308E-17,4.616540E-16,9.350363E-8,2.198294E+0," IDEX "," 2023_12_15_run0 "," 8-90 km/s. Fe/pt olivine mix. IDEX FM. Det2500. Position 4 ",5," Iron "
8548277,20231215165551.895999999,20231215095551.895999999,1702659351896,1.911390E+4,1.887683E-18,1.569480E-16,3.853734E-8,2.197063E+0," IDEX "," 2023_12_15_run0 "," 8-90 km/s. Fe/pt olivine mix. IDEX FM. Det2500. Position 4 ",5," Iron "
8548278,20231215165552.601000000,20231215095552.601000000,1702659352601,1.201440E+4,1.763830E-17,5.794140E-16,8.116913E-8,2.197063E+0," IDEX "," 2023_12_15_run0 "," 8-90 km/s. Fe/pt olivine mix. IDEX FM. Det2500. Position 4 ",5," Iron "
8548280,20231215165602.712999999,20231215095602.712999999,1702659362713,1.426870E+4,3.012194E-18,1.394880E-16,4.503322E-8,2.198294E+0," IDEX "," 2023_12_15_run0 "," 8-90 km/s. Fe/pt olivine mix. IDEX FM. Det2500. Position 4 ",4," Iron "
8548281,20231215165605.626000000,20231215095605.626000000,1702659365626,1.602000E+4,8.901675E-18,5.199060E-16,6.462431E-8,2.197063E+0," IDEX "," 2023_12_15_run0 "," 8-90 km/s. Fe/pt olivine mix. IDEX FM. Det2500. Position 4 ",5," Iron "
8548282,20231215165609.115999999,20231215095609.115999999,1702659369116,8.950580E+3,1.499569E-17,2.733990E-16,7.689430E-8,2.197063E+0," IDEX "," 2023_12_15_run0 "," 8-90 km/s. Fe/pt olivine mix. IDEX FM. Det2500. Position 4 ",5," Iron "
8548288,20231215165634.569000000,20231215095634.569000000,1702659394569,8.254480E+3,6.900487E-18,1.069410E-16,5.936520E-8,2.198294E+0," IDEX "," 2023_12_15_run0 "," 8-90 km/s. Fe/pt olivine mix. IDEX FM. Det2500. Position 4 ",4," Iron "
8548289,20231215165637.603000000,20231215095637.603000000,1702659397603,9.845190E+3,6.412761E-18,1.414560E-16,5.793224E-8,2.197063E+0," IDEX "," 2023_12_15_run0 "," 8-90 km/s. Fe/pt olivine mix. IDEX FM. Det2500. Position 4 ",4," Iron "
8548293,20231215165648.523999999,20231215095648.523999999,1702659408524,1.345270E+4,6.683768E-18,2.752760E-16,5.873709E-8,2.197063E+0," IDEX "," 2023_12_15_run0 "," 8-90 km/s. Fe/pt olivine mix. IDEX FM. Det2500. Position 4 ",5," Iron "
8548294,20231215165650.856000000,20231215095650.856000000,1702659410856,5.493170E+4,1.259953E-18,8.652240E-16,3.367881E-8,2.197063E+0," IDEX "," 2023_12_15_run0 "," 8-90 km/s. Fe/pt olivine mix. IDEX FM. Det2500. Position 4 ",5," Iron "
8548297,20231215165703.288999999,20231215095703.288999999,1702659423289,1.697670E+4,6.820950E-18,4.473830E-16,5.913623E-8,2.197063E+0," IDEX "," 2023_12_15_run0 "," 8-90 km/s. Fe/pt olivine mix. IDEX FM. Det2500. Position 4 ",5," Iron "
8548298,20231215165704.814000000,20231215095704.814000000,1702659424814,9.080230E+3,1.597604E-17,2.997720E-16,7.853473E-8,2.197063E+0," IDEX "," 2023_12_15_run0 "," 8-90 km/s. Fe/pt olivine mix. IDEX FM. Det2500. Position 4 ",4," Iron "
8548301,20231215165723.183999999,20231215095723.183999999,1702659443184,1.216520E+4,7.763624E-18,2.616220E-16,6.174382E-8,2.195833E+0," IDEX "," 2023_12_15_run0 "," 8-90 km/s. Fe/pt olivine mix. IDEX FM. Det2500. Position 4 ",5," Iron "
8548308,20231215165758.067000000,20231215095758.067000000,1702659478067,1.132750E+4,8.111755E-18,2.367380E-16,6.265325E-8,2.198294E+0," IDEX "," 2023_12_15_run0 "," 8-90 km/s. Fe/pt olivine mix. IDEX FM. Det2500. Position 4 ",4," Iron "
8548309,20231215165813.875000000,20231215095813.875000000,1702659493875,8.422150E+3,1.119217E-17,1.806710E-16,6.974988E-8,2.197063E+0," IDEX "," 2023_12_15_run0 "," 8-90 km/s. Fe/pt olivine mix. IDEX FM. Det2500. Position 4 ",5," Iron "
8548310,20231215165821.902000000,20231215095821.902000000,1702659501902,9.280490E+3,1.134548E-17,2.222540E-16,7.006690E-8,2.198294E+0," IDEX "," 2023_12_15_run0 "," 8-90 km/s. Fe/pt olivine mix. IDEX FM. Det2500. Position 4 ",4," Iron "
8548311,20231215165830.746999999,20231215095830.746999999,1702659510747,1.160120E+4,7.690823E-18,2.354310E-16,6.155022E-8,2.198294E+0," IDEX "," 2023_12_15_run0 "," 8-90 km/s. Fe/pt olivine mix. IDEX FM. Det2500. Position 4 ",5," Iron "
8548312,20231215165831.202999999,20231215095831.202999999,1702659511203,1.586660E+4,1.440539E-18,8.248550E-17,3.521656E-8,2.198294E+0," IDEX "," 2023_12_15_run0 "," 8-90 km/s. Fe/pt olivine mix. IDEX FM. Det2500. Position 4 ",3," Iron "
8548315,20231215165837.947000000,20231215095837.947000000,1702659517947,1.116140E+4,1.053194E-17,2.985890E-16,6.835046E-8,2.197063E+0," IDEX "," 2023_12_15_run0 "," 8-90 km/s. Fe/pt olivine mix. IDEX FM. Det2500. Position 4 ",5," Iron "
8548316,20231215165838.881000000,20231215095838.881000000,1702659518881,1.921170E+4,2.388477E-18,2.006230E-16,4.168173E-8,2.197063E+0," IDEX "," 2023_12_15_run0 "," 8-90 km/s. Fe/pt olivine mix. IDEX FM. Det2500. Position 4 ",5," Iron "
8548324,20231215165914.572000000,20231215095914.572000000,1702659554572,1.981510E+4,5.183944E-18,4.629540E-16,5.396664E-8,2.198294E+0," IDEX "," 2023_12_15_run0 "," 8-90 km/s. Fe/pt olivine mix. IDEX FM. Det2500. Position 4 ",5," Iron "
8548327,20231215165923.177000000,20231215095923.177000000,1702659563177,1.318640E+4,5.163520E-18,2.042130E-16,5.389568E-8,2.198294E+0," IDEX "," 2023_12_15_run0 "," 8-90 km/s. Fe/pt olivine mix. IDEX FM. Det2500. Position 4 ",5," Iron "
8548329,20231215165935.850000000,20231215095935.850000000,1702659575850,2.122170E+4,1.941007E-18,1.989370E-16,3.889685E-8,2.197063E+0," IDEX "," 2023_12_15_run0 "," 8-90 km/s. Fe/pt olivine mix. IDEX FM. Det2500. Position 4 ",4," Iron "
8548331,20231215165946.776000000,20231215095946.776000000,1702659586776,9.378270E+3,1.143630E-17,2.289070E-16,7.025337E-8,2.197063E+0," IDEX "," 2023_12_15_run0 "," 8-90 km/s. Fe/pt olivine mix. IDEX FM. Det2500. Position 4 ",5," Iron "
8548332,20231215165949.804000000,20231215095949.804000000,1702659589804,2.935310E+4,1.802935E-18,3.533240E-16,3.795177E-8,2.198294E+0," IDEX "," 2023_12_15_run0 "," 8-90 km/s. Fe/pt olivine mix. IDEX FM. Det2500. Position 4 ",4," Iron "
8548333,20231215170002.125000000,20231215100002.125000000,1702659602125,8.154280E+3,2.795505E-17,4.227820E-16,9.463652E-8,2.198294E+0," IDEX "," 2023_12_15_run0 "," 8-90 km/s. Fe/pt olivine mix. IDEX FM. Det2500. Position 4 ",5," Iron "
8548334,20231215170002.714999999,20231215100002.714999999,1702659602715,1.277540E+4,1.689581E-17,6.272100E-16,8.001381E-8,2.198294E+0," IDEX "," 2023_12_15_run0 "," 8-90 km/s. Fe/pt olivine mix. IDEX FM. Det2500. Position 4 ",5," Iron "
8548336,20231215170014.339000000,20231215100014.339000000,1702659614339,1.806810E+4,4.111226E-18,3.052680E-16,4.995310E-8,2.198294E+0," IDEX "," 2023_12_15_run0 "," 8-90 km/s. Fe/pt olivine mix. IDEX FM. Det2500. Position 4 ",5," Iron "
8548338,20231215170020.276000000,20231215100020.276000000,1702659620276,1.050790E+4,5.290383E-18,1.328630E-16,5.433350E-8,2.198294E+0," IDEX "," 2023_12_15_run0 "," 8-90 km/s. Fe/pt olivine mix. IDEX FM. Det2500. Position 4 ",4," Iron "
8548339,20231215170021.785999999,20231215100021.785999999,1702659621786,1.055010E+4,9.969000E-18,2.523770E-16,6.711030E-8,2.198294E+0," IDEX "," 2023_12_15_run0 "," 8-90 km/s. Fe/pt olivine mix. IDEX FM. Det2500. Position 4 ",5," Iron "
8548340,20231215170025.625000000,20231215100025.625000000,1702659625625,8.872440E+3,1.628104E-17,2.915100E-16,7.903135E-8,2.198294E+0," IDEX "," 2023_12_15_run0 "," 8-90 km/s. Fe/pt olivine mix. IDEX FM. Det2500. Position 4 ",5," Iron "
8548345,20231215170039.567000000,20231215100039.567000000,1702659639567,1.628930E+4,2.833108E-18,1.709830E-16,4.412246E-8,2.198294E+0," IDEX "," 2023_12_15_run0 "," 8-90 km/s. Fe/pt olivine mix. IDEX FM. Det2500. Position 4 ",4," Iron "
8548346,20231215170044.924000000,20231215100044.924000000,1702659644924,1.079450E+4,9.124542E-18,2.418250E-16,6.515919E-8,2.198294E+0," IDEX "," 2023_12_15_run0 "," 8-90 km/s. Fe/pt olivine mix. IDEX FM. Det2500. Position 4 ",3," Iron "
8548349,20231215170052.126000000,20231215100052.126000000,1702659652126,8.730980E+3,4.423173E-18,7.669110E-17,5.118585E-8,2.198294E+0," IDEX "," 2023_12_15_run0 "," 8-90 km/s. Fe/pt olivine mix. IDEX FM. Det2500. Position 4 ",3," Iron "
8548351,20231215170112.589000000,20231215100112.589000000,1702659672589,8.425030E+3,2.044364E-17,3.300550E-16,8.526251E-8,2.198294E+0," IDEX "," 2023_12_15_run0 "," 8-90 km/s. Fe/pt olivine mix. IDEX FM. Det2500. Position 4 ",5," Iron "
8548359,20231215170142.129999999,20231215100142.129999999,1702659702130,9.338510E+3,5.693618E-17,1.129350E-15,1.199595E-7,2.198294E+0," IDEX "," 2023_12_15_run0 "," 8-90 km/s. Fe/pt olivine mix. IDEX FM. Det2500. Position 4 ",5," Iron "
8548363,20231215170153.996999999,20231215100153.996999999,1702659713997,1.778370E+4,2.525761E-18,1.816860E-16,4.246548E-8,2.198294E+0," IDEX "," 2023_12_15_run0 "," 8-90 km/s. Fe/pt olivine mix. IDEX FM. Det2500. Position 4 ",5," Iron "
8548365,20231215170155.620000000,20231215100155.620000000,1702659715620,8.866450E+3,5.137399E-17,9.186030E-16,1.159186E-7,2.198294E+0," IDEX "," 2023_12_15_run0 "," 8-90 km/s. Fe/pt olivine mix. IDEX FM. Det2500. Position 4 ",4," Iron "
8548366,20231215170155.850000000,20231215100155.850000000,1702659715850,9.192000E+3,5.352625E-17,1.028660E-15,1.175153E-7,2.198294E+0," IDEX "," 2023_12_15_run0 "," 8-90 km/s. Fe/pt olivine mix. IDEX FM. Det2500. Position 4 ",5," Iron "
8548369,20231215170207.706999999,20231215100207.706999999,1702659727707,1.365400E+4,1.797801E-17,7.623360E-16,8.168692E-8,2.198294E+0," IDEX "," 2023_12_15_run0 "," 8-90 km/s. Fe/pt olivine mix. IDEX FM. Det2500. Position 4 ",5," Iron "
8548370,20231215170208.986999999,20231215100208.986999999,1702659728987,1.755960E+4,3.180902E-18,2.230820E-16,4.585874E-8,2.198294E+0," IDEX "," 2023_12_15_run0 "," 8-90 km/s. Fe/pt olivine mix. IDEX FM. Det2500. Position 4 ",4," Iron "
8548371,20231215170209.334999999,20231215100209.334999999,1702659729335,8.877030E+3,1.699097E-17,3.045360E-16,8.016376E-8,2.198294E+0," IDEX "," 2023_12_15_run0 "," 8-90 km/s. Fe/pt olivine mix. IDEX FM. Det2500. Position 4 ",5," Iron "
8548372,20231215170216.314999999,20231215100216.314999999,1702659736315,1.286540E+4,6.689305E-18,2.518330E-16,5.875331E-8,2.198294E+0," IDEX "," 2023_12_15_run0 "," 8-90 km/s. Fe/pt olivine mix. IDEX FM. Det2500. Position 4 ",4," Iron "
8548383,20231215170256.782000000,20231215100256.782000000,1702659776782,1.728930E+4,2.088449E-18,1.419920E-16,3.985780E-8,2.198294E+0," IDEX "," 2023_12_15_run0 "," 8-90 km/s. Fe/pt olivine mix. IDEX FM. Det2500. Position 4 ",4," Iron "
8548385,20231215170300.506999999,20231215100300.506999999,1702659780507,1.030630E+4,4.985710E-18,1.204530E-16,5.326979E-8,2.198294E+0," IDEX "," 2023_12_15_run0 "," 8-90 km/s. Fe/pt olivine mix. IDEX FM. Det2500. Position 4 ",4," Iron "
8548386,20231215170307.595999999,20231215100307.595999999,1702659787596,1.092640E+4,1.916363E-17,5.206670E-16,8.344454E-8,2.197063E+0," IDEX "," 2023_12_15_run0 "," 8-90 km/s. Fe/pt olivine mix. IDEX FM. Det2500. Position 4 ",5," Iron "
8548388,20231215170310.621999999,20231215100310.621999999,1702659790622,1.003380E+4,1.318444E-17,3.019100E-16,7.366466E-8,2.198294E+0," IDEX "," 2023_12_15_run0 "," 8-90 km/s. Fe/pt olivine mix. IDEX FM. Det2500. Position 4 ",5," Iron "
8548391,20231215170317.245000000,20231215100317.245000000,1702659797245,1.490460E+4,5.811194E-18,2.937880E-16,5.606095E-8,2.197063E+0," IDEX "," 2023_12_15_run0 "," 8-90 km/s. Fe/pt olivine mix. IDEX FM. Det2500. Position 4 ",4," Iron "
8548394,20231215170325.504999999,20231215100325.504999999,1702659805505,1.671120E+4,9.130430E-18,5.796270E-16,6.517320E-8,2.199524E+0," IDEX "," 2023_12_15_run0 "," 8-90 km/s. Fe/pt olivine mix. IDEX FM. Det2500. Position 4 ",5," Iron "
8548396,20231215170326.782000000,20231215100326.782000000,1702659806782,1.152690E+4,1.192513E-17,3.601890E-16,7.124041E-8,2.199524E+0," IDEX "," 2023_12_15_run0 "," 8-90 km/s. Fe/pt olivine mix. IDEX FM. Det2500. Position 4 ",4," Iron "
8548397,20231215170335.969999999,20231215100335.969999999,1702659815970,1.025430E+4,8.372344E-18,2.003490E-16,6.331710E-8,2.197063E+0," IDEX "," 2023_12_15_run0 "," 8-90 km/s. Fe/pt olivine mix. IDEX FM. Det2500. Position 4 ",4," Iron "
8548399,20231215170349.807999999,20231215100349.807999999,1702659829808,8.167110E+3,1.111898E-17,1.686890E-16,6.959750E-8,2.198294E+0," IDEX "," 2023_12_15_run0 "," 8-90 km/s. Fe/pt olivine mix. IDEX FM. Det2500. Position 4 ",3," Iron "
8548401,20231215170356.899999999,20231215100356.899999999,1702659836900,1.162820E+4,3.690228E-18,1.134280E-16,4.818624E-8,2.199524E+0," IDEX "," 2023_12_15_run0 "," 8-90 km/s. Fe/pt olivine mix. IDEX FM. Det2500. Position 4 ",4," Iron "
8548402,20231215170414.226999999,20231215100414.226999999,1702659854227,1.023520E+4,4.737510E-17,1.129460E-15,1.128293E-7,2.197063E+0," IDEX "," 2023_12_15_run0 "," 8-90 km/s. Fe/pt olivine mix. IDEX FM. Det2500. Position 4 ",5," Iron "
8548403,20231215170416.087000000,20231215100416.087000000,1702659856087,1.717560E+4,2.327876E-18,1.562830E-16,4.132618E-8,2.197063E+0," IDEX "," 2023_12_15_run0 "," 8-90 km/s. Fe/pt olivine mix. IDEX FM. Det2500. Position 4 ",5," Iron "
8548411,20231215170456.433999999,20231215100456.433999999,1702659896434,1.016530E+4,5.665141E-18,1.332230E-16,5.558730E-8,2.197063E+0," IDEX "," 2023_12_15_run0 "," 8-90 km/s. Fe/pt olivine mix. IDEX FM. Det2500. Position 4 ",3," Iron "
8548412,20231215170456.665000000,20231215100456.665000000,1702659896665,1.250000E+4,6.763767E-18,2.405120E-16,5.897051E-8,2.197063E+0," IDEX "," 2023_12_15_run0 "," 8-90 km/s. Fe/pt olivine mix. IDEX FM. Det2500. Position 4 ",5," Iron "
8548413,20231215170458.182000000,20231215100458.182000000,1702659898182,1.240720E+4,2.180838E-17,7.640100E-16,8.711905E-8,2.197063E+0," IDEX "," 2023_12_15_run0 "," 8-90 km/s. Fe/pt olivine mix. IDEX FM. Det2500. Position 4 ",5," Iron "
8548416,20231215170506.890000000,20231215100506.890000000,1702659906890,1.037410E+4,2.307627E-17,5.651900E-16,8.877565E-8,2.197063E+0," IDEX "," 2023_12_15_run0 "," 8-90 km/s. Fe/pt olivine mix. IDEX FM. Det2500. Position 4 ",5," Iron "
8548418,20231215170510.731000000,20231215100510.731000000,1702659910731,1.009990E+4,4.723282E-18,1.095880E-16,5.231826E-8,2.198294E+0," IDEX "," 2023_12_15_run0 "," 8-90 km/s. Fe/pt olivine mix. IDEX FM. Det2500. Position 4 ",5," Iron "
8548421,20231215170520.844999999,20231215100520.844999999,1702659920845,2.990290E+4,4.056096E-18,8.253970E-16,4.972881E-8,2.197063E+0," IDEX "," 2023_12_15_run0 "," 8-90 km/s. Fe/pt olivine mix. IDEX FM. Det2500. Position 4 ",5," Iron "
8548426,20231215170530.503999999,20231215100530.503999999,1702659930504,9.558790E+3,8.243802E-18,1.714200E-16,6.299139E-8,2.197063E+0," IDEX "," 2023_12_15_run0 "," 8-90 km/s. Fe/pt olivine mix. IDEX FM. Det2500. Position 4 ",5," Iron "
8548428,20231215170537.824999999,20231215100537.824999999,1702659937825,1.896770E+4,5.042775E-18,4.126520E-16,5.347226E-8,2.198294E+0," IDEX "," 2023_12_15_run0 "," 8-90 km/s. Fe/pt olivine mix. IDEX FM. Det2500. Position 4 ",5," Iron "
8548430,20231215170538.987999999,20231215100538.987999999,1702659938988,1.435330E+4,6.764064E-18,3.169540E-16,5.897137E-8,2.198294E+0," IDEX "," 2023_12_15_run0 "," 8-90 km/s. Fe/pt olivine mix. IDEX FM. Det2500. Position 4 ",5," Iron "
8548431,20231215170541.895000000,20231215100541.895000000,1702659941895,1.218970E+4,6.480042E-18,2.191250E-16,5.813414E-8,2.197063E+0," IDEX "," 2023_12_15_run0 "," 8-90 km/s. Fe/pt olivine mix. IDEX FM. Det2500. Position 4 ",5," Iron "
8548433,20231215170554.222000000,20231215100554.222000000,1702659954222,9.723800E+3,8.372328E-18,1.801550E-16,6.331706E-8,2.197063E+0," IDEX "," 2023_12_15_run0 "," 8-90 km/s. Fe/pt olivine mix. IDEX FM. Det2500. Position 4 ",4," Iron "
8548442,20231215170618.177999999,20231215100618.177999999,1702659978178,9.723560E+3,2.849656E-17,6.128130E-16,9.524367E-8,2.198294E+0," IDEX "," 2023_12_15_run0 "," 8-90 km/s. Fe/pt olivine mix. IDEX FM. Det2500. Position 4 ",5," Iron "
8548443,20231215170619.572999999,20231215100619.572999999,1702659979573,8.217840E+3,2.687157E-17,4.127560E-16,9.339774E-8,2.198294E+0," IDEX "," 2023_12_15_run0 "," 8-90 km/s. Fe/pt olivine mix. IDEX FM. Det2500. Position 4 ",5," Iron "
8548453,20231215170703.297999999,20231215100703.297999999,1702660023298,9.693200E+3,1.259756E-17,2.692190E-16,7.255502E-8,2.198294E+0," IDEX "," 2023_12_15_run0 "," 8-90 km/s. Fe/pt olivine mix. IDEX FM. Det2500. Position 4 ",4," Iron "
8548454,20231215170704.570999999,20231215100704.570999999,1702660024571,1.536630E+4,3.666194E-18,1.968970E-16,4.808140E-8,2.198294E+0," IDEX "," 2023_12_15_run0 "," 8-90 km/s. Fe/pt olivine mix. IDEX FM. Det2500. Position 4 ",5," Iron "
8548456,20231215170710.388999999,20231215100710.388999999,1702660030389,8.884630E+3,1.029371E-17,1.847110E-16,6.783117E-8,2.199524E+0," IDEX "," 2023_12_15_run0 "," 8-90 km/s. Fe/pt olivine mix. IDEX FM. Det2500. Position 4 ",4," Iron "
8548457,20231215170710.967999999,20231215100710.967999999,1702660030968,4.373820E+4,2.729064E-18,1.186800E-15,4.357558E-8,2.199524E+0," IDEX "," 2023_12_15_run0 "," 8-90 km/s. Fe/pt olivine mix. IDEX FM. Det2500. Position 4 ",5," Iron "
8548458,20231215170715.506999999,20231215100715.506999999,1702660035507,9.348470E+3,7.868417E-18,1.564060E-16,6.202038E-8,2.198294E+0," IDEX "," 2023_12_15_run0 "," 8-90 km/s. Fe/pt olivine mix. IDEX FM. Det2500. Position 4 ",3," Iron "
8548459,20231215170716.665999999,20231215100716.665999999,1702660036666,1.138740E+4,9.562272E-18,2.820300E-16,6.618492E-8,2.198294E+0," IDEX "," 2023_12_15_run0 "," 8-90 km/s. Fe/pt olivine mix. IDEX FM. Det2500. Position 4 ",5," Iron "
8548461,20231215170733.989999999,20231215100733.989999999,1702660053990,1.301110E+4,5.127343E-18,1.975370E-16,5.376952E-8,2.197063E+0," IDEX "," 2023_12_15_run0 "," 8-90 km/s. Fe/pt olivine mix. IDEX FM. Det2500. Position 4 ",5," Iron "
8548463,20231215170753.291999999,20231215100753.291999999,1702660073292,1.249840E+4,6.569773E-18,2.335540E-16,5.840124E-8,2.197063E+0," IDEX "," 2023_12_15_run0 "," 8-90 km/s. Fe/pt olivine mix. IDEX FM. Det2500. Position 4 ",5," Iron "
8548464,20231215170758.174000000,20231215100758.174000000,1702660078174,1.193220E+4,9.418419E-18,3.050030E-16,6.585135E-8,2.198294E+0," IDEX "," 2023_12_15_run0 "," 8-90 km/s. Fe/pt olivine mix. IDEX FM. Det2500. Position 4 ",4," Iron "
8548465,20231215170759.452000000,20231215100759.452000000,1702660079452,1.177720E+4,4.839100E-18,1.526630E-16,5.274244E-8,2.198294E+0," IDEX "," 2023_12_15_run0 "," 8-90 km/s. Fe/pt olivine mix. IDEX FM. Det2500. Position 4 ",4," Iron "
8548467,20231215170807.245000000,20231215100807.245000000,1702660087245,1.134810E+4,6.045720E-18,1.770840E-16,5.680519E-8,2.198294E+0," IDEX "," 2023_12_15_run0 "," 8-90 km/s. Fe/pt olivine mix. IDEX FM. Det2500. Position 4 ",4," Iron "
8548468,20231215170809.921000000,20231215100809.921000000,1702660089921,1.498610E+4,1.719319E-17,8.787430E-16,8.048053E-8,2.197063E+0," IDEX "," 2023_12_15_run0 "," 8-90 km/s. Fe/pt olivine mix. IDEX FM. Det2500. Position 4 ",5," Iron "
8548469,20231215170819.915000000,20231215100819.915000000,1702660099915,1.476890E+4,3.475190E-18,1.724090E-16,4.723148E-8,2.198294E+0," IDEX "," 2023_12_15_run0 "," 8-90 km/s. Fe/pt olivine mix. IDEX FM. Det2500. Position 4 ",5," Iron "
8548475,20231215170846.081000000,20231215100846.081000000,1702660126081,1.753850E+4,4.343708E-18,3.040700E-16,5.087747E-8,2.197063E+0," IDEX "," 2023_12_15_run0 "," 8-90 km/s. Fe/pt olivine mix. IDEX FM. Det2500. Position 4 ",5," Iron "
8548478,20231215170857.714999999,20231215100857.714999999,1702660137715,8.878630E+3,1.852686E-17,3.321840E-16,8.250987E-8,2.198294E+0," IDEX "," 2023_12_15_run0 "," 8-90 km/s. Fe/pt olivine mix. IDEX FM. Det2500. Position 4 ",5," Iron "
8548487,20231215170928.993000000,20231215100928.993000000,1702660168993,8.120190E+3,1.923464E-17,2.886320E-16,8.354748E-8,2.197063E+0," IDEX "," 2023_12_15_run0 "," 8-90 km/s. Fe/pt olivine mix. IDEX FM. Det2500. Position 4 ",5," Iron "
8548488,20231215170929.910999999,20231215100929.910999999,1702660169911,9.373370E+3,2.462766E-17,4.924280E-16,9.072209E-8,2.197063E+0," IDEX "," 2023_12_15_run0 "," 8-90 km/s. Fe/pt olivine mix. IDEX FM. Det2500. Position 4 ",5," Iron "
8548489,20231215170934.216000000,20231215100934.216000000,1702660174216,1.823350E+4,5.394246E-18,4.079020E-16,5.468677E-8,2.198294E+0," IDEX "," 2023_12_15_run0 "," 8-90 km/s. Fe/pt olivine mix. IDEX FM. Det2500. Position 4 ",5," Iron "
8548491,20231215170939.222999999,20231215100939.222999999,1702660179223,1.330570E+4,6.269206E-18,2.525900E-16,5.749669E-8,2.197063E+0," IDEX "," 2023_12_15_run0 "," 8-90 km/s. Fe/pt olivine mix. IDEX FM. Det2500. Position 4 ",4," Iron "
8548492,20231215170948.526000000,20231215100948.526000000,1702660188526,1.190630E+4,7.331341E-18,2.366510E-16,6.057589E-8,2.195833E+0," IDEX "," 2023_12_15_run0 "," 8-90 km/s. Fe/pt olivine mix. IDEX FM. Det2500. Position 4 ",5," Iron "
8548495,20231215171000.145000000,20231215101000.145000000,1702660200145,2.010710E+4,2.560931E-18,2.354950E-16,4.266168E-8,2.198294E+0," IDEX "," 2023_12_15_run0 "," 8-90 km/s. Fe/pt olivine mix. IDEX FM. Det2500. Position 4 ",5," Iron "
8548496,20231215171000.722999999,20231215101000.722999999,1702660200723,1.788370E+4,1.266538E-17,9.213359E-16,7.268500E-8,2.198294E+0," IDEX "," 2023_12_15_run0 "," 8-90 km/s. Fe/pt olivine mix. IDEX FM. Det2500. Position 4 ",5," Iron "
8548499,20231215171010.033000000,20231215101010.033000000,1702660210033,1.931900E+4,3.491371E-18,2.963810E-16,4.730467E-8,2.198294E+0," IDEX "," 2023_12_15_run0 "," 8-90 km/s. Fe/pt olivine mix. IDEX FM. Det2500. Position 4 ",3," Iron "
8548502,20231215171025.145999999,20231215101025.145999999,1702660225146,2.238180E+4,1.616039E-18,1.841310E-16,3.659226E-8,2.198294E+0," IDEX "," 2023_12_15_run0 "," 8-90 km/s. Fe/pt olivine mix. IDEX FM. Det2500. Position 4 ",4," Iron "
8548509,20231215171037.714999999,20231215101037.714999999,1702660237715,8.516930E+3,6.972261E-18,1.150980E-16,5.957031E-8,2.197063E+0," IDEX "," 2023_12_15_run0 "," 8-90 km/s. Fe/pt olivine mix. IDEX FM. Det2500. Position 4 ",4," Iron "
8548510,20231215171040.033000000,20231215101040.033000000,1702660240033,6.998580E+4,1.965494E-19,2.189660E-16,1.812992E-8,2.198294E+0," IDEX "," 2023_12_15_run0 "," 8-90 km/s. Fe/pt olivine mix. IDEX FM. Det2500. Position 4 ",4," Iron "
8548512,20231215171101.314999999,20231215101101.314999999,1702660261315,8.411370E+3,1.024731E-17,1.649030E-16,6.772910E-8,2.198294E+0," IDEX "," 2023_12_15_run0 "," 8-90 km/s. Fe/pt olivine mix. IDEX FM. Det2500. Position 4 ",4," Iron "
8548519,20231215171133.873999999,20231215101133.873999999,1702660293874,1.475450E+4,1.195435E-17,5.922470E-16,7.129854E-8,2.197063E+0," IDEX "," 2023_12_15_run0 "," 8-90 km/s. Fe/pt olivine mix. IDEX FM. Det2500. Position 4 ",5," Iron "
8548521,20231215171142.941000000,20231215101142.941000000,1702660302941,7.974840E+3,9.723736E-18,1.407360E-16,6.655537E-8,2.197063E+0," IDEX "," 2023_12_15_run0 "," 8-90 km/s. Fe/pt olivine mix. IDEX FM. Det2500. Position 4 ",3," Iron "
8548522,20231215171148.290000000,20231215101148.290000000,1702660308290,1.016550E+4,1.298973E-17,3.054820E-16,7.330023E-8,2.197063E+0," IDEX "," 2023_12_15_run0 "," 8-90 km/s. Fe/pt olivine mix. IDEX FM. Det2500. Position 4 ",5," Iron "
8548523,20231215171157.128999999,20231215101157.128999999,1702660317129,1.581760E+4,3.190752E-18,1.816780E-16,4.590603E-8,2.197063E+0," IDEX "," 2023_12_15_run0 "," 8-90 km/s. Fe/pt olivine mix. IDEX FM. Det2500. Position 4 ",4," Iron "
8548524,20231215171205.506000000,20231215101205.506000000,1702660325506,1.039300E+4,8.379493E-18,2.058660E-16,6.333511E-8,2.198294E+0," IDEX "," 2023_12_15_run0 "," 8-90 km/s. Fe/pt olivine mix. IDEX FM. Det2500. Position 4 ",3," Iron "
8548526,20231215171216.439000000,20231215101216.439000000,1702660336439,8.804880E+3,7.796191E-18,1.375490E-16,6.183004E-8,2.197063E+0," IDEX "," 2023_12_15_run0 "," 8-90 km/s. Fe/pt olivine mix. IDEX FM. Det2500. Position 4 ",3," Iron "
8548528,20231215171221.311999999,20231215101221.311999999,1702660341312,1.032280E+4,6.267465E-17,1.519900E-15,1.238614E-7,2.197063E+0," IDEX "," 2023_12_15_run0 "," 8-90 km/s. Fe/pt olivine mix. IDEX FM. Det2500. Position 4 ",5," Iron "
8548530,20231215171224.101000000,20231215101224.101000000,1702660344101,1.135100E+4,1.747373E-17,5.123680E-16,8.091590E-8,2.197063E+0," IDEX "," 2023_12_15_run0 "," 8-90 km/s. Fe/pt olivine mix. IDEX FM. Det2500. Position 4 ",3," Iron "
8548531,20231215171226.311999999,20231215101226.311999999,1702660346312,8.613120E+3,2.930027E-17,4.943990E-16,9.613079E-8,2.198294E+0," IDEX "," 2023_12_15_run0 "," 8-90 km/s. Fe/pt olivine mix. IDEX FM. Det2500. Position 4 ",5," Iron "
8548537,20231215171249.807999999,20231215101249.807999999,1702660369808,9.392570E+3,9.654544E-18,1.937250E-16,6.639712E-8,2.198294E+0," IDEX "," 2023_12_15_run0 "," 8-90 km/s. Fe/pt olivine mix. IDEX FM. Det2500. Position 4 ",5," Iron "
8548540,20231215171315.966000000,20231215101315.966000000,1702660395966,8.455750E+3,2.320572E-17,3.775960E-16,8.894134E-8,2.197063E+0," IDEX "," 2023_12_15_run0 "," 8-90 km/s. Fe/pt olivine mix. IDEX FM. Det2500. Position 4 ",5," Iron "
8548541,20231215171318.760000000,20231215101318.760000000,1702660398760,1.815960E+4,2.125512E-18,1.595160E-16,4.009220E-8,2.197063E+0," IDEX "," 2023_12_15_run0 "," 8-90 km/s. Fe/pt olivine mix. IDEX FM. Det2500. Position 4 ",3," Iron "
8548545,20231215171336.830000000,20231215101336.830000000,1702660416830,2.134240E+4,1.554070E-18,1.610060E-16,3.611843E-8,2.198294E+0," IDEX "," 2023_12_15_run0 "," 8-90 km/s. Fe/pt olivine mix. IDEX FM. Det2500. Position 4 ",4," Iron "
8548548,20231215171342.287000000,20231215101342.287000000,1702660422287,8.451400E+3,8.011216E-18,1.301490E-16,6.239333E-8,2.198294E+0," IDEX "," 2023_12_15_run0 "," 8-90 km/s. Fe/pt olivine mix. IDEX FM. Det2500. Position 4 ",4," Iron "
8548550,20231215171349.785000000,20231215101349.785000000,1702660429785,1.142000E+4,1.064500E-17,3.159410E-16,6.859418E-8,2.197063E+0," IDEX "," 2023_12_15_run0 "," 8-90 km/s. Fe/pt olivine mix. IDEX FM. Det2500. Position 4 ",5," Iron "
8548555,20231215171411.155000000,20231215101411.155000000,1702660451155,1.099060E+4,6.345222E-18,1.743310E-16,5.772814E-8,2.198294E+0," IDEX "," 2023_12_15_run0 "," 8-90 km/s. Fe/pt olivine mix. IDEX FM. Det2500. Position 4 ",3," Iron "
8548564,20231215171448.540000000,20231215101448.540000000,1702660488540,1.287550E+4,4.126821E-18,1.556940E-16,5.001618E-8,2.197063E+0," IDEX "," 2023_12_15_run0 "," 8-90 km/s. Fe/pt olivine mix. IDEX FM. Det2500. Position 4 ",4," Iron "
8548567,20231215171457.853000000,20231215101457.853000000,1702660497853,1.853090E+4,2.289332E-18,1.787080E-16,4.109683E-8,2.199524E+0," IDEX "," 2023_12_15_run0 "," 8-90 km/s. Fe/pt olivine mix. IDEX FM. Det2500. Position 4 ",4," Iron "
8548577,20231215171512.518999999,20231215101512.518999999,1702660512519,9.239600E+3,8.644460E-18,1.679470E-16,6.399577E-8,2.197063E+0," IDEX "," 2023_12_15_run0 "," 8-90 km/s. Fe/pt olivine mix. IDEX FM. Det2500. Position 4 ",4," Iron "
8548579,20231215171529.563000000,20231215101529.563000000,1702660529563,8.073130E+3,1.454537E-17,2.157430E-16,7.611675E-8,2.197063E+0," IDEX "," 2023_12_15_run0 "," 8-90 km/s. Fe/pt olivine mix. IDEX FM. Det2500. Position 4 ",5," Iron "
8548580,20231215171536.141999999,20231215101536.141999999,1702660536142,1.694460E+4,3.865635E-18,2.524460E-16,4.893793E-8,2.198294E+0," IDEX "," 2023_12_15_run0 "," 8-90 km/s. Fe/pt olivine mix. IDEX FM. Det2500. Position 4 ",5," Iron "
8548581,20231215171536.714999999,20231215101536.714999999,1702660536715,8.124030E+3,5.426910E-18,8.146680E-17,5.479693E-8,2.198294E+0," IDEX "," 2023_12_15_run0 "," 8-90 km/s. Fe/pt olivine mix. IDEX FM. Det2500. Position 4 ",4," Iron "
8548582,20231215171543.881000000,20231215101543.881000000,1702660543881,1.062490E+4,8.423793E-18,2.162930E-16,6.344654E-8,2.198294E+0," IDEX "," 2023_12_15_run0 "," 8-90 km/s. Fe/pt olivine mix. IDEX FM. Det2500. Position 4 ",5," Iron "
8548586,20231215171551.145000000,20231215101551.145000000,1702660551145,1.515020E+4,4.426087E-18,2.310690E-16,5.119709E-8,2.198294E+0," IDEX "," 2023_12_15_run0 "," 8-90 km/s. Fe/pt olivine mix. IDEX FM. Det2500. Position 4 ",3," Iron "
8548589,20231215171558.763000000,20231215101558.763000000,1702660558763,8.251370E+3,6.477291E-17,1.003630E-15,1.252285E-7,2.197063E+0," IDEX "," 2023_12_15_run0 "," 8-90 km/s. Fe/pt olivine mix. IDEX FM. Det2500. Position 4 ",5," Iron "
8548590,20231215171604.216000000,20231215101604.216000000,1702660564216,9.219940E+3,1.796164E-17,3.472860E-16,8.166212E-8,2.198294E+0," IDEX "," 2023_12_15_run0 "," 8-90 km/s. Fe/pt olivine mix. IDEX FM. Det2500. Position 4 ",5," Iron "
8548592,20231215171620.356000000,20231215101620.356000000,1702660580356,9.529450E+3,1.869145E-17,3.860680E-16,8.275349E-8,2.198294E+0," IDEX "," 2023_12_15_run0 "," 8-90 km/s. Fe/pt olivine mix. IDEX FM. Det2500. Position 4 ",5," Iron "
8548594,20231215171625.015000000,20231215101625.015000000,1702660585015,9.059990E+3,6.615583E-18,1.235810E-16,5.853667E-8,2.197063E+0," IDEX "," 2023_12_15_run0 "," 8-90 km/s. Fe/pt olivine mix. IDEX FM. Det2500. Position 4 ",5," Iron "
8548595,20231215171632.174000000,20231215101632.174000000,1702660592174,8.784280E+3,1.286547E-17,2.259260E-16,7.306576E-8,2.197063E+0," IDEX "," 2023_12_15_run0 "," 8-90 km/s. Fe/pt olivine mix. IDEX FM. Det2500. Position 4 ",4," Iron "
8548598,20231215171641.714999999,20231215101641.714999999,1702660601715,1.612280E+4,3.986652E-18,2.357080E-16,4.944338E-8,2.198294E+0," IDEX "," 2023_12_15_run0 "," 8-90 km/s. Fe/pt olivine mix. IDEX FM. Det2500. Position 4 ",3," Iron "
8548605,20231215171710.359000000,20231215101710.359000000,1702660630359,2.547820E+4,1.335227E-18,1.970310E-16,3.433658E-8,2.199524E+0," IDEX "," 2023_12_15_run0 "," 8-90 km/s. Fe/pt olivine mix. IDEX FM. Det2500. Position 4 ",5," Iron "
8548606,20231215171710.685999999,20231215101710.685999999,1702660630686,2.138170E+4,4.270882E-18,4.438580E-16,5.059153E-8,2.199524E+0," IDEX "," 2023_12_15_run0 "," 8-90 km/s. Fe/pt olivine mix. IDEX FM. Det2500. Position 4 ",5," Iron "
8548609,20231215171724.111999999,20231215101724.111999999,1702660644112,8.084890E+3,1.859913E-17,2.763650E-16,8.261703E-8,2.199524E+0," IDEX "," 2023_12_15_run0 "," 8-90 km/s. Fe/pt olivine mix. IDEX FM. Det2500. Position 4 ",5," Iron "
8548611,20231215171728.873000000,20231215101728.873000000,1702660648873,8.783890E+3,5.076733E-17,8.909289E-16,1.154605E-7,2.198294E+0," IDEX "," 2023_12_15_run0 "," 8-90 km/s. Fe/pt olivine mix. IDEX FM. Det2500. Position 4 ",5," Iron "
8548613,20231215171732.618999999,20231215101732.618999999,1702660652619,1.060940E+4,1.452539E-17,3.718730E-16,7.608189E-8,2.198294E+0," IDEX "," 2023_12_15_run0 "," 8-90 km/s. Fe/pt olivine mix. IDEX FM. Det2500. Position 4 ",5," Iron "
8548614,20231215171736.260000000,20231215101736.260000000,1702660656260,1.082560E+4,2.931511E-18,7.822880E-17,4.462749E-8,2.195833E+0," IDEX "," 2023_12_15_run0 "," 8-90 km/s. Fe/pt olivine mix. IDEX FM. Det2500. Position 4 ",4," Iron "
8548617,20231215171745.580000000,20231215101745.580000000,1702660665580,1.074420E+4,9.107079E-18,2.391180E-16,6.511760E-8,2.198294E+0," IDEX "," 2023_12_15_run0 "," 8-90 km/s. Fe/pt olivine mix. IDEX FM. Det2500. Position 4 ",5," Iron "
8548618,20231215171746.373000000,20231215101746.373000000,1702660666373,2.589820E+4,1.758070E-18,2.682010E-16,3.763432E-8,2.198294E+0," IDEX "," 2023_12_15_run0 "," 8-90 km/s. Fe/pt olivine mix. IDEX FM. Det2500. Position 4 ",4," Iron "
8548622,20231215171803.527999999,20231215101803.527999999,1702660683528,8.287440E+3,1.262776E-17,1.972660E-16,7.261296E-8,2.198294E+0," IDEX "," 2023_12_15_run0 "," 8-90 km/s. Fe/pt olivine mix. IDEX FM. Det2500. Position 4 ",3," Iron "
8548624,20231215171806.033999999,20231215101806.033999999,1702660686034,1.263130E+4,1.160377E-17,4.210950E-16,7.059463E-8,2.198294E+0," IDEX "," 2023_12_15_run0 "," 8-90 km/s. Fe/pt olivine mix. IDEX FM. Det2500. Position 4 ",5," Iron "
8548625,20231215171810.583000000,20231215101810.583000000,1702660690583,8.798590E+3,1.940596E-17,3.417010E-16,8.379479E-8,2.198294E+0," IDEX "," 2023_12_15_run0 "," 8-90 km/s. Fe/pt olivine mix. IDEX FM. Det2500. Position 4 ",5," Iron "
8548626,20231215171812.165000000,20231215101812.165000000,1702660692165,1.517120E+4,1.510804E-17,7.909210E-16,7.708586E-8,2.198294E+0," IDEX "," 2023_12_15_run0 "," 8-90 km/s. Fe/pt olivine mix. IDEX FM. Det2500. Position 4 ",5," Iron "
8548627,20231215171818.202000000,20231215101818.202000000,1702660698202,9.091960E+3,1.827461E-17,3.435960E-16,8.213369E-8,2.198294E+0," IDEX "," 2023_12_15_run0 "," 8-90 km/s. Fe/pt olivine mix. IDEX FM. Det2500. Position 4 ",5," Iron "
8548629,20231215171822.282000000,20231215101822.282000000,1702660702282,2.415460E+4,3.725488E-18,4.943880E-16,4.833923E-8,2.198294E+0," IDEX "," 2023_12_15_run0 "," 8-90 km/s. Fe/pt olivine mix. IDEX FM. Det2500. Position 4 ",3," Iron "
8548631,20231215171822.731999999,20231215101822.731999999,1702660702732,2.460840E+4,2.760166E-18,3.801780E-16,4.374050E-8,2.198294E+0," IDEX "," 2023_12_15_run0 "," 8-90 km/s. Fe/pt olivine mix. IDEX FM. Det2500. Position 4 ",5," Iron "
8548632,20231215171824.216000000,20231215101824.216000000,1702660704216,8.885830E+3,1.344856E-17,2.415220E-16,7.415331E-8,2.198294E+0," IDEX "," 2023_12_15_run0 "," 8-90 km/s. Fe/pt olivine mix. IDEX FM. Det2500. Position 4 ",5," Iron "
8548634,20231215171826.498000000,20231215101826.498000000,1702660706498,8.687130E+3,9.577008E-18,1.643870E-16,6.621890E-8,2.198294E+0," IDEX "," 2023_12_15_run0 "," 8-90 km/s. Fe/pt olivine mix. IDEX FM. Det2500. Position 4 ",3," Iron "
8548635,20231215171830.570999999,20231215101830.570999999,1702660710571,9.079400E+3,6.693212E-18,1.254270E-16,5.876474E-8,2.199524E+0," IDEX "," 2023_12_15_run0 "," 8-90 km/s. Fe/pt olivine mix. IDEX FM. Det2500. Position 4 ",4," Iron "
8548640,20231215171912.398000000,20231215101912.398000000,1702660752398,1.460480E+4,5.865297E-18,2.845550E-16,5.623439E-8,2.198294E+0," IDEX "," 2023_12_15_run0 "," 8-90 km/s. Fe/pt olivine mix. IDEX FM. Det2500. Position 4 ",3," Iron "
8548643,20231215171917.277000000,20231215101917.277000000,1702660757277,1.531860E+4,4.582750E-18,2.448700E-16,5.179415E-8,2.195833E+0," IDEX "," 2023_12_15_run0 "," 8-90 km/s. Fe/pt olivine mix. IDEX FM. Det2500. Position 4 ",5," Iron "
8548645,20231215171922.052999999,20231215101922.052999999,1702660762053,1.652970E+4,3.148251E-18,1.956520E-16,4.570129E-8,2.198294E+0," IDEX "," 2023_12_15_run0 "," 8-90 km/s. Fe/pt olivine mix. IDEX FM. Det2500. Position 4 ",4," Iron "
8548646,20231215171923.993000000,20231215101923.993000000,1702660763993,8.317340E+3,2.022112E-17,3.181700E-16,8.495203E-8,2.198294E+0," IDEX "," 2023_12_15_run0 "," 8-90 km/s. Fe/pt olivine mix. IDEX FM. Det2500. Position 4 ",5," Iron "
8548649,20231215171927.512000000,20231215101927.512000000,1702660767512,1.509570E+4,4.022382E-18,2.084850E-16,4.959064E-8,2.198294E+0," IDEX "," 2023_12_15_run0 "," 8-90 km/s. Fe/pt olivine mix. IDEX FM. Det2500. Position 4 ",5," Iron "
8548651,20231215171932.861000000,20231215101932.861000000,1702660772861,1.009940E+4,2.058254E-17,4.775020E-16,8.545517E-8,2.198294E+0," IDEX "," 2023_12_15_run0 "," 8-90 km/s. Fe/pt olivine mix. IDEX FM. Det2500. Position 4 ",5," Iron "
8548652,20231215171933.310999999,20231215101933.310999999,1702660773311,1.078860E+4,1.523650E-17,4.033670E-16,7.730372E-8,2.198294E+0," IDEX "," 2023_12_15_run0 "," 8-90 km/s. Fe/pt olivine mix. IDEX FM. Det2500. Position 4 ",5," Iron "
8548655,20231215171945.570999999,20231215101945.570999999,1702660785571,1.278120E+4,2.050363E-17,7.622580E-16,8.534581E-8,2.197063E+0," IDEX "," 2023_12_15_run0 "," 8-90 km/s. Fe/pt olivine mix. IDEX FM. Det2500. Position 4 ",5," Iron "
8548656,20231215171945.802999999,20231215101945.802999999,1702660785803,1.501070E+4,3.458919E-18,1.773660E-16,4.715764E-8,2.197063E+0," IDEX "," 2023_12_15_run0 "," 8-90 km/s. Fe/pt olivine mix. IDEX FM. Det2500. Position 4 ",3," Iron "
8548658,20231215172007.739000000,20231215102007.739000000,1702660807739,9.839050E+3,8.403045E-18,1.850240E-16,6.339440E-8,2.198294E+0," IDEX "," 2023_12_15_run0 "," 8-90 km/s. Fe/pt olivine mix. IDEX FM. Det2500. Position 4 ",5," Iron "
8548660,20231215172010.001999999,20231215102010.001999999,1702660810002,1.581250E+4,4.735365E-18,2.693020E-16,5.236284E-8,2.198294E+0," IDEX "," 2023_12_15_run0 "," 8-90 km/s. Fe/pt olivine mix. IDEX FM. Det2500. Position 4 ",5," Iron "
8548662,20231215172011.253000000,20231215102011.253000000,1702660811253,1.086410E+4,9.319939E-18,2.501990E-16,6.562102E-8,2.198294E+0," IDEX "," 2023_12_15_run0 "," 8-90 km/s. Fe/pt olivine mix. IDEX FM. Det2500. Position 4 ",5," Iron "
8548663,20231215172023.765999999,20231215102023.765999999,1702660823766,8.004790E+3,4.336703E-18,6.320400E-17,5.085011E-8,2.198294E+0," IDEX "," 2023_12_15_run0 "," 8-90 km/s. Fe/pt olivine mix. IDEX FM. Det2500. Position 4 ",4," Iron "
8548669,20231215172110.916999999,20231215102110.916999999,1702660870917,8.692110E+3,1.047692E-17,1.800400E-16,6.823122E-8,2.198294E+0," IDEX "," 2023_12_15_run0 "," 8-90 km/s. Fe/pt olivine mix. IDEX FM. Det2500. Position 4 ",4," Iron "
8548675,20231215172129.103000000,20231215102129.103000000,1702660889103,1.237870E+4,5.849493E-18,2.037560E-16,5.618384E-8,2.199524E+0," IDEX "," 2023_12_15_run0 "," 8-90 km/s. Fe/pt olivine mix. IDEX FM. Det2500. Position 4 ",5," Iron "
8548678,20231215172132.506999999,20231215102132.506999999,1702660892507,1.435440E+4,3.901545E-18,1.829510E-16,4.908900E-8,2.197063E+0," IDEX "," 2023_12_15_run0 "," 8-90 km/s. Fe/pt olivine mix. IDEX FM. Det2500. Position 4 ",5," Iron "
8548680,20231215172140.236000000,20231215102140.236000000,1702660900236,1.255410E+4,5.283888E-18,1.894130E-16,5.431126E-8,2.198294E+0," IDEX "," 2023_12_15_run0 "," 8-90 km/s. Fe/pt olivine mix. IDEX FM. Det2500. Position 4 ",5," Iron "
8548681,20231215172152.510999999,20231215102152.510999999,1702660912511,1.134060E+4,6.397045E-18,1.871270E-16,5.788488E-8,2.198294E+0," IDEX "," 2023_12_15_run0 "," 8-90 km/s. Fe/pt olivine mix. IDEX FM. Det2500. Position 4 ",4," Iron "
8548682,20231215172153.410999999,20231215102153.410999999,1702660913411,1.920140E+4,2.714251E-18,2.276150E-16,4.349660E-8,2.198294E+0," IDEX "," 2023_12_15_run0 "," 8-90 km/s. Fe/pt olivine mix. IDEX FM. Det2500. Position 4 ",5," Iron "
8548683,20231215172153.529000000,20231215102153.529000000,1702660913529,9.519100E+3,2.952395E-17,6.084870E-16,9.637480E-8,2.198294E+0," IDEX "," 2023_12_15_run0 "," 8-90 km/s. Fe/pt olivine mix. IDEX FM. Det2500. Position 4 ",5," Iron "
8548685,20231215172157.055000000,20231215102157.055000000,1702660917055,9.846910E+3,1.094343E-17,2.413450E-16,6.922927E-8,2.198294E+0," IDEX "," 2023_12_15_run0 "," 8-90 km/s. Fe/pt olivine mix. IDEX FM. Det2500. Position 4 ",5," Iron "
8548686,20231215172210.123000000,20231215102210.123000000,1702660930123,1.786910E+4,2.675320E-18,1.942970E-16,4.328764E-8,2.198294E+0," IDEX "," 2023_12_15_run0 "," 8-90 km/s. Fe/pt olivine mix. IDEX FM. Det2500. Position 4 ",4," Iron "
8548688,20231215172210.918999999,20231215102210.918999999,1702660930919,1.251830E+4,6.598749E-18,2.352000E-16,5.848698E-8,2.198294E+0," IDEX "," 2023_12_15_run0 "," 8-90 km/s. Fe/pt olivine mix. IDEX FM. Det2500. Position 4 ",5," Iron "
8548690,20231215172216.705000000,20231215102216.705000000,1702660936705,1.882460E+4,4.181326E-18,3.370160E-16,5.023542E-8,2.198294E+0," IDEX "," 2023_12_15_run0 "," 8-90 km/s. Fe/pt olivine mix. IDEX FM. Det2500. Position 4 ",5," Iron "
8548691,20231215172216.932999999,20231215102216.932999999,1702660936933,8.846960E+3,3.086336E-17,5.494350E-16,9.781071E-8,2.198294E+0," IDEX "," 2023_12_15_run0 "," 8-90 km/s. Fe/pt olivine mix. IDEX FM. Det2500. Position 4 ",5," Iron "
8548694,20231215172237.049000000,20231215102237.049000000,1702660957049,2.557070E+4,1.303628E-18,1.938760E-16,3.406355E-8,2.198294E+0," IDEX "," 2023_12_15_run0 "," 8-90 km/s. Fe/pt olivine mix. IDEX FM. Det2500. Position 4 ",5," Iron "
8548699,20231215172249.216000000,20231215102249.216000000,1702660969216,1.270830E+4,4.009587E-18,1.472030E-16,4.953801E-8,2.199524E+0," IDEX "," 2023_12_15_run0 "," 8-90 km/s. Fe/pt olivine mix. IDEX FM. Det2500. Position 4 ",4," Iron "
8548708,20231215172304.773999999,20231215102304.773999999,1702660984774,1.098330E+4,5.348592E-18,1.466720E-16,5.453205E-8,2.199524E+0," IDEX "," 2023_12_15_run0 "," 8-90 km/s. Fe/pt olivine mix. IDEX FM. Det2500. Position 4 ",4," Iron "
8548711,20231215172309.898999999,20231215102309.898999999,1702660989899,9.368240E+3,9.843470E-18,1.966040E-16,6.682743E-8,2.197063E+0," IDEX "," 2023_12_15_run0 "," 8-90 km/s. Fe/pt olivine mix. IDEX FM. Det2500. Position 4 ",4," Iron "
8548712,20231215172320.924000000,20231215102320.924000000,1702661000924,8.306120E+3,5.495372E-17,8.623400E-16,1.185508E-7,2.198294E+0," IDEX "," 2023_12_15_run0 "," 8-90 km/s. Fe/pt olivine mix. IDEX FM. Det2500. Position 4 ",5," Iron "
8548713,20231215172330.467999999,20231215102330.467999999,1702661010468,1.294700E+4,5.830088E-18,2.222790E-16,5.612164E-8,2.198294E+0," IDEX "," 2023_12_15_run0 "," 8-90 km/s. Fe/pt olivine mix. IDEX FM. Det2500. Position 4 ",5," Iron "
8548714,20231215172343.189000000,20231215102343.189000000,1702661023189,1.491360E+4,3.234306E-18,1.636180E-16,4.611395E-8,2.198294E+0," IDEX "," 2023_12_15_run0 "," 8-90 km/s. Fe/pt olivine mix. IDEX FM. Det2500. Position 4 ",3," Iron "
8548716,20231215172359.438000000,20231215102359.438000000,1702661039438,1.368050E+4,1.108797E-17,4.719990E-16,6.953275E-8,2.198294E+0," IDEX "," 2023_12_15_run0 "," 8-90 km/s. Fe/pt olivine mix. IDEX FM. Det2500. Position 4 ",5," Iron "
8548717,20231215172401.257999999,20231215102401.257999999,1702661041258,2.333960E+4,1.410103E-18,1.747120E-16,3.496678E-8,2.198294E+0," IDEX "," 2023_12_15_run0 "," 8-90 km/s. Fe/pt olivine mix. IDEX FM. Det2500. Position 4 ",4," Iron "
8548721,20231215172408.643999999,20231215102408.643999999,1702661048644,8.373500E+3,5.371540E-17,8.566390E-16,1.176535E-7,2.198294E+0," IDEX "," 2023_12_15_run0 "," 8-90 km/s. Fe/pt olivine mix. IDEX FM. Det2500. Position 4 ",5," Iron "
8548724,20231215172424.888000000,20231215102424.888000000,1702661064888,1.309010E+4,6.100737E-18,2.379010E-16,5.697698E-8,2.197063E+0," IDEX "," 2023_12_15_run0 "," 8-90 km/s. Fe/pt olivine mix. IDEX FM. Det2500. Position 4 ",4," Iron "
8548725,20231215172431.037000000,20231215102431.037000000,1702661071037,1.212300E+4,5.471466E-18,1.828980E-16,5.494648E-8,2.198294E+0," IDEX "," 2023_12_15_run0 "," 8-90 km/s. Fe/pt olivine mix. IDEX FM. Det2500. Position 4 ",5," Iron "
8548726,20231215172432.047999999,20231215102432.047999999,1702661072048,1.571350E+4,3.946190E-18,2.216200E-16,4.927553E-8,2.198294E+0," IDEX "," 2023_12_15_run0 "," 8-90 km/s. Fe/pt olivine mix. IDEX FM. Det2500. Position 4 ",4," Iron "
8548728,20231215172434.783999999,20231215102434.783999999,1702661074784,8.973400E+3,2.137227E-17,3.914260E-16,8.653441E-8,2.198294E+0," IDEX "," 2023_12_15_run0 "," 8-90 km/s. Fe/pt olivine mix. IDEX FM. Det2500. Position 4 ",5," Iron "
8548731,20231215172441.942000000,20231215102441.942000000,1702661081942,1.227280E+4,4.543269E-18,1.556470E-16,5.164498E-8,2.198294E+0," IDEX "," 2023_12_15_run0 "," 8-90 km/s. Fe/pt olivine mix. IDEX FM. Det2500. Position 4 ",3," Iron "
8548732,20231215172443.765000000,20231215102443.765000000,1702661083765,1.051970E+4,9.072646E-18,2.283630E-16,6.503542E-8,2.198294E+0," IDEX "," 2023_12_15_run0 "," 8-90 km/s. Fe/pt olivine mix. IDEX FM. Det2500. Position 4 ",5," Iron "
8548733,20231215172445.813000000,20231215102445.813000000,1702661085813,9.131330E+3,9.991821E-18,1.894950E-16,6.716147E-8,2.198294E+0," IDEX "," 2023_12_15_run0 "," 8-90 km/s. Fe/pt olivine mix. IDEX FM. Det2500. Position 4 ",4," Iron "
8548734,20231215172447.621000000,20231215102447.621000000,1702661087621,1.257530E+4,1.259646E-17,4.530750E-16,7.255290E-8,2.198294E+0," IDEX "," 2023_12_15_run0 "," 8-90 km/s. Fe/pt olivine mix. IDEX FM. Det2500. Position 4 ",5," Iron "
8548736,20231215172503.302000000,20231215102503.302000000,1702661103302,9.489770E+3,1.430597E-17,2.930310E-16,7.569684E-8,2.198294E+0," IDEX "," 2023_12_15_run0 "," 8-90 km/s. Fe/pt olivine mix. IDEX FM. Det2500. Position 4 ",5," Iron "
8548738,20231215172511.260000000,20231215102511.260000000,1702661111260,8.839020E+3,4.038309E-18,7.184210E-17,4.965601E-8,2.195833E+0," IDEX "," 2023_12_15_run0 "," 8-90 km/s. Fe/pt olivine mix. IDEX FM. Det2500. Position 4 ",5," Iron "
8548742,20231215172524.543999999,20231215102524.543999999,1702661124544,1.010740E+4,1.405042E-17,3.262950E-16,7.524341E-8,2.199524E+0," IDEX "," 2023_12_15_run0 "," 8-90 km/s. Fe/pt olivine mix. IDEX FM. Det2500. Position 4 ",5," Iron "
8548745,20231215172531.362999999,20231215102531.362999999,1702661131363,1.820570E+4,2.264133E-18,1.705920E-16,4.094548E-8,2.199524E+0," IDEX "," 2023_12_15_run0 "," 8-90 km/s. Fe/pt olivine mix. IDEX FM. Det2500. Position 4 ",3," Iron "
8548746,20231215172533.418000000,20231215102533.418000000,1702661133418,9.073130E+3,1.609181E-17,3.011350E-16,7.872396E-8,2.199524E+0," IDEX "," 2023_12_15_run0 "," 8-90 km/s. Fe/pt olivine mix. IDEX FM. Det2500. Position 4 ",4," Iron "
8548747,20231215172536.816000000,20231215102536.816000000,1702661136816,1.987100E+4,3.271111E-18,2.936140E-16,4.628821E-8,2.199524E+0," IDEX "," 2023_12_15_run0 "," 8-90 km/s. Fe/pt olivine mix. IDEX FM. Det2500. Position 4 ",5," Iron "
8548748,20231215172538.527999999,20231215102538.527999999,1702661138528,3.938670E+4,2.829051E-18,9.987760E-16,4.410139E-8,2.197063E+0," IDEX "," 2023_12_15_run0 "," 8-90 km/s. Fe/pt olivine mix. IDEX FM. Det2500. Position 4 ",5," Iron "
8548752,20231215172539.552999999,20231215102539.552999999,1702661139553,8.592470E+3,5.975734E-18,1.004050E-16,5.658514E-8,2.197063E+0," IDEX "," 2023_12_15_run0 "," 8-90 km/s. Fe/pt olivine mix. IDEX FM. Det2500. Position 4 ",4," Iron "
8548753,20231215172541.257999999,20231215102541.257999999,1702661141258,9.385640E+3,1.054965E-17,2.114920E-16,6.838876E-8,2.197063E+0," IDEX "," 2023_12_15_run0 "," 8-90 km/s. Fe/pt olivine mix. IDEX FM. Det2500. Position 4 ",4," Iron "
8548755,20231215172543.868000000,20231215102543.868000000,1702661143868,1.466840E+4,4.816042E-18,2.355580E-16,5.265853E-8,2.199524E+0," IDEX "," 2023_12_15_run0 "," 8-90 km/s. Fe/pt olivine mix. IDEX FM. Det2500. Position 4 ",5," Iron "
8548761,20231215172557.395999999,20231215102557.395999999,1702661157396,1.116110E+4,6.534599E-18,1.850440E-16,5.829683E-8,2.199524E+0," IDEX "," 2023_12_15_run0 "," 8-90 km/s. Fe/pt olivine mix. IDEX FM. Det2500. Position 4 ",5," Iron "
8548762,20231215172601.145000000,20231215102601.145000000,1702661161145,1.121860E+4,7.585363E-18,2.170180E-16,6.126758E-8,2.199524E+0," IDEX "," 2023_12_15_run0 "," 8-90 km/s. Fe/pt olivine mix. IDEX FM. Det2500. Position 4 ",4," Iron "
8548764,20231215172610.010999999,20231215102610.010999999,1702661170011,8.151070E+3,1.256620E-17,1.898970E-16,7.249476E-8,2.198294E+0," IDEX "," 2023_12_15_run0 "," 8-90 km/s. Fe/pt olivine mix. IDEX FM. Det2500. Position 4 ",5," Iron "
8548772,20231215172628.529000000,20231215102628.529000000,1702661188529,9.239170E+3,1.668324E-17,3.237340E-16,7.967684E-8,2.199524E+0," IDEX "," 2023_12_15_run0 "," 8-90 km/s. Fe/pt olivine mix. IDEX FM. Det2500. Position 4 ",5," Iron "
8548779,20231215172701.939999999,20231215102701.939999999,1702661221940,1.596360E+4,5.053704E-18,2.929250E-16,5.351086E-8,2.198294E+0," IDEX "," 2023_12_15_run0 "," 8-90 km/s. Fe/pt olivine mix. IDEX FM. Det2500. Position 4 ",5," Iron "
8548780,20231215172704.780999999,20231215102704.780999999,1702661224781,9.331660E+3,1.199060E-17,2.376220E-16,7.137053E-8,2.197063E+0," IDEX "," 2023_12_15_run0 "," 8-90 km/s. Fe/pt olivine mix. IDEX FM. Det2500. Position 4 ",4," Iron "
8548783,20231215172711.942000000,20231215102711.942000000,1702661231942,1.311580E+4,4.154771E-18,1.625630E-16,5.012884E-8,2.198294E+0," IDEX "," 2023_12_15_run0 "," 8-90 km/s. Fe/pt olivine mix. IDEX FM. Det2500. Position 4 ",4," Iron "
8548784,20231215172714.783000000,20231215102714.783000000,1702661234783,1.084430E+4,1.277645E-17,3.417420E-16,7.289685E-8,2.198294E+0," IDEX "," 2023_12_15_run0 "," 8-90 km/s. Fe/pt olivine mix. IDEX FM. Det2500. Position 4 ",5," Iron "
8548785,20231215172717.733000000,20231215102717.733000000,1702661237733,1.074120E+4,8.602008E-18,2.258570E-16,6.389084E-8,2.197063E+0," IDEX "," 2023_12_15_run0 "," 8-90 km/s. Fe/pt olivine mix. IDEX FM. Det2500. Position 4 ",4," Iron "
8548786,20231215172718.759000000,20231215102718.759000000,1702661238759,1.983500E+4,2.203531E-18,1.972930E-16,4.057686E-8,2.197063E+0," IDEX "," 2023_12_15_run0 "," 8-90 km/s. Fe/pt olivine mix. IDEX FM. Det2500. Position 4 ",5," Iron "
8548788,20231215172727.739999999,20231215102727.739999999,1702661247740,1.170520E+4,6.342001E-18,1.977480E-16,5.771837E-8,2.197063E+0," IDEX "," 2023_12_15_run0 "," 8-90 km/s. Fe/pt olivine mix. IDEX FM. Det2500. Position 4 ",5," Iron "
8548792,20231215172745.347000000,20231215102745.347000000,1702661265347,8.488330E+3,2.526962E-17,4.141220E-16,9.150362E-8,2.198294E+0," IDEX "," 2023_12_15_run0 "," 8-90 km/s. Fe/pt olivine mix. IDEX FM. Det2500. Position 4 ",5," Iron "
8548793,20231215172751.030999999,20231215102751.030999999,1702661271031,1.282440E+4,1.143050E-17,4.275870E-16,7.024150E-8,2.198294E+0," IDEX "," 2023_12_15_run0 "," 8-90 km/s. Fe/pt olivine mix. IDEX FM. Det2500. Position 4 ",5," Iron "
8548795,20231215172757.280999999,20231215102757.280999999,1702661277281,9.852570E+3,1.367312E-17,3.018920E-16,7.456376E-8,2.198294E+0," IDEX "," 2023_12_15_run0 "," 8-90 km/s. Fe/pt olivine mix. IDEX FM. Det2500. Position 4 ",5," Iron "
8548797,20231215172812.504999999,20231215102812.504999999,1702661292505,9.365790E+3,1.123687E-17,2.243170E-16,6.984261E-8,2.197063E+0," IDEX "," 2023_12_15_run0 "," 8-90 km/s. Fe/pt olivine mix. IDEX FM. Det2500. Position 4 ",5," Iron "
8548802,20231215172827.277999999,20231215102827.277999999,1702661307278,8.810580E+3,1.335071E-17,2.358530E-16,7.397303E-8,2.197063E+0," IDEX "," 2023_12_15_run0 "," 8-90 km/s. Fe/pt olivine mix. IDEX FM. Det2500. Position 4 ",5," Iron "
8548805,20231215172835.231000000,20231215102835.231000000,1702661315231,8.847950E+3,2.139753E-17,3.810080E-16,8.656851E-8,2.198294E+0," IDEX "," 2023_12_15_run0 "," 8-90 km/s. Fe/pt olivine mix. IDEX FM. Det2500. Position 4 ",5," Iron "
8548806,20231215172835.339000000,20231215102835.339000000,1702661315339,1.805570E+4,8.872883E-18,6.579280E-16,6.455456E-8,2.198294E+0," IDEX "," 2023_12_15_run0 "," 8-90 km/s. Fe/pt olivine mix. IDEX FM. Det2500. Position 4 ",5," Iron "
8548808,20231215172846.020999999,20231215102846.020999999,1702661326021,1.425580E+4,5.160805E-18,2.384200E-16,5.388623E-8,2.199524E+0," IDEX "," 2023_12_15_run0 "," 8-90 km/s. Fe/pt olivine mix. IDEX FM. Det2500. Position 4 ",5," Iron "
8548809,20231215172847.506000000,20231215102847.506000000,1702661327506,9.273280E+3,7.694482E-18,1.504140E-16,6.155998E-8,2.199524E+0," IDEX "," 2023_12_15_run0 "," 8-90 km/s. Fe/pt olivine mix. IDEX FM. Det2500. Position 4 ",3," Iron "
8548813,20231215172853.412999999,20231215102853.412999999,1702661333413,1.486070E+4,3.387136E-18,1.701360E-16,4.682914E-8,2.198294E+0," IDEX "," 2023_12_15_run0 "," 8-90 km/s. Fe/pt olivine mix. IDEX FM. Det2500. Position 4 ",5," Iron "
8548817,20231215172902.955000000,20231215102902.955000000,1702661342955,1.741610E+4,8.738573E-18,6.028750E-16,6.422717E-8,2.198294E+0," IDEX "," 2023_12_15_run0 "," 8-90 km/s. Fe/pt olivine mix. IDEX FM. Det2500. Position 4 ",5," Iron "
8548819,20231215172906.484999999,20231215102906.484999999,1702661346485,1.778610E+4,8.566306E-18,6.167130E-16,6.380233E-8,2.197063E+0," IDEX "," 2023_12_15_run0 "," 8-90 km/s. Fe/pt olivine mix. IDEX FM. Det2500. Position 4 ",5," Iron "
8548821,20231215172915.229999999,20231215102915.229999999,1702661355230,2.050440E+4,2.023232E-18,1.934750E-16,3.943851E-8,2.198294E+0," IDEX "," 2023_12_15_run0 "," 8-90 km/s. Fe/pt olivine mix. IDEX FM. Det2500. Position 4 ",4," Iron "
8548829,20231215172931.256000000,20231215102931.256000000,1702661371256,8.632920E+3,1.832201E-17,3.105800E-16,8.220464E-8,2.198294E+0," IDEX "," 2023_12_15_run0 "," 8-90 km/s. Fe/pt olivine mix. IDEX FM. Det2500. Position 4 ",5," Iron "
8548834,20231215172944.785000000,20231215102944.785000000,1702661384785,1.301190E+4,6.220015E-18,2.396630E-16,5.734591E-8,2.197063E+0," IDEX "," 2023_12_15_run0 "," 8-90 km/s. Fe/pt olivine mix. IDEX FM. Det2500. Position 4 ",3," Iron "
8548837,20231215173000.120000000,20231215103000.120000000,1702661400120,1.002820E+4,9.070486E-18,2.074730E-16,6.503026E-8,2.198294E+0," IDEX "," 2023_12_15_run0 "," 8-90 km/s. Fe/pt olivine mix. IDEX FM. Det2500. Position 4 ",5," Iron "
8548839,20231215173008.075999999,20231215103008.075999999,1702661408076,1.094550E+4,3.999654E-18,1.090490E-16,4.949706E-8,2.197063E+0," IDEX "," 2023_12_15_run0 "," 8-90 km/s. Fe/pt olivine mix. IDEX FM. Det2500. Position 4 ",4," Iron "
8548843,20231215173027.506999999,20231215103027.506999999,1702661427507,9.223180E+3,1.168529E-17,2.262190E-16,7.075958E-8,2.197063E+0," IDEX "," 2023_12_15_run0 "," 8-90 km/s. Fe/pt olivine mix. IDEX FM. Det2500. Position 4 ",5," Iron "
8548844,20231215173028.532000000,20231215103028.532000000,1702661428532,8.279610E+3,1.465537E-17,2.286360E-16,7.630815E-8,2.197063E+0," IDEX "," 2023_12_15_run0 "," 8-90 km/s. Fe/pt olivine mix. IDEX FM. Det2500. Position 4 ",5," Iron "
8548845,20231215173029.325999999,20231215103029.325999999,1702661429326,9.901060E+3,6.396982E-18,1.427140E-16,5.788469E-8,2.197063E+0," IDEX "," 2023_12_15_run0 "," 8-90 km/s. Fe/pt olivine mix. IDEX FM. Det2500. Position 4 ",4," Iron "
8548846,20231215173029.442000000,20231215103029.442000000,1702661429442,9.836350E+3,9.114934E-18,2.007010E-16,6.513631E-8,2.197063E+0," IDEX "," 2023_12_15_run0 "," 8-90 km/s. Fe/pt olivine mix. IDEX FM. Det2500. Position 4 ",4," Iron "
8548847,20231215173029.660000000,20231215103029.660000000,1702661429660,1.511310E+4,2.707279E-18,1.407240E-16,4.345933E-8,2.197063E+0," IDEX "," 2023_12_15_run0 "," 8-90 km/s. Fe/pt olivine mix. IDEX FM. Det2500. Position 4 ",3," Iron "
8548852,20231215173042.725000000,20231215103042.725000000,1702661442725,1.207210E+4,5.345081E-18,1.771760E-16,5.452011E-8,2.198294E+0," IDEX "," 2023_12_15_run0 "," 8-90 km/s. Fe/pt olivine mix. IDEX FM. Det2500. Position 4 ",5," Iron "
8548855,20231215173052.155000000,20231215103052.155000000,1702661452155,1.047360E+4,5.319410E-18,1.326470E-16,5.443269E-8,2.199524E+0," IDEX "," 2023_12_15_run0 "," 8-90 km/s. Fe/pt olivine mix. IDEX FM. Det2500. Position 4 ",4," Iron "
8548856,20231215173059.663999999,20231215103059.663999999,1702661459664,1.233000E+4,7.149360E-18,2.472170E-16,6.007047E-8,2.198294E+0," IDEX "," 2023_12_15_run0 "," 8-90 km/s. Fe/pt olivine mix. IDEX FM. Det2500. Position 4 ",5," Iron "
8548858,20231215173103.410000000,20231215103103.410000000,1702661463410,1.493620E+4,7.282703E-18,3.695370E-16,6.044164E-8,2.198294E+0," IDEX "," 2023_12_15_run0 "," 8-90 km/s. Fe/pt olivine mix. IDEX FM. Det2500. Position 4 ",5," Iron "
8548859,20231215173104.217999999,20231215103104.217999999,1702661464218,9.299530E+3,7.109259E-18,1.398400E-16,5.995795E-8,2.198294E+0," IDEX "," 2023_12_15_run0 "," 8-90 km/s. Fe/pt olivine mix. IDEX FM. Det2500. Position 4 ",5," Iron "
8548861,20231215173105.915000000,20231215103105.915000000,1702661465915,1.115320E+4,2.026432E-17,5.733450E-16,8.501247E-8,2.198294E+0," IDEX "," 2023_12_15_run0 "," 8-90 km/s. Fe/pt olivine mix. IDEX FM. Det2500. Position 4 ",5," Iron "
8548862,20231215173108.064999999,20231215103108.064999999,1702661468065,1.985600E+4,3.159341E-18,2.833120E-16,4.575488E-8,2.198294E+0," IDEX "," 2023_12_15_run0 "," 8-90 km/s. Fe/pt olivine mix. IDEX FM. Det2500. Position 4 ",5," Iron "
8548865,20231215173121.591999999,20231215103121.591999999,1702661481592,1.937780E+4,3.688733E-18,3.150440E-16,4.817973E-8,2.198294E+0," IDEX "," 2023_12_15_run0 "," 8-90 km/s. Fe/pt olivine mix. IDEX FM. Det2500. Position 4 ",5," Iron "
8548868,20231215173135.459999999,20231215103135.459999999,1702661495460,9.930240E+3,7.483173E-17,1.678380E-15,1.314016E-7,2.198294E+0," IDEX "," 2023_12_15_run0 "," 8-90 km/s. Fe/pt olivine mix. IDEX FM. Det2500. Position 4 ",5," Iron "
8548871,20231215173140.345999999,20231215103140.345999999,1702661500346,1.023920E+4,6.700947E-18,1.597020E-16,5.878737E-8,2.199524E+0," IDEX "," 2023_12_15_run0 "," 8-90 km/s. Fe/pt olivine mix. IDEX FM. Det2500. Position 4 ",3," Iron "
8548872,20231215173148.649999999,20231215103148.649999999,1702661508650,8.716120E+3,1.595990E-17,2.756250E-16,7.850826E-8,2.199524E+0," IDEX "," 2023_12_15_run0 "," 8-90 km/s. Fe/pt olivine mix. IDEX FM. Det2500. Position 4 ",5," Iron "
8548875,20231215173158.404000000,20231215103158.404000000,1702661518404,2.039520E+4,2.693037E-18,2.546480E-16,4.338298E-8,2.199524E+0," IDEX "," 2023_12_15_run0 "," 8-90 km/s. Fe/pt olivine mix. IDEX FM. Det2500. Position 4 ",5," Iron "
8548876,20231215173202.509000000,20231215103202.509000000,1702661522509,1.490230E+4,2.850657E-18,1.440720E-16,4.421337E-8,2.197063E+0," IDEX "," 2023_12_15_run0 "," 8-90 km/s. Fe/pt olivine mix. IDEX FM. Det2500. Position 4 ",3," Iron "
8548877,20231215173202.614999999,20231215103202.614999999,1702661522615,9.707760E+3,1.581150E-17,3.391090E-16,7.826419E-8,2.197063E+0," IDEX "," 2023_12_15_run0 "," 8-90 km/s. Fe/pt olivine mix. IDEX FM. Det2500. Position 4 ",5," Iron "
8548880,20231215173210.682999999,20231215103210.682999999,1702661530683,1.805240E+4,3.635861E-18,2.696530E-16,4.794843E-8,2.197063E+0," IDEX "," 2023_12_15_run0 "," 8-90 km/s. Fe/pt olivine mix. IDEX FM. Det2500. Position 4 ",5," Iron "
8548881,20231215173212.496999999,20231215103212.496999999,1702661532497,8.770600E+3,8.285107E-18,1.450390E-16,6.309642E-8,2.197063E+0," IDEX "," 2023_12_15_run0 "," 8-90 km/s. Fe/pt olivine mix. IDEX FM. Det2500. Position 4 ",4," Iron "
8548882,20231215173212.729999999,20231215103212.729999999,1702661532730,9.273720E+3,1.041425E-17,2.038280E-16,6.809490E-8,2.197063E+0," IDEX "," 2023_12_15_run0 "," 8-90 km/s. Fe/pt olivine mix. IDEX FM. Det2500. Position 4 ",5," Iron "
8548885,20231215173229.550000000,20231215103229.550000000,1702661549550,1.299480E+4,1.058368E-17,4.067280E-16,6.846221E-8,2.197063E+0," IDEX "," 2023_12_15_run0 "," 8-90 km/s. Fe/pt olivine mix. IDEX FM. Det2500. Position 4 ",5," Iron "
8548888,20231215173232.041999999,20231215103232.041999999,1702661552042,1.032230E+4,5.951431E-18,1.443120E-16,5.650833E-8,2.197063E+0," IDEX "," 2023_12_15_run0 "," 8-90 km/s. Fe/pt olivine mix. IDEX FM. Det2500. Position 4 ",3," Iron "
8548894,20231215173306.251999999,20231215103306.251999999,1702661586252,1.207840E+4,5.008482E-18,1.662850E-16,5.335077E-8,2.197063E+0," IDEX "," 2023_12_15_run0 "," 8-90 km/s. Fe/pt olivine mix. IDEX FM. Det2500. Position 4 ",5," Iron "
8548900,20231215173321.484999999,20231215103321.484999999,1702661601485,1.168470E+4,1.249007E-17,3.878690E-16,7.234807E-8,2.198294E+0," IDEX "," 2023_12_15_run0 "," 8-90 km/s. Fe/pt olivine mix. IDEX FM. Det2500. Position 4 ",5," Iron "
8548901,20231215173322.040999999,20231215103322.040999999,1702661602041,8.548320E+3,1.503303E-17,2.498580E-16,7.695807E-8,2.198294E+0," IDEX "," 2023_12_15_run0 "," 8-90 km/s. Fe/pt olivine mix. IDEX FM. Det2500. Position 4 ",4," Iron "
8548903,20231215173325.461000000,20231215103325.461000000,1702661605461,9.033010E+3,1.579471E-17,2.932950E-16,7.823646E-8,2.197063E+0," IDEX "," 2023_12_15_run0 "," 8-90 km/s. Fe/pt olivine mix. IDEX FM. Det2500. Position 4 ",5," Iron "
8548905,20231215173341.365999999,20231215103341.365999999,1702661621366,1.748790E+4,3.667691E-18,2.551250E-16,4.808794E-8,2.198294E+0," IDEX "," 2023_12_15_run0 "," 8-90 km/s. Fe/pt olivine mix. IDEX FM. Det2500. Position 4 ",5," Iron "
8548909,20231215173405.570999999,20231215103405.570999999,1702661645571,8.735050E+3,6.292601E-18,1.092670E-16,5.756812E-8,2.197063E+0," IDEX "," 2023_12_15_run0 "," 8-90 km/s. Fe/pt olivine mix. IDEX FM. Det2500. Position 4 ",3," Iron "
8548911,20231215173407.845999999,20231215103407.845999999,1702661647846,8.907510E+3,9.833824E-18,1.774680E-16,6.680559E-8,2.198294E+0," IDEX "," 2023_12_15_run0 "," 8-90 km/s. Fe/pt olivine mix. IDEX FM. Det2500. Position 4 ",5," Iron "
8548918,20231215173418.871999999,20231215103418.871999999,1702661658872,8.506640E+3,2.244536E-17,3.696330E-16,8.795912E-8,2.197063E+0," IDEX "," 2023_12_15_run0 "," 8-90 km/s. Fe/pt olivine mix. IDEX FM. Det2500. Position 4 ",3," Iron "
8548920,20231215173424.662999999,20231215103424.662999999,1702661664663,1.039050E+4,8.262842E-18,2.027890E-16,6.303985E-8,2.199524E+0," IDEX "," 2023_12_15_run0 "," 8-90 km/s. Fe/pt olivine mix. IDEX FM. Det2500. Position 4 ",5," Iron "
8548921,20231215173426.699999999,20231215103426.699999999,1702661666700,1.671830E+4,7.792049E-18,4.950830E-16,6.181908E-8,2.199524E+0," IDEX "," 2023_12_15_run0 "," 8-90 km/s. Fe/pt olivine mix. IDEX FM. Det2500. Position 4 ",5," Iron "
8548925,20231215173450.677000000,20231215103450.677000000,1702661690677,8.883630E+3,1.523499E-17,2.733160E-16,7.730116E-8,2.199524E+0," IDEX "," 2023_12_15_run0 "," 8-90 km/s. Fe/pt olivine mix. IDEX FM. Det2500. Position 4 ",5," Iron "
8548928,20231215173508.186999999,20231215103508.186999999,1702661708187,8.208080E+3,1.022321E-17,1.566590E-16,6.767596E-8,2.198294E+0," IDEX "," 2023_12_15_run0 "," 8-90 km/s. Fe/pt olivine mix. IDEX FM. Det2500. Position 4 ",5," Iron "
8548933,20231215173526.591999999,20231215103526.591999999,1702661726592,8.524300E+3,1.206605E-17,1.993080E-16,7.151993E-8,2.199524E+0," IDEX "," 2023_12_15_run0 "," 8-90 km/s. Fe/pt olivine mix. IDEX FM. Det2500. Position 4 ",4," Iron "
8548936,20231215173539.770999999,20231215103539.770999999,1702661739771,2.061380E+4,1.744338E-18,1.685900E-16,3.753608E-8,2.198294E+0," IDEX "," 2023_12_15_run0 "," 8-90 km/s. Fe/pt olivine mix. IDEX FM. Det2500. Position 4 ",5," Iron "
8548942,20231215173600.345999999,20231215103600.345999999,1702661760346,1.869070E+4,3.023297E-18,2.400900E-16,4.508848E-8,2.199524E+0," IDEX "," 2023_12_15_run0 "," 8-90 km/s. Fe/pt olivine mix. IDEX FM. Det2500. Position 4 ",5," Iron "
8548943,20231215173613.523000000,20231215103613.523000000,1702661773523,1.269680E+4,1.585090E-17,5.815280E-16,7.832914E-8,2.197063E+0," IDEX "," 2023_12_15_run0 "," 8-90 km/s. Fe/pt olivine mix. IDEX FM. Det2500. Position 4 ",5," Iron "
8548944,20231215173615.793000000,20231215103615.793000000,1702661775793,1.310490E+4,6.525331E-18,2.550340E-16,5.826926E-8,2.197063E+0," IDEX "," 2023_12_15_run0 "," 8-90 km/s. Fe/pt olivine mix. IDEX FM. Det2500. Position 4 ",5," Iron "
8548945,20231215173619.214000000,20231215103619.214000000,1702661779214,8.338440E+3,1.355853E-17,2.145410E-16,7.435489E-8,2.197063E+0," IDEX "," 2023_12_15_run0 "," 8-90 km/s. Fe/pt olivine mix. IDEX FM. Det2500. Position 4 ",4," Iron "
8548946,20231215173620.234000000,20231215103620.234000000,1702661780234,8.193590E+3,1.057468E-17,1.613830E-16,6.844279E-8,2.199524E+0," IDEX "," 2023_12_15_run0 "," 8-90 km/s. Fe/pt olivine mix. IDEX FM. Det2500. Position 4 ",5," Iron "
8548947,20231215173622.393999999,20231215103622.393999999,1702661782394,9.434590E+3,1.242608E-17,2.514330E-16,7.222430E-8,2.199524E+0," IDEX "," 2023_12_15_run0 "," 8-90 km/s. Fe/pt olivine mix. IDEX FM. Det2500. Position 4 ",4," Iron "
8548951,20231215173630.794999999,20231215103630.794999999,1702661790795,9.522540E+3,2.096627E-17,4.324260E-16,8.598295E-8,2.198294E+0," IDEX "," 2023_12_15_run0 "," 8-90 km/s. Fe/pt olivine mix. IDEX FM. Det2500. Position 4 ",5," Iron "
8548953,20231215173637.500000000,20231215103637.500000000,1702661797500,1.834040E+4,5.240290E-18,4.006960E-16,5.416147E-8,2.199524E+0," IDEX "," 2023_12_15_run0 "," 8-90 km/s. Fe/pt olivine mix. IDEX FM. Det2500. Position 4 ",5," Iron "
8548954,20231215173639.209000000,20231215103639.209000000,1702661799209,1.825800E+4,1.363664E-18,1.033370E-16,3.457863E-8,2.199524E+0," IDEX "," 2023_12_15_run0 "," 8-90 km/s. Fe/pt olivine mix. IDEX FM. Det2500. Position 4 ",4," Iron "
8548955,20231215173640.566000000,20231215103640.566000000,1702661800566,8.755020E+3,1.280645E-16,2.231440E-15,1.571743E-7,2.199524E+0," IDEX "," 2023_12_15_run0 "," 8-90 km/s. Fe/pt olivine mix. IDEX FM. Det2500. Position 4 ",5," Iron "
8548956,20231215173641.584000000,20231215103641.584000000,1702661801584,1.531620E+4,6.473257E-18,3.451970E-16,5.811384E-8,2.199524E+0," IDEX "," 2023_12_15_run0 "," 8-90 km/s. Fe/pt olivine mix. IDEX FM. Det2500. Position 4 ",5," Iron "
8548959,20231215173659.547999999,20231215103659.547999999,1702661819548,2.141420E+4,1.981431E-18,2.067810E-16,3.916501E-8,2.197063E+0," IDEX "," 2023_12_15_run0 "," 8-90 km/s. Fe/pt olivine mix. IDEX FM. Det2500. Position 4 ",3," Iron "
8548961,20231215173700.449000000,20231215103700.449000000,1702661820449,8.466100E+3,1.929377E-17,3.147110E-16,8.363300E-8,2.197063E+0," IDEX "," 2023_12_15_run0 "," 8-90 km/s. Fe/pt olivine mix. IDEX FM. Det2500. Position 4 ",5," Iron "
8548962,20231215173702.851000000,20231215103702.851000000,1702661822851,9.609570E+3,8.720542E-18,1.830600E-16,6.418297E-8,2.199524E+0," IDEX "," 2023_12_15_run0 "," 8-90 km/s. Fe/pt olivine mix. IDEX FM. Det2500. Position 4 ",5," Iron "
8548965,20231215173719.208000000,20231215103719.208000000,1702661839208,1.090190E+4,6.341801E-18,1.714360E-16,5.771777E-8,2.198294E+0," IDEX "," 2023_12_15_run0 "," 8-90 km/s. Fe/pt olivine mix. IDEX FM. Det2500. Position 4 ",5," Iron "
8548967,20231215173729.652000000,20231215103729.652000000,1702661849652,2.671950E+4,4.676481E-18,7.593830E-16,5.214488E-8,2.198294E+0," IDEX "," 2023_12_15_run0 "," 8-90 km/s. Fe/pt olivine mix. IDEX FM. Det2500. Position 4 ",5," Iron "
8548975,20231215173746.481999999,20231215103746.481999999,1702661866482,1.035970E+4,9.349287E-18,2.283500E-16,6.568983E-8,2.197063E+0," IDEX "," 2023_12_15_run0 "," 8-90 km/s. Fe/pt olivine mix. IDEX FM. Det2500. Position 4 ",4," Iron "
8548982,20231215173803.640000000,20231215103803.640000000,1702661883640,2.417830E+4,6.484029E-18,8.626300E-16,5.814606E-8,2.197063E+0," IDEX "," 2023_12_15_run0 "," 8-90 km/s. Fe/pt olivine mix. IDEX FM. Det2500. Position 4 ",5," Iron "
8548986,20231215173817.697999999,20231215103817.697999999,1702661897698,9.128370E+3,2.370859E-16,4.490910E-15,1.929926E-7,2.199524E+0," IDEX "," 2023_12_15_run0 "," 8-90 km/s. Fe/pt olivine mix. IDEX FM. Det2500. Position 4 ",5," Iron "
8548987,20231215173817.811999999,20231215103817.811999999,1702661897812,2.579320E+4,2.586497E-18,3.911690E-16,4.280317E-8,2.199524E+0," IDEX "," 2023_12_15_run0 "," 8-90 km/s. Fe/pt olivine mix. IDEX FM. Det2500. Position 4 ",5," Iron "
8548988,20231215173820.793000000,20231215103820.793000000,1702661900793,9.267620E+3,1.542334E-17,3.011320E-16,7.761842E-8,2.199524E+0," IDEX "," 2023_12_15_run0 "," 8-90 km/s. Fe/pt olivine mix. IDEX FM. Det2500. Position 4 ",5," Iron "
8548989,20231215173822.381000000,20231215103822.381000000,1702661902381,1.525340E+4,1.012395E-17,5.354580E-16,6.745622E-8,2.199524E+0," IDEX "," 2023_12_15_run0 "," 8-90 km/s. Fe/pt olivine mix. IDEX FM. Det2500. Position 4 ",5," Iron "
8548993,20231215173829.091000000,20231215103829.091000000,1702661909091,1.529180E+4,1.533823E-17,8.153320E-16,7.747538E-8,2.199524E+0," IDEX "," 2023_12_15_run0 "," 8-90 km/s. Fe/pt olivine mix. IDEX FM. Det2500. Position 4 ",5," Iron "
8548995,20231215173847.277000000,20231215103847.277000000,1702661927277,9.611680E+3,2.160047E-17,4.541400E-16,8.684131E-8,2.197063E+0," IDEX "," 2023_12_15_run0 "," 8-90 km/s. Fe/pt olivine mix. IDEX FM. Det2500. Position 4 ",5," Iron "
8548996,20231215173854.197999999,20231215103854.197999999,1702661934198,1.305280E+4,5.596368E-18,2.169910E-16,5.536144E-8,2.197063E+0," IDEX "," 2023_12_15_run0 "," 8-90 km/s. Fe/pt olivine mix. IDEX FM. Det2500. Position 4 ",5," Iron "
8548998,20231215173900.569000000,20231215103900.569000000,1702661940569,1.115450E+4,9.052730E-18,2.563350E-16,6.498780E-8,2.197063E+0," IDEX "," 2023_12_15_run0 "," 8-90 km/s. Fe/pt olivine mix. IDEX FM. Det2500. Position 4 ",5," Iron "
8548999,20231215173916.481999999,20231215103916.481999999,1702661956482,1.122750E+4,6.559743E-18,1.880780E-16,5.837151E-8,2.198294E+0," IDEX "," 2023_12_15_run0 "," 8-90 km/s. Fe/pt olivine mix. IDEX FM. Det2500. Position 4 ",5," Iron "
8549002,20231215173934.546000000,20231215103934.546000000,1702661974546,9.699640E+3,2.682912E-17,5.741200E-16,9.334853E-8,2.198294E+0," IDEX "," 2023_12_15_run0 "," 8-90 km/s. Fe/pt olivine mix. IDEX FM. Det2500. Position 4 ",5," Iron "
8549008,20231215173955.455000000,20231215103955.455000000,1702661995455,1.704640E+4,5.912510E-18,3.907710E-16,5.638488E-8,2.198294E+0," IDEX "," 2023_12_15_run0 "," 8-90 km/s. Fe/pt olivine mix. IDEX FM. Det2500. Position 4 ",5," Iron "
8549011,20231215173959.430000000,20231215103959.430000000,1702661999430,1.227970E+4,1.914425E-17,6.565970E-16,8.341640E-8,2.198294E+0," IDEX "," 2023_12_15_run0 "," 8-90 km/s. Fe/pt olivine mix. IDEX FM. Det2500. Position 4 ",5," Iron "
8549012,20231215174000.341000000,20231215104000.341000000,1702662000341,1.734860E+4,3.491538E-18,2.390180E-16,4.730542E-8,2.198294E+0," IDEX "," 2023_12_15_run0 "," 8-90 km/s. Fe/pt olivine mix. IDEX FM. Det2500. Position 4 ",3," Iron "
8549018,20231215174026.589999999,20231215104026.589999999,1702662026590,1.125900E+4,2.972699E-18,8.575880E-17,4.483553E-8,2.197063E+0," IDEX "," 2023_12_15_run0 "," 8-90 km/s. Fe/pt olivine mix. IDEX FM. Det2500. Position 4 ",5," Iron "
8549020,20231215174028.408999999,20231215104028.408999999,1702662028409,9.315790E+3,7.959791E-18,1.572060E-16,6.225954E-8,2.197063E+0," IDEX "," 2023_12_15_run0 "," 8-90 km/s. Fe/pt olivine mix. IDEX FM. Det2500. Position 4 ",5," Iron "
8549023,20231215174033.294999999,20231215104033.294999999,1702662033295,8.310330E+3,1.206784E-16,1.895620E-15,1.540926E-7,2.198294E+0," IDEX "," 2023_12_15_run0 "," 8-90 km/s. Fe/pt olivine mix. IDEX FM. Det2500. Position 4 ",5," Iron "
8549024,20231215174037.037000000,20231215104037.037000000,1702662037037,1.130900E+4,7.177138E-18,2.087780E-16,6.014817E-8,2.198294E+0," IDEX "," 2023_12_15_run0 "," 8-90 km/s. Fe/pt olivine mix. IDEX FM. Det2500. Position 4 ",5," Iron "
8549027,20231215174051.245000000,20231215104051.245000000,1702662051245,1.927930E+4,7.163468E-18,6.056070E-16,6.010996E-8,2.198294E+0," IDEX "," 2023_12_15_run0 "," 8-90 km/s. Fe/pt olivine mix. IDEX FM. Det2500. Position 4 ",5," Iron "
8549031,20231215174107.839000000,20231215104107.839000000,1702662067839,1.040370E+4,1.059880E-17,2.609260E-16,6.849479E-8,2.198294E+0," IDEX "," 2023_12_15_run0 "," 8-90 km/s. Fe/pt olivine mix. IDEX FM. Det2500. Position 4 ",5," Iron "
8549040,20231215174119.998000000,20231215104119.998000000,1702662079998,1.952750E+4,1.617504E-18,1.402890E-16,3.660331E-8,2.198294E+0," IDEX "," 2023_12_15_run0 "," 8-90 km/s. Fe/pt olivine mix. IDEX FM. Det2500. Position 4 ",4," Iron "
8549057,20231215174157.608000000,20231215104157.608000000,1702662117608,1.668990E+4,2.408559E-17,1.525130E-15,9.005153E-8,2.199524E+0," IDEX "," 2023_12_15_run0 "," 8-90 km/s. Fe/pt olivine mix. IDEX FM. Det2500. Position 4 ",5," Iron "
8549067,20231215174224.427999999,20231215104224.427999999,1702662144428,1.297170E+4,6.895914E-18,2.639190E-16,5.935208E-8,2.198294E+0," IDEX "," 2023_12_15_run0 "," 8-90 km/s. Fe/pt olivine mix. IDEX FM. Det2500. Position 4 ",5," Iron "
8549074,20231215174236.020999999,20231215104236.020999999,1702662156021,1.137980E+4,7.874471E-18,2.319400E-16,6.203629E-8,2.198294E+0," IDEX "," 2023_12_15_run0 "," 8-90 km/s. Fe/pt olivine mix. IDEX FM. Det2500. Position 4 ",5," Iron "
8549077,20231215174249.435000000,20231215104249.435000000,1702662169435,1.087300E+4,9.202641E-18,2.474550E-16,6.534457E-8,2.198294E+0," IDEX "," 2023_12_15_run0 "," 8-90 km/s. Fe/pt olivine mix. IDEX FM. Det2500. Position 4 ",5," Iron "
8549083,20231215174301.702000000,20231215104301.702000000,1702662181702,9.030740E+3,9.279971E-18,1.722350E-16,6.552709E-8,2.197063E+0," IDEX "," 2023_12_15_run0 "," 8-90 km/s. Fe/pt olivine mix. IDEX FM. Det2500. Position 4 ",5," Iron "
8549089,20231215174318.291999999,20231215104318.291999999,1702662198292,1.039630E+4,1.191933E-17,2.930180E-16,7.122884E-8,2.198294E+0," IDEX "," 2023_12_15_run0 "," 8-90 km/s. Fe/pt olivine mix. IDEX FM. Det2500. Position 4 ",5," Iron "
8549096,20231215174336.819999999,20231215104336.819999999,1702662216820,9.804070E+3,1.177949E-17,2.575280E-16,7.094921E-8,2.198294E+0," IDEX "," 2023_12_15_run0 "," 8-90 km/s. Fe/pt olivine mix. IDEX FM. Det2500. Position 4 ",5," Iron "
8549098,20231215174344.081999999,20231215104344.081999999,1702662224082,1.024690E+4,1.491385E-17,3.565710E-16,7.675416E-8,2.195833E+0," IDEX "," 2023_12_15_run0 "," 8-90 km/s. Fe/pt olivine mix. IDEX FM. Det2500. Position 4 ",5," Iron "
8549100,20231215174344.989999999,20231215104344.989999999,1702662224990,1.503530E+4,1.001886E-17,5.157200E-16,6.722201E-8,2.195833E+0," IDEX "," 2023_12_15_run0 "," 8-90 km/s. Fe/pt olivine mix. IDEX FM. Det2500. Position 4 ",5," Iron "
8549101,20231215174348.520999999,20231215104348.520999999,1702662228521,2.269740E+4,3.594144E-18,4.211460E-16,4.776434E-8,2.198294E+0," IDEX "," 2023_12_15_run0 "," 8-90 km/s. Fe/pt olivine mix. IDEX FM. Det2500. Position 4 ",5," Iron "
8549104,20231215174404.998000000,20231215104404.998000000,1702662244998,1.027710E+4,9.089729E-18,2.183620E-16,6.507621E-8,2.198294E+0," IDEX "," 2023_12_15_run0 "," 8-90 km/s. Fe/pt olivine mix. IDEX FM. Det2500. Position 4 ",5," Iron "
8549112,20231215174425.334999999,20231215104425.334999999,1702662265335,1.125120E+4,1.008833E-17,2.906330E-16,6.737700E-8,2.197063E+0," IDEX "," 2023_12_15_run0 "," 8-90 km/s. Fe/pt olivine mix. IDEX FM. Det2500. Position 4 ",5," Iron "
8549115,20231215174431.702000000,20231215104431.702000000,1702662271702,2.078330E+4,4.127534E-18,4.055130E-16,5.001906E-8,2.198294E+0," IDEX "," 2023_12_15_run0 "," 8-90 km/s. Fe/pt olivine mix. IDEX FM. Det2500. Position 4 ",5," Iron "
8549121,20231215174448.058999999,20231215104448.058999999,1702662288059,1.087390E+4,6.931624E-18,1.863150E-16,5.945435E-8,2.199524E+0," IDEX "," 2023_12_15_run0 "," 8-90 km/s. Fe/pt olivine mix. IDEX FM. Det2500. Position 4 ",4," Iron "
8549124,20231215174500.104999999,20231215104500.104999999,1702662300105,2.273020E+4,1.500821E-18,1.764670E-16,3.570110E-8,2.197063E+0," IDEX "," 2023_12_15_run0 "," 8-90 km/s. Fe/pt olivine mix. IDEX FM. Det2500. Position 4 ",4," Iron "
8549125,20231215174500.447999999,20231215104500.447999999,1702662300448,1.021240E+4,2.073744E-17,4.921970E-16,8.566901E-8,2.197063E+0," IDEX "," 2023_12_15_run0 "," 8-90 km/s. Fe/pt olivine mix. IDEX FM. Det2500. Position 4 ",4," Iron "
8549129,20231215174505.345999999,20231215104505.345999999,1702662305346,9.876510E+3,9.874107E-18,2.189510E-16,6.689669E-8,2.199524E+0," IDEX "," 2023_12_15_run0 "," 8-90 km/s. Fe/pt olivine mix. IDEX FM. Det2500. Position 4 ",4," Iron "
8549132,20231215174512.831000000,20231215104512.831000000,1702662312831,1.050180E+4,9.922388E-18,2.487630E-16,6.700554E-8,2.199524E+0," IDEX "," 2023_12_15_run0 "," 8-90 km/s. Fe/pt olivine mix. IDEX FM. Det2500. Position 4 ",4," Iron "
8549133,20231215174516.814000000,20231215104516.814000000,1702662316814,1.008720E+4,6.610711E-18,1.528230E-16,5.852230E-8,2.200754E+0," IDEX "," 2023_12_15_run0 "," 8-90 km/s. Fe/pt olivine mix. IDEX FM. Det2500. Position 4 ",5," Iron "
8549134,20231215174521.927000000,20231215104521.927000000,1702662321927,1.723720E+4,2.828365E-18,1.912480E-16,4.409782E-8,2.197063E+0," IDEX "," 2023_12_15_run0 "," 8-90 km/s. Fe/pt olivine mix. IDEX FM. Det2500. Position 4 ",3," Iron "
8549135,20231215174522.393000000,20231215104522.393000000,1702662322393,9.171690E+3,1.011025E-17,1.935480E-16,6.742577E-8,2.197063E+0," IDEX "," 2023_12_15_run0 "," 8-90 km/s. Fe/pt olivine mix. IDEX FM. Det2500. Position 4 ",4," Iron "
8549139,20231215174536.587999999,20231215104536.587999999,1702662336588,5.075950E+4,2.680308E-18,1.570740E-15,4.331452E-8,2.198294E+0," IDEX "," 2023_12_15_run0 "," 8-90 km/s. Fe/pt olivine mix. IDEX FM. Det2500. Position 4 ",5," Iron "
8549143,20231215174555.339999999,20231215104555.339999999,1702662355340,9.343160E+3,8.174521E-18,1.623970E-16,6.281443E-8,2.197063E+0," IDEX "," 2023_12_15_run0 "," 8-90 km/s. Fe/pt olivine mix. IDEX FM. Det2500. Position 4 ",5," Iron "
8549151,20231215174615.797000000,20231215104615.797000000,1702662375797,9.425800E+3,4.634876E-18,9.371360E-17,5.198979E-8,2.197063E+0," IDEX "," 2023_12_15_run0 "," 8-90 km/s. Fe/pt olivine mix. IDEX FM. Det2500. Position 4 ",5," Iron "
8549154,20231215174621.822000000,20231215104621.822000000,1702662381822,8.226920E+3,1.491307E-17,2.295760E-16,7.675282E-8,2.198294E+0," IDEX "," 2023_12_15_run0 "," 8-90 km/s. Fe/pt olivine mix. IDEX FM. Det2500. Position 4 ",5," Iron "
8549156,20231215174623.523999999,20231215104623.523999999,1702662383524,9.993410E+3,1.338046E-17,3.037670E-16,7.402794E-8,2.199524E+0," IDEX "," 2023_12_15_run0 "," 8-90 km/s. Fe/pt olivine mix. IDEX FM. Det2500. Position 4 ",4," Iron "
8549159,20231215174629.325999999,20231215104629.325999999,1702662389326,1.028050E+4,4.676344E-18,1.123510E-16,5.214438E-8,2.199524E+0," IDEX "," 2023_12_15_run0 "," 8-90 km/s. Fe/pt olivine mix. IDEX FM. Det2500. Position 4 ",3," Iron "
8549162,20231215174648.527000000,20231215104648.527000000,1702662408527,9.082740E+3,7.115489E-18,1.335130E-16,5.997546E-8,2.198294E+0," IDEX "," 2023_12_15_run0 "," 8-90 km/s. Fe/pt olivine mix. IDEX FM. Det2500. Position 4 ",4," Iron "
8549164,20231215174652.152999999,20231215104652.152999999,1702662412153,9.660900E+3,2.755276E-17,5.849050E-16,9.418036E-8,2.198294E+0," IDEX "," 2023_12_15_run0 "," 8-90 km/s. Fe/pt olivine mix. IDEX FM. Det2500. Position 4 ",5," Iron "
8549165,20231215174654.765999999,20231215104654.765999999,1702662414766,1.061370E+4,1.713134E-17,4.389450E-16,8.038391E-8,2.198294E+0," IDEX "," 2023_12_15_run0 "," 8-90 km/s. Fe/pt olivine mix. IDEX FM. Det2500. Position 4 ",4," Iron "
8549168,20231215174702.041999999,20231215104702.041999999,1702662422042,1.459990E+4,2.518689E-18,1.220440E-16,4.242581E-8,2.199524E+0," IDEX "," 2023_12_15_run0 "," 8-90 km/s. Fe/pt olivine mix. IDEX FM. Det2500. Position 4 ",5," Iron "
8549169,20231215174703.174000000,20231215104703.174000000,1702662423174,1.980110E+4,1.871763E-18,1.668290E-16,3.842869E-8,2.199524E+0," IDEX "," 2023_12_15_run0 "," 8-90 km/s. Fe/pt olivine mix. IDEX FM. Det2500. Position 4 ",4," Iron "
8549172,20231215174717.950999999,20231215104717.950999999,1702662437951,1.275600E+4,4.680898E-18,1.732380E-16,5.216130E-8,2.198294E+0," IDEX "," 2023_12_15_run0 "," 8-90 km/s. Fe/pt olivine mix. IDEX FM. Det2500. Position 4 ",5," Iron "
8549174,20231215174731.816000000,20231215104731.816000000,1702662451816,4.564190E+4,1.270152E-18,6.018220E-16,3.376944E-8,2.198294E+0," IDEX "," 2023_12_15_run0 "," 8-90 km/s. Fe/pt olivine mix. IDEX FM. Det2500. Position 4 ",3," Iron "
8549175,20231215174732.729000000,20231215104732.729000000,1702662452729,9.922240E+3,7.199165E-18,1.612080E-16,6.020964E-8,2.198294E+0," IDEX "," 2023_12_15_run0 "," 8-90 km/s. Fe/pt olivine mix. IDEX FM. Det2500. Position 4 ",5," Iron "
8549177,20231215174740.459000000,20231215104740.459000000,1702662460459,8.639350E+3,1.948939E-17,3.310460E-16,8.391470E-8,2.197063E+0," IDEX "," 2023_12_15_run0 "," 8-90 km/s. Fe/pt olivine mix. IDEX FM. Det2500. Position 4 ",3," Iron "
8549181,20231215174759.316000000,20231215104759.316000000,1702662479316,8.414430E+3,2.870948E-17,4.625970E-16,9.548030E-8,2.197063E+0," IDEX "," 2023_12_15_run0 "," 8-90 km/s. Fe/pt olivine mix. IDEX FM. Det2500. Position 4 ",5," Iron "
8549189,20231215174833.405999999,20231215104833.405999999,1702662513406,1.122430E+4,5.593583E-18,1.603750E-16,5.535226E-8,2.197063E+0," IDEX "," 2023_12_15_run0 "," 8-90 km/s. Fe/pt olivine mix. IDEX FM. Det2500. Position 4 ",5," Iron "
8549190,20231215174837.376000000,20231215104837.376000000,1702662517376,1.295760E+4,1.448217E-17,5.527450E-16,7.600634E-8,2.199524E+0," IDEX "," 2023_12_15_run0 "," 8-90 km/s. Fe/pt olivine mix. IDEX FM. Det2500. Position 4 ",4," Iron "
8549191,20231215174844.996999999,20231215104844.996999999,1702662524997,9.027630E+3,1.274536E-17,2.362570E-16,7.283767E-8,2.198294E+0," IDEX "," 2023_12_15_run0 "," 8-90 km/s. Fe/pt olivine mix. IDEX FM. Det2500. Position 4 ",5," Iron "
8549204,20231215174953.930999999,20231215104953.930999999,1702662593931,1.105040E+4,1.739674E-17,4.831800E-16,8.079689E-8,2.198294E+0," IDEX "," 2023_12_15_run0 "," 8-90 km/s. Fe/pt olivine mix. IDEX FM. Det2500. Position 4 ",5," Iron "
8549208,20231215175004.915999999,20231215105004.915999999,1702662604916,1.413570E+4,1.051093E-17,4.774390E-16,6.830498E-8,2.199524E+0," IDEX "," 2023_12_15_run0 "," 8-90 km/s. Fe/pt olivine mix. IDEX FM. Det2500. Position 4 ",5," Iron "
8549211,20231215175022.398999999,20231215105022.398999999,1702662622399,1.367860E+4,1.292237E-17,5.499340E-16,7.317332E-8,2.198294E+0," IDEX "," 2023_12_15_run0 "," 8-90 km/s. Fe/pt olivine mix. IDEX FM. Det2500. Position 4 ",5," Iron "
8549220,20231215175042.064999999,20231215105042.064999999,1702662642065,9.311170E+3,8.381293E-18,1.652740E-16,6.333965E-8,2.198294E+0," IDEX "," 2023_12_15_run0 "," 8-90 km/s. Fe/pt olivine mix. IDEX FM. Det2500. Position 4 ",4," Iron "
8549222,20231215175058.654000000,20231215105058.654000000,1702662658654,1.181460E+4,3.739214E-18,1.186480E-16,4.839852E-8,2.199524E+0," IDEX "," 2023_12_15_run0 "," 8-90 km/s. Fe/pt olivine mix. IDEX FM. Det2500. Position 4 ",3," Iron "
8549226,20231215175117.013999999,20231215105117.013999999,1702662677014,1.053660E+4,1.279156E-17,3.233670E-16,7.292557E-8,2.195833E+0," IDEX "," 2023_12_15_run0 "," 8-90 km/s. Fe/pt olivine mix. IDEX FM. Det2500. Position 4 ",5," Iron "
8549227,20231215175119.546000000,20231215105119.546000000,1702662679546,8.376530E+3,3.972253E-17,6.342980E-16,1.063941E-7,2.197063E+0," IDEX "," 2023_12_15_run0 "," 8-90 km/s. Fe/pt olivine mix. IDEX FM. Det2500. Position 4 ",5," Iron "
8549228,20231215175125.910999999,20231215105125.910999999,1702662685911,1.954010E+4,2.315190E-18,2.008350E-16,4.125097E-8,2.200754E+0," IDEX "," 2023_12_15_run0 "," 8-90 km/s. Fe/pt olivine mix. IDEX FM. Det2500. Position 4 ",4," Iron "
8549229,20231215175126.458000000,20231215105126.458000000,1702662686458,1.796270E+4,2.786179E-18,2.042450E-16,4.387748E-8,2.200754E+0," IDEX "," 2023_12_15_run0 "," 8-90 km/s. Fe/pt olivine mix. IDEX FM. Det2500. Position 4 ",4," Iron "
8549230,20231215175128.432999999,20231215105128.432999999,1702662688433,1.083390E+4,4.830030E-18,1.289450E-16,5.270946E-8,2.198294E+0," IDEX "," 2023_12_15_run0 "," 8-90 km/s. Fe/pt olivine mix. IDEX FM. Det2500. Position 4 ",4," Iron "
8549233,20231215175148.762000000,20231215105148.762000000,1702662708762,1.308530E+4,4.170439E-18,1.624180E-16,5.019178E-8,2.198294E+0," IDEX "," 2023_12_15_run0 "," 8-90 km/s. Fe/pt olivine mix. IDEX FM. Det2500. Position 4 ",5," Iron "
8549236,20231215175205.138999999,20231215105205.138999999,1702662725139,1.258100E+4,9.727072E-18,3.503810E-16,6.656298E-8,2.197063E+0," IDEX "," 2023_12_15_run0 "," 8-90 km/s. Fe/pt olivine mix. IDEX FM. Det2500. Position 4 ",5," Iron "
8549237,20231215175206.564000000,20231215105206.564000000,1702662726564,2.576110E+4,1.489878E-18,2.248870E-16,3.561412E-8,2.198294E+0," IDEX "," 2023_12_15_run0 "," 8-90 km/s. Fe/pt olivine mix. IDEX FM. Det2500. Position 4 ",4," Iron "
8549238,20231215175209.322000000,20231215105209.322000000,1702662729322,1.017100E+4,1.002844E-17,2.359640E-16,6.724342E-8,2.198294E+0," IDEX "," 2023_12_15_run0 "," 8-90 km/s. Fe/pt olivine mix. IDEX FM. Det2500. Position 4 ",4," Iron "
8549244,20231215175224.373999999,20231215105224.373999999,1702662744374,9.613090E+3,5.787581E-18,1.217170E-16,5.598492E-8,2.197063E+0," IDEX "," 2023_12_15_run0 "," 8-90 km/s. Fe/pt olivine mix. IDEX FM. Det2500. Position 4 ",3," Iron "
8549250,20231215175304.560000000,20231215105304.560000000,1702662784560,1.363320E+4,7.107459E-18,3.006340E-16,5.995289E-8,2.197063E+0," IDEX "," 2023_12_15_run0 "," 8-90 km/s. Fe/pt olivine mix. IDEX FM. Det2500. Position 4 ",5," Iron "
8549251,20231215175306.388000000,20231215105306.388000000,1702662786388,1.743150E+4,2.459348E-18,1.700660E-16,4.208997E-8,2.197063E+0," IDEX "," 2023_12_15_run0 "," 8-90 km/s. Fe/pt olivine mix. IDEX FM. Det2500. Position 4 ",4," Iron "
8549253,20231215175313.916999999,20231215105313.916999999,1702662793917,1.667870E+4,4.559204E-18,2.886300E-16,5.170529E-8,2.197063E+0," IDEX "," 2023_12_15_run0 "," 8-90 km/s. Fe/pt olivine mix. IDEX FM. Det2500. Position 4 ",4," Iron "
8549254,20231215175319.398000000,20231215105319.398000000,1702662799398,1.255210E+4,1.166580E-17,4.182880E-16,7.072020E-8,2.197063E+0," IDEX "," 2023_12_15_run0 "," 8-90 km/s. Fe/pt olivine mix. IDEX FM. Det2500. Position 4 ",5," Iron "
8549260,20231215175334.015999999,20231215105334.015999999,1702662814016,9.198430E+3,9.800717E-18,1.887180E-16,6.673054E-8,2.197063E+0," IDEX "," 2023_12_15_run0 "," 8-90 km/s. Fe/pt olivine mix. IDEX FM. Det2500. Position 4 ",5," Iron "
8549261,20231215175340.907000000,20231215105340.907000000,1702662820907,1.090220E+4,6.706619E-18,1.813080E-16,5.880396E-8,2.198294E+0," IDEX "," 2023_12_15_run0 "," 8-90 km/s. Fe/pt olivine mix. IDEX FM. Det2500. Position 4 ",5," Iron "
8549262,20231215175346.714000000,20231215105346.714000000,1702662826714,1.726660E+4,2.801727E-18,1.898810E-16,4.395894E-8,2.199524E+0," IDEX "," 2023_12_15_run0 "," 8-90 km/s. Fe/pt olivine mix. IDEX FM. Det2500. Position 4 ",3," Iron "
8549275,20231215175422.841999999,20231215105422.841999999,1702662862842,8.651670E+3,6.283739E-18,1.070400E-16,5.754108E-8,2.197063E+0," IDEX "," 2023_12_15_run0 "," 8-90 km/s. Fe/pt olivine mix. IDEX FM. Det2500. Position 4 ",5," Iron "
8549276,20231215175434.026000000,20231215105434.026000000,1702662874026,1.466340E+4,4.330870E-18,2.115650E-16,5.082730E-8,2.200754E+0," IDEX "," 2023_12_15_run0 "," 8-90 km/s. Fe/pt olivine mix. IDEX FM. Det2500. Position 4 ",4," Iron "
8549280,20231215175448.645999999,20231215105448.645999999,1702662888646,1.186580E+4,4.691536E-18,1.500750E-16,5.220078E-8,2.200754E+0," IDEX "," 2023_12_15_run0 "," 8-90 km/s. Fe/pt olivine mix. IDEX FM. Det2500. Position 4 ",5," Iron "
8549281,20231215175449.939000000,20231215105449.939000000,1702662889939,1.596030E+4,1.816040E-18,1.051010E-16,3.804350E-8,2.200754E+0," IDEX "," 2023_12_15_run0 "," 8-90 km/s. Fe/pt olivine mix. IDEX FM. Det2500. Position 4 ",3," Iron "
8549285,20231215175500.688000000,20231215105500.688000000,1702662900688,8.810580E+3,1.177174E-17,2.079590E-16,7.093363E-8,2.197063E+0," IDEX "," 2023_12_15_run0 "," 8-90 km/s. Fe/pt olivine mix. IDEX FM. Det2500. Position 4 ",3," Iron "
8549293,20231215175529.503999999,20231215105529.503999999,1702662929504,1.501350E+4,3.816569E-18,1.956690E-16,4.872999E-8,2.198294E+0," IDEX "," 2023_12_15_run0 "," 8-90 km/s. Fe/pt olivine mix. IDEX FM. Det2500. Position 4 ",4," Iron "
8549296,20231215175541.660000000,20231215105541.660000000,1702662941660,8.185930E+3,1.274892E-17,1.942010E-16,7.284444E-8,2.199524E+0," IDEX "," 2023_12_15_run0 "," 8-90 km/s. Fe/pt olivine mix. IDEX FM. Det2500. Position 4 ",5," Iron "
8549302,20231215175607.680999999,20231215105607.680999999,1702662967681,1.035860E+4,1.022697E-17,2.495940E-16,6.768426E-8,2.198294E+0," IDEX "," 2023_12_15_run0 "," 8-90 km/s. Fe/pt olivine mix. IDEX FM. Det2500. Position 4 ",5," Iron "
8549307,20231215175628.648000000,20231215105628.648000000,1702662988648,9.988850E+3,1.147199E-17,2.604940E-16,7.032637E-8,2.197063E+0," IDEX "," 2023_12_15_run0 "," 8-90 km/s. Fe/pt olivine mix. IDEX FM. Det2500. Position 4 ",5," Iron "
8549308,20231215175628.756999999,20231215105628.756999999,1702662988757,1.729460E+4,4.746172E-18,3.230670E-16,5.240264E-8,2.197063E+0," IDEX "," 2023_12_15_run0 "," 8-90 km/s. Fe/pt olivine mix. IDEX FM. Det2500. Position 4 ",5," Iron "
8549312,20231215175657.138999999,20231215105657.138999999,1702663017139,1.571480E+4,3.179875E-18,1.785130E-16,4.585380E-8,2.199524E+0," IDEX "," 2023_12_15_run0 "," 8-90 km/s. Fe/pt olivine mix. IDEX FM. Det2500. Position 4 ",4," Iron "
8549314,20231215175713.379999999,20231215105713.379999999,1702663033380,9.257390E+3,8.862099E-18,1.728390E-16,6.452839E-8,2.197063E+0," IDEX "," 2023_12_15_run0 "," 8-90 km/s. Fe/pt olivine mix. IDEX FM. Det2500. Position 4 ",5," Iron "
8549316,20231215175727.672000000,20231215105727.672000000,1702663047672,1.534360E+4,7.445996E-18,3.989380E-16,6.089004E-8,2.197063E+0," IDEX "," 2023_12_15_run0 "," 8-90 km/s. Fe/pt olivine mix. IDEX FM. Det2500. Position 4 ",5," Iron "
8549319,20231215175739.182999999,20231215105739.182999999,1702663059183,1.057700E+4,9.163702E-18,2.333050E-16,6.525227E-8,2.197063E+0," IDEX "," 2023_12_15_run0 "," 8-90 km/s. Fe/pt olivine mix. IDEX FM. Det2500. Position 4 ",4," Iron "
8549327,20231215175804.668999999,20231215105804.668999999,1702663084669,1.007230E+4,9.758597E-18,2.253060E-16,6.663480E-8,2.197063E+0," IDEX "," 2023_12_15_run0 "," 8-90 km/s. Fe/pt olivine mix. IDEX FM. Det2500. Position 4 ",4," Iron "
8549333,20231215175819.175999999,20231215105819.175999999,1702663099176,9.991380E+3,7.704214E-18,1.749300E-16,6.158592E-8,2.198294E+0," IDEX "," 2023_12_15_run0 "," 8-90 km/s. Fe/pt olivine mix. IDEX FM. Det2500. Position 4 ",4," Iron "
8549336,20231215175826.925000000,20231215105826.925000000,1702663106925,2.271710E+4,1.746496E-18,2.047730E-16,3.755155E-8,2.200754E+0," IDEX "," 2023_12_15_run0 "," 8-90 km/s. Fe/pt olivine mix. IDEX FM. Det2500. Position 4 ",4," Iron "
8549338,20231215175830.577999999,20231215105830.577999999,1702663110578,9.036530E+3,1.005761E-17,1.865940E-16,6.730856E-8,2.200754E+0," IDEX "," 2023_12_15_run0 "," 8-90 km/s. Fe/pt olivine mix. IDEX FM. Det2500. Position 4 ",3," Iron "
8549343,20231215175842.081999999,20231215105842.081999999,1702663122082,1.675160E+4,4.334911E-18,2.766800E-16,5.084310E-8,2.198294E+0," IDEX "," 2023_12_15_run0 "," 8-90 km/s. Fe/pt olivine mix. IDEX FM. Det2500. Position 4 ",5," Iron "
8549348,20231215175850.896999999,20231215105850.896999999,1702663130897,1.103310E+4,7.279303E-18,2.015440E-16,6.043223E-8,2.198294E+0," IDEX "," 2023_12_15_run0 "," 8-90 km/s. Fe/pt olivine mix. IDEX FM. Det2500. Position 4 ",5," Iron "
8549350,20231215175903.375000000,20231215105903.375000000,1702663143375,8.995090E+3,1.037020E-17,1.908460E-16,6.799876E-8,2.198294E+0," IDEX "," 2023_12_15_run0 "," 8-90 km/s. Fe/pt olivine mix. IDEX FM. Det2500. Position 4 ",3," Iron "
8549352,20231215175907.783000000,20231215105907.783000000,1702663147783,1.001090E+4,7.468653E-18,1.703400E-16,6.095174E-8,2.197063E+0," IDEX "," 2023_12_15_run0 "," 8-90 km/s. Fe/pt olivine mix. IDEX FM. Det2500. Position 4 ",4," Iron "
8549357,20231215175917.774999999,20231215105917.774999999,1702663157775,9.607000E+3,2.072895E-17,4.351490E-16,8.565731E-8,2.198294E+0," IDEX "," 2023_12_15_run0 "," 8-90 km/s. Fe/pt olivine mix. IDEX FM. Det2500. Position 4 ",5," Iron "
8549358,20231215175922.081000000,20231215105922.081000000,1702663162081,8.632350E+3,1.374173E-17,2.329080E-16,7.468827E-8,2.198294E+0," IDEX "," 2023_12_15_run0 "," 8-90 km/s. Fe/pt olivine mix. IDEX FM. Det2500. Position 4 ",4," Iron "
8549361,20231215175932.726000000,20231215105932.726000000,1702663172726,1.195360E+4,7.154749E-18,2.326590E-16,6.008556E-8,2.197063E+0," IDEX "," 2023_12_15_run0 "," 8-90 km/s. Fe/pt olivine mix. IDEX FM. Det2500. Position 4 ",5," Iron "
8549364,20231215175942.081000000,20231215105942.081000000,1702663182081,3.548100E+4,7.054566E-18,2.018850E-15,5.980380E-8,2.199524E+0," IDEX "," 2023_12_15_run0 "," 8-90 km/s. Fe/pt olivine mix. IDEX FM. Det2500. Position 4 ",5," Iron "
8549365,20231215175943.155999999,20231215105943.155999999,1702663183156,1.099950E+4,6.237351E-18,1.715490E-16,5.739914E-8,2.199524E+0," IDEX "," 2023_12_15_run0 "," 8-90 km/s. Fe/pt olivine mix. IDEX FM. Det2500. Position 4 ",5," Iron "
8549366,20231215175945.311999999,20231215105945.311999999,1702663185312,1.063120E+4,3.650105E-18,9.378040E-17,4.801097E-8,2.199524E+0," IDEX "," 2023_12_15_run0 "," 8-90 km/s. Fe/pt olivine mix. IDEX FM. Det2500. Position 4 ",4," Iron "
8549372,20231215180007.888999999,20231215110007.888999999,1702663207889,2.219660E+4,1.507724E-18,1.690530E-16,3.575576E-8,2.197063E+0," IDEX "," 2023_12_15_run0 "," 8-90 km/s. Fe/pt olivine mix. IDEX FM. Det2500. Position 4 ",4," Iron "
8549377,20231215180018.638999999,20231215110018.638999999,1702663218639,1.100040E+4,2.228074E-17,6.135850E-16,8.774355E-8,2.197063E+0," IDEX "," 2023_12_15_run0 "," 8-90 km/s. Fe/pt olivine mix. IDEX FM. Det2500. Position 4 ",5," Iron "
8549378,20231215180019.177000000,20231215110019.177000000,1702663219177,1.751980E+4,1.438445E-18,1.004800E-16,3.519949E-8,2.197063E+0," IDEX "," 2023_12_15_run0 "," 8-90 km/s. Fe/pt olivine mix. IDEX FM. Det2500. Position 4 ",4," Iron "
8549383,20231215180037.672000000,20231215110037.672000000,1702663237672,2.416790E+4,2.649513E-18,3.517920E-16,4.314800E-8,2.199524E+0," IDEX "," 2023_12_15_run0 "," 8-90 km/s. Fe/pt olivine mix. IDEX FM. Det2500. Position 4 ",5," Iron "
8549387,20231215180045.634000000,20231215110045.634000000,1702663245634,1.991720E+4,4.888668E-18,4.410950E-16,5.292191E-8,2.198294E+0," IDEX "," 2023_12_15_run0 "," 8-90 km/s. Fe/pt olivine mix. IDEX FM. Det2500. Position 4 ",5," Iron "
8549388,20231215180045.847000000,20231215110045.847000000,1702663245847,1.879320E+4,4.017895E-18,3.227640E-16,4.957220E-8,2.198294E+0," IDEX "," 2023_12_15_run0 "," 8-90 km/s. Fe/pt olivine mix. IDEX FM. Det2500. Position 4 ",5," Iron "
8549394,20231215180057.033000000,20231215110057.033000000,1702663257033,1.005180E+4,1.266448E-17,2.910450E-16,7.268328E-8,2.198294E+0," IDEX "," 2023_12_15_run0 "," 8-90 km/s. Fe/pt olivine mix. IDEX FM. Det2500. Position 4 ",5," Iron "
8549397,20231215180105.311999999,20231215110105.311999999,1702663265312,8.750360E+3,7.388746E-18,1.286790E-16,6.073358E-8,2.198294E+0," IDEX "," 2023_12_15_run0 "," 8-90 km/s. Fe/pt olivine mix. IDEX FM. Det2500. Position 4 ",5," Iron "
8549400,20231215180113.800999999,20231215110113.800999999,1702663273801,9.588310E+3,8.581337E-18,1.794420E-16,6.383962E-8,2.198294E+0," IDEX "," 2023_12_15_run0 "," 8-90 km/s. Fe/pt olivine mix. IDEX FM. Det2500. Position 4 ",4," Iron "
8549405,20231215180135.956999999,20231215110135.956999999,1702663295957,8.986690E+3,1.028426E-17,1.890170E-16,6.781041E-8,2.197063E+0," IDEX "," 2023_12_15_run0 "," 8-90 km/s. Fe/pt olivine mix. IDEX FM. Det2500. Position 4 ",5," Iron "
8549413,20231215180202.941000000,20231215110202.941000000,1702663322941,1.356710E+4,1.838810E-17,7.698320E-16,8.230337E-8,2.198294E+0," IDEX "," 2023_12_15_run0 "," 8-90 km/s. Fe/pt olivine mix. IDEX FM. Det2500. Position 4 ",5," Iron "
8549414,20231215180204.128999999,20231215110204.128999999,1702663324129,1.013390E+4,1.030506E-17,2.407070E-16,6.785609E-8,2.198294E+0," IDEX "," 2023_12_15_run0 "," 8-90 km/s. Fe/pt olivine mix. IDEX FM. Det2500. Position 4 ",4," Iron "
8549416,20231215180207.243999999,20231215110207.243999999,1702663327244,1.411690E+4,6.559653E-18,2.973340E-16,5.837124E-8,2.198294E+0," IDEX "," 2023_12_15_run0 "," 8-90 km/s. Fe/pt olivine mix. IDEX FM. Det2500. Position 4 ",5," Iron "
8549418,20231215180209.064000000,20231215110209.064000000,1702663329064,8.328580E+3,3.171294E-17,5.006180E-16,9.870008E-8,2.197063E+0," IDEX "," 2023_12_15_run0 "," 8-90 km/s. Fe/pt olivine mix. IDEX FM. Det2500. Position 4 ",5," Iron "
8549419,20231215180217.027000000,20231215110217.027000000,1702663337027,9.681780E+3,1.678083E-17,3.577740E-16,7.983189E-8,2.198294E+0," IDEX "," 2023_12_15_run0 "," 8-90 km/s. Fe/pt olivine mix. IDEX FM. Det2500. Position 4 ",5," Iron "
8549421,20231215180222.623999999,20231215110222.623999999,1702663342624,1.384040E+4,4.462092E-18,1.944110E-16,5.133554E-8,2.198294E+0," IDEX "," 2023_12_15_run0 "," 8-90 km/s. Fe/pt olivine mix. IDEX FM. Det2500. Position 4 ",3," Iron "
8549432,20231215180256.493000000,20231215110256.493000000,1702663376493,1.240520E+4,6.959214E-18,2.434500E-16,5.953313E-8,2.199524E+0," IDEX "," 2023_12_15_run0 "," 8-90 km/s. Fe/pt olivine mix. IDEX FM. Det2500. Position 4 ",5," Iron "
8549435,20231215180301.222999999,20231215110301.222999999,1702663381223,1.598360E+4,8.850193E-18,5.142650E-16,6.449948E-8,2.198294E+0," IDEX "," 2023_12_15_run0 "," 8-90 km/s. Fe/pt olivine mix. IDEX FM. Det2500. Position 4 ",5," Iron "
8549436,20231215180308.966999999,20231215110308.966999999,1702663388967,9.633520E+3,1.065315E-17,2.247450E-16,6.861167E-8,2.199524E+0," IDEX "," 2023_12_15_run0 "," 8-90 km/s. Fe/pt olivine mix. IDEX FM. Det2500. Position 4 ",4," Iron "
8549438,20231215180312.189000000,20231215110312.189000000,1702663392189,1.029070E+4,1.361512E-17,3.275750E-16,7.445820E-8,2.200754E+0," IDEX "," 2023_12_15_run0 "," 8-90 km/s. Fe/pt olivine mix. IDEX FM. Det2500. Position 4 ",5," Iron "
8549442,20231215180319.493999999,20231215110319.493999999,1702663399494,1.499070E+4,8.706505E-18,4.450130E-16,6.414852E-8,2.198294E+0," IDEX "," 2023_12_15_run0 "," 8-90 km/s. Fe/pt olivine mix. IDEX FM. Det2500. Position 4 ",5," Iron "
8549443,20231215180320.470999999,20231215110320.470999999,1702663400471,9.618710E+3,1.363996E-17,2.870330E-16,7.450345E-8,2.198294E+0," IDEX "," 2023_12_15_run0 "," 8-90 km/s. Fe/pt olivine mix. IDEX FM. Det2500. Position 4 ",5," Iron "
8549445,20231215180324.239999999,20231215110324.239999999,1702663404240,7.703280E+3,1.676469E-17,2.261460E-16,7.980629E-8,2.199524E+0," IDEX "," 2023_12_15_run0 "," 8-90 km/s. Fe/pt olivine mix. IDEX FM. Det2500. Position 4 ",5," Iron "
8549446,20231215180324.663999999,20231215110324.663999999,1702663404664,1.178140E+4,6.544204E-18,2.064870E-16,5.832538E-8,2.199524E+0," IDEX "," 2023_12_15_run0 "," 8-90 km/s. Fe/pt olivine mix. IDEX FM. Det2500. Position 4 ",5," Iron "
8549447,20231215180326.606000000,20231215110326.606000000,1702663406606,6.417640E+4,2.421250E-19,2.266900E-16,1.943503E-8,2.199524E+0," IDEX "," 2023_12_15_run0 "," 8-90 km/s. Fe/pt olivine mix. IDEX FM. Det2500. Position 4 ",4," Iron "
8549450,20231215180330.364000000,20231215110330.364000000,1702663410364,1.319350E+4,5.695629E-18,2.253740E-16,5.568684E-8,2.199524E+0," IDEX "," 2023_12_15_run0 "," 8-90 km/s. Fe/pt olivine mix. IDEX FM. Det2500. Position 4 ",5," Iron "
8549451,20231215180332.828999999,20231215110332.828999999,1702663412829,1.158580E+4,2.109662E-17,6.440950E-16,8.616078E-8,2.198294E+0," IDEX "," 2023_12_15_run0 "," 8-90 km/s. Fe/pt olivine mix. IDEX FM. Det2500. Position 4 ",5," Iron "
8549457,20231215180346.273000000,20231215110346.273000000,1702663426273,9.796030E+3,9.656539E-18,2.108870E-16,6.640170E-8,2.197063E+0," IDEX "," 2023_12_15_run0 "," 8-90 km/s. Fe/pt olivine mix. IDEX FM. Det2500. Position 4 ",3," Iron "
8549461,20231215180359.288999999,20231215110359.288999999,1702663439289,1.794800E+4,6.447330E-18,4.723860E-16,5.803615E-8,2.198294E+0," IDEX "," 2023_12_15_run0 "," 8-90 km/s. Fe/pt olivine mix. IDEX FM. Det2500. Position 4 ",5," Iron "
8549462,20231215180359.930999999,20231215110359.930999999,1702663439931,1.318820E+4,6.959153E-18,2.753040E-16,5.953296E-8,2.198294E+0," IDEX "," 2023_12_15_run0 "," 8-90 km/s. Fe/pt olivine mix. IDEX FM. Det2500. Position 4 ",5," Iron "
8549470,20231215180429.611999999,20231215110429.611999999,1702663469612,1.380260E+4,7.880747E-18,3.414870E-16,6.205276E-8,2.198294E+0," IDEX "," 2023_12_15_run0 "," 8-90 km/s. Fe/pt olivine mix. IDEX FM. Det2500. Position 4 ",4," Iron "
8549471,20231215180436.172000000,20231215110436.172000000,1702663476172,1.103830E+4,5.432402E-18,1.504660E-16,5.481541E-8,2.199524E+0," IDEX "," 2023_12_15_run0 "," 8-90 km/s. Fe/pt olivine mix. IDEX FM. Det2500. Position 4 ",4," Iron "
8549474,20231215180446.924000000,20231215110446.924000000,1702663486924,9.767150E+3,2.797709E-17,6.067090E-16,9.466139E-8,2.199524E+0," IDEX "," 2023_12_15_run0 "," 8-90 km/s. Fe/pt olivine mix. IDEX FM. Det2500. Position 4 ",5," Iron "
8549477,20231215180458.317000000,20231215110458.317000000,1702663498317,8.927280E+3,1.206917E-17,2.188990E-16,7.152608E-8,2.197063E+0," IDEX "," 2023_12_15_run0 "," 8-90 km/s. Fe/pt olivine mix. IDEX FM. Det2500. Position 4 ",5," Iron "
8549479,20231215180500.675000000,20231215110500.675000000,1702663500675,1.202020E+4,9.804890E-18,3.222190E-16,6.674001E-8,2.198294E+0," IDEX "," 2023_12_15_run0 "," 8-90 km/s. Fe/pt olivine mix. IDEX FM. Det2500. Position 4 ",5," Iron "
8549481,20231215180512.086000000,20231215110512.086000000,1702663512086,1.067180E+4,2.279404E-17,5.904480E-16,8.841224E-8,2.198294E+0," IDEX "," 2023_12_15_run0 "," 8-90 km/s. Fe/pt olivine mix. IDEX FM. Det2500. Position 4 ",5," Iron "
8549492,20231215180555.092999999,20231215110555.092999999,1702663555093,1.396000E+4,4.470338E-18,1.981510E-16,5.136715E-8,2.198294E+0," IDEX "," 2023_12_15_run0 "," 8-90 km/s. Fe/pt olivine mix. IDEX FM. Det2500. Position 4 ",5," Iron "
8549497,20231215180601.438000000,20231215110601.438000000,1702663561438,1.225680E+4,1.430362E-17,4.887480E-16,7.569269E-8,2.198294E+0," IDEX "," 2023_12_15_run0 "," 8-90 km/s. Fe/pt olivine mix. IDEX FM. Det2500. Position 4 ",5," Iron "
8549504,20231215180627.566000000,20231215110627.566000000,1702663587566,8.741820E+3,1.995551E-17,3.466640E-16,8.457843E-8,2.199524E+0," IDEX "," 2023_12_15_run0 "," 8-90 km/s. Fe/pt olivine mix. IDEX FM. Det2500. Position 4 ",5," Iron "
8549510,20231215180638.640999999,20231215110638.640999999,1702663598641,1.073510E+4,6.865071E-18,1.799460E-16,5.926346E-8,2.198294E+0," IDEX "," 2023_12_15_run0 "," 8-90 km/s. Fe/pt olivine mix. IDEX FM. Det2500. Position 4 ",3," Iron "
8549513,20231215180645.942999999,20231215110645.942999999,1702663605943,1.087750E+4,6.478266E-18,1.743420E-16,5.812883E-8,2.198294E+0," IDEX "," 2023_12_15_run0 "," 8-90 km/s. Fe/pt olivine mix. IDEX FM. Det2500. Position 4 ",4," Iron "
8549522,20231215180718.212000000,20231215110718.212000000,1702663638212,1.204080E+4,4.747659E-18,1.563830E-16,5.240811E-8,2.200754E+0," IDEX "," 2023_12_15_run0 "," 8-90 km/s. Fe/pt olivine mix. IDEX FM. Det2500. Position 4 ",3," Iron "
8549523,20231215180721.652000000,20231215110721.652000000,1702663641652,1.117060E+4,8.051444E-18,2.282580E-16,6.249758E-8,2.200754E+0," IDEX "," 2023_12_15_run0 "," 8-90 km/s. Fe/pt olivine mix. IDEX FM. Det2500. Position 4 ",5," Iron "
8549524,20231215180723.050000000,20231215110723.050000000,1702663643050,1.189080E+4,5.354882E-18,1.720170E-16,5.455342E-8,2.200754E+0," IDEX "," 2023_12_15_run0 "," 8-90 km/s. Fe/pt olivine mix. IDEX FM. Det2500. Position 4 ",4," Iron "
8549527,20231215180736.493000000,20231215110736.493000000,1702663656493,8.387040E+3,1.272033E-17,2.035170E-16,7.278994E-8,2.198294E+0," IDEX "," 2023_12_15_run0 "," 8-90 km/s. Fe/pt olivine mix. IDEX FM. Det2500. Position 4 ",3," Iron "
8549529,20231215180739.069999999,20231215110739.069999999,1702663659070,1.000510E+4,8.516764E-18,1.939110E-16,6.367910E-8,2.198294E+0," IDEX "," 2023_12_15_run0 "," 8-90 km/s. Fe/pt olivine mix. IDEX FM. Det2500. Position 4 ",5," Iron "
8549531,20231215180748.854999999,20231215110748.854999999,1702663668855,1.309920E+4,5.051547E-18,1.971510E-16,5.350325E-8,2.198294E+0," IDEX "," 2023_12_15_run0 "," 8-90 km/s. Fe/pt olivine mix. IDEX FM. Det2500. Position 4 ",5," Iron "
8549532,20231215180749.817000000,20231215110749.817000000,1702663669817,1.505360E+4,6.218476E-18,3.205160E-16,5.734118E-8,2.198294E+0," IDEX "," 2023_12_15_run0 "," 8-90 km/s. Fe/pt olivine mix. IDEX FM. Det2500. Position 4 ",5," Iron "
8549533,20231215180755.408999999,20231215110755.408999999,1702663675409,2.251980E+4,4.097054E-18,4.728560E-16,4.989564E-8,2.197063E+0," IDEX "," 2023_12_15_run0 "," 8-90 km/s. Fe/pt olivine mix. IDEX FM. Det2500. Position 4 ",5," Iron "
8549541,20231215180817.888000000,20231215110817.888000000,1702663697888,1.150230E+4,8.522645E-18,2.566090E-16,6.369375E-8,2.197063E+0," IDEX "," 2023_12_15_run0 "," 8-90 km/s. Fe/pt olivine mix. IDEX FM. Det2500. Position 4 ",5," Iron "
8549543,20231215180820.895999999,20231215110820.895999999,1702663700896,8.540920E+3,4.249846E-17,7.055220E-16,1.088169E-7,2.197063E+0," IDEX "," 2023_12_15_run0 "," 8-90 km/s. Fe/pt olivine mix. IDEX FM. Det2500. Position 4 ",5," Iron "
8549545,20231215180831.537000000,20231215110831.537000000,1702663711537,1.002750E+4,6.985299E-18,1.596660E-16,5.960742E-8,2.199524E+0," IDEX "," 2023_12_15_run0 "," 8-90 km/s. Fe/pt olivine mix. IDEX FM. Det2500. Position 4 ",5," Iron "
8549546,20231215180834.330000000,20231215110834.330000000,1702663714330,1.100600E+4,7.672490E-18,2.113880E-16,6.150128E-8,2.198294E+0," IDEX "," 2023_12_15_run0 "," 8-90 km/s. Fe/pt olivine mix. IDEX FM. Det2500. Position 4 ",5," Iron "
8549551,20231215180845.942999999,20231215110845.942999999,1702663725943,1.145460E+4,9.777516E-18,2.917920E-16,6.667783E-8,2.198294E+0," IDEX "," 2023_12_15_run0 "," 8-90 km/s. Fe/pt olivine mix. IDEX FM. Det2500. Position 4 ",5," Iron "
8549552,20231215180847.129999999,20231215110847.129999999,1702663727130,2.026310E+4,2.036370E-18,1.901750E-16,3.952369E-8,2.198294E+0," IDEX "," 2023_12_15_run0 "," 8-90 km/s. Fe/pt olivine mix. IDEX FM. Det2500. Position 4 ",4," Iron "
8549554,20231215180856.706000000,20231215110856.706000000,1702663736706,1.885610E+4,1.054934E-17,8.531280E-16,6.838809E-8,2.198294E+0," IDEX "," 2023_12_15_run0 "," 8-90 km/s. Fe/pt olivine mix. IDEX FM. Det2500. Position 4 ",5," Iron "
8549560,20231215180912.831000000,20231215110912.831000000,1702663752831,1.273580E+4,1.692360E-17,6.243530E-16,8.005767E-8,2.198294E+0," IDEX "," 2023_12_15_run0 "," 8-90 km/s. Fe/pt olivine mix. IDEX FM. Det2500. Position 4 ",5," Iron "
8549562,20231215180915.736000000,20231215110915.736000000,1702663755736,1.121440E+4,5.250154E-18,1.501790E-16,5.419543E-8,2.198294E+0," IDEX "," 2023_12_15_run0 "," 8-90 km/s. Fe/pt olivine mix. IDEX FM. Det2500. Position 4 ",5," Iron "
8549565,20231215180922.720999999,20231215110922.720999999,1702663762721,2.492100E+4,1.145726E-18,1.618440E-16,3.262863E-8,2.198294E+0," IDEX "," 2023_12_15_run0 "," 8-90 km/s. Fe/pt olivine mix. IDEX FM. Det2500. Position 4 ",4," Iron "
8549568,20231215180935.844999999,20231215110935.844999999,1702663775845,1.420800E+4,7.121501E-18,3.271640E-16,5.999235E-8,2.197063E+0," IDEX "," 2023_12_15_run0 "," 8-90 km/s. Fe/pt olivine mix. IDEX FM. Det2500. Position 4 ",5," Iron "
8549569,20231215180938.098999999,20231215110938.098999999,1702663778099,1.199610E+4,2.640862E-17,8.648760E-16,9.285826E-8,2.197063E+0," IDEX "," 2023_12_15_run0 "," 8-90 km/s. Fe/pt olivine mix. IDEX FM. Det2500. Position 4 ",5," Iron "
8549572,20231215180948.748999999,20231215110948.748999999,1702663788749,1.128180E+4,4.859980E-18,1.407730E-16,5.281819E-8,2.197063E+0," IDEX "," 2023_12_15_run0 "," 8-90 km/s. Fe/pt olivine mix. IDEX FM. Det2500. Position 4 ",5," Iron "
8549573,20231215180950.466000000,20231215110950.466000000,1702663790466,1.687420E+4,3.281085E-18,2.126140E-16,4.633521E-8,2.197063E+0," IDEX "," 2023_12_15_run0 "," 8-90 km/s. Fe/pt olivine mix. IDEX FM. Det2500. Position 4 ",5," Iron "
8549578,20231215181003.368999999,20231215111003.368999999,1702663803369,8.906510E+3,8.090667E-18,1.459770E-16,6.259891E-8,2.198294E+0," IDEX "," 2023_12_15_run0 "," 8-90 km/s. Fe/pt olivine mix. IDEX FM. Det2500. Position 4 ",4," Iron "
8549580,20231215181010.672999999,20231215111010.672999999,1702663810673,1.141770E+4,8.585634E-18,2.544320E-16,6.385028E-8,2.199524E+0," IDEX "," 2023_12_15_run0 "," 8-90 km/s. Fe/pt olivine mix. IDEX FM. Det2500. Position 4 ",3," Iron "
8549581,20231215181012.398999999,20231215111012.398999999,1702663812399,8.907110E+3,3.271570E-18,5.893680E-17,4.629038E-8,2.201984E+0," IDEX "," 2023_12_15_run0 "," 8-90 km/s. Fe/pt olivine mix. IDEX FM. Det2500. Position 4 ",3," Iron "
8549582,20231215181014.435999999,20231215111014.435999999,1702663814436,1.625710E+4,4.721288E-18,2.833370E-16,5.231090E-8,2.201984E+0," IDEX "," 2023_12_15_run0 "," 8-90 km/s. Fe/pt olivine mix. IDEX FM. Det2500. Position 4 ",5," Iron "
8549586,20231215181028.533000000,20231215111028.533000000,1702663828533,9.362680E+3,1.088828E-17,2.172140E-16,6.911279E-8,2.197063E+0," IDEX "," 2023_12_15_run0 "," 8-90 km/s. Fe/pt olivine mix. IDEX FM. Det2500. Position 4 ",5," Iron "
8549588,20231215181032.507999999,20231215111032.507999999,1702663832508,1.103210E+4,8.383534E-18,2.322050E-16,6.334530E-8,2.197063E+0," IDEX "," 2023_12_15_run0 "," 8-90 km/s. Fe/pt olivine mix. IDEX FM. Det2500. Position 4 ",4," Iron "
8549589,20231215181033.160999999,20231215111033.160999999,1702663833161,1.009060E+4,1.363707E-17,3.159970E-16,7.449817E-8,2.197063E+0," IDEX "," 2023_12_15_run0 "," 8-90 km/s. Fe/pt olivine mix. IDEX FM. Det2500. Position 4 ",5," Iron "
8549590,20231215181033.905000000,20231215111033.905000000,1702663833905,8.105830E+3,7.404624E-17,1.107200E-15,1.309402E-7,2.197063E+0," IDEX "," 2023_12_15_run0 "," 8-90 km/s. Fe/pt olivine mix. IDEX FM. Det2500. Position 4 ",5," Iron "
8549593,20231215181035.734999999,20231215111035.734999999,1702663835735,1.395800E+4,5.652554E-18,2.506220E-16,5.554610E-8,2.197063E+0," IDEX "," 2023_12_15_run0 "," 8-90 km/s. Fe/pt olivine mix. IDEX FM. Det2500. Position 4 ",5," Iron "
8549595,20231215181039.813000000,20231215111039.813000000,1702663839813,9.827280E+3,9.839279E-18,2.161300E-16,6.681794E-8,2.198294E+0," IDEX "," 2023_12_15_run0 "," 8-90 km/s. Fe/pt olivine mix. IDEX FM. Det2500. Position 4 ",5," Iron "
8549599,20231215181049.498000000,20231215111049.498000000,1702663849498,1.802180E+4,3.000395E-18,2.216460E-16,4.497434E-8,2.198294E+0," IDEX "," 2023_12_15_run0 "," 8-90 km/s. Fe/pt olivine mix. IDEX FM. Det2500. Position 4 ",4," Iron "
8549602,20231215181109.608000000,20231215111109.608000000,1702663869608,1.020950E+4,1.056714E-17,2.503850E-16,6.842652E-8,2.199524E+0," IDEX "," 2023_12_15_run0 "," 8-90 km/s. Fe/pt olivine mix. IDEX FM. Det2500. Position 4 ",4," Iron "
8549603,20231215181110.572999999,20231215111110.572999999,1702663870573,8.675280E+3,1.544810E-17,2.644400E-16,7.765993E-8,2.198294E+0," IDEX "," 2023_12_15_run0 "," 8-90 km/s. Fe/pt olivine mix. IDEX FM. Det2500. Position 4 ",5," Iron "
8549604,20231215181112.942999999,20231215111112.942999999,1702663872943,1.109830E+4,4.562247E-18,1.277420E-16,5.171679E-8,2.199524E+0," IDEX "," 2023_12_15_run0 "," 8-90 km/s. Fe/pt olivine mix. IDEX FM. Det2500. Position 4 ",4," Iron "
8549608,20231215181118.847000000,20231215111118.847000000,1702663878847,1.088350E+4,6.686666E-18,1.801490E-16,5.874558E-8,2.198294E+0," IDEX "," 2023_12_15_run0 "," 8-90 km/s. Fe/pt olivine mix. IDEX FM. Det2500. Position 4 ",3," Iron "
8549610,20231215181121.962000000,20231215111121.962000000,1702663881962,8.904090E+3,1.447992E-17,2.611140E-16,7.600241E-8,2.198294E+0," IDEX "," 2023_12_15_run0 "," 8-90 km/s. Fe/pt olivine mix. IDEX FM. Det2500. Position 4 ",5," Iron "
8549612,20231215181124.225000000,20231215111124.225000000,1702663884225,1.542100E+4,3.991746E-18,2.160310E-16,4.946442E-8,2.197063E+0," IDEX "," 2023_12_15_run0 "," 8-90 km/s. Fe/pt olivine mix. IDEX FM. Det2500. Position 4 ",3," Iron "
8549613,20231215181124.334999999,20231215111124.334999999,1702663884335,1.470120E+4,1.000925E-17,4.923060E-16,6.720050E-8,2.197063E+0," IDEX "," 2023_12_15_run0 "," 8-90 km/s. Fe/pt olivine mix. IDEX FM. Det2500. Position 4 ",5," Iron "
8549615,20231215181126.169999999,20231215111126.169999999,1702663886170,8.216980E+3,2.202849E-17,3.382940E-16,8.741117E-8,2.198294E+0," IDEX "," 2023_12_15_run0 "," 8-90 km/s. Fe/pt olivine mix. IDEX FM. Det2500. Position 4 ",5," Iron "
8549617,20231215181130.026000000,20231215111130.026000000,1702663890026,1.147920E+4,7.960080E-18,2.387090E-16,6.226029E-8,2.197063E+0," IDEX "," 2023_12_15_run0 "," 8-90 km/s. Fe/pt olivine mix. IDEX FM. Det2500. Position 4 ",4," Iron "
8549618,20231215181130.996000000,20231215111130.996000000,1702663890996,1.316660E+4,7.066257E-18,2.787820E-16,5.983681E-8,2.197063E+0," IDEX "," 2023_12_15_run0 "," 8-90 km/s. Fe/pt olivine mix. IDEX FM. Det2500. Position 4 ",5," Iron "
8549624,20231215181154.763999999,20231215111154.763999999,1702663914764,1.846320E+4,7.035960E-18,5.458400E-16,5.975117E-8,2.197063E+0," IDEX "," 2023_12_15_run0 "," 8-90 km/s. Fe/pt olivine mix. IDEX FM. Det2500. Position 4 ",4," Iron "
8549625,20231215181154.875000000,20231215111154.875000000,1702663914875,1.266500E+4,3.182131E-18,1.161600E-16,4.586464E-8,2.197063E+0," IDEX "," 2023_12_15_run0 "," 8-90 km/s. Fe/pt olivine mix. IDEX FM. Det2500. Position 4 ",5," Iron "
8549627,20231215181157.888999999,20231215111157.888999999,1702663917889,1.223810E+4,6.581861E-18,2.243390E-16,5.843704E-8,2.197063E+0," IDEX "," 2023_12_15_run0 "," 8-90 km/s. Fe/pt olivine mix. IDEX FM. Det2500. Position 4 ",5," Iron "
8549628,20231215181202.614000000,20231215111202.614000000,1702663922614,1.528770E+4,2.639015E-18,1.402850E-16,4.309094E-8,2.198294E+0," IDEX "," 2023_12_15_run0 "," 8-90 km/s. Fe/pt olivine mix. IDEX FM. Det2500. Position 4 ",4," Iron "
8549630,20231215181207.557000000,20231215111207.557000000,1702663927557,2.761980E+4,2.220331E-18,3.852510E-16,4.067971E-8,2.198294E+0," IDEX "," 2023_12_15_run0 "," 8-90 km/s. Fe/pt olivine mix. IDEX FM. Det2500. Position 4 ",5," Iron "
8549631,20231215181208.422999999,20231215111208.422999999,1702663928423,8.592290E+3,9.420071E-18,1.581820E-16,6.585520E-8,2.198294E+0," IDEX "," 2023_12_15_run0 "," 8-90 km/s. Fe/pt olivine mix. IDEX FM. Det2500. Position 4 ",3," Iron "
8549647,20231215181317.564000000,20231215111317.564000000,1702663997564,8.479210E+3,1.649300E-17,2.698600E-16,7.937283E-8,2.197063E+0," IDEX "," 2023_12_15_run0 "," 8-90 km/s. Fe/pt olivine mix. IDEX FM. Det2500. Position 4 ",5," Iron "
8549648,20231215181317.780999999,20231215111317.780999999,1702663997781,9.523460E+3,7.558050E-18,1.560010E-16,6.119397E-8,2.197063E+0," IDEX "," 2023_12_15_run0 "," 8-90 km/s. Fe/pt olivine mix. IDEX FM. Det2500. Position 4 ",4," Iron "
8549649,20231215181321.327999999,20231215111321.327999999,1702664001328,8.939620E+3,1.182655E-17,2.150920E-16,7.104355E-8,2.197063E+0," IDEX "," 2023_12_15_run0 "," 8-90 km/s. Fe/pt olivine mix. IDEX FM. Det2500. Position 4 ",4," Iron "
8549652,20231215181324.118000000,20231215111324.118000000,1702664004118,1.660770E+4,1.997108E-18,1.253570E-16,3.926804E-8,2.197063E+0," IDEX "," 2023_12_15_run0 "," 8-90 km/s. Fe/pt olivine mix. IDEX FM. Det2500. Position 4 ",4," Iron "
8549659,20231215181342.398000000,20231215111342.398000000,1702664022398,1.086140E+4,4.266661E-18,1.144840E-16,5.057486E-8,2.198294E+0," IDEX "," 2023_12_15_run0 "," 8-90 km/s. Fe/pt olivine mix. IDEX FM. Det2500. Position 4 ",3," Iron "
8549668,20231215181415.831999999,20231215111415.831999999,1702664055832,9.292730E+3,1.938806E-17,3.808080E-16,8.376902E-8,2.198294E+0," IDEX "," 2023_12_15_run0 "," 8-90 km/s. Fe/pt olivine mix. IDEX FM. Det2500. Position 4 ",5," Iron "
8549671,20231215181420.356000000,20231215111420.356000000,1702664060356,1.151810E+4,6.124567E-18,1.849120E-16,5.705107E-8,2.197063E+0," IDEX "," 2023_12_15_run0 "," 8-90 km/s. Fe/pt olivine mix. IDEX FM. Det2500. Position 4 ",5," Iron "
8549676,20231215181440.996999999,20231215111440.996999999,1702664080997,1.795700E+4,1.384596E-18,1.015490E-16,3.475466E-8,2.198294E+0," IDEX "," 2023_12_15_run0 "," 8-90 km/s. Fe/pt olivine mix. IDEX FM. Det2500. Position 4 ",3," Iron "
8549679,20231215181442.393999999,20231215111442.393999999,1702664082394,1.301230E+4,5.432028E-18,2.093140E-16,5.481415E-8,2.197063E+0," IDEX "," 2023_12_15_run0 "," 8-90 km/s. Fe/pt olivine mix. IDEX FM. Det2500. Position 4 ",4," Iron "
8549680,20231215181443.577000000,20231215111443.577000000,1702664083577,1.219380E+4,3.923120E-17,1.327510E-15,1.059536E-7,2.197063E+0," IDEX "," 2023_12_15_run0 "," 8-90 km/s. Fe/pt olivine mix. IDEX FM. Det2500. Position 4 ",5," Iron "
8549685,20231215181523.330000000,20231215111523.330000000,1702664123330,8.267630E+3,1.808250E-17,2.811290E-16,8.184488E-8,2.198294E+0," IDEX "," 2023_12_15_run0 "," 8-90 km/s. Fe/pt olivine mix. IDEX FM. Det2500. Position 4 ",4," Iron "
8549686,20231215181524.810000000,20231215111524.810000000,1702664124810,1.810460E+4,4.618524E-18,3.443230E-16,5.192857E-8,2.198294E+0," IDEX "," 2023_12_15_run0 "," 8-90 km/s. Fe/pt olivine mix. IDEX FM. Det2500. Position 4 ",4," Iron "
8549689,20231215181531.341999999,20231215111531.341999999,1702664131342,1.145750E+4,7.891916E-18,2.356390E-16,6.208207E-8,2.198294E+0," IDEX "," 2023_12_15_run0 "," 8-90 km/s. Fe/pt olivine mix. IDEX FM. Det2500. Position 4 ",4," Iron "
8549693,20231215181555.026000000,20231215111555.026000000,1702664155026,2.574260E+4,2.105729E-18,3.175670E-16,3.996742E-8,2.197063E+0," IDEX "," 2023_12_15_run0 "," 8-90 km/s. Fe/pt olivine mix. IDEX FM. Det2500. Position 4 ",3," Iron "
8549694,20231215181558.283999999,20231215111558.283999999,1702664158284,1.129280E+4,1.455801E-17,4.222700E-16,7.613879E-8,2.198294E+0," IDEX "," 2023_12_15_run0 "," 8-90 km/s. Fe/pt olivine mix. IDEX FM. Det2500. Position 4 ",5," Iron "
8549695,20231215181600.074000000,20231215111600.074000000,1702664160074,1.175820E+4,1.295394E-17,4.075790E-16,7.323286E-8,2.197063E+0," IDEX "," 2023_12_15_run0 "," 8-90 km/s. Fe/pt olivine mix. IDEX FM. Det2500. Position 4 ",5," Iron "
8549696,20231215181600.296000000,20231215111600.296000000,1702664160296,8.372080E+3,1.048425E-17,1.672370E-16,6.824715E-8,2.197063E+0," IDEX "," 2023_12_15_run0 "," 8-90 km/s. Fe/pt olivine mix. IDEX FM. Det2500. Position 4 ",5," Iron "
8549697,20231215181603.543999999,20231215111603.543999999,1702664163544,1.684830E+4,3.919228E-18,2.530450E-16,4.916305E-8,2.198294E+0," IDEX "," 2023_12_15_run0 "," 8-90 km/s. Fe/pt olivine mix. IDEX FM. Det2500. Position 4 ",4," Iron "
8549702,20231215181607.859000000,20231215111607.859000000,1702664167859,1.520160E+4,3.026788E-18,1.590910E-16,4.510583E-8,2.198294E+0," IDEX "," 2023_12_15_run0 "," 8-90 km/s. Fe/pt olivine mix. IDEX FM. Det2500. Position 4 ",3," Iron "
8549703,20231215181611.552999999,20231215111611.552999999,1702664171553,8.851130E+3,5.834446E-18,1.040220E-16,5.613562E-8,2.197063E+0," IDEX "," 2023_12_15_run0 "," 8-90 km/s. Fe/pt olivine mix. IDEX FM. Det2500. Position 4 ",5," Iron "
8549708,20231215181626.393000000,20231215111626.393000000,1702664186393,1.373050E+4,5.997534E-18,2.571760E-16,5.665387E-8,2.198294E+0," IDEX "," 2023_12_15_run0 "," 8-90 km/s. Fe/pt olivine mix. IDEX FM. Det2500. Position 4 ",5," Iron "
8549709,20231215181626.810000000,20231215111626.810000000,1702664186810,9.579920E+3,8.751974E-18,1.826900E-16,6.425999E-8,2.198294E+0," IDEX "," 2023_12_15_run0 "," 8-90 km/s. Fe/pt olivine mix. IDEX FM. Det2500. Position 4 ",4," Iron "
8549710,20231215181627.859999999,20231215111627.859999999,1702664187860,1.041990E+4,7.038175E-18,1.738090E-16,5.975745E-8,2.198294E+0," IDEX "," 2023_12_15_run0 "," 8-90 km/s. Fe/pt olivine mix. IDEX FM. Det2500. Position 4 ",3," Iron "
8549711,20231215181628.179000000,20231215111628.179000000,1702664188179,1.263780E+4,3.665937E-17,1.331720E-15,1.035858E-7,2.198294E+0," IDEX "," 2023_12_15_run0 "," 8-90 km/s. Fe/pt olivine mix. IDEX FM. Det2500. Position 4 ",5," Iron "
8549713,20231215181630.487999999,20231215111630.487999999,1702664190488,1.490460E+4,3.834881E-18,1.937660E-16,4.880781E-8,2.198294E+0," IDEX "," 2023_12_15_run0 "," 8-90 km/s. Fe/pt olivine mix. IDEX FM. Det2500. Position 4 ",5," Iron "
8549714,20231215181631.439999999,20231215111631.439999999,1702664191440,9.257610E+3,9.107644E-18,1.775370E-16,6.511894E-8,2.198294E+0," IDEX "," 2023_12_15_run0 "," 8-90 km/s. Fe/pt olivine mix. IDEX FM. Det2500. Position 4 ",4," Iron "
8549718,20231215181641.442000000,20231215111641.442000000,1702664201442,8.289880E+3,1.106488E-17,1.729530E-16,6.948444E-8,2.198294E+0," IDEX "," 2023_12_15_run0 "," 8-90 km/s. Fe/pt olivine mix. IDEX FM. Det2500. Position 4 ",5," Iron "
8549722,20231215181646.810000000,20231215111646.810000000,1702664206810,8.767680E+3,5.380803E-18,9.408090E-17,5.464130E-8,2.198294E+0," IDEX "," 2023_12_15_run0 "," 8-90 km/s. Fe/pt olivine mix. IDEX FM. Det2500. Position 4 ",3," Iron "
8549725,20231215181657.435000000,20231215111657.435000000,1702664217435,8.789570E+3,7.160327E-18,1.258210E-16,6.010117E-8,2.198294E+0," IDEX "," 2023_12_15_run0 "," 8-90 km/s. Fe/pt olivine mix. IDEX FM. Det2500. Position 4 ",3," Iron "
8549727,20231215181701.750000000,20231215111701.750000000,1702664221750,1.037090E+4,1.013127E-17,2.478460E-16,6.747248E-8,2.198294E+0," IDEX "," 2023_12_15_run0 "," 8-90 km/s. Fe/pt olivine mix. IDEX FM. Det2500. Position 4 ",5," Iron "
8549728,20231215181702.703999999,20231215111702.703999999,1702664222704,8.817280E+3,1.465045E-17,2.590630E-16,7.629961E-8,2.198294E+0," IDEX "," 2023_12_15_run0 "," 8-90 km/s. Fe/pt olivine mix. IDEX FM. Det2500. Position 4 ",5," Iron "
8549729,20231215181705.651000000,20231215111705.651000000,1702664225651,8.440000E+3,1.144003E-16,1.853520E-15,1.513728E-7,2.198294E+0," IDEX "," 2023_12_15_run0 "," 8-90 km/s. Fe/pt olivine mix. IDEX FM. Det2500. Position 4 ",5," Iron "
8549734,20231215181712.810999999,20231215111712.810999999,1702664232811,1.184900E+4,1.010209E-17,3.224160E-16,6.740763E-8,2.199524E+0," IDEX "," 2023_12_15_run0 "," 8-90 km/s. Fe/pt olivine mix. IDEX FM. Det2500. Position 4 ",4," Iron "
8549735,20231215181713.128999999,20231215111713.128999999,1702664233129,1.406160E+4,3.058104E-18,1.374560E-16,4.526085E-8,2.199524E+0," IDEX "," 2023_12_15_run0 "," 8-90 km/s. Fe/pt olivine mix. IDEX FM. Det2500. Position 4 ",3," Iron "
8549736,20231215181714.390000000,20231215111714.390000000,1702664234390,1.195860E+4,9.462290E-18,3.076090E-16,6.595344E-8,2.199524E+0," IDEX "," 2023_12_15_run0 "," 8-90 km/s. Fe/pt olivine mix. IDEX FM. Det2500. Position 4 ",5," Iron "
8549738,20231215181721.018999999,20231215111721.018999999,1702664241019,1.190910E+4,1.227687E-17,3.962540E-16,7.193406E-8,2.197063E+0," IDEX "," 2023_12_15_run0 "," 8-90 km/s. Fe/pt olivine mix. IDEX FM. Det2500. Position 4 ",5," Iron "
8549739,20231215181741.648999999,20231215111741.648999999,1702664261649,4.168960E+4,8.764054E-19,3.464540E-16,2.984056E-8,2.198294E+0," IDEX "," 2023_12_15_run0 "," 8-90 km/s. Fe/pt olivine mix. IDEX FM. Det2500. Position 4 ",5," Iron "
8549740,20231215181742.604000000,20231215111742.604000000,1702664262604,1.324620E+4,6.594952E-18,2.631960E-16,5.847576E-8,2.198294E+0," IDEX "," 2023_12_15_run0 "," 8-90 km/s. Fe/pt olivine mix. IDEX FM. Det2500. Position 4 ",5," Iron "
8549741,20231215181744.913999999,20231215111744.913999999,1702664264914,2.745630E+4,1.578456E-18,2.706460E-16,3.630637E-8,2.198294E+0," IDEX "," 2023_12_15_run0 "," 8-90 km/s. Fe/pt olivine mix. IDEX FM. Det2500. Position 4 ",5," Iron "
8549743,20231215181746.804000000,20231215111746.804000000,1702664266804,9.997720E+3,1.499056E-17,3.408040E-16,7.688552E-8,2.198294E+0," IDEX "," 2023_12_15_run0 "," 8-90 km/s. Fe/pt olivine mix. IDEX FM. Det2500. Position 4 ",5," Iron "
8549745,20231215181748.908000000,20231215111748.908000000,1702664268908,1.696860E+4,5.013414E-18,3.283300E-16,5.336828E-8,2.198294E+0," IDEX "," 2023_12_15_run0 "," 8-90 km/s. Fe/pt olivine mix. IDEX FM. Det2500. Position 4 ",4," Iron "
8549748,20231215181759.757999999,20231215111759.757999999,1702664279758,1.122590E+4,4.550824E-18,1.304420E-16,5.167360E-8,2.198294E+0," IDEX "," 2023_12_15_run0 "," 8-90 km/s. Fe/pt olivine mix. IDEX FM. Det2500. Position 4 ",3," Iron "
8549749,20231215181800.280999999,20231215111800.280999999,1702664280281,1.674590E+4,4.205161E-18,2.682160E-16,5.033069E-8,2.198294E+0," IDEX "," 2023_12_15_run0 "," 8-90 km/s. Fe/pt olivine mix. IDEX FM. Det2500. Position 4 ",5," Iron "
8549751,20231215181804.172000000,20231215111804.172000000,1702664284172,1.265530E+4,9.256226E-18,3.369930E-16,6.547115E-8,2.199524E+0," IDEX "," 2023_12_15_run0 "," 8-90 km/s. Fe/pt olivine mix. IDEX FM. Det2500. Position 4 ",5," Iron "
8549753,20231215181811.648000000,20231215111811.648000000,1702664291648,1.759330E+4,3.442942E-18,2.423870E-16,4.708492E-8,2.198294E+0," IDEX "," 2023_12_15_run0 "," 8-90 km/s. Fe/pt olivine mix. IDEX FM. Det2500. Position 4 ",5," Iron "
8549757,20231215181830.277000000,20231215111830.277000000,1702664310277,1.562640E+4,6.216050E-18,3.450440E-16,5.733373E-8,2.199524E+0," IDEX "," 2023_12_15_run0 "," 8-90 km/s. Fe/pt olivine mix. IDEX FM. Det2500. Position 4 ",4," Iron "
8549758,20231215181830.496000000,20231215111830.496000000,1702664310496,1.389850E+4,3.969123E-18,1.742900E-16,4.937080E-8,2.199524E+0," IDEX "," 2023_12_15_run0 "," 8-90 km/s. Fe/pt olivine mix. IDEX FM. Det2500. Position 4 ",4," Iron "
8549762,20231215181837.760999999,20231215111837.760999999,1702664317761,1.117790E+4,5.023086E-18,1.427500E-16,5.340258E-8,2.198294E+0," IDEX "," 2023_12_15_run0 "," 8-90 km/s. Fe/pt olivine mix. IDEX FM. Det2500. Position 4 ",3," Iron "
8549766,20231215181843.550000000,20231215111843.550000000,1702664323550,8.699580E+3,2.637436E-17,4.540080E-16,9.281809E-8,2.198294E+0," IDEX "," 2023_12_15_run0 "," 8-90 km/s. Fe/pt olivine mix. IDEX FM. Det2500. Position 4 ",5," Iron "
8549767,20231215181843.865999999,20231215111843.865999999,1702664323866,1.783110E+4,4.903886E-18,3.546350E-16,5.297677E-8,2.198294E+0," IDEX "," 2023_12_15_run0 "," 8-90 km/s. Fe/pt olivine mix. IDEX FM. Det2500. Position 4 ",5," Iron "
8549769,20231215181847.231000000,20231215111847.231000000,1702664327231,8.334740E+3,1.318679E-17,2.083570E-16,7.366904E-8,2.198294E+0," IDEX "," 2023_12_15_run0 "," 8-90 km/s. Fe/pt olivine mix. IDEX FM. Det2500. Position 4 ",4," Iron "
8549773,20231215181855.020000000,20231215111855.020000000,1702664335020,9.500980E+3,8.788423E-18,1.804400E-16,6.434907E-8,2.198294E+0," IDEX "," 2023_12_15_run0 "," 8-90 km/s. Fe/pt olivine mix. IDEX FM. Det2500. Position 4 ",4," Iron "
8549775,20231215181907.546000000,20231215111907.546000000,1702664347546,1.168920E+4,2.384957E-17,7.403710E-16,8.975641E-8,2.200754E+0," IDEX "," 2023_12_15_run0 "," 8-90 km/s. Fe/pt olivine mix. IDEX FM. Det2500. Position 4 ",5," Iron "
8549776,20231215181910.064999999,20231215111910.064999999,1702664350065,1.174670E+4,8.389621E-18,2.633050E-16,6.336062E-8,2.198294E+0," IDEX "," 2023_12_15_run0 "," 8-90 km/s. Fe/pt olivine mix. IDEX FM. Det2500. Position 4 ",5," Iron "
8549780,20231215181924.594999999,20231215111924.594999999,1702664364595,1.252740E+4,5.642028E-18,2.013920E-16,5.551160E-8,2.198294E+0," IDEX "," 2023_12_15_run0 "," 8-90 km/s. Fe/pt olivine mix. IDEX FM. Det2500. Position 4 ",3," Iron "
8549781,20231215181926.388000000,20231215111926.388000000,1702664366388,1.289910E+4,9.885693E-18,3.741200E-16,6.692284E-8,2.198294E+0," IDEX "," 2023_12_15_run0 "," 8-90 km/s. Fe/pt olivine mix. IDEX FM. Det2500. Position 4 ",3," Iron "
8549783,20231215181933.442000000,20231215111933.442000000,1702664373442,1.328820E+4,6.112316E-18,2.454840E-16,5.701300E-8,2.198294E+0," IDEX "," 2023_12_15_run0 "," 8-90 km/s. Fe/pt olivine mix. IDEX FM. Det2500. Position 4 ",5," Iron "
8549784,20231215181934.072999999,20231215111934.072999999,1702664374073,2.179540E+4,2.625475E-18,2.836760E-16,4.301711E-8,2.198294E+0," IDEX "," 2023_12_15_run0 "," 8-90 km/s. Fe/pt olivine mix. IDEX FM. Det2500. Position 4 ",3," Iron "
8549785,20231215181936.285999999,20231215111936.285999999,1702664376286,8.510320E+3,1.059773E-17,1.745780E-16,6.849248E-8,2.198294E+0," IDEX "," 2023_12_15_run0 "," 8-90 km/s. Fe/pt olivine mix. IDEX FM. Det2500. Position 4 ",5," Iron "
8549790,20231215181953.441000000,20231215111953.441000000,1702664393441,1.153230E+4,1.794350E-17,5.430840E-16,8.163462E-8,2.197063E+0," IDEX "," 2023_12_15_run0 "," 8-90 km/s. Fe/pt olivine mix. IDEX FM. Det2500. Position 4 ",5," Iron "
8549793,20231215181959.651000000,20231215111959.651000000,1702664399651,1.272880E+4,4.447124E-18,1.638850E-16,5.127808E-8,2.198294E+0," IDEX "," 2023_12_15_run0 "," 8-90 km/s. Fe/pt olivine mix. IDEX FM. Det2500. Position 4 ",4," Iron "
8549794,20231215182001.121000000,20231215112001.121000000,1702664401121,1.907500E+4,2.699605E-18,2.234160E-16,4.341823E-8,2.198294E+0," IDEX "," 2023_12_15_run0 "," 8-90 km/s. Fe/pt olivine mix. IDEX FM. Det2500. Position 4 ",5," Iron "
8549795,20231215182002.810999999,20231215112002.810999999,1702664402811,1.038400E+4,5.993199E-18,1.469850E-16,5.664021E-8,2.198294E+0," IDEX "," 2023_12_15_run0 "," 8-90 km/s. Fe/pt olivine mix. IDEX FM. Det2500. Position 4 ",3," Iron "
8549796,20231215182009.121000000,20231215112009.121000000,1702664409121,1.062060E+4,1.685215E-17,4.325950E-16,7.994484E-8,2.197063E+0," IDEX "," 2023_12_15_run0 "," 8-90 km/s. Fe/pt olivine mix. IDEX FM. Det2500. Position 4 ",5," Iron "
8549797,20231215182014.493000000,20231215112014.493000000,1702664414493,1.038700E+4,3.090567E-17,7.584090E-16,9.785538E-8,2.198294E+0," IDEX "," 2023_12_15_run0 "," 8-90 km/s. Fe/pt olivine mix. IDEX FM. Det2500. Position 4 ",5," Iron "
8549798,20231215182021.325999999,20231215112021.325999999,1702664421326,1.273830E+4,2.951205E-18,1.088590E-16,4.472721E-8,2.199524E+0," IDEX "," 2023_12_15_run0 "," 8-90 km/s. Fe/pt olivine mix. IDEX FM. Det2500. Position 4 ",5," Iron "
8549799,20231215182021.864999999,20231215112021.864999999,1702664421865,8.889640E+3,1.472988E-17,2.646120E-16,7.643725E-8,2.199524E+0," IDEX "," 2023_12_15_run0 "," 8-90 km/s. Fe/pt olivine mix. IDEX FM. Det2500. Position 4 ",5," Iron "
8549805,20231215182038.598999999,20231215112038.598999999,1702664438599,1.110610E+4,5.727136E-18,1.606740E-16,5.578933E-8,2.198294E+0," IDEX "," 2023_12_15_run0 "," 8-90 km/s. Fe/pt olivine mix. IDEX FM. Det2500. Position 4 ",3," Iron "
8549809,20231215182044.597999999,20231215112044.597999999,1702664444598,9.171900E+3,5.166341E-18,9.885230E-17,5.390549E-8,2.198294E+0," IDEX "," 2023_12_15_run0 "," 8-90 km/s. Fe/pt olivine mix. IDEX FM. Det2500. Position 4 ",4," Iron "
8549810,20231215182048.905999999,20231215112048.905999999,1702664448906,1.287930E+4,3.233895E-18,1.220100E-16,4.611200E-8,2.198294E+0," IDEX "," 2023_12_15_run0 "," 8-90 km/s. Fe/pt olivine mix. IDEX FM. Det2500. Position 4 ",4," Iron "
8549812,20231215182103.641999999,20231215112103.641999999,1702664463642,1.472040E+4,1.026132E-17,5.057400E-16,6.775994E-8,2.198294E+0," IDEX "," 2023_12_15_run0 "," 8-90 km/s. Fe/pt olivine mix. IDEX FM. Det2500. Position 4 ",3," Iron "
8549813,20231215182114.708000000,20231215112114.708000000,1702664474708,8.850930E+3,3.146168E-17,5.609030E-16,9.843872E-8,2.197063E+0," IDEX "," 2023_12_15_run0 "," 8-90 km/s. Fe/pt olivine mix. IDEX FM. Det2500. Position 4 ",5," Iron "
8549815,20231215182118.692999999,20231215112118.692999999,1702664478693,8.644840E+3,1.361765E-17,2.316030E-16,7.446280E-8,2.197063E+0," IDEX "," 2023_12_15_run0 "," 8-90 km/s. Fe/pt olivine mix. IDEX FM. Det2500. Position 4 ",5," Iron "
8549816,20231215182119.337999999,20231215112119.337999999,1702664479338,1.023540E+4,1.223925E-17,2.918050E-16,7.186051E-8,2.197063E+0," IDEX "," 2023_12_15_run0 "," 8-90 km/s. Fe/pt olivine mix. IDEX FM. Det2500. Position 4 ",5," Iron "
8549820,20231215182124.379999999,20231215112124.379999999,1702664484380,1.007490E+4,1.140779E-17,2.633710E-16,7.019494E-8,2.198294E+0," IDEX "," 2023_12_15_run0 "," 8-90 km/s. Fe/pt olivine mix. IDEX FM. Det2500. Position 4 ",3," Iron "
8549821,20231215182124.819000000,20231215112124.819000000,1702664484819,1.238380E+4,4.949670E-18,1.726510E-16,5.314113E-8,2.198294E+0," IDEX "," 2023_12_15_run0 "," 8-90 km/s. Fe/pt olivine mix. IDEX FM. Det2500. Position 4 ",5," Iron "
8549822,20231215182128.705000000,20231215112128.705000000,1702664488705,1.052110E+4,1.177776E-17,2.965310E-16,7.094573E-8,2.198294E+0," IDEX "," 2023_12_15_run0 "," 8-90 km/s. Fe/pt olivine mix. IDEX FM. Det2500. Position 4 ",5," Iron "
8549827,20231215182142.384000000,20231215112142.384000000,1702664502384,9.926990E+3,8.166511E-18,1.831470E-16,6.279391E-8,2.197063E+0," IDEX "," 2023_12_15_run0 "," 8-90 km/s. Fe/pt olivine mix. IDEX FM. Det2500. Position 4 ",3," Iron "
8549828,20231215182143.115999999,20231215112143.115999999,1702664503116,1.025190E+4,9.512824E-18,2.275340E-16,6.607063E-8,2.197063E+0," IDEX "," 2023_12_15_run0 "," 8-90 km/s. Fe/pt olivine mix. IDEX FM. Det2500. Position 4 ",5," Iron "
8549832,20231215182148.807000000,20231215112148.807000000,1702664508807,8.521350E+3,1.411308E-17,2.330900E-16,7.535509E-8,2.198294E+0," IDEX "," 2023_12_15_run0 "," 8-90 km/s. Fe/pt olivine mix. IDEX FM. Det2500. Position 4 ",5," Iron "
8549835,20231215182157.658999999,20231215112157.658999999,1702664517659,7.833520E+3,1.254899E-17,1.751490E-16,7.246165E-8,2.198294E+0," IDEX "," 2023_12_15_run0 "," 8-90 km/s. Fe/pt olivine mix. IDEX FM. Det2500. Position 4 ",4," Iron "
8549837,20231215182201.125000000,20231215112201.125000000,1702664521125,1.019730E+4,1.346237E-17,3.180470E-16,7.417870E-8,2.200754E+0," IDEX "," 2023_12_15_run0 "," 8-90 km/s. Fe/pt olivine mix. IDEX FM. Det2500. Position 4 ",5," Iron "
8549841,20231215182205.331999999,20231215112205.331999999,1702664525332,1.410180E+4,5.052046E-18,2.285080E-16,5.350501E-8,2.198294E+0," IDEX "," 2023_12_15_run0 "," 8-90 km/s. Fe/pt olivine mix. IDEX FM. Det2500. Position 4 ",4," Iron "
8549852,20231215182247.228000000,20231215112247.228000000,1702664567228,1.944760E+4,2.835609E-18,2.439290E-16,4.413544E-8,2.198294E+0," IDEX "," 2023_12_15_run0 "," 8-90 km/s. Fe/pt olivine mix. IDEX FM. Det2500. Position 4 ",4," Iron "
8549853,20231215182247.865999999,20231215112247.865999999,1702664567866,8.608610E+3,1.005240E-17,1.694420E-16,6.729694E-8,2.198294E+0," IDEX "," 2023_12_15_run0 "," 8-90 km/s. Fe/pt olivine mix. IDEX FM. Det2500. Position 4 ",3," Iron "
8549855,20231215182253.010999999,20231215112253.010999999,1702664573011,8.698240E+3,2.460489E-17,4.234180E-16,9.069413E-8,2.198294E+0," IDEX "," 2023_12_15_run0 "," 8-90 km/s. Fe/pt olivine mix. IDEX FM. Det2500. Position 4 ",5," Iron "
8549857,20231215182301.864999999,20231215112301.864999999,1702664581865,8.517120E+3,1.149186E-17,1.897160E-16,7.036696E-8,2.197063E+0," IDEX "," 2023_12_15_run0 "," 8-90 km/s. Fe/pt olivine mix. IDEX FM. Det2500. Position 4 ",4," Iron "
8549862,20231215182320.180999999,20231215112320.180999999,1702664600181,1.835400E+4,6.341310E-18,4.858760E-16,5.771628E-8,2.198294E+0," IDEX "," 2023_12_15_run0 "," 8-90 km/s. Fe/pt olivine mix. IDEX FM. Det2500. Position 4 ",5," Iron "
8549863,20231215182324.288999999,20231215112324.288999999,1702664604289,1.807720E+4,1.217798E-17,9.051540E-16,7.174039E-8,2.198294E+0," IDEX "," 2023_12_15_run0 "," 8-90 km/s. Fe/pt olivine mix. IDEX FM. Det2500. Position 4 ",5," Iron "
8549866,20231215182329.226999999,20231215112329.226999999,1702664609227,1.136250E+4,1.141795E-17,3.354780E-16,7.021578E-8,2.197063E+0," IDEX "," 2023_12_15_run0 "," 8-90 km/s. Fe/pt olivine mix. IDEX FM. Det2500. Position 4 ",5," Iron "
8549869,20231215182343.126000000,20231215112343.126000000,1702664623126,1.093150E+4,1.866331E-17,5.075470E-16,8.271194E-8,2.197063E+0," IDEX "," 2023_12_15_run0 "," 8-90 km/s. Fe/pt olivine mix. IDEX FM. Det2500. Position 4 ",5," Iron "
8549870,20231215182349.013000000,20231215112349.013000000,1702664629013,4.042440E+4,6.663859E-19,2.476840E-16,2.723625E-8,2.198294E+0," IDEX "," 2023_12_15_run0 "," 8-90 km/s. Fe/pt olivine mix. IDEX FM. Det2500. Position 4 ",4," Iron "
8549871,20231215182349.645999999,20231215112349.645999999,1702664629646,1.214200E+4,7.882302E-18,2.643130E-16,6.205684E-8,2.198294E+0," IDEX "," 2023_12_15_run0 "," 8-90 km/s. Fe/pt olivine mix. IDEX FM. Det2500. Position 4 ",5," Iron "
8549872,20231215182350.808999999,20231215112350.808999999,1702664630809,1.034040E+4,6.956435E-18,1.691790E-16,5.952521E-8,2.198294E+0," IDEX "," 2023_12_15_run0 "," 8-90 km/s. Fe/pt olivine mix. IDEX FM. Det2500. Position 4 ",5," Iron "
8549873,20231215182352.072000000,20231215112352.072000000,1702664632072,1.475620E+4,2.378037E-18,1.177090E-16,4.162090E-8,2.199524E+0," IDEX "," 2023_12_15_run0 "," 8-90 km/s. Fe/pt olivine mix. IDEX FM. Det2500. Position 4 ",3," Iron "
8549874,20231215182353.859999999,20231215112353.859999999,1702664633860,6.007010E+4,5.978235E-19,4.903790E-16,2.626816E-8,2.199524E+0," IDEX "," 2023_12_15_run0 "," 8-90 km/s. Fe/pt olivine mix. IDEX FM. Det2500. Position 4 ",4," Iron "
8549877,20231215182418.077000000,20231215112418.077000000,1702664658077,9.729080E+3,1.172318E-17,2.522500E-16,7.083597E-8,2.199524E+0," IDEX "," 2023_12_15_run0 "," 8-90 km/s. Fe/pt olivine mix. IDEX FM. Det2500. Position 4 ",3," Iron "
8549881,20231215182424.915000000,20231215112424.915000000,1702664664915,1.133860E+4,3.884579E-18,1.135920E-16,4.901774E-8,2.198294E+0," IDEX "," 2023_12_15_run0 "," 8-90 km/s. Fe/pt olivine mix. IDEX FM. Det2500. Position 4 ",3," Iron "
8549882,20231215182427.546000000,20231215112427.546000000,1702664667546,1.131620E+4,5.458114E-18,1.589750E-16,5.490175E-8,2.198294E+0," IDEX "," 2023_12_15_run0 "," 8-90 km/s. Fe/pt olivine mix. IDEX FM. Det2500. Position 4 ",5," Iron "
8549885,20231215182430.808999999,20231215112430.808999999,1702664670809,2.057610E+4,1.867189E-18,1.798040E-16,3.839736E-8,2.198294E+0," IDEX "," 2023_12_15_run0 "," 8-90 km/s. Fe/pt olivine mix. IDEX FM. Det2500. Position 4 ",4," Iron "
8549887,20231215182435.341000000,20231215112435.341000000,1702664675341,9.179590E+3,1.233221E-17,2.362270E-16,7.204198E-8,2.199524E+0," IDEX "," 2023_12_15_run0 "," 8-90 km/s. Fe/pt olivine mix. IDEX FM. Det2500. Position 4 ",5," Iron "
8549888,20231215182439.762000000,20231215112439.762000000,1702664679762,1.484450E+4,3.305261E-18,1.655690E-16,4.644874E-8,2.199524E+0," IDEX "," 2023_12_15_run0 "," 8-90 km/s. Fe/pt olivine mix. IDEX FM. Det2500. Position 4 ",5," Iron "
8549889,20231215182446.808999999,20231215112446.808999999,1702664686809,1.029880E+4,7.619516E-18,1.838170E-16,6.135940E-8,2.198294E+0," IDEX "," 2023_12_15_run0 "," 8-90 km/s. Fe/pt olivine mix. IDEX FM. Det2500. Position 4 ",5," Iron "
8549890,20231215182504.694999999,20231215112504.694999999,1702664704695,9.140860E+3,1.682859E-17,3.198210E-16,7.990757E-8,2.198294E+0," IDEX "," 2023_12_15_run0 "," 8-90 km/s. Fe/pt olivine mix. IDEX FM. Det2500. Position 4 ",5," Iron "
8549893,20231215182512.381999999,20231215112512.381999999,1702664712382,2.025580E+4,8.110598E-19,7.568970E-17,2.907968E-8,2.198294E+0," IDEX "," 2023_12_15_run0 "," 8-90 km/s. Fe/pt olivine mix. IDEX FM. Det2500. Position 4 ",3," Iron "
8549895,20231215182516.598999999,20231215112516.598999999,1702664716599,1.067000E+4,1.692972E-17,4.383930E-16,8.006731E-8,2.198294E+0," IDEX "," 2023_12_15_run0 "," 8-90 km/s. Fe/pt olivine mix. IDEX FM. Det2500. Position 4 ",5," Iron "
8549902,20231215182528.807000000,20231215112528.807000000,1702664728807,1.369570E+4,8.616774E-18,3.678250E-16,6.392737E-8,2.197063E+0," IDEX "," 2023_12_15_run0 "," 8-90 km/s. Fe/pt olivine mix. IDEX FM. Det2500. Position 4 ",4," Iron "
8549903,20231215182530.799000000,20231215112530.799000000,1702664730799,1.015220E+4,3.300472E-17,7.741490E-16,1.000224E-7,2.197063E+0," IDEX "," 2023_12_15_run0 "," 8-90 km/s. Fe/pt olivine mix. IDEX FM. Det2500. Position 4 ",5," Iron "
8549904,20231215182532.393000000,20231215112532.393000000,1702664732393,8.002350E+3,3.107209E-17,4.525750E-16,9.803070E-8,2.198294E+0," IDEX "," 2023_12_15_run0 "," 8-90 km/s. Fe/pt olivine mix. IDEX FM. Det2500. Position 4 ",5," Iron "
8549911,20231215182604.594999999,20231215112604.594999999,1702664764595,3.013830E+4,2.841141E-18,5.866410E-16,4.416412E-8,2.199524E+0," IDEX "," 2023_12_15_run0 "," 8-90 km/s. Fe/pt olivine mix. IDEX FM. Det2500. Position 4 ",5," Iron "
8549912,20231215182608.797999999,20231215112608.797999999,1702664768798,9.124150E+3,1.670655E-17,3.161650E-16,7.971394E-8,2.199524E+0," IDEX "," 2023_12_15_run0 "," 8-90 km/s. Fe/pt olivine mix. IDEX FM. Det2500. Position 4 ",5," Iron "
8549914,20231215182615.015999999,20231215112615.015999999,1702664775016,1.483220E+4,3.104268E-18,1.553300E-16,4.548746E-8,2.198294E+0," IDEX "," 2023_12_15_run0 "," 8-90 km/s. Fe/pt olivine mix. IDEX FM. Det2500. Position 4 ",3," Iron "
8549917,20231215182620.280999999,20231215112620.280999999,1702664780281,9.739170E+3,2.638325E-17,5.691900E-16,9.282852E-8,2.198294E+0," IDEX "," 2023_12_15_run0 "," 8-90 km/s. Fe/pt olivine mix. IDEX FM. Det2500. Position 4 ",5," Iron "
8549918,20231215182621.334000000,20231215112621.334000000,1702664781334,1.107710E+4,6.608980E-18,1.844470E-16,5.851719E-8,2.198294E+0," IDEX "," 2023_12_15_run0 "," 8-90 km/s. Fe/pt olivine mix. IDEX FM. Det2500. Position 4 ",4," Iron "
8549923,20231215182627.762000000,20231215112627.762000000,1702664787762,8.246710E+3,6.997500E-18,1.083010E-16,5.964210E-8,2.197063E+0," IDEX "," 2023_12_15_run0 "," 8-90 km/s. Fe/pt olivine mix. IDEX FM. Det2500. Position 4 ",4," Iron "
8549929,20231215182655.334000000,20231215112655.334000000,1702664815334,1.051210E+4,8.039504E-18,2.019530E-16,6.246668E-8,2.199524E+0," IDEX "," 2023_12_15_run0 "," 8-90 km/s. Fe/pt olivine mix. IDEX FM. Det2500. Position 4 ",5," Iron "
8549931,20231215182659.958000000,20231215112659.958000000,1702664819958,1.114250E+4,9.781148E-18,2.760560E-16,6.668609E-8,2.199524E+0," IDEX "," 2023_12_15_run0 "," 8-90 km/s. Fe/pt olivine mix. IDEX FM. Det2500. Position 4 ",4," Iron "
8549932,20231215182709.333000000,20231215112709.333000000,1702664829333,1.244870E+4,5.711492E-18,2.013180E-16,5.573849E-8,2.198294E+0," IDEX "," 2023_12_15_run0 "," 8-90 km/s. Fe/pt olivine mix. IDEX FM. Det2500. Position 4 ",4," Iron "
8549933,20231215182709.648000000,20231215112709.648000000,1702664829648,4.650310E+4,5.221966E-19,2.568520E-16,2.511019E-8,2.198294E+0," IDEX "," 2023_12_15_run0 "," 8-90 km/s. Fe/pt olivine mix. IDEX FM. Det2500. Position 4 ",4," Iron "
8549936,20231215182726.492000000,20231215112726.492000000,1702664846492,1.610830E+4,2.405283E-18,1.419550E-16,4.177926E-8,2.198294E+0," IDEX "," 2023_12_15_run0 "," 8-90 km/s. Fe/pt olivine mix. IDEX FM. Det2500. Position 4 ",4," Iron "
8549938,20231215182728.589000000,20231215112728.589000000,1702664848589,2.204270E+4,4.533074E-18,5.009650E-16,5.160632E-8,2.198294E+0," IDEX "," 2023_12_15_run0 "," 8-90 km/s. Fe/pt olivine mix. IDEX FM. Det2500. Position 4 ",5," Iron "
8549943,20231215182739.219000000,20231215112739.219000000,1702664859219,8.419280E+3,1.137863E-17,1.834530E-16,7.013508E-8,2.198294E+0," IDEX "," 2023_12_15_run0 "," 8-90 km/s. Fe/pt olivine mix. IDEX FM. Det2500. Position 4 ",5," Iron "
8549946,20231215182745.336000000,20231215112745.336000000,1702664865336,1.340840E+4,6.821321E-18,2.790940E-16,5.913730E-8,2.197063E+0," IDEX "," 2023_12_15_run0 "," 8-90 km/s. Fe/pt olivine mix. IDEX FM. Det2500. Position 4 ",5," Iron "
8549947,20231215182747.334999999,20231215112747.334999999,1702664867335,1.160830E+4,8.609274E-18,2.640170E-16,6.390883E-8,2.197063E+0," IDEX "," 2023_12_15_run0 "," 8-90 km/s. Fe/pt olivine mix. IDEX FM. Det2500. Position 4 ",4," Iron "
8549948,20231215182748.597000000,20231215112748.597000000,1702664868597,8.627630E+3,7.167393E-18,1.214150E-16,6.012093E-8,2.197063E+0," IDEX "," 2023_12_15_run0 "," 8-90 km/s. Fe/pt olivine mix. IDEX FM. Det2500. Position 4 ",4," Iron "
8549951,20231215182751.438000000,20231215112751.438000000,1702664871438,1.787720E+4,2.443043E-18,1.776880E-16,4.199675E-8,2.197063E+0," IDEX "," 2023_12_15_run0 "," 8-90 km/s. Fe/pt olivine mix. IDEX FM. Det2500. Position 4 ",5," Iron "
8549952,20231215182751.967999999,20231215112751.967999999,1702664871968,8.950580E+3,1.021279E-17,1.861980E-16,6.765297E-8,2.197063E+0," IDEX "," 2023_12_15_run0 "," 8-90 km/s. Fe/pt olivine mix. IDEX FM. Det2500. Position 4 ",5," Iron "
8549954,20231215182802.074000000,20231215112802.074000000,1702664882074,1.173200E+4,5.363745E-18,1.679180E-16,5.458350E-8,2.198294E+0," IDEX "," 2023_12_15_run0 "," 8-90 km/s. Fe/pt olivine mix. IDEX FM. Det2500. Position 4 ",5," Iron "
8549958,20231215182815.328999999,20231215112815.328999999,1702664895329,9.424450E+3,1.505292E-17,3.041010E-16,7.699200E-8,2.198294E+0," IDEX "," 2023_12_15_run0 "," 8-90 km/s. Fe/pt olivine mix. IDEX FM. Det2500. Position 4 ",5," Iron "
8549963,20231215182825.016999999,20231215112825.016999999,1702664905017,7.931530E+3,6.396830E-18,9.158130E-17,5.788423E-8,2.197063E+0," IDEX "," 2023_12_15_run0 "," 8-90 km/s. Fe/pt olivine mix. IDEX FM. Det2500. Position 4 ",3," Iron "
8549964,20231215182825.646999999,20231215112825.646999999,1702664905647,1.601350E+4,8.537644E-18,4.982400E-16,6.373109E-8,2.197063E+0," IDEX "," 2023_12_15_run0 "," 8-90 km/s. Fe/pt olivine mix. IDEX FM. Det2500. Position 4 ",3," Iron "
8549968,20231215182835.337999999,20231215112835.337999999,1702664915338,1.090700E+4,6.940462E-18,1.877950E-16,5.947961E-8,2.198294E+0," IDEX "," 2023_12_15_run0 "," 8-90 km/s. Fe/pt olivine mix. IDEX FM. Det2500. Position 4 ",5," Iron "
8549970,20231215182843.756000000,20231215112843.756000000,1702664923756,8.195970E+3,1.473601E-17,2.248950E-16,7.644785E-8,2.200754E+0," IDEX "," 2023_12_15_run0 "," 8-90 km/s. Fe/pt olivine mix. IDEX FM. Det2500. Position 4 ",3," Iron "
8549974,20231215182855.961000000,20231215112855.961000000,1702664935961,1.467380E+4,4.583635E-18,2.246070E-16,5.179749E-8,2.197063E+0," IDEX "," 2023_12_15_run0 "," 8-90 km/s. Fe/pt olivine mix. IDEX FM. Det2500. Position 4 ",5," Iron "
8549976,20231215182900.070999999,20231215112900.070999999,1702664940071,8.382760E+3,1.441147E-17,2.303390E-16,7.588247E-8,2.198294E+0," IDEX "," 2023_12_15_run0 "," 8-90 km/s. Fe/pt olivine mix. IDEX FM. Det2500. Position 4 ",5," Iron "
8549977,20231215182902.489000000,20231215112902.489000000,1702664942489,1.243300E+4,1.406097E-17,4.943700E-16,7.526223E-8,2.198294E+0," IDEX "," 2023_12_15_run0 "," 8-90 km/s. Fe/pt olivine mix. IDEX FM. Det2500. Position 4 ",5," Iron "
8549980,20231215182922.270000000,20231215112922.270000000,1702664962270,1.924630E+4,5.680587E-18,4.788680E-16,5.563777E-8,2.197063E+0," IDEX "," 2023_12_15_run0 "," 8-90 km/s. Fe/pt olivine mix. IDEX FM. Det2500. Position 4 ",5," Iron "
8549982,20231215182925.538999999,20231215112925.538999999,1702664965539,1.242120E+4,3.752224E-18,1.317480E-16,4.845459E-8,2.197063E+0," IDEX "," 2023_12_15_run0 "," 8-90 km/s. Fe/pt olivine mix. IDEX FM. Det2500. Position 4 ",5," Iron "
8549983,20231215182928.387000000,20231215112928.387000000,1702664968387,1.045750E+4,9.555386E-18,2.376780E-16,6.616902E-8,2.198294E+0," IDEX "," 2023_12_15_run0 "," 8-90 km/s. Fe/pt olivine mix. IDEX FM. Det2500. Position 4 ",3," Iron "
8549985,20231215182933.643999999,20231215112933.643999999,1702664973644,2.108890E+4,1.082750E-18,1.095270E-16,3.201951E-8,2.198294E+0," IDEX "," 2023_12_15_run0 "," 8-90 km/s. Fe/pt olivine mix. IDEX FM. Det2500. Position 4 ",3," Iron "
8549992,20231215182955.007999999,20231215112955.007999999,1702664995008,7.879700E+4,1.793091E-19,2.532250E-16,1.758353E-8,2.198294E+0," IDEX "," 2023_12_15_run0 "," 8-90 km/s. Fe/pt olivine mix. IDEX FM. Det2500. Position 4 ",4," Iron "
8549994,20231215182959.962999999,20231215112959.962999999,1702664999963,1.077090E+4,2.858187E-17,7.541880E-16,9.533862E-8,2.198294E+0," IDEX "," 2023_12_15_run0 "," 8-90 km/s. Fe/pt olivine mix. IDEX FM. Det2500. Position 4 ",5," Iron "
8549995,20231215183000.804000000,20231215113000.804000000,1702665000804,2.158890E+4,2.511183E-18,2.662100E-16,4.238363E-8,2.198294E+0," IDEX "," 2023_12_15_run0 "," 8-90 km/s. Fe/pt olivine mix. IDEX FM. Det2500. Position 4 ",5," Iron "
8549997,20231215183002.385999999,20231215113002.385999999,1702665002386,9.112340E+3,8.410373E-18,1.589290E-16,6.341282E-8,2.197063E+0," IDEX "," 2023_12_15_run0 "," 8-90 km/s. Fe/pt olivine mix. IDEX FM. Det2500. Position 4 ",5," Iron "
8550000,20231215183011.993000000,20231215113011.993000000,1702665011993,1.206510E+4,5.170524E-18,1.712870E-16,5.392004E-8,2.197063E+0," IDEX "," 2023_12_15_run0 "," 8-90 km/s. Fe/pt olivine mix. IDEX FM. Det2500. Position 4 ",3," Iron "
8550002,20231215183016.813000000,20231215113016.813000000,1702665016813,8.259490E+3,9.753411E-18,1.513380E-16,6.662300E-8,2.198294E+0," IDEX "," 2023_12_15_run0 "," 8-90 km/s. Fe/pt olivine mix. IDEX FM. Det2500. Position 4 ",4," Iron "
8550005,20231215183025.427999999,20231215113025.427999999,1702665025428,8.562800E+3,1.314155E-17,2.191610E-16,7.358470E-8,2.198294E+0," IDEX "," 2023_12_15_run0 "," 8-90 km/s. Fe/pt olivine mix. IDEX FM. Det2500. Position 4 ",3," Iron "
8550006,20231215183026.901000000,20231215113026.901000000,1702665026901,1.705670E+4,1.560990E-18,1.032940E-16,3.617196E-8,2.198294E+0," IDEX "," 2023_12_15_run0 "," 8-90 km/s. Fe/pt olivine mix. IDEX FM. Det2500. Position 4 ",4," Iron "
8550012,20231215183042.705000000,20231215113042.705000000,1702665042705,8.053510E+3,2.277891E-17,3.360380E-16,8.839268E-8,2.198294E+0," IDEX "," 2023_12_15_run0 "," 8-90 km/s. Fe/pt olivine mix. IDEX FM. Det2500. Position 4 ",5," Iron "
8550014,20231215183051.111999999,20231215113051.111999999,1702665051112,1.450860E+4,1.005464E-17,4.813960E-16,6.730193E-8,2.198294E+0," IDEX "," 2023_12_15_run0 "," 8-90 km/s. Fe/pt olivine mix. IDEX FM. Det2500. Position 4 ",3," Iron "
8550016,20231215183053.337999999,20231215113053.337999999,1702665053338,9.638470E+3,1.233493E-17,2.606380E-16,7.204726E-8,2.198294E+0," IDEX "," 2023_12_15_run0 "," 8-90 km/s. Fe/pt olivine mix. IDEX FM. Det2500. Position 4 ",5," Iron "
8550017,20231215183056.594999999,20231215113056.594999999,1702665056595,1.591070E+4,4.097869E-18,2.360830E-16,4.989894E-8,2.197063E+0," IDEX "," 2023_12_15_run0 "," 8-90 km/s. Fe/pt olivine mix. IDEX FM. Det2500. Position 4 ",5," Iron "
8550018,20231215183056.694000000,20231215113056.694000000,1702665056694,2.041950E+4,2.643463E-18,2.508370E-16,4.311514E-8,2.197063E+0," IDEX "," 2023_12_15_run0 "," 8-90 km/s. Fe/pt olivine mix. IDEX FM. Det2500. Position 4 ",3," Iron "
8550019,20231215183059.537000000,20231215113059.537000000,1702665059537,1.139070E+4,5.056243E-18,1.492990E-16,5.351982E-8,2.197063E+0," IDEX "," 2023_12_15_run0 "," 8-90 km/s. Fe/pt olivine mix. IDEX FM. Det2500. Position 4 ",4," Iron "
8550021,20231215183101.012000000,20231215113101.012000000,1702665061012,1.696210E+4,1.649989E-18,1.080360E-16,3.684674E-8,2.197063E+0," IDEX "," 2023_12_15_run0 "," 8-90 km/s. Fe/pt olivine mix. IDEX FM. Det2500. Position 4 ",5," Iron "
8550023,20231215183105.229999999,20231215113105.229999999,1702665065230,1.127540E+4,2.498929E-17,7.222040E-16,9.116398E-8,2.199524E+0," IDEX "," 2023_12_15_run0 "," 8-90 km/s. Fe/pt olivine mix. IDEX FM. Det2500. Position 4 ",5," Iron "
8550028,20231215183115.854000000,20231215113115.854000000,1702665075854,1.631560E+4,5.487929E-18,3.319050E-16,5.500154E-8,2.200754E+0," IDEX "," 2023_12_15_run0 "," 8-90 km/s. Fe/pt olivine mix. IDEX FM. Det2500. Position 4 ",5," Iron "
8550030,20231215183121.439000000,20231215113121.439000000,1702665081439,8.068010E+3,2.911393E-17,4.310410E-16,9.592657E-8,2.198294E+0," IDEX "," 2023_12_15_run0 "," 8-90 km/s. Fe/pt olivine mix. IDEX FM. Det2500. Position 4 ",4," Iron "
8550031,20231215183126.486999999,20231215113126.486999999,1702665086487,7.877330E+3,2.554958E-17,3.606010E-16,9.184029E-8,2.198294E+0," IDEX "," 2023_12_15_run0 "," 8-90 km/s. Fe/pt olivine mix. IDEX FM. Det2500. Position 4 ",3," Iron "
8550034,20231215183132.694999999,20231215113132.694999999,1702665092695,1.084310E+4,7.626465E-18,2.039460E-16,6.137805E-8,2.198294E+0," IDEX "," 2023_12_15_run0 "," 8-90 km/s. Fe/pt olivine mix. IDEX FM. Det2500. Position 4 ",3," Iron "
8550035,20231215183140.490999999,20231215113140.490999999,1702665100491,1.229110E+4,7.825312E-18,2.688860E-16,6.190692E-8,2.198294E+0," IDEX "," 2023_12_15_run0 "," 8-90 km/s. Fe/pt olivine mix. IDEX FM. Det2500. Position 4 ",4," Iron "
8550036,20231215183144.274999999,20231215113144.274999999,1702665104275,2.524650E+4,1.611954E-18,2.336900E-16,3.656141E-8,2.198294E+0," IDEX "," 2023_12_15_run0 "," 8-90 km/s. Fe/pt olivine mix. IDEX FM. Det2500. Position 4 ",4," Iron "
8550037,20231215183145.851000000,20231215113145.851000000,1702665105851,2.443760E+4,1.201717E-17,1.633230E-15,7.142322E-8,2.197063E+0," IDEX "," 2023_12_15_run0 "," 8-90 km/s. Fe/pt olivine mix. IDEX FM. Det2500. Position 4 ",5," Iron "
8550045,20231215183219.010000000,20231215113219.010000000,1702665139010,1.952950E+4,2.144827E-18,1.861670E-16,4.021328E-8,2.197063E+0," IDEX "," 2023_12_15_run0 "," 8-90 km/s. Fe/pt olivine mix. IDEX FM. Det2500. Position 4 ",4," Iron "
8550049,20231215183243.547999999,20231215113243.547999999,1702665163548,8.128050E+3,9.852729E-18,1.480520E-16,6.684837E-8,2.198294E+0," IDEX "," 2023_12_15_run0 "," 8-90 km/s. Fe/pt olivine mix. IDEX FM. Det2500. Position 4 ",5," Iron "
8550060,20231215183307.010000000,20231215113307.010000000,1702665187010,1.314640E+4,1.519228E-17,5.975370E-16,7.722887E-8,2.197063E+0," IDEX "," 2023_12_15_run0 "," 8-90 km/s. Fe/pt olivine mix. IDEX FM. Det2500. Position 4 ",5," Iron "
8550062,20231215183319.858000000,20231215113319.858000000,1702665199858,1.024580E+4,1.289812E-17,3.077940E-16,7.312751E-8,2.199524E+0," IDEX "," 2023_12_15_run0 "," 8-90 km/s. Fe/pt olivine mix. IDEX FM. Det2500. Position 4 ",4," Iron "
8550065,20231215183340.699999999,20231215113340.699999999,1702665220700,8.287790E+3,8.441503E-18,1.318810E-16,6.349097E-8,2.198294E+0," IDEX "," 2023_12_15_run0 "," 8-90 km/s. Fe/pt olivine mix. IDEX FM. Det2500. Position 4 ",5," Iron "
8550068,20231215183408.805999999,20231215113408.805999999,1702665248806,9.362010E+3,1.636148E-17,3.259890E-16,7.916130E-8,2.199524E+0," IDEX "," 2023_12_15_run0 "," 8-90 km/s. Fe/pt olivine mix. IDEX FM. Det2500. Position 4 ",5," Iron "
8550069,20231215183409.433999999,20231215113409.433999999,1702665249434,1.487530E+4,7.390700E-18,3.717570E-16,6.073893E-8,2.199524E+0," IDEX "," 2023_12_15_run0 "," 8-90 km/s. Fe/pt olivine mix. IDEX FM. Det2500. Position 4 ",5," Iron "
8550079,20231215183439.646999999,20231215113439.646999999,1702665279647,8.790940E+3,2.448739E-17,4.301850E-16,9.054952E-8,2.199524E+0," IDEX "," 2023_12_15_run0 "," 8-90 km/s. Fe/pt olivine mix. IDEX FM. Det2500. Position 4 ",5," Iron "
8550080,20231215183440.280999999,20231215113440.280999999,1702665280281,1.025570E+4,4.879124E-18,1.166580E-16,5.288745E-8,2.199524E+0," IDEX "," 2023_12_15_run0 "," 8-90 km/s. Fe/pt olivine mix. IDEX FM. Det2500. Position 4 ",4," Iron "
8550082,20231215183444.172999999,20231215113444.172999999,1702665284173,1.262040E+4,5.976940E-18,2.164050E-16,5.658895E-8,2.199524E+0," IDEX "," 2023_12_15_run0 "," 8-90 km/s. Fe/pt olivine mix. IDEX FM. Det2500. Position 4 ",4," Iron "
8550083,20231215183444.905999999,20231215113444.905999999,1702665284906,1.214540E+4,7.758238E-18,2.601530E-16,6.172954E-8,2.199524E+0," IDEX "," 2023_12_15_run0 "," 8-90 km/s. Fe/pt olivine mix. IDEX FM. Det2500. Position 4 ",5," Iron "
8550088,20231215183500.378999999,20231215113500.378999999,1702665300379,1.688220E+4,3.512021E-18,2.276670E-16,4.739774E-8,2.198294E+0," IDEX "," 2023_12_15_run0 "," 8-90 km/s. Fe/pt olivine mix. IDEX FM. Det2500. Position 4 ",5," Iron "
8550089,20231215183511.216000000,20231215113511.216000000,1702665311216,2.835060E+4,3.342019E-18,6.113100E-16,4.662029E-8,2.197063E+0," IDEX "," 2023_12_15_run0 "," 8-90 km/s. Fe/pt olivine mix. IDEX FM. Det2500. Position 4 ",5," Iron "
8550100,20231215183535.328999999,20231215113535.328999999,1702665335329,1.279030E+4,8.609214E-18,3.201600E-16,6.390868E-8,2.199524E+0," IDEX "," 2023_12_15_run0 "," 8-90 km/s. Fe/pt olivine mix. IDEX FM. Det2500. Position 4 ",5," Iron "
8550105,20231215183548.180999999,20231215113548.180999999,1702665348181,1.785130E+4,3.792494E-18,2.750380E-16,4.862732E-8,2.197063E+0," IDEX "," 2023_12_15_run0 "," 8-90 km/s. Fe/pt olivine mix. IDEX FM. Det2500. Position 4 ",5," Iron "
8550110,20231215183606.793999999,20231215113606.793999999,1702665366794,1.943990E+4,1.353702E-18,1.163580E-16,3.449422E-8,2.198294E+0," IDEX "," 2023_12_15_run0 "," 8-90 km/s. Fe/pt olivine mix. IDEX FM. Det2500. Position 4 ",4," Iron "
8550113,20231215183611.425000000,20231215113611.425000000,1702665371425,2.073080E+4,2.472550E-18,2.416920E-16,4.216515E-8,2.198294E+0," IDEX "," 2023_12_15_run0 "," 8-90 km/s. Fe/pt olivine mix. IDEX FM. Det2500. Position 4 ",4," Iron "
8550115,20231215183614.904000000,20231215113614.904000000,1702665374904,1.289570E+4,5.295145E-18,2.002870E-16,5.434980E-8,2.198294E+0," IDEX "," 2023_12_15_run0 "," 8-90 km/s. Fe/pt olivine mix. IDEX FM. Det2500. Position 4 ",4," Iron "
8550120,20231215183654.376000000,20231215113654.376000000,1702665414376,1.186080E+4,7.328365E-18,2.346190E-16,6.056769E-8,2.197063E+0," IDEX "," 2023_12_15_run0 "," 8-90 km/s. Fe/pt olivine mix. IDEX FM. Det2500. Position 4 ",5," Iron "
8550123,20231215183705.844000000,20231215113705.844000000,1702665425844,1.739150E+4,3.333306E-18,2.293160E-16,4.657974E-8,2.198294E+0," IDEX "," 2023_12_15_run0 "," 8-90 km/s. Fe/pt olivine mix. IDEX FM. Det2500. Position 4 ",5," Iron "
8550140,20231215183757.958000000,20231215113757.958000000,1702665477958,1.108020E+4,8.268993E-18,2.310340E-16,6.305548E-8,2.197063E+0," IDEX "," 2023_12_15_run0 "," 8-90 km/s. Fe/pt olivine mix. IDEX FM. Det2500. Position 4 ",5," Iron "
8550159,20231215183851.956000000,20231215113851.956000000,1702665531956,8.502980E+3,1.022782E-17,1.681940E-16,6.768613E-8,2.198294E+0," IDEX "," 2023_12_15_run0 "," 8-90 km/s. Fe/pt olivine mix. IDEX FM. Det2500. Position 4 ",5," Iron "
8550162,20231215183906.804000000,20231215113906.804000000,1702665546804,1.111800E+4,6.310016E-18,1.773070E-16,5.762118E-8,2.199524E+0," IDEX "," 2023_12_15_run0 "," 8-90 km/s. Fe/pt olivine mix. IDEX FM. Det2500. Position 4 ",5," Iron "
8550163,20231215183911.470999999,20231215113911.470999999,1702665551471,1.465250E+4,4.127475E-18,2.014420E-16,5.001883E-8,2.199524E+0," IDEX "," 2023_12_15_run0 "," 8-90 km/s. Fe/pt olivine mix. IDEX FM. Det2500. Position 4 ",3," Iron "
8550170,20231215183921.168000000,20231215113921.168000000,1702665561168,1.469570E+4,4.546504E-18,2.234530E-16,5.165724E-8,2.197063E+0," IDEX "," 2023_12_15_run0 "," 8-90 km/s. Fe/pt olivine mix. IDEX FM. Det2500. Position 4 ",3," Iron "
8550173,20231215183931.169999999,20231215113931.169999999,1702665571170,1.124160E+4,3.356037E-17,9.646460E-16,1.005806E-7,2.198294E+0," IDEX "," 2023_12_15_run0 "," 8-90 km/s. Fe/pt olivine mix. IDEX FM. Det2500. Position 4 ",5," Iron "
8550176,20231215183942.587000000,20231215113942.587000000,1702665582587,8.861670E+3,2.336411E-17,4.175500E-16,8.914324E-8,2.197063E+0," IDEX "," 2023_12_15_run0 "," 8-90 km/s. Fe/pt olivine mix. IDEX FM. Det2500. Position 4 ",5," Iron "
8550180,20231215183953.722000000,20231215113953.722000000,1702665593722,8.997150E+3,9.851778E-18,1.812870E-16,6.684622E-8,2.199524E+0," IDEX "," 2023_12_15_run0 "," 8-90 km/s. Fe/pt olivine mix. IDEX FM. Det2500. Position 4 ",5," Iron "
8550181,20231215183954.742000000,20231215113954.742000000,1702665594742,9.134930E+3,2.030623E-17,3.851960E-16,8.507104E-8,2.199524E+0," IDEX "," 2023_12_15_run0 "," 8-90 km/s. Fe/pt olivine mix. IDEX FM. Det2500. Position 4 ",5," Iron "
8550182,20231215183955.141999999,20231215113955.141999999,1702665595142,1.491410E+4,4.432317E-18,2.241130E-16,5.122110E-8,2.199524E+0," IDEX "," 2023_12_15_run0 "," 8-90 km/s. Fe/pt olivine mix. IDEX FM. Det2500. Position 4 ",5," Iron "
8550184,20231215184007.391999999,20231215114007.391999999,1702665607392,1.295460E+4,6.906692E-18,2.636350E-16,5.938298E-8,2.198294E+0," IDEX "," 2023_12_15_run0 "," 8-90 km/s. Fe/pt olivine mix. IDEX FM. Det2500. Position 4 ",5," Iron "
8550185,20231215184013.621000000,20231215114013.621000000,1702665613621,8.226580E+3,8.161625E-18,1.256320E-16,6.278138E-8,2.198294E+0," IDEX "," 2023_12_15_run0 "," 8-90 km/s. Fe/pt olivine mix. IDEX FM. Det2500. Position 4 ",4," Iron "
8550186,20231215184013.824000000,20231215114013.824000000,1702665613824,1.435180E+4,3.105997E-18,1.455120E-16,4.549591E-8,2.198294E+0," IDEX "," 2023_12_15_run0 "," 8-90 km/s. Fe/pt olivine mix. IDEX FM. Det2500. Position 4 ",4," Iron "
8550189,20231215184019.024999999,20231215114019.024999999,1702665619025,1.422850E+4,6.347516E-18,2.924490E-16,5.773510E-8,2.197063E+0," IDEX "," 2023_12_15_run0 "," 8-90 km/s. Fe/pt olivine mix. IDEX FM. Det2500. Position 4 ",3," Iron "
8550191,20231215184024.841999999,20231215114024.841999999,1702665624842,1.847960E+4,1.622545E-18,1.260280E-16,3.664131E-8,2.198294E+0," IDEX "," 2023_12_15_run0 "," 8-90 km/s. Fe/pt olivine mix. IDEX FM. Det2500. Position 4 ",5," Iron "
8550193,20231215184027.182000000,20231215114027.182000000,1702665627182,1.918270E+4,4.551761E-18,3.809640E-16,5.167714E-8,2.198294E+0," IDEX "," 2023_12_15_run0 "," 8-90 km/s. Fe/pt olivine mix. IDEX FM. Det2500. Position 4 ",5," Iron "
8550194,20231215184028.922999999,20231215114028.922999999,1702665628923,1.052700E+4,1.057331E-17,2.662070E-16,6.843984E-8,2.200754E+0," IDEX "," 2023_12_15_run0 "," 8-90 km/s. Fe/pt olivine mix. IDEX FM. Det2500. Position 4 ",5," Iron "
8550196,20231215184032.699999999,20231215114032.699999999,1702665632700,1.178070E+4,6.060781E-18,1.913180E-16,5.685232E-8,2.198294E+0," IDEX "," 2023_12_15_run0 "," 8-90 km/s. Fe/pt olivine mix. IDEX FM. Det2500. Position 4 ",4," Iron "
8550200,20231215184039.533999999,20231215114039.533999999,1702665639534,1.579280E+4,1.052637E-17,5.971480E-16,6.833842E-8,2.198294E+0," IDEX "," 2023_12_15_run0 "," 8-90 km/s. Fe/pt olivine mix. IDEX FM. Det2500. Position 4 ",5," Iron "
8550202,20231215184040.756000000,20231215114040.756000000,1702665640756,3.751670E+4,8.236691E-19,2.636860E-16,2.922960E-8,2.198294E+0," IDEX "," 2023_12_15_run0 "," 8-90 km/s. Fe/pt olivine mix. IDEX FM. Det2500. Position 4 ",5," Iron "
8550204,20231215184045.594999999,20231215114045.594999999,1702665645595,8.193930E+3,1.393353E-17,2.127800E-16,7.503417E-8,2.198294E+0," IDEX "," 2023_12_15_run0 "," 8-90 km/s. Fe/pt olivine mix. IDEX FM. Det2500. Position 4 ",4," Iron "
8550205,20231215184045.861000000,20231215114045.861000000,1702665645861,1.005410E+4,6.397087E-18,1.470800E-16,5.788500E-8,2.198294E+0," IDEX "," 2023_12_15_run0 "," 8-90 km/s. Fe/pt olivine mix. IDEX FM. Det2500. Position 4 ",5," Iron "
8550207,20231215184052.587999999,20231215114052.587999999,1702665652588,2.776370E+4,1.145679E-18,2.007520E-16,3.262819E-8,2.199524E+0," IDEX "," 2023_12_15_run0 "," 8-90 km/s. Fe/pt olivine mix. IDEX FM. Det2500. Position 4 ",5," Iron "
8550212,20231215184106.682000000,20231215114106.682000000,1702665666682,9.837820E+3,7.179517E-18,1.580440E-16,6.015482E-8,2.198294E+0," IDEX "," 2023_12_15_run0 "," 8-90 km/s. Fe/pt olivine mix. IDEX FM. Det2500. Position 4 ",5," Iron "
8550213,20231215184108.412000000,20231215114108.412000000,1702665668412,1.175260E+4,1.040691E-17,3.269450E-16,6.807891E-8,2.198294E+0," IDEX "," 2023_12_15_run0 "," 8-90 km/s. Fe/pt olivine mix. IDEX FM. Det2500. Position 4 ",5," Iron "
8550214,20231215184111.265999999,20231215114111.265999999,1702665671266,8.692110E+3,8.970247E-18,1.542350E-16,6.478982E-8,2.197063E+0," IDEX "," 2023_12_15_run0 "," 8-90 km/s. Fe/pt olivine mix. IDEX FM. Det2500. Position 4 ",5," Iron "
8550217,20231215184121.378000000,20231215114121.378000000,1702665681378,8.050060E+3,1.807305E-17,2.663880E-16,8.183061E-8,2.198294E+0," IDEX "," 2023_12_15_run0 "," 8-90 km/s. Fe/pt olivine mix. IDEX FM. Det2500. Position 4 ",5," Iron "
8550219,20231215184134.535000000,20231215114134.535000000,1702665694535,8.120020E+3,1.071514E-17,1.606930E-16,6.874449E-8,2.198294E+0," IDEX "," 2023_12_15_run0 "," 8-90 km/s. Fe/pt olivine mix. IDEX FM. Det2500. Position 4 ",4," Iron "
8550227,20231215184155.858000000,20231215114155.858000000,1702665715858,1.131940E+4,6.962431E-18,2.029050E-16,5.954230E-8,2.198294E+0," IDEX "," 2023_12_15_run0 "," 8-90 km/s. Fe/pt olivine mix. IDEX FM. Det2500. Position 4 ",4," Iron "
8550229,20231215184158.001000000,20231215114158.001000000,1702665718001,9.222100E+3,1.534005E-17,2.969030E-16,7.747845E-8,2.197063E+0," IDEX "," 2023_12_15_run0 "," 8-90 km/s. Fe/pt olivine mix. IDEX FM. Det2500. Position 4 ",5," Iron "
8550230,20231215184158.711000000,20231215114158.711000000,1702665718711,9.753620E+3,2.596668E-17,5.621810E-16,9.233737E-8,2.197063E+0," IDEX "," 2023_12_15_run0 "," 8-90 km/s. Fe/pt olivine mix. IDEX FM. Det2500. Position 4 ",5," Iron "
8550241,20231215184304.736999999,20231215114304.736999999,1702665784737,1.144090E+4,6.480355E-18,1.930400E-16,5.813508E-8,2.197063E+0," IDEX "," 2023_12_15_run0 "," 8-90 km/s. Fe/pt olivine mix. IDEX FM. Det2500. Position 4 ",4," Iron "
8550242,20231215184321.476000000,20231215114321.476000000,1702665801476,1.214200E+4,6.060969E-18,2.033530E-16,5.685291E-8,2.197063E+0," IDEX "," 2023_12_15_run0 "," 8-90 km/s. Fe/pt olivine mix. IDEX FM. Det2500. Position 4 ",4," Iron "
8550244,20231215184324.015000000,20231215114324.015000000,1702665804015,1.115100E+4,3.978620E-18,1.125870E-16,4.941015E-8,2.197063E+0," IDEX "," 2023_12_15_run0 "," 8-90 km/s. Fe/pt olivine mix. IDEX FM. Det2500. Position 4 ",3," Iron "
8550245,20231215184328.822000000,20231215114328.822000000,1702665808822,8.683110E+3,9.282882E-18,1.591910E-16,6.553394E-8,2.198294E+0," IDEX "," 2023_12_15_run0 "," 8-90 km/s. Fe/pt olivine mix. IDEX FM. Det2500. Position 4 ",5," Iron "
8550247,20231215184330.549000000,20231215114330.549000000,1702665810549,1.254330E+4,6.028080E-18,2.155980E-16,5.674989E-8,2.199524E+0," IDEX "," 2023_12_15_run0 "," 8-90 km/s. Fe/pt olivine mix. IDEX FM. Det2500. Position 4 ",3," Iron "
8550248,20231215184336.466000000,20231215114336.466000000,1702665816466,1.693730E+4,8.665432E-18,5.650940E-16,6.404748E-8,2.199524E+0," IDEX "," 2023_12_15_run0 "," 8-90 km/s. Fe/pt olivine mix. IDEX FM. Det2500. Position 4 ",5," Iron "
8550251,20231215184344.325999999,20231215114344.325999999,1702665824326,1.445220E+4,2.274110E-17,1.080350E-15,8.834375E-8,2.198294E+0," IDEX "," 2023_12_15_run0 "," 8-90 km/s. Fe/pt olivine mix. IDEX FM. Det2500. Position 4 ",4," Iron "
8550255,20231215184358.203999999,20231215114358.203999999,1702665838204,1.568420E+4,3.625843E-18,2.029840E-16,4.790435E-8,2.197063E+0," IDEX "," 2023_12_15_run0 "," 8-90 km/s. Fe/pt olivine mix. IDEX FM. Det2500. Position 4 ",5," Iron "
8550262,20231215184415.651000000,20231215114415.651000000,1702665855651,1.619300E+4,3.560783E-18,2.126040E-16,4.761610E-8,2.195833E+0," IDEX "," 2023_12_15_run0 "," 8-90 km/s. Fe/pt olivine mix. IDEX FM. Det2500. Position 4 ",5," Iron "
8550265,20231215184426.162999999,20231215114426.162999999,1702665866163,1.154070E+4,1.593259E-17,4.829240E-16,7.846346E-8,2.197063E+0," IDEX "," 2023_12_15_run0 "," 8-90 km/s. Fe/pt olivine mix. IDEX FM. Det2500. Position 4 ",5," Iron "
8550266,20231215184427.084999999,20231215114427.084999999,1702665867085,1.535970E+4,3.892530E-18,2.089900E-16,4.905116E-8,2.197063E+0," IDEX "," 2023_12_15_run0 "," 8-90 km/s. Fe/pt olivine mix. IDEX FM. Det2500. Position 4 ",5," Iron "
8550267,20231215184431.876000000,20231215114431.876000000,1702665871876,2.289110E+4,7.850267E-18,9.356270E-16,6.197266E-8,2.198294E+0," IDEX "," 2023_12_15_run0 "," 8-90 km/s. Fe/pt olivine mix. IDEX FM. Det2500. Position 4 ",5," Iron "
8550268,20231215184433.918999999,20231215114433.918999999,1702665873919,1.655960E+4,2.041388E-18,1.273240E-16,3.955613E-8,2.198294E+0," IDEX "," 2023_12_15_run0 "," 8-90 km/s. Fe/pt olivine mix. IDEX FM. Det2500. Position 4 ",5," Iron "
8550269,20231215184438.617000000,20231215114438.617000000,1702665878617,1.269720E+4,3.990195E-18,1.463990E-16,4.945802E-8,2.197063E+0," IDEX "," 2023_12_15_run0 "," 8-90 km/s. Fe/pt olivine mix. IDEX FM. Det2500. Position 4 ",3," Iron "
8550272,20231215184449.427000000,20231215114449.427000000,1702665889427,1.639430E+4,1.370808E-17,8.384760E-16,7.462727E-8,2.197063E+0," IDEX "," 2023_12_15_run0 "," 8-90 km/s. Fe/pt olivine mix. IDEX FM. Det2500. Position 4 ",5," Iron "
8550281,20231215184539.328999999,20231215114539.328999999,1702665939329,1.308270E+4,2.740057E-17,1.067290E-15,9.400664E-8,2.197063E+0," IDEX "," 2023_12_15_run0 "," 8-90 km/s. Fe/pt olivine mix. IDEX FM. Det2500. Position 4 ",5," Iron "
8550300,20231215184644.114999999,20231215114644.114999999,1702666004115,9.009690E+3,9.216690E-18,1.702640E-16,6.537780E-8,2.197063E+0," IDEX "," 2023_12_15_run0 "," 8-90 km/s. Fe/pt olivine mix. IDEX FM. Det2500. Position 4 ",5," Iron "
8550301,20231215184646.274999999,20231215114646.274999999,1702666006275,1.026610E+4,1.211242E-17,2.905160E-16,7.161143E-8,2.197063E+0," IDEX "," 2023_12_15_run0 "," 8-90 km/s. Fe/pt olivine mix. IDEX FM. Det2500. Position 4 ",5," Iron "
8550305,20231215184658.811999999,20231215114658.811999999,1702666018812,1.116840E+4,8.917574E-18,2.529960E-16,6.466276E-8,2.198294E+0," IDEX "," 2023_12_15_run0 "," 8-90 km/s. Fe/pt olivine mix. IDEX FM. Det2500. Position 4 ",5," Iron "
8550306,20231215184700.246999999,20231215114700.246999999,1702666020247,1.157700E+4,9.584586E-18,2.921800E-16,6.623636E-8,2.198294E+0," IDEX "," 2023_12_15_run0 "," 8-90 km/s. Fe/pt olivine mix. IDEX FM. Det2500. Position 4 ",5," Iron "
8550310,20231215184708.711000000,20231215114708.711000000,1702666028711,1.561770E+4,4.666281E-18,2.588750E-16,5.210695E-8,2.198294E+0," IDEX "," 2023_12_15_run0 "," 8-90 km/s. Fe/pt olivine mix. IDEX FM. Det2500. Position 4 ",4," Iron "
8550311,20231215184709.013999999,20231215114709.013999999,1702666029014,9.620830E+3,1.010834E-17,2.128090E-16,6.742153E-8,2.198294E+0," IDEX "," 2023_12_15_run0 "," 8-90 km/s. Fe/pt olivine mix. IDEX FM. Det2500. Position 4 ",5," Iron "
8550317,20231215184735.452000000,20231215114735.452000000,1702666055452,1.188370E+4,5.962519E-18,1.916290E-16,5.654340E-8,2.197063E+0," IDEX "," 2023_12_15_run0 "," 8-90 km/s. Fe/pt olivine mix. IDEX FM. Det2500. Position 4 ",5," Iron "
8550318,20231215184742.189999999,20231215114742.189999999,1702666062190,1.114570E+4,1.422066E-17,4.015840E-16,7.554607E-8,2.199524E+0," IDEX "," 2023_12_15_run0 "," 8-90 km/s. Fe/pt olivine mix. IDEX FM. Det2500. Position 4 ",4," Iron "
8550319,20231215184744.635999999,20231215114744.635999999,1702666064636,9.950790E+3,9.871894E-18,2.222070E-16,6.689169E-8,2.199524E+0," IDEX "," 2023_12_15_run0 "," 8-90 km/s. Fe/pt olivine mix. IDEX FM. Det2500. Position 4 ",5," Iron "
8550320,20231215184748.300999999,20231215114748.300999999,1702666068301,1.665680E+4,4.733761E-18,2.985600E-16,5.235692E-8,2.199524E+0," IDEX "," 2023_12_15_run0 "," 8-90 km/s. Fe/pt olivine mix. IDEX FM. Det2500. Position 4 ",5," Iron "
8550321,20231215184756.770000000,20231215114756.770000000,1702666076770,7.847390E+3,2.298892E-17,3.221790E-16,8.866350E-8,2.197063E+0," IDEX "," 2023_12_15_run0 "," 8-90 km/s. Fe/pt olivine mix. IDEX FM. Det2500. Position 4 ",4," Iron "
8550322,20231215184806.157000000,20231215114806.157000000,1702666086157,9.640350E+3,1.107774E-17,2.342960E-16,6.951135E-8,2.197063E+0," IDEX "," 2023_12_15_run0 "," 8-90 km/s. Fe/pt olivine mix. IDEX FM. Det2500. Position 4 ",5," Iron "
8550325,20231215184825.041999999,20231215114825.041999999,1702666105042,1.050400E+4,7.889573E-18,1.981030E-16,6.207592E-8,2.197063E+0," IDEX "," 2023_12_15_run0 "," 8-90 km/s. Fe/pt olivine mix. IDEX FM. Det2500. Position 4 ",5," Iron "
8550326,20231215184834.935000000,20231215114834.935000000,1702666114935,1.866240E+4,7.030617E-18,5.566350E-16,5.973605E-8,2.199524E+0," IDEX "," 2023_12_15_run0 "," 8-90 km/s. Fe/pt olivine mix. IDEX FM. Det2500. Position 4 ",5," Iron "
8550327,20231215184835.348999999,20231215114835.348999999,1702666115349,9.315130E+3,8.454036E-18,1.667570E-16,6.352237E-8,2.199524E+0," IDEX "," 2023_12_15_run0 "," 8-90 km/s. Fe/pt olivine mix. IDEX FM. Det2500. Position 4 ",5," Iron "
8550329,20231215184842.185999999,20231215114842.185999999,1702666122186,1.702950E+4,4.412516E-18,2.912180E-16,5.114472E-8,2.197063E+0," IDEX "," 2023_12_15_run0 "," 8-90 km/s. Fe/pt olivine mix. IDEX FM. Det2500. Position 4 ",5," Iron "
8550331,20231215184845.046000000,20231215114845.046000000,1702666125046,8.158160E+3,1.763080E-17,2.670450E-16,8.115762E-8,2.197063E+0," IDEX "," 2023_12_15_run0 "," 8-90 km/s. Fe/pt olivine mix. IDEX FM. Det2500. Position 4 ",5," Iron "
8550333,20231215184848.915000000,20231215114848.915000000,1702666128915,2.053000E+4,3.891949E-18,3.733130E-16,4.904872E-8,2.197063E+0," IDEX "," 2023_12_15_run0 "," 8-90 km/s. Fe/pt olivine mix. IDEX FM. Det2500. Position 4 ",4," Iron "
8550336,20231215184859.330000000,20231215114859.330000000,1702666139330,1.416920E+4,8.354775E-18,3.815140E-16,6.327278E-8,2.198294E+0," IDEX "," 2023_12_15_run0 "," 8-90 km/s. Fe/pt olivine mix. IDEX FM. Det2500. Position 4 ",5," Iron "
8550338,20231215184904.225000000,20231215114904.225000000,1702666144225,9.318210E+3,7.207321E-18,1.423390E-16,6.023237E-8,2.198294E+0," IDEX "," 2023_12_15_run0 "," 8-90 km/s. Fe/pt olivine mix. IDEX FM. Det2500. Position 4 ",4," Iron "
8550339,20231215184910.145999999,20231215114910.145999999,1702666150146,1.770070E+4,2.311106E-18,1.646970E-16,4.122670E-8,2.198294E+0," IDEX "," 2023_12_15_run0 "," 8-90 km/s. Fe/pt olivine mix. IDEX FM. Det2500. Position 4 ",3," Iron "
8550342,20231215184916.262000000,20231215114916.262000000,1702666156262,9.699160E+3,1.118632E-17,2.393540E-16,6.973773E-8,2.198294E+0," IDEX "," 2023_12_15_run0 "," 8-90 km/s. Fe/pt olivine mix. IDEX FM. Det2500. Position 4 ",5," Iron "
8550348,20231215184936.979000000,20231215114936.979000000,1702666176979,9.798950E+3,1.187211E-17,2.594270E-16,7.113467E-8,2.197063E+0," IDEX "," 2023_12_15_run0 "," 8-90 km/s. Fe/pt olivine mix. IDEX FM. Det2500. Position 4 ",5," Iron "
8550355,20231215184952.895000000,20231215114952.895000000,1702666192895,1.503180E+4,3.521564E-18,1.809850E-16,4.744064E-8,2.198294E+0," IDEX "," 2023_12_15_run0 "," 8-90 km/s. Fe/pt olivine mix. IDEX FM. Det2500. Position 4 ",3," Iron "
8550356,20231215184953.709999999,20231215114953.709999999,1702666193710,1.287930E+4,5.045523E-18,1.903600E-16,5.348197E-8,2.198294E+0," IDEX "," 2023_12_15_run0 "," 8-90 km/s. Fe/pt olivine mix. IDEX FM. Det2500. Position 4 ",5," Iron "
8550359,20231215184954.932999999,20231215114954.932999999,1702666194933,2.168390E+4,1.844259E-18,1.972340E-16,3.823954E-8,2.198294E+0," IDEX "," 2023_12_15_run0 "," 8-90 km/s. Fe/pt olivine mix. IDEX FM. Det2500. Position 4 ",5," Iron "
8550361,20231215184959.430999999,20231215114959.430999999,1702666199431,1.123270E+4,6.569203E-18,1.883130E-16,5.839956E-8,2.200754E+0," IDEX "," 2023_12_15_run0 "," 8-90 km/s. Fe/pt olivine mix. IDEX FM. Det2500. Position 4 ",5," Iron "
8550362,20231215185003.708000000,20231215115003.708000000,1702666203708,1.870230E+4,7.251696E-18,5.762740E-16,6.035573E-8,2.200754E+0," IDEX "," 2023_12_15_run0 "," 8-90 km/s. Fe/pt olivine mix. IDEX FM. Det2500. Position 4 ",5," Iron "
8550372,20231215185028.404000000,20231215115028.404000000,1702666228404,1.663150E+4,2.005951E-18,1.261320E-16,3.932591E-8,2.199524E+0," IDEX "," 2023_12_15_run0 "," 8-90 km/s. Fe/pt olivine mix. IDEX FM. Det2500. Position 4 ",5," Iron "
8550384,20231215185053.408000000,20231215115053.408000000,1702666253408,1.276590E+4,7.603510E-18,2.816820E-16,6.131641E-8,2.199524E+0," IDEX "," 2023_12_15_run0 "," 8-90 km/s. Fe/pt olivine mix. IDEX FM. Det2500. Position 4 ",5," Iron "
8550385,20231215185054.836000000,20231215115054.836000000,1702666254836,1.700080E+4,4.336147E-18,2.848950E-16,5.084793E-8,2.199524E+0," IDEX "," 2023_12_15_run0 "," 8-90 km/s. Fe/pt olivine mix. IDEX FM. Det2500. Position 4 ",5," Iron "
8550387,20231215185108.819000000,20231215115108.819000000,1702666268819,1.007690E+4,2.405469E-17,5.558810E-16,9.001300E-8,2.197063E+0," IDEX "," 2023_12_15_run0 "," 8-90 km/s. Fe/pt olivine mix. IDEX FM. Det2500. Position 4 ",3," Iron "
8550388,20231215185110.236999999,20231215115110.236999999,1702666270237,9.787030E+3,9.989280E-18,2.177530E-16,6.715578E-8,2.197063E+0," IDEX "," 2023_12_15_run0 "," 8-90 km/s. Fe/pt olivine mix. IDEX FM. Det2500. Position 4 ",5," Iron "
8550389,20231215185117.379999999,20231215115117.379999999,1702666277380,1.064870E+4,1.825033E-17,4.704420E-16,8.209731E-8,2.199524E+0," IDEX "," 2023_12_15_run0 "," 8-90 km/s. Fe/pt olivine mix. IDEX FM. Det2500. Position 4 ",3," Iron "
8550395,20231215185127.896999999,20231215115127.896999999,1702666287897,8.305250E+3,5.699317E-18,8.941560E-17,5.569886E-8,2.198294E+0," IDEX "," 2023_12_15_run0 "," 8-90 km/s. Fe/pt olivine mix. IDEX FM. Det2500. Position 4 ",3," Iron "
8550397,20231215185133.208000000,20231215115133.208000000,1702666293208,1.135920E+4,1.790424E-17,5.254560E-16,8.157503E-8,2.198294E+0," IDEX "," 2023_12_15_run0 "," 8-90 km/s. Fe/pt olivine mix. IDEX FM. Det2500. Position 4 ",4," Iron "
8550399,20231215185143.299000000,20231215115143.299000000,1702666303299,1.877170E+4,1.910721E-17,1.532260E-15,8.336256E-8,2.197063E+0," IDEX "," 2023_12_15_run0 "," 8-90 km/s. Fe/pt olivine mix. IDEX FM. Det2500. Position 4 ",5," Iron "
8550403,20231215185148.408000000,20231215115148.408000000,1702666308408,2.278660E+4,2.453971E-18,2.896480E-16,4.205928E-8,2.199524E+0," IDEX "," 2023_12_15_run0 "," 8-90 km/s. Fe/pt olivine mix. IDEX FM. Det2500. Position 4 ",4," Iron "
8550405,20231215185150.452000000,20231215115150.452000000,1702666310452,8.390080E+3,1.449994E-17,2.320280E-16,7.603742E-8,2.199524E+0," IDEX "," 2023_12_15_run0 "," 8-90 km/s. Fe/pt olivine mix. IDEX FM. Det2500. Position 4 ",5," Iron "
8550408,20231215185156.469999999,20231215115156.469999999,1702666316470,9.044200E+3,5.365198E-17,9.976270E-16,1.176072E-7,2.199524E+0," IDEX "," 2023_12_15_run0 "," 8-90 km/s. Fe/pt olivine mix. IDEX FM. Det2500. Position 4 ",5," Iron "
8550411,20231215185200.138999999,20231215115200.138999999,1702666320139,8.772360E+3,2.185785E-17,3.827970E-16,8.718488E-8,2.197063E+0," IDEX "," 2023_12_15_run0 "," 8-90 km/s. Fe/pt olivine mix. IDEX FM. Det2500. Position 4 ",5," Iron "
8550420,20231215185226.069000000,20231215115226.069000000,1702666346069,9.853310E+3,7.786600E-18,1.719480E-16,6.180467E-8,2.198294E+0," IDEX "," 2023_12_15_run0 "," 8-90 km/s. Fe/pt olivine mix. IDEX FM. Det2500. Position 4 ",5," Iron "
8550422,20231215185236.674000000,20231215115236.674000000,1702666356674,8.044970E+3,1.970194E-17,2.900300E-16,8.421866E-8,2.198294E+0," IDEX "," 2023_12_15_run0 "," 8-90 km/s. Fe/pt olivine mix. IDEX FM. Det2500. Position 4 ",5," Iron "
8550423,20231215185237.183999999,20231215115237.183999999,1702666357184,1.763810E+4,3.989775E-18,2.823170E-16,4.945628E-8,2.198294E+0," IDEX "," 2023_12_15_run0 "," 8-90 km/s. Fe/pt olivine mix. IDEX FM. Det2500. Position 4 ",5," Iron "
8550424,20231215185238.305000000,20231215115238.305000000,1702666358305,1.102230E+4,5.387345E-18,1.488690E-16,5.466344E-8,2.198294E+0," IDEX "," 2023_12_15_run0 "," 8-90 km/s. Fe/pt olivine mix. IDEX FM. Det2500. Position 4 ",4," Iron "
8550425,20231215185238.405000000,20231215115238.405000000,1702666358405,1.247030E+4,2.788847E-17,9.864240E-16,9.456133E-8,2.198294E+0," IDEX "," 2023_12_15_run0 "," 8-90 km/s. Fe/pt olivine mix. IDEX FM. Det2500. Position 4 ",5," Iron "
8550433,20231215185254.939000000,20231215115254.939000000,1702666374939,9.721160E+3,9.374842E-18,2.013920E-16,6.574963E-8,2.199524E+0," IDEX "," 2023_12_15_run0 "," 8-90 km/s. Fe/pt olivine mix. IDEX FM. Det2500. Position 4 ",3," Iron "
8550436,20231215185302.078999999,20231215115302.078999999,1702666382079,8.421610E+3,1.462094E-17,2.358580E-16,7.624835E-8,2.198294E+0," IDEX "," 2023_12_15_run0 "," 8-90 km/s. Fe/pt olivine mix. IDEX FM. Det2500. Position 4 ",4," Iron "
8550442,20231215185321.055999999,20231215115321.055999999,1702666401056,9.502350E+3,9.610109E-18,1.972570E-16,6.629510E-8,2.199524E+0," IDEX "," 2023_12_15_run0 "," 8-90 km/s. Fe/pt olivine mix. IDEX FM. Det2500. Position 4 ",3," Iron "
8550445,20231215185326.666999999,20231215115326.666999999,1702666406667,1.263340E+4,6.026129E-18,2.187580E-16,5.674376E-8,2.198294E+0," IDEX "," 2023_12_15_run0 "," 8-90 km/s. Fe/pt olivine mix. IDEX FM. Det2500. Position 4 ",4," Iron "
8550449,20231215185332.486999999,20231215115332.486999999,1702666412487,8.417840E+3,9.435271E-18,1.520690E-16,6.589060E-8,2.198294E+0," IDEX "," 2023_12_15_run0 "," 8-90 km/s. Fe/pt olivine mix. IDEX FM. Det2500. Position 4 ",5," Iron "
8550450,20231215185333.302000000,20231215115333.302000000,1702666413302,1.171250E+4,4.626864E-18,1.443680E-16,5.195981E-8,2.198294E+0," IDEX "," 2023_12_15_run0 "," 8-90 km/s. Fe/pt olivine mix. IDEX FM. Det2500. Position 4 ",5," Iron "
8550452,20231215185339.016999999,20231215115339.016999999,1702666419017,1.447770E+4,1.074414E-17,5.125060E-16,6.880646E-8,2.197063E+0," IDEX "," 2023_12_15_run0 "," 8-90 km/s. Fe/pt olivine mix. IDEX FM. Det2500. Position 4 ",5," Iron "
8550456,20231215185348.611000000,20231215115348.611000000,1702666428611,1.332820E+4,4.804855E-18,1.941370E-16,5.261773E-8,2.198294E+0," IDEX "," 2023_12_15_run0 "," 8-90 km/s. Fe/pt olivine mix. IDEX FM. Det2500. Position 4 ",4," Iron "
8550459,20231215185403.808999999,20231215115403.808999999,1702666443809,9.633290E+3,1.089143E-17,2.297610E-16,6.911945E-8,2.199524E+0," IDEX "," 2023_12_15_run0 "," 8-90 km/s. Fe/pt olivine mix. IDEX FM. Det2500. Position 4 ",4," Iron "
8550463,20231215185410.240999999,20231215115410.240999999,1702666450241,1.181640E+4,1.090158E-17,3.464080E-16,6.914092E-8,2.197063E+0," IDEX "," 2023_12_15_run0 "," 8-90 km/s. Fe/pt olivine mix. IDEX FM. Det2500. Position 4 ",5," Iron "
8550466,20231215185418.918999999,20231215115418.918999999,1702666458919,1.088810E+4,1.156512E-17,3.120200E-16,7.051617E-8,2.197063E+0," IDEX "," 2023_12_15_run0 "," 8-90 km/s. Fe/pt olivine mix. IDEX FM. Det2500. Position 4 ",5," Iron "
8550469,20231215185427.689000000,20231215115427.689000000,1702666467689,2.157000E+4,5.163012E-18,5.463720E-16,5.389391E-8,2.198294E+0," IDEX "," 2023_12_15_run0 "," 8-90 km/s. Fe/pt olivine mix. IDEX FM. Det2500. Position 4 ",5," Iron "
8550471,20231215185439.723999999,20231215115439.723999999,1702666479724,8.352220E+3,1.888771E-17,2.998550E-16,8.304212E-8,2.197063E+0," IDEX "," 2023_12_15_run0 "," 8-90 km/s. Fe/pt olivine mix. IDEX FM. Det2500. Position 4 ",5," Iron "
8550474,20231215185446.976000000,20231215115446.976000000,1702666486976,1.185790E+4,6.205999E-18,1.984780E-16,5.730281E-8,2.198294E+0," IDEX "," 2023_12_15_run0 "," 8-90 km/s. Fe/pt olivine mix. IDEX FM. Det2500. Position 4 ",5," Iron "
8550480,20231215185518.712000000,20231215115518.712000000,1702666518712,1.128960E+4,2.086457E-17,6.045170E-16,8.584370E-8,2.199524E+0," IDEX "," 2023_12_15_run0 "," 8-90 km/s. Fe/pt olivine mix. IDEX FM. Det2500. Position 4 ",5," Iron "
8550481,20231215185521.972999999,20231215115521.972999999,1702666521973,8.535000E+3,7.749838E-18,1.283340E-16,6.170725E-8,2.199524E+0," IDEX "," 2023_12_15_run0 "," 8-90 km/s. Fe/pt olivine mix. IDEX FM. Det2500. Position 4 ",5," Iron "
8550482,20231215185525.449999999,20231215115525.449999999,1702666525450,9.011540E+3,1.043392E-17,1.926140E-16,6.813777E-8,2.199524E+0," IDEX "," 2023_12_15_run0 "," 8-90 km/s. Fe/pt olivine mix. IDEX FM. Det2500. Position 4 ",5," Iron "
8550486,20231215185527.888000000,20231215115527.888000000,1702666527888,1.409170E+4,6.168350E-18,2.784440E-16,5.718669E-8,2.199524E+0," IDEX "," 2023_12_15_run0 "," 8-90 km/s. Fe/pt olivine mix. IDEX FM. Det2500. Position 4 ",5," Iron "
8550489,20231215185537.483000000,20231215115537.483000000,1702666537483,1.624910E+4,1.451500E-17,8.721750E-16,7.606373E-8,2.197063E+0," IDEX "," 2023_12_15_run0 "," 8-90 km/s. Fe/pt olivine mix. IDEX FM. Det2500. Position 4 ",5," Iron "
8550494,20231215185551.770000000,20231215115551.770000000,1702666551770,1.341020E+4,6.212155E-18,2.540960E-16,5.732175E-8,2.198294E+0," IDEX "," 2023_12_15_run0 "," 8-90 km/s. Fe/pt olivine mix. IDEX FM. Det2500. Position 4 ",5," Iron "
8550499,20231215185605.141999999,20231215115605.141999999,1702666565142,1.256330E+4,7.560565E-18,2.715750E-16,6.120075E-8,2.197063E+0," IDEX "," 2023_12_15_run0 "," 8-90 km/s. Fe/pt olivine mix. IDEX FM. Det2500. Position 4 ",5," Iron "
8550500,20231215185609.020999999,20231215115609.020999999,1702666569021,1.120900E+4,7.306749E-18,2.088060E-16,6.050809E-8,2.198294E+0," IDEX "," 2023_12_15_run0 "," 8-90 km/s. Fe/pt olivine mix. IDEX FM. Det2500. Position 4 ",5," Iron "
8550501,20231215185611.668000000,20231215115611.668000000,1702666571668,1.323780E+4,8.896610E-18,3.546020E-16,6.461205E-8,2.198294E+0," IDEX "," 2023_12_15_run0 "," 8-90 km/s. Fe/pt olivine mix. IDEX FM. Det2500. Position 4 ",5," Iron "
8550502,20231215185616.672999999,20231215115616.672999999,1702666576673,7.866490E+3,1.667444E-17,2.346920E-16,7.966283E-8,2.198294E+0," IDEX "," 2023_12_15_run0 "," 8-90 km/s. Fe/pt olivine mix. IDEX FM. Det2500. Position 4 ",5," Iron "
8550503,20231215185618.302000000,20231215115618.302000000,1702666578302,1.331960E+4,9.303554E-18,3.754190E-16,6.558255E-8,2.198294E+0," IDEX "," 2023_12_15_run0 "," 8-90 km/s. Fe/pt olivine mix. IDEX FM. Det2500. Position 4 ",5," Iron "
8550505,20231215185620.853000000,20231215115620.853000000,1702666580853,1.328190E+4,2.147937E-17,8.623230E-16,8.667872E-8,2.197063E+0," IDEX "," 2023_12_15_run0 "," 8-90 km/s. Fe/pt olivine mix. IDEX FM. Det2500. Position 4 ",5," Iron "
8550506,20231215185621.260999999,20231215115621.260999999,1702666581261,1.737230E+4,4.954269E-18,3.402690E-16,5.315758E-8,2.197063E+0," IDEX "," 2023_12_15_run0 "," 8-90 km/s. Fe/pt olivine mix. IDEX FM. Det2500. Position 4 ",5," Iron "
8550508,20231215185630.135000000,20231215115630.135000000,1702666590135,1.395650E+4,8.304101E-18,3.676950E-16,6.314460E-8,2.199524E+0," IDEX "," 2023_12_15_run0 "," 8-90 km/s. Fe/pt olivine mix. IDEX FM. Det2500. Position 4 ",3," Iron "
8550516,20231215185648.601000000,20231215115648.601000000,1702666608601,2.322830E+4,6.330931E-18,7.769400E-16,5.768477E-8,2.198294E+0," IDEX "," 2023_12_15_run0 "," 8-90 km/s. Fe/pt olivine mix. IDEX FM. Det2500. Position 4 ",3," Iron "
8550518,20231215185650.851999999,20231215115650.851999999,1702666610852,1.194230E+4,8.764921E-18,2.843210E-16,6.429166E-8,2.198294E+0," IDEX "," 2023_12_15_run0 "," 8-90 km/s. Fe/pt olivine mix. IDEX FM. Det2500. Position 4 ",4," Iron "
8550519,20231215185651.158999999,20231215115651.158999999,1702666611159,1.562450E+4,5.148677E-18,2.858860E-16,5.384398E-8,2.198294E+0," IDEX "," 2023_12_15_run0 "," 8-90 km/s. Fe/pt olivine mix. IDEX FM. Det2500. Position 4 ",3," Iron "
8550520,20231215185652.992000000,20231215115652.992000000,1702666612992,1.520050E+4,3.187977E-18,1.675390E-16,4.589271E-8,2.198294E+0," IDEX "," 2023_12_15_run0 "," 8-90 km/s. Fe/pt olivine mix. IDEX FM. Det2500. Position 4 ",4," Iron "
8550521,20231215185654.015000000,20231215115654.015000000,1702666614015,9.062700E+3,1.673668E-17,3.126580E-16,7.976183E-8,2.198294E+0," IDEX "," 2023_12_15_run0 "," 8-90 km/s. Fe/pt olivine mix. IDEX FM. Det2500. Position 4 ",5," Iron "
8550522,20231215185654.629999999,20231215115654.629999999,1702666614630,1.845710E+4,2.347040E-18,1.818580E-16,4.143928E-8,2.198294E+0," IDEX "," 2023_12_15_run0 "," 8-90 km/s. Fe/pt olivine mix. IDEX FM. Det2500. Position 4 ",3," Iron "
8550523,20231215185657.787000000,20231215115657.787000000,1702666617787,1.618240E+4,3.015986E-18,1.794380E-16,4.505210E-8,2.200754E+0," IDEX "," 2023_12_15_run0 "," 8-90 km/s. Fe/pt olivine mix. IDEX FM. Det2500. Position 4 ",5," Iron "
8550530,20231215185726.662000000,20231215115726.662000000,1702666646662,1.616980E+4,5.084925E-18,3.023980E-16,5.362083E-8,2.198294E+0," IDEX "," 2023_12_15_run0 "," 8-90 km/s. Fe/pt olivine mix. IDEX FM. Det2500. Position 4 ",5," Iron "
8550534,20231215185746.560999999,20231215115746.560999999,1702666666561,1.577450E+4,3.495679E-18,1.979570E-16,4.732412E-8,2.197063E+0," IDEX "," 2023_12_15_run0 "," 8-90 km/s. Fe/pt olivine mix. IDEX FM. Det2500. Position 4 ",5," Iron "
8550536,20231215185758.714000000,20231215115758.714000000,1702666678714,8.789760E+3,4.811502E-18,8.455120E-17,5.264198E-8,2.198294E+0," IDEX "," 2023_12_15_run0 "," 8-90 km/s. Fe/pt olivine mix. IDEX FM. Det2500. Position 4 ",4," Iron "
8550537,20231215185759.118999999,20231215115759.118999999,1702666679119,1.349140E+4,3.864287E-18,1.599810E-16,4.893224E-8,2.198294E+0," IDEX "," 2023_12_15_run0 "," 8-90 km/s. Fe/pt olivine mix. IDEX FM. Det2500. Position 4 ",4," Iron "
8550540,20231215185811.154000000,20231215115811.154000000,1702666691154,1.514030E+4,2.880548E-18,1.500180E-16,4.436737E-8,2.200754E+0," IDEX "," 2023_12_15_run0 "," 8-90 km/s. Fe/pt olivine mix. IDEX FM. Det2500. Position 4 ",3," Iron "
8550542,20231215185820.129999999,20231215115820.129999999,1702666700130,1.583150E+4,2.526883E-18,1.441310E-16,4.247177E-8,2.197063E+0," IDEX "," 2023_12_15_run0 "," 8-90 km/s. Fe/pt olivine mix. IDEX FM. Det2500. Position 4 ",3," Iron "
8550546,20231215185827.077000000,20231215115827.077000000,1702666707077,1.550290E+4,6.924216E-18,3.783020E-16,5.943317E-8,2.199524E+0," IDEX "," 2023_12_15_run0 "," 8-90 km/s. Fe/pt olivine mix. IDEX FM. Det2500. Position 4 ",5," Iron "
8550547,20231215185830.342999999,20231215115830.342999999,1702666710343,8.331040E+3,1.447459E-17,2.283740E-16,7.599308E-8,2.199524E+0," IDEX "," 2023_12_15_run0 "," 8-90 km/s. Fe/pt olivine mix. IDEX FM. Det2500. Position 4 ",5," Iron "
8550549,20231215185835.759000000,20231215115835.759000000,1702666715759,8.053350E+3,1.025913E-17,1.514230E-16,6.775513E-8,2.197063E+0," IDEX "," 2023_12_15_run0 "," 8-90 km/s. Fe/pt olivine mix. IDEX FM. Det2500. Position 4 ",4," Iron "
8550552,20231215185836.972000000,20231215115836.972000000,1702666716972,1.737160E+4,2.853398E-18,1.957420E-16,4.422754E-8,2.199524E+0," IDEX "," 2023_12_15_run0 "," 8-90 km/s. Fe/pt olivine mix. IDEX FM. Det2500. Position 4 ",4," Iron "
8550553,20231215185844.938000000,20231215115844.938000000,1702666724938,1.274570E+4,8.789811E-18,3.247820E-16,6.435246E-8,2.198294E+0," IDEX "," 2023_12_15_run0 "," 8-90 km/s. Fe/pt olivine mix. IDEX FM. Det2500. Position 4 ",4," Iron "
8550554,20231215185851.155000000,20231215115851.155000000,1702666731155,1.637390E+4,2.935540E-18,1.790100E-16,4.464793E-8,2.198294E+0," IDEX "," 2023_12_15_run0 "," 8-90 km/s. Fe/pt olivine mix. IDEX FM. Det2500. Position 4 ",5," Iron "
8550555,20231215185851.868000000,20231215115851.868000000,1702666731868,2.192140E+4,1.518357E-18,1.659570E-16,3.583961E-8,2.198294E+0," IDEX "," 2023_12_15_run0 "," 8-90 km/s. Fe/pt olivine mix. IDEX FM. Det2500. Position 4 ",5," Iron "
8550560,20231215185858.195999999,20231215115858.195999999,1702666738196,1.287720E+4,4.520657E-18,1.705020E-16,5.155916E-8,2.198294E+0," IDEX "," 2023_12_15_run0 "," 8-90 km/s. Fe/pt olivine mix. IDEX FM. Det2500. Position 4 ",4," Iron "
8550562,20231215185902.179000000,20231215115902.179000000,1702666742179,1.429350E+4,1.034692E-17,4.810790E-16,6.794784E-8,2.197063E+0," IDEX "," 2023_12_15_run0 "," 8-90 km/s. Fe/pt olivine mix. IDEX FM. Det2500. Position 4 ",5," Iron "
8550564,20231215185903.509000000,20231215115903.509000000,1702666743509,8.879830E+3,1.464668E-17,2.628310E-16,7.629306E-8,2.197063E+0," IDEX "," 2023_12_15_run0 "," 8-90 km/s. Fe/pt olivine mix. IDEX FM. Det2500. Position 4 ",5," Iron "
8550565,20231215185905.859999999,20231215115905.859999999,1702666745860,8.090030E+3,8.800180E-17,1.310750E-15,1.386977E-7,2.197063E+0," IDEX "," 2023_12_15_run0 "," 8-90 km/s. Fe/pt olivine mix. IDEX FM. Det2500. Position 4 ",5," Iron "
8550567,20231215185909.942000000,20231215115909.942000000,1702666749942,9.759180E+3,2.369943E-17,5.136800E-16,8.956768E-8,2.197063E+0," IDEX "," 2023_12_15_run0 "," 8-90 km/s. Fe/pt olivine mix. IDEX FM. Det2500. Position 4 ",5," Iron "
8550569,20231215185914.935000000,20231215115914.935000000,1702666754935,1.755100E+4,2.826595E-18,1.979290E-16,4.408862E-8,2.199524E+0," IDEX "," 2023_12_15_run0 "," 8-90 km/s. Fe/pt olivine mix. IDEX FM. Det2500. Position 4 ",4," Iron "
8550572,20231215185920.246000000,20231215115920.246000000,1702666760246,8.715540E+3,8.425955E-18,1.455770E-16,6.345196E-8,2.198294E+0," IDEX "," 2023_12_15_run0 "," 8-90 km/s. Fe/pt olivine mix. IDEX FM. Det2500. Position 4 ",4," Iron "
8550574,20231215185926.864999999,20231215115926.864999999,1702666766865,1.160940E+4,4.405982E-18,1.351420E-16,5.111946E-8,2.197063E+0," IDEX "," 2023_12_15_run0 "," 8-90 km/s. Fe/pt olivine mix. IDEX FM. Det2500. Position 4 ",4," Iron "
8550578,20231215185937.895999999,20231215115937.895999999,1702666777896,1.300030E+4,1.032393E-17,3.973040E-16,6.789747E-8,2.195833E+0," IDEX "," 2023_12_15_run0 "," 8-90 km/s. Fe/pt olivine mix. IDEX FM. Det2500. Position 4 ",5," Iron "
8550579,20231215185941.672000000,20231215115941.672000000,1702666781672,2.429600E+4,1.310407E-17,1.760370E-15,7.351468E-8,2.197063E+0," IDEX "," 2023_12_15_run0 "," 8-90 km/s. Fe/pt olivine mix. IDEX FM. Det2500. Position 4 ",5," Iron "
8550581,20231215185944.012000000,20231215115944.012000000,1702666784012,1.025220E+4,9.017746E-17,2.157050E-15,1.398314E-7,2.197063E+0," IDEX "," 2023_12_15_run0 "," 8-90 km/s. Fe/pt olivine mix. IDEX FM. Det2500. Position 4 ",5," Iron "
8550587,20231215190003.706999999,20231215120003.706999999,1702666803707,9.769090E+3,7.375659E-18,1.601010E-16,6.069770E-8,2.198294E+0," IDEX "," 2023_12_15_run0 "," 8-90 km/s. Fe/pt olivine mix. IDEX FM. Det2500. Position 4 ",4," Iron "
8550588,20231215190004.834999999,20231215120004.834999999,1702666804835,8.351870E+3,3.172194E-16,5.032830E-15,2.126630E-7,2.198294E+0," IDEX "," 2023_12_15_run0 "," 8-90 km/s. Fe/pt olivine mix. IDEX FM. Det2500. Position 4 ",5," Iron "
8550589,20231215190006.658999999,20231215120006.658999999,1702666806659,2.076360E+4,2.537517E-18,2.488280E-16,4.253127E-8,2.198294E+0," IDEX "," 2023_12_15_run0 "," 8-90 km/s. Fe/pt olivine mix. IDEX FM. Det2500. Position 4 ",5," Iron "
8550593,20231215190017.685999999,20231215120017.685999999,1702666817686,1.186580E+4,6.149807E-18,1.969430E-16,5.712933E-8,2.198294E+0," IDEX "," 2023_12_15_run0 "," 8-90 km/s. Fe/pt olivine mix. IDEX FM. Det2500. Position 4 ",5," Iron "
8550594,20231215190017.895999999,20231215120017.895999999,1702666817896,8.210990E+3,7.147371E-17,1.096030E-15,1.294059E-7,2.198294E+0," IDEX "," 2023_12_15_run0 "," 8-90 km/s. Fe/pt olivine mix. IDEX FM. Det2500. Position 4 ",5," Iron "
8550603,20231215190054.018000000,20231215120054.018000000,1702666854018,1.029480E+4,7.859781E-18,1.894660E-16,6.199768E-8,2.198294E+0," IDEX "," 2023_12_15_run0 "," 8-90 km/s. Fe/pt olivine mix. IDEX FM. Det2500. Position 4 ",5," Iron "
8550604,20231215190054.112999999,20231215120054.112999999,1702666854113,1.856750E+4,3.069082E-18,2.403890E-16,4.531494E-8,2.200754E+0," IDEX "," 2023_12_15_run0 "," 8-90 km/s. Fe/pt olivine mix. IDEX FM. Det2500. Position 4 ",4," Iron "
8550605,20231215190055.334999999,20231215120055.334999999,1702666855335,1.825460E+4,5.916136E-18,4.479010E-16,5.639640E-8,2.200754E+0," IDEX "," 2023_12_15_run0 "," 8-90 km/s. Fe/pt olivine mix. IDEX FM. Det2500. Position 4 ",5," Iron "
8550606,20231215190058.297999999,20231215120058.297999999,1702666858298,1.163810E+4,4.505542E-18,1.386470E-16,5.150163E-8,2.200754E+0," IDEX "," 2023_12_15_run0 "," 8-90 km/s. Fe/pt olivine mix. IDEX FM. Det2500. Position 4 ",5," Iron "
8550609,20231215190103.402000000,20231215120103.402000000,1702666863402,9.773210E+3,8.446893E-18,1.834060E-16,6.350447E-8,2.199524E+0," IDEX "," 2023_12_15_run0 "," 8-90 km/s. Fe/pt olivine mix. IDEX FM. Det2500. Position 4 ",4," Iron "
8550610,20231215190104.013999999,20231215120104.013999999,1702666864014,8.860870E+3,1.822742E-17,3.253270E-16,8.206295E-8,2.199524E+0," IDEX "," 2023_12_15_run0 "," 8-90 km/s. Fe/pt olivine mix. IDEX FM. Det2500. Position 4 ",4," Iron "
8550611,20231215190110.032000000,20231215120110.032000000,1702666870032,3.228000E+4,1.009571E-18,2.390030E-16,3.128127E-8,2.200754E+0," IDEX "," 2023_12_15_run0 "," 8-90 km/s. Fe/pt olivine mix. IDEX FM. Det2500. Position 4 ",4," Iron "
8550613,20231215190110.441000000,20231215120110.441000000,1702666870441,1.113210E+4,5.138223E-18,1.446660E-16,5.380752E-8,2.200754E+0," IDEX "," 2023_12_15_run0 "," 8-90 km/s. Fe/pt olivine mix. IDEX FM. Det2500. Position 4 ",5," Iron "
8550619,20231215190121.047000000,20231215120121.047000000,1702666881047,8.280660E+3,1.230519E-17,1.920200E-16,7.198933E-8,2.197063E+0," IDEX "," 2023_12_15_run0 "," 8-90 km/s. Fe/pt olivine mix. IDEX FM. Det2500. Position 4 ",5," Iron "
8550621,20231215190122.591000000,20231215120122.591000000,1702666882591,7.932960E+3,1.746341E-17,2.501080E-16,8.089997E-8,2.197063E+0," IDEX "," 2023_12_15_run0 "," 8-90 km/s. Fe/pt olivine mix. IDEX FM. Det2500. Position 4 ",3," Iron "
8550622,20231215190125.038999999,20231215120125.038999999,1702666885039,9.503950E+3,3.436148E-17,7.063310E-16,1.013746E-7,2.197063E+0," IDEX "," 2023_12_15_run0 "," 8-90 km/s. Fe/pt olivine mix. IDEX FM. Det2500. Position 4 ",3," Iron "
8550624,20231215190134.629999999,20231215120134.629999999,1702666894630,1.119690E+4,4.025594E-18,1.148560E-16,4.960384E-8,2.197063E+0," IDEX "," 2023_12_15_run0 "," 8-90 km/s. Fe/pt olivine mix. IDEX FM. Det2500. Position 4 ",4," Iron "
8550625,20231215190136.462000000,20231215120136.462000000,1702666896462,1.095760E+4,1.053829E-17,2.879580E-16,6.836420E-8,2.197063E+0," IDEX "," 2023_12_15_run0 "," 8-90 km/s. Fe/pt olivine mix. IDEX FM. Det2500. Position 4 ",4," Iron "
8550627,20231215190141.049000000,20231215120141.049000000,1702666901049,2.323380E+4,2.984376E-18,3.666250E-16,4.489416E-8,2.197063E+0," IDEX "," 2023_12_15_run0 "," 8-90 km/s. Fe/pt olivine mix. IDEX FM. Det2500. Position 4 ",5," Iron "
8550634,20231215190152.685000000,20231215120152.685000000,1702666912685,1.284030E+4,2.186164E-17,8.202780E-16,8.718990E-8,2.197063E+0," IDEX "," 2023_12_15_run0 "," 8-90 km/s. Fe/pt olivine mix. IDEX FM. Det2500. Position 4 ",5," Iron "
8550635,20231215190153.399999999,20231215120153.399999999,1702666913400,2.333960E+4,2.321990E-18,2.878560E-16,4.129132E-8,2.197063E+0," IDEX "," 2023_12_15_run0 "," 8-90 km/s. Fe/pt olivine mix. IDEX FM. Det2500. Position 4 ",3," Iron "
8550636,20231215190200.956000000,20231215120200.956000000,1702666920956,9.040880E+3,9.328575E-18,1.734290E-16,6.564129E-8,2.198294E+0," IDEX "," 2023_12_15_run0 "," 8-90 km/s. Fe/pt olivine mix. IDEX FM. Det2500. Position 4 ",4," Iron "
8550639,20231215190207.891999999,20231215120207.891999999,1702666927892,1.429760E+4,5.100404E-18,2.371460E-16,5.367518E-8,2.198294E+0," IDEX "," 2023_12_15_run0 "," 8-90 km/s. Fe/pt olivine mix. IDEX FM. Det2500. Position 4 ",5," Iron "
8550649,20231215190231.868000000,20231215120231.868000000,1702666951868,1.506630E+4,4.980975E-18,2.568780E-16,5.325292E-8,2.200754E+0," IDEX "," 2023_12_15_run0 "," 8-90 km/s. Fe/pt olivine mix. IDEX FM. Det2500. Position 4 ",5," Iron "
8550654,20231215190243.609000000,20231215120243.609000000,1702666963609,1.236750E+4,7.454911E-18,2.592080E-16,6.091433E-8,2.199524E+0," IDEX "," 2023_12_15_run0 "," 8-90 km/s. Fe/pt olivine mix. IDEX FM. Det2500. Position 4 ",5," Iron "
8550655,20231215190244.324000000,20231215120244.324000000,1702666964324,1.564370E+4,3.121952E-18,1.736790E-16,4.557368E-8,2.199524E+0," IDEX "," 2023_12_15_run0 "," 8-90 km/s. Fe/pt olivine mix. IDEX FM. Det2500. Position 4 ",3," Iron "
8550656,20231215190246.462000000,20231215120246.462000000,1702666966462,1.724390E+4,2.977100E-18,2.013490E-16,4.485765E-8,2.198294E+0," IDEX "," 2023_12_15_run0 "," 8-90 km/s. Fe/pt olivine mix. IDEX FM. Det2500. Position 4 ",5," Iron "
8550659,20231215190251.658000000,20231215120251.658000000,1702666971658,9.866130E+3,1.098863E-17,2.434250E-16,6.932446E-8,2.197063E+0," IDEX "," 2023_12_15_run0 "," 8-90 km/s. Fe/pt olivine mix. IDEX FM. Det2500. Position 4 ",4," Iron "
8550664,20231215190304.209999999,20231215120304.209999999,1702666984210,1.210590E+4,4.689517E-18,1.562300E-16,5.219329E-8,2.199524E+0," IDEX "," 2023_12_15_run0 "," 8-90 km/s. Fe/pt olivine mix. IDEX FM. Det2500. Position 4 ",3," Iron "
8550666,20231215190306.152999999,20231215120306.152999999,1702666986153,8.441270E+3,1.436838E-17,2.327370E-16,7.580676E-8,2.199524E+0," IDEX "," 2023_12_15_run0 "," 8-90 km/s. Fe/pt olivine mix. IDEX FM. Det2500. Position 4 ",5," Iron "
8550668,20231215190308.398000000,20231215120308.398000000,1702666988398,1.141410E+4,7.219290E-18,2.138060E-16,6.026569E-8,2.199524E+0," IDEX "," 2023_12_15_run0 "," 8-90 km/s. Fe/pt olivine mix. IDEX FM. Det2500. Position 4 ",5," Iron "
8550670,20231215190313.194000000,20231215120313.194000000,1702666993194,1.382200E+4,3.987692E-18,1.733770E-16,4.944767E-8,2.197063E+0," IDEX "," 2023_12_15_run0 "," 8-90 km/s. Fe/pt olivine mix. IDEX FM. Det2500. Position 4 ",4," Iron "
8550671,20231215190318.290999999,20231215120318.290999999,1702666998291,1.363420E+4,4.262281E-18,1.803140E-16,5.055755E-8,2.197063E+0," IDEX "," 2023_12_15_run0 "," 8-90 km/s. Fe/pt olivine mix. IDEX FM. Det2500. Position 4 ",4," Iron "
8550672,20231215190325.955000000,20231215120325.955000000,1702667005955,8.406890E+3,2.173488E-17,3.493920E-16,8.702107E-8,2.198294E+0," IDEX "," 2023_12_15_run0 "," 8-90 km/s. Fe/pt olivine mix. IDEX FM. Det2500. Position 4 ",4," Iron "
8550673,20231215190329.930000000,20231215120329.930000000,1702667009930,1.076030E+4,1.636300E-17,4.309200E-16,7.916374E-8,2.198294E+0," IDEX "," 2023_12_15_run0 "," 8-90 km/s. Fe/pt olivine mix. IDEX FM. Det2500. Position 4 ",5," Iron "
8550674,20231215190331.870000000,20231215120331.870000000,1702667011870,1.646830E+4,1.847989E-18,1.139940E-16,3.826530E-8,2.198294E+0," IDEX "," 2023_12_15_run0 "," 8-90 km/s. Fe/pt olivine mix. IDEX FM. Det2500. Position 4 ",3," Iron "
8550675,20231215190335.754999999,20231215120335.754999999,1702667015755,8.708810E+3,9.761593E-18,1.684870E-16,6.664163E-8,2.197063E+0," IDEX "," 2023_12_15_run0 "," 8-90 km/s. Fe/pt olivine mix. IDEX FM. Det2500. Position 4 ",5," Iron "
8550679,20231215190344.219000000,20231215120344.219000000,1702667024219,8.655660E+3,1.754306E-17,2.991120E-16,8.102278E-8,2.197063E+0," IDEX "," 2023_12_15_run0 "," 8-90 km/s. Fe/pt olivine mix. IDEX FM. Det2500. Position 4 ",5," Iron "
8550682,20231215190350.743000000,20231215120350.743000000,1702667030743,1.268290E+4,4.619395E-18,1.690080E-16,5.193184E-8,2.198294E+0," IDEX "," 2023_12_15_run0 "," 8-90 km/s. Fe/pt olivine mix. IDEX FM. Det2500. Position 4 ",3," Iron "
8550687,20231215190403.506000000,20231215120403.506000000,1702667043506,9.425120E+3,9.252265E-18,1.869420E-16,6.546181E-8,2.198294E+0," IDEX "," 2023_12_15_run0 "," 8-90 km/s. Fe/pt olivine mix. IDEX FM. Det2500. Position 4 ",5," Iron "
8550689,20231215190410.844999999,20231215120410.844999999,1702667050845,2.924640E+4,1.909012E-18,3.716050E-16,3.868194E-8,2.197063E+0," IDEX "," 2023_12_15_run0 "," 8-90 km/s. Fe/pt olivine mix. IDEX FM. Det2500. Position 4 ",5," Iron "
8550693,20231215190418.294999999,20231215120418.294999999,1702667058295,1.018490E+4,1.003094E-17,2.365360E-16,6.724900E-8,2.199524E+0," IDEX "," 2023_12_15_run0 "," 8-90 km/s. Fe/pt olivine mix. IDEX FM. Det2500. Position 4 ",5," Iron "
8550694,20231215190419.935000000,20231215120419.935000000,1702667059935,8.275090E+3,1.793622E-17,2.792020E-16,8.162358E-8,2.199524E+0," IDEX "," 2023_12_15_run0 "," 8-90 km/s. Fe/pt olivine mix. IDEX FM. Det2500. Position 4 ",5," Iron "
8550697,20231215190426.875000000,20231215120426.875000000,1702667066875,1.050650E+4,2.143279E-17,5.381210E-16,8.661603E-8,2.198294E+0," IDEX "," 2023_12_15_run0 "," 8-90 km/s. Fe/pt olivine mix. IDEX FM. Det2500. Position 4 ",5," Iron "
8550702,20231215190431.362999999,20231215120431.362999999,1702667071363,1.102840E+4,1.078887E-17,2.986270E-16,6.890181E-8,2.197063E+0," IDEX "," 2023_12_15_run0 "," 8-90 km/s. Fe/pt olivine mix. IDEX FM. Det2500. Position 4 ",4," Iron "
8550706,20231215190452.790000000,20231215120452.790000000,1702667092790,1.028350E+4,1.374626E-17,3.308220E-16,7.469648E-8,2.197063E+0," IDEX "," 2023_12_15_run0 "," 8-90 km/s. Fe/pt olivine mix. IDEX FM. Det2500. Position 4 ",5," Iron "
8550710,20231215190501.973999999,20231215120501.973999999,1702667101974,1.542520E+4,2.151586E-17,1.165060E-15,8.672777E-8,2.197063E+0," IDEX "," 2023_12_15_run0 "," 8-90 km/s. Fe/pt olivine mix. IDEX FM. Det2500. Position 4 ",5," Iron "
8550711,20231215190502.179000000,20231215120502.179000000,1702667102179,1.139100E+4,8.199712E-18,2.421310E-16,6.287889E-8,2.197063E+0," IDEX "," 2023_12_15_run0 "," 8-90 km/s. Fe/pt olivine mix. IDEX FM. Det2500. Position 4 ",3," Iron "
8550714,20231215190510.331000000,20231215120510.331000000,1702667110331,1.186220E+4,5.287420E-18,1.692230E-16,5.432336E-8,2.198294E+0," IDEX "," 2023_12_15_run0 "," 8-90 km/s. Fe/pt olivine mix. IDEX FM. Det2500. Position 4 ",5," Iron "
8550715,20231215190511.558999999,20231215120511.558999999,1702667111559,1.704420E+4,5.017044E-18,3.315020E-16,5.338115E-8,2.198294E+0," IDEX "," 2023_12_15_run0 "," 8-90 km/s. Fe/pt olivine mix. IDEX FM. Det2500. Position 4 ",5," Iron "
8550721,20231215190533.706000000,20231215120533.706000000,1702667133706,8.785260E+3,7.978792E-18,1.401440E-16,6.230903E-8,2.197063E+0," IDEX "," 2023_12_15_run0 "," 8-90 km/s. Fe/pt olivine mix. IDEX FM. Det2500. Position 4 ",4," Iron "
8550727,20231215190547.993999999,20231215120547.993999999,1702667147994,1.549980E+4,9.407136E-18,5.143250E-16,6.582504E-8,2.197063E+0," IDEX "," 2023_12_15_run0 "," 8-90 km/s. Fe/pt olivine mix. IDEX FM. Det2500. Position 4 ",3," Iron "
8550730,20231215190553.402000000,20231215120553.402000000,1702667153402,9.637520E+3,1.934478E-17,4.089050E-16,8.370665E-8,2.197063E+0," IDEX "," 2023_12_15_run0 "," 8-90 km/s. Fe/pt olivine mix. IDEX FM. Det2500. Position 4 ",5," Iron "
8550733,20231215190602.790999999,20231215120602.790999999,1702667162791,8.971970E+3,1.117105E-17,2.047580E-16,6.970598E-8,2.195833E+0," IDEX "," 2023_12_15_run0 "," 8-90 km/s. Fe/pt olivine mix. IDEX FM. Det2500. Position 4 ",4," Iron "
8550734,20231215190616.287000000,20231215120616.287000000,1702667176287,1.115260E+4,7.614608E-18,2.155400E-16,6.134623E-8,2.197063E+0," IDEX "," 2023_12_15_run0 "," 8-90 km/s. Fe/pt olivine mix. IDEX FM. Det2500. Position 4 ",4," Iron "
8550735,20231215190617.378999999,20231215120617.378999999,1702667177379,1.668850E+4,2.507324E-18,1.589180E-16,4.236190E-8,2.197063E+0," IDEX "," 2023_12_15_run0 "," 8-90 km/s. Fe/pt olivine mix. IDEX FM. Det2500. Position 4 ",4," Iron "
8550736,20231215190618.189999999,20231215120618.189999999,1702667178190,1.546940E+4,9.119857E-18,4.961090E-16,6.514804E-8,2.199524E+0," IDEX "," 2023_12_15_run0 "," 8-90 km/s. Fe/pt olivine mix. IDEX FM. Det2500. Position 4 ",5," Iron "
8550739,20231215190623.702999999,20231215120623.702999999,1702667183703,1.719210E+4,3.063689E-18,2.058470E-16,4.528839E-8,2.199524E+0," IDEX "," 2023_12_15_run0 "," 8-90 km/s. Fe/pt olivine mix. IDEX FM. Det2500. Position 4 ",5," Iron "
8550740,20231215190624.114999999,20231215120624.114999999,1702667184115,1.956240E+4,3.573592E-18,3.108790E-16,4.767313E-8,2.199524E+0," IDEX "," 2023_12_15_run0 "," 8-90 km/s. Fe/pt olivine mix. IDEX FM. Det2500. Position 4 ",3," Iron "
8550741,20231215190631.768000000,20231215120631.768000000,1702667191768,2.377160E+4,2.787813E-18,3.585160E-16,4.388605E-8,2.197063E+0," IDEX "," 2023_12_15_run0 "," 8-90 km/s. Fe/pt olivine mix. IDEX FM. Det2500. Position 4 ",5," Iron "
8550745,20231215190646.351999999,20231215120646.351999999,1702667206352,9.468810E+3,1.108823E-17,2.259930E-16,6.953328E-8,2.199524E+0," IDEX "," 2023_12_15_run0 "," 8-90 km/s. Fe/pt olivine mix. IDEX FM. Det2500. Position 4 ",5," Iron "
8550748,20231215190653.293999999,20231215120653.293999999,1702667213294,1.346420E+4,1.189220E-17,4.906270E-16,7.117477E-8,2.197063E+0," IDEX "," 2023_12_15_run0 "," 8-90 km/s. Fe/pt olivine mix. IDEX FM. Det2500. Position 4 ",5," Iron "
8550753,20231215190700.842999999,20231215120700.842999999,1702667220843,1.260310E+4,2.244229E-17,8.098810E-16,8.795511E-8,2.200754E+0," IDEX "," 2023_12_15_run0 "," 8-90 km/s. Fe/pt olivine mix. IDEX FM. Det2500. Position 4 ",5," Iron "
8550754,20231215190700.947999999,20231215120700.947999999,1702667220948,1.592680E+4,1.018387E-17,5.869070E-16,6.758904E-8,2.200754E+0," IDEX "," 2023_12_15_run0 "," 8-90 km/s. Fe/pt olivine mix. IDEX FM. Det2500. Position 4 ",5," Iron "
8550757,20231215190712.180000000,20231215120712.180000000,1702667232180,1.190270E+4,1.104732E-17,3.559860E-16,6.944767E-8,2.198294E+0," IDEX "," 2023_12_15_run0 "," 8-90 km/s. Fe/pt olivine mix. IDEX FM. Det2500. Position 4 ",5," Iron "
8550758,20231215190720.956000000,20231215120720.956000000,1702667240956,1.324310E+4,6.670164E-18,2.660730E-16,5.869721E-8,2.198294E+0," IDEX "," 2023_12_15_run0 "," 8-90 km/s. Fe/pt olivine mix. IDEX FM. Det2500. Position 4 ",3," Iron "
8550759,20231215190721.768000000,20231215120721.768000000,1702667241768,1.008210E+4,9.249974E-18,2.138590E-16,6.545640E-8,2.198294E+0," IDEX "," 2023_12_15_run0 "," 8-90 km/s. Fe/pt olivine mix. IDEX FM. Det2500. Position 4 ",5," Iron "
8550762,20231215190725.231000000,20231215120725.231000000,1702667245231,1.521160E+4,3.590735E-18,1.889810E-16,4.774924E-8,2.198294E+0," IDEX "," 2023_12_15_run0 "," 8-90 km/s. Fe/pt olivine mix. IDEX FM. Det2500. Position 4 ",4," Iron "
8550763,20231215190725.540000000,20231215120725.540000000,1702667245540,8.256040E+3,1.859553E-17,2.882950E-16,8.261168E-8,2.198294E+0," IDEX "," 2023_12_15_run0 "," 8-90 km/s. Fe/pt olivine mix. IDEX FM. Det2500. Position 4 ",5," Iron "
8550767,20231215190737.123999999,20231215120737.123999999,1702667257124,1.135980E+4,9.147646E-18,2.686450E-16,6.521414E-8,2.197063E+0," IDEX "," 2023_12_15_run0 "," 8-90 km/s. Fe/pt olivine mix. IDEX FM. Det2500. Position 4 ",5," Iron "
8550770,20231215190743.600000000,20231215120743.600000000,1702667263600,9.731960E+3,1.044250E-17,2.250780E-16,6.815642E-8,2.197063E+0," IDEX "," 2023_12_15_run0 "," 8-90 km/s. Fe/pt olivine mix. IDEX FM. Det2500. Position 4 ",5," Iron "
8550772,20231215190759.419999999,20231215120759.419999999,1702667279420,9.100560E+3,1.391635E-17,2.621480E-16,7.500331E-8,2.198294E+0," IDEX "," 2023_12_15_run0 "," 8-90 km/s. Fe/pt olivine mix. IDEX FM. Det2500. Position 4 ",4," Iron "
8550775,20231215190807.788999999,20231215120807.788999999,1702667287789,8.500410E+3,1.088050E-17,1.787190E-16,6.909632E-8,2.199524E+0," IDEX "," 2023_12_15_run0 "," 8-90 km/s. Fe/pt olivine mix. IDEX FM. Det2500. Position 4 ",4," Iron "
8550778,20231215190819.925999999,20231215120819.925999999,1702667299926,1.942170E+4,2.570287E-18,2.202700E-16,4.271357E-8,2.200754E+0," IDEX "," 2023_12_15_run0 "," 8-90 km/s. Fe/pt olivine mix. IDEX FM. Det2500. Position 4 ",3," Iron "
8550779,20231215190820.641999999,20231215120820.641999999,1702667300642,8.978910E+3,2.200509E-17,4.030600E-16,8.738020E-8,2.200754E+0," IDEX "," 2023_12_15_run0 "," 8-90 km/s. Fe/pt olivine mix. IDEX FM. Det2500. Position 4 ",5," Iron "
8550780,20231215190826.966999999,20231215120826.966999999,1702667306967,1.498780E+4,4.524638E-18,2.311770E-16,5.157429E-8,2.198294E+0," IDEX "," 2023_12_15_run0 "," 8-90 km/s. Fe/pt olivine mix. IDEX FM. Det2500. Position 4 ",3," Iron "
8550782,20231215190834.728000000,20231215120834.728000000,1702667314728,1.241580E+4,5.706521E-18,2.000810E-16,5.572231E-8,2.198294E+0," IDEX "," 2023_12_15_run0 "," 8-90 km/s. Fe/pt olivine mix. IDEX FM. Det2500. Position 4 ",4," Iron "
8550786,20231215190844.421000000,20231215120844.421000000,1702667324421,1.326000E+4,1.007649E-17,4.029780E-16,6.735064E-8,2.198294E+0," IDEX "," 2023_12_15_run0 "," 8-90 km/s. Fe/pt olivine mix. IDEX FM. Det2500. Position 4 ",5," Iron "
8550787,20231215190846.041999999,20231215120846.041999999,1702667326042,1.954300E+4,6.890321E-18,5.985590E-16,5.933603E-8,2.198294E+0," IDEX "," 2023_12_15_run0 "," 8-90 km/s. Fe/pt olivine mix. IDEX FM. Det2500. Position 4 ",5," Iron "
8550790,20231215190852.270000000,20231215120852.270000000,1702667332270,1.369720E+4,4.069103E-18,1.736390E-16,4.978191E-8,2.198294E+0," IDEX "," 2023_12_15_run0 "," 8-90 km/s. Fe/pt olivine mix. IDEX FM. Det2500. Position 4 ",4," Iron "
8550793,20231215190913.098999999,20231215120913.098999999,1702667353099,9.382730E+3,1.181619E-17,2.364710E-16,7.102280E-8,2.199524E+0," IDEX "," 2023_12_15_run0 "," 8-90 km/s. Fe/pt olivine mix. IDEX FM. Det2500. Position 4 ",3," Iron "
8550797,20231215190942.785999999,20231215120942.785999999,1702667382786,1.302140E+4,1.753876E-17,6.767720E-16,8.101615E-8,2.197063E+0," IDEX "," 2023_12_15_run0 "," 8-90 km/s. Fe/pt olivine mix. IDEX FM. Det2500. Position 4 ",5," Iron "
8550798,20231215190945.439000000,20231215120945.439000000,1702667385439,8.494920E+3,3.472694E-17,5.696750E-16,1.017328E-7,2.199524E+0," IDEX "," 2023_12_15_run0 "," 8-90 km/s. Fe/pt olivine mix. IDEX FM. Det2500. Position 4 ",5," Iron "
8550800,20231215190948.807999999,20231215120948.807999999,1702667388808,9.440240E+3,1.718835E-17,3.482110E-16,8.047298E-8,2.199524E+0," IDEX "," 2023_12_15_run0 "," 8-90 km/s. Fe/pt olivine mix. IDEX FM. Det2500. Position 4 ",5," Iron "
8550801,20231215190953.496999999,20231215120953.496999999,1702667393497,9.021020E+3,1.038098E-17,1.920400E-16,6.802232E-8,2.199524E+0," IDEX "," 2023_12_15_run0 "," 8-90 km/s. Fe/pt olivine mix. IDEX FM. Det2500. Position 4 ",5," Iron "
8550803,20231215190957.878999999,20231215120957.878999999,1702667397879,1.877170E+4,2.417717E-18,1.937750E-16,4.185113E-8,2.198294E+0," IDEX "," 2023_12_15_run0 "," 8-90 km/s. Fe/pt olivine mix. IDEX FM. Det2500. Position 4 ",4," Iron "
8550804,20231215190959.827999999,20231215120959.827999999,1702667399828,9.665400E+3,9.190277E-18,1.952780E-16,6.531529E-8,2.198294E+0," IDEX "," 2023_12_15_run0 "," 8-90 km/s. Fe/pt olivine mix. IDEX FM. Det2500. Position 4 ",4," Iron "
8550805,20231215191004.825999999,20231215121004.825999999,1702667404826,1.617240E+4,1.815170E-18,1.079820E-16,3.803742E-8,2.198294E+0," IDEX "," 2023_12_15_run0 "," 8-90 km/s. Fe/pt olivine mix. IDEX FM. Det2500. Position 4 ",4," Iron "
8550807,20231215191006.864999999,20231215121006.864999999,1702667406865,1.815880E+4,5.832972E-18,4.374710E-16,5.613089E-8,2.198294E+0," IDEX "," 2023_12_15_run0 "," 8-90 km/s. Fe/pt olivine mix. IDEX FM. Det2500. Position 4 ",3," Iron "
8550811,20231215191012.371999999,20231215121012.371999999,1702667412372,1.390140E+4,7.503472E-18,3.296260E-16,6.104631E-8,2.199524E+0," IDEX "," 2023_12_15_run0 "," 8-90 km/s. Fe/pt olivine mix. IDEX FM. Det2500. Position 4 ",5," Iron "
8550813,20231215191023.609000000,20231215121023.609000000,1702667423609,8.049400E+3,1.599385E-17,2.359670E-16,7.856389E-8,2.195833E+0," IDEX "," 2023_12_15_run0 "," 8-90 km/s. Fe/pt olivine mix. IDEX FM. Det2500. Position 4 ",5," Iron "
8550814,20231215191024.111999999,20231215121024.111999999,1702667424112,8.423050E+3,1.116037E-17,1.802970E-16,6.968374E-8,2.195833E+0," IDEX "," 2023_12_15_run0 "," 8-90 km/s. Fe/pt olivine mix. IDEX FM. Det2500. Position 4 ",3," Iron "
8550815,20231215191024.925999999,20231215121024.925999999,1702667424926,9.338730E+3,8.684835E-18,1.724680E-16,6.409525E-8,2.195833E+0," IDEX "," 2023_12_15_run0 "," 8-90 km/s. Fe/pt olivine mix. IDEX FM. Det2500. Position 4 ",4," Iron "
8550817,20231215191034.316000000,20231215121034.316000000,1702667434316,1.451130E+4,3.390735E-18,1.625840E-16,4.684572E-8,2.195833E+0," IDEX "," 2023_12_15_run0 "," 8-90 km/s. Fe/pt olivine mix. IDEX FM. Det2500. Position 4 ",5," Iron "
8550821,20231215191044.927000000,20231215121044.927000000,1702667444927,2.368310E+4,3.296056E-18,4.200210E-16,4.640558E-8,2.200754E+0," IDEX "," 2023_12_15_run0 "," 8-90 km/s. Fe/pt olivine mix. IDEX FM. Det2500. Position 4 ",5," Iron "
8550824,20231215191059.112999999,20231215121059.112999999,1702667459113,1.457560E+4,3.798688E-18,1.836600E-16,4.865377E-8,2.197063E+0," IDEX "," 2023_12_15_run0 "," 8-90 km/s. Fe/pt olivine mix. IDEX FM. Det2500. Position 4 ",3," Iron "
8550826,20231215191102.376000000,20231215121102.376000000,1702667462376,9.009890E+3,1.691451E-17,3.126580E-16,8.004332E-8,2.195833E+0," IDEX "," 2023_12_15_run0 "," 8-90 km/s. Fe/pt olivine mix. IDEX FM. Det2500. Position 4 ",3," Iron "
8550827,20231215191105.140000000,20231215121105.140000000,1702667465140,1.670060E+4,3.427025E-18,2.176470E-16,4.701226E-8,2.195833E+0," IDEX "," 2023_12_15_run0 "," 8-90 km/s. Fe/pt olivine mix. IDEX FM. Det2500. Position 4 ",5," Iron "
8550828,20231215191105.729999999,20231215121105.729999999,1702667465730,1.031930E+4,1.170813E-17,2.838960E-16,7.080564E-8,2.195833E+0," IDEX "," 2023_12_15_run0 "," 8-90 km/s. Fe/pt olivine mix. IDEX FM. Det2500. Position 4 ",3," Iron "
8550833,20231215191113.356000000,20231215121113.356000000,1702667473356,1.077290E+4,6.726550E-18,1.775590E-16,5.886215E-8,2.198294E+0," IDEX "," 2023_12_15_run0 "," 8-90 km/s. Fe/pt olivine mix. IDEX FM. Det2500. Position 4 ",5," Iron "
8550835,20231215191114.345999999,20231215121114.345999999,1702667474346,1.098390E+4,7.769537E-18,2.132030E-16,6.175949E-8,2.198294E+0," IDEX "," 2023_12_15_run0 "," 8-90 km/s. Fe/pt olivine mix. IDEX FM. Det2500. Position 4 ",4," Iron "
8550840,20231215191126.219000000,20231215121126.219000000,1702667486219,1.064780E+4,8.389344E-18,2.162170E-16,6.335993E-8,2.199524E+0," IDEX "," 2023_12_15_run0 "," 8-90 km/s. Fe/pt olivine mix. IDEX FM. Det2500. Position 4 ",3," Iron "
8550846,20231215191139.300000000,20231215121139.300000000,1702667499300,9.471530E+3,5.499726E-17,1.122190E-15,1.185821E-7,2.198294E+0," IDEX "," 2023_12_15_run0 "," 8-90 km/s. Fe/pt olivine mix. IDEX FM. Det2500. Position 4 ",5," Iron "
8550847,20231215191142.765000000,20231215121142.765000000,1702667502765,1.303690E+4,2.277297E-17,8.803460E-16,8.838500E-8,2.198294E+0," IDEX "," 2023_12_15_run0 "," 8-90 km/s. Fe/pt olivine mix. IDEX FM. Det2500. Position 4 ",5," Iron "
8550850,20231215191147.816000000,20231215121147.816000000,1702667507816,9.286610E+3,1.204052E-17,2.363130E-16,7.146944E-8,2.197063E+0," IDEX "," 2023_12_15_run0 "," 8-90 km/s. Fe/pt olivine mix. IDEX FM. Det2500. Position 4 ",3," Iron "
8550853,20231215191149.010999999,20231215121149.010999999,1702667509011,1.707070E+4,3.287876E-18,2.180450E-16,4.636716E-8,2.197063E+0," IDEX "," 2023_12_15_run0 "," 8-90 km/s. Fe/pt olivine mix. IDEX FM. Det2500. Position 4 ",3," Iron "
8550854,20231215191154.154000000,20231215121154.154000000,1702667514154,9.663270E+3,1.164202E-17,2.469880E-16,7.067212E-8,2.200754E+0," IDEX "," 2023_12_15_run0 "," 8-90 km/s. Fe/pt olivine mix. IDEX FM. Det2500. Position 4 ",4," Iron "
8550858,20231215191157.518000000,20231215121157.518000000,1702667517518,1.329220E+4,4.395332E-18,1.764350E-16,5.107823E-8,2.200754E+0," IDEX "," 2023_12_15_run0 "," 8-90 km/s. Fe/pt olivine mix. IDEX FM. Det2500. Position 4 ",3," Iron "
8550859,20231215191158.402999999,20231215121158.402999999,1702667518403,9.374260E+3,1.040582E-17,2.077540E-16,6.807652E-8,2.200754E+0," IDEX "," 2023_12_15_run0 "," 8-90 km/s. Fe/pt olivine mix. IDEX FM. Det2500. Position 4 ",4," Iron "
8550862,20231215191213.158000000,20231215121213.158000000,1702667533158,5.941830E+4,1.012529E-18,8.126250E-16,3.131179E-8,2.199524E+0," IDEX "," 2023_12_15_run0 "," 8-90 km/s. Fe/pt olivine mix. IDEX FM. Det2500. Position 4 ",5," Iron "
8550863,20231215191213.746000000,20231215121213.746000000,1702667533746,1.331510E+4,2.683016E-17,1.081320E-15,9.334974E-8,2.199524E+0," IDEX "," 2023_12_15_run0 "," 8-90 km/s. Fe/pt olivine mix. IDEX FM. Det2500. Position 4 ",5," Iron "
8550869,20231215191225.239999999,20231215121225.239999999,1702667545240,1.027970E+4,6.830597E-18,1.642660E-16,5.916409E-8,2.197063E+0," IDEX "," 2023_12_15_run0 "," 8-90 km/s. Fe/pt olivine mix. IDEX FM. Det2500. Position 4 ",4," Iron "
8550877,20231215191235.527999999,20231215121235.527999999,1702667555528,1.407160E+4,2.523133E-17,1.136350E-15,9.145737E-8,2.198294E+0," IDEX "," 2023_12_15_run0 "," 8-90 km/s. Fe/pt olivine mix. IDEX FM. Det2500. Position 4 ",5," Iron "
8550878,20231215191236.234000000,20231215121236.234000000,1702667556234,1.000660E+4,9.188979E-18,2.093960E-16,6.531221E-8,2.197063E+0," IDEX "," 2023_12_15_run0 "," 8-90 km/s. Fe/pt olivine mix. IDEX FM. Det2500. Position 4 ",4," Iron "
8550879,20231215191243.648999999,20231215121243.648999999,1702667563649,4.705810E+4,2.019838E-18,1.017350E-15,3.941645E-8,2.198294E+0," IDEX "," 2023_12_15_run0 "," 8-90 km/s. Fe/pt olivine mix. IDEX FM. Det2500. Position 4 ",5," Iron "
8550880,20231215191244.050999999,20231215121244.050999999,1702667564051,1.096100E+4,6.561413E-18,1.793010E-16,5.837646E-8,2.198294E+0," IDEX "," 2023_12_15_run0 "," 8-90 km/s. Fe/pt olivine mix. IDEX FM. Det2500. Position 4 ",3," Iron "
8550882,20231215191247.010999999,20231215121247.010999999,1702667567011,1.163160E+4,6.055716E-18,1.863500E-16,5.683648E-8,2.198294E+0," IDEX "," 2023_12_15_run0 "," 8-90 km/s. Fe/pt olivine mix. IDEX FM. Det2500. Position 4 ",5," Iron "
8550885,20231215191255.140000000,20231215121255.140000000,1702667575140,1.356750E+4,5.432376E-17,2.274440E-15,1.180960E-7,2.198294E+0," IDEX "," 2023_12_15_run0 "," 8-90 km/s. Fe/pt olivine mix. IDEX FM. Det2500. Position 4 ",5," Iron "
8550886,20231215191256.515999999,20231215121256.515999999,1702667576516,9.769570E+3,4.659169E-18,1.011450E-16,5.208046E-8,2.198294E+0," IDEX "," 2023_12_15_run0 "," 8-90 km/s. Fe/pt olivine mix. IDEX FM. Det2500. Position 4 ",4," Iron "
8550888,20231215191303.260000000,20231215121303.260000000,1702667583260,9.062490E+3,1.600679E-17,2.990090E-16,7.858507E-8,2.198294E+0," IDEX "," 2023_12_15_run0 "," 8-90 km/s. Fe/pt olivine mix. IDEX FM. Det2500. Position 4 ",5," Iron "
8550893,20231215191315.032000000,20231215121315.032000000,1702667595032,1.256530E+4,4.018661E-18,1.443960E-16,4.957535E-8,2.197063E+0," IDEX "," 2023_12_15_run0 "," 8-90 km/s. Fe/pt olivine mix. IDEX FM. Det2500. Position 4 ",5," Iron "
8550896,20231215191321.864000000,20231215121321.864000000,1702667601864,1.726430E+4,6.684471E-18,4.529050E-16,5.873915E-8,2.199524E+0," IDEX "," 2023_12_15_run0 "," 8-90 km/s. Fe/pt olivine mix. IDEX FM. Det2500. Position 4 ",5," Iron "
8550899,20231215191327.020000000,20231215121327.020000000,1702667607020,1.152520E+4,1.321531E-17,3.990400E-16,7.372211E-8,2.199524E+0," IDEX "," 2023_12_15_run0 "," 8-90 km/s. Fe/pt olivine mix. IDEX FM. Det2500. Position 4 ",3," Iron "
8550903,20231215191337.512000000,20231215121337.512000000,1702667617512,1.029070E+4,8.585616E-18,2.067980E-16,6.385023E-8,2.198294E+0," IDEX "," 2023_12_15_run0 "," 8-90 km/s. Fe/pt olivine mix. IDEX FM. Det2500. Position 4 ",4," Iron "
8550910,20231215191352.950999999,20231215121352.950999999,1702667632951,1.063690E+4,5.871736E-18,1.511060E-16,5.625496E-8,2.198294E+0," IDEX "," 2023_12_15_run0 "," 8-90 km/s. Fe/pt olivine mix. IDEX FM. Det2500. Position 4 ",5," Iron "
8550911,20231215191353.057999999,20231215121353.057999999,1702667633058,9.130060E+3,8.557399E-18,1.622460E-16,6.378021E-8,2.198294E+0," IDEX "," 2023_12_15_run0 "," 8-90 km/s. Fe/pt olivine mix. IDEX FM. Det2500. Position 4 ",5," Iron "
8550912,20231215191354.442000000,20231215121354.442000000,1702667634442,8.565590E+3,1.286387E-17,2.146700E-16,7.306274E-8,2.198294E+0," IDEX "," 2023_12_15_run0 "," 8-90 km/s. Fe/pt olivine mix. IDEX FM. Det2500. Position 4 ",5," Iron "
8550913,20231215191355.438000000,20231215121355.438000000,1702667635438,1.511890E+4,4.619809E-18,2.401870E-16,5.193339E-8,2.198294E+0," IDEX "," 2023_12_15_run0 "," 8-90 km/s. Fe/pt olivine mix. IDEX FM. Det2500. Position 4 ",5," Iron "
8550914,20231215191357.513999999,20231215121357.513999999,1702667637514,8.875830E+3,2.244695E-17,4.019920E-16,8.796119E-8,2.199524E+0," IDEX "," 2023_12_15_run0 "," 8-90 km/s. Fe/pt olivine mix. IDEX FM. Det2500. Position 4 ",5," Iron "
8550916,20231215191358.998999999,20231215121358.998999999,1702667638999,1.383700E+4,4.732408E-18,2.059720E-16,5.235193E-8,2.199524E+0," IDEX "," 2023_12_15_run0 "," 8-90 km/s. Fe/pt olivine mix. IDEX FM. Det2500. Position 4 ",4," Iron "
8550918,20231215191401.080000000,20231215121401.080000000,1702667641080,1.050370E+4,1.236485E-17,3.104570E-16,7.210547E-8,2.197063E+0," IDEX "," 2023_12_15_run0 "," 8-90 km/s. Fe/pt olivine mix. IDEX FM. Det2500. Position 4 ",5," Iron "
8550926,20231215191419.790000000,20231215121419.790000000,1702667659790,1.038510E+4,2.268432E-17,5.570810E-16,8.827016E-8,2.195833E+0," IDEX "," 2023_12_15_run0 "," 8-90 km/s. Fe/pt olivine mix. IDEX FM. Det2500. Position 4 ",5," Iron "
8550930,20231215191432.464000000,20231215121432.464000000,1702667672464,1.009550E+4,1.077361E-17,2.497480E-16,6.886932E-8,2.198294E+0," IDEX "," 2023_12_15_run0 "," 8-90 km/s. Fe/pt olivine mix. IDEX FM. Det2500. Position 4 ",4," Iron "
8550932,20231215191437.614000000,20231215121437.614000000,1702667677614,2.186910E+4,1.840053E-18,2.000480E-16,3.821044E-8,2.199524E+0," IDEX "," 2023_12_15_run0 "," 8-90 km/s. Fe/pt olivine mix. IDEX FM. Det2500. Position 4 ",3," Iron "
8550935,20231215191447.615999999,20231215121447.615999999,1702667687616,1.210030E+4,3.797549E-18,1.264680E-16,4.864891E-8,2.198294E+0," IDEX "," 2023_12_15_run0 "," 8-90 km/s. Fe/pt olivine mix. IDEX FM. Det2500. Position 4 ",3," Iron "
8550936,20231215191449.192999999,20231215121449.192999999,1702667689193,2.439820E+4,2.947136E-18,3.992490E-16,4.470664E-8,2.197063E+0," IDEX "," 2023_12_15_run0 "," 8-90 km/s. Fe/pt olivine mix. IDEX FM. Det2500. Position 4 ",5," Iron "
8550937,20231215191449.385999999,20231215121449.385999999,1702667689386,1.157150E+4,1.234482E-17,3.761770E-16,7.206653E-8,2.197063E+0," IDEX "," 2023_12_15_run0 "," 8-90 km/s. Fe/pt olivine mix. IDEX FM. Det2500. Position 4 ",5," Iron "
8550939,20231215191451.567000000,20231215121451.567000000,1702667691567,1.219610E+4,3.931005E-18,1.330680E-16,4.921225E-8,2.197063E+0," IDEX "," 2023_12_15_run0 "," 8-90 km/s. Fe/pt olivine mix. IDEX FM. Det2500. Position 4 ",4," Iron "
8550940,20231215191452.061999999,20231215121452.061999999,1702667692062,1.684610E+4,2.545651E-18,1.644090E-16,4.257666E-8,2.197063E+0," IDEX "," 2023_12_15_run0 "," 8-90 km/s. Fe/pt olivine mix. IDEX FM. Det2500. Position 4 ",4," Iron "
8550941,20231215191452.158000000,20231215121452.158000000,1702667692158,1.482390E+4,7.721844E-18,3.861660E-16,6.163286E-8,2.197063E+0," IDEX "," 2023_12_15_run0 "," 8-90 km/s. Fe/pt olivine mix. IDEX FM. Det2500. Position 4 ",5," Iron "
8550943,20231215191454.546000000,20231215121454.546000000,1702667694546,1.067490E+4,4.120744E-18,1.068640E-16,4.999162E-8,2.197063E+0," IDEX "," 2023_12_15_run0 "," 8-90 km/s. Fe/pt olivine mix. IDEX FM. Det2500. Position 4 ",4," Iron "
8550944,20231215191454.645999999,20231215121454.645999999,1702667694646,9.390110E+3,1.190393E-17,2.388690E-16,7.119816E-8,2.197063E+0," IDEX "," 2023_12_15_run0 "," 8-90 km/s. Fe/pt olivine mix. IDEX FM. Det2500. Position 4 ",3," Iron "
8550945,20231215191502.263999999,20231215121502.263999999,1702667702264,8.676990E+3,1.032081E-17,1.766420E-16,6.789064E-8,2.199524E+0," IDEX "," 2023_12_15_run0 "," 8-90 km/s. Fe/pt olivine mix. IDEX FM. Det2500. Position 4 ",5," Iron "
8550946,20231215191502.853000000,20231215121502.853000000,1702667702853,1.111200E+4,7.179707E-18,2.015270E-16,6.015534E-8,2.199524E+0," IDEX "," 2023_12_15_run0 "," 8-90 km/s. Fe/pt olivine mix. IDEX FM. Det2500. Position 4 ",4," Iron "
8550949,20231215191506.518999999,20231215121506.518999999,1702667706519,1.191740E+4,1.076884E-17,3.478700E-16,6.885914E-8,2.198294E+0," IDEX "," 2023_12_15_run0 "," 8-90 km/s. Fe/pt olivine mix. IDEX FM. Det2500. Position 4 ",5," Iron "
8550953,20231215191512.560000000,20231215121512.560000000,1702667712560,1.659580E+4,1.049271E-17,6.569410E-16,6.826550E-8,2.199524E+0," IDEX "," 2023_12_15_run0 "," 8-90 km/s. Fe/pt olivine mix. IDEX FM. Det2500. Position 4 ",5," Iron "
8550955,20231215191514.341000000,20231215121514.341000000,1702667714341,1.540780E+4,3.792858E-18,2.049160E-16,4.862887E-8,2.197063E+0," IDEX "," 2023_12_15_run0 "," 8-90 km/s. Fe/pt olivine mix. IDEX FM. Det2500. Position 4 ",3," Iron "
8550959,20231215191516.722999999,20231215121516.722999999,1702667716723,1.019890E+4,1.101343E-17,2.605640E-16,6.937658E-8,2.198294E+0," IDEX "," 2023_12_15_run0 "," 8-90 km/s. Fe/pt olivine mix. IDEX FM. Det2500. Position 4 ",5," Iron "
8550960,20231215191518.398999999,20231215121518.398999999,1702667718399,1.204740E+4,4.280505E-18,1.413080E-16,5.062951E-8,2.198294E+0," IDEX "," 2023_12_15_run0 "," 8-90 km/s. Fe/pt olivine mix. IDEX FM. Det2500. Position 4 ",5," Iron "
8550964,20231215191525.830000000,20231215121525.830000000,1702667725830,1.080190E+4,6.954959E-18,1.845780E-16,5.952099E-8,2.198294E+0," IDEX "," 2023_12_15_run0 "," 8-90 km/s. Fe/pt olivine mix. IDEX FM. Det2500. Position 4 ",5," Iron "
8550966,20231215191531.174000000,20231215121531.174000000,1702667731174,1.009960E+4,1.060264E-17,2.461220E-16,6.850306E-8,2.197063E+0," IDEX "," 2023_12_15_run0 "," 8-90 km/s. Fe/pt olivine mix. IDEX FM. Det2500. Position 4 ",5," Iron "
8550968,20231215191531.569000000,20231215121531.569000000,1702667731569,2.218030E+4,4.311298E-18,4.826930E-16,5.075062E-8,2.197063E+0," IDEX "," 2023_12_15_run0 "," 8-90 km/s. Fe/pt olivine mix. IDEX FM. Det2500. Position 4 ",5," Iron "
8550970,20231215191534.242000000,20231215121534.242000000,1702667734242,1.323550E+4,1.358015E-17,5.413940E-16,7.439439E-8,2.197063E+0," IDEX "," 2023_12_15_run0 "," 8-90 km/s. Fe/pt olivine mix. IDEX FM. Det2500. Position 4 ",5," Iron "
8550973,20231215191538.495000000,20231215121538.495000000,1702667738495,2.066240E+4,2.713825E-18,2.635290E-16,4.349433E-8,2.198294E+0," IDEX "," 2023_12_15_run0 "," 8-90 km/s. Fe/pt olivine mix. IDEX FM. Det2500. Position 4 ",5," Iron "
8550975,20231215191543.162999999,20231215121543.162999999,1702667743163,8.418380E+3,1.214121E-17,1.957060E-16,7.166812E-8,2.198294E+0," IDEX "," 2023_12_15_run0 "," 8-90 km/s. Fe/pt olivine mix. IDEX FM. Det2500. Position 4 ",4," Iron "
8550976,20231215191548.503000000,20231215121548.503000000,1702667748503,9.328130E+3,9.363359E-18,1.853130E-16,6.572277E-8,2.198294E+0," IDEX "," 2023_12_15_run0 "," 8-90 km/s. Fe/pt olivine mix. IDEX FM. Det2500. Position 4 ",3," Iron "
8550977,20231215191548.807000000,20231215121548.807000000,1702667748807,1.547790E+4,4.087134E-18,2.227040E-16,4.985533E-8,2.198294E+0," IDEX "," 2023_12_15_run0 "," 8-90 km/s. Fe/pt olivine mix. IDEX FM. Det2500. Position 4 ",3," Iron "
8550978,20231215191549.992000000,20231215121549.992000000,1702667749992,1.037580E+4,9.602238E-18,2.351260E-16,6.627700E-8,2.198294E+0," IDEX "," 2023_12_15_run0 "," 8-90 km/s. Fe/pt olivine mix. IDEX FM. Det2500. Position 4 ",3," Iron "
8550979,20231215191554.845999999,20231215121554.845999999,1702667754846,1.832080E+4,5.488642E-17,4.190240E-15,1.185023E-7,2.198294E+0," IDEX "," 2023_12_15_run0 "," 8-90 km/s. Fe/pt olivine mix. IDEX FM. Det2500. Position 4 ",5," Iron "
8550982,20231215191603.160000000,20231215121603.160000000,1702667763160,1.051380E+4,8.293893E-18,2.086440E-16,6.311871E-8,2.197063E+0," IDEX "," 2023_12_15_run0 "," 8-90 km/s. Fe/pt olivine mix. IDEX FM. Det2500. Position 4 ",5," Iron "
8550985,20231215191614.151000000,20231215121614.151000000,1702667774151,9.095100E+3,1.527892E-17,2.874700E-16,7.737539E-8,2.198294E+0," IDEX "," 2023_12_15_run0 "," 8-90 km/s. Fe/pt olivine mix. IDEX FM. Det2500. Position 4 ",5," Iron "
8550992,20231215191630.283000000,20231215121630.283000000,1702667790283,1.003870E+4,1.046566E-17,2.398870E-16,6.820678E-8,2.198294E+0," IDEX "," 2023_12_15_run0 "," 8-90 km/s. Fe/pt olivine mix. IDEX FM. Det2500. Position 4 ",5," Iron "
8550993,20231215191631.177999999,20231215121631.177999999,1702667791178,1.007640E+4,1.888587E-17,4.361470E-16,8.303942E-8,2.198294E+0," IDEX "," 2023_12_15_run0 "," 8-90 km/s. Fe/pt olivine mix. IDEX FM. Det2500. Position 4 ",5," Iron "
8550994,20231215191637.313000000,20231215121637.313000000,1702667797313,1.034120E+4,1.048437E-17,2.550170E-16,6.824740E-8,2.198294E+0," IDEX "," 2023_12_15_run0 "," 8-90 km/s. Fe/pt olivine mix. IDEX FM. Det2500. Position 4 ",5," Iron "
8550998,20231215191650.283999999,20231215121650.283999999,1702667810284,1.514970E+4,1.670366E-17,8.714890E-16,7.970934E-8,2.199524E+0," IDEX "," 2023_12_15_run0 "," 8-90 km/s. Fe/pt olivine mix. IDEX FM. Det2500. Position 4 ",5," Iron "
8551000,20231215191653.952999999,20231215121653.952999999,1702667813953,1.508070E+4,8.703672E-18,4.502260E-16,6.414156E-8,2.198294E+0," IDEX "," 2023_12_15_run0 "," 8-90 km/s. Fe/pt olivine mix. IDEX FM. Det2500. Position 4 ",5," Iron "
8551001,20231215191656.726000000,20231215121656.726000000,1702667816726,3.958440E+4,1.869684E-18,6.670950E-16,3.841446E-8,2.195833E+0," IDEX "," 2023_12_15_run0 "," 8-90 km/s. Fe/pt olivine mix. IDEX FM. Det2500. Position 4 ",5," Iron "
8551003,20231215191657.118000000,20231215121657.118000000,1702667817118,9.912510E+3,1.250285E-17,2.795790E-16,7.237275E-8,2.197063E+0," IDEX "," 2023_12_15_run0 "," 8-90 km/s. Fe/pt olivine mix. IDEX FM. Det2500. Position 4 ",3," Iron "
8551011,20231215191713.649999999,20231215121713.649999999,1702667833650,9.976720E+3,5.551042E-18,1.256710E-16,5.521158E-8,2.198294E+0," IDEX "," 2023_12_15_run0 "," 8-90 km/s. Fe/pt olivine mix. IDEX FM. Det2500. Position 4 ",4," Iron "
8551020,20231215191743.257999999,20231215121743.257999999,1702667863258,1.218820E+4,1.179538E-17,3.985440E-16,7.098109E-8,2.198294E+0," IDEX "," 2023_12_15_run0 "," 8-90 km/s. Fe/pt olivine mix. IDEX FM. Det2500. Position 4 ",5," Iron "
8551022,20231215191747.899999999,20231215121747.899999999,1702667867900,1.089110E+4,2.267676E-17,6.118000E-16,8.826036E-8,2.198294E+0," IDEX "," 2023_12_15_run0 "," 8-90 km/s. Fe/pt olivine mix. IDEX FM. Det2500. Position 4 ",5," Iron "
8551025,20231215191752.168000000,20231215121752.168000000,1702667872168,1.233580E+4,6.770970E-18,2.343530E-16,5.899143E-8,2.198294E+0," IDEX "," 2023_12_15_run0 "," 8-90 km/s. Fe/pt olivine mix. IDEX FM. Det2500. Position 4 ",5," Iron "
8551030,20231215191808.509000000,20231215121808.509000000,1702667888509,9.728600E+3,2.064124E-17,4.445950E-16,8.553633E-8,2.197063E+0," IDEX "," 2023_12_15_run0 "," 8-90 km/s. Fe/pt olivine mix. IDEX FM. Det2500. Position 4 ",5," Iron "
8551031,20231215191811.365999999,20231215121811.365999999,1702667891366,8.653760E+3,8.202606E-18,1.396380E-16,6.288629E-8,2.199524E+0," IDEX "," 2023_12_15_run0 "," 8-90 km/s. Fe/pt olivine mix. IDEX FM. Det2500. Position 4 ",5," Iron "
8551051,20231215191848.500000000,20231215121848.500000000,1702667928500,1.879680E+4,1.442448E-18,1.157890E-16,3.523211E-8,2.200754E+0," IDEX "," 2023_12_15_run0 "," 8-90 km/s. Fe/pt olivine mix. IDEX FM. Det2500. Position 4 ",5," Iron "
8551057,20231215191915.038999999,20231215121915.038999999,1702667955039,7.748850E+3,1.171128E-17,1.600320E-16,7.081198E-8,2.197063E+0," IDEX "," 2023_12_15_run0 "," 8-90 km/s. Fe/pt olivine mix. IDEX FM. Det2500. Position 4 ",5," Iron "
8551059,20231215191915.929000000,20231215121915.929000000,1702667955929,1.347850E+4,5.904791E-18,2.441270E-16,5.636033E-8,2.197063E+0," IDEX "," 2023_12_15_run0 "," 8-90 km/s. Fe/pt olivine mix. IDEX FM. Det2500. Position 4 ",4," Iron "
8551068,20231215191938.893999999,20231215121938.893999999,1702667978894,1.377420E+4,3.111232E-18,1.341860E-16,4.552145E-8,2.199524E+0," IDEX "," 2023_12_15_run0 "," 8-90 km/s. Fe/pt olivine mix. IDEX FM. Det2500. Position 4 ",4," Iron "
8551069,20231215191954.145999999,20231215121954.145999999,1702667994146,9.924740E+3,9.118240E-18,2.042840E-16,6.514419E-8,2.198294E+0," IDEX "," 2023_12_15_run0 "," 8-90 km/s. Fe/pt olivine mix. IDEX FM. Det2500. Position 4 ",5," Iron "
8551070,20231215191955.026000000,20231215121955.026000000,1702667995026,1.539150E+4,2.784639E-18,1.500430E-16,4.386939E-8,2.198294E+0," IDEX "," 2023_12_15_run0 "," 8-90 km/s. Fe/pt olivine mix. IDEX FM. Det2500. Position 4 ",5," Iron "
8551072,20231215192000.782000000,20231215122000.782000000,1702668000782,1.890490E+4,1.658064E-18,1.347830E-16,3.690675E-8,2.198294E+0," IDEX "," 2023_12_15_run0 "," 8-90 km/s. Fe/pt olivine mix. IDEX FM. Det2500. Position 4 ",3," Iron "
8551075,20231215192005.523999999,20231215122005.523999999,1702668005524,1.215060E+4,4.453189E-18,1.495380E-16,5.130138E-8,2.198294E+0," IDEX "," 2023_12_15_run0 "," 8-90 km/s. Fe/pt olivine mix. IDEX FM. Det2500. Position 4 ",4," Iron "
8551076,20231215192008.197999999,20231215122008.197999999,1702668008198,1.327610E+4,6.855662E-18,2.749910E-16,5.923637E-8,2.197063E+0," IDEX "," 2023_12_15_run0 "," 8-90 km/s. Fe/pt olivine mix. IDEX FM. Det2500. Position 4 ",5," Iron "
8551080,20231215192010.677999999,20231215122010.677999999,1702668010678,8.870040E+3,2.120842E-17,3.797410E-16,8.631271E-8,2.197063E+0," IDEX "," 2023_12_15_run0 "," 8-90 km/s. Fe/pt olivine mix. IDEX FM. Det2500. Position 4 ",5," Iron "
8551083,20231215192014.933999999,20231215122014.933999999,1702668014934,1.272960E+4,8.803486E-18,3.244660E-16,6.438582E-8,2.198294E+0," IDEX "," 2023_12_15_run0 "," 8-90 km/s. Fe/pt olivine mix. IDEX FM. Det2500. Position 4 ",5," Iron "
8551093,20231215192052.260000000,20231215122052.260000000,1702668052260,1.035700E+4,9.792726E-18,2.390560E-16,6.671240E-8,2.197063E+0," IDEX "," 2023_12_15_run0 "," 8-90 km/s. Fe/pt olivine mix. IDEX FM. Det2500. Position 4 ",3," Iron "
8551100,20231215192102.856000000,20231215122102.856000000,1702668062856,8.536660E+3,7.161264E-18,1.187000E-16,6.010379E-8,2.198294E+0," IDEX "," 2023_12_15_run0 "," 8-90 km/s. Fe/pt olivine mix. IDEX FM. Det2500. Position 4 ",3," Iron "
8551101,20231215192102.953999999,20231215122102.953999999,1702668062954,1.030800E+4,2.872199E-17,6.941420E-16,9.549416E-8,2.198294E+0," IDEX "," 2023_12_15_run0 "," 8-90 km/s. Fe/pt olivine mix. IDEX FM. Det2500. Position 4 ",5," Iron "
8551102,20231215192107.308999999,20231215122107.308999999,1702668067309,3.580960E+4,1.160833E-18,3.385740E-16,3.277141E-8,2.198294E+0," IDEX "," 2023_12_15_run0 "," 8-90 km/s. Fe/pt olivine mix. IDEX FM. Det2500. Position 4 ",3," Iron "
8551103,20231215192107.509000000,20231215122107.509000000,1702668067509,7.928500E+3,9.121308E-18,1.304140E-16,6.515149E-8,2.198294E+0," IDEX "," 2023_12_15_run0 "," 8-90 km/s. Fe/pt olivine mix. IDEX FM. Det2500. Position 4 ",3," Iron "
8551106,20231215192116.327000000,20231215122116.327000000,1702668076327,1.051380E+4,9.189832E-18,2.309240E-16,6.531423E-8,2.199524E+0," IDEX "," 2023_12_15_run0 "," 8-90 km/s. Fe/pt olivine mix. IDEX FM. Det2500. Position 4 ",5," Iron "
8551112,20231215192128.398000000,20231215122128.398000000,1702668088398,1.726740E+4,4.748217E-18,3.218300E-16,5.241016E-8,2.199524E+0," IDEX "," 2023_12_15_run0 "," 8-90 km/s. Fe/pt olivine mix. IDEX FM. Det2500. Position 4 ",5," Iron "
8551114,20231215192131.763999999,20231215122131.763999999,1702668091764,2.678670E+4,1.452072E-18,2.369800E-16,3.531030E-8,2.198294E+0," IDEX "," 2023_12_15_run0 "," 8-90 km/s. Fe/pt olivine mix. IDEX FM. Det2500. Position 4 ",5," Iron "
8551117,20231215192132.365999999,20231215122132.365999999,1702668092366,8.487970E+3,5.565304E-17,9.119720E-16,1.190515E-7,2.198294E+0," IDEX "," 2023_12_15_run0 "," 8-90 km/s. Fe/pt olivine mix. IDEX FM. Det2500. Position 4 ",5," Iron "
8551120,20231215192142.959999999,20231215122142.959999999,1702668102960,5.212850E+4,4.442286E-19,2.745630E-16,2.379254E-8,2.198294E+0," IDEX "," 2023_12_15_run0 "," 8-90 km/s. Fe/pt olivine mix. IDEX FM. Det2500. Position 4 ",4," Iron "
8551124,20231215192157.111000000,20231215122157.111000000,1702668117111,1.463570E+4,4.044213E-18,1.969260E-16,4.968020E-8,2.199524E+0," IDEX "," 2023_12_15_run0 "," 8-90 km/s. Fe/pt olivine mix. IDEX FM. Det2500. Position 4 ",3," Iron "
8551133,20231215192219.489000000,20231215122219.489000000,1702668139489,1.215210E+4,8.777456E-18,2.944900E-16,6.432229E-8,2.200754E+0," IDEX "," 2023_12_15_run0 "," 8-90 km/s. Fe/pt olivine mix. IDEX FM. Det2500. Position 4 ",5," Iron "
8551136,20231215192221.362999999,20231215122221.362999999,1702668141363,1.258020E+4,9.853211E-18,3.546810E-16,6.684946E-8,2.198294E+0," IDEX "," 2023_12_15_run0 "," 8-90 km/s. Fe/pt olivine mix. IDEX FM. Det2500. Position 4 ",5," Iron "
8551140,20231215192236.912999999,20231215122236.912999999,1702668156913,5.153570E+4,1.755236E-18,1.060320E-15,3.761409E-8,2.198294E+0," IDEX "," 2023_12_15_run0 "," 8-90 km/s. Fe/pt olivine mix. IDEX FM. Det2500. Position 4 ",5," Iron "
8551143,20231215192239.388999999,20231215122239.388999999,1702668159389,2.731180E+4,1.219474E-18,2.068990E-16,3.331421E-8,2.198294E+0," IDEX "," 2023_12_15_run0 "," 8-90 km/s. Fe/pt olivine mix. IDEX FM. Det2500. Position 4 ",5," Iron "
8551149,20231215192249.388000000,20231215122249.388000000,1702668169388,1.095310E+4,1.065950E-17,2.908680E-16,6.862530E-8,2.198294E+0," IDEX "," 2023_12_15_run0 "," 8-90 km/s. Fe/pt olivine mix. IDEX FM. Det2500. Position 4 ",3," Iron "
8551153,20231215192304.629999999,20231215122304.629999999,1702668184630,1.902260E+4,1.498407E-18,1.233260E-16,3.568195E-8,2.198294E+0," IDEX "," 2023_12_15_run0 "," 8-90 km/s. Fe/pt olivine mix. IDEX FM. Det2500. Position 4 ",3," Iron "
8551154,20231215192306.515000000,20231215122306.515000000,1702668186515,1.900610E+4,2.681617E-18,2.203270E-16,4.332157E-8,2.198294E+0," IDEX "," 2023_12_15_run0 "," 8-90 km/s. Fe/pt olivine mix. IDEX FM. Det2500. Position 4 ",4," Iron "
8551155,20231215192308.506999999,20231215122308.506999999,1702668188507,8.392040E+3,1.077355E-17,1.726720E-16,6.886918E-8,2.197063E+0," IDEX "," 2023_12_15_run0 "," 8-90 km/s. Fe/pt olivine mix. IDEX FM. Det2500. Position 4 ",4," Iron "
8551156,20231215192308.896999999,20231215122308.896999999,1702668188897,1.862810E+4,3.771862E-18,2.978660E-16,4.853897E-8,2.197063E+0," IDEX "," 2023_12_15_run0 "," 8-90 km/s. Fe/pt olivine mix. IDEX FM. Det2500. Position 4 ",3," Iron "
8551159,20231215192310.185000000,20231215122310.185000000,1702668190185,8.639920E+3,8.161191E-18,1.386440E-16,6.278027E-8,2.197063E+0," IDEX "," 2023_12_15_run0 "," 8-90 km/s. Fe/pt olivine mix. IDEX FM. Det2500. Position 4 ",4," Iron "
8551160,20231215192312.450999999,20231215122312.450999999,1702668192451,1.232530E+4,1.033169E-17,3.571860E-16,6.791449E-8,2.197063E+0," IDEX "," 2023_12_15_run0 "," 8-90 km/s. Fe/pt olivine mix. IDEX FM. Det2500. Position 4 ",5," Iron "
8551161,20231215192315.631999999,20231215122315.631999999,1702668195632,9.208740E+3,8.758249E-18,1.690230E-16,6.427535E-8,2.197063E+0," IDEX "," 2023_12_15_run0 "," 8-90 km/s. Fe/pt olivine mix. IDEX FM. Det2500. Position 4 ",5," Iron "
8551162,20231215192316.023000000,20231215122316.023000000,1702668196023,9.073960E+3,1.251536E-17,2.345120E-16,7.239687E-8,2.197063E+0," IDEX "," 2023_12_15_run0 "," 8-90 km/s. Fe/pt olivine mix. IDEX FM. Det2500. Position 4 ",5," Iron "
8551163,20231215192322.263999999,20231215122322.263999999,1702668202264,9.457450E+3,1.114636E-17,2.266330E-16,6.965458E-8,2.199524E+0," IDEX "," 2023_12_15_run0 "," 8-90 km/s. Fe/pt olivine mix. IDEX FM. Det2500. Position 4 ",5," Iron "
8551165,20231215192330.273000000,20231215122330.273000000,1702668210273,9.246320E+3,3.787846E-17,7.365720E-16,1.047216E-7,2.198294E+0," IDEX "," 2023_12_15_run0 "," 8-90 km/s. Fe/pt olivine mix. IDEX FM. Det2500. Position 4 ",5," Iron "
8551171,20231215192344.243000000,20231215122344.243000000,1702668224243,9.533130E+3,7.042196E-18,1.454860E-16,5.976882E-8,2.199524E+0," IDEX "," 2023_12_15_run0 "," 8-90 km/s. Fe/pt olivine mix. IDEX FM. Det2500. Position 4 ",5," Iron "
8551172,20231215192350.871000000,20231215122350.871000000,1702668230871,1.527170E+4,8.241286E-18,4.369300E-16,6.298498E-8,2.199524E+0," IDEX "," 2023_12_15_run0 "," 8-90 km/s. Fe/pt olivine mix. IDEX FM. Det2500. Position 4 ",5," Iron "
8551175,20231215192354.535999999,20231215122354.535999999,1702668234536,1.763340E+4,4.783124E-18,3.380850E-16,5.253828E-8,2.199524E+0," IDEX "," 2023_12_15_run0 "," 8-90 km/s. Fe/pt olivine mix. IDEX FM. Det2500. Position 4 ",5," Iron "
8551180,20231215192359.398000000,20231215122359.398000000,1702668239398,8.899870E+3,1.179263E-17,2.124530E-16,7.097556E-8,2.198294E+0," IDEX "," 2023_12_15_run0 "," 8-90 km/s. Fe/pt olivine mix. IDEX FM. Det2500. Position 4 ",4," Iron "
8551181,20231215192400.277999999,20231215122400.277999999,1702668240278,1.484680E+4,4.160347E-18,2.084670E-16,5.015126E-8,2.199524E+0," IDEX "," 2023_12_15_run0 "," 8-90 km/s. Fe/pt olivine mix. IDEX FM. Det2500. Position 4 ",4," Iron "
8551182,20231215192400.334000000,20231215122400.334000000,1702668240334,8.897860E+3,3.379261E-17,6.081840E-16,1.008121E-7,2.199524E+0," IDEX "," 2023_12_15_run0 "," 8-90 km/s. Fe/pt olivine mix. IDEX FM. Det2500. Position 4 ",5," Iron "
8551186,20231215192410.578999999,20231215122410.578999999,1702668250579,1.048610E+4,5.608286E-18,1.402630E-16,5.540072E-8,2.198294E+0," IDEX "," 2023_12_15_run0 "," 8-90 km/s. Fe/pt olivine mix. IDEX FM. Det2500. Position 4 ",5," Iron "
8551187,20231215192412.263000000,20231215122412.263000000,1702668252263,1.179020E+4,4.195684E-18,1.326570E-16,5.029285E-8,2.198294E+0," IDEX "," 2023_12_15_run0 "," 8-90 km/s. Fe/pt olivine mix. IDEX FM. Det2500. Position 4 ",4," Iron "
8551190,20231215192425.331000000,20231215122425.331000000,1702668265331,1.422800E+4,3.100994E-18,1.428620E-16,4.547147E-8,2.197063E+0," IDEX "," 2023_12_15_run0 "," 8-90 km/s. Fe/pt olivine mix. IDEX FM. Det2500. Position 4 ",4," Iron "
8551191,20231215192426.015000000,20231215122426.015000000,1702668266015,1.001880E+4,1.845492E-17,4.215720E-16,8.240295E-8,2.197063E+0," IDEX "," 2023_12_15_run0 "," 8-90 km/s. Fe/pt olivine mix. IDEX FM. Det2500. Position 4 ",5," Iron "
8551194,20231215192444.739000000,20231215122444.739000000,1702668284739,9.874530E+3,2.292590E-17,5.087300E-16,8.858240E-8,2.197063E+0," IDEX "," 2023_12_15_run0 "," 8-90 km/s. Fe/pt olivine mix. IDEX FM. Det2500. Position 4 ",5," Iron "
8551195,20231215192447.708000000,20231215122447.708000000,1702668287708,1.329270E+4,5.260956E-18,2.115530E-16,5.423258E-8,2.197063E+0," IDEX "," 2023_12_15_run0 "," 8-90 km/s. Fe/pt olivine mix. IDEX FM. Det2500. Position 4 ",4," Iron "
8551201,20231215192458.888999999,20231215122458.888999999,1702668298889,1.254250E+4,2.126659E-17,7.609410E-16,8.639154E-8,2.198294E+0," IDEX "," 2023_12_15_run0 "," 8-90 km/s. Fe/pt olivine mix. IDEX FM. Det2500. Position 4 ",5," Iron "
8551203,20231215192503.851000000,20231215122503.851000000,1702668303851,8.733690E+3,2.131119E-17,3.699400E-16,8.645190E-8,2.197063E+0," IDEX "," 2023_12_15_run0 "," 8-90 km/s. Fe/pt olivine mix. IDEX FM. Det2500. Position 4 ",4," Iron "
8551211,20231215192525.828999999,20231215122525.828999999,1702668325829,8.170160E+3,1.848992E-17,2.805680E-16,8.245500E-8,2.199524E+0," IDEX "," 2023_12_15_run0 "," 8-90 km/s. Fe/pt olivine mix. IDEX FM. Det2500. Position 4 ",4," Iron "
8551217,20231215192539.483000000,20231215122539.483000000,1702668339483,1.690030E+4,5.575323E-18,3.623990E-16,5.529196E-8,2.197063E+0," IDEX "," 2023_12_15_run0 "," 8-90 km/s. Fe/pt olivine mix. IDEX FM. Det2500. Position 4 ",5," Iron "
8551236,20231215192626.714999999,20231215122626.714999999,1702668386715,1.882460E+4,2.331867E-18,1.878440E-16,4.134978E-8,2.199524E+0," IDEX "," 2023_12_15_run0 "," 8-90 km/s. Fe/pt olivine mix. IDEX FM. Det2500. Position 4 ",5," Iron "
8551237,20231215192628.695999999,20231215122628.695999999,1702668388696,8.532790E+3,1.257094E-17,2.081780E-16,7.250387E-8,2.198294E+0," IDEX "," 2023_12_15_run0 "," 8-90 km/s. Fe/pt olivine mix. IDEX FM. Det2500. Position 4 ",4," Iron "
8551238,20231215192629.199999999,20231215122629.199999999,1702668389200,9.554160E+3,9.564426E-18,1.985770E-16,6.618988E-8,2.198294E+0," IDEX "," 2023_12_15_run0 "," 8-90 km/s. Fe/pt olivine mix. IDEX FM. Det2500. Position 4 ",5," Iron "
8551241,20231215192635.530999999,20231215122635.530999999,1702668395531,1.348770E+4,5.226190E-18,2.162450E-16,5.411285E-8,2.198294E+0," IDEX "," 2023_12_15_run0 "," 8-90 km/s. Fe/pt olivine mix. IDEX FM. Det2500. Position 4 ",3," Iron "
8551246,20231215192641.962000000,20231215122641.962000000,1702668401962,1.273170E+4,1.053430E-17,3.883860E-16,6.835557E-8,2.198294E+0," IDEX "," 2023_12_15_run0 "," 8-90 km/s. Fe/pt olivine mix. IDEX FM. Det2500. Position 4 ",5," Iron "
8551249,20231215192645.726000000,20231215122645.726000000,1702668405726,1.355630E+4,6.145251E-18,2.570100E-16,5.711522E-8,2.197063E+0," IDEX "," 2023_12_15_run0 "," 8-90 km/s. Fe/pt olivine mix. IDEX FM. Det2500. Position 4 ",5," Iron "
8551251,20231215192647.112999999,20231215122647.112999999,1702668407113,1.411390E+4,8.473191E-18,3.841220E-16,6.357031E-8,2.197063E+0," IDEX "," 2023_12_15_run0 "," 8-90 km/s. Fe/pt olivine mix. IDEX FM. Det2500. Position 4 ",5," Iron "
8551252,20231215192649.384000000,20231215122649.384000000,1702668409384,1.900330E+4,3.016957E-18,2.479450E-16,4.505694E-8,2.197063E+0," IDEX "," 2023_12_15_run0 "," 8-90 km/s. Fe/pt olivine mix. IDEX FM. Det2500. Position 4 ",4," Iron "
8551255,20231215192700.975000000,20231215122700.975000000,1702668420975,1.265970E+4,6.033075E-18,2.198000E-16,5.676556E-8,2.199524E+0," IDEX "," 2023_12_15_run0 "," 8-90 km/s. Fe/pt olivine mix. IDEX FM. Det2500. Position 4 ",5," Iron "
8551265,20231215192730.574999999,20231215122730.574999999,1702668450575,1.394170E+4,7.678149E-18,3.392580E-16,6.151639E-8,2.199524E+0," IDEX "," 2023_12_15_run0 "," 8-90 km/s. Fe/pt olivine mix. IDEX FM. Det2500. Position 4 ",4," Iron "
8551266,20231215192731.763999999,20231215122731.763999999,1702668451764,1.149260E+4,1.395718E-17,4.190600E-16,7.507658E-8,2.199524E+0," IDEX "," 2023_12_15_run0 "," 8-90 km/s. Fe/pt olivine mix. IDEX FM. Det2500. Position 4 ",5," Iron "
8551270,20231215192736.921000000,20231215122736.921000000,1702668456921,1.080420E+4,6.312609E-18,1.676020E-16,5.762907E-8,2.198294E+0," IDEX "," 2023_12_15_run0 "," 8-90 km/s. Fe/pt olivine mix. IDEX FM. Det2500. Position 4 ",4," Iron "
8551271,20231215192737.510999999,20231215122737.510999999,1702668457511,1.459560E+4,6.289977E-17,3.047740E-15,1.240095E-7,2.198294E+0," IDEX "," 2023_12_15_run0 "," 8-90 km/s. Fe/pt olivine mix. IDEX FM. Det2500. Position 4 ",5," Iron "
8551272,20231215192739.186999999,20231215122739.186999999,1702668459187,1.519230E+4,8.207048E-18,4.308430E-16,6.289763E-8,2.198294E+0," IDEX "," 2023_12_15_run0 "," 8-90 km/s. Fe/pt olivine mix. IDEX FM. Det2500. Position 4 ",5," Iron "
8551273,20231215192748.793000000,20231215122748.793000000,1702668468793,1.588700E+4,6.704566E-18,3.851080E-16,5.879795E-8,2.197063E+0," IDEX "," 2023_12_15_run0 "," 8-90 km/s. Fe/pt olivine mix. IDEX FM. Det2500. Position 4 ",5," Iron "
8551276,20231215192754.631000000,20231215122754.631000000,1702668474631,1.057050E+4,3.395278E-17,8.633650E-16,1.009711E-7,2.197063E+0," IDEX "," 2023_12_15_run0 "," 8-90 km/s. Fe/pt olivine mix. IDEX FM. Det2500. Position 4 ",5," Iron "
8551277,20231215192755.220999999,20231215122755.220999999,1702668475221,1.187830E+4,1.211399E-17,3.885420E-16,7.161452E-8,2.199524E+0," IDEX "," 2023_12_15_run0 "," 8-90 km/s. Fe/pt olivine mix. IDEX FM. Det2500. Position 4 ",5," Iron "
8551278,20231215192756.013000000,20231215122756.013000000,1702668476013,1.122210E+4,1.602217E-17,4.586820E-16,7.861023E-8,2.199524E+0," IDEX "," 2023_12_15_run0 "," 8-90 km/s. Fe/pt olivine mix. IDEX FM. Det2500. Position 4 ",5," Iron "
8551280,20231215192759.981999999,20231215122759.981999999,1702668479982,1.673170E+4,4.870117E-18,3.101020E-16,5.285488E-8,2.198294E+0," IDEX "," 2023_12_15_run0 "," 8-90 km/s. Fe/pt olivine mix. IDEX FM. Det2500. Position 4 ",5," Iron "
8551288,20231215192821.365999999,20231215122821.365999999,1702668501366,1.188900E+4,6.426901E-18,2.067380E-16,5.797479E-8,2.197063E+0," IDEX "," 2023_12_15_run0 "," 8-90 km/s. Fe/pt olivine mix. IDEX FM. Det2500. Position 4 ",3," Iron "
8551298,20231215192852.158999999,20231215122852.158999999,1702668532159,1.096710E+4,7.708299E-18,2.108760E-16,6.159681E-8,2.198294E+0," IDEX "," 2023_12_15_run0 "," 8-90 km/s. Fe/pt olivine mix. IDEX FM. Det2500. Position 4 ",5," Iron "
8551300,20231215192852.944999999,20231215122852.944999999,1702668532945,1.297680E+4,6.330758E-18,2.424800E-16,5.768425E-8,2.198294E+0," IDEX "," 2023_12_15_run0 "," 8-90 km/s. Fe/pt olivine mix. IDEX FM. Det2500. Position 4 ",5," Iron "
8551302,20231215192855.027999999,20231215122855.027999999,1702668535028,1.731210E+4,1.632320E-17,1.112730E-15,7.909951E-8,2.198294E+0," IDEX "," 2023_12_15_run0 "," 8-90 km/s. Fe/pt olivine mix. IDEX FM. Det2500. Position 4 ",5," Iron "
8551306,20231215192910.466999999,20231215122910.466999999,1702668550467,8.802910E+3,1.078351E-17,1.900630E-16,6.889039E-8,2.198294E+0," IDEX "," 2023_12_15_run0 "," 8-90 km/s. Fe/pt olivine mix. IDEX FM. Det2500. Position 4 ",5," Iron "
8551314,20231215192936.512000000,20231215122936.512000000,1702668576512,1.621500E+4,3.237888E-18,1.937420E-16,4.613097E-8,2.197063E+0," IDEX "," 2023_12_15_run0 "," 8-90 km/s. Fe/pt olivine mix. IDEX FM. Det2500. Position 4 ",4," Iron "
8551315,20231215192939.390999999,20231215122939.390999999,1702668579391,1.432410E+4,8.960238E-18,4.179230E-16,6.476571E-8,2.199524E+0," IDEX "," 2023_12_15_run0 "," 8-90 km/s. Fe/pt olivine mix. IDEX FM. Det2500. Position 4 ",5," Iron "
8551317,20231215192943.743999999,20231215122943.743999999,1702668583744,8.676610E+3,3.013083E-17,5.156480E-16,9.703066E-8,2.199524E+0," IDEX "," 2023_12_15_run0 "," 8-90 km/s. Fe/pt olivine mix. IDEX FM. Det2500. Position 4 ",5," Iron "
8551320,20231215192950.171000000,20231215122950.171000000,1702668590171,8.209620E+3,2.623014E-17,4.018730E-16,9.264860E-8,2.199524E+0," IDEX "," 2023_12_15_run0 "," 8-90 km/s. Fe/pt olivine mix. IDEX FM. Det2500. Position 4 ",5," Iron "
8551330,20231215193010.467999999,20231215123010.467999999,1702668610468,1.595320E+4,2.954833E-18,1.711420E-16,4.474553E-8,2.197063E+0," IDEX "," 2023_12_15_run0 "," 8-90 km/s. Fe/pt olivine mix. IDEX FM. Det2500. Position 4 ",4," Iron "
8551331,20231215193014.834000000,20231215123014.834000000,1702668614834,8.985870E+3,8.141883E-18,1.494470E-16,6.273072E-8,2.199524E+0," IDEX "," 2023_12_15_run0 "," 8-90 km/s. Fe/pt olivine mix. IDEX FM. Det2500. Position 4 ",5," Iron "
8551335,20231215193026.507999999,20231215123026.507999999,1702668626508,9.800170E+3,5.469808E-18,1.194880E-16,5.494093E-8,2.198294E+0," IDEX "," 2023_12_15_run0 "," 8-90 km/s. Fe/pt olivine mix. IDEX FM. Det2500. Position 4 ",3," Iron "
8551337,20231215193032.652000000,20231215123032.652000000,1702668632652,1.208430E+4,1.931694E-17,6.419620E-16,8.366646E-8,2.197063E+0," IDEX "," 2023_12_15_run0 "," 8-90 km/s. Fe/pt olivine mix. IDEX FM. Det2500. Position 4 ",5," Iron "
8551339,20231215193034.932000000,20231215123034.932000000,1702668634932,1.924920E+4,3.993303E-18,3.367330E-16,4.947086E-8,2.197063E+0," IDEX "," 2023_12_15_run0 "," 8-90 km/s. Fe/pt olivine mix. IDEX FM. Det2500. Position 4 ",5," Iron "
8551346,20231215193046.712000000,20231215123046.712000000,1702668646712,1.083630E+4,5.951584E-18,1.589570E-16,5.650881E-8,2.198294E+0," IDEX "," 2023_12_15_run0 "," 8-90 km/s. Fe/pt olivine mix. IDEX FM. Det2500. Position 4 ",5," Iron "
8551347,20231215193048.302000000,20231215123048.302000000,1702668648302,2.646840E+4,3.088662E-18,4.921650E-16,4.541111E-8,2.198294E+0," IDEX "," 2023_12_15_run0 "," 8-90 km/s. Fe/pt olivine mix. IDEX FM. Det2500. Position 4 ",5," Iron "
8551348,20231215193049.189000000,20231215123049.189000000,1702668649189,1.309710E+4,5.642424E-18,2.201410E-16,5.551290E-8,2.198294E+0," IDEX "," 2023_12_15_run0 "," 8-90 km/s. Fe/pt olivine mix. IDEX FM. Det2500. Position 4 ",5," Iron "
8551349,20231215193049.686999999,20231215123049.686999999,1702668649687,1.135430E+4,8.046259E-18,2.359390E-16,6.248417E-8,2.198294E+0," IDEX "," 2023_12_15_run0 "," 8-90 km/s. Fe/pt olivine mix. IDEX FM. Det2500. Position 4 ",3," Iron "
8551353,20231215193056.912999999,20231215123056.912999999,1702668656913,8.514540E+3,1.754717E-17,2.893440E-16,8.102910E-8,2.198294E+0," IDEX "," 2023_12_15_run0 "," 8-90 km/s. Fe/pt olivine mix. IDEX FM. Det2500. Position 4 ",5," Iron "
8551357,20231215193059.395999999,20231215123059.395999999,1702668659396,9.610510E+3,9.901575E-18,2.080090E-16,6.695866E-8,2.198294E+0," IDEX "," 2023_12_15_run0 "," 8-90 km/s. Fe/pt olivine mix. IDEX FM. Det2500. Position 4 ",5," Iron "
8551360,20231215193108.299000000,20231215123108.299000000,1702668668299,1.086700E+4,3.241069E-17,8.700610E-16,9.941870E-8,2.199524E+0," IDEX "," 2023_12_15_run0 "," 8-90 km/s. Fe/pt olivine mix. IDEX FM. Det2500. Position 4 ",5," Iron "
8551361,20231215193114.635000000,20231215123114.635000000,1702668674635,9.487030E+3,1.392549E-17,2.850730E-16,7.501973E-8,2.198294E+0," IDEX "," 2023_12_15_run0 "," 8-90 km/s. Fe/pt olivine mix. IDEX FM. Det2500. Position 4 ",3," Iron "
8551362,20231215193115.027999999,20231215123115.027999999,1702668675028,8.160690E+3,1.502242E-17,2.275510E-16,7.693996E-8,2.198294E+0," IDEX "," 2023_12_15_run0 "," 8-90 km/s. Fe/pt olivine mix. IDEX FM. Det2500. Position 4 ",4," Iron "
8551372,20231215193210.466999999,20231215123210.466999999,1702668730467,8.537400E+3,8.181366E-18,1.356320E-16,6.283196E-8,2.198294E+0," IDEX "," 2023_12_15_run0 "," 8-90 km/s. Fe/pt olivine mix. IDEX FM. Det2500. Position 4 ",3," Iron "
8551373,20231215193211.359999999,20231215123211.359999999,1702668731360,1.900610E+4,3.030744E-18,2.490120E-16,4.512547E-8,2.198294E+0," IDEX "," 2023_12_15_run0 "," 8-90 km/s. Fe/pt olivine mix. IDEX FM. Det2500. Position 4 ",3," Iron "
8551384,20231215193228.743000000,20231215123228.743000000,1702668748743,2.981700E+4,2.059705E-18,4.167360E-16,3.967409E-8,2.197063E+0," IDEX "," 2023_12_15_run0 "," 8-90 km/s. Fe/pt olivine mix. IDEX FM. Det2500. Position 4 ",5," Iron "
8551391,20231215193247.101999999,20231215123247.101999999,1702668767102,2.441030E+4,1.278179E-18,1.732300E-16,3.384044E-8,2.198294E+0," IDEX "," 2023_12_15_run0 "," 8-90 km/s. Fe/pt olivine mix. IDEX FM. Det2500. Position 4 ",4," Iron "
8551393,20231215193259.282000000,20231215123259.282000000,1702668779282,1.016000E+4,1.015503E-17,2.384260E-16,6.752518E-8,2.198294E+0," IDEX "," 2023_12_15_run0 "," 8-90 km/s. Fe/pt olivine mix. IDEX FM. Det2500. Position 4 ",4," Iron "
8551397,20231215193313.052000000,20231215123313.052000000,1702668793052,9.907530E+3,1.471474E-17,3.288930E-16,7.641105E-8,2.195833E+0," IDEX "," 2023_12_15_run0 "," 8-90 km/s. Fe/pt olivine mix. IDEX FM. Det2500. Position 4 ",3," Iron "
8551401,20231215193326.515000000,20231215123326.515000000,1702668806515,2.628840E+4,2.080220E-18,3.269810E-16,3.980537E-8,2.198294E+0," IDEX "," 2023_12_15_run0 "," 8-90 km/s. Fe/pt olivine mix. IDEX FM. Det2500. Position 4 ",5," Iron "
8551402,20231215193338.291999999,20231215123338.291999999,1702668818292,1.803500E+4,3.085745E-18,2.282850E-16,4.539681E-8,2.198294E+0," IDEX "," 2023_12_15_run0 "," 8-90 km/s. Fe/pt olivine mix. IDEX FM. Det2500. Position 4 ",5," Iron "
8551410,20231215193353.544999999,20231215123353.544999999,1702668833545,9.947020E+3,1.641083E-17,3.693190E-16,7.924081E-8,2.198294E+0," IDEX "," 2023_12_15_run0 "," 8-90 km/s. Fe/pt olivine mix. IDEX FM. Det2500. Position 4 ",5," Iron "
8551416,20231215193414.239000000,20231215123414.239000000,1702668854239,1.122630E+4,2.107954E-18,6.042540E-17,3.998150E-8,2.198294E+0," IDEX "," 2023_12_15_run0 "," 8-90 km/s. Fe/pt olivine mix. IDEX FM. Det2500. Position 4 ",3," Iron "
8551419,20231215193420.273999999,20231215123420.273999999,1702668860274,1.220860E+4,6.486560E-18,2.199030E-16,5.815363E-8,2.198294E+0," IDEX "," 2023_12_15_run0 "," 8-90 km/s. Fe/pt olivine mix. IDEX FM. Det2500. Position 4 ",3," Iron "
8551420,20231215193425.030000000,20231215123425.030000000,1702668865030,2.487230E+4,1.534283E-18,2.158850E-16,3.596448E-8,2.198294E+0," IDEX "," 2023_12_15_run0 "," 8-90 km/s. Fe/pt olivine mix. IDEX FM. Det2500. Position 4 ",3," Iron "
8551421,20231215193429.385999999,20231215123429.385999999,1702668869386,9.098040E+3,2.178958E-17,4.102320E-16,8.709400E-8,2.198294E+0," IDEX "," 2023_12_15_run0 "," 8-90 km/s. Fe/pt olivine mix. IDEX FM. Det2500. Position 4 ",5," Iron "
8551424,20231215193435.521999999,20231215123435.521999999,1702668875522,1.137100E+4,7.399016E-18,2.174770E-16,6.076171E-8,2.199524E+0," IDEX "," 2023_12_15_run0 "," 8-90 km/s. Fe/pt olivine mix. IDEX FM. Det2500. Position 4 ",5," Iron "
8551425,20231215193436.216000000,20231215123436.216000000,1702668876216,1.785050E+4,1.977467E-18,1.432360E-16,3.913888E-8,2.199524E+0," IDEX "," 2023_12_15_run0 "," 8-90 km/s. Fe/pt olivine mix. IDEX FM. Det2500. Position 4 ",3," Iron "
8551426,20231215193437.507999999,20231215123437.507999999,1702668877508,1.047310E+4,7.566244E-18,1.886570E-16,6.121607E-8,2.199524E+0," IDEX "," 2023_12_15_run0 "," 8-90 km/s. Fe/pt olivine mix. IDEX FM. Det2500. Position 4 ",4," Iron "
8551427,20231215193443.046000000,20231215123443.046000000,1702668883046,1.400260E+4,5.146495E-18,2.296450E-16,5.383638E-8,2.197063E+0," IDEX "," 2023_12_15_run0 "," 8-90 km/s. Fe/pt olivine mix. IDEX FM. Det2500. Position 4 ",4," Iron "
8551433,20231215193455.322000000,20231215123455.322000000,1702668895322,1.068680E+4,1.170858E-17,3.043180E-16,7.080654E-8,2.197063E+0," IDEX "," 2023_12_15_run0 "," 8-90 km/s. Fe/pt olivine mix. IDEX FM. Det2500. Position 4 ",5," Iron "
8551442,20231215193511.263999999,20231215123511.263999999,1702668911264,1.859730E+4,9.326315E-18,7.344820E-16,6.563599E-8,2.195833E+0," IDEX "," 2023_12_15_run0 "," 8-90 km/s. Fe/pt olivine mix. IDEX FM. Det2500. Position 4 ",5," Iron "
8551447,20231215193522.351000000,20231215123522.351000000,1702668922351,1.273700E+4,1.198546E-17,4.425040E-16,7.136034E-8,2.197063E+0," IDEX "," 2023_12_15_run0 "," 8-90 km/s. Fe/pt olivine mix. IDEX FM. Det2500. Position 4 ",5," Iron "
8551466,20231215193609.976000000,20231215123609.976000000,1702668969976,2.031740E+4,3.778824E-18,3.545970E-16,4.856882E-8,2.199524E+0," IDEX "," 2023_12_15_run0 "," 8-90 km/s. Fe/pt olivine mix. IDEX FM. Det2500. Position 4 ",5," Iron "
8551467,20231215193611.160000000,20231215123611.160000000,1702668971160,2.535370E+4,2.603773E-18,3.811160E-16,4.289826E-8,2.195833E+0," IDEX "," 2023_12_15_run0 "," 8-90 km/s. Fe/pt olivine mix. IDEX FM. Det2500. Position 4 ",5," Iron "
8551471,20231215193623.637000000,20231215123623.637000000,1702668983637,9.792620E+3,1.032833E-17,2.252750E-16,6.790713E-8,2.198294E+0," IDEX "," 2023_12_15_run0 "," 8-90 km/s. Fe/pt olivine mix. IDEX FM. Det2500. Position 4 ",5," Iron "
8551481,20231215193652.651000000,20231215123652.651000000,1702669012651,1.287380E+4,9.310043E-18,3.509540E-16,6.559779E-8,2.198294E+0," IDEX "," 2023_12_15_run0 "," 8-90 km/s. Fe/pt olivine mix. IDEX FM. Det2500. Position 4 ",5," Iron "
8551482,20231215193654.231999999,20231215123654.231999999,1702669014232,9.473810E+3,4.746068E-17,9.688760E-16,1.128972E-7,2.198294E+0," IDEX "," 2023_12_15_run0 "," 8-90 km/s. Fe/pt olivine mix. IDEX FM. Det2500. Position 4 ",5," Iron "
8551485,20231215193708.393000000,20231215123708.393000000,1702669028393,1.697230E+4,3.824008E-18,2.506850E-16,4.876163E-8,2.197063E+0," IDEX "," 2023_12_15_run0 "," 8-90 km/s. Fe/pt olivine mix. IDEX FM. Det2500. Position 4 ",4," Iron "
8551492,20231215193727.206000000,20231215123727.206000000,1702669047206,1.239160E+4,2.717015E-17,9.494560E-16,9.374239E-8,2.197063E+0," IDEX "," 2023_12_15_run0 "," 8-90 km/s. Fe/pt olivine mix. IDEX FM. Det2500. Position 4 ",5," Iron "
8551513,20231215193822.452000000,20231215123822.452000000,1702669102452,9.549760E+3,5.456543E-18,1.132480E-16,5.489648E-8,2.197063E+0," IDEX "," 2023_12_15_run0 "," 8-90 km/s. Fe/pt olivine mix. IDEX FM. Det2500. Position 4 ",5," Iron "
8551515,20231215193826.013999999,20231215123826.013999999,1702669106014,1.334660E+4,5.406472E-18,2.189260E-16,5.472805E-8,2.199524E+0," IDEX "," 2023_12_15_run0 "," 8-90 km/s. Fe/pt olivine mix. IDEX FM. Det2500. Position 4 ",4," Iron "
8551517,20231215193830.376999999,20231215123830.376999999,1702669110377,9.896090E+3,1.100822E-17,2.452050E-16,6.936563E-8,2.198294E+0," IDEX "," 2023_12_15_run0 "," 8-90 km/s. Fe/pt olivine mix. IDEX FM. Det2500. Position 4 ",5," Iron "
8551522,20231215193847.899999999,20231215123847.899999999,1702669127900,1.161380E+4,5.037066E-18,1.546160E-16,5.345207E-8,2.197063E+0," IDEX "," 2023_12_15_run0 "," 8-90 km/s. Fe/pt olivine mix. IDEX FM. Det2500. Position 4 ",5," Iron "
8551527,20231215193900.506999999,20231215123900.506999999,1702669140507,1.736090E+4,1.173182E-17,8.042570E-16,7.085336E-8,2.198294E+0," IDEX "," 2023_12_15_run0 "," 8-90 km/s. Fe/pt olivine mix. IDEX FM. Det2500. Position 4 ",5," Iron "
8551530,20231215193907.334000000,20231215123907.334000000,1702669147334,8.395610E+3,2.313819E-17,3.709530E-16,8.885498E-8,2.198294E+0," IDEX "," 2023_12_15_run0 "," 8-90 km/s. Fe/pt olivine mix. IDEX FM. Det2500. Position 4 ",5," Iron "
8551531,20231215193908.100000000,20231215123908.100000000,1702669148100,7.254830E+4,4.169339E-19,4.991220E-16,2.329491E-8,2.198294E+0," IDEX "," 2023_12_15_run0 "," 8-90 km/s. Fe/pt olivine mix. IDEX FM. Det2500. Position 4 ",5," Iron "
8551539,20231215193934.643999999,20231215123934.643999999,1702669174644,1.845970E+4,2.326303E-18,1.803020E-16,4.131687E-8,2.198294E+0," IDEX "," 2023_12_15_run0 "," 8-90 km/s. Fe/pt olivine mix. IDEX FM. Det2500. Position 4 ",3," Iron "
8551542,20231215193938.297999999,20231215123938.297999999,1702669178298,8.700930E+3,7.146386E-18,1.230560E-16,6.006214E-8,2.198294E+0," IDEX "," 2023_12_15_run0 "," 8-90 km/s. Fe/pt olivine mix. IDEX FM. Det2500. Position 4 ",3," Iron "
8551550,20231215193955.984999999,20231215123955.984999999,1702669195985,1.077030E+4,9.538357E-18,2.516600E-16,6.612969E-8,2.198294E+0," IDEX "," 2023_12_15_run0 "," 8-90 km/s. Fe/pt olivine mix. IDEX FM. Det2500. Position 4 ",5," Iron "
8551551,20231215193956.466999999,20231215123956.466999999,1702669196467,1.714650E+4,4.232271E-18,2.830150E-16,5.043862E-8,2.198294E+0," IDEX "," 2023_12_15_run0 "," 8-90 km/s. Fe/pt olivine mix. IDEX FM. Det2500. Position 4 ",5," Iron "
8551552,20231215193959.828999999,20231215123959.828999999,1702669199829,1.209140E+4,1.192191E-17,3.964460E-16,7.123398E-8,2.198294E+0," IDEX "," 2023_12_15_run0 "," 8-90 km/s. Fe/pt olivine mix. IDEX FM. Det2500. Position 4 ",5," Iron "
8551555,20231215194007.432999999,20231215124007.432999999,1702669207433,9.052710E+3,6.882203E-18,1.283550E-16,5.931272E-8,2.197063E+0," IDEX "," 2023_12_15_run0 "," 8-90 km/s. Fe/pt olivine mix. IDEX FM. Det2500. Position 4 ",5," Iron "
8551556,20231215194008.481999999,20231215124008.481999999,1702669208482,2.585570E+4,1.190602E-18,1.811370E-16,3.304919E-8,2.197063E+0," IDEX "," 2023_12_15_run0 "," 8-90 km/s. Fe/pt olivine mix. IDEX FM. Det2500. Position 4 ",3," Iron "
8551558,20231215194010.601999999,20231215124010.601999999,1702669210602,1.031930E+4,7.871399E-18,1.907570E-16,6.202821E-8,2.197063E+0," IDEX "," 2023_12_15_run0 "," 8-90 km/s. Fe/pt olivine mix. IDEX FM. Det2500. Position 4 ",5," Iron "
8551559,20231215194011.084999999,20231215124011.084999999,1702669211085,1.108140E+4,7.212304E-18,2.015540E-16,6.024625E-8,2.197063E+0," IDEX "," 2023_12_15_run0 "," 8-90 km/s. Fe/pt olivine mix. IDEX FM. Det2500. Position 4 ",5," Iron "
8551566,20231215194027.043000000,20231215124027.043000000,1702669227043,1.787400E+4,2.460972E-18,1.789280E-16,4.209924E-8,2.197063E+0," IDEX "," 2023_12_15_run0 "," 8-90 km/s. Fe/pt olivine mix. IDEX FM. Det2500. Position 4 ",5," Iron "
8551571,20231215194033.486999999,20231215124033.486999999,1702669233487,9.392120E+3,5.704515E-17,1.143900E-15,1.200360E-7,2.199524E+0," IDEX "," 2023_12_15_run0 "," 8-90 km/s. Fe/pt olivine mix. IDEX FM. Det2500. Position 4 ",5," Iron "
8551576,20231215194044.155999999,20231215124044.155999999,1702669244156,2.001220E+4,6.115228E-18,5.573530E-16,5.702206E-8,2.197063E+0," IDEX "," 2023_12_15_run0 "," 8-90 km/s. Fe/pt olivine mix. IDEX FM. Det2500. Position 4 ",3," Iron "
8551580,20231215194101.655000000,20231215124101.655000000,1702669261655,1.717710E+4,9.058241E-18,6.078950E-16,6.500099E-8,2.198294E+0," IDEX "," 2023_12_15_run0 "," 8-90 km/s. Fe/pt olivine mix. IDEX FM. Det2500. Position 4 ",5," Iron "
8551581,20231215194104.925000000,20231215124104.925000000,1702669264925,1.494690E+4,2.878000E-18,1.462440E-16,4.435428E-8,2.198294E+0," IDEX "," 2023_12_15_run0 "," 8-90 km/s. Fe/pt olivine mix. IDEX FM. Det2500. Position 4 ",3," Iron "
8551583,20231215194108.962000000,20231215124108.962000000,1702669268962,1.616980E+4,3.003758E-18,1.786320E-16,4.499114E-8,2.198294E+0," IDEX "," 2023_12_15_run0 "," 8-90 km/s. Fe/pt olivine mix. IDEX FM. Det2500. Position 4 ",4," Iron "
8551584,20231215194110.408999999,20231215124110.408999999,1702669270409,1.202320E+4,1.862746E-17,6.121190E-16,8.265894E-8,2.199524E+0," IDEX "," 2023_12_15_run0 "," 8-90 km/s. Fe/pt olivine mix. IDEX FM. Det2500. Position 4 ",5," Iron "
8551587,20231215194114.061999999,20231215124114.061999999,1702669274062,1.479330E+4,6.384910E-18,3.176340E-16,5.784825E-8,2.199524E+0," IDEX "," 2023_12_15_run0 "," 8-90 km/s. Fe/pt olivine mix. IDEX FM. Det2500. Position 4 ",5," Iron "
8551593,20231215194121.182000000,20231215124121.182000000,1702669281182,1.141110E+4,2.259431E-17,6.691740E-16,8.815325E-8,2.198294E+0," IDEX "," 2023_12_15_run0 "," 8-90 km/s. Fe/pt olivine mix. IDEX FM. Det2500. Position 4 ",5," Iron "
8551596,20231215194134.828999999,20231215124134.828999999,1702669294829,1.587040E+4,6.516294E-18,3.735120E-16,5.824235E-8,2.197063E+0," IDEX "," 2023_12_15_run0 "," 8-90 km/s. Fe/pt olivine mix. IDEX FM. Det2500. Position 4 ",5," Iron "
8551597,20231215194137.145000000,20231215124137.145000000,1702669297145,8.559460E+3,1.410195E-17,2.349940E-16,7.533527E-8,2.198294E+0," IDEX "," 2023_12_15_run0 "," 8-90 km/s. Fe/pt olivine mix. IDEX FM. Det2500. Position 4 ",5," Iron "
8551598,20231215194140.209000000,20231215124140.209000000,1702669300209,9.017720E+3,6.215117E-18,1.149550E-16,5.733086E-8,2.198294E+0," IDEX "," 2023_12_15_run0 "," 8-90 km/s. Fe/pt olivine mix. IDEX FM. Det2500. Position 4 ",3," Iron "
8551601,20231215194140.689000000,20231215124140.689000000,1702669300689,1.161210E+4,8.990595E-18,2.757370E-16,6.483878E-8,2.198294E+0," IDEX "," 2023_12_15_run0 "," 8-90 km/s. Fe/pt olivine mix. IDEX FM. Det2500. Position 4 ",4," Iron "
8551603,20231215194145.212000000,20231215124145.212000000,1702669305212,9.545600E+3,2.609587E-17,5.408330E-16,9.249024E-8,2.198294E+0," IDEX "," 2023_12_15_run0 "," 8-90 km/s. Fe/pt olivine mix. IDEX FM. Det2500. Position 4 ",5," Iron "
8551604,20231215194145.310999999,20231215124145.310999999,1702669305311,4.261320E+4,1.195302E-18,4.936860E-16,3.309262E-8,2.198294E+0," IDEX "," 2023_12_15_run0 "," 8-90 km/s. Fe/pt olivine mix. IDEX FM. Det2500. Position 4 ",5," Iron "
8551605,20231215194159.257999999,20231215124159.257999999,1702669319258,1.112050E+4,6.973989E-18,1.961620E-16,5.957523E-8,2.198294E+0," IDEX "," 2023_12_15_run0 "," 8-90 km/s. Fe/pt olivine mix. IDEX FM. Det2500. Position 4 ",5," Iron "
8551606,20231215194200.114000000,20231215124200.114000000,1702669320114,8.063230E+3,2.943091E-17,4.352180E-16,9.627346E-8,2.198294E+0," IDEX "," 2023_12_15_run0 "," 8-90 km/s. Fe/pt olivine mix. IDEX FM. Det2500. Position 4 ",5," Iron "
8551609,20231215194211.658000000,20231215124211.658000000,1702669331658,1.891760E+4,1.909590E-18,1.555250E-16,3.868584E-8,2.197063E+0," IDEX "," 2023_12_15_run0 "," 8-90 km/s. Fe/pt olivine mix. IDEX FM. Det2500. Position 4 ",4," Iron "
8551610,20231215194212.899999999,20231215124212.899999999,1702669332900,7.288350E+4,2.220958E-19,2.683390E-16,1.888363E-8,2.198294E+0," IDEX "," 2023_12_15_run0 "," 8-90 km/s. Fe/pt olivine mix. IDEX FM. Det2500. Position 4 ",4," Iron "
8551611,20231215194218.390000000,20231215124218.390000000,1702669338390,1.499180E+4,2.531641E-18,1.294180E-16,4.249841E-8,2.198294E+0," IDEX "," 2023_12_15_run0 "," 8-90 km/s. Fe/pt olivine mix. IDEX FM. Det2500. Position 4 ",4," Iron "
8551612,20231215194218.577000000,20231215124218.577000000,1702669338577,1.535560E+4,4.420401E-18,2.370720E-16,5.117516E-8,2.198294E+0," IDEX "," 2023_12_15_run0 "," 8-90 km/s. Fe/pt olivine mix. IDEX FM. Det2500. Position 4 ",5," Iron "
8551614,20231215194220.785000000,20231215124220.785000000,1702669340785,1.104270E+4,1.339371E-17,3.714810E-16,7.405238E-8,2.198294E+0," IDEX "," 2023_12_15_run0 "," 8-90 km/s. Fe/pt olivine mix. IDEX FM. Det2500. Position 4 ",5," Iron "
8551619,20231215194240.604000000,20231215124240.604000000,1702669360604,9.826060E+3,3.328440E-17,7.313540E-16,1.003041E-7,2.197063E+0," IDEX "," 2023_12_15_run0 "," 8-90 km/s. Fe/pt olivine mix. IDEX FM. Det2500. Position 4 ",5," Iron "
8551621,20231215194242.135000000,20231215124242.135000000,1702669362135,6.787740E+4,3.840598E-19,4.026960E-16,2.266583E-8,2.197063E+0," IDEX "," 2023_12_15_run0 "," 8-90 km/s. Fe/pt olivine mix. IDEX FM. Det2500. Position 4 ",4," Iron "
8551622,20231215194243.487999999,20231215124243.487999999,1702669363488,1.306710E+4,1.511495E-17,5.873450E-16,7.709761E-8,2.197063E+0," IDEX "," 2023_12_15_run0 "," 8-90 km/s. Fe/pt olivine mix. IDEX FM. Det2500. Position 4 ",5," Iron "
8551623,20231215194246.660000000,20231215124246.660000000,1702669366660,8.660790E+3,1.219545E-17,2.081810E-16,7.177469E-8,2.197063E+0," IDEX "," 2023_12_15_run0 "," 8-90 km/s. Fe/pt olivine mix. IDEX FM. Det2500. Position 4 ",5," Iron "
8551624,20231215194248.104999999,20231215124248.104999999,1702669368105,9.840520E+3,1.537028E-17,3.387240E-16,7.752931E-8,2.197063E+0," IDEX "," 2023_12_15_run0 "," 8-90 km/s. Fe/pt olivine mix. IDEX FM. Det2500. Position 4 ",3," Iron "
8551629,20231215194250.890999999,20231215124250.890999999,1702669370891,1.615780E+4,9.751373E-18,5.793730E-16,6.661836E-8,2.197063E+0," IDEX "," 2023_12_15_run0 "," 8-90 km/s. Fe/pt olivine mix. IDEX FM. Det2500. Position 4 ",5," Iron "
8551631,20231215194254.731000000,20231215124254.731000000,1702669374731,1.504100E+4,4.793753E-18,2.463930E-16,5.257717E-8,2.200754E+0," IDEX "," 2023_12_15_run0 "," 8-90 km/s. Fe/pt olivine mix. IDEX FM. Det2500. Position 4 ",5," Iron "
8551634,20231215194304.827000000,20231215124304.827000000,1702669384827,1.274940E+4,1.363720E-17,5.041850E-16,7.449843E-8,2.198294E+0," IDEX "," 2023_12_15_run0 "," 8-90 km/s. Fe/pt olivine mix. IDEX FM. Det2500. Position 4 ",5," Iron "
8551637,20231215194316.271999999,20231215124316.271999999,1702669396272,1.392150E+4,6.191430E-18,2.729280E-16,5.725793E-8,2.198294E+0," IDEX "," 2023_12_15_run0 "," 8-90 km/s. Fe/pt olivine mix. IDEX FM. Det2500. Position 4 ",5," Iron "
8551638,20231215194321.564999999,20231215124321.564999999,1702669401565,1.703680E+4,1.186922E-17,7.835800E-16,7.112889E-8,2.198294E+0," IDEX "," 2023_12_15_run0 "," 8-90 km/s. Fe/pt olivine mix. IDEX FM. Det2500. Position 4 ",5," Iron "
8551639,20231215194324.351000000,20231215124324.351000000,1702669404351,1.526050E+4,3.373080E-18,1.786690E-16,4.676427E-8,2.198294E+0," IDEX "," 2023_12_15_run0 "," 8-90 km/s. Fe/pt olivine mix. IDEX FM. Det2500. Position 4 ",4," Iron "
8551642,20231215194333.873000000,20231215124333.873000000,1702669413873,1.324530E+4,5.983076E-18,2.388780E-16,5.660830E-8,2.197063E+0," IDEX "," 2023_12_15_run0 "," 8-90 km/s. Fe/pt olivine mix. IDEX FM. Det2500. Position 4 ",3," Iron "
8551643,20231215194335.888000000,20231215124335.888000000,1702669415888,1.053040E+4,2.234369E-17,5.638620E-16,8.782611E-8,2.197063E+0," IDEX "," 2023_12_15_run0 "," 8-90 km/s. Fe/pt olivine mix. IDEX FM. Det2500. Position 4 ",3," Iron "
8551647,20231215194339.347999999,20231215124339.347999999,1702669419348,9.021440E+3,2.147070E-17,3.976730E-16,8.666706E-8,2.197063E+0," IDEX "," 2023_12_15_run0 "," 8-90 km/s. Fe/pt olivine mix. IDEX FM. Det2500. Position 4 ",5," Iron "
8551649,20231215194346.652000000,20231215124346.652000000,1702669426652,2.013790E+4,2.768598E-18,2.555150E-16,4.378499E-8,2.197063E+0," IDEX "," 2023_12_15_run0 "," 8-90 km/s. Fe/pt olivine mix. IDEX FM. Det2500. Position 4 ",5," Iron "
8551650,20231215194346.853000000,20231215124346.853000000,1702669426853,1.663080E+4,8.028579E-18,5.053510E-16,6.243837E-8,2.197063E+0," IDEX "," 2023_12_15_run0 "," 8-90 km/s. Fe/pt olivine mix. IDEX FM. Det2500. Position 4 ",5," Iron "
8551653,20231215194359.635999999,20231215124359.635999999,1702669439636,8.675280E+3,8.015802E-18,1.372910E-16,6.240523E-8,2.197063E+0," IDEX "," 2023_12_15_run0 "," 8-90 km/s. Fe/pt olivine mix. IDEX FM. Det2500. Position 4 ",5," Iron "
8551657,20231215194414.538999999,20231215124414.538999999,1702669454539,3.743470E+4,2.121402E-18,6.757930E-16,4.006634E-8,2.199524E+0," IDEX "," 2023_12_15_run0 "," 8-90 km/s. Fe/pt olivine mix. IDEX FM. Det2500. Position 4 ",5," Iron "
8551659,20231215194416.086000000,20231215124416.086000000,1702669456086,1.153060E+4,8.848886E-18,2.674450E-16,6.449631E-8,2.199524E+0," IDEX "," 2023_12_15_run0 "," 8-90 km/s. Fe/pt olivine mix. IDEX FM. Det2500. Position 4 ",4," Iron "
8551662,20231215194421.841999999,20231215124421.841999999,1702669461842,1.303860E+4,8.651696E-18,3.343530E-16,6.401363E-8,2.199524E+0," IDEX "," 2023_12_15_run0 "," 8-90 km/s. Fe/pt olivine mix. IDEX FM. Det2500. Position 4 ",5," Iron "
8551663,20231215194423.192000000,20231215124423.192000000,1702669463192,1.161350E+4,1.531471E-17,4.695450E-16,7.743577E-8,2.199524E+0," IDEX "," 2023_12_15_run0 "," 8-90 km/s. Fe/pt olivine mix. IDEX FM. Det2500. Position 4 ",5," Iron "
8551667,20231215194427.430000000,20231215124427.430000000,1702669467430,1.066510E+4,8.851810E-18,2.288780E-16,6.450341E-8,2.199524E+0," IDEX "," 2023_12_15_run0 "," 8-90 km/s. Fe/pt olivine mix. IDEX FM. Det2500. Position 4 ",5," Iron "
8551668,20231215194429.640000000,20231215124429.640000000,1702669469640,1.222980E+4,7.740271E-18,2.634650E-16,6.168185E-8,2.197063E+0," IDEX "," 2023_12_15_run0 "," 8-90 km/s. Fe/pt olivine mix. IDEX FM. Det2500. Position 4 ",5," Iron "
8551672,20231215194450.206000000,20231215124450.206000000,1702669490206,1.691330E+4,5.758056E-18,3.746430E-16,5.588955E-8,2.198294E+0," IDEX "," 2023_12_15_run0 "," 8-90 km/s. Fe/pt olivine mix. IDEX FM. Det2500. Position 4 ",5," Iron "
8551674,20231215194455.310000000,20231215124455.310000000,1702669495310,1.439840E+4,5.495653E-18,2.591390E-16,5.502733E-8,2.198294E+0," IDEX "," 2023_12_15_run0 "," 8-90 km/s. Fe/pt olivine mix. IDEX FM. Det2500. Position 4 ",4," Iron "
8551677,20231215194501.276000000,20231215124501.276000000,1702669501276,9.001460E+3,7.438120E-18,1.370800E-16,6.086857E-8,2.198294E+0," IDEX "," 2023_12_15_run0 "," 8-90 km/s. Fe/pt olivine mix. IDEX FM. Det2500. Position 4 ",5," Iron "
8551681,20231215194510.603000000,20231215124510.603000000,1702669510603,8.706690E+3,2.849140E-17,4.909780E-16,9.523792E-8,2.199524E+0," IDEX "," 2023_12_15_run0 "," 8-90 km/s. Fe/pt olivine mix. IDEX FM. Det2500. Position 4 ",5," Iron "
8551683,20231215194514.157000000,20231215124514.157000000,1702669514157,1.185080E+4,1.626281E-17,5.191980E-16,7.900184E-8,2.199524E+0," IDEX "," 2023_12_15_run0 "," 8-90 km/s. Fe/pt olivine mix. IDEX FM. Det2500. Position 4 ",5," Iron "
8551684,20231215194514.250000000,20231215124514.250000000,1702669514250,9.685340E+3,5.527910E-18,1.178780E-16,5.513478E-8,2.199524E+0," IDEX "," 2023_12_15_run0 "," 8-90 km/s. Fe/pt olivine mix. IDEX FM. Det2500. Position 4 ",4," Iron "
8551688,20231215194518.481999999,20231215124518.481999999,1702669518482,1.173580E+4,7.449480E-18,2.334960E-16,6.089954E-8,2.197063E+0," IDEX "," 2023_12_15_run0 "," 8-90 km/s. Fe/pt olivine mix. IDEX FM. Det2500. Position 4 ",5," Iron "
8551690,20231215194520.509000000,20231215124520.509000000,1702669520509,7.945750E+3,8.629214E-18,1.239850E-16,6.395813E-8,2.197063E+0," IDEX "," 2023_12_15_run0 "," 8-90 km/s. Fe/pt olivine mix. IDEX FM. Det2500. Position 4 ",3," Iron "
8551691,20231215194521.365999999,20231215124521.365999999,1702669521366,1.181390E+4,5.991184E-18,1.902950E-16,5.663387E-8,2.197063E+0," IDEX "," 2023_12_15_run0 "," 8-90 km/s. Fe/pt olivine mix. IDEX FM. Det2500. Position 4 ",5," Iron "
8551692,20231215194528.484999999,20231215124528.484999999,1702669528485,1.207290E+4,1.007804E-17,3.342930E-16,6.735409E-8,2.197063E+0," IDEX "," 2023_12_15_run0 "," 8-90 km/s. Fe/pt olivine mix. IDEX FM. Det2500. Position 4 ",5," Iron "
8551697,20231215194542.331000000,20231215124542.331000000,1702669542331,1.608010E+4,5.096895E-18,2.999240E-16,5.366287E-8,2.197063E+0," IDEX "," 2023_12_15_run0 "," 8-90 km/s. Fe/pt olivine mix. IDEX FM. Det2500. Position 4 ",4," Iron "
8551698,20231215194545.408000000,20231215124545.408000000,1702669545408,8.295990E+3,3.291163E-17,5.149060E-16,9.992829E-8,2.199524E+0," IDEX "," 2023_12_15_run0 "," 8-90 km/s. Fe/pt olivine mix. IDEX FM. Det2500. Position 4 ",5," Iron "
8551704,20231215194558.370000000,20231215124558.370000000,1702669558370,1.313200E+4,3.739107E-18,1.466610E-16,4.839806E-8,2.198294E+0," IDEX "," 2023_12_15_run0 "," 8-90 km/s. Fe/pt olivine mix. IDEX FM. Det2500. Position 4 ",3," Iron "
8551709,20231215194624.469999999,20231215124624.469999999,1702669584470,1.341890E+4,4.860055E-18,1.992720E-16,5.281846E-8,2.195833E+0," IDEX "," 2023_12_15_run0 "," 8-90 km/s. Fe/pt olivine mix. IDEX FM. Det2500. Position 4 ",3," Iron "
8551711,20231215194630.032000000,20231215124630.032000000,1702669590032,8.766700E+3,1.827182E-17,3.197610E-16,8.212952E-8,2.195833E+0," IDEX "," 2023_12_15_run0 "," 8-90 km/s. Fe/pt olivine mix. IDEX FM. Det2500. Position 4 ",5," Iron "
8551715,20231215194645.035000000,20231215124645.035000000,1702669605035,1.078270E+4,8.236285E-18,2.176850E-16,6.297223E-8,2.199524E+0," IDEX "," 2023_12_15_run0 "," 8-90 km/s. Fe/pt olivine mix. IDEX FM. Det2500. Position 4 ",3," Iron "
8551718,20231215194650.864000000,20231215124650.864000000,1702669610864,1.743380E+4,5.914879E-18,4.091270E-16,5.639241E-8,2.197063E+0," IDEX "," 2023_12_15_run0 "," 8-90 km/s. Fe/pt olivine mix. IDEX FM. Det2500. Position 4 ",5," Iron "
8551730,20231215194739.376000000,20231215124739.376000000,1702669659376,1.113500E+4,1.946505E-17,5.489350E-16,8.387975E-8,2.198294E+0," IDEX "," 2023_12_15_run0 "," 8-90 km/s. Fe/pt olivine mix. IDEX FM. Det2500. Position 4 ",5," Iron "
8551731,20231215194740.126000000,20231215124740.126000000,1702669660126,8.709000E+3,3.503651E-17,6.044250E-16,1.020342E-7,2.198294E+0," IDEX "," 2023_12_15_run0 "," 8-90 km/s. Fe/pt olivine mix. IDEX FM. Det2500. Position 4 ",4," Iron "
8551733,20231215194754.658999999,20231215124754.658999999,1702669674659,1.353490E+4,2.226386E-17,9.281940E-16,8.772139E-8,2.197063E+0," IDEX "," 2023_12_15_run0 "," 8-90 km/s. Fe/pt olivine mix. IDEX FM. Det2500. Position 4 ",5," Iron "
8551735,20231215194756.694999999,20231215124756.694999999,1702669676695,1.185190E+4,1.144428E-17,3.658410E-16,7.026970E-8,2.197063E+0," IDEX "," 2023_12_15_run0 "," 8-90 km/s. Fe/pt olivine mix. IDEX FM. Det2500. Position 4 ",5," Iron "
8551736,20231215194759.379999999,20231215124759.379999999,1702669679380,1.672040E+4,6.515428E-18,4.145380E-16,5.823977E-8,2.197063E+0," IDEX "," 2023_12_15_run0 "," 8-90 km/s. Fe/pt olivine mix. IDEX FM. Det2500. Position 4 ",5," Iron "
8551737,20231215194802.432999999,20231215124802.432999999,1702669682433,1.980710E+4,2.759341E-18,2.462250E-16,4.373614E-8,2.198294E+0," IDEX "," 2023_12_15_run0 "," 8-90 km/s. Fe/pt olivine mix. IDEX FM. Det2500. Position 4 ",4," Iron "
8551738,20231215194806.239999999,20231215124806.239999999,1702669686240,1.778930E+4,3.113535E-18,2.242330E-16,4.553268E-8,2.197063E+0," IDEX "," 2023_12_15_run0 "," 8-90 km/s. Fe/pt olivine mix. IDEX FM. Det2500. Position 4 ",5," Iron "
8551740,20231215194809.013000000,20231215124809.013000000,1702669689013,1.392400E+4,6.243380E-18,2.754710E-16,5.741763E-8,2.197063E+0," IDEX "," 2023_12_15_run0 "," 8-90 km/s. Fe/pt olivine mix. IDEX FM. Det2500. Position 4 ",5," Iron "
8551741,20231215194811.878000000,20231215124811.878000000,1702669691878,1.587300E+4,1.855456E-18,1.063890E-16,3.831677E-8,2.197063E+0," IDEX "," 2023_12_15_run0 "," 8-90 km/s. Fe/pt olivine mix. IDEX FM. Det2500. Position 4 ",4," Iron "
8551742,20231215194813.358000000,20231215124813.358000000,1702669693358,1.039740E+4,1.091936E-17,2.683420E-16,6.917848E-8,2.199524E+0," IDEX "," 2023_12_15_run0 "," 8-90 km/s. Fe/pt olivine mix. IDEX FM. Det2500. Position 4 ",5," Iron "
8551752,20231215194839.570999999,20231215124839.570999999,1702669719571,1.473140E+4,4.925854E-18,2.431390E-16,5.305576E-8,2.198294E+0," IDEX "," 2023_12_15_run0 "," 8-90 km/s. Fe/pt olivine mix. IDEX FM. Det2500. Position 4 ",3," Iron "
8551754,20231215194841.973999999,20231215124841.973999999,1702669721974,1.149530E+4,1.239410E-17,3.723040E-16,7.216229E-8,2.199524E+0," IDEX "," 2023_12_15_run0 "," 8-90 km/s. Fe/pt olivine mix. IDEX FM. Det2500. Position 4 ",4," Iron "
8551755,20231215194848.265000000,20231215124848.265000000,1702669728265,2.054500E+4,3.620297E-18,3.477640E-16,4.787992E-8,2.197063E+0," IDEX "," 2023_12_15_run0 "," 8-90 km/s. Fe/pt olivine mix. IDEX FM. Det2500. Position 4 ",4," Iron "
8551757,20231215194849.378000000,20231215124849.378000000,1702669729378,9.645070E+3,6.984878E-18,1.478760E-16,5.960622E-8,2.197063E+0," IDEX "," 2023_12_15_run0 "," 8-90 km/s. Fe/pt olivine mix. IDEX FM. Det2500. Position 4 ",5," Iron "
8551758,20231215194849.577000000,20231215124849.577000000,1702669729577,1.498160E+4,9.863166E-18,5.038030E-16,6.687197E-8,2.197063E+0," IDEX "," 2023_12_15_run0 "," 8-90 km/s. Fe/pt olivine mix. IDEX FM. Det2500. Position 4 ",5," Iron "
8551760,20231215194857.064999999,20231215124857.064999999,1702669737065,8.130730E+3,1.385065E-17,2.082640E-16,7.488509E-8,2.198294E+0," IDEX "," 2023_12_15_run0 "," 8-90 km/s. Fe/pt olivine mix. IDEX FM. Det2500. Position 4 ",4," Iron "
8551761,20231215194900.307000000,20231215124900.307000000,1702669740307,9.883440E+3,9.988697E-18,2.219270E-16,6.715447E-8,2.198294E+0," IDEX "," 2023_12_15_run0 "," 8-90 km/s. Fe/pt olivine mix. IDEX FM. Det2500. Position 4 ",5," Iron "
8551762,20231215194901.324999999,20231215124901.324999999,1702669741325,1.833870E+4,3.903726E-18,2.986080E-16,4.909815E-8,2.198294E+0," IDEX "," 2023_12_15_run0 "," 8-90 km/s. Fe/pt olivine mix. IDEX FM. Det2500. Position 4 ",5," Iron "
8551765,20231215194916.885999999,20231215124916.885999999,1702669756886,9.417020E+3,1.786748E-17,3.603920E-16,8.151916E-8,2.198294E+0," IDEX "," 2023_12_15_run0 "," 8-90 km/s. Fe/pt olivine mix. IDEX FM. Det2500. Position 4 ",5," Iron "
8551773,20231215194942.248000000,20231215124942.248000000,1702669782248,2.239700E+4,1.340981E-18,1.529130E-16,3.438583E-8,2.199524E+0," IDEX "," 2023_12_15_run0 "," 8-90 km/s. Fe/pt olivine mix. IDEX FM. Det2500. Position 4 ",4," Iron "
8551774,20231215194943.643000000,20231215124943.643000000,1702669783643,1.618840E+4,2.749154E-18,1.636840E-16,4.368225E-8,2.200754E+0," IDEX "," 2023_12_15_run0 "," 8-90 km/s. Fe/pt olivine mix. IDEX FM. Det2500. Position 4 ",5," Iron "
8551775,20231215194944.200999999,20231215124944.200999999,1702669784201,1.737390E+4,1.365536E-17,9.364770E-16,7.453147E-8,2.200754E+0," IDEX "," 2023_12_15_run0 "," 8-90 km/s. Fe/pt olivine mix. IDEX FM. Det2500. Position 4 ",5," Iron "
8551778,20231215194951.140000000,20231215124951.140000000,1702669791140,8.326290E+3,2.769641E-16,4.369730E-15,2.032575E-7,2.197063E+0," IDEX "," 2023_12_15_run0 "," 8-90 km/s. Fe/pt olivine mix. IDEX FM. Det2500. Position 4 ",5," Iron "
8551782,20231215195002.623000000,20231215125002.623000000,1702669802623,7.400530E+4,6.042754E-19,7.527410E-16,2.636232E-8,2.198294E+0," IDEX "," 2023_12_15_run0 "," 8-90 km/s. Fe/pt olivine mix. IDEX FM. Det2500. Position 4 ",5," Iron "
8551783,20231215195008.361000000,20231215125008.361000000,1702669808361,8.263300E+3,3.628496E-17,5.632170E-16,1.032320E-7,2.199524E+0," IDEX "," 2023_12_15_run0 "," 8-90 km/s. Fe/pt olivine mix. IDEX FM. Det2500. Position 4 ",5," Iron "
8551790,20231215195016.888000000,20231215125016.888000000,1702669816888,8.709960E+3,4.501401E-17,7.767210E-16,1.109229E-7,2.198294E+0," IDEX "," 2023_12_15_run0 "," 8-90 km/s. Fe/pt olivine mix. IDEX FM. Det2500. Position 4 ",4," Iron "
8551791,20231215195022.910000000,20231215125022.910000000,1702669822910,8.186950E+3,7.235718E-18,1.103090E-16,6.031137E-8,2.198294E+0," IDEX "," 2023_12_15_run0 "," 8-90 km/s. Fe/pt olivine mix. IDEX FM. Det2500. Position 4 ",5," Iron "
8551796,20231215195030.410000000,20231215125030.410000000,1702669830410,1.108640E+4,8.385912E-18,2.345630E-16,6.335129E-8,2.197063E+0," IDEX "," 2023_12_15_run0 "," 8-90 km/s. Fe/pt olivine mix. IDEX FM. Det2500. Position 4 ",5," Iron "
8551798,20231215195034.293000000,20231215125034.293000000,1702669834293,8.038410E+3,1.264552E-17,1.860580E-16,7.264698E-8,2.195833E+0," IDEX "," 2023_12_15_run0 "," 8-90 km/s. Fe/pt olivine mix. IDEX FM. Det2500. Position 4 ",5," Iron "
8551801,20231215195045.961000000,20231215125045.961000000,1702669845961,1.270950E+4,5.018806E-18,1.842890E-16,5.338740E-8,2.199524E+0," IDEX "," 2023_12_15_run0 "," 8-90 km/s. Fe/pt olivine mix. IDEX FM. Det2500. Position 4 ",4," Iron "
8551804,20231215195051.226000000,20231215125051.226000000,1702669851226,1.766500E+4,4.446073E-18,3.155650E-16,5.127404E-8,2.198294E+0," IDEX "," 2023_12_15_run0 "," 8-90 km/s. Fe/pt olivine mix. IDEX FM. Det2500. Position 4 ",4," Iron "
8551814,20231215195115.226999999,20231215125115.226999999,1702669875227,8.239650E+3,1.177907E-17,1.818920E-16,7.094835E-8,2.198294E+0," IDEX "," 2023_12_15_run0 "," 8-90 km/s. Fe/pt olivine mix. IDEX FM. Det2500. Position 4 ",5," Iron "
8551816,20231215195118.456000000,20231215125118.456000000,1702669878456,1.054670E+4,3.405425E-17,8.615680E-16,1.010716E-7,2.198294E+0," IDEX "," 2023_12_15_run0 "," 8-90 km/s. Fe/pt olivine mix. IDEX FM. Det2500. Position 4 ",5," Iron "
8551819,20231215195134.479999999,20231215125134.479999999,1702669894480,9.034670E+3,1.688984E-17,3.137460E-16,8.000439E-8,2.197063E+0," IDEX "," 2023_12_15_run0 "," 8-90 km/s. Fe/pt olivine mix. IDEX FM. Det2500. Position 4 ",3," Iron "
8551822,20231215195149.103000000,20231215125149.103000000,1702669909103,1.280610E+4,7.327741E-18,2.733310E-16,6.056597E-8,2.198294E+0," IDEX "," 2023_12_15_run0 "," 8-90 km/s. Fe/pt olivine mix. IDEX FM. Det2500. Position 4 ",5," Iron "
8551824,20231215195149.475000000,20231215125149.475000000,1702669909475,1.115860E+4,9.053086E-18,2.563900E-16,6.498865E-8,2.198294E+0," IDEX "," 2023_12_15_run0 "," 8-90 km/s. Fe/pt olivine mix. IDEX FM. Det2500. Position 4 ",4," Iron "
8551825,20231215195149.558999999,20231215125149.558999999,1702669909559,1.635760E+4,3.852813E-18,2.344780E-16,4.888376E-8,2.198294E+0," IDEX "," 2023_12_15_run0 "," 8-90 km/s. Fe/pt olivine mix. IDEX FM. Det2500. Position 4 ",4," Iron "
8551828,20231215195155.958000000,20231215125155.958000000,1702669915958,9.129000E+3,6.149035E-18,1.165570E-16,5.712694E-8,2.198294E+0," IDEX "," 2023_12_15_run0 "," 8-90 km/s. Fe/pt olivine mix. IDEX FM. Det2500. Position 4 ",3," Iron "
8551829,20231215195156.512000000,20231215125156.512000000,1702669916512,9.833650E+3,6.655020E-18,1.463740E-16,5.865276E-8,2.198294E+0," IDEX "," 2023_12_15_run0 "," 8-90 km/s. Fe/pt olivine mix. IDEX FM. Det2500. Position 4 ",5," Iron "
8551831,20231215195201.979000000,20231215125201.979000000,1702669921979,1.352750E+4,3.958389E-18,1.647550E-16,4.932626E-8,2.198294E+0," IDEX "," 2023_12_15_run0 "," 8-90 km/s. Fe/pt olivine mix. IDEX FM. Det2500. Position 4 ",4," Iron "
8551832,20231215195205.114999999,20231215125205.114999999,1702669925115,1.263660E+4,5.367956E-18,1.949640E-16,5.459778E-8,2.198294E+0," IDEX "," 2023_12_15_run0 "," 8-90 km/s. Fe/pt olivine mix. IDEX FM. Det2500. Position 4 ",5," Iron "
8551833,20231215195206.330000000,20231215125206.330000000,1702669926330,1.389700E+4,3.000850E-18,1.318170E-16,4.497661E-8,2.198294E+0," IDEX "," 2023_12_15_run0 "," 8-90 km/s. Fe/pt olivine mix. IDEX FM. Det2500. Position 4 ",4," Iron "
8551835,20231215195222.248000000,20231215125222.248000000,1702669942248,8.361250E+3,1.297534E-17,2.062070E-16,7.327316E-8,2.199524E+0," IDEX "," 2023_12_15_run0 "," 8-90 km/s. Fe/pt olivine mix. IDEX FM. Det2500. Position 4 ",3," Iron "
8551836,20231215195227.533000000,20231215125227.533000000,1702669947533,9.817490E+3,6.763754E-18,1.483600E-16,5.897047E-8,2.197063E+0," IDEX "," 2023_12_15_run0 "," 8-90 km/s. Fe/pt olivine mix. IDEX FM. Det2500. Position 4 ",4," Iron "
8551837,20231215195229.660999999,20231215125229.660999999,1702669949661,1.144520E+4,1.569796E-17,4.679700E-16,7.807638E-8,2.197063E+0," IDEX "," 2023_12_15_run0 "," 8-90 km/s. Fe/pt olivine mix. IDEX FM. Det2500. Position 4 ",5," Iron "
8551838,20231215195231.140999999,20231215125231.140999999,1702669951141,1.132790E+4,1.143158E-17,3.338360E-16,7.024370E-8,2.197063E+0," IDEX "," 2023_12_15_run0 "," 8-90 km/s. Fe/pt olivine mix. IDEX FM. Det2500. Position 4 ",5," Iron "
8551841,20231215195244.574000000,20231215125244.574000000,1702669964574,8.162550E+3,2.170528E-17,3.289290E-16,8.698155E-8,2.198294E+0," IDEX "," 2023_12_15_run0 "," 8-90 km/s. Fe/pt olivine mix. IDEX FM. Det2500. Position 4 ",3," Iron "
8551844,20231215195252.066000000,20231215125252.066000000,1702669972066,1.043090E+4,9.077540E-18,2.246450E-16,6.504712E-8,2.198294E+0," IDEX "," 2023_12_15_run0 "," 8-90 km/s. Fe/pt olivine mix. IDEX FM. Det2500. Position 4 ",5," Iron "
8551845,20231215195258.734999999,20231215125258.734999999,1702669978735,1.311270E+4,8.212894E-18,3.210130E-16,6.291257E-8,2.199524E+0," IDEX "," 2023_12_15_run0 "," 8-90 km/s. Fe/pt olivine mix. IDEX FM. Det2500. Position 4 ",5," Iron "
8551846,20231215195302.344999999,20231215125302.344999999,1702669982345,1.648690E+4,1.000523E-17,6.185720E-16,6.719151E-8,2.198294E+0," IDEX "," 2023_12_15_run0 "," 8-90 km/s. Fe/pt olivine mix. IDEX FM. Det2500. Position 4 ",5," Iron "
8551849,20231215195316.793000000,20231215125316.793000000,1702669996793,8.205350E+3,3.544514E-17,5.430990E-16,1.024293E-7,2.197063E+0," IDEX "," 2023_12_15_run0 "," 8-90 km/s. Fe/pt olivine mix. IDEX FM. Det2500. Position 4 ",5," Iron "
8551850,20231215195322.533000000,20231215125322.533000000,1702670002533,1.014770E+4,1.327605E-17,3.109490E-16,7.383489E-8,2.198294E+0," IDEX "," 2023_12_15_run0 "," 8-90 km/s. Fe/pt olivine mix. IDEX FM. Det2500. Position 4 ",5," Iron "
8551854,20231215195339.658000000,20231215125339.658000000,1702670019658,1.529540E+4,3.800089E-18,2.022090E-16,4.865975E-8,2.198294E+0," IDEX "," 2023_12_15_run0 "," 8-90 km/s. Fe/pt olivine mix. IDEX FM. Det2500. Position 4 ",4," Iron "
8551859,20231215195348.452000000,20231215125348.452000000,1702670028452,9.942760E+3,5.049074E-17,1.135300E-15,1.152504E-7,2.198294E+0," IDEX "," 2023_12_15_run0 "," 8-90 km/s. Fe/pt olivine mix. IDEX FM. Det2500. Position 4 ",5," Iron "
8551860,20231215195350.577000000,20231215125350.577000000,1702670030577,8.330870E+3,2.194224E-17,3.465690E-16,8.729693E-8,2.197063E+0," IDEX "," 2023_12_15_run0 "," 8-90 km/s. Fe/pt olivine mix. IDEX FM. Det2500. Position 4 ",5," Iron "
8551861,20231215195354.476000000,20231215125354.476000000,1702670034476,1.221050E+4,1.253831E-17,4.249600E-16,7.244110E-8,2.199524E+0," IDEX "," 2023_12_15_run0 "," 8-90 km/s. Fe/pt olivine mix. IDEX FM. Det2500. Position 4 ",5," Iron "
8551862,20231215195354.649999999,20231215125354.649999999,1702670034650,8.389180E+3,4.985146E-17,7.975520E-16,1.147620E-7,2.199524E+0," IDEX "," 2023_12_15_run0 "," 8-90 km/s. Fe/pt olivine mix. IDEX FM. Det2500. Position 4 ",5," Iron "
8551864,20231215195355.490999999,20231215125355.490999999,1702670035491,1.007050E+4,2.272997E-17,5.240140E-16,8.832932E-8,2.199524E+0," IDEX "," 2023_12_15_run0 "," 8-90 km/s. Fe/pt olivine mix. IDEX FM. Det2500. Position 4 ",5," Iron "
8551865,20231215195355.580000000,20231215125355.580000000,1702670035580,9.530370E+3,5.519968E-18,1.139720E-16,5.510836E-8,2.199524E+0," IDEX "," 2023_12_15_run0 "," 8-90 km/s. Fe/pt olivine mix. IDEX FM. Det2500. Position 4 ",4," Iron "
8551870,20231215195407.520999999,20231215125407.520999999,1702670047521,1.581690E+4,3.168850E-18,1.803140E-16,4.580075E-8,2.198294E+0," IDEX "," 2023_12_15_run0 "," 8-90 km/s. Fe/pt olivine mix. IDEX FM. Det2500. Position 4 ",4," Iron "
8551879,20231215195427.810000000,20231215125427.810000000,1702670067810,1.250040E+4,4.262144E-18,1.514820E-16,5.055701E-8,2.198294E+0," IDEX "," 2023_12_15_run0 "," 8-90 km/s. Fe/pt olivine mix. IDEX FM. Det2500. Position 4 ",5," Iron "
8551885,20231215195449.192999999,20231215125449.192999999,1702670089193,5.467280E+4,4.615679E-19,3.136320E-16,2.409816E-8,2.199524E+0," IDEX "," 2023_12_15_run0 "," 8-90 km/s. Fe/pt olivine mix. IDEX FM. Det2500. Position 4 ",4," Iron "
8551888,20231215195454.006999999,20231215125454.006999999,1702670094007,1.268870E+4,5.421451E-18,1.985340E-16,5.477855E-8,2.198294E+0," IDEX "," 2023_12_15_run0 "," 8-90 km/s. Fe/pt olivine mix. IDEX FM. Det2500. Position 4 ",5," Iron "
8551891,20231215195503.736000000,20231215125503.736000000,1702670103736,8.852320E+3,1.317918E-17,2.350340E-16,7.365487E-8,2.197063E+0," IDEX "," 2023_12_15_run0 "," 8-90 km/s. Fe/pt olivine mix. IDEX FM. Det2500. Position 4 ",5," Iron "
8551892,20231215195505.308999999,20231215125505.308999999,1702670105309,1.788860E+4,5.324267E-17,3.877400E-15,1.173074E-7,2.197063E+0," IDEX "," 2023_12_15_run0 "," 8-90 km/s. Fe/pt olivine mix. IDEX FM. Det2500. Position 4 ",5," Iron "
8551894,20231215195508.077000000,20231215125508.077000000,1702670108077,2.716870E+4,9.173180E-19,1.540940E-16,3.029786E-8,2.197063E+0," IDEX "," 2023_12_15_run0 "," 8-90 km/s. Fe/pt olivine mix. IDEX FM. Det2500. Position 4 ",3," Iron "
8551897,20231215195515.768000000,20231215125515.768000000,1702670115768,1.027810E+4,8.139202E-18,1.953470E-16,6.272384E-8,2.200754E+0," IDEX "," 2023_12_15_run0 "," 8-90 km/s. Fe/pt olivine mix. IDEX FM. Det2500. Position 4 ",5," Iron "
8551899,20231215195521.686999999,20231215125521.686999999,1702670121687,1.200710E+4,4.188647E-18,1.373520E-16,5.026472E-8,2.198294E+0," IDEX "," 2023_12_15_run0 "," 8-90 km/s. Fe/pt olivine mix. IDEX FM. Det2500. Position 4 ",3," Iron "
8551901,20231215195523.271999999,20231215125523.271999999,1702670123272,1.181250E+4,4.709646E-18,1.494710E-16,5.226786E-8,2.198294E+0," IDEX "," 2023_12_15_run0 "," 8-90 km/s. Fe/pt olivine mix. IDEX FM. Det2500. Position 4 ",4," Iron "
8551902,20231215195524.469000000,20231215125524.469000000,1702670124469,1.255970E+4,1.041574E-17,3.737090E-16,6.809815E-8,2.198294E+0," IDEX "," 2023_12_15_run0 "," 8-90 km/s. Fe/pt olivine mix. IDEX FM. Det2500. Position 4 ",5," Iron "
8551904,20231215195527.162000000,20231215125527.162000000,1702670127162,1.096070E+4,5.142721E-18,1.406040E-16,5.382322E-8,2.197063E+0," IDEX "," 2023_12_15_run0 "," 8-90 km/s. Fe/pt olivine mix. IDEX FM. Det2500. Position 4 ",3," Iron "
8551907,20231215195531.513000000,20231215125531.513000000,1702670131513,1.556530E+4,1.896639E-18,1.044580E-16,3.859818E-8,2.199524E+0," IDEX "," 2023_12_15_run0 "," 8-90 km/s. Fe/pt olivine mix. IDEX FM. Det2500. Position 4 ",4," Iron "
8551909,20231215195534.197999999,20231215125534.197999999,1702670134198,1.244440E+4,7.737707E-18,2.723970E-16,6.167504E-8,2.199524E+0," IDEX "," 2023_12_15_run0 "," 8-90 km/s. Fe/pt olivine mix. IDEX FM. Det2500. Position 4 ",5," Iron "
8551911,20231215195535.314000000,20231215125535.314000000,1702670135314,9.280920E+3,2.097534E-17,4.107080E-16,8.599536E-8,2.199524E+0," IDEX "," 2023_12_15_run0 "," 8-90 km/s. Fe/pt olivine mix. IDEX FM. Det2500. Position 4 ",5," Iron "
8551912,20231215195539.753999999,20231215125539.753999999,1702670139754,8.994270E+3,1.529960E-17,2.815120E-16,7.741029E-8,2.198294E+0," IDEX "," 2023_12_15_run0 "," 8-90 km/s. Fe/pt olivine mix. IDEX FM. Det2500. Position 4 ",5," Iron "
8551916,20231215195551.594999999,20231215125551.594999999,1702670151595,2.002440E+4,8.601758E-18,7.844970E-16,6.389022E-8,2.198294E+0," IDEX "," 2023_12_15_run0 "," 8-90 km/s. Fe/pt olivine mix. IDEX FM. Det2500. Position 4 ",5," Iron "
8551917,20231215195606.793000000,20231215125606.793000000,1702670166793,8.920010E+3,1.081640E-17,1.958580E-16,6.896036E-8,2.197063E+0," IDEX "," 2023_12_15_run0 "," 8-90 km/s. Fe/pt olivine mix. IDEX FM. Det2500. Position 4 ",3," Iron "
8551918,20231215195607.354000000,20231215125607.354000000,1702670167354,1.005920E+4,8.941530E-18,2.059050E-16,6.472061E-8,2.197063E+0," IDEX "," 2023_12_15_run0 "," 8-90 km/s. Fe/pt olivine mix. IDEX FM. Det2500. Position 4 ",5," Iron "
8551920,20231215195611.510999999,20231215125611.510999999,1702670171511,1.061320E+4,1.015379E-17,2.602850E-16,6.752244E-8,2.197063E+0," IDEX "," 2023_12_15_run0 "," 8-90 km/s. Fe/pt olivine mix. IDEX FM. Det2500. Position 4 ",5," Iron "
8551923,20231215195622.518999999,20231215125622.518999999,1702670182519,9.838810E+3,6.824992E-18,1.502700E-16,5.914790E-8,2.198294E+0," IDEX "," 2023_12_15_run0 "," 8-90 km/s. Fe/pt olivine mix. IDEX FM. Det2500. Position 4 ",5," Iron "
8551924,20231215195627.256000000,20231215125627.256000000,1702670187256,9.112760E+3,1.218968E-17,2.302380E-16,7.176335E-8,2.198294E+0," IDEX "," 2023_12_15_run0 "," 8-90 km/s. Fe/pt olivine mix. IDEX FM. Det2500. Position 4 ",4," Iron "
8551925,20231215195628.635000000,20231215125628.635000000,1702670188635,8.616700E+3,1.698013E-17,2.867530E-16,8.014671E-8,2.198294E+0," IDEX "," 2023_12_15_run0 "," 8-90 km/s. Fe/pt olivine mix. IDEX FM. Det2500. Position 4 ",3," Iron "
8551926,20231215195629.199000000,20231215125629.199000000,1702670189199,1.301880E+4,6.593106E-18,2.543080E-16,5.847030E-8,2.197063E+0," IDEX "," 2023_12_15_run0 "," 8-90 km/s. Fe/pt olivine mix. IDEX FM. Det2500. Position 4 ",5," Iron "
8551927,20231215195630.770000000,20231215125630.770000000,1702670190770,1.402150E+4,2.744018E-18,1.226360E-16,4.365503E-8,2.199524E+0," IDEX "," 2023_12_15_run0 "," 8-90 km/s. Fe/pt olivine mix. IDEX FM. Det2500. Position 4 ",4," Iron "
8551929,20231215195634.095999999,20231215125634.095999999,1702670194096,1.716440E+4,3.272785E-18,2.191880E-16,4.629610E-8,2.199524E+0," IDEX "," 2023_12_15_run0 "," 8-90 km/s. Fe/pt olivine mix. IDEX FM. Det2500. Position 4 ",3," Iron "
8551931,20231215195636.975000000,20231215125636.975000000,1702670196975,1.457290E+4,6.710931E-18,3.239790E-16,5.881656E-8,2.199524E+0," IDEX "," 2023_12_15_run0 "," 8-90 km/s. Fe/pt olivine mix. IDEX FM. Det2500. Position 4 ",5," Iron "
8551934,20231215195642.342999999,20231215125642.342999999,1702670202343,1.241150E+4,1.239933E-17,4.344420E-16,7.217244E-8,2.198294E+0," IDEX "," 2023_12_15_run0 "," 8-90 km/s. Fe/pt olivine mix. IDEX FM. Det2500. Position 4 ",5," Iron "
8551941,20231215195656.873000000,20231215125656.873000000,1702670216873,1.392150E+4,8.794173E-18,3.878780E-16,6.436311E-8,2.197063E+0," IDEX "," 2023_12_15_run0 "," 8-90 km/s. Fe/pt olivine mix. IDEX FM. Det2500. Position 4 ",5," Iron "
8551942,20231215195657.995000000,20231215125657.995000000,1702670217995,1.186510E+4,5.116203E-18,1.639150E-16,5.373055E-8,2.197063E+0," IDEX "," 2023_12_15_run0 "," 8-90 km/s. Fe/pt olivine mix. IDEX FM. Det2500. Position 4 ",5," Iron "
8551944,20231215195704.561999999,20231215125704.561999999,1702670224562,1.706700E+4,6.447890E-18,4.271860E-16,5.803783E-8,2.198294E+0," IDEX "," 2023_12_15_run0 "," 8-90 km/s. Fe/pt olivine mix. IDEX FM. Det2500. Position 4 ",5," Iron "
8551946,20231215195706.964999999,20231215125706.964999999,1702670226965,1.753460E+4,5.256682E-18,3.672000E-16,5.421788E-8,2.200754E+0," IDEX "," 2023_12_15_run0 "," 8-90 km/s. Fe/pt olivine mix. IDEX FM. Det2500. Position 4 ",5," Iron "
8551947,20231215195710.300999999,20231215125710.300999999,1702670230301,2.013690E+4,1.350901E-18,1.245930E-16,3.447041E-8,2.198294E+0," IDEX "," 2023_12_15_run0 "," 8-90 km/s. Fe/pt olivine mix. IDEX FM. Det2500. Position 4 ",4," Iron "
8551949,20231215195722.248999999,20231215125722.248999999,1702670242249,1.022110E+4,9.476198E-18,2.251720E-16,6.598573E-8,2.198294E+0," IDEX "," 2023_12_15_run0 "," 8-90 km/s. Fe/pt olivine mix. IDEX FM. Det2500. Position 4 ",5," Iron "
8551955,20231215195739.935000000,20231215125739.935000000,1702670259935,1.042900E+4,1.170620E-16,2.897540E-15,1.525378E-7,2.197063E+0," IDEX "," 2023_12_15_run0 "," 8-90 km/s. Fe/pt olivine mix. IDEX FM. Det2500. Position 4 ",5," Iron "
8551956,20231215195741.134000000,20231215125741.134000000,1702670261134,1.528950E+4,5.632235E-18,2.996370E-16,5.547946E-8,2.197063E+0," IDEX "," 2023_12_15_run0 "," 8-90 km/s. Fe/pt olivine mix. IDEX FM. Det2500. Position 4 ",4," Iron "
8551960,20231215195744.290000000,20231215125744.290000000,1702670264290,8.088540E+3,1.511567E-17,2.248070E-16,7.709883E-8,2.199524E+0," IDEX "," 2023_12_15_run0 "," 8-90 km/s. Fe/pt olivine mix. IDEX FM. Det2500. Position 4 ",5," Iron "
8551963,20231215195755.484000000,20231215125755.484000000,1702670275484,2.292710E+4,2.931015E-18,3.504300E-16,4.462498E-8,2.198294E+0," IDEX "," 2023_12_15_run0 "," 8-90 km/s. Fe/pt olivine mix. IDEX FM. Det2500. Position 4 ",5," Iron "
8551965,20231215195800.212000000,20231215125800.212000000,1702670280212,1.179440E+4,6.514629E-18,2.061230E-16,5.823739E-8,2.198294E+0," IDEX "," 2023_12_15_run0 "," 8-90 km/s. Fe/pt olivine mix. IDEX FM. Det2500. Position 4 ",5," Iron "
8551970,20231215195806.967999999,20231215125806.967999999,1702670286968,8.279960E+3,8.611130E-18,1.342770E-16,6.391342E-8,2.198294E+0," IDEX "," 2023_12_15_run0 "," 8-90 km/s. Fe/pt olivine mix. IDEX FM. Det2500. Position 4 ",3," Iron "
8551972,20231215195808.726999999,20231215125808.726999999,1702670288727,9.988850E+3,1.758308E-17,3.990350E-16,8.108434E-8,2.198294E+0," IDEX "," 2023_12_15_run0 "," 8-90 km/s. Fe/pt olivine mix. IDEX FM. Det2500. Position 4 ",5," Iron "
8551978,20231215195825.770000000,20231215125825.770000000,1702670305770,7.130200E+4,3.634037E-19,4.202210E-16,2.225197E-8,2.198294E+0," IDEX "," 2023_12_15_run0 "," 8-90 km/s. Fe/pt olivine mix. IDEX FM. Det2500. Position 4 ",4," Iron "
8551984,20231215195835.949000000,20231215125835.949000000,1702670315949,3.694020E+4,1.939084E-18,6.015020E-16,3.888399E-8,2.199524E+0," IDEX "," 2023_12_15_run0 "," 8-90 km/s. Fe/pt olivine mix. IDEX FM. Det2500. Position 4 ",5," Iron "
8551986,20231215195838.334999999,20231215125838.334999999,1702670318335,8.810190E+3,1.558853E-17,2.750540E-16,7.789455E-8,2.199524E+0," IDEX "," 2023_12_15_run0 "," 8-90 km/s. Fe/pt olivine mix. IDEX FM. Det2500. Position 4 ",4," Iron "
8551988,20231215195839.563000000,20231215125839.563000000,1702670319563,1.139730E+4,6.142441E-18,1.813790E-16,5.710652E-8,2.199524E+0," IDEX "," 2023_12_15_run0 "," 8-90 km/s. Fe/pt olivine mix. IDEX FM. Det2500. Position 4 ",4," Iron "
8551989,20231215195851.788999999,20231215125851.788999999,1702670331789,8.105160E+3,3.511277E-17,5.243610E-16,1.021081E-7,2.199524E+0," IDEX "," 2023_12_15_run0 "," 8-90 km/s. Fe/pt olivine mix. IDEX FM. Det2500. Position 4 ",5," Iron "
8551992,20231215195858.998999999,20231215125858.998999999,1702670338999,1.266500E+4,1.110053E-17,4.052120E-16,6.955899E-8,2.197063E+0," IDEX "," 2023_12_15_run0 "," 8-90 km/s. Fe/pt olivine mix. IDEX FM. Det2500. Position 4 ",5," Iron "
8551996,20231215195901.881999999,20231215125901.881999999,1702670341882,1.974660E+4,3.993608E-18,3.541890E-16,4.947211E-8,2.198294E+0," IDEX "," 2023_12_15_run0 "," 8-90 km/s. Fe/pt olivine mix. IDEX FM. Det2500. Position 4 ",5," Iron "
8552000,20231215195912.800999999,20231215125912.800999999,1702670352801,1.304160E+4,2.370647E-17,9.176070E-16,8.957654E-8,2.197063E+0," IDEX "," 2023_12_15_run0 "," 8-90 km/s. Fe/pt olivine mix. IDEX FM. Det2500. Position 4 ",5," Iron "
8552002,20231215195926.043999999,20231215125926.043999999,1702670366044,9.036320E+3,1.432071E-17,2.661190E-16,7.572283E-8,2.197063E+0," IDEX "," 2023_12_15_run0 "," 8-90 km/s. Fe/pt olivine mix. IDEX FM. Det2500. Position 4 ",5," Iron "
8552003,20231215195930.483000000,20231215125930.483000000,1702670370483,1.090760E+4,9.031463E-17,2.445370E-15,1.399023E-7,2.197063E+0," IDEX "," 2023_12_15_run0 "," 8-90 km/s. Fe/pt olivine mix. IDEX FM. Det2500. Position 4 ",5," Iron "
8552006,20231215195936.870000000,20231215125936.870000000,1702670376870,1.054790E+4,8.701573E-18,2.203220E-16,6.413640E-8,2.197063E+0," IDEX "," 2023_12_15_run0 "," 8-90 km/s. Fe/pt olivine mix. IDEX FM. Det2500. Position 4 ",5," Iron "
8552011,20231215195949.566000000,20231215125949.566000000,1702670389566,1.371480E+4,8.026524E-18,3.433930E-16,6.243304E-8,2.198294E+0," IDEX "," 2023_12_15_run0 "," 8-90 km/s. Fe/pt olivine mix. IDEX FM. Det2500. Position 4 ",5," Iron "
8552012,20231215195951.233000000,20231215125951.233000000,1702670391233,8.271450E+3,2.694021E-17,4.192270E-16,9.347718E-8,2.198294E+0," IDEX "," 2023_12_15_run0 "," 8-90 km/s. Fe/pt olivine mix. IDEX FM. Det2500. Position 4 ",5," Iron "
8552014,20231215195955.212999999,20231215125955.212999999,1702670395213,1.851960E+4,3.249642E-18,2.532200E-16,4.618672E-8,2.200754E+0," IDEX "," 2023_12_15_run0 "," 8-90 km/s. Fe/pt olivine mix. IDEX FM. Det2500. Position 4 ",3," Iron "
8552016,20231215200001.035999999,20231215130001.035999999,1702670401036,1.358390E+4,2.311526E-17,9.712230E-16,8.882562E-8,2.195833E+0," IDEX "," 2023_12_15_run0 "," 8-90 km/s. Fe/pt olivine mix. IDEX FM. Det2500. Position 4 ",5," Iron "
8552025,20231215200028.543000000,20231215130028.543000000,1702670428543,1.577830E+4,4.647924E-18,2.631870E-16,5.203853E-8,2.198294E+0," IDEX "," 2023_12_15_run0 "," 8-90 km/s. Fe/pt olivine mix. IDEX FM. Det2500. Position 4 ",5," Iron "
8552028,20231215200029.746000000,20231215130029.746000000,1702670429746,1.887510E+4,2.641470E-18,2.140470E-16,4.310429E-8,2.198294E+0," IDEX "," 2023_12_15_run0 "," 8-90 km/s. Fe/pt olivine mix. IDEX FM. Det2500. Position 4 ",5," Iron "
8552029,20231215200031.134000000,20231215130031.134000000,1702670431134,1.066450E+4,3.891846E-17,1.006750E-15,1.056713E-7,2.198294E+0," IDEX "," 2023_12_15_run0 "," 8-90 km/s. Fe/pt olivine mix. IDEX FM. Det2500. Position 4 ",5," Iron "
8552030,20231215200036.873999999,20231215130036.873999999,1702670436874,1.473030E+4,4.926122E-18,2.432520E-16,5.305672E-8,2.197063E+0," IDEX "," 2023_12_15_run0 "," 8-90 km/s. Fe/pt olivine mix. IDEX FM. Det2500. Position 4 ",5," Iron "
8552031,20231215200039.750000000,20231215130039.750000000,1702670439750,1.355540E+4,3.393846E-18,1.418410E-16,4.686004E-8,2.198294E+0," IDEX "," 2023_12_15_run0 "," 8-90 km/s. Fe/pt olivine mix. IDEX FM. Det2500. Position 4 ",4," Iron "
8552033,20231215200046.231000000,20231215130046.231000000,1702670446231,1.234730E+4,1.221159E-17,4.234490E-16,7.180633E-8,2.198294E+0," IDEX "," 2023_12_15_run0 "," 8-90 km/s. Fe/pt olivine mix. IDEX FM. Det2500. Position 4 ",5," Iron "
8552036,20231215200052.145999999,20231215130052.145999999,1702670452146,1.272880E+4,5.177783E-18,1.909180E-16,5.394526E-8,2.197063E+0," IDEX "," 2023_12_15_run0 "," 8-90 km/s. Fe/pt olivine mix. IDEX FM. Det2500. Position 4 ",4," Iron "
8552042,20231215200102.709000000,20231215130102.709000000,1702670462709,8.742990E+3,7.696203E-18,1.337330E-16,6.156457E-8,2.199524E+0," IDEX "," 2023_12_15_run0 "," 8-90 km/s. Fe/pt olivine mix. IDEX FM. Det2500. Position 4 ",4," Iron "
8552046,20231215200114.933999999,20231215130114.933999999,1702670474934,9.220590E+3,9.601921E-18,1.857820E-16,6.627626E-8,2.197063E+0," IDEX "," 2023_12_15_run0 "," 8-90 km/s. Fe/pt olivine mix. IDEX FM. Det2500. Position 4 ",4," Iron "
8552051,20231215200127.151000000,20231215130127.151000000,1702670487151,1.035400E+4,1.118037E-17,2.726200E-16,6.972536E-8,2.198294E+0," IDEX "," 2023_12_15_run0 "," 8-90 km/s. Fe/pt olivine mix. IDEX FM. Det2500. Position 4 ",5," Iron "
8552056,20231215200140.850000000,20231215130140.850000000,1702670500850,1.366960E+4,8.091269E-18,3.438850E-16,6.260046E-8,2.198294E+0," IDEX "," 2023_12_15_run0 "," 8-90 km/s. Fe/pt olivine mix. IDEX FM. Det2500. Position 4 ",5," Iron "
8552057,20231215200151.782000000,20231215130151.782000000,1702670511782,1.512180E+4,1.161843E-17,6.046200E-16,7.062435E-8,2.197063E+0," IDEX "," 2023_12_15_run0 "," 8-90 km/s. Fe/pt olivine mix. IDEX FM. Det2500. Position 4 ",5," Iron "
8552060,20231215200208.442000000,20231215130208.442000000,1702670528442,2.195800E+4,1.756585E-18,1.926370E-16,3.762372E-8,2.198294E+0," IDEX "," 2023_12_15_run0 "," 8-90 km/s. Fe/pt olivine mix. IDEX FM. Det2500. Position 4 ",4," Iron "
8552063,20231215200231.311999999,20231215130231.311999999,1702670551312,1.586780E+4,4.186623E-18,2.396290E-16,5.025662E-8,2.199524E+0," IDEX "," 2023_12_15_run0 "," 8-90 km/s. Fe/pt olivine mix. IDEX FM. Det2500. Position 4 ",5," Iron "
8552064,20231215200234.932999999,20231215130234.932999999,1702670554933,1.299860E+4,7.621899E-18,2.927510E-16,6.136580E-8,2.199524E+0," IDEX "," 2023_12_15_run0 "," 8-90 km/s. Fe/pt olivine mix. IDEX FM. Det2500. Position 4 ",5," Iron "
8552065,20231215200235.398000000,20231215130235.398000000,1702670555398,2.911470E+4,1.448587E-17,2.791330E-15,7.601282E-8,2.199524E+0," IDEX "," 2023_12_15_run0 "," 8-90 km/s. Fe/pt olivine mix. IDEX FM. Det2500. Position 4 ",5," Iron "
8552066,20231215200236.597000000,20231215130236.597000000,1702670556597,1.572980E+4,5.938634E-18,3.340220E-16,5.646780E-8,2.199524E+0," IDEX "," 2023_12_15_run0 "," 8-90 km/s. Fe/pt olivine mix. IDEX FM. Det2500. Position 4 ",3," Iron "
8552067,20231215200239.091000000,20231215130239.091000000,1702670559091,1.326540E+4,6.288569E-18,2.515560E-16,5.755582E-8,2.199524E+0," IDEX "," 2023_12_15_run0 "," 8-90 km/s. Fe/pt olivine mix. IDEX FM. Det2500. Position 4 ",5," Iron "
8552068,20231215200239.183999999,20231215130239.183999999,1702670559184,8.148040E+3,1.438810E-17,2.171460E-16,7.584142E-8,2.199524E+0," IDEX "," 2023_12_15_run0 "," 8-90 km/s. Fe/pt olivine mix. IDEX FM. Det2500. Position 4 ",5," Iron "
8552069,20231215200240.390999999,20231215130240.390999999,1702670560391,1.567360E+4,2.330888E-17,1.301670E-15,8.907293E-8,2.199524E+0," IDEX "," 2023_12_15_run0 "," 8-90 km/s. Fe/pt olivine mix. IDEX FM. Det2500. Position 4 ",5," Iron "
8552070,20231215200240.947999999,20231215130240.947999999,1702670560948,1.257610E+4,2.458405E-17,8.838680E-16,9.066850E-8,2.199524E+0," IDEX "," 2023_12_15_run0 "," 8-90 km/s. Fe/pt olivine mix. IDEX FM. Det2500. Position 4 ",5," Iron "
8552074,20231215200303.640000000,20231215130303.640000000,1702670583640,8.325420E+3,9.368106E-18,1.477720E-16,6.573388E-8,2.197063E+0," IDEX "," 2023_12_15_run0 "," 8-90 km/s. Fe/pt olivine mix. IDEX FM. Det2500. Position 4 ",3," Iron "
8552083,20231215200405.206000000,20231215130405.206000000,1702670645206,8.110330E+3,1.557934E-17,2.329530E-16,7.787924E-8,2.199524E+0," IDEX "," 2023_12_15_run0 "," 8-90 km/s. Fe/pt olivine mix. IDEX FM. Det2500. Position 4 ",5," Iron "
8552085,20231215200409.743000000,20231215130409.743000000,1702670649743,1.639090E+4,2.511989E-18,1.535000E-16,4.238816E-8,2.198294E+0," IDEX "," 2023_12_15_run0 "," 8-90 km/s. Fe/pt olivine mix. IDEX FM. Det2500. Position 4 ",3," Iron "
8552087,20231215200415.486999999,20231215130415.486999999,1702670655487,2.061160E+4,3.339363E-18,3.226800E-16,4.660794E-8,2.198294E+0," IDEX "," 2023_12_15_run0 "," 8-90 km/s. Fe/pt olivine mix. IDEX FM. Det2500. Position 4 ",3," Iron "
8552088,20231215200419.464000000,20231215130419.464000000,1702670659464,1.316130E+4,7.390816E-17,2.911890E-15,1.308588E-7,2.198294E+0," IDEX "," 2023_12_15_run0 "," 8-90 km/s. Fe/pt olivine mix. IDEX FM. Det2500. Position 4 ",5," Iron "
8552089,20231215200420.765000000,20231215130420.765000000,1702670660765,4.144420E+4,2.606405E-18,1.018250E-15,4.291271E-8,2.198294E+0," IDEX "," 2023_12_15_run0 "," 8-90 km/s. Fe/pt olivine mix. IDEX FM. Det2500. Position 4 ",5," Iron "
8552091,20231215200423.533999999,20231215130423.533999999,1702670663534,8.459200E+3,6.559304E-18,1.068180E-16,5.837021E-8,2.197063E+0," IDEX "," 2023_12_15_run0 "," 8-90 km/s. Fe/pt olivine mix. IDEX FM. Det2500. Position 4 ",3," Iron "
8552094,20231215200428.077000000,20231215130428.077000000,1702670668077,1.299010E+4,4.910321E-18,1.889890E-16,5.299993E-8,2.192143E+0," IDEX "," 2023_12_15_run0 "," 8-90 km/s. Fe/pt olivine mix. IDEX FM. Det2500. Position 4 ",5," Iron "
8552095,20231215200430.859000000,20231215130430.859000000,1702670670859,9.359350E+3,1.401014E-17,2.799210E-16,7.517143E-8,2.192143E+0," IDEX "," 2023_12_15_run0 "," 8-90 km/s. Fe/pt olivine mix. IDEX FM. Det2500. Position 4 ",3," Iron "
8552098,20231215200433.631000000,20231215130433.631000000,1702670673631,1.786750E+4,4.108358E-18,2.983190E-16,4.994148E-8,2.198294E+0," IDEX "," 2023_12_15_run0 "," 8-90 km/s. Fe/pt olivine mix. IDEX FM. Det2500. Position 4 ",5," Iron "
8552100,20231215200434.746999999,20231215130434.746999999,1702670674747,1.238650E+4,5.619557E-18,1.961030E-16,5.543780E-8,2.198294E+0," IDEX "," 2023_12_15_run0 "," 8-90 km/s. Fe/pt olivine mix. IDEX FM. Det2500. Position 4 ",4," Iron "
8552102,20231215200444.091999999,20231215130444.091999999,1702670684092,1.570100E+4,2.291730E-17,1.285000E-15,8.857133E-8,2.198294E+0," IDEX "," 2023_12_15_run0 "," 8-90 km/s. Fe/pt olivine mix. IDEX FM. Det2500. Position 4 ",5," Iron "
8552103,20231215200445.117000000,20231215130445.117000000,1702670685117,8.926870E+3,2.153110E-17,3.902560E-16,8.674824E-8,2.198294E+0," IDEX "," 2023_12_15_run0 "," 8-90 km/s. Fe/pt olivine mix. IDEX FM. Det2500. Position 4 ",5," Iron "
8552104,20231215200448.162999999,20231215130448.162999999,1702670688163,1.936160E+4,1.904443E-18,1.624720E-16,3.865105E-8,2.197063E+0," IDEX "," 2023_12_15_run0 "," 8-90 km/s. Fe/pt olivine mix. IDEX FM. Det2500. Position 4 ",5," Iron "
8552105,20231215200449.739999999,20231215130449.739999999,1702670689740,1.664420E+4,1.093611E-17,6.894720E-16,6.921383E-8,2.197063E+0," IDEX "," 2023_12_15_run0 "," 8-90 km/s. Fe/pt olivine mix. IDEX FM. Det2500. Position 4 ",5," Iron "
8552112,20231215200501.413999999,20231215130501.413999999,1702670701414,1.043700E+4,1.568557E-17,3.888480E-16,7.805586E-8,2.197063E+0," IDEX "," 2023_12_15_run0 "," 8-90 km/s. Fe/pt olivine mix. IDEX FM. Det2500. Position 4 ",5," Iron "
8552117,20231215200511.773999999,20231215130511.773999999,1702670711774,9.549300E+3,1.066737E-17,2.213750E-16,6.864219E-8,2.197063E+0," IDEX "," 2023_12_15_run0 "," 8-90 km/s. Fe/pt olivine mix. IDEX FM. Det2500. Position 4 ",5," Iron "
8552120,20231215200524.555999999,20231215130524.555999999,1702670724556,1.139830E+4,3.167257E-17,9.364650E-16,9.865818E-8,2.197063E+0," IDEX "," 2023_12_15_run0 "," 8-90 km/s. Fe/pt olivine mix. IDEX FM. Det2500. Position 4 ",5," Iron "
8552122,20231215200527.057000000,20231215130527.057000000,1702670727057,1.431530E+4,8.681615E-18,4.048830E-16,6.408733E-8,2.197063E+0," IDEX "," 2023_12_15_run0 "," 8-90 km/s. Fe/pt olivine mix. IDEX FM. Det2500. Position 4 ",5," Iron "
8552126,20231215200539.839999999,20231215130539.839999999,1702670739840,2.031530E+4,2.030126E-18,1.905700E-16,3.948326E-8,2.198294E+0," IDEX "," 2023_12_15_run0 "," 8-90 km/s. Fe/pt olivine mix. IDEX FM. Det2500. Position 4 ",4," Iron "
8552129,20231215200552.253000000,20231215130552.253000000,1702670752253,9.488630E+3,2.295253E-17,4.702900E-16,8.861669E-8,2.197063E+0," IDEX "," 2023_12_15_run0 "," 8-90 km/s. Fe/pt olivine mix. IDEX FM. Det2500. Position 4 ",4," Iron "
8552137,20231215200618.648999999,20231215130618.648999999,1702670778649,9.464260E+3,1.609841E-17,3.277920E-16,7.873472E-8,2.199524E+0," IDEX "," 2023_12_15_run0 "," 8-90 km/s. Fe/pt olivine mix. IDEX FM. Det2500. Position 4 ",4," Iron "
8552149,20231215200645.501999999,20231215130645.501999999,1702670805502,1.040310E+4,2.776426E-17,6.834340E-16,9.442073E-8,2.198294E+0," IDEX "," 2023_12_15_run0 "," 8-90 km/s. Fe/pt olivine mix. IDEX FM. Det2500. Position 4 ",5," Iron "
8552151,20231215200646.751000000,20231215130646.751000000,1702670806751,1.755880E+4,3.543629E-18,2.484980E-16,4.753951E-8,2.198294E+0," IDEX "," 2023_12_15_run0 "," 8-90 km/s. Fe/pt olivine mix. IDEX FM. Det2500. Position 4 ",5," Iron "
8552155,20231215200653.699999999,20231215130653.699999999,1702670813700,9.601380E+3,1.916611E-17,4.016460E-16,8.344814E-8,2.199524E+0," IDEX "," 2023_12_15_run0 "," 8-90 km/s. Fe/pt olivine mix. IDEX FM. Det2500. Position 4 ",5," Iron "
8552156,20231215200656.932000000,20231215130656.932000000,1702670816932,8.351690E+3,1.161453E-17,1.843650E-16,7.061644E-8,2.197063E+0," IDEX "," 2023_12_15_run0 "," 8-90 km/s. Fe/pt olivine mix. IDEX FM. Det2500. Position 4 ",5," Iron "
8552159,20231215200709.100000000,20231215130709.100000000,1702670829100,1.258580E+4,1.287333E-17,4.635480E-16,7.308063E-8,2.199524E+0," IDEX "," 2023_12_15_run0 "," 8-90 km/s. Fe/pt olivine mix. IDEX FM. Det2500. Position 4 ",5," Iron "
8552160,20231215200711.435999999,20231215130711.435999999,1702670831436,1.286670E+4,3.312673E-18,1.246680E-16,4.648343E-8,2.199524E+0," IDEX "," 2023_12_15_run0 "," 8-90 km/s. Fe/pt olivine mix. IDEX FM. Det2500. Position 4 ",3," Iron "
8552161,20231215200723.692000000,20231215130723.692000000,1702670843692,1.565300E+4,3.347858E-18,1.864680E-16,4.664743E-8,2.199524E+0," IDEX "," 2023_12_15_run0 "," 8-90 km/s. Fe/pt olivine mix. IDEX FM. Det2500. Position 4 ",3," Iron "
8552166,20231215200744.952999999,20231215130744.952999999,1702670864953,1.167880E+4,7.126352E-18,2.209560E-16,6.000597E-8,2.199524E+0," IDEX "," 2023_12_15_run0 "," 8-90 km/s. Fe/pt olivine mix. IDEX FM. Det2500. Position 4 ",5," Iron "
8552168,20231215200745.498000000,20231215130745.498000000,1702670865498,9.690580E+3,3.062593E-17,6.537790E-16,9.755924E-8,2.199524E+0," IDEX "," 2023_12_15_run0 "," 8-90 km/s. Fe/pt olivine mix. IDEX FM. Det2500. Position 4 ",5," Iron "
8552169,20231215200747.300999999,20231215130747.300999999,1702670867301,1.719360E+4,2.966124E-18,1.994380E-16,4.480245E-8,2.198294E+0," IDEX "," 2023_12_15_run0 "," 8-90 km/s. Fe/pt olivine mix. IDEX FM. Det2500. Position 4 ",3," Iron "
8552170,20231215200747.479999999,20231215130747.479999999,1702670867480,1.178950E+4,7.558360E-18,2.389480E-16,6.119480E-8,2.198294E+0," IDEX "," 2023_12_15_run0 "," 8-90 km/s. Fe/pt olivine mix. IDEX FM. Det2500. Position 4 ",5," Iron "
8552174,20231215200757.932999999,20231215130757.932999999,1702670877933,1.044090E+4,2.133176E-17,5.289170E-16,8.647971E-8,2.198294E+0," IDEX "," 2023_12_15_run0 "," 8-90 km/s. Fe/pt olivine mix. IDEX FM. Det2500. Position 4 ",5," Iron "
8552178,20231215200810.546000000,20231215130810.546000000,1702670890546,3.708620E+4,2.699929E-18,8.441490E-16,4.341996E-8,2.199524E+0," IDEX "," 2023_12_15_run0 "," 8-90 km/s. Fe/pt olivine mix. IDEX FM. Det2500. Position 4 ",3," Iron "
8552186,20231215200836.584000000,20231215130836.584000000,1702670916584,1.818560E+4,5.088880E-18,3.830060E-16,5.363473E-8,2.197063E+0," IDEX "," 2023_12_15_run0 "," 8-90 km/s. Fe/pt olivine mix. IDEX FM. Det2500. Position 4 ",3," Iron "
8552188,20231215200900.277999999,20231215130900.277999999,1702670940278,1.142040E+4,6.856045E-18,2.035000E-16,5.923748E-8,2.197063E+0," IDEX "," 2023_12_15_run0 "," 8-90 km/s. Fe/pt olivine mix. IDEX FM. Det2500. Position 4 ",5," Iron "
8552195,20231215200916.581000000,20231215130916.581000000,1702670956581,8.394360E+3,1.322949E-17,2.120330E-16,7.374848E-8,2.198294E+0," IDEX "," 2023_12_15_run0 "," 8-90 km/s. Fe/pt olivine mix. IDEX FM. Det2500. Position 4 ",5," Iron "
8552199,20231215200925.496999999,20231215130925.496999999,1702670965497,1.750340E+4,3.161911E-18,2.203330E-16,4.576729E-8,2.198294E+0," IDEX "," 2023_12_15_run0 "," 8-90 km/s. Fe/pt olivine mix. IDEX FM. Det2500. Position 4 ",5," Iron "
8552201,20231215200927.841999999,20231215130927.841999999,1702670967842,8.589670E+3,6.358842E-17,1.066530E-15,1.244604E-7,2.199524E+0," IDEX "," 2023_12_15_run0 "," 8-90 km/s. Fe/pt olivine mix. IDEX FM. Det2500. Position 4 ",5," Iron "
8552202,20231215200928.378000000,20231215130928.378000000,1702670968378,1.268050E+4,6.923802E-18,2.530810E-16,5.943198E-8,2.199524E+0," IDEX "," 2023_12_15_run0 "," 8-90 km/s. Fe/pt olivine mix. IDEX FM. Det2500. Position 4 ",5," Iron "
8552204,20231215200934.594999999,20231215130934.594999999,1702670974595,1.685840E+4,3.255589E-18,2.105670E-16,4.621488E-8,2.197063E+0," IDEX "," 2023_12_15_run0 "," 8-90 km/s. Fe/pt olivine mix. IDEX FM. Det2500. Position 4 ",5," Iron "
8552205,20231215200935.233000000,20231215130935.233000000,1702670975233,8.465550E+3,1.010128E-17,1.647460E-16,6.740583E-8,2.197063E+0," IDEX "," 2023_12_15_run0 "," 8-90 km/s. Fe/pt olivine mix. IDEX FM. Det2500. Position 4 ",4," Iron "
8552207,20231215200949.822000000,20231215130949.822000000,1702670989822,1.666380E+4,2.477868E-18,1.563240E-16,4.219536E-8,2.200754E+0," IDEX "," 2023_12_15_run0 "," 8-90 km/s. Fe/pt olivine mix. IDEX FM. Det2500. Position 4 ",3," Iron "
8552218,20231215201025.311999999,20231215131025.311999999,1702671025312,1.816630E+4,1.639424E-18,1.229890E-16,3.676792E-8,2.199524E+0," IDEX "," 2023_12_15_run0 "," 8-90 km/s. Fe/pt olivine mix. IDEX FM. Det2500. Position 4 ",3," Iron "
8552220,20231215201032.973999999,20231215131032.973999999,1702671032974,1.328860E+4,4.039851E-18,1.622590E-16,4.966233E-8,2.198294E+0," IDEX "," 2023_12_15_run0 "," 8-90 km/s. Fe/pt olivine mix. IDEX FM. Det2500. Position 4 ",3," Iron "
8552221,20231215201033.334999999,20231215131033.334999999,1702671033335,9.514500E+3,1.431703E-17,2.947880E-16,7.571634E-8,2.198294E+0," IDEX "," 2023_12_15_run0 "," 8-90 km/s. Fe/pt olivine mix. IDEX FM. Det2500. Position 4 ",5," Iron "
8552222,20231215201035.503000000,20231215131035.503000000,1702671035503,1.016580E+4,6.212948E-18,1.460380E-16,5.732419E-8,2.198294E+0," IDEX "," 2023_12_15_run0 "," 8-90 km/s. Fe/pt olivine mix. IDEX FM. Det2500. Position 4 ",3," Iron "
8552225,20231215201050.714999999,20231215131050.714999999,1702671050715,2.631470E+4,1.552573E-18,2.445310E-16,3.610683E-8,2.198294E+0," IDEX "," 2023_12_15_run0 "," 8-90 km/s. Fe/pt olivine mix. IDEX FM. Det2500. Position 4 ",5," Iron "
8552227,20231215201053.697000000,20231215131053.697000000,1702671053697,9.511750E+3,1.272779E-17,2.619140E-16,7.280417E-8,2.198294E+0," IDEX "," 2023_12_15_run0 "," 8-90 km/s. Fe/pt olivine mix. IDEX FM. Det2500. Position 4 ",5," Iron "
8552228,20231215201101.354000000,20231215131101.354000000,1702671061354,8.917590E+3,2.072502E-17,3.750750E-16,8.565190E-8,2.197063E+0," IDEX "," 2023_12_15_run0 "," 8-90 km/s. Fe/pt olivine mix. IDEX FM. Det2500. Position 4 ",5," Iron "
8552231,20231215201104.412000000,20231215131104.412000000,1702671064412,9.276560E+3,3.721513E-17,7.288220E-16,1.041067E-7,2.197063E+0," IDEX "," 2023_12_15_run0 "," 8-90 km/s. Fe/pt olivine mix. IDEX FM. Det2500. Position 4 ",5," Iron "
8552234,20231215201118.831000000,20231215131118.831000000,1702671078831,9.428050E+3,9.420887E-18,1.905740E-16,6.585710E-8,2.197063E+0," IDEX "," 2023_12_15_run0 "," 8-90 km/s. Fe/pt olivine mix. IDEX FM. Det2500. Position 4 ",5," Iron "
8552235,20231215201124.871000000,20231215131124.871000000,1702671084871,1.209140E+4,4.985691E-18,1.657920E-16,5.326972E-8,2.198294E+0," IDEX "," 2023_12_15_run0 "," 8-90 km/s. Fe/pt olivine mix. IDEX FM. Det2500. Position 4 ",4," Iron "
8552236,20231215201132.064999999,20231215131132.064999999,1702671092065,1.032360E+4,1.589011E-17,3.854050E-16,7.839367E-8,2.197063E+0," IDEX "," 2023_12_15_run0 "," 8-90 km/s. Fe/pt olivine mix. IDEX FM. Det2500. Position 4 ",3," Iron "
8552238,20231215201134.233000000,20231215131134.233000000,1702671094233,2.128250E+4,2.219631E-18,2.286710E-16,4.067544E-8,2.198294E+0," IDEX "," 2023_12_15_run0 "," 8-90 km/s. Fe/pt olivine mix. IDEX FM. Det2500. Position 4 ",5," Iron "
8552239,20231215201139.830000000,20231215131139.830000000,1702671099830,8.303670E+3,1.300999E-17,2.041480E-16,7.333832E-8,2.197063E+0," IDEX "," 2023_12_15_run0 "," 8-90 km/s. Fe/pt olivine mix. IDEX FM. Det2500. Position 4 ",4," Iron "
8552242,20231215201158.731000000,20231215131158.731000000,1702671118731,1.159430E+4,7.219217E-18,2.206080E-16,6.026549E-8,2.199524E+0," IDEX "," 2023_12_15_run0 "," 8-90 km/s. Fe/pt olivine mix. IDEX FM. Det2500. Position 4 ",5," Iron "
8552244,20231215201201.351999999,20231215131201.351999999,1702671121352,1.342250E+4,8.564696E-18,3.509650E-16,6.379833E-8,2.198294E+0," IDEX "," 2023_12_15_run0 "," 8-90 km/s. Fe/pt olivine mix. IDEX FM. Det2500. Position 4 ",5," Iron "
8552247,20231215201203.243000000,20231215131203.243000000,1702671123243,1.503990E+4,3.375436E-18,1.736620E-16,4.677516E-8,2.198294E+0," IDEX "," 2023_12_15_run0 "," 8-90 km/s. Fe/pt olivine mix. IDEX FM. Det2500. Position 4 ",5," Iron "
8552253,20231215201210.908000000,20231215131210.908000000,1702671130908,9.384300E+3,6.696036E-18,1.341240E-16,5.877301E-8,2.198294E+0," IDEX "," 2023_12_15_run0 "," 8-90 km/s. Fe/pt olivine mix. IDEX FM. Det2500. Position 4 ",3," Iron "
8552263,20231215201239.371999999,20231215131239.371999999,1702671159372,8.458830E+3,1.165092E-17,1.896120E-16,7.069012E-8,2.198294E+0," IDEX "," 2023_12_15_run0 "," 8-90 km/s. Fe/pt olivine mix. IDEX FM. Det2500. Position 4 ",5," Iron "
8552267,20231215201247.387000000,20231215131247.387000000,1702671167387,1.184760E+4,5.557624E-18,1.773340E-16,5.523339E-8,2.199524E+0," IDEX "," 2023_12_15_run0 "," 8-90 km/s. Fe/pt olivine mix. IDEX FM. Det2500. Position 4 ",5," Iron "
8552269,20231215201250.807000000,20231215131250.807000000,1702671170807,1.126990E+4,6.426181E-18,1.855390E-16,5.797263E-8,2.199524E+0," IDEX "," 2023_12_15_run0 "," 8-90 km/s. Fe/pt olivine mix. IDEX FM. Det2500. Position 4 ",5," Iron "
8552270,20231215201253.425000000,20231215131253.425000000,1702671173425,1.294700E+4,7.178919E-18,2.738580E-16,6.015314E-8,2.197063E+0," IDEX "," 2023_12_15_run0 "," 8-90 km/s. Fe/pt olivine mix. IDEX FM. Det2500. Position 4 ",5," Iron "
8552272,20231215201255.044999999,20231215131255.044999999,1702671175045,8.775870E+3,6.398686E-17,1.121500E-15,1.247198E-7,2.197063E+0," IDEX "," 2023_12_15_run0 "," 8-90 km/s. Fe/pt olivine mix. IDEX FM. Det2500. Position 4 ",5," Iron "
8552275,20231215201259.907000000,20231215131259.907000000,1702671179907,1.005430E+4,1.902357E-17,4.369130E-16,8.324075E-8,2.200754E+0," IDEX "," 2023_12_15_run0 "," 8-90 km/s. Fe/pt olivine mix. IDEX FM. Det2500. Position 4 ",5," Iron "
8552276,20231215201302.231999999,20231215131302.231999999,1702671182232,1.488600E+4,7.145036E-18,3.597160E-16,6.005836E-8,2.200754E+0," IDEX "," 2023_12_15_run0 "," 8-90 km/s. Fe/pt olivine mix. IDEX FM. Det2500. Position 4 ",5," Iron "
8552277,20231215201302.336000000,20231215131302.336000000,1702671182336,1.449530E+4,2.926775E-17,1.397150E-15,9.609522E-8,2.200754E+0," IDEX "," 2023_12_15_run0 "," 8-90 km/s. Fe/pt olivine mix. IDEX FM. Det2500. Position 4 ",5," Iron "
8552280,20231215201329.003999999,20231215131329.003999999,1702671209004,1.774610E+4,2.407059E-18,1.724160E-16,4.178954E-8,2.198294E+0," IDEX "," 2023_12_15_run0 "," 8-90 km/s. Fe/pt olivine mix. IDEX FM. Det2500. Position 4 ",3," Iron "
8552282,20231215201335.949000000,20231215131335.949000000,1702671215949,1.095280E+4,7.619152E-18,2.078940E-16,6.135843E-8,2.198294E+0," IDEX "," 2023_12_15_run0 "," 8-90 km/s. Fe/pt olivine mix. IDEX FM. Det2500. Position 4 ",3," Iron "
8552285,20231215201353.467999999,20231215131353.467999999,1702671233468,1.650620E+4,1.714419E-18,1.062420E-16,3.732023E-8,2.198294E+0," IDEX "," 2023_12_15_run0 "," 8-90 km/s. Fe/pt olivine mix. IDEX FM. Det2500. Position 4 ",4," Iron "
8552289,20231215201401.615999999,20231215131401.615999999,1702671241616,9.648370E+3,1.879750E-17,3.982320E-16,8.290971E-8,2.197063E+0," IDEX "," 2023_12_15_run0 "," 8-90 km/s. Fe/pt olivine mix. IDEX FM. Det2500. Position 4 ",5," Iron "
8552295,20231215201413.111000000,20231215131413.111000000,1702671253111,8.388830E+3,5.952590E-17,9.533160E-16,1.217514E-7,2.197063E+0," IDEX "," 2023_12_15_run0 "," 8-90 km/s. Fe/pt olivine mix. IDEX FM. Det2500. Position 4 ",5," Iron "
8552300,20231215201430.915999999,20231215131430.915999999,1702671270916,1.052390E+4,1.063587E-17,2.677740E-16,6.857454E-8,2.199524E+0," IDEX "," 2023_12_15_run0 "," 8-90 km/s. Fe/pt olivine mix. IDEX FM. Det2500. Position 4 ",5," Iron "
8552301,20231215201432.577999999,20231215131432.577999999,1702671272578,9.494110E+3,1.102804E-17,2.259690E-16,6.940724E-8,2.199524E+0," IDEX "," 2023_12_15_run0 "," 8-90 km/s. Fe/pt olivine mix. IDEX FM. Det2500. Position 4 ",3," Iron "
8552303,20231215201441.447999999,20231215131441.447999999,1702671281448,9.238090E+3,9.976247E-18,1.937580E-16,6.712656E-8,2.197063E+0," IDEX "," 2023_12_15_run0 "," 8-90 km/s. Fe/pt olivine mix. IDEX FM. Det2500. Position 4 ",5," Iron "
8552305,20231215201444.337000000,20231215131444.337000000,1702671284337,1.374730E+4,1.873776E-17,8.058990E-16,8.282178E-8,2.197063E+0," IDEX "," 2023_12_15_run0 "," 8-90 km/s. Fe/pt olivine mix. IDEX FM. Det2500. Position 4 ",5," Iron "
8552306,20231215201444.953999999,20231215131444.953999999,1702671284954,4.023880E+4,1.211856E-18,4.465490E-16,3.324469E-8,2.197063E+0," IDEX "," 2023_12_15_run0 "," 8-90 km/s. Fe/pt olivine mix. IDEX FM. Det2500. Position 4 ",5," Iron "
8552309,20231215201451.969000000,20231215131451.969000000,1702671291969,8.833080E+3,1.025980E-17,1.821760E-16,6.775660E-8,2.197063E+0," IDEX "," 2023_12_15_run0 "," 8-90 km/s. Fe/pt olivine mix. IDEX FM. Det2500. Position 4 ",4," Iron "
8552315,20231215201521.787999999,20231215131521.787999999,1702671321788,1.799800E+4,2.800401E-18,2.065570E-16,4.395201E-8,2.195833E+0," IDEX "," 2023_12_15_run0 "," 8-90 km/s. Fe/pt olivine mix. IDEX FM. Det2500. Position 4 ",4," Iron "
8552320,20231215201542.233000000,20231215131542.233000000,1702671342233,1.525160E+4,5.721417E-18,3.030440E-16,5.577076E-8,2.195833E+0," IDEX "," 2023_12_15_run0 "," 8-90 km/s. Fe/pt olivine mix. IDEX FM. Det2500. Position 4 ",5," Iron "
8552330,20231215201616.621999999,20231215131616.621999999,1702671376622,1.612090E+4,2.810506E-18,1.662230E-16,4.400481E-8,2.197063E+0," IDEX "," 2023_12_15_run0 "," 8-90 km/s. Fe/pt olivine mix. IDEX FM. Det2500. Position 4 ",3," Iron "
8552333,20231215201622.320999999,20231215131622.320999999,1702671382321,1.334030E+4,7.467853E-18,3.024510E-16,6.094956E-8,2.197063E+0," IDEX "," 2023_12_15_run0 "," 8-90 km/s. Fe/pt olivine mix. IDEX FM. Det2500. Position 4 ",5," Iron "
8552340,20231215201645.128999999,20231215131645.128999999,1702671405129,1.480830E+4,1.218692E-17,6.075000E-16,7.175793E-8,2.199524E+0," IDEX "," 2023_12_15_run0 "," 8-90 km/s. Fe/pt olivine mix. IDEX FM. Det2500. Position 4 ",5," Iron "
8552341,20231215201645.915999999,20231215131645.915999999,1702671405916,8.142990E+3,2.251755E-16,3.394150E-15,1.897051E-7,2.199524E+0," IDEX "," 2023_12_15_run0 "," 8-90 km/s. Fe/pt olivine mix. IDEX FM. Det2500. Position 4 ",5," Iron "
8552345,20231215201701.265000000,20231215131701.265000000,1702671421265,1.173370E+4,4.838634E-18,1.514380E-16,5.274075E-8,2.199524E+0," IDEX "," 2023_12_15_run0 "," 8-90 km/s. Fe/pt olivine mix. IDEX FM. Det2500. Position 4 ",3," Iron "
8552350,20231215201715.649999999,20231215131715.649999999,1702671435650,9.374920E+3,4.905142E-17,9.816530E-16,1.141447E-7,2.195833E+0," IDEX "," 2023_12_15_run0 "," 8-90 km/s. Fe/pt olivine mix. IDEX FM. Det2500. Position 4 ",5," Iron "
8552351,20231215201718.447999999,20231215131718.447999999,1702671438448,2.758690E+4,2.692066E-18,4.665120E-16,4.337777E-8,2.195833E+0," IDEX "," 2023_12_15_run0 "," 8-90 km/s. Fe/pt olivine mix. IDEX FM. Det2500. Position 4 ",5," Iron "
8552357,20231215201733.367000000,20231215131733.367000000,1702671453367,9.804560E+3,2.158293E-17,4.721660E-16,8.681781E-8,2.197063E+0," IDEX "," 2023_12_15_run0 "," 8-90 km/s. Fe/pt olivine mix. IDEX FM. Det2500. Position 4 ",5," Iron "
8552364,20231215201751.797000000,20231215131751.797000000,1702671471797,9.349580E+3,1.294822E-17,2.574420E-16,7.322208E-8,2.198294E+0," IDEX "," 2023_12_15_run0 "," 8-90 km/s. Fe/pt olivine mix. IDEX FM. Det2500. Position 4 ",4," Iron "
8552365,20231215201756.353000000,20231215131756.353000000,1702671476353,9.170190E+3,2.073674E-17,3.966270E-16,8.566804E-8,2.198294E+0," IDEX "," 2023_12_15_run0 "," 8-90 km/s. Fe/pt olivine mix. IDEX FM. Det2500. Position 4 ",5," Iron "
8552371,20231215201818.370000000,20231215131818.370000000,1702671498370,2.209330E+4,3.370592E-18,3.744170E-16,4.675278E-8,2.197063E+0," IDEX "," 2023_12_15_run0 "," 8-90 km/s. Fe/pt olivine mix. IDEX FM. Det2500. Position 4 ",5," Iron "
8552376,20231215201824.774999999,20231215131824.774999999,1702671504775,1.039900E+4,6.792324E-18,1.669720E-16,5.905338E-8,2.199524E+0," IDEX "," 2023_12_15_run0 "," 8-90 km/s. Fe/pt olivine mix. IDEX FM. Det2500. Position 4 ",5," Iron "
8552377,20231215201825.302000000,20231215131825.302000000,1702671505302,8.705540E+3,1.115055E-17,1.921010E-16,6.966329E-8,2.199524E+0," IDEX "," 2023_12_15_run0 "," 8-90 km/s. Fe/pt olivine mix. IDEX FM. Det2500. Position 4 ",5," Iron "
8552381,20231215201835.126999999,20231215131835.126999999,1702671515127,9.790680E+3,1.087360E-17,2.370740E-16,6.908171E-8,2.198294E+0," IDEX "," 2023_12_15_run0 "," 8-90 km/s. Fe/pt olivine mix. IDEX FM. Det2500. Position 4 ",5," Iron "
8552393,20231215201912.672000000,20231215131912.672000000,1702671552672,2.169220E+4,9.810421E-19,1.049390E-16,3.098379E-8,2.199524E+0," IDEX "," 2023_12_15_run0 "," 8-90 km/s. Fe/pt olivine mix. IDEX FM. Det2500. Position 4 ",4," Iron "
8552394,20231215201922.496000000,20231215131922.496000000,1702671562496,1.121220E+4,6.458584E-18,1.845700E-16,5.806990E-8,2.199524E+0," IDEX "," 2023_12_15_run0 "," 8-90 km/s. Fe/pt olivine mix. IDEX FM. Det2500. Position 4 ",3," Iron "
8552396,20231215201928.106000000,20231215131928.106000000,1702671568106,8.200910E+3,6.871563E-17,1.051150E-15,1.277195E-7,2.198294E+0," IDEX "," 2023_12_15_run0 "," 8-90 km/s. Fe/pt olivine mix. IDEX FM. Det2500. Position 4 ",5," Iron "
8552397,20231215201936.705000000,20231215131936.705000000,1702671576705,1.168990E+4,4.601592E-18,1.431060E-16,5.186504E-8,2.197063E+0," IDEX "," 2023_12_15_run0 "," 8-90 km/s. Fe/pt olivine mix. IDEX FM. Det2500. Position 4 ",4," Iron "
8552401,20231215201948.637000000,20231215131948.637000000,1702671588637,1.934170E+4,1.039117E-17,8.846710E-16,6.804457E-8,2.197063E+0," IDEX "," 2023_12_15_run0 "," 8-90 km/s. Fe/pt olivine mix. IDEX FM. Det2500. Position 4 ",5," Iron "
8552402,20231215201949.336000000,20231215131949.336000000,1702671589336,1.066740E+4,5.321324E-18,1.378050E-16,5.443922E-8,2.197063E+0," IDEX "," 2023_12_15_run0 "," 8-90 km/s. Fe/pt olivine mix. IDEX FM. Det2500. Position 4 ",5," Iron "
8552409,20231215201958.643000000,20231215131958.643000000,1702671598643,8.742410E+3,1.350997E-17,2.348560E-16,7.426601E-8,2.198294E+0," IDEX "," 2023_12_15_run0 "," 8-90 km/s. Fe/pt olivine mix. IDEX FM. Det2500. Position 4 ",5," Iron "
8552410,20231215202002.047999999,20231215132002.047999999,1702671602048,9.722600E+3,6.920703E-18,1.487990E-16,5.942311E-8,2.198294E+0," IDEX "," 2023_12_15_run0 "," 8-90 km/s. Fe/pt olivine mix. IDEX FM. Det2500. Position 4 ",5," Iron "
8552415,20231215202010.648999999,20231215132010.648999999,1702671610649,1.090970E+4,8.409169E-18,2.279030E-16,6.340979E-8,2.195833E+0," IDEX "," 2023_12_15_run0 "," 8-90 km/s. Fe/pt olivine mix. IDEX FM. Det2500. Position 4 ",5," Iron "
8552417,20231215202021.182000000,20231215132021.182000000,1702671621182,1.406210E+4,6.743473E-18,3.031280E-16,5.891147E-8,2.199524E+0," IDEX "," 2023_12_15_run0 "," 8-90 km/s. Fe/pt olivine mix. IDEX FM. Det2500. Position 4 ",5," Iron "
8552418,20231215202023.285000000,20231215132023.285000000,1702671623285,1.182170E+4,1.106857E-17,3.516360E-16,6.949215E-8,2.199524E+0," IDEX "," 2023_12_15_run0 "," 8-90 km/s. Fe/pt olivine mix. IDEX FM. Det2500. Position 4 ",5," Iron "
8552419,20231215202024.604000000,20231215132024.604000000,1702671624604,1.283610E+4,1.348201E-17,5.049670E-16,7.421475E-8,2.199524E+0," IDEX "," 2023_12_15_run0 "," 8-90 km/s. Fe/pt olivine mix. IDEX FM. Det2500. Position 4 ",5," Iron "
8552423,20231215202039.692000000,20231215132039.692000000,1702671639692,4.830330E+4,6.929582E-19,3.673330E-16,2.759356E-8,2.200754E+0," IDEX "," 2023_12_15_run0 "," 8-90 km/s. Fe/pt olivine mix. IDEX FM. Det2500. Position 4 ",4," Iron "
8552425,20231215202040.824999999,20231215132040.824999999,1702671640825,1.102600E+4,7.768620E-18,2.145750E-16,6.175706E-8,2.200754E+0," IDEX "," 2023_12_15_run0 "," 8-90 km/s. Fe/pt olivine mix. IDEX FM. Det2500. Position 4 ",3," Iron "
8552430,20231215202052.047000000,20231215132052.047000000,1702671652047,2.209330E+4,3.706271E-18,4.114750E-16,4.825597E-8,2.198294E+0," IDEX "," 2023_12_15_run0 "," 8-90 km/s. Fe/pt olivine mix. IDEX FM. Det2500. Position 4 ",5," Iron "
8552431,20231215202056.179000000,20231215132056.179000000,1702671656179,1.642980E+4,1.588442E-17,9.747160E-16,7.838430E-8,2.199524E+0," IDEX "," 2023_12_15_run0 "," 8-90 km/s. Fe/pt olivine mix. IDEX FM. Det2500. Position 4 ",5," Iron "
8552432,20231215202102.839999999,20231215132102.839999999,1702671662840,2.343810E+4,1.361879E-18,1.699740E-16,3.456353E-8,2.200754E+0," IDEX "," 2023_12_15_run0 "," 8-90 km/s. Fe/pt olivine mix. IDEX FM. Det2500. Position 4 ",5," Iron "
8552435,20231215202109.248000000,20231215132109.248000000,1702671669248,1.180470E+4,8.846263E-18,2.803850E-16,6.448994E-8,2.198294E+0," IDEX "," 2023_12_15_run0 "," 8-90 km/s. Fe/pt olivine mix. IDEX FM. Det2500. Position 4 ",5," Iron "
8552437,20231215202114.336000000,20231215132114.336000000,1702671674336,1.147120E+4,2.579642E-16,7.725120E-15,1.984991E-7,2.197063E+0," IDEX "," 2023_12_15_run0 "," 8-90 km/s. Fe/pt olivine mix. IDEX FM. Det2500. Position 4 ",5," Iron "
8552439,20231215202118.717999999,20231215132118.717999999,1702671678718,1.139300E+4,8.339947E-17,2.460830E-15,1.362364E-7,2.199524E+0," IDEX "," 2023_12_15_run0 "," 8-90 km/s. Fe/pt olivine mix. IDEX FM. Det2500. Position 4 ",5," Iron "
8552445,20231215202138.106999999,20231215132138.106999999,1702671698107,1.281190E+4,4.736315E-18,1.766310E-16,5.236634E-8,2.200754E+0," IDEX "," 2023_12_15_run0 "," 8-90 km/s. Fe/pt olivine mix. IDEX FM. Det2500. Position 4 ",3," Iron "
8552448,20231215202141.168999999,20231215132141.168999999,1702671701169,5.119450E+4,7.098873E-19,4.227030E-16,2.781646E-8,2.200754E+0," IDEX "," 2023_12_15_run0 "," 8-90 km/s. Fe/pt olivine mix. IDEX FM. Det2500. Position 4 ",5," Iron "
8552450,20231215202145.825999999,20231215132145.825999999,1702671705826,1.584360E+4,1.623061E-17,9.266750E-16,7.894965E-8,2.198294E+0," IDEX "," 2023_12_15_run0 "," 8-90 km/s. Fe/pt olivine mix. IDEX FM. Det2500. Position 4 ",5," Iron "
8552452,20231215202147.319000000,20231215132147.319000000,1702671707319,1.232840E+4,3.122743E-18,1.079530E-16,4.557753E-8,2.198294E+0," IDEX "," 2023_12_15_run0 "," 8-90 km/s. Fe/pt olivine mix. IDEX FM. Det2500. Position 4 ",5," Iron "
8552461,20231215202223.026000000,20231215132223.026000000,1702671743026,9.511290E+3,1.940983E-17,3.991560E-16,8.380037E-8,2.199524E+0," IDEX "," 2023_12_15_run0 "," 8-90 km/s. Fe/pt olivine mix. IDEX FM. Det2500. Position 4 ",4," Iron "
8552469,20231215202245.736999999,20231215132245.736999999,1702671765737,1.271810E+4,1.063238E-17,3.913840E-16,6.856705E-8,2.197063E+0," IDEX "," 2023_12_15_run0 "," 8-90 km/s. Fe/pt olivine mix. IDEX FM. Det2500. Position 4 ",5," Iron "
8552472,20231215202258.108000000,20231215132258.108000000,1702671778108,9.052920E+3,2.310207E-17,4.306390E-16,8.880873E-8,2.198294E+0," IDEX "," 2023_12_15_run0 "," 8-90 km/s. Fe/pt olivine mix. IDEX FM. Det2500. Position 4 ",5," Iron "
8552476,20231215202311.177999999,20231215132311.177999999,1702671791178,1.202940E+4,5.958366E-18,1.962200E-16,5.653027E-8,2.197063E+0," IDEX "," 2023_12_15_run0 "," 8-90 km/s. Fe/pt olivine mix. IDEX FM. Det2500. Position 4 ",3," Iron "
8552479,20231215202328.188000000,20231215132328.188000000,1702671808188,1.088020E+4,1.966194E-17,5.296980E-16,8.416163E-8,2.197063E+0," IDEX "," 2023_12_15_run0 "," 8-90 km/s. Fe/pt olivine mix. IDEX FM. Det2500. Position 4 ",4," Iron "
8552480,20231215202328.452999999,20231215132328.452999999,1702671808453,1.215470E+4,1.141310E-17,3.837250E-16,7.020583E-8,2.197063E+0," IDEX "," 2023_12_15_run0 "," 8-90 km/s. Fe/pt olivine mix. IDEX FM. Det2500. Position 4 ",5," Iron "
8552482,20231215202332.143999999,20231215132332.143999999,1702671812144,1.194160E+4,6.324341E-18,2.052430E-16,5.766475E-8,2.197063E+0," IDEX "," 2023_12_15_run0 "," 8-90 km/s. Fe/pt olivine mix. IDEX FM. Det2500. Position 4 ",3," Iron "
8552488,20231215202345.476000000,20231215132345.476000000,1702671825476,8.074620E+3,1.720405E-17,2.551290E-16,8.049746E-8,2.198294E+0," IDEX "," 2023_12_15_run0 "," 8-90 km/s. Fe/pt olivine mix. IDEX FM. Det2500. Position 4 ",5," Iron "
8552493,20231215202400.290999999,20231215132400.290999999,1702671840291,7.590570E+3,1.129369E-17,1.479200E-16,6.996014E-8,2.199524E+0," IDEX "," 2023_12_15_run0 "," 8-90 km/s. Fe/pt olivine mix. IDEX FM. Det2500. Position 4 ",5," Iron "
8552501,20231215202413.283000000,20231215132413.283000000,1702671853283,3.474930E+4,1.446475E-18,3.970500E-16,3.526487E-8,2.199524E+0," IDEX "," 2023_12_15_run0 "," 8-90 km/s. Fe/pt olivine mix. IDEX FM. Det2500. Position 4 ",3," Iron "
8552507,20231215202423.192000000,20231215132423.192000000,1702671863192,8.017490E+3,4.161537E-16,6.084370E-15,2.328037E-7,2.198294E+0," IDEX "," 2023_12_15_run0 "," 8-90 km/s. Fe/pt olivine mix. IDEX FM. Det2500. Position 4 ",5," Iron "
8552515,20231215202435.467999999,20231215132435.467999999,1702671875468,1.300160E+4,3.143223E-17,1.208520E-15,9.840800E-8,2.198294E+0," IDEX "," 2023_12_15_run0 "," 8-90 km/s. Fe/pt olivine mix. IDEX FM. Det2500. Position 4 ",5," Iron "
8552518,20231215202443.628999999,20231215132443.628999999,1702671883629,9.358020E+3,2.097927E-17,4.178720E-16,8.600072E-8,2.198294E+0," IDEX "," 2023_12_15_run0 "," 8-90 km/s. Fe/pt olivine mix. IDEX FM. Det2500. Position 4 ",4," Iron "
8552519,20231215202445.729999999,20231215132445.729999999,1702671885730,1.213870E+4,1.131274E-17,3.791380E-16,6.999945E-8,2.198294E+0," IDEX "," 2023_12_15_run0 "," 8-90 km/s. Fe/pt olivine mix. IDEX FM. Det2500. Position 4 ",5," Iron "
8552520,20231215202445.996999999,20231215132445.996999999,1702671885997,8.803300E+4,1.466304E-19,2.584640E-16,1.644296E-8,2.198294E+0," IDEX "," 2023_12_15_run0 "," 8-90 km/s. Fe/pt olivine mix. IDEX FM. Det2500. Position 4 ",4," Iron "
8552522,20231215202451.080000000,20231215132451.080000000,1702671891080,1.013960E+4,2.578927E-17,6.027300E-16,9.212660E-8,2.199524E+0," IDEX "," 2023_12_15_run0 "," 8-90 km/s. Fe/pt olivine mix. IDEX FM. Det2500. Position 4 ",5," Iron "
8552526,20231215202503.712999999,20231215132503.712999999,1702671903713,1.366630E+4,6.068446E-18,2.577890E-16,5.687628E-8,2.198294E+0," IDEX "," 2023_12_15_run0 "," 8-90 km/s. Fe/pt olivine mix. IDEX FM. Det2500. Position 4 ",5," Iron "
8552528,20231215202506.168999999,20231215132506.168999999,1702671906169,1.132880E+4,1.198239E-17,3.501730E-16,7.135425E-8,2.195833E+0," IDEX "," 2023_12_15_run0 "," 8-90 km/s. Fe/pt olivine mix. IDEX FM. Det2500. Position 4 ",5," Iron "
8552529,20231215202508.013999999,20231215132508.013999999,1702671908014,9.914010E+3,6.608786E-18,1.479080E-16,5.851662E-8,2.195833E+0," IDEX "," 2023_12_15_run0 "," 8-90 km/s. Fe/pt olivine mix. IDEX FM. Det2500. Position 4 ",4," Iron "
8552530,20231215202508.280999999,20231215132508.280999999,1702671908281,9.272410E+3,1.206443E-17,2.361910E-16,7.151672E-8,2.195833E+0," IDEX "," 2023_12_15_run0 "," 8-90 km/s. Fe/pt olivine mix. IDEX FM. Det2500. Position 4 ",4," Iron "
8552531,20231215202512.679000000,20231215132512.679000000,1702671912679,1.001190E+4,1.109703E-17,2.532860E-16,6.955168E-8,2.195833E+0," IDEX "," 2023_12_15_run0 "," 8-90 km/s. Fe/pt olivine mix. IDEX FM. Det2500. Position 4 ",5," Iron "
8552533,20231215202516.868999999,20231215132516.868999999,1702671916869,1.426870E+4,3.799557E-18,1.759490E-16,4.865748E-8,2.198294E+0," IDEX "," 2023_12_15_run0 "," 8-90 km/s. Fe/pt olivine mix. IDEX FM. Det2500. Position 4 ",5," Iron "
8552537,20231215202529.066000000,20231215132529.066000000,1702671929066,1.066450E+4,7.576046E-18,1.958690E-16,6.124250E-8,2.199524E+0," IDEX "," 2023_12_15_run0 "," 8-90 km/s. Fe/pt olivine mix. IDEX FM. Det2500. Position 4 ",3," Iron "
8552538,20231215202533.189999999,20231215132533.189999999,1702671933190,1.375830E+4,8.963442E-18,3.861290E-16,6.477343E-8,2.197063E+0," IDEX "," 2023_12_15_run0 "," 8-90 km/s. Fe/pt olivine mix. IDEX FM. Det2500. Position 4 ",4," Iron "
8552540,20231215202538.635999999,20231215132538.635999999,1702671938636,1.721830E+4,2.153901E-18,1.453230E-16,4.026990E-8,2.197063E+0," IDEX "," 2023_12_15_run0 "," 8-90 km/s. Fe/pt olivine mix. IDEX FM. Det2500. Position 4 ",3," Iron "
8552544,20231215202549.236999999,20231215132549.236999999,1702671949237,1.257210E+4,8.441106E-18,3.034590E-16,6.348997E-8,2.198294E+0," IDEX "," 2023_12_15_run0 "," 8-90 km/s. Fe/pt olivine mix. IDEX FM. Det2500. Position 4 ",5," Iron "
8552549,20231215202608.273000000,20231215132608.273000000,1702671968273,2.117620E+4,1.911614E-18,1.949760E-16,3.869950E-8,2.198294E+0," IDEX "," 2023_12_15_run0 "," 8-90 km/s. Fe/pt olivine mix. IDEX FM. Det2500. Position 4 ",4," Iron "
8552552,20231215202613.359999999,20231215132613.359999999,1702671973360,8.483770E+3,1.544192E-17,2.529340E-16,7.764958E-8,2.197063E+0," IDEX "," 2023_12_15_run0 "," 8-90 km/s. Fe/pt olivine mix. IDEX FM. Det2500. Position 4 ",5," Iron "
8552556,20231215202630.476000000,20231215132630.476000000,1702671990476,9.390110E+3,3.070460E-17,6.157860E-16,9.764270E-8,2.198294E+0," IDEX "," 2023_12_15_run0 "," 8-90 km/s. Fe/pt olivine mix. IDEX FM. Det2500. Position 4 ",5," Iron "
8552559,20231215202650.581000000,20231215132650.581000000,1702672010581,1.202100E+4,1.873647E-17,6.154760E-16,8.281988E-8,2.199524E+0," IDEX "," 2023_12_15_run0 "," 8-90 km/s. Fe/pt olivine mix. IDEX FM. Det2500. Position 4 ",5," Iron "
8552561,20231215202650.905999999,20231215132650.905999999,1702672010906,2.256880E+4,1.655318E-18,1.916640E-16,3.688636E-8,2.199524E+0," IDEX "," 2023_12_15_run0 "," 8-90 km/s. Fe/pt olivine mix. IDEX FM. Det2500. Position 4 ",3," Iron "
8552565,20231215202654.421000000,20231215132654.421000000,1702672014421,8.465370E+3,5.775369E-18,9.413620E-17,5.594551E-8,2.198294E+0," IDEX "," 2023_12_15_run0 "," 8-90 km/s. Fe/pt olivine mix. IDEX FM. Det2500. Position 4 ",4," Iron "
8552566,20231215202655.645000000,20231215132655.645000000,1702672015645,1.495940E+4,3.838604E-18,1.953830E-16,4.882360E-8,2.198294E+0," IDEX "," 2023_12_15_run0 "," 8-90 km/s. Fe/pt olivine mix. IDEX FM. Det2500. Position 4 ",5," Iron "
8552567,20231215202657.307000000,20231215132657.307000000,1702672017307,9.018340E+3,1.533898E-17,2.839080E-16,7.747664E-8,2.197063E+0," IDEX "," 2023_12_15_run0 "," 8-90 km/s. Fe/pt olivine mix. IDEX FM. Det2500. Position 4 ",5," Iron "
8552568,20231215202658.104000000,20231215132658.104000000,1702672018104,9.408480E+3,9.407500E-18,1.895140E-16,6.582589E-8,2.197063E+0," IDEX "," 2023_12_15_run0 "," 8-90 km/s. Fe/pt olivine mix. IDEX FM. Det2500. Position 4 ",5," Iron "
8552569,20231215202659.070999999,20231215132659.070999999,1702672019071,1.358580E+4,1.548927E-17,6.502590E-16,7.772886E-8,2.198294E+0," IDEX "," 2023_12_15_run0 "," 8-90 km/s. Fe/pt olivine mix. IDEX FM. Det2500. Position 4 ",5," Iron "
8552571,20231215202708.629999999,20231215132708.629999999,1702672028630,8.312430E+3,1.323479E-17,2.077650E-16,7.375832E-8,2.200754E+0," IDEX "," 2023_12_15_run0 "," 8-90 km/s. Fe/pt olivine mix. IDEX FM. Det2500. Position 4 ",4," Iron "
8552573,20231215202711.878000000,20231215132711.878000000,1702672031878,8.445970E+3,1.239675E-17,2.011370E-16,7.216744E-8,2.198294E+0," IDEX "," 2023_12_15_run0 "," 8-90 km/s. Fe/pt olivine mix. IDEX FM. Det2500. Position 4 ",4," Iron "
8552578,20231215202722.402999999,20231215132722.402999999,1702672042403,1.592100E+4,4.929033E-18,2.841760E-16,5.306716E-8,2.198294E+0," IDEX "," 2023_12_15_run0 "," 8-90 km/s. Fe/pt olivine mix. IDEX FM. Det2500. Position 4 ",5," Iron "
8552579,20231215202723.452999999,20231215132723.452999999,1702672043453,1.121990E+4,1.776138E-17,5.085570E-16,8.135748E-8,2.198294E+0," IDEX "," 2023_12_15_run0 "," 8-90 km/s. Fe/pt olivine mix. IDEX FM. Det2500. Position 4 ",5," Iron "
8552580,20231215202725.205000000,20231215132725.205000000,1702672045205,1.657350E+4,3.454751E-18,2.159600E-16,4.713870E-8,2.197063E+0," IDEX "," 2023_12_15_run0 "," 8-90 km/s. Fe/pt olivine mix. IDEX FM. Det2500. Position 4 ",5," Iron "
8552582,20231215202725.907000000,20231215132725.907000000,1702672045907,3.318740E+4,1.403816E-18,3.518720E-16,3.491473E-8,2.197063E+0," IDEX "," 2023_12_15_run0 "," 8-90 km/s. Fe/pt olivine mix. IDEX FM. Det2500. Position 4 ",5," Iron "
8552584,20231215202731.348999999,20231215132731.348999999,1702672051349,1.793010E+4,2.676942E-18,1.958540E-16,4.329639E-8,2.197063E+0," IDEX "," 2023_12_15_run0 "," 8-90 km/s. Fe/pt olivine mix. IDEX FM. Det2500. Position 4 ",4," Iron "
8552590,20231215202757.219999999,20231215132757.219999999,1702672077220,1.593780E+4,2.084007E-18,1.204040E-16,3.982952E-8,2.198294E+0," IDEX "," 2023_12_15_run0 "," 8-90 km/s. Fe/pt olivine mix. IDEX FM. Det2500. Position 4 ",3," Iron "
8552591,20231215202757.841000000,20231215132757.841000000,1702672077841,8.612370E+3,1.018613E-17,1.718460E-16,6.759403E-8,2.198294E+0," IDEX "," 2023_12_15_run0 "," 8-90 km/s. Fe/pt olivine mix. IDEX FM. Det2500. Position 4 ",4," Iron "
8552595,20231215202806.705000000,20231215132806.705000000,1702672086705,1.133890E+4,3.617124E-18,1.058360E-16,4.786593E-8,2.197063E+0," IDEX "," 2023_12_15_run0 "," 8-90 km/s. Fe/pt olivine mix. IDEX FM. Det2500. Position 4 ",3," Iron "
8552596,20231215202807.050000000,20231215132807.050000000,1702672087050,3.377880E+4,1.357405E-18,3.524730E-16,3.452564E-8,2.197063E+0," IDEX "," 2023_12_15_run0 "," 8-90 km/s. Fe/pt olivine mix. IDEX FM. Det2500. Position 4 ",5," Iron "
8552599,20231215202814.675999999,20231215132814.675999999,1702672094676,2.143280E+4,5.826460E-18,6.091030E-16,5.611000E-8,2.197063E+0," IDEX "," 2023_12_15_run0 "," 8-90 km/s. Fe/pt olivine mix. IDEX FM. Det2500. Position 4 ",5," Iron "
8552600,20231215202814.861999999,20231215132814.861999999,1702672094862,1.114250E+4,4.740315E-18,1.339370E-16,5.238108E-8,2.197063E+0," IDEX "," 2023_12_15_run0 "," 8-90 km/s. Fe/pt olivine mix. IDEX FM. Det2500. Position 4 ",5," Iron "
8552601,20231215202817.927999999,20231215132817.927999999,1702672097928,1.003460E+4,1.026709E-17,2.352750E-16,6.777266E-8,2.197063E+0," IDEX "," 2023_12_15_run0 "," 8-90 km/s. Fe/pt olivine mix. IDEX FM. Det2500. Position 4 ",5," Iron "
8552603,20231215202842.658000000,20231215132842.658000000,1702672122658,8.177610E+3,1.954938E-17,2.973520E-16,8.400072E-8,2.198294E+0," IDEX "," 2023_12_15_run0 "," 8-90 km/s. Fe/pt olivine mix. IDEX FM. Det2500. Position 4 ",5," Iron "
8552605,20231215202844.330000000,20231215132844.330000000,1702672124330,9.855780E+3,3.225794E-18,7.126950E-17,4.607346E-8,2.198294E+0," IDEX "," 2023_12_15_run0 "," 8-90 km/s. Fe/pt olivine mix. IDEX FM. Det2500. Position 4 ",4," Iron "
8552606,20231215202847.493000000,20231215132847.493000000,1702672127493,9.233980E+3,1.110672E-17,2.155220E-16,6.957190E-8,2.197063E+0," IDEX "," 2023_12_15_run0 "," 8-90 km/s. Fe/pt olivine mix. IDEX FM. Det2500. Position 4 ",4," Iron "
8552614,20231215202908.628000000,20231215132908.628000000,1702672148628,1.477500E+4,1.428639E-18,7.093530E-17,3.511932E-8,2.198294E+0," IDEX "," 2023_12_15_run0 "," 8-90 km/s. Fe/pt olivine mix. IDEX FM. Det2500. Position 4 ",3," Iron "
8552616,20231215202911.697999999,20231215132911.697999999,1702672151698,1.083420E+4,1.829321E-17,4.883920E-16,8.216154E-8,2.198294E+0," IDEX "," 2023_12_15_run0 "," 8-90 km/s. Fe/pt olivine mix. IDEX FM. Det2500. Position 4 ",5," Iron "
8552622,20231215202929.773000000,20231215132929.773000000,1702672169773,1.125700E+4,6.885092E-18,1.983340E-16,5.932101E-8,2.199524E+0," IDEX "," 2023_12_15_run0 "," 8-90 km/s. Fe/pt olivine mix. IDEX FM. Det2500. Position 4 ",5," Iron "
8552624,20231215202942.489000000,20231215132942.489000000,1702672182489,1.175960E+4,1.304890E-17,4.102050E-16,7.341136E-8,2.199524E+0," IDEX "," 2023_12_15_run0 "," 8-90 km/s. Fe/pt olivine mix. IDEX FM. Det2500. Position 4 ",5," Iron "
8552630,20231215203008.716000000,20231215133008.716000000,1702672208716,9.052090E+3,1.814356E-17,3.383360E-16,8.193689E-8,2.197063E+0," IDEX "," 2023_12_15_run0 "," 8-90 km/s. Fe/pt olivine mix. IDEX FM. Det2500. Position 4 ",5," Iron "
8552631,20231215203011.182000000,20231215133011.182000000,1702672211182,1.230070E+4,3.749721E-18,1.291180E-16,4.844381E-8,2.197063E+0," IDEX "," 2023_12_15_run0 "," 8-90 km/s. Fe/pt olivine mix. IDEX FM. Det2500. Position 4 ",4," Iron "
8552632,20231215203013.194999999,20231215133013.194999999,1702672213195,1.327650E+4,9.815367E-18,3.937330E-16,6.676377E-8,2.197063E+0," IDEX "," 2023_12_15_run0 "," 8-90 km/s. Fe/pt olivine mix. IDEX FM. Det2500. Position 4 ",5," Iron "
8552633,20231215203014.763000000,20231215133014.763000000,1702672214763,8.835060E+3,1.174531E-17,2.085300E-16,7.088051E-8,2.198294E+0," IDEX "," 2023_12_15_run0 "," 8-90 km/s. Fe/pt olivine mix. IDEX FM. Det2500. Position 4 ",5," Iron "
8552635,20231215203017.839999999,20231215133017.839999999,1702672217840,1.328060E+4,1.116024E-17,4.477070E-16,6.968348E-8,2.198294E+0," IDEX "," 2023_12_15_run0 "," 8-90 km/s. Fe/pt olivine mix. IDEX FM. Det2500. Position 4 ",4," Iron "
8552637,20231215203018.449999999,20231215133018.449999999,1702672218450,2.007330E+4,2.679483E-18,2.455690E-16,4.331008E-8,2.198294E+0," IDEX "," 2023_12_15_run0 "," 8-90 km/s. Fe/pt olivine mix. IDEX FM. Det2500. Position 4 ",5," Iron "
8552639,20231215203030.123000000,20231215133030.123000000,1702672230123,1.036050E+4,1.143762E-17,2.792430E-16,7.025609E-8,2.198294E+0," IDEX "," 2023_12_15_run0 "," 8-90 km/s. Fe/pt olivine mix. IDEX FM. Det2500. Position 4 ",5," Iron "
8552640,20231215203030.827999999,20231215133030.827999999,1702672230828,1.145850E+4,9.205822E-18,2.749180E-16,6.535210E-8,2.198294E+0," IDEX "," 2023_12_15_run0 "," 8-90 km/s. Fe/pt olivine mix. IDEX FM. Det2500. Position 4 ",5," Iron "
8552644,20231215203059.592999999,20231215133059.592999999,1702672259593,7.084080E+4,2.030794E-19,2.320620E-16,1.832851E-8,2.195833E+0," IDEX "," 2023_12_15_run0 "," 8-90 km/s. Fe/pt olivine mix. IDEX FM. Det2500. Position 4 ",3," Iron "
8552645,20231215203101.523000000,20231215133101.523000000,1702672261523,1.718530E+4,5.832075E-18,3.922010E-16,5.612802E-8,2.195833E+0," IDEX "," 2023_12_15_run0 "," 8-90 km/s. Fe/pt olivine mix. IDEX FM. Det2500. Position 4 ",4," Iron "
8552646,20231215203102.135999999,20231215133102.135999999,1702672262136,1.336930E+4,4.513058E-18,1.836790E-16,5.153026E-8,2.195833E+0," IDEX "," 2023_12_15_run0 "," 8-90 km/s. Fe/pt olivine mix. IDEX FM. Det2500. Position 4 ",5," Iron "
8552656,20231215203153.101999999,20231215133153.101999999,1702672313102,1.493820E+4,9.567768E-18,4.858870E-16,6.619759E-8,2.197063E+0," IDEX "," 2023_12_15_run0 "," 8-90 km/s. Fe/pt olivine mix. IDEX FM. Det2500. Position 4 ",5," Iron "
8552657,20231215203155.811999999,20231215133155.811999999,1702672315812,1.665960E+4,1.088564E-17,6.875610E-16,6.910720E-8,2.197063E+0," IDEX "," 2023_12_15_run0 "," 8-90 km/s. Fe/pt olivine mix. IDEX FM. Det2500. Position 4 ",5," Iron "
8552660,20231215203226.695999999,20231215133226.695999999,1702672346696,1.808800E+4,2.169776E-18,1.614660E-16,4.036860E-8,2.198294E+0," IDEX "," 2023_12_15_run0 "," 8-90 km/s. Fe/pt olivine mix. IDEX FM. Det2500. Position 4 ",5," Iron "
8552662,20231215203232.046000000,20231215133232.046000000,1702672352046,3.365340E+4,1.413783E-18,3.641880E-16,3.499717E-8,2.198294E+0," IDEX "," 2023_12_15_run0 "," 8-90 km/s. Fe/pt olivine mix. IDEX FM. Det2500. Position 4 ",5," Iron "
8552665,20231215203307.398999999,20231215133307.398999999,1702672387399,1.717520E+4,6.092744E-18,4.090200E-16,5.695209E-8,2.197063E+0," IDEX "," 2023_12_15_run0 "," 8-90 km/s. Fe/pt olivine mix. IDEX FM. Det2500. Position 4 ",5," Iron "
8552666,20231215203329.765000000,20231215133329.765000000,1702672409765,1.618540E+4,3.073846E-18,1.831530E-16,4.533839E-8,2.198294E+0," IDEX "," 2023_12_15_run0 "," 8-90 km/s. Fe/pt olivine mix. IDEX FM. Det2500. Position 4 ",5," Iron "
8552670,20231215203356.871000000,20231215133356.871000000,1702672436871,1.779130E+4,8.093220E-18,5.829950E-16,6.260549E-8,2.197063E+0," IDEX "," 2023_12_15_run0 "," 8-90 km/s. Fe/pt olivine mix. IDEX FM. Det2500. Position 4 ",5," Iron "
8552672,20231215203402.041999999,20231215133402.041999999,1702672442042,1.666880E+4,5.915440E-18,3.740450E-16,5.639419E-8,2.197063E+0," IDEX "," 2023_12_15_run0 "," 8-90 km/s. Fe/pt olivine mix. IDEX FM. Det2500. Position 4 ",5," Iron "
8552677,20231215203426.604000000,20231215133426.604000000,1702672466604,4.188890E+4,7.043911E-18,2.808090E-15,5.977368E-8,2.200754E+0," IDEX "," 2023_12_15_run0 "," 8-90 km/s. Fe/pt olivine mix. IDEX FM. Det2500. Position 4 ",5," Iron "
8552678,20231215203429.939999999,20231215133429.939999999,1702672469940,1.599560E+4,4.027404E-18,2.343750E-16,4.961128E-8,2.198294E+0," IDEX "," 2023_12_15_run0 "," 8-90 km/s. Fe/pt olivine mix. IDEX FM. Det2500. Position 4 ",5," Iron "
8552679,20231215203440.378000000,20231215133440.378000000,1702672480378,6.598610E+4,3.193750E-19,3.162940E-16,2.131436E-8,2.198294E+0," IDEX "," 2023_12_15_run0 "," 8-90 km/s. Fe/pt olivine mix. IDEX FM. Det2500. Position 4 ",4," Iron "
8552682,20231215203512.652999999,20231215133512.652999999,1702672512653,2.076900E+4,4.583941E-18,4.494820E-16,5.179864E-8,2.199524E+0," IDEX "," 2023_12_15_run0 "," 8-90 km/s. Fe/pt olivine mix. IDEX FM. Det2500. Position 4 ",5," Iron "
8552683,20231215203521.430000000,20231215133521.430000000,1702672521430,1.749720E+4,2.069273E-18,1.440920E-16,3.973543E-8,2.198294E+0," IDEX "," 2023_12_15_run0 "," 8-90 km/s. Fe/pt olivine mix. IDEX FM. Det2500. Position 4 ",5," Iron "
8552688,20231215203546.433999999,20231215133546.433999999,1702672546434,1.795370E+4,5.726971E-18,4.198730E-16,5.578880E-8,2.198294E+0," IDEX "," 2023_12_15_run0 "," 8-90 km/s. Fe/pt olivine mix. IDEX FM. Det2500. Position 4 ",5," Iron "
8552689,20231215203551.168999999,20231215133551.168999999,1702672551169,1.789300E+4,8.611356E-18,6.274310E-16,6.391398E-8,2.197063E+0," IDEX "," 2023_12_15_run0 "," 8-90 km/s. Fe/pt olivine mix. IDEX FM. Det2500. Position 4 ",5," Iron "
8552692,20231215203611.785000000,20231215133611.785000000,1702672571785,2.001520E+4,1.190674E-18,1.084920E-16,3.304986E-8,2.198294E+0," IDEX "," 2023_12_15_run0 "," 8-90 km/s. Fe/pt olivine mix. IDEX FM. Det2500. Position 4 ",4," Iron "
8552697,20231215203831.084000000,20231215133831.084000000,1702672711084,1.658670E+4,3.518944E-18,2.202000E-16,4.742887E-8,2.198294E+0," IDEX "," 2023_12_15_run0 "," 8-90 km/s. Fe/pt olivine mix. IDEX FM. Det2500. Position 4 ",3," Iron "
8552698,20231215203856.429000000,20231215133856.429000000,1702672736429,1.495830E+4,4.417632E-18,2.249480E-16,5.116447E-8,2.197063E+0," IDEX "," 2023_12_15_run0 "," 8-90 km/s. Fe/pt olivine mix. IDEX FM. Det2500. Position 4 ",4," Iron "
8552699,20231215203902.140999999,20231215133902.140999999,1702672742141,1.618070E+4,2.713212E-18,1.615710E-16,4.349105E-8,2.198294E+0," IDEX "," 2023_12_15_run0 "," 8-90 km/s. Fe/pt olivine mix. IDEX FM. Det2500. Position 4 ",3," Iron "
8552700,20231215203903.885000000,20231215133903.885000000,1702672743885,2.445120E+4,5.265907E-18,7.160750E-16,5.424958E-8,2.198294E+0," IDEX "," 2023_12_15_run0 "," 8-90 km/s. Fe/pt olivine mix. IDEX FM. Det2500. Position 4 ",5," Iron "
8552701,20231215203912.652999999,20231215133912.652999999,1702672752653,1.549250E+4,7.988988E-18,4.363780E-16,6.233557E-8,2.197063E+0," IDEX "," 2023_12_15_run0 "," 8-90 km/s. Fe/pt olivine mix. IDEX FM. Det2500. Position 4 ",5," Iron "
8552702,20231215203913.183999999,20231215133913.183999999,1702672753184,1.557730E+4,5.608847E-18,3.097320E-16,5.540257E-8,2.197063E+0," IDEX "," 2023_12_15_run0 "," 8-90 km/s. Fe/pt olivine mix. IDEX FM. Det2500. Position 4 ",3," Iron "
8552703,20231215203931.785000000,20231215133931.785000000,1702672771785,3.407800E+4,5.872551E-18,1.552910E-15,5.625757E-8,2.195833E+0," IDEX "," 2023_12_15_run0 "," 8-90 km/s. Fe/pt olivine mix. IDEX FM. Det2500. Position 4 ",5," Iron "
8552708,20231215204010.734999999,20231215134010.734999999,1702672810735,1.539630E+4,5.707099E-18,3.077040E-16,5.572419E-8,2.198294E+0," IDEX "," 2023_12_15_run0 "," 8-90 km/s. Fe/pt olivine mix. IDEX FM. Det2500. Position 4 ",5," Iron "
8552709,20231215204011.427999999,20231215134011.427999999,1702672811428,3.231440E+4,1.611596E-18,3.827660E-16,3.655870E-8,2.198294E+0," IDEX "," 2023_12_15_run0 "," 8-90 km/s. Fe/pt olivine mix. IDEX FM. Det2500. Position 4 ",4," Iron "
8552710,20231215204029.148999999,20231215134029.148999999,1702672829149,2.303020E+4,5.165913E-18,6.235490E-16,5.390400E-8,2.197063E+0," IDEX "," 2023_12_15_run0 "," 8-90 km/s. Fe/pt olivine mix. IDEX FM. Det2500. Position 4 ",5," Iron "
8552712,20231215204201.865999999,20231215134201.865999999,1702672921866,4.599060E+4,1.243637E-18,5.986320E-16,3.353280E-8,2.197063E+0," IDEX "," 2023_12_15_run0 "," 8-90 km/s. Fe/pt olivine mix. IDEX FM. Det2500. Position 4 ",5," Iron "
8552714,20231215204210.021999999,20231215134210.021999999,1702672930022,1.538790E+4,1.270674E-17,6.839670E-16,7.276403E-8,2.199524E+0," IDEX "," 2023_12_15_run0 "," 8-90 km/s. Fe/pt olivine mix. IDEX FM. Det2500. Position 4 ",5," Iron "
8552716,20231215204255.461000000,20231215134255.461000000,1702672975461,2.062620E+4,3.748852E-18,3.627620E-16,4.844007E-8,2.198294E+0," IDEX "," 2023_12_15_run0 "," 8-90 km/s. Fe/pt olivine mix. IDEX FM. Det2500. Position 4 ",5," Iron "
8552722,20231215204412.043000000,20231215134412.043000000,1702673052043,1.731060E+4,3.744133E-18,2.553310E-16,4.841973E-8,2.197063E+0," IDEX "," 2023_12_15_run0 "," 8-90 km/s. Fe/pt olivine mix. IDEX FM. Det2500. Position 4 ",4," Iron "
8552723,20231215204430.905999999,20231215134430.905999999,1702673070906,1.561370E+4,3.280686E-18,1.819120E-16,4.633333E-8,2.198294E+0," IDEX "," 2023_12_15_run0 "," 8-90 km/s. Fe/pt olivine mix. IDEX FM. Det2500. Position 4 ",4," Iron "
8552724,20231215204444.408000000,20231215134444.408000000,1702673084408,1.952220E+4,2.019468E-18,1.751550E-16,3.941404E-8,2.197063E+0," IDEX "," 2023_12_15_run0 "," 8-90 km/s. Fe/pt olivine mix. IDEX FM. Det2500. Position 4 ",4," Iron "
8552726,20231215204523.882999999,20231215134523.882999999,1702673123883,5.409520E+4,3.108326E-19,2.068850E-16,2.112261E-8,2.198294E+0," IDEX "," 2023_12_15_run0 "," 8-90 km/s. Fe/pt olivine mix. IDEX FM. Det2500. Position 4 ",4," Iron "
8552727,20231215204554.666999999,20231215134554.666999999,1702673154667,3.593200E+4,1.155045E-18,3.391930E-16,3.271687E-8,2.198294E+0," IDEX "," 2023_12_15_run0 "," 8-90 km/s. Fe/pt olivine mix. IDEX FM. Det2500. Position 4 ",5," Iron "
8552728,20231215204558.359999999,20231215134558.359999999,1702673158360,6.450190E+4,3.621812E-19,3.427330E-16,2.222699E-8,2.198294E+0," IDEX "," 2023_12_15_run0 "," 8-90 km/s. Fe/pt olivine mix. IDEX FM. Det2500. Position 4 ",4," Iron "
8552729,20231215204622.219000000,20231215134622.219000000,1702673182219,1.646420E+4,2.842587E-18,1.753570E-16,4.417161E-8,2.197063E+0," IDEX "," 2023_12_15_run0 "," 8-90 km/s. Fe/pt olivine mix. IDEX FM. Det2500. Position 4 ",4," Iron "
8552731,20231215204651.779000000,20231215134651.779000000,1702673211779,1.698690E+4,2.327627E-18,1.527660E-16,4.132471E-8,2.198294E+0," IDEX "," 2023_12_15_run0 "," 8-90 km/s. Fe/pt olivine mix. IDEX FM. Det2500. Position 4 ",5," Iron "
8552732,20231215204654.674000000,20231215134654.674000000,1702673214674,3.484910E+4,1.252576E-18,3.459970E-16,3.361296E-8,2.198294E+0," IDEX "," 2023_12_15_run0 "," 8-90 km/s. Fe/pt olivine mix. IDEX FM. Det2500. Position 4 ",5," Iron "
8552734,20231215204721.160999999,20231215134721.160999999,1702673241161,1.779250E+4,4.374291E-18,3.147920E-16,5.099660E-8,2.199524E+0," IDEX "," 2023_12_15_run0 "," 8-90 km/s. Fe/pt olivine mix. IDEX FM. Det2500. Position 4 ",5," Iron "
8552738,20231215204746.427000000,20231215134746.427000000,1702673266427,1.915150E+4,6.700872E-18,5.593260E-16,5.878715E-8,2.197063E+0," IDEX "," 2023_12_15_run0 "," 8-90 km/s. Fe/pt olivine mix. IDEX FM. Det2500. Position 4 ",5," Iron "
8552739,20231215204749.317000000,20231215134749.317000000,1702673269317,8.459560E+4,1.647989E-19,2.682470E-16,1.709583E-8,2.198294E+0," IDEX "," 2023_12_15_run0 "," 8-90 km/s. Fe/pt olivine mix. IDEX FM. Det2500. Position 4 ",4," Iron "
8552740,20231215204808.097000000,20231215134808.097000000,1702673288097,2.236850E+4,4.649964E-18,5.291860E-16,5.204614E-8,2.198294E+0," IDEX "," 2023_12_15_run0 "," 8-90 km/s. Fe/pt olivine mix. IDEX FM. Det2500. Position 4 ",5," Iron "
8552741,20231215204812.839000000,20231215134812.839000000,1702673292839,2.197150E+4,1.335595E-18,1.466490E-16,3.433973E-8,2.198294E+0," IDEX "," 2023_12_15_run0 "," 8-90 km/s. Fe/pt olivine mix. IDEX FM. Det2500. Position 4 ",4," Iron "
8552743,20231215204819.927999999,20231215134819.927999999,1702673299928,1.772690E+4,3.281803E-18,2.345650E-16,4.633859E-8,2.198294E+0," IDEX "," 2023_12_15_run0 "," 8-90 km/s. Fe/pt olivine mix. IDEX FM. Det2500. Position 4 ",5," Iron "
8552745,20231215204826.861999999,20231215134826.861999999,1702673306862,1.614690E+4,6.529907E-18,3.874480E-16,5.828288E-8,2.197063E+0," IDEX "," 2023_12_15_run0 "," 8-90 km/s. Fe/pt olivine mix. IDEX FM. Det2500. Position 4 ",5," Iron "
8552746,20231215204840.899999999,20231215134840.899999999,1702673320900,6.716630E+4,1.687882E-19,1.730960E-16,1.723268E-8,2.199524E+0," IDEX "," 2023_12_15_run0 "," 8-90 km/s. Fe/pt olivine mix. IDEX FM. Det2500. Position 4 ",4," Iron "
8552749,20231215204928.609999999,20231215134928.609999999,1702673368610,1.947640E+4,2.517748E-18,2.173490E-16,4.242053E-8,2.197063E+0," IDEX "," 2023_12_15_run0 "," 8-90 km/s. Fe/pt olivine mix. IDEX FM. Det2500. Position 4 ",4," Iron "
8552751,20231215205049.458000000,20231215135049.458000000,1702673449458,1.709810E+4,4.114283E-18,2.735740E-16,4.996548E-8,2.198294E+0," IDEX "," 2023_12_15_run0 "," 8-90 km/s. Fe/pt olivine mix. IDEX FM. Det2500. Position 4 ",5," Iron "
8552754,20231215205107.680000000,20231215135107.680000000,1702673467680,1.735670E+4,3.451108E-18,2.364710E-16,4.712212E-8,2.198294E+0," IDEX "," 2023_12_15_run0 "," 8-90 km/s. Fe/pt olivine mix. IDEX FM. Det2500. Position 4 ",5," Iron "
8552757,20231215205131.662000000,20231215135131.662000000,1702673491662,1.874760E+4,2.478228E-18,1.982260E-16,4.219740E-8,2.197063E+0," IDEX "," 2023_12_15_run0 "," 8-90 km/s. Fe/pt olivine mix. IDEX FM. Det2500. Position 4 ",5," Iron "
8552758,20231215205140.734999999,20231215135140.734999999,1702673500735,1.486470E+4,2.676054E-18,1.345660E-16,4.329160E-8,2.197063E+0," IDEX "," 2023_12_15_run0 "," 8-90 km/s. Fe/pt olivine mix. IDEX FM. Det2500. Position 4 ",3," Iron "
8552760,20231215205156.330000000,20231215135156.330000000,1702673516330,1.534720E+4,7.846332E-18,4.203490E-16,6.196230E-8,2.198294E+0," IDEX "," 2023_12_15_run0 "," 8-90 km/s. Fe/pt olivine mix. IDEX FM. Det2500. Position 4 ",4," Iron "
8552765,20231215205258.310000000,20231215135258.310000000,1702673578310,1.683350E+4,4.036290E-18,2.600000E-16,4.964774E-8,2.199524E+0," IDEX "," 2023_12_15_run0 "," 8-90 km/s. Fe/pt olivine mix. IDEX FM. Det2500. Position 4 ",5," Iron "
8552767,20231215205314.182999999,20231215135314.182999999,1702673594183,1.626480E+4,4.333015E-18,2.607190E-16,5.083569E-8,2.198294E+0," IDEX "," 2023_12_15_run0 "," 8-90 km/s. Fe/pt olivine mix. IDEX FM. Det2500. Position 4 ",5," Iron "
8552772,20231215205356.493999999,20231215135356.493999999,1702673636494,4.754610E+4,1.659045E-18,8.530470E-16,3.691402E-8,2.198294E+0," IDEX "," 2023_12_15_run0 "," 8-90 km/s. Fe/pt olivine mix. IDEX FM. Det2500. Position 4 ",5," Iron "
8552777,20231215205448.236999999,20231215135448.236999999,1702673688237,4.982620E+4,4.039744E-19,2.282430E-16,2.305101E-8,2.197063E+0," IDEX "," 2023_12_15_run0 "," 8-90 km/s. Fe/pt olivine mix. IDEX FM. Det2500. Position 4 ",4," Iron "
8552778,20231215205457.493000000,20231215135457.493000000,1702673697493,1.564810E+4,8.588993E-18,4.786230E-16,6.385860E-8,2.197063E+0," IDEX "," 2023_12_15_run0 "," 8-90 km/s. Fe/pt olivine mix. IDEX FM. Det2500. Position 4 ",5," Iron "
8552779,20231215205505.913999999,20231215135505.913999999,1702673705914,1.628870E+4,4.967231E-18,2.997590E-16,5.320389E-8,2.198294E+0," IDEX "," 2023_12_15_run0 "," 8-90 km/s. Fe/pt olivine mix. IDEX FM. Det2500. Position 4 ",5," Iron "
8552783,20231215205605.424000000,20231215135605.424000000,1702673765424,5.870620E+4,5.191175E-19,4.069290E-16,2.506074E-8,2.198294E+0," IDEX "," 2023_12_15_run0 "," 8-90 km/s. Fe/pt olivine mix. IDEX FM. Det2500. Position 4 ",5," Iron "
8552787,20231215205621.037999999,20231215135621.037999999,1702673781038,1.862810E+4,1.906258E-18,1.504540E-16,3.866333E-8,2.198294E+0," IDEX "," 2023_12_15_run0 "," 8-90 km/s. Fe/pt olivine mix. IDEX FM. Det2500. Position 4 ",3," Iron "
8552788,20231215205623.265000000,20231215135623.265000000,1702673783265,2.372510E+4,6.915934E-18,8.859210E-16,5.940946E-8,2.197063E+0," IDEX "," 2023_12_15_run0 "," 8-90 km/s. Fe/pt olivine mix. IDEX FM. Det2500. Position 4 ",5," Iron "
8552789,20231215205647.820999999,20231215135647.820999999,1702673807821,1.712820E+4,4.004268E-18,2.671970E-16,4.951609E-8,2.198294E+0," IDEX "," 2023_12_15_run0 "," 8-90 km/s. Fe/pt olivine mix. IDEX FM. Det2500. Position 4 ",5," Iron "
8552793,20231215205815.833000000,20231215135815.833000000,1702673895833,2.029600E+4,2.320084E-18,2.173750E-16,4.128002E-8,2.198294E+0," IDEX "," 2023_12_15_run0 "," 8-90 km/s. Fe/pt olivine mix. IDEX FM. Det2500. Position 4 ",5," Iron "
8552795,20231215205837.242000000,20231215135837.242000000,1702673917242,1.755140E+4,3.550813E-18,2.487920E-16,4.757162E-8,2.198294E+0," IDEX "," 2023_12_15_run0 "," 8-90 km/s. Fe/pt olivine mix. IDEX FM. Det2500. Position 4 ",5," Iron "
8552796,20231215205848.229999999,20231215135848.229999999,1702673928230,1.656440E+4,4.500536E-18,2.808670E-16,5.148256E-8,2.198294E+0," IDEX "," 2023_12_15_run0 "," 8-90 km/s. Fe/pt olivine mix. IDEX FM. Det2500. Position 4 ",5," Iron "
8552802,20231215210014.135999999,20231215140014.135999999,1702674014136,1.616980E+4,2.939727E-18,1.749220E-16,4.466915E-8,2.197063E+0," IDEX "," 2023_12_15_run0 "," 8-90 km/s. Fe/pt olivine mix. IDEX FM. Det2500. Position 4 ",4," Iron "
8552804,20231215210037.973999999,20231215140037.973999999,1702674037974,1.597040E+4,1.262747E-17,7.329530E-16,7.261240E-8,2.197063E+0," IDEX "," 2023_12_15_run0 "," 8-90 km/s. Fe/pt olivine mix. IDEX FM. Det2500. Position 4 ",5," Iron "
8552805,20231215210054.456000000,20231215140054.456000000,1702674054456,1.665010E+4,5.844951E-18,3.687590E-16,5.616929E-8,2.197063E+0," IDEX "," 2023_12_15_run0 "," 8-90 km/s. Fe/pt olivine mix. IDEX FM. Det2500. Position 4 ",3," Iron "
8552806,20231215210101.254999999,20231215140101.254999999,1702674061255,1.547520E+4,6.271115E-18,3.417790E-16,5.750253E-8,2.197063E+0," IDEX "," 2023_12_15_run0 "," 8-90 km/s. Fe/pt olivine mix. IDEX FM. Det2500. Position 4 ",5," Iron "
8552808,20231215210140.709999999,20231215140140.709999999,1702674100710,2.828450E+4,4.703000E-18,8.557700E-16,5.224327E-8,2.198294E+0," IDEX "," 2023_12_15_run0 "," 8-90 km/s. Fe/pt olivine mix. IDEX FM. Det2500. Position 4 ",5," Iron "
8552810,20231215210153.125000000,20231215140153.125000000,1702674113125,1.701840E+4,4.204734E-18,2.769880E-16,5.032898E-8,2.198294E+0," IDEX "," 2023_12_15_run0 "," 8-90 km/s. Fe/pt olivine mix. IDEX FM. Det2500. Position 4 ",4," Iron "
8552811,20231215210155.393000000,20231215140155.393000000,1702674115393,6.392150E+4,5.802545E-19,5.392590E-16,2.600827E-8,2.198294E+0," IDEX "," 2023_12_15_run0 "," 8-90 km/s. Fe/pt olivine mix. IDEX FM. Det2500. Position 4 ",3," Iron "
8552812,20231215210157.587999999,20231215140157.587999999,1702674117588,1.787880E+4,2.263777E-18,1.645870E-16,4.094334E-8,2.198294E+0," IDEX "," 2023_12_15_run0 "," 8-90 km/s. Fe/pt olivine mix. IDEX FM. Det2500. Position 4 ",5," Iron "
8552814,20231215210224.302000000,20231215140224.302000000,1702674144302,2.051140E+4,1.691023E-18,1.619080E-16,3.714969E-8,2.197063E+0," IDEX "," 2023_12_15_run0 "," 8-90 km/s. Fe/pt olivine mix. IDEX FM. Det2500. Position 4 ",5," Iron "
8552818,20231215210241.016999999,20231215140241.016999999,1702674161017,1.974660E+4,4.090361E-18,3.627700E-16,4.986845E-8,2.198294E+0," IDEX "," 2023_12_15_run0 "," 8-90 km/s. Fe/pt olivine mix. IDEX FM. Det2500. Position 4 ",5," Iron "
8552820,20231215210256.486999999,20231215140256.486999999,1702674176487,2.044220E+4,2.399175E-18,2.281630E-16,4.174386E-8,2.197063E+0," IDEX "," 2023_12_15_run0 "," 8-90 km/s. Fe/pt olivine mix. IDEX FM. Det2500. Position 4 ",5," Iron "
8552821,20231215210313.908999999,20231215140313.908999999,1702674193909,1.759880E+4,3.319079E-18,2.340750E-16,4.651337E-8,2.195833E+0," IDEX "," 2023_12_15_run0 "," 8-90 km/s. Fe/pt olivine mix. IDEX FM. Det2500. Position 4 ",4," Iron "
8552828,20231215210507.972999999,20231215140507.972999999,1702674307973,1.569570E+4,4.710322E-18,2.639350E-16,5.227036E-8,2.198294E+0," IDEX "," 2023_12_15_run0 "," 8-90 km/s. Fe/pt olivine mix. IDEX FM. Det2500. Position 4 ",5," Iron "
8552830,20231215210528.833000000,20231215140528.833000000,1702674328833,2.114550E+4,3.074085E-18,3.122850E-16,4.533956E-8,2.200754E+0," IDEX "," 2023_12_15_run0 "," 8-90 km/s. Fe/pt olivine mix. IDEX FM. Det2500. Position 4 ",5," Iron "
8552831,20231215210535.543999999,20231215140535.543999999,1702674335544,1.536390E+4,5.270383E-18,2.826470E-16,5.426494E-8,2.200754E+0," IDEX "," 2023_12_15_run0 "," 8-90 km/s. Fe/pt olivine mix. IDEX FM. Det2500. Position 4 ",5," Iron "
8552832,20231215210536.175000000,20231215140536.175000000,1702674336175,1.660630E+4,2.401078E-18,1.505200E-16,4.175490E-8,2.199524E+0," IDEX "," 2023_12_15_run0 "," 8-90 km/s. Fe/pt olivine mix. IDEX FM. Det2500. Position 4 ",3," Iron "
8552833,20231215210541.091999999,20231215140541.091999999,1702674341092,1.914170E+4,1.598738E-18,1.331620E-16,3.646121E-8,2.199524E+0," IDEX "," 2023_12_15_run0 "," 8-90 km/s. Fe/pt olivine mix. IDEX FM. Det2500. Position 4 ",5," Iron "
8552836,20231215210609.302999999,20231215140609.302999999,1702674369303,1.597290E+4,4.212683E-18,2.444620E-16,5.036068E-8,2.198294E+0," IDEX "," 2023_12_15_run0 "," 8-90 km/s. Fe/pt olivine mix. IDEX FM. Det2500. Position 4 ",4," Iron "
8552838,20231215210633.748999999,20231215140633.748999999,1702674393749,1.715910E+4,6.938205E-18,4.643850E-16,5.947316E-8,2.199524E+0," IDEX "," 2023_12_15_run0 "," 8-90 km/s. Fe/pt olivine mix. IDEX FM. Det2500. Position 4 ",5," Iron "
8552839,20231215210635.856000000,20231215140635.856000000,1702674395856,1.805940E+4,5.016446E-18,3.719160E-16,5.337903E-8,2.199524E+0," IDEX "," 2023_12_15_run0 "," 8-90 km/s. Fe/pt olivine mix. IDEX FM. Det2500. Position 4 ",3," Iron "
8552840,20231215210702.666999999,20231215140702.666999999,1702674422667,1.893900E+4,2.816797E-18,2.296740E-16,4.403762E-8,2.199524E+0," IDEX "," 2023_12_15_run0 "," 8-90 km/s. Fe/pt olivine mix. IDEX FM. Det2500. Position 4 ",5," Iron "
8552841,20231215210743.356999999,20231215140743.356999999,1702674463357,1.847310E+4,5.328004E-18,4.135510E-16,5.446199E-8,2.198294E+0," IDEX "," 2023_12_15_run0 "," 8-90 km/s. Fe/pt olivine mix. IDEX FM. Det2500. Position 4 ",5," Iron "
8552842,20231215210753.044999999,20231215140753.044999999,1702674473045,1.614530E+4,3.450724E-18,2.047060E-16,4.712038E-8,2.197063E+0," IDEX "," 2023_12_15_run0 "," 8-90 km/s. Fe/pt olivine mix. IDEX FM. Det2500. Position 4 ",4," Iron "
8552843,20231215210807.180999999,20231215140807.180999999,1702674487181,1.539420E+4,3.166955E-17,1.707030E-15,9.865504E-8,2.198294E+0," IDEX "," 2023_12_15_run0 "," 8-90 km/s. Fe/pt olivine mix. IDEX FM. Det2500. Position 4 ",5," Iron "
8552846,20231215210910.158000000,20231215140910.158000000,1702674550158,1.788130E+4,2.559890E-18,1.862720E-16,4.265590E-8,2.197063E+0," IDEX "," 2023_12_15_run0 "," 8-90 km/s. Fe/pt olivine mix. IDEX FM. Det2500. Position 4 ",4," Iron "
8552847,20231215210917.182000000,20231215140917.182000000,1702674557182,1.594740E+4,4.604712E-18,2.662100E-16,5.187676E-8,2.199524E+0," IDEX "," 2023_12_15_run0 "," 8-90 km/s. Fe/pt olivine mix. IDEX FM. Det2500. Position 4 ",5," Iron "
8552851,20231215210954.762000000,20231215140954.762000000,1702674594762,2.007640E+4,1.882904E-17,1.725210E-15,8.295605E-8,2.199524E+0," IDEX "," 2023_12_15_run0 "," 8-90 km/s. Fe/pt olivine mix. IDEX FM. Det2500. Position 4 ",5," Iron "
8552853,20231215211028.754999999,20231215141028.754999999,1702674628755,1.707960E+4,1.865775E-18,1.237940E-16,3.838767E-8,2.198294E+0," IDEX "," 2023_12_15_run0 "," 8-90 km/s. Fe/pt olivine mix. IDEX FM. Det2500. Position 4 ",5," Iron "
8552877,20231218173335.381000000,20231218103335.381000000,1702920815381,2.498570E+4,1.402699E-17,1.991740E-15,1.074412E-7,2.198294E+0," IDEX "," 2023_12_18_run0 "," 3-90 km/s. Al 5-1. IDEX FM Detector 2500. Position 5. HG CSAs ",5," Aluminum "
8552881,20231218173344.844000000,20231218103344.844000000,1702920824844,1.802060E+4,1.312877E-17,9.697230E-16,1.050971E-7,2.198294E+0," IDEX "," 2023_12_18_run0 "," 3-90 km/s. Al 5-1. IDEX FM Detector 2500. Position 5. HG CSAs ",3," Aluminum "
8552882,20231218173347.117000000,20231218103347.117000000,1702920827117,1.219970E+4,1.924349E-17,6.514290E-16,1.193834E-7,2.198294E+0," IDEX "," 2023_12_18_run0 "," 3-90 km/s. Al 5-1. IDEX FM Detector 2500. Position 5. HG CSAs ",5," Aluminum "
8552888,20231218173454.949999999,20231218103454.949999999,1702920894950,1.996810E+4,1.234023E-17,1.119760E-15,1.029494E-7,2.197063E+0," IDEX "," 2023_12_18_run0 "," 3-90 km/s. Al 5-1. IDEX FM Detector 2500. Position 5. HG CSAs ",5," Aluminum "
8552893,20231218173459.236999999,20231218103459.236999999,1702920899237,1.483590E+4,9.179460E-18,4.595470E-16,9.327994E-8,2.198294E+0," IDEX "," 2023_12_18_run0 "," 3-90 km/s. Al 5-1. IDEX FM Detector 2500. Position 5. HG CSAs ",3," Aluminum "
8552896,20231218173509.373000000,20231218103509.373000000,1702920909373,1.917010E+4,1.784525E-17,1.490780E-15,1.164189E-7,2.199524E+0," IDEX "," 2023_12_18_run0 "," 3-90 km/s. Al 5-1. IDEX FM Detector 2500. Position 5. HG CSAs ",5," Aluminum "
8552900,20231218173609.336000000,20231218103609.336000000,1702920969336,1.380750E+4,5.299569E-17,2.298030E-15,1.673386E-7,2.198294E+0," IDEX "," 2023_12_18_run0 "," 3-90 km/s. Al 5-1. IDEX FM Detector 2500. Position 5. HG CSAs ",5," Aluminum "
8552901,20231218173626.361999999,20231218103626.361999999,1702920986362,1.169990E+4,4.378829E-18,1.363350E-16,7.288450E-8,2.198294E+0," IDEX "," 2023_12_18_run0 "," 3-90 km/s. Al 5-1. IDEX FM Detector 2500. Position 5. HG CSAs ",5," Aluminum "
8552914,20231218173825.074999999,20231218103825.074999999,1702921105075,1.435490E+4,4.221813E-17,1.978720E-15,1.551251E-7,2.198294E+0," IDEX "," 2023_12_18_run0 "," 3-90 km/s. Al 5-1. IDEX FM Detector 2500. Position 5. HG CSAs ",3," Aluminum "
8552916,20231218173939.512000000,20231218103939.512000000,1702921179512,1.831360E+4,4.914399E-18,3.750990E-16,7.574245E-8,2.197063E+0," IDEX "," 2023_12_18_run0 "," 3-90 km/s. Al 5-1. IDEX FM Detector 2500. Position 5. HG CSAs ",5," Aluminum "
8552920,20231218173957.520999999,20231218103957.520999999,1702921197521,1.155340E+4,1.122249E-17,3.401460E-16,9.974219E-8,2.201984E+0," IDEX "," 2023_12_18_run0 "," 3-90 km/s. Al 5-1. IDEX FM Detector 2500. Position 5. HG CSAs ",5," Aluminum "
8552924,20231218174110.800999999,20231218104110.800999999,1702921270801,2.178630E+4,4.462665E-18,4.820470E-16,7.334671E-8,2.197063E+0," IDEX "," 2023_12_18_run0 "," 3-90 km/s. Al 5-1. IDEX FM Detector 2500. Position 5. HG CSAs ",3," Aluminum "
8552929,20231218174154.726000000,20231218104154.726000000,1702921314726,3.607500E+4,1.857218E-18,5.497440E-16,5.476085E-8,2.198294E+0," IDEX "," 2023_12_18_run0 "," 3-90 km/s. Al 5-1. IDEX FM Detector 2500. Position 5. HG CSAs ",5," Aluminum "
8552930,20231218174155.371000000,20231218104155.371000000,1702921315371,2.496200E+4,6.899461E-18,9.778200E-16,8.481140E-8,2.198294E+0," IDEX "," 2023_12_18_run0 "," 3-90 km/s. Al 5-1. IDEX FM Detector 2500. Position 5. HG CSAs ",5," Aluminum "
8552933,20231218174209.368999999,20231218104209.368999999,1702921329369,4.028810E+4,1.283587E-18,4.738750E-16,4.841623E-8,2.198294E+0," IDEX "," 2023_12_18_run0 "," 3-90 km/s. Al 5-1. IDEX FM Detector 2500. Position 5. HG CSAs ",5," Aluminum "
8552937,20231218174229.628000000,20231218104229.628000000,1702921349628,1.931900E+4,1.542183E-18,1.308420E-16,5.147082E-8,2.199524E+0," IDEX "," 2023_12_18_run0 "," 3-90 km/s. Al 5-1. IDEX FM Detector 2500. Position 5. HG CSAs ",4," Aluminum "
8552945,20231218174326.021999999,20231218104326.021999999,1702921406022,1.879320E+4,4.497184E-18,3.610640E-16,7.353534E-8,2.199524E+0," IDEX "," 2023_12_18_run0 "," 3-90 km/s. Al 5-1. IDEX FM Detector 2500. Position 5. HG CSAs ",5," Aluminum "
8552947,20231218174331.819999999,20231218104331.819999999,1702921411820,1.599430E+4,4.024243E-18,2.341530E-16,7.086155E-8,2.198294E+0," IDEX "," 2023_12_18_run0 "," 3-90 km/s. Al 5-1. IDEX FM Detector 2500. Position 5. HG CSAs ",5," Aluminum "
8552948,20231218174332.728000000,20231218104332.728000000,1702921412728,4.773320E+4,8.097496E-19,4.196400E-16,4.152403E-8,2.198294E+0," IDEX "," 2023_12_18_run0 "," 3-90 km/s. Al 5-1. IDEX FM Detector 2500. Position 5. HG CSAs ",5," Aluminum "
8552953,20231218174423.763999999,20231218104423.763999999,1702921463764,2.073630E+4,6.830384E-18,6.680250E-16,8.452741E-8,2.198294E+0," IDEX "," 2023_12_18_run0 "," 3-90 km/s. Al 5-1. IDEX FM Detector 2500. Position 5. HG CSAs ",5," Aluminum "
8552955,20231218174436.601999999,20231218104436.601999999,1702921476602,1.750890E+4,2.149144E-17,1.498540E-15,1.238619E-7,2.198294E+0," IDEX "," 2023_12_18_run0 "," 3-90 km/s. Al 5-1. IDEX FM Detector 2500. Position 5. HG CSAs ",5," Aluminum "
8552956,20231218174453.820999999,20231218104453.820999999,1702921493821,2.420800E+4,1.750635E-17,2.333450E-15,1.156772E-7,2.198294E+0," IDEX "," 2023_12_18_run0 "," 3-90 km/s. Al 5-1. IDEX FM Detector 2500. Position 5. HG CSAs ",5," Aluminum "
8552969,20231218174557.811999999,20231218104557.811999999,1702921557812,2.084860E+4,3.044158E-18,3.009580E-16,6.456615E-8,2.198294E+0," IDEX "," 2023_12_18_run0 "," 3-90 km/s. Al 5-1. IDEX FM Detector 2500. Position 5. HG CSAs ",5," Aluminum "
8552974,20231218174603.952999999,20231218104603.952999999,1702921563953,1.163280E+4,1.638225E-17,5.042280E-16,1.131463E-7,2.198294E+0," IDEX "," 2023_12_18_run0 "," 3-90 km/s. Al 5-1. IDEX FM Detector 2500. Position 5. HG CSAs ",5," Aluminum "
8552986,20231218174734.504999999,20231218104734.504999999,1702921654505,1.880350E+4,8.463394E-18,6.802430E-16,9.078848E-8,2.199524E+0," IDEX "," 2023_12_18_run0 "," 3-90 km/s. Al 5-1. IDEX FM Detector 2500. Position 5. HG CSAs ",5," Aluminum "
8552987,20231218174735.757999999,20231218104735.757999999,1702921655758,2.366680E+4,1.825557E-18,2.324430E-16,5.444788E-8,2.199524E+0," IDEX "," 2023_12_18_run0 "," 3-90 km/s. Al 5-1. IDEX FM Detector 2500. Position 5. HG CSAs ",5," Aluminum "
8552989,20231218174746.819999999,20231218104746.819999999,1702921666820,1.195720E+4,1.031932E-17,3.357670E-16,9.699131E-8,2.197063E+0," IDEX "," 2023_12_18_run0 "," 3-90 km/s. Al 5-1. IDEX FM Detector 2500. Position 5. HG CSAs ",5," Aluminum "
8553023,20231218175136.851000000,20231218105136.851000000,1702921896851,2.476060E+4,6.995677E-18,9.760680E-16,8.520383E-8,2.197063E+0," IDEX "," 2023_12_18_run0 "," 3-90 km/s. Al 5-1. IDEX FM Detector 2500. Position 5. HG CSAs ",5," Aluminum "
8553025,20231218175221.126000000,20231218105221.126000000,1702921941126,1.305780E+4,5.068288E-17,1.965560E-15,1.648680E-7,2.198294E+0," IDEX "," 2023_12_18_run0 "," 3-90 km/s. Al 5-1. IDEX FM Detector 2500. Position 5. HG CSAs ",3," Aluminum "
8553030,20231218175247.577999999,20231218105247.577999999,1702921967578,1.392700E+4,1.119248E-17,4.937720E-16,9.965321E-8,2.198294E+0," IDEX "," 2023_12_18_run0 "," 3-90 km/s. Al 5-1. IDEX FM Detector 2500. Position 5. HG CSAs ",5," Aluminum "
8553036,20231218175258.731999999,20231218105258.731999999,1702921978732,2.171670E+4,2.147395E-18,2.304770E-16,5.747599E-8,2.197063E+0," IDEX "," 2023_12_18_run0 "," 3-90 km/s. Al 5-1. IDEX FM Detector 2500. Position 5. HG CSAs ",5," Aluminum "
8553050,20231218175413.140999999,20231218105413.140999999,1702922053141,1.130140E+4,5.651491E-18,1.642690E-16,7.935425E-8,2.197063E+0," IDEX "," 2023_12_18_run0 "," 3-90 km/s. Al 5-1. IDEX FM Detector 2500. Position 5. HG CSAs ",3," Aluminum "
8553052,20231218175418.541999999,20231218105418.541999999,1702922058542,1.468690E+4,3.647401E-18,1.790490E-16,6.857677E-8,2.197063E+0," IDEX "," 2023_12_18_run0 "," 3-90 km/s. Al 5-1. IDEX FM Detector 2500. Position 5. HG CSAs ",4," Aluminum "
8553061,20231218175456.797000000,20231218105456.797000000,1702922096797,1.551810E+4,1.820429E-17,9.965360E-16,1.171945E-7,2.199524E+0," IDEX "," 2023_12_18_run0 "," 3-90 km/s. Al 5-1. IDEX FM Detector 2500. Position 5. HG CSAs ",5," Aluminum "
8553067,20231218175547.327999999,20231218105547.327999999,1702922147328,1.460610E+4,1.282381E-17,6.222580E-16,1.042769E-7,2.198294E+0," IDEX "," 2023_12_18_run0 "," 3-90 km/s. Al 5-1. IDEX FM Detector 2500. Position 5. HG CSAs ",5," Aluminum "
8553088,20231218175651.986999999,20231218105651.986999999,1702922211987,3.354170E+4,1.521264E-18,3.892780E-16,5.123705E-8,2.198294E+0," IDEX "," 2023_12_18_run0 "," 3-90 km/s. Al 5-1. IDEX FM Detector 2500. Position 5. HG CSAs ",5," Aluminum "
8553089,20231218175706.129999999,20231218105706.129999999,1702922226130,1.700960E+4,1.034012E-17,6.804540E-16,9.705645E-8,2.198294E+0," IDEX "," 2023_12_18_run0 "," 3-90 km/s. Al 5-1. IDEX FM Detector 2500. Position 5. HG CSAs ",5," Aluminum "
8553096,20231218175739.575999999,20231218105739.575999999,1702922259576,2.228560E+4,3.454187E-18,3.901930E-16,6.734383E-8,2.198294E+0," IDEX "," 2023_12_18_run0 "," 3-90 km/s. Al 5-1. IDEX FM Detector 2500. Position 5. HG CSAs ",5," Aluminum "
8553100,20231218175752.623999999,20231218105752.623999999,1702922272624,1.330750E+4,1.143417E-17,4.605560E-16,1.003654E-7,2.198294E+0," IDEX "," 2023_12_18_run0 "," 3-90 km/s. Al 5-1. IDEX FM Detector 2500. Position 5. HG CSAs ",5," Aluminum "
8553102,20231218175801.927000000,20231218105801.927000000,1702922281927,1.860040E+4,2.595983E-17,2.043970E-15,1.319116E-7,2.197063E+0," IDEX "," 2023_12_18_run0 "," 3-90 km/s. Al 5-1. IDEX FM Detector 2500. Position 5. HG CSAs ",3," Aluminum "
8553109,20231218175937.524999999,20231218105937.524999999,1702922377525,1.165220E+4,7.855748E-18,2.424630E-16,8.856151E-8,2.199524E+0," IDEX "," 2023_12_18_run0 "," 3-90 km/s. Al 5-1. IDEX FM Detector 2500. Position 5. HG CSAs ",5," Aluminum "
8553111,20231218175941.160999999,20231218105941.160999999,1702922381161,1.327810E+4,5.708627E-18,2.291790E-16,7.962078E-8,2.195833E+0," IDEX "," 2023_12_18_run0 "," 3-90 km/s. Al 5-1. IDEX FM Detector 2500. Position 5. HG CSAs ",3," Aluminum "
8553112,20231218175941.929000000,20231218105941.929000000,1702922381929,1.846800E+4,7.987723E-18,6.203460E-16,8.905470E-8,2.195833E+0," IDEX "," 2023_12_18_run0 "," 3-90 km/s. Al 5-1. IDEX FM Detector 2500. Position 5. HG CSAs ",5," Aluminum "
8553113,20231218175944.922999999,20231218105944.922999999,1702922384923,1.257960E+4,1.229929E-17,4.426890E-16,1.028354E-7,2.198294E+0," IDEX "," 2023_12_18_run0 "," 3-90 km/s. Al 5-1. IDEX FM Detector 2500. Position 5. HG CSAs ",5," Aluminum "
8553115,20231218175953.777999999,20231218105953.777999999,1702922393778,1.133010E+4,1.004946E-17,2.935880E-16,9.613838E-8,2.197063E+0," IDEX "," 2023_12_18_run0 "," 3-90 km/s. Al 5-1. IDEX FM Detector 2500. Position 5. HG CSAs ",5," Aluminum "
8553121,20231218180026.123000000,20231218110026.123000000,1702922426123,1.205640E+4,6.991086E-18,2.312640E-16,8.518519E-8,2.197063E+0," IDEX "," 2023_12_18_run0 "," 3-90 km/s. Al 5-1. IDEX FM Detector 2500. Position 5. HG CSAs ",5," Aluminum "
8553132,20231218180513.552000000,20231218110513.552000000,1702922713552,1.344610E+4,3.109589E-17,1.278020E-15,1.400931E-7,2.199524E+0," IDEX "," 2023_12_18_run0 "," 3-90 km/s. Al 5-1. IDEX FM Detector 2500. Position 5. HG CSAs ",5," Aluminum "
8553133,20231218180514.229999999,20231218110514.229999999,1702922714230,2.620630E+4,6.074157E-18,9.488170E-16,8.128515E-8,2.198294E+0," IDEX "," 2023_12_18_run0 "," 3-90 km/s. Al 5-1. IDEX FM Detector 2500. Position 5. HG CSAs ",5," Aluminum "
8553135,20231218180515.378999999,20231218110515.378999999,1702922715379,1.815080E+4,4.128241E-18,3.093440E-16,7.146678E-8,2.198294E+0," IDEX "," 2023_12_18_run0 "," 3-90 km/s. Al 5-1. IDEX FM Detector 2500. Position 5. HG CSAs ",5," Aluminum "
8553143,20231218180602.033000000,20231218110602.033000000,1702922762033,4.235460E+4,1.090424E-18,4.446710E-16,4.585440E-8,2.199524E+0," IDEX "," 2023_12_18_run0 "," 3-90 km/s. Al 5-1. IDEX FM Detector 2500. Position 5. HG CSAs ",5," Aluminum "
8553149,20231218180628.297999999,20231218110628.297999999,1702922788298,1.989960E+4,2.398770E-18,2.161750E-16,5.963649E-8,2.197063E+0," IDEX "," 2023_12_18_run0 "," 3-90 km/s. Al 5-1. IDEX FM Detector 2500. Position 5. HG CSAs ",4," Aluminum "
8553150,20231218180628.419999999,20231218110628.419999999,1702922788420,1.769550E+4,7.053477E-18,5.026400E-16,8.543785E-8,2.197063E+0," IDEX "," 2023_12_18_run0 "," 3-90 km/s. Al 5-1. IDEX FM Detector 2500. Position 5. HG CSAs ",5," Aluminum "
8553171,20231218180816.756000000,20231218110816.756000000,1702922896756,1.554990E+4,1.182841E-17,6.498020E-16,1.015059E-7,2.200754E+0," IDEX "," 2023_12_18_run0 "," 3-90 km/s. Al 5-1. IDEX FM Detector 2500. Position 5. HG CSAs ",5," Aluminum "
8553190,20231218181026.844999999,20231218111026.844999999,1702923026845,2.797740E+4,1.271452E-17,2.263600E-15,1.039799E-7,2.198294E+0," IDEX "," 2023_12_18_run0 "," 3-90 km/s. Al 5-1. IDEX FM Detector 2500. Position 5. HG CSAs ",3," Aluminum "
8553194,20231218181041.942000000,20231218111041.942000000,1702923041942,3.107910E+4,1.506328E-18,3.309340E-16,5.106881E-8,2.198294E+0," IDEX "," 2023_12_18_run0 "," 3-90 km/s. Al 5-1. IDEX FM Detector 2500. Position 5. HG CSAs ",4," Aluminum "
8553212,20231218181516.558999999,20231218111516.558999999,1702923316559,2.673850E+4,6.906324E-18,1.122440E-15,8.483952E-8,2.199524E+0," IDEX "," 2023_12_18_run0 "," 3-90 km/s. Al 5-1. IDEX FM Detector 2500. Position 5. HG CSAs ",3," Aluminum "
8553237,20231218181757.214999999,20231218111757.214999999,1702923477215,1.490480E+4,6.095146E-18,3.078070E-16,8.137867E-8,2.199524E+0," IDEX "," 2023_12_18_run0 "," 3-90 km/s. Al 5-1. IDEX FM Detector 2500. Position 5. HG CSAs ",5," Aluminum "
8553262,20231218181838.452000000,20231218111838.452000000,1702923518452,1.314000E+4,2.679692E-17,1.052940E-15,1.333145E-7,2.197063E+0," IDEX "," 2023_12_18_run0 "," 3-90 km/s. Al 5-1. IDEX FM Detector 2500. Position 5. HG CSAs ",5," Aluminum "
8553264,20231218181842.503999999,20231218111842.503999999,1702923522504,1.989560E+4,2.068085E-18,1.862990E-16,5.675951E-8,2.197063E+0," IDEX "," 2023_12_18_run0 "," 3-90 km/s. Al 5-1. IDEX FM Detector 2500. Position 5. HG CSAs ",5," Aluminum "
8553273,20231218181910.412999999,20231218111910.412999999,1702923550413,1.631260E+4,3.693098E-18,2.235230E-16,6.886198E-8,2.198294E+0," IDEX "," 2023_12_18_run0 "," 3-90 km/s. Al 5-1. IDEX FM Detector 2500. Position 5. HG CSAs ",4," Aluminum "
8553279,20231218181926.743000000,20231218111926.743000000,1702923566743,1.761840E+4,3.208670E-17,2.265390E-15,1.415655E-7,2.198294E+0," IDEX "," 2023_12_18_run0 "," 3-90 km/s. Al 5-1. IDEX FM Detector 2500. Position 5. HG CSAs ",5," Aluminum "
8553294,20231218182006.175000000,20231218112006.175000000,1702923606175,1.372220E+4,3.976379E-18,1.704930E-16,7.057948E-8,2.195833E+0," IDEX "," 2023_12_18_run0 "," 3-90 km/s. Al 5-1. IDEX FM Detector 2500. Position 5. HG CSAs ",5," Aluminum "
8553297,20231218182010.035000000,20231218112010.035000000,1702923610035,1.730560E+4,1.743356E-17,1.188860E-15,1.155166E-7,2.195833E+0," IDEX "," 2023_12_18_run0 "," 3-90 km/s. Al 5-1. IDEX FM Detector 2500. Position 5. HG CSAs ",5," Aluminum "
8553301,20231218182020.040000000,20231218112020.040000000,1702923620040,1.171420E+4,6.525385E-18,2.036650E-16,8.325006E-8,2.198294E+0," IDEX "," 2023_12_18_run0 "," 3-90 km/s. Al 5-1. IDEX FM Detector 2500. Position 5. HG CSAs ",4," Aluminum "
8553306,20231218182030.793999999,20231218112030.793999999,1702923630794,1.464630E+4,6.038409E-18,2.944560E-16,8.112537E-8,2.199524E+0," IDEX "," 2023_12_18_run0 "," 3-90 km/s. Al 5-1. IDEX FM Detector 2500. Position 5. HG CSAs ",5," Aluminum "
8553339,20231218182157.978000000,20231218112157.978000000,1702923717978,4.670690E+4,6.475036E-19,3.214640E-16,3.854162E-8,2.197063E+0," IDEX "," 2023_12_18_run0 "," 3-90 km/s. Al 5-1. IDEX FM Detector 2500. Position 5. HG CSAs ",4," Aluminum "
8553353,20231218182230.439999999,20231218112230.439999999,1702923750440,1.753570E+4,6.387835E-18,4.470210E-16,8.266096E-8,2.197063E+0," IDEX "," 2023_12_18_run0 "," 3-90 km/s. Al 5-1. IDEX FM Detector 2500. Position 5. HG CSAs ",5," Aluminum "
8553375,20231218182328.010999999,20231218112328.010999999,1702923808011,1.616120E+4,1.037116E-17,6.161120E-16,9.715348E-8,2.198294E+0," IDEX "," 2023_12_18_run0 "," 3-90 km/s. Al 5-1. IDEX FM Detector 2500. Position 5. HG CSAs ",5," Aluminum "
8553376,20231218182339.493999999,20231218112339.493999999,1702923819494,1.457080E+4,4.700038E-18,2.269620E-16,7.462477E-8,2.198294E+0," IDEX "," 2023_12_18_run0 "," 3-90 km/s. Al 5-1. IDEX FM Detector 2500. Position 5. HG CSAs ",5," Aluminum "
8553388,20231218182445.833000000,20231218112445.833000000,1702923885833,1.515110E+4,4.538514E-18,2.372320E-16,7.375992E-8,2.195833E+0," IDEX "," 2023_12_18_run0 "," 3-90 km/s. Al 5-1. IDEX FM Detector 2500. Position 5. HG CSAs ",5," Aluminum "
8553390,20231218182501.791999999,20231218112501.791999999,1702923901792,1.545940E+4,7.608149E-17,4.133390E-15,1.887740E-7,2.199524E+0," IDEX "," 2023_12_18_run0 "," 3-90 km/s. Al 5-1. IDEX FM Detector 2500. Position 5. HG CSAs ",5," Aluminum "
8553396,20231218182512.043000000,20231218112512.043000000,1702923912043,1.640180E+4,8.239065E-18,5.041340E-16,8.997914E-8,2.198294E+0," IDEX "," 2023_12_18_run0 "," 3-90 km/s. Al 5-1. IDEX FM Detector 2500. Position 5. HG CSAs ",5," Aluminum "
8553429,20231218182838.908000000,20231218112838.908000000,1702924118908,1.411420E+4,5.419489E-18,2.455590E-16,7.825318E-8,2.198294E+0," IDEX "," 2023_12_18_run0 "," 3-90 km/s. Al 5-1. IDEX FM Detector 2500. Position 5. HG CSAs ",5," Aluminum "
8553432,20231218182904.734000000,20231218112904.734000000,1702924144734,1.813790E+4,4.579850E-18,3.426970E-16,7.398317E-8,2.198294E+0," IDEX "," 2023_12_18_run0 "," 3-90 km/s. Al 5-1. IDEX FM Detector 2500. Position 5. HG CSAs ",5," Aluminum "
8553437,20231218182933.839000000,20231218112933.839000000,1702924173839,1.959450E+4,1.625871E-18,1.419840E-16,5.238552E-8,2.198294E+0," IDEX "," 2023_12_18_run0 "," 3-90 km/s. Al 5-1. IDEX FM Detector 2500. Position 5. HG CSAs ",4," Aluminum "
8553438,20231218182940.126999999,20231218112940.126999999,1702924180127,1.429890E+4,4.772686E-18,2.219490E-16,7.500729E-8,2.198294E+0," IDEX "," 2023_12_18_run0 "," 3-90 km/s. Al 5-1. IDEX FM Detector 2500. Position 5. HG CSAs ",5," Aluminum "
8553624,20231218193542.466999999,20231218123542.466999999,1702928142467,5.385070E+3,9.805502E-16,6.463900E-15,4.425943E-7,2.199524E+0," IDEX "," 2023_12_18_run1 "," 3-90 km/s. Al 5-1. IDEX FM Detector 2500. Position 5. HG CSAs ",5," Aluminum "
8553625,20231218193548.319999999,20231218123548.319999999,1702928148320,3.586370E+3,4.621757E-16,1.352080E-15,3.444437E-7,2.198294E+0," IDEX "," 2023_12_18_run1 "," 3-90 km/s. Al 5-1. IDEX FM Detector 2500. Position 5. HG CSAs ",5," Aluminum "
8553627,20231218193551.067000000,20231218123551.067000000,1702928151067,1.090370E+4,3.693886E-17,9.988870E-16,1.483692E-7,2.198294E+0," IDEX "," 2023_12_18_run1 "," 3-90 km/s. Al 5-1. IDEX FM Detector 2500. Position 5. HG CSAs ",5," Aluminum "
8553632,20231218193555.324000000,20231218123555.324000000,1702928155324,1.021160E+4,1.724168E-17,4.089330E-16,1.150913E-7,2.198294E+0," IDEX "," 2023_12_18_run1 "," 3-90 km/s. Al 5-1. IDEX FM Detector 2500. Position 5. HG CSAs ",5," Aluminum "
8553641,20231218193602.415999999,20231218123602.415999999,1702928162416,6.536700E+3,1.833580E-17,1.780980E-16,1.174760E-7,2.199524E+0," IDEX "," 2023_12_18_run1 "," 3-90 km/s. Al 5-1. IDEX FM Detector 2500. Position 5. HG CSAs ",4," Aluminum "
8553651,20231218193627.359000000,20231218123627.359000000,1702928187359,7.378920E+3,3.371551E-17,4.180100E-16,1.439215E-7,2.195833E+0," IDEX "," 2023_12_18_run1 "," 3-90 km/s. Al 5-1. IDEX FM Detector 2500. Position 5. HG CSAs ",5," Aluminum "
8553653,20231218193634.802999999,20231218123634.802999999,1702928194803,8.958720E+3,3.984247E-17,7.273160E-16,1.521591E-7,2.198294E+0," IDEX "," 2023_12_18_run1 "," 3-90 km/s. Al 5-1. IDEX FM Detector 2500. Position 5. HG CSAs ",5," Aluminum "
8553660,20231218193645.175000000,20231218123645.175000000,1702928205175,3.239110E+3,9.684012E-15,2.312250E-14,9.495860E-7,2.197063E+0," IDEX "," 2023_12_18_run1 "," 3-90 km/s. Al 5-1. IDEX FM Detector 2500. Position 5. HG CSAs ",5," Aluminum "
8553686,20231218193806.206999999,20231218123806.206999999,1702928286207,4.968190E+3,2.085635E-16,1.170900E-15,2.641975E-7,2.198294E+0," IDEX "," 2023_12_18_run1 "," 3-90 km/s. Al 5-1. IDEX FM Detector 2500. Position 5. HG CSAs ",5," Aluminum "
8553692,20231218193818.371000000,20231218123818.371000000,1702928298371,2.082610E+4,2.597818E-18,2.562770E-16,6.124239E-8,2.198294E+0," IDEX "," 2023_12_18_run1 "," 3-90 km/s. Al 5-1. IDEX FM Detector 2500. Position 5. HG CSAs ",5," Aluminum "
8553697,20231218193826.251000000,20231218123826.251000000,1702928306251,1.184830E+4,1.373017E-17,4.386480E-16,1.066779E-7,2.197063E+0," IDEX "," 2023_12_18_run1 "," 3-90 km/s. Al 5-1. IDEX FM Detector 2500. Position 5. HG CSAs ",5," Aluminum "
8553709,20231218193840.040999999,20231218123840.040999999,1702928320041,1.036130E+4,2.501254E-17,6.107610E-16,1.302872E-7,2.198294E+0," IDEX "," 2023_12_18_run1 "," 3-90 km/s. Al 5-1. IDEX FM Detector 2500. Position 5. HG CSAs ",5," Aluminum "
8553711,20231218193845.848999999,20231218123845.848999999,1702928325849,5.027280E+3,7.533982E-18,4.333300E-17,8.733549E-8,2.197063E+0," IDEX "," 2023_12_18_run1 "," 3-90 km/s. Al 5-1. IDEX FM Detector 2500. Position 5. HG CSAs ",3," Aluminum "
8553729,20231218193933.811999999,20231218123933.811999999,1702928373812,9.022060E+3,1.272400E-17,2.355700E-16,1.040057E-7,2.198294E+0," IDEX "," 2023_12_18_run1 "," 3-90 km/s. Al 5-1. IDEX FM Detector 2500. Position 5. HG CSAs ",5," Aluminum "
8553730,20231218193935.074999999,20231218123935.074999999,1702928375075,1.783360E+4,1.306123E-17,9.448160E-16,1.049165E-7,2.198294E+0," IDEX "," 2023_12_18_run1 "," 3-90 km/s. Al 5-1. IDEX FM Detector 2500. Position 5. HG CSAs ",5," Aluminum "
8553737,20231218194003.493000000,20231218124003.493000000,1702928403493,9.085670E+3,4.177388E-17,7.847780E-16,1.545791E-7,2.197063E+0," IDEX "," 2023_12_18_run1 "," 3-90 km/s. Al 5-1. IDEX FM Detector 2500. Position 5. HG CSAs ",4," Aluminum "
8553746,20231218194042.983000000,20231218124042.983000000,1702928442983,4.685510E+3,2.866890E-17,1.430760E-16,1.363493E-7,2.199524E+0," IDEX "," 2023_12_18_run1 "," 3-90 km/s. Al 5-1. IDEX FM Detector 2500. Position 5. HG CSAs ",5," Aluminum "
8553748,20231218194046.921000000,20231218124046.921000000,1702928446921,1.859030E+4,3.646705E-18,2.864940E-16,6.857241E-8,2.199524E+0," IDEX "," 2023_12_18_run1 "," 3-90 km/s. Al 5-1. IDEX FM Detector 2500. Position 5. HG CSAs ",4," Aluminum "
8553775,20231218194222.390999999,20231218124222.390999999,1702928542391,1.114220E+4,1.046723E-17,2.955690E-16,9.745255E-8,2.198294E+0," IDEX "," 2023_12_18_run1 "," 3-90 km/s. Al 5-1. IDEX FM Detector 2500. Position 5. HG CSAs ",3," Aluminum "
8553776,20231218194222.459000000,20231218124222.459000000,1702928542459,1.030360E+4,1.256215E-17,3.033380E-16,1.035628E-7,2.198294E+0," IDEX "," 2023_12_18_run1 "," 3-90 km/s. Al 5-1. IDEX FM Detector 2500. Position 5. HG CSAs ",5," Aluminum "
8553789,20231218194240.084000000,20231218124240.084000000,1702928560084,6.768980E+3,1.280691E-17,1.333930E-16,1.042311E-7,2.199524E+0," IDEX "," 2023_12_18_run1 "," 3-90 km/s. Al 5-1. IDEX FM Detector 2500. Position 5. HG CSAs ",5," Aluminum "
8553799,20231218194253.265999999,20231218124253.265999999,1702928573266,7.656160E+3,2.808185E-17,3.746070E-16,1.354122E-7,2.197063E+0," IDEX "," 2023_12_18_run1 "," 3-90 km/s. Al 5-1. IDEX FM Detector 2500. Position 5. HG CSAs ",3," Aluminum "
8553803,20231218194302.950999999,20231218124302.950999999,1702928582951,9.840770E+3,2.051245E-17,4.518150E-16,1.219518E-7,2.198294E+0," IDEX "," 2023_12_18_run1 "," 3-90 km/s. Al 5-1. IDEX FM Detector 2500. Position 5. HG CSAs ",5," Aluminum "
8553838,20231218194400.533000000,20231218124400.533000000,1702928640533,5.964210E+3,6.564770E-17,5.305480E-16,1.797169E-7,2.200754E+0," IDEX "," 2023_12_18_run1 "," 3-90 km/s. Al 5-1. IDEX FM Detector 2500. Position 5. HG CSAs ",5," Aluminum "
8553852,20231218194413.424000000,20231218124413.424000000,1702928653424,6.979630E+3,1.212544E-17,1.343530E-16,1.023486E-7,2.198294E+0," IDEX "," 2023_12_18_run1 "," 3-90 km/s. Al 5-1. IDEX FM Detector 2500. Position 5. HG CSAs ",3," Aluminum "
8553873,20231218194524.398999999,20231218124524.398999999,1702928724399,5.578660E+3,3.796992E-17,2.686220E-16,1.497370E-7,2.199524E+0," IDEX "," 2023_12_18_run1 "," 3-90 km/s. Al 5-1. IDEX FM Detector 2500. Position 5. HG CSAs ",5," Aluminum "
8553878,20231218195512.294999999,20231218125512.294999999,1702929312295,1.600700E+4,2.488001E-17,1.450770E-15,1.300567E-7,2.197063E+0," IDEX "," 2023_12_18_run1 "," 3-90 km/s. Al 5-1. IDEX FM Detector 2500. Position 5. HG CSAs ",5," Aluminum "
8553882,20231218195514.171000000,20231218125514.171000000,1702929314171,4.013230E+4,3.121771E-18,1.143600E-15,6.511028E-8,2.198294E+0," IDEX "," 2023_12_18_run1 "," 3-90 km/s. Al 5-1. IDEX FM Detector 2500. Position 5. HG CSAs ",4," Aluminum "
8553883,20231218195514.507999999,20231218125514.507999999,1702929314508,2.961540E+4,2.008421E-18,4.006590E-16,5.620834E-8,2.198294E+0," IDEX "," 2023_12_18_run1 "," 3-90 km/s. Al 5-1. IDEX FM Detector 2500. Position 5. HG CSAs ",5," Aluminum "
8553884,20231218195515.388000000,20231218125515.388000000,1702929315388,1.024420E+4,1.067259E-17,2.547480E-16,9.808571E-8,2.198294E+0," IDEX "," 2023_12_18_run1 "," 3-90 km/s. Al 5-1. IDEX FM Detector 2500. Position 5. HG CSAs ",5," Aluminum "
8553889,20231218195533.817000000,20231218125533.817000000,1702929333817,5.353700E+3,9.057166E-17,5.901230E-16,2.000691E-7,2.199524E+0," IDEX "," 2023_12_18_run1 "," 3-90 km/s. Al 5-1. IDEX FM Detector 2500. Position 5. HG CSAs ",4," Aluminum "
8553904,20231218195558.550999999,20231218125558.550999999,1702929358551,5.428440E+3,4.260666E-17,2.855700E-16,1.555996E-7,2.198294E+0," IDEX "," 2023_12_18_run1 "," 3-90 km/s. Al 5-1. IDEX FM Detector 2500. Position 5. HG CSAs ",3," Aluminum "
8553906,20231218195600.799000000,20231218125600.799000000,1702929360799,7.377680E+3,4.878007E-17,6.042410E-16,1.627784E-7,2.197063E+0," IDEX "," 2023_12_18_run1 "," 3-90 km/s. Al 5-1. IDEX FM Detector 2500. Position 5. HG CSAs ",5," Aluminum "
8553909,20231218195604.296000000,20231218125604.296000000,1702929364296,2.167080E+4,2.273253E-18,2.429550E-16,5.857763E-8,2.197063E+0," IDEX "," 2023_12_18_run1 "," 3-90 km/s. Al 5-1. IDEX FM Detector 2500. Position 5. HG CSAs ",3," Aluminum "
8553911,20231218195604.922999999,20231218125604.922999999,1702929364923,4.221130E+3,1.103266E-16,4.473690E-16,2.136696E-7,2.197063E+0," IDEX "," 2023_12_18_run1 "," 3-90 km/s. Al 5-1. IDEX FM Detector 2500. Position 5. HG CSAs ",5," Aluminum "
8553924,20231218195623.074000000,20231218125623.074000000,1702929383074,1.340060E+4,1.258585E-17,5.137750E-16,1.036279E-7,2.199524E+0," IDEX "," 2023_12_18_run1 "," 3-90 km/s. Al 5-1. IDEX FM Detector 2500. Position 5. HG CSAs ",5," Aluminum "
8553940,20231218195632.541999999,20231218125632.541999999,1702929392542,5.057070E+3,1.068968E-14,6.214480E-14,9.813806E-7,2.199524E+0," IDEX "," 2023_12_18_run1 "," 3-90 km/s. Al 5-1. IDEX FM Detector 2500. Position 5. HG CSAs ",5," Aluminum "
8553944,20231218195634.979999999,20231218125634.979999999,1702929394980,8.198700E+3,1.772094E-16,2.709330E-15,2.502331E-7,2.198294E+0," IDEX "," 2023_12_18_run1 "," 3-90 km/s. Al 5-1. IDEX FM Detector 2500. Position 5. HG CSAs ",5," Aluminum "
8553950,20231218195637.370000000,20231218125637.370000000,1702929397370,7.338130E+3,6.009666E-17,7.360480E-16,1.745016E-7,2.198294E+0," IDEX "," 2023_12_18_run1 "," 3-90 km/s. Al 5-1. IDEX FM Detector 2500. Position 5. HG CSAs ",5," Aluminum "
8553952,20231218195640.947000000,20231218125640.947000000,1702929400947,9.977480E+3,1.233966E-17,2.790900E-16,1.029478E-7,2.200754E+0," IDEX "," 2023_12_18_run1 "," 3-90 km/s. Al 5-1. IDEX FM Detector 2500. Position 5. HG CSAs ",4," Aluminum "
8553959,20231218195708.947000000,20231218125708.947000000,1702929428947,8.575280E+3,1.100653E-16,1.842970E-15,2.135007E-7,2.195833E+0," IDEX "," 2023_12_18_run1 "," 3-90 km/s. Al 5-1. IDEX FM Detector 2500. Position 5. HG CSAs ",5," Aluminum "
8553961,20231218195752.067000000,20231218125752.067000000,1702929472067,6.709890E+3,1.814172E-17,1.857780E-16,1.170600E-7,2.198294E+0," IDEX "," 2023_12_18_run1 "," 3-90 km/s. Al 5-1. IDEX FM Detector 2500. Position 5. HG CSAs ",4," Aluminum "
8553964,20231218195841.344000000,20231218125841.344000000,1702929521344,1.220930E+4,1.093709E-17,3.710320E-16,9.888942E-8,2.197063E+0," IDEX "," 2023_12_18_run1 "," 3-90 km/s. Al 5-1. IDEX FM Detector 2500. Position 5. HG CSAs ",5," Aluminum "
8553967,20231218195843.538999999,20231218125843.538999999,1702929523539,5.789760E+3,9.029614E-17,6.888400E-16,1.998660E-7,2.197063E+0," IDEX "," 2023_12_18_run1 "," 3-90 km/s. Al 5-1. IDEX FM Detector 2500. Position 5. HG CSAs ",5," Aluminum "
8553978,20231218195850.317999999,20231218125850.317999999,1702929530318,4.262200E+3,3.357593E-16,1.388110E-15,3.096411E-7,2.197063E+0," IDEX "," 2023_12_18_run1 "," 3-90 km/s. Al 5-1. IDEX FM Detector 2500. Position 5. HG CSAs ",5," Aluminum "
8553980,20231218195851.990999999,20231218125851.990999999,1702929531991,2.188730E+4,2.363064E-18,2.576250E-16,5.933911E-8,2.197063E+0," IDEX "," 2023_12_18_run1 "," 3-90 km/s. Al 5-1. IDEX FM Detector 2500. Position 5. HG CSAs ",4," Aluminum "
8553981,20231218195852.456999999,20231218125852.456999999,1702929532457,4.767780E+3,7.441834E-17,3.849820E-16,1.873883E-7,2.197063E+0," IDEX "," 2023_12_18_run1 "," 3-90 km/s. Al 5-1. IDEX FM Detector 2500. Position 5. HG CSAs ",3," Aluminum "
8553989,20231218195933.908000000,20231218125933.908000000,1702929573908,7.731830E+3,5.181536E-17,7.045440E-16,1.660869E-7,2.198294E+0," IDEX "," 2023_12_18_run1 "," 3-90 km/s. Al 5-1. IDEX FM Detector 2500. Position 5. HG CSAs ",5," Aluminum "
8553997,20231218195942.239000000,20231218125942.239000000,1702929582239,8.031370E+3,5.031845E-17,7.386430E-16,1.644719E-7,2.197063E+0," IDEX "," 2023_12_18_run1 "," 3-90 km/s. Al 5-1. IDEX FM Detector 2500. Position 5. HG CSAs ",5," Aluminum "
8554004,20231218195955.143999999,20231218125955.143999999,1702929595144,2.465450E+4,3.553816E-18,4.916040E-16,6.798517E-8,2.197063E+0," IDEX "," 2023_12_18_run1 "," 3-90 km/s. Al 5-1. IDEX FM Detector 2500. Position 5. HG CSAs ",5," Aluminum "
8554005,20231218195956.601999999,20231218125956.601999999,1702929596602,6.764110E+3,2.218286E-17,2.309760E-16,1.251762E-7,2.197063E+0," IDEX "," 2023_12_18_run1 "," 3-90 km/s. Al 5-1. IDEX FM Detector 2500. Position 5. HG CSAs ",3," Aluminum "
8554007,20231218200000.277000000,20231218130000.277000000,1702929600277,8.164580E+3,4.921598E-17,7.466240E-16,1.632618E-7,2.197063E+0," IDEX "," 2023_12_18_run1 "," 3-90 km/s. Al 5-1. IDEX FM Detector 2500. Position 5. HG CSAs ",5," Aluminum "
8554008,20231218200005.018000000,20231218130005.018000000,1702929605018,1.929160E+4,1.189635E-17,1.006450E-15,1.016999E-7,2.199524E+0," IDEX "," 2023_12_18_run1 "," 3-90 km/s. Al 5-1. IDEX FM Detector 2500. Position 5. HG CSAs ",4," Aluminum "
8554015,20231218200018.455000000,20231218130018.455000000,1702929618455,8.480120E+3,4.087977E-17,6.682740E-16,1.534683E-7,2.199524E+0," IDEX "," 2023_12_18_run1 "," 3-90 km/s. Al 5-1. IDEX FM Detector 2500. Position 5. HG CSAs ",5," Aluminum "
8554016,20231218200020.395000000,20231218130020.395000000,1702929620395,5.014430E+3,1.451068E-15,8.294170E-15,5.043652E-7,2.199524E+0," IDEX "," 2023_12_18_run1 "," 3-90 km/s. Al 5-1. IDEX FM Detector 2500. Position 5. HG CSAs ",4," Aluminum "
8554025,20231218200033.566000000,20231218130033.566000000,1702929633566,2.808400E+4,1.752186E-18,3.145040E-16,5.370845E-8,2.197063E+0," IDEX "," 2023_12_18_run1 "," 3-90 km/s. Al 5-1. IDEX FM Detector 2500. Position 5. HG CSAs ",5," Aluminum "
8554045,20231218200130.456000000,20231218130130.456000000,1702929690456,1.090820E+4,1.785604E-17,4.832550E-16,1.164423E-7,2.198294E+0," IDEX "," 2023_12_18_run1 "," 3-90 km/s. Al 5-1. IDEX FM Detector 2500. Position 5. HG CSAs ",5," Aluminum "
8554048,20231218200145.464999999,20231218130145.464999999,1702929705465,4.153630E+3,2.752704E-16,1.080190E-15,2.898027E-7,2.198294E+0," IDEX "," 2023_12_18_run1 "," 3-90 km/s. Al 5-1. IDEX FM Detector 2500. Position 5. HG CSAs ",5," Aluminum "
8554049,20231218200145.981000000,20231218130145.981000000,1702929705981,5.883050E+3,4.344170E-15,3.419770E-14,7.269170E-7,2.198294E+0," IDEX "," 2023_12_18_run1 "," 3-90 km/s. Al 5-1. IDEX FM Detector 2500. Position 5. HG CSAs ",3," Aluminum "
8554055,20231218200159.629999999,20231218130159.629999999,1702929719630,6.211410E+3,1.137473E-17,9.981750E-17,1.001912E-7,2.198294E+0," IDEX "," 2023_12_18_run1 "," 3-90 km/s. Al 5-1. IDEX FM Detector 2500. Position 5. HG CSAs ",4," Aluminum "
8554077,20231218200509.484000000,20231218130509.484000000,1702929909484,3.351350E+3,1.099064E-16,2.807680E-16,2.133979E-7,2.198294E+0," IDEX "," 2023_12_18_run1 "," 3-90 km/s. Al 5-1. IDEX FM Detector 2500. Position 5. HG CSAs ",5," Aluminum "
8554078,20231218200509.851000000,20231218130509.851000000,1702929909851,1.186650E+4,3.533592E-17,1.131740E-15,1.461912E-7,2.198294E+0," IDEX "," 2023_12_18_run1 "," 3-90 km/s. Al 5-1. IDEX FM Detector 2500. Position 5. HG CSAs ",5," Aluminum "
8554090,20231218200521.915999999,20231218130521.915999999,1702929921916,4.032560E+3,4.413529E-17,1.631510E-16,1.574386E-7,2.199524E+0," IDEX "," 2023_12_18_run1 "," 3-90 km/s. Al 5-1. IDEX FM Detector 2500. Position 5. HG CSAs ",4," Aluminum "
8554095,20231218200524.220999999,20231218130524.220999999,1702929924221,1.041720E+4,1.107028E-17,2.730880E-16,9.928921E-8,2.199524E+0," IDEX "," 2023_12_18_run1 "," 3-90 km/s. Al 5-1. IDEX FM Detector 2500. Position 5. HG CSAs ",5," Aluminum "
8554102,20231218200529.844999999,20231218130529.844999999,1702929929845,6.603690E+3,2.669804E-17,2.648120E-16,1.331504E-7,2.198294E+0," IDEX "," 2023_12_18_run1 "," 3-90 km/s. Al 5-1. IDEX FM Detector 2500. Position 5. HG CSAs ",3," Aluminum "
8554112,20231218200537.533000000,20231218130537.533000000,1702929937533,1.284410E+4,1.163375E-17,4.365280E-16,1.009460E-7,2.198294E+0," IDEX "," 2023_12_18_run1 "," 3-90 km/s. Al 5-1. IDEX FM Detector 2500. Position 5. HG CSAs ",5," Aluminum "
8554119,20231218200542.725000000,20231218130542.725000000,1702929942725,2.077670E+4,7.637492E-18,7.498750E-16,8.773363E-8,2.198294E+0," IDEX "," 2023_12_18_run1 "," 3-90 km/s. Al 5-1. IDEX FM Detector 2500. Position 5. HG CSAs ",3," Aluminum "
8554129,20231218200558.291999999,20231218130558.291999999,1702929958292,7.278400E+3,5.599892E-17,6.747400E-16,1.704417E-7,2.198294E+0," IDEX "," 2023_12_18_run1 "," 3-90 km/s. Al 5-1. IDEX FM Detector 2500. Position 5. HG CSAs ",5," Aluminum "
8554158,20231218200635.915999999,20231218130635.915999999,1702929995916,8.708230E+3,7.476124E-17,1.289500E-15,1.876757E-7,2.198294E+0," IDEX "," 2023_12_18_run1 "," 3-90 km/s. Al 5-1. IDEX FM Detector 2500. Position 5. HG CSAs ",5," Aluminum "
8554164,20231218200644.158999999,20231218130644.158999999,1702930004159,1.156680E+4,2.115218E-17,6.433150E-16,1.232067E-7,2.199524E+0," IDEX "," 2023_12_18_run1 "," 3-90 km/s. Al 5-1. IDEX FM Detector 2500. Position 5. HG CSAs ",5," Aluminum "
8554170,20231218200655.785000000,20231218130655.785000000,1702930015785,1.525990E+4,5.941965E-18,3.143640E-16,8.069115E-8,2.200754E+0," IDEX "," 2023_12_18_run1 "," 3-90 km/s. Al 5-1. IDEX FM Detector 2500. Position 5. HG CSAs ",5," Aluminum "
8554176,20231218200700.783000000,20231218130700.783000000,1702930020783,2.399290E+4,1.994538E-18,2.607140E-16,5.607853E-8,2.201984E+0," IDEX "," 2023_12_18_run1 "," 3-90 km/s. Al 5-1. IDEX FM Detector 2500. Position 5. HG CSAs ",4," Aluminum "
8554182,20231218200707.973999999,20231218130707.973999999,1702930027974,1.009160E+4,3.344727E-17,7.743240E-16,1.435388E-7,2.199524E+0," IDEX "," 2023_12_18_run1 "," 3-90 km/s. Al 5-1. IDEX FM Detector 2500. Position 5. HG CSAs ",5," Aluminum "
8554224,20231218200823.966999999,20231218130823.966999999,1702930103967,1.121250E+4,1.625136E-17,4.641880E-16,1.128442E-7,2.200754E+0," IDEX "," 2023_12_18_run1 "," 3-90 km/s. Al 5-1. IDEX FM Detector 2500. Position 5. HG CSAs ",3," Aluminum "
8554231,20231218200831.282000000,20231218130831.282000000,1702930111282,2.983050E+4,1.206230E-18,2.440020E-16,4.742339E-8,2.199524E+0," IDEX "," 2023_12_18_run1 "," 3-90 km/s. Al 5-1. IDEX FM Detector 2500. Position 5. HG CSAs ",5," Aluminum "
8554243,20231218200903.908000000,20231218130903.908000000,1702930143908,1.076620E+4,1.836335E-17,4.838590E-16,1.175348E-7,2.199524E+0," IDEX "," 2023_12_18_run1 "," 3-90 km/s. Al 5-1. IDEX FM Detector 2500. Position 5. HG CSAs ",3," Aluminum "
8554245,20231218200916.530999999,20231218130916.530999999,1702930156531,2.426310E+4,6.551786E-18,8.758080E-16,8.336219E-8,2.201984E+0," IDEX "," 2023_12_18_run1 "," 3-90 km/s. Al 5-1. IDEX FM Detector 2500. Position 5. HG CSAs ",5," Aluminum "
8554253,20231218201016.387000000,20231218131016.387000000,1702930216387,1.347340E+4,8.074308E-18,3.333840E-16,8.937533E-8,2.198294E+0," IDEX "," 2023_12_18_run1 "," 3-90 km/s. Al 5-1. IDEX FM Detector 2500. Position 5. HG CSAs ",5," Aluminum "
8554254,20231218201016.513000000,20231218131016.513000000,1702930216513,2.070790E+4,3.870968E-18,3.775520E-16,6.995022E-8,2.198294E+0," IDEX "," 2023_12_18_run1 "," 3-90 km/s. Al 5-1. IDEX FM Detector 2500. Position 5. HG CSAs ",5," Aluminum "
8554255,20231218201016.694000000,20231218131016.694000000,1702930216694,1.975850E+4,5.473439E-18,4.860190E-16,7.851199E-8,2.198294E+0," IDEX "," 2023_12_18_run1 "," 3-90 km/s. Al 5-1. IDEX FM Detector 2500. Position 5. HG CSAs ",5," Aluminum "
8554256,20231218201017.430000000,20231218131017.430000000,1702930217430,1.364120E+4,8.586951E-18,3.634370E-16,9.122815E-8,2.198294E+0," IDEX "," 2023_12_18_run1 "," 3-90 km/s. Al 5-1. IDEX FM Detector 2500. Position 5. HG CSAs ",5," Aluminum "
8554263,20231218201024.347000000,20231218131024.347000000,1702930224347,4.868800E+3,1.801997E-16,9.726780E-16,2.516328E-7,2.195833E+0," IDEX "," 2023_12_18_run1 "," 3-90 km/s. Al 5-1. IDEX FM Detector 2500. Position 5. HG CSAs ",5," Aluminum "
8554264,20231218201025.229999999,20231218131025.229999999,1702930225230,1.227090E+4,9.736930E-18,3.338460E-16,9.513126E-8,2.195833E+0," IDEX "," 2023_12_18_run1 "," 3-90 km/s. Al 5-1. IDEX FM Detector 2500. Position 5. HG CSAs ",5," Aluminum "
8554265,20231218201025.540999999,20231218131025.540999999,1702930225541,1.618640E+4,1.212427E-17,7.233150E-16,1.023453E-7,2.195833E+0," IDEX "," 2023_12_18_run1 "," 3-90 km/s. Al 5-1. IDEX FM Detector 2500. Position 5. HG CSAs ",5," Aluminum "
8554267,20231218201025.734000000,20231218131025.734000000,1702930225734,9.265000E+3,1.513702E-17,2.958710E-16,1.102036E-7,2.195833E+0," IDEX "," 2023_12_18_run1 "," 3-90 km/s. Al 5-1. IDEX FM Detector 2500. Position 5. HG CSAs ",5," Aluminum "
8554273,20231218201027.547000000,20231218131027.547000000,1702930227547,2.200830E+4,2.570845E-18,2.829100E-16,6.102970E-8,2.200754E+0," IDEX "," 2023_12_18_run1 "," 3-90 km/s. Al 5-1. IDEX FM Detector 2500. Position 5. HG CSAs ",4," Aluminum "
8554278,20231218201029.123000000,20231218131029.123000000,1702930229123,9.080650E+3,2.503796E-17,4.690640E-16,1.303313E-7,2.200754E+0," IDEX "," 2023_12_18_run1 "," 3-90 km/s. Al 5-1. IDEX FM Detector 2500. Position 5. HG CSAs ",5," Aluminum "
8554279,20231218201029.640999999,20231218131029.640999999,1702930229641,2.017090E+4,2.675809E-18,2.473460E-16,6.184922E-8,2.200754E+0," IDEX "," 2023_12_18_run1 "," 3-90 km/s. Al 5-1. IDEX FM Detector 2500. Position 5. HG CSAs ",4," Aluminum "
8554283,20231218201031.054000000,20231218131031.054000000,1702930231054,3.605750E+3,1.056731E-16,3.121440E-16,2.106221E-7,2.200754E+0," IDEX "," 2023_12_18_run1 "," 3-90 km/s. Al 5-1. IDEX FM Detector 2500. Position 5. HG CSAs ",4," Aluminum "
8554286,20231218201031.800000000,20231218131031.800000000,1702930231800,1.371810E+4,1.098219E-17,4.695440E-16,9.902516E-8,2.200754E+0," IDEX "," 2023_12_18_run1 "," 3-90 km/s. Al 5-1. IDEX FM Detector 2500. Position 5. HG CSAs ",5," Aluminum "
8554287,20231218201032.195999999,20231218131032.195999999,1702930232196,4.048960E+3,8.030243E-16,2.990990E-15,4.140875E-7,2.200754E+0," IDEX "," 2023_12_18_run1 "," 3-90 km/s. Al 5-1. IDEX FM Detector 2500. Position 5. HG CSAs ",5," Aluminum "
8554288,20231218201034.035000000,20231218131034.035000000,1702930234035,5.716730E+3,1.386387E-16,1.030540E-15,2.305742E-7,2.198294E+0," IDEX "," 2023_12_18_run1 "," 3-90 km/s. Al 5-1. IDEX FM Detector 2500. Position 5. HG CSAs ",5," Aluminum "
8554289,20231218201036.138000000,20231218131036.138000000,1702930236138,2.880410E+4,1.023399E-18,1.930170E-16,4.489495E-8,2.199524E+0," IDEX "," 2023_12_18_run1 "," 3-90 km/s. Al 5-1. IDEX FM Detector 2500. Position 5. HG CSAs ",5," Aluminum "
8554290,20231218201037.609000000,20231218131037.609000000,1702930237609,5.934050E+3,2.526230E-17,2.023300E-16,1.307194E-7,2.198294E+0," IDEX "," 2023_12_18_run1 "," 3-90 km/s. Al 5-1. IDEX FM Detector 2500. Position 5. HG CSAs ",4," Aluminum "
8554292,20231218201038.878000000,20231218131038.878000000,1702930238878,9.669900E+3,1.759060E-17,3.741190E-16,1.158625E-7,2.198294E+0," IDEX "," 2023_12_18_run1 "," 3-90 km/s. Al 5-1. IDEX FM Detector 2500. Position 5. HG CSAs ",5," Aluminum "
8554293,20231218201048.856999999,20231218131048.856999999,1702930248857,1.377850E+4,2.128879E-17,9.192630E-16,1.234714E-7,2.198294E+0," IDEX "," 2023_12_18_run1 "," 3-90 km/s. Al 5-1. IDEX FM Detector 2500. Position 5. HG CSAs ",5," Aluminum "
8554296,20231218201102.101999999,20231218131102.101999999,1702930262102,7.830400E+3,4.422733E-17,6.164540E-16,1.575480E-7,2.199524E+0," IDEX "," 2023_12_18_run1 "," 3-90 km/s. Al 5-1. IDEX FM Detector 2500. Position 5. HG CSAs ",5," Aluminum "
8554297,20231218201103.479999999,20231218131103.479999999,1702930263480,1.725530E+4,3.974496E-18,2.691610E-16,7.056834E-8,2.198294E+0," IDEX "," 2023_12_18_run1 "," 3-90 km/s. Al 5-1. IDEX FM Detector 2500. Position 5. HG CSAs ",3," Aluminum "
8554299,20231218201108.231000000,20231218131108.231000000,1702930268231,1.680730E+4,1.384630E-17,8.896410E-16,1.069778E-7,2.198294E+0," IDEX "," 2023_12_18_run1 "," 3-90 km/s. Al 5-1. IDEX FM Detector 2500. Position 5. HG CSAs ",5," Aluminum "
8554304,20231218201116.601000000,20231218131116.601000000,1702930276601,2.290180E+4,3.067638E-17,3.657510E-15,1.394603E-7,2.199524E+0," IDEX "," 2023_12_18_run1 "," 3-90 km/s. Al 5-1. IDEX FM Detector 2500. Position 5. HG CSAs ",5," Aluminum "
8554312,20231218201127.165999999,20231218131127.165999999,1702930287166,6.377470E+3,7.554801E-17,6.992750E-16,1.883318E-7,2.197063E+0," IDEX "," 2023_12_18_run1 "," 3-90 km/s. Al 5-1. IDEX FM Detector 2500. Position 5. HG CSAs ",5," Aluminum "
8554314,20231218201131.475000000,20231218131131.475000000,1702930291475,4.478140E+4,2.641875E-18,1.205690E-15,6.158665E-8,2.197063E+0," IDEX "," 2023_12_18_run1 "," 3-90 km/s. Al 5-1. IDEX FM Detector 2500. Position 5. HG CSAs ",5," Aluminum "
8554315,20231218201133.993000000,20231218131133.993000000,1702930293993,6.974070E+3,3.776858E-17,4.180530E-16,1.494719E-7,2.197063E+0," IDEX "," 2023_12_18_run1 "," 3-90 km/s. Al 5-1. IDEX FM Detector 2500. Position 5. HG CSAs ",5," Aluminum "
8554320,20231218201140.422000000,20231218131140.422000000,1702930300422,2.031110E+4,1.260740E-17,1.182980E-15,1.036870E-7,2.198294E+0," IDEX "," 2023_12_18_run1 "," 3-90 km/s. Al 5-1. IDEX FM Detector 2500. Position 5. HG CSAs ",4," Aluminum "
8554321,20231218201143.148000000,20231218131143.148000000,1702930303148,8.139290E+3,1.128564E-16,1.700530E-15,2.152904E-7,2.198294E+0," IDEX "," 2023_12_18_run1 "," 3-90 km/s. Al 5-1. IDEX FM Detector 2500. Position 5. HG CSAs ",5," Aluminum "
8554322,20231218201215.408999999,20231218131215.408999999,1702930335409,8.719790E+3,1.331665E-16,2.304280E-15,2.274997E-7,2.197063E+0," IDEX "," 2023_12_18_run1 "," 3-90 km/s. Al 5-1. IDEX FM Detector 2500. Position 5. HG CSAs ",5," Aluminum "
8554323,20231218201233.663999999,20231218131233.663999999,1702930353664,4.509170E+3,2.591443E-16,1.198450E-15,2.840293E-7,2.198294E+0," IDEX "," 2023_12_18_run1 "," 3-90 km/s. Al 5-1. IDEX FM Detector 2500. Position 5. HG CSAs ",5," Aluminum "
8554325,20231218201321.628000000,20231218131321.628000000,1702930401628,1.207360E+4,1.003099E-17,3.327710E-16,9.607945E-8,2.197063E+0," IDEX "," 2023_12_18_run1 "," 3-90 km/s. Al 5-1. IDEX FM Detector 2500. Position 5. HG CSAs ",5," Aluminum "
8554326,20231218201321.685000000,20231218131321.685000000,1702930401685,9.178950E+3,2.905895E-17,5.571780E-16,1.369649E-7,2.197063E+0," IDEX "," 2023_12_18_run1 "," 3-90 km/s. Al 5-1. IDEX FM Detector 2500. Position 5. HG CSAs ",5," Aluminum "
8554328,20231218201328.628000000,20231218131328.628000000,1702930408628,1.799960E+4,4.361018E-18,3.213650E-16,7.278555E-8,2.198294E+0," IDEX "," 2023_12_18_run1 "," 3-90 km/s. Al 5-1. IDEX FM Detector 2500. Position 5. HG CSAs ",5," Aluminum "
8554329,20231218201329.069000000,20231218131329.069000000,1702930409069,1.072050E+4,2.096714E-17,5.480930E-16,1.228463E-7,2.198294E+0," IDEX "," 2023_12_18_run1 "," 3-90 km/s. Al 5-1. IDEX FM Detector 2500. Position 5. HG CSAs ",5," Aluminum "
8554330,20231218201329.513000000,20231218131329.513000000,1702930409513,5.852930E+3,1.632110E-16,1.271690E-15,2.434627E-7,2.198294E+0," IDEX "," 2023_12_18_run1 "," 3-90 km/s. Al 5-1. IDEX FM Detector 2500. Position 5. HG CSAs ",5," Aluminum "
8554331,20231218201331.253999999,20231218131331.253999999,1702930411254,1.222070E+4,7.750253E-18,2.632650E-16,8.816330E-8,2.198294E+0," IDEX "," 2023_12_18_run1 "," 3-90 km/s. Al 5-1. IDEX FM Detector 2500. Position 5. HG CSAs ",5," Aluminum "
8554339,20231218201345.399999999,20231218131345.399999999,1702930425400,1.059090E+4,1.632832E-17,4.165740E-16,1.130220E-7,2.198294E+0," IDEX "," 2023_12_18_run1 "," 3-90 km/s. Al 5-1. IDEX FM Detector 2500. Position 5. HG CSAs ",5," Aluminum "
8554340,20231218201347.425999999,20231218131347.425999999,1702930427426,1.160760E+4,1.408229E-17,4.315620E-16,1.075822E-7,2.198294E+0," IDEX "," 2023_12_18_run1 "," 3-90 km/s. Al 5-1. IDEX FM Detector 2500. Position 5. HG CSAs ",5," Aluminum "
8554341,20231218201349.388000000,20231218131349.388000000,1702930429388,6.589460E+3,1.352844E-16,1.336080E-15,2.286994E-7,2.198294E+0," IDEX "," 2023_12_18_run1 "," 3-90 km/s. Al 5-1. IDEX FM Detector 2500. Position 5. HG CSAs ",5," Aluminum "
8554343,20231218201352.614999999,20231218131352.614999999,1702930432615,6.257840E+3,9.740160E-17,8.675610E-16,2.049767E-7,2.198294E+0," IDEX "," 2023_12_18_run1 "," 3-90 km/s. Al 5-1. IDEX FM Detector 2500. Position 5. HG CSAs ",5," Aluminum "
8554344,20231218201354.382999999,20231218131354.382999999,1702930434383,8.825770E+3,6.386860E-17,1.131560E-15,1.780786E-7,2.198294E+0," IDEX "," 2023_12_18_run1 "," 3-90 km/s. Al 5-1. IDEX FM Detector 2500. Position 5. HG CSAs ",5," Aluminum "
8554345,20231218201354.643000000,20231218131354.643000000,1702930434643,1.339380E+4,1.174439E-17,4.792070E-16,1.012650E-7,2.198294E+0," IDEX "," 2023_12_18_run1 "," 3-90 km/s. Al 5-1. IDEX FM Detector 2500. Position 5. HG CSAs ",4," Aluminum "
8554346,20231218201402.986999999,20231218131402.986999999,1702930442987,1.474460E+4,2.281842E-17,1.127700E-15,1.263604E-7,2.199524E+0," IDEX "," 2023_12_18_run1 "," 3-90 km/s. Al 5-1. IDEX FM Detector 2500. Position 5. HG CSAs ",5," Aluminum "
8554347,20231218201403.376999999,20231218131403.376999999,1702930443377,8.748220E+3,1.697121E-17,2.952530E-16,1.144863E-7,2.199524E+0," IDEX "," 2023_12_18_run1 "," 3-90 km/s. Al 5-1. IDEX FM Detector 2500. Position 5. HG CSAs ",4," Aluminum "
8554348,20231218201406.158000000,20231218131406.158000000,1702930446158,1.692420E+4,5.082518E-18,3.311160E-16,7.659649E-8,2.198294E+0," IDEX "," 2023_12_18_run1 "," 3-90 km/s. Al 5-1. IDEX FM Detector 2500. Position 5. HG CSAs ",5," Aluminum "
8554349,20231218201410.839000000,20231218131410.839000000,1702930450839,4.207210E+4,1.197131E-18,4.816950E-16,4.730384E-8,2.199524E+0," IDEX "," 2023_12_18_run1 "," 3-90 km/s. Al 5-1. IDEX FM Detector 2500. Position 5. HG CSAs ",4," Aluminum "
8554352,20231218201415.456000000,20231218131415.456000000,1702930455456,3.386580E+4,3.431402E-18,8.951160E-16,6.719543E-8,2.198294E+0," IDEX "," 2023_12_18_run1 "," 3-90 km/s. Al 5-1. IDEX FM Detector 2500. Position 5. HG CSAs ",5," Aluminum "
8554353,20231218201421.668000000,20231218131421.668000000,1702930461668,6.309810E+3,9.371332E-17,8.486310E-16,2.023561E-7,2.198294E+0," IDEX "," 2023_12_18_run1 "," 3-90 km/s. Al 5-1. IDEX FM Detector 2500. Position 5. HG CSAs ",5," Aluminum "
8554354,20231218201422.165999999,20231218131422.165999999,1702930462166,1.199540E+4,1.273392E-17,4.167510E-16,1.040327E-7,2.198294E+0," IDEX "," 2023_12_18_run1 "," 3-90 km/s. Al 5-1. IDEX FM Detector 2500. Position 5. HG CSAs ",5," Aluminum "
8554358,20231218201440.899999999,20231218131440.899999999,1702930480900,2.064940E+4,3.403277E-18,3.302480E-16,6.701134E-8,2.197063E+0," IDEX "," 2023_12_18_run1 "," 3-90 km/s. Al 5-1. IDEX FM Detector 2500. Position 5. HG CSAs ",5," Aluminum "
8554359,20231218201441.595999999,20231218131441.595999999,1702930481596,2.527080E+4,4.110722E-18,5.967580E-16,7.136555E-8,2.199524E+0," IDEX "," 2023_12_18_run1 "," 3-90 km/s. Al 5-1. IDEX FM Detector 2500. Position 5. HG CSAs ",3," Aluminum "
8554360,20231218201447.859999999,20231218131447.859999999,1702930487860,8.034800E+3,1.161207E-16,1.705080E-15,2.173464E-7,2.198294E+0," IDEX "," 2023_12_18_run1 "," 3-90 km/s. Al 5-1. IDEX FM Detector 2500. Position 5. HG CSAs ",5," Aluminum "
8554361,20231218201557.662999999,20231218131557.662999999,1702930557663,1.467710E+4,8.431873E-18,4.133640E-16,9.067563E-8,2.197063E+0," IDEX "," 2023_12_18_run1 "," 3-90 km/s. Al 5-1. IDEX FM Detector 2500. Position 5. HG CSAs ",5," Aluminum "
8554362,20231218201601.601999999,20231218131601.601999999,1702930561602,2.210450E+4,2.624537E-18,2.916750E-16,6.145164E-8,2.198294E+0," IDEX "," 2023_12_18_run1 "," 3-90 km/s. Al 5-1. IDEX FM Detector 2500. Position 5. HG CSAs ",5," Aluminum "
8554363,20231218201642.077999999,20231218131642.077999999,1702930602078,2.487380E+4,3.996323E-18,5.623800E-16,7.069728E-8,2.198294E+0," IDEX "," 2023_12_18_run1 "," 3-90 km/s. Al 5-1. IDEX FM Detector 2500. Position 5. HG CSAs ",5," Aluminum "
8554366,20231218201650.986999999,20231218131650.986999999,1702930610987,6.379640E+3,3.417137E-17,3.166840E-16,1.445673E-7,2.195833E+0," IDEX "," 2023_12_18_run1 "," 3-90 km/s. Al 5-1. IDEX FM Detector 2500. Position 5. HG CSAs ",5," Aluminum "
8554370,20231218201653.000000000,20231218131653.000000000,1702930613000,7.248690E+3,2.921330E-17,3.491280E-16,1.372069E-7,2.198294E+0," IDEX "," 2023_12_18_run1 "," 3-90 km/s. Al 5-1. IDEX FM Detector 2500. Position 5. HG CSAs ",5," Aluminum "
8554372,20231218201654.260000000,20231218131654.260000000,1702930614260,3.633770E+4,4.828179E-18,1.448430E-15,7.529688E-8,2.200754E+0," IDEX "," 2023_12_18_run1 "," 3-90 km/s. Al 5-1. IDEX FM Detector 2500. Position 5. HG CSAs ",5," Aluminum "
8554375,20231218201655.611999999,20231218131655.611999999,1702930615612,3.409430E+4,1.034023E-18,2.730820E-16,4.504977E-8,2.200754E+0," IDEX "," 2023_12_18_run1 "," 3-90 km/s. Al 5-1. IDEX FM Detector 2500. Position 5. HG CSAs ",4," Aluminum "
8554376,20231218201656.790999999,20231218131656.790999999,1702930616791,1.415390E+4,1.561281E-17,7.106120E-16,1.113464E-7,2.200754E+0," IDEX "," 2023_12_18_run1 "," 3-90 km/s. Al 5-1. IDEX FM Detector 2500. Position 5. HG CSAs ",5," Aluminum "
8554378,20231218201659.354999999,20231218131659.354999999,1702930619355,8.208940E+3,3.084512E-17,4.722370E-16,1.397155E-7,2.200754E+0," IDEX "," 2023_12_18_run1 "," 3-90 km/s. Al 5-1. IDEX FM Detector 2500. Position 5. HG CSAs ",5," Aluminum "
8554380,20231218201700.606999999,20231218131700.606999999,1702930620607,1.061920E+4,1.037270E-16,2.657510E-15,2.093212E-7,2.200754E+0," IDEX "," 2023_12_18_run1 "," 3-90 km/s. Al 5-1. IDEX FM Detector 2500. Position 5. HG CSAs ",5," Aluminum "
8554382,20231218201702.188000000,20231218131702.188000000,1702930622188,3.016880E+3,1.073574E-15,2.223700E-15,4.561698E-7,2.197063E+0," IDEX "," 2023_12_18_run1 "," 3-90 km/s. Al 5-1. IDEX FM Detector 2500. Position 5. HG CSAs ",5," Aluminum "
8554383,20231218201702.478000000,20231218131702.478000000,1702930622478,8.352400E+3,1.831019E-17,2.906990E-16,1.174213E-7,2.197063E+0," IDEX "," 2023_12_18_run1 "," 3-90 km/s. Al 5-1. IDEX FM Detector 2500. Position 5. HG CSAs ",5," Aluminum "
8554386,20231218201704.989000000,20231218131704.989000000,1702930624989,5.768160E+3,1.975899E-16,1.494450E-15,2.594801E-7,2.199524E+0," IDEX "," 2023_12_18_run1 "," 3-90 km/s. Al 5-1. IDEX FM Detector 2500. Position 5. HG CSAs ",5," Aluminum "
8554388,20231218201706.487999999,20231218131706.487999999,1702930626488,6.047080E+3,5.246702E-17,4.361340E-16,1.667803E-7,2.199524E+0," IDEX "," 2023_12_18_run1 "," 3-90 km/s. Al 5-1. IDEX FM Detector 2500. Position 5. HG CSAs ",5," Aluminum "
8554389,20231218201707.361000000,20231218131707.361000000,1702930627361,6.667340E+3,2.287099E-17,2.313760E-16,1.264574E-7,2.197063E+0," IDEX "," 2023_12_18_run1 "," 3-90 km/s. Al 5-1. IDEX FM Detector 2500. Position 5. HG CSAs ",4," Aluminum "
8554392,20231218201709.851000000,20231218131709.851000000,1702930629851,1.417840E+4,1.646432E-17,7.532280E-16,1.133349E-7,2.197063E+0," IDEX "," 2023_12_18_run1 "," 3-90 km/s. Al 5-1. IDEX FM Detector 2500. Position 5. HG CSAs ",5," Aluminum "
8554393,20231218201710.168000000,20231218131710.168000000,1702930630168,4.712560E+4,7.285148E-19,3.681970E-16,4.008624E-8,2.197063E+0," IDEX "," 2023_12_18_run1 "," 3-90 km/s. Al 5-1. IDEX FM Detector 2500. Position 5. HG CSAs ",5," Aluminum "
8554394,20231218201710.294999999,20231218131710.294999999,1702930630295,6.607010E+3,2.962167E-17,2.942710E-16,1.378433E-7,2.197063E+0," IDEX "," 2023_12_18_run1 "," 3-90 km/s. Al 5-1. IDEX FM Detector 2500. Position 5. HG CSAs ",4," Aluminum "
8554395,20231218201711.111000000,20231218131711.111000000,1702930631111,6.413880E+3,2.947974E-17,2.759900E-16,1.376228E-7,2.197063E+0," IDEX "," 2023_12_18_run1 "," 3-90 km/s. Al 5-1. IDEX FM Detector 2500. Position 5. HG CSAs ",5," Aluminum "
8554396,20231218201711.226999999,20231218131711.226999999,1702930631227,5.272090E+4,1.320538E-18,8.353040E-16,4.887643E-8,2.197063E+0," IDEX "," 2023_12_18_run1 "," 3-90 km/s. Al 5-1. IDEX FM Detector 2500. Position 5. HG CSAs ",5," Aluminum "
8554397,20231218201721.361999999,20231218131721.361999999,1702930641362,1.018860E+4,1.726197E-17,4.075720E-16,1.151364E-7,2.198294E+0," IDEX "," 2023_12_18_run1 "," 3-90 km/s. Al 5-1. IDEX FM Detector 2500. Position 5. HG CSAs ",5," Aluminum "
8554398,20231218201729.069000000,20231218131729.069000000,1702930649069,1.855880E+4,2.635688E-18,2.065960E-16,6.153854E-8,2.197063E+0," IDEX "," 2023_12_18_run1 "," 3-90 km/s. Al 5-1. IDEX FM Detector 2500. Position 5. HG CSAs ",4," Aluminum "
8554399,20231218201844.035000000,20231218131844.035000000,1702930724035,1.449740E+4,6.811185E-18,3.257850E-16,8.444815E-8,2.197063E+0," IDEX "," 2023_12_18_run1 "," 3-90 km/s. Al 5-1. IDEX FM Detector 2500. Position 5. HG CSAs ",5," Aluminum "
8554400,20231218201844.796000000,20231218131844.796000000,1702930724796,8.113170E+3,3.031000E-17,4.540410E-16,1.389028E-7,2.197063E+0," IDEX "," 2023_12_18_run1 "," 3-90 km/s. Al 5-1. IDEX FM Detector 2500. Position 5. HG CSAs ",5," Aluminum "
8554401,20231218201845.623000000,20231218131845.623000000,1702930725623,7.703280E+3,2.391287E-17,3.229320E-16,1.283492E-7,2.197063E+0," IDEX "," 2023_12_18_run1 "," 3-90 km/s. Al 5-1. IDEX FM Detector 2500. Position 5. HG CSAs ",5," Aluminum "
8554403,20231218201848.782000000,20231218131848.782000000,1702930728782,3.699220E+4,1.053630E-18,3.281230E-16,4.533274E-8,2.197063E+0," IDEX "," 2023_12_18_run1 "," 3-90 km/s. Al 5-1. IDEX FM Detector 2500. Position 5. HG CSAs ",4," Aluminum "
8554404,20231218201848.848999999,20231218131848.848999999,1702930728849,5.706550E+3,3.267357E-17,2.421430E-16,1.424234E-7,2.197063E+0," IDEX "," 2023_12_18_run1 "," 3-90 km/s. Al 5-1. IDEX FM Detector 2500. Position 5. HG CSAs ",5," Aluminum "
8554405,20231218201848.981999999,20231218131848.981999999,1702930728982,6.874850E+3,4.213296E-16,4.531860E-15,3.339821E-7,2.197063E+0," IDEX "," 2023_12_18_run1 "," 3-90 km/s. Al 5-1. IDEX FM Detector 2500. Position 5. HG CSAs ",5," Aluminum "
8554409,20231218201852.932000000,20231218131852.932000000,1702930732932,1.271120E+4,9.401997E-18,3.455240E-16,9.402772E-8,2.198294E+0," IDEX "," 2023_12_18_run1 "," 3-90 km/s. Al 5-1. IDEX FM Detector 2500. Position 5. HG CSAs ",5," Aluminum "
8554410,20231218201855.621999999,20231218131855.621999999,1702930735622,1.379150E+4,7.752135E-18,3.353740E-16,8.817043E-8,2.198294E+0," IDEX "," 2023_12_18_run1 "," 3-90 km/s. Al 5-1. IDEX FM Detector 2500. Position 5. HG CSAs ",5," Aluminum "
8554411,20231218201859.685999999,20231218131859.685999999,1702930739686,2.092550E+4,6.456607E-18,6.426850E-16,8.295655E-8,2.199524E+0," IDEX "," 2023_12_18_run1 "," 3-90 km/s. Al 5-1. IDEX FM Detector 2500. Position 5. HG CSAs ",5," Aluminum "
8554413,20231218201900.262000000,20231218131900.262000000,1702930740262,4.649710E+3,4.963514E-16,2.439400E-15,3.527326E-7,2.199524E+0," IDEX "," 2023_12_18_run1 "," 3-90 km/s. Al 5-1. IDEX FM Detector 2500. Position 5. HG CSAs ",5," Aluminum "
8554414,20231218201905.007999999,20231218131905.007999999,1702930745008,6.749860E+3,7.661169E-17,7.934630E-16,1.892115E-7,2.199524E+0," IDEX "," 2023_12_18_run1 "," 3-90 km/s. Al 5-1. IDEX FM Detector 2500. Position 5. HG CSAs ",5," Aluminum "
8554417,20231218201907.631000000,20231218131907.631000000,1702930747631,1.459560E+4,2.486246E-17,1.204010E-15,1.300261E-7,2.199524E+0," IDEX "," 2023_12_18_run1 "," 3-90 km/s. Al 5-1. IDEX FM Detector 2500. Position 5. HG CSAs ",5," Aluminum "
8554418,20231218201910.936999999,20231218131910.936999999,1702930750937,1.828510E+4,2.793946E-18,2.125890E-16,6.274636E-8,2.197063E+0," IDEX "," 2023_12_18_run1 "," 3-90 km/s. Al 5-1. IDEX FM Detector 2500. Position 5. HG CSAs ",4," Aluminum "
8554420,20231218201914.760000000,20231218131914.760000000,1702930754760,4.925550E+3,6.735593E-17,3.718890E-16,1.812624E-7,2.197063E+0," IDEX "," 2023_12_18_run1 "," 3-90 km/s. Al 5-1. IDEX FM Detector 2500. Position 5. HG CSAs ",4," Aluminum "
8554422,20231218201915.375000000,20231218131915.375000000,1702930755375,2.219410E+4,8.812021E-18,9.878220E-16,9.201834E-8,2.197063E+0," IDEX "," 2023_12_18_run1 "," 3-90 km/s. Al 5-1. IDEX FM Detector 2500. Position 5. HG CSAs ",5," Aluminum "
8554423,20231218201916.952999999,20231218131916.952999999,1702930756953,4.947800E+3,1.436774E-17,8.004620E-17,1.083042E-7,2.197063E+0," IDEX "," 2023_12_18_run1 "," 3-90 km/s. Al 5-1. IDEX FM Detector 2500. Position 5. HG CSAs ",3," Aluminum "
8554424,20231218201919.975000000,20231218131919.975000000,1702930759975,4.296050E+3,9.706468E-17,4.072320E-16,2.047401E-7,2.199524E+0," IDEX "," 2023_12_18_run1 "," 3-90 km/s. Al 5-1. IDEX FM Detector 2500. Position 5. HG CSAs ",5," Aluminum "
8554426,20231218201923.128000000,20231218131923.128000000,1702930763128,7.921010E+3,5.247194E-17,7.483940E-16,1.667855E-7,2.199524E+0," IDEX "," 2023_12_18_run1 "," 3-90 km/s. Al 5-1. IDEX FM Detector 2500. Position 5. HG CSAs ",5," Aluminum "
8554428,20231218201928.760000000,20231218131928.760000000,1702930768760,6.523390E+3,1.223172E-17,1.183250E-16,1.026467E-7,2.199524E+0," IDEX "," 2023_12_18_run1 "," 3-90 km/s. Al 5-1. IDEX FM Detector 2500. Position 5. HG CSAs ",3," Aluminum "
8554430,20231218201931.501000000,20231218131931.501000000,1702930771501,1.643740E+4,9.975937E-18,6.134060E-16,9.590335E-8,2.197063E+0," IDEX "," 2023_12_18_run1 "," 3-90 km/s. Al 5-1. IDEX FM Detector 2500. Position 5. HG CSAs ",5," Aluminum "
8554432,20231218201937.757999999,20231218131937.757999999,1702930777758,8.499860E+3,2.916575E-17,4.795400E-16,1.371325E-7,2.197063E+0," IDEX "," 2023_12_18_run1 "," 3-90 km/s. Al 5-1. IDEX FM Detector 2500. Position 5. HG CSAs ",5," Aluminum "
8554433,20231218201946.506000000,20231218131946.506000000,1702930786506,1.508130E+4,9.325164E-18,4.824130E-16,9.377089E-8,2.198294E+0," IDEX "," 2023_12_18_run1 "," 3-90 km/s. Al 5-1. IDEX FM Detector 2500. Position 5. HG CSAs ",5," Aluminum "
8554436,20231218201954.444000000,20231218131954.444000000,1702930794444,1.077590E+4,1.560547E-17,4.121630E-16,1.113290E-7,2.198294E+0," IDEX "," 2023_12_18_run1 "," 3-90 km/s. Al 5-1. IDEX FM Detector 2500. Position 5. HG CSAs ",5," Aluminum "
8554439,20231218202010.570999999,20231218132010.570999999,1702930810571,8.658320E+3,1.755907E-17,2.995690E-16,1.157932E-7,2.197063E+0," IDEX "," 2023_12_18_run1 "," 3-90 km/s. Al 5-1. IDEX FM Detector 2500. Position 5. HG CSAs ",5," Aluminum "
8554442,20231218202020.010999999,20231218132020.010999999,1702930820011,8.682920E+3,8.424349E-17,1.443810E-15,1.952966E-7,2.199524E+0," IDEX "," 2023_12_18_run1 "," 3-90 km/s. Al 5-1. IDEX FM Detector 2500. Position 5. HG CSAs ",5," Aluminum "
8554446,20231218215443.154000000,20231218145443.154000000,1702936483154,1.218590E+4,1.861132E-17,6.282530E-16,1.180615E-7,2.199524E+0," IDEX "," 2023_12_18_run2 "," 10-90 km/s. Al 5-1. IDEX FM Detector 2500. Position 5. HG CSAs ",4," Aluminum "
8554450,20231218215444.878000000,20231218145444.878000000,1702936484878,1.774210E+4,9.483712E-18,6.786260E-16,9.429934E-8,2.199524E+0," IDEX "," 2023_12_18_run2 "," 10-90 km/s. Al 5-1. IDEX FM Detector 2500. Position 5. HG CSAs ",5," Aluminum "
8554451,20231218215445.000000000,20231218145445.000000000,1702936485000,1.173200E+4,6.447075E-18,2.017200E-16,8.291570E-8,2.199524E+0," IDEX "," 2023_12_18_run2 "," 10-90 km/s. Al 5-1. IDEX FM Detector 2500. Position 5. HG CSAs ",5," Aluminum "
8554452,20231218215445.134000000,20231218145445.134000000,1702936485134,2.235770E+4,2.847087E-18,3.235170E-16,6.314168E-8,2.199524E+0," IDEX "," 2023_12_18_run2 "," 10-90 km/s. Al 5-1. IDEX FM Detector 2500. Position 5. HG CSAs ",5," Aluminum "
8554453,20231218215445.324000000,20231218145445.324000000,1702936485324,1.976840E+4,3.880398E-18,3.447160E-16,7.000698E-8,2.199524E+0," IDEX "," 2023_12_18_run2 "," 10-90 km/s. Al 5-1. IDEX FM Detector 2500. Position 5. HG CSAs ",5," Aluminum "
8554454,20231218215445.439000000,20231218145445.439000000,1702936485439,1.960520E+4,1.185129E-17,1.035500E-15,1.015713E-7,2.199524E+0," IDEX "," 2023_12_18_run2 "," 10-90 km/s. Al 5-1. IDEX FM Detector 2500. Position 5. HG CSAs ",5," Aluminum "
8554456,20231218215447.712000000,20231218145447.712000000,1702936487712,1.159980E+4,3.670559E-17,1.122730E-15,1.480562E-7,2.199524E+0," IDEX "," 2023_12_18_run2 "," 10-90 km/s. Al 5-1. IDEX FM Detector 2500. Position 5. HG CSAs ",5," Aluminum "
8554461,20231218215450.685999999,20231218145450.685999999,1702936490686,1.158790E+4,1.379395E-17,4.212920E-16,1.068428E-7,2.198294E+0," IDEX "," 2023_12_18_run2 "," 10-90 km/s. Al 5-1. IDEX FM Detector 2500. Position 5. HG CSAs ",4," Aluminum "
8554464,20231218215454.388000000,20231218145454.388000000,1702936494388,1.018150E+4,2.156648E-17,5.079280E-16,1.240059E-7,2.200754E+0," IDEX "," 2023_12_18_run2 "," 10-90 km/s. Al 5-1. IDEX FM Detector 2500. Position 5. HG CSAs ",5," Aluminum "
8554466,20231218215455.256000000,20231218145455.256000000,1702936495256,1.439790E+4,4.684943E-18,2.206490E-16,7.454479E-8,2.200754E+0," IDEX "," 2023_12_18_run2 "," 10-90 km/s. Al 5-1. IDEX FM Detector 2500. Position 5. HG CSAs ",5," Aluminum "
8554467,20231218215455.378999999,20231218145455.378999999,1702936495379,1.360920E+4,2.229176E-17,9.380130E-16,1.253807E-7,2.200754E+0," IDEX "," 2023_12_18_run2 "," 10-90 km/s. Al 5-1. IDEX FM Detector 2500. Position 5. HG CSAs ",5," Aluminum "
8554469,20231218215455.912999999,20231218145455.912999999,1702936495913,2.001420E+4,5.243409E-18,4.771880E-16,7.739634E-8,2.200754E+0," IDEX "," 2023_12_18_run2 "," 10-90 km/s. Al 5-1. IDEX FM Detector 2500. Position 5. HG CSAs ",5," Aluminum "
8554474,20231218215521.712000000,20231218145521.712000000,1702936521712,1.762390E+4,9.679821E-18,6.838430E-16,9.494490E-8,2.198294E+0," IDEX "," 2023_12_18_run2 "," 10-90 km/s. Al 5-1. IDEX FM Detector 2500. Position 5. HG CSAs ",5," Aluminum "
8554475,20231218215521.962999999,20231218145521.962999999,1702936521963,1.535380E+4,7.237485E-18,3.880650E-16,8.617443E-8,2.198294E+0," IDEX "," 2023_12_18_run2 "," 10-90 km/s. Al 5-1. IDEX FM Detector 2500. Position 5. HG CSAs ",5," Aluminum "
8554477,20231218215524.033000000,20231218145524.033000000,1702936524033,1.541260E+4,5.587594E-18,3.018990E-16,7.905405E-8,2.198294E+0," IDEX "," 2023_12_18_run2 "," 10-90 km/s. Al 5-1. IDEX FM Detector 2500. Position 5. HG CSAs ",5," Aluminum "
8554478,20231218215524.092999999,20231218145524.092999999,1702936524093,4.388430E+4,5.560698E-19,2.435750E-16,3.663467E-8,2.198294E+0," IDEX "," 2023_12_18_run2 "," 10-90 km/s. Al 5-1. IDEX FM Detector 2500. Position 5. HG CSAs ",3," Aluminum "
8554479,20231218215526.655000000,20231218145526.655000000,1702936526655,3.464850E+4,1.583616E-18,4.324180E-16,5.192771E-8,2.198294E+0," IDEX "," 2023_12_18_run2 "," 10-90 km/s. Al 5-1. IDEX FM Detector 2500. Position 5. HG CSAs ",5," Aluminum "
8554480,20231218215527.095999999,20231218145527.095999999,1702936527096,2.473810E+4,3.469942E-18,4.829920E-16,6.744607E-8,2.198294E+0," IDEX "," 2023_12_18_run2 "," 10-90 km/s. Al 5-1. IDEX FM Detector 2500. Position 5. HG CSAs ",5," Aluminum "
8554482,20231218215529.043000000,20231218145529.043000000,1702936529043,1.183120E+4,1.708066E-17,5.438100E-16,1.147319E-7,2.198294E+0," IDEX "," 2023_12_18_run2 "," 10-90 km/s. Al 5-1. IDEX FM Detector 2500. Position 5. HG CSAs ",5," Aluminum "
8554484,20231218215532.719999999,20231218145532.719999999,1702936532720,1.130290E+4,9.182964E-18,2.668380E-16,9.329180E-8,2.198294E+0," IDEX "," 2023_12_18_run2 "," 10-90 km/s. Al 5-1. IDEX FM Detector 2500. Position 5. HG CSAs ",5," Aluminum "
8554487,20231218215534.785999999,20231218145534.785999999,1702936534786,1.912220E+4,2.062118E-18,1.715040E-16,5.670487E-8,2.198294E+0," IDEX "," 2023_12_18_run2 "," 10-90 km/s. Al 5-1. IDEX FM Detector 2500. Position 5. HG CSAs ",5," Aluminum "
8554488,20231218215535.777000000,20231218145535.777000000,1702936535777,1.876370E+4,3.357709E-18,2.688840E-16,6.671091E-8,2.198294E+0," IDEX "," 2023_12_18_run2 "," 10-90 km/s. Al 5-1. IDEX FM Detector 2500. Position 5. HG CSAs ",5," Aluminum "
8554490,20231218215537.279000000,20231218145537.279000000,1702936537279,2.748690E+4,8.662989E-19,1.488690E-16,4.246898E-8,2.198294E+0," IDEX "," 2023_12_18_run2 "," 10-90 km/s. Al 5-1. IDEX FM Detector 2500. Position 5. HG CSAs ",3," Aluminum "
8554493,20231218215540.469000000,20231218145540.469000000,1702936540469,1.190880E+4,1.404920E-17,4.531820E-16,1.074978E-7,2.198294E+0," IDEX "," 2023_12_18_run2 "," 10-90 km/s. Al 5-1. IDEX FM Detector 2500. Position 5. HG CSAs ",4," Aluminum "
8554494,20231218215540.779000000,20231218145540.779000000,1702936540779,3.148860E+4,3.479722E-18,7.847590E-16,6.750937E-8,2.198294E+0," IDEX "," 2023_12_18_run2 "," 10-90 km/s. Al 5-1. IDEX FM Detector 2500. Position 5. HG CSAs ",5," Aluminum "
8554495,20231218215541.345999999,20231218145541.345999999,1702936541346,1.380510E+4,5.462598E-18,2.367900E-16,7.846012E-8,2.198294E+0," IDEX "," 2023_12_18_run2 "," 10-90 km/s. Al 5-1. IDEX FM Detector 2500. Position 5. HG CSAs ",3," Aluminum "
8554497,20231218215543.410000000,20231218145543.410000000,1702936543410,1.585510E+4,5.021329E-18,2.869450E-16,7.628786E-8,2.199524E+0," IDEX "," 2023_12_18_run2 "," 10-90 km/s. Al 5-1. IDEX FM Detector 2500. Position 5. HG CSAs ",5," Aluminum "
8554499,20231218215546.029000000,20231218145546.029000000,1702936546029,1.185940E+4,9.197610E-18,2.942290E-16,9.334138E-8,2.198294E+0," IDEX "," 2023_12_18_run2 "," 10-90 km/s. Al 5-1. IDEX FM Detector 2500. Position 5. HG CSAs ",5," Aluminum "
8554502,20231218215549.841000000,20231218145549.841000000,1702936549841,1.866510E+4,2.618493E-17,2.074900E-15,1.322918E-7,2.198294E+0," IDEX "," 2023_12_18_run2 "," 10-90 km/s. Al 5-1. IDEX FM Detector 2500. Position 5. HG CSAs ",5," Aluminum "
8554504,20231218215550.962999999,20231218145550.962999999,1702936550963,1.435850E+4,1.904226E-17,8.929390E-16,1.189658E-7,2.198294E+0," IDEX "," 2023_12_18_run2 "," 10-90 km/s. Al 5-1. IDEX FM Detector 2500. Position 5. HG CSAs ",5," Aluminum "
8554505,20231218215551.720999999,20231218145551.720999999,1702936551721,1.482280E+4,1.015543E-17,5.075090E-16,9.647511E-8,2.198294E+0," IDEX "," 2023_12_18_run2 "," 10-90 km/s. Al 5-1. IDEX FM Detector 2500. Position 5. HG CSAs ",5," Aluminum "
8554508,20231218215557.151000000,20231218145557.151000000,1702936557151,4.585420E+4,1.069716E-18,5.115780E-16,4.556227E-8,2.198294E+0," IDEX "," 2023_12_18_run2 "," 10-90 km/s. Al 5-1. IDEX FM Detector 2500. Position 5. HG CSAs ",5," Aluminum "
8554509,20231218215558.279000000,20231218145558.279000000,1702936558279,1.446870E+4,3.368642E-17,1.603980E-15,1.438801E-7,2.198294E+0," IDEX "," 2023_12_18_run2 "," 10-90 km/s. Al 5-1. IDEX FM Detector 2500. Position 5. HG CSAs ",5," Aluminum "
8554510,20231218215558.529000000,20231218145558.529000000,1702936558529,1.318020E+4,1.438130E-17,5.682340E-16,1.083383E-7,2.198294E+0," IDEX "," 2023_12_18_run2 "," 10-90 km/s. Al 5-1. IDEX FM Detector 2500. Position 5. HG CSAs ",5," Aluminum "
8554511,20231218215559.087000000,20231218145559.087000000,1702936559087,1.790640E+4,8.680485E-18,6.330610E-16,9.155819E-8,2.198294E+0," IDEX "," 2023_12_18_run2 "," 10-90 km/s. Al 5-1. IDEX FM Detector 2500. Position 5. HG CSAs ",5," Aluminum "
8554512,20231218215601.969999999,20231218145601.969999999,1702936561970,1.691330E+4,5.274594E-18,3.431870E-16,7.754948E-8,2.198294E+0," IDEX "," 2023_12_18_run2 "," 10-90 km/s. Al 5-1. IDEX FM Detector 2500. Position 5. HG CSAs ",5," Aluminum "
8554513,20231218215627.287000000,20231218145627.287000000,1702936587287,1.337740E+4,9.700933E-18,3.950800E-16,9.501387E-8,2.197063E+0," IDEX "," 2023_12_18_run2 "," 10-90 km/s. Al 5-1. IDEX FM Detector 2500. Position 5. HG CSAs ",5," Aluminum "
8554514,20231218215629.057999999,20231218145629.057999999,1702936589058,1.422080E+4,7.609218E-18,3.502000E-16,8.762524E-8,2.197063E+0," IDEX "," 2023_12_18_run2 "," 10-90 km/s. Al 5-1. IDEX FM Detector 2500. Position 5. HG CSAs ",5," Aluminum "
8554516,20231218215630.274999999,20231218145630.274999999,1702936590275,2.137820E+4,5.760481E-18,5.991410E-16,7.986113E-8,2.197063E+0," IDEX "," 2023_12_18_run2 "," 10-90 km/s. Al 5-1. IDEX FM Detector 2500. Position 5. HG CSAs ",5," Aluminum "
8554517,20231218215633.259000000,20231218145633.259000000,1702936593259,1.403350E+4,8.284445E-18,3.710910E-16,9.014404E-8,2.198294E+0," IDEX "," 2023_12_18_run2 "," 10-90 km/s. Al 5-1. IDEX FM Detector 2500. Position 5. HG CSAs ",5," Aluminum "
8554518,20231218215633.751000000,20231218145633.751000000,1702936593751,1.293000E+4,9.505413E-18,3.614540E-16,9.437121E-8,2.198294E+0," IDEX "," 2023_12_18_run2 "," 10-90 km/s. Al 5-1. IDEX FM Detector 2500. Position 5. HG CSAs ",5," Aluminum "
8554522,20231218215636.489999999,20231218145636.489999999,1702936596490,2.278140E+4,3.075628E-18,3.630610E-16,6.478788E-8,2.198294E+0," IDEX "," 2023_12_18_run2 "," 10-90 km/s. Al 5-1. IDEX FM Detector 2500. Position 5. HG CSAs ",5," Aluminum "
8554523,20231218215638.625000000,20231218145638.625000000,1702936598625,1.235860E+4,1.094348E-17,3.801710E-16,9.890866E-8,2.198294E+0," IDEX "," 2023_12_18_run2 "," 10-90 km/s. Al 5-1. IDEX FM Detector 2500. Position 5. HG CSAs ",5," Aluminum "
8554525,20231218215640.148999999,20231218145640.148999999,1702936600149,1.841490E+4,4.375971E-18,3.375190E-16,7.286864E-8,2.198294E+0," IDEX "," 2023_12_18_run2 "," 10-90 km/s. Al 5-1. IDEX FM Detector 2500. Position 5. HG CSAs ",5," Aluminum "
8554528,20231218215641.554000000,20231218145641.554000000,1702936601554,1.392500E+4,1.716911E-17,7.572220E-16,1.149296E-7,2.198294E+0," IDEX "," 2023_12_18_run2 "," 10-90 km/s. Al 5-1. IDEX FM Detector 2500. Position 5. HG CSAs ",5," Aluminum "
8554531,20231218215642.716999999,20231218145642.716999999,1702936602717,1.456110E+4,6.686536E-18,3.224590E-16,8.392981E-8,2.198294E+0," IDEX "," 2023_12_18_run2 "," 10-90 km/s. Al 5-1. IDEX FM Detector 2500. Position 5. HG CSAs ",5," Aluminum "
8554536,20231218215649.966999999,20231218145649.966999999,1702936609967,1.125480E+4,1.172097E-17,3.380730E-16,1.011976E-7,2.195833E+0," IDEX "," 2023_12_18_run2 "," 10-90 km/s. Al 5-1. IDEX FM Detector 2500. Position 5. HG CSAs ",5," Aluminum "
8554537,20231218215650.709000000,20231218145650.709000000,1702936610709,1.172190E+4,1.100487E-17,3.443120E-16,9.909327E-8,2.195833E+0," IDEX "," 2023_12_18_run2 "," 10-90 km/s. Al 5-1. IDEX FM Detector 2500. Position 5. HG CSAs ",3," Aluminum "
8554539,20231218215656.495000000,20231218145656.495000000,1702936616495,2.336450E+4,2.175252E-18,2.703920E-16,5.772347E-8,2.195833E+0," IDEX "," 2023_12_18_run2 "," 10-90 km/s. Al 5-1. IDEX FM Detector 2500. Position 5. HG CSAs ",4," Aluminum "
8554541,20231218215657.776000000,20231218145657.776000000,1702936617776,3.421560E+4,1.058311E-18,2.816460E-16,4.539977E-8,2.199524E+0," IDEX "," 2023_12_18_run2 "," 10-90 km/s. Al 5-1. IDEX FM Detector 2500. Position 5. HG CSAs ",4," Aluminum "
8554542,20231218215658.807000000,20231218145658.807000000,1702936618807,2.491630E+4,3.093816E-18,4.366200E-16,6.491534E-8,2.199524E+0," IDEX "," 2023_12_18_run2 "," 10-90 km/s. Al 5-1. IDEX FM Detector 2500. Position 5. HG CSAs ",5," Aluminum "
8554546,20231218215702.591999999,20231218145702.591999999,1702936622592,2.773830E+4,1.819018E-18,3.183330E-16,5.438280E-8,2.198294E+0," IDEX "," 2023_12_18_run2 "," 10-90 km/s. Al 5-1. IDEX FM Detector 2500. Position 5. HG CSAs ",5," Aluminum "
8554551,20231218215711.260999999,20231218145711.260999999,1702936631261,1.346470E+4,4.266327E-17,1.759270E-15,1.556684E-7,2.198294E+0," IDEX "," 2023_12_18_run2 "," 10-90 km/s. Al 5-1. IDEX FM Detector 2500. Position 5. HG CSAs ",5," Aluminum "
8554553,20231218215712.625000000,20231218145712.625000000,1702936632625,1.019390E+4,1.954915E-17,4.620550E-16,1.200121E-7,2.198294E+0," IDEX "," 2023_12_18_run2 "," 10-90 km/s. Al 5-1. IDEX FM Detector 2500. Position 5. HG CSAs ",5," Aluminum "
8554554,20231218215713.175999999,20231218145713.175999999,1702936633176,1.868990E+4,2.466063E-17,1.959310E-15,1.296733E-7,2.198294E+0," IDEX "," 2023_12_18_run2 "," 10-90 km/s. Al 5-1. IDEX FM Detector 2500. Position 5. HG CSAs ",5," Aluminum "
8554555,20231218215714.966999999,20231218145714.966999999,1702936634967,2.272750E+4,5.139326E-18,6.041400E-16,7.688080E-8,2.197063E+0," IDEX "," 2023_12_18_run2 "," 10-90 km/s. Al 5-1. IDEX FM Detector 2500. Position 5. HG CSAs ",5," Aluminum "
8554556,20231218215716.532000000,20231218145716.532000000,1702936636532,1.021290E+4,8.610741E-18,2.042790E-16,9.131232E-8,2.198294E+0," IDEX "," 2023_12_18_run2 "," 10-90 km/s. Al 5-1. IDEX FM Detector 2500. Position 5. HG CSAs ",4," Aluminum "
8554557,20231218215716.722000000,20231218145716.722000000,1702936636722,1.375160E+4,6.749367E-18,2.903050E-16,8.419188E-8,2.198294E+0," IDEX "," 2023_12_18_run2 "," 10-90 km/s. Al 5-1. IDEX FM Detector 2500. Position 5. HG CSAs ",4," Aluminum "
8554558,20231218215720.001999999,20231218145720.001999999,1702936640002,3.060620E+4,2.449008E-18,5.217880E-16,6.004995E-8,2.198294E+0," IDEX "," 2023_12_18_run2 "," 10-90 km/s. Al 5-1. IDEX FM Detector 2500. Position 5. HG CSAs ",5," Aluminum "
8554559,20231218215721.675000000,20231218145721.675000000,1702936641675,1.966490E+4,8.030038E-18,7.062950E-16,8.921168E-8,2.198294E+0," IDEX "," 2023_12_18_run2 "," 10-90 km/s. Al 5-1. IDEX FM Detector 2500. Position 5. HG CSAs ",5," Aluminum "
8554562,20231218215814.944999999,20231218145814.944999999,1702936694945,1.125160E+4,1.217663E-17,3.504270E-16,1.024924E-7,2.199524E+0," IDEX "," 2023_12_18_run2 "," 10-90 km/s. Al 5-1. IDEX FM Detector 2500. Position 5. HG CSAs ",3," Aluminum "
8554563,20231218215815.050999999,20231218145815.050999999,1702936695051,3.951690E+4,8.880448E-19,3.152410E-16,4.282140E-8,2.199524E+0," IDEX "," 2023_12_18_run2 "," 10-90 km/s. Al 5-1. IDEX FM Detector 2500. Position 5. HG CSAs ",5," Aluminum "
8554565,20231218215816.989000000,20231218145816.989000000,1702936696989,2.117730E+4,4.734039E-18,4.829010E-16,7.480428E-8,2.198294E+0," IDEX "," 2023_12_18_run2 "," 10-90 km/s. Al 5-1. IDEX FM Detector 2500. Position 5. HG CSAs ",5," Aluminum "
8554566,20231218215817.285000000,20231218145817.285000000,1702936697285,1.642920E+4,3.140333E-18,1.927940E-16,6.523907E-8,2.198294E+0," IDEX "," 2023_12_18_run2 "," 10-90 km/s. Al 5-1. IDEX FM Detector 2500. Position 5. HG CSAs ",5," Aluminum "
8554569,20231218215821.807000000,20231218145821.807000000,1702936701807,1.460480E+4,7.982640E-18,3.872780E-16,8.903582E-8,2.198294E+0," IDEX "," 2023_12_18_run2 "," 10-90 km/s. Al 5-1. IDEX FM Detector 2500. Position 5. HG CSAs ",5," Aluminum "
8554571,20231218215825.998000000,20231218145825.998000000,1702936705998,1.331870E+4,2.690699E-17,1.085610E-15,1.334968E-7,2.198294E+0," IDEX "," 2023_12_18_run2 "," 10-90 km/s. Al 5-1. IDEX FM Detector 2500. Position 5. HG CSAs ",5," Aluminum "
8554572,20231218215826.067999999,20231218145826.067999999,1702936706068,1.009140E+4,1.188914E-17,2.755380E-16,1.016793E-7,2.197063E+0," IDEX "," 2023_12_18_run2 "," 10-90 km/s. Al 5-1. IDEX FM Detector 2500. Position 5. HG CSAs ",5," Aluminum "
8554576,20231218215955.236999999,20231218145955.236999999,1702936795237,2.354170E+4,2.278288E-18,2.871900E-16,5.862085E-8,2.198294E+0," IDEX "," 2023_12_18_run2 "," 10-90 km/s. Al 5-1. IDEX FM Detector 2500. Position 5. HG CSAs ",4," Aluminum "
8554579,20231218215957.635000000,20231218145957.635000000,1702936797635,1.760660E+4,1.047796E-17,7.387760E-16,9.748582E-8,2.198294E+0," IDEX "," 2023_12_18_run2 "," 10-90 km/s. Al 5-1. IDEX FM Detector 2500. Position 5. HG CSAs ",4," Aluminum "
8554580,20231218215957.933999999,20231218145957.933999999,1702936797934,1.670270E+4,4.948569E-18,3.140060E-16,7.591759E-8,2.198294E+0," IDEX "," 2023_12_18_run2 "," 10-90 km/s. Al 5-1. IDEX FM Detector 2500. Position 5. HG CSAs ",5," Aluminum "
8554581,20231218215959.552000000,20231218145959.552000000,1702936799552,2.242380E+4,4.278126E-18,4.890060E-16,7.232144E-8,2.199524E+0," IDEX "," 2023_12_18_run2 "," 10-90 km/s. Al 5-1. IDEX FM Detector 2500. Position 5. HG CSAs ",5," Aluminum "
8554583,20231218220000.640000000,20231218150000.640000000,1702936800640,1.669350E+4,9.551233E-18,6.050570E-16,9.452260E-8,2.199524E+0," IDEX "," 2023_12_18_run2 "," 10-90 km/s. Al 5-1. IDEX FM Detector 2500. Position 5. HG CSAs ",5," Aluminum "
8554584,20231218220004.978000000,20231218150004.978000000,1702936804978,1.292360E+4,1.413123E-17,5.362240E-16,1.077067E-7,2.200754E+0," IDEX "," 2023_12_18_run2 "," 10-90 km/s. Al 5-1. IDEX FM Detector 2500. Position 5. HG CSAs ",5," Aluminum "
8554586,20231218220042.205000000,20231218150042.205000000,1702936842205,1.635760E+4,6.698657E-18,4.074450E-16,8.398050E-8,2.199524E+0," IDEX "," 2023_12_18_run2 "," 10-90 km/s. Al 5-1. IDEX FM Detector 2500. Position 5. HG CSAs ",5," Aluminum "
8554587,20231218220043.441000000,20231218150043.441000000,1702936843441,2.867220E+4,1.642637E-18,3.069770E-16,5.256497E-8,2.199524E+0," IDEX "," 2023_12_18_run2 "," 10-90 km/s. Al 5-1. IDEX FM Detector 2500. Position 5. HG CSAs ",5," Aluminum "
8554591,20231218220051.234000000,20231218150051.234000000,1702936851234,1.062090E+4,5.257568E-17,1.348940E-15,1.668953E-7,2.198294E+0," IDEX "," 2023_12_18_run2 "," 10-90 km/s. Al 5-1. IDEX FM Detector 2500. Position 5. HG CSAs ",5," Aluminum "
8554597,20231218220058.013000000,20231218150058.013000000,1702936858013,2.384350E+4,1.661160E-18,2.146810E-16,5.276181E-8,2.199524E+0," IDEX "," 2023_12_18_run2 "," 10-90 km/s. Al 5-1. IDEX FM Detector 2500. Position 5. HG CSAs ",5," Aluminum "
8554599,20231218220100.111999999,20231218150100.111999999,1702936860112,1.018340E+4,2.367494E-17,5.581060E-16,1.279221E-7,2.199524E+0," IDEX "," 2023_12_18_run2 "," 10-90 km/s. Al 5-1. IDEX FM Detector 2500. Position 5. HG CSAs ",5," Aluminum "
8554602,20231218220121.222999999,20231218150121.222999999,1702936881223,1.654910E+4,4.473400E-18,2.788140E-16,7.340547E-8,2.197063E+0," IDEX "," 2023_12_18_run2 "," 10-90 km/s. Al 5-1. IDEX FM Detector 2500. Position 5. HG CSAs ",5," Aluminum "
8554603,20231218220234.310999999,20231218150234.310999999,1702936954311,1.157150E+4,8.308345E-18,2.530340E-16,9.023064E-8,2.198294E+0," IDEX "," 2023_12_18_run2 "," 10-90 km/s. Al 5-1. IDEX FM Detector 2500. Position 5. HG CSAs ",5," Aluminum "
8554607,20231218220240.302000000,20231218150240.302000000,1702936960302,2.159840E+4,1.005079E-17,1.066420E-15,9.614261E-8,2.198294E+0," IDEX "," 2023_12_18_run2 "," 10-90 km/s. Al 5-1. IDEX FM Detector 2500. Position 5. HG CSAs ",5," Aluminum "
8554608,20231218220408.722000000,20231218150408.722000000,1702937048722,1.096040E+4,8.989739E-18,2.456320E-16,9.263282E-8,2.198294E+0," IDEX "," 2023_12_18_run2 "," 10-90 km/s. Al 5-1. IDEX FM Detector 2500. Position 5. HG CSAs ",5," Aluminum "
8554610,20231218220409.000000000,20231218150409.000000000,1702937049000,3.132350E+4,1.738675E-18,3.880110E-16,5.357004E-8,2.198294E+0," IDEX "," 2023_12_18_run2 "," 10-90 km/s. Al 5-1. IDEX FM Detector 2500. Position 5. HG CSAs ",4," Aluminum "
8554611,20231218220411.657000000,20231218150411.657000000,1702937051657,1.287130E+4,1.090555E-17,4.109390E-16,9.879426E-8,2.198294E+0," IDEX "," 2023_12_18_run2 "," 10-90 km/s. Al 5-1. IDEX FM Detector 2500. Position 5. HG CSAs ",5," Aluminum "
8554612,20231218220411.822000000,20231218150411.822000000,1702937051822,1.140490E+4,8.487241E-18,2.510930E-16,9.087367E-8,2.198294E+0," IDEX "," 2023_12_18_run2 "," 10-90 km/s. Al 5-1. IDEX FM Detector 2500. Position 5. HG CSAs ",4," Aluminum "
8554613,20231218220412.219999999,20231218150412.219999999,1702937052220,1.600630E+4,4.898792E-18,2.854670E-16,7.566219E-8,2.198294E+0," IDEX "," 2023_12_18_run2 "," 10-90 km/s. Al 5-1. IDEX FM Detector 2500. Position 5. HG CSAs ",4," Aluminum "
8554616,20231218220413.432000000,20231218150413.432000000,1702937053432,1.752370E+4,4.845902E-18,3.384630E-16,7.538890E-8,2.198294E+0," IDEX "," 2023_12_18_run2 "," 10-90 km/s. Al 5-1. IDEX FM Detector 2500. Position 5. HG CSAs ",4," Aluminum "
8554617,20231218220415.623000000,20231218150415.623000000,1702937055623,2.721190E+4,2.617265E-18,4.408090E-16,6.139482E-8,2.198294E+0," IDEX "," 2023_12_18_run2 "," 10-90 km/s. Al 5-1. IDEX FM Detector 2500. Position 5. HG CSAs ",5," Aluminum "
8554619,20231218220417.864000000,20231218150417.864000000,1702937057864,3.068720E+4,4.476523E-18,9.593640E-16,7.342256E-8,2.197063E+0," IDEX "," 2023_12_18_run2 "," 10-90 km/s. Al 5-1. IDEX FM Detector 2500. Position 5. HG CSAs ",5," Aluminum "
8554621,20231218220418.813000000,20231218150418.813000000,1702937058813,1.660350E+4,1.009949E-17,6.336170E-16,9.629765E-8,2.197063E+0," IDEX "," 2023_12_18_run2 "," 10-90 km/s. Al 5-1. IDEX FM Detector 2500. Position 5. HG CSAs ",5," Aluminum "
8554622,20231218220418.930999999,20231218150418.930999999,1702937058931,2.606770E+4,5.263465E-18,8.139640E-16,7.749490E-8,2.197063E+0," IDEX "," 2023_12_18_run2 "," 10-90 km/s. Al 5-1. IDEX FM Detector 2500. Position 5. HG CSAs ",5," Aluminum "
8554623,20231218220419.589999999,20231218150419.589999999,1702937059590,1.284530E+4,1.205531E-17,4.526840E-16,1.021509E-7,2.197063E+0," IDEX "," 2023_12_18_run2 "," 10-90 km/s. Al 5-1. IDEX FM Detector 2500. Position 5. HG CSAs ",5," Aluminum "
8554625,20231218220421.168999999,20231218150421.168999999,1702937061169,9.991890E+3,2.029525E-17,4.611240E-16,1.215199E-7,2.197063E+0," IDEX "," 2023_12_18_run2 "," 10-90 km/s. Al 5-1. IDEX FM Detector 2500. Position 5. HG CSAs ",5," Aluminum "
8554626,20231218220422.518000000,20231218150422.518000000,1702937062518,1.826730E+4,5.310414E-18,4.030530E-16,7.772463E-8,2.198294E+0," IDEX "," 2023_12_18_run2 "," 10-90 km/s. Al 5-1. IDEX FM Detector 2500. Position 5. HG CSAs ",5," Aluminum "
8554630,20231218225119.259000000,20231218155119.259000000,1702939879259,1.957210E+4,4.908641E-18,4.274430E-16,7.571285E-8,2.199524E+0," IDEX "," 2023_12_18_run3 "," 10-90 km/s. Al 5-1. IDEX FM Detector 2500. Position 5. HG CSAs ",5," Aluminum "
8554631,20231218225119.479000000,20231218155119.479000000,1702939879479,1.397290E+4,7.630154E-18,3.386480E-16,8.770553E-8,2.199524E+0," IDEX "," 2023_12_18_run3 "," 10-90 km/s. Al 5-1. IDEX FM Detector 2500. Position 5. HG CSAs ",5," Aluminum "
8554636,20231218225120.543000000,20231218155120.543000000,1702939880543,1.280280E+4,9.415986E-18,3.508470E-16,9.407433E-8,2.199524E+0," IDEX "," 2023_12_18_run3 "," 10-90 km/s. Al 5-1. IDEX FM Detector 2500. Position 5. HG CSAs ",4," Aluminum "
8554637,20231218225120.662000000,20231218155120.662000000,1702939880662,1.954590E+4,1.284458E-17,1.115510E-15,1.043332E-7,2.199524E+0," IDEX "," 2023_12_18_run3 "," 10-90 km/s. Al 5-1. IDEX FM Detector 2500. Position 5. HG CSAs ",5," Aluminum "
8554638,20231218225120.958000000,20231218155120.958000000,1702939880958,2.013690E+4,3.001855E-18,2.767050E-16,6.426568E-8,2.199524E+0," IDEX "," 2023_12_18_run3 "," 10-90 km/s. Al 5-1. IDEX FM Detector 2500. Position 5. HG CSAs ",5," Aluminum "
8554640,20231218225122.129999999,20231218155122.129999999,1702939882130,1.050820E+4,1.504220E-17,3.775810E-16,1.099731E-7,2.199524E+0," IDEX "," 2023_12_18_run3 "," 10-90 km/s. Al 5-1. IDEX FM Detector 2500. Position 5. HG CSAs ",5," Aluminum "
8554641,20231218225122.263999999,20231218155122.263999999,1702939882264,1.483220E+4,2.652132E-17,1.326320E-15,1.328559E-7,2.199524E+0," IDEX "," 2023_12_18_run3 "," 10-90 km/s. Al 5-1. IDEX FM Detector 2500. Position 5. HG CSAs ",3," Aluminum "
8554647,20231218225123.895999999,20231218155123.895999999,1702939883896,1.269150E+4,3.034677E-17,1.111170E-15,1.389590E-7,2.199524E+0," IDEX "," 2023_12_18_run3 "," 10-90 km/s. Al 5-1. IDEX FM Detector 2500. Position 5. HG CSAs ",5," Aluminum "
8554649,20231218225124.703999999,20231218155124.703999999,1702939884704,1.336560E+4,1.016058E-17,4.126080E-16,9.649143E-8,2.199524E+0," IDEX "," 2023_12_18_run3 "," 10-90 km/s. Al 5-1. IDEX FM Detector 2500. Position 5. HG CSAs ",5," Aluminum "
8554650,20231218225124.824999999,20231218155124.824999999,1702939884825,1.149360E+4,1.900458E-17,5.707060E-16,1.188873E-7,2.199524E+0," IDEX "," 2023_12_18_run3 "," 10-90 km/s. Al 5-1. IDEX FM Detector 2500. Position 5. HG CSAs ",5," Aluminum "
8554652,20231218225125.868000000,20231218155125.868000000,1702939885868,2.909960E+4,2.787029E-18,5.364850E-16,6.269453E-8,2.199524E+0," IDEX "," 2023_12_18_run3 "," 10-90 km/s. Al 5-1. IDEX FM Detector 2500. Position 5. HG CSAs ",5," Aluminum "
8554653,20231218225126.513999999,20231218155126.513999999,1702939886514,1.600830E+4,9.487030E-18,5.526660E-16,9.431034E-8,2.199524E+0," IDEX "," 2023_12_18_run3 "," 10-90 km/s. Al 5-1. IDEX FM Detector 2500. Position 5. HG CSAs ",5," Aluminum "
8554655,20231218225127.481999999,20231218155127.481999999,1702939887482,2.540270E+4,7.812484E-18,1.147300E-15,8.839864E-8,2.197063E+0," IDEX "," 2023_12_18_run3 "," 10-90 km/s. Al 5-1. IDEX FM Detector 2500. Position 5. HG CSAs ",5," Aluminum "
8554656,20231218225127.589000000,20231218155127.589000000,1702939887589,3.383680E+4,1.566238E-18,4.080980E-16,5.173707E-8,2.197063E+0," IDEX "," 2023_12_18_run3 "," 10-90 km/s. Al 5-1. IDEX FM Detector 2500. Position 5. HG CSAs ",5," Aluminum "
8554659,20231218225128.231000000,20231218155128.231000000,1702939888231,3.294620E+4,1.314849E-17,3.247990E-15,1.051497E-7,2.197063E+0," IDEX "," 2023_12_18_run3 "," 10-90 km/s. Al 5-1. IDEX FM Detector 2500. Position 5. HG CSAs ",5," Aluminum "
8554660,20231218225128.347000000,20231218155128.347000000,1702939888347,2.224420E+4,2.651643E-18,2.985910E-16,6.166247E-8,2.197063E+0," IDEX "," 2023_12_18_run3 "," 10-90 km/s. Al 5-1. IDEX FM Detector 2500. Position 5. HG CSAs ",5," Aluminum "
8554661,20231218225128.635999999,20231218155128.635999999,1702939888636,2.843850E+4,2.550866E-18,4.694930E-16,6.087119E-8,2.197063E+0," IDEX "," 2023_12_18_run3 "," 10-90 km/s. Al 5-1. IDEX FM Detector 2500. Position 5. HG CSAs ",5," Aluminum "
8554663,20231218225129.450999999,20231218155129.450999999,1702939889451,2.015750E+4,1.407492E-17,1.301510E-15,1.075634E-7,2.197063E+0," IDEX "," 2023_12_18_run3 "," 10-90 km/s. Al 5-1. IDEX FM Detector 2500. Position 5. HG CSAs ",5," Aluminum "
8554664,20231218225129.797000000,20231218155129.797000000,1702939889797,1.948220E+4,8.982245E-18,7.758700E-16,9.260707E-8,2.197063E+0," IDEX "," 2023_12_18_run3 "," 10-90 km/s. Al 5-1. IDEX FM Detector 2500. Position 5. HG CSAs ",5," Aluminum "
8554669,20231218225132.512000000,20231218155132.512000000,1702939892512,1.991010E+4,3.189420E-17,2.877310E-15,1.412819E-7,2.197063E+0," IDEX "," 2023_12_18_run3 "," 10-90 km/s. Al 5-1. IDEX FM Detector 2500. Position 5. HG CSAs ",5," Aluminum "
8554670,20231218225133.194000000,20231218155133.194000000,1702939893194,3.910540E+4,3.643406E-18,1.267970E-15,6.855172E-8,2.197063E+0," IDEX "," 2023_12_18_run3 "," 10-90 km/s. Al 5-1. IDEX FM Detector 2500. Position 5. HG CSAs ",5," Aluminum "
8554674,20231218225241.655000000,20231218155241.655000000,1702939961655,1.125670E+4,2.275096E-17,6.553360E-16,1.262358E-7,2.199524E+0," IDEX "," 2023_12_18_run3 "," 10-90 km/s. Al 5-1. IDEX FM Detector 2500. Position 5. HG CSAs ",5," Aluminum "
8554676,20231218225243.081000000,20231218155243.081000000,1702939963081,2.443000E+4,2.941735E-18,3.991100E-16,6.383376E-8,2.199524E+0," IDEX "," 2023_12_18_run3 "," 10-90 km/s. Al 5-1. IDEX FM Detector 2500. Position 5. HG CSAs ",4," Aluminum "
8554679,20231218225245.510999999,20231218155245.510999999,1702939965511,1.909630E+4,1.221957E-17,1.012970E-15,1.026127E-7,2.199524E+0," IDEX "," 2023_12_18_run3 "," 10-90 km/s. Al 5-1. IDEX FM Detector 2500. Position 5. HG CSAs ",5," Aluminum "
8554681,20231218225247.683999999,20231218155247.683999999,1702939967684,1.276460E+4,2.571436E-17,9.524280E-16,1.314946E-7,2.199524E+0," IDEX "," 2023_12_18_run3 "," 10-90 km/s. Al 5-1. IDEX FM Detector 2500. Position 5. HG CSAs ",5," Aluminum "
8554682,20231218225248.185000000,20231218155248.185000000,1702939968185,4.021010E+4,1.160421E-18,4.265090E-16,4.681530E-8,2.199524E+0," IDEX "," 2023_12_18_run3 "," 10-90 km/s. Al 5-1. IDEX FM Detector 2500. Position 5. HG CSAs ",5," Aluminum "
8554684,20231218225317.322999999,20231218155317.322999999,1702939997323,1.233580E+4,1.060340E-17,3.669990E-16,9.787331E-8,2.198294E+0," IDEX "," 2023_12_18_run3 "," 10-90 km/s. Al 5-1. IDEX FM Detector 2500. Position 5. HG CSAs ",5," Aluminum "
8554685,20231218225318.054000000,20231218155318.054000000,1702939998054,3.775370E+4,7.826164E-19,2.537190E-16,4.105495E-8,2.198294E+0," IDEX "," 2023_12_18_run3 "," 10-90 km/s. Al 5-1. IDEX FM Detector 2500. Position 5. HG CSAs ",5," Aluminum "
8554686,20231218225319.077999999,20231218155319.077999999,1702939999078,1.607810E+4,3.368188E-18,1.980390E-16,6.678024E-8,2.198294E+0," IDEX "," 2023_12_18_run3 "," 10-90 km/s. Al 5-1. IDEX FM Detector 2500. Position 5. HG CSAs ",5," Aluminum "
8554687,20231218225331.395999999,20231218155331.395999999,1702940011396,1.752760E+4,6.615759E-18,4.617680E-16,8.363264E-8,2.200754E+0," IDEX "," 2023_12_18_run3 "," 10-90 km/s. Al 5-1. IDEX FM Detector 2500. Position 5. HG CSAs ",5," Aluminum "
8554688,20231218225338.543999999,20231218155338.543999999,1702940018544,2.482370E+4,2.780946E-18,3.897720E-16,6.264889E-8,2.198294E+0," IDEX "," 2023_12_18_run3 "," 10-90 km/s. Al 5-1. IDEX FM Detector 2500. Position 5. HG CSAs ",5," Aluminum "
8554689,20231218225346.589000000,20231218155346.589000000,1702940026589,2.076360E+4,7.815335E-18,7.663690E-16,8.840939E-8,2.198294E+0," IDEX "," 2023_12_18_run3 "," 10-90 km/s. Al 5-1. IDEX FM Detector 2500. Position 5. HG CSAs ",5," Aluminum "
8554693,20231218225546.949000000,20231218155546.949000000,1702940146949,1.890670E+4,3.016573E-18,2.452620E-16,6.437054E-8,2.198294E+0," IDEX "," 2023_12_18_run3 "," 10-90 km/s. Al 5-1. IDEX FM Detector 2500. Position 5. HG CSAs ",5," Aluminum "
8554694,20231218225547.111000000,20231218155547.111000000,1702940147111,2.999850E+4,2.854301E-18,5.842300E-16,6.319496E-8,2.198294E+0," IDEX "," 2023_12_18_run3 "," 10-90 km/s. Al 5-1. IDEX FM Detector 2500. Position 5. HG CSAs ",5," Aluminum "
8554695,20231218225548.219000000,20231218155548.219000000,1702940148219,1.997670E+4,2.860235E-18,2.597630E-16,6.323873E-8,2.197063E+0," IDEX "," 2023_12_18_run3 "," 10-90 km/s. Al 5-1. IDEX FM Detector 2500. Position 5. HG CSAs ",5," Aluminum "
8554697,20231218225549.072999999,20231218155549.072999999,1702940149073,1.341290E+4,1.112235E-17,4.553760E-16,9.944465E-8,2.197063E+0," IDEX "," 2023_12_18_run3 "," 10-90 km/s. Al 5-1. IDEX FM Detector 2500. Position 5. HG CSAs ",4," Aluminum "
8554700,20231218225550.175000000,20231218155550.175000000,1702940150175,2.498260E+4,1.993613E-18,2.831680E-16,5.606986E-8,2.197063E+0," IDEX "," 2023_12_18_run3 "," 10-90 km/s. Al 5-1. IDEX FM Detector 2500. Position 5. HG CSAs ",4," Aluminum "
8554704,20231218225556.387000000,20231218155556.387000000,1702940156387,1.141670E+4,2.072983E-17,6.142130E-16,1.223811E-7,2.199524E+0," IDEX "," 2023_12_18_run3 "," 10-90 km/s. Al 5-1. IDEX FM Detector 2500. Position 5. HG CSAs ",5," Aluminum "
8554707,20231218225633.915000000,20231218155633.915000000,1702940193915,1.037900E+4,1.306913E-17,3.203950E-16,1.049377E-7,2.197063E+0," IDEX "," 2023_12_18_run3 "," 10-90 km/s. Al 5-1. IDEX FM Detector 2500. Position 5. HG CSAs ",5," Aluminum "
8554710,20231218225634.867000000,20231218155634.867000000,1702940194867,3.855480E+4,5.177619E-18,1.751520E-15,7.707128E-8,2.197063E+0," IDEX "," 2023_12_18_run3 "," 10-90 km/s. Al 5-1. IDEX FM Detector 2500. Position 5. HG CSAs ",5," Aluminum "
8554711,20231218225726.135000000,20231218155726.135000000,1702940246135,3.306220E+4,2.691868E-18,6.688970E-16,6.197271E-8,2.199524E+0," IDEX "," 2023_12_18_run3 "," 10-90 km/s. Al 5-1. IDEX FM Detector 2500. Position 5. HG CSAs ",5," Aluminum "
8554713,20231218225757.660000000,20231218155757.660000000,1702940277660,1.569350E+4,7.791691E-18,4.364720E-16,8.832015E-8,2.198294E+0," IDEX "," 2023_12_18_run3 "," 10-90 km/s. Al 5-1. IDEX FM Detector 2500. Position 5. HG CSAs ",3," Aluminum "
8554717,20231218225821.217999999,20231218155821.217999999,1702940301218,1.628130E+4,8.938583E-18,5.386280E-16,9.245678E-8,2.199524E+0," IDEX "," 2023_12_18_run3 "," 10-90 km/s. Al 5-1. IDEX FM Detector 2500. Position 5. HG CSAs ",5," Aluminum "
8554718,20231218225822.469000000,20231218155822.469000000,1702940302469,1.248220E+4,1.899656E-17,6.731970E-16,1.188705E-7,2.198294E+0," IDEX "," 2023_12_18_run3 "," 10-90 km/s. Al 5-1. IDEX FM Detector 2500. Position 5. HG CSAs ",5," Aluminum "
8554721,20231218225828.137000000,20231218155828.137000000,1702940308137,1.456650E+4,7.059606E-18,3.407030E-16,8.546259E-8,2.198294E+0," IDEX "," 2023_12_18_run3 "," 10-90 km/s. Al 5-1. IDEX FM Detector 2500. Position 5. HG CSAs ",5," Aluminum "
8554725,20231218225921.000000000,20231218155921.000000000,1702940361000,1.985800E+4,5.561411E-18,4.990960E-16,7.893038E-8,2.197063E+0," IDEX "," 2023_12_18_run3 "," 10-90 km/s. Al 5-1. IDEX FM Detector 2500. Position 5. HG CSAs ",5," Aluminum "
8554726,20231218225928.878999999,20231218155928.878999999,1702940368879,1.893490E+4,5.042847E-18,4.112320E-16,7.639668E-8,2.198294E+0," IDEX "," 2023_12_18_run3 "," 10-90 km/s. Al 5-1. IDEX FM Detector 2500. Position 5. HG CSAs ",5," Aluminum "
8554728,20231218225952.148000000,20231218155952.148000000,1702940392148,1.623570E+4,1.024055E-17,6.143180E-16,9.674390E-8,2.197063E+0," IDEX "," 2023_12_18_run3 "," 10-90 km/s. Al 5-1. IDEX FM Detector 2500. Position 5. HG CSAs ",5," Aluminum "
8554730,20231218225953.072000000,20231218155953.072000000,1702940393072,3.667570E+4,1.272160E-18,3.889920E-16,4.827213E-8,2.199524E+0," IDEX "," 2023_12_18_run3 "," 10-90 km/s. Al 5-1. IDEX FM Detector 2500. Position 5. HG CSAs ",5," Aluminum "
8554731,20231218225953.692999999,20231218155953.692999999,1702940393693,1.328640E+4,2.045062E-17,8.206600E-16,1.218292E-7,2.199524E+0," IDEX "," 2023_12_18_run3 "," 10-90 km/s. Al 5-1. IDEX FM Detector 2500. Position 5. HG CSAs ",5," Aluminum "
8554732,20231218225953.876999999,20231218155953.876999999,1702940393877,2.211070E+4,3.386668E-18,3.763740E-16,6.690215E-8,2.199524E+0," IDEX "," 2023_12_18_run3 "," 10-90 km/s. Al 5-1. IDEX FM Detector 2500. Position 5. HG CSAs ",5," Aluminum "
8554734,20231218225959.194000000,20231218155959.194000000,1702940399194,1.072200E+4,3.899015E-17,1.018940E-15,1.510663E-7,2.199524E+0," IDEX "," 2023_12_18_run3 "," 10-90 km/s. Al 5-1. IDEX FM Detector 2500. Position 5. HG CSAs ",5," Aluminum "
8554735,20231218230000.160000000,20231218160000.160000000,1702940400160,1.255650E+4,1.888040E-17,6.766910E-16,1.186277E-7,2.199524E+0," IDEX "," 2023_12_18_run3 "," 10-90 km/s. Al 5-1. IDEX FM Detector 2500. Position 5. HG CSAs ",5," Aluminum "
8554736,20231218230000.547999999,20231218160000.547999999,1702940400548,3.824810E+4,6.772860E-19,2.252340E-16,3.912370E-8,2.199524E+0," IDEX "," 2023_12_18_run3 "," 10-90 km/s. Al 5-1. IDEX FM Detector 2500. Position 5. HG CSAs ",4," Aluminum "
8554738,20231218230011.927999999,20231218160011.927999999,1702940411928,1.722060E+4,6.415350E-18,4.324730E-16,8.277947E-8,2.199524E+0," IDEX "," 2023_12_18_run3 "," 10-90 km/s. Al 5-1. IDEX FM Detector 2500. Position 5. HG CSAs ",5," Aluminum "
8554741,20231218230122.672999999,20231218160122.672999999,1702940482673,2.923990E+4,3.467954E-18,6.751440E-16,6.743318E-8,2.195833E+0," IDEX "," 2023_12_18_run3 "," 10-90 km/s. Al 5-1. IDEX FM Detector 2500. Position 5. HG CSAs ",5," Aluminum "
8554743,20231218230132.904000000,20231218160132.904000000,1702940492904,1.646000E+4,1.126055E-17,6.943000E-16,9.985482E-8,2.197063E+0," IDEX "," 2023_12_18_run3 "," 10-90 km/s. Al 5-1. IDEX FM Detector 2500. Position 5. HG CSAs ",5," Aluminum "
8554744,20231218230140.694999999,20231218160140.694999999,1702940500695,1.375640E+4,1.045548E-17,4.502790E-16,9.741606E-8,2.197063E+0," IDEX "," 2023_12_18_run3 "," 10-90 km/s. Al 5-1. IDEX FM Detector 2500. Position 5. HG CSAs ",5," Aluminum "
8554747,20231218230209.537000000,20231218160209.537000000,1702940529537,1.202170E+4,1.834165E-17,6.022400E-16,1.174885E-7,2.200754E+0," IDEX "," 2023_12_18_run3 "," 10-90 km/s. Al 5-1. IDEX FM Detector 2500. Position 5. HG CSAs ",5," Aluminum "
8554748,20231218230210.256000000,20231218160210.256000000,1702940530256,1.464330E+4,6.360970E-18,3.098850E-16,8.254491E-8,2.200754E+0," IDEX "," 2023_12_18_run3 "," 10-90 km/s. Al 5-1. IDEX FM Detector 2500. Position 5. HG CSAs ",4," Aluminum "
8554749,20231218230210.623999999,20231218160210.623999999,1702940530624,2.218410E+4,2.679585E-18,2.996060E-16,6.187830E-8,2.200754E+0," IDEX "," 2023_12_18_run3 "," 10-90 km/s. Al 5-1. IDEX FM Detector 2500. Position 5. HG CSAs ",3," Aluminum "
8554750,20231218230211.114999999,20231218160211.114999999,1702940531115,2.882730E+4,1.527116E-18,2.883230E-16,5.130266E-8,2.200754E+0," IDEX "," 2023_12_18_run3 "," 10-90 km/s. Al 5-1. IDEX FM Detector 2500. Position 5. HG CSAs ",4," Aluminum "
8554751,20231218230213.092999999,20231218160213.092999999,1702940533093,1.251550E+4,5.785229E-18,2.058810E-16,7.997534E-8,2.200754E+0," IDEX "," 2023_12_18_run3 "," 10-90 km/s. Al 5-1. IDEX FM Detector 2500. Position 5. HG CSAs ",5," Aluminum "
8554757,20231218230225.401000000,20231218160225.401000000,1702940545401,1.791950E+4,3.928037E-18,2.868880E-16,7.029229E-8,2.198294E+0," IDEX "," 2023_12_18_run3 "," 10-90 km/s. Al 5-1. IDEX FM Detector 2500. Position 5. HG CSAs ",5," Aluminum "
8554761,20231218230240.339000000,20231218160240.339000000,1702940560339,1.154410E+4,1.535607E-17,4.646830E-16,1.107327E-7,2.201984E+0," IDEX "," 2023_12_18_run3 "," 10-90 km/s. Al 5-1. IDEX FM Detector 2500. Position 5. HG CSAs ",5," Aluminum "
8554762,20231218230240.810000000,20231218160240.810000000,1702940560810,2.519330E+4,3.685574E-18,5.311680E-16,6.881518E-8,2.201984E+0," IDEX "," 2023_12_18_run3 "," 10-90 km/s. Al 5-1. IDEX FM Detector 2500. Position 5. HG CSAs ",5," Aluminum "
8554763,20231218230241.404000000,20231218160241.404000000,1702940561404,1.250480E+4,1.419015E-17,5.038450E-16,1.078561E-7,2.201984E+0," IDEX "," 2023_12_18_run3 "," 10-90 km/s. Al 5-1. IDEX FM Detector 2500. Position 5. HG CSAs ",5," Aluminum "
8554764,20231218230241.518999999,20231218160241.518999999,1702940561519,2.394630E+4,2.489594E-18,3.241620E-16,6.037985E-8,2.201984E+0," IDEX "," 2023_12_18_run3 "," 10-90 km/s. Al 5-1. IDEX FM Detector 2500. Position 5. HG CSAs ",5," Aluminum "
8554766,20231218230242.260000000,20231218160242.260000000,1702940562260,1.368290E+4,4.700594E-18,1.999440E-16,7.462771E-8,2.200754E+0," IDEX "," 2023_12_18_run3 "," 10-90 km/s. Al 5-1. IDEX FM Detector 2500. Position 5. HG CSAs ",5," Aluminum "
8554767,20231218230242.830000000,20231218160242.830000000,1702940562830,2.481120E+4,1.791229E-18,2.505220E-16,5.410444E-8,2.200754E+0," IDEX "," 2023_12_18_run3 "," 10-90 km/s. Al 5-1. IDEX FM Detector 2500. Position 5. HG CSAs ",5," Aluminum "
8554768,20231218230243.027000000,20231218160243.027000000,1702940563027,1.026340E+4,1.766715E-17,4.228130E-16,1.160303E-7,2.200754E+0," IDEX "," 2023_12_18_run3 "," 10-90 km/s. Al 5-1. IDEX FM Detector 2500. Position 5. HG CSAs ",5," Aluminum "
8554769,20231218230243.087000000,20231218160243.087000000,1702940563087,1.906490E+4,3.118913E-18,2.575560E-16,6.509040E-8,2.200754E+0," IDEX "," 2023_12_18_run3 "," 10-90 km/s. Al 5-1. IDEX FM Detector 2500. Position 5. HG CSAs ",5," Aluminum "
8554771,20231218230244.347000000,20231218160244.347000000,1702940564347,1.345270E+4,5.502169E-18,2.262310E-16,7.864912E-8,2.200754E+0," IDEX "," 2023_12_18_run3 "," 10-90 km/s. Al 5-1. IDEX FM Detector 2500. Position 5. HG CSAs ",5," Aluminum "
8554772,20231218230244.470999999,20231218160244.470999999,1702940564471,1.413920E+4,6.498876E-18,2.956760E-16,8.313718E-8,2.197063E+0," IDEX "," 2023_12_18_run3 "," 10-90 km/s. Al 5-1. IDEX FM Detector 2500. Position 5. HG CSAs ",4," Aluminum "
8554774,20231218230300.564999999,20231218160300.564999999,1702940580565,1.493790E+4,2.312973E-17,1.173910E-15,1.269325E-7,2.198294E+0," IDEX "," 2023_12_18_run3 "," 10-90 km/s. Al 5-1. IDEX FM Detector 2500. Position 5. HG CSAs ",5," Aluminum "
8554775,20231218230301.521999999,20231218160301.521999999,1702940581522,2.319000E+4,3.675305E-18,4.495520E-16,6.875121E-8,2.198294E+0," IDEX "," 2023_12_18_run3 "," 10-90 km/s. Al 5-1. IDEX FM Detector 2500. Position 5. HG CSAs ",5," Aluminum "
8554776,20231218230301.787999999,20231218160301.787999999,1702940581788,1.460590E+4,8.021462E-18,3.892200E-16,8.917991E-8,2.198294E+0," IDEX "," 2023_12_18_run3 "," 10-90 km/s. Al 5-1. IDEX FM Detector 2500. Position 5. HG CSAs ",5," Aluminum "
8554777,20231218230305.344000000,20231218160305.344000000,1702940585344,1.066280E+4,3.098944E-17,8.013850E-16,1.399331E-7,2.198294E+0," IDEX "," 2023_12_18_run3 "," 10-90 km/s. Al 5-1. IDEX FM Detector 2500. Position 5. HG CSAs ",5," Aluminum "
8554778,20231218230305.606000000,20231218160305.606000000,1702940585606,2.342420E+4,2.222877E-18,2.774150E-16,5.814169E-8,2.198294E+0," IDEX "," 2023_12_18_run3 "," 10-90 km/s. Al 5-1. IDEX FM Detector 2500. Position 5. HG CSAs ",5," Aluminum "
8554780,20231218230307.831999999,20231218160307.831999999,1702940587832,1.689810E+4,1.773224E-17,1.151660E-15,1.161726E-7,2.198294E+0," IDEX "," 2023_12_18_run3 "," 10-90 km/s. Al 5-1. IDEX FM Detector 2500. Position 5. HG CSAs ",5," Aluminum "
8554781,20231218230314.089999999,20231218160314.089999999,1702940594090,2.722130E+4,1.415724E-18,2.386060E-16,5.002365E-8,2.198294E+0," IDEX "," 2023_12_18_run3 "," 10-90 km/s. Al 5-1. IDEX FM Detector 2500. Position 5. HG CSAs ",4," Aluminum "
8554782,20231218230320.858000000,20231218160320.858000000,1702940600858,3.439760E+4,1.809324E-18,4.869200E-16,5.428602E-8,2.198294E+0," IDEX "," 2023_12_18_run3 "," 10-90 km/s. Al 5-1. IDEX FM Detector 2500. Position 5. HG CSAs ",5," Aluminum "
8554784,20231218230326.535000000,20231218160326.535000000,1702940606535,1.836340E+4,1.593262E-17,1.222020E-15,1.121015E-7,2.198294E+0," IDEX "," 2023_12_18_run3 "," 10-90 km/s. Al 5-1. IDEX FM Detector 2500. Position 5. HG CSAs ",5," Aluminum "
8554786,20231218230335.768000000,20231218160335.768000000,1702940615768,1.405350E+4,2.136608E-16,9.597960E-15,2.663325E-7,2.198294E+0," IDEX "," 2023_12_18_run3 "," 10-90 km/s. Al 5-1. IDEX FM Detector 2500. Position 5. HG CSAs ",5," Aluminum "
8554788,20231218230346.606000000,20231218160346.606000000,1702940626606,1.355400E+4,9.930920E-18,4.147310E-16,9.575887E-8,2.199524E+0," IDEX "," 2023_12_18_run3 "," 10-90 km/s. Al 5-1. IDEX FM Detector 2500. Position 5. HG CSAs ",3," Aluminum "
8554789,20231218230351.638000000,20231218160351.638000000,1702940631638,1.035670E+4,1.624636E-17,3.961330E-16,1.128326E-7,2.199524E+0," IDEX "," 2023_12_18_run3 "," 10-90 km/s. Al 5-1. IDEX FM Detector 2500. Position 5. HG CSAs ",5," Aluminum "
8554790,20231218230352.736999999,20231218160352.736999999,1702940632737,1.178030E+4,9.325300E-18,2.941830E-16,9.377135E-8,2.199524E+0," IDEX "," 2023_12_18_run3 "," 10-90 km/s. Al 5-1. IDEX FM Detector 2500. Position 5. HG CSAs ",5," Aluminum "
8554792,20231218230508.604999999,20231218160508.604999999,1702940708605,1.325160E+4,9.516152E-18,3.800870E-16,9.440674E-8,2.198294E+0," IDEX "," 2023_12_18_run3 "," 10-90 km/s. Al 5-1. IDEX FM Detector 2500. Position 5. HG CSAs ",4," Aluminum "
8554795,20231218230517.364000000,20231218160517.364000000,1702940717364,1.939210E+4,3.913369E-18,3.347230E-16,7.020469E-8,2.198294E+0," IDEX "," 2023_12_18_run3 "," 10-90 km/s. Al 5-1. IDEX FM Detector 2500. Position 5. HG CSAs ",5," Aluminum "
8554798,20231218230519.925999999,20231218160519.925999999,1702940719926,1.044280E+4,1.707337E-17,4.234850E-16,1.147155E-7,2.198294E+0," IDEX "," 2023_12_18_run3 "," 10-90 km/s. Al 5-1. IDEX FM Detector 2500. Position 5. HG CSAs ",5," Aluminum "
8554799,20231218230522.006999999,20231218160522.006999999,1702940722007,1.235000E+4,1.616262E-17,5.607000E-16,1.126384E-7,2.198294E+0," IDEX "," 2023_12_18_run3 "," 10-90 km/s. Al 5-1. IDEX FM Detector 2500. Position 5. HG CSAs ",5," Aluminum "
8554800,20231218230525.058999999,20231218160525.058999999,1702940725059,1.764920E+4,1.978517E-17,1.400980E-15,1.204932E-7,2.199524E+0," IDEX "," 2023_12_18_run3 "," 10-90 km/s. Al 5-1. IDEX FM Detector 2500. Position 5. HG CSAs ",5," Aluminum "
8554801,20231218230539.469999999,20231218160539.469999999,1702940739470,1.538910E+4,1.531657E-17,8.245750E-16,1.106377E-7,2.199524E+0," IDEX "," 2023_12_18_run3 "," 10-90 km/s. Al 5-1. IDEX FM Detector 2500. Position 5. HG CSAs ",5," Aluminum "
8554805,20231218230636.398999999,20231218160636.398999999,1702940796399,1.153870E+4,8.955092E-18,2.711870E-16,9.251367E-8,2.198294E+0," IDEX "," 2023_12_18_run3 "," 10-90 km/s. Al 5-1. IDEX FM Detector 2500. Position 5. HG CSAs ",5," Aluminum "
8554806,20231218230645.793999999,20231218160645.793999999,1702940805794,1.528120E+4,4.564203E-18,2.424180E-16,7.389882E-8,2.198294E+0," IDEX "," 2023_12_18_run3 "," 10-90 km/s. Al 5-1. IDEX FM Detector 2500. Position 5. HG CSAs ",4," Aluminum "
8554807,20231218230647.628000000,20231218160647.628000000,1702940807628,2.571750E+4,3.739936E-18,5.626090E-16,6.915187E-8,2.198294E+0," IDEX "," 2023_12_18_run3 "," 10-90 km/s. Al 5-1. IDEX FM Detector 2500. Position 5. HG CSAs ",5," Aluminum "
8554810,20231218230730.839000000,20231218160730.839000000,1702940850839,1.729540E+4,3.300328E-18,2.245450E-16,6.632872E-8,2.198294E+0," IDEX "," 2023_12_18_run3 "," 10-90 km/s. Al 5-1. IDEX FM Detector 2500. Position 5. HG CSAs ",3," Aluminum "
8554812,20231218230737.074999999,20231218160737.074999999,1702940857075,1.536510E+4,4.683477E-18,2.514920E-16,7.453701E-8,2.198294E+0," IDEX "," 2023_12_18_run3 "," 10-90 km/s. Al 5-1. IDEX FM Detector 2500. Position 5. HG CSAs ",4," Aluminum "
8554813,20231218230737.658999999,20231218160737.658999999,1702940857659,1.008980E+4,2.035981E-17,4.717010E-16,1.216486E-7,2.197063E+0," IDEX "," 2023_12_18_run3 "," 10-90 km/s. Al 5-1. IDEX FM Detector 2500. Position 5. HG CSAs ",4," Aluminum "
8554817,20231218230753.765000000,20231218160753.765000000,1702940873765,1.305410E+4,1.331345E-17,5.157350E-16,1.055876E-7,2.199524E+0," IDEX "," 2023_12_18_run3 "," 10-90 km/s. Al 5-1. IDEX FM Detector 2500. Position 5. HG CSAs ",5," Aluminum "
8554818,20231218230754.783999999,20231218160754.783999999,1702940874784,1.389260E+4,5.379876E-18,2.363020E-16,7.806205E-8,2.197063E+0," IDEX "," 2023_12_18_run3 "," 10-90 km/s. Al 5-1. IDEX FM Detector 2500. Position 5. HG CSAs ",5," Aluminum "
8554821,20231218230800.165999999,20231218160800.165999999,1702940880166,1.181740E+4,1.030124E-16,3.273870E-15,2.088394E-7,2.197063E+0," IDEX "," 2023_12_18_run3 "," 10-90 km/s. Al 5-1. IDEX FM Detector 2500. Position 5. HG CSAs ",5," Aluminum "
8554822,20231218230801.984999999,20231218160801.984999999,1702940881985,1.285330E+4,1.258788E-17,4.732710E-16,1.036335E-7,2.197063E+0," IDEX "," 2023_12_18_run3 "," 10-90 km/s. Al 5-1. IDEX FM Detector 2500. Position 5. HG CSAs ",5," Aluminum "
8554823,20231218230807.484999999,20231218160807.484999999,1702940887485,1.601740E+4,4.391882E-18,2.562830E-16,7.295686E-8,2.198294E+0," IDEX "," 2023_12_18_run3 "," 10-90 km/s. Al 5-1. IDEX FM Detector 2500. Position 5. HG CSAs ",4," Aluminum "
8554824,20231218230840.023000000,20231218160840.023000000,1702940920023,1.250480E+4,1.026578E-17,3.653200E-16,9.682329E-8,2.197063E+0," IDEX "," 2023_12_18_run3 "," 10-90 km/s. Al 5-1. IDEX FM Detector 2500. Position 5. HG CSAs ",4," Aluminum "
8554825,20231218230840.668000000,20231218160840.668000000,1702940920668,2.303420E+4,1.998345E-18,2.412930E-16,5.611419E-8,2.197063E+0," IDEX "," 2023_12_18_run3 "," 10-90 km/s. Al 5-1. IDEX FM Detector 2500. Position 5. HG CSAs ",5," Aluminum "
8554831,20231218230843.589000000,20231218160843.589000000,1702940923589,1.746080E+4,1.131983E-17,7.849700E-16,1.000297E-7,2.198294E+0," IDEX "," 2023_12_18_run3 "," 10-90 km/s. Al 5-1. IDEX FM Detector 2500. Position 5. HG CSAs ",5," Aluminum "
8554835,20231218230944.322999999,20231218160944.322999999,1702940984323,1.659440E+4,3.720888E-18,2.330530E-16,6.903426E-8,2.198294E+0," IDEX "," 2023_12_18_run3 "," 10-90 km/s. Al 5-1. IDEX FM Detector 2500. Position 5. HG CSAs ",5," Aluminum "
8554837,20231218230945.098999999,20231218160945.098999999,1702940985099,4.382080E+4,1.959437E-18,8.558090E-16,5.574761E-8,2.198294E+0," IDEX "," 2023_12_18_run3 "," 10-90 km/s. Al 5-1. IDEX FM Detector 2500. Position 5. HG CSAs ",5," Aluminum "
8554838,20231218230945.216000000,20231218160945.216000000,1702940985216,1.989300E+4,5.424484E-18,4.882520E-16,7.827721E-8,2.198294E+0," IDEX "," 2023_12_18_run3 "," 10-90 km/s. Al 5-1. IDEX FM Detector 2500. Position 5. HG CSAs ",4," Aluminum "
8554839,20231218230946.625000000,20231218160946.625000000,1702940986625,1.694460E+4,5.420152E-18,3.539640E-16,7.825637E-8,2.198294E+0," IDEX "," 2023_12_18_run3 "," 10-90 km/s. Al 5-1. IDEX FM Detector 2500. Position 5. HG CSAs ",5," Aluminum "
8554840,20231218231019.285999999,20231218161019.285999999,1702941019286,3.619760E+4,1.607717E-18,4.788630E-16,5.218981E-8,2.199524E+0," IDEX "," 2023_12_18_run3 "," 10-90 km/s. Al 5-1. IDEX FM Detector 2500. Position 5. HG CSAs ",5," Aluminum "
8554841,20231218231105.870000000,20231218161105.870000000,1702941065870,6.846670E+4,2.889166E-19,3.082190E-16,2.945145E-8,2.197063E+0," IDEX "," 2023_12_18_run3 "," 10-90 km/s. Al 5-1. IDEX FM Detector 2500. Position 5. HG CSAs ",3," Aluminum "
8554842,20231218231106.182999999,20231218161106.182999999,1702941066183,1.548890E+4,5.257627E-18,2.870510E-16,7.746624E-8,2.197063E+0," IDEX "," 2023_12_18_run3 "," 10-90 km/s. Al 5-1. IDEX FM Detector 2500. Position 5. HG CSAs ",5," Aluminum "
8554843,20231218231111.899999999,20231218161111.899999999,1702941071900,1.494130E+4,1.001298E-17,5.084230E-16,9.602191E-8,2.198294E+0," IDEX "," 2023_12_18_run3 "," 10-90 km/s. Al 5-1. IDEX FM Detector 2500. Position 5. HG CSAs ",3," Aluminum "
8554844,20231218231112.464999999,20231218161112.464999999,1702941072465,2.530320E+4,3.926613E-18,5.718130E-16,7.028380E-8,2.198294E+0," IDEX "," 2023_12_18_run3 "," 10-90 km/s. Al 5-1. IDEX FM Detector 2500. Position 5. HG CSAs ",5," Aluminum "
8554845,20231218231129.706000000,20231218161129.706000000,1702941089706,1.113280E+4,1.119013E-17,3.154490E-16,9.964626E-8,2.198294E+0," IDEX "," 2023_12_18_run3 "," 10-90 km/s. Al 5-1. IDEX FM Detector 2500. Position 5. HG CSAs ",5," Aluminum "
8554846,20231218231129.833000000,20231218161129.833000000,1702941089833,1.330750E+4,1.026246E-17,4.133610E-16,9.681286E-8,2.198294E+0," IDEX "," 2023_12_18_run3 "," 10-90 km/s. Al 5-1. IDEX FM Detector 2500. Position 5. HG CSAs ",5," Aluminum "
8554847,20231218231134.662999999,20231218161134.662999999,1702941094663,1.239940E+4,1.146041E-17,4.003140E-16,1.004421E-7,2.200754E+0," IDEX "," 2023_12_18_run3 "," 10-90 km/s. Al 5-1. IDEX FM Detector 2500. Position 5. HG CSAs ",5," Aluminum "
8554849,20231218231249.263000000,20231218161249.263000000,1702941169263,1.862720E+4,4.426710E-18,3.491550E-16,7.314920E-8,2.199524E+0," IDEX "," 2023_12_18_run3 "," 10-90 km/s. Al 5-1. IDEX FM Detector 2500. Position 5. HG CSAs ",5," Aluminum "
8554850,20231218231251.851000000,20231218161251.851000000,1702941171851,1.599660E+4,5.358469E-18,3.117010E-16,7.795838E-8,2.199524E+0," IDEX "," 2023_12_18_run3 "," 10-90 km/s. Al 5-1. IDEX FM Detector 2500. Position 5. HG CSAs ",5," Aluminum "
8554855,20231218231329.780000000,20231218161329.780000000,1702941209780,3.841580E+4,1.962945E-18,6.592590E-16,5.578087E-8,2.197063E+0," IDEX "," 2023_12_18_run3 "," 10-90 km/s. Al 5-1. IDEX FM Detector 2500. Position 5. HG CSAs ",5," Aluminum "
8554856,20231218231330.546000000,20231218161330.546000000,1702941210546,1.080980E+4,1.692458E-17,4.495680E-16,1.143813E-7,2.199524E+0," IDEX "," 2023_12_18_run3 "," 10-90 km/s. Al 5-1. IDEX FM Detector 2500. Position 5. HG CSAs ",5," Aluminum "
8554857,20231218231331.199000000,20231218161331.199000000,1702941211199,1.472150E+4,3.716386E-18,1.830910E-16,6.900641E-8,2.199524E+0," IDEX "," 2023_12_18_run3 "," 10-90 km/s. Al 5-1. IDEX FM Detector 2500. Position 5. HG CSAs ",5," Aluminum "
8554858,20231218231331.979000000,20231218161331.979000000,1702941211979,1.937690E+4,1.410393E-17,1.203790E-15,1.076372E-7,2.199524E+0," IDEX "," 2023_12_18_run3 "," 10-90 km/s. Al 5-1. IDEX FM Detector 2500. Position 5. HG CSAs ",5," Aluminum "
8554861,20231218231526.371000000,20231218161526.371000000,1702941326371,1.538850E+4,6.889155E-18,3.708520E-16,8.476916E-8,2.199524E+0," IDEX "," 2023_12_18_run3 "," 10-90 km/s. Al 5-1. IDEX FM Detector 2500. Position 5. HG CSAs ",3," Aluminum "
8554862,20231218231526.668000000,20231218161526.668000000,1702941326668,1.552420E+4,5.625076E-18,3.081690E-16,7.923043E-8,2.199524E+0," IDEX "," 2023_12_18_run3 "," 10-90 km/s. Al 5-1. IDEX FM Detector 2500. Position 5. HG CSAs ",5," Aluminum "
8554863,20231218231527.680999999,20231218161527.680999999,1702941327681,2.237290E+4,5.112904E-18,5.817740E-16,7.674883E-8,2.199524E+0," IDEX "," 2023_12_18_run3 "," 10-90 km/s. Al 5-1. IDEX FM Detector 2500. Position 5. HG CSAs ",5," Aluminum "
8554865,20231218231534.206000000,20231218161534.206000000,1702941334206,2.048100E+4,6.278976E-18,5.987330E-16,8.218871E-8,2.199524E+0," IDEX "," 2023_12_18_run3 "," 10-90 km/s. Al 5-1. IDEX FM Detector 2500. Position 5. HG CSAs ",5," Aluminum "
8554866,20231218231549.817000000,20231218161549.817000000,1702941349817,1.728020E+4,1.388846E-17,9.437990E-16,1.070863E-7,2.197063E+0," IDEX "," 2023_12_18_run3 "," 10-90 km/s. Al 5-1. IDEX FM Detector 2500. Position 5. HG CSAs ",5," Aluminum "
8554868,20231218231622.015000000,20231218161622.015000000,1702941382015,3.628750E+4,6.150118E-19,1.841970E-16,3.788585E-8,2.198294E+0," IDEX "," 2023_12_18_run3 "," 10-90 km/s. Al 5-1. IDEX FM Detector 2500. Position 5. HG CSAs ",3," Aluminum "
8554869,20231218231623.887000000,20231218161623.887000000,1702941383887,1.748170E+4,4.780250E-18,3.322790E-16,7.504690E-8,2.198294E+0," IDEX "," 2023_12_18_run3 "," 10-90 km/s. Al 5-1. IDEX FM Detector 2500. Position 5. HG CSAs ",5," Aluminum "
8554870,20231218231624.219000000,20231218161624.219000000,1702941384219,1.196370E+4,8.526894E-17,2.775920E-15,1.960858E-7,2.198294E+0," IDEX "," 2023_12_18_run3 "," 10-90 km/s. Al 5-1. IDEX FM Detector 2500. Position 5. HG CSAs ",5," Aluminum "
8554871,20231218231638.379999999,20231218161638.379999999,1702941398380,1.407760E+4,3.889793E-18,1.752370E-16,7.006342E-8,2.199524E+0," IDEX "," 2023_12_18_run3 "," 10-90 km/s. Al 5-1. IDEX FM Detector 2500. Position 5. HG CSAs ",5," Aluminum "
8554873,20231218231655.535999999,20231218161655.535999999,1702941415536,1.336200E+4,8.789735E-18,3.569470E-16,9.194070E-8,2.198294E+0," IDEX "," 2023_12_18_run3 "," 10-90 km/s. Al 5-1. IDEX FM Detector 2500. Position 5. HG CSAs ",5," Aluminum "
8554878,20231218231715.163999999,20231218161715.163999999,1702941435164,1.581120E+4,6.744645E-18,3.832930E-16,8.417224E-8,2.199524E+0," IDEX "," 2023_12_18_run3 "," 10-90 km/s. Al 5-1. IDEX FM Detector 2500. Position 5. HG CSAs ",5," Aluminum "
8554879,20231218231736.077999999,20231218161736.077999999,1702941456078,2.338260E+4,5.701101E-18,7.081800E-16,7.958577E-8,2.200754E+0," IDEX "," 2023_12_18_run3 "," 10-90 km/s. Al 5-1. IDEX FM Detector 2500. Position 5. HG CSAs ",5," Aluminum "
8554883,20231218231837.006999999,20231218161837.006999999,1702941517007,2.338670E+4,2.460669E-18,3.061090E-16,6.014510E-8,2.198294E+0," IDEX "," 2023_12_18_run3 "," 10-90 km/s. Al 5-1. IDEX FM Detector 2500. Position 5. HG CSAs ",5," Aluminum "
8554886,20231218231949.439000000,20231218161949.439000000,1702941589439,1.892310E+4,2.778406E-18,2.262900E-16,6.262982E-8,2.198294E+0," IDEX "," 2023_12_18_run3 "," 10-90 km/s. Al 5-1. IDEX FM Detector 2500. Position 5. HG CSAs ",4," Aluminum "
8554887,20231218232104.594000000,20231218162104.594000000,1702941664594,1.448510E+4,5.047964E-18,2.410390E-16,7.642251E-8,2.197063E+0," IDEX "," 2023_12_18_run3 "," 10-90 km/s. Al 5-1. IDEX FM Detector 2500. Position 5. HG CSAs ",5," Aluminum "
8554888,20231218232115.080000000,20231218162115.080000000,1702941675080,1.654220E+4,6.692159E-18,4.167550E-16,8.395333E-8,2.197063E+0," IDEX "," 2023_12_18_run3 "," 10-90 km/s. Al 5-1. IDEX FM Detector 2500. Position 5. HG CSAs ",3," Aluminum "
8554890,20231218232141.353000000,20231218162141.353000000,1702941701353,1.887690E+4,1.456062E-17,1.179460E-15,1.087867E-7,2.199524E+0," IDEX "," 2023_12_18_run3 "," 10-90 km/s. Al 5-1. IDEX FM Detector 2500. Position 5. HG CSAs ",5," Aluminum "
8554891,20231218232141.765000000,20231218162141.765000000,1702941701765,1.814210E+4,6.236789E-18,4.666360E-16,8.200423E-8,2.199524E+0," IDEX "," 2023_12_18_run3 "," 10-90 km/s. Al 5-1. IDEX FM Detector 2500. Position 5. HG CSAs ",5," Aluminum "
8554892,20231218232144.847000000,20231218162144.847000000,1702941704847,1.488430E+4,5.288819E-18,2.663530E-16,7.761913E-8,2.199524E+0," IDEX "," 2023_12_18_run3 "," 10-90 km/s. Al 5-1. IDEX FM Detector 2500. Position 5. HG CSAs ",5," Aluminum "
8554895,20231218232229.453999999,20231218162229.453999999,1702941749454,1.857890E+4,3.531547E-18,2.774170E-16,6.784287E-8,2.197063E+0," IDEX "," 2023_12_18_run3 "," 10-90 km/s. Al 5-1. IDEX FM Detector 2500. Position 5. HG CSAs ",4," Aluminum "
8554896,20231218232235.751000000,20231218162235.751000000,1702941755751,1.209990E+4,8.525081E-18,2.840470E-16,9.100852E-8,2.197063E+0," IDEX "," 2023_12_18_run3 "," 10-90 km/s. Al 5-1. IDEX FM Detector 2500. Position 5. HG CSAs ",5," Aluminum "
8554897,20231218232243.733000000,20231218162243.733000000,1702941763733,2.526430E+4,2.835486E-18,4.116490E-16,6.305580E-8,2.198294E+0," IDEX "," 2023_12_18_run3 "," 10-90 km/s. Al 5-1. IDEX FM Detector 2500. Position 5. HG CSAs ",5," Aluminum "
8554898,20231218232246.733000000,20231218162246.733000000,1702941766733,1.113810E+4,4.508171E-17,1.272060E-15,1.585560E-7,2.198294E+0," IDEX "," 2023_12_18_run3 "," 10-90 km/s. Al 5-1. IDEX FM Detector 2500. Position 5. HG CSAs ",5," Aluminum "
8554899,20231218232252.662000000,20231218162252.662000000,1702941772662,1.129510E+4,1.070007E-17,3.104930E-16,9.816984E-8,2.198294E+0," IDEX "," 2023_12_18_run3 "," 10-90 km/s. Al 5-1. IDEX FM Detector 2500. Position 5. HG CSAs ",5," Aluminum "
8554900,20231218232301.118000000,20231218162301.118000000,1702941781118,1.916030E+4,5.099647E-18,4.260620E-16,7.668243E-8,2.197063E+0," IDEX "," 2023_12_18_run3 "," 10-90 km/s. Al 5-1. IDEX FM Detector 2500. Position 5. HG CSAs ",5," Aluminum "
8554901,20231218232308.729999999,20231218162308.729999999,1702941788730,4.312590E+4,2.198450E-18,9.299890E-16,5.792793E-8,2.198294E+0," IDEX "," 2023_12_18_run3 "," 10-90 km/s. Al 5-1. IDEX FM Detector 2500. Position 5. HG CSAs ",5," Aluminum "
8554905,20231218232328.177000000,20231218162328.177000000,1702941808177,2.012150E+4,3.208976E-18,2.955100E-16,6.571099E-8,2.198294E+0," IDEX "," 2023_12_18_run3 "," 10-90 km/s. Al 5-1. IDEX FM Detector 2500. Position 5. HG CSAs ",3," Aluminum "
8554906,20231218232345.785999999,20231218162345.785999999,1702941825786,2.524170E+4,2.744153E-18,3.976770E-16,6.237137E-8,2.198294E+0," IDEX "," 2023_12_18_run3 "," 10-90 km/s. Al 5-1. IDEX FM Detector 2500. Position 5. HG CSAs ",5," Aluminum "
8554908,20231218232401.546000000,20231218162401.546000000,1702941841546,1.252980E+4,9.181825E-18,3.280540E-16,9.328794E-8,2.197063E+0," IDEX "," 2023_12_18_run3 "," 10-90 km/s. Al 5-1. IDEX FM Detector 2500. Position 5. HG CSAs ",5," Aluminum "
8554910,20231218232409.621999999,20231218162409.621999999,1702941849622,2.153000E+4,4.224998E-18,4.457000E-16,7.202082E-8,2.197063E+0," IDEX "," 2023_12_18_run3 "," 10-90 km/s. Al 5-1. IDEX FM Detector 2500. Position 5. HG CSAs ",3," Aluminum "
8554915,20231218232523.086000000,20231218162523.086000000,1702941923086,1.574740E+4,2.937340E-17,1.656750E-15,1.374571E-7,2.198294E+0," IDEX "," 2023_12_18_run3 "," 10-90 km/s. Al 5-1. IDEX FM Detector 2500. Position 5. HG CSAs ",5," Aluminum "
8554916,20231218232542.864000000,20231218162542.864000000,1702941942864,1.779410E+4,3.864014E-18,2.782760E-16,6.990830E-8,2.198294E+0," IDEX "," 2023_12_18_run3 "," 10-90 km/s. Al 5-1. IDEX FM Detector 2500. Position 5. HG CSAs ",4," Aluminum "
8554917,20231218232546.350000000,20231218162546.350000000,1702941946350,1.921350E+4,3.692029E-18,3.100010E-16,6.885533E-8,2.198294E+0," IDEX "," 2023_12_18_run3 "," 10-90 km/s. Al 5-1. IDEX FM Detector 2500. Position 5. HG CSAs ",5," Aluminum "
8554920,20231218232548.518999999,20231218162548.518999999,1702941948519,2.365610E+4,2.396812E-18,3.050740E-16,5.962026E-8,2.198294E+0," IDEX "," 2023_12_18_run3 "," 10-90 km/s. Al 5-1. IDEX FM Detector 2500. Position 5. HG CSAs ",5," Aluminum "
8554921,20231218232555.189999999,20231218162555.189999999,1702941955190,1.478050E+4,8.024053E-18,3.984870E-16,8.918951E-8,2.199524E+0," IDEX "," 2023_12_18_run3 "," 10-90 km/s. Al 5-1. IDEX FM Detector 2500. Position 5. HG CSAs ",5," Aluminum "
8554925,20231218233723.378999999,20231218163723.378999999,1702942643379,3.070390E+4,1.018526E-18,2.185180E-16,4.482358E-8,2.197063E+0," IDEX "," 2023_12_18_run4 "," 10-90 km/s. Al 5-1. IDEX FM Detector 2500. Position 5. HG CSAs ",3," Aluminum "
8554927,20231218233728.370000000,20231218163728.370000000,1702942648370,3.255180E+4,4.994453E-18,1.203040E-15,7.615151E-8,2.199524E+0," IDEX "," 2023_12_18_run4 "," 10-90 km/s. Al 5-1. IDEX FM Detector 2500. Position 5. HG CSAs ",5," Aluminum "
8554929,20231218233729.745000000,20231218163729.745000000,1702942649745,1.897040E+4,3.491792E-18,2.856560E-16,6.758734E-8,2.199524E+0," IDEX "," 2023_12_18_run4 "," 10-90 km/s. Al 5-1. IDEX FM Detector 2500. Position 5. HG CSAs ",5," Aluminum "
8554930,20231218233734.706999999,20231218163734.706999999,1702942654707,1.338150E+4,2.374765E-17,9.666570E-16,1.280529E-7,2.199524E+0," IDEX "," 2023_12_18_run4 "," 10-90 km/s. Al 5-1. IDEX FM Detector 2500. Position 5. HG CSAs ",5," Aluminum "
8554933,20231218233757.391999999,20231218163757.391999999,1702942677392,2.211320E+4,1.925432E-18,2.143890E-16,5.542324E-8,2.195833E+0," IDEX "," 2023_12_18_run4 "," 10-90 km/s. Al 5-1. IDEX FM Detector 2500. Position 5. HG CSAs ",4," Aluminum "
8554935,20231218233823.282000000,20231218163823.282000000,1702942703282,1.936260E+4,3.467486E-17,2.958490E-15,1.452738E-7,2.197063E+0," IDEX "," 2023_12_18_run4 "," 10-90 km/s. Al 5-1. IDEX FM Detector 2500. Position 5. HG CSAs ",5," Aluminum "
8554937,20231218233825.361000000,20231218163825.361000000,1702942705361,1.589730E+4,9.164732E-18,5.268070E-16,9.323002E-8,2.198294E+0," IDEX "," 2023_12_18_run4 "," 10-90 km/s. Al 5-1. IDEX FM Detector 2500. Position 5. HG CSAs ",5," Aluminum "
8554938,20231218233839.959999999,20231218163839.959999999,1702942719960,1.717260E+4,5.219644E-18,3.499090E-16,7.727924E-8,2.199524E+0," IDEX "," 2023_12_18_run4 "," 10-90 km/s. Al 5-1. IDEX FM Detector 2500. Position 5. HG CSAs ",5," Aluminum "
8554939,20231218233857.265000000,20231218163857.265000000,1702942737265,1.129900E+4,1.436596E-17,4.171570E-16,1.082997E-7,2.198294E+0," IDEX "," 2023_12_18_run4 "," 10-90 km/s. Al 5-1. IDEX FM Detector 2500. Position 5. HG CSAs ",5," Aluminum "
8554940,20231218233859.253000000,20231218163859.253000000,1702942739253,2.566890E+4,2.034731E-18,3.047640E-16,5.645272E-8,2.199524E+0," IDEX "," 2023_12_18_run4 "," 10-90 km/s. Al 5-1. IDEX FM Detector 2500. Position 5. HG CSAs ",5," Aluminum "
8554941,20231218233901.307000000,20231218163901.307000000,1702942741307,1.322490E+4,8.998115E-18,3.577490E-16,9.266158E-8,2.199524E+0," IDEX "," 2023_12_18_run4 "," 10-90 km/s. Al 5-1. IDEX FM Detector 2500. Position 5. HG CSAs ",5," Aluminum "
8554943,20231218233922.160999999,20231218163922.160999999,1702942762161,4.808540E+4,1.013490E-18,5.333030E-16,4.474959E-8,2.197063E+0," IDEX "," 2023_12_18_run4 "," 10-90 km/s. Al 5-1. IDEX FM Detector 2500. Position 5. HG CSAs ",5," Aluminum "
8554944,20231218233923.445999999,20231218163923.445999999,1702942763446,1.930380E+4,1.028114E-17,8.713890E-16,9.687157E-8,2.198294E+0," IDEX "," 2023_12_18_run4 "," 10-90 km/s. Al 5-1. IDEX FM Detector 2500. Position 5. HG CSAs ",3," Aluminum "
8554945,20231218233925.137000000,20231218163925.137000000,1702942765137,1.339830E+4,9.478338E-18,3.870050E-16,9.428152E-8,2.198294E+0," IDEX "," 2023_12_18_run4 "," 10-90 km/s. Al 5-1. IDEX FM Detector 2500. Position 5. HG CSAs ",5," Aluminum "
8554948,20231218233942.595999999,20231218163942.595999999,1702942782596,1.384580E+4,7.973112E-18,3.474610E-16,8.900037E-8,2.199524E+0," IDEX "," 2023_12_18_run4 "," 10-90 km/s. Al 5-1. IDEX FM Detector 2500. Position 5. HG CSAs ",3," Aluminum "
8554949,20231218233944.077999999,20231218163944.077999999,1702942784078,1.783030E+4,3.145691E-18,2.274670E-16,6.527615E-8,2.198294E+0," IDEX "," 2023_12_18_run4 "," 10-90 km/s. Al 5-1. IDEX FM Detector 2500. Position 5. HG CSAs ",4," Aluminum "
8554951,20231218233944.927000000,20231218163944.927000000,1702942784927,1.603040E+4,9.504102E-18,5.555010E-16,9.436688E-8,2.198294E+0," IDEX "," 2023_12_18_run4 "," 10-90 km/s. Al 5-1. IDEX FM Detector 2500. Position 5. HG CSAs ",5," Aluminum "
8554955,20231218234114.479999999,20231218164114.479999999,1702942874480,1.544820E+4,1.663122E-17,9.022400E-16,1.137166E-7,2.199524E+0," IDEX "," 2023_12_18_run4 "," 10-90 km/s. Al 5-1. IDEX FM Detector 2500. Position 5. HG CSAs ",5," Aluminum "
8554956,20231218234120.183999999,20231218164120.183999999,1702942880184,1.586270E+4,2.813862E-18,1.609530E-16,6.289510E-8,2.199524E+0," IDEX "," 2023_12_18_run4 "," 10-90 km/s. Al 5-1. IDEX FM Detector 2500. Position 5. HG CSAs ",5," Aluminum "
8554958,20231218234126.788999999,20231218164126.788999999,1702942886789,4.203620E+4,1.454909E-18,5.850740E-16,5.048098E-8,2.197063E+0," IDEX "," 2023_12_18_run4 "," 10-90 km/s. Al 5-1. IDEX FM Detector 2500. Position 5. HG CSAs ",5," Aluminum "
8554959,20231218234129.780000000,20231218164129.780000000,1702942889780,1.062290E+4,4.065178E-17,1.043400E-15,1.531825E-7,2.198294E+0," IDEX "," 2023_12_18_run4 "," 10-90 km/s. Al 5-1. IDEX FM Detector 2500. Position 5. HG CSAs ",5," Aluminum "
8554961,20231218234154.344999999,20231218164154.344999999,1702942914345,1.267680E+4,1.285326E-17,4.698050E-16,1.043567E-7,2.198294E+0," IDEX "," 2023_12_18_run4 "," 10-90 km/s. Al 5-1. IDEX FM Detector 2500. Position 5. HG CSAs ",5," Aluminum "
8554963,20231218234206.239000000,20231218164206.239000000,1702942926239,1.392700E+4,7.095248E-18,3.126670E-16,8.560617E-8,2.200754E+0," IDEX "," 2023_12_18_run4 "," 10-90 km/s. Al 5-1. IDEX FM Detector 2500. Position 5. HG CSAs ",5," Aluminum "
8554965,20231218234212.632999999,20231218164212.632999999,1702942932633,1.767690E+4,3.203698E-18,2.278200E-16,6.567495E-8,2.197063E+0," IDEX "," 2023_12_18_run4 "," 10-90 km/s. Al 5-1. IDEX FM Detector 2500. Position 5. HG CSAs ",5," Aluminum "
8554966,20231218234213.256999999,20231218164213.256999999,1702942933257,1.282940E+4,1.066054E-17,3.993190E-16,9.804879E-8,2.197063E+0," IDEX "," 2023_12_18_run4 "," 10-90 km/s. Al 5-1. IDEX FM Detector 2500. Position 5. HG CSAs ",4," Aluminum "
8554967,20231218234220.864999999,20231218164220.864999999,1702942940865,3.404710E+4,1.060263E-18,2.797060E-16,4.542766E-8,2.197063E+0," IDEX "," 2023_12_18_run4 "," 10-90 km/s. Al 5-1. IDEX FM Detector 2500. Position 5. HG CSAs ",4," Aluminum "
8554969,20231218234229.841000000,20231218164229.841000000,1702942949841,2.328590E+4,5.356795E-18,6.610270E-16,7.795025E-8,2.197063E+0," IDEX "," 2023_12_18_run4 "," 10-90 km/s. Al 5-1. IDEX FM Detector 2500. Position 5. HG CSAs ",5," Aluminum "
8554972,20231218234246.515000000,20231218164246.515000000,1702942966515,1.776530E+4,6.741839E-18,4.839590E-16,8.416057E-8,2.198294E+0," IDEX "," 2023_12_18_run4 "," 10-90 km/s. Al 5-1. IDEX FM Detector 2500. Position 5. HG CSAs ",5," Aluminum "
8554973,20231218234250.456999999,20231218164250.456999999,1702942970457,1.373530E+4,8.075292E-18,3.465130E-16,8.937896E-8,2.198294E+0," IDEX "," 2023_12_18_run4 "," 10-90 km/s. Al 5-1. IDEX FM Detector 2500. Position 5. HG CSAs ",5," Aluminum "
8554975,20231218234256.179000000,20231218164256.179000000,1702942976179,1.261560E+4,7.615265E-18,2.758220E-16,8.764844E-8,2.197063E+0," IDEX "," 2023_12_18_run4 "," 10-90 km/s. Al 5-1. IDEX FM Detector 2500. Position 5. HG CSAs ",3," Aluminum "
8554976,20231218234301.140999999,20231218164301.140999999,1702942981141,2.968010E+4,1.730988E-18,3.472130E-16,5.349098E-8,2.195833E+0," IDEX "," 2023_12_18_run4 "," 10-90 km/s. Al 5-1. IDEX FM Detector 2500. Position 5. HG CSAs ",3," Aluminum "
8554977,20231218234310.736999999,20231218164310.736999999,1702942990737,2.440880E+4,2.814571E-18,3.811950E-16,6.290038E-8,2.199524E+0," IDEX "," 2023_12_18_run4 "," 10-90 km/s. Al 5-1. IDEX FM Detector 2500. Position 5. HG CSAs ",5," Aluminum "
8554979,20231218234321.884000000,20231218164321.884000000,1702943001884,1.704640E+4,1.011915E-17,6.687970E-16,9.636008E-8,2.198294E+0," IDEX "," 2023_12_18_run4 "," 10-90 km/s. Al 5-1. IDEX FM Detector 2500. Position 5. HG CSAs ",5," Aluminum "
8554982,20231218234329.376000000,20231218164329.376000000,1702943009376,1.234580E+4,1.119602E-16,3.881390E-15,2.147190E-7,2.198294E+0," IDEX "," 2023_12_18_run4 "," 10-90 km/s. Al 5-1. IDEX FM Detector 2500. Position 5. HG CSAs ",5," Aluminum "
8554987,20231218234429.432999999,20231218164429.432999999,1702943069433,4.959750E+4,1.306642E-18,7.306650E-16,4.870439E-8,2.199524E+0," IDEX "," 2023_12_18_run4 "," 10-90 km/s. Al 5-1. IDEX FM Detector 2500. Position 5. HG CSAs ",5," Aluminum "
8554988,20231218234437.878000000,20231218164437.878000000,1702943077878,1.796930E+4,3.297097E-18,2.421470E-16,6.630706E-8,2.198294E+0," IDEX "," 2023_12_18_run4 "," 10-90 km/s. Al 5-1. IDEX FM Detector 2500. Position 5. HG CSAs ",4," Aluminum "
8554991,20231218234520.861999999,20231218164520.861999999,1702943120862,1.379830E+4,7.146227E-18,3.094660E-16,8.581070E-8,2.198294E+0," IDEX "," 2023_12_18_run4 "," 10-90 km/s. Al 5-1. IDEX FM Detector 2500. Position 5. HG CSAs ",5," Aluminum "
8554993,20231218234618.320999999,20231218164618.320999999,1702943178321,1.210100E+4,1.007164E-17,3.354500E-16,9.620906E-8,2.198294E+0," IDEX "," 2023_12_18_run4 "," 10-90 km/s. Al 5-1. IDEX FM Detector 2500. Position 5. HG CSAs ",5," Aluminum "
8554994,20231218234619.787999999,20231218164619.787999999,1702943179788,1.968250E+4,4.538523E-18,3.999080E-16,7.375997E-8,2.198294E+0," IDEX "," 2023_12_18_run4 "," 10-90 km/s. Al 5-1. IDEX FM Detector 2500. Position 5. HG CSAs ",5," Aluminum "
8554995,20231218234624.081999999,20231218164624.081999999,1702943184082,1.029960E+4,2.113535E-17,5.099590E-16,1.231740E-7,2.198294E+0," IDEX "," 2023_12_18_run4 "," 10-90 km/s. Al 5-1. IDEX FM Detector 2500. Position 5. HG CSAs ",5," Aluminum "
8554996,20231218234626.503000000,20231218164626.503000000,1702943186503,1.109110E+4,9.911271E-17,2.774640E-15,2.061701E-7,2.197063E+0," IDEX "," 2023_12_18_run4 "," 10-90 km/s. Al 5-1. IDEX FM Detector 2500. Position 5. HG CSAs ",5," Aluminum "
8554997,20231218234628.038999999,20231218164628.038999999,1702943188039,1.419880E+4,9.741100E-18,4.464300E-16,9.514483E-8,2.199524E+0," IDEX "," 2023_12_18_run4 "," 10-90 km/s. Al 5-1. IDEX FM Detector 2500. Position 5. HG CSAs ",5," Aluminum "
8555000,20231218234635.029000000,20231218164635.029000000,1702943195029,1.048610E+4,8.267626E-18,2.067730E-16,9.008300E-8,2.198294E+0," IDEX "," 2023_12_18_run4 "," 10-90 km/s. Al 5-1. IDEX FM Detector 2500. Position 5. HG CSAs ",4," Aluminum "
8555003,20231218234656.700999999,20231218164656.700999999,1702943216701,1.172050E+4,2.557829E-16,7.987410E-15,2.827959E-7,2.199524E+0," IDEX "," 2023_12_18_run4 "," 10-90 km/s. Al 5-1. IDEX FM Detector 2500. Position 5. HG CSAs ",5," Aluminum "
8555004,20231218234715.966000000,20231218164715.966000000,1702943235966,1.185900E+4,7.252696E-18,2.321260E-16,8.623476E-8,2.197063E+0," IDEX "," 2023_12_18_run4 "," 10-90 km/s. Al 5-1. IDEX FM Detector 2500. Position 5. HG CSAs ",5," Aluminum "
8555005,20231218234725.557999999,20231218164725.557999999,1702943245558,1.597390E+4,4.209478E-18,2.441700E-16,7.193253E-8,2.199524E+0," IDEX "," 2023_12_18_run4 "," 10-90 km/s. Al 5-1. IDEX FM Detector 2500. Position 5. HG CSAs ",5," Aluminum "
8555008,20231218234753.609000000,20231218164753.609000000,1702943273609,2.539450E+4,2.250900E-18,3.301570E-16,5.838499E-8,2.198294E+0," IDEX "," 2023_12_18_run4 "," 10-90 km/s. Al 5-1. IDEX FM Detector 2500. Position 5. HG CSAs ",5," Aluminum "
8555009,20231218234821.035999999,20231218164821.035999999,1702943301036,1.753850E+4,1.497448E-17,1.048250E-15,1.098078E-7,2.197063E+0," IDEX "," 2023_12_18_run4 "," 10-90 km/s. Al 5-1. IDEX FM Detector 2500. Position 5. HG CSAs ",5," Aluminum "
8555010,20231218234825.123999999,20231218164825.123999999,1702943305124,1.329760E+4,8.928162E-18,3.590820E-16,9.242084E-8,2.198294E+0," IDEX "," 2023_12_18_run4 "," 10-90 km/s. Al 5-1. IDEX FM Detector 2500. Position 5. HG CSAs ",5," Aluminum "
8555012,20231218234935.256999999,20231218164935.256999999,1702943375257,1.711820E+4,5.337914E-18,3.559720E-16,7.785857E-8,2.197063E+0," IDEX "," 2023_12_18_run4 "," 10-90 km/s. Al 5-1. IDEX FM Detector 2500. Position 5. HG CSAs ",5," Aluminum "
8555013,20231218234935.381000000,20231218164935.381000000,1702943375381,1.518930E+4,1.225961E-17,6.436950E-16,1.027247E-7,2.197063E+0," IDEX "," 2023_12_18_run4 "," 10-90 km/s. Al 5-1. IDEX FM Detector 2500. Position 5. HG CSAs ",4," Aluminum "
8555015,20231218235001.837999999,20231218165001.837999999,1702943401838,2.148770E+4,2.677401E-18,2.811760E-16,6.186148E-8,2.198294E+0," IDEX "," 2023_12_18_run4 "," 10-90 km/s. Al 5-1. IDEX FM Detector 2500. Position 5. HG CSAs ",5," Aluminum "
8555016,20231218235005.145999999,20231218165005.145999999,1702943405146,1.288270E+4,1.080445E-17,4.078510E-16,9.848802E-8,2.198294E+0," IDEX "," 2023_12_18_run4 "," 10-90 km/s. Al 5-1. IDEX FM Detector 2500. Position 5. HG CSAs ",5," Aluminum "
8555018,20231218235007.030999999,20231218165007.030999999,1702943407031,1.836520E+4,5.768572E-18,4.425320E-16,7.989851E-8,2.198294E+0," IDEX "," 2023_12_18_run4 "," 10-90 km/s. Al 5-1. IDEX FM Detector 2500. Position 5. HG CSAs ",5," Aluminum "
8555021,20231218235213.353000000,20231218165213.353000000,1702943533353,2.131580E+4,5.294194E-18,5.471270E-16,7.764542E-8,2.198294E+0," IDEX "," 2023_12_18_run4 "," 10-90 km/s. Al 5-1. IDEX FM Detector 2500. Position 5. HG CSAs ",5," Aluminum "
8555022,20231218235213.905000000,20231218165213.905000000,1702943533905,1.871290E+4,9.298802E-18,7.406180E-16,9.368244E-8,2.198294E+0," IDEX "," 2023_12_18_run4 "," 10-90 km/s. Al 5-1. IDEX FM Detector 2500. Position 5. HG CSAs ",5," Aluminum "
8555025,20231218235216.861999999,20231218165216.861999999,1702943536862,3.960030E+4,1.236146E-18,4.409120E-16,4.781225E-8,2.198294E+0," IDEX "," 2023_12_18_run4 "," 10-90 km/s. Al 5-1. IDEX FM Detector 2500. Position 5. HG CSAs ",5," Aluminum "
8555026,20231218235217.317999999,20231218165217.317999999,1702943537318,1.734560E+4,5.882773E-18,4.025740E-16,8.042232E-8,2.198294E+0," IDEX "," 2023_12_18_run4 "," 10-90 km/s. Al 5-1. IDEX FM Detector 2500. Position 5. HG CSAs ",5," Aluminum "
8555031,20231218235222.143999999,20231218165222.143999999,1702943542144,3.688490E+4,1.341774E-18,4.149720E-16,4.913705E-8,2.199524E+0," IDEX "," 2023_12_18_run4 "," 10-90 km/s. Al 5-1. IDEX FM Detector 2500. Position 5. HG CSAs ",5," Aluminum "
8555032,20231218235224.347999999,20231218165224.347999999,1702943544348,1.891040E+4,1.031310E-17,8.393030E-16,9.697184E-8,2.197063E+0," IDEX "," 2023_12_18_run4 "," 10-90 km/s. Al 5-1. IDEX FM Detector 2500. Position 5. HG CSAs ",5," Aluminum "
8555033,20231218235224.777000000,20231218165224.777000000,1702943544777,1.847360E+4,5.390661E-18,4.182030E-16,7.811418E-8,2.199524E+0," IDEX "," 2023_12_18_run4 "," 10-90 km/s. Al 5-1. IDEX FM Detector 2500. Position 5. HG CSAs ",5," Aluminum "
8555038,20231218235306.878000000,20231218165306.878000000,1702943586878,2.344930E+4,8.925173E-18,1.116250E-15,9.241052E-8,2.198294E+0," IDEX "," 2023_12_18_run4 "," 10-90 km/s. Al 5-1. IDEX FM Detector 2500. Position 5. HG CSAs ",5," Aluminum "
8555039,20231218235307.251999999,20231218165307.251999999,1702943587252,1.312230E+4,1.694154E-17,6.635260E-16,1.144195E-7,2.198294E+0," IDEX "," 2023_12_18_run4 "," 10-90 km/s. Al 5-1. IDEX FM Detector 2500. Position 5. HG CSAs ",5," Aluminum "
8555041,20231218235307.725000000,20231218165307.725000000,1702943587725,1.172360E+4,2.285267E-17,7.144040E-16,1.264236E-7,2.198294E+0," IDEX "," 2023_12_18_run4 "," 10-90 km/s. Al 5-1. IDEX FM Detector 2500. Position 5. HG CSAs ",5," Aluminum "
8555042,20231218235307.970999999,20231218165307.970999999,1702943587971,1.677730E+4,4.762035E-18,3.048750E-16,7.495146E-8,2.198294E+0," IDEX "," 2023_12_18_run4 "," 10-90 km/s. Al 5-1. IDEX FM Detector 2500. Position 5. HG CSAs ",4," Aluminum "
8555043,20231218235308.333000000,20231218165308.333000000,1702943588333,1.164640E+4,3.871195E-17,1.194300E-15,1.507061E-7,2.198294E+0," IDEX "," 2023_12_18_run4 "," 10-90 km/s. Al 5-1. IDEX FM Detector 2500. Position 5. HG CSAs ",5," Aluminum "
8555051,20231218235332.998000000,20231218165332.998000000,1702943612998,1.607620E+4,3.265647E-18,1.920720E-16,6.609556E-8,2.197063E+0," IDEX "," 2023_12_18_run4 "," 10-90 km/s. Al 5-1. IDEX FM Detector 2500. Position 5. HG CSAs ",5," Aluminum "
8555052,20231218235403.905999999,20231218165403.905999999,1702943643906,2.753880E+4,3.657399E-18,6.308810E-16,6.863938E-8,2.198294E+0," IDEX "," 2023_12_18_run4 "," 10-90 km/s. Al 5-1. IDEX FM Detector 2500. Position 5. HG CSAs ",5," Aluminum "
8555056,20231218235409.601000000,20231218165409.601000000,1702943649601,1.264920E+4,3.997461E-17,1.453960E-15,1.523271E-7,2.199524E+0," IDEX "," 2023_12_18_run4 "," 10-90 km/s. Al 5-1. IDEX FM Detector 2500. Position 5. HG CSAs ",5," Aluminum "
8555057,20231218235411.260000000,20231218165411.260000000,1702943651260,4.217560E+4,2.614004E-18,1.056990E-15,6.136931E-8,2.199524E+0," IDEX "," 2023_12_18_run4 "," 10-90 km/s. Al 5-1. IDEX FM Detector 2500. Position 5. HG CSAs ",5," Aluminum "
8555058,20231218235411.317999999,20231218165411.317999999,1702943651318,1.769350E+4,6.306257E-18,4.487880E-16,8.230757E-8,2.199524E+0," IDEX "," 2023_12_18_run4 "," 10-90 km/s. Al 5-1. IDEX FM Detector 2500. Position 5. HG CSAs ",5," Aluminum "
8555059,20231218235411.572999999,20231218165411.572999999,1702943651573,1.521750E+4,1.470078E-17,7.738720E-16,1.091347E-7,2.199524E+0," IDEX "," 2023_12_18_run4 "," 10-90 km/s. Al 5-1. IDEX FM Detector 2500. Position 5. HG CSAs ",5," Aluminum "
8555060,20231218235411.895999999,20231218165411.895999999,1702943651896,1.480100E+4,6.183547E-18,3.079370E-16,8.177020E-8,2.199524E+0," IDEX "," 2023_12_18_run4 "," 10-90 km/s. Al 5-1. IDEX FM Detector 2500. Position 5. HG CSAs ",5," Aluminum "
8555061,20231218235412.192999999,20231218165412.192999999,1702943652193,1.538310E+4,9.921013E-18,5.336860E-16,9.572702E-8,2.199524E+0," IDEX "," 2023_12_18_run4 "," 10-90 km/s. Al 5-1. IDEX FM Detector 2500. Position 5. HG CSAs ",5," Aluminum "
8555063,20231218235412.895999999,20231218165412.895999999,1702943652896,4.862500E+4,7.196786E-19,3.868120E-16,3.992351E-8,2.199524E+0," IDEX "," 2023_12_18_run4 "," 10-90 km/s. Al 5-1. IDEX FM Detector 2500. Position 5. HG CSAs ",5," Aluminum "
8555064,20231218235413.280999999,20231218165413.280999999,1702943653281,1.416870E+4,1.595861E-17,7.278710E-16,1.121625E-7,2.200754E+0," IDEX "," 2023_12_18_run4 "," 10-90 km/s. Al 5-1. IDEX FM Detector 2500. Position 5. HG CSAs ",5," Aluminum "
8555065,20231218235420.955000000,20231218165420.955000000,1702943660955,2.218910E+4,2.666756E-18,2.988070E-16,6.177940E-8,2.197063E+0," IDEX "," 2023_12_18_run4 "," 10-90 km/s. Al 5-1. IDEX FM Detector 2500. Position 5. HG CSAs ",5," Aluminum "
8555069,20231218235509.850000000,20231218165509.850000000,1702943709850,1.536690E+4,4.184843E-18,2.248950E-16,7.179192E-8,2.197063E+0," IDEX "," 2023_12_18_run4 "," 10-90 km/s. Al 5-1. IDEX FM Detector 2500. Position 5. HG CSAs ",5," Aluminum "
8555070,20231218235512.567999999,20231218165512.567999999,1702943712568,1.884620E+4,6.446751E-18,5.208030E-16,8.291431E-8,2.198294E+0," IDEX "," 2023_12_18_run4 "," 10-90 km/s. Al 5-1. IDEX FM Detector 2500. Position 5. HG CSAs ",5," Aluminum "
8555075,20231218235520.538999999,20231218165520.538999999,1702943720539,1.144290E+4,1.036830E-17,3.087910E-16,9.714453E-8,2.198294E+0," IDEX "," 2023_12_18_run4 "," 10-90 km/s. Al 5-1. IDEX FM Detector 2500. Position 5. HG CSAs ",5," Aluminum "
8555076,20231218235520.983000000,20231218165520.983000000,1702943720983,1.836600E+4,4.213150E-18,3.232370E-16,7.195343E-8,2.198294E+0," IDEX "," 2023_12_18_run4 "," 10-90 km/s. Al 5-1. IDEX FM Detector 2500. Position 5. HG CSAs ",5," Aluminum "
8555078,20231218235522.842999999,20231218165522.842999999,1702943722843,1.432670E+4,7.229769E-18,3.373330E-16,8.614380E-8,2.199524E+0," IDEX "," 2023_12_18_run4 "," 10-90 km/s. Al 5-1. IDEX FM Detector 2500. Position 5. HG CSAs ",4," Aluminum "
8555079,20231218235524.137000000,20231218165524.137000000,1702943724137,1.197020E+4,1.216989E-17,3.963980E-16,1.024735E-7,2.199524E+0," IDEX "," 2023_12_18_run4 "," 10-90 km/s. Al 5-1. IDEX FM Detector 2500. Position 5. HG CSAs ",3," Aluminum "
8555080,20231218235710.388999999,20231218165710.388999999,1702943830389,1.481660E+4,1.112068E-17,5.552820E-16,9.943967E-8,2.198294E+0," IDEX "," 2023_12_18_run4 "," 10-90 km/s. Al 5-1. IDEX FM Detector 2500. Position 5. HG CSAs ",5," Aluminum "
8555085,20231218235720.594999999,20231218165720.594999999,1702943840595,1.577770E+4,9.882170E-18,5.598450E-16,9.560193E-8,2.197063E+0," IDEX "," 2023_12_18_run4 "," 10-90 km/s. Al 5-1. IDEX FM Detector 2500. Position 5. HG CSAs ",4," Aluminum "
8555087,20231218235722.378999999,20231218165722.378999999,1702943842379,1.398230E+4,1.307136E-17,5.812500E-16,1.049436E-7,2.198294E+0," IDEX "," 2023_12_18_run4 "," 10-90 km/s. Al 5-1. IDEX FM Detector 2500. Position 5. HG CSAs ",5," Aluminum "
8555090,20231218235722.807999999,20231218165722.807999999,1702943842808,2.987570E+4,2.984685E-18,6.059260E-16,6.414292E-8,2.198294E+0," IDEX "," 2023_12_18_run4 "," 10-90 km/s. Al 5-1. IDEX FM Detector 2500. Position 5. HG CSAs ",5," Aluminum "
8555094,20231218235727.617000000,20231218165727.617000000,1702943847617,1.416820E+4,1.222148E-17,5.580050E-16,1.026181E-7,2.198294E+0," IDEX "," 2023_12_18_run4 "," 10-90 km/s. Al 5-1. IDEX FM Detector 2500. Position 5. HG CSAs ",5," Aluminum "
8555096,20231218235730.679000000,20231218165730.679000000,1702943850679,3.100570E+4,3.397550E-18,7.433220E-16,6.697373E-8,2.197063E+0," IDEX "," 2023_12_18_run4 "," 10-90 km/s. Al 5-1. IDEX FM Detector 2500. Position 5. HG CSAs ",5," Aluminum "
8555099,20231218235734.609000000,20231218165734.609000000,1702943854609,1.588130E+4,5.443384E-18,3.122670E-16,7.836802E-8,2.198294E+0," IDEX "," 2023_12_18_run4 "," 10-90 km/s. Al 5-1. IDEX FM Detector 2500. Position 5. HG CSAs ",5," Aluminum "
8555101,20231218235752.893000000,20231218165752.893000000,1702943872893,4.226610E+4,8.746753E-19,3.555980E-16,4.260542E-8,2.197063E+0," IDEX "," 2023_12_18_run4 "," 10-90 km/s. Al 5-1. IDEX FM Detector 2500. Position 5. HG CSAs ",5," Aluminum "
8555103,20231218235931.702999999,20231218165931.702999999,1702943971703,3.226410E+4,4.111806E-18,9.730020E-16,7.137182E-8,2.199524E+0," IDEX "," 2023_12_18_run4 "," 10-90 km/s. Al 5-1. IDEX FM Detector 2500. Position 5. HG CSAs ",5," Aluminum "
8555104,20231218235932.081999999,20231218165932.081999999,1702943972082,3.326860E+4,7.895181E-19,1.986430E-16,4.117528E-8,2.199524E+0," IDEX "," 2023_12_18_run4 "," 10-90 km/s. Al 5-1. IDEX FM Detector 2500. Position 5. HG CSAs ",4," Aluminum "
8555107,20231218235934.429000000,20231218165934.429000000,1702943974429,2.554580E+4,3.011868E-18,4.468040E-16,6.433705E-8,2.199524E+0," IDEX "," 2023_12_18_run4 "," 10-90 km/s. Al 5-1. IDEX FM Detector 2500. Position 5. HG CSAs ",5," Aluminum "
8555108,20231218235937.135999999,20231218165937.135999999,1702943977136,1.470340E+4,9.033113E-18,4.441790E-16,9.278156E-8,2.198294E+0," IDEX "," 2023_12_18_run4 "," 10-90 km/s. Al 5-1. IDEX FM Detector 2500. Position 5. HG CSAs ",3," Aluminum "
8555110,20231219000034.711000000,20231218170034.711000000,1702944034711,1.333220E+4,1.255542E-17,5.073140E-16,1.035443E-7,2.199524E+0," IDEX "," 2023_12_18_run4 "," 10-90 km/s. Al 5-1. IDEX FM Detector 2500. Position 5. HG CSAs ",5," Aluminum "
8555112,20231219000037.419999999,20231218170037.419999999,1702944037420,1.225070E+4,1.041434E-16,3.554990E-15,2.096009E-7,2.198294E+0," IDEX "," 2023_12_18_run4 "," 10-90 km/s. Al 5-1. IDEX FM Detector 2500. Position 5. HG CSAs ",5," Aluminum "
8555113,20231219000038.060000000,20231218170038.060000000,1702944038060,2.329550E+4,6.782175E-18,8.371400E-16,8.432808E-8,2.198294E+0," IDEX "," 2023_12_18_run4 "," 10-90 km/s. Al 5-1. IDEX FM Detector 2500. Position 5. HG CSAs ",5," Aluminum "
8555114,20231219000038.589999999,20231218170038.589999999,1702944038590,1.751200E+4,6.096386E-18,4.252350E-16,8.138419E-8,2.198294E+0," IDEX "," 2023_12_18_run4 "," 10-90 km/s. Al 5-1. IDEX FM Detector 2500. Position 5. HG CSAs ",5," Aluminum "
8555115,20231219000038.950999999,20231218170038.950999999,1702944038951,2.190560E+4,2.386652E-18,2.604860E-16,5.953590E-8,2.198294E+0," IDEX "," 2023_12_18_run4 "," 10-90 km/s. Al 5-1. IDEX FM Detector 2500. Position 5. HG CSAs ",3," Aluminum "
8555117,20231219000039.422000000,20231218170039.422000000,1702944039422,1.333900E+4,1.019729E-17,4.129140E-16,9.660750E-8,2.197063E+0," IDEX "," 2023_12_18_run4 "," 10-90 km/s. Al 5-1. IDEX FM Detector 2500. Position 5. HG CSAs ",5," Aluminum "
8555119,20231219000042.766999999,20231218170042.766999999,1702944042767,2.986220E+4,1.607631E-18,3.260730E-16,5.218888E-8,2.198294E+0," IDEX "," 2023_12_18_run4 "," 10-90 km/s. Al 5-1. IDEX FM Detector 2500. Position 5. HG CSAs ",5," Aluminum "
8555120,20231219000043.293999999,20231218170043.293999999,1702944043294,1.359840E+4,7.720623E-18,3.247230E-16,8.805080E-8,2.198294E+0," IDEX "," 2023_12_18_run4 "," 10-90 km/s. Al 5-1. IDEX FM Detector 2500. Position 5. HG CSAs ",5," Aluminum "
8555121,20231219000200.234000000,20231218170200.234000000,1702944120234,4.425860E+4,9.614238E-19,4.281070E-16,4.396977E-8,2.199524E+0," IDEX "," 2023_12_18_run4 "," 10-90 km/s. Al 5-1. IDEX FM Detector 2500. Position 5. HG CSAs ",5," Aluminum "
8555122,20231219000200.299000000,20231218170200.299000000,1702944120299,1.937020E+4,5.840276E-18,4.981310E-16,8.022819E-8,2.199524E+0," IDEX "," 2023_12_18_run4 "," 10-90 km/s. Al 5-1. IDEX FM Detector 2500. Position 5. HG CSAs ",5," Aluminum "
8555123,20231219000202.640000000,20231218170202.640000000,1702944122640,3.055170E+4,5.401630E-18,1.146140E-15,7.816713E-8,2.199524E+0," IDEX "," 2023_12_18_run4 "," 10-90 km/s. Al 5-1. IDEX FM Detector 2500. Position 5. HG CSAs ",5," Aluminum "
8555124,20231219000202.768000000,20231218170202.768000000,1702944122768,1.987500E+4,3.165558E-18,2.842540E-16,6.541328E-8,2.199524E+0," IDEX "," 2023_12_18_run4 "," 10-90 km/s. Al 5-1. IDEX FM Detector 2500. Position 5. HG CSAs ",5," Aluminum "
8555125,20231219000202.996999999,20231218170202.996999999,1702944122997,1.183660E+4,2.695546E-17,8.594660E-16,1.335769E-7,2.197063E+0," IDEX "," 2023_12_18_run4 "," 10-90 km/s. Al 5-1. IDEX FM Detector 2500. Position 5. HG CSAs ",5," Aluminum "
8555129,20231219000204.558999999,20231218170204.558999999,1702944124559,1.955850E+4,2.622321E-18,2.282890E-16,6.143433E-8,2.197063E+0," IDEX "," 2023_12_18_run4 "," 10-90 km/s. Al 5-1. IDEX FM Detector 2500. Position 5. HG CSAs ",4," Aluminum "
8555132,20231219000206.040999999,20231218170206.040999999,1702944126041,1.613070E+4,4.871968E-18,2.883340E-16,7.552383E-8,2.198294E+0," IDEX "," 2023_12_18_run4 "," 10-90 km/s. Al 5-1. IDEX FM Detector 2500. Position 5. HG CSAs ",5," Aluminum "
8555133,20231219000207.490999999,20231218170207.490999999,1702944127491,1.525460E+4,3.149138E-18,1.666780E-16,6.529999E-8,2.198294E+0," IDEX "," 2023_12_18_run4 "," 10-90 km/s. Al 5-1. IDEX FM Detector 2500. Position 5. HG CSAs ",3," Aluminum "
8555134,20231219000218.611000000,20231218170218.611000000,1702944138611,2.060620E+4,3.164304E-18,3.056040E-16,6.540465E-8,2.198294E+0," IDEX "," 2023_12_18_run4 "," 10-90 km/s. Al 5-1. IDEX FM Detector 2500. Position 5. HG CSAs ",4," Aluminum "
8555136,20231219000235.842999999,20231218170235.842999999,1702944155843,1.084700E+4,1.538921E-17,4.122940E-16,1.108123E-7,2.195833E+0," IDEX "," 2023_12_18_run4 "," 10-90 km/s. Al 5-1. IDEX FM Detector 2500. Position 5. HG CSAs ",5," Aluminum "
8555137,20231219000238.535000000,20231218170238.535000000,1702944158535,1.233110E+4,7.380614E-18,2.555450E-16,8.673879E-8,2.195833E+0," IDEX "," 2023_12_18_run4 "," 10-90 km/s. Al 5-1. IDEX FM Detector 2500. Position 5. HG CSAs ",5," Aluminum "
8555138,20231219000240.291999999,20231218170240.291999999,1702944160292,2.004470E+4,1.848267E-17,1.688130E-15,1.177888E-7,2.199524E+0," IDEX "," 2023_12_18_run4 "," 10-90 km/s. Al 5-1. IDEX FM Detector 2500. Position 5. HG CSAs ",5," Aluminum "
8555143,20231219000252.861000000,20231218170252.861000000,1702944172861,1.567230E+4,4.254259E-18,2.376700E-16,7.218670E-8,2.198294E+0," IDEX "," 2023_12_18_run4 "," 10-90 km/s. Al 5-1. IDEX FM Detector 2500. Position 5. HG CSAs ",5," Aluminum "
8555153,20231219000429.987999999,20231218170429.987999999,1702944269988,2.210820E+4,2.721879E-18,3.024250E-16,6.220216E-8,2.199524E+0," IDEX "," 2023_12_18_run4 "," 10-90 km/s. Al 5-1. IDEX FM Detector 2500. Position 5. HG CSAs ",5," Aluminum "
8555154,20231219000430.216000000,20231218170430.216000000,1702944270216,2.362490E+4,7.677931E-18,9.741510E-16,8.788821E-8,2.199524E+0," IDEX "," 2023_12_18_run4 "," 10-90 km/s. Al 5-1. IDEX FM Detector 2500. Position 5. HG CSAs ",5," Aluminum "
8555156,20231219000432.631999999,20231218170432.631999999,1702944272632,2.384780E+4,2.883977E-18,3.728470E-16,6.341322E-8,2.199524E+0," IDEX "," 2023_12_18_run4 "," 10-90 km/s. Al 5-1. IDEX FM Detector 2500. Position 5. HG CSAs ",4," Aluminum "
8555157,20231219000433.703999999,20231218170433.703999999,1702944273704,1.268700E+4,8.442135E-17,3.088960E-15,1.954339E-7,2.199524E+0," IDEX "," 2023_12_18_run4 "," 10-90 km/s. Al 5-1. IDEX FM Detector 2500. Position 5. HG CSAs ",5," Aluminum "
8555158,20231219000436.966000000,20231218170436.966000000,1702944276966,1.493330E+4,3.144137E-17,1.594770E-15,1.406101E-7,2.198294E+0," IDEX "," 2023_12_18_run4 "," 10-90 km/s. Al 5-1. IDEX FM Detector 2500. Position 5. HG CSAs ",5," Aluminum "
8555160,20231219000441.975000000,20231218170441.975000000,1702944281975,1.133270E+4,1.567119E-17,4.577770E-16,1.114850E-7,2.198294E+0," IDEX "," 2023_12_18_run4 "," 10-90 km/s. Al 5-1. IDEX FM Detector 2500. Position 5. HG CSAs ",3," Aluminum "
8555161,20231219000443.009000000,20231218170443.009000000,1702944283009,1.425780E+4,1.283666E-17,5.935290E-16,1.043117E-7,2.198294E+0," IDEX "," 2023_12_18_run4 "," 10-90 km/s. Al 5-1. IDEX FM Detector 2500. Position 5. HG CSAs ",5," Aluminum "
8555169,20231219000656.908000000,20231218170656.908000000,1702944416908,2.028810E+4,6.931844E-18,6.485950E-16,8.494388E-8,2.199524E+0," IDEX "," 2023_12_18_run4 "," 10-90 km/s. Al 5-1. IDEX FM Detector 2500. Position 5. HG CSAs ",5," Aluminum "
8555170,20231219000657.646999999,20231218170657.646999999,1702944417647,2.430500E+4,2.051981E-18,2.755540E-16,5.661180E-8,2.199524E+0," IDEX "," 2023_12_18_run4 "," 10-90 km/s. Al 5-1. IDEX FM Detector 2500. Position 5. HG CSAs ",3," Aluminum "
8555172,20231219000706.052999999,20231218170706.052999999,1702944426053,1.444590E+4,6.519593E-18,3.094530E-16,8.322542E-8,2.198294E+0," IDEX "," 2023_12_18_run4 "," 10-90 km/s. Al 5-1. IDEX FM Detector 2500. Position 5. HG CSAs ",5," Aluminum "
8555176,20231219000746.450999999,20231218170746.450999999,1702944466451,3.503640E+4,2.152551E-18,6.010040E-16,5.752196E-8,2.198294E+0," IDEX "," 2023_12_18_run4 "," 10-90 km/s. Al 5-1. IDEX FM Detector 2500. Position 5. HG CSAs ",5," Aluminum "
8555177,20231219000746.637000000,20231218170746.637000000,1702944466637,1.386330E+4,5.795450E-18,2.533410E-16,8.002240E-8,2.198294E+0," IDEX "," 2023_12_18_run4 "," 10-90 km/s. Al 5-1. IDEX FM Detector 2500. Position 5. HG CSAs ",5," Aluminum "
8555219,20231221172826.692000000,20231221102826.692000000,1703179706692,2.818240E+4,2.915452E-18,5.269750E-16,6.364308E-8,2.197063E+0," IDEX "," 2023_12_21_run0 "," 10-90 km/s. Al 5-1. IDEX FM Detector 2500. Position 5. HG CSAs ",5," Aluminum "
8555220,20231221172827.263999999,20231221102827.263999999,1703179707264,1.089500E+4,1.566118E-17,4.230650E-16,1.114613E-7,2.197063E+0," IDEX "," 2023_12_21_run0 "," 10-90 km/s. Al 5-1. IDEX FM Detector 2500. Position 5. HG CSAs ",5," Aluminum "
8555223,20231221172827.557000000,20231221102827.557000000,1703179707557,2.434100E+4,2.607039E-18,3.515220E-16,6.131476E-8,2.197063E+0," IDEX "," 2023_12_21_run0 "," 10-90 km/s. Al 5-1. IDEX FM Detector 2500. Position 5. HG CSAs ",5," Aluminum "
8555224,20231221172827.621999999,20231221102827.621999999,1703179707622,1.161170E+4,5.005842E-18,1.536020E-16,7.620935E-8,2.197063E+0," IDEX "," 2023_12_21_run0 "," 10-90 km/s. Al 5-1. IDEX FM Detector 2500. Position 5. HG CSAs ",4," Aluminum "
8555228,20231221172828.091000000,20231221102828.091000000,1703179708091,1.700230E+4,1.461926E-17,9.617650E-16,1.089326E-7,2.197063E+0," IDEX "," 2023_12_21_run0 "," 10-90 km/s. Al 5-1. IDEX FM Detector 2500. Position 5. HG CSAs ",5," Aluminum "
8555229,20231221172828.342999999,20231221102828.342999999,1703179708343,1.094550E+4,6.604569E-18,1.800710E-16,8.358546E-8,2.197063E+0," IDEX "," 2023_12_21_run0 "," 10-90 km/s. Al 5-1. IDEX FM Detector 2500. Position 5. HG CSAs ",5," Aluminum "
8555232,20231221172829.143999999,20231221102829.143999999,1703179709144,1.538370E+4,9.855614E-18,5.308030E-16,9.551621E-8,2.197063E+0," IDEX "," 2023_12_21_run0 "," 10-90 km/s. Al 5-1. IDEX FM Detector 2500. Position 5. HG CSAs ",5," Aluminum "
8555236,20231221172847.177000000,20231221102847.177000000,1703179727177,2.213680E+4,2.458494E-18,2.740210E-16,6.012738E-8,2.198294E+0," IDEX "," 2023_12_21_run0 "," 10-90 km/s. Al 5-1. IDEX FM Detector 2500. Position 5. HG CSAs ",4," Aluminum "
8555240,20231221172921.148000000,20231221102921.148000000,1703179761148,1.457940E+4,3.536462E-18,1.710710E-16,6.787432E-8,2.197063E+0," IDEX "," 2023_12_21_run0 "," 10-90 km/s. Al 5-1. IDEX FM Detector 2500. Position 5. HG CSAs ",4," Aluminum "
8555241,20231221172923.759000000,20231221102923.759000000,1703179763759,1.142400E+4,2.971271E-17,8.824840E-16,1.379844E-7,2.197063E+0," IDEX "," 2023_12_21_run0 "," 10-90 km/s. Al 5-1. IDEX FM Detector 2500. Position 5. HG CSAs ",5," Aluminum "
8555246,20231221172937.523000000,20231221102937.523000000,1703179777523,1.402900E+4,1.954628E-17,8.749890E-16,1.200063E-7,2.198294E+0," IDEX "," 2023_12_21_run0 "," 10-90 km/s. Al 5-1. IDEX FM Detector 2500. Position 5. HG CSAs ",5," Aluminum "
8555250,20231221173102.072000000,20231221103102.072000000,1703179862072,1.842440E+4,4.474959E-18,3.453170E-16,7.341400E-8,2.199524E+0," IDEX "," 2023_12_21_run0 "," 10-90 km/s. Al 5-1. IDEX FM Detector 2500. Position 5. HG CSAs ",5," Aluminum "
8555251,20231221173102.797999999,20231221103102.797999999,1703179862798,2.095330E+4,4.297833E-18,4.289400E-16,7.243232E-8,2.199524E+0," IDEX "," 2023_12_21_run0 "," 10-90 km/s. Al 5-1. IDEX FM Detector 2500. Position 5. HG CSAs ",5," Aluminum "
8555252,20231221173104.753000000,20231221103104.753000000,1703179864753,1.765390E+4,9.740750E-18,6.901060E-16,9.514369E-8,2.199524E+0," IDEX "," 2023_12_21_run0 "," 10-90 km/s. Al 5-1. IDEX FM Detector 2500. Position 5. HG CSAs ",5," Aluminum "
8555257,20231221173111.689000000,20231221103111.689000000,1703179871689,1.693660E+4,3.821949E-18,2.492180E-16,6.965369E-8,2.199524E+0," IDEX "," 2023_12_21_run0 "," 10-90 km/s. Al 5-1. IDEX FM Detector 2500. Position 5. HG CSAs ",5," Aluminum "
8555258,20231221173315.760000000,20231221103315.760000000,1703179995760,1.803750E+4,2.513315E-18,1.860920E-16,6.057102E-8,2.197063E+0," IDEX "," 2023_12_21_run0 "," 10-90 km/s. Al 5-1. IDEX FM Detector 2500. Position 5. HG CSAs ",3," Aluminum "
8555259,20231221173316.390000000,20231221103316.390000000,1703179996390,2.640990E+4,3.307125E-18,5.249430E-16,6.637421E-8,2.197063E+0," IDEX "," 2023_12_21_run0 "," 10-90 km/s. Al 5-1. IDEX FM Detector 2500. Position 5. HG CSAs ",5," Aluminum "
8555274,20231221173356.746999999,20231221103356.746999999,1703180036747,1.099120E+4,1.511696E-17,4.156070E-16,1.101550E-7,2.197063E+0," IDEX "," 2023_12_21_run0 "," 10-90 km/s. Al 5-1. IDEX FM Detector 2500. Position 5. HG CSAs ",5," Aluminum "
8555276,20231221173357.141999999,20231221103357.141999999,1703180037142,1.941600E+4,9.479374E-18,8.132560E-16,9.428496E-8,2.197063E+0," IDEX "," 2023_12_21_run0 "," 10-90 km/s. Al 5-1. IDEX FM Detector 2500. Position 5. HG CSAs ",5," Aluminum "
8555278,20231221173357.733000000,20231221103357.733000000,1703180037733,1.313590E+4,5.612367E-18,2.203910E-16,7.917071E-8,2.197063E+0," IDEX "," 2023_12_21_run0 "," 10-90 km/s. Al 5-1. IDEX FM Detector 2500. Position 5. HG CSAs ",5," Aluminum "
8555279,20231221173357.787999999,20231221103357.787999999,1703180037788,1.831480E+4,5.087878E-18,3.883910E-16,7.662340E-8,2.197063E+0," IDEX "," 2023_12_21_run0 "," 10-90 km/s. Al 5-1. IDEX FM Detector 2500. Position 5. HG CSAs ",5," Aluminum "
8555280,20231221173357.859000000,20231221103357.859000000,1703180037859,2.804010E+4,1.755396E-18,3.140960E-16,5.374123E-8,2.197063E+0," IDEX "," 2023_12_21_run0 "," 10-90 km/s. Al 5-1. IDEX FM Detector 2500. Position 5. HG CSAs ",5," Aluminum "
8555282,20231221173402.266999999,20231221103402.266999999,1703180042267,1.221760E+4,1.028191E-17,3.492800E-16,9.687398E-8,2.197063E+0," IDEX "," 2023_12_21_run0 "," 10-90 km/s. Al 5-1. IDEX FM Detector 2500. Position 5. HG CSAs ",5," Aluminum "
8555285,20231221173437.297000000,20231221103437.297000000,1703180077297,1.670900E+4,3.823515E-18,2.428000E-16,6.966321E-8,2.198294E+0," IDEX "," 2023_12_21_run0 "," 10-90 km/s. Al 5-1. IDEX FM Detector 2500. Position 5. HG CSAs ",3," Aluminum "
8555287,20231221173556.959000000,20231221103556.959000000,1703180156959,2.801620E+4,1.350139E-18,2.410360E-16,4.923894E-8,2.198294E+0," IDEX "," 2023_12_21_run0 "," 10-90 km/s. Al 5-1. IDEX FM Detector 2500. Position 5. HG CSAs ",5," Aluminum "
8555290,20231221173557.476999999,20231221103557.476999999,1703180157477,1.195280E+4,6.721098E-18,2.184060E-16,8.407418E-8,2.198294E+0," IDEX "," 2023_12_21_run0 "," 10-90 km/s. Al 5-1. IDEX FM Detector 2500. Position 5. HG CSAs ",3," Aluminum "
8555292,20231221173557.770000000,20231221103557.770000000,1703180157770,1.027890E+4,1.430123E-17,3.436780E-16,1.081368E-7,2.198294E+0," IDEX "," 2023_12_21_run0 "," 10-90 km/s. Al 5-1. IDEX FM Detector 2500. Position 5. HG CSAs ",5," Aluminum "
8555293,20231221173557.941000000,20231221103557.941000000,1703180157941,1.908240E+4,4.073372E-18,3.373690E-16,7.114875E-8,2.198294E+0," IDEX "," 2023_12_21_run0 "," 10-90 km/s. Al 5-1. IDEX FM Detector 2500. Position 5. HG CSAs ",5," Aluminum "
8555297,20231221173558.949000000,20231221103558.949000000,1703180158949,1.139560E+4,1.006677E-17,2.971710E-16,9.619353E-8,2.199524E+0," IDEX "," 2023_12_21_run0 "," 10-90 km/s. Al 5-1. IDEX FM Detector 2500. Position 5. HG CSAs ",5," Aluminum "
8555298,20231221173559.140000000,20231221103559.140000000,1703180159140,1.939780E+4,1.272967E-17,1.088840E-15,1.040211E-7,2.199524E+0," IDEX "," 2023_12_21_run0 "," 10-90 km/s. Al 5-1. IDEX FM Detector 2500. Position 5. HG CSAs ",5," Aluminum "
8555304,20231221173601.912999999,20231221103601.912999999,1703180161913,2.055040E+4,3.939630E-18,3.784260E-16,7.036138E-8,2.198294E+0," IDEX "," 2023_12_21_run0 "," 10-90 km/s. Al 5-1. IDEX FM Detector 2500. Position 5. HG CSAs ",5," Aluminum "
8555307,20231221173602.740999999,20231221103602.740999999,1703180162741,4.963490E+4,8.275871E-19,4.639980E-16,4.182672E-8,2.197063E+0," IDEX "," 2023_12_21_run0 "," 10-90 km/s. Al 5-1. IDEX FM Detector 2500. Position 5. HG CSAs ",5," Aluminum "
8555312,20231221173641.763999999,20231221103641.763999999,1703180201764,1.623770E+4,4.370618E-18,2.621060E-16,7.283892E-8,2.198294E+0," IDEX "," 2023_12_21_run0 "," 10-90 km/s. Al 5-1. IDEX FM Detector 2500. Position 5. HG CSAs ",4," Aluminum "
8555315,20231221173643.506000000,20231221103643.506000000,1703180203506,1.527640E+4,1.466546E-17,7.784360E-16,1.090472E-7,2.198294E+0," IDEX "," 2023_12_21_run0 "," 10-90 km/s. Al 5-1. IDEX FM Detector 2500. Position 5. HG CSAs ",5," Aluminum "
8555317,20231221173645.157000000,20231221103645.157000000,1703180205157,2.377450E+4,4.185560E-18,5.380980E-16,7.179602E-8,2.198294E+0," IDEX "," 2023_12_21_run0 "," 10-90 km/s. Al 5-1. IDEX FM Detector 2500. Position 5. HG CSAs ",5," Aluminum "
8555318,20231221173648.226000000,20231221103648.226000000,1703180208226,1.119630E+4,1.172117E-17,3.341990E-16,1.011982E-7,2.198294E+0," IDEX "," 2023_12_21_run0 "," 10-90 km/s. Al 5-1. IDEX FM Detector 2500. Position 5. HG CSAs ",5," Aluminum "
8555319,20231221173703.157000000,20231221103703.157000000,1703180223157,1.272670E+4,5.373706E-18,1.979660E-16,7.803220E-8,2.198294E+0," IDEX "," 2023_12_21_run0 "," 10-90 km/s. Al 5-1. IDEX FM Detector 2500. Position 5. HG CSAs ",4," Aluminum "
8555320,20231221173704.817999999,20231221103704.817999999,1703180224818,1.975550E+4,5.832563E-18,5.174610E-16,8.019286E-8,2.199524E+0," IDEX "," 2023_12_21_run0 "," 10-90 km/s. Al 5-1. IDEX FM Detector 2500. Position 5. HG CSAs ",5," Aluminum "
8555322,20231221173705.087000000,20231221103705.087000000,1703180225087,2.121380E+4,4.264131E-18,4.362240E-16,7.224249E-8,2.199524E+0," IDEX "," 2023_12_21_run0 "," 10-90 km/s. Al 5-1. IDEX FM Detector 2500. Position 5. HG CSAs ",5," Aluminum "
8555324,20231221173720.541999999,20231221103720.541999999,1703180240542,2.001620E+4,9.637173E-18,8.777180E-16,9.480526E-8,2.199524E+0," IDEX "," 2023_12_21_run0 "," 10-90 km/s. Al 5-1. IDEX FM Detector 2500. Position 5. HG CSAs ",5," Aluminum "
8555327,20231221173734.310999999,20231221103734.310999999,1703180254311,8.210310E+3,6.118018E-17,9.380260E-16,1.755441E-7,2.198294E+0," IDEX "," 2023_12_21_run0 "," 10-90 km/s. Al 5-1. IDEX FM Detector 2500. Position 5. HG CSAs ",3," Aluminum "
8555329,20231221173735.047000000,20231221103735.047000000,1703180255047,1.578150E+4,3.396842E-18,1.924230E-16,6.696908E-8,2.198294E+0," IDEX "," 2023_12_21_run0 "," 10-90 km/s. Al 5-1. IDEX FM Detector 2500. Position 5. HG CSAs ",5," Aluminum "
8555330,20231221173735.283999999,20231221103735.283999999,1703180255284,1.736550E+4,4.265969E-18,2.926020E-16,7.225287E-8,2.198294E+0," IDEX "," 2023_12_21_run0 "," 10-90 km/s. Al 5-1. IDEX FM Detector 2500. Position 5. HG CSAs ",5," Aluminum "
8555331,20231221173735.805000000,20231221103735.805000000,1703180255805,2.042260E+4,3.007066E-18,2.852660E-16,6.430285E-8,2.198294E+0," IDEX "," 2023_12_21_run0 "," 10-90 km/s. Al 5-1. IDEX FM Detector 2500. Position 5. HG CSAs ",5," Aluminum "
8555332,20231221173737.541999999,20231221103737.541999999,1703180257542,1.316310E+4,3.515810E-18,1.386340E-16,6.774194E-8,2.197063E+0," IDEX "," 2023_12_21_run0 "," 10-90 km/s. Al 5-1. IDEX FM Detector 2500. Position 5. HG CSAs ",4," Aluminum "
8555334,20231221173741.942000000,20231221103741.942000000,1703180261942,2.268180E+4,3.314397E-18,3.880500E-16,6.642284E-8,2.197063E+0," IDEX "," 2023_12_21_run0 "," 10-90 km/s. Al 5-1. IDEX FM Detector 2500. Position 5. HG CSAs ",5," Aluminum "
8555335,20231221173742.084000000,20231221103742.084000000,1703180262084,1.487920E+4,1.057778E-17,5.329440E-16,9.779440E-8,2.197063E+0," IDEX "," 2023_12_21_run0 "," 10-90 km/s. Al 5-1. IDEX FM Detector 2500. Position 5. HG CSAs ",5," Aluminum "
8555336,20231221173953.572999999,20231221103953.572999999,1703180393573,2.169820E+4,3.603882E-18,3.859250E-16,6.830294E-8,2.198294E+0," IDEX "," 2023_12_21_run0 "," 10-90 km/s. Al 5-1. IDEX FM Detector 2500. Position 5. HG CSAs ",5," Aluminum "
8555341,20231221173959.336000000,20231221103959.336000000,1703180399336,1.776290E+4,6.561628E-18,4.706320E-16,8.340391E-8,2.199524E+0," IDEX "," 2023_12_21_run0 "," 10-90 km/s. Al 5-1. IDEX FM Detector 2500. Position 5. HG CSAs ",5," Aluminum "
8555342,20231221174012.586000000,20231221104012.586000000,1703180412586,1.663080E+4,1.152734E-17,7.251710E-16,1.006373E-7,2.198294E+0," IDEX "," 2023_12_21_run0 "," 10-90 km/s. Al 5-1. IDEX FM Detector 2500. Position 5. HG CSAs ",5," Aluminum "
8555343,20231221174019.344999999,20231221104019.344999999,1703180419345,1.447720E+4,8.734344E-18,4.161420E-16,9.174716E-8,2.199524E+0," IDEX "," 2023_12_21_run0 "," 10-90 km/s. Al 5-1. IDEX FM Detector 2500. Position 5. HG CSAs ",5," Aluminum "
8555344,20231221174045.263000000,20231221104045.263000000,1703180445263,1.227130E+4,3.756271E-17,1.285820E-15,1.491998E-7,2.199524E+0," IDEX "," 2023_12_21_run0 "," 10-90 km/s. Al 5-1. IDEX FM Detector 2500. Position 5. HG CSAs ",5," Aluminum "
8555353,20231221174241.057999999,20231221104241.057999999,1703180561058,1.278410E+4,9.277910E-18,3.450790E-16,9.361223E-8,2.197063E+0," IDEX "," 2023_12_21_run0 "," 10-90 km/s. Al 5-1. IDEX FM Detector 2500. Position 5. HG CSAs ",5," Aluminum "
8555359,20231221174329.348999999,20231221104329.348999999,1703180609349,1.762710E+4,4.280074E-18,3.024810E-16,7.233242E-8,2.198294E+0," IDEX "," 2023_12_21_run0 "," 10-90 km/s. Al 5-1. IDEX FM Detector 2500. Position 5. HG CSAs ",5," Aluminum "
8555360,20231221174329.719000000,20231221104329.719000000,1703180609719,1.385990E+4,5.967889E-18,2.607510E-16,8.080833E-8,2.198294E+0," IDEX "," 2023_12_21_run0 "," 10-90 km/s. Al 5-1. IDEX FM Detector 2500. Position 5. HG CSAs ",5," Aluminum "
8555367,20231221174425.854999999,20231221104425.854999999,1703180665855,1.530010E+4,3.307082E-18,1.761820E-16,6.637393E-8,2.197063E+0," IDEX "," 2023_12_21_run0 "," 10-90 km/s. Al 5-1. IDEX FM Detector 2500. Position 5. HG CSAs ",5," Aluminum "
8555368,20231221174427.030000000,20231221104427.030000000,1703180667030,1.805730E+4,1.385694E-17,1.027680E-15,1.070052E-7,2.198294E+0," IDEX "," 2023_12_21_run0 "," 10-90 km/s. Al 5-1. IDEX FM Detector 2500. Position 5. HG CSAs ",5," Aluminum "
8555381,20231221174436.993999999,20231221104436.993999999,1703180676994,1.147350E+4,2.023637E-17,6.062510E-16,1.214023E-7,2.197063E+0," IDEX "," 2023_12_21_run0 "," 10-90 km/s. Al 5-1. IDEX FM Detector 2500. Position 5. HG CSAs ",5," Aluminum "
8555383,20231221174448.015000000,20231221104448.015000000,1703180688015,2.709410E+4,1.119405E-18,1.870100E-16,4.625709E-8,2.197063E+0," IDEX "," 2023_12_21_run0 "," 10-90 km/s. Al 5-1. IDEX FM Detector 2500. Position 5. HG CSAs ",3," Aluminum "
8555385,20231221174449.175999999,20231221104449.175999999,1703180689176,1.287430E+4,8.923308E-18,3.365900E-16,9.240409E-8,2.197063E+0," IDEX "," 2023_12_21_run0 "," 10-90 km/s. Al 5-1. IDEX FM Detector 2500. Position 5. HG CSAs ",5," Aluminum "
8555386,20231221174449.649999999,20231221104449.649999999,1703180689650,1.158820E+4,1.023754E-17,3.128640E-16,9.673442E-8,2.197063E+0," IDEX "," 2023_12_21_run0 "," 10-90 km/s. Al 5-1. IDEX FM Detector 2500. Position 5. HG CSAs ",5," Aluminum "
8555387,20231221174452.492000000,20231221104452.492000000,1703180692492,1.312150E+4,1.153959E-17,4.519000E-16,1.006729E-7,2.198294E+0," IDEX "," 2023_12_21_run0 "," 10-90 km/s. Al 5-1. IDEX FM Detector 2500. Position 5. HG CSAs ",5," Aluminum "
8555389,20231221174507.199999999,20231221104507.199999999,1703180707200,1.585380E+4,4.737594E-18,2.708380E-16,7.482301E-8,2.198294E+0," IDEX "," 2023_12_21_run0 "," 10-90 km/s. Al 5-1. IDEX FM Detector 2500. Position 5. HG CSAs ",4," Aluminum "
8555391,20231221174513.501999999,20231221104513.501999999,1703180713502,1.759880E+4,1.619687E-17,1.141630E-15,1.127179E-7,2.197063E+0," IDEX "," 2023_12_21_run0 "," 10-90 km/s. Al 5-1. IDEX FM Detector 2500. Position 5. HG CSAs ",5," Aluminum "
8555392,20231221174516.209000000,20231221104516.209000000,1703180716209,1.259140E+4,6.374915E-18,2.300120E-16,8.260519E-8,2.197063E+0," IDEX "," 2023_12_21_run0 "," 10-90 km/s. Al 5-1. IDEX FM Detector 2500. Position 5. HG CSAs ",5," Aluminum "
8555394,20231221174551.182000000,20231221104551.182000000,1703180751182,3.878230E+4,7.107319E-19,2.432770E-16,3.975738E-8,2.197063E+0," IDEX "," 2023_12_21_run0 "," 10-90 km/s. Al 5-1. IDEX FM Detector 2500. Position 5. HG CSAs ",4," Aluminum "
8555397,20231221174551.922000000,20231221104551.922000000,1703180751922,2.167560E+4,8.136516E-18,8.699790E-16,8.960427E-8,2.197063E+0," IDEX "," 2023_12_21_run0 "," 10-90 km/s. Al 5-1. IDEX FM Detector 2500. Position 5. HG CSAs ",5," Aluminum "
8555398,20231221174552.229999999,20231221104552.229999999,1703180752230,2.167560E+4,5.651975E-18,6.043250E-16,7.935652E-8,2.197063E+0," IDEX "," 2023_12_21_run0 "," 10-90 km/s. Al 5-1. IDEX FM Detector 2500. Position 5. HG CSAs ",5," Aluminum "
8555401,20231221174552.779000000,20231221104552.779000000,1703180752779,2.315730E+4,3.785039E-18,4.619280E-16,6.942874E-8,2.197063E+0," IDEX "," 2023_12_21_run0 "," 10-90 km/s. Al 5-1. IDEX FM Detector 2500. Position 5. HG CSAs ",5," Aluminum "
8555407,20231221174608.671000000,20231221104608.671000000,1703180768671,1.195100E+4,1.156041E-17,3.753390E-16,1.007334E-7,2.199524E+0," IDEX "," 2023_12_21_run0 "," 10-90 km/s. Al 5-1. IDEX FM Detector 2500. Position 5. HG CSAs ",5," Aluminum "
8555409,20231221174620.191000000,20231221104620.191000000,1703180780191,2.654150E+4,2.420870E-18,3.878890E-16,5.981908E-8,2.198294E+0," IDEX "," 2023_12_21_run0 "," 10-90 km/s. Al 5-1. IDEX FM Detector 2500. Position 5. HG CSAs ",5," Aluminum "
8555411,20231221174637.427000000,20231221104637.427000000,1703180797427,1.045080E+4,2.242220E-17,5.570090E-16,1.256248E-7,2.198294E+0," IDEX "," 2023_12_21_run0 "," 10-90 km/s. Al 5-1. IDEX FM Detector 2500. Position 5. HG CSAs ",5," Aluminum "
8555412,20231221174637.716000000,20231221104637.716000000,1703180797716,1.124520E+4,1.143014E-17,3.287540E-16,1.003536E-7,2.198294E+0," IDEX "," 2023_12_21_run0 "," 10-90 km/s. Al 5-1. IDEX FM Detector 2500. Position 5. HG CSAs ",5," Aluminum "
8555417,20231221174735.263999999,20231221104735.263999999,1703180855264,1.483890E+4,1.043780E-17,5.227540E-16,9.736111E-8,2.198294E+0," IDEX "," 2023_12_21_run0 "," 10-90 km/s. Al 5-1. IDEX FM Detector 2500. Position 5. HG CSAs ",5," Aluminum "
8555418,20231221174736.839000000,20231221104736.839000000,1703180856839,1.194600E+4,8.163877E-18,2.648400E-16,8.970460E-8,2.199524E+0," IDEX "," 2023_12_21_run0 "," 10-90 km/s. Al 5-1. IDEX FM Detector 2500. Position 5. HG CSAs ",5," Aluminum "
8555423,20231221174745.041999999,20231221104745.041999999,1703180865042,1.192750E+4,1.102239E-17,3.564650E-16,9.914584E-8,2.199524E+0," IDEX "," 2023_12_21_run0 "," 10-90 km/s. Al 5-1. IDEX FM Detector 2500. Position 5. HG CSAs ",5," Aluminum "
8555424,20231221174801.640000000,20231221104801.640000000,1703180881640,1.465580E+4,3.424376E-17,1.672960E-15,1.446693E-7,2.198294E+0," IDEX "," 2023_12_21_run0 "," 10-90 km/s. Al 5-1. IDEX FM Detector 2500. Position 5. HG CSAs ",5," Aluminum "
8555426,20231221174832.172000000,20231221104832.172000000,1703180912172,1.615850E+4,7.008909E-18,4.162340E-16,8.525752E-8,2.198294E+0," IDEX "," 2023_12_21_run0 "," 10-90 km/s. Al 5-1. IDEX FM Detector 2500. Position 5. HG CSAs ",5," Aluminum "
8555429,20231221174906.537999999,20231221104906.537999999,1703180946538,1.093940E+4,1.155179E-17,3.144280E-16,1.007084E-7,2.198294E+0," IDEX "," 2023_12_21_run0 "," 10-90 km/s. Al 5-1. IDEX FM Detector 2500. Position 5. HG CSAs ",3," Aluminum "
8555431,20231221174907.052999999,20231221104907.052999999,1703180947053,3.548100E+4,9.449965E-19,2.705870E-16,4.371790E-8,2.198294E+0," IDEX "," 2023_12_21_run0 "," 10-90 km/s. Al 5-1. IDEX FM Detector 2500. Position 5. HG CSAs ",5," Aluminum "
8555434,20231221174907.483000000,20231221104907.483000000,1703180947483,1.190700E+4,1.116887E-17,3.601630E-16,9.958310E-8,2.198294E+0," IDEX "," 2023_12_21_run0 "," 10-90 km/s. Al 5-1. IDEX FM Detector 2500. Position 5. HG CSAs ",5," Aluminum "
8555435,20231221174908.288999999,20231221104908.288999999,1703180948289,3.302620E+4,9.445998E-19,2.343420E-16,4.371178E-8,2.198294E+0," IDEX "," 2023_12_21_run0 "," 10-90 km/s. Al 5-1. IDEX FM Detector 2500. Position 5. HG CSAs ",4," Aluminum "
8555438,20231221174909.378999999,20231221104909.378999999,1703180949379,1.841660E+4,6.560030E-18,5.060690E-16,8.339714E-8,2.198294E+0," IDEX "," 2023_12_21_run0 "," 10-90 km/s. Al 5-1. IDEX FM Detector 2500. Position 5. HG CSAs ",5," Aluminum "
8555439,20231221174920.155000000,20231221104920.155000000,1703180960155,1.080420E+4,1.424073E-17,3.783080E-16,1.079841E-7,2.197063E+0," IDEX "," 2023_12_21_run0 "," 10-90 km/s. Al 5-1. IDEX FM Detector 2500. Position 5. HG CSAs ",5," Aluminum "
8555440,20231221174921.061999999,20231221104921.061999999,1703180961062,2.912970E+4,1.229748E-18,2.374740E-16,4.772961E-8,2.197063E+0," IDEX "," 2023_12_21_run0 "," 10-90 km/s. Al 5-1. IDEX FM Detector 2500. Position 5. HG CSAs ",4," Aluminum "
8555441,20231221174935.001000000,20231221104935.001000000,1703180975001,1.368000E+4,3.532772E-17,1.503740E-15,1.461799E-7,2.198294E+0," IDEX "," 2023_12_21_run0 "," 10-90 km/s. Al 5-1. IDEX FM Detector 2500. Position 5. HG CSAs ",5," Aluminum "
8555458,20231221184636.348999999,20231221114636.348999999,1703184396349,1.683460E+4,3.655691E-18,2.356460E-16,6.862869E-8,2.198294E+0," IDEX "," 2023_12_21_run1 "," 12-90 km/s. Al 5-1. IDEX FM Detector 2500. Position 5. HG CSAs ",3," Aluminum "
8555459,20231221184647.046000000,20231221114647.046000000,1703184407046,1.826390E+4,7.095566E-18,5.380420E-16,8.560745E-8,2.199524E+0," IDEX "," 2023_12_21_run1 "," 12-90 km/s. Al 5-1. IDEX FM Detector 2500. Position 5. HG CSAs ",5," Aluminum "
8555461,20231221184649.209000000,20231221114649.209000000,1703184409209,1.264510E+4,1.007813E-17,3.663250E-16,9.622971E-8,2.199524E+0," IDEX "," 2023_12_21_run1 "," 12-90 km/s. Al 5-1. IDEX FM Detector 2500. Position 5. HG CSAs ",5," Aluminum "
8555467,20231221184725.268999999,20231221114725.268999999,1703184445269,2.667700E+4,2.759094E-18,4.468570E-16,6.248437E-8,2.197063E+0," IDEX "," 2023_12_21_run1 "," 12-90 km/s. Al 5-1. IDEX FM Detector 2500. Position 5. HG CSAs ",4," Aluminum "
8555468,20231221184810.902000000,20231221114810.902000000,1703184490902,1.592290E+4,6.164069E-18,3.554650E-16,8.168426E-8,2.198294E+0," IDEX "," 2023_12_21_run1 "," 12-90 km/s. Al 5-1. IDEX FM Detector 2500. Position 5. HG CSAs ",5," Aluminum "
8555471,20231221184816.993000000,20231221114816.993000000,1703184496993,1.580040E+4,4.772083E-18,2.709750E-16,7.500414E-8,2.198294E+0," IDEX "," 2023_12_21_run1 "," 12-90 km/s. Al 5-1. IDEX FM Detector 2500. Position 5. HG CSAs ",5," Aluminum "
8555472,20231221184819.609000000,20231221114819.609000000,1703184499609,1.225490E+4,1.929391E-17,6.590600E-16,1.194876E-7,2.198294E+0," IDEX "," 2023_12_21_run1 "," 12-90 km/s. Al 5-1. IDEX FM Detector 2500. Position 5. HG CSAs ",5," Aluminum "
8555481,20231221184854.691000000,20231221114854.691000000,1703184534691,2.909750E+4,1.530258E-18,2.946870E-16,5.133782E-8,2.198294E+0," IDEX "," 2023_12_21_run1 "," 12-90 km/s. Al 5-1. IDEX FM Detector 2500. Position 5. HG CSAs ",5," Aluminum "
8555482,20231221184856.695999999,20231221114856.695999999,1703184536696,2.198490E+4,5.437346E-18,5.977520E-16,7.833903E-8,2.198294E+0," IDEX "," 2023_12_21_run1 "," 12-90 km/s. Al 5-1. IDEX FM Detector 2500. Position 5. HG CSAs ",5," Aluminum "
8555487,20231221184901.733000000,20231221114901.733000000,1703184541733,1.651900E+4,7.672982E-18,4.762300E-16,8.786932E-8,2.198294E+0," IDEX "," 2023_12_21_run1 "," 12-90 km/s. Al 5-1. IDEX FM Detector 2500. Position 5. HG CSAs ",5," Aluminum "
8555488,20231221184905.404000000,20231221114905.404000000,1703184545404,1.282440E+4,8.167043E-18,3.055090E-16,8.971619E-8,2.198294E+0," IDEX "," 2023_12_21_run1 "," 12-90 km/s. Al 5-1. IDEX FM Detector 2500. Position 5. HG CSAs ",5," Aluminum "
8555489,20231221184905.984999999,20231221114905.984999999,1703184545985,1.662910E+4,4.028576E-18,2.533810E-16,7.088697E-8,2.198294E+0," IDEX "," 2023_12_21_run1 "," 12-90 km/s. Al 5-1. IDEX FM Detector 2500. Position 5. HG CSAs ",5," Aluminum "
8555490,20231221184906.756000000,20231221114906.756000000,1703184546756,1.824740E+4,2.345546E-18,1.776360E-16,5.919211E-8,2.198294E+0," IDEX "," 2023_12_21_run1 "," 12-90 km/s. Al 5-1. IDEX FM Detector 2500. Position 5. HG CSAs ",4," Aluminum "
8555496,20231221184920.118999999,20231221114920.118999999,1703184560119,2.042900E+4,3.593846E-18,3.409540E-16,6.823948E-8,2.199524E+0," IDEX "," 2023_12_21_run1 "," 12-90 km/s. Al 5-1. IDEX FM Detector 2500. Position 5. HG CSAs ",5," Aluminum "
8555497,20231221184935.143000000,20231221114935.143000000,1703184575143,1.982300E+4,3.452857E-18,3.084320E-16,6.733519E-8,2.199524E+0," IDEX "," 2023_12_21_run1 "," 12-90 km/s. Al 5-1. IDEX FM Detector 2500. Position 5. HG CSAs ",5," Aluminum "
8555498,20231221184936.047999999,20231221114936.047999999,1703184576048,3.084690E+4,4.279749E-18,9.257280E-16,7.233058E-8,2.199524E+0," IDEX "," 2023_12_21_run1 "," 12-90 km/s. Al 5-1. IDEX FM Detector 2500. Position 5. HG CSAs ",5," Aluminum "
8555502,20231221184941.736999999,20231221114941.736999999,1703184581737,1.883670E+4,2.595624E-18,2.094770E-16,6.122514E-8,2.198294E+0," IDEX "," 2023_12_21_run1 "," 12-90 km/s. Al 5-1. IDEX FM Detector 2500. Position 5. HG CSAs ",3," Aluminum "
8555503,20231221184949.401000000,20231221114949.401000000,1703184589401,1.338810E+4,3.414244E-18,1.391930E-16,6.708324E-8,2.198294E+0," IDEX "," 2023_12_21_run1 "," 12-90 km/s. Al 5-1. IDEX FM Detector 2500. Position 5. HG CSAs ",5," Aluminum "
8555505,20231221184954.697000000,20231221114954.697000000,1703184594697,1.297020E+4,4.487162E-18,1.715960E-16,7.348067E-8,2.199524E+0," IDEX "," 2023_12_21_run1 "," 12-90 km/s. Al 5-1. IDEX FM Detector 2500. Position 5. HG CSAs ",5," Aluminum "
8555506,20231221184958.510000000,20231221114958.510000000,1703184598510,1.453880E+4,5.475315E-18,2.633870E-16,7.852096E-8,2.197063E+0," IDEX "," 2023_12_21_run1 "," 12-90 km/s. Al 5-1. IDEX FM Detector 2500. Position 5. HG CSAs ",3," Aluminum "
8555507,20231221185003.658999999,20231221115003.658999999,1703184603659,1.210700E+4,9.243545E-18,3.083470E-16,9.349651E-8,2.197063E+0," IDEX "," 2023_12_21_run1 "," 12-90 km/s. Al 5-1. IDEX FM Detector 2500. Position 5. HG CSAs ",5," Aluminum "
8555511,20231221185009.662999999,20231221115009.662999999,1703184609663,1.965900E+4,9.715183E-18,8.540020E-16,9.506038E-8,2.198294E+0," IDEX "," 2023_12_21_run1 "," 12-90 km/s. Al 5-1. IDEX FM Detector 2500. Position 5. HG CSAs ",4," Aluminum "
8555512,20231221185016.635000000,20231221115016.635000000,1703184616635,1.236010E+4,1.873267E-17,6.512860E-16,1.183175E-7,2.197063E+0," IDEX "," 2023_12_21_run1 "," 12-90 km/s. Al 5-1. IDEX FM Detector 2500. Position 5. HG CSAs ",5," Aluminum "
8555515,20231221185021.211000000,20231221115021.211000000,1703184621211,1.952030E+4,8.309503E-18,7.205700E-16,9.023483E-8,2.197063E+0," IDEX "," 2023_12_21_run1 "," 12-90 km/s. Al 5-1. IDEX FM Detector 2500. Position 5. HG CSAs ",5," Aluminum "
8555517,20231221185031.078999999,20231221115031.078999999,1703184631079,1.900200E+4,4.543854E-18,3.733800E-16,7.378884E-8,2.197063E+0," IDEX "," 2023_12_21_run1 "," 12-90 km/s. Al 5-1. IDEX FM Detector 2500. Position 5. HG CSAs ",5," Aluminum "
8555518,20231221185032.692000000,20231221115032.692000000,1703184632692,2.133830E+4,3.442773E-18,3.565440E-16,6.726957E-8,2.198294E+0," IDEX "," 2023_12_21_run1 "," 12-90 km/s. Al 5-1. IDEX FM Detector 2500. Position 5. HG CSAs ",5," Aluminum "
8555519,20231221185039.530000000,20231221115039.530000000,1703184639530,2.734110E+4,1.369821E-18,2.329060E-16,4.947705E-8,2.198294E+0," IDEX "," 2023_12_21_run1 "," 12-90 km/s. Al 5-1. IDEX FM Detector 2500. Position 5. HG CSAs ",3," Aluminum "
8555522,20231221185103.529000000,20231221115103.529000000,1703184663529,2.533650E+4,1.772253E-18,2.587640E-16,5.391270E-8,2.198294E+0," IDEX "," 2023_12_21_run1 "," 12-90 km/s. Al 5-1. IDEX FM Detector 2500. Position 5. HG CSAs ",4," Aluminum "
8555523,20231221185107.472000000,20231221115107.472000000,1703184667472,3.796820E+4,6.688121E-19,2.194180E-16,3.895985E-8,2.197063E+0," IDEX "," 2023_12_21_run1 "," 12-90 km/s. Al 5-1. IDEX FM Detector 2500. Position 5. HG CSAs ",5," Aluminum "
8555525,20231221185110.111999999,20231221115110.111999999,1703184670112,1.419390E+4,7.246716E-18,3.322560E-16,8.621105E-8,2.197063E+0," IDEX "," 2023_12_21_run1 "," 12-90 km/s. Al 5-1. IDEX FM Detector 2500. Position 5. HG CSAs ",5," Aluminum "
8555529,20231221185117.276000000,20231221115117.276000000,1703184677276,5.075300E+4,5.098670E-19,2.988880E-16,3.559056E-8,2.197063E+0," IDEX "," 2023_12_21_run1 "," 12-90 km/s. Al 5-1. IDEX FM Detector 2500. Position 5. HG CSAs ",5," Aluminum "
8555532,20231221185126.635999999,20231221115126.635999999,1703184686636,1.343580E+4,1.125045E-17,4.619360E-16,9.982495E-8,2.198294E+0," IDEX "," 2023_12_21_run1 "," 12-90 km/s. Al 5-1. IDEX FM Detector 2500. Position 5. HG CSAs ",5," Aluminum "
8555533,20231221185130.763999999,20231221115130.763999999,1703184690764,2.545840E+4,2.521237E-18,3.716730E-16,6.063459E-8,2.198294E+0," IDEX "," 2023_12_21_run1 "," 12-90 km/s. Al 5-1. IDEX FM Detector 2500. Position 5. HG CSAs ",5," Aluminum "
8555534,20231221185131.600000000,20231221115131.600000000,1703184691600,2.067000E+4,3.800147E-18,3.692890E-16,6.952100E-8,2.198294E+0," IDEX "," 2023_12_21_run1 "," 12-90 km/s. Al 5-1. IDEX FM Detector 2500. Position 5. HG CSAs ",5," Aluminum "
8555535,20231221185138.439000000,20231221115138.439000000,1703184698439,2.086020E+4,4.844647E-18,4.794950E-16,7.538240E-8,2.198294E+0," IDEX "," 2023_12_21_run1 "," 12-90 km/s. Al 5-1. IDEX FM Detector 2500. Position 5. HG CSAs ",5," Aluminum "
8555537,20231221185140.753999999,20231221115140.753999999,1703184700754,1.435830E+4,1.056967E-17,4.956240E-16,9.776941E-8,2.198294E+0," IDEX "," 2023_12_21_run1 "," 12-90 km/s. Al 5-1. IDEX FM Detector 2500. Position 5. HG CSAs ",5," Aluminum "
8555538,20231221185142.248000000,20231221115142.248000000,1703184702248,1.453320E+4,4.446894E-18,2.136310E-16,7.326020E-8,2.198294E+0," IDEX "," 2023_12_21_run1 "," 12-90 km/s. Al 5-1. IDEX FM Detector 2500. Position 5. HG CSAs ",5," Aluminum "
8555539,20231221185142.371000000,20231221115142.371000000,1703184702371,2.737340E+4,1.713333E-18,2.920010E-16,5.330850E-8,2.198294E+0," IDEX "," 2023_12_21_run1 "," 12-90 km/s. Al 5-1. IDEX FM Detector 2500. Position 5. HG CSAs ",3," Aluminum "
8555541,20231221185146.506000000,20231221115146.506000000,1703184706506,1.488400E+4,6.840403E-18,3.446720E-16,8.456872E-8,2.198294E+0," IDEX "," 2023_12_21_run1 "," 12-90 km/s. Al 5-1. IDEX FM Detector 2500. Position 5. HG CSAs ",5," Aluminum "
8555542,20231221185147.987999999,20231221115147.987999999,1703184707988,1.854000E+4,1.765454E-17,1.380260E-15,1.160027E-7,2.198294E+0," IDEX "," 2023_12_21_run1 "," 12-90 km/s. Al 5-1. IDEX FM Detector 2500. Position 5. HG CSAs ",5," Aluminum "
8555543,20231221185149.796000000,20231221115149.796000000,1703184709796,1.508100E+4,2.018564E-17,1.044210E-15,1.213007E-7,2.198294E+0," IDEX "," 2023_12_21_run1 "," 12-90 km/s. Al 5-1. IDEX FM Detector 2500. Position 5. HG CSAs ",5," Aluminum "
8555544,20231221185150.381000000,20231221115150.381000000,1703184710381,2.068350E+4,6.970651E-18,6.782760E-16,8.510211E-8,2.198294E+0," IDEX "," 2023_12_21_run1 "," 12-90 km/s. Al 5-1. IDEX FM Detector 2500. Position 5. HG CSAs ",5," Aluminum "
8555545,20231221185151.410000000,20231221115151.410000000,1703184711410,1.292380E+4,2.671779E-17,1.015000E-15,1.331832E-7,2.198294E+0," IDEX "," 2023_12_21_run1 "," 12-90 km/s. Al 5-1. IDEX FM Detector 2500. Position 5. HG CSAs ",5," Aluminum "
8555548,20231221185153.466999999,20231221115153.466999999,1703184713467,2.051300E+4,4.319092E-18,4.133670E-16,7.255155E-8,2.198294E+0," IDEX "," 2023_12_21_run1 "," 12-90 km/s. Al 5-1. IDEX FM Detector 2500. Position 5. HG CSAs ",5," Aluminum "
8555551,20231221185158.884000000,20231221115158.884000000,1703184718884,2.159540E+4,1.638918E-18,1.738460E-16,5.252527E-8,2.198294E+0," IDEX "," 2023_12_21_run1 "," 12-90 km/s. Al 5-1. IDEX FM Detector 2500. Position 5. HG CSAs ",4," Aluminum "
8555552,20231221185203.856000000,20231221115203.856000000,1703184723856,1.341110E+4,5.756648E-18,2.354960E-16,7.984342E-8,2.198294E+0," IDEX "," 2023_12_21_run1 "," 12-90 km/s. Al 5-1. IDEX FM Detector 2500. Position 5. HG CSAs ",5," Aluminum "
8555553,20231221185205.856999999,20231221115205.856999999,1703184725857,1.570070E+4,1.630881E-17,9.149310E-16,1.129770E-7,2.197063E+0," IDEX "," 2023_12_21_run1 "," 12-90 km/s. Al 5-1. IDEX FM Detector 2500. Position 5. HG CSAs ",5," Aluminum "
8555555,20231221185209.660999999,20231221115209.660999999,1703184729661,1.561710E+4,1.358217E-17,7.534510E-16,1.062932E-7,2.198294E+0," IDEX "," 2023_12_21_run1 "," 12-90 km/s. Al 5-1. IDEX FM Detector 2500. Position 5. HG CSAs ",5," Aluminum "
8555556,20231221185211.731999999,20231221115211.731999999,1703184731732,1.446020E+4,1.509940E-17,7.181140E-16,1.101123E-7,2.198294E+0," IDEX "," 2023_12_21_run1 "," 12-90 km/s. Al 5-1. IDEX FM Detector 2500. Position 5. HG CSAs ",3," Aluminum "
8555557,20231221185217.918999999,20231221115217.918999999,1703184737919,1.725830E+4,8.886047E-18,6.016540E-16,9.227529E-8,2.199524E+0," IDEX "," 2023_12_21_run1 "," 12-90 km/s. Al 5-1. IDEX FM Detector 2500. Position 5. HG CSAs ",5," Aluminum "
8555559,20231221185227.591999999,20231221115227.591999999,1703184747592,2.212430E+4,2.622546E-18,2.919760E-16,6.143609E-8,2.198294E+0," IDEX "," 2023_12_21_run1 "," 12-90 km/s. Al 5-1. IDEX FM Detector 2500. Position 5. HG CSAs ",3," Aluminum "
8555560,20231221185239.663999999,20231221115239.663999999,1703184759664,2.219470E+4,2.490096E-18,2.789970E-16,6.038390E-8,2.198294E+0," IDEX "," 2023_12_21_run1 "," 12-90 km/s. Al 5-1. IDEX FM Detector 2500. Position 5. HG CSAs ",5," Aluminum "
8555563,20231221185244.949999999,20231221115244.949999999,1703184764950,1.315980E+4,8.693650E-18,3.424410E-16,9.160446E-8,2.198294E+0," IDEX "," 2023_12_21_run1 "," 12-90 km/s. Al 5-1. IDEX FM Detector 2500. Position 5. HG CSAs ",3," Aluminum "
8555564,20231221185257.274999999,20231221115257.274999999,1703184777275,1.317650E+4,9.346738E-18,3.691010E-16,9.384315E-8,2.198294E+0," IDEX "," 2023_12_21_run1 "," 12-90 km/s. Al 5-1. IDEX FM Detector 2500. Position 5. HG CSAs ",4," Aluminum "
8555565,20231221185257.538999999,20231221115257.538999999,1703184777539,1.259620E+4,1.027067E-17,3.706490E-16,9.683866E-8,2.198294E+0," IDEX "," 2023_12_21_run1 "," 12-90 km/s. Al 5-1. IDEX FM Detector 2500. Position 5. HG CSAs ",4," Aluminum "
8555570,20231221185300.692000000,20231221115300.692000000,1703184780692,2.202420E+4,5.930414E-18,6.542900E-16,8.063883E-8,2.198294E+0," IDEX "," 2023_12_21_run1 "," 12-90 km/s. Al 5-1. IDEX FM Detector 2500. Position 5. HG CSAs ",5," Aluminum "
8555571,20231221185301.212000000,20231221115301.212000000,1703184781212,2.878520E+4,1.313539E-18,2.475520E-16,4.878993E-8,2.198294E+0," IDEX "," 2023_12_21_run1 "," 12-90 km/s. Al 5-1. IDEX FM Detector 2500. Position 5. HG CSAs ",5," Aluminum "
8555573,20231221185309.861000000,20231221115309.861000000,1703184789861,1.643190E+4,4.164032E-17,2.558690E-15,1.544142E-7,2.197063E+0," IDEX "," 2023_12_21_run1 "," 12-90 km/s. Al 5-1. IDEX FM Detector 2500. Position 5. HG CSAs ",5," Aluminum "
8555574,20231221185310.890999999,20231221115310.890999999,1703184790891,1.601410E+4,7.995834E-18,4.666560E-16,8.908484E-8,2.197063E+0," IDEX "," 2023_12_21_run1 "," 12-90 km/s. Al 5-1. IDEX FM Detector 2500. Position 5. HG CSAs ",5," Aluminum "
8555576,20231221185312.118999999,20231221115312.118999999,1703184792119,2.715660E+4,1.813972E-18,3.042750E-16,5.433246E-8,2.198294E+0," IDEX "," 2023_12_21_run1 "," 12-90 km/s. Al 5-1. IDEX FM Detector 2500. Position 5. HG CSAs ",5," Aluminum "
8555577,20231221185314.629999999,20231221115314.629999999,1703184794630,1.289280E+4,2.539462E-17,9.606480E-16,1.309473E-7,2.197063E+0," IDEX "," 2023_12_21_run1 "," 12-90 km/s. Al 5-1. IDEX FM Detector 2500. Position 5. HG CSAs ",5," Aluminum "
8555579,20231221185318.378999999,20231221115318.378999999,1703184798379,1.337470E+4,7.604827E-18,3.095890E-16,8.760838E-8,2.197063E+0," IDEX "," 2023_12_21_run1 "," 12-90 km/s. Al 5-1. IDEX FM Detector 2500. Position 5. HG CSAs ",3," Aluminum "
8555580,20231221185323.592999999,20231221115323.592999999,1703184803593,1.329890E+4,8.014241E-18,3.223880E-16,8.915315E-8,2.198294E+0," IDEX "," 2023_12_21_run1 "," 12-90 km/s. Al 5-1. IDEX FM Detector 2500. Position 5. HG CSAs ",5," Aluminum "
8555581,20231221185330.237999999,20231221115330.237999999,1703184810238,1.176150E+4,7.542967E-18,2.373300E-16,8.737019E-8,2.198294E+0," IDEX "," 2023_12_21_run1 "," 12-90 km/s. Al 5-1. IDEX FM Detector 2500. Position 5. HG CSAs ",5," Aluminum "
8555582,20231221185330.566000000,20231221115330.566000000,1703184810566,2.267660E+4,3.312012E-18,3.873760E-16,6.640689E-8,2.198294E+0," IDEX "," 2023_12_21_run1 "," 12-90 km/s. Al 5-1. IDEX FM Detector 2500. Position 5. HG CSAs ",5," Aluminum "
8555583,20231221185332.444000000,20231221115332.444000000,1703184812444,1.984300E+4,3.021851E-18,2.706280E-16,6.440806E-8,2.198294E+0," IDEX "," 2023_12_21_run1 "," 12-90 km/s. Al 5-1. IDEX FM Detector 2500. Position 5. HG CSAs ",5," Aluminum "
8555585,20231221185338.371999999,20231221115338.371999999,1703184818372,1.460070E+4,4.332947E-18,2.100950E-16,7.262904E-8,2.198294E+0," IDEX "," 2023_12_21_run1 "," 12-90 km/s. Al 5-1. IDEX FM Detector 2500. Position 5. HG CSAs ",4," Aluminum "
8555587,20231221185342.435000000,20231221115342.435000000,1703184822435,1.671790E+4,1.750443E-17,1.113370E-15,1.156730E-7,2.197063E+0," IDEX "," 2023_12_21_run1 "," 12-90 km/s. Al 5-1. IDEX FM Detector 2500. Position 5. HG CSAs ",5," Aluminum "
8555588,20231221185349.663999999,20231221115349.663999999,1703184829664,2.998480E+4,9.677233E-19,1.977860E-16,4.406559E-8,2.199524E+0," IDEX "," 2023_12_21_run1 "," 12-90 km/s. Al 5-1. IDEX FM Detector 2500. Position 5. HG CSAs ",5," Aluminum "
8555589,20231221185351.544999999,20231221115351.544999999,1703184831545,1.551480E+4,5.147488E-18,2.816630E-16,7.692149E-8,2.199524E+0," IDEX "," 2023_12_21_run1 "," 12-90 km/s. Al 5-1. IDEX FM Detector 2500. Position 5. HG CSAs ",4," Aluminum "
8555592,20231221185357.084000000,20231221115357.084000000,1703184837084,1.528740E+4,8.322147E-18,4.423720E-16,9.028058E-8,2.198294E+0," IDEX "," 2023_12_21_run1 "," 12-90 km/s. Al 5-1. IDEX FM Detector 2500. Position 5. HG CSAs ",5," Aluminum "
8555593,20231221185359.472000000,20231221115359.472000000,1703184839472,2.669690E+4,6.060441E-18,9.824510E-16,8.122392E-8,2.198294E+0," IDEX "," 2023_12_21_run1 "," 12-90 km/s. Al 5-1. IDEX FM Detector 2500. Position 5. HG CSAs ",5," Aluminum "
8555597,20231221185411.401000000,20231221115411.401000000,1703184851401,2.166480E+4,2.132624E-18,2.277990E-16,5.734391E-8,2.197063E+0," IDEX "," 2023_12_21_run1 "," 12-90 km/s. Al 5-1. IDEX FM Detector 2500. Position 5. HG CSAs ",5," Aluminum "
8555600,20231221185416.441000000,20231221115416.441000000,1703184856441,1.755020E+4,9.148487E-18,6.409120E-16,9.317490E-8,2.198294E+0," IDEX "," 2023_12_21_run1 "," 12-90 km/s. Al 5-1. IDEX FM Detector 2500. Position 5. HG CSAs ",5," Aluminum "
8555602,20231221185417.151000000,20231221115417.151000000,1703184857151,1.252440E+4,2.586819E-17,9.229220E-16,1.317563E-7,2.198294E+0," IDEX "," 2023_12_21_run1 "," 12-90 km/s. Al 5-1. IDEX FM Detector 2500. Position 5. HG CSAs ",5," Aluminum "
8555603,20231221185417.665999999,20231221115417.665999999,1703184857666,1.273230E+4,4.383902E-18,1.616440E-16,7.291264E-8,2.198294E+0," IDEX "," 2023_12_21_run1 "," 12-90 km/s. Al 5-1. IDEX FM Detector 2500. Position 5. HG CSAs ",4," Aluminum "
8555604,20231221185418.182999999,20231221115418.182999999,1703184858183,1.226270E+4,7.381815E-17,2.523350E-15,1.868832E-7,2.199524E+0," IDEX "," 2023_12_21_run1 "," 12-90 km/s. Al 5-1. IDEX FM Detector 2500. Position 5. HG CSAs ",5," Aluminum "
8555605,20231221185419.143999999,20231221115419.143999999,1703184859144,1.812420E+4,5.506591E-18,4.111900E-16,7.867018E-8,2.199524E+0," IDEX "," 2023_12_21_run1 "," 12-90 km/s. Al 5-1. IDEX FM Detector 2500. Position 5. HG CSAs ",5," Aluminum "
8555606,20231221185421.469999999,20231221115421.469999999,1703184861470,1.727450E+4,6.779993E-18,4.599200E-16,8.431903E-8,2.199524E+0," IDEX "," 2023_12_21_run1 "," 12-90 km/s. Al 5-1. IDEX FM Detector 2500. Position 5. HG CSAs ",5," Aluminum "
8555609,20231221185425.013999999,20231221115425.013999999,1703184865014,1.733380E+4,4.839885E-18,3.305710E-16,7.535768E-8,2.199524E+0," IDEX "," 2023_12_21_run1 "," 12-90 km/s. Al 5-1. IDEX FM Detector 2500. Position 5. HG CSAs ",5," Aluminum "
8555612,20231221185435.148999999,20231221115435.148999999,1703184875149,2.230650E+4,3.975363E-18,4.499090E-16,7.057347E-8,2.198294E+0," IDEX "," 2023_12_21_run1 "," 12-90 km/s. Al 5-1. IDEX FM Detector 2500. Position 5. HG CSAs ",5," Aluminum "
8555617,20231221185449.665999999,20231221115449.665999999,1703184889666,2.094390E+4,2.168697E-18,2.162500E-16,5.766542E-8,2.199524E+0," IDEX "," 2023_12_21_run1 "," 12-90 km/s. Al 5-1. IDEX FM Detector 2500. Position 5. HG CSAs ",4," Aluminum "
8555618,20231221185453.087000000,20231221115453.087000000,1703184893087,1.595420E+4,3.619849E-18,2.093340E-16,6.840366E-8,2.200754E+0," IDEX "," 2023_12_21_run1 "," 12-90 km/s. Al 5-1. IDEX FM Detector 2500. Position 5. HG CSAs ",4," Aluminum "
8555619,20231221185459.790000000,20231221115459.790000000,1703184899790,1.411640E+4,7.865029E-18,3.566780E-16,8.859638E-8,2.197063E+0," IDEX "," 2023_12_21_run1 "," 12-90 km/s. Al 5-1. IDEX FM Detector 2500. Position 5. HG CSAs ",5," Aluminum "
8555620,20231221185502.435000000,20231221115502.435000000,1703184902435,1.311970E+4,1.682505E-17,6.590710E-16,1.141567E-7,2.197063E+0," IDEX "," 2023_12_21_run1 "," 12-90 km/s. Al 5-1. IDEX FM Detector 2500. Position 5. HG CSAs ",5," Aluminum "
8555621,20231221185504.956999999,20231221115504.956999999,1703184904957,1.239350E+4,9.104393E-18,3.182490E-16,9.302497E-8,2.197063E+0," IDEX "," 2023_12_21_run1 "," 12-90 km/s. Al 5-1. IDEX FM Detector 2500. Position 5. HG CSAs ",5," Aluminum "
8555622,20231221185509.915999999,20231221115509.915999999,1703184909916,4.532440E+4,3.637452E-18,1.700550E-15,6.851436E-8,2.197063E+0," IDEX "," 2023_12_21_run1 "," 12-90 km/s. Al 5-1. IDEX FM Detector 2500. Position 5. HG CSAs ",5," Aluminum "
8555623,20231221185514.429000000,20231221115514.429000000,1703184914429,3.138460E+4,3.799730E-18,8.512770E-16,6.951846E-8,2.198294E+0," IDEX "," 2023_12_21_run1 "," 12-90 km/s. Al 5-1. IDEX FM Detector 2500. Position 5. HG CSAs ",5," Aluminum "
8555625,20231221185520.055000000,20231221115520.055000000,1703184920055,1.360850E+4,5.863446E-18,2.468400E-16,8.033415E-8,2.199524E+0," IDEX "," 2023_12_21_run1 "," 12-90 km/s. Al 5-1. IDEX FM Detector 2500. Position 5. HG CSAs ",5," Aluminum "
8555626,20231221185522.199000000,20231221115522.199000000,1703184922199,1.208250E+4,4.988259E-18,1.657260E-16,7.612002E-8,2.197063E+0," IDEX "," 2023_12_21_run1 "," 12-90 km/s. Al 5-1. IDEX FM Detector 2500. Position 5. HG CSAs ",5," Aluminum "
8555628,20231221185523.567999999,20231221115523.567999999,1703184923568,2.406840E+4,2.781704E-18,3.667190E-16,6.265458E-8,2.197063E+0," IDEX "," 2023_12_21_run1 "," 12-90 km/s. Al 5-1. IDEX FM Detector 2500. Position 5. HG CSAs ",5," Aluminum "
8555631,20231221185536.972999999,20231221115536.972999999,1703184936973,1.659900E+4,3.811178E-18,2.387070E-16,6.958820E-8,2.199524E+0," IDEX "," 2023_12_21_run1 "," 12-90 km/s. Al 5-1. IDEX FM Detector 2500. Position 5. HG CSAs ",5," Aluminum "
8555632,20231221185539.134000000,20231221115539.134000000,1703184939134,1.286770E+4,6.334912E-18,2.384430E-16,8.243205E-8,2.199524E+0," IDEX "," 2023_12_21_run1 "," 12-90 km/s. Al 5-1. IDEX FM Detector 2500. Position 5. HG CSAs ",5," Aluminum "
8555633,20231221185548.413999999,20231221115548.413999999,1703184948414,2.034730E+4,9.297388E-18,8.759970E-16,9.367769E-8,2.197063E+0," IDEX "," 2023_12_21_run1 "," 12-90 km/s. Al 5-1. IDEX FM Detector 2500. Position 5. HG CSAs ",5," Aluminum "
8555640,20231221185828.759000000,20231221115828.759000000,1703185108759,1.868100E+4,6.593841E-18,5.233880E-16,8.354017E-8,2.198294E+0," IDEX "," 2023_12_21_run1 "," 12-90 km/s. Al 5-1. IDEX FM Detector 2500. Position 5. HG CSAs ",5," Aluminum "
8555645,20231221185838.373000000,20231221115838.373000000,1703185118373,3.190260E+4,2.499760E-18,5.790000E-16,6.046193E-8,2.197063E+0," IDEX "," 2023_12_21_run1 "," 12-90 km/s. Al 5-1. IDEX FM Detector 2500. Position 5. HG CSAs ",5," Aluminum "
8555646,20231221185838.625000000,20231221115838.625000000,1703185118625,3.712980E+4,1.110714E-18,3.484780E-16,4.613706E-8,2.197063E+0," IDEX "," 2023_12_21_run1 "," 12-90 km/s. Al 5-1. IDEX FM Detector 2500. Position 5. HG CSAs ",5," Aluminum "
8555649,20231221185845.165999999,20231221115845.165999999,1703185125166,2.273150E+4,4.699622E-18,5.523370E-16,7.462257E-8,2.198294E+0," IDEX "," 2023_12_21_run1 "," 12-90 km/s. Al 5-1. IDEX FM Detector 2500. Position 5. HG CSAs ",4," Aluminum "
8555650,20231221185848.657000000,20231221115848.657000000,1703185128657,1.858680E+4,2.227999E-18,1.750690E-16,5.818632E-8,2.198294E+0," IDEX "," 2023_12_21_run1 "," 12-90 km/s. Al 5-1. IDEX FM Detector 2500. Position 5. HG CSAs ",3," Aluminum "
8555653,20231221185851.162999999,20231221115851.162999999,1703185131163,1.415110E+4,9.453058E-18,4.305640E-16,9.419763E-8,2.198294E+0," IDEX "," 2023_12_21_run1 "," 12-90 km/s. Al 5-1. IDEX FM Detector 2500. Position 5. HG CSAs ",5," Aluminum "
8555654,20231221185853.293000000,20231221115853.293000000,1703185133293,1.520540E+4,2.936261E-17,1.544100E-15,1.374403E-7,2.198294E+0," IDEX "," 2023_12_21_run1 "," 12-90 km/s. Al 5-1. IDEX FM Detector 2500. Position 5. HG CSAs ",5," Aluminum "
8555657,20231221185917.254999999,20231221115917.254999999,1703185157255,1.403780E+4,2.791851E-17,1.251340E-15,1.351491E-7,2.198294E+0," IDEX "," 2023_12_21_run1 "," 12-90 km/s. Al 5-1. IDEX FM Detector 2500. Position 5. HG CSAs ",5," Aluminum "
8555658,20231221185934.331999999,20231221115934.331999999,1703185174332,2.017500E+4,4.134278E-18,3.827470E-16,7.150160E-8,2.198294E+0," IDEX "," 2023_12_21_run1 "," 12-90 km/s. Al 5-1. IDEX FM Detector 2500. Position 5. HG CSAs ",5," Aluminum "
8555659,20231221185934.526000000,20231221115934.526000000,1703185174526,1.591460E+4,3.199463E-18,1.843120E-16,6.564600E-8,2.198294E+0," IDEX "," 2023_12_21_run1 "," 12-90 km/s. Al 5-1. IDEX FM Detector 2500. Position 5. HG CSAs ",5," Aluminum "
8555664,20231221185943.368000000,20231221115943.368000000,1703185183368,1.652730E+4,6.949538E-18,4.315210E-16,8.501610E-8,2.199524E+0," IDEX "," 2023_12_21_run1 "," 12-90 km/s. Al 5-1. IDEX FM Detector 2500. Position 5. HG CSAs ",3," Aluminum "
8555668,20231221185958.367000000,20231221115958.367000000,1703185198367,1.462670E+4,4.879818E-18,2.374550E-16,7.556437E-8,2.198294E+0," IDEX "," 2023_12_21_run1 "," 12-90 km/s. Al 5-1. IDEX FM Detector 2500. Position 5. HG CSAs ",5," Aluminum "
8555669,20231221185959.015999999,20231221115959.015999999,1703185199016,1.278430E+4,4.479392E-18,1.666100E-16,7.343824E-8,2.197063E+0," IDEX "," 2023_12_21_run1 "," 12-90 km/s. Al 5-1. IDEX FM Detector 2500. Position 5. HG CSAs ",4," Aluminum "
8555670,20231221185959.137000000,20231221115959.137000000,1703185199137,1.993020E+4,7.729961E-18,6.987610E-16,8.808629E-8,2.197063E+0," IDEX "," 2023_12_21_run1 "," 12-90 km/s. Al 5-1. IDEX FM Detector 2500. Position 5. HG CSAs ",5," Aluminum "
8555671,20231221190000.825999999,20231221120000.825999999,1703185200826,1.906630E+4,4.921621E-18,4.069360E-16,7.577953E-8,2.198294E+0," IDEX "," 2023_12_21_run1 "," 12-90 km/s. Al 5-1. IDEX FM Detector 2500. Position 5. HG CSAs ",5," Aluminum "
8555674,20231221190230.768000000,20231221120230.768000000,1703185350768,1.301790E+4,2.021670E-17,7.796870E-16,1.213629E-7,2.197063E+0," IDEX "," 2023_12_21_run1 "," 12-90 km/s. Al 5-1. IDEX FM Detector 2500. Position 5. HG CSAs ",5," Aluminum "
8555675,20231221190232.012000000,20231221120232.012000000,1703185352012,6.091930E+4,8.570423E-19,7.234310E-16,4.231717E-8,2.198294E+0," IDEX "," 2023_12_21_run1 "," 12-90 km/s. Al 5-1. IDEX FM Detector 2500. Position 5. HG CSAs ",5," Aluminum "
8555676,20231221190233.117000000,20231221120233.117000000,1703185353117,2.791410E+4,1.343118E-18,2.380380E-16,4.915344E-8,2.198294E+0," IDEX "," 2023_12_21_run1 "," 12-90 km/s. Al 5-1. IDEX FM Detector 2500. Position 5. HG CSAs ",5," Aluminum "
8555677,20231221190245.793999999,20231221120245.793999999,1703185365794,1.238360E+4,4.163860E-17,1.451550E-15,1.544121E-7,2.199524E+0," IDEX "," 2023_12_21_run1 "," 12-90 km/s. Al 5-1. IDEX FM Detector 2500. Position 5. HG CSAs ",5," Aluminum "
8555678,20231221190246.501000000,20231221120246.501000000,1703185366501,1.582830E+4,5.713246E-18,3.253820E-16,7.964225E-8,2.199524E+0," IDEX "," 2023_12_21_run1 "," 12-90 km/s. Al 5-1. IDEX FM Detector 2500. Position 5. HG CSAs ",5," Aluminum "
8555679,20231221190249.984000000,20231221120249.984000000,1703185369984,1.767370E+4,3.197687E-18,2.270560E-16,6.563385E-8,2.199524E+0," IDEX "," 2023_12_21_run1 "," 12-90 km/s. Al 5-1. IDEX FM Detector 2500. Position 5. HG CSAs ",5," Aluminum "
8555680,20231221190253.410999999,20231221120253.410999999,1703185373411,1.221540E+4,1.315656E-17,4.467720E-16,1.051712E-7,2.197063E+0," IDEX "," 2023_12_21_run1 "," 12-90 km/s. Al 5-1. IDEX FM Detector 2500. Position 5. HG CSAs ",5," Aluminum "
8555682,20231221190254.819000000,20231221120254.819000000,1703185374819,2.306050E+4,1.752008E-18,2.117950E-16,5.370664E-8,2.199524E+0," IDEX "," 2023_12_21_run1 "," 12-90 km/s. Al 5-1. IDEX FM Detector 2500. Position 5. HG CSAs ",5," Aluminum "
8555683,20231221190256.055000000,20231221120256.055000000,1703185376055,2.278530E+4,2.410364E-18,2.847870E-16,5.973241E-8,2.197063E+0," IDEX "," 2023_12_21_run1 "," 12-90 km/s. Al 5-1. IDEX FM Detector 2500. Position 5. HG CSAs ",5," Aluminum "
8555687,20231221190304.376999999,20231221120304.376999999,1703185384377,2.026730E+4,2.619621E-18,2.446090E-16,6.141325E-8,2.199524E+0," IDEX "," 2023_12_21_run1 "," 12-90 km/s. Al 5-1. IDEX FM Detector 2500. Position 5. HG CSAs ",3," Aluminum "
8555690,20231221190309.725000000,20231221120309.725000000,1703185389725,1.963010E+4,1.181908E-17,1.035890E-15,1.014792E-7,2.198294E+0," IDEX "," 2023_12_21_run1 "," 12-90 km/s. Al 5-1. IDEX FM Detector 2500. Position 5. HG CSAs ",4," Aluminum "
8555691,20231221190314.824999999,20231221120314.824999999,1703185394825,2.599720E+4,1.991065E-18,3.060720E-16,5.604597E-8,2.198294E+0," IDEX "," 2023_12_21_run1 "," 12-90 km/s. Al 5-1. IDEX FM Detector 2500. Position 5. HG CSAs ",4," Aluminum "
8555695,20231221190326.087999999,20231221120326.087999999,1703185406088,1.956050E+4,8.348415E-18,7.269290E-16,9.037547E-8,2.197063E+0," IDEX "," 2023_12_21_run1 "," 12-90 km/s. Al 5-1. IDEX FM Detector 2500. Position 5. HG CSAs ",5," Aluminum "
8555697,20231221190332.449999999,20231221120332.449999999,1703185412450,3.204260E+4,1.181471E-18,2.760620E-16,4.709667E-8,2.197063E+0," IDEX "," 2023_12_21_run1 "," 12-90 km/s. Al 5-1. IDEX FM Detector 2500. Position 5. HG CSAs ",4," Aluminum "
8555700,20231221190423.214999999,20231221120423.214999999,1703185463215,4.149870E+4,2.402865E-18,9.406770E-16,5.967041E-8,2.199524E+0," IDEX "," 2023_12_21_run1 "," 12-90 km/s. Al 5-1. IDEX FM Detector 2500. Position 5. HG CSAs ",5," Aluminum "
8555701,20231221190426.518999999,20231221120426.518999999,1703185466519,3.223120E+4,1.665309E-18,3.932690E-16,5.280570E-8,2.199524E+0," IDEX "," 2023_12_21_run1 "," 12-90 km/s. Al 5-1. IDEX FM Detector 2500. Position 5. HG CSAs ",5," Aluminum "
8555705,20231221190434.277999999,20231221120434.277999999,1703185474278,1.337880E+4,6.954978E-18,2.831490E-16,8.503828E-8,2.198294E+0," IDEX "," 2023_12_21_run1 "," 12-90 km/s. Al 5-1. IDEX FM Detector 2500. Position 5. HG CSAs ",3," Aluminum "
8555706,20231221190437.148000000,20231221120437.148000000,1703185477148,1.699420E+4,2.757959E-18,1.811650E-16,6.247580E-8,2.198294E+0," IDEX "," 2023_12_21_run1 "," 12-90 km/s. Al 5-1. IDEX FM Detector 2500. Position 5. HG CSAs ",5," Aluminum "
8555707,20231221190439.831000000,20231221120439.831000000,1703185479831,2.118750E+4,7.297345E-18,7.450910E-16,8.641136E-8,2.198294E+0," IDEX "," 2023_12_21_run1 "," 12-90 km/s. Al 5-1. IDEX FM Detector 2500. Position 5. HG CSAs ",5," Aluminum "
8555708,20231221190440.773000000,20231221120440.773000000,1703185480773,2.317500E+4,2.455887E-18,3.000080E-16,6.010612E-8,2.198294E+0," IDEX "," 2023_12_21_run1 "," 12-90 km/s. Al 5-1. IDEX FM Detector 2500. Position 5. HG CSAs ",4," Aluminum "
8555716,20231221190449.581999999,20231221120449.581999999,1703185489582,2.261090E+4,4.202277E-18,4.889320E-16,7.189148E-8,2.197063E+0," IDEX "," 2023_12_21_run1 "," 12-90 km/s. Al 5-1. IDEX FM Detector 2500. Position 5. HG CSAs ",5," Aluminum "
8555718,20231221190452.837000000,20231221120452.837000000,1703185492837,1.299710E+4,5.824764E-18,2.237980E-16,8.015709E-8,2.198294E+0," IDEX "," 2023_12_21_run1 "," 12-90 km/s. Al 5-1. IDEX FM Detector 2500. Position 5. HG CSAs ",5," Aluminum "
8555723,20231221190455.645000000,20231221120455.645000000,1703185495645,2.346670E+4,2.391068E-18,2.994890E-16,5.957259E-8,2.198294E+0," IDEX "," 2023_12_21_run1 "," 12-90 km/s. Al 5-1. IDEX FM Detector 2500. Position 5. HG CSAs ",5," Aluminum "
8555724,20231221190456.833000000,20231221120456.833000000,1703185496833,2.139500E+4,2.606055E-18,2.714790E-16,6.130705E-8,2.197063E+0," IDEX "," 2023_12_21_run1 "," 12-90 km/s. Al 5-1. IDEX FM Detector 2500. Position 5. HG CSAs ",5," Aluminum "
8555725,20231221190457.015999999,20231221120457.015999999,1703185497016,4.032930E+4,3.686036E-18,1.364360E-15,6.881805E-8,2.197063E+0," IDEX "," 2023_12_21_run1 "," 12-90 km/s. Al 5-1. IDEX FM Detector 2500. Position 5. HG CSAs ",5," Aluminum "
8555726,20231221190457.395000000,20231221120457.395000000,1703185497395,1.666840E+4,4.633447E-18,2.929680E-16,7.427066E-8,2.197063E+0," IDEX "," 2023_12_21_run1 "," 12-90 km/s. Al 5-1. IDEX FM Detector 2500. Position 5. HG CSAs ",5," Aluminum "
8555729,20231221190459.969000000,20231221120459.969000000,1703185499969,1.173480E+4,1.131385E-17,3.545600E-16,1.000121E-7,2.197063E+0," IDEX "," 2023_12_21_run1 "," 12-90 km/s. Al 5-1. IDEX FM Detector 2500. Position 5. HG CSAs ",5," Aluminum "
8555730,20231221190500.211000000,20231221120500.211000000,1703185500211,2.443680E+4,2.625675E-17,3.568270E-15,1.324127E-7,2.197063E+0," IDEX "," 2023_12_21_run1 "," 12-90 km/s. Al 5-1. IDEX FM Detector 2500. Position 5. HG CSAs ",5," Aluminum "
8555733,20231221190510.308999999,20231221120510.308999999,1703185510309,1.636680E+4,6.007364E-18,3.660130E-16,8.098610E-8,2.198294E+0," IDEX "," 2023_12_21_run1 "," 12-90 km/s. Al 5-1. IDEX FM Detector 2500. Position 5. HG CSAs ",5," Aluminum "
8555734,20231221190518.373000000,20231221120518.373000000,1703185518373,1.817510E+4,3.151640E-18,2.369290E-16,6.531727E-8,2.197063E+0," IDEX "," 2023_12_21_run1 "," 12-90 km/s. Al 5-1. IDEX FM Detector 2500. Position 5. HG CSAs ",4," Aluminum "
8555735,20231221190520.819000000,20231221120520.819000000,1703185520819,2.462450E+4,8.255234E-18,1.139180E-15,9.003796E-8,2.197063E+0," IDEX "," 2023_12_21_run1 "," 12-90 km/s. Al 5-1. IDEX FM Detector 2500. Position 5. HG CSAs ",5," Aluminum "
8555736,20231221190522.628999999,20231221120522.628999999,1703185522629,1.815290E+4,5.775093E-18,4.330910E-16,7.992860E-8,2.197063E+0," IDEX "," 2023_12_21_run1 "," 12-90 km/s. Al 5-1. IDEX FM Detector 2500. Position 5. HG CSAs ",5," Aluminum "
8555739,20231221190533.851000000,20231221120533.851000000,1703185533851,1.627560E+4,5.112159E-18,3.080090E-16,7.674510E-8,2.198294E+0," IDEX "," 2023_12_21_run1 "," 12-90 km/s. Al 5-1. IDEX FM Detector 2500. Position 5. HG CSAs ",5," Aluminum "
8555741,20231221190537.149999999,20231221120537.149999999,1703185537150,1.318990E+4,3.484922E-18,1.378990E-16,6.754298E-8,2.198294E+0," IDEX "," 2023_12_21_run1 "," 12-90 km/s. Al 5-1. IDEX FM Detector 2500. Position 5. HG CSAs ",4," Aluminum "
8555746,20231221190714.998000000,20231221120714.998000000,1703185634998,1.450620E+4,4.241806E-18,2.030220E-16,7.211619E-8,2.198294E+0," IDEX "," 2023_12_21_run1 "," 12-90 km/s. Al 5-1. IDEX FM Detector 2500. Position 5. HG CSAs ",3," Aluminum "
8555747,20231221190715.797999999,20231221120715.797999999,1703185635798,1.373170E+4,5.994783E-18,2.571030E-16,8.092953E-8,2.198294E+0," IDEX "," 2023_12_21_run1 "," 12-90 km/s. Al 5-1. IDEX FM Detector 2500. Position 5. HG CSAs ",5," Aluminum "
8555748,20231221190715.912000000,20231221120715.912000000,1703185635912,4.487310E+4,2.958987E-18,1.355190E-15,6.395830E-8,2.198294E+0," IDEX "," 2023_12_21_run1 "," 12-90 km/s. Al 5-1. IDEX FM Detector 2500. Position 5. HG CSAs ",5," Aluminum "
8555750,20231221190717.131999999,20231221120717.131999999,1703185637132,1.964280E+4,1.989767E-18,1.746200E-16,5.603378E-8,2.198294E+0," IDEX "," 2023_12_21_run1 "," 12-90 km/s. Al 5-1. IDEX FM Detector 2500. Position 5. HG CSAs ",4," Aluminum "
8555751,20231221190717.947999999,20231221120717.947999999,1703185637948,1.496450E+4,3.012495E-18,1.534390E-16,6.434152E-8,2.198294E+0," IDEX "," 2023_12_21_run1 "," 12-90 km/s. Al 5-1. IDEX FM Detector 2500. Position 5. HG CSAs ",3," Aluminum "
8555753,20231221190719.887000000,20231221120719.887000000,1703185639887,1.600700E+4,1.635724E-17,9.532680E-16,1.130887E-7,2.198294E+0," IDEX "," 2023_12_21_run1 "," 12-90 km/s. Al 5-1. IDEX FM Detector 2500. Position 5. HG CSAs ",5," Aluminum "
8555755,20231221190725.257999999,20231221120725.257999999,1703185645258,1.356730E+4,2.457148E-17,1.029310E-15,1.295169E-7,2.197063E+0," IDEX "," 2023_12_21_run1 "," 12-90 km/s. Al 5-1. IDEX FM Detector 2500. Position 5. HG CSAs ",5," Aluminum "
8555756,20231221190732.765000000,20231221120732.765000000,1703185652765,2.453870E+4,5.551585E-18,7.599100E-16,7.888386E-8,2.199524E+0," IDEX "," 2023_12_21_run1 "," 12-90 km/s. Al 5-1. IDEX FM Detector 2500. Position 5. HG CSAs ",5," Aluminum "
8555757,20231221190734.740999999,20231221120734.740999999,1703185654741,1.882410E+4,3.434650E-18,2.768190E-16,6.721663E-8,2.198294E+0," IDEX "," 2023_12_21_run1 "," 12-90 km/s. Al 5-1. IDEX FM Detector 2500. Position 5. HG CSAs ",4," Aluminum "
8555760,20231221190741.155000000,20231221120741.155000000,1703185661155,1.813210E+4,5.758667E-18,4.308700E-16,7.985275E-8,2.197063E+0," IDEX "," 2023_12_21_run1 "," 12-90 km/s. Al 5-1. IDEX FM Detector 2500. Position 5. HG CSAs ",5," Aluminum "
8555761,20231221190743.662000000,20231221120743.662000000,1703185663662,1.524310E+4,2.010970E-17,1.063360E-15,1.211484E-7,2.197063E+0," IDEX "," 2023_12_21_run1 "," 12-90 km/s. Al 5-1. IDEX FM Detector 2500. Position 5. HG CSAs ",5," Aluminum "
8555764,20231221190749.665999999,20231221120749.665999999,1703185669666,1.245640E+4,7.222504E-18,2.548930E-16,8.611493E-8,2.198294E+0," IDEX "," 2023_12_21_run1 "," 12-90 km/s. Al 5-1. IDEX FM Detector 2500. Position 5. HG CSAs ",5," Aluminum "
8555765,20231221190755.537999999,20231221120755.537999999,1703185675538,1.467380E+4,8.370413E-18,4.099370E-16,9.045478E-8,2.198294E+0," IDEX "," 2023_12_21_run1 "," 12-90 km/s. Al 5-1. IDEX FM Detector 2500. Position 5. HG CSAs ",3," Aluminum "
8555766,20231221190755.916999999,20231221120755.916999999,1703185675917,1.724700E+4,1.352468E-17,9.150380E-16,1.061430E-7,2.198294E+0," IDEX "," 2023_12_21_run1 "," 12-90 km/s. Al 5-1. IDEX FM Detector 2500. Position 5. HG CSAs ",5," Aluminum "
8555768,20231221190800.895000000,20231221120800.895000000,1703185680895,2.653520E+4,3.347016E-18,5.360280E-16,6.664002E-8,2.198294E+0," IDEX "," 2023_12_21_run1 "," 12-90 km/s. Al 5-1. IDEX FM Detector 2500. Position 5. HG CSAs ",5," Aluminum "
8555771,20231221190808.172999999,20231221120808.172999999,1703185688173,1.595160E+4,4.563861E-18,2.641350E-16,7.389698E-8,2.198294E+0," IDEX "," 2023_12_21_run1 "," 12-90 km/s. Al 5-1. IDEX FM Detector 2500. Position 5. HG CSAs ",5," Aluminum "
8555775,20231221190849.348999999,20231221120849.348999999,1703185729349,1.409300E+4,4.224100E-18,1.908210E-16,7.201572E-8,2.198294E+0," IDEX "," 2023_12_21_run1 "," 12-90 km/s. Al 5-1. IDEX FM Detector 2500. Position 5. HG CSAs ",4," Aluminum "
8555780,20231221190857.395999999,20231221120857.395999999,1703185737396,2.088010E+4,6.760064E-18,6.703490E-16,8.423634E-8,2.198294E+0," IDEX "," 2023_12_21_run1 "," 12-90 km/s. Al 5-1. IDEX FM Detector 2500. Position 5. HG CSAs ",5," Aluminum "
8555785,20231221190900.131999999,20231221120900.131999999,1703185740132,2.001780E+4,2.618721E-18,2.386750E-16,6.140620E-8,2.198294E+0," IDEX "," 2023_12_21_run1 "," 12-90 km/s. Al 5-1. IDEX FM Detector 2500. Position 5. HG CSAs ",4," Aluminum "
8555786,20231221190902.106999999,20231221120902.106999999,1703185742107,2.514990E+4,3.232367E-18,4.650270E-16,6.587027E-8,2.198294E+0," IDEX "," 2023_12_21_run1 "," 12-90 km/s. Al 5-1. IDEX FM Detector 2500. Position 5. HG CSAs ",5," Aluminum "
8555787,20231221190907.334000000,20231221120907.334000000,1703185747334,4.857410E+4,4.551701E-19,2.442690E-16,3.426945E-8,2.198294E+0," IDEX "," 2023_12_21_run1 "," 12-90 km/s. Al 5-1. IDEX FM Detector 2500. Position 5. HG CSAs ",4," Aluminum "
8555789,20231221190910.966000000,20231221120910.966000000,1703185750966,3.186780E+4,1.514828E-18,3.499070E-16,5.116469E-8,2.198294E+0," IDEX "," 2023_12_21_run1 "," 12-90 km/s. Al 5-1. IDEX FM Detector 2500. Position 5. HG CSAs ",5," Aluminum "
8555792,20231221190915.310000000,20231221120915.310000000,1703185755310,1.590340E+4,5.815516E-18,3.345440E-16,8.011465E-8,2.198294E+0," IDEX "," 2023_12_21_run1 "," 12-90 km/s. Al 5-1. IDEX FM Detector 2500. Position 5. HG CSAs ",3," Aluminum "
8555793,20231221190916.712000000,20231221120916.712000000,1703185756712,2.370090E+4,4.911462E-18,6.275170E-16,7.572736E-8,2.198294E+0," IDEX "," 2023_12_21_run1 "," 12-90 km/s. Al 5-1. IDEX FM Detector 2500. Position 5. HG CSAs ",3," Aluminum "
8555799,20231221190933.371000000,20231221120933.371000000,1703185773371,3.287890E+4,7.365484E-18,1.811010E-15,8.667948E-8,2.198294E+0," IDEX "," 2023_12_21_run1 "," 12-90 km/s. Al 5-1. IDEX FM Detector 2500. Position 5. HG CSAs ",5," Aluminum "
8555803,20231221190944.719999999,20231221120944.719999999,1703185784720,1.349400E+4,1.016484E-17,4.212210E-16,9.650490E-8,2.197063E+0," IDEX "," 2023_12_21_run1 "," 12-90 km/s. Al 5-1. IDEX FM Detector 2500. Position 5. HG CSAs ",5," Aluminum "
8555804,20231221190949.013000000,20231221120949.013000000,1703185789013,5.106850E+4,7.204324E-19,4.275900E-16,3.993745E-8,2.197063E+0," IDEX "," 2023_12_21_run1 "," 12-90 km/s. Al 5-1. IDEX FM Detector 2500. Position 5. HG CSAs ",5," Aluminum "
8555808,20231221190954.854000000,20231221120954.854000000,1703185794854,2.143980E+4,7.786290E-18,8.145170E-16,8.829974E-8,2.197063E+0," IDEX "," 2023_12_21_run1 "," 12-90 km/s. Al 5-1. IDEX FM Detector 2500. Position 5. HG CSAs ",5," Aluminum "
8555811,20231221191003.770000000,20231221121003.770000000,1703185803770,1.254870E+4,6.467699E-18,2.316500E-16,8.300402E-8,2.198294E+0," IDEX "," 2023_12_21_run1 "," 12-90 km/s. Al 5-1. IDEX FM Detector 2500. Position 5. HG CSAs ",4," Aluminum "
8555814,20231221191012.611000000,20231221121012.611000000,1703185812611,1.710740E+4,3.412486E-18,2.272830E-16,6.707172E-8,2.197063E+0," IDEX "," 2023_12_21_run1 "," 12-90 km/s. Al 5-1. IDEX FM Detector 2500. Position 5. HG CSAs ",5," Aluminum "
8555819,20231221191017.351999999,20231221121017.351999999,1703185817352,1.240990E+4,4.982293E-18,1.746200E-16,7.608966E-8,2.197063E+0," IDEX "," 2023_12_21_run1 "," 12-90 km/s. Al 5-1. IDEX FM Detector 2500. Position 5. HG CSAs ",4," Aluminum "
8555820,20231221191409.009000000,20231221121409.009000000,1703186049009,3.235150E+4,1.565735E-18,3.727280E-16,5.173152E-8,2.198294E+0," IDEX "," 2023_12_21_run2 "," 12-90 km/s. Al 5-1. IDEX FM Detector 2500. Position 5. HG CSAs ",5," Aluminum "
8555822,20231221191411.640000000,20231221121411.640000000,1703186051640,3.320980E+4,2.380156E-18,5.970670E-16,5.948184E-8,2.198294E+0," IDEX "," 2023_12_21_run2 "," 12-90 km/s. Al 5-1. IDEX FM Detector 2500. Position 5. HG CSAs ",5," Aluminum "
8555823,20231221191411.834000000,20231221121411.834000000,1703186051834,1.246840E+4,1.420717E-17,5.023590E-16,1.078992E-7,2.198294E+0," IDEX "," 2023_12_21_run2 "," 12-90 km/s. Al 5-1. IDEX FM Detector 2500. Position 5. HG CSAs ",5," Aluminum "
8555834,20231221191457.415000000,20231221121457.415000000,1703186097415,1.934410E+4,3.365012E-18,2.862370E-16,6.675925E-8,2.199524E+0," IDEX "," 2023_12_21_run2 "," 12-90 km/s. Al 5-1. IDEX FM Detector 2500. Position 5. HG CSAs ",5," Aluminum "
8555835,20231221191501.192000000,20231221121501.192000000,1703186101192,1.327320E+4,9.374155E-18,3.754270E-16,9.393482E-8,2.199524E+0," IDEX "," 2023_12_21_run2 "," 12-90 km/s. Al 5-1. IDEX FM Detector 2500. Position 5. HG CSAs ",3," Aluminum "
8555843,20231221191533.240999999,20231221121533.240999999,1703186133241,1.488600E+4,4.482491E-17,2.259230E-15,1.582544E-7,2.198294E+0," IDEX "," 2023_12_21_run2 "," 12-90 km/s. Al 5-1. IDEX FM Detector 2500. Position 5. HG CSAs ",5," Aluminum "
8555845,20231221191536.317999999,20231221121536.317999999,1703186136318,4.225470E+4,8.046182E-19,3.267570E-16,4.143613E-8,2.198294E+0," IDEX "," 2023_12_21_run2 "," 12-90 km/s. Al 5-1. IDEX FM Detector 2500. Position 5. HG CSAs ",5," Aluminum "
8555846,20231221191536.574000000,20231221121536.574000000,1703186136574,3.075180E+4,1.772742E-18,3.810910E-16,5.391766E-8,2.199524E+0," IDEX "," 2023_12_21_run2 "," 12-90 km/s. Al 5-1. IDEX FM Detector 2500. Position 5. HG CSAs ",3," Aluminum "
8555849,20231221191551.317999999,20231221121551.317999999,1703186151318,2.958100E+4,2.694104E-18,5.358980E-16,6.198986E-8,2.199524E+0," IDEX "," 2023_12_21_run2 "," 12-90 km/s. Al 5-1. IDEX FM Detector 2500. Position 5. HG CSAs ",5," Aluminum "
8555852,20231221191556.574999999,20231221121556.574999999,1703186156575,2.079640E+4,3.926901E-18,3.860720E-16,7.028552E-8,2.199524E+0," IDEX "," 2023_12_21_run2 "," 12-90 km/s. Al 5-1. IDEX FM Detector 2500. Position 5. HG CSAs ",5," Aluminum "
8555853,20231221191556.962999999,20231221121556.962999999,1703186156963,2.883360E+4,5.731878E-18,1.083270E-15,7.972873E-8,2.199524E+0," IDEX "," 2023_12_21_run2 "," 12-90 km/s. Al 5-1. IDEX FM Detector 2500. Position 5. HG CSAs ",5," Aluminum "
8555854,20231221191604.456999999,20231221121604.456999999,1703186164457,1.345230E+4,7.064242E-18,2.907660E-16,8.548129E-8,2.198294E+0," IDEX "," 2023_12_21_run2 "," 12-90 km/s. Al 5-1. IDEX FM Detector 2500. Position 5. HG CSAs ",5," Aluminum "
8555863,20231221191629.336000000,20231221121629.336000000,1703186189336,2.159010E+4,8.176004E-18,8.668330E-16,8.974899E-8,2.198294E+0," IDEX "," 2023_12_21_run2 "," 12-90 km/s. Al 5-1. IDEX FM Detector 2500. Position 5. HG CSAs ",5," Aluminum "
8555866,20231221191641.381999999,20231221121641.381999999,1703186201382,1.227990E+4,6.791167E-18,2.330570E-16,8.436533E-8,2.197063E+0," IDEX "," 2023_12_21_run2 "," 12-90 km/s. Al 5-1. IDEX FM Detector 2500. Position 5. HG CSAs ",5," Aluminum "
8555867,20231221191740.550999999,20231221121740.550999999,1703186260551,1.405030E+4,4.553650E-18,2.045780E-16,7.384183E-8,2.197063E+0," IDEX "," 2023_12_21_run2 "," 12-90 km/s. Al 5-1. IDEX FM Detector 2500. Position 5. HG CSAs ",4," Aluminum "
8555869,20231221192006.483000000,20231221122006.483000000,1703186406483,2.190070E+4,3.746135E-18,4.086810E-16,6.919006E-8,2.198294E+0," IDEX "," 2023_12_21_run2 "," 12-90 km/s. Al 5-1. IDEX FM Detector 2500. Position 5. HG CSAs ",3," Aluminum "
8555875,20231221192008.651000000,20231221122008.651000000,1703186408651,1.977680E+4,3.483306E-18,3.100500E-16,6.753254E-8,2.197063E+0," IDEX "," 2023_12_21_run2 "," 12-90 km/s. Al 5-1. IDEX FM Detector 2500. Position 5. HG CSAs ",5," Aluminum "
8555876,20231221192011.118999999,20231221122011.118999999,1703186411119,1.403230E+4,4.181391E-18,1.872680E-16,7.177218E-8,2.198294E+0," IDEX "," 2023_12_21_run2 "," 12-90 km/s. Al 5-1. IDEX FM Detector 2500. Position 5. HG CSAs ",5," Aluminum "
8555878,20231221192016.601000000,20231221122016.601000000,1703186416601,3.459080E+4,1.182082E-18,3.217020E-16,4.710479E-8,2.198294E+0," IDEX "," 2023_12_21_run2 "," 12-90 km/s. Al 5-1. IDEX FM Detector 2500. Position 5. HG CSAs ",5," Aluminum "
8555880,20231221192017.242000000,20231221122017.242000000,1703186417242,1.304230E+4,2.748548E-17,1.063400E-15,1.344468E-7,2.198294E+0," IDEX "," 2023_12_21_run2 "," 12-90 km/s. Al 5-1. IDEX FM Detector 2500. Position 5. HG CSAs ",5," Aluminum "
8555881,20231221192019.361999999,20231221122019.361999999,1703186419362,1.900520E+4,9.846240E-18,8.093630E-16,9.548592E-8,2.197063E+0," IDEX "," 2023_12_21_run2 "," 12-90 km/s. Al 5-1. IDEX FM Detector 2500. Position 5. HG CSAs ",5," Aluminum "
8555886,20231221192032.626999999,20231221122032.626999999,1703186432627,2.688900E+4,1.648027E-18,2.711700E-16,5.262240E-8,2.197063E+0," IDEX "," 2023_12_21_run2 "," 12-90 km/s. Al 5-1. IDEX FM Detector 2500. Position 5. HG CSAs ",5," Aluminum "
8555887,20231221192034.748999999,20231221122034.748999999,1703186434749,1.639230E+4,4.594502E-18,2.808040E-16,7.406199E-8,2.198294E+0," IDEX "," 2023_12_21_run2 "," 12-90 km/s. Al 5-1. IDEX FM Detector 2500. Position 5. HG CSAs ",5," Aluminum "
8555888,20231221192037.501999999,20231221122037.501999999,1703186437502,1.248790E+4,1.448009E-17,5.136120E-16,1.085858E-7,2.198294E+0," IDEX "," 2023_12_21_run2 "," 12-90 km/s. Al 5-1. IDEX FM Detector 2500. Position 5. HG CSAs ",5," Aluminum "
8555889,20231221192041.733000000,20231221122041.733000000,1703186441733,1.957310E+4,3.418082E-18,2.976760E-16,6.710837E-8,2.199524E+0," IDEX "," 2023_12_21_run2 "," 12-90 km/s. Al 5-1. IDEX FM Detector 2500. Position 5. HG CSAs ",5," Aluminum "
8555890,20231221192043.979000000,20231221122043.979000000,1703186443979,1.803210E+4,4.977776E-18,3.681400E-16,7.606666E-8,2.198294E+0," IDEX "," 2023_12_21_run2 "," 12-90 km/s. Al 5-1. IDEX FM Detector 2500. Position 5. HG CSAs ",5," Aluminum "
8555900,20231221192132.908000000,20231221122132.908000000,1703186492908,1.785780E+4,3.526792E-18,2.558120E-16,6.781241E-8,2.198294E+0," IDEX "," 2023_12_21_run2 "," 12-90 km/s. Al 5-1. IDEX FM Detector 2500. Position 5. HG CSAs ",5," Aluminum "
8555901,20231221192138.263000000,20231221122138.263000000,1703186498263,1.302460E+4,1.679602E-17,6.477050E-16,1.140910E-7,2.199524E+0," IDEX "," 2023_12_21_run2 "," 12-90 km/s. Al 5-1. IDEX FM Detector 2500. Position 5. HG CSAs ",5," Aluminum "
8555905,20231221192152.976999999,20231221122152.976999999,1703186512977,1.303790E+4,3.419718E-18,1.322180E-16,6.711907E-8,2.198294E+0," IDEX "," 2023_12_21_run2 "," 12-90 km/s. Al 5-1. IDEX FM Detector 2500. Position 5. HG CSAs ",3," Aluminum "
8555914,20231221192229.222000000,20231221122229.222000000,1703186549222,1.601450E+4,1.057527E-17,6.172290E-16,9.778668E-8,2.197063E+0," IDEX "," 2023_12_21_run2 "," 12-90 km/s. Al 5-1. IDEX FM Detector 2500. Position 5. HG CSAs ",5," Aluminum "
8555917,20231221192238.445999999,20231221122238.445999999,1703186558446,2.444660E+4,3.004937E-18,4.086960E-16,6.428767E-8,2.197063E+0," IDEX "," 2023_12_21_run2 "," 12-90 km/s. Al 5-1. IDEX FM Detector 2500. Position 5. HG CSAs ",5," Aluminum "
8555918,20231221192240.867000000,20231221122240.867000000,1703186560867,1.941260E+4,7.349593E-18,6.299640E-16,8.661710E-8,2.198294E+0," IDEX "," 2023_12_21_run2 "," 12-90 km/s. Al 5-1. IDEX FM Detector 2500. Position 5. HG CSAs ",3," Aluminum "
8555919,20231221192244.637000000,20231221122244.637000000,1703186564637,1.498410E+4,4.070405E-18,2.077500E-16,7.113147E-8,2.199524E+0," IDEX "," 2023_12_21_run2 "," 12-90 km/s. Al 5-1. IDEX FM Detector 2500. Position 5. HG CSAs ",4," Aluminum "
8555921,20231221192252.645999999,20231221122252.645999999,1703186572646,1.947350E+4,4.097887E-18,3.536520E-16,7.129119E-8,2.197063E+0," IDEX "," 2023_12_21_run2 "," 12-90 km/s. Al 5-1. IDEX FM Detector 2500. Position 5. HG CSAs ",4," Aluminum "
8555922,20231221192253.868000000,20231221122253.868000000,1703186573868,1.320230E+4,3.417164E-18,1.355480E-16,6.710236E-8,2.197063E+0," IDEX "," 2023_12_21_run2 "," 12-90 km/s. Al 5-1. IDEX FM Detector 2500. Position 5. HG CSAs ",4," Aluminum "
8555925,20231221192259.851000000,20231221122259.851000000,1703186579851,1.743880E+4,5.763518E-18,3.986630E-16,7.987516E-8,2.198294E+0," IDEX "," 2023_12_21_run2 "," 12-90 km/s. Al 5-1. IDEX FM Detector 2500. Position 5. HG CSAs ",5," Aluminum "
8555927,20231221192305.581999999,20231221122305.581999999,1703186585582,1.565960E+4,3.740417E-18,2.086250E-16,6.915484E-8,2.198294E+0," IDEX "," 2023_12_21_run2 "," 12-90 km/s. Al 5-1. IDEX FM Detector 2500. Position 5. HG CSAs ",3," Aluminum "
8555928,20231221192306.595999999,20231221122306.595999999,1703186586596,1.857450E+4,3.983644E-18,3.124330E-16,7.062244E-8,2.199524E+0," IDEX "," 2023_12_21_run2 "," 12-90 km/s. Al 5-1. IDEX FM Detector 2500. Position 5. HG CSAs ",5," Aluminum "
8555929,20231221192307.689000000,20231221122307.689000000,1703186587689,1.394370E+4,6.438751E-18,2.845770E-16,8.288000E-8,2.199524E+0," IDEX "," 2023_12_21_run2 "," 12-90 km/s. Al 5-1. IDEX FM Detector 2500. Position 5. HG CSAs ",3," Aluminum "
8555933,20231221192312.530999999,20231221122312.530999999,1703186592531,1.212910E+4,8.859562E-18,2.964520E-16,9.218352E-8,2.198294E+0," IDEX "," 2023_12_21_run2 "," 12-90 km/s. Al 5-1. IDEX FM Detector 2500. Position 5. HG CSAs ",5," Aluminum "
8555934,20231221192315.078999999,20231221122315.078999999,1703186595079,2.454790E+4,1.540512E-18,2.111440E-16,5.145223E-8,2.198294E+0," IDEX "," 2023_12_21_run2 "," 12-90 km/s. Al 5-1. IDEX FM Detector 2500. Position 5. HG CSAs ",4," Aluminum "
8555935,20231221192315.393999999,20231221122315.393999999,1703186595394,1.515140E+4,8.178256E-18,4.270230E-16,8.975723E-8,2.198294E+0," IDEX "," 2023_12_21_run2 "," 12-90 km/s. Al 5-1. IDEX FM Detector 2500. Position 5. HG CSAs ",5," Aluminum "
8555938,20231221192325.009000000,20231221122325.009000000,1703186605009,1.514650E+4,4.501840E-18,2.349090E-16,7.356071E-8,2.198294E+0," IDEX "," 2023_12_21_run2 "," 12-90 km/s. Al 5-1. IDEX FM Detector 2500. Position 5. HG CSAs ",5," Aluminum "
8555939,20231221192325.640999999,20231221122325.640999999,1703186605641,1.897860E+4,3.664805E-18,3.002370E-16,6.868567E-8,2.198294E+0," IDEX "," 2023_12_21_run2 "," 12-90 km/s. Al 5-1. IDEX FM Detector 2500. Position 5. HG CSAs ",5," Aluminum "
8555940,20231221192328.702000000,20231221122328.702000000,1703186608702,1.782310E+4,4.564134E-18,3.297690E-16,7.389845E-8,2.198294E+0," IDEX "," 2023_12_21_run2 "," 12-90 km/s. Al 5-1. IDEX FM Detector 2500. Position 5. HG CSAs ",5," Aluminum "
8555941,20231221192329.722000000,20231221122329.722000000,1703186609722,4.907890E+4,7.178885E-19,3.933070E-16,3.989038E-8,2.198294E+0," IDEX "," 2023_12_21_run2 "," 12-90 km/s. Al 5-1. IDEX FM Detector 2500. Position 5. HG CSAs ",5," Aluminum "
8555942,20231221192331.827000000,20231221122331.827000000,1703186611827,2.441410E+4,1.399983E-17,1.897970E-15,1.073718E-7,2.198294E+0," IDEX "," 2023_12_21_run2 "," 12-90 km/s. Al 5-1. IDEX FM Detector 2500. Position 5. HG CSAs ",5," Aluminum "
8555945,20231221192333.921000000,20231221122333.921000000,1703186613921,1.880930E+4,7.751529E-18,6.230630E-16,8.816814E-8,2.200754E+0," IDEX "," 2023_12_21_run2 "," 12-90 km/s. Al 5-1. IDEX FM Detector 2500. Position 5. HG CSAs ",5," Aluminum "
8555950,20231221192347.554000000,20231221122347.554000000,1703186627554,1.583530E+4,6.974709E-18,3.977990E-16,8.511862E-8,2.198294E+0," IDEX "," 2023_12_21_run2 "," 12-90 km/s. Al 5-1. IDEX FM Detector 2500. Position 5. HG CSAs ",5," Aluminum "
8555952,20231221192348.632999999,20231221122348.632999999,1703186628633,3.259220E+4,1.279135E-18,3.090500E-16,4.836019E-8,2.198294E+0," IDEX "," 2023_12_21_run2 "," 12-90 km/s. Al 5-1. IDEX FM Detector 2500. Position 5. HG CSAs ",4," Aluminum "
8555956,20231221192356.279000000,20231221122356.279000000,1703186636279,3.318880E+4,1.669827E-18,4.181160E-16,5.285342E-8,2.199524E+0," IDEX "," 2023_12_21_run2 "," 12-90 km/s. Al 5-1. IDEX FM Detector 2500. Position 5. HG CSAs ",5," Aluminum "
8555957,20231221192402.015000000,20231221122402.015000000,1703186642015,1.596840E+4,4.939233E-18,2.863020E-16,7.586981E-8,2.199524E+0," IDEX "," 2023_12_21_run2 "," 12-90 km/s. Al 5-1. IDEX FM Detector 2500. Position 5. HG CSAs ",5," Aluminum "
8555958,20231221192402.456999999,20231221122402.456999999,1703186642457,2.510910E+4,2.375439E-18,3.404460E-16,5.944251E-8,2.199524E+0," IDEX "," 2023_12_21_run2 "," 12-90 km/s. Al 5-1. IDEX FM Detector 2500. Position 5. HG CSAs ",4," Aluminum "
8555960,20231221192405.777999999,20231221122405.777999999,1703186645778,1.452110E+4,4.876859E-18,2.337660E-16,7.554910E-8,2.199524E+0," IDEX "," 2023_12_21_run2 "," 12-90 km/s. Al 5-1. IDEX FM Detector 2500. Position 5. HG CSAs ",3," Aluminum "
8555962,20231221192411.188000000,20231221122411.188000000,1703186651188,1.468170E+4,9.600656E-18,4.706940E-16,9.468536E-8,2.198294E+0," IDEX "," 2023_12_21_run2 "," 12-90 km/s. Al 5-1. IDEX FM Detector 2500. Position 5. HG CSAs ",3," Aluminum "
8555963,20231221192413.236000000,20231221122413.236000000,1703186653236,1.511050E+4,3.602640E-18,1.869910E-16,6.829509E-8,2.199524E+0," IDEX "," 2023_12_21_run2 "," 12-90 km/s. Al 5-1. IDEX FM Detector 2500. Position 5. HG CSAs ",5," Aluminum "
8555964,20231221192416.665999999,20231221122416.665999999,1703186656666,2.078600E+4,2.542010E-18,2.496670E-16,6.080066E-8,2.199524E+0," IDEX "," 2023_12_21_run2 "," 12-90 km/s. Al 5-1. IDEX FM Detector 2500. Position 5. HG CSAs ",5," Aluminum "
8555965,20231221192417.691000000,20231221122417.691000000,1703186657691,1.683460E+4,4.029849E-18,2.596190E-16,7.089444E-8,2.199524E+0," IDEX "," 2023_12_21_run2 "," 12-90 km/s. Al 5-1. IDEX FM Detector 2500. Position 5. HG CSAs ",4," Aluminum "
8555969,20231221192421.311999999,20231221122421.311999999,1703186661312,1.999140E+4,1.576692E-17,1.434040E-15,1.117116E-7,2.197063E+0," IDEX "," 2023_12_21_run2 "," 12-90 km/s. Al 5-1. IDEX FM Detector 2500. Position 5. HG CSAs ",5," Aluminum "
8555970,20231221192422.964999999,20231221122422.964999999,1703186662965,1.230570E+4,3.240550E-17,1.115510E-15,1.420328E-7,2.199524E+0," IDEX "," 2023_12_21_run2 "," 12-90 km/s. Al 5-1. IDEX FM Detector 2500. Position 5. HG CSAs ",5," Aluminum "
8555971,20231221192425.004999999,20231221122425.004999999,1703186665005,2.312470E+4,4.560499E-18,5.546890E-16,7.387883E-8,2.198294E+0," IDEX "," 2023_12_21_run2 "," 12-90 km/s. Al 5-1. IDEX FM Detector 2500. Position 5. HG CSAs ",5," Aluminum "
8555973,20231221192429.407000000,20231221122429.407000000,1703186669407,1.959060E+4,3.122144E-18,2.725420E-16,6.511287E-8,2.198294E+0," IDEX "," 2023_12_21_run2 "," 12-90 km/s. Al 5-1. IDEX FM Detector 2500. Position 5. HG CSAs ",4," Aluminum "
8555974,20231221192429.535000000,20231221122429.535000000,1703186669535,1.456860E+4,5.265126E-18,2.541730E-16,7.750305E-8,2.198294E+0," IDEX "," 2023_12_21_run2 "," 12-90 km/s. Al 5-1. IDEX FM Detector 2500. Position 5. HG CSAs ",5," Aluminum "
8555977,20231221192431.760000000,20231221122431.760000000,1703186671760,1.738000E+4,1.175875E-17,8.074260E-16,1.013062E-7,2.199524E+0," IDEX "," 2023_12_21_run2 "," 12-90 km/s. Al 5-1. IDEX FM Detector 2500. Position 5. HG CSAs ",4," Aluminum "
8555981,20231221192436.603000000,20231221122436.603000000,1703186676603,1.356850E+4,9.717475E-18,4.066860E-16,9.506785E-8,2.199524E+0," IDEX "," 2023_12_21_run2 "," 12-90 km/s. Al 5-1. IDEX FM Detector 2500. Position 5. HG CSAs ",5," Aluminum "
8555984,20231221192442.390999999,20231221122442.390999999,1703186682391,1.583920E+4,7.129198E-18,4.065830E-16,8.574249E-8,2.199524E+0," IDEX "," 2023_12_21_run2 "," 12-90 km/s. Al 5-1. IDEX FM Detector 2500. Position 5. HG CSAs ",4," Aluminum "
8555988,20231221192450.299000000,20231221122450.299000000,1703186690299,1.426170E+4,1.920221E-17,8.883390E-16,1.192979E-7,2.198294E+0," IDEX "," 2023_12_21_run2 "," 12-90 km/s. Al 5-1. IDEX FM Detector 2500. Position 5. HG CSAs ",5," Aluminum "
8555990,20231221192453.666999999,20231221122453.666999999,1703186693667,1.982250E+4,2.680076E-18,2.395240E-16,6.188208E-8,2.198294E+0," IDEX "," 2023_12_21_run2 "," 12-90 km/s. Al 5-1. IDEX FM Detector 2500. Position 5. HG CSAs ",5," Aluminum "
8555993,20231221192503.356999999,20231221122503.356999999,1703186703357,1.331640E+4,4.447208E-18,1.791680E-16,7.326193E-8,2.200754E+0," IDEX "," 2023_12_21_run2 "," 12-90 km/s. Al 5-1. IDEX FM Detector 2500. Position 5. HG CSAs ",3," Aluminum "
8555995,20231221192505.324999999,20231221122505.324999999,1703186705325,1.374920E+4,6.932041E-18,2.977250E-16,8.494469E-8,2.200754E+0," IDEX "," 2023_12_21_run2 "," 12-90 km/s. Al 5-1. IDEX FM Detector 2500. Position 5. HG CSAs ",5," Aluminum "
8555998,20231221192513.927000000,20231221122513.927000000,1703186713927,1.520080E+4,5.232111E-18,2.749760E-16,7.734072E-8,2.198294E+0," IDEX "," 2023_12_21_run2 "," 12-90 km/s. Al 5-1. IDEX FM Detector 2500. Position 5. HG CSAs ",3," Aluminum "
8555999,20231221192518.072000000,20231221122518.072000000,1703186718072,1.559450E+4,4.835185E-18,2.674490E-16,7.533328E-8,2.198294E+0," IDEX "," 2023_12_21_run2 "," 12-90 km/s. Al 5-1. IDEX FM Detector 2500. Position 5. HG CSAs ",5," Aluminum "
8556000,20231221192519.921000000,20231221122519.921000000,1703186719921,1.539360E+4,4.903473E-18,2.642830E-16,7.568628E-8,2.198294E+0," IDEX "," 2023_12_21_run2 "," 12-90 km/s. Al 5-1. IDEX FM Detector 2500. Position 5. HG CSAs ",5," Aluminum "
8556003,20231221192532.837999999,20231221122532.837999999,1703186732838,1.281150E+4,6.689261E-18,2.495860E-16,8.394122E-8,2.199524E+0," IDEX "," 2023_12_21_run2 "," 12-90 km/s. Al 5-1. IDEX FM Detector 2500. Position 5. HG CSAs ",4," Aluminum "
8556004,20231221192540.932000000,20231221122540.932000000,1703186740932,1.727230E+4,4.564490E-18,3.097260E-16,7.390037E-8,2.198294E+0," IDEX "," 2023_12_21_run2 "," 12-90 km/s. Al 5-1. IDEX FM Detector 2500. Position 5. HG CSAs ",5," Aluminum "
8556007,20231221192613.995000000,20231221122613.995000000,1703186773995,1.881520E+4,2.239151E-18,1.802960E-16,5.828324E-8,2.198294E+0," IDEX "," 2023_12_21_run2 "," 12-90 km/s. Al 5-1. IDEX FM Detector 2500. Position 5. HG CSAs ",3," Aluminum "
8556011,20231221192633.035000000,20231221122633.035000000,1703186793035,2.787060E+4,3.776104E-18,6.671470E-16,6.937407E-8,2.198294E+0," IDEX "," 2023_12_21_run2 "," 12-90 km/s. Al 5-1. IDEX FM Detector 2500. Position 5. HG CSAs ",5," Aluminum "
8556014,20231221192643.930000000,20231221122643.930000000,1703186803930,1.781220E+4,4.574752E-18,3.301320E-16,7.395571E-8,2.198294E+0," IDEX "," 2023_12_21_run2 "," 12-90 km/s. Al 5-1. IDEX FM Detector 2500. Position 5. HG CSAs ",5," Aluminum "
8556015,20231221192646.851999999,20231221122646.851999999,1703186806852,2.175570E+4,3.459660E-18,3.724470E-16,6.737937E-8,2.198294E+0," IDEX "," 2023_12_21_run2 "," 12-90 km/s. Al 5-1. IDEX FM Detector 2500. Position 5. HG CSAs ",5," Aluminum "
8556016,20231221192647.677000000,20231221122647.677000000,1703186807677,2.947930E+4,5.452487E-18,1.077740E-15,7.841168E-8,2.198294E+0," IDEX "," 2023_12_21_run2 "," 12-90 km/s. Al 5-1. IDEX FM Detector 2500. Position 5. HG CSAs ",5," Aluminum "
8556021,20231221192656.725000000,20231221122656.725000000,1703186816725,1.249070E+4,4.055034E-18,1.439780E-16,7.104181E-8,2.197063E+0," IDEX "," 2023_12_21_run2 "," 12-90 km/s. Al 5-1. IDEX FM Detector 2500. Position 5. HG CSAs ",5," Aluminum "
8556029,20231221192719.790999999,20231221122719.790999999,1703186839791,1.478250E+4,9.216706E-18,4.575840E-16,9.340593E-8,2.200754E+0," IDEX "," 2023_12_21_run2 "," 12-90 km/s. Al 5-1. IDEX FM Detector 2500. Position 5. HG CSAs ",3," Aluminum "
8556035,20231221192735.703999999,20231221122735.703999999,1703186855704,3.572370E+4,3.242400E-18,9.411620E-16,6.593834E-8,2.198294E+0," IDEX "," 2023_12_21_run2 "," 12-90 km/s. Al 5-1. IDEX FM Detector 2500. Position 5. HG CSAs ",5," Aluminum "
8556040,20231221192748.063000000,20231221122748.063000000,1703186868063,3.841960E+4,8.721461E-18,2.928060E-15,9.170203E-8,2.198294E+0," IDEX "," 2023_12_21_run2 "," 12-90 km/s. Al 5-1. IDEX FM Detector 2500. Position 5. HG CSAs ",5," Aluminum "
8556045,20231221192802.523000000,20231221122802.523000000,1703186882523,1.555980E+4,5.586882E-18,3.076540E-16,7.905070E-8,2.198294E+0," IDEX "," 2023_12_21_run2 "," 12-90 km/s. Al 5-1. IDEX FM Detector 2500. Position 5. HG CSAs ",5," Aluminum "
8556046,20231221192807.299000000,20231221122807.299000000,1703186887299,2.544940E+4,1.997846E-18,2.943080E-16,5.610952E-8,2.198294E+0," IDEX "," 2023_12_21_run2 "," 12-90 km/s. Al 5-1. IDEX FM Detector 2500. Position 5. HG CSAs ",5," Aluminum "
8556047,20231221192808.195999999,20231221122808.195999999,1703186888196,1.481440E+4,1.199566E-17,5.987940E-16,1.019821E-7,2.198294E+0," IDEX "," 2023_12_21_run2 "," 12-90 km/s. Al 5-1. IDEX FM Detector 2500. Position 5. HG CSAs ",5," Aluminum "
8556049,20231221192810.736999999,20231221122810.736999999,1703186890737,1.432570E+4,7.438044E-18,3.473910E-16,8.696319E-8,2.197063E+0," IDEX "," 2023_12_21_run2 "," 12-90 km/s. Al 5-1. IDEX FM Detector 2500. Position 5. HG CSAs ",4," Aluminum "
8556050,20231221192812.961000000,20231221122812.961000000,1703186892961,1.529810E+4,1.593074E-17,8.480000E-16,1.120971E-7,2.198294E+0," IDEX "," 2023_12_21_run2 "," 12-90 km/s. Al 5-1. IDEX FM Detector 2500. Position 5. HG CSAs ",5," Aluminum "
8556051,20231221192814.876000000,20231221122814.876000000,1703186894876,1.283030E+4,1.189842E-17,4.452510E-16,1.017058E-7,2.199524E+0," IDEX "," 2023_12_21_run2 "," 12-90 km/s. Al 5-1. IDEX FM Detector 2500. Position 5. HG CSAs ",5," Aluminum "
8556052,20231221192815.643000000,20231221122815.643000000,1703186895643,1.658640E+4,7.066320E-18,4.419160E-16,8.548967E-8,2.199524E+0," IDEX "," 2023_12_21_run2 "," 12-90 km/s. Al 5-1. IDEX FM Detector 2500. Position 5. HG CSAs ",5," Aluminum "
8556053,20231221192816.986999999,20231221122816.986999999,1703186896987,1.483890E+4,4.945722E-18,2.475570E-16,7.590302E-8,2.199524E+0," IDEX "," 2023_12_21_run2 "," 12-90 km/s. Al 5-1. IDEX FM Detector 2500. Position 5. HG CSAs ",3," Aluminum "
8556054,20231221192823.285000000,20231221122823.285000000,1703186903285,1.355150E+4,2.166095E-17,9.047680E-16,1.241867E-7,2.198294E+0," IDEX "," 2023_12_21_run2 "," 12-90 km/s. Al 5-1. IDEX FM Detector 2500. Position 5. HG CSAs ",5," Aluminum "
8556058,20231221192832.581000000,20231221122832.581000000,1703186912581,2.283880E+4,2.244730E-18,2.663150E-16,5.833160E-8,2.198294E+0," IDEX "," 2023_12_21_run2 "," 12-90 km/s. Al 5-1. IDEX FM Detector 2500. Position 5. HG CSAs ",4," Aluminum "
8556063,20231221192839.783000000,20231221122839.783000000,1703186919783,1.879630E+4,1.282811E-17,1.031420E-15,1.042886E-7,2.197063E+0," IDEX "," 2023_12_21_run2 "," 12-90 km/s. Al 5-1. IDEX FM Detector 2500. Position 5. HG CSAs ",5," Aluminum "
8556065,20231221192843.226000000,20231221122843.226000000,1703186923226,1.309880E+4,4.788208E-18,1.868620E-16,7.508851E-8,2.198294E+0," IDEX "," 2023_12_21_run2 "," 12-90 km/s. Al 5-1. IDEX FM Detector 2500. Position 5. HG CSAs ",5," Aluminum "
8556072,20231221192907.293999999,20231221122907.293999999,1703186947294,2.532430E+4,1.700515E-18,2.479120E-16,5.317523E-8,2.199524E+0," IDEX "," 2023_12_21_run2 "," 12-90 km/s. Al 5-1. IDEX FM Detector 2500. Position 5. HG CSAs ",5," Aluminum "
8556077,20231221192923.540000000,20231221122923.540000000,1703186963540,1.466480E+4,7.844224E-18,3.836960E-16,8.851819E-8,2.198294E+0," IDEX "," 2023_12_21_run2 "," 12-90 km/s. Al 5-1. IDEX FM Detector 2500. Position 5. HG CSAs ",5," Aluminum "
8556097,20231221193019.398000000,20231221123019.398000000,1703187019398,2.675760E+4,4.346035E-18,7.077380E-16,7.270209E-8,2.198294E+0," IDEX "," 2023_12_21_run2 "," 12-90 km/s. Al 5-1. IDEX FM Detector 2500. Position 5. HG CSAs ",5," Aluminum "
8556099,20231221193025.199999999,20231221123025.199999999,1703187025200,1.602910E+4,5.118562E-18,2.991240E-16,7.677713E-8,2.198294E+0," IDEX "," 2023_12_21_run2 "," 12-90 km/s. Al 5-1. IDEX FM Detector 2500. Position 5. HG CSAs ",5," Aluminum "
8556102,20231221193039.206000000,20231221123039.206000000,1703187039206,1.504820E+4,2.924726E-17,1.507240E-15,1.372601E-7,2.197063E+0," IDEX "," 2023_12_21_run2 "," 12-90 km/s. Al 5-1. IDEX FM Detector 2500. Position 5. HG CSAs ",5," Aluminum "
8556103,20231221193041.753000000,20231221123041.753000000,1703187041753,2.566720E+4,3.486008E-18,5.226530E-16,6.755000E-8,2.197063E+0," IDEX "," 2023_12_21_run2 "," 12-90 km/s. Al 5-1. IDEX FM Detector 2500. Position 5. HG CSAs ",5," Aluminum "
8556105,20231221193043.418000000,20231221123043.418000000,1703187043418,1.493500E+4,6.635104E-18,3.368110E-16,8.371407E-8,2.197063E+0," IDEX "," 2023_12_21_run2 "," 12-90 km/s. Al 5-1. IDEX FM Detector 2500. Position 5. HG CSAs ",5," Aluminum "
8556106,20231221193052.459000000,20231221123052.459000000,1703187052459,1.910410E+4,3.589277E-18,2.982850E-16,6.821055E-8,2.195833E+0," IDEX "," 2023_12_21_run2 "," 12-90 km/s. Al 5-1. IDEX FM Detector 2500. Position 5. HG CSAs ",5," Aluminum "
8556113,20231221193102.712999999,20231221123102.712999999,1703187062713,1.255870E+4,5.746358E-18,2.060270E-16,7.979581E-8,2.199524E+0," IDEX "," 2023_12_21_run2 "," 12-90 km/s. Al 5-1. IDEX FM Detector 2500. Position 5. HG CSAs ",3," Aluminum "
8556114,20231221193109.401000000,20231221123109.401000000,1703187069401,1.214260E+4,3.902340E-18,1.308680E-16,7.013868E-8,2.198294E+0," IDEX "," 2023_12_21_run2 "," 12-90 km/s. Al 5-1. IDEX FM Detector 2500. Position 5. HG CSAs ",5," Aluminum "
8556115,20231221193111.304000000,20231221123111.304000000,1703187071304,1.404250E+4,1.080270E-17,4.845140E-16,9.848272E-8,2.198294E+0," IDEX "," 2023_12_21_run2 "," 12-90 km/s. Al 5-1. IDEX FM Detector 2500. Position 5. HG CSAs ",5," Aluminum "
8556116,20231221193111.762000000,20231221123111.762000000,1703187071762,1.182500E+4,1.516746E-17,4.823920E-16,1.102775E-7,2.198294E+0," IDEX "," 2023_12_21_run2 "," 12-90 km/s. Al 5-1. IDEX FM Detector 2500. Position 5. HG CSAs ",5," Aluminum "
8556118,20231221193114.881999999,20231221123114.881999999,1703187074882,3.594350E+4,1.612608E-18,4.738650E-16,5.224269E-8,2.198294E+0," IDEX "," 2023_12_21_run2 "," 12-90 km/s. Al 5-1. IDEX FM Detector 2500. Position 5. HG CSAs ",5," Aluminum "
8556119,20231221193116.276000000,20231221123116.276000000,1703187076276,2.416130E+4,1.517324E-18,2.014670E-16,5.119277E-8,2.198294E+0," IDEX "," 2023_12_21_run2 "," 12-90 km/s. Al 5-1. IDEX FM Detector 2500. Position 5. HG CSAs ",5," Aluminum "
8556120,20231221193116.466000000,20231221123116.466000000,1703187076466,2.554500E+4,4.829179E-18,7.167540E-16,7.530208E-8,2.198294E+0," IDEX "," 2023_12_21_run2 "," 12-90 km/s. Al 5-1. IDEX FM Detector 2500. Position 5. HG CSAs ",4," Aluminum "
8556125,20231221193129.533999999,20231221123129.533999999,1703187089534,1.439680E+4,3.411643E-17,1.608350E-15,1.444898E-7,2.198294E+0," IDEX "," 2023_12_21_run2 "," 12-90 km/s. Al 5-1. IDEX FM Detector 2500. Position 5. HG CSAs ",3," Aluminum "
8556126,20231221193130.543999999,20231221123130.543999999,1703187090544,1.271910E+4,1.268472E-17,4.667440E-16,1.038986E-7,2.198294E+0," IDEX "," 2023_12_21_run2 "," 12-90 km/s. Al 5-1. IDEX FM Detector 2500. Position 5. HG CSAs ",5," Aluminum "
8556128,20231221193139.523999999,20231221123139.523999999,1703187099524,1.562170E+4,3.334652E-18,1.848870E-16,6.655787E-8,2.200754E+0," IDEX "," 2023_12_21_run2 "," 12-90 km/s. Al 5-1. IDEX FM Detector 2500. Position 5. HG CSAs ",3," Aluminum "
8556132,20231221193152.003999999,20231221123152.003999999,1703187112004,2.232410E+4,3.038562E-18,3.444300E-16,6.452657E-8,2.198294E+0," IDEX "," 2023_12_21_run2 "," 12-90 km/s. Al 5-1. IDEX FM Detector 2500. Position 5. HG CSAs ",5," Aluminum "
8556137,20231221193212.268000000,20231221123212.268000000,1703187132268,1.346720E+4,4.998008E-18,2.060600E-16,7.616957E-8,2.199524E+0," IDEX "," 2023_12_21_run2 "," 12-90 km/s. Al 5-1. IDEX FM Detector 2500. Position 5. HG CSAs ",5," Aluminum "
8556138,20231221193212.652999999,20231221123212.652999999,1703187132653,1.312080E+4,1.330267E-17,5.205970E-16,1.055591E-7,2.199524E+0," IDEX "," 2023_12_21_run2 "," 12-90 km/s. Al 5-1. IDEX FM Detector 2500. Position 5. HG CSAs ",5," Aluminum "
8556139,20231221193215.384000000,20231221123215.384000000,1703187135384,2.187880E+4,4.488043E-18,4.886400E-16,7.348548E-8,2.198294E+0," IDEX "," 2023_12_21_run2 "," 12-90 km/s. Al 5-1. IDEX FM Detector 2500. Position 5. HG CSAs ",5," Aluminum "
8556140,20231221193216.537000000,20231221123216.537000000,1703187136537,1.227200E+4,1.027648E-17,3.520140E-16,9.685691E-8,2.198294E+0," IDEX "," 2023_12_21_run2 "," 12-90 km/s. Al 5-1. IDEX FM Detector 2500. Position 5. HG CSAs ",5," Aluminum "
8556141,20231221193218.381999999,20231221123218.381999999,1703187138382,1.273430E+4,3.080624E-17,1.136250E-15,1.396568E-7,2.198294E+0," IDEX "," 2023_12_21_run2 "," 12-90 km/s. Al 5-1. IDEX FM Detector 2500. Position 5. HG CSAs ",5," Aluminum "
8556144,20231221193226.472000000,20231221123226.472000000,1703187146472,2.147430E+4,2.214203E-18,2.321120E-16,5.806597E-8,2.199524E+0," IDEX "," 2023_12_21_run2 "," 12-90 km/s. Al 5-1. IDEX FM Detector 2500. Position 5. HG CSAs ",4," Aluminum "
8556146,20231221193227.612999999,20231221123227.612999999,1703187147613,1.808510E+4,2.546170E-18,1.893090E-16,6.083381E-8,2.199524E+0," IDEX "," 2023_12_21_run2 "," 12-90 km/s. Al 5-1. IDEX FM Detector 2500. Position 5. HG CSAs ",5," Aluminum "
8556149,20231221193233.473999999,20231221123233.473999999,1703187153474,1.939980E+4,4.174815E-18,3.575690E-16,7.173453E-8,2.197063E+0," IDEX "," 2023_12_21_run2 "," 12-90 km/s. Al 5-1. IDEX FM Detector 2500. Position 5. HG CSAs ",5," Aluminum "
8556150,20231221193233.666999999,20231221123233.666999999,1703187153667,2.104500E+4,3.648296E-18,3.677190E-16,6.858238E-8,2.197063E+0," IDEX "," 2023_12_21_run2 "," 12-90 km/s. Al 5-1. IDEX FM Detector 2500. Position 5. HG CSAs ",5," Aluminum "
8556152,20231221193242.712000000,20231221123242.712000000,1703187162712,2.450890E+4,2.328469E-18,3.183070E-16,5.904811E-8,2.197063E+0," IDEX "," 2023_12_21_run2 "," 12-90 km/s. Al 5-1. IDEX FM Detector 2500. Position 5. HG CSAs ",4," Aluminum "
8556153,20231221193243.854999999,20231221123243.854999999,1703187163855,2.253080E+4,1.328510E-18,1.534780E-16,4.897459E-8,2.197063E+0," IDEX "," 2023_12_21_run2 "," 12-90 km/s. Al 5-1. IDEX FM Detector 2500. Position 5. HG CSAs ",4," Aluminum "
8556154,20231221193245.134000000,20231221123245.134000000,1703187165134,1.516770E+4,7.375831E-18,3.861700E-16,8.672005E-8,2.197063E+0," IDEX "," 2023_12_21_run2 "," 12-90 km/s. Al 5-1. IDEX FM Detector 2500. Position 5. HG CSAs ",5," Aluminum "
8556157,20231221193249.520000000,20231221123249.520000000,1703187169520,2.423330E+4,5.768656E-18,7.709530E-16,7.989889E-8,2.197063E+0," IDEX "," 2023_12_21_run2 "," 12-90 km/s. Al 5-1. IDEX FM Detector 2500. Position 5. HG CSAs ",5," Aluminum "
8556158,20231221193249.712999999,20231221123249.712999999,1703187169713,2.263950E+4,1.008780E-17,1.176680E-15,9.626049E-8,2.197063E+0," IDEX "," 2023_12_21_run2 "," 12-90 km/s. Al 5-1. IDEX FM Detector 2500. Position 5. HG CSAs ",5," Aluminum "
8556159,20231221193251.561999999,20231221123251.561999999,1703187171562,1.434180E+4,4.509450E-17,2.112040E-15,1.585710E-7,2.195833E+0," IDEX "," 2023_12_21_run2 "," 12-90 km/s. Al 5-1. IDEX FM Detector 2500. Position 5. HG CSAs ",5," Aluminum "
8556161,20231221193256.783999999,20231221123256.783999999,1703187176784,2.777440E+4,3.639710E-18,6.382610E-16,6.852854E-8,2.199524E+0," IDEX "," 2023_12_21_run2 "," 12-90 km/s. Al 5-1. IDEX FM Detector 2500. Position 5. HG CSAs ",5," Aluminum "
8556162,20231221193257.552999999,20231221123257.552999999,1703187177553,1.707150E+4,4.490253E-18,2.974790E-16,7.349754E-8,2.199524E+0," IDEX "," 2023_12_21_run2 "," 12-90 km/s. Al 5-1. IDEX FM Detector 2500. Position 5. HG CSAs ",5," Aluminum "
8556163,20231221193257.930999999,20231221123257.930999999,1703187177931,1.758460E+4,6.757195E-18,4.749780E-16,8.422442E-8,2.199524E+0," IDEX "," 2023_12_21_run2 "," 12-90 km/s. Al 5-1. IDEX FM Detector 2500. Position 5. HG CSAs ",5," Aluminum "
8556165,20231221193259.780000000,20231221123259.780000000,1703187179780,1.926750E+4,6.192070E-18,5.225510E-16,8.180776E-8,2.199524E+0," IDEX "," 2023_12_21_run2 "," 12-90 km/s. Al 5-1. IDEX FM Detector 2500. Position 5. HG CSAs ",5," Aluminum "
8556166,20231221193300.040999999,20231221123300.040999999,1703187180041,2.087620E+4,4.792278E-18,4.747740E-16,7.510979E-8,2.199524E+0," IDEX "," 2023_12_21_run2 "," 12-90 km/s. Al 5-1. IDEX FM Detector 2500. Position 5. HG CSAs ",5," Aluminum "
8556169,20231221193304.305999999,20231221123304.305999999,1703187184306,2.029280E+4,1.038525E-17,9.732600E-16,9.719744E-8,2.197063E+0," IDEX "," 2023_12_21_run2 "," 12-90 km/s. Al 5-1. IDEX FM Detector 2500. Position 5. HG CSAs ",5," Aluminum "
8556170,20231221193304.429000000,20231221123304.429000000,1703187184429,1.665260E+4,2.702493E-18,1.705520E-16,6.205414E-8,2.197063E+0," IDEX "," 2023_12_21_run2 "," 12-90 km/s. Al 5-1. IDEX FM Detector 2500. Position 5. HG CSAs ",3," Aluminum "
8556171,20231221193304.938000000,20231221123304.938000000,1703187184938,1.400060E+4,9.363382E-18,4.176900E-16,9.389882E-8,2.197063E+0," IDEX "," 2023_12_21_run2 "," 12-90 km/s. Al 5-1. IDEX FM Detector 2500. Position 5. HG CSAs ",5," Aluminum "
8556176,20231221193312.908000000,20231221123312.908000000,1703187192908,1.253560E+4,3.712162E-18,1.326790E-16,6.898026E-8,2.198294E+0," IDEX "," 2023_12_21_run2 "," 12-90 km/s. Al 5-1. IDEX FM Detector 2500. Position 5. HG CSAs ",3," Aluminum "
8556177,20231221193313.283999999,20231221123313.283999999,1703187193284,1.353120E+4,9.576462E-18,3.988070E-16,9.460576E-8,2.198294E+0," IDEX "," 2023_12_21_run2 "," 12-90 km/s. Al 5-1. IDEX FM Detector 2500. Position 5. HG CSAs ",5," Aluminum "
8556180,20231221193321.496999999,20231221123321.496999999,1703187201497,2.788440E+4,1.150098E-18,2.033960E-16,4.667605E-8,2.198294E+0," IDEX "," 2023_12_21_run2 "," 12-90 km/s. Al 5-1. IDEX FM Detector 2500. Position 5. HG CSAs ",5," Aluminum "
8556182,20231221193323.280000000,20231221123323.280000000,1703187203280,1.914960E+4,4.621246E-18,3.854460E-16,7.420541E-8,2.198294E+0," IDEX "," 2023_12_21_run2 "," 12-90 km/s. Al 5-1. IDEX FM Detector 2500. Position 5. HG CSAs ",5," Aluminum "
8556184,20231221193328.884000000,20231221123328.884000000,1703187208884,2.550540E+4,1.528754E-18,2.261970E-16,5.132099E-8,2.198294E+0," IDEX "," 2023_12_21_run2 "," 12-90 km/s. Al 5-1. IDEX FM Detector 2500. Position 5. HG CSAs ",5," Aluminum "
8556186,20231221193333.219999999,20231221123333.219999999,1703187213220,1.564120E+4,4.305192E-16,2.396960E-14,3.363928E-7,2.197063E+0," IDEX "," 2023_12_21_run2 "," 12-90 km/s. Al 5-1. IDEX FM Detector 2500. Position 5. HG CSAs ",5," Aluminum "
8556187,20231221193333.543000000,20231221123333.543000000,1703187213543,1.491580E+4,3.705733E-18,1.876270E-16,6.894042E-8,2.197063E+0," IDEX "," 2023_12_21_run2 "," 12-90 km/s. Al 5-1. IDEX FM Detector 2500. Position 5. HG CSAs ",4," Aluminum "
8556189,20231221193334.361999999,20231221123334.361999999,1703187214362,2.125660E+4,2.141808E-18,2.202400E-16,5.742611E-8,2.197063E+0," IDEX "," 2023_12_21_run2 "," 12-90 km/s. Al 5-1. IDEX FM Detector 2500. Position 5. HG CSAs ",4," Aluminum "
8556191,20231221193338.123999999,20231221123338.123999999,1703187218124,3.261240E+4,1.478601E-18,3.578860E-16,5.075353E-8,2.197063E+0," IDEX "," 2023_12_21_run2 "," 12-90 km/s. Al 5-1. IDEX FM Detector 2500. Position 5. HG CSAs ",5," Aluminum "
8556198,20231221193348.308999999,20231221123348.308999999,1703187228309,4.443070E+4,2.694104E-18,1.208990E-15,6.198986E-8,2.199524E+0," IDEX "," 2023_12_21_run2 "," 12-90 km/s. Al 5-1. IDEX FM Detector 2500. Position 5. HG CSAs ",5," Aluminum "
8556202,20231221193352.461000000,20231221123352.461000000,1703187232461,1.162200E+4,6.708891E-18,2.059940E-16,8.402325E-8,2.199524E+0," IDEX "," 2023_12_21_run2 "," 12-90 km/s. Al 5-1. IDEX FM Detector 2500. Position 5. HG CSAs ",4," Aluminum "
8556204,20231221193354.807000000,20231221123354.807000000,1703187234807,2.272750E+4,1.717728E-18,2.018100E-16,5.335404E-8,2.198294E+0," IDEX "," 2023_12_21_run2 "," 12-90 km/s. Al 5-1. IDEX FM Detector 2500. Position 5. HG CSAs ",5," Aluminum "
8556205,20231221193357.359999999,20231221123357.359999999,1703187237360,3.152890E+4,1.259769E-18,2.846760E-16,4.811490E-8,2.199524E+0," IDEX "," 2023_12_21_run2 "," 12-90 km/s. Al 5-1. IDEX FM Detector 2500. Position 5. HG CSAs ",5," Aluminum "
8556210,20231221193359.779000000,20231221123359.779000000,1703187239779,1.669450E+4,3.890766E-18,2.466420E-16,7.006927E-8,2.198294E+0," IDEX "," 2023_12_21_run2 "," 12-90 km/s. Al 5-1. IDEX FM Detector 2500. Position 5. HG CSAs ",5," Aluminum "
8556211,20231221193402.208000000,20231221123402.208000000,1703187242208,2.397690E+4,4.122895E-18,5.391050E-16,7.143592E-8,2.198294E+0," IDEX "," 2023_12_21_run2 "," 12-90 km/s. Al 5-1. IDEX FM Detector 2500. Position 5. HG CSAs ",5," Aluminum "
8556212,20231221193402.709999999,20231221123402.709999999,1703187242710,1.578150E+4,5.323649E-18,3.015720E-16,7.778915E-8,2.198294E+0," IDEX "," 2023_12_21_run2 "," 12-90 km/s. Al 5-1. IDEX FM Detector 2500. Position 5. HG CSAs ",3," Aluminum "
8556213,20231221193410.668999999,20231221123410.668999999,1703187250669,1.808880E+4,1.542919E-17,1.148280E-15,1.109082E-7,2.198294E+0," IDEX "," 2023_12_21_run2 "," 12-90 km/s. Al 5-1. IDEX FM Detector 2500. Position 5. HG CSAs ",5," Aluminum "
8556215,20231221193414.688000000,20231221123414.688000000,1703187254688,1.311490E+4,3.852301E-17,1.507920E-15,1.504605E-7,2.197063E+0," IDEX "," 2023_12_21_run2 "," 12-90 km/s. Al 5-1. IDEX FM Detector 2500. Position 5. HG CSAs ",5," Aluminum "
8556218,20231221193419.083000000,20231221123419.083000000,1703187259083,1.736700E+4,4.886273E-18,3.350190E-16,7.559768E-8,2.199524E+0," IDEX "," 2023_12_21_run2 "," 12-90 km/s. Al 5-1. IDEX FM Detector 2500. Position 5. HG CSAs ",3," Aluminum "
8556224,20231221193432.962999999,20231221123432.962999999,1703187272963,4.596640E+4,8.159635E-19,3.921360E-16,4.162997E-8,2.198294E+0," IDEX "," 2023_12_21_run2 "," 12-90 km/s. Al 5-1. IDEX FM Detector 2500. Position 5. HG CSAs ",5," Aluminum "
8556233,20231221193444.492000000,20231221123444.492000000,1703187284492,3.557700E+4,4.503848E-18,1.297330E-15,7.357164E-8,2.197063E+0," IDEX "," 2023_12_21_run2 "," 12-90 km/s. Al 5-1. IDEX FM Detector 2500. Position 5. HG CSAs ",5," Aluminum "
8556234,20231221193444.625000000,20231221123444.625000000,1703187284625,1.665890E+4,3.773887E-18,2.383470E-16,6.936050E-8,2.197063E+0," IDEX "," 2023_12_21_run2 "," 12-90 km/s. Al 5-1. IDEX FM Detector 2500. Position 5. HG CSAs ",5," Aluminum "
8556236,20231221193445.841000000,20231221123445.841000000,1703187285841,1.155240E+4,6.776716E-18,2.058220E-16,8.430545E-8,2.197063E+0," IDEX "," 2023_12_21_run2 "," 12-90 km/s. Al 5-1. IDEX FM Detector 2500. Position 5. HG CSAs ",3," Aluminum "
8556244,20231221193455.126999999,20231221123455.126999999,1703187295127,4.322990E+4,9.406132E-19,3.998200E-16,4.365020E-8,2.198294E+0," IDEX "," 2023_12_21_run2 "," 12-90 km/s. Al 5-1. IDEX FM Detector 2500. Position 5. HG CSAs ",5," Aluminum "
8556246,20231221193459.712999999,20231221123459.712999999,1703187299713,2.162150E+4,5.223582E-18,5.551140E-16,7.729867E-8,2.199524E+0," IDEX "," 2023_12_21_run2 "," 12-90 km/s. Al 5-1. IDEX FM Detector 2500. Position 5. HG CSAs ",5," Aluminum "
8556251,20231221193507.425000000,20231221123507.425000000,1703187307425,1.404880E+4,6.017892E-18,2.703030E-16,8.103339E-8,2.197063E+0," IDEX "," 2023_12_21_run2 "," 12-90 km/s. Al 5-1. IDEX FM Detector 2500. Position 5. HG CSAs ",3," Aluminum "
8556256,20231221193516.148000000,20231221123516.148000000,1703187316148,1.813670E+4,2.526019E-18,1.888840E-16,6.067290E-8,2.199524E+0," IDEX "," 2023_12_21_run2 "," 12-90 km/s. Al 5-1. IDEX FM Detector 2500. Position 5. HG CSAs ",4," Aluminum "
8556258,20231221193519.518999999,20231221123519.518999999,1703187319519,1.563660E+4,6.029160E-18,3.351070E-16,8.108393E-8,2.199524E+0," IDEX "," 2023_12_21_run2 "," 12-90 km/s. Al 5-1. IDEX FM Detector 2500. Position 5. HG CSAs ",5," Aluminum "
8556260,20231221193523.026000000,20231221123523.026000000,1703187323026,1.490030E+4,1.397639E-17,7.057810E-16,1.073118E-7,2.198294E+0," IDEX "," 2023_12_21_run2 "," 12-90 km/s. Al 5-1. IDEX FM Detector 2500. Position 5. HG CSAs ",5," Aluminum "
8556261,20231221193523.220999999,20231221123523.220999999,1703187323221,2.351500E+4,2.269097E-18,2.853830E-16,5.854191E-8,2.198294E+0," IDEX "," 2023_12_21_run2 "," 12-90 km/s. Al 5-1. IDEX FM Detector 2500. Position 5. HG CSAs ",5," Aluminum "
8556262,20231221193523.604999999,20231221123523.604999999,1703187323605,1.338830E+4,7.688908E-18,3.132980E-16,8.793007E-8,2.199524E+0," IDEX "," 2023_12_21_run2 "," 12-90 km/s. Al 5-1. IDEX FM Detector 2500. Position 5. HG CSAs ",5," Aluminum "
8556264,20231221193525.320999999,20231221123525.320999999,1703187325321,2.444130E+4,1.784080E-18,2.422730E-16,5.403237E-8,2.199524E+0," IDEX "," 2023_12_21_run2 "," 12-90 km/s. Al 5-1. IDEX FM Detector 2500. Position 5. HG CSAs ",5," Aluminum "
8556266,20231221193527.805999999,20231221123527.805999999,1703187327806,1.290840E+4,1.221213E-17,4.630890E-16,1.025919E-7,2.197063E+0," IDEX "," 2023_12_21_run2 "," 12-90 km/s. Al 5-1. IDEX FM Detector 2500. Position 5. HG CSAs ",5," Aluminum "
8556271,20231221193533.032000000,20231221123533.032000000,1703187333032,1.241620E+4,1.635856E-17,5.739190E-16,1.130917E-7,2.197063E+0," IDEX "," 2023_12_21_run2 "," 12-90 km/s. Al 5-1. IDEX FM Detector 2500. Position 5. HG CSAs ",5," Aluminum "
8556273,20231221193536.405999999,20231221123536.405999999,1703187336406,1.583600E+4,7.609208E-18,4.337830E-16,8.762520E-8,2.199524E+0," IDEX "," 2023_12_21_run2 "," 12-90 km/s. Al 5-1. IDEX FM Detector 2500. Position 5. HG CSAs ",4," Aluminum "
8556274,20231221193537.297999999,20231221123537.297999999,1703187337298,2.101200E+4,3.588890E-18,3.603960E-16,6.820810E-8,2.198294E+0," IDEX "," 2023_12_21_run2 "," 12-90 km/s. Al 5-1. IDEX FM Detector 2500. Position 5. HG CSAs ",5," Aluminum "
8556277,20231221193540.679000000,20231221123540.679000000,1703187340679,1.412100E+4,4.634031E-18,2.101720E-16,7.427378E-8,2.198294E+0," IDEX "," 2023_12_21_run2 "," 12-90 km/s. Al 5-1. IDEX FM Detector 2500. Position 5. HG CSAs ",4," Aluminum "
8556278,20231221193543.793999999,20231221123543.793999999,1703187343794,3.965210E+4,1.595405E-18,5.705430E-16,5.205625E-8,2.198294E+0," IDEX "," 2023_12_21_run2 "," 12-90 km/s. Al 5-1. IDEX FM Detector 2500. Position 5. HG CSAs ",4," Aluminum "
8556279,20231221193544.112999999,20231221123544.112999999,1703187344113,1.576880E+4,3.791927E-18,2.144580E-16,6.947084E-8,2.198294E+0," IDEX "," 2023_12_21_run2 "," 12-90 km/s. Al 5-1. IDEX FM Detector 2500. Position 5. HG CSAs ",4," Aluminum "
8556280,20231221193547.672000000,20231221123547.672000000,1703187347672,1.681310E+4,3.510840E-18,2.256050E-16,6.771001E-8,2.199524E+0," IDEX "," 2023_12_21_run2 "," 12-90 km/s. Al 5-1. IDEX FM Detector 2500. Position 5. HG CSAs ",5," Aluminum "
8556287,20231221193556.591000000,20231221123556.591000000,1703187356591,1.217970E+4,4.390674E-18,1.480630E-16,7.295017E-8,2.199524E+0," IDEX "," 2023_12_21_run2 "," 12-90 km/s. Al 5-1. IDEX FM Detector 2500. Position 5. HG CSAs ",4," Aluminum "
8556289,20231221193558.819000000,20231221123558.819000000,1703187358819,2.129740E+4,2.049905E-18,2.113630E-16,5.659270E-8,2.199524E+0," IDEX "," 2023_12_21_run2 "," 12-90 km/s. Al 5-1. IDEX FM Detector 2500. Position 5. HG CSAs ",4," Aluminum "
8556290,20231221193559.912000000,20231221123559.912000000,1703187359912,1.345550E+4,6.355132E-18,2.615570E-16,8.251966E-8,2.199524E+0," IDEX "," 2023_12_21_run2 "," 12-90 km/s. Al 5-1. IDEX FM Detector 2500. Position 5. HG CSAs ",3," Aluminum "
8556292,20231221193601.441000000,20231221123601.441000000,1703187361441,1.891850E+4,3.281197E-18,2.669610E-16,6.620031E-8,2.199524E+0," IDEX "," 2023_12_21_run2 "," 12-90 km/s. Al 5-1. IDEX FM Detector 2500. Position 5. HG CSAs ",3," Aluminum "
8556293,20231221193601.567999999,20231221123601.567999999,1703187361568,1.378290E+4,6.171113E-17,2.667920E-15,1.760504E-7,2.197063E+0," IDEX "," 2023_12_21_run2 "," 12-90 km/s. Al 5-1. IDEX FM Detector 2500. Position 5. HG CSAs ",5," Aluminum "
8556294,20231221193601.756999999,20231221123601.756999999,1703187361757,1.428260E+4,6.126615E-18,2.844220E-16,8.151848E-8,2.197063E+0," IDEX "," 2023_12_21_run2 "," 12-90 km/s. Al 5-1. IDEX FM Detector 2500. Position 5. HG CSAs ",5," Aluminum "
8556295,20231221193605.513999999,20231221123605.513999999,1703187365514,1.601900E+4,5.484718E-18,3.199390E-16,7.856588E-8,2.199524E+0," IDEX "," 2023_12_21_run2 "," 12-90 km/s. Al 5-1. IDEX FM Detector 2500. Position 5. HG CSAs ",5," Aluminum "
8556299,20231221193609.206999999,20231221123609.206999999,1703187369207,1.245640E+4,5.138021E-18,1.814300E-16,7.687430E-8,2.197063E+0," IDEX "," 2023_12_21_run2 "," 12-90 km/s. Al 5-1. IDEX FM Detector 2500. Position 5. HG CSAs ",3," Aluminum "
8556300,20231221193610.862999999,20231221123610.862999999,1703187370863,2.055520E+4,1.714130E-18,1.648220E-16,5.331676E-8,2.197063E+0," IDEX "," 2023_12_21_run2 "," 12-90 km/s. Al 5-1. IDEX FM Detector 2500. Position 5. HG CSAs ",4," Aluminum "
8556303,20231221193612.958000000,20231221123612.958000000,1703187372958,1.227260E+4,3.490281E-18,1.195690E-16,6.757759E-8,2.198294E+0," IDEX "," 2023_12_21_run2 "," 12-90 km/s. Al 5-1. IDEX FM Detector 2500. Position 5. HG CSAs ",4," Aluminum "
8556306,20231221193614.682999999,20231221123614.682999999,1703187374683,1.409670E+4,6.171966E-18,2.789610E-16,8.171913E-8,2.198294E+0," IDEX "," 2023_12_21_run2 "," 12-90 km/s. Al 5-1. IDEX FM Detector 2500. Position 5. HG CSAs ",5," Aluminum "
8556307,20231221193615.137000000,20231221123615.137000000,1703187375137,1.508940E+4,5.675429E-18,2.939190E-16,7.946614E-8,2.198294E+0," IDEX "," 2023_12_21_run2 "," 12-90 km/s. Al 5-1. IDEX FM Detector 2500. Position 5. HG CSAs ",3," Aluminum "
8556308,20231221193615.577999999,20231221123615.577999999,1703187375578,2.352130E+4,1.447295E-18,1.821230E-16,5.039277E-8,2.198294E+0," IDEX "," 2023_12_21_run2 "," 12-90 km/s. Al 5-1. IDEX FM Detector 2500. Position 5. HG CSAs ",3," Aluminum "
8556312,20231221193619.395999999,20231221123619.395999999,1703187379396,1.669810E+4,5.625234E-18,3.565470E-16,7.923117E-8,2.199524E+0," IDEX "," 2023_12_21_run2 "," 12-90 km/s. Al 5-1. IDEX FM Detector 2500. Position 5. HG CSAs ",5," Aluminum "
8556313,20231221193619.591000000,20231221123619.591000000,1703187379591,1.228040E+4,1.467265E-17,5.030090E-16,1.090650E-7,2.199524E+0," IDEX "," 2023_12_21_run2 "," 12-90 km/s. Al 5-1. IDEX FM Detector 2500. Position 5. HG CSAs ",5," Aluminum "
8556315,20231221193620.932999999,20231221123620.932999999,1703187380933,1.366090E+4,3.776221E-18,1.602880E-16,6.937479E-8,2.198294E+0," IDEX "," 2023_12_21_run2 "," 12-90 km/s. Al 5-1. IDEX FM Detector 2500. Position 5. HG CSAs ",5," Aluminum "
8556316,20231221194103.757999999,20231221124103.757999999,1703187663758,1.925480E+4,4.223956E-18,3.563900E-16,7.201490E-8,2.197063E+0," IDEX "," 2023_12_21_run3 "," 12-90 km/s. Al 5-1. IDEX FM Detector 2500. Position 5. HG CSAs ",5," Aluminum "
8556317,20231221194103.944000000,20231221124103.944000000,1703187663944,1.973970E+4,8.779654E-18,7.785500E-16,9.190553E-8,2.197063E+0," IDEX "," 2023_12_21_run3 "," 12-90 km/s. Al 5-1. IDEX FM Detector 2500. Position 5. HG CSAs ",5," Aluminum "
8556318,20231221194104.132999999,20231221124104.132999999,1703187664133,3.407660E+4,7.401002E-19,1.955830E-16,4.029762E-8,2.197063E+0," IDEX "," 2023_12_21_run3 "," 12-90 km/s. Al 5-1. IDEX FM Detector 2500. Position 5. HG CSAs ",4," Aluminum "
8556319,20231221194106.439999999,20231221124106.439999999,1703187666440,1.635150E+4,4.256582E-18,2.587130E-16,7.219983E-8,2.199524E+0," IDEX "," 2023_12_21_run3 "," 12-90 km/s. Al 5-1. IDEX FM Detector 2500. Position 5. HG CSAs ",4," Aluminum "
8556323,20231221194113.177000000,20231221124113.177000000,1703187673177,1.785210E+4,3.045686E-18,2.208980E-16,6.457695E-8,2.197063E+0," IDEX "," 2023_12_21_run3 "," 12-90 km/s. Al 5-1. IDEX FM Detector 2500. Position 5. HG CSAs ",5," Aluminum "
8556324,20231221194113.691000000,20231221124113.691000000,1703187673691,1.783880E+4,2.491572E-18,1.804400E-16,6.039584E-8,2.197063E+0," IDEX "," 2023_12_21_run3 "," 12-90 km/s. Al 5-1. IDEX FM Detector 2500. Position 5. HG CSAs ",3," Aluminum "
8556325,20231221194113.884000000,20231221124113.884000000,1703187673884,1.454550E+4,1.323647E-17,6.373200E-16,1.053837E-7,2.197063E+0," IDEX "," 2023_12_21_run3 "," 12-90 km/s. Al 5-1. IDEX FM Detector 2500. Position 5. HG CSAs ",5," Aluminum "
8556327,20231221194114.848999999,20231221124114.848999999,1703187674849,1.572580E+4,8.060671E-18,4.536540E-16,8.932498E-8,2.197063E+0," IDEX "," 2023_12_21_run3 "," 12-90 km/s. Al 5-1. IDEX FM Detector 2500. Position 5. HG CSAs ",5," Aluminum "
8556328,20231221194116.256000000,20231221124116.256000000,1703187676256,1.699130E+4,4.457918E-18,2.928960E-16,7.332069E-8,2.197063E+0," IDEX "," 2023_12_21_run3 "," 12-90 km/s. Al 5-1. IDEX FM Detector 2500. Position 5. HG CSAs ",5," Aluminum "
8556330,20231221194119.649999999,20231221124119.649999999,1703187679650,2.087290E+4,1.262176E-17,1.251450E-15,1.037264E-7,2.197063E+0," IDEX "," 2023_12_21_run3 "," 12-90 km/s. Al 5-1. IDEX FM Detector 2500. Position 5. HG CSAs ",5," Aluminum "
8556331,20231221194121.523000000,20231221124121.523000000,1703187681523,1.229000E+4,3.051606E-17,1.047790E-15,1.392169E-7,2.199524E+0," IDEX "," 2023_12_21_run3 "," 12-90 km/s. Al 5-1. IDEX FM Detector 2500. Position 5. HG CSAs ",5," Aluminum "
8556333,20231221194122.427000000,20231221124122.427000000,1703187682427,1.921350E+4,5.693737E-18,4.778070E-16,7.955150E-8,2.199524E+0," IDEX "," 2023_12_21_run3 "," 12-90 km/s. Al 5-1. IDEX FM Detector 2500. Position 5. HG CSAs ",4," Aluminum "
8556335,20231221194126.638000000,20231221124126.638000000,1703187686638,1.294530E+4,9.122990E-17,3.475390E-15,2.005526E-7,2.199524E+0," IDEX "," 2023_12_21_run3 "," 12-90 km/s. Al 5-1. IDEX FM Detector 2500. Position 5. HG CSAs ",5," Aluminum "
8556342,20231221194133.734000000,20231221124133.734000000,1703187693734,1.242910E+4,7.133625E-18,2.506540E-16,8.576023E-8,2.198294E+0," IDEX "," 2023_12_21_run3 "," 12-90 km/s. Al 5-1. IDEX FM Detector 2500. Position 5. HG CSAs ",5," Aluminum "
8556346,20231221194138.637000000,20231221124138.637000000,1703187698637,1.279140E+4,2.043234E-17,7.603950E-16,1.217929E-7,2.198294E+0," IDEX "," 2023_12_21_run3 "," 12-90 km/s. Al 5-1. IDEX FM Detector 2500. Position 5. HG CSAs ",5," Aluminum "
8556347,20231221194140.924000000,20231221124140.924000000,1703187700924,2.967120E+4,1.839713E-18,3.679760E-16,5.458826E-8,2.200754E+0," IDEX "," 2023_12_21_run3 "," 12-90 km/s. Al 5-1. IDEX FM Detector 2500. Position 5. HG CSAs ",5," Aluminum "
8556348,20231221194142.368999999,20231221124142.368999999,1703187702369,2.686420E+4,3.037402E-18,4.980230E-16,6.451836E-8,2.200754E+0," IDEX "," 2023_12_21_run3 "," 12-90 km/s. Al 5-1. IDEX FM Detector 2500. Position 5. HG CSAs ",5," Aluminum "
8556349,20231221194144.544999999,20231221124144.544999999,1703187704545,1.339580E+4,4.465783E-18,1.822720E-16,7.336379E-8,2.198294E+0," IDEX "," 2023_12_21_run3 "," 12-90 km/s. Al 5-1. IDEX FM Detector 2500. Position 5. HG CSAs ",3," Aluminum "
8556351,20231221194149.478000000,20231221124149.478000000,1703187709478,3.043970E+4,8.241798E-18,1.735010E-15,8.998909E-8,2.200754E+0," IDEX "," 2023_12_21_run3 "," 12-90 km/s. Al 5-1. IDEX FM Detector 2500. Position 5. HG CSAs ",5," Aluminum "
8556352,20231221194153.757999999,20231221124153.757999999,1703187713758,1.465940E+4,2.120482E-17,1.035300E-15,1.233088E-7,2.200754E+0," IDEX "," 2023_12_21_run3 "," 12-90 km/s. Al 5-1. IDEX FM Detector 2500. Position 5. HG CSAs ",5," Aluminum "
8556357,20231221194204.506999999,20231221124204.506999999,1703187724507,1.486770E+4,6.813493E-18,3.423730E-16,8.445768E-8,2.199524E+0," IDEX "," 2023_12_21_run3 "," 12-90 km/s. Al 5-1. IDEX FM Detector 2500. Position 5. HG CSAs ",5," Aluminum "
8556359,20231221194210.265999999,20231221124210.265999999,1703187730266,1.246350E+4,6.661856E-18,2.353750E-16,8.382643E-8,2.198294E+0," IDEX "," 2023_12_21_run3 "," 12-90 km/s. Al 5-1. IDEX FM Detector 2500. Position 5. HG CSAs ",3," Aluminum "
8556360,20231221194210.989999999,20231221124210.989999999,1703187730990,1.702100E+4,1.050714E-17,6.927600E-16,9.757624E-8,2.197063E+0," IDEX "," 2023_12_21_run3 "," 12-90 km/s. Al 5-1. IDEX FM Detector 2500. Position 5. HG CSAs ",5," Aluminum "
8556361,20231221194213.515999999,20231221124213.515999999,1703187733516,2.444890E+4,2.550823E-18,3.466100E-16,6.087085E-8,2.199524E+0," IDEX "," 2023_12_21_run3 "," 12-90 km/s. Al 5-1. IDEX FM Detector 2500. Position 5. HG CSAs ",5," Aluminum "
8556362,20231221194215.297999999,20231221124215.297999999,1703187735298,2.085310E+4,1.922338E-18,1.900260E-16,5.539354E-8,2.199524E+0," IDEX "," 2023_12_21_run3 "," 12-90 km/s. Al 5-1. IDEX FM Detector 2500. Position 5. HG CSAs ",5," Aluminum "
8556364,20231221194218.023000000,20231221124218.023000000,1703187738023,1.818600E+4,6.193507E-18,4.656430E-16,8.181409E-8,2.199524E+0," IDEX "," 2023_12_21_run3 "," 12-90 km/s. Al 5-1. IDEX FM Detector 2500. Position 5. HG CSAs ",5," Aluminum "
8556365,20231221194219.069999999,20231221124219.069999999,1703187739070,1.745690E+4,4.273318E-18,2.960340E-16,7.229434E-8,2.199524E+0," IDEX "," 2023_12_21_run3 "," 12-90 km/s. Al 5-1. IDEX FM Detector 2500. Position 5. HG CSAs ",5," Aluminum "
8556375,20231221194239.270000000,20231221124239.270000000,1703187759270,2.631030E+4,2.261848E-18,3.561230E-16,5.847950E-8,2.198294E+0," IDEX "," 2023_12_21_run3 "," 12-90 km/s. Al 5-1. IDEX FM Detector 2500. Position 5. HG CSAs ",5," Aluminum "
8556398,20231221194318.817999999,20231221124318.817999999,1703187798818,1.518670E+4,5.762509E-18,3.024590E-16,7.987050E-8,2.197063E+0," IDEX "," 2023_12_21_run3 "," 12-90 km/s. Al 5-1. IDEX FM Detector 2500. Position 5. HG CSAs ",5," Aluminum "
8556400,20231221194325.828999999,20231221124325.828999999,1703187805829,1.327990E+4,8.210444E-18,3.295220E-16,8.987483E-8,2.197063E+0," IDEX "," 2023_12_21_run3 "," 12-90 km/s. Al 5-1. IDEX FM Detector 2500. Position 5. HG CSAs ",5," Aluminum "
8556401,20231221194326.881000000,20231221124326.881000000,1703187806881,2.324470E+4,5.808075E-18,7.133820E-16,8.008047E-8,2.199524E+0," IDEX "," 2023_12_21_run3 "," 12-90 km/s. Al 5-1. IDEX FM Detector 2500. Position 5. HG CSAs ",3," Aluminum "
8556402,20231221194327.941000000,20231221124327.941000000,1703187807941,1.665890E+4,3.136246E-18,1.978540E-16,6.521076E-8,2.199524E+0," IDEX "," 2023_12_21_run3 "," 12-90 km/s. Al 5-1. IDEX FM Detector 2500. Position 5. HG CSAs ",5," Aluminum "
8556403,20231221194336.947000000,20231221124336.947000000,1703187816947,1.764680E+4,7.348036E-18,5.201700E-16,8.661098E-8,2.199524E+0," IDEX "," 2023_12_21_run3 "," 12-90 km/s. Al 5-1. IDEX FM Detector 2500. Position 5. HG CSAs ",5," Aluminum "
8556405,20231221194340.466000000,20231221124340.466000000,1703187820466,1.501070E+4,8.127895E-18,4.163150E-16,8.957261E-8,2.199524E+0," IDEX "," 2023_12_21_run3 "," 12-90 km/s. Al 5-1. IDEX FM Detector 2500. Position 5. HG CSAs ",4," Aluminum "
8556409,20231221194344.702000000,20231221124344.702000000,1703187824702,2.696160E+4,1.212821E-17,2.004150E-15,1.023564E-7,2.199524E+0," IDEX "," 2023_12_21_run3 "," 12-90 km/s. Al 5-1. IDEX FM Detector 2500. Position 5. HG CSAs ",5," Aluminum "
8556413,20231221194351.263999999,20231221124351.263999999,1703187831264,1.220930E+4,6.934994E-18,2.350010E-16,8.495675E-8,2.199524E+0," IDEX "," 2023_12_21_run3 "," 12-90 km/s. Al 5-1. IDEX FM Detector 2500. Position 5. HG CSAs ",5," Aluminum "
8556419,20231221194357.160000000,20231221124357.160000000,1703187837160,1.705630E+4,5.366469E-18,3.550940E-16,7.799715E-8,2.198294E+0," IDEX "," 2023_12_21_run3 "," 12-90 km/s. Al 5-1. IDEX FM Detector 2500. Position 5. HG CSAs ",5," Aluminum "
8556420,20231221194357.751999999,20231221124357.751999999,1703187837752,1.224020E+4,1.490672E-17,5.079770E-16,1.096419E-7,2.198294E+0," IDEX "," 2023_12_21_run3 "," 12-90 km/s. Al 5-1. IDEX FM Detector 2500. Position 5. HG CSAs ",5," Aluminum "
8556421,20231221194358.074000000,20231221124358.074000000,1703187838074,1.305430E+4,1.120262E-17,4.342220E-16,9.968331E-8,2.198294E+0," IDEX "," 2023_12_21_run3 "," 12-90 km/s. Al 5-1. IDEX FM Detector 2500. Position 5. HG CSAs ",5," Aluminum "
8556422,20231221194358.214999999,20231221124358.214999999,1703187838215,2.968900E+4,1.454602E-18,2.916220E-16,5.047743E-8,2.198294E+0," IDEX "," 2023_12_21_run3 "," 12-90 km/s. Al 5-1. IDEX FM Detector 2500. Position 5. HG CSAs ",4," Aluminum "
8556424,20231221194359.140999999,20231221124359.140999999,1703187839141,1.847400E+4,4.243223E-18,3.292000E-16,7.212422E-8,2.199524E+0," IDEX "," 2023_12_21_run3 "," 12-90 km/s. Al 5-1. IDEX FM Detector 2500. Position 5. HG CSAs ",5," Aluminum "
8556425,20231221194404.837999999,20231221124404.837999999,1703187844838,2.589390E+4,2.897546E-18,4.416390E-16,6.351252E-8,2.199524E+0," IDEX "," 2023_12_21_run3 "," 12-90 km/s. Al 5-1. IDEX FM Detector 2500. Position 5. HG CSAs ",5," Aluminum "
8556427,20231221194407.620000000,20231221124407.620000000,1703187847620,2.782440E+4,6.640062E-18,1.168600E-15,8.373492E-8,2.199524E+0," IDEX "," 2023_12_21_run3 "," 12-90 km/s. Al 5-1. IDEX FM Detector 2500. Position 5. HG CSAs ",5," Aluminum "
8556429,20231221194410.000000000,20231221124410.000000000,1703187850000,2.356000E+4,2.339329E-18,2.950130E-16,5.913977E-8,2.200754E+0," IDEX "," 2023_12_21_run3 "," 12-90 km/s. Al 5-1. IDEX FM Detector 2500. Position 5. HG CSAs ",5," Aluminum "
8556430,20231221194410.137000000,20231221124410.137000000,1703187850137,3.479530E+4,1.156927E-18,3.182340E-16,4.676826E-8,2.200754E+0," IDEX "," 2023_12_21_run3 "," 12-90 km/s. Al 5-1. IDEX FM Detector 2500. Position 5. HG CSAs ",5," Aluminum "
8556431,20231221194413.401000000,20231221124413.401000000,1703187853401,1.494750E+4,1.184513E-17,6.019520E-16,1.015537E-7,2.198294E+0," IDEX "," 2023_12_21_run3 "," 12-90 km/s. Al 5-1. IDEX FM Detector 2500. Position 5. HG CSAs ",5," Aluminum "
8556433,20231221194419.106999999,20231221124419.106999999,1703187859107,1.730680E+4,3.714289E-18,2.530430E-16,6.899344E-8,2.198294E+0," IDEX "," 2023_12_21_run3 "," 12-90 km/s. Al 5-1. IDEX FM Detector 2500. Position 5. HG CSAs ",5," Aluminum "
8556436,20231221194425.952999999,20231221124425.952999999,1703187865953,1.233440E+4,1.527151E-17,5.284490E-16,1.105291E-7,2.198294E+0," IDEX "," 2023_12_21_run3 "," 12-90 km/s. Al 5-1. IDEX FM Detector 2500. Position 5. HG CSAs ",5," Aluminum "
8556438,20231221194428.632999999,20231221124428.632999999,1703187868633,1.974560E+4,3.101297E-18,2.750230E-16,6.496762E-8,2.198294E+0," IDEX "," 2023_12_21_run3 "," 12-90 km/s. Al 5-1. IDEX FM Detector 2500. Position 5. HG CSAs ",5," Aluminum "
8556439,20231221194429.236999999,20231221124429.236999999,1703187869237,2.604700E+4,1.185765E-18,1.829780E-16,4.715366E-8,2.198294E+0," IDEX "," 2023_12_21_run3 "," 12-90 km/s. Al 5-1. IDEX FM Detector 2500. Position 5. HG CSAs ",5," Aluminum "
8556441,20231221194430.108000000,20231221124430.108000000,1703187870108,2.330860E+4,2.969162E-18,3.669030E-16,6.403152E-8,2.198294E+0," IDEX "," 2023_12_21_run3 "," 12-90 km/s. Al 5-1. IDEX FM Detector 2500. Position 5. HG CSAs ",4," Aluminum "
8556442,20231221194430.581999999,20231221124430.581999999,1703187870582,1.558900E+4,4.779473E-18,2.641810E-16,7.504283E-8,2.198294E+0," IDEX "," 2023_12_21_run3 "," 12-90 km/s. Al 5-1. IDEX FM Detector 2500. Position 5. HG CSAs ",5," Aluminum "
8556443,20231221194430.712999999,20231221124430.712999999,1703187870713,1.634540E+4,6.233938E-18,3.788250E-16,8.199173E-8,2.198294E+0," IDEX "," 2023_12_21_run3 "," 12-90 km/s. Al 5-1. IDEX FM Detector 2500. Position 5. HG CSAs ",5," Aluminum "
8556445,20231221194434.337999999,20231221124434.337999999,1703187874338,1.289760E+4,6.120990E-18,2.314630E-16,8.149352E-8,2.199524E+0," IDEX "," 2023_12_21_run3 "," 12-90 km/s. Al 5-1. IDEX FM Detector 2500. Position 5. HG CSAs ",5," Aluminum "
8556447,20231221194436.621000000,20231221124436.621000000,1703187876621,2.612560E+4,2.527003E-18,3.918660E-16,6.068078E-8,2.200754E+0," IDEX "," 2023_12_21_run3 "," 12-90 km/s. Al 5-1. IDEX FM Detector 2500. Position 5. HG CSAs ",3," Aluminum "
8556450,20231221194439.305999999,20231221124439.305999999,1703187879306,1.981900E+4,5.275076E-18,4.712780E-16,7.755184E-8,2.198294E+0," IDEX "," 2023_12_21_run3 "," 12-90 km/s. Al 5-1. IDEX FM Detector 2500. Position 5. HG CSAs ",5," Aluminum "
8556451,20231221194439.979999999,20231221124439.979999999,1703187879980,1.953140E+4,2.406356E-18,2.087910E-16,5.969930E-8,2.198294E+0," IDEX "," 2023_12_21_run3 "," 12-90 km/s. Al 5-1. IDEX FM Detector 2500. Position 5. HG CSAs ",5," Aluminum "
8556454,20231221194455.739999999,20231221124455.739999999,1703187895740,2.006620E+4,3.015288E-18,2.763040E-16,6.436140E-8,2.197063E+0," IDEX "," 2023_12_21_run3 "," 12-90 km/s. Al 5-1. IDEX FM Detector 2500. Position 5. HG CSAs ",5," Aluminum "
8556456,20231221194517.212999999,20231221124517.212999999,1703187917213,1.489980E+4,4.569409E-18,2.307310E-16,7.392691E-8,2.198294E+0," IDEX "," 2023_12_21_run3 "," 12-90 km/s. Al 5-1. IDEX FM Detector 2500. Position 5. HG CSAs ",4," Aluminum "
8556459,20231221194522.393999999,20231221124522.393999999,1703187922394,2.318800E+4,6.734417E-18,8.235910E-16,8.412967E-8,2.198294E+0," IDEX "," 2023_12_21_run3 "," 12-90 km/s. Al 5-1. IDEX FM Detector 2500. Position 5. HG CSAs ",5," Aluminum "
8556462,20231221194525.516999999,20231221124525.516999999,1703187925517,1.820830E+4,2.240326E-17,1.689410E-15,1.255894E-7,2.198294E+0," IDEX "," 2023_12_21_run3 "," 12-90 km/s. Al 5-1. IDEX FM Detector 2500. Position 5. HG CSAs ",5," Aluminum "
8556463,20231221194527.148999999,20231221124527.148999999,1703187927149,2.091500E+4,3.196134E-18,3.181770E-16,6.562322E-8,2.197063E+0," IDEX "," 2023_12_21_run3 "," 12-90 km/s. Al 5-1. IDEX FM Detector 2500. Position 5. HG CSAs ",4," Aluminum "
8556468,20231221194535.270000000,20231221124535.270000000,1703187935270,1.860870E+4,5.839845E-18,4.597010E-16,8.022622E-8,2.199524E+0," IDEX "," 2023_12_21_run3 "," 12-90 km/s. Al 5-1. IDEX FM Detector 2500. Position 5. HG CSAs ",5," Aluminum "
8556475,20231221194556.668000000,20231221124556.668000000,1703187956668,2.409930E+4,3.101635E-18,4.099470E-16,6.496999E-8,2.197063E+0," IDEX "," 2023_12_21_run3 "," 12-90 km/s. Al 5-1. IDEX FM Detector 2500. Position 5. HG CSAs ",4," Aluminum "
8556476,20231221194557.706000000,20231221124557.706000000,1703187957706,2.049590E+4,3.366944E-18,3.218830E-16,6.677202E-8,2.197063E+0," IDEX "," 2023_12_21_run3 "," 12-90 km/s. Al 5-1. IDEX FM Detector 2500. Position 5. HG CSAs ",5," Aluminum "
8556477,20231221194558.160000000,20231221124558.160000000,1703187958160,1.849830E+4,3.425911E-18,2.667890E-16,6.715957E-8,2.197063E+0," IDEX "," 2023_12_21_run3 "," 12-90 km/s. Al 5-1. IDEX FM Detector 2500. Position 5. HG CSAs ",4," Aluminum "
8556479,20231221194559.125000000,20231221124559.125000000,1703187959125,1.408140E+4,1.109616E-17,5.007170E-16,9.936652E-8,2.197063E+0," IDEX "," 2023_12_21_run3 "," 12-90 km/s. Al 5-1. IDEX FM Detector 2500. Position 5. HG CSAs ",5," Aluminum "
8556481,20231221194559.901000000,20231221124559.901000000,1703187959901,1.273810E+4,4.062456E-16,1.500120E-14,3.299479E-7,2.197063E+0," IDEX "," 2023_12_21_run3 "," 12-90 km/s. Al 5-1. IDEX FM Detector 2500. Position 5. HG CSAs ",5," Aluminum "
8556483,20231221194602.822000000,20231221124602.822000000,1703187962822,3.039270E+4,1.888697E-18,3.970350E-16,5.506850E-8,2.197063E+0," IDEX "," 2023_12_21_run3 "," 12-90 km/s. Al 5-1. IDEX FM Detector 2500. Position 5. HG CSAs ",4," Aluminum "
8556484,20231221194604.135000000,20231221124604.135000000,1703187964135,2.248200E+4,1.733592E-18,1.994090E-16,5.351778E-8,2.197063E+0," IDEX "," 2023_12_21_run3 "," 12-90 km/s. Al 5-1. IDEX FM Detector 2500. Position 5. HG CSAs ",3," Aluminum "
8556490,20231221194615.680999999,20231221124615.680999999,1703187975681,2.079970E+4,1.455129E-18,1.431860E-16,5.048352E-8,2.198294E+0," IDEX "," 2023_12_21_run3 "," 12-90 km/s. Al 5-1. IDEX FM Detector 2500. Position 5. HG CSAs ",5," Aluminum "
8556493,20231221194659.779000000,20231221124659.779000000,1703188019779,1.450510E+4,5.301754E-18,2.538570E-16,7.768236E-8,2.197063E+0," IDEX "," 2023_12_21_run3 "," 12-90 km/s. Al 5-1. IDEX FM Detector 2500. Position 5. HG CSAs ",4," Aluminum "
8556496,20231221194705.820999999,20231221124705.820999999,1703188025821,2.611000E+4,2.185291E-18,3.386610E-16,5.781213E-8,2.199524E+0," IDEX "," 2023_12_21_run3 "," 12-90 km/s. Al 5-1. IDEX FM Detector 2500. Position 5. HG CSAs ",5," Aluminum "
8556497,20231221194706.152000000,20231221124706.152000000,1703188026152,1.221590E+4,5.317233E-18,1.803760E-16,7.775788E-8,2.199524E+0," IDEX "," 2023_12_21_run3 "," 12-90 km/s. Al 5-1. IDEX FM Detector 2500. Position 5. HG CSAs ",4," Aluminum "
8556498,20231221194706.462000000,20231221124706.462000000,1703188026462,1.432360E+4,8.666666E-18,4.042020E-16,9.150958E-8,2.199524E+0," IDEX "," 2023_12_21_run3 "," 12-90 km/s. Al 5-1. IDEX FM Detector 2500. Position 5. HG CSAs ",5," Aluminum "
8556500,20231221194713.151000000,20231221124713.151000000,1703188033151,5.110160E+4,5.652505E-19,3.355460E-16,3.683519E-8,2.199524E+0," IDEX "," 2023_12_21_run3 "," 12-90 km/s. Al 5-1. IDEX FM Detector 2500. Position 5. HG CSAs ",5," Aluminum "
8556505,20231221194718.865999999,20231221124718.865999999,1703188038866,1.938970E+4,2.586338E-18,2.211630E-16,6.115204E-8,2.198294E+0," IDEX "," 2023_12_21_run3 "," 12-90 km/s. Al 5-1. IDEX FM Detector 2500. Position 5. HG CSAs ",4," Aluminum "
8556507,20231221194719.848999999,20231221124719.848999999,1703188039849,1.302550E+4,4.898637E-18,1.890380E-16,7.566139E-8,2.198294E+0," IDEX "," 2023_12_21_run3 "," 12-90 km/s. Al 5-1. IDEX FM Detector 2500. Position 5. HG CSAs ",5," Aluminum "
8556508,20231221194720.560000000,20231221124720.560000000,1703188040560,1.456860E+4,4.612115E-18,2.226490E-16,7.415650E-8,2.198294E+0," IDEX "," 2023_12_21_run3 "," 12-90 km/s. Al 5-1. IDEX FM Detector 2500. Position 5. HG CSAs ",5," Aluminum "
8556514,20231221194728.337999999,20231221124728.337999999,1703188048338,2.004520E+4,2.682963E-18,2.452000E-16,6.190430E-8,2.198294E+0," IDEX "," 2023_12_21_run3 "," 12-90 km/s. Al 5-1. IDEX FM Detector 2500. Position 5. HG CSAs ",4," Aluminum "
8556516,20231221194730.550000000,20231221124730.550000000,1703188050550,1.990460E+4,4.604216E-18,4.149040E-16,7.411415E-8,2.198294E+0," IDEX "," 2023_12_21_run3 "," 12-90 km/s. Al 5-1. IDEX FM Detector 2500. Position 5. HG CSAs ",5," Aluminum "
8556518,20231221194736.149999999,20231221124736.149999999,1703188056150,1.208430E+4,6.484995E-18,2.153960E-16,8.307795E-8,2.198294E+0," IDEX "," 2023_12_21_run3 "," 12-90 km/s. Al 5-1. IDEX FM Detector 2500. Position 5. HG CSAs ",5," Aluminum "
8556520,20231221194738.288999999,20231221124738.288999999,1703188058289,1.835660E+4,9.557846E-18,7.329470E-16,9.454442E-8,2.197063E+0," IDEX "," 2023_12_21_run3 "," 12-90 km/s. Al 5-1. IDEX FM Detector 2500. Position 5. HG CSAs ",4," Aluminum "
8556521,20231221194755.503000000,20231221124755.503000000,1703188075503,2.098510E+4,1.782066E-18,1.784970E-16,5.401203E-8,2.198294E+0," IDEX "," 2023_12_21_run3 "," 12-90 km/s. Al 5-1. IDEX FM Detector 2500. Position 5. HG CSAs ",5," Aluminum "
8556526,20231221194851.072999999,20231221124851.072999999,1703188131073,2.072320E+4,1.520162E-18,1.484040E-16,5.122467E-8,2.199524E+0," IDEX "," 2023_12_21_run3 "," 12-90 km/s. Al 5-1. IDEX FM Detector 2500. Position 5. HG CSAs ",5," Aluminum "
8556527,20231221194857.918999999,20231221124857.918999999,1703188137919,1.806480E+4,2.612879E-18,1.938330E-16,6.136051E-8,2.199524E+0," IDEX "," 2023_12_21_run3 "," 12-90 km/s. Al 5-1. IDEX FM Detector 2500. Position 5. HG CSAs ",4," Aluminum "
8556535,20231221194924.084000000,20231221124924.084000000,1703188164084,1.541320E+4,3.738616E-18,2.020140E-16,6.914373E-8,2.198294E+0," IDEX "," 2023_12_21_run3 "," 12-90 km/s. Al 5-1. IDEX FM Detector 2500. Position 5. HG CSAs ",5," Aluminum "
8556536,20231221194924.427000000,20231221124924.427000000,1703188164427,3.003730E+4,1.071433E-18,2.198730E-16,4.558664E-8,2.198294E+0," IDEX "," 2023_12_21_run3 "," 12-90 km/s. Al 5-1. IDEX FM Detector 2500. Position 5. HG CSAs ",5," Aluminum "
8556541,20231221194946.163999999,20231221124946.163999999,1703188186164,1.307230E+4,6.731731E-18,2.616470E-16,8.411849E-8,2.198294E+0," IDEX "," 2023_12_21_run3 "," 12-90 km/s. Al 5-1. IDEX FM Detector 2500. Position 5. HG CSAs ",5," Aluminum "
8556546,20231221194950.938000000,20231221124950.938000000,1703188190938,2.119040E+4,2.592385E-18,2.650630E-16,6.119966E-8,2.195833E+0," IDEX "," 2023_12_21_run3 "," 12-90 km/s. Al 5-1. IDEX FM Detector 2500. Position 5. HG CSAs ",4," Aluminum "
8556549,20231221194952.138999999,20231221124952.138999999,1703188192139,1.421800E+4,3.897761E-18,1.794170E-16,7.011123E-8,2.195833E+0," IDEX "," 2023_12_21_run3 "," 12-90 km/s. Al 5-1. IDEX FM Detector 2500. Position 5. HG CSAs ",5," Aluminum "
8556550,20231221194954.354000000,20231221124954.354000000,1703188194354,1.844760E+4,6.679580E-18,5.176070E-16,8.390070E-8,2.195833E+0," IDEX "," 2023_12_21_run3 "," 12-90 km/s. Al 5-1. IDEX FM Detector 2500. Position 5. HG CSAs ",5," Aluminum "
8556553,20231221194957.628000000,20231221124957.628000000,1703188197628,1.397530E+4,1.259777E-17,5.596300E-16,1.036606E-7,2.198294E+0," IDEX "," 2023_12_21_run3 "," 12-90 km/s. Al 5-1. IDEX FM Detector 2500. Position 5. HG CSAs ",5," Aluminum "
8556555,20231221195018.341999999,20231221125018.341999999,1703188218342,1.532300E+4,5.363736E-18,2.862840E-16,7.798391E-8,2.199524E+0," IDEX "," 2023_12_21_run3 "," 12-90 km/s. Al 5-1. IDEX FM Detector 2500. Position 5. HG CSAs ",5," Aluminum "
8556560,20231221195035.424000000,20231221125035.424000000,1703188235424,1.404550E+4,1.671979E-17,7.498030E-16,1.139181E-7,2.199524E+0," IDEX "," 2023_12_21_run3 "," 12-90 km/s. Al 5-1. IDEX FM Detector 2500. Position 5. HG CSAs ",5," Aluminum "
8556561,20231221195042.729000000,20231221125042.729000000,1703188242729,2.081180E+4,5.311238E-18,5.232390E-16,7.772865E-8,2.198294E+0," IDEX "," 2023_12_21_run3 "," 12-90 km/s. Al 5-1. IDEX FM Detector 2500. Position 5. HG CSAs ",5," Aluminum "
8556562,20231221195046.489000000,20231221125046.489000000,1703188246489,1.877980E+4,7.075124E-18,5.675460E-16,8.552516E-8,2.198294E+0," IDEX "," 2023_12_21_run3 "," 12-90 km/s. Al 5-1. IDEX FM Detector 2500. Position 5. HG CSAs ",3," Aluminum "
8556563,20231221195056.552000000,20231221125056.552000000,1703188256552,1.612840E+4,9.455579E-18,5.591300E-16,9.420600E-8,2.199524E+0," IDEX "," 2023_12_21_run3 "," 12-90 km/s. Al 5-1. IDEX FM Detector 2500. Position 5. HG CSAs ",5," Aluminum "
8556564,20231221195058.895999999,20231221125058.895999999,1703188258896,1.874850E+4,6.069916E-18,4.855610E-16,8.126623E-8,2.197063E+0," IDEX "," 2023_12_21_run3 "," 12-90 km/s. Al 5-1. IDEX FM Detector 2500. Position 5. HG CSAs ",5," Aluminum "
8556568,20231221195217.989000000,20231221125217.989000000,1703188337989,3.151250E+4,1.106890E-18,2.498690E-16,4.608406E-8,2.199524E+0," IDEX "," 2023_12_21_run3 "," 12-90 km/s. Al 5-1. IDEX FM Detector 2500. Position 5. HG CSAs ",4," Aluminum "
8556569,20231221195218.095999999,20231221125218.095999999,1703188338096,5.852750E+4,8.857634E-19,6.897310E-16,4.278469E-8,2.199524E+0," IDEX "," 2023_12_21_run3 "," 12-90 km/s. Al 5-1. IDEX FM Detector 2500. Position 5. HG CSAs ",5," Aluminum "
8556572,20231221195221.518999999,20231221125221.518999999,1703188341519,1.412150E+4,8.511426E-18,3.858390E-16,9.095990E-8,2.199524E+0," IDEX "," 2023_12_21_run3 "," 12-90 km/s. Al 5-1. IDEX FM Detector 2500. Position 5. HG CSAs ",5," Aluminum "
8556576,20231221195226.893000000,20231221125226.893000000,1703188346893,1.208660E+4,1.401721E-17,4.657520E-16,1.074162E-7,2.198294E+0," IDEX "," 2023_12_21_run3 "," 12-90 km/s. Al 5-1. IDEX FM Detector 2500. Position 5. HG CSAs ",5," Aluminum "
8556579,20231221195228.277000000,20231221125228.277000000,1703188348277,1.288310E+4,5.615754E-18,2.119990E-16,7.918664E-8,2.198294E+0," IDEX "," 2023_12_21_run3 "," 12-90 km/s. Al 5-1. IDEX FM Detector 2500. Position 5. HG CSAs ",4," Aluminum "
8556581,20231221195242.276000000,20231221125242.276000000,1703188362276,2.312200E+4,8.786118E-18,1.067800E-15,9.192809E-8,2.199524E+0," IDEX "," 2023_12_21_run3 "," 12-90 km/s. Al 5-1. IDEX FM Detector 2500. Position 5. HG CSAs ",5," Aluminum "
8556582,20231221195244.419999999,20231221125244.419999999,1703188364420,1.538670E+4,1.091080E-17,5.872050E-16,9.881013E-8,2.199524E+0," IDEX "," 2023_12_21_run3 "," 12-90 km/s. Al 5-1. IDEX FM Detector 2500. Position 5. HG CSAs ",3," Aluminum "
8556584,20231221195249.194999999,20231221125249.194999999,1703188369195,1.743340E+4,4.688296E-18,3.240890E-16,7.456257E-8,2.198294E+0," IDEX "," 2023_12_21_run3 "," 12-90 km/s. Al 5-1. IDEX FM Detector 2500. Position 5. HG CSAs ",5," Aluminum "
8556585,20231221195249.402000000,20231221125249.402000000,1703188369402,2.751280E+4,3.815974E-18,6.569920E-16,6.961739E-8,2.198294E+0," IDEX "," 2023_12_21_run3 "," 12-90 km/s. Al 5-1. IDEX FM Detector 2500. Position 5. HG CSAs ",5," Aluminum "
8556586,20231221195250.521999999,20231221125250.521999999,1703188370522,1.908660E+4,2.674987E-18,2.216480E-16,6.184289E-8,2.198294E+0," IDEX "," 2023_12_21_run3 "," 12-90 km/s. Al 5-1. IDEX FM Detector 2500. Position 5. HG CSAs ",4," Aluminum "
8556588,20231221195259.080000000,20231221125259.080000000,1703188379080,1.887510E+4,4.250619E-18,3.442490E-16,7.216610E-8,2.199524E+0," IDEX "," 2023_12_21_run3 "," 12-90 km/s. Al 5-1. IDEX FM Detector 2500. Position 5. HG CSAs ",5," Aluminum "
8556589,20231221195259.953999999,20231221125259.953999999,1703188379954,3.072910E+4,6.794938E-18,1.458570E-15,8.438094E-8,2.199524E+0," IDEX "," 2023_12_21_run3 "," 12-90 km/s. Al 5-1. IDEX FM Detector 2500. Position 5. HG CSAs ",5," Aluminum "
8556590,20231221195302.395999999,20231221125302.395999999,1703188382396,1.337900E+4,3.250391E-17,1.324070E-15,1.421765E-7,2.197063E+0," IDEX "," 2023_12_21_run3 "," 12-90 km/s. Al 5-1. IDEX FM Detector 2500. Position 5. HG CSAs ",5," Aluminum "
8556592,20231221195321.128999999,20231221125321.128999999,1703188401129,2.512590E+4,5.175270E-18,7.435400E-16,7.705962E-8,2.197063E+0," IDEX "," 2023_12_21_run3 "," 12-90 km/s. Al 5-1. IDEX FM Detector 2500. Position 5. HG CSAs ",5," Aluminum "
8556594,20231221195324.751000000,20231221125324.751000000,1703188404751,1.238220E+4,8.219861E-18,2.868060E-16,8.990918E-8,2.197063E+0," IDEX "," 2023_12_21_run3 "," 12-90 km/s. Al 5-1. IDEX FM Detector 2500. Position 5. HG CSAs ",5," Aluminum "
8556595,20231221195326.631999999,20231221125326.631999999,1703188406632,1.835230E+4,2.914199E-18,2.231220E-16,6.363396E-8,2.199524E+0," IDEX "," 2023_12_21_run3 "," 12-90 km/s. Al 5-1. IDEX FM Detector 2500. Position 5. HG CSAs ",3," Aluminum "
8556597,20231221195329.912000000,20231221125329.912000000,1703188409912,4.441820E+4,5.131425E-19,2.302740E-16,3.566661E-8,2.198294E+0," IDEX "," 2023_12_21_run3 "," 12-90 km/s. Al 5-1. IDEX FM Detector 2500. Position 5. HG CSAs ",5," Aluminum "
8556598,20231221195331.055000000,20231221125331.055000000,1703188411055,1.287760E+4,1.064384E-17,4.014700E-16,9.799756E-8,2.198294E+0," IDEX "," 2023_12_21_run3 "," 12-90 km/s. Al 5-1. IDEX FM Detector 2500. Position 5. HG CSAs ",5," Aluminum "
8556600,20231221195344.885999999,20231221125344.885999999,1703188424886,2.690730E+4,1.339667E-18,2.207320E-16,4.911131E-8,2.197063E+0," IDEX "," 2023_12_21_run3 "," 12-90 km/s. Al 5-1. IDEX FM Detector 2500. Position 5. HG CSAs ",4," Aluminum "
8556603,20231221195347.967999999,20231221125347.967999999,1703188427968,1.634640E+4,6.145986E-18,3.735260E-16,8.160431E-8,2.198294E+0," IDEX "," 2023_12_21_run3 "," 12-90 km/s. Al 5-1. IDEX FM Detector 2500. Position 5. HG CSAs ",5," Aluminum "
8556604,20231221195348.844000000,20231221125348.844000000,1703188428844,1.980460E+4,3.378091E-18,3.013620E-16,6.684562E-8,2.198294E+0," IDEX "," 2023_12_21_run3 "," 12-90 km/s. Al 5-1. IDEX FM Detector 2500. Position 5. HG CSAs ",5," Aluminum "
8556605,20231221195349.648000000,20231221125349.648000000,1703188429648,1.406710E+4,5.556377E-18,2.500840E-16,7.890656E-8,2.198294E+0," IDEX "," 2023_12_21_run3 "," 12-90 km/s. Al 5-1. IDEX FM Detector 2500. Position 5. HG CSAs ",5," Aluminum "
8556606,20231221195356.893000000,20231221125356.893000000,1703188436893,1.573240E+4,7.761349E-18,4.366860E-16,8.820535E-8,2.199524E+0," IDEX "," 2023_12_21_run3 "," 12-90 km/s. Al 5-1. IDEX FM Detector 2500. Position 5. HG CSAs ",5," Aluminum "
8556608,20231221195401.523999999,20231221125401.523999999,1703188441524,3.491540E+4,1.320649E-18,3.661900E-16,4.887780E-8,2.198294E+0," IDEX "," 2023_12_21_run3 "," 12-90 km/s. Al 5-1. IDEX FM Detector 2500. Position 5. HG CSAs ",3," Aluminum "
8556609,20231221195406.084000000,20231221125406.084000000,1703188446084,4.526980E+4,4.860909E-18,2.265790E-15,7.546664E-8,2.198294E+0," IDEX "," 2023_12_21_run3 "," 12-90 km/s. Al 5-1. IDEX FM Detector 2500. Position 5. HG CSAs ",5," Aluminum "
8556610,20231221195409.916999999,20231221125409.916999999,1703188449917,2.586930E+4,5.352577E-18,8.151930E-16,7.792979E-8,2.197063E+0," IDEX "," 2023_12_21_run3 "," 12-90 km/s. Al 5-1. IDEX FM Detector 2500. Position 5. HG CSAs ",5," Aluminum "
8556612,20231221195417.635999999,20231221125417.635999999,1703188457636,3.846640E+4,6.140731E-19,2.065500E-16,3.786656E-8,2.199524E+0," IDEX "," 2023_12_21_run3 "," 12-90 km/s. Al 5-1. IDEX FM Detector 2500. Position 5. HG CSAs ",3," Aluminum "
8556613,20231221195419.782000000,20231221125419.782000000,1703188459782,2.753590E+4,1.293240E-18,2.229050E-16,4.853730E-8,2.199524E+0," IDEX "," 2023_12_21_run3 "," 12-90 km/s. Al 5-1. IDEX FM Detector 2500. Position 5. HG CSAs ",5," Aluminum "
8556617,20231221195442.200999999,20231221125442.200999999,1703188482201,1.531920E+4,3.687789E-18,1.970650E-16,6.882896E-8,2.195833E+0," IDEX "," 2023_12_21_run3 "," 12-90 km/s. Al 5-1. IDEX FM Detector 2500. Position 5. HG CSAs ",5," Aluminum "
8556621,20231221195450.591000000,20231221125450.591000000,1703188490591,2.599810E+4,4.065750E-18,6.246920E-16,7.110434E-8,2.199524E+0," IDEX "," 2023_12_21_run3 "," 12-90 km/s. Al 5-1. IDEX FM Detector 2500. Position 5. HG CSAs ",5," Aluminum "
8556625,20231221195459.640000000,20231221125459.640000000,1703188499640,3.975200E+4,3.520020E-18,1.264460E-15,6.776897E-8,2.199524E+0," IDEX "," 2023_12_21_run3 "," 12-90 km/s. Al 5-1. IDEX FM Detector 2500. Position 5. HG CSAs ",5," Aluminum "
8556627,20231221195503.939000000,20231221125503.939000000,1703188503939,3.208560E+4,1.553738E-18,3.638170E-16,5.159906E-8,2.198294E+0," IDEX "," 2023_12_21_run3 "," 12-90 km/s. Al 5-1. IDEX FM Detector 2500. Position 5. HG CSAs ",5," Aluminum "
8556628,20231221195504.282000000,20231221125504.282000000,1703188504282,2.566220E+4,2.234166E-18,3.346480E-16,5.823996E-8,2.198294E+0," IDEX "," 2023_12_21_run3 "," 12-90 km/s. Al 5-1. IDEX FM Detector 2500. Position 5. HG CSAs ",5," Aluminum "
8556629,20231221195506.489000000,20231221125506.489000000,1703188506489,1.401210E+4,1.009228E-17,4.506930E-16,9.627473E-8,2.198294E+0," IDEX "," 2023_12_21_run3 "," 12-90 km/s. Al 5-1. IDEX FM Detector 2500. Position 5. HG CSAs ",5," Aluminum "
8556630,20231221195507.299000000,20231221125507.299000000,1703188507299,2.623420E+4,3.023445E-18,4.732850E-16,6.441938E-8,2.198294E+0," IDEX "," 2023_12_21_run3 "," 12-90 km/s. Al 5-1. IDEX FM Detector 2500. Position 5. HG CSAs ",5," Aluminum "
8556632,20231221195510.046000000,20231221125510.046000000,1703188510046,2.292110E+4,2.397330E-18,2.864730E-16,5.962455E-8,2.198294E+0," IDEX "," 2023_12_21_run3 "," 12-90 km/s. Al 5-1. IDEX FM Detector 2500. Position 5. HG CSAs ",5," Aluminum "
8556633,20231221195510.317000000,20231221125510.317000000,1703188510317,1.271360E+4,1.113670E-17,4.094290E-16,9.948739E-8,2.198294E+0," IDEX "," 2023_12_21_run3 "," 12-90 km/s. Al 5-1. IDEX FM Detector 2500. Position 5. HG CSAs ",5," Aluminum "
8556634,20231221195511.057999999,20231221125511.057999999,1703188511058,1.707410E+4,3.803765E-18,2.522170E-16,6.954306E-8,2.198294E+0," IDEX "," 2023_12_21_run3 "," 12-90 km/s. Al 5-1. IDEX FM Detector 2500. Position 5. HG CSAs ",4," Aluminum "
8556635,20231221195514.780999999,20231221125514.780999999,1703188514781,2.022050E+4,3.033368E-18,2.820940E-16,6.448978E-8,2.198294E+0," IDEX "," 2023_12_21_run3 "," 12-90 km/s. Al 5-1. IDEX FM Detector 2500. Position 5. HG CSAs ",5," Aluminum "
8556639,20231221195528.412000000,20231221125528.412000000,1703188528412,1.219330E+4,1.086044E-17,3.672610E-16,9.865785E-8,2.198294E+0," IDEX "," 2023_12_21_run3 "," 12-90 km/s. Al 5-1. IDEX FM Detector 2500. Position 5. HG CSAs ",5," Aluminum "
8556641,20231221195544.145999999,20231221125544.145999999,1703188544146,1.264290E+4,5.010249E-18,1.819500E-16,7.623171E-8,2.200754E+0," IDEX "," 2023_12_21_run3 "," 12-90 km/s. Al 5-1. IDEX FM Detector 2500. Position 5. HG CSAs ",4," Aluminum "
8556642,20231221195613.944999999,20231221125613.944999999,1703188573945,1.270090E+4,8.526067E-18,3.126510E-16,9.101203E-8,2.199524E+0," IDEX "," 2023_12_21_run3 "," 12-90 km/s. Al 5-1. IDEX FM Detector 2500. Position 5. HG CSAs ",5," Aluminum "
8556643,20231221195614.199000000,20231221125614.199000000,1703188574199,1.850960E+4,3.193081E-18,2.486830E-16,6.560232E-8,2.199524E+0," IDEX "," 2023_12_21_run3 "," 12-90 km/s. Al 5-1. IDEX FM Detector 2500. Position 5. HG CSAs ",5," Aluminum "
8556644,20231221195614.385000000,20231221125614.385000000,1703188574385,2.058740E+4,2.551808E-18,2.458630E-16,6.087868E-8,2.199524E+0," IDEX "," 2023_12_21_run3 "," 12-90 km/s. Al 5-1. IDEX FM Detector 2500. Position 5. HG CSAs ",5," Aluminum "
8556645,20231221195615.015999999,20231221125615.015999999,1703188575016,1.429400E+4,7.904574E-18,3.675480E-16,8.874462E-8,2.197063E+0," IDEX "," 2023_12_21_run3 "," 12-90 km/s. Al 5-1. IDEX FM Detector 2500. Position 5. HG CSAs ",5," Aluminum "
8556646,20231221195617.560000000,20231221125617.560000000,1703188577560,1.987650E+4,3.435022E-18,3.086700E-16,6.721906E-8,2.198294E+0," IDEX "," 2023_12_21_run3 "," 12-90 km/s. Al 5-1. IDEX FM Detector 2500. Position 5. HG CSAs ",5," Aluminum "
8556648,20231221195620.209999999,20231221125620.209999999,1703188580210,2.329210E+4,1.182531E-17,1.459200E-15,1.014970E-7,2.198294E+0," IDEX "," 2023_12_21_run3 "," 12-90 km/s. Al 5-1. IDEX FM Detector 2500. Position 5. HG CSAs ",5," Aluminum "
8556650,20231221195624.395999999,20231221125624.395999999,1703188584396,1.490340E+4,4.711939E-18,2.380430E-16,7.468770E-8,2.198294E+0," IDEX "," 2023_12_21_run3 "," 12-90 km/s. Al 5-1. IDEX FM Detector 2500. Position 5. HG CSAs ",4," Aluminum "
8556651,20231221195627.945999999,20231221125627.945999999,1703188587946,1.245810E+4,1.965392E-17,6.930300E-16,1.202261E-7,2.200754E+0," IDEX "," 2023_12_21_run3 "," 12-90 km/s. Al 5-1. IDEX FM Detector 2500. Position 5. HG CSAs ",5," Aluminum "
8556653,20231221195634.126999999,20231221125634.126999999,1703188594127,2.696160E+4,2.607477E-18,4.313600E-16,6.131820E-8,2.197063E+0," IDEX "," 2023_12_21_run3 "," 12-90 km/s. Al 5-1. IDEX FM Detector 2500. Position 5. HG CSAs ",5," Aluminum "
8556654,20231221195634.981000000,20231221125634.981000000,1703188594981,3.305390E+4,1.330848E-18,3.309040E-16,4.900330E-8,2.197063E+0," IDEX "," 2023_12_21_run3 "," 12-90 km/s. Al 5-1. IDEX FM Detector 2500. Position 5. HG CSAs ",5," Aluminum "
8556656,20231221195640.050000000,20231221125640.050000000,1703188600050,2.160730E+4,3.568649E-17,3.789570E-15,1.466731E-7,2.198294E+0," IDEX "," 2023_12_21_run3 "," 12-90 km/s. Al 5-1. IDEX FM Detector 2500. Position 5. HG CSAs ",5," Aluminum "
8556658,20231221195645.246999999,20231221125645.246999999,1703188605247,3.612630E+4,7.293468E-19,2.163830E-16,4.010149E-8,2.199524E+0," IDEX "," 2023_12_21_run3 "," 12-90 km/s. Al 5-1. IDEX FM Detector 2500. Position 5. HG CSAs ",4," Aluminum "
8556659,20231221195645.908999999,20231221125645.908999999,1703188605909,1.734480E+4,3.784092E-18,2.587870E-16,6.942296E-8,2.199524E+0," IDEX "," 2023_12_21_run3 "," 12-90 km/s. Al 5-1. IDEX FM Detector 2500. Position 5. HG CSAs ",5," Aluminum "
8556660,20231221195646.635000000,20231221125646.635000000,1703188606635,1.597290E+4,3.526890E-18,2.045510E-16,6.781303E-8,2.199524E+0," IDEX "," 2023_12_21_run3 "," 12-90 km/s. Al 5-1. IDEX FM Detector 2500. Position 5. HG CSAs ",5," Aluminum "
8556661,20231221195647.888000000,20231221125647.888000000,1703188607888,1.388180E+4,5.076450E-18,2.223790E-16,7.656600E-8,2.199524E+0," IDEX "," 2023_12_21_run3 "," 12-90 km/s. Al 5-1. IDEX FM Detector 2500. Position 5. HG CSAs ",4," Aluminum "
8556662,20231221195651.169999999,20231221125651.169999999,1703188611170,3.101790E+4,1.239176E-18,2.710190E-16,4.785127E-8,2.199524E+0," IDEX "," 2023_12_21_run3 "," 12-90 km/s. Al 5-1. IDEX FM Detector 2500. Position 5. HG CSAs ",5," Aluminum "
8556663,20231221195652.887000000,20231221125652.887000000,1703188612887,1.332230E+4,7.102711E-18,2.865660E-16,8.563617E-8,2.199524E+0," IDEX "," 2023_12_21_run3 "," 12-90 km/s. Al 5-1. IDEX FM Detector 2500. Position 5. HG CSAs ",5," Aluminum "
8556664,20231221195653.800999999,20231221125653.800999999,1703188613801,2.159360E+4,3.426947E-18,3.632450E-16,6.716634E-8,2.199524E+0," IDEX "," 2023_12_21_run3 "," 12-90 km/s. Al 5-1. IDEX FM Detector 2500. Position 5. HG CSAs ",5," Aluminum "
8556665,20231221195659.436999999,20231221125659.436999999,1703188619437,1.516860E+4,9.311826E-18,4.875890E-16,9.372616E-8,2.197063E+0," IDEX "," 2023_12_21_run3 "," 12-90 km/s. Al 5-1. IDEX FM Detector 2500. Position 5. HG CSAs ",5," Aluminum "
8556666,20231221195659.979000000,20231221125659.979000000,1703188619979,1.258460E+4,4.338292E-18,1.563600E-16,7.265890E-8,2.197063E+0," IDEX "," 2023_12_21_run3 "," 12-90 km/s. Al 5-1. IDEX FM Detector 2500. Position 5. HG CSAs ",4," Aluminum "
8556667,20231221195704.882999999,20231221125704.882999999,1703188624883,1.600830E+4,8.418431E-18,4.909640E-16,9.062741E-8,2.197063E+0," IDEX "," 2023_12_21_run3 "," 12-90 km/s. Al 5-1. IDEX FM Detector 2500. Position 5. HG CSAs ",5," Aluminum "
8556668,20231221195709.317000000,20231221125709.317000000,1703188629317,2.069600E+4,2.962611E-18,2.886240E-16,6.398439E-8,2.198294E+0," IDEX "," 2023_12_21_run3 "," 12-90 km/s. Al 5-1. IDEX FM Detector 2500. Position 5. HG CSAs ",5," Aluminum "
8556669,20231221195730.182999999,20231221125730.182999999,1703188650183,1.505480E+4,8.821160E-18,4.549920E-16,9.205014E-8,2.197063E+0," IDEX "," 2023_12_21_run3 "," 12-90 km/s. Al 5-1. IDEX FM Detector 2500. Position 5. HG CSAs ",5," Aluminum "
8556671,20231221195838.885999999,20231221125838.885999999,1703188718886,1.449500E+4,1.301683E-17,6.220520E-16,1.047975E-7,2.198294E+0," IDEX "," 2023_12_21_run3 "," 12-90 km/s. Al 5-1. IDEX FM Detector 2500. Position 5. HG CSAs ",5," Aluminum "
8556672,20231221195839.057999999,20231221125839.057999999,1703188719058,3.206470E+4,1.231057E-18,2.877230E-16,4.774654E-8,2.199524E+0," IDEX "," 2023_12_21_run3 "," 12-90 km/s. Al 5-1. IDEX FM Detector 2500. Position 5. HG CSAs ",5," Aluminum "
8556677,20231221195844.081999999,20231221125844.081999999,1703188724082,1.330010E+4,1.191391E-17,4.790780E-16,1.017499E-7,2.199524E+0," IDEX "," 2023_12_21_run3 "," 12-90 km/s. Al 5-1. IDEX FM Detector 2500. Position 5. HG CSAs ",5," Aluminum "
8556679,20231221195844.570999999,20231221125844.570999999,1703188724571,1.771420E+4,3.385249E-18,2.414770E-16,6.689280E-8,2.199524E+0," IDEX "," 2023_12_21_run3 "," 12-90 km/s. Al 5-1. IDEX FM Detector 2500. Position 5. HG CSAs ",4," Aluminum "
8556681,20231221195845.577000000,20231221125845.577000000,1703188725577,1.647380E+4,7.847031E-18,4.841000E-16,8.852875E-8,2.199524E+0," IDEX "," 2023_12_21_run3 "," 12-90 km/s. Al 5-1. IDEX FM Detector 2500. Position 5. HG CSAs ",5," Aluminum "
8556682,20231221195846.959999999,20231221125846.959999999,1703188726960,3.154150E+4,1.247585E-18,2.821480E-16,4.795928E-8,2.199524E+0," IDEX "," 2023_12_21_run3 "," 12-90 km/s. Al 5-1. IDEX FM Detector 2500. Position 5. HG CSAs ",5," Aluminum "
8556684,20231221195857.410999999,20231221125857.410999999,1703188737411,2.076080E+4,2.693506E-18,2.640530E-16,6.198527E-8,2.198294E+0," IDEX "," 2023_12_21_run3 "," 12-90 km/s. Al 5-1. IDEX FM Detector 2500. Position 5. HG CSAs ",5," Aluminum "
8556685,20231221195859.555000000,20231221125859.555000000,1703188739555,1.793540E+4,8.017055E-18,5.865730E-16,8.916358E-8,2.198294E+0," IDEX "," 2023_12_21_run3 "," 12-90 km/s. Al 5-1. IDEX FM Detector 2500. Position 5. HG CSAs ",5," Aluminum "
8556687,20231221195903.546000000,20231221125903.546000000,1703188743546,2.249740E+4,2.573991E-18,2.964830E-16,6.105458E-8,2.197063E+0," IDEX "," 2023_12_21_run3 "," 12-90 km/s. Al 5-1. IDEX FM Detector 2500. Position 5. HG CSAs ",5," Aluminum "
8556689,20231221195909.817000000,20231221125909.817000000,1703188749817,1.258240E+4,4.160399E-18,1.498960E-16,7.165187E-8,2.197063E+0," IDEX "," 2023_12_21_run3 "," 12-90 km/s. Al 5-1. IDEX FM Detector 2500. Position 5. HG CSAs ",5," Aluminum "
8556693,20231221195925.425999999,20231221125925.425999999,1703188765426,2.449980E+4,1.931343E-18,2.635280E-16,5.547991E-8,2.199524E+0," IDEX "," 2023_12_21_run3 "," 12-90 km/s. Al 5-1. IDEX FM Detector 2500. Position 5. HG CSAs ",5," Aluminum "
8556696,20231221195927.850000000,20231221125927.850000000,1703188767850,2.278140E+4,4.043983E-18,4.773700E-16,7.097722E-8,2.198294E+0," IDEX "," 2023_12_21_run3 "," 12-90 km/s. Al 5-1. IDEX FM Detector 2500. Position 5. HG CSAs ",5," Aluminum "
8556697,20231221195930.641999999,20231221125930.641999999,1703188770642,1.279090E+4,8.351956E-18,3.107960E-16,9.038824E-8,2.198294E+0," IDEX "," 2023_12_21_run3 "," 12-90 km/s. Al 5-1. IDEX FM Detector 2500. Position 5. HG CSAs ",5," Aluminum "
8556698,20231221204600.768000000,20231221134600.768000000,1703191560768,1.529180E+4,3.304791E-18,1.758690E-16,6.635860E-8,2.197063E+0," IDEX "," 2023_12_21_run4 "," 12-90 km/s. Al 5-1. IDEX FM Detector 2500. Position 5. HG CSAs ",5," Aluminum "
8556699,20231221204611.705000000,20231221134611.705000000,1703191571705,1.551080E+4,8.751279E-18,4.788780E-16,9.180642E-8,2.198294E+0," IDEX "," 2023_12_21_run4 "," 12-90 km/s. Al 5-1. IDEX FM Detector 2500. Position 5. HG CSAs ",5," Aluminum "
8556702,20231221204620.672999999,20231221134620.672999999,1703191580673,1.459880E+4,9.450788E-18,4.583850E-16,9.419009E-8,2.197063E+0," IDEX "," 2023_12_21_run4 "," 12-90 km/s. Al 5-1. IDEX FM Detector 2500. Position 5. HG CSAs ",5," Aluminum "
8556703,20231221204621.808999999,20231221134621.808999999,1703191581809,2.101810E+4,7.796804E-18,7.834090E-16,8.833946E-8,2.198294E+0," IDEX "," 2023_12_21_run4 "," 12-90 km/s. Al 5-1. IDEX FM Detector 2500. Position 5. HG CSAs ",5," Aluminum "
8556705,20231221204624.918999999,20231221134624.918999999,1703191584919,1.662170E+4,4.028349E-18,2.532830E-16,7.088563E-8,2.197063E+0," IDEX "," 2023_12_21_run4 "," 12-90 km/s. Al 5-1. IDEX FM Detector 2500. Position 5. HG CSAs ",5," Aluminum "
8556706,20231221204631.871999999,20231221134631.871999999,1703191591872,1.260810E+4,1.067995E-17,3.863640E-16,9.810827E-8,2.197063E+0," IDEX "," 2023_12_21_run4 "," 12-90 km/s. Al 5-1. IDEX FM Detector 2500. Position 5. HG CSAs ",5," Aluminum "
8556707,20231221204637.254999999,20231221134637.254999999,1703191597255,1.789830E+4,6.898923E-17,5.023970E-15,1.827159E-7,2.199524E+0," IDEX "," 2023_12_21_run4 "," 12-90 km/s. Al 5-1. IDEX FM Detector 2500. Position 5. HG CSAs ",5," Aluminum "
8556711,20231221204732.800999999,20231221134732.800999999,1703191652801,1.250380E+4,7.129972E-18,2.536880E-16,8.574559E-8,2.197063E+0," IDEX "," 2023_12_21_run4 "," 12-90 km/s. Al 5-1. IDEX FM Detector 2500. Position 5. HG CSAs ",5," Aluminum "
8556712,20231221204733.234000000,20231221134733.234000000,1703191653234,1.817090E+4,7.439903E-18,5.590470E-16,8.697043E-8,2.197063E+0," IDEX "," 2023_12_21_run4 "," 12-90 km/s. Al 5-1. IDEX FM Detector 2500. Position 5. HG CSAs ",5," Aluminum "
8556716,20231221204738.925999999,20231221134738.925999999,1703191658926,1.358860E+4,1.619965E-17,6.803620E-16,1.127244E-7,2.198294E+0," IDEX "," 2023_12_21_run4 "," 12-90 km/s. Al 5-1. IDEX FM Detector 2500. Position 5. HG CSAs ",5," Aluminum "
8556718,20231221204741.895999999,20231221134741.895999999,1703191661896,1.888410E+4,2.963719E-18,2.403890E-16,6.399237E-8,2.198294E+0," IDEX "," 2023_12_21_run4 "," 12-90 km/s. Al 5-1. IDEX FM Detector 2500. Position 5. HG CSAs ",5," Aluminum "
8556722,20231221204744.787999999,20231221134744.787999999,1703191664788,2.511780E+4,1.917312E-18,2.751320E-16,5.534523E-8,2.198294E+0," IDEX "," 2023_12_21_run4 "," 12-90 km/s. Al 5-1. IDEX FM Detector 2500. Position 5. HG CSAs ",5," Aluminum "
8556725,20231221204758.432000000,20231221134758.432000000,1703191678432,3.185100E+4,9.277538E-19,2.140740E-16,4.345037E-8,2.198294E+0," IDEX "," 2023_12_21_run4 "," 12-90 km/s. Al 5-1. IDEX FM Detector 2500. Position 5. HG CSAs ",5," Aluminum "
8556728,20231221204821.956999999,20231221134821.956999999,1703191701957,1.665540E+4,1.484873E-17,9.358340E-16,1.094995E-7,2.200754E+0," IDEX "," 2023_12_21_run4 "," 12-90 km/s. Al 5-1. IDEX FM Detector 2500. Position 5. HG CSAs ",5," Aluminum "
8556729,20231221204822.166999999,20231221134822.166999999,1703191702167,2.233170E+4,4.806441E-18,5.445860E-16,7.518371E-8,2.200754E+0," IDEX "," 2023_12_21_run4 "," 12-90 km/s. Al 5-1. IDEX FM Detector 2500. Position 5. HG CSAs ",5," Aluminum "
8556730,20231221204826.837999999,20231221134826.837999999,1703191706838,1.644530E+4,4.050600E-18,2.488870E-16,7.101591E-8,2.200754E+0," IDEX "," 2023_12_21_run4 "," 12-90 km/s. Al 5-1. IDEX FM Detector 2500. Position 5. HG CSAs ",5," Aluminum "
8556731,20231221204828.155999999,20231221134828.155999999,1703191708156,1.731780E+4,6.928646E-18,4.720990E-16,8.493082E-8,2.200754E+0," IDEX "," 2023_12_21_run4 "," 12-90 km/s. Al 5-1. IDEX FM Detector 2500. Position 5. HG CSAs ",4," Aluminum "
8556732,20231221204828.689999999,20231221134828.689999999,1703191708690,3.705480E+4,1.686206E-18,5.260160E-16,5.302566E-8,2.200754E+0," IDEX "," 2023_12_21_run4 "," 12-90 km/s. Al 5-1. IDEX FM Detector 2500. Position 5. HG CSAs ",5," Aluminum "
8556737,20231221204843.033999999,20231221134843.033999999,1703191723034,1.683710E+4,3.486531E-18,2.246830E-16,6.755337E-8,2.199524E+0," IDEX "," 2023_12_21_run4 "," 12-90 km/s. Al 5-1. IDEX FM Detector 2500. Position 5. HG CSAs ",5," Aluminum "
8556739,20231221204856.165000000,20231221134856.165000000,1703191736165,1.240760E+4,7.972323E-18,2.791550E-16,8.899744E-8,2.198294E+0," IDEX "," 2023_12_21_run4 "," 12-90 km/s. Al 5-1. IDEX FM Detector 2500. Position 5. HG CSAs ",5," Aluminum "
8556741,20231221204956.435000000,20231221134956.435000000,1703191796435,1.321850E+4,9.862144E-18,3.919410E-16,9.553730E-8,2.198294E+0," IDEX "," 2023_12_21_run4 "," 12-90 km/s. Al 5-1. IDEX FM Detector 2500. Position 5. HG CSAs ",5," Aluminum "
8556742,20231221204957.785000000,20231221134957.785000000,1703191797785,1.670980E+4,1.971315E-17,1.251940E-15,1.203468E-7,2.198294E+0," IDEX "," 2023_12_21_run4 "," 12-90 km/s. Al 5-1. IDEX FM Detector 2500. Position 5. HG CSAs ",5," Aluminum "
8556743,20231221204958.109999999,20231221134958.109999999,1703191798110,1.447770E+4,5.713164E-18,2.723710E-16,7.964186E-8,2.198294E+0," IDEX "," 2023_12_21_run4 "," 12-90 km/s. Al 5-1. IDEX FM Detector 2500. Position 5. HG CSAs ",5," Aluminum "
8556748,20231221205003.393000000,20231221135003.393000000,1703191803393,2.587270E+4,3.791929E-18,5.773360E-16,6.947085E-8,2.198294E+0," IDEX "," 2023_12_21_run4 "," 12-90 km/s. Al 5-1. IDEX FM Detector 2500. Position 5. HG CSAs ",5," Aluminum "
8556749,20231221205004.817000000,20231221135004.817000000,1703191804817,1.305220E+4,5.960316E-18,2.309520E-16,8.077413E-8,2.198294E+0," IDEX "," 2023_12_21_run4 "," 12-90 km/s. Al 5-1. IDEX FM Detector 2500. Position 5. HG CSAs ",5," Aluminum "
8556750,20231221205007.072000000,20231221135007.072000000,1703191807072,2.406540E+4,2.510554E-18,3.307050E-16,6.054883E-8,2.198294E+0," IDEX "," 2023_12_21_run4 "," 12-90 km/s. Al 5-1. IDEX FM Detector 2500. Position 5. HG CSAs ",5," Aluminum "
8556753,20231221205009.016999999,20231221135009.016999999,1703191809017,1.229770E+4,7.830753E-18,2.693620E-16,8.846749E-8,2.198294E+0," IDEX "," 2023_12_21_run4 "," 12-90 km/s. Al 5-1. IDEX FM Detector 2500. Position 5. HG CSAs ",5," Aluminum "
8556755,20231221205011.464000000,20231221135011.464000000,1703191811464,1.316510E+4,8.571457E-18,3.380890E-16,9.117325E-8,2.197063E+0," IDEX "," 2023_12_21_run4 "," 12-90 km/s. Al 5-1. IDEX FM Detector 2500. Position 5. HG CSAs ",3," Aluminum "
8556756,20231221205012.104000000,20231221135012.104000000,1703191812104,1.798490E+4,2.849089E-18,2.097250E-16,6.315648E-8,2.197063E+0," IDEX "," 2023_12_21_run4 "," 12-90 km/s. Al 5-1. IDEX FM Detector 2500. Position 5. HG CSAs ",4," Aluminum "
8556760,20231221205021.788999999,20231221135021.788999999,1703191821789,1.877310E+4,9.534473E-18,7.647100E-16,9.446729E-8,2.197063E+0," IDEX "," 2023_12_21_run4 "," 12-90 km/s. Al 5-1. IDEX FM Detector 2500. Position 5. HG CSAs ",5," Aluminum "
8556763,20231221205023.851000000,20231221135023.851000000,1703191823851,1.326180E+4,8.779705E-18,3.510160E-16,9.190571E-8,2.199524E+0," IDEX "," 2023_12_21_run4 "," 12-90 km/s. Al 5-1. IDEX FM Detector 2500. Position 5. HG CSAs ",5," Aluminum "
8556766,20231221205025.915999999,20231221135025.915999999,1703191825916,1.185350E+4,7.991133E-18,2.552370E-16,8.906738E-8,2.199524E+0," IDEX "," 2023_12_21_run4 "," 12-90 km/s. Al 5-1. IDEX FM Detector 2500. Position 5. HG CSAs ",4," Aluminum "
8556768,20231221205034.432000000,20231221135034.432000000,1703191834432,1.397680E+4,2.638138E-18,1.172190E-16,6.155760E-8,2.198294E+0," IDEX "," 2023_12_21_run4 "," 12-90 km/s. Al 5-1. IDEX FM Detector 2500. Position 5. HG CSAs ",4," Aluminum "
8556772,20231221205039.080000000,20231221135039.080000000,1703191839080,2.399880E+4,1.942299E-18,2.544370E-16,5.558461E-8,2.198294E+0," IDEX "," 2023_12_21_run4 "," 12-90 km/s. Al 5-1. IDEX FM Detector 2500. Position 5. HG CSAs ",4," Aluminum "
8556774,20231221205040.987999999,20231221135040.987999999,1703191840988,1.900290E+4,4.856154E-18,3.988570E-16,7.544202E-8,2.198294E+0," IDEX "," 2023_12_21_run4 "," 12-90 km/s. Al 5-1. IDEX FM Detector 2500. Position 5. HG CSAs ",5," Aluminum "
8556775,20231221205044.273000000,20231221135044.273000000,1703191844273,1.829400E+4,3.500759E-18,2.663310E-16,6.764515E-8,2.199524E+0," IDEX "," 2023_12_21_run4 "," 12-90 km/s. Al 5-1. IDEX FM Detector 2500. Position 5. HG CSAs ",5," Aluminum "
8556776,20231221205044.734999999,20231221135044.734999999,1703191844735,3.792440E+4,2.130035E-18,6.964120E-16,5.732070E-8,2.199524E+0," IDEX "," 2023_12_21_run4 "," 12-90 km/s. Al 5-1. IDEX FM Detector 2500. Position 5. HG CSAs ",5," Aluminum "
8556777,20231221205047.461000000,20231221135047.461000000,1703191847461,2.643820E+4,1.339017E-18,2.128800E-16,4.910336E-8,2.198294E+0," IDEX "," 2023_12_21_run4 "," 12-90 km/s. Al 5-1. IDEX FM Detector 2500. Position 5. HG CSAs ",5," Aluminum "
8556781,20231221205058.192000000,20231221135058.192000000,1703191858192,2.269610E+4,2.609263E-18,3.055360E-16,6.133219E-8,2.199524E+0," IDEX "," 2023_12_21_run4 "," 12-90 km/s. Al 5-1. IDEX FM Detector 2500. Position 5. HG CSAs ",5," Aluminum "
8556782,20231221205059.592999999,20231221135059.592999999,1703191859593,1.275080E+4,7.737767E-18,2.861380E-16,8.811593E-8,2.198294E+0," IDEX "," 2023_12_21_run4 "," 12-90 km/s. Al 5-1. IDEX FM Detector 2500. Position 5. HG CSAs ",5," Aluminum "
8556783,20231221205101.060999999,20231221135101.060999999,1703191861061,1.314880E+4,2.801828E-17,1.101790E-15,1.353099E-7,2.198294E+0," IDEX "," 2023_12_21_run4 "," 12-90 km/s. Al 5-1. IDEX FM Detector 2500. Position 5. HG CSAs ",5," Aluminum "
8556784,20231221205101.861999999,20231221135101.861999999,1703191861862,2.394700E+4,1.739384E-18,2.268730E-16,5.357733E-8,2.198294E+0," IDEX "," 2023_12_21_run4 "," 12-90 km/s. Al 5-1. IDEX FM Detector 2500. Position 5. HG CSAs ",4," Aluminum "
8556785,20231221205102.930999999,20231221135102.930999999,1703191862931,1.228000E+4,1.568394E-17,5.379440E-16,1.115153E-7,2.198294E+0," IDEX "," 2023_12_21_run4 "," 12-90 km/s. Al 5-1. IDEX FM Detector 2500. Position 5. HG CSAs ",5," Aluminum "
8556788,20231221205112.199999999,20231221135112.199999999,1703191872200,1.349650E+4,5.420144E-18,2.245630E-16,7.825633E-8,2.198294E+0," IDEX "," 2023_12_21_run4 "," 12-90 km/s. Al 5-1. IDEX FM Detector 2500. Position 5. HG CSAs ",5," Aluminum "
8556789,20231221205112.722999999,20231221135112.722999999,1703191872723,1.817180E+4,2.894321E-18,2.173840E-16,6.348894E-8,2.198294E+0," IDEX "," 2023_12_21_run4 "," 12-90 km/s. Al 5-1. IDEX FM Detector 2500. Position 5. HG CSAs ",5," Aluminum "
8556790,20231221205113.461000000,20231221135113.461000000,1703191873461,1.866770E+4,2.758676E-17,2.186590E-15,1.346117E-7,2.198294E+0," IDEX "," 2023_12_21_run4 "," 12-90 km/s. Al 5-1. IDEX FM Detector 2500. Position 5. HG CSAs ",5," Aluminum "
8556791,20231221205118.796000000,20231221135118.796000000,1703191878796,2.104620E+4,3.556127E-18,3.580690E-16,6.799991E-8,2.199524E+0," IDEX "," 2023_12_21_run4 "," 12-90 km/s. Al 5-1. IDEX FM Detector 2500. Position 5. HG CSAs ",5," Aluminum "
8556793,20231221205129.197999999,20231221135129.197999999,1703191889198,3.249280E+4,8.992529E-19,2.159440E-16,4.300080E-8,2.198294E+0," IDEX "," 2023_12_21_run4 "," 12-90 km/s. Al 5-1. IDEX FM Detector 2500. Position 5. HG CSAs ",4," Aluminum "
8556795,20231221205132.398000000,20231221135132.398000000,1703191892398,1.626350E+4,4.833818E-18,2.908060E-16,7.532618E-8,2.198294E+0," IDEX "," 2023_12_21_run4 "," 12-90 km/s. Al 5-1. IDEX FM Detector 2500. Position 5. HG CSAs ",5," Aluminum "
8556796,20231221205134.925999999,20231221135134.925999999,1703191894926,1.457400E+4,7.005521E-18,3.384410E-16,8.524378E-8,2.198294E+0," IDEX "," 2023_12_21_run4 "," 12-90 km/s. Al 5-1. IDEX FM Detector 2500. Position 5. HG CSAs ",5," Aluminum "
8556797,20231221205139.864999999,20231221135139.864999999,1703191899865,1.278850E+4,1.527288E-17,5.678090E-16,1.105324E-7,2.199524E+0," IDEX "," 2023_12_21_run4 "," 12-90 km/s. Al 5-1. IDEX FM Detector 2500. Position 5. HG CSAs ",5," Aluminum "
8556798,20231221205140.197000000,20231221135140.197000000,1703191900197,3.285010E+4,2.972983E-18,7.293030E-16,6.405898E-8,2.199524E+0," IDEX "," 2023_12_21_run4 "," 12-90 km/s. Al 5-1. IDEX FM Detector 2500. Position 5. HG CSAs ",5," Aluminum "
8556799,20231221205140.523000000,20231221135140.523000000,1703191900523,3.697830E+4,1.994020E-18,6.198200E-16,5.607368E-8,2.199524E+0," IDEX "," 2023_12_21_run4 "," 12-90 km/s. Al 5-1. IDEX FM Detector 2500. Position 5. HG CSAs ",5," Aluminum "
8556800,20231221205145.927000000,20231221135145.927000000,1703191905927,3.660080E+4,8.488131E-19,2.584850E-16,4.218129E-8,2.199524E+0," IDEX "," 2023_12_21_run4 "," 12-90 km/s. Al 5-1. IDEX FM Detector 2500. Position 5. HG CSAs ",5," Aluminum "
8556804,20231221205157.256999999,20231221135157.256999999,1703191917257,2.727120E+4,1.761172E-18,2.979170E-16,5.380010E-8,2.198294E+0," IDEX "," 2023_12_21_run4 "," 12-90 km/s. Al 5-1. IDEX FM Detector 2500. Position 5. HG CSAs ",5," Aluminum "
8556808,20231221205219.054000000,20231221135219.054000000,1703191939054,3.519590E+4,1.125323E-18,3.172410E-16,4.633846E-8,2.197063E+0," IDEX "," 2023_12_21_run4 "," 12-90 km/s. Al 5-1. IDEX FM Detector 2500. Position 5. HG CSAs ",5," Aluminum "
8556809,20231221205229.061999999,20231221135229.061999999,1703191949062,3.067530E+4,2.675605E-18,5.726440E-16,6.184765E-8,2.198294E+0," IDEX "," 2023_12_21_run4 "," 12-90 km/s. Al 5-1. IDEX FM Detector 2500. Position 5. HG CSAs ",5," Aluminum "
8556811,20231221205243.986999999,20231221135243.986999999,1703191963987,2.954660E+4,3.403021E-18,6.760950E-16,6.700966E-8,2.197063E+0," IDEX "," 2023_12_21_run4 "," 12-90 km/s. Al 5-1. IDEX FM Detector 2500. Position 5. HG CSAs ",5," Aluminum "
8556812,20231221205244.399999999,20231221135244.399999999,1703191964400,2.107820E+4,2.910853E-18,2.943170E-16,6.360960E-8,2.197063E+0," IDEX "," 2023_12_21_run4 "," 12-90 km/s. Al 5-1. IDEX FM Detector 2500. Position 5. HG CSAs ",5," Aluminum "
8556813,20231221205247.797000000,20231221135247.797000000,1703191967797,1.549650E+4,9.610444E-18,5.252170E-16,9.471753E-8,2.197063E+0," IDEX "," 2023_12_21_run4 "," 12-90 km/s. Al 5-1. IDEX FM Detector 2500. Position 5. HG CSAs ",5," Aluminum "
8556815,20231221205251.523999999,20231221135251.523999999,1703191971524,1.830460E+4,8.526239E-18,6.497750E-16,9.101264E-8,2.198294E+0," IDEX "," 2023_12_21_run4 "," 12-90 km/s. Al 5-1. IDEX FM Detector 2500. Position 5. HG CSAs ",5," Aluminum "
8556816,20231221205255.057000000,20231221135255.057000000,1703191975057,2.158060E+4,6.795493E-18,7.198350E-16,8.438324E-8,2.198294E+0," IDEX "," 2023_12_21_run4 "," 12-90 km/s. Al 5-1. IDEX FM Detector 2500. Position 5. HG CSAs ",5," Aluminum "
8556818,20231221205302.131999999,20231221135302.131999999,1703191982132,1.479020E+4,5.610659E-18,2.791560E-16,7.916268E-8,2.198294E+0," IDEX "," 2023_12_21_run4 "," 12-90 km/s. Al 5-1. IDEX FM Detector 2500. Position 5. HG CSAs ",4," Aluminum "
8556819,20231221205306.854999999,20231221135306.854999999,1703191986855,1.673070E+4,9.404503E-18,5.990900E-16,9.403607E-8,2.197063E+0," IDEX "," 2023_12_21_run4 "," 12-90 km/s. Al 5-1. IDEX FM Detector 2500. Position 5. HG CSAs ",5," Aluminum "
8556822,20231221205313.927999999,20231221135313.927999999,1703191993928,3.527150E+4,4.486346E-18,1.270190E-15,7.347622E-8,2.197063E+0," IDEX "," 2023_12_21_run4 "," 12-90 km/s. Al 5-1. IDEX FM Detector 2500. Position 5. HG CSAs ",5," Aluminum "
8556824,20231221205332.195999999,20231221135332.195999999,1703192012196,1.210050E+4,1.093782E-17,3.642690E-16,9.889160E-8,2.198294E+0," IDEX "," 2023_12_21_run4 "," 12-90 km/s. Al 5-1. IDEX FM Detector 2500. Position 5. HG CSAs ",5," Aluminum "
8556825,20231221205336.660000000,20231221135336.660000000,1703192016660,1.703570E+4,5.542388E-18,3.658490E-16,7.884029E-8,2.198294E+0," IDEX "," 2023_12_21_run4 "," 12-90 km/s. Al 5-1. IDEX FM Detector 2500. Position 5. HG CSAs ",5," Aluminum "
8556827,20231221205338.856999999,20231221135338.856999999,1703192018857,1.417270E+4,1.852850E-17,8.465070E-16,1.178861E-7,2.198294E+0," IDEX "," 2023_12_21_run4 "," 12-90 km/s. Al 5-1. IDEX FM Detector 2500. Position 5. HG CSAs ",5," Aluminum "
8556833,20231221205348.854000000,20231221135348.854000000,1703192028854,1.212090E+4,1.522297E-17,5.086910E-16,1.104118E-7,2.198294E+0," IDEX "," 2023_12_21_run4 "," 12-90 km/s. Al 5-1. IDEX FM Detector 2500. Position 5. HG CSAs ",5," Aluminum "
8556837,20231221205400.660999999,20231221135400.660999999,1703192040661,1.688180E+4,7.418497E-18,4.808820E-16,8.688694E-8,2.198294E+0," IDEX "," 2023_12_21_run4 "," 12-90 km/s. Al 5-1. IDEX FM Detector 2500. Position 5. HG CSAs ",5," Aluminum "
8556839,20231221205405.719999999,20231221135405.719999999,1703192045720,2.810710E+4,4.889804E-18,8.786350E-16,7.561588E-8,2.198294E+0," IDEX "," 2023_12_21_run4 "," 12-90 km/s. Al 5-1. IDEX FM Detector 2500. Position 5. HG CSAs ",5," Aluminum "
8556840,20231221205406.587999999,20231221135406.587999999,1703192046588,2.167440E+4,8.433469E-18,9.011260E-16,9.068135E-8,2.198294E+0," IDEX "," 2023_12_21_run4 "," 12-90 km/s. Al 5-1. IDEX FM Detector 2500. Position 5. HG CSAs ",5," Aluminum "
8556845,20231221205421.996000000,20231221135421.996000000,1703192061996,2.386510E+4,2.067431E-18,2.676700E-16,5.675354E-8,2.199524E+0," IDEX "," 2023_12_21_run4 "," 12-90 km/s. Al 5-1. IDEX FM Detector 2500. Position 5. HG CSAs ",5," Aluminum "
8556846,20231221205426.393999999,20231221135426.393999999,1703192066394,2.016160E+4,2.653351E-18,2.451810E-16,6.167571E-8,2.199524E+0," IDEX "," 2023_12_21_run4 "," 12-90 km/s. Al 5-1. IDEX FM Detector 2500. Position 5. HG CSAs ",4," Aluminum "
8556847,20231221205427.663999999,20231221135427.663999999,1703192067664,1.346580E+4,1.319898E-17,5.440600E-16,1.052841E-7,2.199524E+0," IDEX "," 2023_12_21_run4 "," 12-90 km/s. Al 5-1. IDEX FM Detector 2500. Position 5. HG CSAs ",5," Aluminum "
8556848,20231221205428.265000000,20231221135428.265000000,1703192068265,1.228390E+4,1.914982E-17,6.568700E-16,1.191894E-7,2.199524E+0," IDEX "," 2023_12_21_run4 "," 12-90 km/s. Al 5-1. IDEX FM Detector 2500. Position 5. HG CSAs ",5," Aluminum "
8556849,20231221205430.927000000,20231221135430.927000000,1703192070927,2.902040E+4,2.666201E-18,5.110080E-16,6.177510E-8,2.197063E+0," IDEX "," 2023_12_21_run4 "," 12-90 km/s. Al 5-1. IDEX FM Detector 2500. Position 5. HG CSAs ",5," Aluminum "
8556851,20231221205433.259000000,20231221135433.259000000,1703192073259,2.117500E+4,5.963684E-18,6.078600E-16,8.078935E-8,2.199524E+0," IDEX "," 2023_12_21_run4 "," 12-90 km/s. Al 5-1. IDEX FM Detector 2500. Position 5. HG CSAs ",5," Aluminum "
8556853,20231221205437.516999999,20231221135437.516999999,1703192077517,1.341160E+4,3.295092E-18,1.347320E-16,6.629362E-8,2.199524E+0," IDEX "," 2023_12_21_run4 "," 12-90 km/s. Al 5-1. IDEX FM Detector 2500. Position 5. HG CSAs ",5," Aluminum "
8556854,20231221205440.658000000,20231221135440.658000000,1703192080658,1.322020E+4,8.047654E-18,3.197330E-16,8.927687E-8,2.199524E+0," IDEX "," 2023_12_21_run4 "," 12-90 km/s. Al 5-1. IDEX FM Detector 2500. Position 5. HG CSAs ",5," Aluminum "
8556856,20231221205444.060000000,20231221135444.060000000,1703192084060,2.255660E+4,2.066355E-18,2.389980E-16,5.674368E-8,2.199524E+0," IDEX "," 2023_12_21_run4 "," 12-90 km/s. Al 5-1. IDEX FM Detector 2500. Position 5. HG CSAs ",5," Aluminum "
8556858,20231221205450.057000000,20231221135450.057000000,1703192090057,2.311190E+4,2.635290E-17,3.201730E-15,1.325741E-7,2.198294E+0," IDEX "," 2023_12_21_run4 "," 12-90 km/s. Al 5-1. IDEX FM Detector 2500. Position 5. HG CSAs ",5," Aluminum "
8556860,20231221205457.793999999,20231221135457.793999999,1703192097794,1.565610E+4,7.493811E-18,4.177870E-16,8.717998E-8,2.198294E+0," IDEX "," 2023_12_21_run4 "," 12-90 km/s. Al 5-1. IDEX FM Detector 2500. Position 5. HG CSAs ",5," Aluminum "
8556863,20231221205500.725000000,20231221135500.725000000,1703192100725,1.835920E+4,2.929934E-18,2.246210E-16,6.374828E-8,2.198294E+0," IDEX "," 2023_12_21_run4 "," 12-90 km/s. Al 5-1. IDEX FM Detector 2500. Position 5. HG CSAs ",5," Aluminum "
8556868,20231221205510.794999999,20231221135510.794999999,1703192110795,1.918550E+4,3.461486E-18,2.897970E-16,6.739123E-8,2.198294E+0," IDEX "," 2023_12_21_run4 "," 12-90 km/s. Al 5-1. IDEX FM Detector 2500. Position 5. HG CSAs ",5," Aluminum "
8556869,20231221205511.731000000,20231221135511.731000000,1703192111731,2.021170E+4,2.333763E-18,2.168440E-16,5.909283E-8,2.198294E+0," IDEX "," 2023_12_21_run4 "," 12-90 km/s. Al 5-1. IDEX FM Detector 2500. Position 5. HG CSAs ",5," Aluminum "
8556873,20231221205519.918999999,20231221135519.918999999,1703192119919,1.482050E+4,1.490954E-17,7.444440E-16,1.096488E-7,2.199524E+0," IDEX "," 2023_12_21_run4 "," 12-90 km/s. Al 5-1. IDEX FM Detector 2500. Position 5. HG CSAs ",5," Aluminum "
8556874,20231221205521.859000000,20231221135521.859000000,1703192121859,2.833330E+4,1.624247E-18,2.964070E-16,5.236807E-8,2.199524E+0," IDEX "," 2023_12_21_run4 "," 12-90 km/s. Al 5-1. IDEX FM Detector 2500. Position 5. HG CSAs ",5," Aluminum "
8556875,20231221205523.195999999,20231221135523.195999999,1703192123196,2.073950E+4,4.457410E-18,4.360780E-16,7.331791E-8,2.198294E+0," IDEX "," 2023_12_21_run4 "," 12-90 km/s. Al 5-1. IDEX FM Detector 2500. Position 5. HG CSAs ",5," Aluminum "
8556876,20231221205525.867000000,20231221135525.867000000,1703192125867,1.409900E+4,4.332775E-18,1.958970E-16,7.262808E-8,2.198294E+0," IDEX "," 2023_12_21_run4 "," 12-90 km/s. Al 5-1. IDEX FM Detector 2500. Position 5. HG CSAs ",4," Aluminum "
8556878,20231221205539.263000000,20231221135539.263000000,1703192139263,1.507180E+4,5.244000E-18,2.709430E-16,7.739925E-8,2.198294E+0," IDEX "," 2023_12_21_run4 "," 12-90 km/s. Al 5-1. IDEX FM Detector 2500. Position 5. HG CSAs ",5," Aluminum "
8556882,20231221205545.657000000,20231221135545.657000000,1703192145657,1.598100E+4,3.312907E-18,1.924430E-16,6.641287E-8,2.198294E+0," IDEX "," 2023_12_21_run4 "," 12-90 km/s. Al 5-1. IDEX FM Detector 2500. Position 5. HG CSAs ",3," Aluminum "
8556883,20231221205547.251000000,20231221135547.251000000,1703192147251,2.277940E+4,3.241778E-18,3.826070E-16,6.593414E-8,2.198294E+0," IDEX "," 2023_12_21_run4 "," 12-90 km/s. Al 5-1. IDEX FM Detector 2500. Position 5. HG CSAs ",5," Aluminum "
8556885,20231221205557.728000000,20231221135557.728000000,1703192157728,1.205330E+4,3.025130E-18,9.996340E-17,6.443135E-8,2.198294E+0," IDEX "," 2023_12_21_run4 "," 12-90 km/s. Al 5-1. IDEX FM Detector 2500. Position 5. HG CSAs ",4," Aluminum "
8556887,20231221205559.331999999,20231221135559.331999999,1703192159332,2.149590E+4,2.223544E-18,2.336910E-16,5.814751E-8,2.198294E+0," IDEX "," 2023_12_21_run4 "," 12-90 km/s. Al 5-1. IDEX FM Detector 2500. Position 5. HG CSAs ",5," Aluminum "
8556888,20231221205605.192000000,20231221135605.192000000,1703192165192,1.307750E+4,4.940491E-18,1.922860E-16,7.587626E-8,2.197063E+0," IDEX "," 2023_12_21_run4 "," 12-90 km/s. Al 5-1. IDEX FM Detector 2500. Position 5. HG CSAs ",4," Aluminum "
8556890,20231221205608.995000000,20231221135608.995000000,1703192168995,3.718760E+4,1.181004E-18,3.712700E-16,4.709047E-8,2.199524E+0," IDEX "," 2023_12_21_run4 "," 12-90 km/s. Al 5-1. IDEX FM Detector 2500. Position 5. HG CSAs ",5," Aluminum "
8556891,20231221205609.324000000,20231221135609.324000000,1703192169324,1.385040E+4,5.416247E-18,2.361920E-16,7.823757E-8,2.199524E+0," IDEX "," 2023_12_21_run4 "," 12-90 km/s. Al 5-1. IDEX FM Detector 2500. Position 5. HG CSAs ",4," Aluminum "
8556892,20231221205611.663999999,20231221135611.663999999,1703192171664,1.341820E+4,2.260676E-17,9.252711E-16,1.259685E-7,2.199524E+0," IDEX "," 2023_12_21_run4 "," 12-90 km/s. Al 5-1. IDEX FM Detector 2500. Position 5. HG CSAs ",5," Aluminum "
8556893,20231221205619.182999999,20231221135619.182999999,1703192179183,1.196550E+4,1.210221E-17,3.938840E-16,1.022831E-7,2.199524E+0," IDEX "," 2023_12_21_run4 "," 12-90 km/s. Al 5-1. IDEX FM Detector 2500. Position 5. HG CSAs ",5," Aluminum "
8556895,20231221205631.530000000,20231221135631.530000000,1703192191530,1.257190E+4,7.027549E-18,2.523510E-16,8.533303E-8,2.200754E+0," IDEX "," 2023_12_21_run4 "," 12-90 km/s. Al 5-1. IDEX FM Detector 2500. Position 5. HG CSAs ",5," Aluminum "
8556897,20231221205643.586000000,20231221135643.586000000,1703192203586,1.495150E+4,4.079280E-18,2.072980E-16,7.118312E-8,2.199524E+0," IDEX "," 2023_12_21_run4 "," 12-90 km/s. Al 5-1. IDEX FM Detector 2500. Position 5. HG CSAs ",4," Aluminum "
8556901,20231221205700.395999999,20231221135700.395999999,1703192220396,1.813670E+4,3.872675E-18,2.899050E-16,6.996050E-8,2.197063E+0," IDEX "," 2023_12_21_run4 "," 12-90 km/s. Al 5-1. IDEX FM Detector 2500. Position 5. HG CSAs ",5," Aluminum "
8556903,20231221205709.467999999,20231221135709.467999999,1703192229468,1.220930E+4,1.350502E-17,4.581470E-16,1.060916E-7,2.197063E+0," IDEX "," 2023_12_21_run4 "," 12-90 km/s. Al 5-1. IDEX FM Detector 2500. Position 5. HG CSAs ",5," Aluminum "
8556904,20231221205712.520999999,20231221135712.520999999,1703192232521,2.027090E+4,2.538634E-18,2.371310E-16,6.077374E-8,2.199524E+0," IDEX "," 2023_12_21_run4 "," 12-90 km/s. Al 5-1. IDEX FM Detector 2500. Position 5. HG CSAs ",5," Aluminum "
8556906,20231221205729.587999999,20231221135729.587999999,1703192249588,1.636980E+4,1.357247E-17,8.267760E-16,1.062679E-7,2.199524E+0," IDEX "," 2023_12_21_run4 "," 12-90 km/s. Al 5-1. IDEX FM Detector 2500. Position 5. HG CSAs ",4," Aluminum "
8556907,20231221205734.788999999,20231221135734.788999999,1703192254789,1.440150E+4,9.655728E-18,4.554970E-16,9.486607E-8,2.198294E+0," IDEX "," 2023_12_21_run4 "," 12-90 km/s. Al 5-1. IDEX FM Detector 2500. Position 5. HG CSAs ",5," Aluminum "
8556908,20231221205741.257999999,20231221135741.257999999,1703192261258,1.941500E+4,2.556146E-18,2.191520E-16,6.091315E-8,2.198294E+0," IDEX "," 2023_12_21_run4 "," 12-90 km/s. Al 5-1. IDEX FM Detector 2500. Position 5. HG CSAs ",5," Aluminum "
8556914,20231221205801.453999999,20231221135801.453999999,1703192281454,1.309620E+4,5.974908E-18,2.330810E-16,8.084000E-8,2.198294E+0," IDEX "," 2023_12_21_run4 "," 12-90 km/s. Al 5-1. IDEX FM Detector 2500. Position 5. HG CSAs ",3," Aluminum "
8556924,20231221205840.126999999,20231221135840.126999999,1703192320127,1.477220E+4,5.201408E-18,2.580200E-16,7.718914E-8,2.199524E+0," IDEX "," 2023_12_21_run4 "," 12-90 km/s. Al 5-1. IDEX FM Detector 2500. Position 5. HG CSAs ",5," Aluminum "
8556925,20231221205842.998000000,20231221135842.998000000,1703192322998,1.653800E+4,3.629916E-18,2.256860E-16,6.846702E-8,2.199524E+0," IDEX "," 2023_12_21_run4 "," 12-90 km/s. Al 5-1. IDEX FM Detector 2500. Position 5. HG CSAs ",4," Aluminum "
8556927,20231221205845.913999999,20231221135845.913999999,1703192325914,1.756390E+4,2.114840E-18,1.483070E-16,5.718407E-8,2.199524E+0," IDEX "," 2023_12_21_run4 "," 12-90 km/s. Al 5-1. IDEX FM Detector 2500. Position 5. HG CSAs ",5," Aluminum "
8556933,20231221205912.333000000,20231221135912.333000000,1703192352333,1.394990E+4,5.679674E-18,2.512510E-16,7.948595E-8,2.199524E+0," IDEX "," 2023_12_21_run4 "," 12-90 km/s. Al 5-1. IDEX FM Detector 2500. Position 5. HG CSAs ",5," Aluminum "
8556934,20231221205919.989999999,20231221135919.989999999,1703192359990,2.056270E+4,1.634168E-18,1.571600E-16,5.247448E-8,2.198294E+0," IDEX "," 2023_12_21_run4 "," 12-90 km/s. Al 5-1. IDEX FM Detector 2500. Position 5. HG CSAs ",4," Aluminum "
8556938,20231221205936.398000000,20231221135936.398000000,1703192376398,1.280880E+4,9.740133E-17,3.636720E-15,2.049765E-7,2.197063E+0," IDEX "," 2023_12_21_run4 "," 12-90 km/s. Al 5-1. IDEX FM Detector 2500. Position 5. HG CSAs ",5," Aluminum "
8556940,20231221210004.047999999,20231221140004.047999999,1703192404048,2.055250E+4,1.206265E-17,1.158930E-15,1.021716E-7,2.198294E+0," IDEX "," 2023_12_21_run4 "," 12-90 km/s. Al 5-1. IDEX FM Detector 2500. Position 5. HG CSAs ",5," Aluminum "
8556941,20231221210006.592999999,20231221140006.592999999,1703192406593,1.729730E+4,4.452073E-18,3.029730E-16,7.328863E-8,2.198294E+0," IDEX "," 2023_12_21_run4 "," 12-90 km/s. Al 5-1. IDEX FM Detector 2500. Position 5. HG CSAs ",5," Aluminum "
8556948,20231221210015.726000000,20231221140015.726000000,1703192415726,1.907830E+4,3.915196E-18,3.241290E-16,7.021561E-8,2.198294E+0," IDEX "," 2023_12_21_run4 "," 12-90 km/s. Al 5-1. IDEX FM Detector 2500. Position 5. HG CSAs ",5," Aluminum "
8556950,20231221210019.583000000,20231221140019.583000000,1703192419583,1.770190E+4,4.095747E-18,2.919160E-16,7.127878E-8,2.198294E+0," IDEX "," 2023_12_21_run4 "," 12-90 km/s. Al 5-1. IDEX FM Detector 2500. Position 5. HG CSAs ",5," Aluminum "
8556954,20231221210029.992000000,20231221140029.992000000,1703192429992,1.532810E+4,8.232464E-18,4.399380E-16,8.995511E-8,2.198294E+0," IDEX "," 2023_12_21_run4 "," 12-90 km/s. Al 5-1. IDEX FM Detector 2500. Position 5. HG CSAs ",5," Aluminum "
8556960,20231221210047.856000000,20231221140047.856000000,1703192447856,2.158540E+4,2.355102E-18,2.493040E-16,5.927239E-8,2.200754E+0," IDEX "," 2023_12_21_run4 "," 12-90 km/s. Al 5-1. IDEX FM Detector 2500. Position 5. HG CSAs ",5," Aluminum "
8556961,20231221210107.256000000,20231221140107.256000000,1703192467256,2.294640E+4,1.453954E-18,1.742240E-16,5.046994E-8,2.197063E+0," IDEX "," 2023_12_21_run4 "," 12-90 km/s. Al 5-1. IDEX FM Detector 2500. Position 5. HG CSAs ",5," Aluminum "
8556965,20231221210122.054000000,20231221140122.054000000,1703192482054,2.382980E+4,2.013106E-18,2.601570E-16,5.625202E-8,2.197063E+0," IDEX "," 2023_12_21_run4 "," 12-90 km/s. Al 5-1. IDEX FM Detector 2500. Position 5. HG CSAs ",3," Aluminum "
8556966,20231221210122.922000000,20231221140122.922000000,1703192482922,1.402080E+4,8.947129E-18,4.002740E-16,9.248623E-8,2.197063E+0," IDEX "," 2023_12_21_run4 "," 12-90 km/s. Al 5-1. IDEX FM Detector 2500. Position 5. HG CSAs ",5," Aluminum "
8556968,20231221210129.858000000,20231221140129.858000000,1703192489858,1.204630E+4,1.168753E-17,3.859740E-16,1.011013E-7,2.197063E+0," IDEX "," 2023_12_21_run4 "," 12-90 km/s. Al 5-1. IDEX FM Detector 2500. Position 5. HG CSAs ",5," Aluminum "
8556970,20231221210141.652000000,20231221140141.652000000,1703192501652,1.864740E+4,5.214175E-18,4.126200E-16,7.725224E-8,2.197063E+0," IDEX "," 2023_12_21_run4 "," 12-90 km/s. Al 5-1. IDEX FM Detector 2500. Position 5. HG CSAs ",5," Aluminum "
8556985,20231221210243.581000000,20231221140243.581000000,1703192563581,1.748290E+4,3.266554E-18,2.270920E-16,6.610168E-8,2.198294E+0," IDEX "," 2023_12_21_run4 "," 12-90 km/s. Al 5-1. IDEX FM Detector 2500. Position 5. HG CSAs ",5," Aluminum "
8556990,20231221210253.518000000,20231221140253.518000000,1703192573518,2.683040E+4,2.382124E-18,3.898170E-16,5.949822E-8,2.199524E+0," IDEX "," 2023_12_21_run4 "," 12-90 km/s. Al 5-1. IDEX FM Detector 2500. Position 5. HG CSAs ",3," Aluminum "
8556991,20231221210304.189000000,20231221140304.189000000,1703192584189,1.252500E+4,3.618429E-18,1.290380E-16,6.839472E-8,2.199524E+0," IDEX "," 2023_12_21_run4 "," 12-90 km/s. Al 5-1. IDEX FM Detector 2500. Position 5. HG CSAs ",3," Aluminum "
8556992,20231221210309.990999999,20231221140309.990999999,1703192589991,1.614890E+4,4.290560E-18,2.543560E-16,7.239144E-8,2.199524E+0," IDEX "," 2023_12_21_run4 "," 12-90 km/s. Al 5-1. IDEX FM Detector 2500. Position 5. HG CSAs ",4," Aluminum "
8556996,20231221210312.858000000,20231221140312.858000000,1703192592858,1.805030E+4,4.625140E-18,3.427510E-16,7.422624E-8,2.198294E+0," IDEX "," 2023_12_21_run4 "," 12-90 km/s. Al 5-1. IDEX FM Detector 2500. Position 5. HG CSAs ",5," Aluminum "
8556998,20231221210318.591000000,20231221140318.591000000,1703192598591,2.629980E+4,6.845761E-18,1.076990E-15,8.459079E-8,2.198294E+0," IDEX "," 2023_12_21_run4 "," 12-90 km/s. Al 5-1. IDEX FM Detector 2500. Position 5. HG CSAs ",5," Aluminum "
