,Time [us],Combined TOF [pC/dt]
0,-15.603846153846154,-3.3108999999999916e-05
1,-15.6,-6.621799999999983e-05
2,-15.596153846153847,3.3108999999999916e-05
3,-15.592307692307692,0.0
4,-15.588461538461539,-3.3108999999999916e-05
5,-15.584615384615384,-3.3108999999999916e-05
6,-15.580769230769231,3.3108999999999916e-05
7,-15.576923076923077,0.0
8,-15.573076923076924,-6.621799999999983e-05
9,-15.569230769230769,-3.3108999999999916e-05
10,-15.565384615384616,0.0
11,-15.561538461538461,0.0
12,-15.557692307692308,-3.3108999999999916e-05
13,-15.553846153846154,-3.3108999999999916e-05
14,-15.55,3.3108999999999916e-05
15,-15.546153846153846,-3.3108999999999916e-05
16,-15.542307692307693,-3.3108999999999916e-05
17,-15.538461538461538,0.0
18,-15.534615384615385,0.0
19,-15.53076923076923,-3.3108999999999916e-05
20,-15.526923076923078,-3.3108999999999916e-05
21,-15.523076923076923,0.0
22,-15.51923076923077,0.0
23,-15.515384615384615,-6.621799999999983e-05
24,-15.511538461538462,0.0
25,-15.507692307692308,3.3108999999999916e-05
26,-15.503846153846155,-3.3108999999999916e-05
27,-15.5,-6.621799999999983e-05
28,-15.496153846153847,-3.3108999999999916e-05
29,-15.492307692307692,0.0
30,-15.48846153846154,-3.3108999999999916e-05
31,-15.484615384615385,-3.3108999999999916e-05
32,-15.480769230769232,3.3108999999999916e-05
33,-15.476923076923077,0.0
34,-15.473076923076924,-3.3108999999999916e-05
35,-15.46923076923077,-3.3108999999999916e-05
36,-15.465384615384616,3.3108999999999916e-05
37,-15.461538461538462,0.0
38,-15.457692307692309,0.0
39,-15.453846153846154,0.0
40,-15.450000000000001,3.3108999999999916e-05
41,-15.446153846153846,0.0
42,-15.442307692307693,-3.3108999999999916e-05
43,-15.438461538461539,0.0
44,-15.434615384615386,3.3108999999999916e-05
45,-15.430769230769231,-3.3108999999999916e-05
46,-15.426923076923078,0.0
47,-15.423076923076923,0.0
48,-15.41923076923077,0.0
49,-15.415384615384616,-6.621799999999983e-05
50,-15.411538461538463,0.0
51,-15.407692307692308,3.3108999999999916e-05
52,-15.403846153846155,-3.3108999999999916e-05
53,-15.4,-6.621799999999983e-05
54,-15.396153846153847,0.0
55,-15.392307692307693,0.0
56,-15.38846153846154,-3.3108999999999916e-05
57,-15.384615384615385,-3.3108999999999916e-05
58,-15.380769230769232,3.3108999999999916e-05
59,-15.376923076923077,0.0
60,-15.373076923076924,-6.621799999999983e-05
61,-15.36923076923077,0.0
62,-15.365384615384617,3.3108999999999916e-05
63,-15.361538461538462,0.0
64,-15.357692307692307,0.0
65,-15.353846153846154,0.0
66,-15.350000000000001,-3.3108999999999916e-05
67,-15.346153846153847,-6.621799999999983e-05
68,-15.342307692307692,0.0
69,-15.338461538461539,3.3108999999999916e-05
70,-15.334615384615384,-6.621799999999983e-05
71,-15.330769230769231,0.0
72,-15.326923076923077,3.3108999999999916e-05
73,-15.323076923076924,3.3108999999999916e-05
74,-15.319230769230769,-3.3108999999999916e-05
75,-15.315384615384616,-6.621799999999983e-05
76,-15.311538461538461,0.0
77,-15.307692307692308,-6.621799999999983e-05
78,-15.303846153846154,-3.3108999999999916e-05
79,-15.3,0.0
80,-15.296153846153846,3.3108999999999916e-05
81,-15.292307692307693,-3.3108999999999916e-05
82,-15.288461538461538,-3.3108999999999916e-05
83,-15.284615384615385,0.0
84,-15.28076923076923,-3.3108999999999916e-05
85,-15.276923076923078,-6.621799999999983e-05
86,-15.273076923076923,-3.3108999999999916e-05
87,-15.26923076923077,3.3108999999999916e-05
88,-15.265384615384615,0.0
89,-15.261538461538462,-3.3108999999999916e-05
90,-15.257692307692308,3.3108999999999916e-05
91,-15.253846153846155,0.0
92,-15.25,-6.621799999999983e-05
93,-15.246153846153847,-3.3108999999999916e-05
94,-15.242307692307692,3.3108999999999916e-05
95,-15.23846153846154,0.0
96,-15.234615384615385,-6.621799999999983e-05
97,-15.230769230769232,0.0
98,-15.226923076923077,3.3108999999999916e-05
99,-15.223076923076924,3.3108999999999916e-05
100,-15.21923076923077,-3.3108999999999916e-05
101,-15.215384615384616,-6.621799999999983e-05
102,-15.211538461538462,3.3108999999999916e-05
103,-15.207692307692309,-3.3108999999999916e-05
104,-15.203846153846154,-3.3108999999999916e-05
105,-15.200000000000001,0.0
106,-15.196153846153846,3.3108999999999916e-05
107,-15.192307692307693,-3.3108999999999916e-05
108,-15.188461538461539,-3.3108999999999916e-05
109,-15.184615384615386,3.3108999999999916e-05
110,-15.180769230769231,-3.3108999999999916e-05
111,-15.176923076923078,-6.621799999999983e-05
112,-15.173076923076923,-6.621799999999983e-05
113,-15.16923076923077,3.3108999999999916e-05
114,-15.165384615384616,0.0
115,-15.161538461538463,-3.3108999999999916e-05
116,-15.157692307692308,3.3108999999999916e-05
117,-15.153846153846155,0.0
118,-15.15,-6.621799999999983e-05
119,-15.146153846153847,-6.621799999999983e-05
120,-15.142307692307693,3.3108999999999916e-05
121,-15.13846153846154,3.3108999999999916e-05
122,-15.134615384615385,-6.621799999999983e-05
123,-15.130769230769232,3.3108999999999916e-05
124,-15.126923076923077,6.621799999999983e-05
125,-15.123076923076924,3.3108999999999916e-05
126,-15.11923076923077,-3.3108999999999916e-05
127,-15.115384615384617,0.0
128,-15.111538461538462,3.3108999999999916e-05
129,-15.107692307692307,-6.621799999999983e-05
130,-15.103846153846154,0.0
131,-15.100000000000001,3.3108999999999916e-05
132,-15.096153846153847,0.0
133,-15.092307692307692,-6.621799999999983e-05
134,-15.088461538461539,3.3108999999999916e-05
135,-15.084615384615384,3.3108999999999916e-05
136,-15.080769230769231,-3.3108999999999916e-05
137,-15.076923076923077,-6.621799999999983e-05
138,-15.073076923076924,0.0
139,-15.069230769230769,0.0
140,-15.065384615384616,-6.621799999999983e-05
141,-15.061538461538461,-3.3108999999999916e-05
142,-15.057692307692308,3.3108999999999916e-05
143,-15.053846153846154,-3.3108999999999916e-05
144,-15.05,-3.3108999999999916e-05
145,-15.046153846153846,0.0
146,-15.042307692307693,0.0
147,-15.038461538461538,-3.3108999999999916e-05
148,-15.034615384615385,-3.3108999999999916e-05
149,-15.03076923076923,0.0
150,-15.026923076923078,-3.3108999999999916e-05
151,-15.023076923076923,-6.621799999999983e-05
152,-15.01923076923077,3.3108999999999916e-05
153,-15.015384615384615,3.3108999999999916e-05
154,-15.011538461538462,-6.621799999999983e-05
155,-15.007692307692308,-3.3108999999999916e-05
156,-15.003846153846155,3.3108999999999916e-05
157,-15.0,0.0
158,-14.996153846153847,-3.3108999999999916e-05
159,-14.992307692307692,-3.3108999999999916e-05
160,-14.98846153846154,3.3108999999999916e-05
161,-14.984615384615385,0.0
162,-14.980769230769232,-3.3108999999999916e-05
163,-14.976923076923077,-6.621799999999983e-05
164,-14.973076923076924,3.3108999999999916e-05
165,-14.96923076923077,-3.3108999999999916e-05
166,-14.965384615384616,-3.3108999999999916e-05
167,-14.961538461538462,-3.3108999999999916e-05
168,-14.957692307692309,3.3108999999999916e-05
169,-14.953846153846154,-3.3108999999999916e-05
170,-14.950000000000001,-6.621799999999983e-05
171,-14.946153846153846,-3.3108999999999916e-05
172,-14.942307692307693,0.0
173,-14.938461538461539,-3.3108999999999916e-05
174,-14.934615384615386,-3.3108999999999916e-05
175,-14.930769230769231,3.3108999999999916e-05
176,-14.926923076923078,3.3108999999999916e-05
177,-14.923076923076923,-3.3108999999999916e-05
178,-14.91923076923077,-3.3108999999999916e-05
179,-14.915384615384616,0.0
180,-14.911538461538463,0.0
181,-14.907692307692308,-6.621799999999983e-05
182,-14.903846153846155,0.0
183,-14.9,3.3108999999999916e-05
184,-14.896153846153847,0.0
185,-14.892307692307693,-3.3108999999999916e-05
186,-14.88846153846154,0.0
187,-14.884615384615385,3.3108999999999916e-05
188,-14.880769230769232,-3.3108999999999916e-05
189,-14.876923076923077,-6.621799999999983e-05
190,-14.873076923076923,3.3108999999999916e-05
191,-14.86923076923077,0.0
192,-14.865384615384617,-6.621799999999983e-05
193,-14.861538461538462,-3.3108999999999916e-05
194,-14.857692307692307,0.0
195,-14.853846153846154,-3.3108999999999916e-05
196,-14.850000000000001,-6.621799999999983e-05
197,-14.846153846153847,0.0
198,-14.842307692307692,0.0
199,-14.838461538461539,-6.621799999999983e-05
200,-14.834615384615384,-3.3108999999999916e-05
201,-14.830769230769231,0.0
202,-14.826923076923077,-3.3108999999999916e-05
203,-14.823076923076924,-3.3108999999999916e-05
204,-14.819230769230769,0.0
205,-14.815384615384616,3.3108999999999916e-05
206,-14.811538461538461,-3.3108999999999916e-05
207,-14.807692307692308,0.0
208,-14.803846153846154,3.3108999999999916e-05
209,-14.8,0.0
210,-14.796153846153846,-3.3108999999999916e-05
211,-14.792307692307693,0.0
212,-14.788461538461538,0.0
213,-14.784615384615385,-6.621799999999983e-05
214,-14.78076923076923,3.3108999999999916e-05
215,-14.776923076923078,0.0
216,-14.773076923076923,3.3108999999999916e-05
217,-14.76923076923077,-6.621799999999983e-05
218,-14.765384615384615,-3.3108999999999916e-05
219,-14.761538461538462,0.0
220,-14.757692307692308,-3.3108999999999916e-05
221,-14.753846153846155,-6.621799999999983e-05
222,-14.75,0.0
223,-14.746153846153847,0.0
224,-14.742307692307692,-3.3108999999999916e-05
225,-14.73846153846154,-6.621799999999983e-05
226,-14.734615384615385,3.3108999999999916e-05
227,-14.730769230769232,-3.3108999999999916e-05
228,-14.726923076923077,-6.621799999999983e-05
229,-14.723076923076924,-6.621799999999983e-05
230,-14.71923076923077,3.3108999999999916e-05
231,-14.715384615384616,0.0
232,-14.711538461538462,-3.3108999999999916e-05
233,-14.707692307692309,0.0
234,-14.703846153846154,3.3108999999999916e-05
235,-14.700000000000001,-3.3108999999999916e-05
236,-14.696153846153846,-6.621799999999983e-05
237,-14.692307692307693,0.0
238,-14.688461538461539,3.3108999999999916e-05
239,-14.684615384615386,-3.3108999999999916e-05
240,-14.680769230769231,0.0
241,-14.676923076923078,0.0
242,-14.673076923076923,0.0
243,-14.66923076923077,-6.621799999999983e-05
244,-14.665384615384616,-6.621799999999983e-05
245,-14.661538461538463,0.0
246,-14.657692307692308,0.0
247,-14.653846153846155,-6.621799999999983e-05
248,-14.65,0.0
249,-14.646153846153847,0.0
250,-14.642307692307693,0.0
251,-14.63846153846154,-3.3108999999999916e-05
252,-14.634615384615385,0.0
253,-14.630769230769232,-3.3108999999999916e-05
254,-14.626923076923077,-3.3108999999999916e-05
255,-14.623076923076923,-6.621799999999983e-05
256,-14.61923076923077,0.0
257,-14.615384615384617,0.0
258,-14.611538461538462,-3.3108999999999916e-05
259,-14.607692307692307,3.3108999999999916e-05
260,-14.603846153846154,0.0
261,-14.600000000000001,0.0
262,-14.596153846153847,-3.3108999999999916e-05
263,-14.592307692307692,0.0
264,-14.588461538461539,0.0
265,-14.584615384615384,-3.3108999999999916e-05
266,-14.580769230769231,3.3108999999999916e-05
267,-14.576923076923077,3.3108999999999916e-05
268,-14.573076923076924,0.0
269,-14.569230769230769,-6.621799999999983e-05
270,-14.565384615384616,0.0
271,-14.561538461538461,3.3108999999999916e-05
272,-14.557692307692308,-3.3108999999999916e-05
273,-14.553846153846154,0.0
274,-14.55,3.3108999999999916e-05
275,-14.546153846153846,0.0
276,-14.542307692307693,-3.3108999999999916e-05
277,-14.538461538461538,-3.3108999999999916e-05
278,-14.534615384615385,3.3108999999999916e-05
279,-14.53076923076923,-3.3108999999999916e-05
280,-14.526923076923078,-3.3108999999999916e-05
281,-14.523076923076923,0.0
282,-14.51923076923077,0.0
283,-14.515384615384615,-3.3108999999999916e-05
284,-14.511538461538462,-3.3108999999999916e-05
285,-14.507692307692308,0.0
286,-14.503846153846155,-6.621799999999983e-05
287,-14.5,-6.621799999999983e-05
288,-14.496153846153847,0.0
289,-14.492307692307692,3.3108999999999916e-05
290,-14.48846153846154,-3.3108999999999916e-05
291,-14.484615384615385,-3.3108999999999916e-05
292,-14.480769230769232,3.3108999999999916e-05
293,-14.476923076923077,0.0
294,-14.473076923076924,-6.621799999999983e-05
295,-14.46923076923077,-3.3108999999999916e-05
296,-14.465384615384616,3.3108999999999916e-05
297,-14.461538461538462,0.0
298,-14.457692307692309,-3.3108999999999916e-05
299,-14.453846153846154,0.0
300,-14.450000000000001,3.3108999999999916e-05
301,-14.446153846153846,-3.3108999999999916e-05
302,-14.442307692307693,-3.3108999999999916e-05
303,-14.438461538461539,3.3108999999999916e-05
304,-14.434615384615386,3.3108999999999916e-05
305,-14.430769230769231,-3.3108999999999916e-05
306,-14.426923076923078,0.0
307,-14.423076923076923,0.0
308,-14.41923076923077,0.0
309,-14.415384615384616,-3.3108999999999916e-05
310,-14.411538461538463,-3.3108999999999916e-05
311,-14.407692307692308,3.3108999999999916e-05
312,-14.403846153846153,-3.3108999999999916e-05
313,-14.4,-6.621799999999983e-05
314,-14.396153846153847,0.0
315,-14.392307692307693,3.3108999999999916e-05
316,-14.388461538461538,0.0
317,-14.384615384615385,-3.3108999999999916e-05
318,-14.380769230769232,3.3108999999999916e-05
319,-14.376923076923077,0.0
320,-14.373076923076923,0.0
321,-14.36923076923077,-6.621799999999983e-05
322,-14.365384615384617,0.0
323,-14.361538461538462,0.0
324,-14.357692307692307,-3.3108999999999916e-05
325,-14.353846153846154,-3.3108999999999916e-05
326,-14.350000000000001,3.3108999999999916e-05
327,-14.346153846153847,0.0
328,-14.342307692307692,-6.621799999999983e-05
329,-14.338461538461539,0.0
330,-14.334615384615384,3.3108999999999916e-05
331,-14.330769230769231,-6.621799999999983e-05
332,-14.326923076923077,-6.621799999999983e-05
333,-14.323076923076924,0.0
334,-14.319230769230769,0.0
335,-14.315384615384616,-3.3108999999999916e-05
336,-14.311538461538461,0.0
337,-14.307692307692308,0.0
338,-14.303846153846154,-6.621799999999983e-05
339,-14.3,-6.621799999999983e-05
340,-14.296153846153846,0.0
341,-14.292307692307693,3.3108999999999916e-05
342,-14.288461538461538,-3.3108999999999916e-05
343,-14.284615384615385,-3.3108999999999916e-05
344,-14.28076923076923,3.3108999999999916e-05
345,-14.276923076923078,0.0
346,-14.273076923076923,-3.3108999999999916e-05
347,-14.26923076923077,0.0
348,-14.265384615384615,3.3108999999999916e-05
349,-14.261538461538462,-3.3108999999999916e-05
350,-14.257692307692308,-3.3108999999999916e-05
351,-14.253846153846155,0.0
352,-14.25,0.0
353,-14.246153846153847,-3.3108999999999916e-05
354,-14.242307692307692,3.3108999999999916e-05
355,-14.23846153846154,3.3108999999999916e-05
356,-14.234615384615385,-3.3108999999999916e-05
357,-14.230769230769232,0.0
358,-14.226923076923077,0.0
359,-14.223076923076924,3.3108999999999916e-05
360,-14.21923076923077,-6.621799999999983e-05
361,-14.215384615384616,-3.3108999999999916e-05
362,-14.211538461538462,3.3108999999999916e-05
363,-14.207692307692309,-3.3108999999999916e-05
364,-14.203846153846154,-3.3108999999999916e-05
365,-14.200000000000001,-3.3108999999999916e-05
366,-14.196153846153846,3.3108999999999916e-05
367,-14.192307692307693,-3.3108999999999916e-05
368,-14.188461538461539,-3.3108999999999916e-05
369,-14.184615384615386,0.0
370,-14.180769230769231,-3.3108999999999916e-05
371,-14.176923076923078,-6.621799999999983e-05
372,-14.173076923076923,-3.3108999999999916e-05
373,-14.16923076923077,3.3108999999999916e-05
374,-14.165384615384616,0.0
375,-14.161538461538463,-6.621799999999983e-05
376,-14.157692307692308,3.3108999999999916e-05
377,-14.153846153846153,3.3108999999999916e-05
378,-14.15,-3.3108999999999916e-05
379,-14.146153846153847,-3.3108999999999916e-05
380,-14.142307692307693,0.0
381,-14.138461538461538,3.3108999999999916e-05
382,-14.134615384615385,-3.3108999999999916e-05
383,-14.130769230769232,0.0
384,-14.126923076923077,0.0
385,-14.123076923076923,3.3108999999999916e-05
386,-14.11923076923077,-6.621799999999983e-05
387,-14.115384615384617,-6.621799999999983e-05
388,-14.111538461538462,3.3108999999999916e-05
389,-14.107692307692307,0.0
390,-14.103846153846154,-6.621799999999983e-05
391,-14.100000000000001,-6.621799999999983e-05
392,-14.096153846153847,3.3108999999999916e-05
393,-14.092307692307692,0.0
394,-14.088461538461539,-6.621799999999983e-05
395,-14.084615384615384,-6.621799999999983e-05
396,-14.080769230769231,3.3108999999999916e-05
397,-14.076923076923077,0.0
398,-14.073076923076924,-3.3108999999999916e-05
399,-14.069230769230769,0.0
400,-14.065384615384616,0.0
401,-14.061538461538461,-3.3108999999999916e-05
402,-14.057692307692308,0.0
403,-14.053846153846154,3.3108999999999916e-05
404,-14.05,3.3108999999999916e-05
405,-14.046153846153846,-3.3108999999999916e-05
406,-14.042307692307693,0.0
407,-14.038461538461538,3.3108999999999916e-05
408,-14.034615384615385,0.0
409,-14.03076923076923,-3.3108999999999916e-05
410,-14.026923076923078,0.0
411,-14.023076923076923,3.3108999999999916e-05
412,-14.01923076923077,-3.3108999999999916e-05
413,-14.015384615384615,-6.621799999999983e-05
414,-14.011538461538462,3.3108999999999916e-05
415,-14.007692307692308,-3.3108999999999916e-05
416,-14.003846153846155,-6.621799999999983e-05
417,-14.0,-3.3108999999999916e-05
418,-13.996153846153847,3.3108999999999916e-05
419,-13.992307692307692,-6.621799999999983e-05
420,-13.98846153846154,-3.3108999999999916e-05
421,-13.984615384615385,0.0
422,-13.980769230769232,-3.3108999999999916e-05
423,-13.976923076923077,-6.621799999999983e-05
424,-13.973076923076924,0.0
425,-13.96923076923077,3.3108999999999916e-05
426,-13.965384615384616,-3.3108999999999916e-05
427,-13.961538461538462,-3.3108999999999916e-05
428,-13.957692307692309,3.3108999999999916e-05
429,-13.953846153846154,-3.3108999999999916e-05
430,-13.950000000000001,-3.3108999999999916e-05
431,-13.946153846153846,-3.3108999999999916e-05
432,-13.942307692307693,3.3108999999999916e-05
433,-13.938461538461539,0.0
434,-13.934615384615386,-3.3108999999999916e-05
435,-13.930769230769231,3.3108999999999916e-05
436,-13.926923076923078,0.0
437,-13.923076923076923,-3.3108999999999916e-05
438,-13.91923076923077,-3.3108999999999916e-05
439,-13.915384615384616,0.0
440,-13.911538461538463,0.0
441,-13.907692307692308,-3.3108999999999916e-05
442,-13.903846153846153,0.0
443,-13.9,0.0
444,-13.896153846153847,-3.3108999999999916e-05
445,-13.892307692307693,-6.621799999999983e-05
446,-13.888461538461538,3.3108999999999916e-05
447,-13.884615384615385,3.3108999999999916e-05
448,-13.880769230769232,-3.3108999999999916e-05
449,-13.876923076923077,-3.3108999999999916e-05
450,-13.873076923076923,3.3108999999999916e-05
451,-13.86923076923077,3.3108999999999916e-05
452,-13.865384615384617,-3.3108999999999916e-05
453,-13.861538461538462,-3.3108999999999916e-05
454,-13.857692307692307,3.3108999999999916e-05
455,-13.853846153846154,-3.3108999999999916e-05
456,-13.850000000000001,-3.3108999999999916e-05
457,-13.846153846153847,0.0
458,-13.842307692307692,3.3108999999999916e-05
459,-13.838461538461539,0.0
460,-13.834615384615384,-3.3108999999999916e-05
461,-13.830769230769231,3.3108999999999916e-05
462,-13.826923076923077,0.0
463,-13.823076923076924,-6.621799999999983e-05
464,-13.819230769230769,-6.621799999999983e-05
465,-13.815384615384616,0.0
466,-13.811538461538461,0.0
467,-13.807692307692308,-3.3108999999999916e-05
468,-13.803846153846154,0.0
469,-13.8,3.3108999999999916e-05
470,-13.796153846153846,-3.3108999999999916e-05
471,-13.792307692307693,-6.621799999999983e-05
472,-13.788461538461538,3.3108999999999916e-05
473,-13.784615384615385,0.0
474,-13.78076923076923,0.0
475,-13.776923076923078,-3.3108999999999916e-05
476,-13.773076923076923,0.0
477,-13.76923076923077,0.0
478,-13.765384615384615,-3.3108999999999916e-05
479,-13.761538461538462,0.0
480,-13.757692307692308,0.0
481,-13.753846153846155,-6.621799999999983e-05
482,-13.75,-3.3108999999999916e-05
483,-13.746153846153847,0.0
484,-13.742307692307692,0.0
485,-13.73846153846154,-6.621799999999983e-05
486,-13.734615384615385,0.0
487,-13.730769230769232,0.0
488,-13.726923076923077,-3.3108999999999916e-05
489,-13.723076923076924,-3.3108999999999916e-05
490,-13.71923076923077,-3.3108999999999916e-05
491,-13.715384615384616,0.0
492,-13.711538461538462,-3.3108999999999916e-05
493,-13.707692307692309,0.0
494,-13.703846153846154,3.3108999999999916e-05
495,-13.700000000000001,0.0
496,-13.696153846153846,-6.621799999999983e-05
497,-13.692307692307693,0.0
498,-13.688461538461539,3.3108999999999916e-05
499,-13.684615384615386,-3.3108999999999916e-05
500,-13.680769230769231,0.0
501,-13.676923076923078,0.0
502,-13.673076923076923,0.0
503,-13.66923076923077,-3.3108999999999916e-05
504,-13.665384615384616,0.0
505,-13.661538461538463,3.3108999999999916e-05
506,-13.657692307692308,-3.3108999999999916e-05
507,-13.653846153846153,-6.621799999999983e-05
508,-13.65,0.0
509,-13.646153846153847,3.3108999999999916e-05
510,-13.642307692307693,-3.3108999999999916e-05
511,-13.638461538461538,-3.3108999999999916e-05
512,-13.634615384615385,3.3108999999999916e-05
513,-13.630769230769232,-3.3108999999999916e-05
514,-13.626923076923077,-6.621799999999983e-05
515,-13.623076923076923,-6.621799999999983e-05
516,-13.61923076923077,3.3108999999999916e-05
517,-13.615384615384617,0.0
518,-13.611538461538462,-3.3108999999999916e-05
519,-13.607692307692307,3.3108999999999916e-05
520,-13.603846153846154,3.3108999999999916e-05
521,-13.600000000000001,0.0
522,-13.596153846153847,-6.621799999999983e-05
523,-13.592307692307692,0.0
524,-13.588461538461539,3.3108999999999916e-05
525,-13.584615384615386,0.0
526,-13.580769230769231,0.0
527,-13.576923076923077,3.3108999999999916e-05
528,-13.573076923076924,3.3108999999999916e-05
529,-13.569230769230769,-3.3108999999999916e-05
530,-13.565384615384616,-3.3108999999999916e-05
531,-13.561538461538461,0.0
532,-13.557692307692308,-3.3108999999999916e-05
533,-13.553846153846154,-6.621799999999983e-05
534,-13.55,0.0
535,-13.546153846153846,3.3108999999999916e-05
536,-13.542307692307693,-3.3108999999999916e-05
537,-13.538461538461538,-6.621799999999983e-05
538,-13.534615384615385,0.0
539,-13.53076923076923,0.0
540,-13.526923076923078,-6.621799999999983e-05
541,-13.523076923076923,-3.3108999999999916e-05
542,-13.51923076923077,0.0
543,-13.515384615384615,0.0
544,-13.511538461538462,-6.621799999999983e-05
545,-13.507692307692308,0.0
546,-13.503846153846155,3.3108999999999916e-05
547,-13.5,-3.3108999999999916e-05
548,-13.496153846153847,-6.621799999999983e-05
549,-13.492307692307692,0.0
550,-13.48846153846154,3.3108999999999916e-05
551,-13.484615384615385,-3.3108999999999916e-05
552,-13.480769230769232,0.0
553,-13.476923076923077,0.0
554,-13.473076923076924,3.3108999999999916e-05
555,-13.46923076923077,-3.3108999999999916e-05
556,-13.465384615384616,0.0
557,-13.461538461538462,3.3108999999999916e-05
558,-13.457692307692309,-3.3108999999999916e-05
559,-13.453846153846154,-6.621799999999983e-05
560,-13.45,0.0
561,-13.446153846153846,3.3108999999999916e-05
562,-13.442307692307693,-3.3108999999999916e-05
563,-13.438461538461539,-6.621799999999983e-05
564,-13.434615384615384,3.3108999999999916e-05
565,-13.430769230769231,-3.3108999999999916e-05
566,-13.426923076923078,-6.621799999999983e-05
567,-13.423076923076923,-3.3108999999999916e-05
568,-13.419230769230769,3.3108999999999916e-05
569,-13.415384615384616,-3.3108999999999916e-05
570,-13.411538461538463,-3.3108999999999916e-05
571,-13.407692307692308,3.3108999999999916e-05
572,-13.403846153846153,3.3108999999999916e-05
573,-13.4,-6.621799999999983e-05
574,-13.396153846153847,-3.3108999999999916e-05
575,-13.392307692307693,0.0
576,-13.388461538461538,0.0
577,-13.384615384615385,-6.621799999999983e-05
578,-13.380769230769232,3.3108999999999916e-05
579,-13.376923076923077,0.0
580,-13.373076923076923,-3.3108999999999916e-05
581,-13.36923076923077,-3.3108999999999916e-05
582,-13.365384615384617,0.0
583,-13.361538461538462,0.0
584,-13.357692307692307,-3.3108999999999916e-05
585,-13.353846153846154,-3.3108999999999916e-05
586,-13.350000000000001,3.3108999999999916e-05
587,-13.346153846153847,0.0
588,-13.342307692307692,-6.621799999999983e-05
589,-13.338461538461539,-6.621799999999983e-05
590,-13.334615384615386,0.0
591,-13.330769230769231,-6.621799999999983e-05
592,-13.326923076923077,-6.621799999999983e-05
593,-13.323076923076924,-3.3108999999999916e-05
594,-13.319230769230769,3.3108999999999916e-05
595,-13.315384615384616,-3.3108999999999916e-05
596,-13.311538461538461,-6.621799999999983e-05
597,-13.307692307692308,3.3108999999999916e-05
598,-13.303846153846154,3.3108999999999916e-05
599,-13.3,-3.3108999999999916e-05
600,-13.296153846153846,-6.621799999999983e-05
601,-13.292307692307693,3.3108999999999916e-05
602,-13.288461538461538,3.3108999999999916e-05
603,-13.284615384615385,-3.3108999999999916e-05
604,-13.28076923076923,0.0
605,-13.276923076923078,0.0
606,-13.273076923076923,3.3108999999999916e-05
607,-13.26923076923077,-6.621799999999983e-05
608,-13.265384615384615,0.0
609,-13.261538461538462,0.0
610,-13.257692307692308,-3.3108999999999916e-05
611,-13.253846153846155,-6.621799999999983e-05
612,-13.25,3.3108999999999916e-05
613,-13.246153846153847,3.3108999999999916e-05
614,-13.242307692307692,-3.3108999999999916e-05
615,-13.23846153846154,-3.3108999999999916e-05
616,-13.234615384615385,3.3108999999999916e-05
617,-13.230769230769232,-3.3108999999999916e-05
618,-13.226923076923077,-6.621799999999983e-05
619,-13.223076923076924,0.0
620,-13.21923076923077,3.3108999999999916e-05
621,-13.215384615384616,-3.3108999999999916e-05
622,-13.211538461538462,-3.3108999999999916e-05
623,-13.207692307692309,3.3108999999999916e-05
624,-13.203846153846154,0.0
625,-13.2,-6.621799999999983e-05
626,-13.196153846153846,-3.3108999999999916e-05
627,-13.192307692307693,3.3108999999999916e-05
628,-13.188461538461539,0.0
629,-13.184615384615384,-3.3108999999999916e-05
630,-13.180769230769231,3.3108999999999916e-05
631,-13.176923076923078,3.3108999999999916e-05
632,-13.173076923076923,-3.3108999999999916e-05
633,-13.169230769230769,-3.3108999999999916e-05
634,-13.165384615384616,3.3108999999999916e-05
635,-13.161538461538463,3.3108999999999916e-05
636,-13.157692307692308,-6.621799999999983e-05
637,-13.153846153846153,0.0
638,-13.15,3.3108999999999916e-05
639,-13.146153846153847,-3.3108999999999916e-05
640,-13.142307692307693,-3.3108999999999916e-05
641,-13.138461538461538,0.0
642,-13.134615384615385,3.3108999999999916e-05
643,-13.130769230769232,-3.3108999999999916e-05
644,-13.126923076923077,0.0
645,-13.123076923076923,3.3108999999999916e-05
646,-13.11923076923077,0.0
647,-13.115384615384617,-6.621799999999983e-05
648,-13.111538461538462,0.0
649,-13.107692307692307,0.0
650,-13.103846153846154,-6.621799999999983e-05
651,-13.100000000000001,-6.621799999999983e-05
652,-13.096153846153847,0.0
653,-13.092307692307692,0.0
654,-13.088461538461539,-6.621799999999983e-05
655,-13.084615384615386,-3.3108999999999916e-05
656,-13.080769230769231,0.0
657,-13.076923076923077,-3.3108999999999916e-05
658,-13.073076923076924,-6.621799999999983e-05
659,-13.069230769230769,0.0
660,-13.065384615384616,3.3108999999999916e-05
661,-13.061538461538461,-3.3108999999999916e-05
662,-13.057692307692308,3.3108999999999916e-05
663,-13.053846153846154,0.0
664,-13.05,0.0
665,-13.046153846153846,-6.621799999999983e-05
666,-13.042307692307693,0.0
667,-13.038461538461538,3.3108999999999916e-05
668,-13.034615384615385,0.0
669,-13.03076923076923,-3.3108999999999916e-05
670,-13.026923076923078,0.0
671,-13.023076923076923,3.3108999999999916e-05
672,-13.01923076923077,0.0
673,-13.015384615384615,-3.3108999999999916e-05
674,-13.011538461538462,0.0
675,-13.007692307692308,3.3108999999999916e-05
676,-13.003846153846155,-3.3108999999999916e-05
677,-13.0,-3.3108999999999916e-05
678,-12.996153846153847,0.0
679,-12.992307692307692,0.0
680,-12.98846153846154,-3.3108999999999916e-05
681,-12.984615384615385,-3.3108999999999916e-05
682,-12.980769230769232,0.0
683,-12.976923076923077,-3.3108999999999916e-05
684,-12.973076923076924,-6.621799999999983e-05
685,-12.96923076923077,-3.3108999999999916e-05
686,-12.965384615384616,3.3108999999999916e-05
687,-12.961538461538462,0.0
688,-12.957692307692309,-3.3108999999999916e-05
689,-12.953846153846154,0.0
690,-12.95,0.0
691,-12.946153846153846,-3.3108999999999916e-05
692,-12.942307692307693,0.0
693,-12.938461538461539,0.0
694,-12.934615384615384,-3.3108999999999916e-05
695,-12.930769230769231,-3.3108999999999916e-05
696,-12.926923076923078,0.0
697,-12.923076923076923,3.3108999999999916e-05
698,-12.919230769230769,-3.3108999999999916e-05
699,-12.915384615384616,-3.3108999999999916e-05
700,-12.911538461538463,3.3108999999999916e-05
701,-12.907692307692308,-3.3108999999999916e-05
702,-12.903846153846153,-3.3108999999999916e-05
703,-12.9,-3.3108999999999916e-05
704,-12.896153846153847,3.3108999999999916e-05
705,-12.892307692307693,-3.3108999999999916e-05
706,-12.888461538461538,-6.621799999999983e-05
707,-12.884615384615385,0.0
708,-12.880769230769232,-3.3108999999999916e-05
709,-12.876923076923077,-6.621799999999983e-05
710,-12.873076923076923,-3.3108999999999916e-05
711,-12.86923076923077,3.3108999999999916e-05
712,-12.865384615384617,0.0
713,-12.861538461538462,-3.3108999999999916e-05
714,-12.857692307692307,3.3108999999999916e-05
715,-12.853846153846154,0.0
716,-12.850000000000001,-6.621799999999983e-05
717,-12.846153846153847,-6.621799999999983e-05
718,-12.842307692307692,3.3108999999999916e-05
719,-12.838461538461539,0.0
720,-12.834615384615386,-3.3108999999999916e-05
721,-12.830769230769231,3.3108999999999916e-05
722,-12.826923076923077,3.3108999999999916e-05
723,-12.823076923076924,-3.3108999999999916e-05
724,-12.819230769230769,-3.3108999999999916e-05
725,-12.815384615384616,0.0
726,-12.811538461538461,0.0
727,-12.807692307692308,-6.621799999999983e-05
728,-12.803846153846154,-3.3108999999999916e-05
729,-12.8,3.3108999999999916e-05
730,-12.796153846153846,0.0
731,-12.792307692307693,-6.621799999999983e-05
732,-12.788461538461538,-3.3108999999999916e-05
733,-12.784615384615385,3.3108999999999916e-05
734,-12.78076923076923,-6.621799999999983e-05
735,-12.776923076923078,-6.621799999999983e-05
736,-12.773076923076923,0.0
737,-12.76923076923077,0.0
738,-12.765384615384615,-6.621799999999983e-05
739,-12.761538461538462,-6.621799999999983e-05
740,-12.757692307692308,3.3108999999999916e-05
741,-12.753846153846155,0.0
742,-12.75,-3.3108999999999916e-05
743,-12.746153846153847,-6.621799999999983e-05
744,-12.742307692307692,3.3108999999999916e-05
745,-12.73846153846154,0.0
746,-12.734615384615385,-6.621799999999983e-05
747,-12.730769230769232,0.0
748,-12.726923076923077,0.0
749,-12.723076923076924,-3.3108999999999916e-05
750,-12.71923076923077,-6.621799999999983e-05
751,-12.715384615384616,-3.3108999999999916e-05
752,-12.711538461538462,0.0
753,-12.707692307692309,-3.3108999999999916e-05
754,-12.703846153846154,-6.621799999999983e-05
755,-12.7,-3.3108999999999916e-05
756,-12.696153846153846,3.3108999999999916e-05
757,-12.692307692307693,-3.3108999999999916e-05
758,-12.688461538461539,-6.621799999999983e-05
759,-12.684615384615384,0.0
760,-12.680769230769231,0.0
761,-12.676923076923078,-3.3108999999999916e-05
762,-12.673076923076923,-3.3108999999999916e-05
763,-12.669230769230769,0.0
764,-12.665384615384616,0.0
765,-12.661538461538463,-3.3108999999999916e-05
766,-12.657692307692308,0.0
767,-12.653846153846153,3.3108999999999916e-05
768,-12.65,0.0
769,-12.646153846153847,-6.621799999999983e-05
770,-12.642307692307693,0.0
771,-12.638461538461538,0.0
772,-12.634615384615385,0.0
773,-12.630769230769232,-3.3108999999999916e-05
774,-12.626923076923077,-3.3108999999999916e-05
775,-12.623076923076923,3.3108999999999916e-05
776,-12.61923076923077,-3.3108999999999916e-05
777,-12.615384615384617,-6.621799999999983e-05
778,-12.611538461538462,3.3108999999999916e-05
779,-12.607692307692307,-3.3108999999999916e-05
780,-12.603846153846154,-6.621799999999983e-05
781,-12.600000000000001,0.0
782,-12.596153846153847,3.3108999999999916e-05
783,-12.592307692307692,-3.3108999999999916e-05
784,-12.588461538461539,-3.3108999999999916e-05
785,-12.584615384615384,3.3108999999999916e-05
786,-12.580769230769231,-3.3108999999999916e-05
787,-12.576923076923077,-6.621799999999983e-05
788,-12.573076923076924,0.0
789,-12.569230769230769,3.3108999999999916e-05
790,-12.565384615384616,-3.3108999999999916e-05
791,-12.561538461538461,-6.621799999999983e-05
792,-12.557692307692308,3.3108999999999916e-05
793,-12.553846153846154,0.0
794,-12.55,-6.621799999999983e-05
795,-12.546153846153846,-6.621799999999983e-05
796,-12.542307692307693,0.0
797,-12.538461538461538,-3.3108999999999916e-05
798,-12.534615384615385,-3.3108999999999916e-05
799,-12.53076923076923,3.3108999999999916e-05
800,-12.526923076923078,3.3108999999999916e-05
801,-12.523076923076923,-3.3108999999999916e-05
802,-12.51923076923077,0.0
803,-12.515384615384615,0.0
804,-12.511538461538462,0.0
805,-12.507692307692308,-3.3108999999999916e-05
806,-12.503846153846155,0.0
807,-12.5,3.3108999999999916e-05
808,-12.496153846153847,0.0
809,-12.492307692307692,-6.621799999999983e-05
810,-12.48846153846154,0.0
811,-12.484615384615385,3.3108999999999916e-05
812,-12.480769230769232,-3.3108999999999916e-05
813,-12.476923076923077,-3.3108999999999916e-05
814,-12.473076923076924,3.3108999999999916e-05
815,-12.46923076923077,3.3108999999999916e-05
816,-12.465384615384615,-3.3108999999999916e-05
817,-12.461538461538462,-3.3108999999999916e-05
818,-12.457692307692309,3.3108999999999916e-05
819,-12.453846153846154,0.0
820,-12.45,-6.621799999999983e-05
821,-12.446153846153846,-6.621799999999983e-05
822,-12.442307692307693,3.3108999999999916e-05
823,-12.438461538461539,0.0
824,-12.434615384615384,-3.3108999999999916e-05
825,-12.430769230769231,0.0
826,-12.426923076923078,0.0
827,-12.423076923076923,0.0
828,-12.419230769230769,-3.3108999999999916e-05
829,-12.415384615384616,-3.3108999999999916e-05
830,-12.411538461538463,3.3108999999999916e-05
831,-12.407692307692308,-3.3108999999999916e-05
832,-12.403846153846153,-3.3108999999999916e-05
833,-12.4,0.0
834,-12.396153846153847,0.0
835,-12.392307692307693,-3.3108999999999916e-05
836,-12.388461538461538,-3.3108999999999916e-05
837,-12.384615384615385,0.0
838,-12.380769230769232,-6.621799999999983e-05
839,-12.376923076923077,-6.621799999999983e-05
840,-12.373076923076923,0.0
841,-12.36923076923077,0.0
842,-12.365384615384617,-3.3108999999999916e-05
843,-12.361538461538462,-6.621799999999983e-05
844,-12.357692307692307,3.3108999999999916e-05
845,-12.353846153846154,-3.3108999999999916e-05
846,-12.350000000000001,-3.3108999999999916e-05
847,-12.346153846153847,-3.3108999999999916e-05
848,-12.342307692307692,3.3108999999999916e-05
849,-12.338461538461539,0.0
850,-12.334615384615384,-3.3108999999999916e-05
851,-12.330769230769231,3.3108999999999916e-05
852,-12.326923076923077,3.3108999999999916e-05
853,-12.323076923076924,-3.3108999999999916e-05
854,-12.319230769230769,-3.3108999999999916e-05
855,-12.315384615384616,0.0
856,-12.311538461538461,0.0
857,-12.307692307692308,-3.3108999999999916e-05
858,-12.303846153846154,0.0
859,-12.3,0.0
860,-12.296153846153846,-3.3108999999999916e-05
861,-12.292307692307693,-6.621799999999983e-05
862,-12.288461538461538,3.3108999999999916e-05
863,-12.284615384615385,0.0
864,-12.28076923076923,0.0
865,-12.276923076923078,0.0
866,-12.273076923076923,3.3108999999999916e-05
867,-12.26923076923077,-3.3108999999999916e-05
868,-12.265384615384615,-3.3108999999999916e-05
869,-12.261538461538462,-3.3108999999999916e-05
870,-12.257692307692308,-3.3108999999999916e-05
871,-12.253846153846155,-6.621799999999983e-05
872,-12.25,-3.3108999999999916e-05
873,-12.246153846153847,0.0
874,-12.242307692307692,0.0
875,-12.23846153846154,-6.621799999999983e-05
876,-12.234615384615385,0.0
877,-12.230769230769232,0.0
878,-12.226923076923077,-6.621799999999983e-05
879,-12.223076923076924,-6.621799999999983e-05
880,-12.21923076923077,3.3108999999999916e-05
881,-12.215384615384615,3.3108999999999916e-05
882,-12.211538461538462,-3.3108999999999916e-05
883,-12.207692307692309,-3.3108999999999916e-05
884,-12.203846153846154,0.0
885,-12.2,0.0
886,-12.196153846153846,-3.3108999999999916e-05
887,-12.192307692307693,-3.3108999999999916e-05
888,-12.188461538461539,3.3108999999999916e-05
889,-12.184615384615384,0.0
890,-12.180769230769231,0.0
891,-12.176923076923078,-3.3108999999999916e-05
892,-12.173076923076923,3.3108999999999916e-05
893,-12.169230769230769,0.0
894,-12.165384615384616,-6.621799999999983e-05
895,-12.161538461538463,0.0
896,-12.157692307692308,0.0
897,-12.153846153846153,-6.621799999999983e-05
898,-12.15,-3.3108999999999916e-05
899,-12.146153846153847,0.0
900,-12.142307692307693,0.0
901,-12.138461538461538,-3.3108999999999916e-05
902,-12.134615384615385,0.0
903,-12.130769230769232,0.0
904,-12.126923076923077,-3.3108999999999916e-05
905,-12.123076923076923,-6.621799999999983e-05
906,-12.11923076923077,3.3108999999999916e-05
907,-12.115384615384617,3.3108999999999916e-05
908,-12.111538461538462,-3.3108999999999916e-05
909,-12.107692307692307,-3.3108999999999916e-05
910,-12.103846153846154,0.0
911,-12.100000000000001,0.0
912,-12.096153846153847,-6.621799999999983e-05
913,-12.092307692307692,-3.3108999999999916e-05
914,-12.088461538461539,3.3108999999999916e-05
915,-12.084615384615384,0.0
916,-12.080769230769231,0.0
917,-12.076923076923077,0.0
918,-12.073076923076924,3.3108999999999916e-05
919,-12.069230769230769,0.0
920,-12.065384615384616,-6.621799999999983e-05
921,-12.061538461538461,0.0
922,-12.057692307692308,-3.3108999999999916e-05
923,-12.053846153846154,-6.621799999999983e-05
924,-12.05,-3.3108999999999916e-05
925,-12.046153846153846,0.0
926,-12.042307692307693,-3.3108999999999916e-05
927,-12.038461538461538,-6.621799999999983e-05
928,-12.034615384615385,3.3108999999999916e-05
929,-12.03076923076923,0.0
930,-12.026923076923078,-3.3108999999999916e-05
931,-12.023076923076923,-3.3108999999999916e-05
932,-12.01923076923077,3.3108999999999916e-05
933,-12.015384615384615,0.0
934,-12.011538461538462,-3.3108999999999916e-05
935,-12.007692307692308,3.3108999999999916e-05
936,-12.003846153846155,0.0
937,-12.0,-6.621799999999983e-05
938,-11.996153846153847,-6.621799999999983e-05
939,-11.992307692307692,0.0
940,-11.98846153846154,3.3108999999999916e-05
941,-11.984615384615385,-3.3108999999999916e-05
942,-11.980769230769232,3.3108999999999916e-05
943,-11.976923076923077,0.0
944,-11.973076923076924,-3.3108999999999916e-05
945,-11.96923076923077,-3.3108999999999916e-05
946,-11.965384615384615,3.3108999999999916e-05
947,-11.961538461538462,3.3108999999999916e-05
948,-11.957692307692309,-6.621799999999983e-05
949,-11.953846153846154,-6.621799999999983e-05
950,-11.95,3.3108999999999916e-05
951,-11.946153846153846,0.0
952,-11.942307692307693,-3.3108999999999916e-05
953,-11.938461538461539,-3.3108999999999916e-05
954,-11.934615384615384,3.3108999999999916e-05
955,-11.930769230769231,-6.621799999999983e-05
956,-11.926923076923078,-6.621799999999983e-05
957,-11.923076923076923,-3.3108999999999916e-05
958,-11.919230769230769,3.3108999999999916e-05
959,-11.915384615384616,-3.3108999999999916e-05
960,-11.911538461538463,-3.3108999999999916e-05
961,-11.907692307692308,3.3108999999999916e-05
962,-11.903846153846153,0.0
963,-11.9,-6.621799999999983e-05
964,-11.896153846153847,-3.3108999999999916e-05
965,-11.892307692307693,3.3108999999999916e-05
966,-11.888461538461538,3.3108999999999916e-05
967,-11.884615384615385,-6.621799999999983e-05
968,-11.880769230769232,0.0
969,-11.876923076923077,3.3108999999999916e-05
970,-11.873076923076923,0.0
971,-11.86923076923077,-6.621799999999983e-05
972,-11.865384615384617,0.0
973,-11.861538461538462,3.3108999999999916e-05
974,-11.857692307692307,-6.621799999999983e-05
975,-11.853846153846154,-6.621799999999983e-05
976,-11.850000000000001,0.0
977,-11.846153846153847,3.3108999999999916e-05
978,-11.842307692307692,-6.621799999999983e-05
979,-11.838461538461539,-3.3108999999999916e-05
980,-11.834615384615384,3.3108999999999916e-05
981,-11.830769230769231,-3.3108999999999916e-05
982,-11.826923076923077,-6.621799999999983e-05
983,-11.823076923076924,-3.3108999999999916e-05
984,-11.819230769230769,3.3108999999999916e-05
985,-11.815384615384616,0.0
986,-11.811538461538461,-3.3108999999999916e-05
987,-11.807692307692308,3.3108999999999916e-05
988,-11.803846153846154,0.0
989,-11.8,-3.3108999999999916e-05
990,-11.796153846153846,-6.621799999999983e-05
991,-11.792307692307693,3.3108999999999916e-05
992,-11.788461538461538,0.0
993,-11.784615384615385,-6.621799999999983e-05
994,-11.78076923076923,3.3108999999999916e-05
995,-11.776923076923078,0.0
996,-11.773076923076923,-3.3108999999999916e-05
997,-11.76923076923077,-3.3108999999999916e-05
998,-11.765384615384615,3.3108999999999916e-05
999,-11.761538461538462,0.0
1000,-11.757692307692308,-3.3108999999999916e-05
1001,-11.753846153846155,0.0
1002,-11.75,3.3108999999999916e-05
1003,-11.746153846153847,-3.3108999999999916e-05
1004,-11.742307692307692,-3.3108999999999916e-05
1005,-11.73846153846154,0.0
1006,-11.734615384615385,-3.3108999999999916e-05
1007,-11.730769230769232,-3.3108999999999916e-05
1008,-11.726923076923077,0.0
1009,-11.723076923076924,0.0
1010,-11.71923076923077,-3.3108999999999916e-05
1011,-11.715384615384615,-6.621799999999983e-05
1012,-11.711538461538462,0.0
1013,-11.707692307692309,-3.3108999999999916e-05
1014,-11.703846153846154,-6.621799999999983e-05
1015,-11.7,-3.3108999999999916e-05
1016,-11.696153846153846,3.3108999999999916e-05
1017,-11.692307692307693,-3.3108999999999916e-05
1018,-11.688461538461539,-3.3108999999999916e-05
1019,-11.684615384615384,0.0
1020,-11.680769230769231,0.0
1021,-11.676923076923078,-3.3108999999999916e-05
1022,-11.673076923076923,-3.3108999999999916e-05
1023,-11.669230769230769,0.0
1024,-11.665384615384616,3.3108999999999916e-05
1025,-11.661538461538463,-3.3108999999999916e-05
1026,-11.657692307692308,0.0
1027,-11.653846153846153,0.0
1028,-11.65,0.0
1029,-11.646153846153847,-3.3108999999999916e-05
1030,-11.642307692307693,0.0
1031,-11.638461538461538,0.0
1032,-11.634615384615385,-3.3108999999999916e-05
1033,-11.630769230769232,-3.3108999999999916e-05
1034,-11.626923076923077,0.0
1035,-11.623076923076923,3.3108999999999916e-05
1036,-11.61923076923077,-3.3108999999999916e-05
1037,-11.615384615384617,-6.621799999999983e-05
1038,-11.611538461538462,3.3108999999999916e-05
1039,-11.607692307692307,3.3108999999999916e-05
1040,-11.603846153846154,-6.621799999999983e-05
1041,-11.600000000000001,-6.621799999999983e-05
1042,-11.596153846153847,3.3108999999999916e-05
1043,-11.592307692307692,3.3108999999999916e-05
1044,-11.588461538461539,-3.3108999999999916e-05
1045,-11.584615384615386,-3.3108999999999916e-05
1046,-11.580769230769231,0.0
1047,-11.576923076923077,0.0
1048,-11.573076923076924,-3.3108999999999916e-05
1049,-11.56923076923077,0.0
1050,-11.565384615384616,3.3108999999999916e-05
1051,-11.561538461538461,0.0
1052,-11.557692307692308,-6.621799999999983e-05
1053,-11.553846153846155,0.0
1054,-11.55,3.3108999999999916e-05
1055,-11.546153846153846,-3.3108999999999916e-05
1056,-11.542307692307693,-3.3108999999999916e-05
1057,-11.538461538461538,0.0
1058,-11.534615384615385,0.0
1059,-11.53076923076923,-3.3108999999999916e-05
1060,-11.526923076923076,0.0
1061,-11.523076923076923,3.3108999999999916e-05
1062,-11.51923076923077,-3.3108999999999916e-05
1063,-11.515384615384615,-6.621799999999983e-05
1064,-11.51153846153846,0.0
1065,-11.507692307692308,0.0
1066,-11.503846153846155,-3.3108999999999916e-05
1067,-11.5,-3.3108999999999916e-05
1068,-11.496153846153845,3.3108999999999916e-05
1069,-11.492307692307692,-3.3108999999999916e-05
1070,-11.48846153846154,-3.3108999999999916e-05
1071,-11.484615384615385,0.0
1072,-11.48076923076923,-6.621799999999983e-05
1073,-11.476923076923077,-6.621799999999983e-05
1074,-11.473076923076924,-3.3108999999999916e-05
1075,-11.46923076923077,3.3108999999999916e-05
1076,-11.465384615384615,0.0
1077,-11.461538461538462,-3.3108999999999916e-05
1078,-11.457692307692309,3.3108999999999916e-05
1079,-11.453846153846154,0.0
1080,-11.45,-6.621799999999983e-05
1081,-11.446153846153846,-6.621799999999983e-05
1082,-11.442307692307693,3.3108999999999916e-05
1083,-11.438461538461539,0.0
1084,-11.434615384615384,-6.621799999999983e-05
1085,-11.430769230769231,3.3108999999999916e-05
1086,-11.426923076923078,3.3108999999999916e-05
1087,-11.423076923076923,0.0
1088,-11.419230769230769,-6.621799999999983e-05
1089,-11.415384615384616,-3.3108999999999916e-05
1090,-11.411538461538463,3.3108999999999916e-05
1091,-11.407692307692308,-6.621799999999983e-05
1092,-11.403846153846153,0.0
1093,-11.4,3.3108999999999916e-05
1094,-11.396153846153847,0.0
1095,-11.392307692307693,-6.621799999999983e-05
1096,-11.388461538461538,-3.3108999999999916e-05
1097,-11.384615384615385,3.3108999999999916e-05
1098,-11.380769230769232,-3.3108999999999916e-05
1099,-11.376923076923077,-6.621799999999983e-05
1100,-11.373076923076923,-3.3108999999999916e-05
1101,-11.36923076923077,3.3108999999999916e-05
1102,-11.365384615384617,0.0
1103,-11.361538461538462,-3.3108999999999916e-05
1104,-11.357692307692307,3.3108999999999916e-05
1105,-11.353846153846154,-3.3108999999999916e-05
1106,-11.350000000000001,-6.621799999999983e-05
1107,-11.346153846153847,-6.621799999999983e-05
1108,-11.342307692307692,3.3108999999999916e-05
1109,-11.338461538461539,0.0
1110,-11.334615384615386,-6.621799999999983e-05
1111,-11.330769230769231,3.3108999999999916e-05
1112,-11.326923076923077,3.3108999999999916e-05
1113,-11.323076923076924,0.0
1114,-11.31923076923077,-3.3108999999999916e-05
1115,-11.315384615384616,-3.3108999999999916e-05
1116,-11.311538461538461,3.3108999999999916e-05
1117,-11.307692307692308,-6.621799999999983e-05
1118,-11.303846153846155,0.0
1119,-11.3,0.0
1120,-11.296153846153846,0.0
1121,-11.292307692307691,-3.3108999999999916e-05
1122,-11.288461538461538,-3.3108999999999916e-05
1123,-11.284615384615385,0.0
1124,-11.28076923076923,0.0
1125,-11.276923076923076,-6.621799999999983e-05
1126,-11.273076923076923,-3.3108999999999916e-05
1127,-11.26923076923077,3.3108999999999916e-05
1128,-11.265384615384615,0.0
1129,-11.26153846153846,-6.621799999999983e-05
1130,-11.257692307692308,3.3108999999999916e-05
1131,-11.253846153846155,0.0
1132,-11.25,-3.3108999999999916e-05
1133,-11.246153846153845,-3.3108999999999916e-05
1134,-11.242307692307692,3.3108999999999916e-05
1135,-11.23846153846154,3.3108999999999916e-05
1136,-11.234615384615385,-6.621799999999983e-05
1137,-11.23076923076923,0.0
1138,-11.226923076923077,3.3108999999999916e-05
1139,-11.223076923076924,0.0
1140,-11.21923076923077,-3.3108999999999916e-05
1141,-11.215384615384615,-3.3108999999999916e-05
1142,-11.211538461538462,3.3108999999999916e-05
1143,-11.207692307692309,-6.621799999999983e-05
1144,-11.203846153846154,0.0
1145,-11.2,3.3108999999999916e-05
1146,-11.196153846153846,0.0
1147,-11.192307692307693,-6.621799999999983e-05
1148,-11.188461538461539,0.0
1149,-11.184615384615384,3.3108999999999916e-05
1150,-11.180769230769231,-3.3108999999999916e-05
1151,-11.176923076923078,-3.3108999999999916e-05
1152,-11.173076923076923,0.0
1153,-11.169230769230769,-3.3108999999999916e-05
1154,-11.165384615384616,-3.3108999999999916e-05
1155,-11.161538461538463,-3.3108999999999916e-05
1156,-11.157692307692308,3.3108999999999916e-05
1157,-11.153846153846153,-3.3108999999999916e-05
1158,-11.15,-6.621799999999983e-05
1159,-11.146153846153847,3.3108999999999916e-05
1160,-11.142307692307693,0.0
1161,-11.138461538461538,-3.3108999999999916e-05
1162,-11.134615384615385,0.0
1163,-11.130769230769232,3.3108999999999916e-05
1164,-11.126923076923077,0.0
1165,-11.123076923076923,-6.621799999999983e-05
1166,-11.11923076923077,0.0
1167,-11.115384615384617,3.3108999999999916e-05
1168,-11.111538461538462,-3.3108999999999916e-05
1169,-11.107692307692307,-3.3108999999999916e-05
1170,-11.103846153846154,3.3108999999999916e-05
1171,-11.100000000000001,3.3108999999999916e-05
1172,-11.096153846153847,-3.3108999999999916e-05
1173,-11.092307692307692,-6.621799999999983e-05
1174,-11.088461538461539,3.3108999999999916e-05
1175,-11.084615384615386,3.3108999999999916e-05
1176,-11.080769230769231,-3.3108999999999916e-05
1177,-11.076923076923077,-6.621799999999983e-05
1178,-11.073076923076924,0.0
1179,-11.06923076923077,0.0
1180,-11.065384615384616,-6.621799999999983e-05
1181,-11.061538461538461,-3.3108999999999916e-05
1182,-11.057692307692308,3.3108999999999916e-05
1183,-11.053846153846155,-3.3108999999999916e-05
1184,-11.05,-6.621799999999983e-05
1185,-11.046153846153846,-3.3108999999999916e-05
1186,-11.042307692307691,3.3108999999999916e-05
1187,-11.038461538461538,-3.3108999999999916e-05
1188,-11.034615384615385,-3.3108999999999916e-05
1189,-11.03076923076923,3.3108999999999916e-05
1190,-11.026923076923076,3.3108999999999916e-05
1191,-11.023076923076923,-3.3108999999999916e-05
1192,-11.01923076923077,-3.3108999999999916e-05
1193,-11.015384615384615,0.0
1194,-11.01153846153846,-3.3108999999999916e-05
1195,-11.007692307692308,-3.3108999999999916e-05
1196,-11.003846153846155,0.0
1197,-11.0,3.3108999999999916e-05
1198,-10.996153846153845,-3.3108999999999916e-05
1199,-10.992307692307692,-6.621799999999983e-05
1200,-10.98846153846154,0.0
1201,-10.984615384615385,3.3108999999999916e-05
1202,-10.98076923076923,-3.3108999999999916e-05
1203,-10.976923076923077,-6.621799999999983e-05
1204,-10.973076923076924,0.0
1205,-10.96923076923077,-3.3108999999999916e-05
1206,-10.965384615384615,-6.621799999999983e-05
1207,-10.961538461538462,0.0
1208,-10.957692307692309,0.0
1209,-10.953846153846154,-6.621799999999983e-05
1210,-10.95,-3.3108999999999916e-05
1211,-10.946153846153846,0.0
1212,-10.942307692307693,0.0
1213,-10.938461538461539,-6.621799999999983e-05
1214,-10.934615384615384,0.0
1215,-10.930769230769231,0.0
1216,-10.926923076923078,-3.3108999999999916e-05
1217,-10.923076923076923,-6.621799999999983e-05
1218,-10.919230769230769,0.0
1219,-10.915384615384616,0.0
1220,-10.911538461538463,-6.621799999999983e-05
1221,-10.907692307692308,0.0
1222,-10.903846153846153,3.3108999999999916e-05
1223,-10.9,-3.3108999999999916e-05
1224,-10.896153846153847,-6.621799999999983e-05
1225,-10.892307692307693,0.0
1226,-10.888461538461538,0.0
1227,-10.884615384615385,-6.621799999999983e-05
1228,-10.880769230769232,3.3108999999999916e-05
1229,-10.876923076923077,3.3108999999999916e-05
1230,-10.873076923076923,0.0
1231,-10.86923076923077,-6.621799999999983e-05
1232,-10.865384615384617,-3.3108999999999916e-05
1233,-10.861538461538462,3.3108999999999916e-05
1234,-10.857692307692307,-3.3108999999999916e-05
1235,-10.853846153846154,-6.621799999999983e-05
1236,-10.850000000000001,3.3108999999999916e-05
1237,-10.846153846153847,3.3108999999999916e-05
1238,-10.842307692307692,-3.3108999999999916e-05
1239,-10.838461538461539,-3.3108999999999916e-05
1240,-10.834615384615386,3.3108999999999916e-05
1241,-10.830769230769231,-6.621799999999983e-05
1242,-10.826923076923077,-6.621799999999983e-05
1243,-10.823076923076924,-3.3108999999999916e-05
1244,-10.81923076923077,3.3108999999999916e-05
1245,-10.815384615384616,-3.3108999999999916e-05
1246,-10.811538461538461,-6.621799999999983e-05
1247,-10.807692307692308,0.0
1248,-10.803846153846154,0.0
1249,-10.8,-3.3108999999999916e-05
1250,-10.796153846153846,-3.3108999999999916e-05
1251,-10.792307692307691,3.3108999999999916e-05
1252,-10.788461538461538,0.0
1253,-10.784615384615385,-6.621799999999983e-05
1254,-10.78076923076923,6.621799999999983e-05
1255,-10.776923076923076,3.3108999999999916e-05
1256,-10.773076923076923,-3.3108999999999916e-05
1257,-10.76923076923077,-6.621799999999983e-05
1258,-10.765384615384615,0.0
1259,-10.76153846153846,3.3108999999999916e-05
1260,-10.757692307692308,-3.3108999999999916e-05
1261,-10.753846153846155,-3.3108999999999916e-05
1262,-10.75,0.0
1263,-10.746153846153845,3.3108999999999916e-05
1264,-10.742307692307692,-3.3108999999999916e-05
1265,-10.73846153846154,-6.621799999999983e-05
1266,-10.734615384615385,3.3108999999999916e-05
1267,-10.73076923076923,-3.3108999999999916e-05
1268,-10.726923076923077,-3.3108999999999916e-05
1269,-10.723076923076924,0.0
1270,-10.71923076923077,3.3108999999999916e-05
1271,-10.715384615384615,0.0
1272,-10.711538461538462,-6.621799999999983e-05
1273,-10.707692307692309,0.0
1274,-10.703846153846154,-3.3108999999999916e-05
1275,-10.7,-6.621799999999983e-05
1276,-10.696153846153846,-6.621799999999983e-05
1277,-10.692307692307693,0.0
1278,-10.688461538461539,0.0
1279,-10.684615384615384,-6.621799999999983e-05
1280,-10.680769230769231,3.3108999999999916e-05
1281,-10.676923076923078,3.3108999999999916e-05
1282,-10.673076923076923,0.0
1283,-10.669230769230769,-6.621799999999983e-05
1284,-10.665384615384616,0.0
1285,-10.661538461538463,3.3108999999999916e-05
1286,-10.657692307692308,-3.3108999999999916e-05
1287,-10.653846153846153,0.0
1288,-10.65,3.3108999999999916e-05
1289,-10.646153846153847,0.0
1290,-10.642307692307693,0.0
1291,-10.638461538461538,0.0
1292,-10.634615384615385,3.3108999999999916e-05
1293,-10.630769230769232,-6.621799999999983e-05
1294,-10.626923076923077,0.0
1295,-10.623076923076923,0.0
1296,-10.61923076923077,-3.3108999999999916e-05
1297,-10.615384615384617,-6.621799999999983e-05
1298,-10.611538461538462,3.3108999999999916e-05
1299,-10.607692307692307,0.0
1300,-10.603846153846154,-6.621799999999983e-05
1301,-10.600000000000001,-3.3108999999999916e-05
1302,-10.596153846153847,3.3108999999999916e-05
1303,-10.592307692307692,-3.3108999999999916e-05
1304,-10.588461538461539,-6.621799999999983e-05
1305,-10.584615384615386,0.0
1306,-10.580769230769231,-3.3108999999999916e-05
1307,-10.576923076923077,-3.3108999999999916e-05
1308,-10.573076923076924,-3.3108999999999916e-05
1309,-10.56923076923077,0.0
1310,-10.565384615384616,0.0
1311,-10.561538461538461,-6.621799999999983e-05
1312,-10.557692307692308,3.3108999999999916e-05
1313,-10.553846153846154,3.3108999999999916e-05
1314,-10.55,0.0
1315,-10.546153846153846,-6.621799999999983e-05
1316,-10.542307692307691,-3.3108999999999916e-05
1317,-10.538461538461538,3.3108999999999916e-05
1318,-10.534615384615385,0.0
1319,-10.53076923076923,0.0
1320,-10.526923076923076,0.0
1321,-10.523076923076923,3.3108999999999916e-05
1322,-10.51923076923077,-3.3108999999999916e-05
1323,-10.515384615384615,-6.621799999999983e-05
1324,-10.51153846153846,0.0
1325,-10.507692307692308,0.0
1326,-10.503846153846155,-6.621799999999983e-05
1327,-10.5,-6.621799999999983e-05
1328,-10.496153846153845,3.3108999999999916e-05
1329,-10.492307692307692,3.3108999999999916e-05
1330,-10.48846153846154,-6.621799999999983e-05
1331,-10.484615384615385,-3.3108999999999916e-05
1332,-10.48076923076923,3.3108999999999916e-05
1333,-10.476923076923077,0.0
1334,-10.473076923076924,-3.3108999999999916e-05
1335,-10.46923076923077,-3.3108999999999916e-05
1336,-10.465384615384615,3.3108999999999916e-05
1337,-10.461538461538462,0.0
1338,-10.457692307692309,-3.3108999999999916e-05
1339,-10.453846153846154,-3.3108999999999916e-05
1340,-10.45,3.3108999999999916e-05
1341,-10.446153846153846,-3.3108999999999916e-05
1342,-10.442307692307693,-3.3108999999999916e-05
1343,-10.438461538461539,3.3108999999999916e-05
1344,-10.434615384615384,0.0
1345,-10.430769230769231,-3.3108999999999916e-05
1346,-10.426923076923078,0.0
1347,-10.423076923076923,3.3108999999999916e-05
1348,-10.419230769230769,-3.3108999999999916e-05
1349,-10.415384615384616,-6.621799999999983e-05
1350,-10.411538461538463,0.0
1351,-10.407692307692308,0.0
1352,-10.403846153846153,-6.621799999999983e-05
1353,-10.4,-3.3108999999999916e-05
1354,-10.396153846153847,3.3108999999999916e-05
1355,-10.392307692307693,-3.3108999999999916e-05
1356,-10.388461538461538,-6.621799999999983e-05
1357,-10.384615384615385,0.0
1358,-10.380769230769232,0.0
1359,-10.376923076923077,0.0
1360,-10.373076923076923,-6.621799999999983e-05
1361,-10.36923076923077,0.0
1362,-10.365384615384617,0.0
1363,-10.361538461538462,-6.621799999999983e-05
1364,-10.357692307692307,3.3108999999999916e-05
1365,-10.353846153846154,0.0
1366,-10.350000000000001,-3.3108999999999916e-05
1367,-10.346153846153847,-6.621799999999983e-05
1368,-10.342307692307692,3.3108999999999916e-05
1369,-10.338461538461539,3.3108999999999916e-05
1370,-10.334615384615386,-3.3108999999999916e-05
1371,-10.330769230769231,0.0
1372,-10.326923076923077,3.3108999999999916e-05
1373,-10.323076923076924,0.0
1374,-10.31923076923077,-6.621799999999983e-05
1375,-10.315384615384616,-3.3108999999999916e-05
1376,-10.311538461538461,3.3108999999999916e-05
1377,-10.307692307692307,-6.621799999999983e-05
1378,-10.303846153846154,-3.3108999999999916e-05
1379,-10.3,0.0
1380,-10.296153846153846,3.3108999999999916e-05
1381,-10.292307692307691,-3.3108999999999916e-05
1382,-10.288461538461538,-3.3108999999999916e-05
1383,-10.284615384615385,3.3108999999999916e-05
1384,-10.28076923076923,-3.3108999999999916e-05
1385,-10.276923076923076,-6.621799999999983e-05
1386,-10.273076923076923,0.0
1387,-10.26923076923077,0.0
1388,-10.265384615384615,-3.3108999999999916e-05
1389,-10.26153846153846,-6.621799999999983e-05
1390,-10.257692307692308,3.3108999999999916e-05
1391,-10.253846153846155,0.0
1392,-10.25,-3.3108999999999916e-05
1393,-10.246153846153845,-6.621799999999983e-05
1394,-10.242307692307692,3.3108999999999916e-05
1395,-10.23846153846154,3.3108999999999916e-05
1396,-10.234615384615385,-3.3108999999999916e-05
1397,-10.23076923076923,0.0
1398,-10.226923076923077,0.0
1399,-10.223076923076924,0.0
1400,-10.21923076923077,-3.3108999999999916e-05
1401,-10.215384615384615,0.0
1402,-10.211538461538462,3.3108999999999916e-05
1403,-10.207692307692309,0.0
1404,-10.203846153846154,-6.621799999999983e-05
1405,-10.2,-3.3108999999999916e-05
1406,-10.196153846153846,3.3108999999999916e-05
1407,-10.192307692307693,-6.621799999999983e-05
1408,-10.188461538461539,-3.3108999999999916e-05
1409,-10.184615384615384,0.0
1410,-10.180769230769231,-3.3108999999999916e-05
1411,-10.176923076923078,-6.621799999999983e-05
1412,-10.173076923076923,-3.3108999999999916e-05
1413,-10.169230769230769,3.3108999999999916e-05
1414,-10.165384615384616,0.0
1415,-10.161538461538463,-6.621799999999983e-05
1416,-10.157692307692308,3.3108999999999916e-05
1417,-10.153846153846153,0.0
1418,-10.15,-3.3108999999999916e-05
1419,-10.146153846153847,-6.621799999999983e-05
1420,-10.142307692307693,3.3108999999999916e-05
1421,-10.138461538461538,3.3108999999999916e-05
1422,-10.134615384615385,-3.3108999999999916e-05
1423,-10.130769230769232,0.0
1424,-10.126923076923077,0.0
1425,-10.123076923076923,0.0
1426,-10.11923076923077,-6.621799999999983e-05
1427,-10.115384615384617,-3.3108999999999916e-05
1428,-10.111538461538462,3.3108999999999916e-05
1429,-10.107692307692307,-3.3108999999999916e-05
1430,-10.103846153846154,-6.621799999999983e-05
1431,-10.100000000000001,0.0
1432,-10.096153846153847,0.0
1433,-10.092307692307692,-6.621799999999983e-05
1434,-10.088461538461539,-3.3108999999999916e-05
1435,-10.084615384615386,0.0
1436,-10.080769230769231,-3.3108999999999916e-05
1437,-10.076923076923077,-6.621799999999983e-05
1438,-10.073076923076924,0.0
1439,-10.06923076923077,3.3108999999999916e-05
1440,-10.065384615384616,-3.3108999999999916e-05
1441,-10.061538461538461,-6.621799999999983e-05
1442,-10.057692307692307,0.0
1443,-10.053846153846154,-3.3108999999999916e-05
1444,-10.05,-6.621799999999983e-05
1445,-10.046153846153846,-3.3108999999999916e-05
1446,-10.042307692307691,0.0
1447,-10.038461538461538,-3.3108999999999916e-05
1448,-10.034615384615385,-3.3108999999999916e-05
1449,-10.03076923076923,3.3108999999999916e-05
1450,-10.026923076923076,0.0
1451,-10.023076923076923,-6.621799999999983e-05
1452,-10.01923076923077,-3.3108999999999916e-05
1453,-10.015384615384615,0.0
1454,-10.01153846153846,0.0
1455,-10.007692307692308,-3.3108999999999916e-05
1456,-10.003846153846155,0.0
1457,-10.0,0.0
1458,-9.996153846153845,-3.3108999999999916e-05
1459,-9.992307692307692,-3.3108999999999916e-05
1460,-9.98846153846154,0.0
1461,-9.984615384615385,0.0
1462,-9.98076923076923,-3.3108999999999916e-05
1463,-9.976923076923077,-3.3108999999999916e-05
1464,-9.973076923076924,3.3108999999999916e-05
1465,-9.96923076923077,3.3108999999999916e-05
1466,-9.965384615384615,-3.3108999999999916e-05
1467,-9.961538461538462,-6.621799999999983e-05
1468,-9.957692307692309,3.3108999999999916e-05
1469,-9.953846153846154,0.0
1470,-9.95,-6.621799999999983e-05
1471,-9.946153846153846,-6.621799999999983e-05
1472,-9.942307692307693,3.3108999999999916e-05
1473,-9.938461538461539,0.0
1474,-9.934615384615384,-6.621799999999983e-05
1475,-9.930769230769231,3.3108999999999916e-05
1476,-9.926923076923078,3.3108999999999916e-05
1477,-9.923076923076923,-3.3108999999999916e-05
1478,-9.919230769230769,-3.3108999999999916e-05
1479,-9.915384615384616,0.0
1480,-9.911538461538463,3.3108999999999916e-05
1481,-9.907692307692308,-6.621799999999983e-05
1482,-9.903846153846153,0.0
1483,-9.9,0.0
1484,-9.896153846153847,0.0
1485,-9.892307692307693,-6.621799999999983e-05
1486,-9.888461538461538,-3.3108999999999916e-05
1487,-9.884615384615385,3.3108999999999916e-05
1488,-9.880769230769232,-6.621799999999983e-05
1489,-9.876923076923077,-6.621799999999983e-05
1490,-9.873076923076923,3.3108999999999916e-05
1491,-9.86923076923077,0.0
1492,-9.865384615384617,-3.3108999999999916e-05
1493,-9.861538461538462,-3.3108999999999916e-05
1494,-9.857692307692307,3.3108999999999916e-05
1495,-9.853846153846154,-3.3108999999999916e-05
1496,-9.850000000000001,-6.621799999999983e-05
1497,-9.846153846153847,-3.3108999999999916e-05
1498,-9.842307692307692,0.0
1499,-9.838461538461539,-3.3108999999999916e-05
1500,-9.834615384615386,-3.3108999999999916e-05
1501,-9.830769230769231,3.3108999999999916e-05
1502,-9.826923076923077,0.0
1503,-9.823076923076924,-6.621799999999983e-05
1504,-9.819230769230769,0.0
1505,-9.815384615384616,3.3108999999999916e-05
1506,-9.811538461538461,-3.3108999999999916e-05
1507,-9.807692307692307,-3.3108999999999916e-05
1508,-9.803846153846154,3.3108999999999916e-05
1509,-9.8,0.0
1510,-9.796153846153846,-3.3108999999999916e-05
1511,-9.792307692307691,0.0
1512,-9.788461538461538,3.3108999999999916e-05
1513,-9.784615384615385,-3.3108999999999916e-05
1514,-9.78076923076923,3.3108999999999916e-05
1515,-9.776923076923076,0.0
1516,-9.773076923076923,3.3108999999999916e-05
1517,-9.76923076923077,-3.3108999999999916e-05
1518,-9.765384615384615,-3.3108999999999916e-05
1519,-9.76153846153846,0.0
1520,-9.757692307692308,-6.621799999999983e-05
1521,-9.753846153846155,-6.621799999999983e-05
1522,-9.75,0.0
1523,-9.746153846153845,3.3108999999999916e-05
1524,-9.742307692307692,-3.3108999999999916e-05
1525,-9.73846153846154,-6.621799999999983e-05
1526,-9.734615384615385,0.0
1527,-9.73076923076923,-3.3108999999999916e-05
1528,-9.726923076923077,-6.621799999999983e-05
1529,-9.723076923076924,-6.621799999999983e-05
1530,-9.71923076923077,0.0
1531,-9.715384615384615,0.0
1532,-9.711538461538462,-3.3108999999999916e-05
1533,-9.707692307692309,0.0
1534,-9.703846153846154,3.3108999999999916e-05
1535,-9.7,0.0
1536,-9.696153846153846,-6.621799999999983e-05
1537,-9.692307692307693,0.0
1538,-9.688461538461539,3.3108999999999916e-05
1539,-9.684615384615384,0.0
1540,-9.680769230769231,-3.3108999999999916e-05
1541,-9.676923076923078,-3.3108999999999916e-05
1542,-9.673076923076923,3.3108999999999916e-05
1543,-9.669230769230769,-3.3108999999999916e-05
1544,-9.665384615384616,-6.621799999999983e-05
1545,-9.661538461538463,0.0
1546,-9.657692307692308,3.3108999999999916e-05
1547,-9.653846153846153,-3.3108999999999916e-05
1548,-9.65,-3.3108999999999916e-05
1549,-9.646153846153847,3.3108999999999916e-05
1550,-9.642307692307693,-3.3108999999999916e-05
1551,-9.638461538461538,-6.621799999999983e-05
1552,-9.634615384615385,0.0
1553,-9.630769230769232,3.3108999999999916e-05
1554,-9.626923076923077,-3.3108999999999916e-05
1555,-9.623076923076923,-6.621799999999983e-05
1556,-9.61923076923077,3.3108999999999916e-05
1557,-9.615384615384617,3.3108999999999916e-05
1558,-9.611538461538462,0.0
1559,-9.607692307692307,0.0
1560,-9.603846153846154,3.3108999999999916e-05
1561,-9.600000000000001,3.3108999999999916e-05
1562,-9.596153846153847,-6.621799999999983e-05
1563,-9.592307692307692,-3.3108999999999916e-05
1564,-9.588461538461539,3.3108999999999916e-05
1565,-9.584615384615386,-3.3108999999999916e-05
1566,-9.580769230769231,0.0
1567,-9.576923076923077,0.0
1568,-9.573076923076924,3.3108999999999916e-05
1569,-9.569230769230769,-3.3108999999999916e-05
1570,-9.565384615384616,-3.3108999999999916e-05
1571,-9.561538461538461,0.0
1572,-9.557692307692307,0.0
1573,-9.553846153846154,-6.621799999999983e-05
1574,-9.55,-3.3108999999999916e-05
1575,-9.546153846153846,0.0
1576,-9.542307692307691,0.0
1577,-9.538461538461538,-6.621799999999983e-05
1578,-9.534615384615385,0.0
1579,-9.53076923076923,0.0
1580,-9.526923076923076,0.0
1581,-9.523076923076923,-6.621799999999983e-05
1582,-9.51923076923077,3.3108999999999916e-05
1583,-9.515384615384615,0.0
1584,-9.51153846153846,-3.3108999999999916e-05
1585,-9.507692307692308,3.3108999999999916e-05
1586,-9.503846153846155,0.0
1587,-9.5,-3.3108999999999916e-05
1588,-9.496153846153845,-6.621799999999983e-05
1589,-9.492307692307692,0.0
1590,-9.48846153846154,0.0
1591,-9.484615384615385,-3.3108999999999916e-05
1592,-9.48076923076923,3.3108999999999916e-05
1593,-9.476923076923077,0.0
1594,-9.473076923076924,0.0
1595,-9.46923076923077,-6.621799999999983e-05
1596,-9.465384615384615,0.0
1597,-9.461538461538462,0.0
1598,-9.457692307692309,-6.621799999999983e-05
1599,-9.453846153846154,-6.621799999999983e-05
1600,-9.45,0.0
1601,-9.446153846153846,0.0
1602,-9.442307692307693,-6.621799999999983e-05
1603,-9.438461538461539,-6.621799999999983e-05
1604,-9.434615384615384,3.3108999999999916e-05
1605,-9.430769230769231,-3.3108999999999916e-05
1606,-9.426923076923078,-6.621799999999983e-05
1607,-9.423076923076923,-3.3108999999999916e-05
1608,-9.419230769230769,3.3108999999999916e-05
1609,-9.415384615384616,0.0
1610,-9.411538461538463,-6.621799999999983e-05
1611,-9.407692307692308,0.0
1612,-9.403846153846153,3.3108999999999916e-05
1613,-9.4,0.0
1614,-9.396153846153847,-6.621799999999983e-05
1615,-9.392307692307693,0.0
1616,-9.388461538461538,3.3108999999999916e-05
1617,-9.384615384615385,-3.3108999999999916e-05
1618,-9.380769230769232,0.0
1619,-9.376923076923077,-3.3108999999999916e-05
1620,-9.373076923076923,3.3108999999999916e-05
1621,-9.36923076923077,-3.3108999999999916e-05
1622,-9.365384615384617,-3.3108999999999916e-05
1623,-9.361538461538462,0.0
1624,-9.357692307692307,-3.3108999999999916e-05
1625,-9.353846153846154,-6.621799999999983e-05
1626,-9.350000000000001,0.0
1627,-9.346153846153847,3.3108999999999916e-05
1628,-9.342307692307692,-3.3108999999999916e-05
1629,-9.338461538461539,-6.621799999999983e-05
1630,-9.334615384615386,3.3108999999999916e-05
1631,-9.330769230769231,0.0
1632,-9.326923076923077,-3.3108999999999916e-05
1633,-9.323076923076922,-6.621799999999983e-05
1634,-9.319230769230769,3.3108999999999916e-05
1635,-9.315384615384616,0.0
1636,-9.311538461538461,-3.3108999999999916e-05
1637,-9.307692307692307,0.0
1638,-9.303846153846154,3.3108999999999916e-05
1639,-9.3,0.0
1640,-9.296153846153846,-6.621799999999983e-05
1641,-9.292307692307691,3.3108999999999916e-05
1642,-9.288461538461538,0.0
1643,-9.284615384615385,-3.3108999999999916e-05
1644,-9.28076923076923,0.0
1645,-9.276923076923076,0.0
1646,-9.273076923076923,0.0
1647,-9.26923076923077,-6.621799999999983e-05
1648,-9.265384615384615,0.0
1649,-9.26153846153846,3.3108999999999916e-05
1650,-9.257692307692308,-6.621799999999983e-05
1651,-9.253846153846155,-3.3108999999999916e-05
1652,-9.25,3.3108999999999916e-05
1653,-9.246153846153845,0.0
1654,-9.242307692307692,-3.3108999999999916e-05
1655,-9.23846153846154,-3.3108999999999916e-05
1656,-9.234615384615385,3.3108999999999916e-05
1657,-9.23076923076923,-3.3108999999999916e-05
1658,-9.226923076923077,-3.3108999999999916e-05
1659,-9.223076923076924,3.3108999999999916e-05
1660,-9.21923076923077,0.0
1661,-9.215384615384615,-6.621799999999983e-05
1662,-9.211538461538462,0.0
1663,-9.207692307692309,0.0
1664,-9.203846153846154,-6.621799999999983e-05
1665,-9.2,-6.621799999999983e-05
1666,-9.196153846153846,0.0
1667,-9.192307692307693,0.0
1668,-9.188461538461539,-6.621799999999983e-05
1669,-9.184615384615384,-3.3108999999999916e-05
1670,-9.180769230769231,0.0
1671,-9.176923076923078,-3.3108999999999916e-05
1672,-9.173076923076923,-6.621799999999983e-05
1673,-9.169230769230769,0.0
1674,-9.165384615384616,3.3108999999999916e-05
1675,-9.161538461538463,-3.3108999999999916e-05
1676,-9.157692307692308,0.0
1677,-9.153846153846153,3.3108999999999916e-05
1678,-9.15,-3.3108999999999916e-05
1679,-9.146153846153847,-6.621799999999983e-05
1680,-9.142307692307693,0.0
1681,-9.138461538461538,3.3108999999999916e-05
1682,-9.134615384615385,-3.3108999999999916e-05
1683,-9.130769230769232,-3.3108999999999916e-05
1684,-9.126923076923077,0.0
1685,-9.123076923076923,3.3108999999999916e-05
1686,-9.11923076923077,-3.3108999999999916e-05
1687,-9.115384615384617,-6.621799999999983e-05
1688,-9.111538461538462,0.0
1689,-9.107692307692307,0.0
1690,-9.103846153846154,-6.621799999999983e-05
1691,-9.100000000000001,-3.3108999999999916e-05
1692,-9.096153846153847,0.0
1693,-9.092307692307692,-3.3108999999999916e-05
1694,-9.088461538461539,-3.3108999999999916e-05
1695,-9.084615384615386,-3.3108999999999916e-05
1696,-9.080769230769231,0.0
1697,-9.076923076923077,-3.3108999999999916e-05
1698,-9.073076923076922,-6.621799999999983e-05
1699,-9.069230769230769,-3.3108999999999916e-05
1700,-9.065384615384616,0.0
1701,-9.061538461538461,-6.621799999999983e-05
1702,-9.057692307692307,0.0
1703,-9.053846153846154,0.0
1704,-9.05,0.0
1705,-9.046153846153846,-6.621799999999983e-05
1706,-9.042307692307691,0.0
1707,-9.038461538461538,0.0
1708,-9.034615384615385,0.0
1709,-9.03076923076923,-3.3108999999999916e-05
1710,-9.026923076923076,0.0
1711,-9.023076923076923,3.3108999999999916e-05
1712,-9.01923076923077,-3.3108999999999916e-05
1713,-9.015384615384615,-6.621799999999983e-05
1714,-9.01153846153846,3.3108999999999916e-05
1715,-9.007692307692308,0.0
1716,-9.003846153846155,-3.3108999999999916e-05
1717,-9.0,-6.621799999999983e-05
1718,-8.996153846153845,0.0
1719,-8.992307692307692,-3.3108999999999916e-05
1720,-8.98846153846154,-6.621799999999983e-05
1721,-8.984615384615385,0.0
1722,-8.98076923076923,-3.3108999999999916e-05
1723,-8.976923076923077,-3.3108999999999916e-05
1724,-8.973076923076924,-6.621799999999983e-05
1725,-8.96923076923077,0.0
1726,-8.965384615384615,0.0
1727,-8.961538461538462,-3.3108999999999916e-05
1728,-8.957692307692309,3.3108999999999916e-05
1729,-8.953846153846154,3.3108999999999916e-05
1730,-8.95,-3.3108999999999916e-05
1731,-8.946153846153846,-3.3108999999999916e-05
1732,-8.942307692307693,0.0
1733,-8.938461538461539,3.3108999999999916e-05
1734,-8.934615384615384,-3.3108999999999916e-05
1735,-8.930769230769231,0.0
1736,-8.926923076923078,0.0
1737,-8.923076923076923,3.3108999999999916e-05
1738,-8.919230769230769,-6.621799999999983e-05
1739,-8.915384615384616,-6.621799999999983e-05
1740,-8.911538461538463,0.0
1741,-8.907692307692308,-3.3108999999999916e-05
1742,-8.903846153846153,-6.621799999999983e-05
1743,-8.9,0.0
1744,-8.896153846153847,3.3108999999999916e-05
1745,-8.892307692307693,-3.3108999999999916e-05
1746,-8.888461538461538,-9.932699999999975e-05
1747,-8.884615384615385,0.0
1748,-8.880769230769232,0.0
1749,-8.876923076923077,-3.3108999999999916e-05
1750,-8.873076923076923,-6.621799999999983e-05
1751,-8.86923076923077,0.0
1752,-8.865384615384617,0.0
1753,-8.861538461538462,-3.3108999999999916e-05
1754,-8.857692307692307,0.0
1755,-8.853846153846154,0.0
1756,-8.850000000000001,0.0
1757,-8.846153846153847,-6.621799999999983e-05
1758,-8.842307692307692,0.0
1759,-8.838461538461539,3.3108999999999916e-05
1760,-8.834615384615384,-3.3108999999999916e-05
1761,-8.830769230769231,-3.3108999999999916e-05
1762,-8.826923076923077,-3.3108999999999916e-05
1763,-8.823076923076922,3.3108999999999916e-05
1764,-8.819230769230769,-3.3108999999999916e-05
1765,-8.815384615384616,-6.621799999999983e-05
1766,-8.811538461538461,0.0
1767,-8.807692307692307,0.0
1768,-8.803846153846154,-3.3108999999999916e-05
1769,-8.8,-3.3108999999999916e-05
1770,-8.796153846153846,3.3108999999999916e-05
1771,-8.792307692307691,0.0
1772,-8.788461538461538,-3.3108999999999916e-05
1773,-8.784615384615385,-3.3108999999999916e-05
1774,-8.78076923076923,3.3108999999999916e-05
1775,-8.776923076923076,0.0
1776,-8.773076923076923,-6.621799999999983e-05
1777,-8.76923076923077,0.0
1778,-8.765384615384615,3.3108999999999916e-05
1779,-8.76153846153846,-3.3108999999999916e-05
1780,-8.757692307692308,0.0
1781,-8.753846153846155,-3.3108999999999916e-05
1782,-8.75,3.3108999999999916e-05
1783,-8.746153846153845,-3.3108999999999916e-05
1784,-8.742307692307692,0.0
1785,-8.73846153846154,0.0
1786,-8.734615384615385,-3.3108999999999916e-05
1787,-8.73076923076923,-3.3108999999999916e-05
1788,-8.726923076923077,0.0
1789,-8.723076923076924,0.0
1790,-8.71923076923077,-3.3108999999999916e-05
1791,-8.715384615384615,-3.3108999999999916e-05
1792,-8.711538461538462,3.3108999999999916e-05
1793,-8.707692307692309,-3.3108999999999916e-05
1794,-8.703846153846154,-6.621799999999983e-05
1795,-8.7,-3.3108999999999916e-05
1796,-8.696153846153846,3.3108999999999916e-05
1797,-8.692307692307693,-3.3108999999999916e-05
1798,-8.688461538461539,-3.3108999999999916e-05
1799,-8.684615384615384,0.0
1800,-8.680769230769231,-3.3108999999999916e-05
1801,-8.676923076923078,-3.3108999999999916e-05
1802,-8.673076923076923,-3.3108999999999916e-05
1803,-8.669230769230769,3.3108999999999916e-05
1804,-8.665384615384616,0.0
1805,-8.661538461538463,-6.621799999999983e-05
1806,-8.657692307692308,6.621799999999983e-05
1807,-8.653846153846153,0.0
1808,-8.65,-6.621799999999983e-05
1809,-8.646153846153847,-3.3108999999999916e-05
1810,-8.642307692307693,3.3108999999999916e-05
1811,-8.638461538461538,0.0
1812,-8.634615384615385,-3.3108999999999916e-05
1813,-8.630769230769232,3.3108999999999916e-05
1814,-8.626923076923077,0.0
1815,-8.623076923076923,-3.3108999999999916e-05
1816,-8.61923076923077,-3.3108999999999916e-05
1817,-8.615384615384617,0.0
1818,-8.611538461538462,0.0
1819,-8.607692307692307,-6.621799999999983e-05
1820,-8.603846153846154,-3.3108999999999916e-05
1821,-8.600000000000001,3.3108999999999916e-05
1822,-8.596153846153847,0.0
1823,-8.592307692307692,-3.3108999999999916e-05
1824,-8.588461538461539,0.0
1825,-8.584615384615384,0.0
1826,-8.580769230769231,-3.3108999999999916e-05
1827,-8.576923076923077,-6.621799999999983e-05
1828,-8.573076923076922,0.0
1829,-8.569230769230769,0.0
1830,-8.565384615384616,-3.3108999999999916e-05
1831,-8.561538461538461,-3.3108999999999916e-05
1832,-8.557692307692307,3.3108999999999916e-05
1833,-8.553846153846154,0.0
1834,-8.55,-6.621799999999983e-05
1835,-8.546153846153846,-3.3108999999999916e-05
1836,-8.542307692307691,3.3108999999999916e-05
1837,-8.538461538461538,0.0
1838,-8.534615384615385,-3.3108999999999916e-05
1839,-8.53076923076923,3.3108999999999916e-05
1840,-8.526923076923076,3.3108999999999916e-05
1841,-8.523076923076923,-3.3108999999999916e-05
1842,-8.51923076923077,-3.3108999999999916e-05
1843,-8.515384615384615,0.0
1844,-8.51153846153846,0.0
1845,-8.507692307692308,-3.3108999999999916e-05
1846,-8.503846153846155,-3.3108999999999916e-05
1847,-8.5,3.3108999999999916e-05
1848,-8.496153846153845,0.0
1849,-8.492307692307692,-3.3108999999999916e-05
1850,-8.48846153846154,-3.3108999999999916e-05
1851,-8.484615384615385,3.3108999999999916e-05
1852,-8.48076923076923,-3.3108999999999916e-05
1853,-8.476923076923077,-6.621799999999983e-05
1854,-8.473076923076924,0.0
1855,-8.46923076923077,3.3108999999999916e-05
1856,-8.465384615384615,-3.3108999999999916e-05
1857,-8.461538461538462,-3.3108999999999916e-05
1858,-8.457692307692309,3.3108999999999916e-05
1859,-8.453846153846154,-3.3108999999999916e-05
1860,-8.45,-3.3108999999999916e-05
1861,-8.446153846153846,-3.3108999999999916e-05
1862,-8.442307692307693,3.3108999999999916e-05
1863,-8.438461538461539,-3.3108999999999916e-05
1864,-8.434615384615384,-3.3108999999999916e-05
1865,-8.430769230769231,3.3108999999999916e-05
1866,-8.426923076923078,-3.3108999999999916e-05
1867,-8.423076923076923,-6.621799999999983e-05
1868,-8.419230769230769,-3.3108999999999916e-05
1869,-8.415384615384616,3.3108999999999916e-05
1870,-8.411538461538463,-3.3108999999999916e-05
1871,-8.407692307692308,-3.3108999999999916e-05
1872,-8.403846153846153,3.3108999999999916e-05
1873,-8.4,0.0
1874,-8.396153846153847,-3.3108999999999916e-05
1875,-8.392307692307693,-3.3108999999999916e-05
1876,-8.388461538461538,3.3108999999999916e-05
1877,-8.384615384615385,-3.3108999999999916e-05
1878,-8.380769230769232,3.3108999999999916e-05
1879,-8.376923076923077,3.3108999999999916e-05
1880,-8.373076923076923,3.3108999999999916e-05
1881,-8.36923076923077,-3.3108999999999916e-05
1882,-8.365384615384617,-3.3108999999999916e-05
1883,-8.361538461538462,3.3108999999999916e-05
1884,-8.357692307692307,-3.3108999999999916e-05
1885,-8.353846153846154,-3.3108999999999916e-05
1886,-8.350000000000001,3.3108999999999916e-05
1887,-8.346153846153847,0.0
1888,-8.342307692307692,-3.3108999999999916e-05
1889,-8.338461538461537,-3.3108999999999916e-05
1890,-8.334615384615384,3.3108999999999916e-05
1891,-8.330769230769231,-3.3108999999999916e-05
1892,-8.326923076923077,-6.621799999999983e-05
1893,-8.323076923076922,-6.621799999999983e-05
1894,-8.319230769230769,3.3108999999999916e-05
1895,-8.315384615384616,0.0
1896,-8.311538461538461,-3.3108999999999916e-05
1897,-8.307692307692307,0.0
1898,-8.303846153846154,0.0
1899,-8.3,-3.3108999999999916e-05
1900,-8.296153846153846,-3.3108999999999916e-05
1901,-8.292307692307691,0.0
1902,-8.288461538461538,0.0
1903,-8.284615384615385,-3.3108999999999916e-05
1904,-8.28076923076923,0.0
1905,-8.276923076923076,0.0
1906,-8.273076923076923,3.3108999999999916e-05
1907,-8.26923076923077,-6.621799999999983e-05
1908,-8.265384615384615,-6.621799999999983e-05
1909,-8.26153846153846,0.0
1910,-8.257692307692308,-3.3108999999999916e-05
1911,-8.253846153846155,-6.621799999999983e-05
1912,-8.25,-3.3108999999999916e-05
1913,-8.246153846153845,3.3108999999999916e-05
1914,-8.242307692307692,-3.3108999999999916e-05
1915,-8.23846153846154,-6.621799999999983e-05
1916,-8.234615384615385,3.3108999999999916e-05
1917,-8.23076923076923,0.0
1918,-8.226923076923077,-3.3108999999999916e-05
1919,-8.223076923076924,-6.621799999999983e-05
1920,-8.21923076923077,0.0
1921,-8.215384615384615,3.3108999999999916e-05
1922,-8.211538461538462,-3.3108999999999916e-05
1923,-8.207692307692309,0.0
1924,-8.203846153846154,3.3108999999999916e-05
1925,-8.2,3.3108999999999916e-05
1926,-8.196153846153846,-3.3108999999999916e-05
1927,-8.192307692307693,0.0
1928,-8.188461538461539,3.3108999999999916e-05
1929,-8.184615384615384,-3.3108999999999916e-05
1930,-8.180769230769231,3.3108999999999916e-05
1931,-8.176923076923078,0.0
1932,-8.173076923076923,3.3108999999999916e-05
1933,-8.169230769230769,-6.621799999999983e-05
1934,-8.165384615384616,-3.3108999999999916e-05
1935,-8.161538461538463,0.0
1936,-8.157692307692308,-3.3108999999999916e-05
1937,-8.153846153846153,-3.3108999999999916e-05
1938,-8.15,0.0
1939,-8.146153846153847,0.0
1940,-8.142307692307693,-3.3108999999999916e-05
1941,-8.138461538461538,-6.621799999999983e-05
1942,-8.134615384615385,3.3108999999999916e-05
1943,-8.130769230769232,-3.3108999999999916e-05
1944,-8.126923076923077,-6.621799999999983e-05
1945,-8.123076923076923,-3.3108999999999916e-05
1946,-8.11923076923077,0.0
1947,-8.115384615384617,-3.3108999999999916e-05
1948,-8.111538461538462,-3.3108999999999916e-05
1949,-8.107692307692307,3.3108999999999916e-05
1950,-8.103846153846154,-3.3108999999999916e-05
1951,-8.100000000000001,-6.621799999999983e-05
1952,-8.096153846153847,-6.621799999999983e-05
1953,-8.092307692307692,3.3108999999999916e-05
1954,-8.088461538461537,0.0
1955,-8.084615384615384,-6.621799999999983e-05
1956,-8.080769230769231,0.0
1957,-8.076923076923077,0.0
1958,-8.073076923076922,-6.621799999999983e-05
1959,-8.069230769230769,-3.3108999999999916e-05
1960,-8.065384615384616,0.0
1961,-8.061538461538461,0.0
1962,-8.057692307692307,-3.3108999999999916e-05
1963,-8.053846153846154,-3.3108999999999916e-05
1964,-8.05,0.0
1965,-8.046153846153846,0.0
1966,-8.042307692307691,-3.3108999999999916e-05
1967,-8.038461538461538,-3.3108999999999916e-05
1968,-8.034615384615385,3.3108999999999916e-05
1969,-8.03076923076923,-3.3108999999999916e-05
1970,-8.026923076923076,-3.3108999999999916e-05
1971,-8.023076923076923,-3.3108999999999916e-05
1972,-8.01923076923077,0.0
1973,-8.015384615384615,-6.621799999999983e-05
1974,-8.01153846153846,-3.3108999999999916e-05
1975,-8.007692307692308,3.3108999999999916e-05
1976,-8.003846153846155,-3.3108999999999916e-05
1977,-8.0,-6.621799999999983e-05
1978,-7.996153846153846,0.0
1979,-7.992307692307692,3.3108999999999916e-05
1980,-7.9884615384615385,0.0
1981,-7.984615384615385,-3.3108999999999916e-05
1982,-7.980769230769231,3.3108999999999916e-05
1983,-7.976923076923077,3.3108999999999916e-05
1984,-7.973076923076923,0.0
1985,-7.969230769230769,-3.3108999999999916e-05
1986,-7.9653846153846155,3.3108999999999916e-05
1987,-7.961538461538462,3.3108999999999916e-05
1988,-7.957692307692308,-3.3108999999999916e-05
1989,-7.953846153846154,-3.3108999999999916e-05
1990,-7.95,3.3108999999999916e-05
1991,-7.946153846153846,0.0
1992,-7.9423076923076925,-6.621799999999983e-05
1993,-7.938461538461539,-3.3108999999999916e-05
1994,-7.934615384615385,3.3108999999999916e-05
1995,-7.930769230769231,-6.621799999999983e-05
1996,-7.926923076923077,-6.621799999999983e-05
1997,-7.923076923076923,-3.3108999999999916e-05
1998,-7.9192307692307695,3.3108999999999916e-05
1999,-7.915384615384616,-3.3108999999999916e-05
2000,-7.911538461538462,-3.3108999999999916e-05
2001,-7.907692307692308,3.3108999999999916e-05
2002,-7.903846153846154,-3.3108999999999916e-05
2003,-7.9,-3.3108999999999916e-05
2004,-7.8961538461538465,-3.3108999999999916e-05
2005,-7.892307692307693,6.621799999999983e-05
2006,-7.888461538461539,0.0
2007,-7.884615384615385,-6.621799999999983e-05
2008,-7.880769230769231,3.3108999999999916e-05
2009,-7.876923076923077,3.3108999999999916e-05
2010,-7.8730769230769235,-3.3108999999999916e-05
2011,-7.86923076923077,-6.621799999999983e-05
2012,-7.865384615384616,3.3108999999999916e-05
2013,-7.861538461538462,0.0
2014,-7.857692307692308,-3.3108999999999916e-05
2015,-7.853846153846154,-3.3108999999999916e-05
2016,-7.85,3.3108999999999916e-05
2017,-7.846153846153846,-3.3108999999999916e-05
2018,-7.842307692307692,-3.3108999999999916e-05
2019,-7.838461538461538,0.0
2020,-7.834615384615384,3.3108999999999916e-05
2021,-7.8307692307692305,-3.3108999999999916e-05
2022,-7.826923076923077,-3.3108999999999916e-05
2023,-7.823076923076923,3.3108999999999916e-05
2024,-7.819230769230769,-3.3108999999999916e-05
2025,-7.815384615384615,-6.621799999999983e-05
2026,-7.811538461538461,0.0
2027,-7.8076923076923075,0.0
2028,-7.803846153846154,-3.3108999999999916e-05
2029,-7.8,-6.621799999999983e-05
2030,-7.796153846153846,0.0
2031,-7.792307692307692,-3.3108999999999916e-05
2032,-7.788461538461538,-3.3108999999999916e-05
2033,-7.7846153846153845,0.0
2034,-7.780769230769231,-3.3108999999999916e-05
2035,-7.776923076923077,-3.3108999999999916e-05
2036,-7.773076923076923,-3.3108999999999916e-05
2037,-7.769230769230769,0.0
2038,-7.765384615384615,0.0
2039,-7.7615384615384615,-3.3108999999999916e-05
2040,-7.757692307692308,0.0
2041,-7.753846153846154,3.3108999999999916e-05
2042,-7.75,0.0
2043,-7.746153846153846,-6.621799999999983e-05
2044,-7.742307692307692,0.0
2045,-7.7384615384615385,3.3108999999999916e-05
2046,-7.734615384615385,-3.3108999999999916e-05
2047,-7.730769230769231,0.0
2048,-7.726923076923077,3.3108999999999916e-05
2049,-7.723076923076923,0.0
2050,-7.719230769230769,-6.621799999999983e-05
2051,-7.7153846153846155,-6.621799999999983e-05
2052,-7.711538461538462,3.3108999999999916e-05
2053,-7.707692307692308,0.0
2054,-7.703846153846154,-6.621799999999983e-05
2055,-7.7,-6.621799999999983e-05
2056,-7.696153846153846,0.0
2057,-7.6923076923076925,0.0
2058,-7.688461538461539,-6.621799999999983e-05
2059,-7.684615384615385,-3.3108999999999916e-05
2060,-7.680769230769231,0.0
2061,-7.676923076923077,-3.3108999999999916e-05
2062,-7.673076923076923,-6.621799999999983e-05
2063,-7.6692307692307695,-3.3108999999999916e-05
2064,-7.665384615384616,3.3108999999999916e-05
2065,-7.661538461538462,-3.3108999999999916e-05
2066,-7.657692307692308,3.3108999999999916e-05
2067,-7.653846153846154,3.3108999999999916e-05
2068,-7.65,0.0
2069,-7.6461538461538465,-6.621799999999983e-05
2070,-7.642307692307693,0.0
2071,-7.638461538461539,3.3108999999999916e-05
2072,-7.634615384615385,0.0
2073,-7.630769230769231,0.0
2074,-7.626923076923077,3.3108999999999916e-05
2075,-7.6230769230769235,0.0
2076,-7.61923076923077,-3.3108999999999916e-05
2077,-7.615384615384616,-6.621799999999983e-05
2078,-7.611538461538462,3.3108999999999916e-05
2079,-7.607692307692308,0.0
2080,-7.603846153846154,-6.621799999999983e-05
2081,-7.6,0.0
2082,-7.596153846153847,3.3108999999999916e-05
2083,-7.592307692307692,-3.3108999999999916e-05
2084,-7.588461538461539,-3.3108999999999916e-05
2085,-7.584615384615384,3.3108999999999916e-05
2086,-7.580769230769231,-6.621799999999983e-05
2087,-7.576923076923077,-6.621799999999983e-05
2088,-7.573076923076924,0.0
2089,-7.569230769230769,3.3108999999999916e-05
2090,-7.565384615384616,-6.621799999999983e-05
2091,-7.561538461538461,-3.3108999999999916e-05
2092,-7.557692307692308,0.0
2093,-7.553846153846154,-6.621799999999983e-05
2094,-7.550000000000001,-3.3108999999999916e-05
2095,-7.546153846153846,0.0
2096,-7.542307692307693,0.0
2097,-7.538461538461538,-6.621799999999983e-05
2098,-7.534615384615385,0.0
2099,-7.530769230769231,0.0
2100,-7.526923076923078,-3.3108999999999916e-05
2101,-7.523076923076923,-6.621799999999983e-05
2102,-7.51923076923077,0.0
2103,-7.515384615384615,0.0
2104,-7.511538461538462,-3.3108999999999916e-05
2105,-7.507692307692308,3.3108999999999916e-05
2106,-7.503846153846155,3.3108999999999916e-05
2107,-7.5,0.0
2108,-7.496153846153847,-3.3108999999999916e-05
2109,-7.492307692307692,-3.3108999999999916e-05
2110,-7.488461538461539,3.3108999999999916e-05
2111,-7.484615384615385,0.0
2112,-7.480769230769232,-3.3108999999999916e-05
2113,-7.476923076923077,-3.3108999999999916e-05
2114,-7.473076923076922,3.3108999999999916e-05
2115,-7.469230769230769,0.0
2116,-7.465384615384615,-6.621799999999983e-05
2117,-7.461538461538462,-3.3108999999999916e-05
2118,-7.457692307692307,0.0
2119,-7.453846153846154,-3.3108999999999916e-05
2120,-7.449999999999999,-3.3108999999999916e-05
2121,-7.446153846153846,-3.3108999999999916e-05
2122,-7.442307692307692,3.3108999999999916e-05
2123,-7.438461538461539,-3.3108999999999916e-05
2124,-7.434615384615384,-3.3108999999999916e-05
2125,-7.430769230769231,3.3108999999999916e-05
2126,-7.426923076923076,3.3108999999999916e-05
2127,-7.423076923076923,-3.3108999999999916e-05
2128,-7.419230769230769,-6.621799999999983e-05
2129,-7.415384615384616,0.0
2130,-7.411538461538461,3.3108999999999916e-05
2131,-7.407692307692308,-6.621799999999983e-05
2132,-7.403846153846153,0.0
2133,-7.4,3.3108999999999916e-05
2134,-7.396153846153846,0.0
2135,-7.392307692307693,-6.621799999999983e-05
2136,-7.388461538461538,0.0
2137,-7.384615384615385,3.3108999999999916e-05
2138,-7.38076923076923,-3.3108999999999916e-05
2139,-7.376923076923077,-6.621799999999983e-05
2140,-7.373076923076923,0.0
2141,-7.36923076923077,3.3108999999999916e-05
2142,-7.365384615384615,-3.3108999999999916e-05
2143,-7.361538461538462,-6.621799999999983e-05
2144,-7.357692307692307,3.3108999999999916e-05
2145,-7.353846153846154,0.0
2146,-7.35,-6.621799999999983e-05
2147,-7.346153846153847,-6.621799999999983e-05
2148,-7.342307692307692,0.0
2149,-7.338461538461539,-3.3108999999999916e-05
2150,-7.334615384615384,-3.3108999999999916e-05
2151,-7.330769230769231,3.3108999999999916e-05
2152,-7.326923076923077,3.3108999999999916e-05
2153,-7.323076923076924,-3.3108999999999916e-05
2154,-7.319230769230769,0.0
2155,-7.315384615384616,0.0
2156,-7.311538461538461,0.0
2157,-7.307692307692308,-3.3108999999999916e-05
2158,-7.303846153846154,0.0
2159,-7.300000000000001,3.3108999999999916e-05
2160,-7.296153846153846,-3.3108999999999916e-05
2161,-7.292307692307693,-3.3108999999999916e-05
2162,-7.288461538461538,3.3108999999999916e-05
2163,-7.284615384615385,3.3108999999999916e-05
2164,-7.280769230769231,-3.3108999999999916e-05
2165,-7.276923076923078,-3.3108999999999916e-05
2166,-7.273076923076923,3.3108999999999916e-05
2167,-7.26923076923077,-3.3108999999999916e-05
2168,-7.265384615384615,-3.3108999999999916e-05
2169,-7.261538461538462,3.3108999999999916e-05
2170,-7.257692307692308,0.0
2171,-7.253846153846155,-6.621799999999983e-05
2172,-7.25,-3.3108999999999916e-05
2173,-7.246153846153847,0.0
2174,-7.242307692307692,-3.3108999999999916e-05
2175,-7.238461538461539,-6.621799999999983e-05
2176,-7.234615384615385,3.3108999999999916e-05
2177,-7.23076923076923,-3.3108999999999916e-05
2178,-7.226923076923077,-3.3108999999999916e-05
2179,-7.223076923076922,-6.621799999999983e-05
2180,-7.219230769230769,3.3108999999999916e-05
2181,-7.215384615384615,3.3108999999999916e-05
2182,-7.211538461538462,-6.621799999999983e-05
2183,-7.207692307692307,0.0
2184,-7.203846153846154,3.3108999999999916e-05
2185,-7.199999999999999,0.0
2186,-7.196153846153846,-6.621799999999983e-05
2187,-7.192307692307692,0.0
2188,-7.188461538461539,3.3108999999999916e-05
2189,-7.184615384615384,-3.3108999999999916e-05
2190,-7.180769230769231,0.0
2191,-7.176923076923076,-3.3108999999999916e-05
2192,-7.173076923076923,3.3108999999999916e-05
2193,-7.169230769230769,-3.3108999999999916e-05
2194,-7.165384615384616,-3.3108999999999916e-05
2195,-7.161538461538461,0.0
2196,-7.157692307692308,0.0
2197,-7.153846153846153,-6.621799999999983e-05
2198,-7.15,-3.3108999999999916e-05
2199,-7.146153846153846,3.3108999999999916e-05
2200,-7.142307692307693,0.0
2201,-7.138461538461538,-3.3108999999999916e-05
2202,-7.134615384615385,-3.3108999999999916e-05
2203,-7.13076923076923,3.3108999999999916e-05
2204,-7.126923076923077,0.0
2205,-7.123076923076923,-3.3108999999999916e-05
2206,-7.11923076923077,0.0
2207,-7.115384615384615,0.0
2208,-7.111538461538462,-6.621799999999983e-05
2209,-7.107692307692307,0.0
2210,-7.103846153846154,3.3108999999999916e-05
2211,-7.1,0.0
2212,-7.096153846153847,-6.621799999999983e-05
2213,-7.092307692307692,0.0
2214,-7.088461538461539,3.3108999999999916e-05
2215,-7.084615384615384,-3.3108999999999916e-05
2216,-7.080769230769231,-3.3108999999999916e-05
2217,-7.076923076923077,0.0
2218,-7.073076923076924,3.3108999999999916e-05
2219,-7.069230769230769,-3.3108999999999916e-05
2220,-7.065384615384616,-3.3108999999999916e-05
2221,-7.061538461538461,0.0
2222,-7.057692307692308,0.0
2223,-7.053846153846154,-6.621799999999983e-05
2224,-7.050000000000001,0.0
2225,-7.046153846153846,3.3108999999999916e-05
2226,-7.042307692307693,-3.3108999999999916e-05
2227,-7.038461538461538,-6.621799999999983e-05
2228,-7.034615384615385,0.0
2229,-7.030769230769231,3.3108999999999916e-05
2230,-7.026923076923078,-3.3108999999999916e-05
2231,-7.023076923076923,-6.621799999999983e-05
2232,-7.01923076923077,3.3108999999999916e-05
2233,-7.015384615384615,3.3108999999999916e-05
2234,-7.011538461538462,-3.3108999999999916e-05
2235,-7.007692307692308,3.3108999999999916e-05
2236,-7.003846153846155,3.3108999999999916e-05
2237,-7.0,0.0
2238,-6.996153846153847,-3.3108999999999916e-05
2239,-6.992307692307692,0.0
2240,-6.988461538461538,3.3108999999999916e-05
2241,-6.984615384615385,-3.3108999999999916e-05
2242,-6.98076923076923,6.621799999999983e-05
2243,-6.976923076923077,3.3108999999999916e-05
2244,-6.973076923076922,0.0
2245,-6.969230769230769,-3.3108999999999916e-05
2246,-6.965384615384615,3.3108999999999916e-05
2247,-6.961538461538462,3.3108999999999916e-05
2248,-6.957692307692307,-3.3108999999999916e-05
2249,-6.953846153846154,-3.3108999999999916e-05
2250,-6.949999999999999,0.0
2251,-6.946153846153846,-3.3108999999999916e-05
2252,-6.942307692307692,-6.621799999999983e-05
2253,-6.938461538461539,-3.3108999999999916e-05
2254,-6.934615384615384,3.3108999999999916e-05
2255,-6.930769230769231,-6.621799999999983e-05
2256,-6.926923076923076,-3.3108999999999916e-05
2257,-6.923076923076923,0.0
2258,-6.919230769230769,0.0
2259,-6.915384615384616,-6.621799999999983e-05
2260,-6.911538461538461,-3.3108999999999916e-05
2261,-6.907692307692308,3.3108999999999916e-05
2262,-6.903846153846153,-3.3108999999999916e-05
2263,-6.9,-3.3108999999999916e-05
2264,-6.896153846153846,-3.3108999999999916e-05
2265,-6.892307692307693,0.0
2266,-6.888461538461538,0.0
2267,-6.884615384615385,-6.621799999999983e-05
2268,-6.88076923076923,6.621799999999983e-05
2269,-6.876923076923077,0.0
2270,-6.873076923076923,-3.3108999999999916e-05
2271,-6.86923076923077,-6.621799999999983e-05
2272,-6.865384615384615,-3.3108999999999916e-05
2273,-6.861538461538462,3.3108999999999916e-05
2274,-6.857692307692307,-3.3108999999999916e-05
2275,-6.853846153846154,-3.3108999999999916e-05
2276,-6.85,0.0
2277,-6.846153846153847,3.3108999999999916e-05
2278,-6.842307692307692,-3.3108999999999916e-05
2279,-6.838461538461539,-6.621799999999983e-05
2280,-6.834615384615384,3.3108999999999916e-05
2281,-6.830769230769231,-3.3108999999999916e-05
2282,-6.826923076923077,-6.621799999999983e-05
2283,-6.823076923076924,-3.3108999999999916e-05
2284,-6.819230769230769,3.3108999999999916e-05
2285,-6.815384615384616,0.0
2286,-6.811538461538461,-6.621799999999983e-05
2287,-6.807692307692308,3.3108999999999916e-05
2288,-6.803846153846154,-3.3108999999999916e-05
2289,-6.800000000000001,-6.621799999999983e-05
2290,-6.796153846153846,-3.3108999999999916e-05
2291,-6.792307692307693,3.3108999999999916e-05
2292,-6.788461538461538,0.0
2293,-6.784615384615385,-6.621799999999983e-05
2294,-6.780769230769231,3.3108999999999916e-05
2295,-6.776923076923078,0.0
2296,-6.773076923076923,-3.3108999999999916e-05
2297,-6.76923076923077,-6.621799999999983e-05
2298,-6.765384615384615,3.3108999999999916e-05
2299,-6.761538461538462,3.3108999999999916e-05
2300,-6.757692307692308,0.0
2301,-6.753846153846155,0.0
2302,-6.75,3.3108999999999916e-05
2303,-6.746153846153847,0.0
2304,-6.742307692307692,-3.3108999999999916e-05
2305,-6.738461538461538,-3.3108999999999916e-05
2306,-6.734615384615385,3.3108999999999916e-05
2307,-6.73076923076923,-6.621799999999983e-05
2308,-6.726923076923077,-3.3108999999999916e-05
2309,-6.723076923076922,0.0
2310,-6.719230769230769,3.3108999999999916e-05
2311,-6.715384615384615,-6.621799999999983e-05
2312,-6.711538461538462,-3.3108999999999916e-05
2313,-6.707692307692307,0.0
2314,-6.703846153846154,-3.3108999999999916e-05
2315,-6.699999999999999,-3.3108999999999916e-05
2316,-6.696153846153846,0.0
2317,-6.692307692307692,3.3108999999999916e-05
2318,-6.688461538461539,-6.621799999999983e-05
2319,-6.684615384615384,-3.3108999999999916e-05
2320,-6.680769230769231,3.3108999999999916e-05
2321,-6.676923076923076,0.0
2322,-6.673076923076923,-6.621799999999983e-05
2323,-6.669230769230769,-6.621799999999983e-05
2324,-6.665384615384616,3.3108999999999916e-05
2325,-6.661538461538461,0.0
2326,-6.657692307692308,0.0
2327,-6.653846153846153,3.3108999999999916e-05
2328,-6.65,3.3108999999999916e-05
2329,-6.646153846153846,-3.3108999999999916e-05
2330,-6.642307692307693,0.0
2331,-6.638461538461538,0.0
2332,-6.634615384615385,3.3108999999999916e-05
2333,-6.63076923076923,-3.3108999999999916e-05
2334,-6.626923076923077,-3.3108999999999916e-05
2335,-6.623076923076923,3.3108999999999916e-05
2336,-6.61923076923077,-3.3108999999999916e-05
2337,-6.615384615384615,-6.621799999999983e-05
2338,-6.611538461538462,0.0
2339,-6.607692307692307,0.0
2340,-6.603846153846154,-6.621799999999983e-05
2341,-6.6,-3.3108999999999916e-05
2342,-6.596153846153847,3.3108999999999916e-05
2343,-6.592307692307692,3.3108999999999916e-05
2344,-6.588461538461539,-3.3108999999999916e-05
2345,-6.584615384615384,-3.3108999999999916e-05
2346,-6.580769230769231,3.3108999999999916e-05
2347,-6.576923076923077,0.0
2348,-6.573076923076924,-6.621799999999983e-05
2349,-6.569230769230769,-3.3108999999999916e-05
2350,-6.565384615384616,3.3108999999999916e-05
2351,-6.561538461538461,0.0
2352,-6.557692307692308,-3.3108999999999916e-05
2353,-6.553846153846154,0.0
2354,-6.550000000000001,3.3108999999999916e-05
2355,-6.546153846153846,-3.3108999999999916e-05
2356,-6.542307692307693,-3.3108999999999916e-05
2357,-6.538461538461538,0.0
2358,-6.534615384615385,3.3108999999999916e-05
2359,-6.530769230769231,-3.3108999999999916e-05
2360,-6.526923076923078,-3.3108999999999916e-05
2361,-6.523076923076923,3.3108999999999916e-05
2362,-6.51923076923077,3.3108999999999916e-05
2363,-6.515384615384615,-3.3108999999999916e-05
2364,-6.511538461538462,0.0
2365,-6.507692307692308,3.3108999999999916e-05
2366,-6.503846153846155,-3.3108999999999916e-05
2367,-6.5,-6.621799999999983e-05
2368,-6.496153846153847,-3.3108999999999916e-05
2369,-6.492307692307692,0.0
2370,-6.488461538461538,-3.3108999999999916e-05
2371,-6.484615384615385,-3.3108999999999916e-05
2372,-6.48076923076923,3.3108999999999916e-05
2373,-6.476923076923077,0.0
2374,-6.473076923076922,-3.3108999999999916e-05
2375,-6.469230769230769,-3.3108999999999916e-05
2376,-6.465384615384615,3.3108999999999916e-05
2377,-6.461538461538462,-3.3108999999999916e-05
2378,-6.457692307692307,0.0
2379,-6.453846153846154,0.0
2380,-6.449999999999999,3.3108999999999916e-05
2381,-6.446153846153846,-6.621799999999983e-05
2382,-6.442307692307692,0.0
2383,-6.438461538461539,3.3108999999999916e-05
2384,-6.434615384615384,-3.3108999999999916e-05
2385,-6.430769230769231,-6.621799999999983e-05
2386,-6.426923076923076,0.0
2387,-6.423076923076923,3.3108999999999916e-05
2388,-6.419230769230769,-3.3108999999999916e-05
2389,-6.415384615384616,-6.621799999999983e-05
2390,-6.411538461538461,3.3108999999999916e-05
2391,-6.407692307692308,-3.3108999999999916e-05
2392,-6.403846153846153,-6.621799999999983e-05
2393,-6.4,-3.3108999999999916e-05
2394,-6.396153846153846,3.3108999999999916e-05
2395,-6.392307692307693,0.0
2396,-6.388461538461538,-6.621799999999983e-05
2397,-6.384615384615385,0.0
2398,-6.38076923076923,0.0
2399,-6.376923076923077,-3.3108999999999916e-05
2400,-6.373076923076923,-3.3108999999999916e-05
2401,-6.36923076923077,0.0
2402,-6.365384615384615,0.0
2403,-6.361538461538462,-3.3108999999999916e-05
2404,-6.357692307692307,0.0
2405,-6.353846153846154,3.3108999999999916e-05
2406,-6.35,3.3108999999999916e-05
2407,-6.346153846153847,-6.621799999999983e-05
2408,-6.342307692307692,3.3108999999999916e-05
2409,-6.338461538461539,3.3108999999999916e-05
2410,-6.334615384615384,0.0
2411,-6.330769230769231,-3.3108999999999916e-05
2412,-6.326923076923077,0.0
2413,-6.323076923076924,0.0
2414,-6.319230769230769,-3.3108999999999916e-05
2415,-6.315384615384616,-6.621799999999983e-05
2416,-6.311538461538461,3.3108999999999916e-05
2417,-6.307692307692308,-3.3108999999999916e-05
2418,-6.303846153846154,-3.3108999999999916e-05
2419,-6.300000000000001,-3.3108999999999916e-05
2420,-6.296153846153846,3.3108999999999916e-05
2421,-6.292307692307693,0.0
2422,-6.288461538461538,-6.621799999999983e-05
2423,-6.284615384615385,0.0
2424,-6.280769230769231,3.3108999999999916e-05
2425,-6.276923076923078,-3.3108999999999916e-05
2426,-6.273076923076923,-6.621799999999983e-05
2427,-6.26923076923077,0.0
2428,-6.265384615384615,3.3108999999999916e-05
2429,-6.261538461538462,-3.3108999999999916e-05
2430,-6.257692307692308,3.3108999999999916e-05
2431,-6.253846153846155,0.0
2432,-6.25,0.0
2433,-6.246153846153845,-6.621799999999983e-05
2434,-6.242307692307692,3.3108999999999916e-05
2435,-6.238461538461538,3.3108999999999916e-05
2436,-6.234615384615385,0.0
2437,-6.23076923076923,-3.3108999999999916e-05
2438,-6.226923076923077,0.0
2439,-6.223076923076922,0.0
2440,-6.219230769230769,-3.3108999999999916e-05
2441,-6.215384615384615,-6.621799999999983e-05
2442,-6.211538461538462,3.3108999999999916e-05
2443,-6.207692307692307,-3.3108999999999916e-05
2444,-6.203846153846154,-6.621799999999983e-05
2445,-6.199999999999999,-3.3108999999999916e-05
2446,-6.196153846153846,3.3108999999999916e-05
2447,-6.192307692307692,-3.3108999999999916e-05
2448,-6.188461538461539,-6.621799999999983e-05
2449,-6.184615384615384,0.0
2450,-6.180769230769231,-3.3108999999999916e-05
2451,-6.176923076923076,-6.621799999999983e-05
2452,-6.173076923076923,0.0
2453,-6.169230769230769,3.3108999999999916e-05
2454,-6.165384615384616,0.0
2455,-6.161538461538461,-6.621799999999983e-05
2456,-6.157692307692308,3.3108999999999916e-05
2457,-6.153846153846153,0.0
2458,-6.15,-6.621799999999983e-05
2459,-6.146153846153846,-3.3108999999999916e-05
2460,-6.142307692307693,3.3108999999999916e-05
2461,-6.138461538461538,0.0
2462,-6.134615384615385,-3.3108999999999916e-05
2463,-6.13076923076923,3.3108999999999916e-05
2464,-6.126923076923077,0.0
2465,-6.123076923076923,-3.3108999999999916e-05
2466,-6.11923076923077,-3.3108999999999916e-05
2467,-6.115384615384615,0.0
2468,-6.111538461538462,0.0
2469,-6.107692307692307,-3.3108999999999916e-05
2470,-6.103846153846154,0.0
2471,-6.1,3.3108999999999916e-05
2472,-6.096153846153847,0.0
2473,-6.092307692307692,-6.621799999999983e-05
2474,-6.088461538461539,-3.3108999999999916e-05
2475,-6.084615384615384,3.3108999999999916e-05
2476,-6.080769230769231,-6.621799999999983e-05
2477,-6.076923076923077,-6.621799999999983e-05
2478,-6.073076923076924,0.0
2479,-6.069230769230769,3.3108999999999916e-05
2480,-6.065384615384616,-3.3108999999999916e-05
2481,-6.061538461538461,-6.621799999999983e-05
2482,-6.057692307692308,3.3108999999999916e-05
2483,-6.053846153846154,0.0
2484,-6.050000000000001,-3.3108999999999916e-05
2485,-6.046153846153846,-6.621799999999983e-05
2486,-6.042307692307693,3.3108999999999916e-05
2487,-6.038461538461538,3.3108999999999916e-05
2488,-6.034615384615385,-3.3108999999999916e-05
2489,-6.030769230769231,3.3108999999999916e-05
2490,-6.026923076923078,3.3108999999999916e-05
2491,-6.023076923076923,0.0
2492,-6.01923076923077,-6.621799999999983e-05
2493,-6.015384615384615,0.0
2494,-6.011538461538462,3.3108999999999916e-05
2495,-6.007692307692308,-6.621799999999983e-05
2496,-6.003846153846153,-3.3108999999999916e-05
2497,-6.0,3.3108999999999916e-05
2498,-5.996153846153845,0.0
2499,-5.992307692307692,-6.621799999999983e-05
2500,-5.988461538461538,0.0
2501,-5.984615384615385,3.3108999999999916e-05
2502,-5.98076923076923,0.0
2503,-5.976923076923077,-3.3108999999999916e-05
2504,-5.973076923076922,3.3108999999999916e-05
2505,-5.969230769230769,0.0
2506,-5.965384615384615,-6.621799999999983e-05
2507,-5.961538461538462,-3.3108999999999916e-05
2508,-5.957692307692307,3.3108999999999916e-05
2509,-5.953846153846154,-3.3108999999999916e-05
2510,-5.949999999999999,-3.3108999999999916e-05
2511,-5.946153846153846,-3.3108999999999916e-05
2512,-5.942307692307692,3.3108999999999916e-05
2513,-5.938461538461539,0.0
2514,-5.934615384615384,-3.3108999999999916e-05
2515,-5.930769230769231,3.3108999999999916e-05
2516,-5.926923076923076,0.0
2517,-5.923076923076923,-6.621799999999983e-05
2518,-5.919230769230769,-3.3108999999999916e-05
2519,-5.915384615384616,3.3108999999999916e-05
2520,-5.911538461538461,0.0
2521,-5.907692307692308,-6.621799999999983e-05
2522,-5.903846153846153,0.0
2523,-5.9,3.3108999999999916e-05
2524,-5.896153846153846,0.0
2525,-5.892307692307693,-3.3108999999999916e-05
2526,-5.888461538461538,3.3108999999999916e-05
2527,-5.884615384615385,0.0
2528,-5.88076923076923,-3.3108999999999916e-05
2529,-5.876923076923077,0.0
2530,-5.873076923076923,3.3108999999999916e-05
2531,-5.86923076923077,-3.3108999999999916e-05
2532,-5.865384615384615,-6.621799999999983e-05
2533,-5.861538461538462,0.0
2534,-5.857692307692307,-3.3108999999999916e-05
2535,-5.853846153846154,-6.621799999999983e-05
2536,-5.85,-3.3108999999999916e-05
2537,-5.846153846153847,0.0
2538,-5.842307692307692,-3.3108999999999916e-05
2539,-5.838461538461539,-6.621799999999983e-05
2540,-5.834615384615384,0.0
2541,-5.830769230769231,3.3108999999999916e-05
2542,-5.826923076923077,-3.3108999999999916e-05
2543,-5.823076923076924,-6.621799999999983e-05
2544,-5.819230769230769,3.3108999999999916e-05
2545,-5.815384615384616,0.0
2546,-5.811538461538461,-3.3108999999999916e-05
2547,-5.807692307692308,0.0
2548,-5.803846153846154,0.0
2549,-5.800000000000001,0.0
2550,-5.796153846153846,-3.3108999999999916e-05
2551,-5.792307692307693,-3.3108999999999916e-05
2552,-5.788461538461538,0.0
2553,-5.784615384615385,0.0
2554,-5.780769230769231,-3.3108999999999916e-05
2555,-5.776923076923078,-6.621799999999983e-05
2556,-5.773076923076923,3.3108999999999916e-05
2557,-5.76923076923077,0.0
2558,-5.765384615384615,-3.3108999999999916e-05
2559,-5.761538461538462,-3.3108999999999916e-05
2560,-5.757692307692308,3.3108999999999916e-05
2561,-5.753846153846153,-3.3108999999999916e-05
2562,-5.75,-3.3108999999999916e-05
2563,-5.746153846153845,0.0
2564,-5.742307692307692,3.3108999999999916e-05
2565,-5.738461538461538,-3.3108999999999916e-05
2566,-5.734615384615385,-3.3108999999999916e-05
2567,-5.73076923076923,3.3108999999999916e-05
2568,-5.726923076923077,0.0
2569,-5.723076923076922,-3.3108999999999916e-05
2570,-5.719230769230769,0.0
2571,-5.715384615384615,3.3108999999999916e-05
2572,-5.711538461538462,0.0
2573,-5.707692307692307,-3.3108999999999916e-05
2574,-5.703846153846154,3.3108999999999916e-05
2575,-5.699999999999999,3.3108999999999916e-05
2576,-5.696153846153846,0.0
2577,-5.692307692307692,-3.3108999999999916e-05
2578,-5.688461538461539,3.3108999999999916e-05
2579,-5.684615384615384,0.0
2580,-5.680769230769231,-3.3108999999999916e-05
2581,-5.676923076923076,-3.3108999999999916e-05
2582,-5.673076923076923,3.3108999999999916e-05
2583,-5.669230769230769,-3.3108999999999916e-05
2584,-5.665384615384616,-3.3108999999999916e-05
2585,-5.661538461538461,0.0
2586,-5.657692307692308,0.0
2587,-5.653846153846153,-3.3108999999999916e-05
2588,-5.65,-3.3108999999999916e-05
2589,-5.646153846153846,3.3108999999999916e-05
2590,-5.642307692307693,-3.3108999999999916e-05
2591,-5.638461538461538,-6.621799999999983e-05
2592,-5.634615384615385,0.0
2593,-5.63076923076923,-3.3108999999999916e-05
2594,-5.626923076923077,-6.621799999999983e-05
2595,-5.623076923076923,-3.3108999999999916e-05
2596,-5.61923076923077,3.3108999999999916e-05
2597,-5.615384615384615,0.0
2598,-5.611538461538462,-3.3108999999999916e-05
2599,-5.607692307692307,3.3108999999999916e-05
2600,-5.603846153846154,0.0
2601,-5.6,-3.3108999999999916e-05
2602,-5.596153846153847,-3.3108999999999916e-05
2603,-5.592307692307692,3.3108999999999916e-05
2604,-5.588461538461539,0.0
2605,-5.584615384615384,-3.3108999999999916e-05
2606,-5.580769230769231,3.3108999999999916e-05
2607,-5.576923076923077,0.0
2608,-5.573076923076924,0.0
2609,-5.569230769230769,-6.621799999999983e-05
2610,-5.565384615384616,0.0
2611,-5.561538461538461,0.0
2612,-5.557692307692308,-6.621799999999983e-05
2613,-5.553846153846154,-6.621799999999983e-05
2614,-5.550000000000001,0.0
2615,-5.546153846153846,3.3108999999999916e-05
2616,-5.542307692307693,-3.3108999999999916e-05
2617,-5.538461538461538,-3.3108999999999916e-05
2618,-5.534615384615385,0.0
2619,-5.530769230769231,-3.3108999999999916e-05
2620,-5.526923076923078,-3.3108999999999916e-05
2621,-5.523076923076923,-3.3108999999999916e-05
2622,-5.51923076923077,3.3108999999999916e-05
2623,-5.515384615384615,-3.3108999999999916e-05
2624,-5.511538461538462,-6.621799999999983e-05
2625,-5.507692307692308,3.3108999999999916e-05
2626,-5.503846153846153,0.0
2627,-5.5,-3.3108999999999916e-05
2628,-5.496153846153845,-6.621799999999983e-05
2629,-5.492307692307692,3.3108999999999916e-05
2630,-5.488461538461538,3.3108999999999916e-05
2631,-5.484615384615385,-6.621799999999983e-05
2632,-5.48076923076923,0.0
2633,-5.476923076923077,0.0
2634,-5.473076923076922,0.0
2635,-5.469230769230769,-3.3108999999999916e-05
2636,-5.465384615384615,-3.3108999999999916e-05
2637,-5.461538461538462,0.0
2638,-5.457692307692307,-3.3108999999999916e-05
2639,-5.453846153846154,-3.3108999999999916e-05
2640,-5.449999999999999,0.0
2641,-5.446153846153846,0.0
2642,-5.442307692307692,-3.3108999999999916e-05
2643,-5.438461538461539,-6.621799999999983e-05
2644,-5.434615384615384,0.0
2645,-5.430769230769231,3.3108999999999916e-05
2646,-5.426923076923076,0.0
2647,-5.423076923076923,-6.621799999999983e-05
2648,-5.419230769230769,3.3108999999999916e-05
2649,-5.415384615384616,3.3108999999999916e-05
2650,-5.411538461538461,-6.621799999999983e-05
2651,-5.407692307692308,0.0
2652,-5.403846153846153,3.3108999999999916e-05
2653,-5.4,-3.3108999999999916e-05
2654,-5.396153846153846,-6.621799999999983e-05
2655,-5.392307692307693,0.0
2656,-5.388461538461538,3.3108999999999916e-05
2657,-5.384615384615385,-3.3108999999999916e-05
2658,-5.38076923076923,3.3108999999999916e-05
2659,-5.376923076923077,3.3108999999999916e-05
2660,-5.373076923076923,3.3108999999999916e-05
2661,-5.36923076923077,-3.3108999999999916e-05
2662,-5.365384615384615,-3.3108999999999916e-05
2663,-5.361538461538462,3.3108999999999916e-05
2664,-5.357692307692307,-3.3108999999999916e-05
2665,-5.353846153846154,0.0
2666,-5.35,3.3108999999999916e-05
2667,-5.346153846153847,0.0
2668,-5.342307692307692,-3.3108999999999916e-05
2669,-5.338461538461539,-3.3108999999999916e-05
2670,-5.334615384615384,0.0
2671,-5.330769230769231,0.0
2672,-5.326923076923077,0.0
2673,-5.323076923076924,0.0
2674,-5.319230769230769,-3.3108999999999916e-05
2675,-5.315384615384616,-6.621799999999983e-05
2676,-5.311538461538461,0.0
2677,-5.307692307692308,0.0
2678,-5.303846153846154,-3.3108999999999916e-05
2679,-5.300000000000001,-3.3108999999999916e-05
2680,-5.296153846153846,3.3108999999999916e-05
2681,-5.292307692307693,0.0
2682,-5.288461538461538,-3.3108999999999916e-05
2683,-5.284615384615385,3.3108999999999916e-05
2684,-5.280769230769231,-3.3108999999999916e-05
2685,-5.276923076923078,-6.621799999999983e-05
2686,-5.273076923076923,-6.621799999999983e-05
2687,-5.26923076923077,0.0
2688,-5.265384615384615,3.3108999999999916e-05
2689,-5.261538461538461,-3.3108999999999916e-05
2690,-5.257692307692308,3.3108999999999916e-05
2691,-5.253846153846153,0.0
2692,-5.25,0.0
2693,-5.246153846153845,-3.3108999999999916e-05
2694,-5.242307692307692,0.0
2695,-5.238461538461538,0.0
2696,-5.234615384615385,0.0
2697,-5.23076923076923,0.0
2698,-5.226923076923077,3.3108999999999916e-05
2699,-5.223076923076922,3.3108999999999916e-05
2700,-5.219230769230769,-3.3108999999999916e-05
2701,-5.215384615384615,-6.621799999999983e-05
2702,-5.211538461538462,0.0
2703,-5.207692307692307,0.0
2704,-5.203846153846154,-3.3108999999999916e-05
2705,-5.199999999999999,-6.621799999999983e-05
2706,-5.196153846153846,0.0
2707,-5.192307692307692,3.3108999999999916e-05
2708,-5.188461538461539,0.0
2709,-5.184615384615384,-6.621799999999983e-05
2710,-5.180769230769231,0.0
2711,-5.176923076923076,0.0
2712,-5.173076923076923,-6.621799999999983e-05
2713,-5.169230769230769,-3.3108999999999916e-05
2714,-5.165384615384616,3.3108999999999916e-05
2715,-5.161538461538461,0.0
2716,-5.157692307692308,-3.3108999999999916e-05
2717,-5.153846153846153,3.3108999999999916e-05
2718,-5.15,3.3108999999999916e-05
2719,-5.146153846153846,0.0
2720,-5.142307692307693,-3.3108999999999916e-05
2721,-5.138461538461538,0.0
2722,-5.134615384615385,3.3108999999999916e-05
2723,-5.13076923076923,-3.3108999999999916e-05
2724,-5.126923076923077,0.0
2725,-5.123076923076923,0.0
2726,-5.11923076923077,0.0
2727,-5.115384615384615,-6.621799999999983e-05
2728,-5.111538461538462,0.0
2729,-5.107692307692307,3.3108999999999916e-05
2730,-5.103846153846154,-3.3108999999999916e-05
2731,-5.1,-6.621799999999983e-05
2732,-5.096153846153847,0.0
2733,-5.092307692307692,3.3108999999999916e-05
2734,-5.088461538461539,-3.3108999999999916e-05
2735,-5.084615384615384,-3.3108999999999916e-05
2736,-5.080769230769231,0.0
2737,-5.076923076923077,-3.3108999999999916e-05
2738,-5.073076923076924,-6.621799999999983e-05
2739,-5.069230769230769,0.0
2740,-5.065384615384616,3.3108999999999916e-05
2741,-5.061538461538461,-3.3108999999999916e-05
2742,-5.057692307692308,0.0
2743,-5.053846153846154,0.0
2744,-5.050000000000001,0.0
2745,-5.046153846153846,-3.3108999999999916e-05
2746,-5.042307692307693,0.0
2747,-5.038461538461538,3.3108999999999916e-05
2748,-5.034615384615385,-3.3108999999999916e-05
2749,-5.030769230769231,0.0
2750,-5.026923076923078,3.3108999999999916e-05
2751,-5.023076923076923,3.3108999999999916e-05
2752,-5.019230769230768,-3.3108999999999916e-05
2753,-5.015384615384615,-3.3108999999999916e-05
2754,-5.011538461538461,3.3108999999999916e-05
2755,-5.007692307692308,-3.3108999999999916e-05
2756,-5.003846153846153,-6.621799999999983e-05
2757,-5.0,0.0
2758,-4.996153846153845,3.3108999999999916e-05
2759,-4.992307692307692,-6.621799999999983e-05
2760,-4.988461538461538,-6.621799999999983e-05
2761,-4.984615384615385,3.3108999999999916e-05
2762,-4.98076923076923,-3.3108999999999916e-05
2763,-4.976923076923077,-6.621799999999983e-05
2764,-4.973076923076922,-6.621799999999983e-05
2765,-4.969230769230769,3.3108999999999916e-05
2766,-4.965384615384615,0.0
2767,-4.961538461538462,-6.621799999999983e-05
2768,-4.957692307692307,3.3108999999999916e-05
2769,-4.953846153846154,3.3108999999999916e-05
2770,-4.949999999999999,0.0
2771,-4.946153846153846,-3.3108999999999916e-05
2772,-4.942307692307692,0.0
2773,-4.938461538461539,3.3108999999999916e-05
2774,-4.934615384615384,-3.3108999999999916e-05
2775,-4.930769230769231,0.0
2776,-4.926923076923076,3.3108999999999916e-05
2777,-4.923076923076923,0.0
2778,-4.919230769230769,-6.621799999999983e-05
2779,-4.915384615384616,-6.621799999999983e-05
2780,-4.911538461538461,0.0
2781,-4.907692307692308,-3.3108999999999916e-05
2782,-4.903846153846153,-6.621799999999983e-05
2783,-4.9,-3.3108999999999916e-05
2784,-4.896153846153846,3.3108999999999916e-05
2785,-4.892307692307693,0.0
2786,-4.888461538461538,-6.621799999999983e-05
2787,-4.884615384615385,0.0
2788,-4.88076923076923,0.0
2789,-4.876923076923077,-3.3108999999999916e-05
2790,-4.873076923076923,-3.3108999999999916e-05
2791,-4.86923076923077,3.3108999999999916e-05
2792,-4.865384615384615,0.0
2793,-4.861538461538462,-3.3108999999999916e-05
2794,-4.857692307692307,0.0
2795,-4.853846153846154,0.0
2796,-4.85,3.3108999999999916e-05
2797,-4.846153846153847,-6.621799999999983e-05
2798,-4.842307692307692,3.3108999999999916e-05
2799,-4.838461538461539,0.0
2800,-4.834615384615384,-3.3108999999999916e-05
2801,-4.830769230769231,-3.3108999999999916e-05
2802,-4.826923076923077,3.3108999999999916e-05
2803,-4.823076923076924,3.3108999999999916e-05
2804,-4.819230769230769,-3.3108999999999916e-05
2805,-4.815384615384616,-3.3108999999999916e-05
2806,-4.811538461538461,3.3108999999999916e-05
2807,-4.807692307692308,-3.3108999999999916e-05
2808,-4.803846153846154,-3.3108999999999916e-05
2809,-4.800000000000001,0.0
2810,-4.796153846153846,0.0
2811,-4.792307692307693,-3.3108999999999916e-05
2812,-4.788461538461538,-3.3108999999999916e-05
2813,-4.784615384615385,3.3108999999999916e-05
2814,-4.780769230769231,-3.3108999999999916e-05
2815,-4.776923076923078,-6.621799999999983e-05
2816,-4.773076923076923,3.3108999999999916e-05
2817,-4.769230769230768,3.3108999999999916e-05
2818,-4.765384615384615,-3.3108999999999916e-05
2819,-4.761538461538461,-3.3108999999999916e-05
2820,-4.757692307692308,3.3108999999999916e-05
2821,-4.753846153846153,-3.3108999999999916e-05
2822,-4.75,-6.621799999999983e-05
2823,-4.746153846153845,-3.3108999999999916e-05
2824,-4.742307692307692,0.0
2825,-4.738461538461538,-3.3108999999999916e-05
2826,-4.734615384615385,-3.3108999999999916e-05
2827,-4.73076923076923,3.3108999999999916e-05
2828,-4.726923076923077,0.0
2829,-4.723076923076922,-3.3108999999999916e-05
2830,-4.719230769230769,0.0
2831,-4.715384615384615,3.3108999999999916e-05
2832,-4.711538461538462,-3.3108999999999916e-05
2833,-4.707692307692307,-3.3108999999999916e-05
2834,-4.703846153846154,3.3108999999999916e-05
2835,-4.699999999999999,3.3108999999999916e-05
2836,-4.696153846153846,-3.3108999999999916e-05
2837,-4.692307692307692,-6.621799999999983e-05
2838,-4.688461538461539,0.0
2839,-4.684615384615384,3.3108999999999916e-05
2840,-4.680769230769231,-6.621799999999983e-05
2841,-4.676923076923076,-6.621799999999983e-05
2842,-4.673076923076923,0.0
2843,-4.669230769230769,0.0
2844,-4.665384615384616,-6.621799999999983e-05
2845,-4.661538461538461,-3.3108999999999916e-05
2846,-4.657692307692308,3.3108999999999916e-05
2847,-4.653846153846153,-3.3108999999999916e-05
2848,-4.65,-6.621799999999983e-05
2849,-4.646153846153846,-3.3108999999999916e-05
2850,-4.642307692307693,3.3108999999999916e-05
2851,-4.638461538461538,0.0
2852,-4.634615384615385,-3.3108999999999916e-05
2853,-4.63076923076923,3.3108999999999916e-05
2854,-4.626923076923077,3.3108999999999916e-05
2855,-4.623076923076923,-3.3108999999999916e-05
2856,-4.61923076923077,-3.3108999999999916e-05
2857,-4.615384615384615,0.0
2858,-4.611538461538462,0.0
2859,-4.607692307692307,-6.621799999999983e-05
2860,-4.603846153846154,3.3108999999999916e-05
2861,-4.6,3.3108999999999916e-05
2862,-4.596153846153847,0.0
2863,-4.592307692307692,-6.621799999999983e-05
2864,-4.588461538461539,0.0
2865,-4.584615384615384,3.3108999999999916e-05
2866,-4.580769230769231,-3.3108999999999916e-05
2867,-4.576923076923077,-3.3108999999999916e-05
2868,-4.573076923076924,0.0
2869,-4.569230769230769,3.3108999999999916e-05
2870,-4.565384615384616,-6.621799999999983e-05
2871,-4.561538461538461,-3.3108999999999916e-05
2872,-4.557692307692308,3.3108999999999916e-05
2873,-4.553846153846154,-6.621799999999983e-05
2874,-4.550000000000001,-6.621799999999983e-05
2875,-4.546153846153846,0.0
2876,-4.542307692307693,0.0
2877,-4.538461538461538,-3.3108999999999916e-05
2878,-4.534615384615385,-3.3108999999999916e-05
2879,-4.530769230769231,0.0
2880,-4.526923076923078,0.0
2881,-4.523076923076923,-6.621799999999983e-05
2882,-4.519230769230768,0.0
2883,-4.515384615384615,0.0
2884,-4.511538461538461,-3.3108999999999916e-05
2885,-4.507692307692308,0.0
2886,-4.503846153846153,3.3108999999999916e-05
2887,-4.5,0.0
2888,-4.496153846153845,-6.621799999999983e-05
2889,-4.492307692307692,0.0
2890,-4.488461538461538,3.3108999999999916e-05
2891,-4.484615384615385,-3.3108999999999916e-05
2892,-4.48076923076923,3.3108999999999916e-05
2893,-4.476923076923077,3.3108999999999916e-05
2894,-4.473076923076922,0.0
2895,-4.469230769230769,-6.621799999999983e-05
2896,-4.465384615384615,0.0
2897,-4.461538461538462,3.3108999999999916e-05
2898,-4.457692307692307,-3.3108999999999916e-05
2899,-4.453846153846154,-3.3108999999999916e-05
2900,-4.449999999999999,0.0
2901,-4.446153846153846,3.3108999999999916e-05
2902,-4.442307692307692,-6.621799999999983e-05
2903,-4.438461538461539,-6.621799999999983e-05
2904,-4.434615384615384,3.3108999999999916e-05
2905,-4.430769230769231,-3.3108999999999916e-05
2906,-4.426923076923076,-6.621799999999983e-05
2907,-4.423076923076923,-3.3108999999999916e-05
2908,-4.419230769230769,3.3108999999999916e-05
2909,-4.415384615384616,0.0
2910,-4.411538461538461,-3.3108999999999916e-05
2911,-4.407692307692308,0.0
2912,-4.403846153846153,0.0
2913,-4.4,-3.3108999999999916e-05
2914,-4.396153846153846,-6.621799999999983e-05
2915,-4.392307692307693,3.3108999999999916e-05
2916,-4.388461538461538,3.3108999999999916e-05
2917,-4.384615384615385,-3.3108999999999916e-05
2918,-4.38076923076923,3.3108999999999916e-05
2919,-4.376923076923077,3.3108999999999916e-05
2920,-4.373076923076923,0.0
2921,-4.36923076923077,-6.621799999999983e-05
2922,-4.365384615384615,-3.3108999999999916e-05
2923,-4.361538461538462,3.3108999999999916e-05
2924,-4.357692307692307,0.0
2925,-4.353846153846154,-3.3108999999999916e-05
2926,-4.35,0.0
2927,-4.346153846153847,3.3108999999999916e-05
2928,-4.342307692307692,-3.3108999999999916e-05
2929,-4.338461538461539,-3.3108999999999916e-05
2930,-4.334615384615384,0.0
2931,-4.330769230769231,-3.3108999999999916e-05
2932,-4.326923076923077,-3.3108999999999916e-05
2933,-4.323076923076924,-6.621799999999983e-05
2934,-4.319230769230769,3.3108999999999916e-05
2935,-4.315384615384616,3.3108999999999916e-05
2936,-4.311538461538461,-3.3108999999999916e-05
2937,-4.307692307692308,3.3108999999999916e-05
2938,-4.303846153846154,0.0
2939,-4.300000000000001,-3.3108999999999916e-05
2940,-4.296153846153846,-3.3108999999999916e-05
2941,-4.292307692307693,3.3108999999999916e-05
2942,-4.288461538461538,3.3108999999999916e-05
2943,-4.284615384615385,0.0
2944,-4.280769230769231,3.3108999999999916e-05
2945,-4.276923076923076,3.3108999999999916e-05
2946,-4.273076923076923,0.0
2947,-4.269230769230768,-6.621799999999983e-05
2948,-4.265384615384615,0.0
2949,-4.261538461538461,3.3108999999999916e-05
2950,-4.257692307692308,-6.621799999999983e-05
2951,-4.253846153846153,-3.3108999999999916e-05
2952,-4.25,3.3108999999999916e-05
2953,-4.246153846153845,3.3108999999999916e-05
2954,-4.242307692307692,-3.3108999999999916e-05
2955,-4.238461538461538,-3.3108999999999916e-05
2956,-4.234615384615385,3.3108999999999916e-05
2957,-4.23076923076923,-3.3108999999999916e-05
2958,-4.226923076923077,-3.3108999999999916e-05
2959,-4.223076923076922,0.0
2960,-4.219230769230769,0.0
2961,-4.215384615384615,-3.3108999999999916e-05
2962,-4.211538461538462,-3.3108999999999916e-05
2963,-4.207692307692307,3.3108999999999916e-05
2964,-4.203846153846154,-3.3108999999999916e-05
2965,-4.199999999999999,-6.621799999999983e-05
2966,-4.196153846153846,3.3108999999999916e-05
2967,-4.192307692307692,0.0
2968,-4.188461538461539,-6.621799999999983e-05
2969,-4.184615384615384,-3.3108999999999916e-05
2970,-4.180769230769231,0.0
2971,-4.176923076923076,0.0
2972,-4.173076923076923,-6.621799999999983e-05
2973,-4.169230769230769,3.3108999999999916e-05
2974,-4.165384615384616,3.3108999999999916e-05
2975,-4.161538461538461,-6.621799999999983e-05
2976,-4.157692307692308,0.0
2977,-4.153846153846153,0.0
2978,-4.15,0.0
2979,-4.146153846153846,-6.621799999999983e-05
2980,-4.142307692307693,0.0
2981,-4.138461538461538,3.3108999999999916e-05
2982,-4.134615384615385,-3.3108999999999916e-05
2983,-4.13076923076923,-6.621799999999983e-05
2984,-4.126923076923077,-3.3108999999999916e-05
2985,-4.123076923076923,0.0
2986,-4.11923076923077,0.0
2987,-4.115384615384615,-3.3108999999999916e-05
2988,-4.111538461538462,0.0
2989,-4.107692307692307,0.0
2990,-4.103846153846154,-3.3108999999999916e-05
2991,-4.1,-6.621799999999983e-05
2992,-4.096153846153847,-3.3108999999999916e-05
2993,-4.092307692307692,3.3108999999999916e-05
2994,-4.088461538461539,-3.3108999999999916e-05
2995,-4.084615384615384,-6.621799999999983e-05
2996,-4.080769230769231,3.3108999999999916e-05
2997,-4.076923076923077,3.3108999999999916e-05
2998,-4.073076923076924,-3.3108999999999916e-05
2999,-4.069230769230769,-3.3108999999999916e-05
3000,-4.065384615384616,0.0
3001,-4.061538461538461,3.3108999999999916e-05
3002,-4.057692307692308,-3.3108999999999916e-05
3003,-4.053846153846154,0.0
3004,-4.050000000000001,3.3108999999999916e-05
3005,-4.046153846153846,0.0
3006,-4.042307692307693,-3.3108999999999916e-05
3007,-4.038461538461538,-3.3108999999999916e-05
3008,-4.034615384615384,3.3108999999999916e-05
3009,-4.030769230769231,-3.3108999999999916e-05
3010,-4.026923076923076,-3.3108999999999916e-05
3011,-4.023076923076923,0.0
3012,-4.019230769230768,3.3108999999999916e-05
3013,-4.015384615384615,-3.3108999999999916e-05
3014,-4.011538461538461,-3.3108999999999916e-05
3015,-4.007692307692308,0.0
3016,-4.003846153846153,-3.3108999999999916e-05
3017,-4.0,-6.621799999999983e-05
3018,-3.9961538461538453,3.3108999999999916e-05
3019,-3.9923076923076923,3.3108999999999916e-05
3020,-3.9884615384615376,-6.621799999999983e-05
3021,-3.9846153846153847,-6.621799999999983e-05
3022,-3.98076923076923,3.3108999999999916e-05
3023,-3.976923076923077,0.0
3024,-3.9730769230769223,-6.621799999999983e-05
3025,-3.9692307692307693,0.0
3026,-3.9653846153846146,3.3108999999999916e-05
3027,-3.9615384615384617,-3.3108999999999916e-05
3028,-3.957692307692307,0.0
3029,-3.953846153846154,3.3108999999999916e-05
3030,-3.9499999999999993,0.0
3031,-3.9461538461538463,-6.621799999999983e-05
3032,-3.9423076923076916,0.0
3033,-3.9384615384615387,3.3108999999999916e-05
3034,-3.934615384615384,-3.3108999999999916e-05
3035,-3.930769230769231,-3.3108999999999916e-05
3036,-3.9269230769230763,3.3108999999999916e-05
3037,-3.9230769230769234,0.0
3038,-3.9192307692307686,-3.3108999999999916e-05
3039,-3.9153846153846157,-3.3108999999999916e-05
3040,-3.911538461538461,3.3108999999999916e-05
3041,-3.907692307692308,-3.3108999999999916e-05
3042,-3.9038461538461533,-3.3108999999999916e-05
3043,-3.9000000000000004,0.0
3044,-3.8961538461538456,3.3108999999999916e-05
3045,-3.8923076923076927,-3.3108999999999916e-05
3046,-3.888461538461538,-3.3108999999999916e-05
3047,-3.884615384615385,0.0
3048,-3.8807692307692303,-3.3108999999999916e-05
3049,-3.8769230769230774,-6.621799999999983e-05
3050,-3.8730769230769226,-3.3108999999999916e-05
3051,-3.8692307692307697,0.0
3052,-3.865384615384615,0.0
3053,-3.861538461538462,-6.621799999999983e-05
3054,-3.8576923076923073,3.3108999999999916e-05
3055,-3.8538461538461544,3.3108999999999916e-05
3056,-3.8499999999999996,-3.3108999999999916e-05
3057,-3.8461538461538467,-6.621799999999983e-05
3058,-3.842307692307692,3.3108999999999916e-05
3059,-3.838461538461539,3.3108999999999916e-05
3060,-3.8346153846153843,-3.3108999999999916e-05
3061,-3.8307692307692314,0.0
3062,-3.8269230769230766,3.3108999999999916e-05
3063,-3.8230769230769237,0.0
3064,-3.819230769230769,-6.621799999999983e-05
3065,-3.815384615384616,-3.3108999999999916e-05
3066,-3.8115384615384613,3.3108999999999916e-05
3067,-3.8076923076923084,-3.3108999999999916e-05
3068,-3.8038461538461537,-3.3108999999999916e-05
3069,-3.8000000000000007,0.0
3070,-3.796153846153846,3.3108999999999916e-05
3071,-3.792307692307693,0.0
3072,-3.7884615384615383,-6.621799999999983e-05
3073,-3.7846153846153836,0.0
3074,-3.7807692307692307,-3.3108999999999916e-05
3075,-3.776923076923076,-6.621799999999983e-05
3076,-3.773076923076923,-6.621799999999983e-05
3077,-3.7692307692307683,0.0
3078,-3.7653846153846153,3.3108999999999916e-05
3079,-3.7615384615384606,-6.621799999999983e-05
3080,-3.7576923076923077,3.3108999999999916e-05
3081,-3.753846153846153,3.3108999999999916e-05
3082,-3.75,0.0
3083,-3.7461538461538453,-6.621799999999983e-05
3084,-3.7423076923076923,0.0
3085,-3.7384615384615376,3.3108999999999916e-05
3086,-3.7346153846153847,-3.3108999999999916e-05
3087,-3.73076923076923,0.0
3088,-3.726923076923077,0.0
3089,-3.7230769230769223,3.3108999999999916e-05
3090,-3.7192307692307693,-3.3108999999999916e-05
3091,-3.7153846153846146,-6.621799999999983e-05
3092,-3.7115384615384617,3.3108999999999916e-05
3093,-3.707692307692307,-3.3108999999999916e-05
3094,-3.703846153846154,-3.3108999999999916e-05
3095,-3.6999999999999993,0.0
3096,-3.6961538461538463,3.3108999999999916e-05
3097,-3.6923076923076916,-3.3108999999999916e-05
3098,-3.6884615384615387,-6.621799999999983e-05
3099,-3.684615384615384,0.0
3100,-3.680769230769231,-3.3108999999999916e-05
3101,-3.6769230769230763,-6.621799999999983e-05
3102,-3.6730769230769234,0.0
3103,-3.6692307692307686,0.0
3104,-3.6653846153846157,-3.3108999999999916e-05
3105,-3.661538461538461,-3.3108999999999916e-05
3106,-3.657692307692308,3.3108999999999916e-05
3107,-3.6538461538461533,-3.3108999999999916e-05
3108,-3.6500000000000004,-6.621799999999983e-05
3109,-3.6461538461538456,-6.621799999999983e-05
3110,-3.6423076923076927,3.3108999999999916e-05
3111,-3.638461538461538,0.0
3112,-3.634615384615385,-3.3108999999999916e-05
3113,-3.6307692307692303,3.3108999999999916e-05
3114,-3.6269230769230774,0.0
3115,-3.6230769230769226,-6.621799999999983e-05
3116,-3.6192307692307697,-3.3108999999999916e-05
3117,-3.615384615384615,0.0
3118,-3.611538461538462,-3.3108999999999916e-05
3119,-3.6076923076923073,-6.621799999999983e-05
3120,-3.6038461538461544,0.0
3121,-3.5999999999999996,0.0
3122,-3.5961538461538467,-3.3108999999999916e-05
3123,-3.592307692307692,-3.3108999999999916e-05
3124,-3.588461538461539,3.3108999999999916e-05
3125,-3.5846153846153843,3.3108999999999916e-05
3126,-3.5807692307692314,-6.621799999999983e-05
3127,-3.5769230769230766,-6.621799999999983e-05
3128,-3.5730769230769237,3.3108999999999916e-05
3129,-3.569230769230769,0.0
3130,-3.565384615384616,-3.3108999999999916e-05
3131,-3.5615384615384613,-6.621799999999983e-05
3132,-3.5576923076923084,3.3108999999999916e-05
3133,-3.5538461538461537,0.0
3134,-3.5500000000000007,-6.621799999999983e-05
3135,-3.546153846153846,-3.3108999999999916e-05
3136,-3.542307692307693,3.3108999999999916e-05
3137,-3.5384615384615383,-3.3108999999999916e-05
3138,-3.5346153846153836,-3.3108999999999916e-05
3139,-3.5307692307692307,3.3108999999999916e-05
3140,-3.526923076923076,3.3108999999999916e-05
3141,-3.523076923076923,-3.3108999999999916e-05
3142,-3.5192307692307683,-3.3108999999999916e-05
3143,-3.5153846153846153,0.0
3144,-3.5115384615384606,3.3108999999999916e-05
3145,-3.5076923076923077,-3.3108999999999916e-05
3146,-3.503846153846153,-3.3108999999999916e-05
3147,-3.5,3.3108999999999916e-05
3148,-3.4961538461538453,3.3108999999999916e-05
3149,-3.4923076923076923,-3.3108999999999916e-05
3150,-3.4884615384615376,-3.3108999999999916e-05
3151,-3.4846153846153847,0.0
3152,-3.48076923076923,-3.3108999999999916e-05
3153,-3.476923076923077,-6.621799999999983e-05
3154,-3.4730769230769223,-3.3108999999999916e-05
3155,-3.4692307692307693,0.0
3156,-3.4653846153846146,0.0
3157,-3.4615384615384617,-6.621799999999983e-05
3158,-3.457692307692307,3.3108999999999916e-05
3159,-3.453846153846154,0.0
3160,-3.4499999999999993,-3.3108999999999916e-05
3161,-3.4461538461538463,-3.3108999999999916e-05
3162,-3.4423076923076916,3.3108999999999916e-05
3163,-3.4384615384615387,0.0
3164,-3.434615384615384,-6.621799999999983e-05
3165,-3.430769230769231,3.3108999999999916e-05
3166,-3.4269230769230763,3.3108999999999916e-05
3167,-3.4230769230769234,-3.3108999999999916e-05
3168,-3.4192307692307686,-6.621799999999983e-05
3169,-3.4153846153846157,0.0
3170,-3.411538461538461,3.3108999999999916e-05
3171,-3.407692307692308,-6.621799999999983e-05
3172,-3.4038461538461533,-3.3108999999999916e-05
3173,-3.4000000000000004,0.0
3174,-3.3961538461538456,0.0
3175,-3.3923076923076927,-3.3108999999999916e-05
3176,-3.388461538461538,0.0
3177,-3.384615384615385,0.0
3178,-3.3807692307692303,-3.3108999999999916e-05
3179,-3.3769230769230774,-6.621799999999983e-05
3180,-3.3730769230769226,3.3108999999999916e-05
3181,-3.3692307692307697,0.0
3182,-3.365384615384615,-3.3108999999999916e-05
3183,-3.361538461538462,-3.3108999999999916e-05
3184,-3.3576923076923073,0.0
3185,-3.3538461538461544,-3.3108999999999916e-05
3186,-3.3499999999999996,-3.3108999999999916e-05
3187,-3.3461538461538467,0.0
3188,-3.342307692307692,0.0
3189,-3.338461538461539,-6.621799999999983e-05
3190,-3.3346153846153843,-3.3108999999999916e-05
3191,-3.3307692307692314,3.3108999999999916e-05
3192,-3.3269230769230766,0.0
3193,-3.3230769230769237,-6.621799999999983e-05
3194,-3.319230769230769,0.0
3195,-3.315384615384616,0.0
3196,-3.3115384615384613,-3.3108999999999916e-05
3197,-3.3076923076923084,-3.3108999999999916e-05
3198,-3.3038461538461537,3.3108999999999916e-05
3199,-3.3000000000000007,-3.3108999999999916e-05
3200,-3.296153846153846,-3.3108999999999916e-05
3201,-3.2923076923076913,-3.3108999999999916e-05
3202,-3.2884615384615383,3.3108999999999916e-05
3203,-3.2846153846153836,0.0
3204,-3.2807692307692307,-3.3108999999999916e-05
3205,-3.276923076923076,-6.621799999999983e-05
3206,-3.273076923076923,3.3108999999999916e-05
3207,-3.2692307692307683,0.0
3208,-3.2653846153846153,-3.3108999999999916e-05
3209,-3.2615384615384606,-3.3108999999999916e-05
3210,-3.2576923076923077,0.0
3211,-3.253846153846153,-3.3108999999999916e-05
3212,-3.25,-3.3108999999999916e-05
3213,-3.2461538461538453,-3.3108999999999916e-05
3214,-3.2423076923076923,0.0
3215,-3.2384615384615376,-3.3108999999999916e-05
3216,-3.2346153846153847,-3.3108999999999916e-05
3217,-3.23076923076923,3.3108999999999916e-05
3218,-3.226923076923077,0.0
3219,-3.2230769230769223,-3.3108999999999916e-05
3220,-3.2192307692307693,-3.3108999999999916e-05
3221,-3.2153846153846146,3.3108999999999916e-05
3222,-3.2115384615384617,0.0
3223,-3.207692307692307,-3.3108999999999916e-05
3224,-3.203846153846154,0.0
3225,-3.1999999999999993,3.3108999999999916e-05
3226,-3.1961538461538463,-3.3108999999999916e-05
3227,-3.1923076923076916,-3.3108999999999916e-05
3228,-3.1884615384615387,0.0
3229,-3.184615384615384,3.3108999999999916e-05
3230,-3.180769230769231,-3.3108999999999916e-05
3231,-3.1769230769230763,-3.3108999999999916e-05
3232,-3.1730769230769234,3.3108999999999916e-05
3233,-3.1692307692307686,0.0
3234,-3.1653846153846157,-3.3108999999999916e-05
3235,-3.161538461538461,-3.3108999999999916e-05
3236,-3.157692307692308,0.0
3237,-3.1538461538461533,-3.3108999999999916e-05
3238,-3.1500000000000004,-3.3108999999999916e-05
3239,-3.1461538461538456,0.0
3240,-3.1423076923076927,0.0
3241,-3.138461538461538,-6.621799999999983e-05
3242,-3.134615384615385,0.0
3243,-3.1307692307692303,3.3108999999999916e-05
3244,-3.1269230769230774,-3.3108999999999916e-05
3245,-3.1230769230769226,-6.621799999999983e-05
3246,-3.1192307692307697,3.3108999999999916e-05
3247,-3.115384615384615,3.3108999999999916e-05
3248,-3.111538461538462,-3.3108999999999916e-05
3249,-3.1076923076923073,3.3108999999999916e-05
3250,-3.1038461538461544,0.0
3251,-3.0999999999999996,-3.3108999999999916e-05
3252,-3.0961538461538467,-6.621799999999983e-05
3253,-3.092307692307692,3.3108999999999916e-05
3254,-3.088461538461539,6.621799999999983e-05
3255,-3.0846153846153843,-3.3108999999999916e-05
3256,-3.0807692307692314,0.0
3257,-3.0769230769230766,3.3108999999999916e-05
3258,-3.0730769230769237,0.0
3259,-3.069230769230769,-6.621799999999983e-05
3260,-3.065384615384616,0.0
3261,-3.0615384615384613,3.3108999999999916e-05
3262,-3.0576923076923084,-3.3108999999999916e-05
3263,-3.0538461538461537,-3.3108999999999916e-05
3264,-3.049999999999999,3.3108999999999916e-05
3265,-3.046153846153846,0.0
3266,-3.0423076923076913,-3.3108999999999916e-05
3267,-3.0384615384615383,-6.621799999999983e-05
3268,-3.0346153846153836,0.0
3269,-3.0307692307692307,-6.621799999999983e-05
3270,-3.026923076923076,-3.3108999999999916e-05
3271,-3.023076923076923,0.0
3272,-3.0192307692307683,3.3108999999999916e-05
3273,-3.0153846153846153,-3.3108999999999916e-05
3274,-3.0115384615384606,-3.3108999999999916e-05
3275,-3.0076923076923077,3.3108999999999916e-05
3276,-3.003846153846153,-3.3108999999999916e-05
3277,-3.0,-3.3108999999999916e-05
3278,-2.9961538461538453,-6.621799999999983e-05
3279,-2.9923076923076923,3.3108999999999916e-05
3280,-2.9884615384615376,3.3108999999999916e-05
3281,-2.9846153846153847,-6.621799999999983e-05
3282,-2.98076923076923,3.3108999999999916e-05
3283,-2.976923076923077,0.0
3284,-2.9730769230769223,3.3108999999999916e-05
3285,-2.9692307692307693,-3.3108999999999916e-05
3286,-2.9653846153846146,-3.3108999999999916e-05
3287,-2.9615384615384617,3.3108999999999916e-05
3288,-2.957692307692307,-3.3108999999999916e-05
3289,-2.953846153846154,-6.621799999999983e-05
3290,-2.9499999999999993,0.0
3291,-2.9461538461538463,0.0
3292,-2.9423076923076916,0.0
3293,-2.9384615384615387,-6.621799999999983e-05
3294,-2.934615384615384,0.0
3295,-2.930769230769231,0.0
3296,-2.9269230769230763,-3.3108999999999916e-05
3297,-2.9230769230769234,-6.621799999999983e-05
3298,-2.9192307692307686,0.0
3299,-2.9153846153846157,0.0
3300,-2.911538461538461,-6.621799999999983e-05
3301,-2.907692307692308,0.0
3302,-2.9038461538461533,3.3108999999999916e-05
3303,-2.9000000000000004,-3.3108999999999916e-05
3304,-2.8961538461538456,-6.621799999999983e-05
3305,-2.8923076923076927,0.0
3306,-2.888461538461538,3.3108999999999916e-05
3307,-2.884615384615385,-3.3108999999999916e-05
3308,-2.8807692307692303,3.3108999999999916e-05
3309,-2.8769230769230774,3.3108999999999916e-05
3310,-2.8730769230769226,0.0
3311,-2.8692307692307697,-3.3108999999999916e-05
3312,-2.865384615384615,-3.3108999999999916e-05
3313,-2.861538461538462,0.0
3314,-2.8576923076923073,-3.3108999999999916e-05
3315,-2.8538461538461544,-6.621799999999983e-05
3316,-2.8499999999999996,0.0
3317,-2.8461538461538467,0.0
3318,-2.842307692307692,-3.3108999999999916e-05
3319,-2.838461538461539,-6.621799999999983e-05
3320,-2.8346153846153843,0.0
3321,-2.8307692307692314,-3.3108999999999916e-05
3322,-2.8269230769230766,-3.3108999999999916e-05
3323,-2.8230769230769237,-3.3108999999999916e-05
3324,-2.819230769230769,3.3108999999999916e-05
3325,-2.815384615384616,-3.3108999999999916e-05
3326,-2.8115384615384613,-3.3108999999999916e-05
3327,-2.8076923076923084,3.3108999999999916e-05
3328,-2.8038461538461537,-6.621799999999983e-05
3329,-2.799999999999999,-6.621799999999983e-05
3330,-2.796153846153846,0.0
3331,-2.7923076923076913,0.0
3332,-2.7884615384615383,0.0
3333,-2.7846153846153836,-3.3108999999999916e-05
3334,-2.7807692307692307,3.3108999999999916e-05
3335,-2.776923076923076,0.0
3336,-2.773076923076923,-6.621799999999983e-05
3337,-2.7692307692307683,-3.3108999999999916e-05
3338,-2.7653846153846153,3.3108999999999916e-05
3339,-2.7615384615384606,0.0
3340,-2.7576923076923077,-3.3108999999999916e-05
3341,-2.753846153846153,0.0
3342,-2.75,3.3108999999999916e-05
3343,-2.7461538461538453,-3.3108999999999916e-05
3344,-2.7423076923076923,-3.3108999999999916e-05
3345,-2.7384615384615376,0.0
3346,-2.7346153846153847,0.0
3347,-2.73076923076923,-3.3108999999999916e-05
3348,-2.726923076923077,-3.3108999999999916e-05
3349,-2.7230769230769223,0.0
3350,-2.7192307692307693,3.3108999999999916e-05
3351,-2.7153846153846146,-6.621799999999983e-05
3352,-2.7115384615384617,-3.3108999999999916e-05
3353,-2.707692307692307,3.3108999999999916e-05
3354,-2.703846153846154,-3.3108999999999916e-05
3355,-2.6999999999999993,-6.621799999999983e-05
3356,-2.6961538461538463,-3.3108999999999916e-05
3357,-2.6923076923076916,3.3108999999999916e-05
3358,-2.6884615384615387,0.0
3359,-2.684615384615384,-6.621799999999983e-05
3360,-2.680769230769231,3.3108999999999916e-05
3361,-2.6769230769230763,0.0
3362,-2.6730769230769234,-3.3108999999999916e-05
3363,-2.6692307692307686,-3.3108999999999916e-05
3364,-2.6653846153846157,3.3108999999999916e-05
3365,-2.661538461538461,3.3108999999999916e-05
3366,-2.657692307692308,-3.3108999999999916e-05
3367,-2.6538461538461533,-3.3108999999999916e-05
3368,-2.6500000000000004,3.3108999999999916e-05
3369,-2.6461538461538456,3.3108999999999916e-05
3370,-2.6423076923076927,-6.621799999999983e-05
3371,-2.638461538461538,-6.621799999999983e-05
3372,-2.634615384615385,3.3108999999999916e-05
3373,-2.6307692307692303,-3.3108999999999916e-05
3374,-2.6269230769230774,-6.621799999999983e-05
3375,-2.6230769230769226,-3.3108999999999916e-05
3376,-2.6192307692307697,3.3108999999999916e-05
3377,-2.615384615384615,-3.3108999999999916e-05
3378,-2.611538461538462,-3.3108999999999916e-05
3379,-2.6076923076923073,0.0
3380,-2.6038461538461544,0.0
3381,-2.5999999999999996,-3.3108999999999916e-05
3382,-2.5961538461538467,-3.3108999999999916e-05
3383,-2.592307692307692,3.3108999999999916e-05
3384,-2.588461538461539,0.0
3385,-2.5846153846153843,-6.621799999999983e-05
3386,-2.5807692307692314,3.3108999999999916e-05
3387,-2.5769230769230766,0.0
3388,-2.5730769230769237,-3.3108999999999916e-05
3389,-2.569230769230769,-6.621799999999983e-05
3390,-2.565384615384616,3.3108999999999916e-05
3391,-2.5615384615384613,3.3108999999999916e-05
3392,-2.5576923076923084,-3.3108999999999916e-05
3393,-2.5538461538461537,-3.3108999999999916e-05
3394,-2.549999999999999,0.0
3395,-2.546153846153846,-3.3108999999999916e-05
3396,-2.5423076923076913,-3.3108999999999916e-05
3397,-2.5384615384615383,0.0
3398,-2.5346153846153836,0.0
3399,-2.5307692307692307,-6.621799999999983e-05
3400,-2.526923076923076,-3.3108999999999916e-05
3401,-2.523076923076923,3.3108999999999916e-05
3402,-2.5192307692307683,0.0
3403,-2.5153846153846153,-6.621799999999983e-05
3404,-2.5115384615384606,0.0
3405,-2.5076923076923077,0.0
3406,-2.503846153846153,-6.621799999999983e-05
3407,-2.5,-3.3108999999999916e-05
3408,-2.4961538461538453,3.3108999999999916e-05
3409,-2.4923076923076923,-3.3108999999999916e-05
3410,-2.4884615384615376,-6.621799999999983e-05
3411,-2.4846153846153847,0.0
3412,-2.48076923076923,0.0
3413,-2.476923076923077,-6.621799999999983e-05
3414,-2.4730769230769223,-3.3108999999999916e-05
3415,-2.4692307692307693,0.0
3416,-2.4653846153846146,0.0
3417,-2.4615384615384617,-3.3108999999999916e-05
3418,-2.457692307692307,3.3108999999999916e-05
3419,-2.453846153846154,0.0
3420,-2.4499999999999993,-3.3108999999999916e-05
3421,-2.4461538461538463,-6.621799999999983e-05
3422,-2.4423076923076916,3.3108999999999916e-05
3423,-2.4384615384615387,3.3108999999999916e-05
3424,-2.434615384615384,-3.3108999999999916e-05
3425,-2.430769230769231,3.3108999999999916e-05
3426,-2.4269230769230763,3.3108999999999916e-05
3427,-2.4230769230769234,3.3108999999999916e-05
3428,-2.4192307692307686,-3.3108999999999916e-05
3429,-2.4153846153846157,-3.3108999999999916e-05
3430,-2.411538461538461,0.0
3431,-2.407692307692308,0.0
3432,-2.4038461538461533,-3.3108999999999916e-05
3433,-2.4000000000000004,-3.3108999999999916e-05
3434,-2.3961538461538456,3.3108999999999916e-05
3435,-2.3923076923076927,-3.3108999999999916e-05
3436,-2.388461538461538,-6.621799999999983e-05
3437,-2.384615384615385,0.0
3438,-2.3807692307692303,0.0
3439,-2.3769230769230774,-3.3108999999999916e-05
3440,-2.3730769230769226,-6.621799999999983e-05
3441,-2.3692307692307697,0.0
3442,-2.365384615384615,0.0
3443,-2.361538461538462,-3.3108999999999916e-05
3444,-2.3576923076923073,-3.3108999999999916e-05
3445,-2.3538461538461544,0.0
3446,-2.3499999999999996,3.3108999999999916e-05
3447,-2.3461538461538467,-3.3108999999999916e-05
3448,-2.342307692307692,-3.3108999999999916e-05
3449,-2.338461538461539,0.0
3450,-2.3346153846153843,-3.3108999999999916e-05
3451,-2.3307692307692314,-3.3108999999999916e-05
3452,-2.3269230769230766,0.0
3453,-2.3230769230769237,3.3108999999999916e-05
3454,-2.319230769230769,-3.3108999999999916e-05
3455,-2.315384615384616,-3.3108999999999916e-05
3456,-2.3115384615384613,3.3108999999999916e-05
3457,-2.3076923076923066,-3.3108999999999916e-05
3458,-2.3038461538461537,-3.3108999999999916e-05
3459,-2.299999999999999,0.0
3460,-2.296153846153846,3.3108999999999916e-05
3461,-2.2923076923076913,-3.3108999999999916e-05
3462,-2.2884615384615383,-3.3108999999999916e-05
3463,-2.2846153846153836,3.3108999999999916e-05
3464,-2.2807692307692307,0.0
3465,-2.276923076923076,-6.621799999999983e-05
3466,-2.273076923076923,-6.621799999999983e-05
3467,-2.2692307692307683,0.0
3468,-2.2653846153846153,0.0
3469,-2.2615384615384606,-6.621799999999983e-05
3470,-2.2576923076923077,3.3108999999999916e-05
3471,-2.253846153846153,3.3108999999999916e-05
3472,-2.25,-6.621799999999983e-05
3473,-2.2461538461538453,-3.3108999999999916e-05
3474,-2.2423076923076923,3.3108999999999916e-05
3475,-2.2384615384615376,3.3108999999999916e-05
3476,-2.2346153846153847,0.0
3477,-2.23076923076923,3.3108999999999916e-05
3478,-2.226923076923077,3.3108999999999916e-05
3479,-2.2230769230769223,-3.3108999999999916e-05
3480,-2.2192307692307693,-6.621799999999983e-05
3481,-2.2153846153846146,0.0
3482,-2.2115384615384617,0.0
3483,-2.207692307692307,-6.621799999999983e-05
3484,-2.203846153846154,0.0
3485,-2.1999999999999993,3.3108999999999916e-05
3486,-2.1961538461538463,0.0
3487,-2.1923076923076916,-6.621799999999983e-05
3488,-2.1884615384615387,0.0
3489,-2.184615384615384,3.3108999999999916e-05
3490,-2.180769230769231,-3.3108999999999916e-05
3491,-2.1769230769230763,-3.3108999999999916e-05
3492,-2.1730769230769234,0.0
3493,-2.1692307692307686,3.3108999999999916e-05
3494,-2.1653846153846157,-6.621799999999983e-05
3495,-2.161538461538461,-6.621799999999983e-05
3496,-2.157692307692308,3.3108999999999916e-05
3497,-2.1538461538461533,-3.3108999999999916e-05
3498,-2.1500000000000004,-6.621799999999983e-05
3499,-2.1461538461538456,-3.3108999999999916e-05
3500,-2.1423076923076927,3.3108999999999916e-05
3501,-2.138461538461538,0.0
3502,-2.134615384615385,-6.621799999999983e-05
3503,-2.1307692307692303,3.3108999999999916e-05
3504,-2.1269230769230774,0.0
3505,-2.1230769230769226,0.0
3506,-2.1192307692307697,-3.3108999999999916e-05
3507,-2.115384615384615,0.0
3508,-2.111538461538462,3.3108999999999916e-05
3509,-2.1076923076923073,-3.3108999999999916e-05
3510,-2.1038461538461544,0.0
3511,-2.0999999999999996,3.3108999999999916e-05
3512,-2.0961538461538467,3.3108999999999916e-05
3513,-2.092307692307692,-6.621799999999983e-05
3514,-2.088461538461539,-3.3108999999999916e-05
3515,-2.0846153846153843,3.3108999999999916e-05
3516,-2.0807692307692314,-3.3108999999999916e-05
3517,-2.0769230769230766,-6.621799999999983e-05
3518,-2.0730769230769237,-3.3108999999999916e-05
3519,-2.069230769230769,3.3108999999999916e-05
3520,-2.0653846153846143,-3.3108999999999916e-05
3521,-2.0615384615384613,-3.3108999999999916e-05
3522,-2.0576923076923066,3.3108999999999916e-05
3523,-2.0538461538461537,-3.3108999999999916e-05
3524,-2.049999999999999,-3.3108999999999916e-05
3525,-2.046153846153846,-3.3108999999999916e-05
3526,-2.0423076923076913,3.3108999999999916e-05
3527,-2.0384615384615383,0.0
3528,-2.0346153846153836,-6.621799999999983e-05
3529,-2.0307692307692307,3.3108999999999916e-05
3530,-2.026923076923076,0.0
3531,-2.023076923076923,-3.3108999999999916e-05
3532,-2.0192307692307683,-3.3108999999999916e-05
3533,-2.0153846153846153,3.3108999999999916e-05
3534,-2.0115384615384606,0.0
3535,-2.0076923076923077,-6.621799999999983e-05
3536,-2.003846153846153,3.3108999999999916e-05
3537,-2.0,0.0
3538,-1.9961538461538453,-3.3108999999999916e-05
3539,-1.9923076923076923,-3.3108999999999916e-05
3540,-1.9884615384615376,3.3108999999999916e-05
3541,-1.9846153846153847,0.0
3542,-1.98076923076923,3.3108999999999916e-05
3543,-1.976923076923077,3.3108999999999916e-05
3544,-1.9730769230769223,3.3108999999999916e-05
3545,-1.9692307692307693,-3.3108999999999916e-05
3546,-1.9653846153846146,-3.3108999999999916e-05
3547,-1.9615384615384617,0.0
3548,-1.957692307692307,0.0
3549,-1.953846153846154,-6.621799999999983e-05
3550,-1.9499999999999993,0.0
3551,-1.9461538461538463,3.3108999999999916e-05
3552,-1.9423076923076916,0.0
3553,-1.9384615384615387,-6.621799999999983e-05
3554,-1.934615384615384,0.0
3555,-1.930769230769231,0.0
3556,-1.9269230769230763,-3.3108999999999916e-05
3557,-1.9230769230769234,-6.621799999999983e-05
3558,-1.9192307692307686,3.3108999999999916e-05
3559,-1.9153846153846157,3.3108999999999916e-05
3560,-1.911538461538461,-3.3108999999999916e-05
3561,-1.907692307692308,-3.3108999999999916e-05
3562,-1.9038461538461533,3.3108999999999916e-05
3563,-1.9000000000000004,0.0
3564,-1.8961538461538456,-3.3108999999999916e-05
3565,-1.8923076923076927,-3.3108999999999916e-05
3566,-1.888461538461538,3.3108999999999916e-05
3567,-1.884615384615385,0.0
3568,-1.8807692307692303,-3.3108999999999916e-05
3569,-1.8769230769230774,-3.3108999999999916e-05
3570,-1.8730769230769226,3.3108999999999916e-05
3571,-1.8692307692307697,0.0
3572,-1.865384615384615,-3.3108999999999916e-05
3573,-1.861538461538462,0.0
3574,-1.8576923076923073,3.3108999999999916e-05
3575,-1.8538461538461544,-3.3108999999999916e-05
3576,-1.8499999999999996,-6.621799999999983e-05
3577,-1.8461538461538467,0.0
3578,-1.842307692307692,0.0
3579,-1.838461538461539,-3.3108999999999916e-05
3580,-1.8346153846153843,-3.3108999999999916e-05
3581,-1.8307692307692314,3.3108999999999916e-05
3582,-1.8269230769230766,0.0
3583,-1.8230769230769237,-6.621799999999983e-05
3584,-1.819230769230769,0.0
3585,-1.8153846153846143,3.3108999999999916e-05
3586,-1.8115384615384613,0.0
3587,-1.8076923076923066,-6.621799999999983e-05
3588,-1.8038461538461537,0.0
3589,-1.799999999999999,3.3108999999999916e-05
3590,-1.796153846153846,-3.3108999999999916e-05
3591,-1.7923076923076913,-3.3108999999999916e-05
3592,-1.7884615384615383,3.3108999999999916e-05
3593,-1.7846153846153836,0.0
3594,-1.7807692307692307,-3.3108999999999916e-05
3595,-1.776923076923076,-3.3108999999999916e-05
3596,-1.773076923076923,3.3108999999999916e-05
3597,-1.7692307692307683,-3.3108999999999916e-05
3598,-1.7653846153846153,-3.3108999999999916e-05
3599,-1.7615384615384606,0.0
3600,-1.7576923076923077,0.0
3601,-1.753846153846153,-3.3108999999999916e-05
3602,-1.75,-3.3108999999999916e-05
3603,-1.7461538461538453,0.0
3604,-1.7423076923076923,0.0
3605,-1.7384615384615376,-3.3108999999999916e-05
3606,-1.7346153846153847,0.0
3607,-1.73076923076923,0.0
3608,-1.726923076923077,-3.3108999999999916e-05
3609,-1.7230769230769223,-6.621799999999983e-05
3610,-1.7192307692307693,3.3108999999999916e-05
3611,-1.7153846153846146,0.0
3612,-1.7115384615384617,-3.3108999999999916e-05
3613,-1.707692307692307,3.3108999999999916e-05
3614,-1.703846153846154,0.0
3615,-1.6999999999999993,-3.3108999999999916e-05
3616,-1.6961538461538463,-3.3108999999999916e-05
3617,-1.6923076923076916,3.3108999999999916e-05
3618,-1.6884615384615387,0.0
3619,-1.684615384615384,-3.3108999999999916e-05
3620,-1.680769230769231,3.3108999999999916e-05
3621,-1.6769230769230763,3.3108999999999916e-05
3622,-1.6730769230769234,0.0
3623,-1.6692307692307686,-3.3108999999999916e-05
3624,-1.6653846153846157,0.0
3625,-1.661538461538461,3.3108999999999916e-05
3626,-1.657692307692308,-3.3108999999999916e-05
3627,-1.6538461538461533,-3.3108999999999916e-05
3628,-1.6500000000000004,3.3108999999999916e-05
3629,-1.6461538461538456,3.3108999999999916e-05
3630,-1.6423076923076927,-6.621799999999983e-05
3631,-1.638461538461538,-6.621799999999983e-05
3632,-1.634615384615385,3.3108999999999916e-05
3633,-1.6307692307692303,-3.3108999999999916e-05
3634,-1.6269230769230774,-6.621799999999983e-05
3635,-1.6230769230769226,-3.3108999999999916e-05
3636,-1.6192307692307697,0.0
3637,-1.615384615384615,-3.3108999999999916e-05
3638,-1.611538461538462,0.0
3639,-1.6076923076923073,6.621799999999983e-05
3640,-1.6038461538461544,3.3108999999999916e-05
3641,-1.5999999999999996,-3.3108999999999916e-05
3642,-1.5961538461538467,0.0
3643,-1.592307692307692,3.3108999999999916e-05
3644,-1.588461538461539,3.3108999999999916e-05
3645,-1.5846153846153843,-3.3108999999999916e-05
3646,-1.5807692307692314,3.3108999999999916e-05
3647,-1.5769230769230766,0.0
3648,-1.5730769230769237,0.0
3649,-1.569230769230769,-3.3108999999999916e-05
3650,-1.5653846153846143,0.0
3651,-1.5615384615384613,3.3108999999999916e-05
3652,-1.5576923076923066,-3.3108999999999916e-05
3653,-1.5538461538461537,-6.621799999999983e-05
3654,-1.549999999999999,3.3108999999999916e-05
3655,-1.546153846153846,3.3108999999999916e-05
3656,-1.5423076923076913,-3.3108999999999916e-05
3657,-1.5384615384615383,-3.3108999999999916e-05
3658,-1.5346153846153836,6.621799999999983e-05
3659,-1.5307692307692307,-3.3108999999999916e-05
3660,-1.526923076923076,-3.3108999999999916e-05
3661,-1.523076923076923,-3.3108999999999916e-05
3662,-1.5192307692307683,3.3108999999999916e-05
3663,-1.5153846153846153,-3.3108999999999916e-05
3664,-1.5115384615384606,-6.621799999999983e-05
3665,-1.5076923076923077,3.3108999999999916e-05
3666,-1.503846153846153,-3.3108999999999916e-05
3667,-1.5,-6.621799999999983e-05
3668,-1.4961538461538453,-3.3108999999999916e-05
3669,-1.4923076923076923,6.621799999999983e-05
3670,-1.4884615384615376,0.0
3671,-1.4846153846153847,-6.621799999999983e-05
3672,-1.48076923076923,3.3108999999999916e-05
3673,-1.476923076923077,3.3108999999999916e-05
3674,-1.4730769230769223,-3.3108999999999916e-05
3675,-1.4692307692307693,-6.621799999999983e-05
3676,-1.4653846153846146,0.0
3677,-1.4615384615384617,0.0
3678,-1.457692307692307,0.0
3679,-1.453846153846154,0.0
3680,-1.4499999999999993,3.3108999999999916e-05
3681,-1.4461538461538463,-3.3108999999999916e-05
3682,-1.4423076923076916,-3.3108999999999916e-05
3683,-1.4384615384615387,-3.3108999999999916e-05
3684,-1.434615384615384,0.0
3685,-1.430769230769231,0.0
3686,-1.4269230769230763,-3.3108999999999916e-05
3687,-1.4230769230769234,3.3108999999999916e-05
3688,-1.4192307692307686,-3.3108999999999916e-05
3689,-1.4153846153846157,-6.621799999999983e-05
3690,-1.411538461538461,3.3108999999999916e-05
3691,-1.407692307692308,0.0
3692,-1.4038461538461533,-3.3108999999999916e-05
3693,-1.4000000000000004,-3.3108999999999916e-05
3694,-1.3961538461538456,0.0
3695,-1.3923076923076927,0.0
3696,-1.388461538461538,-3.3108999999999916e-05
3697,-1.384615384615385,0.0
3698,-1.3807692307692303,-3.3108999999999916e-05
3699,-1.3769230769230774,-6.621799999999983e-05
3700,-1.3730769230769226,-3.3108999999999916e-05
3701,-1.3692307692307697,3.3108999999999916e-05
3702,-1.365384615384615,0.0
3703,-1.361538461538462,-6.621799999999983e-05
3704,-1.3576923076923073,3.3108999999999916e-05
3705,-1.3538461538461544,0.0
3706,-1.3499999999999996,0.0
3707,-1.3461538461538467,-6.621799999999983e-05
3708,-1.342307692307692,0.0
3709,-1.338461538461539,3.3108999999999916e-05
3710,-1.3346153846153843,-3.3108999999999916e-05
3711,-1.3307692307692314,0.0
3712,-1.3269230769230766,0.0
3713,-1.323076923076922,3.3108999999999916e-05
3714,-1.319230769230769,-3.3108999999999916e-05
3715,-1.3153846153846143,-6.621799999999983e-05
3716,-1.3115384615384613,3.3108999999999916e-05
3717,-1.3076923076923066,0.0
3718,-1.3038461538461537,-6.621799999999983e-05
3719,-1.299999999999999,-3.3108999999999916e-05
3720,-1.296153846153846,0.0
3721,-1.2923076923076913,0.0
3722,-1.2884615384615383,-3.3108999999999916e-05
3723,-1.2846153846153836,-3.3108999999999916e-05
3724,-1.2807692307692307,0.0
3725,-1.276923076923076,-3.3108999999999916e-05
3726,-1.273076923076923,-3.3108999999999916e-05
3727,-1.2692307692307683,0.0
3728,-1.2653846153846153,3.3108999999999916e-05
3729,-1.2615384615384606,-3.3108999999999916e-05
3730,-1.2576923076923077,0.0
3731,-1.253846153846153,3.3108999999999916e-05
3732,-1.25,3.3108999999999916e-05
3733,-1.2461538461538453,-3.3108999999999916e-05
3734,-1.2423076923076923,0.0
3735,-1.2384615384615376,0.0
3736,-1.2346153846153847,0.0
3737,-1.23076923076923,0.0
3738,-1.226923076923077,0.0
3739,-1.2230769230769223,3.3108999999999916e-05
3740,-1.2192307692307693,0.0
3741,-1.2153846153846146,-6.621799999999983e-05
3742,-1.2115384615384617,0.0
3743,-1.207692307692307,0.0
3744,-1.203846153846154,-3.3108999999999916e-05
3745,-1.1999999999999993,-3.3108999999999916e-05
3746,-1.1961538461538463,3.3108999999999916e-05
3747,-1.1923076923076916,0.0
3748,-1.1884615384615387,-6.621799999999983e-05
3749,-1.184615384615384,0.0
3750,-1.180769230769231,0.0
3751,-1.1769230769230763,-3.3108999999999916e-05
3752,-1.1730769230769234,-3.3108999999999916e-05
3753,-1.1692307692307686,0.0
3754,-1.1653846153846157,3.3108999999999916e-05
3755,-1.161538461538461,-6.621799999999983e-05
3756,-1.157692307692308,0.0
3757,-1.1538461538461533,3.3108999999999916e-05
3758,-1.1500000000000004,0.0
3759,-1.1461538461538456,-3.3108999999999916e-05
3760,-1.1423076923076927,3.3108999999999916e-05
3761,-1.138461538461538,0.0
3762,-1.134615384615385,-3.3108999999999916e-05
3763,-1.1307692307692303,0.0
3764,-1.1269230769230774,3.3108999999999916e-05
3765,-1.1230769230769226,0.0
3766,-1.1192307692307697,-3.3108999999999916e-05
3767,-1.115384615384615,-3.3108999999999916e-05
3768,-1.111538461538462,3.3108999999999916e-05
3769,-1.1076923076923073,-6.621799999999983e-05
3770,-1.1038461538461544,0.0
3771,-1.0999999999999996,3.3108999999999916e-05
3772,-1.0961538461538467,0.0
3773,-1.092307692307692,-6.621799999999983e-05
3774,-1.088461538461539,0.0
3775,-1.0846153846153843,3.3108999999999916e-05
3776,-1.0807692307692296,-3.3108999999999916e-05
3777,-1.0769230769230766,-6.621799999999983e-05
3778,-1.073076923076922,3.3108999999999916e-05
3779,-1.069230769230769,3.3108999999999916e-05
3780,-1.0653846153846143,-3.3108999999999916e-05
3781,-1.0615384615384613,-3.3108999999999916e-05
3782,-1.0576923076923066,0.0
3783,-1.0538461538461537,-3.3108999999999916e-05
3784,-1.049999999999999,-3.3108999999999916e-05
3785,-1.046153846153846,-3.3108999999999916e-05
3786,-1.0423076923076913,3.3108999999999916e-05
3787,-1.0384615384615383,3.3108999999999916e-05
3788,-1.0346153846153836,-3.3108999999999916e-05
3789,-1.0307692307692307,3.3108999999999916e-05
3790,-1.026923076923076,3.3108999999999916e-05
3791,-1.023076923076923,3.3108999999999916e-05
3792,-1.0192307692307683,-6.621799999999983e-05
3793,-1.0153846153846153,-3.3108999999999916e-05
3794,-1.0115384615384606,3.3108999999999916e-05
3795,-1.0076923076923077,-3.3108999999999916e-05
3796,-1.003846153846153,-3.3108999999999916e-05
3797,-1.0,0.0
3798,-0.9961538461538453,3.3108999999999916e-05
3799,-0.9923076923076923,-3.3108999999999916e-05
3800,-0.9884615384615376,0.0
3801,-0.9846153846153847,3.3108999999999916e-05
3802,-0.98076923076923,-3.3108999999999916e-05
3803,-0.976923076923077,-6.621799999999983e-05
3804,-0.9730769230769223,-3.3108999999999916e-05
3805,-0.9692307692307693,3.3108999999999916e-05
3806,-0.9653846153846146,0.0
3807,-0.9615384615384617,-6.621799999999983e-05
3808,-0.957692307692307,3.3108999999999916e-05
3809,-0.953846153846154,0.0
3810,-0.9499999999999993,-3.3108999999999916e-05
3811,-0.9461538461538463,-3.3108999999999916e-05
3812,-0.9423076923076916,3.3108999999999916e-05
3813,-0.9384615384615387,3.3108999999999916e-05
3814,-0.934615384615384,-3.3108999999999916e-05
3815,-0.930769230769231,3.3108999999999916e-05
3816,-0.9269230769230763,6.621799999999983e-05
3817,-0.9230769230769234,0.0
3818,-0.9192307692307686,-3.3108999999999916e-05
3819,-0.9153846153846157,0.0
3820,-0.911538461538461,3.3108999999999916e-05
3821,-0.907692307692308,-3.3108999999999916e-05
3822,-0.9038461538461533,0.0
3823,-0.9000000000000004,3.3108999999999916e-05
3824,-0.8961538461538456,0.0
3825,-0.8923076923076927,-6.621799999999983e-05
3826,-0.888461538461538,3.3108999999999916e-05
3827,-0.884615384615385,3.3108999999999916e-05
3828,-0.8807692307692303,-3.3108999999999916e-05
3829,-0.8769230769230774,-6.621799999999983e-05
3830,-0.8730769230769226,3.3108999999999916e-05
3831,-0.8692307692307697,0.0
3832,-0.865384615384615,-6.621799999999983e-05
3833,-0.861538461538462,-3.3108999999999916e-05
3834,-0.8576923076923073,0.0
3835,-0.8538461538461544,-6.621799999999983e-05
3836,-0.8499999999999996,-3.3108999999999916e-05
3837,-0.8461538461538467,3.3108999999999916e-05
3838,-0.842307692307692,3.3108999999999916e-05
3839,-0.838461538461539,-6.621799999999983e-05
3840,-0.8346153846153843,0.0
3841,-0.8307692307692296,0.0
3842,-0.8269230769230766,-3.3108999999999916e-05
3843,-0.8230769230769219,-6.621799999999983e-05
3844,-0.819230769230769,3.3108999999999916e-05
3845,-0.8153846153846143,0.0
3846,-0.8115384615384613,-3.3108999999999916e-05
3847,-0.8076923076923066,0.0
3848,-0.8038461538461537,3.3108999999999916e-05
3849,-0.7999999999999989,0.0
3850,-0.796153846153846,-6.621799999999983e-05
3851,-0.7923076923076913,-3.3108999999999916e-05
3852,-0.7884615384615383,3.3108999999999916e-05
3853,-0.7846153846153836,0.0
3854,-0.7807692307692307,0.0
3855,-0.7769230769230759,-3.3108999999999916e-05
3856,-0.773076923076923,3.3108999999999916e-05
3857,-0.7692307692307683,-3.3108999999999916e-05
3858,-0.7653846153846153,-3.3108999999999916e-05
3859,-0.7615384615384606,0.0
3860,-0.7576923076923077,3.3108999999999916e-05
3861,-0.7538461538461529,-6.621799999999983e-05
3862,-0.75,-3.3108999999999916e-05
3863,-0.7461538461538453,-3.3108999999999916e-05
3864,-0.7423076923076923,3.3108999999999916e-05
3865,-0.7384615384615376,-3.3108999999999916e-05
3866,-0.7346153846153847,0.0
3867,-0.73076923076923,3.3108999999999916e-05
3868,-0.726923076923077,0.0
3869,-0.7230769230769223,-3.3108999999999916e-05
3870,-0.7192307692307693,0.0
3871,-0.7153846153846146,3.3108999999999916e-05
3872,-0.7115384615384617,0.0
3873,-0.707692307692307,-3.3108999999999916e-05
3874,-0.703846153846154,3.3108999999999916e-05
3875,-0.6999999999999993,0.0
3876,-0.6961538461538463,-3.3108999999999916e-05
3877,-0.6923076923076916,-3.3108999999999916e-05
3878,-0.6884615384615387,0.0
3879,-0.684615384615384,3.3108999999999916e-05
3880,-0.680769230769231,0.0
3881,-0.6769230769230763,0.0
3882,-0.6730769230769234,3.3108999999999916e-05
3883,-0.6692307692307686,0.0
3884,-0.6653846153846157,-3.3108999999999916e-05
3885,-0.661538461538461,0.0
3886,-0.657692307692308,-3.3108999999999916e-05
3887,-0.6538461538461533,-6.621799999999983e-05
3888,-0.6500000000000004,0.0
3889,-0.6461538461538456,0.0
3890,-0.6423076923076927,-3.3108999999999916e-05
3891,-0.638461538461538,-6.621799999999983e-05
3892,-0.634615384615385,0.0
3893,-0.6307692307692303,-3.3108999999999916e-05
3894,-0.6269230769230774,-6.621799999999983e-05
3895,-0.6230769230769226,-3.3108999999999916e-05
3896,-0.6192307692307697,3.3108999999999916e-05
3897,-0.615384615384615,3.3108999999999916e-05
3898,-0.611538461538462,-3.3108999999999916e-05
3899,-0.6076923076923073,3.3108999999999916e-05
3900,-0.6038461538461544,3.3108999999999916e-05
3901,-0.5999999999999996,0.0
3902,-0.5961538461538467,-6.621799999999983e-05
3903,-0.592307692307692,0.0
3904,-0.588461538461539,3.3108999999999916e-05
3905,-0.5846153846153843,-3.3108999999999916e-05
3906,-0.5807692307692296,3.3108999999999916e-05
3907,-0.5769230769230766,0.0
3908,-0.5730769230769219,0.0
3909,-0.569230769230769,-6.621799999999983e-05
3910,-0.5653846153846143,-3.3108999999999916e-05
3911,-0.5615384615384613,3.3108999999999916e-05
3912,-0.5576923076923066,-3.3108999999999916e-05
3913,-0.5538461538461537,-3.3108999999999916e-05
3914,-0.5499999999999989,0.0
3915,-0.546153846153846,3.3108999999999916e-05
3916,-0.5423076923076913,-3.3108999999999916e-05
3917,-0.5384615384615383,-6.621799999999983e-05
3918,-0.5346153846153836,3.3108999999999916e-05
3919,-0.5307692307692307,-3.3108999999999916e-05
3920,-0.5269230769230759,-6.621799999999983e-05
3921,-0.523076923076923,-3.3108999999999916e-05
3922,-0.5192307692307683,3.3108999999999916e-05
3923,-0.5153846153846153,-3.3108999999999916e-05
3924,-0.5115384615384606,-6.621799999999983e-05
3925,-0.5076923076923077,3.3108999999999916e-05
3926,-0.5038461538461529,0.0
3927,-0.5,-3.3108999999999916e-05
3928,-0.4961538461538453,-3.3108999999999916e-05
3929,-0.49230769230769234,3.3108999999999916e-05
3930,-0.4884615384615376,0.0
3931,-0.48461538461538467,-6.621799999999983e-05
3932,-0.48076923076922995,3.3108999999999916e-05
3933,-0.476923076923077,3.3108999999999916e-05
3934,-0.4730769230769223,0.0
3935,-0.46923076923076934,-6.621799999999983e-05
3936,-0.4653846153846146,0.0
3937,-0.4615384615384617,6.621799999999983e-05
3938,-0.45769230769230695,-3.3108999999999916e-05
3939,-0.453846153846154,-6.621799999999983e-05
3940,-0.4499999999999993,3.3108999999999916e-05
3941,-0.44615384615384635,3.3108999999999916e-05
3942,-0.4423076923076916,-3.3108999999999916e-05
3943,-0.4384615384615387,-6.621799999999983e-05
3944,-0.43461538461538396,0.0
3945,-0.430769230769231,-3.3108999999999916e-05
3946,-0.4269230769230763,-3.3108999999999916e-05
3947,-0.42307692307692335,-3.3108999999999916e-05
3948,-0.41923076923076863,3.3108999999999916e-05
3949,-0.4153846153846157,0.0
3950,-0.41153846153846096,-3.3108999999999916e-05
3951,-0.407692307692308,3.3108999999999916e-05
3952,-0.4038461538461533,3.3108999999999916e-05
3953,-0.40000000000000036,0.0
3954,-0.39615384615384563,-6.621799999999983e-05
3955,-0.3923076923076927,0.0
3956,-0.38846153846153797,3.3108999999999916e-05
3957,-0.384615384615385,-3.3108999999999916e-05
3958,-0.3807692307692303,0.0
3959,-0.37692307692307736,0.0
3960,-0.37307692307692264,0.0
3961,-0.3692307692307697,-6.621799999999983e-05
3962,-0.365384615384615,0.0
3963,-0.36153846153846203,3.3108999999999916e-05
3964,-0.3576923076923073,-3.3108999999999916e-05
3965,-0.35384615384615437,-6.621799999999983e-05
3966,-0.34999999999999964,0.0
3967,-0.3461538461538467,3.3108999999999916e-05
3968,-0.342307692307692,-3.3108999999999916e-05
3969,-0.33846153846153726,-3.3108999999999916e-05
3970,-0.3346153846153843,3.3108999999999916e-05
3971,-0.3307692307692296,-3.3108999999999916e-05
3972,-0.32692307692307665,-6.621799999999983e-05
3973,-0.32307692307692193,0.0
3974,-0.319230769230769,3.3108999999999916e-05
3975,-0.31538461538461426,-3.3108999999999916e-05
3976,-0.3115384615384613,0.0
3977,-0.3076923076923066,3.3108999999999916e-05
3978,-0.30384615384615365,-3.3108999999999916e-05
3979,-0.29999999999999893,-6.621799999999983e-05
3980,-0.296153846153846,0.0
3981,-0.29230769230769127,0.0
3982,-0.2884615384615383,-6.621799999999983e-05
3983,-0.2846153846153836,-3.3108999999999916e-05
3984,-0.28076923076923066,3.3108999999999916e-05
3985,-0.27692307692307594,0.0
3986,-0.273076923076923,-6.621799999999983e-05
3987,-0.2692307692307683,-3.3108999999999916e-05
3988,-0.26538461538461533,3.3108999999999916e-05
3989,-0.2615384615384606,0.0
3990,-0.25769230769230766,0.0
3991,-0.25384615384615294,0.0
3992,-0.25,0.0
3993,-0.24615384615384528,-3.3108999999999916e-05
3994,-0.24230769230769234,0.0
3995,-0.23846153846153761,0.0
3996,-0.23461538461538467,0.0
3997,-0.23076923076922995,-6.621799999999983e-05
3998,-0.226923076923077,-3.3108999999999916e-05
3999,-0.22307692307692228,3.3108999999999916e-05
4000,-0.21923076923076934,0.0
4001,-0.21538461538461462,-6.621799999999983e-05
4002,-0.21153846153846168,3.3108999999999916e-05
4003,-0.20769230769230695,3.3108999999999916e-05
4004,-0.203846153846154,-3.3108999999999916e-05
4005,-0.1999999999999993,-6.621799999999983e-05
4006,-0.19615384615384635,0.0
4007,-0.19230769230769162,0.0
4008,-0.18846153846153868,-6.621799999999983e-05
4009,-0.18461538461538396,-6.621799999999983e-05
4010,-0.18076923076923102,3.3108999999999916e-05
4011,-0.1769230769230763,0.0
4012,-0.17307692307692335,-3.3108999999999916e-05
4013,-0.16923076923076863,-3.3108999999999916e-05
4014,-0.16538461538461569,3.3108999999999916e-05
4015,-0.16153846153846096,3.3108999999999916e-05
4016,-0.15769230769230802,-6.621799999999983e-05
4017,-0.1538461538461533,-3.3108999999999916e-05
4018,-0.15000000000000036,0.0
4019,-0.14615384615384563,0.0
4020,-0.1423076923076927,-3.3108999999999916e-05
4021,-0.13846153846153797,0.0
4022,-0.13461538461538503,3.3108999999999916e-05
4023,-0.1307692307692303,-6.621799999999983e-05
4024,-0.12692307692307736,-6.621799999999983e-05
4025,-0.12307692307692264,0.0
4026,-0.1192307692307697,0.0
4027,-0.11538461538461497,-3.3108999999999916e-05
4028,-0.11153846153846203,-3.3108999999999916e-05
4029,-0.10769230769230731,3.3108999999999916e-05
4030,-0.10384615384615437,0.0
4031,-0.09999999999999964,-6.621799999999983e-05
4032,-0.09615384615384492,0.0
4033,-0.09230769230769198,3.3108999999999916e-05
4034,-0.08846153846153726,-3.3108999999999916e-05
4035,-0.08461538461538431,-6.621799999999983e-05
4036,-0.0807692307692296,3.3108999999999916e-05
4037,-0.07692307692307665,0.0
4038,-0.07307692307692193,-6.621799999999983e-05
4039,-0.06923076923076898,-3.3108999999999916e-05
4040,-0.06538461538461426,6.621799999999983e-05
4041,-0.06153846153846132,0.0
4042,-0.0576923076923066,3.3108999999999916e-05
4043,-0.053846153846153655,6.621799999999983e-05
4044,-0.049999999999998934,0.00013243599999999967
4045,-0.04615384615384599,0.00013243599999999967
4046,-0.04230769230769127,0.00023176299999999941
4047,-0.038461538461538325,0.00026487199999999933
4048,-0.034615384615383604,0.00029798099999999925
4049,-0.03076923076923066,0.00033108999999999916
4050,-0.02692307692307594,0.000397307999999999
4051,-0.023076923076922995,0.0004304169999999989
4052,-0.019230769230768274,0.0004304169999999989
4053,-0.01538461538461533,0.000397307999999999
4054,-0.01153846153846061,0.00046352599999999883
4055,-0.007692307692307665,0.00046352599999999883
4056,-0.0038461538461529443,0.0004304169999999989
4057,0.0,0.00046352599999999883
4058,0.0038461538461547207,0.0005628529999999986
4059,0.007692307692307665,0.0004966349999999987
4060,0.011538461538462386,0.00046352599999999883
4061,0.01538461538461533,0.0004966349999999987
4062,0.01923076923077005,0.0005297439999999987
4063,0.023076923076922995,0.0005628529999999986
4064,0.026923076923077716,0.0005628529999999986
4065,0.03076923076923066,0.0006621800000000018
4066,0.03461538461538538,0.0006952889999999982
4067,0.038461538461538325,0.0005959619999999985
4068,0.042307692307693046,0.0006290709999999984
4069,0.04615384615384599,0.0006621800000000018
4070,0.05000000000000071,0.0006621800000000018
4071,0.053846153846153655,0.0006290709999999984
4072,0.057692307692308376,0.0006952889999999982
4073,0.06153846153846132,0.0008277250000000014
4074,0.06538461538461604,0.0008608340000000013
4075,0.06923076923076898,0.0008939429999999977
4076,0.0730769230769237,0.000960161000000001
4077,0.07692307692307665,0.0010925970000000007
4078,0.08076923076923137,0.0011257060000000006
4079,0.08461538461538431,0.0011257060000000006
4080,0.08846153846153904,0.0011919240000000005
4081,0.09230769230769198,0.0012250330000000004
4082,0.0961538461538467,0.0011919240000000005
4083,0.09999999999999964,0.0012250330000000004
4084,0.10384615384615437,0.0013243600000000001
4085,0.10769230769230731,0.001357469
4086,0.11153846153846203,0.0013243600000000001
4087,0.11538461538461497,0.0012912510000000002
4088,0.1192307692307697,0.001390578
4089,0.12307692307692264,0.0014567959999999998
4090,0.12692307692307736,0.0014899049999999997
4091,0.1307692307692303,0.0015892319999999995
4092,0.13461538461538503,0.0017216679999999991
4093,0.13846153846153797,0.0017216679999999991
4094,0.1423076923076927,0.001787885999999999
4095,0.14615384615384563,0.0018209949999999989
4096,0.15000000000000036,0.0018541039999999988
4097,0.15384615384615508,0.0018541039999999988
4098,0.15769230769230802,0.0019534309999999985
4099,0.16153846153846274,0.0020196489999999984
4100,0.16538461538461569,0.0020858670000000017
4101,0.1692307692307704,0.002152084999999998
4102,0.17307692307692335,0.002218302999999998
4103,0.17692307692307807,0.0022514120000000012
4104,0.18076923076923102,0.0021851940000000014
4105,0.18461538461538574,0.002118975999999998
4106,0.18846153846153868,0.0021851940000000014
4107,0.1923076923076934,0.002152084999999998
4108,0.19615384615384635,0.002218302999999998
4109,0.20000000000000107,0.002284521000000001
4110,0.203846153846154,0.0023838479999999974
4111,0.20769230769230873,0.0024169569999999974
4112,0.21153846153846168,0.002350739000000001
4113,0.2153846153846164,0.0024169569999999974
4114,0.21923076923076934,0.0024169569999999974
4115,0.22307692307692406,0.0023838479999999974
4116,0.226923076923077,0.0023176299999999976
4117,0.23076923076923173,0.002350739000000001
4118,0.23461538461538467,0.0024169569999999974
4119,0.2384615384615394,0.0024169569999999974
4120,0.24230769230769234,0.0026156110000000003
4121,0.24615384615384706,0.0026818289999999967
4122,0.25,0.002748047
4123,0.2538461538461547,0.002781156
4124,0.25769230769230766,0.0028473739999999997
4125,0.2615384615384624,0.0028473739999999997
4126,0.26538461538461533,0.0028473739999999997
4127,0.26923076923077005,0.0028473739999999997
4128,0.273076923076923,0.0028804829999999997
4129,0.2769230769230777,0.0029135919999999996
4130,0.28076923076923066,0.0028804829999999997
4131,0.2846153846153854,0.0029135919999999996
4132,0.2884615384615383,0.0030129189999999993
4133,0.29230769230769305,0.003079136999999999
4134,0.296153846153846,0.0030129189999999993
4135,0.3000000000000007,0.0030460279999999992
4136,0.30384615384615365,0.003145354999999999
4137,0.3076923076923084,0.003112245999999999
4138,0.3115384615384613,0.0030129189999999993
4139,0.31538461538461604,0.0030129189999999993
4140,0.319230769230769,0.0030129189999999993
4141,0.3230769230769237,0.0030129189999999993
4142,0.32692307692307665,0.003079136999999999
4143,0.33076923076923137,0.003211572999999999
4144,0.3346153846153843,0.0033440089999999985
4145,0.33846153846153904,0.0033108999999999986
4146,0.342307692307692,0.0033440089999999985
4147,0.3461538461538467,0.0033771179999999984
4148,0.34999999999999964,0.0033108999999999986
4149,0.35384615384615437,0.003178463999999999
4150,0.3576923076923073,0.003211572999999999
4151,0.36153846153846203,0.0033108999999999986
4152,0.365384615384615,0.0033771179999999984
4153,0.3692307692307697,0.0034433359999999982
4154,0.37307692307692264,0.003476444999999998
4155,0.37692307692307736,0.0035095540000000015
4156,0.3807692307692303,0.0034433359999999982
4157,0.384615384615385,0.0034433359999999982
4158,0.38846153846153797,0.003542662999999998
4159,0.3923076923076927,0.003542662999999998
4160,0.39615384615384563,0.0035095540000000015
4161,0.40000000000000036,0.003575771999999998
4162,0.4038461538461551,0.003675099000000001
4163,0.4076923076923098,0.0036419899999999977
4164,0.41153846153846096,0.0036088810000000013
4165,0.4153846153846157,0.003675099000000001
4166,0.4192307692307704,0.0038406439999999972
4167,0.4230769230769251,0.0038406439999999972
4168,0.4269230769230763,0.0038075349999999973
4169,0.430769230769231,0.0038737530000000006
4170,0.43461538461538574,0.0039399710000000004
4171,0.43846153846154046,0.0039399710000000004
4172,0.4423076923076916,0.004006188999999997
4173,0.44615384615384635,0.004039298
4174,0.45000000000000107,0.004138625
4175,0.4538461538461558,0.004204843
4176,0.45769230769230695,0.0043041699999999995
4177,0.4615384615384617,0.004370387999999999
4178,0.4653846153846164,0.004370387999999999
4179,0.4692307692307711,0.004403496999999999
4180,0.4730769230769223,0.004535932999999999
4181,0.476923076923077,0.004668368999999999
4182,0.4807692307692317,0.004635259999999999
4183,0.48461538461538645,0.004668368999999999
4184,0.4884615384615376,0.0047345869999999984
4185,0.49230769230769234,0.0047014779999999985
4186,0.49615384615384706,0.004668368999999999
4187,0.5000000000000018,0.004800804999999998
4188,0.5038461538461529,0.005032568000000001
4189,0.5076923076923077,0.005165003999999997
4190,0.5115384615384624,0.005231221999999997
4191,0.5153846153846171,0.005363658
4192,0.5192307692307683,0.005496094
4193,0.523076923076923,0.00562853
4194,0.5269230769230777,0.00562853
4195,0.5307692307692324,0.005727856999999999
4196,0.5346153846153836,0.005893401999999999
4197,0.5384615384615383,0.006125164999999998
4198,0.542307692307693,0.006323818999999998
4199,0.5461538461538478,0.0064893639999999975
4200,0.5499999999999989,0.006555582000000001
4201,0.5538461538461537,0.006522473000000001
4202,0.5576923076923084,0.0064893639999999975
4203,0.5615384615384631,0.0064893639999999975
4204,0.5653846153846143,0.006522473000000001
4205,0.569230769230769,0.006621799999999997
4206,0.5730769230769237,0.006820453999999997
4207,0.5769230769230784,0.00695289
4208,0.5807692307692296,0.00695289
4209,0.5846153846153843,0.007019107999999996
4210,0.588461538461539,0.007217761999999999
4211,0.5923076923076938,0.007482633999999998
4212,0.5961538461538449,0.007681288000000001
4213,0.5999999999999996,0.007979268999999997
4214,0.6038461538461544,0.008310358999999996
4215,0.6076923076923091,0.008509012999999996
4216,0.6115384615384603,0.008641448999999999
4217,0.615384615384615,0.008840103000000002
4218,0.6192307692307697,0.009071865999999998
4219,0.6230769230769244,0.009237411000000001
4220,0.6269230769230756,0.009469173999999997
4221,0.6307692307692303,0.009767155
4222,0.634615384615385,0.010131353999999999
4223,0.6384615384615397,0.010396225999999995
4224,0.6423076923076909,0.010627988999999997
4225,0.6461538461538456,0.010859751999999997
4226,0.6500000000000004,0.011290169
4227,0.6538461538461551,0.011753694999999998
4228,0.6576923076923098,0.01225033
4229,0.661538461538461,0.012647638
4230,0.6653846153846157,0.013044945999999995
4231,0.6692307692307704,0.013442253999999997
4232,0.6730769230769251,0.014005106999999996
4233,0.6769230769230763,0.014700396000000001
4234,0.680769230769231,0.015461903000000003
4235,0.6846153846153857,0.016289627999999997
4236,0.6884615384615405,0.016885589999999995
4237,0.6923076923076916,0.016885589999999995
4238,0.6961538461538463,0.016885589999999995
4239,0.7000000000000011,0.016885589999999995
4240,0.7038461538461558,0.016885589999999995
4241,0.707692307692307,0.016885589999999995
4242,0.7115384615384617,0.016885589999999995
4243,0.7153846153846164,0.0257
4244,0.7192307692307711,0.03083999999999998
4245,0.7230769230769223,0.027756000000000003
4246,0.726923076923077,0.029812000000000005
4247,0.7307692307692317,0.026727999999999974
4248,0.7346153846153864,0.028783999999999976
4249,0.7384615384615376,0.02724199999999999
4250,0.7423076923076923,0.029812000000000005
4251,0.7461538461538471,0.027756000000000003
4252,0.7500000000000018,0.028783999999999976
4253,0.7538461538461529,0.028269999999999962
4254,0.7576923076923077,0.028269999999999962
4255,0.7615384615384624,0.028783999999999976
4256,0.7653846153846171,0.026727999999999974
4257,0.7692307692307683,0.02724199999999999
4258,0.773076923076923,0.025185999999999986
4259,0.7769230769230777,0.02724199999999999
4260,0.7807692307692324,0.02467199999999997
4261,0.7846153846153836,0.02621399999999996
4262,0.7884615384615383,0.024158000000000013
4263,0.792307692307693,0.02621399999999996
4264,0.7961538461538478,0.024158000000000013
4265,0.7999999999999989,0.024158000000000013
4266,0.8038461538461537,0.024158000000000013
4267,0.8076923076923084,0.023129999999999984
4268,0.8115384615384631,0.025185999999999986
4269,0.8153846153846143,0.023644
4270,0.819230769230769,0.02467199999999997
4271,0.8230769230769237,0.023644
4272,0.8269230769230784,0.0257
4273,0.8307692307692296,0.023644
4274,0.8346153846153843,0.0257
4275,0.838461538461539,0.024158000000000013
4276,0.8423076923076938,0.0257
4277,0.8461538461538449,0.023129999999999984
4278,0.8499999999999996,0.024158000000000013
4279,0.8538461538461544,0.024158000000000013
4280,0.8576923076923091,0.023129999999999984
4281,0.8615384615384603,0.024158000000000013
4282,0.865384615384615,0.02261599999999997
4283,0.8692307692307697,0.02261599999999997
4284,0.8730769230769244,0.021587999999999996
4285,0.8769230769230756,0.023129999999999984
4286,0.8807692307692303,0.02107399999999998
4287,0.884615384615385,0.02210200000000001
4288,0.8884615384615397,0.020559999999999967
4289,0.8923076923076945,0.02210200000000001
4290,0.8961538461538456,0.018503999999999965
4291,0.9000000000000004,0.01901799999999998
4292,0.9038461538461551,0.019531999999999994
4293,0.9076923076923098,0.017990000000000006
4294,0.911538461538461,0.01901799999999998
4295,0.9153846153846157,0.016447999999999963
4296,0.9192307692307704,0.016961999999999977
4297,0.9230769230769251,0.014905999999999975
4298,0.9269230769230763,0.01747599999999999
4299,0.930769230769231,0.01439199999999996
4300,0.9346153846153857,0.015934000000000004
4301,0.9384615384615405,0.01439199999999996
4302,0.9423076923076916,0.016447999999999963
4303,0.9461538461538463,0.012849999999999973
4304,0.9500000000000011,0.01439199999999996
4305,0.9538461538461558,0.01439199999999996
4306,0.957692307692307,0.013878000000000001
4307,0.9615384615384617,0.01439199999999996
4308,0.9653846153846164,0.012849999999999973
4309,0.9692307692307711,0.012849999999999973
4310,0.9730769230769223,0.011307999999999985
4311,0.976923076923077,0.012849999999999973
4312,0.9807692307692317,0.010280000000000011
4313,0.9846153846153864,0.011822
4314,0.9884615384615376,0.009765999999999997
4315,0.9923076923076923,0.011822
4316,0.9961538461538471,0.009251999999999982
4317,1.0000000000000018,0.009765999999999997
4318,1.003846153846153,0.009765999999999997
4319,1.0076923076923077,0.008737999999999968
4320,1.0115384615384624,0.009251999999999982
4321,1.015384615384617,0.00719599999999998
4322,1.0192307692307683,0.00719599999999998
4323,1.023076923076923,0.006681999999999966
4324,1.0269230769230777,0.008737999999999968
4325,1.0307692307692324,0.006168000000000007
4326,1.0346153846153836,0.008224000000000009
4327,1.0384615384615383,0.005653999999999992
4328,1.042307692307693,0.008224000000000009
4329,1.0461538461538478,0.005139999999999978
4330,1.049999999999999,0.00719599999999998
4331,1.0538461538461537,0.006168000000000007
4332,1.0576923076923084,0.006168000000000007
4333,1.061538461538463,0.006681999999999966
4334,1.0653846153846143,0.0046259999999999635
4335,1.069230769230769,0.0046259999999999635
4336,1.0730769230769237,0.0041120000000000045
4337,1.0769230769230784,0.006681999999999966
4338,1.0807692307692296,0.00359799999999999
4339,1.0846153846153843,0.005139999999999978
4340,1.088461538461539,0.00359799999999999
4341,1.0923076923076938,0.006168000000000007
4342,1.096153846153845,0.00359799999999999
4343,1.0999999999999996,0.0046259999999999635
4344,1.1038461538461544,0.0046259999999999635
4345,1.107692307692309,0.0041120000000000045
4346,1.1115384615384603,0.0046259999999999635
4347,1.115384615384615,0.0030839999999999756
4348,1.1192307692307697,0.0030839999999999756
4349,1.1230769230769244,0.0020560000000000023
4350,1.1269230769230756,0.005139999999999978
4351,1.1307692307692303,0.0020560000000000023
4352,1.134615384615385,0.0046259999999999635
4353,1.1384615384615397,0.002569999999999961
4354,1.1423076923076945,0.0046259999999999635
4355,1.1461538461538456,0.0020560000000000023
4356,1.1500000000000004,0.0030839999999999756
4357,1.153846153846155,0.0030839999999999756
4358,1.1576923076923098,0.00359799999999999
4359,1.161538461538461,0.00359799999999999
4360,1.1653846153846157,0.002569999999999961
4361,1.1692307692307704,0.0020560000000000023
4362,1.1730769230769251,0.0015419999999999878
4363,1.1769230769230763,0.0041120000000000045
4364,1.180769230769231,0.0015419999999999878
4365,1.1846153846153857,0.00359799999999999
4366,1.1884615384615405,0.0015419999999999878
4367,1.1923076923076916,0.00359799999999999
4368,1.1961538461538463,0.0015419999999999878
4369,1.200000000000001,0.0020560000000000023
4370,1.2038461538461558,0.0015419999999999878
4371,1.207692307692307,0.0020560000000000023
4372,1.2115384615384617,0.002569999999999961
4373,1.2153846153846164,0.0005139999999999589
4374,1.2192307692307711,0.0015419999999999878
4375,1.2230769230769223,0.0005139999999999589
4376,1.226923076923077,0.0030839999999999756
4377,1.2307692307692317,0.0005139999999999589
4378,1.2346153846153864,0.0030839999999999756
4379,1.2384615384615376,0.0005139999999999589
4380,1.2423076923076923,0.0030839999999999756
4381,1.246153846153847,0.0010279999999999734
4382,1.2500000000000018,0.0020560000000000023
4383,1.253846153846153,0.0015419999999999878
4384,1.2576923076923077,0.0020560000000000023
4385,1.2615384615384624,0.0020560000000000023
4386,1.265384615384617,0.0010279999999999734
4387,1.2692307692307683,0.0015419999999999878
4388,1.273076923076923,0.0
4389,1.2769230769230777,0.002569999999999961
4390,1.2807692307692324,0.0
4391,1.2846153846153836,0.0020560000000000023
4392,1.2884615384615383,0.0005139999999999589
4393,1.292307692307693,0.002569999999999961
4394,1.2961538461538478,0.0
4395,1.299999999999999,0.0015419999999999878
4396,1.3038461538461537,0.0007923262404884838
4397,1.3076923076923084,0.0007574592625659818
4398,1.311538461538463,0.0007126376536032558
4399,1.3153846153846143,0.000687659670977028
4400,1.319230769230769,0.0006626600706149067
4401,1.3230769230769237,0.0006078409070078763
4402,1.3269230769230784,0.0005629331332281783
4403,1.3307692307692296,0.000547802300944191
4404,1.3346153846153843,0.0005525158604419494
4405,1.338461538461539,0.00053734316062998
4406,1.3423076923076938,0.0005320824490712913
4407,1.346153846153845,0.0005565992719796676
4408,1.3499999999999996,0.000610893774248475
4409,1.3538461538461544,0.0005857063994628552
4410,1.357692307692309,0.0005406334899131287
4411,1.3615384615384603,0.0005154059866040678
4412,1.365384615384615,0.0005199567292825554
4413,1.3692307692307697,0.00048475695643715
4414,1.3730769230769244,0.0004892684053239686
4415,1.3769230769230756,0.0005235585119699698
4416,1.3807692307692303,0.0005379639111957356
4417,1.384615384615385,0.0005026866366236687
4418,1.3884615384615397,0.00048725572069126667
4419,1.3923076923076945,0.0005115366946680609
4420,1.3961538461538456,0.0004960680886659222
4421,1.4000000000000004,0.00043091733164799645
4422,1.403846153846155,0.00040547885144765123
4423,1.4076923076923098,0.0003800219747820816
4424,1.411538461538461,0.000354546827251966
4425,1.4153846153846157,0.00029925543336866995
4426,1.4192307692307704,0.000273744116562305
4427,1.4230769230769251,0.0002680802991823503
4428,1.4269230769230763,0.0002723314025266353
4429,1.430769230769231,0.00023683404683916992
4430,1.4346153846153857,0.00022118455132643126
4431,1.4384615384615405,0.0002452484341709557
4432,1.4423076923076916,0.00025936231253868456
4433,1.4461538461538463,0.00025359360259108324
4434,1.450000000000001,0.0002478078194946712
4435,1.4538461538461558,0.00026187047743523803
4436,1.457692307692307,0.0002560508896246958
4437,1.4615384615384617,0.00024028186831262337
4438,1.4653846153846164,0.0002145635247964709
4439,1.4692307692307711,0.0002186267694316269
4440,1.4730769230769223,0.0002028082116413729
4441,1.476923076923077,0.000177040659925542
4442,1.4807692307692317,0.00015125692187369826
4443,1.4846153846153864,0.00015525520417007297
4444,1.4884615384615376,0.00014930481260878718
4445,1.4923076923076923,0.00011354045209627066
4446,1.496153846153847,8.769302666396142e-05
4447,1.5000000000000018,7.176263947967967e-05
4448,1.503846153846153,3.595129285317595e-05
4449,1.5076923076923077,-4.9539011753828516e-05
4450,1.5115384615384624,-8.538117372000457e-05
4451,1.515384615384617,-7.157509325127101e-05
4452,1.5192307692307683,-4.7851471380073876e-05
4453,1.523076923076923,-2.4142909949116057e-05
4454,1.5269230769230777,9.48338839141063e-06
4455,1.5307692307692324,6.296022019760227e-05
4456,1.5346153846153836,9.655688123335845e-05
4457,1.5384615384615383,5.067726648175187e-05
4458,1.542307692307693,-5.149629843777693e-06
4459,1.5461538461538478,-8.085641429919697e-05
4460,1.549999999999999,-0.00010691409419558997
4461,1.5538461538461537,-8.332257759155926e-05
4462,1.5576923076923084,-2.0014473292079196e-05
4463,1.561538461538463,1.3481409167534139e-05
4464,1.5653846153846143,1.7165159520473412e-05
4465,1.569230769230769,1.090226678318552e-05
4466,1.5730769230769237,4.4356319257271614e-05
4467,1.5769230769230784,5.793120454290518e-05
4468,1.5807692307692296,5.162700953436532e-05
4469,1.5846153846153843,1.5511120440564376e-05
4470,1.588461538461539,1.9112522783571156e-05
4471,1.5923076923076938,3.2633201407470573e-05
4472,1.596153846153845,1.6342440485073466e-05
4473,1.5999999999999996,1.9903823524550137e-05
4474,1.6038461538461544,6.318283337495493e-05
4475,1.607692307692309,0.00011638145223676023
4476,1.6115384615384603,0.00011990356166013938
4477,1.615384615384615,0.00010354734256241426
4478,1.6192307692307697,0.00013684177522419057
4479,1.6230769230769244,0.00014032533930058715
4480,1.6269230769230791,0.00011399811382532886
4481,1.6307692307692303,8.765827722074658e-05
4482,1.634615384615385,9.110400729679322e-05
4483,1.6384615384615397,9.453728126288473e-05
4484,1.6423076923076945,6.816007573466187e-05
4485,1.6461538461538456,5.170326672996402e-05
4486,1.6500000000000004,5.436129688202607e-06
4487,1.653846153846155,-3.091046053571838e-05
4488,1.6576923076923098,-7.720182965710934e-05
4489,1.661538461538461,-7.384170396469063e-05
4490,1.6653846153846157,-9.646103036240437e-07
4491,1.6692307692307704,3.2169823915470215e-05
4492,1.6730769230769251,6.529247073617248e-05
4493,1.6769230769230763,5.867260165005536e-05
4494,1.680769230769231,5.204108760948679e-05
4495,1.6846153846153857,4.539799902989069e-05
4496,1.6884615384615405,6.854150579108835e-05
4497,1.6923076923076916,0.00010160627725166451
4498,1.6961538461538463,9.492888224365116e-05
4499,1.700000000000001,6.837478908579666e-05
4500,1.7038461538461558,4.180946558100568e-05
4501,1.707692307692307,-4.63242097149103e-06
4502,1.7115384615384617,-4.115270377875492e-05
4503,1.7153846153846164,-4.788591654393917e-05
4504,1.7192307692307711,-4.966593461693761e-06
4505,1.7230769230769223,3.794183078096973e-05
4506,1.726923076923077,5.10413210164653e-05
4507,1.7307692307692317,3.4331941593881065e-05
4508,1.7346153846153864,1.76118563897207e-05
4509,1.7384615384615376,3.0679228808667795e-05
4510,1.7423076923076923,4.373602178795377e-05
4511,1.746153846153847,2.6984197806050264e-05
4512,1.7500000000000018,5.988541887718248e-05
4513,1.753846153846153,0.00014243974656788917
4514,1.7576923076923077,0.0002349164419905886
4515,1.7615384615384624,0.00029758476581470553
4516,1.765384615384617,0.00035031017826721864
4517,1.7692307692307683,0.00043282353913668466
4518,1.773076923076923,0.0005153268077806553
4519,1.7769230769230777,0.0005878873431244248
4520,1.7807692307692324,0.0009982048007642662
4521,1.7846153846153836,0.0012936318259044789
4522,1.7884615384615383,0.001290990587923845
4523,1.792307692307693,0.0009571723615839239
4524,1.7961538461538478,0.0006563764206303675
4525,1.799999999999999,0.00042171203778967295
4526,1.8038461538461537,0.00028628848477796364
4527,1.8076923076923084,0.00018388803230769027
4528,1.811538461538463,0.0002138379500904123
4529,1.8153846153846143,0.00027681150684357456
4530,1.819230769230769,0.00027348197029241034
4531,1.8230769230769237,0.0003362856071790223
4532,1.8269230769230784,0.00039900468326830555
4533,1.8307692307692296,0.00036231246334474674
4534,1.8346153846153843,0.0002593182112289208
4535,1.838461538461539,0.00018934918977172492
4536,1.8423076923076938,0.0002517326608698798
4537,1.846153846153845,0.0001484878854586518
4538,1.8499999999999996,-2.1057876471104568e-05
4539,1.8538461538461544,-0.00015757736587721665
4540,1.857692307692309,-0.0001286343246572211
4541,1.8615384615384603,-6.666449564534239e-05
4542,1.865384615384615,-3.7885622605322855e-05
4543,1.8692307692307697,-4.229745022747396e-05
4544,1.8730769230769244,-0.0001792267241263535
4545,1.8769230769230791,-0.00031623719083143293
4546,1.8807692307692303,-0.00038711059778653053
4547,1.884615384615385,-0.00035873769334128155
4548,1.8884615384615397,-0.0002311182267514711
4549,1.8923076923076945,-0.00023601494817135425
4550,1.8961538461538456,-0.0003403186086508598
4551,1.9000000000000004,-0.00034537496012877603
4552,1.903846153846155,-0.0003505107554308694
4553,1.9076923076923098,-0.00042194374826467476
4554,1.911538461538461,-0.0004934556932160361
4555,1.9153846153846157,-0.000465719345740947
4556,1.9192307692307704,-0.00040495246216979645
4557,1.9230769230769251,-0.00037737279969324755
4558,1.9269230769230763,-0.000482307116363423
4559,1.930769230769231,-0.0005542101710911585
4560,1.9346153846153857,-0.0005930817236375314
4561,1.9384615384615405,-0.0006651395346127224
4562,1.9423076923076916,-0.0007041653654712251
4563,1.9461538461538463,-0.0006439409785085093
4564,1.950000000000001,-0.0005175751368542245
4565,1.9538461538461558,-0.0003912856044732704
4566,1.957692307692307,-0.0003312901461560661
4567,1.9615384615384617,-0.0003375885275204312
4568,1.9653846153846164,-0.00031085351500268247
4569,1.9692307692307711,-0.00035041187585666423
4570,1.9730769230769223,-0.00025760937814924803
4571,1.976923076923077,-0.0002642087907563928
4572,1.9807692307692317,-0.00020466488336032132
4573,1.9846153846153864,-0.0003438494264427377
4574,1.9884615384615376,-0.00048310819128552594
4575,1.9923076923076923,-0.0004568959499647884
4576,1.996153846153847,-0.00039764847534590566
4577,2.0000000000000018,-0.0002722565410819616
4578,2.003846153846153,-0.00018004692160946334
4579,2.0076923076923077,-0.00018723739214534618
4580,2.0115384615384624,-0.0002276097286800741
4581,2.015384615384617,-0.0002680547079817082
4582,2.0192307692307683,-0.00024235410758333608
4583,2.023076923076923,-0.0001836167057844289
4584,2.0269230769230777,-9.184228164882749e-05
4585,2.0307692307692324,-6.635761499643959e-05
4586,2.0346153846153836,5.838251359465644e-05
4587,2.0384615384615383,0.00024926932279651054
4588,2.042307692307693,0.0003076490305317576
4589,2.0461538461538478,0.0002997398539770881
4590,2.049999999999999,0.00025865100956922577
4591,2.0538461538461537,0.0002837097130035933
4592,2.0576923076923084,0.0003086981792421765
4593,2.061538461538463,0.0003998346225148467
4594,2.0653846153846143,0.0005571192563205512
4595,2.069230769230769,0.0006812252934346329
4596,2.0730769230769237,0.0007390439459092212
4597,2.0769230769230784,0.0007636844250771427
4598,2.0807692307692296,0.0008544739415550558
4599,2.0846153846153843,0.0008789767052466565
4600,2.088461538461539,0.0008371929253450097
4601,2.0923076923076938,0.0008284498103383231
4602,2.096153846153845,0.0008527475680090977
4603,2.0999999999999996,0.0008107594054385407
4604,2.1038461538461544,0.0007687035290140176
4605,2.107692307692309,0.0007596891444237208
4606,2.1115384615384603,0.0009161524566667694
4607,2.115384615384615,0.001039439670052358
4608,2.1192307692307697,0.0009971149882057957
4609,2.1230769230769244,0.0009216146140677219
4610,2.126923076923079,0.0009122657498988967
4611,2.1307692307692303,0.000869741597285603
4612,2.134615384615385,0.0008602603571356861
4613,2.1384615384615397,0.000817604229689474
4614,2.1423076923076945,0.0009073184145176826
4615,2.1461538461538456,0.0008645311105254295
4616,2.1500000000000004,0.0007554605159557871
4617,2.153846153846155,0.0006463248283893142
4618,2.15769230769231,0.0007688872447531416
4619,2.161538461538461,0.0007920579613174882
4620,2.1653846153846157,0.0008482731737009554
4621,2.1692307692307704,0.0010368600768749677
4622,2.173076923076925,0.0011591648651622822
4623,2.1769230769230763,0.001215187732244533
4624,2.180769230769231,0.0011387108711600853
4625,2.1846153846153857,0.0010290614743108716
4626,2.1884615384615405,0.0009524577334626503
4627,2.1923076923076916,0.0008757908397488293
4628,2.1961538461538463,0.0008983879836707174
4629,2.200000000000001,0.0009540313551036467
4630,2.203846153846156,0.0010427211432966093
4631,2.207692307692307,0.0009326945368777848
4632,2.2115384615384617,0.0009219327238535547
4633,2.2153846153846164,0.0010104358916127778
4634,2.219230769230771,0.001032659226930497
4635,2.2230769230769223,0.0010879299159692636
4636,2.226923076923077,0.0010769211442799357
4637,2.2307692307692317,0.001198287096808136
4638,2.2346153846153864,0.0012864829578915508
4639,2.2384615384615376,0.0012090729112687187
4640,2.2423076923076923,0.0010984931400757274
4641,2.246153846153847,0.00102096182685147
4642,2.2500000000000018,0.0009764791535394719
4643,2.253846153846153,0.0009981543014897303
4644,2.2576923076923077,0.0010197694514634285
4645,2.2615384615384624,0.001074433783631761
4646,2.265384615384617,0.0010959294775800777
4647,2.2692307692307683,0.0011173657123118871
4648,2.273076923076923,0.0013042876662472732
4649,2.2769230769230777,0.0014249325172296403
4650,2.2807692307692324,0.0014461914425235426
4651,2.2846153846153836,0.0013680646188203467
4652,2.2884615384615383,0.0013892062222405454
4653,2.292307692307693,0.0015096164283331106
4654,2.2961538461538478,0.0014644234120806026
4655,2.299999999999999,0.0013860633478980588
4656,2.3038461538461537,0.001406972409640809
4657,2.3076923076923084,0.0014940417706004936
4658,2.311538461538463,0.001514835603512282
4659,2.3153846153846143,0.001469354080553201
4660,2.319230769230769,0.0016224693733460232
4661,2.3230769230769237,0.0017755276529623858
4662,2.3269230769230784,0.001994747089923936
4663,2.3307692307692296,0.0021808008542022767
4664,2.3346153846153843,0.0023999071152270846
4665,2.338461538461539,0.0026520660418805934
4666,2.3423076923076938,0.0027717328025056607
4667,2.346153846153845,0.002792016564905172
4668,2.3499999999999996,0.0028453534963441642
4669,2.3538461538461544,0.002898634763553929
4670,2.357692307692309,0.0028194245327309436
4671,2.3615384615384603,0.002773267969541032
4672,2.365384615384615,0.002892601239120895
4673,2.3692307692307697,0.0032436425060795703
4674,2.3730769230769244,0.003892609934502531
4675,2.376923076923079,0.005104375687950093
4676,2.3807692307692303,0.006912048929463503
4677,2.384615384615385,0.008587231821562857
4678,2.3884615384615397,0.009666398526252604
4679,2.3923076923076945,0.009984004205021482
4680,2.3961538461538456,0.010136011018845472
4681,2.4000000000000004,0.010287964128187282
4682,2.403846153846155,0.010307427693003248
4683,2.40769230769231,0.010326837872740226
4684,2.411538461538461,0.01034619482634003
4685,2.4153846153846157,0.010233062712240878
4686,2.4192307692307704,0.01002055068837869
4687,2.423076923076925,0.010039748912191048
4688,2.4269230769230763,0.010224439540615506
4689,2.430769230769231,0.010442186730095558
4690,2.4346153846153857,0.010461227636578854
4691,2.4384615384615405,0.010480216415521125
4692,2.4423076923076916,0.010499153221886992
4693,2.4461538461538463,0.010385602210153347
4694,2.450000000000001,0.01040443553430957
4695,2.453846153846156,0.010489435347860409
4696,2.457692307692307,0.010441947803825725
4697,2.4615384615384617,0.010063319054745386
4698,2.4653846153846164,0.009519094252678903
4699,2.469230769230771,0.008974818549208284
4700,2.4730769230769223,0.008298056095437784
4701,2.476923076923077,0.0075219160419982035
4702,2.4807692307692317,0.006911270539048485
4703,2.4846153846153864,0.0065985557362751275
4704,2.4884615384615376,0.006418226782895787
4705,2.4923076923076923,0.006171629827660596
4706,2.496153846153847,0.006090528018853298
4707,2.5000000000000018,0.006042485504294908
4708,2.503846153846153,0.005928175431342059
4709,2.5076923076923077,0.005482725946892537
4710,2.5115384615384624,0.004871682197383084
4711,2.515384615384617,0.0044923523287948896
4712,2.5192307692307683,0.00421230048665194
4713,2.523076923076923,0.003965308816024149
4714,2.5269230769230777,0.0037844864615303015
4715,2.5307692307692324,0.003636724567336004
4716,2.5346153846153836,0.0035882412771609095
4717,2.5384615384615383,0.003473491734273846
4718,2.542307692307693,0.0034580210814994807
4719,2.5461538461538478,0.0033762844612181065
4720,2.549999999999999,0.0032613910153658464
4721,2.5538461538461537,0.003047122885439052
4722,2.5576923076923084,0.0028659162124939617
4723,2.561538461538463,0.0027508801371483515
4724,2.5653846153846143,0.002735123799585323
4725,2.569230769230769,0.002719320339549941
4726,2.5730769230769237,0.002802796896357064
4727,2.5769230769230784,0.0028862266088879214
4728,2.5807692307692296,0.0029696096155939255
4729,2.5846153846153843,0.002953619054497816
4730,2.588461538461539,0.0029706910631950353
4731,2.5923076923076938,0.0029214987788549274
4732,2.596153846153845,0.002640497338223977
4733,2.5999999999999996,0.002425667877624685
4734,2.6038461538461544,0.0024756645329583105
4735,2.607692307692309,0.0025918334397073456
4736,2.6115384615384603,0.0026086297329360316
4737,2.615384615384615,0.0025260535472910245
4738,2.6192307692307697,0.0026089770170036894
4739,2.6230769230769244,0.0026256372758924652
4740,2.626923076923079,0.0026422524573634304
4741,2.6307692307692303,0.0025594956944104416
4742,2.634615384615385,0.0025760211196192316
4743,2.6384615384615397,0.002493174865167038
4744,2.6423076923076945,0.0023440660628249468
4745,2.6461538461538456,0.002228021843957554
4746,2.6500000000000004,0.0022774783395270236
4747,2.653846153846155,0.0022937816800931384
4748,2.65769230769231,0.0022107139958134486
4749,2.661538461538461,0.002094493416447665
4750,2.6653846153846157,0.0021437740713552414
4751,2.6692307692307704,0.002259229089501784
4752,2.673076923076925,0.002341531599454136
4753,2.6769230769230763,0.0023575727293884755
4754,2.680769230769231,0.0024066796070854094
4755,2.6846153846153857,0.0023895253599354733
4756,2.6884615384615405,0.002405437114940112
4757,2.6923076923076916,0.0023881969987108904
4758,2.6961538461538463,0.0024371321374725948
4759,2.700000000000001,0.00238669765706403
4760,2.703846153846156,0.0023693296829394453
4761,2.707692307692307,0.0024181373401698037
4762,2.7115384615384617,0.0025331207534441645
4763,2.7153846153846164,0.0025487350470709087
4764,2.719230769230771,0.0024318713449786927
4765,2.7230769230769223,0.002414292770719789
4766,2.726923076923077,0.0024959994474673167
4767,2.7307692307692317,0.002610773498020135
4768,2.7346153846153864,0.002626179044803788
4769,2.7384615384615376,0.0027077612098696984
4770,2.7423076923076923,0.002888629114897743
4771,2.746153846153847,0.002903910881198631
4772,2.7500000000000018,0.002786715629712393
4773,2.753846153846153,0.0026363704810132534
4774,2.7576923076923077,0.0025522025553064895
4775,2.7615384615384624,0.002368666972433253
4776,2.765384615384617,0.0021850908518709993
4777,2.7692307692307683,0.002266346312734348
4778,2.773076923076923,0.0024137794737755557
4779,2.7769230769230777,0.0025280634533868373
4780,2.7807692307692324,0.0024767623696008794
4781,2.7846153846153836,0.0024254213400931833
4782,2.7884615384615383,0.0025395854821825548
4783,2.792307692307693,0.0024550559128310415
4784,2.7961538461538478,0.0023704867486483306
4785,2.799999999999999,0.0024514231058882134
4786,2.8038461538461537,0.00253232010045531
4787,2.8076923076923084,0.0025469598479014735
4788,2.811538461538463,0.0025946694634301584
4789,2.8153846153846143,0.002708558061896393
4790,2.819230769230769,0.0028555167578072156
4791,2.8230769230769237,0.0028368916653239407
4792,2.8269230769230784,0.0027520098982625916
4793,2.8307692307692296,0.0027995255700965747
4794,2.8346153846153843,0.00284700279395516
4795,2.838461538461539,0.002762005682627679
4796,2.8423076923076938,0.002710079348561596
4797,2.846153846153845,0.0026581149038663243
4798,2.8499999999999996,0.002606112460313251
4799,2.8538461538461544,0.0023885271293360294
4800,2.857692307692309,0.002369558022032531
4801,2.861538461538464,0.0024167692491666786
4802,2.865384615384615,0.002497051921168805
4803,2.8692307692307697,0.0025441881481356714
4804,2.8730769230769244,0.0026243960398341453
4805,2.876923076923079,0.002671457705699349
4806,2.8807692307692303,0.0025860462548386916
4807,2.884615384615385,0.0025337067960304344
4808,2.8884615384615397,0.0025475484377261693
4809,2.8923076923076945,0.0025944622880512253
4810,2.8961538461538456,0.002575121454806815
4811,2.9000000000000004,0.002588853045470421
4812,2.903846153846155,0.002668766167196059
4813,2.90769230769231,0.002748642926816491
4814,2.911538461538461,0.002662938430843546
4815,2.9153846153846157,0.002643415785470642
4816,2.9192307692307704,0.0027231840965712606
4817,2.923076923076925,0.002736698469702928
4818,2.9269230769230763,0.0026508500101056895
4819,2.930769230769231,0.00246563882270431
4820,2.9346153846153857,0.0023466100121102918
4821,2.9384615384615405,0.0023268726826207856
4822,2.9423076923076916,0.0023070999382207224
4823,2.9461538461538463,0.002287291882584903
4824,2.950000000000001,0.0023998846190768208
4825,2.953846153846156,0.0025124422507511535
4826,2.957692307692307,0.0024263108803540545
4827,2.9615384615384617,0.002340144610325583
4828,2.9653846153846164,0.0023532705427981976
4829,2.969230769230771,0.0024656887796006104
4830,2.9730769230769223,0.0025449634222562923
4831,2.976923076923077,0.0025579855719859183
4832,2.9807692307692317,0.00270340932970794
4833,2.9846153846153864,0.002749471796039257
4834,2.9884615384615376,0.002729282071297926
4835,2.9923076923076923,0.002775276255500337
4836,2.996153846153847,0.002887454448366999
4837,3.0000000000000018,0.0028671627493197325
4838,3.003846153846153,0.0027144012574843394
4839,3.0076923076923077,0.0026278240716912644
4840,3.0115384615384624,0.0026405402904764743
4841,3.015384615384617,0.002553896012082474
4842,3.0192307692307683,0.002401000334459236
4843,3.023076923076923,0.0023805073552651593
4844,3.0269230769230777,0.002459308171867981
4845,3.0307692307692324,0.002504966881345742
4846,3.0346153846153836,0.0024843745804876832
4847,3.0384615384615383,0.0025630763657952717
4848,3.042307692307693,0.0027410723334833345
4849,3.0461538461538478,0.0028528175794797286
4850,3.049999999999999,0.002832094199428246
4851,3.0538461538461537,0.0028113382886882196
4852,3.0576923076923084,0.002889876942335702
4853,3.061538461538463,0.0029352742551647898
4854,3.0653846153846143,0.002914421321687127
4855,3.069230769230769,0.0029597542361348857
4856,3.0730769230769237,0.0029388370924605827
4857,3.0769230769230784,0.0028516699843370383
4858,3.0807692307692296,0.0025989260051605444
4859,3.0846153846153843,0.0024123682480491895
4860,3.088461538461539,0.002424432805846277
4861,3.0923076923076938,0.002469574771118972
4862,3.096153846153845,0.002647121236159831
4863,3.0999999999999996,0.0027915272929899754
4864,3.1038461538461544,0.002935902033355995
4865,3.107692307692309,0.002914700548733486
4866,3.111538461538464,0.0028603589303272314
4867,3.115384615384615,0.0029384222690720806
4868,3.1192307692307697,0.0029833456556334964
4869,3.1230769230769244,0.0030282381804096654
4870,3.126923076923079,0.003039990933530445
4871,3.1307692307692303,0.0030848220048594914
4872,3.134615384615385,0.0030965134839945037
4873,3.1384615384615397,0.0030750654602692794
4874,3.1423076923076945,0.0030866960227529964
4875,3.1461538461538456,0.003032078260251047
4876,3.1500000000000004,0.0029774302613071787
4877,3.153846153846155,0.002889643114204585
4878,3.15769230769231,0.002834934906963898
4879,3.161538461538461,0.0028133057273472036
4880,3.1653846153846157,0.002857864662857284
4881,3.1692307692307704,0.0029686118007390292
4882,3.173076923076925,0.003145547227979021
4883,3.1769230769230763,0.0032562350313082265
4884,3.180769230769231,0.0032675662972019045
4885,3.1846153846153857,0.0031795411118794082
4886,3.1884615384615405,0.003223922561307206
4887,3.1923076923076916,0.0032351657311972034
4888,3.1961538461538463,0.00327948870700972
4889,3.200000000000001,0.003390000573953329
4890,3.203846153846156,0.0035998104169850356
4891,3.207692307692307,0.003743373320812007
4892,3.2115384615384617,0.003787580369892073
4893,3.2153846153846164,0.0037986496484344575
4894,3.219230769230771,0.0038096902404005937
4895,3.2230769230769223,0.0036220482295045847
4896,3.226923076923077,0.003434377699215229
4897,3.2307692307692317,0.003379114732755225
4898,3.2346153846153864,0.0033238234131016736
4899,3.2384615384615376,0.0032022858229898412
4900,3.2423076923076923,0.0030476110449097486
4901,3.246153846153847,0.003091562161110199
4902,3.2500000000000018,0.0031023762535980475
4903,3.253846153846153,0.0030469444041395545
4904,3.2576923076923077,0.0029914846942599767
4905,3.2615384615384624,0.0029691062052460537
4906,3.265384615384617,0.003012918018145901
4907,3.2692307692307683,0.0028911572137691388
4908,3.273076923076923,0.0029680228726885706
4909,3.2769230769230777,0.003111079075240257
4910,3.2807692307692324,0.0032209989015252157
4911,3.2846153846153836,0.0031653464314095004
4912,3.2884615384615383,0.00301033974452471
4913,3.292307692307693,0.0029215239202683417
4914,3.2961538461538478,0.002766463037805774
4915,3.299999999999999,0.0026444841760709242
4916,3.3038461538461537,0.0025886964137655667
4917,3.3076923076923084,0.002632208829361169
4918,3.311538461538463,0.0026425855010996377
4919,3.3153846153846143,0.002619826506992856
4920,3.319230769230769,0.0025639319248254616
4921,3.3230769230769237,0.0024417928321531887
4922,3.3269230769230784,0.0023858453063056286
4923,3.3307692307692296,0.002296762424386048
4924,3.3346153846153843,0.002306980263271568
4925,3.338461538461539,0.002416498899614373
4926,3.3423076923076938,0.0024928824098432905
4927,3.346153846153845,0.002503021870162778
4928,3.3499999999999996,0.0025131353565544935
4929,3.3538461538461544,0.0025232229447787833
4930,3.357692307692309,0.0025001757103737072
4931,3.361538461538464,0.0024108847286568435
4932,3.365384615384615,0.0024208950747256854
4933,3.3692307692307697,0.0023977708234583497
4934,3.3730769230769244,0.002209076049514493
4935,3.376923076923079,0.0019541378273348897
4936,3.3807692307692303,0.0018978282311437724
4937,3.384615384615385,0.001775275334948699
4938,3.3884615384615397,0.001718915212540611
4939,3.3923076923076945,0.001728747937495095
4940,3.3961538461538456,0.001771664583173579
4941,3.4000000000000004,0.0017152292227237513
4942,3.403846153846155,0.001559441929078238
4943,3.40769230769231,0.0014698477749588768
4944,3.411538461538461,0.001545773832874329
4945,3.4153846153846157,0.001621675175122136
4946,3.4192307692307704,0.0014326798737890494
4947,3.423076923076925,0.001342987000751708
4948,3.4269230769230763,0.0014188146276775436
4949,3.430769230769231,0.0015277268260246353
4950,3.4346153846153857,0.0015703966670425856
4951,3.4384615384615405,0.0016461512217750762
4952,3.4423076923076916,0.001754990561057247
4953,3.4461538461538463,0.0016651517555182549
4954,3.450000000000001,0.0016415068755823961
4955,3.453846153846156,0.0016840559914681546
4956,3.457692307692307,0.0016934721731898892
4957,3.4615384615384617,0.0015373194905582226
4958,3.4653846153846164,0.0013811430131808842
4959,3.469230769230771,0.001423596810462032
4960,3.4730769230769223,0.001366699951605522
4961,3.476923076923077,0.0013428885056128886
4962,3.4807692307692317,0.0012859445412855153
4963,3.4846153846153864,0.0012289771272242156
4964,3.4884615384615376,0.0012382043318306252
4965,3.4923076923076923,0.0011480812233073132
4966,3.496153846153847,0.001157261869659393
4967,3.5000000000000018,0.001166419338693324
4968,3.503846153846153,0.0011424446980198488
4969,3.5076923076923077,0.0010522290150515082
4970,3.5115384615384624,0.0010613173570068223
4971,3.515384615384617,0.0011366007909083251
4972,3.5192307692307683,0.0010794253835834085
4973,3.523076923076923,0.0009891182016664953
4974,3.5269230769230777,0.0008656793115975217
4975,3.5307692307692324,0.0009408717796246004
4976,3.5346153846153836,0.0009829326718025755
4977,3.5384615384615383,0.0009256440539956382
4978,3.542307692307693,0.0009676599918761197
4979,3.5461538461538478,0.0009765445509258383
4980,3.549999999999999,0.0009522977964374409
4981,3.5538461538461537,0.0009280287935134841
4982,3.5576923076923084,0.0010030646070682153
4983,3.561538461538463,0.001011860301826948
4984,3.5653846153846143,0.0009544159423281033
4985,3.569230769230769,0.0008638405929230538
4986,3.5730769230769237,0.000872570317775905
4987,3.5769230769230784,0.0008481691808658433
4988,3.5807692307692296,0.0007575282459856853
4989,3.5846153846153843,0.0006668655767447045
4990,3.588461538461539,0.0007417262365664128
4991,3.5923076923076938,0.0007172382886913933
4992,3.5961538461538485,0.0007258377961778476
4993,3.5999999999999996,0.0007675248218998976
4994,3.6038461538461544,0.0008091904285509087
4995,3.607692307692309,0.0007846166786417601
4996,3.611538461538464,0.0006606946345034061
4997,3.615384615384615,0.0005698603582856754
4998,3.6192307692307697,0.0005452229119585884
4999,3.6230769230769244,0.0005205643573135967
5000,3.626923076923079,0.0005289937559626739
5001,3.6307692307692303,0.0005374021693398292
5002,3.634615384615385,0.0005788986587014252
5003,3.6384615384615397,0.0006203742851266718
5004,3.6423076923076945,0.0006287201095184333
5005,3.6461538461538456,0.0007032631926027759
5006,3.6500000000000004,0.0006784585949309828
5007,3.653846153846155,0.0005543063768793125
5008,3.65769230769231,0.0003639155986490711
5009,3.661538461538461,0.00030594032026785
5010,3.6653846153846157,0.00031416260159007744
5011,3.6692307692307704,0.00012371050229629827
5012,3.673076923076925,3.256508189636103e-05
5013,3.6769230769230763,0.00010694439972656206
5014,3.680769230769231,0.00021441251495284705
5015,3.6846153846153857,0.0002225334865702869
5016,3.6884615384615405,0.00029685237340317644
5017,3.6923076923076916,0.0003711512341060127
5018,3.6961538461538463,0.0004123211271647076
5019,3.700000000000001,0.00045347111089568196
5020,3.703846153846156,0.0004946012434473008
5021,3.707692307692307,0.0006019295828003986
5022,3.7115384615384617,0.000709238186767853
5023,3.7153846153846164,0.0006840911129964622
5024,3.719230769230771,0.0007582514189667644
5025,3.7230769230769223,0.0007661741619930573
5026,3.726923076923077,0.0008402953992243875
5027,3.7307692307692317,0.0009143971876459465
5028,3.7346153846153864,0.00115402458407725
5029,3.7384615384615376,0.0013274146451747308
5030,3.7423076923076923,0.0013683494274322199
5031,3.746153846153847,0.0013761559871795866
5032,3.7500000000000018,0.0014832703805846077
5033,3.753846153846153,0.001491038663653918
5034,3.7576923076923077,0.0014987878922321297
5035,3.7615384615384624,0.0015727361220029734
5036,3.765384615384617,0.0016797744084904914
5037,3.7692307692307683,0.0016543578070583587
5038,3.773076923076923,0.0016951403729103761
5039,3.7769230769230777,0.0017359041610920827
5040,3.7807692307692324,0.0017104312264905341
5041,3.7846153846153836,0.0015856126238343359
5042,3.7884615384615383,0.0014276664076945732
5043,3.792307692307693,0.0014021376324859422
5044,3.7961538461538478,0.0013765903524658874
5045,3.799999999999999,0.001384133621735942
5046,3.8038461538461537,0.0013585494942422356
5047,3.8076923076923084,0.001332947023775004
5048,3.811538461538463,0.0012742172639704568
5049,3.8153846153846143,0.001083033268310517
5050,3.819230769230769,0.0010242670901228802
5051,3.8230769230769237,0.000965482782582101
5052,3.8269230769230784,0.0009066803987098507
5053,3.8307692307692296,0.0008478599913753649
5054,3.8346153846153843,0.000822130613295917
5055,3.838461538461539,0.0008294923170374573
5056,3.8423076923076938,0.0008037271550142061
5057,3.8461538461538485,0.0006786171794904228
5058,3.8499999999999996,0.0006859254425801828
5059,3.8538461538461544,0.0007263249962474075
5060,3.857692307692309,0.0006673798923071711
5061,3.861538461538464,0.0005421991824250327
5062,3.865384615384615,0.0005825459181188338
5063,3.8692307692307697,0.0006228751507584549
5064,3.8730769230769244,0.000663186931565599
5065,3.876923076923079,0.0006372633116157817
5066,3.8807692307692303,0.0006775403418371947
5067,3.884615384615385,0.0006515820730120898
5068,3.8884615384615397,0.0005924975557769052
5069,3.8923076923076945,0.0005996138406227721
5070,3.8961538461538456,0.0005736039778961159
5071,3.9000000000000004,0.0005475770177984652
5072,3.903846153846155,0.0004553150103875207
5073,3.90769230769231,0.000495472005577148
5074,3.911538461538461,0.0005687210531388582
5075,3.9153846153846157,0.00047640820269994146
5076,3.9192307692307704,0.0003840785037470152
5077,3.923076923076925,0.00025862300562351156
5078,3.9269230769230763,0.00023247775753134454
5079,3.930769230769231,7.387980853265771e-05
5080,3.9346153846153857,-5.162579245237436e-05
5081,3.9384615384615405,-4.471199664317772e-05
5082,3.9423076923076916,2.8403244600351887e-05
5083,3.9461538461538463,6.839297977955178e-05
5084,3.950000000000001,0.0001745842572567365
5085,3.953846153846156,0.00011521412525500557
5086,3.957692307692307,2.2718631860106902e-05
5087,3.9615384615384617,-6.97931749805954e-05
5088,3.9653846153846164,-2.9885247457118276e-05
5089,3.969230769230771,7.622446210439919e-05
5090,3.9730769230769223,0.00021542700124001007
5091,3.976923076923077,0.00025528641735046687
5092,3.9807692307692317,0.0002620207577009599
5093,3.9846153846153864,0.00020252106942009987
5094,3.9884615384615376,0.00010989639950299075
5095,3.9923076923076923,0.00011658279480938026
5096,3.996153846153847,5.7035302065258425e-05
5097,4.000000000000002,-2.52803213774723e-06
5098,4.003846153846153,-2.8998161340759243e-05
5099,4.007692307692308,1.0733960782149336e-05
5100,4.011538461538462,8.35593804239072e-05
5101,4.015384615384617,5.704214364547137e-05
5102,4.019230769230768,-3.570870362399649e-05
5103,4.023076923076923,-6.225711558652367e-05
5104,4.026923076923078,1.0505953424226784e-05
5105,4.030769230769232,5.014454894477702e-05
5106,4.034615384615384,8.97677163805915e-05
5107,4.038461538461538,0.0001293755010080993
5108,4.042307692307693,0.00020207694797362888
5109,4.046153846153848,0.00014232710229462246
5110,4.049999999999999,0.00014878000886020017
5111,4.053846153846154,0.00015521771242996227
5112,4.057692307692308,0.0001285312576367369
5113,4.061538461538463,-3.060631101442545e-05
5114,4.065384615384614,-2.4213949145886595e-05
5115,4.069230769230769,8.149038749258363e-05
5116,4.073076923076924,0.00012096174302613015
5117,4.076923076923078,6.109116145243095e-05
5118,4.08076923076923,0.00010053268664443203
5119,4.084615384615384,0.000173068362349356
5120,4.088461538461539,0.00024558923218884286
5121,4.092307692307694,0.0002187683396613089
5122,4.0961538461538485,0.0002581507281395482
5123,4.1,0.00023130044087345757
5124,4.103846153846154,0.00020443552098884732
5125,4.107692307692309,0.00014444701148836432
5126,4.111538461538464,0.0001837709552524572
5127,4.115384615384615,0.0001899713950385567
5128,4.11923076923077,0.00022926637348243128
5129,4.123076923076924,0.0002685469330977368
5130,4.126923076923079,0.00027470411627678265
5131,4.13076923076923,0.00024773796529145966
5132,4.134615384615385,0.00018764852229245094
5133,4.13846153846154,0.00016065382931052582
5134,4.1423076923076945,0.00023297192825594867
5135,4.146153846153846,0.00023905786091997375
5136,4.15,0.0002451296689746391
5137,4.153846153846155,0.0002842963939727046
5138,4.15769230769231,0.0004558850773487841
5139,4.161538461538461,0.0004950237604185413
5140,4.165384615384616,0.0005341484843811475
5141,4.16923076923077,0.000639477290317127
5142,4.173076923076925,0.0005130292191900493
5143,4.176923076923076,0.0003534583118472445
5144,4.180769230769231,0.0002600916090192136
5145,4.184615384615386,0.0001998201513199445
5146,4.1884615384615405,0.00017264397924840165
5147,4.192307692307692,0.00011234513318754023
5148,4.196153846153846,0.0001182506534052228
5149,4.200000000000001,0.0001572515800552811
5150,4.203846153846156,0.0001962389531759963
5151,4.207692307692307,0.0001689948126922965
5152,4.211538461538462,0.0001417371984151739
5153,4.215384615384616,0.0001475751500423627
5154,4.219230769230771,8.718170715813194e-05
5155,4.223076923076922,5.9883909234162945e-05
5156,4.226923076923077,9.87907956297154e-05
5157,4.230769230769232,0.00017079340559229437
5158,4.2346153846153864,0.00020967377825652114
5159,4.238461538461538,0.00021543195264666563
5160,4.242307692307692,0.00025428596767588054
5161,4.246153846153847,0.00016069086214558432
5162,4.250000000000002,6.708267474745148e-05
5163,4.253846153846153,6.570444062995373e-06
5164,4.257692307692308,7.848120856354278e-05
5165,4.261538461538462,8.416100661089122e-05
5166,4.265384615384617,5.671887645837645e-05
5167,4.269230769230768,6.237285624936199e-05
5168,4.273076923076923,3.490498401957577e-05
5169,4.276923076923078,0.00010675129769594427
5170,4.280769230769232,0.00011236683509765664
5171,4.284615384615384,0.00018418763393628535
5172,4.288461538461538,0.00022288673181612055
5173,4.292307692307693,0.00012913716623445533
5174,4.296153846153848,6.848397458227365e-05
5175,4.299999999999999,4.092719414311528e-05
5176,4.303846153846154,7.957586209575104e-05
5177,4.307692307692308,1.888501551246106e-05
5178,4.311538461538463,5.7508691360464706e-05
5179,4.315384615384614,0.00016233792650150315
5180,4.319230769230769,0.0002009367576926715
5181,4.323076923076924,0.00020641422158655144
5182,4.326923076923078,0.00017877035473151605
5183,4.33076923076923,0.00018422319357202762
5184,4.334615384615384,9.03367744491321e-05
5185,4.338461538461539,-3.5618663997811443e-06
5186,4.342307692307694,3.49633071600262e-05
5187,4.3461538461538485,4.0367331159881555e-05
5188,4.35,7.886824152994769e-05
5189,4.353846153846154,-1.5078925902935018e-05
5190,4.357692307692309,-4.282013541287129e-05
5191,4.361538461538464,-4.3553513759942136e-06
5192,4.365384615384615,6.720646173069187e-05
5193,4.36923076923077,0.00017186533932875368
5194,4.373076923076924,0.000243403316739642
5195,4.376923076923079,0.00024871142918447505
5196,4.38076923076923,0.00025400771178415234
5197,4.384615384615385,0.0002261831995594881
5198,4.38846153846154,0.00026456492743234306
5199,4.3923076923076945,0.00026982593022558234
5200,4.396153846153846,0.00010953024266214823
5201,4.4,4.8549899367605074e-05
5202,4.403846153846155,0.00011999393486850606
5203,4.40769230769231,0.0001252083835935583
5204,4.411538461538461,9.730227987406127e-05
5205,4.415384615384616,3.627565794303263e-05
5206,4.41923076923077,0.00010767355193679442
5207,4.423076923076925,4.662399589531931e-05
5208,4.426923076923076,1.8672023761089193e-05
5209,4.430769230769231,9.003566938063754e-05
5210,4.434615384615386,0.00016138796650424538
5211,4.4384615384615405,0.00013340194878694485
5212,4.442307692307692,7.22956497877748e-05
5213,4.446153846153846,7.73961029708883e-05
5214,4.450000000000001,0.00014870334170516137
5215,4.453846153846156,0.00015378139926515628
5216,4.457692307692307,0.00019195730883053014
5217,4.461538461538462,0.000263231103487334
5218,4.465384615384616,0.0002682758162277821
5219,4.469230769230771,0.00027330947995000965
5220,4.473076923076922,0.0003445501274596918
5221,4.476923076923077,0.00034956179146847666
5222,4.480769230769232,0.0002883445045960844
5223,4.4846153846153864,0.0003264432993690914
5224,4.488461538461538,0.0004638582082224967
5225,4.492307692307692,0.0005350442634988726
5226,4.496153846153847,0.00047378349744941887
5227,4.500000000000002,0.0004456209422334242
5228,4.503846153846153,0.0004836656299196747
5229,4.507692307692308,0.0004885905924857468
5230,4.511538461538462,0.00042728686181824874
5231,4.515384615384617,0.0004321904697139167
5232,4.519230769230768,0.00047019244787937847
5233,4.523076923076923,0.00044196582793110204
5234,4.526923076923078,0.0002812926413961229
5235,4.530769230769232,0.0002861539197121551
5236,4.534615384615384,0.00035722269422800335
5237,4.538461538461538,0.00032895399620336274
5238,4.542307692307693,0.0003337838568095075
5239,4.546153846153848,0.0004048213071295966
5240,4.549999999999999,0.00044273937815825616
5241,4.553846153846154,0.00048064710080282513
5242,4.557692307692308,0.0006178715058832585
5243,4.561538461538463,0.0007219766241314328
5244,4.565384615384614,0.0007598534861929993
5245,4.569230769230769,0.0007315021226262056
5246,4.573076923076924,0.0007362495639034051
5247,4.576923076923078,0.0007078778404102024
5248,4.58076923076923,0.0006463869824464923
5249,4.584615384615384,0.0005848860202257722
5250,4.588461538461539,0.0006227019838772709
5251,4.592307692307694,0.0005611809034435119
5252,4.5961538461538485,0.00046654080888278117
5253,4.6,0.0004381087300685659
5254,4.603846153846154,0.000508993696789522
5255,4.607692307692309,0.0005136507387499744
5256,4.611538461538464,0.00045207988557068013
5257,4.615384615384615,0.00045671716678827106
5258,4.61923076923077,0.0005606716118556564
5259,4.623076923076924,0.0004990712501425569
5260,4.626923076923079,0.00033813411093561673
5261,4.63076923076923,0.00034273222343862535
5262,4.634615384615385,0.0004466476167727753
5263,4.63846153846154,0.00038500831997718196
5264,4.6423076923076945,0.00025714136200807
5265,4.646153846153846,0.0002617007717405184
5266,4.65,0.00026625057796735236
5267,4.653846153846155,0.00027079080940057686
5268,4.65769230769231,0.00017599449467054743
5269,4.661538461538461,0.00021362466232681442
5270,4.665384615384616,0.000284354340838218
5271,4.66923076923077,0.0002557475585932506
5272,4.673076923076925,0.00032645834390000413
5273,4.676923076923076,0.0004964867249862303
5274,4.680769230769231,0.0006665057300003498
5275,4.684615384615386,0.0008365153870112183
5276,4.6884615384615405,0.00120516972400805
5277,4.692307692307692,0.0018386867689011042
5278,4.696153846153846,0.002240431549521765
5279,4.700000000000001,0.0023441860936229152
5280,4.703846153846156,0.0022492774288787086
5281,4.707692307692307,0.0021543595828853977
5282,4.711538461538462,0.0019932145831608196
5283,4.715384615384616,0.0017989514571456638
5284,4.719230769230771,0.001704006232202636
5285,4.723076923076922,0.0016090519356172937
5286,4.726923076923077,0.0016134155945982677
5287,4.730769230769232,0.0015846612362770299
5288,4.7346153846153864,0.001655224887708412
5289,4.738461538461538,0.0015602345758714414
5290,4.742307692307692,0.001365908327668046
5291,4.746153846153847,0.0012046821699249236
5292,4.750000000000002,0.0011096651293924188
5293,4.753846153846153,0.0010146392327460793
5294,4.757692307692308,0.0009196045065853957
5295,4.761538461538462,0.0008245609774350437
5296,4.765384615384617,0.0008619446717448116
5297,4.769230769230768,0.0007337746158896643
5298,4.773076923076923,0.0007380318361707083
5299,4.776923076923078,0.0008084983588139091
5300,4.780769230769232,0.0009451742099719444
5301,4.784615384615384,0.0009162964157235192
5302,4.788461538461538,0.0007880830020730125
5303,4.792307692307693,0.0007260789949524236
5304,4.796153846153848,0.0006309574202199865
5305,4.799999999999999,0.0005027183036611078
5306,4.803846153846154,0.00047379767098858
5307,4.807692307692308,0.0004779775478422068
5308,4.811538461538463,0.00048214895979002367
5309,4.815384615384614,0.0004863119323276349
5310,4.819230769230769,0.0006229024908784399
5311,4.823076923076924,0.0006601576607946744
5312,4.826923076923078,0.0005980774673567768
5313,4.830769230769233,0.00040355293577359593
5314,4.834615384615384,0.00027523809118342596
5315,4.838461538461539,0.00034556895865324564
5316,4.842307692307694,0.000382782563179339
5317,4.8461538461538485,0.00045309692968804535
5318,4.85,0.0005234030830347121
5319,4.853846153846154,0.0005274830480048809
5320,4.857692307692309,0.0004322278493141998
5321,4.861538461538464,0.00040318251160876054
5322,4.865384615384615,0.0005396740594648842
5323,4.86923076923077,0.000576830517389625
5324,4.873076923076924,0.000514651909821481
5325,4.876923076923079,0.0004524652611293638
5326,4.88076923076923,0.0004564885956137685
5327,4.884615384615385,0.0004273949375067014
5328,4.88846153846154,0.0003320753109718579
5329,4.8923076923076945,0.00040229274010496587
5330,4.896153846153846,0.00043939324893357617
5331,4.9,0.00041026786141764617
5332,4.903846153846155,0.0003811346014496329
5333,4.90769230769231,0.0004513204928549238
5334,4.911538461538461,0.0005877165593909388
5335,4.915384615384616,0.0005585598247492963
5336,4.91923076923077,0.0004300683125539903
5337,4.923076923076925,0.0003677870463627674
5338,4.926923076923076,0.000437934049666838
5339,4.930769230769231,0.0003756373458918263
5340,4.934615384615386,0.00037955095839664003
5341,4.9384615384615405,0.0004165659104746846
5342,4.942307692307692,0.0004535732253537453
5343,4.946153846153846,0.00035813692619620415
5344,4.950000000000001,0.0003620200360993271
5345,4.953846153846156,0.0003990045780950663
5346,4.957692307692307,0.0003697635751507731
5347,4.961538461538462,0.0002742970501688755
5348,4.965384615384616,0.0002450410259874328
5349,4.969230769230771,0.0002819955253800502
5350,4.973076923076922,0.0001865065710569189
5351,4.976923076923077,0.00019033718566305292
5352,4.980769230769232,0.0003265963917809375
5353,4.9846153846153864,0.00039663021192853443
5354,4.988461538461538,0.00033422066856109373
5355,4.992307692307692,0.0003049127840701214
5356,4.996153846153847,0.000408033580784767
5357,5.000000000000002,0.0005111470809705215
5358,5.003846153846153,0.0005480353068307525
5359,5.007692307692308,0.0005849162805064735
5360,5.011538461538462,0.0005886810240757143
5361,5.015384615384617,0.0005262205595550466
5362,5.019230769230768,0.000430643908898691
5363,5.023076923076923,0.00046749609399923025
5364,5.026923076923078,0.0006367771366877642
5365,5.030769230769232,0.0007729420587337292
5366,5.034615384615384,0.0008428818818454207
5367,5.038461538461538,0.001078359627670087
5368,5.042307692307693,0.0014131573177942017
5369,5.046153846153848,0.0018803839737431163
5370,5.049999999999999,0.0025793666169823012
5371,5.053846153846154,0.0034107782689160528
5372,5.057692307692308,0.004175964950889133
5373,5.061538461538463,0.004610054684186001
5374,5.065384615384614,0.004944810490030984
5375,5.069230769230769,0.005279559389589278
5376,5.073076923076924,0.005481865403966007
5377,5.076923076923078,0.005651055554207622
5378,5.080769230769233,0.005886456861300727
5379,5.084615384615384,0.005956306346173059
5380,5.088461538461539,0.005860604029694032
5381,5.092307692307694,0.005665567932673745
5382,5.0961538461538485,0.005536743075864043
5383,5.1,0.005441020479958435
5384,5.103846153846154,0.005477727165592273
5385,5.107692307692309,0.005613754153343021
5386,5.111538461538464,0.0059153194637300505
5387,5.115384615384615,0.006084442117215193
5388,5.11923076923077,0.0060217951342028935
5389,5.123076923076924,0.005892923535040005
5390,5.126923076923079,0.005664718340016322
5391,5.13076923076923,0.005403397569364622
5392,5.134615384615385,0.005175179243260962
5393,5.13846153846154,0.005079390381824453
5394,5.1423076923076945,0.005116031005117927
5395,5.146153846153846,0.0050864471331475815
5396,5.15,0.005023747785863432
5397,5.153846153846155,0.004861714983159944
5398,5.15769230769231,0.004765893744875049
5399,5.161538461538461,0.004537630090791094
5400,5.165384615384616,0.0042762510406353675
5401,5.16923076923077,0.004114192614079101
5402,5.173076923076925,0.003919018830738407
5403,5.176923076923076,0.0037238387101748097
5404,5.180769230769231,0.003429325271894144
5405,5.184615384615386,0.003101696535348092
5406,5.1884615384615405,0.0028402795199333336
5407,5.192307692307692,0.002545747244992332
5408,5.196153846153846,0.0023505357298129895
5409,5.200000000000001,0.002254644993629174
5410,5.203846153846156,0.0022249660556207494
5411,5.207692307692307,0.002195280934913737
5412,5.211538461538462,0.002132480650580713
5413,5.215384615384616,0.0021690012216400816
5414,5.219230769230771,0.0021061886670574776
5415,5.223076923076922,0.0020102610057449316
5416,5.226923076923077,0.0019143272565615163
5417,5.230769230769232,0.001884605438313486
5418,5.2346153846153864,0.0017886595697540742
5419,5.238461538461538,0.0015933806695839945
5420,5.242307692307692,0.0014643137564514892
5421,5.246153846153847,0.0014014588489525827
5422,5.250000000000002,0.0013385979656309944
5423,5.253846153846153,0.0012095131249781604
5424,5.257692307692308,0.0011797493454341309
5425,5.261538461538462,0.0011830886453868398
5426,5.265384615384617,0.001153313043172878
5427,5.269230769230768,0.00112353155707714
5428,5.273076923076923,0.0010606352053333682
5429,5.276923076923078,0.0009977330061241244
5430,5.280769230769232,0.0009348249775810987
5431,5.284615384615384,0.0009050201377848849
5432,5.288461538461538,0.0009414275047654663
5433,5.292307692307693,0.0008785020965023933
5434,5.296153846153848,0.0007162439309246608
5435,5.299999999999999,0.0005870890259107215
5436,5.303846153846154,0.000557255399289287
5437,5.307692307692308,0.0005274160688391548
5438,5.311538461538463,0.0005306800522886894
5439,5.315384615384614,0.0005670473673171335
5440,5.319230769230769,0.0006034090315536734
5441,5.323076923076924,0.0005735470625786842
5442,5.326923076923078,0.0005436794779225015
5443,5.330769230769233,0.0006793512950670623
5444,5.334615384615384,0.0007487995314445467
5445,5.338461538461539,0.0006195882044388824
5446,5.342307692307694,0.0004903713313847856
5447,5.3461538461538485,0.000394257929568972
5448,5.35,0.00036435701622910383
5449,5.353846153846154,0.0003013416085547774
5450,5.357692307692309,0.00030453872368739975
5451,5.361538461538464,0.00047327537872045907
5452,5.365384615384615,0.000608897590699303
5453,5.36923076923077,0.0006782963766216216
5454,5.373076923076924,0.0007145807534376081
5455,5.376923076923079,0.0006846417380496964
5456,5.38076923076923,0.0005222613473130995
5457,5.384615384615385,0.0003929845980359134
5458,5.38846153846154,0.00046235650697890084
5459,5.3923076923076945,0.000498614090855988
5460,5.396153846153846,0.00043553936633438945
5461,5.4,0.00037245935003440023
5462,5.403846153846155,0.00047491905852998237
5463,5.40769230769231,0.0005111555083483232
5464,5.411538461538461,0.0004811687159707802
5465,5.415384615384616,0.00048428569783232
5466,5.41923076923077,0.0006198334703216373
5467,5.423076923076925,0.0005898310497819937
5468,5.426923076923076,0.00046049645251064583
5469,5.430769230769231,0.0003311566947590981
5470,5.434615384615386,0.00036735679273345516
5471,5.4384615384615405,0.00037044276259455707
5472,5.442307692307692,0.0004397416204576423
5473,5.446153846153846,0.0005752533823934105
5474,5.450000000000001,0.0006445420644268659
5475,5.453846153846156,0.0005482806825387223
5476,5.457692307692307,0.00035268725266460687
5477,5.461538461538462,0.00032263379069576896
5478,5.465384615384616,0.00032568431247873616
5479,5.469230769230771,0.00032872983381579206
5480,5.473076923076922,0.0003648793704650985
5481,5.476923076923077,0.00033480593814037276
5482,5.480769230769232,0.0003047275525119139
5483,5.4846153846153864,0.0002746442292054789
5484,5.488461538461538,0.00031077398380377377
5485,5.492307692307692,0.00041311683184510435
5486,5.496153846153847,0.00038301878882519543
5487,5.500000000000002,0.0004191338701958415
5488,5.503846153846153,0.0004883530913653707
5489,5.507692307692308,0.0006237854676997947
5490,5.511538461538462,0.0006267770145215582
5491,5.515384615384617,0.0004973277471101252
5492,5.519230769230768,0.000566527680702656
5493,5.523076923076923,0.0005032868304933537
5494,5.526923076923078,0.00044004121163413097
5495,5.530769230769232,0.00040989983923429146
5496,5.534615384615384,0.000512189728360981
5497,5.538461538461538,0.0005813658940392089
5498,5.542307692307693,0.0005512103512521713
5499,5.546153846153848,0.0005872681149406006
5500,5.549999999999999,0.0006233212000038861
5501,5.553846153846154,0.0005931516212998639
5502,5.557692307692308,0.0005298683936442558
5503,5.561538461538463,0.0005659075318117954
5504,5.565384615384618,0.0006019420505360123
5505,5.569230769230769,0.0005386449645087897
5506,5.573076923076924,0.0005415612883810476
5507,5.576923076923078,0.0005775820367631738
5508,5.580769230769233,0.0006467072242240485
5509,5.584615384615384,0.0007489368652923655
5510,5.588461538461539,0.0008842709744558818
5511,5.592307692307694,0.0010858185661620536
5512,5.5961538461538485,0.0010555986548177426
5513,5.6,0.0009591562547897497
5514,5.603846153846154,0.0008958183804045046
5515,5.607692307692309,0.0008986940459484955
5516,5.611538461538464,0.0009346742656682751
5517,5.615384615384615,0.0008713230537706989
5518,5.61923076923077,0.0010066214244226935
5519,5.623076923076924,0.0009763703917516915
5520,5.626923076923079,0.0008798969698457621
5521,5.63076923076923,0.0007834191727534997
5522,5.634615384615385,0.0007531550144841306
5523,5.63846153846154,0.0008553225090077317
5524,5.6423076923076945,0.0008912676702557808
5525,5.646153846153846,0.000993426512120291
5526,5.65,0.0010624720484546713
5527,5.653846153846155,0.001032186293073643
5528,5.65769230769231,0.0010018962597535279
5529,5.661538461538461,0.0010709289622316308
5530,5.665384615384616,0.0011399574142073304
5531,5.66923076923077,0.001010327629341816
5532,5.673076923076925,0.0009469116212576
5533,5.676923076923076,0.0009828184035396686
5534,5.680769230769231,0.0010849389897348682
5535,5.684615384615386,0.0010215103933519864
5536,5.6884615384615405,0.0009911866278624973
5537,5.692307692307692,0.0010601857067000643
5538,5.696153846153846,0.0011291806432606054
5539,5.700000000000001,0.0011319534509030642
5540,5.703846153846156,0.0011016131429487579
5541,5.707692307692307,0.0011374867326820273
5542,5.711538461538462,0.001239574233350007
5543,5.715384615384616,0.001308548658162638
5544,5.719230769230771,0.001543064020293402
5545,5.723076923076922,0.0019762293328787896
5546,5.726923076923077,0.0025418266090184156
5547,5.730769230769232,0.0029749838617758474
5548,5.7346153846153864,0.0033419191041775503
5549,5.738461538461538,0.0036095233492141566
5550,5.742307692307692,0.003777796609839731
5551,5.746153846153847,0.003813629898972385
5552,5.750000000000002,0.003816350229493963
5553,5.753846153846153,0.0037528486142505745
5554,5.757692307692308,0.003623125066052154
5555,5.761538461538462,0.003592724597673318
5556,5.765384615384617,0.0036947562218528174
5557,5.769230769230768,0.003697456951293754
5558,5.773076923076923,0.0036339357986639917
5559,5.776923076923078,0.0036697377765957427
5560,5.780769230769232,0.0038379718976863687
5561,5.784615384615384,0.003840657174497902
5562,5.788461538461538,0.003710902619557317
5563,5.792307692307693,0.0035480352453564333
5564,5.796153846153848,0.0034182730643525323
5565,5.799999999999999,0.0032885070889682464
5566,5.803846153846154,0.003158737331591048
5567,5.807692307692308,0.003028963804574363
5568,5.811538461538463,0.002832968520236858
5569,5.815384615384618,0.0026369694908630406
5570,5.819230769230769,0.002507184728702953
5571,5.823076923076924,0.0024105052459726883
5572,5.826923076923078,0.0025124760548539534
5573,5.830769230769233,0.002448898167494998
5574,5.834615384615384,0.002352207596009683
5575,5.838461538461539,0.002321731352478201
5576,5.842307692307694,0.002324360448947458
5577,5.8461538461538485,0.0022276588974302672
5578,5.85,0.002164062709906149
5579,5.853846153846154,0.0021997898983213316
5580,5.857692307692309,0.002235513474588529
5581,5.861538461538464,0.0021387974505873517
5582,5.865384615384615,0.0020089688381643867
5583,5.86923076923077,0.0019122456491331092
5584,5.873076923076924,0.0017824098952739526
5585,5.876923076923079,0.0017187885883345215
5586,5.88076923076923,0.0018538177400300713
5587,5.884615384615385,0.0019226253620427147
5588,5.88846153846154,0.002024538466022197
5589,5.8923076923076945,0.002126448063585803
5590,5.896153846153846,0.002427008166318637
5591,5.9,0.0027937827857731218
5592,5.903846153846155,0.003326098933469593
5593,5.90769230769231,0.004057065620896675
5594,5.911538461538461,0.004953573859510393
5595,5.915384615384616,0.00561831566073534
5596,5.91923076923077,0.005687092035964089
5597,5.923076923076925,0.005292338996557376
5598,5.926923076923076,0.004732037553844463
5599,5.930769230769231,0.004171732719122881
5600,5.934615384615386,0.00364453350365868
5601,5.9384615384615405,0.003183548918686913
5602,5.942307692307692,0.00298743297541095
5603,5.946153846153846,0.0028244226850028644
5604,5.950000000000001,0.0027938450586039894
5605,5.953846153846156,0.002829482107324359
5606,5.957692307692307,0.0029313338422431306
5607,5.961538461538462,0.002801419274408826
5608,5.965384615384616,0.002704610414838709
5609,5.969230769230771,0.002806452274519842
5610,5.973076923076922,0.0029413998644085048
5611,5.976923076923077,0.0030101261954302697
5612,5.980769230769232,0.0029795222784807754
5613,5.9846153846153864,0.0030813511244247504
5614,5.988461538461538,0.00334872174409715
5615,5.992307692307692,0.0034836531483024742
5616,5.996153846153847,0.0035523633478153384
5617,6.000000000000002,0.003554852353380173
5618,6.003846153846153,0.003722883175711687
5619,6.007692307692308,0.003890910825494579
5620,6.011538461538462,0.004025826313383898
5621,6.015384615384617,0.004094520650005129
5622,6.019230769230768,0.003931448845954088
5623,6.023076923076923,0.003503501911796914
5624,6.026923076923078,0.0030755518580707275
5625,6.030769230769232,0.002746925695283212
5626,6.034615384615384,0.0025176234339124486
5627,6.038461538461538,0.0022221000844077224
5628,6.042307692307693,0.0020590096571892584
5629,6.046153846153848,0.001962134162648089
5630,6.049999999999999,0.0018983646111465223
5631,6.053846153846154,0.0017683740130178542
5632,6.057692307692308,0.0016052713785668113
5633,6.061538461538463,0.0014752747180692765
5634,6.065384615384618,0.0012790570417727158
5635,6.069230769230769,0.0010828363598958143
5636,6.073076923076924,0.0009197216826293119
5637,6.076923076923078,0.0007234950201351188
5638,6.080769230769233,0.0004610473825469776
5639,6.084615384615384,0.0002979237799708135
5640,6.088461538461539,0.00033345122248399587
5641,6.092307692307694,0.000269648720136123
5642,6.0961538461538485,0.00030517028294866754
5643,6.1,0.0003406889209153362
5644,6.103846153846154,0.0004093136440021217
5645,6.107692307692309,0.00034549946214712675
5646,6.111538461538464,0.0002485733852610034
5647,6.115384615384615,0.0002840804232266587
5648,6.11923076923077,0.000352693585899621
5649,6.123076923076924,0.00032197688310809996
5650,6.126923076923079,0.0002250393246529007
5651,6.13076923076923,0.0001943169203073871
5652,6.134615384615385,0.00013048267981811837
5653,6.13846153846154,6.664561290439016e-05
5654,6.1423076923076945,0.00010213272925838025
5655,6.146153846153846,0.0002038350385455002
5656,6.15,0.00030553455040403755
5657,6.153846153846155,0.0003410132744459363
5658,6.15769230769231,0.000475816220255984
5659,6.161538461538461,0.0005112893973924898
5660,6.165384615384616,0.00048054181538731075
5661,6.16923076923077,0.000350464483745711
5662,6.173076923076925,0.0003197114119463736
5663,6.176923076923076,0.0002889556094419841
5664,6.180769230769231,0.0001919790856587107
5665,6.184615384615386,9.499984999669642e-05
5666,6.1884615384615405,9.734491182989075e-05
5667,6.192307692307692,6.657828050600869e-05
5668,6.196153846153846,3.5808965347335834e-05
5669,6.200000000000001,0.00010436397564944785
5670,6.203846153846156,0.0002722433206828294
5671,6.207692307692307,0.00024146600969193288
5672,6.211538461538462,0.00021068605189534888
5673,6.215384615384616,0.00021301245648660747
5674,6.219230769230771,0.0002153362326328932
5675,6.223076923076922,0.00021765738947673386
5676,6.226923076923077,0.0002199759361347348
5677,6.230769230769232,0.0002885098816983508
5678,6.2346153846153864,0.0004232592352338945
5679,6.238461538461538,0.0003924610057822976
5680,6.242307692307692,0.00036166020235950673
5681,6.246153846153847,0.0004301838339565822
5682,6.250000000000002,0.0003993779095392753
5683,6.253846153846153,0.00030235143804862707
5684,6.257692307692308,0.0002384314284008518
5685,6.261538461538462,0.00030694488948757005
5686,6.265384615384617,0.0003754558301752131
5687,6.269230769230768,0.0003446372593062805
5688,6.273076923076923,0.00038003418569829963
5689,6.276923076923078,0.0004154286181443104
5690,6.280769230769232,0.00041771156541304524
5691,6.284615384615384,0.0003206650362488864
5692,6.288461538461538,0.0003229430393720406
5693,6.292307692307693,0.00042454558347841795
5694,6.296153846153848,0.0003937096772397154
5695,6.299999999999999,0.00036287132930372303
5696,6.303846153846154,0.0002989215482940757
5697,6.307692307692308,0.0002680783428105541
5698,6.311538461538463,0.00020412372142916582
5699,6.315384615384618,0.000206384692701947
5700,6.319230769230769,0.0003410792651574598
5701,6.323076923076924,0.00031022644730010227
5702,6.326923076923078,0.00018004424761134145
5703,6.330769230769233,0.00011607767454870923
5704,6.334615384615384,0.00021765373654616146
5705,6.338461538461539,0.0003192274420146242
5706,6.342307692307694,0.000222144799341508
5707,6.3461538461538485,0.00022438681689087355
5708,6.35,0.00025973550300374833
5709,6.353846153846154,0.00026197286599786854
5710,6.357692307692309,0.00026420791416796954
5711,6.361538461538464,0.0003326586557858774
5712,6.365384615384615,0.0005004340991002932
5713,6.36923076923077,0.0005357712523373155
5714,6.373076923076924,0.0005711061236997934
5715,6.376923076923079,0.0005733297213681736
5716,6.38076923076923,0.0006086600535002169
5717,6.384615384615385,0.0005777701282310712
5718,6.38846153846154,0.000513768953672979
5719,6.3923076923076945,0.000582201537916121
5720,6.396153846153846,0.0005513048890279052
5721,6.4,0.0005204060150538049
5722,6.403846153846155,0.0005888319240165578
5723,6.40769230769231,0.0006572556239169203
5724,6.411538461538461,0.0006263501227332974
5725,6.415384615384616,0.0005954424284221539
5726,6.41923076923077,0.0006969685489176421
5727,6.423076923076925,0.0006991654921323471
5728,6.426923076923076,0.0005689242659565007
5729,6.430769230769231,0.00040557187825863766
5730,6.434615384615386,0.0004077623368855742
5731,6.4384615384615405,0.000443059649662293
5732,6.442307692307692,0.0005114638243919971
5733,6.446153846153846,0.0005798658688563796
5734,6.450000000000001,0.0006482657908156254
5735,6.453846153846156,0.0005842275980083507
5736,6.457692307692307,0.00048707829815155645
5737,6.461538461538462,0.00038992689894120323
5738,6.465384615384616,0.0003589914080517583
5739,6.469230769230771,0.0003611628331363464
5740,6.473076923076922,0.00039644118182705654
5741,6.476923076923077,0.00046482646173467415
5742,6.480769230769232,0.000566318680449064
5743,6.4846153846153864,0.000535372845538901
5744,6.488461538461538,0.0005375339645520698
5745,6.492307692307692,0.0006390200450153824
5746,6.496153846153847,0.0005418500944348744
5747,6.500000000000002,0.000444678120295979
5748,6.503846153846153,0.00041372213006297574
5749,6.507692307692308,0.000515200131179967
5750,6.511538461538462,0.0004842401310699541
5751,6.515384615384617,0.00038706013713579225
5752,6.519230769230768,0.0004223141567596731
5753,6.523076923076923,0.00045756619730326906
5754,6.526923076923078,0.0004597072661079579
5755,6.530769230769232,0.00039562837049486913
5756,6.534615384615384,0.0003646565177646883
5757,6.538461538461538,0.00039990071519808263
5758,6.542307692307693,0.0003689249700554527
5759,6.546153846153848,0.00033794728957704757
5760,6.549999999999999,0.0003731856809831281
5761,6.553846153846154,0.00037531315147416313
5762,6.557692307692308,0.0002450027082302707
5763,6.561538461538463,0.00011469035841209338
5764,6.565384615384618,0.00014992110916023404
5765,6.569230769230769,0.00015204096759568228
5766,6.573076923076924,0.00022037694081964896
5767,6.576923076923078,0.0001893840359135314
5768,6.580769230769233,0.00022460725993952285
5769,6.584615384615384,0.00019361061993989758
5770,6.588461538461539,0.00012950312293766178
5771,6.592307692307694,0.0001647207759362503
5772,6.5961538461538485,0.00013371858591979013
5773,6.6,3.649655985316948e-05
5774,6.603846153846154,-2.7618295318146543e-05
5775,6.607692307692309,0.00010691902733225172
5776,6.611538461538464,0.0002414545347115244
5777,6.615384615384615,0.00021044323370758772
5778,6.61923076923077,0.0002456481311896829
5779,6.623076923076924,0.00021463323400759725
5780,6.626923076923079,0.00021672554899262845
5781,6.63076923076923,0.00015259808295679225
5782,6.634615384615385,0.00018779584269343764
5783,6.63846153846154,0.00022299183497719532
5784,6.6423076923076945,0.00012575006656379895
5785,6.646153846153846,-3.771145580945675e-05
5786,6.65,-6.873872542420892e-05
5787,6.653846153846155,-9.97677355806068e-05
5788,6.65769230769231,-0.00013079847959700198
5789,6.661538461538461,-0.00012872195081061475
5790,6.665384615384616,-9.35381425769227e-05
5791,6.66923076923077,-5.835604826969691e-05
5792,6.673076923076925,-5.628466128110266e-05
5793,6.676923076923076,-0.00012043297502165138
5794,6.680769230769231,-8.52559829199851e-05
5795,6.684615384615386,-0.00011629867842283346
5796,6.6884615384615405,-0.00018045205499511653
5797,6.692307692307692,-0.00021149810611989582
5798,6.696153846153846,-0.0001432188252981591
5799,6.700000000000001,-0.00010805020604878063
5800,6.703846153846156,-0.00013910124190862115
5801,6.707692307692307,-0.00020326292643248135
5802,6.711538461538462,-0.00020120825319288682
5803,6.715384615384616,-0.00023226421577997238
5804,6.719230769230771,-0.0003295398078019691
5805,6.723076923076922,-0.00036059902288438197
5806,6.726923076923077,-0.0002923328546704755
5807,6.730769230769232,-0.00025717729682108034
5808,6.7346153846153864,-0.00028824134301469223
5809,6.738461538461538,-0.00021997998694688406
5810,6.742307692307692,-0.00015172022233110052
5811,6.746153846153847,-0.00021589804289777036
5812,6.750000000000002,-0.0003131864423947913
5813,6.753846153846153,-0.0002780404145873301
5814,6.757692307692308,-0.00020978695325792073
5815,6.761538461538462,-0.0002077530522058891
5816,6.765384615384617,-0.00013950270524806557
5817,6.769230769230768,-3.814490621820404e-05
5818,6.773076923076923,-0.00010233364896700234
5819,6.776923076923078,-0.00019963292736229648
5820,6.780769230769232,-0.00033004273528869864
5821,6.784615384615384,-0.00032801806664786
5822,6.788461538461538,-0.00035910391535803334
5823,6.792307692307693,-0.00032397327535464834
5824,6.796153846153848,-0.00018951714058949322
5825,6.8000000000000025,-5.5062505031204176e-05
5826,6.803846153846154,-1.9936362665143705e-05
5827,6.807692307692308,-8.413870749319444e-05
5828,6.811538461538463,-0.00011523353353364984
5829,6.815384615384618,-0.00021254783482161168
5830,6.819230769230769,-0.0003098636054085708
5831,6.823076923076924,-0.0004071808393621283
5832,6.826923076923078,-0.00030584553076656244
5833,6.830769230769233,-0.000204511673722549
5834,6.834615384615384,-0.00016939726234674237
5835,6.838461538461539,-0.0001011752907721787
5836,6.842307692307694,-6.606375314808491e-05
5837,6.8461538461538485,-0.00016338964363990364
5838,6.85,-0.00019449895642910126
5839,6.853846153846154,-0.00015939168571311806
5840,6.857692307692309,-0.00012428582570548003
5841,6.861538461538464,-0.0001885083706357482
5842,6.865384615384615,-0.00021962331474932855
5843,6.86923076923077,-8.519465230734662e-05
5844,6.873076923076924,-5.009437758713255e-05
5845,6.876923076923079,-4.810448488142807e-05
5846,6.88076923076923,-0.00011233396849878979
5847,6.884615384615385,-0.00014345582276383754
5848,6.88846153846154,-0.0001745790420162542
5849,6.8923076923076945,-0.00027192162061169913
5850,6.896153846153846,-0.00020372055292139878
5851,6.9,-0.00016862983333202014
5852,6.903846153846155,-0.00013354045624563852
5853,6.90769230769231,-0.0001646704160799099
5854,6.911538461538461,-0.00012958370726773457
5855,6.915384615384616,-9.44983242574303e-05
5856,6.91923076923077,-0.00012563226151269592
5857,6.923076923076925,-0.000156767513512345
5858,6.926923076923076,-0.00012168607475055804
5859,6.930769230769231,-8.660593973654034e-05
5860,6.934615384615386,-8.4636102994782e-05
5861,6.9384615384615405,-0.00011577655906471732
5862,6.942307692307692,-4.7591302500977974e-05
5863,6.946153846153846,-7.873432787305055e-05
5864,6.950000000000001,-7.676962976553852e-05
5865,6.953846153846156,-7.480620277782119e-05
5866,6.957692307692307,-7.28440415241606e-05
5867,6.961538461538462,-0.00020331914063401678
5868,6.965384615384616,-0.00026757749475107254
5869,6.969230769230771,-0.00013318309853420167
5870,6.973076923076922,-6.500794665677582e-05
5871,6.976923076923077,-0.00012927003380698186
5872,6.980769230769232,-0.00019353335468750036
5873,6.9846153846153864,-0.00019157990401574702
5874,6.988461538461538,-0.00012340967652347352
5875,6.992307692307692,-0.00015456766695729764
5876,6.996153846153847,-0.0001195088700779532
5877,7.000000000000002,-8.445128066074446e-05
5878,7.003846153846153,-0.00011561289349543873
5879,7.007692307692308,-0.00024610270338600406
5880,7.011538461538462,-0.00021104870515086644
5881,7.015384615384617,-0.00014288689362257367
5882,7.019230769230768,-0.0001740532636480477
5883,7.023076923076923,-0.00013900281008825293
5884,7.026923076923078,-7.084452781837812e-05
5885,7.030769230769232,-0.00013512341172786167
5886,7.034615384615384,-0.00026562145671986035
5887,7.038461538461538,-0.00029679365771183964
5888,7.042307692307693,-0.00022864000963533312
5889,7.046153846153848,-0.00022670550743553977
5890,7.0500000000000025,-0.0002578811460717162
5891,7.053846153846154,-0.00025594892051706414
5892,7.057692307692308,-0.0002209088257584045
5893,7.061538461538463,-0.0003183058567967129
5894,7.065384615384618,-0.0003163770086463696
5895,7.069230769230769,-0.0002151222763356874
5896,7.073076923076924,-0.00021319565490644365
5897,7.076923076923078,-0.000310597139414346
5898,7.080769230769233,-0.0004079997249285655
5899,7.084615384615384,-0.000339858406531771
5900,7.088461538461539,-0.0002717181793202951
5901,7.092307692307694,-0.00026979703840382727
5902,7.0961538461538485,-0.00020165897890557906
5903,7.1,-0.00023284899596224802
5904,7.103846153846154,-0.00019782208472376723
5905,7.107692307692309,-0.00019590524035355435
5906,7.111538461538464,-9.466245802818908e-05
5907,7.115384615384615,-2.6529732937589814e-05
5908,7.11923076923077,-9.08340602850372e-05
5909,7.123076923076924,-0.00012203043528666324
5910,7.126923076923079,-8.700985317203072e-05
5911,7.13076923076923,-1.8881309183891486e-05
5912,7.134615384615385,-5.0080798577729316e-05
5913,7.13846153846154,-4.81723166224923e-05
5914,7.1423076923076945,-1.3155858599721315e-05
5915,7.146153846153846,-4.4358419804346435e-05
5916,7.15,-9.343995543815227e-06
5917,7.153846153846155,9.188741886117548e-05
5918,7.15769230769231,0.00016000882807727364
5919,7.161538461538461,0.00019502023675815915
5920,7.165384615384616,0.0001307036495448614
5921,7.16923076923077,0.00019882207106551196
5922,7.173076923076925,0.00020072150593566007
5923,7.176923076923076,0.00023572895875809954
5924,7.180769230769231,0.0003369534341229101
5925,7.184615384615386,0.0004712859366076222
5926,7.1884615384615405,0.00047318147077732363
5927,7.192307692307692,0.0003757490411842848
5928,7.196153846153846,0.0003445336523684742
5929,7.200000000000001,0.00028020830885724837
5930,7.203846153846156,0.0002821000151655912
5931,7.207692307692307,0.0001846637757962192
5932,7.211538461538462,0.00015344459523914235
5933,7.215384615384616,0.00015533347797237035
5934,7.219230769230771,0.00015722142846154611
5935,7.223076923076922,0.0001922174511597742
5936,7.226923076923077,0.00022721255050826936
5937,7.230769230769232,0.0002290977309358411
5938,7.2346153846153864,0.00016476399685933895
5939,7.238461538461538,0.00013353835268321173
5940,7.242307692307692,0.0001685298027999508
5941,7.246153846153847,0.00013730235159004924
5942,7.250000000000002,0.00010607400342190431
5943,7.253846153846153,0.00020728076265185064
5944,7.257692307692308,0.0003084866336244005
5945,7.261538461538462,0.0003103646206720664
5946,7.265384615384617,0.0001798057281153999
5947,7.269230769230768,0.00021479096026315694
5948,7.273076923076923,0.00015044832141233692
5949,7.276923076923078,8.610481584807219e-05
5950,7.280769230769232,-1.1348552156332484e-05
5951,7.284615384615384,-4.258477833923651e-05
5952,7.288461538461538,-4.0712858450492806e-05
5953,7.292307692307693,-0.0001381687882521525
5954,7.296153846153848,-7.008056351730165e-05
5955,7.3000000000000025,-3.5102180030956035e-05
5956,7.303846153846154,-3.323363358976499e-05
5957,7.307692307692308,-9.758392000157746e-05
5958,7.311538461538463,-2.9499035086146658e-05
5959,7.315384615384618,3.858502532570328e-05
5960,7.319230769230769,-2.576773460855541e-05
5961,7.323076923076924,-2.3903310742918733e-05
5962,7.326923076923078,4.417830105756806e-05
5963,7.330769230769233,-2.0176895083809485e-05
5964,7.334615384615384,-0.0001176418950548817
5965,7.338461538461539,-0.00011578069475488514
5966,7.342307692307694,-1.4593290094177332e-05
5967,7.3461538461538485,-0.00011206067699439466
5968,7.35,-0.00014331085138842862
5969,7.353846153846154,-0.00017456180922025114
5970,7.357692307692309,-0.00010648654644489946
5971,7.361538461538464,-7.152105902856357e-05
5972,7.365384615384615,-0.00016899234294856172
5973,7.36923076923077,-0.00013402839419310764
5974,7.373076923076924,-0.0001321742087614841
5975,7.376923076923079,-0.0002627567826640038
5976,7.38076923076923,-0.0003602311119217909
5977,7.384615384615385,-0.0002259431925670039
5978,7.38846153846154,-5.85470206425436e-05
5979,7.3923076923076945,-8.980559220223277e-05
5980,7.396153846153846,-0.00018728290331070454
5981,7.4,-0.00015232495004350493
5982,7.403846153846155,-0.00015047672848661682
5983,7.40769230769231,-0.0002148472347370724
5984,7.411538461538461,-0.00021300046490246643
5985,7.415384615384616,-0.00014493641510099548
5986,7.41923076923077,-0.00014309108146156333
5987,7.423076923076925,-0.00014124646012367574
5988,7.426923076923076,-0.00010629354723748128
5989,7.430769230769231,-5.1233389635444056e-06
5990,7.434615384615386,-3.638983147307871e-05
5991,7.4384615384615405,-1.439020947659837e-06
5992,7.442307692307692,6.662009642054991e-05
5993,7.446153846153846,3.535152442908922e-05
5994,7.450000000000001,-6.213573313490906e-05
5995,7.453846153846156,-0.00012651467249493798
5996,7.457692307692307,-0.00012467628988451754
5997,7.461538461538462,-0.0002552745815476033
5998,7.465384615384616,-0.00038587354373850806
5999,7.469230769230771,-0.0002516011727216665
6000,7.473076923076922,-0.0001504384647718785
6001,7.476923076923077,-0.0001486034161739439
6002,7.480769230769232,-0.00017987802322315833
6003,7.4846153846153864,-7.87172822246362e-05
6004,7.488461538461538,8.866081050631892e-05
6005,7.492307692307692,5.7384258644012517e-05
6006,7.496153846153847,-7.00193414674788e-06
6007,7.500000000000002,-7.138876421168712e-05
6008,7.503846153846153,-6.955822790634609e-05
6009,7.507692307692308,-0.00010083732159617178
6010,7.511538461538462,-0.00013211704165662618
6011,7.515384615384617,-0.000130288384473151
6012,7.519230769230768,-0.00019467834644095605
6013,7.523076923076923,-0.00022595992396523594
6014,7.526923076923078,-0.0002241331134609003
6015,7.530769230769232,-0.00012297991135272934
6016,7.534615384615387,-0.00022048131407528446
6017,7.538461538461538,-0.00028487431807294554
6018,7.542307692307693,-0.0002168319197997533
6019,7.546153846153848,-0.00028122611571932706
6020,7.5500000000000025,-0.00031251190230527245
6021,7.553846153846154,-0.00034379827604046255
6022,7.557692307692308,-0.00024264923341770254
6023,7.561538461538463,-0.00027393677093920317
6024,7.565384615384618,-0.0002390068851168722
6025,7.569230769230769,-0.00010475057247202012
6026,7.573076923076924,-3.671282953554035e-05
6027,7.576923076923078,-6.800265284793278e-05
6028,7.580769230769233,-0.00019862003895878644
6029,7.584615384615384,-0.0002630199844276199
6030,7.588461538461539,-0.00022809348582298494
6031,7.592307692307694,-0.00029249453972293585
6032,7.5961538461538485,-0.0003568961427148842
6033,7.6,-0.00028886229139563893
6034,7.603846153846154,-0.00018771998237123122
6035,7.607692307692309,-0.0002521232122569253
6036,7.611538461538464,-0.00025030897767728893
6037,7.615384615384615,-0.00018227727526605767
6038,7.61923076923077,-0.00024668210166640465
6039,7.623076923076924,-0.0002779784535304394
6040,7.626923076923079,-0.0003092753275193514
6041,7.63076923076923,-0.0002743547203037042
6042,7.634615384615385,-0.00030565262856302927
6043,7.63846153846154,-0.00037006004898581293
6044,7.6423076923076945,-0.00026892297826983097
6045,7.646153846153846,-0.0002008954131216979
6046,7.65,-0.00013286835025714134
6047,7.653846153846155,-0.00013105978640074654
6048,7.65769230769231,-6.303371828616133e-05
6049,7.661538461538461,-0.00012744414265577564
6050,7.665384615384616,-0.00019185505626111464
6051,7.66923076923077,-0.00019004845586239428
6052,7.673076923076925,-0.0001551333382287992
6053,7.676923076923076,-5.4000700138221174e-05
6054,7.680769230769231,-0.00011841353837745903
6055,7.684615384615386,-5.03908497419736e-05
6056,7.6884615384615405,0.00015006736896396847
6057,7.692307692307692,0.00021808912092731534
6058,7.696153846153846,0.000286110409326438
6059,7.700000000000001,0.00032102223733090776
6060,7.703846153846156,0.00035593360810182476
6061,7.707692307692307,0.0002915175247914215
6062,7.711538461538462,0.00022710099054345004
6063,7.715384615384616,0.0002951200084931972
6064,7.719230769230771,0.00033002958176709806
6065,7.723076923076922,0.0002656117134834115
6066,7.726923076923077,0.00016808440675159517
6067,7.730769230769232,0.00020299266467279384
6068,7.7346153846153864,0.00023790049033963682
6069,7.738461538461538,0.00017348088683619318
6070,7.742307692307692,0.00017527885723842007
6071,7.746153846153847,0.00017707640461364171
6072,7.750000000000002,0.00014576453202081742
6073,7.753846153846153,4.8234242510679045e-05
6074,7.757692307692308,0.00011624853912558294
6075,7.761538461538462,0.0001511534248995241
6076,7.765384615384617,0.00015294890285828496
6077,7.769230769230768,0.0001547439760195108
6078,7.773076923076923,0.00018964764739238843
6079,7.776923076923078,0.0001583329199780129
6080,7.780769230769232,9.390879676935522e-05
6081,7.784615384615387,0.00012881128075122646
6082,7.788461538461538,0.0002630403749000656
6083,7.792307692307693,0.00016550608218449396
6084,7.796153846153848,3.486240556497676e-05
6085,7.8000000000000025,3.545347993677908e-06
6086,7.803846153846154,7.15549124150627e-05
6087,7.807692307692308,0.0001395641017652271
6088,7.811538461538463,0.0002406819189726087
6089,7.815384615384618,0.0004080173669573754
6090,7.819230769230769,0.0005091344486319112
6091,7.823076923076924,0.00047781516690061
6092,7.826923076923078,0.00047960452465988825
6093,7.830769230769233,0.0006469385247983308
6094,7.834615384615384,0.0007480541701967681
6095,7.838461538461539,0.0007498424637280127
6096,7.842307692307694,0.0008178484082569915
6097,7.8461538461538485,0.0007865270066411043
6098,7.85,0.0007220962617297028
6099,7.853846153846154,0.0007238831763645296
6100,7.857692307692309,0.0008581057533794787
6101,7.861538461538464,0.0009592189956009085
6102,7.865384615384615,0.0010603319058472417
6103,7.86923076923077,0.001194553486929339
6104,7.873076923076924,0.0012294477416505238
6105,7.876923076923079,0.0011319056728062659
6106,7.88076923076923,0.0010343632831845274
6107,7.884615384615385,0.001069256575565805
6108,7.88846153846154,0.0012034765527227274
6109,7.8923076923076945,0.0012383692174207255
6110,7.896153846153846,0.001306370572417483
6111,7.9,0.0014074806204631067
6112,7.903846153846155,0.0014754813643005095
6113,7.90769230769231,0.0014772638066649119
6114,7.911538461538461,0.0013466099502840337
6115,7.915384615384616,0.0013815007978784561
6116,7.91923076923077,0.0015157183521610745
6117,7.923076923076925,0.0015837176158375712
6118,7.926923076923076,0.0016848255916062098
6119,7.930769230769231,0.0019514782821578617
6120,7.934615384615386,0.002118803690176186
6121,7.9384615384615405,0.002120583818337431
6122,7.942307692307692,0.0022216906693107875
6123,7.946153846153846,0.0022565792457577456
6124,7.950000000000001,0.0022914675503330475
6125,7.953846153846156,0.00226013758568389
6126,7.957692307692307,0.002228807354450489
6127,7.961538461538462,0.002098149859265617
6128,7.965384615384616,0.0020006011027551376
6129,7.969230769230771,0.002068597087537748
6130,7.973076923076922,0.0021697018162248408
6131,7.976923076923077,0.002270806291420832
6132,7.980769230769232,0.0023056925157231008
6133,7.9846153846153864,0.002274360491721919
6134,7.988461538461538,0.0023423552220004553
6135,7.992307692307692,0.0022116957091350424
6136,7.996153846153847,0.00201481795569476
6137,8.000000000000002,0.0019172669642418968
6138,8.003846153846153,0.0019521517373316541
6139,8.007692307692308,0.001920818277512352
6140,8.011538461538462,0.00188948458732555
6141,8.015384615384617,0.0018250416693055135
6142,8.019230769230768,0.0017605985259799557
6143,8.023076923076923,0.0016299371598695587
6144,8.026923076923078,0.0015986025734883195
6145,8.030769230769232,0.0016003767693431891
6146,8.034615384615387,0.0016683687499344708
6147,8.038461538461538,0.0016039245177555685
6148,8.042307692307693,0.001605698075293227
6149,8.046153846153848,0.0015743624250273796
6150,8.050000000000002,0.0015099175694312252
6151,8.053846153846154,0.001478581510971192
6152,8.057692307692308,0.0014141362521071263
6153,8.061538461538463,0.0013165817952921306
6154,8.065384615384618,0.0011859181429725552
6155,8.069230769230769,0.0011545812975884149
6156,8.073076923076924,0.0011894622615727362
6157,8.076923076923078,0.0012574520373520978
6158,8.080769230769233,0.001259223627346549
6159,8.084615384615384,0.0012278860339694562
6160,8.088461538461539,0.0013289842596278128
6161,8.092307692307694,0.0013638643067218545
6162,8.096153846153848,0.0012663081776454605
6163,8.1,0.0011687518747859676
6164,8.103846153846154,0.0011374134005242334
6165,8.107692307692309,0.0011391837572346092
6166,8.111538461538464,0.0011409539472850498
6167,8.115384615384615,0.0011758329730371447
6168,8.11923076923077,0.0012769298368460183
6169,8.123076923076924,0.001179372541060414
6170,8.12692307692308,0.0011149240880227026
6171,8.13076923076923,0.0010835844800688415
6172,8.134615384615385,0.0011515717195285774
6173,8.13846153846154,0.0011533408087252726
6174,8.142307692307694,0.0011220007499759411
6175,8.146153846153846,0.0011237695455914116
6176,8.15,0.0011917561978762098
6177,8.153846153846155,0.0011604157091285477
6178,8.15769230769231,0.0010297480816405297
6179,8.161538461538461,0.0008659713176979722
6180,8.165384615384616,0.0007684124195805133
6181,8.16923076923077,0.0006708533895615483
6182,8.173076923076925,0.0007388392299084289
6183,8.176923076923076,0.0009061519428822989
6184,8.180769230769231,0.0009741375307381324
6185,8.184615384615386,0.0009096869957248813
6186,8.18846153846154,0.000878345340085375
6187,8.192307692307692,0.000880112566056291
6188,8.196153846153846,0.0008487706758683656
6189,8.200000000000001,0.0007512106717462957
6190,8.203846153846156,0.000819195555908531
6191,8.207692307692307,0.000920289330567779
6192,8.211538461538462,0.0008227289979307066
6193,8.215384615384616,0.0006589505601977885
6194,8.219230769230771,0.0006276080195638562
6195,8.223076923076922,0.0005962653782175365
6196,8.226923076923077,0.0005318136383416903
6197,8.230769230769232,0.00046736180211315835
6198,8.234615384615386,0.00046912787170304824
6199,8.238461538461538,0.0004377848492763785
6200,8.242307692307692,0.000340223736992467
6201,8.246153846153847,0.00037509853700473206
6202,8.250000000000002,0.0004430822514606592
6203,8.253846153846153,0.0004117388825021818
6204,8.257692307692308,0.0002479594322652319
6205,8.261538461538462,0.00018350690287995564
6206,8.265384615384617,0.00018527229647084505
6207,8.269230769230768,0.00012081961515658868
6208,8.273076923076923,0.0001225848610501939
6209,8.276923076923078,0.00015745903625874534
6210,8.280769230769232,0.00019233314288383241
6211,8.284615384615387,0.0001609891830214199
6212,8.288461538461538,0.00019586315876163286
6213,8.292307692307693,0.00023073707218896158
6214,8.296153846153848,0.00013317492538234644
6215,8.300000000000002,0.00010183072041500805
6216,8.303846153846154,0.00013670445935471933
6217,8.307692307692308,0.0002377961442634511
6218,8.311538461538463,0.0002395607771977545
6219,8.315384615384618,0.0001088893602085167
6220,8.319230769230769,0.00014376289534118782
6221,8.323076923076924,7.93093846356835e-05
6222,8.326923076923078,8.107383012625265e-05
6223,8.330769230769233,4.972923384174771e-05
6224,8.334615384615384,0.00011771159780559138
6225,8.338461538461539,8.63669240356382e-05
6226,8.342307692307694,-1.1195785455565908e-05
6227,8.346153846153848,2.367747133888697e-05
6228,8.35,0.00012476869642068922
6229,8.353846153846154,9.34238917859221e-05
6230,8.357692307692309,-4.138940574581105e-06
6231,8.361538461538464,3.0734201324536504e-05
6232,8.365384615384615,9.871631946332477e-05
6233,8.36923076923077,1.1534158166336692e-06
6234,8.373076923076924,2.9174923536229454e-06
6235,8.37692307692308,4.681551038439465e-06
6236,8.38076923076923,7.266359382982211e-05
6237,8.384615384615385,-2.489937731876943e-05
6238,8.38846153846154,-0.00012246236045916137
6239,8.392307692307694,-5.4480353648487265e-05
6240,8.396153846153846,-8.582535494907327e-05
6241,8.4,-0.0001171703624283794
6242,8.403846153846155,-1.607937415922851e-05
6243,8.40769230769231,8.501161178030048e-05
6244,8.411538461538461,0.00011988459730724528
6245,8.415384615384616,-1.0787415666935933e-05
6246,8.41923076923077,-9.023425235585606e-06
6247,8.423076923076925,-7.347742949744592e-05
6248,8.426923076923076,-0.00013793142655624355
6249,8.430769230769231,-0.00020238541452091328
6250,8.434615384615386,-0.00013440339150534204
6251,8.43846153846154,-3.331235562876485e-05
6252,8.442307692307692,1.5606949848701143e-06
6253,8.446153846153846,3.643376220615436e-05
6254,8.450000000000001,0.00017063384790092282
6255,8.453846153846156,0.00013928895392989438
6256,8.457692307692307,7.483508214880223e-05
6257,8.461538461538462,0.0001428172344081949
6258,8.465384615384616,0.0002439084125539136
6259,8.469230769230771,0.00024567261842653335
6260,8.473076923076922,0.000214327853861961
6261,8.476923076923077,0.0001498741206909106
6262,8.480769230769232,0.000118529420739353
6263,8.484615384615386,-4.525124417185071e-05
6264,8.488461538461538,-0.0001097048722266136
6265,8.492307692307692,-7.48314616138309e-05
6266,8.496153846153847,-3.9958010527128146e-05
6267,8.500000000000002,-3.819351716520655e-05
6268,8.503846153846153,-3.642897973146731e-05
6269,8.507692307692308,6.466260356575179e-05
6270,8.511538461538462,6.642723451338162e-05
6271,8.515384615384617,3.5082914893487874e-05
6272,8.519230769230768,6.995664648334194e-05
6273,8.523076923076923,-2.760556894457715e-05
6274,8.526923076923078,-0.00012516772962256454
6275,8.530769230769232,-0.00018962083378771828
6276,8.534615384615387,-0.00015474687968184612
6277,8.538461538461538,-5.365486555138229e-05
6278,8.542307692307693,-5.188978964768053e-05
6279,8.546153846153848,4.920234977334151e-05
6280,8.550000000000002,0.00011718555445102335
6281,8.553846153846154,5.273282612002102e-05
6282,8.557692307692308,-0.00014415583348972361
6283,8.561538461538463,-0.00024171742265278345
6284,8.565384615384618,-0.00017373393964861459
6285,8.569230769230769,-0.00013885938276102006
6286,8.573076923076924,-3.7766750278601295e-05
6287,8.576923076923078,3.0216959505424397e-05
6288,8.580769230769233,6.509174829334805e-05
6289,8.584615384615384,-6.557838221716742e-05
6290,8.588461538461539,-0.00016313943033302868
6291,8.592307692307694,-6.204639436574233e-05
6292,8.596153846153848,-2.7171272631262226e-05
6293,8.6,7.703936549836128e-06
6294,8.603846153846154,9.470234852600233e-06
6295,8.607692307692309,4.434562394738052e-05
6296,8.611538461538464,1.3003105500188484e-05
6297,8.615384615384615,-8.45573188275082e-05
6298,8.61923076923077,-1.6572647378690873e-05
6299,8.623076923076924,-4.791487850085239e-05
6300,8.62692307692308,-7.925701054583737e-05
6301,8.63076923076923,-0.00014370804186995725
6302,8.634615384615385,-0.00010883197083395022
6303,8.63846153846154,-7.395579580300141e-05
6304,8.642307692307694,-0.0001715155151465499
6305,8.646153846153846,-7.042112723865677e-05
6306,8.65,-2.435630457459472e-06
6307,8.653846153846155,-6.680231856492566e-07
6308,8.65769230769231,-3.200930381025896e-05
6309,8.661538461538461,2.8675292774802265e-06
6310,8.665384615384616,0.00010396247768179227
6311,8.66923076923077,3.9512543002820236e-05
6312,8.673076923076925,8.171726836359288e-06
6313,8.676923076923076,-2.316896922621394e-05
6314,8.680769230769231,-2.1400543597661058e-05
6315,8.684615384615386,-5.2740994695005196e-05
6316,8.68846153846154,-1.7863320939702672e-05
6317,8.692307692307692,8.323247924277657e-05
6318,8.696153846153846,5.1892407422658325e-05
6319,8.700000000000001,2.055246516598257e-05
6320,8.703846153846156,0.00012164865403440983
6321,8.707692307692307,0.0002558539755856396
6322,8.711538461538462,0.00032384143137314484
6323,8.715384615384616,0.00042493802294604093
6324,8.719230769230771,0.0006253617518495696
6325,8.723076923076922,0.000594022619624591
6326,8.726923076923077,0.0005957926278080212
6327,8.730769230769232,0.0005975627779324627
6328,8.734615384615386,0.000665551071526548
6329,8.738461538461538,0.0007004305101147629
6330,8.742307692307692,0.0006359830952174595
6331,8.746153846153847,0.0006377538283510507
6332,8.750000000000002,0.0006064157110276966
6333,8.753846153846153,0.0005088597447556412
6334,8.757692307692308,0.00041130393103899375
6335,8.761538461538462,0.00044618427137797356
6336,8.765384615384617,0.000514173767268583
6337,8.769230769230772,0.0004497274202029144
6338,8.773076923076923,0.00048460823166915096
6339,8.776923076923078,0.0006188162031513042
6340,8.780769230769232,0.0006868063361295922
6341,8.784615384615387,0.0006223606320800807
6342,8.788461538461538,0.0006241330924750188
6343,8.792307692307693,0.0006590147187826674
6344,8.796153846153848,0.000627678512467306
6345,8.800000000000002,0.0005632334749894295
6346,8.803846153846154,0.0005318976078053891
6347,8.807692307692308,0.0005005619123679614
6348,8.811538461538463,0.00040300839012570697
6349,8.815384615384618,0.0003054550425234456
6350,8.819230769230769,0.0004727738710021722
6351,8.823076923076924,0.00047454787699898273
6352,8.826923076923078,0.0004763220619471214
6353,8.830769230769233,0.00047809642727599574
6354,8.834615384615384,0.0006123069744111856
6355,8.838461538461539,0.0006140817047743678
6356,8.842307692307694,0.0005165296197836863
6357,8.846153846153848,0.000485195720853167
6358,8.85,0.00048697100939319065
6359,8.853846153846154,0.0004556374868104107
6360,8.857692307692309,0.0003911951545077215
6361,8.861538461538464,0.00042608001388406904
6362,8.865384615384615,0.0004278560663349857
6363,8.86923076923077,0.00036341431325190407
6364,8.873076923076924,0.0003651907560228108
6365,8.87692307692308,0.000433185396031931
6366,8.88076923076923,0.0005011802346596488
6367,8.884615384615385,0.00040363027328280175
6368,8.88846153846154,0.000405407513274449
6369,8.892307692307694,0.00044029395600411574
6370,8.896153846153846,0.00044207160283748397
6371,8.9,0.00041074045513672555
6372,8.903846153846155,0.00037940951426031807
6373,8.90769230769231,0.0004805147815631156
6374,8.911538461538461,0.0005154022583963028
6375,8.915384615384616,0.0005502899461075875
6376,8.91923076923077,0.0006513958460408981
6377,8.923076923076925,0.0005538479595367076
6378,8.926923076923076,0.0004231912879318142
6379,8.930769230769231,0.00035875283255958643
6380,8.934615384615386,0.0003936415947496427
6381,8.93846153846154,0.0004616395758281961
6382,8.942307692307692,0.00043031077711785937
6383,8.946153846153846,0.00043209119993772404
6384,8.950000000000001,0.0005000898456033518
6385,8.953846153846156,0.0005018707154267551
6386,8.957692307692307,0.0005036518107165238
6387,8.961538461538462,0.0005716511327777192
6388,8.965384615384616,0.0007058686829119081
6389,8.969230769230771,0.000674541462417147
6390,8.973076923076922,0.0006432144725881564
6391,8.976923076923077,0.0006449967147160734
6392,8.980769230769232,0.00071299719008854
6393,8.984615384615386,0.0006485618999899885
6394,8.988461538461538,0.0006503448457012416
6395,8.992307692307692,0.0007845640284997564
6396,8.996153846153847,0.0008525654496595326
6397,9.000000000000002,0.0007881311104512623
6398,9.003846153846153,0.0006243700121422028
6399,9.007692307692308,0.0005599361559962343
6400,9.011538461538462,0.0005286115432738186
6401,9.015384615384617,0.00039796017523224087
6402,9.019230769230772,0.00039974505312511424
6403,9.023076923076923,0.0004346391782029783
6404,9.026923076923078,0.0005688605517129167
6405,9.030769230769232,0.0005706461748988065
6406,9.034615384615387,0.0005393230490010842
6407,9.038461538461538,0.0005742181752568833
6408,9.042307692307693,0.0005428955549001649
6409,9.046153846153848,0.0005446821891613913
6410,9.050000000000002,0.0005795780792680484
6411,9.053846153846154,0.0005813652264439972
6412,9.057692307692308,0.0005500436319101525
6413,9.061538461538463,0.0005187222968839162
6414,9.065384615384618,0.00048740122257974364
6415,9.069230769230769,0.0004229714102085559
6416,9.073076923076924,0.0004247598609782265
6417,9.076923076923078,0.00036033057609336465
6418,9.080769230769233,0.0004283375567553339
6419,9.084615384615384,0.00046323580416237633
6420,9.088461538461539,0.0004981343195095173
6421,9.092307692307694,0.0005992511039885849
6422,9.096153846153848,0.0007334771587882868
6423,9.1,0.0006690494850939917
6424,9.103846153846154,0.0005384040840881773
6425,9.107692307692309,0.0004408679569499541
6426,9.111538461538464,0.0005088771048554265
6427,9.115384615384615,0.0005106685289775258
6428,9.11923076923077,0.00041313323048606675
6429,9.123076923076924,0.0003818162105477087
6430,9.12692307692308,0.00038360847032613374
6431,9.13076923076923,0.00035229201098176057
6432,9.134615384615385,0.0003209758336720481
6433,9.13846153846154,0.00038898693955133893
6434,9.142307692307694,0.00045699832977090494
6435,9.146153846153846,0.0003925740054789508
6436,9.15,0.00036125896782064507
6437,9.153846153846155,0.00039616221793800725
6438,9.15769230769231,0.0003317387569702952
6439,9.161538461538461,0.00023420658605342838
6440,9.165384615384616,0.00023600170632048686
6441,9.16923076923077,0.00030401511890149204
6442,9.173076923076925,0.0003058108249234229
6443,9.176923076923076,0.00034071582551034737
6444,9.180769230769231,0.0004418391217833535
6445,9.184615384615386,0.0005098537148603753
6446,9.18846153846154,0.0005116506058566361
6447,9.192307692307692,0.0004803387958842696
6448,9.196153846153846,0.0005152452860523271
6449,9.200000000000001,0.0005170430774671332
6450,9.203846153846156,0.00041951417123202737
6451,9.207692307692307,0.0003882035684472953
6452,9.211538461538462,0.0003237842702104275
6453,9.215384615384616,0.0002924742776159664
6454,9.219230769230771,0.00022805559175553944
6455,9.223076923076922,0.00026296421371783756
6456,9.226923076923077,0.0003972001445887598
6457,9.230769230769232,0.00043210938545130593
6458,9.234615384615386,0.0004670189373854477
6459,9.238461538461538,0.0004688198014685372
6460,9.242307692307692,0.00043751197877490733
6461,9.246153846153847,0.0003068774703760801
6462,9.250000000000002,0.00024246127734073298
6463,9.253846153846153,0.00027737240073466834
6464,9.257692307692308,0.00031228384162095934
6465,9.261538461538462,0.0002809776010598008
6466,9.265384615384617,0.0003821076801085902
6467,9.269230769230772,0.00045012907982191564
6468,9.273076923076923,0.0005181508012515319
6469,9.276923076923078,0.0004537368454465287
6470,9.280769230769232,0.00045554121345305407
6471,9.284615384615387,0.00042423690631460673
6472,9.288461538461538,0.00032671492507191553
6473,9.292307692307693,0.0002623022707627951
6474,9.296153846153848,0.0002972169444225541
6475,9.300000000000002,0.00029902294708355657
6476,9.303846153846154,0.0003008292797755935
6477,9.307692307692308,0.0002695269435255701
6478,9.311538461538463,0.0003044429393577864
6479,9.315384615384618,0.00030625026829384086
6480,9.319230769230769,0.00024183993135249717
6481,9.323076923076924,0.0002436479295499098
6482,9.326923076923078,0.00027856526389962404
6483,9.330769230769233,0.00021415593541233336
6484,9.334615384615384,5.04199450962285e-05
6485,9.338461538461539,5.222929395666786e-05
6486,9.342307692307694,8.714798299647018e-05
6487,9.346153846153848,5.584901321575668e-05
6488,9.35,0.00012387738561201074
6489,9.353846153846154,0.00019190610118007733
6490,9.357692307692309,0.0002930441609121225
6491,9.361538461538464,0.00029485556579777545
6492,9.365384615384615,0.0003297763168240452
6493,9.36923076923077,0.00036469741497521883
6494,9.373076923076924,0.00030029186123309076
6495,9.37692307692308,0.00020277765657682575
6496,9.38076923076923,0.000204590801982958
6497,9.384615384615385,0.00020640429842556782
6498,9.38846153846154,0.00014200014687603264
6499,9.392307692307694,0.00024314134830316907
6500,9.396153846153846,0.00034428290367335143
6501,9.4,0.0003792068139502452
6502,9.403846153846155,0.0003479130800950406
6503,9.40769230769231,0.00028351070306648275
6504,9.411538461538461,0.000285326683820653
6505,9.415384615384616,0.00022092502331115787
6506,9.41923076923077,0.0002227417224890362
6507,9.423076923076925,0.0001914497823029414
6508,9.426923076923076,0.00019326720369886296
6509,9.430769230769231,0.00019508498762041404
6510,9.434615384615386,0.00016379413500863381
6511,9.43846153846154,0.0001656126468022419
6512,9.442307692307692,0.00023364952393723675
6513,9.446153846153846,0.00010303276734726762
6514,9.450000000000001,0.00010485237796360649
6515,9.453846153846156,0.00010667235671490218
6516,9.457692307692307,0.00010849270452747463
6517,9.461538461538462,4.409542232516563e-05
6518,9.465384615384616,7.902551102937402e-05
6519,9.469230769230771,0.0001801739715590771
6520,9.473076923076922,0.00021510480483081905
6521,9.476923076923077,0.00021692701175869618
6522,9.480769230769232,0.00025185859325451294
6523,9.484615384615386,0.00022057255022754532
6524,9.488461538461538,0.0001892868835846799
6525,9.492307692307692,0.0002904375942304916
6526,9.496153846153847,0.00039158868306713064
6527,9.500000000000002,0.00028504391905218273
6528,9.503846153846156,0.0002521700657627345
6529,9.507692307692308,0.00018618683193086087
6530,9.511538461538462,0.00018642121844932827
6531,9.515384615384617,0.00012043722620842676
6532,9.519230769230772,0.0001206708560961417
6533,9.523076923076923,8.779510899808269e-05
6534,9.526923076923078,0.00018735498579756568
6535,9.530769230769232,0.00022069648737570136
6536,9.534615384615387,0.0001878196146110431
6537,9.538461538461538,0.00022116036837995033
6538,9.542307692307693,0.00018828274955655632
6539,9.546153846153848,8.918675901257447e-05
6540,9.550000000000002,8.941739761746467e-05
6541,9.553846153846154,0.00012275666623831995
6542,9.557692307692308,0.00015609556574019186
6543,9.561538461538463,0.0001232160969855732
6544,9.565384615384618,0.00012344526083489575
6545,9.569230769230769,0.00012367405814612403
6546,9.573076923076924,2.457548977520687e-05
6547,9.576923076923078,-4.1414443424317156e-05
6548,9.580769230769233,2.503125939888639e-05
6549,9.584615384615384,5.8367599093878e-05
6550,9.588461538461539,2.5485576507596982e-05
6551,9.592307692307694,-7.396807515392561e-06
6552,9.596153846153848,9.215644786737299e-05
6553,9.6,5.927334349609744e-05
6554,9.603846153846154,-6.719119791185897e-06
6555,9.607692307692309,-0.00010582094115874736
6556,9.611538461538464,-3.937811977298641e-05
6557,9.615384615384615,2.706434519758556e-05
6558,9.61923076923077,2.7288454582162806e-05
6559,9.623076923076924,2.7512209207759125e-05
6560,9.62692307692308,0.000127062609899334
6561,9.63076923076923,0.0001272856574795266
6562,9.634615384615385,9.439935276897137e-05
6563,9.63846153846154,9.462169658595556e-05
6564,9.642307692307694,0.00012795268974685086
6565,9.646153846153846,6.195633306577299e-05
6566,9.65,-4.04037264538457e-06
6567,9.653846153846155,-3.692842657676413e-05
6568,9.65769230769231,2.9510172079428296e-05
6569,9.661538461538461,-3.3785758712793807e-06
6570,9.665384615384616,-3.1586696253148457e-06
6571,9.66923076923077,9.63878916186297e-05
6572,9.673076923076925,6.349810865991445e-05
6573,9.676923076923076,-2.5010177043548773e-06
6574,9.680769230769231,3.082651332096968e-05
6575,9.684615384615386,0.00016348070252893523
6576,9.68846153846154,0.00019680755071036047
6577,9.692307692307692,0.00013080705865422962
6578,9.696153846153846,0.00013102422714726062
6579,9.700000000000001,0.00016435005697430598
6580,9.703846153846156,0.0001314575489178868
6581,9.707692307692307,9.856470375875325e-05
6582,9.711538461538462,0.000131889522275412
6583,9.715384615384616,0.00016521400524448769
6584,9.719230769230771,6.610215344037549e-05
6585,9.723076923076922,3.3207967635713685e-05
6586,9.726923076923077,9.964044860085299e-05
6587,9.730769230769232,0.00013296359710427758
6588,9.734615384615386,0.00013317741391242203
6589,9.738461538461538,0.00019960889978971555
6590,9.742307692307692,0.0002660400554985894
6591,9.746153846153847,0.00016692588179943691
6592,9.750000000000002,6.781137945078078e-05
6593,9.753846153846156,6.802354920904327e-05
6594,9.757692307692308,6.823539182866987e-05
6595,9.761538461538462,-3.088009193779272e-05
6596,9.765384615384617,-9.688690133980186e-05
6597,9.769230769230772,2.650964371223811e-06
6598,9.773076923076923,-3.024749405809203e-05
6599,9.776923076923078,-9.625527588304629e-05
6600,9.780769230769232,-9.60453803610222e-05
6601,9.784615384615387,3.4911932488756125e-06
6602,9.788461538461538,0.00010302744568545968
6603,9.792307692307693,0.00013634537768564405
6604,9.796153846153848,0.00020277198998442324
6605,9.800000000000002,0.00026919828331483416
6606,9.803846153846154,0.0002031882584081056
6607,9.807692307692308,0.00017028691599341742
6608,9.811538461538463,0.0002036032567981452
6609,9.815384615384618,0.00017070128154777884
6610,9.819230769230769,0.0001046899909657882
6611,9.823076923076924,7.17873857738808e-05
6612,9.826923076923078,0.00010510246669182953
6613,9.830769230769233,0.00017152623443757918
6614,9.834615384615384,0.00020484068972703994
6615,9.838461538461539,0.00020504583327448842
6616,9.842307692307694,0.000271468665792184
6617,9.846153846153848,0.0002054551879905609
6618,9.85,0.0001394414005781726
6619,9.853846153846154,0.00017275430426179486
6620,9.857692307692309,0.000206066899746392
6621,9.861538461538464,0.00017316118773488029
6622,9.865384615384615,0.00014025516892855175
6623,9.86923076923077,0.00023978484402684553
6624,9.873076923076924,0.00027309621372726247
6625,9.87692307692308,0.0002070802787255909
6626,9.88076923076923,0.00020728203971577926
6627,9.884615384615385,0.00020748349738996212
6628,9.88846153846154,0.00020768465243847176
6629,9.892307692307694,0.00010855850554984377
6630,9.896153846153846,0.00014186805741081863
6631,9.9,0.00014206830870631374
6632,9.903846153846155,7.605026011957419e-05
6633,9.90769230769231,4.314091233194897e-05
6634,9.911538461538461,4.334026602306144e-05
6635,9.915384615384616,7.664832187072302e-05
6636,9.91923076923077,-2.247991944891246e-05
6637,9.923076923076925,-0.0001216084572615879
6638,9.926923076923076,-0.00012141029089469816
6639,9.930769230769231,-0.00012121241967742041
6640,9.934615384615386,-0.00012101484294060611
6641,9.93846153846154,-5.4599560017064795e-05
6642,9.942307692307692,0.00011114242975884098
6643,9.946153846153846,0.00014444812705105526
6644,9.950000000000001,0.00021086253252172195
6645,9.953846153846156,0.00021105864683115453
6646,9.957692307692307,0.0001450364706382059
6647,9.961538461538462,4.590500459972441e-05
6648,9.965384615384616,-5.3226750628856566e-05
6649,9.969230769230771,1.318620560589954e-05
6650,9.973076923076922,-8.594612604400677e-05
6651,9.976923076923077,-0.00018507874492842047
6652,9.980769230769232,-0.00018488465039887382
6653,9.984615384615386,-5.2254841808470646e-05
6654,9.988461538461538,4.7265681487853185e-05
6655,9.992307692307692,-5.186807986636076e-05
6656,9.996153846153847,-1.856612522939036e-05
6657,10.000000000000002,-1.837345396103236e-05
6658,10.003846153846156,-5.129006542289123e-05
6659,10.007692307692308,-8.420695897812063e-05
6660,10.011538461538462,1.5311866008442423e-05
6661,10.015384615384617,8.172141017031165e-05
6662,10.019230769230772,1.5694674139344624e-05
6663,10.023076923076923,1.5885658545817692e-05
6664,10.026923076923078,0.00011540336401825166
6665,10.030769230769232,0.0001487027911836445
6666,10.034615384615387,0.00014889294066733794
6667,10.038461538461538,0.0001821918130930521
6668,10.042307692307693,0.00031481740908288335
6669,10.046153846153848,0.0002487887292572919
6670,10.050000000000002,0.00018275977423526634
6671,10.053846153846154,8.362154463393786e-05
6672,10.057692307692308,5.0701041069093873e-05
6673,10.061538461538463,-4.8437735845214484e-05
6674,10.065384615384618,-8.135878549649642e-05
6675,10.069230769230769,1.8155892726087015e-05
6676,10.073076923076924,8.45612994320076e-05
6677,10.076923076923078,5.1639435228933105e-05
6678,10.080769230769233,0.00011804430072300995
6679,10.084615384615384,0.00021755789651891336
6680,10.088461538461539,0.00021774422321961474
6681,10.092307692307694,0.00015171228142663007
6682,10.096153846153848,0.0001518980717399198
6683,10.1,0.00018519259475782262
6684,10.103846153846154,0.00021848685107712343
6685,10.107692307692309,0.00015245384129314456
6686,10.111538461538464,0.00011952956599962624
6687,10.115384615384615,0.00015282302578877575
6688,10.11923076923077,5.3680221251269544e-05
6689,10.123076923076924,5.386415297629085e-05
6690,10.12692307692308,0.00018648382155136327
6691,10.13076923076923,0.00025288522756273027
6692,10.134615384615385,0.00021995937159485004
6693,10.13846153846154,0.0002201422542309446
6694,10.142307692307694,0.0002203248760524858
6695,10.146153846153846,0.00015428923763958352
6696,10.15,0.00012136233957078004
6697,10.153846153846155,0.0001546531824232275
6698,10.15769230769231,0.00022105276677248482
6699,10.161538461538461,0.0001881250931926606
6700,10.165384615384616,0.0001220881622563755
6701,10.16923076923077,0.00012226897453478184
6702,10.173076923076925,2.312253059751502e-05
6703,10.176923076923076,-7.602416898714736e-05
6704,10.180769230769231,-0.00010895312365253739
6705,10.184615384615386,-4.2555332833312074e-05
6706,10.18846153846154,-9.26679596568639e-06
6707,10.192307692307692,-7.530551248729626e-05
6708,10.196153846153846,-8.908481837257664e-06
6709,10.200000000000001,5.7488296543962904e-05
6710,10.203846153846156,9.077582321432583e-05
6711,10.207692307692307,9.0954098730486e-05
6712,10.211538461538462,9.113212364752983e-05
6713,10.215384615384616,5.820089851924859e-05
6714,10.219230769230771,-4.0948576102125926e-05
6715,10.223076923076922,-7.388029966565369e-05
6716,10.226923076923077,5.8732728378091815e-05
6717,10.230769230769232,9.201850857711388e-05
6718,10.234615384615386,9.219504147807585e-05
6719,10.238461538461538,5.9262327626199204e-05
6720,10.242307692307692,9.254736756534427e-05
6721,10.246153846153847,-6.603838162145799e-06
6722,10.250000000000002,-7.264628901517496e-05
6723,10.253846153846156,-0.00010557998445417667
6724,10.257692307692308,-0.00010540492394087815
6725,10.261538461538462,-0.0001383391069384182
6726,10.265384615384617,-0.0001050555329112846
6727,10.269230769230772,-5.554201325444984e-06
6728,10.273076923076923,6.083788835186359e-05
6729,10.276923076923078,-5.206263348000149e-06
6730,10.280769230769232,2.807634410498846e-05
6731,10.284615384615387,0.00012757671123939617
6732,10.288461538461538,0.00019396783858256116
6733,10.292307692307693,0.00012792272666032895
6734,10.296153846153848,0.00012809537599730436
6735,10.300000000000002,9.515878711670713e-05
6736,10.303846153846154,6.222196054040654e-05
6737,10.307692307692308,-3.824103211022881e-06
6738,10.311538461538463,-3.6761403618487004e-05
6739,10.315384615384618,-0.00010280794016398324
6740,10.319230769230769,-0.0001688547123310795
6741,10.323076923076924,-0.0002349017196045278
6742,10.326923076923078,-0.00020162196147043953
6743,10.330769230769233,-0.00016834243741621548
6744,10.334615384615384,-0.00020128114693066142
6745,10.338461538461539,-0.0001348930895038045
6746,10.342307692307694,-2.2872646270076036e-06
6747,10.346153846153848,-2.1176717929384374e-06
6748,10.35,-3.505731049556531e-05
6749,10.353846153846154,-1.7791802301551115e-06
6750,10.357692307692309,3.149871950676431e-05
6751,10.361538461538464,-1.4416107827523662e-06
6752,10.365384615384615,6.494482940225352e-05
6753,10.36923076923077,0.00023065804056136418
6754,10.373076923076924,0.00016460802319277914
6755,10.37692307692308,9.8557777793659e-05
6756,10.38076923076923,3.250730485964678e-05
6757,10.384615384615385,3.267460488526639e-05
6758,10.38846153846154,3.284167836376477e-05
6759,10.392307692307694,-9.942747421300363e-05
6760,10.396153846153846,6.614764575197047e-08
6761,10.4,3.334154442947068e-05
6762,10.403846153846155,-3.2710283373721925e-05
6763,10.40769230769231,-0.0001649803352768627
6764,10.411538461538461,-0.00013170561079421932
6765,10.415384615384616,-6.532210944141544e-05
6766,10.41923076923077,-6.515683073520103e-05
6767,10.423076923076925,-6.499177419360227e-05
6768,10.426923076923076,1.391060664125525e-06
6769,10.430769230769231,-9.777132568250524e-05
6770,10.434615384615386,-0.00019693393275520374
6771,10.43846153846154,-0.0001305517600768707
6772,10.442307692307692,-3.106080717172249e-05
6773,10.446153846153846,-9.711507356509374e-05
6774,10.450000000000001,-0.0001300605587835304
6775,10.453846153846156,-0.00016300626235488884
6776,10.457692307692307,-0.00016284318380812646
6777,10.461538461538462,-0.00019578932267343997
6778,10.465384615384616,-0.00016251767848219614
6779,10.469230769230771,-6.30282507670482e-05
6780,10.473076923076922,-2.975703906174732e-05
6781,10.476923076923077,-9.581304290123642e-05
6782,10.480769230769232,-2.9433261821708236e-05
6783,10.484615384615386,3.837304639428996e-06
6784,10.488461538461538,7.021665694378453e-05
6785,10.492307692307692,3.7268795551557705e-05
6786,10.496153846153847,7.053872092194707e-05
6787,10.500000000000002,7.069943351283823e-05
6788,10.503846153846156,3.7750933781086494e-05
6789,10.507692307692308,-2.8306777817743397e-05
6790,10.511538461538462,-2.8146700829159027e-05
6791,10.515384615384617,-2.7986834799786345e-05
6792,10.519230769230772,-6.09361792776055e-05
6793,10.523076923076923,-9.388573381154542e-05
6794,10.526923076923078,-6.0617497951727384e-05
6795,10.530769230769232,-0.00015978547124947137
6796,10.534615384615387,-0.0001927356532572459
6797,10.538461538461538,-0.00012635904352856274
6798,10.542307692307693,-9.309164161819543e-05
6799,10.546153846153848,-9.293344708188943e-05
6800,10.550000000000002,-0.00012588445947674728
6801,10.553846153846154,-0.0001257266783607718
6802,10.557692307692308,-0.00012556910329321856
6803,10.561538461538463,-0.00022473873383443337
6804,10.565384615384618,-0.00025769056954590825
6805,10.569230769230769,-0.00019131560999015459
6806,10.573076923076924,-0.00022426785473089793
6807,10.576923076923078,-0.00022411130333293097
6808,10.580769230769233,-0.0002239549553621576
6809,10.584615384615384,-0.00022379881038558415
6810,10.588461538461539,-0.00019053386797131418
6811,10.592307692307694,-0.0002565961276885546
6812,10.596153846153848,-0.00019022258910759483
6813,10.6,-9.074025179979506e-05
6814,10.603846153846154,-5.747611533769414e-05
6815,10.607692307692309,-0.00012353917929481411
6816,10.611538461538464,-9.027544324580335e-05
6817,10.615384615384615,-5.7011906766381586e-05
6818,10.61923076923077,-0.00018929356943334162
6819,10.623076923076924,-0.0002884664308245267
6820,10.62692307692308,-0.00022209449051894343
6821,10.63076923076923,-0.00015572274809653216
6822,10.634615384615385,-0.00022178720313843151
6823,10.63846153846154,-0.00025474285522674583
6824,10.642307692307694,-0.00015526270394463683
6825,10.646153846153846,-8.889174887638475e-05
6826,10.65,-8.873898960729692e-05
6827,10.653846153846155,-5.5477425723791246e-05
6828,10.65769230769231,1.089294318686382e-05
6829,10.661538461538461,-8.828188246384695e-05
6830,10.665384615384616,-0.00025367490226544385
6831,10.66923076923077,-0.0002535231158083876
6832,10.673076923076925,-0.0002864805226842728
6833,10.676923076923076,-0.0002532201224856712
6834,10.680769230769231,-0.00021995991480630074
6835,10.684615384615386,-0.00012048189924072211
6836,10.68846153846154,4.5213924615346366e-05
6837,10.692307692307692,-2.085344283479139e-05
6838,10.696153846153846,-2.07030011888645e-05
6839,10.700000000000001,4.5665249954386525e-05
6840,10.703846153846156,4.5815310995242194e-05
6841,10.707692307692307,-5.336181766716047e-05
6842,10.711538461538462,-2.0103135634467735e-05
6843,10.715384615384616,4.626435749047127e-05
6844,10.719230769230771,1.3304662103815249e-05
6845,10.723076923076922,-1.965522139909929e-05
6846,10.726923076923077,1.3602707375883762e-05
6847,10.730769230769232,4.686044882192133e-05
6848,10.734615384615386,-1.920899666862637e-05
6849,10.738461538461541,-8.527862870458724e-05
6850,10.742307692307692,-1.891244689570902e-05
6851,10.746153846153847,-5.187345085275614e-05
6852,10.750000000000002,-8.483464018737468e-05
6853,10.753846153846156,-0.0001509050145122975
6854,10.757692307692308,-0.0001176485734411878
6855,10.761538461538462,-0.00011750131658872605
6856,10.765384615384617,-8.424524357043318e-05
6857,10.769230769230772,-1.7880354002987038e-05
6858,10.773076923076923,-5.0842647503908617e-05
6859,10.776923076923078,-8.380512369170787e-05
6860,10.780769230769232,-0.0001498767821858667
6861,10.784615384615387,-0.00011662162260681237
6862,10.788461538461538,-8.336664457590846e-05
6863,10.792307692307693,-0.00011632984771555821
6864,10.796153846153848,-8.307523164902434e-05
6865,10.800000000000002,-4.982079600051936e-05
6866,10.803846153846154,-4.967554039528928e-05
6867,10.807692307692308,-0.00014885746445940395
6868,10.811538461538463,-0.00011560356781996448
6869,10.815384615384618,-8.234985010498305e-05
6870,10.819230769230769,-0.00014842331094343448
6871,10.823076923076924,-0.0001482789499651318
6872,10.826923076923078,-4.880776680094657e-05
6873,10.830769230769233,5.0663238917447566e-05
6874,10.834615384615384,5.0807067557358135e-05
6875,10.838461538461539,8.405971948520285e-05
6876,10.842307692307694,0.0001835301950665038
6877,10.846153846153848,0.00015056449466577856
6878,10.85,5.138061864671758e-05
6879,10.853846153846154,-1.469443262789471e-05
6880,10.857692307692309,1.855734120374304e-05
6881,10.861538461538464,-4.751805949746997e-05
6882,10.865384615384615,-0.00011359363437147402
6883,10.86923076923077,-8.034238305912317e-05
6884,10.873076923076924,-4.709130520225976e-05
6885,10.87692307692308,-1.384040044349568e-05
6886,10.88076923076923,-1.3698668426441343e-05
6887,10.884615384615385,-4.6666108795566255e-05
6888,10.88846153846154,-4.6524721196226806e-05
6889,10.892307692307694,-0.00017881950527470216
6890,10.896153846153846,-0.00014556946067804109
6891,10.9,-0.00011231958705434876
6892,10.903846153846155,-0.00011217888405250004
6893,10.90769230769231,-0.00017825635132224388
6894,10.911538461538461,-0.00014500698851430062
6895,10.915384615384616,-7.864879528016671e-05
6896,10.91923076923077,-0.00014472677127222325
6897,10.923076923076925,-0.0001776959161437988
6898,10.926923076923076,-0.00011133822954898019
6899,10.930769230769231,-0.00011119871114280411
6900,10.934615384615386,-0.00014416836058114173
6901,10.93846153846154,-0.00011092017752072027
6902,10.942307692307692,8.787283838083466e-05
6903,10.946153846153846,5.490268746517009e-05
6904,10.950000000000001,5.504137007289781e-05
6905,10.953846153846156,5.5179886543895134e-05
6906,10.957692307692307,0.00012153623721716561
6907,10.961538461538462,2.2347422430883982e-05
6908,10.965384615384616,-7.684155747769548e-05
6909,10.969230769230771,-4.359470217205058e-05
6910,10.973076923076922,-0.00010967501131658
6911,10.976923076923077,-0.00014264648457653348
6912,10.980769230769232,-0.00014250912161789411
6913,10.984615384615386,-0.00014237192210757408
6914,10.988461538461541,-0.0001753438857132844
6915,10.992307692307692,-0.00024142501210357246
6916,10.996153846153847,-0.0001419613009478012
6917,11.000000000000002,-0.00010871575191616259
6918,11.003846153846156,-0.0002079063646796772
6919,11.007692307692308,-0.0002739881389101738
6920,11.011538461538462,-0.0002076340742802824
6921,11.015384615384617,-0.0001412801704634959
6922,11.019230769230772,-0.000141144427134129
6923,11.023076923076923,-0.0001741178439672134
6924,11.026923076923078,-0.00014087342063868688
6925,11.030769230769232,-0.0001738471568252534
6926,11.034615384615387,-0.00023993005220446337
6927,11.038461538461538,-0.00023979510645454028
6928,11.042307692307693,-0.00014033331925472332
6929,11.046153846153848,-0.00020641669028480844
6930,11.050000000000002,-0.0002725002192255678
6931,11.053846153846154,-0.0003054749057585425
6932,11.057692307692308,-0.00017290474956599552
6933,11.061538461538463,-0.00020587975033099142
6934,11.065384615384618,-0.00027196390773743075
6935,11.069230769230769,-0.00017250322146998088
6936,11.073076923076924,-0.0002054786912141168
6937,11.076923076923078,-0.00017223631665600207
6938,11.080769230769233,-0.0001721030974826777
6939,11.084615384615384,-7.264303338192657e-05
6940,11.088461538461539,-6.292124042277724e-06
6941,11.092307692307694,-3.92683691530951e-05
6942,11.096153846153848,2.7082231595492562e-05
6943,11.1,2.72146785126378e-05
6944,11.103846153846154,-3.887102809326898e-05
6945,11.107692307692309,-5.629887914658136e-06
6946,11.111538461538464,9.382909935529892e-05
6947,11.115384615384615,9.39609340226752e-05
6948,11.11923076923077,2.7874616392784197e-05
6949,11.123076923076924,2.80061467701818e-05
6950,11.12692307692308,-4.971474541331188e-06
6951,11.13076923076923,2.8268752761324e-05
6952,11.134615384615385,-4.709171019613495e-06
6953,11.13846153846154,2.8530754417463585e-05
6954,11.142307692307694,0.00019420652937332847
6955,11.146153846153846,0.00022744615414804103
6956,11.15,0.0002606856290408819
6957,11.153846153846155,0.00032703395435049036
6958,11.15769230769231,0.00042649113037466547
6959,11.161538461538461,0.00036040315741051184
6960,11.165384615384616,0.00036053303575439083
6961,11.16923076923077,0.0003937717657019642
6962,11.173076923076925,0.00036079234754809786
6963,11.176923076923076,0.00026159478158696776
6964,11.180769230769231,0.00022861506811198848
6965,11.184615384615386,0.00022874420741593406
6966,11.18846153846154,0.0002288731997907724
6967,11.192307692307692,0.0002290020455277779
6968,11.196153846153846,0.00026223974491750436
6969,11.200000000000001,0.00032858629824982367
6970,11.203846153846156,0.000295605705813793
6971,11.207692307692307,0.00029573396789788435
6972,11.211538461538462,0.0002958620847897352
6973,11.215384615384616,0.00026288105677639063
6974,11.219230769230771,0.0001636818841441012
6975,11.223076923076922,0.0001307005671784131
6976,11.226923076923077,0.00016393710616427714
6977,11.230769230769232,0.00013095550138578118
6978,11.234615384615386,9.797375312644197e-05
6979,11.238461538461541,0.0001312098616689774
6980,11.242307692307692,0.0002637728272955097
6981,11.246153846153847,0.00019768165028739311
6982,11.250000000000002,0.0001646993309252802
6983,11.253846153846156,0.00019793486948922143
6984,11.257692307692308,0.0002973882662584917
6985,11.261538461538462,0.00026440552151170806
6986,11.265384615384617,0.00016520463552680112
6987,11.269230769230772,0.00019843960858104565
6988,11.273076923076923,0.00016545644095095036
6989,11.276923076923078,0.0001655821329124572
6990,11.280769230769232,0.00023192568474074573
6991,11.284615384615387,0.00023205109671031444
6992,11.288461538461538,0.0002983943690951048
6993,11.292307692307693,0.00019919250216818914
6994,11.296153846153848,0.00023242649620219217
6995,11.300000000000002,0.0002656603514688946
6996,11.303846153846154,0.0002326760682394496
6997,11.307692307692308,0.00010036464678441626
6998,11.311538461538463,0.00016670708737361647
6999,11.315384615384618,0.00026615839027623067
7000,11.319230769230769,0.00026628255576078213
7001,11.323076923076924,0.0002664065840951062
7002,11.326923076923078,0.0003658574755464658
7003,11.330769230769233,0.0003990902303814152
7004,11.334615384615384,0.00036610484886581853
7005,11.338461538461539,0.0003331193312649293
7006,11.342307692307694,0.00033324267784331027
7007,11.346153846153848,0.00023403888886496877
7008,11.35,0.0002341619645931774
7009,11.353846153846154,0.00026739390529061997
7010,11.357692307692309,0.0003337347112192591
7011,11.361538461538464,0.000300748382640489
7012,11.365384615384615,0.0002015439198150756
7013,11.36923076923077,0.00023477532300305697
7014,11.373076923076924,0.00023489759246394528
7015,11.37692307692308,0.0002350197284565376
7016,11.38076923076923,0.00023514173123902546
7017,11.384615384615385,0.000268372601068995
7018,11.38846153846154,0.00020227633820332384
7019,11.392307692307694,0.00010307094289834103
7020,11.396153846153846,0.00016941041540975026
7021,11.4,0.00020264075599257624
7022,11.403846153846155,0.000136543964901249
7023,11.40769230769231,0.00010355604238957122
7024,11.411538461538461,0.00016989498871076395
7025,11.415384615384616,0.00020312480411733977
7026,11.41923076923077,0.000137027488861283
7027,11.423076923076925,7.093004319395294e-05
7028,11.426923076923076,7.105046736602914e-05
7029,11.430769230769231,7.11707616276789e-05
7030,11.434615384615386,5.072926228409029e-06
7031,11.43846153846154,5.192961417056698e-06
7032,11.442307692307692,3.842186744194197e-05
7033,11.446153846153846,5.432644550779325e-06
7034,11.450000000000001,-9.377470700940569e-05
7035,11.453846153846156,-0.00015987318699207725
7036,11.457692307692307,-0.00015975379515138213
7037,11.461538461538462,-0.0002258525312420404
7038,11.465384615384616,-0.00015951539501936275
7039,11.469230769230771,-2.6960386239238048e-05
7040,11.473076923076926,7.248549534177872e-05
7041,11.476923076923077,0.00013882224996664827
7042,11.480769230769232,0.00020515887787762014
7043,11.484615384615386,0.00023838637931648148
7044,11.488461538461541,0.00017228675452436195
7045,11.492307692307692,0.00017240500374176177
7046,11.496153846153847,0.00030495912720867214
7047,11.500000000000002,0.00037129512516450463
7048,11.503846153846156,0.0003051949978480058
7049,11.507692307692308,0.0001397677454974819
7050,11.511538461538462,0.00013988536835049054
7051,11.515384615384617,0.00010689386664412592
7052,11.519230769230772,7.390224061488266e-05
7053,11.523076923076923,0.00010712849049870915
7054,11.526923076923078,0.00023968161653089334
7055,11.530769230769232,0.00020668961894626298
7056,11.534615384615387,4.126149797900234e-05
7057,11.538461538461538,-2.4839746137226898e-05
7058,11.542307692307693,-2.4723113169430302e-05
7059,11.546153846153848,-9.082460288498985e-05
7060,11.550000000000002,-9.070821505204583e-05
7061,11.553846153846154,-2.437394943916103e-05
7062,11.557692307692308,4.196019418446686e-05
7063,11.561538461538463,-2.4141783950877343e-05
7064,11.565384615384618,-5.713488361556101e-05
7065,11.569230769230769,-2.3910104580330432e-05
7066,11.573076923076924,-5.6903446616661806e-05
7067,11.576923076923078,-0.00012300590949646353
7068,11.580769230769233,-8.978149299226218e-05
7069,11.584615384615384,4.276980312288049e-05
7070,11.588461538461539,0.0001091029790753898
7071,11.592307692307694,7.61090350910583e-05
7072,11.596153846153848,0.00010933297139522041
7073,11.6,0.00010944778821265794
7074,11.603846153846154,7.645348576755973e-05
7075,11.607692307692309,-2.2758935716395102e-05
7076,11.611538461538464,1.0464523983928092e-05
7077,11.615384615384615,1.0578865091151295e-05
7078,11.61923076923077,-5.552491217271816e-05
7079,11.623076923076924,-0.00012162880758610274
7080,11.62692307692308,-5.529682092806113e-05
7081,11.63076923076923,-2.2073951978087455e-05
7082,11.634615384615385,-8.817820051624787e-05
7083,11.63846153846154,-8.806456632320426e-05
7084,11.642307692307694,-8.795104918005961e-05
7085,11.646153846153846,-0.00015405564886844438
7086,11.65,-0.00018705136517057253
7087,11.653846153846155,-0.00018693819786914803
7088,11.65769230769231,-0.00015371614674737502
7089,11.661538461538461,-0.00025293021158906317
7090,11.665384615384616,-0.0002859263921784586
7091,11.66923076923077,-0.0002527046883003212
7092,11.673076923076925,-0.0002525920997399906
7093,11.676923076923076,-0.0002524796262832904
7094,11.680769230769231,-0.00011993126771653545
7095,11.684615384615386,-5.3601023826626345e-05
7096,11.68846153846154,-8.659789440090533e-05
7097,11.692307692307692,-8.648587922719384e-05
7098,11.696153846153846,-5.3264978093981916e-05
7099,11.700000000000001,-5.3153190790082745e-05
7100,11.703846153846156,-8.615051710489483e-05
7101,11.707692307692307,-0.00021847495682835014
7102,11.711538461538462,-0.00018525450975088087
7103,11.715384615384616,-0.00015203417566334357
7104,11.719230769230771,-0.0001519229543571805
7105,11.723076923076926,-8.559384562430096e-05
7106,11.726923076923077,1.3844150742883831e-05
7107,11.730769230769232,1.3955034951494455e-05
7108,11.734615384615386,-1.904319279190229e-05
7109,11.738461538461541,-1.893253228120017e-05
7110,11.742307692307692,4.7396016689208614e-05
7111,11.746153846153847,-1.871154567556363e-05
7112,11.750000000000002,1.4507780829140795e-05
7113,11.753846153846156,8.083599640739932e-05
7114,11.757692307692308,8.094610126291774e-05
7115,11.761538461538462,-8.44889044011684e-05
7116,11.765384615384617,-0.00018370602038216325
7117,11.769230769230772,-0.00021670524647792334
7118,11.773076923076923,-0.0002497045824867135
7119,11.776923076923078,-0.00028270402820726004
7120,11.780769230769232,-0.00021637658343891795
7121,11.784615384615387,-0.0001831582479813156
7122,11.788461538461538,-0.00018304902163474447
7123,11.792307692307693,-0.00021604890419983896
7124,11.796153846153848,-0.00018283089547781607
7125,11.800000000000002,-0.0002158309952702606
7126,11.803846153846154,-0.000281940203379283
7127,11.807692307692308,-0.00034804951960751903
7128,11.811538461538463,-0.00031483194375799385
7129,11.815384615384618,-0.0002816144756342078
7130,11.819230769230769,-0.00028150611504017254
7131,11.823076923076924,-0.0002482888617803455
7132,11.826923076923078,-0.00018196271565965353
7133,11.830769230769233,-0.0001818546764834533
7134,11.834615384615384,-0.000281073744057648
7135,11.838461538461539,-0.0002809659181884979
7136,11.842307692307694,-0.0002477491986827735
7137,11.846153846153848,-0.0003138595853477633
7138,11.85,-0.00031375207799112933
7139,11.853846153846154,-0.00031364467642099286
7140,11.857692307692309,-0.00024731938044598404
7141,11.861538461538464,-0.0003134301898751598
7142,11.865384615384615,-0.00028021410451800827
7143,11.86923076923077,-0.00021388912418454176
7144,11.873076923076924,-0.00018067324868512394
7145,11.87692307692308,-0.00024678447783067043
7146,11.88076923076923,-0.00021356881143242193
7147,11.884615384615385,-0.00014724424930221108
7148,11.88846153846154,-0.00011402879125222505
7149,11.892307692307694,-0.00011392243709508617
7150,11.896153846153846,-8.070718664391664e-05
7151,11.9,-4.7492039712259846e-05
7152,11.903846153846155,-8.04949961140688e-05
7153,11.90769230769231,-0.00011349805566381965
7154,11.911538461538461,-8.028321817631594e-05
7155,11.915384615384616,-1.3959483466890457e-05
7156,11.91923076923077,-4.6962851351272034e-05
7157,11.923076923076925,-4.685732164563908e-05
7158,11.926923076923076,-0.00011296989416659817
7159,11.930769230769231,-0.00017908256873113576
7160,11.934615384615386,-0.00027830434515683014
7161,11.93846153846154,-0.00021198122326150865
7162,11.942307692307692,-0.00017876720286350717
7163,11.946153846153846,-0.00027798928378163976
7164,11.950000000000001,-0.0002778844658350236
7165,11.953846153846156,-0.00027777974884337915
7166,11.957692307692307,-0.00027767513262664893
7167,11.961538461538462,-0.00034378861700537966
7168,11.965384615384616,-0.00037679320180041356
7169,11.969230769230771,-0.0002773618868330915
7170,11.973076923076926,-0.0002772576719251497
7171,11.976923076923077,-0.00027715355689874634
7172,11.980769230769232,-0.0001446135415764558
7173,11.984615384615386,-4.518262578125006e-05
7174,11.988461538461541,-0.00011129680933656477
7175,11.992307692307692,-0.0001774110920662249
7176,11.996153846153847,-0.00017730747379444804
7177,12.000000000000002,-0.00014409495434593842
7178,12.003846153846156,-0.0001439915335457177
7179,12.007692307692308,-0.0001438882112192629
7180,12.011538461538462,-7.756698719251501e-05
7181,12.015384615384617,-4.435486129174764e-05
7182,12.019230769230772,-4.42518333436689e-05
7183,12.023076923076923,-7.725790317534263e-05
7184,12.026923076923078,-4.404607061436614e-05
7185,12.030769230769232,-7.705233548861414e-05
7186,12.034615384615387,-0.00011005869762646973
7187,12.038461538461538,-0.00010995615685661193
7188,12.042307692307693,-0.00010985371300822769
7189,12.046153846153848,-0.00024218736591077514
7190,12.050000000000002,-0.00024208511539424522
7191,12.053846153846154,-0.00024198296128899444
7192,12.057692307692308,-0.00030809890342570526
7193,12.061538461538463,-0.0004073239416355312
7194,12.065384615384618,-0.00034100407574997455
7195,12.069230769230769,-0.0002746843056009757
7196,12.073076923076924,-0.0003076916310208721
7197,12.076923076923078,-0.0003075900518423225
7198,12.080769230769233,-0.00020816156789842403
7199,12.084615384615384,-0.00017495117902271084
7200,12.088461538461539,-0.0002741768850490112
7201,12.092307692307694,-0.0003071846858116392
7202,12.096153846153848,-0.0002408655811451763
7203,12.1,-0.00024076457088470927
7204,12.103846153846154,-0.0002406636548656886
7205,12.107692307692309,-0.00024056283292384865
7206,12.111538461538464,-0.00017424410489548395
7207,12.115384615384615,-0.0002403614706170885
7208,12.11923076923077,-0.00027336992992562693
7209,12.123076923076924,-0.00027326948265845566
7210,12.12692307692308,-0.00017384212865329278
7211,12.13076923076923,-0.00020685086774820864
7212,12.134615384615385,-0.00027296869978172503
7213,12.13846153846154,-0.0002066506245926665
7214,12.142307692307694,-0.00020655064202020784
7215,12.146153846153846,-0.0002395597519040208
7216,12.15,-0.00020635095408403346
7217,12.153846153846155,-0.00017314224840061035
7218,12.15769230769231,-0.00023926063469446868
7219,12.161538461538461,-0.00027227011280670074
7220,12.165384615384616,-0.00017284368257875935
7221,12.16923076923077,-0.00017274434385244626
7222,12.173076923076925,-0.00013953609647000332
7223,12.176923076923076,-0.00010632794027394695
7224,12.180769230769231,-6.9018751071733245e-06
7225,12.184615384615386,-7.30209008130719e-05
7226,12.18846153846154,-0.0001722490172352541
7227,12.192307692307692,-0.00013904122421768284
7228,12.196153846153846,-7.272452160481607e-05
7229,12.200000000000001,-7.26259092413447e-05
7230,12.203846153846156,-0.00013874538697239436
7231,12.207692307692307,-7.242895464342657e-05
7232,12.211538461538462,-7.233061210023552e-05
7233,12.215384615384616,-0.00013845035918904648
7234,12.219230769230771,-0.0001714611957563453
7235,12.223076923076926,-0.00020447212164904113
7236,12.226923076923077,-0.00017126513671435444
7237,12.230769230769232,-0.00023738524079992926
7238,12.234615384615386,-0.00020417843375367063
7239,12.238461538461541,-0.00017097171542389982
7240,12.242307692307692,-0.0002039830856592704
7241,12.246153846153847,-0.00033632154430875973
7242,12.250000000000002,-0.00036933309122176865
7243,12.253846153846156,-0.0003692357262479231
7244,12.257692307692308,-0.00040224744923731716
7245,12.261538461538462,-0.0004021502600403714
7246,12.265384615384617,-0.0003027261585077744
7247,12.269230769230772,-0.0003357381444906351
7248,12.273076923076923,-0.00033564121784037683
7249,12.276923076923078,-0.0003686533784087474
7250,12.280769230769232,-0.00030233862604788083
7251,12.284615384615387,-0.0003022419606102327
7252,12.288461538461538,-0.00036836338194859615
7253,12.292307692307693,-0.0003682668899160518
7254,12.296153846153848,-0.0003350614843661686
7255,12.300000000000002,-0.0002687471651526815
7256,12.303846153846154,-0.00030175993212973307
7257,12.307692307692308,-0.00023544578515183247
7258,12.311538461538463,-0.0001360227240738166
7259,12.315384615384618,-6.97087487507865e-05
7260,12.319230769230769,-0.00010272185903822571
7261,12.323076923076924,-6.951705479196876e-05
7262,12.326923076923078,-3.203335868168472e-06
7263,12.330769230769233,-3.1077021232961584e-06
7264,12.334615384615384,-3.612115341415818e-05
7265,12.338461538461539,-2.9166895978470302e-06
7266,12.342307692307694,-2.821310531892808e-06
7267,12.346153846153848,-6.894401607406177e-05
7268,12.35,-0.00010195780608247568
7269,12.353846153846154,-6.875368041554667e-05
7270,12.357692307692309,-0.0001348766389320696
7271,12.361538461538464,-0.00023410868149110955
7272,12.365384615384615,-0.0002671228079521306
7273,12.36923076923077,-0.0002339190181747903
7274,12.373076923076924,-0.0002669333120192489
7275,12.37692307692308,-0.00026683868934578253
7276,12.38076923076923,-0.00013430815001513614
7277,12.384615384615385,-3.4886693888352895e-05
7278,12.38846153846154,-3.479232082669205e-05
7279,12.392307692307694,-6.780703069187707e-05
7280,12.396153846153846,-1.4948233458289572e-06
7281,12.4,-3.450969865084893e-05
7282,12.403846153846155,-0.00016685165646951675
7283,12.40769230769231,-0.0002329756966647855
7284,12.411538461538461,-0.00013355481909983638
7285,12.415384615384616,-0.00010035202363822989
7286,12.41923076923077,-0.0001002583101437864
7287,12.423076923076925,-0.00010016467848071402
7288,12.426923076923076,-3.385312851343202e-05
7289,12.430769230769231,-9.997766010672255e-05
7290,12.434615384615386,-0.0001661022731257139
7291,12.43846153846154,-0.00016600896743577715
7292,12.442307692307692,-9.969774290256503e-05
7293,12.446153846153846,-6.649559939215203e-05
7294,12.450000000000001,3.2924463229194734e-05
7295,12.453846153846156,9.923544509481282e-05
7296,12.457692307692307,0.00013243734633786052
7297,12.461538461538462,3.320316709104048e-05
7298,12.465384615384616,1.86907486876553e-07
7299,12.469230769230771,-3.282943234247406e-05
7300,12.473076923076926,-0.00016517285226511872
7301,12.476923076923077,-0.00023129835214952298
7302,12.480769230769232,-0.00019809693186439265
7303,12.484615384615386,-0.00016489559127869644
7304,12.488461538461541,-0.0001648033302618252
7305,12.492307692307692,-0.00016471114868334678
7306,12.496153846153847,-0.0001646190464131954
7307,12.500000000000002,-0.0002307450233215517
7308,12.503846153846156,-0.0002306530792789657
7309,12.507692307692308,-0.00019745221415618376
7310,12.511538461538462,-0.00013114242782431102
7311,12.515384615384617,-9.794172015473157e-05
7312,12.519230769230772,-9.785009101908671e-05
7313,12.523076923076923,-9.775854028936032e-05
7314,12.526923076923078,-0.0001307760678377778
7315,12.530769230769232,-0.00019690267353692935
7316,12.534615384615387,-0.0002630293572595891
7317,12.538461538461538,-0.00029604711887889557
7318,12.542307692307693,-0.0003290649582682307
7319,12.546153846153848,-0.00032897387530129963
7320,12.550000000000002,-0.0002626648698521001
7321,12.553846153846154,-0.00013013794179481716
7322,12.557692307692308,-0.00013004709100404024
7323,12.561538461538463,-0.00019617431735459402
7324,12.565384615384618,-0.0001960836207215807
7325,12.569230769230769,-0.00019599300098038905
7326,12.573076923076924,-0.00026212045800666484
7327,12.576923076923078,-0.0002620299916763802
7328,12.580769230769233,-0.0001957216018657397
7329,12.584615384615384,-0.0001956312884512963
7330,12.588461538461539,-0.0002286500513097871
7331,12.592307692307694,-0.00022855989031830024
7332,12.596153846153848,-0.0001622518053541528
7333,12.6,-0.00012905279629497554
7334,12.603846153846154,-0.0001951808630186665
7335,12.607692307692309,-0.0001950910054033609
7336,12.611538461538464,-0.00012878322332754357
7337,12.615384615384615,-0.0001618025166698838
7338,12.61923076923077,-0.0001617128853093837
7339,12.623076923076924,-0.00019473232912527703
7340,12.62692307692308,-0.00022775184799711068
7341,12.63076923076923,-0.0002607714418046864
7342,12.634615384615385,-0.0002937911104280409
7343,12.63846153846154,-0.0002605928537475383
7344,12.642307692307694,-0.00022739467164379756
7345,12.646153846153846,-0.0002604145639976272
7346,12.65,-0.00019410753069020576
7347,12.653846153846155,-0.0001278005716029365
7348,12.65769230769231,-6.149368661749168e-05
7349,12.661538461538461,-0.00016073187561578214
7350,12.665384615384616,-0.00016064313848002467
7351,12.66923076923077,-0.00016055447509266056
7352,12.673076923076925,-0.00022668388533643392
7353,12.676923076923076,-0.0003259223690943591
7354,12.680769230769231,-0.0002927249262496311
7355,12.684615384615386,-0.00029263655668576355
7356,12.68846153846154,-0.00022633026028654499
7357,12.692307692307692,-0.00022624203693600404
7358,12.696153846153846,-0.00012682688651840352
7359,12.700000000000001,-0.0001267388089183334
7360,12.703846153846156,-0.00015975980402055216
7361,12.70769230769231,-0.0001596718717101149
7362,12.711538461538462,-6.025701187238234e-05
7363,12.715384615384616,-6.0169224392858786e-05
7364,12.719230769230771,-9.319050915743761e-05
7365,12.723076923076926,-9.310286605214955e-05
7366,12.726923076923077,-5.9906294963372336e-05
7367,12.730769230769232,-9.292779577765072e-05
7368,12.734615384615386,-9.284036838181828e-05
7369,12.738461538461541,-0.00015897101266298703
7370,12.742307692307692,-0.00025821072850849814
7371,12.746153846153847,-0.00035745051580591874
7372,12.750000000000002,-0.0003573633744431118
7373,12.753846153846156,-0.00019173130430814422
7374,12.757692307692308,-0.00012542630528939542
7375,12.761538461538462,-0.00012533937727543184
7376,12.765384615384617,-9.214352015504028e-05
7377,12.769230769230772,-5.8947733817362184e-05
7378,12.773076923076923,-0.00012507901815168117
7379,12.776923076923078,-0.00015810137304759022
7380,12.780769230769232,-0.00012490579839489807
7381,12.784615384615387,-9.171029408364703e-05
7382,12.788461538461538,-0.00012473286000415373
7383,12.792307692307693,-0.0001577554960469472
7384,12.796153846153848,-0.00012456020210282928
7385,12.800000000000002,-0.00015758297806285637
7386,12.803846153846154,-0.00022371482381822324
7387,12.807692307692308,-0.00015741073926049069
7388,12.811538461538463,-5.799772428140027e-05
7389,12.815384615384618,-2.4802778772943198e-05
7390,12.819230769230769,-9.09349026273241e-05
7391,12.823076923076924,-9.084909573702491e-05
7392,12.826923076923078,-5.7654357994747264e-05
7393,12.830769230769233,-5.756868929340846e-05
7394,12.834615384615384,-5.748308952620361e-05
7395,12.838461538461539,8.820441413457747e-06
7396,12.842307692307694,4.2014903631958805e-05
7397,12.846153846153848,-5.722670276460482e-05
7398,12.85,-9.025037767034514e-05
7399,12.853846153846154,-2.3947120979578914e-05
7400,12.857692307692309,-2.3861932586910007e-05
7401,12.861538461538464,-2.377681238716783e-05
7402,12.865384615384615,9.41723972469529e-06
7403,12.86923076923077,7.572022385332519e-05
7404,12.873076923076924,0.00010891414010323635
7405,12.87692307692308,4.278098857872926e-05
7406,12.88076923076923,0.00010908376938379197
7407,12.884615384615385,7.60594826223123e-05
7408,12.88846153846154,9.926128397801885e-06
7409,12.892307692307694,1.0010706813689521e-05
7410,12.896153846153846,1.0095217973039145e-05
7411,12.9,-5.6038338021197846e-05
7412,12.903846153846155,-0.00015528096106636857
7413,12.90769230769231,-0.00012208765106001167
7414,12.911538461538461,-0.00012200340789987791
7415,12.915384615384616,-0.0001550282314839831
7416,12.91923076923077,-0.00012183512171053774
7417,12.923076923076925,-0.00012175107847798531
7418,12.926923076923076,-8.855810168494245e-05
7419,12.930769230769231,-0.00015469219123035328
7420,12.934615384615386,-8.83903470133003e-05
7421,12.93846153846154,-2.2088568933061492e-05
7422,12.942307692307692,-5.511385688924822e-05
7423,12.946153846153846,-0.000121248210781577
7424,12.950000000000001,-8.805563051005277e-05
7425,12.953846153846156,-2.1754115974847424e-05
7426,12.95769230769231,-2.167066707642497e-05
7427,12.961538461538462,1.152171628462375e-05
7428,12.965384615384616,0.00011093203420745295
7429,12.969230769230771,0.00021034228679097543
7430,12.973076923076926,0.00011109847413390511
7431,12.976923076923077,1.185459633475111e-05
7432,12.980769230769232,0.00011126465349182264
7433,12.984615384615386,0.00014445664570317756
7434,12.988461538461541,7.832157306669589e-05
7435,12.992307692307692,0.00014462243568000868
7436,12.996153846153847,0.0002109232336405543
7437,13.000000000000002,0.00024411496704558117
7438,13.003846153846156,0.00011176163599208201
7439,13.007692307692308,7.873524057686683e-05
7440,13.011538461538462,7.88177808965478e-05
7441,13.015384615384617,4.579125704746897e-05
7442,13.019230769230772,1.2764669125870775e-05
7443,13.023076923076923,-2.026198277231626e-05
7444,13.026923076923078,4.6038301448663e-05
7445,13.030769230769232,4.612052188436496e-05
7446,13.034615384615387,1.3093678630176947e-05
7447,13.038461538461538,4.628477178115798e-05
7448,13.042307692307693,4.636680143232496e-05
7449,13.046153846153848,-8.598723232163593e-05
7450,13.050000000000002,-0.00011901432938619537
7451,13.053846153846154,-8.582348966703994e-05
7452,13.057692307692308,-1.9523713070001886e-05
7453,13.061538461538463,-8.565999950123934e-05
7454,13.065384615384618,-0.00015179634886699274
7455,13.069230769230769,-1.927876107377525e-05
7456,13.073076923076924,8.012976397171723e-05
7457,13.076923076923078,4.710222636261505e-05
7458,13.080769230769233,4.7183626191801115e-05
7459,13.084615384615384,4.726496355198146e-05
7460,13.088461538461539,4.7346238535683695e-05
7461,13.092307692307694,1.4318451235212208e-05
7462,13.096153846153848,8.061760174263793e-05
7463,13.1,8.069869014990855e-05
7464,13.103846153846154,1.4561716548715069e-05
7465,13.107692307692309,1.4642681030598167e-05
7466,13.111538461538464,4.783258368685415e-05
7467,13.115384615384615,4.791342460860366e-05
7468,13.11923076923077,1.4885203886794455e-05
7469,13.123076923076924,8.118392161214188e-05
7470,13.12692307692308,0.0002137005778752002
7471,13.13076923076923,0.00021378117276629223
7472,13.134615384615385,0.00018075270637557019
7473,13.13846153846154,0.00018083317879298647
7474,13.142307692307694,0.00021402259010832605
7475,13.146153846153846,0.00011477594041114057
7476,13.15,4.863822979083517e-05
7477,13.153846153846155,8.18274583365712e-05
7478,13.15769230769231,8.190762613737002e-05
7479,13.161538461538461,1.5769733281994754e-05
7480,13.165384615384616,1.5849779859130415e-05
7481,13.16923076923077,0.00011525676595713945
7482,13.173076923076925,0.00011533669166432543
7483,13.176923076923076,4.919855706867827e-05
7484,13.180769230769231,0.0001154963622580766
7485,13.184615384615386,8.246710732024592e-05
7486,13.18846153846154,1.6328792342604746e-05
7487,13.192307692307692,-1.6700582587495525e-05
7488,13.196153846153846,4.959698261703527e-05
7489,13.200000000000001,4.96764880431517e-05
7490,13.203846153846156,1.6646933777554618e-05
7491,13.20769230769231,4.9835319906874564e-05
7492,13.211538461538462,8.302364651744027e-05
7493,13.215384615384616,4.99939136954269e-05
7494,13.219230769230771,5.0073121526907224e-05
7495,13.223076923076926,8.326127009766624e-05
7496,13.226923076923077,0.0001495583594933492
7497,13.230769230769232,0.0001496373897994412
7498,13.234615384615386,0.00014971636110120166
7499,13.238461538461541,0.00018290427348373447
7500,13.242307692307692,0.0002823101270319762
7501,13.246153846153847,0.00014995292183064775
7502,13.250000000000002,0.0001500316579643331
7503,13.253846153846156,0.00015011033551737052
7504,13.257692307692308,0.00018329795457400683
7505,13.261538461538462,0.00011715851521828044
7506,13.265384615384617,8.412801753396537e-05
7507,13.269230769230772,0.00011731546160480527
7508,13.273076923076923,8.428484751425849e-05
7509,13.276923076923078,1.8145175345634127e-05
7510,13.280769230769232,0.00011755044518209807
7511,13.284615384615387,0.00021695565710657343
7512,13.288461538461538,0.00011770681120190776
7513,13.292307692307693,5.156690755067964e-05
7514,13.296153846153848,5.1644946235324736e-05
7515,13.300000000000002,8.483192733811147e-05
7516,13.303846153846154,5.180085094117469e-05
7517,13.307692307692308,8.498771712637165e-05
7518,13.311538461538463,5.195652597549241e-05
7519,13.315384615384618,5.203427757009122e-05
7520,13.319230769230769,5.2111971991592604e-05
7521,13.323076923076924,5.218960932120868e-05
7522,13.326923076923078,5.2267189640001395e-05
7523,13.330769230769233,1.9235713028860444e-05
7524,13.334615384615384,1.931317956853102e-05
7525,13.338461538461539,5.249958933956517e-05
7526,13.342307692307694,-1.3641057577678411e-05
7527,13.346153846153848,-7.978176110298566e-05
7528,13.35,-1.3486521156285335e-05
7529,13.353846153846154,8.591766234227502e-05
7530,13.357692307692309,5.288578947240766e-05
7531,13.361538461538464,-1.3255139686302667e-05
7532,13.365384615384615,1.993087494543672e-05
7533,13.36923076923077,2.0007833446942266e-05
7534,13.373076923076924,-4.6133264102843395e-05
7535,13.37692307692308,-7.916541762496414e-05
7536,13.38076923076923,-1.2870627040739214e-05
7537,13.384615384615385,2.0315107728394427e-05
7538,13.38846153846154,-4.582621323923129e-05
7539,13.392307692307694,2.0468410134700447e-05
7540,13.396153846153846,5.3653977928174064e-05
7541,13.4,5.373049021912082e-05
7542,13.403846153846155,2.0697947085274865e-05
7543,13.40769230769231,2.0774348604168903e-05
7544,13.411538461538461,5.395969485325378e-05
7545,13.415384615384616,-1.2182014090204385e-05
7546,13.41923076923077,-1.21057781491998e-05
7547,13.423076923076925,2.1079402753254703e-05
7548,13.426923076923076,8.73735286939311e-05
7549,13.430769230769231,2.1231599749429726e-05
7550,13.434615384615386,-4.4910384003835676e-05
7551,13.43846153846154,2.138357751045681e-05
7552,13.442307692307695,2.1459484368422798e-05
7553,13.446153846153846,-4.468266335394441e-05
7554,13.450000000000001,2.161113441914264e-05
7555,13.453846153846156,2.1686877763367615e-05
7556,13.45769230769231,-7.756443324579137e-05
7557,13.461538461538462,-0.00017681579853297085
7558,13.465384615384616,-0.00017674021802300383
7559,13.469230769230771,-0.00014355569164087865
7560,13.473076923076926,-0.00014348021931165865
7561,13.476923076923077,-0.00017651380096066237
7562,13.480769230769232,-1.0893436513302601e-05
7563,13.484615384615386,2.2290874104808885e-05
7564,13.488461538461541,-4.385186903206281e-05
7565,13.492307692307692,-1.0667665849798107e-05
7566,13.496153846153847,2.2516483725534386e-05
7567,13.500000000000002,8.880957976776003e-05
7568,13.503846153846156,0.00012199362235049838
7569,13.507692307692308,0.0001882866115472523
7570,13.511538461538462,0.00025457954743137514
7571,13.515384615384617,0.0001884364300760679
7572,13.519230769230772,0.00012229325955432252
7573,13.523076923076923,5.6150035939080416e-05
7574,13.526923076923078,8.933375930307493e-05
7575,13.530769230769232,2.3190429718877208e-05
7576,13.534615384615387,2.326504725893143e-05
7577,13.538461538461538,0.00012266661199554924
7578,13.542307692307693,8.963212400085578e-05
7579,13.546153846153848,5.6597583346863734e-05
7580,13.550000000000002,5.6671990105402125e-05
7581,13.553846153846154,8.985534434819136e-05
7582,13.557692307692308,5.682064614676415e-05
7583,13.561538461538463,-9.323104427472683e-06
7584,13.565384615384618,5.69690926967398e-05
7585,13.569230769230769,5.704323759053606e-05
7586,13.573076923076924,5.711733032490385e-05
7587,13.576923076923078,5.719137097060596e-05
7588,13.580769230769233,0.00012348335959833806
7589,13.584615384615384,0.00012355729627865682
7590,13.588461538461539,-4.191381891806821e-05
7591,13.592307692307694,-0.00010805798592159702
7592,13.596153846153848,-0.00014109320466178775
7593,13.6,-0.00020723747506873693
7594,13.603846153846154,-0.00024027279707257703
7595,13.607692307692309,-7.465417060369025e-05
7596,13.611538461538464,2.4746404407512655e-05
7597,13.615384615384615,-4.139807196965712e-05
7598,13.61923076923077,-4.132459966585731e-05
7599,13.623076923076924,-4.125117861207897e-05
7600,13.62692307692308,2.5040191260720522e-05
7601,13.63076923076923,-4.11044899786478e-05
7602,13.634615384615385,-7.414022226154662e-05
7603,13.63846153846154,-4.095800551940352e-05
7604,13.642307692307694,-0.00010710283968377854
7605,13.646153846153846,-0.0001732477246864445
7606,13.65,-0.00010695666045926883
7607,13.653846153846155,-4.0665646934247225e-05
7608,13.65769230769231,-0.00010681068404354494
7609,13.661538461538461,-0.00013984677171945126
7610,13.665384615384616,-4.044690989434479e-05
7611,13.66923076923077,-4.037409850083008e-05
7612,13.673076923076925,-4.030133747162228e-05
7613,13.676923076923076,-7.333762673951768e-05
7614,13.680769230769231,5.917103376253894e-05
7615,13.684615384615386,5.9243644101378734e-05
7616,13.68846153846154,-6.901795656197795e-06
7617,13.692307692307695,-6.829285443605464e-06
7618,13.696153846153846,-6.7568251942764774e-06
7619,13.700000000000001,-6.684414841953018e-06
7620,13.703846153846156,-7.283005432033639e-05
7621,13.70769230769231,2.6569256436604044e-05
7622,13.711538461538462,5.975051749488339e-05
7623,13.715384615384616,-3.9504271079720404e-05
7624,13.719230769230771,-7.254110922151868e-05
7625,13.723076923076926,-0.00013868699686493192
7626,13.726923076923077,-0.00010550593394457531
7627,13.730769230769232,-0.000171651920395103
7628,13.734615384615386,-0.0001384709561513879
7629,13.738461538461541,-5.963041148399572e-06
7630,13.742307692307692,-3.9000175321203545e-05
7631,13.746153846153847,-7.203735860508926e-05
7632,13.750000000000002,-3.8856590935374075e-05
7633,13.753846153846156,-5.675872247574477e-06
7634,13.757692307692308,-0.00013804020247729022
7635,13.761538461538462,-0.00020418658156028688
7636,13.765384615384617,-0.00013789700943243053
7637,13.769230769230772,-0.00013782548602976142
7638,13.773076923076923,-0.00013775401128833986
7639,13.776923076923078,-0.00010457358514452382
7640,13.780769230769232,-3.8284207534631e-05
7641,13.784615384615387,-3.8212878395216514e-05
7642,13.788461538461538,-0.0001043595976629256
7643,13.792307692307693,-7.117936527451278e-05
7644,13.796153846153848,-0.00010421718116687087
7645,13.800000000000002,-0.00020347304527706847
7646,13.803846153846154,-0.00023651095754221771
7647,13.807692307692308,-0.00020333091789958874
7648,13.811538461538463,-0.0001701509262866085
7649,13.815384615384618,-0.00023629798264077778
7650,13.819230769230769,-0.0002693360868997666
7651,13.823076923076924,-0.0003354832390013543
7652,13.826923076923078,-0.00033541243888341517
7653,13.830769230769233,-0.0004346686864839913
7654,13.834615384615384,-0.0004014889817411906
7655,13.838461538461539,-0.00033520032459333866
7656,13.842307692307694,-0.00033512971497880715
7657,13.846153846153848,-0.00033505915283609043
7658,13.85,-0.00023566163810380544
7659,13.853846153846154,-0.0001693731707207661
7660,13.857692307692309,-0.00023552075062581402
7661,13.861538461538464,-0.00020234137775798525
7662,13.865384615384615,-0.0001691620520563494
7663,13.86923076923077,-0.0002022007734601793
7664,13.873076923076924,-0.000169021541908825
7665,13.87692307692308,-0.00016895135734178244
7666,13.88076923076923,-0.0001357722196986367
7667,13.884615384615385,-0.00023502912891914737
7668,13.88846153846154,-0.00023495908494311686
7669,13.892307692307694,-6.934408771050546e-05
7670,13.896153846153846,-6.927413716139029e-05
7671,13.9,-0.00016853123323598757
7672,13.903846153846155,-0.00013535237587461175
7673,13.90769230769231,-2.8465650176942863e-06
7674,13.911538461538461,3.0332199394248773e-05
7675,13.915384615384616,-3.581608257949997e-05
7676,13.91923076923077,-2.63741087967262e-06
7677,13.923076923076925,-6.878578544722693e-05
7678,13.926923076923076,-0.00013493420622313803
7679,13.930769230769231,-0.0002673006731485387
7680,13.934615384615386,-0.00023412218616470325
7681,13.93846153846154,-0.0001678347452129706
7682,13.942307692307695,-0.0002339833502348407
7683,13.946153846153846,-0.0002339140011718892
7684,13.950000000000001,-0.00010140869796586229
7685,13.953846153846156,-2.0124405585290233e-06
7686,13.95769230769231,-6.816122889188338e-05
7687,13.961538461538462,-6.80920629079169e-05
7688,13.965384615384616,-1.804942548833035e-06
7689,13.969230769230771,-3.484486775689354e-05
7690,13.973076923076926,-0.00010099383847450734
7691,13.976923076923077,-0.00013403385464418039
7692,13.980769230769232,-6.774691620850586e-05
7693,13.984615384615386,-6.767802311023405e-05
7694,13.988461538461541,-6.760917529218571e-05
7695,13.992307692307692,-1.3223726973304612e-06
7696,13.996153846153847,3.1855384731281785e-05
7697,14.000000000000002,-1.18490294953534e-06
7698,14.003846153846156,-1.116235683072675e-06
7699,14.007692307692308,3.2061386587310886e-05
7700,14.011538461538462,-3.4088036081941515e-05
7701,14.015384615384617,-0.00010023750363441389
7702,14.019230769230772,-8.420160138322176e-07
7703,14.023076923076923,-3.388257316404883e-05
7704,14.026923076923078,-3.381417502899169e-05
7705,14.030769230769232,-6.368215527326757e-07
7706,14.034615384615387,0.0001318674873205822
7707,14.038461538461538,9.882675164666883e-05
7708,14.042307692307693,-3.3541028518857736e-05
7709,14.046153846153848,6.58541468795354e-05
7710,14.050000000000002,0.00013214027789725143
7711,14.053846153846154,9.909936458957474e-05
7712,14.057692307692308,-3.3268592988290016e-05
7713,14.061538461538463,-9.941859478129614e-05
7714,14.065384615384618,-2.3640734410877717e-08
7715,14.069230769230769,-6.61737307928017e-05
7716,14.073076923076924,-0.00013232386490168277
7717,14.076923076923078,-0.0001322560430064161
7718,14.080769230769233,-3.286126505244773e-05
7719,14.084615384615384,-6.590253098531557e-05
7720,14.088461538461539,-9.894384075067111e-05
7721,14.092307692307694,-6.576719429430254e-05
7722,14.096153846153848,-9.880859156206944e-05
7723,14.1,-9.874103249993098e-05
7724,14.103846153846154,-6.556451705396193e-05
7725,14.107692307692309,7.209548296254202e-07
7726,14.111538461538464,7.88383204598851e-07
7727,14.115384615384615,-3.2253231875463753e-05
7728,14.11923076923077,0.00010025010964296644
7729,14.123076923076924,0.00010031740781327875
7730,14.12692307692308,1.057662688778039e-06
7731,14.13076923076923,-6.509312567731709e-05
7732,14.134615384615385,-6.502595723190292e-05
7733,14.13846153846154,-0.00013117683192200068
7734,14.142307692307694,-0.00023043674969471385
7735,14.146153846153846,-0.00019726071049722723
7736,14.15,-6.47577142768521e-05
7737,14.153846153846155,-6.469076098100792e-05
7738,14.15769230769231,-9.773285055720182e-05
7739,14.161538461538461,-0.00013077498295302936
7740,14.165384615384616,-3.1381158116191394e-05
7741,14.16923076923077,-6.442337599453957e-05
7742,14.173076923076925,1.8613634640987989e-06
7743,14.176923076923076,1.928060311619088e-06
7744,14.180769230769231,6.821271459998997e-05
7745,14.184615384615386,3.517032638096788e-05
7746,14.18846153846154,2.127895706253405e-06
7747,14.192307692307695,6.841242262747502e-05
7748,14.196153846153846,3.5369907196076554e-05
7749,14.200000000000001,3.543634946349874e-05
7750,14.203846153846156,0.00013482974948104276
7751,14.20769230769231,0.00026733210729989754
7752,14.211538461538462,0.00023428942297118614
7753,14.215384615384616,6.881069654590232e-05
7754,14.219230769230771,6.887692807497803e-05
7755,14.223076923076926,2.725117609213084e-06
7756,14.226923076923077,-6.342673480065641e-05
7757,14.230769230769232,-0.00012957862910403838
7758,14.234615384615386,-6.32945652503335e-05
7759,14.238461538461541,-3.0119543189180106e-05
7760,14.242307692307692,-9.627156287020746e-05
7761,14.246153846153847,-6.309662424319246e-05
7762,14.250000000000002,3.1872727420170495e-06
7763,14.253846153846156,-2.9855871864495386e-05
7764,14.257692307692308,-6.289905801280912e-05
7765,14.261538461538462,-6.283328565305794e-05
7766,14.265384615384617,3.4504452645270746e-06
7767,14.269230769230772,-2.9592865210346182e-05
7768,14.273076923076923,-6.263621702813323e-05
7769,14.276923076923078,-6.25706101393251e-05
7770,14.280769230769232,3.712955505436337e-06
7771,14.284615384615387,-6.243952004449842e-05
7772,14.288461538461538,-9.548303673995076e-05
7773,14.292307692307693,-2.9199594531810057e-05
7774,14.296153846153848,-6.224319337103421e-05
7775,14.300000000000002,-9.528683320868768e-05
7776,14.303846153846154,-6.211251399595665e-05
7777,14.307692307692308,3.7279764315929754e-05
7778,14.311538461538463,-2.8872998224389857e-05
7779,14.315384615384618,-6.191680156833869e-05
7780,14.319230769230769,3.7475354332543046e-05
7781,14.323076923076924,3.754046952665472e-05
7782,14.326923076923078,-2.8612455937727314e-05
7783,14.330769230769233,-9.476542201240638e-05
7784,14.334615384615384,4.626571350748647e-06
7785,14.338461538461539,-6.152647580022431e-05
7786,14.342307692307694,-0.00016078856341744457
7787,14.346153846153848,-0.00019383269145303536
7788,14.35,-9.444085985924717e-05
7789,14.353846153846154,-6.126706858845354e-05
7790,14.357692307692309,-2.8093317593020435e-05
7791,14.361538461538464,5.080393174496133e-06
7792,14.365384615384615,5.145063761494693e-06
7793,14.36923076923077,-0.00012722630578470022
7794,14.373076923076924,-0.00012716171541686527
7795,14.37692307692308,-9.398816508788578e-05
7796,14.38076923076923,-2.7705654750702434e-05
7797,14.384615384615385,-6.0750184358376045e-05
7798,14.38846153846154,-2.757675386403204e-05
7799,14.392307692307694,5.5966367791435395e-06
7800,14.396153846153846,-6.055701238218944e-05
7801,14.4,-0.00012671070130141889
7802,14.403846153846155,-0.0001266464299320058
7803,14.40769230769231,-6.036419822753213e-05
7804,14.411538461538461,-9.340900614160927e-05
7805,14.415384615384616,-0.00012645385362803187
7806,14.41923076923077,6.046259359420445e-06
7807,14.423076923076925,-2.6998667133181354e-05
7808,14.426923076923076,-9.315263305979197e-05
7809,14.430769230769231,-0.00012619763837452586
7810,14.434615384615386,6.302316968441642e-06
7811,14.43846153846154,3.9475233014928395e-05
7812,14.442307692307695,-2.6678890189478044e-05
7813,14.446153846153846,-2.6615052599110358e-05
7814,14.450000000000001,3.9666745831460444e-05
7815,14.453846153846156,-5.959649485230874e-05
7816,14.45769230769231,-0.00012575077460510542
7817,14.461538461538462,-0.00015879609338164454
7818,14.465384615384616,-5.940545113679611e-05
7819,14.469230769230771,-0.000158668847825494
7820,14.473076923076926,-0.00015860528340268568
7821,14.476923076923077,-9.232375782348761e-05
7822,14.480769230769232,-2.6042271043049976e-05
7823,14.484615384615386,-2.597882301663679e-05
7824,14.488461538461541,4.030258630043841e-05
7825,14.492307692307692,7.347495695275144e-05
7826,14.496153846153847,-2.5788711015160436e-05
7827,14.500000000000002,-9.1943417558924e-05
7828,14.503846153846156,4.0555837365838026e-05
7829,14.507692307692308,7.372805380337615e-05
7830,14.511538461538462,7.57323179790203e-06
7831,14.515384615384617,-5.858162860653633e-05
7832,14.519230769230772,4.0808472634136506e-05
7833,14.523076923076923,4.087153556380668e-05
7834,14.526923076923078,7.825560226387945e-06
7835,14.530769230769232,4.099754666561921e-05
7836,14.534615384615387,4.1060494925205626e-05
7837,14.538461538461538,-2.509459495119798e-05
7838,14.542307692307693,-0.00015746772292010854
7839,14.546153846153848,-0.00015740488893802604
7840,14.550000000000002,8.202907038432333e-06
7841,14.553846153846154,4.137466505254705e-05
7842,14.557692307692308,4.143738514756528e-05
7843,14.561538461538463,4.150006736663048e-05
7844,14.565384615384618,8.453711752794894e-06
7845,14.569230769230769,-9.081068165095604e-05
7846,14.573076923076924,-5.763911280169426e-05
7847,14.576923076923078,8.641418343419138e-06
7848,14.580769230769233,8.703911827117217e-06
7849,14.584615384615384,-5.7451632307921763e-05
7850,14.588461538461539,4.193778598094117e-05
7851,14.592307692307694,0.00010821816673619461
7852,14.596153846153848,7.517151000028285e-05
7853,14.6,9.015815815594246e-06
7854,14.603846153846154,9.078084224405374e-06
7855,14.607692307692309,9.14031526896722e-06
7856,14.611538461538464,-5.701549100863186e-05
7857,14.615384615384615,-5.695333456627301e-05
7858,14.61923076923077,4.2435784637997e-05
7859,14.623076923076924,7.560686664609298e-05
7860,14.62692307692308,4.2559911499865234e-05
7861,14.63076923076923,-2.35960807589171e-05
7862,14.634615384615385,-5.664311008859177e-05
7863,14.63846153846154,-0.0001559081764475229
7864,14.642307692307694,-0.00015584627979419352
7865,14.646153846153846,-5.64574200871235e-05
7866,14.65,-2.3286597284938977e-05
7867,14.653846153846155,-8.944281134631317e-05
7868,14.65769230769231,-0.00012249006223002273
7869,14.661538461538461,-8.931934989488079e-05
7870,14.665384615384616,-5.614867429980095e-05
7871,14.66923076923077,-8.919603540377523e-05
7872,14.673076923076925,1.0192566834152763e-05
7873,14.67692307692308,7.64721324548397e-05
7874,14.680769230769231,0.00010964266149910123
7875,14.684615384615386,1.0377154007663175e-05
7876,14.68846153846154,4.3547610021159246e-05
7877,14.692307692307695,7.671802958019185e-05
7878,14.696153846153846,1.0561412725247285e-05
7879,14.700000000000001,-2.24862405032208e-05
7880,14.703846153846156,1.0684069935134244e-05
7881,14.70769230769231,0.00011007234408063802
7882,14.711538461538462,7.702458197344174e-05
7883,14.715384615384616,0.00011019478365377955
7884,14.719230769230771,0.00020958294916167795
7885,14.723076923076926,0.00014342607853713588
7886,14.726923076923077,4.4160171820113595e-05
7887,14.730769230769232,4.4221229050469884e-05
7888,14.734615384615386,7.739125026798299e-05
7889,14.738461538461541,4.4343235512369554e-05
7890,14.742307692307692,4.440418482330299e-05
7891,14.746153846153847,0.00014379209824036296
7892,14.750000000000002,0.00024317997580306142
7893,14.753846153846156,0.00021013181755082252
7894,14.757692307692308,0.00017708362352301257
7895,14.761538461538462,0.0001771443937589724
7896,14.765384615384617,0.000177205128297882
7897,14.769230769230772,0.00017726582717893778
7898,14.773076923076923,0.00021043549044123507
7899,14.776923076923078,0.0001773871181237766
7900,14.780769230769232,0.00014433871026555496
7901,14.784615384615387,4.5072266905425446e-05
7902,14.788461538461538,0.00017756878808218875
7903,14.792307692307693,0.0001776292738346434
7904,14.796153846153848,0.000177689724201455
7905,14.800000000000002,0.00014464113922121966
7906,14.803846153846154,0.000144701518932503
7907,14.807692307692308,0.00011165286337376686
7908,14.811538461538463,4.549517258343257e-05
7909,14.815384615384618,-2.0662553400166363e-05
7910,14.819230769230769,-5.3711314538744566e-05
7911,14.823076923076924,-2.0542110794086275e-05
7912,14.826923076923078,1.2627057871928034e-05
7913,14.830769230769233,0.00014512319149737307
7914,14.834615384615384,0.0001782922901202792
7915,14.838461538461539,0.00011213435377859947
7916,14.842307692307694,7.908538251016016e-05
7917,14.846153846153848,0.0001453633763528016
7918,14.85,0.00014542333534427128
7919,14.853846153846154,0.00011237425952222857
7920,14.857692307692309,0.00017865214892431462
7921,14.861538461538464,0.00024493000358802677
7922,14.865384615384615,0.00017877182355087852
7923,14.86923076923077,0.00021194060885028576
7924,14.873076923076924,0.000245109359523577
7925,14.87692307692308,0.0002451690756080579
7926,14.88076923076923,0.00021211975714094833
7927,14.884615384615385,0.0002452884041593813
7928,14.88846153846154,0.00037778401670046885
7929,14.892307692307694,0.0003778435948012186
7930,14.896153846153846,0.00031168513849861093
7931,14.9,0.0002455266478295371
7932,14.903846153846155,0.00024558612283081985
7933,14.90769230769231,0.0001794275635392431
7934,14.911538461538461,8.015996999149631e-05
7935,14.915384615384616,4.7110342224236526e-05
7936,14.91923076923077,8.027868027404774e-05
7937,14.923076923076925,4.722898417742203e-05
7938,14.92692307692308,1.417925397081889e-05
7939,14.930769230769231,1.4238489690655397e-05
7940,14.934615384615386,8.051569137322676e-05
7941,14.93846153846154,8.057485905481408e-05
7942,14.942307692307695,0.000146851992771599
7943,14.946153846153846,0.00014691109255974226
7944,14.950000000000001,0.00011386115845530241
7945,14.953846153846156,4.7702190494306254e-05
7946,14.95769230769231,4.776118871271061e-05
7947,14.961538461538462,4.782015314638843e-05
7948,14.965384615384616,4.7879083831168156e-05
7949,14.969230769230771,1.4828980802852063e-05
7950,14.973076923076926,8.110584409710937e-05
7951,14.976923076923077,0.0002136006737496046
7952,14.980769230769232,0.0002136594697959013
7953,14.984615384615386,0.00021371823227154044
7954,14.988461538461541,0.0003131039612119828
7955,14.992307692307692,0.00028005365665262794
7956,14.996153846153847,0.00018078531862880296
7957,15.000000000000002,0.00014773494717578367
7958,15.003846153846156,0.00024712054232879405
7959,15.007692307692308,0.00024717910412303836
7960,15.011538461538462,0.00018101963259355172
7961,15.015384615384617,0.0001810781277753886
7962,15.019230769230772,0.00014802758970355987
7963,15.023076923076923,0.00011497701841295795
7964,15.026923076923078,0.0001150354139384536
7965,15.030769230769232,0.00014820277631484753
7966,15.034615384615387,0.00018137010557685374
7967,15.038461538461538,0.0001152104017591987
7968,15.042307692307693,0.0001483776648964891
7969,15.046153846153848,0.0001153268950232786
7970,15.050000000000002,4.9167092174049127e-05
7971,15.053846153846154,4.922525638331873e-05
7972,15.057692307692308,0.00014861038768540833
7973,15.061538461538463,0.00024799548611469937
7974,15.065384615384618,0.00021494455170543045
7975,15.069230769230769,0.0002481115844918109
7976,15.073076923076924,0.00018195158450801934
7977,15.076923076923078,0.00018200955178816798
7978,15.080769230769233,0.00011584948636624893
7979,15.084615384615384,0.00011590738827627718
7980,15.088461538461539,0.00021529225755218025
7981,15.092307692307694,0.0001491320942278205
7982,15.096153846153848,8.297189833700194e-05
7983,15.1,8.30296699134887e-05
7984,15.103846153846154,0.0002155234089909487
7985,15.107692307692309,0.0002486901156030822
7986,15.111538461538464,0.0002818567897834134
7987,15.115384615384615,0.0002819144315655
7988,15.11923076923077,0.00024886304098282964
7989,15.123076923076924,0.00021581161806875275
7990,15.12692307692308,0.0002489781628567042
7991,15.13076923076923,0.00034836267537992637
7992,15.134615384615385,0.00031531115567171486
7993,15.13846153846154,0.00021604160376522468
7994,15.142307692307694,0.00024920801969360574
7995,15.146153846153846,0.00024926540348992586
7996,15.15,0.00018310475518722337
7997,15.153846153846155,0.00011694407481845114
7998,15.15769230769231,0.00021632836241653985
7999,15.161538461538461,0.00018327661801434381
8000,15.165384615384616,0.00011711584164465571
8001,15.16923076923077,0.00018339103334025426
8002,15.173076923076925,0.00028277519313378596
8003,15.17692307692308,0.0003490503210579224
8004,15.180769230769231,0.00024978041714526555
8005,15.184615384615386,0.00021672848142829942
8006,15.18846153846154,0.0003161125139395448
8007,15.192307692307695,0.000316169514711379
8008,15.196153846153846,0.0003162264837762187
8009,15.200000000000001,0.00031628342116636263
8010,15.203846153846156,0.0003163403269140399
8011,15.20769230769231,0.0002832882010515047
8012,15.211538461538462,0.00028334504361088243
8013,15.215384615384616,0.000349619854624288
8014,15.219230769230771,0.0003496766341237696
8015,15.223076923076926,0.0003166243821412912
8016,15.226923076923077,0.00025046309870883725
8017,15.230769230769232,0.00021741078385827047
8018,15.234615384615386,0.00011814043762145294
8019,15.238461538461541,5.1979060030138695e-05
8020,15.242307692307692,8.514465111606156e-05
8021,15.246153846153847,0.00011831021091089535
8022,15.250000000000002,8.525773944629894e-05
8023,15.253846153846156,8.53142367538308e-05
8024,15.257692307692308,0.00015158870286497892
8025,15.261538461538462,0.00011853613781126612
8026,15.265384615384617,5.237454162407149e-05
8027,15.269230769230772,5.2430914334782106e-05
8028,15.273076923076923,1.937825597471296e-05
8029,15.276923076923078,5.254356657510579e-05
8030,15.280769230769232,1.9490846167195873e-05
8031,15.284615384615387,5.265609478213542e-05
8032,15.288461538461538,0.00011893031245101022
8033,15.292307692307693,1.965949920492056e-05
8034,15.296153846153848,1.9715655074860035e-05
8035,15.300000000000002,8.598978009176827e-05
8036,15.303846153846154,0.00018537287428656762
8037,15.307692307692308,0.00011921093769009811
8038,15.311538461538463,0.0001854849703331955
8039,15.315384615384618,0.0002517589722465667
8040,15.319230769230769,0.00021870594346096558
8041,15.323076923076924,0.00018565288400700902
8042,15.326923076923078,0.00018570879391530636
8043,15.330769230769233,0.00025198267321642514
8044,15.334615384615384,0.00018582052194088594
8045,15.338461538461539,0.00011965834011911205
8046,15.342307692307694,0.0001859321277815073
8047,15.346153846153848,0.00021909688495844545
8048,15.35,0.00028537061168022715
8049,15.353846153846154,0.0002854263079770988
8050,15.357692307692309,0.0003848089738792816
8051,15.361538461538464,0.00035175560941693487
8052,15.365384615384615,0.00025248421462016775
8053,15.36923076923077,0.00021943078951901132
8054,15.373076923076924,0.00018637733414351965
8055,15.37692307692308,0.00015332384852364373
8056,15.38076923076923,0.00012027033268928602
8057,15.384615384615385,0.00018654378667030817
8058,15.38846153846154,0.0003190352104965468
8059,15.392307692307694,0.00028598160419776803
8060,15.396153846153846,0.0002860369678036978
8061,15.4,0.00031920130134399454
8062,15.403846153846155,0.0003523656048483104
8063,15.40769230769231,0.00031931187834619956
8064,15.411538461538465,0.00035247612186718486
8065,15.415384615384616,0.00038564033544077057
8066,15.41923076923077,0.00031947751909639204
8067,15.423076923076925,0.00028642367286343213
8068,15.42692307692308,0.00038580579677120535
8069,15.430769230769231,0.0004520788908490662
8070,15.434615384615386,0.00041902495512620105
8071,15.43846153846154,0.0003197529896318369
8072,15.442307692307695,0.0004191349943951278
8073,15.446153846153846,0.0004191899694451649
8074,15.450000000000001,0.0003530269148110212
8075,15.453846153846156,0.000286863830521713
8076,15.45769230769231,0.0003862457166062042
8077,15.461538461538462,0.00038630057309340033
8078,15.465384615384616,0.0002870284000121904
8079,15.469230769230771,0.00028708319739138616
8080,15.473076923076926,0.0002871379652597848
8081,15.476923076923077,0.00032030170364612373
8082,15.480769230769232,0.0002872474125790876
8083,15.484615384615386,0.0002873020920873255
8084,15.488461538461541,0.0003535747421994185
8085,15.492307692307692,0.0002211933629439218
8086,15.496153846153847,0.00012192095434935266
8087,15.500000000000002,0.00015508451644417578
8088,15.503846153846156,0.00018824804925681184
8089,15.507692307692308,5.5866552815611007e-05
8090,15.511538461538462,5.5921027148919406e-05
8091,15.515384615384617,0.00015530247228501672
8092,15.519230769230772,0.00018846588825212685
8093,15.523076923076923,0.00018852027507846824
8094,15.526923076923078,0.00018857463279215963
8095,15.530769230769232,0.0002879559614213036
8096,15.534615384615387,0.0002880102609939738
8097,15.538461538461538,0.00025495553153819943
8098,15.542307692307693,0.0002881187730818884
8099,15.546153846153848,0.0002881729856530431
8100,15.550000000000002,0.0002220091692795001
8101,15.553846153846154,0.0001558453239891055
8102,15.557692307692308,0.00018900844980964732
8103,15.561538461538463,0.00015595354676888192
8104,15.565384615384618,0.00012289861489452156
8105,15.569230769230769,0.0002222796542142104
8106,15.573076923076924,0.00022233366475558016
8107,15.576923076923078,0.00018927864654619148
8108,15.580769230769233,9.000559961362496e-05
8109,15.584615384615384,0.0001231685239852907
8110,15.588461538461539,0.0002556584196886959
8111,15.592307692307694,0.00018949428675122738
8112,15.596153846153848,0.00018954812520022995
8113,15.6,0.0001233839350630499
8114,15.603846153846154,9.032871636691558e-05
8115,15.607692307692309,5.727346913908646e-05
8116,15.611538461538464,2.421819340675676e-05
8117,15.615384615384615,2.427188919706686e-05
8118,15.61923076923077,-7.500144346287774e-05
8119,15.623076923076924,-0.0001080568045460482
8120,15.62692307692308,-4.1785194025376787e-05
8121,15.63076923076923,-8.622611873901711e-06
8122,15.634615384615385,-8.569058064706301e-06
8123,15.63846153846154,-7.473353257088133e-05
8124,15.642307692307694,5.775596463442154e-05
8125,15.646153846153846,2.470043357800315e-05
8126,15.65,-4.1464125713361875e-05
8127,15.653846153846155,-8.301713212941072e-06
8128,15.65769230769231,0.00012418767110592983
8129,15.661538461538465,0.00015735002726990877
8130,15.665384615384616,9.118535530561769e-05
8131,15.66923076923077,0.00019056565523956572
8132,15.673076923076925,0.00015750992709830287
8133,15.67692307692308,9.134517090832753e-05
8134,15.680769230769231,5.8289386696023615e-05
8135,15.684615384615386,0.00012456057448783915
8136,15.68846153846154,0.00022394073431008165
8137,15.692307692307695,0.00015777586618912008
8138,15.696153846153846,0.00019093797015119413
8139,15.700000000000001,0.00019099104622251413
8140,15.703846153846156,0.00019104409442932086
8141,15.70769230769231,0.00015798811479774918
8142,15.711538461538462,0.0002573681073539012
8143,15.715384615384616,0.00029053007212385945
8144,15.719230769230771,0.00015814700913365578
8145,15.723076923076926,9.1981918409286e-05
8146,15.726923076923077,0.00012514379997668248
8147,15.730769230769232,5.897865386177191e-05
8148,15.734615384615386,-7.186519909583222e-06
8149,15.738461538461541,-4.024272131151297e-05
8150,15.742307692307692,9.224604968172242e-05
8151,15.746153846153847,9.22987930958867e-05
8152,15.750000000000002,2.6133508956710017e-05
8153,15.753846153846156,-4.003180271012032e-05
8154,15.757692307692308,2.623885812100572e-05
8155,15.761538461538462,2.6291491475679608e-05
8156,15.765384615384617,-6.764902620510376e-06
8157,15.769230769230772,0.00012572367585792258
8158,15.773076923076923,0.000158885226936472
8159,15.776923076923078,0.0001258287506405671
8160,15.780769230769232,0.0001258812469956339
8161,15.784615384615387,0.00022526071602700803
8162,15.788461538461538,0.00025842215776002305
8163,15.792307692307693,0.00019225657221995496
8164,15.796153846153848,0.0002585269594320631
8165,15.800000000000002,0.00025857931942155625
8166,15.803846153846154,0.00022552265221360607
8167,15.807692307692308,9.313895783332393e-05
8168,15.811538461538463,2.697323630582399e-05
8169,15.815384615384618,6.013448765615731e-05
8170,15.819230769230769,2.707771190933354e-05
8171,15.823076923076924,-5.9790909096593355e-06
8172,15.826923076923078,9.340007922413723e-05
8173,15.830769230769233,0.00019277922233559806
8174,15.834615384615384,0.00015972233844958775
8175,15.838461538461539,0.00012666542759095595
8176,15.842307692307694,0.00022604448978448926
8177,15.846153846153848,0.0002260965250549258
8178,15.85,0.00015993053342701005
8179,15.853846153846154,0.0001268735149254005
8180,15.857692307692309,0.00022625246957474793
8181,15.861538461538464,0.0001931953973996546
8182,15.865384615384615,9.392029842466442e-05
8183,15.86923076923077,0.00019329917267436436
8184,15.873076923076924,0.00019335102017320585
8185,15.87692307692308,9.407584094563073e-05
8186,15.88076923076923,2.7909635016118146e-05
8187,15.884615384615385,6.10704024090066e-05
8188,15.88846153846154,0.0001935581431486626
