,Time,TOF H,TOF M,TOF L
0,-15.603846153846154,0.031808565310492504,0.016951808,0.262654
1,-15.6,0.031746680942184156,0.016918699,0.263682
2,-15.596153846153847,0.03162291220556745,0.017018026,0.263682
3,-15.592307692307692,0.0315610278372591,0.016984917,0.264196
4,-15.588461538461539,0.031746680942184156,0.016951808,0.264196
5,-15.584615384615384,0.03187044967880086,0.016951808,0.262654
6,-15.580769230769231,0.0314372591006424,0.017018026,0.263168
7,-15.576923076923077,0.031375374732334045,0.016984917,0.26214000000000004
8,-15.573076923076924,0.03162291220556745,0.016918699,0.265224
9,-15.569230769230769,0.03187044967880086,0.016951808,0.262654
10,-15.565384615384616,0.03131349036402569,0.016984917,0.265224
11,-15.561538461538461,0.03149914346895075,0.016984917,0.262654
12,-15.557692307692308,0.03199421841541756,0.016951808,0.265224
13,-15.553846153846154,0.03187044967880086,0.016951808,0.262654
14,-15.55,0.03162291220556745,0.017018026,0.26471
15,-15.546153846153846,0.0315610278372591,0.016951808,0.263682
16,-15.542307692307693,0.031808565310492504,0.016951808,0.264196
17,-15.538461538461538,0.031746680942184156,0.016984917,0.263682
18,-15.534615384615385,0.03162291220556745,0.016984917,0.264196
19,-15.53076923076923,0.031808565310492504,0.016951808,0.263682
20,-15.526923076923078,0.031932334047109205,0.016951808,0.263168
21,-15.523076923076923,0.031746680942184156,0.016984917,0.26471
22,-15.51923076923077,0.031251605995717344,0.016984917,0.262654
23,-15.515384615384615,0.03162291220556745,0.016918699,0.26471
24,-15.511538461538462,0.031808565310492504,0.016984917,0.262654
25,-15.507692307692308,0.0316847965738758,0.017018026,0.265224
26,-15.503846153846155,0.03131349036402569,0.016951808,0.26214000000000004
27,-15.5,0.0314372591006424,0.016918699,0.264196
28,-15.496153846153847,0.0316847965738758,0.016951808,0.263682
29,-15.492307692307692,0.0316847965738758,0.016984917,0.264196
30,-15.48846153846154,0.03149914346895075,0.016951808,0.263682
31,-15.484615384615385,0.0314372591006424,0.016951808,0.263168
32,-15.480769230769232,0.031746680942184156,0.017018026,0.262654
33,-15.476923076923077,0.0315610278372591,0.016984917,0.263168
34,-15.473076923076924,0.031251605995717344,0.016951808,0.264196
35,-15.46923076923077,0.03149914346895075,0.016951808,0.262654
36,-15.465384615384616,0.031808565310492504,0.017018026,0.26471
37,-15.461538461538462,0.031746680942184156,0.016984917,0.262654
38,-15.457692307692309,0.03162291220556745,0.016984917,0.26471
39,-15.453846153846154,0.03199421841541756,0.016984917,0.262654
40,-15.450000000000001,0.031746680942184156,0.017018026,0.26471
41,-15.446153846153846,0.03162291220556745,0.016984917,0.263168
42,-15.442307692307693,0.0315610278372591,0.016951808,0.26471
43,-15.438461538461539,0.0316847965738758,0.016984917,0.263682
44,-15.434615384615386,0.0316847965738758,0.017018026,0.264196
45,-15.430769230769231,0.0314372591006424,0.016951808,0.262654
46,-15.426923076923078,0.03162291220556745,0.016984917,0.263682
47,-15.423076923076923,0.031746680942184156,0.016984917,0.26471
48,-15.41923076923077,0.031808565310492504,0.016984917,0.263168
49,-15.415384615384616,0.0315610278372591,0.016918699,0.265224
50,-15.411538461538463,0.03162291220556745,0.016984917,0.262654
51,-15.407692307692308,0.0316847965738758,0.017018026,0.26471
52,-15.403846153846155,0.0315610278372591,0.016951808,0.262654
53,-15.4,0.0315610278372591,0.016918699,0.26471
54,-15.396153846153847,0.03162291220556745,0.016984917,0.263168
55,-15.392307692307693,0.031932334047109205,0.016984917,0.264196
56,-15.38846153846154,0.03187044967880086,0.016951808,0.263682
57,-15.384615384615385,0.031375374732334045,0.016951808,0.263682
58,-15.380769230769232,0.0316847965738758,0.017018026,0.262654
59,-15.376923076923077,0.0316847965738758,0.016984917,0.263168
60,-15.373076923076924,0.03149914346895075,0.016918699,0.26471
61,-15.36923076923077,0.03149914346895075,0.016984917,0.262654
62,-15.365384615384617,0.031932334047109205,0.017018026,0.26471
63,-15.361538461538462,0.031808565310492504,0.016984917,0.262654
64,-15.357692307692307,0.03149914346895075,0.016984917,0.265224
65,-15.353846153846154,0.031808565310492504,0.016984917,0.262654
66,-15.350000000000001,0.0316847965738758,0.016951808,0.26471
67,-15.346153846153847,0.03162291220556745,0.016918699,0.263168
68,-15.342307692307692,0.03131349036402569,0.016984917,0.26471
69,-15.338461538461539,0.0314372591006424,0.017018026,0.264196
70,-15.334615384615384,0.0316847965738758,0.016918699,0.264196
71,-15.330769230769231,0.03149914346895075,0.016984917,0.262654
72,-15.326923076923077,0.0314372591006424,0.017018026,0.263168
73,-15.323076923076924,0.0316847965738758,0.017018026,0.26471
74,-15.319230769230769,0.03199421841541756,0.016951808,0.263682
75,-15.315384615384616,0.031746680942184156,0.016918699,0.26471
76,-15.311538461538461,0.0315610278372591,0.016984917,0.262654
77,-15.307692307692308,0.031746680942184156,0.016918699,0.265224
78,-15.303846153846154,0.0316847965738758,0.016951808,0.263168
79,-15.3,0.03162291220556745,0.016984917,0.26471
80,-15.296153846153846,0.0314372591006424,0.017018026,0.262654
81,-15.292307692307693,0.0316847965738758,0.016951808,0.26471
82,-15.288461538461538,0.031746680942184156,0.016951808,0.263168
83,-15.284615384615385,0.03149914346895075,0.016984917,0.264196
84,-15.28076923076923,0.0315610278372591,0.016951808,0.262654
85,-15.276923076923078,0.03162291220556745,0.016918699,0.263682
86,-15.273076923076923,0.031746680942184156,0.016951808,0.264196
87,-15.26923076923077,0.03162291220556745,0.017018026,0.263168
88,-15.265384615384615,0.0314372591006424,0.016984917,0.26471
89,-15.261538461538462,0.03162291220556745,0.016951808,0.262654
90,-15.257692307692308,0.0316847965738758,0.017018026,0.263682
91,-15.253846153846155,0.03162291220556745,0.016984917,0.262654
92,-15.25,0.0314372591006424,0.016918699,0.26471
93,-15.246153846153847,0.031746680942184156,0.016951808,0.262654
94,-15.242307692307692,0.0316847965738758,0.017018026,0.265224
95,-15.23846153846154,0.0315610278372591,0.016984917,0.262654
96,-15.234615384615385,0.03149914346895075,0.016918699,0.26471
97,-15.230769230769232,0.032056102783725914,0.016984917,0.262654
98,-15.226923076923077,0.031932334047109205,0.017018026,0.26471
99,-15.223076923076924,0.03162291220556745,0.017018026,0.263682
100,-15.21923076923077,0.0315610278372591,0.016951808,0.264196
101,-15.215384615384616,0.03162291220556745,0.016918699,0.264196
102,-15.211538461538462,0.0316847965738758,0.017018026,0.263682
103,-15.207692307692309,0.031375374732334045,0.016951808,0.264196
104,-15.203846153846154,0.0316847965738758,0.016951808,0.263682
105,-15.200000000000001,0.03187044967880086,0.016984917,0.26471
106,-15.196153846153846,0.03187044967880086,0.017018026,0.262654
107,-15.192307692307693,0.03149914346895075,0.016951808,0.265224
108,-15.188461538461539,0.0314372591006424,0.016951808,0.262654
109,-15.184615384615386,0.03187044967880086,0.017018026,0.26471
110,-15.180769230769231,0.0314372591006424,0.016951808,0.262654
111,-15.176923076923078,0.03149914346895075,0.016918699,0.264196
112,-15.173076923076923,0.0315610278372591,0.016918699,0.263682
113,-15.16923076923077,0.031932334047109205,0.017018026,0.263682
114,-15.165384615384616,0.0316847965738758,0.016984917,0.264196
115,-15.161538461538463,0.031375374732334045,0.016951808,0.262654
116,-15.157692307692308,0.031808565310492504,0.017018026,0.264196
117,-15.153846153846155,0.031746680942184156,0.016984917,0.262654
118,-15.15,0.03149914346895075,0.016918699,0.26471
119,-15.146153846153847,0.0314372591006424,0.016918699,0.262654
120,-15.142307692307693,0.0316847965738758,0.017018026,0.26471
121,-15.13846153846154,0.031808565310492504,0.017018026,0.262654
122,-15.134615384615385,0.0315610278372591,0.016918699,0.265224
123,-15.130769230769232,0.031932334047109205,0.017018026,0.263168
124,-15.126923076923077,0.031932334047109205,0.017051135,0.26471
125,-15.123076923076924,0.032056102783725914,0.017018026,0.263682
126,-15.11923076923077,0.03162291220556745,0.016951808,0.264196
127,-15.115384615384617,0.03162291220556745,0.016984917,0.263682
128,-15.111538461538462,0.031746680942184156,0.017018026,0.263168
129,-15.107692307692307,0.03149914346895075,0.016918699,0.264196
130,-15.103846153846154,0.03131349036402569,0.016984917,0.263168
131,-15.100000000000001,0.0315610278372591,0.017018026,0.26471
132,-15.096153846153847,0.031746680942184156,0.016984917,0.262654
133,-15.092307692307692,0.03149914346895075,0.016918699,0.265224
134,-15.088461538461539,0.0315610278372591,0.017018026,0.262654
135,-15.084615384615384,0.031808565310492504,0.017018026,0.26471
136,-15.080769230769231,0.0315610278372591,0.016951808,0.262654
137,-15.076923076923077,0.0315610278372591,0.016918699,0.264196
138,-15.073076923076924,0.0315610278372591,0.016984917,0.263168
139,-15.069230769230769,0.03199421841541756,0.016984917,0.263682
140,-15.065384615384616,0.03187044967880086,0.016918699,0.264196
141,-15.061538461538461,0.0315610278372591,0.016951808,0.263682
142,-15.057692307692308,0.0316847965738758,0.017018026,0.263682
143,-15.053846153846154,0.031808565310492504,0.016951808,0.262654
144,-15.05,0.0316847965738758,0.016951808,0.26471
145,-15.046153846153846,0.0315610278372591,0.016984917,0.262654
146,-15.042307692307693,0.031808565310492504,0.016984917,0.26471
147,-15.038461538461538,0.031932334047109205,0.016951808,0.26214000000000004
148,-15.034615384615385,0.0316847965738758,0.016951808,0.265224
149,-15.03076923076923,0.03149914346895075,0.016984917,0.263168
150,-15.026923076923078,0.03162291220556745,0.016951808,0.26471
151,-15.023076923076923,0.03187044967880086,0.016918699,0.263168
152,-15.01923076923077,0.0315610278372591,0.017018026,0.26471
153,-15.015384615384615,0.03131349036402569,0.017018026,0.263168
154,-15.011538461538462,0.03162291220556745,0.016918699,0.264196
155,-15.007692307692308,0.031932334047109205,0.016951808,0.263168
156,-15.003846153846155,0.031808565310492504,0.017018026,0.264196
157,-15.0,0.03149914346895075,0.016984917,0.264196
158,-14.996153846153847,0.03162291220556745,0.016951808,0.262654
159,-14.992307692307692,0.031808565310492504,0.016951808,0.26471
160,-14.98846153846154,0.031808565310492504,0.017018026,0.262654
161,-14.984615384615385,0.0315610278372591,0.016984917,0.265224
162,-14.980769230769232,0.031808565310492504,0.016951808,0.263682
163,-14.976923076923077,0.03187044967880086,0.016918699,0.264196
164,-14.973076923076924,0.031932334047109205,0.017018026,0.263168
165,-14.96923076923077,0.03149914346895075,0.016951808,0.264196
166,-14.965384615384616,0.0315610278372591,0.016951808,0.263168
167,-14.961538461538462,0.03187044967880086,0.016951808,0.263682
168,-14.957692307692309,0.0316847965738758,0.017018026,0.263168
169,-14.953846153846154,0.03162291220556745,0.016951808,0.263682
170,-14.950000000000001,0.031746680942184156,0.016918699,0.26471
171,-14.946153846153846,0.031808565310492504,0.016951808,0.262654
172,-14.942307692307693,0.03162291220556745,0.016984917,0.26471
173,-14.938461538461539,0.0314372591006424,0.016951808,0.262654
174,-14.934615384615386,0.0315610278372591,0.016951808,0.26471
175,-14.930769230769231,0.031746680942184156,0.017018026,0.263168
176,-14.926923076923078,0.031746680942184156,0.017018026,0.26471
177,-14.923076923076923,0.03162291220556745,0.016951808,0.263682
178,-14.91923076923077,0.031746680942184156,0.016951808,0.26471
179,-14.915384615384616,0.03199421841541756,0.016984917,0.263682
180,-14.911538461538463,0.031746680942184156,0.016984917,0.263682
181,-14.907692307692308,0.03162291220556745,0.016918699,0.263682
182,-14.903846153846155,0.03187044967880086,0.016984917,0.263682
183,-14.9,0.03187044967880086,0.017018026,0.26471
184,-14.896153846153847,0.0315610278372591,0.016984917,0.262654
185,-14.892307692307693,0.03149914346895075,0.016951808,0.26471
186,-14.88846153846154,0.031932334047109205,0.016984917,0.262654
187,-14.884615384615385,0.03199421841541756,0.017018026,0.26471
188,-14.880769230769232,0.03162291220556745,0.016951808,0.262654
189,-14.876923076923077,0.03149914346895075,0.016918699,0.264196
190,-14.873076923076923,0.0316847965738758,0.017018026,0.263168
191,-14.86923076923077,0.031808565310492504,0.016984917,0.26471
192,-14.865384615384617,0.0314372591006424,0.016918699,0.263682
193,-14.861538461538462,0.03149914346895075,0.016951808,0.263682
194,-14.857692307692307,0.031932334047109205,0.016984917,0.262654
195,-14.853846153846154,0.03149914346895075,0.016951808,0.263682
196,-14.850000000000001,0.03131349036402569,0.016918699,0.26471
197,-14.846153846153847,0.0316847965738758,0.016984917,0.262654
198,-14.842307692307692,0.03187044967880086,0.016984917,0.264196
199,-14.838461538461539,0.0315610278372591,0.016918699,0.262654
200,-14.834615384615384,0.0314372591006424,0.016951808,0.26471
201,-14.830769230769231,0.03187044967880086,0.016984917,0.263168
202,-14.826923076923077,0.031808565310492504,0.016951808,0.26471
203,-14.823076923076924,0.0315610278372591,0.016951808,0.263168
204,-14.819230769230769,0.03162291220556745,0.016984917,0.26471
205,-14.815384615384616,0.031746680942184156,0.017018026,0.263168
206,-14.811538461538461,0.03187044967880086,0.016951808,0.264196
207,-14.807692307692308,0.0314372591006424,0.016984917,0.263168
208,-14.803846153846154,0.0316847965738758,0.017018026,0.264196
209,-14.8,0.031808565310492504,0.016984917,0.264196
210,-14.796153846153846,0.0316847965738758,0.016951808,0.263168
211,-14.792307692307693,0.0314372591006424,0.016984917,0.26471
212,-14.788461538461538,0.03149914346895075,0.016984917,0.262654
213,-14.784615384615385,0.0316847965738758,0.016918699,0.26471
214,-14.78076923076923,0.031375374732334045,0.017018026,0.263682
215,-14.776923076923078,0.03149914346895075,0.016984917,0.264196
216,-14.773076923076923,0.031746680942184156,0.017018026,0.262654
217,-14.76923076923077,0.031932334047109205,0.016918699,0.264196
218,-14.765384615384615,0.03162291220556745,0.016951808,0.263168
219,-14.761538461538462,0.031375374732334045,0.016984917,0.264196
220,-14.757692307692308,0.03187044967880086,0.016951808,0.263682
221,-14.753846153846155,0.03199421841541756,0.016918699,0.263682
222,-14.75,0.0316847965738758,0.016984917,0.264196
223,-14.746153846153847,0.03149914346895075,0.016984917,0.262654
224,-14.742307692307692,0.031808565310492504,0.016951808,0.264196
225,-14.73846153846154,0.031808565310492504,0.016918699,0.262654
226,-14.734615384615385,0.03149914346895075,0.017018026,0.265224
227,-14.730769230769232,0.0315610278372591,0.016951808,0.262654
228,-14.726923076923077,0.03162291220556745,0.016918699,0.26471
229,-14.723076923076924,0.031808565310492504,0.016918699,0.263168
230,-14.71923076923077,0.0315610278372591,0.017018026,0.26471
231,-14.715384615384616,0.03149914346895075,0.016984917,0.263168
232,-14.711538461538462,0.0316847965738758,0.016951808,0.264196
233,-14.707692307692309,0.031808565310492504,0.016984917,0.263168
234,-14.703846153846154,0.03149914346895075,0.017018026,0.26471
235,-14.700000000000001,0.03131349036402569,0.016951808,0.264196
236,-14.696153846153846,0.03149914346895075,0.016918699,0.262654
237,-14.692307692307693,0.03199421841541756,0.016984917,0.26471
238,-14.688461538461539,0.0316847965738758,0.017018026,0.262654
239,-14.684615384615386,0.03149914346895075,0.016951808,0.265224
240,-14.680769230769231,0.03187044967880086,0.016984917,0.263682
241,-14.676923076923078,0.031932334047109205,0.016984917,0.265224
242,-14.673076923076923,0.03149914346895075,0.016984917,0.262654
243,-14.66923076923077,0.03149914346895075,0.016918699,0.26471
244,-14.665384615384616,0.03162291220556745,0.016918699,0.263682
245,-14.661538461538463,0.031932334047109205,0.016984917,0.264196
246,-14.657692307692308,0.03149914346895075,0.016984917,0.263168
247,-14.653846153846155,0.03149914346895075,0.016918699,0.264196
248,-14.65,0.0316847965738758,0.016984917,0.263682
249,-14.646153846153847,0.031932334047109205,0.016984917,0.262654
250,-14.642307692307693,0.03162291220556745,0.016984917,0.264196
251,-14.63846153846154,0.0315610278372591,0.016951808,0.262654
252,-14.634615384615385,0.031808565310492504,0.016984917,0.26471
253,-14.630769230769232,0.03149914346895075,0.016951808,0.264196
254,-14.626923076923077,0.03149914346895075,0.016951808,0.264196
255,-14.623076923076923,0.0314372591006424,0.016918699,0.262654
256,-14.61923076923077,0.0316847965738758,0.016984917,0.26471
257,-14.615384615384617,0.031746680942184156,0.016984917,0.263168
258,-14.611538461538462,0.0314372591006424,0.016951808,0.26471
259,-14.607692307692307,0.031932334047109205,0.017018026,0.263168
260,-14.603846153846154,0.031808565310492504,0.016984917,0.26471
261,-14.600000000000001,0.03162291220556745,0.016984917,0.263682
262,-14.596153846153847,0.031251605995717344,0.016951808,0.263168
263,-14.592307692307692,0.0316847965738758,0.016984917,0.264196
264,-14.588461538461539,0.03187044967880086,0.016984917,0.263168
265,-14.584615384615384,0.03162291220556745,0.016951808,0.26471
266,-14.580769230769231,0.03199421841541756,0.017018026,0.26471
267,-14.576923076923077,0.031932334047109205,0.017018026,0.26471
268,-14.573076923076924,0.03187044967880086,0.016984917,0.26214000000000004
269,-14.569230769230769,0.031375374732334045,0.016918699,0.26471
270,-14.565384615384616,0.03149914346895075,0.016984917,0.262654
271,-14.561538461538461,0.03187044967880086,0.017018026,0.26471
272,-14.557692307692308,0.03162291220556745,0.016951808,0.262654
273,-14.553846153846154,0.03131349036402569,0.016984917,0.26471
274,-14.55,0.03162291220556745,0.017018026,0.262654
275,-14.546153846153846,0.0316847965738758,0.016984917,0.263682
276,-14.542307692307693,0.0316847965738758,0.016951808,0.264196
277,-14.538461538461538,0.03149914346895075,0.016951808,0.262654
278,-14.534615384615385,0.03187044967880086,0.017018026,0.26471
279,-14.53076923076923,0.031746680942184156,0.016951808,0.263682
280,-14.526923076923078,0.0315610278372591,0.016951808,0.264196
281,-14.523076923076923,0.03131349036402569,0.016984917,0.262654
282,-14.51923076923077,0.031746680942184156,0.016984917,0.265224
283,-14.515384615384615,0.0316847965738758,0.016951808,0.263168
284,-14.511538461538462,0.0315610278372591,0.016951808,0.26471
285,-14.507692307692308,0.03187044967880086,0.016984917,0.262654
286,-14.503846153846155,0.031808565310492504,0.016918699,0.265224
287,-14.5,0.0316847965738758,0.016918699,0.263168
288,-14.496153846153847,0.03149914346895075,0.016984917,0.263682
289,-14.492307692307692,0.0315610278372591,0.017018026,0.264196
290,-14.48846153846154,0.031746680942184156,0.016951808,0.263168
291,-14.484615384615385,0.0316847965738758,0.016951808,0.264196
292,-14.480769230769232,0.0315610278372591,0.017018026,0.26471
293,-14.476923076923077,0.03149914346895075,0.016984917,0.26471
294,-14.473076923076924,0.0316847965738758,0.016918699,0.262654
295,-14.46923076923077,0.03162291220556745,0.016951808,0.26471
296,-14.465384615384616,0.03131349036402569,0.017018026,0.26214000000000004
297,-14.461538461538462,0.0315610278372591,0.016984917,0.265224
298,-14.457692307692309,0.03199421841541756,0.016951808,0.262654
299,-14.453846153846154,0.031808565310492504,0.016984917,0.26471
300,-14.450000000000001,0.03162291220556745,0.017018026,0.263168
301,-14.446153846153846,0.03149914346895075,0.016951808,0.263682
302,-14.442307692307693,0.03187044967880086,0.016951808,0.263682
303,-14.438461538461539,0.031932334047109205,0.017018026,0.263168
304,-14.434615384615386,0.0315610278372591,0.017018026,0.264196
305,-14.430769230769231,0.031808565310492504,0.016951808,0.264196
306,-14.426923076923078,0.0316847965738758,0.016984917,0.264196
307,-14.423076923076923,0.0315610278372591,0.016984917,0.262654
308,-14.41923076923077,0.0314372591006424,0.016984917,0.265224
309,-14.415384615384616,0.03149914346895075,0.016951808,0.262654
310,-14.411538461538463,0.031808565310492504,0.016951808,0.26471
311,-14.407692307692308,0.0315610278372591,0.017018026,0.262654
312,-14.403846153846153,0.03149914346895075,0.016951808,0.265224
313,-14.4,0.03149914346895075,0.016918699,0.263168
314,-14.396153846153847,0.03187044967880086,0.016984917,0.264196
315,-14.392307692307693,0.0316847965738758,0.017018026,0.263682
316,-14.388461538461538,0.031375374732334045,0.016984917,0.263168
317,-14.384615384615385,0.0315610278372591,0.016951808,0.26471
318,-14.380769230769232,0.031808565310492504,0.017018026,0.26471
319,-14.376923076923077,0.0316847965738758,0.016984917,0.26471
320,-14.373076923076923,0.03149914346895075,0.016984917,0.262654
321,-14.36923076923077,0.0314372591006424,0.016918699,0.26471
322,-14.365384615384617,0.03162291220556745,0.016984917,0.262654
323,-14.361538461538462,0.03162291220556745,0.016984917,0.265224
324,-14.357692307692307,0.0315610278372591,0.016951808,0.262654
325,-14.353846153846154,0.031808565310492504,0.016951808,0.26471
326,-14.350000000000001,0.031808565310492504,0.017018026,0.263168
327,-14.346153846153847,0.0315610278372591,0.016984917,0.264196
328,-14.342307692307692,0.0315610278372591,0.016918699,0.263682
329,-14.338461538461539,0.031746680942184156,0.016984917,0.263682
330,-14.334615384615384,0.031932334047109205,0.017018026,0.263682
331,-14.330769230769231,0.0315610278372591,0.016918699,0.264196
332,-14.326923076923077,0.0315610278372591,0.016918699,0.26471
333,-14.323076923076924,0.031746680942184156,0.016984917,0.262654
334,-14.319230769230769,0.031746680942184156,0.016984917,0.26471
335,-14.315384615384616,0.03162291220556745,0.016951808,0.262654
336,-14.311538461538461,0.03162291220556745,0.016984917,0.265224
337,-14.307692307692308,0.03199421841541756,0.016984917,0.262654
338,-14.303846153846154,0.03162291220556745,0.016918699,0.265224
339,-14.3,0.03149914346895075,0.016918699,0.263168
340,-14.296153846153846,0.031746680942184156,0.016984917,0.264196
341,-14.292307692307693,0.03187044967880086,0.017018026,0.263168
342,-14.288461538461538,0.0315610278372591,0.016951808,0.264196
343,-14.284615384615385,0.03149914346895075,0.016951808,0.264196
344,-14.28076923076923,0.031746680942184156,0.017018026,0.26471
345,-14.276923076923078,0.031808565310492504,0.016984917,0.264196
346,-14.273076923076923,0.031375374732334045,0.016951808,0.263168
347,-14.26923076923077,0.031375374732334045,0.016984917,0.26471
348,-14.265384615384615,0.031746680942184156,0.017018026,0.262654
349,-14.261538461538462,0.0316847965738758,0.016951808,0.265224
350,-14.257692307692308,0.0314372591006424,0.016951808,0.263168
351,-14.253846153846155,0.0316847965738758,0.016984917,0.265224
352,-14.25,0.031746680942184156,0.016984917,0.262654
353,-14.246153846153847,0.031746680942184156,0.016951808,0.264196
354,-14.242307692307692,0.0315610278372591,0.017018026,0.262654
355,-14.23846153846154,0.0315610278372591,0.017018026,0.263168
356,-14.234615384615385,0.031746680942184156,0.016951808,0.264196
357,-14.230769230769232,0.0314372591006424,0.016984917,0.26471
358,-14.226923076923077,0.03149914346895075,0.016984917,0.264196
359,-14.223076923076924,0.03162291220556745,0.017018026,0.26214000000000004
360,-14.21923076923077,0.031932334047109205,0.016918699,0.26471
361,-14.215384615384616,0.0316847965738758,0.016951808,0.262654
362,-14.211538461538462,0.03149914346895075,0.017018026,0.265224
363,-14.207692307692309,0.0316847965738758,0.016951808,0.262654
364,-14.203846153846154,0.031746680942184156,0.016951808,0.265224
365,-14.200000000000001,0.0315610278372591,0.016951808,0.263168
366,-14.196153846153846,0.031375374732334045,0.017018026,0.26471
367,-14.192307692307693,0.0316847965738758,0.016951808,0.263168
368,-14.188461538461539,0.031808565310492504,0.016951808,0.264196
369,-14.184615384615386,0.03162291220556745,0.016984917,0.263682
370,-14.180769230769231,0.03162291220556745,0.016951808,0.265224
371,-14.176923076923078,0.03187044967880086,0.016918699,0.264196
372,-14.173076923076923,0.031932334047109205,0.016951808,0.262654
373,-14.16923076923077,0.03162291220556745,0.017018026,0.26471
374,-14.165384615384616,0.03149914346895075,0.016984917,0.262654
375,-14.161538461538463,0.031808565310492504,0.016918699,0.26471
376,-14.157692307692308,0.031808565310492504,0.017018026,0.262654
377,-14.153846153846153,0.0315610278372591,0.017018026,0.26471
378,-14.15,0.0315610278372591,0.016951808,0.262654
379,-14.146153846153847,0.031746680942184156,0.016951808,0.263682
380,-14.142307692307693,0.032056102783725914,0.016984917,0.262654
381,-14.138461538461538,0.0315610278372591,0.017018026,0.264196
382,-14.134615384615385,0.0314372591006424,0.016951808,0.263682
383,-14.130769230769232,0.03187044967880086,0.016984917,0.26471
384,-14.126923076923077,0.03187044967880086,0.016984917,0.264196
385,-14.123076923076923,0.031746680942184156,0.017018026,0.262654
386,-14.11923076923077,0.0315610278372591,0.016918699,0.26471
387,-14.115384615384617,0.0316847965738758,0.016918699,0.26214000000000004
388,-14.111538461538462,0.03187044967880086,0.017018026,0.265224
389,-14.107692307692307,0.03149914346895075,0.016984917,0.262654
390,-14.103846153846154,0.031375374732334045,0.016918699,0.265224
391,-14.100000000000001,0.0315610278372591,0.016918699,0.262654
392,-14.096153846153847,0.03187044967880086,0.017018026,0.26471
393,-14.092307692307692,0.0315610278372591,0.016984917,0.263168
394,-14.088461538461539,0.031375374732334045,0.016918699,0.264196
395,-14.084615384615384,0.031746680942184156,0.016918699,0.264196
396,-14.080769230769231,0.0315610278372591,0.017018026,0.26471
397,-14.076923076923077,0.03162291220556745,0.016984917,0.26471
398,-14.073076923076924,0.03149914346895075,0.016951808,0.262654
399,-14.069230769230769,0.031746680942184156,0.016984917,0.26471
400,-14.065384615384616,0.031808565310492504,0.016984917,0.26214000000000004
401,-14.061538461538461,0.0316847965738758,0.016951808,0.26471
402,-14.057692307692308,0.0315610278372591,0.016984917,0.263168
403,-14.053846153846154,0.031808565310492504,0.017018026,0.26471
404,-14.05,0.031808565310492504,0.017018026,0.263168
405,-14.046153846153846,0.0315610278372591,0.016951808,0.263682
406,-14.042307692307693,0.03162291220556745,0.016984917,0.263168
407,-14.038461538461538,0.031746680942184156,0.017018026,0.263682
408,-14.034615384615385,0.03162291220556745,0.016984917,0.263682
409,-14.03076923076923,0.0315610278372591,0.016951808,0.264196
410,-14.026923076923078,0.031746680942184156,0.016984917,0.264196
411,-14.023076923076923,0.03187044967880086,0.017018026,0.262654
412,-14.01923076923077,0.031746680942184156,0.016951808,0.26471
413,-14.015384615384615,0.031375374732334045,0.016918699,0.262654
414,-14.011538461538462,0.031746680942184156,0.017018026,0.26471
415,-14.007692307692308,0.031808565310492504,0.016951808,0.262654
416,-14.003846153846155,0.03162291220556745,0.016918699,0.265224
417,-14.0,0.0315610278372591,0.016951808,0.262654
418,-13.996153846153847,0.0316847965738758,0.017018026,0.265224
419,-13.992307692307692,0.03149914346895075,0.016918699,0.262654
420,-13.98846153846154,0.031251605995717344,0.016951808,0.264196
421,-13.984615384615385,0.03162291220556745,0.016984917,0.263682
422,-13.980769230769232,0.031808565310492504,0.016951808,0.265224
423,-13.976923076923077,0.031746680942184156,0.016918699,0.264196
424,-13.973076923076924,0.0314372591006424,0.016984917,0.263168
425,-13.96923076923077,0.03162291220556745,0.017018026,0.26471
426,-13.965384615384616,0.0316847965738758,0.016951808,0.262654
427,-13.961538461538462,0.03149914346895075,0.016951808,0.26471
428,-13.957692307692309,0.0316847965738758,0.017018026,0.263682
429,-13.953846153846154,0.031932334047109205,0.016951808,0.26471
430,-13.950000000000001,0.031808565310492504,0.016951808,0.262654
431,-13.946153846153846,0.0315610278372591,0.016951808,0.264196
432,-13.942307692307693,0.03162291220556745,0.017018026,0.262654
433,-13.938461538461539,0.03187044967880086,0.016984917,0.264196
434,-13.934615384615386,0.0316847965738758,0.016951808,0.263168
435,-13.930769230769231,0.0315610278372591,0.017018026,0.265224
436,-13.926923076923078,0.0316847965738758,0.016984917,0.263682
437,-13.923076923076923,0.031746680942184156,0.016951808,0.262654
438,-13.91923076923077,0.03187044967880086,0.016951808,0.264196
439,-13.915384615384616,0.03162291220556745,0.016984917,0.262654
440,-13.911538461538463,0.03162291220556745,0.016984917,0.265224
441,-13.907692307692308,0.03187044967880086,0.016951808,0.263168
442,-13.903846153846153,0.03149914346895075,0.016984917,0.264196
443,-13.9,0.03149914346895075,0.016984917,0.26214000000000004
444,-13.896153846153847,0.03162291220556745,0.016951808,0.265224
445,-13.892307692307693,0.031932334047109205,0.016918699,0.262654
446,-13.888461538461538,0.031808565310492504,0.017018026,0.26471
447,-13.884615384615385,0.03162291220556745,0.017018026,0.262654
448,-13.880769230769232,0.031932334047109205,0.016951808,0.265224
449,-13.876923076923077,0.03187044967880086,0.016951808,0.262654
450,-13.873076923076923,0.03162291220556745,0.017018026,0.264196
451,-13.86923076923077,0.0314372591006424,0.017018026,0.264196
452,-13.865384615384617,0.0315610278372591,0.016951808,0.262654
453,-13.861538461538462,0.031932334047109205,0.016951808,0.264196
454,-13.857692307692307,0.0315610278372591,0.017018026,0.26471
455,-13.853846153846154,0.03162291220556745,0.016951808,0.263682
456,-13.850000000000001,0.0316847965738758,0.016951808,0.262654
457,-13.846153846153847,0.03199421841541756,0.016984917,0.26471
458,-13.842307692307692,0.0316847965738758,0.017018026,0.262654
459,-13.838461538461539,0.0314372591006424,0.016984917,0.26471
460,-13.834615384615384,0.03162291220556745,0.016951808,0.262654
461,-13.830769230769231,0.0315610278372591,0.017018026,0.264196
462,-13.826923076923077,0.0314372591006424,0.016984917,0.26214000000000004
463,-13.823076923076924,0.031251605995717344,0.016918699,0.264196
464,-13.819230769230769,0.03162291220556745,0.016918699,0.263682
465,-13.815384615384616,0.031808565310492504,0.016984917,0.263682
466,-13.811538461538461,0.0315610278372591,0.016984917,0.263682
467,-13.807692307692308,0.0315610278372591,0.016951808,0.264196
468,-13.803846153846154,0.031808565310492504,0.016984917,0.263168
469,-13.8,0.031808565310492504,0.017018026,0.263168
470,-13.796153846153846,0.0315610278372591,0.016951808,0.26471
471,-13.792307692307693,0.03149914346895075,0.016918699,0.262654
472,-13.788461538461538,0.031808565310492504,0.017018026,0.265224
473,-13.784615384615385,0.031746680942184156,0.016984917,0.262654
474,-13.78076923076923,0.0316847965738758,0.016984917,0.263682
475,-13.776923076923078,0.0316847965738758,0.016951808,0.262654
476,-13.773076923076923,0.03187044967880086,0.016984917,0.26471
477,-13.76923076923077,0.031808565310492504,0.016984917,0.262654
478,-13.765384615384615,0.0316847965738758,0.016951808,0.264196
479,-13.761538461538462,0.031746680942184156,0.016984917,0.263682
480,-13.757692307692308,0.0316847965738758,0.016984917,0.265224
481,-13.753846153846155,0.0314372591006424,0.016918699,0.262654
482,-13.75,0.03162291220556745,0.016951808,0.263682
483,-13.746153846153847,0.0316847965738758,0.016984917,0.264196
484,-13.742307692307692,0.031808565310492504,0.016984917,0.263168
485,-13.73846153846154,0.0315610278372591,0.016918699,0.26471
486,-13.734615384615385,0.0316847965738758,0.016984917,0.263168
487,-13.730769230769232,0.031808565310492504,0.016984917,0.263682
488,-13.726923076923077,0.031808565310492504,0.016951808,0.262654
489,-13.723076923076924,0.0316847965738758,0.016951808,0.264196
490,-13.71923076923077,0.0315610278372591,0.016951808,0.262654
491,-13.715384615384616,0.03162291220556745,0.016984917,0.263682
492,-13.711538461538462,0.0315610278372591,0.016951808,0.263682
493,-13.707692307692309,0.0315610278372591,0.016984917,0.264196
494,-13.703846153846154,0.031746680942184156,0.017018026,0.262654
495,-13.700000000000001,0.03187044967880086,0.016984917,0.262654
496,-13.696153846153846,0.0316847965738758,0.016918699,0.26471
497,-13.692307692307693,0.03149914346895075,0.016984917,0.263168
498,-13.688461538461539,0.031808565310492504,0.017018026,0.26471
499,-13.684615384615386,0.031808565310492504,0.016951808,0.26214000000000004
500,-13.680769230769231,0.0315610278372591,0.016984917,0.26471
501,-13.676923076923078,0.03131349036402569,0.016984917,0.262654
502,-13.673076923076923,0.03162291220556745,0.016984917,0.26471
503,-13.66923076923077,0.031746680942184156,0.016951808,0.263168
504,-13.665384615384616,0.03149914346895075,0.016984917,0.264196
505,-13.661538461538463,0.0314372591006424,0.017018026,0.263682
506,-13.657692307692308,0.03162291220556745,0.016951808,0.265224
507,-13.653846153846153,0.0314372591006424,0.016918699,0.263168
508,-13.65,0.031375374732334045,0.016984917,0.263682
509,-13.646153846153847,0.0314372591006424,0.017018026,0.26471
510,-13.642307692307693,0.031808565310492504,0.016951808,0.263168
511,-13.638461538461538,0.031808565310492504,0.016951808,0.26471
512,-13.634615384615385,0.0315610278372591,0.017018026,0.262654
513,-13.630769230769232,0.031746680942184156,0.016951808,0.26471
514,-13.626923076923077,0.031746680942184156,0.016918699,0.262654
515,-13.623076923076923,0.031746680942184156,0.016918699,0.264196
516,-13.61923076923077,0.0315610278372591,0.017018026,0.263682
517,-13.615384615384617,0.0315610278372591,0.016984917,0.263168
518,-13.611538461538462,0.0316847965738758,0.016951808,0.264196
519,-13.607692307692307,0.031808565310492504,0.017018026,0.264196
520,-13.603846153846154,0.0314372591006424,0.017018026,0.263682
521,-13.600000000000001,0.031375374732334045,0.016984917,0.262654
522,-13.596153846153847,0.03162291220556745,0.016918699,0.265224
523,-13.592307692307692,0.031808565310492504,0.016984917,0.262654
524,-13.588461538461539,0.03162291220556745,0.017018026,0.265224
525,-13.584615384615386,0.03149914346895075,0.016984917,0.262654
526,-13.580769230769231,0.031808565310492504,0.016984917,0.264196
527,-13.576923076923077,0.031808565310492504,0.017018026,0.262654
528,-13.573076923076924,0.0316847965738758,0.017018026,0.26471
529,-13.569230769230769,0.0314372591006424,0.016951808,0.263168
530,-13.565384615384616,0.031746680942184156,0.016951808,0.264196
531,-13.561538461538461,0.031932334047109205,0.016984917,0.264196
532,-13.557692307692308,0.03149914346895075,0.016951808,0.26471
533,-13.553846153846154,0.0316847965738758,0.016918699,0.264196
534,-13.55,0.031808565310492504,0.016984917,0.263682
535,-13.546153846153846,0.031808565310492504,0.017018026,0.26471
536,-13.542307692307693,0.031375374732334045,0.016951808,0.263168
537,-13.538461538461538,0.031251605995717344,0.016918699,0.26471
538,-13.534615384615385,0.031746680942184156,0.016984917,0.263168
539,-13.53076923076923,0.03162291220556745,0.016984917,0.264196
540,-13.526923076923078,0.03149914346895075,0.016918699,0.26214000000000004
541,-13.523076923076923,0.03162291220556745,0.016951808,0.264196
542,-13.51923076923077,0.03187044967880086,0.016984917,0.262654
543,-13.515384615384615,0.031746680942184156,0.016984917,0.264196
544,-13.511538461538462,0.03149914346895075,0.016918699,0.263168
545,-13.507692307692308,0.031808565310492504,0.016984917,0.26471
546,-13.503846153846155,0.031808565310492504,0.017018026,0.263168
547,-13.5,0.0316847965738758,0.016951808,0.263168
548,-13.496153846153847,0.031375374732334045,0.016918699,0.26471
549,-13.492307692307692,0.031808565310492504,0.016984917,0.263168
550,-13.48846153846154,0.03199421841541756,0.017018026,0.264196
551,-13.484615384615385,0.0316847965738758,0.016951808,0.262654
552,-13.480769230769232,0.0316847965738758,0.016984917,0.264196
553,-13.476923076923077,0.031808565310492504,0.016984917,0.26214000000000004
554,-13.473076923076924,0.031808565310492504,0.017018026,0.265224
555,-13.46923076923077,0.03149914346895075,0.016951808,0.262654
556,-13.465384615384616,0.0315610278372591,0.016984917,0.264196
557,-13.461538461538462,0.031808565310492504,0.017018026,0.263682
558,-13.457692307692309,0.03162291220556745,0.016951808,0.26471
559,-13.453846153846154,0.03149914346895075,0.016918699,0.263682
560,-13.45,0.0315610278372591,0.016984917,0.263682
561,-13.446153846153846,0.03199421841541756,0.017018026,0.26471
562,-13.442307692307693,0.03162291220556745,0.016951808,0.263682
563,-13.438461538461539,0.03162291220556745,0.016918699,0.26471
564,-13.434615384615384,0.0316847965738758,0.017018026,0.262654
565,-13.430769230769231,0.03187044967880086,0.016951808,0.26471
566,-13.426923076923078,0.031808565310492504,0.016918699,0.262654
567,-13.423076923076923,0.0314372591006424,0.016951808,0.264196
568,-13.419230769230769,0.031746680942184156,0.017018026,0.263168
569,-13.415384615384616,0.03199421841541756,0.016951808,0.264196
570,-13.411538461538463,0.03162291220556745,0.016951808,0.263168
571,-13.407692307692308,0.03162291220556745,0.017018026,0.264196
572,-13.403846153846153,0.031808565310492504,0.017018026,0.263682
573,-13.4,0.03187044967880086,0.016918699,0.262654
574,-13.396153846153847,0.0315610278372591,0.016951808,0.264196
575,-13.392307692307693,0.0316847965738758,0.016984917,0.263168
576,-13.388461538461538,0.031808565310492504,0.016984917,0.265224
577,-13.384615384615385,0.0316847965738758,0.016918699,0.262654
578,-13.380769230769232,0.0315610278372591,0.017018026,0.264196
579,-13.376923076923077,0.03149914346895075,0.016984917,0.262654
580,-13.373076923076923,0.0316847965738758,0.016951808,0.26471
581,-13.36923076923077,0.03162291220556745,0.016951808,0.263168
582,-13.365384615384617,0.031251605995717344,0.016984917,0.264196
583,-13.361538461538462,0.03149914346895075,0.016984917,0.263682
584,-13.357692307692307,0.031808565310492504,0.016951808,0.26471
585,-13.353846153846154,0.031746680942184156,0.016951808,0.263682
586,-13.350000000000001,0.0315610278372591,0.017018026,0.263168
587,-13.346153846153847,0.03162291220556745,0.016984917,0.26471
588,-13.342307692307692,0.031746680942184156,0.016918699,0.263168
589,-13.338461538461539,0.031746680942184156,0.016918699,0.26471
590,-13.334615384615386,0.03131349036402569,0.016984917,0.262654
591,-13.330769230769231,0.03149914346895075,0.016918699,0.26471
592,-13.326923076923077,0.0315610278372591,0.016918699,0.262654
593,-13.323076923076924,0.031746680942184156,0.016951808,0.264196
594,-13.319230769230769,0.0315610278372591,0.017018026,0.263168
595,-13.315384615384616,0.03131349036402569,0.016951808,0.263168
596,-13.311538461538461,0.0316847965738758,0.016918699,0.264196
597,-13.307692307692308,0.03199421841541756,0.017018026,0.264196
598,-13.303846153846154,0.03162291220556745,0.017018026,0.264196
599,-13.3,0.031375374732334045,0.016951808,0.262654
600,-13.296153846153846,0.03162291220556745,0.016918699,0.265224
601,-13.292307692307693,0.03187044967880086,0.017018026,0.262654
602,-13.288461538461538,0.03162291220556745,0.017018026,0.265224
603,-13.284615384615385,0.031375374732334045,0.016951808,0.262654
604,-13.28076923076923,0.0316847965738758,0.016984917,0.265224
605,-13.276923076923078,0.031932334047109205,0.016984917,0.263168
606,-13.273076923076923,0.0315610278372591,0.017018026,0.264196
607,-13.26923076923077,0.031375374732334045,0.016918699,0.263168
608,-13.265384615384615,0.031746680942184156,0.016984917,0.264196
609,-13.261538461538462,0.031932334047109205,0.016984917,0.263168
610,-13.257692307692308,0.0315610278372591,0.016951808,0.265224
611,-13.253846153846155,0.0316847965738758,0.016918699,0.264196
612,-13.25,0.031932334047109205,0.017018026,0.263168
613,-13.246153846153847,0.031808565310492504,0.017018026,0.26471
614,-13.242307692307692,0.03149914346895075,0.016951808,0.263168
615,-13.23846153846154,0.0316847965738758,0.016951808,0.265224
616,-13.234615384615385,0.03187044967880086,0.017018026,0.262654
617,-13.230769230769232,0.031375374732334045,0.016951808,0.264196
618,-13.226923076923077,0.031251605995717344,0.016918699,0.26214000000000004
619,-13.223076923076924,0.0314372591006424,0.016984917,0.26471
620,-13.21923076923077,0.031746680942184156,0.017018026,0.262654
621,-13.215384615384616,0.03149914346895075,0.016951808,0.264196
622,-13.211538461538462,0.03149914346895075,0.016951808,0.263168
623,-13.207692307692309,0.031808565310492504,0.017018026,0.26471
624,-13.203846153846154,0.0316847965738758,0.016984917,0.263168
625,-13.2,0.03162291220556745,0.016918699,0.263682
626,-13.196153846153846,0.0315610278372591,0.016951808,0.264196
627,-13.192307692307693,0.03187044967880086,0.017018026,0.263682
628,-13.188461538461539,0.031932334047109205,0.016984917,0.26471
629,-13.184615384615384,0.03149914346895075,0.016951808,0.262654
630,-13.180769230769231,0.031932334047109205,0.017018026,0.263682
631,-13.176923076923078,0.031808565310492504,0.017018026,0.26214000000000004
632,-13.173076923076923,0.031746680942184156,0.016951808,0.265224
633,-13.169230769230769,0.03149914346895075,0.016951808,0.262654
634,-13.165384615384616,0.031746680942184156,0.017018026,0.26471
635,-13.161538461538463,0.031808565310492504,0.017018026,0.263682
636,-13.157692307692308,0.0314372591006424,0.016918699,0.26471
637,-13.153846153846153,0.03131349036402569,0.016984917,0.263682
638,-13.15,0.031808565310492504,0.017018026,0.263682
639,-13.146153846153847,0.03187044967880086,0.016951808,0.26471
640,-13.142307692307693,0.0315610278372591,0.016951808,0.263168
641,-13.138461538461538,0.031375374732334045,0.016984917,0.26471
642,-13.134615384615385,0.031746680942184156,0.017018026,0.262654
643,-13.130769230769232,0.03162291220556745,0.016951808,0.264196
644,-13.126923076923077,0.0315610278372591,0.016984917,0.262654
645,-13.123076923076923,0.0315610278372591,0.017018026,0.26471
646,-13.11923076923077,0.03187044967880086,0.016984917,0.262654
647,-13.115384615384617,0.0316847965738758,0.016918699,0.263682
648,-13.111538461538462,0.03149914346895075,0.016984917,0.263682
649,-13.107692307692307,0.031808565310492504,0.016984917,0.26471
650,-13.103846153846154,0.031746680942184156,0.016918699,0.263168
651,-13.100000000000001,0.0316847965738758,0.016918699,0.263682
652,-13.096153846153847,0.0315610278372591,0.016984917,0.26471
653,-13.092307692307692,0.031808565310492504,0.016984917,0.263168
654,-13.088461538461539,0.03187044967880086,0.016918699,0.26471
655,-13.084615384615386,0.0316847965738758,0.016951808,0.262654
656,-13.080769230769231,0.03187044967880086,0.016984917,0.263168
657,-13.076923076923077,0.031746680942184156,0.016951808,0.26214000000000004
658,-13.073076923076924,0.031808565310492504,0.016918699,0.26471
659,-13.069230769230769,0.031746680942184156,0.016984917,0.262654
660,-13.065384615384616,0.0314372591006424,0.017018026,0.265224
661,-13.061538461538461,0.0316847965738758,0.016951808,0.263168
662,-13.057692307692308,0.03162291220556745,0.017018026,0.265224
663,-13.053846153846154,0.03162291220556745,0.016984917,0.262654
664,-13.05,0.03162291220556745,0.016984917,0.26471
665,-13.046153846153846,0.0315610278372591,0.016918699,0.264196
666,-13.042307692307693,0.03162291220556745,0.016984917,0.264196
667,-13.038461538461538,0.0316847965738758,0.017018026,0.264196
668,-13.034615384615385,0.0315610278372591,0.016984917,0.262654
669,-13.03076923076923,0.031932334047109205,0.016951808,0.263682
670,-13.026923076923078,0.031746680942184156,0.016984917,0.262654
671,-13.023076923076923,0.0315610278372591,0.017018026,0.26471
672,-13.01923076923077,0.0314372591006424,0.016984917,0.262654
673,-13.015384615384615,0.0316847965738758,0.016951808,0.264196
674,-13.011538461538462,0.031932334047109205,0.016984917,0.263168
675,-13.007692307692308,0.03162291220556745,0.017018026,0.265224
676,-13.003846153846155,0.0316847965738758,0.016951808,0.262654
677,-13.0,0.031808565310492504,0.016951808,0.263682
678,-12.996153846153847,0.032056102783725914,0.016984917,0.264196
679,-12.992307692307692,0.031746680942184156,0.016984917,0.263168
680,-12.98846153846154,0.03149914346895075,0.016951808,0.26471
681,-12.984615384615385,0.03149914346895075,0.016951808,0.262654
682,-12.980769230769232,0.031251605995717344,0.016984917,0.262654
683,-12.976923076923077,0.03149914346895075,0.016951808,0.26214000000000004
684,-12.973076923076924,0.031375374732334045,0.016918699,0.26471
685,-12.96923076923077,0.0315610278372591,0.016951808,0.262654
686,-12.965384615384616,0.031746680942184156,0.017018026,0.26471
687,-12.961538461538462,0.0315610278372591,0.016984917,0.262654
688,-12.957692307692309,0.0316847965738758,0.016951808,0.265224
689,-12.953846153846154,0.031808565310492504,0.016984917,0.26214000000000004
690,-12.95,0.031746680942184156,0.016984917,0.265224
691,-12.946153846153846,0.03149914346895075,0.016951808,0.264196
692,-12.942307692307693,0.03149914346895075,0.016984917,0.264196
693,-12.938461538461539,0.031808565310492504,0.016984917,0.264196
694,-12.934615384615384,0.03149914346895075,0.016951808,0.264196
695,-12.930769230769231,0.0315610278372591,0.016951808,0.263168
696,-12.926923076923078,0.0314372591006424,0.016984917,0.263168
697,-12.923076923076923,0.0316847965738758,0.017018026,0.26471
698,-12.919230769230769,0.0314372591006424,0.016951808,0.262654
699,-12.915384615384616,0.031375374732334045,0.016951808,0.26471
700,-12.911538461538463,0.031746680942184156,0.017018026,0.262654
701,-12.907692307692308,0.031746680942184156,0.016951808,0.265224
702,-12.903846153846153,0.03162291220556745,0.016951808,0.262654
703,-12.9,0.03162291220556745,0.016951808,0.264196
704,-12.896153846153847,0.03187044967880086,0.017018026,0.263168
705,-12.892307692307693,0.0316847965738758,0.016951808,0.264196
706,-12.888461538461538,0.0314372591006424,0.016918699,0.263682
707,-12.884615384615385,0.0316847965738758,0.016984917,0.263682
708,-12.880769230769232,0.031808565310492504,0.016951808,0.262654
709,-12.876923076923077,0.0316847965738758,0.016918699,0.263168
710,-12.873076923076923,0.031375374732334045,0.016951808,0.26471
711,-12.86923076923077,0.03162291220556745,0.017018026,0.262654
712,-12.865384615384617,0.03187044967880086,0.016984917,0.265224
713,-12.861538461538462,0.03162291220556745,0.016951808,0.262654
714,-12.857692307692307,0.03149914346895075,0.017018026,0.26471
715,-12.853846153846154,0.031808565310492504,0.016984917,0.26214000000000004
716,-12.850000000000001,0.031808565310492504,0.016918699,0.26471
717,-12.846153846153847,0.03149914346895075,0.016918699,0.263682
718,-12.842307692307692,0.0316847965738758,0.017018026,0.265224
719,-12.838461538461539,0.031932334047109205,0.016984917,0.263682
720,-12.834615384615386,0.031746680942184156,0.016951808,0.263682
721,-12.830769230769231,0.0315610278372591,0.017018026,0.262654
722,-12.826923076923077,0.03162291220556745,0.017018026,0.263168
723,-12.823076923076924,0.03162291220556745,0.016951808,0.265224
724,-12.819230769230769,0.031746680942184156,0.016951808,0.262654
725,-12.815384615384616,0.0315610278372591,0.016984917,0.265224
726,-12.811538461538461,0.03149914346895075,0.016984917,0.262654
727,-12.807692307692308,0.031808565310492504,0.016918699,0.26471
728,-12.803846153846154,0.0314372591006424,0.016951808,0.262654
729,-12.8,0.03131349036402569,0.017018026,0.26471
730,-12.796153846153846,0.03162291220556745,0.016984917,0.263168
731,-12.792307692307693,0.03187044967880086,0.016918699,0.263682
732,-12.788461538461538,0.03187044967880086,0.016951808,0.264196
733,-12.784615384615385,0.0315610278372591,0.017018026,0.263682
734,-12.78076923076923,0.03187044967880086,0.016918699,0.262654
735,-12.776923076923078,0.031808565310492504,0.016918699,0.262654
736,-12.773076923076923,0.03199421841541756,0.016984917,0.26471
737,-12.76923076923077,0.0315610278372591,0.016984917,0.262654
738,-12.765384615384615,0.0315610278372591,0.016918699,0.265224
739,-12.761538461538462,0.031746680942184156,0.016918699,0.262654
740,-12.757692307692308,0.031808565310492504,0.017018026,0.26471
741,-12.753846153846155,0.0314372591006424,0.016984917,0.262654
742,-12.75,0.03149914346895075,0.016951808,0.26471
743,-12.746153846153847,0.031808565310492504,0.016918699,0.263682
744,-12.742307692307692,0.0316847965738758,0.017018026,0.26471
745,-12.73846153846154,0.03149914346895075,0.016984917,0.263682
746,-12.734615384615385,0.03149914346895075,0.016918699,0.263682
747,-12.730769230769232,0.031808565310492504,0.016984917,0.263168
748,-12.726923076923077,0.031932334047109205,0.016984917,0.263168
749,-12.723076923076924,0.03162291220556745,0.016951808,0.265224
750,-12.71923076923077,0.0315610278372591,0.016918699,0.262654
751,-12.715384615384616,0.031746680942184156,0.016951808,0.265224
752,-12.711538461538462,0.0316847965738758,0.016984917,0.262654
753,-12.707692307692309,0.031251605995717344,0.016951808,0.26471
754,-12.703846153846154,0.0316847965738758,0.016918699,0.26214000000000004
755,-12.7,0.0316847965738758,0.016951808,0.264196
756,-12.696153846153846,0.0316847965738758,0.017018026,0.263682
757,-12.692307692307693,0.03162291220556745,0.016951808,0.264196
758,-12.688461538461539,0.03162291220556745,0.016918699,0.264196
759,-12.684615384615384,0.031746680942184156,0.016984917,0.262654
760,-12.680769230769231,0.0315610278372591,0.016984917,0.263682
761,-12.676923076923078,0.03149914346895075,0.016951808,0.26214000000000004
762,-12.673076923076923,0.0314372591006424,0.016951808,0.265224
763,-12.669230769230769,0.031808565310492504,0.016984917,0.262654
764,-12.665384615384616,0.031808565310492504,0.016984917,0.26471
765,-12.661538461538463,0.0315610278372591,0.016951808,0.263168
766,-12.657692307692308,0.03162291220556745,0.016984917,0.265224
767,-12.653846153846153,0.03187044967880086,0.017018026,0.263168
768,-12.65,0.03187044967880086,0.016984917,0.263682
769,-12.646153846153847,0.03162291220556745,0.016918699,0.264196
770,-12.642307692307693,0.0316847965738758,0.016984917,0.264196
771,-12.638461538461538,0.03187044967880086,0.016984917,0.26471
772,-12.634615384615385,0.0316847965738758,0.016984917,0.262654
773,-12.630769230769232,0.031375374732334045,0.016951808,0.264196
774,-12.626923076923077,0.0315610278372591,0.016951808,0.262654
775,-12.623076923076923,0.031808565310492504,0.017018026,0.26471
776,-12.61923076923077,0.0315610278372591,0.016951808,0.262654
777,-12.615384615384617,0.0314372591006424,0.016918699,0.264196
778,-12.611538461538462,0.031746680942184156,0.017018026,0.262654
779,-12.607692307692307,0.03187044967880086,0.016951808,0.26471
780,-12.603846153846154,0.0315610278372591,0.016918699,0.263168
781,-12.600000000000001,0.0315610278372591,0.016984917,0.263682
782,-12.596153846153847,0.03199421841541756,0.017018026,0.264196
783,-12.592307692307692,0.031808565310492504,0.016951808,0.263682
784,-12.588461538461539,0.0315610278372591,0.016951808,0.264196
785,-12.584615384615384,0.031746680942184156,0.017018026,0.263168
786,-12.580769230769231,0.0316847965738758,0.016951808,0.263168
787,-12.576923076923077,0.0315610278372591,0.016918699,0.262654
788,-12.573076923076924,0.0314372591006424,0.016984917,0.26471
789,-12.569230769230769,0.03149914346895075,0.017018026,0.262654
790,-12.565384615384616,0.0316847965738758,0.016951808,0.26471
791,-12.561538461538461,0.0316847965738758,0.016918699,0.263168
792,-12.557692307692308,0.031746680942184156,0.017018026,0.26471
793,-12.553846153846154,0.03199421841541756,0.016984917,0.262654
794,-12.55,0.031808565310492504,0.016918699,0.264196
795,-12.546153846153846,0.0315610278372591,0.016918699,0.26471
796,-12.542307692307693,0.0314372591006424,0.016984917,0.264196
797,-12.538461538461538,0.0316847965738758,0.016951808,0.264196
798,-12.534615384615385,0.031746680942184156,0.016951808,0.263682
799,-12.53076923076923,0.031375374732334045,0.017018026,0.263682
800,-12.526923076923078,0.031375374732334045,0.017018026,0.262654
801,-12.523076923076923,0.03162291220556745,0.016951808,0.26471
802,-12.51923076923077,0.0316847965738758,0.016984917,0.263168
803,-12.515384615384615,0.03149914346895075,0.016984917,0.265224
804,-12.511538461538462,0.03149914346895075,0.016984917,0.262654
805,-12.507692307692308,0.031808565310492504,0.016951808,0.26471
806,-12.503846153846155,0.03162291220556745,0.016984917,0.262654
807,-12.5,0.03149914346895075,0.017018026,0.264196
808,-12.496153846153847,0.03149914346895075,0.016984917,0.263682
809,-12.492307692307692,0.031746680942184156,0.016918699,0.264196
810,-12.48846153846154,0.0316847965738758,0.016984917,0.263682
811,-12.484615384615385,0.031375374732334045,0.017018026,0.263168
812,-12.480769230769232,0.03162291220556745,0.016951808,0.264196
813,-12.476923076923077,0.0316847965738758,0.016951808,0.262654
814,-12.473076923076924,0.032056102783725914,0.017018026,0.26471
815,-12.46923076923077,0.03162291220556745,0.017018026,0.26214000000000004
816,-12.465384615384615,0.0314372591006424,0.016951808,0.265224
817,-12.461538461538462,0.031746680942184156,0.016951808,0.262654
818,-12.457692307692309,0.0316847965738758,0.017018026,0.265224
819,-12.453846153846154,0.0314372591006424,0.016984917,0.262654
820,-12.45,0.031375374732334045,0.016918699,0.264196
821,-12.446153846153846,0.03187044967880086,0.016918699,0.263682
822,-12.442307692307693,0.03187044967880086,0.017018026,0.264196
823,-12.438461538461539,0.031746680942184156,0.016984917,0.264196
824,-12.434615384615384,0.03149914346895075,0.016951808,0.263168
825,-12.430769230769231,0.031808565310492504,0.016984917,0.264196
826,-12.426923076923078,0.031746680942184156,0.016984917,0.262654
827,-12.423076923076923,0.0316847965738758,0.016984917,0.26471
828,-12.419230769230769,0.03149914346895075,0.016951808,0.262654
829,-12.415384615384616,0.031808565310492504,0.016951808,0.264196
830,-12.411538461538463,0.031932334047109205,0.017018026,0.262654
831,-12.407692307692308,0.03149914346895075,0.016951808,0.26471
832,-12.403846153846153,0.03149914346895075,0.016951808,0.263168
833,-12.4,0.03162291220556745,0.016984917,0.263682
834,-12.396153846153847,0.0316847965738758,0.016984917,0.263682
835,-12.392307692307693,0.0314372591006424,0.016951808,0.263682
836,-12.388461538461538,0.0314372591006424,0.016951808,0.26471
837,-12.384615384615385,0.03187044967880086,0.016984917,0.262654
838,-12.380769230769232,0.0315610278372591,0.016918699,0.263682
839,-12.376923076923077,0.0314372591006424,0.016918699,0.26214000000000004
840,-12.373076923076923,0.0315610278372591,0.016984917,0.26471
841,-12.36923076923077,0.03187044967880086,0.016984917,0.262654
842,-12.365384615384617,0.03162291220556745,0.016951808,0.265224
843,-12.361538461538462,0.031375374732334045,0.016918699,0.263168
844,-12.357692307692307,0.031932334047109205,0.017018026,0.265224
845,-12.353846153846154,0.0316847965738758,0.016951808,0.262654
846,-12.350000000000001,0.0314372591006424,0.016951808,0.264196
847,-12.346153846153847,0.0314372591006424,0.016951808,0.263682
848,-12.342307692307692,0.031808565310492504,0.017018026,0.264196
849,-12.338461538461539,0.03187044967880086,0.016984917,0.26471
850,-12.334615384615384,0.031375374732334045,0.016951808,0.263682
851,-12.330769230769231,0.031746680942184156,0.017018026,0.263168
852,-12.326923076923077,0.031932334047109205,0.017018026,0.263168
853,-12.323076923076924,0.03199421841541756,0.016951808,0.26471
854,-12.319230769230769,0.03149914346895075,0.016951808,0.263168
855,-12.315384615384616,0.0315610278372591,0.016984917,0.26471
856,-12.311538461538461,0.031808565310492504,0.016984917,0.263168
857,-12.307692307692308,0.0314372591006424,0.016951808,0.26471
858,-12.303846153846154,0.03162291220556745,0.016984917,0.262654
859,-12.3,0.0315610278372591,0.016984917,0.264196
860,-12.296153846153846,0.031808565310492504,0.016951808,0.264196
861,-12.292307692307693,0.0315610278372591,0.016918699,0.263682
862,-12.288461538461538,0.031375374732334045,0.017018026,0.264196
863,-12.284615384615385,0.03162291220556745,0.016984917,0.263168
864,-12.28076923076923,0.03149914346895075,0.016984917,0.263682
865,-12.276923076923078,0.0314372591006424,0.016984917,0.262654
866,-12.273076923076923,0.03162291220556745,0.017018026,0.26471
867,-12.26923076923077,0.031932334047109205,0.016951808,0.262654
868,-12.265384615384615,0.031746680942184156,0.016951808,0.26471
869,-12.261538461538462,0.0314372591006424,0.016951808,0.263168
870,-12.257692307692308,0.031746680942184156,0.016951808,0.265224
871,-12.253846153846155,0.03187044967880086,0.016918699,0.262654
872,-12.25,0.0316847965738758,0.016951808,0.26471
873,-12.246153846153847,0.03149914346895075,0.016984917,0.263682
874,-12.242307692307692,0.0316847965738758,0.016984917,0.264196
875,-12.23846153846154,0.031808565310492504,0.016918699,0.264196
876,-12.234615384615385,0.031746680942184156,0.016984917,0.263682
877,-12.230769230769232,0.03162291220556745,0.016984917,0.263168
878,-12.226923076923077,0.0316847965738758,0.016918699,0.262654
879,-12.223076923076924,0.0316847965738758,0.016918699,0.26471
880,-12.21923076923077,0.031746680942184156,0.017018026,0.263168
881,-12.215384615384615,0.03149914346895075,0.017018026,0.26471
882,-12.211538461538462,0.03162291220556745,0.016951808,0.262654
883,-12.207692307692309,0.03187044967880086,0.016951808,0.26471
884,-12.203846153846154,0.031808565310492504,0.016984917,0.262654
885,-12.2,0.0316847965738758,0.016984917,0.264196
886,-12.196153846153846,0.0315610278372591,0.016951808,0.263682
887,-12.192307692307693,0.031932334047109205,0.016951808,0.264196
888,-12.188461538461539,0.031808565310492504,0.017018026,0.263682
889,-12.184615384615384,0.03149914346895075,0.016984917,0.263168
890,-12.180769230769231,0.031808565310492504,0.016984917,0.263168
891,-12.176923076923078,0.031746680942184156,0.016951808,0.263168
892,-12.173076923076923,0.0316847965738758,0.017018026,0.26471
893,-12.169230769230769,0.031375374732334045,0.016984917,0.262654
894,-12.165384615384616,0.0314372591006424,0.016918699,0.26471
895,-12.161538461538463,0.03187044967880086,0.016984917,0.262654
896,-12.157692307692308,0.03162291220556745,0.016984917,0.26471
897,-12.153846153846153,0.0314372591006424,0.016918699,0.262654
898,-12.15,0.03162291220556745,0.016951808,0.265224
899,-12.146153846153847,0.031746680942184156,0.016984917,0.262654
900,-12.142307692307693,0.0316847965738758,0.016984917,0.265224
901,-12.138461538461538,0.0315610278372591,0.016951808,0.263168
902,-12.134615384615385,0.031932334047109205,0.016984917,0.26471
903,-12.130769230769232,0.0315610278372591,0.016984917,0.262654
904,-12.126923076923077,0.03149914346895075,0.016951808,0.263168
905,-12.123076923076923,0.0314372591006424,0.016918699,0.26471
906,-12.11923076923077,0.031746680942184156,0.017018026,0.263682
907,-12.115384615384617,0.0316847965738758,0.017018026,0.26471
908,-12.111538461538462,0.031375374732334045,0.016951808,0.262654
909,-12.107692307692307,0.03162291220556745,0.016951808,0.264196
910,-12.103846153846154,0.031808565310492504,0.016984917,0.263168
911,-12.100000000000001,0.03187044967880086,0.016984917,0.26471
912,-12.096153846153847,0.03162291220556745,0.016918699,0.262654
913,-12.092307692307692,0.0315610278372591,0.016951808,0.26471
914,-12.088461538461539,0.03187044967880086,0.017018026,0.263168
915,-12.084615384615384,0.031808565310492504,0.016984917,0.263682
916,-12.080769230769231,0.0316847965738758,0.016984917,0.262654
917,-12.076923076923077,0.031746680942184156,0.016984917,0.263682
918,-12.073076923076924,0.03199421841541756,0.017018026,0.264196
919,-12.069230769230769,0.031746680942184156,0.016984917,0.262654
920,-12.065384615384616,0.031375374732334045,0.016918699,0.26471
921,-12.061538461538461,0.03162291220556745,0.016984917,0.262654
922,-12.057692307692308,0.031746680942184156,0.016951808,0.26471
923,-12.053846153846154,0.0314372591006424,0.016918699,0.262654
924,-12.05,0.03149914346895075,0.016951808,0.26471
925,-12.046153846153846,0.0316847965738758,0.016984917,0.263682
926,-12.042307692307693,0.031746680942184156,0.016951808,0.265224
927,-12.038461538461538,0.0315610278372591,0.016918699,0.263682
928,-12.034615384615385,0.0315610278372591,0.017018026,0.264196
929,-12.03076923076923,0.031808565310492504,0.016984917,0.262654
930,-12.026923076923078,0.0316847965738758,0.016951808,0.263682
931,-12.023076923076923,0.03131349036402569,0.016951808,0.26471
932,-12.01923076923077,0.0315610278372591,0.017018026,0.263168
933,-12.015384615384615,0.0316847965738758,0.016984917,0.26471
934,-12.011538461538462,0.03162291220556745,0.016951808,0.262654
935,-12.007692307692308,0.03149914346895075,0.017018026,0.264196
936,-12.003846153846155,0.0316847965738758,0.016984917,0.262654
937,-12.0,0.031808565310492504,0.016918699,0.26471
938,-11.996153846153847,0.0316847965738758,0.016918699,0.262654
939,-11.992307692307692,0.0314372591006424,0.016984917,0.26471
940,-11.98846153846154,0.0316847965738758,0.017018026,0.263168
941,-11.984615384615385,0.031808565310492504,0.016951808,0.264196
942,-11.980769230769232,0.03131349036402569,0.017018026,0.262654
943,-11.976923076923077,0.03149914346895075,0.016984917,0.263168
944,-11.973076923076924,0.031808565310492504,0.016951808,0.26471
945,-11.96923076923077,0.031932334047109205,0.016951808,0.263168
946,-11.965384615384615,0.03162291220556745,0.017018026,0.264196
947,-11.961538461538462,0.0314372591006424,0.017018026,0.262654
948,-11.957692307692309,0.031746680942184156,0.016918699,0.265224
949,-11.953846153846154,0.031808565310492504,0.016918699,0.262654
950,-11.95,0.0314372591006424,0.017018026,0.265224
951,-11.946153846153846,0.0314372591006424,0.016984917,0.262654
952,-11.942307692307693,0.031808565310492504,0.016951808,0.26471
953,-11.938461538461539,0.0316847965738758,0.016951808,0.262654
954,-11.934615384615384,0.031375374732334045,0.017018026,0.265224
955,-11.930769230769231,0.03149914346895075,0.016918699,0.262654
956,-11.926923076923078,0.0316847965738758,0.016918699,0.263682
957,-11.923076923076923,0.03187044967880086,0.016951808,0.264196
958,-11.919230769230769,0.03162291220556745,0.017018026,0.264196
959,-11.915384615384616,0.03149914346895075,0.016951808,0.26471
960,-11.911538461538463,0.0316847965738758,0.016951808,0.263168
961,-11.907692307692308,0.0316847965738758,0.017018026,0.264196
962,-11.903846153846153,0.031251605995717344,0.016984917,0.263168
963,-11.9,0.03131349036402569,0.016918699,0.26471
964,-11.896153846153847,0.03187044967880086,0.016951808,0.262654
965,-11.892307692307693,0.03199421841541756,0.017018026,0.26471
966,-11.888461538461538,0.0316847965738758,0.017018026,0.262654
967,-11.884615384615385,0.03162291220556745,0.016918699,0.26471
968,-11.880769230769232,0.031808565310492504,0.016984917,0.263168
969,-11.876923076923077,0.0316847965738758,0.017018026,0.263682
970,-11.873076923076923,0.03149914346895075,0.016984917,0.264196
971,-11.86923076923077,0.031375374732334045,0.016918699,0.263168
972,-11.865384615384617,0.031808565310492504,0.016984917,0.264196
973,-11.861538461538462,0.031746680942184156,0.017018026,0.262654
974,-11.857692307692307,0.03131349036402569,0.016918699,0.264196
975,-11.853846153846154,0.031746680942184156,0.016918699,0.262654
976,-11.850000000000001,0.03187044967880086,0.016984917,0.265224
977,-11.846153846153847,0.031808565310492504,0.017018026,0.262654
978,-11.842307692307692,0.03149914346895075,0.016918699,0.265224
979,-11.838461538461539,0.0315610278372591,0.016951808,0.263168
980,-11.834615384615384,0.03187044967880086,0.017018026,0.265224
981,-11.830769230769231,0.0315610278372591,0.016951808,0.262654
982,-11.826923076923077,0.0314372591006424,0.016918699,0.264196
983,-11.823076923076924,0.03149914346895075,0.016951808,0.264196
984,-11.819230769230769,0.031808565310492504,0.017018026,0.264196
985,-11.815384615384616,0.0315610278372591,0.016984917,0.264196
986,-11.811538461538461,0.0314372591006424,0.016951808,0.263682
987,-11.807692307692308,0.031808565310492504,0.017018026,0.264196
988,-11.803846153846154,0.031808565310492504,0.016984917,0.263168
989,-11.8,0.0314372591006424,0.016951808,0.26471
990,-11.796153846153846,0.031375374732334045,0.016918699,0.262654
991,-11.792307692307693,0.031808565310492504,0.017018026,0.26471
992,-11.788461538461538,0.031746680942184156,0.016984917,0.262654
993,-11.784615384615385,0.0314372591006424,0.016918699,0.26471
994,-11.78076923076923,0.03187044967880086,0.017018026,0.263168
995,-11.776923076923078,0.03187044967880086,0.016984917,0.264196
996,-11.773076923076923,0.031746680942184156,0.016951808,0.263168
997,-11.76923076923077,0.0315610278372591,0.016951808,0.264196
998,-11.765384615384615,0.031746680942184156,0.017018026,0.263168
999,-11.761538461538462,0.031746680942184156,0.016984917,0.263682
1000,-11.757692307692308,0.031375374732334045,0.016951808,0.263168
1001,-11.753846153846155,0.03162291220556745,0.016984917,0.263168
1002,-11.75,0.031808565310492504,0.017018026,0.264196
1003,-11.746153846153847,0.0316847965738758,0.016951808,0.262654
1004,-11.742307692307692,0.031375374732334045,0.016951808,0.26471
1005,-11.73846153846154,0.03149914346895075,0.016984917,0.262654
1006,-11.734615384615385,0.0316847965738758,0.016951808,0.265224
1007,-11.730769230769232,0.0314372591006424,0.016951808,0.263168
1008,-11.726923076923077,0.031375374732334045,0.016984917,0.26471
1009,-11.723076923076924,0.0315610278372591,0.016984917,0.263682
1010,-11.71923076923077,0.031808565310492504,0.016951808,0.264196
1011,-11.715384615384615,0.03149914346895075,0.016918699,0.263682
1012,-11.711538461538462,0.031375374732334045,0.016984917,0.264196
1013,-11.707692307692309,0.031746680942184156,0.016951808,0.263682
1014,-11.703846153846154,0.031746680942184156,0.016918699,0.263682
1015,-11.7,0.03149914346895075,0.016951808,0.264196
1016,-11.696153846153846,0.031375374732334045,0.017018026,0.262654
1017,-11.692307692307693,0.031746680942184156,0.016951808,0.26471
1018,-11.688461538461539,0.031808565310492504,0.016951808,0.262654
1019,-11.684615384615384,0.03162291220556745,0.016984917,0.26471
1020,-11.680769230769231,0.03149914346895075,0.016984917,0.262654
1021,-11.676923076923078,0.0315610278372591,0.016951808,0.264196
1022,-11.673076923076923,0.03187044967880086,0.016951808,0.263168
1023,-11.669230769230769,0.031808565310492504,0.016984917,0.264196
1024,-11.665384615384616,0.03149914346895075,0.017018026,0.263168
1025,-11.661538461538463,0.03162291220556745,0.016951808,0.263168
1026,-11.657692307692308,0.03187044967880086,0.016984917,0.263168
1027,-11.653846153846153,0.031808565310492504,0.016984917,0.263168
1028,-11.65,0.0315610278372591,0.016984917,0.26471
1029,-11.646153846153847,0.03162291220556745,0.016951808,0.262654
1030,-11.642307692307693,0.03187044967880086,0.016984917,0.26471
1031,-11.638461538461538,0.0316847965738758,0.016984917,0.262654
1032,-11.634615384615385,0.03149914346895075,0.016951808,0.26573800000000003
1033,-11.630769230769232,0.03187044967880086,0.016951808,0.263168
1034,-11.626923076923077,0.031808565310492504,0.016984917,0.26471
1035,-11.623076923076923,0.0316847965738758,0.017018026,0.263682
1036,-11.61923076923077,0.031375374732334045,0.016951808,0.264196
1037,-11.615384615384617,0.03149914346895075,0.016918699,0.263682
1038,-11.611538461538462,0.03187044967880086,0.017018026,0.264196
1039,-11.607692307692307,0.0316847965738758,0.017018026,0.263682
1040,-11.603846153846154,0.03162291220556745,0.016918699,0.263682
1041,-11.600000000000001,0.0316847965738758,0.016918699,0.26471
1042,-11.596153846153847,0.032056102783725914,0.017018026,0.262654
1043,-11.592307692307692,0.031746680942184156,0.017018026,0.265224
1044,-11.588461538461539,0.0315610278372591,0.016951808,0.262654
1045,-11.584615384615386,0.0316847965738758,0.016951808,0.26471
1046,-11.580769230769231,0.031746680942184156,0.016984917,0.263168
1047,-11.576923076923077,0.03149914346895075,0.016984917,0.264196
1048,-11.573076923076924,0.031375374732334045,0.016951808,0.263682
1049,-11.56923076923077,0.03162291220556745,0.016984917,0.264196
1050,-11.565384615384616,0.031746680942184156,0.017018026,0.263682
1051,-11.561538461538461,0.0315610278372591,0.016984917,0.263168
1052,-11.557692307692308,0.03149914346895075,0.016918699,0.263682
1053,-11.553846153846155,0.03187044967880086,0.016984917,0.264196
1054,-11.55,0.031808565310492504,0.017018026,0.264196
1055,-11.546153846153846,0.0315610278372591,0.016951808,0.26214000000000004
1056,-11.542307692307693,0.0314372591006424,0.016951808,0.26471
1057,-11.538461538461538,0.031746680942184156,0.016984917,0.26214000000000004
1058,-11.534615384615385,0.0316847965738758,0.016984917,0.265224
1059,-11.53076923076923,0.0316847965738758,0.016951808,0.263682
1060,-11.526923076923076,0.03162291220556745,0.016984917,0.265224
1061,-11.523076923076923,0.03162291220556745,0.017018026,0.263168
1062,-11.51923076923077,0.0316847965738758,0.016951808,0.264196
1063,-11.515384615384615,0.0314372591006424,0.016918699,0.263682
1064,-11.51153846153846,0.031375374732334045,0.016984917,0.264196
1065,-11.507692307692308,0.03162291220556745,0.016984917,0.262654
1066,-11.503846153846155,0.03149914346895075,0.016951808,0.26471
1067,-11.5,0.0316847965738758,0.016951808,0.264196
1068,-11.496153846153845,0.03187044967880086,0.017018026,0.262654
1069,-11.492307692307692,0.03199421841541756,0.016951808,0.26471
1070,-11.48846153846154,0.03149914346895075,0.016951808,0.262654
1071,-11.484615384615385,0.03149914346895075,0.016984917,0.26471
1072,-11.48076923076923,0.0315610278372591,0.016918699,0.264196
1073,-11.476923076923077,0.03149914346895075,0.016918699,0.26471
1074,-11.473076923076924,0.03149914346895075,0.016951808,0.262654
1075,-11.46923076923077,0.0315610278372591,0.017018026,0.26471
1076,-11.465384615384615,0.03187044967880086,0.016984917,0.263168
1077,-11.461538461538462,0.031746680942184156,0.016951808,0.263682
1078,-11.457692307692309,0.03162291220556745,0.017018026,0.262654
1079,-11.453846153846154,0.03187044967880086,0.016984917,0.26471
1080,-11.45,0.03199421841541756,0.016918699,0.264196
1081,-11.446153846153846,0.031808565310492504,0.016918699,0.262654
1082,-11.442307692307693,0.0316847965738758,0.017018026,0.264196
1083,-11.438461538461539,0.031808565310492504,0.016984917,0.26214000000000004
1084,-11.434615384615384,0.03187044967880086,0.016918699,0.265224
1085,-11.430769230769231,0.031375374732334045,0.017018026,0.263682
1086,-11.426923076923078,0.0314372591006424,0.017018026,0.265224
1087,-11.423076923076923,0.0316847965738758,0.016984917,0.263168
1088,-11.419230769230769,0.031746680942184156,0.016918699,0.26471
1089,-11.415384615384616,0.0315610278372591,0.016951808,0.263168
1090,-11.411538461538463,0.03149914346895075,0.017018026,0.264196
1091,-11.407692307692308,0.03187044967880086,0.016918699,0.262654
1092,-11.403846153846153,0.0315610278372591,0.016984917,0.26471
1093,-11.4,0.03162291220556745,0.017018026,0.264196
1094,-11.396153846153847,0.0316847965738758,0.016984917,0.263168
1095,-11.392307692307693,0.031808565310492504,0.016918699,0.26471
1096,-11.388461538461538,0.031808565310492504,0.016951808,0.263168
1097,-11.384615384615385,0.03149914346895075,0.017018026,0.26471
1098,-11.380769230769232,0.031808565310492504,0.016951808,0.264196
1099,-11.376923076923077,0.031746680942184156,0.016918699,0.26471
1100,-11.373076923076923,0.03187044967880086,0.016951808,0.262654
1101,-11.36923076923077,0.03149914346895075,0.017018026,0.26471
1102,-11.365384615384617,0.0314372591006424,0.016984917,0.263168
1103,-11.361538461538462,0.03162291220556745,0.016951808,0.263682
1104,-11.357692307692307,0.0315610278372591,0.017018026,0.262654
1105,-11.353846153846154,0.03149914346895075,0.016951808,0.264196
1106,-11.350000000000001,0.03149914346895075,0.016918699,0.263682
1107,-11.346153846153847,0.031808565310492504,0.016918699,0.263168
1108,-11.342307692307692,0.031808565310492504,0.017018026,0.264196
1109,-11.338461538461539,0.03149914346895075,0.016984917,0.262654
1110,-11.334615384615386,0.03149914346895075,0.016918699,0.26471
1111,-11.330769230769231,0.031746680942184156,0.017018026,0.264196
1112,-11.326923076923077,0.03199421841541756,0.017018026,0.26471
1113,-11.323076923076924,0.03162291220556745,0.016984917,0.262654
1114,-11.31923076923077,0.03162291220556745,0.016951808,0.265224
1115,-11.315384615384616,0.0316847965738758,0.016951808,0.262654
1116,-11.311538461538461,0.031808565310492504,0.017018026,0.264196
1117,-11.307692307692308,0.03149914346895075,0.016918699,0.262654
1118,-11.303846153846155,0.0315610278372591,0.016984917,0.26471
1119,-11.3,0.03162291220556745,0.016984917,0.263682
1120,-11.296153846153846,0.031808565310492504,0.016984917,0.263682
1121,-11.292307692307691,0.031375374732334045,0.016951808,0.264196
1122,-11.288461538461538,0.031375374732334045,0.016951808,0.262654
1123,-11.284615384615385,0.0316847965738758,0.016984917,0.265224
1124,-11.28076923076923,0.0315610278372591,0.016984917,0.263682
1125,-11.276923076923076,0.03149914346895075,0.016918699,0.26471
1126,-11.273076923076923,0.0315610278372591,0.016951808,0.262654
1127,-11.26923076923077,0.031808565310492504,0.017018026,0.26471
1128,-11.265384615384615,0.03162291220556745,0.016984917,0.263168
1129,-11.26153846153846,0.03131349036402569,0.016918699,0.264196
1130,-11.257692307692308,0.031746680942184156,0.017018026,0.262654
1131,-11.253846153846155,0.0316847965738758,0.016984917,0.264196
1132,-11.25,0.031746680942184156,0.016951808,0.26471
1133,-11.246153846153845,0.03149914346895075,0.016951808,0.262654
1134,-11.242307692307692,0.0316847965738758,0.017018026,0.264196
1135,-11.23846153846154,0.031808565310492504,0.017018026,0.262654
1136,-11.234615384615385,0.0315610278372591,0.016918699,0.265224
1137,-11.23076923076923,0.031808565310492504,0.016984917,0.263168
1138,-11.226923076923077,0.031808565310492504,0.017018026,0.26471
1139,-11.223076923076924,0.03187044967880086,0.016984917,0.262654
1140,-11.21923076923077,0.03149914346895075,0.016951808,0.265224
1141,-11.215384615384615,0.0315610278372591,0.016951808,0.263168
1142,-11.211538461538462,0.03199421841541756,0.017018026,0.264196
1143,-11.207692307692309,0.03162291220556745,0.016918699,0.263168
1144,-11.203846153846154,0.03131349036402569,0.016984917,0.264196
1145,-11.2,0.03149914346895075,0.017018026,0.263682
1146,-11.196153846153846,0.0316847965738758,0.016984917,0.263682
1147,-11.192307692307693,0.0314372591006424,0.016918699,0.264196
1148,-11.188461538461539,0.0314372591006424,0.016984917,0.263168
1149,-11.184615384615384,0.031808565310492504,0.017018026,0.26471
1150,-11.180769230769231,0.0315610278372591,0.016951808,0.263682
1151,-11.176923076923078,0.0314372591006424,0.016951808,0.26471
1152,-11.173076923076923,0.03149914346895075,0.016984917,0.262654
1153,-11.169230769230769,0.03187044967880086,0.016951808,0.265224
1154,-11.165384615384616,0.031808565310492504,0.016951808,0.262654
1155,-11.161538461538463,0.03149914346895075,0.016951808,0.264196
1156,-11.157692307692308,0.0316847965738758,0.017018026,0.262654
1157,-11.153846153846153,0.03187044967880086,0.016951808,0.263682
1158,-11.15,0.0316847965738758,0.016918699,0.264196
1159,-11.146153846153847,0.03149914346895075,0.017018026,0.263168
1160,-11.142307692307693,0.0315610278372591,0.016984917,0.264196
1161,-11.138461538461538,0.0316847965738758,0.016951808,0.262654
1162,-11.134615384615385,0.031746680942184156,0.016984917,0.26471
1163,-11.130769230769232,0.0315610278372591,0.017018026,0.263168
1164,-11.126923076923077,0.0316847965738758,0.016984917,0.265224
1165,-11.123076923076923,0.031808565310492504,0.016918699,0.262654
1166,-11.11923076923077,0.031746680942184156,0.016984917,0.265224
1167,-11.115384615384617,0.03149914346895075,0.017018026,0.262654
1168,-11.111538461538462,0.03149914346895075,0.016951808,0.264196
1169,-11.107692307692307,0.0316847965738758,0.016951808,0.263168
1170,-11.103846153846154,0.0314372591006424,0.017018026,0.26471
1171,-11.100000000000001,0.03131349036402569,0.017018026,0.263682
1172,-11.096153846153847,0.03149914346895075,0.016951808,0.263168
1173,-11.092307692307692,0.031808565310492504,0.016918699,0.264196
1174,-11.088461538461539,0.031746680942184156,0.017018026,0.263168
1175,-11.084615384615386,0.03149914346895075,0.017018026,0.26471
1176,-11.080769230769231,0.03162291220556745,0.016951808,0.263682
1177,-11.076923076923077,0.0316847965738758,0.016918699,0.26471
1178,-11.073076923076924,0.031746680942184156,0.016984917,0.262654
1179,-11.06923076923077,0.031375374732334045,0.016984917,0.26471
1180,-11.065384615384616,0.03149914346895075,0.016918699,0.263168
1181,-11.061538461538461,0.03187044967880086,0.016951808,0.264196
1182,-11.057692307692308,0.031746680942184156,0.017018026,0.262654
1183,-11.053846153846155,0.0315610278372591,0.016951808,0.264196
1184,-11.05,0.0314372591006424,0.016918699,0.264196
1185,-11.046153846153846,0.031808565310492504,0.016951808,0.263168
1186,-11.042307692307691,0.03162291220556745,0.017018026,0.263682
1187,-11.038461538461538,0.03149914346895075,0.016951808,0.262654
1188,-11.034615384615385,0.0315610278372591,0.016951808,0.26471
1189,-11.03076923076923,0.031808565310492504,0.017018026,0.264196
1190,-11.026923076923076,0.031808565310492504,0.017018026,0.26471
1191,-11.023076923076923,0.0315610278372591,0.016951808,0.262654
1192,-11.01923076923077,0.031808565310492504,0.016951808,0.26471
1193,-11.015384615384615,0.03187044967880086,0.016984917,0.262654
1194,-11.01153846153846,0.03162291220556745,0.016951808,0.265224
1195,-11.007692307692308,0.031375374732334045,0.016951808,0.262654
1196,-11.003846153846155,0.03162291220556745,0.016984917,0.26471
1197,-11.0,0.03187044967880086,0.017018026,0.263682
1198,-10.996153846153845,0.03149914346895075,0.016951808,0.263682
1199,-10.992307692307692,0.0315610278372591,0.016918699,0.263682
1200,-10.98846153846154,0.0316847965738758,0.016984917,0.263168
1201,-10.984615384615385,0.031808565310492504,0.017018026,0.264196
1202,-10.98076923076923,0.0316847965738758,0.016951808,0.26471
1203,-10.976923076923077,0.0315610278372591,0.016918699,0.26471
1204,-10.973076923076924,0.031808565310492504,0.016984917,0.262654
1205,-10.96923076923077,0.031808565310492504,0.016951808,0.265224
1206,-10.965384615384615,0.03149914346895075,0.016918699,0.262654
1207,-10.961538461538462,0.0315610278372591,0.016984917,0.26471
1208,-10.957692307692309,0.031808565310492504,0.016984917,0.262654
1209,-10.953846153846154,0.03162291220556745,0.016918699,0.26471
1210,-10.95,0.0315610278372591,0.016951808,0.263168
1211,-10.946153846153846,0.03162291220556745,0.016984917,0.264196
1212,-10.942307692307693,0.03162291220556745,0.016984917,0.263168
1213,-10.938461538461539,0.03149914346895075,0.016918699,0.263168
1214,-10.934615384615384,0.0315610278372591,0.016984917,0.264196
1215,-10.930769230769231,0.031808565310492504,0.016984917,0.264196
1216,-10.926923076923078,0.031746680942184156,0.016951808,0.26471
1217,-10.923076923076923,0.0314372591006424,0.016918699,0.262654
1218,-10.919230769230769,0.03162291220556745,0.016984917,0.26471
1219,-10.915384615384616,0.031746680942184156,0.016984917,0.26214000000000004
1220,-10.911538461538463,0.03162291220556745,0.016918699,0.265224
1221,-10.907692307692308,0.0314372591006424,0.016984917,0.262654
1222,-10.903846153846153,0.0316847965738758,0.017018026,0.26471
1223,-10.9,0.031808565310492504,0.016951808,0.262654
1224,-10.896153846153847,0.0315610278372591,0.016918699,0.264196
1225,-10.892307692307693,0.0314372591006424,0.016984917,0.263168
1226,-10.888461538461538,0.031746680942184156,0.016984917,0.264196
1227,-10.884615384615385,0.031746680942184156,0.016918699,0.264196
1228,-10.880769230769232,0.0314372591006424,0.017018026,0.26471
1229,-10.876923076923077,0.0314372591006424,0.017018026,0.264196
1230,-10.873076923076923,0.031808565310492504,0.016984917,0.262654
1231,-10.86923076923077,0.031746680942184156,0.016918699,0.26471
1232,-10.865384615384617,0.03149914346895075,0.016951808,0.262654
1233,-10.861538461538462,0.03149914346895075,0.017018026,0.265224
1234,-10.857692307692307,0.03199421841541756,0.016951808,0.263168
1235,-10.853846153846154,0.031932334047109205,0.016918699,0.265224
1236,-10.850000000000001,0.0316847965738758,0.017018026,0.262654
1237,-10.846153846153847,0.03149914346895075,0.017018026,0.264196
1238,-10.842307692307692,0.0316847965738758,0.016951808,0.263168
1239,-10.838461538461539,0.03162291220556745,0.016951808,0.263682
1240,-10.834615384615386,0.031375374732334045,0.017018026,0.263682
1241,-10.830769230769231,0.0316847965738758,0.016918699,0.26471
1242,-10.826923076923077,0.031808565310492504,0.016918699,0.263682
1243,-10.823076923076924,0.031808565310492504,0.016951808,0.262654
1244,-10.81923076923077,0.031375374732334045,0.017018026,0.26471
1245,-10.815384615384616,0.0314372591006424,0.016951808,0.26214000000000004
1246,-10.811538461538461,0.031746680942184156,0.016918699,0.26471
1247,-10.807692307692308,0.0316847965738758,0.016984917,0.262654
1248,-10.803846153846154,0.031375374732334045,0.016984917,0.26471
1249,-10.8,0.03149914346895075,0.016951808,0.262654
1250,-10.796153846153846,0.031808565310492504,0.016951808,0.264196
1251,-10.792307692307691,0.031808565310492504,0.017018026,0.263168
1252,-10.788461538461538,0.03162291220556745,0.016984917,0.264196
1253,-10.784615384615385,0.03149914346895075,0.016918699,0.263168
1254,-10.78076923076923,0.031932334047109205,0.017051135,0.265224
1255,-10.776923076923076,0.0316847965738758,0.017018026,0.263168
1256,-10.773076923076923,0.0314372591006424,0.016951808,0.263682
1257,-10.76923076923077,0.03149914346895075,0.016918699,0.264196
1258,-10.765384615384615,0.031808565310492504,0.016984917,0.263168
1259,-10.76153846153846,0.031746680942184156,0.017018026,0.265224
1260,-10.757692307692308,0.0315610278372591,0.016951808,0.263682
1261,-10.753846153846155,0.031808565310492504,0.016951808,0.264196
1262,-10.75,0.031746680942184156,0.016984917,0.262654
1263,-10.746153846153845,0.031746680942184156,0.017018026,0.26471
1264,-10.742307692307692,0.03149914346895075,0.016951808,0.263168
1265,-10.73846153846154,0.0315610278372591,0.016918699,0.264196
1266,-10.734615384615385,0.031808565310492504,0.017018026,0.263168
1267,-10.73076923076923,0.0315610278372591,0.016951808,0.26471
1268,-10.726923076923077,0.031375374732334045,0.016951808,0.263168
1269,-10.723076923076924,0.0315610278372591,0.016984917,0.263168
1270,-10.71923076923077,0.031808565310492504,0.017018026,0.264196
1271,-10.715384615384615,0.0315610278372591,0.016984917,0.262654
1272,-10.711538461538462,0.03131349036402569,0.016918699,0.26471
1273,-10.707692307692309,0.031808565310492504,0.016984917,0.263682
1274,-10.703846153846154,0.03149914346895075,0.016951808,0.264196
1275,-10.7,0.03149914346895075,0.016918699,0.262654
1276,-10.696153846153846,0.0316847965738758,0.016918699,0.26471
1277,-10.692307692307693,0.031932334047109205,0.016984917,0.262654
1278,-10.688461538461539,0.031808565310492504,0.016984917,0.26471
1279,-10.684615384615384,0.03149914346895075,0.016918699,0.263168
1280,-10.680769230769231,0.0316847965738758,0.017018026,0.265224
1281,-10.676923076923078,0.031746680942184156,0.017018026,0.263168
1282,-10.673076923076923,0.03162291220556745,0.016984917,0.263682
1283,-10.669230769230769,0.03149914346895075,0.016918699,0.264196
1284,-10.665384615384616,0.0315610278372591,0.016984917,0.262654
1285,-10.661538461538463,0.031808565310492504,0.017018026,0.26471
1286,-10.657692307692308,0.0314372591006424,0.016951808,0.263682
1287,-10.653846153846153,0.0315610278372591,0.016984917,0.264196
1288,-10.65,0.03162291220556745,0.017018026,0.262654
1289,-10.646153846153847,0.031808565310492504,0.016984917,0.26471
1290,-10.642307692307693,0.0315610278372591,0.016984917,0.262654
1291,-10.638461538461538,0.03149914346895075,0.016984917,0.264196
1292,-10.634615384615385,0.0316847965738758,0.017018026,0.263168
1293,-10.630769230769232,0.0314372591006424,0.016918699,0.26471
1294,-10.626923076923077,0.03149914346895075,0.016984917,0.262654
1295,-10.623076923076923,0.0315610278372591,0.016984917,0.263682
1296,-10.61923076923077,0.03187044967880086,0.016951808,0.263682
1297,-10.615384615384617,0.0315610278372591,0.016918699,0.263168
1298,-10.611538461538462,0.03149914346895075,0.017018026,0.264196
1299,-10.607692307692307,0.031746680942184156,0.016984917,0.264196
1300,-10.603846153846154,0.03162291220556745,0.016918699,0.263682
1301,-10.600000000000001,0.031375374732334045,0.016951808,0.263168
1302,-10.596153846153847,0.031375374732334045,0.017018026,0.265224
1303,-10.592307692307692,0.031746680942184156,0.016951808,0.262654
1304,-10.588461538461539,0.031808565310492504,0.016918699,0.265224
1305,-10.584615384615386,0.0314372591006424,0.016984917,0.262654
1306,-10.580769230769231,0.031808565310492504,0.016951808,0.26471
1307,-10.576923076923077,0.031808565310492504,0.016951808,0.262654
1308,-10.573076923076924,0.031808565310492504,0.016951808,0.264196
1309,-10.56923076923077,0.03149914346895075,0.016984917,0.263168
1310,-10.565384615384616,0.03131349036402569,0.016984917,0.263682
1311,-10.561538461538461,0.031746680942184156,0.016918699,0.264196
1312,-10.557692307692308,0.03187044967880086,0.017018026,0.264196
1313,-10.553846153846154,0.03149914346895075,0.017018026,0.263168
1314,-10.55,0.0315610278372591,0.016984917,0.263168
1315,-10.546153846153846,0.0315610278372591,0.016918699,0.26471
1316,-10.542307692307691,0.031808565310492504,0.016951808,0.263168
1317,-10.538461538461538,0.0315610278372591,0.017018026,0.26471
1318,-10.534615384615385,0.0314372591006424,0.016984917,0.262654
1319,-10.53076923076923,0.03187044967880086,0.016984917,0.264196
1320,-10.526923076923076,0.031808565310492504,0.016984917,0.262654
1321,-10.523076923076923,0.0315610278372591,0.017018026,0.264196
1322,-10.51923076923077,0.03131349036402569,0.016951808,0.263168
1323,-10.515384615384615,0.0314372591006424,0.016918699,0.263168
1324,-10.51153846153846,0.031808565310492504,0.016984917,0.264196
1325,-10.507692307692308,0.03131349036402569,0.016984917,0.264196
1326,-10.503846153846155,0.03162291220556745,0.016918699,0.264196
1327,-10.5,0.031746680942184156,0.016918699,0.26214000000000004
1328,-10.496153846153845,0.03187044967880086,0.017018026,0.26471
1329,-10.492307692307692,0.0315610278372591,0.017018026,0.26214000000000004
1330,-10.48846153846154,0.0314372591006424,0.016918699,0.265224
1331,-10.484615384615385,0.0316847965738758,0.016951808,0.262654
1332,-10.48076923076923,0.0315610278372591,0.017018026,0.26471
1333,-10.476923076923077,0.03149914346895075,0.016984917,0.263168
1334,-10.473076923076924,0.03131349036402569,0.016951808,0.264196
1335,-10.46923076923077,0.03162291220556745,0.016951808,0.263682
1336,-10.465384615384615,0.031746680942184156,0.017018026,0.263682
1337,-10.461538461538462,0.03162291220556745,0.016984917,0.264196
1338,-10.457692307692309,0.031746680942184156,0.016951808,0.264196
1339,-10.453846153846154,0.031808565310492504,0.016951808,0.264196
1340,-10.45,0.031932334047109205,0.017018026,0.263168
1341,-10.446153846153846,0.03162291220556745,0.016951808,0.265224
1342,-10.442307692307693,0.0315610278372591,0.016951808,0.263168
1343,-10.438461538461539,0.031808565310492504,0.017018026,0.26471
1344,-10.434615384615384,0.03187044967880086,0.016984917,0.262654
1345,-10.430769230769231,0.0315610278372591,0.016951808,0.26471
1346,-10.426923076923078,0.031808565310492504,0.016984917,0.26214000000000004
1347,-10.423076923076923,0.03187044967880086,0.017018026,0.263682
1348,-10.419230769230769,0.031746680942184156,0.016951808,0.263168
1349,-10.415384615384616,0.0314372591006424,0.016918699,0.263682
1350,-10.411538461538463,0.0316847965738758,0.016984917,0.263682
1351,-10.407692307692308,0.0316847965738758,0.016984917,0.264196
1352,-10.403846153846153,0.03149914346895075,0.016918699,0.264196
1353,-10.4,0.0314372591006424,0.016951808,0.262654
1354,-10.396153846153847,0.031808565310492504,0.017018026,0.264196
1355,-10.392307692307693,0.031746680942184156,0.016951808,0.262654
1356,-10.388461538461538,0.03149914346895075,0.016918699,0.265224
1357,-10.384615384615385,0.0315610278372591,0.016984917,0.262654
1358,-10.380769230769232,0.0316847965738758,0.016984917,0.26471
1359,-10.376923076923077,0.03162291220556745,0.016984917,0.262654
1360,-10.373076923076923,0.031375374732334045,0.016918699,0.264196
1361,-10.36923076923077,0.0316847965738758,0.016984917,0.263168
1362,-10.365384615384617,0.03187044967880086,0.016984917,0.264196
1363,-10.361538461538462,0.0316847965738758,0.016918699,0.264196
1364,-10.357692307692307,0.03131349036402569,0.017018026,0.26471
1365,-10.353846153846154,0.0316847965738758,0.016984917,0.264196
1366,-10.350000000000001,0.03187044967880086,0.016951808,0.263168
1367,-10.346153846153847,0.0316847965738758,0.016918699,0.26471
1368,-10.342307692307692,0.03162291220556745,0.017018026,0.263168
1369,-10.338461538461539,0.031808565310492504,0.017018026,0.26471
1370,-10.334615384615386,0.03187044967880086,0.016951808,0.262654
1371,-10.330769230769231,0.03162291220556745,0.016984917,0.26471
1372,-10.326923076923077,0.0314372591006424,0.017018026,0.262654
1373,-10.323076923076924,0.0316847965738758,0.016984917,0.263682
1374,-10.31923076923077,0.0315610278372591,0.016918699,0.263168
1375,-10.315384615384616,0.03149914346895075,0.016951808,0.263682
1376,-10.311538461538461,0.03162291220556745,0.017018026,0.264196
1377,-10.307692307692307,0.03187044967880086,0.016918699,0.264196
1378,-10.303846153846154,0.03162291220556745,0.016951808,0.263682
1379,-10.3,0.03149914346895075,0.016984917,0.262654
1380,-10.296153846153846,0.03149914346895075,0.017018026,0.265224
1381,-10.292307692307691,0.031746680942184156,0.016951808,0.262654
1382,-10.288461538461538,0.0316847965738758,0.016951808,0.265224
1383,-10.284615384615385,0.0315610278372591,0.017018026,0.262654
1384,-10.28076923076923,0.031808565310492504,0.016951808,0.26471
1385,-10.276923076923076,0.031808565310492504,0.016918699,0.262654
1386,-10.273076923076923,0.031746680942184156,0.016984917,0.26471
1387,-10.26923076923077,0.031375374732334045,0.016984917,0.263168
1388,-10.265384615384615,0.03149914346895075,0.016951808,0.264196
1389,-10.26153846153846,0.0316847965738758,0.016918699,0.264196
1390,-10.257692307692308,0.03162291220556745,0.017018026,0.26471
1391,-10.253846153846155,0.0314372591006424,0.016984917,0.263682
1392,-10.25,0.0316847965738758,0.016951808,0.263168
1393,-10.246153846153845,0.031808565310492504,0.016918699,0.26471
1394,-10.242307692307692,0.03162291220556745,0.017018026,0.264196
1395,-10.23846153846154,0.0315610278372591,0.017018026,0.26471
1396,-10.234615384615385,0.03149914346895075,0.016951808,0.262654
1397,-10.23076923076923,0.031808565310492504,0.016984917,0.26471
1398,-10.226923076923077,0.031808565310492504,0.016984917,0.262654
1399,-10.223076923076924,0.0315610278372591,0.016984917,0.264196
1400,-10.21923076923077,0.031375374732334045,0.016951808,0.263168
1401,-10.215384615384615,0.0316847965738758,0.016984917,0.263682
1402,-10.211538461538462,0.031746680942184156,0.017018026,0.263682
1403,-10.207692307692309,0.03131349036402569,0.016984917,0.264196
1404,-10.203846153846154,0.0314372591006424,0.016918699,0.264196
1405,-10.2,0.0316847965738758,0.016951808,0.263168
1406,-10.196153846153846,0.031746680942184156,0.017018026,0.26471
1407,-10.192307692307693,0.03162291220556745,0.016918699,0.263168
1408,-10.188461538461539,0.03149914346895075,0.016951808,0.265224
1409,-10.184615384615384,0.031746680942184156,0.016984917,0.262654
1410,-10.180769230769231,0.031251605995717344,0.016951808,0.26471
1411,-10.176923076923078,0.031251605995717344,0.016918699,0.262654
1412,-10.173076923076923,0.031375374732334045,0.016951808,0.26471
1413,-10.169230769230769,0.0316847965738758,0.017018026,0.263168
1414,-10.165384615384616,0.03162291220556745,0.016984917,0.264196
1415,-10.161538461538463,0.0315610278372591,0.016918699,0.263682
1416,-10.157692307692308,0.03199421841541756,0.017018026,0.26471
1417,-10.153846153846153,0.03199421841541756,0.016984917,0.263682
1418,-10.15,0.0316847965738758,0.016951808,0.263682
1419,-10.146153846153847,0.0314372591006424,0.016918699,0.264196
1420,-10.142307692307693,0.031746680942184156,0.017018026,0.263168
1421,-10.138461538461538,0.03187044967880086,0.017018026,0.265224
1422,-10.134615384615385,0.0314372591006424,0.016951808,0.262654
1423,-10.130769230769232,0.03162291220556745,0.016984917,0.264196
1424,-10.126923076923077,0.031808565310492504,0.016984917,0.262654
1425,-10.123076923076923,0.03187044967880086,0.016984917,0.264196
1426,-10.11923076923077,0.0314372591006424,0.016918699,0.262654
1427,-10.115384615384617,0.03149914346895075,0.016951808,0.264196
1428,-10.111538461538462,0.031746680942184156,0.017018026,0.263168
1429,-10.107692307692307,0.03149914346895075,0.016951808,0.264196
1430,-10.103846153846154,0.031375374732334045,0.016918699,0.263682
1431,-10.100000000000001,0.03162291220556745,0.016984917,0.262654
1432,-10.096153846153847,0.031808565310492504,0.016984917,0.265224
1433,-10.092307692307692,0.0315610278372591,0.016918699,0.262654
1434,-10.088461538461539,0.0315610278372591,0.016951808,0.26471
1435,-10.084615384615386,0.031746680942184156,0.016984917,0.262654
1436,-10.080769230769231,0.031746680942184156,0.016951808,0.26471
1437,-10.076923076923077,0.0315610278372591,0.016918699,0.262654
1438,-10.073076923076924,0.0315610278372591,0.016984917,0.26471
1439,-10.06923076923077,0.031746680942184156,0.017018026,0.262654
1440,-10.065384615384616,0.0316847965738758,0.016951808,0.264196
1441,-10.061538461538461,0.03131349036402569,0.016918699,0.264196
1442,-10.057692307692307,0.03162291220556745,0.016984917,0.265224
1443,-10.053846153846154,0.03187044967880086,0.016951808,0.263682
1444,-10.05,0.031746680942184156,0.016918699,0.263168
1445,-10.046153846153846,0.03149914346895075,0.016951808,0.264196
1446,-10.042307692307691,0.03149914346895075,0.016984917,0.263168
1447,-10.038461538461538,0.031746680942184156,0.016951808,0.265224
1448,-10.034615384615385,0.031746680942184156,0.016951808,0.262654
1449,-10.03076923076923,0.0315610278372591,0.017018026,0.264196
1450,-10.026923076923076,0.031746680942184156,0.016984917,0.262654
1451,-10.023076923076923,0.03187044967880086,0.016918699,0.264196
1452,-10.01923076923077,0.0316847965738758,0.016951808,0.263168
1453,-10.015384615384615,0.03131349036402569,0.016984917,0.264196
1454,-10.01153846153846,0.031375374732334045,0.016984917,0.263682
1455,-10.007692307692308,0.031808565310492504,0.016951808,0.26471
1456,-10.003846153846155,0.03149914346895075,0.016984917,0.263168
1457,-10.0,0.031375374732334045,0.016984917,0.263168
1458,-9.996153846153845,0.0314372591006424,0.016951808,0.26471
1459,-9.992307692307692,0.03187044967880086,0.016951808,0.262654
1460,-9.98846153846154,0.031808565310492504,0.016984917,0.265224
1461,-9.984615384615385,0.0314372591006424,0.016984917,0.26214000000000004
1462,-9.98076923076923,0.031808565310492504,0.016951808,0.264196
1463,-9.976923076923077,0.031808565310492504,0.016951808,0.262654
1464,-9.973076923076924,0.0316847965738758,0.017018026,0.26471
1465,-9.96923076923077,0.0316847965738758,0.017018026,0.263168
1466,-9.965384615384615,0.0315610278372591,0.016951808,0.264196
1467,-9.961538461538462,0.031746680942184156,0.016918699,0.264196
1468,-9.957692307692309,0.0315610278372591,0.017018026,0.26471
1469,-9.953846153846154,0.03149914346895075,0.016984917,0.263682
1470,-9.95,0.0316847965738758,0.016918699,0.263168
1471,-9.946153846153846,0.03187044967880086,0.016918699,0.26471
1472,-9.942307692307693,0.0316847965738758,0.017018026,0.263168
1473,-9.938461538461539,0.0315610278372591,0.016984917,0.26471
1474,-9.934615384615384,0.03149914346895075,0.016918699,0.262654
1475,-9.930769230769231,0.0316847965738758,0.017018026,0.264196
1476,-9.926923076923078,0.0315610278372591,0.017018026,0.262654
1477,-9.923076923076923,0.0314372591006424,0.016951808,0.264196
1478,-9.919230769230769,0.0316847965738758,0.016951808,0.263168
1479,-9.915384615384616,0.0316847965738758,0.016984917,0.264196
1480,-9.911538461538463,0.0315610278372591,0.017018026,0.262654
1481,-9.907692307692308,0.03149914346895075,0.016918699,0.26471
1482,-9.903846153846153,0.03187044967880086,0.016984917,0.262654
1483,-9.9,0.031932334047109205,0.016984917,0.263168
1484,-9.896153846153847,0.0316847965738758,0.016984917,0.26471
1485,-9.892307692307693,0.03149914346895075,0.016918699,0.263168
1486,-9.888461538461538,0.031746680942184156,0.016951808,0.26471
1487,-9.884615384615385,0.031746680942184156,0.017018026,0.262654
1488,-9.880769230769232,0.031375374732334045,0.016918699,0.264196
1489,-9.876923076923077,0.0314372591006424,0.016918699,0.262654
1490,-9.873076923076923,0.031808565310492504,0.017018026,0.26471
1491,-9.86923076923077,0.031808565310492504,0.016984917,0.262654
1492,-9.865384615384617,0.0314372591006424,0.016951808,0.26471
1493,-9.861538461538462,0.0315610278372591,0.016951808,0.263682
1494,-9.857692307692307,0.0316847965738758,0.017018026,0.265224
1495,-9.853846153846154,0.03149914346895075,0.016951808,0.262654
1496,-9.850000000000001,0.031375374732334045,0.016918699,0.263682
1497,-9.846153846153847,0.03149914346895075,0.016951808,0.264196
1498,-9.842307692307692,0.031808565310492504,0.016984917,0.263682
1499,-9.838461538461539,0.03162291220556745,0.016951808,0.26471
1500,-9.834615384615386,0.0314372591006424,0.016951808,0.263168
1501,-9.830769230769231,0.0316847965738758,0.017018026,0.263682
1502,-9.826923076923077,0.031808565310492504,0.016984917,0.262654
1503,-9.823076923076924,0.03162291220556745,0.016918699,0.26471
1504,-9.819230769230769,0.0315610278372591,0.016984917,0.262654
1505,-9.815384615384616,0.031746680942184156,0.017018026,0.26471
1506,-9.811538461538461,0.0316847965738758,0.016951808,0.262654
1507,-9.807692307692307,0.031251605995717344,0.016951808,0.26471
1508,-9.803846153846154,0.03149914346895075,0.017018026,0.262654
1509,-9.8,0.0316847965738758,0.016984917,0.263682
1510,-9.796153846153846,0.03162291220556745,0.016951808,0.264196
1511,-9.792307692307691,0.03149914346895075,0.016984917,0.264196
1512,-9.788461538461538,0.0316847965738758,0.017018026,0.26471
1513,-9.784615384615385,0.031932334047109205,0.016951808,0.262654
1514,-9.78076923076923,0.03149914346895075,0.017018026,0.263168
1515,-9.776923076923076,0.03162291220556745,0.016984917,0.262654
1516,-9.773076923076923,0.03162291220556745,0.017018026,0.26471
1517,-9.76923076923077,0.031746680942184156,0.016951808,0.262654
1518,-9.765384615384615,0.0314372591006424,0.016951808,0.26471
1519,-9.76153846153846,0.031251605995717344,0.016984917,0.262654
1520,-9.757692307692308,0.031746680942184156,0.016918699,0.265224
1521,-9.753846153846155,0.031746680942184156,0.016918699,0.262654
1522,-9.75,0.031375374732334045,0.016984917,0.265224
1523,-9.746153846153845,0.0314372591006424,0.017018026,0.264196
1524,-9.742307692307692,0.031808565310492504,0.016951808,0.264196
1525,-9.73846153846154,0.031932334047109205,0.016918699,0.264196
1526,-9.734615384615385,0.0315610278372591,0.016984917,0.263168
1527,-9.73076923076923,0.03187044967880086,0.016951808,0.263682
1528,-9.726923076923077,0.03187044967880086,0.016918699,0.262654
1529,-9.723076923076924,0.031746680942184156,0.016918699,0.265224
1530,-9.71923076923077,0.0314372591006424,0.016984917,0.262654
1531,-9.715384615384615,0.0314372591006424,0.016984917,0.26471
1532,-9.711538461538462,0.0315610278372591,0.016951808,0.263168
1533,-9.707692307692309,0.0316847965738758,0.016984917,0.26471
1534,-9.703846153846154,0.031251605995717344,0.017018026,0.263168
1535,-9.7,0.03131349036402569,0.016984917,0.263168
1536,-9.696153846153846,0.0316847965738758,0.016918699,0.265224
1537,-9.692307692307693,0.03187044967880086,0.016984917,0.263168
1538,-9.688461538461539,0.0315610278372591,0.017018026,0.26471
1539,-9.684615384615384,0.03131349036402569,0.016984917,0.26214000000000004
1540,-9.680769230769231,0.031746680942184156,0.016951808,0.26471
1541,-9.676923076923078,0.031746680942184156,0.016951808,0.262654
1542,-9.673076923076923,0.0316847965738758,0.017018026,0.265224
1543,-9.669230769230769,0.0314372591006424,0.016951808,0.262654
1544,-9.665384615384616,0.03149914346895075,0.016918699,0.264196
1545,-9.661538461538463,0.031808565310492504,0.016984917,0.263168
1546,-9.657692307692308,0.03149914346895075,0.017018026,0.265224
1547,-9.653846153846153,0.0315610278372591,0.016951808,0.263168
1548,-9.65,0.03187044967880086,0.016951808,0.263682
1549,-9.646153846153847,0.031932334047109205,0.017018026,0.264196
1550,-9.642307692307693,0.031375374732334045,0.016951808,0.264196
1551,-9.638461538461538,0.0314372591006424,0.016918699,0.26471
1552,-9.634615384615385,0.031808565310492504,0.016984917,0.263168
1553,-9.630769230769232,0.03149914346895075,0.017018026,0.264196
1554,-9.626923076923077,0.03131349036402569,0.016951808,0.262654
1555,-9.623076923076923,0.031251605995717344,0.016918699,0.26471
1556,-9.61923076923077,0.0315610278372591,0.017018026,0.262654
1557,-9.615384615384617,0.031932334047109205,0.017018026,0.26471
1558,-9.611538461538462,0.0315610278372591,0.016984917,0.262654
1559,-9.607692307692307,0.031932334047109205,0.016984917,0.26471
1560,-9.603846153846154,0.03199421841541756,0.017018026,0.262654
1561,-9.600000000000001,0.03162291220556745,0.017018026,0.264196
1562,-9.596153846153847,0.03131349036402569,0.016918699,0.264196
1563,-9.592307692307692,0.0314372591006424,0.016951808,0.263682
1564,-9.588461538461539,0.031808565310492504,0.017018026,0.264196
1565,-9.584615384615386,0.031746680942184156,0.016951808,0.262654
1566,-9.580769230769231,0.0315610278372591,0.016984917,0.263682
1567,-9.576923076923077,0.0316847965738758,0.016984917,0.262654
1568,-9.573076923076924,0.031932334047109205,0.017018026,0.26471
1569,-9.569230769230769,0.0315610278372591,0.016951808,0.262654
1570,-9.565384615384616,0.031375374732334045,0.016951808,0.26471
1571,-9.561538461538461,0.03162291220556745,0.016984917,0.263168
1572,-9.557692307692307,0.0316847965738758,0.016984917,0.265224
1573,-9.553846153846154,0.03149914346895075,0.016918699,0.263168
1574,-9.55,0.0314372591006424,0.016951808,0.263682
1575,-9.546153846153846,0.031746680942184156,0.016984917,0.26471
1576,-9.542307692307691,0.0316847965738758,0.016984917,0.263682
1577,-9.538461538461538,0.0315610278372591,0.016918699,0.26471
1578,-9.534615384615385,0.03149914346895075,0.016984917,0.263168
1579,-9.53076923076923,0.031932334047109205,0.016984917,0.265224
1580,-9.526923076923076,0.0316847965738758,0.016984917,0.262654
1581,-9.523076923076923,0.03149914346895075,0.016918699,0.264196
1582,-9.51923076923077,0.03149914346895075,0.017018026,0.262654
1583,-9.515384615384615,0.0315610278372591,0.016984917,0.264196
1584,-9.51153846153846,0.03162291220556745,0.016951808,0.263168
1585,-9.507692307692308,0.031375374732334045,0.017018026,0.265224
1586,-9.503846153846155,0.031808565310492504,0.016984917,0.263168
1587,-9.5,0.03187044967880086,0.016951808,0.263168
1588,-9.496153846153845,0.03162291220556745,0.016918699,0.264196
1589,-9.492307692307692,0.031375374732334045,0.016984917,0.263682
1590,-9.48846153846154,0.0316847965738758,0.016984917,0.26471
1591,-9.484615384615385,0.03187044967880086,0.016951808,0.262654
1592,-9.48076923076923,0.0314372591006424,0.017018026,0.263682
1593,-9.476923076923077,0.03149914346895075,0.016984917,0.26214000000000004
1594,-9.473076923076924,0.0316847965738758,0.016984917,0.265224
1595,-9.46923076923077,0.03162291220556745,0.016918699,0.262654
1596,-9.465384615384615,0.0314372591006424,0.016984917,0.26471
1597,-9.461538461538462,0.0314372591006424,0.016984917,0.262654
1598,-9.457692307692309,0.03187044967880086,0.016918699,0.265224
1599,-9.453846153846154,0.03199421841541756,0.016918699,0.263168
1600,-9.45,0.03162291220556745,0.016984917,0.264196
1601,-9.446153846153846,0.031251605995717344,0.016984917,0.264196
1602,-9.442307692307693,0.0316847965738758,0.016918699,0.264196
1603,-9.438461538461539,0.031808565310492504,0.016918699,0.26471
1604,-9.434615384615384,0.0315610278372591,0.017018026,0.263168
1605,-9.430769230769231,0.0315610278372591,0.016951808,0.26471
1606,-9.426923076923078,0.03162291220556745,0.016918699,0.262654
1607,-9.423076923076923,0.03162291220556745,0.016951808,0.26471
1608,-9.419230769230769,0.0315610278372591,0.017018026,0.262654
1609,-9.415384615384616,0.0315610278372591,0.016984917,0.264196
1610,-9.411538461538463,0.0316847965738758,0.016918699,0.263682
1611,-9.407692307692308,0.03187044967880086,0.016984917,0.264196
1612,-9.403846153846153,0.031746680942184156,0.017018026,0.263682
1613,-9.4,0.03162291220556745,0.016984917,0.263168
1614,-9.396153846153847,0.03162291220556745,0.016918699,0.26471
1615,-9.392307692307693,0.031746680942184156,0.016984917,0.263168
1616,-9.388461538461538,0.0316847965738758,0.017018026,0.26471
1617,-9.384615384615385,0.03149914346895075,0.016951808,0.262654
1618,-9.380769230769232,0.03187044967880086,0.016984917,0.264196
1619,-9.376923076923077,0.031746680942184156,0.016951808,0.262654
1620,-9.373076923076923,0.031746680942184156,0.017018026,0.265224
1621,-9.36923076923077,0.0315610278372591,0.016951808,0.262654
1622,-9.365384615384617,0.03162291220556745,0.016951808,0.26471
1623,-9.361538461538462,0.0316847965738758,0.016984917,0.263168
1624,-9.357692307692307,0.03131349036402569,0.016951808,0.265224
1625,-9.353846153846154,0.031375374732334045,0.016918699,0.263682
1626,-9.350000000000001,0.031808565310492504,0.016984917,0.264196
1627,-9.346153846153847,0.03187044967880086,0.017018026,0.26471
1628,-9.342307692307692,0.03149914346895075,0.016951808,0.263682
1629,-9.338461538461539,0.0315610278372591,0.016918699,0.26471
1630,-9.334615384615386,0.031932334047109205,0.017018026,0.263168
1631,-9.330769230769231,0.0316847965738758,0.016984917,0.264196
1632,-9.326923076923077,0.0314372591006424,0.016951808,0.262654
1633,-9.323076923076922,0.0314372591006424,0.016918699,0.265224
1634,-9.319230769230769,0.03199421841541756,0.017018026,0.262654
1635,-9.315384615384616,0.0316847965738758,0.016984917,0.264196
1636,-9.311538461538461,0.03131349036402569,0.016951808,0.263168
1637,-9.307692307692307,0.0316847965738758,0.016984917,0.26471
1638,-9.303846153846154,0.0316847965738758,0.017018026,0.263168
1639,-9.3,0.03149914346895075,0.016984917,0.263168
1640,-9.296153846153846,0.031375374732334045,0.016918699,0.264196
1641,-9.292307692307691,0.03162291220556745,0.017018026,0.263168
1642,-9.288461538461538,0.031746680942184156,0.016984917,0.26471
1643,-9.284615384615385,0.0315610278372591,0.016951808,0.262654
1644,-9.28076923076923,0.03149914346895075,0.016984917,0.263682
1645,-9.276923076923076,0.0316847965738758,0.016984917,0.26214000000000004
1646,-9.273076923076923,0.03187044967880086,0.016984917,0.26471
1647,-9.26923076923077,0.0315610278372591,0.016918699,0.263168
1648,-9.265384615384615,0.0314372591006424,0.016984917,0.26471
1649,-9.26153846153846,0.0316847965738758,0.017018026,0.263168
1650,-9.257692307692308,0.0314372591006424,0.016918699,0.265224
1651,-9.253846153846155,0.03131349036402569,0.016951808,0.262654
1652,-9.25,0.0314372591006424,0.017018026,0.264196
1653,-9.246153846153845,0.031746680942184156,0.016984917,0.264196
1654,-9.242307692307692,0.03149914346895075,0.016951808,0.264196
1655,-9.23846153846154,0.03149914346895075,0.016951808,0.264196
1656,-9.234615384615385,0.031746680942184156,0.017018026,0.263168
1657,-9.23076923076923,0.03131349036402569,0.016951808,0.263168
1658,-9.226923076923077,0.031375374732334045,0.016951808,0.263168
1659,-9.223076923076924,0.0314372591006424,0.017018026,0.26471
1660,-9.21923076923077,0.031746680942184156,0.016984917,0.262654
1661,-9.215384615384615,0.031808565310492504,0.016918699,0.264196
1662,-9.211538461538462,0.03149914346895075,0.016984917,0.263168
1663,-9.207692307692309,0.03187044967880086,0.016984917,0.265224
1664,-9.203846153846154,0.031746680942184156,0.016918699,0.262654
1665,-9.2,0.0316847965738758,0.016918699,0.264196
1666,-9.196153846153846,0.0314372591006424,0.016984917,0.263168
1667,-9.192307692307693,0.0315610278372591,0.016984917,0.264196
1668,-9.188461538461539,0.031808565310492504,0.016918699,0.264196
1669,-9.184615384615384,0.0315610278372591,0.016951808,0.263682
1670,-9.180769230769231,0.03162291220556745,0.016984917,0.263168
1671,-9.176923076923078,0.0316847965738758,0.016951808,0.263168
1672,-9.173076923076923,0.0316847965738758,0.016918699,0.26471
1673,-9.169230769230769,0.0316847965738758,0.016984917,0.262654
1674,-9.165384615384616,0.031375374732334045,0.017018026,0.265224
1675,-9.161538461538463,0.0315610278372591,0.016951808,0.262654
1676,-9.157692307692308,0.03162291220556745,0.016984917,0.26471
1677,-9.153846153846153,0.03131349036402569,0.017018026,0.262654
1678,-9.15,0.0314372591006424,0.016951808,0.265224
1679,-9.146153846153847,0.03162291220556745,0.016918699,0.262654
1680,-9.142307692307693,0.031808565310492504,0.016984917,0.26471
1681,-9.138461538461538,0.03162291220556745,0.017018026,0.263168
1682,-9.134615384615385,0.03149914346895075,0.016951808,0.26471
1683,-9.130769230769232,0.031932334047109205,0.016951808,0.262654
1684,-9.126923076923077,0.03199421841541756,0.016984917,0.263682
1685,-9.123076923076923,0.031746680942184156,0.017018026,0.264196
1686,-9.11923076923077,0.03118972162740899,0.016951808,0.263168
1687,-9.115384615384617,0.0315610278372591,0.016918699,0.26471
1688,-9.111538461538462,0.03187044967880086,0.016984917,0.263168
1689,-9.107692307692307,0.031251605995717344,0.016984917,0.26471
1690,-9.103846153846154,0.0316847965738758,0.016918699,0.263168
1691,-9.100000000000001,0.03162291220556745,0.016951808,0.26471
1692,-9.096153846153847,0.031746680942184156,0.016984917,0.262654
1693,-9.092307692307692,0.03162291220556745,0.016951808,0.26471
1694,-9.088461538461539,0.0316847965738758,0.016951808,0.263168
1695,-9.084615384615386,0.031746680942184156,0.016951808,0.264196
1696,-9.080769230769231,0.031375374732334045,0.016984917,0.262654
1697,-9.076923076923077,0.03131349036402569,0.016951808,0.263682
1698,-9.073076923076922,0.03149914346895075,0.016918699,0.26471
1699,-9.069230769230769,0.0316847965738758,0.016951808,0.262654
1700,-9.065384615384616,0.0316847965738758,0.016984917,0.26471
1701,-9.061538461538461,0.03131349036402569,0.016918699,0.262654
1702,-9.057692307692307,0.03162291220556745,0.016984917,0.264196
1703,-9.053846153846154,0.031808565310492504,0.016984917,0.263168
1704,-9.05,0.03162291220556745,0.016984917,0.265224
1705,-9.046153846153846,0.0314372591006424,0.016918699,0.262654
1706,-9.042307692307691,0.0316847965738758,0.016984917,0.265224
1707,-9.038461538461538,0.03187044967880086,0.016984917,0.263168
1708,-9.034615384615385,0.0315610278372591,0.016984917,0.265224
1709,-9.03076923076923,0.0316847965738758,0.016951808,0.263168
1710,-9.026923076923076,0.03199421841541756,0.016984917,0.26471
1711,-9.023076923076923,0.03199421841541756,0.017018026,0.264196
1712,-9.01923076923077,0.031808565310492504,0.016951808,0.263682
1713,-9.015384615384615,0.03149914346895075,0.016918699,0.264196
1714,-9.01153846153846,0.03162291220556745,0.017018026,0.263682
1715,-9.007692307692308,0.0315610278372591,0.016984917,0.264196
1716,-9.003846153846155,0.03131349036402569,0.016951808,0.263168
1717,-9.0,0.03131349036402569,0.016918699,0.264196
1718,-8.996153846153845,0.03162291220556745,0.016984917,0.262654
1719,-8.992307692307692,0.031746680942184156,0.016951808,0.26471
1720,-8.98846153846154,0.0315610278372591,0.016918699,0.263168
1721,-8.984615384615385,0.0315610278372591,0.016984917,0.264196
1722,-8.98076923076923,0.031808565310492504,0.016951808,0.262654
1723,-8.976923076923077,0.031746680942184156,0.016951808,0.263682
1724,-8.973076923076924,0.03149914346895075,0.016918699,0.264196
1725,-8.96923076923077,0.03149914346895075,0.016984917,0.263168
1726,-8.965384615384615,0.0316847965738758,0.016984917,0.265224
1727,-8.961538461538462,0.03162291220556745,0.016951808,0.262654
1728,-8.957692307692309,0.0314372591006424,0.017018026,0.26471
1729,-8.953846153846154,0.03162291220556745,0.017018026,0.26214000000000004
1730,-8.95,0.031746680942184156,0.016951808,0.26471
1731,-8.946153846153846,0.0316847965738758,0.016951808,0.263168
1732,-8.942307692307693,0.031375374732334045,0.016984917,0.26471
1733,-8.938461538461539,0.0314372591006424,0.017018026,0.263682
1734,-8.934615384615384,0.0316847965738758,0.016951808,0.263682
1735,-8.930769230769231,0.0314372591006424,0.016984917,0.263168
1736,-8.926923076923078,0.031375374732334045,0.016984917,0.263168
1737,-8.923076923076923,0.0315610278372591,0.017018026,0.26471
1738,-8.919230769230769,0.031808565310492504,0.016918699,0.262654
1739,-8.915384615384616,0.0315610278372591,0.016918699,0.26471
1740,-8.911538461538463,0.031375374732334045,0.016984917,0.262654
1741,-8.907692307692308,0.0316847965738758,0.016951808,0.265224
1742,-8.903846153846153,0.0316847965738758,0.016918699,0.262654
1743,-8.9,0.0315610278372591,0.016984917,0.264196
1744,-8.896153846153847,0.03131349036402569,0.017018026,0.263682
1745,-8.892307692307693,0.03149914346895075,0.016951808,0.264196
1746,-8.888461538461538,0.03187044967880086,0.01688559,0.264196
1747,-8.884615384615385,0.0316847965738758,0.016984917,0.263168
1748,-8.880769230769232,0.03149914346895075,0.016984917,0.263682
1749,-8.876923076923077,0.0315610278372591,0.016951808,0.262654
1750,-8.873076923076923,0.03187044967880086,0.016918699,0.26471
1751,-8.86923076923077,0.0316847965738758,0.016984917,0.262654
1752,-8.865384615384617,0.031375374732334045,0.016984917,0.265224
1753,-8.861538461538462,0.0315610278372591,0.016951808,0.262654
1754,-8.857692307692307,0.031932334047109205,0.016984917,0.265224
1755,-8.853846153846154,0.0316847965738758,0.016984917,0.262654
1756,-8.850000000000001,0.031375374732334045,0.016984917,0.264196
1757,-8.846153846153847,0.0314372591006424,0.016918699,0.264196
1758,-8.842307692307692,0.031808565310492504,0.016984917,0.26471
1759,-8.838461538461539,0.031746680942184156,0.017018026,0.264196
1760,-8.834615384615384,0.0315610278372591,0.016951808,0.263682
1761,-8.830769230769231,0.031746680942184156,0.016951808,0.263682
1762,-8.826923076923077,0.032056102783725914,0.016951808,0.263168
1763,-8.823076923076922,0.031808565310492504,0.017018026,0.26471
1764,-8.819230769230769,0.031375374732334045,0.016951808,0.262654
1765,-8.815384615384616,0.03131349036402569,0.016918699,0.26471
1766,-8.811538461538461,0.0316847965738758,0.016984917,0.262654
1767,-8.807692307692307,0.03149914346895075,0.016984917,0.265224
1768,-8.803846153846154,0.03149914346895075,0.016951808,0.262654
1769,-8.8,0.03162291220556745,0.016951808,0.264196
1770,-8.796153846153846,0.03187044967880086,0.017018026,0.263168
1771,-8.792307692307691,0.03162291220556745,0.016984917,0.264196
1772,-8.788461538461538,0.03162291220556745,0.016951808,0.264196
1773,-8.784615384615385,0.031746680942184156,0.016951808,0.263168
1774,-8.78076923076923,0.031808565310492504,0.017018026,0.262654
1775,-8.776923076923076,0.031746680942184156,0.016984917,0.26214000000000004
1776,-8.773076923076923,0.031251605995717344,0.016918699,0.26471
1777,-8.76923076923077,0.03162291220556745,0.016984917,0.262654
1778,-8.765384615384615,0.031746680942184156,0.017018026,0.265224
1779,-8.76153846153846,0.03162291220556745,0.016951808,0.262654
1780,-8.757692307692308,0.0314372591006424,0.016984917,0.265224
1781,-8.753846153846155,0.0315610278372591,0.016951808,0.262654
1782,-8.75,0.031808565310492504,0.017018026,0.26471
1783,-8.746153846153845,0.03149914346895075,0.016951808,0.263682
1784,-8.742307692307692,0.0316847965738758,0.016984917,0.26471
1785,-8.73846153846154,0.03187044967880086,0.016984917,0.264196
1786,-8.734615384615385,0.03162291220556745,0.016951808,0.264196
1787,-8.73076923076923,0.0314372591006424,0.016951808,0.263168
1788,-8.726923076923077,0.03162291220556745,0.016984917,0.262654
1789,-8.723076923076924,0.031808565310492504,0.016984917,0.26471
1790,-8.71923076923077,0.03162291220556745,0.016951808,0.262654
1791,-8.715384615384615,0.03149914346895075,0.016951808,0.265224
1792,-8.711538461538462,0.031746680942184156,0.017018026,0.262654
1793,-8.707692307692309,0.031808565310492504,0.016951808,0.265224
1794,-8.703846153846154,0.03149914346895075,0.016918699,0.26214000000000004
1795,-8.7,0.0314372591006424,0.016951808,0.264196
1796,-8.696153846153846,0.03162291220556745,0.017018026,0.263682
1797,-8.692307692307693,0.031746680942184156,0.016951808,0.264196
1798,-8.688461538461539,0.0315610278372591,0.016951808,0.264196
1799,-8.684615384615384,0.0316847965738758,0.016984917,0.263682
1800,-8.680769230769231,0.03199421841541756,0.016951808,0.263682
1801,-8.676923076923078,0.031808565310492504,0.016951808,0.262654
1802,-8.673076923076923,0.031375374732334045,0.016951808,0.26471
1803,-8.669230769230769,0.03131349036402569,0.017018026,0.262654
1804,-8.665384615384616,0.03162291220556745,0.016984917,0.26471
1805,-8.661538461538463,0.0316847965738758,0.016918699,0.262654
1806,-8.657692307692308,0.0315610278372591,0.017051135,0.26471
1807,-8.653846153846153,0.031808565310492504,0.016984917,0.262654
1808,-8.65,0.031932334047109205,0.016918699,0.264196
1809,-8.646153846153847,0.03162291220556745,0.016951808,0.263168
1810,-8.642307692307693,0.03149914346895075,0.017018026,0.265224
1811,-8.638461538461538,0.0316847965738758,0.016984917,0.263682
1812,-8.634615384615385,0.031746680942184156,0.016951808,0.263682
1813,-8.630769230769232,0.03131349036402569,0.017018026,0.263168
1814,-8.626923076923077,0.031251605995717344,0.016984917,0.263168
1815,-8.623076923076923,0.03162291220556745,0.016951808,0.265224
1816,-8.61923076923077,0.031808565310492504,0.016951808,0.263168
1817,-8.615384615384617,0.0315610278372591,0.016984917,0.26471
1818,-8.611538461538462,0.0314372591006424,0.016984917,0.262654
1819,-8.607692307692307,0.031808565310492504,0.016918699,0.265224
1820,-8.603846153846154,0.031746680942184156,0.016951808,0.262654
1821,-8.600000000000001,0.03162291220556745,0.017018026,0.26471
1822,-8.596153846153847,0.03149914346895075,0.016984917,0.262654
1823,-8.592307692307692,0.031808565310492504,0.016951808,0.265224
1824,-8.588461538461539,0.031808565310492504,0.016984917,0.263168
1825,-8.584615384615384,0.031375374732334045,0.016984917,0.264196
1826,-8.580769230769231,0.031746680942184156,0.016951808,0.263168
1827,-8.576923076923077,0.03187044967880086,0.016918699,0.263168
1828,-8.573076923076922,0.03187044967880086,0.016984917,0.264196
1829,-8.569230769230769,0.03149914346895075,0.016984917,0.263682
1830,-8.565384615384616,0.03149914346895075,0.016951808,0.26471
1831,-8.561538461538461,0.0316847965738758,0.016951808,0.262654
1832,-8.557692307692307,0.0315610278372591,0.017018026,0.264196
1833,-8.553846153846154,0.0314372591006424,0.016984917,0.26214000000000004
1834,-8.55,0.0316847965738758,0.016918699,0.26471
1835,-8.546153846153846,0.031746680942184156,0.016951808,0.262654
1836,-8.542307692307691,0.03162291220556745,0.017018026,0.265224
1837,-8.538461538461538,0.03162291220556745,0.016984917,0.262654
1838,-8.534615384615385,0.0315610278372591,0.016951808,0.26471
1839,-8.53076923076923,0.031932334047109205,0.017018026,0.262654
1840,-8.526923076923076,0.031746680942184156,0.017018026,0.264196
1841,-8.523076923076923,0.03162291220556745,0.016951808,0.264196
1842,-8.51923076923077,0.0315610278372591,0.016951808,0.263682
1843,-8.515384615384615,0.031808565310492504,0.016984917,0.26471
1844,-8.51153846153846,0.031808565310492504,0.016984917,0.262654
1845,-8.507692307692308,0.0314372591006424,0.016951808,0.26471
1846,-8.503846153846155,0.0316847965738758,0.016951808,0.262654
1847,-8.5,0.03187044967880086,0.017018026,0.26471
1848,-8.496153846153845,0.031746680942184156,0.016984917,0.262654
1849,-8.492307692307692,0.03149914346895075,0.016951808,0.26471
1850,-8.48846153846154,0.0316847965738758,0.016951808,0.263168
1851,-8.484615384615385,0.0316847965738758,0.017018026,0.264196
1852,-8.48076923076923,0.03131349036402569,0.016951808,0.262654
1853,-8.476923076923077,0.03118972162740899,0.016918699,0.263682
1854,-8.473076923076924,0.0315610278372591,0.016984917,0.263682
1855,-8.46923076923077,0.031746680942184156,0.017018026,0.263168
1856,-8.465384615384615,0.03162291220556745,0.016951808,0.26471
1857,-8.461538461538462,0.0314372591006424,0.016951808,0.262654
1858,-8.457692307692309,0.0316847965738758,0.017018026,0.263682
1859,-8.453846153846154,0.0314372591006424,0.016951808,0.262654
1860,-8.45,0.031375374732334045,0.016951808,0.26471
1861,-8.446153846153846,0.03131349036402569,0.016951808,0.262654
1862,-8.442307692307693,0.031746680942184156,0.017018026,0.265224
1863,-8.438461538461539,0.0316847965738758,0.016951808,0.262654
1864,-8.434615384615384,0.0314372591006424,0.016951808,0.265224
1865,-8.430769230769231,0.03162291220556745,0.017018026,0.263168
1866,-8.426923076923078,0.03149914346895075,0.016951808,0.26471
1867,-8.423076923076923,0.03162291220556745,0.016918699,0.263682
1868,-8.419230769230769,0.031251605995717344,0.016951808,0.264196
1869,-8.415384615384616,0.0314372591006424,0.017018026,0.264196
1870,-8.411538461538463,0.0315610278372591,0.016951808,0.263682
1871,-8.407692307692308,0.03149914346895075,0.016951808,0.263682
1872,-8.403846153846153,0.031808565310492504,0.017018026,0.264196
1873,-8.4,0.031932334047109205,0.016984917,0.26471
1874,-8.396153846153847,0.03162291220556745,0.016951808,0.26214000000000004
1875,-8.392307692307693,0.031375374732334045,0.016951808,0.265224
1876,-8.388461538461538,0.0315610278372591,0.017018026,0.262654
1877,-8.384615384615385,0.0316847965738758,0.016951808,0.265224
1878,-8.380769230769232,0.0314372591006424,0.017018026,0.263682
1879,-8.376923076923077,0.0315610278372591,0.017018026,0.26471
1880,-8.373076923076923,0.0316847965738758,0.017018026,0.262654
1881,-8.36923076923077,0.03187044967880086,0.016951808,0.264196
1882,-8.365384615384617,0.0315610278372591,0.016951808,0.263682
1883,-8.361538461538462,0.031251605995717344,0.017018026,0.263682
1884,-8.357692307692307,0.03162291220556745,0.016951808,0.263168
1885,-8.353846153846154,0.03149914346895075,0.016951808,0.264196
1886,-8.350000000000001,0.031251605995717344,0.017018026,0.264196
1887,-8.346153846153847,0.03131349036402569,0.016984917,0.262654
1888,-8.342307692307692,0.03162291220556745,0.016951808,0.26471
1889,-8.338461538461537,0.031808565310492504,0.016951808,0.262654
1890,-8.334615384615384,0.0314372591006424,0.017018026,0.26471
1891,-8.330769230769231,0.03187044967880086,0.016951808,0.263168
1892,-8.326923076923077,0.031932334047109205,0.016918699,0.265224
1893,-8.323076923076922,0.031932334047109205,0.016918699,0.262654
1894,-8.319230769230769,0.03149914346895075,0.017018026,0.265224
1895,-8.315384615384616,0.03149914346895075,0.016984917,0.263168
1896,-8.311538461538461,0.031746680942184156,0.016951808,0.264196
1897,-8.307692307692307,0.0314372591006424,0.016984917,0.262654
1898,-8.303846153846154,0.03118972162740899,0.016984917,0.26471
1899,-8.3,0.031375374732334045,0.016951808,0.264196
1900,-8.296153846153846,0.03162291220556745,0.016951808,0.262654
1901,-8.292307692307691,0.031932334047109205,0.016984917,0.264196
1902,-8.288461538461538,0.0316847965738758,0.016984917,0.262654
1903,-8.284615384615385,0.0315610278372591,0.016951808,0.265224
1904,-8.28076923076923,0.03187044967880086,0.016984917,0.263682
1905,-8.276923076923076,0.03187044967880086,0.016984917,0.26471
1906,-8.273076923076923,0.0315610278372591,0.017018026,0.262654
1907,-8.26923076923077,0.0315610278372591,0.016918699,0.264196
1908,-8.265384615384615,0.03162291220556745,0.016918699,0.263682
1909,-8.26153846153846,0.031746680942184156,0.016984917,0.263682
1910,-8.257692307692308,0.03149914346895075,0.016951808,0.263168
1911,-8.253846153846155,0.0314372591006424,0.016918699,0.263168
1912,-8.25,0.0316847965738758,0.016951808,0.264196
1913,-8.246153846153845,0.031808565310492504,0.017018026,0.262654
1914,-8.242307692307692,0.0314372591006424,0.016951808,0.26471
1915,-8.23846153846154,0.03149914346895075,0.016918699,0.262654
1916,-8.234615384615385,0.031808565310492504,0.017018026,0.265224
1917,-8.23076923076923,0.03149914346895075,0.016984917,0.263168
1918,-8.226923076923077,0.03118972162740899,0.016951808,0.26471
1919,-8.223076923076924,0.03131349036402569,0.016918699,0.263168
1920,-8.21923076923077,0.0316847965738758,0.016984917,0.26471
1921,-8.215384615384615,0.031746680942184156,0.017018026,0.263682
1922,-8.211538461538462,0.0315610278372591,0.016951808,0.264196
1923,-8.207692307692309,0.031808565310492504,0.016984917,0.263168
1924,-8.203846153846154,0.03187044967880086,0.017018026,0.264196
1925,-8.2,0.031808565310492504,0.017018026,0.264196
1926,-8.196153846153846,0.0315610278372591,0.016951808,0.263168
1927,-8.192307692307693,0.03187044967880086,0.016984917,0.26471
1928,-8.188461538461539,0.031746680942184156,0.017018026,0.262654
1929,-8.184615384615384,0.03162291220556745,0.016951808,0.265224
1930,-8.180769230769231,0.03162291220556745,0.017018026,0.263682
1931,-8.176923076923078,0.0315610278372591,0.016984917,0.26471
1932,-8.173076923076923,0.03162291220556745,0.017018026,0.262654
1933,-8.169230769230769,0.0315610278372591,0.016918699,0.264196
1934,-8.165384615384616,0.031375374732334045,0.016951808,0.263168
1935,-8.161538461538463,0.031746680942184156,0.016984917,0.263682
1936,-8.157692307692308,0.0316847965738758,0.016951808,0.263168
1937,-8.153846153846153,0.0315610278372591,0.016951808,0.263682
1938,-8.15,0.0315610278372591,0.016984917,0.264196
1939,-8.146153846153847,0.0316847965738758,0.016984917,0.262654
1940,-8.142307692307693,0.0316847965738758,0.016951808,0.265224
1941,-8.138461538461538,0.03131349036402569,0.016918699,0.262654
1942,-8.134615384615385,0.03162291220556745,0.017018026,0.265224
1943,-8.130769230769232,0.031808565310492504,0.016951808,0.263168
1944,-8.126923076923077,0.0316847965738758,0.016918699,0.26471
1945,-8.123076923076923,0.03131349036402569,0.016951808,0.263168
1946,-8.11923076923077,0.0316847965738758,0.016984917,0.265224
1947,-8.115384615384617,0.03187044967880086,0.016951808,0.263682
1948,-8.111538461538462,0.0315610278372591,0.016951808,0.264196
1949,-8.107692307692307,0.0314372591006424,0.017018026,0.263168
1950,-8.103846153846154,0.03187044967880086,0.016951808,0.264196
1951,-8.100000000000001,0.031746680942184156,0.016918699,0.26471
1952,-8.096153846153847,0.0315610278372591,0.016918699,0.263168
1953,-8.092307692307692,0.03149914346895075,0.017018026,0.26471
1954,-8.088461538461537,0.03187044967880086,0.016984917,0.262654
1955,-8.084615384615384,0.031808565310492504,0.016918699,0.26471
1956,-8.080769230769231,0.03149914346895075,0.016984917,0.263168
1957,-8.076923076923077,0.031375374732334045,0.016984917,0.26471
1958,-8.073076923076922,0.031746680942184156,0.016918699,0.263168
1959,-8.069230769230769,0.03162291220556745,0.016951808,0.264196
1960,-8.065384615384616,0.0314372591006424,0.016984917,0.263168
1961,-8.061538461538461,0.0314372591006424,0.016984917,0.263682
1962,-8.057692307692307,0.0316847965738758,0.016951808,0.263168
1963,-8.053846153846154,0.0315610278372591,0.016951808,0.263168
1964,-8.05,0.03149914346895075,0.016984917,0.264196
1965,-8.046153846153846,0.03162291220556745,0.016984917,0.262654
1966,-8.042307692307691,0.031932334047109205,0.016951808,0.264196
1967,-8.038461538461538,0.0316847965738758,0.016951808,0.262654
1968,-8.034615384615385,0.031375374732334045,0.017018026,0.265224
1969,-8.03076923076923,0.0316847965738758,0.016951808,0.263168
1970,-8.026923076923076,0.0316847965738758,0.016951808,0.26471
1971,-8.023076923076923,0.031808565310492504,0.016951808,0.262654
1972,-8.01923076923077,0.03149914346895075,0.016984917,0.265224
1973,-8.015384615384615,0.03162291220556745,0.016918699,0.263168
1974,-8.01153846153846,0.031808565310492504,0.016951808,0.264196
1975,-8.007692307692308,0.031746680942184156,0.017018026,0.262654
1976,-8.003846153846155,0.031375374732334045,0.016951808,0.264196
1977,-8.0,0.0315610278372591,0.016918699,0.264196
1978,-7.996153846153846,0.031808565310492504,0.016984917,0.263168
1979,-7.992307692307692,0.031746680942184156,0.017018026,0.264196
1980,-7.9884615384615385,0.031375374732334045,0.016984917,0.262654
1981,-7.984615384615385,0.03149914346895075,0.016951808,0.26471
1982,-7.980769230769231,0.031808565310492504,0.017018026,0.263682
1983,-7.976923076923077,0.031808565310492504,0.017018026,0.26471
1984,-7.973076923076923,0.03149914346895075,0.016984917,0.262654
1985,-7.969230769230769,0.03149914346895075,0.016951808,0.26471
1986,-7.9653846153846155,0.031808565310492504,0.017018026,0.262654
1987,-7.961538461538462,0.0316847965738758,0.017018026,0.264196
1988,-7.957692307692308,0.031375374732334045,0.016951808,0.262654
1989,-7.953846153846154,0.03162291220556745,0.016951808,0.264196
1990,-7.95,0.031808565310492504,0.017018026,0.263682
1991,-7.946153846153846,0.031746680942184156,0.016984917,0.263168
1992,-7.9423076923076925,0.03149914346895075,0.016918699,0.264196
1993,-7.938461538461539,0.0316847965738758,0.016951808,0.262654
1994,-7.934615384615385,0.031746680942184156,0.017018026,0.264196
1995,-7.930769230769231,0.03149914346895075,0.016918699,0.263682
1996,-7.926923076923077,0.03149914346895075,0.016918699,0.26471
1997,-7.923076923076923,0.0315610278372591,0.016951808,0.262654
1998,-7.9192307692307695,0.031808565310492504,0.017018026,0.265224
1999,-7.915384615384616,0.0314372591006424,0.016951808,0.263168
2000,-7.911538461538462,0.03118972162740899,0.016951808,0.264196
2001,-7.907692307692308,0.03162291220556745,0.017018026,0.263168
2002,-7.903846153846154,0.0316847965738758,0.016951808,0.26471
2003,-7.9,0.0316847965738758,0.016951808,0.264196
2004,-7.8961538461538465,0.0315610278372591,0.016951808,0.263168
2005,-7.892307692307693,0.031808565310492504,0.017051135,0.264196
2006,-7.888461538461539,0.03162291220556745,0.016984917,0.262654
2007,-7.884615384615385,0.03118972162740899,0.016918699,0.26471
2008,-7.880769230769231,0.0316847965738758,0.017018026,0.263682
2009,-7.876923076923077,0.031746680942184156,0.017018026,0.26471
2010,-7.8730769230769235,0.0316847965738758,0.016951808,0.262654
2011,-7.86923076923077,0.03149914346895075,0.016918699,0.26471
2012,-7.865384615384616,0.0316847965738758,0.017018026,0.262654
2013,-7.861538461538462,0.031808565310492504,0.016984917,0.264196
2014,-7.857692307692308,0.03131349036402569,0.016951808,0.262654
2015,-7.853846153846154,0.0315610278372591,0.016951808,0.263682
2016,-7.85,0.031808565310492504,0.017018026,0.263682
2017,-7.846153846153846,0.03187044967880086,0.016951808,0.263168
2018,-7.842307692307692,0.031375374732334045,0.016951808,0.264196
2019,-7.838461538461538,0.0314372591006424,0.016984917,0.262654
2020,-7.834615384615384,0.0316847965738758,0.017018026,0.26471
2021,-7.8307692307692305,0.0315610278372591,0.016951808,0.263682
2022,-7.826923076923077,0.03149914346895075,0.016951808,0.26471
2023,-7.823076923076923,0.0314372591006424,0.017018026,0.262654
2024,-7.819230769230769,0.03187044967880086,0.016951808,0.265224
2025,-7.815384615384615,0.031808565310492504,0.016918699,0.262654
2026,-7.811538461538461,0.03149914346895075,0.016984917,0.26471
2027,-7.8076923076923075,0.0316847965738758,0.016984917,0.26214000000000004
2028,-7.803846153846154,0.031746680942184156,0.016951808,0.264196
2029,-7.8,0.0315610278372591,0.016918699,0.263682
2030,-7.796153846153846,0.031375374732334045,0.016984917,0.264196
2031,-7.792307692307692,0.0316847965738758,0.016951808,0.263682
2032,-7.788461538461538,0.0316847965738758,0.016951808,0.263682
2033,-7.7846153846153845,0.0314372591006424,0.016984917,0.264196
2034,-7.780769230769231,0.03162291220556745,0.016951808,0.264196
2035,-7.776923076923077,0.0316847965738758,0.016951808,0.26471
2036,-7.773076923076923,0.031746680942184156,0.016951808,0.263168
2037,-7.769230769230769,0.0314372591006424,0.016984917,0.26471
2038,-7.765384615384615,0.031375374732334045,0.016984917,0.262654
2039,-7.7615384615384615,0.0315610278372591,0.016951808,0.26471
2040,-7.757692307692308,0.031808565310492504,0.016984917,0.262654
2041,-7.753846153846154,0.0315610278372591,0.017018026,0.26471
2042,-7.75,0.0314372591006424,0.016984917,0.263168
2043,-7.746153846153846,0.0314372591006424,0.016918699,0.263682
2044,-7.742307692307692,0.031932334047109205,0.016984917,0.263682
2045,-7.7384615384615385,0.031808565310492504,0.017018026,0.262654
2046,-7.734615384615385,0.0314372591006424,0.016951808,0.264196
2047,-7.730769230769231,0.031808565310492504,0.016984917,0.264196
2048,-7.726923076923077,0.03187044967880086,0.017018026,0.264196
2049,-7.723076923076923,0.0316847965738758,0.016984917,0.262654
2050,-7.719230769230769,0.031375374732334045,0.016918699,0.265224
2051,-7.7153846153846155,0.03162291220556745,0.016918699,0.262654
2052,-7.711538461538462,0.031746680942184156,0.017018026,0.265224
2053,-7.707692307692308,0.03149914346895075,0.016984917,0.26214000000000004
2054,-7.703846153846154,0.03162291220556745,0.016918699,0.26471
2055,-7.7,0.031746680942184156,0.016918699,0.263168
2056,-7.696153846153846,0.03187044967880086,0.016984917,0.264196
2057,-7.6923076923076925,0.03162291220556745,0.016984917,0.263682
2058,-7.688461538461539,0.03149914346895075,0.016918699,0.264196
2059,-7.684615384615385,0.031746680942184156,0.016951808,0.26471
2060,-7.680769230769231,0.03149914346895075,0.016984917,0.265224
2061,-7.676923076923077,0.03149914346895075,0.016951808,0.264196
2062,-7.673076923076923,0.03149914346895075,0.016918699,0.262654
2063,-7.6692307692307695,0.031746680942184156,0.016951808,0.26471
2064,-7.665384615384616,0.03199421841541756,0.017018026,0.26214000000000004
2065,-7.661538461538462,0.0316847965738758,0.016951808,0.265224
2066,-7.657692307692308,0.03187044967880086,0.017018026,0.263168
2067,-7.653846153846154,0.031808565310492504,0.017018026,0.26471
2068,-7.65,0.03162291220556745,0.016984917,0.262654
2069,-7.6461538461538465,0.03149914346895075,0.016918699,0.264196
2070,-7.642307692307693,0.031746680942184156,0.016984917,0.263168
2071,-7.638461538461539,0.03199421841541756,0.017018026,0.263682
2072,-7.634615384615385,0.03162291220556745,0.016984917,0.263682
2073,-7.630769230769231,0.03162291220556745,0.016984917,0.265224
2074,-7.626923076923077,0.031746680942184156,0.017018026,0.263682
2075,-7.6230769230769235,0.03187044967880086,0.016984917,0.262654
2076,-7.61923076923077,0.03162291220556745,0.016951808,0.265224
2077,-7.615384615384616,0.03149914346895075,0.016918699,0.262654
2078,-7.611538461538462,0.03162291220556745,0.017018026,0.265224
2079,-7.607692307692308,0.0315610278372591,0.016984917,0.263168
2080,-7.603846153846154,0.031375374732334045,0.016918699,0.26471
2081,-7.6,0.03162291220556745,0.016984917,0.26214000000000004
2082,-7.596153846153847,0.03162291220556745,0.017018026,0.265224
2083,-7.592307692307692,0.0314372591006424,0.016951808,0.262654
2084,-7.588461538461539,0.03118972162740899,0.016951808,0.26471
2085,-7.584615384615384,0.0316847965738758,0.017018026,0.263168
2086,-7.580769230769231,0.03149914346895075,0.016918699,0.265224
2087,-7.576923076923077,0.03149914346895075,0.016918699,0.263168
2088,-7.573076923076924,0.031375374732334045,0.016984917,0.263682
2089,-7.569230769230769,0.03149914346895075,0.017018026,0.264196
2090,-7.565384615384616,0.031375374732334045,0.016918699,0.263682
2091,-7.561538461538461,0.031375374732334045,0.016951808,0.26471
2092,-7.557692307692308,0.031808565310492504,0.016984917,0.264196
2093,-7.553846153846154,0.031746680942184156,0.016918699,0.263682
2094,-7.550000000000001,0.0315610278372591,0.016951808,0.263168
2095,-7.546153846153846,0.03162291220556745,0.016984917,0.265224
2096,-7.542307692307693,0.031808565310492504,0.016984917,0.262654
2097,-7.538461538461538,0.0316847965738758,0.016918699,0.26471
2098,-7.534615384615385,0.03131349036402569,0.016984917,0.262654
2099,-7.530769230769231,0.031808565310492504,0.016984917,0.264196
2100,-7.526923076923078,0.03187044967880086,0.016951808,0.262654
2101,-7.523076923076923,0.031808565310492504,0.016918699,0.263682
2102,-7.51923076923077,0.0314372591006424,0.016984917,0.263168
2103,-7.515384615384615,0.03131349036402569,0.016984917,0.263168
2104,-7.511538461538462,0.03162291220556745,0.016951808,0.264196
2105,-7.507692307692308,0.0314372591006424,0.017018026,0.26471
2106,-7.503846153846155,0.031375374732334045,0.017018026,0.263168
2107,-7.5,0.0315610278372591,0.016984917,0.26214000000000004
2108,-7.496153846153847,0.03162291220556745,0.016951808,0.265224
2109,-7.492307692307692,0.0316847965738758,0.016951808,0.262654
2110,-7.488461538461539,0.031251605995717344,0.017018026,0.265224
2111,-7.484615384615385,0.03149914346895075,0.016984917,0.262654
2112,-7.480769230769232,0.031808565310492504,0.016951808,0.26471
2113,-7.476923076923077,0.0316847965738758,0.016951808,0.262654
2114,-7.473076923076922,0.0315610278372591,0.017018026,0.264196
2115,-7.469230769230769,0.0314372591006424,0.016984917,0.263682
2116,-7.465384615384615,0.03149914346895075,0.016918699,0.263682
2117,-7.461538461538462,0.031808565310492504,0.016951808,0.264196
2118,-7.457692307692307,0.0314372591006424,0.016984917,0.26471
2119,-7.453846153846154,0.03149914346895075,0.016951808,0.264196
2120,-7.449999999999999,0.03162291220556745,0.016951808,0.262654
2121,-7.446153846153846,0.031746680942184156,0.016951808,0.26471
2122,-7.442307692307692,0.0315610278372591,0.017018026,0.262654
2123,-7.438461538461539,0.0315610278372591,0.016951808,0.264196
2124,-7.434615384615384,0.0316847965738758,0.016951808,0.263168
2125,-7.430769230769231,0.031808565310492504,0.017018026,0.265224
2126,-7.426923076923076,0.03149914346895075,0.017018026,0.263168
2127,-7.423076923076923,0.03131349036402569,0.016951808,0.263168
2128,-7.419230769230769,0.031375374732334045,0.016918699,0.264196
2129,-7.415384615384616,0.0316847965738758,0.016984917,0.262654
2130,-7.411538461538461,0.0315610278372591,0.017018026,0.26471
2131,-7.407692307692308,0.03149914346895075,0.016918699,0.263682
2132,-7.403846153846153,0.031808565310492504,0.016984917,0.26471
2133,-7.4,0.0316847965738758,0.017018026,0.262654
2134,-7.396153846153846,0.0315610278372591,0.016984917,0.26471
2135,-7.392307692307693,0.031251605995717344,0.016918699,0.262654
2136,-7.388461538461538,0.03162291220556745,0.016984917,0.26471
2137,-7.384615384615385,0.031808565310492504,0.017018026,0.263168
2138,-7.38076923076923,0.0314372591006424,0.016951808,0.265224
2139,-7.376923076923077,0.0314372591006424,0.016918699,0.263682
2140,-7.373076923076923,0.0316847965738758,0.016984917,0.263168
2141,-7.36923076923077,0.031932334047109205,0.017018026,0.264196
2142,-7.365384615384615,0.0316847965738758,0.016951808,0.262654
2143,-7.361538461538462,0.0314372591006424,0.016918699,0.26471
2144,-7.357692307692307,0.031808565310492504,0.017018026,0.263682
2145,-7.353846153846154,0.03162291220556745,0.016984917,0.26471
2146,-7.35,0.0314372591006424,0.016918699,0.262654
2147,-7.346153846153847,0.03149914346895075,0.016918699,0.26471
2148,-7.342307692307692,0.0316847965738758,0.016984917,0.262654
2149,-7.338461538461539,0.03162291220556745,0.016951808,0.26471
2150,-7.334615384615384,0.03131349036402569,0.016951808,0.262654
2151,-7.330769230769231,0.031746680942184156,0.017018026,0.265224
2152,-7.326923076923077,0.03187044967880086,0.017018026,0.263168
2153,-7.323076923076924,0.03162291220556745,0.016951808,0.263168
2154,-7.319230769230769,0.03149914346895075,0.016984917,0.263682
2155,-7.315384615384616,0.0316847965738758,0.016984917,0.262654
2156,-7.311538461538461,0.031808565310492504,0.016984917,0.26471
2157,-7.307692307692308,0.03118972162740899,0.016951808,0.263168
2158,-7.303846153846154,0.031251605995717344,0.016984917,0.264196
2159,-7.300000000000001,0.0315610278372591,0.017018026,0.262654
2160,-7.296153846153846,0.0315610278372591,0.016951808,0.265224
2161,-7.292307692307693,0.031375374732334045,0.016951808,0.262654
2162,-7.288461538461538,0.03162291220556745,0.017018026,0.26471
2163,-7.284615384615385,0.031746680942184156,0.017018026,0.263168
2164,-7.280769230769231,0.03149914346895075,0.016951808,0.265224
2165,-7.276923076923078,0.03149914346895075,0.016951808,0.263682
2166,-7.273076923076923,0.0316847965738758,0.017018026,0.263682
2167,-7.26923076923077,0.031746680942184156,0.016951808,0.263682
2168,-7.265384615384615,0.0316847965738758,0.016951808,0.263168
2169,-7.261538461538462,0.031375374732334045,0.017018026,0.26471
2170,-7.257692307692308,0.0316847965738758,0.016984917,0.263682
2171,-7.253846153846155,0.031746680942184156,0.016918699,0.26471
2172,-7.25,0.03162291220556745,0.016951808,0.262654
2173,-7.246153846153847,0.03149914346895075,0.016984917,0.265224
2174,-7.242307692307692,0.031746680942184156,0.016951808,0.263168
2175,-7.238461538461539,0.031746680942184156,0.016918699,0.26471
2176,-7.234615384615385,0.0315610278372591,0.017018026,0.26214000000000004
2177,-7.23076923076923,0.0316847965738758,0.016951808,0.265224
2178,-7.226923076923077,0.031808565310492504,0.016951808,0.262654
2179,-7.223076923076922,0.03162291220556745,0.016918699,0.263682
2180,-7.219230769230769,0.031375374732334045,0.017018026,0.263168
2181,-7.215384615384615,0.0314372591006424,0.017018026,0.263682
2182,-7.211538461538462,0.0316847965738758,0.016918699,0.264196
2183,-7.207692307692307,0.0315610278372591,0.016984917,0.264196
2184,-7.203846153846154,0.0315610278372591,0.017018026,0.264196
2185,-7.199999999999999,0.03162291220556745,0.016984917,0.26214000000000004
2186,-7.196153846153846,0.03187044967880086,0.016918699,0.26471
2187,-7.192307692307692,0.0316847965738758,0.016984917,0.262654
2188,-7.188461538461539,0.0315610278372591,0.017018026,0.265224
2189,-7.184615384615384,0.03149914346895075,0.016951808,0.262654
2190,-7.180769230769231,0.032056102783725914,0.016984917,0.26471
2191,-7.176923076923076,0.03187044967880086,0.016951808,0.263168
2192,-7.173076923076923,0.031375374732334045,0.017018026,0.264196
2193,-7.169230769230769,0.031375374732334045,0.016951808,0.264196
2194,-7.165384615384616,0.031746680942184156,0.016951808,0.263682
2195,-7.161538461538461,0.03187044967880086,0.016984917,0.264196
2196,-7.157692307692308,0.0315610278372591,0.016984917,0.263682
2197,-7.153846153846153,0.0314372591006424,0.016918699,0.26471
2198,-7.15,0.031746680942184156,0.016951808,0.262654
2199,-7.146153846153846,0.031808565310492504,0.017018026,0.26471
2200,-7.142307692307693,0.0314372591006424,0.016984917,0.262654
2201,-7.138461538461538,0.031375374732334045,0.016951808,0.264196
2202,-7.134615384615385,0.031808565310492504,0.016951808,0.262654
2203,-7.13076923076923,0.0316847965738758,0.017018026,0.26471
2204,-7.126923076923077,0.031375374732334045,0.016984917,0.263168
2205,-7.123076923076923,0.03131349036402569,0.016951808,0.263682
2206,-7.11923076923077,0.031746680942184156,0.016984917,0.263168
2207,-7.115384615384615,0.031746680942184156,0.016984917,0.263682
2208,-7.111538461538462,0.03162291220556745,0.016918699,0.264196
2209,-7.107692307692307,0.031808565310492504,0.016984917,0.264196
2210,-7.103846153846154,0.0316847965738758,0.017018026,0.263682
2211,-7.1,0.0315610278372591,0.016984917,0.262654
2212,-7.096153846153847,0.03131349036402569,0.016918699,0.265224
2213,-7.092307692307692,0.031808565310492504,0.016984917,0.263168
2214,-7.088461538461539,0.031808565310492504,0.017018026,0.26471
2215,-7.084615384615384,0.0314372591006424,0.016951808,0.26214000000000004
2216,-7.080769230769231,0.0315610278372591,0.016951808,0.264196
2217,-7.076923076923077,0.0316847965738758,0.016984917,0.262654
2218,-7.073076923076924,0.031808565310492504,0.017018026,0.26471
2219,-7.069230769230769,0.0315610278372591,0.016951808,0.263168
2220,-7.065384615384616,0.031375374732334045,0.016951808,0.263682
2221,-7.061538461538461,0.03162291220556745,0.016984917,0.263682
2222,-7.057692307692308,0.03162291220556745,0.016984917,0.26471
2223,-7.053846153846154,0.031375374732334045,0.016918699,0.264196
2224,-7.050000000000001,0.03149914346895075,0.016984917,0.262654
2225,-7.046153846153846,0.0315610278372591,0.017018026,0.26471
2226,-7.042307692307693,0.0314372591006424,0.016951808,0.263168
2227,-7.038461538461538,0.031251605995717344,0.016918699,0.26471
2228,-7.034615384615385,0.031375374732334045,0.016984917,0.262654
2229,-7.030769230769231,0.03187044967880086,0.017018026,0.265224
2230,-7.026923076923078,0.031746680942184156,0.016951808,0.263168
2231,-7.023076923076923,0.03149914346895075,0.016918699,0.263682
2232,-7.01923076923077,0.03162291220556745,0.017018026,0.263168
2233,-7.015384615384615,0.031746680942184156,0.017018026,0.263168
2234,-7.011538461538462,0.031375374732334045,0.016951808,0.263682
2235,-7.007692307692308,0.031375374732334045,0.017018026,0.264196
2236,-7.003846153846155,0.0316847965738758,0.017018026,0.264196
2237,-7.0,0.03187044967880086,0.016984917,0.262654
2238,-6.996153846153847,0.03149914346895075,0.016951808,0.265224
2239,-6.992307692307692,0.0314372591006424,0.016984917,0.262654
2240,-6.988461538461538,0.031746680942184156,0.017018026,0.265224
2241,-6.984615384615385,0.031808565310492504,0.016951808,0.262654
2242,-6.98076923076923,0.03149914346895075,0.017051135,0.264196
2243,-6.976923076923077,0.031375374732334045,0.017018026,0.262654
2244,-6.973076923076922,0.0316847965738758,0.016984917,0.264196
2245,-6.969230769230769,0.03162291220556745,0.016951808,0.264196
2246,-6.965384615384615,0.0314372591006424,0.017018026,0.264196
2247,-6.961538461538462,0.03162291220556745,0.017018026,0.263682
2248,-6.957692307692307,0.03199421841541756,0.016951808,0.264196
2249,-6.953846153846154,0.0315610278372591,0.016951808,0.263682
2250,-6.949999999999999,0.031375374732334045,0.016984917,0.263682
2251,-6.946153846153846,0.0314372591006424,0.016951808,0.26471
2252,-6.942307692307692,0.031808565310492504,0.016918699,0.262654
2253,-6.938461538461539,0.03162291220556745,0.016951808,0.26471
2254,-6.934615384615384,0.031375374732334045,0.017018026,0.262654
2255,-6.930769230769231,0.031932334047109205,0.016918699,0.26471
2256,-6.926923076923076,0.031746680942184156,0.016951808,0.262654
2257,-6.923076923076923,0.03162291220556745,0.016984917,0.264196
2258,-6.919230769230769,0.03118972162740899,0.016984917,0.262654
2259,-6.915384615384616,0.031251605995717344,0.016918699,0.263682
2260,-6.911538461538461,0.031746680942184156,0.016951808,0.264196
2261,-6.907692307692308,0.0314372591006424,0.017018026,0.264196
2262,-6.903846153846153,0.0314372591006424,0.016951808,0.263168
2263,-6.9,0.03149914346895075,0.016951808,0.263168
2264,-6.896153846153846,0.031808565310492504,0.016951808,0.26471
2265,-6.892307692307693,0.031746680942184156,0.016984917,0.262654
2266,-6.888461538461538,0.0314372591006424,0.016984917,0.265224
2267,-6.884615384615385,0.0315610278372591,0.016918699,0.262654
2268,-6.88076923076923,0.0316847965738758,0.017051135,0.26471
2269,-6.876923076923077,0.031808565310492504,0.016984917,0.262654
2270,-6.873076923076923,0.0316847965738758,0.016951808,0.26471
2271,-6.86923076923077,0.0314372591006424,0.016918699,0.263682
2272,-6.865384615384615,0.03162291220556745,0.016951808,0.263168
2273,-6.861538461538462,0.031746680942184156,0.017018026,0.264196
2274,-6.857692307692307,0.0315610278372591,0.016951808,0.264196
2275,-6.853846153846154,0.0316847965738758,0.016951808,0.263682
2276,-6.85,0.031746680942184156,0.016984917,0.263168
2277,-6.846153846153847,0.03187044967880086,0.017018026,0.26471
2278,-6.842307692307692,0.031375374732334045,0.016951808,0.262654
2279,-6.838461538461539,0.0315610278372591,0.016918699,0.26471
2280,-6.834615384615384,0.03187044967880086,0.017018026,0.262654
2281,-6.830769230769231,0.031251605995717344,0.016951808,0.26471
2282,-6.826923076923077,0.031375374732334045,0.016918699,0.262654
2283,-6.823076923076924,0.03149914346895075,0.016951808,0.264196
2284,-6.819230769230769,0.031808565310492504,0.017018026,0.263168
2285,-6.815384615384616,0.031746680942184156,0.016984917,0.263682
2286,-6.811538461538461,0.0314372591006424,0.016918699,0.263682
2287,-6.807692307692308,0.031932334047109205,0.017018026,0.26471
2288,-6.803846153846154,0.0316847965738758,0.016951808,0.262654
2289,-6.800000000000001,0.0315610278372591,0.016918699,0.263168
2290,-6.796153846153846,0.03162291220556745,0.016951808,0.264196
2291,-6.792307692307693,0.031808565310492504,0.017018026,0.263168
2292,-6.788461538461538,0.031808565310492504,0.016984917,0.265224
2293,-6.784615384615385,0.0315610278372591,0.016918699,0.262654
2294,-6.780769230769231,0.031932334047109205,0.017018026,0.263682
2295,-6.776923076923078,0.031808565310492504,0.016984917,0.262654
2296,-6.773076923076923,0.03149914346895075,0.016951808,0.265224
2297,-6.76923076923077,0.031127837259100642,0.016918699,0.262654
2298,-6.765384615384615,0.0315610278372591,0.017018026,0.264196
2299,-6.761538461538462,0.031746680942184156,0.017018026,0.263682
2300,-6.757692307692308,0.031251605995717344,0.016984917,0.265224
2301,-6.753846153846155,0.0315610278372591,0.016984917,0.263168
2302,-6.75,0.031808565310492504,0.017018026,0.263682
2303,-6.746153846153847,0.03187044967880086,0.016984917,0.26471
2304,-6.742307692307692,0.03162291220556745,0.016951808,0.263168
2305,-6.738461538461538,0.03131349036402569,0.016951808,0.26471
2306,-6.734615384615385,0.031808565310492504,0.017018026,0.262654
2307,-6.73076923076923,0.03162291220556745,0.016918699,0.26471
2308,-6.726923076923077,0.0314372591006424,0.016951808,0.262654
2309,-6.723076923076922,0.03131349036402569,0.016984917,0.264196
2310,-6.719230769230769,0.03162291220556745,0.017018026,0.263168
2311,-6.715384615384615,0.031746680942184156,0.016918699,0.263168
2312,-6.711538461538462,0.0314372591006424,0.016951808,0.263682
2313,-6.707692307692307,0.031746680942184156,0.016984917,0.26471
2314,-6.703846153846154,0.03187044967880086,0.016951808,0.263682
2315,-6.699999999999999,0.031808565310492504,0.016951808,0.262654
2316,-6.696153846153846,0.0314372591006424,0.016984917,0.265224
2317,-6.692307692307692,0.03149914346895075,0.017018026,0.262654
2318,-6.688461538461539,0.0316847965738758,0.016918699,0.265224
2319,-6.684615384615384,0.03162291220556745,0.016951808,0.262654
2320,-6.680769230769231,0.0316847965738758,0.017018026,0.26471
2321,-6.676923076923076,0.03162291220556745,0.016984917,0.262654
2322,-6.673076923076923,0.03187044967880086,0.016918699,0.264196
2323,-6.669230769230769,0.0316847965738758,0.016918699,0.263168
2324,-6.665384615384616,0.0315610278372591,0.017018026,0.263682
2325,-6.661538461538461,0.0314372591006424,0.016984917,0.264196
2326,-6.657692307692308,0.031746680942184156,0.016984917,0.26471
2327,-6.653846153846153,0.031375374732334045,0.017018026,0.263168
2328,-6.65,0.0314372591006424,0.017018026,0.263168
2329,-6.646153846153846,0.0316847965738758,0.016951808,0.26471
2330,-6.642307692307693,0.03187044967880086,0.016984917,0.263168
2331,-6.638461538461538,0.031808565310492504,0.016984917,0.265224
2332,-6.634615384615385,0.03149914346895075,0.017018026,0.262654
2333,-6.63076923076923,0.031746680942184156,0.016951808,0.264196
2334,-6.626923076923077,0.031808565310492504,0.016951808,0.262654
2335,-6.623076923076923,0.03162291220556745,0.017018026,0.26471
2336,-6.61923076923077,0.031251605995717344,0.016951808,0.262654
2337,-6.615384615384615,0.03149914346895075,0.016918699,0.264196
2338,-6.611538461538462,0.031746680942184156,0.016984917,0.262654
2339,-6.607692307692307,0.03131349036402569,0.016984917,0.26471
2340,-6.603846153846154,0.0314372591006424,0.016918699,0.262654
2341,-6.6,0.03162291220556745,0.016951808,0.263168
2342,-6.596153846153847,0.031808565310492504,0.017018026,0.264196
2343,-6.592307692307692,0.03162291220556745,0.017018026,0.263682
2344,-6.588461538461539,0.03149914346895075,0.016951808,0.26471
2345,-6.584615384615384,0.031746680942184156,0.016951808,0.263168
2346,-6.580769230769231,0.03149914346895075,0.017018026,0.263682
2347,-6.576923076923077,0.0314372591006424,0.016984917,0.26214000000000004
2348,-6.573076923076924,0.0314372591006424,0.016918699,0.26471
2349,-6.569230769230769,0.031746680942184156,0.016951808,0.262654
2350,-6.565384615384616,0.031746680942184156,0.017018026,0.26471
2351,-6.561538461538461,0.031375374732334045,0.016984917,0.263168
2352,-6.557692307692308,0.03131349036402569,0.016951808,0.265224
2353,-6.553846153846154,0.031746680942184156,0.016984917,0.263168
2354,-6.550000000000001,0.031746680942184156,0.017018026,0.264196
2355,-6.546153846153846,0.0314372591006424,0.016951808,0.264196
2356,-6.542307692307693,0.03149914346895075,0.016951808,0.263168
2357,-6.538461538461538,0.0316847965738758,0.016984917,0.264196
2358,-6.534615384615385,0.031746680942184156,0.017018026,0.263168
2359,-6.530769230769231,0.031375374732334045,0.016951808,0.264196
2360,-6.526923076923078,0.0314372591006424,0.016951808,0.262654
2361,-6.523076923076923,0.031746680942184156,0.017018026,0.26471
2362,-6.51923076923077,0.03162291220556745,0.017018026,0.262654
2363,-6.515384615384615,0.0316847965738758,0.016951808,0.263682
2364,-6.511538461538462,0.031746680942184156,0.016984917,0.263168
2365,-6.507692307692308,0.031808565310492504,0.017018026,0.26471
2366,-6.503846153846155,0.03162291220556745,0.016951808,0.263168
2367,-6.5,0.0314372591006424,0.016918699,0.262654
2368,-6.496153846153847,0.0314372591006424,0.016951808,0.26471
2369,-6.492307692307692,0.031746680942184156,0.016984917,0.263168
2370,-6.488461538461538,0.0316847965738758,0.016951808,0.265224
2371,-6.484615384615385,0.03149914346895075,0.016951808,0.26214000000000004
2372,-6.48076923076923,0.03187044967880086,0.017018026,0.26471
2373,-6.476923076923077,0.03187044967880086,0.016984917,0.262654
2374,-6.473076923076922,0.03149914346895075,0.016951808,0.265224
2375,-6.469230769230769,0.031375374732334045,0.016951808,0.263168
2376,-6.465384615384615,0.03162291220556745,0.017018026,0.264196
2377,-6.461538461538462,0.031746680942184156,0.016951808,0.263682
2378,-6.457692307692307,0.031375374732334045,0.016984917,0.26471
2379,-6.453846153846154,0.03149914346895075,0.016984917,0.263682
2380,-6.449999999999999,0.0316847965738758,0.017018026,0.263168
2381,-6.446153846153846,0.0316847965738758,0.016918699,0.265224
2382,-6.442307692307692,0.03131349036402569,0.016984917,0.263682
2383,-6.438461538461539,0.0315610278372591,0.017018026,0.26471
2384,-6.434615384615384,0.03199421841541756,0.016951808,0.262654
2385,-6.430769230769231,0.031375374732334045,0.016918699,0.26471
2386,-6.426923076923076,0.0314372591006424,0.016984917,0.262654
2387,-6.423076923076923,0.0316847965738758,0.017018026,0.26471
2388,-6.419230769230769,0.031932334047109205,0.016951808,0.262654
2389,-6.415384615384616,0.031746680942184156,0.016918699,0.263682
2390,-6.411538461538461,0.0315610278372591,0.017018026,0.263682
2391,-6.407692307692308,0.0316847965738758,0.016951808,0.264196
2392,-6.403846153846153,0.031746680942184156,0.016918699,0.264196
2393,-6.4,0.0316847965738758,0.016951808,0.263168
2394,-6.396153846153846,0.031251605995717344,0.017018026,0.26471
2395,-6.392307692307693,0.0315610278372591,0.016984917,0.262654
2396,-6.388461538461538,0.03187044967880086,0.016918699,0.26471
2397,-6.384615384615385,0.031746680942184156,0.016984917,0.262654
2398,-6.38076923076923,0.0315610278372591,0.016984917,0.26471
2399,-6.376923076923077,0.0316847965738758,0.016951808,0.262654
2400,-6.373076923076923,0.0316847965738758,0.016951808,0.264196
2401,-6.36923076923077,0.031375374732334045,0.016984917,0.263168
2402,-6.365384615384615,0.0314372591006424,0.016984917,0.26471
2403,-6.361538461538462,0.03149914346895075,0.016951808,0.264196
2404,-6.357692307692307,0.031746680942184156,0.016984917,0.26471
2405,-6.353846153846154,0.03149914346895075,0.017018026,0.263682
2406,-6.35,0.031251605995717344,0.017018026,0.263168
2407,-6.346153846153847,0.03149914346895075,0.016918699,0.26471
2408,-6.342307692307692,0.0316847965738758,0.017018026,0.263682
2409,-6.338461538461539,0.03162291220556745,0.017018026,0.26471
2410,-6.334615384615384,0.0314372591006424,0.016984917,0.262654
2411,-6.330769230769231,0.031932334047109205,0.016951808,0.26471
2412,-6.326923076923077,0.0316847965738758,0.016984917,0.262654
2413,-6.323076923076924,0.0315610278372591,0.016984917,0.26471
2414,-6.319230769230769,0.031375374732334045,0.016951808,0.262654
2415,-6.315384615384616,0.03162291220556745,0.016918699,0.264196
2416,-6.311538461538461,0.031808565310492504,0.017018026,0.263168
2417,-6.307692307692308,0.0315610278372591,0.016951808,0.26471
2418,-6.303846153846154,0.031375374732334045,0.016951808,0.263168
2419,-6.300000000000001,0.0316847965738758,0.016951808,0.263168
2420,-6.296153846153846,0.031932334047109205,0.017018026,0.26471
2421,-6.292307692307693,0.03149914346895075,0.016984917,0.263168
2422,-6.288461538461538,0.031375374732334045,0.016918699,0.26471
2423,-6.284615384615385,0.031746680942184156,0.016984917,0.262654
2424,-6.280769230769231,0.0315610278372591,0.017018026,0.26471
2425,-6.276923076923078,0.03162291220556745,0.016951808,0.262654
2426,-6.273076923076923,0.03162291220556745,0.016918699,0.265224
2427,-6.26923076923077,0.03187044967880086,0.016984917,0.262654
2428,-6.265384615384615,0.031932334047109205,0.017018026,0.26471
2429,-6.261538461538462,0.03162291220556745,0.016951808,0.263168
2430,-6.257692307692308,0.03162291220556745,0.017018026,0.26471
2431,-6.253846153846155,0.031746680942184156,0.016984917,0.263168
2432,-6.25,0.0315610278372591,0.016984917,0.263682
2433,-6.246153846153845,0.0314372591006424,0.016918699,0.26471
2434,-6.242307692307692,0.03162291220556745,0.017018026,0.264196
2435,-6.238461538461538,0.031746680942184156,0.017018026,0.26471
2436,-6.234615384615385,0.03149914346895075,0.016984917,0.262654
2437,-6.23076923076923,0.031375374732334045,0.016951808,0.264196
2438,-6.226923076923077,0.0315610278372591,0.016984917,0.26214000000000004
2439,-6.223076923076922,0.031808565310492504,0.016984917,0.26471
2440,-6.219230769230769,0.0315610278372591,0.016951808,0.262654
2441,-6.215384615384615,0.0314372591006424,0.016918699,0.264196
2442,-6.211538461538462,0.031808565310492504,0.017018026,0.263168
2443,-6.207692307692307,0.03162291220556745,0.016951808,0.265224
2444,-6.203846153846154,0.031375374732334045,0.016918699,0.263168
2445,-6.199999999999999,0.0314372591006424,0.016951808,0.263682
2446,-6.196153846153846,0.031746680942184156,0.017018026,0.264196
2447,-6.192307692307692,0.0316847965738758,0.016951808,0.263168
2448,-6.188461538461539,0.03149914346895075,0.016918699,0.26471
2449,-6.184615384615384,0.0315610278372591,0.016984917,0.262654
2450,-6.180769230769231,0.0315610278372591,0.016951808,0.264196
2451,-6.176923076923076,0.0315610278372591,0.016918699,0.262654
2452,-6.173076923076923,0.031375374732334045,0.016984917,0.26471
2453,-6.169230769230769,0.03162291220556745,0.017018026,0.262654
2454,-6.165384615384616,0.03187044967880086,0.016984917,0.26471
2455,-6.161538461538461,0.031746680942184156,0.016918699,0.263168
2456,-6.157692307692308,0.0314372591006424,0.017018026,0.265224
2457,-6.153846153846153,0.03162291220556745,0.016984917,0.262654
2458,-6.15,0.03162291220556745,0.016918699,0.264196
2459,-6.146153846153846,0.0314372591006424,0.016951808,0.26471
2460,-6.142307692307693,0.0314372591006424,0.017018026,0.263682
2461,-6.138461538461538,0.0316847965738758,0.016984917,0.265224
2462,-6.134615384615385,0.031808565310492504,0.016951808,0.263168
2463,-6.13076923076923,0.03162291220556745,0.017018026,0.263682
2464,-6.126923076923077,0.0315610278372591,0.016984917,0.262654
2465,-6.123076923076923,0.031746680942184156,0.016951808,0.26471
2466,-6.11923076923077,0.0316847965738758,0.016951808,0.262654
2467,-6.115384615384615,0.03162291220556745,0.016984917,0.264196
2468,-6.111538461538462,0.03149914346895075,0.016984917,0.263168
2469,-6.107692307692307,0.031746680942184156,0.016951808,0.26471
2470,-6.103846153846154,0.0315610278372591,0.016984917,0.262654
2471,-6.1,0.03162291220556745,0.017018026,0.264196
2472,-6.096153846153847,0.0315610278372591,0.016984917,0.26471
2473,-6.092307692307692,0.031746680942184156,0.016918699,0.262654
2474,-6.088461538461539,0.0316847965738758,0.016951808,0.26471
2475,-6.084615384615384,0.031251605995717344,0.017018026,0.26214000000000004
2476,-6.080769230769231,0.03162291220556745,0.016918699,0.264196
2477,-6.076923076923077,0.031746680942184156,0.016918699,0.262654
2478,-6.073076923076924,0.03199421841541756,0.016984917,0.26471
2479,-6.069230769230769,0.0316847965738758,0.017018026,0.262654
2480,-6.065384615384616,0.0314372591006424,0.016951808,0.264196
2481,-6.061538461538461,0.03162291220556745,0.016918699,0.263682
2482,-6.057692307692308,0.0314372591006424,0.017018026,0.265224
2483,-6.053846153846154,0.0314372591006424,0.016984917,0.262654
2484,-6.050000000000001,0.0314372591006424,0.016951808,0.264196
2485,-6.046153846153846,0.031746680942184156,0.016918699,0.26471
2486,-6.042307692307693,0.031746680942184156,0.017018026,0.263682
2487,-6.038461538461538,0.03149914346895075,0.017018026,0.26471
2488,-6.034615384615385,0.03149914346895075,0.016951808,0.262654
2489,-6.030769230769231,0.031746680942184156,0.017018026,0.263682
2490,-6.026923076923078,0.03162291220556745,0.017018026,0.263168
2491,-6.023076923076923,0.03162291220556745,0.016984917,0.26471
2492,-6.01923076923077,0.0315610278372591,0.016918699,0.262654
2493,-6.015384615384615,0.031746680942184156,0.016984917,0.26471
2494,-6.011538461538462,0.031746680942184156,0.017018026,0.262654
2495,-6.007692307692308,0.03131349036402569,0.016918699,0.265224
2496,-6.003846153846153,0.03162291220556745,0.016951808,0.262654
2497,-6.0,0.031808565310492504,0.017018026,0.26471
2498,-5.996153846153845,0.03162291220556745,0.016984917,0.263682
2499,-5.992307692307692,0.03149914346895075,0.016918699,0.264196
2500,-5.988461538461538,0.03162291220556745,0.016984917,0.263682
2501,-5.984615384615385,0.03187044967880086,0.017018026,0.263682
2502,-5.98076923076923,0.0315610278372591,0.016984917,0.263168
2503,-5.976923076923077,0.0315610278372591,0.016951808,0.263168
2504,-5.973076923076922,0.03162291220556745,0.017018026,0.26471
2505,-5.969230769230769,0.0315610278372591,0.016984917,0.262654
2506,-5.965384615384615,0.03131349036402569,0.016918699,0.26573800000000003
2507,-5.961538461538462,0.03149914346895075,0.016951808,0.262654
2508,-5.957692307692307,0.031808565310492504,0.017018026,0.26471
2509,-5.953846153846154,0.03149914346895075,0.016951808,0.26214000000000004
2510,-5.949999999999999,0.03131349036402569,0.016951808,0.265224
2511,-5.946153846153846,0.0315610278372591,0.016951808,0.263168
2512,-5.942307692307692,0.03187044967880086,0.017018026,0.26471
2513,-5.938461538461539,0.03187044967880086,0.016984917,0.263682
2514,-5.934615384615384,0.0314372591006424,0.016951808,0.264196
2515,-5.930769230769231,0.031808565310492504,0.017018026,0.262654
2516,-5.926923076923076,0.03187044967880086,0.016984917,0.263168
2517,-5.923076923076923,0.0316847965738758,0.016918699,0.265224
2518,-5.919230769230769,0.031375374732334045,0.016951808,0.262654
2519,-5.915384615384616,0.03162291220556745,0.017018026,0.265224
2520,-5.911538461538461,0.03187044967880086,0.016984917,0.262654
2521,-5.907692307692308,0.03131349036402569,0.016918699,0.26471
2522,-5.903846153846153,0.03162291220556745,0.016984917,0.262654
2523,-5.9,0.031932334047109205,0.017018026,0.264196
2524,-5.896153846153846,0.031808565310492504,0.016984917,0.263682
2525,-5.892307692307693,0.03149914346895075,0.016951808,0.263682
2526,-5.888461538461538,0.031375374732334045,0.017018026,0.264196
2527,-5.884615384615385,0.031808565310492504,0.016984917,0.263168
2528,-5.88076923076923,0.0314372591006424,0.016951808,0.263168
2529,-5.876923076923077,0.0314372591006424,0.016984917,0.262654
2530,-5.873076923076923,0.03162291220556745,0.017018026,0.26471
2531,-5.86923076923077,0.031808565310492504,0.016951808,0.262654
2532,-5.865384615384615,0.031746680942184156,0.016918699,0.26471
2533,-5.861538461538462,0.031375374732334045,0.016984917,0.262654
2534,-5.857692307692307,0.031808565310492504,0.016951808,0.265224
2535,-5.853846153846154,0.0315610278372591,0.016918699,0.262654
2536,-5.85,0.0314372591006424,0.016951808,0.264196
2537,-5.846153846153847,0.0314372591006424,0.016984917,0.263682
2538,-5.842307692307692,0.031808565310492504,0.016951808,0.264196
2539,-5.838461538461539,0.03187044967880086,0.016918699,0.264196
2540,-5.834615384615384,0.0316847965738758,0.016984917,0.263682
2541,-5.830769230769231,0.031808565310492504,0.017018026,0.263168
2542,-5.826923076923077,0.031746680942184156,0.016951808,0.262654
2543,-5.823076923076924,0.03187044967880086,0.016918699,0.26471
2544,-5.819230769230769,0.03162291220556745,0.017018026,0.263168
2545,-5.815384615384616,0.03149914346895075,0.016984917,0.26471
2546,-5.811538461538461,0.0316847965738758,0.016951808,0.262654
2547,-5.807692307692308,0.03187044967880086,0.016984917,0.265224
2548,-5.803846153846154,0.0315610278372591,0.016984917,0.262654
2549,-5.800000000000001,0.0314372591006424,0.016984917,0.264196
2550,-5.796153846153846,0.0315610278372591,0.016951808,0.264196
2551,-5.792307692307693,0.03199421841541756,0.016951808,0.263682
2552,-5.788461538461538,0.03187044967880086,0.016984917,0.264196
2553,-5.784615384615385,0.0315610278372591,0.016984917,0.263168
2554,-5.780769230769231,0.032056102783725914,0.016951808,0.263682
2555,-5.776923076923078,0.031808565310492504,0.016918699,0.262654
2556,-5.773076923076923,0.031808565310492504,0.017018026,0.265224
2557,-5.76923076923077,0.0314372591006424,0.016984917,0.262654
2558,-5.765384615384615,0.03162291220556745,0.016951808,0.265224
2559,-5.761538461538462,0.0316847965738758,0.016951808,0.263168
2560,-5.757692307692308,0.0315610278372591,0.017018026,0.265224
2561,-5.753846153846153,0.03118972162740899,0.016951808,0.262654
2562,-5.75,0.0314372591006424,0.016951808,0.264196
2563,-5.746153846153845,0.031808565310492504,0.016984917,0.264196
2564,-5.742307692307692,0.03162291220556745,0.017018026,0.264196
2565,-5.738461538461538,0.0314372591006424,0.016951808,0.264196
2566,-5.734615384615385,0.03162291220556745,0.016951808,0.263682
2567,-5.73076923076923,0.03162291220556745,0.017018026,0.263682
2568,-5.726923076923077,0.0315610278372591,0.016984917,0.262654
2569,-5.723076923076922,0.031375374732334045,0.016951808,0.26471
2570,-5.719230769230769,0.03162291220556745,0.016984917,0.262654
2571,-5.715384615384615,0.031808565310492504,0.017018026,0.26471
2572,-5.711538461538462,0.03162291220556745,0.016984917,0.262654
2573,-5.707692307692307,0.03149914346895075,0.016951808,0.265224
2574,-5.703846153846154,0.031808565310492504,0.017018026,0.262654
2575,-5.699999999999999,0.031746680942184156,0.017018026,0.26471
2576,-5.696153846153846,0.0315610278372591,0.016984917,0.263682
2577,-5.692307692307692,0.031375374732334045,0.016951808,0.264196
2578,-5.688461538461539,0.03162291220556745,0.017018026,0.263168
2579,-5.684615384615384,0.0316847965738758,0.016984917,0.263168
2580,-5.680769230769231,0.03149914346895075,0.016951808,0.263682
2581,-5.676923076923076,0.0315610278372591,0.016951808,0.263168
2582,-5.673076923076923,0.031932334047109205,0.017018026,0.26471
2583,-5.669230769230769,0.03162291220556745,0.016951808,0.262654
2584,-5.665384615384616,0.0315610278372591,0.016951808,0.26471
2585,-5.661538461538461,0.03162291220556745,0.016984917,0.262654
2586,-5.657692307692308,0.031746680942184156,0.016984917,0.26471
2587,-5.653846153846153,0.0314372591006424,0.016951808,0.262654
2588,-5.65,0.031375374732334045,0.016951808,0.264196
2589,-5.646153846153846,0.03162291220556745,0.017018026,0.263168
2590,-5.642307692307693,0.031746680942184156,0.016951808,0.26471
2591,-5.638461538461538,0.0315610278372591,0.016918699,0.263168
2592,-5.634615384615385,0.0315610278372591,0.016984917,0.264196
2593,-5.63076923076923,0.0316847965738758,0.016951808,0.262654
2594,-5.626923076923077,0.03162291220556745,0.016918699,0.263168
2595,-5.623076923076923,0.03162291220556745,0.016951808,0.26471
2596,-5.61923076923077,0.031932334047109205,0.017018026,0.263682
2597,-5.615384615384615,0.032056102783725914,0.016984917,0.26471
2598,-5.611538461538462,0.031746680942184156,0.016951808,0.262654
2599,-5.607692307692307,0.0316847965738758,0.017018026,0.26471
2600,-5.603846153846154,0.0316847965738758,0.016984917,0.26214000000000004
2601,-5.6,0.0316847965738758,0.016951808,0.26471
2602,-5.596153846153847,0.0315610278372591,0.016951808,0.263168
2603,-5.592307692307692,0.03162291220556745,0.017018026,0.26471
2604,-5.588461538461539,0.031746680942184156,0.016984917,0.263168
2605,-5.584615384615384,0.031808565310492504,0.016951808,0.263682
2606,-5.580769230769231,0.031375374732334045,0.017018026,0.263168
2607,-5.576923076923077,0.031251605995717344,0.016984917,0.263168
2608,-5.573076923076924,0.0315610278372591,0.016984917,0.265224
2609,-5.569230769230769,0.031808565310492504,0.016918699,0.262654
2610,-5.565384615384616,0.03149914346895075,0.016984917,0.26471
2611,-5.561538461538461,0.03162291220556745,0.016984917,0.262654
2612,-5.557692307692308,0.03187044967880086,0.016918699,0.265224
2613,-5.553846153846154,0.03187044967880086,0.016918699,0.262654
2614,-5.550000000000001,0.03162291220556745,0.016984917,0.26471
2615,-5.546153846153846,0.03131349036402569,0.017018026,0.263168
2616,-5.542307692307693,0.0316847965738758,0.016951808,0.264196
2617,-5.538461538461538,0.0316847965738758,0.016951808,0.264196
2618,-5.534615384615385,0.0315610278372591,0.016984917,0.264196
2619,-5.530769230769231,0.0316847965738758,0.016951808,0.263168
2620,-5.526923076923078,0.0315610278372591,0.016951808,0.262654
2621,-5.523076923076923,0.031808565310492504,0.016951808,0.26471
2622,-5.51923076923077,0.0315610278372591,0.017018026,0.262654
2623,-5.515384615384615,0.0314372591006424,0.016951808,0.26471
2624,-5.511538461538462,0.03187044967880086,0.016918699,0.262654
2625,-5.507692307692308,0.03162291220556745,0.017018026,0.26471
2626,-5.503846153846153,0.03149914346895075,0.016984917,0.262654
2627,-5.5,0.0314372591006424,0.016951808,0.26471
2628,-5.496153846153845,0.03162291220556745,0.016918699,0.263168
2629,-5.492307692307692,0.031808565310492504,0.017018026,0.26471
2630,-5.488461538461538,0.03149914346895075,0.017018026,0.263168
2631,-5.484615384615385,0.0314372591006424,0.016918699,0.263682
2632,-5.48076923076923,0.031746680942184156,0.016984917,0.262654
2633,-5.476923076923077,0.031746680942184156,0.016984917,0.263168
2634,-5.473076923076922,0.03149914346895075,0.016984917,0.26471
2635,-5.469230769230769,0.0315610278372591,0.016951808,0.262654
2636,-5.465384615384615,0.031808565310492504,0.016951808,0.26471
2637,-5.461538461538462,0.03187044967880086,0.016984917,0.262654
2638,-5.457692307692307,0.031375374732334045,0.016951808,0.265224
2639,-5.453846153846154,0.0315610278372591,0.016951808,0.262654
2640,-5.449999999999999,0.0316847965738758,0.016984917,0.26471
2641,-5.446153846153846,0.03187044967880086,0.016984917,0.263168
2642,-5.442307692307692,0.03131349036402569,0.016951808,0.265224
2643,-5.438461538461539,0.0314372591006424,0.016918699,0.264196
2644,-5.434615384615384,0.03162291220556745,0.016984917,0.263682
2645,-5.430769230769231,0.03149914346895075,0.017018026,0.263682
2646,-5.426923076923076,0.0314372591006424,0.016984917,0.262654
2647,-5.423076923076923,0.03149914346895075,0.016918699,0.26471
2648,-5.419230769230769,0.031932334047109205,0.017018026,0.262654
2649,-5.415384615384616,0.031808565310492504,0.017018026,0.26471
2650,-5.411538461538461,0.0314372591006424,0.016918699,0.262654
2651,-5.407692307692308,0.0316847965738758,0.016984917,0.265224
2652,-5.403846153846153,0.031746680942184156,0.017018026,0.262654
2653,-5.4,0.0316847965738758,0.016951808,0.26471
2654,-5.396153846153846,0.03131349036402569,0.016918699,0.263168
2655,-5.392307692307693,0.03162291220556745,0.016984917,0.264196
2656,-5.388461538461538,0.031808565310492504,0.017018026,0.263682
2657,-5.384615384615385,0.03149914346895075,0.016951808,0.263682
2658,-5.38076923076923,0.031746680942184156,0.017018026,0.262654
2659,-5.376923076923077,0.031746680942184156,0.017018026,0.263682
2660,-5.373076923076923,0.031932334047109205,0.017018026,0.26471
2661,-5.36923076923077,0.0314372591006424,0.016951808,0.262654
2662,-5.365384615384615,0.031375374732334045,0.016951808,0.26471
2663,-5.361538461538462,0.03187044967880086,0.017018026,0.262654
2664,-5.357692307692307,0.0315610278372591,0.016951808,0.26471
2665,-5.353846153846154,0.031375374732334045,0.016984917,0.263168
2666,-5.35,0.031746680942184156,0.017018026,0.26471
2667,-5.346153846153847,0.03187044967880086,0.016984917,0.262654
2668,-5.342307692307692,0.0315610278372591,0.016951808,0.265224
2669,-5.338461538461539,0.031375374732334045,0.016951808,0.263168
2670,-5.334615384615384,0.031746680942184156,0.016984917,0.265224
2671,-5.330769230769231,0.031251605995717344,0.016984917,0.263168
2672,-5.326923076923077,0.03131349036402569,0.016984917,0.265224
2673,-5.323076923076924,0.0314372591006424,0.016984917,0.263682
2674,-5.319230769230769,0.031746680942184156,0.016951808,0.264196
2675,-5.315384615384616,0.031746680942184156,0.016918699,0.264196
2676,-5.311538461538461,0.0314372591006424,0.016984917,0.263682
2677,-5.307692307692308,0.031932334047109205,0.016984917,0.263168
2678,-5.303846153846154,0.0316847965738758,0.016951808,0.264196
2679,-5.300000000000001,0.03149914346895075,0.016951808,0.264196
2680,-5.296153846153846,0.0314372591006424,0.017018026,0.262654
2681,-5.292307692307693,0.031746680942184156,0.016984917,0.26471
2682,-5.288461538461538,0.031808565310492504,0.016951808,0.262654
2683,-5.284615384615385,0.0315610278372591,0.017018026,0.26471
2684,-5.280769230769231,0.031808565310492504,0.016951808,0.263168
2685,-5.276923076923078,0.031746680942184156,0.016918699,0.26471
2686,-5.273076923076923,0.031808565310492504,0.016918699,0.263168
2687,-5.26923076923077,0.03149914346895075,0.016984917,0.263682
2688,-5.265384615384615,0.0314372591006424,0.017018026,0.263682
2689,-5.261538461538461,0.0315610278372591,0.016951808,0.263168
2690,-5.257692307692308,0.03162291220556745,0.017018026,0.263168
2691,-5.253846153846153,0.0314372591006424,0.016984917,0.264196
2692,-5.25,0.031375374732334045,0.016984917,0.26471
2693,-5.246153846153845,0.03162291220556745,0.016951808,0.26214000000000004
2694,-5.242307692307692,0.031808565310492504,0.016984917,0.26471
2695,-5.238461538461538,0.03149914346895075,0.016984917,0.262654
2696,-5.234615384615385,0.03149914346895075,0.016984917,0.265224
2697,-5.23076923076923,0.03187044967880086,0.016984917,0.262654
2698,-5.226923076923077,0.031808565310492504,0.017018026,0.264196
2699,-5.223076923076922,0.03187044967880086,0.017018026,0.263682
2700,-5.219230769230769,0.031375374732334045,0.016951808,0.263682
2701,-5.215384615384615,0.03149914346895075,0.016918699,0.26471
2702,-5.211538461538462,0.031808565310492504,0.016984917,0.263682
2703,-5.207692307692307,0.0314372591006424,0.016984917,0.263682
2704,-5.203846153846154,0.0315610278372591,0.016951808,0.263168
2705,-5.199999999999999,0.0316847965738758,0.016918699,0.26471
2706,-5.196153846153846,0.032056102783725914,0.016984917,0.262654
2707,-5.192307692307692,0.031808565310492504,0.017018026,0.26471
2708,-5.188461538461539,0.03149914346895075,0.016984917,0.262654
2709,-5.184615384615384,0.03162291220556745,0.016918699,0.26471
2710,-5.180769230769231,0.03162291220556745,0.016984917,0.262654
2711,-5.176923076923076,0.03162291220556745,0.016984917,0.264196
2712,-5.173076923076923,0.0314372591006424,0.016918699,0.264196
2713,-5.169230769230769,0.031746680942184156,0.016951808,0.263168
2714,-5.165384615384616,0.031746680942184156,0.017018026,0.264196
2715,-5.161538461538461,0.0316847965738758,0.016984917,0.262654
2716,-5.157692307692308,0.03149914346895075,0.016951808,0.264196
2717,-5.153846153846153,0.031808565310492504,0.017018026,0.262654
2718,-5.15,0.03187044967880086,0.017018026,0.26471
2719,-5.146153846153846,0.03162291220556745,0.016984917,0.262654
2720,-5.142307692307693,0.03149914346895075,0.016951808,0.26471
2721,-5.138461538461538,0.0316847965738758,0.016984917,0.262654
2722,-5.134615384615385,0.03162291220556745,0.017018026,0.265224
2723,-5.13076923076923,0.03149914346895075,0.016951808,0.262654
2724,-5.126923076923077,0.03149914346895075,0.016984917,0.264196
2725,-5.123076923076923,0.031808565310492504,0.016984917,0.263682
2726,-5.11923076923077,0.0316847965738758,0.016984917,0.264196
2727,-5.115384615384615,0.031375374732334045,0.016918699,0.264196
2728,-5.111538461538462,0.03162291220556745,0.016984917,0.263682
2729,-5.107692307692307,0.0316847965738758,0.017018026,0.263682
2730,-5.103846153846154,0.0315610278372591,0.016951808,0.263682
2731,-5.1,0.0314372591006424,0.016918699,0.26471
2732,-5.096153846153847,0.03162291220556745,0.016984917,0.262654
2733,-5.092307692307692,0.031932334047109205,0.017018026,0.26471
2734,-5.088461538461539,0.03162291220556745,0.016951808,0.262654
2735,-5.084615384615384,0.031375374732334045,0.016951808,0.26471
2736,-5.080769230769231,0.031746680942184156,0.016984917,0.263168
2737,-5.076923076923077,0.03162291220556745,0.016951808,0.264196
2738,-5.073076923076924,0.031375374732334045,0.016918699,0.263682
2739,-5.069230769230769,0.031375374732334045,0.016984917,0.263682
2740,-5.065384615384616,0.031746680942184156,0.017018026,0.264196
2741,-5.061538461538461,0.031808565310492504,0.016951808,0.262654
2742,-5.057692307692308,0.0315610278372591,0.016984917,0.263682
2743,-5.053846153846154,0.03162291220556745,0.016984917,0.263168
2744,-5.050000000000001,0.031808565310492504,0.016984917,0.26471
2745,-5.046153846153846,0.031808565310492504,0.016951808,0.262654
2746,-5.042307692307693,0.03149914346895075,0.016984917,0.26471
2747,-5.038461538461538,0.03162291220556745,0.017018026,0.26214000000000004
2748,-5.034615384615385,0.031746680942184156,0.016951808,0.265224
2749,-5.030769230769231,0.03149914346895075,0.016984917,0.262654
2750,-5.026923076923078,0.03149914346895075,0.017018026,0.264196
2751,-5.023076923076923,0.0316847965738758,0.017018026,0.263682
2752,-5.019230769230768,0.0316847965738758,0.016951808,0.264196
2753,-5.015384615384615,0.03162291220556745,0.016951808,0.263682
2754,-5.011538461538461,0.03162291220556745,0.017018026,0.263682
2755,-5.007692307692308,0.031808565310492504,0.016951808,0.264196
2756,-5.003846153846153,0.031746680942184156,0.016918699,0.263168
2757,-5.0,0.0314372591006424,0.016984917,0.26471
2758,-4.996153846153845,0.031375374732334045,0.017018026,0.262654
2759,-4.992307692307692,0.031746680942184156,0.016918699,0.26471
2760,-4.988461538461538,0.031808565310492504,0.016918699,0.262654
2761,-4.984615384615385,0.0316847965738758,0.017018026,0.26471
2762,-4.98076923076923,0.031746680942184156,0.016951808,0.262654
2763,-4.976923076923077,0.031746680942184156,0.016918699,0.263682
2764,-4.973076923076922,0.031932334047109205,0.016918699,0.263682
2765,-4.969230769230769,0.0315610278372591,0.017018026,0.264196
2766,-4.965384615384615,0.0314372591006424,0.016984917,0.263682
2767,-4.961538461538462,0.03187044967880086,0.016918699,0.263168
2768,-4.957692307692307,0.03187044967880086,0.017018026,0.263682
2769,-4.953846153846154,0.0315610278372591,0.017018026,0.263168
2770,-4.949999999999999,0.0314372591006424,0.016984917,0.26471
2771,-4.946153846153846,0.03162291220556745,0.016951808,0.262654
2772,-4.942307692307692,0.0316847965738758,0.016984917,0.265224
2773,-4.938461538461539,0.031746680942184156,0.017018026,0.262654
2774,-4.934615384615384,0.031375374732334045,0.016951808,0.265224
2775,-4.930769230769231,0.031746680942184156,0.016984917,0.262654
2776,-4.926923076923076,0.03187044967880086,0.017018026,0.264196
2777,-4.923076923076923,0.031746680942184156,0.016984917,0.263682
2778,-4.919230769230769,0.03162291220556745,0.016918699,0.26471
2779,-4.915384615384616,0.0316847965738758,0.016918699,0.264196
2780,-4.911538461538461,0.031932334047109205,0.016984917,0.263682
2781,-4.907692307692308,0.03149914346895075,0.016951808,0.263682
2782,-4.903846153846153,0.03149914346895075,0.016918699,0.263168
2783,-4.9,0.031746680942184156,0.016951808,0.26471
2784,-4.896153846153846,0.0316847965738758,0.017018026,0.262654
2785,-4.892307692307693,0.03149914346895075,0.016984917,0.265224
2786,-4.888461538461538,0.03162291220556745,0.016918699,0.262654
2787,-4.884615384615385,0.03187044967880086,0.016984917,0.26471
2788,-4.88076923076923,0.03162291220556745,0.016984917,0.262654
2789,-4.876923076923077,0.0315610278372591,0.016951808,0.264196
2790,-4.873076923076923,0.0314372591006424,0.016951808,0.263168
2791,-4.86923076923077,0.031746680942184156,0.017018026,0.264196
2792,-4.865384615384615,0.0316847965738758,0.016984917,0.263682
2793,-4.861538461538462,0.0314372591006424,0.016951808,0.263168
2794,-4.857692307692307,0.0316847965738758,0.016984917,0.263168
2795,-4.853846153846154,0.03199421841541756,0.016984917,0.263168
2796,-4.85,0.031808565310492504,0.017018026,0.265224
2797,-4.846153846153847,0.0314372591006424,0.016918699,0.262654
2798,-4.842307692307692,0.031808565310492504,0.017018026,0.26471
2799,-4.838461538461539,0.03199421841541756,0.016984917,0.262654
2800,-4.834615384615384,0.0315610278372591,0.016951808,0.26471
2801,-4.830769230769231,0.03149914346895075,0.016951808,0.263168
2802,-4.826923076923077,0.03162291220556745,0.017018026,0.26471
2803,-4.823076923076924,0.031808565310492504,0.017018026,0.263168
2804,-4.819230769230769,0.03149914346895075,0.016951808,0.264196
2805,-4.815384615384616,0.03149914346895075,0.016951808,0.263682
2806,-4.811538461538461,0.0316847965738758,0.017018026,0.263682
2807,-4.807692307692308,0.0315610278372591,0.016951808,0.263682
2808,-4.803846153846154,0.0314372591006424,0.016951808,0.263682
2809,-4.800000000000001,0.03149914346895075,0.016984917,0.26471
2810,-4.796153846153846,0.03187044967880086,0.016984917,0.263168
2811,-4.792307692307693,0.0315610278372591,0.016951808,0.26471
2812,-4.788461538461538,0.031375374732334045,0.016951808,0.262654
2813,-4.784615384615385,0.03162291220556745,0.017018026,0.265224
2814,-4.780769230769231,0.03149914346895075,0.016951808,0.263168
2815,-4.776923076923078,0.0314372591006424,0.016918699,0.26471
2816,-4.773076923076923,0.031375374732334045,0.017018026,0.262654
2817,-4.769230769230768,0.03187044967880086,0.017018026,0.26471
2818,-4.765384615384615,0.031746680942184156,0.016951808,0.263168
2819,-4.761538461538461,0.0315610278372591,0.016951808,0.264196
2820,-4.757692307692308,0.03162291220556745,0.017018026,0.263168
2821,-4.753846153846153,0.031808565310492504,0.016951808,0.263168
2822,-4.75,0.0316847965738758,0.016918699,0.264196
2823,-4.746153846153845,0.031375374732334045,0.016951808,0.262654
2824,-4.742307692307692,0.0315610278372591,0.016984917,0.26471
2825,-4.738461538461538,0.03187044967880086,0.016951808,0.262654
2826,-4.734615384615385,0.0315610278372591,0.016951808,0.264196
2827,-4.73076923076923,0.03162291220556745,0.017018026,0.263168
2828,-4.726923076923077,0.03162291220556745,0.016984917,0.265224
2829,-4.723076923076922,0.031746680942184156,0.016951808,0.263168
2830,-4.719230769230769,0.03162291220556745,0.016984917,0.26471
2831,-4.715384615384615,0.031375374732334045,0.017018026,0.262654
2832,-4.711538461538462,0.0315610278372591,0.016951808,0.26471
2833,-4.707692307692307,0.0316847965738758,0.016951808,0.263168
2834,-4.703846153846154,0.0315610278372591,0.017018026,0.264196
2835,-4.699999999999999,0.0315610278372591,0.017018026,0.264196
2836,-4.696153846153846,0.03162291220556745,0.016951808,0.263168
2837,-4.692307692307692,0.032056102783725914,0.016918699,0.264196
2838,-4.688461538461539,0.031746680942184156,0.016984917,0.262654
2839,-4.684615384615384,0.031375374732334045,0.017018026,0.26471
2840,-4.680769230769231,0.03187044967880086,0.016918699,0.263168
2841,-4.676923076923076,0.031808565310492504,0.016918699,0.264196
2842,-4.673076923076923,0.031746680942184156,0.016984917,0.262654
2843,-4.669230769230769,0.03149914346895075,0.016984917,0.26471
2844,-4.665384615384616,0.0314372591006424,0.016918699,0.263168
2845,-4.661538461538461,0.031746680942184156,0.016951808,0.263682
2846,-4.657692307692308,0.03162291220556745,0.017018026,0.262654
2847,-4.653846153846153,0.0314372591006424,0.016951808,0.263682
2848,-4.65,0.0315610278372591,0.016918699,0.264196
2849,-4.646153846153846,0.03187044967880086,0.016951808,0.262654
2850,-4.642307692307693,0.0315610278372591,0.017018026,0.264196
2851,-4.638461538461538,0.03131349036402569,0.016984917,0.262654
2852,-4.634615384615385,0.03162291220556745,0.016951808,0.26471
2853,-4.63076923076923,0.0316847965738758,0.017018026,0.263682
2854,-4.626923076923077,0.0315610278372591,0.017018026,0.26471
2855,-4.623076923076923,0.03149914346895075,0.016951808,0.26214000000000004
2856,-4.61923076923077,0.03187044967880086,0.016951808,0.26471
2857,-4.615384615384615,0.032056102783725914,0.016984917,0.262654
2858,-4.611538461538462,0.0315610278372591,0.016984917,0.265224
2859,-4.607692307692307,0.0314372591006424,0.016918699,0.263168
2860,-4.603846153846154,0.0316847965738758,0.017018026,0.26471
2861,-4.6,0.0316847965738758,0.017018026,0.263682
2862,-4.596153846153847,0.03162291220556745,0.016984917,0.263682
2863,-4.592307692307692,0.03162291220556745,0.016918699,0.264196
2864,-4.588461538461539,0.031808565310492504,0.016984917,0.262654
2865,-4.584615384615384,0.0316847965738758,0.017018026,0.26471
2866,-4.580769230769231,0.0314372591006424,0.016951808,0.264196
2867,-4.576923076923077,0.0314372591006424,0.016951808,0.26471
2868,-4.573076923076924,0.0316847965738758,0.016984917,0.262654
2869,-4.569230769230769,0.031808565310492504,0.017018026,0.26471
2870,-4.565384615384616,0.03162291220556745,0.016918699,0.262654
2871,-4.561538461538461,0.0315610278372591,0.016951808,0.264196
2872,-4.557692307692308,0.031746680942184156,0.017018026,0.262654
2873,-4.553846153846154,0.03149914346895075,0.016918699,0.26471
2874,-4.550000000000001,0.031375374732334045,0.016918699,0.263168
2875,-4.546153846153846,0.03162291220556745,0.016984917,0.263168
2876,-4.542307692307693,0.031746680942184156,0.016984917,0.264196
2877,-4.538461538461538,0.03162291220556745,0.016951808,0.262654
2878,-4.534615384615385,0.03149914346895075,0.016951808,0.264196
2879,-4.530769230769231,0.031808565310492504,0.016984917,0.26471
2880,-4.526923076923078,0.0316847965738758,0.016984917,0.264196
2881,-4.523076923076923,0.0314372591006424,0.016918699,0.262654
2882,-4.519230769230768,0.03149914346895075,0.016984917,0.26471
2883,-4.515384615384615,0.031746680942184156,0.016984917,0.262654
2884,-4.511538461538461,0.0316847965738758,0.016951808,0.26471
2885,-4.507692307692308,0.03131349036402569,0.016984917,0.262654
2886,-4.503846153846153,0.03187044967880086,0.017018026,0.265224
2887,-4.5,0.03187044967880086,0.016984917,0.262654
2888,-4.496153846153845,0.0316847965738758,0.016918699,0.263682
2889,-4.492307692307692,0.0315610278372591,0.016984917,0.263682
2890,-4.488461538461538,0.031746680942184156,0.017018026,0.263682
2891,-4.484615384615385,0.03199421841541756,0.016951808,0.264196
2892,-4.48076923076923,0.0314372591006424,0.017018026,0.26471
2893,-4.476923076923077,0.03149914346895075,0.017018026,0.264196
2894,-4.473076923076922,0.03162291220556745,0.016984917,0.262654
2895,-4.469230769230769,0.031746680942184156,0.016918699,0.26471
2896,-4.465384615384615,0.0314372591006424,0.016984917,0.262654
2897,-4.461538461538462,0.0315610278372591,0.017018026,0.26471
2898,-4.457692307692307,0.031808565310492504,0.016951808,0.262654
2899,-4.453846153846154,0.0315610278372591,0.016951808,0.26471
2900,-4.449999999999999,0.0314372591006424,0.016984917,0.263168
2901,-4.446153846153846,0.03149914346895075,0.017018026,0.263682
2902,-4.442307692307692,0.031808565310492504,0.016918699,0.263682
2903,-4.438461538461539,0.031808565310492504,0.016918699,0.263168
2904,-4.434615384615384,0.0314372591006424,0.017018026,0.264196
2905,-4.430769230769231,0.031808565310492504,0.016951808,0.26471
2906,-4.426923076923076,0.031808565310492504,0.016918699,0.264196
2907,-4.423076923076923,0.031932334047109205,0.016951808,0.262654
2908,-4.419230769230769,0.03162291220556745,0.017018026,0.265224
2909,-4.415384615384616,0.03149914346895075,0.016984917,0.262654
2910,-4.411538461538461,0.031808565310492504,0.016951808,0.265224
2911,-4.407692307692308,0.0316847965738758,0.016984917,0.262654
2912,-4.403846153846153,0.031251605995717344,0.016984917,0.265224
2913,-4.4,0.0314372591006424,0.016951808,0.263168
2914,-4.396153846153846,0.031746680942184156,0.016918699,0.264196
2915,-4.392307692307693,0.03187044967880086,0.017018026,0.263682
2916,-4.388461538461538,0.0314372591006424,0.017018026,0.263682
2917,-4.384615384615385,0.0314372591006424,0.016951808,0.264196
2918,-4.38076923076923,0.031808565310492504,0.017018026,0.265224
2919,-4.376923076923077,0.031808565310492504,0.017018026,0.264196
2920,-4.373076923076923,0.03162291220556745,0.016984917,0.262654
2921,-4.36923076923077,0.03149914346895075,0.016918699,0.26471
2922,-4.365384615384615,0.031746680942184156,0.016951808,0.262654
2923,-4.361538461538462,0.031746680942184156,0.017018026,0.265224
2924,-4.357692307692307,0.03131349036402569,0.016984917,0.263168
2925,-4.353846153846154,0.03162291220556745,0.016951808,0.26471
2926,-4.35,0.031746680942184156,0.016984917,0.262654
2927,-4.346153846153847,0.03187044967880086,0.017018026,0.263682
2928,-4.342307692307692,0.03149914346895075,0.016951808,0.263168
2929,-4.338461538461539,0.0315610278372591,0.016951808,0.263682
2930,-4.334615384615384,0.03187044967880086,0.016984917,0.263682
2931,-4.330769230769231,0.0314372591006424,0.016951808,0.26471
2932,-4.326923076923077,0.03149914346895075,0.016951808,0.264196
2933,-4.323076923076924,0.0314372591006424,0.016918699,0.262654
2934,-4.319230769230769,0.031808565310492504,0.017018026,0.26471
2935,-4.315384615384616,0.031746680942184156,0.017018026,0.26214000000000004
2936,-4.311538461538461,0.03149914346895075,0.016951808,0.265224
2937,-4.307692307692308,0.031746680942184156,0.017018026,0.263168
2938,-4.303846153846154,0.03162291220556745,0.016984917,0.26471
2939,-4.300000000000001,0.03162291220556745,0.016951808,0.262654
2940,-4.296153846153846,0.0315610278372591,0.016951808,0.264196
2941,-4.292307692307693,0.031746680942184156,0.017018026,0.262654
2942,-4.288461538461538,0.031808565310492504,0.017018026,0.264196
2943,-4.284615384615385,0.0314372591006424,0.016984917,0.263682
2944,-4.280769230769231,0.031746680942184156,0.017018026,0.265224
2945,-4.276923076923076,0.031746680942184156,0.017018026,0.263682
2946,-4.273076923076923,0.0316847965738758,0.016984917,0.263168
2947,-4.269230769230768,0.03131349036402569,0.016918699,0.265224
2948,-4.265384615384615,0.03131349036402569,0.016984917,0.262654
2949,-4.261538461538461,0.031808565310492504,0.017018026,0.265224
2950,-4.257692307692308,0.03162291220556745,0.016918699,0.263168
2951,-4.253846153846153,0.03149914346895075,0.016951808,0.26471
2952,-4.25,0.031808565310492504,0.017018026,0.262654
2953,-4.246153846153845,0.031932334047109205,0.017018026,0.26471
2954,-4.242307692307692,0.03149914346895075,0.016951808,0.262654
2955,-4.238461538461538,0.0315610278372591,0.016951808,0.263682
2956,-4.234615384615385,0.031746680942184156,0.017018026,0.263682
2957,-4.23076923076923,0.0316847965738758,0.016951808,0.26471
2958,-4.226923076923077,0.03162291220556745,0.016951808,0.264196
2959,-4.223076923076922,0.0315610278372591,0.016984917,0.262654
2960,-4.219230769230769,0.031746680942184156,0.016984917,0.26471
2961,-4.215384615384615,0.03187044967880086,0.016951808,0.262654
2962,-4.211538461538462,0.03149914346895075,0.016951808,0.26471
2963,-4.207692307692307,0.031808565310492504,0.017018026,0.262654
2964,-4.203846153846154,0.031932334047109205,0.016951808,0.26471
2965,-4.199999999999999,0.03162291220556745,0.016918699,0.262654
2966,-4.196153846153846,0.0314372591006424,0.017018026,0.265224
2967,-4.192307692307692,0.031746680942184156,0.016984917,0.26214000000000004
2968,-4.188461538461539,0.031746680942184156,0.016918699,0.26471
2969,-4.184615384615384,0.031375374732334045,0.016951808,0.262654
2970,-4.180769230769231,0.0316847965738758,0.016984917,0.265224
2971,-4.176923076923076,0.03162291220556745,0.016984917,0.263682
2972,-4.173076923076923,0.0316847965738758,0.016918699,0.264196
2973,-4.169230769230769,0.03149914346895075,0.017018026,0.263682
2974,-4.165384615384616,0.0315610278372591,0.017018026,0.263168
2975,-4.161538461538461,0.03187044967880086,0.016918699,0.26471
2976,-4.157692307692308,0.03162291220556745,0.016984917,0.264196
2977,-4.153846153846153,0.0314372591006424,0.016984917,0.264196
2978,-4.15,0.03162291220556745,0.016984917,0.262654
2979,-4.146153846153846,0.031746680942184156,0.016918699,0.26471
2980,-4.142307692307693,0.031808565310492504,0.016984917,0.262654
2981,-4.138461538461538,0.03149914346895075,0.017018026,0.26471
2982,-4.134615384615385,0.03149914346895075,0.016951808,0.262654
2983,-4.13076923076923,0.031808565310492504,0.016918699,0.26471
2984,-4.126923076923077,0.031808565310492504,0.016951808,0.263682
2985,-4.123076923076923,0.03162291220556745,0.016984917,0.263168
2986,-4.11923076923077,0.0314372591006424,0.016984917,0.264196
2987,-4.115384615384615,0.0316847965738758,0.016951808,0.26214000000000004
2988,-4.111538461538462,0.03187044967880086,0.016984917,0.26471
2989,-4.107692307692307,0.0315610278372591,0.016984917,0.263168
2990,-4.103846153846154,0.031375374732334045,0.016951808,0.26471
2991,-4.1,0.0315610278372591,0.016918699,0.262654
2992,-4.096153846153847,0.03199421841541756,0.016951808,0.26471
2993,-4.092307692307692,0.031746680942184156,0.017018026,0.262654
2994,-4.088461538461539,0.03131349036402569,0.016951808,0.264196
2995,-4.084615384615384,0.03162291220556745,0.016918699,0.263682
2996,-4.080769230769231,0.03162291220556745,0.017018026,0.26471
2997,-4.076923076923077,0.0315610278372591,0.017018026,0.264196
2998,-4.073076923076924,0.031375374732334045,0.016951808,0.263168
2999,-4.069230769230769,0.031808565310492504,0.016951808,0.264196
3000,-4.065384615384616,0.031808565310492504,0.016984917,0.263168
3001,-4.061538461538461,0.0316847965738758,0.017018026,0.26471
3002,-4.057692307692308,0.0315610278372591,0.016951808,0.263168
3003,-4.053846153846154,0.031746680942184156,0.016984917,0.26471
3004,-4.050000000000001,0.031746680942184156,0.017018026,0.262654
3005,-4.046153846153846,0.03162291220556745,0.016984917,0.265224
3006,-4.042307692307693,0.03149914346895075,0.016951808,0.262654
3007,-4.038461538461538,0.031808565310492504,0.016951808,0.264196
3008,-4.034615384615384,0.03187044967880086,0.017018026,0.263168
3009,-4.030769230769231,0.0316847965738758,0.016951808,0.26471
3010,-4.026923076923076,0.03149914346895075,0.016951808,0.263682
3011,-4.023076923076923,0.0316847965738758,0.016984917,0.263168
3012,-4.019230769230768,0.03162291220556745,0.017018026,0.264196
3013,-4.015384615384615,0.0315610278372591,0.016951808,0.262654
3014,-4.011538461538461,0.0316847965738758,0.016951808,0.26471
3015,-4.007692307692308,0.031746680942184156,0.016984917,0.263168
3016,-4.003846153846153,0.0314372591006424,0.016951808,0.26471
3017,-4.0,0.0315610278372591,0.016918699,0.262654
3018,-3.9961538461538453,0.03187044967880086,0.017018026,0.265224
3019,-3.9923076923076923,0.031808565310492504,0.017018026,0.262654
3020,-3.9884615384615376,0.0315610278372591,0.016918699,0.26471
3021,-3.9846153846153847,0.03162291220556745,0.016918699,0.263168
3022,-3.98076923076923,0.031932334047109205,0.017018026,0.26573800000000003
3023,-3.976923076923077,0.03187044967880086,0.016984917,0.263168
3024,-3.9730769230769223,0.03149914346895075,0.016918699,0.263682
3025,-3.9692307692307693,0.0314372591006424,0.016984917,0.263682
3026,-3.9653846153846146,0.03162291220556745,0.017018026,0.263682
3027,-3.9615384615384617,0.0316847965738758,0.016951808,0.26471
3028,-3.957692307692307,0.03149914346895075,0.016984917,0.264196
3029,-3.953846153846154,0.03187044967880086,0.017018026,0.26471
3030,-3.9499999999999993,0.032056102783725914,0.016984917,0.262654
3031,-3.9461538461538463,0.03162291220556745,0.016918699,0.26471
3032,-3.9423076923076916,0.0314372591006424,0.016984917,0.262654
3033,-3.9384615384615387,0.031746680942184156,0.017018026,0.26471
3034,-3.934615384615384,0.03162291220556745,0.016951808,0.262654
3035,-3.930769230769231,0.031251605995717344,0.016951808,0.26471
3036,-3.9269230769230763,0.03131349036402569,0.017018026,0.263168
3037,-3.9230769230769234,0.0315610278372591,0.016984917,0.263682
3038,-3.9192307692307686,0.0316847965738758,0.016951808,0.263682
3039,-3.9153846153846157,0.0315610278372591,0.016951808,0.262654
3040,-3.911538461538461,0.03149914346895075,0.017018026,0.264196
3041,-3.907692307692308,0.0316847965738758,0.016951808,0.263682
3042,-3.9038461538461533,0.031375374732334045,0.016951808,0.264196
3043,-3.9000000000000004,0.031251605995717344,0.016984917,0.262654
3044,-3.8961538461538456,0.031375374732334045,0.017018026,0.265224
3045,-3.8923076923076927,0.03187044967880086,0.016951808,0.262654
3046,-3.888461538461538,0.031746680942184156,0.016951808,0.26471
3047,-3.884615384615385,0.03149914346895075,0.016984917,0.263168
3048,-3.8807692307692303,0.03199421841541756,0.016951808,0.265224
3049,-3.8769230769230774,0.031932334047109205,0.016918699,0.263168
3050,-3.8730769230769226,0.0316847965738758,0.016951808,0.263682
3051,-3.8692307692307697,0.031375374732334045,0.016984917,0.264196
3052,-3.865384615384615,0.031375374732334045,0.016984917,0.263168
3053,-3.861538461538462,0.031746680942184156,0.016918699,0.26471
3054,-3.8576923076923073,0.0316847965738758,0.017018026,0.263682
3055,-3.8538461538461544,0.03149914346895075,0.017018026,0.264196
3056,-3.8499999999999996,0.0314372591006424,0.016951808,0.262654
3057,-3.8461538461538467,0.0316847965738758,0.016918699,0.26471
3058,-3.842307692307692,0.03149914346895075,0.017018026,0.262654
3059,-3.838461538461539,0.03162291220556745,0.017018026,0.26471
3060,-3.8346153846153843,0.0315610278372591,0.016951808,0.262654
3061,-3.8307692307692314,0.031808565310492504,0.016984917,0.26471
3062,-3.8269230769230766,0.03162291220556745,0.017018026,0.262654
3063,-3.8230769230769237,0.0315610278372591,0.016984917,0.263682
3064,-3.819230769230769,0.0315610278372591,0.016918699,0.263682
3065,-3.815384615384616,0.0316847965738758,0.016951808,0.263168
3066,-3.8115384615384613,0.031746680942184156,0.017018026,0.263682
3067,-3.8076923076923084,0.031375374732334045,0.016951808,0.264196
3068,-3.8038461538461537,0.031746680942184156,0.016951808,0.263682
3069,-3.8000000000000007,0.031932334047109205,0.016984917,0.262654
3070,-3.796153846153846,0.031808565310492504,0.017018026,0.26471
3071,-3.792307692307693,0.03162291220556745,0.016984917,0.26214000000000004
3072,-3.7884615384615383,0.0316847965738758,0.016918699,0.26471
3073,-3.7846153846153836,0.031808565310492504,0.016984917,0.262654
3074,-3.7807692307692307,0.031251605995717344,0.016951808,0.264196
3075,-3.776923076923076,0.031375374732334045,0.016918699,0.262654
3076,-3.773076923076923,0.03149914346895075,0.016918699,0.263682
3077,-3.7692307692307683,0.031808565310492504,0.016984917,0.264196
3078,-3.7653846153846153,0.031808565310492504,0.017018026,0.263682
3079,-3.7615384615384606,0.031375374732334045,0.016918699,0.264196
3080,-3.7576923076923077,0.0315610278372591,0.017018026,0.264196
3081,-3.753846153846153,0.03162291220556745,0.017018026,0.263682
3082,-3.75,0.0315610278372591,0.016984917,0.263168
3083,-3.7461538461538453,0.031375374732334045,0.016918699,0.265224
3084,-3.7423076923076923,0.0315610278372591,0.016984917,0.263168
3085,-3.7384615384615376,0.031808565310492504,0.017018026,0.26471
3086,-3.7346153846153847,0.03149914346895075,0.016951808,0.262654
3087,-3.73076923076923,0.031746680942184156,0.016984917,0.26471
3088,-3.726923076923077,0.03187044967880086,0.016984917,0.262654
3089,-3.7230769230769223,0.031932334047109205,0.017018026,0.263682
3090,-3.7192307692307693,0.03149914346895075,0.016951808,0.263682
3091,-3.7153846153846146,0.0315610278372591,0.016918699,0.263168
3092,-3.7115384615384617,0.031808565310492504,0.017018026,0.264196
3093,-3.707692307692307,0.03162291220556745,0.016951808,0.264196
3094,-3.703846153846154,0.031375374732334045,0.016951808,0.263682
3095,-3.6999999999999993,0.031746680942184156,0.016984917,0.262654
3096,-3.6961538461538463,0.031808565310492504,0.017018026,0.265224
3097,-3.6923076923076916,0.0315610278372591,0.016951808,0.262654
3098,-3.6884615384615387,0.0314372591006424,0.016918699,0.26471
3099,-3.684615384615384,0.0316847965738758,0.016984917,0.262654
3100,-3.680769230769231,0.0315610278372591,0.016951808,0.26471
3101,-3.6769230769230763,0.03162291220556745,0.016918699,0.262654
3102,-3.6730769230769234,0.03162291220556745,0.016984917,0.26471
3103,-3.6692307692307686,0.03187044967880086,0.016984917,0.263168
3104,-3.6653846153846157,0.031808565310492504,0.016951808,0.264196
3105,-3.661538461538461,0.03149914346895075,0.016951808,0.263682
3106,-3.657692307692308,0.031808565310492504,0.017018026,0.265224
3107,-3.6538461538461533,0.031746680942184156,0.016951808,0.263168
3108,-3.6500000000000004,0.0316847965738758,0.016918699,0.263168
3109,-3.6461538461538456,0.0314372591006424,0.016918699,0.26471
3110,-3.6423076923076927,0.03162291220556745,0.017018026,0.263168
3111,-3.638461538461538,0.03187044967880086,0.016984917,0.26471
3112,-3.634615384615385,0.03149914346895075,0.016951808,0.263168
3113,-3.6307692307692303,0.031746680942184156,0.017018026,0.264196
3114,-3.6269230769230774,0.031746680942184156,0.016984917,0.262654
3115,-3.6230769230769226,0.031746680942184156,0.016918699,0.264196
3116,-3.6192307692307697,0.0316847965738758,0.016951808,0.263168
3117,-3.615384615384615,0.03162291220556745,0.016984917,0.264196
3118,-3.611538461538462,0.03187044967880086,0.016951808,0.263682
3119,-3.6076923076923073,0.031808565310492504,0.016918699,0.264196
3120,-3.6038461538461544,0.031375374732334045,0.016984917,0.263682
3121,-3.5999999999999996,0.0315610278372591,0.016984917,0.263168
3122,-3.5961538461538467,0.03162291220556745,0.016951808,0.26471
3123,-3.592307692307692,0.031746680942184156,0.016951808,0.262654
3124,-3.588461538461539,0.0315610278372591,0.017018026,0.26471
3125,-3.5846153846153843,0.03149914346895075,0.017018026,0.262654
3126,-3.5807692307692314,0.031808565310492504,0.016918699,0.26471
3127,-3.5769230769230766,0.03187044967880086,0.016918699,0.262654
3128,-3.5730769230769237,0.031746680942184156,0.017018026,0.264196
3129,-3.569230769230769,0.031251605995717344,0.016984917,0.263682
3130,-3.565384615384616,0.03149914346895075,0.016951808,0.263682
3131,-3.5615384615384613,0.0316847965738758,0.016918699,0.264196
3132,-3.5576923076923084,0.0314372591006424,0.017018026,0.264196
3133,-3.5538461538461537,0.03149914346895075,0.016984917,0.264196
3134,-3.5500000000000007,0.03162291220556745,0.016918699,0.262654
3135,-3.546153846153846,0.03162291220556745,0.016951808,0.26471
3136,-3.542307692307693,0.03149914346895075,0.017018026,0.263168
3137,-3.5384615384615383,0.031375374732334045,0.016951808,0.265224
3138,-3.5346153846153836,0.031746680942184156,0.016951808,0.262654
3139,-3.5307692307692307,0.031746680942184156,0.017018026,0.26471
3140,-3.526923076923076,0.0315610278372591,0.017018026,0.262654
3141,-3.523076923076923,0.0316847965738758,0.016951808,0.263682
3142,-3.5192307692307683,0.031746680942184156,0.016951808,0.262654
3143,-3.5153846153846153,0.031932334047109205,0.016984917,0.263168
3144,-3.5115384615384606,0.031808565310492504,0.017018026,0.264196
3145,-3.5076923076923077,0.0315610278372591,0.016951808,0.264196
3146,-3.503846153846153,0.0316847965738758,0.016951808,0.263168
3147,-3.5,0.03187044967880086,0.017018026,0.262654
3148,-3.4961538461538453,0.031808565310492504,0.017018026,0.265224
3149,-3.4923076923076923,0.03162291220556745,0.016951808,0.26214000000000004
3150,-3.4884615384615376,0.03162291220556745,0.016951808,0.26471
3151,-3.4846153846153847,0.031746680942184156,0.016984917,0.26214000000000004
3152,-3.48076923076923,0.03131349036402569,0.016951808,0.265224
3153,-3.476923076923077,0.031375374732334045,0.016918699,0.262654
3154,-3.4730769230769223,0.0316847965738758,0.016951808,0.264196
3155,-3.4692307692307693,0.031808565310492504,0.016984917,0.263168
3156,-3.4653846153846146,0.0315610278372591,0.016984917,0.263682
3157,-3.4615384615384617,0.03149914346895075,0.016918699,0.264196
3158,-3.457692307692307,0.03187044967880086,0.017018026,0.26471
3159,-3.453846153846154,0.03149914346895075,0.016984917,0.264196
3160,-3.4499999999999993,0.03149914346895075,0.016951808,0.262654
3161,-3.4461538461538463,0.03162291220556745,0.016951808,0.26471
3162,-3.4423076923076916,0.03211798715203426,0.017018026,0.263168
3163,-3.4384615384615387,0.031746680942184156,0.016984917,0.26471
3164,-3.434615384615384,0.03149914346895075,0.016918699,0.262654
3165,-3.430769230769231,0.03162291220556745,0.017018026,0.265224
3166,-3.4269230769230763,0.031808565310492504,0.017018026,0.262654
3167,-3.4230769230769234,0.03162291220556745,0.016951808,0.263682
3168,-3.4192307692307686,0.03149914346895075,0.016918699,0.263168
3169,-3.4153846153846157,0.031746680942184156,0.016984917,0.263682
3170,-3.411538461538461,0.03199421841541756,0.017018026,0.263682
3171,-3.407692307692308,0.03149914346895075,0.016918699,0.263682
3172,-3.4038461538461533,0.03131349036402569,0.016951808,0.264196
3173,-3.4000000000000004,0.0316847965738758,0.016984917,0.262654
3174,-3.3961538461538456,0.03187044967880086,0.016984917,0.265224
3175,-3.3923076923076927,0.031375374732334045,0.016951808,0.262654
3176,-3.388461538461538,0.031375374732334045,0.016984917,0.265224
3177,-3.384615384615385,0.031808565310492504,0.016984917,0.262654
3178,-3.3807692307692303,0.0315610278372591,0.016951808,0.26471
3179,-3.3769230769230774,0.0315610278372591,0.016918699,0.263168
3180,-3.3730769230769226,0.03162291220556745,0.017018026,0.264196
3181,-3.3692307692307697,0.031932334047109205,0.016984917,0.263168
3182,-3.365384615384615,0.031746680942184156,0.016951808,0.264196
3183,-3.361538461538462,0.03149914346895075,0.016951808,0.264196
3184,-3.3576923076923073,0.031746680942184156,0.016984917,0.264196
3185,-3.3538461538461544,0.03187044967880086,0.016951808,0.264196
3186,-3.3499999999999996,0.0315610278372591,0.016951808,0.262654
3187,-3.3461538461538467,0.0315610278372591,0.016984917,0.26471
3188,-3.342307692307692,0.031746680942184156,0.016984917,0.262654
3189,-3.338461538461539,0.03187044967880086,0.016918699,0.26471
3190,-3.3346153846153843,0.0316847965738758,0.016951808,0.262654
3191,-3.3307692307692314,0.03149914346895075,0.017018026,0.265224
3192,-3.3269230769230766,0.03149914346895075,0.016984917,0.262654
3193,-3.3230769230769237,0.031746680942184156,0.016918699,0.263682
3194,-3.319230769230769,0.03149914346895075,0.016984917,0.263168
3195,-3.315384615384616,0.0314372591006424,0.016984917,0.263682
3196,-3.3115384615384613,0.0315610278372591,0.016951808,0.264196
3197,-3.3076923076923084,0.031746680942184156,0.016951808,0.264196
3198,-3.3038461538461537,0.03162291220556745,0.017018026,0.263682
3199,-3.3000000000000007,0.03149914346895075,0.016951808,0.262654
3200,-3.296153846153846,0.0315610278372591,0.016951808,0.265224
3201,-3.2923076923076913,0.031746680942184156,0.016951808,0.262654
3202,-3.2884615384615383,0.0314372591006424,0.017018026,0.26471
3203,-3.2846153846153836,0.031251605995717344,0.016984917,0.262654
3204,-3.2807692307692307,0.031808565310492504,0.016951808,0.265224
3205,-3.276923076923076,0.032056102783725914,0.016918699,0.263168
3206,-3.273076923076923,0.03199421841541756,0.017018026,0.26471
3207,-3.2692307692307683,0.0315610278372591,0.016984917,0.263168
3208,-3.2653846153846153,0.03149914346895075,0.016951808,0.263682
3209,-3.2615384615384606,0.031746680942184156,0.016951808,0.264196
3210,-3.2576923076923077,0.03149914346895075,0.016984917,0.265224
3211,-3.253846153846153,0.03149914346895075,0.016951808,0.264196
3212,-3.25,0.03162291220556745,0.016951808,0.262654
3213,-3.2461538461538453,0.031932334047109205,0.016951808,0.26471
3214,-3.2423076923076923,0.0315610278372591,0.016984917,0.262654
3215,-3.2384615384615376,0.03149914346895075,0.016951808,0.265224
3216,-3.2346153846153847,0.031808565310492504,0.016951808,0.262654
3217,-3.23076923076923,0.031808565310492504,0.017018026,0.26471
3218,-3.226923076923077,0.03149914346895075,0.016984917,0.262654
3219,-3.2230769230769223,0.031251605995717344,0.016951808,0.263682
3220,-3.2192307692307693,0.03149914346895075,0.016951808,0.263682
3221,-3.2153846153846146,0.031808565310492504,0.017018026,0.263682
3222,-3.2115384615384617,0.0315610278372591,0.016984917,0.264196
3223,-3.207692307692307,0.031375374732334045,0.016951808,0.263682
3224,-3.203846153846154,0.031808565310492504,0.016984917,0.264196
3225,-3.1999999999999993,0.03187044967880086,0.017018026,0.262654
3226,-3.1961538461538463,0.03162291220556745,0.016951808,0.26471
3227,-3.1923076923076916,0.03149914346895075,0.016951808,0.262654
3228,-3.1884615384615387,0.031746680942184156,0.016984917,0.265224
3229,-3.184615384615384,0.03187044967880086,0.017018026,0.262654
3230,-3.180769230769231,0.03162291220556745,0.016951808,0.26471
3231,-3.1769230769230763,0.0315610278372591,0.016951808,0.262654
3232,-3.1730769230769234,0.031808565310492504,0.017018026,0.264196
3233,-3.1692307692307686,0.031746680942184156,0.016984917,0.262654
3234,-3.1653846153846157,0.03149914346895075,0.016951808,0.264196
3235,-3.161538461538461,0.03162291220556745,0.016951808,0.264196
3236,-3.157692307692308,0.03187044967880086,0.016984917,0.264196
3237,-3.1538461538461533,0.0315610278372591,0.016951808,0.264196
3238,-3.1500000000000004,0.031251605995717344,0.016951808,0.263168
3239,-3.1461538461538456,0.0314372591006424,0.016984917,0.26471
3240,-3.1423076923076927,0.03162291220556745,0.016984917,0.263168
3241,-3.138461538461538,0.03162291220556745,0.016918699,0.265224
3242,-3.134615384615385,0.03162291220556745,0.016984917,0.263168
3243,-3.1307692307692303,0.031808565310492504,0.017018026,0.264196
3244,-3.1269230769230774,0.031808565310492504,0.016951808,0.262654
3245,-3.1230769230769226,0.0315610278372591,0.016918699,0.264196
3246,-3.1192307692307697,0.031746680942184156,0.017018026,0.263168
3247,-3.115384615384615,0.03199421841541756,0.017018026,0.264196
3248,-3.111538461538462,0.03149914346895075,0.016951808,0.263682
3249,-3.1076923076923073,0.03131349036402569,0.017018026,0.26471
3250,-3.1038461538461544,0.0316847965738758,0.016984917,0.262654
3251,-3.0999999999999996,0.03187044967880086,0.016951808,0.263168
3252,-3.0961538461538467,0.0316847965738758,0.016918699,0.26471
3253,-3.092307692307692,0.0314372591006424,0.017018026,0.263168
3254,-3.088461538461539,0.0315610278372591,0.017051135,0.26471
3255,-3.0846153846153843,0.03187044967880086,0.016951808,0.262654
3256,-3.0807692307692314,0.0316847965738758,0.016984917,0.264196
3257,-3.0769230769230766,0.0315610278372591,0.017018026,0.26214000000000004
3258,-3.0730769230769237,0.03187044967880086,0.016984917,0.265224
3259,-3.069230769230769,0.03187044967880086,0.016918699,0.263168
3260,-3.065384615384616,0.03149914346895075,0.016984917,0.264196
3261,-3.0615384615384613,0.0315610278372591,0.017018026,0.263168
3262,-3.0576923076923084,0.031746680942184156,0.016951808,0.26471
3263,-3.0538461538461537,0.03149914346895075,0.016951808,0.262654
3264,-3.049999999999999,0.03131349036402569,0.017018026,0.264196
3265,-3.046153846153846,0.0314372591006424,0.016984917,0.264196
3266,-3.0423076923076913,0.031932334047109205,0.016951808,0.263682
3267,-3.0384615384615383,0.031808565310492504,0.016918699,0.26471
3268,-3.0346153846153836,0.03149914346895075,0.016984917,0.263168
3269,-3.0307692307692307,0.031932334047109205,0.016918699,0.263682
3270,-3.026923076923076,0.03187044967880086,0.016951808,0.262654
3271,-3.023076923076923,0.031808565310492504,0.016984917,0.26471
3272,-3.0192307692307683,0.03149914346895075,0.017018026,0.262654
3273,-3.0153846153846153,0.03131349036402569,0.016951808,0.264196
3274,-3.0115384615384606,0.03162291220556745,0.016951808,0.263168
3275,-3.0076923076923077,0.03149914346895075,0.017018026,0.265224
3276,-3.003846153846153,0.03149914346895075,0.016951808,0.262654
3277,-3.0,0.031746680942184156,0.016951808,0.263682
3278,-2.9961538461538453,0.03187044967880086,0.016918699,0.264196
3279,-2.9923076923076923,0.031808565310492504,0.017018026,0.263168
3280,-2.9884615384615376,0.03149914346895075,0.017018026,0.265224
3281,-2.9846153846153847,0.0314372591006424,0.016918699,0.262654
3282,-2.98076923076923,0.031808565310492504,0.017018026,0.263682
3283,-2.976923076923077,0.03187044967880086,0.016984917,0.26214000000000004
3284,-2.9730769230769223,0.031746680942184156,0.017018026,0.265224
3285,-2.9692307692307693,0.031375374732334045,0.016951808,0.263168
3286,-2.9653846153846146,0.03162291220556745,0.016951808,0.264196
3287,-2.9615384615384617,0.031808565310492504,0.017018026,0.263682
3288,-2.957692307692307,0.03131349036402569,0.016951808,0.26471
3289,-2.953846153846154,0.0315610278372591,0.016918699,0.263168
3290,-2.9499999999999993,0.0316847965738758,0.016984917,0.263682
3291,-2.9461538461538463,0.031808565310492504,0.016984917,0.264196
3292,-2.9423076923076916,0.03162291220556745,0.016984917,0.263168
3293,-2.9384615384615387,0.0315610278372591,0.016918699,0.26471
3294,-2.934615384615384,0.031808565310492504,0.016984917,0.263168
3295,-2.930769230769231,0.0315610278372591,0.016984917,0.264196
3296,-2.9269230769230763,0.03149914346895075,0.016951808,0.262654
3297,-2.9230769230769234,0.0315610278372591,0.016918699,0.264196
3298,-2.9192307692307686,0.03187044967880086,0.016984917,0.262654
3299,-2.9153846153846157,0.03162291220556745,0.016984917,0.264196
3300,-2.911538461538461,0.0314372591006424,0.016918699,0.263682
3301,-2.907692307692308,0.03187044967880086,0.016984917,0.26471
3302,-2.9038461538461533,0.031932334047109205,0.017018026,0.262654
3303,-2.9000000000000004,0.031746680942184156,0.016951808,0.263682
3304,-2.8961538461538456,0.03149914346895075,0.016918699,0.26471
3305,-2.8923076923076927,0.03162291220556745,0.016984917,0.263682
3306,-2.888461538461538,0.031746680942184156,0.017018026,0.264196
3307,-2.884615384615385,0.03149914346895075,0.016951808,0.262654
3308,-2.8807692307692303,0.03187044967880086,0.017018026,0.263682
3309,-2.8769230769230774,0.031808565310492504,0.017018026,0.262654
3310,-2.8730769230769226,0.031808565310492504,0.016984917,0.265224
3311,-2.8692307692307697,0.0316847965738758,0.016951808,0.262654
3312,-2.865384615384615,0.03149914346895075,0.016951808,0.264196
3313,-2.861538461538462,0.031808565310492504,0.016984917,0.263168
3314,-2.8576923076923073,0.0315610278372591,0.016951808,0.265224
3315,-2.8538461538461544,0.03149914346895075,0.016918699,0.263168
3316,-2.8499999999999996,0.03131349036402569,0.016984917,0.263682
3317,-2.8461538461538467,0.031746680942184156,0.016984917,0.26471
3318,-2.842307692307692,0.0315610278372591,0.016951808,0.263682
3319,-2.838461538461539,0.031251605995717344,0.016918699,0.26471
3320,-2.8346153846153843,0.0314372591006424,0.016984917,0.263168
3321,-2.8307692307692314,0.03162291220556745,0.016951808,0.264196
3322,-2.8269230769230766,0.031251605995717344,0.016951808,0.262654
3323,-2.8230769230769237,0.0314372591006424,0.016951808,0.26471
3324,-2.819230769230769,0.0316847965738758,0.017018026,0.262654
3325,-2.815384615384616,0.031746680942184156,0.016951808,0.26471
3326,-2.8115384615384613,0.0314372591006424,0.016951808,0.263168
3327,-2.8076923076923084,0.0316847965738758,0.017018026,0.265224
3328,-2.8038461538461537,0.031808565310492504,0.016918699,0.262654
3329,-2.799999999999999,0.031746680942184156,0.016918699,0.263682
3330,-2.796153846153846,0.031375374732334045,0.016984917,0.264196
3331,-2.7923076923076913,0.0314372591006424,0.016984917,0.263168
3332,-2.7884615384615383,0.031746680942184156,0.016984917,0.26471
3333,-2.7846153846153836,0.031746680942184156,0.016951808,0.262654
3334,-2.7807692307692307,0.0316847965738758,0.017018026,0.263168
3335,-2.776923076923076,0.03162291220556745,0.016984917,0.262654
3336,-2.773076923076923,0.0316847965738758,0.016918699,0.26471
3337,-2.7692307692307683,0.03162291220556745,0.016951808,0.262654
3338,-2.7653846153846153,0.0314372591006424,0.017018026,0.26471
3339,-2.7615384615384606,0.0316847965738758,0.016984917,0.263168
3340,-2.7576923076923077,0.031808565310492504,0.016951808,0.265224
3341,-2.753846153846153,0.0314372591006424,0.016984917,0.263168
3342,-2.75,0.031251605995717344,0.017018026,0.264196
3343,-2.7461538461538453,0.03149914346895075,0.016951808,0.26471
3344,-2.7423076923076923,0.03187044967880086,0.016951808,0.263168
3345,-2.7384615384615376,0.0316847965738758,0.016984917,0.264196
3346,-2.7346153846153847,0.031375374732334045,0.016984917,0.263168
3347,-2.73076923076923,0.031932334047109205,0.016951808,0.264196
3348,-2.726923076923077,0.031808565310492504,0.016951808,0.262654
3349,-2.7230769230769223,0.03187044967880086,0.016984917,0.26471
3350,-2.7192307692307693,0.03162291220556745,0.017018026,0.262654
3351,-2.7153846153846146,0.03149914346895075,0.016918699,0.264196
3352,-2.7115384615384617,0.031808565310492504,0.016951808,0.263168
3353,-2.707692307692307,0.031746680942184156,0.017018026,0.26471
3354,-2.703846153846154,0.03149914346895075,0.016951808,0.263168
3355,-2.6999999999999993,0.0315610278372591,0.016918699,0.263168
3356,-2.6961538461538463,0.031746680942184156,0.016951808,0.264196
3357,-2.6923076923076916,0.0316847965738758,0.017018026,0.263168
3358,-2.6884615384615387,0.031251605995717344,0.016984917,0.26471
3359,-2.684615384615384,0.03149914346895075,0.016918699,0.262654
3360,-2.680769230769231,0.03187044967880086,0.017018026,0.264196
3361,-2.6769230769230763,0.0316847965738758,0.016984917,0.262654
3362,-2.6730769230769234,0.03131349036402569,0.016951808,0.265224
3363,-2.6692307692307686,0.03149914346895075,0.016951808,0.262654
3364,-2.6653846153846157,0.031808565310492504,0.017018026,0.26471
3365,-2.661538461538461,0.031808565310492504,0.017018026,0.263168
3366,-2.657692307692308,0.0314372591006424,0.016951808,0.26471
3367,-2.6538461538461533,0.03162291220556745,0.016951808,0.263682
3368,-2.6500000000000004,0.03162291220556745,0.017018026,0.263682
3369,-2.6461538461538456,0.0316847965738758,0.017018026,0.264196
3370,-2.6423076923076927,0.031375374732334045,0.016918699,0.263682
3371,-2.638461538461538,0.03162291220556745,0.016918699,0.26471
3372,-2.634615384615385,0.031808565310492504,0.017018026,0.263168
3373,-2.6307692307692303,0.0314372591006424,0.016951808,0.26471
3374,-2.6269230769230774,0.0315610278372591,0.016918699,0.262654
3375,-2.6230769230769226,0.031746680942184156,0.016951808,0.26471
3376,-2.6192307692307697,0.031746680942184156,0.017018026,0.262654
3377,-2.615384615384615,0.03149914346895075,0.016951808,0.264196
3378,-2.611538461538462,0.0315610278372591,0.016951808,0.263168
3379,-2.6076923076923073,0.03187044967880086,0.016984917,0.26471
3380,-2.6038461538461544,0.031808565310492504,0.016984917,0.263168
3381,-2.5999999999999996,0.03149914346895075,0.016951808,0.263168
3382,-2.5961538461538467,0.03149914346895075,0.016951808,0.264196
3383,-2.592307692307692,0.03199421841541756,0.017018026,0.263682
3384,-2.588461538461539,0.03199421841541756,0.016984917,0.26471
3385,-2.5846153846153843,0.0314372591006424,0.016918699,0.262654
3386,-2.5807692307692314,0.031746680942184156,0.017018026,0.263682
3387,-2.5769230769230766,0.031746680942184156,0.016984917,0.26214000000000004
3388,-2.5730769230769237,0.031746680942184156,0.016951808,0.265224
3389,-2.569230769230769,0.03149914346895075,0.016918699,0.262654
3390,-2.565384615384616,0.0316847965738758,0.017018026,0.26471
3391,-2.5615384615384613,0.031808565310492504,0.017018026,0.263168
3392,-2.5576923076923084,0.031375374732334045,0.016951808,0.265224
3393,-2.5538461538461537,0.031375374732334045,0.016951808,0.263168
3394,-2.549999999999999,0.03149914346895075,0.016984917,0.263682
3395,-2.546153846153846,0.031808565310492504,0.016951808,0.264196
3396,-2.5423076923076913,0.03149914346895075,0.016951808,0.263682
3397,-2.5384615384615383,0.0315610278372591,0.016984917,0.26471
3398,-2.5346153846153836,0.031932334047109205,0.016984917,0.263168
3399,-2.5307692307692307,0.03162291220556745,0.016918699,0.264196
3400,-2.526923076923076,0.0315610278372591,0.016951808,0.262654
3401,-2.523076923076923,0.0315610278372591,0.017018026,0.26471
3402,-2.5192307692307683,0.031932334047109205,0.016984917,0.262654
3403,-2.5153846153846153,0.0316847965738758,0.016918699,0.264196
3404,-2.5115384615384606,0.0314372591006424,0.016984917,0.262654
3405,-2.5076923076923077,0.0316847965738758,0.016984917,0.265224
3406,-2.503846153846153,0.031746680942184156,0.016918699,0.263168
3407,-2.5,0.0316847965738758,0.016951808,0.263682
3408,-2.4961538461538453,0.03131349036402569,0.017018026,0.264196
3409,-2.4923076923076923,0.0316847965738758,0.016951808,0.263682
3410,-2.4884615384615376,0.03162291220556745,0.016918699,0.264196
3411,-2.4846153846153847,0.03162291220556745,0.016984917,0.263168
3412,-2.48076923076923,0.03162291220556745,0.016984917,0.263682
3413,-2.476923076923077,0.031808565310492504,0.016918699,0.262654
3414,-2.4730769230769223,0.031932334047109205,0.016951808,0.26471
3415,-2.4692307692307693,0.0314372591006424,0.016984917,0.262654
3416,-2.4653846153846146,0.0314372591006424,0.016984917,0.265224
3417,-2.4615384615384617,0.0316847965738758,0.016951808,0.262654
3418,-2.457692307692307,0.03162291220556745,0.017018026,0.26471
3419,-2.453846153846154,0.0314372591006424,0.016984917,0.26214000000000004
3420,-2.4499999999999993,0.0314372591006424,0.016951808,0.26471
3421,-2.4461538461538463,0.031746680942184156,0.016918699,0.263168
3422,-2.4423076923076916,0.0315610278372591,0.017018026,0.265224
3423,-2.4384615384615387,0.0314372591006424,0.017018026,0.263168
3424,-2.434615384615384,0.0315610278372591,0.016951808,0.264196
3425,-2.430769230769231,0.031746680942184156,0.017018026,0.262654
3426,-2.4269230769230763,0.0315610278372591,0.017018026,0.264196
3427,-2.4230769230769234,0.03149914346895075,0.017018026,0.26471
3428,-2.4192307692307686,0.03162291220556745,0.016951808,0.262654
3429,-2.4153846153846157,0.03187044967880086,0.016951808,0.26471
3430,-2.411538461538461,0.031808565310492504,0.016984917,0.262654
3431,-2.407692307692308,0.0315610278372591,0.016984917,0.26471
3432,-2.4038461538461533,0.031746680942184156,0.016951808,0.262654
3433,-2.4000000000000004,0.03187044967880086,0.016951808,0.264196
3434,-2.3961538461538456,0.031808565310492504,0.017018026,0.262654
3435,-2.3923076923076927,0.031375374732334045,0.016951808,0.26471
3436,-2.388461538461538,0.03149914346895075,0.016918699,0.263682
3437,-2.384615384615385,0.031746680942184156,0.016984917,0.263682
3438,-2.3807692307692303,0.0315610278372591,0.016984917,0.262654
3439,-2.3769230769230774,0.0315610278372591,0.016951808,0.262654
3440,-2.3730769230769226,0.0314372591006424,0.016918699,0.26471
3441,-2.3692307692307697,0.031808565310492504,0.016984917,0.262654
3442,-2.365384615384615,0.0316847965738758,0.016984917,0.26471
3443,-2.361538461538462,0.0315610278372591,0.016951808,0.26214000000000004
3444,-2.3576923076923073,0.0315610278372591,0.016951808,0.265224
3445,-2.3538461538461544,0.031746680942184156,0.016984917,0.262654
3446,-2.3499999999999996,0.031746680942184156,0.017018026,0.26471
3447,-2.3461538461538467,0.03162291220556745,0.016951808,0.263682
3448,-2.342307692307692,0.03149914346895075,0.016951808,0.26471
3449,-2.338461538461539,0.0315610278372591,0.016984917,0.263682
3450,-2.3346153846153843,0.0314372591006424,0.016951808,0.264196
3451,-2.3307692307692314,0.0315610278372591,0.016951808,0.263168
3452,-2.3269230769230766,0.0316847965738758,0.016984917,0.263168
3453,-2.3230769230769237,0.031808565310492504,0.017018026,0.26471
3454,-2.319230769230769,0.03162291220556745,0.016951808,0.262654
3455,-2.315384615384616,0.0314372591006424,0.016951808,0.26471
3456,-2.3115384615384613,0.031808565310492504,0.017018026,0.262654
3457,-2.3076923076923066,0.0316847965738758,0.016951808,0.265224
3458,-2.3038461538461537,0.0314372591006424,0.016951808,0.262654
3459,-2.299999999999999,0.03149914346895075,0.016984917,0.264196
3460,-2.296153846153846,0.03162291220556745,0.017018026,0.263168
3461,-2.2923076923076913,0.03162291220556745,0.016951808,0.264196
3462,-2.2884615384615383,0.03149914346895075,0.016951808,0.263682
3463,-2.2846153846153836,0.03162291220556745,0.017018026,0.263682
3464,-2.2807692307692307,0.0316847965738758,0.016984917,0.263168
3465,-2.276923076923076,0.03162291220556745,0.016918699,0.262654
3466,-2.273076923076923,0.0315610278372591,0.016918699,0.26471
3467,-2.2692307692307683,0.031808565310492504,0.016984917,0.26214000000000004
3468,-2.2653846153846153,0.031932334047109205,0.016984917,0.26471
3469,-2.2615384615384606,0.03162291220556745,0.016918699,0.262654
3470,-2.2576923076923077,0.03149914346895075,0.017018026,0.26471
3471,-2.253846153846153,0.031746680942184156,0.017018026,0.26214000000000004
3472,-2.25,0.031746680942184156,0.016918699,0.26471
3473,-2.2461538461538453,0.03162291220556745,0.016951808,0.263682
3474,-2.2423076923076923,0.03149914346895075,0.017018026,0.26471
3475,-2.2384615384615376,0.031808565310492504,0.017018026,0.264196
3476,-2.2346153846153847,0.031932334047109205,0.016984917,0.263168
3477,-2.23076923076923,0.031746680942184156,0.017018026,0.263168
3478,-2.226923076923077,0.0316847965738758,0.017018026,0.263168
3479,-2.2230769230769223,0.0316847965738758,0.016951808,0.26471
3480,-2.2192307692307693,0.031746680942184156,0.016918699,0.263168
3481,-2.2153846153846146,0.03149914346895075,0.016984917,0.26471
3482,-2.2115384615384617,0.03149914346895075,0.016984917,0.262654
3483,-2.207692307692307,0.031808565310492504,0.016918699,0.265224
3484,-2.203846153846154,0.03162291220556745,0.016984917,0.262654
3485,-2.1999999999999993,0.03149914346895075,0.017018026,0.26471
3486,-2.1961538461538463,0.0314372591006424,0.016984917,0.262654
3487,-2.1923076923076916,0.03187044967880086,0.016918699,0.264196
3488,-2.1884615384615387,0.03187044967880086,0.016984917,0.263682
3489,-2.184615384615384,0.03149914346895075,0.017018026,0.263682
3490,-2.180769230769231,0.031932334047109205,0.016951808,0.262654
3491,-2.1769230769230763,0.031808565310492504,0.016951808,0.263168
3492,-2.1730769230769234,0.031808565310492504,0.016984917,0.264196
3493,-2.1692307692307686,0.03149914346895075,0.017018026,0.262654
3494,-2.1653846153846157,0.031375374732334045,0.016918699,0.265224
3495,-2.161538461538461,0.031808565310492504,0.016918699,0.262654
3496,-2.157692307692308,0.03162291220556745,0.017018026,0.26471
3497,-2.1538461538461533,0.031375374732334045,0.016951808,0.262654
3498,-2.1500000000000004,0.0315610278372591,0.016918699,0.26471
3499,-2.1461538461538456,0.031746680942184156,0.016951808,0.263168
3500,-2.1423076923076927,0.031808565310492504,0.017018026,0.265224
3501,-2.138461538461538,0.0316847965738758,0.016984917,0.263168
3502,-2.134615384615385,0.03162291220556745,0.016918699,0.264196
3503,-2.1307692307692303,0.031746680942184156,0.017018026,0.262654
3504,-2.1269230769230774,0.0316847965738758,0.016984917,0.264196
3505,-2.1230769230769226,0.031375374732334045,0.016984917,0.264196
3506,-2.1192307692307697,0.0316847965738758,0.016951808,0.263682
3507,-2.115384615384615,0.03187044967880086,0.016984917,0.26471
3508,-2.111538461538462,0.031808565310492504,0.017018026,0.262654
3509,-2.1076923076923073,0.03149914346895075,0.016951808,0.264196
3510,-2.1038461538461544,0.0316847965738758,0.016984917,0.263682
3511,-2.0999999999999996,0.03187044967880086,0.017018026,0.265224
3512,-2.0961538461538467,0.0316847965738758,0.017018026,0.262654
3513,-2.092307692307692,0.0314372591006424,0.016918699,0.26471
3514,-2.088461538461539,0.0316847965738758,0.016951808,0.263168
3515,-2.0846153846153843,0.03187044967880086,0.017018026,0.264196
3516,-2.0807692307692314,0.03162291220556745,0.016951808,0.262654
3517,-2.0769230769230766,0.03149914346895075,0.016918699,0.263682
3518,-2.0730769230769237,0.031746680942184156,0.016951808,0.263682
3519,-2.069230769230769,0.031746680942184156,0.017018026,0.263168
3520,-2.0653846153846143,0.0314372591006424,0.016951808,0.26471
3521,-2.0615384615384613,0.031375374732334045,0.016951808,0.26214000000000004
3522,-2.0576923076923066,0.03187044967880086,0.017018026,0.264196
3523,-2.0538461538461537,0.0315610278372591,0.016951808,0.262654
3524,-2.049999999999999,0.031375374732334045,0.016951808,0.265224
3525,-2.046153846153846,0.03149914346895075,0.016951808,0.262654
3526,-2.0423076923076913,0.03187044967880086,0.017018026,0.265224
3527,-2.0384615384615383,0.031746680942184156,0.016984917,0.263168
3528,-2.0346153846153836,0.03149914346895075,0.016918699,0.264196
3529,-2.0307692307692307,0.03187044967880086,0.017018026,0.262654
3530,-2.026923076923076,0.0316847965738758,0.016984917,0.26471
3531,-2.023076923076923,0.0315610278372591,0.016951808,0.264196
3532,-2.0192307692307683,0.03149914346895075,0.016951808,0.263682
3533,-2.0153846153846153,0.0315610278372591,0.017018026,0.26471
3534,-2.0115384615384606,0.031808565310492504,0.016984917,0.263168
3535,-2.0076923076923077,0.03149914346895075,0.016918699,0.263682
3536,-2.003846153846153,0.031808565310492504,0.017018026,0.263682
3537,-2.0,0.031808565310492504,0.016984917,0.26471
3538,-1.9961538461538453,0.03162291220556745,0.016951808,0.262654
3539,-1.9923076923076923,0.0315610278372591,0.016951808,0.26471
3540,-1.9884615384615376,0.031746680942184156,0.017018026,0.262654
3541,-1.9846153846153847,0.03187044967880086,0.016984917,0.26471
3542,-1.98076923076923,0.0314372591006424,0.017018026,0.263168
3543,-1.976923076923077,0.0314372591006424,0.017018026,0.264196
3544,-1.9730769230769223,0.0315610278372591,0.017018026,0.263682
3545,-1.9692307692307693,0.031808565310492504,0.016951808,0.263682
3546,-1.9653846153846146,0.03149914346895075,0.016951808,0.263682
3547,-1.9615384615384617,0.03131349036402569,0.016984917,0.262654
3548,-1.957692307692307,0.03162291220556745,0.016984917,0.264196
3549,-1.953846153846154,0.031746680942184156,0.016918699,0.262654
3550,-1.9499999999999993,0.03162291220556745,0.016984917,0.26471
3551,-1.9461538461538463,0.0314372591006424,0.017018026,0.262654
3552,-1.9423076923076916,0.03187044967880086,0.016984917,0.265224
3553,-1.9384615384615387,0.03187044967880086,0.016918699,0.263168
3554,-1.934615384615384,0.03149914346895075,0.016984917,0.26471
3555,-1.930769230769231,0.031746680942184156,0.016984917,0.26214000000000004
3556,-1.9269230769230763,0.03162291220556745,0.016951808,0.263682
3557,-1.9230769230769234,0.031746680942184156,0.016918699,0.26471
3558,-1.9192307692307686,0.0314372591006424,0.017018026,0.264196
3559,-1.9153846153846157,0.0314372591006424,0.017018026,0.264196
3560,-1.911538461538461,0.03149914346895075,0.016951808,0.262654
3561,-1.907692307692308,0.0316847965738758,0.016951808,0.264196
3562,-1.9038461538461533,0.0314372591006424,0.017018026,0.263168
3563,-1.9000000000000004,0.031375374732334045,0.016984917,0.265224
3564,-1.8961538461538456,0.03162291220556745,0.016951808,0.263168
3565,-1.8923076923076927,0.031932334047109205,0.016951808,0.264196
3566,-1.888461538461538,0.0316847965738758,0.017018026,0.262654
3567,-1.884615384615385,0.03149914346895075,0.016984917,0.264196
3568,-1.8807692307692303,0.031746680942184156,0.016951808,0.262654
3569,-1.8769230769230774,0.031808565310492504,0.016951808,0.263168
3570,-1.8730769230769226,0.0315610278372591,0.017018026,0.264196
3571,-1.8692307692307697,0.031375374732334045,0.016984917,0.263168
3572,-1.865384615384615,0.03162291220556745,0.016951808,0.26471
3573,-1.861538461538462,0.031808565310492504,0.016984917,0.262654
3574,-1.8576923076923073,0.03149914346895075,0.017018026,0.264196
3575,-1.8538461538461544,0.031375374732334045,0.016951808,0.26214000000000004
3576,-1.8499999999999996,0.03162291220556745,0.016918699,0.265224
3577,-1.8461538461538467,0.03187044967880086,0.016984917,0.262654
3578,-1.842307692307692,0.03162291220556745,0.016984917,0.265224
3579,-1.838461538461539,0.0314372591006424,0.016951808,0.263168
3580,-1.8346153846153843,0.03149914346895075,0.016951808,0.26471
3581,-1.8307692307692314,0.03162291220556745,0.017018026,0.262654
3582,-1.8269230769230766,0.0314372591006424,0.016984917,0.263682
3583,-1.8230769230769237,0.03131349036402569,0.016918699,0.264196
3584,-1.819230769230769,0.031746680942184156,0.016984917,0.263682
3585,-1.8153846153846143,0.031932334047109205,0.017018026,0.264196
3586,-1.8115384615384613,0.03162291220556745,0.016984917,0.262654
3587,-1.8076923076923066,0.0316847965738758,0.016918699,0.264196
3588,-1.8038461538461537,0.031746680942184156,0.016984917,0.262654
3589,-1.799999999999999,0.031808565310492504,0.017018026,0.26471
3590,-1.796153846153846,0.03162291220556745,0.016951808,0.262654
3591,-1.7923076923076913,0.03162291220556745,0.016951808,0.26471
3592,-1.7884615384615383,0.031746680942184156,0.017018026,0.263168
3593,-1.7846153846153836,0.0316847965738758,0.016984917,0.26471
3594,-1.7807692307692307,0.0315610278372591,0.016951808,0.262654
3595,-1.776923076923076,0.031746680942184156,0.016951808,0.263168
3596,-1.773076923076923,0.031808565310492504,0.017018026,0.264196
3597,-1.7692307692307683,0.03162291220556745,0.016951808,0.263682
3598,-1.7653846153846153,0.031375374732334045,0.016951808,0.264196
3599,-1.7615384615384606,0.03162291220556745,0.016984917,0.263168
3600,-1.7576923076923077,0.031746680942184156,0.016984917,0.263682
3601,-1.753846153846153,0.0315610278372591,0.016951808,0.26214000000000004
3602,-1.75,0.03162291220556745,0.016951808,0.26471
3603,-1.7461538461538453,0.031746680942184156,0.016984917,0.262654
3604,-1.7423076923076923,0.031932334047109205,0.016984917,0.265224
3605,-1.7384615384615376,0.03162291220556745,0.016951808,0.262654
3606,-1.7346153846153847,0.03149914346895075,0.016984917,0.26471
3607,-1.73076923076923,0.031746680942184156,0.016984917,0.262654
3608,-1.726923076923077,0.03162291220556745,0.016951808,0.264196
3609,-1.7230769230769223,0.03149914346895075,0.016918699,0.264196
3610,-1.7192307692307693,0.03187044967880086,0.017018026,0.264196
3611,-1.7153846153846146,0.031932334047109205,0.016984917,0.264196
3612,-1.7115384615384617,0.031808565310492504,0.016951808,0.263168
3613,-1.707692307692307,0.0315610278372591,0.017018026,0.263682
3614,-1.703846153846154,0.031746680942184156,0.016984917,0.263168
3615,-1.6999999999999993,0.0315610278372591,0.016951808,0.26471
3616,-1.6961538461538463,0.03149914346895075,0.016951808,0.262654
3617,-1.6923076923076916,0.03149914346895075,0.017018026,0.26471
3618,-1.6884615384615387,0.031808565310492504,0.016984917,0.262654
3619,-1.684615384615384,0.031808565310492504,0.016951808,0.26471
3620,-1.680769230769231,0.031375374732334045,0.017018026,0.262654
3621,-1.6769230769230763,0.031375374732334045,0.017018026,0.263682
3622,-1.6730769230769234,0.03162291220556745,0.016984917,0.263682
3623,-1.6692307692307686,0.031808565310492504,0.016951808,0.263682
3624,-1.6653846153846157,0.0315610278372591,0.016984917,0.264196
3625,-1.661538461538461,0.03162291220556745,0.017018026,0.263168
3626,-1.657692307692308,0.03187044967880086,0.016951808,0.264196
3627,-1.6538461538461533,0.031808565310492504,0.016951808,0.262654
3628,-1.6500000000000004,0.03162291220556745,0.017018026,0.26471
3629,-1.6461538461538456,0.03149914346895075,0.017018026,0.26214000000000004
3630,-1.6423076923076927,0.031746680942184156,0.016918699,0.265224
3631,-1.638461538461538,0.0316847965738758,0.016918699,0.262654
3632,-1.634615384615385,0.0315610278372591,0.017018026,0.265224
3633,-1.6307692307692303,0.031808565310492504,0.016951808,0.262654
3634,-1.6269230769230774,0.031808565310492504,0.016918699,0.264196
3635,-1.6230769230769226,0.031808565310492504,0.016951808,0.263682
3636,-1.6192307692307697,0.03162291220556745,0.016984917,0.264196
3637,-1.615384615384615,0.03162291220556745,0.016951808,0.263682
3638,-1.611538461538462,0.031932334047109205,0.016984917,0.263682
3639,-1.6076923076923073,0.03149914346895075,0.017051135,0.263168
3640,-1.6038461538461544,0.03118972162740899,0.017018026,0.263168
3641,-1.5999999999999996,0.03131349036402569,0.016951808,0.26471
3642,-1.5961538461538467,0.031808565310492504,0.016984917,0.262654
3643,-1.592307692307692,0.03162291220556745,0.017018026,0.26471
3644,-1.588461538461539,0.0314372591006424,0.017018026,0.26214000000000004
3645,-1.5846153846153843,0.0315610278372591,0.016951808,0.26471
3646,-1.5807692307692314,0.03199421841541756,0.017018026,0.263168
3647,-1.5769230769230766,0.031932334047109205,0.016984917,0.264196
3648,-1.5730769230769237,0.03149914346895075,0.016984917,0.263168
3649,-1.569230769230769,0.0315610278372591,0.016951808,0.264196
3650,-1.5653846153846143,0.031808565310492504,0.016984917,0.263168
3651,-1.5615384615384613,0.03187044967880086,0.017018026,0.263682
3652,-1.5576923076923066,0.0315610278372591,0.016951808,0.263682
3653,-1.5538461538461537,0.0316847965738758,0.016918699,0.263168
3654,-1.549999999999999,0.03187044967880086,0.017018026,0.264196
3655,-1.546153846153846,0.031746680942184156,0.017018026,0.262654
3656,-1.5423076923076913,0.03149914346895075,0.016951808,0.26471
3657,-1.5384615384615383,0.031746680942184156,0.016951808,0.26214000000000004
3658,-1.5346153846153836,0.031932334047109205,0.017051135,0.265224
3659,-1.5307692307692307,0.031375374732334045,0.016951808,0.262654
3660,-1.526923076923076,0.0314372591006424,0.016951808,0.26471
3661,-1.523076923076923,0.03149914346895075,0.016951808,0.263168
3662,-1.5192307692307683,0.031746680942184156,0.017018026,0.26471
3663,-1.5153846153846153,0.03162291220556745,0.016951808,0.263168
3664,-1.5115384615384606,0.0315610278372591,0.016918699,0.264196
3665,-1.5076923076923077,0.03187044967880086,0.017018026,0.263168
3666,-1.503846153846153,0.03149914346895075,0.016951808,0.26471
3667,-1.5,0.03149914346895075,0.016918699,0.264196
3668,-1.4961538461538453,0.0314372591006424,0.016951808,0.262654
3669,-1.4923076923076923,0.0316847965738758,0.017051135,0.26471
3670,-1.4884615384615376,0.0316847965738758,0.016984917,0.262654
3671,-1.4846153846153847,0.0314372591006424,0.016918699,0.26471
3672,-1.48076923076923,0.031808565310492504,0.017018026,0.263682
3673,-1.476923076923077,0.031932334047109205,0.017018026,0.26471
3674,-1.4730769230769223,0.03162291220556745,0.016951808,0.262654
3675,-1.4692307692307693,0.03149914346895075,0.016918699,0.26471
3676,-1.4653846153846146,0.03162291220556745,0.016984917,0.263168
3677,-1.4615384615384617,0.031932334047109205,0.016984917,0.264196
3678,-1.457692307692307,0.03149914346895075,0.016984917,0.263168
3679,-1.453846153846154,0.031746680942184156,0.016984917,0.26471
3680,-1.4499999999999993,0.031808565310492504,0.017018026,0.263682
3681,-1.4461538461538463,0.031932334047109205,0.016951808,0.262654
3682,-1.4423076923076916,0.03149914346895075,0.016951808,0.264196
3683,-1.4384615384615387,0.0315610278372591,0.016951808,0.262654
3684,-1.434615384615384,0.031932334047109205,0.016984917,0.265224
3685,-1.430769230769231,0.03162291220556745,0.016984917,0.263682
3686,-1.4269230769230763,0.0316847965738758,0.016951808,0.26471
3687,-1.4230769230769234,0.0316847965738758,0.017018026,0.26214000000000004
3688,-1.4192307692307686,0.031932334047109205,0.016951808,0.265224
3689,-1.4153846153846157,0.031746680942184156,0.016918699,0.263168
3690,-1.411538461538461,0.0315610278372591,0.017018026,0.26471
3691,-1.407692307692308,0.03187044967880086,0.016984917,0.262654
3692,-1.4038461538461533,0.0316847965738758,0.016951808,0.26471
3693,-1.4000000000000004,0.031375374732334045,0.016951808,0.263682
3694,-1.3961538461538456,0.0314372591006424,0.016984917,0.263682
3695,-1.3923076923076927,0.031746680942184156,0.016984917,0.264196
3696,-1.388461538461538,0.031808565310492504,0.016951808,0.263168
3697,-1.384615384615385,0.03131349036402569,0.016984917,0.26471
3698,-1.3807692307692303,0.0316847965738758,0.016951808,0.26471
3699,-1.3769230769230774,0.03187044967880086,0.016918699,0.26471
3700,-1.3730769230769226,0.03199421841541756,0.016951808,0.262654
3701,-1.3692307692307697,0.03162291220556745,0.017018026,0.26471
3702,-1.365384615384615,0.03162291220556745,0.016984917,0.262654
3703,-1.361538461538462,0.031808565310492504,0.016918699,0.26471
3704,-1.3576923076923073,0.03149914346895075,0.017018026,0.262654
3705,-1.3538461538461544,0.0315610278372591,0.016984917,0.265224
3706,-1.3499999999999996,0.0316847965738758,0.016984917,0.262654
3707,-1.3461538461538467,0.0316847965738758,0.016918699,0.263168
3708,-1.342307692307692,0.031746680942184156,0.016984917,0.264196
3709,-1.338461538461539,0.03149914346895075,0.017018026,0.263168
3710,-1.3346153846153843,0.0314372591006424,0.016951808,0.26471
3711,-1.3307692307692314,0.0316847965738758,0.016984917,0.26471
3712,-1.3269230769230766,0.031746680942184156,0.016984917,0.26471
3713,-1.323076923076922,0.0315610278372591,0.017018026,0.262654
3714,-1.319230769230769,0.03149914346895075,0.016951808,0.265224
3715,-1.3153846153846143,0.031746680942184156,0.016918699,0.263168
3716,-1.3115384615384613,0.03187044967880086,0.017018026,0.26471
3717,-1.3076923076923066,0.0315610278372591,0.016984917,0.262654
3718,-1.3038461538461537,0.03187044967880086,0.016918699,0.26471
3719,-1.299999999999999,0.031808565310492504,0.016951808,0.263682
3720,-1.296153846153846,0.031746680942184156,0.016984917,0.263682
3721,-1.2923076923076913,0.0314372591006424,0.016984917,0.264196
3722,-1.2884615384615383,0.03149914346895075,0.016951808,0.263168
3723,-1.2846153846153836,0.031808565310492504,0.016951808,0.264196
3724,-1.2807692307692307,0.03162291220556745,0.016984917,0.264196
3725,-1.276923076923076,0.0315610278372591,0.016951808,0.26471
3726,-1.273076923076923,0.0315610278372591,0.016951808,0.262654
3727,-1.2692307692307683,0.03187044967880086,0.016984917,0.265224
3728,-1.2653846153846153,0.031808565310492504,0.017018026,0.262654
3729,-1.2615384615384606,0.03149914346895075,0.016951808,0.26471
3730,-1.2576923076923077,0.03187044967880086,0.016984917,0.263168
3731,-1.253846153846153,0.032056102783725914,0.017018026,0.26471
3732,-1.25,0.0316847965738758,0.017018026,0.263168
3733,-1.2461538461538453,0.03149914346895075,0.016951808,0.263682
3734,-1.2423076923076923,0.03162291220556745,0.016984917,0.263682
3735,-1.2384615384615376,0.03187044967880086,0.016984917,0.263682
3736,-1.2346153846153847,0.0316847965738758,0.016984917,0.264196
3737,-1.23076923076923,0.0316847965738758,0.016984917,0.26471
3738,-1.226923076923077,0.0316847965738758,0.016984917,0.264196
3739,-1.2230769230769223,0.031746680942184156,0.017018026,0.262654
3740,-1.2192307692307693,0.0316847965738758,0.016984917,0.265224
3741,-1.2153846153846146,0.031375374732334045,0.016918699,0.262654
3742,-1.2115384615384617,0.031746680942184156,0.016984917,0.26471
3743,-1.207692307692307,0.031746680942184156,0.016984917,0.262654
3744,-1.203846153846154,0.031375374732334045,0.016951808,0.26471
3745,-1.1999999999999993,0.0315610278372591,0.016951808,0.263168
3746,-1.1961538461538463,0.031808565310492504,0.017018026,0.263682
3747,-1.1923076923076916,0.031808565310492504,0.016984917,0.264196
3748,-1.1884615384615387,0.03162291220556745,0.016918699,0.263168
3749,-1.184615384615384,0.0316847965738758,0.016984917,0.26471
3750,-1.180769230769231,0.031808565310492504,0.016984917,0.264196
3751,-1.1769230769230763,0.0316847965738758,0.016951808,0.26471
3752,-1.1730769230769234,0.0315610278372591,0.016951808,0.262654
3753,-1.1692307692307686,0.0316847965738758,0.016984917,0.265224
3754,-1.1653846153846157,0.031932334047109205,0.017018026,0.262654
3755,-1.161538461538461,0.03162291220556745,0.016918699,0.26471
3756,-1.157692307692308,0.0314372591006424,0.016984917,0.262654
3757,-1.1538461538461533,0.031746680942184156,0.017018026,0.26471
3758,-1.1500000000000004,0.031746680942184156,0.016984917,0.263168
3759,-1.1461538461538456,0.03162291220556745,0.016951808,0.263682
3760,-1.1423076923076927,0.0315610278372591,0.017018026,0.263168
3761,-1.138461538461538,0.03199421841541756,0.016984917,0.262654
3762,-1.134615384615385,0.031808565310492504,0.016951808,0.264196
3763,-1.1307692307692303,0.03149914346895075,0.016984917,0.264196
3764,-1.1269230769230774,0.03149914346895075,0.017018026,0.26471
3765,-1.1230769230769226,0.03162291220556745,0.016984917,0.262654
3766,-1.1192307692307697,0.03162291220556745,0.016951808,0.26471
3767,-1.115384615384615,0.03149914346895075,0.016951808,0.26214000000000004
3768,-1.111538461538462,0.03162291220556745,0.017018026,0.265224
3769,-1.1076923076923073,0.031808565310492504,0.016918699,0.262654
3770,-1.1038461538461544,0.0314372591006424,0.016984917,0.26471
3771,-1.0999999999999996,0.0314372591006424,0.017018026,0.263168
3772,-1.0961538461538467,0.03149914346895075,0.016984917,0.264196
3773,-1.092307692307692,0.03187044967880086,0.016918699,0.263168
3774,-1.088461538461539,0.03162291220556745,0.016984917,0.263682
3775,-1.0846153846153843,0.0314372591006424,0.017018026,0.26471
3776,-1.0807692307692296,0.03187044967880086,0.016951808,0.264196
3777,-1.0769230769230766,0.031808565310492504,0.016918699,0.26471
3778,-1.073076923076922,0.0316847965738758,0.017018026,0.263168
3779,-1.069230769230769,0.0314372591006424,0.017018026,0.265224
3780,-1.0653846153846143,0.0315610278372591,0.016951808,0.262654
3781,-1.0615384615384613,0.031746680942184156,0.016951808,0.264196
3782,-1.0576923076923066,0.0315610278372591,0.016984917,0.262654
3783,-1.0538461538461537,0.03149914346895075,0.016951808,0.264196
3784,-1.049999999999999,0.0314372591006424,0.016951808,0.263682
3785,-1.046153846153846,0.031808565310492504,0.016951808,0.263682
3786,-1.0423076923076913,0.031808565310492504,0.017018026,0.263168
3787,-1.0384615384615383,0.03149914346895075,0.017018026,0.263168
3788,-1.0346153846153836,0.03162291220556745,0.016951808,0.264196
3789,-1.0307692307692307,0.031932334047109205,0.017018026,0.263682
3790,-1.026923076923076,0.03187044967880086,0.017018026,0.26471
3791,-1.023076923076923,0.03149914346895075,0.017018026,0.26214000000000004
3792,-1.0192307692307683,0.03162291220556745,0.016918699,0.26471
3793,-1.0153846153846153,0.03187044967880086,0.016951808,0.262654
3794,-1.0115384615384606,0.03162291220556745,0.017018026,0.265224
3795,-1.0076923076923077,0.03149914346895075,0.016951808,0.262654
3796,-1.003846153846153,0.0316847965738758,0.016951808,0.26471
3797,-1.0,0.032056102783725914,0.016984917,0.263168
3798,-0.9961538461538453,0.03162291220556745,0.017018026,0.26471
3799,-0.9923076923076923,0.0314372591006424,0.016951808,0.263168
3800,-0.9884615384615376,0.031746680942184156,0.016984917,0.264196
3801,-0.9846153846153847,0.031808565310492504,0.017018026,0.263168
3802,-0.98076923076923,0.0314372591006424,0.016951808,0.26471
3803,-0.976923076923077,0.031375374732334045,0.016918699,0.26471
3804,-0.9730769230769223,0.0316847965738758,0.016951808,0.263168
3805,-0.9692307692307693,0.031746680942184156,0.017018026,0.26471
3806,-0.9653846153846146,0.0316847965738758,0.016984917,0.262654
3807,-0.9615384615384617,0.0315610278372591,0.016918699,0.26471
3808,-0.957692307692307,0.031746680942184156,0.017018026,0.263168
3809,-0.953846153846154,0.0315610278372591,0.016984917,0.265224
3810,-0.9499999999999993,0.03131349036402569,0.016951808,0.262654
3811,-0.9461538461538463,0.03149914346895075,0.016951808,0.264196
3812,-0.9423076923076916,0.031932334047109205,0.017018026,0.262654
3813,-0.9384615384615387,0.031932334047109205,0.017018026,0.264196
3814,-0.934615384615384,0.03149914346895075,0.016951808,0.263682
3815,-0.930769230769231,0.031808565310492504,0.017018026,0.265224
3816,-0.9269230769230763,0.031932334047109205,0.017051135,0.264196
3817,-0.9230769230769234,0.0316847965738758,0.016984917,0.262654
3818,-0.9192307692307686,0.0315610278372591,0.016951808,0.264196
3819,-0.9153846153846157,0.031746680942184156,0.016984917,0.262654
3820,-0.911538461538461,0.031808565310492504,0.017018026,0.26471
3821,-0.907692307692308,0.03162291220556745,0.016951808,0.262654
3822,-0.9038461538461533,0.03149914346895075,0.016984917,0.26471
3823,-0.9000000000000004,0.031746680942184156,0.017018026,0.262654
3824,-0.8961538461538456,0.031932334047109205,0.016984917,0.26471
3825,-0.8923076923076927,0.0314372591006424,0.016918699,0.263168
3826,-0.888461538461538,0.03149914346895075,0.017018026,0.26471
3827,-0.884615384615385,0.031808565310492504,0.017018026,0.263682
3828,-0.8807692307692303,0.0315610278372591,0.016951808,0.265224
3829,-0.8769230769230774,0.03162291220556745,0.016918699,0.264196
3830,-0.8730769230769226,0.0316847965738758,0.017018026,0.263168
3831,-0.8692307692307697,0.031746680942184156,0.016984917,0.26471
3832,-0.865384615384615,0.0316847965738758,0.016918699,0.262654
3833,-0.861538461538462,0.03131349036402569,0.016951808,0.26471
3834,-0.8576923076923073,0.0316847965738758,0.016984917,0.263168
3835,-0.8538461538461544,0.031746680942184156,0.016918699,0.26471
3836,-0.8499999999999996,0.0316847965738758,0.016951808,0.262654
3837,-0.8461538461538467,0.0314372591006424,0.017018026,0.264196
3838,-0.842307692307692,0.031746680942184156,0.017018026,0.262654
3839,-0.838461538461539,0.031808565310492504,0.016918699,0.264196
3840,-0.8346153846153843,0.03162291220556745,0.016984917,0.263168
3841,-0.8307692307692296,0.031932334047109205,0.016984917,0.265224
3842,-0.8269230769230766,0.031808565310492504,0.016951808,0.263682
3843,-0.8230769230769219,0.03187044967880086,0.016918699,0.262654
3844,-0.819230769230769,0.0315610278372591,0.017018026,0.264196
3845,-0.8153846153846143,0.0315610278372591,0.016984917,0.262654
3846,-0.8115384615384613,0.03187044967880086,0.016951808,0.26471
3847,-0.8076923076923066,0.0316847965738758,0.016984917,0.263168
3848,-0.8038461538461537,0.0315610278372591,0.017018026,0.26471
3849,-0.7999999999999989,0.0315610278372591,0.016984917,0.262654
3850,-0.796153846153846,0.031746680942184156,0.016918699,0.265224
3851,-0.7923076923076913,0.031808565310492504,0.016951808,0.262654
3852,-0.7884615384615383,0.031375374732334045,0.017018026,0.264196
3853,-0.7846153846153836,0.03149914346895075,0.016984917,0.263682
3854,-0.7807692307692307,0.031808565310492504,0.016984917,0.26471
3855,-0.7769230769230759,0.03187044967880086,0.016951808,0.263682
3856,-0.773076923076923,0.03162291220556745,0.017018026,0.263168
3857,-0.7692307692307683,0.0315610278372591,0.016951808,0.26471
3858,-0.7653846153846153,0.03187044967880086,0.016951808,0.263168
3859,-0.7615384615384606,0.031932334047109205,0.016984917,0.26471
3860,-0.7576923076923077,0.0315610278372591,0.017018026,0.262654
3861,-0.7538461538461529,0.03149914346895075,0.016918699,0.265224
3862,-0.75,0.0316847965738758,0.016951808,0.262654
3863,-0.7461538461538453,0.031808565310492504,0.016951808,0.264196
3864,-0.7423076923076923,0.03162291220556745,0.017018026,0.262654
3865,-0.7384615384615376,0.0315610278372591,0.016951808,0.263682
3866,-0.7346153846153847,0.0316847965738758,0.016984917,0.263168
3867,-0.73076923076923,0.0315610278372591,0.017018026,0.265224
3868,-0.726923076923077,0.0315610278372591,0.016984917,0.263168
3869,-0.7230769230769223,0.0316847965738758,0.016951808,0.262654
3870,-0.7192307692307693,0.031932334047109205,0.016984917,0.26471
3871,-0.7153846153846146,0.03187044967880086,0.017018026,0.262654
3872,-0.7115384615384617,0.03149914346895075,0.016984917,0.265224
3873,-0.707692307692307,0.0315610278372591,0.016951808,0.263168
3874,-0.703846153846154,0.031808565310492504,0.017018026,0.264196
3875,-0.6999999999999993,0.03187044967880086,0.016984917,0.26214000000000004
3876,-0.6961538461538463,0.03149914346895075,0.016951808,0.26471
3877,-0.6923076923076916,0.0315610278372591,0.016951808,0.263168
3878,-0.6884615384615387,0.0316847965738758,0.016984917,0.26471
3879,-0.684615384615384,0.03162291220556745,0.017018026,0.263168
3880,-0.680769230769231,0.03162291220556745,0.016984917,0.26471
3881,-0.6769230769230763,0.03162291220556745,0.016984917,0.262654
3882,-0.6730769230769234,0.031808565310492504,0.017018026,0.263682
3883,-0.6692307692307686,0.031746680942184156,0.016984917,0.264196
3884,-0.6653846153846157,0.03149914346895075,0.016951808,0.263168
3885,-0.661538461538461,0.031808565310492504,0.016984917,0.264196
3886,-0.657692307692308,0.031746680942184156,0.016951808,0.26471
3887,-0.6538461538461533,0.0315610278372591,0.016918699,0.263682
3888,-0.6500000000000004,0.0316847965738758,0.016984917,0.263168
3889,-0.6461538461538456,0.03199421841541756,0.016984917,0.26471
3890,-0.6423076923076927,0.031746680942184156,0.016951808,0.262654
3891,-0.638461538461538,0.0315610278372591,0.016918699,0.264196
3892,-0.634615384615385,0.03162291220556745,0.016984917,0.262654
3893,-0.6307692307692303,0.031746680942184156,0.016951808,0.26471
3894,-0.6269230769230774,0.0315610278372591,0.016918699,0.262654
3895,-0.6230769230769226,0.0314372591006424,0.016951808,0.263682
3896,-0.6192307692307697,0.03162291220556745,0.017018026,0.263682
3897,-0.615384615384615,0.031932334047109205,0.017018026,0.263168
3898,-0.611538461538462,0.03162291220556745,0.016951808,0.26471
3899,-0.6076923076923073,0.0314372591006424,0.017018026,0.263682
3900,-0.6038461538461544,0.0316847965738758,0.017018026,0.264196
3901,-0.5999999999999996,0.031746680942184156,0.016984917,0.262654
3902,-0.5961538461538467,0.0315610278372591,0.016918699,0.265224
3903,-0.592307692307692,0.0314372591006424,0.016984917,0.263168
3904,-0.588461538461539,0.031746680942184156,0.017018026,0.265224
3905,-0.5846153846153843,0.031808565310492504,0.016951808,0.263168
3906,-0.5807692307692296,0.0314372591006424,0.017018026,0.26471
3907,-0.5769230769230766,0.03149914346895075,0.016984917,0.263168
3908,-0.5730769230769219,0.0316847965738758,0.016984917,0.263168
3909,-0.569230769230769,0.031746680942184156,0.016918699,0.264196
3910,-0.5653846153846143,0.0314372591006424,0.016951808,0.263682
3911,-0.5615384615384613,0.0315610278372591,0.017018026,0.265224
3912,-0.5576923076923066,0.031746680942184156,0.016951808,0.263682
3913,-0.5538461538461537,0.03162291220556745,0.016951808,0.264196
3914,-0.5499999999999989,0.03149914346895075,0.016984917,0.262654
3915,-0.546153846153846,0.03162291220556745,0.017018026,0.26471
3916,-0.5423076923076913,0.03187044967880086,0.016951808,0.263168
3917,-0.5384615384615383,0.031808565310492504,0.016918699,0.263682
3918,-0.5346153846153836,0.03149914346895075,0.017018026,0.263168
3919,-0.5307692307692307,0.031808565310492504,0.016951808,0.265224
3920,-0.5269230769230759,0.031746680942184156,0.016918699,0.263682
3921,-0.523076923076923,0.031746680942184156,0.016951808,0.263168
3922,-0.5192307692307683,0.0314372591006424,0.017018026,0.264196
3923,-0.5153846153846153,0.03162291220556745,0.016951808,0.262654
3924,-0.5115384615384606,0.031746680942184156,0.016918699,0.265224
3925,-0.5076923076923077,0.0315610278372591,0.017018026,0.263168
3926,-0.5038461538461529,0.0314372591006424,0.016984917,0.26471
3927,-0.5,0.0316847965738758,0.016951808,0.26214000000000004
3928,-0.4961538461538453,0.031932334047109205,0.016951808,0.26471
3929,-0.49230769230769234,0.031808565310492504,0.017018026,0.262654
3930,-0.4884615384615376,0.031375374732334045,0.016984917,0.265224
3931,-0.48461538461538467,0.03162291220556745,0.016918699,0.263168
3932,-0.48076923076922995,0.03187044967880086,0.017018026,0.265224
3933,-0.476923076923077,0.031746680942184156,0.017018026,0.262654
3934,-0.4730769230769223,0.031375374732334045,0.016984917,0.263682
3935,-0.46923076923076934,0.03162291220556745,0.016918699,0.264196
3936,-0.4653846153846146,0.031808565310492504,0.016984917,0.263168
3937,-0.4615384615384617,0.0316847965738758,0.017051135,0.264196
3938,-0.45769230769230695,0.0314372591006424,0.016951808,0.264196
3939,-0.453846153846154,0.0316847965738758,0.016918699,0.264196
3940,-0.4499999999999993,0.031746680942184156,0.017018026,0.262654
3941,-0.44615384615384635,0.031746680942184156,0.017018026,0.26471
3942,-0.4423076923076916,0.03131349036402569,0.016951808,0.262654
3943,-0.4384615384615387,0.031746680942184156,0.016918699,0.264196
3944,-0.43461538461538396,0.031932334047109205,0.016984917,0.263168
3945,-0.430769230769231,0.03149914346895075,0.016951808,0.265224
3946,-0.4269230769230763,0.0314372591006424,0.016951808,0.263168
3947,-0.42307692307692335,0.0315610278372591,0.016951808,0.263168
3948,-0.41923076923076863,0.031808565310492504,0.017018026,0.264196
3949,-0.4153846153846157,0.031746680942184156,0.016984917,0.263168
3950,-0.41153846153846096,0.031375374732334045,0.016951808,0.26471
3951,-0.407692307692308,0.031746680942184156,0.017018026,0.264196
3952,-0.4038461538461533,0.0316847965738758,0.017018026,0.264196
3953,-0.40000000000000036,0.0315610278372591,0.016984917,0.262654
3954,-0.39615384615384563,0.031375374732334045,0.016918699,0.265224
3955,-0.3923076923076927,0.03187044967880086,0.016984917,0.262654
3956,-0.38846153846153797,0.031932334047109205,0.017018026,0.26471
3957,-0.384615384615385,0.03162291220556745,0.016951808,0.262654
3958,-0.3807692307692303,0.0316847965738758,0.016984917,0.265224
3959,-0.37692307692307736,0.031808565310492504,0.016984917,0.263168
3960,-0.37307692307692264,0.031808565310492504,0.016984917,0.263682
3961,-0.3692307692307697,0.03162291220556745,0.016918699,0.263682
3962,-0.365384615384615,0.03149914346895075,0.016984917,0.263682
3963,-0.36153846153846203,0.031746680942184156,0.017018026,0.26471
3964,-0.3576923076923073,0.0316847965738758,0.016951808,0.263682
3965,-0.35384615384615437,0.031375374732334045,0.016918699,0.26471
3966,-0.34999999999999964,0.0315610278372591,0.016984917,0.263168
3967,-0.3461538461538467,0.031746680942184156,0.017018026,0.26471
3968,-0.342307692307692,0.03162291220556745,0.016951808,0.262654
3969,-0.33846153846153726,0.0315610278372591,0.016951808,0.26471
3970,-0.3346153846153843,0.03199421841541756,0.017018026,0.262654
3971,-0.3307692307692296,0.03162291220556745,0.016951808,0.265224
3972,-0.32692307692307665,0.0315610278372591,0.016918699,0.263682
3973,-0.32307692307692193,0.0315610278372591,0.016984917,0.263682
3974,-0.319230769230769,0.031808565310492504,0.017018026,0.263168
3975,-0.31538461538461426,0.031808565310492504,0.016951808,0.263168
3976,-0.3115384615384613,0.03149914346895075,0.016984917,0.264196
3977,-0.3076923076923066,0.031746680942184156,0.017018026,0.26471
3978,-0.30384615384615365,0.0316847965738758,0.016951808,0.263682
3979,-0.29999999999999893,0.0315610278372591,0.016918699,0.262654
3980,-0.296153846153846,0.03131349036402569,0.016984917,0.26471
3981,-0.29230769230769127,0.031746680942184156,0.016984917,0.262654
3982,-0.2884615384615383,0.03199421841541756,0.016918699,0.26471
3983,-0.2846153846153836,0.03162291220556745,0.016951808,0.262654
3984,-0.28076923076923066,0.031746680942184156,0.017018026,0.26471
3985,-0.27692307692307594,0.031808565310492504,0.016984917,0.262654
3986,-0.273076923076923,0.031808565310492504,0.016918699,0.26471
3987,-0.2692307692307683,0.03162291220556745,0.016951808,0.263168
3988,-0.26538461538461533,0.03162291220556745,0.017018026,0.264196
3989,-0.2615384615384606,0.031808565310492504,0.016984917,0.264196
3990,-0.25769230769230766,0.03187044967880086,0.016984917,0.26471
3991,-0.25384615384615294,0.0315610278372591,0.016984917,0.264196
3992,-0.25,0.03149914346895075,0.016984917,0.262654
3993,-0.24615384615384528,0.0315610278372591,0.016951808,0.26471
3994,-0.24230769230769234,0.031746680942184156,0.016984917,0.262654
3995,-0.23846153846153761,0.0316847965738758,0.016984917,0.26471
3996,-0.23461538461538467,0.0314372591006424,0.016984917,0.262654
3997,-0.23076923076922995,0.03187044967880086,0.016918699,0.265224
3998,-0.226923076923077,0.03199421841541756,0.016951808,0.262654
3999,-0.22307692307692228,0.0316847965738758,0.017018026,0.264196
4000,-0.21923076923076934,0.03149914346895075,0.016984917,0.262654
4001,-0.21538461538461462,0.031808565310492504,0.016918699,0.263682
4002,-0.21153846153846168,0.031808565310492504,0.017018026,0.263682
4003,-0.20769230769230695,0.0316847965738758,0.017018026,0.264196
4004,-0.203846153846154,0.0315610278372591,0.016951808,0.264196
4005,-0.1999999999999993,0.0316847965738758,0.016918699,0.262654
4006,-0.19615384615384635,0.031808565310492504,0.016984917,0.26471
4007,-0.19230769230769162,0.0315610278372591,0.016984917,0.262654
4008,-0.18846153846153868,0.03131349036402569,0.016918699,0.265224
4009,-0.18461538461538396,0.0315610278372591,0.016918699,0.262654
4010,-0.18076923076923102,0.03149914346895075,0.017018026,0.264196
4011,-0.1769230769230763,0.03162291220556745,0.016984917,0.262654
4012,-0.17307692307692335,0.0315610278372591,0.016951808,0.264196
4013,-0.16923076923076863,0.031808565310492504,0.016951808,0.263168
4014,-0.16538461538461569,0.03199421841541756,0.017018026,0.264196
4015,-0.16153846153846096,0.03162291220556745,0.017018026,0.263682
4016,-0.15769230769230802,0.03149914346895075,0.016918699,0.264196
4017,-0.1538461538461533,0.031808565310492504,0.016951808,0.264196
4018,-0.15000000000000036,0.0316847965738758,0.016984917,0.263168
4019,-0.14615384615384563,0.03149914346895075,0.016984917,0.26471
4020,-0.1423076923076927,0.03149914346895075,0.016951808,0.262654
4021,-0.13846153846153797,0.031746680942184156,0.016984917,0.26471
4022,-0.13461538461538503,0.031746680942184156,0.017018026,0.262654
4023,-0.1307692307692303,0.031375374732334045,0.016918699,0.265224
4024,-0.12692307692307736,0.0314372591006424,0.016918699,0.262654
4025,-0.12307692307692264,0.0316847965738758,0.016984917,0.264196
4026,-0.1192307692307697,0.0316847965738758,0.016984917,0.263168
4027,-0.11538461538461497,0.031746680942184156,0.016951808,0.263682
4028,-0.11153846153846203,0.031808565310492504,0.016951808,0.264196
4029,-0.10769230769230731,0.03199421841541756,0.017018026,0.264196
4030,-0.10384615384615437,0.0314372591006424,0.016984917,0.263682
4031,-0.09999999999999964,0.0314372591006424,0.016918699,0.262654
4032,-0.09615384615384492,0.0314372591006424,0.016984917,0.264196
4033,-0.09230769230769198,0.031808565310492504,0.017018026,0.262654
4034,-0.08846153846153726,0.0316847965738758,0.016951808,0.26471
4035,-0.08461538461538431,0.03149914346895075,0.016918699,0.262654
4036,-0.0807692307692296,0.03187044967880086,0.017018026,0.26471
4037,-0.07692307692307665,0.031808565310492504,0.016984917,0.262654
4038,-0.07307692307692193,0.0316847965738758,0.016918699,0.26471
4039,-0.06923076923076898,0.031932334047109205,0.016951808,0.263168
4040,-0.06538461538461426,0.03255117773019272,0.017051135,0.264196
4041,-0.06153846153846132,0.03317002141327623,0.016984917,0.264196
4042,-0.0576923076923066,0.03372698072805139,0.017018026,0.264196
4043,-0.053846153846153655,0.035521627408993575,0.017051135,0.264196
4044,-0.049999999999998934,0.038430192719486084,0.017117353,0.262654
4045,-0.04615384615384599,0.042328907922912204,0.017117353,0.265224
4046,-0.04230769230769127,0.04622762312633833,0.017216679999999998,0.263168
4047,-0.038461538461538325,0.049816916488222694,0.017249788999999998,0.265224
4048,-0.034615384615383604,0.05309678800856531,0.017282897999999998,0.262654
4049,-0.03076923076923066,0.055634047109207704,0.017316006999999998,0.265224
4050,-0.02692307692307594,0.05860449678800856,0.017382224999999998,0.262654
4051,-0.023076923076922995,0.06132740899357601,0.017415333999999998,0.264196
4052,-0.019230769230768274,0.0631220556745182,0.017415333999999998,0.263682
4053,-0.01538461538461533,0.06330770877944325,0.017382224999999998,0.263682
4054,-0.01153846153846061,0.06330770877944325,0.017448442999999998,0.264196
4055,-0.007692307692307665,0.06330770877944325,0.017448442999999998,0.264196
4056,-0.0038461538461529443,0.06330770877944325,0.017415333999999998,0.264196
4057,0.0,0.06330770877944325,0.017448442999999998,0.262654
4058,0.0038461538461547207,0.06330770877944325,0.017547769999999997,0.265224
4059,0.007692307692307665,0.06330770877944325,0.017481551999999997,0.262654
4060,0.011538461538462386,0.06330770877944325,0.017448442999999998,0.265224
4061,0.01538461538461533,0.06330770877944325,0.017481551999999997,0.263168
4062,0.01923076923077005,0.06330770877944325,0.017514660999999997,0.265224
4063,0.023076923076922995,0.06330770877944325,0.017547769999999997,0.263168
4064,0.026923076923077716,0.06330770877944325,0.017547769999999997,0.264196
4065,0.03076923076923066,0.06330770877944325,0.017647097,0.264196
4066,0.03461538461538538,0.06330770877944325,0.017680205999999997,0.264196
4067,0.038461538461538325,0.06330770877944325,0.017580878999999997,0.26471
4068,0.042307692307693046,0.06330770877944325,0.017613987999999997,0.264196
4069,0.04615384615384599,0.06330770877944325,0.017647097,0.264196
4070,0.05000000000000071,0.06330770877944325,0.017647097,0.263168
4071,0.053846153846153655,0.06330770877944325,0.017613987999999997,0.265224
4072,0.057692307692308376,0.06330770877944325,0.017680205999999997,0.263168
4073,0.06153846153846132,0.06330770877944325,0.017812642,0.26471
4074,0.06538461538461604,0.06330770877944325,0.017845751,0.263168
4075,0.06923076923076898,0.06330770877944325,0.017878859999999996,0.265224
4076,0.0730769230769237,0.06330770877944325,0.017945078,0.262654
4077,0.07692307692307665,0.06330770877944325,0.018077514,0.264196
4078,0.08076923076923137,0.06330770877944325,0.018110623,0.263682
4079,0.08461538461538431,0.06330770877944325,0.018110623,0.263682
4080,0.08846153846153904,0.06330770877944325,0.018176841,0.264196
4081,0.09230769230769198,0.06330770877944325,0.01820995,0.265224
4082,0.0961538461538467,0.06330770877944325,0.018176841,0.263168
4083,0.09999999999999964,0.06330770877944325,0.01820995,0.263168
4084,0.10384615384615437,0.06330770877944325,0.018309277,0.265224
4085,0.10769230769230731,0.06330770877944325,0.018342386,0.263168
4086,0.11153846153846203,0.06330770877944325,0.018309277,0.265224
4087,0.11538461538461497,0.06330770877944325,0.018276168,0.263168
4088,0.1192307692307697,0.06330770877944325,0.018375495,0.26471
4089,0.12307692307692264,0.06330770877944325,0.018441713,0.262654
4090,0.12692307692307736,0.06330770877944325,0.018474822,0.265224
4091,0.1307692307692303,0.06330770877944325,0.018574148999999998,0.263682
4092,0.13461538461538503,0.06330770877944325,0.018706584999999998,0.264196
4093,0.13846153846153797,0.06330770877944325,0.018706584999999998,0.264196
4094,0.1423076923076927,0.06330770877944325,0.018772802999999998,0.26573800000000003
4095,0.14615384615384563,0.06330770877944325,0.018805911999999998,0.263682
4096,0.15000000000000036,0.06330770877944325,0.018839020999999997,0.264196
4097,0.15384615384615508,0.06330770877944325,0.018839020999999997,0.26573800000000003
4098,0.15769230769230802,0.06330770877944325,0.018938347999999997,0.263682
4099,0.16153846153846274,0.06330770877944325,0.019004565999999997,0.26573800000000003
4100,0.16538461538461569,0.06330770877944325,0.019070784,0.263168
4101,0.1692307692307704,0.06330770877944325,0.019137001999999997,0.265224
4102,0.17307692307692335,0.06330770877944325,0.019203219999999997,0.263168
4103,0.17692307692307807,0.06330770877944325,0.019236329,0.265224
4104,0.18076923076923102,0.06330770877944325,0.019170111,0.263682
4105,0.18461538461538574,0.06330770877944325,0.019103892999999997,0.26471
4106,0.18846153846153868,0.06330770877944325,0.019170111,0.263682
4107,0.1923076923076934,0.06330770877944325,0.019137001999999997,0.265224
4108,0.19615384615384635,0.06330770877944325,0.019203219999999997,0.263682
4109,0.20000000000000107,0.06330770877944325,0.019269438,0.264196
4110,0.203846153846154,0.06330770877944325,0.019368764999999996,0.265224
4111,0.20769230769230873,0.06330770877944325,0.019401873999999996,0.263682
4112,0.21153846153846168,0.06330770877944325,0.019335656,0.26573800000000003
4113,0.2153846153846164,0.06330770877944325,0.019401873999999996,0.263682
4114,0.21923076923076934,0.06330770877944325,0.019401873999999996,0.264196
4115,0.22307692307692406,0.06330770877944325,0.019368764999999996,0.263168
4116,0.226923076923077,0.06330770877944325,0.019302546999999996,0.265224
4117,0.23076923076923173,0.06330770877944325,0.019335656,0.264196
4118,0.23461538461538467,0.06330770877944325,0.019401873999999996,0.26471
4119,0.2384615384615394,0.06330770877944325,0.019401873999999996,0.264196
4120,0.24230769230769234,0.06330770877944325,0.019600528,0.26573800000000003
4121,0.24615384615384706,0.06330770877944325,0.019666745999999995,0.264196
4122,0.25,0.06330770877944325,0.019732964,0.264196
4123,0.2538461538461547,0.06330770877944325,0.019766073,0.266252
4124,0.25769230769230766,0.06330770877944325,0.019832291,0.263682
4125,0.2615384615384624,0.06330770877944325,0.019832291,0.26573800000000003
4126,0.26538461538461533,0.06330770877944325,0.019832291,0.263168
4127,0.26923076923077005,0.06330770877944325,0.019832291,0.26573800000000003
4128,0.273076923076923,0.06330770877944325,0.0198654,0.263682
4129,0.2769230769230777,0.06330770877944325,0.019898508999999998,0.265224
4130,0.28076923076923066,0.06330770877944325,0.0198654,0.263682
4131,0.2846153846153854,0.06330770877944325,0.019898508999999998,0.26471
4132,0.2884615384615383,0.06330770877944325,0.019997835999999998,0.26471
4133,0.29230769230769305,0.06330770877944325,0.020064053999999998,0.26471
4134,0.296153846153846,0.06330770877944325,0.019997835999999998,0.264196
4135,0.3000000000000007,0.06330770877944325,0.020030944999999998,0.263682
4136,0.30384615384615365,0.06330770877944325,0.020130271999999998,0.26573800000000003
4137,0.3076923076923084,0.06330770877944325,0.020097162999999998,0.263168
4138,0.3115384615384613,0.06330770877944325,0.019997835999999998,0.26573800000000003
4139,0.31538461538461604,0.06330770877944325,0.019997835999999998,0.263682
4140,0.319230769230769,0.06330770877944325,0.019997835999999998,0.26573800000000003
4141,0.3230769230769237,0.06330770877944325,0.019997835999999998,0.263682
4142,0.32692307692307665,0.06330770877944325,0.020064053999999998,0.265224
4143,0.33076923076923137,0.06330770877944325,0.020196489999999997,0.26471
4144,0.3346153846153843,0.06330770877944325,0.020328925999999997,0.26471
4145,0.33846153846153904,0.06330770877944325,0.020295816999999997,0.265224
4146,0.342307692307692,0.06330770877944325,0.020328925999999997,0.26573800000000003
4147,0.3461538461538467,0.06330770877944325,0.020362034999999997,0.26471
4148,0.34999999999999964,0.06330770877944325,0.020295816999999997,0.263682
4149,0.35384615384615437,0.06330770877944325,0.020163380999999998,0.266252
4150,0.3576923076923073,0.06330770877944325,0.020196489999999997,0.263682
4151,0.36153846153846203,0.06330770877944325,0.020295816999999997,0.266252
4152,0.365384615384615,0.06330770877944325,0.020362034999999997,0.263682
4153,0.3692307692307697,0.06330770877944325,0.020428252999999997,0.265224
4154,0.37307692307692264,0.06330770877944325,0.020461361999999997,0.263682
4155,0.37692307692307736,0.06330770877944325,0.020494471,0.26573800000000003
4156,0.3807692307692303,0.06330770877944325,0.020428252999999997,0.264196
4157,0.384615384615385,0.06330770877944325,0.020428252999999997,0.26471
4158,0.38846153846153797,0.06330770877944325,0.020527579999999997,0.26471
4159,0.3923076923076927,0.06330770877944325,0.020527579999999997,0.265224
4160,0.39615384615384563,0.06330770877944325,0.020494471,0.26471
4161,0.40000000000000036,0.06330770877944325,0.020560688999999997,0.263682
4162,0.4038461538461551,0.06330770877944325,0.020660016,0.26573800000000003
4163,0.4076923076923098,0.06330770877944325,0.020626906999999996,0.263682
4164,0.41153846153846096,0.06330770877944325,0.020593798,0.266252
4165,0.4153846153846157,0.06330770877944325,0.020660016,0.263682
4166,0.4192307692307704,0.06330770877944325,0.020825560999999996,0.26573800000000003
4167,0.4230769230769251,0.06330770877944325,0.020825560999999996,0.263682
4168,0.4269230769230763,0.06330770877944325,0.020792451999999996,0.26573800000000003
4169,0.430769230769231,0.06330770877944325,0.02085867,0.264196
4170,0.43461538461538574,0.06330770877944325,0.020924888,0.265224
4171,0.43846153846154046,0.06330770877944325,0.020924888,0.265224
4172,0.4423076923076916,0.06330770877944325,0.020991105999999995,0.26573800000000003
4173,0.44615384615384635,0.06330770877944325,0.021024215,0.265224
4174,0.45000000000000107,0.06330770877944325,0.021123542,0.264196
4175,0.4538461538461558,0.06330770877944325,0.02118976,0.266252
4176,0.45769230769230695,0.06330770877944325,0.021289086999999998,0.264196
4177,0.4615384615384617,0.06330770877944325,0.021355304999999998,0.266252
4178,0.4653846153846164,0.06330770877944325,0.021355304999999998,0.264196
4179,0.4692307692307711,0.06330770877944325,0.021388413999999998,0.266252
4180,0.4730769230769223,0.06330770877944325,0.021520849999999998,0.264196
4181,0.476923076923077,0.06330770877944325,0.021653285999999997,0.26573800000000003
4182,0.4807692307692317,0.06330770877944325,0.021620176999999997,0.264196
4183,0.48461538461538645,0.06330770877944325,0.021653285999999997,0.26573800000000003
4184,0.4884615384615376,0.06330770877944325,0.021719503999999997,0.265224
4185,0.49230769230769234,0.06330770877944325,0.021686394999999997,0.266252
4186,0.49615384615384706,0.06330770877944325,0.021653285999999997,0.26471
4187,0.5000000000000018,0.06330770877944325,0.021785721999999997,0.264196
4188,0.5038461538461529,0.06330770877944325,0.022017485,0.266766
4189,0.5076923076923077,0.06330770877944325,0.022149920999999996,0.264196
4190,0.5115384615384624,0.06330770877944325,0.022216138999999996,0.266766
4191,0.5153846153846171,0.06330770877944325,0.022348575,0.264196
4192,0.5192307692307683,0.06330770877944325,0.022481011,0.266766
4193,0.523076923076923,0.06330770877944325,0.022613447,0.264196
4194,0.5269230769230777,0.06330770877944325,0.022613447,0.266252
4195,0.5307692307692324,0.06330770877944325,0.022712773999999998,0.26573800000000003
4196,0.5346153846153836,0.06330770877944325,0.022878318999999998,0.26573800000000003
4197,0.5384615384615383,0.06330770877944325,0.023110081999999997,0.266766
4198,0.542307692307693,0.06330770877944325,0.023308735999999997,0.266766
4199,0.5461538461538478,0.06330770877944325,0.023474280999999996,0.26573800000000003
4200,0.5499999999999989,0.06330770877944325,0.023540499,0.26471
4201,0.5538461538461537,0.06330770877944325,0.02350739,0.26728
4202,0.5576923076923084,0.06330770877944325,0.023474280999999996,0.265224
4203,0.5615384615384631,0.06330770877944325,0.023474280999999996,0.266766
4204,0.5653846153846143,0.06330770877944325,0.02350739,0.26471
4205,0.569230769230769,0.06330770877944325,0.023606716999999996,0.26728
4206,0.5730769230769237,0.06330770877944325,0.023805370999999995,0.26471
4207,0.5769230769230784,0.06330770877944325,0.023937807,0.266766
4208,0.5807692307692296,0.06330770877944325,0.023937807,0.265224
4209,0.5846153846153843,0.06330770877944325,0.024004024999999995,0.266252
4210,0.588461538461539,0.06330770877944325,0.024202678999999998,0.265224
4211,0.5923076923076938,0.06330770877944325,0.024467550999999997,0.26728
4212,0.5961538461538449,0.06330770877944325,0.024666205,0.26573800000000003
4213,0.5999999999999996,0.06330770877944325,0.024964185999999996,0.266252
4214,0.6038461538461544,0.06330770877944325,0.025295275999999995,0.266766
4215,0.6076923076923091,0.06330770877944325,0.025493929999999995,0.266252
4216,0.6115384615384603,0.06330770877944325,0.025626365999999998,0.26728
4217,0.615384615384615,0.06330770877944325,0.02582502,0.26573800000000003
4218,0.6192307692307697,0.06330770877944325,0.026056782999999997,0.266252
4219,0.6230769230769244,0.06330770877944325,0.026222328,0.265224
4220,0.6269230769230756,0.06330770877944325,0.026454090999999996,0.268308
4221,0.6307692307692303,0.06330770877944325,0.026752072,0.26573800000000003
4222,0.634615384615385,0.06330770877944325,0.027116270999999997,0.268308
4223,0.6384615384615397,0.06330770877944325,0.027381142999999993,0.266252
4224,0.6423076923076909,0.06330770877944325,0.027612905999999996,0.268308
4225,0.6461538461538456,0.06330770877944325,0.027844668999999996,0.266252
4226,0.6500000000000004,0.06330770877944325,0.028275085999999998,0.26779400000000003
4227,0.6538461538461551,0.06330770877944325,0.028738611999999997,0.26779400000000003
4228,0.6576923076923098,0.06330770877944325,0.029235247,0.26779400000000003
4229,0.661538461538461,0.06330770877944325,0.029632554999999998,0.268308
4230,0.6653846153846157,0.06330770877944325,0.030029862999999993,0.26728
4231,0.6692307692307704,0.06330770877944325,0.030427170999999996,0.268308
4232,0.6730769230769251,0.06330770877944325,0.030990023999999994,0.26728
4233,0.6769230769230763,0.06330770877944325,0.031685313,0.26985000000000003
4234,0.680769230769231,0.06330770877944325,0.03244682,0.26779400000000003
4235,0.6846153846153857,0.06330770877944325,0.033274544999999996,0.270364
4236,0.6884615384615405,0.06330770877944325,0.033870506999999994,0.269336
4237,0.6923076923076916,0.06330770877944325,0.033870506999999994,0.27190600000000004
4238,0.6961538461538463,0.06330770877944325,0.033870506999999994,0.270878
4239,0.7000000000000011,0.06330770877944325,0.033870506999999994,0.27190600000000004
4240,0.7038461538461558,0.06330770877944325,0.033870506999999994,0.27499
4241,0.707692307692307,0.06330770877944325,0.033870506999999994,0.27756000000000003
4242,0.7115384615384617,0.06330770877944325,0.033870506999999994,0.284756
4243,0.7153846153846164,0.06330770877944325,0.033870506999999994,0.28938200000000003
4244,0.7192307692307711,0.06330770877944325,0.033870506999999994,0.294522
4245,0.7230769230769223,0.06330770877944325,0.033870506999999994,0.29143800000000003
4246,0.726923076923077,0.06330770877944325,0.033870506999999994,0.29349400000000003
4247,0.7307692307692317,0.06330770877944325,0.033870506999999994,0.29041
4248,0.7346153846153864,0.06330770877944325,0.033870506999999994,0.292466
4249,0.7384615384615376,0.06330770877944325,0.033870506999999994,0.290924
4250,0.7423076923076923,0.06330770877944325,0.033870506999999994,0.29349400000000003
4251,0.7461538461538471,0.06330770877944325,0.033870506999999994,0.29143800000000003
4252,0.7500000000000018,0.06330770877944325,0.033870506999999994,0.292466
4253,0.7538461538461529,0.06330770877944325,0.033870506999999994,0.291952
4254,0.7576923076923077,0.06330770877944325,0.033870506999999994,0.291952
4255,0.7615384615384624,0.06330770877944325,0.033870506999999994,0.292466
4256,0.7653846153846171,0.06330770877944325,0.033870506999999994,0.29041
4257,0.7692307692307683,0.06330770877944325,0.033870506999999994,0.290924
4258,0.773076923076923,0.06330770877944325,0.033870506999999994,0.288868
4259,0.7769230769230777,0.06330770877944325,0.033870506999999994,0.290924
4260,0.7807692307692324,0.06330770877944325,0.033870506999999994,0.288354
4261,0.7846153846153836,0.06330770877944325,0.033870506999999994,0.289896
4262,0.7884615384615383,0.06330770877944325,0.033870506999999994,0.28784000000000004
4263,0.792307692307693,0.06330770877944325,0.033870506999999994,0.289896
4264,0.7961538461538478,0.06330770877944325,0.033870506999999994,0.28784000000000004
4265,0.7999999999999989,0.06330770877944325,0.033870506999999994,0.28784000000000004
4266,0.8038461538461537,0.06330770877944325,0.033870506999999994,0.28784000000000004
4267,0.8076923076923084,0.06330770877944325,0.033870506999999994,0.286812
4268,0.8115384615384631,0.06330770877944325,0.033870506999999994,0.288868
4269,0.8153846153846143,0.06330770877944325,0.033870506999999994,0.287326
4270,0.819230769230769,0.06330770877944325,0.033870506999999994,0.288354
4271,0.8230769230769237,0.06330770877944325,0.033870506999999994,0.287326
4272,0.8269230769230784,0.06330770877944325,0.033870506999999994,0.28938200000000003
4273,0.8307692307692296,0.06330770877944325,0.033870506999999994,0.287326
4274,0.8346153846153843,0.06330770877944325,0.033870506999999994,0.28938200000000003
4275,0.838461538461539,0.06330770877944325,0.033870506999999994,0.28784000000000004
4276,0.8423076923076938,0.06330770877944325,0.033870506999999994,0.28938200000000003
4277,0.8461538461538449,0.06330770877944325,0.033870506999999994,0.286812
4278,0.8499999999999996,0.06330770877944325,0.033870506999999994,0.28784000000000004
4279,0.8538461538461544,0.06330770877944325,0.033870506999999994,0.28784000000000004
4280,0.8576923076923091,0.06330770877944325,0.033870506999999994,0.286812
4281,0.8615384615384603,0.06330770877944325,0.033870506999999994,0.28784000000000004
4282,0.865384615384615,0.06330770877944325,0.033870506999999994,0.286298
4283,0.8692307692307697,0.06330770877944325,0.033870506999999994,0.286298
4284,0.8730769230769244,0.06330770877944325,0.033870506999999994,0.28527
4285,0.8769230769230756,0.06330770877944325,0.033870506999999994,0.286812
4286,0.8807692307692303,0.06330770877944325,0.033870506999999994,0.284756
4287,0.884615384615385,0.06330770877944325,0.033870506999999994,0.28578400000000004
4288,0.8884615384615397,0.06330770877944325,0.033870506999999994,0.284242
4289,0.8923076923076945,0.06330770877944325,0.033870506999999994,0.28578400000000004
4290,0.8961538461538456,0.06330770877944325,0.033870506999999994,0.282186
4291,0.9000000000000004,0.06330770877944325,0.033870506999999994,0.2827
4292,0.9038461538461551,0.06330770877944325,0.033870506999999994,0.283214
4293,0.9076923076923098,0.06330770877944325,0.033870506999999994,0.28167200000000003
4294,0.911538461538461,0.06330770877944325,0.033870506999999994,0.2827
4295,0.9153846153846157,0.06330770877944325,0.033870506999999994,0.28013
4296,0.9192307692307704,0.06330770877944325,0.033870506999999994,0.280644
4297,0.9230769230769251,0.06330770877944325,0.033870506999999994,0.278588
4298,0.9269230769230763,0.06330770877944325,0.033870506999999994,0.281158
4299,0.930769230769231,0.06330770877944325,0.033870506999999994,0.278074
4300,0.9346153846153857,0.06330770877944325,0.033870506999999994,0.27961600000000003
4301,0.9384615384615405,0.06330770877944325,0.033870506999999994,0.278074
4302,0.9423076923076916,0.06330770877944325,0.033870506999999994,0.28013
4303,0.9461538461538463,0.06330770877944325,0.033870506999999994,0.276532
4304,0.9500000000000011,0.06330770877944325,0.033870506999999994,0.278074
4305,0.9538461538461558,0.06330770877944325,0.033870506999999994,0.278074
4306,0.957692307692307,0.06330770877944325,0.033870506999999994,0.27756000000000003
4307,0.9615384615384617,0.06330770877944325,0.033870506999999994,0.278074
4308,0.9653846153846164,0.06330770877944325,0.033870506999999994,0.276532
4309,0.9692307692307711,0.06330770877944325,0.033870506999999994,0.276532
4310,0.9730769230769223,0.06330770877944325,0.033870506999999994,0.27499
4311,0.976923076923077,0.06330770877944325,0.033870506999999994,0.276532
4312,0.9807692307692317,0.06330770877944325,0.033870506999999994,0.27396200000000004
4313,0.9846153846153864,0.06330770877944325,0.033870506999999994,0.275504
4314,0.9884615384615376,0.06330770877944325,0.033870506999999994,0.273448
4315,0.9923076923076923,0.06330770877944325,0.033870506999999994,0.275504
4316,0.9961538461538471,0.06330770877944325,0.033870506999999994,0.272934
4317,1.0000000000000018,0.06330770877944325,0.033870506999999994,0.273448
4318,1.003846153846153,0.06330770877944325,0.033870506999999994,0.273448
4319,1.0076923076923077,0.06330770877944325,0.033870506999999994,0.27242
4320,1.0115384615384624,0.06330770877944325,0.033870506999999994,0.272934
4321,1.015384615384617,0.06330770877944325,0.033870506999999994,0.270878
4322,1.0192307692307683,0.06330770877944325,0.033870506999999994,0.270878
4323,1.023076923076923,0.06330770877944325,0.033870506999999994,0.270364
4324,1.0269230769230777,0.06330770877944325,0.033870506999999994,0.27242
4325,1.0307692307692324,0.06330770877944325,0.033870506999999994,0.26985000000000003
4326,1.0346153846153836,0.06330770877944325,0.033870506999999994,0.27190600000000004
4327,1.0384615384615383,0.06330770877944325,0.033870506999999994,0.269336
4328,1.042307692307693,0.06330770877944325,0.033870506999999994,0.27190600000000004
4329,1.0461538461538478,0.06330770877944325,0.033870506999999994,0.268822
4330,1.049999999999999,0.06330770877944325,0.033870506999999994,0.270878
4331,1.0538461538461537,0.06330770877944325,0.033870506999999994,0.26985000000000003
4332,1.0576923076923084,0.06330770877944325,0.033870506999999994,0.26985000000000003
4333,1.061538461538463,0.06330770877944325,0.033870506999999994,0.270364
4334,1.0653846153846143,0.06330770877944325,0.033870506999999994,0.268308
4335,1.069230769230769,0.06330770877944325,0.033870506999999994,0.268308
4336,1.0730769230769237,0.06330770877944325,0.033870506999999994,0.26779400000000003
4337,1.0769230769230784,0.06330770877944325,0.033870506999999994,0.270364
4338,1.0807692307692296,0.06330770877944325,0.033870506999999994,0.26728
4339,1.0846153846153843,0.06330770877944325,0.033870506999999994,0.268822
4340,1.088461538461539,0.06330770877944325,0.033870506999999994,0.26728
4341,1.0923076923076938,0.06330770877944325,0.033870506999999994,0.26985000000000003
4342,1.096153846153845,0.06330770877944325,0.033870506999999994,0.26728
4343,1.0999999999999996,0.06330770877944325,0.033870506999999994,0.268308
4344,1.1038461538461544,0.06330770877944325,0.033870506999999994,0.268308
4345,1.107692307692309,0.06330770877944325,0.033870506999999994,0.26779400000000003
4346,1.1115384615384603,0.06330770877944325,0.033870506999999994,0.268308
4347,1.115384615384615,0.06330770877944325,0.033870506999999994,0.266766
4348,1.1192307692307697,0.06330770877944325,0.033870506999999994,0.266766
4349,1.1230769230769244,0.06330770877944325,0.033870506999999994,0.26573800000000003
4350,1.1269230769230756,0.06330770877944325,0.033870506999999994,0.268822
4351,1.1307692307692303,0.06330770877944325,0.033870506999999994,0.26573800000000003
4352,1.134615384615385,0.06330770877944325,0.033870506999999994,0.268308
4353,1.1384615384615397,0.06330770877944325,0.033870506999999994,0.266252
4354,1.1423076923076945,0.06330770877944325,0.033870506999999994,0.268308
4355,1.1461538461538456,0.06330770877944325,0.033870506999999994,0.26573800000000003
4356,1.1500000000000004,0.06330770877944325,0.033870506999999994,0.266766
4357,1.153846153846155,0.06330770877944325,0.033870506999999994,0.266766
4358,1.1576923076923098,0.06330770877944325,0.033870506999999994,0.26728
4359,1.161538461538461,0.06330770877944325,0.033870506999999994,0.26728
4360,1.1653846153846157,0.06330770877944325,0.033870506999999994,0.266252
4361,1.1692307692307704,0.06330770877944325,0.033870506999999994,0.26573800000000003
4362,1.1730769230769251,0.06330770877944325,0.033870506999999994,0.265224
4363,1.1769230769230763,0.06330770877944325,0.033870506999999994,0.26779400000000003
4364,1.180769230769231,0.06330770877944325,0.033870506999999994,0.265224
4365,1.1846153846153857,0.06330770877944325,0.033870506999999994,0.26728
4366,1.1884615384615405,0.06330770877944325,0.033870506999999994,0.265224
4367,1.1923076923076916,0.06330770877944325,0.033870506999999994,0.26728
4368,1.1961538461538463,0.06330770877944325,0.033704962,0.265224
4369,1.200000000000001,0.06330770877944325,0.033340762999999995,0.26573800000000003
4370,1.2038461538461558,0.06330770877944325,0.032976564,0.265224
4371,1.207692307692307,0.06330770877944325,0.032678583,0.26573800000000003
4372,1.2115384615384617,0.06330770877944325,0.03244682,0.266252
4373,1.2153846153846164,0.06330770877944325,0.032347493,0.264196
4374,1.2192307692307711,0.06330770877944325,0.032347493,0.265224
4375,1.2230769230769223,0.06330770877944325,0.032281275,0.264196
4376,1.226923076923077,0.06330770877944325,0.032148839,0.266766
4377,1.2307692307692317,0.06330770877944325,0.03195018499999999,0.264196
4378,1.2346153846153864,0.06330770877944325,0.031685313,0.266766
4379,1.2384615384615376,0.06330770877944325,0.03155287699999999,0.264196
4380,1.2423076923076923,0.06330770877944325,0.031519768,0.266766
4381,1.246153846153847,0.06330770877944325,0.03142044099999999,0.26471
4382,1.2500000000000018,0.06330770877944325,0.031288005,0.26573800000000003
4383,1.253846153846153,0.06330770877944325,0.031221786999999997,0.265224
4384,1.2576923076923077,0.06330770877944325,0.031155569,0.26573800000000003
4385,1.2615384615384624,0.06330770877944325,0.031089350999999998,0.26573800000000003
4386,1.265384615384617,0.06330770877944325,0.031023132999999994,0.26471
4387,1.2692307692307683,0.06330770877944325,0.031023132999999994,0.265224
4388,1.273076923076923,0.06330770877944325,0.030923805999999998,0.263682
4389,1.2769230769230777,0.06330770877944325,0.030725152,0.266252
4390,1.2807692307692324,0.06330770877944325,0.030493388999999996,0.263682
4391,1.2846153846153836,0.06330770877944325,0.030327843999999996,0.26573800000000003
4392,1.2884615384615383,0.06330770877944325,0.030427170999999996,0.264196
4393,1.292307692307693,0.06330770877944325,0.030526498,0.266252
4394,1.2961538461538478,0.06330770877944325,0.030592715999999995,0.263682
4395,1.299999999999999,0.06330770877944325,0.030559607,0.265224
4396,1.3038461538461537,0.06330770877944325,0.030460279999999996,0.26471
4397,1.3076923076923084,0.06330770877944325,0.030327843999999996,0.265224
4398,1.311538461538463,0.06330770877944325,0.030162298999999997,0.26471
4399,1.3153846153846143,0.06330770877944325,0.030062971999999997,0.264196
4400,1.319230769230769,0.06330770877944325,0.029963644999999997,0.264196
4401,1.3230769230769237,0.06330770877944325,0.029764990999999998,0.263168
4402,1.3269230769230784,0.06330770877944325,0.029599445999999998,0.265224
4403,1.3307692307692296,0.06330770877944325,0.029533227999999998,0.263682
4404,1.3346153846153843,0.06330770877944325,0.029533227999999998,0.26573800000000003
4405,1.338461538461539,0.06330770877944325,0.029467009999999995,0.263168
4406,1.3423076923076938,0.06330770877944325,0.029433901,0.26573800000000003
4407,1.346153846153845,0.06330770877944325,0.029500118999999995,0.263682
4408,1.3499999999999996,0.06330770877944325,0.029665663999999994,0.26573800000000003
4409,1.3538461538461544,0.06330770877944325,0.029566336999999998,0.264196
4410,1.357692307692309,0.06330770877944325,0.029400792,0.26573800000000003
4411,1.3615384615384603,0.06330770877944325,0.029301464999999995,0.264196
4412,1.365384615384615,0.06330770877944325,0.029301464999999995,0.26471
4413,1.3692307692307697,0.06330770877944325,0.029169028999999996,0.264196
4414,1.3730769230769244,0.06330770877944325,0.029169028999999996,0.263682
4415,1.3769230769230756,0.06330770877944325,0.029268355999999995,0.265224
4416,1.3807692307692303,0.06330770877944325,0.029301464999999995,0.263682
4417,1.384615384615385,0.06330770877944325,0.029169028999999996,0.26573800000000003
4418,1.3884615384615397,0.06330770877944325,0.029102810999999996,0.263168
4419,1.3923076923076945,0.06330770877944325,0.029169028999999996,0.26573800000000003
4420,1.3961538461538456,0.06330770877944325,0.029102810999999996,0.263168
4421,1.4000000000000004,0.06330770877944325,0.028871048,0.265224
4422,1.403846153846155,0.06330770877944325,0.028771720999999997,0.263682
4423,1.4076923076923098,0.06330770877944325,0.028672394,0.26471
4424,1.411538461538461,0.06330770877944325,0.028573066999999997,0.263682
4425,1.4153846153846157,0.06330770877944325,0.028374412999999998,0.264196
4426,1.4192307692307704,0.06330770877944325,0.028275085999999998,0.263682
4427,1.4230769230769251,0.06330770877944325,0.028241976999999998,0.263168
4428,1.4269230769230763,0.06330770877944325,0.028241976999999998,0.26471
4429,1.430769230769231,0.06330770877944325,0.028109541,0.263168
4430,1.4346153846153857,0.06330770877944325,0.028043323,0.265224
4431,1.4384615384615405,0.06330770877944325,0.028109541,0.262654
4432,1.4423076923076916,0.06330770877944325,0.028142649999999995,0.265224
4433,1.4461538461538463,0.06330770877944325,0.028109541,0.262654
4434,1.450000000000001,0.06330770877944325,0.028076432,0.265224
4435,1.4538461538461558,0.06330770877944325,0.028109541,0.263168
4436,1.457692307692307,0.06330770877944325,0.028076432,0.26573800000000003
4437,1.4615384615384617,0.06330770877944325,0.028010213999999995,0.263682
4438,1.4653846153846164,0.06330770877944325,0.027910887,0.26471
4439,1.4692307692307711,0.06330770877944325,0.027910887,0.262654
4440,1.4730769230769223,0.06330770877944325,0.027844668999999996,0.263682
4441,1.476923076923077,0.06330770877944325,0.027745342,0.26471
4442,1.4807692307692317,0.06330770877944325,0.027646014999999996,0.264196
4443,1.4846153846153864,0.06330770877944325,0.027646014999999996,0.26471
4444,1.4884615384615376,0.06330770877944325,0.027612905999999996,0.263168
4445,1.4923076923076923,0.06330770877944325,0.027480469999999996,0.265224
4446,1.496153846153847,0.06330770877944325,0.027381142999999993,0.262654
4447,1.5000000000000018,0.06330770877944325,0.027314924999999997,0.26471
4448,1.503846153846153,0.06330770877944325,0.027182488999999994,0.263168
4449,1.5076923076923077,0.06330770877944325,0.026884507999999998,0.264196
4450,1.5115384615384624,0.06330770877944325,0.026752072,0.263168
4451,1.515384615384617,0.06330770877944325,0.026785180999999998,0.263682
4452,1.5192307692307683,0.06330770877944325,0.026851398999999995,0.262654
4453,1.523076923076923,0.06330770877944325,0.026917616999999998,0.262654
4454,1.5269230769230777,0.06330770877944325,0.027016943999999994,0.26471
4455,1.5307692307692324,0.06330770877944325,0.027182488999999994,0.262654
4456,1.5346153846153836,0.06330770877944325,0.027281815999999997,0.265224
4457,1.5384615384615383,0.06330770877944325,0.027116270999999997,0.26214000000000004
4458,1.542307692307693,0.06330770877944325,0.026917616999999998,0.264196
4459,1.5461538461538478,0.06330770877944325,0.026652744999999995,0.26214000000000004
4460,1.549999999999999,0.06330770877944325,0.026553418,0.264196
4461,1.5538461538461537,0.06330770877944325,0.026619635999999995,0.263168
4462,1.5576923076923084,0.06330770877944325,0.026818289999999995,0.26471
4463,1.561538461538463,0.06330770877944325,0.026917616999999998,0.263168
4464,1.5653846153846143,0.06330770877944325,0.026917616999999998,0.264196
4465,1.569230769230769,0.06330770877944325,0.026884507999999998,0.262654
4466,1.5730769230769237,0.06330770877944325,0.026983835,0.263682
4467,1.5769230769230784,0.06330770877944325,0.027016943999999994,0.264196
4468,1.5807692307692296,0.06330770877944325,0.026983835,0.262654
4469,1.5846153846153843,0.06330770877944325,0.026851398999999995,0.26471
4470,1.588461538461539,0.06330770877944325,0.026851398999999995,0.262654
4471,1.5923076923076938,0.06330770877944325,0.026884507999999998,0.264196
4472,1.596153846153845,0.06330770877944325,0.026818289999999995,0.262654
4473,1.5999999999999996,0.06330770877944325,0.026818289999999995,0.26471
4474,1.6038461538461544,0.06330770877944325,0.026950725999999998,0.262654
4475,1.607692307692309,0.06330770877944325,0.027116270999999997,0.26471
4476,1.6115384615384603,0.06330770877944325,0.027116270999999997,0.262654
4477,1.615384615384615,0.06330770877944325,0.027050052999999998,0.264196
4478,1.6192307692307697,0.06330770877944325,0.027149379999999997,0.262654
4479,1.6230769230769244,0.06330770877944325,0.027149379999999997,0.263682
4480,1.6269230769230791,0.06330770877944325,0.027050052999999998,0.264196
4481,1.6307692307692303,0.06330770877944325,0.026950725999999998,0.263168
4482,1.634615384615385,0.06330770877944325,0.026950725999999998,0.26471
4483,1.6384615384615397,0.06330770877944325,0.026950725999999998,0.26214000000000004
4484,1.6423076923076945,0.06330770877944325,0.026851398999999995,0.264196
4485,1.6461538461538456,0.06330770877944325,0.026785180999999998,0.262654
4486,1.6500000000000004,0.06330770877944325,0.026619635999999995,0.26471
4487,1.653846153846155,0.06330770877944325,0.026487199999999995,0.262654
4488,1.6576923076923098,0.06330770877944325,0.026321654999999996,0.264196
4489,1.661538461538461,0.06330770877944325,0.026321654999999996,0.263168
4490,1.6653846153846157,0.06330770877944325,0.026553418,0.26471
4491,1.6692307692307704,0.06330770877944325,0.026652744999999995,0.262654
4492,1.6730769230769251,0.06330770877944325,0.026752072,0.264196
4493,1.6769230769230763,0.06330770877944325,0.026718963,0.264196
4494,1.680769230769231,0.06330770877944325,0.026685853999999995,0.263682
4495,1.6846153846153857,0.06330770877944325,0.026652744999999995,0.26471
4496,1.6884615384615405,0.06330770877944325,0.026718963,0.263168
4497,1.6923076923076916,0.06330770877944325,0.026818289999999995,0.263682
4498,1.6961538461538463,0.06330770877944325,0.026785180999999998,0.263682
4499,1.700000000000001,0.06330770877944325,0.026685853999999995,0.26471
4500,1.7038461538461558,0.06330770877944325,0.026586527,0.26214000000000004
4501,1.707692307692307,0.06330770877944325,0.026420982,0.26471
4502,1.7115384615384617,0.06330770877944325,0.026288545999999996,0.26214000000000004
4503,1.7153846153846164,0.06330770877944325,0.026255436999999996,0.26471
4504,1.7192307692307711,0.06330770877944325,0.026387873,0.263168
4505,1.7230769230769223,0.06330770877944325,0.026520309,0.26471
4506,1.726923076923077,0.06330770877944325,0.026553418,0.263168
4507,1.7307692307692317,0.06330770877944325,0.026487199999999995,0.263168
4508,1.7346153846153864,0.06330770877944325,0.026420982,0.264196
4509,1.7384615384615376,0.06330770877944325,0.026454090999999996,0.262654
4510,1.7423076923076923,0.06330770877944325,0.026487199999999995,0.263168
4511,1.746153846153847,0.06330770877944325,0.026420982,0.263168
4512,1.7500000000000018,0.06330770877944325,0.026520309,0.264196
4513,1.753846153846153,0.06330770877944325,0.026785180999999998,0.262654
4514,1.7576923076923077,0.06330770877944325,0.027083161999999997,0.26471
4515,1.7615384615384624,0.06330770877944325,0.027281815999999997,0.262654
4516,1.765384615384617,0.06330770877944325,0.027447360999999997,0.265224
4517,1.7692307692307683,0.06330770877944325,0.027712233,0.263682
4518,1.773076923076923,0.06330770877944325,0.027977104999999995,0.265224
4519,1.7769230769230777,0.06330770877944325,0.028208867999999998,0.264196
4520,1.7807692307692324,0.06330770877944325,0.028539957999999994,0.265224
4521,1.7846153846153836,0.06330770877944325,0.028804829999999997,0.26471
4522,1.7884615384615383,0.06330770877944325,0.028771720999999997,0.264196
4523,1.792307692307693,0.06330770877944325,0.028407521999999998,0.263682
4524,1.7961538461538478,0.06330770877944325,0.028076432,0.264196
4525,1.799999999999999,0.06330770877944325,0.027811559999999996,0.26471
4526,1.8038461538461537,0.06330770877944325,0.027646014999999996,0.262654
4527,1.8076923076923084,0.06330770877944325,0.027513579,0.265224
4528,1.811538461538463,0.06330770877944325,0.027513579,0.262654
4529,1.8153846153846143,0.06330770877944325,0.027546688,0.265224
4530,1.819230769230769,0.06330770877944325,0.027513579,0.262654
4531,1.8230769230769237,0.06330770877944325,0.027546688,0.264196
4532,1.8269230769230784,0.06330770877944325,0.027579796999999996,0.263168
4533,1.8307692307692296,0.06330770877944325,0.027513579,0.264196
4534,1.8346153846153843,0.06330770877944325,0.027381142999999993,0.263682
4535,1.838461538461539,0.06330770877944325,0.027281815999999997,0.263168
4536,1.8423076923076938,0.06330770877944325,0.027314924999999997,0.263168
4537,1.846153846153845,0.06330770877944325,0.027182488999999994,0.263682
4538,1.8499999999999996,0.06330770877944325,0.026983835,0.264196
4539,1.8538461538461544,0.06330770877944325,0.026818289999999995,0.26214000000000004
4540,1.857692307692309,0.06330770877944325,0.026818289999999995,0.26471
4541,1.8615384615384603,0.06330770877944325,0.026851398999999995,0.26214000000000004
4542,1.865384615384615,0.06330770877944325,0.026851398999999995,0.26471
4543,1.8692307692307697,0.06330770877944325,0.026818289999999995,0.262654
4544,1.8730769230769244,0.06330770877944325,0.026652744999999995,0.264196
4545,1.8769230769230791,0.06330770877944325,0.026487199999999995,0.263168
4546,1.8807692307692303,0.06330770877944325,0.026387873,0.264196
4547,1.884615384615385,0.06330770877944325,0.026387873,0.264196
4548,1.8884615384615397,0.06330770877944325,0.026487199999999995,0.263168
4549,1.8923076923076945,0.06330770877944325,0.026454090999999996,0.263168
4550,1.8961538461538456,0.06330770877944325,0.026321654999999996,0.263168
4551,1.9000000000000004,0.06330770877944325,0.026288545999999996,0.264196
4552,1.903846153846155,0.06330770877944325,0.026255436999999996,0.26214000000000004
4553,1.9076923076923098,0.06330770877944325,0.026156109999999996,0.264196
4554,1.911538461538461,0.06330770877944325,0.026056782999999997,0.26214000000000004
4555,1.9153846153846157,0.06330770877944325,0.026056782999999997,0.264196
4556,1.9192307692307704,0.06330770877944325,0.026089891999999996,0.26214000000000004
4557,1.9230769230769251,0.06330770877944325,0.026089891999999996,0.264196
4558,1.9269230769230763,0.06330770877944325,0.025957455999999997,0.263168
4559,1.930769230769231,0.06330770877944325,0.025858128999999994,0.263168
4560,1.9346153846153857,0.06330770877944325,0.025791910999999997,0.263168
4561,1.9384615384615405,0.06330770877944325,0.025692583999999994,0.262654
4562,1.9423076923076916,0.06330770877944325,0.025626365999999998,0.262654
4563,1.9461538461538463,0.06330770877944325,0.025659475,0.262654
4564,1.950000000000001,0.06330770877944325,0.025758801999999997,0.264196
4565,1.9538461538461558,0.06330770877944325,0.025858128999999994,0.26214000000000004
4566,1.957692307692307,0.06330770877944325,0.025891237999999997,0.26471
4567,1.9615384615384617,0.06330770877944325,0.025858128999999994,0.26214000000000004
4568,1.9653846153846164,0.06330770877944325,0.025858128999999994,0.26471
4569,1.9692307692307711,0.06330770877944325,0.025791910999999997,0.26214000000000004
4570,1.9730769230769223,0.06330770877944325,0.025858128999999994,0.264196
4571,1.976923076923077,0.06330770877944325,0.02582502,0.263168
4572,1.9807692307692317,0.06330770877944325,0.025858128999999994,0.264196
4573,1.9846153846153864,0.06330770877944325,0.025692583999999994,0.263168
4574,1.9884615384615376,0.06330770877944325,0.025527038999999994,0.263168
4575,1.9923076923076923,0.06330770877944325,0.025527038999999994,0.262654
4576,1.996153846153847,0.06330770877944325,0.025560147999999998,0.263168
4577,2.0000000000000018,0.06330770877944325,0.025659475,0.264196
4578,2.003846153846153,0.06330770877944325,0.025725692999999997,0.26214000000000004
4579,2.0076923076923077,0.06330770877944325,0.025692583999999994,0.264196
4580,2.0115384615384624,0.06330770877944325,0.025626365999999998,0.26214000000000004
4581,2.015384615384617,0.06330770877944325,0.025560147999999998,0.264196
4582,2.0192307692307683,0.06330770877944325,0.025560147999999998,0.262654
4583,2.023076923076923,0.06330770877944325,0.025593256999999998,0.264196
4584,2.0269230769230777,0.06330770877944325,0.025659475,0.262654
4585,2.0307692307692324,0.06330770877944325,0.025659475,0.264196
4586,2.0346153846153836,0.06330770877944325,0.025758801999999997,0.263168
4587,2.0384615384615383,0.06330770877944325,0.025924346999999997,0.263682
4588,2.042307692307693,0.06330770877944325,0.025957455999999997,0.263168
4589,2.0461538461538478,0.06330770877944325,0.025924346999999997,0.262654
4590,2.049999999999999,0.06330770877944325,0.025858128999999994,0.264196
4591,2.0538461538461537,0.06330770877944325,0.025858128999999994,0.26214000000000004
4592,2.0576923076923084,0.06330770877944325,0.025858128999999994,0.26471
4593,2.061538461538463,0.06330770877944325,0.025924346999999997,0.26214000000000004
4594,2.0653846153846143,0.06330770877944325,0.026056782999999997,0.26471
4595,2.069230769230769,0.06330770877944325,0.026156109999999996,0.262654
4596,2.0730769230769237,0.06330770877944325,0.026189219,0.264196
4597,2.0769230769230784,0.06330770877944325,0.026189219,0.262654
4598,2.0807692307692296,0.06330770877944325,0.026255436999999996,0.264196
4599,2.0846153846153843,0.06330770877944325,0.026255436999999996,0.263168
4600,2.088461538461539,0.06330770877944325,0.026189219,0.263682
4601,2.0923076923076938,0.06330770877944325,0.026156109999999996,0.263168
4602,2.096153846153845,0.06330770877944325,0.026156109999999996,0.263682
4603,2.0999999999999996,0.06330770877944325,0.026089891999999996,0.264196
4604,2.1038461538461544,0.06330770877944325,0.026023674,0.26214000000000004
4605,2.107692307692309,0.06330770877944325,0.025990564999999997,0.264196
4606,2.1115384615384603,0.06330770877944325,0.026123000999999996,0.26214000000000004
4607,2.115384615384615,0.06330770877944325,0.026222328,0.264196
4608,2.1192307692307697,0.0631220556745182,0.026156109999999996,0.262654
4609,2.1230769230769244,0.0631220556745182,0.026056782999999997,0.264196
4610,2.126923076923079,0.0632458244111349,0.026023674,0.262654
4611,2.1307692307692303,0.06330770877944325,0.025957455999999997,0.263682
4612,2.134615384615385,0.06330770877944325,0.025924346999999997,0.263168
4613,2.1384615384615397,0.0631220556745182,0.025858128999999994,0.263168
4614,2.1423076923076945,0.0632458244111349,0.025924346999999997,0.262654
4615,2.1461538461538456,0.06330770877944325,0.025858128999999994,0.262654
4616,2.1500000000000004,0.06330770877944325,0.025725692999999997,0.264196
4617,2.153846153846155,0.0632458244111349,0.025593256999999998,0.26214000000000004
4618,2.15769230769231,0.06330770877944325,0.025692583999999994,0.264196
4619,2.161538461538461,0.06330770877944325,0.025692583999999994,0.261626
4620,2.1653846153846157,0.06330770877944325,0.025725692999999997,0.26471
4621,2.1692307692307704,0.06293640256959314,0.025891237999999997,0.262654
4622,2.173076923076925,0.0628745182012848,0.025990564999999997,0.264196
4623,2.1769230769230763,0.0629982869379015,0.026023674,0.262654
4624,2.180769230769231,0.0631220556745182,0.025924346999999997,0.264196
4625,2.1846153846153857,0.0629982869379015,0.025791910999999997,0.262654
4626,2.1884615384615405,0.0628745182012848,0.025692583999999994,0.263682
4627,2.1923076923076916,0.0631220556745182,0.025593256999999998,0.263168
4628,2.1961538461538463,0.0632458244111349,0.025593256999999998,0.263168
4629,2.200000000000001,0.0631220556745182,0.025626365999999998,0.264196
4630,2.203846153846156,0.06281263383297644,0.025692583999999994,0.262654
4631,2.207692307692307,0.0628745182012848,0.025560147999999998,0.264196
4632,2.2115384615384617,0.06306017130620985,0.025527038999999994,0.26214000000000004
4633,2.2153846153846164,0.06318394004282654,0.025593256999999998,0.264196
4634,2.219230769230771,0.06275074946466809,0.025593256999999998,0.263682
4635,2.2230769230769223,0.06268886509635974,0.025626365999999998,0.26471
4636,2.226923076923077,0.06275074946466809,0.025593256999999998,0.26214000000000004
4637,2.2307692307692317,0.0629982869379015,0.025692583999999994,0.264196
4638,2.2346153846153864,0.0628745182012848,0.025758801999999997,0.262654
4639,2.2384615384615376,0.06262698072805138,0.025659475,0.263682
4640,2.2423076923076923,0.06268886509635974,0.025527038999999994,0.262654
4641,2.246153846153847,0.0629982869379015,0.025427711999999998,0.263682
4642,2.2500000000000018,0.06306017130620985,0.025361494,0.263168
4643,2.253846153846153,0.06281263383297644,0.025361494,0.262654
4644,2.2576923076923077,0.06262698072805138,0.025361494,0.263682
4645,2.2615384615384624,0.06275074946466809,0.025394602999999998,0.262654
4646,2.265384615384617,0.06293640256959314,0.025394602999999998,0.264196
4647,2.2692307692307683,0.06250321199143469,0.025394602999999998,0.263168
4648,2.273076923076923,0.06237944325481798,0.025560147999999998,0.26471
4649,2.2769230769230777,0.06244132762312634,0.025659475,0.26214000000000004
4650,2.2807692307692324,0.06262698072805138,0.025659475,0.26471
4651,2.2846153846153836,0.06250321199143469,0.025560147999999998,0.26214000000000004
4652,2.2884615384615383,0.062255674518201284,0.025560147999999998,0.264196
4653,2.292307692307693,0.06244132762312634,0.025659475,0.26214000000000004
4654,2.2961538461538478,0.06256509635974304,0.025593256999999998,0.264196
4655,2.299999999999999,0.06250321199143469,0.025493929999999995,0.263168
4656,2.3038461538461537,0.062255674518201284,0.025493929999999995,0.263168
4657,2.3076923076923084,0.06231755888650963,0.025560147999999998,0.263682
4658,2.311538461538463,0.06244132762312634,0.025560147999999998,0.262654
4659,2.3153846153846143,0.06250321199143469,0.025493929999999995,0.264196
4660,2.319230769230769,0.06207002141327623,0.025626365999999998,0.263682
4661,2.3230769230769237,0.06200813704496788,0.025758801999999997,0.26471
4662,2.3269230769230784,0.06200813704496788,0.025957455999999997,0.262654
4663,2.3307692307692296,0.06219379014989292,0.026123000999999996,0.26471
4664,2.3346153846153843,0.062131905781584576,0.026321654999999996,0.263168
4665,2.338461538461539,0.06188436830835117,0.026553418,0.264196
4666,2.3423076923076938,0.06188436830835117,0.026652744999999995,0.262654
4667,2.346153846153845,0.06207002141327623,0.026652744999999995,0.264196
4668,2.3499999999999996,0.062131905781584576,0.026685853999999995,0.263682
4669,2.3538461538461544,0.06200813704496788,0.026718963,0.263168
4670,2.357692307692309,0.06169871520342612,0.026619635999999995,0.264196
4671,2.3615384615384603,0.061760599571734465,0.026553418,0.262654
4672,2.365384615384615,0.06200813704496788,0.026652744999999995,0.26471
4673,2.3692307692307697,0.06163683083511777,0.026983835,0.264196
4674,2.3730769230769244,0.06157494646680942,0.027612905999999996,0.265224
4675,2.376923076923079,0.061451177730192715,0.028804829999999997,0.263682
4676,2.3807692307692303,0.06151306209850107,0.030592715999999995,0.26728
4677,2.384615384615385,0.06052291220556746,0.032248165999999995,0.265224
4678,2.3884615384615397,0.059470877944325484,0.033307654,0.26728
4679,2.3923076923076945,0.05928522483940043,0.033605635,0.265224
4680,2.3961538461538456,0.059470877944325484,0.033738070999999994,0.26728
4681,2.4000000000000004,0.059470877944325484,0.033870506999999994,0.265224
4682,2.403846153846155,0.05922334047109207,0.033870506999999994,0.266252
4683,2.40769230769231,0.05909957173447537,0.033870506999999994,0.266252
4684,2.411538461538461,0.05922334047109207,0.033870506999999994,0.265224
4685,2.4153846153846157,0.05953276231263383,0.033738070999999994,0.266766
4686,2.4192307692307704,0.05916145610278372,0.033506308,0.26728
4687,2.423076923076925,0.05916145610278372,0.033506308,0.266766
4688,2.4269230769230763,0.05928522483940043,0.033671852999999995,0.26471
4689,2.430769230769231,0.05953276231263383,0.033870506999999994,0.26728
4690,2.4346153846153857,0.059470877944325484,0.033870506999999994,0.265224
4691,2.4384615384615405,0.05922334047109207,0.033870506999999994,0.266766
4692,2.4423076923076916,0.059470877944325484,0.033870506999999994,0.26471
4693,2.4461538461538463,0.05959464668094218,0.033738070999999994,0.266766
4694,2.450000000000001,0.059470877944325484,0.033738070999999994,0.265224
4695,2.453846153846156,0.05928522483940043,0.033804289,0.26573800000000003
4696,2.457692307692307,0.05928522483940043,0.033738070999999994,0.26573800000000003
4697,2.4615384615384617,0.059470877944325484,0.033340762999999995,0.26471
4698,2.4653846153846164,0.059780299785867234,0.03277790999999999,0.26573800000000003
4699,2.469230769230771,0.05990406852248394,0.032215057,0.266252
4700,2.4730769230769223,0.060461027837259096,0.031519768,0.265224
4701,2.476923076923077,0.06120364025695931,0.030725152,0.263168
4702,2.4807692307692317,0.061760599571734465,0.030096080999999997,0.265224
4703,2.4846153846153864,0.06188436830835117,0.029764990999999998,0.263168
4704,2.4884615384615376,0.06157494646680942,0.029566336999999998,0.26573800000000003
4705,2.4923076923076923,0.06169871520342612,0.029301464999999995,0.263168
4706,2.496153846153847,0.061822483940042826,0.029202138,0.26573800000000003
4707,2.5000000000000018,0.061760599571734465,0.029135919999999996,0.263682
4708,2.503846153846153,0.06163683083511777,0.029003483999999996,0.264196
4709,2.5076923076923077,0.06132740899357601,0.028539957999999994,0.263682
4710,2.5115384615384624,0.061451177730192715,0.027910887,0.263682
4711,2.515384615384617,0.06169871520342612,0.027513579,0.264196
4712,2.5192307692307683,0.061265524625267666,0.027215597999999997,0.265224
4713,2.523076923076923,0.061265524625267666,0.026950725999999998,0.264196
4714,2.5269230769230777,0.061265524625267666,0.026752072,0.262654
4715,2.5307692307692324,0.06138929336188437,0.026586527,0.264196
4716,2.5346153846153836,0.061451177730192715,0.026520309,0.26214000000000004
4717,2.5384615384615383,0.06120364025695931,0.026387873,0.26471
4718,2.542307692307693,0.06120364025695931,0.026354764,0.263168
4719,2.5461538461538478,0.06138929336188437,0.026255436999999996,0.264196
4720,2.549999999999999,0.06132740899357601,0.026123000999999996,0.26214000000000004
4721,2.5538461538461537,0.06120364025695931,0.025891237999999997,0.263682
4722,2.5576923076923084,0.060956102783725916,0.025692583999999994,0.262654
4723,2.561538461538463,0.06101798715203426,0.025560147999999998,0.263168
4724,2.5653846153846143,0.06120364025695931,0.025527038999999994,0.263168
4725,2.569230769230769,0.060956102783725916,0.025493929999999995,0.264196
4726,2.5730769230769237,0.06083233404710921,0.025560147999999998,0.263682
4727,2.5769230769230784,0.06083233404710921,0.025626365999999998,0.26214000000000004
4728,2.5807692307692296,0.06114175588865096,0.025692583999999994,0.26471
4729,2.5846153846153843,0.06107987152034261,0.025659475,0.26214000000000004
4730,2.588461538461539,0.0607085653104925,0.025659475,0.26471
4731,2.5923076923076938,0.060894218415417554,0.025593256999999998,0.26214000000000004
4732,2.596153846153845,0.06107987152034261,0.025295275999999995,0.264196
4733,2.5999999999999996,0.06107987152034261,0.025063513,0.26214000000000004
4734,2.6038461538461544,0.06077044967880086,0.025096621999999996,0.264196
4735,2.607692307692309,0.0607085653104925,0.025195949,0.262654
4736,2.6115384615384603,0.060894218415417554,0.025195949,0.263682
4737,2.615384615384615,0.060956102783725916,0.025096621999999996,0.262654
4738,2.6192307692307697,0.06064668094218415,0.025162839999999995,0.26471
4739,2.6230769230769244,0.060584796573875804,0.025162839999999995,0.263168
4740,2.626923076923079,0.060584796573875804,0.025162839999999995,0.26214000000000004
4741,2.6307692307692303,0.06083233404710921,0.025063513,0.264196
4742,2.634615384615385,0.060894218415417554,0.025063513,0.26214000000000004
4743,2.6384615384615397,0.06064668094218415,0.024964185999999996,0.264196
4744,2.6423076923076945,0.06064668094218415,0.024798640999999996,0.26214000000000004
4745,2.6461538461538456,0.060894218415417554,0.024666205,0.264196
4746,2.6500000000000004,0.06101798715203426,0.024699314,0.261626
4747,2.653846153846155,0.060894218415417554,0.024699314,0.263168
4748,2.65769230769231,0.06064668094218415,0.024599986999999997,0.26214000000000004
4749,2.661538461538461,0.060584796573875804,0.024467550999999997,0.26214000000000004
4750,2.6653846153846157,0.06083233404710921,0.02450066,0.263168
4751,2.6692307692307704,0.0607085653104925,0.024599986999999997,0.264196
4752,2.673076923076925,0.060584796573875804,0.024666205,0.263682
4753,2.6769230769230763,0.06039914346895075,0.024666205,0.261626
4754,2.680769230769231,0.06052291220556746,0.024699314,0.264196
4755,2.6846153846153857,0.0607085653104925,0.024666205,0.261626
4756,2.6884615384615405,0.0607085653104925,0.024666205,0.264196
4757,2.6923076923076916,0.0603372591006424,0.024633095999999997,0.261626
4758,2.6961538461538463,0.060461027837259096,0.024666205,0.264196
4759,2.700000000000001,0.060584796573875804,0.024599986999999997,0.26214000000000004
4760,2.703846153846156,0.06064668094218415,0.024566877999999997,0.263168
4761,2.707692307692307,0.06027537473233404,0.024599986999999997,0.263168
4762,2.7115384615384617,0.060151605995717346,0.024699314,0.262654
4763,2.7153846153846164,0.06039914346895075,0.024699314,0.263682
4764,2.719230769230771,0.0603372591006424,0.024566877999999997,0.263682
4765,2.7230769230769223,0.06021349036402569,0.024533768999999993,0.264196
4766,2.726923076923077,0.060089721627408985,0.024599986999999997,0.26214000000000004
4767,2.7307692307692317,0.06027537473233404,0.024699314,0.264196
4768,2.7346153846153864,0.0603372591006424,0.024699314,0.261626
4769,2.7384615384615376,0.060151605995717346,0.024765531999999996,0.264196
4770,2.7423076923076923,0.05990406852248394,0.024931076999999996,0.26214000000000004
4771,2.746153846153847,0.05996595289079229,0.024931076999999996,0.264196
4772,2.7500000000000018,0.060089721627408985,0.024798640999999996,0.262654
4773,2.753846153846153,0.06021349036402569,0.024633095999999997,0.263168
4774,2.7576923076923077,0.05996595289079229,0.024533768999999993,0.262654
4775,2.7615384615384624,0.06002783725910064,0.024335115,0.26214000000000004
4776,2.765384615384617,0.06027537473233404,0.024136461,0.263682
4777,2.7692307692307683,0.06039914346895075,0.024202678999999998,0.263168
4778,2.773076923076923,0.06021349036402569,0.024335115,0.263682
4779,2.7769230769230777,0.06002783725910064,0.024434441999999997,0.261626
4780,2.7807692307692324,0.05990406852248394,0.024368223999999997,0.264196
4781,2.7846153846153836,0.060151605995717346,0.024302005999999998,0.261626
4782,2.7884615384615383,0.06021349036402569,0.024401332999999997,0.264196
4783,2.792307692307693,0.05996595289079229,0.024302005999999998,0.261626
4784,2.7961538461538478,0.05990406852248394,0.024202678999999998,0.263682
4785,2.799999999999999,0.05996595289079229,0.024268896999999998,0.262654
4786,2.8038461538461537,0.060151605995717346,0.024335115,0.263168
4787,2.8076923076923084,0.05996595289079229,0.024335115,0.262654
4788,2.811538461538463,0.05971841541755889,0.024368223999999997,0.26214000000000004
4789,2.8153846153846143,0.059656531049250526,0.024467550999999997,0.263682
4790,2.819230769230769,0.05990406852248394,0.024599986999999997,0.263168
4791,2.8230769230769237,0.05990406852248394,0.024566877999999997,0.264196
4792,2.8269230769230784,0.05959464668094218,0.024467550999999997,0.26214000000000004
4793,2.8307692307692296,0.05953276231263383,0.02450066,0.264196
4794,2.8346153846153843,0.059780299785867234,0.024533768999999993,0.261626
4795,2.838461538461539,0.05984218415417558,0.024434441999999997,0.263682
4796,2.8423076923076938,0.059470877944325484,0.024368223999999997,0.261626
4797,2.846153846153845,0.05959464668094218,0.024302005999999998,0.263682
4798,2.8499999999999996,0.05990406852248394,0.024235787999999998,0.261626
4799,2.8538461538461544,0.05996595289079229,0.024004024999999995,0.263168
4800,2.857692307692309,0.05971841541755889,0.023970915999999995,0.26214000000000004
4801,2.861538461538464,0.05971841541755889,0.024004024999999995,0.263682
4802,2.865384615384615,0.05990406852248394,0.024070242999999998,0.26214000000000004
4803,2.8692307692307697,0.059656531049250526,0.024103351999999998,0.263682
4804,2.8730769230769244,0.05953276231263383,0.024169569999999994,0.263168
4805,2.876923076923079,0.05940899357601712,0.024202678999999998,0.26214000000000004
4806,2.8807692307692303,0.05959464668094218,0.024103351999999998,0.263682
4807,2.884615384615385,0.05971841541755889,0.024037133999999998,0.261626
4808,2.8884615384615397,0.059656531049250526,0.024037133999999998,0.263682
4809,2.8923076923076945,0.059347109207708776,0.024070242999999998,0.26214000000000004
4810,2.8961538461538456,0.05953276231263383,0.024037133999999998,0.264196
4811,2.9000000000000004,0.05959464668094218,0.024037133999999998,0.26214000000000004
4812,2.903846153846155,0.059656531049250526,0.024103351999999998,0.263682
4813,2.90769230769231,0.059347109207708776,0.024169569999999994,0.261626
4814,2.911538461538461,0.05916145610278372,0.024070242999999998,0.263682
4815,2.9153846153846157,0.05940899357601712,0.024037133999999998,0.262654
4816,2.9192307692307704,0.05959464668094218,0.024103351999999998,0.264196
4817,2.923076923076925,0.05953276231263383,0.024103351999999998,0.262654
4818,2.9269230769230763,0.05928522483940043,0.024004024999999995,0.26214000000000004
4819,2.930769230769231,0.05928522483940043,0.023805370999999995,0.263682
4820,2.9346153846153857,0.05953276231263383,0.023672935,0.261626
4821,2.9384615384615405,0.05984218415417558,0.023639825999999996,0.264196
4822,2.9423076923076916,0.05953276231263383,0.023606716999999996,0.26214000000000004
4823,2.9461538461538463,0.05940899357601712,0.023573608,0.264196
4824,2.950000000000001,0.059347109207708776,0.023672935,0.26214000000000004
4825,2.953846153846156,0.05959464668094218,0.023772261999999995,0.263168
4826,2.957692307692307,0.059470877944325484,0.023672935,0.26214000000000004
4827,2.9615384615384617,0.05940899357601712,0.023573608,0.26214000000000004
4828,2.9653846153846164,0.05928522483940043,0.023573608,0.263168
4829,2.969230769230771,0.05959464668094218,0.023672935,0.263168
4830,2.9730769230769223,0.059470877944325484,0.023739153,0.264196
4831,2.976923076923077,0.05922334047109207,0.023739153,0.261626
4832,2.9807692307692317,0.058975802997858665,0.023871589,0.264196
4833,2.9846153846153864,0.05903768736616701,0.023904698,0.261626
4834,2.9884615384615376,0.05922334047109207,0.023871589,0.264196
4835,2.9923076923076923,0.058975802997858665,0.023904698,0.261626
4836,2.996153846153847,0.05879014989293361,0.024004024999999995,0.263682
4837,3.0000000000000018,0.05879014989293361,0.023970915999999995,0.262654
4838,3.003846153846153,0.05903768736616701,0.023805370999999995,0.263168
4839,3.0076923076923077,0.05916145610278372,0.023706044,0.262654
4840,3.0115384615384624,0.058975802997858665,0.023706044,0.262654
4841,3.015384615384617,0.058975802997858665,0.023606716999999996,0.263682
4842,3.0192307692307683,0.05940899357601712,0.023441171999999996,0.263168
4843,3.023076923076923,0.05940899357601712,0.023408062999999996,0.263682
4844,3.0269230769230777,0.059347109207708776,0.023474280999999996,0.26214000000000004
4845,3.0307692307692324,0.058975802997858665,0.02350739,0.264196
4846,3.0346153846153836,0.05891391862955032,0.023474280999999996,0.261626
4847,3.0384615384615383,0.05909957173447537,0.023540499,0.263682
4848,3.042307692307693,0.05903768736616701,0.023706044,0.261626
4849,3.0461538461538478,0.05872826552462526,0.023805370999999995,0.263682
4850,3.049999999999999,0.05854261241970021,0.023772261999999995,0.262654
4851,3.0538461538461537,0.058666381156316914,0.023739153,0.262654
4852,3.0576923076923084,0.058975802997858665,0.023805370999999995,0.262654
4853,3.061538461538463,0.05885203426124197,0.023838479999999995,0.26214000000000004
4854,3.0653846153846143,0.05848072805139186,0.023805370999999995,0.264196
4855,3.069230769230769,0.058666381156316914,0.023838479999999995,0.262654
4856,3.0730769230769237,0.05872826552462526,0.023805370999999995,0.263682
4857,3.0769230769230784,0.05891391862955032,0.023706044,0.261626
4858,3.0807692307692296,0.058666381156316914,0.023441171999999996,0.264196
4859,3.0846153846153843,0.05879014989293361,0.023242518,0.261626
4860,3.088461538461539,0.05903768736616701,0.023242518,0.263682
4861,3.0923076923076938,0.05909957173447537,0.023275626999999997,0.261626
4862,3.096153846153845,0.05860449678800856,0.023441171999999996,0.263682
4863,3.0999999999999996,0.05848072805139186,0.023573608,0.262654
4864,3.1038461538461544,0.05841884368308351,0.023706044,0.262654
4865,3.107692307692309,0.05872826552462526,0.023672935,0.263168
4866,3.111538461538464,0.05848072805139186,0.023606716999999996,0.262654
4867,3.115384615384615,0.05829507494646681,0.023672935,0.263682
4868,3.1192307692307697,0.05854261241970021,0.023706044,0.263168
4869,3.1230769230769244,0.05848072805139186,0.023739153,0.263682
4870,3.126923076923079,0.05848072805139186,0.023739153,0.26214000000000004
4871,3.1307692307692303,0.0581713062098501,0.023772261999999995,0.264196
4872,3.134615384615385,0.058109421841541754,0.023772261999999995,0.261112
4873,3.1384615384615397,0.05829507494646681,0.023739153,0.264196
4874,3.1423076923076945,0.05829507494646681,0.023739153,0.26214000000000004
4875,3.1461538461538456,0.0581713062098501,0.023672935,0.264196
4876,3.1500000000000004,0.058109421841541754,0.023606716999999996,0.261626
4877,3.153846153846155,0.05823319057815846,0.02350739,0.262654
4878,3.15769230769231,0.05854261241970021,0.023441171999999996,0.26214000000000004
4879,3.161538461538461,0.05860449678800856,0.023408062999999996,0.262654
4880,3.1653846153846157,0.05835695931477516,0.023441171999999996,0.263168
4881,3.1692307692307704,0.05841884368308351,0.023540499,0.263682
4882,3.173076923076925,0.05829507494646681,0.023706044,0.263168
4883,3.1769230769230763,0.05823319057815846,0.023805370999999995,0.261626
4884,3.180769230769231,0.05804753747323341,0.023805370999999995,0.264196
4885,3.1846153846153857,0.05786188436830835,0.023706044,0.261626
4886,3.1884615384615405,0.0579237687366167,0.023739153,0.264196
4887,3.1923076923076916,0.0581713062098501,0.023739153,0.261626
4888,3.1961538461538463,0.05786188436830835,0.023772261999999995,0.264196
4889,3.200000000000001,0.057676231263383296,0.023871589,0.26214000000000004
4890,3.203846153846156,0.05755246252676659,0.024070242999999998,0.263168
4891,3.207692307692307,0.05773811563169164,0.024202678999999998,0.263168
4892,3.2115384615384617,0.057800000000000004,0.024235787999999998,0.26214000000000004
4893,3.2153846153846164,0.05755246252676659,0.024235787999999998,0.264196
4894,3.219230769230771,0.057676231263383296,0.024235787999999998,0.264196
4895,3.2230769230769223,0.057800000000000004,0.024037133999999998,0.263682
4896,3.226923076923077,0.05786188436830835,0.023838479999999995,0.261626
4897,3.2307692307692317,0.05773811563169164,0.023772261999999995,0.264196
4898,3.2346153846153864,0.05761434689507495,0.023706044,0.261626
4899,3.2384615384615376,0.057800000000000004,0.023573608,0.263682
4900,3.2423076923076923,0.058109421841541754,0.023408062999999996,0.261626
4901,3.246153846153847,0.05786188436830835,0.023441171999999996,0.263682
4902,3.2500000000000018,0.05773811563169164,0.023441171999999996,0.261626
4903,3.253846153846153,0.057800000000000004,0.023374953999999996,0.262654
4904,3.2576923076923077,0.05804753747323341,0.023308735999999997,0.263168
4905,3.2615384615384624,0.058109421841541754,0.023275626999999997,0.26214000000000004
4906,3.265384615384617,0.057800000000000004,0.023308735999999997,0.263168
4907,3.2692307692307683,0.05798565310492506,0.023176299999999997,0.263682
4908,3.273076923076923,0.05786188436830835,0.023242518,0.263682
4909,3.2769230769230777,0.0579237687366167,0.023374953999999996,0.261626
4910,3.2807692307692324,0.05786188436830835,0.023474280999999996,0.264196
4911,3.2846153846153836,0.057676231263383296,0.023408062999999996,0.261626
4912,3.2884615384615383,0.05761434689507495,0.023242518,0.264196
4913,3.292307692307693,0.058109421841541754,0.023143190999999997,0.261626
4914,3.2961538461538478,0.05804753747323341,0.022977645999999997,0.264196
4915,3.299999999999999,0.058109421841541754,0.022845209999999998,0.26214000000000004
4916,3.3038461538461537,0.0579237687366167,0.022778991999999998,0.262654
4917,3.3076923076923084,0.05804753747323341,0.022812100999999998,0.262654
4918,3.311538461538463,0.05829507494646681,0.022812100999999998,0.26214000000000004
4919,3.3153846153846143,0.0581713062098501,0.022778991999999998,0.263168
4920,3.319230769230769,0.058109421841541754,0.022712773999999998,0.263682
4921,3.3230769230769237,0.058109421841541754,0.022580338,0.262654
4922,3.3269230769230784,0.05835695931477516,0.02251412,0.261626
4923,3.3307692307692296,0.05841884368308351,0.022414792999999995,0.263682
4924,3.3346153846153843,0.0581713062098501,0.022414792999999995,0.261626
4925,3.338461538461539,0.05798565310492506,0.02251412,0.263682
4926,3.3423076923076938,0.05823319057815846,0.022580338,0.261626
4927,3.346153846153845,0.05798565310492506,0.022580338,0.263682
4928,3.3499999999999996,0.057800000000000004,0.022580338,0.261626
4929,3.3538461538461544,0.05773811563169164,0.022580338,0.262654
4930,3.357692307692309,0.05804753747323341,0.022547229,0.26214000000000004
4931,3.361538461538464,0.058109421841541754,0.022447902,0.261626
4932,3.365384615384615,0.0579237687366167,0.022447902,0.262654
4933,3.3692307692307697,0.05786188436830835,0.022414792999999995,0.263168
4934,3.3730769230769244,0.05798565310492506,0.022216138999999996,0.263168
4935,3.376923076923079,0.05835695931477516,0.021951266999999997,0.261112
4936,3.3807692307692303,0.05835695931477516,0.021885048999999997,0.263168
4937,3.384615384615385,0.05823319057815846,0.021752612999999997,0.260598
4938,3.3884615384615397,0.0581713062098501,0.021686394999999997,0.264196
4939,3.3923076923076945,0.05848072805139186,0.021686394999999997,0.261626
4940,3.3961538461538456,0.05835695931477516,0.021719503999999997,0.263682
4941,3.4000000000000004,0.05823319057815846,0.021653285999999997,0.261626
4942,3.403846153846155,0.0581713062098501,0.021487740999999998,0.263168
4943,3.40769230769231,0.05829507494646681,0.021388413999999998,0.261626
4944,3.411538461538461,0.05841884368308351,0.021454631999999998,0.26214000000000004
4945,3.4153846153846157,0.05841884368308351,0.021520849999999998,0.26214000000000004
4946,3.4192307692307704,0.0581713062098501,0.021322195999999998,0.263682
4947,3.423076923076925,0.0581713062098501,0.021222869,0.262654
4948,3.4269230769230763,0.05823319057815846,0.021289086999999998,0.260598
4949,3.430769230769231,0.05835695931477516,0.021388413999999998,0.263168
4950,3.4346153846153857,0.058109421841541754,0.021421522999999998,0.261112
4951,3.4384615384615405,0.05786188436830835,0.021487740999999998,0.263682
4952,3.4423076923076916,0.0581713062098501,0.021587067999999997,0.261626
4953,3.4461538461538463,0.058109421841541754,0.021487740999999998,0.263682
4954,3.450000000000001,0.0579237687366167,0.021454631999999998,0.261112
4955,3.453846153846156,0.05773811563169164,0.021487740999999998,0.263168
4956,3.457692307692307,0.0579237687366167,0.021487740999999998,0.261112
4957,3.4615384615384617,0.0581713062098501,0.021322195999999998,0.262654
4958,3.4653846153846164,0.05804753747323341,0.021156651,0.261626
4959,3.469230769230771,0.0579237687366167,0.02118976,0.263682
4960,3.4730769230769223,0.05786188436830835,0.021123542,0.26214000000000004
4961,3.476923076923077,0.058109421841541754,0.021090433,0.261112
4962,3.4807692307692317,0.058109421841541754,0.021024215,0.262654
4963,3.4846153846153864,0.0579237687366167,0.020957997,0.260598
4964,3.4884615384615376,0.057800000000000004,0.020957997,0.263682
4965,3.4923076923076923,0.05804753747323341,0.02085867,0.261112
4966,3.496153846153847,0.058109421841541754,0.02085867,0.263168
4967,3.5000000000000018,0.05804753747323341,0.02085867,0.260598
4968,3.503846153846153,0.05786188436830835,0.020825560999999996,0.263168
4969,3.5076923076923077,0.057800000000000004,0.020726233999999996,0.261112
4970,3.5115384615384624,0.05798565310492506,0.020726233999999996,0.262654
4971,3.515384615384617,0.05804753747323341,0.020792451999999996,0.26214000000000004
4972,3.5192307692307683,0.05773811563169164,0.020726233999999996,0.263168
4973,3.523076923076923,0.057676231263383296,0.020626906999999996,0.262654
4974,3.5269230769230777,0.05773811563169164,0.020494471,0.261112
4975,3.5307692307692324,0.05804753747323341,0.020560688999999997,0.263168
4976,3.5346153846153836,0.05798565310492506,0.020593798,0.260598
4977,3.5384615384615383,0.057676231263383296,0.020527579999999997,0.263168
4978,3.542307692307693,0.057676231263383296,0.020560688999999997,0.261112
4979,3.5461538461538478,0.05786188436830835,0.020560688999999997,0.263168
4980,3.549999999999999,0.05786188436830835,0.020527579999999997,0.261112
4981,3.5538461538461537,0.05773811563169164,0.020494471,0.262654
4982,3.5576923076923084,0.05749057815845824,0.020560688999999997,0.261112
4983,3.561538461538463,0.05761434689507495,0.020560688999999997,0.26214000000000004
4984,3.5653846153846143,0.057800000000000004,0.020494471,0.26214000000000004
4985,3.569230769230769,0.05749057815845824,0.020395144,0.262654
4986,3.5730769230769237,0.05742869379014989,0.020395144,0.26214000000000004
4987,3.5769230769230784,0.05749057815845824,0.020362034999999997,0.261112
4988,3.5807692307692296,0.05773811563169164,0.020262707999999997,0.263168
4989,3.5846153846153843,0.05773811563169164,0.020163380999999998,0.260598
4990,3.588461538461539,0.05742869379014989,0.020229598999999997,0.263168
4991,3.5923076923076938,0.05742869379014989,0.020196489999999997,0.260598
4992,3.5961538461538485,0.05755246252676659,0.020196489999999997,0.263168
4993,3.5999999999999996,0.05761434689507495,0.020229598999999997,0.261112
4994,3.6038461538461544,0.05749057815845824,0.020262707999999997,0.263168
4995,3.607692307692309,0.05724304068522484,0.020229598999999997,0.261112
4996,3.611538461538464,0.05724304068522484,0.020097162999999998,0.26214000000000004
4997,3.615384615384615,0.05749057815845824,0.019997835999999998,0.26214000000000004
4998,3.6192307692307697,0.05742869379014989,0.019964726999999998,0.263682
4999,3.6230769230769244,0.05742869379014989,0.019931617999999998,0.262654
5000,3.626923076923079,0.05718115631691649,0.019931617999999998,0.260598
5001,3.6307692307692303,0.057304925053533184,0.019931617999999998,0.262654
5002,3.634615384615385,0.05749057815845824,0.019964726999999998,0.261112
5003,3.6384615384615397,0.05742869379014989,0.019997835999999998,0.263168
5004,3.6423076923076945,0.05711927194860813,0.019997835999999998,0.261112
5005,3.6461538461538456,0.05718115631691649,0.020064053999999998,0.262654
5006,3.6500000000000004,0.057366809421841546,0.020030944999999998,0.261112
5007,3.653846153846155,0.05742869379014989,0.019898508999999998,0.262654
5008,3.65769230769231,0.05705738758029978,0.019699855,0.261112
5009,3.661538461538461,0.056995503211991434,0.019633637,0.26214000000000004
5010,3.6653846153846157,0.057304925053533184,0.019633637,0.261112
5011,3.6692307692307704,0.05718115631691649,0.019434983,0.262654
5012,3.673076923076925,0.05705738758029978,0.019335656,0.26214000000000004
5013,3.6769230769230763,0.056871734475374726,0.019401873999999996,0.261112
5014,3.680769230769231,0.05711927194860813,0.019501201,0.262654
5015,3.6846153846153857,0.05718115631691649,0.019501201,0.260598
5016,3.6884615384615405,0.05705738758029978,0.019567418999999996,0.262654
5017,3.6923076923076916,0.05680985010706638,0.019633637,0.260598
5018,3.6961538461538463,0.05705738758029978,0.019666745999999995,0.262654
5019,3.700000000000001,0.05711927194860813,0.019699855,0.260598
5020,3.703846153846156,0.05718115631691649,0.019732964,0.263168
5021,3.707692307692307,0.056871734475374726,0.019832291,0.260598
5022,3.7115384615384617,0.05674796573875803,0.019931617999999998,0.262654
5023,3.7153846153846164,0.05693361884368309,0.019898508999999998,0.261626
5024,3.719230769230771,0.05711927194860813,0.019964726999999998,0.263168
5025,3.7230769230769223,0.056995503211991434,0.019964726999999998,0.261626
5026,3.726923076923077,0.05674796573875803,0.020030944999999998,0.26214000000000004
5027,3.7307692307692317,0.05674796573875803,0.020097162999999998,0.262654
5028,3.7346153846153864,0.056871734475374726,0.020328925999999997,0.261112
5029,3.7384615384615376,0.05693361884368309,0.020494471,0.263168
5030,3.7423076923076923,0.056562312633832976,0.020527579999999997,0.261626
5031,3.746153846153847,0.056562312633832976,0.020527579999999997,0.263168
5032,3.7500000000000018,0.05662419700214132,0.020626906999999996,0.261112
5033,3.753846153846153,0.05680985010706638,0.020626906999999996,0.263168
5034,3.7576923076923077,0.056500428265524615,0.020626906999999996,0.260598
5035,3.7615384615384624,0.05637665952890792,0.020693124999999996,0.262654
5036,3.765384615384617,0.056500428265524615,0.020792451999999996,0.261626
5037,3.7692307692307683,0.05662419700214132,0.020759343,0.263682
5038,3.773076923076923,0.056500428265524615,0.020792451999999996,0.261626
5039,3.7769230769230777,0.05631477516059957,0.020825560999999996,0.26214000000000004
5040,3.7807692307692324,0.05637665952890792,0.020792451999999996,0.262654
5041,3.7846153846153836,0.05662419700214132,0.020660016,0.261112
5042,3.7884615384615383,0.056562312633832976,0.020494471,0.262654
5043,3.792307692307693,0.05631477516059957,0.020461361999999997,0.26214000000000004
5044,3.7961538461538478,0.05631477516059957,0.020428252999999997,0.263168
5045,3.799999999999999,0.05637665952890792,0.020428252999999997,0.261112
5046,3.8038461538461537,0.05662419700214132,0.020395144,0.263168
5047,3.8076923076923084,0.05643854389721627,0.020362034999999997,0.260598
5048,3.811538461538463,0.05625289079229121,0.020295816999999997,0.263168
5049,3.8153846153846143,0.05631477516059957,0.020097162999999998,0.261112
5050,3.819230769230769,0.05662419700214132,0.020030944999999998,0.263168
5051,3.8230769230769237,0.05668608137044967,0.019964726999999998,0.261626
5052,3.8269230769230784,0.056500428265524615,0.019898508999999998,0.261626
5053,3.8307692307692296,0.05625289079229121,0.019832291,0.26214000000000004
5054,3.8346153846153843,0.05631477516059957,0.019799182,0.261626
5055,3.838461538461539,0.056562312633832976,0.019799182,0.262654
5056,3.8423076923076938,0.05631477516059957,0.019766073,0.26214000000000004
5057,3.8461538461538485,0.056191006423982864,0.019633637,0.262654
5058,3.8499999999999996,0.05625289079229121,0.019633637,0.261112
5059,3.8538461538461544,0.05637665952890792,0.019666745999999995,0.263168
5060,3.857692307692309,0.05637665952890792,0.019600528,0.26008400000000004
5061,3.861538461538464,0.056191006423982864,0.019468091999999996,0.262654
5062,3.865384615384615,0.05612912205567452,0.019501201,0.261112
5063,3.8692307692307697,0.05643854389721627,0.01953431,0.263168
5064,3.8730769230769244,0.05631477516059957,0.019567418999999996,0.261626
5065,3.876923076923079,0.056191006423982864,0.01953431,0.26214000000000004
5066,3.8807692307692303,0.05600535331905781,0.019567418999999996,0.261626
5067,3.884615384615385,0.056067237687366156,0.01953431,0.261112
5068,3.8884615384615397,0.05631477516059957,0.019468091999999996,0.263168
5069,3.8923076923076945,0.056067237687366156,0.019468091999999996,0.261626
5070,3.8961538461538456,0.055881584582441114,0.019434983,0.262654
5071,3.9000000000000004,0.05594346895074946,0.019401873999999996,0.26008400000000004
5072,3.903846153846155,0.056067237687366156,0.019302546999999996,0.263168
5073,3.90769230769231,0.056191006423982864,0.019335656,0.260598
5074,3.911538461538461,0.05594346895074946,0.019401873999999996,0.263168
5075,3.9153846153846157,0.055757815845824406,0.019302546999999996,0.260598
5076,3.9192307692307704,0.05612912205567452,0.019203219999999997,0.263168
5077,3.923076923076925,0.05612912205567452,0.019070784,0.260598
5078,3.9269230769230763,0.056067237687366156,0.019037674999999997,0.26214000000000004
5079,3.930769230769231,0.055757815845824406,0.018872129999999997,0.261626
5080,3.9346153846153857,0.05569593147751606,0.018739693999999998,0.261626
5081,3.9384615384615405,0.05476766595289079,0.018739693999999998,0.26214000000000004
5082,3.9423076923076916,0.053529978586723766,0.018805911999999998,0.262654
5083,3.9461538461538463,0.052849250535331904,0.018839020999999997,0.261626
5084,3.950000000000001,0.052849250535331904,0.018938347999999997,0.261626
5085,3.953846153846156,0.05291113490364025,0.018872129999999997,0.263168
5086,3.957692307692307,0.0527254817987152,0.018772802999999998,0.260598
5087,3.9615384615384617,0.052292291220556744,0.018673475999999998,0.262654
5088,3.9653846153846164,0.05216852248394004,0.018706584999999998,0.260598
5089,3.969230769230771,0.05278736616702355,0.018805911999999998,0.26214000000000004
5090,3.9730769230769223,0.053158672376873654,0.018938347999999997,0.26008400000000004
5091,3.976923076923077,0.05346809421841541,0.018971456999999997,0.26214000000000004
5092,3.9807692307692317,0.053158672376873654,0.018971456999999997,0.261112
5093,3.9846153846153864,0.052973019271948606,0.018905238999999997,0.26214000000000004
5094,3.9884615384615376,0.05303490364025695,0.018805911999999998,0.261112
5095,3.9923076923076923,0.05253982869379015,0.018805911999999998,0.262654
5096,3.996153846153847,0.0523541755888651,0.018739693999999998,0.260598
5097,4.000000000000002,0.0523541755888651,0.018673475999999998,0.261112
5098,4.003846153846153,0.05253982869379015,0.018640366999999998,0.262654
5099,4.007692307692308,0.05266359743040685,0.018673475999999998,0.260598
5100,4.011538461538462,0.0526017130620985,0.018739693999999998,0.263168
5101,4.015384615384617,0.052292291220556744,0.018706584999999998,0.26008400000000004
5102,4.019230769230768,0.0526017130620985,0.018607257999999998,0.26214000000000004
5103,4.023076923076923,0.0524779443254818,0.018574148999999998,0.260598
5104,4.026923076923078,0.0524779443254818,0.018640366999999998,0.262654
5105,4.030769230769232,0.0523541755888651,0.018673475999999998,0.261112
5106,4.034615384615384,0.05253982869379015,0.018706584999999998,0.261626
5107,4.038461538461538,0.05291113490364025,0.018739693999999998,0.26214000000000004
5108,4.042307692307693,0.052973019271948606,0.018805911999999998,0.262654
5109,4.046153846153848,0.05266359743040685,0.018739693999999998,0.261112
5110,4.049999999999999,0.05266359743040685,0.018739693999999998,0.261112
5111,4.053846153846154,0.052849250535331904,0.018739693999999998,0.262654
5112,4.057692307692308,0.05291113490364025,0.018706584999999998,0.260598
5113,4.061538461538463,0.0524779443254818,0.018541039999999998,0.262654
5114,4.065384615384614,0.05210663811563169,0.018541039999999998,0.260598
5115,4.069230769230769,0.05253982869379015,0.018640366999999998,0.26214000000000004
5116,4.073076923076924,0.05266359743040685,0.018673475999999998,0.26008400000000004
5117,4.076923076923078,0.05266359743040685,0.018607257999999998,0.26214000000000004
5118,4.08076923076923,0.0523541755888651,0.018640366999999998,0.261112
5119,4.084615384615384,0.05253982869379015,0.018706584999999998,0.261626
5120,4.088461538461539,0.052973019271948606,0.018772802999999998,0.261626
5121,4.092307692307694,0.052849250535331904,0.018739693999999998,0.262654
5122,4.0961538461538485,0.0527254817987152,0.018772802999999998,0.261112
5123,4.1,0.0527254817987152,0.018739693999999998,0.261112
5124,4.103846153846154,0.05278736616702355,0.018706584999999998,0.263168
5125,4.107692307692309,0.05278736616702355,0.018640366999999998,0.261112
5126,4.111538461538464,0.05253982869379015,0.018673475999999998,0.263168
5127,4.115384615384615,0.0523541755888651,0.018673475999999998,0.26008400000000004
5128,4.11923076923077,0.052973019271948606,0.018706584999999998,0.262654
5129,4.123076923076924,0.053158672376873654,0.018739693999999998,0.260598
5130,4.126923076923079,0.05291113490364025,0.018739693999999998,0.263168
5131,4.13076923076923,0.0524779443254818,0.018706584999999998,0.261112
5132,4.134615384615385,0.052416059957173446,0.018640366999999998,0.26214000000000004
5133,4.13846153846154,0.05266359743040685,0.018607257999999998,0.261626
5134,4.1423076923076945,0.05266359743040685,0.018673475999999998,0.263168
5135,4.146153846153846,0.0524779443254818,0.018673475999999998,0.261112
5136,4.15,0.05253982869379015,0.018673475999999998,0.261626
5137,4.153846153846155,0.052849250535331904,0.018706584999999998,0.262654
5138,4.15769230769231,0.053282441113490356,0.018872129999999997,0.26214000000000004
5139,4.161538461538461,0.053406209850107064,0.018905238999999997,0.263168
5140,4.165384615384616,0.053406209850107064,0.018938347999999997,0.260598
5141,4.16923076923077,0.05390128479657387,0.019037674999999997,0.261626
5142,4.173076923076925,0.05359186295503212,0.018905238999999997,0.260598
5143,4.176923076923076,0.052973019271948606,0.018739693999999998,0.262654
5144,4.180769230769231,0.0523541755888651,0.018640366999999998,0.260598
5145,4.184615384615386,0.05216852248394004,0.018574148999999998,0.262654
5146,4.1884615384615405,0.052292291220556744,0.018541039999999998,0.260598
5147,4.192307692307692,0.05204475374732334,0.018474822,0.263168
5148,4.196153846153846,0.051859100642398286,0.018474822,0.260598
5149,4.200000000000001,0.05192098501070664,0.018507931,0.26214000000000004
5150,4.203846153846156,0.05216852248394004,0.018541039999999998,0.262654
5151,4.207692307692307,0.052292291220556744,0.018507931,0.261112
5152,4.211538461538462,0.05204475374732334,0.018474822,0.262654
5153,4.215384615384616,0.05179721627408993,0.018474822,0.260598
5154,4.219230769230771,0.05216852248394004,0.018408604,0.261626
5155,4.223076923076922,0.0522304068522484,0.018375495,0.26008400000000004
5156,4.226923076923077,0.05210663811563169,0.018408604,0.262654
5157,4.230769230769232,0.051859100642398286,0.018474822,0.260598
5158,4.2346153846153864,0.05198286937901499,0.018507931,0.262654
5159,4.238461538461538,0.0523541755888651,0.018507931,0.261626
5160,4.242307692307692,0.0522304068522484,0.018541039999999998,0.263168
5161,4.246153846153847,0.051859100642398286,0.018441713,0.261112
5162,4.250000000000002,0.051735331905781584,0.018342386,0.261626
5163,4.253846153846153,0.05179721627408993,0.018276168,0.262654
5164,4.257692307692308,0.05210663811563169,0.018342386,0.261112
5165,4.261538461538462,0.05204475374732334,0.018342386,0.262654
5166,4.265384615384617,0.05167344753747323,0.018309277,0.260598
5167,4.269230769230768,0.05198286937901499,0.018309277,0.26214000000000004
5168,4.273076923076923,0.05198286937901499,0.018276168,0.26008400000000004
5169,4.276923076923078,0.05210663811563169,0.018342386,0.263168
5170,4.280769230769232,0.051859100642398286,0.018342386,0.260598
5171,4.284615384615384,0.05192098501070664,0.018408604,0.26214000000000004
5172,4.288461538461538,0.05216852248394004,0.018441713,0.261112
5173,4.292307692307693,0.05210663811563169,0.018342386,0.262654
5174,4.296153846153848,0.05179721627408993,0.018276168,0.261626
5175,4.299999999999999,0.05167344753747323,0.018243058999999996,0.261626
5176,4.303846153846154,0.051859100642398286,0.018276168,0.26214000000000004
5177,4.307692307692308,0.05204475374732334,0.01820995,0.261626
5178,4.311538461538463,0.05179721627408993,0.018243058999999996,0.262654
5179,4.315384615384614,0.051735331905781584,0.018342386,0.260598
5180,4.319230769230769,0.05210663811563169,0.018375495,0.262654
5181,4.323076923076924,0.05216852248394004,0.018375495,0.260598
5182,4.326923076923078,0.05210663811563169,0.018342386,0.262654
5183,4.33076923076923,0.051735331905781584,0.018342386,0.261112
5184,4.334615384615384,0.051735331905781584,0.018243058999999996,0.262654
5185,4.338461538461539,0.05192098501070664,0.018143731999999996,0.261112
5186,4.342307692307694,0.051859100642398286,0.018176841,0.263168
5187,4.3461538461538485,0.051735331905781584,0.018176841,0.261626
5188,4.35,0.05167344753747323,0.01820995,0.261112
5189,4.353846153846154,0.05179721627408993,0.018110623,0.263168
5190,4.357692307692309,0.05198286937901499,0.018077514,0.261112
5191,4.361538461538464,0.05192098501070664,0.018110623,0.262654
5192,4.365384615384615,0.051735331905781584,0.018176841,0.260598
5193,4.36923076923077,0.05198286937901499,0.018276168,0.263168
5194,4.373076923076924,0.05210663811563169,0.018342386,0.260598
5195,4.376923076923079,0.05216852248394004,0.018342386,0.262654
5196,4.38076923076923,0.051859100642398286,0.018342386,0.261112
5197,4.384615384615385,0.05179721627408993,0.018309277,0.26214000000000004
5198,4.38846153846154,0.05192098501070664,0.018342386,0.261626
5199,4.3923076923076945,0.05204475374732334,0.018342386,0.262654
5200,4.396153846153846,0.05179721627408993,0.018176841,0.261626
5201,4.4,0.05161156316916488,0.018110623,0.261112
5202,4.403846153846155,0.051735331905781584,0.018176841,0.262654
5203,4.40769230769231,0.05192098501070664,0.018176841,0.260598
5204,4.411538461538461,0.051859100642398286,0.018143731999999996,0.263168
5205,4.415384615384616,0.05161156316916488,0.018077514,0.260598
5206,4.41923076923077,0.051859100642398286,0.018143731999999996,0.263168
5207,4.423076923076925,0.051859100642398286,0.018077514,0.260598
5208,4.426923076923076,0.051859100642398286,0.018044404999999996,0.262654
5209,4.430769230769231,0.05161156316916488,0.018110623,0.261112
5210,4.434615384615386,0.05167344753747323,0.018176841,0.262654
5211,4.4384615384615405,0.05179721627408993,0.018143731999999996,0.261626
5212,4.442307692307692,0.05179721627408993,0.018077514,0.263168
5213,4.446153846153846,0.05161156316916488,0.018077514,0.261626
5214,4.450000000000001,0.05154967880085653,0.018143731999999996,0.261112
5215,4.453846153846156,0.051735331905781584,0.018143731999999996,0.262654
5216,4.457692307692307,0.05192098501070664,0.018176841,0.261626
5217,4.461538461538462,0.05179721627408993,0.018243058999999996,0.262654
5218,4.465384615384616,0.05161156316916488,0.018243058999999996,0.261112
5219,4.469230769230771,0.05192098501070664,0.018243058999999996,0.262654
5220,4.473076923076922,0.05198286937901499,0.018309277,0.260598
5221,4.476923076923077,0.05198286937901499,0.018309277,0.263168
5222,4.480769230769232,0.05161156316916488,0.018243058999999996,0.260598
5223,4.4846153846153864,0.05161156316916488,0.018276168,0.262654
5224,4.488461538461538,0.05198286937901499,0.018408604,0.261112
5225,4.492307692307692,0.05216852248394004,0.018474822,0.263168
5226,4.496153846153847,0.05179721627408993,0.018408604,0.260598
5227,4.500000000000002,0.051735331905781584,0.018375495,0.261626
5228,4.503846153846153,0.05179721627408993,0.018408604,0.26214000000000004
5229,4.507692307692308,0.05192098501070664,0.018408604,0.26214000000000004
5230,4.511538461538462,0.05167344753747323,0.018342386,0.262654
5231,4.515384615384617,0.05148779443254818,0.018342386,0.261112
5232,4.519230769230768,0.05179721627408993,0.018375495,0.261626
5233,4.523076923076923,0.05167344753747323,0.018342386,0.260598
5234,4.526923076923078,0.05142591006423983,0.018176841,0.263682
5235,4.530769230769232,0.051178372591006424,0.018176841,0.260598
5236,4.534615384615384,0.05124025695931477,0.018243058999999996,0.263168
5237,4.538461538461538,0.05154967880085653,0.01820995,0.261112
5238,4.542307692307693,0.05136402569593147,0.01820995,0.263168
5239,4.546153846153848,0.05124025695931477,0.018276168,0.260598
5240,4.549999999999999,0.051302141327623126,0.018309277,0.262654
5241,4.553846153846154,0.05167344753747323,0.018342386,0.26214000000000004
5242,4.557692307692308,0.05179721627408993,0.018474822,0.263168
5243,4.561538461538463,0.051859100642398286,0.018574148999999998,0.26214000000000004
5244,4.565384615384614,0.05192098501070664,0.018607257999999998,0.261626
5245,4.569230769230769,0.052292291220556744,0.018574148999999998,0.261626
5246,4.573076923076924,0.05216852248394004,0.018574148999999998,0.261112
5247,4.576923076923078,0.05179721627408993,0.018541039999999998,0.262654
5248,4.58076923076923,0.05136402569593147,0.018474822,0.261112
5249,4.584615384615384,0.05142591006423983,0.018408604,0.263168
5250,4.588461538461539,0.05161156316916488,0.018441713,0.261112
5251,4.592307692307694,0.051302141327623126,0.018375495,0.263168
5252,4.5961538461538485,0.050930835117773014,0.018276168,0.260598
5253,4.6,0.05099271948608137,0.018243058999999996,0.263168
5254,4.603846153846154,0.051178372591006424,0.018309277,0.261112
5255,4.607692307692309,0.051178372591006424,0.018309277,0.263168
5256,4.611538461538464,0.05099271948608137,0.018243058999999996,0.261626
5257,4.615384615384615,0.05086895074946467,0.018243058999999996,0.26214000000000004
5258,4.61923076923077,0.051302141327623126,0.018342386,0.261112
5259,4.623076923076924,0.051178372591006424,0.018276168,0.260598
5260,4.626923076923079,0.05099271948608137,0.018110623,0.263168
5261,4.63076923076923,0.05068329764453961,0.018110623,0.261112
5262,4.634615384615385,0.05086895074946467,0.01820995,0.263168
5263,4.63846153846154,0.05111648822269807,0.018143731999999996,0.260598
5264,4.6423076923076945,0.05080706638115631,0.018011296,0.263168
5265,4.646153846153846,0.05068329764453961,0.018011296,0.26008400000000004
5266,4.65,0.05086895074946467,0.018011296,0.263168
5267,4.653846153846155,0.05099271948608137,0.018011296,0.261112
5268,4.65769230769231,0.05099271948608137,0.017911969,0.263168
5269,4.661538461538461,0.05074518201284796,0.017945078,0.26214000000000004
5270,4.665384615384616,0.05074518201284796,0.018011296,0.262654
5271,4.66923076923077,0.05111648822269807,0.017978186999999996,0.261626
5272,4.673076923076925,0.05111648822269807,0.018044404999999996,0.261626
5273,4.676923076923076,0.051054603854389716,0.01820995,0.263168
5274,4.680769230769231,0.05099271948608137,0.018375495,0.261112
5275,4.684615384615386,0.05154967880085653,0.018541039999999998,0.263168
5276,4.6884615384615405,0.05266359743040685,0.018905238999999997,0.261626
5277,4.692307692307692,0.05309678800856531,0.01953431,0.263682
5278,4.696153846153846,0.053158672376873654,0.019931617999999998,0.261626
5279,4.700000000000001,0.05334432548179871,0.020030944999999998,0.263682
5280,4.703846153846156,0.05359186295503212,0.019931617999999998,0.261626
5281,4.707692307692307,0.053777516059957176,0.019832291,0.263682
5282,4.711538461538462,0.05346809421841541,0.019666745999999995,0.261626
5283,4.715384615384616,0.05334432548179871,0.019468091999999996,0.262654
5284,4.719230769230771,0.053715631691648814,0.019368764999999996,0.261112
5285,4.723076923076922,0.05365374732334047,0.019269438,0.26214000000000004
5286,4.726923076923077,0.053529978586723766,0.019269438,0.263168
5287,4.730769230769232,0.05322055674518201,0.019236329,0.261112
5288,4.7346153846153864,0.053158672376873654,0.019302546999999996,0.263168
5289,4.738461538461538,0.05334432548179871,0.019203219999999997,0.260598
5290,4.742307692307692,0.05309678800856531,0.019004565999999997,0.263168
5291,4.746153846153847,0.052973019271948606,0.018839020999999997,0.260598
5292,4.750000000000002,0.05291113490364025,0.018739693999999998,0.263168
5293,4.753846153846153,0.05309678800856531,0.018640366999999998,0.261626
5294,4.757692307692308,0.053282441113490356,0.018541039999999998,0.263168
5295,4.761538461538462,0.05266359743040685,0.018441713,0.262654
5296,4.765384615384617,0.05043576017130621,0.018474822,0.262654
5297,4.769230769230768,0.0500644539614561,0.018342386,0.261112
5298,4.773076923076923,0.04987880085653105,0.018342386,0.26214000000000004
5299,4.776923076923078,0.05000256959314775,0.018408604,0.263168
5300,4.780769230769232,0.05000256959314775,0.018541039999999998,0.261112
5301,4.784615384615384,0.05000256959314775,0.018507931,0.263168
5302,4.788461538461538,0.049940685224839396,0.018375495,0.260598
5303,4.792307692307693,0.04975503211991435,0.018309277,0.263168
5304,4.796153846153848,0.04938372591006424,0.01820995,0.261112
5305,4.799999999999999,0.04932184154175589,0.018077514,0.263168
5306,4.803846153846154,0.049507494646680944,0.018044404999999996,0.261112
5307,4.807692307692308,0.04975503211991435,0.018044404999999996,0.262654
5308,4.811538461538463,0.049693147751606,0.018044404999999996,0.261626
5309,4.815384615384614,0.04944561027837259,0.018044404999999996,0.262654
5310,4.819230769230769,0.049816916488222694,0.018176841,0.261112
5311,4.823076923076924,0.04987880085653105,0.01820995,0.26214000000000004
5312,4.826923076923078,0.049816916488222694,0.018143731999999996,0.262654
5313,4.830769230769233,0.049507494646680944,0.017945078,0.261112
5314,4.834615384615384,0.04944561027837259,0.017812642,0.263168
5315,4.838461538461539,0.049631263383297645,0.017878859999999996,0.260598
5316,4.842307692307694,0.04975503211991435,0.017911969,0.262654
5317,4.8461538461538485,0.049507494646680944,0.017978186999999996,0.260598
5318,4.85,0.04944561027837259,0.018044404999999996,0.263168
5319,4.853846153846154,0.049631263383297645,0.018044404999999996,0.261626
5320,4.857692307692309,0.04987880085653105,0.017945078,0.263168
5321,4.861538461538464,0.049693147751606,0.017911969,0.261626
5322,4.865384615384615,0.049507494646680944,0.018044404999999996,0.262654
5323,4.86923076923077,0.049940685224839396,0.018077514,0.260598
5324,4.873076923076924,0.04987880085653105,0.018011296,0.26214000000000004
5325,4.876923076923079,0.049816916488222694,0.017945078,0.262654
5326,4.88076923076923,0.04956937901498929,0.017945078,0.261626
5327,4.884615384615385,0.049507494646680944,0.017911969,0.263168
5328,4.88846153846154,0.049816916488222694,0.017812642,0.260598
5329,4.8923076923076945,0.049816916488222694,0.017878859999999996,0.263168
5330,4.896153846153846,0.04956937901498929,0.017911969,0.261112
5331,4.9,0.04956937901498929,0.017878859999999996,0.263168
5332,4.903846153846155,0.049631263383297645,0.017845751,0.261626
5333,4.90769230769231,0.05000256959314775,0.017911969,0.263168
5334,4.911538461538461,0.049940685224839396,0.018044404999999996,0.261626
5335,4.915384615384616,0.049631263383297645,0.018011296,0.261626
5336,4.91923076923077,0.04987880085653105,0.017878859999999996,0.261112
5337,4.923076923076925,0.04987880085653105,0.017812642,0.261112
5338,4.926923076923076,0.05000256959314775,0.017878859999999996,0.262654
5339,4.930769230769231,0.04975503211991435,0.017812642,0.261112
5340,4.934615384615386,0.049631263383297645,0.017812642,0.263168
5341,4.9384615384615405,0.049816916488222694,0.017845751,0.260598
5342,4.942307692307692,0.049940685224839396,0.017878859999999996,0.262654
5343,4.946153846153846,0.049693147751606,0.017779532999999997,0.260598
5344,4.950000000000001,0.049693147751606,0.017779532999999997,0.263168
5345,4.953846153846156,0.04975503211991435,0.017812642,0.261112
5346,4.957692307692307,0.05000256959314775,0.017779532999999997,0.263168
5347,4.961538461538462,0.04987880085653105,0.017680205999999997,0.261626
5348,4.965384615384616,0.049631263383297645,0.017647097,0.262654
5349,4.969230769230771,0.05000256959314775,0.017680205999999997,0.260598
5350,4.973076923076922,0.0500644539614561,0.017580878999999997,0.261626
5351,4.976923076923077,0.049940685224839396,0.017580878999999997,0.262654
5352,4.980769230769232,0.049693147751606,0.017713314999999997,0.26214000000000004
5353,4.9846153846153864,0.049693147751606,0.017779532999999997,0.263168
5354,4.988461538461538,0.05000256959314775,0.017713314999999997,0.261112
5355,4.992307692307692,0.04975503211991435,0.017680205999999997,0.262654
5356,4.996153846153847,0.049631263383297645,0.017779532999999997,0.261112
5357,5.000000000000002,0.049693147751606,0.017878859999999996,0.263168
5358,5.003846153846153,0.049940685224839396,0.017911969,0.260598
5359,5.007692307692308,0.0500644539614561,0.017945078,0.263168
5360,5.011538461538462,0.04987880085653105,0.017945078,0.261626
5361,5.015384615384617,0.049631263383297645,0.017878859999999996,0.263168
5362,5.019230769230768,0.05000256959314775,0.017779532999999997,0.261112
5363,5.023076923076923,0.0500644539614561,0.017812642,0.26214000000000004
5364,5.026923076923078,0.0500644539614561,0.017978186999999996,0.26214000000000004
5365,5.030769230769232,0.049816916488222694,0.018110623,0.26214000000000004
5366,5.034615384615384,0.049940685224839396,0.018176841,0.262654
5367,5.038461538461538,0.05055952890792291,0.018408604,0.26214000000000004
5368,5.042307692307693,0.051178372591006424,0.018739693999999998,0.26214000000000004
5369,5.046153846153848,0.05167344753747323,0.019203219999999997,0.26214000000000004
5370,5.049999999999999,0.05192098501070664,0.019898508999999998,0.263682
5371,5.053846153846154,0.05198286937901499,0.020726233999999996,0.26214000000000004
5372,5.057692307692308,0.05179721627408993,0.021487740999999998,0.26471
5373,5.061538461538463,0.051302141327623126,0.021918158,0.26214000000000004
5374,5.065384615384614,0.050930835117773014,0.022249247999999996,0.265224
5375,5.069230769230769,0.05111648822269807,0.022580338,0.262654
5376,5.073076923076924,0.050930835117773014,0.022778991999999998,0.26471
5377,5.076923076923078,0.05062141327623126,0.022944536999999997,0.263168
5378,5.080769230769233,0.05043576017130621,0.023176299999999997,0.265224
5379,5.084615384615384,0.05055952890792291,0.023242518,0.263682
5380,5.088461538461539,0.05068329764453961,0.023143190999999997,0.264196
5381,5.092307692307694,0.050497644539614556,0.022944536999999997,0.263168
5382,5.0961538461538485,0.05043576017130621,0.022812100999999998,0.263682
5383,5.1,0.05062141327623126,0.022712773999999998,0.26471
5384,5.103846153846154,0.05074518201284796,0.022745882999999998,0.262654
5385,5.107692307692309,0.05055952890792291,0.022878318999999998,0.26471
5386,5.111538461538464,0.05025010706638115,0.023176299999999997,0.263168
5387,5.115384615384615,0.05012633832976445,0.023341845,0.265224
5388,5.11923076923077,0.05043576017130621,0.023275626999999997,0.263168
5389,5.123076923076924,0.050497644539614556,0.023143190999999997,0.264196
5390,5.126923076923079,0.050497644539614556,0.022911427999999998,0.262654
5391,5.13076923076923,0.0503119914346895,0.022646555999999998,0.264196
5392,5.134615384615385,0.050497644539614556,0.022414792999999995,0.263682
5393,5.13846153846154,0.05086895074946467,0.022315465999999996,0.263168
5394,5.1423076923076945,0.05074518201284796,0.022348575,0.263168
5395,5.146153846153846,0.05055952890792291,0.022315465999999996,0.263168
5396,5.15,0.050497644539614556,0.022249247999999996,0.26471
5397,5.153846153846155,0.05068329764453961,0.022083703,0.262654
5398,5.15769230769231,0.05111648822269807,0.021984375999999996,0.264196
5399,5.161538461538461,0.051054603854389716,0.021752612999999997,0.26214000000000004
5400,5.165384615384616,0.050930835117773014,0.021487740999999998,0.26471
5401,5.16923076923077,0.05142591006423983,0.021322195999999998,0.262654
5402,5.173076923076925,0.05154967880085653,0.021123542,0.264196
5403,5.176923076923076,0.05161156316916488,0.020924888,0.26214000000000004
5404,5.180769230769231,0.05142591006423983,0.020626906999999996,0.263682
5405,5.184615384615386,0.05154967880085653,0.020295816999999997,0.262654
5406,5.1884615384615405,0.051859100642398286,0.020030944999999998,0.263168
5407,5.192307692307692,0.051859100642398286,0.019732964,0.26214000000000004
5408,5.196153846153846,0.05161156316916488,0.01953431,0.262654
5409,5.200000000000001,0.05161156316916488,0.019434983,0.263682
5410,5.203846153846156,0.051735331905781584,0.019401873999999996,0.261626
5411,5.207692307692307,0.051859100642398286,0.019368764999999996,0.263682
5412,5.211538461538462,0.05167344753747323,0.019302546999999996,0.261626
5413,5.215384615384616,0.05142591006423983,0.019335656,0.263682
5414,5.219230769230771,0.051735331905781584,0.019269438,0.261626
5415,5.223076923076922,0.05167344753747323,0.019170111,0.262654
5416,5.226923076923077,0.05167344753747323,0.019070784,0.262654
5417,5.230769230769232,0.051302141327623126,0.019037674999999997,0.263168
5418,5.2346153846153864,0.05124025695931477,0.018938347999999997,0.262654
5419,5.238461538461538,0.05136402569593147,0.018739693999999998,0.261112
5420,5.242307692307692,0.05154967880085653,0.018607257999999998,0.262654
5421,5.246153846153847,0.05136402569593147,0.018541039999999998,0.261112
5422,5.250000000000002,0.05111648822269807,0.018474822,0.263682
5423,5.253846153846153,0.051054603854389716,0.018342386,0.261112
5424,5.257692307692308,0.051302141327623126,0.018309277,0.263168
5425,5.261538461538462,0.051302141327623126,0.018309277,0.261112
5426,5.265384615384617,0.05099271948608137,0.018276168,0.263682
5427,5.269230769230768,0.05099271948608137,0.018243058999999996,0.261112
5428,5.273076923076923,0.05099271948608137,0.018176841,0.262654
5429,5.276923076923078,0.05111648822269807,0.018110623,0.26214000000000004
5430,5.280769230769232,0.05099271948608137,0.018044404999999996,0.262654
5431,5.284615384615384,0.05080706638115631,0.018011296,0.263168
5432,5.288461538461538,0.05074518201284796,0.018044404999999996,0.26214000000000004
5433,5.292307692307693,0.051054603854389716,0.017978186999999996,0.26214000000000004
5434,5.296153846153848,0.05080706638115631,0.017812642,0.261626
5435,5.299999999999999,0.05074518201284796,0.017680205999999997,0.263168
5436,5.303846153846154,0.04833169164882227,0.017647097,0.261112
5437,5.307692307692308,0.04796038543897216,0.017613987999999997,0.263682
5438,5.311538461538463,0.0476509635974304,0.017613987999999997,0.261112
5439,5.315384615384614,0.047341541755888644,0.017647097,0.263168
5440,5.319230769230769,0.047341541755888644,0.017680205999999997,0.261112
5441,5.323076923076924,0.047403426124197,0.017647097,0.262654
5442,5.326923076923078,0.047589079229122054,0.017613987999999997,0.26214000000000004
5443,5.330769230769233,0.047465310492505346,0.017746424,0.262654
5444,5.334615384615384,0.0472796573875803,0.017812642,0.26214000000000004
5445,5.338461538461539,0.047403426124197,0.017680205999999997,0.261626
5446,5.342307692307694,0.047712847965738756,0.017547769999999997,0.261626
5447,5.3461538461538485,0.0475271948608137,0.017448442999999998,0.261626
5448,5.35,0.047403426124197,0.017415333999999998,0.263168
5449,5.353846153846154,0.047403426124197,0.017349115999999998,0.260598
5450,5.357692307692309,0.0477747323340471,0.017349115999999998,0.262654
5451,5.361538461538464,0.04783661670235546,0.017514660999999997,0.261112
5452,5.365384615384615,0.047589079229122054,0.017647097,0.263682
5453,5.36923076923077,0.047589079229122054,0.017713314999999997,0.261626
5454,5.373076923076924,0.0476509635974304,0.017746424,0.263168
5455,5.376923076923079,0.04783661670235546,0.017713314999999997,0.261112
5456,5.38076923076923,0.0476509635974304,0.017547769999999997,0.263682
5457,5.384615384615385,0.047465310492505346,0.017415333999999998,0.261626
5458,5.38846153846154,0.047712847965738756,0.017481551999999997,0.263168
5459,5.3923076923076945,0.04789850107066381,0.017514660999999997,0.261112
5460,5.396153846153846,0.047712847965738756,0.017448442999999998,0.26214000000000004
5461,5.4,0.0476509635974304,0.017382224999999998,0.262654
5462,5.403846153846155,0.0476509635974304,0.017481551999999997,0.261112
5463,5.40769230769231,0.04796038543897216,0.017514660999999997,0.262654
5464,5.411538461538461,0.04783661670235546,0.017481551999999997,0.261112
5465,5.415384615384616,0.0476509635974304,0.017481551999999997,0.263168
5466,5.41923076923077,0.04796038543897216,0.017613987999999997,0.262654
5467,5.423076923076925,0.04796038543897216,0.017580878999999997,0.263682
5468,5.426923076923076,0.04796038543897216,0.017448442999999998,0.261112
5469,5.430769230769231,0.047712847965738756,0.017316006999999998,0.263168
5470,5.434615384615386,0.047589079229122054,0.017349115999999998,0.261112
5471,5.4384615384615405,0.04783661670235546,0.017349115999999998,0.262654
5472,5.442307692307692,0.04802226980728051,0.017415333999999998,0.261626
5473,5.446153846153846,0.0477747323340471,0.017547769999999997,0.262654
5474,5.450000000000001,0.0476509635974304,0.017613987999999997,0.261626
5475,5.453846153846156,0.0477747323340471,0.017514660999999997,0.261112
5476,5.457692307692307,0.04808415417558886,0.017316006999999998,0.263168
5477,5.461538461538462,0.04808415417558886,0.017282897999999998,0.261112
5478,5.465384615384616,0.0477747323340471,0.017282897999999998,0.263682
5479,5.469230769230771,0.04802226980728051,0.017282897999999998,0.26214000000000004
5480,5.473076923076922,0.04802226980728051,0.017316006999999998,0.263168
5481,5.476923076923077,0.048146038543897214,0.017282897999999998,0.261112
5482,5.480769230769232,0.04789850107066381,0.017249788999999998,0.263682
5483,5.4846153846153864,0.0477747323340471,0.017216679999999998,0.261626
5484,5.488461538461538,0.04783661670235546,0.017249788999999998,0.262654
5485,5.492307692307692,0.048146038543897214,0.017349115999999998,0.261112
5486,5.496153846153847,0.04783661670235546,0.017316006999999998,0.263682
5487,5.500000000000002,0.0477747323340471,0.017349115999999998,0.26214000000000004
5488,5.503846153846153,0.04783661670235546,0.017415333999999998,0.261112
5489,5.507692307692308,0.048146038543897214,0.017547769999999997,0.263168
5490,5.511538461538462,0.048146038543897214,0.017547769999999997,0.261112
5491,5.515384615384617,0.04789850107066381,0.017415333999999998,0.263168
5492,5.519230769230768,0.04820792291220556,0.017481551999999997,0.262654
5493,5.523076923076923,0.048146038543897214,0.017415333999999998,0.263168
5494,5.526923076923078,0.04820792291220556,0.017349115999999998,0.260598
5495,5.530769230769232,0.04796038543897216,0.017316006999999998,0.263168
5496,5.534615384615384,0.0477747323340471,0.017415333999999998,0.261626
5497,5.538461538461538,0.04802226980728051,0.017481551999999997,0.262654
5498,5.542307692307693,0.04808415417558886,0.017448442999999998,0.261626
5499,5.546153846153848,0.04783661670235546,0.017481551999999997,0.263168
5500,5.549999999999999,0.04783661670235546,0.017514660999999997,0.262654
5501,5.553846153846154,0.04789850107066381,0.017481551999999997,0.261626
5502,5.557692307692308,0.04820792291220556,0.017415333999999998,0.263168
5503,5.561538461538463,0.04820792291220556,0.017448442999999998,0.261112
5504,5.565384615384618,0.04789850107066381,0.017481551999999997,0.263168
5505,5.569230769230769,0.048146038543897214,0.017415333999999998,0.262654
5506,5.573076923076924,0.04820792291220556,0.017415333999999998,0.263168
5507,5.576923076923078,0.048269807280513916,0.017448442999999998,0.261112
5508,5.580769230769233,0.04808415417558886,0.017514660999999997,0.263682
5509,5.584615384615384,0.04796038543897216,0.017613987999999997,0.261626
5510,5.588461538461539,0.04802226980728051,0.017746424,0.263168
5511,5.592307692307694,0.04839357601713062,0.017945078,0.261626
5512,5.5961538461538485,0.048146038543897214,0.017911969,0.263682
5513,5.6,0.04796038543897216,0.017812642,0.26214000000000004
5514,5.603846153846154,0.04796038543897216,0.017746424,0.26214000000000004
5515,5.607692307692309,0.048269807280513916,0.017746424,0.262654
5516,5.611538461538464,0.048269807280513916,0.017779532999999997,0.261626
5517,5.615384615384615,0.04789850107066381,0.017713314999999997,0.263682
5518,5.61923076923077,0.04820792291220556,0.017845751,0.263682
5519,5.623076923076924,0.04820792291220556,0.017812642,0.263168
5520,5.626923076923079,0.04820792291220556,0.017713314999999997,0.261112
5521,5.63076923076923,0.04789850107066381,0.017613987999999997,0.263682
5522,5.634615384615385,0.04783661670235546,0.017580878999999997,0.261112
5523,5.63846153846154,0.04808415417558886,0.017680205999999997,0.263682
5524,5.6423076923076945,0.04796038543897216,0.017713314999999997,0.261626
5525,5.646153846153846,0.0477747323340471,0.017812642,0.263682
5526,5.65,0.04783661670235546,0.017878859999999996,0.261112
5527,5.653846153846155,0.04802226980728051,0.017845751,0.26214000000000004
5528,5.65769230769231,0.04820792291220556,0.017812642,0.26214000000000004
5529,5.661538461538461,0.04808415417558886,0.017878859999999996,0.26214000000000004
5530,5.665384615384616,0.04789850107066381,0.017945078,0.26214000000000004
5531,5.66923076923077,0.04820792291220556,0.017812642,0.263682
5532,5.673076923076925,0.048146038543897214,0.017746424,0.262654
5533,5.676923076923076,0.04808415417558886,0.017779532999999997,0.261112
5534,5.680769230769231,0.0477747323340471,0.017878859999999996,0.263682
5535,5.684615384615386,0.0477747323340471,0.017812642,0.261112
5536,5.6884615384615405,0.04789850107066381,0.017779532999999997,0.264196
5537,5.692307692307692,0.04808415417558886,0.017845751,0.261626
5538,5.696153846153846,0.04783661670235546,0.017911969,0.264196
5539,5.700000000000001,0.0477747323340471,0.017911969,0.261626
5540,5.703846153846156,0.0477747323340471,0.017878859999999996,0.262654
5541,5.707692307692307,0.048146038543897214,0.017911969,0.26214000000000004
5542,5.711538461538462,0.04820792291220556,0.018011296,0.26214000000000004
5543,5.715384615384616,0.04808415417558886,0.018077514,0.263168
5544,5.719230769230771,0.048702997858672374,0.018309277,0.263682
5545,5.723076923076922,0.04956937901498929,0.018739693999999998,0.263682
5546,5.726923076923077,0.05000256959314775,0.019302546999999996,0.261626
5547,5.730769230769232,0.05000256959314775,0.019732964,0.264196
5548,5.7346153846153864,0.04975503211991435,0.020097162999999998,0.262654
5549,5.738461538461538,0.04975503211991435,0.020362034999999997,0.264196
5550,5.742307692307692,0.049940685224839396,0.020527579999999997,0.26214000000000004
5551,5.746153846153847,0.04956937901498929,0.020560688999999997,0.264196
5552,5.750000000000002,0.049507494646680944,0.020560688999999997,0.262654
5553,5.753846153846153,0.04956937901498929,0.020494471,0.262654
5554,5.757692307692308,0.049940685224839396,0.020362034999999997,0.263168
5555,5.761538461538462,0.049816916488222694,0.020328925999999997,0.26214000000000004
5556,5.765384615384617,0.049507494646680944,0.020428252999999997,0.264196
5557,5.769230769230768,0.049693147751606,0.020428252999999997,0.263682
5558,5.773076923076923,0.049693147751606,0.020362034999999997,0.264196
5559,5.776923076923078,0.049693147751606,0.020395144,0.26214000000000004
5560,5.780769230769232,0.04938372591006424,0.020560688999999997,0.26471
5561,5.784615384615384,0.04919807280513919,0.020560688999999997,0.26214000000000004
5562,5.788461538461538,0.04944561027837259,0.020428252999999997,0.26471
5563,5.792307692307693,0.049693147751606,0.020262707999999997,0.26214000000000004
5564,5.796153846153848,0.049507494646680944,0.020130271999999998,0.264196
5565,5.799999999999999,0.04944561027837259,0.019997835999999998,0.26214000000000004
5566,5.803846153846154,0.04944561027837259,0.0198654,0.263168
5567,5.807692307692308,0.049693147751606,0.019732964,0.262654
5568,5.811538461538463,0.049816916488222694,0.01953431,0.262654
5569,5.815384615384618,0.049631263383297645,0.019335656,0.263168
5570,5.819230769230769,0.04956937901498929,0.019203219999999997,0.263682
5571,5.823076923076924,0.049507494646680944,0.019103892999999997,0.263682
5572,5.826923076923078,0.049693147751606,0.019203219999999997,0.261626
5573,5.830769230769233,0.049693147751606,0.019137001999999997,0.264196
5574,5.834615384615384,0.04938372591006424,0.019037674999999997,0.261626
5575,5.838461538461539,0.04932184154175589,0.019004565999999997,0.263682
5576,5.842307692307694,0.049631263383297645,0.019004565999999997,0.261626
5577,5.8461538461538485,0.04956937901498929,0.018905238999999997,0.263168
5578,5.85,0.04932184154175589,0.018839020999999997,0.262654
5579,5.853846153846154,0.04919807280513919,0.018872129999999997,0.262654
5580,5.857692307692309,0.04944561027837259,0.018905238999999997,0.262654
5581,5.861538461538464,0.049507494646680944,0.018805911999999998,0.261626
5582,5.865384615384615,0.04932184154175589,0.018673475999999998,0.263168
5583,5.86923076923077,0.04913618843683083,0.018574148999999998,0.262654
5584,5.873076923076924,0.049074304068522485,0.018441713,0.264196
5585,5.876923076923079,0.049259957173447534,0.018375495,0.261112
5586,5.88076923076923,0.04919807280513919,0.018507931,0.264196
5587,5.884615384615385,0.049074304068522485,0.018574148999999998,0.261626
5588,5.88846153846154,0.04895053533190578,0.018673475999999998,0.263682
5589,5.8923076923076945,0.04919807280513919,0.018772802999999998,0.26214000000000004
5590,5.896153846153846,0.04932184154175589,0.019070784,0.263682
5591,5.9,0.04919807280513919,0.019434983,0.263682
5592,5.903846153846155,0.04876488222698073,0.019964726999999998,0.263168
5593,5.90769230769231,0.04839357601713062,0.020693124999999996,0.264196
5594,5.911538461538461,0.04802226980728051,0.021587067999999997,0.263168
5595,5.915384615384616,0.047589079229122054,0.022249247999999996,0.26471
5596,5.91923076923077,0.047032119914346894,0.022315465999999996,0.263682
5597,5.923076923076925,0.04721777301927194,0.021918158,0.26471
5598,5.926923076923076,0.04783661670235546,0.021355304999999998,0.26214000000000004
5599,5.930769230769231,0.04857922912205567,0.020792451999999996,0.264196
5600,5.934615384615386,0.048826766595289076,0.020262707999999997,0.26214000000000004
5601,5.9384615384615405,0.04876488222698073,0.019799182,0.263682
5602,5.942307692307692,0.049074304068522485,0.019600528,0.26214000000000004
5603,5.946153846153846,0.049259957173447534,0.019434983,0.263682
5604,5.950000000000001,0.049074304068522485,0.019401873999999996,0.262654
5605,5.953846153846156,0.048826766595289076,0.019434983,0.26214000000000004
5606,5.957692307692307,0.04888865096359743,0.01953431,0.262654
5607,5.961538461538462,0.049074304068522485,0.019401873999999996,0.26214000000000004
5608,5.965384615384616,0.04901241970021413,0.019302546999999996,0.263682
5609,5.969230769230771,0.048702997858672374,0.019401873999999996,0.263168
5610,5.973076923076922,0.04864111349036403,0.01953431,0.264196
5611,5.976923076923077,0.048826766595289076,0.019600528,0.261626
5612,5.980769230769232,0.04895053533190578,0.019567418999999996,0.264196
5613,5.9846153846153864,0.04876488222698073,0.019666745999999995,0.261626
5614,5.988461538461538,0.04839357601713062,0.019931617999999998,0.264196
5615,5.992307692307692,0.04851734475374732,0.020064053999999998,0.26214000000000004
5616,5.996153846153847,0.04864111349036403,0.020130271999999998,0.264196
5617,6.000000000000002,0.04864111349036403,0.020130271999999998,0.263168
5618,6.003846153846153,0.04833169164882227,0.020295816999999997,0.263682
5619,6.007692307692308,0.04808415417558886,0.020461361999999997,0.263682
5620,6.011538461538462,0.04808415417558886,0.020593798,0.262654
5621,6.015384615384617,0.04833169164882227,0.020660016,0.264196
5622,6.019230769230768,0.04808415417558886,0.020494471,0.263168
5623,6.023076923076923,0.048269807280513916,0.020064053999999998,0.264196
5624,6.026923076923078,0.04839357601713062,0.019633637,0.26214000000000004
5625,6.030769230769232,0.048826766595289076,0.019302546999999996,0.264196
5626,6.034615384615384,0.048826766595289076,0.019070784,0.261626
5627,6.038461538461538,0.04857922912205567,0.018772802999999998,0.263682
5628,6.042307692307693,0.04845546038543897,0.018607257999999998,0.261626
5629,6.046153846153848,0.048702997858672374,0.018507931,0.263682
5630,6.049999999999999,0.04876488222698073,0.018441713,0.262654
5631,6.053846153846154,0.04851734475374732,0.018309277,0.262654
5632,6.057692307692308,0.04833169164882227,0.018143731999999996,0.262654
5633,6.061538461538463,0.04845546038543897,0.018011296,0.26214000000000004
5634,6.065384615384618,0.04851734475374732,0.017812642,0.262654
5635,6.069230769230769,0.04808415417558886,0.017613987999999997,0.262654
5636,6.073076923076924,0.04796038543897216,0.017448442999999998,0.263682
5637,6.076923076923078,0.04796038543897216,0.017249788999999998,0.261112
5638,6.080769230769233,0.048146038543897214,0.016984917,0.263682
5639,6.084615384615384,0.04789850107066381,0.016819371999999996,0.261112
5640,6.088461538461539,0.047712847965738756,0.016852481,0.263682
5641,6.092307692307694,0.046041970021413275,0.016786263,0.260598
5642,6.0961538461538485,0.04554689507494646,0.016819371999999996,0.263168
5643,6.1,0.04529935760171306,0.016852481,0.261626
5644,6.103846153846154,0.04505182012847966,0.016918699,0.263168
5645,6.107692307692309,0.0449899357601713,0.016852481,0.261626
5646,6.111538461538464,0.04517558886509636,0.016753154,0.262654
5647,6.115384615384615,0.04536124197002141,0.016786263,0.262654
5648,6.11923076923077,0.04505182012847966,0.016852481,0.263682
5649,6.123076923076924,0.04505182012847966,0.016819371999999996,0.263168
5650,6.126923076923079,0.045113704496788004,0.016720044999999996,0.261626
5651,6.13076923076923,0.04542312633832976,0.016686936,0.263168
5652,6.134615384615385,0.04542312633832976,0.016620717999999996,0.261112
5653,6.13846153846154,0.04529935760171306,0.016554499999999996,0.263168
5654,6.1423076923076945,0.045237473233404706,0.016587609,0.261626
5655,6.146153846153846,0.045485010706638115,0.016686936,0.263682
5656,6.15,0.04554689507494646,0.016786263,0.261112
5657,6.153846153846155,0.04536124197002141,0.016819371999999996,0.262654
5658,6.15769230769231,0.04529935760171306,0.016951808,0.261626
5659,6.161538461538461,0.04542312633832976,0.016984917,0.26214000000000004
5660,6.165384615384616,0.04560877944325482,0.016951808,0.262654
5661,6.16923076923077,0.045237473233404706,0.016819371999999996,0.262654
5662,6.173076923076925,0.045237473233404706,0.016786263,0.263168
5663,6.176923076923076,0.04536124197002141,0.016753154,0.261112
5664,6.180769230769231,0.045670663811563164,0.016653827,0.263168
5665,6.184615384615386,0.04560877944325482,0.016554499999999996,0.260598
5666,6.1884615384615405,0.04529935760171306,0.016554499999999996,0.263682
5667,6.192307692307692,0.045485010706638115,0.016521391,0.261112
5668,6.196153846153846,0.04573254817987152,0.016488282,0.263682
5669,6.200000000000001,0.045670663811563164,0.016554499999999996,0.261112
5670,6.203846153846156,0.045485010706638115,0.016720044999999996,0.263168
5671,6.207692307692307,0.04542312633832976,0.016686936,0.261112
5672,6.211538461538462,0.04560877944325482,0.016653827,0.262654
5673,6.215384615384616,0.04573254817987152,0.016653827,0.26214000000000004
5674,6.219230769230771,0.04536124197002141,0.016653827,0.263682
5675,6.223076923076922,0.04542312633832976,0.016653827,0.262654
5676,6.226923076923077,0.045485010706638115,0.016653827,0.261112
5677,6.230769230769232,0.04573254817987152,0.016720044999999996,0.263682
5678,6.2346153846153864,0.04585631691648822,0.016852481,0.261112
5679,6.238461538461538,0.04560877944325482,0.016819371999999996,0.263682
5680,6.242307692307692,0.04554689507494646,0.016786263,0.261112
5681,6.246153846153847,0.04585631691648822,0.016852481,0.263168
5682,6.250000000000002,0.04585631691648822,0.016819371999999996,0.261112
5683,6.253846153846153,0.04573254817987152,0.016720044999999996,0.262654
5684,6.257692307692308,0.04554689507494646,0.016653827,0.261626
5685,6.261538461538462,0.045670663811563164,0.016720044999999996,0.26214000000000004
5686,6.265384615384617,0.045918201284796574,0.016786263,0.262654
5687,6.269230769230768,0.04554689507494646,0.016753154,0.263682
5688,6.273076923076923,0.04554689507494646,0.016786263,0.263168
5689,6.276923076923078,0.04560877944325482,0.016819371999999996,0.261112
5690,6.280769230769232,0.045918201284796574,0.016819371999999996,0.263682
5691,6.284615384615384,0.045918201284796574,0.016720044999999996,0.261112
5692,6.288461538461538,0.045670663811563164,0.016720044999999996,0.263168
5693,6.292307692307693,0.04585631691648822,0.016819371999999996,0.261112
5694,6.296153846153848,0.04598008565310492,0.016786263,0.263682
5695,6.299999999999999,0.04598008565310492,0.016753154,0.261626
5696,6.303846153846154,0.04579443254817987,0.016686936,0.262654
5697,6.307692307692308,0.04560877944325482,0.016653827,0.261626
5698,6.311538461538463,0.04579443254817987,0.016587609,0.262654
5699,6.315384615384618,0.04598008565310492,0.016587609,0.262654
5700,6.319230769230769,0.04560877944325482,0.016720044999999996,0.264196
5701,6.323076923076924,0.04560877944325482,0.016686936,0.262654
5702,6.326923076923078,0.045670663811563164,0.016554499999999996,0.261112
5703,6.330769230769233,0.04598008565310492,0.016488282,0.263682
5704,6.334615384615384,0.046041970021413275,0.016587609,0.261112
5705,6.338461538461539,0.04579443254817987,0.016686936,0.263682
5706,6.342307692307694,0.04585631691648822,0.016587609,0.261626
5707,6.3461538461538485,0.046041970021413275,0.016587609,0.263168
5708,6.35,0.046041970021413275,0.016620717999999996,0.261112
5709,6.353846153846154,0.04598008565310492,0.016620717999999996,0.263168
5710,6.357692307692309,0.045670663811563164,0.016620717999999996,0.261112
5711,6.361538461538464,0.04579443254817987,0.016686936,0.26214000000000004
5712,6.365384615384615,0.046041970021413275,0.016852481,0.261626
5713,6.36923076923077,0.045670663811563164,0.01688559,0.263682
5714,6.373076923076924,0.045670663811563164,0.016918699,0.26214000000000004
5715,6.376923076923079,0.04573254817987152,0.016918699,0.261626
5716,6.38076923076923,0.04598008565310492,0.016951808,0.263168
5717,6.384615384615385,0.046041970021413275,0.016918699,0.261112
5718,6.38846153846154,0.045670663811563164,0.016852481,0.263682
5719,6.3923076923076945,0.04598008565310492,0.016918699,0.261626
5720,6.396153846153846,0.046041970021413275,0.01688559,0.263682
5721,6.4,0.04598008565310492,0.016852481,0.261112
5722,6.403846153846155,0.04573254817987152,0.016918699,0.263682
5723,6.40769230769231,0.04573254817987152,0.016984917,0.261626
5724,6.411538461538461,0.045918201284796574,0.016951808,0.263168
5725,6.415384615384616,0.046041970021413275,0.016918699,0.26214000000000004
5726,6.41923076923077,0.04573254817987152,0.017018026,0.263682
5727,6.423076923076925,0.045670663811563164,0.017018026,0.261626
5728,6.426923076923076,0.04573254817987152,0.01688559,0.261626
5729,6.430769230769231,0.04598008565310492,0.016720044999999996,0.262654
5730,6.434615384615386,0.04598008565310492,0.016720044999999996,0.261112
5731,6.4384615384615405,0.04573254817987152,0.016753154,0.263682
5732,6.442307692307692,0.04585631691648822,0.016819371999999996,0.26214000000000004
5733,6.446153846153846,0.046041970021413275,0.01688559,0.263168
5734,6.450000000000001,0.046041970021413275,0.016951808,0.261112
5735,6.453846153846156,0.04585631691648822,0.01688559,0.263682
5736,6.457692307692307,0.04560877944325482,0.016786263,0.261112
5737,6.461538461538462,0.04573254817987152,0.016686936,0.262654
5738,6.465384615384616,0.046041970021413275,0.016653827,0.261112
5739,6.469230769230771,0.045670663811563164,0.016653827,0.263682
5740,6.473076923076922,0.04560877944325482,0.016686936,0.262654
5741,6.476923076923077,0.045670663811563164,0.016753154,0.26214000000000004
5742,6.480769230769232,0.04598008565310492,0.016852481,0.262654
5743,6.4846153846153864,0.045918201284796574,0.016819371999999996,0.261112
5744,6.488461538461538,0.045670663811563164,0.016819371999999996,0.263682
5745,6.492307692307692,0.04579443254817987,0.016918699,0.26214000000000004
5746,6.496153846153847,0.04598008565310492,0.016819371999999996,0.262654
5747,6.500000000000002,0.045918201284796574,0.016720044999999996,0.261112
5748,6.503846153846153,0.04573254817987152,0.016686936,0.263168
5749,6.507692307692308,0.04560877944325482,0.016786263,0.261112
5750,6.511538461538462,0.04573254817987152,0.016753154,0.263168
5751,6.515384615384617,0.045918201284796574,0.016653827,0.26214000000000004
5752,6.519230769230768,0.04554689507494646,0.016686936,0.263682
5753,6.523076923076923,0.045485010706638115,0.016720044999999996,0.26214000000000004
5754,6.526923076923078,0.04560877944325482,0.016720044999999996,0.26214000000000004
5755,6.530769230769232,0.04585631691648822,0.016653827,0.263682
5756,6.534615384615384,0.04585631691648822,0.016620717999999996,0.261626
5757,6.538461538461538,0.045670663811563164,0.016653827,0.263682
5758,6.542307692307693,0.04560877944325482,0.016620717999999996,0.261626
5759,6.546153846153848,0.04579443254817987,0.016587609,0.263682
5760,6.549999999999999,0.04585631691648822,0.016620717999999996,0.261112
5761,6.553846153846154,0.04585631691648822,0.016620717999999996,0.263168
5762,6.557692307692308,0.045485010706638115,0.016488282,0.261626
5763,6.561538461538463,0.045485010706638115,0.016355845999999997,0.262654
5764,6.565384615384618,0.04579443254817987,0.016388954999999997,0.26214000000000004
5765,6.569230769230769,0.04560877944325482,0.016388954999999997,0.263682
5766,6.573076923076924,0.04554689507494646,0.016455172999999997,0.26214000000000004
5767,6.576923076923078,0.04542312633832976,0.016422064,0.261112
5768,6.580769230769233,0.045670663811563164,0.016455172999999997,0.263168
5769,6.584615384615384,0.04579443254817987,0.016422064,0.261112
5770,6.588461538461539,0.04554689507494646,0.016355845999999997,0.263682
5771,6.592307692307694,0.045485010706638115,0.016388954999999997,0.261626
5772,6.5961538461538485,0.045670663811563164,0.016355845999999997,0.263168
5773,6.6,0.04573254817987152,0.016256518999999997,0.261112
5774,6.603846153846154,0.04554689507494646,0.016190300999999997,0.263168
5775,6.607692307692309,0.04536124197002141,0.016322737,0.261112
5776,6.611538461538464,0.04554689507494646,0.016455172999999997,0.263682
5777,6.615384615384615,0.04573254817987152,0.016422064,0.261626
5778,6.61923076923077,0.04536124197002141,0.016455172999999997,0.263682
5779,6.623076923076924,0.04529935760171306,0.016422064,0.26214000000000004
5780,6.626923076923079,0.04536124197002141,0.016422064,0.26214000000000004
5781,6.63076923076923,0.045670663811563164,0.016355845999999997,0.262654
5782,6.634615384615385,0.045670663811563164,0.016388954999999997,0.26214000000000004
5783,6.63846153846154,0.04536124197002141,0.016422064,0.263168
5784,6.6423076923076945,0.04536124197002141,0.016322737,0.261626
5785,6.646153846153846,0.04554689507494646,0.016157191999999997,0.263168
5786,6.65,0.045670663811563164,0.016124082999999997,0.261626
5787,6.653846153846155,0.04560877944325482,0.016090973999999997,0.263682
5788,6.65769230769231,0.045237473233404706,0.016057864999999998,0.261112
5789,6.661538461538461,0.045237473233404706,0.016057864999999998,0.262654
5790,6.665384615384616,0.04554689507494646,0.016090973999999997,0.26214000000000004
5791,6.66923076923077,0.04542312633832976,0.016124082999999997,0.263682
5792,6.673076923076925,0.04542312633832976,0.016124082999999997,0.262654
5793,6.676923076923076,0.045237473233404706,0.016057864999999998,0.261626
5794,6.680769230769231,0.04542312633832976,0.016090973999999997,0.262654
5795,6.684615384615386,0.04554689507494646,0.016057864999999998,0.261112
5796,6.6884615384615405,0.04554689507494646,0.015991646999999998,0.263682
5797,6.692307692307692,0.04517558886509636,0.015958537999999998,0.261112
5798,6.696153846153846,0.04536124197002141,0.016024755999999998,0.263682
5799,6.700000000000001,0.045485010706638115,0.016057864999999998,0.261112
5800,6.703846153846156,0.045485010706638115,0.016024755999999998,0.262654
5801,6.707692307692307,0.04517558886509636,0.015958537999999998,0.261626
5802,6.711538461538462,0.04517558886509636,0.015958537999999998,0.262654
5803,6.715384615384616,0.04536124197002141,0.015925428999999998,0.262654
5804,6.719230769230771,0.04529935760171306,0.015826101999999998,0.262654
5805,6.723076923076922,0.04529935760171306,0.015792992999999998,0.263168
5806,6.726923076923077,0.04505182012847966,0.015859210999999998,0.261626
5807,6.730769230769232,0.04517558886509636,0.015892319999999998,0.263682
5808,6.7346153846153864,0.04536124197002141,0.015859210999999998,0.261112
5809,6.738461538461538,0.04542312633832976,0.015925428999999998,0.263168
5810,6.742307692307692,0.04505182012847966,0.015991646999999998,0.261112
5811,6.746153846153847,0.045113704496788004,0.015925428999999998,0.263168
5812,6.750000000000002,0.045237473233404706,0.015826101999999998,0.26214000000000004
5813,6.753846153846153,0.04542312633832976,0.015859210999999998,0.262654
5814,6.757692307692308,0.045113704496788004,0.015925428999999998,0.261626
5815,6.761538461538462,0.04505182012847966,0.015925428999999998,0.26214000000000004
5816,6.765384615384617,0.04517558886509636,0.015991646999999998,0.262654
5817,6.769230769230768,0.04536124197002141,0.016090973999999997,0.263682
5818,6.773076923076923,0.04517558886509636,0.016024755999999998,0.262654
5819,6.776923076923078,0.04505182012847966,0.015925428999999998,0.261112
5820,6.780769230769232,0.04505182012847966,0.015792992999999998,0.263168
5821,6.784615384615384,0.045237473233404706,0.015792992999999998,0.260598
5822,6.788461538461538,0.04529935760171306,0.015759884,0.263682
5823,6.792307692307693,0.0449899357601713,0.015792992999999998,0.261112
5824,6.796153846153848,0.04505182012847966,0.015925428999999998,0.263682
5825,6.8000000000000025,0.04517558886509636,0.016057864999999998,0.261626
5826,6.803846153846154,0.045237473233404706,0.016090973999999997,0.263168
5827,6.807692307692308,0.04492805139186295,0.016024755999999998,0.261626
5828,6.811538461538463,0.0448661670235546,0.015991646999999998,0.262654
5829,6.815384615384618,0.045113704496788004,0.015892319999999998,0.26214000000000004
5830,6.819230769230769,0.04505182012847966,0.015792992999999998,0.263168
5831,6.823076923076924,0.04505182012847966,0.015693666,0.263168
5832,6.826923076923078,0.0448661670235546,0.015792992999999998,0.261626
5833,6.830769230769233,0.0449899357601713,0.015892319999999998,0.263168
5834,6.834615384615384,0.04517558886509636,0.015925428999999998,0.261112
5835,6.838461538461539,0.04517558886509636,0.015991646999999998,0.263682
5836,6.842307692307694,0.04480428265524625,0.016024755999999998,0.261626
5837,6.8461538461538485,0.04480428265524625,0.015925428999999998,0.263682
5838,6.85,0.04492805139186295,0.015892319999999998,0.261112
5839,6.853846153846154,0.04517558886509636,0.015925428999999998,0.262654
5840,6.857692307692309,0.0449899357601713,0.015958537999999998,0.261626
5841,6.861538461538464,0.04480428265524625,0.015892319999999998,0.26214000000000004
5842,6.865384615384615,0.04492805139186295,0.015859210999999998,0.26214000000000004
5843,6.86923076923077,0.04517558886509636,0.015991646999999998,0.263168
5844,6.873076923076924,0.045113704496788004,0.016024755999999998,0.263168
5845,6.876923076923079,0.04492805139186295,0.016024755999999998,0.261112
5846,6.88076923076923,0.0447423982869379,0.015958537999999998,0.263682
5847,6.884615384615385,0.0449899357601713,0.015925428999999998,0.261112
5848,6.88846153846154,0.04505182012847966,0.015892319999999998,0.263682
5849,6.8923076923076945,0.04480428265524625,0.015792992999999998,0.261112
5850,6.896153846153846,0.0447423982869379,0.015859210999999998,0.263682
5851,6.9,0.04492805139186295,0.015892319999999998,0.261112
5852,6.903846153846155,0.04505182012847966,0.015925428999999998,0.263682
5853,6.90769230769231,0.04480428265524625,0.015892319999999998,0.261626
5854,6.911538461538461,0.04461862955032119,0.015925428999999998,0.262654
5855,6.915384615384616,0.04480428265524625,0.015958537999999998,0.26214000000000004
5856,6.91923076923077,0.04492805139186295,0.015925428999999998,0.263168
5857,6.923076923076925,0.0448661670235546,0.015892319999999998,0.263168
5858,6.926923076923076,0.04461862955032119,0.015925428999999998,0.261626
5859,6.930769230769231,0.044680513918629546,0.015958537999999998,0.263682
5860,6.934615384615386,0.0448661670235546,0.015958537999999998,0.261112
5861,6.9384615384615405,0.0449899357601713,0.015925428999999998,0.263682
5862,6.942307692307692,0.044556745182012844,0.015991646999999998,0.261626
5863,6.946153846153846,0.04461862955032119,0.015958537999999998,0.263682
5864,6.950000000000001,0.04480428265524625,0.015958537999999998,0.261112
5865,6.953846153846156,0.04492805139186295,0.015958537999999998,0.263168
5866,6.957692307692307,0.04461862955032119,0.015958537999999998,0.261112
5867,6.961538461538462,0.044556745182012844,0.015826101999999998,0.262654
5868,6.965384615384616,0.04461862955032119,0.015759884,0.26214000000000004
5869,6.969230769230771,0.04492805139186295,0.015892319999999998,0.263682
5870,6.973076923076922,0.0448661670235546,0.015958537999999998,0.26214000000000004
5871,6.976923076923077,0.04461862955032119,0.015892319999999998,0.261112
5872,6.980769230769232,0.04449486081370449,0.015826101999999998,0.263682
5873,6.9846153846153864,0.044680513918629546,0.015826101999999998,0.261626
5874,6.988461538461538,0.0448661670235546,0.015892319999999998,0.263168
5875,6.992307692307692,0.04449486081370449,0.015859210999999998,0.261112
5876,6.996153846153847,0.04449486081370449,0.015892319999999998,0.263682
5877,7.000000000000002,0.044556745182012844,0.015925428999999998,0.261112
5878,7.003846153846153,0.04480428265524625,0.015892319999999998,0.263682
5879,7.007692307692308,0.044556745182012844,0.015759884,0.261112
5880,7.011538461538462,0.04443297644539614,0.015792992999999998,0.263168
5881,7.015384615384617,0.04461862955032119,0.015859210999999998,0.261626
5882,7.019230769230768,0.04449486081370449,0.015826101999999998,0.263682
5883,7.023076923076923,0.04449486081370449,0.015859210999999998,0.261626
5884,7.026923076923078,0.04437109207708779,0.015925428999999998,0.26214000000000004
5885,7.030769230769232,0.04449486081370449,0.015859210999999998,0.263168
5886,7.034615384615384,0.044680513918629546,0.015726775,0.261626
5887,7.038461538461538,0.04461862955032119,0.015693666,0.263168
5888,7.042307692307693,0.04430920770877944,0.015759884,0.262654
5889,7.046153846153848,0.044556745182012844,0.015759884,0.263168
5890,7.0500000000000025,0.044680513918629546,0.015726775,0.261112
5891,7.053846153846154,0.04461862955032119,0.015726775,0.263168
5892,7.057692307692308,0.04443297644539614,0.015759884,0.261112
5893,7.061538461538463,0.04430920770877944,0.015660557,0.263168
5894,7.065384615384618,0.044556745182012844,0.015660557,0.261112
5895,7.069230769230769,0.04437109207708779,0.015759884,0.262654
5896,7.073076923076924,0.04443297644539614,0.015759884,0.260598
5897,7.076923076923078,0.04430920770877944,0.015660557,0.262654
5898,7.080769230769233,0.04437109207708779,0.015561229999999999,0.26214000000000004
5899,7.084615384615384,0.04449486081370449,0.015627448,0.261626
5900,7.088461538461539,0.044556745182012844,0.015693666,0.262654
5901,7.092307692307694,0.04424732334047109,0.015693666,0.263168
5902,7.0961538461538485,0.04449486081370449,0.015759884,0.261626
5903,7.1,0.044556745182012844,0.015726775,0.261626
5904,7.103846153846154,0.044556745182012844,0.015759884,0.263682
5905,7.107692307692309,0.04430920770877944,0.015759884,0.261626
5906,7.111538461538464,0.04418543897216274,0.015859210999999998,0.263682
5907,7.115384615384615,0.04443297644539614,0.015925428999999998,0.261112
5908,7.11923076923077,0.04430920770877944,0.015859210999999998,0.263168
5909,7.123076923076924,0.04424732334047109,0.015826101999999998,0.261112
5910,7.126923076923079,0.04412355460385439,0.015859210999999998,0.263168
5911,7.13076923076923,0.04430920770877944,0.015925428999999998,0.26214000000000004
5912,7.134615384615385,0.04443297644539614,0.015892319999999998,0.26214000000000004
5913,7.13846153846154,0.04437109207708779,0.015892319999999998,0.263168
5914,7.1423076923076945,0.04412355460385439,0.015925428999999998,0.263682
5915,7.146153846153846,0.04430920770877944,0.015892319999999998,0.262654
5916,7.15,0.04437109207708779,0.015925428999999998,0.261626
5917,7.153846153846155,0.04449486081370449,0.016024755999999998,0.264196
5918,7.15769230769231,0.04412355460385439,0.016090973999999997,0.261626
5919,7.161538461538461,0.04406167023554604,0.016124082999999997,0.263682
5920,7.165384615384616,0.04418543897216274,0.016057864999999998,0.261626
5921,7.16923076923077,0.04430920770877944,0.016124082999999997,0.263682
5922,7.173076923076925,0.04418543897216274,0.016124082999999997,0.261112
5923,7.176923076923076,0.04406167023554604,0.016157191999999997,0.263168
5924,7.180769230769231,0.04412355460385439,0.016256518999999997,0.26214000000000004
5925,7.184615384615386,0.04437109207708779,0.016388954999999997,0.262654
5926,7.1884615384615405,0.04437109207708779,0.016388954999999997,0.26214000000000004
5927,7.192307692307692,0.04399978586723769,0.016289627999999997,0.263682
5928,7.196153846153846,0.04424732334047109,0.016256518999999997,0.261626
5929,7.200000000000001,0.04430920770877944,0.016190300999999997,0.26214000000000004
5930,7.203846153846156,0.04430920770877944,0.016190300999999997,0.263168
5931,7.207692307692307,0.04406167023554604,0.016090973999999997,0.261626
5932,7.211538461538462,0.04393790149892934,0.016057864999999998,0.263682
5933,7.215384615384616,0.04424732334047109,0.016057864999999998,0.261112
5934,7.219230769230771,0.04399978586723769,0.016057864999999998,0.263168
5935,7.223076923076922,0.04399978586723769,0.016090973999999997,0.261112
5936,7.226923076923077,0.04393790149892934,0.016124082999999997,0.263682
5937,7.230769230769232,0.04406167023554604,0.016124082999999997,0.26214000000000004
5938,7.2346153846153864,0.04424732334047109,0.016057864999999998,0.263168
5939,7.238461538461538,0.04412355460385439,0.016024755999999998,0.263168
5940,7.242307692307692,0.04387601713062098,0.016057864999999998,0.263682
5941,7.246153846153847,0.04399978586723769,0.016024755999999998,0.262654
5942,7.250000000000002,0.04412355460385439,0.015991646999999998,0.261626
5943,7.253846153846153,0.04418543897216274,0.016090973999999997,0.263682
5944,7.257692307692308,0.04393790149892934,0.016190300999999997,0.26214000000000004
5945,7.261538461538462,0.04387601713062098,0.016190300999999997,0.263682
5946,7.265384615384617,0.04399978586723769,0.016057864999999998,0.261626
5947,7.269230769230768,0.04412355460385439,0.016090973999999997,0.263168
5948,7.273076923076923,0.04406167023554604,0.016024755999999998,0.261626
5949,7.276923076923078,0.04393790149892934,0.015958537999999998,0.263682
5950,7.280769230769232,0.043814132762312635,0.015859210999999998,0.26214000000000004
5951,7.284615384615384,0.04399978586723769,0.015826101999999998,0.262654
5952,7.288461538461538,0.04418543897216274,0.015826101999999998,0.26214000000000004
5953,7.292307692307693,0.043814132762312635,0.015726775,0.263682
5954,7.296153846153848,0.04393790149892934,0.015792992999999998,0.261626
5955,7.3000000000000025,0.04399978586723769,0.015826101999999998,0.26214000000000004
5956,7.303846153846154,0.04412355460385439,0.015826101999999998,0.263682
5957,7.307692307692308,0.04387601713062098,0.015759884,0.261626
5958,7.311538461538463,0.04375224839400428,0.015826101999999998,0.263168
5959,7.315384615384618,0.04399978586723769,0.015892319999999998,0.261626
5960,7.319230769230769,0.043814132762312635,0.015826101999999998,0.262654
5961,7.323076923076924,0.043814132762312635,0.015826101999999998,0.261626
5962,7.326923076923078,0.043690364025695934,0.015892319999999998,0.263682
5963,7.330769230769233,0.04387601713062098,0.015826101999999998,0.261112
5964,7.334615384615384,0.04399978586723769,0.015726775,0.263682
5965,7.338461538461539,0.04393790149892934,0.015726775,0.26214000000000004
5966,7.342307692307694,0.04375224839400428,0.015826101999999998,0.264196
5967,7.3461538461538485,0.04387601713062098,0.015726775,0.261626
5968,7.35,0.04393790149892934,0.015693666,0.262654
5969,7.353846153846154,0.04399978586723769,0.015660557,0.263168
5970,7.357692307692309,0.043690364025695934,0.015726775,0.262654
5971,7.361538461538464,0.04362847965738758,0.015759884,0.263682
5972,7.365384615384615,0.04375224839400428,0.015660557,0.261626
5973,7.36923076923077,0.04393790149892934,0.015693666,0.263168
5974,7.373076923076924,0.04387601713062098,0.015693666,0.261112
5975,7.376923076923079,0.043690364025695934,0.015561229999999999,0.263168
5976,7.38076923076923,0.04362847965738758,0.015461902999999999,0.261626
5977,7.384615384615385,0.043814132762312635,0.015594338999999997,0.262654
5978,7.38846153846154,0.04393790149892934,0.015759884,0.261626
5979,7.3923076923076945,0.04362847965738758,0.015726775,0.263168
5980,7.396153846153846,0.043566595289079225,0.015627448,0.26214000000000004
5981,7.4,0.043690364025695934,0.015660557,0.261626
5982,7.403846153846155,0.04393790149892934,0.015660557,0.263168
5983,7.40769230769231,0.04362847965738758,0.015594338999999997,0.26214000000000004
5984,7.411538461538461,0.04350471092077088,0.015594338999999997,0.263682
5985,7.415384615384616,0.043690364025695934,0.015660557,0.261112
5986,7.41923076923077,0.043814132762312635,0.015660557,0.262654
5987,7.423076923076925,0.04375224839400428,0.015660557,0.261112
5988,7.426923076923076,0.04350471092077088,0.015693666,0.263682
5989,7.430769230769231,0.04362847965738758,0.015792992999999998,0.261626
5990,7.434615384615386,0.043814132762312635,0.015759884,0.263682
5991,7.4384615384615405,0.04375224839400428,0.015792992999999998,0.26214000000000004
5992,7.442307692307692,0.043442826552462524,0.015859210999999998,0.264196
5993,7.446153846153846,0.04350471092077088,0.015826101999999998,0.26214000000000004
5994,7.450000000000001,0.04375224839400428,0.015726775,0.262654
5995,7.453846153846156,0.043814132762312635,0.015660557,0.263168
5996,7.457692307692307,0.04350471092077088,0.015660557,0.263168
5997,7.461538461538462,0.04338094218415418,0.015528120999999999,0.263682
5998,7.465384615384616,0.043566595289079225,0.015395684999999997,0.26214000000000004
5999,7.469230769230771,0.043690364025695934,0.015528120999999999,0.262654
6000,7.473076923076922,0.043690364025695934,0.015627448,0.261626
6001,7.476923076923077,0.043442826552462524,0.015627448,0.263682
6002,7.480769230769232,0.043442826552462524,0.015594338999999997,0.261626
6003,7.4846153846153864,0.04362847965738758,0.015693666,0.263168
6004,7.488461538461538,0.04375224839400428,0.015859210999999998,0.261626
6005,7.492307692307692,0.04338094218415418,0.015826101999999998,0.263682
6006,7.496153846153847,0.04331905781584582,0.015759884,0.26214000000000004
6007,7.500000000000002,0.043442826552462524,0.015693666,0.26214000000000004
6008,7.503846153846153,0.043690364025695934,0.015693666,0.263168
6009,7.507692307692308,0.043442826552462524,0.015660557,0.26214000000000004
6010,7.511538461538462,0.043257173447537475,0.015627448,0.263168
6011,7.515384615384617,0.043442826552462524,0.015627448,0.261626
6012,7.519230769230768,0.04362847965738758,0.015561229999999999,0.262654
6013,7.523076923076923,0.04350471092077088,0.015528120999999999,0.261112
6014,7.526923076923078,0.04331905781584582,0.015528120999999999,0.263682
6015,7.530769230769232,0.04338094218415418,0.015627448,0.261626
6016,7.534615384615387,0.043566595289079225,0.015528120999999999,0.264196
6017,7.538461538461538,0.043566595289079225,0.015461902999999999,0.261626
6018,7.542307692307693,0.043257173447537475,0.015528120999999999,0.264196
6019,7.546153846153848,0.043257173447537475,0.015461902999999999,0.261626
6020,7.5500000000000025,0.04338094218415418,0.015428793999999997,0.262654
6021,7.553846153846154,0.043566595289079225,0.015395684999999997,0.262654
6022,7.557692307692308,0.04331905781584582,0.015495011999999997,0.262654
6023,7.561538461538463,0.04313340471092077,0.015461902999999999,0.263682
6024,7.565384615384618,0.043257173447537475,0.015495011999999997,0.261626
6025,7.569230769230769,0.043566595289079225,0.015627448,0.262654
6026,7.573076923076924,0.043442826552462524,0.015693666,0.261626
6027,7.576923076923078,0.04331905781584582,0.015660557,0.263682
6028,7.580769230769233,0.04313340471092077,0.015528120999999999,0.261112
6029,7.584615384615384,0.04331905781584582,0.015461902999999999,0.263168
6030,7.588461538461539,0.04350471092077088,0.015495011999999997,0.261626
6031,7.592307692307694,0.04319528907922912,0.015428793999999997,0.263682
6032,7.5961538461538485,0.04313340471092077,0.015362576,0.261626
6033,7.6,0.043257173447537475,0.015428793999999997,0.262654
6034,7.603846153846154,0.04350471092077088,0.015528120999999999,0.262654
6035,7.607692307692309,0.04331905781584582,0.015461902999999999,0.262654
6036,7.611538461538464,0.04307152034261242,0.015461902999999999,0.263682
6037,7.615384615384615,0.04319528907922912,0.015528120999999999,0.26214000000000004
6038,7.61923076923077,0.04338094218415418,0.015461902999999999,0.262654
6039,7.623076923076924,0.04338094218415418,0.015428793999999997,0.261112
6040,7.626923076923079,0.04313340471092077,0.015395684999999997,0.263682
6041,7.63076923076923,0.04307152034261242,0.015428793999999997,0.261112
6042,7.634615384615385,0.04338094218415418,0.015395684999999997,0.263682
6043,7.63846153846154,0.04331905781584582,0.015329466999999998,0.261626
6044,7.6423076923076945,0.043009635974304065,0.015428793999999997,0.264196
6045,7.646153846153846,0.043009635974304065,0.015495011999999997,0.261626
6046,7.65,0.04319528907922912,0.015561229999999999,0.263168
6047,7.653846153846155,0.04338094218415418,0.015561229999999999,0.263168
6048,7.65769230769231,0.04313340471092077,0.015627448,0.263168
6049,7.661538461538461,0.04294775160599572,0.015561229999999999,0.263168
6050,7.665384615384616,0.04307152034261242,0.015495011999999997,0.261626
6051,7.66923076923077,0.04338094218415418,0.015495011999999997,0.262654
6052,7.673076923076925,0.04331905781584582,0.015528120999999999,0.261626
6053,7.676923076923076,0.04319528907922912,0.015627448,0.263682
6054,7.680769230769231,0.04294775160599572,0.015561229999999999,0.261112
6055,7.684615384615386,0.04307152034261242,0.015627448,0.263168
6056,7.6884615384615405,0.04331905781584582,0.015826101999999998,0.26214000000000004
6057,7.692307692307692,0.04313340471092077,0.015892319999999998,0.264196
6058,7.696153846153846,0.042885867237687364,0.015958537999999998,0.26214000000000004
6059,7.700000000000001,0.04294775160599572,0.015991646999999998,0.262654
6060,7.703846153846156,0.04313340471092077,0.016024755999999998,0.263168
6061,7.707692307692307,0.04319528907922912,0.015958537999999998,0.262654
6062,7.711538461538462,0.04294775160599572,0.015892319999999998,0.263682
6063,7.715384615384616,0.042885867237687364,0.015958537999999998,0.261626
6064,7.719230769230771,0.043257173447537475,0.015991646999999998,0.263168
6065,7.723076923076922,0.04319528907922912,0.015925428999999998,0.261112
6066,7.726923076923077,0.042885867237687364,0.015826101999999998,0.264196
6067,7.730769230769232,0.04282398286937901,0.015859210999999998,0.261112
6068,7.7346153846153864,0.043009635974304065,0.015892319999999998,0.264196
6069,7.738461538461538,0.04319528907922912,0.015826101999999998,0.261626
6070,7.742307692307692,0.04282398286937901,0.015826101999999998,0.264196
6071,7.746153846153847,0.04282398286937901,0.015826101999999998,0.261626
6072,7.750000000000002,0.042885867237687364,0.015792992999999998,0.263168
6073,7.753846153846153,0.04307152034261242,0.015693666,0.262654
6074,7.757692307692308,0.04294775160599572,0.015759884,0.263682
6075,7.761538461538462,0.04282398286937901,0.015792992999999998,0.263682
6076,7.765384615384617,0.04282398286937901,0.015792992999999998,0.26214000000000004
6077,7.769230769230768,0.04319528907922912,0.015792992999999998,0.262654
6078,7.773076923076923,0.04313340471092077,0.015826101999999998,0.26214000000000004
6079,7.776923076923078,0.04294775160599572,0.015792992999999998,0.264196
6080,7.780769230769232,0.04276209850107066,0.015726775,0.261626
6081,7.784615384615387,0.04282398286937901,0.015759884,0.263682
6082,7.788461538461538,0.04307152034261242,0.015892319999999998,0.26214000000000004
6083,7.792307692307693,0.04282398286937901,0.015792992999999998,0.264196
6084,7.796153846153848,0.04270021413276231,0.015660557,0.261626
6085,7.8000000000000025,0.04276209850107066,0.015627448,0.263168
6086,7.803846153846154,0.04294775160599572,0.015693666,0.262654
6087,7.807692307692308,0.043009635974304065,0.015759884,0.263168
6088,7.811538461538463,0.04276209850107066,0.015859210999999998,0.263168
6089,7.815384615384618,0.04276209850107066,0.016024755999999998,0.262654
6090,7.819230769230769,0.04294775160599572,0.016124082999999997,0.26214000000000004
6091,7.823076923076924,0.04294775160599572,0.016090973999999997,0.261626
6092,7.826923076923078,0.04276209850107066,0.016090973999999997,0.264196
6093,7.830769230769233,0.04263832976445396,0.016256518999999997,0.261626
6094,7.834615384615384,0.04282398286937901,0.016355845999999997,0.264196
6095,7.838461538461539,0.043009635974304065,0.016355845999999997,0.261626
6096,7.842307692307694,0.04257644539614561,0.016422064,0.264196
6097,7.8461538461538485,0.04276209850107066,0.016388954999999997,0.261626
6098,7.85,0.042885867237687364,0.016322737,0.264196
6099,7.853846153846154,0.04294775160599572,0.016322737,0.26214000000000004
6100,7.857692307692309,0.04276209850107066,0.016455172999999997,0.264196
6101,7.861538461538464,0.04257644539614561,0.016554499999999996,0.263168
6102,7.865384615384615,0.04270021413276231,0.016653827,0.263682
6103,7.86923076923077,0.04282398286937901,0.016786263,0.262654
6104,7.873076923076924,0.04282398286937901,0.016819371999999996,0.263168
6105,7.876923076923079,0.04263832976445396,0.016720044999999996,0.263682
6106,7.88076923076923,0.04257644539614561,0.016620717999999996,0.262654
6107,7.884615384615385,0.04263832976445396,0.016653827,0.264196
6108,7.88846153846154,0.042885867237687364,0.016786263,0.261626
6109,7.8923076923076945,0.04263832976445396,0.016819371999999996,0.264196
6110,7.896153846153846,0.04257644539614561,0.01688559,0.26214000000000004
6111,7.9,0.04263832976445396,0.016984917,0.264196
6112,7.903846153846155,0.04276209850107066,0.017051135,0.262654
6113,7.90769230769231,0.04282398286937901,0.017051135,0.263682
6114,7.911538461538461,0.04251456102783726,0.016918699,0.263168
6115,7.915384615384616,0.042452676659528905,0.016951808,0.263168
6116,7.91923076923077,0.04282398286937901,0.017084244,0.26214000000000004
6117,7.923076923076925,0.04282398286937901,0.017150461999999998,0.26214000000000004
6118,7.926923076923076,0.04263832976445396,0.017249788999999998,0.264196
6119,7.930769230769231,0.042452676659528905,0.017514660999999997,0.26214000000000004
6120,7.934615384615386,0.04257644539614561,0.017680205999999997,0.26471
6121,7.9384615384615405,0.04282398286937901,0.017680205999999997,0.26214000000000004
6122,7.942307692307692,0.042452676659528905,0.017779532999999997,0.264196
6123,7.946153846153846,0.042452676659528905,0.017812642,0.26214000000000004
6124,7.950000000000001,0.04257644539614561,0.017845751,0.26471
6125,7.953846153846156,0.04276209850107066,0.017812642,0.262654
6126,7.957692307692307,0.04257644539614561,0.017779532999999997,0.26471
6127,7.961538461538462,0.042328907922912204,0.017647097,0.263168
6128,7.965384615384616,0.04239079229122055,0.017547769999999997,0.264196
6129,7.969230769230771,0.04257644539614561,0.017613987999999997,0.262654
6130,7.973076923076922,0.04251456102783726,0.017713314999999997,0.264196
6131,7.976923076923077,0.04251456102783726,0.017812642,0.264196
6132,7.980769230769232,0.04239079229122055,0.017845751,0.262654
6133,7.9846153846153864,0.04251456102783726,0.017812642,0.26471
6134,7.988461538461538,0.04270021413276231,0.017878859999999996,0.262654
6135,7.992307692307692,0.04226702355460385,0.017746424,0.263682
6136,7.996153846153847,0.04226702355460385,0.017547769999999997,0.262654
6137,8.000000000000002,0.04239079229122055,0.017448442999999998,0.264196
6138,8.003846153846153,0.04257644539614561,0.017481551999999997,0.26214000000000004
6139,8.007692307692308,0.04251456102783726,0.017448442999999998,0.264196
6140,8.011538461538462,0.04226702355460385,0.017415333999999998,0.262654
6141,8.015384615384617,0.04226702355460385,0.017349115999999998,0.263682
6142,8.019230769230768,0.04257644539614561,0.017282897999999998,0.26214000000000004
6143,8.023076923076923,0.04251456102783726,0.017150461999999998,0.263168
6144,8.026923076923078,0.04226702355460385,0.017117353,0.263682
6145,8.030769230769232,0.0422051391862955,0.017117353,0.263168
6146,8.034615384615387,0.04251456102783726,0.017183570999999998,0.263682
6147,8.038461538461538,0.04251456102783726,0.017117353,0.26214000000000004
6148,8.042307692307693,0.0422051391862955,0.017117353,0.263682
6149,8.046153846153848,0.04226702355460385,0.017084244,0.262654
6150,8.050000000000002,0.04239079229122055,0.017018026,0.264196
6151,8.053846153846154,0.04251456102783726,0.016984917,0.261626
6152,8.057692307692308,0.042328907922912204,0.016918699,0.264196
6153,8.061538461538463,0.04214325481798715,0.016819371999999996,0.26214000000000004
6154,8.065384615384618,0.04226702355460385,0.016686936,0.264196
6155,8.069230769230769,0.042452676659528905,0.016653827,0.26214000000000004
6156,8.073076923076924,0.042452676659528905,0.016686936,0.263682
6157,8.076923076923078,0.04226702355460385,0.016753154,0.263682
6158,8.080769230769233,0.04214325481798715,0.016753154,0.263168
6159,8.084615384615384,0.0422051391862955,0.016720044999999996,0.264196
6160,8.088461538461539,0.042452676659528905,0.016819371999999996,0.262654
6161,8.092307692307694,0.04226702355460385,0.016852481,0.263682
6162,8.096153846153848,0.042081370449678794,0.016753154,0.262654
6163,8.1,0.04214325481798715,0.016653827,0.264196
6164,8.103846153846154,0.042328907922912204,0.016620717999999996,0.26214000000000004
6165,8.107692307692309,0.042452676659528905,0.016620717999999996,0.264196
6166,8.111538461538464,0.0422051391862955,0.016620717999999996,0.26214000000000004
6167,8.115384615384615,0.042081370449678794,0.016653827,0.263682
6168,8.11923076923077,0.042452676659528905,0.016753154,0.26214000000000004
6169,8.123076923076924,0.042452676659528905,0.016653827,0.263168
6170,8.12692307692308,0.0422051391862955,0.016587609,0.263168
6171,8.13076923076923,0.04201948608137045,0.016554499999999996,0.262654
6172,8.134615384615385,0.04214325481798715,0.016620717999999996,0.264196
6173,8.13846153846154,0.04239079229122055,0.016620717999999996,0.26214000000000004
6174,8.142307692307694,0.042081370449678794,0.016587609,0.263682
6175,8.146153846153846,0.04201948608137045,0.016587609,0.26214000000000004
6176,8.15,0.042081370449678794,0.016653827,0.264196
6177,8.153846153846155,0.04226702355460385,0.016620717999999996,0.26214000000000004
6178,8.15769230769231,0.04214325481798715,0.016488282,0.264196
6179,8.161538461538461,0.04195760171306209,0.016322737,0.26214000000000004
6180,8.165384615384616,0.04195760171306209,0.01622341,0.264196
6181,8.16923076923077,0.042328907922912204,0.016124082999999997,0.26214000000000004
6182,8.173076923076925,0.04226702355460385,0.016190300999999997,0.263168
6183,8.176923076923076,0.0422051391862955,0.016355845999999997,0.263168
6184,8.180769230769231,0.041895717344753745,0.016422064,0.262654
6185,8.184615384615386,0.04201948608137045,0.016355845999999997,0.264196
6186,8.18846153846154,0.04226702355460385,0.016322737,0.26214000000000004
6187,8.192307692307692,0.0422051391862955,0.016322737,0.264196
6188,8.196153846153846,0.041895717344753745,0.016289627999999997,0.261626
6189,8.200000000000001,0.041895717344753745,0.016190300999999997,0.264196
6190,8.203846153846156,0.04214325481798715,0.016256518999999997,0.26214000000000004
6191,8.207692307692307,0.04226702355460385,0.016355845999999997,0.264196
6192,8.211538461538462,0.042081370449678794,0.016256518999999997,0.26214000000000004
6193,8.215384615384616,0.04183383297644539,0.016090973999999997,0.263682
6194,8.219230769230771,0.0422051391862955,0.016057864999999998,0.261626
6195,8.223076923076922,0.0422051391862955,0.016024755999999998,0.262654
6196,8.226923076923077,0.0422051391862955,0.015958537999999998,0.263168
6197,8.230769230769232,0.04183383297644539,0.015892319999999998,0.26214000000000004
6198,8.234615384615386,0.04195760171306209,0.015892319999999998,0.263682
6199,8.238461538461538,0.0422051391862955,0.015859210999999998,0.261626
6200,8.242307692307692,0.04195760171306209,0.015759884,0.263682
6201,8.246153846153847,0.041771948608137044,0.015792992999999998,0.261626
6202,8.250000000000002,0.041895717344753745,0.015859210999999998,0.264196
6203,8.253846153846153,0.042081370449678794,0.015826101999999998,0.261626
6204,8.257692307692308,0.042081370449678794,0.015660557,0.264196
6205,8.261538461538462,0.041895717344753745,0.015594338999999997,0.261626
6206,8.265384615384617,0.041771948608137044,0.015594338999999997,0.264196
6207,8.269230769230768,0.04214325481798715,0.015528120999999999,0.261626
6208,8.273076923076923,0.04214325481798715,0.015528120999999999,0.262654
6209,8.276923076923078,0.04195760171306209,0.015561229999999999,0.262654
6210,8.280769230769232,0.041771948608137044,0.015594338999999997,0.263168
6211,8.284615384615387,0.041771948608137044,0.015561229999999999,0.263682
6212,8.288461538461538,0.04201948608137045,0.015594338999999997,0.26214000000000004
6213,8.292307692307693,0.04201948608137045,0.015627448,0.263168
6214,8.296153846153848,0.04171006423982869,0.015528120999999999,0.261626
6215,8.300000000000002,0.04171006423982869,0.015495011999999997,0.264196
6216,8.303846153846154,0.041895717344753745,0.015528120999999999,0.261626
6217,8.307692307692308,0.042081370449678794,0.015627448,0.264196
6218,8.311538461538463,0.04183383297644539,0.015627448,0.261626
6219,8.315384615384618,0.041648179871520336,0.015495011999999997,0.263682
6220,8.319230769230769,0.04195760171306209,0.015528120999999999,0.261626
6221,8.323076923076924,0.04201948608137045,0.015461902999999999,0.262654
6222,8.326923076923078,0.04195760171306209,0.015461902999999999,0.262654
6223,8.330769230769233,0.041648179871520336,0.015428793999999997,0.262654
6224,8.334615384615384,0.04171006423982869,0.015495011999999997,0.263168
6225,8.338461538461539,0.04195760171306209,0.015461902999999999,0.26214000000000004
6226,8.342307692307694,0.04171006423982869,0.015362576,0.26214000000000004
6227,8.346153846153848,0.04158629550321199,0.015395684999999997,0.261626
6228,8.35,0.04158629550321199,0.015495011999999997,0.264196
6229,8.353846153846154,0.041895717344753745,0.015461902999999999,0.261112
6230,8.357692307692309,0.04183383297644539,0.015362576,0.263682
6231,8.361538461538464,0.04171006423982869,0.015395684999999997,0.261626
6232,8.365384615384615,0.04158629550321199,0.015461902999999999,0.264196
6233,8.36923076923077,0.04195760171306209,0.015362576,0.261626
6234,8.373076923076924,0.041895717344753745,0.015362576,0.263168
6235,8.37692307692308,0.041895717344753745,0.015362576,0.263168
6236,8.38076923076923,0.04158629550321199,0.015428793999999997,0.262654
6237,8.384615384615385,0.041524411134903634,0.015329466999999998,0.263682
6238,8.38846153846154,0.041771948608137044,0.015230139999999998,0.26214000000000004
6239,8.392307692307694,0.04183383297644539,0.015296357999999998,0.263168
6240,8.396153846153846,0.04158629550321199,0.015263249,0.26214000000000004
6241,8.4,0.041524411134903634,0.015230139999999998,0.263682
6242,8.403846153846155,0.04171006423982869,0.015329466999999998,0.261626
6243,8.40769230769231,0.041895717344753745,0.015428793999999997,0.264196
6244,8.411538461538461,0.041771948608137044,0.015461902999999999,0.261626
6245,8.415384615384616,0.041524411134903634,0.015329466999999998,0.263682
6246,8.41923076923077,0.041771948608137044,0.015329466999999998,0.261626
6247,8.423076923076925,0.041771948608137044,0.015263249,0.262654
6248,8.426923076923076,0.04183383297644539,0.015197031,0.262654
6249,8.430769230769231,0.041524411134903634,0.015130812999999998,0.262654
6250,8.434615384615386,0.041524411134903634,0.015197031,0.263168
6251,8.43846153846154,0.04171006423982869,0.015296357999999998,0.26214000000000004
6252,8.442307692307692,0.041771948608137044,0.015329466999999998,0.263168
6253,8.446153846153846,0.04146252676659529,0.015362576,0.261626
6254,8.450000000000001,0.04146252676659529,0.015495011999999997,0.263682
6255,8.453846153846156,0.041648179871520336,0.015461902999999999,0.261112
6256,8.457692307692307,0.041771948608137044,0.015395684999999997,0.264196
6257,8.461538461538462,0.04158629550321199,0.015461902999999999,0.261626
6258,8.465384615384616,0.04140064239828693,0.015561229999999999,0.264196
6259,8.469230769230771,0.04171006423982869,0.015561229999999999,0.261626
6260,8.473076923076922,0.04171006423982869,0.015528120999999999,0.262654
6261,8.476923076923077,0.04171006423982869,0.015461902999999999,0.262654
6262,8.480769230769232,0.041338758029978585,0.015428793999999997,0.263682
6263,8.484615384615386,0.041338758029978585,0.015263249,0.262654
6264,8.488461538461538,0.04158629550321199,0.015197031,0.262654
6265,8.492307692307692,0.04171006423982869,0.015230139999999998,0.262654
6266,8.496153846153847,0.041338758029978585,0.015263249,0.262654
6267,8.500000000000002,0.04127687366167024,0.015263249,0.264196
6268,8.503846153846153,0.04140064239828693,0.015263249,0.261626
6269,8.507692307692308,0.04171006423982869,0.015362576,0.264196
6270,8.511538461538462,0.04158629550321199,0.015362576,0.261626
6271,8.515384615384617,0.04127687366167024,0.015329466999999998,0.264196
6272,8.519230769230768,0.041648179871520336,0.015362576,0.26214000000000004
6273,8.523076923076923,0.041648179871520336,0.015263249,0.263682
6274,8.526923076923078,0.041524411134903634,0.015163921999999998,0.261626
6275,8.530769230769232,0.04127687366167024,0.015097704,0.263168
6276,8.534615384615387,0.04127687366167024,0.015130812999999998,0.262654
6277,8.538461538461538,0.041524411134903634,0.015230139999999998,0.262654
6278,8.542307692307693,0.04146252676659529,0.015230139999999998,0.26214000000000004
6279,8.546153846153848,0.041214989293361884,0.015329466999999998,0.262654
6280,8.550000000000002,0.041214989293361884,0.015395684999999997,0.263168
6281,8.553846153846154,0.04140064239828693,0.015329466999999998,0.261626
6282,8.557692307692308,0.04146252676659529,0.015130812999999998,0.263682
6283,8.561538461538463,0.041338758029978585,0.015031485999999998,0.261626
6284,8.565384615384618,0.041214989293361884,0.015097704,0.264196
6285,8.569230769230769,0.04158629550321199,0.015130812999999998,0.262654
6286,8.573076923076924,0.041524411134903634,0.015230139999999998,0.263682
6287,8.576923076923078,0.04140064239828693,0.015296357999999998,0.26214000000000004
6288,8.580769230769233,0.04115310492505354,0.015329466999999998,0.263682
6289,8.584615384615384,0.041214989293361884,0.015197031,0.26214000000000004
6290,8.588461538461539,0.04146252676659529,0.015097704,0.263168
6291,8.592307692307694,0.041338758029978585,0.015197031,0.261626
6292,8.596153846153848,0.04115310492505354,0.015230139999999998,0.263682
6293,8.6,0.04115310492505354,0.015263249,0.263168
6294,8.603846153846154,0.04127687366167024,0.015263249,0.26214000000000004
6295,8.607692307692309,0.041524411134903634,0.015296357999999998,0.263682
6296,8.611538461538464,0.04146252676659529,0.015263249,0.261626
6297,8.615384615384615,0.04109122055674518,0.015163921999999998,0.263682
6298,8.61923076923077,0.04146252676659529,0.015230139999999998,0.263682
6299,8.623076923076924,0.04146252676659529,0.015197031,0.264196
6300,8.62692307692308,0.04146252676659529,0.015163921999999998,0.261626
6301,8.63076923076923,0.04115310492505354,0.015097704,0.263682
6302,8.634615384615385,0.04109122055674518,0.015130812999999998,0.262654
6303,8.63846153846154,0.041338758029978585,0.015163921999999998,0.263168
6304,8.642307692307694,0.041214989293361884,0.015064594999999998,0.261626
6305,8.646153846153846,0.04109122055674518,0.015163921999999998,0.263682
6306,8.65,0.04115310492505354,0.015230139999999998,0.26214000000000004
6307,8.653846153846155,0.04127687366167024,0.015230139999999998,0.26214000000000004
6308,8.65769230769231,0.04140064239828693,0.015197031,0.263682
6309,8.661538461538461,0.041214989293361884,0.015230139999999998,0.26214000000000004
6310,8.665384615384616,0.04102933618843683,0.015329466999999998,0.264196
6311,8.66923076923077,0.041338758029978585,0.015263249,0.263168
6312,8.673076923076925,0.041338758029978585,0.015230139999999998,0.263682
6313,8.676923076923076,0.04127687366167024,0.015197031,0.26214000000000004
6314,8.680769230769231,0.04096745182012848,0.015197031,0.264196
6315,8.684615384615386,0.04102933618843683,0.015163921999999998,0.26214000000000004
6316,8.68846153846154,0.04127687366167024,0.015197031,0.263682
6317,8.692307692307692,0.04115310492505354,0.015296357999999998,0.261626
6318,8.696153846153846,0.04090556745182013,0.015263249,0.264196
6319,8.700000000000001,0.04102933618843683,0.015230139999999998,0.262654
6320,8.703846153846156,0.04115310492505354,0.015329466999999998,0.262654
6321,8.707692307692307,0.041338758029978585,0.015461902999999999,0.262654
6322,8.711538461538462,0.04109122055674518,0.015528120999999999,0.263168
6323,8.715384615384616,0.04090556745182013,0.015627448,0.263682
6324,8.719230769230771,0.04127687366167024,0.015826101999999998,0.264196
6325,8.723076923076922,0.04127687366167024,0.015792992999999998,0.263682
6326,8.726923076923077,0.04109122055674518,0.015792992999999998,0.261626
6327,8.730769230769232,0.04090556745182013,0.015792992999999998,0.264196
6328,8.734615384615386,0.04102933618843683,0.015859210999999998,0.261626
6329,8.738461538461538,0.04127687366167024,0.015892319999999998,0.264196
6330,8.742307692307692,0.04090556745182013,0.015826101999999998,0.26214000000000004
6331,8.746153846153847,0.04096745182012848,0.015826101999999998,0.263682
6332,8.750000000000002,0.04096745182012848,0.015792992999999998,0.261626
6333,8.753846153846153,0.04115310492505354,0.015693666,0.263168
6334,8.757692307692308,0.04109122055674518,0.015594338999999997,0.26214000000000004
6335,8.761538461538462,0.04090556745182013,0.015627448,0.263168
6336,8.765384615384617,0.04090556745182013,0.015693666,0.262654
6337,8.769230769230772,0.04115310492505354,0.015627448,0.264196
6338,8.773076923076923,0.04109122055674518,0.015660557,0.263168
6339,8.776923076923078,0.04096745182012848,0.015792992999999998,0.26214000000000004
6340,8.780769230769232,0.040781798715203425,0.015859210999999998,0.264196
6341,8.784615384615387,0.04090556745182013,0.015792992999999998,0.261626
6342,8.788461538461538,0.04115310492505354,0.015792992999999998,0.264196
6343,8.792307692307693,0.04096745182012848,0.015826101999999998,0.26214000000000004
6344,8.796153846153848,0.040781798715203425,0.015792992999999998,0.264196
6345,8.800000000000002,0.040781798715203425,0.015726775,0.26214000000000004
6346,8.803846153846154,0.04109122055674518,0.015693666,0.263682
6347,8.807692307692308,0.04115310492505354,0.015660557,0.26214000000000004
6348,8.811538461538463,0.04090556745182013,0.015561229999999999,0.263168
6349,8.815384615384618,0.04071991434689508,0.015461902999999999,0.263168
6350,8.819230769230769,0.04115310492505354,0.015627448,0.26471
6351,8.823076923076924,0.04115310492505354,0.015627448,0.263682
6352,8.826923076923078,0.04102933618843683,0.015627448,0.261626
6353,8.830769230769233,0.04071991434689508,0.015627448,0.264196
6354,8.834615384615384,0.04090556745182013,0.015759884,0.26214000000000004
6355,8.838461538461539,0.04102933618843683,0.015759884,0.264196
6356,8.842307692307694,0.04071991434689508,0.015660557,0.26214000000000004
6357,8.846153846153848,0.04071991434689508,0.015627448,0.264196
6358,8.85,0.04084368308351178,0.015627448,0.261626
6359,8.853846153846154,0.04102933618843683,0.015594338999999997,0.263682
6360,8.857692307692309,0.04096745182012848,0.015528120999999999,0.26214000000000004
6361,8.861538461538464,0.040658029978586724,0.015561229999999999,0.263168
6362,8.865384615384615,0.04071991434689508,0.015561229999999999,0.26214000000000004
6363,8.86923076923077,0.04102933618843683,0.015495011999999997,0.264196
6364,8.873076923076924,0.04096745182012848,0.015495011999999997,0.263168
6365,8.87692307692308,0.04084368308351178,0.015561229999999999,0.26214000000000004
6366,8.88076923076923,0.040658029978586724,0.015627448,0.263682
6367,8.884615384615385,0.040658029978586724,0.015528120999999999,0.26214000000000004
6368,8.88846153846154,0.04096745182012848,0.015528120999999999,0.264196
6369,8.892307692307694,0.04071991434689508,0.015561229999999999,0.262654
6370,8.896153846153846,0.04059614561027837,0.015561229999999999,0.264196
6371,8.9,0.04059614561027837,0.015528120999999999,0.26214000000000004
6372,8.903846153846155,0.04071991434689508,0.015495011999999997,0.263168
6373,8.90769230769231,0.04102933618843683,0.015594338999999997,0.26214000000000004
6374,8.911538461538461,0.040781798715203425,0.015627448,0.263682
6375,8.915384615384616,0.04059614561027837,0.015660557,0.263168
6376,8.91923076923077,0.04096745182012848,0.015759884,0.264196
6377,8.923076923076925,0.04090556745182013,0.015660557,0.263168
6378,8.926923076923076,0.04084368308351178,0.015528120999999999,0.26214000000000004
6379,8.930769230769231,0.04053426124197002,0.015461902999999999,0.264196
6380,8.934615384615386,0.04053426124197002,0.015495011999999997,0.261626
6381,8.93846153846154,0.04084368308351178,0.015561229999999999,0.264196
6382,8.942307692307692,0.04071991434689508,0.015528120999999999,0.262654
6383,8.946153846153846,0.04053426124197002,0.015528120999999999,0.264196
6384,8.950000000000001,0.04047237687366167,0.015594338999999997,0.26214000000000004
6385,8.953846153846156,0.04071991434689508,0.015594338999999997,0.263682
6386,8.957692307692307,0.04084368308351178,0.015594338999999997,0.262654
6387,8.961538461538462,0.040658029978586724,0.015660557,0.262654
6388,8.965384615384616,0.04047237687366167,0.015792992999999998,0.263682
6389,8.969230769230771,0.04071991434689508,0.015759884,0.263168
6390,8.973076923076922,0.040781798715203425,0.015726775,0.264196
6391,8.976923076923077,0.04084368308351178,0.015726775,0.26214000000000004
6392,8.980769230769232,0.04047237687366167,0.015792992999999998,0.264196
6393,8.984615384615386,0.04041049250535332,0.015726775,0.261626
6394,8.988461538461538,0.040658029978586724,0.015726775,0.264196
6395,8.992307692307692,0.040781798715203425,0.015859210999999998,0.262654
6396,8.996153846153847,0.040658029978586724,0.015925428999999998,0.264196
6397,9.000000000000002,0.04053426124197002,0.015859210999999998,0.263168
6398,9.003846153846153,0.04041049250535332,0.015693666,0.263168
6399,9.007692307692308,0.04071991434689508,0.015627448,0.263168
6400,9.011538461538462,0.04071991434689508,0.015594338999999997,0.262654
6401,9.015384615384617,0.04053426124197002,0.015461902999999999,0.263682
6402,9.019230769230772,0.04059614561027837,0.015461902999999999,0.263682
6403,9.023076923076923,0.04059614561027837,0.015495011999999997,0.264196
6404,9.026923076923078,0.04071991434689508,0.015627448,0.26214000000000004
6405,9.030769230769232,0.04053426124197002,0.015627448,0.26471
6406,9.034615384615387,0.04034860813704497,0.015594338999999997,0.26214000000000004
6407,9.038461538461538,0.04041049250535332,0.015627448,0.263682
6408,9.042307692307693,0.04071991434689508,0.015594338999999997,0.26214000000000004
6409,9.046153846153848,0.04059614561027837,0.015594338999999997,0.263168
6410,9.050000000000002,0.04028672376873661,0.015627448,0.263168
6411,9.053846153846154,0.04034860813704497,0.015627448,0.26214000000000004
6412,9.057692307692308,0.04059614561027837,0.015594338999999997,0.263168
6413,9.061538461538463,0.040658029978586724,0.015561229999999999,0.261626
6414,9.065384615384618,0.04041049250535332,0.015528120999999999,0.263682
6415,9.069230769230769,0.04034860813704497,0.015461902999999999,0.262654
6416,9.073076923076924,0.04041049250535332,0.015461902999999999,0.264196
6417,9.076923076923078,0.04059614561027837,0.015395684999999997,0.26214000000000004
6418,9.080769230769233,0.04047237687366167,0.015461902999999999,0.264196
6419,9.084615384615384,0.04028672376873661,0.015495011999999997,0.26214000000000004
6420,9.088461538461539,0.04028672376873661,0.015528120999999999,0.263682
6421,9.092307692307694,0.04059614561027837,0.015627448,0.262654
6422,9.096153846153848,0.04059614561027837,0.015759884,0.263682
6423,9.1,0.04047237687366167,0.015693666,0.263682
6424,9.103846153846154,0.040224839400428265,0.015561229999999999,0.26214000000000004
6425,9.107692307692309,0.04034860813704497,0.015461902999999999,0.263682
6426,9.111538461538464,0.04059614561027837,0.015528120999999999,0.26214000000000004
6427,9.115384615384615,0.04059614561027837,0.015528120999999999,0.264196
6428,9.11923076923077,0.04016295503211991,0.015428793999999997,0.26214000000000004
6429,9.123076923076924,0.040224839400428265,0.015395684999999997,0.263682
6430,9.12692307692308,0.04041049250535332,0.015395684999999997,0.26214000000000004
6431,9.13076923076923,0.04053426124197002,0.015362576,0.264196
6432,9.134615384615385,0.04028672376873661,0.015329466999999998,0.26214000000000004
6433,9.13846153846154,0.04016295503211991,0.015395684999999997,0.263682
6434,9.142307692307694,0.04053426124197002,0.015461902999999999,0.261626
6435,9.146153846153846,0.04047237687366167,0.015395684999999997,0.262654
6436,9.15,0.04028672376873661,0.015362576,0.263682
6437,9.153846153846155,0.040101070663811564,0.015395684999999997,0.26214000000000004
6438,9.15769230769231,0.04041049250535332,0.015329466999999998,0.263682
6439,9.161538461538461,0.04047237687366167,0.015230139999999998,0.261626
6440,9.165384615384616,0.04028672376873661,0.015230139999999998,0.263682
6441,9.16923076923077,0.040224839400428265,0.015296357999999998,0.263168
6442,9.173076923076925,0.040224839400428265,0.015296357999999998,0.264196
6443,9.176923076923076,0.04041049250535332,0.015329466999999998,0.261626
6444,9.180769230769231,0.04041049250535332,0.015428793999999997,0.264196
6445,9.184615384615386,0.040224839400428265,0.015495011999999997,0.26214000000000004
6446,9.18846153846154,0.040101070663811564,0.015495011999999997,0.264196
6447,9.192307692307692,0.04041049250535332,0.015461902999999999,0.26214000000000004
6448,9.196153846153846,0.04041049250535332,0.015495011999999997,0.263682
6449,9.200000000000001,0.04028672376873661,0.015495011999999997,0.263168
6450,9.203846153846156,0.04003918629550321,0.015395684999999997,0.262654
6451,9.207692307692307,0.040224839400428265,0.015362576,0.263168
6452,9.211538461538462,0.04034860813704497,0.015296357999999998,0.262654
6453,9.215384615384616,0.04034860813704497,0.015263249,0.263682
6454,9.219230769230771,0.04003918629550321,0.015197031,0.263168
6455,9.223076923076922,0.040101070663811564,0.015230139999999998,0.264196
6456,9.226923076923077,0.04028672376873661,0.015362576,0.26214000000000004
6457,9.230769230769232,0.04034860813704497,0.015395684999999997,0.264196
6458,9.234615384615386,0.03997730192719486,0.015428793999999997,0.261626
6459,9.238461538461538,0.03997730192719486,0.015428793999999997,0.264196
6460,9.242307692307692,0.04028672376873661,0.015395684999999997,0.26214000000000004
6461,9.246153846153847,0.04028672376873661,0.015263249,0.263682
6462,9.250000000000002,0.040101070663811564,0.015197031,0.262654
6463,9.253846153846153,0.03997730192719486,0.015230139999999998,0.263168
6464,9.257692307692308,0.040224839400428265,0.015263249,0.262654
6465,9.261538461538462,0.04034860813704497,0.015230139999999998,0.26214000000000004
6466,9.265384615384617,0.040101070663811564,0.015329466999999998,0.263682
6467,9.269230769230772,0.03997730192719486,0.015395684999999997,0.262654
6468,9.273076923076923,0.03997730192719486,0.015461902999999999,0.264196
6469,9.276923076923078,0.04016295503211991,0.015395684999999997,0.26214000000000004
6470,9.280769230769232,0.040224839400428265,0.015395684999999997,0.264196
6471,9.284615384615387,0.04003918629550321,0.015362576,0.26214000000000004
6472,9.288461538461538,0.03991541755888651,0.015263249,0.264196
6473,9.292307692307693,0.04016295503211991,0.015197031,0.26214000000000004
6474,9.296153846153848,0.04028672376873661,0.015230139999999998,0.264196
6475,9.300000000000002,0.04016295503211991,0.015230139999999998,0.263168
6476,9.303846153846154,0.03997730192719486,0.015230139999999998,0.262654
6477,9.307692307692308,0.03997730192719486,0.015197031,0.263168
6478,9.311538461538463,0.040101070663811564,0.015230139999999998,0.262654
6479,9.315384615384618,0.04028672376873661,0.015230139999999998,0.264196
6480,9.319230769230769,0.03991541755888651,0.015163921999999998,0.263168
6481,9.323076923076924,0.03991541755888651,0.015163921999999998,0.264196
6482,9.326923076923078,0.04016295503211991,0.015197031,0.261626
6483,9.330769230769233,0.040224839400428265,0.015130812999999998,0.264196
6484,9.334615384615384,0.04003918629550321,0.014965267999999999,0.261626
6485,9.338461538461539,0.039853533190578154,0.014965267999999999,0.263682
6486,9.342307692307694,0.04016295503211991,0.014998377,0.261626
6487,9.346153846153848,0.040101070663811564,0.014965267999999999,0.263682
6488,9.35,0.03991541755888651,0.015031485999999998,0.26214000000000004
6489,9.353846153846154,0.03979164882226981,0.015097704,0.263168
6490,9.357692307692309,0.04003918629550321,0.015197031,0.262654
6491,9.361538461538464,0.04016295503211991,0.015197031,0.262654
6492,9.365384615384615,0.03997730192719486,0.015230139999999998,0.263682
6493,9.36923076923077,0.03991541755888651,0.015263249,0.264196
6494,9.373076923076924,0.03997730192719486,0.015197031,0.263168
6495,9.37692307692308,0.040101070663811564,0.015097704,0.261626
6496,9.38076923076923,0.040101070663811564,0.015097704,0.264196
6497,9.384615384615385,0.03991541755888651,0.015097704,0.261626
6498,9.38846153846154,0.03972976445396145,0.015031485999999998,0.264196
6499,9.392307692307694,0.04016295503211991,0.015130812999999998,0.26214000000000004
6500,9.396153846153846,0.03997730192719486,0.015230139999999998,0.264196
6501,9.4,0.03991541755888651,0.015263249,0.261626
6502,9.403846153846155,0.03972976445396145,0.015230139999999998,0.263682
6503,9.40769230769231,0.03979164882226981,0.015163921999999998,0.262654
6504,9.411538461538461,0.04003918629550321,0.015163921999999998,0.263168
6505,9.415384615384616,0.03997730192719486,0.015097704,0.262654
6506,9.41923076923077,0.039853533190578154,0.015097704,0.26471
6507,9.423076923076925,0.039853533190578154,0.015064594999999998,0.263168
6508,9.426923076923076,0.03997730192719486,0.015064594999999998,0.26214000000000004
6509,9.430769230769231,0.04003918629550321,0.015064594999999998,0.263682
6510,9.434615384615386,0.03979164882226981,0.015031485999999998,0.261626
6511,9.43846153846154,0.039667880085653105,0.015031485999999998,0.264196
6512,9.442307692307692,0.04003918629550321,0.015097704,0.26214000000000004
6513,9.446153846153846,0.03979164882226981,0.014965267999999999,0.263682
6514,9.450000000000001,0.039667880085653105,0.014965267999999999,0.26214000000000004
6515,9.453846153846156,0.03960599571734475,0.014965267999999999,0.263682
6516,9.457692307692307,0.03991541755888651,0.014965267999999999,0.26214000000000004
6517,9.461538461538462,0.03997730192719486,0.014899049999999999,0.262654
6518,9.465384615384616,0.03979164882226981,0.014932158999999997,0.262654
6519,9.469230769230771,0.03979164882226981,0.015031485999999998,0.264196
6520,9.473076923076922,0.03972976445396145,0.015064594999999998,0.263168
6521,9.476923076923077,0.03991541755888651,0.015064594999999998,0.26214000000000004
6522,9.480769230769232,0.03991541755888651,0.015097704,0.263682
6523,9.484615384615386,0.03972976445396145,0.015064594999999998,0.261626
6524,9.488461538461538,0.03960599571734475,0.015031485999999998,0.26471
6525,9.492307692307692,0.03991541755888651,0.015130812999999998,0.26214000000000004
6526,9.496153846153847,0.03991541755888651,0.015230139999999998,0.263682
6527,9.500000000000002,0.039853533190578154,0.015230139999999998,0.261626
6528,9.503846153846156,0.03960599571734475,0.015197031,0.263682
6529,9.507692307692308,0.03960599571734475,0.015130812999999998,0.26214000000000004
6530,9.511538461538462,0.039853533190578154,0.015130812999999998,0.263682
6531,9.515384615384617,0.039853533190578154,0.015064594999999998,0.262654
6532,9.519230769230772,0.03960599571734475,0.015064594999999998,0.264196
6533,9.523076923076923,0.03960599571734475,0.015031485999999998,0.262654
6534,9.526923076923078,0.03979164882226981,0.015130812999999998,0.262654
6535,9.530769230769232,0.03991541755888651,0.015163921999999998,0.264196
6536,9.534615384615387,0.039667880085653105,0.015130812999999998,0.26214000000000004
6537,9.538461538461538,0.03948222698072805,0.015163921999999998,0.264196
6538,9.542307692307693,0.039853533190578154,0.015130812999999998,0.262654
6539,9.546153846153848,0.03972976445396145,0.015031485999999998,0.264196
6540,9.550000000000002,0.03960599571734475,0.015031485999999998,0.26214000000000004
6541,9.553846153846154,0.03948222698072805,0.015064594999999998,0.264196
6542,9.557692307692308,0.039667880085653105,0.015097704,0.26214000000000004
6543,9.561538461538463,0.03979164882226981,0.015064594999999998,0.263168
6544,9.565384615384618,0.03972976445396145,0.015064594999999998,0.262654
6545,9.569230769230769,0.03948222698072805,0.015064594999999998,0.264196
6546,9.573076923076924,0.03948222698072805,0.014965267999999999,0.263168
6547,9.576923076923078,0.039667880085653105,0.014899049999999999,0.261626
6548,9.580769230769233,0.039853533190578154,0.014965267999999999,0.263682
6549,9.584615384615384,0.03972976445396145,0.014998377,0.261626
6550,9.588461538461539,0.039420342612419695,0.014965267999999999,0.26471
6551,9.592307692307694,0.039667880085653105,0.014932158999999997,0.26214000000000004
6552,9.596153846153848,0.03979164882226981,0.015031485999999998,0.264196
6553,9.6,0.03972976445396145,0.014998377,0.26214000000000004
6554,9.603846153846154,0.03948222698072805,0.014932158999999997,0.263682
6555,9.607692307692309,0.039420342612419695,0.014832831999999997,0.262654
6556,9.611538461538464,0.03948222698072805,0.014899049999999999,0.263168
6557,9.615384615384615,0.03979164882226981,0.014965267999999999,0.263168
6558,9.61923076923077,0.03935845824411135,0.014965267999999999,0.264196
6559,9.623076923076924,0.03935845824411135,0.014965267999999999,0.263682
6560,9.62692307692308,0.03948222698072805,0.015064594999999998,0.26214000000000004
6561,9.63076923076923,0.03972976445396145,0.015064594999999998,0.264196
6562,9.634615384615385,0.03960599571734475,0.015031485999999998,0.26214000000000004
6563,9.63846153846154,0.03935845824411135,0.015031485999999998,0.264196
6564,9.642307692307694,0.0395441113490364,0.015064594999999998,0.26214000000000004
6565,9.646153846153846,0.039667880085653105,0.014998377,0.264196
6566,9.65,0.03960599571734475,0.014932158999999997,0.26214000000000004
6567,9.653846153846155,0.039420342612419695,0.014899049999999999,0.263168
6568,9.65769230769231,0.039296573875802994,0.014965267999999999,0.262654
6569,9.661538461538461,0.03948222698072805,0.014932158999999997,0.262654
6570,9.665384615384616,0.03960599571734475,0.014932158999999997,0.263168
6571,9.66923076923077,0.039296573875802994,0.015031485999999998,0.264196
6572,9.673076923076925,0.03923468950749464,0.014998377,0.263168
6573,9.676923076923076,0.03935845824411135,0.014932158999999997,0.261626
6574,9.680769230769231,0.03960599571734475,0.014965267999999999,0.264196
6575,9.684615384615386,0.039667880085653105,0.015097704,0.261626
6576,9.68846153846154,0.039296573875802994,0.015130812999999998,0.26471
6577,9.692307692307692,0.039420342612419695,0.015064594999999998,0.26214000000000004
6578,9.696153846153846,0.03960599571734475,0.015064594999999998,0.264196
6579,9.700000000000001,0.03960599571734475,0.015097704,0.26214000000000004
6580,9.703846153846156,0.039420342612419695,0.015064594999999998,0.263682
6581,9.707692307692307,0.03923468950749464,0.015031485999999998,0.26214000000000004
6582,9.711538461538462,0.039420342612419695,0.015064594999999998,0.263682
6583,9.715384615384616,0.03960599571734475,0.015097704,0.262654
6584,9.719230769230771,0.03923468950749464,0.014998377,0.264196
6585,9.723076923076922,0.03923468950749464,0.014965267999999999,0.263682
6586,9.726923076923077,0.03935845824411135,0.015031485999999998,0.262654
6587,9.730769230769232,0.0395441113490364,0.015064594999999998,0.264196
6588,9.734615384615386,0.03948222698072805,0.015064594999999998,0.26214000000000004
6589,9.738461538461538,0.03917280513918629,0.015130812999999998,0.264196
6590,9.742307692307692,0.03935845824411135,0.015197031,0.26214000000000004
6591,9.746153846153847,0.03948222698072805,0.015097704,0.264196
6592,9.750000000000002,0.03948222698072805,0.014998377,0.26214000000000004
6593,9.753846153846156,0.03923468950749464,0.014998377,0.264196
6594,9.757692307692308,0.039296573875802994,0.014998377,0.261626
6595,9.761538461538462,0.03935845824411135,0.014899049999999999,0.263168
6596,9.765384615384617,0.03948222698072805,0.014832831999999997,0.262654
6597,9.769230769230772,0.03911092077087794,0.014932158999999997,0.264196
6598,9.773076923076923,0.03904903640256959,0.014899049999999999,0.263168
6599,9.776923076923078,0.03923468950749464,0.014832831999999997,0.26214000000000004
6600,9.780769230769232,0.03948222698072805,0.014832831999999997,0.263682
6601,9.784615384615387,0.03948222698072805,0.014932158999999997,0.261626
6602,9.788461538461538,0.03917280513918629,0.015031485999999998,0.264196
6603,9.792307692307693,0.03917280513918629,0.015064594999999998,0.26214000000000004
6604,9.796153846153848,0.03935845824411135,0.015130812999999998,0.264196
6605,9.800000000000002,0.03948222698072805,0.015197031,0.26214000000000004
6606,9.803846153846154,0.03935845824411135,0.015130812999999998,0.264196
6607,9.807692307692308,0.03911092077087794,0.015097704,0.26214000000000004
6608,9.811538461538463,0.03917280513918629,0.015130812999999998,0.263168
6609,9.815384615384618,0.039420342612419695,0.015097704,0.262654
6610,9.819230769230769,0.03904903640256959,0.015031485999999998,0.264196
6611,9.823076923076924,0.03911092077087794,0.014998377,0.263682
6612,9.826923076923078,0.03904903640256959,0.015031485999999998,0.26214000000000004
6613,9.830769230769233,0.03935845824411135,0.015097704,0.264196
6614,9.834615384615384,0.039420342612419695,0.015130812999999998,0.26214000000000004
6615,9.838461538461539,0.03911092077087794,0.015130812999999998,0.264196
6616,9.842307692307694,0.03911092077087794,0.015197031,0.26214000000000004
6617,9.846153846153848,0.03935845824411135,0.015130812999999998,0.264196
6618,9.85,0.03935845824411135,0.015064594999999998,0.26214000000000004
6619,9.853846153846154,0.03917280513918629,0.015097704,0.263682
6620,9.857692307692309,0.03892526766595289,0.015130812999999998,0.26214000000000004
6621,9.861538461538464,0.03911092077087794,0.015097704,0.263168
6622,9.865384615384615,0.03935845824411135,0.015064594999999998,0.263168
6623,9.86923076923077,0.03898715203426124,0.015163921999999998,0.264196
6624,9.873076923076924,0.03898715203426124,0.015197031,0.263168
6625,9.87692307692308,0.03898715203426124,0.015130812999999998,0.26214000000000004
6626,9.88076923076923,0.039296573875802994,0.015130812999999998,0.263682
6627,9.884615384615385,0.03935845824411135,0.015130812999999998,0.26214000000000004
6628,9.88846153846154,0.03911092077087794,0.015130812999999998,0.26471
6629,9.892307692307694,0.03898715203426124,0.015031485999999998,0.26214000000000004
6630,9.896153846153846,0.03923468950749464,0.015064594999999998,0.264196
6631,9.9,0.039296573875802994,0.015064594999999998,0.26214000000000004
6632,9.903846153846155,0.03923468950749464,0.014998377,0.264196
6633,9.90769230769231,0.03892526766595289,0.014965267999999999,0.261626
6634,9.911538461538461,0.03898715203426124,0.014965267999999999,0.263682
6635,9.915384615384616,0.03923468950749464,0.014998377,0.262654
6636,9.91923076923077,0.03904903640256959,0.014899049999999999,0.264196
6637,9.923076923076925,0.03898715203426124,0.014799722999999999,0.263682
6638,9.926923076923076,0.038863383297644535,0.014799722999999999,0.262654
6639,9.930769230769231,0.03923468950749464,0.014799722999999999,0.263682
6640,9.934615384615386,0.03923468950749464,0.014799722999999999,0.261626
6641,9.93846153846154,0.03898715203426124,0.014865940999999999,0.264196
6642,9.942307692307692,0.03898715203426124,0.015031485999999998,0.262654
6643,9.946153846153846,0.03917280513918629,0.015064594999999998,0.26471
6644,9.950000000000001,0.03923468950749464,0.015130812999999998,0.26214000000000004
6645,9.953846153846156,0.03904903640256959,0.015130812999999998,0.263682
6646,9.957692307692307,0.038863383297644535,0.015064594999999998,0.261626
6647,9.961538461538462,0.038863383297644535,0.014965267999999999,0.263168
6648,9.965384615384616,0.03911092077087794,0.014865940999999999,0.262654
6649,9.969230769230771,0.03898715203426124,0.014932158999999997,0.264196
6650,9.973076923076922,0.038863383297644535,0.014832831999999997,0.262654
6651,9.976923076923077,0.03880149892933618,0.014733504999999997,0.26214000000000004
6652,9.980769230769232,0.03898715203426124,0.014733504999999997,0.264196
6653,9.984615384615386,0.03923468950749464,0.014865940999999999,0.26214000000000004
6654,9.988461538461538,0.03898715203426124,0.014965267999999999,0.264196
6655,9.992307692307692,0.03880149892933618,0.014865940999999999,0.262654
6656,9.996153846153847,0.03898715203426124,0.014899049999999999,0.264196
6657,10.000000000000002,0.03911092077087794,0.014899049999999999,0.26214000000000004
6658,10.003846153846156,0.03898715203426124,0.014865940999999999,0.26471
6659,10.007692307692308,0.03880149892933618,0.014832831999999997,0.26214000000000004
6660,10.011538461538462,0.038863383297644535,0.014932158999999997,0.263682
6661,10.015384615384617,0.03911092077087794,0.014998377,0.26214000000000004
6662,10.019230769230772,0.038863383297644535,0.014932158999999997,0.26471
6663,10.023076923076923,0.03880149892933618,0.014932158999999997,0.263168
6664,10.026923076923078,0.038739614561027834,0.015031485999999998,0.263168
6665,10.030769230769232,0.03904903640256959,0.015064594999999998,0.263682
6666,10.034615384615387,0.03904903640256959,0.015064594999999998,0.262654
6667,10.038461538461538,0.03892526766595289,0.015097704,0.263682
6668,10.042307692307693,0.038739614561027834,0.015230139999999998,0.262654
6669,10.046153846153848,0.03892526766595289,0.015163921999999998,0.264196
6670,10.050000000000002,0.03904903640256959,0.015097704,0.26214000000000004
6671,10.053846153846154,0.03892526766595289,0.014998377,0.264196
6672,10.057692307692308,0.03867773019271948,0.014965267999999999,0.261626
6673,10.061538461538463,0.03880149892933618,0.014865940999999999,0.264196
6674,10.065384615384618,0.03904903640256959,0.014832831999999997,0.262654
6675,10.069230769230769,0.038863383297644535,0.014932158999999997,0.264196
6676,10.073076923076924,0.03880149892933618,0.014998377,0.263168
6677,10.076923076923078,0.03867773019271948,0.014965267999999999,0.26214000000000004
6678,10.080769230769233,0.038863383297644535,0.015031485999999998,0.264196
6679,10.084615384615384,0.03904903640256959,0.015130812999999998,0.262654
6680,10.088461538461539,0.03892526766595289,0.015130812999999998,0.264196
6681,10.092307692307694,0.03867773019271948,0.015064594999999998,0.263168
6682,10.096153846153848,0.03892526766595289,0.015064594999999998,0.264196
6683,10.1,0.03898715203426124,0.015097704,0.26214000000000004
6684,10.103846153846154,0.03898715203426124,0.015130812999999998,0.26471
6685,10.107692307692309,0.03867773019271948,0.015064594999999998,0.26214000000000004
6686,10.111538461538464,0.03861584582441113,0.015031485999999998,0.264196
6687,10.115384615384615,0.03892526766595289,0.015064594999999998,0.26214000000000004
6688,10.11923076923077,0.03861584582441113,0.014965267999999999,0.264196
6689,10.123076923076924,0.03861584582441113,0.014965267999999999,0.26214000000000004
6690,10.12692307692308,0.03861584582441113,0.015097704,0.263168
6691,10.13076923076923,0.038863383297644535,0.015163921999999998,0.263168
6692,10.134615384615385,0.03892526766595289,0.015130812999999998,0.262654
6693,10.13846153846154,0.038739614561027834,0.015130812999999998,0.264196
6694,10.142307692307694,0.03867773019271948,0.015130812999999998,0.263682
6695,10.146153846153846,0.03892526766595289,0.015064594999999998,0.263168
6696,10.15,0.03892526766595289,0.015031485999999998,0.26214000000000004
6697,10.153846153846155,0.03880149892933618,0.015064594999999998,0.264196
6698,10.15769230769231,0.03855396145610278,0.015130812999999998,0.26214000000000004
6699,10.161538461538461,0.03861584582441113,0.015097704,0.264196
6700,10.165384615384616,0.038863383297644535,0.015031485999999998,0.26214000000000004
6701,10.16923076923077,0.03855396145610278,0.015031485999999998,0.264196
6702,10.173076923076925,0.03855396145610278,0.014932158999999997,0.26214000000000004
6703,10.176923076923076,0.03849207708779443,0.014832831999999997,0.263168
6704,10.180769230769231,0.03861584582441113,0.014799722999999999,0.263682
6705,10.184615384615386,0.038863383297644535,0.014865940999999999,0.262654
6706,10.18846153846154,0.038739614561027834,0.014899049999999999,0.263682
6707,10.192307692307692,0.03849207708779443,0.014832831999999997,0.263168
6708,10.196153846153846,0.038739614561027834,0.014899049999999999,0.263682
6709,10.200000000000001,0.038863383297644535,0.014965267999999999,0.26214000000000004
6710,10.203846153846156,0.038863383297644535,0.014998377,0.26471
6711,10.207692307692307,0.03849207708779443,0.014998377,0.26214000000000004
6712,10.211538461538462,0.03849207708779443,0.014998377,0.264196
6713,10.215384615384616,0.03880149892933618,0.014965267999999999,0.26214000000000004
6714,10.219230769230771,0.038430192719486084,0.014865940999999999,0.263682
6715,10.223076923076922,0.038430192719486084,0.014832831999999997,0.26214000000000004
6716,10.226923076923077,0.038430192719486084,0.014965267999999999,0.263682
6717,10.230769230769232,0.038739614561027834,0.014998377,0.262654
6718,10.234615384615386,0.03880149892933618,0.014998377,0.263682
6719,10.238461538461538,0.03855396145610278,0.014965267999999999,0.263168
6720,10.242307692307692,0.03855396145610278,0.014998377,0.26471
6721,10.246153846153847,0.038739614561027834,0.014899049999999999,0.262654
6722,10.250000000000002,0.038739614561027834,0.014832831999999997,0.262654
6723,10.253846153846156,0.03867773019271948,0.014799722999999999,0.264196
6724,10.257692307692308,0.038430192719486084,0.014799722999999999,0.26214000000000004
6725,10.261538461538462,0.03849207708779443,0.014766613999999999,0.264196
6726,10.265384615384617,0.03880149892933618,0.014799722999999999,0.26214000000000004
6727,10.269230769230772,0.03849207708779443,0.014899049999999999,0.264196
6728,10.273076923076923,0.038430192719486084,0.014965267999999999,0.261626
6729,10.276923076923078,0.03836830835117773,0.014899049999999999,0.263682
6730,10.280769230769232,0.03861584582441113,0.014932158999999997,0.262654
6731,10.284615384615387,0.038739614561027834,0.015031485999999998,0.263168
6732,10.288461538461538,0.03867773019271948,0.015097704,0.263682
6733,10.292307692307693,0.038430192719486084,0.015031485999999998,0.264196
6734,10.296153846153848,0.03867773019271948,0.015031485999999998,0.262654
6735,10.300000000000002,0.03867773019271948,0.014998377,0.262654
6736,10.303846153846154,0.03867773019271948,0.014965267999999999,0.264196
6737,10.307692307692308,0.03836830835117773,0.014899049999999999,0.26214000000000004
6738,10.311538461538463,0.03836830835117773,0.014865940999999999,0.264196
6739,10.315384615384618,0.03861584582441113,0.014799722999999999,0.26214000000000004
6740,10.319230769230769,0.03836830835117773,0.014733504999999997,0.263682
6741,10.323076923076924,0.03836830835117773,0.014667286999999998,0.261626
6742,10.326923076923078,0.03830642398286938,0.014700396,0.264196
6743,10.330769230769233,0.03855396145610278,0.014733504999999997,0.26214000000000004
6744,10.334615384615384,0.03867773019271948,0.014700396,0.263168
6745,10.338461538461539,0.03849207708779443,0.014766613999999999,0.263682
6746,10.342307692307694,0.03836830835117773,0.014899049999999999,0.264196
6747,10.346153846153848,0.03849207708779443,0.014899049999999999,0.263168
6748,10.35,0.03861584582441113,0.014865940999999999,0.262654
6749,10.353846153846154,0.03861584582441113,0.014899049999999999,0.264196
6750,10.357692307692309,0.03824453961456103,0.014932158999999997,0.262654
6751,10.361538461538464,0.03824453961456103,0.014899049999999999,0.26471
6752,10.365384615384615,0.03855396145610278,0.014965267999999999,0.26214000000000004
6753,10.36923076923077,0.038430192719486084,0.015130812999999998,0.263682
6754,10.373076923076924,0.03830642398286938,0.015064594999999998,0.261626
6755,10.37692307692308,0.03824453961456103,0.014998377,0.263682
6756,10.38076923076923,0.03830642398286938,0.014932158999999997,0.262654
6757,10.384615384615385,0.03855396145610278,0.014932158999999997,0.263168
6758,10.38846153846154,0.03849207708779443,0.014932158999999997,0.262654
6759,10.392307692307694,0.03824453961456103,0.014799722999999999,0.264196
6760,10.396153846153846,0.03849207708779443,0.014899049999999999,0.262654
6761,10.4,0.03849207708779443,0.014932158999999997,0.262654
6762,10.403846153846155,0.03849207708779443,0.014865940999999999,0.264196
6763,10.40769230769231,0.03824453961456103,0.014733504999999997,0.262654
6764,10.411538461538461,0.03824453961456103,0.014766613999999999,0.264196
6765,10.415384615384616,0.03849207708779443,0.014832831999999997,0.26214000000000004
6766,10.41923076923077,0.03824453961456103,0.014832831999999997,0.263168
6767,10.423076923076925,0.03818265524625268,0.014832831999999997,0.26214000000000004
6768,10.426923076923076,0.03818265524625268,0.014899049999999999,0.264196
6769,10.430769230769231,0.038430192719486084,0.014799722999999999,0.261626
6770,10.434615384615386,0.03849207708779443,0.014700396,0.263682
6771,10.43846153846154,0.03830642398286938,0.014766613999999999,0.262654
6772,10.442307692307692,0.03818265524625268,0.014865940999999999,0.26471
6773,10.446153846153846,0.03836830835117773,0.014799722999999999,0.26214000000000004
6774,10.450000000000001,0.03849207708779443,0.014766613999999999,0.263682
6775,10.453846153846156,0.038430192719486084,0.014733504999999997,0.263682
6776,10.457692307692307,0.03812077087794433,0.014733504999999997,0.263168
6777,10.461538461538462,0.03812077087794433,0.014700396,0.263682
6778,10.465384615384616,0.038430192719486084,0.014733504999999997,0.263168
6779,10.469230769230771,0.03830642398286938,0.014832831999999997,0.263168
6780,10.473076923076922,0.03824453961456103,0.014865940999999999,0.261626
6781,10.476923076923077,0.03805888650963597,0.014799722999999999,0.264196
6782,10.480769230769232,0.03830642398286938,0.014865940999999999,0.26214000000000004
6783,10.484615384615386,0.03849207708779443,0.014899049999999999,0.264196
6784,10.488461538461538,0.03836830835117773,0.014965267999999999,0.26214000000000004
6785,10.492307692307692,0.03812077087794433,0.014932158999999997,0.26471
6786,10.496153846153847,0.03830642398286938,0.014965267999999999,0.262654
6787,10.500000000000002,0.03836830835117773,0.014965267999999999,0.263168
6788,10.503846153846156,0.03836830835117773,0.014932158999999997,0.263682
6789,10.507692307692308,0.03805888650963597,0.014865940999999999,0.262654
6790,10.511538461538462,0.03812077087794433,0.014865940999999999,0.263682
6791,10.515384615384617,0.03836830835117773,0.014865940999999999,0.26214000000000004
6792,10.519230769230772,0.03818265524625268,0.014832831999999997,0.263168
6793,10.523076923076923,0.03812077087794433,0.014799722999999999,0.261626
6794,10.526923076923078,0.037997002141327625,0.014832831999999997,0.264196
6795,10.530769230769232,0.03830642398286938,0.014733504999999997,0.261626
6796,10.534615384615387,0.03836830835117773,0.014700396,0.264196
6797,10.538461538461538,0.03830642398286938,0.014766613999999999,0.262654
6798,10.542307692307693,0.03793511777301927,0.014799722999999999,0.26471
6799,10.546153846153848,0.03818265524625268,0.014799722999999999,0.262654
6800,10.550000000000002,0.03830642398286938,0.014766613999999999,0.263168
6801,10.553846153846154,0.03836830835117773,0.014766613999999999,0.263682
6802,10.557692307692308,0.037997002141327625,0.014766613999999999,0.263682
6803,10.561538461538463,0.037997002141327625,0.014667286999999998,0.264196
6804,10.565384615384618,0.03812077087794433,0.014634177999999998,0.26214000000000004
6805,10.569230769230769,0.03830642398286938,0.014700396,0.263682
6806,10.573076923076924,0.03830642398286938,0.014667286999999998,0.261626
6807,10.576923076923078,0.03805888650963597,0.014667286999999998,0.264196
6808,10.580769230769233,0.037997002141327625,0.014667286999999998,0.26214000000000004
6809,10.584615384615384,0.03818265524625268,0.014667286999999998,0.263682
6810,10.588461538461539,0.03830642398286938,0.014700396,0.262654
6811,10.592307692307694,0.037997002141327625,0.014634177999999998,0.264196
6812,10.596153846153848,0.03793511777301927,0.014700396,0.263168
6813,10.6,0.03805888650963597,0.014799722999999999,0.262654
6814,10.603846153846154,0.03830642398286938,0.014832831999999997,0.264196
6815,10.607692307692309,0.03805888650963597,0.014766613999999999,0.26214000000000004
6816,10.611538461538464,0.037873233404710924,0.014799722999999999,0.264196
6817,10.615384615384615,0.03805888650963597,0.014832831999999997,0.26214000000000004
6818,10.61923076923077,0.03818265524625268,0.014700396,0.264196
6819,10.623076923076924,0.03818265524625268,0.014601069,0.26214000000000004
6820,10.62692307692308,0.03793511777301927,0.014667286999999998,0.264196
6821,10.63076923076923,0.03793511777301927,0.014733504999999997,0.262654
6822,10.634615384615385,0.03818265524625268,0.014667286999999998,0.264196
6823,10.63846153846154,0.03818265524625268,0.014634177999999998,0.263168
6824,10.642307692307694,0.037873233404710924,0.014733504999999997,0.264196
6825,10.646153846153846,0.037873233404710924,0.014799722999999999,0.263168
6826,10.65,0.03805888650963597,0.014799722999999999,0.262654
6827,10.653846153846155,0.03818265524625268,0.014832831999999997,0.264196
6828,10.65769230769231,0.03812077087794433,0.014899049999999999,0.262654
6829,10.661538461538461,0.03793511777301927,0.014799722999999999,0.264196
6830,10.665384615384616,0.037873233404710924,0.014634177999999998,0.26214000000000004
6831,10.66923076923077,0.03824453961456103,0.014634177999999998,0.263682
6832,10.673076923076925,0.03818265524625268,0.014601069,0.26214000000000004
6833,10.676923076923076,0.03805888650963597,0.014634177999999998,0.264196
6834,10.680769230769231,0.03781134903640257,0.014667286999999998,0.262654
6835,10.684615384615386,0.03793511777301927,0.014766613999999999,0.263168
6836,10.68846153846154,0.03818265524625268,0.014932158999999997,0.263168
6837,10.692307692307692,0.037997002141327625,0.014865940999999999,0.263682
6838,10.696153846153846,0.03781134903640257,0.014865940999999999,0.263682
6839,10.700000000000001,0.037873233404710924,0.014932158999999997,0.26214000000000004
6840,10.703846153846156,0.03805888650963597,0.014932158999999997,0.264196
6841,10.707692307692307,0.037997002141327625,0.014832831999999997,0.262654
6842,10.711538461538462,0.037749464668094215,0.014865940999999999,0.264196
6843,10.715384615384616,0.037749464668094215,0.014932158999999997,0.26214000000000004
6844,10.719230769230771,0.03812077087794433,0.014899049999999999,0.26471
6845,10.723076923076922,0.03812077087794433,0.014865940999999999,0.26214000000000004
6846,10.726923076923077,0.037873233404710924,0.014899049999999999,0.264196
6847,10.730769230769232,0.03768758029978587,0.014932158999999997,0.262654
6848,10.734615384615386,0.03793511777301927,0.014865940999999999,0.263682
6849,10.738461538461541,0.03805888650963597,0.014799722999999999,0.263168
6850,10.742307692307692,0.037749464668094215,0.014865940999999999,0.26471
6851,10.746153846153847,0.03768758029978587,0.014832831999999997,0.263168
6852,10.750000000000002,0.037749464668094215,0.014799722999999999,0.262654
6853,10.753846153846156,0.037997002141327625,0.014733504999999997,0.264196
6854,10.757692307692308,0.037997002141327625,0.014766613999999999,0.262654
6855,10.761538461538462,0.03781134903640257,0.014766613999999999,0.26471
6856,10.765384615384617,0.03768758029978587,0.014799722999999999,0.26214000000000004
6857,10.769230769230772,0.03805888650963597,0.014865940999999999,0.264196
6858,10.773076923076923,0.03805888650963597,0.014832831999999997,0.26214000000000004
6859,10.776923076923078,0.037997002141327625,0.014799722999999999,0.264196
6860,10.780769230769232,0.03768758029978587,0.014733504999999997,0.262654
6861,10.784615384615387,0.037749464668094215,0.014766613999999999,0.263682
6862,10.788461538461538,0.03805888650963597,0.014799722999999999,0.262654
6863,10.792307692307693,0.037873233404710924,0.014766613999999999,0.264196
6864,10.796153846153848,0.037625695931477514,0.014799722999999999,0.263168
6865,10.800000000000002,0.037749464668094215,0.014832831999999997,0.262654
6866,10.803846153846154,0.03793511777301927,0.014832831999999997,0.264196
6867,10.807692307692308,0.03793511777301927,0.014733504999999997,0.262654
6868,10.811538461538463,0.037749464668094215,0.014766613999999999,0.264196
6869,10.815384615384618,0.037625695931477514,0.014799722999999999,0.26214000000000004
6870,10.819230769230769,0.03793511777301927,0.014733504999999997,0.264196
6871,10.823076923076924,0.03793511777301927,0.014733504999999997,0.26214000000000004
6872,10.826923076923078,0.037873233404710924,0.014832831999999997,0.264196
6873,10.830769230769233,0.03756381156316917,0.014932158999999997,0.26214000000000004
6874,10.834615384615384,0.03768758029978587,0.014932158999999997,0.263682
6875,10.838461538461539,0.03793511777301927,0.014965267999999999,0.263682
6876,10.842307692307694,0.037873233404710924,0.015064594999999998,0.264196
6877,10.846153846153848,0.037625695931477514,0.015031485999999998,0.263168
6878,10.85,0.03756381156316917,0.014932158999999997,0.262654
6879,10.853846153846154,0.037749464668094215,0.014865940999999999,0.264196
6880,10.857692307692309,0.03793511777301927,0.014899049999999999,0.262654
6881,10.861538461538464,0.03781134903640257,0.014832831999999997,0.26471
6882,10.865384615384615,0.03750192719486081,0.014766613999999999,0.26214000000000004
6883,10.86923076923077,0.037873233404710924,0.014799722999999999,0.264196
6884,10.873076923076924,0.03793511777301927,0.014832831999999997,0.26214000000000004
6885,10.87692307692308,0.037873233404710924,0.014865940999999999,0.264196
6886,10.88076923076923,0.03756381156316917,0.014865940999999999,0.262654
6887,10.884615384615385,0.03756381156316917,0.014832831999999997,0.263682
6888,10.88846153846154,0.03781134903640257,0.014832831999999997,0.263168
6889,10.892307692307694,0.037625695931477514,0.014700396,0.264196
6890,10.896153846153846,0.03750192719486081,0.014733504999999997,0.26214000000000004
6891,10.9,0.037625695931477514,0.014766613999999999,0.263682
6892,10.903846153846155,0.037749464668094215,0.014766613999999999,0.263682
6893,10.90769230769231,0.037873233404710924,0.014700396,0.262654
6894,10.911538461538461,0.03756381156316917,0.014733504999999997,0.264196
6895,10.915384615384616,0.03750192719486081,0.014799722999999999,0.26214000000000004
6896,10.91923076923077,0.03781134903640257,0.014733504999999997,0.262654
6897,10.923076923076925,0.037749464668094215,0.014700396,0.26214000000000004
6898,10.926923076923076,0.03756381156316917,0.014766613999999999,0.264196
6899,10.930769230769231,0.03744004282655246,0.014766613999999999,0.261626
6900,10.934615384615386,0.03756381156316917,0.014733504999999997,0.264196
6901,10.93846153846154,0.03781134903640257,0.014766613999999999,0.262654
6902,10.942307692307692,0.03744004282655246,0.014965267999999999,0.26471
6903,10.946153846153846,0.03750192719486081,0.014932158999999997,0.26214000000000004
6904,10.950000000000001,0.03756381156316917,0.014932158999999997,0.264196
6905,10.953846153846156,0.03768758029978587,0.014932158999999997,0.263168
6906,10.957692307692307,0.037749464668094215,0.014998377,0.264196
6907,10.961538461538462,0.03756381156316917,0.014899049999999999,0.263682
6908,10.965384615384616,0.03744004282655246,0.014799722999999999,0.263682
6909,10.969230769230771,0.03781134903640257,0.014832831999999997,0.26214000000000004
6910,10.973076923076922,0.03768758029978587,0.014766613999999999,0.262654
6911,10.976923076923077,0.037625695931477514,0.014733504999999997,0.26471
6912,10.980769230769232,0.03737815845824411,0.014733504999999997,0.26214000000000004
6913,10.984615384615386,0.03756381156316917,0.014733504999999997,0.264196
6914,10.988461538461541,0.03781134903640257,0.014700396,0.26214000000000004
6915,10.992307692307692,0.03737815845824411,0.014634177999999998,0.264196
6916,10.996153846153847,0.03750192719486081,0.014733504999999997,0.262654
6917,11.000000000000002,0.037625695931477514,0.014766613999999999,0.26471
6918,11.003846153846156,0.037749464668094215,0.014667286999999998,0.262654
6919,11.007692307692308,0.03750192719486081,0.014601069,0.264196
6920,11.011538461538462,0.03737815845824411,0.014667286999999998,0.262654
6921,11.015384615384617,0.03744004282655246,0.014733504999999997,0.263682
6922,11.019230769230772,0.03756381156316917,0.014733504999999997,0.26214000000000004
6923,11.023076923076923,0.037625695931477514,0.014700396,0.262654
6924,11.026923076923078,0.03750192719486081,0.014733504999999997,0.264196
6925,11.030769230769232,0.03731627408993576,0.014700396,0.261626
6926,11.034615384615387,0.03744004282655246,0.014634177999999998,0.26471
6927,11.038461538461538,0.03768758029978587,0.014634177999999998,0.26214000000000004
6928,11.042307692307693,0.03750192719486081,0.014733504999999997,0.26471
6929,11.046153846153848,0.03731627408993576,0.014667286999999998,0.26214000000000004
6930,11.050000000000002,0.03737815845824411,0.014601069,0.264196
6931,11.053846153846154,0.03756381156316917,0.014567959999999998,0.262654
6932,11.057692307692308,0.037625695931477514,0.014700396,0.264196
6933,11.061538461538463,0.03750192719486081,0.014667286999999998,0.263168
6934,11.065384615384618,0.03725438972162741,0.014601069,0.263168
6935,11.069230769230769,0.037625695931477514,0.014700396,0.26214000000000004
6936,11.073076923076924,0.037625695931477514,0.014667286999999998,0.262654
6937,11.076923076923078,0.03756381156316917,0.014700396,0.264196
6938,11.080769230769233,0.03725438972162741,0.014700396,0.262654
6939,11.084615384615384,0.03731627408993576,0.014799722999999999,0.264196
6940,11.088461538461539,0.03756381156316917,0.014865940999999999,0.26214000000000004
6941,11.092307692307694,0.03731627408993576,0.014832831999999997,0.264196
6942,11.096153846153848,0.03725438972162741,0.014899049999999999,0.262654
6943,11.1,0.03731627408993576,0.014899049999999999,0.264196
6944,11.103846153846154,0.03756381156316917,0.014832831999999997,0.262654
6945,11.107692307692309,0.03750192719486081,0.014865940999999999,0.264196
6946,11.111538461538464,0.03725438972162741,0.014965267999999999,0.262654
6947,11.115384615384615,0.03725438972162741,0.014965267999999999,0.263682
6948,11.11923076923077,0.037625695931477514,0.014899049999999999,0.26214000000000004
6949,11.123076923076924,0.03756381156316917,0.014899049999999999,0.262654
6950,11.12692307692308,0.03737815845824411,0.014865940999999999,0.263682
6951,11.13076923076923,0.037192505353319055,0.014899049999999999,0.262654
6952,11.134615384615385,0.03725438972162741,0.014865940999999999,0.264196
6953,11.13846153846154,0.03750192719486081,0.014899049999999999,0.26214000000000004
6954,11.142307692307694,0.03731627408993576,0.015064594999999998,0.264196
6955,11.146153846153846,0.037192505353319055,0.015097704,0.26214000000000004
6956,11.15,0.037192505353319055,0.015130812999999998,0.26471
6957,11.153846153846155,0.03737815845824411,0.015197031,0.262654
6958,11.15769230769231,0.03756381156316917,0.015296357999999998,0.26471
6959,11.161538461538461,0.03737815845824411,0.015230139999999998,0.262654
6960,11.165384615384616,0.03713062098501071,0.015230139999999998,0.264196
6961,11.16923076923077,0.03756381156316917,0.015263249,0.26214000000000004
6962,11.173076923076925,0.03750192719486081,0.015230139999999998,0.263682
6963,11.176923076923076,0.03744004282655246,0.015130812999999998,0.264196
6964,11.180769230769231,0.03713062098501071,0.015097704,0.262654
6965,11.184615384615386,0.037192505353319055,0.015097704,0.264196
6966,11.18846153846154,0.03744004282655246,0.015097704,0.26214000000000004
6967,11.192307692307692,0.03725438972162741,0.015097704,0.264196
6968,11.196153846153846,0.03713062098501071,0.015130812999999998,0.262654
6969,11.200000000000001,0.037192505353319055,0.015197031,0.26471
6970,11.203846153846156,0.03744004282655246,0.015163921999999998,0.262654
6971,11.207692307692307,0.03737815845824411,0.015163921999999998,0.264196
6972,11.211538461538462,0.03725438972162741,0.015163921999999998,0.263168
6973,11.215384615384616,0.037068736616702354,0.015130812999999998,0.263682
6974,11.219230769230771,0.03744004282655246,0.015031485999999998,0.262654
6975,11.223076923076922,0.03750192719486081,0.014998377,0.263168
6976,11.226923076923077,0.03737815845824411,0.015031485999999998,0.264196
6977,11.230769230769232,0.03713062098501071,0.014998377,0.262654
6978,11.234615384615386,0.037192505353319055,0.014965267999999999,0.264196
6979,11.238461538461541,0.03737815845824411,0.014998377,0.26214000000000004
6980,11.242307692307692,0.03737815845824411,0.015130812999999998,0.264196
6981,11.246153846153847,0.03713062098501071,0.015064594999999998,0.261626
6982,11.250000000000002,0.037068736616702354,0.015031485999999998,0.26471
6983,11.253846153846156,0.03725438972162741,0.015064594999999998,0.262654
6984,11.257692307692308,0.03744004282655246,0.015163921999999998,0.26471
6985,11.261538461538462,0.03731627408993576,0.015130812999999998,0.263168
6986,11.265384615384617,0.037068736616702354,0.015031485999999998,0.264196
6987,11.269230769230772,0.03737815845824411,0.015064594999999998,0.262654
6988,11.273076923076923,0.03737815845824411,0.015031485999999998,0.262654
6989,11.276923076923078,0.03737815845824411,0.015031485999999998,0.264196
6990,11.280769230769232,0.037006852248394,0.015097704,0.262654
6991,11.284615384615387,0.037068736616702354,0.015097704,0.264196
6992,11.288461538461538,0.03725438972162741,0.015163921999999998,0.262654
6993,11.292307692307693,0.03725438972162741,0.015064594999999998,0.264196
6994,11.296153846153848,0.037006852248394,0.015097704,0.26214000000000004
6995,11.300000000000002,0.03694496788008565,0.015130812999999998,0.264196
6996,11.303846153846154,0.03713062098501071,0.015097704,0.262654
6997,11.307692307692308,0.03737815845824411,0.014965267999999999,0.264196
6998,11.311538461538463,0.037192505353319055,0.015031485999999998,0.263168
6999,11.315384615384618,0.03694496788008565,0.015130812999999998,0.264196
7000,11.319230769230769,0.03725438972162741,0.015130812999999998,0.262654
7001,11.323076923076924,0.03725438972162741,0.015130812999999998,0.26214000000000004
7002,11.326923076923078,0.03731627408993576,0.015230139999999998,0.264196
7003,11.330769230769233,0.037006852248394,0.015263249,0.262654
7004,11.334615384615384,0.0368830835117773,0.015230139999999998,0.26471
7005,11.338461538461539,0.03713062098501071,0.015197031,0.26214000000000004
7006,11.342307692307694,0.03725438972162741,0.015197031,0.264196
7007,11.346153846153848,0.037068736616702354,0.015097704,0.26214000000000004
7008,11.35,0.0368830835117773,0.015097704,0.26471
7009,11.353846153846154,0.037006852248394,0.015130812999999998,0.262654
7010,11.357692307692309,0.03725438972162741,0.015197031,0.26471
7011,11.361538461538464,0.03725438972162741,0.015163921999999998,0.263168
7012,11.365384615384615,0.037006852248394,0.015064594999999998,0.263682
7013,11.36923076923077,0.03713062098501071,0.015097704,0.26214000000000004
7014,11.373076923076924,0.037192505353319055,0.015097704,0.263168
7015,11.37692307692308,0.03725438972162741,0.015097704,0.264196
7016,11.38076923076923,0.03694496788008565,0.015097704,0.263168
7017,11.384615384615385,0.0368830835117773,0.015130812999999998,0.264196
7018,11.38846153846154,0.037192505353319055,0.015064594999999998,0.262654
7019,11.392307692307694,0.03713062098501071,0.014965267999999999,0.264196
7020,11.396153846153846,0.0368830835117773,0.015031485999999998,0.262654
7021,11.4,0.03682119914346895,0.015064594999999998,0.26471
7022,11.403846153846155,0.037068736616702354,0.014998377,0.262654
7023,11.40769230769231,0.037192505353319055,0.014965267999999999,0.26471
7024,11.411538461538461,0.037068736616702354,0.015031485999999998,0.262654
7025,11.415384615384616,0.03682119914346895,0.015064594999999998,0.264196
7026,11.41923076923077,0.037192505353319055,0.014998377,0.26214000000000004
7027,11.423076923076925,0.03713062098501071,0.014932158999999997,0.263682
7028,11.426923076923076,0.037192505353319055,0.014932158999999997,0.263682
7029,11.430769230769231,0.03694496788008565,0.014932158999999997,0.263168
7030,11.434615384615386,0.03682119914346895,0.014865940999999999,0.263682
7031,11.43846153846154,0.037006852248394,0.014865940999999999,0.262654
7032,11.442307692307692,0.037192505353319055,0.014899049999999999,0.263682
7033,11.446153846153846,0.03694496788008565,0.014865940999999999,0.26214000000000004
7034,11.450000000000001,0.03682119914346895,0.014766613999999999,0.26471
7035,11.453846153846156,0.0368830835117773,0.014700396,0.26214000000000004
7036,11.457692307692307,0.037192505353319055,0.014700396,0.26471
7037,11.461538461538462,0.03713062098501071,0.014634177999999998,0.26214000000000004
7038,11.465384615384616,0.03682119914346895,0.014700396,0.264196
7039,11.469230769230771,0.03713062098501071,0.014832831999999997,0.262654
7040,11.473076923076926,0.03713062098501071,0.014932158999999997,0.263682
7041,11.476923076923077,0.03713062098501071,0.014998377,0.263682
7042,11.480769230769232,0.0367593147751606,0.015064594999999998,0.264196
7043,11.484615384615386,0.0367593147751606,0.015097704,0.263682
7044,11.488461538461541,0.037006852248394,0.015031485999999998,0.262654
7045,11.492307692307692,0.037006852248394,0.015031485999999998,0.263682
7046,11.496153846153847,0.0367593147751606,0.015163921999999998,0.262654
7047,11.500000000000002,0.03669743040685224,0.015230139999999998,0.26471
7048,11.503846153846156,0.03682119914346895,0.015163921999999998,0.26214000000000004
7049,11.507692307692308,0.03713062098501071,0.014998377,0.26471
7050,11.511538461538462,0.03694496788008565,0.014998377,0.26214000000000004
7051,11.515384615384617,0.0367593147751606,0.014965267999999999,0.264196
7052,11.519230769230772,0.03694496788008565,0.014932158999999997,0.262654
7053,11.523076923076923,0.03694496788008565,0.014965267999999999,0.263168
7054,11.526923076923078,0.03713062098501071,0.015097704,0.263682
7055,11.530769230769232,0.0368830835117773,0.015064594999999998,0.263168
7056,11.534615384615387,0.03669743040685224,0.014899049999999999,0.263682
7057,11.538461538461538,0.0368830835117773,0.014832831999999997,0.263168
7058,11.542307692307693,0.037068736616702354,0.014832831999999997,0.263168
7059,11.546153846153848,0.03682119914346895,0.014766613999999999,0.262654
7060,11.550000000000002,0.03669743040685224,0.014766613999999999,0.26471
7061,11.553846153846154,0.03682119914346895,0.014832831999999997,0.26214000000000004
7062,11.557692307692308,0.037068736616702354,0.014899049999999999,0.26471
7063,11.561538461538463,0.03694496788008565,0.014832831999999997,0.261626
7064,11.565384615384618,0.03669743040685224,0.014799722999999999,0.26471
7065,11.569230769230769,0.03694496788008565,0.014832831999999997,0.26214000000000004
7066,11.573076923076924,0.037006852248394,0.014799722999999999,0.264196
7067,11.576923076923078,0.037006852248394,0.014733504999999997,0.263682
7068,11.580769230769233,0.0367593147751606,0.014766613999999999,0.263682
7069,11.584615384615384,0.036635546038543895,0.014899049999999999,0.263682
7070,11.588461538461539,0.03682119914346895,0.014965267999999999,0.262654
7071,11.592307692307694,0.03694496788008565,0.014932158999999997,0.263682
7072,11.596153846153848,0.03669743040685224,0.014965267999999999,0.262654
7073,11.6,0.036635546038543895,0.014965267999999999,0.264196
7074,11.603846153846154,0.0367593147751606,0.014932158999999997,0.26214000000000004
7075,11.607692307692309,0.037006852248394,0.014832831999999997,0.264196
7076,11.611538461538464,0.0368830835117773,0.014865940999999999,0.26214000000000004
7077,11.615384615384615,0.03669743040685224,0.014865940999999999,0.26471
7078,11.61923076923077,0.0368830835117773,0.014799722999999999,0.262654
7079,11.623076923076924,0.0368830835117773,0.014733504999999997,0.263682
7080,11.62692307692308,0.037006852248394,0.014799722999999999,0.263168
7081,11.63076923076923,0.03682119914346895,0.014832831999999997,0.263682
7082,11.634615384615385,0.03657366167023554,0.014766613999999999,0.263682
7083,11.63846153846154,0.03669743040685224,0.014766613999999999,0.262654
7084,11.642307692307694,0.037006852248394,0.014766613999999999,0.263168
7085,11.646153846153846,0.03669743040685224,0.014700396,0.263168
7086,11.65,0.03657366167023554,0.014667286999999998,0.264196
7087,11.653846153846155,0.036635546038543895,0.014667286999999998,0.26214000000000004
7088,11.65769230769231,0.0368830835117773,0.014700396,0.26471
7089,11.661538461538461,0.0368830835117773,0.014601069,0.26214000000000004
7090,11.665384615384616,0.03657366167023554,0.014567959999999998,0.26471
7091,11.66923076923077,0.0368830835117773,0.014601069,0.262654
7092,11.673076923076925,0.0368830835117773,0.014601069,0.264196
7093,11.676923076923076,0.0368830835117773,0.014601069,0.262654
7094,11.680769230769231,0.03657366167023554,0.014733504999999997,0.264196
7095,11.684615384615386,0.036511777301927194,0.014799722999999999,0.263168
7096,11.68846153846154,0.0367593147751606,0.014766613999999999,0.263682
7097,11.692307692307692,0.03669743040685224,0.014766613999999999,0.26214000000000004
7098,11.696153846153846,0.036511777301927194,0.014799722999999999,0.264196
7099,11.700000000000001,0.036511777301927194,0.014799722999999999,0.263168
7100,11.703846153846156,0.03657366167023554,0.014766613999999999,0.26214000000000004
7101,11.707692307692307,0.03682119914346895,0.014634177999999998,0.264196
7102,11.711538461538462,0.03682119914346895,0.014667286999999998,0.262654
7103,11.715384615384616,0.036511777301927194,0.014700396,0.26471
7104,11.719230769230771,0.03682119914346895,0.014700396,0.263682
7105,11.723076923076926,0.03682119914346895,0.014766613999999999,0.264196
7106,11.726923076923077,0.0368830835117773,0.014865940999999999,0.262654
7107,11.730769230769232,0.0367593147751606,0.014865940999999999,0.264196
7108,11.734615384615386,0.036511777301927194,0.014832831999999997,0.263168
7109,11.738461538461541,0.03657366167023554,0.014832831999999997,0.263168
7110,11.742307692307692,0.03682119914346895,0.014899049999999999,0.262654
7111,11.746153846153847,0.036511777301927194,0.014832831999999997,0.264196
7112,11.750000000000002,0.03644989293361884,0.014865940999999999,0.263168
7113,11.753846153846156,0.03657366167023554,0.014932158999999997,0.26214000000000004
7114,11.757692307692308,0.03682119914346895,0.014932158999999997,0.263682
7115,11.761538461538462,0.03669743040685224,0.014766613999999999,0.26214000000000004
7116,11.765384615384617,0.03644989293361884,0.014667286999999998,0.264196
7117,11.769230769230772,0.03682119914346895,0.014634177999999998,0.263682
7118,11.773076923076923,0.0367593147751606,0.014601069,0.264196
7119,11.776923076923078,0.0367593147751606,0.014567959999999998,0.26214000000000004
7120,11.780769230769232,0.036511777301927194,0.014634177999999998,0.26471
7121,11.784615384615387,0.03638800856531049,0.014667286999999998,0.262654
7122,11.788461538461538,0.036635546038543895,0.014667286999999998,0.264196
7123,11.792307692307693,0.0367593147751606,0.014634177999999998,0.262654
7124,11.796153846153848,0.03644989293361884,0.014667286999999998,0.264196
7125,11.800000000000002,0.03638800856531049,0.014634177999999998,0.263682
7126,11.803846153846154,0.03638800856531049,0.014567959999999998,0.26214000000000004
7127,11.807692307692308,0.03669743040685224,0.014501741999999998,0.264196
7128,11.811538461538463,0.0367593147751606,0.014534851,0.262654
7129,11.815384615384618,0.03657366167023554,0.014567959999999998,0.264196
7130,11.819230769230769,0.036635546038543895,0.014567959999999998,0.263168
7131,11.823076923076924,0.036635546038543895,0.014601069,0.264196
7132,11.826923076923078,0.03669743040685224,0.014667286999999998,0.26214000000000004
7133,11.830769230769233,0.03669743040685224,0.014667286999999998,0.264196
7134,11.834615384615384,0.03638800856531049,0.014567959999999998,0.263168
7135,11.838461538461539,0.03638800856531049,0.014567959999999998,0.263682
7136,11.842307692307694,0.03669743040685224,0.014601069,0.262654
7137,11.846153846153848,0.036511777301927194,0.014534851,0.263682
7138,11.85,0.03632612419700214,0.014534851,0.263682
7139,11.853846153846154,0.03632612419700214,0.014534851,0.26214000000000004
7140,11.857692307692309,0.036635546038543895,0.014601069,0.264196
7141,11.861538461538464,0.03669743040685224,0.014534851,0.26214000000000004
7142,11.865384615384615,0.03632612419700214,0.014567959999999998,0.264196
7143,11.86923076923077,0.036635546038543895,0.014634177999999998,0.263168
7144,11.873076923076924,0.03657366167023554,0.014667286999999998,0.26471
7145,11.87692307692308,0.03669743040685224,0.014601069,0.262654
7146,11.88076923076923,0.03638800856531049,0.014634177999999998,0.264196
7147,11.884615384615385,0.036264239828693784,0.014700396,0.262654
7148,11.88846153846154,0.03632612419700214,0.014733504999999997,0.263682
7149,11.892307692307694,0.03669743040685224,0.014733504999999997,0.262654
7150,11.896153846153846,0.036511777301927194,0.014766613999999999,0.264196
7151,11.9,0.03632612419700214,0.014799722999999999,0.263682
7152,11.903846153846155,0.036264239828693784,0.014766613999999999,0.262654
7153,11.90769230769231,0.036511777301927194,0.014733504999999997,0.264196
7154,11.911538461538461,0.036635546038543895,0.014766613999999999,0.262654
7155,11.915384615384616,0.036511777301927194,0.014832831999999997,0.26471
7156,11.91923076923077,0.03638800856531049,0.014799722999999999,0.263168
7157,11.923076923076925,0.03638800856531049,0.014799722999999999,0.264196
7158,11.926923076923076,0.03657366167023554,0.014733504999999997,0.26214000000000004
7159,11.930769230769231,0.03657366167023554,0.014667286999999998,0.264196
7160,11.934615384615386,0.03632612419700214,0.014567959999999998,0.262654
7161,11.93846153846154,0.036264239828693784,0.014634177999999998,0.263682
7162,11.942307692307692,0.03657366167023554,0.014667286999999998,0.26214000000000004
7163,11.946153846153846,0.03644989293361884,0.014567959999999998,0.263682
7164,11.950000000000001,0.03632612419700214,0.014567959999999998,0.263682
7165,11.953846153846156,0.03620235546038544,0.014567959999999998,0.262654
7166,11.957692307692307,0.036511777301927194,0.014567959999999998,0.264196
7167,11.961538461538462,0.03657366167023554,0.014501741999999998,0.26214000000000004
7168,11.965384615384616,0.036264239828693784,0.014468632999999998,0.264196
7169,11.969230769230771,0.03638800856531049,0.014567959999999998,0.263682
7170,11.973076923076926,0.03644989293361884,0.014567959999999998,0.26471
7171,11.976923076923077,0.036511777301927194,0.014567959999999998,0.262654
7172,11.980769230769232,0.03644989293361884,0.014700396,0.26471
7173,11.984615384615386,0.03620235546038544,0.014799722999999999,0.262654
7174,11.988461538461541,0.03620235546038544,0.014733504999999997,0.264196
7175,11.992307692307692,0.036511777301927194,0.014667286999999998,0.262654
7176,11.996153846153847,0.03644989293361884,0.014667286999999998,0.264196
7177,12.000000000000002,0.03632612419700214,0.014700396,0.263168
7178,12.003846153846156,0.03614047109207708,0.014700396,0.263168
7179,12.007692307692308,0.03638800856531049,0.014700396,0.263682
7180,12.011538461538462,0.036511777301927194,0.014766613999999999,0.262654
7181,12.015384615384617,0.03644989293361884,0.014799722999999999,0.26471
7182,12.019230769230772,0.03614047109207708,0.014799722999999999,0.263168
7183,12.023076923076923,0.03620235546038544,0.014766613999999999,0.264196
7184,12.026923076923078,0.03644989293361884,0.014799722999999999,0.262654
7185,12.030769230769232,0.03644989293361884,0.014766613999999999,0.26471
7186,12.034615384615387,0.03614047109207708,0.014733504999999997,0.26214000000000004
7187,12.038461538461538,0.03614047109207708,0.014733504999999997,0.264196
7188,12.042307692307693,0.03644989293361884,0.014733504999999997,0.262654
7189,12.046153846153848,0.03644989293361884,0.014601069,0.263682
7190,12.050000000000002,0.03614047109207708,0.014601069,0.263168
7191,12.053846153846154,0.036078586723768735,0.014601069,0.262654
7192,12.057692307692308,0.03638800856531049,0.014534851,0.263168
7193,12.061538461538463,0.03644989293361884,0.014435524,0.262654
7194,12.065384615384618,0.03614047109207708,0.014501741999999998,0.263682
7195,12.069230769230769,0.03620235546038544,0.014567959999999998,0.263682
7196,12.073076923076924,0.03620235546038544,0.014534851,0.26471
7197,12.076923076923078,0.03644989293361884,0.014534851,0.26214000000000004
7198,12.080769230769233,0.036264239828693784,0.014634177999999998,0.264196
7199,12.084615384615384,0.036078586723768735,0.014667286999999998,0.26214000000000004
7200,12.088461538461539,0.036078586723768735,0.014567959999999998,0.264196
7201,12.092307692307694,0.03644989293361884,0.014534851,0.26214000000000004
7202,12.096153846153848,0.03632612419700214,0.014601069,0.26471
7203,12.1,0.03620235546038544,0.014601069,0.263168
7204,12.103846153846154,0.036078586723768735,0.014601069,0.263682
7205,12.107692307692309,0.036264239828693784,0.014601069,0.263168
7206,12.111538461538464,0.03638800856531049,0.014667286999999998,0.263168
7207,12.115384615384615,0.036264239828693784,0.014601069,0.263682
7208,12.11923076923077,0.036078586723768735,0.014567959999999998,0.263682
7209,12.123076923076924,0.036078586723768735,0.014567959999999998,0.264196
7210,12.12692307692308,0.03632612419700214,0.014667286999999998,0.26214000000000004
7211,12.13076923076923,0.03632612419700214,0.014634177999999998,0.264196
7212,12.134615384615385,0.036078586723768735,0.014567959999999998,0.26214000000000004
7213,12.13846153846154,0.036078586723768735,0.014634177999999998,0.264196
7214,12.142307692307694,0.03638800856531049,0.014634177999999998,0.26214000000000004
7215,12.146153846153846,0.036264239828693784,0.014601069,0.264196
7216,12.15,0.036078586723768735,0.014634177999999998,0.262654
7217,12.153846153846155,0.03601670235546038,0.014667286999999998,0.264196
7218,12.15769230769231,0.03632612419700214,0.014601069,0.262654
7219,12.161538461538461,0.03632612419700214,0.014567959999999998,0.263168
7220,12.165384615384616,0.036078586723768735,0.014667286999999998,0.263682
7221,12.16923076923077,0.03614047109207708,0.014667286999999998,0.264196
7222,12.173076923076925,0.036078586723768735,0.014700396,0.264196
7223,12.176923076923076,0.03632612419700214,0.014733504999999997,0.262654
7224,12.180769230769231,0.03620235546038544,0.014832831999999997,0.264196
7225,12.184615384615386,0.03601670235546038,0.014766613999999999,0.26214000000000004
7226,12.18846153846154,0.036078586723768735,0.014667286999999998,0.264196
7227,12.192307692307692,0.036264239828693784,0.014700396,0.262654
7228,12.196153846153846,0.036264239828693784,0.014766613999999999,0.26471
7229,12.200000000000001,0.03614047109207708,0.014766613999999999,0.26214000000000004
7230,12.203846153846156,0.03595481798715203,0.014700396,0.264196
7231,12.207692307692307,0.036264239828693784,0.014766613999999999,0.262654
7232,12.211538461538462,0.03632612419700214,0.014766613999999999,0.264196
7233,12.215384615384616,0.036078586723768735,0.014700396,0.262654
7234,12.219230769230771,0.036078586723768735,0.014667286999999998,0.264196
7235,12.223076923076926,0.03601670235546038,0.014634177999999998,0.263682
7236,12.226923076923077,0.036264239828693784,0.014667286999999998,0.262654
7237,12.230769230769232,0.03620235546038544,0.014601069,0.264196
7238,12.234615384615386,0.03589293361884368,0.014634177999999998,0.262654
7239,12.238461538461541,0.03601670235546038,0.014667286999999998,0.26471
7240,12.242307692307692,0.036264239828693784,0.014634177999999998,0.262654
7241,12.246153846153847,0.03614047109207708,0.014501741999999998,0.264196
7242,12.250000000000002,0.03589293361884368,0.014468632999999998,0.262654
7243,12.253846153846156,0.03589293361884368,0.014468632999999998,0.264196
7244,12.257692307692308,0.03620235546038544,0.014435524,0.262654
7245,12.261538461538462,0.03620235546038544,0.014435524,0.263682
7246,12.265384615384617,0.03601670235546038,0.014534851,0.263168
7247,12.269230769230772,0.03601670235546038,0.014501741999999998,0.26471
7248,12.273076923076923,0.03595481798715203,0.014501741999999998,0.263682
7249,12.276923076923078,0.03614047109207708,0.014468632999999998,0.262654
7250,12.280769230769232,0.03614047109207708,0.014534851,0.264196
7251,12.284615384615387,0.03601670235546038,0.014534851,0.26214000000000004
7252,12.288461538461538,0.035831049250535325,0.014468632999999998,0.26471
7253,12.292307692307693,0.03614047109207708,0.014468632999999998,0.262654
7254,12.296153846153848,0.03620235546038544,0.014501741999999998,0.26471
7255,12.300000000000002,0.03614047109207708,0.014567959999999998,0.262654
7256,12.303846153846154,0.03589293361884368,0.014534851,0.263682
7257,12.307692307692308,0.03595481798715203,0.014601069,0.263168
7258,12.311538461538463,0.03614047109207708,0.014700396,0.263682
7259,12.315384615384618,0.03620235546038544,0.014766613999999999,0.264196
7260,12.319230769230769,0.03576916488222698,0.014733504999999997,0.264196
7261,12.323076923076924,0.03576916488222698,0.014766613999999999,0.264196
7262,12.326923076923078,0.03595481798715203,0.014832831999999997,0.262654
7263,12.330769230769233,0.03620235546038544,0.014832831999999997,0.26471
7264,12.334615384615384,0.03601670235546038,0.014799722999999999,0.26214000000000004
7265,12.338461538461539,0.03576916488222698,0.014832831999999997,0.26471
7266,12.342307692307694,0.036078586723768735,0.014832831999999997,0.26214000000000004
7267,12.346153846153848,0.03614047109207708,0.014766613999999999,0.264196
7268,12.35,0.036078586723768735,0.014733504999999997,0.263682
7269,12.353846153846154,0.035831049250535325,0.014766613999999999,0.263682
7270,12.357692307692309,0.035831049250535325,0.014700396,0.263168
7271,12.361538461538464,0.03601670235546038,0.014601069,0.262654
7272,12.365384615384615,0.036078586723768735,0.014567959999999998,0.264196
7273,12.36923076923077,0.03576916488222698,0.014601069,0.264196
7274,12.373076923076924,0.03576916488222698,0.014567959999999998,0.264196
7275,12.37692307692308,0.035831049250535325,0.014567959999999998,0.261626
7276,12.38076923076923,0.03614047109207708,0.014700396,0.26471
7277,12.384615384615385,0.03614047109207708,0.014799722999999999,0.262654
7278,12.38846153846154,0.035831049250535325,0.014799722999999999,0.265224
7279,12.392307692307694,0.03589293361884368,0.014766613999999999,0.26214000000000004
7280,12.396153846153846,0.036078586723768735,0.014832831999999997,0.264196
7281,12.4,0.036078586723768735,0.014799722999999999,0.262654
7282,12.403846153846155,0.035831049250535325,0.014667286999999998,0.264196
7283,12.40769230769231,0.03570728051391863,0.014601069,0.263168
7284,12.411538461538461,0.03589293361884368,0.014700396,0.263168
7285,12.415384615384616,0.03614047109207708,0.014733504999999997,0.264196
7286,12.41923076923077,0.03570728051391863,0.014733504999999997,0.264196
7287,12.423076923076925,0.03570728051391863,0.014733504999999997,0.264196
7288,12.426923076923076,0.035831049250535325,0.014799722999999999,0.262654
7289,12.430769230769231,0.036078586723768735,0.014733504999999997,0.26471
7290,12.434615384615386,0.03589293361884368,0.014667286999999998,0.262654
7291,12.43846153846154,0.03570728051391863,0.014667286999999998,0.26471
7292,12.442307692307692,0.03589293361884368,0.014733504999999997,0.26214000000000004
7293,12.446153846153846,0.036078586723768735,0.014766613999999999,0.26471
7294,12.450000000000001,0.03595481798715203,0.014865940999999999,0.262654
7295,12.453846153846156,0.035831049250535325,0.014932158999999997,0.263682
7296,12.457692307692307,0.03564539614561028,0.014965267999999999,0.263168
7297,12.461538461538462,0.03576916488222698,0.014865940999999999,0.262654
7298,12.465384615384616,0.03601670235546038,0.014832831999999997,0.263682
7299,12.469230769230771,0.03558351177730193,0.014799722999999999,0.26471
7300,12.473076923076926,0.03558351177730193,0.014667286999999998,0.263682
7301,12.476923076923077,0.03564539614561028,0.014601069,0.26214000000000004
7302,12.480769230769232,0.03595481798715203,0.014634177999999998,0.26471
7303,12.484615384615386,0.036078586723768735,0.014667286999999998,0.26214000000000004
7304,12.488461538461541,0.03570728051391863,0.014667286999999998,0.26471
7305,12.492307692307692,0.03589293361884368,0.014667286999999998,0.262654
7306,12.496153846153847,0.03601670235546038,0.014667286999999998,0.264196
7307,12.500000000000002,0.03595481798715203,0.014601069,0.26214000000000004
7308,12.503846153846156,0.03589293361884368,0.014601069,0.263682
7309,12.507692307692308,0.03564539614561028,0.014634177999999998,0.263168
7310,12.511538461538462,0.03576916488222698,0.014700396,0.263682
7311,12.515384615384617,0.03595481798715203,0.014733504999999997,0.263682
7312,12.519230769230772,0.03558351177730193,0.014733504999999997,0.26471
7313,12.523076923076923,0.03558351177730193,0.014733504999999997,0.263682
7314,12.526923076923078,0.03576916488222698,0.014700396,0.262654
7315,12.530769230769232,0.03595481798715203,0.014634177999999998,0.26471
7316,12.534615384615387,0.03589293361884368,0.014567959999999998,0.262654
7317,12.538461538461538,0.03564539614561028,0.014534851,0.26471
7318,12.542307692307693,0.03576916488222698,0.014501741999999998,0.262654
7319,12.546153846153848,0.03595481798715203,0.014501741999999998,0.26471
7320,12.550000000000002,0.03595481798715203,0.014567959999999998,0.262654
7321,12.553846153846154,0.03576916488222698,0.014700396,0.263682
7322,12.557692307692308,0.03558351177730193,0.014700396,0.262654
7323,12.561538461538463,0.03564539614561028,0.014634177999999998,0.262654
7324,12.565384615384618,0.03589293361884368,0.014634177999999998,0.263682
7325,12.569230769230769,0.03558351177730193,0.014634177999999998,0.26471
7326,12.573076923076924,0.035521627408993575,0.014567959999999998,0.263682
7327,12.576923076923078,0.03558351177730193,0.014567959999999998,0.26214000000000004
7328,12.580769230769233,0.03576916488222698,0.014634177999999998,0.26471
7329,12.584615384615384,0.03595481798715203,0.014634177999999998,0.26214000000000004
7330,12.588461538461539,0.03570728051391863,0.014601069,0.26471
7331,12.592307692307694,0.03558351177730193,0.014601069,0.26214000000000004
7332,12.596153846153848,0.035831049250535325,0.014667286999999998,0.26471
7333,12.6,0.03589293361884368,0.014700396,0.262654
7334,12.603846153846154,0.03576916488222698,0.014634177999999998,0.264196
7335,12.607692307692309,0.035521627408993575,0.014634177999999998,0.263168
7336,12.611538461538464,0.03558351177730193,0.014700396,0.263682
7337,12.615384615384615,0.03589293361884368,0.014667286999999998,0.263682
7338,12.61923076923077,0.035521627408993575,0.014667286999999998,0.265224
7339,12.623076923076924,0.03545974304068523,0.014634177999999998,0.263682
7340,12.62692307692308,0.03545974304068523,0.014601069,0.26214000000000004
7341,12.63076923076923,0.03570728051391863,0.014567959999999998,0.26471
7342,12.634615384615385,0.035831049250535325,0.014534851,0.262654
7343,12.63846153846154,0.03570728051391863,0.014567959999999998,0.26471
7344,12.642307692307694,0.035521627408993575,0.014601069,0.262654
7345,12.646153846153846,0.03576916488222698,0.014567959999999998,0.26471
7346,12.65,0.035831049250535325,0.014634177999999998,0.262654
7347,12.653846153846155,0.03576916488222698,0.014700396,0.263682
7348,12.65769230769231,0.035521627408993575,0.014766613999999999,0.262654
7349,12.661538461538461,0.03545974304068523,0.014667286999999998,0.262654
7350,12.665384615384616,0.03570728051391863,0.014667286999999998,0.263682
7351,12.66923076923077,0.03564539614561028,0.014667286999999998,0.264196
7352,12.673076923076925,0.035521627408993575,0.014601069,0.264196
7353,12.676923076923076,0.03545974304068523,0.014501741999999998,0.26214000000000004
7354,12.680769230769231,0.03570728051391863,0.014534851,0.26471
7355,12.684615384615386,0.035831049250535325,0.014534851,0.26214000000000004
7356,12.68846153846154,0.03570728051391863,0.014601069,0.26471
7357,12.692307692307692,0.03545974304068523,0.014601069,0.26214000000000004
7358,12.696153846153846,0.03570728051391863,0.014700396,0.26471
7359,12.700000000000001,0.03576916488222698,0.014700396,0.26214000000000004
7360,12.703846153846156,0.03570728051391863,0.014667286999999998,0.264196
7361,12.70769230769231,0.03545974304068523,0.014667286999999998,0.263168
7362,12.711538461538462,0.03545974304068523,0.014766613999999999,0.263682
7363,12.715384615384616,0.03564539614561028,0.014766613999999999,0.263682
7364,12.719230769230771,0.03545974304068523,0.014733504999999997,0.26471
7365,12.723076923076926,0.03545974304068523,0.014733504999999997,0.263682
7366,12.726923076923077,0.035335974304068526,0.014766613999999999,0.262654
7367,12.730769230769232,0.03558351177730193,0.014733504999999997,0.264196
7368,12.734615384615386,0.03570728051391863,0.014733504999999997,0.262654
7369,12.738461538461541,0.03558351177730193,0.014667286999999998,0.264196
7370,12.742307692307692,0.03545974304068523,0.014567959999999998,0.262654
7371,12.746153846153847,0.035521627408993575,0.014468632999999998,0.264196
7372,12.750000000000002,0.03570728051391863,0.014468632999999998,0.262654
7373,12.753846153846156,0.03576916488222698,0.014634177999999998,0.264196
7374,12.757692307692308,0.035397858672376874,0.014700396,0.26214000000000004
7375,12.761538461538462,0.035335974304068526,0.014700396,0.263682
7376,12.765384615384617,0.03558351177730193,0.014733504999999997,0.263682
7377,12.769230769230772,0.035521627408993575,0.014766613999999999,0.265224
7378,12.773076923076923,0.03545974304068523,0.014700396,0.263682
7379,12.776923076923078,0.035335974304068526,0.014667286999999998,0.26214000000000004
7380,12.780769230769232,0.035397858672376874,0.014700396,0.264196
7381,12.784615384615387,0.03564539614561028,0.014733504999999997,0.26214000000000004
7382,12.788461538461538,0.03558351177730193,0.014700396,0.26471
7383,12.792307692307693,0.035335974304068526,0.014667286999999998,0.262654
7384,12.796153846153848,0.03545974304068523,0.014700396,0.26471
7385,12.800000000000002,0.03564539614561028,0.014667286999999998,0.262654
7386,12.803846153846154,0.03558351177730193,0.014601069,0.264196
7387,12.807692307692308,0.035335974304068526,0.014667286999999998,0.262654
7388,12.811538461538463,0.035335974304068526,0.014766613999999999,0.264196
7389,12.815384615384618,0.035521627408993575,0.014799722999999999,0.263682
7390,12.819230769230769,0.035521627408993575,0.014733504999999997,0.26471
7391,12.823076923076924,0.03545974304068523,0.014733504999999997,0.264196
7392,12.826923076923078,0.03527408993576017,0.014766613999999999,0.262654
7393,12.830769230769233,0.035397858672376874,0.014766613999999999,0.26471
7394,12.834615384615384,0.03564539614561028,0.014766613999999999,0.262654
7395,12.838461538461539,0.03564539614561028,0.014832831999999997,0.26471
7396,12.842307692307694,0.03527408993576017,0.014865940999999999,0.262654
7397,12.846153846153848,0.03527408993576017,0.014766613999999999,0.26471
7398,12.85,0.03545974304068523,0.014733504999999997,0.262654
7399,12.853846153846154,0.03564539614561028,0.014799722999999999,0.264196
7400,12.857692307692309,0.035397858672376874,0.014799722999999999,0.262654
7401,12.861538461538464,0.03527408993576017,0.014799722999999999,0.263682
7402,12.865384615384615,0.03545974304068523,0.014832831999999997,0.263168
7403,12.86923076923077,0.03558351177730193,0.014899049999999999,0.26471
7404,12.873076923076924,0.035521627408993575,0.014932158999999997,0.264196
7405,12.87692307692308,0.035335974304068526,0.014865940999999999,0.262654
7406,12.88076923076923,0.035335974304068526,0.014932158999999997,0.264196
7407,12.884615384615385,0.03558351177730193,0.014899049999999999,0.26214000000000004
7408,12.88846153846154,0.035521627408993575,0.014832831999999997,0.26471
7409,12.892307692307694,0.03521220556745182,0.014832831999999997,0.262654
7410,12.896153846153846,0.035397858672376874,0.014832831999999997,0.264196
7411,12.9,0.035521627408993575,0.014766613999999999,0.26214000000000004
7412,12.903846153846155,0.03558351177730193,0.014667286999999998,0.26471
7413,12.90769230769231,0.03521220556745182,0.014700396,0.26214000000000004
7414,12.911538461538461,0.03521220556745182,0.014700396,0.26471
7415,12.915384615384616,0.03545974304068523,0.014667286999999998,0.262654
7416,12.91923076923077,0.035335974304068526,0.014700396,0.26471
7417,12.923076923076925,0.035397858672376874,0.014700396,0.263682
7418,12.926923076923076,0.03515032119914347,0.014733504999999997,0.263168
7419,12.930769230769231,0.035335974304068526,0.014667286999999998,0.264196
7420,12.934615384615386,0.035521627408993575,0.014733504999999997,0.262654
7421,12.93846153846154,0.03558351177730193,0.014799722999999999,0.264196
7422,12.942307692307692,0.03515032119914347,0.014766613999999999,0.263168
7423,12.946153846153846,0.03515032119914347,0.014700396,0.26471
7424,12.950000000000001,0.035335974304068526,0.014733504999999997,0.26214000000000004
7425,12.953846153846156,0.035521627408993575,0.014799722999999999,0.26471
7426,12.95769230769231,0.035335974304068526,0.014799722999999999,0.26214000000000004
7427,12.961538461538462,0.03521220556745182,0.014832831999999997,0.263682
7428,12.965384615384616,0.03521220556745182,0.014932158999999997,0.263682
7429,12.969230769230771,0.03558351177730193,0.015031485999999998,0.26471
7430,12.973076923076926,0.03545974304068523,0.014932158999999997,0.264196
7431,12.976923076923077,0.03527408993576017,0.014832831999999997,0.26214000000000004
7432,12.980769230769232,0.03515032119914347,0.014932158999999997,0.26471
7433,12.984615384615386,0.035397858672376874,0.014965267999999999,0.262654
7434,12.988461538461541,0.035521627408993575,0.014899049999999999,0.265224
7435,12.992307692307692,0.03521220556745182,0.014965267999999999,0.262654
7436,12.996153846153847,0.03515032119914347,0.015031485999999998,0.26471
7437,13.000000000000002,0.03527408993576017,0.015064594999999998,0.262654
7438,13.003846153846156,0.03545974304068523,0.014932158999999997,0.264196
7439,13.007692307692308,0.03527408993576017,0.014899049999999999,0.263168
7440,13.011538461538462,0.03515032119914347,0.014899049999999999,0.263682
7441,13.015384615384617,0.03515032119914347,0.014865940999999999,0.264196
7442,13.019230769230772,0.035397858672376874,0.014832831999999997,0.26471
7443,13.023076923076923,0.03545974304068523,0.014799722999999999,0.264196
7444,13.026923076923078,0.035335974304068526,0.014865940999999999,0.262654
7445,13.030769230769232,0.03508843683083512,0.014865940999999999,0.26471
7446,13.034615384615387,0.03521220556745182,0.014832831999999997,0.262654
7447,13.038461538461538,0.03545974304068523,0.014865940999999999,0.26471
7448,13.042307692307693,0.035335974304068526,0.014865940999999999,0.262654
7449,13.046153846153848,0.03508843683083512,0.014733504999999997,0.26471
7450,13.050000000000002,0.03508843683083512,0.014700396,0.262654
7451,13.053846153846154,0.03527408993576017,0.014733504999999997,0.263682
7452,13.057692307692308,0.035397858672376874,0.014799722999999999,0.262654
7453,13.061538461538463,0.03527408993576017,0.014733504999999997,0.263168
7454,13.065384615384618,0.03508843683083512,0.014667286999999998,0.263682
7455,13.069230769230769,0.035397858672376874,0.014799722999999999,0.264196
7456,13.073076923076924,0.03545974304068523,0.014899049999999999,0.264196
7457,13.076923076923078,0.03527408993576017,0.014865940999999999,0.26214000000000004
7458,13.080769230769233,0.03502655246252677,0.014865940999999999,0.264196
7459,13.084615384615384,0.03515032119914347,0.014865940999999999,0.262654
7460,13.088461538461539,0.035397858672376874,0.014865940999999999,0.26471
7461,13.092307692307694,0.03521220556745182,0.014832831999999997,0.262654
7462,13.096153846153848,0.03502655246252677,0.014899049999999999,0.26471
7463,13.1,0.03508843683083512,0.014899049999999999,0.262654
7464,13.103846153846154,0.035335974304068526,0.014832831999999997,0.264196
7465,13.107692307692309,0.03527408993576017,0.014832831999999997,0.262654
7466,13.111538461538464,0.03502655246252677,0.014865940999999999,0.264196
7467,13.115384615384615,0.034964668094218415,0.014865940999999999,0.263682
7468,13.11923076923077,0.035335974304068526,0.014832831999999997,0.26471
7469,13.123076923076924,0.035335974304068526,0.014899049999999999,0.264196
7470,13.12692307692308,0.03527408993576017,0.015031485999999998,0.262654
7471,13.13076923076923,0.03508843683083512,0.015031485999999998,0.26471
7472,13.134615384615385,0.03502655246252677,0.014998377,0.262654
7473,13.13846153846154,0.035335974304068526,0.014998377,0.26471
7474,13.142307692307694,0.03521220556745182,0.015031485999999998,0.263168
7475,13.146153846153846,0.03502655246252677,0.014932158999999997,0.265224
7476,13.15,0.034964668094218415,0.014865940999999999,0.262654
7477,13.153846153846155,0.03515032119914347,0.014899049999999999,0.264196
7478,13.15769230769231,0.035335974304068526,0.014899049999999999,0.262654
7479,13.161538461538461,0.03515032119914347,0.014832831999999997,0.263682
7480,13.165384615384616,0.034964668094218415,0.014832831999999997,0.263682
7481,13.16923076923077,0.035335974304068526,0.014932158999999997,0.265224
7482,13.173076923076925,0.03527408993576017,0.014932158999999997,0.263682
7483,13.176923076923076,0.03521220556745182,0.014865940999999999,0.262654
7484,13.180769230769231,0.034964668094218415,0.014932158999999997,0.264196
7485,13.184615384615386,0.03502655246252677,0.014899049999999999,0.26214000000000004
7486,13.18846153846154,0.03527408993576017,0.014832831999999997,0.265224
7487,13.192307692307692,0.03508843683083512,0.014799722999999999,0.263168
7488,13.196153846153846,0.034964668094218415,0.014865940999999999,0.26471
7489,13.200000000000001,0.03502655246252677,0.014865940999999999,0.26214000000000004
7490,13.203846153846156,0.03527408993576017,0.014832831999999997,0.26471
7491,13.20769230769231,0.03527408993576017,0.014865940999999999,0.262654
7492,13.211538461538462,0.03508843683083512,0.014899049999999999,0.264196
7493,13.215384615384616,0.03490278372591006,0.014865940999999999,0.263168
7494,13.219230769230771,0.03527408993576017,0.014865940999999999,0.26471
7495,13.223076923076926,0.03527408993576017,0.014899049999999999,0.263168
7496,13.226923076923077,0.03521220556745182,0.014965267999999999,0.263168
7497,13.230769230769232,0.034964668094218415,0.014965267999999999,0.26471
7498,13.234615384615386,0.034964668094218415,0.014965267999999999,0.262654
7499,13.238461538461541,0.03515032119914347,0.014998377,0.26471
7500,13.242307692307692,0.03515032119914347,0.015097704,0.263168
7501,13.246153846153847,0.03490278372591006,0.014965267999999999,0.264196
7502,13.250000000000002,0.03490278372591006,0.014965267999999999,0.262654
7503,13.253846153846156,0.03502655246252677,0.014965267999999999,0.264196
7504,13.257692307692308,0.03527408993576017,0.014998377,0.262654
7505,13.261538461538462,0.03515032119914347,0.014932158999999997,0.264196
7506,13.265384615384617,0.034840899357601714,0.014899049999999999,0.262654
7507,13.269230769230772,0.03527408993576017,0.014932158999999997,0.265224
7508,13.273076923076923,0.03521220556745182,0.014899049999999999,0.263168
7509,13.276923076923078,0.03515032119914347,0.014832831999999997,0.262654
7510,13.280769230769232,0.03490278372591006,0.014932158999999997,0.264196
7511,13.284615384615387,0.03490278372591006,0.015031485999999998,0.26214000000000004
7512,13.288461538461538,0.03521220556745182,0.014932158999999997,0.264196
7513,13.292307692307693,0.034964668094218415,0.014865940999999999,0.263682
7514,13.296153846153848,0.034840899357601714,0.014865940999999999,0.263682
7515,13.300000000000002,0.03490278372591006,0.014899049999999999,0.26214000000000004
7516,13.303846153846154,0.03502655246252677,0.014865940999999999,0.26471
7517,13.307692307692308,0.03521220556745182,0.014899049999999999,0.262654
7518,13.311538461538463,0.03508843683083512,0.014865940999999999,0.26471
7519,13.315384615384618,0.03477901498929336,0.014865940999999999,0.262654
7520,13.319230769230769,0.03521220556745182,0.014865940999999999,0.26471
7521,13.323076923076924,0.03521220556745182,0.014865940999999999,0.262654
7522,13.326923076923078,0.03508843683083512,0.014865940999999999,0.264196
7523,13.330769230769233,0.03490278372591006,0.014832831999999997,0.263682
7524,13.334615384615384,0.03477901498929336,0.014832831999999997,0.262654
7525,13.338461538461539,0.03508843683083512,0.014865940999999999,0.264196
7526,13.342307692307694,0.03502655246252677,0.014799722999999999,0.264196
7527,13.346153846153848,0.034840899357601714,0.014733504999999997,0.263682
7528,13.35,0.034840899357601714,0.014799722999999999,0.262654
7529,13.353846153846154,0.034964668094218415,0.014899049999999999,0.26471
7530,13.357692307692309,0.03508843683083512,0.014865940999999999,0.262654
7531,13.361538461538464,0.034964668094218415,0.014799722999999999,0.264196
7532,13.365384615384615,0.03471713062098501,0.014832831999999997,0.263168
7533,13.36923076923077,0.03515032119914347,0.014832831999999997,0.265224
7534,13.373076923076924,0.03515032119914347,0.014766613999999999,0.262654
7535,13.37692307692308,0.034964668094218415,0.014733504999999997,0.263168
7536,13.38076923076923,0.03471713062098501,0.014799722999999999,0.263168
7537,13.384615384615385,0.03477901498929336,0.014832831999999997,0.263168
7538,13.38846153846154,0.03508843683083512,0.014766613999999999,0.264196
7539,13.392307692307694,0.034840899357601714,0.014832831999999997,0.264196
7540,13.396153846153846,0.03471713062098501,0.014865940999999999,0.263168
7541,13.4,0.03477901498929336,0.014865940999999999,0.26214000000000004
7542,13.403846153846155,0.034840899357601714,0.014832831999999997,0.265224
7543,13.40769230769231,0.03515032119914347,0.014832831999999997,0.262654
7544,13.411538461538461,0.03502655246252677,0.014865940999999999,0.26471
7545,13.415384615384616,0.03477901498929336,0.014799722999999999,0.262654
7546,13.41923076923077,0.03515032119914347,0.014799722999999999,0.264196
7547,13.423076923076925,0.03508843683083512,0.014832831999999997,0.262654
7548,13.426923076923076,0.03508843683083512,0.014899049999999999,0.264196
7549,13.430769230769231,0.034840899357601714,0.014832831999999997,0.263682
7550,13.434615384615386,0.03471713062098501,0.014766613999999999,0.263168
7551,13.43846153846154,0.034964668094218415,0.014832831999999997,0.263682
7552,13.442307692307695,0.03502655246252677,0.014832831999999997,0.264196
7553,13.446153846153846,0.03471713062098501,0.014766613999999999,0.264196
7554,13.450000000000001,0.03471713062098501,0.014832831999999997,0.263168
7555,13.453846153846156,0.03490278372591006,0.014832831999999997,0.26471
7556,13.45769230769231,0.03508843683083512,0.014733504999999997,0.262654
7557,13.461538461538462,0.03490278372591006,0.014634177999999998,0.264196
7558,13.465384615384616,0.03465524625267666,0.014634177999999998,0.262654
7559,13.469230769230771,0.03508843683083512,0.014667286999999998,0.26471
7560,13.473076923076926,0.03502655246252677,0.014667286999999998,0.262654
7561,13.476923076923077,0.034964668094218415,0.014634177999999998,0.263682
7562,13.480769230769232,0.03465524625267666,0.014799722999999999,0.263168
7563,13.484615384615386,0.03465524625267666,0.014832831999999997,0.263168
7564,13.488461538461541,0.03490278372591006,0.014766613999999999,0.264196
7565,13.492307692307692,0.034964668094218415,0.014799722999999999,0.264196
7566,13.496153846153847,0.03465524625267666,0.014832831999999997,0.263682
7567,13.500000000000002,0.03465524625267666,0.014899049999999999,0.262654
7568,13.503846153846156,0.03471713062098501,0.014932158999999997,0.265224
7569,13.507692307692308,0.03502655246252677,0.014998377,0.262654
7570,13.511538461538462,0.03502655246252677,0.015064594999999998,0.26471
7571,13.515384615384617,0.03477901498929336,0.014998377,0.26214000000000004
7572,13.519230769230772,0.034840899357601714,0.014932158999999997,0.26471
7573,13.523076923076923,0.034840899357601714,0.014865940999999999,0.262654
7574,13.526923076923078,0.03502655246252677,0.014899049999999999,0.264196
7575,13.530769230769232,0.03477901498929336,0.014832831999999997,0.263168
7576,13.534615384615387,0.03459336188436831,0.014832831999999997,0.263682
7577,13.538461538461538,0.034840899357601714,0.014932158999999997,0.263682
7578,13.542307692307693,0.03490278372591006,0.014899049999999999,0.264196
7579,13.546153846153848,0.03465524625267666,0.014865940999999999,0.263682
7580,13.550000000000002,0.03459336188436831,0.014865940999999999,0.262654
7581,13.553846153846154,0.03471713062098501,0.014899049999999999,0.26471
7582,13.557692307692308,0.034964668094218415,0.014865940999999999,0.262654
7583,13.561538461538463,0.034840899357601714,0.014799722999999999,0.26471
7584,13.565384615384618,0.03459336188436831,0.014865940999999999,0.26214000000000004
7585,13.569230769230769,0.03490278372591006,0.014865940999999999,0.26471
7586,13.573076923076924,0.034964668094218415,0.014865940999999999,0.262654
7587,13.576923076923078,0.034964668094218415,0.014865940999999999,0.263682
7588,13.580769230769233,0.03471713062098501,0.014932158999999997,0.263168
7589,13.584615384615384,0.03453147751605996,0.014932158999999997,0.263682
7590,13.588461538461539,0.03471713062098501,0.014766613999999999,0.263682
7591,13.592307692307694,0.034964668094218415,0.014700396,0.264196
7592,13.596153846153848,0.03477901498929336,0.014667286999999998,0.263682
7593,13.6,0.03459336188436831,0.014601069,0.262654
7594,13.603846153846154,0.03465524625267666,0.014567959999999998,0.26471
7595,13.607692307692309,0.03490278372591006,0.014733504999999997,0.262654
7596,13.611538461538464,0.034964668094218415,0.014832831999999997,0.26471
7597,13.615384615384615,0.03471713062098501,0.014766613999999999,0.26214000000000004
7598,13.61923076923077,0.03471713062098501,0.014766613999999999,0.264196
7599,13.623076923076924,0.03477901498929336,0.014766613999999999,0.262654
7600,13.62692307692308,0.034964668094218415,0.014832831999999997,0.264196
7601,13.63076923076923,0.03471713062098501,0.014766613999999999,0.262654
7602,13.634615384615385,0.0344695931477516,0.014733504999999997,0.264196
7603,13.63846153846154,0.03471713062098501,0.014766613999999999,0.263682
7604,13.642307692307694,0.034840899357601714,0.014700396,0.264196
7605,13.646153846153846,0.03465524625267666,0.014634177999999998,0.263682
7606,13.65,0.03453147751605996,0.014700396,0.263168
7607,13.653846153846155,0.03459336188436831,0.014766613999999999,0.26471
7608,13.65769230769231,0.03490278372591006,0.014700396,0.262654
7609,13.661538461538461,0.034840899357601714,0.014667286999999998,0.264196
7610,13.665384615384616,0.03453147751605996,0.014766613999999999,0.262654
7611,13.66923076923077,0.03471713062098501,0.014766613999999999,0.26471
7612,13.673076923076925,0.03471713062098501,0.014766613999999999,0.262654
7613,13.676923076923076,0.034840899357601714,0.014733504999999997,0.264196
7614,13.680769230769231,0.03465524625267666,0.014865940999999999,0.262654
7615,13.684615384615386,0.0344695931477516,0.014865940999999999,0.263168
7616,13.68846153846154,0.03453147751605996,0.014799722999999999,0.264196
7617,13.692307692307695,0.034840899357601714,0.014799722999999999,0.264196
7618,13.696153846153846,0.03477901498929336,0.014799722999999999,0.263682
7619,13.700000000000001,0.03465524625267666,0.014799722999999999,0.26214000000000004
7620,13.703846153846156,0.0344695931477516,0.014733504999999997,0.26471
7621,13.70769230769231,0.03471713062098501,0.014832831999999997,0.262654
7622,13.711538461538462,0.034840899357601714,0.014865940999999999,0.26471
7623,13.715384615384616,0.03471713062098501,0.014766613999999999,0.26214000000000004
7624,13.719230769230771,0.03453147751605996,0.014733504999999997,0.26471
7625,13.723076923076926,0.03459336188436831,0.014667286999999998,0.262654
7626,13.726923076923077,0.034840899357601714,0.014700396,0.26471
7627,13.730769230769232,0.03465524625267666,0.014634177999999998,0.262654
7628,13.734615384615386,0.0344695931477516,0.014667286999999998,0.263682
7629,13.738461538461541,0.0344695931477516,0.014799722999999999,0.263682
7630,13.742307692307692,0.03477901498929336,0.014766613999999999,0.264196
7631,13.746153846153847,0.03459336188436831,0.014733504999999997,0.263168
7632,13.750000000000002,0.034407708779443255,0.014766613999999999,0.263168
7633,13.753846153846156,0.0344695931477516,0.014799722999999999,0.264196
7634,13.757692307692308,0.03477901498929336,0.014667286999999998,0.263682
7635,13.761538461538462,0.03477901498929336,0.014601069,0.26471
7636,13.765384615384617,0.0344695931477516,0.014667286999999998,0.263168
7637,13.769230769230772,0.03453147751605996,0.014667286999999998,0.264196
7638,13.773076923076923,0.03459336188436831,0.014667286999999998,0.26214000000000004
7639,13.776923076923078,0.03477901498929336,0.014700396,0.26471
7640,13.780769230769232,0.03459336188436831,0.014766613999999999,0.262654
7641,13.784615384615387,0.034407708779443255,0.014766613999999999,0.264196
7642,13.788461538461538,0.03453147751605996,0.014700396,0.263168
7643,13.792307692307693,0.03471713062098501,0.014733504999999997,0.26471
7644,13.796153846153848,0.03471713062098501,0.014700396,0.263168
7645,13.800000000000002,0.03453147751605996,0.014601069,0.262654
7646,13.803846153846154,0.034407708779443255,0.014567959999999998,0.264196
7647,13.807692307692308,0.03459336188436831,0.014601069,0.263168
7648,13.811538461538463,0.03471713062098501,0.014634177999999998,0.26471
7649,13.815384615384618,0.03459336188436831,0.014567959999999998,0.262654
7650,13.819230769230769,0.0344695931477516,0.014534851,0.263682
7651,13.823076923076924,0.0344695931477516,0.014468632999999998,0.262654
7652,13.826923076923078,0.03465524625267666,0.014468632999999998,0.26471
7653,13.830769230769233,0.03459336188436831,0.014369305999999998,0.262654
7654,13.834615384615384,0.0343458244111349,0.014402414999999998,0.264196
7655,13.838461538461539,0.0344695931477516,0.014468632999999998,0.262654
7656,13.842307692307694,0.03477901498929336,0.014468632999999998,0.26471
7657,13.846153846153848,0.03459336188436831,0.014468632999999998,0.263168
7658,13.85,0.0343458244111349,0.014567959999999998,0.264196
7659,13.853846153846154,0.034407708779443255,0.014634177999999998,0.264196
7660,13.857692307692309,0.03465524625267666,0.014567959999999998,0.263682
7661,13.861538461538464,0.03471713062098501,0.014601069,0.264196
7662,13.865384615384615,0.0344695931477516,0.014634177999999998,0.263168
7663,13.86923076923077,0.0344695931477516,0.014601069,0.263682
7664,13.873076923076924,0.0344695931477516,0.014634177999999998,0.262654
7665,13.87692307692308,0.03465524625267666,0.014634177999999998,0.26471
7666,13.88076923076923,0.03453147751605996,0.014667286999999998,0.26214000000000004
7667,13.884615384615385,0.034407708779443255,0.014567959999999998,0.26471
7668,13.88846153846154,0.0343458244111349,0.014567959999999998,0.263168
7669,13.892307692307694,0.03471713062098501,0.014733504999999997,0.26471
7670,13.896153846153846,0.03465524625267666,0.014733504999999997,0.262654
7671,13.9,0.0344695931477516,0.014634177999999998,0.263682
7672,13.903846153846155,0.034283940042826554,0.014667286999999998,0.264196
7673,13.90769230769231,0.03459336188436831,0.014799722999999999,0.263682
7674,13.911538461538461,0.03465524625267666,0.014832831999999997,0.264196
7675,13.915384615384616,0.03453147751605996,0.014766613999999999,0.262654
7676,13.91923076923077,0.034407708779443255,0.014799722999999999,0.263682
7677,13.923076923076925,0.034407708779443255,0.014733504999999997,0.26214000000000004
7678,13.926923076923076,0.03465524625267666,0.014667286999999998,0.265224
7679,13.930769230769231,0.03453147751605996,0.014534851,0.26214000000000004
7680,13.934615384615386,0.034283940042826554,0.014567959999999998,0.26471
7681,13.93846153846154,0.0343458244111349,0.014634177999999998,0.262654
7682,13.942307692307695,0.03465524625267666,0.014567959999999998,0.26471
7683,13.946153846153846,0.03453147751605996,0.014567959999999998,0.262654
7684,13.950000000000001,0.034407708779443255,0.014700396,0.263682
7685,13.953846153846156,0.034283940042826554,0.014799722999999999,0.263682
7686,13.95769230769231,0.0344695931477516,0.014733504999999997,0.263682
7687,13.961538461538462,0.03459336188436831,0.014733504999999997,0.26471
7688,13.965384615384616,0.0344695931477516,0.014799722999999999,0.263168
7689,13.969230769230771,0.034283940042826554,0.014766613999999999,0.263682
7690,13.973076923076926,0.034407708779443255,0.014700396,0.26214000000000004
7691,13.976923076923077,0.0344695931477516,0.014667286999999998,0.264196
7692,13.980769230769232,0.03459336188436831,0.014733504999999997,0.262654
7693,13.984615384615386,0.034407708779443255,0.014733504999999997,0.26471
7694,13.988461538461541,0.034283940042826554,0.014733504999999997,0.262654
7695,13.992307692307692,0.03459336188436831,0.014799722999999999,0.26471
7696,13.996153846153847,0.03453147751605996,0.014832831999999997,0.26214000000000004
7697,14.000000000000002,0.034407708779443255,0.014799722999999999,0.264196
7698,14.003846153846156,0.0342220556745182,0.014799722999999999,0.263682
7699,14.007692307692308,0.0343458244111349,0.014832831999999997,0.263682
7700,14.011538461538462,0.03453147751605996,0.014766613999999999,0.264196
7701,14.015384615384617,0.0344695931477516,0.014700396,0.262654
7702,14.019230769230772,0.034407708779443255,0.014799722999999999,0.263168
7703,14.023076923076923,0.0343458244111349,0.014766613999999999,0.262654
7704,14.026923076923078,0.0344695931477516,0.014766613999999999,0.265224
7705,14.030769230769232,0.03453147751605996,0.014799722999999999,0.262654
7706,14.034615384615387,0.0342220556745182,0.014932158999999997,0.26471
7707,14.038461538461538,0.034160171306209845,0.014899049999999999,0.262654
7708,14.042307692307693,0.03453147751605996,0.014766613999999999,0.26471
7709,14.046153846153848,0.034407708779443255,0.014865940999999999,0.262654
7710,14.050000000000002,0.034283940042826554,0.014932158999999997,0.264196
7711,14.053846153846154,0.034160171306209845,0.014899049999999999,0.264196
7712,14.057692307692308,0.034283940042826554,0.014766613999999999,0.263682
7713,14.061538461538463,0.034407708779443255,0.014700396,0.264196
7714,14.065384615384618,0.0344695931477516,0.014799722999999999,0.263168
7715,14.069230769230769,0.0342220556745182,0.014733504999999997,0.262654
7716,14.073076923076924,0.034160171306209845,0.014667286999999998,0.262654
7717,14.076923076923078,0.034283940042826554,0.014667286999999998,0.26471
7718,14.080769230769233,0.03453147751605996,0.014766613999999999,0.262654
7719,14.084615384615384,0.034407708779443255,0.014733504999999997,0.26471
7720,14.088461538461539,0.0340982869379015,0.014700396,0.262654
7721,14.092307692307694,0.0344695931477516,0.014733504999999997,0.265224
7722,14.096153846153848,0.034407708779443255,0.014700396,0.262654
7723,14.1,0.034283940042826554,0.014700396,0.264196
7724,14.103846153846154,0.034160171306209845,0.014733504999999997,0.263168
7725,14.107692307692309,0.034283940042826554,0.014799722999999999,0.264196
7726,14.111538461538464,0.0344695931477516,0.014799722999999999,0.263682
7727,14.115384615384615,0.0343458244111349,0.014766613999999999,0.263168
7728,14.11923076923077,0.034283940042826554,0.014899049999999999,0.262654
7729,14.123076923076924,0.0342220556745182,0.014899049999999999,0.262654
7730,14.12692307692308,0.0344695931477516,0.014799722999999999,0.26471
7731,14.13076923076923,0.034407708779443255,0.014733504999999997,0.26214000000000004
7732,14.134615384615385,0.0342220556745182,0.014733504999999997,0.26471
7733,14.13846153846154,0.034036402569593144,0.014667286999999998,0.26214000000000004
7734,14.142307692307694,0.034407708779443255,0.014567959999999998,0.26471
7735,14.146153846153846,0.0344695931477516,0.014601069,0.26214000000000004
7736,14.15,0.0343458244111349,0.014733504999999997,0.26471
7737,14.153846153846155,0.034160171306209845,0.014733504999999997,0.263168
7738,14.15769230769231,0.0342220556745182,0.014700396,0.264196
7739,14.161538461538461,0.0343458244111349,0.014667286999999998,0.264196
7740,14.165384615384616,0.0344695931477516,0.014766613999999999,0.263168
7741,14.16923076923077,0.0340982869379015,0.014733504999999997,0.262654
7742,14.173076923076925,0.0340982869379015,0.014799722999999999,0.262654
7743,14.176923076923076,0.0342220556745182,0.014799722999999999,0.26471
7744,14.180769230769231,0.0344695931477516,0.014865940999999999,0.262654
7745,14.184615384615386,0.0343458244111349,0.014832831999999997,0.26471
7746,14.18846153846154,0.0339745182012848,0.014799722999999999,0.262654
7747,14.192307692307695,0.0343458244111349,0.014865940999999999,0.265224
7748,14.196153846153846,0.034407708779443255,0.014832831999999997,0.26214000000000004
7749,14.200000000000001,0.0343458244111349,0.014832831999999997,0.264196
7750,14.203846153846156,0.0340982869379015,0.014932158999999997,0.263682
7751,14.20769230769231,0.0340982869379015,0.015064594999999998,0.264196
7752,14.211538461538462,0.034283940042826554,0.015031485999999998,0.264196
7753,14.215384615384616,0.034407708779443255,0.014865940999999999,0.263168
7754,14.219230769230771,0.034036402569593144,0.014865940999999999,0.263168
7755,14.223076923076926,0.034036402569593144,0.014799722999999999,0.262654
7756,14.226923076923077,0.034160171306209845,0.014733504999999997,0.26471
7757,14.230769230769232,0.034407708779443255,0.014667286999999998,0.262654
7758,14.234615384615386,0.034283940042826554,0.014733504999999997,0.26471
7759,14.238461538461541,0.0339745182012848,0.014766613999999999,0.262654
7760,14.242307692307692,0.0342220556745182,0.014700396,0.265224
7761,14.246153846153847,0.0343458244111349,0.014733504999999997,0.262654
7762,14.250000000000002,0.034283940042826554,0.014799722999999999,0.26471
7763,14.253846153846156,0.034160171306209845,0.014766613999999999,0.263682
7764,14.257692307692308,0.0339745182012848,0.014733504999999997,0.264196
7765,14.261538461538462,0.0340982869379015,0.014733504999999997,0.264196
7766,14.265384615384617,0.0343458244111349,0.014799722999999999,0.263682
7767,14.269230769230772,0.0339745182012848,0.014766613999999999,0.262654
7768,14.273076923076923,0.0339745182012848,0.014733504999999997,0.263168
7769,14.276923076923078,0.0340982869379015,0.014733504999999997,0.26471
7770,14.280769230769232,0.034407708779443255,0.014799722999999999,0.262654
7771,14.284615384615387,0.0343458244111349,0.014733504999999997,0.26471
7772,14.288461538461538,0.034036402569593144,0.014700396,0.262654
7773,14.292307692307693,0.0342220556745182,0.014766613999999999,0.26471
7774,14.296153846153848,0.0343458244111349,0.014733504999999997,0.26214000000000004
7775,14.300000000000002,0.034283940042826554,0.014700396,0.264196
7776,14.303846153846154,0.034036402569593144,0.014733504999999997,0.263168
7777,14.307692307692308,0.03391263383297644,0.014832831999999997,0.264196
7778,14.311538461538463,0.0342220556745182,0.014766613999999999,0.263682
7779,14.315384615384618,0.0343458244111349,0.014733504999999997,0.263168
7780,14.319230769230769,0.03391263383297644,0.014832831999999997,0.262654
7781,14.323076923076924,0.03391263383297644,0.014832831999999997,0.262654
7782,14.326923076923078,0.0339745182012848,0.014766613999999999,0.265224
7783,14.330769230769233,0.034283940042826554,0.014700396,0.262654
7784,14.334615384615384,0.034283940042826554,0.014799722999999999,0.26471
7785,14.338461538461539,0.0339745182012848,0.014733504999999997,0.26214000000000004
7786,14.342307692307694,0.034036402569593144,0.014634177999999998,0.26471
7787,14.346153846153848,0.034283940042826554,0.014601069,0.26214000000000004
7788,14.35,0.0343458244111349,0.014700396,0.26471
7789,14.353846153846154,0.034160171306209845,0.014733504999999997,0.262654
7790,14.357692307692309,0.03391263383297644,0.014766613999999999,0.26471
7791,14.361538461538464,0.034036402569593144,0.014799722999999999,0.263682
7792,14.365384615384615,0.034283940042826554,0.014799722999999999,0.264196
7793,14.36923076923077,0.03391263383297644,0.014667286999999998,0.262654
7794,14.373076923076924,0.03391263383297644,0.014667286999999998,0.262654
7795,14.37692307692308,0.03391263383297644,0.014700396,0.26471
7796,14.38076923076923,0.0342220556745182,0.014766613999999999,0.263168
7797,14.384615384615385,0.034283940042826554,0.014733504999999997,0.26471
7798,14.38846153846154,0.0339745182012848,0.014766613999999999,0.262654
7799,14.392307692307694,0.0339745182012848,0.014799722999999999,0.26471
7800,14.396153846153846,0.0342220556745182,0.014733504999999997,0.26214000000000004
7801,14.4,0.034283940042826554,0.014667286999999998,0.264196
7802,14.403846153846155,0.0339745182012848,0.014667286999999998,0.263168
7803,14.40769230769231,0.03391263383297644,0.014733504999999997,0.26471
7804,14.411538461538461,0.0339745182012848,0.014700396,0.264196
7805,14.415384615384616,0.0342220556745182,0.014667286999999998,0.263682
7806,14.41923076923077,0.03391263383297644,0.014799722999999999,0.262654
7807,14.423076923076925,0.03391263383297644,0.014766613999999999,0.262654
7808,14.426923076923076,0.033850749464668095,0.014700396,0.26471
7809,14.430769230769231,0.0340982869379015,0.014667286999999998,0.262654
7810,14.434615384615386,0.034283940042826554,0.014799722999999999,0.26471
7811,14.43846153846154,0.0340982869379015,0.014832831999999997,0.262654
7812,14.442307692307695,0.03391263383297644,0.014766613999999999,0.265224
7813,14.446153846153846,0.0340982869379015,0.014766613999999999,0.262654
7814,14.450000000000001,0.0342220556745182,0.014832831999999997,0.26471
7815,14.453846153846156,0.034160171306209845,0.014733504999999997,0.262654
7816,14.45769230769231,0.033850749464668095,0.014667286999999998,0.26471
7817,14.461538461538462,0.03391263383297644,0.014634177999999998,0.263682
7818,14.465384615384616,0.0342220556745182,0.014733504999999997,0.264196
7819,14.469230769230771,0.03391263383297644,0.014634177999999998,0.262654
7820,14.473076923076926,0.03391263383297644,0.014634177999999998,0.263168
7821,14.476923076923077,0.033850749464668095,0.014700396,0.26471
7822,14.480769230769232,0.034160171306209845,0.014766613999999999,0.263168
7823,14.484615384615386,0.034160171306209845,0.014766613999999999,0.26471
7824,14.488461538461541,0.033850749464668095,0.014832831999999997,0.262654
7825,14.492307692307692,0.03391263383297644,0.014865940999999999,0.264196
7826,14.496153846153847,0.034160171306209845,0.014766613999999999,0.262654
7827,14.500000000000002,0.034160171306209845,0.014700396,0.26471
7828,14.503846153846156,0.0339745182012848,0.014832831999999997,0.262654
7829,14.507692307692308,0.03378886509635974,0.014865940999999999,0.26471
7830,14.511538461538462,0.0339745182012848,0.014799722999999999,0.262654
7831,14.515384615384617,0.034160171306209845,0.014733504999999997,0.264196
7832,14.519230769230772,0.033850749464668095,0.014832831999999997,0.262654
7833,14.523076923076923,0.033850749464668095,0.014832831999999997,0.263168
7834,14.526923076923078,0.033850749464668095,0.014799722999999999,0.263682
7835,14.530769230769232,0.0340982869379015,0.014832831999999997,0.263168
7836,14.534615384615387,0.034160171306209845,0.014832831999999997,0.26471
7837,14.538461538461538,0.0339745182012848,0.014766613999999999,0.262654
7838,14.542307692307693,0.03378886509635974,0.014634177999999998,0.264196
7839,14.546153846153848,0.034036402569593144,0.014634177999999998,0.262654
7840,14.550000000000002,0.0342220556745182,0.014799722999999999,0.265224
7841,14.553846153846154,0.034036402569593144,0.014832831999999997,0.262654
7842,14.557692307692308,0.03378886509635974,0.014832831999999997,0.26471
7843,14.561538461538463,0.03391263383297644,0.014832831999999997,0.262654
7844,14.565384615384618,0.034160171306209845,0.014799722999999999,0.26471
7845,14.569230769230769,0.033850749464668095,0.014700396,0.262654
7846,14.573076923076924,0.03378886509635974,0.014733504999999997,0.264196
7847,14.576923076923078,0.033850749464668095,0.014799722999999999,0.263682
7848,14.580769230769233,0.0340982869379015,0.014799722999999999,0.264196
7849,14.584615384615384,0.0340982869379015,0.014733504999999997,0.264196
7850,14.588461538461539,0.03378886509635974,0.014832831999999997,0.263168
7851,14.592307692307694,0.033850749464668095,0.014899049999999999,0.264196
7852,14.596153846153848,0.034036402569593144,0.014865940999999999,0.262654
7853,14.6,0.034036402569593144,0.014799722999999999,0.26471
7854,14.603846153846154,0.0339745182012848,0.014799722999999999,0.263168
7855,14.607692307692309,0.03372698072805139,0.014799722999999999,0.265224
7856,14.611538461538464,0.03378886509635974,0.014733504999999997,0.262654
7857,14.615384615384615,0.034036402569593144,0.014733504999999997,0.264196
7858,14.61923076923077,0.033850749464668095,0.014832831999999997,0.262654
7859,14.623076923076924,0.033850749464668095,0.014865940999999999,0.263682
7860,14.62692307692308,0.03372698072805139,0.014832831999999997,0.264196
7861,14.63076923076923,0.03391263383297644,0.014766613999999999,0.263682
7862,14.634615384615385,0.0340982869379015,0.014733504999999997,0.264196
7863,14.63846153846154,0.03391263383297644,0.014634177999999998,0.262654
7864,14.642307692307694,0.03372698072805139,0.014634177999999998,0.264196
7865,14.646153846153846,0.03391263383297644,0.014733504999999997,0.262654
7866,14.65,0.034036402569593144,0.014766613999999999,0.26471
7867,14.653846153846155,0.0339745182012848,0.014700396,0.26214000000000004
7868,14.65769230769231,0.03366509635974304,0.014667286999999998,0.26471
7869,14.661538461538461,0.03378886509635974,0.014700396,0.262654
7870,14.665384615384616,0.034036402569593144,0.014733504999999997,0.265224
7871,14.66923076923077,0.03378886509635974,0.014700396,0.262654
7872,14.673076923076925,0.03378886509635974,0.014799722999999999,0.263682
7873,14.67692307692308,0.03372698072805139,0.014865940999999999,0.264196
7874,14.680769230769231,0.03391263383297644,0.014899049999999999,0.263682
7875,14.684615384615386,0.034036402569593144,0.014799722999999999,0.26471
7876,14.68846153846154,0.03391263383297644,0.014832831999999997,0.262654
7877,14.692307692307695,0.03366509635974304,0.014865940999999999,0.26471
7878,14.696153846153846,0.033850749464668095,0.014799722999999999,0.262654
7879,14.700000000000001,0.03391263383297644,0.014766613999999999,0.26471
7880,14.703846153846156,0.034036402569593144,0.014799722999999999,0.262654
7881,14.70769230769231,0.03378886509635974,0.014899049999999999,0.26471
7882,14.711538461538462,0.03366509635974304,0.014865940999999999,0.262654
7883,14.715384615384616,0.033850749464668095,0.014899049999999999,0.264196
7884,14.719230769230771,0.03391263383297644,0.014998377,0.262654
7885,14.723076923076926,0.033850749464668095,0.014932158999999997,0.263682
7886,14.726923076923077,0.03366509635974304,0.014832831999999997,0.263682
7887,14.730769230769232,0.033850749464668095,0.014832831999999997,0.263682
7888,14.734615384615386,0.034036402569593144,0.014865940999999999,0.264196
7889,14.738461538461541,0.0339745182012848,0.014832831999999997,0.263168
7890,14.742307692307692,0.03366509635974304,0.014832831999999997,0.263682
7891,14.746153846153847,0.03391263383297644,0.014932158999999997,0.263168
7892,14.750000000000002,0.0339745182012848,0.015031485999999998,0.26471
7893,14.753846153846156,0.03391263383297644,0.014998377,0.26214000000000004
7894,14.757692307692308,0.033603211991434685,0.014965267999999999,0.26471
7895,14.761538461538462,0.03366509635974304,0.014965267999999999,0.262654
7896,14.765384615384617,0.03391263383297644,0.014965267999999999,0.265224
7897,14.769230769230772,0.03366509635974304,0.014965267999999999,0.263682
7898,14.773076923076923,0.033603211991434685,0.014998377,0.265224
7899,14.776923076923078,0.03354132762312634,0.014965267999999999,0.262654
7900,14.780769230769232,0.033850749464668095,0.014932158999999997,0.264196
7901,14.784615384615387,0.03391263383297644,0.014832831999999997,0.264196
7902,14.788461538461538,0.03378886509635974,0.014965267999999999,0.264196
7903,14.792307692307693,0.033603211991434685,0.014965267999999999,0.263682
7904,14.796153846153848,0.033850749464668095,0.014965267999999999,0.264196
7905,14.800000000000002,0.03391263383297644,0.014932158999999997,0.264196
7906,14.803846153846154,0.03391263383297644,0.014932158999999997,0.262654
7907,14.807692307692308,0.03366509635974304,0.014899049999999999,0.265224
7908,14.811538461538463,0.03354132762312634,0.014832831999999997,0.262654
7909,14.815384615384618,0.03378886509635974,0.014766613999999999,0.26471
7910,14.819230769230769,0.033603211991434685,0.014733504999999997,0.263682
7911,14.823076923076924,0.03372698072805139,0.014766613999999999,0.26471
7912,14.826923076923078,0.033603211991434685,0.014799722999999999,0.263168
7913,14.830769230769233,0.03366509635974304,0.014932158999999997,0.263682
7914,14.834615384615384,0.03391263383297644,0.014965267999999999,0.263682
7915,14.838461538461539,0.03391263383297644,0.014899049999999999,0.263168
7916,14.842307692307694,0.03354132762312634,0.014865940999999999,0.263682
7917,14.846153846153848,0.03378886509635974,0.014932158999999997,0.263682
7918,14.85,0.03391263383297644,0.014932158999999997,0.26471
7919,14.853846153846154,0.033850749464668095,0.014899049999999999,0.262654
7920,14.857692307692309,0.033603211991434685,0.014965267999999999,0.26471
7921,14.861538461538464,0.033479443254817984,0.015031485999999998,0.262654
7922,14.865384615384615,0.033850749464668095,0.014965267999999999,0.265224
7923,14.86923076923077,0.033603211991434685,0.014998377,0.263682
7924,14.873076923076924,0.03354132762312634,0.015031485999999998,0.26471
7925,14.87692307692308,0.033479443254817984,0.015031485999999998,0.262654
7926,14.88076923076923,0.03366509635974304,0.014998377,0.26471
7927,14.884615384615385,0.033850749464668095,0.015031485999999998,0.263682
7928,14.88846153846154,0.033850749464668095,0.015163921999999998,0.263682
7929,14.892307692307694,0.033479443254817984,0.015163921999999998,0.263168
7930,14.896153846153846,0.03378886509635974,0.015097704,0.264196
7931,14.9,0.03378886509635974,0.015031485999999998,0.26471
7932,14.903846153846155,0.033850749464668095,0.015031485999999998,0.262654
7933,14.90769230769231,0.03372698072805139,0.014965267999999999,0.26471
7934,14.911538461538461,0.033479443254817984,0.014865940999999999,0.26214000000000004
7935,14.915384615384616,0.03366509635974304,0.014832831999999997,0.265224
7936,14.91923076923077,0.03372698072805139,0.014865940999999999,0.263682
7937,14.923076923076925,0.03372698072805139,0.014832831999999997,0.26471
7938,14.92692307692308,0.033479443254817984,0.014799722999999999,0.262654
7939,14.930769230769231,0.03354132762312634,0.014799722999999999,0.264196
7940,14.934615384615386,0.03372698072805139,0.014865940999999999,0.263682
7941,14.93846153846154,0.033850749464668095,0.014865940999999999,0.263168
7942,14.942307692307695,0.033479443254817984,0.014932158999999997,0.263168
7943,14.946153846153846,0.03366509635974304,0.014932158999999997,0.264196
7944,14.950000000000001,0.03372698072805139,0.014899049999999999,0.264196
7945,14.953846153846156,0.033850749464668095,0.014832831999999997,0.26214000000000004
7946,14.95769230769231,0.033479443254817984,0.014832831999999997,0.26471
7947,14.961538461538462,0.03341755888650963,0.014832831999999997,0.262654
7948,14.965384615384616,0.03354132762312634,0.014832831999999997,0.265224
7949,14.969230769230771,0.03372698072805139,0.014799722999999999,0.263168
7950,14.973076923076926,0.03366509635974304,0.014865940999999999,0.265224
7951,14.976923076923077,0.03354132762312634,0.014998377,0.263682
7952,14.980769230769232,0.033479443254817984,0.014998377,0.26471
7953,14.984615384615386,0.03372698072805139,0.014998377,0.263682
7954,14.988461538461541,0.03378886509635974,0.015097704,0.264196
7955,14.992307692307692,0.03354132762312634,0.015064594999999998,0.263168
7956,14.996153846153847,0.033479443254817984,0.014965267999999999,0.263682
7957,15.000000000000002,0.033603211991434685,0.014932158999999997,0.264196
7958,15.003846153846156,0.033850749464668095,0.015031485999999998,0.263168
7959,15.007692307692308,0.03366509635974304,0.015031485999999998,0.26471
7960,15.011538461538462,0.03341755888650963,0.014965267999999999,0.262654
7961,15.015384615384617,0.03354132762312634,0.014965267999999999,0.265224
7962,15.019230769230772,0.033603211991434685,0.014932158999999997,0.264196
7963,15.023076923076923,0.033603211991434685,0.014899049999999999,0.26471
7964,15.026923076923078,0.033479443254817984,0.014899049999999999,0.262654
7965,15.030769230769232,0.033479443254817984,0.014932158999999997,0.26471
7966,15.034615384615387,0.03366509635974304,0.014965267999999999,0.263168
7967,15.038461538461538,0.03378886509635974,0.014899049999999999,0.263682
7968,15.042307692307693,0.03341755888650963,0.014932158999999997,0.262654
7969,15.046153846153848,0.033479443254817984,0.014899049999999999,0.264196
7970,15.050000000000002,0.03366509635974304,0.014832831999999997,0.263682
7971,15.053846153846154,0.03378886509635974,0.014832831999999997,0.262654
7972,15.057692307692308,0.03354132762312634,0.014932158999999997,0.264196
7973,15.061538461538463,0.03341755888650963,0.015031485999999998,0.262654
7974,15.065384615384618,0.03354132762312634,0.014998377,0.265224
7975,15.069230769230769,0.03372698072805139,0.015031485999999998,0.263682
7976,15.073076923076924,0.03366509635974304,0.014965267999999999,0.26471
7977,15.076923076923078,0.03354132762312634,0.014965267999999999,0.262654
7978,15.080769230769233,0.03341755888650963,0.014899049999999999,0.265224
7979,15.084615384615384,0.03354132762312634,0.014899049999999999,0.262654
7980,15.088461538461539,0.03378886509635974,0.014998377,0.264196
7981,15.092307692307694,0.033479443254817984,0.014932158999999997,0.262654
7982,15.096153846153848,0.03335567451820128,0.014865940999999999,0.264196
7983,15.1,0.033479443254817984,0.014865940999999999,0.264196
7984,15.103846153846154,0.03366509635974304,0.014998377,0.263168
7985,15.107692307692309,0.03366509635974304,0.015031485999999998,0.26471
7986,15.111538461538464,0.03341755888650963,0.015064594999999998,0.262654
7987,15.115384615384615,0.03341755888650963,0.015064594999999998,0.26471
7988,15.11923076923077,0.03372698072805139,0.015031485999999998,0.263168
7989,15.123076923076924,0.03372698072805139,0.014998377,0.26471
7990,15.12692307692308,0.033479443254817984,0.015031485999999998,0.262654
7991,15.13076923076923,0.03341755888650963,0.015130812999999998,0.26471
7992,15.134615384615385,0.033603211991434685,0.015097704,0.262654
7993,15.13846153846154,0.03366509635974304,0.014998377,0.264196
7994,15.142307692307694,0.03335567451820128,0.015031485999999998,0.262654
7995,15.146153846153846,0.03335567451820128,0.015031485999999998,0.264196
7996,15.15,0.033479443254817984,0.014965267999999999,0.263682
7997,15.153846153846155,0.03366509635974304,0.014899049999999999,0.263168
7998,15.15769230769231,0.03341755888650963,0.014998377,0.263682
7999,15.161538461538461,0.03329379014989293,0.014965267999999999,0.263168
8000,15.165384615384616,0.03335567451820128,0.014899049999999999,0.26471
8001,15.16923076923077,0.03372698072805139,0.014965267999999999,0.263682
8002,15.173076923076925,0.03366509635974304,0.015064594999999998,0.26471
8003,15.17692307692308,0.033479443254817984,0.015130812999999998,0.262654
8004,15.180769230769231,0.03335567451820128,0.015031485999999998,0.26573800000000003
8005,15.184615384615386,0.033479443254817984,0.014998377,0.262654
8006,15.18846153846154,0.03372698072805139,0.015097704,0.26471
8007,15.192307692307695,0.03354132762312634,0.015097704,0.262654
8008,15.196153846153846,0.03329379014989293,0.015097704,0.264196
8009,15.200000000000001,0.03335567451820128,0.015097704,0.264196
8010,15.203846153846156,0.03366509635974304,0.015097704,0.263682
8011,15.20769230769231,0.033603211991434685,0.015064594999999998,0.263682
8012,15.211538461538462,0.03335567451820128,0.015064594999999998,0.262654
8013,15.215384615384616,0.03335567451820128,0.015130812999999998,0.264196
8014,15.219230769230771,0.033603211991434685,0.015130812999999998,0.264196
8015,15.223076923076926,0.033603211991434685,0.015097704,0.26471
8016,15.226923076923077,0.03341755888650963,0.015031485999999998,0.262654
8017,15.230769230769232,0.03329379014989293,0.014998377,0.26471
8018,15.234615384615386,0.03354132762312634,0.014899049999999999,0.262654
8019,15.238461538461541,0.03366509635974304,0.014832831999999997,0.264196
8020,15.242307692307692,0.03335567451820128,0.014865940999999999,0.262654
8021,15.246153846153847,0.03317002141327623,0.014899049999999999,0.264196
8022,15.250000000000002,0.03335567451820128,0.014865940999999999,0.263682
8023,15.253846153846156,0.03354132762312634,0.014865940999999999,0.263168
8024,15.257692307692308,0.03354132762312634,0.014932158999999997,0.263682
8025,15.261538461538462,0.03335567451820128,0.014899049999999999,0.263168
8026,15.265384615384617,0.03329379014989293,0.014832831999999997,0.264196
8027,15.269230769230772,0.033603211991434685,0.014832831999999997,0.263168
8028,15.273076923076923,0.03354132762312634,0.014799722999999999,0.26471
8029,15.276923076923078,0.03354132762312634,0.014832831999999997,0.262654
8030,15.280769230769232,0.03329379014989293,0.014799722999999999,0.265224
8031,15.284615384615387,0.03329379014989293,0.014832831999999997,0.262654
8032,15.288461538461538,0.03354132762312634,0.014899049999999999,0.26471
8033,15.292307692307693,0.03341755888650963,0.014799722999999999,0.262654
8034,15.296153846153848,0.03323190578158458,0.014799722999999999,0.26471
8035,15.300000000000002,0.03329379014989293,0.014865940999999999,0.263682
8036,15.303846153846154,0.03354132762312634,0.014965267999999999,0.264196
8037,15.307692307692308,0.03354132762312634,0.014899049999999999,0.263682
8038,15.311538461538463,0.03335567451820128,0.014965267999999999,0.263168
8039,15.315384615384618,0.03329379014989293,0.015031485999999998,0.264196
8040,15.319230769230769,0.033603211991434685,0.014998377,0.263682
8041,15.323076923076924,0.033603211991434685,0.014965267999999999,0.264196
8042,15.326923076923078,0.03341755888650963,0.014965267999999999,0.262654
8043,15.330769230769233,0.03323190578158458,0.015031485999999998,0.26471
8044,15.334615384615384,0.03329379014989293,0.014965267999999999,0.262654
8045,15.338461538461539,0.03354132762312634,0.014899049999999999,0.26471
8046,15.342307692307694,0.03335567451820128,0.014965267999999999,0.262654
8047,15.346153846153848,0.03323190578158458,0.014998377,0.26471
8048,15.35,0.03323190578158458,0.015064594999999998,0.263168
8049,15.353846153846154,0.033479443254817984,0.015064594999999998,0.263682
8050,15.357692307692309,0.03354132762312634,0.015163921999999998,0.263168
8051,15.361538461538464,0.03335567451820128,0.015130812999999998,0.263168
8052,15.365384615384615,0.03323190578158458,0.015031485999999998,0.264196
8053,15.36923076923077,0.03354132762312634,0.014998377,0.264196
8054,15.373076923076924,0.03354132762312634,0.014965267999999999,0.264196
8055,15.37692307692308,0.033479443254817984,0.014932158999999997,0.26214000000000004
8056,15.38076923076923,0.03317002141327623,0.014899049999999999,0.265224
8057,15.384615384615385,0.03323190578158458,0.014965267999999999,0.262654
8058,15.38846153846154,0.03354132762312634,0.015097704,0.265224
8059,15.392307692307694,0.03341755888650963,0.015064594999999998,0.262654
8060,15.396153846153846,0.03317002141327623,0.015064594999999998,0.26471
8061,15.4,0.03317002141327623,0.015097704,0.263168
8062,15.403846153846155,0.033479443254817984,0.015130812999999998,0.264196
8063,15.40769230769231,0.033479443254817984,0.015097704,0.263682
8064,15.411538461538465,0.03329379014989293,0.015130812999999998,0.263682
8065,15.415384615384616,0.03317002141327623,0.015163921999999998,0.264196
8066,15.41923076923077,0.03354132762312634,0.015097704,0.264196
8067,15.423076923076925,0.033479443254817984,0.015064594999999998,0.26471
8068,15.42692307692308,0.033479443254817984,0.015163921999999998,0.262654
8069,15.430769230769231,0.03310813704496787,0.015230139999999998,0.26471
8070,15.434615384615386,0.03317002141327623,0.015197031,0.262654
8071,15.43846153846154,0.033479443254817984,0.015097704,0.26471
8072,15.442307692307695,0.03341755888650963,0.015197031,0.262654
8073,15.446153846153846,0.03317002141327623,0.015197031,0.26471
8074,15.450000000000001,0.03310813704496787,0.015130812999999998,0.262654
8075,15.453846153846156,0.03329379014989293,0.015064594999999998,0.264196
8076,15.45769230769231,0.03354132762312634,0.015163921999999998,0.263168
8077,15.461538461538462,0.03341755888650963,0.015163921999999998,0.263682
8078,15.465384615384616,0.033046252676659525,0.015064594999999998,0.264196
8079,15.469230769230771,0.03341755888650963,0.015064594999999998,0.26471
8080,15.473076923076926,0.03341755888650963,0.015064594999999998,0.264196
8081,15.476923076923077,0.033479443254817984,0.015097704,0.262654
8082,15.480769230769232,0.03310813704496787,0.015064594999999998,0.26471
8083,15.484615384615386,0.03310813704496787,0.015064594999999998,0.262654
8084,15.488461538461541,0.03335567451820128,0.015130812999999998,0.26471
8085,15.492307692307692,0.03341755888650963,0.014998377,0.262654
8086,15.496153846153847,0.033046252676659525,0.014899049999999999,0.26471
8087,15.500000000000002,0.033046252676659525,0.014932158999999997,0.263168
8088,15.503846153846156,0.03323190578158458,0.014965267999999999,0.264196
8089,15.507692307692308,0.03341755888650963,0.014832831999999997,0.263168
8090,15.511538461538462,0.03317002141327623,0.014832831999999997,0.263682
8091,15.515384615384617,0.033046252676659525,0.014932158999999997,0.264196
8092,15.519230769230772,0.03341755888650963,0.014965267999999999,0.264196
8093,15.523076923076923,0.03341755888650963,0.014965267999999999,0.26471
8094,15.526923076923078,0.03341755888650963,0.014965267999999999,0.262654
8095,15.530769230769232,0.03323190578158458,0.015064594999999998,0.26471
8096,15.534615384615387,0.033046252676659525,0.015064594999999998,0.26214000000000004
8097,15.538461538461538,0.03317002141327623,0.015031485999999998,0.26471
8098,15.542307692307693,0.03341755888650963,0.015064594999999998,0.263168
8099,15.546153846153848,0.03317002141327623,0.015064594999999998,0.265224
8100,15.550000000000002,0.033046252676659525,0.014998377,0.262654
8101,15.553846153846154,0.033046252676659525,0.014932158999999997,0.263168
8102,15.557692307692308,0.03335567451820128,0.014965267999999999,0.263682
8103,15.561538461538463,0.03341755888650963,0.014932158999999997,0.263168
8104,15.565384615384618,0.03310813704496787,0.014899049999999999,0.264196
8105,15.569230769230769,0.03335567451820128,0.014998377,0.26471
8106,15.573076923076924,0.03341755888650963,0.014998377,0.264196
8107,15.576923076923078,0.03341755888650963,0.014965267999999999,0.262654
8108,15.580769230769233,0.03317002141327623,0.014865940999999999,0.265224
8109,15.584615384615384,0.033046252676659525,0.014899049999999999,0.262654
8110,15.588461538461539,0.03323190578158458,0.015031485999999998,0.265224
8111,15.592307692307694,0.03329379014989293,0.014965267999999999,0.262654
8112,15.596153846153848,0.03298436830835117,0.014965267999999999,0.26471
8113,15.6,0.032922483940042824,0.014899049999999999,0.262654
8114,15.603846153846154,0.033046252676659525,0.014865940999999999,0.264196
8115,15.607692307692309,0.03335567451820128,0.014832831999999997,0.263682
8116,15.611538461538464,0.03329379014989293,0.014799722999999999,0.263168
8117,15.615384615384615,0.03298436830835117,0.014799722999999999,0.263682
8118,15.61923076923077,0.03323190578158458,0.014700396,0.265224
8119,15.623076923076924,0.03323190578158458,0.014667286999999998,0.263682
8120,15.62692307692308,0.03335567451820128,0.014733504999999997,0.262654
8121,15.63076923076923,0.03317002141327623,0.014766613999999999,0.26471
8122,15.634615384615385,0.03298436830835117,0.014766613999999999,0.262654
8123,15.63846153846154,0.03317002141327623,0.014700396,0.26471
8124,15.642307692307694,0.03354132762312634,0.014832831999999997,0.263168
8125,15.646153846153846,0.03329379014989293,0.014799722999999999,0.26471
8126,15.65,0.033046252676659525,0.014733504999999997,0.26214000000000004
8127,15.653846153846155,0.03317002141327623,0.014766613999999999,0.264196
8128,15.65769230769231,0.033479443254817984,0.014899049999999999,0.262654
8129,15.661538461538465,0.033603211991434685,0.014932158999999997,0.263682
8130,15.665384615384616,0.03323190578158458,0.014865940999999999,0.263168
8131,15.66923076923077,0.033479443254817984,0.014965267999999999,0.26471
8132,15.673076923076925,0.033479443254817984,0.014932158999999997,0.263682
8133,15.67692307692308,0.03354132762312634,0.014865940999999999,0.262654
8134,15.680769230769231,0.03329379014989293,0.014832831999999997,0.26471
8135,15.684615384615386,0.03317002141327623,0.014899049999999999,0.262654
8136,15.68846153846154,0.03329379014989293,0.014998377,0.265224
8137,15.692307692307695,0.033479443254817984,0.014932158999999997,0.262654
8138,15.696153846153846,0.03317002141327623,0.014965267999999999,0.264196
8139,15.700000000000001,0.03310813704496787,0.014965267999999999,0.262654
8140,15.703846153846156,0.03310813704496787,0.014965267999999999,0.26471
8141,15.70769230769231,0.03341755888650963,0.014932158999999997,0.263168
8142,15.711538461538462,0.033479443254817984,0.015031485999999998,0.264196
8143,15.715384615384616,0.03323190578158458,0.015064594999999998,0.263682
8144,15.719230769230771,0.03335567451820128,0.014932158999999997,0.265224
8145,15.723076923076926,0.03329379014989293,0.014865940999999999,0.263682
8146,15.726923076923077,0.03341755888650963,0.014899049999999999,0.263168
8147,15.730769230769232,0.03323190578158458,0.014832831999999997,0.26471
8148,15.734615384615386,0.03298436830835117,0.014766613999999999,0.26214000000000004
8149,15.738461538461541,0.032922483940042824,0.014733504999999997,0.265224
8150,15.742307692307692,0.033479443254817984,0.014865940999999999,0.263682
8151,15.746153846153847,0.03335567451820128,0.014865940999999999,0.26471
8152,15.750000000000002,0.03310813704496787,0.014799722999999999,0.262654
8153,15.753846153846156,0.03298436830835117,0.014733504999999997,0.264196
8154,15.757692307692308,0.03335567451820128,0.014799722999999999,0.262654
8155,15.761538461538462,0.033479443254817984,0.014799722999999999,0.263682
8156,15.765384615384617,0.03335567451820128,0.014766613999999999,0.263682
8157,15.769230769230772,0.03329379014989293,0.014899049999999999,0.26471
8158,15.773076923076923,0.03335567451820128,0.014932158999999997,0.264196
8159,15.776923076923078,0.033603211991434685,0.014899049999999999,0.262654
8160,15.780769230769232,0.03341755888650963,0.014899049999999999,0.26471
8161,15.784615384615387,0.03323190578158458,0.014998377,0.262654
8162,15.788461538461538,0.03329379014989293,0.015031485999999998,0.26471
8163,15.792307692307693,0.03354132762312634,0.014965267999999999,0.263168
8164,15.796153846153848,0.03329379014989293,0.015031485999999998,0.26471
8165,15.800000000000002,0.03323190578158458,0.015031485999999998,0.262654
8166,15.803846153846154,0.03310813704496787,0.014998377,0.26471
8167,15.807692307692308,0.03329379014989293,0.014865940999999999,0.262654
8168,15.811538461538463,0.03329379014989293,0.014799722999999999,0.264196
8169,15.815384615384618,0.03317002141327623,0.014832831999999997,0.263168
8170,15.819230769230769,0.03317002141327623,0.014799722999999999,0.26471
8171,15.823076923076924,0.03310813704496787,0.014766613999999999,0.263682
8172,15.826923076923078,0.03335567451820128,0.014865940999999999,0.263168
8173,15.830769230769233,0.03354132762312634,0.014965267999999999,0.26471
8174,15.834615384615384,0.03335567451820128,0.014932158999999997,0.262654
8175,15.838461538461539,0.03310813704496787,0.014899049999999999,0.265224
8176,15.842307692307694,0.033479443254817984,0.014998377,0.263168
8177,15.846153846153848,0.033479443254817984,0.014998377,0.26471
8178,15.85,0.03329379014989293,0.014932158999999997,0.262654
8179,15.853846153846154,0.03310813704496787,0.014899049999999999,0.264196
8180,15.857692307692309,0.03317002141327623,0.014998377,0.263168
8181,15.861538461538464,0.03335567451820128,0.014965267999999999,0.263168
8182,15.865384615384615,0.03329379014989293,0.014865940999999999,0.264196
8183,15.86923076923077,0.033046252676659525,0.014965267999999999,0.26471
8184,15.873076923076924,0.03298436830835117,0.014965267999999999,0.264196
8185,15.87692307692308,0.03310813704496787,0.014865940999999999,0.26214000000000004
8186,15.88076923076923,0.03329379014989293,0.014799722999999999,0.26471
8187,15.884615384615385,0.03323190578158458,0.014832831999999997,0.262654
8188,15.88846153846154,0.03298436830835117,0.014965267999999999,0.265224
